election_id,polling_location_id,polling_location_name,polling_location_address_raw,polling_location_address_standardized,polling_location_lat,polling_location_lon,polling_location_source,polling_location_source_url,polling_location_source_date,polling_location_geocode_method,polling_location_geocode_provider,polling_location_geocode_confidence,polling_location_license,polling_location_notes,source_polling_code,source_voter_count
municipal_2023_mayor,municipal_2023_mayor__01001,Msgr. John Corrigan Catholic School,100 Royalcrest Rd,100 Royalcrest Rd,43.75157005,-79.60501369,Open Toronto Elections Voting Locations,https://open.toronto.ca/dataset/elections-voting-locations/,2026-02-20,official_open_toronto_point,,verified_official_point,Open Government Licence - Toronto,"Processed polling_division_name comes from Toronto voter-statistics voting-place labels for ordinary rows, but no verified address or coordinate field is present in the repository.",01001,1842
municipal_2023_mayor,municipal_2023_mayor__01002,John D Parker Public School,202 Mount Olive Dr,202 Mount Olive Dr,43.75335791,-79.59644552,Open Toronto Elections Voting Locations,https://open.toronto.ca/dataset/elections-voting-locations/,2026-02-20,official_open_toronto_point,,verified_official_point,Open Government Licence - Toronto,"Processed polling_division_name comes from Toronto voter-statistics voting-place labels for ordinary rows, but no verified address or coordinate field is present in the repository.",01002,1761
municipal_2023_mayor,municipal_2023_mayor__01003,St. Angela Catholic School,220 Mount Olive Dr,220 Mount Olive Dr,43.75452150,-79.59690284,Open Toronto Elections Voting Locations,https://open.toronto.ca/dataset/elections-voting-locations/,2026-02-20,official_open_toronto_point,,verified_official_point,Open Government Licence - Toronto,"Processed polling_division_name comes from Toronto voter-statistics voting-place labels for ordinary rows, but no verified address or coordinate field is present in the repository.",01003,1371
municipal_2023_mayor,municipal_2023_mayor__01005,"North Kipling Junior Middle School, North Kipling Community Centre",2 Rowntree Rd,2 Rowntree Rd,43.75209190,-79.58447199,Open Toronto Elections Voting Locations,https://open.toronto.ca/dataset/elections-voting-locations/,2026-02-20,official_open_toronto_point,,verified_official_point,Open Government Licence - Toronto,"Processed polling_division_name comes from Toronto voter-statistics voting-place labels for ordinary rows, but no verified address or coordinate field is present in the repository.",01005,3515
municipal_2023_mayor,municipal_2023_mayor__01006,Smithfield Public School,175 Mount Olive Dr,175 Mount Olive Dr,43.75001113,-79.59575188,Open Toronto Elections Voting Locations,https://open.toronto.ca/dataset/elections-voting-locations/,2026-02-20,official_open_toronto_point,,verified_official_point,Open Government Licence - Toronto,"Processed polling_division_name comes from Toronto voter-statistics voting-place labels for ordinary rows, but no verified address or coordinate field is present in the repository.",01006,2159
municipal_2023_mayor,municipal_2023_mayor__01007,Claireville Public School,350 Silverstone Dr,350 Silverstone Dr,43.74801140,-79.59910072,Open Toronto Elections Voting Locations,https://open.toronto.ca/dataset/elections-voting-locations/,2026-02-20,official_open_toronto_point,,verified_official_point,Open Government Licence - Toronto,"Processed polling_division_name comes from Toronto voter-statistics voting-place labels for ordinary rows, but no verified address or coordinate field is present in the repository.",01007,2159
municipal_2023_mayor,municipal_2023_mayor__01008,None,1 Rowntree Rd,1 Rowntree Rd,43.75119786,-79.58285737,Open Toronto Elections Voting Locations,https://open.toronto.ca/dataset/elections-voting-locations/,2026-02-20,official_open_toronto_point,,verified_official_point,Open Government Licence - Toronto,"Processed polling_division_name comes from Toronto voter-statistics voting-place labels for ordinary rows, but no verified address or coordinate field is present in the repository.",01008,419
municipal_2023_mayor,municipal_2023_mayor__01009,None,3 Rowntree Rd,3 Rowntree Rd,43.75040924,-79.58173421,Open Toronto Elections Voting Locations,https://open.toronto.ca/dataset/elections-voting-locations/,2026-02-20,official_open_toronto_point,,verified_official_point,Open Government Licence - Toronto,"Processed polling_division_name comes from Toronto voter-statistics voting-place labels for ordinary rows, but no verified address or coordinate field is present in the repository.",01009,492
municipal_2023_mayor,municipal_2023_mayor__01010,None,5 Rowntree Rd,5 Rowntree Rd,43.74952079,-79.58077895,Open Toronto Elections Voting Locations,https://open.toronto.ca/dataset/elections-voting-locations/,2026-02-20,official_open_toronto_point,,verified_official_point,Open Government Licence - Toronto,"Processed polling_division_name comes from Toronto voter-statistics voting-place labels for ordinary rows, but no verified address or coordinate field is present in the repository.",01010,519
municipal_2023_mayor,municipal_2023_mayor__01011,St. Andrew Catholic School,2533 Kipling Ave,2533 Kipling Ave,43.74493114,-79.58238178,Open Toronto Elections Voting Locations,https://open.toronto.ca/dataset/elections-voting-locations/,2026-02-20,official_open_toronto_point,,verified_official_point,Open Government Licence - Toronto,"Processed polling_division_name comes from Toronto voter-statistics voting-place labels for ordinary rows, but no verified address or coordinate field is present in the repository.",01011,2566
municipal_2023_mayor,municipal_2023_mayor__01012,Highfield Public School,85 Mount Olive Dr,85 Mount Olive Dr,43.74589205,-79.58914517,Open Toronto Elections Voting Locations,https://open.toronto.ca/dataset/elections-voting-locations/,2026-02-20,official_open_toronto_point,,verified_official_point,Open Government Licence - Toronto,"Processed polling_division_name comes from Toronto voter-statistics voting-place labels for ordinary rows, but no verified address or coordinate field is present in the repository.",01012,3239
municipal_2023_mayor,municipal_2023_mayor__01013,Melody Village Public School,520 Silverstone Dr,520 Silverstone Dr,43.73813475,-79.59484258,Open Toronto Elections Voting Locations,https://open.toronto.ca/dataset/elections-voting-locations/,2026-02-20,official_open_toronto_point,,verified_official_point,Open Government Licence - Toronto,"Processed polling_division_name comes from Toronto voter-statistics voting-place labels for ordinary rows, but no verified address or coordinate field is present in the repository.",01013,1849
municipal_2023_mayor,municipal_2023_mayor__01014,Beaumonde Heights Public School,70 Monterrey Dr,70 Monterrey Dr,43.74260356,-79.57475519,Open Toronto Elections Voting Locations,https://open.toronto.ca/dataset/elections-voting-locations/,2026-02-20,official_open_toronto_point,,verified_official_point,Open Government Licence - Toronto,"Processed polling_division_name comes from Toronto voter-statistics voting-place labels for ordinary rows, but no verified address or coordinate field is present in the repository.",01014,1852
municipal_2023_mayor,municipal_2023_mayor__01015,Our Saviour Thistledown Lutheran Lodge,2715 Islington Ave,2715 Islington Ave,43.74166510,-79.56639533,Open Toronto Elections Voting Locations,https://open.toronto.ca/dataset/elections-voting-locations/,2026-02-20,official_open_toronto_point,,verified_official_point,Open Government Licence - Toronto,"Processed polling_division_name comes from Toronto voter-statistics voting-place labels for ordinary rows, but no verified address or coordinate field is present in the repository.",01015,937
municipal_2023_mayor,municipal_2023_mayor__01016,Rowntree Manor,2765 Islington Ave,2765 Islington Ave,43.74356632,-79.56698808,Open Toronto Elections Voting Locations,https://open.toronto.ca/dataset/elections-voting-locations/,2026-02-20,official_open_toronto_point,,verified_official_point,Open Government Licence - Toronto,"Processed polling_division_name comes from Toronto voter-statistics voting-place labels for ordinary rows, but no verified address or coordinate field is present in the repository.",01016,448
municipal_2023_mayor,municipal_2023_mayor__01017,St. John Vianney Catholic School,105 Thistle Down Blvd,105 Thistle Down Blvd,43.73806084,-79.55395374,Open Toronto Elections Voting Locations,https://open.toronto.ca/dataset/elections-voting-locations/,2026-02-20,official_open_toronto_point,,verified_official_point,Open Government Licence - Toronto,"Processed polling_division_name comes from Toronto voter-statistics voting-place labels for ordinary rows, but no verified address or coordinate field is present in the repository.",01017,1841
municipal_2023_mayor,municipal_2023_mayor__01018,Village Green Park,925 Albion Rd,925 Albion Rd,43.73547048,-79.56258034,Open Toronto Elections Voting Locations,https://open.toronto.ca/dataset/elections-voting-locations/,2026-02-20,official_open_toronto_point,,verified_official_point,Open Government Licence - Toronto,"Processed polling_division_name comes from Toronto voter-statistics voting-place labels for ordinary rows, but no verified address or coordinate field is present in the repository.",01018,961
municipal_2023_mayor,municipal_2023_mayor__01019,Central Park Lodge,1145 Albion Rd,1145 Albion Rd,43.73729125,-79.56775849,Open Toronto Elections Voting Locations,https://open.toronto.ca/dataset/elections-voting-locations/,2026-02-20,official_open_toronto_point,,verified_official_point,Open Government Licence - Toronto,"Processed polling_division_name comes from Toronto voter-statistics voting-place labels for ordinary rows, but no verified address or coordinate field is present in the repository.",01019,75
municipal_2023_mayor,municipal_2023_mayor__01021,Greenholme Public School,10 Jamestown Cres,10 Jamestown Cres,43.73507154,-79.58290811,Open Toronto Elections Voting Locations,https://open.toronto.ca/dataset/elections-voting-locations/,2026-02-20,official_open_toronto_point,,verified_official_point,Open Government Licence - Toronto,"Processed polling_division_name comes from Toronto voter-statistics voting-place labels for ordinary rows, but no verified address or coordinate field is present in the repository.",01021,3143
municipal_2023_mayor,municipal_2023_mayor__01022,Elmbank Middle School - Building Grounds,10 Pittsboro Dr,10 Pittsboro Dr,43.73650190,-79.59004707,Open Toronto Elections Voting Locations,https://open.toronto.ca/dataset/elections-voting-locations/,2026-02-20,official_open_toronto_point,,verified_official_point,Open Government Licence - Toronto,"Processed polling_division_name comes from Toronto voter-statistics voting-place labels for ordinary rows, but no verified address or coordinate field is present in the repository.",01022,2193
municipal_2023_mayor,municipal_2023_mayor__01023,St. Dorothy Catholic School,155 John Garland Blvd,155 John Garland Blvd,43.73149270,-79.59173973,Open Toronto Elections Voting Locations,https://open.toronto.ca/dataset/elections-voting-locations/,2026-02-20,official_open_toronto_point,,verified_official_point,Open Government Licence - Toronto,"Processed polling_division_name comes from Toronto voter-statistics voting-place labels for ordinary rows, but no verified address or coordinate field is present in the repository.",01023,1063
municipal_2023_mayor,municipal_2023_mayor__01024,Albion Heights Public School,45 Lynmont Rd,45 Lynmont Rd,43.73138826,-79.59431550,Open Toronto Elections Voting Locations,https://open.toronto.ca/dataset/elections-voting-locations/,2026-02-20,official_open_toronto_point,,verified_official_point,Open Government Licence - Toronto,"Processed polling_division_name comes from Toronto voter-statistics voting-place labels for ordinary rows, but no verified address or coordinate field is present in the repository.",01024,1871
municipal_2023_mayor,municipal_2023_mayor__01025,None,88 Humber College Blvd,88 Humber College Blvd,43.73172626,-79.59865062,Open Toronto Elections Voting Locations,https://open.toronto.ca/dataset/elections-voting-locations/,2026-02-20,official_open_toronto_point,,verified_official_point,Open Government Licence - Toronto,"Processed polling_division_name comes from Toronto voter-statistics voting-place labels for ordinary rows, but no verified address or coordinate field is present in the repository.",01025,147
municipal_2023_mayor,municipal_2023_mayor__01026,Versa Care Centre,95 Humber College Blvd,95 Humber College Blvd,43.72721686,-79.59659705,Open Toronto Elections Voting Locations,https://open.toronto.ca/dataset/elections-voting-locations/,2026-02-20,official_open_toronto_point,,verified_official_point,Open Government Licence - Toronto,"Processed polling_division_name comes from Toronto voter-statistics voting-place labels for ordinary rows, but no verified address or coordinate field is present in the repository.",01026,164
municipal_2023_mayor,municipal_2023_mayor__01027,Humber College Athletic Centre,205 Humber College Blvd,205 Humber College Blvd,43.72916655,-79.60683986,Open Toronto Elections Voting Locations,https://open.toronto.ca/dataset/elections-voting-locations/,2026-02-20,official_open_toronto_point,,verified_official_point,Open Government Licence - Toronto,"Processed polling_division_name comes from Toronto voter-statistics voting-place labels for ordinary rows, but no verified address or coordinate field is present in the repository.",01027,3472
municipal_2023_mayor,municipal_2023_mayor__01028,King's Terrace,6 Humberline Dr,6 Humberline Dr,43.73071225,-79.61089430,Open Toronto Elections Voting Locations,https://open.toronto.ca/dataset/elections-voting-locations/,2026-02-20,official_open_toronto_point,,verified_official_point,Open Government Licence - Toronto,"Processed polling_division_name comes from Toronto voter-statistics voting-place labels for ordinary rows, but no verified address or coordinate field is present in the repository.",01028,354
municipal_2023_mayor,municipal_2023_mayor__01029,Humberline Place,10 Humberline Dr,10 Humberline Dr,43.73123975,-79.61180158,Open Toronto Elections Voting Locations,https://open.toronto.ca/dataset/elections-voting-locations/,2026-02-20,official_open_toronto_point,,verified_official_point,Open Government Licence - Toronto,"Processed polling_division_name comes from Toronto voter-statistics voting-place labels for ordinary rows, but no verified address or coordinate field is present in the repository.",01029,349
municipal_2023_mayor,municipal_2023_mayor__01030,None,20 Humberline Dr,20 Humberline Dr,43.73172772,-79.61406241,Open Toronto Elections Voting Locations,https://open.toronto.ca/dataset/elections-voting-locations/,2026-02-20,official_open_toronto_point,,verified_official_point,Open Government Licence - Toronto,"Processed polling_division_name comes from Toronto voter-statistics voting-place labels for ordinary rows, but no verified address or coordinate field is present in the repository.",01030,466
municipal_2023_mayor,municipal_2023_mayor__01031,Leisureworld,70 Humberline Dr,70 Humberline Dr,43.73192802,-79.61738192,Open Toronto Elections Voting Locations,https://open.toronto.ca/dataset/elections-voting-locations/,2026-02-20,official_open_toronto_point,,verified_official_point,Open Government Licence - Toronto,"Processed polling_division_name comes from Toronto voter-statistics voting-place labels for ordinary rows, but no verified address or coordinate field is present in the repository.",01031,114
municipal_2023_mayor,municipal_2023_mayor__01032,Humberwood Park,850 Humberwood Blvd,850 Humberwood Blvd,43.72888587,-79.61918187,Open Toronto Elections Voting Locations,https://open.toronto.ca/dataset/elections-voting-locations/,2026-02-20,official_open_toronto_point,,verified_official_point,Open Government Licence - Toronto,"Processed polling_division_name comes from Toronto voter-statistics voting-place labels for ordinary rows, but no verified address or coordinate field is present in the repository.",01032,3301
municipal_2023_mayor,municipal_2023_mayor__01033,Mansions of Humberwood,710 Humberwood Blvd,710 Humberwood Blvd,43.72479029,-79.61670930,Open Toronto Elections Voting Locations,https://open.toronto.ca/dataset/elections-voting-locations/,2026-02-20,official_open_toronto_point,,verified_official_point,Open Government Licence - Toronto,"Processed polling_division_name comes from Toronto voter-statistics voting-place labels for ordinary rows, but no verified address or coordinate field is present in the repository.",01033,1555
municipal_2023_mayor,municipal_2023_mayor__01034,Ascot Co-op,920 Queen's Plate Dr,920 Queen's Plate Dr,43.72000479,-79.60404879,Open Toronto Elections Voting Locations,https://open.toronto.ca/dataset/elections-voting-locations/,2026-02-20,official_open_toronto_point,,verified_official_point,Open Government Licence - Toronto,"Processed polling_division_name comes from Toronto voter-statistics voting-place labels for ordinary rows, but no verified address or coordinate field is present in the repository.",01034,1980
municipal_2023_mayor,municipal_2023_mayor__01035,Martin Grove United Church,75 Pergola Rd,75 Pergola Rd,43.72569941,-79.58705318,Open Toronto Elections Voting Locations,https://open.toronto.ca/dataset/elections-voting-locations/,2026-02-20,official_open_toronto_point,,verified_official_point,Open Government Licence - Toronto,"Processed polling_division_name comes from Toronto voter-statistics voting-place labels for ordinary rows, but no verified address or coordinate field is present in the repository.",01035,1825
municipal_2023_mayor,municipal_2023_mayor__01036,West Humber Junior Public School,15 Delsing Dr,15 Delsing Dr,43.72375498,-79.58070268,Open Toronto Elections Voting Locations,https://open.toronto.ca/dataset/elections-voting-locations/,2026-02-20,official_open_toronto_point,,verified_official_point,Open Government Licence - Toronto,"Processed polling_division_name comes from Toronto voter-statistics voting-place labels for ordinary rows, but no verified address or coordinate field is present in the repository.",01036,1735
municipal_2023_mayor,municipal_2023_mayor__01037,Msgr. Percy Johnson Catholic High School,2170 Kipling Ave,2170 Kipling Ave,43.72069467,-79.57201687,Open Toronto Elections Voting Locations,https://open.toronto.ca/dataset/elections-voting-locations/,2026-02-20,official_open_toronto_point,,verified_official_point,Open Government Licence - Toronto,"Processed polling_division_name comes from Toronto voter-statistics voting-place labels for ordinary rows, but no verified address or coordinate field is present in the repository.",01037,2014
municipal_2023_mayor,municipal_2023_mayor__01038,Kipling Acres,2233 Kipling Ave,2233 Kipling Ave,43.72513512,-79.57199825,Open Toronto Elections Voting Locations,https://open.toronto.ca/dataset/elections-voting-locations/,2026-02-20,official_open_toronto_point,,verified_official_point,Open Government Licence - Toronto,"Processed polling_division_name comes from Toronto voter-statistics voting-place labels for ordinary rows, but no verified address or coordinate field is present in the repository.",01038,200
municipal_2023_mayor,municipal_2023_mayor__01039,West Acres Senior Centre - Building Grounds,65 Hinton Rd,65 Hinton Rd,43.72527847,-79.57165683,Open Toronto Elections Voting Locations,https://open.toronto.ca/dataset/elections-voting-locations/,2026-02-20,official_open_toronto_point,,verified_official_point,Open Government Licence - Toronto,"Processed polling_division_name comes from Toronto voter-statistics voting-place labels for ordinary rows, but no verified address or coordinate field is present in the repository.",01039,1004
municipal_2023_mayor,municipal_2023_mayor__01040,Rivercrest Public School - Building Grounds,30 Harefield Dr,30 Harefield Dr,43.72971618,-79.56951774,Open Toronto Elections Voting Locations,https://open.toronto.ca/dataset/elections-voting-locations/,2026-02-20,official_open_toronto_point,,verified_official_point,Open Government Licence - Toronto,"Processed polling_division_name comes from Toronto voter-statistics voting-place labels for ordinary rows, but no verified address or coordinate field is present in the repository.",01040,2062
municipal_2023_mayor,municipal_2023_mayor__01041,Thistletown Collegiate Institute,20 Fordwich Cres,20 Fordwich Cres,43.72772656,-79.56245265,Open Toronto Elections Voting Locations,https://open.toronto.ca/dataset/elections-voting-locations/,2026-02-20,official_open_toronto_point,,verified_official_point,Open Government Licence - Toronto,"Processed polling_division_name comes from Toronto voter-statistics voting-place labels for ordinary rows, but no verified address or coordinate field is present in the repository.",01041,1142
municipal_2023_mayor,municipal_2023_mayor__01042,Braeburn Public School,15 Tandridge Cres,15 Tandridge Cres,43.72802983,-79.54886381,Open Toronto Elections Voting Locations,https://open.toronto.ca/dataset/elections-voting-locations/,2026-02-20,official_open_toronto_point,,verified_official_point,Open Government Licence - Toronto,"Processed polling_division_name comes from Toronto voter-statistics voting-place labels for ordinary rows, but no verified address or coordinate field is present in the repository.",01042,1597
municipal_2023_mayor,municipal_2023_mayor__01047,The Elms Pool And Community School - Building Grounds,45 Golfdown Dr,45 Golfdown Dr,43.72222730,-79.55211379,Open Toronto Elections Voting Locations,https://open.toronto.ca/dataset/elections-voting-locations/,2026-02-20,official_open_toronto_point,,verified_official_point,Open Government Licence - Toronto,"Processed polling_division_name comes from Toronto voter-statistics voting-place labels for ordinary rows, but no verified address or coordinate field is present in the repository.",01047,2913
municipal_2023_mayor,municipal_2023_mayor__01048,Mississauga Private School,30 Barrhead Cres,30 Barrhead Cres,43.71931323,-79.56655219,Open Toronto Elections Voting Locations,https://open.toronto.ca/dataset/elections-voting-locations/,2026-02-20,official_open_toronto_point,,verified_official_point,Open Government Licence - Toronto,"Processed polling_division_name comes from Toronto voter-statistics voting-place labels for ordinary rows, but no verified address or coordinate field is present in the repository.",01048,2275
municipal_2023_mayor,municipal_2023_mayor__01049,Rexdale Presbyterian Church,2314 Islington Ave,2314 Islington Ave,43.71629121,-79.55625405,Open Toronto Elections Voting Locations,https://open.toronto.ca/dataset/elections-voting-locations/,2026-02-20,official_open_toronto_point,,verified_official_point,Open Government Licence - Toronto,"Processed polling_division_name comes from Toronto voter-statistics voting-place labels for ordinary rows, but no verified address or coordinate field is present in the repository.",01049,2222
municipal_2023_mayor,municipal_2023_mayor__01051,Elmlea Public School,50 Hadrian Dr,50 Hadrian Dr,43.71593862,-79.54987020,Open Toronto Elections Voting Locations,https://open.toronto.ca/dataset/elections-voting-locations/,2026-02-20,official_open_toronto_point,,verified_official_point,Open Government Licence - Toronto,"Processed polling_division_name comes from Toronto voter-statistics voting-place labels for ordinary rows, but no verified address or coordinate field is present in the repository.",01051,2341
municipal_2023_mayor,municipal_2023_mayor__01052,School Of Experiential Education,40 McArthur St,40 McArthur St,43.70163502,-79.54639098,Open Toronto Elections Voting Locations,https://open.toronto.ca/dataset/elections-voting-locations/,2026-02-20,official_open_toronto_point,,verified_official_point,Open Government Licence - Toronto,"Processed polling_division_name comes from Toronto voter-statistics voting-place labels for ordinary rows, but no verified address or coordinate field is present in the repository.",01052,3297
municipal_2023_mayor,municipal_2023_mayor__01053,Dante Alighieri Academy,2 St Andrews Blvd,2 St Andrews Blvd,43.70166600,-79.55005616,Open Toronto Elections Voting Locations,https://open.toronto.ca/dataset/elections-voting-locations/,2026-02-20,official_open_toronto_point,,verified_official_point,Open Government Licence - Toronto,"Processed polling_division_name comes from Toronto voter-statistics voting-place labels for ordinary rows, but no verified address or coordinate field is present in the repository.",01053,1265
municipal_2023_mayor,municipal_2023_mayor__01054,St. Maurice Catholic School,45 Kingsview Blvd,45 Kingsview Blvd,43.69781276,-79.55393287,Open Toronto Elections Voting Locations,https://open.toronto.ca/dataset/elections-voting-locations/,2026-02-20,official_open_toronto_point,,verified_official_point,Open Government Licence - Toronto,"Processed polling_division_name comes from Toronto voter-statistics voting-place labels for ordinary rows, but no verified address or coordinate field is present in the repository.",01054,2810
municipal_2023_mayor,municipal_2023_mayor__01055,Kingsview Village Public School,1 York Rd,1 York Rd,43.69786666,-79.55078913,Open Toronto Elections Voting Locations,https://open.toronto.ca/dataset/elections-voting-locations/,2026-02-20,official_open_toronto_point,,verified_official_point,Open Government Licence - Toronto,"Processed polling_division_name comes from Toronto voter-statistics voting-place labels for ordinary rows, but no verified address or coordinate field is present in the repository.",01055,2493
municipal_2023_mayor,municipal_2023_mayor__01056,None,2000 Islington Ave,2000 Islington Ave,43.69732551,-79.54850630,Open Toronto Elections Voting Locations,https://open.toronto.ca/dataset/elections-voting-locations/,2026-02-20,official_open_toronto_point,,verified_official_point,Open Government Licence - Toronto,"Processed polling_division_name comes from Toronto voter-statistics voting-place labels for ordinary rows, but no verified address or coordinate field is present in the repository.",01056,497
municipal_2023_mayor,municipal_2023_mayor__01057,Parkfield Junior Public School,31 Redgrave Dr,31 Redgrave Dr,43.68228778,-79.56975785,Open Toronto Elections Voting Locations,https://open.toronto.ca/dataset/elections-voting-locations/,2026-02-20,official_open_toronto_point,,verified_official_point,Open Government Licence - Toronto,"Processed polling_division_name comes from Toronto voter-statistics voting-place labels for ordinary rows, but no verified address or coordinate field is present in the repository.",01057,2707
municipal_2023_mayor,municipal_2023_mayor__01059,None,620 Martin Grove Rd,620 Martin Grove Rd,43.67515317,-79.56514659,Open Toronto Elections Voting Locations,https://open.toronto.ca/dataset/elections-voting-locations/,2026-02-20,official_open_toronto_point,,verified_official_point,Open Government Licence - Toronto,"Processed polling_division_name comes from Toronto voter-statistics voting-place labels for ordinary rows, but no verified address or coordinate field is present in the repository.",01059,1107
municipal_2023_mayor,municipal_2023_mayor__01060,None,22 Willowridge Rd,22 Willowridge Rd,43.67495469,-79.56938802,Open Toronto Elections Voting Locations,https://open.toronto.ca/dataset/elections-voting-locations/,2026-02-20,official_open_toronto_point,,verified_official_point,Open Government Licence - Toronto,"Processed polling_division_name comes from Toronto voter-statistics voting-place labels for ordinary rows, but no verified address or coordinate field is present in the repository.",01060,1108
municipal_2023_mayor,municipal_2023_mayor__02001,Transfiguration Catholic School,55 Ludstone Dr,55 Ludstone Dr,43.69152126,-79.56287073,Open Toronto Elections Voting Locations,https://open.toronto.ca/dataset/elections-voting-locations/,2026-02-20,official_open_toronto_point,,verified_official_point,Open Government Licence - Toronto,"Processed polling_division_name comes from Toronto voter-statistics voting-place labels for ordinary rows, but no verified address or coordinate field is present in the repository.",02001,1229
municipal_2023_mayor,municipal_2023_mayor__02002,Kipling Collegiate Institute,380 The Westway,380 The Westway,43.68528812,-79.56235372,Open Toronto Elections Voting Locations,https://open.toronto.ca/dataset/elections-voting-locations/,2026-02-20,official_open_toronto_point,,verified_official_point,Open Government Licence - Toronto,"Processed polling_division_name comes from Toronto voter-statistics voting-place labels for ordinary rows, but no verified address or coordinate field is present in the repository.",02002,2332
municipal_2023_mayor,municipal_2023_mayor__02003,Dixon Grove Junior Middle School,315 The Westway,315 The Westway,43.68500659,-79.55597769,Open Toronto Elections Voting Locations,https://open.toronto.ca/dataset/elections-voting-locations/,2026-02-20,official_open_toronto_point,,verified_official_point,Open Government Licence - Toronto,"Processed polling_division_name comes from Toronto voter-statistics voting-place labels for ordinary rows, but no verified address or coordinate field is present in the repository.",02003,1462
municipal_2023_mayor,municipal_2023_mayor__02004,Westway United Church,8 Templar Dr,8 Templar Dr,43.68766856,-79.55491021,Open Toronto Elections Voting Locations,https://open.toronto.ca/dataset/elections-voting-locations/,2026-02-20,official_open_toronto_point,,verified_official_point,Open Government Licence - Toronto,"Processed polling_division_name comes from Toronto voter-statistics voting-place labels for ordinary rows, but no verified address or coordinate field is present in the repository.",02004,2074
municipal_2023_mayor,municipal_2023_mayor__02006,Westway Junior Public School,25 Poynter Dr,25 Poynter Dr,43.69082212,-79.54899331,Open Toronto Elections Voting Locations,https://open.toronto.ca/dataset/elections-voting-locations/,2026-02-20,official_open_toronto_point,,verified_official_point,Open Government Licence - Toronto,"Processed polling_division_name comes from Toronto voter-statistics voting-place labels for ordinary rows, but no verified address or coordinate field is present in the repository.",02006,2200
municipal_2023_mayor,municipal_2023_mayor__02007,Valleyfield Junior Public School,35 Saskatoon Dr,35 Saskatoon Dr,43.69428652,-79.53844444,Open Toronto Elections Voting Locations,https://open.toronto.ca/dataset/elections-voting-locations/,2026-02-20,official_open_toronto_point,,verified_official_point,Open Government Licence - Toronto,"Processed polling_division_name comes from Toronto voter-statistics voting-place labels for ordinary rows, but no verified address or coordinate field is present in the repository.",02007,2199
municipal_2023_mayor,municipal_2023_mayor__02008,St. Andrews Church,1579 Royal York Rd,1579 Royal York Rd,43.69948627,-79.53361930,Open Toronto Elections Voting Locations,https://open.toronto.ca/dataset/elections-voting-locations/,2026-02-20,official_open_toronto_point,,verified_official_point,Open Government Licence - Toronto,"Processed polling_division_name comes from Toronto voter-statistics voting-place labels for ordinary rows, but no verified address or coordinate field is present in the repository.",02008,1580
municipal_2023_mayor,municipal_2023_mayor__02009,Village Of Humber Heights,2245 Lawrence Ave W,2245 Lawrence Ave W,43.69712662,-79.52595716,Open Toronto Elections Voting Locations,https://open.toronto.ca/dataset/elections-voting-locations/,2026-02-20,official_open_toronto_point,,verified_official_point,Open Government Licence - Toronto,"Processed polling_division_name comes from Toronto voter-statistics voting-place labels for ordinary rows, but no verified address or coordinate field is present in the repository.",02009,82
municipal_2023_mayor,municipal_2023_mayor__02010,Westmount Public School,95 Chapman Rd,95 Chapman Rd,43.68909613,-79.51965930,Open Toronto Elections Voting Locations,https://open.toronto.ca/dataset/elections-voting-locations/,2026-02-20,official_open_toronto_point,,verified_official_point,Open Government Licence - Toronto,"Processed polling_division_name comes from Toronto voter-statistics voting-place labels for ordinary rows, but no verified address or coordinate field is present in the repository.",02010,2486
municipal_2023_mayor,municipal_2023_mayor__02011,None,15 La Rose Ave,15 La Rose Ave,43.68632945,-79.51418614,Open Toronto Elections Voting Locations,https://open.toronto.ca/dataset/elections-voting-locations/,2026-02-20,official_open_toronto_point,,verified_official_point,Open Government Licence - Toronto,"Processed polling_division_name comes from Toronto voter-statistics voting-place labels for ordinary rows, but no verified address or coordinate field is present in the repository.",02011,506
municipal_2023_mayor,municipal_2023_mayor__02012,Richview Terrace,1A Richview Rd,1A Richview Rd,43.68444576,-79.51276917,Open Toronto Elections Voting Locations,https://open.toronto.ca/dataset/elections-voting-locations/,2026-02-20,official_open_toronto_point,,verified_official_point,Open Government Licence - Toronto,"Processed polling_division_name comes from Toronto voter-statistics voting-place labels for ordinary rows, but no verified address or coordinate field is present in the repository.",02012,601
municipal_2023_mayor,municipal_2023_mayor__02013,None,61 Richview Rd,61 Richview Rd,43.68408451,-79.51673140,Open Toronto Elections Voting Locations,https://open.toronto.ca/dataset/elections-voting-locations/,2026-02-20,official_open_toronto_point,,verified_official_point,Open Government Licence - Toronto,"Processed polling_division_name comes from Toronto voter-statistics voting-place labels for ordinary rows, but no verified address or coordinate field is present in the repository.",02013,452
municipal_2023_mayor,municipal_2023_mayor__02014,None,60 Richview Rd,60 Richview Rd,43.68448862,-79.51895207,Open Toronto Elections Voting Locations,https://open.toronto.ca/dataset/elections-voting-locations/,2026-02-20,official_open_toronto_point,,verified_official_point,Open Government Licence - Toronto,"Processed polling_division_name comes from Toronto voter-statistics voting-place labels for ordinary rows, but no verified address or coordinate field is present in the repository.",02014,108
municipal_2023_mayor,municipal_2023_mayor__02015,All Saints Catholic School,1435 Royal York Rd,1435 Royal York Rd,43.68522163,-79.52708112,Open Toronto Elections Voting Locations,https://open.toronto.ca/dataset/elections-voting-locations/,2026-02-20,official_open_toronto_point,,verified_official_point,Open Government Licence - Toronto,"Processed polling_division_name comes from Toronto voter-statistics voting-place labels for ordinary rows, but no verified address or coordinate field is present in the repository.",02015,3149
municipal_2023_mayor,municipal_2023_mayor__02016,St. Demetrius Residence,123 La Rose Ave,123 La Rose Ave,43.68520146,-79.52181049,Open Toronto Elections Voting Locations,https://open.toronto.ca/dataset/elections-voting-locations/,2026-02-20,official_open_toronto_point,,verified_official_point,Open Government Licence - Toronto,"Processed polling_division_name comes from Toronto voter-statistics voting-place labels for ordinary rows, but no verified address or coordinate field is present in the repository.",02016,227
municipal_2023_mayor,municipal_2023_mayor__02017,Humbervale United Church,1447 Royal York Rd,1447 Royal York Rd,43.68651895,-79.52765173,Open Toronto Elections Voting Locations,https://open.toronto.ca/dataset/elections-voting-locations/,2026-02-20,official_open_toronto_point,,verified_official_point,Open Government Licence - Toronto,"Processed polling_division_name comes from Toronto voter-statistics voting-place labels for ordinary rows, but no verified address or coordinate field is present in the repository.",02017,118
municipal_2023_mayor,municipal_2023_mayor__02018,Westmount Park Church,1483 Royal York Rd,1483 Royal York Rd,43.68955879,-79.52930577,Open Toronto Elections Voting Locations,https://open.toronto.ca/dataset/elections-voting-locations/,2026-02-20,official_open_toronto_point,,verified_official_point,Open Government Licence - Toronto,"Processed polling_division_name comes from Toronto voter-statistics voting-place labels for ordinary rows, but no verified address or coordinate field is present in the repository.",02018,1214
municipal_2023_mayor,municipal_2023_mayor__02019,Hilltop Middle Public School,35 Trehorne Dr,35 Trehorne Dr,43.68946274,-79.53306701,Open Toronto Elections Voting Locations,https://open.toronto.ca/dataset/elections-voting-locations/,2026-02-20,official_open_toronto_point,,verified_official_point,Open Government Licence - Toronto,"Processed polling_division_name comes from Toronto voter-statistics voting-place labels for ordinary rows, but no verified address or coordinate field is present in the repository.",02019,1974
municipal_2023_mayor,municipal_2023_mayor__02020,Father Serra Catholic School,111 Sun Row Dr,111 Sun Row Dr,43.68594424,-79.53701814,Open Toronto Elections Voting Locations,https://open.toronto.ca/dataset/elections-voting-locations/,2026-02-20,official_open_toronto_point,,verified_official_point,Open Government Licence - Toronto,"Processed polling_division_name comes from Toronto voter-statistics voting-place labels for ordinary rows, but no verified address or coordinate field is present in the repository.",02020,1158
municipal_2023_mayor,municipal_2023_mayor__02021,Richview Public Library,1806 Islington Ave,1806 Islington Ave,43.68342456,-79.54112210,Open Toronto Elections Voting Locations,https://open.toronto.ca/dataset/elections-voting-locations/,2026-02-20,official_open_toronto_point,,verified_official_point,Open Government Licence - Toronto,"Processed polling_division_name comes from Toronto voter-statistics voting-place labels for ordinary rows, but no verified address or coordinate field is present in the repository.",02021,2242
municipal_2023_mayor,municipal_2023_mayor__02022,None,1540 Kipling Ave,1540 Kipling Ave,43.68046182,-79.55295488,Open Toronto Elections Voting Locations,https://open.toronto.ca/dataset/elections-voting-locations/,2026-02-20,official_open_toronto_point,,verified_official_point,Open Government Licence - Toronto,"Processed polling_division_name comes from Toronto voter-statistics voting-place labels for ordinary rows, but no verified address or coordinate field is present in the repository.",02022,147
municipal_2023_mayor,municipal_2023_mayor__02023,Richview Residence,105 Clement Rd,105 Clement Rd,43.68052292,-79.55416175,Open Toronto Elections Voting Locations,https://open.toronto.ca/dataset/elections-voting-locations/,2026-02-20,official_open_toronto_point,,verified_official_point,Open Government Licence - Toronto,"Processed polling_division_name comes from Toronto voter-statistics voting-place labels for ordinary rows, but no verified address or coordinate field is present in the repository.",02023,219
municipal_2023_mayor,municipal_2023_mayor__02024,None,4650 Eglinton Ave W,4650 Eglinton Ave W,43.67842444,-79.54755971,Open Toronto Elections Voting Locations,https://open.toronto.ca/dataset/elections-voting-locations/,2026-02-20,official_open_toronto_point,,verified_official_point,Open Government Licence - Toronto,"Processed polling_division_name comes from Toronto voter-statistics voting-place labels for ordinary rows, but no verified address or coordinate field is present in the repository.",02024,
municipal_2023_mayor,municipal_2023_mayor__02025,St. Marcellus Catholic School,15 Denfield St,15 Denfield St,43.67979194,-79.55422495,Open Toronto Elections Voting Locations,https://open.toronto.ca/dataset/elections-voting-locations/,2026-02-20,official_open_toronto_point,,verified_official_point,Open Government Licence - Toronto,"Processed polling_division_name comes from Toronto voter-statistics voting-place labels for ordinary rows, but no verified address or coordinate field is present in the repository.",02025,3274
municipal_2023_mayor,municipal_2023_mayor__02028,Delmanor Prince Edward,4180 Dundas St W,4180 Dundas St W,43.66109696,-79.51013776,Open Toronto Elections Voting Locations,https://open.toronto.ca/dataset/elections-voting-locations/,2026-02-20,official_open_toronto_point,,verified_official_point,Open Government Licence - Toronto,"Processed polling_division_name comes from Toronto voter-statistics voting-place labels for ordinary rows, but no verified address or coordinate field is present in the repository.",02028,80
municipal_2023_mayor,municipal_2023_mayor__02029,Briar Crest Park,60 Wellesworth Dr,60 Wellesworth Dr,43.66646577,-79.58007528,Open Toronto Elections Voting Locations,https://open.toronto.ca/dataset/elections-voting-locations/,2026-02-20,official_open_toronto_point,,verified_official_point,Open Government Licence - Toronto,"Processed polling_division_name comes from Toronto voter-statistics voting-place labels for ordinary rows, but no verified address or coordinate field is present in the repository.",02029,2469
municipal_2023_mayor,municipal_2023_mayor__02030,Martingrove Collegiate Institute,50 Winterton Dr,50 Winterton Dr,43.67338277,-79.56073964,Open Toronto Elections Voting Locations,https://open.toronto.ca/dataset/elections-voting-locations/,2026-02-20,official_open_toronto_point,,verified_official_point,Open Government Licence - Toronto,"Processed polling_division_name comes from Toronto voter-statistics voting-place labels for ordinary rows, but no verified address or coordinate field is present in the repository.",02030,2578
municipal_2023_mayor,municipal_2023_mayor__02031,John G. Althouse Middle School,130 Lloyd Manor Rd,130 Lloyd Manor Rd,43.66830532,-79.55400877,Open Toronto Elections Voting Locations,https://open.toronto.ca/dataset/elections-voting-locations/,2026-02-20,official_open_toronto_point,,verified_official_point,Open Government Licence - Toronto,"Processed polling_division_name comes from Toronto voter-statistics voting-place labels for ordinary rows, but no verified address or coordinate field is present in the repository.",02031,2285
municipal_2023_mayor,municipal_2023_mayor__02032,St. Georges Junior Public School,70 Princess Anne Cres,70 Princess Anne Cres,43.67260051,-79.54171219,Open Toronto Elections Voting Locations,https://open.toronto.ca/dataset/elections-voting-locations/,2026-02-20,official_open_toronto_point,,verified_official_point,Open Government Licence - Toronto,"Processed polling_division_name comes from Toronto voter-statistics voting-place labels for ordinary rows, but no verified address or coordinate field is present in the repository.",02032,2039
municipal_2023_mayor,municipal_2023_mayor__02033,Richview Collegiate Institute,1738 Islington Ave,1738 Islington Ave,43.67864653,-79.53950095,Open Toronto Elections Voting Locations,https://open.toronto.ca/dataset/elections-voting-locations/,2026-02-20,official_open_toronto_point,,verified_official_point,Open Government Licence - Toronto,"Processed polling_division_name comes from Toronto voter-statistics voting-place labels for ordinary rows, but no verified address or coordinate field is present in the repository.",02033,1646
municipal_2023_mayor,municipal_2023_mayor__02034,Holy Angels Catholic School,100 Allanhurst Dr,100 Allanhurst Dr,43.68014764,-79.51947352,Open Toronto Elections Voting Locations,https://open.toronto.ca/dataset/elections-voting-locations/,2026-02-20,official_open_toronto_point,,verified_official_point,Open Government Licence - Toronto,"Processed polling_division_name comes from Toronto voter-statistics voting-place labels for ordinary rows, but no verified address or coordinate field is present in the repository.",02034,3205
municipal_2023_mayor,municipal_2023_mayor__02035,Scarlett Heights Retirement Residence,4005 Eglinton Ave W,4005 Eglinton Ave W,43.68266706,-79.51974072,Open Toronto Elections Voting Locations,https://open.toronto.ca/dataset/elections-voting-locations/,2026-02-20,official_open_toronto_point,,verified_official_point,Open Government Licence - Toronto,"Processed polling_division_name comes from Toronto voter-statistics voting-place labels for ordinary rows, but no verified address or coordinate field is present in the repository.",02035,51
municipal_2023_mayor,municipal_2023_mayor__02036,None,20 Fontenay Crt,20 Fontenay Crt,43.68259602,-79.51286142,Open Toronto Elections Voting Locations,https://open.toronto.ca/dataset/elections-voting-locations/,2026-02-20,official_open_toronto_point,,verified_official_point,Open Government Licence - Toronto,"Processed polling_division_name comes from Toronto voter-statistics voting-place labels for ordinary rows, but no verified address or coordinate field is present in the repository.",02036,366
municipal_2023_mayor,municipal_2023_mayor__02037,None,25 Fontenay Crt,25 Fontenay Crt,43.68226027,-79.51054030,Open Toronto Elections Voting Locations,https://open.toronto.ca/dataset/elections-voting-locations/,2026-02-20,official_open_toronto_point,,verified_official_point,Open Government Licence - Toronto,"Processed polling_division_name comes from Toronto voter-statistics voting-place labels for ordinary rows, but no verified address or coordinate field is present in the repository.",02037,324
municipal_2023_mayor,municipal_2023_mayor__02038,Royal York Gardens,1139 Royal York Rd,1139 Royal York Rd,43.66110177,-79.51586937,Open Toronto Elections Voting Locations,https://open.toronto.ca/dataset/elections-voting-locations/,2026-02-20,official_open_toronto_point,,verified_official_point,Open Government Licence - Toronto,"Processed polling_division_name comes from Toronto voter-statistics voting-place labels for ordinary rows, but no verified address or coordinate field is present in the repository.",02038,490
municipal_2023_mayor,municipal_2023_mayor__02039,St. Giles Kingsway Presbyterian Church,15 Lambeth Rd,15 Lambeth Rd,43.66106117,-79.52104193,Open Toronto Elections Voting Locations,https://open.toronto.ca/dataset/elections-voting-locations/,2026-02-20,official_open_toronto_point,,verified_official_point,Open Government Licence - Toronto,"Processed polling_division_name comes from Toronto voter-statistics voting-place labels for ordinary rows, but no verified address or coordinate field is present in the repository.",02039,2540
municipal_2023_mayor,municipal_2023_mayor__02040,Humber Valley Village Public School,65 Hartfield Rd,65 Hartfield Rd,43.66544351,-79.52656661,Open Toronto Elections Voting Locations,https://open.toronto.ca/dataset/elections-voting-locations/,2026-02-20,official_open_toronto_point,,verified_official_point,Open Government Licence - Toronto,"Processed polling_division_name comes from Toronto voter-statistics voting-place labels for ordinary rows, but no verified address or coordinate field is present in the repository.",02040,2406
municipal_2023_mayor,municipal_2023_mayor__02041,Memorial Pool and Health Club,44 Montgomery Rd,44 Montgomery Rd,43.64908813,-79.52011094,Open Toronto Elections Voting Locations,https://open.toronto.ca/dataset/elections-voting-locations/,2026-02-20,official_open_toronto_point,,verified_official_point,Open Government Licence - Toronto,"Processed polling_division_name comes from Toronto voter-statistics voting-place labels for ordinary rows, but no verified address or coordinate field is present in the repository.",02041,1981
municipal_2023_mayor,municipal_2023_mayor__02042,Rosethorn Junior Public School,2 Remington Dr,2 Remington Dr,43.66015661,-79.53945186,Open Toronto Elections Voting Locations,https://open.toronto.ca/dataset/elections-voting-locations/,2026-02-20,official_open_toronto_point,,verified_official_point,Open Government Licence - Toronto,"Processed polling_division_name comes from Toronto voter-statistics voting-place labels for ordinary rows, but no verified address or coordinate field is present in the repository.",02042,2067
municipal_2023_mayor,municipal_2023_mayor__02043,St Gregorys Catholic Church,122 Rathburn Rd,122 Rathburn Rd,43.66018295,-79.54380973,Open Toronto Elections Voting Locations,https://open.toronto.ca/dataset/elections-voting-locations/,2026-02-20,official_open_toronto_point,,verified_official_point,Open Government Licence - Toronto,"Processed polling_division_name comes from Toronto voter-statistics voting-place labels for ordinary rows, but no verified address or coordinate field is present in the repository.",02043,2115
municipal_2023_mayor,municipal_2023_mayor__02044,Josyf Cardinal Slipyj Catholic School,35 West Deane Park Dr,35 West Deane Park Dr,43.65947520,-79.56602540,Open Toronto Elections Voting Locations,https://open.toronto.ca/dataset/elections-voting-locations/,2026-02-20,official_open_toronto_point,,verified_official_point,Open Government Licence - Toronto,"Processed polling_division_name comes from Toronto voter-statistics voting-place labels for ordinary rows, but no verified address or coordinate field is present in the repository.",02044,2540
municipal_2023_mayor,municipal_2023_mayor__02045,None,625 The West Mall,625 The West Mall,43.65526395,-79.57032715,Open Toronto Elections Voting Locations,https://open.toronto.ca/dataset/elections-voting-locations/,2026-02-20,official_open_toronto_point,,verified_official_point,Open Government Licence - Toronto,"Processed polling_division_name comes from Toronto voter-statistics voting-place labels for ordinary rows, but no verified address or coordinate field is present in the repository.",02045,919
municipal_2023_mayor,municipal_2023_mayor__02046,None,714 The West Mall,714 The West Mall,43.65692796,-79.57055920,Open Toronto Elections Voting Locations,https://open.toronto.ca/dataset/elections-voting-locations/,2026-02-20,official_open_toronto_point,,verified_official_point,Open Government Licence - Toronto,"Processed polling_division_name comes from Toronto voter-statistics voting-place labels for ordinary rows, but no verified address or coordinate field is present in the repository.",02046,804
municipal_2023_mayor,municipal_2023_mayor__02047,Wellesworth Junior Public School,225 Wellesworth Dr,225 Wellesworth Dr,43.65663735,-79.57671875,Open Toronto Elections Voting Locations,https://open.toronto.ca/dataset/elections-voting-locations/,2026-02-20,official_open_toronto_point,,verified_official_point,Open Government Licence - Toronto,"Processed polling_division_name comes from Toronto voter-statistics voting-place labels for ordinary rows, but no verified address or coordinate field is present in the repository.",02047,1669
municipal_2023_mayor,municipal_2023_mayor__02048,Michael Power/St. Joseph Catholic School,105 Eringate Dr,105 Eringate Dr,43.65928999,-79.58198408,Open Toronto Elections Voting Locations,https://open.toronto.ca/dataset/elections-voting-locations/,2026-02-20,official_open_toronto_point,,verified_official_point,Open Government Licence - Toronto,"Processed polling_division_name comes from Toronto voter-statistics voting-place labels for ordinary rows, but no verified address or coordinate field is present in the repository.",02048,1276
municipal_2023_mayor,municipal_2023_mayor__02049,Etobicoke Olympian,590 Rathburn Rd,590 Rathburn Rd,43.65045019,-79.58410502,Open Toronto Elections Voting Locations,https://open.toronto.ca/dataset/elections-voting-locations/,2026-02-20,official_open_toronto_point,,verified_official_point,Open Government Licence - Toronto,"Processed polling_division_name comes from Toronto voter-statistics voting-place labels for ordinary rows, but no verified address or coordinate field is present in the repository.",02049,1389
municipal_2023_mayor,municipal_2023_mayor__02050,Meadowcroft Place,25 Centennial Park Rd,25 Centennial Park Rd,43.65325685,-79.58205351,Open Toronto Elections Voting Locations,https://open.toronto.ca/dataset/elections-voting-locations/,2026-02-20,official_open_toronto_point,,verified_official_point,Open Government Licence - Toronto,"Processed polling_division_name comes from Toronto voter-statistics voting-place labels for ordinary rows, but no verified address or coordinate field is present in the repository.",02050,39
municipal_2023_mayor,municipal_2023_mayor__02051,Nativity Of Our Lord,480 Rathburn Rd,480 Rathburn Rd,43.65269597,-79.57646367,Open Toronto Elections Voting Locations,https://open.toronto.ca/dataset/elections-voting-locations/,2026-02-20,official_open_toronto_point,,verified_official_point,Open Government Licence - Toronto,"Processed polling_division_name comes from Toronto voter-statistics voting-place labels for ordinary rows, but no verified address or coordinate field is present in the repository.",02051,1911
municipal_2023_mayor,municipal_2023_mayor__02052,Mill Valley Public School,411 Mill Rd,411 Mill Rd,43.64418939,-79.58697157,Open Toronto Elections Voting Locations,https://open.toronto.ca/dataset/elections-voting-locations/,2026-02-20,official_open_toronto_point,,verified_official_point,Open Government Licence - Toronto,"Processed polling_division_name comes from Toronto voter-statistics voting-place labels for ordinary rows, but no verified address or coordinate field is present in the repository.",02052,2694
municipal_2023_mayor,municipal_2023_mayor__02054,Broadacres Public School,45 Crendon Dr,45 Crendon Dr,43.64806672,-79.57202073,Open Toronto Elections Voting Locations,https://open.toronto.ca/dataset/elections-voting-locations/,2026-02-20,official_open_toronto_point,,verified_official_point,Open Government Licence - Toronto,"Processed polling_division_name comes from Toronto voter-statistics voting-place labels for ordinary rows, but no verified address or coordinate field is present in the repository.",02054,3257
municipal_2023_mayor,municipal_2023_mayor__02055,None,551 The West Mall,551 The West Mall,43.65267586,-79.56921257,Open Toronto Elections Voting Locations,https://open.toronto.ca/dataset/elections-voting-locations/,2026-02-20,official_open_toronto_point,,verified_official_point,Open Government Licence - Toronto,"Processed polling_division_name comes from Toronto voter-statistics voting-place labels for ordinary rows, but no verified address or coordinate field is present in the repository.",02055,526
municipal_2023_mayor,municipal_2023_mayor__02058,None,495 The West Mall,495 The West Mall,43.64825902,-79.56776060,Open Toronto Elections Voting Locations,https://open.toronto.ca/dataset/elections-voting-locations/,2026-02-20,official_open_toronto_point,,verified_official_point,Open Government Licence - Toronto,"Processed polling_division_name comes from Toronto voter-statistics voting-place labels for ordinary rows, but no verified address or coordinate field is present in the repository.",02058,164
municipal_2023_mayor,municipal_2023_mayor__02061,Burnhamthorpe Collegiate Institute,500 The East Mall,500 The East Mall,43.64916793,-79.56169488,Open Toronto Elections Voting Locations,https://open.toronto.ca/dataset/elections-voting-locations/,2026-02-20,official_open_toronto_point,,verified_official_point,Open Government Licence - Toronto,"Processed polling_division_name comes from Toronto voter-statistics voting-place labels for ordinary rows, but no verified address or coordinate field is present in the repository.",02061,1938
municipal_2023_mayor,municipal_2023_mayor__02062,West Glen Public School,47 Cowley Ave,47 Cowley Ave,43.65047134,-79.56080162,Open Toronto Elections Voting Locations,https://open.toronto.ca/dataset/elections-voting-locations/,2026-02-20,official_open_toronto_point,,verified_official_point,Open Government Licence - Toronto,"Processed polling_division_name comes from Toronto voter-statistics voting-place labels for ordinary rows, but no verified address or coordinate field is present in the repository.",02062,2115
municipal_2023_mayor,municipal_2023_mayor__02063,Highbourne Life Care Centre,420 The East Mall,420 The East Mall,43.64746969,-79.56069337,Open Toronto Elections Voting Locations,https://open.toronto.ca/dataset/elections-voting-locations/,2026-02-20,official_open_toronto_point,,verified_official_point,Open Government Licence - Toronto,"Processed polling_division_name comes from Toronto voter-statistics voting-place labels for ordinary rows, but no verified address or coordinate field is present in the repository.",02063,180
municipal_2023_mayor,municipal_2023_mayor__02064,Our Lady Of Peace Catholic School,70 Mattice Ave,70 Mattice Ave,43.64651225,-79.54107815,Open Toronto Elections Voting Locations,https://open.toronto.ca/dataset/elections-voting-locations/,2026-02-20,official_open_toronto_point,,verified_official_point,Open Government Licence - Toronto,"Processed polling_division_name comes from Toronto voter-statistics voting-place labels for ordinary rows, but no verified address or coordinate field is present in the repository.",02064,3552
municipal_2023_mayor,municipal_2023_mayor__02067,None,5 Valhalla Inn Rd,5 Valhalla Inn Rd,43.64014574,-79.55977529,Open Toronto Elections Voting Locations,https://open.toronto.ca/dataset/elections-voting-locations/,2026-02-20,official_open_toronto_point,,verified_official_point,Open Government Licence - Toronto,"Processed polling_division_name comes from Toronto voter-statistics voting-place labels for ordinary rows, but no verified address or coordinate field is present in the repository.",02067,1326
municipal_2023_mayor,municipal_2023_mayor__02068,Bloorlea Middle Public School,4050 Bloor St W,4050 Bloor St W,43.63765293,-79.55567549,Open Toronto Elections Voting Locations,https://open.toronto.ca/dataset/elections-voting-locations/,2026-02-20,official_open_toronto_point,,verified_official_point,Open Government Licence - Toronto,"Processed polling_division_name comes from Toronto voter-statistics voting-place labels for ordinary rows, but no verified address or coordinate field is present in the repository.",02068,2834
municipal_2023_mayor,municipal_2023_mayor__02070,Etobicoke Civic Centre,399 The West Mall,399 The West Mall,43.64377203,-79.56545278,Open Toronto Elections Voting Locations,https://open.toronto.ca/dataset/elections-voting-locations/,2026-02-20,official_open_toronto_point,,verified_official_point,Open Government Licence - Toronto,"Processed polling_division_name comes from Toronto voter-statistics voting-place labels for ordinary rows, but no verified address or coordinate field is present in the repository.",02070,3903
municipal_2023_mayor,municipal_2023_mayor__02071,Wesburn Manor - Building Grounds,400 The West Mall,400 The West Mall,43.64373537,-79.56752672,Open Toronto Elections Voting Locations,https://open.toronto.ca/dataset/elections-voting-locations/,2026-02-20,official_open_toronto_point,,verified_official_point,Open Government Licence - Toronto,"Processed polling_division_name comes from Toronto voter-statistics voting-place labels for ordinary rows, but no verified address or coordinate field is present in the repository.",02071,129
municipal_2023_mayor,municipal_2023_mayor__02072,Eatonville Junior School,15 Rossburn Dr,15 Rossburn Dr,43.63784078,-79.56661507,Open Toronto Elections Voting Locations,https://open.toronto.ca/dataset/elections-voting-locations/,2026-02-20,official_open_toronto_point,,verified_official_point,Open Government Licence - Toronto,"Processed polling_division_name comes from Toronto voter-statistics voting-place labels for ordinary rows, but no verified address or coordinate field is present in the repository.",02072,1432
municipal_2023_mayor,municipal_2023_mayor__02073,Bloordale Middle Public School,10 Toledo Rd,10 Toledo Rd,43.63914565,-79.57194653,Open Toronto Elections Voting Locations,https://open.toronto.ca/dataset/elections-voting-locations/,2026-02-20,official_open_toronto_point,,verified_official_point,Open Government Licence - Toronto,"Processed polling_division_name comes from Toronto voter-statistics voting-place labels for ordinary rows, but no verified address or coordinate field is present in the repository.",02073,1187
municipal_2023_mayor,municipal_2023_mayor__02074,None,303 Mill Rd,303 Mill Rd,43.63884920,-79.58299412,Open Toronto Elections Voting Locations,https://open.toronto.ca/dataset/elections-voting-locations/,2026-02-20,official_open_toronto_point,,verified_official_point,Open Government Licence - Toronto,"Processed polling_division_name comes from Toronto voter-statistics voting-place labels for ordinary rows, but no verified address or coordinate field is present in the repository.",02074,1108
municipal_2023_mayor,municipal_2023_mayor__02075,None,300 Mill Rd,300 Mill Rd,43.63808368,-79.58398429,Open Toronto Elections Voting Locations,https://open.toronto.ca/dataset/elections-voting-locations/,2026-02-20,official_open_toronto_point,,verified_official_point,Open Government Licence - Toronto,"Processed polling_division_name comes from Toronto voter-statistics voting-place labels for ordinary rows, but no verified address or coordinate field is present in the repository.",02075,429
municipal_2023_mayor,municipal_2023_mayor__02076,The Masters,288 Mill Rd,288 Mill Rd,43.63736854,-79.58273252,Open Toronto Elections Voting Locations,https://open.toronto.ca/dataset/elections-voting-locations/,2026-02-20,official_open_toronto_point,,verified_official_point,Open Government Licence - Toronto,"Processed polling_division_name comes from Toronto voter-statistics voting-place labels for ordinary rows, but no verified address or coordinate field is present in the repository.",02076,406
municipal_2023_mayor,municipal_2023_mayor__02077,None,222 Mill Rd,222 Mill Rd,43.63340964,-79.57691482,Open Toronto Elections Voting Locations,https://open.toronto.ca/dataset/elections-voting-locations/,2026-02-20,official_open_toronto_point,,verified_official_point,Open Government Licence - Toronto,"Processed polling_division_name comes from Toronto voter-statistics voting-place labels for ordinary rows, but no verified address or coordinate field is present in the repository.",02077,1978
municipal_2023_mayor,municipal_2023_mayor__02078,St. Clement Catholic School,4319 Bloor St W,4319 Bloor St W,43.63224729,-79.57380819,Open Toronto Elections Voting Locations,https://open.toronto.ca/dataset/elections-voting-locations/,2026-02-20,official_open_toronto_point,,verified_official_point,Open Government Licence - Toronto,"Processed polling_division_name comes from Toronto voter-statistics voting-place labels for ordinary rows, but no verified address or coordinate field is present in the repository.",02078,1786
municipal_2023_mayor,municipal_2023_mayor__02079,Bloordale United Church,4258 Bloor St W,4258 Bloor St W,43.63461939,-79.56885232,Open Toronto Elections Voting Locations,https://open.toronto.ca/dataset/elections-voting-locations/,2026-02-20,official_open_toronto_point,,verified_official_point,Open Government Licence - Toronto,"Processed polling_division_name comes from Toronto voter-statistics voting-place labels for ordinary rows, but no verified address or coordinate field is present in the repository.",02079,1647
municipal_2023_mayor,municipal_2023_mayor__02080,None,52 Neilson Dr,52 Neilson Dr,43.62915570,-79.56528016,Open Toronto Elections Voting Locations,https://open.toronto.ca/dataset/elections-voting-locations/,2026-02-20,official_open_toronto_point,,verified_official_point,Open Government Licence - Toronto,"Processed polling_division_name comes from Toronto voter-statistics voting-place labels for ordinary rows, but no verified address or coordinate field is present in the repository.",02080,43
municipal_2023_mayor,municipal_2023_mayor__03001,Lambton-Kingsway Junior Middle School,525 Prince Edward Dr N,525 Prince Edward Dr N,43.65865722,-79.50931481,Open Toronto Elections Voting Locations,https://open.toronto.ca/dataset/elections-voting-locations/,2026-02-20,official_open_toronto_point,,verified_official_point,Open Government Licence - Toronto,"Processed polling_division_name comes from Toronto voter-statistics voting-place labels for ordinary rows, but no verified address or coordinate field is present in the repository.",03001,1982
municipal_2023_mayor,municipal_2023_mayor__03002,Kingsway Retirement Residence,4251 Dundas St W,4251 Dundas St W,43.65887205,-79.51445082,Open Toronto Elections Voting Locations,https://open.toronto.ca/dataset/elections-voting-locations/,2026-02-20,official_open_toronto_point,,verified_official_point,Open Government Licence - Toronto,"Processed polling_division_name comes from Toronto voter-statistics voting-place labels for ordinary rows, but no verified address or coordinate field is present in the repository.",03002,92
municipal_2023_mayor,municipal_2023_mayor__03003,Kingsway Lambton United Church,85 The Kingsway,85 The Kingsway,43.65291693,-79.50791402,Open Toronto Elections Voting Locations,https://open.toronto.ca/dataset/elections-voting-locations/,2026-02-20,official_open_toronto_point,,verified_official_point,Open Government Licence - Toronto,"Processed polling_division_name comes from Toronto voter-statistics voting-place labels for ordinary rows, but no verified address or coordinate field is present in the repository.",03003,2014
municipal_2023_mayor,municipal_2023_mayor__03005,All Saints Kingsway Anglican Church,2850 Bloor St W,2850 Bloor St W,43.64908056,-79.50505434,Open Toronto Elections Voting Locations,https://open.toronto.ca/dataset/elections-voting-locations/,2026-02-20,official_open_toronto_point,,verified_official_point,Open Government Licence - Toronto,"Processed polling_division_name comes from Toronto voter-statistics voting-place labels for ordinary rows, but no verified address or coordinate field is present in the repository.",03005,3249
municipal_2023_mayor,municipal_2023_mayor__03006,Our Lady of Sorrows,32 Montgomery Rd,32 Montgomery Rd,43.64821937,-79.51896703,Open Toronto Elections Voting Locations,https://open.toronto.ca/dataset/elections-voting-locations/,2026-02-20,official_open_toronto_point,,verified_official_point,Open Government Licence - Toronto,"Processed polling_division_name comes from Toronto voter-statistics voting-place labels for ordinary rows, but no verified address or coordinate field is present in the repository.",03006,4781
municipal_2023_mayor,municipal_2023_mayor__03007,The Kingsway On The Park,1 Aberfoyle Cres,1 Aberfoyle Cres,43.64586130,-79.52007269,Open Toronto Elections Voting Locations,https://open.toronto.ca/dataset/elections-voting-locations/,2026-02-20,official_open_toronto_point,,verified_official_point,Open Government Licence - Toronto,"Processed polling_division_name comes from Toronto voter-statistics voting-place labels for ordinary rows, but no verified address or coordinate field is present in the repository.",03007,488
municipal_2023_mayor,municipal_2023_mayor__03010,Brentwood Public Library,36 Brentwood Rd N,36 Brentwood Rd N,43.64742478,-79.51430772,Open Toronto Elections Voting Locations,https://open.toronto.ca/dataset/elections-voting-locations/,2026-02-20,official_open_toronto_point,,verified_official_point,Open Government Licence - Toronto,"Processed polling_division_name comes from Toronto voter-statistics voting-place labels for ordinary rows, but no verified address or coordinate field is present in the repository.",03010,1618
municipal_2023_mayor,municipal_2023_mayor__03011,None,24 Mabelle Ave,24 Mabelle Ave,43.64657714,-79.52714391,Open Toronto Elections Voting Locations,https://open.toronto.ca/dataset/elections-voting-locations/,2026-02-20,official_open_toronto_point,,verified_official_point,Open Government Licence - Toronto,"Processed polling_division_name comes from Toronto voter-statistics voting-place labels for ordinary rows, but no verified address or coordinate field is present in the repository.",03011,1317
municipal_2023_mayor,municipal_2023_mayor__03013,Islington Manor,41 Mabelle Ave,41 Mabelle Ave,43.64482941,-79.52770948,Open Toronto Elections Voting Locations,https://open.toronto.ca/dataset/elections-voting-locations/,2026-02-20,official_open_toronto_point,,verified_official_point,Open Government Licence - Toronto,"Processed polling_division_name comes from Toronto voter-statistics voting-place labels for ordinary rows, but no verified address or coordinate field is present in the repository.",03013,684
municipal_2023_mayor,municipal_2023_mayor__03014,None,7 Michael Power Pl,7 Michael Power Pl,43.64436136,-79.52976964,Open Toronto Elections Voting Locations,https://open.toronto.ca/dataset/elections-voting-locations/,2026-02-20,official_open_toronto_point,,verified_official_point,Open Government Licence - Toronto,"Processed polling_division_name comes from Toronto voter-statistics voting-place labels for ordinary rows, but no verified address or coordinate field is present in the repository.",03014,448
municipal_2023_mayor,municipal_2023_mayor__03015,None,11 Michael Power Pl,11 Michael Power Pl,43.64477005,-79.53029225,Open Toronto Elections Voting Locations,https://open.toronto.ca/dataset/elections-voting-locations/,2026-02-20,official_open_toronto_point,,verified_official_point,Open Government Licence - Toronto,"Processed polling_division_name comes from Toronto voter-statistics voting-place labels for ordinary rows, but no verified address or coordinate field is present in the repository.",03015,612
municipal_2023_mayor,municipal_2023_mayor__03016,Church of the Resurrection,1 Resurrection Rd,1 Resurrection Rd,43.64343659,-79.53067537,Open Toronto Elections Voting Locations,https://open.toronto.ca/dataset/elections-voting-locations/,2026-02-20,official_open_toronto_point,,verified_official_point,Open Government Licence - Toronto,"Processed polling_division_name comes from Toronto voter-statistics voting-place labels for ordinary rows, but no verified address or coordinate field is present in the repository.",03016,4427
municipal_2023_mayor,municipal_2023_mayor__03017,Labdara Lithuanian Nursing Home,5 Resurrection Rd,5 Resurrection Rd,43.64388934,-79.53086313,Open Toronto Elections Voting Locations,https://open.toronto.ca/dataset/elections-voting-locations/,2026-02-20,official_open_toronto_point,,verified_official_point,Open Government Licence - Toronto,"Processed polling_division_name comes from Toronto voter-statistics voting-place labels for ordinary rows, but no verified address or coordinate field is present in the repository.",03017,16
municipal_2023_mayor,municipal_2023_mayor__03018,None,15 Summerland Ter,15 Summerland Ter,43.64403567,-79.53226934,Open Toronto Elections Voting Locations,https://open.toronto.ca/dataset/elections-voting-locations/,2026-02-20,official_open_toronto_point,,verified_official_point,Open Government Licence - Toronto,"Processed polling_division_name comes from Toronto voter-statistics voting-place labels for ordinary rows, but no verified address or coordinate field is present in the repository.",03018,60
municipal_2023_mayor,municipal_2023_mayor__03019,None,15 Viking Lane,15 Viking Lane,43.63925114,-79.53528592,Open Toronto Elections Voting Locations,https://open.toronto.ca/dataset/elections-voting-locations/,2026-02-20,official_open_toronto_point,,verified_official_point,Open Government Licence - Toronto,"Processed polling_division_name comes from Toronto voter-statistics voting-place labels for ordinary rows, but no verified address or coordinate field is present in the repository.",03019,566
municipal_2023_mayor,municipal_2023_mayor__03020,None,25 Viking Lane,25 Viking Lane,43.63872572,-79.53563518,Open Toronto Elections Voting Locations,https://open.toronto.ca/dataset/elections-voting-locations/,2026-02-20,official_open_toronto_point,,verified_official_point,Open Government Licence - Toronto,"Processed polling_division_name comes from Toronto voter-statistics voting-place labels for ordinary rows, but no verified address or coordinate field is present in the repository.",03020,1117
municipal_2023_mayor,municipal_2023_mayor__03021,The Essex,5229 Dundas St W,5229 Dundas St W,43.63930492,-79.53649375,Open Toronto Elections Voting Locations,https://open.toronto.ca/dataset/elections-voting-locations/,2026-02-20,official_open_toronto_point,,verified_official_point,Open Government Licence - Toronto,"Processed polling_division_name comes from Toronto voter-statistics voting-place labels for ordinary rows, but no verified address or coordinate field is present in the repository.",03021,890
municipal_2023_mayor,municipal_2023_mayor__03022,None,101 Subway Cres,101 Subway Cres,43.63485191,-79.53949104,Open Toronto Elections Voting Locations,https://open.toronto.ca/dataset/elections-voting-locations/,2026-02-20,official_open_toronto_point,,verified_official_point,Open Government Licence - Toronto,"Processed polling_division_name comes from Toronto voter-statistics voting-place labels for ordinary rows, but no verified address or coordinate field is present in the repository.",03022,493
municipal_2023_mayor,municipal_2023_mayor__03023,St. Elizabeth Catholic School,5 Redcar Ave,5 Redcar Ave,43.63515517,-79.55745368,Open Toronto Elections Voting Locations,https://open.toronto.ca/dataset/elections-voting-locations/,2026-02-20,official_open_toronto_point,,verified_official_point,Open Government Licence - Toronto,"Processed polling_division_name comes from Toronto voter-statistics voting-place labels for ordinary rows, but no verified address or coordinate field is present in the repository.",03023,3151
municipal_2023_mayor,municipal_2023_mayor__03024,Fairfield Seniors' Centre - Building Grounds,80 Lothian Ave,80 Lothian Ave,43.63967804,-79.51931180,Open Toronto Elections Voting Locations,https://open.toronto.ca/dataset/elections-voting-locations/,2026-02-20,official_open_toronto_point,,verified_official_point,Open Government Licence - Toronto,"Processed polling_division_name comes from Toronto voter-statistics voting-place labels for ordinary rows, but no verified address or coordinate field is present in the repository.",03024,3618
municipal_2023_mayor,municipal_2023_mayor__03025,Royal York Road United Church,851 Royal York Rd,851 Royal York Rd,43.64273807,-79.50891768,Open Toronto Elections Voting Locations,https://open.toronto.ca/dataset/elections-voting-locations/,2026-02-20,official_open_toronto_point,,verified_official_point,Open Government Licence - Toronto,"Processed polling_division_name comes from Toronto voter-statistics voting-place labels for ordinary rows, but no verified address or coordinate field is present in the repository.",03025,3240
municipal_2023_mayor,municipal_2023_mayor__03026,Norseman Community School And Pool - Building Grounds,105 Norseman St,105 Norseman St,43.63430526,-79.51632975,Open Toronto Elections Voting Locations,https://open.toronto.ca/dataset/elections-voting-locations/,2026-02-20,official_open_toronto_point,,verified_official_point,Open Government Licence - Toronto,"Processed polling_division_name comes from Toronto voter-statistics voting-place labels for ordinary rows, but no verified address or coordinate field is present in the repository.",03026,2880
municipal_2023_mayor,municipal_2023_mayor__03027,Ukrainian Home for The Aged,767 Royal York Rd,767 Royal York Rd,43.63768043,-79.50708290,Open Toronto Elections Voting Locations,https://open.toronto.ca/dataset/elections-voting-locations/,2026-02-20,official_open_toronto_point,,verified_official_point,Open Government Licence - Toronto,"Processed polling_division_name comes from Toronto voter-statistics voting-place labels for ordinary rows, but no verified address or coordinate field is present in the repository.",03027,60
municipal_2023_mayor,municipal_2023_mayor__03028,Bishop Allen Academy,721 Royal York Rd,721 Royal York Rd,43.63442792,-79.50446468,Open Toronto Elections Voting Locations,https://open.toronto.ca/dataset/elections-voting-locations/,2026-02-20,official_open_toronto_point,,verified_official_point,Open Government Licence - Toronto,"Processed polling_division_name comes from Toronto voter-statistics voting-place labels for ordinary rows, but no verified address or coordinate field is present in the repository.",03028,1237
municipal_2023_mayor,municipal_2023_mayor__03030,Etienne Brule Junior Public School,50 Cloverhill Rd,50 Cloverhill Rd,43.63561873,-79.48968446,Open Toronto Elections Voting Locations,https://open.toronto.ca/dataset/elections-voting-locations/,2026-02-20,official_open_toronto_point,,verified_official_point,Open Government Licence - Toronto,"Processed polling_division_name comes from Toronto voter-statistics voting-place labels for ordinary rows, but no verified address or coordinate field is present in the repository.",03030,3770
municipal_2023_mayor,municipal_2023_mayor__03031,St. Mark Catholic School,45 Cloverhill Rd,45 Cloverhill Rd,43.63449985,-79.49019751,Open Toronto Elections Voting Locations,https://open.toronto.ca/dataset/elections-voting-locations/,2026-02-20,official_open_toronto_point,,verified_official_point,Open Government Licence - Toronto,"Processed polling_division_name comes from Toronto voter-statistics voting-place labels for ordinary rows, but no verified address or coordinate field is present in the repository.",03031,2676
municipal_2023_mayor,municipal_2023_mayor__03032,Etobicoke School Of The Arts,675 Royal York Rd,675 Royal York Rd,43.63081483,-79.50393093,Open Toronto Elections Voting Locations,https://open.toronto.ca/dataset/elections-voting-locations/,2026-02-20,official_open_toronto_point,,verified_official_point,Open Government Licence - Toronto,"Processed polling_division_name comes from Toronto voter-statistics voting-place labels for ordinary rows, but no verified address or coordinate field is present in the repository.",03032,2246
municipal_2023_mayor,municipal_2023_mayor__03033,Canadian Legion Branch 643,110 Jutland Rd,110 Jutland Rd,43.62894093,-79.51860960,Open Toronto Elections Voting Locations,https://open.toronto.ca/dataset/elections-voting-locations/,2026-02-20,official_open_toronto_point,,verified_official_point,Open Government Licence - Toronto,"Processed polling_division_name comes from Toronto voter-statistics voting-place labels for ordinary rows, but no verified address or coordinate field is present in the repository.",03033,2883
municipal_2023_mayor,municipal_2023_mayor__03034,None,1040 The Queensway,1040 The Queensway,43.62360693,-79.51652878,Open Toronto Elections Voting Locations,https://open.toronto.ca/dataset/elections-voting-locations/,2026-02-20,official_open_toronto_point,,verified_official_point,Open Government Licence - Toronto,"Processed polling_division_name comes from Toronto voter-statistics voting-place labels for ordinary rows, but no verified address or coordinate field is present in the repository.",03034,464
municipal_2023_mayor,municipal_2023_mayor__03035,None,781 The Queensway,781 The Queensway,43.62543867,-79.50575713,Open Toronto Elections Voting Locations,https://open.toronto.ca/dataset/elections-voting-locations/,2026-02-20,official_open_toronto_point,,verified_official_point,Open Government Licence - Toronto,"Processed polling_division_name comes from Toronto voter-statistics voting-place labels for ordinary rows, but no verified address or coordinate field is present in the repository.",03035,146
municipal_2023_mayor,municipal_2023_mayor__03036,St. Louis Catholic School,11 Morgan Ave,11 Morgan Ave,43.62574512,-79.50095538,Open Toronto Elections Voting Locations,https://open.toronto.ca/dataset/elections-voting-locations/,2026-02-20,official_open_toronto_point,,verified_official_point,Open Government Licence - Toronto,"Processed polling_division_name comes from Toronto voter-statistics voting-place labels for ordinary rows, but no verified address or coordinate field is present in the repository.",03036,2086
municipal_2023_mayor,municipal_2023_mayor__03037,Ourland Park,18 Ourland Ave,18 Ourland Ave,43.61509689,-79.50825814,Open Toronto Elections Voting Locations,https://open.toronto.ca/dataset/elections-voting-locations/,2026-02-20,official_open_toronto_point,,verified_official_point,Open Government Licence - Toronto,"Processed polling_division_name comes from Toronto voter-statistics voting-place labels for ordinary rows, but no verified address or coordinate field is present in the repository.",03037,2803
municipal_2023_mayor,municipal_2023_mayor__03038,Edwards Manor,340 Royal York Rd,340 Royal York Rd,43.61691228,-79.49934286,Open Toronto Elections Voting Locations,https://open.toronto.ca/dataset/elections-voting-locations/,2026-02-20,official_open_toronto_point,,verified_official_point,Open Government Licence - Toronto,"Processed polling_division_name comes from Toronto voter-statistics voting-place labels for ordinary rows, but no verified address or coordinate field is present in the repository.",03038,298
municipal_2023_mayor,municipal_2023_mayor__03039,George R. Gauld Junior Public School,200 Melrose St,200 Melrose St,43.62056627,-79.49840569,Open Toronto Elections Voting Locations,https://open.toronto.ca/dataset/elections-voting-locations/,2026-02-20,official_open_toronto_point,,verified_official_point,Open Government Licence - Toronto,"Processed polling_division_name comes from Toronto voter-statistics voting-place labels for ordinary rows, but no verified address or coordinate field is present in the repository.",03039,2450
municipal_2023_mayor,municipal_2023_mayor__03040,The Tides at Mystic Pointe,185 Legion Rd N,185 Legion Rd N,43.62482398,-79.48878073,Open Toronto Elections Voting Locations,https://open.toronto.ca/dataset/elections-voting-locations/,2026-02-20,official_open_toronto_point,,verified_official_point,Open Government Licence - Toronto,"Processed polling_division_name comes from Toronto voter-statistics voting-place labels for ordinary rows, but no verified address or coordinate field is present in the repository.",03040,1323
municipal_2023_mayor,municipal_2023_mayor__03041,Palace Pier Park,1 Palace Pier Crt,1 Palace Pier Crt,43.63148159,-79.47263797,Open Toronto Elections Voting Locations,https://open.toronto.ca/dataset/elections-voting-locations/,2026-02-20,official_open_toronto_point,,verified_official_point,Open Government Licence - Toronto,"Processed polling_division_name comes from Toronto voter-statistics voting-place labels for ordinary rows, but no verified address or coordinate field is present in the repository.",03041,887
municipal_2023_mayor,municipal_2023_mayor__03042,Palace Pier,2045 Lake Shore Blvd W,2045 Lake Shore Blvd W,43.63150017,-79.47451551,Open Toronto Elections Voting Locations,https://open.toronto.ca/dataset/elections-voting-locations/,2026-02-20,official_open_toronto_point,,verified_official_point,Open Government Licence - Toronto,"Processed polling_division_name comes from Toronto voter-statistics voting-place labels for ordinary rows, but no verified address or coordinate field is present in the repository.",03042,733
municipal_2023_mayor,municipal_2023_mayor__03043,Nevis,88 Palace Pier Crt,88 Palace Pier Crt,43.63081375,-79.47530297,Open Toronto Elections Voting Locations,https://open.toronto.ca/dataset/elections-voting-locations/,2026-02-20,official_open_toronto_point,,verified_official_point,Open Government Licence - Toronto,"Processed polling_division_name comes from Toronto voter-statistics voting-place labels for ordinary rows, but no verified address or coordinate field is present in the repository.",03043,405
municipal_2023_mayor,municipal_2023_mayor__03044,Grenadier Landing,5 Marine Parade Dr,5 Marine Parade Dr,43.62974408,-79.47547762,Open Toronto Elections Voting Locations,https://open.toronto.ca/dataset/elections-voting-locations/,2026-02-20,official_open_toronto_point,,verified_official_point,Open Government Licence - Toronto,"Processed polling_division_name comes from Toronto voter-statistics voting-place labels for ordinary rows, but no verified address or coordinate field is present in the repository.",03044,433
municipal_2023_mayor,municipal_2023_mayor__03045,None,3 Marine Parade Dr,3 Marine Parade Dr,43.63023324,-79.47622013,Open Toronto Elections Voting Locations,https://open.toronto.ca/dataset/elections-voting-locations/,2026-02-20,official_open_toronto_point,,verified_official_point,Open Government Licence - Toronto,"Processed polling_division_name comes from Toronto voter-statistics voting-place labels for ordinary rows, but no verified address or coordinate field is present in the repository.",03045,218
municipal_2023_mayor,municipal_2023_mayor__03046,The Waterford,2083 Lake Shore Blvd W,2083 Lake Shore Blvd W,43.62996049,-79.47686380,Open Toronto Elections Voting Locations,https://open.toronto.ca/dataset/elections-voting-locations/,2026-02-20,official_open_toronto_point,,verified_official_point,Open Government Licence - Toronto,"Processed polling_division_name comes from Toronto voter-statistics voting-place labels for ordinary rows, but no verified address or coordinate field is present in the repository.",03046,420
municipal_2023_mayor,municipal_2023_mayor__03047,Newport Beach,2111 Lake Shore Blvd W,2111 Lake Shore Blvd W,43.62894225,-79.47777757,Open Toronto Elections Voting Locations,https://open.toronto.ca/dataset/elections-voting-locations/,2026-02-20,official_open_toronto_point,,verified_official_point,Open Government Licence - Toronto,"Processed polling_division_name comes from Toronto voter-statistics voting-place labels for ordinary rows, but no verified address or coordinate field is present in the repository.",03047,385
municipal_2023_mayor,municipal_2023_mayor__03048,None,58 Marine Parade Dr,58 Marine Parade Dr,43.62746916,-79.47712766,Open Toronto Elections Voting Locations,https://open.toronto.ca/dataset/elections-voting-locations/,2026-02-20,official_open_toronto_point,,verified_official_point,Open Government Licence - Toronto,"Processed polling_division_name comes from Toronto voter-statistics voting-place labels for ordinary rows, but no verified address or coordinate field is present in the repository.",03048,413
municipal_2023_mayor,municipal_2023_mayor__03049,None,2121 Lake Shore Blvd W,2121 Lake Shore Blvd W,43.62738139,-79.47841399,Open Toronto Elections Voting Locations,https://open.toronto.ca/dataset/elections-voting-locations/,2026-02-20,official_open_toronto_point,,verified_official_point,Open Government Licence - Toronto,"Processed polling_division_name comes from Toronto voter-statistics voting-place labels for ordinary rows, but no verified address or coordinate field is present in the repository.",03049,733
municipal_2023_mayor,municipal_2023_mayor__03050,None,16 Brookers Lane,16 Brookers Lane,43.62693020,-79.47851037,Open Toronto Elections Voting Locations,https://open.toronto.ca/dataset/elections-voting-locations/,2026-02-20,official_open_toronto_point,,verified_official_point,Open Government Licence - Toronto,"Processed polling_division_name comes from Toronto voter-statistics voting-place labels for ordinary rows, but no verified address or coordinate field is present in the repository.",03050,599
municipal_2023_mayor,municipal_2023_mayor__03051,None,80 Marine Parade Dr,80 Marine Parade Dr,43.62619373,-79.47730047,Open Toronto Elections Voting Locations,https://open.toronto.ca/dataset/elections-voting-locations/,2026-02-20,official_open_toronto_point,,verified_official_point,Open Government Licence - Toronto,"Processed polling_division_name comes from Toronto voter-statistics voting-place labels for ordinary rows, but no verified address or coordinate field is present in the repository.",03051,475
municipal_2023_mayor,municipal_2023_mayor__03052,None,56 Annie Craig Dr,56 Annie Craig Dr,43.62536318,-79.47873093,Open Toronto Elections Voting Locations,https://open.toronto.ca/dataset/elections-voting-locations/,2026-02-20,official_open_toronto_point,,verified_official_point,Open Government Licence - Toronto,"Processed polling_division_name comes from Toronto voter-statistics voting-place labels for ordinary rows, but no verified address or coordinate field is present in the repository.",03052,612
municipal_2023_mayor,municipal_2023_mayor__03053,Ocean Club,60 Annie Craig Dr,60 Annie Craig Dr,43.62512213,-79.47882302,Open Toronto Elections Voting Locations,https://open.toronto.ca/dataset/elections-voting-locations/,2026-02-20,official_open_toronto_point,,verified_official_point,Open Government Licence - Toronto,"Processed polling_division_name comes from Toronto voter-statistics voting-place labels for ordinary rows, but no verified address or coordinate field is present in the repository.",03053,718
municipal_2023_mayor,municipal_2023_mayor__03054,None,33 Shore Breeze Dr,33 Shore Breeze Dr,43.62388616,-79.47922343,Open Toronto Elections Voting Locations,https://open.toronto.ca/dataset/elections-voting-locations/,2026-02-20,official_open_toronto_point,,verified_official_point,Open Government Licence - Toronto,"Processed polling_division_name comes from Toronto voter-statistics voting-place labels for ordinary rows, but no verified address or coordinate field is present in the repository.",03054,505
municipal_2023_mayor,municipal_2023_mayor__03055,West Lake,2200 Lake Shore Blvd W,2200 Lake Shore Blvd W,43.62274323,-79.48193442,Open Toronto Elections Voting Locations,https://open.toronto.ca/dataset/elections-voting-locations/,2026-02-20,official_open_toronto_point,,verified_official_point,Open Government Licence - Toronto,"Processed polling_division_name comes from Toronto voter-statistics voting-place labels for ordinary rows, but no verified address or coordinate field is present in the repository.",03055,1797
municipal_2023_mayor,municipal_2023_mayor__03056,None,36 Park Lawn Rd,36 Park Lawn Rd,43.62346724,-79.48432075,Open Toronto Elections Voting Locations,https://open.toronto.ca/dataset/elections-voting-locations/,2026-02-20,official_open_toronto_point,,verified_official_point,Open Government Licence - Toronto,"Processed polling_division_name comes from Toronto voter-statistics voting-place labels for ordinary rows, but no verified address or coordinate field is present in the repository.",03056,540
municipal_2023_mayor,municipal_2023_mayor__03057,None,88 Park Lawn Rd,88 Park Lawn Rd,43.62412554,-79.48581137,Open Toronto Elections Voting Locations,https://open.toronto.ca/dataset/elections-voting-locations/,2026-02-20,official_open_toronto_point,,verified_official_point,Open Government Licence - Toronto,"Processed polling_division_name comes from Toronto voter-statistics voting-place labels for ordinary rows, but no verified address or coordinate field is present in the repository.",03057,932
municipal_2023_mayor,municipal_2023_mayor__03058,None,2230 Lake Shore Blvd W,2230 Lake Shore Blvd W,43.62164608,-79.48318478,Open Toronto Elections Voting Locations,https://open.toronto.ca/dataset/elections-voting-locations/,2026-02-20,official_open_toronto_point,,verified_official_point,Open Government Licence - Toronto,"Processed polling_division_name comes from Toronto voter-statistics voting-place labels for ordinary rows, but no verified address or coordinate field is present in the repository.",03058,1241
municipal_2023_mayor,municipal_2023_mayor__03059,Marina Del Ray,2261 Lake Shore Blvd W,2261 Lake Shore Blvd W,43.62016126,-79.48335780,Open Toronto Elections Voting Locations,https://open.toronto.ca/dataset/elections-voting-locations/,2026-02-20,official_open_toronto_point,,verified_official_point,Open Government Licence - Toronto,"Processed polling_division_name comes from Toronto voter-statistics voting-place labels for ordinary rows, but no verified address or coordinate field is present in the repository.",03059,1293
municipal_2023_mayor,municipal_2023_mayor__03060,Grand Harbour,2285 Lake Shore Blvd W,2285 Lake Shore Blvd W,43.61870839,-79.48553697,Open Toronto Elections Voting Locations,https://open.toronto.ca/dataset/elections-voting-locations/,2026-02-20,official_open_toronto_point,,verified_official_point,Open Government Licence - Toronto,"Processed polling_division_name comes from Toronto voter-statistics voting-place labels for ordinary rows, but no verified address or coordinate field is present in the repository.",03060,675
municipal_2023_mayor,municipal_2023_mayor__03061,David Hornell Junior Public School,32 Victoria St,32 Victoria St,43.61933328,-79.48889366,Open Toronto Elections Voting Locations,https://open.toronto.ca/dataset/elections-voting-locations/,2026-02-20,official_open_toronto_point,,verified_official_point,Open Government Licence - Toronto,"Processed polling_division_name comes from Toronto voter-statistics voting-place labels for ordinary rows, but no verified address or coordinate field is present in the repository.",03061,2443
municipal_2023_mayor,municipal_2023_mayor__03062,Lakeshore Humber Community Centre,2445 Lake Shore Blvd W,2445 Lake Shore Blvd W,43.61352516,-79.48884249,Open Toronto Elections Voting Locations,https://open.toronto.ca/dataset/elections-voting-locations/,2026-02-20,official_open_toronto_point,,verified_official_point,Open Government Licence - Toronto,"Processed polling_division_name comes from Toronto voter-statistics voting-place labels for ordinary rows, but no verified address or coordinate field is present in the repository.",03062,2369
municipal_2023_mayor,municipal_2023_mayor__03063,None,98 Cavell Ave,98 Cavell Ave,43.61618407,-79.49590117,Open Toronto Elections Voting Locations,https://open.toronto.ca/dataset/elections-voting-locations/,2026-02-20,official_open_toronto_point,,verified_official_point,Open Government Licence - Toronto,"Processed polling_division_name comes from Toronto voter-statistics voting-place labels for ordinary rows, but no verified address or coordinate field is present in the repository.",03063,1165
municipal_2023_mayor,municipal_2023_mayor__03064,Mimico Public Library,47 Station Rd,47 Station Rd,43.61479305,-79.49374179,Open Toronto Elections Voting Locations,https://open.toronto.ca/dataset/elections-voting-locations/,2026-02-20,official_open_toronto_point,,verified_official_point,Open Government Licence - Toronto,"Processed polling_division_name comes from Toronto voter-statistics voting-place labels for ordinary rows, but no verified address or coordinate field is present in the repository.",03064,2416
municipal_2023_mayor,municipal_2023_mayor__03065,Mimico Adult Centre,255 Royal York Rd,255 Royal York Rd,43.61307633,-79.49664623,Open Toronto Elections Voting Locations,https://open.toronto.ca/dataset/elections-voting-locations/,2026-02-20,official_open_toronto_point,,verified_official_point,Open Government Licence - Toronto,"Processed polling_division_name comes from Toronto voter-statistics voting-place labels for ordinary rows, but no verified address or coordinate field is present in the repository.",03065,2528
municipal_2023_mayor,municipal_2023_mayor__03067,Second Street Junior Middle School,71 Second St,71 Second St,43.60372508,-79.50002290,Open Toronto Elections Voting Locations,https://open.toronto.ca/dataset/elections-voting-locations/,2026-02-20,official_open_toronto_point,,verified_official_point,Open Government Licence - Toronto,"Processed polling_division_name comes from Toronto voter-statistics voting-place labels for ordinary rows, but no verified address or coordinate field is present in the repository.",03067,2153
municipal_2023_mayor,municipal_2023_mayor__03068,None,185 Fifth St,185 Fifth St,43.60356473,-79.50343066,Open Toronto Elections Voting Locations,https://open.toronto.ca/dataset/elections-voting-locations/,2026-02-20,official_open_toronto_point,,verified_official_point,Open Government Licence - Toronto,"Processed polling_division_name comes from Toronto voter-statistics voting-place labels for ordinary rows, but no verified address or coordinate field is present in the repository.",03068,1459
municipal_2023_mayor,municipal_2023_mayor__03069,None,2835 Lake Shore Blvd W,2835 Lake Shore Blvd W,43.60136342,-79.50153337,Open Toronto Elections Voting Locations,https://open.toronto.ca/dataset/elections-voting-locations/,2026-02-20,official_open_toronto_point,,verified_official_point,Open Government Licence - Toronto,"Processed polling_division_name comes from Toronto voter-statistics voting-place labels for ordinary rows, but no verified address or coordinate field is present in the repository.",03069,149
municipal_2023_mayor,municipal_2023_mayor__03070,Seventh Street Junior School,101 Seventh St,101 Seventh St,43.59992437,-79.50419384,Open Toronto Elections Voting Locations,https://open.toronto.ca/dataset/elections-voting-locations/,2026-02-20,official_open_toronto_point,,verified_official_point,Open Government Licence - Toronto,"Processed polling_division_name comes from Toronto voter-statistics voting-place labels for ordinary rows, but no verified address or coordinate field is present in the repository.",03070,1968
municipal_2023_mayor,municipal_2023_mayor__03071,Eau du Soleil,30 Shore Breeze Dr,30 Shore Breeze Dr,43.62351721,-79.47928768,Open Toronto Elections Voting Locations,https://open.toronto.ca/dataset/elections-voting-locations/,2026-02-20,official_open_toronto_point,,verified_official_point,Open Government Licence - Toronto,"Processed polling_division_name comes from Toronto voter-statistics voting-place labels for ordinary rows, but no verified address or coordinate field is present in the repository.",03071,1696
municipal_2023_mayor,municipal_2023_mayor__03072,Westlake Encore,10 Park Lawn Rd,10 Park Lawn Rd,43.62321268,-79.48393122,Open Toronto Elections Voting Locations,https://open.toronto.ca/dataset/elections-voting-locations/,2026-02-20,official_open_toronto_point,,verified_official_point,Open Government Licence - Toronto,"Processed polling_division_name comes from Toronto voter-statistics voting-place labels for ordinary rows, but no verified address or coordinate field is present in the repository.",03072,719
municipal_2023_mayor,municipal_2023_mayor__03073,Lerette Manor,250 Twelfth St,250 Twelfth St,43.60066107,-79.51151877,Open Toronto Elections Voting Locations,https://open.toronto.ca/dataset/elections-voting-locations/,2026-02-20,official_open_toronto_point,,verified_official_point,Open Government Licence - Toronto,"Processed polling_division_name comes from Toronto voter-statistics voting-place labels for ordinary rows, but no verified address or coordinate field is present in the repository.",03073,1384
municipal_2023_mayor,municipal_2023_mayor__03074,Lakeshore Collegiate Institute,350 Kipling Ave,350 Kipling Ave,43.60156342,-79.51916064,Open Toronto Elections Voting Locations,https://open.toronto.ca/dataset/elections-voting-locations/,2026-02-20,official_open_toronto_point,,verified_official_point,Open Government Licence - Toronto,"Processed polling_division_name comes from Toronto voter-statistics voting-place labels for ordinary rows, but no verified address or coordinate field is present in the repository.",03074,1624
municipal_2023_mayor,municipal_2023_mayor__03075,"Father John Redmond, Ken Cox Community Centre",28 Colonel Samuel Smith Park Dr,28 Colonel Samuel Smith Park Dr,43.59514135,-79.51653877,Open Toronto Elections Voting Locations,https://open.toronto.ca/dataset/elections-voting-locations/,2026-02-20,official_open_toronto_point,,verified_official_point,Open Government Licence - Toronto,"Processed polling_division_name comes from Toronto voter-statistics voting-place labels for ordinary rows, but no verified address or coordinate field is present in the repository.",03075,2245
municipal_2023_mayor,municipal_2023_mayor__03076,Lakeshore Lodge Nursing Home,3197 Lake Shore Blvd W,3197 Lake Shore Blvd W,43.59734568,-79.51855744,Open Toronto Elections Voting Locations,https://open.toronto.ca/dataset/elections-voting-locations/,2026-02-20,official_open_toronto_point,,verified_official_point,Open Government Licence - Toronto,"Processed polling_division_name comes from Toronto voter-statistics voting-place labels for ordinary rows, but no verified address or coordinate field is present in the repository.",03076,2
municipal_2023_mayor,municipal_2023_mayor__03077,The Holy Trinity Catholic School,6 Colonel Samuel Smith Park Dr,6 Colonel Samuel Smith Park Dr,43.59734465,-79.51728639,Open Toronto Elections Voting Locations,https://open.toronto.ca/dataset/elections-voting-locations/,2026-02-20,official_open_toronto_point,,verified_official_point,Open Government Licence - Toronto,"Processed polling_division_name comes from Toronto voter-statistics voting-place labels for ordinary rows, but no verified address or coordinate field is present in the repository.",03077,2039
municipal_2023_mayor,municipal_2023_mayor__03078,James S Bell Junior Middle School - Building Grounds,90 Thirty First St,90 Thirty First St,43.59435423,-79.53019170,Open Toronto Elections Voting Locations,https://open.toronto.ca/dataset/elections-voting-locations/,2026-02-20,official_open_toronto_point,,verified_official_point,Open Government Licence - Toronto,"Processed polling_division_name comes from Toronto voter-statistics voting-place labels for ordinary rows, but no verified address or coordinate field is present in the repository.",03078,3107
municipal_2023_mayor,municipal_2023_mayor__03079,Long Branch Public Library,3500 Lake Shore Blvd W,3500 Lake Shore Blvd W,43.59530580,-79.53132218,Open Toronto Elections Voting Locations,https://open.toronto.ca/dataset/elections-voting-locations/,2026-02-20,official_open_toronto_point,,verified_official_point,Open Government Licence - Toronto,"Processed polling_division_name comes from Toronto voter-statistics voting-place labels for ordinary rows, but no verified address or coordinate field is present in the repository.",03079,1987
municipal_2023_mayor,municipal_2023_mayor__03080,Vita On the Lake,70 Annie Craig Dr,70 Annie Craig Dr,43.62473909,-79.47896241,Open Toronto Elections Voting Locations,https://open.toronto.ca/dataset/elections-voting-locations/,2026-02-20,official_open_toronto_point,,verified_official_point,Open Government Licence - Toronto,"Processed polling_division_name comes from Toronto voter-statistics voting-place labels for ordinary rows, but no verified address or coordinate field is present in the repository.",03080,
municipal_2023_mayor,municipal_2023_mayor__03081,Ecole Elementaire Micheline-Saint-Cyr,85 Forty First St,85 Forty First St,43.59021886,-79.54378099,Open Toronto Elections Voting Locations,https://open.toronto.ca/dataset/elections-voting-locations/,2026-02-20,official_open_toronto_point,,verified_official_point,Open Government Licence - Toronto,"Processed polling_division_name comes from Toronto voter-statistics voting-place labels for ordinary rows, but no verified address or coordinate field is present in the repository.",03081,2652
municipal_2023_mayor,municipal_2023_mayor__03082,Franklin Horner Community Centre - Building Grounds,432 Horner Ave,432 Horner Ave,43.60366442,-79.53803340,Open Toronto Elections Voting Locations,https://open.toronto.ca/dataset/elections-voting-locations/,2026-02-20,official_open_toronto_point,,verified_official_point,Open Government Licence - Toronto,"Processed polling_division_name comes from Toronto voter-statistics voting-place labels for ordinary rows, but no verified address or coordinate field is present in the repository.",03082,2953
municipal_2023_mayor,municipal_2023_mayor__03083,Sir Adam Beck Junior School,544 Horner Ave,544 Horner Ave,43.60178123,-79.54827567,Open Toronto Elections Voting Locations,https://open.toronto.ca/dataset/elections-voting-locations/,2026-02-20,official_open_toronto_point,,verified_official_point,Open Government Licence - Toronto,"Processed polling_division_name comes from Toronto voter-statistics voting-place labels for ordinary rows, but no verified address or coordinate field is present in the repository.",03083,2538
municipal_2023_mayor,municipal_2023_mayor__03084,Lanor Junior Middle School,450 Lanor Ave,450 Lanor Ave,43.60950149,-79.54479219,Open Toronto Elections Voting Locations,https://open.toronto.ca/dataset/elections-voting-locations/,2026-02-20,official_open_toronto_point,,verified_official_point,Open Government Licence - Toronto,"Processed polling_division_name comes from Toronto voter-statistics voting-place labels for ordinary rows, but no verified address or coordinate field is present in the repository.",03084,2962
municipal_2023_mayor,municipal_2023_mayor__03085,St. Ambrose Catholic School,20 Coules Crt,20 Coules Crt,43.60837010,-79.55012287,Open Toronto Elections Voting Locations,https://open.toronto.ca/dataset/elections-voting-locations/,2026-02-20,official_open_toronto_point,,verified_official_point,Open Government Licence - Toronto,"Processed polling_division_name comes from Toronto voter-statistics voting-place labels for ordinary rows, but no verified address or coordinate field is present in the repository.",03085,2507
municipal_2023_mayor,municipal_2023_mayor__03086,None,215 Sherway Gardens Rd,215 Sherway Gardens Rd,43.60927125,-79.55756540,Open Toronto Elections Voting Locations,https://open.toronto.ca/dataset/elections-voting-locations/,2026-02-20,official_open_toronto_point,,verified_official_point,Open Government Licence - Toronto,"Processed polling_division_name comes from Toronto voter-statistics voting-place labels for ordinary rows, but no verified address or coordinate field is present in the repository.",03086,896
municipal_2023_mayor,municipal_2023_mayor__03087,None,225 Sherway Gardens Rd,225 Sherway Gardens Rd,43.60905526,-79.55828825,Open Toronto Elections Voting Locations,https://open.toronto.ca/dataset/elections-voting-locations/,2026-02-20,official_open_toronto_point,,verified_official_point,Open Government Licence - Toronto,"Processed polling_division_name comes from Toronto voter-statistics voting-place labels for ordinary rows, but no verified address or coordinate field is present in the repository.",03087,916
municipal_2023_mayor,municipal_2023_mayor__03088,The McCall Centre For Continuing Care ,140 Sherway Dr,140 Sherway Dr,43.61000235,-79.56212687,Open Toronto Elections Voting Locations,https://open.toronto.ca/dataset/elections-voting-locations/,2026-02-20,official_open_toronto_point,,verified_official_point,Open Government Licence - Toronto,"Processed polling_division_name comes from Toronto voter-statistics voting-place labels for ordinary rows, but no verified address or coordinate field is present in the repository.",03088,70
municipal_2023_mayor,municipal_2023_mayor__04001,Copernicus Lodge,66 Roncesvalles Ave,66 Roncesvalles Ave,43.64019089,-79.44730433,Open Toronto Elections Voting Locations,https://open.toronto.ca/dataset/elections-voting-locations/,2026-02-20,official_open_toronto_point,,verified_official_point,Open Government Licence - Toronto,"Processed polling_division_name comes from Toronto voter-statistics voting-place labels for ordinary rows, but no verified address or coordinate field is present in the repository.",04001,208
municipal_2023_mayor,municipal_2023_mayor__04002,Warren Park Junior Public School,135 Varsity Rd,135 Varsity Rd,43.66284277,-79.49943751,Open Toronto Elections Voting Locations,https://open.toronto.ca/dataset/elections-voting-locations/,2026-02-20,official_open_toronto_point,,verified_official_point,Open Government Licence - Toronto,"Processed polling_division_name comes from Toronto voter-statistics voting-place labels for ordinary rows, but no verified address or coordinate field is present in the repository.",04002,3086
municipal_2023_mayor,municipal_2023_mayor__04004,Humbercrest United Church - Building Grounds,16 Baby Point Rd,16 Baby Point Rd,43.65847053,-79.49000566,Open Toronto Elections Voting Locations,https://open.toronto.ca/dataset/elections-voting-locations/,2026-02-20,official_open_toronto_point,,verified_official_point,Open Government Licence - Toronto,"Processed polling_division_name comes from Toronto voter-statistics voting-place labels for ordinary rows, but no verified address or coordinate field is present in the repository.",04004,2566
municipal_2023_mayor,municipal_2023_mayor__04005,King George Public School,25 Rexford Rd,25 Rexford Rd,43.66316269,-79.48688675,Open Toronto Elections Voting Locations,https://open.toronto.ca/dataset/elections-voting-locations/,2026-02-20,official_open_toronto_point,,verified_official_point,Open Government Licence - Toronto,"Processed polling_division_name comes from Toronto voter-statistics voting-place labels for ordinary rows, but no verified address or coordinate field is present in the repository.",04005,2897
municipal_2023_mayor,municipal_2023_mayor__04006,James Culnan Catholic School,605 Willard Ave,605 Willard Ave,43.66110712,-79.48558425,Open Toronto Elections Voting Locations,https://open.toronto.ca/dataset/elections-voting-locations/,2026-02-20,official_open_toronto_point,,verified_official_point,Open Government Licence - Toronto,"Processed polling_division_name comes from Toronto voter-statistics voting-place labels for ordinary rows, but no verified address or coordinate field is present in the repository.",04006,2625
municipal_2023_mayor,municipal_2023_mayor__04007,Runnymede Health Care Centre,625 Runnymede Rd,625 Runnymede Rd,43.66417366,-79.48112633,Open Toronto Elections Voting Locations,https://open.toronto.ca/dataset/elections-voting-locations/,2026-02-20,official_open_toronto_point,,verified_official_point,Open Government Licence - Toronto,"Processed polling_division_name comes from Toronto voter-statistics voting-place labels for ordinary rows, but no verified address or coordinate field is present in the repository.",04007,
municipal_2023_mayor,municipal_2023_mayor__04008,Annette Community Recreation Centre - Building Grounds,333 Annette St,333 Annette St,43.66120446,-79.47413909,Open Toronto Elections Voting Locations,https://open.toronto.ca/dataset/elections-voting-locations/,2026-02-20,official_open_toronto_point,,verified_official_point,Open Government Licence - Toronto,"Processed polling_division_name comes from Toronto voter-statistics voting-place labels for ordinary rows, but no verified address or coordinate field is present in the repository.",04008,3103
municipal_2023_mayor,municipal_2023_mayor__04009,The Church Of St. John,288 Humberside Ave,288 Humberside Ave,43.66064013,-79.46919297,Open Toronto Elections Voting Locations,https://open.toronto.ca/dataset/elections-voting-locations/,2026-02-20,official_open_toronto_point,,verified_official_point,Open Government Licence - Toronto,"Processed polling_division_name comes from Toronto voter-statistics voting-place labels for ordinary rows, but no verified address or coordinate field is present in the repository.",04009,2237
municipal_2023_mayor,municipal_2023_mayor__04010,Annette Street Public Library,145 Annette St,145 Annette St,43.66330398,-79.46644109,Open Toronto Elections Voting Locations,https://open.toronto.ca/dataset/elections-voting-locations/,2026-02-20,official_open_toronto_point,,verified_official_point,Open Government Licence - Toronto,"Processed polling_division_name comes from Toronto voter-statistics voting-place labels for ordinary rows, but no verified address or coordinate field is present in the repository.",04010,2670
municipal_2023_mayor,municipal_2023_mayor__04011,None,60 Heintzman St,60 Heintzman St,43.66689790,-79.46427712,Open Toronto Elections Voting Locations,https://open.toronto.ca/dataset/elections-voting-locations/,2026-02-20,official_open_toronto_point,,verified_official_point,Open Government Licence - Toronto,"Processed polling_division_name comes from Toronto voter-statistics voting-place labels for ordinary rows, but no verified address or coordinate field is present in the repository.",04011,1030
municipal_2023_mayor,municipal_2023_mayor__04013,Keele St Church Of Christ,97 Annette St,97 Annette St,43.66336901,-79.46324130,Open Toronto Elections Voting Locations,https://open.toronto.ca/dataset/elections-voting-locations/,2026-02-20,official_open_toronto_point,,verified_official_point,Open Government Licence - Toronto,"Processed polling_division_name comes from Toronto voter-statistics voting-place labels for ordinary rows, but no verified address or coordinate field is present in the repository.",04013,1724
municipal_2023_mayor,municipal_2023_mayor__04014,Indian Road Crescent Public School,285 Indian Road Cres,285 Indian Road Cres,43.66252873,-79.46007790,Open Toronto Elections Voting Locations,https://open.toronto.ca/dataset/elections-voting-locations/,2026-02-20,official_open_toronto_point,,verified_official_point,Open Government Licence - Toronto,"Processed polling_division_name comes from Toronto voter-statistics voting-place labels for ordinary rows, but no verified address or coordinate field is present in the repository.",04014,2550
municipal_2023_mayor,municipal_2023_mayor__04015,None,2340 Dundas St W,2340 Dundas St W,43.65681391,-79.45209148,Open Toronto Elections Voting Locations,https://open.toronto.ca/dataset/elections-voting-locations/,2026-02-20,official_open_toronto_point,,verified_official_point,Open Government Licence - Toronto,"Processed polling_division_name comes from Toronto voter-statistics voting-place labels for ordinary rows, but no verified address or coordinate field is present in the repository.",04015,1405
municipal_2023_mayor,municipal_2023_mayor__04017,St. Joan Of Arc Church,1701 Bloor St W,1701 Bloor St W,43.65488137,-79.45792034,Open Toronto Elections Voting Locations,https://open.toronto.ca/dataset/elections-voting-locations/,2026-02-20,official_open_toronto_point,,verified_official_point,Open Government Licence - Toronto,"Processed polling_division_name comes from Toronto voter-statistics voting-place labels for ordinary rows, but no verified address or coordinate field is present in the repository.",04017,2363
municipal_2023_mayor,municipal_2023_mayor__04018,Vilnius Manor,1700 Bloor St W,1700 Bloor St W,43.65539564,-79.45842283,Open Toronto Elections Voting Locations,https://open.toronto.ca/dataset/elections-voting-locations/,2026-02-20,official_open_toronto_point,,verified_official_point,Open Government Licence - Toronto,"Processed polling_division_name comes from Toronto voter-statistics voting-place labels for ordinary rows, but no verified address or coordinate field is present in the repository.",04018,2117
municipal_2023_mayor,municipal_2023_mayor__04019,Keele Community Centre - Building Grounds,181 Glenlake Ave,181 Glenlake Ave,43.65808486,-79.46217733,Open Toronto Elections Voting Locations,https://open.toronto.ca/dataset/elections-voting-locations/,2026-02-20,official_open_toronto_point,,verified_official_point,Open Government Licence - Toronto,"Processed polling_division_name comes from Toronto voter-statistics voting-place labels for ordinary rows, but no verified address or coordinate field is present in the repository.",04019,1948
municipal_2023_mayor,municipal_2023_mayor__04020,None,60 Mountview Ave,60 Mountview Ave,43.65686946,-79.46242262,Open Toronto Elections Voting Locations,https://open.toronto.ca/dataset/elections-voting-locations/,2026-02-20,official_open_toronto_point,,verified_official_point,Open Government Licence - Toronto,"Processed polling_division_name comes from Toronto voter-statistics voting-place labels for ordinary rows, but no verified address or coordinate field is present in the repository.",04020,387
municipal_2023_mayor,municipal_2023_mayor__04021,The Grenadier Retirement Home,2100 Bloor St W,2100 Bloor St W,43.65260356,-79.47099612,Open Toronto Elections Voting Locations,https://open.toronto.ca/dataset/elections-voting-locations/,2026-02-20,official_open_toronto_point,,verified_official_point,Open Government Licence - Toronto,"Processed polling_division_name comes from Toronto voter-statistics voting-place labels for ordinary rows, but no verified address or coordinate field is present in the repository.",04021,235
municipal_2023_mayor,municipal_2023_mayor__04022,None,45 Oakmount Rd,45 Oakmount Rd,43.65640197,-79.46298638,Open Toronto Elections Voting Locations,https://open.toronto.ca/dataset/elections-voting-locations/,2026-02-20,official_open_toronto_point,,verified_official_point,Open Government Licence - Toronto,"Processed polling_division_name comes from Toronto voter-statistics voting-place labels for ordinary rows, but no verified address or coordinate field is present in the repository.",04022,370
municipal_2023_mayor,municipal_2023_mayor__04023,None,1830 Bloor St W,1830 Bloor St W,43.65441364,-79.46295507,Open Toronto Elections Voting Locations,https://open.toronto.ca/dataset/elections-voting-locations/,2026-02-20,official_open_toronto_point,,verified_official_point,Open Government Licence - Toronto,"Processed polling_division_name comes from Toronto voter-statistics voting-place labels for ordinary rows, but no verified address or coordinate field is present in the repository.",04023,484
municipal_2023_mayor,municipal_2023_mayor__04024,None,22 Oakmount Rd,22 Oakmount Rd,43.65516747,-79.46354130,Open Toronto Elections Voting Locations,https://open.toronto.ca/dataset/elections-voting-locations/,2026-02-20,official_open_toronto_point,,verified_official_point,Open Government Licence - Toronto,"Processed polling_division_name comes from Toronto voter-statistics voting-place labels for ordinary rows, but no verified address or coordinate field is present in the repository.",04024,341
municipal_2023_mayor,municipal_2023_mayor__04025,None,255 Glenlake Ave,255 Glenlake Ave,43.65753211,-79.46459418,Open Toronto Elections Voting Locations,https://open.toronto.ca/dataset/elections-voting-locations/,2026-02-20,official_open_toronto_point,,verified_official_point,Open Government Licence - Toronto,"Processed polling_division_name comes from Toronto voter-statistics voting-place labels for ordinary rows, but no verified address or coordinate field is present in the repository.",04025,539
municipal_2023_mayor,municipal_2023_mayor__04026,None,111 Pacific Ave,111 Pacific Ave,43.65714876,-79.46477389,Open Toronto Elections Voting Locations,https://open.toronto.ca/dataset/elections-voting-locations/,2026-02-20,official_open_toronto_point,,verified_official_point,Open Government Licence - Toronto,"Processed polling_division_name comes from Toronto voter-statistics voting-place labels for ordinary rows, but no verified address or coordinate field is present in the repository.",04026,667
municipal_2023_mayor,municipal_2023_mayor__04027,None,299 Glenlake Ave,299 Glenlake Ave,43.65688848,-79.46536429,Open Toronto Elections Voting Locations,https://open.toronto.ca/dataset/elections-voting-locations/,2026-02-20,official_open_toronto_point,,verified_official_point,Open Government Licence - Toronto,"Processed polling_division_name comes from Toronto voter-statistics voting-place labels for ordinary rows, but no verified address or coordinate field is present in the repository.",04027,293
municipal_2023_mayor,municipal_2023_mayor__04028,None,66 Pacific Ave,66 Pacific Ave,43.65522369,-79.46480732,Open Toronto Elections Voting Locations,https://open.toronto.ca/dataset/elections-voting-locations/,2026-02-20,official_open_toronto_point,,verified_official_point,Open Government Licence - Toronto,"Processed polling_division_name comes from Toronto voter-statistics voting-place labels for ordinary rows, but no verified address or coordinate field is present in the repository.",04028,363
municipal_2023_mayor,municipal_2023_mayor__04029,None,35 High Park Ave,35 High Park Ave,43.65471783,-79.46528162,Open Toronto Elections Voting Locations,https://open.toronto.ca/dataset/elections-voting-locations/,2026-02-20,official_open_toronto_point,,verified_official_point,Open Government Licence - Toronto,"Processed polling_division_name comes from Toronto voter-statistics voting-place labels for ordinary rows, but no verified address or coordinate field is present in the repository.",04029,335
municipal_2023_mayor,municipal_2023_mayor__04030,None,65 High Park Ave,65 High Park Ave,43.65594816,-79.46542479,Open Toronto Elections Voting Locations,https://open.toronto.ca/dataset/elections-voting-locations/,2026-02-20,official_open_toronto_point,,verified_official_point,Open Government Licence - Toronto,"Processed polling_division_name comes from Toronto voter-statistics voting-place labels for ordinary rows, but no verified address or coordinate field is present in the repository.",04030,546
municipal_2023_mayor,municipal_2023_mayor__04031,None,95 High Park Ave,95 High Park Ave,43.65678758,-79.46615734,Open Toronto Elections Voting Locations,https://open.toronto.ca/dataset/elections-voting-locations/,2026-02-20,official_open_toronto_point,,verified_official_point,Open Government Licence - Toronto,"Processed polling_division_name comes from Toronto voter-statistics voting-place labels for ordinary rows, but no verified address or coordinate field is present in the repository.",04031,347
municipal_2023_mayor,municipal_2023_mayor__04033,None,100 High Park Ave,100 High Park Ave,43.65655925,-79.46738141,Open Toronto Elections Voting Locations,https://open.toronto.ca/dataset/elections-voting-locations/,2026-02-20,official_open_toronto_point,,verified_official_point,Open Government Licence - Toronto,"Processed polling_division_name comes from Toronto voter-statistics voting-place labels for ordinary rows, but no verified address or coordinate field is present in the repository.",04033,446
municipal_2023_mayor,municipal_2023_mayor__04034,None,50 High Park Ave,50 High Park Ave,43.65549794,-79.46656407,Open Toronto Elections Voting Locations,https://open.toronto.ca/dataset/elections-voting-locations/,2026-02-20,official_open_toronto_point,,verified_official_point,Open Government Licence - Toronto,"Processed polling_division_name comes from Toronto voter-statistics voting-place labels for ordinary rows, but no verified address or coordinate field is present in the repository.",04034,
municipal_2023_mayor,municipal_2023_mayor__04035,High Park Green,100 Quebec Ave,100 Quebec Ave,43.65565772,-79.46824012,Open Toronto Elections Voting Locations,https://open.toronto.ca/dataset/elections-voting-locations/,2026-02-20,official_open_toronto_point,,verified_official_point,Open Government Licence - Toronto,"Processed polling_division_name comes from Toronto voter-statistics voting-place labels for ordinary rows, but no verified address or coordinate field is present in the repository.",04035,610
municipal_2023_mayor,municipal_2023_mayor__04036,None,50 Quebec Ave,50 Quebec Ave,43.65444042,-79.46807844,Open Toronto Elections Voting Locations,https://open.toronto.ca/dataset/elections-voting-locations/,2026-02-20,official_open_toronto_point,,verified_official_point,Open Government Licence - Toronto,"Processed polling_division_name comes from Toronto voter-statistics voting-place labels for ordinary rows, but no verified address or coordinate field is present in the repository.",04036,1284
municipal_2023_mayor,municipal_2023_mayor__04037,Runnymede Public Library,2178 Bloor St W,2178 Bloor St W,43.65190174,-79.47390894,Open Toronto Elections Voting Locations,https://open.toronto.ca/dataset/elections-voting-locations/,2026-02-20,official_open_toronto_point,,verified_official_point,Open Government Licence - Toronto,"Processed polling_division_name comes from Toronto voter-statistics voting-place labels for ordinary rows, but no verified address or coordinate field is present in the repository.",04037,1065
municipal_2023_mayor,municipal_2023_mayor__04038,Runnymede United Church,432 Runnymede Rd,432 Runnymede Rd,43.65680157,-79.47921113,Open Toronto Elections Voting Locations,https://open.toronto.ca/dataset/elections-voting-locations/,2026-02-20,official_open_toronto_point,,verified_official_point,Open Government Licence - Toronto,"Processed polling_division_name comes from Toronto voter-statistics voting-place labels for ordinary rows, but no verified address or coordinate field is present in the repository.",04038,3531
municipal_2023_mayor,municipal_2023_mayor__04039,St. Pius X Catholic School,71 Jane St,71 Jane St,43.65127722,-79.48471334,Open Toronto Elections Voting Locations,https://open.toronto.ca/dataset/elections-voting-locations/,2026-02-20,official_open_toronto_point,,verified_official_point,Open Government Licence - Toronto,"Processed polling_division_name comes from Toronto voter-statistics voting-place labels for ordinary rows, but no verified address or coordinate field is present in the repository.",04039,2791
municipal_2023_mayor,municipal_2023_mayor__04040,Swansea Town Hall,95 Lavinia Ave,95 Lavinia Ave,43.64764979,-79.47787844,Open Toronto Elections Voting Locations,https://open.toronto.ca/dataset/elections-voting-locations/,2026-02-20,official_open_toronto_point,,verified_official_point,Open Government Licence - Toronto,"Processed polling_division_name comes from Toronto voter-statistics voting-place labels for ordinary rows, but no verified address or coordinate field is present in the repository.",04040,2795
municipal_2023_mayor,municipal_2023_mayor__04041,Morningside-High Park Pres Church,4 Morningside Ave,4 Morningside Ave,43.64634907,-79.47303306,Open Toronto Elections Voting Locations,https://open.toronto.ca/dataset/elections-voting-locations/,2026-02-20,official_open_toronto_point,,verified_official_point,Open Government Licence - Toronto,"Processed polling_division_name comes from Toronto voter-statistics voting-place labels for ordinary rows, but no verified address or coordinate field is present in the repository.",04041,1979
municipal_2023_mayor,municipal_2023_mayor__04042,Swansea Public School,207 Windermere Ave,207 Windermere Ave,43.64367929,-79.47704275,Open Toronto Elections Voting Locations,https://open.toronto.ca/dataset/elections-voting-locations/,2026-02-20,official_open_toronto_point,,verified_official_point,Open Government Licence - Toronto,"Processed polling_division_name comes from Toronto voter-statistics voting-place labels for ordinary rows, but no verified address or coordinate field is present in the repository.",04042,3227
municipal_2023_mayor,municipal_2023_mayor__04043,None,35 Ormskirk Ave,35 Ormskirk Ave,43.63918081,-79.47489316,Open Toronto Elections Voting Locations,https://open.toronto.ca/dataset/elections-voting-locations/,2026-02-20,official_open_toronto_point,,verified_official_point,Open Government Licence - Toronto,"Processed polling_division_name comes from Toronto voter-statistics voting-place labels for ordinary rows, but no verified address or coordinate field is present in the repository.",04043,335
municipal_2023_mayor,municipal_2023_mayor__04044,None,60 Southport St,60 Southport St,43.63878551,-79.47383754,Open Toronto Elections Voting Locations,https://open.toronto.ca/dataset/elections-voting-locations/,2026-02-20,official_open_toronto_point,,verified_official_point,Open Government Licence - Toronto,"Processed polling_division_name comes from Toronto voter-statistics voting-place labels for ordinary rows, but no verified address or coordinate field is present in the repository.",04044,429
municipal_2023_mayor,municipal_2023_mayor__04045,None,45 Southport St,45 Southport St,43.63910149,-79.47258530,Open Toronto Elections Voting Locations,https://open.toronto.ca/dataset/elections-voting-locations/,2026-02-20,official_open_toronto_point,,verified_official_point,Open Government Licence - Toronto,"Processed polling_division_name comes from Toronto voter-statistics voting-place labels for ordinary rows, but no verified address or coordinate field is present in the repository.",04045,570
municipal_2023_mayor,municipal_2023_mayor__04046,South Kingsway Village Rec Centre,20 Southport St,20 Southport St,43.63739620,-79.47214835,Open Toronto Elections Voting Locations,https://open.toronto.ca/dataset/elections-voting-locations/,2026-02-20,official_open_toronto_point,,verified_official_point,Open Government Licence - Toronto,"Processed polling_division_name comes from Toronto voter-statistics voting-place labels for ordinary rows, but no verified address or coordinate field is present in the repository.",04046,659
municipal_2023_mayor,municipal_2023_mayor__04047,None,1 Ripley Ave,1 Ripley Ave,43.63680882,-79.47418572,Open Toronto Elections Voting Locations,https://open.toronto.ca/dataset/elections-voting-locations/,2026-02-20,official_open_toronto_point,,verified_official_point,Open Government Licence - Toronto,"Processed polling_division_name comes from Toronto voter-statistics voting-place labels for ordinary rows, but no verified address or coordinate field is present in the repository.",04047,198
municipal_2023_mayor,municipal_2023_mayor__04048,None,103 The Queensway,103 The Queensway,43.63629632,-79.47020965,Open Toronto Elections Voting Locations,https://open.toronto.ca/dataset/elections-voting-locations/,2026-02-20,official_open_toronto_point,,verified_official_point,Open Government Licence - Toronto,"Processed polling_division_name comes from Toronto voter-statistics voting-place labels for ordinary rows, but no verified address or coordinate field is present in the repository.",04048,1638
municipal_2023_mayor,municipal_2023_mayor__04049,Windermere By The Lake,15 Windermere Ave,15 Windermere Ave,43.63693442,-79.46892889,Open Toronto Elections Voting Locations,https://open.toronto.ca/dataset/elections-voting-locations/,2026-02-20,official_open_toronto_point,,verified_official_point,Open Government Licence - Toronto,"Processed polling_division_name comes from Toronto voter-statistics voting-place labels for ordinary rows, but no verified address or coordinate field is present in the repository.",04049,611
municipal_2023_mayor,municipal_2023_mayor__04050,None,1900 Lake Shore Blvd W,1900 Lake Shore Blvd W,43.63639833,-79.46606030,Open Toronto Elections Voting Locations,https://open.toronto.ca/dataset/elections-voting-locations/,2026-02-20,official_open_toronto_point,,verified_official_point,Open Government Licence - Toronto,"Processed polling_division_name comes from Toronto voter-statistics voting-place labels for ordinary rows, but no verified address or coordinate field is present in the repository.",04050,425
municipal_2023_mayor,municipal_2023_mayor__04051,Howard Public School,30 Marmaduke St,30 Marmaduke St,43.65042631,-79.45227209,Open Toronto Elections Voting Locations,https://open.toronto.ca/dataset/elections-voting-locations/,2026-02-20,official_open_toronto_point,,verified_official_point,Open Government Licence - Toronto,"Processed polling_division_name comes from Toronto voter-statistics voting-place labels for ordinary rows, but no verified address or coordinate field is present in the repository.",04051,4370
municipal_2023_mayor,municipal_2023_mayor__04053,St. Vincent De Paul Catholic School,116 Fermanagh Ave,116 Fermanagh Ave,43.64682927,-79.44792302,Open Toronto Elections Voting Locations,https://open.toronto.ca/dataset/elections-voting-locations/,2026-02-20,official_open_toronto_point,,verified_official_point,Open Government Licence - Toronto,"Processed polling_division_name comes from Toronto voter-statistics voting-place labels for ordinary rows, but no verified address or coordinate field is present in the repository.",04053,3266
municipal_2023_mayor,municipal_2023_mayor__04054,High Park Public Library - Building Grounds,228 Roncesvalles Ave,228 Roncesvalles Ave,43.64513485,-79.44896294,Open Toronto Elections Voting Locations,https://open.toronto.ca/dataset/elections-voting-locations/,2026-02-20,official_open_toronto_point,,verified_official_point,Open Government Licence - Toronto,"Processed polling_division_name comes from Toronto voter-statistics voting-place labels for ordinary rows, but no verified address or coordinate field is present in the repository.",04054,2480
municipal_2023_mayor,municipal_2023_mayor__04055,Garden Avenue Public School,225 Garden Ave,225 Garden Ave,43.64320010,-79.44912370,Open Toronto Elections Voting Locations,https://open.toronto.ca/dataset/elections-voting-locations/,2026-02-20,official_open_toronto_point,,verified_official_point,Open Government Licence - Toronto,"Processed polling_division_name comes from Toronto voter-statistics voting-place labels for ordinary rows, but no verified address or coordinate field is present in the repository.",04055,2863
municipal_2023_mayor,municipal_2023_mayor__04057,Parkdale Activity Centre,1499 Queen St W,1499 Queen St W,43.63960048,-79.44040123,Open Toronto Elections Voting Locations,https://open.toronto.ca/dataset/elections-voting-locations/,2026-02-20,official_open_toronto_point,,verified_official_point,Open Government Licence - Toronto,"Processed polling_division_name comes from Toronto voter-statistics voting-place labels for ordinary rows, but no verified address or coordinate field is present in the repository.",04057,1515
municipal_2023_mayor,municipal_2023_mayor__04058,Parkdale Community Recreation Centre - Building Grounds,75 Lansdowne Ave,75 Lansdowne Ave,43.64339560,-79.43746401,Open Toronto Elections Voting Locations,https://open.toronto.ca/dataset/elections-voting-locations/,2026-02-20,official_open_toronto_point,,verified_official_point,Open Government Licence - Toronto,"Processed polling_division_name comes from Toronto voter-statistics voting-place labels for ordinary rows, but no verified address or coordinate field is present in the repository.",04058,3390
municipal_2023_mayor,municipal_2023_mayor__04059,May Robinson Apartments,20 West Lodge Ave,20 West Lodge Ave,43.64218149,-79.43635509,Open Toronto Elections Voting Locations,https://open.toronto.ca/dataset/elections-voting-locations/,2026-02-20,official_open_toronto_point,,verified_official_point,Open Government Licence - Toronto,"Processed polling_division_name comes from Toronto voter-statistics voting-place labels for ordinary rows, but no verified address or coordinate field is present in the repository.",04059,2155
municipal_2023_mayor,municipal_2023_mayor__04060,Parkdale Collegiate Institute,209 Jameson Ave,209 Jameson Ave,43.63965751,-79.43606851,Open Toronto Elections Voting Locations,https://open.toronto.ca/dataset/elections-voting-locations/,2026-02-20,official_open_toronto_point,,verified_official_point,Open Government Licence - Toronto,"Processed polling_division_name comes from Toronto voter-statistics voting-place labels for ordinary rows, but no verified address or coordinate field is present in the repository.",04060,2670
municipal_2023_mayor,municipal_2023_mayor__04061,White Eagle Nursing Home,138 Dowling Ave,138 Dowling Ave,43.63717364,-79.43921614,Open Toronto Elections Voting Locations,https://open.toronto.ca/dataset/elections-voting-locations/,2026-02-20,official_open_toronto_point,,verified_official_point,Open Government Licence - Toronto,"Processed polling_division_name comes from Toronto voter-statistics voting-place labels for ordinary rows, but no verified address or coordinate field is present in the repository.",04061,66
municipal_2023_mayor,municipal_2023_mayor__04062,Springhurst Manor,1447 King St W,1447 King St W,43.63666508,-79.43765550,Open Toronto Elections Voting Locations,https://open.toronto.ca/dataset/elections-voting-locations/,2026-02-20,official_open_toronto_point,,verified_official_point,Open Government Licence - Toronto,"Processed polling_division_name comes from Toronto voter-statistics voting-place labels for ordinary rows, but no verified address or coordinate field is present in the repository.",04062,997
municipal_2023_mayor,municipal_2023_mayor__04063,Holy Family Community Centre - Building Grounds,141 Close Ave,141 Close Ave,43.63882756,-79.43471228,Open Toronto Elections Voting Locations,https://open.toronto.ca/dataset/elections-voting-locations/,2026-02-20,official_open_toronto_point,,verified_official_point,Open Government Licence - Toronto,"Processed polling_division_name comes from Toronto voter-statistics voting-place labels for ordinary rows, but no verified address or coordinate field is present in the repository.",04063,2052
municipal_2023_mayor,municipal_2023_mayor__04064,None,245 Dunn Ave,245 Dunn Ave,43.64021606,-79.43377835,Open Toronto Elections Voting Locations,https://open.toronto.ca/dataset/elections-voting-locations/,2026-02-20,official_open_toronto_point,,verified_official_point,Open Government Licence - Toronto,"Processed polling_division_name comes from Toronto voter-statistics voting-place labels for ordinary rows, but no verified address or coordinate field is present in the repository.",04064,483
municipal_2023_mayor,municipal_2023_mayor__04065,Masaryk-Cowan Community Centre,220 Cowan Ave,220 Cowan Ave,43.64071613,-79.43323042,Open Toronto Elections Voting Locations,https://open.toronto.ca/dataset/elections-voting-locations/,2026-02-20,official_open_toronto_point,,verified_official_point,Open Government Licence - Toronto,"Processed polling_division_name comes from Toronto voter-statistics voting-place labels for ordinary rows, but no verified address or coordinate field is present in the repository.",04065,1887
municipal_2023_mayor,municipal_2023_mayor__04066,Elm Grove Living Centre,35 Elm Grove Ave,35 Elm Grove Ave,43.64032527,-79.43074426,Open Toronto Elections Voting Locations,https://open.toronto.ca/dataset/elections-voting-locations/,2026-02-20,official_open_toronto_point,,verified_official_point,Open Government Licence - Toronto,"Processed polling_division_name comes from Toronto voter-statistics voting-place labels for ordinary rows, but no verified address or coordinate field is present in the repository.",04066,87
municipal_2023_mayor,municipal_2023_mayor__04067,Parkdale United Church,1355 King St W,1355 King St W,43.63754584,-79.43284896,Open Toronto Elections Voting Locations,https://open.toronto.ca/dataset/elections-voting-locations/,2026-02-20,official_open_toronto_point,,verified_official_point,Open Government Licence - Toronto,"Processed polling_division_name comes from Toronto voter-statistics voting-place labels for ordinary rows, but no verified address or coordinate field is present in the repository.",04067,3103
municipal_2023_mayor,municipal_2023_mayor__04068,Queen Victoria Public School,100 Close Ave,100 Close Ave,43.63650949,-79.43532070,Open Toronto Elections Voting Locations,https://open.toronto.ca/dataset/elections-voting-locations/,2026-02-20,official_open_toronto_point,,verified_official_point,Open Government Licence - Toronto,"Processed polling_division_name comes from Toronto voter-statistics voting-place labels for ordinary rows, but no verified address or coordinate field is present in the repository.",04068,2720
municipal_2023_mayor,municipal_2023_mayor__04069,Rehabilitation Institute,130 Dunn Ave,130 Dunn Ave,43.63519932,-79.43331014,Open Toronto Elections Voting Locations,https://open.toronto.ca/dataset/elections-voting-locations/,2026-02-20,official_open_toronto_point,,verified_official_point,Open Government Licence - Toronto,"Processed polling_division_name comes from Toronto voter-statistics voting-place labels for ordinary rows, but no verified address or coordinate field is present in the repository.",04069,138
municipal_2023_mayor,municipal_2023_mayor__04070,Lakeside Long Term Care Centre,150 Dunn Ave,150 Dunn Ave,43.63659231,-79.43357706,Open Toronto Elections Voting Locations,https://open.toronto.ca/dataset/elections-voting-locations/,2026-02-20,official_open_toronto_point,,verified_official_point,Open Government Licence - Toronto,"Processed polling_division_name comes from Toronto voter-statistics voting-place labels for ordinary rows, but no verified address or coordinate field is present in the repository.",04070,
municipal_2023_mayor,municipal_2023_mayor__04071,None,85 Spencer Ave,85 Spencer Ave,43.63733009,-79.43014771,Open Toronto Elections Voting Locations,https://open.toronto.ca/dataset/elections-voting-locations/,2026-02-20,official_open_toronto_point,,verified_official_point,Open Government Licence - Toronto,"Processed polling_division_name comes from Toronto voter-statistics voting-place labels for ordinary rows, but no verified address or coordinate field is present in the repository.",04071,1247
municipal_2023_mayor,municipal_2023_mayor__04072,Norwood Nursing Home,122 Tyndall Ave,122 Tyndall Ave,43.63754316,-79.42932335,Open Toronto Elections Voting Locations,https://open.toronto.ca/dataset/elections-voting-locations/,2026-02-20,official_open_toronto_point,,verified_official_point,Open Government Licence - Toronto,"Processed polling_division_name comes from Toronto voter-statistics voting-place labels for ordinary rows, but no verified address or coordinate field is present in the repository.",04072,44
municipal_2023_mayor,municipal_2023_mayor__04073,None,102 Tyndall Ave,102 Tyndall Ave,43.63668190,-79.42897775,Open Toronto Elections Voting Locations,https://open.toronto.ca/dataset/elections-voting-locations/,2026-02-20,official_open_toronto_point,,verified_official_point,Open Government Licence - Toronto,"Processed polling_division_name comes from Toronto voter-statistics voting-place labels for ordinary rows, but no verified address or coordinate field is present in the repository.",04073,1108
municipal_2023_mayor,municipal_2023_mayor__05001,None,2460 Weston Rd,2460 Weston Rd,43.70786322,-79.53414887,Open Toronto Elections Voting Locations,https://open.toronto.ca/dataset/elections-voting-locations/,2026-02-20,official_open_toronto_point,,verified_official_point,Open Government Licence - Toronto,"Processed polling_division_name comes from Toronto voter-statistics voting-place labels for ordinary rows, but no verified address or coordinate field is present in the repository.",05001,699
municipal_2023_mayor,municipal_2023_mayor__05002,Pelmo Park,171 Pellatt Ave,171 Pellatt Ave,43.71426438,-79.51951374,Open Toronto Elections Voting Locations,https://open.toronto.ca/dataset/elections-voting-locations/,2026-02-20,official_open_toronto_point,,verified_official_point,Open Government Licence - Toronto,"Processed polling_division_name comes from Toronto voter-statistics voting-place labels for ordinary rows, but no verified address or coordinate field is present in the repository.",05002,1744
municipal_2023_mayor,municipal_2023_mayor__05003,Pelmo Park Public School,180 Gary Dr,180 Gary Dr,43.71205673,-79.51811616,Open Toronto Elections Voting Locations,https://open.toronto.ca/dataset/elections-voting-locations/,2026-02-20,official_open_toronto_point,,verified_official_point,Open Government Licence - Toronto,"Processed polling_division_name comes from Toronto voter-statistics voting-place labels for ordinary rows, but no verified address or coordinate field is present in the repository.",05003,2318
municipal_2023_mayor,municipal_2023_mayor__05004,Falstaff Park,50 Falstaff Ave,50 Falstaff Ave,43.71672164,-79.50383870,Open Toronto Elections Voting Locations,https://open.toronto.ca/dataset/elections-voting-locations/,2026-02-20,official_open_toronto_point,,verified_official_point,Open Government Licence - Toronto,"Processed polling_division_name comes from Toronto voter-statistics voting-place labels for ordinary rows, but no verified address or coordinate field is present in the repository.",05004,2273
municipal_2023_mayor,municipal_2023_mayor__05005,Casa Abruzzo,338 Falstaff Ave,338 Falstaff Ave,43.72049820,-79.48286093,Open Toronto Elections Voting Locations,https://open.toronto.ca/dataset/elections-voting-locations/,2026-02-20,official_open_toronto_point,,verified_official_point,Open Government Licence - Toronto,"Processed polling_division_name comes from Toronto voter-statistics voting-place labels for ordinary rows, but no verified address or coordinate field is present in the repository.",05005,224
municipal_2023_mayor,municipal_2023_mayor__05006,St. Fidelis Catholic School,9 Bannerman St,9 Bannerman St,43.71716153,-79.48530650,Open Toronto Elections Voting Locations,https://open.toronto.ca/dataset/elections-voting-locations/,2026-02-20,official_open_toronto_point,,verified_official_point,Open Government Licence - Toronto,"Processed polling_division_name comes from Toronto voter-statistics voting-place labels for ordinary rows, but no verified address or coordinate field is present in the repository.",05006,2677
municipal_2023_mayor,municipal_2023_mayor__05007,North Park Nursing Home,450 Rustic Rd,450 Rustic Rd,43.71759978,-79.48222152,Open Toronto Elections Voting Locations,https://open.toronto.ca/dataset/elections-voting-locations/,2026-02-20,official_open_toronto_point,,verified_official_point,Open Government Licence - Toronto,"Processed polling_division_name comes from Toronto voter-statistics voting-place labels for ordinary rows, but no verified address or coordinate field is present in the repository.",05007,71
municipal_2023_mayor,municipal_2023_mayor__05008,Ecole Maison Montessori School,116 Cornelius Pkwy,116 Cornelius Pkwy,43.71782793,-79.47553470,Open Toronto Elections Voting Locations,https://open.toronto.ca/dataset/elections-voting-locations/,2026-02-20,official_open_toronto_point,,verified_official_point,Open Government Licence - Toronto,"Processed polling_division_name comes from Toronto voter-statistics voting-place labels for ordinary rows, but no verified address or coordinate field is present in the repository.",05008,1956
municipal_2023_mayor,municipal_2023_mayor__05009,St. Francis Xavier Catholic School,53 Gracefield Ave,53 Gracefield Ave,43.71084951,-79.48340706,Open Toronto Elections Voting Locations,https://open.toronto.ca/dataset/elections-voting-locations/,2026-02-20,official_open_toronto_point,,verified_official_point,Open Government Licence - Toronto,"Processed polling_division_name comes from Toronto voter-statistics voting-place labels for ordinary rows, but no verified address or coordinate field is present in the repository.",05009,2028
municipal_2023_mayor,municipal_2023_mayor__05011,Chaminade College,490 Queen's Dr,490 Queen's Dr,43.71009096,-79.49605946,Open Toronto Elections Voting Locations,https://open.toronto.ca/dataset/elections-voting-locations/,2026-02-20,official_open_toronto_point,,verified_official_point,Open Government Licence - Toronto,"Processed polling_division_name comes from Toronto voter-statistics voting-place labels for ordinary rows, but no verified address or coordinate field is present in the repository.",05011,3131
municipal_2023_mayor,municipal_2023_mayor__05012,None,300 Queen's Dr,300 Queen's Dr,43.70891685,-79.50148991,Open Toronto Elections Voting Locations,https://open.toronto.ca/dataset/elections-voting-locations/,2026-02-20,official_open_toronto_point,,verified_official_point,Open Government Licence - Toronto,"Processed polling_division_name comes from Toronto voter-statistics voting-place labels for ordinary rows, but no verified address or coordinate field is present in the repository.",05012,653
municipal_2023_mayor,municipal_2023_mayor__05013,None,303 Queen's Dr,303 Queen's Dr,43.70757190,-79.50221144,Open Toronto Elections Voting Locations,https://open.toronto.ca/dataset/elections-voting-locations/,2026-02-20,official_open_toronto_point,,verified_official_point,Open Government Licence - Toronto,"Processed polling_division_name comes from Toronto voter-statistics voting-place labels for ordinary rows, but no verified address or coordinate field is present in the repository.",05013,153
municipal_2023_mayor,municipal_2023_mayor__05014,Maple Leaf Drive Seniors,10 Maple Leaf Dr,10 Maple Leaf Dr,43.70950896,-79.50484077,Open Toronto Elections Voting Locations,https://open.toronto.ca/dataset/elections-voting-locations/,2026-02-20,official_open_toronto_point,,verified_official_point,Open Government Licence - Toronto,"Processed polling_division_name comes from Toronto voter-statistics voting-place labels for ordinary rows, but no verified address or coordinate field is present in the repository.",05014,207
municipal_2023_mayor,municipal_2023_mayor__05015,Weston Memorial Junior Public School,200 John St,200 John St,43.70597815,-79.50932994,Open Toronto Elections Voting Locations,https://open.toronto.ca/dataset/elections-voting-locations/,2026-02-20,official_open_toronto_point,,verified_official_point,Open Government Licence - Toronto,"Processed polling_division_name comes from Toronto voter-statistics voting-place labels for ordinary rows, but no verified address or coordinate field is present in the repository.",05015,2500
municipal_2023_mayor,municipal_2023_mayor__05016,Weston Public Library,2 King St,2 King St,43.70181182,-79.52058161,Open Toronto Elections Voting Locations,https://open.toronto.ca/dataset/elections-voting-locations/,2026-02-20,official_open_toronto_point,,verified_official_point,Open Government Licence - Toronto,"Processed polling_division_name comes from Toronto voter-statistics voting-place labels for ordinary rows, but no verified address or coordinate field is present in the repository.",05016,2223
municipal_2023_mayor,municipal_2023_mayor__05017,H. J. Alexander Community School,30 King St,30 King St,43.70239947,-79.52022862,Open Toronto Elections Voting Locations,https://open.toronto.ca/dataset/elections-voting-locations/,2026-02-20,official_open_toronto_point,,verified_official_point,Open Government Licence - Toronto,"Processed polling_division_name comes from Toronto voter-statistics voting-place labels for ordinary rows, but no verified address or coordinate field is present in the repository.",05017,2378
municipal_2023_mayor,municipal_2023_mayor__05018,None,2100 Weston Rd,2100 Weston Rd,43.70202934,-79.52352292,Open Toronto Elections Voting Locations,https://open.toronto.ca/dataset/elections-voting-locations/,2026-02-20,official_open_toronto_point,,verified_official_point,Open Government Licence - Toronto,"Processed polling_division_name comes from Toronto voter-statistics voting-place labels for ordinary rows, but no verified address or coordinate field is present in the repository.",05018,278
municipal_2023_mayor,municipal_2023_mayor__05019,Central King Seniors Residence,15 King St,15 King St,43.70189969,-79.51982334,Open Toronto Elections Voting Locations,https://open.toronto.ca/dataset/elections-voting-locations/,2026-02-20,official_open_toronto_point,,verified_official_point,Open Government Licence - Toronto,"Processed polling_division_name comes from Toronto voter-statistics voting-place labels for ordinary rows, but no verified address or coordinate field is present in the repository.",05019,139
municipal_2023_mayor,municipal_2023_mayor__05020,Eagle Manor,1901 Weston Rd,1901 Weston Rd,43.70058048,-79.51599006,Open Toronto Elections Voting Locations,https://open.toronto.ca/dataset/elections-voting-locations/,2026-02-20,official_open_toronto_point,,verified_official_point,Open Government Licence - Toronto,"Processed polling_division_name comes from Toronto voter-statistics voting-place labels for ordinary rows, but no verified address or coordinate field is present in the repository.",05020,403
municipal_2023_mayor,municipal_2023_mayor__05021,None,5 Bellevue Cres,5 Bellevue Cres,43.69913151,-79.51522600,Open Toronto Elections Voting Locations,https://open.toronto.ca/dataset/elections-voting-locations/,2026-02-20,official_open_toronto_point,,verified_official_point,Open Government Licence - Toronto,"Processed polling_division_name comes from Toronto voter-statistics voting-place labels for ordinary rows, but no verified address or coordinate field is present in the repository.",05021,420
municipal_2023_mayor,municipal_2023_mayor__05022,None,1 Hickory Tree Rd,1 Hickory Tree Rd,43.69801422,-79.51368335,Open Toronto Elections Voting Locations,https://open.toronto.ca/dataset/elections-voting-locations/,2026-02-20,official_open_toronto_point,,verified_official_point,Open Government Licence - Toronto,"Processed polling_division_name comes from Toronto voter-statistics voting-place labels for ordinary rows, but no verified address or coordinate field is present in the repository.",05022,660
municipal_2023_mayor,municipal_2023_mayor__05023,C. R. Marchant Middle School,1 Ralph St,1 Ralph St,43.70172148,-79.51293340,Open Toronto Elections Voting Locations,https://open.toronto.ca/dataset/elections-voting-locations/,2026-02-20,official_open_toronto_point,,verified_official_point,Open Government Licence - Toronto,"Processed polling_division_name comes from Toronto voter-statistics voting-place labels for ordinary rows, but no verified address or coordinate field is present in the repository.",05023,3336
municipal_2023_mayor,municipal_2023_mayor__05024,Leisureworld Caregiving Centre - Lawrence,2005 Lawrence Ave W,2005 Lawrence Ave W,43.70109996,-79.50991259,Open Toronto Elections Voting Locations,https://open.toronto.ca/dataset/elections-voting-locations/,2026-02-20,official_open_toronto_point,,verified_official_point,Open Government Licence - Toronto,"Processed polling_division_name comes from Toronto voter-statistics voting-place labels for ordinary rows, but no verified address or coordinate field is present in the repository.",05024,154
municipal_2023_mayor,municipal_2023_mayor__05025,Portage Trail Junior Elementary School - Building Grounds,100 Sidney Belsey Cres,100 Sidney Belsey Cres,43.69229618,-79.50976688,Open Toronto Elections Voting Locations,https://open.toronto.ca/dataset/elections-voting-locations/,2026-02-20,official_open_toronto_point,,verified_official_point,Open Government Licence - Toronto,"Processed polling_division_name comes from Toronto voter-statistics voting-place labels for ordinary rows, but no verified address or coordinate field is present in the repository.",05025,3574
municipal_2023_mayor,municipal_2023_mayor__05026,None,5 Harding Ave,5 Harding Ave,43.69937640,-79.50225028,Open Toronto Elections Voting Locations,https://open.toronto.ca/dataset/elections-voting-locations/,2026-02-20,official_open_toronto_point,,verified_official_point,Open Government Licence - Toronto,"Processed polling_division_name comes from Toronto voter-statistics voting-place labels for ordinary rows, but no verified address or coordinate field is present in the repository.",05026,259
municipal_2023_mayor,municipal_2023_mayor__05027,St. Bernard Catholic School,12 Duckworth St,12 Duckworth St,43.70252597,-79.50006999,Open Toronto Elections Voting Locations,https://open.toronto.ca/dataset/elections-voting-locations/,2026-02-20,official_open_toronto_point,,verified_official_point,Open Government Licence - Toronto,"Processed polling_division_name comes from Toronto voter-statistics voting-place labels for ordinary rows, but no verified address or coordinate field is present in the repository.",05027,3281
municipal_2023_mayor,municipal_2023_mayor__05028,Brookhaven Public School,70 Brookhaven Dr,70 Brookhaven Dr,43.70250631,-79.49569440,Open Toronto Elections Voting Locations,https://open.toronto.ca/dataset/elections-voting-locations/,2026-02-20,official_open_toronto_point,,verified_official_point,Open Government Licence - Toronto,"Processed polling_division_name comes from Toronto voter-statistics voting-place labels for ordinary rows, but no verified address or coordinate field is present in the repository.",05028,3622
municipal_2023_mayor,municipal_2023_mayor__05029,None,1577 Lawrence Ave W,1577 Lawrence Ave W,43.70540948,-79.48946883,Open Toronto Elections Voting Locations,https://open.toronto.ca/dataset/elections-voting-locations/,2026-02-20,official_open_toronto_point,,verified_official_point,Open Government Licence - Toronto,"Processed polling_division_name comes from Toronto voter-statistics voting-place labels for ordinary rows, but no verified address or coordinate field is present in the repository.",05029,675
municipal_2023_mayor,municipal_2023_mayor__05030,Amesbury Community Centre,1507 Lawrence Ave W,1507 Lawrence Ave W,43.70716610,-79.48261931,Open Toronto Elections Voting Locations,https://open.toronto.ca/dataset/elections-voting-locations/,2026-02-20,official_open_toronto_point,,verified_official_point,Open Government Licence - Toronto,"Processed polling_division_name comes from Toronto voter-statistics voting-place labels for ordinary rows, but no verified address or coordinate field is present in the repository.",05030,2442
municipal_2023_mayor,municipal_2023_mayor__05031,George Anderson Public School - Building Grounds,30 George Anderson Dr,30 George Anderson Dr,43.70545353,-79.47894806,Open Toronto Elections Voting Locations,https://open.toronto.ca/dataset/elections-voting-locations/,2026-02-20,official_open_toronto_point,,verified_official_point,Open Government Licence - Toronto,"Processed polling_division_name comes from Toronto voter-statistics voting-place labels for ordinary rows, but no verified address or coordinate field is present in the repository.",05031,1942
municipal_2023_mayor,municipal_2023_mayor__05033,Maple Creek Recreation Centre,10 Martha Eaton Way,10 Martha Eaton Way,43.69730998,-79.48990067,Open Toronto Elections Voting Locations,https://open.toronto.ca/dataset/elections-voting-locations/,2026-02-20,official_open_toronto_point,,verified_official_point,Open Government Licence - Toronto,"Processed polling_division_name comes from Toronto voter-statistics voting-place labels for ordinary rows, but no verified address or coordinate field is present in the repository.",05033,714
municipal_2023_mayor,municipal_2023_mayor__05034,Amesbury Heights,15 Martha Eaton Way,15 Martha Eaton Way,43.69655392,-79.48846404,Open Toronto Elections Voting Locations,https://open.toronto.ca/dataset/elections-voting-locations/,2026-02-20,official_open_toronto_point,,verified_official_point,Open Government Licence - Toronto,"Processed polling_division_name comes from Toronto voter-statistics voting-place labels for ordinary rows, but no verified address or coordinate field is present in the repository.",05034,559
municipal_2023_mayor,municipal_2023_mayor__05035,Greenborough Community Church,2000 Keele St,2000 Keele St,43.69741086,-79.47572728,Open Toronto Elections Voting Locations,https://open.toronto.ca/dataset/elections-voting-locations/,2026-02-20,official_open_toronto_point,,verified_official_point,Open Government Licence - Toronto,"Processed polling_division_name comes from Toronto voter-statistics voting-place labels for ordinary rows, but no verified address or coordinate field is present in the repository.",05035,2433
municipal_2023_mayor,municipal_2023_mayor__05036,Harold and Grace Baker Centre,1 Northwestern Ave,1 Northwestern Ave,43.69793673,-79.46978632,Open Toronto Elections Voting Locations,https://open.toronto.ca/dataset/elections-voting-locations/,2026-02-20,official_open_toronto_point,,verified_official_point,Open Government Licence - Toronto,"Processed polling_division_name comes from Toronto voter-statistics voting-place labels for ordinary rows, but no verified address or coordinate field is present in the repository.",05036,
municipal_2023_mayor,municipal_2023_mayor__05037,None,33 Gabian Way,33 Gabian Way,43.69311114,-79.46886065,Open Toronto Elections Voting Locations,https://open.toronto.ca/dataset/elections-voting-locations/,2026-02-20,official_open_toronto_point,,verified_official_point,Open Government Licence - Toronto,"Processed polling_division_name comes from Toronto voter-statistics voting-place labels for ordinary rows, but no verified address or coordinate field is present in the repository.",05037,524
municipal_2023_mayor,municipal_2023_mayor__05038,Plaut Manor,2480 Eglinton Ave W,2480 Eglinton Ave W,43.69168989,-79.46940805,Open Toronto Elections Voting Locations,https://open.toronto.ca/dataset/elections-voting-locations/,2026-02-20,official_open_toronto_point,,verified_official_point,Open Government Licence - Toronto,"Processed polling_division_name comes from Toronto voter-statistics voting-place labels for ordinary rows, but no verified address or coordinate field is present in the repository.",05038,846
municipal_2023_mayor,municipal_2023_mayor__05039,C. E. Webster Junior Public School,1900 Keele St,1900 Keele St,43.69343444,-79.47509952,Open Toronto Elections Voting Locations,https://open.toronto.ca/dataset/elections-voting-locations/,2026-02-20,official_open_toronto_point,,verified_official_point,Open Government Licence - Toronto,"Processed polling_division_name comes from Toronto voter-statistics voting-place labels for ordinary rows, but no verified address or coordinate field is present in the repository.",05039,3296
municipal_2023_mayor,municipal_2023_mayor__05040,Centennial Recreation Centre West - Building Grounds,2694 Eglinton Ave W,2694 Eglinton Ave W,43.69006906,-79.47698102,Open Toronto Elections Voting Locations,https://open.toronto.ca/dataset/elections-voting-locations/,2026-02-20,official_open_toronto_point,,verified_official_point,Open Government Licence - Toronto,"Processed polling_division_name comes from Toronto voter-statistics voting-place labels for ordinary rows, but no verified address or coordinate field is present in the repository.",05040,3328
municipal_2023_mayor,municipal_2023_mayor__05041,Evelyn Gregory Public Library,120 Trowell Ave,120 Trowell Ave,43.68632387,-79.47236334,Open Toronto Elections Voting Locations,https://open.toronto.ca/dataset/elections-voting-locations/,2026-02-20,official_open_toronto_point,,verified_official_point,Open Government Licence - Toronto,"Processed polling_division_name comes from Toronto voter-statistics voting-place labels for ordinary rows, but no verified address or coordinate field is present in the repository.",05041,1868
municipal_2023_mayor,municipal_2023_mayor__05042,York Recreation Centre,115 Black Creek Dr,115 Black Creek Dr,43.68796929,-79.48208936,Open Toronto Elections Voting Locations,https://open.toronto.ca/dataset/elections-voting-locations/,2026-02-20,official_open_toronto_point,,verified_official_point,Open Government Licence - Toronto,"Processed polling_division_name comes from Toronto voter-statistics voting-place labels for ordinary rows, but no verified address or coordinate field is present in the repository.",05042,2529
municipal_2023_mayor,municipal_2023_mayor__05045,Bala Avenue School,6 Bala Ave,6 Bala Ave,43.68946222,-79.49901227,Open Toronto Elections Voting Locations,https://open.toronto.ca/dataset/elections-voting-locations/,2026-02-20,official_open_toronto_point,,verified_official_point,Open Government Licence - Toronto,"Processed polling_division_name comes from Toronto voter-statistics voting-place labels for ordinary rows, but no verified address or coordinate field is present in the repository.",05045,4127
municipal_2023_mayor,municipal_2023_mayor__05046,Our Lady of Victory Seniors Residence,200 Dora Spencer Rd,200 Dora Spencer Rd,43.69175202,-79.50506779,Open Toronto Elections Voting Locations,https://open.toronto.ca/dataset/elections-voting-locations/,2026-02-20,official_open_toronto_point,,verified_official_point,Open Government Licence - Toronto,"Processed polling_division_name comes from Toronto voter-statistics voting-place labels for ordinary rows, but no verified address or coordinate field is present in the repository.",05046,181
municipal_2023_mayor,municipal_2023_mayor__05047,West Park - Seniors Residence,82 Buttonwood Ave,82 Buttonwood Ave,43.68984339,-79.50937846,Open Toronto Elections Voting Locations,https://open.toronto.ca/dataset/elections-voting-locations/,2026-02-20,official_open_toronto_point,,verified_official_point,Open Government Licence - Toronto,"Processed polling_division_name comes from Toronto voter-statistics voting-place labels for ordinary rows, but no verified address or coordinate field is present in the repository.",05047,
municipal_2023_mayor,municipal_2023_mayor__05048,West Park Hospital,82 Buttonwood Ave,82 Buttonwood Ave,43.68984339,-79.50937846,Open Toronto Elections Voting Locations,https://open.toronto.ca/dataset/elections-voting-locations/,2026-02-20,official_open_toronto_point,,verified_official_point,Open Government Licence - Toronto,"Processed polling_division_name comes from Toronto voter-statistics voting-place labels for ordinary rows, but no verified address or coordinate field is present in the repository.",05048,237
municipal_2023_mayor,municipal_2023_mayor__05049,None,85 Emmett Ave,85 Emmett Ave,43.68713508,-79.50646236,Open Toronto Elections Voting Locations,https://open.toronto.ca/dataset/elections-voting-locations/,2026-02-20,official_open_toronto_point,,verified_official_point,Open Government Licence - Toronto,"Processed polling_division_name comes from Toronto voter-statistics voting-place labels for ordinary rows, but no verified address or coordinate field is present in the repository.",05049,523
municipal_2023_mayor,municipal_2023_mayor__05051,None,75 Emmett Ave,75 Emmett Ave,43.68717086,-79.50484032,Open Toronto Elections Voting Locations,https://open.toronto.ca/dataset/elections-voting-locations/,2026-02-20,official_open_toronto_point,,verified_official_point,Open Government Licence - Toronto,"Processed polling_division_name comes from Toronto voter-statistics voting-place labels for ordinary rows, but no verified address or coordinate field is present in the repository.",05051,710
municipal_2023_mayor,municipal_2023_mayor__05052,None,270 Scarlett Rd,270 Scarlett Rd,43.67726156,-79.50686346,Open Toronto Elections Voting Locations,https://open.toronto.ca/dataset/elections-voting-locations/,2026-02-20,official_open_toronto_point,,verified_official_point,Open Government Licence - Toronto,"Processed polling_division_name comes from Toronto voter-statistics voting-place labels for ordinary rows, but no verified address or coordinate field is present in the repository.",05052,408
municipal_2023_mayor,municipal_2023_mayor__05053,None,260 Scarlett Rd,260 Scarlett Rd,43.67660854,-79.50762334,Open Toronto Elections Voting Locations,https://open.toronto.ca/dataset/elections-voting-locations/,2026-02-20,official_open_toronto_point,,verified_official_point,Open Government Licence - Toronto,"Processed polling_division_name comes from Toronto voter-statistics voting-place labels for ordinary rows, but no verified address or coordinate field is present in the repository.",05053,392
municipal_2023_mayor,municipal_2023_mayor__05054,None,240 Scarlett Rd,240 Scarlett Rd,43.67563130,-79.50818116,Open Toronto Elections Voting Locations,https://open.toronto.ca/dataset/elections-voting-locations/,2026-02-20,official_open_toronto_point,,verified_official_point,Open Government Licence - Toronto,"Processed polling_division_name comes from Toronto voter-statistics voting-place labels for ordinary rows, but no verified address or coordinate field is present in the repository.",05054,429
municipal_2023_mayor,municipal_2023_mayor__05055,Lambton Square,250 Scarlett Rd,250 Scarlett Rd,43.67586416,-79.50689503,Open Toronto Elections Voting Locations,https://open.toronto.ca/dataset/elections-voting-locations/,2026-02-20,official_open_toronto_point,,verified_official_point,Open Government Licence - Toronto,"Processed polling_division_name comes from Toronto voter-statistics voting-place labels for ordinary rows, but no verified address or coordinate field is present in the repository.",05055,387
municipal_2023_mayor,municipal_2023_mayor__05056,Roselands Junior Public School,990 Jane St,990 Jane St,43.68122679,-79.49906100,Open Toronto Elections Voting Locations,https://open.toronto.ca/dataset/elections-voting-locations/,2026-02-20,official_open_toronto_point,,verified_official_point,Open Government Licence - Toronto,"Processed polling_division_name comes from Toronto voter-statistics voting-place labels for ordinary rows, but no verified address or coordinate field is present in the repository.",05056,2214
municipal_2023_mayor,municipal_2023_mayor__05057,Outlook Manor,55 Outlook Ave,55 Outlook Ave,43.67843825,-79.49623713,Open Toronto Elections Voting Locations,https://open.toronto.ca/dataset/elections-voting-locations/,2026-02-20,official_open_toronto_point,,verified_official_point,Open Government Licence - Toronto,"Processed polling_division_name comes from Toronto voter-statistics voting-place labels for ordinary rows, but no verified address or coordinate field is present in the repository.",05057,282
municipal_2023_mayor,municipal_2023_mayor__05058,Lambton Park Community School,50 Bernice Cres,50 Bernice Cres,43.66757598,-79.49830749,Open Toronto Elections Voting Locations,https://open.toronto.ca/dataset/elections-voting-locations/,2026-02-20,official_open_toronto_point,,verified_official_point,Open Government Licence - Toronto,"Processed polling_division_name comes from Toronto voter-statistics voting-place labels for ordinary rows, but no verified address or coordinate field is present in the repository.",05058,2958
municipal_2023_mayor,municipal_2023_mayor__05059,George Syme Catholic School - Building Grounds,69 Pritchard Ave,69 Pritchard Ave,43.66925138,-79.49112677,Open Toronto Elections Voting Locations,https://open.toronto.ca/dataset/elections-voting-locations/,2026-02-20,official_open_toronto_point,,verified_official_point,Open Government Licence - Toronto,"Processed polling_division_name comes from Toronto voter-statistics voting-place labels for ordinary rows, but no verified address or coordinate field is present in the repository.",05059,1627
municipal_2023_mayor,municipal_2023_mayor__05060,David Appleton Community Centre - Building Grounds,33 Pritchard Ave,33 Pritchard Ave,43.67022383,-79.48888919,Open Toronto Elections Voting Locations,https://open.toronto.ca/dataset/elections-voting-locations/,2026-02-20,official_open_toronto_point,,verified_official_point,Open Government Licence - Toronto,"Processed polling_division_name comes from Toronto voter-statistics voting-place labels for ordinary rows, but no verified address or coordinate field is present in the repository.",05060,2653
municipal_2023_mayor,municipal_2023_mayor__05062,Rockcliffe Middle School,400 Rockcliffe Blvd,400 Rockcliffe Blvd,43.67386514,-79.48889382,Open Toronto Elections Voting Locations,https://open.toronto.ca/dataset/elections-voting-locations/,2026-02-20,official_open_toronto_point,,verified_official_point,Open Government Licence - Toronto,"Processed polling_division_name comes from Toronto voter-statistics voting-place labels for ordinary rows, but no verified address or coordinate field is present in the repository.",05062,2789
municipal_2023_mayor,municipal_2023_mayor__05063,Cordella Junior Public School,175 Cordella Ave,175 Cordella Ave,43.67907009,-79.48758544,Open Toronto Elections Voting Locations,https://open.toronto.ca/dataset/elections-voting-locations/,2026-02-20,official_open_toronto_point,,verified_official_point,Open Government Licence - Toronto,"Processed polling_division_name comes from Toronto voter-statistics voting-place labels for ordinary rows, but no verified address or coordinate field is present in the repository.",05063,2949
municipal_2023_mayor,municipal_2023_mayor__05064,Our Lady Of Victory Catholic School,70 Guestville Ave,70 Guestville Ave,43.68366100,-79.48983009,Open Toronto Elections Voting Locations,https://open.toronto.ca/dataset/elections-voting-locations/,2026-02-20,official_open_toronto_point,,verified_official_point,Open Government Licence - Toronto,"Processed polling_division_name comes from Toronto voter-statistics voting-place labels for ordinary rows, but no verified address or coordinate field is present in the repository.",05064,3014
municipal_2023_mayor,municipal_2023_mayor__05065,None,101 Humber Blvd,101 Humber Blvd,43.67979398,-79.48201569,Open Toronto Elections Voting Locations,https://open.toronto.ca/dataset/elections-voting-locations/,2026-02-20,official_open_toronto_point,,verified_official_point,Open Government Licence - Toronto,"Processed polling_division_name comes from Toronto voter-statistics voting-place labels for ordinary rows, but no verified address or coordinate field is present in the repository.",05065,279
municipal_2023_mayor,municipal_2023_mayor__05066,Santa Maria Catholic School,25 Avon Ave,25 Avon Ave,43.68154197,-79.47745158,Open Toronto Elections Voting Locations,https://open.toronto.ca/dataset/elections-voting-locations/,2026-02-20,official_open_toronto_point,,verified_official_point,Open Government Licence - Toronto,"Processed polling_division_name comes from Toronto voter-statistics voting-place labels for ordinary rows, but no verified address or coordinate field is present in the repository.",05066,3018
municipal_2023_mayor,municipal_2023_mayor__05067,Silverthorn Place,600 Rogers Rd,600 Rogers Rd,43.68222768,-79.47249627,Open Toronto Elections Voting Locations,https://open.toronto.ca/dataset/elections-voting-locations/,2026-02-20,official_open_toronto_point,,verified_official_point,Open Government Licence - Toronto,"Processed polling_division_name comes from Toronto voter-statistics voting-place labels for ordinary rows, but no verified address or coordinate field is present in the repository.",05067,219
municipal_2023_mayor,municipal_2023_mayor__05068,None,1500 Keele St,1500 Keele St,43.67966365,-79.47186544,Open Toronto Elections Voting Locations,https://open.toronto.ca/dataset/elections-voting-locations/,2026-02-20,official_open_toronto_point,,verified_official_point,Open Government Licence - Toronto,"Processed polling_division_name comes from Toronto voter-statistics voting-place labels for ordinary rows, but no verified address or coordinate field is present in the repository.",05068,278
municipal_2023_mayor,municipal_2023_mayor__06001,West Don Apartments,6250 Bathurst St,6250 Bathurst St,43.79163957,-79.44619558,Open Toronto Elections Voting Locations,https://open.toronto.ca/dataset/elections-voting-locations/,2026-02-20,official_open_toronto_point,,verified_official_point,Open Government Licence - Toronto,"Processed polling_division_name comes from Toronto voter-statistics voting-place labels for ordinary rows, but no verified address or coordinate field is present in the repository.",06001,2170
municipal_2023_mayor,municipal_2023_mayor__06003,None,1121 Steeles Ave W,1121 Steeles Ave W,43.79016806,-79.44959156,Open Toronto Elections Voting Locations,https://open.toronto.ca/dataset/elections-voting-locations/,2026-02-20,official_open_toronto_point,,verified_official_point,Open Government Licence - Toronto,"Processed polling_division_name comes from Toronto voter-statistics voting-place labels for ordinary rows, but no verified address or coordinate field is present in the repository.",06003,1075
municipal_2023_mayor,municipal_2023_mayor__06004,None,1875 Steeles Ave W,1875 Steeles Ave W,43.78709386,-79.46771590,Open Toronto Elections Voting Locations,https://open.toronto.ca/dataset/elections-voting-locations/,2026-02-20,official_open_toronto_point,,verified_official_point,Open Government Licence - Toronto,"Processed polling_division_name comes from Toronto voter-statistics voting-place labels for ordinary rows, but no verified address or coordinate field is present in the repository.",06004,225
municipal_2023_mayor,municipal_2023_mayor__06005,Rockford Public School,60 Rockford Rd,60 Rockford Rd,43.78580052,-79.45244141,Open Toronto Elections Voting Locations,https://open.toronto.ca/dataset/elections-voting-locations/,2026-02-20,official_open_toronto_point,,verified_official_point,Open Government Licence - Toronto,"Processed polling_division_name comes from Toronto voter-statistics voting-place labels for ordinary rows, but no verified address or coordinate field is present in the repository.",06005,3795
municipal_2023_mayor,municipal_2023_mayor__06006,The Valencia,6030 Bathurst St,6030 Bathurst St,43.78781403,-79.44758596,Open Toronto Elections Voting Locations,https://open.toronto.ca/dataset/elections-voting-locations/,2026-02-20,official_open_toronto_point,,verified_official_point,Open Government Licence - Toronto,"Processed polling_division_name comes from Toronto voter-statistics voting-place labels for ordinary rows, but no verified address or coordinate field is present in the repository.",06006,580
municipal_2023_mayor,municipal_2023_mayor__06007,Antibes Community Centre - Building Grounds,140 Antibes Dr,140 Antibes Dr,43.78115498,-79.44697656,Open Toronto Elections Voting Locations,https://open.toronto.ca/dataset/elections-voting-locations/,2026-02-20,official_open_toronto_point,,verified_official_point,Open Government Licence - Toronto,"Processed polling_division_name comes from Toronto voter-statistics voting-place labels for ordinary rows, but no verified address or coordinate field is present in the repository.",06007,3691
municipal_2023_mayor,municipal_2023_mayor__06008,None,100 Antibes Dr,100 Antibes Dr,43.78047992,-79.44702068,Open Toronto Elections Voting Locations,https://open.toronto.ca/dataset/elections-voting-locations/,2026-02-20,official_open_toronto_point,,verified_official_point,Open Government Licence - Toronto,"Processed polling_division_name comes from Toronto voter-statistics voting-place labels for ordinary rows, but no verified address or coordinate field is present in the repository.",06008,386
municipal_2023_mayor,municipal_2023_mayor__06010,None,115 Antibes Dr,115 Antibes Dr,43.77957065,-79.44588569,Open Toronto Elections Voting Locations,https://open.toronto.ca/dataset/elections-voting-locations/,2026-02-20,official_open_toronto_point,,verified_official_point,Open Government Licence - Toronto,"Processed polling_division_name comes from Toronto voter-statistics voting-place labels for ordinary rows, but no verified address or coordinate field is present in the repository.",06010,422
municipal_2023_mayor,municipal_2023_mayor__06011,None,133 Torresdale Ave,133 Torresdale Ave,43.77860426,-79.45180094,Open Toronto Elections Voting Locations,https://open.toronto.ca/dataset/elections-voting-locations/,2026-02-20,official_open_toronto_point,,verified_official_point,Open Government Licence - Toronto,"Processed polling_division_name comes from Toronto voter-statistics voting-place labels for ordinary rows, but no verified address or coordinate field is present in the repository.",06011,345
municipal_2023_mayor,municipal_2023_mayor__06012,None,131 Torresdale Ave,131 Torresdale Ave,43.77799940,-79.45271405,Open Toronto Elections Voting Locations,https://open.toronto.ca/dataset/elections-voting-locations/,2026-02-20,official_open_toronto_point,,verified_official_point,Open Government Licence - Toronto,"Processed polling_division_name comes from Toronto voter-statistics voting-place labels for ordinary rows, but no verified address or coordinate field is present in the repository.",06012,294
municipal_2023_mayor,municipal_2023_mayor__06013,Northview Heights Secondary School,550 Finch Ave W,550 Finch Ave W,43.77388277,-79.44611771,Open Toronto Elections Voting Locations,https://open.toronto.ca/dataset/elections-voting-locations/,2026-02-20,official_open_toronto_point,,verified_official_point,Open Government Licence - Toronto,"Processed polling_division_name comes from Toronto voter-statistics voting-place labels for ordinary rows, but no verified address or coordinate field is present in the repository.",06013,3070
municipal_2023_mayor,municipal_2023_mayor__06014,Valleyview Residence,541 Finch Ave W,541 Finch Ave W,43.77090545,-79.44624418,Open Toronto Elections Voting Locations,https://open.toronto.ca/dataset/elections-voting-locations/,2026-02-20,official_open_toronto_point,,verified_official_point,Open Government Licence - Toronto,"Processed polling_division_name comes from Toronto voter-statistics voting-place labels for ordinary rows, but no verified address or coordinate field is present in the repository.",06014,
municipal_2023_mayor,municipal_2023_mayor__06015,Herbert H. Carnegie Centennial Centre - Building Grounds,580 Finch Ave W,580 Finch Ave W,43.77335669,-79.45005199,Open Toronto Elections Voting Locations,https://open.toronto.ca/dataset/elections-voting-locations/,2026-02-20,official_open_toronto_point,,verified_official_point,Open Government Licence - Toronto,"Processed polling_division_name comes from Toronto voter-statistics voting-place labels for ordinary rows, but no verified address or coordinate field is present in the repository.",06015,2765
municipal_2023_mayor,municipal_2023_mayor__06016,Forestview Retirement Residence,537 Finch Ave W,537 Finch Ave W,43.77026936,-79.44458757,Open Toronto Elections Voting Locations,https://open.toronto.ca/dataset/elections-voting-locations/,2026-02-20,official_open_toronto_point,,verified_official_point,Open Government Licence - Toronto,"Processed polling_division_name comes from Toronto voter-statistics voting-place labels for ordinary rows, but no verified address or coordinate field is present in the repository.",06016,
municipal_2023_mayor,municipal_2023_mayor__06018,Charles H Best Middle School,285 Wilmington Ave,285 Wilmington Ave,43.76744525,-79.45863024,Open Toronto Elections Voting Locations,https://open.toronto.ca/dataset/elections-voting-locations/,2026-02-20,official_open_toronto_point,,verified_official_point,Open Government Licence - Toronto,"Processed polling_division_name comes from Toronto voter-statistics voting-place labels for ordinary rows, but no verified address or coordinate field is present in the repository.",06018,1254
municipal_2023_mayor,municipal_2023_mayor__06019,Wilmington Elementary School,330 Wilmington Ave,330 Wilmington Ave,43.76855838,-79.46049802,Open Toronto Elections Voting Locations,https://open.toronto.ca/dataset/elections-voting-locations/,2026-02-20,official_open_toronto_point,,verified_official_point,Open Government Licence - Toronto,"Processed polling_division_name comes from Toronto voter-statistics voting-place labels for ordinary rows, but no verified address or coordinate field is present in the repository.",06019,1951
municipal_2023_mayor,municipal_2023_mayor__06020,St. Bernard's Hospital,685 Finch Ave W,685 Finch Ave W,43.77051359,-79.45688321,Open Toronto Elections Voting Locations,https://open.toronto.ca/dataset/elections-voting-locations/,2026-02-20,official_open_toronto_point,,verified_official_point,Open Government Licence - Toronto,"Processed polling_division_name comes from Toronto voter-statistics voting-place labels for ordinary rows, but no verified address or coordinate field is present in the repository.",06020,37
municipal_2023_mayor,municipal_2023_mayor__06021,"Irving W. Chapley Park,Wilmington Park",205 Wilmington Ave,205 Wilmington Ave,43.76135077,-79.45574984,Open Toronto Elections Voting Locations,https://open.toronto.ca/dataset/elections-voting-locations/,2026-02-20,official_open_toronto_point,,verified_official_point,Open Government Licence - Toronto,"Processed polling_division_name comes from Toronto voter-statistics voting-place labels for ordinary rows, but no verified address or coordinate field is present in the repository.",06021,2149
municipal_2023_mayor,municipal_2023_mayor__06022,William Lyon Mackenzie C.I.,20 Tillplain Rd,20 Tillplain Rd,43.75347096,-79.46189415,Open Toronto Elections Voting Locations,https://open.toronto.ca/dataset/elections-voting-locations/,2026-02-20,official_open_toronto_point,,verified_official_point,Open Government Licence - Toronto,"Processed polling_division_name comes from Toronto voter-statistics voting-place labels for ordinary rows, but no verified address or coordinate field is present in the repository.",06022,3244
municipal_2023_mayor,municipal_2023_mayor__06023,None,1070 Sheppard Ave W,1070 Sheppard Ave W,43.75068885,-79.46504731,Open Toronto Elections Voting Locations,https://open.toronto.ca/dataset/elections-voting-locations/,2026-02-20,official_open_toronto_point,,verified_official_point,Open Government Licence - Toronto,"Processed polling_division_name comes from Toronto voter-statistics voting-place labels for ordinary rows, but no verified address or coordinate field is present in the repository.",06023,1570
municipal_2023_mayor,municipal_2023_mayor__06024,Kensington Place Retirement Residence,866 Sheppard Ave W,866 Sheppard Ave W,43.75254488,-79.45369141,Open Toronto Elections Voting Locations,https://open.toronto.ca/dataset/elections-voting-locations/,2026-02-20,official_open_toronto_point,,verified_official_point,Open Government Licence - Toronto,"Processed polling_division_name comes from Toronto voter-statistics voting-place labels for ordinary rows, but no verified address or coordinate field is present in the repository.",06024,69
municipal_2023_mayor,municipal_2023_mayor__06025,None,31 Tippett Rd,31 Tippett Rd,43.73352125,-79.44590174,Open Toronto Elections Voting Locations,https://open.toronto.ca/dataset/elections-voting-locations/,2026-02-20,official_open_toronto_point,,verified_official_point,Open Government Licence - Toronto,"Processed polling_division_name comes from Toronto voter-statistics voting-place labels for ordinary rows, but no verified address or coordinate field is present in the repository.",06025,622
municipal_2023_mayor,municipal_2023_mayor__06026,Max Glicksman Morris Click Building,15 Hove St,15 Hove St,43.75596174,-79.44122947,Open Toronto Elections Voting Locations,https://open.toronto.ca/dataset/elections-voting-locations/,2026-02-20,official_open_toronto_point,,verified_official_point,Open Government Licence - Toronto,"Processed polling_division_name comes from Toronto voter-statistics voting-place labels for ordinary rows, but no verified address or coordinate field is present in the repository.",06026,1987
municipal_2023_mayor,municipal_2023_mayor__06027,Sheppard Place,4455 Bathurst St,4455 Bathurst St,43.75833886,-79.43863796,Open Toronto Elections Voting Locations,https://open.toronto.ca/dataset/elections-voting-locations/,2026-02-20,official_open_toronto_point,,verified_official_point,Open Government Licence - Toronto,"Processed polling_division_name comes from Toronto voter-statistics voting-place labels for ordinary rows, but no verified address or coordinate field is present in the repository.",06027,1854
municipal_2023_mayor,municipal_2023_mayor__06028,Earl Bales Park,4169 Bathurst St,4169 Bathurst St,43.75258156,-79.43188244,Open Toronto Elections Voting Locations,https://open.toronto.ca/dataset/elections-voting-locations/,2026-02-20,official_open_toronto_point,,verified_official_point,Open Government Licence - Toronto,"Processed polling_division_name comes from Toronto voter-statistics voting-place labels for ordinary rows, but no verified address or coordinate field is present in the repository.",06028,1856
municipal_2023_mayor,municipal_2023_mayor__06029,B'nai Brith Seniors Building,4300 Bathurst St,4300 Bathurst St,43.75288239,-79.43822508,Open Toronto Elections Voting Locations,https://open.toronto.ca/dataset/elections-voting-locations/,2026-02-20,official_open_toronto_point,,verified_official_point,Open Government Licence - Toronto,"Processed polling_division_name comes from Toronto voter-statistics voting-place labels for ordinary rows, but no verified address or coordinate field is present in the repository.",06029,202
municipal_2023_mayor,municipal_2023_mayor__06030,None,4266 Bathurst St,4266 Bathurst St,43.75186575,-79.43802766,Open Toronto Elections Voting Locations,https://open.toronto.ca/dataset/elections-voting-locations/,2026-02-20,official_open_toronto_point,,verified_official_point,Open Government Licence - Toronto,"Processed polling_division_name comes from Toronto voter-statistics voting-place labels for ordinary rows, but no verified address or coordinate field is present in the repository.",06030,168
municipal_2023_mayor,municipal_2023_mayor__06031,St. Robert Catholic School,70 Bainbridge Ave,70 Bainbridge Ave,43.74965753,-79.44414518,Open Toronto Elections Voting Locations,https://open.toronto.ca/dataset/elections-voting-locations/,2026-02-20,official_open_toronto_point,,verified_official_point,Open Government Licence - Toronto,"Processed polling_division_name comes from Toronto voter-statistics voting-place labels for ordinary rows, but no verified address or coordinate field is present in the repository.",06031,3080
municipal_2023_mayor,municipal_2023_mayor__06032,Dublin Heights Elementary and Ms,100 Bainbridge Ave,100 Bainbridge Ave,43.74914831,-79.44702474,Open Toronto Elections Voting Locations,https://open.toronto.ca/dataset/elections-voting-locations/,2026-02-20,official_open_toronto_point,,verified_official_point,Open Government Licence - Toronto,"Processed polling_division_name comes from Toronto voter-statistics voting-place labels for ordinary rows, but no verified address or coordinate field is present in the repository.",06032,2922
municipal_2023_mayor,municipal_2023_mayor__06033,Faywood Arts-Based Curriculum School,95 Faywood Blvd,95 Faywood Blvd,43.73985504,-79.44669733,Open Toronto Elections Voting Locations,https://open.toronto.ca/dataset/elections-voting-locations/,2026-02-20,official_open_toronto_point,,verified_official_point,Open Government Licence - Toronto,"Processed polling_division_name comes from Toronto voter-statistics voting-place labels for ordinary rows, but no verified address or coordinate field is present in the repository.",06033,4375
municipal_2023_mayor,municipal_2023_mayor__06034,Summit Heights Public School,139 Armour Blvd,139 Armour Blvd,43.74132177,-79.43003694,Open Toronto Elections Voting Locations,https://open.toronto.ca/dataset/elections-voting-locations/,2026-02-20,official_open_toronto_point,,verified_official_point,Open Government Licence - Toronto,"Processed polling_division_name comes from Toronto voter-statistics voting-place labels for ordinary rows, but no verified address or coordinate field is present in the repository.",06034,2534
municipal_2023_mayor,municipal_2023_mayor__06036,None,525 Wilson Ave,525 Wilson Ave,43.73446814,-79.44637507,Open Toronto Elections Voting Locations,https://open.toronto.ca/dataset/elections-voting-locations/,2026-02-20,official_open_toronto_point,,verified_official_point,Open Government Licence - Toronto,"Processed polling_division_name comes from Toronto voter-statistics voting-place labels for ordinary rows, but no verified address or coordinate field is present in the repository.",06036,816
municipal_2023_mayor,municipal_2023_mayor__06037,None,555 Wilson Ave,555 Wilson Ave,43.73411383,-79.44786725,Open Toronto Elections Voting Locations,https://open.toronto.ca/dataset/elections-voting-locations/,2026-02-20,official_open_toronto_point,,verified_official_point,Open Government Licence - Toronto,"Processed polling_division_name comes from Toronto voter-statistics voting-place labels for ordinary rows, but no verified address or coordinate field is present in the repository.",06037,583
municipal_2023_mayor,municipal_2023_mayor__06038,Ancaster Community Centre,41 Ancaster Rd,41 Ancaster Rd,43.73252611,-79.46569678,Open Toronto Elections Voting Locations,https://open.toronto.ca/dataset/elections-voting-locations/,2026-02-20,official_open_toronto_point,,verified_official_point,Open Government Licence - Toronto,"Processed polling_division_name comes from Toronto voter-statistics voting-place labels for ordinary rows, but no verified address or coordinate field is present in the repository.",06038,1999
municipal_2023_mayor,municipal_2023_mayor__06039,Muki Baum Treatment Centre,111 Anthony Rd,111 Anthony Rd,43.72790159,-79.46794284,Open Toronto Elections Voting Locations,https://open.toronto.ca/dataset/elections-voting-locations/,2026-02-20,official_open_toronto_point,,verified_official_point,Open Government Licence - Toronto,"Processed polling_division_name comes from Toronto voter-statistics voting-place labels for ordinary rows, but no verified address or coordinate field is present in the repository.",06039,2054
municipal_2023_mayor,municipal_2023_mayor__06040,Downsview Public School,2829 Keele St,2829 Keele St,43.73111384,-79.48243580,Open Toronto Elections Voting Locations,https://open.toronto.ca/dataset/elections-voting-locations/,2026-02-20,official_open_toronto_point,,verified_official_point,Open Government Licence - Toronto,"Processed polling_division_name comes from Toronto voter-statistics voting-place labels for ordinary rows, but no verified address or coordinate field is present in the repository.",06040,3356
municipal_2023_mayor,municipal_2023_mayor__06041,Blaydon Public School,25 Blaydon Ave,25 Blaydon Ave,43.73535722,-79.48625614,Open Toronto Elections Voting Locations,https://open.toronto.ca/dataset/elections-voting-locations/,2026-02-20,official_open_toronto_point,,verified_official_point,Open Government Licence - Toronto,"Processed polling_division_name comes from Toronto voter-statistics voting-place labels for ordinary rows, but no verified address or coordinate field is present in the repository.",06041,2363
municipal_2023_mayor,municipal_2023_mayor__06042,St. Raphael Catholic School,3 Gade Dr,3 Gade Dr,43.72852359,-79.48871806,Open Toronto Elections Voting Locations,https://open.toronto.ca/dataset/elections-voting-locations/,2026-02-20,official_open_toronto_point,,verified_official_point,Open Government Licence - Toronto,"Processed polling_division_name comes from Toronto voter-statistics voting-place labels for ordinary rows, but no verified address or coordinate field is present in the repository.",06042,3377
municipal_2023_mayor,municipal_2023_mayor__06043,Roding Park,600 Roding St,600 Roding St,43.72909203,-79.49250059,Open Toronto Elections Voting Locations,https://open.toronto.ca/dataset/elections-voting-locations/,2026-02-20,official_open_toronto_point,,verified_official_point,Open Government Licence - Toronto,"Processed polling_division_name comes from Toronto voter-statistics voting-place labels for ordinary rows, but no verified address or coordinate field is present in the repository.",06043,1565
municipal_2023_mayor,municipal_2023_mayor__06044,Highview Public School,22 Highview Ave,22 Highview Ave,43.72195105,-79.49723027,Open Toronto Elections Voting Locations,https://open.toronto.ca/dataset/elections-voting-locations/,2026-02-20,official_open_toronto_point,,verified_official_point,Open Government Licence - Toronto,"Processed polling_division_name comes from Toronto voter-statistics voting-place labels for ordinary rows, but no verified address or coordinate field is present in the repository.",06044,2717
municipal_2023_mayor,municipal_2023_mayor__06045,Downsview Acres,2195 Jane St,2195 Jane St,43.72220488,-79.50792674,Open Toronto Elections Voting Locations,https://open.toronto.ca/dataset/elections-voting-locations/,2026-02-20,official_open_toronto_point,,verified_official_point,Open Government Licence - Toronto,"Processed polling_division_name comes from Toronto voter-statistics voting-place labels for ordinary rows, but no verified address or coordinate field is present in the repository.",06045,328
municipal_2023_mayor,municipal_2023_mayor__06046,Tumpane Public School,48 Tumpane St,48 Tumpane St,43.72659528,-79.50225510,Open Toronto Elections Voting Locations,https://open.toronto.ca/dataset/elections-voting-locations/,2026-02-20,official_open_toronto_point,,verified_official_point,Open Government Licence - Toronto,"Processed polling_division_name comes from Toronto voter-statistics voting-place labels for ordinary rows, but no verified address or coordinate field is present in the repository.",06046,1973
municipal_2023_mayor,municipal_2023_mayor__06048,Beverly Heights Middle School,26 Troutbrooke Dr,26 Troutbrooke Dr,43.73302460,-79.50477173,Open Toronto Elections Voting Locations,https://open.toronto.ca/dataset/elections-voting-locations/,2026-02-20,official_open_toronto_point,,verified_official_point,Open Government Licence - Toronto,"Processed polling_division_name comes from Toronto voter-statistics voting-place labels for ordinary rows, but no verified address or coordinate field is present in the repository.",06048,2709
municipal_2023_mayor,municipal_2023_mayor__06049,None,2645 Jane St,2645 Jane St,43.73773951,-79.51131191,Open Toronto Elections Voting Locations,https://open.toronto.ca/dataset/elections-voting-locations/,2026-02-20,official_open_toronto_point,,verified_official_point,Open Government Licence - Toronto,"Processed polling_division_name comes from Toronto voter-statistics voting-place labels for ordinary rows, but no verified address or coordinate field is present in the repository.",06049,457
municipal_2023_mayor,municipal_2023_mayor__06050,Calico Public School,35 Calico Dr,35 Calico Dr,43.73790618,-79.50359204,Open Toronto Elections Voting Locations,https://open.toronto.ca/dataset/elections-voting-locations/,2026-02-20,official_open_toronto_point,,verified_official_point,Open Government Licence - Toronto,"Processed polling_division_name comes from Toronto voter-statistics voting-place labels for ordinary rows, but no verified address or coordinate field is present in the repository.",06050,1864
municipal_2023_mayor,municipal_2023_mayor__06051,St. Martha Catholic School,1865 Sheppard Ave W,1865 Sheppard Ave W,43.74093109,-79.50218463,Open Toronto Elections Voting Locations,https://open.toronto.ca/dataset/elections-voting-locations/,2026-02-20,official_open_toronto_point,,verified_official_point,Open Government Licence - Toronto,"Processed polling_division_name comes from Toronto voter-statistics voting-place labels for ordinary rows, but no verified address or coordinate field is present in the repository.",06051,1042
municipal_2023_mayor,municipal_2023_mayor__06052,Stilecroft Public School,50 Stilecroft Dr,50 Stilecroft Dr,43.75105582,-79.49320510,Open Toronto Elections Voting Locations,https://open.toronto.ca/dataset/elections-voting-locations/,2026-02-20,official_open_toronto_point,,verified_official_point,Open Government Licence - Toronto,"Processed polling_division_name comes from Toronto voter-statistics voting-place labels for ordinary rows, but no verified address or coordinate field is present in the repository.",06052,1563
municipal_2023_mayor,municipal_2023_mayor__06053,Sheppard Public School,1430 Sheppard Ave W,1430 Sheppard Ave W,43.74542436,-79.48826066,Open Toronto Elections Voting Locations,https://open.toronto.ca/dataset/elections-voting-locations/,2026-02-20,official_open_toronto_point,,verified_official_point,Open Government Licence - Toronto,"Processed polling_division_name comes from Toronto voter-statistics voting-place labels for ordinary rows, but no verified address or coordinate field is present in the repository.",06053,2856
municipal_2023_mayor,municipal_2023_mayor__06055,St. Jerome Catholic School,111 Sharpecroft Blvd,111 Sharpecroft Blvd,43.74883444,-79.48889031,Open Toronto Elections Voting Locations,https://open.toronto.ca/dataset/elections-voting-locations/,2026-02-20,official_open_toronto_point,,verified_official_point,Open Government Licence - Toronto,"Processed polling_division_name comes from Toronto voter-statistics voting-place labels for ordinary rows, but no verified address or coordinate field is present in the repository.",06055,1879
municipal_2023_mayor,municipal_2023_mayor__06056,Casa Verde Health Centre,3595 Keele St,3595 Keele St,43.75112338,-79.48576978,Open Toronto Elections Voting Locations,https://open.toronto.ca/dataset/elections-voting-locations/,2026-02-20,official_open_toronto_point,,verified_official_point,Open Government Licence - Toronto,"Processed polling_division_name comes from Toronto voter-statistics voting-place labels for ordinary rows, but no verified address or coordinate field is present in the repository.",06056,85
municipal_2023_mayor,municipal_2023_mayor__07001,Venerable John Merlini Catholic School,123 Whitfield Ave,123 Whitfield Ave,43.75648059,-79.57938356,Open Toronto Elections Voting Locations,https://open.toronto.ca/dataset/elections-voting-locations/,2026-02-20,official_open_toronto_point,,verified_official_point,Open Government Licence - Toronto,"Processed polling_division_name comes from Toronto voter-statistics voting-place labels for ordinary rows, but no verified address or coordinate field is present in the repository.",07001,2175
municipal_2023_mayor,municipal_2023_mayor__07002,Whitfield Parkette,2990 Islington Ave,2990 Islington Ave,43.75903803,-79.57159930,Open Toronto Elections Voting Locations,https://open.toronto.ca/dataset/elections-voting-locations/,2026-02-20,official_open_toronto_point,,verified_official_point,Open Government Licence - Toronto,"Processed polling_division_name comes from Toronto voter-statistics voting-place labels for ordinary rows, but no verified address or coordinate field is present in the repository.",07002,1197
municipal_2023_mayor,municipal_2023_mayor__07003,St. Roch's Catholic School,174 Duncanwoods Dr,174 Duncanwoods Dr,43.75370797,-79.56674972,Open Toronto Elections Voting Locations,https://open.toronto.ca/dataset/elections-voting-locations/,2026-02-20,official_open_toronto_point,,verified_official_point,Open Government Licence - Toronto,"Processed polling_division_name comes from Toronto voter-statistics voting-place labels for ordinary rows, but no verified address or coordinate field is present in the repository.",07003,1446
municipal_2023_mayor,municipal_2023_mayor__07004,Humber Summit Middle School,60 Pearldale Ave,60 Pearldale Ave,43.75056475,-79.56452219,Open Toronto Elections Voting Locations,https://open.toronto.ca/dataset/elections-voting-locations/,2026-02-20,official_open_toronto_point,,verified_official_point,Open Government Licence - Toronto,"Processed polling_division_name comes from Toronto voter-statistics voting-place labels for ordinary rows, but no verified address or coordinate field is present in the repository.",07004,2521
municipal_2023_mayor,municipal_2023_mayor__07005,Gracedale Park,186 Gracedale Blvd,186 Gracedale Blvd,43.75319754,-79.56184211,Open Toronto Elections Voting Locations,https://open.toronto.ca/dataset/elections-voting-locations/,2026-02-20,official_open_toronto_point,,verified_official_point,Open Government Licence - Toronto,"Processed polling_division_name comes from Toronto voter-statistics voting-place labels for ordinary rows, but no verified address or coordinate field is present in the repository.",07005,1793
municipal_2023_mayor,municipal_2023_mayor__07006,Blacksmith Elementary School - Building Grounds,45 Blacksmith Cres,45 Blacksmith Cres,43.77116396,-79.52681069,Open Toronto Elections Voting Locations,https://open.toronto.ca/dataset/elections-voting-locations/,2026-02-20,official_open_toronto_point,,verified_official_point,Open Government Licence - Toronto,"Processed polling_division_name comes from Toronto voter-statistics voting-place labels for ordinary rows, but no verified address or coordinate field is present in the repository.",07006,3046
municipal_2023_mayor,municipal_2023_mayor__07009,Elm Park - North York,230 Gosford Blvd,230 Gosford Blvd,43.76970021,-79.52418878,Open Toronto Elections Voting Locations,https://open.toronto.ca/dataset/elections-voting-locations/,2026-02-20,official_open_toronto_point,,verified_official_point,Open Government Licence - Toronto,"Processed polling_division_name comes from Toronto voter-statistics voting-place labels for ordinary rows, but no verified address or coordinate field is present in the repository.",07009,1682
municipal_2023_mayor,municipal_2023_mayor__07010,Edgeley Park,4401 Jane St,4401 Jane St,43.76545584,-79.51877898,Open Toronto Elections Voting Locations,https://open.toronto.ca/dataset/elections-voting-locations/,2026-02-20,official_open_toronto_point,,verified_official_point,Open Government Licence - Toronto,"Processed polling_division_name comes from Toronto voter-statistics voting-place labels for ordinary rows, but no verified address or coordinate field is present in the repository.",07010,2738
municipal_2023_mayor,municipal_2023_mayor__07011,None,35 Shoreham Dr,35 Shoreham Dr,43.76878073,-79.51866347,Open Toronto Elections Voting Locations,https://open.toronto.ca/dataset/elections-voting-locations/,2026-02-20,official_open_toronto_point,,verified_official_point,Open Government Licence - Toronto,"Processed polling_division_name comes from Toronto voter-statistics voting-place labels for ordinary rows, but no verified address or coordinate field is present in the repository.",07011,349
municipal_2023_mayor,municipal_2023_mayor__07013,Toronto Track And Field Centre - Building Grounds,4700 Keele St,4700 Keele St,43.77341009,-79.50233817,Open Toronto Elections Voting Locations,https://open.toronto.ca/dataset/elections-voting-locations/,2026-02-20,official_open_toronto_point,,verified_official_point,Open Government Licence - Toronto,"Processed polling_division_name comes from Toronto voter-statistics voting-place labels for ordinary rows, but no verified address or coordinate field is present in the repository.",07013,1768
municipal_2023_mayor,municipal_2023_mayor__07014,Gosford Public School,30 Gosford Blvd,30 Gosford Blvd,43.76431849,-79.52132419,Open Toronto Elections Voting Locations,https://open.toronto.ca/dataset/elections-voting-locations/,2026-02-20,official_open_toronto_point,,verified_official_point,Open Government Licence - Toronto,"Processed polling_division_name comes from Toronto voter-statistics voting-place labels for ordinary rows, but no verified address or coordinate field is present in the repository.",07014,2140
municipal_2023_mayor,municipal_2023_mayor__07015,Leisureworld Caregiving - Norfinch,22 Norfinch Dr,22 Norfinch Dr,43.75680960,-79.52617609,Open Toronto Elections Voting Locations,https://open.toronto.ca/dataset/elections-voting-locations/,2026-02-20,official_open_toronto_point,,verified_official_point,Open Government Licence - Toronto,"Processed polling_division_name comes from Toronto voter-statistics voting-place labels for ordinary rows, but no verified address or coordinate field is present in the repository.",07015,93
municipal_2023_mayor,municipal_2023_mayor__07016,None,15 San Romanoway,15 San Romanoway,43.75909986,-79.51600623,Open Toronto Elections Voting Locations,https://open.toronto.ca/dataset/elections-voting-locations/,2026-02-20,official_open_toronto_point,,verified_official_point,Open Government Licence - Toronto,"Processed polling_division_name comes from Toronto voter-statistics voting-place labels for ordinary rows, but no verified address or coordinate field is present in the repository.",07016,1926
municipal_2023_mayor,municipal_2023_mayor__07017,Driftwood Public School,265 Driftwood Ave,265 Driftwood Ave,43.76297119,-79.51500426,Open Toronto Elections Voting Locations,https://open.toronto.ca/dataset/elections-voting-locations/,2026-02-20,official_open_toronto_point,,verified_official_point,Open Government Licence - Toronto,"Processed polling_division_name comes from Toronto voter-statistics voting-place labels for ordinary rows, but no verified address or coordinate field is present in the repository.",07017,2973
municipal_2023_mayor,municipal_2023_mayor__07019,None,10 Tobermory Dr,10 Tobermory Dr,43.75977927,-79.50902639,Open Toronto Elections Voting Locations,https://open.toronto.ca/dataset/elections-voting-locations/,2026-02-20,official_open_toronto_point,,verified_official_point,Open Government Licence - Toronto,"Processed polling_division_name comes from Toronto voter-statistics voting-place labels for ordinary rows, but no verified address or coordinate field is present in the repository.",07019,356
municipal_2023_mayor,municipal_2023_mayor__07020,None,500 Murray Ross Pkwy,500 Murray Ross Pkwy,43.76418037,-79.50575277,Open Toronto Elections Voting Locations,https://open.toronto.ca/dataset/elections-voting-locations/,2026-02-20,official_open_toronto_point,,verified_official_point,Open Government Licence - Toronto,"Processed polling_division_name comes from Toronto voter-statistics voting-place labels for ordinary rows, but no verified address or coordinate field is present in the repository.",07020,623
municipal_2023_mayor,municipal_2023_mayor__07025,James Cardinal McGuigan School,1440 Finch Ave W,1440 Finch Ave W,43.76328957,-79.49379860,Open Toronto Elections Voting Locations,https://open.toronto.ca/dataset/elections-voting-locations/,2026-02-20,official_open_toronto_point,,verified_official_point,Open Government Licence - Toronto,"Processed polling_division_name comes from Toronto voter-statistics voting-place labels for ordinary rows, but no verified address or coordinate field is present in the repository.",07025,3391
municipal_2023_mayor,municipal_2023_mayor__07026,None,31 Four Winds Dr,31 Four Winds Dr,43.76380951,-79.49760558,Open Toronto Elections Voting Locations,https://open.toronto.ca/dataset/elections-voting-locations/,2026-02-20,official_open_toronto_point,,verified_official_point,Open Government Licence - Toronto,"Processed polling_division_name comes from Toronto voter-statistics voting-place labels for ordinary rows, but no verified address or coordinate field is present in the repository.",07026,811
municipal_2023_mayor,municipal_2023_mayor__07028,Derrydown Public School,120 Derrydown Rd,120 Derrydown Rd,43.75868994,-79.49371018,Open Toronto Elections Voting Locations,https://open.toronto.ca/dataset/elections-voting-locations/,2026-02-20,official_open_toronto_point,,verified_official_point,Open Government Licence - Toronto,"Processed polling_division_name comes from Toronto voter-statistics voting-place labels for ordinary rows, but no verified address or coordinate field is present in the repository.",07028,1842
municipal_2023_mayor,municipal_2023_mayor__07029,None,3680 Keele St,3680 Keele St,43.75374877,-79.48953565,Open Toronto Elections Voting Locations,https://open.toronto.ca/dataset/elections-voting-locations/,2026-02-20,official_open_toronto_point,,verified_official_point,Open Government Licence - Toronto,"Processed polling_division_name comes from Toronto voter-statistics voting-place labels for ordinary rows, but no verified address or coordinate field is present in the repository.",07029,257
municipal_2023_mayor,municipal_2023_mayor__07030,Elia Middle School,215 Sentinel Rd,215 Sentinel Rd,43.75379932,-79.49845831,Open Toronto Elections Voting Locations,https://open.toronto.ca/dataset/elections-voting-locations/,2026-02-20,official_open_toronto_point,,verified_official_point,Open Government Licence - Toronto,"Processed polling_division_name comes from Toronto voter-statistics voting-place labels for ordinary rows, but no verified address or coordinate field is present in the repository.",07030,2119
municipal_2023_mayor,municipal_2023_mayor__07031,C. W. Jeffreys Collegiate Institute,340 Sentinel Rd,340 Sentinel Rd,43.75827926,-79.49991251,Open Toronto Elections Voting Locations,https://open.toronto.ca/dataset/elections-voting-locations/,2026-02-20,official_open_toronto_point,,verified_official_point,Open Government Licence - Toronto,"Processed polling_division_name comes from Toronto voter-statistics voting-place labels for ordinary rows, but no verified address or coordinate field is present in the repository.",07031,2927
municipal_2023_mayor,municipal_2023_mayor__07032,Lamberton Public School,33 Lamberton Blvd,33 Lamberton Blvd,43.75365430,-79.50282449,Open Toronto Elections Voting Locations,https://open.toronto.ca/dataset/elections-voting-locations/,2026-02-20,official_open_toronto_point,,verified_official_point,Open Government Licence - Toronto,"Processed polling_division_name comes from Toronto voter-statistics voting-place labels for ordinary rows, but no verified address or coordinate field is present in the repository.",07032,1552
municipal_2023_mayor,municipal_2023_mayor__07033,Topcliff Public School,65 Topcliff Ave,65 Topcliff Ave,43.75558510,-79.51065889,Open Toronto Elections Voting Locations,https://open.toronto.ca/dataset/elections-voting-locations/,2026-02-20,official_open_toronto_point,,verified_official_point,Open Government Licence - Toronto,"Processed polling_division_name comes from Toronto voter-statistics voting-place labels for ordinary rows, but no verified address or coordinate field is present in the repository.",07033,1577
municipal_2023_mayor,municipal_2023_mayor__07035,Yorkwoods Public School - Building Grounds,25 Yorkwoods Gt,25 Yorkwoods Gt,43.75065984,-79.51388475,Open Toronto Elections Voting Locations,https://open.toronto.ca/dataset/elections-voting-locations/,2026-02-20,official_open_toronto_point,,verified_official_point,Open Government Licence - Toronto,"Processed polling_division_name comes from Toronto voter-statistics voting-place labels for ordinary rows, but no verified address or coordinate field is present in the repository.",07035,2954
municipal_2023_mayor,municipal_2023_mayor__07038,Oakdale Park Middle School,315 Grandravine Dr,315 Grandravine Dr,43.74746507,-79.51199206,Open Toronto Elections Voting Locations,https://open.toronto.ca/dataset/elections-voting-locations/,2026-02-20,official_open_toronto_point,,verified_official_point,Open Government Licence - Toronto,"Processed polling_division_name comes from Toronto voter-statistics voting-place labels for ordinary rows, but no verified address or coordinate field is present in the repository.",07038,1589
municipal_2023_mayor,municipal_2023_mayor__07039,St. Francis De Sales Catholic School,333 Firgrove Cres,333 Firgrove Cres,43.75413291,-79.51912451,Open Toronto Elections Voting Locations,https://open.toronto.ca/dataset/elections-voting-locations/,2026-02-20,official_open_toronto_point,,verified_official_point,Open Government Licence - Toronto,"Processed polling_division_name comes from Toronto voter-statistics voting-place labels for ordinary rows, but no verified address or coordinate field is present in the repository.",07039,3685
municipal_2023_mayor,municipal_2023_mayor__07040,None,2045 Finch Ave W,2045 Finch Ave W,43.75606789,-79.52142087,Open Toronto Elections Voting Locations,https://open.toronto.ca/dataset/elections-voting-locations/,2026-02-20,official_open_toronto_point,,verified_official_point,Open Government Licence - Toronto,"Processed polling_division_name comes from Toronto voter-statistics voting-place labels for ordinary rows, but no verified address or coordinate field is present in the repository.",07040,129
municipal_2023_mayor,municipal_2023_mayor__07042,Lori Gardens Centre For Early Learning,2405 Finch Ave W,2405 Finch Ave W,43.75062129,-79.54403210,Open Toronto Elections Voting Locations,https://open.toronto.ca/dataset/elections-voting-locations/,2026-02-20,official_open_toronto_point,,verified_official_point,Open Government Licence - Toronto,"Processed polling_division_name comes from Toronto voter-statistics voting-place labels for ordinary rows, but no verified address or coordinate field is present in the repository.",07042,467
municipal_2023_mayor,municipal_2023_mayor__07043,Weston Towers,3400 Weston Rd,3400 Weston Rd,43.74981063,-79.54343265,Open Toronto Elections Voting Locations,https://open.toronto.ca/dataset/elections-voting-locations/,2026-02-20,official_open_toronto_point,,verified_official_point,Open Government Licence - Toronto,"Processed polling_division_name comes from Toronto voter-statistics voting-place labels for ordinary rows, but no verified address or coordinate field is present in the repository.",07043,540
municipal_2023_mayor,municipal_2023_mayor__07044,Century Gardens,3390 Weston Rd,3390 Weston Rd,43.74910859,-79.54277869,Open Toronto Elections Voting Locations,https://open.toronto.ca/dataset/elections-voting-locations/,2026-02-20,official_open_toronto_point,,verified_official_point,Open Government Licence - Toronto,"Processed polling_division_name comes from Toronto voter-statistics voting-place labels for ordinary rows, but no verified address or coordinate field is present in the repository.",07044,425
municipal_2023_mayor,municipal_2023_mayor__07045,Daystrom Public School,25 Daystrom Dr,25 Daystrom Dr,43.74794693,-79.54696330,Open Toronto Elections Voting Locations,https://open.toronto.ca/dataset/elections-voting-locations/,2026-02-20,official_open_toronto_point,,verified_official_point,Open Government Licence - Toronto,"Processed polling_division_name comes from Toronto voter-statistics voting-place labels for ordinary rows, but no verified address or coordinate field is present in the repository.",07045,3030
municipal_2023_mayor,municipal_2023_mayor__07046,Bambolino Preschool Montessori Academy,5 Blue Haven Cres,5 Blue Haven Cres,43.74452161,-79.55826302,Open Toronto Elections Voting Locations,https://open.toronto.ca/dataset/elections-voting-locations/,2026-02-20,official_open_toronto_point,,verified_official_point,Open Government Licence - Toronto,"Processed polling_division_name comes from Toronto voter-statistics voting-place labels for ordinary rows, but no verified address or coordinate field is present in the repository.",07046,2115
municipal_2023_mayor,municipal_2023_mayor__07047,Gulfstream Public School,20 Gulfstream Rd,20 Gulfstream Rd,43.73907798,-79.54200980,Open Toronto Elections Voting Locations,https://open.toronto.ca/dataset/elections-voting-locations/,2026-02-20,official_open_toronto_point,,verified_official_point,Open Government Licence - Toronto,"Processed polling_division_name comes from Toronto voter-statistics voting-place labels for ordinary rows, but no verified address or coordinate field is present in the repository.",07047,1639
municipal_2023_mayor,municipal_2023_mayor__07048,St. Jude's Catholic School,3251 Weston Rd,3251 Weston Rd,43.74048448,-79.53925654,Open Toronto Elections Voting Locations,https://open.toronto.ca/dataset/elections-voting-locations/,2026-02-20,official_open_toronto_point,,verified_official_point,Open Government Licence - Toronto,"Processed polling_division_name comes from Toronto voter-statistics voting-place labels for ordinary rows, but no verified address or coordinate field is present in the repository.",07048,2328
municipal_2023_mayor,municipal_2023_mayor__07049,Stanley Public School,75 Stanley Rd,75 Stanley Rd,43.74183118,-79.51782704,Open Toronto Elections Voting Locations,https://open.toronto.ca/dataset/elections-voting-locations/,2026-02-20,official_open_toronto_point,,verified_official_point,Open Government Licence - Toronto,"Processed polling_division_name comes from Toronto voter-statistics voting-place labels for ordinary rows, but no verified address or coordinate field is present in the repository.",07049,2495
municipal_2023_mayor,municipal_2023_mayor__07050,Domenico Diluca Community Centre,25 Stanley Rd,25 Stanley Rd,43.74243658,-79.51584066,Open Toronto Elections Voting Locations,https://open.toronto.ca/dataset/elections-voting-locations/,2026-02-20,official_open_toronto_point,,verified_official_point,Open Government Licence - Toronto,"Processed polling_division_name comes from Toronto voter-statistics voting-place labels for ordinary rows, but no verified address or coordinate field is present in the repository.",07050,2222
municipal_2023_mayor,municipal_2023_mayor__07052,Blessed Margherita Of Citta Di Castello C S,108 Spenvalley Dr,108 Spenvalley Dr,43.74367247,-79.50791404,Open Toronto Elections Voting Locations,https://open.toronto.ca/dataset/elections-voting-locations/,2026-02-20,official_open_toronto_point,,verified_official_point,Open Government Licence - Toronto,"Processed polling_division_name comes from Toronto voter-statistics voting-place labels for ordinary rows, but no verified address or coordinate field is present in the repository.",07052,2574
municipal_2023_mayor,municipal_2023_mayor__07053,Arleta Manor,7-11 Arleta Ave,7-11 Arleta Ave,43.74193849,-79.50112818,Open Toronto Elections Voting Locations,https://open.toronto.ca/dataset/elections-voting-locations/,2026-02-20,official_open_toronto_point,,verified_official_point,Open Government Licence - Toronto,"Processed polling_division_name comes from Toronto voter-statistics voting-place labels for ordinary rows, but no verified address or coordinate field is present in the repository.",07053,411
municipal_2023_mayor,municipal_2023_mayor__07054,Northwood Community Centre - Building Grounds,15 Clubhouse Crt,15 Clubhouse Crt,43.74552566,-79.49999333,Open Toronto Elections Voting Locations,https://open.toronto.ca/dataset/elections-voting-locations/,2026-02-20,official_open_toronto_point,,verified_official_point,Open Government Licence - Toronto,"Processed polling_division_name comes from Toronto voter-statistics voting-place labels for ordinary rows, but no verified address or coordinate field is present in the repository.",07054,1497
municipal_2023_mayor,municipal_2023_mayor__07055,Chalkfarm Public School,100 Chalkfarm Dr,100 Chalkfarm Dr,43.72710643,-79.51439274,Open Toronto Elections Voting Locations,https://open.toronto.ca/dataset/elections-voting-locations/,2026-02-20,official_open_toronto_point,,verified_official_point,Open Government Licence - Toronto,"Processed polling_division_name comes from Toronto voter-statistics voting-place labels for ordinary rows, but no verified address or coordinate field is present in the repository.",07055,2723
municipal_2023_mayor,municipal_2023_mayor__07056,None,65 Mayall Ave,65 Mayall Ave,43.72725321,-79.51818805,Open Toronto Elections Voting Locations,https://open.toronto.ca/dataset/elections-voting-locations/,2026-02-20,official_open_toronto_point,,verified_official_point,Open Government Licence - Toronto,"Processed polling_division_name comes from Toronto voter-statistics voting-place labels for ordinary rows, but no verified address or coordinate field is present in the repository.",07056,2715
municipal_2023_mayor,municipal_2023_mayor__07057,Carmine Stefano CC,3100 Weston Rd,3100 Weston Rd,43.73369690,-79.53961966,Open Toronto Elections Voting Locations,https://open.toronto.ca/dataset/elections-voting-locations/,2026-02-20,official_open_toronto_point,,verified_official_point,Open Government Licence - Toronto,"Processed polling_division_name comes from Toronto voter-statistics voting-place labels for ordinary rows, but no verified address or coordinate field is present in the repository.",07057,3396
municipal_2023_mayor,municipal_2023_mayor__07059,St. Basil-the-Great College School,20 Starview Lane,20 Starview Lane,43.72770718,-79.53332748,Open Toronto Elections Voting Locations,https://open.toronto.ca/dataset/elections-voting-locations/,2026-02-20,official_open_toronto_point,,verified_official_point,Open Government Licence - Toronto,"Processed polling_division_name comes from Toronto voter-statistics voting-place labels for ordinary rows, but no verified address or coordinate field is present in the repository.",07059,2804
municipal_2023_mayor,municipal_2023_mayor__08001,Armour Heights Public School,148 Wilson Ave,148 Wilson Ave,43.74091004,-79.41952228,Open Toronto Elections Voting Locations,https://open.toronto.ca/dataset/elections-voting-locations/,2026-02-20,official_open_toronto_point,,verified_official_point,Open Government Licence - Toronto,"Processed polling_division_name comes from Toronto voter-statistics voting-place labels for ordinary rows, but no verified address or coordinate field is present in the repository.",08001,2040
municipal_2023_mayor,municipal_2023_mayor__08002,None,4000 Yonge St,4000 Yonge St,43.74252349,-79.40680630,Open Toronto Elections Voting Locations,https://open.toronto.ca/dataset/elections-voting-locations/,2026-02-20,official_open_toronto_point,,verified_official_point,Open Government Licence - Toronto,"Processed polling_division_name comes from Toronto voter-statistics voting-place labels for ordinary rows, but no verified address or coordinate field is present in the repository.",08002,515
municipal_2023_mayor,municipal_2023_mayor__08003,Loretto Abbey Catholic Secondary School,101 Mason Blvd,101 Mason Blvd,43.74122532,-79.41108183,Open Toronto Elections Voting Locations,https://open.toronto.ca/dataset/elections-voting-locations/,2026-02-20,official_open_toronto_point,,verified_official_point,Open Government Licence - Toronto,"Processed polling_division_name comes from Toronto voter-statistics voting-place labels for ordinary rows, but no verified address or coordinate field is present in the repository.",08003,1634
municipal_2023_mayor,municipal_2023_mayor__08004,Armour Heights Presbyterian Church,105 Wilson Ave,105 Wilson Ave,43.74072651,-79.41673117,Open Toronto Elections Voting Locations,https://open.toronto.ca/dataset/elections-voting-locations/,2026-02-20,official_open_toronto_point,,verified_official_point,Open Government Licence - Toronto,"Processed polling_division_name comes from Toronto voter-statistics voting-place labels for ordinary rows, but no verified address or coordinate field is present in the repository.",08004,1851
municipal_2023_mayor,municipal_2023_mayor__08005,Armour Heights Community Centre - Building Grounds,2140 Avenue Rd,2140 Avenue Rd,43.73944583,-79.42191783,Open Toronto Elections Voting Locations,https://open.toronto.ca/dataset/elections-voting-locations/,2026-02-20,official_open_toronto_point,,verified_official_point,Open Government Licence - Toronto,"Processed polling_division_name comes from Toronto voter-statistics voting-place labels for ordinary rows, but no verified address or coordinate field is present in the repository.",08005,1568
municipal_2023_mayor,municipal_2023_mayor__08006,Marjory Carton Apartments - Building Grounds,193 Wilson Ave,193 Wilson Ave,43.73928898,-79.42267238,Open Toronto Elections Voting Locations,https://open.toronto.ca/dataset/elections-voting-locations/,2026-02-20,official_open_toronto_point,,verified_official_point,Open Government Licence - Toronto,"Processed polling_division_name comes from Toronto voter-statistics voting-place labels for ordinary rows, but no verified address or coordinate field is present in the repository.",08006,138
municipal_2023_mayor,municipal_2023_mayor__08007,St. Margaret Catholic School,85 Carmichael Ave,85 Carmichael Ave,43.73598569,-79.42664842,Open Toronto Elections Voting Locations,https://open.toronto.ca/dataset/elections-voting-locations/,2026-02-20,official_open_toronto_point,,verified_official_point,Open Government Licence - Toronto,"Processed polling_division_name comes from Toronto voter-statistics voting-place labels for ordinary rows, but no verified address or coordinate field is present in the repository.",08007,2470
municipal_2023_mayor,municipal_2023_mayor__08009,None,3636 Bathurst St,3636 Bathurst St,43.73243683,-79.43353192,Open Toronto Elections Voting Locations,https://open.toronto.ca/dataset/elections-voting-locations/,2026-02-20,official_open_toronto_point,,verified_official_point,Open Government Licence - Toronto,"Processed polling_division_name comes from Toronto voter-statistics voting-place labels for ordinary rows, but no verified address or coordinate field is present in the repository.",08009,316
municipal_2023_mayor,municipal_2023_mayor__08010,Reuben Cipin Residence,2 Neptune Dr,2 Neptune Dr,43.73165462,-79.43292759,Open Toronto Elections Voting Locations,https://open.toronto.ca/dataset/elections-voting-locations/,2026-02-20,official_open_toronto_point,,verified_official_point,Open Government Licence - Toronto,"Processed polling_division_name comes from Toronto voter-statistics voting-place labels for ordinary rows, but no verified address or coordinate field is present in the repository.",08010,1711
municipal_2023_mayor,municipal_2023_mayor__08011,Baycrest Centre,3560 Bathurst St,3560 Bathurst St,43.73005561,-79.43414331,Open Toronto Elections Voting Locations,https://open.toronto.ca/dataset/elections-voting-locations/,2026-02-20,official_open_toronto_point,,verified_official_point,Open Government Licence - Toronto,"Processed polling_division_name comes from Toronto voter-statistics voting-place labels for ordinary rows, but no verified address or coordinate field is present in the repository.",08011,442
municipal_2023_mayor,municipal_2023_mayor__08012,Bayrcrest Terrace,55 Ameer Ave,55 Ameer Ave,43.72891495,-79.44037960,Open Toronto Elections Voting Locations,https://open.toronto.ca/dataset/elections-voting-locations/,2026-02-20,official_open_toronto_point,,verified_official_point,Open Government Licence - Toronto,"Processed polling_division_name comes from Toronto voter-statistics voting-place labels for ordinary rows, but no verified address or coordinate field is present in the repository.",08012,165
municipal_2023_mayor,municipal_2023_mayor__08013,Sir Sandford Fleming Academy,50 Ameer Ave,50 Ameer Ave,43.72869218,-79.44170541,Open Toronto Elections Voting Locations,https://open.toronto.ca/dataset/elections-voting-locations/,2026-02-20,official_open_toronto_point,,verified_official_point,Open Government Licence - Toronto,"Processed polling_division_name comes from Toronto voter-statistics voting-place labels for ordinary rows, but no verified address or coordinate field is present in the repository.",08013,2064
municipal_2023_mayor,municipal_2023_mayor__08014,Flemington Public School,10 Flemington Rd,10 Flemington Rd,43.72008758,-79.44445400,Open Toronto Elections Voting Locations,https://open.toronto.ca/dataset/elections-voting-locations/,2026-02-20,official_open_toronto_point,,verified_official_point,Open Government Licence - Toronto,"Processed polling_division_name comes from Toronto voter-statistics voting-place labels for ordinary rows, but no verified address or coordinate field is present in the repository.",08014,2318
municipal_2023_mayor,municipal_2023_mayor__08015,Lawrence Heights Middle School,50 Highland Hill,50 Highland Hill,43.72083225,-79.45107725,Open Toronto Elections Voting Locations,https://open.toronto.ca/dataset/elections-voting-locations/,2026-02-20,official_open_toronto_point,,verified_official_point,Open Government Licence - Toronto,"Processed polling_division_name comes from Toronto voter-statistics voting-place labels for ordinary rows, but no verified address or coordinate field is present in the repository.",08015,3136
municipal_2023_mayor,municipal_2023_mayor__08016,Yorkdale Secondary School,38 Orfus Rd,38 Orfus Rd,43.72016207,-79.45972510,Open Toronto Elections Voting Locations,https://open.toronto.ca/dataset/elections-voting-locations/,2026-02-20,official_open_toronto_point,,verified_official_point,Open Government Licence - Toronto,"Processed polling_division_name comes from Toronto voter-statistics voting-place labels for ordinary rows, but no verified address or coordinate field is present in the repository.",08016,680
municipal_2023_mayor,municipal_2023_mayor__08017,Delo Park,26 Joyce Pkwy,26 Joyce Pkwy,43.70977539,-79.46375749,Open Toronto Elections Voting Locations,https://open.toronto.ca/dataset/elections-voting-locations/,2026-02-20,official_open_toronto_point,,verified_official_point,Open Government Licence - Toronto,"Processed polling_division_name comes from Toronto voter-statistics voting-place labels for ordinary rows, but no verified address or coordinate field is present in the repository.",08017,1415
municipal_2023_mayor,municipal_2023_mayor__08018,50 Lotherton Ptwy,50 Lotherton Ptwy,50 Lotherton Ptwy,43.70585187,-79.46694704,Open Toronto Elections Voting Locations,https://open.toronto.ca/dataset/elections-voting-locations/,2026-02-20,official_open_toronto_point,,verified_official_point,Open Government Licence - Toronto,"Processed polling_division_name comes from Toronto voter-statistics voting-place labels for ordinary rows, but no verified address or coordinate field is present in the repository.",08018,1521
municipal_2023_mayor,municipal_2023_mayor__08020,Glen Long Park,35 Glen Long Ave,35 Glen Long Ave,43.70862582,-79.45580228,Open Toronto Elections Voting Locations,https://open.toronto.ca/dataset/elections-voting-locations/,2026-02-20,official_open_toronto_point,,verified_official_point,Open Government Licence - Toronto,"Processed polling_division_name comes from Toronto voter-statistics voting-place labels for ordinary rows, but no verified address or coordinate field is present in the repository.",08020,1703
municipal_2023_mayor,municipal_2023_mayor__08021,Beth Torah Synagogue,47 Glenbrook Ave,47 Glenbrook Ave,43.70939007,-79.45209822,Open Toronto Elections Voting Locations,https://open.toronto.ca/dataset/elections-voting-locations/,2026-02-20,official_open_toronto_point,,verified_official_point,Open Government Licence - Toronto,"Processed polling_division_name comes from Toronto voter-statistics voting-place labels for ordinary rows, but no verified address or coordinate field is present in the repository.",08021,1693
municipal_2023_mayor,municipal_2023_mayor__08022,Villa Colombo Home for The Aged,40 Playfair Ave,40 Playfair Ave,43.71050217,-79.45614060,Open Toronto Elections Voting Locations,https://open.toronto.ca/dataset/elections-voting-locations/,2026-02-20,official_open_toronto_point,,verified_official_point,Open Government Licence - Toronto,"Processed polling_division_name comes from Toronto voter-statistics voting-place labels for ordinary rows, but no verified address or coordinate field is present in the repository.",08022,281
municipal_2023_mayor,municipal_2023_mayor__08024,None,3010 Dufferin St,3010 Dufferin St,43.71186230,-79.45499226,Open Toronto Elections Voting Locations,https://open.toronto.ca/dataset/elections-voting-locations/,2026-02-20,official_open_toronto_point,,verified_official_point,Open Government Licence - Toronto,"Processed polling_division_name comes from Toronto voter-statistics voting-place labels for ordinary rows, but no verified address or coordinate field is present in the repository.",08024,261
municipal_2023_mayor,municipal_2023_mayor__08025,Caboto Terrace,3050 Dufferin St,3050 Dufferin St,43.71314828,-79.45515895,Open Toronto Elections Voting Locations,https://open.toronto.ca/dataset/elections-voting-locations/,2026-02-20,official_open_toronto_point,,verified_official_point,Open Government Licence - Toronto,"Processed polling_division_name comes from Toronto voter-statistics voting-place labels for ordinary rows, but no verified address or coordinate field is present in the repository.",08025,341
municipal_2023_mayor,municipal_2023_mayor__08026,None,830 Lawrence Ave W,830 Lawrence Ave W,43.71445013,-79.45420778,Open Toronto Elections Voting Locations,https://open.toronto.ca/dataset/elections-voting-locations/,2026-02-20,official_open_toronto_point,,verified_official_point,Open Government Licence - Toronto,"Processed polling_division_name comes from Toronto voter-statistics voting-place labels for ordinary rows, but no verified address or coordinate field is present in the repository.",08026,901
municipal_2023_mayor,municipal_2023_mayor__08027,None,800 Lawrence Ave W,800 Lawrence Ave W,43.71448101,-79.45329034,Open Toronto Elections Voting Locations,https://open.toronto.ca/dataset/elections-voting-locations/,2026-02-20,official_open_toronto_point,,verified_official_point,Open Government Licence - Toronto,"Processed polling_division_name comes from Toronto voter-statistics voting-place labels for ordinary rows, but no verified address or coordinate field is present in the repository.",08027,619
municipal_2023_mayor,municipal_2023_mayor__08029,Bathurst Place,3036 Bathurst St,3036 Bathurst St,43.71850323,-79.42984067,Open Toronto Elections Voting Locations,https://open.toronto.ca/dataset/elections-voting-locations/,2026-02-20,official_open_toronto_point,,verified_official_point,Open Government Licence - Toronto,"Processed polling_division_name comes from Toronto voter-statistics voting-place labels for ordinary rows, but no verified address or coordinate field is present in the repository.",08029,1916
municipal_2023_mayor,municipal_2023_mayor__08030,Barbara Frum Community Centre - Building Grounds,20 Covington Rd,20 Covington Rd,43.72079393,-79.43220782,Open Toronto Elections Voting Locations,https://open.toronto.ca/dataset/elections-voting-locations/,2026-02-20,official_open_toronto_point,,verified_official_point,Open Government Licence - Toronto,"Processed polling_division_name comes from Toronto voter-statistics voting-place labels for ordinary rows, but no verified address or coordinate field is present in the repository.",08030,2250
municipal_2023_mayor,municipal_2023_mayor__08031,None,2 Covington Rd,2 Covington Rd,43.72108138,-79.43054167,Open Toronto Elections Voting Locations,https://open.toronto.ca/dataset/elections-voting-locations/,2026-02-20,official_open_toronto_point,,verified_official_point,Open Government Licence - Toronto,"Processed polling_division_name comes from Toronto voter-statistics voting-place labels for ordinary rows, but no verified address or coordinate field is present in the repository.",08031,442
municipal_2023_mayor,municipal_2023_mayor__08032,Saranac Apartments,3174 Bathurst St,3174 Bathurst St,43.72191149,-79.43093655,Open Toronto Elections Voting Locations,https://open.toronto.ca/dataset/elections-voting-locations/,2026-02-20,official_open_toronto_point,,verified_official_point,Open Government Licence - Toronto,"Processed polling_division_name comes from Toronto voter-statistics voting-place labels for ordinary rows, but no verified address or coordinate field is present in the repository.",08032,184
municipal_2023_mayor,municipal_2023_mayor__08034,None,3270 Bathurst St,3270 Bathurst St,43.72423115,-79.43145886,Open Toronto Elections Voting Locations,https://open.toronto.ca/dataset/elections-voting-locations/,2026-02-20,official_open_toronto_point,,verified_official_point,Open Government Licence - Toronto,"Processed polling_division_name comes from Toronto voter-statistics voting-place labels for ordinary rows, but no verified address or coordinate field is present in the repository.",08034,220
municipal_2023_mayor,municipal_2023_mayor__08035,Ledbury Elementary Middle School,95 Falkirk St,95 Falkirk St,43.72742531,-79.42718231,Open Toronto Elections Voting Locations,https://open.toronto.ca/dataset/elections-voting-locations/,2026-02-20,official_open_toronto_point,,verified_official_point,Open Government Licence - Toronto,"Processed polling_division_name comes from Toronto voter-statistics voting-place labels for ordinary rows, but no verified address or coordinate field is present in the repository.",08035,2729
municipal_2023_mayor,municipal_2023_mayor__08036,Melrose Baptist Church,375 Melrose Ave,375 Melrose Ave,43.72942007,-79.41966200,Open Toronto Elections Voting Locations,https://open.toronto.ca/dataset/elections-voting-locations/,2026-02-20,official_open_toronto_point,,verified_official_point,Open Government Licence - Toronto,"Processed polling_division_name comes from Toronto voter-statistics voting-place labels for ordinary rows, but no verified address or coordinate field is present in the repository.",08036,2411
municipal_2023_mayor,municipal_2023_mayor__08037,John Wanless Junior Public School,245 Fairlawn Ave,245 Fairlawn Ave,43.72886864,-79.41205669,Open Toronto Elections Voting Locations,https://open.toronto.ca/dataset/elections-voting-locations/,2026-02-20,official_open_toronto_point,,verified_official_point,Open Government Licence - Toronto,"Processed polling_division_name comes from Toronto voter-statistics voting-place labels for ordinary rows, but no verified address or coordinate field is present in the repository.",08037,2826
municipal_2023_mayor,municipal_2023_mayor__08039,Blessed Sacrament Catholic School,24 Bedford Park Ave,24 Bedford Park Ave,43.72748161,-79.40399752,Open Toronto Elections Voting Locations,https://open.toronto.ca/dataset/elections-voting-locations/,2026-02-20,official_open_toronto_point,,verified_official_point,Open Government Licence - Toronto,"Processed polling_division_name comes from Toronto voter-statistics voting-place labels for ordinary rows, but no verified address or coordinate field is present in the repository.",08039,3009
municipal_2023_mayor,municipal_2023_mayor__08040,Lawrence Park Collegiate Institute,125 Chatsworth Dr,125 Chatsworth Dr,43.72222271,-79.41043908,Open Toronto Elections Voting Locations,https://open.toronto.ca/dataset/elections-voting-locations/,2026-02-20,official_open_toronto_point,,verified_official_point,Open Government Licence - Toronto,"Processed polling_division_name comes from Toronto voter-statistics voting-place labels for ordinary rows, but no verified address or coordinate field is present in the repository.",08040,2221
municipal_2023_mayor,municipal_2023_mayor__08042,Glenview Senior Public School,401 Rosewell Ave,401 Rosewell Ave,43.71997644,-79.40952470,Open Toronto Elections Voting Locations,https://open.toronto.ca/dataset/elections-voting-locations/,2026-02-20,official_open_toronto_point,,verified_official_point,Open Government Licence - Toronto,"Processed polling_division_name comes from Toronto voter-statistics voting-place labels for ordinary rows, but no verified address or coordinate field is present in the repository.",08042,1360
municipal_2023_mayor,municipal_2023_mayor__08043,Glenview Presbyterian Church,1 Glenview Ave,1 Glenview Ave,43.72013025,-79.40182650,Open Toronto Elections Voting Locations,https://open.toronto.ca/dataset/elections-voting-locations/,2026-02-20,official_open_toronto_point,,verified_official_point,Open Government Licence - Toronto,"Processed polling_division_name comes from Toronto voter-statistics voting-place labels for ordinary rows, but no verified address or coordinate field is present in the repository.",08043,2880
municipal_2023_mayor,municipal_2023_mayor__08044,Shaarei Shomayim Congregation,470 Glencairn Ave,470 Glencairn Ave,43.71309977,-79.42699999,Open Toronto Elections Voting Locations,https://open.toronto.ca/dataset/elections-voting-locations/,2026-02-20,official_open_toronto_point,,verified_official_point,Open Government Licence - Toronto,"Processed polling_division_name comes from Toronto voter-statistics voting-place labels for ordinary rows, but no verified address or coordinate field is present in the repository.",08044,2590
municipal_2023_mayor,municipal_2023_mayor__08045,Glen Park Public School,101 Englemount Ave,101 Englemount Ave,43.71322382,-79.43574733,Open Toronto Elections Voting Locations,https://open.toronto.ca/dataset/elections-voting-locations/,2026-02-20,official_open_toronto_point,,verified_official_point,Open Government Licence - Toronto,"Processed polling_division_name comes from Toronto voter-statistics voting-place labels for ordinary rows, but no verified address or coordinate field is present in the repository.",08045,2593
municipal_2023_mayor,municipal_2023_mayor__08046,Viewmount Park,169 Viewmount Ave,169 Viewmount Ave,43.70749314,-79.43724148,Open Toronto Elections Voting Locations,https://open.toronto.ca/dataset/elections-voting-locations/,2026-02-20,official_open_toronto_point,,verified_official_point,Open Government Licence - Toronto,"Processed polling_division_name comes from Toronto voter-statistics voting-place labels for ordinary rows, but no verified address or coordinate field is present in the repository.",08046,1036
municipal_2023_mayor,municipal_2023_mayor__08047,Sts. Cosmas and Damian Catholic School,111 Danesbury Ave,111 Danesbury Ave,43.70693423,-79.44442589,Open Toronto Elections Voting Locations,https://open.toronto.ca/dataset/elections-voting-locations/,2026-02-20,official_open_toronto_point,,verified_official_point,Open Government Licence - Toronto,"Processed polling_division_name comes from Toronto voter-statistics voting-place labels for ordinary rows, but no verified address or coordinate field is present in the repository.",08047,3497
municipal_2023_mayor,municipal_2023_mayor__08048,Medhanie Alem Eritrean,1 Ramsden Rd,1 Ramsden Rd,43.69618978,-79.45242252,Open Toronto Elections Voting Locations,https://open.toronto.ca/dataset/elections-voting-locations/,2026-02-20,official_open_toronto_point,,verified_official_point,Open Government Licence - Toronto,"Processed polling_division_name comes from Toronto voter-statistics voting-place labels for ordinary rows, but no verified address or coordinate field is present in the repository.",08048,2865
municipal_2023_mayor,municipal_2023_mayor__08049,Maria A. Shchuka Public Library,1745 Eglinton Ave W,1745 Eglinton Ave W,43.69603074,-79.44724640,Open Toronto Elections Voting Locations,https://open.toronto.ca/dataset/elections-voting-locations/,2026-02-20,official_open_toronto_point,,verified_official_point,Open Government Licence - Toronto,"Processed polling_division_name comes from Toronto voter-statistics voting-place labels for ordinary rows, but no verified address or coordinate field is present in the repository.",08049,2921
municipal_2023_mayor,municipal_2023_mayor__08050,None,855 Roselawn Ave,855 Roselawn Ave,43.70187944,-79.44147707,Open Toronto Elections Voting Locations,https://open.toronto.ca/dataset/elections-voting-locations/,2026-02-20,official_open_toronto_point,,verified_official_point,Open Government Licence - Toronto,"Processed polling_division_name comes from Toronto voter-statistics voting-place labels for ordinary rows, but no verified address or coordinate field is present in the repository.",08050,3046
municipal_2023_mayor,municipal_2023_mayor__08051,None,135 Marlee Ave,135 Marlee Ave,43.70205552,-79.44062140,Open Toronto Elections Voting Locations,https://open.toronto.ca/dataset/elections-voting-locations/,2026-02-20,official_open_toronto_point,,verified_official_point,Open Government Licence - Toronto,"Processed polling_division_name comes from Toronto voter-statistics voting-place labels for ordinary rows, but no verified address or coordinate field is present in the repository.",08051,315
municipal_2023_mayor,municipal_2023_mayor__08052,None,145 Marlee Ave,145 Marlee Ave,43.70325477,-79.44102713,Open Toronto Elections Voting Locations,https://open.toronto.ca/dataset/elections-voting-locations/,2026-02-20,official_open_toronto_point,,verified_official_point,Open Government Licence - Toronto,"Processed polling_division_name comes from Toronto voter-statistics voting-place labels for ordinary rows, but no verified address or coordinate field is present in the repository.",08052,643
municipal_2023_mayor,municipal_2023_mayor__08053,None,377 Ridelle Ave,377 Ridelle Ave,43.70387374,-79.44012875,Open Toronto Elections Voting Locations,https://open.toronto.ca/dataset/elections-voting-locations/,2026-02-20,official_open_toronto_point,,verified_official_point,Open Government Licence - Toronto,"Processed polling_division_name comes from Toronto voter-statistics voting-place labels for ordinary rows, but no verified address or coordinate field is present in the repository.",08053,474
municipal_2023_mayor,municipal_2023_mayor__08054,None,155 Marlee Ave,155 Marlee Ave,43.70471574,-79.44160890,Open Toronto Elections Voting Locations,https://open.toronto.ca/dataset/elections-voting-locations/,2026-02-20,official_open_toronto_point,,verified_official_point,Open Government Licence - Toronto,"Processed polling_division_name comes from Toronto voter-statistics voting-place labels for ordinary rows, but no verified address or coordinate field is present in the repository.",08054,509
municipal_2023_mayor,municipal_2023_mayor__08055,None,370 Ridelle Ave,370 Ridelle Ave,43.70462886,-79.44074822,Open Toronto Elections Voting Locations,https://open.toronto.ca/dataset/elections-voting-locations/,2026-02-20,official_open_toronto_point,,verified_official_point,Open Government Licence - Toronto,"Processed polling_division_name comes from Toronto voter-statistics voting-place labels for ordinary rows, but no verified address or coordinate field is present in the repository.",08055,321
municipal_2023_mayor,municipal_2023_mayor__08056,None,360 Ridelle Ave,360 Ridelle Ave,43.70493302,-79.43997221,Open Toronto Elections Voting Locations,https://open.toronto.ca/dataset/elections-voting-locations/,2026-02-20,official_open_toronto_point,,verified_official_point,Open Government Licence - Toronto,"Processed polling_division_name comes from Toronto voter-statistics voting-place labels for ordinary rows, but no verified address or coordinate field is present in the repository.",08056,594
municipal_2023_mayor,municipal_2023_mayor__08057,West Preparatory School,70 Ridge Hill Dr,70 Ridge Hill Dr,43.70261619,-79.43294406,Open Toronto Elections Voting Locations,https://open.toronto.ca/dataset/elections-voting-locations/,2026-02-20,official_open_toronto_point,,verified_official_point,Open Government Licence - Toronto,"Processed polling_division_name comes from Toronto voter-statistics voting-place labels for ordinary rows, but no verified address or coordinate field is present in the repository.",08057,2861
municipal_2023_mayor,municipal_2023_mayor__08058,Forest Hill Place,645 Castlefield Ave,645 Castlefield Ave,43.70624468,-79.42523459,Open Toronto Elections Voting Locations,https://open.toronto.ca/dataset/elections-voting-locations/,2026-02-20,official_open_toronto_point,,verified_official_point,Open Government Licence - Toronto,"Processed polling_division_name comes from Toronto voter-statistics voting-place labels for ordinary rows, but no verified address or coordinate field is present in the repository.",08058,128
municipal_2023_mayor,municipal_2023_mayor__08059,Dorothy Klein Seniors Housing,668 Roselawn Ave,668 Roselawn Ave,43.70576596,-79.42473308,Open Toronto Elections Voting Locations,https://open.toronto.ca/dataset/elections-voting-locations/,2026-02-20,official_open_toronto_point,,verified_official_point,Open Government Licence - Toronto,"Processed polling_division_name comes from Toronto voter-statistics voting-place labels for ordinary rows, but no verified address or coordinate field is present in the repository.",08059,147
municipal_2023_mayor,municipal_2023_mayor__08060,Forest Hill Collegiate Institute,730 Eglinton Ave W,730 Eglinton Ave W,43.70305826,-79.42134278,Open Toronto Elections Voting Locations,https://open.toronto.ca/dataset/elections-voting-locations/,2026-02-20,official_open_toronto_point,,verified_official_point,Open Government Licence - Toronto,"Processed polling_division_name comes from Toronto voter-statistics voting-place labels for ordinary rows, but no verified address or coordinate field is present in the repository.",08060,2322
municipal_2023_mayor,municipal_2023_mayor__08061,North Preparatory Public School,1100 Spadina Rd,1100 Spadina Rd,43.70576558,-79.42037489,Open Toronto Elections Voting Locations,https://open.toronto.ca/dataset/elections-voting-locations/,2026-02-20,official_open_toronto_point,,verified_official_point,Open Government Licence - Toronto,"Processed polling_division_name comes from Toronto voter-statistics voting-place labels for ordinary rows, but no verified address or coordinate field is present in the repository.",08061,2817
municipal_2023_mayor,municipal_2023_mayor__08062,Allenby Junior Public School,391 St Clements Ave,391 St Clements Ave,43.70943564,-79.41278773,Open Toronto Elections Voting Locations,https://open.toronto.ca/dataset/elections-voting-locations/,2026-02-20,official_open_toronto_point,,verified_official_point,Open Government Licence - Toronto,"Processed polling_division_name comes from Toronto voter-statistics voting-place labels for ordinary rows, but no verified address or coordinate field is present in the repository.",08062,2857
municipal_2023_mayor,municipal_2023_mayor__08063,Marshall McLuhan Catholic School,1107 Avenue Rd,1107 Avenue Rd,43.70760025,-79.40973516,Open Toronto Elections Voting Locations,https://open.toronto.ca/dataset/elections-voting-locations/,2026-02-20,official_open_toronto_point,,verified_official_point,Open Government Licence - Toronto,"Processed polling_division_name comes from Toronto voter-statistics voting-place labels for ordinary rows, but no verified address or coordinate field is present in the repository.",08063,2033
municipal_2023_mayor,municipal_2023_mayor__08064,Amica on the Avenue,1066 Avenue Rd,1066 Avenue Rd,43.70577284,-79.41013266,Open Toronto Elections Voting Locations,https://open.toronto.ca/dataset/elections-voting-locations/,2026-02-20,official_open_toronto_point,,verified_official_point,Open Government Licence - Toronto,"Processed polling_division_name comes from Toronto voter-statistics voting-place labels for ordinary rows, but no verified address or coordinate field is present in the repository.",08064,34
municipal_2023_mayor,municipal_2023_mayor__08065,Eglinton St. Georges United Church,35 Lytton Blvd,35 Lytton Blvd,43.71542055,-79.40295778,Open Toronto Elections Voting Locations,https://open.toronto.ca/dataset/elections-voting-locations/,2026-02-20,official_open_toronto_point,,verified_official_point,Open Government Licence - Toronto,"Processed polling_division_name comes from Toronto voter-statistics voting-place labels for ordinary rows, but no verified address or coordinate field is present in the repository.",08065,2186
municipal_2023_mayor,municipal_2023_mayor__08066,None,500 Duplex Ave,500 Duplex Ave,43.70975892,-79.40147168,Open Toronto Elections Voting Locations,https://open.toronto.ca/dataset/elections-voting-locations/,2026-02-20,official_open_toronto_point,,verified_official_point,Open Government Licence - Toronto,"Processed polling_division_name comes from Toronto voter-statistics voting-place labels for ordinary rows, but no verified address or coordinate field is present in the repository.",08066,471
municipal_2023_mayor,municipal_2023_mayor__08067,Northern District Public Library,40 Orchard View Blvd,40 Orchard View Blvd,43.70826991,-79.40006405,Open Toronto Elections Voting Locations,https://open.toronto.ca/dataset/elections-voting-locations/,2026-02-20,official_open_toronto_point,,verified_official_point,Open Government Licence - Toronto,"Processed polling_division_name comes from Toronto voter-statistics voting-place labels for ordinary rows, but no verified address or coordinate field is present in the repository.",08067,2411
municipal_2023_mayor,municipal_2023_mayor__08068,None,411 Duplex Ave,411 Duplex Ave,43.70733001,-79.40025733,Open Toronto Elections Voting Locations,https://open.toronto.ca/dataset/elections-voting-locations/,2026-02-20,official_open_toronto_point,,verified_official_point,Open Government Licence - Toronto,"Processed polling_division_name comes from Toronto voter-statistics voting-place labels for ordinary rows, but no verified address or coordinate field is present in the repository.",08068,560
municipal_2023_mayor,municipal_2023_mayor__09001,St Hildas Anglican Church,2353 Dufferin St,2353 Dufferin St,43.69518766,-79.44961064,Open Toronto Elections Voting Locations,https://open.toronto.ca/dataset/elections-voting-locations/,2026-02-20,official_open_toronto_point,,verified_official_point,Open Government Licence - Toronto,"Processed polling_division_name comes from Toronto voter-statistics voting-place labels for ordinary rows, but no verified address or coordinate field is present in the repository.",09001,2648
municipal_2023_mayor,municipal_2023_mayor__09002,Fairbank Memorial Park,2213 Dufferin St,2213 Dufferin St,43.69128157,-79.44799666,Open Toronto Elections Voting Locations,https://open.toronto.ca/dataset/elections-voting-locations/,2026-02-20,official_open_toronto_point,,verified_official_point,Open Government Licence - Toronto,"Processed polling_division_name comes from Toronto voter-statistics voting-place labels for ordinary rows, but no verified address or coordinate field is present in the repository.",09002,2795
municipal_2023_mayor,municipal_2023_mayor__09003,F. H. Miller Junior Public School,300 Caledonia Rd,300 Caledonia Rd,43.68400577,-79.45889809,Open Toronto Elections Voting Locations,https://open.toronto.ca/dataset/elections-voting-locations/,2026-02-20,official_open_toronto_point,,verified_official_point,Open Government Licence - Toronto,"Processed polling_division_name comes from Toronto voter-statistics voting-place labels for ordinary rows, but no verified address or coordinate field is present in the repository.",09003,2257
municipal_2023_mayor,municipal_2023_mayor__09004,St. Nicholas Of Bari Catholic School,363 Rogers Rd,363 Rogers Rd,43.68282437,-79.46049320,Open Toronto Elections Voting Locations,https://open.toronto.ca/dataset/elections-voting-locations/,2026-02-20,official_open_toronto_point,,verified_official_point,Open Government Licence - Toronto,"Processed polling_division_name comes from Toronto voter-statistics voting-place labels for ordinary rows, but no verified address or coordinate field is present in the repository.",09004,2058
municipal_2023_mayor,municipal_2023_mayor__09005,St. Matthew Catholic School,18 Lavender Rd,18 Lavender Rd,43.68058526,-79.46797219,Open Toronto Elections Voting Locations,https://open.toronto.ca/dataset/elections-voting-locations/,2026-02-20,official_open_toronto_point,,verified_official_point,Open Government Licence - Toronto,"Processed polling_division_name comes from Toronto voter-statistics voting-place labels for ordinary rows, but no verified address or coordinate field is present in the repository.",09005,1556
municipal_2023_mayor,municipal_2023_mayor__09006,Rawlinson Community School,231 Glenholme Ave,231 Glenholme Ave,43.68397707,-79.44004342,Open Toronto Elections Voting Locations,https://open.toronto.ca/dataset/elections-voting-locations/,2026-02-20,official_open_toronto_point,,verified_official_point,Open Government Licence - Toronto,"Processed polling_division_name comes from Toronto voter-statistics voting-place labels for ordinary rows, but no verified address or coordinate field is present in the repository.",09006,2827
municipal_2023_mayor,municipal_2023_mayor__09007,Oakwood Collegiate Institute,991 St Clair Ave W,991 St Clair Ave W,43.67865589,-79.43637901,Open Toronto Elections Voting Locations,https://open.toronto.ca/dataset/elections-voting-locations/,2026-02-20,official_open_toronto_point,,verified_official_point,Open Government Licence - Toronto,"Processed polling_division_name comes from Toronto voter-statistics voting-place labels for ordinary rows, but no verified address or coordinate field is present in the repository.",09007,2853
municipal_2023_mayor,municipal_2023_mayor__09008,St. Clare Catholic School,124 Northcliffe Blvd,124 Northcliffe Blvd,43.67941147,-79.44155159,Open Toronto Elections Voting Locations,https://open.toronto.ca/dataset/elections-voting-locations/,2026-02-20,official_open_toronto_point,,verified_official_point,Open Government Licence - Toronto,"Processed polling_division_name comes from Toronto voter-statistics voting-place labels for ordinary rows, but no verified address or coordinate field is present in the repository.",09008,2601
municipal_2023_mayor,municipal_2023_mayor__09009,Stella Maris Catholic School,31 Ascot Ave,31 Ascot Ave,43.67962598,-79.44489523,Open Toronto Elections Voting Locations,https://open.toronto.ca/dataset/elections-voting-locations/,2026-02-20,official_open_toronto_point,,verified_official_point,Open Government Licence - Toronto,"Processed polling_division_name comes from Toronto voter-statistics voting-place labels for ordinary rows, but no verified address or coordinate field is present in the repository.",09009,2896
municipal_2023_mayor,municipal_2023_mayor__09010,Dufferin St. Clair Public Library,1625 Dufferin St,1625 Dufferin St,43.67699670,-79.44239945,Open Toronto Elections Voting Locations,https://open.toronto.ca/dataset/elections-voting-locations/,2026-02-20,official_open_toronto_point,,verified_official_point,Open Government Licence - Toronto,"Processed polling_division_name comes from Toronto voter-statistics voting-place labels for ordinary rows, but no verified address or coordinate field is present in the repository.",09010,1839
municipal_2023_mayor,municipal_2023_mayor__09011,Loretto College Catholic School,151 Rosemount Ave,151 Rosemount Ave,43.67573671,-79.44324694,Open Toronto Elections Voting Locations,https://open.toronto.ca/dataset/elections-voting-locations/,2026-02-20,official_open_toronto_point,,verified_official_point,Open Government Licence - Toronto,"Processed polling_division_name comes from Toronto voter-statistics voting-place labels for ordinary rows, but no verified address or coordinate field is present in the repository.",09011,3672
municipal_2023_mayor,municipal_2023_mayor__09012,Joseph J. Piccininni Community Centre,1369 St Clair Ave W,1369 St Clair Ave W,43.67533079,-79.45139661,Open Toronto Elections Voting Locations,https://open.toronto.ca/dataset/elections-voting-locations/,2026-02-20,official_open_toronto_point,,verified_official_point,Open Government Licence - Toronto,"Processed polling_division_name comes from Toronto voter-statistics voting-place labels for ordinary rows, but no verified address or coordinate field is present in the repository.",09012,2736
municipal_2023_mayor,municipal_2023_mayor__09013,The Church Of St. Mark and Calvary,21 Blackthorn Ave,21 Blackthorn Ave,43.67507558,-79.45852030,Open Toronto Elections Voting Locations,https://open.toronto.ca/dataset/elections-voting-locations/,2026-02-20,official_open_toronto_point,,verified_official_point,Open Government Licence - Toronto,"Processed polling_division_name comes from Toronto voter-statistics voting-place labels for ordinary rows, but no verified address or coordinate field is present in the repository.",09013,2223
municipal_2023_mayor,municipal_2023_mayor__09014,St. Clair Silverthorn Public Library,1748 St Clair Ave W,1748 St Clair Ave W,43.67433829,-79.46066875,Open Toronto Elections Voting Locations,https://open.toronto.ca/dataset/elections-voting-locations/,2026-02-20,official_open_toronto_point,,verified_official_point,Open Government Licence - Toronto,"Processed polling_division_name comes from Toronto voter-statistics voting-place labels for ordinary rows, but no verified address or coordinate field is present in the repository.",09014,1044
municipal_2023_mayor,municipal_2023_mayor__09015,Carleton Village North Public School,315 Osler St,315 Osler St,43.67235281,-79.46002880,Open Toronto Elections Voting Locations,https://open.toronto.ca/dataset/elections-voting-locations/,2026-02-20,official_open_toronto_point,,verified_official_point,Open Government Licence - Toronto,"Processed polling_division_name comes from Toronto voter-statistics voting-place labels for ordinary rows, but no verified address or coordinate field is present in the repository.",09015,1457
municipal_2023_mayor,municipal_2023_mayor__09016,Davenport Perth Neighbourhood Centre,1900 Davenport Rd,1900 Davenport Rd,43.67092001,-79.45485859,Open Toronto Elections Voting Locations,https://open.toronto.ca/dataset/elections-voting-locations/,2026-02-20,official_open_toronto_point,,verified_official_point,Open Government Licence - Toronto,"Processed polling_division_name comes from Toronto voter-statistics voting-place labels for ordinary rows, but no verified address or coordinate field is present in the repository.",09016,1507
municipal_2023_mayor,municipal_2023_mayor__09017,Pelham Park Gardens,61 Pelham Park Gdns,61 Pelham Park Gdns,43.66925972,-79.45779565,Open Toronto Elections Voting Locations,https://open.toronto.ca/dataset/elections-voting-locations/,2026-02-20,official_open_toronto_point,,verified_official_point,Open Government Licence - Toronto,"Processed polling_division_name comes from Toronto voter-statistics voting-place labels for ordinary rows, but no verified address or coordinate field is present in the repository.",09017,867
municipal_2023_mayor,municipal_2023_mayor__09018,Ecole elementaire Charles-Sauriol,55 Pelham Ave,55 Pelham Ave,43.66767367,-79.45534964,Open Toronto Elections Voting Locations,https://open.toronto.ca/dataset/elections-voting-locations/,2026-02-20,official_open_toronto_point,,verified_official_point,Open Government Licence - Toronto,"Processed polling_division_name comes from Toronto voter-statistics voting-place labels for ordinary rows, but no verified address or coordinate field is present in the repository.",09018,2510
municipal_2023_mayor,municipal_2023_mayor__09019,St. Rita Catholic School,178 Edwin Ave,178 Edwin Ave,43.66613477,-79.45644834,Open Toronto Elections Voting Locations,https://open.toronto.ca/dataset/elections-voting-locations/,2026-02-20,official_open_toronto_point,,verified_official_point,Open Government Licence - Toronto,"Processed polling_division_name comes from Toronto voter-statistics voting-place labels for ordinary rows, but no verified address or coordinate field is present in the repository.",09019,859
municipal_2023_mayor,municipal_2023_mayor__09020,St. Luigi Catholic School,2 Ruskin Ave,2 Ruskin Ave,43.66287558,-79.45147011,Open Toronto Elections Voting Locations,https://open.toronto.ca/dataset/elections-voting-locations/,2026-02-20,official_open_toronto_point,,verified_official_point,Open Government Licence - Toronto,"Processed polling_division_name comes from Toronto voter-statistics voting-place labels for ordinary rows, but no verified address or coordinate field is present in the repository.",09020,2426
municipal_2023_mayor,municipal_2023_mayor__09021,Fuse 1 & 2,1410 Dupont St,1410 Dupont St,43.66697497,-79.44742587,Open Toronto Elections Voting Locations,https://open.toronto.ca/dataset/elections-voting-locations/,2026-02-20,official_open_toronto_point,,verified_official_point,Open Government Licence - Toronto,"Processed polling_division_name comes from Toronto voter-statistics voting-place labels for ordinary rows, but no verified address or coordinate field is present in the repository.",09021,751
municipal_2023_mayor,municipal_2023_mayor__09022,St. Mary Of The Angels Catholic School,1477 Dufferin St,1477 Dufferin St,43.67211886,-79.44029271,Open Toronto Elections Voting Locations,https://open.toronto.ca/dataset/elections-voting-locations/,2026-02-20,official_open_toronto_point,,verified_official_point,Open Government Licence - Toronto,"Processed polling_division_name comes from Toronto voter-statistics voting-place labels for ordinary rows, but no verified address or coordinate field is present in the repository.",09022,2449
municipal_2023_mayor,municipal_2023_mayor__09023,Wallace Emerson Park,1260 Dufferin St,1260 Dufferin St,43.66731501,-79.43927061,Open Toronto Elections Voting Locations,https://open.toronto.ca/dataset/elections-voting-locations/,2026-02-20,official_open_toronto_point,,verified_official_point,Open Government Licence - Toronto,"Processed polling_division_name comes from Toronto voter-statistics voting-place labels for ordinary rows, but no verified address or coordinate field is present in the repository.",09023,3538
municipal_2023_mayor,municipal_2023_mayor__09024,Dovercourt Public School,228 Bartlett Ave,228 Bartlett Ave,43.66673561,-79.43577895,Open Toronto Elections Voting Locations,https://open.toronto.ca/dataset/elections-voting-locations/,2026-02-20,official_open_toronto_point,,verified_official_point,Open Government Licence - Toronto,"Processed polling_division_name comes from Toronto voter-statistics voting-place labels for ordinary rows, but no verified address or coordinate field is present in the repository.",09024,2304
municipal_2023_mayor,municipal_2023_mayor__09025,Dovercourt Boys and Girls Club,180 Westmoreland Ave,180 Westmoreland Ave,43.66580645,-79.43269229,Open Toronto Elections Voting Locations,https://open.toronto.ca/dataset/elections-voting-locations/,2026-02-20,official_open_toronto_point,,verified_official_point,Open Government Licence - Toronto,"Processed polling_division_name comes from Toronto voter-statistics voting-place labels for ordinary rows, but no verified address or coordinate field is present in the repository.",09025,1830
municipal_2023_mayor,municipal_2023_mayor__09026,The Salvation Army,789 Dovercourt Rd,789 Dovercourt Rd,43.66245148,-79.42943932,Open Toronto Elections Voting Locations,https://open.toronto.ca/dataset/elections-voting-locations/,2026-02-20,official_open_toronto_point,,verified_official_point,Open Government Licence - Toronto,"Processed polling_division_name comes from Toronto voter-statistics voting-place labels for ordinary rows, but no verified address or coordinate field is present in the repository.",09026,2093
municipal_2023_mayor,municipal_2023_mayor__09027,St. Anthony Catholic School,130 Shanly St,130 Shanly St,43.66360479,-79.43492084,Open Toronto Elections Voting Locations,https://open.toronto.ca/dataset/elections-voting-locations/,2026-02-20,official_open_toronto_point,,verified_official_point,Open Government Licence - Toronto,"Processed polling_division_name comes from Toronto voter-statistics voting-place labels for ordinary rows, but no verified address or coordinate field is present in the repository.",09027,1413
municipal_2023_mayor,municipal_2023_mayor__09028,Dovercourt Baptist,1140 Bloor St W,1140 Bloor St W,43.65993469,-79.43601954,Open Toronto Elections Voting Locations,https://open.toronto.ca/dataset/elections-voting-locations/,2026-02-20,official_open_toronto_point,,verified_official_point,Open Government Licence - Toronto,"Processed polling_division_name comes from Toronto voter-statistics voting-place labels for ordinary rows, but no verified address or coordinate field is present in the repository.",09028,101
municipal_2023_mayor,municipal_2023_mayor__09030,Pauline Public School,100 Pauline Ave,100 Pauline Ave,43.66248911,-79.43914367,Open Toronto Elections Voting Locations,https://open.toronto.ca/dataset/elections-voting-locations/,2026-02-20,official_open_toronto_point,,verified_official_point,Open Government Licence - Toronto,"Processed polling_division_name comes from Toronto voter-statistics voting-place labels for ordinary rows, but no verified address or coordinate field is present in the repository.",09030,2020
municipal_2023_mayor,municipal_2023_mayor__09031,St. Sebastian Catholic School,717 Brock Ave,717 Brock Ave,43.66276615,-79.43992647,Open Toronto Elections Voting Locations,https://open.toronto.ca/dataset/elections-voting-locations/,2026-02-20,official_open_toronto_point,,verified_official_point,Open Government Licence - Toronto,"Processed polling_division_name comes from Toronto voter-statistics voting-place labels for ordinary rows, but no verified address or coordinate field is present in the repository.",09031,2269
municipal_2023_mayor,municipal_2023_mayor__09032,Tamil Co-Op Homes,20 Wade Ave,20 Wade Ave,43.65921991,-79.44410817,Open Toronto Elections Voting Locations,https://open.toronto.ca/dataset/elections-voting-locations/,2026-02-20,official_open_toronto_point,,verified_official_point,Open Government Licence - Toronto,"Processed polling_division_name comes from Toronto voter-statistics voting-place labels for ordinary rows, but no verified address or coordinate field is present in the repository.",09032,1026
municipal_2023_mayor,municipal_2023_mayor__09033,Rankin Apartments,55 Rankin Cres,55 Rankin Cres,43.65827793,-79.44638768,Open Toronto Elections Voting Locations,https://open.toronto.ca/dataset/elections-voting-locations/,2026-02-20,official_open_toronto_point,,verified_official_point,Open Government Licence - Toronto,"Processed polling_division_name comes from Toronto voter-statistics voting-place labels for ordinary rows, but no verified address or coordinate field is present in the repository.",09033,1398
municipal_2023_mayor,municipal_2023_mayor__09034,Perth Avenue Co-Op,120 Perth Ave,120 Perth Ave,43.65738120,-79.44962611,Open Toronto Elections Voting Locations,https://open.toronto.ca/dataset/elections-voting-locations/,2026-02-20,official_open_toronto_point,,verified_official_point,Open Government Licence - Toronto,"Processed polling_division_name comes from Toronto voter-statistics voting-place labels for ordinary rows, but no verified address or coordinate field is present in the repository.",09034,2508
municipal_2023_mayor,municipal_2023_mayor__09035,West Toronto Collegiate Institute,330 Lansdowne Ave,330 Lansdowne Ave,43.65238363,-79.44123542,Open Toronto Elections Voting Locations,https://open.toronto.ca/dataset/elections-voting-locations/,2026-02-20,official_open_toronto_point,,verified_official_point,Open Government Licence - Toronto,"Processed polling_division_name comes from Toronto voter-statistics voting-place labels for ordinary rows, but no verified address or coordinate field is present in the repository.",09035,3178
municipal_2023_mayor,municipal_2023_mayor__09036,St. Mary Catholic Secondary School,66 Dufferin Park Ave,66 Dufferin Park Ave,43.65779360,-79.43215429,Open Toronto Elections Voting Locations,https://open.toronto.ca/dataset/elections-voting-locations/,2026-02-20,official_open_toronto_point,,verified_official_point,Open Government Licence - Toronto,"Processed polling_division_name comes from Toronto voter-statistics voting-place labels for ordinary rows, but no verified address or coordinate field is present in the repository.",09036,1763
municipal_2023_mayor,municipal_2023_mayor__09037,St. Paul's Presbyterian Church,100 Hepbourne St,100 Hepbourne St,43.65914629,-79.42873304,Open Toronto Elections Voting Locations,https://open.toronto.ca/dataset/elections-voting-locations/,2026-02-20,official_open_toronto_point,,verified_official_point,Open Government Licence - Toronto,"Processed polling_division_name comes from Toronto voter-statistics voting-place labels for ordinary rows, but no verified address or coordinate field is present in the repository.",09037,2425
municipal_2023_mayor,municipal_2023_mayor__09038,Dewson Street Public School,65 Concord Ave,65 Concord Ave,43.65567509,-79.42405443,Open Toronto Elections Voting Locations,https://open.toronto.ca/dataset/elections-voting-locations/,2026-02-20,official_open_toronto_point,,verified_official_point,Open Government Licence - Toronto,"Processed polling_division_name comes from Toronto voter-statistics voting-place labels for ordinary rows, but no verified address or coordinate field is present in the repository.",09038,2783
municipal_2023_mayor,municipal_2023_mayor__09039,St. Helen Catholic School,1196 College St,1196 College St,43.65208457,-79.43615632,Open Toronto Elections Voting Locations,https://open.toronto.ca/dataset/elections-voting-locations/,2026-02-20,official_open_toronto_point,,verified_official_point,Open Government Licence - Toronto,"Processed polling_division_name comes from Toronto voter-statistics voting-place labels for ordinary rows, but no verified address or coordinate field is present in the repository.",09039,3654
municipal_2023_mayor,municipal_2023_mayor__09040,Bill McMurray Residence,180 Sheridan Ave,180 Sheridan Ave,43.65161200,-79.43469458,Open Toronto Elections Voting Locations,https://open.toronto.ca/dataset/elections-voting-locations/,2026-02-20,official_open_toronto_point,,verified_official_point,Open Government Licence - Toronto,"Processed polling_division_name comes from Toronto voter-statistics voting-place labels for ordinary rows, but no verified address or coordinate field is present in the repository.",09040,83
municipal_2023_mayor,municipal_2023_mayor__09041,Shirley Street Public School,38 Shirley St,38 Shirley St,43.64852424,-79.43672217,Open Toronto Elections Voting Locations,https://open.toronto.ca/dataset/elections-voting-locations/,2026-02-20,official_open_toronto_point,,verified_official_point,Open Government Licence - Toronto,"Processed polling_division_name comes from Toronto voter-statistics voting-place labels for ordinary rows, but no verified address or coordinate field is present in the repository.",09041,2038
municipal_2023_mayor,municipal_2023_mayor__09042,McCormick Park,66 Sheridan Ave,66 Sheridan Ave,43.64734406,-79.43344359,Open Toronto Elections Voting Locations,https://open.toronto.ca/dataset/elections-voting-locations/,2026-02-20,official_open_toronto_point,,verified_official_point,Open Government Licence - Toronto,"Processed polling_division_name comes from Toronto voter-statistics voting-place labels for ordinary rows, but no verified address or coordinate field is present in the repository.",09042,2868
municipal_2023_mayor,municipal_2023_mayor__09043,St. Anne's Tower,661 Dufferin St,661 Dufferin St,43.65048096,-79.43138825,Open Toronto Elections Voting Locations,https://open.toronto.ca/dataset/elections-voting-locations/,2026-02-20,official_open_toronto_point,,verified_official_point,Open Government Licence - Toronto,"Processed polling_division_name comes from Toronto voter-statistics voting-place labels for ordinary rows, but no verified address or coordinate field is present in the repository.",09043,30
municipal_2023_mayor,municipal_2023_mayor__09044,Ossington/Old Orchard Public School,380 Ossington Ave,380 Ossington Ave,43.65270767,-79.42259976,Open Toronto Elections Voting Locations,https://open.toronto.ca/dataset/elections-voting-locations/,2026-02-20,official_open_toronto_point,,verified_official_point,Open Government Licence - Toronto,"Processed polling_division_name comes from Toronto voter-statistics voting-place labels for ordinary rows, but no verified address or coordinate field is present in the repository.",09044,2182
municipal_2023_mayor,municipal_2023_mayor__09045,Terra Nova,1289 Dundas St W,1289 Dundas St W,43.64921282,-79.42541610,Open Toronto Elections Voting Locations,https://open.toronto.ca/dataset/elections-voting-locations/,2026-02-20,official_open_toronto_point,,verified_official_point,Open Government Licence - Toronto,"Processed polling_division_name comes from Toronto voter-statistics voting-place labels for ordinary rows, but no verified address or coordinate field is present in the repository.",09045,192
municipal_2023_mayor,municipal_2023_mayor__09046,Fairview Nursing Home,14 Cross St,14 Cross St,43.64802039,-79.42843520,Open Toronto Elections Voting Locations,https://open.toronto.ca/dataset/elections-voting-locations/,2026-02-20,official_open_toronto_point,,verified_official_point,Open Government Licence - Toronto,"Processed polling_division_name comes from Toronto voter-statistics voting-place labels for ordinary rows, but no verified address or coordinate field is present in the repository.",09046,59
municipal_2023_mayor,municipal_2023_mayor__09047,Alexander Muir/Gladstone Public School,108 Gladstone Ave,108 Gladstone Ave,43.64602125,-79.42884726,Open Toronto Elections Voting Locations,https://open.toronto.ca/dataset/elections-voting-locations/,2026-02-20,official_open_toronto_point,,verified_official_point,Open Government Licence - Toronto,"Processed polling_division_name comes from Toronto voter-statistics voting-place labels for ordinary rows, but no verified address or coordinate field is present in the repository.",09047,3932
municipal_2023_mayor,municipal_2023_mayor__09048,None,20 Minowan Miikan Lane,20 Minowan Miikan Lane,43.64310188,-79.42814817,Open Toronto Elections Voting Locations,https://open.toronto.ca/dataset/elections-voting-locations/,2026-02-20,official_open_toronto_point,,verified_official_point,Open Government Licence - Toronto,"Processed polling_division_name comes from Toronto voter-statistics voting-place labels for ordinary rows, but no verified address or coordinate field is present in the repository.",09048,717
municipal_2023_mayor,municipal_2023_mayor__09049,None,1169 Queen St W,1169 Queen St W,43.64259842,-79.42593100,Open Toronto Elections Voting Locations,https://open.toronto.ca/dataset/elections-voting-locations/,2026-02-20,official_open_toronto_point,,verified_official_point,Open Government Licence - Toronto,"Processed polling_division_name comes from Toronto voter-statistics voting-place labels for ordinary rows, but no verified address or coordinate field is present in the repository.",09049,520
municipal_2023_mayor,municipal_2023_mayor__09050,None,68 Abell St,68 Abell St,43.64243413,-79.42453781,Open Toronto Elections Voting Locations,https://open.toronto.ca/dataset/elections-voting-locations/,2026-02-20,official_open_toronto_point,,verified_official_point,Open Government Licence - Toronto,"Processed polling_division_name comes from Toronto voter-statistics voting-place labels for ordinary rows, but no verified address or coordinate field is present in the repository.",09050,573
municipal_2023_mayor,municipal_2023_mayor__09051,None,150 Sudbury St,150 Sudbury St,43.64150438,-79.42422421,Open Toronto Elections Voting Locations,https://open.toronto.ca/dataset/elections-voting-locations/,2026-02-20,official_open_toronto_point,,verified_official_point,Open Government Licence - Toronto,"Processed polling_division_name comes from Toronto voter-statistics voting-place labels for ordinary rows, but no verified address or coordinate field is present in the repository.",09051,808
municipal_2023_mayor,municipal_2023_mayor__09052,None,45 Lisgar St,45 Lisgar St,43.64181045,-79.42281918,Open Toronto Elections Voting Locations,https://open.toronto.ca/dataset/elections-voting-locations/,2026-02-20,official_open_toronto_point,,verified_official_point,Open Government Licence - Toronto,"Processed polling_division_name comes from Toronto voter-statistics voting-place labels for ordinary rows, but no verified address or coordinate field is present in the repository.",09052,665
municipal_2023_mayor,municipal_2023_mayor__10001,Givins/Shaw Junior Public School,49 Givins St,49 Givins St,43.64621661,-79.41768647,Open Toronto Elections Voting Locations,https://open.toronto.ca/dataset/elections-voting-locations/,2026-02-20,official_open_toronto_point,,verified_official_point,Open Government Licence - Toronto,"Processed polling_division_name comes from Toronto voter-statistics voting-place labels for ordinary rows, but no verified address or coordinate field is present in the repository.",10001,3500
municipal_2023_mayor,municipal_2023_mayor__10002,Trinity Community Recreation Centre,155 Crawford St,155 Crawford St,43.64643528,-79.41537391,Open Toronto Elections Voting Locations,https://open.toronto.ca/dataset/elections-voting-locations/,2026-02-20,official_open_toronto_point,,verified_official_point,Open Government Licence - Toronto,"Processed polling_division_name comes from Toronto voter-statistics voting-place labels for ordinary rows, but no verified address or coordinate field is present in the repository.",10002,3609
municipal_2023_mayor,municipal_2023_mayor__10003,Maynard Nursing Home,28 Halton St,28 Halton St,43.64893837,-79.41915073,Open Toronto Elections Voting Locations,https://open.toronto.ca/dataset/elections-voting-locations/,2026-02-20,official_open_toronto_point,,verified_official_point,Open Government Licence - Toronto,"Processed polling_division_name comes from Toronto voter-statistics voting-place labels for ordinary rows, but no verified address or coordinate field is present in the repository.",10003,58
municipal_2023_mayor,municipal_2023_mayor__10004,CAMH,1025 Queen St W,1025 Queen St W,43.64401089,-79.41822959,Open Toronto Elections Voting Locations,https://open.toronto.ca/dataset/elections-voting-locations/,2026-02-20,official_open_toronto_point,,verified_official_point,Open Government Licence - Toronto,"Processed polling_division_name comes from Toronto voter-statistics voting-place labels for ordinary rows, but no verified address or coordinate field is present in the repository.",10004,
municipal_2023_mayor,municipal_2023_mayor__10005,None,1030 King St W,1030 King St W,43.64163008,-79.41599336,Open Toronto Elections Voting Locations,https://open.toronto.ca/dataset/elections-voting-locations/,2026-02-20,official_open_toronto_point,,verified_official_point,Open Government Licence - Toronto,"Processed polling_division_name comes from Toronto voter-statistics voting-place labels for ordinary rows, but no verified address or coordinate field is present in the repository.",10005,867
municipal_2023_mayor,municipal_2023_mayor__10006,None,1005 King St W,1005 King St W,43.64123380,-79.41440271,Open Toronto Elections Voting Locations,https://open.toronto.ca/dataset/elections-voting-locations/,2026-02-20,official_open_toronto_point,,verified_official_point,Open Government Licence - Toronto,"Processed polling_division_name comes from Toronto voter-statistics voting-place labels for ordinary rows, but no verified address or coordinate field is present in the repository.",10006,756
municipal_2023_mayor,municipal_2023_mayor__10007,None,38 Joe Shuster Way,38 Joe Shuster Way,43.64041655,-79.42464914,Open Toronto Elections Voting Locations,https://open.toronto.ca/dataset/elections-voting-locations/,2026-02-20,official_open_toronto_point,,verified_official_point,Open Government Licence - Toronto,"Processed polling_division_name comes from Toronto voter-statistics voting-place labels for ordinary rows, but no verified address or coordinate field is present in the repository.",10007,803
municipal_2023_mayor,municipal_2023_mayor__10008,None,43 Hanna Ave,43 Hanna Ave,43.63915426,-79.41918588,Open Toronto Elections Voting Locations,https://open.toronto.ca/dataset/elections-voting-locations/,2026-02-20,official_open_toronto_point,,verified_official_point,Open Government Licence - Toronto,"Processed polling_division_name comes from Toronto voter-statistics voting-place labels for ordinary rows, but no verified address or coordinate field is present in the repository.",10008,420
municipal_2023_mayor,municipal_2023_mayor__10009,None,50 Lynn Williams St,50 Lynn Williams St,43.63963499,-79.41518188,Open Toronto Elections Voting Locations,https://open.toronto.ca/dataset/elections-voting-locations/,2026-02-20,official_open_toronto_point,,verified_official_point,Open Government Licence - Toronto,"Processed polling_division_name comes from Toronto voter-statistics voting-place labels for ordinary rows, but no verified address or coordinate field is present in the repository.",10009,1358
municipal_2023_mayor,municipal_2023_mayor__10010,None,75 East Liberty St,75 East Liberty St,43.63799093,-79.41490443,Open Toronto Elections Voting Locations,https://open.toronto.ca/dataset/elections-voting-locations/,2026-02-20,official_open_toronto_point,,verified_official_point,Open Government Licence - Toronto,"Processed polling_division_name comes from Toronto voter-statistics voting-place labels for ordinary rows, but no verified address or coordinate field is present in the repository.",10010,1761
municipal_2023_mayor,municipal_2023_mayor__10011,None,59 East Liberty St,59 East Liberty St,43.63843240,-79.41354073,Open Toronto Elections Voting Locations,https://open.toronto.ca/dataset/elections-voting-locations/,2026-02-20,official_open_toronto_point,,verified_official_point,Open Government Licence - Toronto,"Processed polling_division_name comes from Toronto voter-statistics voting-place labels for ordinary rows, but no verified address or coordinate field is present in the repository.",10011,826
municipal_2023_mayor,municipal_2023_mayor__10012,Factory Theatre,125 Bathurst St,125 Bathurst St,43.64557063,-79.40271445,Open Toronto Elections Voting Locations,https://open.toronto.ca/dataset/elections-voting-locations/,2026-02-20,official_open_toronto_point,,verified_official_point,Open Government Licence - Toronto,"Processed polling_division_name comes from Toronto voter-statistics voting-place labels for ordinary rows, but no verified address or coordinate field is present in the repository.",10012,3210
municipal_2023_mayor,municipal_2023_mayor__10013,St. Matthias Anglican Church,45 Bellwoods Ave,45 Bellwoods Ave,43.64780039,-79.41114804,Open Toronto Elections Voting Locations,https://open.toronto.ca/dataset/elections-voting-locations/,2026-02-20,official_open_toronto_point,,verified_official_point,Open Government Licence - Toronto,"Processed polling_division_name comes from Toronto voter-statistics voting-place labels for ordinary rows, but no verified address or coordinate field is present in the repository.",10013,2234
municipal_2023_mayor,municipal_2023_mayor__10014,Scadding Court Community Centre - Building Grounds,707 Dundas St W,707 Dundas St W,43.65178570,-79.40489389,Open Toronto Elections Voting Locations,https://open.toronto.ca/dataset/elections-voting-locations/,2026-02-20,official_open_toronto_point,,verified_official_point,Open Government Licence - Toronto,"Processed polling_division_name comes from Toronto voter-statistics voting-place labels for ordinary rows, but no verified address or coordinate field is present in the repository.",10014,2403
municipal_2023_mayor,municipal_2023_mayor__10015,St. Christopher House,588 Queen St W,588 Queen St W,43.64742447,-79.40427973,Open Toronto Elections Voting Locations,https://open.toronto.ca/dataset/elections-voting-locations/,2026-02-20,official_open_toronto_point,,verified_official_point,Open Government Licence - Toronto,"Processed polling_division_name comes from Toronto voter-statistics voting-place labels for ordinary rows, but no verified address or coordinate field is present in the repository.",10015,16
municipal_2023_mayor,municipal_2023_mayor__10016,None,91 Augusta Ave,91 Augusta Ave,43.65081775,-79.40050764,Open Toronto Elections Voting Locations,https://open.toronto.ca/dataset/elections-voting-locations/,2026-02-20,official_open_toronto_point,,verified_official_point,Open Government Licence - Toronto,"Processed polling_division_name comes from Toronto voter-statistics voting-place labels for ordinary rows, but no verified address or coordinate field is present in the repository.",10016,571
municipal_2023_mayor,municipal_2023_mayor__10017,Alexandra Park Community Centre,105 Grange Crt,105 Grange Crt,43.65152755,-79.39887912,Open Toronto Elections Voting Locations,https://open.toronto.ca/dataset/elections-voting-locations/,2026-02-20,official_open_toronto_point,,verified_official_point,Open Government Licence - Toronto,"Processed polling_division_name comes from Toronto voter-statistics voting-place labels for ordinary rows, but no verified address or coordinate field is present in the repository.",10017,1675
municipal_2023_mayor,municipal_2023_mayor__10018,Ogden Public School,33 Phoebe St,33 Phoebe St,43.65001362,-79.39512686,Open Toronto Elections Voting Locations,https://open.toronto.ca/dataset/elections-voting-locations/,2026-02-20,official_open_toronto_point,,verified_official_point,Open Government Licence - Toronto,"Processed polling_division_name comes from Toronto voter-statistics voting-place labels for ordinary rows, but no verified address or coordinate field is present in the repository.",10018,2051
municipal_2023_mayor,municipal_2023_mayor__10019,Beverly Manor,168 John St,168 John St,43.65023167,-79.39150014,Open Toronto Elections Voting Locations,https://open.toronto.ca/dataset/elections-voting-locations/,2026-02-20,official_open_toronto_point,,verified_official_point,Open Government Licence - Toronto,"Processed polling_division_name comes from Toronto voter-statistics voting-place labels for ordinary rows, but no verified address or coordinate field is present in the repository.",10019,216
municipal_2023_mayor,municipal_2023_mayor__10020,University Settlement Recreation Centre,23 Grange Rd,23 Grange Rd,43.65204332,-79.39147104,Open Toronto Elections Voting Locations,https://open.toronto.ca/dataset/elections-voting-locations/,2026-02-20,official_open_toronto_point,,verified_official_point,Open Government Licence - Toronto,"Processed polling_division_name comes from Toronto voter-statistics voting-place labels for ordinary rows, but no verified address or coordinate field is present in the repository.",10020,3575
municipal_2023_mayor,municipal_2023_mayor__10021,Sheraton Centre,123 Queen St W,123 Queen St W,43.65139809,-79.38315673,Open Toronto Elections Voting Locations,https://open.toronto.ca/dataset/elections-voting-locations/,2026-02-20,official_open_toronto_point,,verified_official_point,Open Government Licence - Toronto,"Processed polling_division_name comes from Toronto voter-statistics voting-place labels for ordinary rows, but no verified address or coordinate field is present in the repository.",10021,2586
municipal_2023_mayor,municipal_2023_mayor__10022,None,150 Dan Leckie Way,150 Dan Leckie Way,43.63962919,-79.39844180,Open Toronto Elections Voting Locations,https://open.toronto.ca/dataset/elections-voting-locations/,2026-02-20,official_open_toronto_point,,verified_official_point,Open Government Licence - Toronto,"Processed polling_division_name comes from Toronto voter-statistics voting-place labels for ordinary rows, but no verified address or coordinate field is present in the repository.",10022,1969
municipal_2023_mayor,municipal_2023_mayor__10023,N2 Condominium,15 Fort York Blvd,15 Fort York Blvd,43.64008015,-79.39395420,Open Toronto Elections Voting Locations,https://open.toronto.ca/dataset/elections-voting-locations/,2026-02-20,official_open_toronto_point,,verified_official_point,Open Government Licence - Toronto,"Processed polling_division_name comes from Toronto voter-statistics voting-place labels for ordinary rows, but no verified address or coordinate field is present in the repository.",10023,1747
municipal_2023_mayor,municipal_2023_mayor__10024,None,229 Crawford St,229 Crawford St,43.64851861,-79.41555207,Open Toronto Elections Voting Locations,https://open.toronto.ca/dataset/elections-voting-locations/,2026-02-20,official_open_toronto_point,,verified_official_point,Open Government Licence - Toronto,"Processed polling_division_name comes from Toronto voter-statistics voting-place labels for ordinary rows, but no verified address or coordinate field is present in the repository.",10024,4
municipal_2023_mayor,municipal_2023_mayor__10025,Allan A. Lamport Stadium,1155 King St W,1155 King St W,43.63901626,-79.42323328,Open Toronto Elections Voting Locations,https://open.toronto.ca/dataset/elections-voting-locations/,2026-02-20,official_open_toronto_point,,verified_official_point,Open Government Licence - Toronto,"Processed polling_division_name comes from Toronto voter-statistics voting-place labels for ordinary rows, but no verified address or coordinate field is present in the repository.",10025,5421
municipal_2023_mayor,municipal_2023_mayor__10026,None,21 Iceboat Ter,21 Iceboat Ter,43.64039258,-79.39736227,Open Toronto Elections Voting Locations,https://open.toronto.ca/dataset/elections-voting-locations/,2026-02-20,official_open_toronto_point,,verified_official_point,Open Government Licence - Toronto,"Processed polling_division_name comes from Toronto voter-statistics voting-place labels for ordinary rows, but no verified address or coordinate field is present in the repository.",10026,2621
municipal_2023_mayor,municipal_2023_mayor__10027,St. Andrew's Centre,73 Simcoe St,73 Simcoe St,43.64677965,-79.38555272,Open Toronto Elections Voting Locations,https://open.toronto.ca/dataset/elections-voting-locations/,2026-02-20,official_open_toronto_point,,verified_official_point,Open Government Licence - Toronto,"Processed polling_division_name comes from Toronto voter-statistics voting-place labels for ordinary rows, but no verified address or coordinate field is present in the repository.",10027,5227
municipal_2023_mayor,municipal_2023_mayor__10028,Metro Hall,55 John St,55 John St,43.64615379,-79.38893149,Open Toronto Elections Voting Locations,https://open.toronto.ca/dataset/elections-voting-locations/,2026-02-20,official_open_toronto_point,,verified_official_point,Open Government Licence - Toronto,"Processed polling_division_name comes from Toronto voter-statistics voting-place labels for ordinary rows, but no verified address or coordinate field is present in the repository.",10028,5962
municipal_2023_mayor,municipal_2023_mayor__10029,None,21 Widmer St,21 Widmer St,43.64713726,-79.39115210,Open Toronto Elections Voting Locations,https://open.toronto.ca/dataset/elections-voting-locations/,2026-02-20,official_open_toronto_point,,verified_official_point,Open Government Licence - Toronto,"Processed polling_division_name comes from Toronto voter-statistics voting-place labels for ordinary rows, but no verified address or coordinate field is present in the repository.",10029,677
municipal_2023_mayor,municipal_2023_mayor__10030,None,295 Adelaide St W,295 Adelaide St W,43.64759425,-79.39075672,Open Toronto Elections Voting Locations,https://open.toronto.ca/dataset/elections-voting-locations/,2026-02-20,official_open_toronto_point,,verified_official_point,Open Government Licence - Toronto,"Processed polling_division_name comes from Toronto voter-statistics voting-place labels for ordinary rows, but no verified address or coordinate field is present in the repository.",10030,855
municipal_2023_mayor,municipal_2023_mayor__10031,None,290 Adelaide St W,290 Adelaide St W,43.64781618,-79.39112224,Open Toronto Elections Voting Locations,https://open.toronto.ca/dataset/elections-voting-locations/,2026-02-20,official_open_toronto_point,,verified_official_point,Open Government Licence - Toronto,"Processed polling_division_name comes from Toronto voter-statistics voting-place labels for ordinary rows, but no verified address or coordinate field is present in the repository.",10031,547
municipal_2023_mayor,municipal_2023_mayor__10032,None,318 Richmond St W,318 Richmond St W,43.64900328,-79.39198801,Open Toronto Elections Voting Locations,https://open.toronto.ca/dataset/elections-voting-locations/,2026-02-20,official_open_toronto_point,,verified_official_point,Open Government Licence - Toronto,"Processed polling_division_name comes from Toronto voter-statistics voting-place labels for ordinary rows, but no verified address or coordinate field is present in the repository.",10032,569
municipal_2023_mayor,municipal_2023_mayor__10033,None,101 Peter St,101 Peter St,43.64750170,-79.39272216,Open Toronto Elections Voting Locations,https://open.toronto.ca/dataset/elections-voting-locations/,2026-02-20,official_open_toronto_point,,verified_official_point,Open Government Licence - Toronto,"Processed polling_division_name comes from Toronto voter-statistics voting-place labels for ordinary rows, but no verified address or coordinate field is present in the repository.",10033,576
municipal_2023_mayor,municipal_2023_mayor__10034,None,8 Charlotte St,8 Charlotte St,43.64601548,-79.39406443,Open Toronto Elections Voting Locations,https://open.toronto.ca/dataset/elections-voting-locations/,2026-02-20,official_open_toronto_point,,verified_official_point,Open Government Licence - Toronto,"Processed polling_division_name comes from Toronto voter-statistics voting-place labels for ordinary rows, but no verified address or coordinate field is present in the repository.",10034,468
municipal_2023_mayor,municipal_2023_mayor__10035,None,438 King St W,438 King St W,43.64574925,-79.39462221,Open Toronto Elections Voting Locations,https://open.toronto.ca/dataset/elections-voting-locations/,2026-02-20,official_open_toronto_point,,verified_official_point,Open Government Licence - Toronto,"Processed polling_division_name comes from Toronto voter-statistics voting-place labels for ordinary rows, but no verified address or coordinate field is present in the repository.",10035,437
municipal_2023_mayor,municipal_2023_mayor__10036,None,375 King St W,375 King St W,43.64566033,-79.39305745,Open Toronto Elections Voting Locations,https://open.toronto.ca/dataset/elections-voting-locations/,2026-02-20,official_open_toronto_point,,verified_official_point,Open Government Licence - Toronto,"Processed polling_division_name comes from Toronto voter-statistics voting-place labels for ordinary rows, but no verified address or coordinate field is present in the repository.",10036,491
municipal_2023_mayor,municipal_2023_mayor__10037,None,115 Blue Jays Way,115 Blue Jays Way,43.64564293,-79.39194621,Open Toronto Elections Voting Locations,https://open.toronto.ca/dataset/elections-voting-locations/,2026-02-20,official_open_toronto_point,,verified_official_point,Open Government Licence - Toronto,"Processed polling_division_name comes from Toronto voter-statistics voting-place labels for ordinary rows, but no verified address or coordinate field is present in the repository.",10037,1034
municipal_2023_mayor,municipal_2023_mayor__10038,Portland Place,163 Portland St,163 Portland St,43.64726185,-79.40090762,Open Toronto Elections Voting Locations,https://open.toronto.ca/dataset/elections-voting-locations/,2026-02-20,official_open_toronto_point,,verified_official_point,Open Government Licence - Toronto,"Processed polling_division_name comes from Toronto voter-statistics voting-place labels for ordinary rows, but no verified address or coordinate field is present in the repository.",10038,54
municipal_2023_mayor,municipal_2023_mayor__10039,None,560 King St W,560 King St W,43.64490402,-79.39889311,Open Toronto Elections Voting Locations,https://open.toronto.ca/dataset/elections-voting-locations/,2026-02-20,official_open_toronto_point,,verified_official_point,Open Government Licence - Toronto,"Processed polling_division_name comes from Toronto voter-statistics voting-place labels for ordinary rows, but no verified address or coordinate field is present in the repository.",10039,255
municipal_2023_mayor,municipal_2023_mayor__10040,None,140 Simcoe St,140 Simcoe St,43.64948069,-79.38717756,Open Toronto Elections Voting Locations,https://open.toronto.ca/dataset/elections-voting-locations/,2026-02-20,official_open_toronto_point,,verified_official_point,Open Government Licence - Toronto,"Processed polling_division_name comes from Toronto voter-statistics voting-place labels for ordinary rows, but no verified address or coordinate field is present in the repository.",10040,443
municipal_2023_mayor,municipal_2023_mayor__10041,None,525 Adelaide St W,525 Adelaide St W,43.64483795,-79.40228167,Open Toronto Elections Voting Locations,https://open.toronto.ca/dataset/elections-voting-locations/,2026-02-20,official_open_toronto_point,,verified_official_point,Open Government Licence - Toronto,"Processed polling_division_name comes from Toronto voter-statistics voting-place labels for ordinary rows, but no verified address or coordinate field is present in the repository.",10041,628
municipal_2023_mayor,municipal_2023_mayor__10042,None,111 Bathurst St,111 Bathurst St,43.64464929,-79.40272689,Open Toronto Elections Voting Locations,https://open.toronto.ca/dataset/elections-voting-locations/,2026-02-20,official_open_toronto_point,,verified_official_point,Open Government Licence - Toronto,"Processed polling_division_name comes from Toronto voter-statistics voting-place labels for ordinary rows, but no verified address or coordinate field is present in the repository.",10042,330
municipal_2023_mayor,municipal_2023_mayor__10043,St. Mary Catholic School,20 Portugal Sq,20 Portugal Sq,43.64584381,-79.40463497,Open Toronto Elections Voting Locations,https://open.toronto.ca/dataset/elections-voting-locations/,2026-02-20,official_open_toronto_point,,verified_official_point,Open Government Licence - Toronto,"Processed polling_division_name comes from Toronto voter-statistics voting-place labels for ordinary rows, but no verified address or coordinate field is present in the repository.",10043,3436
municipal_2023_mayor,municipal_2023_mayor__10044,None,180 Niagara St,180 Niagara St,43.64223998,-79.40641359,Open Toronto Elections Voting Locations,https://open.toronto.ca/dataset/elections-voting-locations/,2026-02-20,official_open_toronto_point,,verified_official_point,Open Government Licence - Toronto,"Processed polling_division_name comes from Toronto voter-statistics voting-place labels for ordinary rows, but no verified address or coordinate field is present in the repository.",10044,2568
municipal_2023_mayor,municipal_2023_mayor__10045,None,801 King St W,801 King St W,43.64273352,-79.40706997,Open Toronto Elections Voting Locations,https://open.toronto.ca/dataset/elections-voting-locations/,2026-02-20,official_open_toronto_point,,verified_official_point,Open Government Licence - Toronto,"Processed polling_division_name comes from Toronto voter-statistics voting-place labels for ordinary rows, but no verified address or coordinate field is present in the repository.",10045,591
municipal_2023_mayor,municipal_2023_mayor__10046,None,576 Front St W,576 Front St W,43.64117422,-79.40057140,Open Toronto Elections Voting Locations,https://open.toronto.ca/dataset/elections-voting-locations/,2026-02-20,official_open_toronto_point,,verified_official_point,Open Government Licence - Toronto,"Processed polling_division_name comes from Toronto voter-statistics voting-place labels for ordinary rows, but no verified address or coordinate field is present in the repository.",10046,829
municipal_2023_mayor,municipal_2023_mayor__10047,The Summit,701 King St W,701 King St W,43.64299150,-79.40381502,Open Toronto Elections Voting Locations,https://open.toronto.ca/dataset/elections-voting-locations/,2026-02-20,official_open_toronto_point,,verified_official_point,Open Government Licence - Toronto,"Processed polling_division_name comes from Toronto voter-statistics voting-place labels for ordinary rows, but no verified address or coordinate field is present in the repository.",10047,1183
municipal_2023_mayor,municipal_2023_mayor__10048,None,629 King St W,629 King St W,43.64397191,-79.40158456,Open Toronto Elections Voting Locations,https://open.toronto.ca/dataset/elections-voting-locations/,2026-02-20,official_open_toronto_point,,verified_official_point,Open Government Licence - Toronto,"Processed polling_division_name comes from Toronto voter-statistics voting-place labels for ordinary rows, but no verified address or coordinate field is present in the repository.",10048,498
municipal_2023_mayor,municipal_2023_mayor__10050,None,560 Front St W,560 Front St W,43.64131403,-79.40004980,Open Toronto Elections Voting Locations,https://open.toronto.ca/dataset/elections-voting-locations/,2026-02-20,official_open_toronto_point,,verified_official_point,Open Government Licence - Toronto,"Processed polling_division_name comes from Toronto voter-statistics voting-place labels for ordinary rows, but no verified address or coordinate field is present in the repository.",10050,487
municipal_2023_mayor,municipal_2023_mayor__10051,None,38 Iannuzzi St,38 Iannuzzi St,43.63714252,-79.40152413,Open Toronto Elections Voting Locations,https://open.toronto.ca/dataset/elections-voting-locations/,2026-02-20,official_open_toronto_point,,verified_official_point,Open Government Licence - Toronto,"Processed polling_division_name comes from Toronto voter-statistics voting-place labels for ordinary rows, but no verified address or coordinate field is present in the repository.",10051,544
municipal_2023_mayor,municipal_2023_mayor__10052,Canoe Landing Community Rec Centre,45 Fort York Blvd,45 Fort York Blvd,43.63984272,-79.39465288,Open Toronto Elections Voting Locations,https://open.toronto.ca/dataset/elections-voting-locations/,2026-02-20,official_open_toronto_point,,verified_official_point,Open Government Licence - Toronto,"Processed polling_division_name comes from Toronto voter-statistics voting-place labels for ordinary rows, but no verified address or coordinate field is present in the repository.",10052,5253
municipal_2023_mayor,municipal_2023_mayor__10053,None,231 Fort York Blvd,231 Fort York Blvd,43.63697087,-79.40607541,Open Toronto Elections Voting Locations,https://open.toronto.ca/dataset/elections-voting-locations/,2026-02-20,official_open_toronto_point,,verified_official_point,Open Government Licence - Toronto,"Processed polling_division_name comes from Toronto voter-statistics voting-place labels for ordinary rows, but no verified address or coordinate field is present in the repository.",10053,2994
municipal_2023_mayor,municipal_2023_mayor__10054,None,38 Grand Magazine St,38 Grand Magazine St,43.63731476,-79.40294477,Open Toronto Elections Voting Locations,https://open.toronto.ca/dataset/elections-voting-locations/,2026-02-20,official_open_toronto_point,,verified_official_point,Open Government Licence - Toronto,"Processed polling_division_name comes from Toronto voter-statistics voting-place labels for ordinary rows, but no verified address or coordinate field is present in the repository.",10054,681
municipal_2023_mayor,municipal_2023_mayor__10056,None,21 Grand Magazine St,21 Grand Magazine St,43.63646611,-79.40205616,Open Toronto Elections Voting Locations,https://open.toronto.ca/dataset/elections-voting-locations/,2026-02-20,official_open_toronto_point,,verified_official_point,Open Government Licence - Toronto,"Processed polling_division_name comes from Toronto voter-statistics voting-place labels for ordinary rows, but no verified address or coordinate field is present in the repository.",10056,563
municipal_2023_mayor,municipal_2023_mayor__10057,None,90 Stadium Rd,90 Stadium Rd,43.63481608,-79.40155678,Open Toronto Elections Voting Locations,https://open.toronto.ca/dataset/elections-voting-locations/,2026-02-20,official_open_toronto_point,,verified_official_point,Open Government Licence - Toronto,"Processed polling_division_name comes from Toronto voter-statistics voting-place labels for ordinary rows, but no verified address or coordinate field is present in the repository.",10057,918
municipal_2023_mayor,municipal_2023_mayor__10059,Harbourfront Community Centre - Building Grounds,627 Queens Quay W,627 Queens Quay W,43.63540553,-79.39776569,Open Toronto Elections Voting Locations,https://open.toronto.ca/dataset/elections-voting-locations/,2026-02-20,official_open_toronto_point,,verified_official_point,Open Government Licence - Toronto,"Processed polling_division_name comes from Toronto voter-statistics voting-place labels for ordinary rows, but no verified address or coordinate field is present in the repository.",10059,6150
municipal_2023_mayor,municipal_2023_mayor__10060,None,38 Dan Leckie Way,38 Dan Leckie Way,43.63741647,-79.39830366,Open Toronto Elections Voting Locations,https://open.toronto.ca/dataset/elections-voting-locations/,2026-02-20,official_open_toronto_point,,verified_official_point,Open Government Licence - Toronto,"Processed polling_division_name comes from Toronto voter-statistics voting-place labels for ordinary rows, but no verified address or coordinate field is present in the repository.",10060,623
municipal_2023_mayor,municipal_2023_mayor__10061,Fort York Library,190 Fort York Blvd,190 Fort York Blvd,43.63931185,-79.40032553,Open Toronto Elections Voting Locations,https://open.toronto.ca/dataset/elections-voting-locations/,2026-02-20,official_open_toronto_point,,verified_official_point,Open Government Licence - Toronto,"Processed polling_division_name comes from Toronto voter-statistics voting-place labels for ordinary rows, but no verified address or coordinate field is present in the repository.",10061,2790
municipal_2023_mayor,municipal_2023_mayor__10062,The Lakefront,17 Bathurst St,17 Bathurst St,43.63743468,-79.39890765,Open Toronto Elections Voting Locations,https://open.toronto.ca/dataset/elections-voting-locations/,2026-02-20,official_open_toronto_point,,verified_official_point,Open Government Licence - Toronto,"Processed polling_division_name comes from Toronto voter-statistics voting-place labels for ordinary rows, but no verified address or coordinate field is present in the repository.",10062,958
municipal_2023_mayor,municipal_2023_mayor__10063,Zen King West,19 Western Battery Rd,19 Western Battery Rd,43.63956963,-79.41132922,Open Toronto Elections Voting Locations,https://open.toronto.ca/dataset/elections-voting-locations/,2026-02-20,official_open_toronto_point,,verified_official_point,Open Government Licence - Toronto,"Processed polling_division_name comes from Toronto voter-statistics voting-place labels for ordinary rows, but no verified address or coordinate field is present in the repository.",10063,619
municipal_2023_mayor,municipal_2023_mayor__10064,Ward's Island Assoc. Clubhouse,20 Withrow St,20 Withrow St,43.63096589,-79.35580878,Open Toronto Elections Voting Locations,https://open.toronto.ca/dataset/elections-voting-locations/,2026-02-20,official_open_toronto_point,,verified_official_point,Open Government Licence - Toronto,"Processed polling_division_name comes from Toronto voter-statistics voting-place labels for ordinary rows, but no verified address or coordinate field is present in the repository.",10064,644
municipal_2023_mayor,municipal_2023_mayor__10065,None,11 Mariner Ter,11 Mariner Ter,43.63992516,-79.39106748,Open Toronto Elections Voting Locations,https://open.toronto.ca/dataset/elections-voting-locations/,2026-02-20,official_open_toronto_point,,verified_official_point,Open Government Licence - Toronto,"Processed polling_division_name comes from Toronto voter-statistics voting-place labels for ordinary rows, but no verified address or coordinate field is present in the repository.",10065,2664
municipal_2023_mayor,municipal_2023_mayor__10066,Ten York,10 York St,10 York St,43.64110042,-79.38127089,Open Toronto Elections Voting Locations,https://open.toronto.ca/dataset/elections-voting-locations/,2026-02-20,official_open_toronto_point,,verified_official_point,Open Government Licence - Toronto,"Processed polling_division_name comes from Toronto voter-statistics voting-place labels for ordinary rows, but no verified address or coordinate field is present in the repository.",10066,759
municipal_2023_mayor,municipal_2023_mayor__10067,Radisson Blu Downtown,249 Queens Quay W,249 Queens Quay W,43.63865002,-79.38571123,Open Toronto Elections Voting Locations,https://open.toronto.ca/dataset/elections-voting-locations/,2026-02-20,official_open_toronto_point,,verified_official_point,Open Government Licence - Toronto,"Processed polling_division_name comes from Toronto voter-statistics voting-place labels for ordinary rows, but no verified address or coordinate field is present in the repository.",10067,6056
municipal_2023_mayor,municipal_2023_mayor__10068,Optima Condominiums,81 Navy Wharf Crt,81 Navy Wharf Crt,43.64144681,-79.39129037,Open Toronto Elections Voting Locations,https://open.toronto.ca/dataset/elections-voting-locations/,2026-02-20,official_open_toronto_point,,verified_official_point,Open Government Licence - Toronto,"Processed polling_division_name comes from Toronto voter-statistics voting-place labels for ordinary rows, but no verified address or coordinate field is present in the repository.",10068,714
municipal_2023_mayor,municipal_2023_mayor__10069,The Matrix,381 Front St W,381 Front St W,43.64285849,-79.39277121,Open Toronto Elections Voting Locations,https://open.toronto.ca/dataset/elections-voting-locations/,2026-02-20,official_open_toronto_point,,verified_official_point,Open Government Licence - Toronto,"Processed polling_division_name comes from Toronto voter-statistics voting-place labels for ordinary rows, but no verified address or coordinate field is present in the repository.",10069,2152
municipal_2023_mayor,municipal_2023_mayor__10070,None,352 Front St W,352 Front St W,43.64329853,-79.39243425,Open Toronto Elections Voting Locations,https://open.toronto.ca/dataset/elections-voting-locations/,2026-02-20,official_open_toronto_point,,verified_official_point,Open Government Licence - Toronto,"Processed polling_division_name comes from Toronto voter-statistics voting-place labels for ordinary rows, but no verified address or coordinate field is present in the repository.",10070,757
municipal_2023_mayor,municipal_2023_mayor__10071,Element Condominium,20 Blue Jays Way,20 Blue Jays Way,43.64379730,-79.39166842,Open Toronto Elections Voting Locations,https://open.toronto.ca/dataset/elections-voting-locations/,2026-02-20,official_open_toronto_point,,verified_official_point,Open Government Licence - Toronto,"Processed polling_division_name comes from Toronto voter-statistics voting-place labels for ordinary rows, but no verified address or coordinate field is present in the repository.",10071,605
municipal_2023_mayor,municipal_2023_mayor__10072,The Icon,270 Wellington St W,270 Wellington St W,43.64500018,-79.39127220,Open Toronto Elections Voting Locations,https://open.toronto.ca/dataset/elections-voting-locations/,2026-02-20,official_open_toronto_point,,verified_official_point,Open Government Licence - Toronto,"Processed polling_division_name comes from Toronto voter-statistics voting-place labels for ordinary rows, but no verified address or coordinate field is present in the repository.",10072,941
municipal_2023_mayor,municipal_2023_mayor__10073,None,300 Front St W,300 Front St W,43.64405316,-79.38943536,Open Toronto Elections Voting Locations,https://open.toronto.ca/dataset/elections-voting-locations/,2026-02-20,official_open_toronto_point,,verified_official_point,Open Government Licence - Toronto,"Processed polling_division_name comes from Toronto voter-statistics voting-place labels for ordinary rows, but no verified address or coordinate field is present in the repository.",10073,814
municipal_2023_mayor,municipal_2023_mayor__10074,None,125 Western Battery Rd,125 Western Battery Rd,43.63986791,-79.41673395,Open Toronto Elections Voting Locations,https://open.toronto.ca/dataset/elections-voting-locations/,2026-02-20,official_open_toronto_point,,verified_official_point,Open Government Licence - Toronto,"Processed polling_division_name comes from Toronto voter-statistics voting-place labels for ordinary rows, but no verified address or coordinate field is present in the repository.",10074,668
municipal_2023_mayor,municipal_2023_mayor__10075,None,15 Lower Jarvis St,15 Lower Jarvis St,43.64527229,-79.36934939,Open Toronto Elections Voting Locations,https://open.toronto.ca/dataset/elections-voting-locations/,2026-02-20,official_open_toronto_point,,verified_official_point,Open Government Licence - Toronto,"Processed polling_division_name comes from Toronto voter-statistics voting-place labels for ordinary rows, but no verified address or coordinate field is present in the repository.",10075,1201
municipal_2023_mayor,municipal_2023_mayor__10076,Monde Condos,12 Bonnycastle St,12 Bonnycastle St,43.64589700,-79.36491089,Open Toronto Elections Voting Locations,https://open.toronto.ca/dataset/elections-voting-locations/,2026-02-20,official_open_toronto_point,,verified_official_point,Open Government Licence - Toronto,"Processed polling_division_name comes from Toronto voter-statistics voting-place labels for ordinary rows, but no verified address or coordinate field is present in the repository.",10076,640
municipal_2023_mayor,municipal_2023_mayor__10077,George Brown College,51 Dockside Dr,51 Dockside Dr,43.64393878,-79.36546949,Open Toronto Elections Voting Locations,https://open.toronto.ca/dataset/elections-voting-locations/,2026-02-20,official_open_toronto_point,,verified_official_point,Open Government Licence - Toronto,"Processed polling_division_name comes from Toronto voter-statistics voting-place labels for ordinary rows, but no verified address or coordinate field is present in the repository.",10077,246
municipal_2023_mayor,municipal_2023_mayor__10078,None,55 Bremner Blvd,55 Bremner Blvd,43.64293655,-79.38050014,Open Toronto Elections Voting Locations,https://open.toronto.ca/dataset/elections-voting-locations/,2026-02-20,official_open_toronto_point,,verified_official_point,Open Government Licence - Toronto,"Processed polling_division_name comes from Toronto voter-statistics voting-place labels for ordinary rows, but no verified address or coordinate field is present in the repository.",10078,1260
municipal_2023_mayor,municipal_2023_mayor__10079,None,88 Harbour St,88 Harbour St,43.64185130,-79.37890806,Open Toronto Elections Voting Locations,https://open.toronto.ca/dataset/elections-voting-locations/,2026-02-20,official_open_toronto_point,,verified_official_point,Open Government Licence - Toronto,"Processed polling_division_name comes from Toronto voter-statistics voting-place labels for ordinary rows, but no verified address or coordinate field is present in the repository.",10079,774
municipal_2023_mayor,municipal_2023_mayor__10080,None,77 Harbour Sq,77 Harbour Sq,43.63999169,-79.37888718,Open Toronto Elections Voting Locations,https://open.toronto.ca/dataset/elections-voting-locations/,2026-02-20,official_open_toronto_point,,verified_official_point,Open Government Licence - Toronto,"Processed polling_division_name comes from Toronto voter-statistics voting-place labels for ordinary rows, but no verified address or coordinate field is present in the repository.",10080,1356
municipal_2023_mayor,municipal_2023_mayor__10081,None,55 Harbour Sq,55 Harbour Sq,43.64005675,-79.37849155,Open Toronto Elections Voting Locations,https://open.toronto.ca/dataset/elections-voting-locations/,2026-02-20,official_open_toronto_point,,verified_official_point,Open Government Licence - Toronto,"Processed polling_division_name comes from Toronto voter-statistics voting-place labels for ordinary rows, but no verified address or coordinate field is present in the repository.",10081,1083
municipal_2023_mayor,municipal_2023_mayor__10082,None,33 Harbour Sq,33 Harbour Sq,43.64067304,-79.37699579,Open Toronto Elections Voting Locations,https://open.toronto.ca/dataset/elections-voting-locations/,2026-02-20,official_open_toronto_point,,verified_official_point,Open Government Licence - Toronto,"Processed polling_division_name comes from Toronto voter-statistics voting-place labels for ordinary rows, but no verified address or coordinate field is present in the repository.",10082,942
municipal_2023_mayor,municipal_2023_mayor__10083,None,39 Queens Quay E,39 Queens Quay E,43.64171042,-79.37170591,Open Toronto Elections Voting Locations,https://open.toronto.ca/dataset/elections-voting-locations/,2026-02-20,official_open_toronto_point,,verified_official_point,Open Government Licence - Toronto,"Processed polling_division_name comes from Toronto voter-statistics voting-place labels for ordinary rows, but no verified address or coordinate field is present in the repository.",10083,1616
municipal_2023_mayor,municipal_2023_mayor__10084,World Trade Tower,10 Queens Quay W,10 Queens Quay W,43.64178690,-79.37578353,Open Toronto Elections Voting Locations,https://open.toronto.ca/dataset/elections-voting-locations/,2026-02-20,official_open_toronto_point,,verified_official_point,Open Government Licence - Toronto,"Processed polling_division_name comes from Toronto voter-statistics voting-place labels for ordinary rows, but no verified address or coordinate field is present in the repository.",10084,1165
municipal_2023_mayor,municipal_2023_mayor__10085,Pinnacle Centre,16 Yonge St,16 Yonge St,43.64325011,-79.37640022,Open Toronto Elections Voting Locations,https://open.toronto.ca/dataset/elections-voting-locations/,2026-02-20,official_open_toronto_point,,verified_official_point,Open Government Licence - Toronto,"Processed polling_division_name comes from Toronto voter-statistics voting-place labels for ordinary rows, but no verified address or coordinate field is present in the repository.",10085,2977
municipal_2023_mayor,municipal_2023_mayor__10086,18 Yonge Condominium,18 Yonge St,18 Yonge St,43.64453263,-79.37647409,Open Toronto Elections Voting Locations,https://open.toronto.ca/dataset/elections-voting-locations/,2026-02-20,official_open_toronto_point,,verified_official_point,Open Government Licence - Toronto,"Processed polling_division_name comes from Toronto voter-statistics voting-place labels for ordinary rows, but no verified address or coordinate field is present in the repository.",10086,782
municipal_2023_mayor,municipal_2023_mayor__10088,None,25 The Esplanade,25 The Esplanade,43.64614504,-79.37520533,Open Toronto Elections Voting Locations,https://open.toronto.ca/dataset/elections-voting-locations/,2026-02-20,official_open_toronto_point,,verified_official_point,Open Government Licence - Toronto,"Processed polling_division_name comes from Toronto voter-statistics voting-place labels for ordinary rows, but no verified address or coordinate field is present in the repository.",10088,958
municipal_2023_mayor,municipal_2023_mayor__10089,None,85 The Esplanade,85 The Esplanade,43.64731271,-79.37296085,Open Toronto Elections Voting Locations,https://open.toronto.ca/dataset/elections-voting-locations/,2026-02-20,official_open_toronto_point,,verified_official_point,Open Government Licence - Toronto,"Processed polling_division_name comes from Toronto voter-statistics voting-place labels for ordinary rows, but no verified address or coordinate field is present in the repository.",10089,877
municipal_2023_mayor,municipal_2023_mayor__10090,St. Michael Catholic School,50 George St S,50 George St S,43.64793710,-79.36966975,Open Toronto Elections Voting Locations,https://open.toronto.ca/dataset/elections-voting-locations/,2026-02-20,official_open_toronto_point,,verified_official_point,Open Government Licence - Toronto,"Processed polling_division_name comes from Toronto voter-statistics voting-place labels for ordinary rows, but no verified address or coordinate field is present in the repository.",10090,3652
municipal_2023_mayor,municipal_2023_mayor__10091,None,15 Scadding Ave,15 Scadding Ave,43.64858969,-79.36678275,Open Toronto Elections Voting Locations,https://open.toronto.ca/dataset/elections-voting-locations/,2026-02-20,official_open_toronto_point,,verified_official_point,Open Government Licence - Toronto,"Processed polling_division_name comes from Toronto voter-statistics voting-place labels for ordinary rows, but no verified address or coordinate field is present in the repository.",10091,362
municipal_2023_mayor,municipal_2023_mayor__10093,Young Centre for the Performing Arts,50 Tank House Lane,50 Tank House Lane,43.65085093,-79.35745868,Open Toronto Elections Voting Locations,https://open.toronto.ca/dataset/elections-voting-locations/,2026-02-20,official_open_toronto_point,,verified_official_point,Open Government Licence - Toronto,"Processed polling_division_name comes from Toronto voter-statistics voting-place labels for ordinary rows, but no verified address or coordinate field is present in the repository.",10093,1866
municipal_2023_mayor,municipal_2023_mayor__10094,None,15 Merchants' Wharf,15 Merchants' Wharf,43.64511078,-79.36429875,Open Toronto Elections Voting Locations,https://open.toronto.ca/dataset/elections-voting-locations/,2026-02-20,official_open_toronto_point,,verified_official_point,Open Government Licence - Toronto,"Processed polling_division_name comes from Toronto voter-statistics voting-place labels for ordinary rows, but no verified address or coordinate field is present in the repository.",10094,481
municipal_2023_mayor,municipal_2023_mayor__11001,Essex Junior and Senior School Public School,50 Essex St,50 Essex St,43.66823575,-79.42236548,Open Toronto Elections Voting Locations,https://open.toronto.ca/dataset/elections-voting-locations/,2026-02-20,official_open_toronto_point,,verified_official_point,Open Government Licence - Toronto,"Processed polling_division_name comes from Toronto voter-statistics voting-place labels for ordinary rows, but no verified address or coordinate field is present in the repository.",11001,3281
municipal_2023_mayor,municipal_2023_mayor__11002,Bob Abate Community Recreation Centre,485 Montrose Ave,485 Montrose Ave,43.66240229,-79.42032982,Open Toronto Elections Voting Locations,https://open.toronto.ca/dataset/elections-voting-locations/,2026-02-20,official_open_toronto_point,,verified_official_point,Open Government Licence - Toronto,"Processed polling_division_name comes from Toronto voter-statistics voting-place labels for ordinary rows, but no verified address or coordinate field is present in the repository.",11002,3537
municipal_2023_mayor,municipal_2023_mayor__11003,The O'Neil Centre Nursing Home,33 Christie St,33 Christie St,43.66477796,-79.41859791,Open Toronto Elections Voting Locations,https://open.toronto.ca/dataset/elections-voting-locations/,2026-02-20,official_open_toronto_point,,verified_official_point,Open Government Licence - Toronto,"Processed polling_division_name comes from Toronto voter-statistics voting-place labels for ordinary rows, but no verified address or coordinate field is present in the repository.",11003,113
municipal_2023_mayor,municipal_2023_mayor__11005,MSGR Fraser College - Annex Campus,700 Markham St,700 Markham St,43.66725505,-79.41375125,Open Toronto Elections Voting Locations,https://open.toronto.ca/dataset/elections-voting-locations/,2026-02-20,official_open_toronto_point,,verified_official_point,Open Government Licence - Toronto,"Processed polling_division_name comes from Toronto voter-statistics voting-place labels for ordinary rows, but no verified address or coordinate field is present in the repository.",11005,2503
municipal_2023_mayor,municipal_2023_mayor__11006,Palmerston Avenue Junior Public School,734 Palmerston Ave,734 Palmerston Ave,43.66814491,-79.41520495,Open Toronto Elections Voting Locations,https://open.toronto.ca/dataset/elections-voting-locations/,2026-02-20,official_open_toronto_point,,verified_official_point,Open Government Licence - Toronto,"Processed polling_division_name comes from Toronto voter-statistics voting-place labels for ordinary rows, but no verified address or coordinate field is present in the repository.",11006,2595
municipal_2023_mayor,municipal_2023_mayor__11008,St Alban Anglican Church,100 Howland Ave,100 Howland Ave,43.66899987,-79.41025751,Open Toronto Elections Voting Locations,https://open.toronto.ca/dataset/elections-voting-locations/,2026-02-20,official_open_toronto_point,,verified_official_point,Open Government Licence - Toronto,"Processed polling_division_name comes from Toronto voter-statistics voting-place labels for ordinary rows, but no verified address or coordinate field is present in the repository.",11008,2759
municipal_2023_mayor,municipal_2023_mayor__11009,Native Canadian Centre,16 Spadina Rd,16 Spadina Rd,43.66814977,-79.40504427,Open Toronto Elections Voting Locations,https://open.toronto.ca/dataset/elections-voting-locations/,2026-02-20,official_open_toronto_point,,verified_official_point,Open Government Licence - Toronto,"Processed polling_division_name comes from Toronto voter-statistics voting-place labels for ordinary rows, but no verified address or coordinate field is present in the repository.",11009,3769
municipal_2023_mayor,municipal_2023_mayor__11010,None,14 Spadina Rd,14 Spadina Rd,43.66783489,-79.40495381,Open Toronto Elections Voting Locations,https://open.toronto.ca/dataset/elections-voting-locations/,2026-02-20,official_open_toronto_point,,verified_official_point,Open Government Licence - Toronto,"Processed polling_division_name comes from Toronto voter-statistics voting-place labels for ordinary rows, but no verified address or coordinate field is present in the repository.",11010,117
municipal_2023_mayor,municipal_2023_mayor__11011,Toronto Bahá'í Centre,288 Bloor St W,288 Bloor St W,43.66742914,-79.40133095,Open Toronto Elections Voting Locations,https://open.toronto.ca/dataset/elections-voting-locations/,2026-02-20,official_open_toronto_point,,verified_official_point,Open Government Licence - Toronto,"Processed polling_division_name comes from Toronto voter-statistics voting-place labels for ordinary rows, but no verified address or coordinate field is present in the repository.",11011,2923
municipal_2023_mayor,municipal_2023_mayor__11012,Religious Society Of Friends,60 Lowther Ave,60 Lowther Ave,43.67053683,-79.39876383,Open Toronto Elections Voting Locations,https://open.toronto.ca/dataset/elections-voting-locations/,2026-02-20,official_open_toronto_point,,verified_official_point,Open Government Licence - Toronto,"Processed polling_division_name comes from Toronto voter-statistics voting-place labels for ordinary rows, but no verified address or coordinate field is present in the repository.",11012,2818
municipal_2023_mayor,municipal_2023_mayor__11013,Central Park Lodge,123 Spadina Rd,123 Spadina Rd,43.67174184,-79.40550126,Open Toronto Elections Voting Locations,https://open.toronto.ca/dataset/elections-voting-locations/,2026-02-20,official_open_toronto_point,,verified_official_point,Open Government Licence - Toronto,"Processed polling_division_name comes from Toronto voter-statistics voting-place labels for ordinary rows, but no verified address or coordinate field is present in the repository.",11013,87
municipal_2023_mayor,municipal_2023_mayor__11014,Leisure World Nursing Home,225 St George St,225 St George St,43.67252912,-79.40145887,Open Toronto Elections Voting Locations,https://open.toronto.ca/dataset/elections-voting-locations/,2026-02-20,official_open_toronto_point,,verified_official_point,Open Government Licence - Toronto,"Processed polling_division_name comes from Toronto voter-statistics voting-place labels for ordinary rows, but no verified address or coordinate field is present in the repository.",11014,174
municipal_2023_mayor,municipal_2023_mayor__11015,None,250 Davenport Rd,250 Davenport Rd,43.67480348,-79.39822067,Open Toronto Elections Voting Locations,https://open.toronto.ca/dataset/elections-voting-locations/,2026-02-20,official_open_toronto_point,,verified_official_point,Open Government Licence - Toronto,"Processed polling_division_name comes from Toronto voter-statistics voting-place labels for ordinary rows, but no verified address or coordinate field is present in the repository.",11015,626
municipal_2023_mayor,municipal_2023_mayor__11016,Church Of The Messiah,240 Avenue Rd,240 Avenue Rd,43.67693383,-79.39792161,Open Toronto Elections Voting Locations,https://open.toronto.ca/dataset/elections-voting-locations/,2026-02-20,official_open_toronto_point,,verified_official_point,Open Government Licence - Toronto,"Processed polling_division_name comes from Toronto voter-statistics voting-place labels for ordinary rows, but no verified address or coordinate field is present in the repository.",11016,2924
municipal_2023_mayor,municipal_2023_mayor__11017,None,50 Hillsboro Ave,50 Hillsboro Ave,43.67583041,-79.39362524,Open Toronto Elections Voting Locations,https://open.toronto.ca/dataset/elections-voting-locations/,2026-02-20,official_open_toronto_point,,verified_official_point,Open Government Licence - Toronto,"Processed polling_division_name comes from Toronto voter-statistics voting-place labels for ordinary rows, but no verified address or coordinate field is present in the repository.",11017,559
municipal_2023_mayor,municipal_2023_mayor__11018,Hazelton Place,111 Avenue Rd,111 Avenue Rd,43.67319223,-79.39547984,Open Toronto Elections Voting Locations,https://open.toronto.ca/dataset/elections-voting-locations/,2026-02-20,official_open_toronto_point,,verified_official_point,Open Government Licence - Toronto,"Processed polling_division_name comes from Toronto voter-statistics voting-place labels for ordinary rows, but no verified address or coordinate field is present in the repository.",11018,164
municipal_2023_mayor,municipal_2023_mayor__11019,Toronto Reference Public Library,789 Yonge St,789 Yonge St,43.67187894,-79.38666997,Open Toronto Elections Voting Locations,https://open.toronto.ca/dataset/elections-voting-locations/,2026-02-20,official_open_toronto_point,,verified_official_point,Open Government Licence - Toronto,"Processed polling_division_name comes from Toronto voter-statistics voting-place labels for ordinary rows, but no verified address or coordinate field is present in the repository.",11019,2757
municipal_2023_mayor,municipal_2023_mayor__11020,Jesse Ketchum Public School,61 Davenport Rd,61 Davenport Rd,43.67298262,-79.39213923,Open Toronto Elections Voting Locations,https://open.toronto.ca/dataset/elections-voting-locations/,2026-02-20,official_open_toronto_point,,verified_official_point,Open Government Licence - Toronto,"Processed polling_division_name comes from Toronto voter-statistics voting-place labels for ordinary rows, but no verified address or coordinate field is present in the repository.",11020,2837
municipal_2023_mayor,municipal_2023_mayor__11021,Belmont House,55 Belmont St,55 Belmont St,43.67467098,-79.39096357,Open Toronto Elections Voting Locations,https://open.toronto.ca/dataset/elections-voting-locations/,2026-02-20,official_open_toronto_point,,verified_official_point,Open Government Licence - Toronto,"Processed polling_division_name comes from Toronto voter-statistics voting-place labels for ordinary rows, but no verified address or coordinate field is present in the repository.",11021,93
municipal_2023_mayor,municipal_2023_mayor__11022,Mcmurrich Place,18 Davenport Rd,18 Davenport Rd,43.67311548,-79.38872593,Open Toronto Elections Voting Locations,https://open.toronto.ca/dataset/elections-voting-locations/,2026-02-20,official_open_toronto_point,,verified_official_point,Open Government Licence - Toronto,"Processed polling_division_name comes from Toronto voter-statistics voting-place labels for ordinary rows, but no verified address or coordinate field is present in the repository.",11022,1713
municipal_2023_mayor,municipal_2023_mayor__11023,St Clare's Multifaith Housing,877 Yonge St,877 Yonge St,43.67424895,-79.38797260,Open Toronto Elections Voting Locations,https://open.toronto.ca/dataset/elections-voting-locations/,2026-02-20,official_open_toronto_point,,verified_official_point,Open Government Licence - Toronto,"Processed polling_division_name comes from Toronto voter-statistics voting-place labels for ordinary rows, but no verified address or coordinate field is present in the repository.",11023,109
municipal_2023_mayor,municipal_2023_mayor__11024,Rosedale Junior Public School,22 South Dr,22 South Dr,43.67765573,-79.38168603,Open Toronto Elections Voting Locations,https://open.toronto.ca/dataset/elections-voting-locations/,2026-02-20,official_open_toronto_point,,verified_official_point,Open Government Licence - Toronto,"Processed polling_division_name comes from Toronto voter-statistics voting-place labels for ordinary rows, but no verified address or coordinate field is present in the repository.",11024,2238
municipal_2023_mayor,municipal_2023_mayor__11025,Deer Park Public Library,40 St Clair Ave E,40 St Clair Ave E,43.68865976,-79.39249352,Open Toronto Elections Voting Locations,https://open.toronto.ca/dataset/elections-voting-locations/,2026-02-20,official_open_toronto_point,,verified_official_point,Open Government Licence - Toronto,"Processed polling_division_name comes from Toronto voter-statistics voting-place labels for ordinary rows, but no verified address or coordinate field is present in the repository.",11025,1479
municipal_2023_mayor,municipal_2023_mayor__11027,Our Lady Of Perpetual Help C S,1 1/2 Garfield Ave,1 1/2 Garfield Ave,43.68710508,-79.38346465,Open Toronto Elections Voting Locations,https://open.toronto.ca/dataset/elections-voting-locations/,2026-02-20,official_open_toronto_point,,verified_official_point,Open Government Licence - Toronto,"Processed polling_division_name comes from Toronto voter-statistics voting-place labels for ordinary rows, but no verified address or coordinate field is present in the repository.",11027,3562
municipal_2023_mayor,municipal_2023_mayor__11028,Bennington Heights School,76 Bennington Heights Dr,76 Bennington Heights Dr,43.69398540,-79.36877808,Open Toronto Elections Voting Locations,https://open.toronto.ca/dataset/elections-voting-locations/,2026-02-20,official_open_toronto_point,,verified_official_point,Open Government Licence - Toronto,"Processed polling_division_name comes from Toronto voter-statistics voting-place labels for ordinary rows, but no verified address or coordinate field is present in the repository.",11028,422
municipal_2023_mayor,municipal_2023_mayor__11029,Rosedale United Church,159 Roxborough Dr,159 Roxborough Dr,43.68413417,-79.37235301,Open Toronto Elections Voting Locations,https://open.toronto.ca/dataset/elections-voting-locations/,2026-02-20,official_open_toronto_point,,verified_official_point,Open Government Licence - Toronto,"Processed polling_division_name comes from Toronto voter-statistics voting-place labels for ordinary rows, but no verified address or coordinate field is present in the repository.",11029,2109
municipal_2023_mayor,municipal_2023_mayor__11030,Rosedale Presbyterian Church,129 Mount Pleasant Rd,129 Mount Pleasant Rd,43.67587928,-79.38035541,Open Toronto Elections Voting Locations,https://open.toronto.ca/dataset/elections-voting-locations/,2026-02-20,official_open_toronto_point,,verified_official_point,Open Government Licence - Toronto,"Processed polling_division_name comes from Toronto voter-statistics voting-place labels for ordinary rows, but no verified address or coordinate field is present in the repository.",11030,2301
municipal_2023_mayor,municipal_2023_mayor__11031,Kensington Apartments,21 Dale Ave,21 Dale Ave,43.67360880,-79.37143213,Open Toronto Elections Voting Locations,https://open.toronto.ca/dataset/elections-voting-locations/,2026-02-20,official_open_toronto_point,,verified_official_point,Open Government Licence - Toronto,"Processed polling_division_name comes from Toronto voter-statistics voting-place labels for ordinary rows, but no verified address or coordinate field is present in the repository.",11031,570
municipal_2023_mayor,municipal_2023_mayor__11033,Bellagio On Bloor,300 Bloor St E,300 Bloor St E,43.67202098,-79.37980659,Open Toronto Elections Voting Locations,https://open.toronto.ca/dataset/elections-voting-locations/,2026-02-20,official_open_toronto_point,,verified_official_point,Open Government Licence - Toronto,"Processed polling_division_name comes from Toronto voter-statistics voting-place labels for ordinary rows, but no verified address or coordinate field is present in the repository.",11033,456
municipal_2023_mayor,municipal_2023_mayor__11034,None,278 Bloor St E,278 Bloor St E,43.67226537,-79.38045411,Open Toronto Elections Voting Locations,https://open.toronto.ca/dataset/elections-voting-locations/,2026-02-20,official_open_toronto_point,,verified_official_point,Open Government Licence - Toronto,"Processed polling_division_name comes from Toronto voter-statistics voting-place labels for ordinary rows, but no verified address or coordinate field is present in the repository.",11034,293
municipal_2023_mayor,municipal_2023_mayor__11035,None,825 Church St,825 Church St,43.67297711,-79.38702571,Open Toronto Elections Voting Locations,https://open.toronto.ca/dataset/elections-voting-locations/,2026-02-20,official_open_toronto_point,,verified_official_point,Open Government Licence - Toronto,"Processed polling_division_name comes from Toronto voter-statistics voting-place labels for ordinary rows, but no verified address or coordinate field is present in the repository.",11035,415
municipal_2023_mayor,municipal_2023_mayor__11036,None,18 Yorkville Ave,18 Yorkville Ave,43.67199948,-79.38792869,Open Toronto Elections Voting Locations,https://open.toronto.ca/dataset/elections-voting-locations/,2026-02-20,official_open_toronto_point,,verified_official_point,Open Government Licence - Toronto,"Processed polling_division_name comes from Toronto voter-statistics voting-place labels for ordinary rows, but no verified address or coordinate field is present in the repository.",11036,557
municipal_2023_mayor,municipal_2023_mayor__11037,8 Park Road Condo,8 Park Rd,8 Park Rd,43.67128547,-79.38492180,Open Toronto Elections Voting Locations,https://open.toronto.ca/dataset/elections-voting-locations/,2026-02-20,official_open_toronto_point,,verified_official_point,Open Government Licence - Toronto,"Processed polling_division_name comes from Toronto voter-statistics voting-place labels for ordinary rows, but no verified address or coordinate field is present in the repository.",11037,446
municipal_2023_mayor,municipal_2023_mayor__11038,None,235 Bloor St E,235 Bloor St E,43.67126822,-79.38090023,Open Toronto Elections Voting Locations,https://open.toronto.ca/dataset/elections-voting-locations/,2026-02-20,official_open_toronto_point,,verified_official_point,Open Government Licence - Toronto,"Processed polling_division_name comes from Toronto voter-statistics voting-place labels for ordinary rows, but no verified address or coordinate field is present in the repository.",11038,673
municipal_2023_mayor,municipal_2023_mayor__11039,None,28 Ted Rogers Way,28 Ted Rogers Way,43.67057925,-79.38058953,Open Toronto Elections Voting Locations,https://open.toronto.ca/dataset/elections-voting-locations/,2026-02-20,official_open_toronto_point,,verified_official_point,Open Government Licence - Toronto,"Processed polling_division_name comes from Toronto voter-statistics voting-place labels for ordinary rows, but no verified address or coordinate field is present in the repository.",11039,699
municipal_2023_mayor,municipal_2023_mayor__11040,None,110 Charles St E,110 Charles St E,43.67007583,-79.38055218,Open Toronto Elections Voting Locations,https://open.toronto.ca/dataset/elections-voting-locations/,2026-02-20,official_open_toronto_point,,verified_official_point,Open Government Licence - Toronto,"Processed polling_division_name comes from Toronto voter-statistics voting-place labels for ordinary rows, but no verified address or coordinate field is present in the repository.",11040,634
municipal_2023_mayor,municipal_2023_mayor__11041,Salvation Army Toronto Grace Hospital,650 Church St,650 Church St,43.67032598,-79.38320166,Open Toronto Elections Voting Locations,https://open.toronto.ca/dataset/elections-voting-locations/,2026-02-20,official_open_toronto_point,,verified_official_point,Open Government Licence - Toronto,"Processed polling_division_name comes from Toronto voter-statistics voting-place labels for ordinary rows, but no verified address or coordinate field is present in the repository.",11041,
municipal_2023_mayor,municipal_2023_mayor__11042,St Pauls Anglican Church,227 Bloor St E,227 Bloor St E,43.67099141,-79.38123880,Open Toronto Elections Voting Locations,https://open.toronto.ca/dataset/elections-voting-locations/,2026-02-20,official_open_toronto_point,,verified_official_point,Open Government Licence - Toronto,"Processed polling_division_name comes from Toronto voter-statistics voting-place labels for ordinary rows, but no verified address or coordinate field is present in the repository.",11042,1989
municipal_2023_mayor,municipal_2023_mayor__11043,None,35 Hayden St,35 Hayden St,43.66954981,-79.38465364,Open Toronto Elections Voting Locations,https://open.toronto.ca/dataset/elections-voting-locations/,2026-02-20,official_open_toronto_point,,verified_official_point,Open Government Licence - Toronto,"Processed polling_division_name comes from Toronto voter-statistics voting-place labels for ordinary rows, but no verified address or coordinate field is present in the repository.",11043,523
municipal_2023_mayor,municipal_2023_mayor__11044,None,42 Charles St E,42 Charles St E,43.66935450,-79.38418245,Open Toronto Elections Voting Locations,https://open.toronto.ca/dataset/elections-voting-locations/,2026-02-20,official_open_toronto_point,,verified_official_point,Open Government Licence - Toronto,"Processed polling_division_name comes from Toronto voter-statistics voting-place labels for ordinary rows, but no verified address or coordinate field is present in the repository.",11044,587
municipal_2023_mayor,municipal_2023_mayor__11045,None,1 Bloor St E,1 Bloor St E,43.67012312,-79.38623018,Open Toronto Elections Voting Locations,https://open.toronto.ca/dataset/elections-voting-locations/,2026-02-20,official_open_toronto_point,,verified_official_point,Open Government Licence - Toronto,"Processed polling_division_name comes from Toronto voter-statistics voting-place labels for ordinary rows, but no verified address or coordinate field is present in the repository.",11045,915
municipal_2023_mayor,municipal_2023_mayor__11046,None,35 Balmuto St,35 Balmuto St,43.66947229,-79.38748773,Open Toronto Elections Voting Locations,https://open.toronto.ca/dataset/elections-voting-locations/,2026-02-20,official_open_toronto_point,,verified_official_point,Open Government Licence - Toronto,"Processed polling_division_name comes from Toronto voter-statistics voting-place labels for ordinary rows, but no verified address or coordinate field is present in the repository.",11046,384
municipal_2023_mayor,municipal_2023_mayor__11047,None,44 Charles St W,44 Charles St W,43.66871625,-79.38825057,Open Toronto Elections Voting Locations,https://open.toronto.ca/dataset/elections-voting-locations/,2026-02-20,official_open_toronto_point,,verified_official_point,Open Government Licence - Toronto,"Processed polling_division_name comes from Toronto voter-statistics voting-place labels for ordinary rows, but no verified address or coordinate field is present in the repository.",11047,1101
municipal_2023_mayor,municipal_2023_mayor__11049,U Condominiums,1080 Bay St,1080 Bay St,43.66679662,-79.38866833,Open Toronto Elections Voting Locations,https://open.toronto.ca/dataset/elections-voting-locations/,2026-02-20,official_open_toronto_point,,verified_official_point,Open Government Licence - Toronto,"Processed polling_division_name comes from Toronto voter-statistics voting-place labels for ordinary rows, but no verified address or coordinate field is present in the repository.",11049,1114
municipal_2023_mayor,municipal_2023_mayor__11051,None,100 St Joseph St,100 St Joseph St,43.66508540,-79.39105822,Open Toronto Elections Voting Locations,https://open.toronto.ca/dataset/elections-voting-locations/,2026-02-20,official_open_toronto_point,,verified_official_point,Open Government Licence - Toronto,"Processed polling_division_name comes from Toronto voter-statistics voting-place labels for ordinary rows, but no verified address or coordinate field is present in the repository.",11051,2943
municipal_2023_mayor,municipal_2023_mayor__11052,None,150 Charles St W,150 Charles St W,43.66753631,-79.39326107,Open Toronto Elections Voting Locations,https://open.toronto.ca/dataset/elections-voting-locations/,2026-02-20,official_open_toronto_point,,verified_official_point,Open Government Licence - Toronto,"Processed polling_division_name comes from Toronto voter-statistics voting-place labels for ordinary rows, but no verified address or coordinate field is present in the repository.",11052,2484
municipal_2023_mayor,municipal_2023_mayor__11053,Hart House,7 Hart House Crcl,7 Hart House Crcl,43.66371199,-79.39456378,Open Toronto Elections Voting Locations,https://open.toronto.ca/dataset/elections-voting-locations/,2026-02-20,official_open_toronto_point,,verified_official_point,Open Government Licence - Toronto,"Processed polling_division_name comes from Toronto voter-statistics voting-place labels for ordinary rows, but no verified address or coordinate field is present in the repository.",11053,2749
municipal_2023_mayor,municipal_2023_mayor__11055,None,36 Harbord St,36 Harbord St,43.66355651,-79.40053255,Open Toronto Elections Voting Locations,https://open.toronto.ca/dataset/elections-voting-locations/,2026-02-20,official_open_toronto_point,,verified_official_point,Open Government Licence - Toronto,"Processed polling_division_name comes from Toronto voter-statistics voting-place labels for ordinary rows, but no verified address or coordinate field is present in the repository.",11055,2310
municipal_2023_mayor,municipal_2023_mayor__11057,St. Vladimir Institute,620 Spadina Ave,620 Spadina Ave,43.66194077,-79.40223797,Open Toronto Elections Voting Locations,https://open.toronto.ca/dataset/elections-voting-locations/,2026-02-20,official_open_toronto_point,,verified_official_point,Open Government Licence - Toronto,"Processed polling_division_name comes from Toronto voter-statistics voting-place labels for ordinary rows, but no verified address or coordinate field is present in the repository.",11057,1832
municipal_2023_mayor,municipal_2023_mayor__11058,Tranzac Club,292 Brunswick Ave,292 Brunswick Ave,43.66522584,-79.40755353,Open Toronto Elections Voting Locations,https://open.toronto.ca/dataset/elections-voting-locations/,2026-02-20,official_open_toronto_point,,verified_official_point,Open Government Licence - Toronto,"Processed polling_division_name comes from Toronto voter-statistics voting-place labels for ordinary rows, but no verified address or coordinate field is present in the repository.",11058,1534
municipal_2023_mayor,municipal_2023_mayor__11059,Harbord Collegiate Institute,286 Harbord St,286 Harbord St,43.66128952,-79.41426662,Open Toronto Elections Voting Locations,https://open.toronto.ca/dataset/elections-voting-locations/,2026-02-20,official_open_toronto_point,,verified_official_point,Open Government Licence - Toronto,"Processed polling_division_name comes from Toronto voter-statistics voting-place labels for ordinary rows, but no verified address or coordinate field is present in the repository.",11059,2392
municipal_2023_mayor,municipal_2023_mayor__11060,Montrose Public School,301 Montrose Ave,301 Montrose Ave,43.65868159,-79.41884372,Open Toronto Elections Voting Locations,https://open.toronto.ca/dataset/elections-voting-locations/,2026-02-20,official_open_toronto_point,,verified_official_point,Open Government Licence - Toronto,"Processed polling_division_name comes from Toronto voter-statistics voting-place labels for ordinary rows, but no verified address or coordinate field is present in the repository.",11060,2527
municipal_2023_mayor,municipal_2023_mayor__11062,St. Luke Catholic School,319 Ossington Ave,319 Ossington Ave,43.65163137,-79.42101618,Open Toronto Elections Voting Locations,https://open.toronto.ca/dataset/elections-voting-locations/,2026-02-20,official_open_toronto_point,,verified_official_point,Open Government Licence - Toronto,"Processed polling_division_name comes from Toronto voter-statistics voting-place labels for ordinary rows, but no verified address or coordinate field is present in the repository.",11062,3052
municipal_2023_mayor,municipal_2023_mayor__11063,Bellwoods Park House,300 Shaw St,300 Shaw St,43.65046219,-79.41889664,Open Toronto Elections Voting Locations,https://open.toronto.ca/dataset/elections-voting-locations/,2026-02-20,official_open_toronto_point,,verified_official_point,Open Government Licence - Toronto,"Processed polling_division_name comes from Toronto voter-statistics voting-place labels for ordinary rows, but no verified address or coordinate field is present in the repository.",11063,19
municipal_2023_mayor,municipal_2023_mayor__11064,Leonardo Court,72 Clinton St,72 Clinton St,43.65568941,-79.41495625,Open Toronto Elections Voting Locations,https://open.toronto.ca/dataset/elections-voting-locations/,2026-02-20,official_open_toronto_point,,verified_official_point,Open Government Licence - Toronto,"Processed polling_division_name comes from Toronto voter-statistics voting-place labels for ordinary rows, but no verified address or coordinate field is present in the repository.",11064,188
municipal_2023_mayor,municipal_2023_mayor__11065,St. Francis Of Assisi Catholic School,80 Clinton St,80 Clinton St,43.65619987,-79.41462812,Open Toronto Elections Voting Locations,https://open.toronto.ca/dataset/elections-voting-locations/,2026-02-20,official_open_toronto_point,,verified_official_point,Open Government Licence - Toronto,"Processed polling_division_name comes from Toronto voter-statistics voting-place labels for ordinary rows, but no verified address or coordinate field is present in the repository.",11065,1968
municipal_2023_mayor,municipal_2023_mayor__11066,Clinton Street Public School,460 Manning Ave,460 Manning Ave,43.65764607,-79.41405757,Open Toronto Elections Voting Locations,https://open.toronto.ca/dataset/elections-voting-locations/,2026-02-20,official_open_toronto_point,,verified_official_point,Open Government Licence - Toronto,"Processed polling_division_name comes from Toronto voter-statistics voting-place labels for ordinary rows, but no verified address or coordinate field is present in the repository.",11066,1670
municipal_2023_mayor,municipal_2023_mayor__11067,College Street United Church,452 College St,452 College St,43.65666781,-79.40814951,Open Toronto Elections Voting Locations,https://open.toronto.ca/dataset/elections-voting-locations/,2026-02-20,official_open_toronto_point,,verified_official_point,Open Government Licence - Toronto,"Processed polling_division_name comes from Toronto voter-statistics voting-place labels for ordinary rows, but no verified address or coordinate field is present in the repository.",11067,2798
municipal_2023_mayor,municipal_2023_mayor__11069,King Edward Public School,112 Lippincott St,112 Lippincott St,43.65824412,-79.40740893,Open Toronto Elections Voting Locations,https://open.toronto.ca/dataset/elections-voting-locations/,2026-02-20,official_open_toronto_point,,verified_official_point,Open Government Licence - Toronto,"Processed polling_division_name comes from Toronto voter-statistics voting-place labels for ordinary rows, but no verified address or coordinate field is present in the repository.",11069,1481
municipal_2023_mayor,municipal_2023_mayor__11070,Kensington Gardens North,45 Brunswick Ave,45 Brunswick Ave,43.65878388,-79.40430537,Open Toronto Elections Voting Locations,https://open.toronto.ca/dataset/elections-voting-locations/,2026-02-20,official_open_toronto_point,,verified_official_point,Open Government Licence - Toronto,"Processed polling_division_name comes from Toronto voter-statistics voting-place labels for ordinary rows, but no verified address or coordinate field is present in the repository.",11070,
municipal_2023_mayor,municipal_2023_mayor__11071,Kensington Gardens South,25 Brunswick Ave,25 Brunswick Ave,43.65808907,-79.40394273,Open Toronto Elections Voting Locations,https://open.toronto.ca/dataset/elections-voting-locations/,2026-02-20,official_open_toronto_point,,verified_official_point,Open Government Licence - Toronto,"Processed polling_division_name comes from Toronto voter-statistics voting-place labels for ordinary rows, but no verified address or coordinate field is present in the repository.",11071,104
municipal_2023_mayor,municipal_2023_mayor__11072,St Stephens Church,103 Bellevue Ave,103 Bellevue Ave,43.65695889,-79.40398015,Open Toronto Elections Voting Locations,https://open.toronto.ca/dataset/elections-voting-locations/,2026-02-20,official_open_toronto_point,,verified_official_point,Open Government Licence - Toronto,"Processed polling_division_name comes from Toronto voter-statistics voting-place labels for ordinary rows, but no verified address or coordinate field is present in the repository.",11072,2031
municipal_2023_mayor,municipal_2023_mayor__11073,Kensington Manor,34 Oxford St,34 Oxford St,43.65689692,-79.40179055,Open Toronto Elections Voting Locations,https://open.toronto.ca/dataset/elections-voting-locations/,2026-02-20,official_open_toronto_point,,verified_official_point,Open Government Licence - Toronto,"Processed polling_division_name comes from Toronto voter-statistics voting-place labels for ordinary rows, but no verified address or coordinate field is present in the repository.",11073,1322
municipal_2023_mayor,municipal_2023_mayor__11074,Scott Mission,502 Spadina Ave,502 Spadina Ave,43.65868559,-79.40080745,Open Toronto Elections Voting Locations,https://open.toronto.ca/dataset/elections-voting-locations/,2026-02-20,official_open_toronto_point,,verified_official_point,Open Government Licence - Toronto,"Processed polling_division_name comes from Toronto voter-statistics voting-place labels for ordinary rows, but no verified address or coordinate field is present in the repository.",11074,9
municipal_2023_mayor,municipal_2023_mayor__11076,Cecil St Community Centre,58 Cecil St,58 Cecil St,43.65645906,-79.39859120,Open Toronto Elections Voting Locations,https://open.toronto.ca/dataset/elections-voting-locations/,2026-02-20,official_open_toronto_point,,verified_official_point,Open Government Licence - Toronto,"Processed polling_division_name comes from Toronto voter-statistics voting-place labels for ordinary rows, but no verified address or coordinate field is present in the repository.",11076,2850
municipal_2023_mayor,municipal_2023_mayor__11077,Mon Sheong Home for The Aged,36 D'Arcy St,36 D'Arcy St,43.65524954,-79.39335631,Open Toronto Elections Voting Locations,https://open.toronto.ca/dataset/elections-voting-locations/,2026-02-20,official_open_toronto_point,,verified_official_point,Open Government Licence - Toronto,"Processed polling_division_name comes from Toronto voter-statistics voting-place labels for ordinary rows, but no verified address or coordinate field is present in the repository.",11077,88
municipal_2023_mayor,municipal_2023_mayor__11079,None,280 Simcoe St,280 Simcoe St,43.65538404,-79.38982072,Open Toronto Elections Voting Locations,https://open.toronto.ca/dataset/elections-voting-locations/,2026-02-20,official_open_toronto_point,,verified_official_point,Open Government Licence - Toronto,"Processed polling_division_name comes from Toronto voter-statistics voting-place labels for ordinary rows, but no verified address or coordinate field is present in the repository.",11079,617
municipal_2023_mayor,municipal_2023_mayor__11080,Chelsea Hotel,33 Gerrard St W,33 Gerrard St W,43.65843533,-79.38302828,Open Toronto Elections Voting Locations,https://open.toronto.ca/dataset/elections-voting-locations/,2026-02-20,official_open_toronto_point,,verified_official_point,Open Government Licence - Toronto,"Processed polling_division_name comes from Toronto voter-statistics voting-place labels for ordinary rows, but no verified address or coordinate field is present in the repository.",11080,2853
municipal_2023_mayor,municipal_2023_mayor__11081,None,633 Bay St,633 Bay St,43.65685002,-79.38366098,Open Toronto Elections Voting Locations,https://open.toronto.ca/dataset/elections-voting-locations/,2026-02-20,official_open_toronto_point,,verified_official_point,Open Government Licence - Toronto,"Processed polling_division_name comes from Toronto voter-statistics voting-place labels for ordinary rows, but no verified address or coordinate field is present in the repository.",11081,777
municipal_2023_mayor,municipal_2023_mayor__11082,None,388 Yonge St,388 Yonge St,43.65958894,-79.38268296,Open Toronto Elections Voting Locations,https://open.toronto.ca/dataset/elections-voting-locations/,2026-02-20,official_open_toronto_point,,verified_official_point,Open Government Licence - Toronto,"Processed polling_division_name comes from Toronto voter-statistics voting-place labels for ordinary rows, but no verified address or coordinate field is present in the repository.",11082,1221
municipal_2023_mayor,municipal_2023_mayor__11083,None,717 Bay St,717 Bay St,43.65906664,-79.38481101,Open Toronto Elections Voting Locations,https://open.toronto.ca/dataset/elections-voting-locations/,2026-02-20,official_open_toronto_point,,verified_official_point,Open Government Licence - Toronto,"Processed polling_division_name comes from Toronto voter-statistics voting-place labels for ordinary rows, but no verified address or coordinate field is present in the repository.",11083,932
municipal_2023_mayor,municipal_2023_mayor__11084,None,761 Bay St,761 Bay St,43.65949319,-79.38478169,Open Toronto Elections Voting Locations,https://open.toronto.ca/dataset/elections-voting-locations/,2026-02-20,official_open_toronto_point,,verified_official_point,Open Government Licence - Toronto,"Processed polling_division_name comes from Toronto voter-statistics voting-place labels for ordinary rows, but no verified address or coordinate field is present in the repository.",11084,1774
municipal_2023_mayor,municipal_2023_mayor__12001,St Hildas Anglican Church,2353 Dufferin St,2353 Dufferin St,43.69518766,-79.44961064,Open Toronto Elections Voting Locations,https://open.toronto.ca/dataset/elections-voting-locations/,2026-02-20,official_open_toronto_point,,verified_official_point,Open Government Licence - Toronto,"Processed polling_division_name comes from Toronto voter-statistics voting-place labels for ordinary rows, but no verified address or coordinate field is present in the repository.",12001,304
municipal_2023_mayor,municipal_2023_mayor__12002,None,1775 Eglinton Ave W,1775 Eglinton Ave W,43.69580464,-79.44877628,Open Toronto Elections Voting Locations,https://open.toronto.ca/dataset/elections-voting-locations/,2026-02-20,official_open_toronto_point,,verified_official_point,Open Government Licence - Toronto,"Processed polling_division_name comes from Toronto voter-statistics voting-place labels for ordinary rows, but no verified address or coordinate field is present in the repository.",12002,643
municipal_2023_mayor,municipal_2023_mayor__12003,St. Thomas Aquinas Catholic School,636 Glenholme Ave,636 Glenholme Ave,43.69588971,-79.44574378,Open Toronto Elections Voting Locations,https://open.toronto.ca/dataset/elections-voting-locations/,2026-02-20,official_open_toronto_point,,verified_official_point,Open Government Licence - Toronto,"Processed polling_division_name comes from Toronto voter-statistics voting-place labels for ordinary rows, but no verified address or coordinate field is present in the repository.",12003,2770
municipal_2023_mayor,municipal_2023_mayor__12004,Fairbank Memorial Park,2213 Dufferin St,2213 Dufferin St,43.69128157,-79.44799666,Open Toronto Elections Voting Locations,https://open.toronto.ca/dataset/elections-voting-locations/,2026-02-20,official_open_toronto_point,,verified_official_point,Open Government Licence - Toronto,"Processed polling_division_name comes from Toronto voter-statistics voting-place labels for ordinary rows, but no verified address or coordinate field is present in the repository.",12004,2406
municipal_2023_mayor,municipal_2023_mayor__12005,D'Arcy McGee Catholic School,20 Bansley Ave,20 Bansley Ave,43.69225563,-79.44291158,Open Toronto Elections Voting Locations,https://open.toronto.ca/dataset/elections-voting-locations/,2026-02-20,official_open_toronto_point,,verified_official_point,Open Government Licence - Toronto,"Processed polling_division_name comes from Toronto voter-statistics voting-place labels for ordinary rows, but no verified address or coordinate field is present in the repository.",12005,4056
municipal_2023_mayor,municipal_2023_mayor__12006,Briton House Retirement Ctr,700 Mount Pleasant Rd,700 Mount Pleasant Rd,43.70624738,-79.38971377,Open Toronto Elections Voting Locations,https://open.toronto.ca/dataset/elections-voting-locations/,2026-02-20,official_open_toronto_point,,verified_official_point,Open Government Licence - Toronto,"Processed polling_division_name comes from Toronto voter-statistics voting-place labels for ordinary rows, but no verified address or coordinate field is present in the repository.",12006,98
municipal_2023_mayor,municipal_2023_mayor__12007,Central Park Lodge,1035 Eglinton Ave W,1035 Eglinton Ave W,43.69928733,-79.43227081,Open Toronto Elections Voting Locations,https://open.toronto.ca/dataset/elections-voting-locations/,2026-02-20,official_open_toronto_point,,verified_official_point,Open Government Licence - Toronto,"Processed polling_division_name comes from Toronto voter-statistics voting-place labels for ordinary rows, but no verified address or coordinate field is present in the repository.",12007,40
municipal_2023_mayor,municipal_2023_mayor__12008,Cedarvale Community School,145 Ava Rd,145 Ava Rd,43.69602549,-79.43028373,Open Toronto Elections Voting Locations,https://open.toronto.ca/dataset/elections-voting-locations/,2026-02-20,official_open_toronto_point,,verified_official_point,Open Government Licence - Toronto,"Processed polling_division_name comes from Toronto voter-statistics voting-place labels for ordinary rows, but no verified address or coordinate field is present in the repository.",12008,2059
municipal_2023_mayor,municipal_2023_mayor__12009,Glen Gardens Apartments,989 Eglinton Ave W,989 Eglinton Ave W,43.69971567,-79.43031115,Open Toronto Elections Voting Locations,https://open.toronto.ca/dataset/elections-voting-locations/,2026-02-20,official_open_toronto_point,,verified_official_point,Open Government Licence - Toronto,"Processed polling_division_name comes from Toronto voter-statistics voting-place labels for ordinary rows, but no verified address or coordinate field is present in the repository.",12009,1161
municipal_2023_mayor,municipal_2023_mayor__12010,Beth Tzedec Synagogue,1700 Bathurst St,1700 Bathurst St,43.69542657,-79.42440028,Open Toronto Elections Voting Locations,https://open.toronto.ca/dataset/elections-voting-locations/,2026-02-20,official_open_toronto_point,,verified_official_point,Open Government Licence - Toronto,"Processed polling_division_name comes from Toronto voter-statistics voting-place labels for ordinary rows, but no verified address or coordinate field is present in the repository.",12010,2001
municipal_2023_mayor,municipal_2023_mayor__12011,Forest Hill Public Library - Building Grounds,700 Eglinton Ave W,700 Eglinton Ave W,43.70223019,-79.42080223,Open Toronto Elections Voting Locations,https://open.toronto.ca/dataset/elections-voting-locations/,2026-02-20,official_open_toronto_point,,verified_official_point,Open Government Licence - Toronto,"Processed polling_division_name comes from Toronto voter-statistics voting-place labels for ordinary rows, but no verified address or coordinate field is present in the repository.",12011,1979
municipal_2023_mayor,municipal_2023_mayor__12012,Oriole Park Junior Public School,80 Braemar Ave,80 Braemar Ave,43.70257155,-79.40969328,Open Toronto Elections Voting Locations,https://open.toronto.ca/dataset/elections-voting-locations/,2026-02-20,official_open_toronto_point,,verified_official_point,Open Government Licence - Toronto,"Processed polling_division_name comes from Toronto voter-statistics voting-place labels for ordinary rows, but no verified address or coordinate field is present in the repository.",12012,3291
municipal_2023_mayor,municipal_2023_mayor__12013,Eglinton Park,200 Eglinton Ave W,200 Eglinton Ave W,43.70610583,-79.40462302,Open Toronto Elections Voting Locations,https://open.toronto.ca/dataset/elections-voting-locations/,2026-02-20,official_open_toronto_point,,verified_official_point,Open Government Licence - Toronto,"Processed polling_division_name comes from Toronto voter-statistics voting-place labels for ordinary rows, but no verified address or coordinate field is present in the repository.",12013,2804
municipal_2023_mayor,municipal_2023_mayor__12014,None,2181 Yonge St,2181 Yonge St,43.70529908,-79.39739668,Open Toronto Elections Voting Locations,https://open.toronto.ca/dataset/elections-voting-locations/,2026-02-20,official_open_toronto_point,,verified_official_point,Open Government Licence - Toronto,"Processed polling_division_name comes from Toronto voter-statistics voting-place labels for ordinary rows, but no verified address or coordinate field is present in the repository.",12014,492
municipal_2023_mayor,municipal_2023_mayor__12015,None,2191 Yonge St,2191 Yonge St,43.70566585,-79.39739016,Open Toronto Elections Voting Locations,https://open.toronto.ca/dataset/elections-voting-locations/,2026-02-20,official_open_toronto_point,,verified_official_point,Open Government Licence - Toronto,"Processed polling_division_name comes from Toronto voter-statistics voting-place labels for ordinary rows, but no verified address or coordinate field is present in the repository.",12015,848
municipal_2023_mayor,municipal_2023_mayor__12016,None,77 Dunfield Ave,77 Dunfield Ave,43.70677197,-79.39494159,Open Toronto Elections Voting Locations,https://open.toronto.ca/dataset/elections-voting-locations/,2026-02-20,official_open_toronto_point,,verified_official_point,Open Government Licence - Toronto,"Processed polling_division_name comes from Toronto voter-statistics voting-place labels for ordinary rows, but no verified address or coordinate field is present in the repository.",12016,131
municipal_2023_mayor,municipal_2023_mayor__12017,The Madison,89 Dunfield Ave,89 Dunfield Ave,43.70694576,-79.39501280,Open Toronto Elections Voting Locations,https://open.toronto.ca/dataset/elections-voting-locations/,2026-02-20,official_open_toronto_point,,verified_official_point,Open Government Licence - Toronto,"Processed polling_division_name comes from Toronto voter-statistics voting-place labels for ordinary rows, but no verified address or coordinate field is present in the repository.",12017,1042
municipal_2023_mayor,municipal_2023_mayor__12018,Montgomery Place,130 Eglinton Ave E,130 Eglinton Ave E,43.70802391,-79.39457516,Open Toronto Elections Voting Locations,https://open.toronto.ca/dataset/elections-voting-locations/,2026-02-20,official_open_toronto_point,,verified_official_point,Open Government Licence - Toronto,"Processed polling_division_name comes from Toronto voter-statistics voting-place labels for ordinary rows, but no verified address or coordinate field is present in the repository.",12018,1353
municipal_2023_mayor,municipal_2023_mayor__12019,None,17 Broadway Ave,17 Broadway Ave,43.70980673,-79.39660008,Open Toronto Elections Voting Locations,https://open.toronto.ca/dataset/elections-voting-locations/,2026-02-20,official_open_toronto_point,,verified_official_point,Open Government Licence - Toronto,"Processed polling_division_name comes from Toronto voter-statistics voting-place labels for ordinary rows, but no verified address or coordinate field is present in the repository.",12019,3371
municipal_2023_mayor,municipal_2023_mayor__12020,None,8 Eglinton Ave E,8 Eglinton Ave E,43.70714096,-79.39770335,Open Toronto Elections Voting Locations,https://open.toronto.ca/dataset/elections-voting-locations/,2026-02-20,official_open_toronto_point,,verified_official_point,Open Government Licence - Toronto,"Processed polling_division_name comes from Toronto voter-statistics voting-place labels for ordinary rows, but no verified address or coordinate field is present in the repository.",12020,694
municipal_2023_mayor,municipal_2023_mayor__12021,None,5 Soudan Ave,5 Soudan Ave,43.70430779,-79.39706303,Open Toronto Elections Voting Locations,https://open.toronto.ca/dataset/elections-voting-locations/,2026-02-20,official_open_toronto_point,,verified_official_point,Open Government Licence - Toronto,"Processed polling_division_name comes from Toronto voter-statistics voting-place labels for ordinary rows, but no verified address or coordinate field is present in the repository.",12021,693
municipal_2023_mayor,municipal_2023_mayor__12022,Eglinton Junior Public School,223 Eglinton Ave E,223 Eglinton Ave E,43.70790375,-79.39084683,Open Toronto Elections Voting Locations,https://open.toronto.ca/dataset/elections-voting-locations/,2026-02-20,official_open_toronto_point,,verified_official_point,Open Government Licence - Toronto,"Processed polling_division_name comes from Toronto voter-statistics voting-place labels for ordinary rows, but no verified address or coordinate field is present in the repository.",12022,4302
municipal_2023_mayor,municipal_2023_mayor__12023,Briton House,720 Mount Pleasant Rd,720 Mount Pleasant Rd,43.70652837,-79.38981207,Open Toronto Elections Voting Locations,https://open.toronto.ca/dataset/elections-voting-locations/,2026-02-20,official_open_toronto_point,,verified_official_point,Open Government Licence - Toronto,"Processed polling_division_name comes from Toronto voter-statistics voting-place labels for ordinary rows, but no verified address or coordinate field is present in the repository.",12023,57
municipal_2023_mayor,municipal_2023_mayor__12024,Church Of The Transfiguration,111 Manor Rd E,111 Manor Rd E,43.70327671,-79.39125410,Open Toronto Elections Voting Locations,https://open.toronto.ca/dataset/elections-voting-locations/,2026-02-20,official_open_toronto_point,,verified_official_point,Open Government Licence - Toronto,"Processed polling_division_name comes from Toronto voter-statistics voting-place labels for ordinary rows, but no verified address or coordinate field is present in the repository.",12024,2414
municipal_2023_mayor,municipal_2023_mayor__12025,Isabel and Arthur Meighen Manor,155 Millwood Rd,155 Millwood Rd,43.69998383,-79.39253615,Open Toronto Elections Voting Locations,https://open.toronto.ca/dataset/elections-voting-locations/,2026-02-20,official_open_toronto_point,,verified_official_point,Open Government Licence - Toronto,"Processed polling_division_name comes from Toronto voter-statistics voting-place labels for ordinary rows, but no verified address or coordinate field is present in the repository.",12025,11
municipal_2023_mayor,municipal_2023_mayor__12026,Davisville PS/Spectrum Alternative,50 Davisville Ave,50 Davisville Ave,43.69896144,-79.39478488,Open Toronto Elections Voting Locations,https://open.toronto.ca/dataset/elections-voting-locations/,2026-02-20,official_open_toronto_point,,verified_official_point,Open Government Licence - Toronto,"Processed polling_division_name comes from Toronto voter-statistics voting-place labels for ordinary rows, but no verified address or coordinate field is present in the repository.",12026,4095
municipal_2023_mayor,municipal_2023_mayor__12027,150 Redpath Condos,161 Roehampton Ave,161 Roehampton Ave,43.70872738,-79.39377856,Open Toronto Elections Voting Locations,https://open.toronto.ca/dataset/elections-voting-locations/,2026-02-20,official_open_toronto_point,,verified_official_point,Open Government Licence - Toronto,"Processed polling_division_name comes from Toronto voter-statistics voting-place labels for ordinary rows, but no verified address or coordinate field is present in the repository.",12027,681
municipal_2023_mayor,municipal_2023_mayor__12028,155 Redpath Condos,185 Roehampton Ave,185 Roehampton Ave,43.70895632,-79.39298168,Open Toronto Elections Voting Locations,https://open.toronto.ca/dataset/elections-voting-locations/,2026-02-20,official_open_toronto_point,,verified_official_point,Open Government Licence - Toronto,"Processed polling_division_name comes from Toronto voter-statistics voting-place labels for ordinary rows, but no verified address or coordinate field is present in the repository.",12028,559
municipal_2023_mayor,municipal_2023_mayor__12029,None,125 Redpath Ave,125 Redpath Ave,43.70752250,-79.39240201,Open Toronto Elections Voting Locations,https://open.toronto.ca/dataset/elections-voting-locations/,2026-02-20,official_open_toronto_point,,verified_official_point,Open Government Licence - Toronto,"Processed polling_division_name comes from Toronto voter-statistics voting-place labels for ordinary rows, but no verified address or coordinate field is present in the repository.",12029,490
municipal_2023_mayor,municipal_2023_mayor__12030,None,33 Dunfield Ave,33 Dunfield Ave,43.70569442,-79.39458802,Open Toronto Elections Voting Locations,https://open.toronto.ca/dataset/elections-voting-locations/,2026-02-20,official_open_toronto_point,,verified_official_point,Open Government Licence - Toronto,"Processed polling_division_name comes from Toronto voter-statistics voting-place labels for ordinary rows, but no verified address or coordinate field is present in the repository.",12030,727
municipal_2023_mayor,municipal_2023_mayor__12031,None,225 Davisville Ave,225 Davisville Ave,43.69956245,-79.38821753,Open Toronto Elections Voting Locations,https://open.toronto.ca/dataset/elections-voting-locations/,2026-02-20,official_open_toronto_point,,verified_official_point,Open Government Licence - Toronto,"Processed polling_division_name comes from Toronto voter-statistics voting-place labels for ordinary rows, but no verified address or coordinate field is present in the repository.",12031,590
municipal_2023_mayor,municipal_2023_mayor__12032,Isabel and Arthur Meighen Manor,84 Davisville Ave,84 Davisville Ave,43.69951811,-79.39319605,Open Toronto Elections Voting Locations,https://open.toronto.ca/dataset/elections-voting-locations/,2026-02-20,official_open_toronto_point,,verified_official_point,Open Government Licence - Toronto,"Processed polling_division_name comes from Toronto voter-statistics voting-place labels for ordinary rows, but no verified address or coordinate field is present in the repository.",12032,66
municipal_2023_mayor,municipal_2023_mayor__12033,None,305 Balliol St,305 Balliol St,43.69896064,-79.38694770,Open Toronto Elections Voting Locations,https://open.toronto.ca/dataset/elections-voting-locations/,2026-02-20,official_open_toronto_point,,verified_official_point,Open Government Licence - Toronto,"Processed polling_division_name comes from Toronto voter-statistics voting-place labels for ordinary rows, but no verified address or coordinate field is present in the repository.",12033,55
municipal_2023_mayor,municipal_2023_mayor__12034,George Barker Manor,384 Mount Pleasant Rd,384 Mount Pleasant Rd,43.69834959,-79.38695159,Open Toronto Elections Voting Locations,https://open.toronto.ca/dataset/elections-voting-locations/,2026-02-20,official_open_toronto_point,,verified_official_point,Open Government Licence - Toronto,"Processed polling_division_name comes from Toronto voter-statistics voting-place labels for ordinary rows, but no verified address or coordinate field is present in the repository.",12034,2016
municipal_2023_mayor,municipal_2023_mayor__12035,Janet Mcgee Manor,71 Merton St,71 Merton St,43.69632087,-79.39412360,Open Toronto Elections Voting Locations,https://open.toronto.ca/dataset/elections-voting-locations/,2026-02-20,official_open_toronto_point,,verified_official_point,Open Government Licence - Toronto,"Processed polling_division_name comes from Toronto voter-statistics voting-place labels for ordinary rows, but no verified address or coordinate field is present in the repository.",12035,2066
municipal_2023_mayor,municipal_2023_mayor__12036,Deer Park Junior & Senior Public School,23 Ferndale Ave,23 Ferndale Ave,43.68965195,-79.39155638,Open Toronto Elections Voting Locations,https://open.toronto.ca/dataset/elections-voting-locations/,2026-02-20,official_open_toronto_point,,verified_official_point,Open Government Licence - Toronto,"Processed polling_division_name comes from Toronto voter-statistics voting-place labels for ordinary rows, but no verified address or coordinate field is present in the repository.",12036,3951
municipal_2023_mayor,municipal_2023_mayor__12039,Calvin Presbyterian Church,26 Delisle Ave,26 Delisle Ave,43.68928723,-79.39596581,Open Toronto Elections Voting Locations,https://open.toronto.ca/dataset/elections-voting-locations/,2026-02-20,official_open_toronto_point,,verified_official_point,Open Government Licence - Toronto,"Processed polling_division_name comes from Toronto voter-statistics voting-place labels for ordinary rows, but no verified address or coordinate field is present in the repository.",12039,3337
municipal_2023_mayor,municipal_2023_mayor__12040,Christ Church Deer Park,1570 Yonge St,1570 Yonge St,43.69027125,-79.39581011,Open Toronto Elections Voting Locations,https://open.toronto.ca/dataset/elections-voting-locations/,2026-02-20,official_open_toronto_point,,verified_official_point,Open Government Licence - Toronto,"Processed polling_division_name comes from Toronto voter-statistics voting-place labels for ordinary rows, but no verified address or coordinate field is present in the repository.",12040,3927
municipal_2023_mayor,municipal_2023_mayor__12042,Timothy Eaton Memorial Church,230 St Clair Ave W,230 St Clair Ave W,43.68631638,-79.40571758,Open Toronto Elections Voting Locations,https://open.toronto.ca/dataset/elections-voting-locations/,2026-02-20,official_open_toronto_point,,verified_official_point,Open Government Licence - Toronto,"Processed polling_division_name comes from Toronto voter-statistics voting-place labels for ordinary rows, but no verified address or coordinate field is present in the repository.",12042,3120
municipal_2023_mayor,municipal_2023_mayor__12043,Grace Church On-The-Hill,300 Lonsdale Rd,300 Lonsdale Rd,43.68950695,-79.40972908,Open Toronto Elections Voting Locations,https://open.toronto.ca/dataset/elections-voting-locations/,2026-02-20,official_open_toronto_point,,verified_official_point,Open Government Licence - Toronto,"Processed polling_division_name comes from Toronto voter-statistics voting-place labels for ordinary rows, but no verified address or coordinate field is present in the repository.",12043,2747
municipal_2023_mayor,municipal_2023_mayor__12045,Lincoln Place Nursing Home,429 Walmer Rd,429 Walmer Rd,43.68544639,-79.41237415,Open Toronto Elections Voting Locations,https://open.toronto.ca/dataset/elections-voting-locations/,2026-02-20,official_open_toronto_point,,verified_official_point,Open Government Licence - Toronto,"Processed polling_division_name comes from Toronto voter-statistics voting-place labels for ordinary rows, but no verified address or coordinate field is present in the repository.",12045,133
municipal_2023_mayor,municipal_2023_mayor__12046,None,400 Walmer Rd,400 Walmer Rd,43.68528255,-79.41317740,Open Toronto Elections Voting Locations,https://open.toronto.ca/dataset/elections-voting-locations/,2026-02-20,official_open_toronto_point,,verified_official_point,Open Government Licence - Toronto,"Processed polling_division_name comes from Toronto voter-statistics voting-place labels for ordinary rows, but no verified address or coordinate field is present in the repository.",12046,866
municipal_2023_mayor,municipal_2023_mayor__12047,Holy Rosary Church,354 St Clair Ave W,354 St Clair Ave W,43.68430541,-79.41388946,Open Toronto Elections Voting Locations,https://open.toronto.ca/dataset/elections-voting-locations/,2026-02-20,official_open_toronto_point,,verified_official_point,Open Government Licence - Toronto,"Processed polling_division_name comes from Toronto voter-statistics voting-place labels for ordinary rows, but no verified address or coordinate field is present in the repository.",12047,4192
municipal_2023_mayor,municipal_2023_mayor__12049,Tichester Gardens,31 Tichester Rd,31 Tichester Rd,43.68529312,-79.41885486,Open Toronto Elections Voting Locations,https://open.toronto.ca/dataset/elections-voting-locations/,2026-02-20,official_open_toronto_point,,verified_official_point,Open Government Licence - Toronto,"Processed polling_division_name comes from Toronto voter-statistics voting-place labels for ordinary rows, but no verified address or coordinate field is present in the repository.",12049,2704
municipal_2023_mayor,municipal_2023_mayor__12050,Louise Towers,130 Vaughan Rd,130 Vaughan Rd,43.68476272,-79.42199809,Open Toronto Elections Voting Locations,https://open.toronto.ca/dataset/elections-voting-locations/,2026-02-20,official_open_toronto_point,,verified_official_point,Open Government Licence - Toronto,"Processed polling_division_name comes from Toronto voter-statistics voting-place labels for ordinary rows, but no verified address or coordinate field is present in the repository.",12050,2355
municipal_2023_mayor,municipal_2023_mayor__12051,None,17 Maplewood Ave,17 Maplewood Ave,43.68582747,-79.42164976,Open Toronto Elections Voting Locations,https://open.toronto.ca/dataset/elections-voting-locations/,2026-02-20,official_open_toronto_point,,verified_official_point,Open Government Licence - Toronto,"Processed polling_division_name comes from Toronto voter-statistics voting-place labels for ordinary rows, but no verified address or coordinate field is present in the repository.",12051,6
municipal_2023_mayor,municipal_2023_mayor__12052,Humewood Community School,15 Cherrywood Ave,15 Cherrywood Ave,43.68663509,-79.42802045,Open Toronto Elections Voting Locations,https://open.toronto.ca/dataset/elections-voting-locations/,2026-02-20,official_open_toronto_point,,verified_official_point,Open Government Licence - Toronto,"Processed polling_division_name comes from Toronto voter-statistics voting-place labels for ordinary rows, but no verified address or coordinate field is present in the repository.",12052,3217
municipal_2023_mayor,municipal_2023_mayor__12054,St. Alphonsus Catholic Secondary School - Building Grounds,60 Atlas Ave,60 Atlas Ave,43.68291369,-79.43220644,Open Toronto Elections Voting Locations,https://open.toronto.ca/dataset/elections-voting-locations/,2026-02-20,official_open_toronto_point,,verified_official_point,Open Government Licence - Toronto,"Processed polling_division_name comes from Toronto voter-statistics voting-place labels for ordinary rows, but no verified address or coordinate field is present in the repository.",12054,2512
municipal_2023_mayor,municipal_2023_mayor__12055,Hellenic Home for The Aged,33 Winona Dr,33 Winona Dr,43.67640885,-79.43061293,Open Toronto Elections Voting Locations,https://open.toronto.ca/dataset/elections-voting-locations/,2026-02-20,official_open_toronto_point,,verified_official_point,Open Government Licence - Toronto,"Processed polling_division_name comes from Toronto voter-statistics voting-place labels for ordinary rows, but no verified address or coordinate field is present in the repository.",12055,294
municipal_2023_mayor,municipal_2023_mayor__12056,None,747 St Clair Ave W,747 St Clair Ave W,43.68092862,-79.42820903,Open Toronto Elections Voting Locations,https://open.toronto.ca/dataset/elections-voting-locations/,2026-02-20,official_open_toronto_point,,verified_official_point,Open Government Licence - Toronto,"Processed polling_division_name comes from Toronto voter-statistics voting-place labels for ordinary rows, but no verified address or coordinate field is present in the repository.",12056,115
municipal_2023_mayor,municipal_2023_mayor__12057,None,215 Tyrrel Ave,215 Tyrrel Ave,43.67677682,-79.43033531,Open Toronto Elections Voting Locations,https://open.toronto.ca/dataset/elections-voting-locations/,2026-02-20,official_open_toronto_point,,verified_official_point,Open Government Licence - Toronto,"Processed polling_division_name comes from Toronto voter-statistics voting-place labels for ordinary rows, but no verified address or coordinate field is present in the repository.",12057,
municipal_2023_mayor,municipal_2023_mayor__12058,St. Matthew's Bracondale House,707 St Clair Ave W,707 St Clair Ave W,43.68121444,-79.42661156,Open Toronto Elections Voting Locations,https://open.toronto.ca/dataset/elections-voting-locations/,2026-02-20,official_open_toronto_point,,verified_official_point,Open Government Licence - Toronto,"Processed polling_division_name comes from Toronto voter-statistics voting-place labels for ordinary rows, but no verified address or coordinate field is present in the repository.",12058,135
municipal_2023_mayor,municipal_2023_mayor__12059,None,601 Christie St,601 Christie St,43.67995884,-79.42409491,Open Toronto Elections Voting Locations,https://open.toronto.ca/dataset/elections-voting-locations/,2026-02-20,official_open_toronto_point,,verified_official_point,Open Government Licence - Toronto,"Processed polling_division_name comes from Toronto voter-statistics voting-place labels for ordinary rows, but no verified address or coordinate field is present in the repository.",12059,3776
municipal_2023_mayor,municipal_2023_mayor__12060,St. Michael and All Angels Church,611 St Clair Ave W,611 St Clair Ave W,43.68194025,-79.42292364,Open Toronto Elections Voting Locations,https://open.toronto.ca/dataset/elections-voting-locations/,2026-02-20,official_open_toronto_point,,verified_official_point,Open Government Licence - Toronto,"Processed polling_division_name comes from Toronto voter-statistics voting-place labels for ordinary rows, but no verified address or coordinate field is present in the repository.",12060,2270
municipal_2023_mayor,municipal_2023_mayor__12061,None,26 Vaughan Rd,26 Vaughan Rd,43.68182553,-79.41886920,Open Toronto Elections Voting Locations,https://open.toronto.ca/dataset/elections-voting-locations/,2026-02-20,official_open_toronto_point,,verified_official_point,Open Government Licence - Toronto,"Processed polling_division_name comes from Toronto voter-statistics voting-place labels for ordinary rows, but no verified address or coordinate field is present in the repository.",12061,29
municipal_2023_mayor,municipal_2023_mayor__12062,Hillcrest Community Centre - Building Grounds,1339 Bathurst St,1339 Bathurst St,43.67919736,-79.41649547,Open Toronto Elections Voting Locations,https://open.toronto.ca/dataset/elections-voting-locations/,2026-02-20,official_open_toronto_point,,verified_official_point,Open Government Licence - Toronto,"Processed polling_division_name comes from Toronto voter-statistics voting-place labels for ordinary rows, but no verified address or coordinate field is present in the repository.",12062,2194
municipal_2023_mayor,municipal_2023_mayor__12065,Bradgate Arms Retirement Residence,54 Foxbar Rd,54 Foxbar Rd,43.68574790,-79.40059160,Open Toronto Elections Voting Locations,https://open.toronto.ca/dataset/elections-voting-locations/,2026-02-20,official_open_toronto_point,,verified_official_point,Open Government Licence - Toronto,"Processed polling_division_name comes from Toronto voter-statistics voting-place labels for ordinary rows, but no verified address or coordinate field is present in the repository.",12065,66
municipal_2023_mayor,municipal_2023_mayor__12066,Christie Gardens,602 Melita Cres,602 Melita Cres,43.67315032,-79.42299438,Open Toronto Elections Voting Locations,https://open.toronto.ca/dataset/elections-voting-locations/,2026-02-20,official_open_toronto_point,,verified_official_point,Open Government Licence - Toronto,"Processed polling_division_name comes from Toronto voter-statistics voting-place labels for ordinary rows, but no verified address or coordinate field is present in the repository.",12066,253
municipal_2023_mayor,municipal_2023_mayor__12067,None,61 St Clair Ave W,61 St Clair Ave W,43.68670952,-79.39652785,Open Toronto Elections Voting Locations,https://open.toronto.ca/dataset/elections-voting-locations/,2026-02-20,official_open_toronto_point,,verified_official_point,Open Government Licence - Toronto,"Processed polling_division_name comes from Toronto voter-statistics voting-place labels for ordinary rows, but no verified address or coordinate field is present in the repository.",12067,384
municipal_2023_mayor,municipal_2023_mayor__12068,Cottingham Junior Public School,85 Birch Ave,85 Birch Ave,43.68037944,-79.39560901,Open Toronto Elections Voting Locations,https://open.toronto.ca/dataset/elections-voting-locations/,2026-02-20,official_open_toronto_point,,verified_official_point,Open Government Licence - Toronto,"Processed polling_division_name comes from Toronto voter-statistics voting-place labels for ordinary rows, but no verified address or coordinate field is present in the repository.",12068,3006
municipal_2023_mayor,municipal_2023_mayor__12069,Archives - Toronto - Building Grounds,255 Spadina Rd,255 Spadina Rd,43.67689161,-79.40715290,Open Toronto Elections Voting Locations,https://open.toronto.ca/dataset/elections-voting-locations/,2026-02-20,official_open_toronto_point,,verified_official_point,Open Government Licence - Toronto,"Processed polling_division_name comes from Toronto voter-statistics voting-place labels for ordinary rows, but no verified address or coordinate field is present in the repository.",12069,2882
municipal_2023_mayor,municipal_2023_mayor__12071,Castleview-Wychwood Towers,351 Christie St,351 Christie St,43.67338083,-79.42116975,Open Toronto Elections Voting Locations,https://open.toronto.ca/dataset/elections-voting-locations/,2026-02-20,official_open_toronto_point,,verified_official_point,Open Government Licence - Toronto,"Processed polling_division_name comes from Toronto voter-statistics voting-place labels for ordinary rows, but no verified address or coordinate field is present in the repository.",12071,420
municipal_2023_mayor,municipal_2023_mayor__12073,St. Bruno Catholic School,402 Melita Cres,402 Melita Cres,43.67323995,-79.42706293,Open Toronto Elections Voting Locations,https://open.toronto.ca/dataset/elections-voting-locations/,2026-02-20,official_open_toronto_point,,verified_official_point,Open Government Licence - Toronto,"Processed polling_division_name comes from Toronto voter-statistics voting-place labels for ordinary rows, but no verified address or coordinate field is present in the repository.",12073,2928
municipal_2023_mayor,municipal_2023_mayor__13001,St. Joseph's College,74 Wellesley St W,74 Wellesley St W,43.66443686,-79.38886466,Open Toronto Elections Voting Locations,https://open.toronto.ca/dataset/elections-voting-locations/,2026-02-20,official_open_toronto_point,,verified_official_point,Open Government Licence - Toronto,"Processed polling_division_name comes from Toronto voter-statistics voting-place labels for ordinary rows, but no verified address or coordinate field is present in the repository.",13001,2899
municipal_2023_mayor,municipal_2023_mayor__13002,None,25 St Mary St,25 St Mary St,43.66733035,-79.38715059,Open Toronto Elections Voting Locations,https://open.toronto.ca/dataset/elections-voting-locations/,2026-02-20,official_open_toronto_point,,verified_official_point,Open Government Licence - Toronto,"Processed polling_division_name comes from Toronto voter-statistics voting-place labels for ordinary rows, but no verified address or coordinate field is present in the repository.",13002,404
municipal_2023_mayor,municipal_2023_mayor__13003,None,1055 Bay St,1055 Bay St,43.66680644,-79.38752796,Open Toronto Elections Voting Locations,https://open.toronto.ca/dataset/elections-voting-locations/,2026-02-20,official_open_toronto_point,,verified_official_point,Open Government Licence - Toronto,"Processed polling_division_name comes from Toronto voter-statistics voting-place labels for ordinary rows, but no verified address or coordinate field is present in the repository.",13003,541
municipal_2023_mayor,municipal_2023_mayor__13004,None,44 St Joseph St,44 St Joseph St,43.66595894,-79.38710431,Open Toronto Elections Voting Locations,https://open.toronto.ca/dataset/elections-voting-locations/,2026-02-20,official_open_toronto_point,,verified_official_point,Open Government Licence - Toronto,"Processed polling_division_name comes from Toronto voter-statistics voting-place labels for ordinary rows, but no verified address or coordinate field is present in the repository.",13004,613
municipal_2023_mayor,municipal_2023_mayor__13005,None,1001 Bay St,1001 Bay St,43.66546490,-79.38706827,Open Toronto Elections Voting Locations,https://open.toronto.ca/dataset/elections-voting-locations/,2026-02-20,official_open_toronto_point,,verified_official_point,Open Government Licence - Toronto,"Processed polling_division_name comes from Toronto voter-statistics voting-place labels for ordinary rows, but no verified address or coordinate field is present in the repository.",13005,937
municipal_2023_mayor,municipal_2023_mayor__13006,None,24 Wellesley St W,24 Wellesley St W,43.66483830,-79.38610635,Open Toronto Elections Voting Locations,https://open.toronto.ca/dataset/elections-voting-locations/,2026-02-20,official_open_toronto_point,,verified_official_point,Open Government Licence - Toronto,"Processed polling_division_name comes from Toronto voter-statistics voting-place labels for ordinary rows, but no verified address or coordinate field is present in the repository.",13006,568
municipal_2023_mayor,municipal_2023_mayor__13007,None,5 St Joseph St,5 St Joseph St,43.66584146,-79.38538918,Open Toronto Elections Voting Locations,https://open.toronto.ca/dataset/elections-voting-locations/,2026-02-20,official_open_toronto_point,,verified_official_point,Open Government Licence - Toronto,"Processed polling_division_name comes from Toronto voter-statistics voting-place labels for ordinary rows, but no verified address or coordinate field is present in the repository.",13007,657
municipal_2023_mayor,municipal_2023_mayor__13008,None,30 Gloucester St,30 Gloucester St,43.66721343,-79.38396644,Open Toronto Elections Voting Locations,https://open.toronto.ca/dataset/elections-voting-locations/,2026-02-20,official_open_toronto_point,,verified_official_point,Open Government Licence - Toronto,"Processed polling_division_name comes from Toronto voter-statistics voting-place labels for ordinary rows, but no verified address or coordinate field is present in the repository.",13008,418
municipal_2023_mayor,municipal_2023_mayor__13010,None,33 Charles St E,33 Charles St E,43.66860761,-79.38434399,Open Toronto Elections Voting Locations,https://open.toronto.ca/dataset/elections-voting-locations/,2026-02-20,official_open_toronto_point,,verified_official_point,Open Government Licence - Toronto,"Processed polling_division_name comes from Toronto voter-statistics voting-place labels for ordinary rows, but no verified address or coordinate field is present in the repository.",13010,612
municipal_2023_mayor,municipal_2023_mayor__13011,None,45 Charles St E,45 Charles St E,43.66878664,-79.38396604,Open Toronto Elections Voting Locations,https://open.toronto.ca/dataset/elections-voting-locations/,2026-02-20,official_open_toronto_point,,verified_official_point,Open Government Licence - Toronto,"Processed polling_division_name comes from Toronto voter-statistics voting-place labels for ordinary rows, but no verified address or coordinate field is present in the repository.",13011,637
municipal_2023_mayor,municipal_2023_mayor__13012,None,101 Charles St E,101 Charles St E,43.66964270,-79.38055475,Open Toronto Elections Voting Locations,https://open.toronto.ca/dataset/elections-voting-locations/,2026-02-20,official_open_toronto_point,,verified_official_point,Open Government Licence - Toronto,"Processed polling_division_name comes from Toronto voter-statistics voting-place labels for ordinary rows, but no verified address or coordinate field is present in the repository.",13012,693
municipal_2023_mayor,municipal_2023_mayor__13013,Barbara Hall Park,519 Church St,519 Church St,43.66655196,-79.38094262,Open Toronto Elections Voting Locations,https://open.toronto.ca/dataset/elections-voting-locations/,2026-02-20,official_open_toronto_point,,verified_official_point,Open Government Licence - Toronto,"Processed polling_division_name comes from Toronto voter-statistics voting-place labels for ordinary rows, but no verified address or coordinate field is present in the repository.",13013,4826
municipal_2023_mayor,municipal_2023_mayor__13014,None,100 Wellesley St E,100 Wellesley St E,43.66654575,-79.37919932,Open Toronto Elections Voting Locations,https://open.toronto.ca/dataset/elections-voting-locations/,2026-02-20,official_open_toronto_point,,verified_official_point,Open Government Licence - Toronto,"Processed polling_division_name comes from Toronto voter-statistics voting-place labels for ordinary rows, but no verified address or coordinate field is present in the repository.",13014,662
municipal_2023_mayor,municipal_2023_mayor__13015,None,120 Homewood Ave,120 Homewood Ave,43.66716598,-79.37631582,Open Toronto Elections Voting Locations,https://open.toronto.ca/dataset/elections-voting-locations/,2026-02-20,official_open_toronto_point,,verified_official_point,Open Government Licence - Toronto,"Processed polling_division_name comes from Toronto voter-statistics voting-place labels for ordinary rows, but no verified address or coordinate field is present in the repository.",13015,662
municipal_2023_mayor,municipal_2023_mayor__13016,Wellesley Central Place,160 Wellesley St E,160 Wellesley St E,43.66700035,-79.37547325,Open Toronto Elections Voting Locations,https://open.toronto.ca/dataset/elections-voting-locations/,2026-02-20,official_open_toronto_point,,verified_official_point,Open Government Licence - Toronto,"Processed polling_division_name comes from Toronto voter-statistics voting-place labels for ordinary rows, but no verified address or coordinate field is present in the repository.",13016,56
municipal_2023_mayor,municipal_2023_mayor__13017,Wellesley Central Residences Inc,490 Sherbourne St,490 Sherbourne St,43.66759196,-79.37539871,Open Toronto Elections Voting Locations,https://open.toronto.ca/dataset/elections-voting-locations/,2026-02-20,official_open_toronto_point,,verified_official_point,Open Government Licence - Toronto,"Processed polling_division_name comes from Toronto voter-statistics voting-place labels for ordinary rows, but no verified address or coordinate field is present in the repository.",13017,119
municipal_2023_mayor,municipal_2023_mayor__13018,None,500 Sherbourne St,500 Sherbourne St,43.66797624,-79.37557298,Open Toronto Elections Voting Locations,https://open.toronto.ca/dataset/elections-voting-locations/,2026-02-20,official_open_toronto_point,,verified_official_point,Open Government Licence - Toronto,"Processed polling_division_name comes from Toronto voter-statistics voting-place labels for ordinary rows, but no verified address or coordinate field is present in the repository.",13018,559
municipal_2023_mayor,municipal_2023_mayor__13019,Wellesley Community Centre - Building Grounds,495 Sherbourne St,495 Sherbourne St,43.66779685,-79.37447940,Open Toronto Elections Voting Locations,https://open.toronto.ca/dataset/elections-voting-locations/,2026-02-20,official_open_toronto_point,,verified_official_point,Open Government Licence - Toronto,"Processed polling_division_name comes from Toronto voter-statistics voting-place labels for ordinary rows, but no verified address or coordinate field is present in the repository.",13019,3949
municipal_2023_mayor,municipal_2023_mayor__13020,Ecole Sacre-Couer,25 Linden St,25 Linden St,43.67029891,-79.37714464,Open Toronto Elections Voting Locations,https://open.toronto.ca/dataset/elections-voting-locations/,2026-02-20,official_open_toronto_point,,verified_official_point,Open Government Licence - Toronto,"Processed polling_division_name comes from Toronto voter-statistics voting-place labels for ordinary rows, but no verified address or coordinate field is present in the repository.",13020,3012
municipal_2023_mayor,municipal_2023_mayor__13021,None,77 Huntley St,77 Huntley St,43.67161451,-79.37872804,Open Toronto Elections Voting Locations,https://open.toronto.ca/dataset/elections-voting-locations/,2026-02-20,official_open_toronto_point,,verified_official_point,Open Government Licence - Toronto,"Processed polling_division_name comes from Toronto voter-statistics voting-place labels for ordinary rows, but no verified address or coordinate field is present in the repository.",13021,750
municipal_2023_mayor,municipal_2023_mayor__13022,None,375 Bleecker St,375 Bleecker St,43.67060763,-79.37481475,Open Toronto Elections Voting Locations,https://open.toronto.ca/dataset/elections-voting-locations/,2026-02-20,official_open_toronto_point,,verified_official_point,Open Government Licence - Toronto,"Processed polling_division_name comes from Toronto voter-statistics voting-place labels for ordinary rows, but no verified address or coordinate field is present in the repository.",13022,544
municipal_2023_mayor,municipal_2023_mayor__13023,None,730 Ontario St,730 Ontario St,43.67092966,-79.37394242,Open Toronto Elections Voting Locations,https://open.toronto.ca/dataset/elections-voting-locations/,2026-02-20,official_open_toronto_point,,verified_official_point,Open Government Licence - Toronto,"Processed polling_division_name comes from Toronto voter-statistics voting-place labels for ordinary rows, but no verified address or coordinate field is present in the repository.",13023,527
municipal_2023_mayor,municipal_2023_mayor__13024,None,77 Howard St,77 Howard St,43.67085724,-79.37280321,Open Toronto Elections Voting Locations,https://open.toronto.ca/dataset/elections-voting-locations/,2026-02-20,official_open_toronto_point,,verified_official_point,Open Government Licence - Toronto,"Processed polling_division_name comes from Toronto voter-statistics voting-place labels for ordinary rows, but no verified address or coordinate field is present in the repository.",13024,649
municipal_2023_mayor,municipal_2023_mayor__13025,None,700 Ontario St,700 Ontario St,43.67014313,-79.37357806,Open Toronto Elections Voting Locations,https://open.toronto.ca/dataset/elections-voting-locations/,2026-02-20,official_open_toronto_point,,verified_official_point,Open Government Licence - Toronto,"Processed polling_division_name comes from Toronto voter-statistics voting-place labels for ordinary rows, but no verified address or coordinate field is present in the repository.",13025,521
municipal_2023_mayor,municipal_2023_mayor__13026,Rose Avenue Community Centre,675 Ontario St,675 Ontario St,43.67031647,-79.37278810,Open Toronto Elections Voting Locations,https://open.toronto.ca/dataset/elections-voting-locations/,2026-02-20,official_open_toronto_point,,verified_official_point,Open Government Licence - Toronto,"Processed polling_division_name comes from Toronto voter-statistics voting-place labels for ordinary rows, but no verified address or coordinate field is present in the repository.",13026,5401
municipal_2023_mayor,municipal_2023_mayor__13027,None,323 Richmond St E,323 Richmond St E,43.65339549,-79.36800718,Open Toronto Elections Voting Locations,https://open.toronto.ca/dataset/elections-voting-locations/,2026-02-20,official_open_toronto_point,,verified_official_point,Open Government Licence - Toronto,"Processed polling_division_name comes from Toronto voter-statistics voting-place labels for ordinary rows, but no verified address or coordinate field is present in the repository.",13027,750
municipal_2023_mayor,municipal_2023_mayor__13029,Sprucecourt Junior Public School,70 Spruce St,70 Spruce St,43.66448601,-79.36382992,Open Toronto Elections Voting Locations,https://open.toronto.ca/dataset/elections-voting-locations/,2026-02-20,official_open_toronto_point,,verified_official_point,Open Government Licence - Toronto,"Processed polling_division_name comes from Toronto voter-statistics voting-place labels for ordinary rows, but no verified address or coordinate field is present in the repository.",13029,3677
municipal_2023_mayor,municipal_2023_mayor__13030,Winchester Square Apartments,55 Bleecker St,55 Bleecker St,43.66442184,-79.37226324,Open Toronto Elections Voting Locations,https://open.toronto.ca/dataset/elections-voting-locations/,2026-02-20,official_open_toronto_point,,verified_official_point,Open Government Licence - Toronto,"Processed polling_division_name comes from Toronto voter-statistics voting-place labels for ordinary rows, but no verified address or coordinate field is present in the repository.",13030,2613
municipal_2023_mayor,municipal_2023_mayor__13031,None,85 Bleecker St,85 Bleecker St,43.66503984,-79.37254883,Open Toronto Elections Voting Locations,https://open.toronto.ca/dataset/elections-voting-locations/,2026-02-20,official_open_toronto_point,,verified_official_point,Open Government Licence - Toronto,"Processed polling_division_name comes from Toronto voter-statistics voting-place labels for ordinary rows, but no verified address or coordinate field is present in the repository.",13031,386
municipal_2023_mayor,municipal_2023_mayor__13032,Fudger House,439 Sherbourne St,439 Sherbourne St,43.66627103,-79.37369149,Open Toronto Elections Voting Locations,https://open.toronto.ca/dataset/elections-voting-locations/,2026-02-20,official_open_toronto_point,,verified_official_point,Open Government Licence - Toronto,"Processed polling_division_name comes from Toronto voter-statistics voting-place labels for ordinary rows, but no verified address or coordinate field is present in the repository.",13032,103
municipal_2023_mayor,municipal_2023_mayor__13033,Our Lady Of Lourdes Catholic School,444 Sherbourne St,444 Sherbourne St,43.66604349,-79.37469556,Open Toronto Elections Voting Locations,https://open.toronto.ca/dataset/elections-voting-locations/,2026-02-20,official_open_toronto_point,,verified_official_point,Open Government Licence - Toronto,"Processed polling_division_name comes from Toronto voter-statistics voting-place labels for ordinary rows, but no verified address or coordinate field is present in the repository.",13033,2638
municipal_2023_mayor,municipal_2023_mayor__13034,None,15 Maitland Pl,15 Maitland Pl,43.66528375,-79.37633028,Open Toronto Elections Voting Locations,https://open.toronto.ca/dataset/elections-voting-locations/,2026-02-20,official_open_toronto_point,,verified_official_point,Open Government Licence - Toronto,"Processed polling_division_name comes from Toronto voter-statistics voting-place labels for ordinary rows, but no verified address or coordinate field is present in the repository.",13034,620
municipal_2023_mayor,municipal_2023_mayor__13035,None,77 Maitland Pl,77 Maitland Pl,43.66492254,-79.37685864,Open Toronto Elections Voting Locations,https://open.toronto.ca/dataset/elections-voting-locations/,2026-02-20,official_open_toronto_point,,verified_official_point,Open Government Licence - Toronto,"Processed polling_division_name comes from Toronto voter-statistics voting-place labels for ordinary rows, but no verified address or coordinate field is present in the repository.",13035,622
municipal_2023_mayor,municipal_2023_mayor__13036,None,40 Homewood Ave,40 Homewood Ave,43.66422880,-79.37553504,Open Toronto Elections Voting Locations,https://open.toronto.ca/dataset/elections-voting-locations/,2026-02-20,official_open_toronto_point,,verified_official_point,Open Government Licence - Toronto,"Processed polling_division_name comes from Toronto voter-statistics voting-place labels for ordinary rows, but no verified address or coordinate field is present in the repository.",13036,744
municipal_2023_mayor,municipal_2023_mayor__13037,Donvale Manor,330 Gerrard St E,330 Gerrard St E,43.66260055,-79.36538702,Open Toronto Elections Voting Locations,https://open.toronto.ca/dataset/elections-voting-locations/,2026-02-20,official_open_toronto_point,,verified_official_point,Open Government Licence - Toronto,"Processed polling_division_name comes from Toronto voter-statistics voting-place labels for ordinary rows, but no verified address or coordinate field is present in the repository.",13037,95
municipal_2023_mayor,municipal_2023_mayor__13038,College Francais,100 Carlton St,100 Carlton St,43.66248824,-79.37790696,Open Toronto Elections Voting Locations,https://open.toronto.ca/dataset/elections-voting-locations/,2026-02-20,official_open_toronto_point,,verified_official_point,Open Government Licence - Toronto,"Processed polling_division_name comes from Toronto voter-statistics voting-place labels for ordinary rows, but no verified address or coordinate field is present in the repository.",13038,2343
municipal_2023_mayor,municipal_2023_mayor__13039,None,84 Carlton St,84 Carlton St,43.66223193,-79.37869941,Open Toronto Elections Voting Locations,https://open.toronto.ca/dataset/elections-voting-locations/,2026-02-20,official_open_toronto_point,,verified_official_point,Open Government Licence - Toronto,"Processed polling_division_name comes from Toronto voter-statistics voting-place labels for ordinary rows, but no verified address or coordinate field is present in the repository.",13039,196
municipal_2023_mayor,municipal_2023_mayor__13040,Church Street Public School,83 Alexander St,83 Alexander St,43.66360843,-79.37917817,Open Toronto Elections Voting Locations,https://open.toronto.ca/dataset/elections-voting-locations/,2026-02-20,official_open_toronto_point,,verified_official_point,Open Government Licence - Toronto,"Processed polling_division_name comes from Toronto voter-statistics voting-place labels for ordinary rows, but no verified address or coordinate field is present in the repository.",13040,3528
municipal_2023_mayor,municipal_2023_mayor__13041,None,460 Jarvis St,460 Jarvis St,43.66583518,-79.37866036,Open Toronto Elections Voting Locations,https://open.toronto.ca/dataset/elections-voting-locations/,2026-02-20,official_open_toronto_point,,verified_official_point,Open Government Licence - Toronto,"Processed polling_division_name comes from Toronto voter-statistics voting-place labels for ordinary rows, but no verified address or coordinate field is present in the repository.",13041,237
municipal_2023_mayor,municipal_2023_mayor__13042,The Massey Tower,197 Yonge St,197 Yonge St,43.65333703,-79.37936986,Open Toronto Elections Voting Locations,https://open.toronto.ca/dataset/elections-voting-locations/,2026-02-20,official_open_toronto_point,,verified_official_point,Open Government Licence - Toronto,"Processed polling_division_name comes from Toronto voter-statistics voting-place labels for ordinary rows, but no verified address or coordinate field is present in the repository.",13042,811
municipal_2023_mayor,municipal_2023_mayor__13043,Wellesley on the Park,11 Wellesley St W,11 Wellesley St W,43.66463588,-79.38531317,Open Toronto Elections Voting Locations,https://open.toronto.ca/dataset/elections-voting-locations/,2026-02-20,official_open_toronto_point,,verified_official_point,Open Government Licence - Toronto,"Processed polling_division_name comes from Toronto voter-statistics voting-place labels for ordinary rows, but no verified address or coordinate field is present in the repository.",13043,801
municipal_2023_mayor,municipal_2023_mayor__13044,Teahouse Condos,501 Yonge St,501 Yonge St,43.66328832,-79.38358359,Open Toronto Elections Voting Locations,https://open.toronto.ca/dataset/elections-voting-locations/,2026-02-20,official_open_toronto_point,,verified_official_point,Open Government Licence - Toronto,"Processed polling_division_name comes from Toronto voter-statistics voting-place labels for ordinary rows, but no verified address or coordinate field is present in the repository.",13044,
municipal_2023_mayor,municipal_2023_mayor__13045,Metro Central YMCA,20 Grosvenor St,20 Grosvenor St,43.66305445,-79.38510280,Open Toronto Elections Voting Locations,https://open.toronto.ca/dataset/elections-voting-locations/,2026-02-20,official_open_toronto_point,,verified_official_point,Open Government Licence - Toronto,"Processed polling_division_name comes from Toronto voter-statistics voting-place labels for ordinary rows, but no verified address or coordinate field is present in the repository.",13045,3839
municipal_2023_mayor,municipal_2023_mayor__13047,College View Apartments,423 Yonge St,423 Yonge St,43.66026356,-79.38230308,Open Toronto Elections Voting Locations,https://open.toronto.ca/dataset/elections-voting-locations/,2026-02-20,official_open_toronto_point,,verified_official_point,Open Government Licence - Toronto,"Processed polling_division_name comes from Toronto voter-statistics voting-place labels for ordinary rows, but no verified address or coordinate field is present in the repository.",13047,311
municipal_2023_mayor,municipal_2023_mayor__13048,None,200 Dundas St E,200 Dundas St E,43.65737898,-79.37396353,Open Toronto Elections Voting Locations,https://open.toronto.ca/dataset/elections-voting-locations/,2026-02-20,official_open_toronto_point,,verified_official_point,Open Government Licence - Toronto,"Processed polling_division_name comes from Toronto voter-statistics voting-place labels for ordinary rows, but no verified address or coordinate field is present in the repository.",13048,1223
municipal_2023_mayor,municipal_2023_mayor__13049,TMU Student Centre,63 Gould St,63 Gould St,43.65802211,-79.37812225,Open Toronto Elections Voting Locations,https://open.toronto.ca/dataset/elections-voting-locations/,2026-02-20,official_open_toronto_point,,verified_official_point,Open Government Licence - Toronto,"Processed polling_division_name comes from Toronto voter-statistics voting-place labels for ordinary rows, but no verified address or coordinate field is present in the repository.",13049,3999
municipal_2023_mayor,municipal_2023_mayor__13050,None,21 Carlton St,21 Carlton St,43.66109379,-79.38192446,Open Toronto Elections Voting Locations,https://open.toronto.ca/dataset/elections-voting-locations/,2026-02-20,official_open_toronto_point,,verified_official_point,Open Government Licence - Toronto,"Processed polling_division_name comes from Toronto voter-statistics voting-place labels for ordinary rows, but no verified address or coordinate field is present in the repository.",13050,612
municipal_2023_mayor,municipal_2023_mayor__13051,None,25 Carlton St,25 Carlton St,43.66114485,-79.38162705,Open Toronto Elections Voting Locations,https://open.toronto.ca/dataset/elections-voting-locations/,2026-02-20,official_open_toronto_point,,verified_official_point,Open Government Licence - Toronto,"Processed polling_division_name comes from Toronto voter-statistics voting-place labels for ordinary rows, but no verified address or coordinate field is present in the repository.",13051,557
municipal_2023_mayor,municipal_2023_mayor__13052,The Merchandise Building,155 Dalhousie St,155 Dalhousie St,43.65760719,-79.37680922,Open Toronto Elections Voting Locations,https://open.toronto.ca/dataset/elections-voting-locations/,2026-02-20,official_open_toronto_point,,verified_official_point,Open Government Licence - Toronto,"Processed polling_division_name comes from Toronto voter-statistics voting-place labels for ordinary rows, but no verified address or coordinate field is present in the repository.",13052,794
municipal_2023_mayor,municipal_2023_mayor__13053,Metta Housing Co-Op,99 Dalhousie St,99 Dalhousie St,43.65633419,-79.37624028,Open Toronto Elections Voting Locations,https://open.toronto.ca/dataset/elections-voting-locations/,2026-02-20,official_open_toronto_point,,verified_official_point,Open Government Licence - Toronto,"Processed polling_division_name comes from Toronto voter-statistics voting-place labels for ordinary rows, but no verified address or coordinate field is present in the repository.",13053,795
municipal_2023_mayor,municipal_2023_mayor__13054,None,145 Mutual St,145 Mutual St,43.65909379,-79.37633797,Open Toronto Elections Voting Locations,https://open.toronto.ca/dataset/elections-voting-locations/,2026-02-20,official_open_toronto_point,,verified_official_point,Open Government Licence - Toronto,"Processed polling_division_name comes from Toronto voter-statistics voting-place labels for ordinary rows, but no verified address or coordinate field is present in the repository.",13054,869
municipal_2023_mayor,municipal_2023_mayor__13055,None,261 Jarvis St,261 Jarvis St,43.65792042,-79.37459242,Open Toronto Elections Voting Locations,https://open.toronto.ca/dataset/elections-voting-locations/,2026-02-20,official_open_toronto_point,,verified_official_point,Open Government Licence - Toronto,"Processed polling_division_name comes from Toronto voter-statistics voting-place labels for ordinary rows, but no verified address or coordinate field is present in the repository.",13055,355
municipal_2023_mayor,municipal_2023_mayor__13056,Seaton House,339 George St,339 George St,43.65994746,-79.37426196,Open Toronto Elections Voting Locations,https://open.toronto.ca/dataset/elections-voting-locations/,2026-02-20,official_open_toronto_point,,verified_official_point,Open Government Licence - Toronto,"Processed polling_division_name comes from Toronto voter-statistics voting-place labels for ordinary rows, but no verified address or coordinate field is present in the repository.",13056,64
municipal_2023_mayor,municipal_2023_mayor__13057,None,14 Pembroke St,14 Pembroke St,43.65658284,-79.37231959,Open Toronto Elections Voting Locations,https://open.toronto.ca/dataset/elections-voting-locations/,2026-02-20,official_open_toronto_point,,verified_official_point,Open Government Licence - Toronto,"Processed polling_division_name comes from Toronto voter-statistics voting-place labels for ordinary rows, but no verified address or coordinate field is present in the repository.",13057,2628
municipal_2023_mayor,municipal_2023_mayor__13058,William Dennison Apartments,310 Dundas St E,310 Dundas St E,43.65863852,-79.37069098,Open Toronto Elections Voting Locations,https://open.toronto.ca/dataset/elections-voting-locations/,2026-02-20,official_open_toronto_point,,verified_official_point,Open Government Licence - Toronto,"Processed polling_division_name comes from Toronto voter-statistics voting-place labels for ordinary rows, but no verified address or coordinate field is present in the repository.",13058,163
municipal_2023_mayor,municipal_2023_mayor__13059,Dan Harrison Complex,251 Sherbourne St,251 Sherbourne St,43.65929081,-79.37091687,Open Toronto Elections Voting Locations,https://open.toronto.ca/dataset/elections-voting-locations/,2026-02-20,official_open_toronto_point,,verified_official_point,Open Government Licence - Toronto,"Processed polling_division_name comes from Toronto voter-statistics voting-place labels for ordinary rows, but no verified address or coordinate field is present in the repository.",13059,399
municipal_2023_mayor,municipal_2023_mayor__13060,Rekai Centre,345 Sherbourne St,345 Sherbourne St,43.66269859,-79.37242327,Open Toronto Elections Voting Locations,https://open.toronto.ca/dataset/elections-voting-locations/,2026-02-20,official_open_toronto_point,,verified_official_point,Open Government Licence - Toronto,"Processed polling_division_name comes from Toronto voter-statistics voting-place labels for ordinary rows, but no verified address or coordinate field is present in the repository.",13060,189
municipal_2023_mayor,municipal_2023_mayor__13061,Parliament St. Public Library,269 Gerrard St E,269 Gerrard St E,43.66182973,-79.36795469,Open Toronto Elections Voting Locations,https://open.toronto.ca/dataset/elections-voting-locations/,2026-02-20,official_open_toronto_point,,verified_official_point,Open Government Licence - Toronto,"Processed polling_division_name comes from Toronto voter-statistics voting-place labels for ordinary rows, but no verified address or coordinate field is present in the repository.",13061,954
municipal_2023_mayor,municipal_2023_mayor__13062,Lord Dufferin Public School,350 Parliament St,350 Parliament St,43.66082454,-79.36695506,Open Toronto Elections Voting Locations,https://open.toronto.ca/dataset/elections-voting-locations/,2026-02-20,official_open_toronto_point,,verified_official_point,Open Government Licence - Toronto,"Processed polling_division_name comes from Toronto voter-statistics voting-place labels for ordinary rows, but no verified address or coordinate field is present in the repository.",13062,2718
municipal_2023_mayor,municipal_2023_mayor__13063,Regent Park Aquatic Centre - Building Grounds,640 Dundas St E,640 Dundas St E,43.66076364,-79.36096074,Open Toronto Elections Voting Locations,https://open.toronto.ca/dataset/elections-voting-locations/,2026-02-20,official_open_toronto_point,,verified_official_point,Open Government Licence - Toronto,"Processed polling_division_name comes from Toronto voter-statistics voting-place labels for ordinary rows, but no verified address or coordinate field is present in the repository.",13063,2938
municipal_2023_mayor,municipal_2023_mayor__13064,Oak Street Housing Co-Op,120 Cornwall St,120 Cornwall St,43.66241622,-79.35699909,Open Toronto Elections Voting Locations,https://open.toronto.ca/dataset/elections-voting-locations/,2026-02-20,official_open_toronto_point,,verified_official_point,Open Government Licence - Toronto,"Processed polling_division_name comes from Toronto voter-statistics voting-place labels for ordinary rows, but no verified address or coordinate field is present in the repository.",13064,243
municipal_2023_mayor,municipal_2023_mayor__13065,None,220 Oak St,220 Oak St,43.66306138,-79.35775644,Open Toronto Elections Voting Locations,https://open.toronto.ca/dataset/elections-voting-locations/,2026-02-20,official_open_toronto_point,,verified_official_point,Open Government Licence - Toronto,"Processed polling_division_name comes from Toronto voter-statistics voting-place labels for ordinary rows, but no verified address or coordinate field is present in the repository.",13065,1808
municipal_2023_mayor,municipal_2023_mayor__13066,Edna Dixon Apartments,540 Queen St E,540 Queen St E,43.65734242,-79.35764978,Open Toronto Elections Voting Locations,https://open.toronto.ca/dataset/elections-voting-locations/,2026-02-20,official_open_toronto_point,,verified_official_point,Open Government Licence - Toronto,"Processed polling_division_name comes from Toronto voter-statistics voting-place labels for ordinary rows, but no verified address or coordinate field is present in the repository.",13066,373
municipal_2023_mayor,municipal_2023_mayor__13069,YC Condos,7 Grenville St,7 Grenville St,43.66191434,-79.38387216,Open Toronto Elections Voting Locations,https://open.toronto.ca/dataset/elections-voting-locations/,2026-02-20,official_open_toronto_point,,verified_official_point,Open Government Licence - Toronto,"Processed polling_division_name comes from Toronto voter-statistics voting-place labels for ordinary rows, but no verified address or coordinate field is present in the repository.",13069,747
municipal_2023_mayor,municipal_2023_mayor__13070,Moss Park,150 Sherbourne St,150 Sherbourne St,43.65538755,-79.37039697,Open Toronto Elections Voting Locations,https://open.toronto.ca/dataset/elections-voting-locations/,2026-02-20,official_open_toronto_point,,verified_official_point,Open Government Licence - Toronto,"Processed polling_division_name comes from Toronto voter-statistics voting-place labels for ordinary rows, but no verified address or coordinate field is present in the repository.",13070,4146
municipal_2023_mayor,municipal_2023_mayor__13071,Regent Park Community Centre,402 Shuter St,402 Shuter St,43.65799363,-79.36174044,Open Toronto Elections Voting Locations,https://open.toronto.ca/dataset/elections-voting-locations/,2026-02-20,official_open_toronto_point,,verified_official_point,Open Government Licence - Toronto,"Processed polling_division_name comes from Toronto voter-statistics voting-place labels for ordinary rows, but no verified address or coordinate field is present in the repository.",13071,2523
municipal_2023_mayor,municipal_2023_mayor__13072,Metropolitan United Church Grounds - Building Grounds,56 Queen St E,56 Queen St E,43.65385432,-79.37666025,Open Toronto Elections Voting Locations,https://open.toronto.ca/dataset/elections-voting-locations/,2026-02-20,official_open_toronto_point,,verified_official_point,Open Government Licence - Toronto,"Processed polling_division_name comes from Toronto voter-statistics voting-place labels for ordinary rows, but no verified address or coordinate field is present in the repository.",13072,4338
municipal_2023_mayor,municipal_2023_mayor__13073,88 North Condos,77 Shuter St,77 Shuter St,43.65483434,-79.37519503,Open Toronto Elections Voting Locations,https://open.toronto.ca/dataset/elections-voting-locations/,2026-02-20,official_open_toronto_point,,verified_official_point,Open Government Licence - Toronto,"Processed polling_division_name comes from Toronto voter-statistics voting-place labels for ordinary rows, but no verified address or coordinate field is present in the repository.",13073,470
municipal_2023_mayor,municipal_2023_mayor__13074,Cathedral Church Of St. James,65 Church St,65 Church St,43.65027492,-79.37435319,Open Toronto Elections Voting Locations,https://open.toronto.ca/dataset/elections-voting-locations/,2026-02-20,official_open_toronto_point,,verified_official_point,Open Government Licence - Toronto,"Processed polling_division_name comes from Toronto voter-statistics voting-place labels for ordinary rows, but no verified address or coordinate field is present in the repository.",13074,3338
municipal_2023_mayor,municipal_2023_mayor__13075,Muriel Collins Co-Op,79 Richmond St E,79 Richmond St E,43.65246776,-79.37450205,Open Toronto Elections Voting Locations,https://open.toronto.ca/dataset/elections-voting-locations/,2026-02-20,official_open_toronto_point,,verified_official_point,Open Government Licence - Toronto,"Processed polling_division_name comes from Toronto voter-statistics voting-place labels for ordinary rows, but no verified address or coordinate field is present in the repository.",13075,1019
municipal_2023_mayor,municipal_2023_mayor__13076,Fred Victor Centre,145 Queen St E,145 Queen St E,43.65361771,-79.37296907,Open Toronto Elections Voting Locations,https://open.toronto.ca/dataset/elections-voting-locations/,2026-02-20,official_open_toronto_point,,verified_official_point,Open Government Licence - Toronto,"Processed polling_division_name comes from Toronto voter-statistics voting-place labels for ordinary rows, but no verified address or coordinate field is present in the repository.",13076,145
municipal_2023_mayor,municipal_2023_mayor__13077,None,112 George St,112 George St,43.65193719,-79.37163621,Open Toronto Elections Voting Locations,https://open.toronto.ca/dataset/elections-voting-locations/,2026-02-20,official_open_toronto_point,,verified_official_point,Open Government Licence - Toronto,"Processed polling_division_name comes from Toronto voter-statistics voting-place labels for ordinary rows, but no verified address or coordinate field is present in the repository.",13077,776
municipal_2023_mayor,municipal_2023_mayor__13078,King's Court,230 King St E,230 King St E,43.65153094,-79.36808752,Open Toronto Elections Voting Locations,https://open.toronto.ca/dataset/elections-voting-locations/,2026-02-20,official_open_toronto_point,,verified_official_point,Open Government Licence - Toronto,"Processed polling_division_name comes from Toronto voter-statistics voting-place labels for ordinary rows, but no verified address or coordinate field is present in the repository.",13078,515
municipal_2023_mayor,municipal_2023_mayor__13079,None,501 Adelaide St E,501 Adelaide St E,43.65255869,-79.36534120,Open Toronto Elections Voting Locations,https://open.toronto.ca/dataset/elections-voting-locations/,2026-02-20,official_open_toronto_point,,verified_official_point,Open Government Licence - Toronto,"Processed polling_division_name comes from Toronto voter-statistics voting-place labels for ordinary rows, but no verified address or coordinate field is present in the repository.",13079,2649
municipal_2023_mayor,municipal_2023_mayor__13081,None,585 King St E,585 King St E,43.65633495,-79.35659620,Open Toronto Elections Voting Locations,https://open.toronto.ca/dataset/elections-voting-locations/,2026-02-20,official_open_toronto_point,,verified_official_point,Open Government Licence - Toronto,"Processed polling_division_name comes from Toronto voter-statistics voting-place labels for ordinary rows, but no verified address or coordinate field is present in the repository.",13081,1963
municipal_2023_mayor,municipal_2023_mayor__13082,Kooper Coo Family YMCA,461 Cherry St,461 Cherry St,43.65310463,-79.35790050,Open Toronto Elections Voting Locations,https://open.toronto.ca/dataset/elections-voting-locations/,2026-02-20,official_open_toronto_point,,verified_official_point,Open Government Licence - Toronto,"Processed polling_division_name comes from Toronto voter-statistics voting-place labels for ordinary rows, but no verified address or coordinate field is present in the repository.",13082,2573
municipal_2023_mayor,municipal_2023_mayor__13083,411 Church Condos,411 Church St,411 Church St,43.66252628,-79.37935794,Open Toronto Elections Voting Locations,https://open.toronto.ca/dataset/elections-voting-locations/,2026-02-20,official_open_toronto_point,,verified_official_point,Open Government Licence - Toronto,"Processed polling_division_name comes from Toronto voter-statistics voting-place labels for ordinary rows, but no verified address or coordinate field is present in the repository.",13083,667
municipal_2023_mayor,municipal_2023_mayor__13084,Stanley Condos,403 Church St,403 Church St,43.66210266,-79.37923640,Open Toronto Elections Voting Locations,https://open.toronto.ca/dataset/elections-voting-locations/,2026-02-20,official_open_toronto_point,,verified_official_point,Open Government Licence - Toronto,"Processed polling_division_name comes from Toronto voter-statistics voting-place labels for ordinary rows, but no verified address or coordinate field is present in the repository.",13084,645
municipal_2023_mayor,municipal_2023_mayor__13085,None,20 Palace St,20 Palace St,43.65380387,-79.35661617,Open Toronto Elections Voting Locations,https://open.toronto.ca/dataset/elections-voting-locations/,2026-02-20,official_open_toronto_point,,verified_official_point,Open Government Licence - Toronto,"Processed polling_division_name comes from Toronto voter-statistics voting-place labels for ordinary rows, but no verified address or coordinate field is present in the repository.",13085,14
municipal_2023_mayor,municipal_2023_mayor__13086,Wigwamen,75 Cooperage St,75 Cooperage St,43.65330015,-79.35672646,Open Toronto Elections Voting Locations,https://open.toronto.ca/dataset/elections-voting-locations/,2026-02-20,official_open_toronto_point,,verified_official_point,Open Government Licence - Toronto,"Processed polling_division_name comes from Toronto voter-statistics voting-place labels for ordinary rows, but no verified address or coordinate field is present in the repository.",13086,10
municipal_2023_mayor,municipal_2023_mayor__13087,Grid Condos,181 Dundas St E,181 Dundas St E,43.65696905,-79.37412224,Open Toronto Elections Voting Locations,https://open.toronto.ca/dataset/elections-voting-locations/,2026-02-20,official_open_toronto_point,,verified_official_point,Open Government Licence - Toronto,"Processed polling_division_name comes from Toronto voter-statistics voting-place labels for ordinary rows, but no verified address or coordinate field is present in the repository.",13087,637
municipal_2023_mayor,municipal_2023_mayor__13088,St. Lawrence Community Recreation Centre - Building Grounds,230 The Esplanade,230 The Esplanade,43.64979754,-79.36498012,Open Toronto Elections Voting Locations,https://open.toronto.ca/dataset/elections-voting-locations/,2026-02-20,official_open_toronto_point,,verified_official_point,Open Government Licence - Toronto,"Processed polling_division_name comes from Toronto voter-statistics voting-place labels for ordinary rows, but no verified address or coordinate field is present in the repository.",13088,1993
municipal_2023_mayor,municipal_2023_mayor__13089,Times Square Condominium,109 Front St E,109 Front St E,43.64940367,-79.37087673,Open Toronto Elections Voting Locations,https://open.toronto.ca/dataset/elections-voting-locations/,2026-02-20,official_open_toronto_point,,verified_official_point,Open Government Licence - Toronto,"Processed polling_division_name comes from Toronto voter-statistics voting-place labels for ordinary rows, but no verified address or coordinate field is present in the repository.",13089,880
municipal_2023_mayor,municipal_2023_mayor__13090,None,125 The Esplanade,125 The Esplanade,43.64794573,-79.37122925,Open Toronto Elections Voting Locations,https://open.toronto.ca/dataset/elections-voting-locations/,2026-02-20,official_open_toronto_point,,verified_official_point,Open Government Licence - Toronto,"Processed polling_division_name comes from Toronto voter-statistics voting-place labels for ordinary rows, but no verified address or coordinate field is present in the repository.",13090,3748
municipal_2023_mayor,municipal_2023_mayor__13091,Market Square,80 Front St E,80 Front St E,43.64948904,-79.37294677,Open Toronto Elections Voting Locations,https://open.toronto.ca/dataset/elections-voting-locations/,2026-02-20,official_open_toronto_point,,verified_official_point,Open Government Licence - Toronto,"Processed polling_division_name comes from Toronto voter-statistics voting-place labels for ordinary rows, but no verified address or coordinate field is present in the repository.",13091,493
municipal_2023_mayor,municipal_2023_mayor__13093,None,8 The Esplanade,8 The Esplanade,43.64622711,-79.37634546,Open Toronto Elections Voting Locations,https://open.toronto.ca/dataset/elections-voting-locations/,2026-02-20,official_open_toronto_point,,verified_official_point,Open Government Licence - Toronto,"Processed polling_division_name comes from Toronto voter-statistics voting-place labels for ordinary rows, but no verified address or coordinate field is present in the repository.",13093,757
municipal_2023_mayor,municipal_2023_mayor__13094,The Selby,25 Selby St,25 Selby St,43.67114618,-79.37696483,Open Toronto Elections Voting Locations,https://open.toronto.ca/dataset/elections-voting-locations/,2026-02-20,official_open_toronto_point,,verified_official_point,Open Government Licence - Toronto,"Processed polling_division_name comes from Toronto voter-statistics voting-place labels for ordinary rows, but no verified address or coordinate field is present in the repository.",13094,
municipal_2023_mayor,municipal_2023_mayor__14001,None,1083 Pape Ave,1083 Pape Ave,43.69258286,-79.34957165,Open Toronto Elections Voting Locations,https://open.toronto.ca/dataset/elections-voting-locations/,2026-02-20,official_open_toronto_point,,verified_official_point,Open Government Licence - Toronto,"Processed polling_division_name comes from Toronto voter-statistics voting-place labels for ordinary rows, but no verified address or coordinate field is present in the repository.",14001,2223
municipal_2023_mayor,municipal_2023_mayor__14002,Ina Grafton Gage Home,2 O'Connor Dr,2 O'Connor Dr,43.69233775,-79.35647362,Open Toronto Elections Voting Locations,https://open.toronto.ca/dataset/elections-voting-locations/,2026-02-20,official_open_toronto_point,,verified_official_point,Open Government Licence - Toronto,"Processed polling_division_name comes from Toronto voter-statistics voting-place labels for ordinary rows, but no verified address or coordinate field is present in the repository.",14002,3
municipal_2023_mayor,municipal_2023_mayor__14003,East York Community Centre,1081 1/2 Pape Ave,1081 1/2 Pape Ave,43.69178398,-79.34927045,Open Toronto Elections Voting Locations,https://open.toronto.ca/dataset/elections-voting-locations/,2026-02-20,official_open_toronto_point,,verified_official_point,Open Government Licence - Toronto,"Processed polling_division_name comes from Toronto voter-statistics voting-place labels for ordinary rows, but no verified address or coordinate field is present in the repository.",14003,3297
municipal_2023_mayor,municipal_2023_mayor__14004,Nisbet Lodge,730 Pape Ave,730 Pape Ave,43.68031483,-79.34569110,Open Toronto Elections Voting Locations,https://open.toronto.ca/dataset/elections-voting-locations/,2026-02-20,official_open_toronto_point,,verified_official_point,Open Government Licence - Toronto,"Processed polling_division_name comes from Toronto voter-statistics voting-place labels for ordinary rows, but no verified address or coordinate field is present in the repository.",14004,77
municipal_2023_mayor,municipal_2023_mayor__14005,Diefenbaker Elementary School,175 Plains Rd,175 Plains Rd,43.69504203,-79.33164017,Open Toronto Elections Voting Locations,https://open.toronto.ca/dataset/elections-voting-locations/,2026-02-20,official_open_toronto_point,,verified_official_point,Open Government Licence - Toronto,"Processed polling_division_name comes from Toronto voter-statistics voting-place labels for ordinary rows, but no verified address or coordinate field is present in the repository.",14005,1901
municipal_2023_mayor,municipal_2023_mayor__14006,East York Civic Centre,850 Coxwell Ave,850 Coxwell Ave,43.69097913,-79.32789942,Open Toronto Elections Voting Locations,https://open.toronto.ca/dataset/elections-voting-locations/,2026-02-20,official_open_toronto_point,,verified_official_point,Open Government Licence - Toronto,"Processed polling_division_name comes from Toronto voter-statistics voting-place labels for ordinary rows, but no verified address or coordinate field is present in the repository.",14006,2015
municipal_2023_mayor,municipal_2023_mayor__14008,Holy Cross Catholic Secondary School - Building Grounds,299A Donlands Ave,299A Donlands Ave,43.68998756,-79.34067635,Open Toronto Elections Voting Locations,https://open.toronto.ca/dataset/elections-voting-locations/,2026-02-20,official_open_toronto_point,,verified_official_point,Open Government Licence - Toronto,"Processed polling_division_name comes from Toronto voter-statistics voting-place labels for ordinary rows, but no verified address or coordinate field is present in the repository.",14008,2721
municipal_2023_mayor,municipal_2023_mayor__14009,Blair Court Apartments,266 Donlands Ave,266 Donlands Ave,43.68964770,-79.34190508,Open Toronto Elections Voting Locations,https://open.toronto.ca/dataset/elections-voting-locations/,2026-02-20,official_open_toronto_point,,verified_official_point,Open Government Licence - Toronto,"Processed polling_division_name comes from Toronto voter-statistics voting-place labels for ordinary rows, but no verified address or coordinate field is present in the repository.",14009,2274
municipal_2023_mayor,municipal_2023_mayor__14010,Bethany Baptist Church,1041 Pape Ave,1041 Pape Ave,43.68921015,-79.34846973,Open Toronto Elections Voting Locations,https://open.toronto.ca/dataset/elections-voting-locations/,2026-02-20,official_open_toronto_point,,verified_official_point,Open Government Licence - Toronto,"Processed polling_division_name comes from Toronto voter-statistics voting-place labels for ordinary rows, but no verified address or coordinate field is present in the repository.",14010,3242
municipal_2023_mayor,municipal_2023_mayor__14011,Westwood Park,994 Carlaw Ave,994 Carlaw Ave,43.68649539,-79.35097956,Open Toronto Elections Voting Locations,https://open.toronto.ca/dataset/elections-voting-locations/,2026-02-20,official_open_toronto_point,,verified_official_point,Open Government Licence - Toronto,"Processed polling_division_name comes from Toronto voter-statistics voting-place labels for ordinary rows, but no verified address or coordinate field is present in the repository.",14011,2885
municipal_2023_mayor,municipal_2023_mayor__14013,717 Broadview,717 Broadview Ave,717 Broadview Ave,43.67515492,-79.35746530,Open Toronto Elections Voting Locations,https://open.toronto.ca/dataset/elections-voting-locations/,2026-02-20,official_open_toronto_point,,verified_official_point,Open Government Licence - Toronto,"Processed polling_division_name comes from Toronto voter-statistics voting-place labels for ordinary rows, but no verified address or coordinate field is present in the repository.",14013,88
municipal_2023_mayor,municipal_2023_mayor__14014,Broadview Manor,80 Danforth Ave,80 Danforth Ave,43.67632186,-79.35975272,Open Toronto Elections Voting Locations,https://open.toronto.ca/dataset/elections-voting-locations/,2026-02-20,official_open_toronto_point,,verified_official_point,Open Government Licence - Toronto,"Processed polling_division_name comes from Toronto voter-statistics voting-place labels for ordinary rows, but no verified address or coordinate field is present in the repository.",14014,2514
municipal_2023_mayor,municipal_2023_mayor__14015,Jackman Avenue Junior Public School,79 Jackman Ave,79 Jackman Ave,43.68065022,-79.35393536,Open Toronto Elections Voting Locations,https://open.toronto.ca/dataset/elections-voting-locations/,2026-02-20,official_open_toronto_point,,verified_official_point,Open Government Licence - Toronto,"Processed polling_division_name comes from Toronto voter-statistics voting-place labels for ordinary rows, but no verified address or coordinate field is present in the repository.",14015,2957
municipal_2023_mayor,municipal_2023_mayor__14016,None,655 Broadview Ave,655 Broadview Ave,43.67393700,-79.35610629,Open Toronto Elections Voting Locations,https://open.toronto.ca/dataset/elections-voting-locations/,2026-02-20,official_open_toronto_point,,verified_official_point,Open Government Licence - Toronto,"Processed polling_division_name comes from Toronto voter-statistics voting-place labels for ordinary rows, but no verified address or coordinate field is present in the repository.",14016,438
municipal_2023_mayor,municipal_2023_mayor__14017,None,10 Hogarth Ave,10 Hogarth Ave,43.67395404,-79.35544794,Open Toronto Elections Voting Locations,https://open.toronto.ca/dataset/elections-voting-locations/,2026-02-20,official_open_toronto_point,,verified_official_point,Open Government Licence - Toronto,"Processed polling_division_name comes from Toronto voter-statistics voting-place labels for ordinary rows, but no verified address or coordinate field is present in the repository.",14017,442
municipal_2023_mayor,municipal_2023_mayor__14018,"Frankland Community School, Frankland Community Centre",816 Logan Ave,816 Logan Ave,43.67715067,-79.34968008,Open Toronto Elections Voting Locations,https://open.toronto.ca/dataset/elections-voting-locations/,2026-02-20,official_open_toronto_point,,verified_official_point,Open Government Licence - Toronto,"Processed polling_division_name comes from Toronto voter-statistics voting-place labels for ordinary rows, but no verified address or coordinate field is present in the repository.",14018,3532
municipal_2023_mayor,municipal_2023_mayor__14019,Centennial College,951 Carlaw Ave,951 Carlaw Ave,43.68465126,-79.34886061,Open Toronto Elections Voting Locations,https://open.toronto.ca/dataset/elections-voting-locations/,2026-02-20,official_open_toronto_point,,verified_official_point,Open Government Licence - Toronto,"Processed polling_division_name comes from Toronto voter-statistics voting-place labels for ordinary rows, but no verified address or coordinate field is present in the repository.",14019,1810
municipal_2023_mayor,municipal_2023_mayor__14020,Calvary Church,746 Pape Ave,746 Pape Ave,43.68062805,-79.34580563,Open Toronto Elections Voting Locations,https://open.toronto.ca/dataset/elections-voting-locations/,2026-02-20,official_open_toronto_point,,verified_official_point,Open Government Licence - Toronto,"Processed polling_division_name comes from Toronto voter-statistics voting-place labels for ordinary rows, but no verified address or coordinate field is present in the repository.",14020,1988
municipal_2023_mayor,municipal_2023_mayor__14021,Nisbet Lodge,740 Pape Ave,740 Pape Ave,43.68054248,-79.34585583,Open Toronto Elections Voting Locations,https://open.toronto.ca/dataset/elections-voting-locations/,2026-02-20,official_open_toronto_point,,verified_official_point,Open Government Licence - Toronto,"Processed polling_division_name comes from Toronto voter-statistics voting-place labels for ordinary rows, but no verified address or coordinate field is present in the repository.",14021,63
municipal_2023_mayor,municipal_2023_mayor__14022,Roman Catholic Episcopal,71 Gough Ave,71 Gough Ave,43.67939387,-79.34608232,Open Toronto Elections Voting Locations,https://open.toronto.ca/dataset/elections-voting-locations/,2026-02-20,official_open_toronto_point,,verified_official_point,Open Government Licence - Toronto,"Processed polling_division_name comes from Toronto voter-statistics voting-place labels for ordinary rows, but no verified address or coordinate field is present in the repository.",14022,1476
municipal_2023_mayor,municipal_2023_mayor__14023,Pape Danforth Public Library,701 Pape Ave,701 Pape Ave,43.67863228,-79.34443960,Open Toronto Elections Voting Locations,https://open.toronto.ca/dataset/elections-voting-locations/,2026-02-20,official_open_toronto_point,,verified_official_point,Open Government Licence - Toronto,"Processed polling_division_name comes from Toronto voter-statistics voting-place labels for ordinary rows, but no verified address or coordinate field is present in the repository.",14023,1678
municipal_2023_mayor,municipal_2023_mayor__14024,Wilkinson Public School,53 Donlands Ave,53 Donlands Ave,43.68204163,-79.33748324,Open Toronto Elections Voting Locations,https://open.toronto.ca/dataset/elections-voting-locations/,2026-02-20,official_open_toronto_point,,verified_official_point,Open Government Licence - Toronto,"Processed polling_division_name comes from Toronto voter-statistics voting-place labels for ordinary rows, but no verified address or coordinate field is present in the repository.",14024,2644
municipal_2023_mayor,municipal_2023_mayor__14025,Greenwood Towers,145 Strathmore Blvd,145 Strathmore Blvd,43.68159090,-79.33402119,Open Toronto Elections Voting Locations,https://open.toronto.ca/dataset/elections-voting-locations/,2026-02-20,official_open_toronto_point,,verified_official_point,Open Government Licence - Toronto,"Processed polling_division_name comes from Toronto voter-statistics voting-place labels for ordinary rows, but no verified address or coordinate field is present in the repository.",14025,2020
municipal_2023_mayor,municipal_2023_mayor__14027,St. Patrick Catholic Secondary School,49 Felstead Ave,49 Felstead Ave,43.67832230,-79.32764949,Open Toronto Elections Voting Locations,https://open.toronto.ca/dataset/elections-voting-locations/,2026-02-20,official_open_toronto_point,,verified_official_point,Open Government Licence - Toronto,"Processed polling_division_name comes from Toronto voter-statistics voting-place labels for ordinary rows, but no verified address or coordinate field is present in the repository.",14027,3576
municipal_2023_mayor,municipal_2023_mayor__14028,Fred J. Beavis Apartments,110 Unity Rd,110 Unity Rd,43.67792383,-79.32992656,Open Toronto Elections Voting Locations,https://open.toronto.ca/dataset/elections-voting-locations/,2026-02-20,official_open_toronto_point,,verified_official_point,Open Government Licence - Toronto,"Processed polling_division_name comes from Toronto voter-statistics voting-place labels for ordinary rows, but no verified address or coordinate field is present in the repository.",14028,316
municipal_2023_mayor,municipal_2023_mayor__14029,Eastview Community Centre,86 Blake St,86 Blake St,43.67503390,-79.33992679,Open Toronto Elections Voting Locations,https://open.toronto.ca/dataset/elections-voting-locations/,2026-02-20,official_open_toronto_point,,verified_official_point,Open Government Licence - Toronto,"Processed polling_division_name comes from Toronto voter-statistics voting-place labels for ordinary rows, but no verified address or coordinate field is present in the repository.",14029,3036
municipal_2023_mayor,municipal_2023_mayor__14030,Withrow Public School,25 Bain Ave,25 Bain Ave,43.67046046,-79.35212966,Open Toronto Elections Voting Locations,https://open.toronto.ca/dataset/elections-voting-locations/,2026-02-20,official_open_toronto_point,,verified_official_point,Open Government Licence - Toronto,"Processed polling_division_name comes from Toronto voter-statistics voting-place labels for ordinary rows, but no verified address or coordinate field is present in the repository.",14030,3798
municipal_2023_mayor,municipal_2023_mayor__14031,None,1 Bridgepoint Dr,1 Bridgepoint Dr,43.66617123,-79.35521667,Open Toronto Elections Voting Locations,https://open.toronto.ca/dataset/elections-voting-locations/,2026-02-20,official_open_toronto_point,,verified_official_point,Open Government Licence - Toronto,"Processed polling_division_name comes from Toronto voter-statistics voting-place labels for ordinary rows, but no verified address or coordinate field is present in the repository.",14031,
municipal_2023_mayor,municipal_2023_mayor__14032,Riverdale Public Library,370 Broadview Ave,370 Broadview Ave,43.66580625,-79.35317696,Open Toronto Elections Voting Locations,https://open.toronto.ca/dataset/elections-voting-locations/,2026-02-20,official_open_toronto_point,,verified_official_point,Open Government Licence - Toronto,"Processed polling_division_name comes from Toronto voter-statistics voting-place labels for ordinary rows, but no verified address or coordinate field is present in the repository.",14032,2574
municipal_2023_mayor,municipal_2023_mayor__14034,Ray McCleary Towers,444 Logan Ave,444 Logan Ave,43.66535420,-79.34485017,Open Toronto Elections Voting Locations,https://open.toronto.ca/dataset/elections-voting-locations/,2026-02-20,official_open_toronto_point,,verified_official_point,Open Government Licence - Toronto,"Processed polling_division_name comes from Toronto voter-statistics voting-place labels for ordinary rows, but no verified address or coordinate field is present in the repository.",14034,195
municipal_2023_mayor,municipal_2023_mayor__14036,"Matty Eckler Playground,Pape Avenue Playground",953 Gerrard St E,953 Gerrard St E,43.66805367,-79.33939698,Open Toronto Elections Voting Locations,https://open.toronto.ca/dataset/elections-voting-locations/,2026-02-20,official_open_toronto_point,,verified_official_point,Open Government Licence - Toronto,"Processed polling_division_name comes from Toronto voter-statistics voting-place labels for ordinary rows, but no verified address or coordinate field is present in the repository.",14036,2611
municipal_2023_mayor,municipal_2023_mayor__14037,Francis Beavis Manor,369 Pape Ave,369 Pape Ave,43.66980314,-79.34070751,Open Toronto Elections Voting Locations,https://open.toronto.ca/dataset/elections-voting-locations/,2026-02-20,official_open_toronto_point,,verified_official_point,Open Government Licence - Toronto,"Processed polling_division_name comes from Toronto voter-statistics voting-place labels for ordinary rows, but no verified address or coordinate field is present in the repository.",14037,1509
municipal_2023_mayor,municipal_2023_mayor__14038,Blake Street Public School,21 Boultbee Ave,21 Boultbee Ave,43.67180637,-79.33847625,Open Toronto Elections Voting Locations,https://open.toronto.ca/dataset/elections-voting-locations/,2026-02-20,official_open_toronto_point,,verified_official_point,Open Government Licence - Toronto,"Processed polling_division_name comes from Toronto voter-statistics voting-place labels for ordinary rows, but no verified address or coordinate field is present in the repository.",14038,1293
municipal_2023_mayor,municipal_2023_mayor__14039,Riverdale Collegiate Institute,1094 Gerrard St E,1094 Gerrard St E,43.67004770,-79.33485982,Open Toronto Elections Voting Locations,https://open.toronto.ca/dataset/elections-voting-locations/,2026-02-20,official_open_toronto_point,,verified_official_point,Open Government Licence - Toronto,"Processed polling_division_name comes from Toronto voter-statistics voting-place labels for ordinary rows, but no verified address or coordinate field is present in the repository.",14039,2122
municipal_2023_mayor,municipal_2023_mayor__14040,Roden Junior Public School,151 Hiawatha Rd,151 Hiawatha Rd,43.67387327,-79.32307647,Open Toronto Elections Voting Locations,https://open.toronto.ca/dataset/elections-voting-locations/,2026-02-20,official_open_toronto_point,,verified_official_point,Open Government Licence - Toronto,"Processed polling_division_name comes from Toronto voter-statistics voting-place labels for ordinary rows, but no verified address or coordinate field is present in the repository.",14040,2901
municipal_2023_mayor,municipal_2023_mayor__14041,Glen Rhodes United Church,1470 Gerrard St E,1470 Gerrard St E,43.67277656,-79.32074420,Open Toronto Elections Voting Locations,https://open.toronto.ca/dataset/elections-voting-locations/,2026-02-20,official_open_toronto_point,,verified_official_point,Open Government Licence - Toronto,"Processed polling_division_name comes from Toronto voter-statistics voting-place labels for ordinary rows, but no verified address or coordinate field is present in the repository.",14041,1816
municipal_2023_mayor,municipal_2023_mayor__14043,S.H. Armstrong Community Centre - Building Grounds,56 Woodfield Rd,56 Woodfield Rd,43.66581712,-79.32275799,Open Toronto Elections Voting Locations,https://open.toronto.ca/dataset/elections-voting-locations/,2026-02-20,official_open_toronto_point,,verified_official_point,Open Government Licence - Toronto,"Processed polling_division_name comes from Toronto voter-statistics voting-place labels for ordinary rows, but no verified address or coordinate field is present in the repository.",14043,3867
municipal_2023_mayor,municipal_2023_mayor__14044,Leslieville Public School Junior,254 Leslie St,254 Leslie St,43.66732077,-79.33240772,Open Toronto Elections Voting Locations,https://open.toronto.ca/dataset/elections-voting-locations/,2026-02-20,official_open_toronto_point,,verified_official_point,Open Government Licence - Toronto,"Processed polling_division_name comes from Toronto voter-statistics voting-place labels for ordinary rows, but no verified address or coordinate field is present in the repository.",14044,2491
municipal_2023_mayor,municipal_2023_mayor__14045,St. Joseph's Senior Citizen Apts.,67 Curzon St,67 Curzon St,43.66524067,-79.33196990,Open Toronto Elections Voting Locations,https://open.toronto.ca/dataset/elections-voting-locations/,2026-02-20,official_open_toronto_point,,verified_official_point,Open Government Licence - Toronto,"Processed polling_division_name comes from Toronto voter-statistics voting-place labels for ordinary rows, but no verified address or coordinate field is present in the repository.",14045,1386
municipal_2023_mayor,municipal_2023_mayor__14046,Avondale Retirement Residence,1238 Queen St E,1238 Queen St E,43.66357194,-79.32973581,Open Toronto Elections Voting Locations,https://open.toronto.ca/dataset/elections-voting-locations/,2026-02-20,official_open_toronto_point,,verified_official_point,Open Government Licence - Toronto,"Processed polling_division_name comes from Toronto voter-statistics voting-place labels for ordinary rows, but no verified address or coordinate field is present in the repository.",14046,70
municipal_2023_mayor,municipal_2023_mayor__14047,None,1195 Queen St E,1195 Queen St E,43.66282001,-79.33121374,Open Toronto Elections Voting Locations,https://open.toronto.ca/dataset/elections-voting-locations/,2026-02-20,official_open_toronto_point,,verified_official_point,Open Government Licence - Toronto,"Processed polling_division_name comes from Toronto voter-statistics voting-place labels for ordinary rows, but no verified address or coordinate field is present in the repository.",14047,63
municipal_2023_mayor,municipal_2023_mayor__14049,Woodgreen Community Housing,1070 Queen St E,1070 Queen St E,43.66205751,-79.33678149,Open Toronto Elections Voting Locations,https://open.toronto.ca/dataset/elections-voting-locations/,2026-02-20,official_open_toronto_point,,verified_official_point,Open Government Licence - Toronto,"Processed polling_division_name comes from Toronto voter-statistics voting-place labels for ordinary rows, but no verified address or coordinate field is present in the repository.",14049,2811
municipal_2023_mayor,municipal_2023_mayor__14050,Morse Street Junior Public School,180 Carlaw Ave,180 Carlaw Ave,43.66016691,-79.34016669,Open Toronto Elections Voting Locations,https://open.toronto.ca/dataset/elections-voting-locations/,2026-02-20,official_open_toronto_point,,verified_official_point,Open Government Licence - Toronto,"Processed polling_division_name comes from Toronto voter-statistics voting-place labels for ordinary rows, but no verified address or coordinate field is present in the repository.",14050,3041
municipal_2023_mayor,municipal_2023_mayor__14051,Jimmie Simpson Park,870 Queen St E,870 Queen St E,43.66044353,-79.34532986,Open Toronto Elections Voting Locations,https://open.toronto.ca/dataset/elections-voting-locations/,2026-02-20,official_open_toronto_point,,verified_official_point,Open Government Licence - Toronto,"Processed polling_division_name comes from Toronto voter-statistics voting-place labels for ordinary rows, but no verified address or coordinate field is present in the repository.",14051,3723
municipal_2023_mayor,municipal_2023_mayor__14052,Queen Alexandra Middle School,181 Broadview Ave,181 Broadview Ave,43.66164296,-79.35009113,Open Toronto Elections Voting Locations,https://open.toronto.ca/dataset/elections-voting-locations/,2026-02-20,official_open_toronto_point,,verified_official_point,Open Government Licence - Toronto,"Processed polling_division_name comes from Toronto voter-statistics voting-place labels for ordinary rows, but no verified address or coordinate field is present in the repository.",14052,3206
municipal_2023_mayor,municipal_2023_mayor__14053,Ecole elementaire La Mosaique,80 Queensdale Ave,80 Queensdale Ave,43.68733045,-79.33053499,Open Toronto Elections Voting Locations,https://open.toronto.ca/dataset/elections-voting-locations/,2026-02-20,official_open_toronto_point,,verified_official_point,Open Government Licence - Toronto,"Processed polling_division_name comes from Toronto voter-statistics voting-place labels for ordinary rows, but no verified address or coordinate field is present in the repository.",14053,3004
municipal_2023_mayor,municipal_2023_mayor__15001,Fairmeadow Centre,17 Fairmeadow Ave,17 Fairmeadow Ave,43.75468813,-79.39721389,Open Toronto Elections Voting Locations,https://open.toronto.ca/dataset/elections-voting-locations/,2026-02-20,official_open_toronto_point,,verified_official_point,Open Government Licence - Toronto,"Processed polling_division_name comes from Toronto voter-statistics voting-place labels for ordinary rows, but no verified address or coordinate field is present in the repository.",15001,2535
municipal_2023_mayor,municipal_2023_mayor__15002,Trinity Presbyterian Church,2737 Bayview Ave,2737 Bayview Ave,43.76097567,-79.38585674,Open Toronto Elections Voting Locations,https://open.toronto.ca/dataset/elections-voting-locations/,2026-02-20,official_open_toronto_point,,verified_official_point,Open Government Licence - Toronto,"Processed polling_division_name comes from Toronto voter-statistics voting-place labels for ordinary rows, but no verified address or coordinate field is present in the repository.",15002,1941
municipal_2023_mayor,municipal_2023_mayor__15003,Harrison Public School,81 Harrison Rd,81 Harrison Rd,43.75736847,-79.37730861,Open Toronto Elections Voting Locations,https://open.toronto.ca/dataset/elections-voting-locations/,2026-02-20,official_open_toronto_point,,verified_official_point,Open Government Licence - Toronto,"Processed polling_division_name comes from Toronto voter-statistics voting-place labels for ordinary rows, but no verified address or coordinate field is present in the repository.",15003,2056
municipal_2023_mayor,municipal_2023_mayor__15004,Dunlace Public School,20 Dunlace Dr,20 Dunlace Dr,43.76245943,-79.37035733,Open Toronto Elections Voting Locations,https://open.toronto.ca/dataset/elections-voting-locations/,2026-02-20,official_open_toronto_point,,verified_official_point,Open Government Licence - Toronto,"Processed polling_division_name comes from Toronto voter-statistics voting-place labels for ordinary rows, but no verified address or coordinate field is present in the repository.",15004,1910
municipal_2023_mayor,municipal_2023_mayor__15005,Windfields Junior High School,375 Banbury Rd,375 Banbury Rd,43.75611158,-79.37057929,Open Toronto Elections Voting Locations,https://open.toronto.ca/dataset/elections-voting-locations/,2026-02-20,official_open_toronto_point,,verified_official_point,Open Government Licence - Toronto,"Processed polling_division_name comes from Toronto voter-statistics voting-place labels for ordinary rows, but no verified address or coordinate field is present in the repository.",15005,2035
municipal_2023_mayor,municipal_2023_mayor__15008,None,38 William Carson Cres,38 William Carson Cres,43.75025132,-79.40591396,Open Toronto Elections Voting Locations,https://open.toronto.ca/dataset/elections-voting-locations/,2026-02-20,official_open_toronto_point,,verified_official_point,Open Government Licence - Toronto,"Processed polling_division_name comes from Toronto voter-statistics voting-place labels for ordinary rows, but no verified address or coordinate field is present in the repository.",15008,750
municipal_2023_mayor,municipal_2023_mayor__15009,St. John's York Mills Anglican Church,19 Don Ridge Dr,19 Don Ridge Dr,43.74697658,-79.40523659,Open Toronto Elections Voting Locations,https://open.toronto.ca/dataset/elections-voting-locations/,2026-02-20,official_open_toronto_point,,verified_official_point,Open Government Licence - Toronto,"Processed polling_division_name comes from Toronto voter-statistics voting-place labels for ordinary rows, but no verified address or coordinate field is present in the repository.",15009,2654
municipal_2023_mayor,municipal_2023_mayor__15010,Agricola Finnish Lutheran Church,25 Old York Mills Rd,25 Old York Mills Rd,43.74340395,-79.40431240,Open Toronto Elections Voting Locations,https://open.toronto.ca/dataset/elections-voting-locations/,2026-02-20,official_open_toronto_point,,verified_official_point,Open Government Licence - Toronto,"Processed polling_division_name comes from Toronto voter-statistics voting-place labels for ordinary rows, but no verified address or coordinate field is present in the repository.",15010,1820
municipal_2023_mayor,municipal_2023_mayor__15011,Four Teddington,4 Teddington Park Ave,4 Teddington Park Ave,43.73345774,-79.40390983,Open Toronto Elections Voting Locations,https://open.toronto.ca/dataset/elections-voting-locations/,2026-02-20,official_open_toronto_point,,verified_official_point,Open Government Licence - Toronto,"Processed polling_division_name comes from Toronto voter-statistics voting-place labels for ordinary rows, but no verified address or coordinate field is present in the repository.",15011,36
municipal_2023_mayor,municipal_2023_mayor__15012,Moore Place,801 Mount Pleasant Rd,801 Mount Pleasant Rd,43.70883671,-79.38985120,Open Toronto Elections Voting Locations,https://open.toronto.ca/dataset/elections-voting-locations/,2026-02-20,official_open_toronto_point,,verified_official_point,Open Government Licence - Toronto,"Processed polling_division_name comes from Toronto voter-statistics voting-place labels for ordinary rows, but no verified address or coordinate field is present in the repository.",15012,179
municipal_2023_mayor,municipal_2023_mayor__15013,Banbury Park,120 Banbury Rd,120 Banbury Rd,43.74282734,-79.36953754,Open Toronto Elections Voting Locations,https://open.toronto.ca/dataset/elections-voting-locations/,2026-02-20,official_open_toronto_point,,verified_official_point,Open Government Licence - Toronto,"Processed polling_division_name comes from Toronto voter-statistics voting-place labels for ordinary rows, but no verified address or coordinate field is present in the repository.",15013,2184
municipal_2023_mayor,municipal_2023_mayor__15014,Denlow Public School,50 Denlow Blvd,50 Denlow Blvd,43.74583949,-79.36422773,Open Toronto Elections Voting Locations,https://open.toronto.ca/dataset/elections-voting-locations/,2026-02-20,official_open_toronto_point,,verified_official_point,Open Government Licence - Toronto,"Processed polling_division_name comes from Toronto voter-statistics voting-place labels for ordinary rows, but no verified address or coordinate field is present in the repository.",15014,2698
municipal_2023_mayor,municipal_2023_mayor__15015,None,1300 Leslie St,1300 Leslie St,43.73178870,-79.35564748,Open Toronto Elections Voting Locations,https://open.toronto.ca/dataset/elections-voting-locations/,2026-02-20,official_open_toronto_point,,verified_official_point,Open Government Licence - Toronto,"Processed polling_division_name comes from Toronto voter-statistics voting-place labels for ordinary rows, but no verified address or coordinate field is present in the repository.",15015,1218
municipal_2023_mayor,municipal_2023_mayor__15016,"Sunnybrook Hosp, Ambulance  57",2075 Bayview Ave,2075 Bayview Ave,43.72193765,-79.37787537,Open Toronto Elections Voting Locations,https://open.toronto.ca/dataset/elections-voting-locations/,2026-02-20,official_open_toronto_point,,verified_official_point,Open Government Licence - Toronto,"Processed polling_division_name comes from Toronto voter-statistics voting-place labels for ordinary rows, but no verified address or coordinate field is present in the repository.",15016,
municipal_2023_mayor,municipal_2023_mayor__15017,Lawrence Park Community Church,2180 Bayview Ave,2180 Bayview Ave,43.72504398,-79.38050442,Open Toronto Elections Voting Locations,https://open.toronto.ca/dataset/elections-voting-locations/,2026-02-20,official_open_toronto_point,,verified_official_point,Open Government Licence - Toronto,"Processed polling_division_name comes from Toronto voter-statistics voting-place labels for ordinary rows, but no verified address or coordinate field is present in the repository.",15017,1449
municipal_2023_mayor,municipal_2023_mayor__15018,Joseph Brown Manor,3179 Yonge St,3179 Yonge St,43.72732818,-79.40205441,Open Toronto Elections Voting Locations,https://open.toronto.ca/dataset/elections-voting-locations/,2026-02-20,official_open_toronto_point,,verified_official_point,Open Government Licence - Toronto,"Processed polling_division_name comes from Toronto voter-statistics voting-place labels for ordinary rows, but no verified address or coordinate field is present in the repository.",15018,2399
municipal_2023_mayor,municipal_2023_mayor__15020,Blythwood Rd Baptist Church,80 Blythwood Rd,80 Blythwood Rd,43.71757549,-79.39807901,Open Toronto Elections Voting Locations,https://open.toronto.ca/dataset/elections-voting-locations/,2026-02-20,official_open_toronto_point,,verified_official_point,Open Government Licence - Toronto,"Processed polling_division_name comes from Toronto voter-statistics voting-place labels for ordinary rows, but no verified address or coordinate field is present in the repository.",15020,2210
municipal_2023_mayor,municipal_2023_mayor__15021,Blythwood Junior Public School,2 Strathgowan Cres,2 Strathgowan Cres,43.71993150,-79.38950571,Open Toronto Elections Voting Locations,https://open.toronto.ca/dataset/elections-voting-locations/,2026-02-20,official_open_toronto_point,,verified_official_point,Open Government Licence - Toronto,"Processed polling_division_name comes from Toronto voter-statistics voting-place labels for ordinary rows, but no verified address or coordinate field is present in the repository.",15021,2606
municipal_2023_mayor,municipal_2023_mayor__15022,St. Leonard's Church - Building Grounds,25 Wanless Ave,25 Wanless Ave,43.72628269,-79.40153915,Open Toronto Elections Voting Locations,https://open.toronto.ca/dataset/elections-voting-locations/,2026-02-20,official_open_toronto_point,,verified_official_point,Open Government Licence - Toronto,"Processed polling_division_name comes from Toronto voter-statistics voting-place labels for ordinary rows, but no verified address or coordinate field is present in the repository.",15022,2874
municipal_2023_mayor,municipal_2023_mayor__15023,The Sherwood,2567 Yonge St,2567 Yonge St,43.71403960,-79.39939306,Open Toronto Elections Voting Locations,https://open.toronto.ca/dataset/elections-voting-locations/,2026-02-20,official_open_toronto_point,,verified_official_point,Open Government Licence - Toronto,"Processed polling_division_name comes from Toronto voter-statistics voting-place labels for ordinary rows, but no verified address or coordinate field is present in the repository.",15023,109
municipal_2023_mayor,municipal_2023_mayor__15024,John Fisher Public School,40 Erskine Ave,40 Erskine Ave,43.71192825,-79.39746938,Open Toronto Elections Voting Locations,https://open.toronto.ca/dataset/elections-voting-locations/,2026-02-20,official_open_toronto_point,,verified_official_point,Open Government Licence - Toronto,"Processed polling_division_name comes from Toronto voter-statistics voting-place labels for ordinary rows, but no verified address or coordinate field is present in the repository.",15024,3383
municipal_2023_mayor,municipal_2023_mayor__15026,101 Erskine ,101 Erskine Ave,101 Erskine Ave,43.71165880,-79.39535038,Open Toronto Elections Voting Locations,https://open.toronto.ca/dataset/elections-voting-locations/,2026-02-20,official_open_toronto_point,,verified_official_point,Open Government Licence - Toronto,"Processed polling_division_name comes from Toronto voter-statistics voting-place labels for ordinary rows, but no verified address or coordinate field is present in the repository.",15026,460
municipal_2023_mayor,municipal_2023_mayor__15027,St. Monica's Catholic School,14 Broadway Ave,14 Broadway Ave,43.71015927,-79.39762770,Open Toronto Elections Voting Locations,https://open.toronto.ca/dataset/elections-voting-locations/,2026-02-20,official_open_toronto_point,,verified_official_point,Open Government Licence - Toronto,"Processed polling_division_name comes from Toronto voter-statistics voting-place labels for ordinary rows, but no verified address or coordinate field is present in the repository.",15027,3560
municipal_2023_mayor,municipal_2023_mayor__15029,Northern Secondary School,851 Mount Pleasant Rd,851 Mount Pleasant Rd,43.71053710,-79.39016430,Open Toronto Elections Voting Locations,https://open.toronto.ca/dataset/elections-voting-locations/,2026-02-20,official_open_toronto_point,,verified_official_point,Open Government Licence - Toronto,"Processed polling_division_name comes from Toronto voter-statistics voting-place labels for ordinary rows, but no verified address or coordinate field is present in the repository.",15029,3435
municipal_2023_mayor,municipal_2023_mayor__15031,CNIB,1929 Bayview Ave,1929 Bayview Ave,43.71733097,-79.37752398,Open Toronto Elections Voting Locations,https://open.toronto.ca/dataset/elections-voting-locations/,2026-02-20,official_open_toronto_point,,verified_official_point,Open Government Licence - Toronto,"Processed polling_division_name comes from Toronto voter-statistics voting-place labels for ordinary rows, but no verified address or coordinate field is present in the repository.",15031,1809
municipal_2023_mayor,municipal_2023_mayor__15032,Northlea Public School,305 Rumsey Rd,305 Rumsey Rd,43.71444366,-79.36966289,Open Toronto Elections Voting Locations,https://open.toronto.ca/dataset/elections-voting-locations/,2026-02-20,official_open_toronto_point,,verified_official_point,Open Government Licence - Toronto,"Processed polling_division_name comes from Toronto voter-statistics voting-place labels for ordinary rows, but no verified address or coordinate field is present in the repository.",15032,2123
municipal_2023_mayor,municipal_2023_mayor__15033,None,795 Eglinton Ave E,795 Eglinton Ave E,43.71300266,-79.36618482,Open Toronto Elections Voting Locations,https://open.toronto.ca/dataset/elections-voting-locations/,2026-02-20,official_open_toronto_point,,verified_official_point,Open Government Licence - Toronto,"Processed polling_division_name comes from Toronto voter-statistics voting-place labels for ordinary rows, but no verified address or coordinate field is present in the repository.",15033,98
municipal_2023_mayor,municipal_2023_mayor__15034,Northlea United Church,125 Brentcliffe Rd,125 Brentcliffe Rd,43.71737880,-79.36305911,Open Toronto Elections Voting Locations,https://open.toronto.ca/dataset/elections-voting-locations/,2026-02-20,official_open_toronto_point,,verified_official_point,Open Government Licence - Toronto,"Processed polling_division_name comes from Toronto voter-statistics voting-place labels for ordinary rows, but no verified address or coordinate field is present in the repository.",15034,2614
municipal_2023_mayor,municipal_2023_mayor__15035,None,35 Brian Peck Cres,35 Brian Peck Cres,43.71459293,-79.35438776,Open Toronto Elections Voting Locations,https://open.toronto.ca/dataset/elections-voting-locations/,2026-02-20,official_open_toronto_point,,verified_official_point,Open Government Licence - Toronto,"Processed polling_division_name comes from Toronto voter-statistics voting-place labels for ordinary rows, but no verified address or coordinate field is present in the repository.",15035,582
municipal_2023_mayor,municipal_2023_mayor__15036,None,160 Vanderhoof Ave,160 Vanderhoof Ave,43.71435908,-79.35318648,Open Toronto Elections Voting Locations,https://open.toronto.ca/dataset/elections-voting-locations/,2026-02-20,official_open_toronto_point,,verified_official_point,Open Government Licence - Toronto,"Processed polling_division_name comes from Toronto voter-statistics voting-place labels for ordinary rows, but no verified address or coordinate field is present in the repository.",15036,494
municipal_2023_mayor,municipal_2023_mayor__15037,The Overlea,12 Thorncliffe Park Dr,12 Thorncliffe Park Dr,43.70452931,-79.34826044,Open Toronto Elections Voting Locations,https://open.toronto.ca/dataset/elections-voting-locations/,2026-02-20,official_open_toronto_point,,verified_official_point,Open Government Licence - Toronto,"Processed polling_division_name comes from Toronto voter-statistics voting-place labels for ordinary rows, but no verified address or coordinate field is present in the repository.",15037,238
municipal_2023_mayor,municipal_2023_mayor__15038,St Demetrious Church,30 Thorncliffe Park Dr,30 Thorncliffe Park Dr,43.70295841,-79.34495064,Open Toronto Elections Voting Locations,https://open.toronto.ca/dataset/elections-voting-locations/,2026-02-20,official_open_toronto_point,,verified_official_point,Open Government Licence - Toronto,"Processed polling_division_name comes from Toronto voter-statistics voting-place labels for ordinary rows, but no verified address or coordinate field is present in the repository.",15038,1778
municipal_2023_mayor,municipal_2023_mayor__15039,Thorncliffe Park Public School,80 Thorncliffe Park Dr,80 Thorncliffe Park Dr,43.70539004,-79.34343676,Open Toronto Elections Voting Locations,https://open.toronto.ca/dataset/elections-voting-locations/,2026-02-20,official_open_toronto_point,,verified_official_point,Open Government Licence - Toronto,"Processed polling_division_name comes from Toronto voter-statistics voting-place labels for ordinary rows, but no verified address or coordinate field is present in the repository.",15039,2183
municipal_2023_mayor,municipal_2023_mayor__15040,None,85-95 Thorncliffe Park Dr,85-95 Thorncliffe Park Dr,43.70722381,-79.34122285,Open Toronto Elections Voting Locations,https://open.toronto.ca/dataset/elections-voting-locations/,2026-02-20,official_open_toronto_point,,verified_official_point,Open Government Licence - Toronto,"Processed polling_division_name comes from Toronto voter-statistics voting-place labels for ordinary rows, but no verified address or coordinate field is present in the repository.",15040,1512
municipal_2023_mayor,municipal_2023_mayor__15041,Central Park Lodge,10 William Morgan Dr,10 William Morgan Dr,43.70937001,-79.34176584,Open Toronto Elections Voting Locations,https://open.toronto.ca/dataset/elections-voting-locations/,2026-02-20,official_open_toronto_point,,verified_official_point,Open Government Licence - Toronto,"Processed polling_division_name comes from Toronto voter-statistics voting-place labels for ordinary rows, but no verified address or coordinate field is present in the repository.",15041,326
municipal_2023_mayor,municipal_2023_mayor__15042,None,65 Thorncliffe Park Dr,65 Thorncliffe Park Dr,43.70347896,-79.34026593,Open Toronto Elections Voting Locations,https://open.toronto.ca/dataset/elections-voting-locations/,2026-02-20,official_open_toronto_point,,verified_official_point,Open Government Licence - Toronto,"Processed polling_division_name comes from Toronto voter-statistics voting-place labels for ordinary rows, but no verified address or coordinate field is present in the repository.",15042,770
municipal_2023_mayor,municipal_2023_mayor__15043,None,53 Thorncliffe Park Dr,53 Thorncliffe Park Dr,43.70299062,-79.34146258,Open Toronto Elections Voting Locations,https://open.toronto.ca/dataset/elections-voting-locations/,2026-02-20,official_open_toronto_point,,verified_official_point,Open Government Licence - Toronto,"Processed polling_division_name comes from Toronto voter-statistics voting-place labels for ordinary rows, but no verified address or coordinate field is present in the repository.",15043,516
municipal_2023_mayor,municipal_2023_mayor__15044,Jenner Jean-Marie Community Centre - Building Grounds,48 Thorncliffe Park Dr,48 Thorncliffe Park Dr,43.70294741,-79.34273682,Open Toronto Elections Voting Locations,https://open.toronto.ca/dataset/elections-voting-locations/,2026-02-20,official_open_toronto_point,,verified_official_point,Open Government Licence - Toronto,"Processed polling_division_name comes from Toronto voter-statistics voting-place labels for ordinary rows, but no verified address or coordinate field is present in the repository.",15044,1705
municipal_2023_mayor,municipal_2023_mayor__15045,None,49 Thorncliffe Park Dr,49 Thorncliffe Park Dr,43.70194882,-79.34234002,Open Toronto Elections Voting Locations,https://open.toronto.ca/dataset/elections-voting-locations/,2026-02-20,official_open_toronto_point,,verified_official_point,Open Government Licence - Toronto,"Processed polling_division_name comes from Toronto voter-statistics voting-place labels for ordinary rows, but no verified address or coordinate field is present in the repository.",15045,801
municipal_2023_mayor,municipal_2023_mayor__15046,None,47 Thorncliffe Park Dr,47 Thorncliffe Park Dr,43.70078373,-79.34267244,Open Toronto Elections Voting Locations,https://open.toronto.ca/dataset/elections-voting-locations/,2026-02-20,official_open_toronto_point,,verified_official_point,Open Government Licence - Toronto,"Processed polling_division_name comes from Toronto voter-statistics voting-place labels for ordinary rows, but no verified address or coordinate field is present in the repository.",15046,912
municipal_2023_mayor,municipal_2023_mayor__15047,None,35 Thorncliffe Park Dr,35 Thorncliffe Park Dr,43.70196978,-79.34510508,Open Toronto Elections Voting Locations,https://open.toronto.ca/dataset/elections-voting-locations/,2026-02-20,official_open_toronto_point,,verified_official_point,Open Government Licence - Toronto,"Processed polling_division_name comes from Toronto voter-statistics voting-place labels for ordinary rows, but no verified address or coordinate field is present in the repository.",15047,514
municipal_2023_mayor,municipal_2023_mayor__15048,None,43 Thorncliffe Park Dr,43 Thorncliffe Park Dr,43.70045036,-79.34450726,Open Toronto Elections Voting Locations,https://open.toronto.ca/dataset/elections-voting-locations/,2026-02-20,official_open_toronto_point,,verified_official_point,Open Government Licence - Toronto,"Processed polling_division_name comes from Toronto voter-statistics voting-place labels for ordinary rows, but no verified address or coordinate field is present in the repository.",15048,691
municipal_2023_mayor,municipal_2023_mayor__15049,Nine-Twenty-One Millwood,921 Millwood Rd,921 Millwood Rd,43.70292340,-79.36361903,Open Toronto Elections Voting Locations,https://open.toronto.ca/dataset/elections-voting-locations/,2026-02-20,official_open_toronto_point,,verified_official_point,Open Government Licence - Toronto,"Processed polling_division_name comes from Toronto voter-statistics voting-place labels for ordinary rows, but no verified address or coordinate field is present in the repository.",15049,49
municipal_2023_mayor,municipal_2023_mayor__15050,Leaside Public Public Library,165 McRae Dr,165 McRae Dr,43.70646082,-79.36755982,Open Toronto Elections Voting Locations,https://open.toronto.ca/dataset/elections-voting-locations/,2026-02-20,official_open_toronto_point,,verified_official_point,Open Government Licence - Toronto,"Processed polling_division_name comes from Toronto voter-statistics voting-place labels for ordinary rows, but no verified address or coordinate field is present in the repository.",15050,1017
municipal_2023_mayor,municipal_2023_mayor__15051,Leaside United Church,822 Millwood Rd,822 Millwood Rd,43.70528532,-79.36877170,Open Toronto Elections Voting Locations,https://open.toronto.ca/dataset/elections-voting-locations/,2026-02-20,official_open_toronto_point,,verified_official_point,Open Government Licence - Toronto,"Processed polling_division_name comes from Toronto voter-statistics voting-place labels for ordinary rows, but no verified address or coordinate field is present in the repository.",15051,2508
municipal_2023_mayor,municipal_2023_mayor__15052,Trace Manes Park,110 Rumsey Rd,110 Rumsey Rd,43.70567429,-79.36724335,Open Toronto Elections Voting Locations,https://open.toronto.ca/dataset/elections-voting-locations/,2026-02-20,official_open_toronto_point,,verified_official_point,Open Government Licence - Toronto,"Processed polling_division_name comes from Toronto voter-statistics voting-place labels for ordinary rows, but no verified address or coordinate field is present in the repository.",15052,1566
municipal_2023_mayor,municipal_2023_mayor__15053,Leaside Memorial Community Gardens - Building Grounds,1073 Millwood Rd,1073 Millwood Rd,43.70187039,-79.36080593,Open Toronto Elections Voting Locations,https://open.toronto.ca/dataset/elections-voting-locations/,2026-02-20,official_open_toronto_point,,verified_official_point,Open Government Licence - Toronto,"Processed polling_division_name comes from Toronto voter-statistics voting-place labels for ordinary rows, but no verified address or coordinate field is present in the repository.",15053,2238
municipal_2023_mayor,municipal_2023_mayor__15054,Bennington Heights School,76 Bennington Heights Dr,76 Bennington Heights Dr,43.69398540,-79.36877808,Open Toronto Elections Voting Locations,https://open.toronto.ca/dataset/elections-voting-locations/,2026-02-20,official_open_toronto_point,,verified_official_point,Open Government Licence - Toronto,"Processed polling_division_name comes from Toronto voter-statistics voting-place labels for ordinary rows, but no verified address or coordinate field is present in the repository.",15054,769
municipal_2023_mayor,municipal_2023_mayor__15055,Maurice Cody Community Centre - Building Grounds,181 Cleveland St,181 Cleveland St,43.70488066,-79.37834672,Open Toronto Elections Voting Locations,https://open.toronto.ca/dataset/elections-voting-locations/,2026-02-20,official_open_toronto_point,,verified_official_point,Open Government Licence - Toronto,"Processed polling_division_name comes from Toronto voter-statistics voting-place labels for ordinary rows, but no verified address or coordinate field is present in the repository.",15055,2666
municipal_2023_mayor,municipal_2023_mayor__15056,Hodgson Senior Public School,282 Davisville Ave,282 Davisville Ave,43.70109500,-79.38479329,Open Toronto Elections Voting Locations,https://open.toronto.ca/dataset/elections-voting-locations/,2026-02-20,official_open_toronto_point,,verified_official_point,Open Government Licence - Toronto,"Processed polling_division_name comes from Toronto voter-statistics voting-place labels for ordinary rows, but no verified address or coordinate field is present in the repository.",15056,2665
municipal_2023_mayor,municipal_2023_mayor__15057,Manor Road United Church,240 Manor Rd E,240 Manor Rd E,43.70513387,-79.38556483,Open Toronto Elections Voting Locations,https://open.toronto.ca/dataset/elections-voting-locations/,2026-02-20,official_open_toronto_point,,verified_official_point,Open Government Licence - Toronto,"Processed polling_division_name comes from Toronto voter-statistics voting-place labels for ordinary rows, but no verified address or coordinate field is present in the repository.",15057,2440
municipal_2023_mayor,municipal_2023_mayor__16001,Rene Gordon Elementary School,20 Karen Rd,20 Karen Rd,43.76190304,-79.34014306,Open Toronto Elections Voting Locations,https://open.toronto.ca/dataset/elections-voting-locations/,2026-02-20,official_open_toronto_point,,verified_official_point,Open Government Licence - Toronto,"Processed polling_division_name comes from Toronto voter-statistics voting-place labels for ordinary rows, but no verified address or coordinate field is present in the repository.",16001,4221
municipal_2023_mayor,municipal_2023_mayor__16002,Operating Engineers Local 793 Co-Op,2020 Don Mills Rd,2020 Don Mills Rd,43.76278414,-79.34783400,Open Toronto Elections Voting Locations,https://open.toronto.ca/dataset/elections-voting-locations/,2026-02-20,official_open_toronto_point,,verified_official_point,Open Government Licence - Toronto,"Processed polling_division_name comes from Toronto voter-statistics voting-place labels for ordinary rows, but no verified address or coordinate field is present in the repository.",16002,774
municipal_2023_mayor,municipal_2023_mayor__16004,Donview Middle School,20 Evermede Dr,20 Evermede Dr,43.76418772,-79.33143831,Open Toronto Elections Voting Locations,https://open.toronto.ca/dataset/elections-voting-locations/,2026-02-20,official_open_toronto_point,,verified_official_point,Open Government Licence - Toronto,"Processed polling_division_name comes from Toronto voter-statistics voting-place labels for ordinary rows, but no verified address or coordinate field is present in the repository.",16004,2456
municipal_2023_mayor,municipal_2023_mayor__16006,Fenside Public School,131 Fenside Dr,131 Fenside Dr,43.76458052,-79.32912658,Open Toronto Elections Voting Locations,https://open.toronto.ca/dataset/elections-voting-locations/,2026-02-20,official_open_toronto_point,,verified_official_point,Open Government Licence - Toronto,"Processed polling_division_name comes from Toronto voter-statistics voting-place labels for ordinary rows, but no verified address or coordinate field is present in the repository.",16006,1737
municipal_2023_mayor,municipal_2023_mayor__16007,Roywood Public School,11 Roywood Dr,11 Roywood Dr,43.76472407,-79.32177318,Open Toronto Elections Voting Locations,https://open.toronto.ca/dataset/elections-voting-locations/,2026-02-20,official_open_toronto_point,,verified_official_point,Open Government Licence - Toronto,"Processed polling_division_name comes from Toronto voter-statistics voting-place labels for ordinary rows, but no verified address or coordinate field is present in the repository.",16007,1893
municipal_2023_mayor,municipal_2023_mayor__16009,Rayoak Place Retirement Residence,1340 York Mills Rd,1340 York Mills Rd,43.76311259,-79.32017296,Open Toronto Elections Voting Locations,https://open.toronto.ca/dataset/elections-voting-locations/,2026-02-20,official_open_toronto_point,,verified_official_point,Open Government Licence - Toronto,"Processed polling_division_name comes from Toronto voter-statistics voting-place labels for ordinary rows, but no verified address or coordinate field is present in the repository.",16009,51
municipal_2023_mayor,municipal_2023_mayor__16011,Victoria Park Secondary School,15 Wallingford Rd,15 Wallingford Rd,43.75605934,-79.32146442,Open Toronto Elections Voting Locations,https://open.toronto.ca/dataset/elections-voting-locations/,2026-02-20,official_open_toronto_point,,verified_official_point,Open Government Licence - Toronto,"Processed polling_division_name comes from Toronto voter-statistics voting-place labels for ordinary rows, but no verified address or coordinate field is present in the repository.",16011,2913
municipal_2023_mayor,municipal_2023_mayor__16012,Brookbanks Public Library,210 Brookbanks Dr,210 Brookbanks Dr,43.75954132,-79.32590115,Open Toronto Elections Voting Locations,https://open.toronto.ca/dataset/elections-voting-locations/,2026-02-20,official_open_toronto_point,,verified_official_point,Open Government Licence - Toronto,"Processed polling_division_name comes from Toronto voter-statistics voting-place labels for ordinary rows, but no verified address or coordinate field is present in the repository.",16012,803
municipal_2023_mayor,municipal_2023_mayor__16013,Ranchdale Public School,60 Ranchdale Cres,60 Ranchdale Cres,43.75245800,-79.32329144,Open Toronto Elections Voting Locations,https://open.toronto.ca/dataset/elections-voting-locations/,2026-02-20,official_open_toronto_point,,verified_official_point,Open Government Licence - Toronto,"Processed polling_division_name comes from Toronto voter-statistics voting-place labels for ordinary rows, but no verified address or coordinate field is present in the repository.",16013,944
municipal_2023_mayor,municipal_2023_mayor__16014,Annunciation Catholic School,65 Avonwick Gt,65 Avonwick Gt,43.75311448,-79.32105033,Open Toronto Elections Voting Locations,https://open.toronto.ca/dataset/elections-voting-locations/,2026-02-20,official_open_toronto_point,,verified_official_point,Open Government Licence - Toronto,"Processed polling_division_name comes from Toronto voter-statistics voting-place labels for ordinary rows, but no verified address or coordinate field is present in the repository.",16014,2644
municipal_2023_mayor,municipal_2023_mayor__16016,None,1800 O'Connor Dr,1800 O'Connor Dr,43.72046462,-79.30486084,Open Toronto Elections Voting Locations,https://open.toronto.ca/dataset/elections-voting-locations/,2026-02-20,official_open_toronto_point,,verified_official_point,Open Government Licence - Toronto,"Processed polling_division_name comes from Toronto voter-statistics voting-place labels for ordinary rows, but no verified address or coordinate field is present in the repository.",16016,118
municipal_2023_mayor,municipal_2023_mayor__16017,None,1800 O'Connor Dr,1800 O'Connor Dr,43.72046462,-79.30486084,Open Toronto Elections Voting Locations,https://open.toronto.ca/dataset/elections-voting-locations/,2026-02-20,official_open_toronto_point,,verified_official_point,Open Government Licence - Toronto,"Processed polling_division_name comes from Toronto voter-statistics voting-place labels for ordinary rows, but no verified address or coordinate field is present in the repository.",16017,
municipal_2023_mayor,municipal_2023_mayor__16018,Broadlands CC,19 Castlegrove Blvd,19 Castlegrove Blvd,43.74567142,-79.32275836,Open Toronto Elections Voting Locations,https://open.toronto.ca/dataset/elections-voting-locations/,2026-02-20,official_open_toronto_point,,verified_official_point,Open Government Licence - Toronto,"Processed polling_division_name comes from Toronto voter-statistics voting-place labels for ordinary rows, but no verified address or coordinate field is present in the repository.",16018,1878
municipal_2023_mayor,municipal_2023_mayor__16019,St. Catherine Catholic School,30 Roanoke Rd,30 Roanoke Rd,43.74233527,-79.32473908,Open Toronto Elections Voting Locations,https://open.toronto.ca/dataset/elections-voting-locations/,2026-02-20,official_open_toronto_point,,verified_official_point,Open Government Licence - Toronto,"Processed polling_division_name comes from Toronto voter-statistics voting-place labels for ordinary rows, but no verified address or coordinate field is present in the repository.",16019,2375
municipal_2023_mayor,municipal_2023_mayor__16020,Cassandra Public School,45 Cassandra Blvd,45 Cassandra Blvd,43.74842501,-79.32890148,Open Toronto Elections Voting Locations,https://open.toronto.ca/dataset/elections-voting-locations/,2026-02-20,official_open_toronto_point,,verified_official_point,Open Government Licence - Toronto,"Processed polling_division_name comes from Toronto voter-statistics voting-place labels for ordinary rows, but no verified address or coordinate field is present in the repository.",16020,2448
municipal_2023_mayor,municipal_2023_mayor__16021,Three Valleys Public School,76 Three Valleys Dr,76 Three Valleys Dr,43.75068066,-79.33760440,Open Toronto Elections Voting Locations,https://open.toronto.ca/dataset/elections-voting-locations/,2026-02-20,official_open_toronto_point,,verified_official_point,Open Government Licence - Toronto,"Processed polling_division_name comes from Toronto voter-statistics voting-place labels for ordinary rows, but no verified address or coordinate field is present in the repository.",16021,1122
municipal_2023_mayor,municipal_2023_mayor__16022,Don Mills Middle School - Building Grounds,17 The Donway E,17 The Donway E,43.73637970,-79.33974710,Open Toronto Elections Voting Locations,https://open.toronto.ca/dataset/elections-voting-locations/,2026-02-20,official_open_toronto_point,,verified_official_point,Open Government Licence - Toronto,"Processed polling_division_name comes from Toronto voter-statistics voting-place labels for ordinary rows, but no verified address or coordinate field is present in the repository.",16022,2744
municipal_2023_mayor,municipal_2023_mayor__16023,Norman Ingram Public School,50 Duncairn Rd,50 Duncairn Rd,43.73995245,-79.34960615,Open Toronto Elections Voting Locations,https://open.toronto.ca/dataset/elections-voting-locations/,2026-02-20,official_open_toronto_point,,verified_official_point,Open Government Licence - Toronto,"Processed polling_division_name comes from Toronto voter-statistics voting-place labels for ordinary rows, but no verified address or coordinate field is present in the repository.",16023,3805
municipal_2023_mayor,municipal_2023_mayor__16025,Greenview Lodge Retirement Home,880 Lawrence Ave E,880 Lawrence Ave E,43.73636206,-79.34876150,Open Toronto Elections Voting Locations,https://open.toronto.ca/dataset/elections-voting-locations/,2026-02-20,official_open_toronto_point,,verified_official_point,Open Government Licence - Toronto,"Processed polling_division_name comes from Toronto voter-statistics voting-place labels for ordinary rows, but no verified address or coordinate field is present in the repository.",16025,57
municipal_2023_mayor,municipal_2023_mayor__16026,None,20 Sanderling Pl,20 Sanderling Pl,43.73390568,-79.34891843,Open Toronto Elections Voting Locations,https://open.toronto.ca/dataset/elections-voting-locations/,2026-02-20,official_open_toronto_point,,verified_official_point,Open Government Licence - Toronto,"Processed polling_division_name comes from Toronto voter-statistics voting-place labels for ordinary rows, but no verified address or coordinate field is present in the repository.",16026,1590
municipal_2023_mayor,municipal_2023_mayor__16028,None,1 Overland Dr,1 Overland Dr,43.73244198,-79.34691903,Open Toronto Elections Voting Locations,https://open.toronto.ca/dataset/elections-voting-locations/,2026-02-20,official_open_toronto_point,,verified_official_point,Open Government Licence - Toronto,"Processed polling_division_name comes from Toronto voter-statistics voting-place labels for ordinary rows, but no verified address or coordinate field is present in the repository.",16028,92
municipal_2023_mayor,municipal_2023_mayor__16029,Overland Learning Centre,55 Overland Dr,55 Overland Dr,43.73179772,-79.34848361,Open Toronto Elections Voting Locations,https://open.toronto.ca/dataset/elections-voting-locations/,2026-02-20,official_open_toronto_point,,verified_official_point,Open Government Licence - Toronto,"Processed polling_division_name comes from Toronto voter-statistics voting-place labels for ordinary rows, but no verified address or coordinate field is present in the repository.",16029,1030
municipal_2023_mayor,municipal_2023_mayor__16030,None,1105 Leslie St,1105 Leslie St,43.72077374,-79.34861947,Open Toronto Elections Voting Locations,https://open.toronto.ca/dataset/elections-voting-locations/,2026-02-20,official_open_toronto_point,,verified_official_point,Open Government Licence - Toronto,"Processed polling_division_name comes from Toronto voter-statistics voting-place labels for ordinary rows, but no verified address or coordinate field is present in the repository.",16030,593
municipal_2023_mayor,municipal_2023_mayor__16031,Greenland Public School,15 Greenland Rd,15 Greenland Rd,43.73360704,-79.33853293,Open Toronto Elections Voting Locations,https://open.toronto.ca/dataset/elections-voting-locations/,2026-02-20,official_open_toronto_point,,verified_official_point,Open Government Licence - Toronto,"Processed polling_division_name comes from Toronto voter-statistics voting-place labels for ordinary rows, but no verified address or coordinate field is present in the repository.",16031,2663
municipal_2023_mayor,municipal_2023_mayor__16032,Donway Place,8 The Donway E,8 The Donway E,43.73471241,-79.34045299,Open Toronto Elections Voting Locations,https://open.toronto.ca/dataset/elections-voting-locations/,2026-02-20,official_open_toronto_point,,verified_official_point,Open Government Licence - Toronto,"Processed polling_division_name comes from Toronto voter-statistics voting-place labels for ordinary rows, but no verified address or coordinate field is present in the repository.",16032,456
municipal_2023_mayor,municipal_2023_mayor__16033,Victoria Village Public School,88 Sweeney Dr,88 Sweeney Dr,43.73595942,-79.31418208,Open Toronto Elections Voting Locations,https://open.toronto.ca/dataset/elections-voting-locations/,2026-02-20,official_open_toronto_point,,verified_official_point,Open Government Licence - Toronto,"Processed polling_division_name comes from Toronto voter-statistics voting-place labels for ordinary rows, but no verified address or coordinate field is present in the repository.",16033,1695
municipal_2023_mayor,municipal_2023_mayor__16034,Victoria Village Library - Building Grounds,184 Sloane Ave,184 Sloane Ave,43.73597132,-79.31289283,Open Toronto Elections Voting Locations,https://open.toronto.ca/dataset/elections-voting-locations/,2026-02-20,official_open_toronto_point,,verified_official_point,Open Government Licence - Toronto,"Processed polling_division_name comes from Toronto voter-statistics voting-place labels for ordinary rows, but no verified address or coordinate field is present in the repository.",16034,2120
municipal_2023_mayor,municipal_2023_mayor__16035,Sloane Public School,110 Sloane Ave,110 Sloane Ave,43.73121223,-79.31033966,Open Toronto Elections Voting Locations,https://open.toronto.ca/dataset/elections-voting-locations/,2026-02-20,official_open_toronto_point,,verified_official_point,Open Government Licence - Toronto,"Processed polling_division_name comes from Toronto voter-statistics voting-place labels for ordinary rows, but no verified address or coordinate field is present in the repository.",16035,3540
municipal_2023_mayor,municipal_2023_mayor__16036,Emmanuel Lutheran Manor,1684 Victoria Park Ave,1684 Victoria Park Ave,43.73288068,-79.30659371,Open Toronto Elections Voting Locations,https://open.toronto.ca/dataset/elections-voting-locations/,2026-02-20,official_open_toronto_point,,verified_official_point,Open Government Licence - Toronto,"Processed polling_division_name comes from Toronto voter-statistics voting-place labels for ordinary rows, but no verified address or coordinate field is present in the repository.",16036,961
municipal_2023_mayor,municipal_2023_mayor__16037,Golden Gate Apartments,1780 Eglinton Ave E,1780 Eglinton Ave E,43.72537920,-79.30499882,Open Toronto Elections Voting Locations,https://open.toronto.ca/dataset/elections-voting-locations/,2026-02-20,official_open_toronto_point,,verified_official_point,Open Government Licence - Toronto,"Processed polling_division_name comes from Toronto voter-statistics voting-place labels for ordinary rows, but no verified address or coordinate field is present in the repository.",16037,994
municipal_2023_mayor,municipal_2023_mayor__16039,None,18 Concorde Pl,18 Concorde Pl,43.73140730,-79.32856485,Open Toronto Elections Voting Locations,https://open.toronto.ca/dataset/elections-voting-locations/,2026-02-20,official_open_toronto_point,,verified_official_point,Open Government Licence - Toronto,"Processed polling_division_name comes from Toronto voter-statistics voting-place labels for ordinary rows, but no verified address or coordinate field is present in the repository.",16039,371
municipal_2023_mayor,municipal_2023_mayor__16040,None,16 Concorde Pl,16 Concorde Pl,43.73098595,-79.32870530,Open Toronto Elections Voting Locations,https://open.toronto.ca/dataset/elections-voting-locations/,2026-02-20,official_open_toronto_point,,verified_official_point,Open Government Licence - Toronto,"Processed polling_division_name comes from Toronto voter-statistics voting-place labels for ordinary rows, but no verified address or coordinate field is present in the repository.",16040,170
municipal_2023_mayor,municipal_2023_mayor__16041,Concorde Park,5 Concorde Pl,5 Concorde Pl,43.72991074,-79.32727694,Open Toronto Elections Voting Locations,https://open.toronto.ca/dataset/elections-voting-locations/,2026-02-20,official_open_toronto_point,,verified_official_point,Open Government Licence - Toronto,"Processed polling_division_name comes from Toronto voter-statistics voting-place labels for ordinary rows, but no verified address or coordinate field is present in the repository.",16041,1301
municipal_2023_mayor,municipal_2023_mayor__16042,Concorde Place,1 Concorde Pl,1 Concorde Pl,43.72862177,-79.32757075,Open Toronto Elections Voting Locations,https://open.toronto.ca/dataset/elections-voting-locations/,2026-02-20,official_open_toronto_point,,verified_official_point,Open Government Licence - Toronto,"Processed polling_division_name comes from Toronto voter-statistics voting-place labels for ordinary rows, but no verified address or coordinate field is present in the repository.",16042,515
municipal_2023_mayor,municipal_2023_mayor__16043,None,75 Wynford Heights Cres,75 Wynford Heights Cres,43.72860016,-79.32617168,Open Toronto Elections Voting Locations,https://open.toronto.ca/dataset/elections-voting-locations/,2026-02-20,official_open_toronto_point,,verified_official_point,Open Government Licence - Toronto,"Processed polling_division_name comes from Toronto voter-statistics voting-place labels for ordinary rows, but no verified address or coordinate field is present in the repository.",16043,254
municipal_2023_mayor,municipal_2023_mayor__16044,Wynford North,65 Wynford Heights Cres,65 Wynford Heights Cres,43.72830959,-79.32413856,Open Toronto Elections Voting Locations,https://open.toronto.ca/dataset/elections-voting-locations/,2026-02-20,official_open_toronto_point,,verified_official_point,Open Government Licence - Toronto,"Processed polling_division_name comes from Toronto voter-statistics voting-place labels for ordinary rows, but no verified address or coordinate field is present in the repository.",16044,530
municipal_2023_mayor,municipal_2023_mayor__16045,None,55 Wynford Heights Cres,55 Wynford Heights Cres,43.72730190,-79.32504764,Open Toronto Elections Voting Locations,https://open.toronto.ca/dataset/elections-voting-locations/,2026-02-20,official_open_toronto_point,,verified_official_point,Open Government Licence - Toronto,"Processed polling_division_name comes from Toronto voter-statistics voting-place labels for ordinary rows, but no verified address or coordinate field is present in the repository.",16045,553
municipal_2023_mayor,municipal_2023_mayor__16046,Wynford South,45 Wynford Heights Cres,45 Wynford Heights Cres,43.72698161,-79.32554877,Open Toronto Elections Voting Locations,https://open.toronto.ca/dataset/elections-voting-locations/,2026-02-20,official_open_toronto_point,,verified_official_point,Open Government Licence - Toronto,"Processed polling_division_name comes from Toronto voter-statistics voting-place labels for ordinary rows, but no verified address or coordinate field is present in the repository.",16046,601
municipal_2023_mayor,municipal_2023_mayor__16047,Wynford Tower,35 Wynford Heights Cres,35 Wynford Heights Cres,43.72631029,-79.32622283,Open Toronto Elections Voting Locations,https://open.toronto.ca/dataset/elections-voting-locations/,2026-02-20,official_open_toronto_point,,verified_official_point,Open Government Licence - Toronto,"Processed polling_division_name comes from Toronto voter-statistics voting-place labels for ordinary rows, but no verified address or coordinate field is present in the repository.",16047,374
municipal_2023_mayor,municipal_2023_mayor__16048,None,133 Wynford Dr,133 Wynford Dr,43.72678432,-79.32812125,Open Toronto Elections Voting Locations,https://open.toronto.ca/dataset/elections-voting-locations/,2026-02-20,official_open_toronto_point,,verified_official_point,Open Government Licence - Toronto,"Processed polling_division_name comes from Toronto voter-statistics voting-place labels for ordinary rows, but no verified address or coordinate field is present in the repository.",16048,663
municipal_2023_mayor,municipal_2023_mayor__16049,None,181 Wynford Dr,181 Wynford Dr,43.72506377,-79.32870421,Open Toronto Elections Voting Locations,https://open.toronto.ca/dataset/elections-voting-locations/,2026-02-20,official_open_toronto_point,,verified_official_point,Open Government Licence - Toronto,"Processed polling_division_name comes from Toronto voter-statistics voting-place labels for ordinary rows, but no verified address or coordinate field is present in the repository.",16049,580
municipal_2023_mayor,municipal_2023_mayor__16050,None,187 Wynford Dr,187 Wynford Dr,43.72474387,-79.32612398,Open Toronto Elections Voting Locations,https://open.toronto.ca/dataset/elections-voting-locations/,2026-02-20,official_open_toronto_point,,verified_official_point,Open Government Licence - Toronto,"Processed polling_division_name comes from Toronto voter-statistics voting-place labels for ordinary rows, but no verified address or coordinate field is present in the repository.",16050,66
municipal_2023_mayor,municipal_2023_mayor__16051,None,205 Wynford Dr,205 Wynford Dr,43.72374302,-79.32623521,Open Toronto Elections Voting Locations,https://open.toronto.ca/dataset/elections-voting-locations/,2026-02-20,official_open_toronto_point,,verified_official_point,Open Government Licence - Toronto,"Processed polling_division_name comes from Toronto voter-statistics voting-place labels for ordinary rows, but no verified address or coordinate field is present in the repository.",16051,1063
municipal_2023_mayor,municipal_2023_mayor__16052,Dennis R. Timbrell Resource Centre,29 St Dennis Dr,29 St Dennis Dr,43.71794068,-79.33168736,Open Toronto Elections Voting Locations,https://open.toronto.ca/dataset/elections-voting-locations/,2026-02-20,official_open_toronto_point,,verified_official_point,Open Government Licence - Toronto,"Processed polling_division_name comes from Toronto voter-statistics voting-place labels for ordinary rows, but no verified address or coordinate field is present in the repository.",16052,2289
municipal_2023_mayor,municipal_2023_mayor__16053,None,5 Deauville Lane,5 Deauville Lane,43.71781206,-79.33053852,Open Toronto Elections Voting Locations,https://open.toronto.ca/dataset/elections-voting-locations/,2026-02-20,official_open_toronto_point,,verified_official_point,Open Government Licence - Toronto,"Processed polling_division_name comes from Toronto voter-statistics voting-place labels for ordinary rows, but no verified address or coordinate field is present in the repository.",16053,93
municipal_2023_mayor,municipal_2023_mayor__16054,Glenyan Manor,10 Deauville Lane,10 Deauville Lane,43.71754512,-79.33166909,Open Toronto Elections Voting Locations,https://open.toronto.ca/dataset/elections-voting-locations/,2026-02-20,official_open_toronto_point,,verified_official_point,Open Government Licence - Toronto,"Processed polling_division_name comes from Toronto voter-statistics voting-place labels for ordinary rows, but no verified address or coordinate field is present in the repository.",16054,269
municipal_2023_mayor,municipal_2023_mayor__16055,None,10 Grenoble Dr,10 Grenoble Dr,43.71642136,-79.33440430,Open Toronto Elections Voting Locations,https://open.toronto.ca/dataset/elections-voting-locations/,2026-02-20,official_open_toronto_point,,verified_official_point,Open Government Licence - Toronto,"Processed polling_division_name comes from Toronto voter-statistics voting-place labels for ordinary rows, but no verified address or coordinate field is present in the repository.",16055,542
municipal_2023_mayor,municipal_2023_mayor__16056,None,7 St Dennis Dr,7 St Dennis Dr,43.71600750,-79.33622610,Open Toronto Elections Voting Locations,https://open.toronto.ca/dataset/elections-voting-locations/,2026-02-20,official_open_toronto_point,,verified_official_point,Open Government Licence - Toronto,"Processed polling_division_name comes from Toronto voter-statistics voting-place labels for ordinary rows, but no verified address or coordinate field is present in the repository.",16056,540
municipal_2023_mayor,municipal_2023_mayor__16057,Grenoble Public School,9 Grenoble Dr,9 Grenoble Dr,43.71543109,-79.33275975,Open Toronto Elections Voting Locations,https://open.toronto.ca/dataset/elections-voting-locations/,2026-02-20,official_open_toronto_point,,verified_official_point,Open Government Licence - Toronto,"Processed polling_division_name comes from Toronto voter-statistics voting-place labels for ordinary rows, but no verified address or coordinate field is present in the repository.",16057,3654
municipal_2023_mayor,municipal_2023_mayor__16058,Valley Park Middle School,130 Overlea Blvd,130 Overlea Blvd,43.71044059,-79.33587052,Open Toronto Elections Voting Locations,https://open.toronto.ca/dataset/elections-voting-locations/,2026-02-20,official_open_toronto_point,,verified_official_point,Open Government Licence - Toronto,"Processed polling_division_name comes from Toronto voter-statistics voting-place labels for ordinary rows, but no verified address or coordinate field is present in the repository.",16058,1197
municipal_2023_mayor,municipal_2023_mayor__16059,None,701 Don Mills Rd,701 Don Mills Rd,43.70831329,-79.33284546,Open Toronto Elections Voting Locations,https://open.toronto.ca/dataset/elections-voting-locations/,2026-02-20,official_open_toronto_point,,verified_official_point,Open Government Licence - Toronto,"Processed polling_division_name comes from Toronto voter-statistics voting-place labels for ordinary rows, but no verified address or coordinate field is present in the repository.",16059,657
municipal_2023_mayor,municipal_2023_mayor__16060,Gateway Public School,55 Gateway Blvd,55 Gateway Blvd,43.71172622,-79.33100915,Open Toronto Elections Voting Locations,https://open.toronto.ca/dataset/elections-voting-locations/,2026-02-20,official_open_toronto_point,,verified_official_point,Open Government Licence - Toronto,"Processed polling_division_name comes from Toronto voter-statistics voting-place labels for ordinary rows, but no verified address or coordinate field is present in the repository.",16060,1930
municipal_2023_mayor,municipal_2023_mayor__16061,None,75 Pavane Linkway,75 Pavane Linkway,43.71109023,-79.32394889,Open Toronto Elections Voting Locations,https://open.toronto.ca/dataset/elections-voting-locations/,2026-02-20,official_open_toronto_point,,verified_official_point,Open Government Licence - Toronto,"Processed polling_division_name comes from Toronto voter-statistics voting-place labels for ordinary rows, but no verified address or coordinate field is present in the repository.",16061,1739
municipal_2023_mayor,municipal_2023_mayor__16062,Wynford Park Recreation Centre,15 Club Golfway,15 Club Golfway,43.71848134,-79.32558619,Open Toronto Elections Voting Locations,https://open.toronto.ca/dataset/elections-voting-locations/,2026-02-20,official_open_toronto_point,,verified_official_point,Open Government Licence - Toronto,"Processed polling_division_name comes from Toronto voter-statistics voting-place labels for ordinary rows, but no verified address or coordinate field is present in the repository.",16062,2013
municipal_2023_mayor,municipal_2023_mayor__16063,None,2 Sonic Way,2 Sonic Way,43.71949691,-79.33640840,Open Toronto Elections Voting Locations,https://open.toronto.ca/dataset/elections-voting-locations/,2026-02-20,official_open_toronto_point,,verified_official_point,Open Government Licence - Toronto,"Processed polling_division_name comes from Toronto voter-statistics voting-place labels for ordinary rows, but no verified address or coordinate field is present in the repository.",16063,754
municipal_2023_mayor,municipal_2023_mayor__16065,None,1420 Victoria Park Ave,1420 Victoria Park Ave,43.72146320,-79.30245546,Open Toronto Elections Voting Locations,https://open.toronto.ca/dataset/elections-voting-locations/,2026-02-20,official_open_toronto_point,,verified_official_point,Open Government Licence - Toronto,"Processed polling_division_name comes from Toronto voter-statistics voting-place labels for ordinary rows, but no verified address or coordinate field is present in the repository.",16065,347
municipal_2023_mayor,municipal_2023_mayor__16066,None,22 Sunrise Ave,22 Sunrise Ave,43.71967002,-79.30205998,Open Toronto Elections Voting Locations,https://open.toronto.ca/dataset/elections-voting-locations/,2026-02-20,official_open_toronto_point,,verified_official_point,Open Government Licence - Toronto,"Processed polling_division_name comes from Toronto voter-statistics voting-place labels for ordinary rows, but no verified address or coordinate field is present in the repository.",16066,744
municipal_2023_mayor,municipal_2023_mayor__16067,Latvian Canadian Centre,4 Credit Union Dr,4 Credit Union Dr,43.72543223,-79.31900998,Open Toronto Elections Voting Locations,https://open.toronto.ca/dataset/elections-voting-locations/,2026-02-20,official_open_toronto_point,,verified_official_point,Open Government Licence - Toronto,"Processed polling_division_name comes from Toronto voter-statistics voting-place labels for ordinary rows, but no verified address or coordinate field is present in the repository.",16067,1403
municipal_2023_mayor,municipal_2023_mayor__17001,Gates of Bayview,4003 Bayview Ave,4003 Bayview Ave,43.80221640,-79.39285296,Open Toronto Elections Voting Locations,https://open.toronto.ca/dataset/elections-voting-locations/,2026-02-20,official_open_toronto_point,,verified_official_point,Open Government Licence - Toronto,"Processed polling_division_name comes from Toronto voter-statistics voting-place labels for ordinary rows, but no verified address or coordinate field is present in the repository.",17001,973
municipal_2023_mayor,municipal_2023_mayor__17002,Steelesview Public School,105 Bestview Dr,105 Bestview Dr,43.80266609,-79.38563286,Open Toronto Elections Voting Locations,https://open.toronto.ca/dataset/elections-voting-locations/,2026-02-20,official_open_toronto_point,,verified_official_point,Open Government Licence - Toronto,"Processed polling_division_name comes from Toronto voter-statistics voting-place labels for ordinary rows, but no verified address or coordinate field is present in the repository.",17002,1524
municipal_2023_mayor,municipal_2023_mayor__17003,The Gibson Long Term Care Centre,1925 Steeles Ave E,1925 Steeles Ave E,43.80765557,-79.37388734,Open Toronto Elections Voting Locations,https://open.toronto.ca/dataset/elections-voting-locations/,2026-02-20,official_open_toronto_point,,verified_official_point,Open Government Licence - Toronto,"Processed polling_division_name comes from Toronto voter-statistics voting-place labels for ordinary rows, but no verified address or coordinate field is present in the repository.",17003,126
municipal_2023_mayor,municipal_2023_mayor__17004,The Gibson Retirement Residence,1955 Steeles Ave E,1955 Steeles Ave E,43.80807055,-79.37316697,Open Toronto Elections Voting Locations,https://open.toronto.ca/dataset/elections-voting-locations/,2026-02-20,official_open_toronto_point,,verified_official_point,Open Government Licence - Toronto,"Processed polling_division_name comes from Toronto voter-statistics voting-place labels for ordinary rows, but no verified address or coordinate field is present in the repository.",17004,59
municipal_2023_mayor,municipal_2023_mayor__17005,A. Y. Jackson Secondary School,50 Francine Dr,50 Francine Dr,43.80526130,-79.36655529,Open Toronto Elections Voting Locations,https://open.toronto.ca/dataset/elections-voting-locations/,2026-02-20,official_open_toronto_point,,verified_official_point,Open Government Licence - Toronto,"Processed polling_division_name comes from Toronto voter-statistics voting-place labels for ordinary rows, but no verified address or coordinate field is present in the repository.",17005,960
municipal_2023_mayor,municipal_2023_mayor__17006,Cliffwood Public School,140 Cliffwood Rd,140 Cliffwood Rd,43.80629209,-79.36006860,Open Toronto Elections Voting Locations,https://open.toronto.ca/dataset/elections-voting-locations/,2026-02-20,official_open_toronto_point,,verified_official_point,Open Government Licence - Toronto,"Processed polling_division_name comes from Toronto voter-statistics voting-place labels for ordinary rows, but no verified address or coordinate field is present in the repository.",17006,1859
municipal_2023_mayor,municipal_2023_mayor__17007,Cliffwood Manor - T.C.H. - Building Grounds,4000 Don Mills Rd,4000 Don Mills Rd,43.81037796,-79.36147583,Open Toronto Elections Voting Locations,https://open.toronto.ca/dataset/elections-voting-locations/,2026-02-20,official_open_toronto_point,,verified_official_point,Open Government Licence - Toronto,"Processed polling_division_name comes from Toronto voter-statistics voting-place labels for ordinary rows, but no verified address or coordinate field is present in the repository.",17007,443
municipal_2023_mayor,municipal_2023_mayor__17009,Arbor Glen Public School,55 Freshmeadow Dr,55 Freshmeadow Dr,43.80948639,-79.35570944,Open Toronto Elections Voting Locations,https://open.toronto.ca/dataset/elections-voting-locations/,2026-02-20,official_open_toronto_point,,verified_official_point,Open Government Licence - Toronto,"Processed polling_division_name comes from Toronto voter-statistics voting-place labels for ordinary rows, but no verified address or coordinate field is present in the repository.",17009,1980
municipal_2023_mayor,municipal_2023_mayor__17010,Highland Junior High School,201 Cliffwood Rd,201 Cliffwood Rd,43.80686038,-79.35544809,Open Toronto Elections Voting Locations,https://open.toronto.ca/dataset/elections-voting-locations/,2026-02-20,official_open_toronto_point,,verified_official_point,Open Government Licence - Toronto,"Processed polling_division_name comes from Toronto voter-statistics voting-place labels for ordinary rows, but no verified address or coordinate field is present in the repository.",17010,905
municipal_2023_mayor,municipal_2023_mayor__17011,Hillmount Public School,245 McNicoll Ave,245 McNicoll Ave,43.79940759,-79.35072651,Open Toronto Elections Voting Locations,https://open.toronto.ca/dataset/elections-voting-locations/,2026-02-20,official_open_toronto_point,,verified_official_point,Open Government Licence - Toronto,"Processed polling_division_name comes from Toronto voter-statistics voting-place labels for ordinary rows, but no verified address or coordinate field is present in the repository.",17011,1758
municipal_2023_mayor,municipal_2023_mayor__17012,Cresthaven Public School,46 Cresthaven Dr,46 Cresthaven Dr,43.79721914,-79.36354025,Open Toronto Elections Voting Locations,https://open.toronto.ca/dataset/elections-voting-locations/,2026-02-20,official_open_toronto_point,,verified_official_point,Open Government Licence - Toronto,"Processed polling_division_name comes from Toronto voter-statistics voting-place labels for ordinary rows, but no verified address or coordinate field is present in the repository.",17012,1798
municipal_2023_mayor,municipal_2023_mayor__17013,Cummer Park Community Centre,6000 Leslie St,6000 Leslie St,43.80009517,-79.37125897,Open Toronto Elections Voting Locations,https://open.toronto.ca/dataset/elections-voting-locations/,2026-02-20,official_open_toronto_point,,verified_official_point,Open Government Licence - Toronto,"Processed polling_division_name comes from Toronto voter-statistics voting-place labels for ordinary rows, but no verified address or coordinate field is present in the repository.",17013,1716
municipal_2023_mayor,municipal_2023_mayor__17014,"Pineway Public School,Pineway Park",110 Pineway Blvd,110 Pineway Blvd,43.79641778,-79.37451552,Open Toronto Elections Voting Locations,https://open.toronto.ca/dataset/elections-voting-locations/,2026-02-20,official_open_toronto_point,,verified_official_point,Open Government Licence - Toronto,"Processed polling_division_name comes from Toronto voter-statistics voting-place labels for ordinary rows, but no verified address or coordinate field is present in the repository.",17014,1303
municipal_2023_mayor,municipal_2023_mayor__17015,Extendicare - Bayview Villa,550 Cummer Ave,550 Cummer Ave,43.79366401,-79.39092141,Open Toronto Elections Voting Locations,https://open.toronto.ca/dataset/elections-voting-locations/,2026-02-20,official_open_toronto_point,,verified_official_point,Open Government Licence - Toronto,"Processed polling_division_name comes from Toronto voter-statistics voting-place labels for ordinary rows, but no verified address or coordinate field is present in the repository.",17015,104
municipal_2023_mayor,municipal_2023_mayor__17016,St. Joseph's Convent,3377 Bayview Ave,3377 Bayview Ave,43.79713693,-79.39208061,Open Toronto Elections Voting Locations,https://open.toronto.ca/dataset/elections-voting-locations/,2026-02-20,official_open_toronto_point,,verified_official_point,Open Government Licence - Toronto,"Processed polling_division_name comes from Toronto voter-statistics voting-place labels for ordinary rows, but no verified address or coordinate field is present in the repository.",17016,2715
municipal_2023_mayor,municipal_2023_mayor__17017,Blessed Trinity Catholic School,3205 Bayview Ave,3205 Bayview Ave,43.78689754,-79.39182620,Open Toronto Elections Voting Locations,https://open.toronto.ca/dataset/elections-voting-locations/,2026-02-20,official_open_toronto_point,,verified_official_point,Open Government Licence - Toronto,"Processed polling_division_name comes from Toronto voter-statistics voting-place labels for ordinary rows, but no verified address or coordinate field is present in the repository.",17017,1775
municipal_2023_mayor,municipal_2023_mayor__17019,All Saints Greek Orthodox Church,3125 Bayview Ave,3125 Bayview Ave,43.78160707,-79.39062683,Open Toronto Elections Voting Locations,https://open.toronto.ca/dataset/elections-voting-locations/,2026-02-20,official_open_toronto_point,,verified_official_point,Open Government Licence - Toronto,"Processed polling_division_name comes from Toronto voter-statistics voting-place labels for ordinary rows, but no verified address or coordinate field is present in the repository.",17019,1481
municipal_2023_mayor,municipal_2023_mayor__17020,Bayview Middle School,25 Bunty Lane,25 Bunty Lane,43.77626223,-79.38529468,Open Toronto Elections Voting Locations,https://open.toronto.ca/dataset/elections-voting-locations/,2026-02-20,official_open_toronto_point,,verified_official_point,Open Government Licence - Toronto,"Processed polling_division_name comes from Toronto voter-statistics voting-place labels for ordinary rows, but no verified address or coordinate field is present in the repository.",17020,1994
municipal_2023_mayor,municipal_2023_mayor__17021,Ecole elementaire Paul-Demers,100 Ravel Rd,100 Ravel Rd,43.79195184,-79.36734039,Open Toronto Elections Voting Locations,https://open.toronto.ca/dataset/elections-voting-locations/,2026-02-20,official_open_toronto_point,,verified_official_point,Open Government Licence - Toronto,"Processed polling_division_name comes from Toronto voter-statistics voting-place labels for ordinary rows, but no verified address or coordinate field is present in the repository.",17021,770
municipal_2023_mayor,municipal_2023_mayor__17022,Crestview Public School,101 Seneca Hill Dr,101 Seneca Hill Dr,43.78843218,-79.35984660,Open Toronto Elections Voting Locations,https://open.toronto.ca/dataset/elections-voting-locations/,2026-02-20,official_open_toronto_point,,verified_official_point,Open Government Licence - Toronto,"Processed polling_division_name comes from Toronto voter-statistics voting-place labels for ordinary rows, but no verified address or coordinate field is present in the repository.",17022,2125
municipal_2023_mayor,municipal_2023_mayor__17025,Immanuel Baptist Church,1100 Finch Ave E,1100 Finch Ave E,43.79290384,-79.35630168,Open Toronto Elections Voting Locations,https://open.toronto.ca/dataset/elections-voting-locations/,2026-02-20,official_open_toronto_point,,verified_official_point,Open Government Licence - Toronto,"Processed polling_division_name comes from Toronto voter-statistics voting-place labels for ordinary rows, but no verified address or coordinate field is present in the repository.",17025,2573
municipal_2023_mayor,municipal_2023_mayor__17026,None,1555 Finch Ave E,1555 Finch Ave E,43.79255236,-79.35207152,Open Toronto Elections Voting Locations,https://open.toronto.ca/dataset/elections-voting-locations/,2026-02-20,official_open_toronto_point,,verified_official_point,Open Government Licence - Toronto,"Processed polling_division_name comes from Toronto voter-statistics voting-place labels for ordinary rows, but no verified address or coordinate field is present in the repository.",17026,934
municipal_2023_mayor,municipal_2023_mayor__17027,Seneca Hill Public School,625 Seneca Hill Dr,625 Seneca Hill Dr,43.79087042,-79.35029699,Open Toronto Elections Voting Locations,https://open.toronto.ca/dataset/elections-voting-locations/,2026-02-20,official_open_toronto_point,,verified_official_point,Open Government Licence - Toronto,"Processed polling_division_name comes from Toronto voter-statistics voting-place labels for ordinary rows, but no verified address or coordinate field is present in the repository.",17027,1409
municipal_2023_mayor,municipal_2023_mayor__17028,Seneca Village Park,1700 Finch Ave E,1700 Finch Ave E,43.79388391,-79.35129154,Open Toronto Elections Voting Locations,https://open.toronto.ca/dataset/elections-voting-locations/,2026-02-20,official_open_toronto_point,,verified_official_point,Open Government Licence - Toronto,"Processed polling_division_name comes from Toronto voter-statistics voting-place labels for ordinary rows, but no verified address or coordinate field is present in the repository.",17028,271
municipal_2023_mayor,municipal_2023_mayor__17029,None,55 Skymark Dr,55 Skymark Dr,43.79487570,-79.35200609,Open Toronto Elections Voting Locations,https://open.toronto.ca/dataset/elections-voting-locations/,2026-02-20,official_open_toronto_point,,verified_official_point,Open Government Licence - Toronto,"Processed polling_division_name comes from Toronto voter-statistics voting-place labels for ordinary rows, but no verified address or coordinate field is present in the repository.",17029,767
municipal_2023_mayor,municipal_2023_mayor__17030,None,85 Skymark Dr,85 Skymark Dr,43.79614144,-79.35394667,Open Toronto Elections Voting Locations,https://open.toronto.ca/dataset/elections-voting-locations/,2026-02-20,official_open_toronto_point,,verified_official_point,Open Government Licence - Toronto,"Processed polling_division_name comes from Toronto voter-statistics voting-place labels for ordinary rows, but no verified address or coordinate field is present in the repository.",17030,648
municipal_2023_mayor,municipal_2023_mayor__17032,Cherokee Public School,390 Cherokee Blvd,390 Cherokee Blvd,43.79876275,-79.33861474,Open Toronto Elections Voting Locations,https://open.toronto.ca/dataset/elections-voting-locations/,2026-02-20,official_open_toronto_point,,verified_official_point,Open Government Licence - Toronto,"Processed polling_division_name comes from Toronto voter-statistics voting-place labels for ordinary rows, but no verified address or coordinate field is present in the repository.",17032,2387
municipal_2023_mayor,municipal_2023_mayor__17033,Ernest Public School,150 Cherokee Blvd,150 Cherokee Blvd,43.79141547,-79.33738257,Open Toronto Elections Voting Locations,https://open.toronto.ca/dataset/elections-voting-locations/,2026-02-20,official_open_toronto_point,,verified_official_point,Open Government Licence - Toronto,"Processed polling_division_name comes from Toronto voter-statistics voting-place labels for ordinary rows, but no verified address or coordinate field is present in the repository.",17033,1725
municipal_2023_mayor,municipal_2023_mayor__17035,Pleasant View Junior High School,175 Brian Dr,175 Brian Dr,43.78748776,-79.33390321,Open Toronto Elections Voting Locations,https://open.toronto.ca/dataset/elections-voting-locations/,2026-02-20,official_open_toronto_point,,verified_official_point,Open Government Licence - Toronto,"Processed polling_division_name comes from Toronto voter-statistics voting-place labels for ordinary rows, but no verified address or coordinate field is present in the repository.",17035,1953
municipal_2023_mayor,municipal_2023_mayor__17036,Blessed Kateri Tekakwitha C S,70 Margaret Ave,70 Margaret Ave,43.78581971,-79.33805159,Open Toronto Elections Voting Locations,https://open.toronto.ca/dataset/elections-voting-locations/,2026-02-20,official_open_toronto_point,,verified_official_point,Open Government Licence - Toronto,"Processed polling_division_name comes from Toronto voter-statistics voting-place labels for ordinary rows, but no verified address or coordinate field is present in the repository.",17036,1975
municipal_2023_mayor,municipal_2023_mayor__17037,Kingslake Public School,90 Kingslake Rd,90 Kingslake Rd,43.78478191,-79.34553025,Open Toronto Elections Voting Locations,https://open.toronto.ca/dataset/elections-voting-locations/,2026-02-20,official_open_toronto_point,,verified_official_point,Open Government Licence - Toronto,"Processed polling_division_name comes from Toronto voter-statistics voting-place labels for ordinary rows, but no verified address or coordinate field is present in the repository.",17037,2583
municipal_2023_mayor,municipal_2023_mayor__17038,Oriole Community Resource Centre,2975 Don Mills Rd W,2975 Don Mills Rd W,43.78180090,-79.35127772,Open Toronto Elections Voting Locations,https://open.toronto.ca/dataset/elections-voting-locations/,2026-02-20,official_open_toronto_point,,verified_official_point,Open Government Licence - Toronto,"Processed polling_division_name comes from Toronto voter-statistics voting-place labels for ordinary rows, but no verified address or coordinate field is present in the repository.",17038,3300
municipal_2023_mayor,municipal_2023_mayor__17039,Don Valley Junior High School,3100 Don Mills Rd,3100 Don Mills Rd,43.78953291,-79.35496656,Open Toronto Elections Voting Locations,https://open.toronto.ca/dataset/elections-voting-locations/,2026-02-20,official_open_toronto_point,,verified_official_point,Open Government Licence - Toronto,"Processed polling_division_name comes from Toronto voter-statistics voting-place labels for ordinary rows, but no verified address or coordinate field is present in the repository.",17039,3030
municipal_2023_mayor,municipal_2023_mayor__17042,Lescon Public School - Building Grounds,34 Lescon Rd,34 Lescon Rd,43.78082963,-79.35773898,Open Toronto Elections Voting Locations,https://open.toronto.ca/dataset/elections-voting-locations/,2026-02-20,official_open_toronto_point,,verified_official_point,Open Government Licence - Toronto,"Processed polling_division_name comes from Toronto voter-statistics voting-place labels for ordinary rows, but no verified address or coordinate field is present in the repository.",17042,3040
municipal_2023_mayor,municipal_2023_mayor__17044,St. Timothy Catholic School,25 Rochelle Cres,25 Rochelle Cres,43.77493865,-79.35103823,Open Toronto Elections Voting Locations,https://open.toronto.ca/dataset/elections-voting-locations/,2026-02-20,official_open_toronto_point,,verified_official_point,Open Government Licence - Toronto,"Processed polling_division_name comes from Toronto voter-statistics voting-place labels for ordinary rows, but no verified address or coordinate field is present in the repository.",17044,3333
municipal_2023_mayor,municipal_2023_mayor__17046,Muirhead Public School,25 Muirhead Rd,25 Muirhead Rd,43.77888402,-79.33745018,Open Toronto Elections Voting Locations,https://open.toronto.ca/dataset/elections-voting-locations/,2026-02-20,official_open_toronto_point,,verified_official_point,Open Government Licence - Toronto,"Processed polling_division_name comes from Toronto voter-statistics voting-place labels for ordinary rows, but no verified address or coordinate field is present in the repository.",17046,2507
municipal_2023_mayor,municipal_2023_mayor__17050,St. Gerald Catholic School,200 Old Sheppard Ave,200 Old Sheppard Ave,43.78071327,-79.32637982,Open Toronto Elections Voting Locations,https://open.toronto.ca/dataset/elections-voting-locations/,2026-02-20,official_open_toronto_point,,verified_official_point,Open Government Licence - Toronto,"Processed polling_division_name comes from Toronto voter-statistics voting-place labels for ordinary rows, but no verified address or coordinate field is present in the repository.",17050,1971
municipal_2023_mayor,municipal_2023_mayor__17051,None,55 Ann O'Reilly Rd,55 Ann O'Reilly Rd,43.77355866,-79.32956076,Open Toronto Elections Voting Locations,https://open.toronto.ca/dataset/elections-voting-locations/,2026-02-20,official_open_toronto_point,,verified_official_point,Open Government Licence - Toronto,"Processed polling_division_name comes from Toronto voter-statistics voting-place labels for ordinary rows, but no verified address or coordinate field is present in the repository.",17051,746
municipal_2023_mayor,municipal_2023_mayor__17052,None,30 Herons Hill Way,30 Herons Hill Way,43.77493805,-79.33545785,Open Toronto Elections Voting Locations,https://open.toronto.ca/dataset/elections-voting-locations/,2026-02-20,official_open_toronto_point,,verified_official_point,Open Government Licence - Toronto,"Processed polling_division_name comes from Toronto voter-statistics voting-place labels for ordinary rows, but no verified address or coordinate field is present in the repository.",17052,1655
municipal_2023_mayor,municipal_2023_mayor__17058,Parkway Forest CC,55 Forest Manor Rd,55 Forest Manor Rd,43.77253733,-79.34389437,Open Toronto Elections Voting Locations,https://open.toronto.ca/dataset/elections-voting-locations/,2026-02-20,official_open_toronto_point,,verified_official_point,Open Government Licence - Toronto,"Processed polling_division_name comes from Toronto voter-statistics voting-place labels for ordinary rows, but no verified address or coordinate field is present in the repository.",17058,5190
municipal_2023_mayor,municipal_2023_mayor__17059,Forest Manor Public School,25 Forest Manor Rd,25 Forest Manor Rd,43.77104274,-79.34306680,Open Toronto Elections Voting Locations,https://open.toronto.ca/dataset/elections-voting-locations/,2026-02-20,official_open_toronto_point,,verified_official_point,Open Government Licence - Toronto,"Processed polling_division_name comes from Toronto voter-statistics voting-place labels for ordinary rows, but no verified address or coordinate field is present in the repository.",17059,2443
municipal_2023_mayor,municipal_2023_mayor__17062,Shaughnessy Public School,30 Shaughnessy Blvd,30 Shaughnessy Blvd,43.77028404,-79.35160087,Open Toronto Elections Voting Locations,https://open.toronto.ca/dataset/elections-voting-locations/,2026-02-20,official_open_toronto_point,,verified_official_point,Open Government Licence - Toronto,"Processed polling_division_name comes from Toronto voter-statistics voting-place labels for ordinary rows, but no verified address or coordinate field is present in the repository.",17062,1473
municipal_2023_mayor,municipal_2023_mayor__17063,St. Matthew The Apostle Church,80 George Henry Blvd,80 George Henry Blvd,43.77362946,-79.35108944,Open Toronto Elections Voting Locations,https://open.toronto.ca/dataset/elections-voting-locations/,2026-02-20,official_open_toronto_point,,verified_official_point,Open Government Licence - Toronto,"Processed polling_division_name comes from Toronto voter-statistics voting-place labels for ordinary rows, but no verified address or coordinate field is present in the repository.",17063,807
municipal_2023_mayor,municipal_2023_mayor__17064,None,16 Bloorview Pl,16 Bloorview Pl,43.77403399,-79.35879877,Open Toronto Elections Voting Locations,https://open.toronto.ca/dataset/elections-voting-locations/,2026-02-20,official_open_toronto_point,,verified_official_point,Open Government Licence - Toronto,"Processed polling_division_name comes from Toronto voter-statistics voting-place labels for ordinary rows, but no verified address or coordinate field is present in the repository.",17064,851
municipal_2023_mayor,municipal_2023_mayor__17065,Seniors Health Centre,2 Buchan Crt,2 Buchan Crt,43.77306561,-79.35945122,Open Toronto Elections Voting Locations,https://open.toronto.ca/dataset/elections-voting-locations/,2026-02-20,official_open_toronto_point,,verified_official_point,Open Government Licence - Toronto,"Processed polling_division_name comes from Toronto voter-statistics voting-place labels for ordinary rows, but no verified address or coordinate field is present in the repository.",17065,112
municipal_2023_mayor,municipal_2023_mayor__17066,None,2 Rean Dr,2 Rean Dr,43.76571509,-79.38345693,Open Toronto Elections Voting Locations,https://open.toronto.ca/dataset/elections-voting-locations/,2026-02-20,official_open_toronto_point,,verified_official_point,Open Government Licence - Toronto,"Processed polling_division_name comes from Toronto voter-statistics voting-place labels for ordinary rows, but no verified address or coordinate field is present in the repository.",17066,769
municipal_2023_mayor,municipal_2023_mayor__17067,None,19 Singer Crt,19 Singer Crt,43.76907840,-79.36948360,Open Toronto Elections Voting Locations,https://open.toronto.ca/dataset/elections-voting-locations/,2026-02-20,official_open_toronto_point,,verified_official_point,Open Government Licence - Toronto,"Processed polling_division_name comes from Toronto voter-statistics voting-place labels for ordinary rows, but no verified address or coordinate field is present in the repository.",17067,1570
municipal_2023_mayor,municipal_2023_mayor__17069,Tango,121 McMahon Dr,121 McMahon Dr,43.76771762,-79.37061999,Open Toronto Elections Voting Locations,https://open.toronto.ca/dataset/elections-voting-locations/,2026-02-20,official_open_toronto_point,,verified_official_point,Open Government Licence - Toronto,"Processed polling_division_name comes from Toronto voter-statistics voting-place labels for ordinary rows, but no verified address or coordinate field is present in the repository.",17069,546
municipal_2023_mayor,municipal_2023_mayor__17070,Elkhorn Public School,10 Elkhorn Dr,10 Elkhorn Dr,43.77121539,-79.38006244,Open Toronto Elections Voting Locations,https://open.toronto.ca/dataset/elections-voting-locations/,2026-02-20,official_open_toronto_point,,verified_official_point,Open Government Licence - Toronto,"Processed polling_division_name comes from Toronto voter-statistics voting-place labels for ordinary rows, but no verified address or coordinate field is present in the repository.",17070,2787
municipal_2023_mayor,municipal_2023_mayor__17071,Bayview Village Place,644 Sheppard Ave E,644 Sheppard Ave E,43.76966531,-79.38311955,Open Toronto Elections Voting Locations,https://open.toronto.ca/dataset/elections-voting-locations/,2026-02-20,official_open_toronto_point,,verified_official_point,Open Government Licence - Toronto,"Processed polling_division_name comes from Toronto voter-statistics voting-place labels for ordinary rows, but no verified address or coordinate field is present in the repository.",17071,582
municipal_2023_mayor,municipal_2023_mayor__17072,None,2885 Bayview Ave,2885 Bayview Ave,43.76860816,-79.38806293,Open Toronto Elections Voting Locations,https://open.toronto.ca/dataset/elections-voting-locations/,2026-02-20,official_open_toronto_point,,verified_official_point,Open Government Licence - Toronto,"Processed polling_division_name comes from Toronto voter-statistics voting-place labels for ordinary rows, but no verified address or coordinate field is present in the repository.",17072,609
municipal_2023_mayor,municipal_2023_mayor__17073,Church in Toronto,671 Sheppard Ave E,671 Sheppard Ave E,43.76842914,-79.37925467,Open Toronto Elections Voting Locations,https://open.toronto.ca/dataset/elections-voting-locations/,2026-02-20,official_open_toronto_point,,verified_official_point,Open Government Licence - Toronto,"Processed polling_division_name comes from Toronto voter-statistics voting-place labels for ordinary rows, but no verified address or coordinate field is present in the repository.",17073,5079
municipal_2023_mayor,municipal_2023_mayor__17074,None,19 Rean Dr,19 Rean Dr,43.76716293,-79.38239393,Open Toronto Elections Voting Locations,https://open.toronto.ca/dataset/elections-voting-locations/,2026-02-20,official_open_toronto_point,,verified_official_point,Open Government Licence - Toronto,"Processed polling_division_name comes from Toronto voter-statistics voting-place labels for ordinary rows, but no verified address or coordinate field is present in the repository.",17074,72
municipal_2023_mayor,municipal_2023_mayor__17075,Amica at Bayview,15 Barberry Pl,15 Barberry Pl,43.76640326,-79.38403725,Open Toronto Elections Voting Locations,https://open.toronto.ca/dataset/elections-voting-locations/,2026-02-20,official_open_toronto_point,,verified_official_point,Open Government Licence - Toronto,"Processed polling_division_name comes from Toronto voter-statistics voting-place labels for ordinary rows, but no verified address or coordinate field is present in the repository.",17075,133
municipal_2023_mayor,municipal_2023_mayor__17076,None,1 Rean Dr,1 Rean Dr,43.76519308,-79.38327383,Open Toronto Elections Voting Locations,https://open.toronto.ca/dataset/elections-voting-locations/,2026-02-20,official_open_toronto_point,,verified_official_point,Open Government Licence - Toronto,"Processed polling_division_name comes from Toronto voter-statistics voting-place labels for ordinary rows, but no verified address or coordinate field is present in the repository.",17076,1024
municipal_2023_mayor,municipal_2023_mayor__18001,Goulding Community Centre,45 Goulding Ave,45 Goulding Ave,43.79090328,-79.42214004,Open Toronto Elections Voting Locations,https://open.toronto.ca/dataset/elections-voting-locations/,2026-02-20,official_open_toronto_point,,verified_official_point,Open Government Licence - Toronto,"Processed polling_division_name comes from Toronto voter-statistics voting-place labels for ordinary rows, but no verified address or coordinate field is present in the repository.",18001,1535
municipal_2023_mayor,municipal_2023_mayor__18002,None,485 Patricia Ave,485 Patricia Ave,43.78366247,-79.44499485,Open Toronto Elections Voting Locations,https://open.toronto.ca/dataset/elections-voting-locations/,2026-02-20,official_open_toronto_point,,verified_official_point,Open Government Licence - Toronto,"Processed polling_division_name comes from Toronto voter-statistics voting-place labels for ordinary rows, but no verified address or coordinate field is present in the repository.",18002,316
municipal_2023_mayor,municipal_2023_mayor__18003,Cheltenham Nursing Home,5935 Bathurst St,5935 Bathurst St,43.78190051,-79.44452042,Open Toronto Elections Voting Locations,https://open.toronto.ca/dataset/elections-voting-locations/,2026-02-20,official_open_toronto_point,,verified_official_point,Open Government Licence - Toronto,"Processed polling_division_name comes from Toronto voter-statistics voting-place labels for ordinary rows, but no verified address or coordinate field is present in the repository.",18003,91
municipal_2023_mayor,municipal_2023_mayor__18004,None,425 Patricia Ave,425 Patricia Ave,43.78455644,-79.44116163,Open Toronto Elections Voting Locations,https://open.toronto.ca/dataset/elections-voting-locations/,2026-02-20,official_open_toronto_point,,verified_official_point,Open Government Licence - Toronto,"Processed polling_division_name comes from Toronto voter-statistics voting-place labels for ordinary rows, but no verified address or coordinate field is present in the repository.",18004,2985
municipal_2023_mayor,municipal_2023_mayor__18005,Pleasant Public School,288 Pleasant Ave,288 Pleasant Ave,43.78995542,-79.43455769,Open Toronto Elections Voting Locations,https://open.toronto.ca/dataset/elections-voting-locations/,2026-02-20,official_open_toronto_point,,verified_official_point,Open Government Licence - Toronto,"Processed polling_division_name comes from Toronto voter-statistics voting-place labels for ordinary rows, but no verified address or coordinate field is present in the repository.",18005,2895
municipal_2023_mayor,municipal_2023_mayor__18006,One Kenton Place,1 Kenton Dr,1 Kenton Dr,43.77793745,-79.44366326,Open Toronto Elections Voting Locations,https://open.toronto.ca/dataset/elections-voting-locations/,2026-02-20,official_open_toronto_point,,verified_official_point,Open Government Licence - Toronto,"Processed polling_division_name comes from Toronto voter-statistics voting-place labels for ordinary rows, but no verified address or coordinate field is present in the repository.",18006,
municipal_2023_mayor,municipal_2023_mayor__18008,Newtonbrook Secondary School,155 Hilda Ave,155 Hilda Ave,43.79354914,-79.42624259,Open Toronto Elections Voting Locations,https://open.toronto.ca/dataset/elections-voting-locations/,2026-02-20,official_open_toronto_point,,verified_official_point,Open Government Licence - Toronto,"Processed polling_division_name comes from Toronto voter-statistics voting-place labels for ordinary rows, but no verified address or coordinate field is present in the repository.",18008,2948
municipal_2023_mayor,municipal_2023_mayor__18009,Monseigneur De Charbonnel Catholic Secondary School,110 Drewry Ave,110 Drewry Ave,43.78662446,-79.42360714,Open Toronto Elections Voting Locations,https://open.toronto.ca/dataset/elections-voting-locations/,2026-02-20,official_open_toronto_point,,verified_official_point,Open Government Licence - Toronto,"Processed polling_division_name comes from Toronto voter-statistics voting-place labels for ordinary rows, but no verified address or coordinate field is present in the repository.",18009,2190
municipal_2023_mayor,municipal_2023_mayor__18012,Lillian Public School,1059 Lillian St,1059 Lillian St,43.79782137,-79.41039850,Open Toronto Elections Voting Locations,https://open.toronto.ca/dataset/elections-voting-locations/,2026-02-20,official_open_toronto_point,,verified_official_point,Open Government Licence - Toronto,"Processed polling_division_name comes from Toronto voter-statistics voting-place labels for ordinary rows, but no verified address or coordinate field is present in the repository.",18012,2980
municipal_2023_mayor,municipal_2023_mayor__18013,Brebeuf College School,211 Steeles Ave E,211 Steeles Ave E,43.80022824,-79.40262515,Open Toronto Elections Voting Locations,https://open.toronto.ca/dataset/elections-voting-locations/,2026-02-20,official_open_toronto_point,,verified_official_point,Open Government Licence - Toronto,"Processed polling_division_name comes from Toronto voter-statistics voting-place labels for ordinary rows, but no verified address or coordinate field is present in the repository.",18013,1807
municipal_2023_mayor,municipal_2023_mayor__18014,Carefree Lodge,306 Finch Ave E,306 Finch Ave E,43.78501316,-79.39403264,Open Toronto Elections Voting Locations,https://open.toronto.ca/dataset/elections-voting-locations/,2026-02-20,official_open_toronto_point,,verified_official_point,Open Government Licence - Toronto,"Processed polling_division_name comes from Toronto voter-statistics voting-place labels for ordinary rows, but no verified address or coordinate field is present in the repository.",18014,58
municipal_2023_mayor,municipal_2023_mayor__18015,Cummer Valley Middle School,70 Maxome Ave,70 Maxome Ave,43.78823196,-79.40127610,Open Toronto Elections Voting Locations,https://open.toronto.ca/dataset/elections-voting-locations/,2026-02-20,official_open_toronto_point,,verified_official_point,Open Government Licence - Toronto,"Processed polling_division_name comes from Toronto voter-statistics voting-place labels for ordinary rows, but no verified address or coordinate field is present in the repository.",18015,1469
municipal_2023_mayor,municipal_2023_mayor__18016,Cummer Lodge,205 Cummer Ave,205 Cummer Ave,43.78824984,-79.40751008,Open Toronto Elections Voting Locations,https://open.toronto.ca/dataset/elections-voting-locations/,2026-02-20,official_open_toronto_point,,verified_official_point,Open Government Licence - Toronto,"Processed polling_division_name comes from Toronto voter-statistics voting-place labels for ordinary rows, but no verified address or coordinate field is present in the repository.",18016,239
municipal_2023_mayor,municipal_2023_mayor__18017,Willowdale Manor,175 Cummer Ave,175 Cummer Ave,43.78785777,-79.40864077,Open Toronto Elections Voting Locations,https://open.toronto.ca/dataset/elections-voting-locations/,2026-02-20,official_open_toronto_point,,verified_official_point,Open Government Licence - Toronto,"Processed polling_division_name comes from Toronto voter-statistics voting-place labels for ordinary rows, but no verified address or coordinate field is present in the repository.",18017,246
municipal_2023_mayor,municipal_2023_mayor__18018,None,39 Pemberton Ave,39 Pemberton Ave,43.78108800,-79.41282889,Open Toronto Elections Voting Locations,https://open.toronto.ca/dataset/elections-voting-locations/,2026-02-20,official_open_toronto_point,,verified_official_point,Open Government Licence - Toronto,"Processed polling_division_name comes from Toronto voter-statistics voting-place labels for ordinary rows, but no verified address or coordinate field is present in the repository.",18018,408
municipal_2023_mayor,municipal_2023_mayor__18019,None,28 Pemberton Ave,28 Pemberton Ave,43.78149349,-79.41295536,Open Toronto Elections Voting Locations,https://open.toronto.ca/dataset/elections-voting-locations/,2026-02-20,official_open_toronto_point,,verified_official_point,Open Government Licence - Toronto,"Processed polling_division_name comes from Toronto voter-statistics voting-place labels for ordinary rows, but no verified address or coordinate field is present in the repository.",18019,605
municipal_2023_mayor,municipal_2023_mayor__18020,None,3 Pemberton Ave,3 Pemberton Ave,43.78083240,-79.41437997,Open Toronto Elections Voting Locations,https://open.toronto.ca/dataset/elections-voting-locations/,2026-02-20,official_open_toronto_point,,verified_official_point,Open Government Licence - Toronto,"Processed polling_division_name comes from Toronto voter-statistics voting-place labels for ordinary rows, but no verified address or coordinate field is present in the repository.",18020,513
municipal_2023_mayor,municipal_2023_mayor__18021,None,7 Bishop Ave,7 Bishop Ave,43.78172869,-79.41430824,Open Toronto Elections Voting Locations,https://open.toronto.ca/dataset/elections-voting-locations/,2026-02-20,official_open_toronto_point,,verified_official_point,Open Government Licence - Toronto,"Processed polling_division_name comes from Toronto voter-statistics voting-place labels for ordinary rows, but no verified address or coordinate field is present in the repository.",18021,637
municipal_2023_mayor,municipal_2023_mayor__18022,Avondale Secondary Alternative School,24 Silverview Dr,24 Silverview Dr,43.78630651,-79.41184315,Open Toronto Elections Voting Locations,https://open.toronto.ca/dataset/elections-voting-locations/,2026-02-20,official_open_toronto_point,,verified_official_point,Open Government Licence - Toronto,"Processed polling_division_name comes from Toronto voter-statistics voting-place labels for ordinary rows, but no verified address or coordinate field is present in the repository.",18022,3287
municipal_2023_mayor,municipal_2023_mayor__18025,R. J. Lang Elementary and Middle School,227 Drewry Ave,227 Drewry Ave,43.78348538,-79.42651048,Open Toronto Elections Voting Locations,https://open.toronto.ca/dataset/elections-voting-locations/,2026-02-20,official_open_toronto_point,,verified_official_point,Open Government Licence - Toronto,"Processed polling_division_name comes from Toronto voter-statistics voting-place labels for ordinary rows, but no verified address or coordinate field is present in the repository.",18025,3037
municipal_2023_mayor,municipal_2023_mayor__18027,Yorkview Public School,130 Yorkview Dr,130 Yorkview Dr,43.77257361,-79.43556642,Open Toronto Elections Voting Locations,https://open.toronto.ca/dataset/elections-voting-locations/,2026-02-20,official_open_toronto_point,,verified_official_point,Open Government Licence - Toronto,"Processed polling_division_name comes from Toronto voter-statistics voting-place labels for ordinary rows, but no verified address or coordinate field is present in the repository.",18027,2915
municipal_2023_mayor,municipal_2023_mayor__18028,Edithvale Park / Edithvale Community Centre,131 Finch Ave W,131 Finch Ave W,43.77699366,-79.42653927,Open Toronto Elections Voting Locations,https://open.toronto.ca/dataset/elections-voting-locations/,2026-02-20,official_open_toronto_point,,verified_official_point,Open Government Licence - Toronto,"Processed polling_division_name comes from Toronto voter-statistics voting-place labels for ordinary rows, but no verified address or coordinate field is present in the repository.",18028,4183
municipal_2023_mayor,municipal_2023_mayor__18029,Churchill Public School,188 Churchill Ave,188 Churchill Ave,43.77075360,-79.42703616,Open Toronto Elections Voting Locations,https://open.toronto.ca/dataset/elections-voting-locations/,2026-02-20,official_open_toronto_point,,verified_official_point,Open Government Licence - Toronto,"Processed polling_division_name comes from Toronto voter-statistics voting-place labels for ordinary rows, but no verified address or coordinate field is present in the repository.",18029,2212
municipal_2023_mayor,municipal_2023_mayor__18030,St. Edward The Confessor Church,75 Churchill Ave,75 Churchill Ave,43.77169141,-79.41912612,Open Toronto Elections Voting Locations,https://open.toronto.ca/dataset/elections-voting-locations/,2026-02-20,official_open_toronto_point,,verified_official_point,Open Government Licence - Toronto,"Processed polling_division_name comes from Toronto voter-statistics voting-place labels for ordinary rows, but no verified address or coordinate field is present in the repository.",18030,3174
municipal_2023_mayor,municipal_2023_mayor__18031,Canterbury Place Retirement Residence,1 Canterbury Pl,1 Canterbury Pl,43.77214459,-79.41449270,Open Toronto Elections Voting Locations,https://open.toronto.ca/dataset/elections-voting-locations/,2026-02-20,official_open_toronto_point,,verified_official_point,Open Government Licence - Toronto,"Processed polling_division_name comes from Toronto voter-statistics voting-place labels for ordinary rows, but no verified address or coordinate field is present in the repository.",18031,6
municipal_2023_mayor,municipal_2023_mayor__18035,Skyview Apartments,5444 Yonge St,5444 Yonge St,43.77637310,-79.41575792,Open Toronto Elections Voting Locations,https://open.toronto.ca/dataset/elections-voting-locations/,2026-02-20,official_open_toronto_point,,verified_official_point,Open Government Licence - Toronto,"Processed polling_division_name comes from Toronto voter-statistics voting-place labels for ordinary rows, but no verified address or coordinate field is present in the repository.",18035,449
municipal_2023_mayor,municipal_2023_mayor__18036,None,5430 Yonge St,5430 Yonge St,43.77596266,-79.41521920,Open Toronto Elections Voting Locations,https://open.toronto.ca/dataset/elections-voting-locations/,2026-02-20,official_open_toronto_point,,verified_official_point,Open Government Licence - Toronto,"Processed polling_division_name comes from Toronto voter-statistics voting-place labels for ordinary rows, but no verified address or coordinate field is present in the repository.",18036,257
municipal_2023_mayor,municipal_2023_mayor__18037,None,5351 Yonge St,5351 Yonge St,43.77539278,-79.41414893,Open Toronto Elections Voting Locations,https://open.toronto.ca/dataset/elections-voting-locations/,2026-02-20,official_open_toronto_point,,verified_official_point,Open Government Licence - Toronto,"Processed polling_division_name comes from Toronto voter-statistics voting-place labels for ordinary rows, but no verified address or coordinate field is present in the repository.",18037,
municipal_2023_mayor,municipal_2023_mayor__18038,None,5 Northtown Way,5 Northtown Way,43.77511432,-79.41382769,Open Toronto Elections Voting Locations,https://open.toronto.ca/dataset/elections-voting-locations/,2026-02-20,official_open_toronto_point,,verified_official_point,Open Government Licence - Toronto,"Processed polling_division_name comes from Toronto voter-statistics voting-place labels for ordinary rows, but no verified address or coordinate field is present in the repository.",18038,1055
municipal_2023_mayor,municipal_2023_mayor__18041,None,18 Sommerset Way,18 Sommerset Way,43.77652163,-79.41244344,Open Toronto Elections Voting Locations,https://open.toronto.ca/dataset/elections-voting-locations/,2026-02-20,official_open_toronto_point,,verified_official_point,Open Government Licence - Toronto,"Processed polling_division_name comes from Toronto voter-statistics voting-place labels for ordinary rows, but no verified address or coordinate field is present in the repository.",18041,829
municipal_2023_mayor,municipal_2023_mayor__18043,Willowdale Baptist Church,15 Olive Ave,15 Olive Ave,43.77854143,-79.41434280,Open Toronto Elections Voting Locations,https://open.toronto.ca/dataset/elections-voting-locations/,2026-02-20,official_open_toronto_point,,verified_official_point,Open Government Licence - Toronto,"Processed polling_division_name comes from Toronto voter-statistics voting-place labels for ordinary rows, but no verified address or coordinate field is present in the repository.",18043,4092
municipal_2023_mayor,municipal_2023_mayor__18045,Galleria,77 Finch Ave E,77 Finch Ave E,43.78018088,-79.41109297,Open Toronto Elections Voting Locations,https://open.toronto.ca/dataset/elections-voting-locations/,2026-02-20,official_open_toronto_point,,verified_official_point,Open Government Licence - Toronto,"Processed polling_division_name comes from Toronto voter-statistics voting-place labels for ordinary rows, but no verified address or coordinate field is present in the repository.",18045,750
municipal_2023_mayor,municipal_2023_mayor__18046,McKee Public School,35 Church Ave,35 Church Ave,43.77410786,-79.41105625,Open Toronto Elections Voting Locations,https://open.toronto.ca/dataset/elections-voting-locations/,2026-02-20,official_open_toronto_point,,verified_official_point,Open Government Licence - Toronto,"Processed polling_division_name comes from Toronto voter-statistics voting-place labels for ordinary rows, but no verified address or coordinate field is present in the repository.",18046,3598
municipal_2023_mayor,municipal_2023_mayor__18048,Finch Public School,277 Finch Ave E,277 Finch Ave E,43.78383308,-79.39497420,Open Toronto Elections Voting Locations,https://open.toronto.ca/dataset/elections-voting-locations/,2026-02-20,official_open_toronto_point,,verified_official_point,Open Government Licence - Toronto,"Processed polling_division_name comes from Toronto voter-statistics voting-place labels for ordinary rows, but no verified address or coordinate field is present in the repository.",18048,3214
municipal_2023_mayor,municipal_2023_mayor__18049,Hollywood Public School,360 Hollywood Ave,360 Hollywood Ave,43.77051851,-79.39182913,Open Toronto Elections Voting Locations,https://open.toronto.ca/dataset/elections-voting-locations/,2026-02-20,official_open_toronto_point,,verified_official_point,Open Government Licence - Toronto,"Processed polling_division_name comes from Toronto voter-statistics voting-place labels for ordinary rows, but no verified address or coordinate field is present in the repository.",18049,3193
municipal_2023_mayor,municipal_2023_mayor__18051,Earl Haig Secondary School,100 Princess Ave,100 Princess Ave,43.76960903,-79.40596595,Open Toronto Elections Voting Locations,https://open.toronto.ca/dataset/elections-voting-locations/,2026-02-20,official_open_toronto_point,,verified_official_point,Open Government Licence - Toronto,"Processed polling_division_name comes from Toronto voter-statistics voting-place labels for ordinary rows, but no verified address or coordinate field is present in the repository.",18051,3067
municipal_2023_mayor,municipal_2023_mayor__18052,Spring Garden Baptist Church,112 Spring Garden Ave,112 Spring Garden Ave,43.76535131,-79.40622788,Open Toronto Elections Voting Locations,https://open.toronto.ca/dataset/elections-voting-locations/,2026-02-20,official_open_toronto_point,,verified_official_point,Open Government Licence - Toronto,"Processed polling_division_name comes from Toronto voter-statistics voting-place labels for ordinary rows, but no verified address or coordinate field is present in the repository.",18052,3030
municipal_2023_mayor,municipal_2023_mayor__18054,None,35 Park Home Ave,35 Park Home Ave,43.76812434,-79.41552590,Open Toronto Elections Voting Locations,https://open.toronto.ca/dataset/elections-voting-locations/,2026-02-20,official_open_toronto_point,,verified_official_point,Open Government Licence - Toronto,"Processed polling_division_name comes from Toronto voter-statistics voting-place labels for ordinary rows, but no verified address or coordinate field is present in the repository.",18054,305
municipal_2023_mayor,municipal_2023_mayor__18055,Mel Lastman Square,5100 Yonge St,5100 Yonge St,43.76726789,-79.41488875,Open Toronto Elections Voting Locations,https://open.toronto.ca/dataset/elections-voting-locations/,2026-02-20,official_open_toronto_point,,verified_official_point,Open Government Licence - Toronto,"Processed polling_division_name comes from Toronto voter-statistics voting-place labels for ordinary rows, but no verified address or coordinate field is present in the repository.",18055,4229
municipal_2023_mayor,municipal_2023_mayor__18056,Willowdale Lawn Bowling Club - Building Grounds,150 Beecroft Rd,150 Beecroft Rd,43.76531128,-79.41539789,Open Toronto Elections Voting Locations,https://open.toronto.ca/dataset/elections-voting-locations/,2026-02-20,official_open_toronto_point,,verified_official_point,Open Government Licence - Toronto,"Processed polling_division_name comes from Toronto voter-statistics voting-place labels for ordinary rows, but no verified address or coordinate field is present in the repository.",18056,1531
municipal_2023_mayor,municipal_2023_mayor__18057,None,4978 Yonge St,4978 Yonge St,43.76563043,-79.41273810,Open Toronto Elections Voting Locations,https://open.toronto.ca/dataset/elections-voting-locations/,2026-02-20,official_open_toronto_point,,verified_official_point,Open Government Licence - Toronto,"Processed polling_division_name comes from Toronto voter-statistics voting-place labels for ordinary rows, but no verified address or coordinate field is present in the repository.",18057,1117
municipal_2023_mayor,municipal_2023_mayor__18059,None,18 Hollywood Ave,18 Hollywood Ave,43.76650368,-79.41109369,Open Toronto Elections Voting Locations,https://open.toronto.ca/dataset/elections-voting-locations/,2026-02-20,official_open_toronto_point,,verified_official_point,Open Government Licence - Toronto,"Processed polling_division_name comes from Toronto voter-statistics voting-place labels for ordinary rows, but no verified address or coordinate field is present in the repository.",18059,616
municipal_2023_mayor,municipal_2023_mayor__18063,None,65 Spring Garden Ave,65 Spring Garden Ave,43.76445537,-79.40912590,Open Toronto Elections Voting Locations,https://open.toronto.ca/dataset/elections-voting-locations/,2026-02-20,official_open_toronto_point,,verified_official_point,Open Government Licence - Toronto,"Processed polling_division_name comes from Toronto voter-statistics voting-place labels for ordinary rows, but no verified address or coordinate field is present in the repository.",18063,428
municipal_2023_mayor,municipal_2023_mayor__18064,Cardinal Carter Academy For The Arts,36 Greenfield Ave,36 Greenfield Ave,43.76409501,-79.40976158,Open Toronto Elections Voting Locations,https://open.toronto.ca/dataset/elections-voting-locations/,2026-02-20,official_open_toronto_point,,verified_official_point,Open Government Licence - Toronto,"Processed polling_division_name comes from Toronto voter-statistics voting-place labels for ordinary rows, but no verified address or coordinate field is present in the repository.",18064,2916
municipal_2023_mayor,municipal_2023_mayor__18065,None,30 Greenfield Ave,30 Greenfield Ave,43.76417617,-79.41053953,Open Toronto Elections Voting Locations,https://open.toronto.ca/dataset/elections-voting-locations/,2026-02-20,official_open_toronto_point,,verified_official_point,Open Government Licence - Toronto,"Processed polling_division_name comes from Toronto voter-statistics voting-place labels for ordinary rows, but no verified address or coordinate field is present in the repository.",18065,566
municipal_2023_mayor,municipal_2023_mayor__18068,None,33 Elmhurst Ave,33 Elmhurst Ave,43.76240773,-79.41281918,Open Toronto Elections Voting Locations,https://open.toronto.ca/dataset/elections-voting-locations/,2026-02-20,official_open_toronto_point,,verified_official_point,Open Government Licence - Toronto,"Processed polling_division_name comes from Toronto voter-statistics voting-place labels for ordinary rows, but no verified address or coordinate field is present in the repository.",18068,401
municipal_2023_mayor,municipal_2023_mayor__18069,Avondale Public School,171 Avondale Ave,171 Avondale Ave,43.75967841,-79.40000209,Open Toronto Elections Voting Locations,https://open.toronto.ca/dataset/elections-voting-locations/,2026-02-20,official_open_toronto_point,,verified_official_point,Open Government Licence - Toronto,"Processed polling_division_name comes from Toronto voter-statistics voting-place labels for ordinary rows, but no verified address or coordinate field is present in the repository.",18069,3737
municipal_2023_mayor,municipal_2023_mayor__18076,None,100 Harrison Garden Blvd,100 Harrison Garden Blvd,43.75698154,-79.40440009,Open Toronto Elections Voting Locations,https://open.toronto.ca/dataset/elections-voting-locations/,2026-02-20,official_open_toronto_point,,verified_official_point,Open Government Licence - Toronto,"Processed polling_division_name comes from Toronto voter-statistics voting-place labels for ordinary rows, but no verified address or coordinate field is present in the repository.",18076,671
municipal_2023_mayor,municipal_2023_mayor__18079,Lansing United Church,49 Bogert Ave,49 Bogert Ave,43.76001467,-79.41311908,Open Toronto Elections Voting Locations,https://open.toronto.ca/dataset/elections-voting-locations/,2026-02-20,official_open_toronto_point,,verified_official_point,Open Government Licence - Toronto,"Processed polling_division_name comes from Toronto voter-statistics voting-place labels for ordinary rows, but no verified address or coordinate field is present in the repository.",18079,3876
municipal_2023_mayor,municipal_2023_mayor__18080,None,78 Harrison Garden Blvd,78 Harrison Garden Blvd,43.75604877,-79.40711268,Open Toronto Elections Voting Locations,https://open.toronto.ca/dataset/elections-voting-locations/,2026-02-20,official_open_toronto_point,,verified_official_point,Open Government Licence - Toronto,"Processed polling_division_name comes from Toronto voter-statistics voting-place labels for ordinary rows, but no verified address or coordinate field is present in the repository.",18080,1127
municipal_2023_mayor,municipal_2023_mayor__18081,Spectrum,30 Harrison Garden Blvd,30 Harrison Garden Blvd,43.75629257,-79.40838031,Open Toronto Elections Voting Locations,https://open.toronto.ca/dataset/elections-voting-locations/,2026-02-20,official_open_toronto_point,,verified_official_point,Open Government Licence - Toronto,"Processed polling_division_name comes from Toronto voter-statistics voting-place labels for ordinary rows, but no verified address or coordinate field is present in the repository.",18081,733
municipal_2023_mayor,municipal_2023_mayor__18083,Residences Of Avondale,16 Harrison Garden Blvd,16 Harrison Garden Blvd,43.75764189,-79.40941737,Open Toronto Elections Voting Locations,https://open.toronto.ca/dataset/elections-voting-locations/,2026-02-20,official_open_toronto_point,,verified_official_point,Open Government Licence - Toronto,"Processed polling_division_name comes from Toronto voter-statistics voting-place labels for ordinary rows, but no verified address or coordinate field is present in the repository.",18083,862
municipal_2023_mayor,municipal_2023_mayor__18084,St. Edward Catholic School,1 Botham Rd,1 Botham Rd,43.75340073,-79.41354717,Open Toronto Elections Voting Locations,https://open.toronto.ca/dataset/elections-voting-locations/,2026-02-20,official_open_toronto_point,,verified_official_point,Open Government Licence - Toronto,"Processed polling_division_name comes from Toronto voter-statistics voting-place labels for ordinary rows, but no verified address or coordinate field is present in the repository.",18084,1340
municipal_2023_mayor,municipal_2023_mayor__18085,Cameron Public School,211 Cameron Ave,211 Cameron Ave,43.75436070,-79.42125155,Open Toronto Elections Voting Locations,https://open.toronto.ca/dataset/elections-voting-locations/,2026-02-20,official_open_toronto_point,,verified_official_point,Open Government Licence - Toronto,"Processed polling_division_name comes from Toronto voter-statistics voting-place labels for ordinary rows, but no verified address or coordinate field is present in the repository.",18085,2047
municipal_2023_mayor,municipal_2023_mayor__18086,Lansing Retirement Home,10 Senlac Rd,10 Senlac Rd,43.75944703,-79.42340572,Open Toronto Elections Voting Locations,https://open.toronto.ca/dataset/elections-voting-locations/,2026-02-20,official_open_toronto_point,,verified_official_point,Open Government Licence - Toronto,"Processed polling_division_name comes from Toronto voter-statistics voting-place labels for ordinary rows, but no verified address or coordinate field is present in the repository.",18086,67
municipal_2023_mayor,municipal_2023_mayor__18087,The Prestige School,21 Eddfield Ave,21 Eddfield Ave,43.76121317,-79.42819421,Open Toronto Elections Voting Locations,https://open.toronto.ca/dataset/elections-voting-locations/,2026-02-20,official_open_toronto_point,,verified_official_point,Open Government Licence - Toronto,"Processed polling_division_name comes from Toronto voter-statistics voting-place labels for ordinary rows, but no verified address or coordinate field is present in the repository.",18087,939
municipal_2023_mayor,municipal_2023_mayor__19001,Presteign Heights Elementary School,2570 St Clair Ave E,2570 St Clair Ave E,43.70554334,-79.31719398,Open Toronto Elections Voting Locations,https://open.toronto.ca/dataset/elections-voting-locations/,2026-02-20,official_open_toronto_point,,verified_official_point,Open Government Licence - Toronto,"Processed polling_division_name comes from Toronto voter-statistics voting-place labels for ordinary rows, but no verified address or coordinate field is present in the repository.",19001,2378
municipal_2023_mayor,municipal_2023_mayor__19002,St Clair O'Connor Community,2701 St Clair Ave E,2701 St Clair Ave E,43.70544026,-79.31185354,Open Toronto Elections Voting Locations,https://open.toronto.ca/dataset/elections-voting-locations/,2026-02-20,official_open_toronto_point,,verified_official_point,Open Government Licence - Toronto,"Processed polling_division_name comes from Toronto voter-statistics voting-place labels for ordinary rows, but no verified address or coordinate field is present in the repository.",19002,143
municipal_2023_mayor,municipal_2023_mayor__19003,Canadian Macedonian Place,850 O'Connor Dr,850 O'Connor Dr,43.70705217,-79.31227669,Open Toronto Elections Voting Locations,https://open.toronto.ca/dataset/elections-voting-locations/,2026-02-20,official_open_toronto_point,,verified_official_point,Open Government Licence - Toronto,"Processed polling_division_name comes from Toronto voter-statistics voting-place labels for ordinary rows, but no verified address or coordinate field is present in the repository.",19003,142
municipal_2023_mayor,municipal_2023_mayor__19005,None,5 Wakunda Pl,5 Wakunda Pl,43.71555666,-79.30466919,Open Toronto Elections Voting Locations,https://open.toronto.ca/dataset/elections-voting-locations/,2026-02-20,official_open_toronto_point,,verified_official_point,Open Government Licence - Toronto,"Processed polling_division_name comes from Toronto voter-statistics voting-place labels for ordinary rows, but no verified address or coordinate field is present in the repository.",19005,260
municipal_2023_mayor,municipal_2023_mayor__19007,O'Connor Public School,1665 O'Connor Dr,1665 O'Connor Dr,43.71650733,-79.30415213,Open Toronto Elections Voting Locations,https://open.toronto.ca/dataset/elections-voting-locations/,2026-02-20,official_open_toronto_point,,verified_official_point,Open Government Licence - Toronto,"Processed polling_division_name comes from Toronto voter-statistics voting-place labels for ordinary rows, but no verified address or coordinate field is present in the repository.",19007,2354
municipal_2023_mayor,municipal_2023_mayor__19008,Victoria Park Elementary School,145 Tiago Ave,145 Tiago Ave,43.71268918,-79.29815076,Open Toronto Elections Voting Locations,https://open.toronto.ca/dataset/elections-voting-locations/,2026-02-20,official_open_toronto_point,,verified_official_point,Open Government Licence - Toronto,"Processed polling_division_name comes from Toronto voter-statistics voting-place labels for ordinary rows, but no verified address or coordinate field is present in the repository.",19008,3290
municipal_2023_mayor,municipal_2023_mayor__19009,Gower Park Place - Building Grounds,10 Gower St,10 Gower St,43.70265798,-79.29799720,Open Toronto Elections Voting Locations,https://open.toronto.ca/dataset/elections-voting-locations/,2026-02-20,official_open_toronto_point,,verified_official_point,Open Government Licence - Toronto,"Processed polling_division_name comes from Toronto voter-statistics voting-place labels for ordinary rows, but no verified address or coordinate field is present in the repository.",19009,1705
municipal_2023_mayor,municipal_2023_mayor__19010,George E. Webster Public School,50 Chapman Ave,50 Chapman Ave,43.70104890,-79.29976062,Open Toronto Elections Voting Locations,https://open.toronto.ca/dataset/elections-voting-locations/,2026-02-20,official_open_toronto_point,,verified_official_point,Open Government Licence - Toronto,"Processed polling_division_name comes from Toronto voter-statistics voting-place labels for ordinary rows, but no verified address or coordinate field is present in the repository.",19010,3751
municipal_2023_mayor,municipal_2023_mayor__19011,Dawes Road Public Library,416 Dawes Rd,416 Dawes Rd,43.70120229,-79.29722983,Open Toronto Elections Voting Locations,https://open.toronto.ca/dataset/elections-voting-locations/,2026-02-20,official_open_toronto_point,,verified_official_point,Open Government Licence - Toronto,"Processed polling_division_name comes from Toronto voter-statistics voting-place labels for ordinary rows, but no verified address or coordinate field is present in the repository.",19011,1774
municipal_2023_mayor,municipal_2023_mayor__19012,None,75 Halsey Ave,75 Halsey Ave,43.69914587,-79.29780682,Open Toronto Elections Voting Locations,https://open.toronto.ca/dataset/elections-voting-locations/,2026-02-20,official_open_toronto_point,,verified_official_point,Open Government Licence - Toronto,"Processed polling_division_name comes from Toronto voter-statistics voting-place labels for ordinary rows, but no verified address or coordinate field is present in the repository.",19012,426
municipal_2023_mayor,municipal_2023_mayor__19014,East York Acres,9 Haldon Ave,9 Haldon Ave,43.69852450,-79.31152370,Open Toronto Elections Voting Locations,https://open.toronto.ca/dataset/elections-voting-locations/,2026-02-20,official_open_toronto_point,,verified_official_point,Open Government Licence - Toronto,"Processed polling_division_name comes from Toronto voter-statistics voting-place labels for ordinary rows, but no verified address or coordinate field is present in the repository.",19014,991
municipal_2023_mayor,municipal_2023_mayor__19015,D. A. Morrison Middle School,271 Gledhill Ave,271 Gledhill Ave,43.69539646,-79.31169244,Open Toronto Elections Voting Locations,https://open.toronto.ca/dataset/elections-voting-locations/,2026-02-20,official_open_toronto_point,,verified_official_point,Open Government Licence - Toronto,"Processed polling_division_name comes from Toronto voter-statistics voting-place labels for ordinary rows, but no verified address or coordinate field is present in the repository.",19015,2338
municipal_2023_mayor,municipal_2023_mayor__19017,Canadian Martyrs Catholic School,520 Plains Rd,520 Plains Rd,43.69819992,-79.31933864,Open Toronto Elections Voting Locations,https://open.toronto.ca/dataset/elections-voting-locations/,2026-02-20,official_open_toronto_point,,verified_official_point,Open Government Licence - Toronto,"Processed polling_division_name comes from Toronto voter-statistics voting-place labels for ordinary rows, but no verified address or coordinate field is present in the repository.",19017,2632
municipal_2023_mayor,municipal_2023_mayor__19018,East York Collegiate Institute,650 Cosburn Ave,650 Cosburn Ave,43.69499061,-79.32757645,Open Toronto Elections Voting Locations,https://open.toronto.ca/dataset/elections-voting-locations/,2026-02-20,official_open_toronto_point,,verified_official_point,Open Government Licence - Toronto,"Processed polling_division_name comes from Toronto voter-statistics voting-place labels for ordinary rows, but no verified address or coordinate field is present in the repository.",19018,2257
municipal_2023_mayor,municipal_2023_mayor__19020,Toronto East General Hospital,825 Coxwell Ave,825 Coxwell Ave,43.68982341,-79.32495078,Open Toronto Elections Voting Locations,https://open.toronto.ca/dataset/elections-voting-locations/,2026-02-20,official_open_toronto_point,,verified_official_point,Open Government Licence - Toronto,"Processed polling_division_name comes from Toronto voter-statistics voting-place labels for ordinary rows, but no verified address or coordinate field is present in the repository.",19020,21
municipal_2023_mayor,municipal_2023_mayor__19021,Kimbourne Park United Church,200 Wolverleigh Blvd,200 Wolverleigh Blvd,43.68568300,-79.32251271,Open Toronto Elections Voting Locations,https://open.toronto.ca/dataset/elections-voting-locations/,2026-02-20,official_open_toronto_point,,verified_official_point,Open Government Licence - Toronto,"Processed polling_division_name comes from Toronto voter-statistics voting-place labels for ordinary rows, but no verified address or coordinate field is present in the repository.",19021,2520
municipal_2023_mayor,municipal_2023_mayor__19022,Tobias House,695 Coxwell Ave,695 Coxwell Ave,43.68323458,-79.32331128,Open Toronto Elections Voting Locations,https://open.toronto.ca/dataset/elections-voting-locations/,2026-02-20,official_open_toronto_point,,verified_official_point,Open Government Licence - Toronto,"Processed polling_division_name comes from Toronto voter-statistics voting-place labels for ordinary rows, but no verified address or coordinate field is present in the repository.",19022,131
municipal_2023_mayor,municipal_2023_mayor__19023,Danforth/Coxwell Public Library,1675 Danforth Ave,1675 Danforth Ave,43.68363639,-79.32135295,Open Toronto Elections Voting Locations,https://open.toronto.ca/dataset/elections-voting-locations/,2026-02-20,official_open_toronto_point,,verified_official_point,Open Government Licence - Toronto,"Processed polling_division_name comes from Toronto voter-statistics voting-place labels for ordinary rows, but no verified address or coordinate field is present in the repository.",19023,1543
municipal_2023_mayor,municipal_2023_mayor__19024,St. Brigid Catholic School,50 Woodmount Ave,50 Woodmount Ave,43.68681676,-79.31684739,Open Toronto Elections Voting Locations,https://open.toronto.ca/dataset/elections-voting-locations/,2026-02-20,official_open_toronto_point,,verified_official_point,Open Government Licence - Toronto,"Processed polling_division_name comes from Toronto voter-statistics voting-place labels for ordinary rows, but no verified address or coordinate field is present in the repository.",19024,2227
municipal_2023_mayor,municipal_2023_mayor__19025,None,2174 Danforth Ave,2174 Danforth Ave,43.68646689,-79.31042176,Open Toronto Elections Voting Locations,https://open.toronto.ca/dataset/elections-voting-locations/,2026-02-20,official_open_toronto_point,,verified_official_point,Open Government Licence - Toronto,"Processed polling_division_name comes from Toronto voter-statistics voting-place labels for ordinary rows, but no verified address or coordinate field is present in the repository.",19025,1317
municipal_2023_mayor,municipal_2023_mayor__19026,"Gledhill Junior Public School, Terry Fox Recreation Centre",2 Gledhill Ave,2 Gledhill Ave,43.68754833,-79.30928647,Open Toronto Elections Voting Locations,https://open.toronto.ca/dataset/elections-voting-locations/,2026-02-20,official_open_toronto_point,,verified_official_point,Open Government Licence - Toronto,"Processed polling_division_name comes from Toronto voter-statistics voting-place labels for ordinary rows, but no verified address or coordinate field is present in the repository.",19026,1597
municipal_2023_mayor,municipal_2023_mayor__19027,Hope United Church,2550 Danforth Ave,2550 Danforth Ave,43.68826111,-79.30219589,Open Toronto Elections Voting Locations,https://open.toronto.ca/dataset/elections-voting-locations/,2026-02-20,official_open_toronto_point,,verified_official_point,Open Government Licence - Toronto,"Processed polling_division_name comes from Toronto voter-statistics voting-place labels for ordinary rows, but no verified address or coordinate field is present in the repository.",19027,1912
municipal_2023_mayor,municipal_2023_mayor__19030,None,90 Eastdale Ave,90 Eastdale Ave,43.69460245,-79.30124708,Open Toronto Elections Voting Locations,https://open.toronto.ca/dataset/elections-voting-locations/,2026-02-20,official_open_toronto_point,,verified_official_point,Open Government Licence - Toronto,"Processed polling_division_name comes from Toronto voter-statistics voting-place labels for ordinary rows, but no verified address or coordinate field is present in the repository.",19030,371
municipal_2023_mayor,municipal_2023_mayor__19031,None,195 Barrington Ave,195 Barrington Ave,43.69487911,-79.30294150,Open Toronto Elections Voting Locations,https://open.toronto.ca/dataset/elections-voting-locations/,2026-02-20,official_open_toronto_point,,verified_official_point,Open Government Licence - Toronto,"Processed polling_division_name comes from Toronto voter-statistics voting-place labels for ordinary rows, but no verified address or coordinate field is present in the repository.",19031,436
municipal_2023_mayor,municipal_2023_mayor__19032,None,444 Lumsden Ave,444 Lumsden Ave,43.69562966,-79.30231098,Open Toronto Elections Voting Locations,https://open.toronto.ca/dataset/elections-voting-locations/,2026-02-20,official_open_toronto_point,,verified_official_point,Open Government Licence - Toronto,"Processed polling_division_name comes from Toronto voter-statistics voting-place labels for ordinary rows, but no verified address or coordinate field is present in the repository.",19032,453
municipal_2023_mayor,municipal_2023_mayor__19034,True Davidson Acres,200 Dawes Rd,200 Dawes Rd,43.69583663,-79.29826910,Open Toronto Elections Voting Locations,https://open.toronto.ca/dataset/elections-voting-locations/,2026-02-20,official_open_toronto_point,,verified_official_point,Open Government Licence - Toronto,"Processed polling_division_name comes from Toronto voter-statistics voting-place labels for ordinary rows, but no verified address or coordinate field is present in the repository.",19034,121
municipal_2023_mayor,municipal_2023_mayor__19035,Crescent Town,5 Massey Sq,5 Massey Sq,43.69626593,-79.29275534,Open Toronto Elections Voting Locations,https://open.toronto.ca/dataset/elections-voting-locations/,2026-02-20,official_open_toronto_point,,verified_official_point,Open Government Licence - Toronto,"Processed polling_division_name comes from Toronto voter-statistics voting-place labels for ordinary rows, but no verified address or coordinate field is present in the repository.",19035,4599
municipal_2023_mayor,municipal_2023_mayor__19036,Faith Presbyterian Community Church,140 Dawes Rd,140 Dawes Rd,43.69377843,-79.29762721,Open Toronto Elections Voting Locations,https://open.toronto.ca/dataset/elections-voting-locations/,2026-02-20,official_open_toronto_point,,verified_official_point,Open Government Licence - Toronto,"Processed polling_division_name comes from Toronto voter-statistics voting-place labels for ordinary rows, but no verified address or coordinate field is present in the repository.",19036,1971
municipal_2023_mayor,municipal_2023_mayor__19037,Secord Community Centre - Building Grounds,91 Barrington Ave,91 Barrington Ave,43.69177210,-79.30156807,Open Toronto Elections Voting Locations,https://open.toronto.ca/dataset/elections-voting-locations/,2026-02-20,official_open_toronto_point,,verified_official_point,Open Government Licence - Toronto,"Processed polling_division_name comes from Toronto voter-statistics voting-place labels for ordinary rows, but no verified address or coordinate field is present in the repository.",19037,3539
municipal_2023_mayor,municipal_2023_mayor__19038,Main Square Community Centre,245 Main St,245 Main St,43.68716410,-79.29978718,Open Toronto Elections Voting Locations,https://open.toronto.ca/dataset/elections-voting-locations/,2026-02-20,official_open_toronto_point,,verified_official_point,Open Government Licence - Toronto,"Processed polling_division_name comes from Toronto voter-statistics voting-place labels for ordinary rows, but no verified address or coordinate field is present in the repository.",19038,3054
municipal_2023_mayor,municipal_2023_mayor__19039,Kinsmen Manor,2287 Gerrard St E,2287 Gerrard St E,43.68475302,-79.29543972,Open Toronto Elections Voting Locations,https://open.toronto.ca/dataset/elections-voting-locations/,2026-02-20,official_open_toronto_point,,verified_official_point,Open Government Licence - Toronto,"Processed polling_division_name comes from Toronto voter-statistics voting-place labels for ordinary rows, but no verified address or coordinate field is present in the repository.",19039,666
municipal_2023_mayor,municipal_2023_mayor__19040,Adam Beck Community Centre - Building Grounds,79 Lawlor Ave,79 Lawlor Ave,43.68285211,-79.28884648,Open Toronto Elections Voting Locations,https://open.toronto.ca/dataset/elections-voting-locations/,2026-02-20,official_open_toronto_point,,verified_official_point,Open Government Licence - Toronto,"Processed polling_division_name comes from Toronto voter-statistics voting-place labels for ordinary rows, but no verified address or coordinate field is present in the repository.",19040,2234
municipal_2023_mayor,municipal_2023_mayor__19041,Kingston Road United Church,975 Kingston Rd,975 Kingston Rd,43.68021318,-79.28656646,Open Toronto Elections Voting Locations,https://open.toronto.ca/dataset/elections-voting-locations/,2026-02-20,official_open_toronto_point,,verified_official_point,Open Government Licence - Toronto,"Processed polling_division_name comes from Toronto voter-statistics voting-place labels for ordinary rows, but no verified address or coordinate field is present in the repository.",19041,1394
municipal_2023_mayor,municipal_2023_mayor__19042,Glen Stewart Acres,828 Kingston Rd,828 Kingston Rd,43.68051549,-79.29211050,Open Toronto Elections Voting Locations,https://open.toronto.ca/dataset/elections-voting-locations/,2026-02-20,official_open_toronto_point,,verified_official_point,Open Government Licence - Toronto,"Processed polling_division_name comes from Toronto voter-statistics voting-place labels for ordinary rows, but no verified address or coordinate field is present in the repository.",19042,160
municipal_2023_mayor,municipal_2023_mayor__19043,St. John Catholic School,780 Kingston Rd,780 Kingston Rd,43.68022438,-79.29456867,Open Toronto Elections Voting Locations,https://open.toronto.ca/dataset/elections-voting-locations/,2026-02-20,official_open_toronto_point,,verified_official_point,Open Government Licence - Toronto,"Processed polling_division_name comes from Toronto voter-statistics voting-place labels for ordinary rows, but no verified address or coordinate field is present in the repository.",19043,2680
municipal_2023_mayor,municipal_2023_mayor__19044,Kimberly Public School Junior,50 Swanwick Ave,50 Swanwick Ave,43.68261997,-79.29912788,Open Toronto Elections Voting Locations,https://open.toronto.ca/dataset/elections-voting-locations/,2026-02-20,official_open_toronto_point,,verified_official_point,Open Government Licence - Toronto,"Processed polling_division_name comes from Toronto voter-statistics voting-place labels for ordinary rows, but no verified address or coordinate field is present in the repository.",19044,2222
municipal_2023_mayor,municipal_2023_mayor__19045,None,77 Main St,77 Main St,43.68158864,-79.29878735,Open Toronto Elections Voting Locations,https://open.toronto.ca/dataset/elections-voting-locations/,2026-02-20,official_open_toronto_point,,verified_official_point,Open Government Licence - Toronto,"Processed polling_division_name comes from Toronto voter-statistics voting-place labels for ordinary rows, but no verified address or coordinate field is present in the repository.",19045,91
municipal_2023_mayor,municipal_2023_mayor__19046,Woodbine Acres,133 Merrill Ave E,133 Merrill Ave E,43.68298660,-79.31199430,Open Toronto Elections Voting Locations,https://open.toronto.ca/dataset/elections-voting-locations/,2026-02-20,official_open_toronto_point,,verified_official_point,Open Government Licence - Toronto,"Processed polling_division_name comes from Toronto voter-statistics voting-place labels for ordinary rows, but no verified address or coordinate field is present in the repository.",19046,1136
municipal_2023_mayor,municipal_2023_mayor__19047,Grant African Methodist Church,2029 Gerrard St E,2029 Gerrard St E,43.68168144,-79.30843378,Open Toronto Elections Voting Locations,https://open.toronto.ca/dataset/elections-voting-locations/,2026-02-20,official_open_toronto_point,,verified_official_point,Open Government Licence - Toronto,"Processed polling_division_name comes from Toronto voter-statistics voting-place labels for ordinary rows, but no verified address or coordinate field is present in the repository.",19047,2301
municipal_2023_mayor,municipal_2023_mayor__19048,Cecilia Murphy Building,11 Coatsworth Cres,11 Coatsworth Cres,43.67899734,-79.32113629,Open Toronto Elections Voting Locations,https://open.toronto.ca/dataset/elections-voting-locations/,2026-02-20,official_open_toronto_point,,verified_official_point,Open Government Licence - Toronto,"Processed polling_division_name comes from Toronto voter-statistics voting-place labels for ordinary rows, but no verified address or coordinate field is present in the repository.",19048,961
municipal_2023_mayor,municipal_2023_mayor__19049,George Etienne Cartier,250 Gainsborough Rd,250 Gainsborough Rd,43.67790389,-79.31947311,Open Toronto Elections Voting Locations,https://open.toronto.ca/dataset/elections-voting-locations/,2026-02-20,official_open_toronto_point,,verified_official_point,Open Government Licence - Toronto,"Processed polling_division_name comes from Toronto voter-statistics voting-place labels for ordinary rows, but no verified address or coordinate field is present in the repository.",19049,1150
municipal_2023_mayor,municipal_2023_mayor__19050,Toronto Formosan Presbyterian Church,31 Eastwood Rd,31 Eastwood Rd,43.67292425,-79.31814058,Open Toronto Elections Voting Locations,https://open.toronto.ca/dataset/elections-voting-locations/,2026-02-20,official_open_toronto_point,,verified_official_point,Open Government Licence - Toronto,"Processed polling_division_name comes from Toronto voter-statistics voting-place labels for ordinary rows, but no verified address or coordinate field is present in the repository.",19050,2389
municipal_2023_mayor,municipal_2023_mayor__19051,Fairmount Park Community Centre,1757 Gerrard St E,1757 Gerrard St E,43.67664643,-79.31511551,Open Toronto Elections Voting Locations,https://open.toronto.ca/dataset/elections-voting-locations/,2026-02-20,official_open_toronto_point,,verified_official_point,Open Government Licence - Toronto,"Processed polling_division_name comes from Toronto voter-statistics voting-place labels for ordinary rows, but no verified address or coordinate field is present in the repository.",19051,2089
municipal_2023_mayor,municipal_2023_mayor__19052,Toronto United Mennonite Church,1774 Queen St E,1774 Queen St E,43.66792478,-79.31068170,Open Toronto Elections Voting Locations,https://open.toronto.ca/dataset/elections-voting-locations/,2026-02-20,official_open_toronto_point,,verified_official_point,Open Government Licence - Toronto,"Processed polling_division_name comes from Toronto voter-statistics voting-place labels for ordinary rows, but no verified address or coordinate field is present in the repository.",19052,3298
municipal_2023_mayor,municipal_2023_mayor__19054,Norway Public School,390 Kingston Rd,390 Kingston Rd,43.67627905,-79.30666870,Open Toronto Elections Voting Locations,https://open.toronto.ca/dataset/elections-voting-locations/,2026-02-20,official_open_toronto_point,,verified_official_point,Open Government Licence - Toronto,"Processed polling_division_name comes from Toronto voter-statistics voting-place labels for ordinary rows, but no verified address or coordinate field is present in the repository.",19054,2465
municipal_2023_mayor,municipal_2023_mayor__19055,Beaches Lions Centennial Apartments,50 Norway Ave,50 Norway Ave,43.67424402,-79.30475233,Open Toronto Elections Voting Locations,https://open.toronto.ca/dataset/elections-voting-locations/,2026-02-20,official_open_toronto_point,,verified_official_point,Open Government Licence - Toronto,"Processed polling_division_name comes from Toronto voter-statistics voting-place labels for ordinary rows, but no verified address or coordinate field is present in the repository.",19055,1091
municipal_2023_mayor,municipal_2023_mayor__19056,Kew Beach Public School,101 Kippendavie Ave,101 Kippendavie Ave,43.66846424,-79.30272732,Open Toronto Elections Voting Locations,https://open.toronto.ca/dataset/elections-voting-locations/,2026-02-20,official_open_toronto_point,,verified_official_point,Open Government Licence - Toronto,"Processed polling_division_name comes from Toronto voter-statistics voting-place labels for ordinary rows, but no verified address or coordinate field is present in the repository.",19056,2864
municipal_2023_mayor,municipal_2023_mayor__19057,Beaches Public Library,2161 Queen St E,2161 Queen St E,43.67008287,-79.29849410,Open Toronto Elections Voting Locations,https://open.toronto.ca/dataset/elections-voting-locations/,2026-02-20,official_open_toronto_point,,verified_official_point,Open Government Licence - Toronto,"Processed polling_division_name comes from Toronto voter-statistics voting-place labels for ordinary rows, but no verified address or coordinate field is present in the repository.",19057,1084
municipal_2023_mayor,municipal_2023_mayor__19058,Kew Beach United Church,140 Wineva Ave,140 Wineva Ave,43.67148967,-79.29633251,Open Toronto Elections Voting Locations,https://open.toronto.ca/dataset/elections-voting-locations/,2026-02-20,official_open_toronto_point,,verified_official_point,Open Government Licence - Toronto,"Processed polling_division_name comes from Toronto voter-statistics voting-place labels for ordinary rows, but no verified address or coordinate field is present in the repository.",19058,2572
municipal_2023_mayor,municipal_2023_mayor__19059,Beaches Recreation Centre - Building Grounds,6 Williamson Rd,6 Williamson Rd,43.67393102,-79.29880706,Open Toronto Elections Voting Locations,https://open.toronto.ca/dataset/elections-voting-locations/,2026-02-20,official_open_toronto_point,,verified_official_point,Open Government Licence - Toronto,"Processed polling_division_name comes from Toronto voter-statistics voting-place labels for ordinary rows, but no verified address or coordinate field is present in the repository.",19059,1959
municipal_2023_mayor,municipal_2023_mayor__19062,Balmy Beach Community Recreation Centre - Building Grounds,14 Pine Ave,14 Pine Ave,43.67643592,-79.28982694,Open Toronto Elections Voting Locations,https://open.toronto.ca/dataset/elections-voting-locations/,2026-02-20,official_open_toronto_point,,verified_official_point,Open Government Licence - Toronto,"Processed polling_division_name comes from Toronto voter-statistics voting-place labels for ordinary rows, but no verified address or coordinate field is present in the repository.",19062,1814
municipal_2023_mayor,municipal_2023_mayor__19063,Church of St. Aidan,2423 Queen St E,2423 Queen St E,43.67274624,-79.28549810,Open Toronto Elections Voting Locations,https://open.toronto.ca/dataset/elections-voting-locations/,2026-02-20,official_open_toronto_point,,verified_official_point,Open Government Licence - Toronto,"Processed polling_division_name comes from Toronto voter-statistics voting-place labels for ordinary rows, but no verified address or coordinate field is present in the repository.",19063,2896
municipal_2023_mayor,municipal_2023_mayor__20001,Clairlea Public School,25 Rosalind Cres,25 Rosalind Cres,43.71647676,-79.29623589,Open Toronto Elections Voting Locations,https://open.toronto.ca/dataset/elections-voting-locations/,2026-02-20,official_open_toronto_point,,verified_official_point,Open Government Licence - Toronto,"Processed polling_division_name comes from Toronto voter-statistics voting-place labels for ordinary rows, but no verified address or coordinate field is present in the repository.",20001,1345
municipal_2023_mayor,municipal_2023_mayor__20002,Our Lady Of Fatima Catholic School,3176 St Clair Ave E,3176 St Clair Ave E,43.71015994,-79.29361585,Open Toronto Elections Voting Locations,https://open.toronto.ca/dataset/elections-voting-locations/,2026-02-20,official_open_toronto_point,,verified_official_point,Open Government Licence - Toronto,"Processed polling_division_name comes from Toronto voter-statistics voting-place labels for ordinary rows, but no verified address or coordinate field is present in the repository.",20002,3237
municipal_2023_mayor,municipal_2023_mayor__20003,W.A. Porter Collegiate Institute,40 Fairfax Cres,40 Fairfax Cres,43.71659346,-79.28726952,Open Toronto Elections Voting Locations,https://open.toronto.ca/dataset/elections-voting-locations/,2026-02-20,official_open_toronto_point,,verified_official_point,Open Government Licence - Toronto,"Processed polling_division_name comes from Toronto voter-statistics voting-place labels for ordinary rows, but no verified address or coordinate field is present in the repository.",20003,1530
municipal_2023_mayor,municipal_2023_mayor__20004,Providence Healthcare,3276 St Clair Ave E,3276 St Clair Ave E,43.71395939,-79.28519624,Open Toronto Elections Voting Locations,https://open.toronto.ca/dataset/elections-voting-locations/,2026-02-20,official_open_toronto_point,,verified_official_point,Open Government Licence - Toronto,"Processed polling_division_name comes from Toronto voter-statistics voting-place labels for ordinary rows, but no verified address or coordinate field is present in the repository.",20004,183
municipal_2023_mayor,municipal_2023_mayor__20005,Warden Hilltop Community Centre - Building Grounds,25 Mendelssohn St,25 Mendelssohn St,43.71490294,-79.28048868,Open Toronto Elections Voting Locations,https://open.toronto.ca/dataset/elections-voting-locations/,2026-02-20,official_open_toronto_point,,verified_official_point,Open Government Licence - Toronto,"Processed polling_division_name comes from Toronto voter-statistics voting-place labels for ordinary rows, but no verified address or coordinate field is present in the repository.",20005,1459
municipal_2023_mayor,municipal_2023_mayor__20006,St. Joachim Catholic School,3395 St Clair Ave E,3395 St Clair Ave E,43.71300802,-79.27541135,Open Toronto Elections Voting Locations,https://open.toronto.ca/dataset/elections-voting-locations/,2026-02-20,official_open_toronto_point,,verified_official_point,Open Government Licence - Toronto,"Processed polling_division_name comes from Toronto voter-statistics voting-place labels for ordinary rows, but no verified address or coordinate field is present in the repository.",20006,2720
municipal_2023_mayor,municipal_2023_mayor__20008,None,841 Birchmount Rd,841 Birchmount Rd,43.72980475,-79.27750006,Open Toronto Elections Voting Locations,https://open.toronto.ca/dataset/elections-voting-locations/,2026-02-20,official_open_toronto_point,,verified_official_point,Open Government Licence - Toronto,"Processed polling_division_name comes from Toronto voter-statistics voting-place labels for ordinary rows, but no verified address or coordinate field is present in the repository.",20008,2449
municipal_2023_mayor,municipal_2023_mayor__20009,St. Maria Goretti Catholic School,21 Kenmark Blvd,21 Kenmark Blvd,43.72983532,-79.26592211,Open Toronto Elections Voting Locations,https://open.toronto.ca/dataset/elections-voting-locations/,2026-02-20,official_open_toronto_point,,verified_official_point,Open Government Licence - Toronto,"Processed polling_division_name comes from Toronto voter-statistics voting-place labels for ordinary rows, but no verified address or coordinate field is present in the repository.",20009,2612
municipal_2023_mayor,municipal_2023_mayor__20010,Corvette Junior Public School,30 Corvette Ave,30 Corvette Ave,43.72648511,-79.26215973,Open Toronto Elections Voting Locations,https://open.toronto.ca/dataset/elections-voting-locations/,2026-02-20,official_open_toronto_point,,verified_official_point,Open Government Licence - Toronto,"Processed polling_division_name comes from Toronto voter-statistics voting-place labels for ordinary rows, but no verified address or coordinate field is present in the repository.",20010,2231
municipal_2023_mayor,municipal_2023_mayor__20011,Norman Cook Junior Public School,725 Danforth Rd,725 Danforth Rd,43.71903913,-79.25779511,Open Toronto Elections Voting Locations,https://open.toronto.ca/dataset/elections-voting-locations/,2026-02-20,official_open_toronto_point,,verified_official_point,Open Government Licence - Toronto,"Processed polling_division_name comes from Toronto voter-statistics voting-place labels for ordinary rows, but no verified address or coordinate field is present in the repository.",20011,2313
municipal_2023_mayor,municipal_2023_mayor__20012,Presentation Manor,61 Fairfax Cres,61 Fairfax Cres,43.71552697,-79.28435697,Open Toronto Elections Voting Locations,https://open.toronto.ca/dataset/elections-voting-locations/,2026-02-20,official_open_toronto_point,,verified_official_point,Open Government Licence - Toronto,"Processed polling_division_name comes from Toronto voter-statistics voting-place labels for ordinary rows, but no verified address or coordinate field is present in the repository.",20012,62
municipal_2023_mayor,municipal_2023_mayor__20013,None,5 Greystone Walk Dr,5 Greystone Walk Dr,43.72553723,-79.25176094,Open Toronto Elections Voting Locations,https://open.toronto.ca/dataset/elections-voting-locations/,2026-02-20,official_open_toronto_point,,verified_official_point,Open Government Licence - Toronto,"Processed polling_division_name comes from Toronto voter-statistics voting-place labels for ordinary rows, but no verified address or coordinate field is present in the repository.",20013,1155
municipal_2023_mayor,municipal_2023_mayor__20015,Robert Service Senior Public School,945 Danforth Rd,945 Danforth Rd,43.72902515,-79.25117818,Open Toronto Elections Voting Locations,https://open.toronto.ca/dataset/elections-voting-locations/,2026-02-20,official_open_toronto_point,,verified_official_point,Open Government Licence - Toronto,"Processed polling_division_name comes from Toronto voter-statistics voting-place labels for ordinary rows, but no verified address or coordinate field is present in the repository.",20015,2856
municipal_2023_mayor,municipal_2023_mayor__20016,Gus Harris Place,120 Town Haven Pl,120 Town Haven Pl,43.73323662,-79.25927288,Open Toronto Elections Voting Locations,https://open.toronto.ca/dataset/elections-voting-locations/,2026-02-20,official_open_toronto_point,,verified_official_point,Open Government Licence - Toronto,"Processed polling_division_name comes from Toronto voter-statistics voting-place labels for ordinary rows, but no verified address or coordinate field is present in the repository.",20016,1216
municipal_2023_mayor,municipal_2023_mayor__20017,Walter Perry Junior Public School,45 Falmouth Ave,45 Falmouth Ave,43.73345613,-79.25124569,Open Toronto Elections Voting Locations,https://open.toronto.ca/dataset/elections-voting-locations/,2026-02-20,official_open_toronto_point,,verified_official_point,Open Government Licence - Toronto,"Processed polling_division_name comes from Toronto voter-statistics voting-place labels for ordinary rows, but no verified address or coordinate field is present in the repository.",20017,1569
municipal_2023_mayor,municipal_2023_mayor__20018,None,330 McCowan Rd,330 McCowan Rd,43.73730154,-79.23858461,Open Toronto Elections Voting Locations,https://open.toronto.ca/dataset/elections-voting-locations/,2026-02-20,official_open_toronto_point,,verified_official_point,Open Government Licence - Toronto,"Processed polling_division_name comes from Toronto voter-statistics voting-place labels for ordinary rows, but no verified address or coordinate field is present in the repository.",20018,1384
municipal_2023_mayor,municipal_2023_mayor__20019,Kingsway Arms,2881 Eglinton Ave E,2881 Eglinton Ave E,43.73805749,-79.23961145,Open Toronto Elections Voting Locations,https://open.toronto.ca/dataset/elections-voting-locations/,2026-02-20,official_open_toronto_point,,verified_official_point,Open Government Licence - Toronto,"Processed polling_division_name comes from Toronto voter-statistics voting-place labels for ordinary rows, but no verified address or coordinate field is present in the repository.",20019,98
municipal_2023_mayor,municipal_2023_mayor__20020,None,340 McCowan Rd,340 McCowan Rd,43.73821335,-79.23865849,Open Toronto Elections Voting Locations,https://open.toronto.ca/dataset/elections-voting-locations/,2026-02-20,official_open_toronto_point,,verified_official_point,Open Government Licence - Toronto,"Processed polling_division_name comes from Toronto voter-statistics voting-place labels for ordinary rows, but no verified address or coordinate field is present in the repository.",20020,142
municipal_2023_mayor,municipal_2023_mayor__20021,Adanac Apartments,140 Adanac Dr,140 Adanac Dr,43.74066452,-79.22695508,Open Toronto Elections Voting Locations,https://open.toronto.ca/dataset/elections-voting-locations/,2026-02-20,official_open_toronto_point,,verified_official_point,Open Government Licence - Toronto,"Processed polling_division_name comes from Toronto voter-statistics voting-place labels for ordinary rows, but no verified address or coordinate field is present in the repository.",20021,372
municipal_2023_mayor,municipal_2023_mayor__20022,Mason Road Junior Public School,78 Mason Rd,78 Mason Rd,43.73905644,-79.22565459,Open Toronto Elections Voting Locations,https://open.toronto.ca/dataset/elections-voting-locations/,2026-02-20,official_open_toronto_point,,verified_official_point,Open Government Licence - Toronto,"Processed polling_division_name comes from Toronto voter-statistics voting-place labels for ordinary rows, but no verified address or coordinate field is present in the repository.",20022,1325
municipal_2023_mayor,municipal_2023_mayor__20023,St. Boniface Catholic School,20 Markanna Dr,20 Markanna Dr,43.74055091,-79.21981765,Open Toronto Elections Voting Locations,https://open.toronto.ca/dataset/elections-voting-locations/,2026-02-20,official_open_toronto_point,,verified_official_point,Open Government Licence - Toronto,"Processed polling_division_name comes from Toronto voter-statistics voting-place labels for ordinary rows, but no verified address or coordinate field is present in the repository.",20023,2198
municipal_2023_mayor,municipal_2023_mayor__20025,None,148 Markham Rd,148 Markham Rd,43.74089753,-79.21867198,Open Toronto Elections Voting Locations,https://open.toronto.ca/dataset/elections-voting-locations/,2026-02-20,official_open_toronto_point,,verified_official_point,Open Government Licence - Toronto,"Processed polling_division_name comes from Toronto voter-statistics voting-place labels for ordinary rows, but no verified address or coordinate field is present in the repository.",20025,129
municipal_2023_mayor,municipal_2023_mayor__20026,Bliss Carman Senior Public School,10 Bellamy Rd S,10 Bellamy Rd S,43.73264896,-79.22560188,Open Toronto Elections Voting Locations,https://open.toronto.ca/dataset/elections-voting-locations/,2026-02-20,official_open_toronto_point,,verified_official_point,Open Government Licence - Toronto,"Processed polling_division_name comes from Toronto voter-statistics voting-place labels for ordinary rows, but no verified address or coordinate field is present in the repository.",20026,2057
municipal_2023_mayor,municipal_2023_mayor__20027,H. A. Halbert Junior Public School,25 Halbert Pl,25 Halbert Pl,43.72764960,-79.23173607,Open Toronto Elections Voting Locations,https://open.toronto.ca/dataset/elections-voting-locations/,2026-02-20,official_open_toronto_point,,verified_official_point,Open Government Licence - Toronto,"Processed polling_division_name comes from Toronto voter-statistics voting-place labels for ordinary rows, but no verified address or coordinate field is present in the repository.",20027,2029
municipal_2023_mayor,municipal_2023_mayor__20028,St. Agatha Catholic School,49 Cathedral Bluffs Dr,49 Cathedral Bluffs Dr,43.72355321,-79.22962656,Open Toronto Elections Voting Locations,https://open.toronto.ca/dataset/elections-voting-locations/,2026-02-20,official_open_toronto_point,,verified_official_point,Open Government Licence - Toronto,"Processed polling_division_name comes from Toronto voter-statistics voting-place labels for ordinary rows, but no verified address or coordinate field is present in the repository.",20028,2091
municipal_2023_mayor,municipal_2023_mayor__20029,Anson Park Public School,30 Macduff Cres,30 Macduff Cres,43.72612892,-79.24111542,Open Toronto Elections Voting Locations,https://open.toronto.ca/dataset/elections-voting-locations/,2026-02-20,official_open_toronto_point,,verified_official_point,Open Government Licence - Toronto,"Processed polling_division_name comes from Toronto voter-statistics voting-place labels for ordinary rows, but no verified address or coordinate field is present in the repository.",20029,1531
municipal_2023_mayor,municipal_2023_mayor__20030,St. Georges Manor,17 Brimley Rd,17 Brimley Rd,43.72045957,-79.23910246,Open Toronto Elections Voting Locations,https://open.toronto.ca/dataset/elections-voting-locations/,2026-02-20,official_open_toronto_point,,verified_official_point,Open Government Licence - Toronto,"Processed polling_division_name comes from Toronto voter-statistics voting-place labels for ordinary rows, but no verified address or coordinate field is present in the repository.",20030,1610
municipal_2023_mayor,municipal_2023_mayor__20031,St. John Henry Newman Catholic High School,100 Brimley Rd S,100 Brimley Rd S,43.71477880,-79.24043537,Open Toronto Elections Voting Locations,https://open.toronto.ca/dataset/elections-voting-locations/,2026-02-20,official_open_toronto_point,,verified_official_point,Open Government Licence - Toronto,"Processed polling_division_name comes from Toronto voter-statistics voting-place labels for ordinary rows, but no verified address or coordinate field is present in the repository.",20031,1303
municipal_2023_mayor,municipal_2023_mayor__20032,Highway Gospel Church,530 Midland Ave,530 Midland Ave,43.71737219,-79.25120153,Open Toronto Elections Voting Locations,https://open.toronto.ca/dataset/elections-voting-locations/,2026-02-20,official_open_toronto_point,,verified_official_point,Open Government Licence - Toronto,"Processed polling_division_name comes from Toronto voter-statistics voting-place labels for ordinary rows, but no verified address or coordinate field is present in the repository.",20032,1908
municipal_2023_mayor,municipal_2023_mayor__20033,John A. Leslie Public School,459 Midland Ave,459 Midland Ave,43.71410868,-79.24905938,Open Toronto Elections Voting Locations,https://open.toronto.ca/dataset/elections-voting-locations/,2026-02-20,official_open_toronto_point,,verified_official_point,Open Government Licence - Toronto,"Processed polling_division_name comes from Toronto voter-statistics voting-place labels for ordinary rows, but no verified address or coordinate field is present in the repository.",20033,2180
municipal_2023_mayor,municipal_2023_mayor__20034,Chine Drive Public School,51 Chine Dr,51 Chine Dr,43.70998259,-79.24179688,Open Toronto Elections Voting Locations,https://open.toronto.ca/dataset/elections-voting-locations/,2026-02-20,official_open_toronto_point,,verified_official_point,Open Government Licence - Toronto,"Processed polling_division_name comes from Toronto voter-statistics voting-place labels for ordinary rows, but no verified address or coordinate field is present in the repository.",20034,1018
municipal_2023_mayor,municipal_2023_mayor__20035,Leisure World Midland Garden,130 Midland Ave,130 Midland Ave,43.70832838,-79.24776993,Open Toronto Elections Voting Locations,https://open.toronto.ca/dataset/elections-voting-locations/,2026-02-20,official_open_toronto_point,,verified_official_point,Open Government Licence - Toronto,"Processed polling_division_name comes from Toronto voter-statistics voting-place labels for ordinary rows, but no verified address or coordinate field is present in the repository.",20035,351
municipal_2023_mayor,municipal_2023_mayor__20036,Craiglee Nursing Home,102 Craiglee Dr,102 Craiglee Dr,43.70690220,-79.25307145,Open Toronto Elections Voting Locations,https://open.toronto.ca/dataset/elections-voting-locations/,2026-02-20,official_open_toronto_point,,verified_official_point,Open Government Licence - Toronto,"Processed polling_division_name comes from Toronto voter-statistics voting-place labels for ordinary rows, but no verified address or coordinate field is present in the repository.",20036,97
municipal_2023_mayor,municipal_2023_mayor__20037,Variety Village,3701 Danforth Ave,3701 Danforth Ave,43.69858549,-79.25722250,Open Toronto Elections Voting Locations,https://open.toronto.ca/dataset/elections-voting-locations/,2026-02-20,official_open_toronto_point,,verified_official_point,Open Government Licence - Toronto,"Processed polling_division_name comes from Toronto voter-statistics voting-place labels for ordinary rows, but no verified address or coordinate field is present in the repository.",20037,2098
municipal_2023_mayor,municipal_2023_mayor__20038,None,221 Kennedy Rd,221 Kennedy Rd,43.70629366,-79.25704643,Open Toronto Elections Voting Locations,https://open.toronto.ca/dataset/elections-voting-locations/,2026-02-20,official_open_toronto_point,,verified_official_point,Open Government Licence - Toronto,"Processed polling_division_name comes from Toronto voter-statistics voting-place labels for ordinary rows, but no verified address or coordinate field is present in the repository.",20038,1458
municipal_2023_mayor,municipal_2023_mayor__20039,None,2121 Kingston Rd,2121 Kingston Rd,43.70065647,-79.25410984,Open Toronto Elections Voting Locations,https://open.toronto.ca/dataset/elections-voting-locations/,2026-02-20,official_open_toronto_point,,verified_official_point,Open Government Licence - Toronto,"Processed polling_division_name comes from Toronto voter-statistics voting-place labels for ordinary rows, but no verified address or coordinate field is present in the repository.",20039,38
municipal_2023_mayor,municipal_2023_mayor__20040,McClain Park Apartments,10 Glen Everest Rd,10 Glen Everest Rd,43.69932241,-79.25477867,Open Toronto Elections Voting Locations,https://open.toronto.ca/dataset/elections-voting-locations/,2026-02-20,official_open_toronto_point,,verified_official_point,Open Government Licence - Toronto,"Processed polling_division_name comes from Toronto voter-statistics voting-place labels for ordinary rows, but no verified address or coordinate field is present in the repository.",20040,416
municipal_2023_mayor,municipal_2023_mayor__20041,Birch Cliff Heights Public School,120 Highview Ave,120 Highview Ave,43.70174139,-79.25981662,Open Toronto Elections Voting Locations,https://open.toronto.ca/dataset/elections-voting-locations/,2026-02-20,official_open_toronto_point,,verified_official_point,Open Government Licence - Toronto,"Processed polling_division_name comes from Toronto voter-statistics voting-place labels for ordinary rows, but no verified address or coordinate field is present in the repository.",20041,2360
municipal_2023_mayor,municipal_2023_mayor__20042,J. G. Workman Public School,487 Birchmount Rd,487 Birchmount Rd,43.70719126,-79.26712793,Open Toronto Elections Voting Locations,https://open.toronto.ca/dataset/elections-voting-locations/,2026-02-20,official_open_toronto_point,,verified_official_point,Open Government Licence - Toronto,"Processed polling_division_name comes from Toronto voter-statistics voting-place labels for ordinary rows, but no verified address or coordinate field is present in the repository.",20042,2328
municipal_2023_mayor,municipal_2023_mayor__20044,Danforth Gardens Public School,20 Santamonica Blvd,20 Santamonica Blvd,43.70876706,-79.27092740,Open Toronto Elections Voting Locations,https://open.toronto.ca/dataset/elections-voting-locations/,2026-02-20,official_open_toronto_point,,verified_official_point,Open Government Licence - Toronto,"Processed polling_division_name comes from Toronto voter-statistics voting-place labels for ordinary rows, but no verified address or coordinate field is present in the repository.",20044,2865
municipal_2023_mayor,municipal_2023_mayor__20045,None,40 Bell Estate Rd,40 Bell Estate Rd,43.70556802,-79.27707570,Open Toronto Elections Voting Locations,https://open.toronto.ca/dataset/elections-voting-locations/,2026-02-20,official_open_toronto_point,,verified_official_point,Open Government Licence - Toronto,"Processed polling_division_name comes from Toronto voter-statistics voting-place labels for ordinary rows, but no verified address or coordinate field is present in the repository.",20045,76
municipal_2023_mayor,municipal_2023_mayor__20046,None,682 Warden Ave,682 Warden Ave,43.70595331,-79.27904460,Open Toronto Elections Voting Locations,https://open.toronto.ca/dataset/elections-voting-locations/,2026-02-20,official_open_toronto_point,,verified_official_point,Open Government Licence - Toronto,"Processed polling_division_name comes from Toronto voter-statistics voting-place labels for ordinary rows, but no verified address or coordinate field is present in the repository.",20046,276
municipal_2023_mayor,municipal_2023_mayor__20047,Warden Woods,74 Firvalley Crt,74 Firvalley Crt,43.70393994,-79.27812425,Open Toronto Elections Voting Locations,https://open.toronto.ca/dataset/elections-voting-locations/,2026-02-20,official_open_toronto_point,,verified_official_point,Open Government Licence - Toronto,"Processed polling_division_name comes from Toronto voter-statistics voting-place labels for ordinary rows, but no verified address or coordinate field is present in the repository.",20047,703
municipal_2023_mayor,municipal_2023_mayor__20048,Warden Avenue Junior Public School,644 Warden Ave,644 Warden Ave,43.70003776,-79.27728774,Open Toronto Elections Voting Locations,https://open.toronto.ca/dataset/elections-voting-locations/,2026-02-20,official_open_toronto_point,,verified_official_point,Open Government Licence - Toronto,"Processed polling_division_name comes from Toronto voter-statistics voting-place labels for ordinary rows, but no verified address or coordinate field is present in the repository.",20048,3542
municipal_2023_mayor,municipal_2023_mayor__20049,West Scarborough Neighbourhood Centre,313 Pharmacy Ave,313 Pharmacy Ave,43.70140776,-79.28467858,Open Toronto Elections Voting Locations,https://open.toronto.ca/dataset/elections-voting-locations/,2026-02-20,official_open_toronto_point,,verified_official_point,Open Government Licence - Toronto,"Processed polling_division_name comes from Toronto voter-statistics voting-place labels for ordinary rows, but no verified address or coordinate field is present in the repository.",20049,3095
municipal_2023_mayor,municipal_2023_mayor__20050,None,40 Teesdale Pl,40 Teesdale Pl,43.69719907,-79.28643786,Open Toronto Elections Voting Locations,https://open.toronto.ca/dataset/elections-voting-locations/,2026-02-20,official_open_toronto_point,,verified_official_point,Open Government Licence - Toronto,"Processed polling_division_name comes from Toronto voter-statistics voting-place labels for ordinary rows, but no verified address or coordinate field is present in the repository.",20050,385
municipal_2023_mayor,municipal_2023_mayor__20052,None,10 Teesdale Pl,10 Teesdale Pl,43.69651815,-79.28620120,Open Toronto Elections Voting Locations,https://open.toronto.ca/dataset/elections-voting-locations/,2026-02-20,official_open_toronto_point,,verified_official_point,Open Government Licence - Toronto,"Processed polling_division_name comes from Toronto voter-statistics voting-place labels for ordinary rows, but no verified address or coordinate field is present in the repository.",20052,539
municipal_2023_mayor,municipal_2023_mayor__20054,Cambridge Place,30 Denton Ave,30 Denton Ave,43.69396942,-79.28769586,Open Toronto Elections Voting Locations,https://open.toronto.ca/dataset/elections-voting-locations/,2026-02-20,official_open_toronto_point,,verified_official_point,Open Government Licence - Toronto,"Processed polling_division_name comes from Toronto voter-statistics voting-place labels for ordinary rows, but no verified address or coordinate field is present in the repository.",20054,828
municipal_2023_mayor,municipal_2023_mayor__20055,None,757 Victoria Park Ave,757 Victoria Park Ave,43.69241039,-79.28828619,Open Toronto Elections Voting Locations,https://open.toronto.ca/dataset/elections-voting-locations/,2026-02-20,official_open_toronto_point,,verified_official_point,Open Government Licence - Toronto,"Processed polling_division_name comes from Toronto voter-statistics voting-place labels for ordinary rows, but no verified address or coordinate field is present in the repository.",20055,295
municipal_2023_mayor,municipal_2023_mayor__20056,Oakridge Community Centre,63 Pharmacy Ave,63 Pharmacy Ave,43.69443254,-79.28393690,Open Toronto Elections Voting Locations,https://open.toronto.ca/dataset/elections-voting-locations/,2026-02-20,official_open_toronto_point,,verified_official_point,Open Government Licence - Toronto,"Processed polling_division_name comes from Toronto voter-statistics voting-place labels for ordinary rows, but no verified address or coordinate field is present in the repository.",20056,2916
municipal_2023_mayor,municipal_2023_mayor__20057,Byng Towers,3330 Danforth Ave,3330 Danforth Ave,43.69372183,-79.27860861,Open Toronto Elections Voting Locations,https://open.toronto.ca/dataset/elections-voting-locations/,2026-02-20,official_open_toronto_point,,verified_official_point,Open Government Licence - Toronto,"Processed polling_division_name comes from Toronto voter-statistics voting-place labels for ordinary rows, but no verified address or coordinate field is present in the repository.",20057,954
municipal_2023_mayor,municipal_2023_mayor__20058,Chester Village,3555 Danforth Ave,3555 Danforth Ave,43.69377828,-79.27473428,Open Toronto Elections Voting Locations,https://open.toronto.ca/dataset/elections-voting-locations/,2026-02-20,official_open_toronto_point,,verified_official_point,Open Government Licence - Toronto,"Processed polling_division_name comes from Toronto voter-statistics voting-place labels for ordinary rows, but no verified address or coordinate field is present in the repository.",20058,
municipal_2023_mayor,municipal_2023_mayor__20059,Birchmount Community Centre,93 Birchmount Rd,93 Birchmount Rd,43.69562402,-79.26310800,Open Toronto Elections Voting Locations,https://open.toronto.ca/dataset/elections-voting-locations/,2026-02-20,official_open_toronto_point,,verified_official_point,Open Government Licence - Toronto,"Processed polling_division_name comes from Toronto voter-statistics voting-place labels for ordinary rows, but no verified address or coordinate field is present in the repository.",20059,2187
municipal_2023_mayor,municipal_2023_mayor__20061,Royal Canadian Legion Branch 13,1577 Kingston Rd,1577 Kingston Rd,43.68998162,-79.26695408,Open Toronto Elections Voting Locations,https://open.toronto.ca/dataset/elections-voting-locations/,2026-02-20,official_open_toronto_point,,verified_official_point,Open Government Licence - Toronto,"Processed polling_division_name comes from Toronto voter-statistics voting-place labels for ordinary rows, but no verified address or coordinate field is present in the repository.",20061,1437
municipal_2023_mayor,municipal_2023_mayor__20062,Taylor Branch Public Library,1440 Kingston Rd,1440 Kingston Rd,43.68783070,-79.27130299,Open Toronto Elections Voting Locations,https://open.toronto.ca/dataset/elections-voting-locations/,2026-02-20,official_open_toronto_point,,verified_official_point,Open Government Licence - Toronto,"Processed polling_division_name comes from Toronto voter-statistics voting-place labels for ordinary rows, but no verified address or coordinate field is present in the repository.",20062,1048
municipal_2023_mayor,municipal_2023_mayor__20063,None,35 Wood Glen Rd,35 Wood Glen Rd,43.68417603,-79.27567559,Open Toronto Elections Voting Locations,https://open.toronto.ca/dataset/elections-voting-locations/,2026-02-20,official_open_toronto_point,,verified_official_point,Open Government Licence - Toronto,"Processed polling_division_name comes from Toronto voter-statistics voting-place labels for ordinary rows, but no verified address or coordinate field is present in the repository.",20063,1558
municipal_2023_mayor,municipal_2023_mayor__20064,Blantyre Public School,290 Blantyre Ave,290 Blantyre Ave,43.68510008,-79.28386465,Open Toronto Elections Voting Locations,https://open.toronto.ca/dataset/elections-voting-locations/,2026-02-20,official_open_toronto_point,,verified_official_point,Open Government Licence - Toronto,"Processed polling_division_name comes from Toronto voter-statistics voting-place labels for ordinary rows, but no verified address or coordinate field is present in the repository.",20064,2201
municipal_2023_mayor,municipal_2023_mayor__20066,Courcelette Public School,100 Fallingbrook Rd,100 Fallingbrook Rd,43.67931883,-79.27856592,Open Toronto Elections Voting Locations,https://open.toronto.ca/dataset/elections-voting-locations/,2026-02-20,official_open_toronto_point,,verified_official_point,Open Government Licence - Toronto,"Processed polling_division_name comes from Toronto voter-statistics voting-place labels for ordinary rows, but no verified address or coordinate field is present in the repository.",20066,1863
municipal_2023_mayor,municipal_2023_mayor__21001,Church of St. Andrew,2333-2347 Victoria Park Ave,2333-2347 Victoria Park Ave,43.76530514,-79.31797458,Open Toronto Elections Voting Locations,https://open.toronto.ca/dataset/elections-voting-locations/,2026-02-20,official_open_toronto_point,,verified_official_point,Open Government Licence - Toronto,"Processed polling_division_name comes from Toronto voter-statistics voting-place labels for ordinary rows, but no verified address or coordinate field is present in the repository.",21001,1993
municipal_2023_mayor,municipal_2023_mayor__21002,Terraview-Willowfield Public School,95 Pachino Blvd,95 Pachino Blvd,43.76378291,-79.30857274,Open Toronto Elections Voting Locations,https://open.toronto.ca/dataset/elections-voting-locations/,2026-02-20,official_open_toronto_point,,verified_official_point,Open Government Licence - Toronto,"Processed polling_division_name comes from Toronto voter-statistics voting-place labels for ordinary rows, but no verified address or coordinate field is present in the repository.",21002,2300
municipal_2023_mayor,municipal_2023_mayor__21003,Glamorgan Junior Public School,51 Antrim Cres,51 Antrim Cres,43.77130031,-79.28955383,Open Toronto Elections Voting Locations,https://open.toronto.ca/dataset/elections-voting-locations/,2026-02-20,official_open_toronto_point,,verified_official_point,Open Government Licence - Toronto,"Processed polling_division_name comes from Toronto voter-statistics voting-place labels for ordinary rows, but no verified address or coordinate field is present in the repository.",21003,2869
municipal_2023_mayor,municipal_2023_mayor__21005,Mondeo Springs,8 Mondeo Dr,8 Mondeo Dr,43.76449723,-79.28847277,Open Toronto Elections Voting Locations,https://open.toronto.ca/dataset/elections-voting-locations/,2026-02-20,official_open_toronto_point,,verified_official_point,Open Government Licence - Toronto,"Processed polling_division_name comes from Toronto voter-statistics voting-place labels for ordinary rows, but no verified address or coordinate field is present in the repository.",21005,1055
municipal_2023_mayor,municipal_2023_mayor__21008,None,1911 Kennedy Rd,1911 Kennedy Rd,43.76743569,-79.28057333,Open Toronto Elections Voting Locations,https://open.toronto.ca/dataset/elections-voting-locations/,2026-02-20,official_open_toronto_point,,verified_official_point,Open Government Licence - Toronto,"Processed polling_division_name comes from Toronto voter-statistics voting-place labels for ordinary rows, but no verified address or coordinate field is present in the repository.",21008,2355
municipal_2023_mayor,municipal_2023_mayor__21009,Leisureworld Caregiving Centre,1000 Ellesmere Rd,1000 Ellesmere Rd,43.76714474,-79.27774208,Open Toronto Elections Voting Locations,https://open.toronto.ca/dataset/elections-voting-locations/,2026-02-20,official_open_toronto_point,,verified_official_point,Open Government Licence - Toronto,"Processed polling_division_name comes from Toronto voter-statistics voting-place labels for ordinary rows, but no verified address or coordinate field is present in the repository.",21009,152
municipal_2023_mayor,municipal_2023_mayor__21011,None,115 Omni Dr,115 Omni Dr,43.77172776,-79.26137831,Open Toronto Elections Voting Locations,https://open.toronto.ca/dataset/elections-voting-locations/,2026-02-20,official_open_toronto_point,,verified_official_point,Open Government Licence - Toronto,"Processed polling_division_name comes from Toronto voter-statistics voting-place labels for ordinary rows, but no verified address or coordinate field is present in the repository.",21011,1135
municipal_2023_mayor,municipal_2023_mayor__21014,Albert Campbell Square,150 Borough Dr,150 Borough Dr,43.77281060,-79.25724096,Open Toronto Elections Voting Locations,https://open.toronto.ca/dataset/elections-voting-locations/,2026-02-20,official_open_toronto_point,,verified_official_point,Open Government Licence - Toronto,"Processed polling_division_name comes from Toronto voter-statistics voting-place labels for ordinary rows, but no verified address or coordinate field is present in the repository.",21014,4624
municipal_2023_mayor,municipal_2023_mayor__21018,St. Andrews Public School,60 Brimorton Dr,60 Brimorton Dr,43.76664525,-79.25479628,Open Toronto Elections Voting Locations,https://open.toronto.ca/dataset/elections-voting-locations/,2026-02-20,official_open_toronto_point,,verified_official_point,Open Government Licence - Toronto,"Processed polling_division_name comes from Toronto voter-statistics voting-place labels for ordinary rows, but no verified address or coordinate field is present in the repository.",21018,2812
municipal_2023_mayor,municipal_2023_mayor__21020,Edgewood Public School,230 Birkdale Rd,230 Birkdale Rd,43.76630546,-79.26581203,Open Toronto Elections Voting Locations,https://open.toronto.ca/dataset/elections-voting-locations/,2026-02-20,official_open_toronto_point,,verified_official_point,Open Government Licence - Toronto,"Processed polling_division_name comes from Toronto voter-statistics voting-place labels for ordinary rows, but no verified address or coordinate field is present in the repository.",21020,2729
municipal_2023_mayor,municipal_2023_mayor__21022,Kennedy Lodge Nursing Home,1400 Kennedy Rd,1400 Kennedy Rd,43.76267075,-79.28063303,Open Toronto Elections Voting Locations,https://open.toronto.ca/dataset/elections-voting-locations/,2026-02-20,official_open_toronto_point,,verified_official_point,Open Government Licence - Toronto,"Processed polling_division_name comes from Toronto voter-statistics voting-place labels for ordinary rows, but no verified address or coordinate field is present in the repository.",21022,180
municipal_2023_mayor,municipal_2023_mayor__21023,Ellesmere-Statton Public School,739 Ellesmere Rd,739 Ellesmere Rd,43.76362361,-79.28757200,Open Toronto Elections Voting Locations,https://open.toronto.ca/dataset/elections-voting-locations/,2026-02-20,official_open_toronto_point,,verified_official_point,Open Government Licence - Toronto,"Processed polling_division_name comes from Toronto voter-statistics voting-place labels for ordinary rows, but no verified address or coordinate field is present in the repository.",21023,3013
municipal_2023_mayor,municipal_2023_mayor__21024,Ellesmere Park,20 Canadian Rd,20 Canadian Rd,43.76097840,-79.29860991,Open Toronto Elections Voting Locations,https://open.toronto.ca/dataset/elections-voting-locations/,2026-02-20,official_open_toronto_point,,verified_official_point,Open Government Licence - Toronto,"Processed polling_division_name comes from Toronto voter-statistics voting-place labels for ordinary rows, but no verified address or coordinate field is present in the repository.",21024,1858
municipal_2023_mayor,municipal_2023_mayor__21025,Buchanan Public School,4 Bucannan Rd,4 Bucannan Rd,43.75141237,-79.29992827,Open Toronto Elections Voting Locations,https://open.toronto.ca/dataset/elections-voting-locations/,2026-02-20,official_open_toronto_point,,verified_official_point,Open Government Licence - Toronto,"Processed polling_division_name comes from Toronto voter-statistics voting-place labels for ordinary rows, but no verified address or coordinate field is present in the repository.",21025,1686
municipal_2023_mayor,municipal_2023_mayor__21026,Maryvale Public School,1325 Pharmacy Ave,1325 Pharmacy Ave,43.75482207,-79.30783618,Open Toronto Elections Voting Locations,https://open.toronto.ca/dataset/elections-voting-locations/,2026-02-20,official_open_toronto_point,,verified_official_point,Open Government Licence - Toronto,"Processed polling_division_name comes from Toronto voter-statistics voting-place labels for ordinary rows, but no verified address or coordinate field is present in the repository.",21026,2650
municipal_2023_mayor,municipal_2023_mayor__21027,Wexford Collegiate Institute,1176 Pharmacy Ave,1176 Pharmacy Ave,43.74615957,-79.30679538,Open Toronto Elections Voting Locations,https://open.toronto.ca/dataset/elections-voting-locations/,2026-02-20,official_open_toronto_point,,verified_official_point,Open Government Licence - Toronto,"Processed polling_division_name comes from Toronto voter-statistics voting-place labels for ordinary rows, but no verified address or coordinate field is present in the repository.",21027,1810
municipal_2023_mayor,municipal_2023_mayor__21028,The Wexford,1860 Lawrence Ave E,1860 Lawrence Ave E,43.74406201,-79.30307742,Open Toronto Elections Voting Locations,https://open.toronto.ca/dataset/elections-voting-locations/,2026-02-20,official_open_toronto_point,,verified_official_point,Open Government Licence - Toronto,"Processed polling_division_name comes from Toronto voter-statistics voting-place labels for ordinary rows, but no verified address or coordinate field is present in the repository.",21028,240
municipal_2023_mayor,municipal_2023_mayor__21029,None,2015 Lawrence Ave E,2015 Lawrence Ave E,43.74495064,-79.29497563,Open Toronto Elections Voting Locations,https://open.toronto.ca/dataset/elections-voting-locations/,2026-02-20,official_open_toronto_point,,verified_official_point,Open Government Licence - Toronto,"Processed polling_division_name comes from Toronto voter-statistics voting-place labels for ordinary rows, but no verified address or coordinate field is present in the repository.",21029,208
municipal_2023_mayor,municipal_2023_mayor__21031,None,2155 Lawrence Ave E,2155 Lawrence Ave E,43.74707469,-79.28543587,Open Toronto Elections Voting Locations,https://open.toronto.ca/dataset/elections-voting-locations/,2026-02-20,official_open_toronto_point,,verified_official_point,Open Government Licence - Toronto,"Processed polling_division_name comes from Toronto voter-statistics voting-place labels for ordinary rows, but no verified address or coordinate field is present in the repository.",21031,423
municipal_2023_mayor,municipal_2023_mayor__21032,Dorset Park Public School,28 Blaisdale Rd,28 Blaisdale Rd,43.75019109,-79.27973506,Open Toronto Elections Voting Locations,https://open.toronto.ca/dataset/elections-voting-locations/,2026-02-20,official_open_toronto_point,,verified_official_point,Open Government Licence - Toronto,"Processed polling_division_name comes from Toronto voter-statistics voting-place labels for ordinary rows, but no verified address or coordinate field is present in the repository.",21032,3167
municipal_2023_mayor,municipal_2023_mayor__21033,McGregor Park,2231 Lawrence Ave E,2231 Lawrence Ave E,43.74762859,-79.28014900,Open Toronto Elections Voting Locations,https://open.toronto.ca/dataset/elections-voting-locations/,2026-02-20,official_open_toronto_point,,verified_official_point,Open Government Licence - Toronto,"Processed polling_division_name comes from Toronto voter-statistics voting-place labels for ordinary rows, but no verified address or coordinate field is present in the repository.",21033,1242
municipal_2023_mayor,municipal_2023_mayor__21034,General Crerar Public School,30 McGregor Rd,30 McGregor Rd,43.74568677,-79.27957766,Open Toronto Elections Voting Locations,https://open.toronto.ca/dataset/elections-voting-locations/,2026-02-20,official_open_toronto_point,,verified_official_point,Open Government Licence - Toronto,"Processed polling_division_name comes from Toronto voter-statistics voting-place labels for ordinary rows, but no verified address or coordinate field is present in the repository.",21034,1481
municipal_2023_mayor,municipal_2023_mayor__21035,Hellenic Home,2411 Lawrence Ave E,2411 Lawrence Ave E,43.74929238,-79.27436862,Open Toronto Elections Voting Locations,https://open.toronto.ca/dataset/elections-voting-locations/,2026-02-20,official_open_toronto_point,,verified_official_point,Open Government Licence - Toronto,"Processed polling_division_name comes from Toronto voter-statistics voting-place labels for ordinary rows, but no verified address or coordinate field is present in the repository.",21035,112
municipal_2023_mayor,municipal_2023_mayor__21037,Scarborough Fair Condominiums,2550 Lawrence Ave E,2550 Lawrence Ave E,43.75158883,-79.26645504,Open Toronto Elections Voting Locations,https://open.toronto.ca/dataset/elections-voting-locations/,2026-02-20,official_open_toronto_point,,verified_official_point,Open Government Licence - Toronto,"Processed polling_division_name comes from Toronto voter-statistics voting-place labels for ordinary rows, but no verified address or coordinate field is present in the repository.",21037,961
municipal_2023_mayor,municipal_2023_mayor__21039,Donwood Park Public School,61 Dorcot Ave,61 Dorcot Ave,43.75697831,-79.26236511,Open Toronto Elections Voting Locations,https://open.toronto.ca/dataset/elections-voting-locations/,2026-02-20,official_open_toronto_point,,verified_official_point,Open Government Licence - Toronto,"Processed polling_division_name comes from Toronto voter-statistics voting-place labels for ordinary rows, but no verified address or coordinate field is present in the repository.",21039,3380
municipal_2023_mayor,municipal_2023_mayor__21040,Bendale Acres,2920 Lawrence Ave E,2920 Lawrence Ave E,43.75488650,-79.25215597,Open Toronto Elections Voting Locations,https://open.toronto.ca/dataset/elections-voting-locations/,2026-02-20,official_open_toronto_point,,verified_official_point,Open Government Licence - Toronto,"Processed polling_division_name comes from Toronto voter-statistics voting-place labels for ordinary rows, but no verified address or coordinate field is present in the repository.",21040,153
municipal_2023_mayor,municipal_2023_mayor__21041,Brimley Acres,2950 Lawrence Ave E,2950 Lawrence Ave E,43.75522417,-79.25058950,Open Toronto Elections Voting Locations,https://open.toronto.ca/dataset/elections-voting-locations/,2026-02-20,official_open_toronto_point,,verified_official_point,Open Government Licence - Toronto,"Processed polling_division_name comes from Toronto voter-statistics voting-place labels for ordinary rows, but no verified address or coordinate field is present in the repository.",21041,223
municipal_2023_mayor,municipal_2023_mayor__21042,Jack Goodlad Senior Citizen Housing,3010 Lawrence Ave E,3010 Lawrence Ave E,43.75593353,-79.24995188,Open Toronto Elections Voting Locations,https://open.toronto.ca/dataset/elections-voting-locations/,2026-02-20,official_open_toronto_point,,verified_official_point,Open Government Licence - Toronto,"Processed polling_division_name comes from Toronto voter-statistics voting-place labels for ordinary rows, but no verified address or coordinate field is present in the repository.",21042,256
municipal_2023_mayor,municipal_2023_mayor__21043,Rockcliffe Nursing Home,3015 Lawrence Ave E,3015 Lawrence Ave E,43.75466663,-79.24794837,Open Toronto Elections Voting Locations,https://open.toronto.ca/dataset/elections-voting-locations/,2026-02-20,official_open_toronto_point,,verified_official_point,Open Government Licence - Toronto,"Processed polling_division_name comes from Toronto voter-statistics voting-place labels for ordinary rows, but no verified address or coordinate field is present in the repository.",21043,68
municipal_2023_mayor,municipal_2023_mayor__21044,Bendale Public Library,1515 Danforth Rd,1515 Danforth Rd,43.75107380,-79.24402410,Open Toronto Elections Voting Locations,https://open.toronto.ca/dataset/elections-voting-locations/,2026-02-20,official_open_toronto_point,,verified_official_point,Open Government Licence - Toronto,"Processed polling_division_name comes from Toronto voter-statistics voting-place labels for ordinary rows, but no verified address or coordinate field is present in the repository.",21044,1725
municipal_2023_mayor,municipal_2023_mayor__21046,Knob Hill Junior Public School,25 Seminole Ave,25 Seminole Ave,43.74529228,-79.24978503,Open Toronto Elections Voting Locations,https://open.toronto.ca/dataset/elections-voting-locations/,2026-02-20,official_open_toronto_point,,verified_official_point,Open Government Licence - Toronto,"Processed polling_division_name comes from Toronto voter-statistics voting-place labels for ordinary rows, but no verified address or coordinate field is present in the repository.",21046,4109
municipal_2023_mayor,municipal_2023_mayor__21047,Hunter's Glen Junior Public School,16 Haileybury Dr,16 Haileybury Dr,43.74571225,-79.26012199,Open Toronto Elections Voting Locations,https://open.toronto.ca/dataset/elections-voting-locations/,2026-02-20,official_open_toronto_point,,verified_official_point,Open Government Licence - Toronto,"Processed polling_division_name comes from Toronto voter-statistics voting-place labels for ordinary rows, but no verified address or coordinate field is present in the repository.",21047,1638
municipal_2023_mayor,municipal_2023_mayor__21048,Charles Gordon Public School,25 Marcos Blvd,25 Marcos Blvd,43.74628505,-79.26052631,Open Toronto Elections Voting Locations,https://open.toronto.ca/dataset/elections-voting-locations/,2026-02-20,official_open_toronto_point,,verified_official_point,Open Government Licence - Toronto,"Processed polling_division_name comes from Toronto voter-statistics voting-place labels for ordinary rows, but no verified address or coordinate field is present in the repository.",21048,2400
municipal_2023_mayor,municipal_2023_mayor__21049,Lord Roberts Junior Public School,165 Lord Roberts Dr,165 Lord Roberts Dr,43.74131778,-79.26363733,Open Toronto Elections Voting Locations,https://open.toronto.ca/dataset/elections-voting-locations/,2026-02-20,official_open_toronto_point,,verified_official_point,Open Government Licence - Toronto,"Processed polling_division_name comes from Toronto voter-statistics voting-place labels for ordinary rows, but no verified address or coordinate field is present in the repository.",21049,1630
municipal_2023_mayor,municipal_2023_mayor__21050,Jack Goodlad Park,929 Kennedy Rd,929 Kennedy Rd,43.74230323,-79.27103671,Open Toronto Elections Voting Locations,https://open.toronto.ca/dataset/elections-voting-locations/,2026-02-20,official_open_toronto_point,,verified_official_point,Open Government Licence - Toronto,"Processed polling_division_name comes from Toronto voter-statistics voting-place labels for ordinary rows, but no verified address or coordinate field is present in the repository.",21050,2560
municipal_2023_mayor,municipal_2023_mayor__21051,Ionview Public School,90 Ionview Rd,90 Ionview Rd,43.73745162,-79.27431796,Open Toronto Elections Voting Locations,https://open.toronto.ca/dataset/elections-voting-locations/,2026-02-20,official_open_toronto_point,,verified_official_point,Open Government Licence - Toronto,"Processed polling_division_name comes from Toronto voter-statistics voting-place labels for ordinary rows, but no verified address or coordinate field is present in the repository.",21051,3517
municipal_2023_mayor,municipal_2023_mayor__21052,George Peck Public School,1 Wayne Ave,1 Wayne Ave,43.73825848,-79.29363519,Open Toronto Elections Voting Locations,https://open.toronto.ca/dataset/elections-voting-locations/,2026-02-20,official_open_toronto_point,,verified_official_point,Open Government Licence - Toronto,"Processed polling_division_name comes from Toronto voter-statistics voting-place labels for ordinary rows, but no verified address or coordinate field is present in the repository.",21052,1917
municipal_2023_mayor,municipal_2023_mayor__21053,Precious Blood Catholic School,1035 Pharmacy Ave,1035 Pharmacy Ave,43.73935643,-79.30223742,Open Toronto Elections Voting Locations,https://open.toronto.ca/dataset/elections-voting-locations/,2026-02-20,official_open_toronto_point,,verified_official_point,Open Government Licence - Toronto,"Processed polling_division_name comes from Toronto voter-statistics voting-place labels for ordinary rows, but no verified address or coordinate field is present in the repository.",21053,1770
municipal_2023_mayor,municipal_2023_mayor__21054,Wexford Public School,1050 Pharmacy Ave,1050 Pharmacy Ave,43.74015305,-79.30411489,Open Toronto Elections Voting Locations,https://open.toronto.ca/dataset/elections-voting-locations/,2026-02-20,official_open_toronto_point,,verified_official_point,Open Government Licence - Toronto,"Processed polling_division_name comes from Toronto voter-statistics voting-place labels for ordinary rows, but no verified address or coordinate field is present in the repository.",21054,2327
municipal_2023_mayor,municipal_2023_mayor__21056,None,1527 Victoria Park Ave,1527 Victoria Park Ave,43.72634870,-79.30242622,Open Toronto Elections Voting Locations,https://open.toronto.ca/dataset/elections-voting-locations/,2026-02-20,official_open_toronto_point,,verified_official_point,Open Government Licence - Toronto,"Processed polling_division_name comes from Toronto voter-statistics voting-place labels for ordinary rows, but no verified address or coordinate field is present in the repository.",21056,1715
municipal_2023_mayor,municipal_2023_mayor__21057,Rainbow Village,2460 Eglinton Ave E,2460 Eglinton Ave E,43.73409618,-79.26264274,Open Toronto Elections Voting Locations,https://open.toronto.ca/dataset/elections-voting-locations/,2026-02-20,official_open_toronto_point,,verified_official_point,Open Government Licence - Toronto,"Processed polling_division_name comes from Toronto voter-statistics voting-place labels for ordinary rows, but no verified address or coordinate field is present in the repository.",21057,1223
municipal_2023_mayor,municipal_2023_mayor__21058,St. Joan of Arc Catholic Academy,959 Midland Ave,959 Midland Ave,43.73793993,-79.25841436,Open Toronto Elections Voting Locations,https://open.toronto.ca/dataset/elections-voting-locations/,2026-02-20,official_open_toronto_point,,verified_official_point,Open Government Licence - Toronto,"Processed polling_division_name comes from Toronto voter-statistics voting-place labels for ordinary rows, but no verified address or coordinate field is present in the repository.",21058,1970
municipal_2023_mayor,municipal_2023_mayor__21059,Glen Ravine Junior Public School,11 Gadsby Dr,11 Gadsby Dr,43.73822463,-79.25405895,Open Toronto Elections Voting Locations,https://open.toronto.ca/dataset/elections-voting-locations/,2026-02-20,official_open_toronto_point,,verified_official_point,Open Government Licence - Toronto,"Processed polling_division_name comes from Toronto voter-statistics voting-place labels for ordinary rows, but no verified address or coordinate field is present in the repository.",21059,1352
municipal_2023_mayor,municipal_2023_mayor__21060,St Davids Presbyterian Church,1290 Danforth Rd,1290 Danforth Rd,43.74075520,-79.24609030,Open Toronto Elections Voting Locations,https://open.toronto.ca/dataset/elections-voting-locations/,2026-02-20,official_open_toronto_point,,verified_official_point,Open Government Licence - Toronto,"Processed polling_division_name comes from Toronto voter-statistics voting-place labels for ordinary rows, but no verified address or coordinate field is present in the repository.",21060,907
municipal_2023_mayor,municipal_2023_mayor__21061,None,2850 Eglinton Ave E,2850 Eglinton Ave E,43.73888853,-79.24070576,Open Toronto Elections Voting Locations,https://open.toronto.ca/dataset/elections-voting-locations/,2026-02-20,official_open_toronto_point,,verified_official_point,Open Government Licence - Toronto,"Processed polling_division_name comes from Toronto voter-statistics voting-place labels for ordinary rows, but no verified address or coordinate field is present in the repository.",21061,2434
municipal_2023_mayor,municipal_2023_mayor__21062,John McCrae Senior Public School,431 McCowan Rd,431 McCowan Rd,43.74404425,-79.23988651,Open Toronto Elections Voting Locations,https://open.toronto.ca/dataset/elections-voting-locations/,2026-02-20,official_open_toronto_point,,verified_official_point,Open Government Licence - Toronto,"Processed polling_division_name comes from Toronto voter-statistics voting-place labels for ordinary rows, but no verified address or coordinate field is present in the repository.",21062,2615
municipal_2023_mayor,municipal_2023_mayor__21065,St. Nicholas Catholic School,33 Amarillo Dr,33 Amarillo Dr,43.74773329,-79.23289365,Open Toronto Elections Voting Locations,https://open.toronto.ca/dataset/elections-voting-locations/,2026-02-20,official_open_toronto_point,,verified_official_point,Open Government Licence - Toronto,"Processed polling_division_name comes from Toronto voter-statistics voting-place labels for ordinary rows, but no verified address or coordinate field is present in the repository.",21065,2698
municipal_2023_mayor,municipal_2023_mayor__22001,St. Henry Secondary School,100 Bamburgh Crcl,100 Bamburgh Crcl,43.81369430,-79.32783035,Open Toronto Elections Voting Locations,https://open.toronto.ca/dataset/elections-voting-locations/,2026-02-20,official_open_toronto_point,,verified_official_point,Open Government Licence - Toronto,"Processed polling_division_name comes from Toronto voter-statistics voting-place labels for ordinary rows, but no verified address or coordinate field is present in the repository.",22001,3479
municipal_2023_mayor,municipal_2023_mayor__22002,None,55 Bamburgh Crcl,55 Bamburgh Crcl,43.81469358,-79.32644244,Open Toronto Elections Voting Locations,https://open.toronto.ca/dataset/elections-voting-locations/,2026-02-20,official_open_toronto_point,,verified_official_point,Open Government Licence - Toronto,"Processed polling_division_name comes from Toronto voter-statistics voting-place labels for ordinary rows, but no verified address or coordinate field is present in the repository.",22002,1542
municipal_2023_mayor,municipal_2023_mayor__22004,Kennedy Public School,20 Elmfield Cres,20 Elmfield Cres,43.81883592,-79.30818052,Open Toronto Elections Voting Locations,https://open.toronto.ca/dataset/elections-voting-locations/,2026-02-20,official_open_toronto_point,,verified_official_point,Open Government Licence - Toronto,"Processed polling_division_name comes from Toronto voter-statistics voting-place labels for ordinary rows, but no verified address or coordinate field is present in the repository.",22004,2115
municipal_2023_mayor,municipal_2023_mayor__22005,None,1020 McNicoll Ave,1020 McNicoll Ave,43.80576312,-79.33600977,Open Toronto Elections Voting Locations,https://open.toronto.ca/dataset/elections-voting-locations/,2026-02-20,official_open_toronto_point,,verified_official_point,Open Government Licence - Toronto,"Processed polling_division_name comes from Toronto voter-statistics voting-place labels for ordinary rows, but no verified address or coordinate field is present in the repository.",22005,173
municipal_2023_mayor,municipal_2023_mayor__22007,Sir Ernest Macmillan Public School,149 Huntsmill Blvd,149 Huntsmill Blvd,43.80663833,-79.32863823,Open Toronto Elections Voting Locations,https://open.toronto.ca/dataset/elections-voting-locations/,2026-02-20,official_open_toronto_point,,verified_official_point,Open Government Licence - Toronto,"Processed polling_division_name comes from Toronto voter-statistics voting-place labels for ordinary rows, but no verified address or coordinate field is present in the repository.",22007,1115
municipal_2023_mayor,municipal_2023_mayor__22008,Sir Samuel B Steele Junior Public School,131 Huntsmill Blvd,131 Huntsmill Blvd,43.80706631,-79.32754183,Open Toronto Elections Voting Locations,https://open.toronto.ca/dataset/elections-voting-locations/,2026-02-20,official_open_toronto_point,,verified_official_point,Open Government Licence - Toronto,"Processed polling_division_name comes from Toronto voter-statistics voting-place labels for ordinary rows, but no verified address or coordinate field is present in the repository.",22008,2608
municipal_2023_mayor,municipal_2023_mayor__22009,Vintage 2,1028 McNicoll Ave,1028 McNicoll Ave,43.80458650,-79.33485770,Open Toronto Elections Voting Locations,https://open.toronto.ca/dataset/elections-voting-locations/,2026-02-20,official_open_toronto_point,,verified_official_point,Open Government Licence - Toronto,"Processed polling_division_name comes from Toronto voter-statistics voting-place labels for ordinary rows, but no verified address or coordinate field is present in the repository.",22009,
municipal_2023_mayor,municipal_2023_mayor__22010,Skypark,255 Bamburgh Crcl,255 Bamburgh Crcl,43.81353727,-79.32215278,Open Toronto Elections Voting Locations,https://open.toronto.ca/dataset/elections-voting-locations/,2026-02-20,official_open_toronto_point,,verified_official_point,Open Government Licence - Toronto,"Processed polling_division_name comes from Toronto voter-statistics voting-place labels for ordinary rows, but no verified address or coordinate field is present in the repository.",22010,1226
municipal_2023_mayor,municipal_2023_mayor__22011,David Lewis Public School,130 Fundy Bay Blvd,130 Fundy Bay Blvd,43.80919671,-79.31788606,Open Toronto Elections Voting Locations,https://open.toronto.ca/dataset/elections-voting-locations/,2026-02-20,official_open_toronto_point,,verified_official_point,Open Government Licence - Toronto,"Processed polling_division_name comes from Toronto voter-statistics voting-place labels for ordinary rows, but no verified address or coordinate field is present in the repository.",22011,2584
municipal_2023_mayor,municipal_2023_mayor__22012,L'Amoreaux Community Centre,2000 McNicoll Ave,2000 McNicoll Ave,43.81264693,-79.30489150,Open Toronto Elections Voting Locations,https://open.toronto.ca/dataset/elections-voting-locations/,2026-02-20,official_open_toronto_point,,verified_official_point,Open Government Licence - Toronto,"Processed polling_division_name comes from Toronto voter-statistics voting-place labels for ordinary rows, but no verified address or coordinate field is present in the repository.",22012,2534
municipal_2023_mayor,municipal_2023_mayor__22013,Vintage I,1038 McNicoll Ave,1038 McNicoll Ave,43.80664593,-79.33511179,Open Toronto Elections Voting Locations,https://open.toronto.ca/dataset/elections-voting-locations/,2026-02-20,official_open_toronto_point,,verified_official_point,Open Government Licence - Toronto,"Processed polling_division_name comes from Toronto voter-statistics voting-place labels for ordinary rows, but no verified address or coordinate field is present in the repository.",22013,2
municipal_2023_mayor,municipal_2023_mayor__22014,None,3088 Kennedy Rd,3088 Kennedy Rd,43.81088193,-79.30174006,Open Toronto Elections Voting Locations,https://open.toronto.ca/dataset/elections-voting-locations/,2026-02-20,official_open_toronto_point,,verified_official_point,Open Government Licence - Toronto,"Processed polling_division_name comes from Toronto voter-statistics voting-place labels for ordinary rows, but no verified address or coordinate field is present in the repository.",22014,213
municipal_2023_mayor,municipal_2023_mayor__22015,None,2020 McNicoll Ave,2020 McNicoll Ave,43.81252367,-79.30154177,Open Toronto Elections Voting Locations,https://open.toronto.ca/dataset/elections-voting-locations/,2026-02-20,official_open_toronto_point,,verified_official_point,Open Government Licence - Toronto,"Processed polling_division_name comes from Toronto voter-statistics voting-place labels for ordinary rows, but no verified address or coordinate field is present in the repository.",22015,318
municipal_2023_mayor,municipal_2023_mayor__22016,Mon Sheong Home for The Aged,2030 McNicoll Ave,2030 McNicoll Ave,43.81305963,-79.30020772,Open Toronto Elections Voting Locations,https://open.toronto.ca/dataset/elections-voting-locations/,2026-02-20,official_open_toronto_point,,verified_official_point,Open Government Licence - Toronto,"Processed polling_division_name comes from Toronto voter-statistics voting-place labels for ordinary rows, but no verified address or coordinate field is present in the repository.",22016,90
municipal_2023_mayor,municipal_2023_mayor__22017,Chester Le Junior Elementary School - Building Grounds,201 Chester Le Blvd,201 Chester Le Blvd,43.79858770,-79.33109534,Open Toronto Elections Voting Locations,https://open.toronto.ca/dataset/elections-voting-locations/,2026-02-20,official_open_toronto_point,,verified_official_point,Open Government Licence - Toronto,"Processed polling_division_name comes from Toronto voter-statistics voting-place labels for ordinary rows, but no verified address or coordinate field is present in the repository.",22017,2199
municipal_2023_mayor,municipal_2023_mayor__22018,None,55 Huntingdale Blvd,55 Huntingdale Blvd,43.79579882,-79.32517671,Open Toronto Elections Voting Locations,https://open.toronto.ca/dataset/elections-voting-locations/,2026-02-20,official_open_toronto_point,,verified_official_point,Open Government Licence - Toronto,"Processed polling_division_name comes from Toronto voter-statistics voting-place labels for ordinary rows, but no verified address or coordinate field is present in the repository.",22018,869
municipal_2023_mayor,municipal_2023_mayor__22019,Beverly Glen Junior Public School,85 Beverly Glen Blvd,85 Beverly Glen Blvd,43.79865310,-79.32306763,Open Toronto Elections Voting Locations,https://open.toronto.ca/dataset/elections-voting-locations/,2026-02-20,official_open_toronto_point,,verified_official_point,Open Government Licence - Toronto,"Processed polling_division_name comes from Toronto voter-statistics voting-place labels for ordinary rows, but no verified address or coordinate field is present in the repository.",22019,2659
municipal_2023_mayor,municipal_2023_mayor__22024,None,2350 Bridletowne Crcl,2350 Bridletowne Crcl,43.80070419,-79.31703339,Open Toronto Elections Voting Locations,https://open.toronto.ca/dataset/elections-voting-locations/,2026-02-20,official_open_toronto_point,,verified_official_point,Open Government Licence - Toronto,"Processed polling_division_name comes from Toronto voter-statistics voting-place labels for ordinary rows, but no verified address or coordinate field is present in the repository.",22024,973
municipal_2023_mayor,municipal_2023_mayor__22025,Lamoreaux Collegiate Institute,2501 Bridletowne Crcl,2501 Bridletowne Crcl,43.80291777,-79.31807375,Open Toronto Elections Voting Locations,https://open.toronto.ca/dataset/elections-voting-locations/,2026-02-20,official_open_toronto_point,,verified_official_point,Open Government Licence - Toronto,"Processed polling_division_name comes from Toronto voter-statistics voting-place labels for ordinary rows, but no verified address or coordinate field is present in the repository.",22025,1701
municipal_2023_mayor,municipal_2023_mayor__22026,Brookmill Boulevard Junior Public School,25 Brookmill Blvd,25 Brookmill Blvd,43.80122038,-79.31486800,Open Toronto Elections Voting Locations,https://open.toronto.ca/dataset/elections-voting-locations/,2026-02-20,official_open_toronto_point,,verified_official_point,Open Government Licence - Toronto,"Processed polling_division_name comes from Toronto voter-statistics voting-place labels for ordinary rows, but no verified address or coordinate field is present in the repository.",22026,2213
municipal_2023_mayor,municipal_2023_mayor__22028,Silver Springs Public School,222 Silver Springs Blvd,222 Silver Springs Blvd,43.80442951,-79.30237697,Open Toronto Elections Voting Locations,https://open.toronto.ca/dataset/elections-voting-locations/,2026-02-20,official_open_toronto_point,,verified_official_point,Open Government Licence - Toronto,"Processed polling_division_name comes from Toronto voter-statistics voting-place labels for ordinary rows, but no verified address or coordinate field is present in the repository.",22028,2096
municipal_2023_mayor,municipal_2023_mayor__22029,St. Sylvester Catholic School,260 Silver Springs Blvd,260 Silver Springs Blvd,43.80535839,-79.30224640,Open Toronto Elections Voting Locations,https://open.toronto.ca/dataset/elections-voting-locations/,2026-02-20,official_open_toronto_point,,verified_official_point,Open Government Licence - Toronto,"Processed polling_division_name comes from Toronto voter-statistics voting-place labels for ordinary rows, but no verified address or coordinate field is present in the repository.",22029,1367
municipal_2023_mayor,municipal_2023_mayor__22031,Mary Ward Linc and Esl Centre,44 Kelvinway Dr,44 Kelvinway Dr,43.79183725,-79.32411645,Open Toronto Elections Voting Locations,https://open.toronto.ca/dataset/elections-voting-locations/,2026-02-20,official_open_toronto_point,,verified_official_point,Open Government Licence - Toronto,"Processed polling_division_name comes from Toronto voter-statistics voting-place labels for ordinary rows, but no verified address or coordinate field is present in the repository.",22031,2951
municipal_2023_mayor,municipal_2023_mayor__22032,Sir John A Macdonald C.I.,2300 Pharmacy Ave,2300 Pharmacy Ave,43.78707736,-79.32367051,Open Toronto Elections Voting Locations,https://open.toronto.ca/dataset/elections-voting-locations/,2026-02-20,official_open_toronto_point,,verified_official_point,Open Government Licence - Toronto,"Processed polling_division_name comes from Toronto voter-statistics voting-place labels for ordinary rows, but no verified address or coordinate field is present in the repository.",22032,2459
municipal_2023_mayor,municipal_2023_mayor__22034,St. Paul's L'Amoreaux Church,3333 Finch Ave E,3333 Finch Ave E,43.79608470,-79.31681052,Open Toronto Elections Voting Locations,https://open.toronto.ca/dataset/elections-voting-locations/,2026-02-20,official_open_toronto_point,,verified_official_point,Open Government Licence - Toronto,"Processed polling_division_name comes from Toronto voter-statistics voting-place labels for ordinary rows, but no verified address or coordinate field is present in the repository.",22034,354
municipal_2023_mayor,municipal_2023_mayor__22037,St Aidan Catholic Church,3501 Finch Ave E,3501 Finch Ave E,43.79744913,-79.31020928,Open Toronto Elections Voting Locations,https://open.toronto.ca/dataset/elections-voting-locations/,2026-02-20,official_open_toronto_point,,verified_official_point,Open Government Licence - Toronto,"Processed polling_division_name comes from Toronto voter-statistics voting-place labels for ordinary rows, but no verified address or coordinate field is present in the repository.",22037,2339
municipal_2023_mayor,municipal_2023_mayor__22038,Free Methodist Church,2385 Warden Ave,2385 Warden Ave,43.78598284,-79.31045602,Open Toronto Elections Voting Locations,https://open.toronto.ca/dataset/elections-voting-locations/,2026-02-20,official_open_toronto_point,,verified_official_point,Open Government Licence - Toronto,"Processed polling_division_name comes from Toronto voter-statistics voting-place labels for ordinary rows, but no verified address or coordinate field is present in the repository.",22038,3109
municipal_2023_mayor,municipal_2023_mayor__22040,Highland Heights Public School,35 Glendower Crct,35 Glendower Crct,43.79441991,-79.30026235,Open Toronto Elections Voting Locations,https://open.toronto.ca/dataset/elections-voting-locations/,2026-02-20,official_open_toronto_point,,verified_official_point,Open Government Licence - Toronto,"Processed polling_division_name comes from Toronto voter-statistics voting-place labels for ordinary rows, but no verified address or coordinate field is present in the repository.",22040,2785
municipal_2023_mayor,municipal_2023_mayor__22041,Lynnwood Heights Junior Public School,50 Southlawn Dr,50 Southlawn Dr,43.79658076,-79.29134787,Open Toronto Elections Voting Locations,https://open.toronto.ca/dataset/elections-voting-locations/,2026-02-20,official_open_toronto_point,,verified_official_point,Open Government Licence - Toronto,"Processed polling_division_name comes from Toronto voter-statistics voting-place labels for ordinary rows, but no verified address or coordinate field is present in the repository.",22041,2228
municipal_2023_mayor,municipal_2023_mayor__22042,Msgr.  Fraser College Midland Campus,2900 Midland Ave,2900 Midland Ave,43.80106916,-79.28571749,Open Toronto Elections Voting Locations,https://open.toronto.ca/dataset/elections-voting-locations/,2026-02-20,official_open_toronto_point,,verified_official_point,Open Government Licence - Toronto,"Processed polling_division_name comes from Toronto voter-statistics voting-place labels for ordinary rows, but no verified address or coordinate field is present in the repository.",22042,1661
municipal_2023_mayor,municipal_2023_mayor__22043,None,2743 Victoria Park Ave,2743 Victoria Park Ave,43.77926694,-79.32341341,Open Toronto Elections Voting Locations,https://open.toronto.ca/dataset/elections-voting-locations/,2026-02-20,official_open_toronto_point,,verified_official_point,Open Government Licence - Toronto,"Processed polling_division_name comes from Toronto voter-statistics voting-place labels for ordinary rows, but no verified address or coordinate field is present in the repository.",22043,620
municipal_2023_mayor,municipal_2023_mayor__22044,None,8 Chichester Pl,8 Chichester Pl,43.77626173,-79.32096271,Open Toronto Elections Voting Locations,https://open.toronto.ca/dataset/elections-voting-locations/,2026-02-20,official_open_toronto_point,,verified_official_point,Open Government Licence - Toronto,"Processed polling_division_name comes from Toronto voter-statistics voting-place labels for ordinary rows, but no verified address or coordinate field is present in the repository.",22044,344
municipal_2023_mayor,municipal_2023_mayor__22045,Wishing Well Manor,2008 Pharmacy Ave,2008 Pharmacy Ave,43.77669303,-79.31913420,Open Toronto Elections Voting Locations,https://open.toronto.ca/dataset/elections-voting-locations/,2026-02-20,official_open_toronto_point,,verified_official_point,Open Government Licence - Toronto,"Processed polling_division_name comes from Toronto voter-statistics voting-place labels for ordinary rows, but no verified address or coordinate field is present in the repository.",22045,1221
municipal_2023_mayor,municipal_2023_mayor__22046,Bridlewood Public School,60 Bridlewood Blvd,60 Bridlewood Blvd,43.78079627,-79.31509539,Open Toronto Elections Voting Locations,https://open.toronto.ca/dataset/elections-voting-locations/,2026-02-20,official_open_toronto_point,,verified_official_point,Open Government Licence - Toronto,"Processed polling_division_name comes from Toronto voter-statistics voting-place labels for ordinary rows, but no verified address or coordinate field is present in the repository.",22046,2494
municipal_2023_mayor,municipal_2023_mayor__22048,Vradenburg Public School,50 Vradenberg Dr,50 Vradenberg Dr,43.77434227,-79.30828629,Open Toronto Elections Voting Locations,https://open.toronto.ca/dataset/elections-voting-locations/,2026-02-20,official_open_toronto_point,,verified_official_point,Open Government Licence - Toronto,"Processed polling_division_name comes from Toronto voter-statistics voting-place labels for ordinary rows, but no verified address or coordinate field is present in the repository.",22048,3701
municipal_2023_mayor,municipal_2023_mayor__22050,Lynngate Junior Public School,129 Cass Ave,129 Cass Ave,43.77667664,-79.30066025,Open Toronto Elections Voting Locations,https://open.toronto.ca/dataset/elections-voting-locations/,2026-02-20,official_open_toronto_point,,verified_official_point,Open Government Licence - Toronto,"Processed polling_division_name comes from Toronto voter-statistics voting-place labels for ordinary rows, but no verified address or coordinate field is present in the repository.",22050,2103
municipal_2023_mayor,municipal_2023_mayor__22052,Stephen Leacock  C.C.,2520 Birchmount Rd,2520 Birchmount Rd,43.78686321,-79.30246989,Open Toronto Elections Voting Locations,https://open.toronto.ca/dataset/elections-voting-locations/,2026-02-20,official_open_toronto_point,,verified_official_point,Open Government Licence - Toronto,"Processed polling_division_name comes from Toronto voter-statistics voting-place labels for ordinary rows, but no verified address or coordinate field is present in the repository.",22052,3494
municipal_2023_mayor,municipal_2023_mayor__22053,Tam O'Shanter Junior Public School,21 King Henry's Blvd,21 King Henry's Blvd,43.78507164,-79.29766169,Open Toronto Elections Voting Locations,https://open.toronto.ca/dataset/elections-voting-locations/,2026-02-20,official_open_toronto_point,,verified_official_point,Open Government Licence - Toronto,"Processed polling_division_name comes from Toronto voter-statistics voting-place labels for ordinary rows, but no verified address or coordinate field is present in the repository.",22053,2125
municipal_2023_mayor,municipal_2023_mayor__22054,Agincourt Public Library,155 Bonis Ave,155 Bonis Ave,43.78521906,-79.29341395,Open Toronto Elections Voting Locations,https://open.toronto.ca/dataset/elections-voting-locations/,2026-02-20,official_open_toronto_point,,verified_official_point,Open Government Licence - Toronto,"Processed polling_division_name comes from Toronto voter-statistics voting-place labels for ordinary rows, but no verified address or coordinate field is present in the repository.",22054,3488
municipal_2023_mayor,municipal_2023_mayor__22056,None,115 Bonis Ave,115 Bonis Ave,43.78400092,-79.29537318,Open Toronto Elections Voting Locations,https://open.toronto.ca/dataset/elections-voting-locations/,2026-02-20,official_open_toronto_point,,verified_official_point,Open Government Licence - Toronto,"Processed polling_division_name comes from Toronto voter-statistics voting-place labels for ordinary rows, but no verified address or coordinate field is present in the repository.",22056,158
municipal_2023_mayor,municipal_2023_mayor__22057,Tam O'Shanter Towers,3825 Sheppard Ave E,3825 Sheppard Ave E,43.78201648,-79.29160549,Open Toronto Elections Voting Locations,https://open.toronto.ca/dataset/elections-voting-locations/,2026-02-20,official_open_toronto_point,,verified_official_point,Open Government Licence - Toronto,"Processed polling_division_name comes from Toronto voter-statistics voting-place labels for ordinary rows, but no verified address or coordinate field is present in the repository.",22057,341
municipal_2023_mayor,municipal_2023_mayor__22058,None,3760 Sheppard Ave E,3760 Sheppard Ave E,43.78248729,-79.29376729,Open Toronto Elections Voting Locations,https://open.toronto.ca/dataset/elections-voting-locations/,2026-02-20,official_open_toronto_point,,verified_official_point,Open Government Licence - Toronto,"Processed polling_division_name comes from Toronto voter-statistics voting-place labels for ordinary rows, but no verified address or coordinate field is present in the repository.",22058,127
municipal_2023_mayor,municipal_2023_mayor__22059,Shepherd Manor,125 Bonis Ave,125 Bonis Ave,43.78385662,-79.29450180,Open Toronto Elections Voting Locations,https://open.toronto.ca/dataset/elections-voting-locations/,2026-02-20,official_open_toronto_point,,verified_official_point,Open Government Licence - Toronto,"Processed polling_division_name comes from Toronto voter-statistics voting-place labels for ordinary rows, but no verified address or coordinate field is present in the repository.",22059,351
municipal_2023_mayor,municipal_2023_mayor__22060,Inglewood Heights Junior Public School,45 Dempster St,45 Dempster St,43.77940753,-79.29231815,Open Toronto Elections Voting Locations,https://open.toronto.ca/dataset/elections-voting-locations/,2026-02-20,official_open_toronto_point,,verified_official_point,Open Government Licence - Toronto,"Processed polling_division_name comes from Toronto voter-statistics voting-place labels for ordinary rows, but no verified address or coordinate field is present in the repository.",22060,3968
municipal_2023_mayor,municipal_2023_mayor__22061,None,135 Village Green Sq,135 Village Green Sq,43.77787234,-79.28075065,Open Toronto Elections Voting Locations,https://open.toronto.ca/dataset/elections-voting-locations/,2026-02-20,official_open_toronto_point,,verified_official_point,Open Government Licence - Toronto,"Processed polling_division_name comes from Toronto voter-statistics voting-place labels for ordinary rows, but no verified address or coordinate field is present in the repository.",22061,2314
municipal_2023_mayor,municipal_2023_mayor__22062,Shepherd Lodge,3758 Sheppard Ave E,3758 Sheppard Ave E,43.78233040,-79.29469047,Open Toronto Elections Voting Locations,https://open.toronto.ca/dataset/elections-voting-locations/,2026-02-20,official_open_toronto_point,,verified_official_point,Open Government Licence - Toronto,"Processed polling_division_name comes from Toronto voter-statistics voting-place labels for ordinary rows, but no verified address or coordinate field is present in the repository.",22062,118
municipal_2023_mayor,municipal_2023_mayor__22064,St. Timothy Anglican Church,4125 Sheppard Ave E,4125 Sheppard Ave E,43.78413260,-79.28222222,Open Toronto Elections Voting Locations,https://open.toronto.ca/dataset/elections-voting-locations/,2026-02-20,official_open_toronto_point,,verified_official_point,Open Government Licence - Toronto,"Processed polling_division_name comes from Toronto voter-statistics voting-place labels for ordinary rows, but no verified address or coordinate field is present in the repository.",22064,1444
municipal_2023_mayor,municipal_2023_mayor__23001,Port Royal Public School,408 Port Royal Trl,408 Port Royal Trl,43.82463240,-79.28996675,Open Toronto Elections Voting Locations,https://open.toronto.ca/dataset/elections-voting-locations/,2026-02-20,official_open_toronto_point,,verified_official_point,Open Government Licence - Toronto,"Processed polling_division_name comes from Toronto voter-statistics voting-place labels for ordinary rows, but no verified address or coordinate field is present in the repository.",23001,2639
municipal_2023_mayor,municipal_2023_mayor__23002,St. Rene Goupil Catholic School,44 Port Royal Trl,44 Port Royal Trl,43.81934837,-79.28830312,Open Toronto Elections Voting Locations,https://open.toronto.ca/dataset/elections-voting-locations/,2026-02-20,official_open_toronto_point,,verified_official_point,Open Government Licence - Toronto,"Processed polling_division_name comes from Toronto voter-statistics voting-place labels for ordinary rows, but no verified address or coordinate field is present in the repository.",23002,2793
municipal_2023_mayor,municipal_2023_mayor__23003,Yee Hong Centre - Seniors Residence,2319 McNicoll Ave,2319 McNicoll Ave,43.81394308,-79.29021955,Open Toronto Elections Voting Locations,https://open.toronto.ca/dataset/elections-voting-locations/,2026-02-20,official_open_toronto_point,,verified_official_point,Open Government Licence - Toronto,"Processed polling_division_name comes from Toronto voter-statistics voting-place labels for ordinary rows, but no verified address or coordinate field is present in the repository.",23003,240
municipal_2023_mayor,municipal_2023_mayor__23004,Yee Hong Centre For Geriatric Care,2311 McNicoll Ave,2311 McNicoll Ave,43.81435938,-79.29049075,Open Toronto Elections Voting Locations,https://open.toronto.ca/dataset/elections-voting-locations/,2026-02-20,official_open_toronto_point,,verified_official_point,Open Government Licence - Toronto,"Processed polling_division_name comes from Toronto voter-statistics voting-place labels for ordinary rows, but no verified address or coordinate field is present in the repository.",23004,128
municipal_2023_mayor,municipal_2023_mayor__23005,None,112 Goldhawk Trl,112 Goldhawk Trl,43.81926898,-79.27855339,Open Toronto Elections Voting Locations,https://open.toronto.ca/dataset/elections-voting-locations/,2026-02-20,official_open_toronto_point,,verified_official_point,Open Government Licence - Toronto,"Processed polling_division_name comes from Toronto voter-statistics voting-place labels for ordinary rows, but no verified address or coordinate field is present in the repository.",23005,1938
municipal_2023_mayor,municipal_2023_mayor__23006,Banting & Best Public School,380 Goldhawk Trl,380 Goldhawk Trl,43.82687142,-79.27983350,Open Toronto Elections Voting Locations,https://open.toronto.ca/dataset/elections-voting-locations/,2026-02-20,official_open_toronto_point,,verified_official_point,Open Government Licence - Toronto,"Processed polling_division_name comes from Toronto voter-statistics voting-place labels for ordinary rows, but no verified address or coordinate field is present in the repository.",23006,1525
municipal_2023_mayor,municipal_2023_mayor__23007,Prince Of Peace Catholic School,255 Alton Towers Crcl,255 Alton Towers Crcl,43.82538907,-79.27894431,Open Toronto Elections Voting Locations,https://open.toronto.ca/dataset/elections-voting-locations/,2026-02-20,official_open_toronto_point,,verified_official_point,Open Government Licence - Toronto,"Processed polling_division_name comes from Toronto voter-statistics voting-place labels for ordinary rows, but no verified address or coordinate field is present in the repository.",23007,3066
municipal_2023_mayor,municipal_2023_mayor__23014,Milliken Park,4325 McCowan Rd,4325 McCowan Rd,43.82963926,-79.27457900,Open Toronto Elections Voting Locations,https://open.toronto.ca/dataset/elections-voting-locations/,2026-02-20,official_open_toronto_point,,verified_official_point,Open Government Licence - Toronto,"Processed polling_division_name comes from Toronto voter-statistics voting-place labels for ordinary rows, but no verified address or coordinate field is present in the repository.",23014,3328
municipal_2023_mayor,municipal_2023_mayor__23015,Macklin Public School,136 Ingleton Blvd,136 Ingleton Blvd,43.82178846,-79.26747004,Open Toronto Elections Voting Locations,https://open.toronto.ca/dataset/elections-voting-locations/,2026-02-20,official_open_toronto_point,,verified_official_point,Open Government Licence - Toronto,"Processed polling_division_name comes from Toronto voter-statistics voting-place labels for ordinary rows, but no verified address or coordinate field is present in the repository.",23015,2502
municipal_2023_mayor,municipal_2023_mayor__23016,Brookside Public School,75 Oasis Blvd,75 Oasis Blvd,43.83036521,-79.23385330,Open Toronto Elections Voting Locations,https://open.toronto.ca/dataset/elections-voting-locations/,2026-02-20,official_open_toronto_point,,verified_official_point,Open Government Licence - Toronto,"Processed polling_division_name comes from Toronto voter-statistics voting-place labels for ordinary rows, but no verified address or coordinate field is present in the repository.",23016,2323
municipal_2023_mayor,municipal_2023_mayor__23017,Blessed Pier Giorgio Frassati Catholic School(proposed),8 Seasons Dr,8 Seasons Dr,43.82987520,-79.23273752,Open Toronto Elections Voting Locations,https://open.toronto.ca/dataset/elections-voting-locations/,2026-02-20,official_open_toronto_point,,verified_official_point,Open Government Licence - Toronto,"Processed polling_division_name comes from Toronto voter-statistics voting-place labels for ordinary rows, but no verified address or coordinate field is present in the repository.",23017,2184
municipal_2023_mayor,municipal_2023_mayor__23018,Percy Williams Public School,35 White Heather Blvd,35 White Heather Blvd,43.81266688,-79.26565853,Open Toronto Elections Voting Locations,https://open.toronto.ca/dataset/elections-voting-locations/,2026-02-20,official_open_toronto_point,,verified_official_point,Open Government Licence - Toronto,"Processed polling_division_name comes from Toronto voter-statistics voting-place labels for ordinary rows, but no verified address or coordinate field is present in the repository.",23018,2890
municipal_2023_mayor,municipal_2023_mayor__23022,Brimwood Boulevard Junior Public School,151 Brimwood Blvd,151 Brimwood Blvd,43.81169988,-79.27408966,Open Toronto Elections Voting Locations,https://open.toronto.ca/dataset/elections-voting-locations/,2026-02-20,official_open_toronto_point,,verified_official_point,Open Government Licence - Toronto,"Processed polling_division_name comes from Toronto voter-statistics voting-place labels for ordinary rows, but no verified address or coordinate field is present in the repository.",23022,2951
municipal_2023_mayor,municipal_2023_mayor__23023,Our Lady Of Grace Catholic School,121 Brimwood Blvd,121 Brimwood Blvd,43.81247909,-79.27504447,Open Toronto Elections Voting Locations,https://open.toronto.ca/dataset/elections-voting-locations/,2026-02-20,official_open_toronto_point,,verified_official_point,Open Government Licence - Toronto,"Processed polling_division_name comes from Toronto voter-statistics voting-place labels for ordinary rows, but no verified address or coordinate field is present in the repository.",23023,971
municipal_2023_mayor,municipal_2023_mayor__23024,Alexmuir Public School,95 Alexmuir Blvd,95 Alexmuir Blvd,43.80910932,-79.28561349,Open Toronto Elections Voting Locations,https://open.toronto.ca/dataset/elections-voting-locations/,2026-02-20,official_open_toronto_point,,verified_official_point,Open Government Licence - Toronto,"Processed polling_division_name comes from Toronto voter-statistics voting-place labels for ordinary rows, but no verified address or coordinate field is present in the repository.",23024,2111
municipal_2023_mayor,municipal_2023_mayor__23025,St. Marguerite Bourgeoys Catholic School,75 Alexmuir Blvd,75 Alexmuir Blvd,43.80823066,-79.28509195,Open Toronto Elections Voting Locations,https://open.toronto.ca/dataset/elections-voting-locations/,2026-02-20,official_open_toronto_point,,verified_official_point,Open Government Licence - Toronto,"Processed polling_division_name comes from Toronto voter-statistics voting-place labels for ordinary rows, but no verified address or coordinate field is present in the repository.",23025,1863
municipal_2023_mayor,municipal_2023_mayor__23026,Chartland Junior Public School,109 Chartland Blvd S,109 Chartland Blvd S,43.79998873,-79.27850434,Open Toronto Elections Voting Locations,https://open.toronto.ca/dataset/elections-voting-locations/,2026-02-20,official_open_toronto_point,,verified_official_point,Open Government Licence - Toronto,"Processed polling_division_name comes from Toronto voter-statistics voting-place labels for ordinary rows, but no verified address or coordinate field is present in the repository.",23026,1904
municipal_2023_mayor,municipal_2023_mayor__23027,North Agincourt Junior Public School,60 Moran Rd,60 Moran Rd,43.79645371,-79.27621279,Open Toronto Elections Voting Locations,https://open.toronto.ca/dataset/elections-voting-locations/,2026-02-20,official_open_toronto_point,,verified_official_point,Open Government Licence - Toronto,"Processed polling_division_name comes from Toronto voter-statistics voting-place labels for ordinary rows, but no verified address or coordinate field is present in the repository.",23027,1176
municipal_2023_mayor,municipal_2023_mayor__23029,St. Ignatius Of Loyola Catholic School,2350 McCowan Rd,2350 McCowan Rd,43.80315797,-79.26524869,Open Toronto Elections Voting Locations,https://open.toronto.ca/dataset/elections-voting-locations/,2026-02-20,official_open_toronto_point,,verified_official_point,Open Government Licence - Toronto,"Processed polling_division_name comes from Toronto voter-statistics voting-place labels for ordinary rows, but no verified address or coordinate field is present in the repository.",23029,2484
municipal_2023_mayor,municipal_2023_mayor__23030,Ecole Saint-Jean-De-Lalande C S,500 Sandhurst Crcl,500 Sandhurst Crcl,43.80475002,-79.26408826,Open Toronto Elections Voting Locations,https://open.toronto.ca/dataset/elections-voting-locations/,2026-02-20,official_open_toronto_point,,verified_official_point,Open Government Licence - Toronto,"Processed polling_division_name comes from Toronto voter-statistics voting-place labels for ordinary rows, but no verified address or coordinate field is present in the repository.",23030,2753
municipal_2023_mayor,municipal_2023_mayor__23031,Anson S Taylor Junior Public School,20 Placentia Blvd,20 Placentia Blvd,43.80429198,-79.26156134,Open Toronto Elections Voting Locations,https://open.toronto.ca/dataset/elections-voting-locations/,2026-02-20,official_open_toronto_point,,verified_official_point,Open Government Licence - Toronto,"Processed polling_division_name comes from Toronto voter-statistics voting-place labels for ordinary rows, but no verified address or coordinate field is present in the repository.",23031,2075
municipal_2023_mayor,municipal_2023_mayor__23032,Yee Hong Centre,60 Scottfield Dr,60 Scottfield Dr,43.80870344,-79.25453737,Open Toronto Elections Voting Locations,https://open.toronto.ca/dataset/elections-voting-locations/,2026-02-20,official_open_toronto_point,,verified_official_point,Open Government Licence - Toronto,"Processed polling_division_name comes from Toronto voter-statistics voting-place labels for ordinary rows, but no verified address or coordinate field is present in the repository.",23032,135
municipal_2023_mayor,municipal_2023_mayor__23033,Yee Hong Garden Terrace,100 Scottfield Dr,100 Scottfield Dr,43.81038949,-79.25372078,Open Toronto Elections Voting Locations,https://open.toronto.ca/dataset/elections-voting-locations/,2026-02-20,official_open_toronto_point,,verified_official_point,Open Government Licence - Toronto,"Processed polling_division_name comes from Toronto voter-statistics voting-place labels for ordinary rows, but no verified address or coordinate field is present in the repository.",23033,251
municipal_2023_mayor,municipal_2023_mayor__23034,Yee Hong Garden Terrace,90 Scottfield Dr,90 Scottfield Dr,43.80991336,-79.25295812,Open Toronto Elections Voting Locations,https://open.toronto.ca/dataset/elections-voting-locations/,2026-02-20,official_open_toronto_point,,verified_official_point,Open Government Licence - Toronto,"Processed polling_division_name comes from Toronto voter-statistics voting-place labels for ordinary rows, but no verified address or coordinate field is present in the repository.",23034,246
municipal_2023_mayor,municipal_2023_mayor__23035,Tom Longboat Junior Public School,37 Crow Trl,37 Crow Trl,43.81044617,-79.23162697,Open Toronto Elections Voting Locations,https://open.toronto.ca/dataset/elections-voting-locations/,2026-02-20,official_open_toronto_point,,verified_official_point,Open Government Licence - Toronto,"Processed polling_division_name comes from Toronto voter-statistics voting-place labels for ordinary rows, but no verified address or coordinate field is present in the repository.",23035,2707
municipal_2023_mayor,municipal_2023_mayor__23036,St. Gabriel Lalemant Catholic School,160 Crow Trl,160 Crow Trl,43.81270363,-79.22672748,Open Toronto Elections Voting Locations,https://open.toronto.ca/dataset/elections-voting-locations/,2026-02-20,official_open_toronto_point,,verified_official_point,Open Government Licence - Toronto,"Processed polling_division_name comes from Toronto voter-statistics voting-place labels for ordinary rows, but no verified address or coordinate field is present in the repository.",23036,3018
municipal_2023_mayor,municipal_2023_mayor__23040,St. Barnabas Catholic School,30 Washburn Way,30 Washburn Way,43.79724122,-79.22851192,Open Toronto Elections Voting Locations,https://open.toronto.ca/dataset/elections-voting-locations/,2026-02-20,official_open_toronto_point,,verified_official_point,Open Government Licence - Toronto,"Processed polling_division_name comes from Toronto voter-statistics voting-place labels for ordinary rows, but no verified address or coordinate field is present in the repository.",23040,2668
municipal_2023_mayor,municipal_2023_mayor__23041,Malvern Junior Public School,70 Mammoth Hall Trl,70 Mammoth Hall Trl,43.79783946,-79.23325194,Open Toronto Elections Voting Locations,https://open.toronto.ca/dataset/elections-voting-locations/,2026-02-20,official_open_toronto_point,,verified_official_point,Open Government Licence - Toronto,"Processed polling_division_name comes from Toronto voter-statistics voting-place labels for ordinary rows, but no verified address or coordinate field is present in the repository.",23041,2511
municipal_2023_mayor,municipal_2023_mayor__23042,Burrows Hall Junior Public School,151 Burrows Hall Blvd,151 Burrows Hall Blvd,43.79269796,-79.22881801,Open Toronto Elections Voting Locations,https://open.toronto.ca/dataset/elections-voting-locations/,2026-02-20,official_open_toronto_point,,verified_official_point,Open Government Licence - Toronto,"Processed polling_division_name comes from Toronto voter-statistics voting-place labels for ordinary rows, but no verified address or coordinate field is present in the repository.",23042,1155
municipal_2023_mayor,municipal_2023_mayor__23043,Burrows Hall Community Centre,1081 Progress Ave,1081 Progress Ave,43.79404739,-79.23436702,Open Toronto Elections Voting Locations,https://open.toronto.ca/dataset/elections-voting-locations/,2026-02-20,official_open_toronto_point,,verified_official_point,Open Government Licence - Toronto,"Processed polling_division_name comes from Toronto voter-statistics voting-place labels for ordinary rows, but no verified address or coordinate field is present in the repository.",23043,3078
municipal_2023_mayor,municipal_2023_mayor__23044,Sts. Peter and Paul Residence,221 Milner Ave,221 Milner Ave,43.78833891,-79.24012770,Open Toronto Elections Voting Locations,https://open.toronto.ca/dataset/elections-voting-locations/,2026-02-20,official_open_toronto_point,,verified_official_point,Open Government Licence - Toronto,"Processed polling_division_name comes from Toronto voter-statistics voting-place labels for ordinary rows, but no verified address or coordinate field is present in the repository.",23044,206
municipal_2023_mayor,municipal_2023_mayor__23045,St. Elizabeth Seton Catholic School,25 Havenview Rd,25 Havenview Rd,43.78895124,-79.24670583,Open Toronto Elections Voting Locations,https://open.toronto.ca/dataset/elections-voting-locations/,2026-02-20,official_open_toronto_point,,verified_official_point,Open Government Licence - Toronto,"Processed polling_division_name comes from Toronto voter-statistics voting-place labels for ordinary rows, but no verified address or coordinate field is present in the repository.",23045,2269
municipal_2023_mayor,municipal_2023_mayor__23046,Whitehaven Junior Public School,105 Invergordon Ave,105 Invergordon Ave,43.78727210,-79.24720582,Open Toronto Elections Voting Locations,https://open.toronto.ca/dataset/elections-voting-locations/,2026-02-20,official_open_toronto_point,,verified_official_point,Open Government Licence - Toronto,"Processed polling_division_name comes from Toronto voter-statistics voting-place labels for ordinary rows, but no verified address or coordinate field is present in the repository.",23046,2786
municipal_2023_mayor,municipal_2023_mayor__23050,C. D. Farquharson Junior Public School,1965 Brimley Rd,1965 Brimley Rd,43.78446716,-79.26610554,Open Toronto Elections Voting Locations,https://open.toronto.ca/dataset/elections-voting-locations/,2026-02-20,official_open_toronto_point,,verified_official_point,Open Government Licence - Toronto,"Processed polling_division_name comes from Toronto voter-statistics voting-place labels for ordinary rows, but no verified address or coordinate field is present in the repository.",23050,2259
municipal_2023_mayor,municipal_2023_mayor__23051,Agincourt Community Centre,31 Glen Watford Dr,31 Glen Watford Dr,43.78840583,-79.27628993,Open Toronto Elections Voting Locations,https://open.toronto.ca/dataset/elections-voting-locations/,2026-02-20,official_open_toronto_point,,verified_official_point,Open Government Licence - Toronto,"Processed polling_division_name comes from Toronto voter-statistics voting-place labels for ordinary rows, but no verified address or coordinate field is present in the repository.",23051,2331
municipal_2023_mayor,municipal_2023_mayor__24001,Blue Danube House,1680 Ellesmere Rd,1680 Ellesmere Rd,43.77290123,-79.24981532,Open Toronto Elections Voting Locations,https://open.toronto.ca/dataset/elections-voting-locations/,2026-02-20,official_open_toronto_point,,verified_official_point,Open Government Licence - Toronto,"Processed polling_division_name comes from Toronto voter-statistics voting-place labels for ordinary rows, but no verified address or coordinate field is present in the repository.",24001,231
municipal_2023_mayor,municipal_2023_mayor__24002,None,88 Corporate Dr,88 Corporate Dr,43.78095612,-79.24978477,Open Toronto Elections Voting Locations,https://open.toronto.ca/dataset/elections-voting-locations/,2026-02-20,official_open_toronto_point,,verified_official_point,Open Government Licence - Toronto,"Processed polling_division_name comes from Toronto voter-statistics voting-place labels for ordinary rows, but no verified address or coordinate field is present in the repository.",24002,1846
municipal_2023_mayor,municipal_2023_mayor__24003,None,18 Lee Centre Dr,18 Lee Centre Dr,43.78106277,-79.24855679,Open Toronto Elections Voting Locations,https://open.toronto.ca/dataset/elections-voting-locations/,2026-02-20,official_open_toronto_point,,verified_official_point,Open Government Licence - Toronto,"Processed polling_division_name comes from Toronto voter-statistics voting-place labels for ordinary rows, but no verified address or coordinate field is present in the repository.",24003,783
municipal_2023_mayor,municipal_2023_mayor__24004,Ellipse,38 Lee Centre Dr,38 Lee Centre Dr,43.78188043,-79.24639102,Open Toronto Elections Voting Locations,https://open.toronto.ca/dataset/elections-voting-locations/,2026-02-20,official_open_toronto_point,,verified_official_point,Open Government Licence - Toronto,"Processed polling_division_name comes from Toronto voter-statistics voting-place labels for ordinary rows, but no verified address or coordinate field is present in the repository.",24004,1162
municipal_2023_mayor,municipal_2023_mayor__24006,Centennial Recreation Centre,1967 Ellesmere Rd,1967 Ellesmere Rd,43.77553176,-79.23510789,Open Toronto Elections Voting Locations,https://open.toronto.ca/dataset/elections-voting-locations/,2026-02-20,official_open_toronto_point,,verified_official_point,Open Government Licence - Toronto,"Processed polling_division_name comes from Toronto voter-statistics voting-place labels for ordinary rows, but no verified address or coordinate field is present in the repository.",24006,3375
municipal_2023_mayor,municipal_2023_mayor__24007,None,50 Tuxedo Crt,50 Tuxedo Crt,43.78084998,-79.23182092,Open Toronto Elections Voting Locations,https://open.toronto.ca/dataset/elections-voting-locations/,2026-02-20,official_open_toronto_point,,verified_official_point,Open Government Licence - Toronto,"Processed polling_division_name comes from Toronto voter-statistics voting-place labels for ordinary rows, but no verified address or coordinate field is present in the repository.",24007,420
municipal_2023_mayor,municipal_2023_mayor__24008,Woburn Collegiate Institute,2222 Ellesmere Rd,2222 Ellesmere Rd,43.77816511,-79.22845859,Open Toronto Elections Voting Locations,https://open.toronto.ca/dataset/elections-voting-locations/,2026-02-20,official_open_toronto_point,,verified_official_point,Open Government Licence - Toronto,"Processed polling_division_name comes from Toronto voter-statistics voting-place labels for ordinary rows, but no verified address or coordinate field is present in the repository.",24008,1716
municipal_2023_mayor,municipal_2023_mayor__24009,Woburn Junior Public School,40 Dormington Dr,40 Dormington Dr,43.77950280,-79.22700166,Open Toronto Elections Voting Locations,https://open.toronto.ca/dataset/elections-voting-locations/,2026-02-20,official_open_toronto_point,,verified_official_point,Open Government Licence - Toronto,"Processed polling_division_name comes from Toronto voter-statistics voting-place labels for ordinary rows, but no verified address or coordinate field is present in the repository.",24009,2190
municipal_2023_mayor,municipal_2023_mayor__24010,St. Edmund Campion Catholic School,30 Highcastle Rd,30 Highcastle Rd,43.78811102,-79.21571562,Open Toronto Elections Voting Locations,https://open.toronto.ca/dataset/elections-voting-locations/,2026-02-20,official_open_toronto_point,,verified_official_point,Open Government Licence - Toronto,"Processed polling_division_name comes from Toronto voter-statistics voting-place labels for ordinary rows, but no verified address or coordinate field is present in the repository.",24010,1501
municipal_2023_mayor,municipal_2023_mayor__24011,Highcastle Public School,370 Military Trl,370 Military Trl,43.78676160,-79.21249563,Open Toronto Elections Voting Locations,https://open.toronto.ca/dataset/elections-voting-locations/,2026-02-20,official_open_toronto_point,,verified_official_point,Open Government Licence - Toronto,"Processed polling_division_name comes from Toronto voter-statistics voting-place labels for ordinary rows, but no verified address or coordinate field is present in the repository.",24011,2435
municipal_2023_mayor,municipal_2023_mayor__24012,Military Trail Public School,701 Military Trl,701 Military Trl,43.78911549,-79.19711697,Open Toronto Elections Voting Locations,https://open.toronto.ca/dataset/elections-voting-locations/,2026-02-20,official_open_toronto_point,,verified_official_point,Open Government Licence - Toronto,"Processed polling_division_name comes from Toronto voter-statistics voting-place labels for ordinary rows, but no verified address or coordinate field is present in the repository.",24012,3239
municipal_2023_mayor,municipal_2023_mayor__24013,None,100 Mornelle Crt,100 Mornelle Crt,43.78721966,-79.19467697,Open Toronto Elections Voting Locations,https://open.toronto.ca/dataset/elections-voting-locations/,2026-02-20,official_open_toronto_point,,verified_official_point,Open Government Licence - Toronto,"Processed polling_division_name comes from Toronto voter-statistics voting-place labels for ordinary rows, but no verified address or coordinate field is present in the repository.",24013,376
municipal_2023_mayor,municipal_2023_mayor__24014,None,3050 Ellesmere Rd,3050 Ellesmere Rd,43.78596779,-79.19756993,Open Toronto Elections Voting Locations,https://open.toronto.ca/dataset/elections-voting-locations/,2026-02-20,official_open_toronto_point,,verified_official_point,Open Government Licence - Toronto,"Processed polling_division_name comes from Toronto voter-statistics voting-place labels for ordinary rows, but no verified address or coordinate field is present in the repository.",24014,574
municipal_2023_mayor,municipal_2023_mayor__24015,Seven Oaks,9 Neilson Rd,9 Neilson Rd,43.78163810,-79.20357571,Open Toronto Elections Voting Locations,https://open.toronto.ca/dataset/elections-voting-locations/,2026-02-20,official_open_toronto_point,,verified_official_point,Open Government Licence - Toronto,"Processed polling_division_name comes from Toronto voter-statistics voting-place labels for ordinary rows, but no verified address or coordinate field is present in the repository.",24015,142
municipal_2023_mayor,municipal_2023_mayor__24016,Scarborough Centenary Hospital,2877 Ellesmere Rd,2877 Ellesmere Rd,43.78062214,-79.20348675,Open Toronto Elections Voting Locations,https://open.toronto.ca/dataset/elections-voting-locations/,2026-02-20,official_open_toronto_point,,verified_official_point,Open Government Licence - Toronto,"Processed polling_division_name comes from Toronto voter-statistics voting-place labels for ordinary rows, but no verified address or coordinate field is present in the repository.",24016,180
municipal_2023_mayor,municipal_2023_mayor__24017,Botany Hill Park,277 Orton Park Rd,277 Orton Park Rd,43.77742531,-79.21084706,Open Toronto Elections Voting Locations,https://open.toronto.ca/dataset/elections-voting-locations/,2026-02-20,official_open_toronto_point,,verified_official_point,Open Government Licence - Toronto,"Processed polling_division_name comes from Toronto voter-statistics voting-place labels for ordinary rows, but no verified address or coordinate field is present in the repository.",24017,1037
municipal_2023_mayor,municipal_2023_mayor__24018,George B Little Junior Public School,125 Orton Park Rd,125 Orton Park Rd,43.77119941,-79.20811046,Open Toronto Elections Voting Locations,https://open.toronto.ca/dataset/elections-voting-locations/,2026-02-20,official_open_toronto_point,,verified_official_point,Open Government Licence - Toronto,"Processed polling_division_name comes from Toronto voter-statistics voting-place labels for ordinary rows, but no verified address or coordinate field is present in the repository.",24018,2150
municipal_2023_mayor,municipal_2023_mayor__24019,Heather Heights Junior Public School,80 Slan Ave,80 Slan Ave,43.77515588,-79.21506873,Open Toronto Elections Voting Locations,https://open.toronto.ca/dataset/elections-voting-locations/,2026-02-20,official_open_toronto_point,,verified_official_point,Open Government Licence - Toronto,"Processed polling_division_name comes from Toronto voter-statistics voting-place labels for ordinary rows, but no verified address or coordinate field is present in the repository.",24019,1938
municipal_2023_mayor,municipal_2023_mayor__24020,Churchill Heights Public School,749 Brimorton Dr,749 Brimorton Dr,43.77319195,-79.22431679,Open Toronto Elections Voting Locations,https://open.toronto.ca/dataset/elections-voting-locations/,2026-02-20,official_open_toronto_point,,verified_official_point,Open Government Licence - Toronto,"Processed polling_division_name comes from Toronto voter-statistics voting-place labels for ordinary rows, but no verified address or coordinate field is present in the repository.",24020,2032
municipal_2023_mayor,municipal_2023_mayor__24021,Bellmere Junior Public School,470 Brimorton Dr,470 Brimorton Dr,43.77196929,-79.23514688,Open Toronto Elections Voting Locations,https://open.toronto.ca/dataset/elections-voting-locations/,2026-02-20,official_open_toronto_point,,verified_official_point,Open Government Licence - Toronto,"Processed polling_division_name comes from Toronto voter-statistics voting-place labels for ordinary rows, but no verified address or coordinate field is present in the repository.",24021,1249
municipal_2023_mayor,municipal_2023_mayor__24022,William Tredway Junior Public School,112 Sedgemount Dr,112 Sedgemount Dr,43.76503322,-79.23526594,Open Toronto Elections Voting Locations,https://open.toronto.ca/dataset/elections-voting-locations/,2026-02-20,official_open_toronto_point,,verified_official_point,Open Government Licence - Toronto,"Processed polling_division_name comes from Toronto voter-statistics voting-place labels for ordinary rows, but no verified address or coordinate field is present in the repository.",24022,2423
municipal_2023_mayor,municipal_2023_mayor__24023,705 Progress Shelter,705 Progress Ave,705 Progress Ave,43.77670967,-79.24602040,Open Toronto Elections Voting Locations,https://open.toronto.ca/dataset/elections-voting-locations/,2026-02-20,official_open_toronto_point,,verified_official_point,Open Government Licence - Toronto,"Processed polling_division_name comes from Toronto voter-statistics voting-place labels for ordinary rows, but no verified address or coordinate field is present in the repository.",24023,
municipal_2023_mayor,municipal_2023_mayor__24024,North Bendale Junior Public School,29 Aveline Cres,29 Aveline Cres,43.77057211,-79.24780210,Open Toronto Elections Voting Locations,https://open.toronto.ca/dataset/elections-voting-locations/,2026-02-20,official_open_toronto_point,,verified_official_point,Open Government Licence - Toronto,"Processed polling_division_name comes from Toronto voter-statistics voting-place labels for ordinary rows, but no verified address or coordinate field is present in the repository.",24024,1857
municipal_2023_mayor,municipal_2023_mayor__24025,Bendale Junior Public School,61 Benshire Dr,61 Benshire Dr,43.76256712,-79.24488026,Open Toronto Elections Voting Locations,https://open.toronto.ca/dataset/elections-voting-locations/,2026-02-20,official_open_toronto_point,,verified_official_point,Open Government Licence - Toronto,"Processed polling_division_name comes from Toronto voter-statistics voting-place labels for ordinary rows, but no verified address or coordinate field is present in the repository.",24025,918
municipal_2023_mayor,municipal_2023_mayor__24026,St. Rose Of Lima Catholic School,3220 Lawrence Ave E,3220 Lawrence Ave E,43.75748239,-79.24055992,Open Toronto Elections Voting Locations,https://open.toronto.ca/dataset/elections-voting-locations/,2026-02-20,official_open_toronto_point,,verified_official_point,Open Government Licence - Toronto,"Processed polling_division_name comes from Toronto voter-statistics voting-place labels for ordinary rows, but no verified address or coordinate field is present in the repository.",24026,1272
municipal_2023_mayor,municipal_2023_mayor__24027,Cedar Brook Park,91 Eastpark Blvd,91 Eastpark Blvd,43.75565390,-79.22741966,Open Toronto Elections Voting Locations,https://open.toronto.ca/dataset/elections-voting-locations/,2026-02-20,official_open_toronto_point,,verified_official_point,Open Government Licence - Toronto,"Processed polling_division_name comes from Toronto voter-statistics voting-place labels for ordinary rows, but no verified address or coordinate field is present in the repository.",24027,1990
municipal_2023_mayor,municipal_2023_mayor__24028,Cedarbrook Lodge,520 Markham Rd,520 Markham Rd,43.75486780,-79.22491471,Open Toronto Elections Voting Locations,https://open.toronto.ca/dataset/elections-voting-locations/,2026-02-20,official_open_toronto_point,,verified_official_point,Open Government Licence - Toronto,"Processed polling_division_name comes from Toronto voter-statistics voting-place labels for ordinary rows, but no verified address or coordinate field is present in the repository.",24028,168
municipal_2023_mayor,municipal_2023_mayor__24030,Cedarbrae Manor,65 Greencrest Crct,65 Greencrest Crct,43.75998672,-79.22179425,Open Toronto Elections Voting Locations,https://open.toronto.ca/dataset/elections-voting-locations/,2026-02-20,official_open_toronto_point,,verified_official_point,Open Government Licence - Toronto,"Processed polling_division_name comes from Toronto voter-statistics voting-place labels for ordinary rows, but no verified address or coordinate field is present in the repository.",24030,470
municipal_2023_mayor,municipal_2023_mayor__24031,Cornell Junior Public School - Building Grounds,61 Holmfirth Ter,61 Holmfirth Ter,43.75939258,-79.21803822,Open Toronto Elections Voting Locations,https://open.toronto.ca/dataset/elections-voting-locations/,2026-02-20,official_open_toronto_point,,verified_official_point,Open Government Licence - Toronto,"Processed polling_division_name comes from Toronto voter-statistics voting-place labels for ordinary rows, but no verified address or coordinate field is present in the repository.",24031,2382
municipal_2023_mayor,municipal_2023_mayor__24032,St. Barbara Catholic School,25 Janray Dr,25 Janray Dr,43.76246873,-79.21906062,Open Toronto Elections Voting Locations,https://open.toronto.ca/dataset/elections-voting-locations/,2026-02-20,official_open_toronto_point,,verified_official_point,Open Government Licence - Toronto,"Processed polling_division_name comes from Toronto voter-statistics voting-place labels for ordinary rows, but no verified address or coordinate field is present in the repository.",24032,2446
municipal_2023_mayor,municipal_2023_mayor__24034,Extendicare,3830 Lawrence Ave E,3830 Lawrence Ave E,43.76358172,-79.21058867,Open Toronto Elections Voting Locations,https://open.toronto.ca/dataset/elections-voting-locations/,2026-02-20,official_open_toronto_point,,verified_official_point,Open Government Licence - Toronto,"Processed polling_division_name comes from Toronto voter-statistics voting-place labels for ordinary rows, but no verified address or coordinate field is present in the repository.",24034,134
municipal_2023_mayor,municipal_2023_mayor__24035,Willow Park Junior Public School,45 Windover Dr,45 Windover Dr,43.76119810,-79.20957854,Open Toronto Elections Voting Locations,https://open.toronto.ca/dataset/elections-voting-locations/,2026-02-20,official_open_toronto_point,,verified_official_point,Open Government Licence - Toronto,"Processed polling_division_name comes from Toronto voter-statistics voting-place labels for ordinary rows, but no verified address or coordinate field is present in the repository.",24035,2544
municipal_2023_mayor,municipal_2023_mayor__24036,Galloway Road Public School,192 Galloway Rd,192 Galloway Rd,43.76501730,-79.19662230,Open Toronto Elections Voting Locations,https://open.toronto.ca/dataset/elections-voting-locations/,2026-02-20,official_open_toronto_point,,verified_official_point,Open Government Licence - Toronto,"Processed polling_division_name comes from Toronto voter-statistics voting-place labels for ordinary rows, but no verified address or coordinate field is present in the repository.",24036,3730
municipal_2023_mayor,municipal_2023_mayor__24037,None,4175 Lawrence Ave E,4175 Lawrence Ave E,43.76722560,-79.18881053,Open Toronto Elections Voting Locations,https://open.toronto.ca/dataset/elections-voting-locations/,2026-02-20,official_open_toronto_point,,verified_official_point,Open Government Licence - Toronto,"Processed polling_division_name comes from Toronto voter-statistics voting-place labels for ordinary rows, but no verified address or coordinate field is present in the repository.",24037,403
municipal_2023_mayor,municipal_2023_mayor__24038,St. Martin de Porres Catholic School,230 Morningside Ave,230 Morningside Ave,43.76698289,-79.18629246,Open Toronto Elections Voting Locations,https://open.toronto.ca/dataset/elections-voting-locations/,2026-02-20,official_open_toronto_point,,verified_official_point,Open Government Licence - Toronto,"Processed polling_division_name comes from Toronto voter-statistics voting-place labels for ordinary rows, but no verified address or coordinate field is present in the repository.",24038,2561
municipal_2023_mayor,municipal_2023_mayor__24040,Eastview Junior Public School,20 Waldock St,20 Waldock St,43.75896336,-79.19128044,Open Toronto Elections Voting Locations,https://open.toronto.ca/dataset/elections-voting-locations/,2026-02-20,official_open_toronto_point,,verified_official_point,Open Government Licence - Toronto,"Processed polling_division_name comes from Toronto voter-statistics voting-place labels for ordinary rows, but no verified address or coordinate field is present in the repository.",24040,3265
municipal_2023_mayor,municipal_2023_mayor__24041,Poplar Road Junior Public School,66 Dearham Wood,66 Dearham Wood,43.75373063,-79.18724084,Open Toronto Elections Voting Locations,https://open.toronto.ca/dataset/elections-voting-locations/,2026-02-20,official_open_toronto_point,,verified_official_point,Open Government Licence - Toronto,"Processed polling_division_name comes from Toronto voter-statistics voting-place labels for ordinary rows, but no verified address or coordinate field is present in the repository.",24041,1301
municipal_2023_mayor,municipal_2023_mayor__24042,Guildwood Junior Public School,225 Livingston Rd,225 Livingston Rd,43.75082107,-79.19998667,Open Toronto Elections Voting Locations,https://open.toronto.ca/dataset/elections-voting-locations/,2026-02-20,official_open_toronto_point,,verified_official_point,Open Government Licence - Toronto,"Processed polling_division_name comes from Toronto voter-statistics voting-place labels for ordinary rows, but no verified address or coordinate field is present in the repository.",24042,2281
municipal_2023_mayor,municipal_2023_mayor__24044,The Gates of Guildwood,10 Guildwood Pkwy,10 Guildwood Pkwy,43.74992350,-79.20500009,Open Toronto Elections Voting Locations,https://open.toronto.ca/dataset/elections-voting-locations/,2026-02-20,official_open_toronto_point,,verified_official_point,Open Government Licence - Toronto,"Processed polling_division_name comes from Toronto voter-statistics voting-place labels for ordinary rows, but no verified address or coordinate field is present in the repository.",24044,615
municipal_2023_mayor,municipal_2023_mayor__24045,None,399 Markham Rd,399 Markham Rd,43.74921404,-79.22079308,Open Toronto Elections Voting Locations,https://open.toronto.ca/dataset/elections-voting-locations/,2026-02-20,official_open_toronto_point,,verified_official_point,Open Government Licence - Toronto,"Processed polling_division_name comes from Toronto voter-statistics voting-place labels for ordinary rows, but no verified address or coordinate field is present in the repository.",24045,577
municipal_2023_mayor,municipal_2023_mayor__24046,Cedarbrook Junior Public School,56 Nelson St,56 Nelson St,43.74729339,-79.23019275,Open Toronto Elections Voting Locations,https://open.toronto.ca/dataset/elections-voting-locations/,2026-02-20,official_open_toronto_point,,verified_official_point,Open Government Licence - Toronto,"Processed polling_division_name comes from Toronto voter-statistics voting-place labels for ordinary rows, but no verified address or coordinate field is present in the repository.",24046,3333
municipal_2023_mayor,municipal_2023_mayor__24047,Cedar Drive Junior Public School,21 Gatesview Ave,21 Gatesview Ave,43.74585281,-79.21505094,Open Toronto Elections Voting Locations,https://open.toronto.ca/dataset/elections-voting-locations/,2026-02-20,official_open_toronto_point,,verified_official_point,Open Government Licence - Toronto,"Processed polling_division_name comes from Toronto voter-statistics voting-place labels for ordinary rows, but no verified address or coordinate field is present in the repository.",24047,3589
municipal_2023_mayor,municipal_2023_mayor__24050,Extendicare Guildwood,60 Guildwood Pkwy,60 Guildwood Pkwy,43.74690803,-79.20314936,Open Toronto Elections Voting Locations,https://open.toronto.ca/dataset/elections-voting-locations/,2026-02-20,official_open_toronto_point,,verified_official_point,Open Government Licence - Toronto,"Processed polling_division_name comes from Toronto voter-statistics voting-place labels for ordinary rows, but no verified address or coordinate field is present in the repository.",24050,86
municipal_2023_mayor,municipal_2023_mayor__24051,Sir Wilfrid Laurier Collegiate Institute,145 Guildwood Pkwy,145 Guildwood Pkwy,43.74703350,-79.19699148,Open Toronto Elections Voting Locations,https://open.toronto.ca/dataset/elections-voting-locations/,2026-02-20,official_open_toronto_point,,verified_official_point,Open Government Licence - Toronto,"Processed polling_division_name comes from Toronto voter-statistics voting-place labels for ordinary rows, but no verified address or coordinate field is present in the repository.",24051,1622
municipal_2023_mayor,municipal_2023_mayor__24053,Elizabeth Simcoe Junior Public School,166 Sylvan Ave,166 Sylvan Ave,43.73815196,-79.20603487,Open Toronto Elections Voting Locations,https://open.toronto.ca/dataset/elections-voting-locations/,2026-02-20,official_open_toronto_point,,verified_official_point,Open Government Licence - Toronto,"Processed polling_division_name comes from Toronto voter-statistics voting-place labels for ordinary rows, but no verified address or coordinate field is present in the repository.",24053,1541
municipal_2023_mayor,municipal_2023_mayor__24054,Scarborough Village Recreation Centre - Building Grounds,3600 Kingston Rd,3600 Kingston Rd,43.73999132,-79.21675812,Open Toronto Elections Voting Locations,https://open.toronto.ca/dataset/elections-voting-locations/,2026-02-20,official_open_toronto_point,,verified_official_point,Open Government Licence - Toronto,"Processed polling_division_name comes from Toronto voter-statistics voting-place labels for ordinary rows, but no verified address or coordinate field is present in the repository.",24054,2558
municipal_2023_mayor,municipal_2023_mayor__24055,Momiji Seniors Centre,3555 Kingston Rd,3555 Kingston Rd,43.73936153,-79.21533120,Open Toronto Elections Voting Locations,https://open.toronto.ca/dataset/elections-voting-locations/,2026-02-20,official_open_toronto_point,,verified_official_point,Open Government Licence - Toronto,"Processed polling_division_name comes from Toronto voter-statistics voting-place labels for ordinary rows, but no verified address or coordinate field is present in the repository.",24055,178
municipal_2023_mayor,municipal_2023_mayor__25001,Thomas L Wells Public School,69 Nightstar Rd,69 Nightstar Rd,43.82429981,-79.22612542,Open Toronto Elections Voting Locations,https://open.toronto.ca/dataset/elections-voting-locations/,2026-02-20,official_open_toronto_point,,verified_official_point,Open Government Licence - Toronto,"Processed polling_division_name comes from Toronto voter-statistics voting-place labels for ordinary rows, but no verified address or coordinate field is present in the repository.",25001,2627
municipal_2023_mayor,municipal_2023_mayor__25002,None,440 McLevin Ave,440 McLevin Ave,43.81044343,-79.22181189,Open Toronto Elections Voting Locations,https://open.toronto.ca/dataset/elections-voting-locations/,2026-02-20,official_open_toronto_point,,verified_official_point,Open Government Licence - Toronto,"Processed polling_division_name comes from Toronto voter-statistics voting-place labels for ordinary rows, but no verified address or coordinate field is present in the repository.",25002,1279
municipal_2023_mayor,municipal_2023_mayor__25005,Neilson Hall Apartments,1315 Neilson Rd,1315 Neilson Rd,43.80777834,-79.21880899,Open Toronto Elections Voting Locations,https://open.toronto.ca/dataset/elections-voting-locations/,2026-02-20,official_open_toronto_point,,verified_official_point,Open Government Licence - Toronto,"Processed polling_division_name comes from Toronto voter-statistics voting-place labels for ordinary rows, but no verified address or coordinate field is present in the repository.",25005,167
municipal_2023_mayor,municipal_2023_mayor__25006,None,1319 Neilson Rd,1319 Neilson Rd,43.80841610,-79.21798341,Open Toronto Elections Voting Locations,https://open.toronto.ca/dataset/elections-voting-locations/,2026-02-20,official_open_toronto_point,,verified_official_point,Open Government Licence - Toronto,"Processed polling_division_name comes from Toronto voter-statistics voting-place labels for ordinary rows, but no verified address or coordinate field is present in the repository.",25006,197
municipal_2023_mayor,municipal_2023_mayor__25007,Malvern Recreation Centre,30 Sewells Rd,30 Sewells Rd,43.80856771,-79.21638624,Open Toronto Elections Voting Locations,https://open.toronto.ca/dataset/elections-voting-locations/,2026-02-20,official_open_toronto_point,,verified_official_point,Open Government Licence - Toronto,"Processed polling_division_name comes from Toronto voter-statistics voting-place labels for ordinary rows, but no verified address or coordinate field is present in the repository.",25007,1635
municipal_2023_mayor,municipal_2023_mayor__25008,Sacred Heart Catholic School,75 Hupfield Trl,75 Hupfield Trl,43.81218400,-79.22014400,Open Toronto Elections Voting Locations,https://open.toronto.ca/dataset/elections-voting-locations/,2026-02-20,official_open_toronto_point,,verified_official_point,Open Government Licence - Toronto,"Processed polling_division_name comes from Toronto voter-statistics voting-place labels for ordinary rows, but no verified address or coordinate field is present in the repository.",25008,2397
municipal_2023_mayor,municipal_2023_mayor__25009,Mary Shadd Public School,135 Hupfield Trl,135 Hupfield Trl,43.81439570,-79.21832404,Open Toronto Elections Voting Locations,https://open.toronto.ca/dataset/elections-voting-locations/,2026-02-20,official_open_toronto_point,,verified_official_point,Open Government Licence - Toronto,"Processed polling_division_name comes from Toronto voter-statistics voting-place labels for ordinary rows, but no verified address or coordinate field is present in the repository.",25009,1451
municipal_2023_mayor,municipal_2023_mayor__25010,Heritage Park Public School,80 Old Finch Ave,80 Old Finch Ave,43.82135089,-79.20772016,Open Toronto Elections Voting Locations,https://open.toronto.ca/dataset/elections-voting-locations/,2026-02-20,official_open_toronto_point,,verified_official_point,Open Government Licence - Toronto,"Processed polling_division_name comes from Toronto voter-statistics voting-place labels for ordinary rows, but no verified address or coordinate field is present in the repository.",25010,2842
municipal_2023_mayor,municipal_2023_mayor__25011,St. Bede Catholic School,521 Sewells Rd,521 Sewells Rd,43.81797891,-79.20654770,Open Toronto Elections Voting Locations,https://open.toronto.ca/dataset/elections-voting-locations/,2026-02-20,official_open_toronto_point,,verified_official_point,Open Government Licence - Toronto,"Processed polling_division_name comes from Toronto voter-statistics voting-place labels for ordinary rows, but no verified address or coordinate field is present in the repository.",25011,1402
municipal_2023_mayor,municipal_2023_mayor__25012,Fleming Public School,20 Littles Rd,20 Littles Rd,43.81543478,-79.20338458,Open Toronto Elections Voting Locations,https://open.toronto.ca/dataset/elections-voting-locations/,2026-02-20,official_open_toronto_point,,verified_official_point,Open Government Licence - Toronto,"Processed polling_division_name comes from Toronto voter-statistics voting-place labels for ordinary rows, but no verified address or coordinate field is present in the repository.",25012,1691
municipal_2023_mayor,municipal_2023_mayor__25013,Alexander Stirling Public School,70 Fawcett Trl,70 Fawcett Trl,43.81165633,-79.20760594,Open Toronto Elections Voting Locations,https://open.toronto.ca/dataset/elections-voting-locations/,2026-02-20,official_open_toronto_point,,verified_official_point,Open Government Licence - Toronto,"Processed polling_division_name comes from Toronto voter-statistics voting-place labels for ordinary rows, but no verified address or coordinate field is present in the repository.",25013,2398
municipal_2023_mayor,municipal_2023_mayor__25015,Grey Owl Junior Public School,150 Wickson Trl,150 Wickson Trl,43.80398930,-79.21330032,Open Toronto Elections Voting Locations,https://open.toronto.ca/dataset/elections-voting-locations/,2026-02-20,official_open_toronto_point,,verified_official_point,Open Government Licence - Toronto,"Processed polling_division_name comes from Toronto voter-statistics voting-place labels for ordinary rows, but no verified address or coordinate field is present in the repository.",25015,1955
municipal_2023_mayor,municipal_2023_mayor__25016,Emily Carr Public School,90 John Tabor Trl,90 John Tabor Trl,43.80502239,-79.20693586,Open Toronto Elections Voting Locations,https://open.toronto.ca/dataset/elections-voting-locations/,2026-02-20,official_open_toronto_point,,verified_official_point,Open Government Licence - Toronto,"Processed polling_division_name comes from Toronto voter-statistics voting-place labels for ordinary rows, but no verified address or coordinate field is present in the repository.",25016,2772
municipal_2023_mayor,municipal_2023_mayor__25017,Malvern Christian Assembly,6705 Sheppard Ave E,6705 Sheppard Ave E,43.79783189,-79.21672671,Open Toronto Elections Voting Locations,https://open.toronto.ca/dataset/elections-voting-locations/,2026-02-20,official_open_toronto_point,,verified_official_point,Open Government Licence - Toronto,"Processed polling_division_name comes from Toronto voter-statistics voting-place labels for ordinary rows, but no verified address or coordinate field is present in the repository.",25017,1677
municipal_2023_mayor,municipal_2023_mayor__25018,Meadowvale Sheppard Public School,50 Upper Rouge Trl,50 Upper Rouge Trl,43.80848166,-79.19023925,Open Toronto Elections Voting Locations,https://open.toronto.ca/dataset/elections-voting-locations/,2026-02-20,official_open_toronto_point,,verified_official_point,Open Government Licence - Toronto,"Processed polling_division_name comes from Toronto voter-statistics voting-place labels for ordinary rows, but no verified address or coordinate field is present in the repository.",25018,3526
municipal_2023_mayor,municipal_2023_mayor__25019,Extendicare,551 Conlins Rd,551 Conlins Rd,43.80373033,-79.18897571,Open Toronto Elections Voting Locations,https://open.toronto.ca/dataset/elections-voting-locations/,2026-02-20,official_open_toronto_point,,verified_official_point,Open Government Licence - Toronto,"Processed polling_division_name comes from Toronto voter-statistics voting-place labels for ordinary rows, but no verified address or coordinate field is present in the repository.",25019,188
municipal_2023_mayor,municipal_2023_mayor__25020,St. Jean De Brebeuf Catholic School,101 Dean Park Rd,101 Dean Park Rd,43.80226838,-79.17405856,Open Toronto Elections Voting Locations,https://open.toronto.ca/dataset/elections-voting-locations/,2026-02-20,official_open_toronto_point,,verified_official_point,Open Government Licence - Toronto,"Processed polling_division_name comes from Toronto voter-statistics voting-place labels for ordinary rows, but no verified address or coordinate field is present in the repository.",25020,1947
municipal_2023_mayor,municipal_2023_mayor__25021,John G Diefenbaker Public School,70 Dean Park Rd,70 Dean Park Rd,43.80229504,-79.17186953,Open Toronto Elections Voting Locations,https://open.toronto.ca/dataset/elections-voting-locations/,2026-02-20,official_open_toronto_point,,verified_official_point,Open Government Licence - Toronto,"Processed polling_division_name comes from Toronto voter-statistics voting-place labels for ordinary rows, but no verified address or coordinate field is present in the repository.",25021,2191
municipal_2023_mayor,municipal_2023_mayor__25025,Chief Dan George Public School,185 Generation Blvd,185 Generation Blvd,43.80272231,-79.16383466,Open Toronto Elections Voting Locations,https://open.toronto.ca/dataset/elections-voting-locations/,2026-02-20,official_open_toronto_point,,verified_official_point,Open Government Licence - Toronto,"Processed polling_division_name comes from Toronto voter-statistics voting-place labels for ordinary rows, but no verified address or coordinate field is present in the repository.",25025,2719
municipal_2023_mayor,municipal_2023_mayor__25026,Rouge Valley Public School,30 Durnford Rd,30 Durnford Rd,43.79938626,-79.15128739,Open Toronto Elections Voting Locations,https://open.toronto.ca/dataset/elections-voting-locations/,2026-02-20,official_open_toronto_point,,verified_official_point,Open Government Licence - Toronto,"Processed polling_division_name comes from Toronto voter-statistics voting-place labels for ordinary rows, but no verified address or coordinate field is present in the repository.",25026,2386
municipal_2023_mayor,municipal_2023_mayor__25027,Altamont Nursing Home,92 Island Rd,92 Island Rd,43.79885121,-79.14002973,Open Toronto Elections Voting Locations,https://open.toronto.ca/dataset/elections-voting-locations/,2026-02-20,official_open_toronto_point,,verified_official_point,Open Government Licence - Toronto,"Processed polling_division_name comes from Toronto voter-statistics voting-place labels for ordinary rows, but no verified address or coordinate field is present in the repository.",25027,112
municipal_2023_mayor,municipal_2023_mayor__25028,West Rouge Elementary School - Building Grounds,401 Friendship Ave,401 Friendship Ave,43.79561842,-79.13371592,Open Toronto Elections Voting Locations,https://open.toronto.ca/dataset/elections-voting-locations/,2026-02-20,official_open_toronto_point,,verified_official_point,Open Government Licence - Toronto,"Processed polling_division_name comes from Toronto voter-statistics voting-place labels for ordinary rows, but no verified address or coordinate field is present in the repository.",25028,2283
municipal_2023_mayor,municipal_2023_mayor__25029,West Rouge Park,270 Rouge Hills Dr,270 Rouge Hills Dr,43.79209052,-79.12510450,Open Toronto Elections Voting Locations,https://open.toronto.ca/dataset/elections-voting-locations/,2026-02-20,official_open_toronto_point,,verified_official_point,Open Government Licence - Toronto,"Processed polling_division_name comes from Toronto voter-statistics voting-place labels for ordinary rows, but no verified address or coordinate field is present in the repository.",25029,2078
municipal_2023_mayor,municipal_2023_mayor__25030,William G Davis Junior Public School,128 East Ave,128 East Ave,43.78504643,-79.13447437,Open Toronto Elections Voting Locations,https://open.toronto.ca/dataset/elections-voting-locations/,2026-02-20,official_open_toronto_point,,verified_official_point,Open Government Licence - Toronto,"Processed polling_division_name comes from Toronto voter-statistics voting-place labels for ordinary rows, but no verified address or coordinate field is present in the repository.",25030,2093
municipal_2023_mayor,municipal_2023_mayor__25031,Joseph Howe Public School,20 Winter Gardens Trl,20 Winter Gardens Trl,43.78580785,-79.13729821,Open Toronto Elections Voting Locations,https://open.toronto.ca/dataset/elections-voting-locations/,2026-02-20,official_open_toronto_point,,verified_official_point,Open Government Licence - Toronto,"Processed polling_division_name comes from Toronto voter-statistics voting-place labels for ordinary rows, but no verified address or coordinate field is present in the repository.",25031,1670
municipal_2023_mayor,municipal_2023_mayor__25032,Port Union Community Recreation Centre - Building Grounds,5450 Lawrence Ave E,5450 Lawrence Ave E,43.77966459,-79.14029124,Open Toronto Elections Voting Locations,https://open.toronto.ca/dataset/elections-voting-locations/,2026-02-20,official_open_toronto_point,,verified_official_point,Open Government Licence - Toronto,"Processed polling_division_name comes from Toronto voter-statistics voting-place labels for ordinary rows, but no verified address or coordinate field is present in the repository.",25032,2043
municipal_2023_mayor,municipal_2023_mayor__25033,Sir Oliver Mowat Collegiate Institute,5400 Lawrence Ave E,5400 Lawrence Ave E,43.77930193,-79.14223831,Open Toronto Elections Voting Locations,https://open.toronto.ca/dataset/elections-voting-locations/,2026-02-20,official_open_toronto_point,,verified_official_point,Open Government Licence - Toronto,"Processed polling_division_name comes from Toronto voter-statistics voting-place labels for ordinary rows, but no verified address or coordinate field is present in the repository.",25033,1045
municipal_2023_mayor,municipal_2023_mayor__25034,Charlottetown Junior Elementary School - Building Grounds,85 Charlottetown Blvd,85 Charlottetown Blvd,43.78207023,-79.14220896,Open Toronto Elections Voting Locations,https://open.toronto.ca/dataset/elections-voting-locations/,2026-02-20,official_open_toronto_point,,verified_official_point,Open Government Licence - Toronto,"Processed polling_division_name comes from Toronto voter-statistics voting-place labels for ordinary rows, but no verified address or coordinate field is present in the repository.",25034,1850
municipal_2023_mayor,municipal_2023_mayor__25035,St. Brendan Catholic School,186 Centennial Rd,186 Centennial Rd,43.78254695,-79.14925055,Open Toronto Elections Voting Locations,https://open.toronto.ca/dataset/elections-voting-locations/,2026-02-20,official_open_toronto_point,,verified_official_point,Open Government Licence - Toronto,"Processed polling_division_name comes from Toronto voter-statistics voting-place labels for ordinary rows, but no verified address or coordinate field is present in the repository.",25035,1691
municipal_2023_mayor,municipal_2023_mayor__25036,Centennial Road Public School,271 Centennial Rd,271 Centennial Rd,43.78696228,-79.15002381,Open Toronto Elections Voting Locations,https://open.toronto.ca/dataset/elections-voting-locations/,2026-02-20,official_open_toronto_point,,verified_official_point,Open Government Licence - Toronto,"Processed polling_division_name comes from Toronto voter-statistics voting-place labels for ordinary rows, but no verified address or coordinate field is present in the repository.",25036,1553
municipal_2023_mayor,municipal_2023_mayor__25037,Tony Stacey Centre For Veterans Care,59 Lawson Rd,59 Lawson Rd,43.78330193,-79.16331564,Open Toronto Elections Voting Locations,https://open.toronto.ca/dataset/elections-voting-locations/,2026-02-20,official_open_toronto_point,,verified_official_point,Open Government Licence - Toronto,"Processed polling_division_name comes from Toronto voter-statistics voting-place labels for ordinary rows, but no verified address or coordinate field is present in the repository.",25037,24
municipal_2023_mayor,municipal_2023_mayor__25038,St. Dunstan Of Canterbury Church,56 Lawson Rd,56 Lawson Rd,43.78415466,-79.16485390,Open Toronto Elections Voting Locations,https://open.toronto.ca/dataset/elections-voting-locations/,2026-02-20,official_open_toronto_point,,verified_official_point,Open Government Licence - Toronto,"Processed polling_division_name comes from Toronto voter-statistics voting-place labels for ordinary rows, but no verified address or coordinate field is present in the repository.",25038,1563
municipal_2023_mayor,municipal_2023_mayor__25039,Meadowvale Public School - Building Grounds,761 Meadowvale Rd,761 Meadowvale Rd,43.79551101,-79.16406818,Open Toronto Elections Voting Locations,https://open.toronto.ca/dataset/elections-voting-locations/,2026-02-20,official_open_toronto_point,,verified_official_point,Open Government Licence - Toronto,"Processed polling_division_name comes from Toronto voter-statistics voting-place labels for ordinary rows, but no verified address or coordinate field is present in the repository.",25039,3047
municipal_2023_mayor,municipal_2023_mayor__25041,Cardinal Leger Catholic School,600 Morrish Rd,600 Morrish Rd,43.79328795,-79.17546162,Open Toronto Elections Voting Locations,https://open.toronto.ca/dataset/elections-voting-locations/,2026-02-20,official_open_toronto_point,,verified_official_point,Open Government Licence - Toronto,"Processed polling_division_name comes from Toronto voter-statistics voting-place labels for ordinary rows, but no verified address or coordinate field is present in the repository.",25041,2913
municipal_2023_mayor,municipal_2023_mayor__25042,Morrish Public School,61 Canmore Blvd,61 Canmore Blvd,43.79318792,-79.17927003,Open Toronto Elections Voting Locations,https://open.toronto.ca/dataset/elections-voting-locations/,2026-02-20,official_open_toronto_point,,verified_official_point,Open Government Licence - Toronto,"Processed polling_division_name comes from Toronto voter-statistics voting-place labels for ordinary rows, but no verified address or coordinate field is present in the repository.",25042,2661
municipal_2023_mayor,municipal_2023_mayor__25043,Highland Creek Public School,1410 Military Trl,1410 Military Trl,43.78350090,-79.17844629,Open Toronto Elections Voting Locations,https://open.toronto.ca/dataset/elections-voting-locations/,2026-02-20,official_open_toronto_point,,verified_official_point,Open Government Licence - Toronto,"Processed polling_division_name comes from Toronto voter-statistics voting-place labels for ordinary rows, but no verified address or coordinate field is present in the repository.",25043,2385
municipal_2023_mayor,municipal_2023_mayor__25044,Eesti Kodu,50 Old Kingston Rd,50 Old Kingston Rd,43.77617355,-79.18264537,Open Toronto Elections Voting Locations,https://open.toronto.ca/dataset/elections-voting-locations/,2026-02-20,official_open_toronto_point,,verified_official_point,Open Government Licence - Toronto,"Processed polling_division_name comes from Toronto voter-statistics voting-place labels for ordinary rows, but no verified address or coordinate field is present in the repository.",25044,130
municipal_2023_mayor,municipal_2023_mayor__25045,Ehatare Retirement Home,40 Old Kingston Rd,40 Old Kingston Rd,43.77554138,-79.18312951,Open Toronto Elections Voting Locations,https://open.toronto.ca/dataset/elections-voting-locations/,2026-02-20,official_open_toronto_point,,verified_official_point,Open Government Licence - Toronto,"Processed polling_division_name comes from Toronto voter-statistics voting-place labels for ordinary rows, but no verified address or coordinate field is present in the repository.",25045,52
municipal_2023_mayor,municipal_2023_mayor__25046,West Hill Public School,299 Morningside Ave,299 Morningside Ave,43.77267961,-79.18688444,Open Toronto Elections Voting Locations,https://open.toronto.ca/dataset/elections-voting-locations/,2026-02-20,official_open_toronto_point,,verified_official_point,Open Government Licence - Toronto,"Processed polling_division_name comes from Toronto voter-statistics voting-place labels for ordinary rows, but no verified address or coordinate field is present in the repository.",25046,1246
municipal_2023_mayor,municipal_2023_mayor__25047,Morningside Library,4279 Lawrence Ave E,4279 Lawrence Ave E,43.76985342,-79.17844385,Open Toronto Elections Voting Locations,https://open.toronto.ca/dataset/elections-voting-locations/,2026-02-20,official_open_toronto_point,,verified_official_point,Open Government Licence - Toronto,"Processed polling_division_name comes from Toronto voter-statistics voting-place labels for ordinary rows, but no verified address or coordinate field is present in the repository.",25047,1392
municipal_2023_mayor,municipal_2023_mayor__25048,St. Malachy Catholic School,80 Bennett Rd,80 Bennett Rd,43.77113291,-79.16635040,Open Toronto Elections Voting Locations,https://open.toronto.ca/dataset/elections-voting-locations/,2026-02-20,official_open_toronto_point,,verified_official_point,Open Government Licence - Toronto,"Processed polling_division_name comes from Toronto voter-statistics voting-place labels for ordinary rows, but no verified address or coordinate field is present in the repository.",25048,2540
municipal_2023_mayor,municipal_2023_mayor__25049,Heron Park,292 Manse Rd,292 Manse Rd,43.76885561,-79.17693835,Open Toronto Elections Voting Locations,https://open.toronto.ca/dataset/elections-voting-locations/,2026-02-20,official_open_toronto_point,,verified_official_point,Open Government Licence - Toronto,"Processed polling_division_name comes from Toronto voter-statistics voting-place labels for ordinary rows, but no verified address or coordinate field is present in the repository.",25049,3212
municipal_2023_mayor,municipal_2023_mayor__25052,Morningside Apartments,4205 Lawrence Ave E,4205 Lawrence Ave E,43.76798413,-79.18534710,Open Toronto Elections Voting Locations,https://open.toronto.ca/dataset/elections-voting-locations/,2026-02-20,official_open_toronto_point,,verified_official_point,Open Government Licence - Toronto,"Processed polling_division_name comes from Toronto voter-statistics voting-place labels for ordinary rows, but no verified address or coordinate field is present in the repository.",25052,378
municipal_2023_mayor,municipal_2023_mayor__25053,Peter Secor Junior Public School,255 Coronation Dr,255 Coronation Dr,43.76241881,-79.17976522,Open Toronto Elections Voting Locations,https://open.toronto.ca/dataset/elections-voting-locations/,2026-02-20,official_open_toronto_point,,verified_official_point,Open Government Licence - Toronto,"Processed polling_division_name comes from Toronto voter-statistics voting-place labels for ordinary rows, but no verified address or coordinate field is present in the repository.",25053,2670
