variable,loading,abs_loading,model_key,model_family,component,family,plain_variable,vip,pls_coefficient,turnout_corr,direction,rank_abs_loading
block3_immigrant_share,-0.2922074780468536,0.2922074780468536,full_unfiltered_pls,"PLS, full predictor universe",component_1,immigration_citizenship,immigrant share,2.0305779894299376,-0.0623192461449433,-0.5732688168347703,lower turnout,1
block3_visible_minority_share,-0.2850523448977481,0.2850523448977481,full_unfiltered_pls,"PLS, full predictor universe",component_1,immigration_citizenship,visible minority share,2.286269532925811,-0.103450336145175,-0.641719581625304,lower turnout,2
block4_effective_mayoral_candidates_5pct,-0.2752913683955774,0.2752913683955774,full_unfiltered_pls,"PLS, full predictor universe",component_1,mayoral_competitiveness,effective mayoral candidates above 5 percent,1.9072643909961928,-0.0262471441850547,-0.5348452867055592,lower turnout,3
block4_mayoral_vote_fragmentation,-0.2731392231347515,0.2731392231347515,full_unfiltered_pls,"PLS, full predictor universe",component_1,mayoral_competitiveness,mayoral vote fragmentation,1.7746629677356136,0.0550018546285246,-0.4947655902228703,higher turnout,4
block3_non_official_mother_tongue_share,-0.2537295248744425,0.2537295248744425,full_unfiltered_pls,"PLS, full predictor universe",component_1,immigration_citizenship,non official mother tongue share,1.7512500539067448,0.0258167373625631,-0.4913579538945768,higher turnout,5
block1_bachelors_or_higher_25_64_share,0.2478545294489433,0.2478545294489433,full_unfiltered_pls,"PLS, full predictor universe",component_1,household_class,bachelors or higher 25-64 share,1.9845187827035136,0.0584508741505875,0.5538351812081346,higher turnout,6
block1_average_household_size,-0.2179768553551271,0.2179768553551271,full_unfiltered_pls,"PLS, full predictor universe",component_1,household_class,average household size,1.8339381518465088,-0.051503601170769,-0.4853694431785831,lower turnout,7
block1_unemployment_rate_share,-0.2175440644827701,0.2175440644827701,full_unfiltered_pls,"PLS, full predictor universe",component_1,household_class,unemployment rate share,1.9343897368501288,-0.0026525534119159,-0.5317030955586906,lower turnout,8
block4_mayoral_top_two_margin,0.1975329988075252,0.1975329988075252,full_unfiltered_pls,"PLS, full predictor universe",component_1,mayoral_competitiveness,mayoral top two margin,1.1511798391382846,-0.0199637605256995,0.2880791954472449,lower turnout,9
block4_mayoral_winner_margin,0.1975329988075252,0.1975329988075252,full_unfiltered_pls,"PLS, full predictor universe",component_1,mayoral_competitiveness,mayoral winner margin,1.1511798391382846,-0.0199637605256995,0.2880791954472449,lower turnout,10
block5_library_count_1200m,0.1837693985936322,0.1837693985936322,full_unfiltered_pls,"PLS, full predictor universe",component_1,service_access,library count within 1200m,0.9904279206021056,-0.0031799903121342,0.245558592268723,lower turnout,11
block3_non_citizen_share,-0.1809839091606784,0.1809839091606784,full_unfiltered_pls,"PLS, full predictor universe",component_1,immigration_citizenship,non citizen share,1.5343079872071526,-0.1335175556642966,-0.4172089393130335,lower turnout,12
block3_citizen_adult_share,0.1690521363032256,0.1690521363032256,full_unfiltered_pls,"PLS, full predictor universe",component_1,immigration_citizenship,citizen adult share,1.4006876047880097,-0.1913319702767836,0.3529129517446247,lower turnout,13
block4_federal_margin,0.1663000363293399,0.1663000363293399,full_unfiltered_pls,"PLS, full predictor universe",component_1,federal_competitiveness,federal margin,1.0653576032644425,0.1200175923572764,0.2722933309313181,higher turnout,14
block4_federal_party_count_5pct,0.161546972507673,0.161546972507673,full_unfiltered_pls,"PLS, full predictor universe",component_1,federal_competitiveness,federal party count above 5 percent,0.9124670723273868,-0.012560245829568,0.2058588649673379,lower turnout,15
block2_apartment_lt5_storeys_count,0.1564574707907699,0.1564574707907699,full_unfiltered_pls,"PLS, full predictor universe",component_1,housing_form_density,apartment lt5 storeys count,1.034255130143337,1.61509738780095e-07,0.2749210675143693,higher turnout,16
block3_recent_immigrant_share,-0.1510356916410131,0.1510356916410131,full_unfiltered_pls,"PLS, full predictor universe",component_1,immigration_citizenship,recent immigrant share,1.2265590306069127,-0.1283550755802563,-0.3169936522850532,lower turnout,17
block5_tts_no_car_household_share,0.1432087754365358,0.1432087754365358,full_unfiltered_pls,"PLS, full predictor universe",component_1,transportation_access,tts no car household share,0.8323521638785889,0.0146188325631732,0.1750666880470893,higher turnout,18
block5_no_car_household_share,0.1432087754365358,0.1432087754365358,full_unfiltered_pls,"PLS, full predictor universe",component_1,transportation_access,no car household share,0.8323521638785889,0.0146188325631732,0.1750666880470893,higher turnout,19
block3_english_french_knowledge_share,0.1405307236415661,0.1405307236415661,full_unfiltered_pls,"PLS, full predictor universe",component_1,immigration_citizenship,english french knowledge share,0.9691090462988766,0.1148448698570238,0.2657182066635518,higher turnout,20
block5_shelter_count_1200m,0.1327118055807835,0.1327118055807835,full_unfiltered_pls,"PLS, full predictor universe",component_1,service_access,shelter count within 1200m,0.81804117762369,-0.0054847267083613,0.0819292154021431,lower turnout,21
block5_shelter_access_1200m,0.131576067832326,0.131576067832326,full_unfiltered_pls,"PLS, full predictor universe",component_1,service_access,shelter access within 1200m,0.7278811838262331,0.00862737829869,0.139289468908494,higher turnout,22
block5_shelter_nearest_m,-0.1304264577571731,0.1304264577571731,full_unfiltered_pls,"PLS, full predictor universe",component_1,service_access,shelter nearest m,0.7183886581410382,5.206365507886289e-06,-0.1455996932912626,higher turnout,23
block2_same_address_1yr_share,-0.1216655483522363,0.1216655483522363,full_unfiltered_pls,"PLS, full predictor universe",component_1,residential_stability,same address 1yr share,0.7484721922475122,0.121604022189258,-0.1563200718536234,higher turnout,24
block5_school_age_5_17_share,-0.1148027687877492,0.1148027687877492,full_unfiltered_pls,"PLS, full predictor universe",component_1,service_contact,school age 5-17 share,0.881846243930762,0.0087342616737712,-0.197289193792225,higher turnout,25
block5_library_nearest_m,-0.1140330913624634,0.1140330913624634,full_unfiltered_pls,"PLS, full predictor universe",component_1,service_access,library nearest m,0.680128983904333,1.0057477041058538e-05,-0.1373740097025271,higher turnout,26
block5_library_access_1200m,0.1095174802177161,0.1095174802177161,full_unfiltered_pls,"PLS, full predictor universe",component_1,service_access,library access within 1200m,0.6296411080496338,0.0039894061839985,0.1369242416385467,higher turnout,27
block4_provincial_margin,0.1072572259181867,0.1072572259181867,full_unfiltered_pls,"PLS, full predictor universe",component_1,provincial_competitiveness,provincial margin,0.8024452435409177,-0.0500380205230649,0.1842057352059481,lower turnout,28
block5_park_count_1200m,0.0998998222583781,0.0998998222583781,full_unfiltered_pls,"PLS, full predictor universe",component_1,service_access,park count within 1200m,0.5809253870782397,-0.000173605913418,0.1081860610896306,lower turnout,29
block1_age_35_64_share,0.0965036338801857,0.0965036338801857,full_unfiltered_pls,"PLS, full predictor universe",component_1,age_structure,age 35-64 share,0.7078845584349927,-0.1336727241003702,0.1534141927524591,lower turnout,30
block1_low_income_lim_at_share,-0.0912590305208671,0.0912590305208671,full_unfiltered_pls,"PLS, full predictor universe",component_1,household_class,low income share,0.919174732311574,-0.1064668037183354,-0.1991083585229759,lower turnout,31
block2_same_address_5yr_share,-0.0889752678403195,0.0889752678403195,full_unfiltered_pls,"PLS, full predictor universe",component_1,residential_stability,same address 5yr share,0.6442613174177084,-0.0055429268416349,-0.1197215824282485,lower turnout,32
block5_development_applications_2021_2025,0.0867795390933127,0.0867795390933127,full_unfiltered_pls,"PLS, full predictor universe",component_1,service_contact,development applications 2021-2025,0.6660345168105122,0.0003331899281356,0.1197742264217584,higher turnout,33
block5_social_housing_share,-0.0796186473550721,0.0796186473550721,full_unfiltered_pls,"PLS, full predictor universe",component_1,service_contact,social housing share,0.7473637847512891,0.0111880021037325,-0.1906995037869376,higher turnout,34
block4_mayoral_candidate_count_5pct,-0.0777909747666602,0.0777909747666602,full_unfiltered_pls,"PLS, full predictor universe",component_1,mayoral_competitiveness,mayoral candidate count above 5 percent,0.5835035863176945,-0.0016141756989199,-0.1073608176704616,lower turnout,35
block5_requests_311_2023_2025_estimated_count,0.076077726835768,0.076077726835768,full_unfiltered_pls,"PLS, full predictor universe",component_1,service_contact,requests 311 2023 2025 estimated count,0.8444954061003026,1.045213624854593e-05,0.1681797029031864,higher turnout,36
block2_apartments_per_km2,0.0758341182143352,0.0758341182143352,full_unfiltered_pls,"PLS, full predictor universe",component_1,housing_form_density,apartments per km2,0.6729649978691506,4.80899530055314e-07,0.1145971835027193,higher turnout,37
block5_development_applications_2021_2025_per_1000,0.0736381608144793,0.0736381608144793,full_unfiltered_pls,"PLS, full predictor universe",component_1,service_contact,development applications 2021-2025 per 1000,0.6903929832455855,-0.001550375820008,0.0979184698679555,lower turnout,38
block5_requests_311_per_1000,0.0722409345579651,0.0722409345579651,full_unfiltered_pls,"PLS, full predictor universe",component_1,service_contact,requests 311 per 1000,0.7652718950817419,-4.703485433956742e-06,0.1424094041604848,lower turnout,39
block2_apartment_total_count,0.0673573708534859,0.0673573708534859,full_unfiltered_pls,"PLS, full predictor universe",component_1,housing_form_density,apartment total count,0.6339885775658818,4.524412833669714e-06,0.0962623692486411,higher turnout,40
block2_condo_status_total_dwellings,0.0638447476843472,0.0638447476843472,full_unfiltered_pls,"PLS, full predictor universe",component_1,housing_form_density,condo status total dwellings,0.5417085543181436,-3.528287632757631e-06,0.0827031980741296,lower turnout,41
block2_structural_type_total_dwellings,0.0634600969769682,0.0634600969769682,full_unfiltered_pls,"PLS, full predictor universe",component_1,housing_form_density,structural type total dwellings,0.5431720013267841,-4.2339416680413857e-07,0.0837227578401428,lower turnout,42
block2_population_density_per_km2,0.0625316030215389,0.0625316030215389,full_unfiltered_pls,"PLS, full predictor universe",component_1,housing_form_density,population density per km2,0.744099922601799,1.9611257380462778e-06,0.1015516864900301,higher turnout,43
block2_condos_per_km2,0.0600786201109928,0.0600786201109928,full_unfiltered_pls,"PLS, full predictor universe",component_1,housing_form_density,condos per km2,0.5785593369247509,-2.824727080304112e-06,0.0713239176116336,lower turnout,44
block5_tts_overlap_area_m2,-0.0589590660548654,0.0589590660548654,full_unfiltered_pls,"PLS, full predictor universe",component_1,transportation_access,tts overlap area m2,0.6485607648098982,-5.834406232826406e-09,-0.1018882690386049,lower turnout,45
block2_condominium_dwellings_count,0.0540287287205241,0.0540287287205241,full_unfiltered_pls,"PLS, full predictor universe",component_1,housing_form_density,condominium dwellings count,0.5713038998196234,1.331904301537614e-06,0.0712834620017408,higher turnout,46
block2_apartment_duplex_count,-0.0438834346810798,0.0438834346810798,full_unfiltered_pls,"PLS, full predictor universe",component_1,housing_form_density,apartment duplex count,0.8656746688988773,-6.6003896854551245e-06,-0.1695092660464845,lower turnout,47
block2_semi_detached_share,0.0419419625828647,0.0419419625828647,full_unfiltered_pls,"PLS, full predictor universe",component_1,housing_form_density,semi detached share,0.5696319217048027,0.1063669492235196,0.0945253145055546,higher turnout,48
block4_provincial_party_count_5pct,-0.0378300179934256,0.0378300179934256,full_unfiltered_pls,"PLS, full predictor universe",component_1,provincial_competitiveness,provincial party count above 5 percent,0.6880210851317852,-0.0014130939940312,-0.1501506617539185,lower turnout,49
block5_park_nearest_m,0.0343307949349905,0.0343307949349905,full_unfiltered_pls,"PLS, full predictor universe",component_1,service_access,park nearest m,0.3663533225254259,1.3394848697259532e-05,0.06589187924975,higher turnout,50
block2_apartment_share,0.0316576717839648,0.0316576717839648,full_unfiltered_pls,"PLS, full predictor universe",component_1,housing_form_density,apartment share,0.8626403640796838,0.0656613400150529,0.0886137557007385,higher turnout,51
block5_ksi_collision_events_2021_2025_per_1000,0.0308860132773651,0.0308860132773651,full_unfiltered_pls,"PLS, full predictor universe",component_1,service_contact,ksi collision events 2021-2025 per 1000,0.933160581562961,0.0154139707677875,0.1600425004005533,higher turnout,52
block2_apartment_5plus_storeys_count,0.0287510787225377,0.0287510787225377,full_unfiltered_pls,"PLS, full predictor universe",component_1,housing_form_density,apartment 5plus storeys count,0.5660776531523269,4.3985121735472454e-06,0.0353565796377126,higher turnout,53
block1_age_18_34_share,0.0278749454479631,0.0278749454479631,full_unfiltered_pls,"PLS, full predictor universe",component_1,age_structure,age 18-34 share,0.9317264899970372,-0.2031007439902942,-0.1385831769483199,lower turnout,54
block1_median_age,0.0258978334628391,0.0258978334628391,full_unfiltered_pls,"PLS, full predictor universe",component_1,age_structure,median age,1.2683668552473406,-0.0022601964539123,0.252816324948758,lower turnout,55
block2_detached_share,-0.0247865091252201,0.0247865091252201,full_unfiltered_pls,"PLS, full predictor universe",component_1,housing_form_density,detached share,0.7424474869047339,0.0045946988993297,-0.0469963024981276,higher turnout,56
block2_condo_share,0.0191103423297597,0.0191103423297597,full_unfiltered_pls,"PLS, full predictor universe",component_1,housing_form_density,condo share,0.6642805610751094,0.0085054459420476,0.0838192896325982,higher turnout,57
block4_effective_federal_parties_5pct,0.0186877284354854,0.0186877284354854,full_unfiltered_pls,"PLS, full predictor universe",component_1,federal_competitiveness,effective federal parties above 5 percent,0.4163645218384199,0.0322388920237738,-0.0294589848457661,higher turnout,58
block5_transit_commute_share_preferred,0.0155418754263824,0.0155418754263824,full_unfiltered_pls,"PLS, full predictor universe",component_1,transportation_access,transit commute share preferred,0.5375880158907198,-0.0208395537130701,-0.0024300518753355,lower turnout,59
block5_tts_transit_trip_share,0.0155418754263824,0.0155418754263824,full_unfiltered_pls,"PLS, full predictor universe",component_1,transportation_access,tts transit trip share,0.5375880158907198,-0.0208395537130701,-0.0024300518753355,lower turnout,60
block2_renter_share,-0.0102313276872388,0.0102313276872388,full_unfiltered_pls,"PLS, full predictor universe",component_1,housing_tenure,renter share,0.6707614848568206,-0.0393351258923353,-0.0811777605845005,lower turnout,61
block2_owner_share,0.0099606648562039,0.0099606648562039,full_unfiltered_pls,"PLS, full predictor universe",component_1,housing_tenure,owner share,0.6660162010221498,0.0326384900605548,0.0793321298327959,higher turnout,62
block1_age_65_plus_share,-0.009763323933831,0.009763323933831,full_unfiltered_pls,"PLS, full predictor universe",component_1,age_structure,age 65 plus share,1.2193891948939333,0.1874292207473429,0.2133387541635903,higher turnout,63
block4_federal_vote_fragmentation,0.0094788157653753,0.0094788157653753,full_unfiltered_pls,"PLS, full predictor universe",component_1,federal_competitiveness,federal vote fragmentation,0.4364779251405828,-0.1081280515771039,-0.0567092795569962,lower turnout,64
block5_community_centre_count_1200m,0.0078625079608133,0.0078625079608133,full_unfiltered_pls,"PLS, full predictor universe",component_1,service_access,community centre count within 1200m,0.4240512969439813,0.0013710755634545,-0.0402189530079753,higher turnout,65
block5_ksi_collision_events_2021_2025,0.0050716675141295,0.0050716675141295,full_unfiltered_pls,"PLS, full predictor universe",component_1,service_contact,ksi collision events 2021-2025,0.6176868364740915,-0.0055616952339799,-0.0504363746710357,lower turnout,66
block4_provincial_vote_fragmentation,-0.0050469057600538,0.0050469057600538,full_unfiltered_pls,"PLS, full predictor universe",component_1,provincial_competitiveness,provincial vote fragmentation,0.5297926740484911,-0.0459131275206785,-0.061529194929253,lower turnout,67
block5_community_centre_access_1200m,0.0022189924991113,0.0022189924991113,full_unfiltered_pls,"PLS, full predictor universe",component_1,service_access,community centre access within 1200m,0.4947574119258981,-0.0029308065262977,-0.0368155841481312,lower turnout,68
block4_effective_provincial_parties_5pct,-0.0007327974929066,0.0007327974929066,full_unfiltered_pls,"PLS, full predictor universe",component_1,provincial_competitiveness,effective provincial parties above 5 percent,0.5291960870566139,-0.023980149042417,-0.0520026161486258,lower turnout,69
block5_community_centre_nearest_m,-0.0003788960926591,0.0003788960926591,full_unfiltered_pls,"PLS, full predictor universe",component_1,service_access,community centre nearest m,0.5583317814564572,1.001535196043694e-05,0.0632436238742859,higher turnout,70
block1_median_age,0.2903519462139009,0.2903519462139009,full_unfiltered_pls,"PLS, full predictor universe",component_2,age_structure,median age,1.2683668552473406,-0.0022601964539123,0.252816324948758,lower turnout,1
block1_age_18_34_share,-0.2885595631151392,0.2885595631151392,full_unfiltered_pls,"PLS, full predictor universe",component_2,age_structure,age 18-34 share,0.9317264899970372,-0.2031007439902942,-0.1385831769483199,lower turnout,2
block5_tts_no_car_household_share,-0.2646013302758091,0.2646013302758091,full_unfiltered_pls,"PLS, full predictor universe",component_2,transportation_access,tts no car household share,0.8323521638785889,0.0146188325631732,0.1750666880470893,higher turnout,3
block5_no_car_household_share,-0.2646013302758091,0.2646013302758091,full_unfiltered_pls,"PLS, full predictor universe",component_2,transportation_access,no car household share,0.8323521638785889,0.0146188325631732,0.1750666880470893,higher turnout,4
block2_renter_share,-0.2509673548319615,0.2509673548319615,full_unfiltered_pls,"PLS, full predictor universe",component_2,housing_tenure,renter share,0.6707614848568206,-0.0393351258923353,-0.0811777605845005,lower turnout,5
block2_owner_share,0.2506773975365139,0.2506773975365139,full_unfiltered_pls,"PLS, full predictor universe",component_2,housing_tenure,owner share,0.6660162010221498,0.0326384900605548,0.0793321298327959,higher turnout,6
block1_age_65_plus_share,0.2420994433252094,0.2420994433252094,full_unfiltered_pls,"PLS, full predictor universe",component_2,age_structure,age 65 plus share,1.2193891948939333,0.1874292207473429,0.2133387541635903,higher turnout,7
block2_detached_share,0.2339541418504782,0.2339541418504782,full_unfiltered_pls,"PLS, full predictor universe",component_2,housing_form_density,detached share,0.7424474869047339,0.0045946988993297,-0.0469963024981276,higher turnout,8
block2_apartment_share,-0.2332893346131478,0.2332893346131478,full_unfiltered_pls,"PLS, full predictor universe",component_2,housing_form_density,apartment share,0.8626403640796838,0.0656613400150529,0.0886137557007385,higher turnout,9
block2_apartment_total_count,-0.223819503749787,0.223819503749787,full_unfiltered_pls,"PLS, full predictor universe",component_2,housing_form_density,apartment total count,0.6339885775658818,4.524412833669714e-06,0.0962623692486411,higher turnout,10
block2_population_density_per_km2,-0.22178145632995,0.22178145632995,full_unfiltered_pls,"PLS, full predictor universe",component_2,housing_form_density,population density per km2,0.744099922601799,1.9611257380462778e-06,0.1015516864900301,higher turnout,11
block5_shelter_count_1200m,-0.2203890419509469,0.2203890419509469,full_unfiltered_pls,"PLS, full predictor universe",component_2,service_access,shelter count within 1200m,0.81804117762369,-0.0054847267083613,0.0819292154021431,lower turnout,12
block2_same_address_5yr_share,0.2200444644285998,0.2200444644285998,full_unfiltered_pls,"PLS, full predictor universe",component_2,residential_stability,same address 5yr share,0.6442613174177084,-0.0055429268416349,-0.1197215824282485,lower turnout,13
block2_apartments_per_km2,-0.2169522876104707,0.2169522876104707,full_unfiltered_pls,"PLS, full predictor universe",component_2,housing_form_density,apartments per km2,0.6729649978691506,4.80899530055314e-07,0.1145971835027193,higher turnout,14
block2_same_address_1yr_share,0.2148503454709995,0.2148503454709995,full_unfiltered_pls,"PLS, full predictor universe",component_2,residential_stability,same address 1yr share,0.7484721922475122,0.121604022189258,-0.1563200718536234,higher turnout,15
block3_non_citizen_share,-0.2081427710175199,0.2081427710175199,full_unfiltered_pls,"PLS, full predictor universe",component_2,immigration_citizenship,non citizen share,1.5343079872071526,-0.1335175556642966,-0.4172089393130335,lower turnout,16
block1_low_income_lim_at_share,-0.2072812201024891,0.2072812201024891,full_unfiltered_pls,"PLS, full predictor universe",component_2,household_class,low income share,0.919174732311574,-0.1064668037183354,-0.1991083585229759,lower turnout,17
block2_apartment_5plus_storeys_count,-0.2036074215067444,0.2036074215067444,full_unfiltered_pls,"PLS, full predictor universe",component_2,housing_form_density,apartment 5plus storeys count,0.5660776531523269,4.3985121735472454e-06,0.0353565796377126,higher turnout,18
block3_citizen_adult_share,0.1944920734330798,0.1944920734330798,full_unfiltered_pls,"PLS, full predictor universe",component_2,immigration_citizenship,citizen adult share,1.4006876047880097,-0.1913319702767836,0.3529129517446247,lower turnout,19
block3_recent_immigrant_share,-0.1917266219190778,0.1917266219190778,full_unfiltered_pls,"PLS, full predictor universe",component_2,immigration_citizenship,recent immigrant share,1.2265590306069127,-0.1283550755802563,-0.3169936522850532,lower turnout,20
block5_shelter_access_1200m,-0.1903170124252761,0.1903170124252761,full_unfiltered_pls,"PLS, full predictor universe",component_2,service_access,shelter access within 1200m,0.7278811838262331,0.00862737829869,0.139289468908494,higher turnout,21
block5_transit_commute_share_preferred,-0.1841095095771129,0.1841095095771129,full_unfiltered_pls,"PLS, full predictor universe",component_2,transportation_access,transit commute share preferred,0.5375880158907198,-0.0208395537130701,-0.0024300518753355,lower turnout,22
block5_tts_transit_trip_share,-0.1841095095771129,0.1841095095771129,full_unfiltered_pls,"PLS, full predictor universe",component_2,transportation_access,tts transit trip share,0.5375880158907198,-0.0208395537130701,-0.0024300518753355,lower turnout,23
block4_federal_party_count_5pct,-0.1829827567014071,0.1829827567014071,full_unfiltered_pls,"PLS, full predictor universe",component_2,federal_competitiveness,federal party count above 5 percent,0.9124670723273868,-0.012560245829568,0.2058588649673379,lower turnout,24
block5_library_count_1200m,-0.1801491382599257,0.1801491382599257,full_unfiltered_pls,"PLS, full predictor universe",component_2,service_access,library count within 1200m,0.9904279206021056,-0.0031799903121342,0.245558592268723,lower turnout,25
block5_shelter_nearest_m,0.1780277565054066,0.1780277565054066,full_unfiltered_pls,"PLS, full predictor universe",component_2,service_access,shelter nearest m,0.7183886581410382,5.206365507886289e-06,-0.1455996932912626,higher turnout,26
block2_structural_type_total_dwellings,-0.1758959118507105,0.1758959118507105,full_unfiltered_pls,"PLS, full predictor universe",component_2,housing_form_density,structural type total dwellings,0.5431720013267841,-4.2339416680413857e-07,0.0837227578401428,lower turnout,27
block2_condo_status_total_dwellings,-0.1753913040068388,0.1753913040068388,full_unfiltered_pls,"PLS, full predictor universe",component_2,housing_form_density,condo status total dwellings,0.5417085543181436,-3.528287632757631e-06,0.0827031980741296,lower turnout,28
block2_condos_per_km2,-0.1694050175042222,0.1694050175042222,full_unfiltered_pls,"PLS, full predictor universe",component_2,housing_form_density,condos per km2,0.5785593369247509,-2.824727080304112e-06,0.0713239176116336,lower turnout,29
block2_condominium_dwellings_count,-0.1530572447879151,0.1530572447879151,full_unfiltered_pls,"PLS, full predictor universe",component_2,housing_form_density,condominium dwellings count,0.5713038998196234,1.331904301537614e-06,0.0712834620017408,higher turnout,30
block4_provincial_party_count_5pct,-0.1477486019173775,0.1477486019173775,full_unfiltered_pls,"PLS, full predictor universe",component_2,provincial_competitiveness,provincial party count above 5 percent,0.6880210851317852,-0.0014130939940312,-0.1501506617539185,lower turnout,31
block4_provincial_vote_fragmentation,-0.1414702198382135,0.1414702198382135,full_unfiltered_pls,"PLS, full predictor universe",component_2,provincial_competitiveness,provincial vote fragmentation,0.5297926740484911,-0.0459131275206785,-0.061529194929253,lower turnout,32
block1_average_household_size,0.1381206967616216,0.1381206967616216,full_unfiltered_pls,"PLS, full predictor universe",component_2,household_class,average household size,1.8339381518465088,-0.051503601170769,-0.4853694431785831,lower turnout,33
block5_library_nearest_m,0.1378405773425887,0.1378405773425887,full_unfiltered_pls,"PLS, full predictor universe",component_2,service_access,library nearest m,0.680128983904333,1.0057477041058538e-05,-0.1373740097025271,higher turnout,34
block4_effective_provincial_parties_5pct,-0.1375856489113172,0.1375856489113172,full_unfiltered_pls,"PLS, full predictor universe",component_2,provincial_competitiveness,effective provincial parties above 5 percent,0.5291960870566139,-0.023980149042417,-0.0520026161486258,lower turnout,35
block4_federal_margin,-0.1353785105107498,0.1353785105107498,full_unfiltered_pls,"PLS, full predictor universe",component_2,federal_competitiveness,federal margin,1.0653576032644425,0.1200175923572764,0.2722933309313181,higher turnout,36
block5_school_age_5_17_share,0.1336209602628802,0.1336209602628802,full_unfiltered_pls,"PLS, full predictor universe",component_2,service_contact,school age 5-17 share,0.881846243930762,0.0087342616737712,-0.197289193792225,higher turnout,37
block1_unemployment_rate_share,-0.1303759895585587,0.1303759895585587,full_unfiltered_pls,"PLS, full predictor universe",component_2,household_class,unemployment rate share,1.9343897368501288,-0.0026525534119159,-0.5317030955586906,lower turnout,38
block5_park_count_1200m,-0.1237375340308889,0.1237375340308889,full_unfiltered_pls,"PLS, full predictor universe",component_2,service_access,park count within 1200m,0.5809253870782397,-0.000173605913418,0.1081860610896306,lower turnout,39
block5_library_access_1200m,-0.120975718969948,0.120975718969948,full_unfiltered_pls,"PLS, full predictor universe",component_2,service_access,library access within 1200m,0.6296411080496338,0.0039894061839985,0.1369242416385467,higher turnout,40
block5_community_centre_nearest_m,0.1074282019847139,0.1074282019847139,full_unfiltered_pls,"PLS, full predictor universe",component_2,service_access,community centre nearest m,0.5583317814564572,1.001535196043694e-05,0.0632436238742859,higher turnout,41
block4_federal_vote_fragmentation,-0.1034221322675079,0.1034221322675079,full_unfiltered_pls,"PLS, full predictor universe",component_2,federal_competitiveness,federal vote fragmentation,0.4364779251405828,-0.1081280515771039,-0.0567092795569962,lower turnout,42
block4_effective_federal_parties_5pct,-0.1021786218641013,0.1021786218641013,full_unfiltered_pls,"PLS, full predictor universe",component_2,federal_competitiveness,effective federal parties above 5 percent,0.4163645218384199,0.0322388920237738,-0.0294589848457661,higher turnout,43
block5_tts_overlap_area_m2,0.1001475745329741,0.1001475745329741,full_unfiltered_pls,"PLS, full predictor universe",component_2,transportation_access,tts overlap area m2,0.6485607648098982,-5.834406232826406e-09,-0.1018882690386049,lower turnout,44
block4_mayoral_candidate_count_5pct,0.099116909054677,0.099116909054677,full_unfiltered_pls,"PLS, full predictor universe",component_2,mayoral_competitiveness,mayoral candidate count above 5 percent,0.5835035863176945,-0.0016141756989199,-0.1073608176704616,lower turnout,45
block3_visible_minority_share,-0.0988588971372724,0.0988588971372724,full_unfiltered_pls,"PLS, full predictor universe",component_2,immigration_citizenship,visible minority share,2.286269532925811,-0.103450336145175,-0.641719581625304,lower turnout,46
block2_condo_share,-0.0962636782391238,0.0962636782391238,full_unfiltered_pls,"PLS, full predictor universe",component_2,housing_form_density,condo share,0.6642805610751094,0.0085054459420476,0.0838192896325982,higher turnout,47
block5_development_applications_2021_2025,-0.0951112054673382,0.0951112054673382,full_unfiltered_pls,"PLS, full predictor universe",component_2,service_contact,development applications 2021-2025,0.6660345168105122,0.0003331899281356,0.1197742264217584,higher turnout,48
block5_community_centre_count_1200m,-0.0891061047078891,0.0891061047078891,full_unfiltered_pls,"PLS, full predictor universe",component_2,service_access,community centre count within 1200m,0.4240512969439813,0.0013710755634545,-0.0402189530079753,higher turnout,49
block5_social_housing_share,-0.0877277513749356,0.0877277513749356,full_unfiltered_pls,"PLS, full predictor universe",component_2,service_contact,social housing share,0.7473637847512891,0.0111880021037325,-0.1906995037869376,higher turnout,50
block5_community_centre_access_1200m,-0.0785762886980255,0.0785762886980255,full_unfiltered_pls,"PLS, full predictor universe",component_2,service_access,community centre access within 1200m,0.4947574119258981,-0.0029308065262977,-0.0368155841481312,lower turnout,51
block5_requests_311_2023_2025_estimated_count,0.073814719150182,0.073814719150182,full_unfiltered_pls,"PLS, full predictor universe",component_2,service_contact,requests 311 2023 2025 estimated count,0.8444954061003026,1.045213624854593e-05,0.1681797029031864,higher turnout,52
block5_requests_311_per_1000,0.0675888822361719,0.0675888822361719,full_unfiltered_pls,"PLS, full predictor universe",component_2,service_contact,requests 311 per 1000,0.7652718950817419,-4.703485433956742e-06,0.1424094041604848,lower turnout,53
block2_apartment_lt5_storeys_count,-0.0666071615803253,0.0666071615803253,full_unfiltered_pls,"PLS, full predictor universe",component_2,housing_form_density,apartment lt5 storeys count,1.034255130143337,1.61509738780095e-07,0.2749210675143693,higher turnout,54
block4_mayoral_top_two_margin,-0.0623230108958276,0.0623230108958276,full_unfiltered_pls,"PLS, full predictor universe",component_2,mayoral_competitiveness,mayoral top two margin,1.1511798391382846,-0.0199637605256995,0.2880791954472449,lower turnout,55
block4_mayoral_winner_margin,-0.0623230108958276,0.0623230108958276,full_unfiltered_pls,"PLS, full predictor universe",component_2,mayoral_competitiveness,mayoral winner margin,1.1511798391382846,-0.0199637605256995,0.2880791954472449,lower turnout,56
block5_ksi_collision_events_2021_2025,-0.052106887269993,0.052106887269993,full_unfiltered_pls,"PLS, full predictor universe",component_2,service_contact,ksi collision events 2021-2025,0.6176868364740915,-0.0055616952339799,-0.0504363746710357,lower turnout,57
block1_age_35_64_share,0.0454925913698118,0.0454925913698118,full_unfiltered_pls,"PLS, full predictor universe",component_2,age_structure,age 35-64 share,0.7078845584349927,-0.1336727241003702,0.1534141927524591,lower turnout,58
block3_immigrant_share,-0.0415482741687481,0.0415482741687481,full_unfiltered_pls,"PLS, full predictor universe",component_2,immigration_citizenship,immigrant share,2.0305779894299376,-0.0623192461449433,-0.5732688168347703,lower turnout,59
block3_non_official_mother_tongue_share,-0.0409195279451179,0.0409195279451179,full_unfiltered_pls,"PLS, full predictor universe",component_2,immigration_citizenship,non official mother tongue share,1.7512500539067448,0.0258167373625631,-0.4913579538945768,higher turnout,60
block5_ksi_collision_events_2021_2025_per_1000,0.0357478965829022,0.0357478965829022,full_unfiltered_pls,"PLS, full predictor universe",component_2,service_contact,ksi collision events 2021-2025 per 1000,0.933160581562961,0.0154139707677875,0.1600425004005533,higher turnout,61
block4_mayoral_vote_fragmentation,0.0339925824287826,0.0339925824287826,full_unfiltered_pls,"PLS, full predictor universe",component_2,mayoral_competitiveness,mayoral vote fragmentation,1.7746629677356136,0.0550018546285246,-0.4947655902228703,higher turnout,62
block2_semi_detached_share,0.0272462962776022,0.0272462962776022,full_unfiltered_pls,"PLS, full predictor universe",component_2,housing_form_density,semi detached share,0.5696319217048027,0.1063669492235196,0.0945253145055546,higher turnout,63
block1_bachelors_or_higher_25_64_share,0.0272135754148709,0.0272135754148709,full_unfiltered_pls,"PLS, full predictor universe",component_2,household_class,bachelors or higher 25-64 share,1.9845187827035136,0.0584508741505875,0.5538351812081346,higher turnout,64
block5_park_nearest_m,0.0207459152453685,0.0207459152453685,full_unfiltered_pls,"PLS, full predictor universe",component_2,service_access,park nearest m,0.3663533225254259,1.3394848697259532e-05,0.06589187924975,higher turnout,65
block4_provincial_margin,-0.0199939762883384,0.0199939762883384,full_unfiltered_pls,"PLS, full predictor universe",component_2,provincial_competitiveness,provincial margin,0.8024452435409177,-0.0500380205230649,0.1842057352059481,lower turnout,66
block4_effective_mayoral_candidates_5pct,0.0162628524447855,0.0162628524447855,full_unfiltered_pls,"PLS, full predictor universe",component_2,mayoral_competitiveness,effective mayoral candidates above 5 percent,1.9072643909961928,-0.0262471441850547,-0.5348452867055592,lower turnout,67
block3_english_french_knowledge_share,-0.0131200489210008,0.0131200489210008,full_unfiltered_pls,"PLS, full predictor universe",component_2,immigration_citizenship,english french knowledge share,0.9691090462988766,0.1148448698570238,0.2657182066635518,higher turnout,68
block2_apartment_duplex_count,0.0109346097807838,0.0109346097807838,full_unfiltered_pls,"PLS, full predictor universe",component_2,housing_form_density,apartment duplex count,0.8656746688988773,-6.6003896854551245e-06,-0.1695092660464845,lower turnout,69
block5_development_applications_2021_2025_per_1000,-0.0051779456570386,0.0051779456570386,full_unfiltered_pls,"PLS, full predictor universe",component_2,service_contact,development applications 2021-2025 per 1000,0.6903929832455855,-0.001550375820008,0.0979184698679555,lower turnout,70
block2_condo_share,0.2858234620651626,0.2858234620651626,full_unfiltered_pls,"PLS, full predictor universe",component_3,housing_form_density,condo share,0.6642805610751094,0.0085054459420476,0.0838192896325982,higher turnout,1
block2_apartment_share,0.2741104485444691,0.2741104485444691,full_unfiltered_pls,"PLS, full predictor universe",component_3,housing_form_density,apartment share,0.8626403640796838,0.0656613400150529,0.0886137557007385,higher turnout,2
block2_apartment_5plus_storeys_count,0.2714275253911417,0.2714275253911417,full_unfiltered_pls,"PLS, full predictor universe",component_3,housing_form_density,apartment 5plus storeys count,0.5660776531523269,4.3985121735472454e-06,0.0353565796377126,higher turnout,3
block2_apartment_total_count,0.2472614872208269,0.2472614872208269,full_unfiltered_pls,"PLS, full predictor universe",component_3,housing_form_density,apartment total count,0.6339885775658818,4.524412833669714e-06,0.0962623692486411,higher turnout,4
block1_average_household_size,-0.2468325168527943,0.2468325168527943,full_unfiltered_pls,"PLS, full predictor universe",component_3,household_class,average household size,1.8339381518465088,-0.051503601170769,-0.4853694431785831,lower turnout,5
block2_condominium_dwellings_count,0.2369907271031794,0.2369907271031794,full_unfiltered_pls,"PLS, full predictor universe",component_3,housing_form_density,condominium dwellings count,0.5713038998196234,1.331904301537614e-06,0.0712834620017408,higher turnout,6
block2_same_address_5yr_share,-0.2214393397872417,0.2214393397872417,full_unfiltered_pls,"PLS, full predictor universe",component_3,residential_stability,same address 5yr share,0.6442613174177084,-0.0055429268416349,-0.1197215824282485,lower turnout,7
block3_recent_immigrant_share,0.2166321158512473,0.2166321158512473,full_unfiltered_pls,"PLS, full predictor universe",component_3,immigration_citizenship,recent immigrant share,1.2265590306069127,-0.1283550755802563,-0.3169936522850532,lower turnout,8
block2_apartments_per_km2,0.2151374460082388,0.2151374460082388,full_unfiltered_pls,"PLS, full predictor universe",component_3,housing_form_density,apartments per km2,0.6729649978691506,4.80899530055314e-07,0.1145971835027193,higher turnout,9
block2_condos_per_km2,0.2149235056227435,0.2149235056227435,full_unfiltered_pls,"PLS, full predictor universe",component_3,housing_form_density,condos per km2,0.5785593369247509,-2.824727080304112e-06,0.0713239176116336,lower turnout,10
block2_apartment_duplex_count,-0.2102626560048847,0.2102626560048847,full_unfiltered_pls,"PLS, full predictor universe",component_3,housing_form_density,apartment duplex count,0.8656746688988773,-6.6003896854551245e-06,-0.1695092660464845,lower turnout,11
block2_detached_share,-0.2047235756841914,0.2047235756841914,full_unfiltered_pls,"PLS, full predictor universe",component_3,housing_form_density,detached share,0.7424474869047339,0.0045946988993297,-0.0469963024981276,higher turnout,12
block5_school_age_5_17_share,-0.2021017035028361,0.2021017035028361,full_unfiltered_pls,"PLS, full predictor universe",component_3,service_contact,school age 5-17 share,0.881846243930762,0.0087342616737712,-0.197289193792225,higher turnout,13
block2_population_density_per_km2,0.1934481456125978,0.1934481456125978,full_unfiltered_pls,"PLS, full predictor universe",component_3,housing_form_density,population density per km2,0.744099922601799,1.9611257380462778e-06,0.1015516864900301,higher turnout,14
block2_same_address_1yr_share,-0.1933249543784686,0.1933249543784686,full_unfiltered_pls,"PLS, full predictor universe",component_3,residential_stability,same address 1yr share,0.7484721922475122,0.121604022189258,-0.1563200718536234,higher turnout,15
block2_condo_status_total_dwellings,0.1864893833640927,0.1864893833640927,full_unfiltered_pls,"PLS, full predictor universe",component_3,housing_form_density,condo status total dwellings,0.5417085543181436,-3.528287632757631e-06,0.0827031980741296,lower turnout,16
block2_structural_type_total_dwellings,0.1860434529968829,0.1860434529968829,full_unfiltered_pls,"PLS, full predictor universe",component_3,housing_form_density,structural type total dwellings,0.5431720013267841,-4.2339416680413857e-07,0.0837227578401428,lower turnout,17
block1_low_income_lim_at_share,0.180836156067202,0.180836156067202,full_unfiltered_pls,"PLS, full predictor universe",component_3,household_class,low income share,0.919174732311574,-0.1064668037183354,-0.1991083585229759,lower turnout,18
block1_age_35_64_share,-0.1792444822544119,0.1792444822544119,full_unfiltered_pls,"PLS, full predictor universe",component_3,age_structure,age 35-64 share,0.7078845584349927,-0.1336727241003702,0.1534141927524591,lower turnout,19
block3_non_citizen_share,0.1760894103787647,0.1760894103787647,full_unfiltered_pls,"PLS, full predictor universe",component_3,immigration_citizenship,non citizen share,1.5343079872071526,-0.1335175556642966,-0.4172089393130335,lower turnout,20
block3_citizen_adult_share,-0.1675543998582569,0.1675543998582569,full_unfiltered_pls,"PLS, full predictor universe",component_3,immigration_citizenship,citizen adult share,1.4006876047880097,-0.1913319702767836,0.3529129517446247,lower turnout,21
block2_owner_share,-0.135173858636533,0.135173858636533,full_unfiltered_pls,"PLS, full predictor universe",component_3,housing_tenure,owner share,0.6660162010221498,0.0326384900605548,0.0793321298327959,higher turnout,22
block2_semi_detached_share,-0.1350864976550164,0.1350864976550164,full_unfiltered_pls,"PLS, full predictor universe",component_3,housing_form_density,semi detached share,0.5696319217048027,0.1063669492235196,0.0945253145055546,higher turnout,23
block2_renter_share,0.1347752964776006,0.1347752964776006,full_unfiltered_pls,"PLS, full predictor universe",component_3,housing_tenure,renter share,0.6707614848568206,-0.0393351258923353,-0.0811777605845005,lower turnout,24
block1_age_65_plus_share,0.1344860626023594,0.1344860626023594,full_unfiltered_pls,"PLS, full predictor universe",component_3,age_structure,age 65 plus share,1.2193891948939333,0.1874292207473429,0.2133387541635903,higher turnout,25
block1_bachelors_or_higher_25_64_share,0.1217626092315327,0.1217626092315327,full_unfiltered_pls,"PLS, full predictor universe",component_3,household_class,bachelors or higher 25-64 share,1.9845187827035136,0.0584508741505875,0.5538351812081346,higher turnout,26
block3_immigrant_share,0.1074403101668023,0.1074403101668023,full_unfiltered_pls,"PLS, full predictor universe",component_3,immigration_citizenship,immigrant share,2.0305779894299376,-0.0623192461449433,-0.5732688168347703,lower turnout,27
block3_non_official_mother_tongue_share,0.1050119857557444,0.1050119857557444,full_unfiltered_pls,"PLS, full predictor universe",component_3,immigration_citizenship,non official mother tongue share,1.7512500539067448,0.0258167373625631,-0.4913579538945768,higher turnout,28
block4_provincial_margin,-0.0987655582204988,0.0987655582204988,full_unfiltered_pls,"PLS, full predictor universe",component_3,provincial_competitiveness,provincial margin,0.8024452435409177,-0.0500380205230649,0.1842057352059481,lower turnout,29
block4_mayoral_top_two_margin,-0.0987467746668299,0.0987467746668299,full_unfiltered_pls,"PLS, full predictor universe",component_3,mayoral_competitiveness,mayoral top two margin,1.1511798391382846,-0.0199637605256995,0.2880791954472449,lower turnout,30
block4_mayoral_winner_margin,-0.0987467746668299,0.0987467746668299,full_unfiltered_pls,"PLS, full predictor universe",component_3,mayoral_competitiveness,mayoral winner margin,1.1511798391382846,-0.0199637605256995,0.2880791954472449,lower turnout,31
block1_age_18_34_share,0.0943696323136293,0.0943696323136293,full_unfiltered_pls,"PLS, full predictor universe",component_3,age_structure,age 18-34 share,0.9317264899970372,-0.2031007439902942,-0.1385831769483199,lower turnout,32
block5_no_car_household_share,0.0838332203910323,0.0838332203910323,full_unfiltered_pls,"PLS, full predictor universe",component_3,transportation_access,no car household share,0.8323521638785889,0.0146188325631732,0.1750666880470893,higher turnout,33
block5_tts_no_car_household_share,0.0838332203910323,0.0838332203910323,full_unfiltered_pls,"PLS, full predictor universe",component_3,transportation_access,tts no car household share,0.8323521638785889,0.0146188325631732,0.1750666880470893,higher turnout,34
block1_unemployment_rate_share,-0.0801156842517176,0.0801156842517176,full_unfiltered_pls,"PLS, full predictor universe",component_3,household_class,unemployment rate share,1.9343897368501288,-0.0026525534119159,-0.5317030955586906,lower turnout,35
block5_transit_commute_share_preferred,0.0767402784890407,0.0767402784890407,full_unfiltered_pls,"PLS, full predictor universe",component_3,transportation_access,transit commute share preferred,0.5375880158907198,-0.0208395537130701,-0.0024300518753355,lower turnout,36
block5_tts_transit_trip_share,0.0767402784890407,0.0767402784890407,full_unfiltered_pls,"PLS, full predictor universe",component_3,transportation_access,tts transit trip share,0.5375880158907198,-0.0208395537130701,-0.0024300518753355,lower turnout,37
block4_federal_party_count_5pct,-0.0755480069456419,0.0755480069456419,full_unfiltered_pls,"PLS, full predictor universe",component_3,federal_competitiveness,federal party count above 5 percent,0.9124670723273868,-0.012560245829568,0.2058588649673379,lower turnout,38
block5_requests_311_2023_2025_estimated_count,-0.0748313449132642,0.0748313449132642,full_unfiltered_pls,"PLS, full predictor universe",component_3,service_contact,requests 311 2023 2025 estimated count,0.8444954061003026,1.045213624854593e-05,0.1681797029031864,higher turnout,39
block4_effective_federal_parties_5pct,-0.071233146874925,0.071233146874925,full_unfiltered_pls,"PLS, full predictor universe",component_3,federal_competitiveness,effective federal parties above 5 percent,0.4163645218384199,0.0322388920237738,-0.0294589848457661,higher turnout,40
block1_median_age,0.0697628377621646,0.0697628377621646,full_unfiltered_pls,"PLS, full predictor universe",component_3,age_structure,median age,1.2683668552473406,-0.0022601964539123,0.252816324948758,lower turnout,41
block5_tts_overlap_area_m2,-0.0690831916511552,0.0690831916511552,full_unfiltered_pls,"PLS, full predictor universe",component_3,transportation_access,tts overlap area m2,0.6485607648098982,-5.834406232826406e-09,-0.1018882690386049,lower turnout,42
block4_federal_vote_fragmentation,-0.0656642213056457,0.0656642213056457,full_unfiltered_pls,"PLS, full predictor universe",component_3,federal_competitiveness,federal vote fragmentation,0.4364779251405828,-0.1081280515771039,-0.0567092795569962,lower turnout,43
block4_mayoral_vote_fragmentation,0.0629965598145239,0.0629965598145239,full_unfiltered_pls,"PLS, full predictor universe",component_3,mayoral_competitiveness,mayoral vote fragmentation,1.7746629677356136,0.0550018546285246,-0.4947655902228703,higher turnout,44
block5_ksi_collision_events_2021_2025_per_1000,0.061130928998425,0.061130928998425,full_unfiltered_pls,"PLS, full predictor universe",component_3,service_contact,ksi collision events 2021-2025 per 1000,0.933160581562961,0.0154139707677875,0.1600425004005533,higher turnout,45
block4_federal_margin,-0.0575746721989639,0.0575746721989639,full_unfiltered_pls,"PLS, full predictor universe",component_3,federal_competitiveness,federal margin,1.0653576032644425,0.1200175923572764,0.2722933309313181,higher turnout,46
block4_mayoral_candidate_count_5pct,0.0559351217140982,0.0559351217140982,full_unfiltered_pls,"PLS, full predictor universe",component_3,mayoral_competitiveness,mayoral candidate count above 5 percent,0.5835035863176945,-0.0016141756989199,-0.1073608176704616,lower turnout,47
block5_development_applications_2021_2025,0.054861043408248,0.054861043408248,full_unfiltered_pls,"PLS, full predictor universe",component_3,service_contact,development applications 2021-2025,0.6660345168105122,0.0003331899281356,0.1197742264217584,higher turnout,48
block2_apartment_lt5_storeys_count,-0.0512815480128844,0.0512815480128844,full_unfiltered_pls,"PLS, full predictor universe",component_3,housing_form_density,apartment lt5 storeys count,1.034255130143337,1.61509738780095e-07,0.2749210675143693,higher turnout,49
block5_park_nearest_m,-0.0490385227240669,0.0490385227240669,full_unfiltered_pls,"PLS, full predictor universe",component_3,service_access,park nearest m,0.3663533225254259,1.3394848697259532e-05,0.06589187924975,higher turnout,50
block3_visible_minority_share,0.0464942434041456,0.0464942434041456,full_unfiltered_pls,"PLS, full predictor universe",component_3,immigration_citizenship,visible minority share,2.286269532925811,-0.103450336145175,-0.641719581625304,lower turnout,51
block4_effective_mayoral_candidates_5pct,0.0410397683865981,0.0410397683865981,full_unfiltered_pls,"PLS, full predictor universe",component_3,mayoral_competitiveness,effective mayoral candidates above 5 percent,1.9072643909961928,-0.0262471441850547,-0.5348452867055592,lower turnout,52
block4_provincial_vote_fragmentation,0.0365288804775015,0.0365288804775015,full_unfiltered_pls,"PLS, full predictor universe",component_3,provincial_competitiveness,provincial vote fragmentation,0.5297926740484911,-0.0459131275206785,-0.061529194929253,lower turnout,53
block4_effective_provincial_parties_5pct,0.0362375621286856,0.0362375621286856,full_unfiltered_pls,"PLS, full predictor universe",component_3,provincial_competitiveness,effective provincial parties above 5 percent,0.5291960870566139,-0.023980149042417,-0.0520026161486258,lower turnout,54
block5_library_count_1200m,-0.0358048464843041,0.0358048464843041,full_unfiltered_pls,"PLS, full predictor universe",component_3,service_access,library count within 1200m,0.9904279206021056,-0.0031799903121342,0.245558592268723,lower turnout,55
block5_community_centre_count_1200m,-0.0333456080414305,0.0333456080414305,full_unfiltered_pls,"PLS, full predictor universe",component_3,service_access,community centre count within 1200m,0.4240512969439813,0.0013710755634545,-0.0402189530079753,higher turnout,56
block5_social_housing_share,-0.0330281875164579,0.0330281875164579,full_unfiltered_pls,"PLS, full predictor universe",component_3,service_contact,social housing share,0.7473637847512891,0.0111880021037325,-0.1906995037869376,higher turnout,57
block5_library_access_1200m,-0.032993495001732,0.032993495001732,full_unfiltered_pls,"PLS, full predictor universe",component_3,service_access,library access within 1200m,0.6296411080496338,0.0039894061839985,0.1369242416385467,higher turnout,58
block5_park_count_1200m,0.0266022304889504,0.0266022304889504,full_unfiltered_pls,"PLS, full predictor universe",component_3,service_access,park count within 1200m,0.5809253870782397,-0.000173605913418,0.1081860610896306,lower turnout,59
block5_requests_311_per_1000,-0.0209185756078075,0.0209185756078075,full_unfiltered_pls,"PLS, full predictor universe",component_3,service_contact,requests 311 per 1000,0.7652718950817419,-4.703485433956742e-06,0.1424094041604848,lower turnout,60
block5_library_nearest_m,0.0205010621739125,0.0205010621739125,full_unfiltered_pls,"PLS, full predictor universe",component_3,service_access,library nearest m,0.680128983904333,1.0057477041058538e-05,-0.1373740097025271,higher turnout,61
block5_shelter_access_1200m,-0.0144006815776015,0.0144006815776015,full_unfiltered_pls,"PLS, full predictor universe",component_3,service_access,shelter access within 1200m,0.7278811838262331,0.00862737829869,0.139289468908494,higher turnout,62
block5_ksi_collision_events_2021_2025,0.0117390547571528,0.0117390547571528,full_unfiltered_pls,"PLS, full predictor universe",component_3,service_contact,ksi collision events 2021-2025,0.6176868364740915,-0.0055616952339799,-0.0504363746710357,lower turnout,63
block5_community_centre_access_1200m,0.007232030197731,0.007232030197731,full_unfiltered_pls,"PLS, full predictor universe",component_3,service_access,community centre access within 1200m,0.4947574119258981,-0.0029308065262977,-0.0368155841481312,lower turnout,64
block4_provincial_party_count_5pct,-0.0072229120064895,0.0072229120064895,full_unfiltered_pls,"PLS, full predictor universe",component_3,provincial_competitiveness,provincial party count above 5 percent,0.6880210851317852,-0.0014130939940312,-0.1501506617539185,lower turnout,65
block3_english_french_knowledge_share,-0.0037408460573115,0.0037408460573115,full_unfiltered_pls,"PLS, full predictor universe",component_3,immigration_citizenship,english french knowledge share,0.9691090462988766,0.1148448698570238,0.2657182066635518,higher turnout,66
block5_community_centre_nearest_m,0.0030535823097356,0.0030535823097356,full_unfiltered_pls,"PLS, full predictor universe",component_3,service_access,community centre nearest m,0.5583317814564572,1.001535196043694e-05,0.0632436238742859,higher turnout,67
block5_development_applications_2021_2025_per_1000,0.0028140716461629,0.0028140716461629,full_unfiltered_pls,"PLS, full predictor universe",component_3,service_contact,development applications 2021-2025 per 1000,0.6903929832455855,-0.001550375820008,0.0979184698679555,lower turnout,68
block5_shelter_nearest_m,-0.0020169415259972,0.0020169415259972,full_unfiltered_pls,"PLS, full predictor universe",component_3,service_access,shelter nearest m,0.7183886581410382,5.206365507886289e-06,-0.1455996932912626,higher turnout,69
block5_shelter_count_1200m,1.3074973013051852e-05,1.3074973013051852e-05,full_unfiltered_pls,"PLS, full predictor universe",component_3,service_access,shelter count within 1200m,0.81804117762369,-0.0054847267083613,0.0819292154021431,lower turnout,70
block2_condominium_dwellings_count,-0.2891669154188865,0.2891669154188865,full_unfiltered_pls,"PLS, full predictor universe",component_4,housing_form_density,condominium dwellings count,0.5713038998196234,1.331904301537614e-06,0.0712834620017408,higher turnout,1
block5_transit_commute_share_preferred,0.2299481513576845,0.2299481513576845,full_unfiltered_pls,"PLS, full predictor universe",component_4,transportation_access,transit commute share preferred,0.5375880158907198,-0.0208395537130701,-0.0024300518753355,lower turnout,2
block5_tts_transit_trip_share,0.2299481513576845,0.2299481513576845,full_unfiltered_pls,"PLS, full predictor universe",component_4,transportation_access,tts transit trip share,0.5375880158907198,-0.0208395537130701,-0.0024300518753355,lower turnout,3
block2_condos_per_km2,-0.2268764255711239,0.2268764255711239,full_unfiltered_pls,"PLS, full predictor universe",component_4,housing_form_density,condos per km2,0.5785593369247509,-2.824727080304112e-06,0.0713239176116336,lower turnout,4
block1_age_18_34_share,-0.2263581971309581,0.2263581971309581,full_unfiltered_pls,"PLS, full predictor universe",component_4,age_structure,age 18-34 share,0.9317264899970372,-0.2031007439902942,-0.1385831769483199,lower turnout,5
block2_condo_share,-0.2154324058497819,0.2154324058497819,full_unfiltered_pls,"PLS, full predictor universe",component_4,housing_form_density,condo share,0.6642805610751094,0.0085054459420476,0.0838192896325982,higher turnout,6
block2_same_address_1yr_share,0.2021176072706609,0.2021176072706609,full_unfiltered_pls,"PLS, full predictor universe",component_4,residential_stability,same address 1yr share,0.7484721922475122,0.121604022189258,-0.1563200718536234,higher turnout,7
block2_semi_detached_share,0.1932046190864649,0.1932046190864649,full_unfiltered_pls,"PLS, full predictor universe",component_4,housing_form_density,semi detached share,0.5696319217048027,0.1063669492235196,0.0945253145055546,higher turnout,8
block2_owner_share,-0.1914297444230212,0.1914297444230212,full_unfiltered_pls,"PLS, full predictor universe",component_4,housing_tenure,owner share,0.6660162010221498,0.0326384900605548,0.0793321298327959,higher turnout,9
block2_renter_share,0.1908433690744472,0.1908433690744472,full_unfiltered_pls,"PLS, full predictor universe",component_4,housing_tenure,renter share,0.6707614848568206,-0.0393351258923353,-0.0811777605845005,lower turnout,10
block2_apartment_lt5_storeys_count,0.1905950845900591,0.1905950845900591,full_unfiltered_pls,"PLS, full predictor universe",component_4,housing_form_density,apartment lt5 storeys count,1.034255130143337,1.61509738780095e-07,0.2749210675143693,higher turnout,11
block2_structural_type_total_dwellings,-0.1873418782495046,0.1873418782495046,full_unfiltered_pls,"PLS, full predictor universe",component_4,housing_form_density,structural type total dwellings,0.5431720013267841,-4.2339416680413857e-07,0.0837227578401428,lower turnout,12
block2_apartment_5plus_storeys_count,-0.1868514584545844,0.1868514584545844,full_unfiltered_pls,"PLS, full predictor universe",component_4,housing_form_density,apartment 5plus storeys count,0.5660776531523269,4.3985121735472454e-06,0.0353565796377126,higher turnout,13
block2_condo_status_total_dwellings,-0.1864956343024018,0.1864956343024018,full_unfiltered_pls,"PLS, full predictor universe",component_4,housing_form_density,condo status total dwellings,0.5417085543181436,-3.528287632757631e-06,0.0827031980741296,lower turnout,14
block2_same_address_5yr_share,0.1758043523631632,0.1758043523631632,full_unfiltered_pls,"PLS, full predictor universe",component_4,residential_stability,same address 5yr share,0.6442613174177084,-0.0055429268416349,-0.1197215824282485,lower turnout,15
block5_development_applications_2021_2025,-0.1756467327531879,0.1756467327531879,full_unfiltered_pls,"PLS, full predictor universe",component_4,service_contact,development applications 2021-2025,0.6660345168105122,0.0003331899281356,0.1197742264217584,higher turnout,16
block5_social_housing_share,0.1754299817763746,0.1754299817763746,full_unfiltered_pls,"PLS, full predictor universe",component_4,service_contact,social housing share,0.7473637847512891,0.0111880021037325,-0.1906995037869376,higher turnout,17
block2_detached_share,-0.1694334955011965,0.1694334955011965,full_unfiltered_pls,"PLS, full predictor universe",component_4,housing_form_density,detached share,0.7424474869047339,0.0045946988993297,-0.0469963024981276,higher turnout,18
block4_federal_party_count_5pct,0.1652965642872754,0.1652965642872754,full_unfiltered_pls,"PLS, full predictor universe",component_4,federal_competitiveness,federal party count above 5 percent,0.9124670723273868,-0.012560245829568,0.2058588649673379,lower turnout,19
block1_age_35_64_share,0.1628366194247044,0.1628366194247044,full_unfiltered_pls,"PLS, full predictor universe",component_4,age_structure,age 35-64 share,0.7078845584349927,-0.1336727241003702,0.1534141927524591,lower turnout,20
block1_bachelors_or_higher_25_64_share,-0.1593793656103118,0.1593793656103118,full_unfiltered_pls,"PLS, full predictor universe",component_4,household_class,bachelors or higher 25-64 share,1.9845187827035136,0.0584508741505875,0.5538351812081346,higher turnout,21
block4_provincial_margin,0.1552928861482389,0.1552928861482389,full_unfiltered_pls,"PLS, full predictor universe",component_4,provincial_competitiveness,provincial margin,0.8024452435409177,-0.0500380205230649,0.1842057352059481,lower turnout,22
block5_tts_overlap_area_m2,-0.1479020513812436,0.1479020513812436,full_unfiltered_pls,"PLS, full predictor universe",component_4,transportation_access,tts overlap area m2,0.6485607648098982,-5.834406232826406e-09,-0.1018882690386049,lower turnout,23
block2_apartment_total_count,-0.1406245551276123,0.1406245551276123,full_unfiltered_pls,"PLS, full predictor universe",component_4,housing_form_density,apartment total count,0.6339885775658818,4.524412833669714e-06,0.0962623692486411,higher turnout,24
block4_federal_margin,0.1395527688541474,0.1395527688541474,full_unfiltered_pls,"PLS, full predictor universe",component_4,federal_competitiveness,federal margin,1.0653576032644425,0.1200175923572764,0.2722933309313181,higher turnout,25
block5_library_nearest_m,-0.1383192423808279,0.1383192423808279,full_unfiltered_pls,"PLS, full predictor universe",component_4,service_access,library nearest m,0.680128983904333,1.0057477041058538e-05,-0.1373740097025271,higher turnout,26
block5_shelter_count_1200m,-0.1381891467610982,0.1381891467610982,full_unfiltered_pls,"PLS, full predictor universe",component_4,service_access,shelter count within 1200m,0.81804117762369,-0.0054847267083613,0.0819292154021431,lower turnout,27
block5_school_age_5_17_share,0.1365354315121544,0.1365354315121544,full_unfiltered_pls,"PLS, full predictor universe",component_4,service_contact,school age 5-17 share,0.881846243930762,0.0087342616737712,-0.197289193792225,higher turnout,28
block4_mayoral_candidate_count_5pct,-0.1353977850447349,0.1353977850447349,full_unfiltered_pls,"PLS, full predictor universe",component_4,mayoral_competitiveness,mayoral candidate count above 5 percent,0.5835035863176945,-0.0016141756989199,-0.1073608176704616,lower turnout,29
block5_community_centre_nearest_m,-0.1283595478658617,0.1283595478658617,full_unfiltered_pls,"PLS, full predictor universe",component_4,service_access,community centre nearest m,0.5583317814564572,1.001535196043694e-05,0.0632436238742859,higher turnout,30
block5_ksi_collision_events_2021_2025,-0.1276887283956956,0.1276887283956956,full_unfiltered_pls,"PLS, full predictor universe",component_4,service_contact,ksi collision events 2021-2025,0.6176868364740915,-0.0055616952339799,-0.0504363746710357,lower turnout,31
block4_effective_federal_parties_5pct,0.1222654157850627,0.1222654157850627,full_unfiltered_pls,"PLS, full predictor universe",component_4,federal_competitiveness,effective federal parties above 5 percent,0.4163645218384199,0.0322388920237738,-0.0294589848457661,higher turnout,32
block1_unemployment_rate_share,0.1201175472130146,0.1201175472130146,full_unfiltered_pls,"PLS, full predictor universe",component_4,household_class,unemployment rate share,1.9343897368501288,-0.0026525534119159,-0.5317030955586906,lower turnout,33
block5_requests_311_2023_2025_estimated_count,-0.1174574642085853,0.1174574642085853,full_unfiltered_pls,"PLS, full predictor universe",component_4,service_contact,requests 311 2023 2025 estimated count,0.8444954061003026,1.045213624854593e-05,0.1681797029031864,higher turnout,34
block5_no_car_household_share,0.1163183523731658,0.1163183523731658,full_unfiltered_pls,"PLS, full predictor universe",component_4,transportation_access,no car household share,0.8323521638785889,0.0146188325631732,0.1750666880470893,higher turnout,35
block5_tts_no_car_household_share,0.1163183523731658,0.1163183523731658,full_unfiltered_pls,"PLS, full predictor universe",component_4,transportation_access,tts no car household share,0.8323521638785889,0.0146188325631732,0.1750666880470893,higher turnout,36
block4_provincial_party_count_5pct,0.1118249932814142,0.1118249932814142,full_unfiltered_pls,"PLS, full predictor universe",component_4,provincial_competitiveness,provincial party count above 5 percent,0.6880210851317852,-0.0014130939940312,-0.1501506617539185,lower turnout,37
block5_community_centre_access_1200m,0.1087068462729461,0.1087068462729461,full_unfiltered_pls,"PLS, full predictor universe",component_4,service_access,community centre access within 1200m,0.4947574119258981,-0.0029308065262977,-0.0368155841481312,lower turnout,38
block4_federal_vote_fragmentation,0.1080297930458565,0.1080297930458565,full_unfiltered_pls,"PLS, full predictor universe",component_4,federal_competitiveness,federal vote fragmentation,0.4364779251405828,-0.1081280515771039,-0.0567092795569962,lower turnout,39
block5_development_applications_2021_2025_per_1000,-0.1067793078341679,0.1067793078341679,full_unfiltered_pls,"PLS, full predictor universe",component_4,service_contact,development applications 2021-2025 per 1000,0.6903929832455855,-0.001550375820008,0.0979184698679555,lower turnout,40
block5_library_access_1200m,0.1048777772718029,0.1048777772718029,full_unfiltered_pls,"PLS, full predictor universe",component_4,service_access,library access within 1200m,0.6296411080496338,0.0039894061839985,0.1369242416385467,higher turnout,41
block5_community_centre_count_1200m,0.103986567771225,0.103986567771225,full_unfiltered_pls,"PLS, full predictor universe",component_4,service_access,community centre count within 1200m,0.4240512969439813,0.0013710755634545,-0.0402189530079753,higher turnout,42
block2_apartments_per_km2,-0.103269023516721,0.103269023516721,full_unfiltered_pls,"PLS, full predictor universe",component_4,housing_form_density,apartments per km2,0.6729649978691506,4.80899530055314e-07,0.1145971835027193,higher turnout,43
block4_effective_provincial_parties_5pct,0.1006864068450029,0.1006864068450029,full_unfiltered_pls,"PLS, full predictor universe",component_4,provincial_competitiveness,effective provincial parties above 5 percent,0.5291960870566139,-0.023980149042417,-0.0520026161486258,lower turnout,44
block3_non_citizen_share,-0.1002972429124831,0.1002972429124831,full_unfiltered_pls,"PLS, full predictor universe",component_4,immigration_citizenship,non citizen share,1.5343079872071526,-0.1335175556642966,-0.4172089393130335,lower turnout,45
block2_apartment_share,0.0944321988267566,0.0944321988267566,full_unfiltered_pls,"PLS, full predictor universe",component_4,housing_form_density,apartment share,0.8626403640796838,0.0656613400150529,0.0886137557007385,higher turnout,46
block4_provincial_vote_fragmentation,0.0926941644989509,0.0926941644989509,full_unfiltered_pls,"PLS, full predictor universe",component_4,provincial_competitiveness,provincial vote fragmentation,0.5297926740484911,-0.0459131275206785,-0.061529194929253,lower turnout,47
block3_non_official_mother_tongue_share,-0.0888749667869855,0.0888749667869855,full_unfiltered_pls,"PLS, full predictor universe",component_4,immigration_citizenship,non official mother tongue share,1.7512500539067448,0.0258167373625631,-0.4913579538945768,higher turnout,48
block5_library_count_1200m,0.0888241965103694,0.0888241965103694,full_unfiltered_pls,"PLS, full predictor universe",component_4,service_access,library count within 1200m,0.9904279206021056,-0.0031799903121342,0.245558592268723,lower turnout,49
block1_low_income_lim_at_share,0.0849930028330846,0.0849930028330846,full_unfiltered_pls,"PLS, full predictor universe",component_4,household_class,low income share,0.919174732311574,-0.1064668037183354,-0.1991083585229759,lower turnout,50
block3_visible_minority_share,-0.0815053245955941,0.0815053245955941,full_unfiltered_pls,"PLS, full predictor universe",component_4,immigration_citizenship,visible minority share,2.286269532925811,-0.103450336145175,-0.641719581625304,lower turnout,51
block1_age_65_plus_share,0.0725455389093661,0.0725455389093661,full_unfiltered_pls,"PLS, full predictor universe",component_4,age_structure,age 65 plus share,1.2193891948939333,0.1874292207473429,0.2133387541635903,higher turnout,52
block5_park_count_1200m,-0.0694500865289377,0.0694500865289377,full_unfiltered_pls,"PLS, full predictor universe",component_4,service_access,park count within 1200m,0.5809253870782397,-0.000173605913418,0.1081860610896306,lower turnout,53
block3_recent_immigrant_share,-0.0686480583977926,0.0686480583977926,full_unfiltered_pls,"PLS, full predictor universe",component_4,immigration_citizenship,recent immigrant share,1.2265590306069127,-0.1283550755802563,-0.3169936522850532,lower turnout,54
block1_median_age,0.0648515586739917,0.0648515586739917,full_unfiltered_pls,"PLS, full predictor universe",component_4,age_structure,median age,1.2683668552473406,-0.0022601964539123,0.252816324948758,lower turnout,55
block3_citizen_adult_share,0.0630114143802011,0.0630114143802011,full_unfiltered_pls,"PLS, full predictor universe",component_4,immigration_citizenship,citizen adult share,1.4006876047880097,-0.1913319702767836,0.3529129517446247,lower turnout,56
block4_mayoral_top_two_margin,-0.059113297911716,0.059113297911716,full_unfiltered_pls,"PLS, full predictor universe",component_4,mayoral_competitiveness,mayoral top two margin,1.1511798391382846,-0.0199637605256995,0.2880791954472449,lower turnout,57
block4_mayoral_winner_margin,-0.059113297911716,0.059113297911716,full_unfiltered_pls,"PLS, full predictor universe",component_4,mayoral_competitiveness,mayoral winner margin,1.1511798391382846,-0.0199637605256995,0.2880791954472449,lower turnout,58
block5_shelter_nearest_m,-0.0514573085119052,0.0514573085119052,full_unfiltered_pls,"PLS, full predictor universe",component_4,service_access,shelter nearest m,0.7183886581410382,5.206365507886289e-06,-0.1455996932912626,higher turnout,59
block2_population_density_per_km2,-0.0496601636540056,0.0496601636540056,full_unfiltered_pls,"PLS, full predictor universe",component_4,housing_form_density,population density per km2,0.744099922601799,1.9611257380462778e-06,0.1015516864900301,higher turnout,60
block5_requests_311_per_1000,-0.0479791605470669,0.0479791605470669,full_unfiltered_pls,"PLS, full predictor universe",component_4,service_contact,requests 311 per 1000,0.7652718950817419,-4.703485433956742e-06,0.1424094041604848,lower turnout,61
block3_immigrant_share,-0.0376986692835437,0.0376986692835437,full_unfiltered_pls,"PLS, full predictor universe",component_4,immigration_citizenship,immigrant share,2.0305779894299376,-0.0623192461449433,-0.5732688168347703,lower turnout,62
block4_effective_mayoral_candidates_5pct,0.0370291770471225,0.0370291770471225,full_unfiltered_pls,"PLS, full predictor universe",component_4,mayoral_competitiveness,effective mayoral candidates above 5 percent,1.9072643909961928,-0.0262471441850547,-0.5348452867055592,lower turnout,63
block1_average_household_size,-0.0329610894529664,0.0329610894529664,full_unfiltered_pls,"PLS, full predictor universe",component_4,household_class,average household size,1.8339381518465088,-0.051503601170769,-0.4853694431785831,lower turnout,64
block3_english_french_knowledge_share,-0.0265410946343266,0.0265410946343266,full_unfiltered_pls,"PLS, full predictor universe",component_4,immigration_citizenship,english french knowledge share,0.9691090462988766,0.1148448698570238,0.2657182066635518,higher turnout,65
block5_shelter_access_1200m,-0.0183740012460753,0.0183740012460753,full_unfiltered_pls,"PLS, full predictor universe",component_4,service_access,shelter access within 1200m,0.7278811838262331,0.00862737829869,0.139289468908494,higher turnout,66
block5_ksi_collision_events_2021_2025_per_1000,0.0172644884062294,0.0172644884062294,full_unfiltered_pls,"PLS, full predictor universe",component_4,service_contact,ksi collision events 2021-2025 per 1000,0.933160581562961,0.0154139707677875,0.1600425004005533,higher turnout,67
block4_mayoral_vote_fragmentation,0.0170665253209888,0.0170665253209888,full_unfiltered_pls,"PLS, full predictor universe",component_4,mayoral_competitiveness,mayoral vote fragmentation,1.7746629677356136,0.0550018546285246,-0.4947655902228703,higher turnout,68
block2_apartment_duplex_count,-0.0129572760225569,0.0129572760225569,full_unfiltered_pls,"PLS, full predictor universe",component_4,housing_form_density,apartment duplex count,0.8656746688988773,-6.6003896854551245e-06,-0.1695092660464845,lower turnout,69
block5_park_nearest_m,-0.003128681284564,0.003128681284564,full_unfiltered_pls,"PLS, full predictor universe",component_4,service_access,park nearest m,0.3663533225254259,1.3394848697259532e-05,0.06589187924975,higher turnout,70
block5_tts_overlap_area_m2,0.5080071311145059,0.5080071311145059,full_unfiltered_pls,"PLS, full predictor universe",component_5,transportation_access,tts overlap area m2,0.6485607648098982,-5.834406232826406e-09,-0.1018882690386049,lower turnout,1
block5_community_centre_nearest_m,0.4764517394385142,0.4764517394385142,full_unfiltered_pls,"PLS, full predictor universe",component_5,service_access,community centre nearest m,0.5583317814564572,1.001535196043694e-05,0.0632436238742859,higher turnout,2
block5_community_centre_access_1200m,-0.4652139271492112,0.4652139271492112,full_unfiltered_pls,"PLS, full predictor universe",component_5,service_access,community centre access within 1200m,0.4947574119258981,-0.0029308065262977,-0.0368155841481312,lower turnout,3
block5_requests_311_2023_2025_estimated_count,0.4386153621298371,0.4386153621298371,full_unfiltered_pls,"PLS, full predictor universe",component_5,service_contact,requests 311 2023 2025 estimated count,0.8444954061003026,1.045213624854593e-05,0.1681797029031864,higher turnout,4
block5_ksi_collision_events_2021_2025,0.3964767468660241,0.3964767468660241,full_unfiltered_pls,"PLS, full predictor universe",component_5,service_contact,ksi collision events 2021-2025,0.6176868364740915,-0.0055616952339799,-0.0504363746710357,lower turnout,5
block5_library_nearest_m,0.3425433568641383,0.3425433568641383,full_unfiltered_pls,"PLS, full predictor universe",component_5,service_access,library nearest m,0.680128983904333,1.0057477041058538e-05,-0.1373740097025271,higher turnout,6
block5_ksi_collision_events_2021_2025_per_1000,0.3091284151193386,0.3091284151193386,full_unfiltered_pls,"PLS, full predictor universe",component_5,service_contact,ksi collision events 2021-2025 per 1000,0.933160581562961,0.0154139707677875,0.1600425004005533,higher turnout,7
block5_community_centre_count_1200m,-0.297982386123215,0.297982386123215,full_unfiltered_pls,"PLS, full predictor universe",component_5,service_access,community centre count within 1200m,0.4240512969439813,0.0013710755634545,-0.0402189530079753,higher turnout,8
block5_library_access_1200m,-0.2726574174512099,0.2726574174512099,full_unfiltered_pls,"PLS, full predictor universe",component_5,service_access,library access within 1200m,0.6296411080496338,0.0039894061839985,0.1369242416385467,higher turnout,9
block5_park_nearest_m,0.2313814701217116,0.2313814701217116,full_unfiltered_pls,"PLS, full predictor universe",component_5,service_access,park nearest m,0.3663533225254259,1.3394848697259532e-05,0.06589187924975,higher turnout,10
block1_median_age,-0.2277746892617815,0.2277746892617815,full_unfiltered_pls,"PLS, full predictor universe",component_5,age_structure,median age,1.2683668552473406,-0.0022601964539123,0.252816324948758,lower turnout,11
block4_mayoral_candidate_count_5pct,-0.2247086391842101,0.2247086391842101,full_unfiltered_pls,"PLS, full predictor universe",component_5,mayoral_competitiveness,mayoral candidate count above 5 percent,0.5835035863176945,-0.0016141756989199,-0.1073608176704616,lower turnout,12
block2_apartment_duplex_count,0.214492541020835,0.214492541020835,full_unfiltered_pls,"PLS, full predictor universe",component_5,housing_form_density,apartment duplex count,0.8656746688988773,-6.6003896854551245e-06,-0.1695092660464845,lower turnout,13
block1_age_65_plus_share,-0.2085077361253217,0.2085077361253217,full_unfiltered_pls,"PLS, full predictor universe",component_5,age_structure,age 65 plus share,1.2193891948939333,0.1874292207473429,0.2133387541635903,higher turnout,14
block2_semi_detached_share,0.2007829192190935,0.2007829192190935,full_unfiltered_pls,"PLS, full predictor universe",component_5,housing_form_density,semi detached share,0.5696319217048027,0.1063669492235196,0.0945253145055546,higher turnout,15
block5_park_count_1200m,-0.1913676579353805,0.1913676579353805,full_unfiltered_pls,"PLS, full predictor universe",component_5,service_access,park count within 1200m,0.5809253870782397,-0.000173605913418,0.1081860610896306,lower turnout,16
block4_provincial_margin,0.1834778270763555,0.1834778270763555,full_unfiltered_pls,"PLS, full predictor universe",component_5,provincial_competitiveness,provincial margin,0.8024452435409177,-0.0500380205230649,0.1842057352059481,lower turnout,17
block2_structural_type_total_dwellings,0.1566320482244632,0.1566320482244632,full_unfiltered_pls,"PLS, full predictor universe",component_5,housing_form_density,structural type total dwellings,0.5431720013267841,-4.2339416680413857e-07,0.0837227578401428,lower turnout,18
block2_condo_status_total_dwellings,0.1544088260456025,0.1544088260456025,full_unfiltered_pls,"PLS, full predictor universe",component_5,housing_form_density,condo status total dwellings,0.5417085543181436,-3.528287632757631e-06,0.0827031980741296,lower turnout,19
block5_library_count_1200m,-0.1502556729825337,0.1502556729825337,full_unfiltered_pls,"PLS, full predictor universe",component_5,service_access,library count within 1200m,0.9904279206021056,-0.0031799903121342,0.245558592268723,lower turnout,20
block3_citizen_adult_share,-0.1346590892341919,0.1346590892341919,full_unfiltered_pls,"PLS, full predictor universe",component_5,immigration_citizenship,citizen adult share,1.4006876047880097,-0.1913319702767836,0.3529129517446247,lower turnout,21
block5_shelter_count_1200m,-0.1263451998654015,0.1263451998654015,full_unfiltered_pls,"PLS, full predictor universe",component_5,service_access,shelter count within 1200m,0.81804117762369,-0.0054847267083613,0.0819292154021431,lower turnout,22
block4_federal_party_count_5pct,0.1238580282523152,0.1238580282523152,full_unfiltered_pls,"PLS, full predictor universe",component_5,federal_competitiveness,federal party count above 5 percent,0.9124670723273868,-0.012560245829568,0.2058588649673379,lower turnout,23
block5_requests_311_per_1000,0.1170779284769276,0.1170779284769276,full_unfiltered_pls,"PLS, full predictor universe",component_5,service_contact,requests 311 per 1000,0.7652718950817419,-4.703485433956742e-06,0.1424094041604848,lower turnout,24
block3_recent_immigrant_share,0.1151338290165456,0.1151338290165456,full_unfiltered_pls,"PLS, full predictor universe",component_5,immigration_citizenship,recent immigrant share,1.2265590306069127,-0.1283550755802563,-0.3169936522850532,lower turnout,25
block3_non_citizen_share,0.1106920382068921,0.1106920382068921,full_unfiltered_pls,"PLS, full predictor universe",component_5,immigration_citizenship,non citizen share,1.5343079872071526,-0.1335175556642966,-0.4172089393130335,lower turnout,26
block4_federal_margin,0.1074640776843557,0.1074640776843557,full_unfiltered_pls,"PLS, full predictor universe",component_5,federal_competitiveness,federal margin,1.0653576032644425,0.1200175923572764,0.2722933309313181,higher turnout,27
block2_same_address_5yr_share,-0.0984677096423849,0.0984677096423849,full_unfiltered_pls,"PLS, full predictor universe",component_5,residential_stability,same address 5yr share,0.6442613174177084,-0.0055429268416349,-0.1197215824282485,lower turnout,28
block1_average_household_size,0.0940975861765774,0.0940975861765774,full_unfiltered_pls,"PLS, full predictor universe",component_5,household_class,average household size,1.8339381518465088,-0.051503601170769,-0.4853694431785831,lower turnout,29
block4_mayoral_vote_fragmentation,-0.090399746406354,0.090399746406354,full_unfiltered_pls,"PLS, full predictor universe",component_5,mayoral_competitiveness,mayoral vote fragmentation,1.7746629677356136,0.0550018546285246,-0.4947655902228703,higher turnout,30
block2_apartment_total_count,0.0886980076102819,0.0886980076102819,full_unfiltered_pls,"PLS, full predictor universe",component_5,housing_form_density,apartment total count,0.6339885775658818,4.524412833669714e-06,0.0962623692486411,higher turnout,31
block1_age_18_34_share,0.0876392216761923,0.0876392216761923,full_unfiltered_pls,"PLS, full predictor universe",component_5,age_structure,age 18-34 share,0.9317264899970372,-0.2031007439902942,-0.1385831769483199,lower turnout,32
block4_effective_mayoral_candidates_5pct,-0.0854072966779561,0.0854072966779561,full_unfiltered_pls,"PLS, full predictor universe",component_5,mayoral_competitiveness,effective mayoral candidates above 5 percent,1.9072643909961928,-0.0262471441850547,-0.5348452867055592,lower turnout,33
block2_detached_share,-0.083993222174768,0.083993222174768,full_unfiltered_pls,"PLS, full predictor universe",component_5,housing_form_density,detached share,0.7424474869047339,0.0045946988993297,-0.0469963024981276,higher turnout,34
block2_same_address_1yr_share,-0.0837495437295244,0.0837495437295244,full_unfiltered_pls,"PLS, full predictor universe",component_5,residential_stability,same address 1yr share,0.7484721922475122,0.121604022189258,-0.1563200718536234,higher turnout,35
block2_condominium_dwellings_count,0.0815568347305334,0.0815568347305334,full_unfiltered_pls,"PLS, full predictor universe",component_5,housing_form_density,condominium dwellings count,0.5713038998196234,1.331904301537614e-06,0.0712834620017408,higher turnout,36
block5_school_age_5_17_share,0.0793813312240623,0.0793813312240623,full_unfiltered_pls,"PLS, full predictor universe",component_5,service_contact,school age 5-17 share,0.881846243930762,0.0087342616737712,-0.197289193792225,higher turnout,37
block5_shelter_nearest_m,0.0792361896673836,0.0792361896673836,full_unfiltered_pls,"PLS, full predictor universe",component_5,service_access,shelter nearest m,0.7183886581410382,5.206365507886289e-06,-0.1455996932912626,higher turnout,38
block1_unemployment_rate_share,-0.0700653744658015,0.0700653744658015,full_unfiltered_pls,"PLS, full predictor universe",component_5,household_class,unemployment rate share,1.9343897368501288,-0.0026525534119159,-0.5317030955586906,lower turnout,39
block4_effective_federal_parties_5pct,0.0692294349833405,0.0692294349833405,full_unfiltered_pls,"PLS, full predictor universe",component_5,federal_competitiveness,effective federal parties above 5 percent,0.4163645218384199,0.0322388920237738,-0.0294589848457661,higher turnout,40
block2_apartment_5plus_storeys_count,0.067427659130832,0.067427659130832,full_unfiltered_pls,"PLS, full predictor universe",component_5,housing_form_density,apartment 5plus storeys count,0.5660776531523269,4.3985121735472454e-06,0.0353565796377126,higher turnout,41
block4_mayoral_winner_margin,0.0664832265575177,0.0664832265575177,full_unfiltered_pls,"PLS, full predictor universe",component_5,mayoral_competitiveness,mayoral winner margin,1.1511798391382846,-0.0199637605256995,0.2880791954472449,lower turnout,42
block4_mayoral_top_two_margin,0.0664832265575177,0.0664832265575177,full_unfiltered_pls,"PLS, full predictor universe",component_5,mayoral_competitiveness,mayoral top two margin,1.1511798391382846,-0.0199637605256995,0.2880791954472449,lower turnout,43
block5_no_car_household_share,-0.0662777303170225,0.0662777303170225,full_unfiltered_pls,"PLS, full predictor universe",component_5,transportation_access,no car household share,0.8323521638785889,0.0146188325631732,0.1750666880470893,higher turnout,44
block5_tts_no_car_household_share,-0.0662777303170225,0.0662777303170225,full_unfiltered_pls,"PLS, full predictor universe",component_5,transportation_access,tts no car household share,0.8323521638785889,0.0146188325631732,0.1750666880470893,higher turnout,45
block5_shelter_access_1200m,-0.0626604725087007,0.0626604725087007,full_unfiltered_pls,"PLS, full predictor universe",component_5,service_access,shelter access within 1200m,0.7278811838262331,0.00862737829869,0.139289468908494,higher turnout,46
block2_owner_share,0.0606271391260054,0.0606271391260054,full_unfiltered_pls,"PLS, full predictor universe",component_5,housing_tenure,owner share,0.6660162010221498,0.0326384900605548,0.0793321298327959,higher turnout,47
block2_renter_share,-0.0603765765126822,0.0603765765126822,full_unfiltered_pls,"PLS, full predictor universe",component_5,housing_tenure,renter share,0.6707614848568206,-0.0393351258923353,-0.0811777605845005,lower turnout,48
block3_visible_minority_share,0.0562586218455832,0.0562586218455832,full_unfiltered_pls,"PLS, full predictor universe",component_5,immigration_citizenship,visible minority share,2.286269532925811,-0.103450336145175,-0.641719581625304,lower turnout,49
block2_condo_share,0.0518281133325372,0.0518281133325372,full_unfiltered_pls,"PLS, full predictor universe",component_5,housing_form_density,condo share,0.6642805610751094,0.0085054459420476,0.0838192896325982,higher turnout,50
block4_provincial_party_count_5pct,0.0514631663625999,0.0514631663625999,full_unfiltered_pls,"PLS, full predictor universe",component_5,provincial_competitiveness,provincial party count above 5 percent,0.6880210851317852,-0.0014130939940312,-0.1501506617539185,lower turnout,51
block5_development_applications_2021_2025,0.0503213152840365,0.0503213152840365,full_unfiltered_pls,"PLS, full predictor universe",component_5,service_contact,development applications 2021-2025,0.6660345168105122,0.0003331899281356,0.1197742264217584,higher turnout,52
block4_federal_vote_fragmentation,0.0485636502736037,0.0485636502736037,full_unfiltered_pls,"PLS, full predictor universe",component_5,federal_competitiveness,federal vote fragmentation,0.4364779251405828,-0.1081280515771039,-0.0567092795569962,lower turnout,53
block4_provincial_vote_fragmentation,-0.0473775420744247,0.0473775420744247,full_unfiltered_pls,"PLS, full predictor universe",component_5,provincial_competitiveness,provincial vote fragmentation,0.5297926740484911,-0.0459131275206785,-0.061529194929253,lower turnout,54
block5_social_housing_share,-0.0471911877911327,0.0471911877911327,full_unfiltered_pls,"PLS, full predictor universe",component_5,service_contact,social housing share,0.7473637847512891,0.0111880021037325,-0.1906995037869376,higher turnout,55
block2_population_density_per_km2,0.0450180328188569,0.0450180328188569,full_unfiltered_pls,"PLS, full predictor universe",component_5,housing_form_density,population density per km2,0.744099922601799,1.9611257380462778e-06,0.1015516864900301,higher turnout,56
block1_bachelors_or_higher_25_64_share,0.0445172787331372,0.0445172787331372,full_unfiltered_pls,"PLS, full predictor universe",component_5,household_class,bachelors or higher 25-64 share,1.9845187827035136,0.0584508741505875,0.5538351812081346,higher turnout,57
block2_apartments_per_km2,0.0376152226392359,0.0376152226392359,full_unfiltered_pls,"PLS, full predictor universe",component_5,housing_form_density,apartments per km2,0.6729649978691506,4.80899530055314e-07,0.1145971835027193,higher turnout,58
block4_effective_provincial_parties_5pct,-0.0348757440609307,0.0348757440609307,full_unfiltered_pls,"PLS, full predictor universe",component_5,provincial_competitiveness,effective provincial parties above 5 percent,0.5291960870566139,-0.023980149042417,-0.0520026161486258,lower turnout,59
block1_low_income_lim_at_share,-0.0279734707898961,0.0279734707898961,full_unfiltered_pls,"PLS, full predictor universe",component_5,household_class,low income share,0.919174732311574,-0.1064668037183354,-0.1991083585229759,lower turnout,60
block1_age_35_64_share,0.027811306648024,0.027811306648024,full_unfiltered_pls,"PLS, full predictor universe",component_5,age_structure,age 35-64 share,0.7078845584349927,-0.1336727241003702,0.1534141927524591,lower turnout,61
block2_condos_per_km2,0.0261933959791333,0.0261933959791333,full_unfiltered_pls,"PLS, full predictor universe",component_5,housing_form_density,condos per km2,0.5785593369247509,-2.824727080304112e-06,0.0713239176116336,lower turnout,62
block3_non_official_mother_tongue_share,0.0225894250112537,0.0225894250112537,full_unfiltered_pls,"PLS, full predictor universe",component_5,immigration_citizenship,non official mother tongue share,1.7512500539067448,0.0258167373625631,-0.4913579538945768,higher turnout,63
block3_english_french_knowledge_share,-0.0220172091932762,0.0220172091932762,full_unfiltered_pls,"PLS, full predictor universe",component_5,immigration_citizenship,english french knowledge share,0.9691090462988766,0.1148448698570238,0.2657182066635518,higher turnout,64
block5_tts_transit_trip_share,0.020946266659138,0.020946266659138,full_unfiltered_pls,"PLS, full predictor universe",component_5,transportation_access,tts transit trip share,0.5375880158907198,-0.0208395537130701,-0.0024300518753355,lower turnout,65
block5_transit_commute_share_preferred,0.020946266659138,0.020946266659138,full_unfiltered_pls,"PLS, full predictor universe",component_5,transportation_access,transit commute share preferred,0.5375880158907198,-0.0208395537130701,-0.0024300518753355,lower turnout,66
block2_apartment_lt5_storeys_count,0.0175710570246417,0.0175710570246417,full_unfiltered_pls,"PLS, full predictor universe",component_5,housing_form_density,apartment lt5 storeys count,1.034255130143337,1.61509738780095e-07,0.2749210675143693,higher turnout,67
block3_immigrant_share,-0.0145705299238626,0.0145705299238626,full_unfiltered_pls,"PLS, full predictor universe",component_5,immigration_citizenship,immigrant share,2.0305779894299376,-0.0623192461449433,-0.5732688168347703,lower turnout,68
block5_development_applications_2021_2025_per_1000,-0.0026708712302487,0.0026708712302487,full_unfiltered_pls,"PLS, full predictor universe",component_5,service_contact,development applications 2021-2025 per 1000,0.6903929832455855,-0.001550375820008,0.0979184698679555,lower turnout,69
block2_apartment_share,-0.001145115298763,0.001145115298763,full_unfiltered_pls,"PLS, full predictor universe",component_5,housing_form_density,apartment share,0.8626403640796838,0.0656613400150529,0.0886137557007385,higher turnout,70
block5_requests_311_per_1000,-0.469341036612487,0.469341036612487,full_unfiltered_pls,"PLS, full predictor universe",component_6,service_contact,requests 311 per 1000,0.7652718950817419,-4.703485433956742e-06,0.1424094041604848,lower turnout,1
block5_requests_311_2023_2025_estimated_count,-0.4030761360660407,0.4030761360660407,full_unfiltered_pls,"PLS, full predictor universe",component_6,service_contact,requests 311 2023 2025 estimated count,0.8444954061003026,1.045213624854593e-05,0.1681797029031864,higher turnout,2
block5_development_applications_2021_2025_per_1000,-0.373841554752271,0.373841554752271,full_unfiltered_pls,"PLS, full predictor universe",component_6,service_contact,development applications 2021-2025 per 1000,0.6903929832455855,-0.001550375820008,0.0979184698679555,lower turnout,3
block5_ksi_collision_events_2021_2025,-0.3693824313811228,0.3693824313811228,full_unfiltered_pls,"PLS, full predictor universe",component_6,service_contact,ksi collision events 2021-2025,0.6176868364740915,-0.0055616952339799,-0.0504363746710357,lower turnout,4
block5_tts_overlap_area_m2,-0.3056475205185187,0.3056475205185187,full_unfiltered_pls,"PLS, full predictor universe",component_6,transportation_access,tts overlap area m2,0.6485607648098982,-5.834406232826406e-09,-0.1018882690386049,lower turnout,5
block5_ksi_collision_events_2021_2025_per_1000,-0.2933832093240689,0.2933832093240689,full_unfiltered_pls,"PLS, full predictor universe",component_6,service_contact,ksi collision events 2021-2025 per 1000,0.933160581562961,0.0154139707677875,0.1600425004005533,higher turnout,6
block5_community_centre_access_1200m,0.2848668522717643,0.2848668522717643,full_unfiltered_pls,"PLS, full predictor universe",component_6,service_access,community centre access within 1200m,0.4947574119258981,-0.0029308065262977,-0.0368155841481312,lower turnout,7
block5_community_centre_nearest_m,-0.2584502555957031,0.2584502555957031,full_unfiltered_pls,"PLS, full predictor universe",component_6,service_access,community centre nearest m,0.5583317814564572,1.001535196043694e-05,0.0632436238742859,higher turnout,8
block2_population_density_per_km2,0.2455600627408991,0.2455600627408991,full_unfiltered_pls,"PLS, full predictor universe",component_6,housing_form_density,population density per km2,0.744099922601799,1.9611257380462778e-06,0.1015516864900301,higher turnout,9
block5_library_nearest_m,-0.1995381641961753,0.1995381641961753,full_unfiltered_pls,"PLS, full predictor universe",component_6,service_access,library nearest m,0.680128983904333,1.0057477041058538e-05,-0.1373740097025271,higher turnout,10
block5_community_centre_count_1200m,0.1952030144945633,0.1952030144945633,full_unfiltered_pls,"PLS, full predictor universe",component_6,service_access,community centre count within 1200m,0.4240512969439813,0.0013710755634545,-0.0402189530079753,higher turnout,11
block5_tts_transit_trip_share,-0.1878141620142206,0.1878141620142206,full_unfiltered_pls,"PLS, full predictor universe",component_6,transportation_access,tts transit trip share,0.5375880158907198,-0.0208395537130701,-0.0024300518753355,lower turnout,12
block5_transit_commute_share_preferred,-0.1878141620142206,0.1878141620142206,full_unfiltered_pls,"PLS, full predictor universe",component_6,transportation_access,transit commute share preferred,0.5375880158907198,-0.0208395537130701,-0.0024300518753355,lower turnout,13
block5_school_age_5_17_share,0.1839560346571736,0.1839560346571736,full_unfiltered_pls,"PLS, full predictor universe",component_6,service_contact,school age 5-17 share,0.881846243930762,0.0087342616737712,-0.197289193792225,higher turnout,14
block2_apartments_per_km2,0.1736898992709142,0.1736898992709142,full_unfiltered_pls,"PLS, full predictor universe",component_6,housing_form_density,apartments per km2,0.6729649978691506,4.80899530055314e-07,0.1145971835027193,higher turnout,15
block5_library_access_1200m,0.1699618001489381,0.1699618001489381,full_unfiltered_pls,"PLS, full predictor universe",component_6,service_access,library access within 1200m,0.6296411080496338,0.0039894061839985,0.1369242416385467,higher turnout,16
block2_condos_per_km2,0.1628073725734237,0.1628073725734237,full_unfiltered_pls,"PLS, full predictor universe",component_6,housing_form_density,condos per km2,0.5785593369247509,-2.824727080304112e-06,0.0713239176116336,lower turnout,17
block5_no_car_household_share,-0.1541845402875337,0.1541845402875337,full_unfiltered_pls,"PLS, full predictor universe",component_6,transportation_access,no car household share,0.8323521638785889,0.0146188325631732,0.1750666880470893,higher turnout,18
block5_tts_no_car_household_share,-0.1541845402875337,0.1541845402875337,full_unfiltered_pls,"PLS, full predictor universe",component_6,transportation_access,tts no car household share,0.8323521638785889,0.0146188325631732,0.1750666880470893,higher turnout,19
block1_bachelors_or_higher_25_64_share,0.1441669375359402,0.1441669375359402,full_unfiltered_pls,"PLS, full predictor universe",component_6,household_class,bachelors or higher 25-64 share,1.9845187827035136,0.0584508741505875,0.5538351812081346,higher turnout,20
block4_federal_vote_fragmentation,-0.1278039788639452,0.1278039788639452,full_unfiltered_pls,"PLS, full predictor universe",component_6,federal_competitiveness,federal vote fragmentation,0.4364779251405828,-0.1081280515771039,-0.0567092795569962,lower turnout,21
block4_effective_federal_parties_5pct,-0.1222404705140184,0.1222404705140184,full_unfiltered_pls,"PLS, full predictor universe",component_6,federal_competitiveness,effective federal parties above 5 percent,0.4163645218384199,0.0322388920237738,-0.0294589848457661,higher turnout,22
block4_provincial_party_count_5pct,-0.1163196949332914,0.1163196949332914,full_unfiltered_pls,"PLS, full predictor universe",component_6,provincial_competitiveness,provincial party count above 5 percent,0.6880210851317852,-0.0014130939940312,-0.1501506617539185,lower turnout,23
block4_effective_mayoral_candidates_5pct,-0.1143908299801399,0.1143908299801399,full_unfiltered_pls,"PLS, full predictor universe",component_6,mayoral_competitiveness,effective mayoral candidates above 5 percent,1.9072643909961928,-0.0262471441850547,-0.5348452867055592,lower turnout,24
block2_apartment_lt5_storeys_count,-0.1137631038445458,0.1137631038445458,full_unfiltered_pls,"PLS, full predictor universe",component_6,housing_form_density,apartment lt5 storeys count,1.034255130143337,1.61509738780095e-07,0.2749210675143693,higher turnout,25
block5_development_applications_2021_2025,-0.1080604752565596,0.1080604752565596,full_unfiltered_pls,"PLS, full predictor universe",component_6,service_contact,development applications 2021-2025,0.6660345168105122,0.0003331899281356,0.1197742264217584,higher turnout,26
block2_detached_share,0.1079152471092468,0.1079152471092468,full_unfiltered_pls,"PLS, full predictor universe",component_6,housing_form_density,detached share,0.7424474869047339,0.0045946988993297,-0.0469963024981276,higher turnout,27
block5_park_count_1200m,0.1074597298801039,0.1074597298801039,full_unfiltered_pls,"PLS, full predictor universe",component_6,service_access,park count within 1200m,0.5809253870782397,-0.000173605913418,0.1081860610896306,lower turnout,28
block5_library_count_1200m,0.1021098276050131,0.1021098276050131,full_unfiltered_pls,"PLS, full predictor universe",component_6,service_access,library count within 1200m,0.9904279206021056,-0.0031799903121342,0.245558592268723,lower turnout,29
block2_owner_share,0.0944311501073462,0.0944311501073462,full_unfiltered_pls,"PLS, full predictor universe",component_6,housing_tenure,owner share,0.6660162010221498,0.0326384900605548,0.0793321298327959,higher turnout,30
block2_renter_share,-0.0936113828043221,0.0936113828043221,full_unfiltered_pls,"PLS, full predictor universe",component_6,housing_tenure,renter share,0.6707614848568206,-0.0393351258923353,-0.0811777605845005,lower turnout,31
block1_average_household_size,0.0857147737041205,0.0857147737041205,full_unfiltered_pls,"PLS, full predictor universe",component_6,household_class,average household size,1.8339381518465088,-0.051503601170769,-0.4853694431785831,lower turnout,32
block4_provincial_margin,-0.0820332071167248,0.0820332071167248,full_unfiltered_pls,"PLS, full predictor universe",component_6,provincial_competitiveness,provincial margin,0.8024452435409177,-0.0500380205230649,0.1842057352059481,lower turnout,33
block2_apartment_share,-0.0688758573409571,0.0688758573409571,full_unfiltered_pls,"PLS, full predictor universe",component_6,housing_form_density,apartment share,0.8626403640796838,0.0656613400150529,0.0886137557007385,higher turnout,34
block5_park_nearest_m,-0.0679067689562049,0.0679067689562049,full_unfiltered_pls,"PLS, full predictor universe",component_6,service_access,park nearest m,0.3663533225254259,1.3394848697259532e-05,0.06589187924975,higher turnout,35
block1_age_18_34_share,-0.0677473869546857,0.0677473869546857,full_unfiltered_pls,"PLS, full predictor universe",component_6,age_structure,age 18-34 share,0.9317264899970372,-0.2031007439902942,-0.1385831769483199,lower turnout,36
block1_age_35_64_share,-0.0596566590030199,0.0596566590030199,full_unfiltered_pls,"PLS, full predictor universe",component_6,age_structure,age 35-64 share,0.7078845584349927,-0.1336727241003702,0.1534141927524591,lower turnout,37
block4_mayoral_vote_fragmentation,-0.0568345671978276,0.0568345671978276,full_unfiltered_pls,"PLS, full predictor universe",component_6,mayoral_competitiveness,mayoral vote fragmentation,1.7746629677356136,0.0550018546285246,-0.4947655902228703,higher turnout,38
block5_shelter_access_1200m,0.0565378370436852,0.0565378370436852,full_unfiltered_pls,"PLS, full predictor universe",component_6,service_access,shelter access within 1200m,0.7278811838262331,0.00862737829869,0.139289468908494,higher turnout,39
block4_federal_party_count_5pct,-0.0563611139041842,0.0563611139041842,full_unfiltered_pls,"PLS, full predictor universe",component_6,federal_competitiveness,federal party count above 5 percent,0.9124670723273868,-0.012560245829568,0.2058588649673379,lower turnout,40
block2_same_address_5yr_share,0.0560904916170444,0.0560904916170444,full_unfiltered_pls,"PLS, full predictor universe",component_6,residential_stability,same address 5yr share,0.6442613174177084,-0.0055429268416349,-0.1197215824282485,lower turnout,41
block3_immigrant_share,-0.054915354406776,0.054915354406776,full_unfiltered_pls,"PLS, full predictor universe",component_6,immigration_citizenship,immigrant share,2.0305779894299376,-0.0623192461449433,-0.5732688168347703,lower turnout,42
block1_unemployment_rate_share,-0.051881519567833,0.051881519567833,full_unfiltered_pls,"PLS, full predictor universe",component_6,household_class,unemployment rate share,1.9343897368501288,-0.0026525534119159,-0.5317030955586906,lower turnout,43
block2_same_address_1yr_share,0.0516276039841666,0.0516276039841666,full_unfiltered_pls,"PLS, full predictor universe",component_6,residential_stability,same address 1yr share,0.7484721922475122,0.121604022189258,-0.1563200718536234,higher turnout,44
block4_federal_margin,0.0513809710144228,0.0513809710144228,full_unfiltered_pls,"PLS, full predictor universe",component_6,federal_competitiveness,federal margin,1.0653576032644425,0.1200175923572764,0.2722933309313181,higher turnout,45
block2_structural_type_total_dwellings,0.0427496260825657,0.0427496260825657,full_unfiltered_pls,"PLS, full predictor universe",component_6,housing_form_density,structural type total dwellings,0.5431720013267841,-4.2339416680413857e-07,0.0837227578401428,lower turnout,46
block2_condo_status_total_dwellings,0.0405337424878453,0.0405337424878453,full_unfiltered_pls,"PLS, full predictor universe",component_6,housing_form_density,condo status total dwellings,0.5417085543181436,-3.528287632757631e-06,0.0827031980741296,lower turnout,47
block3_english_french_knowledge_share,-0.0389943922689452,0.0389943922689452,full_unfiltered_pls,"PLS, full predictor universe",component_6,immigration_citizenship,english french knowledge share,0.9691090462988766,0.1148448698570238,0.2657182066635518,higher turnout,48
block1_median_age,-0.0381292467582207,0.0381292467582207,full_unfiltered_pls,"PLS, full predictor universe",component_6,age_structure,median age,1.2683668552473406,-0.0022601964539123,0.252816324948758,lower turnout,49
block3_visible_minority_share,-0.0358620617492903,0.0358620617492903,full_unfiltered_pls,"PLS, full predictor universe",component_6,immigration_citizenship,visible minority share,2.286269532925811,-0.103450336145175,-0.641719581625304,lower turnout,50
block4_effective_provincial_parties_5pct,-0.0244841349338316,0.0244841349338316,full_unfiltered_pls,"PLS, full predictor universe",component_6,provincial_competitiveness,effective provincial parties above 5 percent,0.5291960870566139,-0.023980149042417,-0.0520026161486258,lower turnout,51
block4_mayoral_top_two_margin,0.0237160498600884,0.0237160498600884,full_unfiltered_pls,"PLS, full predictor universe",component_6,mayoral_competitiveness,mayoral top two margin,1.1511798391382846,-0.0199637605256995,0.2880791954472449,lower turnout,52
block4_mayoral_winner_margin,0.0237160498600884,0.0237160498600884,full_unfiltered_pls,"PLS, full predictor universe",component_6,mayoral_competitiveness,mayoral winner margin,1.1511798391382846,-0.0199637605256995,0.2880791954472449,lower turnout,53
block3_citizen_adult_share,-0.0228476424207258,0.0228476424207258,full_unfiltered_pls,"PLS, full predictor universe",component_6,immigration_citizenship,citizen adult share,1.4006876047880097,-0.1913319702767836,0.3529129517446247,lower turnout,54
block5_shelter_nearest_m,0.0209995923148579,0.0209995923148579,full_unfiltered_pls,"PLS, full predictor universe",component_6,service_access,shelter nearest m,0.7183886581410382,5.206365507886289e-06,-0.1455996932912626,higher turnout,55
block2_apartment_5plus_storeys_count,0.020878753301188,0.020878753301188,full_unfiltered_pls,"PLS, full predictor universe",component_6,housing_form_density,apartment 5plus storeys count,0.5660776531523269,4.3985121735472454e-06,0.0353565796377126,higher turnout,56
block3_non_citizen_share,0.0194334846957058,0.0194334846957058,full_unfiltered_pls,"PLS, full predictor universe",component_6,immigration_citizenship,non citizen share,1.5343079872071526,-0.1335175556642966,-0.4172089393130335,lower turnout,57
block3_non_official_mother_tongue_share,0.0170680392737751,0.0170680392737751,full_unfiltered_pls,"PLS, full predictor universe",component_6,immigration_citizenship,non official mother tongue share,1.7512500539067448,0.0258167373625631,-0.4913579538945768,higher turnout,58
block5_social_housing_share,-0.0112319623220142,0.0112319623220142,full_unfiltered_pls,"PLS, full predictor universe",component_6,service_contact,social housing share,0.7473637847512891,0.0111880021037325,-0.1906995037869376,higher turnout,59
block5_shelter_count_1200m,0.0103822105592179,0.0103822105592179,full_unfiltered_pls,"PLS, full predictor universe",component_6,service_access,shelter count within 1200m,0.81804117762369,-0.0054847267083613,0.0819292154021431,lower turnout,60
block4_provincial_vote_fragmentation,-0.0100381311794539,0.0100381311794539,full_unfiltered_pls,"PLS, full predictor universe",component_6,provincial_competitiveness,provincial vote fragmentation,0.5297926740484911,-0.0459131275206785,-0.061529194929253,lower turnout,61
block2_apartment_total_count,-0.0094592293892563,0.0094592293892563,full_unfiltered_pls,"PLS, full predictor universe",component_6,housing_form_density,apartment total count,0.6339885775658818,4.524412833669714e-06,0.0962623692486411,higher turnout,62
block1_age_65_plus_share,-0.0094464928770879,0.0094464928770879,full_unfiltered_pls,"PLS, full predictor universe",component_6,age_structure,age 65 plus share,1.2193891948939333,0.1874292207473429,0.2133387541635903,higher turnout,63
block2_apartment_duplex_count,-0.0091788944219853,0.0091788944219853,full_unfiltered_pls,"PLS, full predictor universe",component_6,housing_form_density,apartment duplex count,0.8656746688988773,-6.6003896854551245e-06,-0.1695092660464845,lower turnout,64
block2_condo_share,-0.0090004483077272,0.0090004483077272,full_unfiltered_pls,"PLS, full predictor universe",component_6,housing_form_density,condo share,0.6642805610751094,0.0085054459420476,0.0838192896325982,higher turnout,65
block4_mayoral_candidate_count_5pct,0.0081404478446029,0.0081404478446029,full_unfiltered_pls,"PLS, full predictor universe",component_6,mayoral_competitiveness,mayoral candidate count above 5 percent,0.5835035863176945,-0.0016141756989199,-0.1073608176704616,lower turnout,66
block3_recent_immigrant_share,0.0050952269536398,0.0050952269536398,full_unfiltered_pls,"PLS, full predictor universe",component_6,immigration_citizenship,recent immigrant share,1.2265590306069127,-0.1283550755802563,-0.3169936522850532,lower turnout,67
block2_condominium_dwellings_count,0.0040819948601856,0.0040819948601856,full_unfiltered_pls,"PLS, full predictor universe",component_6,housing_form_density,condominium dwellings count,0.5713038998196234,1.331904301537614e-06,0.0712834620017408,higher turnout,68
block1_low_income_lim_at_share,-0.0038646294310461,0.0038646294310461,full_unfiltered_pls,"PLS, full predictor universe",component_6,household_class,low income share,0.919174732311574,-0.1064668037183354,-0.1991083585229759,lower turnout,69
block2_semi_detached_share,-0.0019334133818495,0.0019334133818495,full_unfiltered_pls,"PLS, full predictor universe",component_6,housing_form_density,semi detached share,0.5696319217048027,0.1063669492235196,0.0945253145055546,higher turnout,70
block5_development_applications_2021_2025_per_1000,0.4539239194035718,0.4539239194035718,full_unfiltered_pls,"PLS, full predictor universe",component_7,service_contact,development applications 2021-2025 per 1000,0.6903929832455855,-0.001550375820008,0.0979184698679555,lower turnout,1
block5_ksi_collision_events_2021_2025_per_1000,0.4109625202070169,0.4109625202070169,full_unfiltered_pls,"PLS, full predictor universe",component_7,service_contact,ksi collision events 2021-2025 per 1000,0.933160581562961,0.0154139707677875,0.1600425004005533,higher turnout,2
block5_development_applications_2021_2025,0.3762281516236852,0.3762281516236852,full_unfiltered_pls,"PLS, full predictor universe",component_7,service_contact,development applications 2021-2025,0.6660345168105122,0.0003331899281356,0.1197742264217584,higher turnout,3
block5_requests_311_2023_2025_estimated_count,0.3280705470461395,0.3280705470461395,full_unfiltered_pls,"PLS, full predictor universe",component_7,service_contact,requests 311 2023 2025 estimated count,0.8444954061003026,1.045213624854593e-05,0.1681797029031864,higher turnout,4
block5_requests_311_per_1000,0.3235955581595121,0.3235955581595121,full_unfiltered_pls,"PLS, full predictor universe",component_7,service_contact,requests 311 per 1000,0.7652718950817419,-4.703485433956742e-06,0.1424094041604848,lower turnout,5
block4_provincial_margin,-0.3159694131119959,0.3159694131119959,full_unfiltered_pls,"PLS, full predictor universe",component_7,provincial_competitiveness,provincial margin,0.8024452435409177,-0.0500380205230649,0.1842057352059481,lower turnout,6
block4_effective_provincial_parties_5pct,0.3097096808161786,0.3097096808161786,full_unfiltered_pls,"PLS, full predictor universe",component_7,provincial_competitiveness,effective provincial parties above 5 percent,0.5291960870566139,-0.023980149042417,-0.0520026161486258,lower turnout,7
block4_provincial_vote_fragmentation,0.3025699566486898,0.3025699566486898,full_unfiltered_pls,"PLS, full predictor universe",component_7,provincial_competitiveness,provincial vote fragmentation,0.5297926740484911,-0.0459131275206785,-0.061529194929253,lower turnout,8
block4_mayoral_candidate_count_5pct,0.1998186474752872,0.1998186474752872,full_unfiltered_pls,"PLS, full predictor universe",component_7,mayoral_competitiveness,mayoral candidate count above 5 percent,0.5835035863176945,-0.0016141756989199,-0.1073608176704616,lower turnout,9
block4_mayoral_winner_margin,-0.1837582385341085,0.1837582385341085,full_unfiltered_pls,"PLS, full predictor universe",component_7,mayoral_competitiveness,mayoral winner margin,1.1511798391382846,-0.0199637605256995,0.2880791954472449,lower turnout,10
block4_mayoral_top_two_margin,-0.1837582385341085,0.1837582385341085,full_unfiltered_pls,"PLS, full predictor universe",component_7,mayoral_competitiveness,mayoral top two margin,1.1511798391382846,-0.0199637605256995,0.2880791954472449,lower turnout,11
block5_shelter_access_1200m,0.1589343899992947,0.1589343899992947,full_unfiltered_pls,"PLS, full predictor universe",component_7,service_access,shelter access within 1200m,0.7278811838262331,0.00862737829869,0.139289468908494,higher turnout,12
block5_shelter_count_1200m,0.1394200841193675,0.1394200841193675,full_unfiltered_pls,"PLS, full predictor universe",component_7,service_access,shelter count within 1200m,0.81804117762369,-0.0054847267083613,0.0819292154021431,lower turnout,13
block5_shelter_nearest_m,-0.1346858418674331,0.1346858418674331,full_unfiltered_pls,"PLS, full predictor universe",component_7,service_access,shelter nearest m,0.7183886581410382,5.206365507886289e-06,-0.1455996932912626,higher turnout,14
block2_population_density_per_km2,-0.1343671345114444,0.1343671345114444,full_unfiltered_pls,"PLS, full predictor universe",component_7,housing_form_density,population density per km2,0.744099922601799,1.9611257380462778e-06,0.1015516864900301,higher turnout,15
block4_federal_vote_fragmentation,0.1333409115205582,0.1333409115205582,full_unfiltered_pls,"PLS, full predictor universe",component_7,federal_competitiveness,federal vote fragmentation,0.4364779251405828,-0.1081280515771039,-0.0567092795569962,lower turnout,16
block4_effective_federal_parties_5pct,0.1329786220797834,0.1329786220797834,full_unfiltered_pls,"PLS, full predictor universe",component_7,federal_competitiveness,effective federal parties above 5 percent,0.4163645218384199,0.0322388920237738,-0.0294589848457661,higher turnout,17
block5_social_housing_share,0.1289062142755445,0.1289062142755445,full_unfiltered_pls,"PLS, full predictor universe",component_7,service_contact,social housing share,0.7473637847512891,0.0111880021037325,-0.1906995037869376,higher turnout,18
block1_low_income_lim_at_share,0.126812200959552,0.126812200959552,full_unfiltered_pls,"PLS, full predictor universe",component_7,household_class,low income share,0.919174732311574,-0.1064668037183354,-0.1991083585229759,lower turnout,19
block1_age_65_plus_share,0.1248403117424668,0.1248403117424668,full_unfiltered_pls,"PLS, full predictor universe",component_7,age_structure,age 65 plus share,1.2193891948939333,0.1874292207473429,0.2133387541635903,higher turnout,20
block5_tts_overlap_area_m2,0.1134943063993614,0.1134943063993614,full_unfiltered_pls,"PLS, full predictor universe",component_7,transportation_access,tts overlap area m2,0.6485607648098982,-5.834406232826406e-09,-0.1018882690386049,lower turnout,21
block1_age_35_64_share,-0.110815617597971,0.110815617597971,full_unfiltered_pls,"PLS, full predictor universe",component_7,age_structure,age 35-64 share,0.7078845584349927,-0.1336727241003702,0.1534141927524591,lower turnout,22
block5_community_centre_count_1200m,0.1094288323265258,0.1094288323265258,full_unfiltered_pls,"PLS, full predictor universe",component_7,service_access,community centre count within 1200m,0.4240512969439813,0.0013710755634545,-0.0402189530079753,higher turnout,23
block2_condos_per_km2,-0.1075143683410588,0.1075143683410588,full_unfiltered_pls,"PLS, full predictor universe",component_7,housing_form_density,condos per km2,0.5785593369247509,-2.824727080304112e-06,0.0713239176116336,lower turnout,24
block2_apartments_per_km2,-0.1053588530370385,0.1053588530370385,full_unfiltered_pls,"PLS, full predictor universe",component_7,housing_form_density,apartments per km2,0.6729649978691506,4.80899530055314e-07,0.1145971835027193,higher turnout,25
block5_ksi_collision_events_2021_2025,0.1048177704527618,0.1048177704527618,full_unfiltered_pls,"PLS, full predictor universe",component_7,service_contact,ksi collision events 2021-2025,0.6176868364740915,-0.0055616952339799,-0.0504363746710357,lower turnout,26
block3_english_french_knowledge_share,0.1010094419973689,0.1010094419973689,full_unfiltered_pls,"PLS, full predictor universe",component_7,immigration_citizenship,english french knowledge share,0.9691090462988766,0.1148448698570238,0.2657182066635518,higher turnout,27
block5_park_count_1200m,0.1008653112395543,0.1008653112395543,full_unfiltered_pls,"PLS, full predictor universe",component_7,service_access,park count within 1200m,0.5809253870782397,-0.000173605913418,0.1081860610896306,lower turnout,28
block4_mayoral_vote_fragmentation,0.1003440931225365,0.1003440931225365,full_unfiltered_pls,"PLS, full predictor universe",component_7,mayoral_competitiveness,mayoral vote fragmentation,1.7746629677356136,0.0550018546285246,-0.4947655902228703,higher turnout,29
block5_park_nearest_m,-0.0927835995164648,0.0927835995164648,full_unfiltered_pls,"PLS, full predictor universe",component_7,service_access,park nearest m,0.3663533225254259,1.3394848697259532e-05,0.06589187924975,higher turnout,30
block2_apartment_total_count,-0.0916284278752615,0.0916284278752615,full_unfiltered_pls,"PLS, full predictor universe",component_7,housing_form_density,apartment total count,0.6339885775658818,4.524412833669714e-06,0.0962623692486411,higher turnout,31
block2_condo_status_total_dwellings,-0.0910840917491987,0.0910840917491987,full_unfiltered_pls,"PLS, full predictor universe",component_7,housing_form_density,condo status total dwellings,0.5417085543181436,-3.528287632757631e-06,0.0827031980741296,lower turnout,32
block2_condominium_dwellings_count,-0.0899236168013913,0.0899236168013913,full_unfiltered_pls,"PLS, full predictor universe",component_7,housing_form_density,condominium dwellings count,0.5713038998196234,1.331904301537614e-06,0.0712834620017408,higher turnout,33
block2_structural_type_total_dwellings,-0.0883977614858829,0.0883977614858829,full_unfiltered_pls,"PLS, full predictor universe",component_7,housing_form_density,structural type total dwellings,0.5431720013267841,-4.2339416680413857e-07,0.0837227578401428,lower turnout,34
block2_apartment_lt5_storeys_count,-0.084446232880399,0.084446232880399,full_unfiltered_pls,"PLS, full predictor universe",component_7,housing_form_density,apartment lt5 storeys count,1.034255130143337,1.61509738780095e-07,0.2749210675143693,higher turnout,35
block1_average_household_size,-0.0821779391801968,0.0821779391801968,full_unfiltered_pls,"PLS, full predictor universe",component_7,household_class,average household size,1.8339381518465088,-0.051503601170769,-0.4853694431785831,lower turnout,36
block3_citizen_adult_share,-0.0779731489841466,0.0779731489841466,full_unfiltered_pls,"PLS, full predictor universe",component_7,immigration_citizenship,citizen adult share,1.4006876047880097,-0.1913319702767836,0.3529129517446247,lower turnout,37
block2_semi_detached_share,-0.0724888976459733,0.0724888976459733,full_unfiltered_pls,"PLS, full predictor universe",component_7,housing_form_density,semi detached share,0.5696319217048027,0.1063669492235196,0.0945253145055546,higher turnout,38
block2_apartment_5plus_storeys_count,-0.0721354549134187,0.0721354549134187,full_unfiltered_pls,"PLS, full predictor universe",component_7,housing_form_density,apartment 5plus storeys count,0.5660776531523269,4.3985121735472454e-06,0.0353565796377126,higher turnout,39
block4_effective_mayoral_candidates_5pct,0.0717951801024559,0.0717951801024559,full_unfiltered_pls,"PLS, full predictor universe",component_7,mayoral_competitiveness,effective mayoral candidates above 5 percent,1.9072643909961928,-0.0262471441850547,-0.5348452867055592,lower turnout,40
block3_visible_minority_share,-0.0685182679019604,0.0685182679019604,full_unfiltered_pls,"PLS, full predictor universe",component_7,immigration_citizenship,visible minority share,2.286269532925811,-0.103450336145175,-0.641719581625304,lower turnout,41
block5_community_centre_nearest_m,-0.0606118760560195,0.0606118760560195,full_unfiltered_pls,"PLS, full predictor universe",component_7,service_access,community centre nearest m,0.5583317814564572,1.001535196043694e-05,0.0632436238742859,higher turnout,42
block5_library_nearest_m,0.0562086695709657,0.0562086695709657,full_unfiltered_pls,"PLS, full predictor universe",component_7,service_access,library nearest m,0.680128983904333,1.0057477041058538e-05,-0.1373740097025271,higher turnout,43
block2_apartment_duplex_count,0.0554602108423144,0.0554602108423144,full_unfiltered_pls,"PLS, full predictor universe",component_7,housing_form_density,apartment duplex count,0.8656746688988773,-6.6003896854551245e-06,-0.1695092660464845,lower turnout,44
block3_immigrant_share,-0.0534213353250981,0.0534213353250981,full_unfiltered_pls,"PLS, full predictor universe",component_7,immigration_citizenship,immigrant share,2.0305779894299376,-0.0623192461449433,-0.5732688168347703,lower turnout,45
block1_median_age,0.0524096102925229,0.0524096102925229,full_unfiltered_pls,"PLS, full predictor universe",component_7,age_structure,median age,1.2683668552473406,-0.0022601964539123,0.252816324948758,lower turnout,46
block3_recent_immigrant_share,-0.0522665545091588,0.0522665545091588,full_unfiltered_pls,"PLS, full predictor universe",component_7,immigration_citizenship,recent immigrant share,1.2265590306069127,-0.1283550755802563,-0.3169936522850532,lower turnout,47
block2_detached_share,0.0489334039811891,0.0489334039811891,full_unfiltered_pls,"PLS, full predictor universe",component_7,housing_form_density,detached share,0.7424474869047339,0.0045946988993297,-0.0469963024981276,higher turnout,48
block3_non_official_mother_tongue_share,-0.0443875176215977,0.0443875176215977,full_unfiltered_pls,"PLS, full predictor universe",component_7,immigration_citizenship,non official mother tongue share,1.7512500539067448,0.0258167373625631,-0.4913579538945768,higher turnout,49
block4_federal_party_count_5pct,0.0398554166697942,0.0398554166697942,full_unfiltered_pls,"PLS, full predictor universe",component_7,federal_competitiveness,federal party count above 5 percent,0.9124670723273868,-0.012560245829568,0.2058588649673379,lower turnout,50
block1_age_18_34_share,-0.0394812989141273,0.0394812989141273,full_unfiltered_pls,"PLS, full predictor universe",component_7,age_structure,age 18-34 share,0.9317264899970372,-0.2031007439902942,-0.1385831769483199,lower turnout,51
block5_tts_no_car_household_share,0.0388784446131874,0.0388784446131874,full_unfiltered_pls,"PLS, full predictor universe",component_7,transportation_access,tts no car household share,0.8323521638785889,0.0146188325631732,0.1750666880470893,higher turnout,52
block5_no_car_household_share,0.0388784446131874,0.0388784446131874,full_unfiltered_pls,"PLS, full predictor universe",component_7,transportation_access,no car household share,0.8323521638785889,0.0146188325631732,0.1750666880470893,higher turnout,53
block5_community_centre_access_1200m,0.038595056008358,0.038595056008358,full_unfiltered_pls,"PLS, full predictor universe",component_7,service_access,community centre access within 1200m,0.4947574119258981,-0.0029308065262977,-0.0368155841481312,lower turnout,54
block2_same_address_5yr_share,-0.0317517105779575,0.0317517105779575,full_unfiltered_pls,"PLS, full predictor universe",component_7,residential_stability,same address 5yr share,0.6442613174177084,-0.0055429268416349,-0.1197215824282485,lower turnout,55
block4_federal_margin,-0.0278330812407042,0.0278330812407042,full_unfiltered_pls,"PLS, full predictor universe",component_7,federal_competitiveness,federal margin,1.0653576032644425,0.1200175923572764,0.2722933309313181,higher turnout,56
block5_transit_commute_share_preferred,0.0239158433690389,0.0239158433690389,full_unfiltered_pls,"PLS, full predictor universe",component_7,transportation_access,transit commute share preferred,0.5375880158907198,-0.0208395537130701,-0.0024300518753355,lower turnout,57
block5_tts_transit_trip_share,0.0239158433690389,0.0239158433690389,full_unfiltered_pls,"PLS, full predictor universe",component_7,transportation_access,tts transit trip share,0.5375880158907198,-0.0208395537130701,-0.0024300518753355,lower turnout,58
block2_apartment_share,-0.0203619393405569,0.0203619393405569,full_unfiltered_pls,"PLS, full predictor universe",component_7,housing_form_density,apartment share,0.8626403640796838,0.0656613400150529,0.0886137557007385,higher turnout,59
block5_school_age_5_17_share,-0.0201218494224102,0.0201218494224102,full_unfiltered_pls,"PLS, full predictor universe",component_7,service_contact,school age 5-17 share,0.881846243930762,0.0087342616737712,-0.197289193792225,higher turnout,60
block2_condo_share,-0.0198724376183466,0.0198724376183466,full_unfiltered_pls,"PLS, full predictor universe",component_7,housing_form_density,condo share,0.6642805610751094,0.0085054459420476,0.0838192896325982,higher turnout,61
block3_non_citizen_share,-0.0195928588488581,0.0195928588488581,full_unfiltered_pls,"PLS, full predictor universe",component_7,immigration_citizenship,non citizen share,1.5343079872071526,-0.1335175556642966,-0.4172089393130335,lower turnout,62
block4_provincial_party_count_5pct,-0.0176115280802126,0.0176115280802126,full_unfiltered_pls,"PLS, full predictor universe",component_7,provincial_competitiveness,provincial party count above 5 percent,0.6880210851317852,-0.0014130939940312,-0.1501506617539185,lower turnout,63
block2_owner_share,-0.016971217931149,0.016971217931149,full_unfiltered_pls,"PLS, full predictor universe",component_7,housing_tenure,owner share,0.6660162010221498,0.0326384900605548,0.0793321298327959,higher turnout,64
block2_renter_share,0.0162388406995499,0.0162388406995499,full_unfiltered_pls,"PLS, full predictor universe",component_7,housing_tenure,renter share,0.6707614848568206,-0.0393351258923353,-0.0811777605845005,lower turnout,65
block5_library_count_1200m,-0.0135103528338629,0.0135103528338629,full_unfiltered_pls,"PLS, full predictor universe",component_7,service_access,library count within 1200m,0.9904279206021056,-0.0031799903121342,0.245558592268723,lower turnout,66
block1_bachelors_or_higher_25_64_share,-0.0134000826049167,0.0134000826049167,full_unfiltered_pls,"PLS, full predictor universe",component_7,household_class,bachelors or higher 25-64 share,1.9845187827035136,0.0584508741505875,0.5538351812081346,higher turnout,67
block5_library_access_1200m,-0.0130489304154864,0.0130489304154864,full_unfiltered_pls,"PLS, full predictor universe",component_7,service_access,library access within 1200m,0.6296411080496338,0.0039894061839985,0.1369242416385467,higher turnout,68
block1_unemployment_rate_share,-0.0055815656184754,0.0055815656184754,full_unfiltered_pls,"PLS, full predictor universe",component_7,household_class,unemployment rate share,1.9343897368501288,-0.0026525534119159,-0.5317030955586906,lower turnout,69
block2_same_address_1yr_share,0.0022771652702738,0.0022771652702738,full_unfiltered_pls,"PLS, full predictor universe",component_7,residential_stability,same address 1yr share,0.7484721922475122,0.121604022189258,-0.1563200718536234,higher turnout,70
block4_provincial_vote_fragmentation,-0.6796587225663289,0.6796587225663289,full_unfiltered_pls,"PLS, full predictor universe",component_8,provincial_competitiveness,provincial vote fragmentation,0.5297926740484911,-0.0459131275206785,-0.061529194929253,lower turnout,1
block4_effective_provincial_parties_5pct,-0.67885947966822,0.67885947966822,full_unfiltered_pls,"PLS, full predictor universe",component_8,provincial_competitiveness,effective provincial parties above 5 percent,0.5291960870566139,-0.023980149042417,-0.0520026161486258,lower turnout,2
block4_provincial_margin,0.432233497091429,0.432233497091429,full_unfiltered_pls,"PLS, full predictor universe",component_8,provincial_competitiveness,provincial margin,0.8024452435409177,-0.0500380205230649,0.1842057352059481,lower turnout,3
block4_mayoral_winner_margin,0.3305698192690297,0.3305698192690297,full_unfiltered_pls,"PLS, full predictor universe",component_8,mayoral_competitiveness,mayoral winner margin,1.1511798391382846,-0.0199637605256995,0.2880791954472449,lower turnout,4
block4_mayoral_top_two_margin,0.3305698192690297,0.3305698192690297,full_unfiltered_pls,"PLS, full predictor universe",component_8,mayoral_competitiveness,mayoral top two margin,1.1511798391382846,-0.0199637605256995,0.2880791954472449,lower turnout,5
block4_mayoral_vote_fragmentation,-0.2467225192179186,0.2467225192179186,full_unfiltered_pls,"PLS, full predictor universe",component_8,mayoral_competitiveness,mayoral vote fragmentation,1.7746629677356136,0.0550018546285246,-0.4947655902228703,higher turnout,6
block2_semi_detached_share,-0.2391569550668269,0.2391569550668269,full_unfiltered_pls,"PLS, full predictor universe",component_8,housing_form_density,semi detached share,0.5696319217048027,0.1063669492235196,0.0945253145055546,higher turnout,7
block1_unemployment_rate_share,0.2242711759099077,0.2242711759099077,full_unfiltered_pls,"PLS, full predictor universe",component_8,household_class,unemployment rate share,1.9343897368501288,-0.0026525534119159,-0.5317030955586906,lower turnout,8
block4_provincial_party_count_5pct,-0.2181765395950215,0.2181765395950215,full_unfiltered_pls,"PLS, full predictor universe",component_8,provincial_competitiveness,provincial party count above 5 percent,0.6880210851317852,-0.0014130939940312,-0.1501506617539185,lower turnout,9
block4_federal_party_count_5pct,-0.2107804811158681,0.2107804811158681,full_unfiltered_pls,"PLS, full predictor universe",component_8,federal_competitiveness,federal party count above 5 percent,0.9124670723273868,-0.012560245829568,0.2058588649673379,lower turnout,10
block4_effective_mayoral_candidates_5pct,-0.194913834643252,0.194913834643252,full_unfiltered_pls,"PLS, full predictor universe",component_8,mayoral_competitiveness,effective mayoral candidates above 5 percent,1.9072643909961928,-0.0262471441850547,-0.5348452867055592,lower turnout,11
block3_english_french_knowledge_share,-0.1822360624206028,0.1822360624206028,full_unfiltered_pls,"PLS, full predictor universe",component_8,immigration_citizenship,english french knowledge share,0.9691090462988766,0.1148448698570238,0.2657182066635518,higher turnout,12
block5_park_count_1200m,-0.1694881416226459,0.1694881416226459,full_unfiltered_pls,"PLS, full predictor universe",component_8,service_access,park count within 1200m,0.5809253870782397,-0.000173605913418,0.1081860610896306,lower turnout,13
block5_ksi_collision_events_2021_2025,-0.1508216258440597,0.1508216258440597,full_unfiltered_pls,"PLS, full predictor universe",component_8,service_contact,ksi collision events 2021-2025,0.6176868364740915,-0.0055616952339799,-0.0504363746710357,lower turnout,14
block3_citizen_adult_share,-0.1491203274203659,0.1491203274203659,full_unfiltered_pls,"PLS, full predictor universe",component_8,immigration_citizenship,citizen adult share,1.4006876047880097,-0.1913319702767836,0.3529129517446247,lower turnout,15
block3_non_official_mother_tongue_share,0.1458940910833849,0.1458940910833849,full_unfiltered_pls,"PLS, full predictor universe",component_8,immigration_citizenship,non official mother tongue share,1.7512500539067448,0.0258167373625631,-0.4913579538945768,higher turnout,16
block5_shelter_nearest_m,0.1422950689445792,0.1422950689445792,full_unfiltered_pls,"PLS, full predictor universe",component_8,service_access,shelter nearest m,0.7183886581410382,5.206365507886289e-06,-0.1455996932912626,higher turnout,17
block2_apartment_share,0.1395470783291894,0.1395470783291894,full_unfiltered_pls,"PLS, full predictor universe",component_8,housing_form_density,apartment share,0.8626403640796838,0.0656613400150529,0.0886137557007385,higher turnout,18
block2_condos_per_km2,-0.1279727056532387,0.1279727056532387,full_unfiltered_pls,"PLS, full predictor universe",component_8,housing_form_density,condos per km2,0.5785593369247509,-2.824727080304112e-06,0.0713239176116336,lower turnout,19
block1_low_income_lim_at_share,0.1243975763295233,0.1243975763295233,full_unfiltered_pls,"PLS, full predictor universe",component_8,household_class,low income share,0.919174732311574,-0.1064668037183354,-0.1991083585229759,lower turnout,20
block2_owner_share,-0.1220993720250704,0.1220993720250704,full_unfiltered_pls,"PLS, full predictor universe",component_8,housing_tenure,owner share,0.6660162010221498,0.0326384900605548,0.0793321298327959,higher turnout,21
block2_renter_share,0.1205566601662124,0.1205566601662124,full_unfiltered_pls,"PLS, full predictor universe",component_8,housing_tenure,renter share,0.6707614848568206,-0.0393351258923353,-0.0811777605845005,lower turnout,22
block3_immigrant_share,0.1169019075953183,0.1169019075953183,full_unfiltered_pls,"PLS, full predictor universe",component_8,immigration_citizenship,immigrant share,2.0305779894299376,-0.0623192461449433,-0.5732688168347703,lower turnout,23
block5_tts_no_car_household_share,0.11246589092682,0.11246589092682,full_unfiltered_pls,"PLS, full predictor universe",component_8,transportation_access,tts no car household share,0.8323521638785889,0.0146188325631732,0.1750666880470893,higher turnout,24
block5_no_car_household_share,0.11246589092682,0.11246589092682,full_unfiltered_pls,"PLS, full predictor universe",component_8,transportation_access,no car household share,0.8323521638785889,0.0146188325631732,0.1750666880470893,higher turnout,25
block1_age_35_64_share,-0.1070175737068714,0.1070175737068714,full_unfiltered_pls,"PLS, full predictor universe",component_8,age_structure,age 35-64 share,0.7078845584349927,-0.1336727241003702,0.1534141927524591,lower turnout,26
block1_bachelors_or_higher_25_64_share,-0.0856961423826143,0.0856961423826143,full_unfiltered_pls,"PLS, full predictor universe",component_8,household_class,bachelors or higher 25-64 share,1.9845187827035136,0.0584508741505875,0.5538351812081346,higher turnout,27
block3_recent_immigrant_share,0.0851600877230475,0.0851600877230475,full_unfiltered_pls,"PLS, full predictor universe",component_8,immigration_citizenship,recent immigrant share,1.2265590306069127,-0.1283550755802563,-0.3169936522850532,lower turnout,28
block3_non_citizen_share,0.0847974244461289,0.0847974244461289,full_unfiltered_pls,"PLS, full predictor universe",component_8,immigration_citizenship,non citizen share,1.5343079872071526,-0.1335175556642966,-0.4172089393130335,lower turnout,29
block2_condominium_dwellings_count,-0.079389251360093,0.079389251360093,full_unfiltered_pls,"PLS, full predictor universe",component_8,housing_form_density,condominium dwellings count,0.5713038998196234,1.331904301537614e-06,0.0712834620017408,higher turnout,30
block2_condo_status_total_dwellings,-0.0688459720974636,0.0688459720974636,full_unfiltered_pls,"PLS, full predictor universe",component_8,housing_form_density,condo status total dwellings,0.5417085543181436,-3.528287632757631e-06,0.0827031980741296,lower turnout,31
block2_structural_type_total_dwellings,-0.0672884006498,0.0672884006498,full_unfiltered_pls,"PLS, full predictor universe",component_8,housing_form_density,structural type total dwellings,0.5431720013267841,-4.2339416680413857e-07,0.0837227578401428,lower turnout,32
block1_age_65_plus_share,0.0665224117512857,0.0665224117512857,full_unfiltered_pls,"PLS, full predictor universe",component_8,age_structure,age 65 plus share,1.2193891948939333,0.1874292207473429,0.2133387541635903,higher turnout,33
block5_park_nearest_m,-0.0642447839553253,0.0642447839553253,full_unfiltered_pls,"PLS, full predictor universe",component_8,service_access,park nearest m,0.3663533225254259,1.3394848697259532e-05,0.06589187924975,higher turnout,34
block5_tts_overlap_area_m2,-0.0631579011147265,0.0631579011147265,full_unfiltered_pls,"PLS, full predictor universe",component_8,transportation_access,tts overlap area m2,0.6485607648098982,-5.834406232826406e-09,-0.1018882690386049,lower turnout,35
block4_mayoral_candidate_count_5pct,-0.0630978255236351,0.0630978255236351,full_unfiltered_pls,"PLS, full predictor universe",component_8,mayoral_competitiveness,mayoral candidate count above 5 percent,0.5835035863176945,-0.0016141756989199,-0.1073608176704616,lower turnout,36
block5_requests_311_2023_2025_estimated_count,-0.0630229512194642,0.0630229512194642,full_unfiltered_pls,"PLS, full predictor universe",component_8,service_contact,requests 311 2023 2025 estimated count,0.8444954061003026,1.045213624854593e-05,0.1681797029031864,higher turnout,37
block2_apartments_per_km2,-0.0573849147177731,0.0573849147177731,full_unfiltered_pls,"PLS, full predictor universe",component_8,housing_form_density,apartments per km2,0.6729649978691506,4.80899530055314e-07,0.1145971835027193,higher turnout,38
block5_school_age_5_17_share,-0.0545308736241458,0.0545308736241458,full_unfiltered_pls,"PLS, full predictor universe",component_8,service_contact,school age 5-17 share,0.881846243930762,0.0087342616737712,-0.197289193792225,higher turnout,39
block5_shelter_count_1200m,0.0533942029566424,0.0533942029566424,full_unfiltered_pls,"PLS, full predictor universe",component_8,service_access,shelter count within 1200m,0.81804117762369,-0.0054847267083613,0.0819292154021431,lower turnout,40
block4_federal_vote_fragmentation,-0.0514781126279047,0.0514781126279047,full_unfiltered_pls,"PLS, full predictor universe",component_8,federal_competitiveness,federal vote fragmentation,0.4364779251405828,-0.1081280515771039,-0.0567092795569962,lower turnout,41
block2_apartment_lt5_storeys_count,0.0485752727561467,0.0485752727561467,full_unfiltered_pls,"PLS, full predictor universe",component_8,housing_form_density,apartment lt5 storeys count,1.034255130143337,1.61509738780095e-07,0.2749210675143693,higher turnout,42
block3_visible_minority_share,0.0463487996878951,0.0463487996878951,full_unfiltered_pls,"PLS, full predictor universe",component_8,immigration_citizenship,visible minority share,2.286269532925811,-0.103450336145175,-0.641719581625304,lower turnout,43
block5_transit_commute_share_preferred,0.0452005724529548,0.0452005724529548,full_unfiltered_pls,"PLS, full predictor universe",component_8,transportation_access,transit commute share preferred,0.5375880158907198,-0.0208395537130701,-0.0024300518753355,lower turnout,44
block5_tts_transit_trip_share,0.0452005724529548,0.0452005724529548,full_unfiltered_pls,"PLS, full predictor universe",component_8,transportation_access,tts transit trip share,0.5375880158907198,-0.0208395537130701,-0.0024300518753355,lower turnout,45
block4_effective_federal_parties_5pct,-0.0420954554965019,0.0420954554965019,full_unfiltered_pls,"PLS, full predictor universe",component_8,federal_competitiveness,effective federal parties above 5 percent,0.4163645218384199,0.0322388920237738,-0.0294589848457661,higher turnout,46
block5_social_housing_share,-0.0417938343470562,0.0417938343470562,full_unfiltered_pls,"PLS, full predictor universe",component_8,service_contact,social housing share,0.7473637847512891,0.0111880021037325,-0.1906995037869376,higher turnout,47
block5_requests_311_per_1000,0.0411348741543994,0.0411348741543994,full_unfiltered_pls,"PLS, full predictor universe",component_8,service_contact,requests 311 per 1000,0.7652718950817419,-4.703485433956742e-06,0.1424094041604848,lower turnout,48
block2_detached_share,-0.0406056565237045,0.0406056565237045,full_unfiltered_pls,"PLS, full predictor universe",component_8,housing_form_density,detached share,0.7424474869047339,0.0045946988993297,-0.0469963024981276,higher turnout,49
block2_same_address_1yr_share,0.0353109495750228,0.0353109495750228,full_unfiltered_pls,"PLS, full predictor universe",component_8,residential_stability,same address 1yr share,0.7484721922475122,0.121604022189258,-0.1563200718536234,higher turnout,50
block2_population_density_per_km2,-0.0347215048197733,0.0347215048197733,full_unfiltered_pls,"PLS, full predictor universe",component_8,housing_form_density,population density per km2,0.744099922601799,1.9611257380462778e-06,0.1015516864900301,higher turnout,51
block5_community_centre_count_1200m,-0.0328021385572177,0.0328021385572177,full_unfiltered_pls,"PLS, full predictor universe",component_8,service_access,community centre count within 1200m,0.4240512969439813,0.0013710755634545,-0.0402189530079753,higher turnout,52
block5_community_centre_nearest_m,-0.0317993396887027,0.0317993396887027,full_unfiltered_pls,"PLS, full predictor universe",component_8,service_access,community centre nearest m,0.5583317814564572,1.001535196043694e-05,0.0632436238742859,higher turnout,53
block5_development_applications_2021_2025,0.0300782722222678,0.0300782722222678,full_unfiltered_pls,"PLS, full predictor universe",component_8,service_contact,development applications 2021-2025,0.6660345168105122,0.0003331899281356,0.1197742264217584,higher turnout,54
block5_ksi_collision_events_2021_2025_per_1000,0.0297987352394218,0.0297987352394218,full_unfiltered_pls,"PLS, full predictor universe",component_8,service_contact,ksi collision events 2021-2025 per 1000,0.933160581562961,0.0154139707677875,0.1600425004005533,higher turnout,55
block5_community_centre_access_1200m,0.0284557110154603,0.0284557110154603,full_unfiltered_pls,"PLS, full predictor universe",component_8,service_access,community centre access within 1200m,0.4947574119258981,-0.0029308065262977,-0.0368155841481312,lower turnout,56
block5_library_nearest_m,0.0281666969475942,0.0281666969475942,full_unfiltered_pls,"PLS, full predictor universe",component_8,service_access,library nearest m,0.680128983904333,1.0057477041058538e-05,-0.1373740097025271,higher turnout,57
block1_median_age,-0.0274059646366093,0.0274059646366093,full_unfiltered_pls,"PLS, full predictor universe",component_8,age_structure,median age,1.2683668552473406,-0.0022601964539123,0.252816324948758,lower turnout,58
block1_age_18_34_share,0.0270755045182031,0.0270755045182031,full_unfiltered_pls,"PLS, full predictor universe",component_8,age_structure,age 18-34 share,0.9317264899970372,-0.2031007439902942,-0.1385831769483199,lower turnout,59
block2_apartment_5plus_storeys_count,-0.0245382655583793,0.0245382655583793,full_unfiltered_pls,"PLS, full predictor universe",component_8,housing_form_density,apartment 5plus storeys count,0.5660776531523269,4.3985121735472454e-06,0.0353565796377126,higher turnout,60
block5_library_count_1200m,0.020873215742888,0.020873215742888,full_unfiltered_pls,"PLS, full predictor universe",component_8,service_access,library count within 1200m,0.9904279206021056,-0.0031799903121342,0.245558592268723,lower turnout,61
block5_shelter_access_1200m,-0.0202176911919929,0.0202176911919929,full_unfiltered_pls,"PLS, full predictor universe",component_8,service_access,shelter access within 1200m,0.7278811838262331,0.00862737829869,0.139289468908494,higher turnout,62
block4_federal_margin,-0.0201250611136915,0.0201250611136915,full_unfiltered_pls,"PLS, full predictor universe",component_8,federal_competitiveness,federal margin,1.0653576032644425,0.1200175923572764,0.2722933309313181,higher turnout,63
block5_development_applications_2021_2025_per_1000,-0.0183179124390144,0.0183179124390144,full_unfiltered_pls,"PLS, full predictor universe",component_8,service_contact,development applications 2021-2025 per 1000,0.6903929832455855,-0.001550375820008,0.0979184698679555,lower turnout,64
block2_apartment_duplex_count,0.0130133351620023,0.0130133351620023,full_unfiltered_pls,"PLS, full predictor universe",component_8,housing_form_density,apartment duplex count,0.8656746688988773,-6.6003896854551245e-06,-0.1695092660464845,lower turnout,65
block2_apartment_total_count,-0.011189839213461,0.011189839213461,full_unfiltered_pls,"PLS, full predictor universe",component_8,housing_form_density,apartment total count,0.6339885775658818,4.524412833669714e-06,0.0962623692486411,higher turnout,66
block1_average_household_size,0.0096443409330409,0.0096443409330409,full_unfiltered_pls,"PLS, full predictor universe",component_8,household_class,average household size,1.8339381518465088,-0.051503601170769,-0.4853694431785831,lower turnout,67
block2_condo_share,0.0088362962541162,0.0088362962541162,full_unfiltered_pls,"PLS, full predictor universe",component_8,housing_form_density,condo share,0.6642805610751094,0.0085054459420476,0.0838192896325982,higher turnout,68
block5_library_access_1200m,0.0034125800477116,0.0034125800477116,full_unfiltered_pls,"PLS, full predictor universe",component_8,service_access,library access within 1200m,0.6296411080496338,0.0039894061839985,0.1369242416385467,higher turnout,69
block2_same_address_5yr_share,-0.0013926943595089,0.0013926943595089,full_unfiltered_pls,"PLS, full predictor universe",component_8,residential_stability,same address 5yr share,0.6442613174177084,-0.0055429268416349,-0.1197215824282485,lower turnout,70
block3_english_french_knowledge_share,0.343260455168845,0.343260455168845,full_unfiltered_pls,"PLS, full predictor universe",component_9,immigration_citizenship,english french knowledge share,0.9691090462988766,0.1148448698570238,0.2657182066635518,higher turnout,1
block1_low_income_lim_at_share,-0.3391955872783607,0.3391955872783607,full_unfiltered_pls,"PLS, full predictor universe",component_9,household_class,low income share,0.919174732311574,-0.1064668037183354,-0.1991083585229759,lower turnout,2
block4_mayoral_top_two_margin,-0.3215699745692296,0.3215699745692296,full_unfiltered_pls,"PLS, full predictor universe",component_9,mayoral_competitiveness,mayoral top two margin,1.1511798391382846,-0.0199637605256995,0.2880791954472449,lower turnout,3
block4_mayoral_winner_margin,-0.3215699745692296,0.3215699745692296,full_unfiltered_pls,"PLS, full predictor universe",component_9,mayoral_competitiveness,mayoral winner margin,1.1511798391382846,-0.0199637605256995,0.2880791954472449,lower turnout,4
block4_provincial_party_count_5pct,0.3050390906268214,0.3050390906268214,full_unfiltered_pls,"PLS, full predictor universe",component_9,provincial_competitiveness,provincial party count above 5 percent,0.6880210851317852,-0.0014130939940312,-0.1501506617539185,lower turnout,5
block4_mayoral_vote_fragmentation,0.2490470938380035,0.2490470938380035,full_unfiltered_pls,"PLS, full predictor universe",component_9,mayoral_competitiveness,mayoral vote fragmentation,1.7746629677356136,0.0550018546285246,-0.4947655902228703,higher turnout,6
block4_effective_mayoral_candidates_5pct,0.2261017727129504,0.2261017727129504,full_unfiltered_pls,"PLS, full predictor universe",component_9,mayoral_competitiveness,effective mayoral candidates above 5 percent,1.9072643909961928,-0.0262471441850547,-0.5348452867055592,lower turnout,7
block5_requests_311_per_1000,-0.2180469535626104,0.2180469535626104,full_unfiltered_pls,"PLS, full predictor universe",component_9,service_contact,requests 311 per 1000,0.7652718950817419,-4.703485433956742e-06,0.1424094041604848,lower turnout,8
block4_provincial_vote_fragmentation,0.2134824391932262,0.2134824391932262,full_unfiltered_pls,"PLS, full predictor universe",component_9,provincial_competitiveness,provincial vote fragmentation,0.5297926740484911,-0.0459131275206785,-0.061529194929253,lower turnout,9
block5_development_applications_2021_2025_per_1000,-0.2035344742038187,0.2035344742038187,full_unfiltered_pls,"PLS, full predictor universe",component_9,service_contact,development applications 2021-2025 per 1000,0.6903929832455855,-0.001550375820008,0.0979184698679555,lower turnout,10
block3_non_official_mother_tongue_share,-0.2006747244747855,0.2006747244747855,full_unfiltered_pls,"PLS, full predictor universe",component_9,immigration_citizenship,non official mother tongue share,1.7512500539067448,0.0258167373625631,-0.4913579538945768,higher turnout,11
block2_structural_type_total_dwellings,0.1990424772425978,0.1990424772425978,full_unfiltered_pls,"PLS, full predictor universe",component_9,housing_form_density,structural type total dwellings,0.5431720013267841,-4.2339416680413857e-07,0.0837227578401428,lower turnout,12
block4_effective_provincial_parties_5pct,0.1986563874128664,0.1986563874128664,full_unfiltered_pls,"PLS, full predictor universe",component_9,provincial_competitiveness,effective provincial parties above 5 percent,0.5291960870566139,-0.023980149042417,-0.0520026161486258,lower turnout,13
block2_condo_status_total_dwellings,0.1976412095660573,0.1976412095660573,full_unfiltered_pls,"PLS, full predictor universe",component_9,housing_form_density,condo status total dwellings,0.5417085543181436,-3.528287632757631e-06,0.0827031980741296,lower turnout,14
block1_age_35_64_share,0.1929469418773028,0.1929469418773028,full_unfiltered_pls,"PLS, full predictor universe",component_9,age_structure,age 35-64 share,0.7078845584349927,-0.1336727241003702,0.1534141927524591,lower turnout,15
block5_ksi_collision_events_2021_2025_per_1000,-0.186666659468145,0.186666659468145,full_unfiltered_pls,"PLS, full predictor universe",component_9,service_contact,ksi collision events 2021-2025 per 1000,0.933160581562961,0.0154139707677875,0.1600425004005533,higher turnout,16
block3_visible_minority_share,-0.1796562053346694,0.1796562053346694,full_unfiltered_pls,"PLS, full predictor universe",component_9,immigration_citizenship,visible minority share,2.286269532925811,-0.103450336145175,-0.641719581625304,lower turnout,17
block3_citizen_adult_share,0.1667973694768118,0.1667973694768118,full_unfiltered_pls,"PLS, full predictor universe",component_9,immigration_citizenship,citizen adult share,1.4006876047880097,-0.1913319702767836,0.3529129517446247,lower turnout,18
block2_condominium_dwellings_count,0.1615839533355905,0.1615839533355905,full_unfiltered_pls,"PLS, full predictor universe",component_9,housing_form_density,condominium dwellings count,0.5713038998196234,1.331904301537614e-06,0.0712834620017408,higher turnout,19
block5_social_housing_share,-0.1573951776260451,0.1573951776260451,full_unfiltered_pls,"PLS, full predictor universe",component_9,service_contact,social housing share,0.7473637847512891,0.0111880021037325,-0.1906995037869376,higher turnout,20
block3_immigrant_share,-0.1523493102660015,0.1523493102660015,full_unfiltered_pls,"PLS, full predictor universe",component_9,immigration_citizenship,immigrant share,2.0305779894299376,-0.0623192461449433,-0.5732688168347703,lower turnout,21
block1_age_65_plus_share,-0.1503023471503689,0.1503023471503689,full_unfiltered_pls,"PLS, full predictor universe",component_9,age_structure,age 65 plus share,1.2193891948939333,0.1874292207473429,0.2133387541635903,higher turnout,22
block3_non_citizen_share,-0.1448742362904534,0.1448742362904534,full_unfiltered_pls,"PLS, full predictor universe",component_9,immigration_citizenship,non citizen share,1.5343079872071526,-0.1335175556642966,-0.4172089393130335,lower turnout,23
block4_mayoral_candidate_count_5pct,0.1307334927549758,0.1307334927549758,full_unfiltered_pls,"PLS, full predictor universe",component_9,mayoral_competitiveness,mayoral candidate count above 5 percent,0.5835035863176945,-0.0016141756989199,-0.1073608176704616,lower turnout,24
block2_apartment_total_count,0.1293530654486528,0.1293530654486528,full_unfiltered_pls,"PLS, full predictor universe",component_9,housing_form_density,apartment total count,0.6339885775658818,4.524412833669714e-06,0.0962623692486411,higher turnout,25
block4_provincial_margin,-0.1240956425326447,0.1240956425326447,full_unfiltered_pls,"PLS, full predictor universe",component_9,provincial_competitiveness,provincial margin,0.8024452435409177,-0.0500380205230649,0.1842057352059481,lower turnout,26
block1_median_age,-0.119357021065223,0.119357021065223,full_unfiltered_pls,"PLS, full predictor universe",component_9,age_structure,median age,1.2683668552473406,-0.0022601964539123,0.252816324948758,lower turnout,27
block2_population_density_per_km2,-0.1097844075572407,0.1097844075572407,full_unfiltered_pls,"PLS, full predictor universe",component_9,housing_form_density,population density per km2,0.744099922601799,1.9611257380462778e-06,0.1015516864900301,higher turnout,28
block2_apartment_5plus_storeys_count,0.0987908284796804,0.0987908284796804,full_unfiltered_pls,"PLS, full predictor universe",component_9,housing_form_density,apartment 5plus storeys count,0.5660776531523269,4.3985121735472454e-06,0.0353565796377126,higher turnout,29
block4_federal_vote_fragmentation,0.0943720155368533,0.0943720155368533,full_unfiltered_pls,"PLS, full predictor universe",component_9,federal_competitiveness,federal vote fragmentation,0.4364779251405828,-0.1081280515771039,-0.0567092795569962,lower turnout,30
block4_effective_federal_parties_5pct,0.0934074914988106,0.0934074914988106,full_unfiltered_pls,"PLS, full predictor universe",component_9,federal_competitiveness,effective federal parties above 5 percent,0.4163645218384199,0.0322388920237738,-0.0294589848457661,higher turnout,31
block2_owner_share,0.0928719046584024,0.0928719046584024,full_unfiltered_pls,"PLS, full predictor universe",component_9,housing_tenure,owner share,0.6660162010221498,0.0326384900605548,0.0793321298327959,higher turnout,32
block2_apartments_per_km2,-0.0921259817434047,0.0921259817434047,full_unfiltered_pls,"PLS, full predictor universe",component_9,housing_form_density,apartments per km2,0.6729649978691506,4.80899530055314e-07,0.1145971835027193,higher turnout,33
block2_renter_share,-0.0915248950525566,0.0915248950525566,full_unfiltered_pls,"PLS, full predictor universe",component_9,housing_tenure,renter share,0.6707614848568206,-0.0393351258923353,-0.0811777605845005,lower turnout,34
block2_condo_share,0.0878433681520616,0.0878433681520616,full_unfiltered_pls,"PLS, full predictor universe",component_9,housing_form_density,condo share,0.6642805610751094,0.0085054459420476,0.0838192896325982,higher turnout,35
block2_apartment_duplex_count,0.0872973084289883,0.0872973084289883,full_unfiltered_pls,"PLS, full predictor universe",component_9,housing_form_density,apartment duplex count,0.8656746688988773,-6.6003896854551245e-06,-0.1695092660464845,lower turnout,36
block5_transit_commute_share_preferred,0.0864808114909383,0.0864808114909383,full_unfiltered_pls,"PLS, full predictor universe",component_9,transportation_access,transit commute share preferred,0.5375880158907198,-0.0208395537130701,-0.0024300518753355,lower turnout,37
block5_tts_transit_trip_share,0.0864808114909383,0.0864808114909383,full_unfiltered_pls,"PLS, full predictor universe",component_9,transportation_access,tts transit trip share,0.5375880158907198,-0.0208395537130701,-0.0024300518753355,lower turnout,38
block2_apartment_lt5_storeys_count,0.0856035306447677,0.0856035306447677,full_unfiltered_pls,"PLS, full predictor universe",component_9,housing_form_density,apartment lt5 storeys count,1.034255130143337,1.61509738780095e-07,0.2749210675143693,higher turnout,39
block5_school_age_5_17_share,-0.077460552296191,0.077460552296191,full_unfiltered_pls,"PLS, full predictor universe",component_9,service_contact,school age 5-17 share,0.881846243930762,0.0087342616737712,-0.197289193792225,higher turnout,40
block3_recent_immigrant_share,-0.0760672890507454,0.0760672890507454,full_unfiltered_pls,"PLS, full predictor universe",component_9,immigration_citizenship,recent immigrant share,1.2265590306069127,-0.1283550755802563,-0.3169936522850532,lower turnout,41
block5_shelter_count_1200m,-0.0750687786787596,0.0750687786787596,full_unfiltered_pls,"PLS, full predictor universe",component_9,service_access,shelter count within 1200m,0.81804117762369,-0.0054847267083613,0.0819292154021431,lower turnout,42
block1_bachelors_or_higher_25_64_share,-0.059160072492576,0.059160072492576,full_unfiltered_pls,"PLS, full predictor universe",component_9,household_class,bachelors or higher 25-64 share,1.9845187827035136,0.0584508741505875,0.5538351812081346,higher turnout,43
block1_age_18_34_share,0.0583040652207377,0.0583040652207377,full_unfiltered_pls,"PLS, full predictor universe",component_9,age_structure,age 18-34 share,0.9317264899970372,-0.2031007439902942,-0.1385831769483199,lower turnout,44
block5_library_count_1200m,-0.058078424397497,0.058078424397497,full_unfiltered_pls,"PLS, full predictor universe",component_9,service_access,library count within 1200m,0.9904279206021056,-0.0031799903121342,0.245558592268723,lower turnout,45
block2_condos_per_km2,-0.056304291786399,0.056304291786399,full_unfiltered_pls,"PLS, full predictor universe",component_9,housing_form_density,condos per km2,0.5785593369247509,-2.824727080304112e-06,0.0713239176116336,lower turnout,46
block2_semi_detached_share,0.0524040399261546,0.0524040399261546,full_unfiltered_pls,"PLS, full predictor universe",component_9,housing_form_density,semi detached share,0.5696319217048027,0.1063669492235196,0.0945253145055546,higher turnout,47
block1_average_household_size,-0.0523400445159808,0.0523400445159808,full_unfiltered_pls,"PLS, full predictor universe",component_9,household_class,average household size,1.8339381518465088,-0.051503601170769,-0.4853694431785831,lower turnout,48
block5_community_centre_nearest_m,0.0486981754316178,0.0486981754316178,full_unfiltered_pls,"PLS, full predictor universe",component_9,service_access,community centre nearest m,0.5583317814564572,1.001535196043694e-05,0.0632436238742859,higher turnout,49
block5_community_centre_access_1200m,-0.0389447622453242,0.0389447622453242,full_unfiltered_pls,"PLS, full predictor universe",component_9,service_access,community centre access within 1200m,0.4947574119258981,-0.0029308065262977,-0.0368155841481312,lower turnout,50
block5_park_count_1200m,-0.0330921259224902,0.0330921259224902,full_unfiltered_pls,"PLS, full predictor universe",component_9,service_access,park count within 1200m,0.5809253870782397,-0.000173605913418,0.1081860610896306,lower turnout,51
block5_shelter_nearest_m,0.0320951363978988,0.0320951363978988,full_unfiltered_pls,"PLS, full predictor universe",component_9,service_access,shelter nearest m,0.7183886581410382,5.206365507886289e-06,-0.1455996932912626,higher turnout,52
block5_ksi_collision_events_2021_2025,-0.0299967491096235,0.0299967491096235,full_unfiltered_pls,"PLS, full predictor universe",component_9,service_contact,ksi collision events 2021-2025,0.6176868364740915,-0.0055616952339799,-0.0504363746710357,lower turnout,53
block2_same_address_5yr_share,-0.0294033069937537,0.0294033069937537,full_unfiltered_pls,"PLS, full predictor universe",component_9,residential_stability,same address 5yr share,0.6442613174177084,-0.0055429268416349,-0.1197215824282485,lower turnout,54
block4_federal_party_count_5pct,-0.0277427745282268,0.0277427745282268,full_unfiltered_pls,"PLS, full predictor universe",component_9,federal_competitiveness,federal party count above 5 percent,0.9124670723273868,-0.012560245829568,0.2058588649673379,lower turnout,55
block5_no_car_household_share,-0.0275524849161429,0.0275524849161429,full_unfiltered_pls,"PLS, full predictor universe",component_9,transportation_access,no car household share,0.8323521638785889,0.0146188325631732,0.1750666880470893,higher turnout,56
block5_tts_no_car_household_share,-0.0275524849161429,0.0275524849161429,full_unfiltered_pls,"PLS, full predictor universe",component_9,transportation_access,tts no car household share,0.8323521638785889,0.0146188325631732,0.1750666880470893,higher turnout,57
block5_park_nearest_m,0.0254459741959445,0.0254459741959445,full_unfiltered_pls,"PLS, full predictor universe",component_9,service_access,park nearest m,0.3663533225254259,1.3394848697259532e-05,0.06589187924975,higher turnout,58
block4_federal_margin,-0.0241689828705289,0.0241689828705289,full_unfiltered_pls,"PLS, full predictor universe",component_9,federal_competitiveness,federal margin,1.0653576032644425,0.1200175923572764,0.2722933309313181,higher turnout,59
block5_community_centre_count_1200m,-0.0203975570788239,0.0203975570788239,full_unfiltered_pls,"PLS, full predictor universe",component_9,service_access,community centre count within 1200m,0.4240512969439813,0.0013710755634545,-0.0402189530079753,higher turnout,60
block5_requests_311_2023_2025_estimated_count,-0.0169411641205455,0.0169411641205455,full_unfiltered_pls,"PLS, full predictor universe",component_9,service_contact,requests 311 2023 2025 estimated count,0.8444954061003026,1.045213624854593e-05,0.1681797029031864,higher turnout,61
block5_library_access_1200m,-0.0156087646787113,0.0156087646787113,full_unfiltered_pls,"PLS, full predictor universe",component_9,service_access,library access within 1200m,0.6296411080496338,0.0039894061839985,0.1369242416385467,higher turnout,62
block5_library_nearest_m,0.0155705570697331,0.0155705570697331,full_unfiltered_pls,"PLS, full predictor universe",component_9,service_access,library nearest m,0.680128983904333,1.0057477041058538e-05,-0.1373740097025271,higher turnout,63
block5_shelter_access_1200m,-0.0088143774643707,0.0088143774643707,full_unfiltered_pls,"PLS, full predictor universe",component_9,service_access,shelter access within 1200m,0.7278811838262331,0.00862737829869,0.139289468908494,higher turnout,64
block2_detached_share,-0.0057798324927825,0.0057798324927825,full_unfiltered_pls,"PLS, full predictor universe",component_9,housing_form_density,detached share,0.7424474869047339,0.0045946988993297,-0.0469963024981276,higher turnout,65
block2_same_address_1yr_share,0.0052414799891409,0.0052414799891409,full_unfiltered_pls,"PLS, full predictor universe",component_9,residential_stability,same address 1yr share,0.7484721922475122,0.121604022189258,-0.1563200718536234,higher turnout,66
block1_unemployment_rate_share,-0.0028917367236388,0.0028917367236388,full_unfiltered_pls,"PLS, full predictor universe",component_9,household_class,unemployment rate share,1.9343897368501288,-0.0026525534119159,-0.5317030955586906,lower turnout,67
block2_apartment_share,-0.002590470125596,0.002590470125596,full_unfiltered_pls,"PLS, full predictor universe",component_9,housing_form_density,apartment share,0.8626403640796838,0.0656613400150529,0.0886137557007385,higher turnout,68
block5_development_applications_2021_2025,-0.0013901227890526,0.0013901227890526,full_unfiltered_pls,"PLS, full predictor universe",component_9,service_contact,development applications 2021-2025,0.6660345168105122,0.0003331899281356,0.1197742264217584,higher turnout,69
block5_tts_overlap_area_m2,-0.0007071723599622,0.0007071723599622,full_unfiltered_pls,"PLS, full predictor universe",component_9,transportation_access,tts overlap area m2,0.6485607648098982,-5.834406232826406e-09,-0.1018882690386049,lower turnout,70
block3_english_french_knowledge_share,-0.3839426907396659,0.3839426907396659,full_unfiltered_pls,"PLS, full predictor universe",component_10,immigration_citizenship,english french knowledge share,0.9691090462988766,0.1148448698570238,0.2657182066635518,higher turnout,1
block4_mayoral_candidate_count_5pct,-0.2670154499487481,0.2670154499487481,full_unfiltered_pls,"PLS, full predictor universe",component_10,mayoral_competitiveness,mayoral candidate count above 5 percent,0.5835035863176945,-0.0016141756989199,-0.1073608176704616,lower turnout,2
block2_apartment_duplex_count,-0.2579081189946136,0.2579081189946136,full_unfiltered_pls,"PLS, full predictor universe",component_10,housing_form_density,apartment duplex count,0.8656746688988773,-6.6003896854551245e-06,-0.1695092660464845,lower turnout,3
block5_school_age_5_17_share,-0.2464427884886573,0.2464427884886573,full_unfiltered_pls,"PLS, full predictor universe",component_10,service_contact,school age 5-17 share,0.881846243930762,0.0087342616737712,-0.197289193792225,higher turnout,4
block3_non_official_mother_tongue_share,0.2365622563087297,0.2365622563087297,full_unfiltered_pls,"PLS, full predictor universe",component_10,immigration_citizenship,non official mother tongue share,1.7512500539067448,0.0258167373625631,-0.4913579538945768,higher turnout,5
block5_development_applications_2021_2025,-0.2250510932551438,0.2250510932551438,full_unfiltered_pls,"PLS, full predictor universe",component_10,service_contact,development applications 2021-2025,0.6660345168105122,0.0003331899281356,0.1197742264217584,higher turnout,6
block4_provincial_party_count_5pct,0.2246347406367908,0.2246347406367908,full_unfiltered_pls,"PLS, full predictor universe",component_10,provincial_competitiveness,provincial party count above 5 percent,0.6880210851317852,-0.0014130939940312,-0.1501506617539185,lower turnout,7
block2_semi_detached_share,0.2239341670937885,0.2239341670937885,full_unfiltered_pls,"PLS, full predictor universe",component_10,housing_form_density,semi detached share,0.5696319217048027,0.1063669492235196,0.0945253145055546,higher turnout,8
block2_condo_status_total_dwellings,-0.2219888954415965,0.2219888954415965,full_unfiltered_pls,"PLS, full predictor universe",component_10,housing_form_density,condo status total dwellings,0.5417085543181436,-3.528287632757631e-06,0.0827031980741296,lower turnout,9
block2_renter_share,-0.2209055502594632,0.2209055502594632,full_unfiltered_pls,"PLS, full predictor universe",component_10,housing_tenure,renter share,0.6707614848568206,-0.0393351258923353,-0.0811777605845005,lower turnout,10
block2_structural_type_total_dwellings,-0.2204235741182988,0.2204235741182988,full_unfiltered_pls,"PLS, full predictor universe",component_10,housing_form_density,structural type total dwellings,0.5431720013267841,-4.2339416680413857e-07,0.0837227578401428,lower turnout,11
block2_owner_share,0.2188529666966836,0.2188529666966836,full_unfiltered_pls,"PLS, full predictor universe",component_10,housing_tenure,owner share,0.6660162010221498,0.0326384900605548,0.0793321298327959,higher turnout,12
block2_apartment_lt5_storeys_count,-0.2156449544462333,0.2156449544462333,full_unfiltered_pls,"PLS, full predictor universe",component_10,housing_form_density,apartment lt5 storeys count,1.034255130143337,1.61509738780095e-07,0.2749210675143693,higher turnout,13
block1_age_65_plus_share,0.2052679092988462,0.2052679092988462,full_unfiltered_pls,"PLS, full predictor universe",component_10,age_structure,age 65 plus share,1.2193891948939333,0.1874292207473429,0.2133387541635903,higher turnout,14
block4_mayoral_vote_fragmentation,-0.2007908693025209,0.2007908693025209,full_unfiltered_pls,"PLS, full predictor universe",component_10,mayoral_competitiveness,mayoral vote fragmentation,1.7746629677356136,0.0550018546285246,-0.4947655902228703,higher turnout,15
block4_effective_mayoral_candidates_5pct,-0.1968686439147189,0.1968686439147189,full_unfiltered_pls,"PLS, full predictor universe",component_10,mayoral_competitiveness,effective mayoral candidates above 5 percent,1.9072643909961928,-0.0262471441850547,-0.5348452867055592,lower turnout,16
block4_provincial_vote_fragmentation,0.1901600074683822,0.1901600074683822,full_unfiltered_pls,"PLS, full predictor universe",component_10,provincial_competitiveness,provincial vote fragmentation,0.5297926740484911,-0.0459131275206785,-0.061529194929253,lower turnout,17
block3_immigrant_share,0.187255537537633,0.187255537537633,full_unfiltered_pls,"PLS, full predictor universe",component_10,immigration_citizenship,immigrant share,2.0305779894299376,-0.0623192461449433,-0.5732688168347703,lower turnout,18
block5_requests_311_per_1000,0.1833591152621652,0.1833591152621652,full_unfiltered_pls,"PLS, full predictor universe",component_10,service_contact,requests 311 per 1000,0.7652718950817419,-4.703485433956742e-06,0.1424094041604848,lower turnout,19
block5_community_centre_access_1200m,-0.1817708349830868,0.1817708349830868,full_unfiltered_pls,"PLS, full predictor universe",component_10,service_access,community centre access within 1200m,0.4947574119258981,-0.0029308065262977,-0.0368155841481312,lower turnout,20
block4_effective_provincial_parties_5pct,0.1812159030822059,0.1812159030822059,full_unfiltered_pls,"PLS, full predictor universe",component_10,provincial_competitiveness,effective provincial parties above 5 percent,0.5291960870566139,-0.023980149042417,-0.0520026161486258,lower turnout,21
block4_mayoral_winner_margin,0.1806365848881237,0.1806365848881237,full_unfiltered_pls,"PLS, full predictor universe",component_10,mayoral_competitiveness,mayoral winner margin,1.1511798391382846,-0.0199637605256995,0.2880791954472449,lower turnout,22
block4_mayoral_top_two_margin,0.1806365848881237,0.1806365848881237,full_unfiltered_pls,"PLS, full predictor universe",component_10,mayoral_competitiveness,mayoral top two margin,1.1511798391382846,-0.0199637605256995,0.2880791954472449,lower turnout,23
block4_federal_party_count_5pct,0.1692170085485894,0.1692170085485894,full_unfiltered_pls,"PLS, full predictor universe",component_10,federal_competitiveness,federal party count above 5 percent,0.9124670723273868,-0.012560245829568,0.2058588649673379,lower turnout,24
block1_median_age,0.1653239613661224,0.1653239613661224,full_unfiltered_pls,"PLS, full predictor universe",component_10,age_structure,median age,1.2683668552473406,-0.0022601964539123,0.252816324948758,lower turnout,25
block4_federal_margin,0.1638497419751383,0.1638497419751383,full_unfiltered_pls,"PLS, full predictor universe",component_10,federal_competitiveness,federal margin,1.0653576032644425,0.1200175923572764,0.2722933309313181,higher turnout,26
block1_unemployment_rate_share,0.1619022915655363,0.1619022915655363,full_unfiltered_pls,"PLS, full predictor universe",component_10,household_class,unemployment rate share,1.9343897368501288,-0.0026525534119159,-0.5317030955586906,lower turnout,27
block5_park_count_1200m,0.1565196750840301,0.1565196750840301,full_unfiltered_pls,"PLS, full predictor universe",component_10,service_access,park count within 1200m,0.5809253870782397,-0.000173605913418,0.1081860610896306,lower turnout,28
block3_visible_minority_share,0.1563386627163824,0.1563386627163824,full_unfiltered_pls,"PLS, full predictor universe",component_10,immigration_citizenship,visible minority share,2.286269532925811,-0.103450336145175,-0.641719581625304,lower turnout,29
block5_shelter_nearest_m,0.1508871405808214,0.1508871405808214,full_unfiltered_pls,"PLS, full predictor universe",component_10,service_access,shelter nearest m,0.7183886581410382,5.206365507886289e-06,-0.1455996932912626,higher turnout,30
block2_apartment_total_count,-0.1381659495157981,0.1381659495157981,full_unfiltered_pls,"PLS, full predictor universe",component_10,housing_form_density,apartment total count,0.6339885775658818,4.524412833669714e-06,0.0962623692486411,higher turnout,31
block2_condo_share,0.1357476253966217,0.1357476253966217,full_unfiltered_pls,"PLS, full predictor universe",component_10,housing_form_density,condo share,0.6642805610751094,0.0085054459420476,0.0838192896325982,higher turnout,32
block5_transit_commute_share_preferred,-0.131174608683395,0.131174608683395,full_unfiltered_pls,"PLS, full predictor universe",component_10,transportation_access,transit commute share preferred,0.5375880158907198,-0.0208395537130701,-0.0024300518753355,lower turnout,33
block5_tts_transit_trip_share,-0.131174608683395,0.131174608683395,full_unfiltered_pls,"PLS, full predictor universe",component_10,transportation_access,tts transit trip share,0.5375880158907198,-0.0208395537130701,-0.0024300518753355,lower turnout,34
block5_shelter_count_1200m,0.1296440079810396,0.1296440079810396,full_unfiltered_pls,"PLS, full predictor universe",component_10,service_access,shelter count within 1200m,0.81804117762369,-0.0054847267083613,0.0819292154021431,lower turnout,35
block5_community_centre_nearest_m,0.1267861814117376,0.1267861814117376,full_unfiltered_pls,"PLS, full predictor universe",component_10,service_access,community centre nearest m,0.5583317814564572,1.001535196043694e-05,0.0632436238742859,higher turnout,36
block5_library_count_1200m,0.1230367950818254,0.1230367950818254,full_unfiltered_pls,"PLS, full predictor universe",component_10,service_access,library count within 1200m,0.9904279206021056,-0.0031799903121342,0.245558592268723,lower turnout,37
block1_age_35_64_share,-0.1213753848704016,0.1213753848704016,full_unfiltered_pls,"PLS, full predictor universe",component_10,age_structure,age 35-64 share,0.7078845584349927,-0.1336727241003702,0.1534141927524591,lower turnout,38
block5_ksi_collision_events_2021_2025_per_1000,0.1155052362212758,0.1155052362212758,full_unfiltered_pls,"PLS, full predictor universe",component_10,service_contact,ksi collision events 2021-2025 per 1000,0.933160581562961,0.0154139707677875,0.1600425004005533,higher turnout,39
block5_park_nearest_m,-0.1140252065093499,0.1140252065093499,full_unfiltered_pls,"PLS, full predictor universe",component_10,service_access,park nearest m,0.3663533225254259,1.3394848697259532e-05,0.06589187924975,higher turnout,40
block5_ksi_collision_events_2021_2025,-0.1139910288119224,0.1139910288119224,full_unfiltered_pls,"PLS, full predictor universe",component_10,service_contact,ksi collision events 2021-2025,0.6176868364740915,-0.0055616952339799,-0.0504363746710357,lower turnout,41
block1_low_income_lim_at_share,0.1067625789046766,0.1067625789046766,full_unfiltered_pls,"PLS, full predictor universe",component_10,household_class,low income share,0.919174732311574,-0.1064668037183354,-0.1991083585229759,lower turnout,42
block3_recent_immigrant_share,-0.1047411189682226,0.1047411189682226,full_unfiltered_pls,"PLS, full predictor universe",component_10,immigration_citizenship,recent immigrant share,1.2265590306069127,-0.1283550755802563,-0.3169936522850532,lower turnout,43
block4_provincial_margin,-0.0980428704449971,0.0980428704449971,full_unfiltered_pls,"PLS, full predictor universe",component_10,provincial_competitiveness,provincial margin,0.8024452435409177,-0.0500380205230649,0.1842057352059481,lower turnout,44
block1_bachelors_or_higher_25_64_share,-0.0969041215432117,0.0969041215432117,full_unfiltered_pls,"PLS, full predictor universe",component_10,household_class,bachelors or higher 25-64 share,1.9845187827035136,0.0584508741505875,0.5538351812081346,higher turnout,45
block3_citizen_adult_share,-0.0826230706058192,0.0826230706058192,full_unfiltered_pls,"PLS, full predictor universe",component_10,immigration_citizenship,citizen adult share,1.4006876047880097,-0.1913319702767836,0.3529129517446247,lower turnout,46
block2_condos_per_km2,0.0804172624588373,0.0804172624588373,full_unfiltered_pls,"PLS, full predictor universe",component_10,housing_form_density,condos per km2,0.5785593369247509,-2.824727080304112e-06,0.0713239176116336,lower turnout,47
block5_community_centre_count_1200m,-0.0786827531620628,0.0786827531620628,full_unfiltered_pls,"PLS, full predictor universe",component_10,service_access,community centre count within 1200m,0.4240512969439813,0.0013710755634545,-0.0402189530079753,higher turnout,48
block2_population_density_per_km2,0.0738548543383471,0.0738548543383471,full_unfiltered_pls,"PLS, full predictor universe",component_10,housing_form_density,population density per km2,0.744099922601799,1.9611257380462778e-06,0.1015516864900301,higher turnout,49
block2_apartments_per_km2,0.0725914064453511,0.0725914064453511,full_unfiltered_pls,"PLS, full predictor universe",component_10,housing_form_density,apartments per km2,0.6729649978691506,4.80899530055314e-07,0.1145971835027193,higher turnout,50
block5_tts_no_car_household_share,0.0680521406397728,0.0680521406397728,full_unfiltered_pls,"PLS, full predictor universe",component_10,transportation_access,tts no car household share,0.8323521638785889,0.0146188325631732,0.1750666880470893,higher turnout,51
block5_no_car_household_share,0.0680521406397728,0.0680521406397728,full_unfiltered_pls,"PLS, full predictor universe",component_10,transportation_access,no car household share,0.8323521638785889,0.0146188325631732,0.1750666880470893,higher turnout,52
block2_detached_share,-0.0667336670012879,0.0667336670012879,full_unfiltered_pls,"PLS, full predictor universe",component_10,housing_form_density,detached share,0.7424474869047339,0.0045946988993297,-0.0469963024981276,higher turnout,53
block2_apartment_share,-0.0651574735155786,0.0651574735155786,full_unfiltered_pls,"PLS, full predictor universe",component_10,housing_form_density,apartment share,0.8626403640796838,0.0656613400150529,0.0886137557007385,higher turnout,54
block5_shelter_access_1200m,0.0641542827082673,0.0641542827082673,full_unfiltered_pls,"PLS, full predictor universe",component_10,service_access,shelter access within 1200m,0.7278811838262331,0.00862737829869,0.139289468908494,higher turnout,55
block2_apartment_5plus_storeys_count,-0.0615787366433914,0.0615787366433914,full_unfiltered_pls,"PLS, full predictor universe",component_10,housing_form_density,apartment 5plus storeys count,0.5660776531523269,4.3985121735472454e-06,0.0353565796377126,higher turnout,56
block4_federal_vote_fragmentation,-0.0551371309806398,0.0551371309806398,full_unfiltered_pls,"PLS, full predictor universe",component_10,federal_competitiveness,federal vote fragmentation,0.4364779251405828,-0.1081280515771039,-0.0567092795569962,lower turnout,57
block5_tts_overlap_area_m2,-0.053339685431678,0.053339685431678,full_unfiltered_pls,"PLS, full predictor universe",component_10,transportation_access,tts overlap area m2,0.6485607648098982,-5.834406232826406e-09,-0.1018882690386049,lower turnout,58
block5_library_access_1200m,0.0480581530549431,0.0480581530549431,full_unfiltered_pls,"PLS, full predictor universe",component_10,service_access,library access within 1200m,0.6296411080496338,0.0039894061839985,0.1369242416385467,higher turnout,59
block4_effective_federal_parties_5pct,-0.0459595737163377,0.0459595737163377,full_unfiltered_pls,"PLS, full predictor universe",component_10,federal_competitiveness,effective federal parties above 5 percent,0.4163645218384199,0.0322388920237738,-0.0294589848457661,higher turnout,60
block1_age_18_34_share,0.0423256418816608,0.0423256418816608,full_unfiltered_pls,"PLS, full predictor universe",component_10,age_structure,age 18-34 share,0.9317264899970372,-0.2031007439902942,-0.1385831769483199,lower turnout,61
block5_library_nearest_m,-0.0248328244449207,0.0248328244449207,full_unfiltered_pls,"PLS, full predictor universe",component_10,service_access,library nearest m,0.680128983904333,1.0057477041058538e-05,-0.1373740097025271,higher turnout,62
block2_same_address_5yr_share,0.0230695840043639,0.0230695840043639,full_unfiltered_pls,"PLS, full predictor universe",component_10,residential_stability,same address 5yr share,0.6442613174177084,-0.0055429268416349,-0.1197215824282485,lower turnout,63
block3_non_citizen_share,0.0158295854604329,0.0158295854604329,full_unfiltered_pls,"PLS, full predictor universe",component_10,immigration_citizenship,non citizen share,1.5343079872071526,-0.1335175556642966,-0.4172089393130335,lower turnout,64
block5_social_housing_share,0.0152480086871148,0.0152480086871148,full_unfiltered_pls,"PLS, full predictor universe",component_10,service_contact,social housing share,0.7473637847512891,0.0111880021037325,-0.1906995037869376,higher turnout,65
block2_same_address_1yr_share,-0.0046769610617829,0.0046769610617829,full_unfiltered_pls,"PLS, full predictor universe",component_10,residential_stability,same address 1yr share,0.7484721922475122,0.121604022189258,-0.1563200718536234,higher turnout,66
block2_condominium_dwellings_count,0.0040845700798139,0.0040845700798139,full_unfiltered_pls,"PLS, full predictor universe",component_10,housing_form_density,condominium dwellings count,0.5713038998196234,1.331904301537614e-06,0.0712834620017408,higher turnout,67
block5_development_applications_2021_2025_per_1000,0.0028818305907038,0.0028818305907038,full_unfiltered_pls,"PLS, full predictor universe",component_10,service_contact,development applications 2021-2025 per 1000,0.6903929832455855,-0.001550375820008,0.0979184698679555,lower turnout,68
block1_average_household_size,0.0024080805177036,0.0024080805177036,full_unfiltered_pls,"PLS, full predictor universe",component_10,household_class,average household size,1.8339381518465088,-0.051503601170769,-0.4853694431785831,lower turnout,69
block5_requests_311_2023_2025_estimated_count,-0.0021590961888686,0.0021590961888686,full_unfiltered_pls,"PLS, full predictor universe",component_10,service_contact,requests 311 2023 2025 estimated count,0.8444954061003026,1.045213624854593e-05,0.1681797029031864,higher turnout,70
block4_effective_federal_parties_5pct,-0.4546150525513549,0.4546150525513549,full_unfiltered_pls,"PLS, full predictor universe",component_11,federal_competitiveness,effective federal parties above 5 percent,0.4163645218384199,0.0322388920237738,-0.0294589848457661,higher turnout,1
block4_federal_vote_fragmentation,-0.4543327662084476,0.4543327662084476,full_unfiltered_pls,"PLS, full predictor universe",component_11,federal_competitiveness,federal vote fragmentation,0.4364779251405828,-0.1081280515771039,-0.0567092795569962,lower turnout,2
block3_english_french_knowledge_share,0.4178533930203957,0.4178533930203957,full_unfiltered_pls,"PLS, full predictor universe",component_11,immigration_citizenship,english french knowledge share,0.9691090462988766,0.1148448698570238,0.2657182066635518,higher turnout,3
block1_age_65_plus_share,-0.3508378275755899,0.3508378275755899,full_unfiltered_pls,"PLS, full predictor universe",component_11,age_structure,age 65 plus share,1.2193891948939333,0.1874292207473429,0.2133387541635903,higher turnout,4
block5_school_age_5_17_share,0.34349419734815,0.34349419734815,full_unfiltered_pls,"PLS, full predictor universe",component_11,service_contact,school age 5-17 share,0.881846243930762,0.0087342616737712,-0.197289193792225,higher turnout,5
block4_mayoral_candidate_count_5pct,0.2918356379114175,0.2918356379114175,full_unfiltered_pls,"PLS, full predictor universe",component_11,mayoral_competitiveness,mayoral candidate count above 5 percent,0.5835035863176945,-0.0016141756989199,-0.1073608176704616,lower turnout,6
block1_median_age,-0.2865860095562493,0.2865860095562493,full_unfiltered_pls,"PLS, full predictor universe",component_11,age_structure,median age,1.2683668552473406,-0.0022601964539123,0.252816324948758,lower turnout,7
block2_renter_share,0.2716534220977928,0.2716534220977928,full_unfiltered_pls,"PLS, full predictor universe",component_11,housing_tenure,renter share,0.6707614848568206,-0.0393351258923353,-0.0811777605845005,lower turnout,8
block5_shelter_access_1200m,-0.2704149527354388,0.2704149527354388,full_unfiltered_pls,"PLS, full predictor universe",component_11,service_access,shelter access within 1200m,0.7278811838262331,0.00862737829869,0.139289468908494,higher turnout,9
block2_owner_share,-0.2696432106368599,0.2696432106368599,full_unfiltered_pls,"PLS, full predictor universe",component_11,housing_tenure,owner share,0.6660162010221498,0.0326384900605548,0.0793321298327959,higher turnout,10
block5_park_nearest_m,0.2694044393724332,0.2694044393724332,full_unfiltered_pls,"PLS, full predictor universe",component_11,service_access,park nearest m,0.3663533225254259,1.3394848697259532e-05,0.06589187924975,higher turnout,11
block2_apartment_duplex_count,-0.2678145575327945,0.2678145575327945,full_unfiltered_pls,"PLS, full predictor universe",component_11,housing_form_density,apartment duplex count,0.8656746688988773,-6.6003896854551245e-06,-0.1695092660464845,lower turnout,12
block1_age_35_64_share,0.2601501069490656,0.2601501069490656,full_unfiltered_pls,"PLS, full predictor universe",component_11,age_structure,age 35-64 share,0.7078845584349927,-0.1336727241003702,0.1534141927524591,lower turnout,13
block2_condo_share,-0.2570684381747316,0.2570684381747316,full_unfiltered_pls,"PLS, full predictor universe",component_11,housing_form_density,condo share,0.6642805610751094,0.0085054459420476,0.0838192896325982,higher turnout,14
block4_provincial_party_count_5pct,-0.2285110917500243,0.2285110917500243,full_unfiltered_pls,"PLS, full predictor universe",component_11,provincial_competitiveness,provincial party count above 5 percent,0.6880210851317852,-0.0014130939940312,-0.1501506617539185,lower turnout,15
block5_social_housing_share,0.2233106317005139,0.2233106317005139,full_unfiltered_pls,"PLS, full predictor universe",component_11,service_contact,social housing share,0.7473637847512891,0.0111880021037325,-0.1906995037869376,higher turnout,16
block3_non_official_mother_tongue_share,-0.2165161758654711,0.2165161758654711,full_unfiltered_pls,"PLS, full predictor universe",component_11,immigration_citizenship,non official mother tongue share,1.7512500539067448,0.0258167373625631,-0.4913579538945768,higher turnout,17
block5_development_applications_2021_2025_per_1000,0.2124063305561745,0.2124063305561745,full_unfiltered_pls,"PLS, full predictor universe",component_11,service_contact,development applications 2021-2025 per 1000,0.6903929832455855,-0.001550375820008,0.0979184698679555,lower turnout,18
block4_provincial_margin,-0.2054318381644944,0.2054318381644944,full_unfiltered_pls,"PLS, full predictor universe",component_11,provincial_competitiveness,provincial margin,0.8024452435409177,-0.0500380205230649,0.1842057352059481,lower turnout,19
block4_federal_party_count_5pct,-0.1938721924298133,0.1938721924298133,full_unfiltered_pls,"PLS, full predictor universe",component_11,federal_competitiveness,federal party count above 5 percent,0.9124670723273868,-0.012560245829568,0.2058588649673379,lower turnout,20
block5_shelter_count_1200m,-0.1762662760505128,0.1762662760505128,full_unfiltered_pls,"PLS, full predictor universe",component_11,service_access,shelter count within 1200m,0.81804117762369,-0.0054847267083613,0.0819292154021431,lower turnout,21
block5_requests_311_per_1000,0.1758272088142589,0.1758272088142589,full_unfiltered_pls,"PLS, full predictor universe",component_11,service_contact,requests 311 per 1000,0.7652718950817419,-4.703485433956742e-06,0.1424094041604848,lower turnout,22
block2_population_density_per_km2,0.1692227494994661,0.1692227494994661,full_unfiltered_pls,"PLS, full predictor universe",component_11,housing_form_density,population density per km2,0.744099922601799,1.9611257380462778e-06,0.1015516864900301,higher turnout,23
block3_immigrant_share,-0.1691289282906451,0.1691289282906451,full_unfiltered_pls,"PLS, full predictor universe",component_11,immigration_citizenship,immigrant share,2.0305779894299376,-0.0623192461449433,-0.5732688168347703,lower turnout,24
block3_recent_immigrant_share,0.1571135348605907,0.1571135348605907,full_unfiltered_pls,"PLS, full predictor universe",component_11,immigration_citizenship,recent immigrant share,1.2265590306069127,-0.1283550755802563,-0.3169936522850532,lower turnout,25
block5_park_count_1200m,0.1550545090642018,0.1550545090642018,full_unfiltered_pls,"PLS, full predictor universe",component_11,service_access,park count within 1200m,0.5809253870782397,-0.000173605913418,0.1081860610896306,lower turnout,26
block3_visible_minority_share,-0.1548939641460273,0.1548939641460273,full_unfiltered_pls,"PLS, full predictor universe",component_11,immigration_citizenship,visible minority share,2.286269532925811,-0.103450336145175,-0.641719581625304,lower turnout,27
block5_requests_311_2023_2025_estimated_count,0.15184260550468,0.15184260550468,full_unfiltered_pls,"PLS, full predictor universe",component_11,service_contact,requests 311 2023 2025 estimated count,0.8444954061003026,1.045213624854593e-05,0.1681797029031864,higher turnout,28
block5_library_count_1200m,-0.1432381831610544,0.1432381831610544,full_unfiltered_pls,"PLS, full predictor universe",component_11,service_access,library count within 1200m,0.9904279206021056,-0.0031799903121342,0.245558592268723,lower turnout,29
block4_mayoral_vote_fragmentation,0.1413923494594625,0.1413923494594625,full_unfiltered_pls,"PLS, full predictor universe",component_11,mayoral_competitiveness,mayoral vote fragmentation,1.7746629677356136,0.0550018546285246,-0.4947655902228703,higher turnout,30
block2_apartments_per_km2,0.1395543046238781,0.1395543046238781,full_unfiltered_pls,"PLS, full predictor universe",component_11,housing_form_density,apartments per km2,0.6729649978691506,4.80899530055314e-07,0.1145971835027193,higher turnout,31
block5_shelter_nearest_m,0.1316858760950381,0.1316858760950381,full_unfiltered_pls,"PLS, full predictor universe",component_11,service_access,shelter nearest m,0.7183886581410382,5.206365507886289e-06,-0.1455996932912626,higher turnout,32
block4_effective_mayoral_candidates_5pct,0.1106245326363269,0.1106245326363269,full_unfiltered_pls,"PLS, full predictor universe",component_11,mayoral_competitiveness,effective mayoral candidates above 5 percent,1.9072643909961928,-0.0262471441850547,-0.5348452867055592,lower turnout,33
block4_mayoral_top_two_margin,0.1056239330309661,0.1056239330309661,full_unfiltered_pls,"PLS, full predictor universe",component_11,mayoral_competitiveness,mayoral top two margin,1.1511798391382846,-0.0199637605256995,0.2880791954472449,lower turnout,34
block4_mayoral_winner_margin,0.1056239330309661,0.1056239330309661,full_unfiltered_pls,"PLS, full predictor universe",component_11,mayoral_competitiveness,mayoral winner margin,1.1511798391382846,-0.0199637605256995,0.2880791954472449,lower turnout,35
block2_same_address_1yr_share,0.10279610510092,0.10279610510092,full_unfiltered_pls,"PLS, full predictor universe",component_11,residential_stability,same address 1yr share,0.7484721922475122,0.121604022189258,-0.1563200718536234,higher turnout,36
block2_condominium_dwellings_count,-0.0961185975445977,0.0961185975445977,full_unfiltered_pls,"PLS, full predictor universe",component_11,housing_form_density,condominium dwellings count,0.5713038998196234,1.331904301537614e-06,0.0712834620017408,higher turnout,37
block2_apartment_5plus_storeys_count,0.0925062955123221,0.0925062955123221,full_unfiltered_pls,"PLS, full predictor universe",component_11,housing_form_density,apartment 5plus storeys count,0.5660776531523269,4.3985121735472454e-06,0.0353565796377126,higher turnout,38
block4_effective_provincial_parties_5pct,-0.0829806064075419,0.0829806064075419,full_unfiltered_pls,"PLS, full predictor universe",component_11,provincial_competitiveness,effective provincial parties above 5 percent,0.5291960870566139,-0.023980149042417,-0.0520026161486258,lower turnout,39
block2_same_address_5yr_share,0.0793414287215349,0.0793414287215349,full_unfiltered_pls,"PLS, full predictor universe",component_11,residential_stability,same address 5yr share,0.6442613174177084,-0.0055429268416349,-0.1197215824282485,lower turnout,40
block5_community_centre_access_1200m,0.0772710466736532,0.0772710466736532,full_unfiltered_pls,"PLS, full predictor universe",component_11,service_access,community centre access within 1200m,0.4947574119258981,-0.0029308065262977,-0.0368155841481312,lower turnout,41
block5_ksi_collision_events_2021_2025_per_1000,-0.0751006173527836,0.0751006173527836,full_unfiltered_pls,"PLS, full predictor universe",component_11,service_contact,ksi collision events 2021-2025 per 1000,0.933160581562961,0.0154139707677875,0.1600425004005533,higher turnout,42
block1_unemployment_rate_share,0.070215123891789,0.070215123891789,full_unfiltered_pls,"PLS, full predictor universe",component_11,household_class,unemployment rate share,1.9343897368501288,-0.0026525534119159,-0.5317030955586906,lower turnout,43
block5_tts_no_car_household_share,0.0685515378489148,0.0685515378489148,full_unfiltered_pls,"PLS, full predictor universe",component_11,transportation_access,tts no car household share,0.8323521638785889,0.0146188325631732,0.1750666880470893,higher turnout,44
block5_no_car_household_share,0.0685515378489148,0.0685515378489148,full_unfiltered_pls,"PLS, full predictor universe",component_11,transportation_access,no car household share,0.8323521638785889,0.0146188325631732,0.1750666880470893,higher turnout,45
block4_provincial_vote_fragmentation,-0.0671973843916379,0.0671973843916379,full_unfiltered_pls,"PLS, full predictor universe",component_11,provincial_competitiveness,provincial vote fragmentation,0.5297926740484911,-0.0459131275206785,-0.061529194929253,lower turnout,46
block2_apartment_total_count,0.0618427448850329,0.0618427448850329,full_unfiltered_pls,"PLS, full predictor universe",component_11,housing_form_density,apartment total count,0.6339885775658818,4.524412833669714e-06,0.0962623692486411,higher turnout,47
block1_age_18_34_share,-0.0554362147796285,0.0554362147796285,full_unfiltered_pls,"PLS, full predictor universe",component_11,age_structure,age 18-34 share,0.9317264899970372,-0.2031007439902942,-0.1385831769483199,lower turnout,48
block2_detached_share,0.0532393660586846,0.0532393660586846,full_unfiltered_pls,"PLS, full predictor universe",component_11,housing_form_density,detached share,0.7424474869047339,0.0045946988993297,-0.0469963024981276,higher turnout,49
block5_tts_overlap_area_m2,0.0514571388654426,0.0514571388654426,full_unfiltered_pls,"PLS, full predictor universe",component_11,transportation_access,tts overlap area m2,0.6485607648098982,-5.834406232826406e-09,-0.1018882690386049,lower turnout,50
block2_structural_type_total_dwellings,0.0495011029063473,0.0495011029063473,full_unfiltered_pls,"PLS, full predictor universe",component_11,housing_form_density,structural type total dwellings,0.5431720013267841,-4.2339416680413857e-07,0.0837227578401428,lower turnout,51
block2_apartment_lt5_storeys_count,-0.0487476789660241,0.0487476789660241,full_unfiltered_pls,"PLS, full predictor universe",component_11,housing_form_density,apartment lt5 storeys count,1.034255130143337,1.61509738780095e-07,0.2749210675143693,higher turnout,52
block2_condo_status_total_dwellings,0.0477511418549408,0.0477511418549408,full_unfiltered_pls,"PLS, full predictor universe",component_11,housing_form_density,condo status total dwellings,0.5417085543181436,-3.528287632757631e-06,0.0827031980741296,lower turnout,53
block5_community_centre_nearest_m,-0.0436411218805163,0.0436411218805163,full_unfiltered_pls,"PLS, full predictor universe",component_11,service_access,community centre nearest m,0.5583317814564572,1.001535196043694e-05,0.0632436238742859,higher turnout,54
block5_community_centre_count_1200m,0.0427884532513933,0.0427884532513933,full_unfiltered_pls,"PLS, full predictor universe",component_11,service_access,community centre count within 1200m,0.4240512969439813,0.0013710755634545,-0.0402189530079753,higher turnout,55
block5_tts_transit_trip_share,0.0426077247526457,0.0426077247526457,full_unfiltered_pls,"PLS, full predictor universe",component_11,transportation_access,tts transit trip share,0.5375880158907198,-0.0208395537130701,-0.0024300518753355,lower turnout,56
block5_transit_commute_share_preferred,0.0426077247526457,0.0426077247526457,full_unfiltered_pls,"PLS, full predictor universe",component_11,transportation_access,transit commute share preferred,0.5375880158907198,-0.0208395537130701,-0.0024300518753355,lower turnout,57
block1_low_income_lim_at_share,0.0410029205284776,0.0410029205284776,full_unfiltered_pls,"PLS, full predictor universe",component_11,household_class,low income share,0.919174732311574,-0.1064668037183354,-0.1991083585229759,lower turnout,58
block2_condos_per_km2,-0.0397948052565599,0.0397948052565599,full_unfiltered_pls,"PLS, full predictor universe",component_11,housing_form_density,condos per km2,0.5785593369247509,-2.824727080304112e-06,0.0713239176116336,lower turnout,59
block2_semi_detached_share,-0.0396458697580283,0.0396458697580283,full_unfiltered_pls,"PLS, full predictor universe",component_11,housing_form_density,semi detached share,0.5696319217048027,0.1063669492235196,0.0945253145055546,higher turnout,60
block1_bachelors_or_higher_25_64_share,0.0391701126024674,0.0391701126024674,full_unfiltered_pls,"PLS, full predictor universe",component_11,household_class,bachelors or higher 25-64 share,1.9845187827035136,0.0584508741505875,0.5538351812081346,higher turnout,61
block3_citizen_adult_share,-0.0312304422005716,0.0312304422005716,full_unfiltered_pls,"PLS, full predictor universe",component_11,immigration_citizenship,citizen adult share,1.4006876047880097,-0.1913319702767836,0.3529129517446247,lower turnout,62
block5_ksi_collision_events_2021_2025,0.0302785205069603,0.0302785205069603,full_unfiltered_pls,"PLS, full predictor universe",component_11,service_contact,ksi collision events 2021-2025,0.6176868364740915,-0.0055616952339799,-0.0504363746710357,lower turnout,63
block4_federal_margin,0.0289556196715424,0.0289556196715424,full_unfiltered_pls,"PLS, full predictor universe",component_11,federal_competitiveness,federal margin,1.0653576032644425,0.1200175923572764,0.2722933309313181,higher turnout,64
block5_library_access_1200m,-0.0255260144810288,0.0255260144810288,full_unfiltered_pls,"PLS, full predictor universe",component_11,service_access,library access within 1200m,0.6296411080496338,0.0039894061839985,0.1369242416385467,higher turnout,65
block5_development_applications_2021_2025,-0.0248896339223576,0.0248896339223576,full_unfiltered_pls,"PLS, full predictor universe",component_11,service_contact,development applications 2021-2025,0.6660345168105122,0.0003331899281356,0.1197742264217584,higher turnout,66
block5_library_nearest_m,0.0160621157667065,0.0160621157667065,full_unfiltered_pls,"PLS, full predictor universe",component_11,service_access,library nearest m,0.680128983904333,1.0057477041058538e-05,-0.1373740097025271,higher turnout,67
block3_non_citizen_share,-0.0136588244935568,0.0136588244935568,full_unfiltered_pls,"PLS, full predictor universe",component_11,immigration_citizenship,non citizen share,1.5343079872071526,-0.1335175556642966,-0.4172089393130335,lower turnout,68
block2_apartment_share,0.011887325299717,0.011887325299717,full_unfiltered_pls,"PLS, full predictor universe",component_11,housing_form_density,apartment share,0.8626403640796838,0.0656613400150529,0.0886137557007385,higher turnout,69
block1_average_household_size,0.0056098302691371,0.0056098302691371,full_unfiltered_pls,"PLS, full predictor universe",component_11,household_class,average household size,1.8339381518465088,-0.051503601170769,-0.4853694431785831,lower turnout,70
block4_federal_vote_fragmentation,0.4855383592715096,0.4855383592715096,full_unfiltered_pls,"PLS, full predictor universe",component_12,federal_competitiveness,federal vote fragmentation,0.4364779251405828,-0.1081280515771039,-0.0567092795569962,lower turnout,1
block4_effective_federal_parties_5pct,0.4650898453001447,0.4650898453001447,full_unfiltered_pls,"PLS, full predictor universe",component_12,federal_competitiveness,effective federal parties above 5 percent,0.4163645218384199,0.0322388920237738,-0.0294589848457661,higher turnout,2
block4_federal_margin,-0.3424736154352961,0.3424736154352961,full_unfiltered_pls,"PLS, full predictor universe",component_12,federal_competitiveness,federal margin,1.0653576032644425,0.1200175923572764,0.2722933309313181,higher turnout,3
block5_park_nearest_m,0.3335380557232546,0.3335380557232546,full_unfiltered_pls,"PLS, full predictor universe",component_12,service_access,park nearest m,0.3663533225254259,1.3394848697259532e-05,0.06589187924975,higher turnout,4
block5_school_age_5_17_share,-0.3139058525546598,0.3139058525546598,full_unfiltered_pls,"PLS, full predictor universe",component_12,service_contact,school age 5-17 share,0.881846243930762,0.0087342616737712,-0.197289193792225,higher turnout,5
block3_non_official_mother_tongue_share,0.2986984234990265,0.2986984234990265,full_unfiltered_pls,"PLS, full predictor universe",component_12,immigration_citizenship,non official mother tongue share,1.7512500539067448,0.0258167373625631,-0.4913579538945768,higher turnout,6
block3_english_french_knowledge_share,-0.2887130976230387,0.2887130976230387,full_unfiltered_pls,"PLS, full predictor universe",component_12,immigration_citizenship,english french knowledge share,0.9691090462988766,0.1148448698570238,0.2657182066635518,higher turnout,7
block2_apartment_duplex_count,0.2619152344395384,0.2619152344395384,full_unfiltered_pls,"PLS, full predictor universe",component_12,housing_form_density,apartment duplex count,0.8656746688988773,-6.6003896854551245e-06,-0.1695092660464845,lower turnout,8
block2_apartment_lt5_storeys_count,0.2458399243704624,0.2458399243704624,full_unfiltered_pls,"PLS, full predictor universe",component_12,housing_form_density,apartment lt5 storeys count,1.034255130143337,1.61509738780095e-07,0.2749210675143693,higher turnout,9
block5_community_centre_access_1200m,0.211587100649498,0.211587100649498,full_unfiltered_pls,"PLS, full predictor universe",component_12,service_access,community centre access within 1200m,0.4947574119258981,-0.0029308065262977,-0.0368155841481312,lower turnout,10
block5_shelter_nearest_m,-0.206673095920232,0.206673095920232,full_unfiltered_pls,"PLS, full predictor universe",component_12,service_access,shelter nearest m,0.7183886581410382,5.206365507886289e-06,-0.1455996932912626,higher turnout,11
block5_park_count_1200m,-0.1970385699802864,0.1970385699802864,full_unfiltered_pls,"PLS, full predictor universe",component_12,service_access,park count within 1200m,0.5809253870782397,-0.000173605913418,0.1081860610896306,lower turnout,12
block1_unemployment_rate_share,-0.1962107744217799,0.1962107744217799,full_unfiltered_pls,"PLS, full predictor universe",component_12,household_class,unemployment rate share,1.9343897368501288,-0.0026525534119159,-0.5317030955586906,lower turnout,13
block5_ksi_collision_events_2021_2025,0.1953819487503519,0.1953819487503519,full_unfiltered_pls,"PLS, full predictor universe",component_12,service_contact,ksi collision events 2021-2025,0.6176868364740915,-0.0055616952339799,-0.0504363746710357,lower turnout,14
block1_age_65_plus_share,0.1862190556603114,0.1862190556603114,full_unfiltered_pls,"PLS, full predictor universe",component_12,age_structure,age 65 plus share,1.2193891948939333,0.1874292207473429,0.2133387541635903,higher turnout,15
block4_mayoral_candidate_count_5pct,-0.149146749799966,0.149146749799966,full_unfiltered_pls,"PLS, full predictor universe",component_12,mayoral_competitiveness,mayoral candidate count above 5 percent,0.5835035863176945,-0.0016141756989199,-0.1073608176704616,lower turnout,16
block1_median_age,0.1401187640481046,0.1401187640481046,full_unfiltered_pls,"PLS, full predictor universe",component_12,age_structure,median age,1.2683668552473406,-0.0022601964539123,0.252816324948758,lower turnout,17
block3_citizen_adult_share,-0.137046415782507,0.137046415782507,full_unfiltered_pls,"PLS, full predictor universe",component_12,immigration_citizenship,citizen adult share,1.4006876047880097,-0.1913319702767836,0.3529129517446247,lower turnout,18
block5_development_applications_2021_2025_per_1000,-0.1368342709674428,0.1368342709674428,full_unfiltered_pls,"PLS, full predictor universe",component_12,service_contact,development applications 2021-2025 per 1000,0.6903929832455855,-0.001550375820008,0.0979184698679555,lower turnout,19
block5_social_housing_share,-0.1289723632569706,0.1289723632569706,full_unfiltered_pls,"PLS, full predictor universe",component_12,service_contact,social housing share,0.7473637847512891,0.0111880021037325,-0.1906995037869376,higher turnout,20
block3_immigrant_share,0.1268629480363416,0.1268629480363416,full_unfiltered_pls,"PLS, full predictor universe",component_12,immigration_citizenship,immigrant share,2.0305779894299376,-0.0623192461449433,-0.5732688168347703,lower turnout,21
block5_community_centre_nearest_m,-0.1215412259716019,0.1215412259716019,full_unfiltered_pls,"PLS, full predictor universe",component_12,service_access,community centre nearest m,0.5583317814564572,1.001535196043694e-05,0.0632436238742859,higher turnout,22
block2_renter_share,-0.1207014096845555,0.1207014096845555,full_unfiltered_pls,"PLS, full predictor universe",component_12,housing_tenure,renter share,0.6707614848568206,-0.0393351258923353,-0.0811777605845005,lower turnout,23
block2_owner_share,0.1204624992311069,0.1204624992311069,full_unfiltered_pls,"PLS, full predictor universe",component_12,housing_tenure,owner share,0.6660162010221498,0.0326384900605548,0.0793321298327959,higher turnout,24
block5_library_access_1200m,0.1181595103130646,0.1181595103130646,full_unfiltered_pls,"PLS, full predictor universe",component_12,service_access,library access within 1200m,0.6296411080496338,0.0039894061839985,0.1369242416385467,higher turnout,25
block5_shelter_access_1200m,0.1133284848280067,0.1133284848280067,full_unfiltered_pls,"PLS, full predictor universe",component_12,service_access,shelter access within 1200m,0.7278811838262331,0.00862737829869,0.139289468908494,higher turnout,26
block5_library_nearest_m,-0.1133034880869484,0.1133034880869484,full_unfiltered_pls,"PLS, full predictor universe",component_12,service_access,library nearest m,0.680128983904333,1.0057477041058538e-05,-0.1373740097025271,higher turnout,27
block5_development_applications_2021_2025,-0.1102548160414877,0.1102548160414877,full_unfiltered_pls,"PLS, full predictor universe",component_12,service_contact,development applications 2021-2025,0.6660345168105122,0.0003331899281356,0.1197742264217584,higher turnout,28
block1_average_household_size,-0.1032492083442051,0.1032492083442051,full_unfiltered_pls,"PLS, full predictor universe",component_12,household_class,average household size,1.8339381518465088,-0.051503601170769,-0.4853694431785831,lower turnout,29
block4_provincial_party_count_5pct,-0.1011529926005636,0.1011529926005636,full_unfiltered_pls,"PLS, full predictor universe",component_12,provincial_competitiveness,provincial party count above 5 percent,0.6880210851317852,-0.0014130939940312,-0.1501506617539185,lower turnout,30
block5_requests_311_per_1000,-0.0992716380870312,0.0992716380870312,full_unfiltered_pls,"PLS, full predictor universe",component_12,service_contact,requests 311 per 1000,0.7652718950817419,-4.703485433956742e-06,0.1424094041604848,lower turnout,31
block4_effective_mayoral_candidates_5pct,-0.0916597478161682,0.0916597478161682,full_unfiltered_pls,"PLS, full predictor universe",component_12,mayoral_competitiveness,effective mayoral candidates above 5 percent,1.9072643909961928,-0.0262471441850547,-0.5348452867055592,lower turnout,32
block4_provincial_margin,-0.0915818056587535,0.0915818056587535,full_unfiltered_pls,"PLS, full predictor universe",component_12,provincial_competitiveness,provincial margin,0.8024452435409177,-0.0500380205230649,0.1842057352059481,lower turnout,33
block5_transit_commute_share_preferred,-0.0873228091093358,0.0873228091093358,full_unfiltered_pls,"PLS, full predictor universe",component_12,transportation_access,transit commute share preferred,0.5375880158907198,-0.0208395537130701,-0.0024300518753355,lower turnout,34
block5_tts_transit_trip_share,-0.0873228091093358,0.0873228091093358,full_unfiltered_pls,"PLS, full predictor universe",component_12,transportation_access,tts transit trip share,0.5375880158907198,-0.0208395537130701,-0.0024300518753355,lower turnout,35
block1_low_income_lim_at_share,-0.0794858243048061,0.0794858243048061,full_unfiltered_pls,"PLS, full predictor universe",component_12,household_class,low income share,0.919174732311574,-0.1064668037183354,-0.1991083585229759,lower turnout,36
block2_semi_detached_share,0.0752373619956203,0.0752373619956203,full_unfiltered_pls,"PLS, full predictor universe",component_12,housing_form_density,semi detached share,0.5696319217048027,0.1063669492235196,0.0945253145055546,higher turnout,37
block3_non_citizen_share,0.073669044499632,0.073669044499632,full_unfiltered_pls,"PLS, full predictor universe",component_12,immigration_citizenship,non citizen share,1.5343079872071526,-0.1335175556642966,-0.4172089393130335,lower turnout,38
block3_visible_minority_share,-0.0732418316991563,0.0732418316991563,full_unfiltered_pls,"PLS, full predictor universe",component_12,immigration_citizenship,visible minority share,2.286269532925811,-0.103450336145175,-0.641719581625304,lower turnout,39
block4_mayoral_winner_margin,-0.0687136423226174,0.0687136423226174,full_unfiltered_pls,"PLS, full predictor universe",component_12,mayoral_competitiveness,mayoral winner margin,1.1511798391382846,-0.0199637605256995,0.2880791954472449,lower turnout,40
block4_mayoral_top_two_margin,-0.0687136423226174,0.0687136423226174,full_unfiltered_pls,"PLS, full predictor universe",component_12,mayoral_competitiveness,mayoral top two margin,1.1511798391382846,-0.0199637605256995,0.2880791954472449,lower turnout,41
block5_shelter_count_1200m,-0.0658149344196443,0.0658149344196443,full_unfiltered_pls,"PLS, full predictor universe",component_12,service_access,shelter count within 1200m,0.81804117762369,-0.0054847267083613,0.0819292154021431,lower turnout,42
block2_apartment_5plus_storeys_count,-0.0654138749599133,0.0654138749599133,full_unfiltered_pls,"PLS, full predictor universe",component_12,housing_form_density,apartment 5plus storeys count,0.5660776531523269,4.3985121735472454e-06,0.0353565796377126,higher turnout,43
block2_detached_share,0.0589923599868889,0.0589923599868889,full_unfiltered_pls,"PLS, full predictor universe",component_12,housing_form_density,detached share,0.7424474869047339,0.0045946988993297,-0.0469963024981276,higher turnout,44
block4_mayoral_vote_fragmentation,-0.0572524016062641,0.0572524016062641,full_unfiltered_pls,"PLS, full predictor universe",component_12,mayoral_competitiveness,mayoral vote fragmentation,1.7746629677356136,0.0550018546285246,-0.4947655902228703,higher turnout,45
block5_community_centre_count_1200m,0.0521820718122955,0.0521820718122955,full_unfiltered_pls,"PLS, full predictor universe",component_12,service_access,community centre count within 1200m,0.4240512969439813,0.0013710755634545,-0.0402189530079753,higher turnout,46
block2_structural_type_total_dwellings,0.0461069688120986,0.0461069688120986,full_unfiltered_pls,"PLS, full predictor universe",component_12,housing_form_density,structural type total dwellings,0.5431720013267841,-4.2339416680413857e-07,0.0837227578401428,lower turnout,47
block2_condo_status_total_dwellings,0.0451631999238022,0.0451631999238022,full_unfiltered_pls,"PLS, full predictor universe",component_12,housing_form_density,condo status total dwellings,0.5417085543181436,-3.528287632757631e-06,0.0827031980741296,lower turnout,48
block1_age_18_34_share,0.0427992556028372,0.0427992556028372,full_unfiltered_pls,"PLS, full predictor universe",component_12,age_structure,age 18-34 share,0.9317264899970372,-0.2031007439902942,-0.1385831769483199,lower turnout,49
block2_same_address_1yr_share,-0.0399763561069051,0.0399763561069051,full_unfiltered_pls,"PLS, full predictor universe",component_12,residential_stability,same address 1yr share,0.7484721922475122,0.121604022189258,-0.1563200718536234,higher turnout,50
block5_requests_311_2023_2025_estimated_count,0.0397982784658855,0.0397982784658855,full_unfiltered_pls,"PLS, full predictor universe",component_12,service_contact,requests 311 2023 2025 estimated count,0.8444954061003026,1.045213624854593e-05,0.1681797029031864,higher turnout,51
block4_effective_provincial_parties_5pct,-0.0380219644811238,0.0380219644811238,full_unfiltered_pls,"PLS, full predictor universe",component_12,provincial_competitiveness,effective provincial parties above 5 percent,0.5291960870566139,-0.023980149042417,-0.0520026161486258,lower turnout,52
block2_condos_per_km2,-0.0344761824034468,0.0344761824034468,full_unfiltered_pls,"PLS, full predictor universe",component_12,housing_form_density,condos per km2,0.5785593369247509,-2.824727080304112e-06,0.0713239176116336,lower turnout,53
block4_federal_party_count_5pct,-0.0344598896711567,0.0344598896711567,full_unfiltered_pls,"PLS, full predictor universe",component_12,federal_competitiveness,federal party count above 5 percent,0.9124670723273868,-0.012560245829568,0.2058588649673379,lower turnout,54
block5_library_count_1200m,0.0328841191832505,0.0328841191832505,full_unfiltered_pls,"PLS, full predictor universe",component_12,service_access,library count within 1200m,0.9904279206021056,-0.0031799903121342,0.245558592268723,lower turnout,55
block2_same_address_5yr_share,-0.0285717212215137,0.0285717212215137,full_unfiltered_pls,"PLS, full predictor universe",component_12,residential_stability,same address 5yr share,0.6442613174177084,-0.0055429268416349,-0.1197215824282485,lower turnout,56
block3_recent_immigrant_share,-0.0267769447042583,0.0267769447042583,full_unfiltered_pls,"PLS, full predictor universe",component_12,immigration_citizenship,recent immigrant share,1.2265590306069127,-0.1283550755802563,-0.3169936522850532,lower turnout,57
block1_age_35_64_share,-0.0231826696456427,0.0231826696456427,full_unfiltered_pls,"PLS, full predictor universe",component_12,age_structure,age 35-64 share,0.7078845584349927,-0.1336727241003702,0.1534141927524591,lower turnout,58
block5_tts_overlap_area_m2,-0.0229270161795349,0.0229270161795349,full_unfiltered_pls,"PLS, full predictor universe",component_12,transportation_access,tts overlap area m2,0.6485607648098982,-5.834406232826406e-09,-0.1018882690386049,lower turnout,59
block2_apartments_per_km2,-0.0220669567848416,0.0220669567848416,full_unfiltered_pls,"PLS, full predictor universe",component_12,housing_form_density,apartments per km2,0.6729649978691506,4.80899530055314e-07,0.1145971835027193,higher turnout,60
block2_condo_share,-0.021871651626034,0.021871651626034,full_unfiltered_pls,"PLS, full predictor universe",component_12,housing_form_density,condo share,0.6642805610751094,0.0085054459420476,0.0838192896325982,higher turnout,61
block4_provincial_vote_fragmentation,-0.0201728379068193,0.0201728379068193,full_unfiltered_pls,"PLS, full predictor universe",component_12,provincial_competitiveness,provincial vote fragmentation,0.5297926740484911,-0.0459131275206785,-0.061529194929253,lower turnout,62
block2_apartment_share,-0.018108708897435,0.018108708897435,full_unfiltered_pls,"PLS, full predictor universe",component_12,housing_form_density,apartment share,0.8626403640796838,0.0656613400150529,0.0886137557007385,higher turnout,63
block2_condominium_dwellings_count,0.0176870574007577,0.0176870574007577,full_unfiltered_pls,"PLS, full predictor universe",component_12,housing_form_density,condominium dwellings count,0.5713038998196234,1.331904301537614e-06,0.0712834620017408,higher turnout,64
block2_apartment_total_count,0.0172976424627837,0.0172976424627837,full_unfiltered_pls,"PLS, full predictor universe",component_12,housing_form_density,apartment total count,0.6339885775658818,4.524412833669714e-06,0.0962623692486411,higher turnout,65
block2_population_density_per_km2,-0.0161507342894289,0.0161507342894289,full_unfiltered_pls,"PLS, full predictor universe",component_12,housing_form_density,population density per km2,0.744099922601799,1.9611257380462778e-06,0.1015516864900301,higher turnout,66
block1_bachelors_or_higher_25_64_share,0.0101602269265248,0.0101602269265248,full_unfiltered_pls,"PLS, full predictor universe",component_12,household_class,bachelors or higher 25-64 share,1.9845187827035136,0.0584508741505875,0.5538351812081346,higher turnout,67
block5_ksi_collision_events_2021_2025_per_1000,0.0050987116085121,0.0050987116085121,full_unfiltered_pls,"PLS, full predictor universe",component_12,service_contact,ksi collision events 2021-2025 per 1000,0.933160581562961,0.0154139707677875,0.1600425004005533,higher turnout,68
block5_tts_no_car_household_share,0.0007257361039625,0.0007257361039625,full_unfiltered_pls,"PLS, full predictor universe",component_12,transportation_access,tts no car household share,0.8323521638785889,0.0146188325631732,0.1750666880470893,higher turnout,69
block5_no_car_household_share,0.0007257361039625,0.0007257361039625,full_unfiltered_pls,"PLS, full predictor universe",component_12,transportation_access,no car household share,0.8323521638785889,0.0146188325631732,0.1750666880470893,higher turnout,70
block4_effective_mayoral_candidates_5pct,-0.4077802639262382,0.4077802639262382,theory_cleaned_pls,"PLS, theory-cleaned predictor set",component_1,mayoral_competitiveness,effective mayoral candidates above 5 percent,1.7869236003591271,-0.0174292746419228,-0.5348451385924542,lower turnout,1
block3_visible_minority_share,-0.401399397285678,0.401399397285678,theory_cleaned_pls,"PLS, theory-cleaned predictor set",component_1,immigration_citizenship,visible minority share,2.1450315372726516,-0.0973817162053923,-0.6417173192966108,lower turnout,2
block1_bachelors_or_higher_25_64_share,0.3598688325730439,0.3598688325730439,theory_cleaned_pls,"PLS, theory-cleaned predictor set",component_1,household_class,bachelors or higher 25-64 share,1.847261973411697,0.1087712583494582,0.5538356786177911,higher turnout,3
block1_average_household_size,-0.3121984885797434,0.3121984885797434,theory_cleaned_pls,"PLS, theory-cleaned predictor set",component_1,household_class,average household size,1.6716104341535427,-0.0383874682107039,-0.4853684140745385,lower turnout,4
block4_mayoral_top_two_margin,0.280125353583867,0.280125353583867,theory_cleaned_pls,"PLS, theory-cleaned predictor set",component_1,mayoral_competitiveness,mayoral top two margin,1.0843567259838012,-0.0205370044956337,0.2880745985328391,lower turnout,5
block3_non_citizen_share,-0.2613290381052172,0.2613290381052172,theory_cleaned_pls,"PLS, theory-cleaned predictor set",component_1,immigration_citizenship,non citizen share,1.433027638823555,-0.1237254658724281,-0.4171896198533921,lower turnout,6
block3_recent_immigrant_share,-0.2271155442846554,0.2271155442846554,theory_cleaned_pls,"PLS, theory-cleaned predictor set",component_1,immigration_citizenship,recent immigrant share,1.137242787635273,-0.0639622516817365,-0.316963153797079,lower turnout,7
block4_federal_margin,0.2251490008969186,0.2251490008969186,theory_cleaned_pls,"PLS, theory-cleaned predictor set",component_1,federal_competitiveness,federal margin,0.967277400515798,0.0613256843295975,0.2722910141997016,higher turnout,8
block5_school_age_5_17_share,-0.1943112902665434,0.1943112902665434,theory_cleaned_pls,"PLS, theory-cleaned predictor set",component_1,service_contact,school age 5-17 share,0.8197361971163712,0.1657715896692089,-0.1940991740887253,higher turnout,9
block5_no_car_household_share,0.1856209448014418,0.1856209448014418,theory_cleaned_pls,"PLS, theory-cleaned predictor set",component_1,transportation_access,no car household share,0.7405920946260917,-0.0107119658773344,0.1740819175441996,lower turnout,10
block5_shelter_access_1200m,0.1851372337276413,0.1851372337276413,theory_cleaned_pls,"PLS, theory-cleaned predictor set",component_1,service_access,shelter access within 1200m,0.7156859589320916,-0.0117884443547802,0.1392172904017809,lower turnout,11
block4_provincial_margin,0.160936062775394,0.160936062775394,theory_cleaned_pls,"PLS, theory-cleaned predictor set",component_1,provincial_competitiveness,provincial margin,0.6747009019987162,0.0231951707109955,0.18367539082975,higher turnout,12
block5_library_access_1200m,0.1454940729902273,0.1454940729902273,theory_cleaned_pls,"PLS, theory-cleaned predictor set",component_1,service_access,library access within 1200m,0.5523433512625396,-0.0078446578654197,0.1368010589229281,lower turnout,13
block5_social_housing_share,-0.1402946811966008,0.1402946811966008,theory_cleaned_pls,"PLS, theory-cleaned predictor set",component_1,service_contact,social housing share,0.6735486489030784,-0.0086107242488395,-0.190619141989811,lower turnout,14
block1_low_income_lim_at_share,-0.1316408335393408,0.1316408335393408,theory_cleaned_pls,"PLS, theory-cleaned predictor set",component_1,household_class,low income share,0.7703548114625968,-0.0522225455041423,-0.1990786833648018,lower turnout,15
block5_requests_311_per_1000,0.1265072036902586,0.1265072036902586,theory_cleaned_pls,"PLS, theory-cleaned predictor set",component_1,service_contact,requests 311 per 1000,0.5271105429481759,-2.3652869884806435e-07,0.1404246373182804,lower turnout,16
block2_same_address_5yr_share,-0.120312799743219,0.120312799743219,theory_cleaned_pls,"PLS, theory-cleaned predictor set",component_1,residential_stability,same address 5yr share,0.5748171038145555,-0.0054814068489133,-0.1197187293508083,lower turnout,17
block5_development_applications_2021_2025_per_1000,0.1148279914678277,0.1148279914678277,theory_cleaned_pls,"PLS, theory-cleaned predictor set",component_1,service_contact,development applications 2021-2025 per 1000,0.4671479354545886,-0.0006591382789441,0.0948201911959392,lower turnout,18
block5_ksi_collision_events_2021_2025_per_1000,0.0776716515604243,0.0776716515604243,theory_cleaned_pls,"PLS, theory-cleaned predictor set",component_1,service_contact,ksi collision events 2021-2025 per 1000,0.5915693793228162,0.0080036105681812,0.1574256837573699,higher turnout,19
block2_population_density_per_km2,0.0716834032013194,0.0716834032013194,theory_cleaned_pls,"PLS, theory-cleaned predictor set",component_1,housing_form_density,population density per km2,0.6088127921405001,1.18250178687089e-06,0.1015037961677812,higher turnout,20
block1_age_65_plus_share,0.0545741880146862,0.0545741880146862,theory_cleaned_pls,"PLS, theory-cleaned predictor set",component_1,age_structure,age 65 plus share,0.8046238930563129,0.0961131779748969,0.1818887808346349,higher turnout,21
block2_renter_share,-0.041839017803604,0.041839017803604,theory_cleaned_pls,"PLS, theory-cleaned predictor set",component_1,housing_tenure,renter share,0.5165502717652108,-0.0116525696360284,-0.081174458414431,lower turnout,22
block2_condo_share,0.0378235685042198,0.0378235685042198,theory_cleaned_pls,"PLS, theory-cleaned predictor set",component_1,housing_form_density,condo share,0.4910650762026532,0.0253280940263615,0.0838167100809396,higher turnout,23
block2_apartment_share,0.0369282797128524,0.0369282797128524,theory_cleaned_pls,"PLS, theory-cleaned predictor set",component_1,housing_form_density,apartment share,0.6690097755937546,0.0388117167893648,0.0886131936626097,higher turnout,24
block1_age_18_34_share,0.01450284976927,0.01450284976927,theory_cleaned_pls,"PLS, theory-cleaned predictor set",component_1,age_structure,age 18-34 share,0.8325905298909789,-0.1879373383094704,-0.1363918205210255,lower turnout,25
block5_community_centre_access_1200m,-0.0075428790755744,0.0075428790755744,theory_cleaned_pls,"PLS, theory-cleaned predictor set",component_1,service_access,community centre access within 1200m,0.2241638220529949,-0.0214259728184108,-0.036826939961976,lower turnout,26
block5_transit_commute_share_preferred,0.0036896847235429,0.0036896847235429,theory_cleaned_pls,"PLS, theory-cleaned predictor set",component_1,transportation_access,transit commute share preferred,0.3273496933057215,0.0323163862887917,-0.0024438192912575,higher turnout,27
block1_age_18_34_share,-0.5481879635162717,0.5481879635162717,theory_cleaned_pls,"PLS, theory-cleaned predictor set",component_2,age_structure,age 18-34 share,0.8325905298909789,-0.1879373383094704,-0.1363918205210255,lower turnout,1
block5_no_car_household_share,-0.4473370057549138,0.4473370057549138,theory_cleaned_pls,"PLS, theory-cleaned predictor set",component_2,transportation_access,no car household share,0.7405920946260917,-0.0107119658773344,0.1740819175441996,lower turnout,2
block2_same_address_5yr_share,0.4070879325019255,0.4070879325019255,theory_cleaned_pls,"PLS, theory-cleaned predictor set",component_2,residential_stability,same address 5yr share,0.5748171038145555,-0.0054814068489133,-0.1197187293508083,lower turnout,3
block1_age_65_plus_share,0.3805016065564057,0.3805016065564057,theory_cleaned_pls,"PLS, theory-cleaned predictor set",component_2,age_structure,age 65 plus share,0.8046238930563129,0.0961131779748969,0.1818887808346349,higher turnout,4
block2_population_density_per_km2,-0.3765832357246766,0.3765832357246766,theory_cleaned_pls,"PLS, theory-cleaned predictor set",component_2,housing_form_density,population density per km2,0.6088127921405001,1.18250178687089e-06,0.1015037961677812,higher turnout,5
block3_non_citizen_share,-0.3750890430156327,0.3750890430156327,theory_cleaned_pls,"PLS, theory-cleaned predictor set",component_2,immigration_citizenship,non citizen share,1.433027638823555,-0.1237254658724281,-0.4171896198533921,lower turnout,6
block5_shelter_access_1200m,-0.3730742467580247,0.3730742467580247,theory_cleaned_pls,"PLS, theory-cleaned predictor set",component_2,service_access,shelter access within 1200m,0.7156859589320916,-0.0117884443547802,0.1392172904017809,lower turnout,7
block2_renter_share,-0.3686359823995719,0.3686359823995719,theory_cleaned_pls,"PLS, theory-cleaned predictor set",component_2,housing_tenure,renter share,0.5165502717652108,-0.0116525696360284,-0.081174458414431,lower turnout,8
block2_apartment_share,-0.3520918807943086,0.3520918807943086,theory_cleaned_pls,"PLS, theory-cleaned predictor set",component_2,housing_form_density,apartment share,0.6690097755937546,0.0388117167893648,0.0886131936626097,higher turnout,9
block1_low_income_lim_at_share,-0.3408802070490202,0.3408802070490202,theory_cleaned_pls,"PLS, theory-cleaned predictor set",component_2,household_class,low income share,0.7703548114625968,-0.0522225455041423,-0.1990786833648018,lower turnout,10
block3_recent_immigrant_share,-0.3200957518575125,0.3200957518575125,theory_cleaned_pls,"PLS, theory-cleaned predictor set",component_2,immigration_citizenship,recent immigrant share,1.137242787635273,-0.0639622516817365,-0.316963153797079,lower turnout,11
block5_school_age_5_17_share,0.2714990651905836,0.2714990651905836,theory_cleaned_pls,"PLS, theory-cleaned predictor set",component_2,service_contact,school age 5-17 share,0.8197361971163712,0.1657715896692089,-0.1940991740887253,higher turnout,12
block5_transit_commute_share_preferred,-0.2647054542722021,0.2647054542722021,theory_cleaned_pls,"PLS, theory-cleaned predictor set",component_2,transportation_access,transit commute share preferred,0.3273496933057215,0.0323163862887917,-0.0024438192912575,higher turnout,13
block4_federal_margin,-0.2472832201890651,0.2472832201890651,theory_cleaned_pls,"PLS, theory-cleaned predictor set",component_2,federal_competitiveness,federal margin,0.967277400515798,0.0613256843295975,0.2722910141997016,higher turnout,14
block1_average_household_size,0.2137774135320065,0.2137774135320065,theory_cleaned_pls,"PLS, theory-cleaned predictor set",component_2,household_class,average household size,1.6716104341535427,-0.0383874682107039,-0.4853684140745385,lower turnout,15
block4_mayoral_top_two_margin,-0.2090426168830272,0.2090426168830272,theory_cleaned_pls,"PLS, theory-cleaned predictor set",component_2,mayoral_competitiveness,mayoral top two margin,1.0843567259838012,-0.0205370044956337,0.2880745985328391,lower turnout,16
block3_visible_minority_share,-0.1999675002382596,0.1999675002382596,theory_cleaned_pls,"PLS, theory-cleaned predictor set",component_2,immigration_citizenship,visible minority share,2.1450315372726516,-0.0973817162053923,-0.6417173192966108,lower turnout,17
block5_library_access_1200m,-0.1944396858479197,0.1944396858479197,theory_cleaned_pls,"PLS, theory-cleaned predictor set",component_2,service_access,library access within 1200m,0.5523433512625396,-0.0078446578654197,0.1368010589229281,lower turnout,18
block2_condo_share,-0.1834477838026624,0.1834477838026624,theory_cleaned_pls,"PLS, theory-cleaned predictor set",component_2,housing_form_density,condo share,0.4910650762026532,0.0253280940263615,0.0838167100809396,higher turnout,19
block4_effective_mayoral_candidates_5pct,0.1089723513028153,0.1089723513028153,theory_cleaned_pls,"PLS, theory-cleaned predictor set",component_2,mayoral_competitiveness,effective mayoral candidates above 5 percent,1.7869236003591271,-0.0174292746419228,-0.5348451385924542,lower turnout,20
block4_provincial_margin,-0.1023653066786112,0.1023653066786112,theory_cleaned_pls,"PLS, theory-cleaned predictor set",component_2,provincial_competitiveness,provincial margin,0.6747009019987162,0.0231951707109955,0.18367539082975,higher turnout,21
block5_social_housing_share,-0.0957520037853401,0.0957520037853401,theory_cleaned_pls,"PLS, theory-cleaned predictor set",component_2,service_contact,social housing share,0.6735486489030784,-0.0086107242488395,-0.190619141989811,lower turnout,22
block5_development_applications_2021_2025_per_1000,-0.0875785110455083,0.0875785110455083,theory_cleaned_pls,"PLS, theory-cleaned predictor set",component_2,service_contact,development applications 2021-2025 per 1000,0.4671479354545886,-0.0006591382789441,0.0948201911959392,lower turnout,23
block5_community_centre_access_1200m,-0.0779079348409176,0.0779079348409176,theory_cleaned_pls,"PLS, theory-cleaned predictor set",component_2,service_access,community centre access within 1200m,0.2241638220529949,-0.0214259728184108,-0.036826939961976,lower turnout,24
block5_ksi_collision_events_2021_2025_per_1000,0.0324560967877494,0.0324560967877494,theory_cleaned_pls,"PLS, theory-cleaned predictor set",component_2,service_contact,ksi collision events 2021-2025 per 1000,0.5915693793228162,0.0080036105681812,0.1574256837573699,higher turnout,25
block5_requests_311_per_1000,0.0139867948634399,0.0139867948634399,theory_cleaned_pls,"PLS, theory-cleaned predictor set",component_2,service_contact,requests 311 per 1000,0.5271105429481759,-2.3652869884806435e-07,0.1404246373182804,lower turnout,26
block1_bachelors_or_higher_25_64_share,0.0044771107688526,0.0044771107688526,theory_cleaned_pls,"PLS, theory-cleaned predictor set",component_2,household_class,bachelors or higher 25-64 share,1.847261973411697,0.1087712583494582,0.5538356786177911,higher turnout,27
block2_apartment_share,0.4249220650819111,0.4249220650819111,theory_cleaned_pls,"PLS, theory-cleaned predictor set",component_3,housing_form_density,apartment share,0.6690097755937546,0.0388117167893648,0.0886131936626097,higher turnout,1
block1_average_household_size,-0.3539387510566338,0.3539387510566338,theory_cleaned_pls,"PLS, theory-cleaned predictor set",component_3,household_class,average household size,1.6716104341535427,-0.0383874682107039,-0.4853684140745385,lower turnout,2
block2_condo_share,0.3212912152519714,0.3212912152519714,theory_cleaned_pls,"PLS, theory-cleaned predictor set",component_3,housing_form_density,condo share,0.4910650762026532,0.0253280940263615,0.0838167100809396,higher turnout,3
block3_recent_immigrant_share,0.3109670502446521,0.3109670502446521,theory_cleaned_pls,"PLS, theory-cleaned predictor set",component_3,immigration_citizenship,recent immigrant share,1.137242787635273,-0.0639622516817365,-0.316963153797079,lower turnout,4
block2_same_address_5yr_share,-0.2973326885554402,0.2973326885554402,theory_cleaned_pls,"PLS, theory-cleaned predictor set",component_3,residential_stability,same address 5yr share,0.5748171038145555,-0.0054814068489133,-0.1197187293508083,lower turnout,5
block2_renter_share,0.2906859116945984,0.2906859116945984,theory_cleaned_pls,"PLS, theory-cleaned predictor set",component_3,housing_tenure,renter share,0.5165502717652108,-0.0116525696360284,-0.081174458414431,lower turnout,6
block1_low_income_lim_at_share,0.286884792615718,0.286884792615718,theory_cleaned_pls,"PLS, theory-cleaned predictor set",component_3,household_class,low income share,0.7703548114625968,-0.0522225455041423,-0.1990786833648018,lower turnout,7
block2_population_density_per_km2,0.2758530874412385,0.2758530874412385,theory_cleaned_pls,"PLS, theory-cleaned predictor set",component_3,housing_form_density,population density per km2,0.6088127921405001,1.18250178687089e-06,0.1015037961677812,higher turnout,8
block3_non_citizen_share,0.23210358002069,0.23210358002069,theory_cleaned_pls,"PLS, theory-cleaned predictor set",component_3,immigration_citizenship,non citizen share,1.433027638823555,-0.1237254658724281,-0.4171896198533921,lower turnout,9
block5_school_age_5_17_share,-0.1953039698547728,0.1953039698547728,theory_cleaned_pls,"PLS, theory-cleaned predictor set",component_3,service_contact,school age 5-17 share,0.8197361971163712,0.1657715896692089,-0.1940991740887253,higher turnout,10
block5_transit_commute_share_preferred,0.1923919821643618,0.1923919821643618,theory_cleaned_pls,"PLS, theory-cleaned predictor set",component_3,transportation_access,transit commute share preferred,0.3273496933057215,0.0323163862887917,-0.0024438192912575,higher turnout,11
block5_no_car_household_share,0.1745609522590623,0.1745609522590623,theory_cleaned_pls,"PLS, theory-cleaned predictor set",component_3,transportation_access,no car household share,0.7405920946260917,-0.0107119658773344,0.1740819175441996,lower turnout,12
block4_mayoral_top_two_margin,-0.144330955470463,0.144330955470463,theory_cleaned_pls,"PLS, theory-cleaned predictor set",component_3,mayoral_competitiveness,mayoral top two margin,1.0843567259838012,-0.0205370044956337,0.2880745985328391,lower turnout,13
block1_bachelors_or_higher_25_64_share,0.1277906725687601,0.1277906725687601,theory_cleaned_pls,"PLS, theory-cleaned predictor set",component_3,household_class,bachelors or higher 25-64 share,1.847261973411697,0.1087712583494582,0.5538356786177911,higher turnout,14
block4_provincial_margin,-0.1248961996894423,0.1248961996894423,theory_cleaned_pls,"PLS, theory-cleaned predictor set",component_3,provincial_competitiveness,provincial margin,0.6747009019987162,0.0231951707109955,0.18367539082975,higher turnout,15
block1_age_18_34_share,0.124892527587902,0.124892527587902,theory_cleaned_pls,"PLS, theory-cleaned predictor set",component_3,age_structure,age 18-34 share,0.8325905298909789,-0.1879373383094704,-0.1363918205210255,lower turnout,16
block5_requests_311_per_1000,-0.1230638700738882,0.1230638700738882,theory_cleaned_pls,"PLS, theory-cleaned predictor set",component_3,service_contact,requests 311 per 1000,0.5271105429481759,-2.3652869884806435e-07,0.1404246373182804,lower turnout,17
block4_effective_mayoral_candidates_5pct,0.0786759068755997,0.0786759068755997,theory_cleaned_pls,"PLS, theory-cleaned predictor set",component_3,mayoral_competitiveness,effective mayoral candidates above 5 percent,1.7869236003591271,-0.0174292746419228,-0.5348451385924542,lower turnout,18
block5_development_applications_2021_2025_per_1000,-0.0694239424988654,0.0694239424988654,theory_cleaned_pls,"PLS, theory-cleaned predictor set",component_3,service_contact,development applications 2021-2025 per 1000,0.4671479354545886,-0.0006591382789441,0.0948201911959392,lower turnout,19
block1_age_65_plus_share,0.0574719718461166,0.0574719718461166,theory_cleaned_pls,"PLS, theory-cleaned predictor set",component_3,age_structure,age 65 plus share,0.8046238930563129,0.0961131779748969,0.1818887808346349,higher turnout,20
block5_community_centre_access_1200m,0.0570073058422342,0.0570073058422342,theory_cleaned_pls,"PLS, theory-cleaned predictor set",component_3,service_access,community centre access within 1200m,0.2241638220529949,-0.0214259728184108,-0.036826939961976,lower turnout,21
block5_ksi_collision_events_2021_2025_per_1000,0.0569368075092855,0.0569368075092855,theory_cleaned_pls,"PLS, theory-cleaned predictor set",component_3,service_contact,ksi collision events 2021-2025 per 1000,0.5915693793228162,0.0080036105681812,0.1574256837573699,higher turnout,22
block5_social_housing_share,0.0432617871068301,0.0432617871068301,theory_cleaned_pls,"PLS, theory-cleaned predictor set",component_3,service_contact,social housing share,0.6735486489030784,-0.0086107242488395,-0.190619141989811,lower turnout,23
block3_visible_minority_share,0.027343418914169,0.027343418914169,theory_cleaned_pls,"PLS, theory-cleaned predictor set",component_3,immigration_citizenship,visible minority share,2.1450315372726516,-0.0973817162053923,-0.6417173192966108,lower turnout,24
block4_federal_margin,-0.0236125897892105,0.0236125897892105,theory_cleaned_pls,"PLS, theory-cleaned predictor set",component_3,federal_competitiveness,federal margin,0.967277400515798,0.0613256843295975,0.2722910141997016,higher turnout,25
block5_shelter_access_1200m,-0.0023555074001423,0.0023555074001423,theory_cleaned_pls,"PLS, theory-cleaned predictor set",component_3,service_access,shelter access within 1200m,0.7156859589320916,-0.0117884443547802,0.1392172904017809,lower turnout,26
block5_library_access_1200m,0.0019237654439769,0.0019237654439769,theory_cleaned_pls,"PLS, theory-cleaned predictor set",component_3,service_access,library access within 1200m,0.5523433512625396,-0.0078446578654197,0.1368010589229281,lower turnout,27
block5_school_age_5_17_share,0.5179346758259906,0.5179346758259906,theory_cleaned_pls,"PLS, theory-cleaned predictor set",component_4,service_contact,school age 5-17 share,0.8197361971163712,0.1657715896692089,-0.1940991740887253,higher turnout,1
block4_provincial_margin,0.3991196589855263,0.3991196589855263,theory_cleaned_pls,"PLS, theory-cleaned predictor set",component_4,provincial_competitiveness,provincial margin,0.6747009019987162,0.0231951707109955,0.18367539082975,higher turnout,2
block4_federal_margin,0.3988681700194613,0.3988681700194613,theory_cleaned_pls,"PLS, theory-cleaned predictor set",component_4,federal_competitiveness,federal margin,0.967277400515798,0.0613256843295975,0.2722910141997016,higher turnout,3
block2_condo_share,-0.3466763641988338,0.3466763641988338,theory_cleaned_pls,"PLS, theory-cleaned predictor set",component_4,housing_form_density,condo share,0.4910650762026532,0.0253280940263615,0.0838167100809396,higher turnout,4
block5_social_housing_share,0.3404115088067126,0.3404115088067126,theory_cleaned_pls,"PLS, theory-cleaned predictor set",component_4,service_contact,social housing share,0.6735486489030784,-0.0086107242488395,-0.190619141989811,lower turnout,5
block1_age_65_plus_share,-0.3181145589962544,0.3181145589962544,theory_cleaned_pls,"PLS, theory-cleaned predictor set",component_4,age_structure,age 65 plus share,0.8046238930563129,0.0961131779748969,0.1818887808346349,higher turnout,6
block2_same_address_5yr_share,0.2561338311867832,0.2561338311867832,theory_cleaned_pls,"PLS, theory-cleaned predictor set",component_4,residential_stability,same address 5yr share,0.5748171038145555,-0.0054814068489133,-0.1197187293508083,lower turnout,7
block2_renter_share,0.248898995043032,0.248898995043032,theory_cleaned_pls,"PLS, theory-cleaned predictor set",component_4,housing_tenure,renter share,0.5165502717652108,-0.0116525696360284,-0.081174458414431,lower turnout,8
block5_transit_commute_share_preferred,0.2227845612087421,0.2227845612087421,theory_cleaned_pls,"PLS, theory-cleaned predictor set",component_4,transportation_access,transit commute share preferred,0.3273496933057215,0.0323163862887917,-0.0024438192912575,higher turnout,9
block1_age_18_34_share,-0.2127691567496508,0.2127691567496508,theory_cleaned_pls,"PLS, theory-cleaned predictor set",component_4,age_structure,age 18-34 share,0.8325905298909789,-0.1879373383094704,-0.1363918205210255,lower turnout,10
block3_non_citizen_share,-0.1839361338950462,0.1839361338950462,theory_cleaned_pls,"PLS, theory-cleaned predictor set",component_4,immigration_citizenship,non citizen share,1.433027638823555,-0.1237254658724281,-0.4171896198533921,lower turnout,11
block5_development_applications_2021_2025_per_1000,-0.1723090587189536,0.1723090587189536,theory_cleaned_pls,"PLS, theory-cleaned predictor set",component_4,service_contact,development applications 2021-2025 per 1000,0.4671479354545886,-0.0006591382789441,0.0948201911959392,lower turnout,12
block4_mayoral_top_two_margin,0.1657426021992603,0.1657426021992603,theory_cleaned_pls,"PLS, theory-cleaned predictor set",component_4,mayoral_competitiveness,mayoral top two margin,1.0843567259838012,-0.0205370044956337,0.2880745985328391,lower turnout,13
block1_average_household_size,0.1194210787217879,0.1194210787217879,theory_cleaned_pls,"PLS, theory-cleaned predictor set",component_4,household_class,average household size,1.6716104341535427,-0.0383874682107039,-0.4853684140745385,lower turnout,14
block1_bachelors_or_higher_25_64_share,-0.1193718655267929,0.1193718655267929,theory_cleaned_pls,"PLS, theory-cleaned predictor set",component_4,household_class,bachelors or higher 25-64 share,1.847261973411697,0.1087712583494582,0.5538356786177911,higher turnout,15
block3_visible_minority_share,-0.1132337626515896,0.1132337626515896,theory_cleaned_pls,"PLS, theory-cleaned predictor set",component_4,immigration_citizenship,visible minority share,2.1450315372726516,-0.0973817162053923,-0.6417173192966108,lower turnout,16
block5_no_car_household_share,0.1031686532682257,0.1031686532682257,theory_cleaned_pls,"PLS, theory-cleaned predictor set",component_4,transportation_access,no car household share,0.7405920946260917,-0.0107119658773344,0.1740819175441996,lower turnout,17
block1_low_income_lim_at_share,0.0909293801877799,0.0909293801877799,theory_cleaned_pls,"PLS, theory-cleaned predictor set",component_4,household_class,low income share,0.7703548114625968,-0.0522225455041423,-0.1990786833648018,lower turnout,18
block5_requests_311_per_1000,-0.0790096921807774,0.0790096921807774,theory_cleaned_pls,"PLS, theory-cleaned predictor set",component_4,service_contact,requests 311 per 1000,0.5271105429481759,-2.3652869884806435e-07,0.1404246373182804,lower turnout,19
block3_recent_immigrant_share,-0.0722126645199058,0.0722126645199058,theory_cleaned_pls,"PLS, theory-cleaned predictor set",component_4,immigration_citizenship,recent immigrant share,1.137242787635273,-0.0639622516817365,-0.316963153797079,lower turnout,20
block2_population_density_per_km2,0.0667908150180654,0.0667908150180654,theory_cleaned_pls,"PLS, theory-cleaned predictor set",component_4,housing_form_density,population density per km2,0.6088127921405001,1.18250178687089e-06,0.1015037961677812,higher turnout,21
block5_shelter_access_1200m,-0.0649434571245811,0.0649434571245811,theory_cleaned_pls,"PLS, theory-cleaned predictor set",component_4,service_access,shelter access within 1200m,0.7156859589320916,-0.0117884443547802,0.1392172904017809,lower turnout,22
block4_effective_mayoral_candidates_5pct,-0.0453224893128029,0.0453224893128029,theory_cleaned_pls,"PLS, theory-cleaned predictor set",component_4,mayoral_competitiveness,effective mayoral candidates above 5 percent,1.7869236003591271,-0.0174292746419228,-0.5348451385924542,lower turnout,23
block5_ksi_collision_events_2021_2025_per_1000,-0.0438911177835588,0.0438911177835588,theory_cleaned_pls,"PLS, theory-cleaned predictor set",component_4,service_contact,ksi collision events 2021-2025 per 1000,0.5915693793228162,0.0080036105681812,0.1574256837573699,higher turnout,24
block5_library_access_1200m,0.0379946247603713,0.0379946247603713,theory_cleaned_pls,"PLS, theory-cleaned predictor set",component_4,service_access,library access within 1200m,0.5523433512625396,-0.0078446578654197,0.1368010589229281,lower turnout,25
block5_community_centre_access_1200m,-0.0357290080240168,0.0357290080240168,theory_cleaned_pls,"PLS, theory-cleaned predictor set",component_4,service_access,community centre access within 1200m,0.2241638220529949,-0.0214259728184108,-0.036826939961976,lower turnout,26
block2_apartment_share,0.0321358042942954,0.0321358042942954,theory_cleaned_pls,"PLS, theory-cleaned predictor set",component_4,housing_form_density,apartment share,0.6690097755937546,0.0388117167893648,0.0886131936626097,higher turnout,27
block5_community_centre_access_1200m,-0.4505205185914499,0.4505205185914499,theory_cleaned_pls,"PLS, theory-cleaned predictor set",component_5,service_access,community centre access within 1200m,0.2241638220529949,-0.0214259728184108,-0.036826939961976,lower turnout,1
block5_ksi_collision_events_2021_2025_per_1000,0.3460915064409602,0.3460915064409602,theory_cleaned_pls,"PLS, theory-cleaned predictor set",component_5,service_contact,ksi collision events 2021-2025 per 1000,0.5915693793228162,0.0080036105681812,0.1574256837573699,higher turnout,2
block5_social_housing_share,-0.3233264782295622,0.3233264782295622,theory_cleaned_pls,"PLS, theory-cleaned predictor set",component_5,service_contact,social housing share,0.6735486489030784,-0.0086107242488395,-0.190619141989811,lower turnout,3
block2_condo_share,0.3198132333461065,0.3198132333461065,theory_cleaned_pls,"PLS, theory-cleaned predictor set",component_5,housing_form_density,condo share,0.4910650762026532,0.0253280940263615,0.0838167100809396,higher turnout,4
block2_renter_share,-0.3169624456859984,0.3169624456859984,theory_cleaned_pls,"PLS, theory-cleaned predictor set",component_5,housing_tenure,renter share,0.5165502717652108,-0.0116525696360284,-0.081174458414431,lower turnout,5
block5_no_car_household_share,-0.2727221319741786,0.2727221319741786,theory_cleaned_pls,"PLS, theory-cleaned predictor set",component_5,transportation_access,no car household share,0.7405920946260917,-0.0107119658773344,0.1740819175441996,lower turnout,6
block5_library_access_1200m,-0.2613158007267062,0.2613158007267062,theory_cleaned_pls,"PLS, theory-cleaned predictor set",component_5,service_access,library access within 1200m,0.5523433512625396,-0.0078446578654197,0.1368010589229281,lower turnout,7
block1_bachelors_or_higher_25_64_share,0.2585519404367097,0.2585519404367097,theory_cleaned_pls,"PLS, theory-cleaned predictor set",component_5,household_class,bachelors or higher 25-64 share,1.847261973411697,0.1087712583494582,0.5538356786177911,higher turnout,8
block1_age_65_plus_share,-0.2562832003197447,0.2562832003197447,theory_cleaned_pls,"PLS, theory-cleaned predictor set",component_5,age_structure,age 65 plus share,0.8046238930563129,0.0961131779748969,0.1818887808346349,higher turnout,9
block5_requests_311_per_1000,0.2527966658758435,0.2527966658758435,theory_cleaned_pls,"PLS, theory-cleaned predictor set",component_5,service_contact,requests 311 per 1000,0.5271105429481759,-2.3652869884806435e-07,0.1404246373182804,lower turnout,10
block2_same_address_5yr_share,-0.2246722916362451,0.2246722916362451,theory_cleaned_pls,"PLS, theory-cleaned predictor set",component_5,residential_stability,same address 5yr share,0.5748171038145555,-0.0054814068489133,-0.1197187293508083,lower turnout,11
block3_recent_immigrant_share,0.2085912132648454,0.2085912132648454,theory_cleaned_pls,"PLS, theory-cleaned predictor set",component_5,immigration_citizenship,recent immigrant share,1.137242787635273,-0.0639622516817365,-0.316963153797079,lower turnout,12
block3_non_citizen_share,0.1961546251911351,0.1961546251911351,theory_cleaned_pls,"PLS, theory-cleaned predictor set",component_5,immigration_citizenship,non citizen share,1.433027638823555,-0.1237254658724281,-0.4171896198533921,lower turnout,13
block5_transit_commute_share_preferred,-0.1953600179566728,0.1953600179566728,theory_cleaned_pls,"PLS, theory-cleaned predictor set",component_5,transportation_access,transit commute share preferred,0.3273496933057215,0.0323163862887917,-0.0024438192912575,higher turnout,14
block1_age_18_34_share,0.1722353878707015,0.1722353878707015,theory_cleaned_pls,"PLS, theory-cleaned predictor set",component_5,age_structure,age 18-34 share,0.8325905298909789,-0.1879373383094704,-0.1363918205210255,lower turnout,15
block5_development_applications_2021_2025_per_1000,0.1610569337705451,0.1610569337705451,theory_cleaned_pls,"PLS, theory-cleaned predictor set",component_5,service_contact,development applications 2021-2025 per 1000,0.4671479354545886,-0.0006591382789441,0.0948201911959392,lower turnout,16
block2_population_density_per_km2,0.1576485663866469,0.1576485663866469,theory_cleaned_pls,"PLS, theory-cleaned predictor set",component_5,housing_form_density,population density per km2,0.6088127921405001,1.18250178687089e-06,0.1015037961677812,higher turnout,17
block1_low_income_lim_at_share,-0.1346737543088757,0.1346737543088757,theory_cleaned_pls,"PLS, theory-cleaned predictor set",component_5,household_class,low income share,0.7703548114625968,-0.0522225455041423,-0.1990786833648018,lower turnout,18
block3_visible_minority_share,0.1146643949856013,0.1146643949856013,theory_cleaned_pls,"PLS, theory-cleaned predictor set",component_5,immigration_citizenship,visible minority share,2.1450315372726516,-0.0973817162053923,-0.6417173192966108,lower turnout,19
block1_average_household_size,0.1130801321845748,0.1130801321845748,theory_cleaned_pls,"PLS, theory-cleaned predictor set",component_5,household_class,average household size,1.6716104341535427,-0.0383874682107039,-0.4853684140745385,lower turnout,20
block2_apartment_share,-0.1099596602092079,0.1099596602092079,theory_cleaned_pls,"PLS, theory-cleaned predictor set",component_5,housing_form_density,apartment share,0.6690097755937546,0.0388117167893648,0.0886131936626097,higher turnout,21
block4_provincial_margin,-0.0956580119495082,0.0956580119495082,theory_cleaned_pls,"PLS, theory-cleaned predictor set",component_5,provincial_competitiveness,provincial margin,0.6747009019987162,0.0231951707109955,0.18367539082975,higher turnout,22
block4_federal_margin,-0.0817341343921228,0.0817341343921228,theory_cleaned_pls,"PLS, theory-cleaned predictor set",component_5,federal_competitiveness,federal margin,0.967277400515798,0.0613256843295975,0.2722910141997016,higher turnout,23
block4_effective_mayoral_candidates_5pct,-0.0766123189221034,0.0766123189221034,theory_cleaned_pls,"PLS, theory-cleaned predictor set",component_5,mayoral_competitiveness,effective mayoral candidates above 5 percent,1.7869236003591271,-0.0174292746419228,-0.5348451385924542,lower turnout,24
block5_shelter_access_1200m,-0.0437945981544819,0.0437945981544819,theory_cleaned_pls,"PLS, theory-cleaned predictor set",component_5,service_access,shelter access within 1200m,0.7156859589320916,-0.0117884443547802,0.1392172904017809,lower turnout,25
block5_school_age_5_17_share,0.0388268369910127,0.0388268369910127,theory_cleaned_pls,"PLS, theory-cleaned predictor set",component_5,service_contact,school age 5-17 share,0.8197361971163712,0.1657715896692089,-0.1940991740887253,higher turnout,26
block4_mayoral_top_two_margin,0.008954115879964,0.008954115879964,theory_cleaned_pls,"PLS, theory-cleaned predictor set",component_5,mayoral_competitiveness,mayoral top two margin,1.0843567259838012,-0.0205370044956337,0.2880745985328391,lower turnout,27
block3_visible_minority_share,-0.3455836648945311,0.3455836648945311,interaction_augmented_pls,"PLS, cleaned plus retained interaction",component_1,immigration_citizenship,visible minority share,2.3070935318197145,-0.0464471638854811,-0.6417173192966108,lower turnout,1
block4_effective_mayoral_candidates_5pct,-0.3300119065723175,0.3300119065723175,interaction_augmented_pls,"PLS, cleaned plus retained interaction",component_1,mayoral_competitiveness,effective mayoral candidates above 5 percent,1.9228680957596629,-0.0129731561972004,-0.5348451385924542,lower turnout,2
block1_unemployment_rate_share,-0.3173085573100756,0.3173085573100756,interaction_augmented_pls,"PLS, cleaned plus retained interaction",component_1,household_class,unemployment rate share,1.911567845377249,-0.2488851125862755,-0.5317019776053646,lower turnout,3
block1_bachelors_or_higher_25_64_share,0.3049444951683819,0.3049444951683819,interaction_augmented_pls,"PLS, cleaned plus retained interaction",component_1,household_class,bachelors or higher 25-64 share,1.9911426315104523,0.0549370493996784,0.5538356786177911,higher turnout,4
block3_non_official_mother_tongue_share,-0.2808022776047049,0.2808022776047049,interaction_augmented_pls,"PLS, cleaned plus retained interaction",component_1,immigration_citizenship,non official mother tongue share,1.7643797941710515,-0.057975293144781,-0.4907616687926421,lower turnout,5
block1_average_household_size,-0.2626357591339205,0.2626357591339205,interaction_augmented_pls,"PLS, cleaned plus retained interaction",component_1,household_class,average household size,1.7449900368722584,-0.0174899504686096,-0.4853684140745385,lower turnout,6
block3_non_citizen_share,-0.2350852952288456,0.2350852952288456,interaction_augmented_pls,"PLS, cleaned plus retained interaction",component_1,immigration_citizenship,non citizen share,1.4998745468816117,-0.0869562288624815,-0.4171896198533921,lower turnout,7
block4_mayoral_top_two_margin,0.2095627431495247,0.2095627431495247,interaction_augmented_pls,"PLS, cleaned plus retained interaction",component_1,mayoral_competitiveness,mayoral top two margin,1.0356819474424677,0.0421673336951995,0.2880745985328391,higher turnout,8
block3_recent_immigrant_share,-0.2044137369201123,0.2044137369201123,interaction_augmented_pls,"PLS, cleaned plus retained interaction",component_1,immigration_citizenship,recent immigrant share,1.1395416953246007,-0.136156970523154,-0.316963153797079,lower turnout,9
block4_federal_margin,0.1724964100728733,0.1724964100728733,interaction_augmented_pls,"PLS, cleaned plus retained interaction",component_1,federal_competitiveness,federal margin,0.9789370159454868,0.0359500071046298,0.2722910141997016,higher turnout,10
block5_school_age_5_17_share,-0.1531598620975766,0.1531598620975766,interaction_augmented_pls,"PLS, cleaned plus retained interaction",component_1,service_contact,school age 5-17 share,0.697822757164304,-0.0814158423646788,-0.1940991740887253,lower turnout,11
block1_low_income_lim_at_share__x__block1_age_35_64_share,-0.1403976826947455,0.1403976826947455,interaction_augmented_pls,"PLS, cleaned plus retained interaction",component_1,other,low income share x age 35-64 share,0.7984104881872037,-0.0019580872938472,-0.2220776189223992,lower turnout,12
block1_average_household_size__x__block1_age_35_64_share,0.1397835910436543,0.1397835910436543,interaction_augmented_pls,"PLS, cleaned plus retained interaction",component_1,other,average household size x age 35-64 share,0.753230526117123,0.0028676155431077,0.2095108270929122,higher turnout,13
block5_ksi_collision_events_2021_2025_per_1000__x__block3_non_official_mother_tongue_share,0.1357550074334822,0.1357550074334822,interaction_augmented_pls,"PLS, cleaned plus retained interaction",component_1,other,ksi collision events 2021-2025 per 1000 x non official mother tongue share,0.8460059159121044,0.002791822829847,0.2353162717421262,higher turnout,14
block5_shelter_access_1200m,0.1349997070053737,0.1349997070053737,interaction_augmented_pls,"PLS, cleaned plus retained interaction",component_1,service_access,shelter access within 1200m,0.5005121422552092,0.0051955391212763,0.1392172904017809,higher turnout,15
block5_ksi_collision_events_2021_2025_per_1000__x__block1_unemployment_rate_share,-0.1327817794390881,0.1327817794390881,interaction_augmented_pls,"PLS, cleaned plus retained interaction",component_1,other,ksi collision events 2021-2025 per 1000 x unemployment rate share,0.766759872875146,-0.0017482597135732,-0.2132740105155385,lower turnout,16
block5_social_housing_share,-0.1319481260738531,0.1319481260738531,interaction_augmented_pls,"PLS, cleaned plus retained interaction",component_1,service_contact,social housing share,0.6853113922618731,-0.020935091675016,-0.190619141989811,lower turnout,17
block5_no_car_household_share,0.1284097209343389,0.1284097209343389,interaction_augmented_pls,"PLS, cleaned plus retained interaction",component_1,transportation_access,no car household share,0.6258569839025335,0.0178876737669685,0.1740819175441996,higher turnout,18
block5_ksi_collision_events_2021_2025_per_1000,0.1210799109010333,0.1210799109010333,interaction_augmented_pls,"PLS, cleaned plus retained interaction",component_1,service_contact,ksi collision events 2021-2025 per 1000,0.5659747147498294,0.0018347900747285,0.1574256837573699,higher turnout,19
block4_provincial_margin,0.1192532526492694,0.1192532526492694,interaction_augmented_pls,"PLS, cleaned plus retained interaction",component_1,provincial_competitiveness,provincial margin,0.6603473108724194,0.0261323028396179,0.18367539082975,higher turnout,20
block1_average_household_size__x__block5_ksi_collision_events_2021_2025_per_1000,-0.1163681251145701,0.1163681251145701,interaction_augmented_pls,"PLS, cleaned plus retained interaction",component_1,other,average household size x ksi collision events 2021-2025 per 1000,0.7249020939323144,-0.0022872870629992,-0.201631282847832,lower turnout,21
block1_low_income_lim_at_share,-0.1161319214132636,0.1161319214132636,interaction_augmented_pls,"PLS, cleaned plus retained interaction",component_1,household_class,low income share,0.7157250223783158,-0.0579611511658786,-0.1990786833648018,lower turnout,22
block5_requests_311_per_1000,0.110851208954224,0.110851208954224,interaction_augmented_pls,"PLS, cleaned plus retained interaction",component_1,service_contact,requests 311 per 1000,0.5048527797570461,1.0731167980542886e-06,0.1404246373182804,higher turnout,23
block5_library_access_1200m,0.1057653767062117,0.1057653767062117,interaction_augmented_pls,"PLS, cleaned plus retained interaction",component_1,service_access,library access within 1200m,0.4918253391277035,0.0053258423299557,0.1368010589229281,higher turnout,24
block1_low_income_lim_at_share__x__block5_requests_311_per_1000,0.0992744074689853,0.0992744074689853,interaction_augmented_pls,"PLS, cleaned plus retained interaction",component_1,other,low income share x requests 311 per 1000,0.7043195301235616,0.0036590275190916,0.195906249384977,higher turnout,25
block2_same_address_5yr_share,-0.0943557096361964,0.0943557096361964,interaction_augmented_pls,"PLS, cleaned plus retained interaction",component_1,residential_stability,same address 5yr share,0.4304111761011395,-0.0165795592129921,-0.1197187293508083,lower turnout,26
block5_development_applications_2021_2025_per_1000,0.0907739933781575,0.0907739933781575,interaction_augmented_pls,"PLS, cleaned plus retained interaction",component_1,service_contact,development applications 2021-2025 per 1000,0.3408962844167004,0.0002035854683717,0.0948201911959392,higher turnout,27
block1_bachelors_or_higher_25_64_share__x__block4_effective_mayoral_candidates_5pct,0.0897420388126793,0.0897420388126793,interaction_augmented_pls,"PLS, cleaned plus retained interaction",component_1,other,bachelors or higher 25-64 share x effective mayoral candidates above 5 percent,0.8631447970520377,0.0042176126971227,0.2400834459850302,higher turnout,28
block1_age_65_plus_share,0.0779375525765877,0.0779375525765877,interaction_augmented_pls,"PLS, cleaned plus retained interaction",component_1,age_structure,age 65 plus share,0.6539241144903538,0.039568539047284,0.1818887808346349,higher turnout,29
block1_age_35_64_share,0.0630531452331312,0.0630531452331312,interaction_augmented_pls,"PLS, cleaned plus retained interaction",component_1,age_structure,age 35-64 share,0.5095237324049773,0.0546219534483367,0.1417238612857749,higher turnout,30
block1_age_65_plus_share__x__block1_average_household_size,-0.0587772343591544,0.0587772343591544,interaction_augmented_pls,"PLS, cleaned plus retained interaction",component_1,other,age 65 plus share x average household size,0.5721418092962908,-0.0022263392161303,-0.159141059109787,lower turnout,31
block2_renter_share,-0.0584603133828506,0.0584603133828506,interaction_augmented_pls,"PLS, cleaned plus retained interaction",component_1,housing_tenure,renter share,0.2918373282525354,-0.006543806053128,-0.081174458414431,lower turnout,32
block2_condo_share,0.037683694773953,0.037683694773953,interaction_augmented_pls,"PLS, cleaned plus retained interaction",component_1,housing_form_density,condo share,0.3013367161386588,0.0053476203320313,0.0838167100809396,higher turnout,33
block2_population_density_per_km2,0.0351744099791308,0.0351744099791308,interaction_augmented_pls,"PLS, cleaned plus retained interaction",component_1,housing_form_density,population density per km2,0.3649250917062974,1.917976932397269e-07,0.1015037961677812,higher turnout,34
block2_apartment_share,0.0168877271230184,0.0168877271230184,interaction_augmented_pls,"PLS, cleaned plus retained interaction",component_1,housing_form_density,apartment share,0.3185809698216981,0.0055615297945317,0.0886131936626097,higher turnout,35
block1_age_18_34_share,-0.0157516495078321,0.0157516495078321,interaction_augmented_pls,"PLS, cleaned plus retained interaction",component_1,age_structure,age 18-34 share,0.4903540506933529,-0.0275523343303224,-0.1363918205210255,lower turnout,36
block5_transit_commute_share_preferred,-0.0143180302421311,0.0143180302421311,interaction_augmented_pls,"PLS, cleaned plus retained interaction",component_1,transportation_access,transit commute share preferred,0.0087859864620396,-0.0005790186129899,-0.0024438192912575,lower turnout,37
block5_community_centre_access_1200m,-0.0110984764708842,0.0110984764708842,interaction_augmented_pls,"PLS, cleaned plus retained interaction",component_1,service_access,community centre access within 1200m,0.1323997224761147,-0.0022858990281628,-0.036826939961976,lower turnout,38
block4_effective_mayoral_candidates_5pct,0.4300835854607507,0.4300835854607507,supervised_pca,Supervised-screen PCA,component_1,mayoral_competitiveness,effective mayoral candidates above 5 percent,,,,,1
block3_visible_minority_share,0.4017881642844962,0.4017881642844962,supervised_pca,Supervised-screen PCA,component_1,immigration_citizenship,visible minority share,,,,,2
block1_bachelors_or_higher_25_64_share,-0.3380141841987104,0.3380141841987104,supervised_pca,Supervised-screen PCA,component_1,household_class,bachelors or higher 25-64 share,,,,,3
block4_mayoral_top_two_margin,-0.3283400859383518,0.3283400859383518,supervised_pca,Supervised-screen PCA,component_1,mayoral_competitiveness,mayoral top two margin,,,,,4
block1_average_household_size,0.2863062888661596,0.2863062888661596,supervised_pca,Supervised-screen PCA,component_1,household_class,average household size,,,,,5
block3_non_citizen_share,0.2770968138545382,0.2770968138545382,supervised_pca,Supervised-screen PCA,component_1,immigration_citizenship,non citizen share,,,,,6
block4_federal_margin,-0.2599907516309827,0.2599907516309827,supervised_pca,Supervised-screen PCA,component_1,federal_competitiveness,federal margin,,,,,7
block3_recent_immigrant_share,0.2461200311561072,0.2461200311561072,supervised_pca,Supervised-screen PCA,component_1,immigration_citizenship,recent immigrant share,,,,,8
block4_provincial_margin,-0.2048848987742428,0.2048848987742428,supervised_pca,Supervised-screen PCA,component_1,provincial_competitiveness,provincial margin,,,,,9
block5_no_car_household_share,-0.2036798169502852,0.2036798169502852,supervised_pca,Supervised-screen PCA,component_1,transportation_access,no car household share,,,,,10
block5_school_age_5_17_share,0.164667844852907,0.164667844852907,supervised_pca,Supervised-screen PCA,component_1,service_contact,school age 5-17 share,,,,,11
block1_low_income_lim_at_share,0.1364427325804735,0.1364427325804735,supervised_pca,Supervised-screen PCA,component_1,household_class,low income share,,,,,12
block5_social_housing_share,0.1186133336483727,0.1186133336483727,supervised_pca,Supervised-screen PCA,component_1,service_contact,social housing share,,,,,13
block5_ksi_collision_events_2021_2025_per_1000,-0.0338789949907972,0.0338789949907972,supervised_pca,Supervised-screen PCA,component_1,service_contact,ksi collision events 2021-2025 per 1000,,,,,14
block1_age_65_plus_share,-0.0140380426018662,0.0140380426018662,supervised_pca,Supervised-screen PCA,component_1,age_structure,age 65 plus share,,,,,15
block1_low_income_lim_at_share,-0.4343587522486814,0.4343587522486814,supervised_pca,Supervised-screen PCA,component_2,household_class,low income share,,,,,1
block5_no_car_household_share,-0.4026251150865459,0.4026251150865459,supervised_pca,Supervised-screen PCA,component_2,transportation_access,no car household share,,,,,2
block3_non_citizen_share,-0.3964918047110858,0.3964918047110858,supervised_pca,Supervised-screen PCA,component_2,immigration_citizenship,non citizen share,,,,,3
block3_recent_immigrant_share,-0.3894163445428966,0.3894163445428966,supervised_pca,Supervised-screen PCA,component_2,immigration_citizenship,recent immigrant share,,,,,4
block1_average_household_size,0.3548906484166428,0.3548906484166428,supervised_pca,Supervised-screen PCA,component_2,household_class,average household size,,,,,5
block5_school_age_5_17_share,0.3355272416312991,0.3355272416312991,supervised_pca,Supervised-screen PCA,component_2,service_contact,school age 5-17 share,,,,,6
block3_visible_minority_share,-0.1735953255575336,0.1735953255575336,supervised_pca,Supervised-screen PCA,component_2,immigration_citizenship,visible minority share,,,,,7
block1_age_65_plus_share,0.1451776011277053,0.1451776011277053,supervised_pca,Supervised-screen PCA,component_2,age_structure,age 65 plus share,,,,,8
block4_federal_margin,-0.1442796872487474,0.1442796872487474,supervised_pca,Supervised-screen PCA,component_2,federal_competitiveness,federal margin,,,,,9
block5_social_housing_share,-0.1094105338232561,0.1094105338232561,supervised_pca,Supervised-screen PCA,component_2,service_contact,social housing share,,,,,10
block4_mayoral_top_two_margin,-0.075838019549147,0.075838019549147,supervised_pca,Supervised-screen PCA,component_2,mayoral_competitiveness,mayoral top two margin,,,,,11
block1_bachelors_or_higher_25_64_share,-0.0695794338332024,0.0695794338332024,supervised_pca,Supervised-screen PCA,component_2,household_class,bachelors or higher 25-64 share,,,,,12
block5_ksi_collision_events_2021_2025_per_1000,-0.0628336721773147,0.0628336721773147,supervised_pca,Supervised-screen PCA,component_2,service_contact,ksi collision events 2021-2025 per 1000,,,,,13
block4_effective_mayoral_candidates_5pct,0.0569391530216443,0.0569391530216443,supervised_pca,Supervised-screen PCA,component_2,mayoral_competitiveness,effective mayoral candidates above 5 percent,,,,,14
block4_provincial_margin,0.0081695727864728,0.0081695727864728,supervised_pca,Supervised-screen PCA,component_2,provincial_competitiveness,provincial margin,,,,,15
block5_social_housing_share,0.498204476895808,0.498204476895808,supervised_pca,Supervised-screen PCA,component_3,service_contact,social housing share,,,,,1
block4_federal_margin,0.4007951557505988,0.4007951557505988,supervised_pca,Supervised-screen PCA,component_3,federal_competitiveness,federal margin,,,,,2
block4_provincial_margin,0.380791330066861,0.380791330066861,supervised_pca,Supervised-screen PCA,component_3,provincial_competitiveness,provincial margin,,,,,3
block1_bachelors_or_higher_25_64_share,-0.3282431371469023,0.3282431371469023,supervised_pca,Supervised-screen PCA,component_3,household_class,bachelors or higher 25-64 share,,,,,4
block5_school_age_5_17_share,0.3182212737898133,0.3182212737898133,supervised_pca,Supervised-screen PCA,component_3,service_contact,school age 5-17 share,,,,,5
block1_age_65_plus_share,-0.2109489481119159,0.2109489481119159,supervised_pca,Supervised-screen PCA,component_3,age_structure,age 65 plus share,,,,,6
block1_low_income_lim_at_share,0.1969343597335242,0.1969343597335242,supervised_pca,Supervised-screen PCA,component_3,household_class,low income share,,,,,7
block1_average_household_size,0.1712676171206935,0.1712676171206935,supervised_pca,Supervised-screen PCA,component_3,household_class,average household size,,,,,8
block4_mayoral_top_two_margin,0.1667246960799626,0.1667246960799626,supervised_pca,Supervised-screen PCA,component_3,mayoral_competitiveness,mayoral top two margin,,,,,9
block5_no_car_household_share,0.1634002700633061,0.1634002700633061,supervised_pca,Supervised-screen PCA,component_3,transportation_access,no car household share,,,,,10
block3_recent_immigrant_share,-0.1578070215654597,0.1578070215654597,supervised_pca,Supervised-screen PCA,component_3,immigration_citizenship,recent immigrant share,,,,,11
block3_non_citizen_share,-0.1512547031418672,0.1512547031418672,supervised_pca,Supervised-screen PCA,component_3,immigration_citizenship,non citizen share,,,,,12
block5_ksi_collision_events_2021_2025_per_1000,-0.1145044379290036,0.1145044379290036,supervised_pca,Supervised-screen PCA,component_3,service_contact,ksi collision events 2021-2025 per 1000,,,,,13
block3_visible_minority_share,0.0937091762197855,0.0937091762197855,supervised_pca,Supervised-screen PCA,component_3,immigration_citizenship,visible minority share,,,,,14
block4_effective_mayoral_candidates_5pct,0.0189600063045947,0.0189600063045947,supervised_pca,Supervised-screen PCA,component_3,mayoral_competitiveness,effective mayoral candidates above 5 percent,,,,,15
block1_age_65_plus_share,-0.6296721853483643,0.6296721853483643,supervised_pca,Supervised-screen PCA,component_4,age_structure,age 65 plus share,,,,,1
block5_ksi_collision_events_2021_2025_per_1000,-0.3809952675414315,0.3809952675414315,supervised_pca,Supervised-screen PCA,component_4,service_contact,ksi collision events 2021-2025 per 1000,,,,,2
block5_social_housing_share,-0.334609149916545,0.334609149916545,supervised_pca,Supervised-screen PCA,component_4,service_contact,social housing share,,,,,3
block3_recent_immigrant_share,0.2715027912933016,0.2715027912933016,supervised_pca,Supervised-screen PCA,component_4,immigration_citizenship,recent immigrant share,,,,,4
block5_school_age_5_17_share,0.2641961423413832,0.2641961423413832,supervised_pca,Supervised-screen PCA,component_4,service_contact,school age 5-17 share,,,,,5
block3_non_citizen_share,0.2142897710822301,0.2142897710822301,supervised_pca,Supervised-screen PCA,component_4,immigration_citizenship,non citizen share,,,,,6
block1_low_income_lim_at_share,-0.1983111172311871,0.1983111172311871,supervised_pca,Supervised-screen PCA,component_4,household_class,low income share,,,,,7
block4_mayoral_top_two_margin,0.1944087185834563,0.1944087185834563,supervised_pca,Supervised-screen PCA,component_4,mayoral_competitiveness,mayoral top two margin,,,,,8
block1_bachelors_or_higher_25_64_share,0.1830385509314746,0.1830385509314746,supervised_pca,Supervised-screen PCA,component_4,household_class,bachelors or higher 25-64 share,,,,,9
block1_average_household_size,0.1673018366508519,0.1673018366508519,supervised_pca,Supervised-screen PCA,component_4,household_class,average household size,,,,,10
block4_provincial_margin,0.0908773334972242,0.0908773334972242,supervised_pca,Supervised-screen PCA,component_4,provincial_competitiveness,provincial margin,,,,,11
block4_effective_mayoral_candidates_5pct,-0.0904737575272521,0.0904737575272521,supervised_pca,Supervised-screen PCA,component_4,mayoral_competitiveness,effective mayoral candidates above 5 percent,,,,,12
block5_no_car_household_share,-0.0403304361350299,0.0403304361350299,supervised_pca,Supervised-screen PCA,component_4,transportation_access,no car household share,,,,,13
block4_federal_margin,-0.0159488412475902,0.0159488412475902,supervised_pca,Supervised-screen PCA,component_4,federal_competitiveness,federal margin,,,,,14
block3_visible_minority_share,-0.0043155173437213,0.0043155173437213,supervised_pca,Supervised-screen PCA,component_4,immigration_citizenship,visible minority share,,,,,15
block5_ksi_collision_events_2021_2025_per_1000,0.6332137678947842,0.6332137678947842,supervised_pca,Supervised-screen PCA,component_5,service_contact,ksi collision events 2021-2025 per 1000,,,,,1
block4_provincial_margin,0.4126176536484507,0.4126176536484507,supervised_pca,Supervised-screen PCA,component_5,provincial_competitiveness,provincial margin,,,,,2
block5_social_housing_share,-0.3173224088207892,0.3173224088207892,supervised_pca,Supervised-screen PCA,component_5,service_contact,social housing share,,,,,3
block4_mayoral_top_two_margin,0.2910210341860739,0.2910210341860739,supervised_pca,Supervised-screen PCA,component_5,mayoral_competitiveness,mayoral top two margin,,,,,4
block1_average_household_size,0.26098798271506,0.26098798271506,supervised_pca,Supervised-screen PCA,component_5,household_class,average household size,,,,,5
block3_visible_minority_share,0.2583255702081393,0.2583255702081393,supervised_pca,Supervised-screen PCA,component_5,immigration_citizenship,visible minority share,,,,,6
block5_no_car_household_share,-0.1573132576733188,0.1573132576733188,supervised_pca,Supervised-screen PCA,component_5,transportation_access,no car household share,,,,,7
block4_effective_mayoral_candidates_5pct,-0.1528682781656557,0.1528682781656557,supervised_pca,Supervised-screen PCA,component_5,mayoral_competitiveness,effective mayoral candidates above 5 percent,,,,,8
block3_non_citizen_share,0.1499461181411089,0.1499461181411089,supervised_pca,Supervised-screen PCA,component_5,immigration_citizenship,non citizen share,,,,,9
block1_bachelors_or_higher_25_64_share,-0.1256995095484681,0.1256995095484681,supervised_pca,Supervised-screen PCA,component_5,household_class,bachelors or higher 25-64 share,,,,,10
block3_recent_immigrant_share,0.1064840358088001,0.1064840358088001,supervised_pca,Supervised-screen PCA,component_5,immigration_citizenship,recent immigrant share,,,,,11
block1_age_65_plus_share,0.0942965111357536,0.0942965111357536,supervised_pca,Supervised-screen PCA,component_5,age_structure,age 65 plus share,,,,,12
block4_federal_margin,0.032429221256515,0.032429221256515,supervised_pca,Supervised-screen PCA,component_5,federal_competitiveness,federal margin,,,,,13
block1_low_income_lim_at_share,-0.0238370470694603,0.0238370470694603,supervised_pca,Supervised-screen PCA,component_5,household_class,low income share,,,,,14
block5_school_age_5_17_share,-0.0173924572244216,0.0173924572244216,supervised_pca,Supervised-screen PCA,component_5,service_contact,school age 5-17 share,,,,,15
block4_mayoral_top_two_margin,-0.5543691517492757,0.5543691517492757,supervised_pca,Supervised-screen PCA,component_6,mayoral_competitiveness,mayoral top two margin,,,,,1
block5_ksi_collision_events_2021_2025_per_1000,0.3673497646567843,0.3673497646567843,supervised_pca,Supervised-screen PCA,component_6,service_contact,ksi collision events 2021-2025 per 1000,,,,,2
block4_effective_mayoral_candidates_5pct,0.3659517667615481,0.3659517667615481,supervised_pca,Supervised-screen PCA,component_6,mayoral_competitiveness,effective mayoral candidates above 5 percent,,,,,3
block1_age_65_plus_share,-0.3581003154046707,0.3581003154046707,supervised_pca,Supervised-screen PCA,component_6,age_structure,age 65 plus share,,,,,4
block4_federal_margin,0.347387680430709,0.347387680430709,supervised_pca,Supervised-screen PCA,component_6,federal_competitiveness,federal margin,,,,,5
block1_low_income_lim_at_share,-0.2340275345373661,0.2340275345373661,supervised_pca,Supervised-screen PCA,component_6,household_class,low income share,,,,,6
block3_visible_minority_share,-0.175413921497719,0.175413921497719,supervised_pca,Supervised-screen PCA,component_6,immigration_citizenship,visible minority share,,,,,7
block4_provincial_margin,0.1657570746080881,0.1657570746080881,supervised_pca,Supervised-screen PCA,component_6,provincial_competitiveness,provincial margin,,,,,8
block1_average_household_size,-0.1538712139914575,0.1538712139914575,supervised_pca,Supervised-screen PCA,component_6,household_class,average household size,,,,,9
block5_social_housing_share,-0.1372001111052058,0.1372001111052058,supervised_pca,Supervised-screen PCA,component_6,service_contact,social housing share,,,,,10
block5_no_car_household_share,0.0949181419318919,0.0949181419318919,supervised_pca,Supervised-screen PCA,component_6,transportation_access,no car household share,,,,,11
block3_non_citizen_share,-0.0864193039723902,0.0864193039723902,supervised_pca,Supervised-screen PCA,component_6,immigration_citizenship,non citizen share,,,,,12
block5_school_age_5_17_share,-0.0398443670668827,0.0398443670668827,supervised_pca,Supervised-screen PCA,component_6,service_contact,school age 5-17 share,,,,,13
block3_recent_immigrant_share,0.0346065306566484,0.0346065306566484,supervised_pca,Supervised-screen PCA,component_6,immigration_citizenship,recent immigrant share,,,,,14
block1_bachelors_or_higher_25_64_share,0.0108058841218377,0.0108058841218377,supervised_pca,Supervised-screen PCA,component_6,household_class,bachelors or higher 25-64 share,,,,,15
block5_ksi_collision_events_2021_2025_per_1000,-0.5375197825088874,0.5375197825088874,supervised_pca,Supervised-screen PCA,component_7,service_contact,ksi collision events 2021-2025 per 1000,,,,,1
block4_provincial_margin,0.488043114326543,0.488043114326543,supervised_pca,Supervised-screen PCA,component_7,provincial_competitiveness,provincial margin,,,,,2
block1_age_65_plus_share,0.4014150976592546,0.4014150976592546,supervised_pca,Supervised-screen PCA,component_7,age_structure,age 65 plus share,,,,,3
block5_school_age_5_17_share,-0.2862651985196812,0.2862651985196812,supervised_pca,Supervised-screen PCA,component_7,service_contact,school age 5-17 share,,,,,4
block5_social_housing_share,-0.2766900796331833,0.2766900796331833,supervised_pca,Supervised-screen PCA,component_7,service_contact,social housing share,,,,,5
block4_federal_margin,0.2280508555490232,0.2280508555490232,supervised_pca,Supervised-screen PCA,component_7,federal_competitiveness,federal margin,,,,,6
block4_mayoral_top_two_margin,-0.2118135691033055,0.2118135691033055,supervised_pca,Supervised-screen PCA,component_7,mayoral_competitiveness,mayoral top two margin,,,,,7
block3_visible_minority_share,0.1565867893708403,0.1565867893708403,supervised_pca,Supervised-screen PCA,component_7,immigration_citizenship,visible minority share,,,,,8
block4_effective_mayoral_candidates_5pct,0.0982193666293482,0.0982193666293482,supervised_pca,Supervised-screen PCA,component_7,mayoral_competitiveness,effective mayoral candidates above 5 percent,,,,,9
block3_non_citizen_share,0.0917399738563846,0.0917399738563846,supervised_pca,Supervised-screen PCA,component_7,immigration_citizenship,non citizen share,,,,,10
block1_low_income_lim_at_share,-0.0856986876295563,0.0856986876295563,supervised_pca,Supervised-screen PCA,component_7,household_class,low income share,,,,,11
block1_bachelors_or_higher_25_64_share,-0.0578848939165984,0.0578848939165984,supervised_pca,Supervised-screen PCA,component_7,household_class,bachelors or higher 25-64 share,,,,,12
block1_average_household_size,0.0480734818352748,0.0480734818352748,supervised_pca,Supervised-screen PCA,component_7,household_class,average household size,,,,,13
block3_recent_immigrant_share,0.0267875015361511,0.0267875015361511,supervised_pca,Supervised-screen PCA,component_7,immigration_citizenship,recent immigrant share,,,,,14
block5_no_car_household_share,0.0082904299176347,0.0082904299176347,supervised_pca,Supervised-screen PCA,component_7,transportation_access,no car household share,,,,,15
block1_bachelors_or_higher_25_64_share,0.5127265520254294,0.5127265520254294,supervised_pca,Supervised-screen PCA,component_8,household_class,bachelors or higher 25-64 share,,,,,1
block4_provincial_margin,0.4208505292004849,0.4208505292004849,supervised_pca,Supervised-screen PCA,component_8,provincial_competitiveness,provincial margin,,,,,2
block5_school_age_5_17_share,0.3580099874564938,0.3580099874564938,supervised_pca,Supervised-screen PCA,component_8,service_contact,school age 5-17 share,,,,,3
block5_no_car_household_share,-0.2998832049589602,0.2998832049589602,supervised_pca,Supervised-screen PCA,component_8,transportation_access,no car household share,,,,,4
block3_recent_immigrant_share,0.25178292903613,0.25178292903613,supervised_pca,Supervised-screen PCA,component_8,immigration_citizenship,recent immigrant share,,,,,5
block5_social_housing_share,0.2517704239897256,0.2517704239897256,supervised_pca,Supervised-screen PCA,component_8,service_contact,social housing share,,,,,6
block1_low_income_lim_at_share,0.2463349510724491,0.2463349510724491,supervised_pca,Supervised-screen PCA,component_8,household_class,low income share,,,,,7
block3_visible_minority_share,-0.1925962698695097,0.1925962698695097,supervised_pca,Supervised-screen PCA,component_8,immigration_citizenship,visible minority share,,,,,8
block1_age_65_plus_share,0.178223216107951,0.178223216107951,supervised_pca,Supervised-screen PCA,component_8,age_structure,age 65 plus share,,,,,9
block4_federal_margin,-0.1763456415931919,0.1763456415931919,supervised_pca,Supervised-screen PCA,component_8,federal_competitiveness,federal margin,,,,,10
block4_mayoral_top_two_margin,-0.1639239348193192,0.1639239348193192,supervised_pca,Supervised-screen PCA,component_8,mayoral_competitiveness,mayoral top two margin,,,,,11
block1_average_household_size,-0.1406100354055519,0.1406100354055519,supervised_pca,Supervised-screen PCA,component_8,household_class,average household size,,,,,12
block3_non_citizen_share,0.0579232962857184,0.0579232962857184,supervised_pca,Supervised-screen PCA,component_8,immigration_citizenship,non citizen share,,,,,13
block5_ksi_collision_events_2021_2025_per_1000,0.0479015258331507,0.0479015258331507,supervised_pca,Supervised-screen PCA,component_8,service_contact,ksi collision events 2021-2025 per 1000,,,,,14
block4_effective_mayoral_candidates_5pct,0.0467418782818304,0.0467418782818304,supervised_pca,Supervised-screen PCA,component_8,mayoral_competitiveness,effective mayoral candidates above 5 percent,,,,,15
