ct_id,ctuid,dguid,geo_name,contains_toronto_da,population_total,population_density_per_km2,land_area_km2,median_age,structural_type_total_dwellings,single_detached_house_count,semi_detached_house_count,apartment_duplex_count,apartment_lt5_storeys_count,apartment_5plus_storeys_count,average_household_size,low_income_status_total,low_income_lim_at_count,low_income_lim_at_prevalence_pct_official,official_language_knowledge_total,neither_english_nor_french_count,mother_tongue_total,non_official_mother_tongue_count,tenure_total_households,owner_households_count,renter_households_count,condo_status_total_dwellings,condominium_dwellings_count,subsidized_housing_tenant_pct_official,citizenship_total,canadian_citizens_18plus_count,not_canadian_citizens_count,immigrant_status_total,immigrants_count,recent_immigrants_2016_2021_count,visible_minority_total,visible_minority_population_count,mobility_1yr_total,same_address_1yr_count,moved_1yr_count,mobility_5yr_total,same_address_5yr_count,moved_5yr_count,education_25_64_total,bachelors_or_higher_25_64_count,labour_force_total,unemployment_rate_pct_official,commute_mode_total,public_transit_commute_count,population_age_total,school_age_5_17_count,age_18_34_count,age_35_64_count,age_65_plus_count,population_18plus,population_18plus_status,citizen_canadian_18over,canadian_citizens_18plus_status,age_18_34_share,age_35_64_share,age_65_plus_share,bachelors_or_higher_25_64_share,low_income_lim_at_share,unemployment_rate_share,renter_share,owner_share,same_address_1yr_share,same_address_5yr_share,condo_share,apartment_total_count,apartment_share,detached_share,semi_detached_share,immigrant_share,recent_immigrant_share,non_citizen_share,citizen_adult_share,visible_minority_share,english_french_knowledge_count,english_french_knowledge_share,non_official_mother_tongue_share,subsidized_housing_tenant_share,transit_commute_share,school_age_5_17_share,apartments_per_km2,condos_per_km2,in_interpolation_universe
5350528.35,5350528.35,2021S05075350528.35,0528.35,False,3056.0,203.3,15.03,43.6,880.0,545.0,75.0,25.0,5.0,0.0,3.4,2955.0,160.0,5.4,2965.0,110.0,2965.0,1500.0,900.0,830.0,65.0,900.0,80.0,0.0,3065.0,2255.0,305.0,3065.0,1730.0,105.0,3070.0,2170.0,3040.0,2835.0,210.0,2970.0,2310.0,660.0,1745.0,700.0,2655.0,16.9,1075.0,50.0,3060.0,430.0,720.0,1290.0,470.0,2525,published,2255.0,published,0.23529411764705882,0.4215686274509804,0.15359477124183007,0.40114613180515757,0.05414551607445008,0.16899999999999998,0.07222222222222222,0.9222222222222223,0.9325657894736842,0.7777777777777778,0.08888888888888889,30.0,0.03409090909090909,0.6193181818181818,0.08522727272727272,0.564437194127243,0.03425774877650897,0.09951060358890701,0.8930693069306931,0.7068403908794788,2855.0,0.9629005059021922,0.5059021922428331,0.0,0.046511627906976744,0.14052287581699346,1.9960079840319362,5.322687957418497,False
5350530.02,5350530.02,2021S05075350530.02,0530.02,False,3117.0,7798.3,0.4,35.2,1000.0,30.0,85.0,45.0,275.0,470.0,3.1,3115.0,440.0,14.2,3120.0,145.0,3120.0,1425.0,1020.0,575.0,445.0,1020.0,435.0,11.2,3190.0,1775.0,875.0,3190.0,1820.0,320.0,3185.0,2785.0,3165.0,2685.0,480.0,3035.0,1860.0,1170.0,1755.0,500.0,2655.0,14.0,1315.0,245.0,3120.0,410.0,945.0,1060.0,470.0,2510,published,1775.0,published,0.30288461538461536,0.33974358974358976,0.15064102564102563,0.2849002849002849,0.14125200642054575,0.14,0.4362745098039216,0.5637254901960784,0.8483412322274881,0.6128500823723229,0.4264705882352941,790.0,0.79,0.03,0.085,0.5705329153605015,0.10031347962382445,0.274294670846395,0.7071713147410359,0.8744113029827315,2975.0,0.9535256410256411,0.4567307692307692,0.11199999999999999,0.18631178707224336,0.13141025641025642,1975.0,1087.5,False
5350411.08,5350411.08,2021S05075350411.08,0411.08,False,7466.0,252.7,29.54,31.2,3600.0,540.0,60.0,175.0,35.0,2635.0,2.1,7445.0,1275.0,17.1,7460.0,260.0,7460.0,3805.0,3485.0,1530.0,1955.0,3485.0,2890.0,1.0,7130.0,4270.0,2045.0,7130.0,3275.0,800.0,7135.0,4555.0,7030.0,3280.0,3750.0,6795.0,1675.0,5125.0,4795.0,2485.0,6335.0,12.9,2805.0,545.0,7465.0,615.0,3565.0,2365.0,495.0,6470,published,4270.0,published,0.477561955793704,0.31681178834561285,0.06630944407233758,0.5182481751824818,0.1712558764271323,0.129,0.5609756097560976,0.43902439024390244,0.4665718349928876,0.246504782928624,0.8292682926829268,2845.0,0.7902777777777777,0.15,0.016666666666666666,0.4593267882187938,0.11220196353436185,0.2868162692847125,0.6599690880989181,0.6384022424667134,7200.0,0.9651474530831099,0.510053619302949,0.01,0.19429590017825313,0.08238446081714669,96.31008801624915,97.8334461746784,False
5350128.04,5350128.04,2021S05075350128.04,0128.04,True,4772.0,29456.8,0.16,42.4,2935.0,5.0,0.0,0.0,75.0,2755.0,1.6,4700.0,770.0,16.4,4775.0,105.0,4775.0,1515.0,2995.0,1270.0,1720.0,2995.0,1530.0,21.2,4830.0,3710.0,715.0,4830.0,1900.0,320.0,4835.0,1805.0,4785.0,3955.0,830.0,4635.0,2515.0,2120.0,3085.0,2055.0,4435.0,10.2,1240.0,500.0,4770.0,290.0,1255.0,1935.0,1070.0,4310,published,3710.0,published,0.2631027253668763,0.4056603773584906,0.22431865828092243,0.6661264181523501,0.16382978723404254,0.102,0.5742904841402338,0.4240400667779633,0.8265412748171369,0.5426105717367853,0.5108514190317195,2830.0,0.9642248722316865,0.0017035775127768314,0.0,0.39337474120082816,0.06625258799171843,0.14803312629399587,0.8607888631090487,0.3733195449844881,4670.0,0.9780104712041885,0.3172774869109948,0.212,0.4032258064516129,0.06079664570230608,17687.5,9562.5,True
5350363.06,5350363.06,2021S05075350363.06,0363.06,True,7176.0,8740.6,0.82,37.2,3270.0,0.0,0.0,0.0,0.0,3260.0,2.2,7170.0,1200.0,16.7,7175.0,415.0,7175.0,4020.0,3230.0,2190.0,1045.0,3230.0,3095.0,7.7,7340.0,4430.0,1970.0,7340.0,4705.0,1045.0,7340.0,6650.0,7255.0,5965.0,1295.0,6870.0,3500.0,3370.0,4445.0,2365.0,6280.0,13.6,2275.0,640.0,7180.0,665.0,2220.0,2735.0,1090.0,6125,published,4430.0,published,0.30919220055710306,0.38091922005571033,0.15181058495821728,0.532058492688414,0.16736401673640167,0.136,0.3235294117647059,0.6780185758513931,0.8221915920055134,0.5094614264919942,0.958204334365325,3260.0,0.9969418960244648,0.0,0.0,0.6410081743869209,0.14237057220708446,0.2683923705722071,0.723265306122449,0.9059945504087193,6760.0,0.9421602787456446,0.5602787456445993,0.077,0.2813186813186813,0.09261838440111421,3975.6097560975613,3774.390243902439,True
5350363.07,5350363.07,2021S05075350363.07,0363.07,True,5164.0,2303.1,2.24,35.2,1935.0,295.0,0.0,20.0,0.0,1625.0,2.7,5150.0,1310.0,25.4,5160.0,250.0,5160.0,2755.0,1970.0,355.0,1615.0,1970.0,100.0,45.5,4975.0,2835.0,1280.0,4975.0,2795.0,510.0,4975.0,4155.0,4905.0,4450.0,460.0,4720.0,3140.0,1575.0,2820.0,975.0,4160.0,21.9,1465.0,460.0,5165.0,855.0,1460.0,1885.0,665.0,4050,published,2835.0,published,0.28267182962245885,0.3649564375605034,0.1287512100677638,0.34574468085106386,0.2543689320388349,0.21899999999999997,0.8197969543147208,0.1802030456852792,0.9072375127420998,0.6652542372881356,0.050761421319796954,1645.0,0.8501291989664083,0.1524547803617571,0.0,0.5618090452261306,0.10251256281407035,0.25728643216080405,0.7,0.8351758793969849,4910.0,0.9515503875968992,0.5339147286821705,0.455,0.31399317406143346,0.16553727008712488,734.3749999999999,44.64285714285714,True
5350378.23,5350378.23,2021S05075350378.23,0378.23,True,3840.0,2507.5,1.53,51.2,1280.0,635.0,95.0,120.0,25.0,325.0,3.0,3830.0,360.0,9.4,3825.0,765.0,3825.0,2650.0,1295.0,1120.0,180.0,1295.0,370.0,0.0,3925.0,2640.0,800.0,3925.0,2680.0,345.0,3925.0,3545.0,3895.0,3575.0,320.0,3790.0,2775.0,1015.0,2095.0,855.0,3460.0,16.5,1080.0,215.0,3840.0,365.0,795.0,1480.0,1030.0,3355,published,2640.0,published,0.20703125,0.3854166666666667,0.2682291666666667,0.4081145584725537,0.09399477806788512,0.165,0.138996138996139,0.8648648648648649,0.9178433889602053,0.7321899736147758,0.2857142857142857,470.0,0.3671875,0.49609375,0.07421875,0.6828025477707006,0.08789808917197452,0.20382165605095542,0.7868852459016393,0.9031847133757962,3060.0,0.8,0.6928104575163399,0.0,0.19907407407407407,0.09505208333333333,307.18954248366015,241.83006535947712,True
5350378.24,5350378.24,2021S05075350378.24,0378.24,True,5820.0,2316.0,2.51,52.4,2125.0,450.0,195.0,95.0,295.0,820.0,2.6,5595.0,980.0,17.5,5600.0,1185.0,5600.0,4010.0,2140.0,1780.0,365.0,2140.0,1130.0,0.0,5670.0,4040.0,950.0,5670.0,4130.0,310.0,5665.0,5445.0,5640.0,5250.0,385.0,5485.0,4075.0,1405.0,2750.0,980.0,5080.0,18.7,1525.0,295.0,5820.0,560.0,1150.0,1995.0,1845.0,5080,published,4040.0,published,0.19759450171821305,0.3427835051546392,0.3170103092783505,0.3563636363636364,0.17515638963360142,0.187,0.1705607476635514,0.8317757009345794,0.9308510638297872,0.7429352780309936,0.5280373831775701,1210.0,0.5694117647058824,0.21176470588235294,0.09176470588235294,0.7283950617283951,0.054673721340388004,0.1675485008818342,0.7952755905511811,0.9611650485436893,4415.0,0.7883928571428571,0.7160714285714286,0.0,0.19344262295081968,0.09621993127147767,482.0717131474104,450.19920318725104,True
5350400.14,5350400.14,2021S05075350400.14,0400.14,False,5604.0,5315.4,1.05,41.2,1495.0,1035.0,0.0,445.0,15.0,0.0,3.7,5605.0,455.0,8.1,5605.0,955.0,5605.0,3620.0,1495.0,1235.0,260.0,1495.0,20.0,0.0,5605.0,3735.0,965.0,5605.0,3550.0,235.0,5605.0,5375.0,5565.0,5215.0,345.0,5375.0,4080.0,1300.0,2995.0,835.0,4815.0,19.3,1760.0,165.0,5600.0,710.0,1420.0,2000.0,1170.0,4665,published,3735.0,published,0.25357142857142856,0.35714285714285715,0.20892857142857144,0.27879799666110183,0.08117752007136485,0.193,0.17391304347826086,0.8260869565217391,0.9371069182389937,0.7590697674418605,0.013377926421404682,460.0,0.3076923076923077,0.6923076923076923,0.0,0.6333630686886709,0.04192685102586976,0.17216770740410348,0.8006430868167203,0.9589652096342551,4650.0,0.8296164139161463,0.6458519179304193,0.0,0.09375,0.12678571428571428,438.0952380952381,19.047619047619047,False
5350010.01,5350010.01,2021S05075350010.01,0010.01,True,5611.0,22661.6,0.25,35.6,3185.0,15.0,35.0,195.0,620.0,2035.0,1.7,5545.0,490.0,8.9,5605.0,115.0,5605.0,1325.0,3255.0,1895.0,1360.0,3255.0,2715.0,9.6,5655.0,4540.0,580.0,5655.0,1565.0,265.0,5655.0,1925.0,5585.0,4235.0,1350.0,5395.0,2390.0,3005.0,4440.0,3115.0,5140.0,6.7,1430.0,335.0,5610.0,330.0,2160.0,2440.0,415.0,5045,published,4540.0,published,0.3850267379679144,0.43493761140819964,0.07397504456327986,0.7015765765765766,0.08836789900811542,0.067,0.41781874039938555,0.5821812596006144,0.7582811101163832,0.44300278035217794,0.8341013824884793,2850.0,0.8948194662480377,0.004709576138147566,0.01098901098901099,0.27674624226348365,0.046861184792219276,0.10256410256410256,0.8999008919722498,0.34040671971706454,5490.0,0.9794826048171276,0.23639607493309545,0.096,0.23426573426573427,0.058823529411764705,11400.0,10860.0,True
5350010.02,5350010.02,2021S05075350010.02,0010.02,True,7468.0,13875.9,0.54,37.2,4265.0,25.0,80.0,105.0,665.0,2990.0,1.7,7230.0,820.0,11.3,7250.0,195.0,7250.0,1930.0,4260.0,2295.0,1965.0,4260.0,2730.0,8.9,7235.0,5690.0,915.0,7235.0,2270.0,400.0,7235.0,2730.0,7180.0,5695.0,1485.0,7000.0,3635.0,3370.0,5565.0,3660.0,6645.0,7.9,1980.0,480.0,7470.0,420.0,2665.0,3380.0,695.0,6820,published,5690.0,published,0.356760374832664,0.4524765729585007,0.09303882195448461,0.6576819407008087,0.11341632088520055,0.079,0.4612676056338028,0.5387323943661971,0.7931754874651811,0.5192857142857142,0.6408450704225352,3760.0,0.8815943728018757,0.005861664712778429,0.01875732708089097,0.31375259156876295,0.055286800276434005,0.12646855563234277,0.8343108504398827,0.37733241188666206,7055.0,0.973103448275862,0.26620689655172414,0.08900000000000001,0.24242424242424243,0.05622489959839357,6962.962962962963,5055.555555555556,True
5350001.0,5350001.00,2021S05075350001.00,0001.00,True,599.0,87.8,6.82,40.4,235.0,15.0,85.0,5.0,40.0,0.0,2.6,600.0,55.0,9.6,600.0,15.0,600.0,140.0,245.0,190.0,55.0,245.0,0.0,0.0,590.0,430.0,35.0,590.0,140.0,10.0,590.0,185.0,590.0,490.0,100.0,545.0,325.0,220.0,415.0,245.0,480.0,7.3,180.0,25.0,600.0,70.0,125.0,310.0,55.0,480,published,430.0,published,0.20833333333333334,0.5166666666666667,0.09166666666666666,0.5903614457831325,0.09166666666666666,0.073,0.22448979591836735,0.7755102040816326,0.8305084745762712,0.5963302752293578,0.0,45.0,0.19148936170212766,0.06382978723404255,0.3617021276595745,0.23728813559322035,0.01694915254237288,0.059322033898305086,0.8958333333333334,0.3135593220338983,585.0,0.975,0.23333333333333334,0.0,0.1388888888888889,0.11666666666666667,6.598240469208211,0.0,True
5350002.0,5350002.00,2021S05075350002.00,0002.00,True,604.0,178.0,3.39,62.0,285.0,250.0,25.0,5.0,10.0,0.0,2.1,585.0,70.0,11.6,605.0,0.0,605.0,50.0,285.0,250.0,30.0,285.0,0.0,0.0,600.0,535.0,10.0,600.0,125.0,0.0,600.0,10.0,600.0,555.0,45.0,580.0,450.0,125.0,255.0,140.0,560.0,14.0,115.0,25.0,605.0,40.0,85.0,195.0,250.0,555,published,535.0,published,0.14049586776859505,0.32231404958677684,0.4132231404958678,0.5490196078431373,0.11965811965811966,0.14,0.10526315789473684,0.8771929824561403,0.925,0.7758620689655172,0.0,15.0,0.05263157894736842,0.8771929824561403,0.08771929824561403,0.20833333333333334,0.0,0.016666666666666666,0.963963963963964,0.016666666666666666,605.0,1.0,0.08264462809917356,0.0,0.21739130434782608,0.06611570247933884,4.424778761061947,0.0,True
5350003.0,5350003.00,2021S05075350003.00,0003.00,True,457.0,483.3,0.95,38.0,265.0,0.0,0.0,0.0,0.0,265.0,1.7,455.0,60.0,12.8,455.0,10.0,455.0,180.0,270.0,185.0,85.0,270.0,270.0,0.0,520.0,350.0,115.0,520.0,215.0,75.0,525.0,275.0,515.0,380.0,135.0,480.0,160.0,320.0,375.0,225.0,455.0,7.0,195.0,40.0,460.0,25.0,130.0,215.0,45.0,410,published,350.0,published,0.2826086956521739,0.4673913043478261,0.09782608695652174,0.6,0.13186813186813187,0.07,0.3148148148148148,0.6851851851851852,0.7378640776699029,0.3333333333333333,1.0,265.0,1.0,0.0,0.0,0.41346153846153844,0.14423076923076922,0.22115384615384615,0.8536585365853658,0.5238095238095238,445.0,0.978021978021978,0.3956043956043956,0.0,0.20512820512820512,0.05434782608695652,278.94736842105266,284.2105263157895,True
5350004.0,5350004.00,2021S05075350004.00,0004.00,True,6306.0,18525.3,0.34,40.0,3275.0,70.0,55.0,95.0,1260.0,1790.0,1.8,5975.0,1365.0,22.9,6055.0,225.0,6055.0,2255.0,3270.0,240.0,3030.0,3270.0,35.0,9.7,5905.0,4275.0,1040.0,5905.0,2600.0,530.0,5905.0,2985.0,5875.0,4995.0,880.0,5725.0,3475.0,2250.0,4135.0,1435.0,5325.0,19.2,2015.0,925.0,6310.0,505.0,1765.0,2895.0,840.0,5595,published,4275.0,published,0.2797147385103011,0.45879556259904913,0.13312202852614896,0.347037484885127,0.22845188284518828,0.192,0.926605504587156,0.07339449541284404,0.8502127659574468,0.6069868995633187,0.010703363914373088,3145.0,0.9603053435114504,0.021374045801526718,0.016793893129770993,0.4403048264182896,0.08975444538526672,0.17612193056731584,0.7640750670241286,0.5055038103302286,5830.0,0.9628406275805119,0.37241948802642444,0.09699999999999999,0.45905707196029777,0.08003169572107766,9250.0,102.94117647058823,True
5350005.0,5350005.00,2021S05075350005.00,0005.00,True,6957.0,18483.0,0.38,36.4,3720.0,40.0,40.0,25.0,875.0,2420.0,1.8,6730.0,1330.0,19.8,6760.0,175.0,6760.0,2195.0,3720.0,980.0,2740.0,3720.0,1285.0,25.7,6730.0,5040.0,970.0,6730.0,2525.0,430.0,6730.0,3210.0,6695.0,5400.0,1300.0,6530.0,3385.0,3145.0,4670.0,2285.0,6125.0,14.7,1895.0,725.0,6950.0,545.0,2510.0,2775.0,865.0,6190,published,5040.0,published,0.36115107913669064,0.39928057553956836,0.12446043165467625,0.4892933618843683,0.1976225854383358,0.147,0.7365591397849462,0.26344086021505375,0.806572068707991,0.5183767228177641,0.34543010752688175,3320.0,0.8924731182795699,0.010752688172043012,0.010752688172043012,0.37518573551263,0.0638930163447251,0.14413075780089152,0.81421647819063,0.4769687964338782,6585.0,0.974112426035503,0.32470414201183434,0.257,0.38258575197889183,0.07841726618705036,8736.842105263158,3381.578947368421,True
5350006.0,5350006.00,2021S05075350006.00,0006.00,True,119.0,9224.8,0.01,84.0,0.0,0.0,0.0,0.0,0.0,0.0,,,,,0.0,0.0,0.0,0.0,,,,,,,,,,,,,,,,,,,,,,,,,,,120.0,0.0,0.0,10.0,105.0,120,published,,suppressed_confidentiality,0.0,0.08333333333333333,0.875,,,,,,,,,0.0,,,,,,,,,0.0,,,,,0.0,0.0,,True
5350009.0,5350009.00,2021S05075350009.00,0009.00,True,520.0,5038.8,0.1,39.6,170.0,0.0,0.0,0.0,0.0,170.0,1.7,290.0,70.0,25.0,290.0,15.0,290.0,105.0,180.0,0.0,180.0,180.0,0.0,57.1,280.0,205.0,55.0,280.0,130.0,30.0,285.0,155.0,280.0,240.0,40.0,285.0,165.0,115.0,200.0,70.0,260.0,20.0,75.0,35.0,520.0,25.0,165.0,250.0,75.0,490,published,205.0,published,0.3173076923076923,0.4807692307692308,0.14423076923076922,0.35,0.2413793103448276,0.2,1.0,0.0,0.8571428571428571,0.5789473684210527,0.0,170.0,1.0,0.0,0.0,0.4642857142857143,0.10714285714285714,0.19642857142857142,0.41836734693877553,0.543859649122807,275.0,0.9482758620689655,0.3620689655172414,0.5710000000000001,0.4666666666666667,0.04807692307692308,1700.0,0.0,True
5350014.0,5350014.00,2021S05075350014.00,0014.00,True,2382.0,5039.1,0.47,32.4,1315.0,0.0,0.0,0.0,0.0,1310.0,1.6,2155.0,435.0,20.2,2380.0,25.0,2380.0,950.0,1335.0,550.0,790.0,1335.0,1335.0,0.0,2175.0,1470.0,575.0,2175.0,1005.0,225.0,2175.0,1360.0,2155.0,1370.0,790.0,2125.0,535.0,1585.0,1605.0,1325.0,2040.0,10.8,490.0,90.0,2380.0,90.0,1200.0,795.0,220.0,2230,published,1470.0,published,0.5042016806722689,0.33403361344537813,0.09243697478991597,0.8255451713395638,0.20185614849187936,0.10800000000000001,0.5917602996254682,0.41198501872659177,0.6357308584686775,0.25176470588235295,1.0,1310.0,0.9961977186311787,0.0,0.0,0.46206896551724136,0.10344827586206896,0.26436781609195403,0.6591928251121076,0.6252873563218391,2355.0,0.9894957983193278,0.39915966386554624,0.0,0.1836734693877551,0.037815126050420166,2787.2340425531916,2840.425531914894,True
5350015.0,5350015.00,2021S05075350015.00,0015.00,True,4922.0,17209.8,0.29,36.8,3045.0,0.0,0.0,0.0,55.0,2985.0,1.6,4845.0,640.0,13.2,4885.0,70.0,4885.0,1430.0,3015.0,1505.0,1505.0,3015.0,2740.0,8.6,4940.0,3710.0,830.0,4940.0,1820.0,370.0,4940.0,2325.0,4885.0,3670.0,1215.0,4785.0,1965.0,2820.0,3495.0,2645.0,4580.0,12.2,1125.0,230.0,4925.0,180.0,1955.0,1915.0,705.0,4610,published,3710.0,published,0.39695431472081216,0.38883248730964465,0.1431472081218274,0.7567954220314735,0.13209494324045407,0.122,0.49917081260364843,0.49917081260364843,0.7512794268167861,0.4106583072100313,0.9087893864013267,3040.0,0.9983579638752053,0.0,0.0,0.3684210526315789,0.07489878542510121,0.1680161943319838,0.8047722342733189,0.4706477732793522,4815.0,0.9856704196519959,0.29273285568065505,0.086,0.20444444444444446,0.03654822335025381,10482.758620689656,9448.275862068966,True
5350016.0,5350016.00,2021S05075350016.00,0016.00,True,11144.0,17641.3,0.63,35.2,6845.0,5.0,20.0,25.0,750.0,5790.0,1.6,10845.0,1285.0,11.9,10865.0,115.0,10865.0,3040.0,6845.0,3565.0,3275.0,6845.0,5950.0,10.4,10845.0,8590.0,1530.0,10845.0,3645.0,810.0,10845.0,4805.0,10745.0,7695.0,3050.0,10515.0,4360.0,6150.0,8520.0,6170.0,10160.0,10.8,2610.0,525.0,11145.0,480.0,4660.0,4675.0,910.0,10325,published,8590.0,published,0.41812471960520414,0.41947061462539253,0.0816509645580978,0.7241784037558685,0.11848778238819732,0.10800000000000001,0.4784514243973703,0.5208181154127101,0.7161470451372731,0.4146457441749881,0.8692476260043828,6565.0,0.9590942293644996,0.0007304601899196494,0.0029218407596785976,0.3360995850622407,0.07468879668049792,0.14107883817427386,0.8319612590799031,0.44306131857999076,10750.0,0.9894155545329039,0.27979751495628163,0.10400000000000001,0.20114942528735633,0.04306864064602961,10420.63492063492,9444.444444444445,True
5350018.0,5350018.00,2021S05075350018.00,0018.00,True,3633.0,10469.7,0.35,35.2,1990.0,50.0,200.0,15.0,375.0,1155.0,1.8,3620.0,320.0,9.0,3625.0,50.0,3625.0,705.0,1940.0,955.0,990.0,1940.0,1235.0,8.6,3510.0,2855.0,255.0,3510.0,825.0,145.0,3510.0,1130.0,3440.0,2605.0,835.0,3360.0,1270.0,2085.0,2700.0,1850.0,3145.0,10.3,915.0,165.0,3630.0,255.0,1370.0,1560.0,245.0,3190,published,2855.0,published,0.3774104683195592,0.4297520661157025,0.0674931129476584,0.6851851851851852,0.08839779005524862,0.10300000000000001,0.5103092783505154,0.49226804123711343,0.7572674418604651,0.37797619047619047,0.6365979381443299,1545.0,0.7763819095477387,0.02512562814070352,0.10050251256281408,0.23504273504273504,0.04131054131054131,0.07264957264957266,0.8949843260188087,0.32193732193732194,3575.0,0.9862068965517241,0.19448275862068964,0.086,0.18032786885245902,0.07024793388429752,4414.285714285715,3528.571428571429,True
5350019.0,5350019.00,2021S05075350019.00,0019.00,True,3269.0,13133.8,0.25,42.0,1370.0,55.0,410.0,70.0,675.0,95.0,2.2,3085.0,535.0,17.3,3085.0,165.0,3085.0,825.0,1415.0,765.0,645.0,1415.0,135.0,46.9,3195.0,2435.0,275.0,3195.0,985.0,75.0,3200.0,1370.0,3170.0,2810.0,360.0,3015.0,2045.0,970.0,2095.0,1025.0,2755.0,11.9,740.0,210.0,3270.0,370.0,720.0,1450.0,560.0,2735,published,2435.0,published,0.22018348623853212,0.4434250764525994,0.1712538226299694,0.4892601431980907,0.17341977309562398,0.11900000000000001,0.4558303886925795,0.5406360424028268,0.886435331230284,0.6782752902155887,0.09540636042402827,840.0,0.6131386861313869,0.040145985401459854,0.29927007299270075,0.3082942097026604,0.023474178403755867,0.08607198748043818,0.8903107861060329,0.428125,2920.0,0.946515397082658,0.26742301458670986,0.469,0.28378378378378377,0.11314984709480122,3360.0,540.0,True
5350020.0,5350020.00,2021S05075350020.00,0020.00,True,2298.0,3153.6,0.73,49.6,990.0,225.0,160.0,5.0,145.0,340.0,2.3,2295.0,120.0,5.2,2300.0,10.0,2300.0,370.0,1005.0,860.0,145.0,1005.0,485.0,0.0,2380.0,1830.0,75.0,2380.0,565.0,35.0,2385.0,565.0,2365.0,2065.0,300.0,2310.0,1545.0,765.0,1180.0,870.0,2015.0,12.9,430.0,35.0,2295.0,365.0,305.0,970.0,520.0,1850,published,1830.0,published,0.1328976034858388,0.4226579520697168,0.22657952069716775,0.7372881355932204,0.05228758169934641,0.129,0.14427860696517414,0.8557213930348259,0.8731501057082452,0.6688311688311688,0.48258706467661694,490.0,0.494949494949495,0.22727272727272727,0.16161616161616163,0.23739495798319327,0.014705882352941176,0.031512605042016806,0.9891891891891892,0.23689727463312368,2290.0,0.9956521739130435,0.1608695652173913,0.0,0.08139534883720931,0.15904139433551198,671.2328767123288,664.3835616438356,True
5350021.0,5350021.00,2021S05075350021.00,0021.00,True,5192.0,5693.6,0.91,45.6,2610.0,390.0,260.0,150.0,1710.0,0.0,2.0,5190.0,565.0,10.9,5195.0,10.0,5195.0,605.0,2595.0,1130.0,1465.0,2595.0,310.0,5.5,5105.0,3955.0,395.0,5105.0,1220.0,140.0,5100.0,860.0,5085.0,4420.0,665.0,4890.0,3130.0,1760.0,2975.0,1680.0,4380.0,11.5,1270.0,295.0,5195.0,635.0,925.0,2300.0,1030.0,4330,published,3955.0,published,0.17805582290664101,0.44273339749759383,0.19826756496631376,0.5647058823529412,0.10886319845857419,0.115,0.5645472061657033,0.43545279383429675,0.8692232055063913,0.6400817995910021,0.11946050096339114,1860.0,0.7126436781609196,0.14942528735632185,0.09961685823754789,0.23898139079333985,0.02742409402546523,0.07737512242899118,0.9133949191685913,0.16862745098039217,5185.0,0.9980750721847931,0.11645813282001925,0.055,0.23228346456692914,0.12223291626564003,2043.956043956044,340.65934065934067,True
5350022.0,5350022.00,2021S05075350022.00,0022.00,True,3847.0,6936.5,0.55,42.8,1480.0,600.0,270.0,75.0,465.0,0.0,2.6,3840.0,230.0,6.0,3835.0,5.0,3835.0,340.0,1475.0,1120.0,360.0,1475.0,55.0,5.6,3855.0,2765.0,165.0,3855.0,605.0,70.0,3850.0,480.0,3825.0,3400.0,430.0,3660.0,2555.0,1110.0,2100.0,1490.0,3105.0,11.3,770.0,75.0,3845.0,725.0,615.0,1740.0,545.0,2950,published,2765.0,published,0.1599479843953186,0.45253576072821844,0.14174252275682706,0.7095238095238096,0.059895833333333336,0.113,0.2440677966101695,0.7593220338983051,0.8888888888888888,0.6980874316939891,0.03728813559322034,540.0,0.36486486486486486,0.40540540540540543,0.18243243243243243,0.1569390402075227,0.018158236057068743,0.042801556420233464,0.9372881355932203,0.12467532467532468,3830.0,0.9986962190352021,0.08865710560625815,0.055999999999999994,0.09740259740259741,0.18855656697009102,981.8181818181818,99.99999999999999,True
5350023.0,5350023.00,2021S05075350023.00,0023.00,True,3374.0,4916.2,0.69,44.4,1410.0,730.0,105.0,70.0,385.0,100.0,2.4,3365.0,225.0,6.7,3375.0,5.0,3375.0,340.0,1410.0,1080.0,330.0,1410.0,265.0,0.0,3345.0,2565.0,140.0,3345.0,620.0,60.0,3350.0,415.0,3310.0,2980.0,330.0,3185.0,2320.0,870.0,1770.0,1240.0,2815.0,11.6,680.0,125.0,3375.0,520.0,560.0,1420.0,650.0,2695,published,2565.0,published,0.16592592592592592,0.42074074074074075,0.1925925925925926,0.7005649717514124,0.06686478454680535,0.11599999999999999,0.23404255319148937,0.7659574468085106,0.9003021148036254,0.728414442700157,0.1879432624113475,555.0,0.39361702127659576,0.5177304964539007,0.07446808510638298,0.18535127055306427,0.017937219730941704,0.04185351270553064,0.9517625231910947,0.12388059701492538,3370.0,0.9985185185185185,0.10074074074074074,0.0,0.18382352941176472,0.15407407407407409,804.3478260869566,384.0579710144928,True
5350024.0,5350024.00,2021S05075350024.00,0024.00,True,6891.0,9715.2,0.71,40.8,2940.0,650.0,670.0,145.0,1190.0,230.0,2.3,6820.0,570.0,8.4,6870.0,25.0,6870.0,765.0,2940.0,1785.0,1155.0,2940.0,240.0,7.4,6820.0,4935.0,400.0,6820.0,1410.0,180.0,6820.0,1120.0,6730.0,5845.0,890.0,6375.0,3925.0,2450.0,3940.0,2440.0,5535.0,9.8,1550.0,295.0,6895.0,1080.0,1240.0,3100.0,995.0,5400,published,4935.0,published,0.1798404641044235,0.44960116026105873,0.14430746918056564,0.6192893401015228,0.08357771260997067,0.098,0.39285714285714285,0.6071428571428571,0.8684992570579495,0.615686274509804,0.08163265306122448,1565.0,0.532312925170068,0.22108843537414966,0.22789115646258504,0.20674486803519063,0.026392961876832845,0.05865102639296188,0.9138888888888889,0.16422287390029325,6845.0,0.9963609898107715,0.11135371179039301,0.07400000000000001,0.19032258064516128,0.15663524292965916,2204.2253521126763,338.02816901408454,True
5350025.0,5350025.00,2021S05075350025.00,0025.00,True,3553.0,6724.1,0.53,41.2,1630.0,220.0,295.0,55.0,815.0,0.0,2.2,3515.0,395.0,11.2,3515.0,25.0,3515.0,540.0,1635.0,840.0,795.0,1635.0,200.0,27.7,3545.0,2560.0,215.0,3545.0,715.0,70.0,3540.0,890.0,3500.0,2945.0,555.0,3320.0,2270.0,1050.0,2210.0,1160.0,2875.0,11.3,955.0,250.0,3550.0,510.0,670.0,1685.0,425.0,2835,published,2560.0,published,0.18873239436619718,0.47464788732394364,0.11971830985915492,0.5248868778280543,0.112375533428165,0.113,0.48623853211009177,0.5137614678899083,0.8414285714285714,0.6837349397590361,0.12232415902140673,870.0,0.5337423312883436,0.13496932515337423,0.18098159509202455,0.2016925246826516,0.019746121297602257,0.06064880112834979,0.9029982363315696,0.2514124293785311,3490.0,0.9928876244665719,0.15362731152204837,0.27699999999999997,0.2617801047120419,0.14366197183098592,1641.509433962264,377.35849056603774,True
5350026.0,5350026.00,2021S05075350026.00,0026.00,True,6409.0,8246.3,0.78,39.2,2740.0,560.0,615.0,175.0,1010.0,80.0,2.3,6400.0,780.0,12.2,6405.0,250.0,6405.0,1555.0,2735.0,1695.0,1045.0,2735.0,180.0,22.6,6400.0,4695.0,470.0,6400.0,1640.0,195.0,6400.0,2285.0,6290.0,5585.0,710.0,5975.0,3935.0,2040.0,4095.0,2025.0,5250.0,11.3,1470.0,360.0,6410.0,895.0,1300.0,3025.0,715.0,5120,published,4695.0,published,0.20280811232449297,0.4719188767550702,0.11154446177847113,0.4945054945054945,0.121875,0.113,0.3820840950639854,0.6197440585009141,0.8879173290937997,0.6585774058577406,0.06581352833638025,1265.0,0.46167883211678834,0.20437956204379562,0.22445255474452555,0.25625,0.03046875,0.0734375,0.9169921875,0.35703125,6155.0,0.960967993754879,0.2427790788446526,0.226,0.24489795918367346,0.13962558502340094,1621.7948717948718,230.76923076923077,True
5350027.0,5350027.00,2021S05075350027.00,0027.00,True,4405.0,9076.9,0.49,40.4,1760.0,190.0,450.0,100.0,845.0,55.0,2.5,4325.0,480.0,11.1,4390.0,340.0,4390.0,1160.0,1770.0,1075.0,690.0,1770.0,95.0,23.7,4370.0,3340.0,245.0,4370.0,1240.0,95.0,4375.0,1775.0,4300.0,3890.0,410.0,4095.0,2820.0,1285.0,2640.0,1305.0,3645.0,15.3,1005.0,235.0,4405.0,565.0,935.0,1910.0,680.0,3575,published,3340.0,published,0.2122587968217934,0.4335981838819523,0.1543700340522134,0.4943181818181818,0.11098265895953757,0.153,0.3898305084745763,0.6073446327683616,0.9046511627906977,0.6886446886446886,0.05367231638418079,1000.0,0.5681818181818182,0.10795454545454546,0.2556818181818182,0.2837528604118993,0.021739130434782608,0.05606407322654462,0.9342657342657342,0.4057142857142857,4050.0,0.9225512528473804,0.2642369020501139,0.237,0.23383084577114427,0.1282633371169126,2040.8163265306123,193.87755102040816,True
5350029.0,5350029.00,2021S05075350029.00,0029.00,True,6722.0,9935.0,0.68,40.0,2945.0,185.0,335.0,225.0,1020.0,265.0,2.3,6635.0,925.0,13.9,6650.0,600.0,6650.0,2250.0,2915.0,1520.0,1395.0,2915.0,425.0,31.7,6590.0,4835.0,705.0,6590.0,2280.0,165.0,6595.0,3325.0,6540.0,5685.0,850.0,6325.0,4185.0,2135.0,4125.0,2150.0,5670.0,15.8,1650.0,570.0,6725.0,750.0,1670.0,2995.0,975.0,5685,published,4835.0,published,0.2483271375464684,0.44535315985130114,0.1449814126394052,0.5212121212121212,0.13941220798794274,0.158,0.47855917667238423,0.5214408233276158,0.8692660550458715,0.6616600790513834,0.1457975986277873,1510.0,0.5127334465195246,0.06281833616298811,0.11375212224108659,0.34597875569044007,0.02503793626707132,0.10698027314112292,0.8504837291116975,0.5041698256254739,6050.0,0.9097744360902256,0.3383458646616541,0.317,0.34545454545454546,0.11152416356877323,2220.5882352941176,625.0,True
5350030.0,5350030.00,2021S05075350030.00,0030.00,True,6926.0,18192.8,0.38,34.0,3265.0,10.0,45.0,10.0,340.0,2460.0,2.1,6880.0,1255.0,18.3,6895.0,270.0,6895.0,2650.0,3445.0,1290.0,2155.0,3445.0,1930.0,41.1,7280.0,5025.0,1110.0,7280.0,3030.0,510.0,7280.0,4885.0,7210.0,6120.0,1090.0,6955.0,2560.0,4395.0,4630.0,2345.0,6275.0,16.3,1570.0,480.0,6930.0,840.0,2485.0,2590.0,645.0,5775,published,5025.0,published,0.35858585858585856,0.37373737373737376,0.09307359307359307,0.5064794816414687,0.1824127906976744,0.163,0.625544267053701,0.37445573294629897,0.8488210818307905,0.3680805176132279,0.5602322206095791,2810.0,0.8606431852986217,0.0030627871362940277,0.013782542113323124,0.41620879120879123,0.07005494505494506,0.15247252747252749,0.8701298701298701,0.6710164835164835,6625.0,0.9608411892675852,0.3843364757070341,0.41100000000000003,0.3057324840764331,0.12121212121212122,7394.736842105263,5078.9473684210525,True
5350031.0,5350031.00,2021S05075350031.00,0031.00,True,5871.0,22729.4,0.26,36.8,2845.0,0.0,0.0,5.0,260.0,2390.0,2.1,5870.0,1655.0,28.2,5870.0,370.0,5870.0,2775.0,2670.0,510.0,2160.0,2670.0,830.0,52.7,5470.0,3740.0,940.0,5470.0,2855.0,390.0,5470.0,4140.0,5405.0,4560.0,840.0,5195.0,3035.0,2160.0,3405.0,1340.0,4735.0,18.9,1615.0,640.0,5875.0,710.0,1725.0,2455.0,610.0,4870,published,3740.0,published,0.2936170212765957,0.4178723404255319,0.10382978723404256,0.3935389133627019,0.2819420783645656,0.18899999999999997,0.8089887640449438,0.19101123595505617,0.8436632747456059,0.5842155919153031,0.31086142322097376,2655.0,0.9332161687170475,0.0,0.0,0.5219378427787934,0.0712979890310786,0.17184643510054845,0.7679671457905544,0.7568555758683729,5500.0,0.9369676320272572,0.4727427597955707,0.527,0.39628482972136225,0.12085106382978723,10211.538461538461,3192.3076923076924,True
5350032.0,5350032.00,2021S05075350032.00,0032.00,True,6042.0,14396.0,0.42,38.0,3320.0,50.0,65.0,30.0,1135.0,1780.0,1.6,5395.0,1665.0,30.9,5640.0,170.0,5640.0,1810.0,3360.0,570.0,2790.0,3360.0,915.0,33.6,5600.0,3995.0,1150.0,5600.0,2185.0,415.0,5600.0,3015.0,5565.0,4100.0,1465.0,5465.0,2550.0,2920.0,3615.0,1650.0,5160.0,20.4,1575.0,475.0,6040.0,365.0,2195.0,2375.0,890.0,5525,published,3995.0,published,0.36341059602649006,0.3932119205298013,0.14735099337748345,0.45643153526970953,0.3086190917516219,0.204,0.8303571428571429,0.16964285714285715,0.7367475292003594,0.46660567246111617,0.27232142857142855,2945.0,0.8870481927710844,0.015060240963855422,0.01957831325301205,0.39017857142857143,0.07410714285714286,0.20535714285714285,0.7230769230769231,0.5383928571428571,5470.0,0.9698581560283688,0.32092198581560283,0.336,0.30158730158730157,0.060430463576158944,7011.904761904762,2178.5714285714284,True
5350033.0,5350033.00,2021S05075350033.00,0033.00,True,5515.0,17255.9,0.32,36.4,3120.0,10.0,50.0,45.0,550.0,2240.0,1.7,5250.0,2050.0,39.0,5355.0,175.0,5355.0,2205.0,3085.0,520.0,2565.0,3085.0,645.0,54.6,5045.0,3355.0,1260.0,5045.0,2355.0,445.0,5045.0,3180.0,5020.0,3850.0,1170.0,4870.0,2525.0,2345.0,3265.0,1360.0,4590.0,19.5,1335.0,505.0,5515.0,395.0,2015.0,2230.0,615.0,4910,published,3355.0,published,0.3653671804170444,0.4043517679057117,0.1115140525838622,0.4165390505359878,0.3904761904761905,0.195,0.8314424635332253,0.1685575364667747,0.7669322709163346,0.5184804928131417,0.20907617504051865,2835.0,0.9086538461538461,0.003205128205128205,0.016025641025641024,0.466798810703667,0.08820614469772052,0.24975222993062438,0.6832993890020367,0.6303270564915758,5180.0,0.9673202614379085,0.4117647058823529,0.546,0.3782771535580524,0.07162284678150499,8859.375,2015.625,True
5350035.0,5350035.00,2021S05075350035.00,0035.00,True,10506.0,15853.3,0.66,30.8,6150.0,0.0,0.0,0.0,35.0,6115.0,1.7,10495.0,2635.0,25.1,10510.0,270.0,10510.0,5515.0,6125.0,1850.0,4275.0,6125.0,4970.0,8.8,10470.0,5950.0,3915.0,10470.0,4630.0,1290.0,10470.0,7690.0,10320.0,6645.0,3670.0,10025.0,3050.0,6970.0,7055.0,5615.0,9635.0,13.9,2760.0,590.0,10510.0,465.0,5885.0,2930.0,700.0,9600,published,5950.0,published,0.5599429115128449,0.2787821122740247,0.06660323501427212,0.7958894401133948,0.25107193901858027,0.139,0.6979591836734694,0.3020408163265306,0.6438953488372093,0.30423940149625933,0.8114285714285714,6150.0,1.0,0.0,0.0,0.44221585482330467,0.12320916905444126,0.37392550143266473,0.6197916666666666,0.7344794651384909,10240.0,0.9743101807802094,0.5247383444338725,0.08800000000000001,0.213768115942029,0.044243577545195055,9318.181818181818,7530.30303030303,True
5350036.0,5350036.00,2021S05075350036.00,0036.00,True,5685.0,14827.9,0.38,34.8,3400.0,5.0,20.0,40.0,430.0,2755.0,1.7,5650.0,1275.0,22.6,5685.0,430.0,5685.0,2320.0,3425.0,1100.0,2320.0,3425.0,1965.0,19.2,5720.0,4260.0,1070.0,5720.0,2335.0,390.0,5715.0,3265.0,5695.0,4365.0,1330.0,5565.0,2525.0,3035.0,3755.0,2485.0,5350.0,14.0,1380.0,270.0,5685.0,220.0,2515.0,1930.0,810.0,5300,published,4260.0,published,0.44239226033421286,0.33948988566402816,0.1424802110817942,0.6617842876165113,0.22566371681415928,0.14,0.6773722627737226,0.32116788321167883,0.7664618086040387,0.4537286612758311,0.5737226277372263,3225.0,0.9485294117647058,0.0014705882352941176,0.0058823529411764705,0.40821678321678323,0.06818181818181818,0.18706293706293706,0.8037735849056604,0.5713035870516185,5255.0,0.9243623570800352,0.4080914687774846,0.192,0.1956521739130435,0.03869832893579595,8486.842105263158,5171.0526315789475,True
5350037.0,5350037.00,2021S05075350037.00,0037.00,True,4802.0,10647.5,0.45,33.2,2360.0,15.0,55.0,50.0,965.0,1175.0,1.9,4530.0,975.0,21.6,4555.0,280.0,4555.0,2110.0,2335.0,640.0,1690.0,2335.0,785.0,15.0,4460.0,2975.0,1225.0,4460.0,1770.0,315.0,4455.0,3000.0,4435.0,3105.0,1330.0,4350.0,1780.0,2565.0,2745.0,1700.0,4210.0,20.1,1200.0,280.0,4800.0,220.0,2245.0,1390.0,790.0,4480,published,2975.0,published,0.46770833333333334,0.28958333333333336,0.16458333333333333,0.6193078324225865,0.2152317880794702,0.201,0.7237687366167024,0.2740899357601713,0.7001127395715896,0.4091954022988506,0.3361884368308351,2190.0,0.9279661016949152,0.006355932203389831,0.023305084745762712,0.3968609865470852,0.07062780269058296,0.27466367713004486,0.6640625,0.6734006734006734,4275.0,0.9385290889132821,0.4632272228320527,0.15,0.23333333333333334,0.04583333333333333,4866.666666666667,1744.4444444444443,True
5350038.0,5350038.00,2021S05075350038.00,0038.00,True,3605.0,9844.3,0.37,38.8,1720.0,40.0,100.0,120.0,750.0,550.0,2.0,3510.0,910.0,25.9,3540.0,580.0,3540.0,1630.0,1655.0,585.0,1065.0,1655.0,375.0,23.0,3315.0,2555.0,570.0,3315.0,1355.0,120.0,3320.0,1780.0,3315.0,2660.0,655.0,3260.0,1740.0,1520.0,2065.0,1005.0,3135.0,18.8,775.0,215.0,3610.0,175.0,1345.0,1315.0,665.0,3370,published,2555.0,published,0.37257617728531855,0.36426592797783935,0.18421052631578946,0.48668280871670705,0.25925925925925924,0.188,0.6435045317220544,0.35347432024169184,0.8024132730015083,0.5337423312883436,0.22658610271903323,1420.0,0.8255813953488372,0.023255813953488372,0.05813953488372093,0.40874811463046756,0.03619909502262444,0.17194570135746606,0.7581602373887241,0.536144578313253,2960.0,0.8361581920903954,0.4604519774011299,0.23,0.27741935483870966,0.04847645429362881,3837.837837837838,1013.5135135135135,True
5350039.0,5350039.00,2021S05075350039.00,0039.00,True,4505.0,14180.0,0.32,36.0,2045.0,10.0,20.0,5.0,670.0,1140.0,2.2,4435.0,1000.0,22.5,4480.0,745.0,4480.0,2170.0,2110.0,670.0,1440.0,2110.0,950.0,43.9,4630.0,3225.0,900.0,4630.0,2220.0,240.0,4630.0,3360.0,4595.0,3915.0,685.0,4460.0,2355.0,2105.0,2765.0,1125.0,4175.0,20.1,960.0,265.0,4505.0,355.0,1640.0,1540.0,750.0,3995,published,3225.0,published,0.36403995560488345,0.341842397336293,0.16648168701442842,0.40687160940325495,0.2254791431792559,0.201,0.6824644549763034,0.3175355450236967,0.8520130576713819,0.5280269058295964,0.45023696682464454,1815.0,0.8875305623471883,0.004889975550122249,0.009779951100244499,0.4794816414686825,0.05183585313174946,0.19438444924406048,0.8072590738423029,0.7257019438444925,3735.0,0.8337053571428571,0.484375,0.439,0.2760416666666667,0.07880133185349611,5671.875,2968.75,True
5350040.0,5350040.00,2021S05075350040.00,0040.00,True,4274.0,11592.1,0.37,38.4,1740.0,130.0,225.0,310.0,645.0,0.0,2.4,4240.0,500.0,11.8,4265.0,665.0,4265.0,1785.0,1735.0,1065.0,670.0,1735.0,80.0,5.2,4255.0,2995.0,735.0,4255.0,1750.0,210.0,4255.0,2000.0,4215.0,3580.0,635.0,4105.0,2560.0,1550.0,2785.0,1305.0,3810.0,12.3,1020.0,265.0,4275.0,355.0,1325.0,1755.0,620.0,3755,published,2995.0,published,0.30994152046783624,0.4105263157894737,0.14502923976608187,0.46858168761220825,0.1179245283018868,0.12300000000000001,0.3861671469740634,0.6138328530259366,0.8493475682087782,0.6236297198538368,0.04610951008645533,955.0,0.5488505747126436,0.07471264367816093,0.12931034482758622,0.4112808460634548,0.04935370152761457,0.172737955346651,0.7976031957390146,0.4700352526439483,3600.0,0.8440797186400938,0.41852286049237986,0.052000000000000005,0.25980392156862747,0.08304093567251462,2581.0810810810813,216.21621621621622,True
5350041.0,5350041.00,2021S05075350041.00,0041.00,True,3324.0,10482.5,0.32,38.8,1480.0,65.0,185.0,45.0,650.0,235.0,2.2,3280.0,300.0,9.1,3300.0,360.0,3300.0,1260.0,1480.0,885.0,600.0,1480.0,300.0,0.0,3270.0,2515.0,405.0,3270.0,1225.0,110.0,3270.0,1090.0,3260.0,2745.0,515.0,3190.0,1850.0,1340.0,2150.0,1200.0,2945.0,14.6,820.0,175.0,3325.0,270.0,1055.0,1340.0,525.0,2945,published,2515.0,published,0.3172932330827068,0.4030075187969925,0.15789473684210525,0.5581395348837209,0.09146341463414634,0.146,0.40540540540540543,0.597972972972973,0.8420245398773006,0.5799373040752351,0.20270270270270271,930.0,0.6283783783783784,0.04391891891891892,0.125,0.3746177370030581,0.03363914373088685,0.12385321100917432,0.8539898132427843,0.3333333333333333,2940.0,0.8909090909090909,0.38181818181818183,0.0,0.21341463414634146,0.081203007518797,2906.25,937.5,True
5350042.0,5350042.00,2021S05075350042.00,0042.00,True,4423.0,9028.4,0.49,37.6,1960.0,120.0,220.0,235.0,1135.0,20.0,2.2,4350.0,435.0,10.0,4355.0,285.0,4355.0,1480.0,1965.0,970.0,990.0,1965.0,45.0,5.6,4280.0,3340.0,435.0,4280.0,1405.0,145.0,4280.0,1015.0,4235.0,3570.0,665.0,4115.0,2510.0,1605.0,2790.0,1585.0,3815.0,12.1,1130.0,250.0,4425.0,395.0,1375.0,1725.0,710.0,3875,published,3340.0,published,0.3107344632768362,0.3898305084745763,0.16045197740112993,0.568100358422939,0.1,0.121,0.5038167938931297,0.49363867684478374,0.8429752066115702,0.6099635479951397,0.022900763358778626,1390.0,0.7091836734693877,0.061224489795918366,0.11224489795918367,0.3282710280373832,0.03387850467289719,0.10163551401869159,0.8619354838709677,0.2371495327102804,4070.0,0.9345579793340988,0.33983926521239954,0.055999999999999994,0.22123893805309736,0.08926553672316384,2836.734693877551,91.83673469387756,True
5350043.0,5350043.00,2021S05075350043.00,0043.00,True,3670.0,6625.7,0.55,39.2,1660.0,60.0,120.0,220.0,790.0,200.0,2.1,3545.0,355.0,10.1,3565.0,260.0,3565.0,1105.0,1660.0,885.0,780.0,1660.0,305.0,4.5,3605.0,2825.0,370.0,3605.0,1165.0,135.0,3610.0,970.0,3580.0,3080.0,505.0,3500.0,2165.0,1345.0,2380.0,1345.0,3240.0,12.0,1035.0,235.0,3670.0,335.0,1095.0,1490.0,630.0,3235,published,2825.0,published,0.29836512261580383,0.40599455040871935,0.17166212534059946,0.5651260504201681,0.1001410437235543,0.12,0.46987951807228917,0.5331325301204819,0.8603351955307262,0.6185714285714285,0.18373493975903615,1210.0,0.7289156626506024,0.03614457831325301,0.07228915662650602,0.3231622746185853,0.03744798890429958,0.10263522884882108,0.8732612055641422,0.26869806094182824,3305.0,0.9270687237026648,0.30995792426367463,0.045,0.22705314009661837,0.09128065395095368,2200.0,554.5454545454545,True
5350045.0,5350045.00,2021S05075350045.00,0045.00,True,3247.0,11003.0,0.3,38.4,1455.0,95.0,145.0,30.0,925.0,135.0,2.2,3135.0,340.0,10.8,3215.0,265.0,3215.0,1150.0,1480.0,545.0,935.0,1480.0,35.0,0.0,3110.0,2495.0,275.0,3110.0,1055.0,100.0,3115.0,880.0,3105.0,2650.0,450.0,2995.0,1875.0,1120.0,2140.0,1145.0,2795.0,14.7,925.0,270.0,3245.0,265.0,1020.0,1350.0,475.0,2860,published,2495.0,published,0.31432973805855163,0.41602465331278893,0.14637904468412943,0.5350467289719626,0.10845295055821372,0.147,0.6317567567567568,0.36824324324324326,0.8534621578099839,0.6260434056761269,0.02364864864864865,1090.0,0.7491408934707904,0.06529209621993128,0.09965635738831616,0.3392282958199357,0.03215434083601286,0.08842443729903537,0.8723776223776224,0.2825040128410915,2950.0,0.9175738724727839,0.35769828926905134,0.0,0.2918918918918919,0.08166409861325115,3633.3333333333335,116.66666666666667,True
5350046.0,5350046.00,2021S05075350046.00,0046.00,True,3151.0,7454.5,0.42,39.6,1320.0,85.0,175.0,55.0,610.0,95.0,2.4,3150.0,345.0,11.0,3150.0,305.0,3150.0,1150.0,1335.0,755.0,580.0,1335.0,65.0,15.7,3235.0,2320.0,435.0,3235.0,1135.0,95.0,3235.0,1085.0,3205.0,2855.0,355.0,3095.0,2145.0,950.0,2010.0,835.0,2815.0,12.7,925.0,320.0,3150.0,345.0,800.0,1350.0,490.0,2680,published,2320.0,published,0.25396825396825395,0.42857142857142855,0.15555555555555556,0.4154228855721393,0.10952380952380952,0.127,0.4344569288389513,0.5655430711610487,0.890795631825273,0.6930533117932148,0.04868913857677903,760.0,0.5757575757575758,0.06439393939393939,0.13257575757575757,0.3508500772797527,0.02936630602782071,0.13446676970633695,0.8656716417910447,0.33539412673879443,2845.0,0.9031746031746032,0.36507936507936506,0.157,0.34594594594594597,0.10952380952380952,1809.5238095238096,154.76190476190476,True
5350048.0,5350048.00,2021S05075350048.00,0048.00,True,3353.0,10011.9,0.33,40.0,1475.0,205.0,245.0,75.0,635.0,235.0,2.3,3320.0,325.0,9.8,3325.0,60.0,3325.0,700.0,1455.0,690.0,765.0,1455.0,20.0,0.0,3260.0,2395.0,225.0,3260.0,790.0,70.0,3260.0,675.0,3240.0,2885.0,360.0,3110.0,2135.0,975.0,2145.0,1275.0,2715.0,12.9,900.0,210.0,3350.0,475.0,735.0,1590.0,360.0,2725,published,2395.0,published,0.21940298507462686,0.4746268656716418,0.10746268656716418,0.5944055944055944,0.09789156626506024,0.129,0.5257731958762887,0.4742268041237113,0.8904320987654321,0.6864951768488746,0.013745704467353952,945.0,0.6406779661016949,0.13898305084745763,0.16610169491525423,0.24233128834355827,0.02147239263803681,0.06901840490797546,0.8788990825688073,0.20705521472392638,3265.0,0.9819548872180451,0.21052631578947367,0.0,0.23333333333333334,0.1417910447761194,2863.6363636363635,60.6060606060606,True
5350049.0,5350049.00,2021S05075350049.00,0049.00,True,3351.0,7203.4,0.47,40.4,1365.0,225.0,240.0,135.0,705.0,50.0,2.3,3135.0,240.0,7.7,3320.0,65.0,3320.0,565.0,1355.0,655.0,695.0,1355.0,0.0,0.0,3145.0,2445.0,185.0,3145.0,610.0,50.0,3150.0,475.0,3115.0,2765.0,350.0,3050.0,2005.0,1045.0,2020.0,1325.0,2705.0,10.6,810.0,170.0,3355.0,435.0,815.0,1400.0,560.0,2795,published,2445.0,published,0.2429210134128167,0.4172876304023845,0.16691505216095381,0.655940594059406,0.07655502392344497,0.106,0.5129151291512916,0.4833948339483395,0.8876404494382022,0.6573770491803279,0.0,890.0,0.652014652014652,0.16483516483516483,0.17582417582417584,0.19395866454689983,0.01589825119236884,0.058823529411764705,0.8747763864042933,0.15079365079365079,3255.0,0.9804216867469879,0.17018072289156627,0.0,0.20987654320987653,0.12965722801788376,1893.6170212765958,0.0,True
5350051.0,5350051.00,2021S05075350051.00,0051.00,True,4979.0,7203.4,0.69,39.2,2140.0,530.0,95.0,255.0,1140.0,95.0,2.3,4900.0,385.0,7.8,4910.0,25.0,4910.0,905.0,2135.0,975.0,1160.0,2135.0,10.0,2.2,4895.0,3605.0,385.0,4895.0,1055.0,160.0,4895.0,750.0,4865.0,4115.0,750.0,4680.0,2965.0,1715.0,2960.0,2100.0,4090.0,11.4,1220.0,375.0,4980.0,700.0,1185.0,2135.0,710.0,4075,published,3605.0,published,0.23795180722891565,0.428714859437751,0.142570281124498,0.7094594594594594,0.07857142857142857,0.114,0.5433255269320844,0.4566744730679157,0.8458376156217883,0.6335470085470085,0.00468384074941452,1490.0,0.6962616822429907,0.24766355140186916,0.04439252336448598,0.21552604698672115,0.03268641470888662,0.07865168539325842,0.8846625766871166,0.15321756894790603,4885.0,0.994908350305499,0.18431771894093688,0.022000000000000002,0.3073770491803279,0.14056224899598393,2159.4202898550725,14.492753623188406,True
5350052.0,5350052.00,2021S05075350052.00,0052.00,True,4074.0,8139.9,0.5,39.2,1865.0,195.0,360.0,70.0,635.0,500.0,2.2,4045.0,370.0,9.1,4045.0,75.0,4045.0,780.0,1865.0,1000.0,870.0,1865.0,360.0,6.9,4035.0,3120.0,215.0,4035.0,945.0,75.0,4035.0,830.0,3985.0,3340.0,645.0,3825.0,2380.0,1440.0,2620.0,1755.0,3455.0,8.5,980.0,205.0,4070.0,545.0,975.0,1880.0,455.0,3325,published,3120.0,published,0.23955773955773957,0.4619164619164619,0.11179361179361179,0.6698473282442748,0.09147095179233622,0.085,0.46648793565683644,0.5361930294906166,0.8381430363864492,0.6222222222222222,0.19302949061662197,1205.0,0.646112600536193,0.10455764075067024,0.19302949061662197,0.2342007434944238,0.01858736059479554,0.05328376703841388,0.9383458646616541,0.2057001239157373,3970.0,0.9814585908529048,0.19283065512978986,0.069,0.20918367346938777,0.1339066339066339,2410.0,720.0,True
5350053.0,5350053.00,2021S05075350053.00,0053.00,True,5823.0,8514.4,0.68,38.0,2645.0,130.0,315.0,285.0,1365.0,395.0,2.2,5815.0,640.0,11.0,5820.0,395.0,5820.0,2080.0,2660.0,1415.0,1245.0,2660.0,665.0,7.2,5795.0,4315.0,765.0,5795.0,2160.0,240.0,5790.0,1825.0,5745.0,4985.0,755.0,5550.0,3355.0,2200.0,3890.0,2000.0,5140.0,13.6,1650.0,460.0,5820.0,515.0,1675.0,2530.0,780.0,5065,published,4315.0,published,0.28780068728522334,0.43470790378006874,0.13402061855670103,0.5141388174807198,0.11006018916595013,0.136,0.4680451127819549,0.5319548872180451,0.8677110530896431,0.6045045045045045,0.25,2045.0,0.7731568998109641,0.04914933837429111,0.11909262759924386,0.3727351164797239,0.04141501294219154,0.13201035375323555,0.8519249753208292,0.31519861830742657,5425.0,0.9321305841924399,0.35738831615120276,0.07200000000000001,0.2787878787878788,0.08848797250859107,3007.3529411764703,977.9411764705882,True
5350054.0,5350054.00,2021S05075350054.00,0054.00,True,5453.0,7763.4,0.7,38.4,2630.0,175.0,190.0,85.0,1260.0,865.0,2.1,5395.0,665.0,12.4,5420.0,255.0,5420.0,1830.0,2610.0,775.0,1840.0,2610.0,110.0,1.6,5420.0,4125.0,625.0,5420.0,1860.0,275.0,5420.0,1755.0,5400.0,4675.0,725.0,5275.0,3330.0,1945.0,3515.0,1900.0,4860.0,15.2,1440.0,395.0,5455.0,525.0,1595.0,2235.0,850.0,4755,published,4125.0,published,0.2923923006416132,0.40971585701191565,0.15582034830430797,0.5405405405405406,0.12326227988878591,0.152,0.7049808429118773,0.29693486590038315,0.8657407407407407,0.6312796208530805,0.0421455938697318,2210.0,0.8403041825095057,0.06653992395437262,0.07224334600760456,0.34317343173431736,0.0507380073800738,0.11531365313653137,0.8675078864353313,0.3238007380073801,5165.0,0.9529520295202952,0.3376383763837638,0.016,0.2743055555555556,0.09624197983501374,3157.1428571428573,157.14285714285714,True
5350055.0,5350055.00,2021S05075350055.00,0055.00,True,2691.0,9735.9,0.28,36.4,1305.0,90.0,125.0,120.0,855.0,80.0,2.1,2690.0,270.0,10.0,2690.0,95.0,2690.0,655.0,1310.0,510.0,800.0,1310.0,120.0,2.5,2680.0,2180.0,250.0,2680.0,635.0,70.0,2685.0,520.0,2680.0,2220.0,460.0,2630.0,1500.0,1130.0,1825.0,1130.0,2455.0,9.3,715.0,215.0,2690.0,220.0,980.0,1025.0,365.0,2395,published,2180.0,published,0.3643122676579926,0.38104089219330856,0.13568773234200743,0.6191780821917808,0.10037174721189591,0.09300000000000001,0.6106870229007634,0.3893129770992366,0.8283582089552238,0.5703422053231939,0.0916030534351145,1055.0,0.8084291187739464,0.06896551724137931,0.09578544061302682,0.23694029850746268,0.026119402985074626,0.09328358208955224,0.9102296450939458,0.19366852886405958,2595.0,0.9646840148698885,0.24349442379182157,0.025,0.3006993006993007,0.08178438661710037,3767.8571428571427,428.57142857142856,True
5350056.0,5350056.00,2021S05075350056.00,0056.00,True,4436.0,8706.6,0.51,36.8,1960.0,165.0,480.0,180.0,945.0,0.0,2.3,4430.0,395.0,8.9,4435.0,275.0,4435.0,1360.0,1955.0,945.0,1010.0,1955.0,0.0,3.0,4340.0,3530.0,340.0,4340.0,1365.0,90.0,4345.0,1125.0,4315.0,3615.0,700.0,4215.0,2565.0,1650.0,2860.0,1695.0,3935.0,10.5,1120.0,260.0,4435.0,360.0,1520.0,1655.0,705.0,3925,published,3530.0,published,0.342728297632469,0.37316798196166856,0.1589627959413754,0.5926573426573427,0.08916478555304741,0.105,0.5166240409207161,0.4833759590792839,0.8377752027809965,0.608540925266904,0.0,1125.0,0.5739795918367347,0.08418367346938775,0.24489795918367346,0.31451612903225806,0.020737327188940093,0.07834101382488479,0.8993630573248408,0.25891829689298046,4160.0,0.9379932356257046,0.30665163472378804,0.03,0.23214285714285715,0.08117249154453213,2205.8823529411766,0.0,True
5350057.0,5350057.00,2021S05075350057.00,0057.00,True,2287.0,8584.8,0.27,35.6,1080.0,35.0,180.0,15.0,780.0,5.0,2.1,2270.0,260.0,11.4,2280.0,90.0,2280.0,585.0,1115.0,420.0,695.0,1115.0,25.0,0.0,2335.0,1810.0,290.0,2335.0,630.0,110.0,2335.0,560.0,2330.0,1760.0,570.0,2265.0,1145.0,1120.0,1425.0,900.0,2115.0,14.5,665.0,155.0,2280.0,170.0,860.0,790.0,350.0,2030,published,1810.0,published,0.37719298245614036,0.34649122807017546,0.15350877192982457,0.631578947368421,0.1145374449339207,0.145,0.6233183856502242,0.37668161434977576,0.7553648068669528,0.5055187637969095,0.02242152466367713,800.0,0.7407407407407407,0.032407407407407406,0.16666666666666666,0.2698072805139186,0.047109207708779445,0.12419700214132762,0.8916256157635468,0.2398286937901499,2190.0,0.9605263157894737,0.2565789473684211,0.0,0.23308270676691728,0.07456140350877193,2962.9629629629626,92.59259259259258,True
5350058.0,5350058.00,2021S05075350058.00,0058.00,True,3757.0,9781.3,0.38,37.6,1830.0,90.0,200.0,95.0,1095.0,235.0,2.0,3725.0,500.0,13.5,3750.0,180.0,3750.0,1030.0,1800.0,690.0,1110.0,1800.0,165.0,13.9,3760.0,2925.0,430.0,3760.0,1130.0,165.0,3765.0,985.0,3740.0,3005.0,735.0,3650.0,1950.0,1695.0,2395.0,1645.0,3410.0,11.2,890.0,185.0,3760.0,290.0,1300.0,1395.0,650.0,3375,published,2925.0,published,0.34574468085106386,0.37101063829787234,0.17287234042553193,0.6868475991649269,0.1342281879194631,0.11199999999999999,0.6166666666666667,0.38333333333333336,0.803475935828877,0.5342465753424658,0.09166666666666666,1425.0,0.7786885245901639,0.04918032786885246,0.1092896174863388,0.300531914893617,0.043882978723404256,0.11436170212765957,0.8666666666666667,0.26162018592297476,3570.0,0.952,0.27466666666666667,0.139,0.20786516853932585,0.07712765957446809,3750.0,434.2105263157895,True
5350059.0,5350059.00,2021S05075350059.00,0059.00,True,3843.0,10482.8,0.37,40.4,1400.0,70.0,140.0,80.0,880.0,0.0,2.2,3115.0,315.0,10.1,3205.0,130.0,3205.0,940.0,1430.0,655.0,765.0,1430.0,25.0,0.0,3140.0,2410.0,480.0,3140.0,930.0,105.0,3140.0,1060.0,3140.0,2490.0,650.0,3075.0,1610.0,1465.0,1910.0,1275.0,2905.0,13.4,735.0,180.0,3840.0,245.0,1315.0,1205.0,955.0,3515,published,2410.0,published,0.3424479166666667,0.3138020833333333,0.24869791666666666,0.6675392670157068,0.10112359550561797,0.134,0.534965034965035,0.458041958041958,0.7929936305732485,0.5235772357723577,0.017482517482517484,960.0,0.6857142857142857,0.05,0.1,0.2961783439490446,0.03343949044585987,0.15286624203821655,0.6856330014224751,0.3375796178343949,3075.0,0.9594383775351014,0.29329173166926675,0.0,0.24489795918367346,0.06380208333333333,2594.5945945945946,67.56756756756756,True
5350060.0,5350060.00,2021S05075350060.00,0060.00,True,2550.0,9388.8,0.27,35.2,1365.0,50.0,80.0,80.0,310.0,720.0,1.9,2550.0,405.0,15.9,2550.0,45.0,2550.0,710.0,1330.0,590.0,745.0,1330.0,530.0,4.1,2505.0,1960.0,315.0,2505.0,740.0,115.0,2505.0,880.0,2495.0,2025.0,470.0,2425.0,1260.0,1170.0,1600.0,1200.0,2315.0,16.2,535.0,150.0,2550.0,185.0,1015.0,970.0,330.0,2310,published,1960.0,published,0.3980392156862745,0.3803921568627451,0.12941176470588237,0.75,0.1588235294117647,0.162,0.5601503759398496,0.44360902255639095,0.811623246492986,0.5195876288659794,0.39849624060150374,1110.0,0.8131868131868132,0.03663003663003663,0.05860805860805861,0.2954091816367265,0.04590818363273453,0.12574850299401197,0.8484848484848485,0.35129740518962077,2505.0,0.9823529411764705,0.2784313725490196,0.040999999999999995,0.2803738317757009,0.07254901960784314,4111.11111111111,1962.9629629629628,True
5350061.0,5350061.00,2021S05075350061.00,0061.00,True,1202.0,1566.5,0.77,34.0,480.0,10.0,5.0,10.0,120.0,320.0,1.6,770.0,225.0,29.2,1200.0,25.0,1200.0,490.0,485.0,15.0,465.0,485.0,10.0,40.4,790.0,460.0,255.0,790.0,470.0,95.0,790.0,515.0,790.0,670.0,115.0,775.0,435.0,340.0,520.0,300.0,710.0,20.5,185.0,70.0,1200.0,105.0,495.0,405.0,175.0,1075,published,460.0,published,0.4125,0.3375,0.14583333333333334,0.5769230769230769,0.2922077922077922,0.205,0.9587628865979382,0.030927835051546393,0.8481012658227848,0.5612903225806452,0.020618556701030927,450.0,0.9375,0.020833333333333332,0.010416666666666666,0.5949367088607594,0.12025316455696203,0.3227848101265823,0.42790697674418604,0.6518987341772152,1175.0,0.9791666666666666,0.4083333333333333,0.40399999999999997,0.3783783783783784,0.0875,584.4155844155844,12.987012987012987,True
5350064.0,5350064.00,2021S05075350064.00,0064.00,True,4963.0,25490.5,0.19,36.4,2930.0,10.0,5.0,20.0,415.0,2380.0,1.6,4780.0,680.0,14.2,4815.0,75.0,4815.0,1710.0,2960.0,915.0,2045.0,2960.0,1665.0,9.5,4770.0,3425.0,1120.0,4770.0,1810.0,530.0,4775.0,2170.0,4750.0,3580.0,1175.0,4685.0,1940.0,2745.0,3820.0,2485.0,4565.0,14.1,1355.0,485.0,4965.0,135.0,2055.0,2115.0,505.0,4710,published,3425.0,published,0.41389728096676737,0.4259818731117825,0.10171198388721048,0.650523560209424,0.14225941422594143,0.141,0.6908783783783784,0.3091216216216216,0.7536842105263157,0.41408751334044824,0.5625,2815.0,0.9607508532423208,0.0034129692832764505,0.0017064846416382253,0.37945492662473795,0.1111111111111111,0.2348008385744235,0.727176220806794,0.4544502617801047,4740.0,0.9844236760124611,0.35514018691588783,0.095,0.35793357933579334,0.027190332326283987,14815.78947368421,8763.157894736842,True
5350066.0,5350066.00,2021S05075350066.00,0066.00,True,7062.0,21497.7,0.33,44.8,4190.0,20.0,30.0,55.0,840.0,3135.0,1.6,6880.0,1195.0,17.4,6915.0,175.0,6915.0,2045.0,4235.0,1595.0,2640.0,4235.0,1840.0,24.6,6990.0,5570.0,1030.0,6990.0,2710.0,335.0,6990.0,2950.0,6950.0,5775.0,1175.0,6820.0,4030.0,2790.0,4750.0,2610.0,6595.0,14.3,2015.0,615.0,7065.0,300.0,1965.0,3250.0,1280.0,6605,published,5570.0,published,0.2781316348195329,0.4600141542816702,0.18117480537862704,0.5494736842105263,0.17369186046511628,0.14300000000000002,0.6233766233766234,0.37662337662337664,0.8309352517985612,0.5909090909090909,0.4344746162927981,4030.0,0.9618138424821002,0.00477326968973747,0.007159904534606206,0.3876967095851216,0.04792560801144492,0.1473533619456366,0.8433005299015897,0.4220314735336195,6740.0,0.9746926970354303,0.2957339117859725,0.24600000000000002,0.3052109181141439,0.04246284501061571,12212.121212121212,5575.757575757575,True
5350067.0,5350067.00,2021S05075350067.00,0067.00,True,1692.0,2597.5,0.65,46.4,780.0,75.0,185.0,20.0,245.0,5.0,2.2,1690.0,90.0,5.4,1695.0,10.0,1695.0,245.0,770.0,600.0,175.0,770.0,40.0,0.0,1695.0,1280.0,150.0,1695.0,465.0,55.0,1690.0,285.0,1665.0,1430.0,240.0,1585.0,1040.0,545.0,1000.0,720.0,1465.0,10.1,350.0,40.0,1690.0,190.0,275.0,785.0,335.0,1430,published,1280.0,published,0.16272189349112426,0.46449704142011833,0.19822485207100593,0.72,0.05325443786982249,0.10099999999999999,0.22727272727272727,0.7792207792207793,0.8588588588588588,0.6561514195583596,0.05194805194805195,270.0,0.34615384615384615,0.09615384615384616,0.23717948717948717,0.2743362831858407,0.032448377581120944,0.08849557522123894,0.8951048951048951,0.16863905325443787,1685.0,0.9941002949852508,0.14454277286135694,0.0,0.11428571428571428,0.11242603550295859,415.38461538461536,61.53846153846153,True
5350068.0,5350068.00,2021S05075350068.00,0068.00,True,2451.0,5870.7,0.42,46.4,1225.0,65.0,240.0,100.0,460.0,80.0,2.0,2450.0,365.0,15.1,2450.0,70.0,2450.0,455.0,1195.0,600.0,595.0,1195.0,55.0,36.4,2330.0,1880.0,160.0,2330.0,625.0,60.0,2335.0,500.0,2320.0,2075.0,245.0,2235.0,1510.0,720.0,1405.0,930.0,2060.0,9.9,590.0,130.0,2450.0,235.0,450.0,1130.0,515.0,2110,published,1880.0,published,0.1836734693877551,0.46122448979591835,0.21020408163265306,0.6619217081850534,0.1489795918367347,0.099,0.497907949790795,0.502092050209205,0.8943965517241379,0.6756152125279642,0.04602510460251046,640.0,0.5224489795918368,0.053061224489795916,0.19591836734693877,0.26824034334763946,0.02575107296137339,0.06866952789699571,0.8909952606635071,0.21413276231263384,2380.0,0.9714285714285714,0.18571428571428572,0.364,0.22033898305084745,0.09591836734693877,1523.8095238095239,130.95238095238096,True
5350069.0,5350069.00,2021S05075350069.00,0069.00,True,4847.0,5619.7,0.86,43.2,1825.0,285.0,555.0,190.0,660.0,0.0,2.6,4705.0,370.0,7.8,4725.0,245.0,4725.0,1135.0,1860.0,1370.0,490.0,1860.0,55.0,6.1,4660.0,3515.0,285.0,4660.0,1250.0,85.0,4665.0,1635.0,4625.0,4260.0,370.0,4450.0,3385.0,1075.0,2710.0,1825.0,3960.0,8.6,1000.0,195.0,4845.0,730.0,870.0,2150.0,770.0,3890,published,3515.0,published,0.17956656346749225,0.4437564499484004,0.15892672858617132,0.6734317343173432,0.07863974495217853,0.086,0.26344086021505375,0.7365591397849462,0.9210810810810811,0.7606741573033707,0.02956989247311828,850.0,0.4657534246575342,0.15616438356164383,0.3041095890410959,0.26824034334763946,0.018240343347639486,0.0611587982832618,0.903598971722365,0.3504823151125402,4480.0,0.9481481481481482,0.2402116402116402,0.061,0.195,0.15067079463364294,988.3720930232558,63.95348837209303,True
5350070.0,5350070.00,2021S05075350070.00,0070.00,True,3302.0,7445.3,0.44,45.2,1670.0,185.0,320.0,50.0,430.0,680.0,2.0,3250.0,290.0,8.9,3250.0,25.0,3250.0,530.0,1635.0,600.0,1035.0,1635.0,10.0,6.3,3225.0,2515.0,190.0,3225.0,740.0,80.0,3220.0,660.0,3220.0,2900.0,320.0,3135.0,2175.0,960.0,1945.0,1290.0,2770.0,9.4,825.0,230.0,3300.0,375.0,630.0,1500.0,645.0,2795,published,2515.0,published,0.19090909090909092,0.45454545454545453,0.19545454545454546,0.6632390745501285,0.08923076923076922,0.094,0.6330275229357798,0.3669724770642202,0.9006211180124224,0.69377990430622,0.0061162079510703364,1160.0,0.6946107784431138,0.11077844311377245,0.19161676646706588,0.22945736434108527,0.024806201550387597,0.05891472868217054,0.8998211091234347,0.20496894409937888,3225.0,0.9923076923076923,0.16307692307692306,0.063,0.2787878787878788,0.11363636363636363,2636.3636363636365,22.727272727272727,True
5350071.0,5350071.00,2021S05075350071.00,0071.00,True,3342.0,7202.6,0.46,43.6,1405.0,335.0,445.0,60.0,305.0,0.0,2.4,3335.0,275.0,8.3,3335.0,50.0,3335.0,515.0,1410.0,885.0,520.0,1410.0,50.0,32.4,3405.0,2520.0,135.0,3405.0,730.0,35.0,3405.0,745.0,3370.0,3065.0,300.0,3215.0,2405.0,810.0,1800.0,1260.0,2775.0,9.8,775.0,190.0,3345.0,555.0,565.0,1425.0,600.0,2650,published,2520.0,published,0.16890881913303438,0.4260089686098655,0.17937219730941703,0.7,0.08245877061469266,0.098,0.36879432624113473,0.6276595744680851,0.9094955489614244,0.7480559875583204,0.03546099290780142,365.0,0.2597864768683274,0.23843416370106763,0.3167259786476868,0.2143906020558003,0.010279001468428781,0.039647577092511016,0.9509433962264151,0.21879588839941264,3285.0,0.9850074962518741,0.15442278860569716,0.324,0.24516129032258063,0.16591928251121077,793.4782608695651,108.69565217391303,True
5350073.0,5350073.00,2021S05075350073.00,0073.00,True,2478.0,7065.9,0.35,40.0,990.0,155.0,205.0,95.0,470.0,0.0,2.5,2460.0,285.0,11.6,2465.0,255.0,2465.0,820.0,1040.0,630.0,405.0,1040.0,15.0,12.2,2670.0,1910.0,240.0,2670.0,850.0,75.0,2675.0,1195.0,2630.0,2285.0,340.0,2525.0,1615.0,910.0,1635.0,790.0,2205.0,18.6,610.0,155.0,2480.0,295.0,550.0,1125.0,320.0,2025,published,1910.0,published,0.2217741935483871,0.4536290322580645,0.12903225806451613,0.4831804281345566,0.11585365853658537,0.18600000000000003,0.3894230769230769,0.6057692307692307,0.8688212927756654,0.6396039603960396,0.014423076923076924,565.0,0.5707070707070707,0.15656565656565657,0.20707070707070707,0.31835205992509363,0.028089887640449437,0.0898876404494382,0.9432098765432099,0.44672897196261685,2210.0,0.896551724137931,0.332657200811359,0.122,0.2540983606557377,0.11895161290322581,1614.2857142857144,42.85714285714286,True
5350074.0,5350074.00,2021S05075350074.00,0074.00,True,3723.0,9516.9,0.39,37.6,1560.0,285.0,260.0,115.0,755.0,90.0,2.4,3710.0,465.0,12.6,3720.0,225.0,3720.0,995.0,1600.0,900.0,700.0,1600.0,45.0,26.4,3870.0,2730.0,420.0,3870.0,1175.0,185.0,3875.0,1745.0,3840.0,3290.0,550.0,3650.0,2430.0,1225.0,2355.0,1130.0,3210.0,12.0,930.0,210.0,3725.0,550.0,855.0,1660.0,415.0,2950,published,2730.0,published,0.2295302013422819,0.44563758389261743,0.11140939597315436,0.47983014861995754,0.12533692722371967,0.12,0.4375,0.5625,0.8567708333333334,0.6657534246575343,0.028125,960.0,0.6153846153846154,0.18269230769230768,0.16666666666666666,0.30361757105943155,0.04780361757105943,0.10852713178294573,0.9254237288135593,0.4503225806451613,3495.0,0.9395161290322581,0.2674731182795699,0.264,0.22580645161290322,0.1476510067114094,2461.5384615384614,115.38461538461539,True
5350075.0,5350075.00,2021S05075350075.00,0075.00,True,4014.0,7914.0,0.51,42.0,1740.0,120.0,610.0,50.0,635.0,265.0,2.3,4010.0,485.0,12.2,4010.0,195.0,4010.0,1030.0,1690.0,970.0,725.0,1690.0,15.0,37.2,3850.0,2785.0,270.0,3850.0,1110.0,85.0,3850.0,1310.0,3790.0,3470.0,320.0,3585.0,2665.0,920.0,2175.0,1235.0,3110.0,13.3,820.0,260.0,4010.0,565.0,715.0,1695.0,740.0,3210,published,2785.0,published,0.17830423940149626,0.4226932668329177,0.18453865336658354,0.5678160919540229,0.12094763092269327,0.133,0.4289940828402367,0.5739644970414202,0.9155672823218998,0.7433751743375174,0.008875739644970414,950.0,0.5459770114942529,0.06896551724137931,0.3505747126436782,0.2883116883116883,0.02207792207792208,0.07012987012987013,0.867601246105919,0.34025974025974026,3815.0,0.9513715710723192,0.256857855361596,0.37200000000000005,0.3170731707317073,0.14089775561097256,1862.7450980392157,29.41176470588235,True
5350076.0,5350076.00,2021S05075350076.00,0076.00,True,4237.0,9049.6,0.47,41.2,1790.0,275.0,635.0,50.0,365.0,420.0,2.4,4210.0,515.0,12.3,4220.0,105.0,4220.0,880.0,1780.0,1115.0,655.0,1780.0,150.0,40.2,4035.0,3040.0,210.0,4035.0,1200.0,115.0,4040.0,1405.0,3985.0,3560.0,430.0,3795.0,2665.0,1130.0,2470.0,1475.0,3360.0,9.8,920.0,320.0,4235.0,620.0,745.0,1995.0,575.0,3355,published,3040.0,published,0.17591499409681227,0.47107438016528924,0.1357733175914994,0.597165991902834,0.12232779097387174,0.098,0.36797752808988765,0.6264044943820225,0.8933500627352572,0.7022397891963109,0.08426966292134831,835.0,0.4664804469273743,0.15363128491620112,0.3547486033519553,0.29739776951672864,0.028500619578686492,0.05204460966542751,0.9061102831594635,0.34777227722772275,4115.0,0.9751184834123223,0.20853080568720378,0.402,0.34782608695652173,0.14639905548996457,1776.595744680851,319.1489361702128,True
5350077.0,5350077.00,2021S05075350077.00,0077.00,True,4493.0,7492.1,0.6,40.0,1815.0,380.0,625.0,70.0,580.0,135.0,2.5,4480.0,435.0,9.7,4485.0,65.0,4485.0,680.0,1825.0,1180.0,650.0,1825.0,25.0,24.8,4625.0,3170.0,375.0,4625.0,1065.0,140.0,4625.0,1245.0,4565.0,4150.0,420.0,4340.0,3175.0,1170.0,2680.0,1575.0,3655.0,11.6,995.0,235.0,4495.0,810.0,730.0,2100.0,525.0,3395,published,3170.0,published,0.16240266963292546,0.4671857619577308,0.1167964404894327,0.5876865671641791,0.09709821428571429,0.11599999999999999,0.3561643835616438,0.6465753424657534,0.9090909090909091,0.7315668202764977,0.0136986301369863,785.0,0.4325068870523416,0.209366391184573,0.3443526170798898,0.23027027027027028,0.03027027027027027,0.08108108108108109,0.9337260677466863,0.2691891891891892,4420.0,0.9855072463768116,0.1516164994425864,0.248,0.23618090452261306,0.18020022246941045,1308.3333333333335,41.66666666666667,True
5350078.0,5350078.00,2021S05075350078.00,0078.00,True,6282.0,8241.9,0.76,42.8,2930.0,600.0,570.0,165.0,955.0,555.0,2.1,6220.0,850.0,13.6,6225.0,45.0,6225.0,950.0,2885.0,1465.0,1420.0,2885.0,165.0,32.0,6050.0,4595.0,320.0,6050.0,1325.0,155.0,6045.0,1410.0,6005.0,5555.0,445.0,5715.0,3885.0,1830.0,3595.0,1985.0,5085.0,11.2,1355.0,315.0,6280.0,815.0,1145.0,2875.0,1010.0,5105,published,4595.0,published,0.1823248407643312,0.4578025477707006,0.160828025477707,0.5521557719054242,0.13665594855305466,0.11199999999999999,0.49220103986135183,0.5077989601386482,0.9250624479600333,0.6797900262467191,0.05719237435008666,1675.0,0.5716723549488054,0.20477815699658702,0.1945392491467577,0.2190082644628099,0.0256198347107438,0.05289256198347107,0.9000979431929481,0.23325062034739455,6180.0,0.9927710843373494,0.15261044176706828,0.32,0.23247232472324722,0.12977707006369427,2203.9473684210525,217.10526315789474,True
5350079.0,5350079.00,2021S05075350079.00,0079.00,True,7424.0,7390.7,1.0,41.6,2875.0,675.0,895.0,120.0,460.0,325.0,2.5,7310.0,565.0,7.8,7310.0,75.0,7310.0,1035.0,2925.0,2170.0,750.0,2925.0,295.0,33.8,7335.0,5145.0,435.0,7335.0,1485.0,180.0,7335.0,1630.0,7270.0,6745.0,530.0,6915.0,5030.0,1890.0,4110.0,2495.0,5845.0,11.7,1755.0,365.0,7420.0,1330.0,1145.0,3375.0,1040.0,5635,published,5145.0,published,0.15431266846361186,0.45485175202156336,0.14016172506738545,0.6070559610705596,0.07729138166894665,0.11699999999999999,0.2564102564102564,0.7418803418803419,0.9277854195323246,0.7274041937816341,0.10085470085470086,905.0,0.31478260869565217,0.23478260869565218,0.31130434782608696,0.20245398773006135,0.024539877300613498,0.05930470347648262,0.9130434782608695,0.2222222222222222,7235.0,0.9897400820793434,0.14158686730506156,0.33799999999999997,0.20797720797720798,0.1792452830188679,905.0,295.0,True
5350081.0,5350081.00,2021S05075350081.00,0081.00,True,2848.0,7739.1,0.37,40.4,1090.0,190.0,470.0,45.0,385.0,0.0,2.6,2810.0,185.0,6.7,2815.0,100.0,2815.0,700.0,1060.0,790.0,270.0,1060.0,0.0,7.4,2840.0,2025.0,220.0,2840.0,625.0,35.0,2835.0,655.0,2805.0,2595.0,215.0,2640.0,1985.0,655.0,1645.0,930.0,2305.0,13.0,565.0,225.0,2845.0,405.0,575.0,1230.0,410.0,2235,published,2025.0,published,0.20210896309314588,0.43233743409490333,0.14411247803163443,0.5653495440729484,0.06583629893238434,0.13,0.25471698113207547,0.7452830188679245,0.9251336898395722,0.7518939393939394,0.0,430.0,0.3944954128440367,0.1743119266055046,0.43119266055045874,0.22007042253521128,0.01232394366197183,0.07746478873239436,0.9060402684563759,0.2310405643738977,2715.0,0.9644760213143873,0.24866785079928952,0.07400000000000001,0.39823008849557523,0.14235500878734622,1162.162162162162,0.0,True
5350082.0,5350082.00,2021S05075350082.00,0082.00,True,2647.0,8583.0,0.31,40.0,1020.0,275.0,355.0,70.0,310.0,5.0,2.6,2640.0,165.0,6.1,2645.0,75.0,2645.0,580.0,1065.0,730.0,340.0,1065.0,10.0,5.9,2615.0,1905.0,230.0,2615.0,640.0,65.0,2620.0,665.0,2595.0,2345.0,250.0,2490.0,1805.0,690.0,1540.0,930.0,2210.0,12.7,595.0,220.0,2650.0,460.0,485.0,1145.0,380.0,2050,published,1905.0,published,0.1830188679245283,0.4320754716981132,0.14339622641509434,0.6038961038961039,0.0625,0.127,0.3192488262910798,0.6854460093896714,0.9036608863198459,0.7248995983935743,0.009389671361502348,385.0,0.37745098039215685,0.2696078431372549,0.3480392156862745,0.2447418738049713,0.0248565965583174,0.08795411089866156,0.9292682926829269,0.2538167938931298,2570.0,0.9716446124763705,0.21928166351606806,0.059000000000000004,0.3697478991596639,0.17358490566037735,1241.9354838709678,32.25806451612903,True
5350083.0,5350083.00,2021S05075350083.00,0083.00,True,3869.0,8667.1,0.45,44.4,1800.0,220.0,420.0,65.0,650.0,395.0,2.1,3855.0,610.0,15.8,3870.0,210.0,3870.0,1175.0,1785.0,960.0,825.0,1785.0,105.0,40.6,3855.0,2915.0,305.0,3855.0,1280.0,65.0,3850.0,1340.0,3820.0,3385.0,435.0,3680.0,2590.0,1090.0,2135.0,1275.0,3265.0,11.1,875.0,310.0,3870.0,435.0,770.0,1570.0,865.0,3265,published,2915.0,published,0.19896640826873385,0.40568475452196384,0.2235142118863049,0.5971896955503513,0.1582360570687419,0.111,0.46218487394957986,0.5378151260504201,0.8861256544502618,0.7038043478260869,0.058823529411764705,1110.0,0.6166666666666667,0.12222222222222222,0.23333333333333334,0.3320363164721141,0.016861219195849545,0.07911802853437094,0.892802450229709,0.34805194805194806,3660.0,0.9457364341085271,0.30361757105943155,0.406,0.35428571428571426,0.1124031007751938,2466.6666666666665,233.33333333333331,True
5350084.0,5350084.00,2021S05075350084.00,0084.00,True,3552.0,8684.6,0.41,41.6,1460.0,330.0,370.0,95.0,585.0,60.0,2.4,3530.0,275.0,7.9,3535.0,60.0,3535.0,740.0,1500.0,995.0,505.0,1500.0,20.0,10.8,3695.0,2720.0,250.0,3695.0,995.0,110.0,3695.0,685.0,3670.0,3435.0,240.0,3515.0,2770.0,750.0,2005.0,1505.0,3095.0,12.8,685.0,140.0,3550.0,570.0,685.0,1515.0,580.0,2810,published,2720.0,published,0.19295774647887323,0.4267605633802817,0.16338028169014085,0.7506234413965087,0.07790368271954674,0.128,0.33666666666666667,0.6633333333333333,0.9359673024523161,0.7880512091038406,0.013333333333333334,740.0,0.5068493150684932,0.22602739726027396,0.2534246575342466,0.2692828146143437,0.029769959404600813,0.06765899864682003,0.9679715302491103,0.18538565629228687,3475.0,0.983026874115983,0.20933521923620935,0.10800000000000001,0.20437956204379562,0.16056338028169015,1804.878048780488,48.78048780487805,True
5350085.0,5350085.00,2021S05075350085.00,0085.00,True,4160.0,8409.1,0.49,44.8,2185.0,295.0,210.0,105.0,495.0,1025.0,1.9,4150.0,545.0,13.1,4150.0,75.0,4150.0,865.0,2145.0,750.0,1395.0,2145.0,200.0,12.9,3985.0,3185.0,255.0,3985.0,1095.0,120.0,3985.0,815.0,3970.0,3605.0,360.0,3840.0,2620.0,1225.0,2375.0,1495.0,3490.0,15.0,880.0,250.0,4160.0,450.0,850.0,1765.0,910.0,3575,published,3185.0,published,0.20432692307692307,0.42427884615384615,0.21875,0.6294736842105263,0.13132530120481928,0.15,0.6503496503496503,0.34965034965034963,0.9080604534005038,0.6822916666666666,0.09324009324009325,1625.0,0.7437070938215103,0.13501144164759726,0.09610983981693363,0.27478042659974905,0.030112923462986198,0.06398996235884567,0.8909090909090909,0.20451693851944794,4075.0,0.9819277108433735,0.20843373493975903,0.129,0.2840909090909091,0.10817307692307693,3316.326530612245,408.16326530612247,True
5350086.0,5350086.00,2021S05075350086.00,0086.00,True,2528.0,2219.5,1.14,45.2,900.0,675.0,40.0,75.0,105.0,0.0,2.8,2520.0,140.0,5.6,2525.0,10.0,2525.0,365.0,870.0,760.0,110.0,870.0,10.0,0.0,2490.0,1850.0,135.0,2490.0,545.0,50.0,2485.0,500.0,2485.0,2260.0,220.0,2390.0,1765.0,625.0,1240.0,995.0,2090.0,8.2,595.0,110.0,2525.0,425.0,430.0,1020.0,470.0,1965,published,1850.0,published,0.1702970297029703,0.403960396039604,0.18613861386138614,0.8024193548387096,0.05555555555555555,0.08199999999999999,0.12643678160919541,0.8735632183908046,0.9094567404426559,0.7384937238493724,0.011494252873563218,180.0,0.2,0.75,0.044444444444444446,0.21887550200803213,0.020080321285140562,0.05421686746987952,0.9414758269720102,0.2012072434607646,2515.0,0.996039603960396,0.14455445544554454,0.0,0.18487394957983194,0.16831683168316833,157.8947368421053,8.771929824561404,True
5350087.0,5350087.00,2021S05075350087.00,0087.00,True,4814.0,3002.4,1.6,56.8,2375.0,590.0,225.0,55.0,780.0,685.0,2.0,4795.0,355.0,7.4,4815.0,10.0,4815.0,785.0,2430.0,1680.0,755.0,2430.0,1010.0,0.0,4875.0,3935.0,330.0,4875.0,1205.0,145.0,4880.0,560.0,4860.0,4285.0,570.0,4760.0,3015.0,1745.0,2210.0,1660.0,4360.0,7.7,935.0,140.0,4815.0,525.0,675.0,1675.0,1745.0,4190,published,3935.0,published,0.14018691588785046,0.34787123572170303,0.3624091381100727,0.751131221719457,0.0740354535974974,0.077,0.31069958847736623,0.691358024691358,0.8816872427983539,0.6334033613445378,0.4156378600823045,1520.0,0.64,0.24842105263157896,0.09473684210526316,0.24717948717948718,0.029743589743589743,0.06769230769230769,0.9391408114558473,0.11475409836065574,4805.0,0.9979231568016614,0.16303219106957426,0.0,0.1497326203208556,0.10903426791277258,950.0,631.25,True
5350088.0,5350088.00,2021S05075350088.00,0088.00,True,3127.0,13613.4,0.23,47.6,1865.0,0.0,25.0,0.0,25.0,1775.0,1.7,3120.0,470.0,15.0,3125.0,35.0,3125.0,1175.0,1835.0,950.0,885.0,1835.0,1340.0,10.2,3070.0,2280.0,650.0,3070.0,1385.0,275.0,3075.0,1355.0,3050.0,2530.0,520.0,2985.0,1605.0,1380.0,1730.0,1270.0,2885.0,11.2,590.0,220.0,3125.0,155.0,845.0,1140.0,880.0,2905,published,2280.0,published,0.2704,0.3648,0.2816,0.7341040462427746,0.15064102564102563,0.11199999999999999,0.4822888283378747,0.5177111716621253,0.8295081967213115,0.5376884422110553,0.7302452316076294,1800.0,0.9651474530831099,0.0,0.013404825737265416,0.4511400651465798,0.08957654723127036,0.21172638436482086,0.7848537005163512,0.44065040650406506,3090.0,0.9888,0.376,0.102,0.3728813559322034,0.0496,7826.086956521739,5826.086956521739,True
5350089.0,5350089.00,2021S05075350089.00,0089.00,True,5349.0,16223.8,0.33,44.0,3225.0,20.0,55.0,10.0,95.0,2975.0,1.6,5095.0,1050.0,20.6,5355.0,65.0,5355.0,1820.0,3095.0,1585.0,1510.0,3095.0,2725.0,0.0,4830.0,3640.0,960.0,4830.0,1920.0,360.0,4830.0,1855.0,4815.0,3145.0,1670.0,4710.0,1880.0,2835.0,2915.0,2090.0,4580.0,11.3,1060.0,170.0,5350.0,185.0,1735.0,1830.0,1410.0,5030,published,3640.0,published,0.32429906542056075,0.34205607476635513,0.2635514018691589,0.7169811320754716,0.20608439646712462,0.113,0.4878836833602585,0.5121163166397416,0.6531671858774662,0.3991507430997877,0.8804523424878837,3080.0,0.9550387596899225,0.006201550387596899,0.017054263565891473,0.39751552795031053,0.07453416149068323,0.19875776397515527,0.7236580516898609,0.38405797101449274,5290.0,0.9878618113912232,0.33986928104575165,0.0,0.16037735849056603,0.03457943925233645,9333.333333333332,8257.575757575758,True
5350090.0,5350090.00,2021S05075350090.00,0090.00,True,4020.0,10231.6,0.39,51.2,2245.0,70.0,200.0,20.0,240.0,1480.0,1.7,3800.0,520.0,13.8,3885.0,60.0,3885.0,1040.0,2375.0,1300.0,1070.0,2375.0,1190.0,14.4,4060.0,3245.0,475.0,4060.0,1380.0,210.0,4060.0,970.0,4030.0,3410.0,620.0,3930.0,2375.0,1555.0,2350.0,1760.0,3755.0,9.4,1000.0,200.0,4020.0,235.0,875.0,1525.0,1245.0,3685,published,3245.0,published,0.21766169154228857,0.3793532338308458,0.30970149253731344,0.7489361702127659,0.1368421052631579,0.094,0.45052631578947366,0.5473684210526316,0.8461538461538461,0.6043256997455471,0.5010526315789474,1740.0,0.7750556792873051,0.031180400890868598,0.08908685968819599,0.3399014778325123,0.05172413793103448,0.11699507389162561,0.8805970149253731,0.23891625615763548,3825.0,0.9845559845559846,0.2676962676962677,0.14400000000000002,0.2,0.05845771144278607,4461.538461538461,3051.2820512820513,True
5350092.0,5350092.00,2021S05075350092.00,0092.00,True,6818.0,10894.9,0.63,35.6,3480.0,140.0,195.0,120.0,1695.0,1220.0,1.9,6655.0,720.0,10.8,6795.0,70.0,6795.0,1465.0,3485.0,930.0,2555.0,3485.0,200.0,1.2,6760.0,5245.0,780.0,6760.0,1640.0,350.0,6760.0,1920.0,6720.0,5225.0,1495.0,6580.0,3295.0,3280.0,4400.0,3150.0,6125.0,12.2,1825.0,545.0,6820.0,535.0,2615.0,2435.0,1000.0,6085,published,5245.0,published,0.38343108504398826,0.35703812316715544,0.1466275659824047,0.7159090909090909,0.10818933132982719,0.122,0.733142037302726,0.266857962697274,0.7775297619047619,0.5007598784194529,0.05738880918220947,3035.0,0.8721264367816092,0.040229885057471264,0.05603448275862069,0.24260355029585798,0.051775147928994084,0.11538461538461539,0.8619556285949055,0.28402366863905326,6725.0,0.9896983075791023,0.21559970566593084,0.012,0.29863013698630136,0.07844574780058651,4817.460317460317,317.46031746031747,True
5350093.0,5350093.00,2021S05075350093.00,0093.00,True,5358.0,8705.1,0.62,39.2,2220.0,220.0,520.0,130.0,1095.0,80.0,2.3,5140.0,500.0,9.7,5155.0,130.0,5155.0,1175.0,2210.0,1205.0,1010.0,2210.0,90.0,3.4,5030.0,3770.0,490.0,5030.0,1355.0,230.0,5030.0,1085.0,4975.0,4105.0,875.0,4800.0,3010.0,1795.0,3125.0,2185.0,4335.0,11.1,1180.0,270.0,5360.0,630.0,1475.0,2100.0,915.0,4505,published,3770.0,published,0.2751865671641791,0.3917910447761194,0.1707089552238806,0.6992,0.09727626459143969,0.111,0.45701357466063347,0.5452488687782805,0.8251256281407036,0.6270833333333333,0.04072398190045249,1305.0,0.5878378378378378,0.0990990990990991,0.23423423423423423,0.26938369781312127,0.04572564612326044,0.09741550695825049,0.8368479467258602,0.21570576540755468,5025.0,0.9747817652764307,0.22793404461687683,0.034,0.2288135593220339,0.11753731343283583,2104.8387096774195,145.16129032258064,True
5350094.0,5350094.00,2021S05075350094.00,0094.00,True,4699.0,7373.3,0.64,38.0,1960.0,385.0,375.0,200.0,880.0,10.0,2.4,4685.0,460.0,9.8,4700.0,335.0,4700.0,1625.0,2000.0,1085.0,910.0,2000.0,15.0,7.1,4855.0,3660.0,555.0,4855.0,1740.0,165.0,4855.0,1585.0,4815.0,4115.0,700.0,4680.0,3065.0,1610.0,3145.0,1700.0,4305.0,14.9,1460.0,375.0,4700.0,490.0,1385.0,1945.0,680.0,4040,published,3660.0,published,0.2946808510638298,0.41382978723404257,0.14468085106382977,0.5405405405405406,0.09818569903948772,0.149,0.455,0.5425,0.8546209761163032,0.6549145299145299,0.0075,1090.0,0.5561224489795918,0.19642857142857142,0.1913265306122449,0.3583934088568486,0.03398558187435633,0.11431513903192585,0.905940594059406,0.32646755921730175,4365.0,0.9287234042553192,0.34574468085106386,0.071,0.2568493150684932,0.10425531914893617,1703.125,23.4375,True
5350095.0,5350095.00,2021S05075350095.00,0095.00,True,2913.0,9253.5,0.31,38.8,1270.0,180.0,270.0,150.0,615.0,0.0,2.3,2905.0,280.0,9.6,2910.0,160.0,2910.0,960.0,1235.0,675.0,560.0,1235.0,0.0,0.0,2740.0,2100.0,260.0,2740.0,975.0,85.0,2745.0,790.0,2705.0,2370.0,335.0,2630.0,1805.0,825.0,1715.0,1045.0,2435.0,13.6,715.0,210.0,2915.0,285.0,850.0,1220.0,465.0,2545,published,2100.0,published,0.2915951972555746,0.41852487135506006,0.1595197255574614,0.60932944606414,0.0963855421686747,0.136,0.4534412955465587,0.5465587044534413,0.8761552680221811,0.6863117870722434,0.0,765.0,0.6023622047244095,0.14173228346456693,0.2125984251968504,0.35583941605839414,0.03102189781021898,0.0948905109489051,0.825147347740668,0.2877959927140255,2750.0,0.9450171821305842,0.32989690721649484,0.0,0.2937062937062937,0.09777015437392796,2467.741935483871,0.0,True
5350098.0,5350098.00,2021S05075350098.00,0098.00,True,6976.0,9734.9,0.72,38.8,3000.0,150.0,460.0,65.0,1675.0,490.0,2.3,6975.0,845.0,12.1,6980.0,365.0,6980.0,2360.0,3000.0,1580.0,1420.0,3000.0,515.0,30.0,6975.0,5130.0,695.0,6975.0,2505.0,180.0,6970.0,2405.0,6920.0,6130.0,790.0,6600.0,4410.0,2190.0,4505.0,2305.0,5925.0,12.8,1890.0,575.0,6975.0,790.0,1755.0,3000.0,925.0,5785,published,5130.0,published,0.25161290322580643,0.43010752688172044,0.13261648745519714,0.51165371809101,0.12114695340501792,0.128,0.47333333333333333,0.5266666666666666,0.8858381502890174,0.6681818181818182,0.17166666666666666,2230.0,0.7433333333333333,0.05,0.15333333333333332,0.35913978494623655,0.025806451612903226,0.0996415770609319,0.8867761452031115,0.3450502152080344,6615.0,0.9477077363896849,0.33810888252148996,0.3,0.30423280423280424,0.11326164874551971,3097.222222222222,715.2777777777778,True
5350099.0,5350099.00,2021S05075350099.00,0099.00,True,6282.0,10808.7,0.58,38.4,3090.0,325.0,305.0,155.0,835.0,1440.0,2.0,6250.0,800.0,12.8,6285.0,110.0,6285.0,2025.0,3080.0,1085.0,1990.0,3080.0,205.0,8.8,6275.0,4545.0,865.0,6275.0,1995.0,345.0,6275.0,1950.0,6235.0,5305.0,930.0,6045.0,3750.0,2295.0,4175.0,2580.0,5465.0,13.4,1815.0,715.0,6285.0,655.0,1680.0,2760.0,795.0,5315,published,4545.0,published,0.26730310262529833,0.43914081145584727,0.12649164677804295,0.6179640718562874,0.128,0.134,0.6461038961038961,0.3522727272727273,0.8508420208500401,0.6203473945409429,0.06655844155844155,2430.0,0.7864077669902912,0.10517799352750809,0.09870550161812297,0.3179282868525896,0.0549800796812749,0.13784860557768924,0.8551269990592663,0.3107569721115538,6175.0,0.9824980111376292,0.3221957040572792,0.08800000000000001,0.3939393939393939,0.10421638822593476,4189.6551724137935,353.448275862069,True
5350100.0,5350100.00,2021S05075350100.00,0100.00,True,2961.0,10360.4,0.29,39.6,1440.0,55.0,90.0,40.0,525.0,695.0,2.0,2845.0,300.0,10.6,2915.0,50.0,2915.0,645.0,1415.0,910.0,505.0,1415.0,720.0,4.9,2725.0,2160.0,190.0,2725.0,910.0,75.0,2725.0,895.0,2685.0,2255.0,430.0,2600.0,1570.0,1030.0,1895.0,1165.0,2405.0,13.8,785.0,215.0,2960.0,300.0,720.0,1380.0,365.0,2500,published,2160.0,published,0.24324324324324326,0.46621621621621623,0.12331081081081081,0.6147757255936676,0.1054481546572935,0.138,0.3568904593639576,0.6431095406360424,0.839851024208566,0.6038461538461538,0.508833922261484,1260.0,0.875,0.03819444444444445,0.0625,0.3339449541284404,0.027522935779816515,0.06972477064220184,0.864,0.3284403669724771,2865.0,0.9828473413379074,0.22126929674099485,0.049,0.27388535031847133,0.10135135135135136,4344.827586206897,2482.7586206896553,True
5350101.0,5350101.00,2021S05075350101.00,0101.00,True,3246.0,7603.7,0.43,37.6,1505.0,150.0,105.0,155.0,970.0,0.0,2.1,3190.0,290.0,9.1,3200.0,40.0,3200.0,635.0,1560.0,590.0,965.0,1560.0,55.0,0.0,3370.0,2615.0,175.0,3370.0,650.0,50.0,3370.0,610.0,3320.0,2880.0,440.0,3190.0,1900.0,1290.0,2235.0,1330.0,2855.0,13.1,940.0,180.0,3245.0,365.0,935.0,1415.0,365.0,2740,published,2615.0,published,0.288135593220339,0.43605546995377503,0.11248073959938366,0.5950782997762863,0.09090909090909091,0.131,0.6185897435897436,0.3782051282051282,0.8674698795180723,0.5956112852664577,0.035256410256410256,1125.0,0.7475083056478405,0.09966777408637874,0.06976744186046512,0.19287833827893175,0.01483679525222552,0.05192878338278932,0.9543795620437956,0.18100890207715134,3160.0,0.9875,0.1984375,0.0,0.19148936170212766,0.11248073959938366,2616.279069767442,127.90697674418605,True
5350103.0,5350103.00,2021S05075350103.00,0103.00,True,6195.0,7393.5,0.84,45.2,2645.0,880.0,170.0,165.0,645.0,750.0,2.3,5985.0,395.0,6.6,6195.0,35.0,6195.0,1350.0,2690.0,1905.0,785.0,2690.0,975.0,5.7,6100.0,4750.0,220.0,6100.0,1405.0,105.0,6095.0,1045.0,6020.0,5280.0,740.0,5760.0,3765.0,1995.0,3345.0,2410.0,5115.0,11.1,1190.0,315.0,6195.0,800.0,1085.0,2515.0,1440.0,5095,published,4750.0,published,0.1751412429378531,0.4059725585149314,0.2324455205811138,0.7204783258594918,0.06599832915622389,0.111,0.29182156133828996,0.70817843866171,0.8770764119601329,0.6536458333333334,0.362453531598513,1560.0,0.5897920604914934,0.332703213610586,0.06427221172022685,0.230327868852459,0.01721311475409836,0.036065573770491806,0.9322865554465162,0.17145200984413453,6160.0,0.9943502824858758,0.2179176755447942,0.057,0.2647058823529412,0.129136400322841,1857.142857142857,1160.7142857142858,True
5350104.0,5350104.00,2021S05075350104.00,0104.00,True,5476.0,7427.1,0.74,41.6,2055.0,1135.0,290.0,150.0,460.0,5.0,2.7,5470.0,235.0,4.4,5465.0,25.0,5465.0,1020.0,2085.0,1545.0,540.0,2085.0,30.0,0.0,5685.0,4080.0,255.0,5685.0,1190.0,125.0,5690.0,1055.0,5620.0,5240.0,375.0,5360.0,4010.0,1350.0,3180.0,2295.0,4570.0,10.4,1290.0,325.0,5475.0,1010.0,885.0,2455.0,760.0,4170,published,4080.0,published,0.16164383561643836,0.4484018264840183,0.13881278538812786,0.7216981132075472,0.04296160877513711,0.10400000000000001,0.2589928057553957,0.7410071942446043,0.9323843416370107,0.7481343283582089,0.014388489208633094,615.0,0.29927007299270075,0.5523114355231143,0.1411192214111922,0.20932277924362358,0.02198768689533861,0.044854881266490766,0.9784172661870504,0.18541300527240773,5440.0,0.9954254345837146,0.18664226898444647,0.0,0.25193798449612403,0.18447488584474886,831.081081081081,40.54054054054054,True
5350105.0,5350105.00,2021S05075350105.00,0105.00,True,4318.0,7840.9,0.55,40.0,1780.0,440.0,325.0,190.0,640.0,35.0,2.4,4300.0,340.0,8.0,4310.0,65.0,4310.0,915.0,1765.0,1130.0,640.0,1765.0,40.0,0.0,4230.0,3190.0,240.0,4230.0,960.0,50.0,4230.0,790.0,4185.0,3700.0,480.0,3995.0,2675.0,1320.0,2525.0,1520.0,3555.0,9.5,1195.0,320.0,4320.0,625.0,890.0,1920.0,600.0,3470,published,3190.0,published,0.20601851851851852,0.4444444444444444,0.1388888888888889,0.601980198019802,0.07906976744186046,0.095,0.3626062322946176,0.6402266288951841,0.8841099163679809,0.6695869837296621,0.0226628895184136,865.0,0.4859550561797753,0.24719101123595505,0.18258426966292135,0.22695035460992907,0.01182033096926714,0.05673758865248227,0.9193083573487032,0.1867612293144208,4245.0,0.9849187935034803,0.2122969837587007,0.0,0.26778242677824265,0.14467592592592593,1572.7272727272725,72.72727272727272,True
5350106.0,5350106.00,2021S05075350106.00,0106.00,True,3680.0,2669.2,1.38,40.4,1310.0,100.0,485.0,90.0,345.0,5.0,2.8,3670.0,300.0,8.2,3675.0,195.0,3675.0,1760.0,1290.0,870.0,420.0,1290.0,230.0,20.2,3685.0,2645.0,470.0,3685.0,1725.0,180.0,3690.0,2140.0,3645.0,3340.0,305.0,3520.0,2435.0,1090.0,2325.0,935.0,3155.0,15.8,1120.0,340.0,3680.0,425.0,935.0,1665.0,480.0,3090,published,2645.0,published,0.25407608695652173,0.452445652173913,0.13043478260869565,0.4021505376344086,0.08174386920980926,0.158,0.32558139534883723,0.6744186046511628,0.9163237311385459,0.6917613636363636,0.17829457364341086,440.0,0.33587786259541985,0.07633587786259542,0.3702290076335878,0.4681139755766621,0.048846675712347354,0.12754409769335143,0.8559870550161812,0.5799457994579946,3480.0,0.9469387755102041,0.47891156462585033,0.20199999999999999,0.30357142857142855,0.11548913043478261,318.84057971014494,166.66666666666669,True
5350107.0,5350107.00,2021S05075350107.00,0107.00,True,4851.0,6713.3,0.72,39.6,1735.0,370.0,665.0,140.0,515.0,0.0,2.8,4855.0,410.0,8.5,4850.0,405.0,4850.0,2200.0,1735.0,1260.0,470.0,1735.0,60.0,5.3,4850.0,3365.0,685.0,4850.0,2135.0,205.0,4850.0,1825.0,4790.0,4535.0,255.0,4590.0,3450.0,1145.0,2960.0,860.0,4145.0,13.4,1665.0,470.0,4850.0,595.0,1140.0,2140.0,670.0,3985,published,3365.0,published,0.23505154639175257,0.44123711340206184,0.13814432989690723,0.2905405405405405,0.08444902162718847,0.134,0.27089337175792505,0.7262247838616714,0.9467640918580376,0.7516339869281046,0.0345821325648415,655.0,0.37752161383285304,0.2132564841498559,0.38328530259365995,0.4402061855670103,0.042268041237113405,0.14123711340206185,0.8444165621079046,0.37628865979381443,4445.0,0.9164948453608247,0.4536082474226804,0.053,0.2822822822822823,0.12268041237113401,909.7222222222223,83.33333333333334,True
5350108.0,5350108.00,2021S05075350108.00,0108.00,True,5829.0,7833.6,0.74,38.8,2460.0,125.0,625.0,60.0,870.0,505.0,2.4,5825.0,995.0,17.0,5830.0,465.0,5830.0,2335.0,2460.0,1225.0,1230.0,2460.0,210.0,45.3,5825.0,4135.0,680.0,5825.0,2450.0,175.0,5830.0,2530.0,5750.0,5145.0,600.0,5505.0,3820.0,1680.0,3535.0,1060.0,4965.0,16.7,1595.0,495.0,5825.0,695.0,1400.0,2530.0,815.0,4805,published,4135.0,published,0.24034334763948498,0.43433476394849785,0.13991416309012875,0.29985855728429983,0.17081545064377682,0.16699999999999998,0.5,0.49796747967479676,0.8947826086956522,0.6939146230699365,0.08536585365853659,1435.0,0.5833333333333334,0.0508130081300813,0.2540650406504065,0.4206008583690987,0.030042918454935622,0.1167381974248927,0.8605619146722164,0.4339622641509434,5365.0,0.9202401372212693,0.40051457975986277,0.45299999999999996,0.3103448275862069,0.11931330472103004,1939.1891891891892,283.7837837837838,True
5350109.0,5350109.00,2021S05075350109.00,0109.00,True,5470.0,8681.2,0.63,38.0,2225.0,265.0,365.0,130.0,790.0,0.0,2.5,5470.0,425.0,7.8,5470.0,380.0,5470.0,2080.0,2190.0,1325.0,870.0,2190.0,685.0,6.9,5355.0,3885.0,565.0,5355.0,1830.0,175.0,5355.0,1660.0,5270.0,4675.0,595.0,5020.0,3120.0,1900.0,3435.0,1500.0,4505.0,10.3,1540.0,465.0,5470.0,590.0,1420.0,2350.0,725.0,4565,published,3885.0,published,0.2595978062157221,0.4296160877513711,0.13254113345521024,0.4366812227074236,0.07769652650822668,0.10300000000000001,0.3972602739726027,0.6050228310502284,0.8870967741935484,0.6215139442231076,0.3127853881278539,920.0,0.4134831460674157,0.11910112359550562,0.16404494382022472,0.34173669467787116,0.032679738562091505,0.10550887021475257,0.8510405257393209,0.3099906629318394,5090.0,0.9305301645338209,0.3802559414990859,0.069,0.30194805194805197,0.10786106032906764,1460.3174603174602,1087.3015873015872,True
5350110.0,5350110.00,2021S05075350110.00,0110.00,True,3491.0,6416.1,0.54,40.4,1410.0,285.0,290.0,220.0,540.0,0.0,2.5,3490.0,365.0,10.4,3490.0,255.0,3490.0,1485.0,1415.0,910.0,505.0,1415.0,65.0,6.9,3485.0,2500.0,420.0,3485.0,1305.0,100.0,3490.0,1045.0,3445.0,3000.0,450.0,3305.0,2260.0,1045.0,2195.0,1060.0,2985.0,10.2,1045.0,330.0,3490.0,375.0,810.0,1530.0,545.0,2935,published,2500.0,published,0.23209169054441262,0.4383954154727794,0.15616045845272206,0.48291571753986334,0.10458452722063037,0.102,0.3568904593639576,0.6431095406360424,0.8708272859216255,0.6838124054462935,0.045936395759717315,760.0,0.5390070921985816,0.20212765957446807,0.20567375886524822,0.3744619799139168,0.028694404591104734,0.12051649928263988,0.8517887563884157,0.2994269340974212,3235.0,0.9269340974212035,0.42550143266475643,0.069,0.3157894736842105,0.10744985673352435,1407.4074074074074,120.37037037037037,True
5350111.0,5350111.00,2021S05075350111.00,0111.00,True,2442.0,5388.3,0.45,41.2,905.0,200.0,350.0,60.0,265.0,0.0,2.7,2440.0,160.0,6.6,2440.0,255.0,2440.0,1150.0,905.0,680.0,220.0,905.0,10.0,0.0,2490.0,1695.0,370.0,2490.0,1110.0,105.0,2485.0,595.0,2465.0,2245.0,215.0,2360.0,1765.0,590.0,1455.0,465.0,2120.0,13.0,815.0,205.0,2445.0,270.0,535.0,1040.0,410.0,2025,published,1695.0,published,0.21881390593047034,0.42535787321063395,0.16768916155419222,0.31958762886597936,0.06557377049180328,0.13,0.2430939226519337,0.7513812154696132,0.9107505070993914,0.7478813559322034,0.011049723756906077,325.0,0.35911602209944754,0.22099447513812154,0.3867403314917127,0.4457831325301205,0.04216867469879518,0.14859437751004015,0.837037037037037,0.23943661971830985,2185.0,0.8954918032786885,0.4713114754098361,0.0,0.25153374233128833,0.11042944785276074,722.2222222222222,22.22222222222222,True
5350112.0,5350112.00,2021S05075350112.00,0112.00,True,4761.0,9489.7,0.5,40.0,1845.0,475.0,560.0,115.0,645.0,0.0,2.6,4745.0,405.0,8.5,4755.0,425.0,4755.0,2205.0,1845.0,1235.0,610.0,1845.0,0.0,3.3,4700.0,3255.0,715.0,4700.0,1890.0,210.0,4695.0,1310.0,4685.0,4170.0,510.0,4465.0,3070.0,1390.0,2845.0,1120.0,4050.0,11.9,1520.0,490.0,4760.0,515.0,1130.0,2025.0,745.0,3990,published,3255.0,published,0.23739495798319327,0.4254201680672269,0.1565126050420168,0.3936731107205624,0.08535300316122234,0.11900000000000001,0.33062330623306235,0.6693766937669376,0.8900747065101388,0.6875699888017918,0.0,760.0,0.41192411924119243,0.25745257452574527,0.3035230352303523,0.4021276595744681,0.04468085106382979,0.15212765957446808,0.8157894736842105,0.2790202342917998,4330.0,0.9106203995793901,0.4637223974763407,0.033,0.3223684210526316,0.10819327731092437,1520.0,0.0,True
5350113.0,5350113.00,2021S05075350113.00,0113.00,True,2521.0,6594.3,0.38,39.2,1040.0,270.0,55.0,165.0,545.0,0.0,2.4,2505.0,210.0,8.5,2505.0,45.0,2505.0,670.0,1055.0,480.0,580.0,1055.0,15.0,0.0,2525.0,1900.0,235.0,2525.0,685.0,80.0,2525.0,605.0,2505.0,2250.0,250.0,2415.0,1675.0,740.0,1495.0,730.0,2205.0,9.9,770.0,175.0,2520.0,310.0,700.0,980.0,395.0,2110,published,1900.0,published,0.2777777777777778,0.3888888888888889,0.15674603174603174,0.4882943143812709,0.08383233532934131,0.099,0.5497630331753555,0.4549763033175355,0.8982035928143712,0.6935817805383023,0.014218009478672985,710.0,0.6826923076923077,0.25961538461538464,0.052884615384615384,0.2712871287128713,0.031683168316831684,0.09306930693069307,0.9004739336492891,0.2396039603960396,2460.0,0.9820359281437125,0.26746506986027946,0.0,0.22727272727272727,0.12301587301587301,1868.421052631579,39.473684210526315,True
5350114.0,5350114.00,2021S05075350114.00,0114.00,True,5164.0,8267.7,0.62,43.6,2330.0,415.0,300.0,125.0,795.0,685.0,2.1,4965.0,615.0,12.4,5100.0,165.0,5100.0,1395.0,2325.0,1125.0,1200.0,2325.0,355.0,20.4,4900.0,3755.0,370.0,4900.0,1570.0,165.0,4895.0,1150.0,4865.0,4230.0,635.0,4695.0,3210.0,1485.0,2685.0,1580.0,4240.0,12.2,1150.0,330.0,5165.0,585.0,1095.0,1935.0,1275.0,4350,published,3755.0,published,0.21200387221684414,0.37463697967086157,0.2468538238141336,0.5884543761638734,0.12386706948640483,0.122,0.5161290322580645,0.4838709677419355,0.869475847893114,0.6837060702875399,0.15268817204301074,1605.0,0.6888412017167382,0.1781115879828326,0.12875536480686695,0.32040816326530613,0.0336734693877551,0.07551020408163266,0.8632183908045977,0.23493360572012256,4935.0,0.9676470588235294,0.2735294117647059,0.204,0.28695652173913044,0.1132623426911907,2588.7096774193546,572.5806451612904,True
5350115.0,5350115.00,2021S05075350115.00,0115.00,True,4219.0,11170.2,0.38,44.4,1620.0,140.0,350.0,135.0,650.0,90.0,2.4,3865.0,395.0,10.3,4145.0,300.0,4145.0,1465.0,1655.0,815.0,835.0,1655.0,35.0,26.9,3970.0,3015.0,370.0,3970.0,1610.0,120.0,3975.0,1675.0,3960.0,3650.0,315.0,3795.0,2725.0,1070.0,2545.0,1110.0,3450.0,14.4,1105.0,260.0,4220.0,405.0,935.0,1680.0,1000.0,3650,published,3015.0,published,0.22156398104265404,0.3981042654028436,0.23696682464454977,0.4361493123772102,0.10219922380336352,0.14400000000000002,0.5045317220543807,0.49244712990936557,0.9217171717171717,0.7180500658761528,0.021148036253776436,875.0,0.5401234567901234,0.08641975308641975,0.21604938271604937,0.40554156171284633,0.030226700251889168,0.09319899244332494,0.826027397260274,0.42138364779874216,3845.0,0.9276236429433052,0.353437876960193,0.26899999999999996,0.23529411764705882,0.09597156398104266,2302.6315789473683,92.10526315789474,True
5350116.0,5350116.00,2021S05075350116.00,0116.00,True,4445.0,6535.8,0.68,42.8,1835.0,360.0,240.0,80.0,520.0,580.0,2.2,3990.0,440.0,11.0,4000.0,90.0,4000.0,945.0,1795.0,980.0,815.0,1795.0,345.0,12.9,3925.0,2880.0,355.0,3925.0,1145.0,155.0,3925.0,1050.0,3880.0,3465.0,415.0,3715.0,2480.0,1240.0,2335.0,1535.0,3345.0,10.8,895.0,350.0,4435.0,490.0,980.0,1630.0,1085.0,3740,published,2880.0,published,0.2209695603156708,0.36753100338218714,0.24464487034949267,0.6573875802997858,0.11027568922305764,0.10800000000000001,0.45403899721448465,0.5459610027855153,0.8930412371134021,0.6675639300134589,0.19220055710306408,1180.0,0.6430517711171662,0.19618528610354224,0.1307901907356948,0.2917197452229299,0.03949044585987261,0.09044585987261146,0.7700534759358288,0.267515923566879,3910.0,0.9775,0.23625,0.129,0.39106145251396646,0.1104847801578354,1735.2941176470588,507.35294117647055,True
5350117.0,5350117.00,2021S05075350117.00,0117.00,True,2518.0,6321.9,0.4,38.8,1270.0,125.0,160.0,25.0,320.0,500.0,2.0,2515.0,280.0,11.1,2520.0,15.0,2520.0,415.0,1275.0,705.0,575.0,1275.0,385.0,26.3,2510.0,2005.0,140.0,2510.0,615.0,70.0,2510.0,605.0,2505.0,2165.0,335.0,2425.0,1315.0,1105.0,1555.0,1120.0,2180.0,11.2,540.0,105.0,2520.0,260.0,715.0,1010.0,410.0,2150,published,2005.0,published,0.2837301587301587,0.4007936507936508,0.1626984126984127,0.7202572347266881,0.11133200795228629,0.11199999999999999,0.45098039215686275,0.5529411764705883,0.8642714570858283,0.5422680412371134,0.30196078431372547,845.0,0.6653543307086615,0.0984251968503937,0.12598425196850394,0.2450199203187251,0.027888446215139442,0.055776892430278883,0.9325581395348838,0.2410358565737052,2505.0,0.9940476190476191,0.16468253968253968,0.263,0.19444444444444445,0.10317460317460317,2112.5,962.5,True
5350118.0,5350118.00,2021S05075350118.00,0118.00,True,3995.0,5732.5,0.7,50.0,2020.0,325.0,60.0,65.0,420.0,1125.0,2.0,3940.0,365.0,9.3,3945.0,20.0,3945.0,810.0,2045.0,725.0,1320.0,2045.0,405.0,4.5,4105.0,3325.0,305.0,4105.0,1055.0,115.0,4105.0,850.0,4065.0,3580.0,490.0,3970.0,2485.0,1485.0,2025.0,1515.0,3685.0,10.9,880.0,240.0,3995.0,315.0,925.0,1270.0,1285.0,3530,published,3325.0,published,0.23153942428035043,0.31789737171464333,0.3216520650813517,0.7481481481481481,0.09263959390862944,0.109,0.6454767726161369,0.3545232273838631,0.8806888068880688,0.6259445843828715,0.1980440097799511,1610.0,0.7970297029702971,0.1608910891089109,0.0297029702970297,0.2570036540803898,0.028014616321559074,0.07429963459196103,0.9419263456090652,0.20706455542021923,3925.0,0.9949302915082383,0.20532319391634982,0.045,0.2727272727272727,0.07884856070087609,2300.0,578.5714285714286,True
5350119.0,5350119.00,2021S05075350119.00,0119.00,True,4856.0,5720.3,0.85,48.8,2455.0,435.0,40.0,45.0,400.0,1500.0,2.0,4795.0,515.0,10.8,4795.0,30.0,4795.0,1090.0,2490.0,1115.0,1370.0,2490.0,795.0,1.1,4735.0,3770.0,485.0,4735.0,1505.0,165.0,4730.0,1235.0,4710.0,4190.0,520.0,4615.0,2820.0,1795.0,2620.0,1775.0,4310.0,11.3,1195.0,295.0,4855.0,470.0,1105.0,1710.0,1355.0,4255,published,3770.0,published,0.22760041194644695,0.35221421215242016,0.27909371781668385,0.6774809160305344,0.10740354535974973,0.113,0.5502008032128514,0.44779116465863456,0.8895966029723992,0.6110509209100758,0.3192771084337349,1945.0,0.7922606924643585,0.17718940936863545,0.016293279022403257,0.31784582893347413,0.03484688489968321,0.10242872228088701,0.8860164512338425,0.26109936575052856,4765.0,0.9937434827945777,0.2273201251303441,0.011000000000000001,0.24686192468619247,0.09680741503604531,2288.2352941176473,935.2941176470589,True
5350120.0,5350120.00,2021S05075350120.00,0120.00,True,1418.0,5483.4,0.26,44.8,630.0,70.0,150.0,10.0,155.0,85.0,2.3,1420.0,105.0,7.6,1415.0,0.0,1415.0,190.0,615.0,465.0,150.0,615.0,95.0,0.0,1390.0,1045.0,85.0,1390.0,290.0,20.0,1390.0,205.0,1370.0,1265.0,115.0,1295.0,910.0,390.0,715.0,560.0,1130.0,6.0,265.0,45.0,1415.0,210.0,225.0,585.0,305.0,1125,published,1045.0,published,0.15901060070671377,0.4134275618374558,0.21554770318021202,0.7832167832167832,0.07394366197183098,0.06,0.24390243902439024,0.7560975609756098,0.9233576642335767,0.7027027027027027,0.15447154471544716,250.0,0.3968253968253968,0.1111111111111111,0.23809523809523808,0.20863309352517986,0.014388489208633094,0.06115107913669065,0.9288888888888889,0.1474820143884892,1415.0,1.0,0.13427561837455831,0.0,0.16981132075471697,0.14840989399293286,961.5384615384615,365.38461538461536,True
5350121.0,5350121.00,2021S05075350121.00,0121.00,True,3183.0,10702.8,0.3,50.8,1760.0,115.0,125.0,30.0,200.0,1280.0,1.8,3075.0,305.0,9.9,3135.0,15.0,3135.0,615.0,1710.0,970.0,735.0,1710.0,1010.0,0.0,3005.0,2425.0,265.0,3005.0,865.0,130.0,3000.0,595.0,2960.0,2315.0,645.0,2890.0,1280.0,1610.0,1555.0,1180.0,2720.0,5.9,660.0,130.0,3185.0,255.0,680.0,1110.0,1025.0,2835,published,2425.0,published,0.21350078492935637,0.34850863422291994,0.3218210361067504,0.7588424437299035,0.0991869918699187,0.059000000000000004,0.4298245614035088,0.5672514619883041,0.7820945945945946,0.4429065743944637,0.5906432748538012,1510.0,0.8579545454545454,0.06534090909090909,0.07102272727272728,0.2878535773710483,0.04326123128119801,0.08818635607321132,0.855379188712522,0.19833333333333333,3120.0,0.9952153110047847,0.19617224880382775,0.0,0.19696969696969696,0.08006279434850863,5033.333333333334,3366.666666666667,True
5350122.0,5350122.00,2021S05075350122.00,0122.00,True,6199.0,11613.0,0.53,47.2,3435.0,335.0,170.0,85.0,960.0,1845.0,1.8,6200.0,585.0,9.4,6200.0,50.0,6200.0,1400.0,3485.0,1375.0,2110.0,3485.0,1000.0,1.7,6250.0,4990.0,615.0,6250.0,1725.0,300.0,6250.0,1405.0,6205.0,5295.0,910.0,6060.0,3520.0,2545.0,3535.0,2535.0,5680.0,8.9,1480.0,410.0,6200.0,545.0,1365.0,2330.0,1700.0,5460,published,4990.0,published,0.22016129032258064,0.3758064516129032,0.27419354838709675,0.7171145685997171,0.09435483870967742,0.08900000000000001,0.6054519368723099,0.3945480631276901,0.8533440773569702,0.5808580858085809,0.28694404591104733,2890.0,0.8413391557496361,0.0975254730713246,0.049490538573508006,0.276,0.048,0.0984,0.9139194139194139,0.2248,6150.0,0.9919354838709677,0.22580645161290322,0.017,0.27702702702702703,0.08790322580645162,5452.830188679245,1886.7924528301885,True
5350123.0,5350123.00,2021S05075350123.00,0123.00,True,2377.0,31693.3,0.08,36.8,1400.0,10.0,0.0,0.0,10.0,1375.0,1.6,2260.0,320.0,14.2,2380.0,30.0,2380.0,810.0,1400.0,45.0,1360.0,1400.0,30.0,0.0,2260.0,1545.0,530.0,2260.0,855.0,280.0,2260.0,985.0,2235.0,1685.0,550.0,2190.0,960.0,1235.0,1690.0,970.0,2055.0,11.4,760.0,300.0,2375.0,140.0,850.0,945.0,355.0,2145,published,1545.0,published,0.35789473684210527,0.39789473684210525,0.14947368421052631,0.5739644970414202,0.1415929203539823,0.114,0.9714285714285714,0.03214285714285714,0.7539149888143176,0.4383561643835616,0.02142857142857143,1385.0,0.9892857142857143,0.007142857142857143,0.0,0.37831858407079644,0.12389380530973451,0.2345132743362832,0.7202797202797203,0.4358407079646018,2350.0,0.9873949579831933,0.3403361344537815,0.0,0.39473684210526316,0.05894736842105263,17312.5,375.0,True
5350124.0,5350124.00,2021S05075350124.00,0124.00,True,5529.0,10027.2,0.55,50.8,3200.0,115.0,65.0,75.0,290.0,2500.0,1.7,5375.0,550.0,10.2,5530.0,40.0,5530.0,1430.0,3195.0,1035.0,2160.0,3195.0,880.0,0.0,5250.0,4170.0,710.0,5250.0,1715.0,335.0,5255.0,1180.0,5230.0,4425.0,805.0,5110.0,2860.0,2255.0,2845.0,1935.0,4865.0,11.1,1100.0,440.0,5530.0,365.0,1075.0,2060.0,1765.0,4990,published,4170.0,published,0.19439421338155516,0.37251356238698013,0.3191681735985534,0.680140597539543,0.10232558139534884,0.111,0.676056338028169,0.323943661971831,0.8460803059273423,0.5596868884540117,0.27543035993740217,2865.0,0.8953125,0.0359375,0.0203125,0.32666666666666666,0.06380952380952382,0.13523809523809524,0.8356713426853707,0.22454804947668885,5490.0,0.9927667269439421,0.2585895117540687,0.0,0.4,0.06600361663652803,5209.090909090909,1599.9999999999998,True
5350125.0,5350125.00,2021S05075350125.00,0125.00,True,4270.0,3812.2,1.12,43.2,1540.0,1045.0,125.0,115.0,240.0,5.0,2.8,4265.0,245.0,5.8,4270.0,10.0,4270.0,535.0,1545.0,1270.0,280.0,1545.0,0.0,0.0,4385.0,3005.0,290.0,4385.0,795.0,130.0,4390.0,725.0,4365.0,4065.0,300.0,4195.0,3190.0,1010.0,2030.0,1760.0,3490.0,8.0,680.0,100.0,4265.0,840.0,645.0,1735.0,785.0,3235,published,3005.0,published,0.15123094958968347,0.406799531066823,0.18405627198124266,0.8669950738916257,0.05744431418522861,0.08,0.18122977346278318,0.8220064724919094,0.9312714776632303,0.7604290822407628,0.0,360.0,0.23376623376623376,0.6785714285714286,0.08116883116883117,0.18129988597491448,0.029646522234891677,0.0661345496009122,0.9289026275115919,0.16514806378132119,4260.0,0.9976580796252927,0.1252927400468384,0.0,0.14705882352941177,0.1969519343493552,321.4285714285714,0.0,True
5350126.0,5350126.00,2021S05075350126.00,0126.00,True,4164.0,2873.1,1.45,42.8,1670.0,580.0,610.0,50.0,250.0,150.0,2.5,4170.0,245.0,5.8,4165.0,25.0,4165.0,745.0,1705.0,1185.0,515.0,1705.0,65.0,3.9,4325.0,3060.0,230.0,4325.0,990.0,115.0,4320.0,1035.0,4285.0,3850.0,435.0,4085.0,3030.0,1065.0,2245.0,1665.0,3440.0,9.9,860.0,140.0,4165.0,720.0,655.0,1800.0,680.0,3185,published,3060.0,published,0.15726290516206481,0.43217286914765907,0.16326530612244897,0.7416481069042317,0.05875299760191847,0.099,0.3020527859237537,0.6950146627565983,0.8984830805134189,0.7417380660954712,0.03812316715542522,450.0,0.2694610778443114,0.3473053892215569,0.3652694610778443,0.22890173410404624,0.026589595375722544,0.05317919075144509,0.9607535321821036,0.23958333333333334,4140.0,0.9939975990396158,0.1788715486194478,0.039,0.16279069767441862,0.17286914765906364,310.3448275862069,44.827586206896555,True
5350127.0,5350127.00,2021S05075350127.00,0127.00,True,5293.0,7147.9,0.74,42.0,2125.0,795.0,655.0,40.0,195.0,440.0,2.5,5295.0,300.0,5.6,5290.0,40.0,5290.0,1130.0,2095.0,1390.0,705.0,2095.0,55.0,0.0,5135.0,3595.0,445.0,5135.0,1310.0,230.0,5135.0,1360.0,5095.0,4590.0,505.0,4845.0,3375.0,1465.0,2845.0,2120.0,4160.0,10.1,1025.0,200.0,5290.0,955.0,880.0,2370.0,770.0,4070,published,3595.0,published,0.166351606805293,0.44801512287334594,0.14555765595463138,0.7451669595782073,0.056657223796033995,0.10099999999999999,0.33651551312649164,0.6634844868735084,0.900883218842002,0.6965944272445821,0.026252983293556086,675.0,0.3176470588235294,0.37411764705882355,0.30823529411764705,0.25511197663096397,0.044790652385589096,0.0866601752677702,0.8832923832923832,0.26484907497565724,5250.0,0.9924385633270322,0.21361058601134217,0.0,0.1951219512195122,0.18052930056710775,912.1621621621622,74.32432432432432,True
5350129.0,5350129.00,2021S05075350129.00,0129.00,True,5642.0,6083.7,0.93,39.2,2565.0,800.0,95.0,205.0,945.0,500.0,2.2,5630.0,455.0,8.1,5635.0,45.0,5635.0,1250.0,2525.0,1105.0,1420.0,2525.0,440.0,2.8,5695.0,4110.0,685.0,5695.0,1435.0,295.0,5695.0,1265.0,5660.0,4875.0,790.0,5500.0,3325.0,2180.0,3280.0,2390.0,4935.0,11.4,1315.0,335.0,5645.0,780.0,1385.0,2265.0,910.0,4640,published,4110.0,published,0.24534986713906112,0.4012400354295837,0.1612046058458813,0.7286585365853658,0.08081705150976909,0.114,0.5623762376237624,0.4376237623762376,0.8613074204946997,0.6045454545454545,0.17425742574257425,1650.0,0.6432748538011696,0.31189083820662766,0.037037037037037035,0.25197541703248466,0.05179982440737489,0.1202809482001756,0.8857758620689655,0.2221246707638279,5590.0,0.9920141969831411,0.22182786157941436,0.027999999999999997,0.25475285171102663,0.13817537643932684,1774.1935483870966,473.1182795698924,True
5350130.0,5350130.00,2021S05075350130.00,0130.00,True,3355.0,2623.1,1.28,46.0,1250.0,825.0,35.0,45.0,270.0,75.0,2.7,3325.0,245.0,7.5,3355.0,35.0,3355.0,720.0,1240.0,860.0,385.0,1240.0,25.0,0.0,3450.0,2375.0,410.0,3450.0,920.0,165.0,3450.0,815.0,3425.0,3125.0,305.0,3345.0,2135.0,1210.0,1720.0,1245.0,2875.0,8.8,785.0,110.0,3355.0,555.0,700.0,1285.0,675.0,2705,published,2375.0,published,0.20864381520119224,0.3830104321907601,0.20119225037257824,0.7238372093023255,0.07368421052631578,0.08800000000000001,0.31048387096774194,0.6935483870967742,0.9124087591240876,0.6382660687593423,0.020161290322580645,390.0,0.312,0.66,0.028,0.26666666666666666,0.04782608695652174,0.11884057971014493,0.878003696857671,0.23623188405797102,3320.0,0.9895678092399404,0.21460506706408347,0.0,0.14012738853503184,0.16542473919523099,304.6875,19.53125,True
5350131.0,5350131.00,2021S05075350131.00,0131.00,True,5258.0,5034.5,1.04,45.6,2330.0,855.0,35.0,25.0,490.0,890.0,2.3,5265.0,475.0,9.0,5260.0,60.0,5260.0,1115.0,2270.0,1290.0,975.0,2270.0,585.0,0.0,5070.0,3740.0,570.0,5070.0,1305.0,270.0,5065.0,1110.0,5025.0,4510.0,515.0,4890.0,3150.0,1740.0,2590.0,1825.0,4400.0,9.0,1340.0,250.0,5260.0,735.0,1045.0,1995.0,1240.0,4340,published,3740.0,published,0.19866920152091255,0.37927756653992395,0.23574144486692014,0.7046332046332047,0.09021842355175688,0.09,0.42951541850220265,0.5682819383259912,0.8975124378109453,0.6441717791411042,0.2577092511013216,1405.0,0.6030042918454935,0.3669527896995708,0.015021459227467811,0.257396449704142,0.05325443786982249,0.11242603550295859,0.8617511520737328,0.21915103652517276,5200.0,0.9885931558935361,0.21197718631178708,0.0,0.1865671641791045,0.1397338403041825,1350.9615384615383,562.5,True
5350132.0,5350132.00,2021S05075350132.00,0132.00,True,5350.0,5786.3,0.92,41.6,2010.0,860.0,5.0,100.0,230.0,790.0,2.7,5335.0,410.0,7.7,5335.0,70.0,5335.0,1540.0,2000.0,1045.0,950.0,2000.0,145.0,4.7,5140.0,3535.0,615.0,5140.0,1810.0,320.0,5135.0,1345.0,5075.0,4660.0,415.0,4885.0,3545.0,1340.0,2790.0,1845.0,4310.0,10.1,1655.0,450.0,5350.0,875.0,1065.0,2170.0,890.0,4215,published,3535.0,published,0.19906542056074766,0.405607476635514,0.16635514018691588,0.6612903225806451,0.07685098406747891,0.10099999999999999,0.475,0.5225,0.9182266009852217,0.7256908904810645,0.0725,1120.0,0.5572139303482587,0.42786069651741293,0.0024875621890547263,0.3521400778210117,0.0622568093385214,0.11964980544747082,0.8386714116251482,0.2619279454722493,5265.0,0.9868791002811621,0.28865979381443296,0.047,0.2719033232628399,0.16355140186915887,1217.391304347826,157.6086956521739,True
5350133.0,5350133.00,2021S05075350133.00,0133.00,True,7082.0,10609.7,0.67,44.4,3240.0,600.0,5.0,5.0,140.0,2485.0,2.2,6960.0,920.0,13.2,7080.0,105.0,7080.0,2735.0,3250.0,790.0,2460.0,3250.0,325.0,9.3,7150.0,4795.0,1395.0,7150.0,2985.0,565.0,7155.0,2440.0,7105.0,6395.0,710.0,6820.0,4495.0,2320.0,3895.0,2200.0,6095.0,12.6,2160.0,705.0,7085.0,880.0,1390.0,2860.0,1535.0,5900,published,4795.0,published,0.1961891319689485,0.4036697247706422,0.21665490472829924,0.5648267008985879,0.13218390804597702,0.126,0.7569230769230769,0.24307692307692308,0.900070372976777,0.6590909090909091,0.1,2630.0,0.8117283950617284,0.18518518518518517,0.0015432098765432098,0.41748251748251747,0.07902097902097902,0.1951048951048951,0.8127118644067797,0.34102026554856746,6975.0,0.9851694915254238,0.3862994350282486,0.09300000000000001,0.3263888888888889,0.12420606916019761,3925.373134328358,485.07462686567163,True
5350134.0,5350134.00,2021S05075350134.00,0134.00,True,2911.0,6980.8,0.42,40.0,1020.0,750.0,5.0,105.0,145.0,5.0,2.8,2855.0,155.0,5.4,2855.0,20.0,2855.0,540.0,1040.0,750.0,295.0,1040.0,10.0,0.0,2865.0,1955.0,235.0,2865.0,645.0,110.0,2870.0,620.0,2835.0,2535.0,305.0,2660.0,1860.0,800.0,1495.0,1170.0,2270.0,8.9,570.0,95.0,2915.0,525.0,510.0,1170.0,460.0,2200,published,1955.0,published,0.17495711835334476,0.4013722126929674,0.15780445969125215,0.782608695652174,0.0542907180385289,0.08900000000000001,0.28365384615384615,0.7211538461538461,0.8941798941798942,0.6992481203007519,0.009615384615384616,255.0,0.25,0.7352941176470589,0.004901960784313725,0.225130890052356,0.038394415357766144,0.08202443280977312,0.8886363636363637,0.21602787456445993,2835.0,0.9929947460595446,0.18914185639229422,0.0,0.16666666666666666,0.18010291595197256,607.1428571428571,23.80952380952381,True
5350135.0,5350135.00,2021S05075350135.00,0135.00,True,6782.0,9469.4,0.72,38.4,3430.0,585.0,375.0,85.0,475.0,1880.0,2.0,6780.0,845.0,12.5,6780.0,90.0,6780.0,1985.0,3470.0,1125.0,2345.0,3470.0,415.0,4.9,6715.0,4470.0,1220.0,6715.0,2270.0,525.0,6710.0,2475.0,6645.0,5320.0,1330.0,6415.0,3580.0,2835.0,4210.0,2915.0,5750.0,11.6,1630.0,590.0,6780.0,825.0,1835.0,2705.0,1040.0,5650,published,4470.0,published,0.27064896755162243,0.39896755162241887,0.15339233038348082,0.6923990498812351,0.12463126843657817,0.11599999999999999,0.6757925072046109,0.3242074927953891,0.800601956358164,0.5580670303975058,0.11959654178674352,2440.0,0.7113702623906706,0.17055393586005832,0.10932944606413994,0.3380491437081162,0.0781831720029784,0.18168279970215934,0.7911504424778761,0.36885245901639346,6690.0,0.9867256637168141,0.29277286135693215,0.049,0.3619631901840491,0.12168141592920353,3388.888888888889,576.3888888888889,True
5350137.0,5350137.00,2021S05075350137.00,0137.00,True,6916.0,7565.1,0.91,42.4,3375.0,775.0,335.0,60.0,540.0,1570.0,2.1,6910.0,815.0,11.8,6910.0,130.0,6910.0,1920.0,3375.0,1370.0,2005.0,3375.0,390.0,13.3,6910.0,4925.0,955.0,6910.0,2320.0,490.0,6910.0,2350.0,6850.0,5900.0,950.0,6595.0,3935.0,2660.0,3955.0,2740.0,5990.0,11.5,1680.0,465.0,6915.0,825.0,1580.0,2825.0,1335.0,5805,published,4925.0,published,0.2284887924801157,0.40853217642805495,0.19305856832971802,0.6927939317319848,0.11794500723589002,0.115,0.5940740740740741,0.4059259259259259,0.8613138686131386,0.5966641394996209,0.11555555555555555,2170.0,0.642962962962963,0.22962962962962963,0.09925925925925926,0.3357452966714906,0.07091172214182344,0.138205499276411,0.8484065460809647,0.34008683068017365,6780.0,0.9811866859623734,0.2778581765557164,0.133,0.2767857142857143,0.1193058568329718,2384.6153846153848,428.57142857142856,True
5350138.0,5350138.00,2021S05075350138.00,0138.00,True,3010.0,3117.6,0.97,45.6,1135.0,735.0,5.0,5.0,255.0,135.0,2.7,3005.0,260.0,8.6,3010.0,25.0,3010.0,595.0,1140.0,785.0,355.0,1140.0,105.0,23.9,2975.0,2235.0,200.0,2975.0,695.0,115.0,2975.0,660.0,2970.0,2590.0,375.0,2920.0,1875.0,1045.0,1495.0,1180.0,2575.0,10.1,615.0,185.0,3010.0,525.0,630.0,1125.0,620.0,2395,published,2235.0,published,0.20930232558139536,0.37375415282392027,0.2059800664451827,0.7892976588628763,0.08652246256239601,0.10099999999999999,0.31140350877192985,0.6885964912280702,0.8720538720538721,0.6421232876712328,0.09210526315789473,395.0,0.34801762114537443,0.6475770925110133,0.004405286343612335,0.23361344537815126,0.03865546218487395,0.06722689075630252,0.9331941544885177,0.2218487394957983,2985.0,0.9916943521594684,0.19767441860465115,0.239,0.3008130081300813,0.1744186046511628,407.21649484536084,108.24742268041237,True
5350140.0,5350140.00,2021S05075350140.00,0140.00,True,2341.0,4092.7,0.57,45.2,780.0,640.0,0.0,45.0,75.0,0.0,3.0,2340.0,105.0,4.4,2335.0,10.0,2335.0,330.0,780.0,660.0,125.0,780.0,10.0,0.0,2265.0,1700.0,155.0,2265.0,470.0,60.0,2270.0,440.0,2265.0,2025.0,240.0,2230.0,1685.0,540.0,1150.0,900.0,1970.0,10.6,480.0,70.0,2340.0,410.0,480.0,940.0,410.0,1850,published,1700.0,published,0.20512820512820512,0.4017094017094017,0.1752136752136752,0.782608695652174,0.04487179487179487,0.106,0.16025641025641027,0.8461538461538461,0.8940397350993378,0.7556053811659192,0.01282051282051282,120.0,0.15384615384615385,0.8205128205128205,0.0,0.20750551876379691,0.026490066225165563,0.0684326710816777,0.918918918918919,0.19383259911894274,2325.0,0.9957173447537473,0.14132762312633834,0.0,0.14583333333333334,0.1752136752136752,210.5263157894737,17.54385964912281,True
5350142.0,5350142.00,2021S05075350142.00,0142.00,True,5589.0,5354.0,1.04,43.6,2175.0,1195.0,195.0,80.0,525.0,160.0,2.6,5535.0,365.0,6.6,5590.0,60.0,5590.0,1165.0,2185.0,1445.0,735.0,2185.0,105.0,12.2,5475.0,3870.0,430.0,5475.0,1430.0,240.0,5475.0,1540.0,5440.0,4895.0,545.0,5260.0,3670.0,1590.0,2900.0,2285.0,4450.0,11.0,1070.0,265.0,5590.0,1075.0,930.0,2360.0,950.0,4290,published,3870.0,published,0.16636851520572452,0.4221824686940966,0.16994633273703041,0.7879310344827586,0.06594399277326106,0.11,0.33638443935926776,0.6613272311212814,0.8998161764705882,0.6977186311787072,0.04805491990846682,765.0,0.35172413793103446,0.5494252873563218,0.0896551724137931,0.26118721461187216,0.043835616438356165,0.07853881278538813,0.9020979020979021,0.28127853881278536,5530.0,0.9892665474060823,0.20840787119856888,0.122,0.24766355140186916,0.19230769230769232,735.5769230769231,100.96153846153845,True
5350150.0,5350150.00,2021S05075350150.00,0150.00,True,4210.0,3930.9,1.07,42.8,1585.0,1160.0,45.0,80.0,265.0,35.0,2.7,4210.0,240.0,5.8,4210.0,25.0,4210.0,835.0,1580.0,1230.0,350.0,1580.0,20.0,5.6,4170.0,3090.0,195.0,4170.0,890.0,60.0,4165.0,645.0,4145.0,3835.0,305.0,3980.0,3160.0,825.0,2185.0,1575.0,3410.0,9.8,865.0,170.0,4210.0,725.0,710.0,1780.0,715.0,3255,published,3090.0,published,0.16864608076009502,0.42280285035629456,0.16983372921615203,0.7208237986270023,0.057007125890736345,0.098,0.22151898734177214,0.7784810126582279,0.9252110977080821,0.7939698492462312,0.012658227848101266,380.0,0.23974763406940064,0.7318611987381703,0.028391167192429023,0.21342925659472423,0.014388489208633094,0.046762589928057555,0.9493087557603687,0.15486194477791115,4185.0,0.994061757719715,0.19833729216152018,0.055999999999999994,0.19653179190751446,0.17220902612826602,355.14018691588785,18.69158878504673,True
5350151.0,5350151.00,2021S05075350151.00,0151.00,True,3756.0,5879.8,0.64,39.6,1520.0,105.0,500.0,10.0,230.0,645.0,2.5,3755.0,710.0,19.0,3755.0,85.0,3755.0,1165.0,1530.0,610.0,920.0,1530.0,15.0,47.8,3800.0,2460.0,400.0,3800.0,1490.0,190.0,3795.0,1520.0,3745.0,3525.0,220.0,3545.0,2610.0,940.0,2055.0,810.0,3015.0,17.7,890.0,230.0,3760.0,700.0,720.0,1590.0,500.0,2855,published,2460.0,published,0.19148936170212766,0.4228723404255319,0.13297872340425532,0.39416058394160586,0.18908122503328895,0.177,0.6013071895424836,0.39869281045751637,0.9412550066755674,0.7362482369534555,0.00980392156862745,885.0,0.5822368421052632,0.06907894736842106,0.32894736842105265,0.39210526315789473,0.05,0.10526315789473684,0.861646234676007,0.4005270092226614,3670.0,0.9773635153129161,0.31025299600532624,0.478,0.25842696629213485,0.18617021276595744,1382.8125,23.4375,True
5350152.0,5350152.00,2021S05075350152.00,0152.00,True,4653.0,5463.2,0.85,41.2,1785.0,880.0,475.0,85.0,295.0,0.0,2.6,4655.0,250.0,5.4,4650.0,50.0,4650.0,920.0,1750.0,1445.0,305.0,1750.0,30.0,0.0,4435.0,3200.0,220.0,4435.0,960.0,40.0,4435.0,780.0,4400.0,4030.0,375.0,4160.0,3030.0,1130.0,2540.0,1525.0,3545.0,8.9,1025.0,210.0,4650.0,780.0,715.0,2180.0,645.0,3585,published,3200.0,published,0.15376344086021507,0.46881720430107526,0.13870967741935483,0.6003937007874016,0.05370569280343716,0.08900000000000001,0.1742857142857143,0.8257142857142857,0.9159090909090909,0.7283653846153846,0.017142857142857144,380.0,0.21288515406162464,0.49299719887955185,0.2661064425770308,0.21645997745208567,0.009019165727170236,0.0496054114994363,0.8926080892608089,0.17587373167981962,4600.0,0.989247311827957,0.1978494623655914,0.0,0.2048780487804878,0.16774193548387098,447.05882352941177,35.294117647058826,True
5350153.0,5350153.00,2021S05075350153.00,0153.00,True,4460.0,4790.0,0.93,41.2,1675.0,870.0,315.0,140.0,320.0,0.0,2.7,4460.0,455.0,10.2,4460.0,230.0,4460.0,1865.0,1665.0,1255.0,415.0,1665.0,20.0,22.0,4525.0,3355.0,495.0,4525.0,2020.0,210.0,4520.0,2135.0,4475.0,4105.0,370.0,4315.0,3100.0,1220.0,2680.0,710.0,3925.0,16.4,1505.0,395.0,4460.0,500.0,1120.0,1935.0,670.0,3750,published,3355.0,published,0.25112107623318386,0.43385650224215244,0.15022421524663676,0.26492537313432835,0.10201793721973094,0.16399999999999998,0.24924924924924924,0.7537537537537538,0.9173184357541899,0.7184241019698725,0.012012012012012012,460.0,0.2746268656716418,0.5194029850746269,0.1880597014925373,0.44640883977900553,0.04640883977900553,0.10939226519337017,0.8946666666666667,0.4723451327433628,4230.0,0.9484304932735426,0.41816143497757846,0.22,0.26245847176079734,0.11210762331838565,494.6236559139785,21.50537634408602,True
5350154.0,5350154.00,2021S05075350154.00,0154.00,True,6192.0,2962.0,2.09,46.0,2770.0,830.0,190.0,90.0,350.0,1270.0,2.2,6190.0,650.0,10.5,6195.0,255.0,6195.0,2720.0,2780.0,2000.0,785.0,2780.0,1085.0,4.5,6125.0,4480.0,825.0,6125.0,2710.0,260.0,6130.0,1840.0,6065.0,5465.0,600.0,5830.0,4010.0,1820.0,3380.0,960.0,5355.0,11.5,1960.0,500.0,6195.0,660.0,1185.0,2475.0,1500.0,5275,published,4480.0,published,0.19128329297820823,0.39951573849878935,0.24213075060532688,0.28402366863905326,0.1050080775444265,0.115,0.2823741007194245,0.7194244604316546,0.9010717230008244,0.6878216123499142,0.3902877697841727,1710.0,0.6173285198555957,0.2996389891696751,0.06859205776173286,0.4424489795918367,0.04244897959183674,0.1346938775510204,0.8492890995260663,0.300163132137031,5940.0,0.9588377723970944,0.4390637610976594,0.045,0.25510204081632654,0.10653753026634383,818.1818181818182,519.1387559808613,True
5350155.0,5350155.00,2021S05075350155.00,0155.00,True,3080.0,3816.1,0.81,39.6,1240.0,325.0,225.0,105.0,115.0,420.0,2.5,3085.0,645.0,20.9,3080.0,195.0,3080.0,1355.0,1185.0,610.0,565.0,1185.0,0.0,63.2,2950.0,1975.0,415.0,2950.0,1440.0,70.0,2955.0,1540.0,2930.0,2795.0,135.0,2785.0,2195.0,590.0,1745.0,330.0,2475.0,16.8,895.0,240.0,3080.0,480.0,695.0,1285.0,430.0,2460,published,1975.0,published,0.22564935064935066,0.4172077922077922,0.1396103896103896,0.18911174785100288,0.20907617504051865,0.168,0.4767932489451477,0.5147679324894515,0.9539249146757679,0.7881508078994613,0.0,640.0,0.5161290322580645,0.2620967741935484,0.1814516129032258,0.488135593220339,0.023728813559322035,0.14067796610169492,0.8028455284552846,0.5211505922165821,2885.0,0.9366883116883117,0.43993506493506496,0.632,0.2681564245810056,0.15584415584415584,790.1234567901234,0.0,True
5350157.0,5350157.00,2021S05075350157.00,0157.00,True,2716.0,5896.7,0.46,37.6,1035.0,310.0,65.0,40.0,305.0,300.0,2.6,2715.0,420.0,15.5,2715.0,130.0,2715.0,1205.0,1005.0,470.0,540.0,1005.0,185.0,19.4,2680.0,1605.0,555.0,2680.0,1310.0,245.0,2680.0,1630.0,2640.0,2420.0,210.0,2530.0,1755.0,780.0,1480.0,315.0,2210.0,17.1,965.0,335.0,2715.0,405.0,710.0,1125.0,320.0,2175,published,1605.0,published,0.26151012891344383,0.4143646408839779,0.11786372007366483,0.21283783783783783,0.15469613259668508,0.171,0.5373134328358209,0.46766169154228854,0.9166666666666666,0.6936758893280632,0.18407960199004975,645.0,0.6231884057971014,0.2995169082125604,0.06280193236714976,0.48880597014925375,0.0914179104477612,0.20708955223880596,0.7379310344827587,0.6082089552238806,2585.0,0.9521178637200737,0.4438305709023941,0.19399999999999998,0.3471502590673575,0.14917127071823205,1402.1739130434783,402.17391304347825,True
5350158.0,5350158.00,2021S05075350158.00,0158.00,True,3036.0,4778.8,0.64,43.2,1320.0,305.0,75.0,70.0,370.0,490.0,2.3,3015.0,550.0,18.3,3020.0,285.0,3020.0,1515.0,1350.0,555.0,800.0,1350.0,260.0,32.5,3080.0,2080.0,575.0,3080.0,1775.0,245.0,3085.0,1655.0,3070.0,2735.0,330.0,2945.0,1895.0,1045.0,1695.0,350.0,2705.0,18.0,1055.0,365.0,3035.0,340.0,720.0,1210.0,605.0,2555,published,2080.0,published,0.2372322899505766,0.3986820428336079,0.19934102141680396,0.20648967551622419,0.1824212271973466,0.18,0.5925925925925926,0.4111111111111111,0.8908794788273615,0.6434634974533107,0.1925925925925926,930.0,0.7045454545454546,0.23106060606060605,0.056818181818181816,0.5762987012987013,0.07954545454545454,0.18668831168831168,0.8140900195694716,0.5364667747163695,2735.0,0.9056291390728477,0.5016556291390728,0.325,0.3459715639810427,0.11202635914332784,1453.125,406.25,True
5350160.0,5350160.00,2021S05075350160.00,0160.00,True,3152.0,4310.7,0.73,40.4,1155.0,490.0,215.0,125.0,325.0,0.0,2.7,3130.0,300.0,9.6,3135.0,280.0,3135.0,1685.0,1135.0,780.0,355.0,1135.0,0.0,15.5,3195.0,2005.0,670.0,3195.0,1635.0,160.0,3190.0,1140.0,3180.0,2920.0,260.0,3035.0,2170.0,855.0,1855.0,425.0,2715.0,14.0,1280.0,335.0,3150.0,375.0,695.0,1380.0,470.0,2610,published,2005.0,published,0.22063492063492063,0.4380952380952381,0.1492063492063492,0.22911051212938005,0.09584664536741214,0.14,0.31277533039647576,0.6872246696035242,0.9182389937106918,0.71499176276771,0.0,450.0,0.38961038961038963,0.42424242424242425,0.18614718614718614,0.5117370892018779,0.050078247261345854,0.20970266040688576,0.7681992337164751,0.3573667711598746,2855.0,0.9106858054226475,0.5374800637958532,0.155,0.26171875,0.11904761904761904,616.4383561643835,0.0,True
5350161.0,5350161.00,2021S05075350161.00,0161.00,True,6885.0,8486.4,0.81,40.4,2555.0,1195.0,235.0,315.0,640.0,150.0,2.7,6885.0,765.0,11.1,6885.0,555.0,6885.0,3615.0,2575.0,1560.0,1015.0,2575.0,70.0,8.9,6825.0,4435.0,1340.0,6825.0,3340.0,345.0,6825.0,2890.0,6750.0,6155.0,595.0,6470.0,4600.0,1875.0,4125.0,1200.0,5870.0,12.3,2440.0,810.0,6885.0,875.0,1655.0,2875.0,1035.0,5675,published,4435.0,published,0.2403776325344953,0.4175744371822803,0.1503267973856209,0.2909090909090909,0.1111111111111111,0.12300000000000001,0.3941747572815534,0.6058252427184466,0.9118518518518518,0.7109737248840804,0.027184466019417475,1105.0,0.4324853228962818,0.46771037181996084,0.09197651663405088,0.48937728937728936,0.05054945054945055,0.19633699633699633,0.7814977973568282,0.42344322344322344,6330.0,0.9193899782135077,0.5250544662309368,0.08900000000000001,0.3319672131147541,0.1270878721859114,1364.1975308641975,86.41975308641975,True
5350162.0,5350162.00,2021S05075350162.00,0162.00,True,4846.0,8417.6,0.58,42.0,1910.0,735.0,310.0,165.0,370.0,330.0,2.5,4770.0,530.0,11.1,4770.0,330.0,4770.0,2100.0,1915.0,1050.0,865.0,1915.0,55.0,13.2,4810.0,3265.0,695.0,4810.0,2240.0,160.0,4810.0,2110.0,4760.0,4295.0,460.0,4595.0,3235.0,1360.0,2705.0,900.0,4095.0,11.9,1605.0,580.0,4850.0,605.0,1065.0,1955.0,920.0,4015,published,3265.0,published,0.21958762886597938,0.40309278350515465,0.18969072164948453,0.33271719038817005,0.1111111111111111,0.11900000000000001,0.4516971279373368,0.5483028720626631,0.9023109243697479,0.7040261153427638,0.028720626631853787,865.0,0.45287958115183247,0.38481675392670156,0.16230366492146597,0.4656964656964657,0.033264033264033266,0.1444906444906445,0.813200498132005,0.4386694386694387,4440.0,0.9308176100628931,0.44025157232704404,0.132,0.3613707165109034,0.12474226804123711,1491.3793103448277,94.82758620689656,True
5350163.0,5350163.00,2021S05075350163.00,0163.00,True,4308.0,9484.8,0.45,40.8,1745.0,610.0,245.0,135.0,740.0,0.0,2.5,4285.0,465.0,10.8,4285.0,275.0,4285.0,1695.0,1740.0,915.0,820.0,1740.0,35.0,3.0,4245.0,2915.0,620.0,4245.0,1560.0,170.0,4245.0,1400.0,4190.0,3765.0,435.0,4015.0,2815.0,1195.0,2505.0,1155.0,3600.0,11.4,1290.0,400.0,4310.0,570.0,910.0,1845.0,720.0,3520,published,2915.0,published,0.2111368909512761,0.4280742459396752,0.16705336426914152,0.46107784431137727,0.10851808634772463,0.114,0.47126436781609193,0.5258620689655172,0.8985680190930787,0.701120797011208,0.020114942528735632,875.0,0.501432664756447,0.3495702005730659,0.14040114613180515,0.3674911660777385,0.04004711425206125,0.14605418138987045,0.828125,0.3297997644287397,4010.0,0.9358226371061844,0.39556592765460913,0.03,0.31007751937984496,0.13225058004640372,1944.4444444444443,77.77777777777777,True
5350164.0,5350164.00,2021S05075350164.00,0164.00,True,6002.0,9554.3,0.63,40.4,2420.0,755.0,495.0,255.0,480.0,425.0,2.5,5985.0,550.0,9.2,5980.0,225.0,5980.0,2020.0,2430.0,1430.0,1000.0,2430.0,25.0,6.5,6035.0,4025.0,905.0,6035.0,2380.0,355.0,6035.0,2270.0,5995.0,5410.0,585.0,5670.0,4040.0,1630.0,3470.0,1830.0,5000.0,13.0,1815.0,670.0,6005.0,775.0,1305.0,2510.0,1005.0,4885,published,4025.0,published,0.21731890091590342,0.417985012489592,0.16736053288925895,0.5273775216138329,0.09189640768588136,0.13,0.411522633744856,0.588477366255144,0.902418682235196,0.7125220458553791,0.0102880658436214,1160.0,0.4793388429752066,0.3119834710743802,0.20454545454545456,0.39436619718309857,0.058823529411764705,0.1499585749792875,0.8239508700102354,0.376139188069594,5755.0,0.9623745819397993,0.3377926421404682,0.065,0.3691460055096419,0.12905911740216486,1841.2698412698412,39.682539682539684,True
5350165.0,5350165.00,2021S05075350165.00,0165.00,True,4209.0,8680.1,0.48,40.4,1830.0,590.0,190.0,105.0,705.0,240.0,2.3,4190.0,430.0,10.3,4190.0,75.0,4190.0,965.0,1850.0,925.0,925.0,1850.0,45.0,13.0,4305.0,3050.0,475.0,4305.0,1360.0,205.0,4305.0,1225.0,4265.0,3865.0,400.0,4115.0,2845.0,1270.0,2585.0,1660.0,3605.0,10.1,1175.0,355.0,4205.0,625.0,920.0,1735.0,690.0,3375,published,3050.0,published,0.21878715814506539,0.4126040428061831,0.16409036860879905,0.6421663442940039,0.1026252983293556,0.10099999999999999,0.5,0.5,0.9062133645955451,0.6913730255164034,0.024324324324324326,1050.0,0.5737704918032787,0.3224043715846995,0.10382513661202186,0.3159117305458769,0.047619047619047616,0.11033681765389082,0.9037037037037037,0.2845528455284553,4115.0,0.9821002386634845,0.23031026252983294,0.13,0.3021276595744681,0.14863258026159334,2187.5,93.75,True
5350166.0,5350166.00,2021S05075350166.00,0166.00,True,4024.0,5119.6,0.79,40.8,1625.0,810.0,0.0,10.0,430.0,360.0,2.5,3990.0,355.0,8.9,4025.0,30.0,4025.0,735.0,1645.0,875.0,765.0,1645.0,155.0,10.5,4085.0,2795.0,375.0,4085.0,930.0,180.0,4085.0,840.0,4040.0,3800.0,240.0,3850.0,2820.0,1025.0,2105.0,1425.0,3310.0,7.9,1060.0,240.0,4020.0,720.0,760.0,1570.0,710.0,3100,published,2795.0,published,0.1890547263681592,0.39054726368159204,0.17661691542288557,0.6769596199524941,0.08897243107769423,0.079,0.46504559270516715,0.5319148936170213,0.9405940594059405,0.7324675324675325,0.09422492401215805,800.0,0.49230769230769234,0.49846153846153846,0.0,0.22766217870257038,0.044063647490820076,0.09179926560587515,0.9016129032258065,0.20563035495716034,3995.0,0.9925465838509316,0.1826086956521739,0.105,0.22641509433962265,0.1791044776119403,1012.6582278481012,196.20253164556962,True
5350168.0,5350168.00,2021S05075350168.00,0168.00,True,5674.0,10033.6,0.57,41.6,2565.0,670.0,215.0,115.0,785.0,785.0,2.2,5675.0,945.0,16.7,5675.0,295.0,5675.0,2295.0,2560.0,965.0,1590.0,2560.0,235.0,28.3,5615.0,3860.0,1015.0,5615.0,2840.0,470.0,5615.0,3155.0,5560.0,4790.0,770.0,5335.0,3555.0,1780.0,3220.0,1470.0,4935.0,13.7,1730.0,840.0,5670.0,630.0,1385.0,2185.0,1105.0,4765,published,3860.0,published,0.24426807760141092,0.3853615520282187,0.1948853615520282,0.45652173913043476,0.16651982378854627,0.13699999999999998,0.62109375,0.376953125,0.8615107913669064,0.6663542642924086,0.091796875,1685.0,0.6569200779727096,0.26120857699805067,0.08382066276803118,0.5057880676758683,0.08370436331255565,0.18076580587711488,0.8100734522560336,0.5618878005342832,5380.0,0.9480176211453745,0.40440528634361234,0.28300000000000003,0.48554913294797686,0.1111111111111111,2956.140350877193,412.280701754386,True
5350170.0,5350170.00,2021S05075350170.00,0170.00,True,3407.0,3365.3,1.01,42.0,1265.0,745.0,95.0,110.0,310.0,0.0,2.7,3405.0,345.0,10.1,3405.0,225.0,3405.0,1765.0,1255.0,790.0,460.0,1255.0,25.0,0.0,3370.0,2275.0,630.0,3370.0,1780.0,155.0,3375.0,1560.0,3340.0,3030.0,320.0,3230.0,2290.0,945.0,1960.0,560.0,2960.0,14.3,1270.0,350.0,3405.0,350.0,885.0,1410.0,590.0,2910,published,2275.0,published,0.2599118942731278,0.41409691629955947,0.17327459618208516,0.2857142857142857,0.1013215859030837,0.14300000000000002,0.3665338645418327,0.6294820717131474,0.907185628742515,0.7089783281733746,0.0199203187250996,420.0,0.33201581027667987,0.5889328063241107,0.07509881422924901,0.5281899109792285,0.04599406528189911,0.18694362017804153,0.781786941580756,0.4622222222222222,3180.0,0.933920704845815,0.5183553597650514,0.0,0.2755905511811024,0.1027900146842878,415.84158415841586,24.752475247524753,True
5350171.0,5350171.00,2021S05075350171.00,0171.00,True,3914.0,6416.4,0.61,41.6,1490.0,435.0,80.0,75.0,240.0,640.0,2.5,3755.0,655.0,17.4,3755.0,230.0,3755.0,1660.0,1480.0,625.0,845.0,1480.0,135.0,47.6,3650.0,2270.0,725.0,3650.0,1965.0,170.0,3650.0,2050.0,3625.0,3325.0,300.0,3515.0,2685.0,820.0,1945.0,315.0,3075.0,15.6,1220.0,460.0,3915.0,560.0,890.0,1435.0,775.0,3160,published,2270.0,published,0.227330779054917,0.3665389527458493,0.1979565772669221,0.16195372750642673,0.1744340878828229,0.156,0.5709459459459459,0.4222972972972973,0.9172413793103448,0.7638691322901849,0.09121621621621621,955.0,0.6409395973154363,0.29194630872483224,0.053691275167785234,0.5383561643835616,0.04657534246575343,0.19863013698630136,0.7183544303797469,0.5616438356164384,3525.0,0.9387483355525965,0.4420772303595206,0.47600000000000003,0.3770491803278688,0.14303959131545338,1565.5737704918033,221.31147540983608,True
5350172.0,5350172.00,2021S05075350172.00,0172.00,True,2505.0,2075.4,1.21,38.8,1085.0,230.0,0.0,5.0,845.0,5.0,2.3,2505.0,475.0,19.0,2505.0,70.0,2505.0,880.0,1095.0,225.0,865.0,1095.0,15.0,4.6,2610.0,1525.0,620.0,2610.0,1300.0,305.0,2610.0,1755.0,2550.0,2285.0,270.0,2455.0,1525.0,925.0,1560.0,310.0,2150.0,19.6,880.0,300.0,2505.0,355.0,600.0,1080.0,310.0,2000,published,1525.0,published,0.23952095808383234,0.4311377245508982,0.12375249500998003,0.1987179487179487,0.18962075848303392,0.196,0.7899543378995434,0.2054794520547945,0.8960784313725491,0.6211812627291242,0.0136986301369863,855.0,0.7880184331797235,0.2119815668202765,0.0,0.49808429118773945,0.11685823754789272,0.23754789272030652,0.7625,0.6724137931034483,2435.0,0.9720558882235529,0.35129740518962077,0.046,0.3409090909090909,0.14171656686626746,706.6115702479339,12.396694214876034,True
5350173.0,5350173.00,2021S05075350173.00,0173.00,True,3586.0,6035.0,0.59,38.4,1400.0,420.0,45.0,110.0,375.0,395.0,2.6,3585.0,685.0,19.2,3585.0,155.0,3585.0,1310.0,1385.0,645.0,745.0,1385.0,35.0,26.8,3575.0,2275.0,575.0,3575.0,1875.0,285.0,3575.0,2655.0,3520.0,3305.0,215.0,3330.0,2385.0,945.0,2110.0,475.0,2915.0,20.8,1180.0,410.0,3590.0,540.0,860.0,1465.0,445.0,2810,published,2275.0,published,0.2395543175487465,0.40807799442896936,0.12395543175487465,0.22511848341232227,0.1910739191073919,0.20800000000000002,0.5379061371841155,0.4657039711191336,0.9389204545454546,0.7162162162162162,0.02527075812274368,880.0,0.6285714285714286,0.3,0.03214285714285714,0.5244755244755245,0.07972027972027972,0.16083916083916083,0.8096085409252669,0.7426573426573426,3430.0,0.9567642956764296,0.36541143654114366,0.268,0.3474576271186441,0.15041782729805014,1491.5254237288136,59.32203389830509,True
5350174.0,5350174.00,2021S05075350174.00,0174.00,True,7062.0,6705.9,1.05,41.2,2620.0,225.0,30.0,35.0,355.0,1695.0,2.6,6750.0,840.0,12.4,6760.0,315.0,6760.0,2820.0,2660.0,1295.0,1375.0,2660.0,1030.0,20.4,6800.0,4500.0,1255.0,6800.0,3880.0,500.0,6800.0,5085.0,6750.0,6190.0,555.0,6485.0,4715.0,1775.0,3930.0,840.0,5785.0,18.1,2490.0,690.0,7065.0,985.0,1625.0,2810.0,1230.0,5765,published,4500.0,published,0.2300070771408351,0.39773531493276715,0.1740976645435244,0.21374045801526717,0.12444444444444444,0.18100000000000002,0.5169172932330827,0.4868421052631579,0.917037037037037,0.7270624518118736,0.38721804511278196,2085.0,0.7958015267175572,0.08587786259541985,0.011450381679389313,0.5705882352941176,0.07352941176470588,0.18455882352941178,0.7805724197745013,0.7477941176470588,6445.0,0.9534023668639053,0.4171597633136095,0.204,0.27710843373493976,0.1394196744515216,1985.7142857142856,980.952380952381,True
5350176.0,5350176.00,2021S05075350176.00,0176.00,True,4261.0,4257.2,1.0,42.4,1650.0,1050.0,55.0,130.0,375.0,35.0,2.6,4245.0,380.0,9.0,4260.0,125.0,4260.0,1375.0,1635.0,1165.0,470.0,1635.0,60.0,4.3,4380.0,3020.0,540.0,4380.0,1460.0,125.0,4385.0,1710.0,4345.0,4125.0,215.0,4140.0,3170.0,965.0,2435.0,860.0,3670.0,11.8,1450.0,305.0,4260.0,525.0,890.0,1835.0,720.0,3490,published,3020.0,published,0.20892018779342722,0.4307511737089202,0.16901408450704225,0.3531827515400411,0.0895170789163722,0.11800000000000001,0.2874617737003058,0.7125382262996942,0.9493670886075949,0.7657004830917874,0.03669724770642202,540.0,0.32727272727272727,0.6363636363636364,0.03333333333333333,0.3333333333333333,0.028538812785388126,0.1232876712328767,0.8653295128939829,0.3899657924743444,4135.0,0.9706572769953051,0.3227699530516432,0.043,0.2103448275862069,0.12323943661971831,540.0,60.0,True
5350180.0,5350180.00,2021S05075350180.00,0180.00,True,6462.0,10527.9,0.61,38.8,2755.0,450.0,185.0,180.0,150.0,1600.0,2.3,6440.0,1095.0,17.0,6445.0,160.0,6445.0,2390.0,2755.0,760.0,1995.0,2755.0,25.0,20.4,6440.0,4265.0,1065.0,6440.0,2820.0,500.0,6440.0,3200.0,6395.0,5890.0,505.0,6070.0,4180.0,1885.0,4010.0,1625.0,5405.0,17.7,1820.0,790.0,6460.0,885.0,1555.0,2865.0,735.0,5230,published,4265.0,published,0.24071207430340558,0.4434984520123839,0.11377708978328173,0.40523690773067333,0.17003105590062112,0.177,0.7241379310344828,0.27586206896551724,0.9210320562939797,0.6886326194398682,0.009074410163339383,1930.0,0.7005444646098004,0.16333938294010888,0.06715063520871144,0.43788819875776397,0.07763975155279502,0.1653726708074534,0.8154875717017208,0.4968944099378882,6285.0,0.9751745539177658,0.3708301008533747,0.204,0.4340659340659341,0.1369969040247678,3163.934426229508,40.98360655737705,True
5350182.0,5350182.00,2021S05075350182.00,0182.00,True,5407.0,7109.8,0.76,42.0,2140.0,1220.0,470.0,200.0,235.0,0.0,2.5,5405.0,385.0,7.1,5405.0,125.0,5405.0,1290.0,2145.0,1735.0,410.0,2145.0,0.0,8.4,5390.0,3995.0,285.0,5390.0,1530.0,120.0,5390.0,1705.0,5345.0,4850.0,495.0,5110.0,3805.0,1305.0,3260.0,1795.0,4415.0,9.3,1470.0,365.0,5405.0,840.0,845.0,2595.0,765.0,4240,published,3995.0,published,0.15633672525439407,0.4801110083256244,0.14153561517113783,0.5506134969325154,0.07123034227567067,0.09300000000000001,0.19114219114219114,0.8088578088578089,0.9073900841908326,0.7446183953033269,0.0,435.0,0.20327102803738317,0.5700934579439252,0.21962616822429906,0.28385899814471244,0.022263450834879406,0.05287569573283859,0.9422169811320755,0.3163265306122449,5280.0,0.9768732654949122,0.23866790009250693,0.084,0.24829931972789115,0.15541165587419056,572.3684210526316,0.0,True
5350186.0,5350186.00,2021S05075350186.00,0186.00,True,2382.0,1275.0,1.87,45.6,915.0,590.0,15.0,15.0,225.0,45.0,2.6,2385.0,145.0,6.0,2380.0,5.0,2380.0,395.0,915.0,570.0,345.0,915.0,35.0,0.0,2375.0,1715.0,140.0,2375.0,470.0,65.0,2375.0,580.0,2345.0,2165.0,175.0,2255.0,1595.0,660.0,1215.0,870.0,1895.0,10.9,520.0,60.0,2380.0,460.0,315.0,990.0,450.0,1820,published,1715.0,published,0.1323529411764706,0.41596638655462187,0.18907563025210083,0.7160493827160493,0.06079664570230608,0.109,0.3770491803278688,0.6229508196721312,0.9232409381663113,0.7073170731707317,0.03825136612021858,285.0,0.3114754098360656,0.644808743169399,0.01639344262295082,0.19789473684210526,0.02736842105263158,0.05894736842105263,0.9423076923076923,0.24421052631578946,2375.0,0.9978991596638656,0.16596638655462184,0.0,0.11538461538461539,0.19327731092436976,152.40641711229947,18.71657754010695,True
5350187.0,5350187.00,2021S05075350187.00,0187.00,True,3473.0,2907.5,1.19,44.4,1335.0,1030.0,25.0,175.0,110.0,0.0,2.6,3475.0,205.0,5.9,3470.0,50.0,3470.0,1050.0,1325.0,1080.0,245.0,1325.0,0.0,0.0,3475.0,2685.0,135.0,3475.0,965.0,55.0,3475.0,930.0,3445.0,3120.0,325.0,3335.0,2650.0,685.0,1985.0,950.0,2945.0,11.8,905.0,110.0,3470.0,560.0,575.0,1545.0,600.0,2770,published,2685.0,published,0.16570605187319884,0.4452449567723343,0.1729106628242075,0.47858942065491183,0.058992805755395686,0.11800000000000001,0.18490566037735848,0.8150943396226416,0.9056603773584906,0.7946026986506747,0.0,285.0,0.21348314606741572,0.7715355805243446,0.018726591760299626,0.2776978417266187,0.015827338129496403,0.03884892086330935,0.9693140794223827,0.26762589928057556,3420.0,0.9855907780979827,0.3025936599423631,0.0,0.12154696132596685,0.16138328530259366,239.49579831932775,0.0,True
5350188.0,5350188.00,2021S05075350188.00,0188.00,True,2031.0,3679.3,0.55,45.2,785.0,590.0,5.0,100.0,25.0,60.0,2.6,2020.0,160.0,7.8,2030.0,30.0,2030.0,545.0,775.0,570.0,205.0,775.0,10.0,22.0,2045.0,1475.0,85.0,2045.0,550.0,50.0,2045.0,400.0,2025.0,1900.0,120.0,1930.0,1475.0,455.0,1000.0,510.0,1630.0,8.3,470.0,40.0,2030.0,290.0,330.0,850.0,445.0,1630,published,1475.0,published,0.1625615763546798,0.4187192118226601,0.21921182266009853,0.51,0.07920792079207921,0.083,0.2645161290322581,0.7354838709677419,0.9382716049382716,0.7642487046632125,0.012903225806451613,185.0,0.2356687898089172,0.7515923566878981,0.006369426751592357,0.26894865525672373,0.02444987775061125,0.04156479217603912,0.9049079754601227,0.19559902200489,2000.0,0.9852216748768473,0.2684729064039409,0.22,0.0851063829787234,0.14285714285714285,336.3636363636363,18.18181818181818,True
5350189.0,5350189.00,2021S05075350189.00,0189.00,True,5655.0,4612.2,1.23,45.2,2265.0,595.0,115.0,55.0,345.0,1140.0,2.4,5320.0,780.0,14.7,5490.0,130.0,5490.0,1665.0,2310.0,960.0,1350.0,2310.0,205.0,11.9,5315.0,3820.0,675.0,5315.0,2155.0,380.0,5315.0,2345.0,5235.0,4860.0,370.0,5065.0,3590.0,1475.0,2900.0,935.0,4535.0,16.5,1470.0,400.0,5655.0,710.0,1145.0,2205.0,1285.0,4690,published,3820.0,published,0.20247568523430592,0.38992042440318303,0.22723253757736517,0.32241379310344825,0.14661654135338345,0.165,0.5844155844155844,0.4155844155844156,0.9283667621776505,0.7087857847976308,0.08874458874458875,1540.0,0.6799116997792495,0.26269315673289184,0.05077262693156733,0.40545625587958606,0.07149576669802446,0.12699905926622765,0.814498933901919,0.4412041392285983,5360.0,0.97632058287796,0.30327868852459017,0.11900000000000001,0.272108843537415,0.125552608311229,1252.0325203252032,166.66666666666666,True
5350191.0,5350191.00,2021S05075350191.00,0191.00,True,4372.0,5312.3,0.82,42.0,1775.0,1080.0,0.0,155.0,470.0,45.0,2.5,4370.0,415.0,9.5,4370.0,55.0,4370.0,1310.0,1745.0,1115.0,630.0,1745.0,105.0,8.8,4345.0,3100.0,475.0,4345.0,1475.0,210.0,4345.0,1640.0,4290.0,3795.0,500.0,4105.0,2750.0,1355.0,2460.0,960.0,3650.0,14.8,1235.0,285.0,4370.0,610.0,860.0,1930.0,700.0,3550,published,3100.0,published,0.19679633867276888,0.4416475972540046,0.16018306636155608,0.3902439024390244,0.09496567505720824,0.14800000000000002,0.36103151862464183,0.6389684813753582,0.8846153846153846,0.6699147381242387,0.06017191977077364,670.0,0.37746478873239436,0.6084507042253521,0.0,0.3394706559263521,0.04833141542002301,0.1093210586881473,0.8732394366197183,0.37744533947065595,4315.0,0.9874141876430206,0.2997711670480549,0.08800000000000001,0.23076923076923078,0.13958810068649885,817.0731707317074,128.0487804878049,True
5350192.0,5350192.00,2021S05075350192.00,0192.00,True,843.0,918.2,0.92,50.4,415.0,50.0,5.0,5.0,230.0,45.0,2.0,845.0,155.0,18.8,840.0,30.0,840.0,345.0,430.0,155.0,275.0,430.0,35.0,23.2,860.0,670.0,70.0,860.0,430.0,30.0,865.0,450.0,860.0,750.0,110.0,845.0,610.0,240.0,440.0,165.0,780.0,16.9,215.0,80.0,845.0,85.0,175.0,340.0,210.0,740,published,670.0,published,0.20710059171597633,0.40236686390532544,0.2485207100591716,0.375,0.1834319526627219,0.16899999999999998,0.6395348837209303,0.36046511627906974,0.872093023255814,0.7218934911242604,0.08139534883720931,280.0,0.6746987951807228,0.12048192771084337,0.012048192771084338,0.5,0.03488372093023256,0.08139534883720931,0.9054054054054054,0.5202312138728323,810.0,0.9642857142857143,0.4107142857142857,0.23199999999999998,0.37209302325581395,0.10059171597633136,304.3478260869565,38.04347826086956,True
5350193.0,5350193.00,2021S05075350193.00,0193.00,True,3264.0,2357.4,1.38,39.6,1035.0,715.0,0.0,5.0,5.0,310.0,3.2,3265.0,310.0,9.5,3260.0,120.0,3260.0,1455.0,995.0,600.0,395.0,995.0,15.0,0.0,3270.0,2050.0,620.0,3270.0,1315.0,355.0,3270.0,1355.0,3250.0,3090.0,160.0,3110.0,2185.0,930.0,1685.0,705.0,2650.0,21.6,865.0,110.0,3260.0,610.0,725.0,1255.0,495.0,2510,published,2050.0,published,0.2223926380368098,0.38496932515337423,0.15184049079754602,0.41839762611275966,0.09494640122511486,0.21600000000000003,0.3969849246231156,0.6030150753768844,0.9507692307692308,0.702572347266881,0.01507537688442211,320.0,0.30917874396135264,0.6908212560386473,0.0,0.40214067278287463,0.10856269113149847,0.18960244648318042,0.8167330677290837,0.41437308868501527,3140.0,0.9631901840490797,0.44631901840490795,0.0,0.12716763005780346,0.18711656441717792,231.8840579710145,10.869565217391305,True
5350201.0,5350201.00,2021S05075350201.00,0201.00,True,5528.0,7267.9,0.76,40.0,2735.0,375.0,85.0,80.0,710.0,1155.0,2.0,5410.0,840.0,15.5,5410.0,195.0,5410.0,2020.0,2720.0,1385.0,1335.0,2720.0,960.0,21.4,5290.0,3850.0,770.0,5290.0,2165.0,395.0,5295.0,1835.0,5215.0,4485.0,730.0,5030.0,2720.0,2315.0,3395.0,1915.0,4655.0,9.6,1545.0,285.0,5535.0,495.0,1410.0,2360.0,945.0,4765,published,3850.0,published,0.25474254742547425,0.42637759710930445,0.17073170731707318,0.5640648011782032,0.15526802218114602,0.096,0.49080882352941174,0.5091911764705882,0.8600191754554171,0.5407554671968191,0.35294117647058826,1945.0,0.7111517367458866,0.13711151736745886,0.031078610603290677,0.40926275992438566,0.07466918714555766,0.14555765595463138,0.8079748163693599,0.3465533522190746,5215.0,0.9639556377079482,0.3733826247689464,0.214,0.18446601941747573,0.08943089430894309,2559.2105263157896,1263.157894736842,True
5350202.0,5350202.00,2021S05075350202.00,0202.00,True,1640.0,4882.4,0.34,42.4,645.0,430.0,10.0,55.0,150.0,0.0,2.5,1635.0,105.0,6.5,1635.0,15.0,1635.0,395.0,665.0,460.0,205.0,665.0,0.0,0.0,1670.0,1255.0,95.0,1670.0,490.0,15.0,1675.0,460.0,1660.0,1475.0,185.0,1590.0,1155.0,435.0,950.0,520.0,1400.0,8.6,515.0,80.0,1640.0,265.0,270.0,735.0,250.0,1285,published,1255.0,published,0.16463414634146342,0.4481707317073171,0.1524390243902439,0.5473684210526316,0.06422018348623854,0.086,0.3082706766917293,0.6917293233082706,0.8885542168674698,0.7264150943396226,0.0,205.0,0.3178294573643411,0.6666666666666666,0.015503875968992248,0.2934131736526946,0.008982035928143712,0.05688622754491018,0.9766536964980544,0.2746268656716418,1620.0,0.9908256880733946,0.2415902140672783,0.0,0.1553398058252427,0.16158536585365854,602.9411764705882,0.0,True
5350203.0,5350203.00,2021S05075350203.00,0203.00,True,3425.0,5740.9,0.6,40.8,1520.0,645.0,55.0,85.0,485.0,225.0,2.2,3405.0,285.0,8.3,3400.0,55.0,3400.0,990.0,1500.0,840.0,655.0,1500.0,140.0,0.0,3480.0,2500.0,365.0,3480.0,1170.0,160.0,3475.0,1175.0,3410.0,3070.0,340.0,3235.0,2120.0,1115.0,2250.0,970.0,2880.0,12.5,1220.0,300.0,3425.0,365.0,735.0,1540.0,495.0,2835,published,2500.0,published,0.2145985401459854,0.44963503649635034,0.14452554744525548,0.4311111111111111,0.08370044052863436,0.125,0.43666666666666665,0.56,0.9002932551319648,0.6553323029366306,0.09333333333333334,795.0,0.5230263157894737,0.4243421052631579,0.03618421052631579,0.33620689655172414,0.04597701149425287,0.10488505747126436,0.8818342151675485,0.3381294964028777,3345.0,0.9838235294117647,0.2911764705882353,0.0,0.2459016393442623,0.10656934306569343,1325.0,233.33333333333334,True
5350204.0,5350204.00,2021S05075350204.00,0204.00,True,4596.0,6156.7,0.75,42.8,2170.0,900.0,125.0,100.0,700.0,345.0,2.1,4595.0,560.0,12.2,4600.0,75.0,4600.0,1010.0,2180.0,1075.0,1105.0,2180.0,80.0,15.9,4625.0,3360.0,435.0,4625.0,1250.0,145.0,4620.0,1235.0,4555.0,4065.0,495.0,4385.0,2925.0,1460.0,2550.0,1220.0,3870.0,13.4,1220.0,205.0,4595.0,600.0,925.0,1960.0,830.0,3765,published,3360.0,published,0.20130576713819368,0.426550598476605,0.18063112078346028,0.47843137254901963,0.12187159956474429,0.134,0.5068807339449541,0.49311926605504586,0.8924259055982436,0.6670467502850627,0.03669724770642202,1145.0,0.5276497695852534,0.4147465437788018,0.0576036866359447,0.2702702702702703,0.03135135135135135,0.09405405405405405,0.8924302788844621,0.26731601731601734,4525.0,0.9836956521739131,0.21956521739130436,0.159,0.1680327868852459,0.1305767138193689,1526.6666666666667,106.66666666666667,True
5350205.0,5350205.00,2021S05075350205.00,0205.00,True,144.0,193.3,0.74,77.5,0.0,0.0,0.0,0.0,0.0,0.0,,,,,145.0,0.0,145.0,35.0,,,,,,,,,,,,,,,,,,,,,,,,,,,145.0,0.0,0.0,15.0,130.0,145,published,,suppressed_confidentiality,0.0,0.10344827586206896,0.896551724137931,,,,,,,,,0.0,,,,,,,,,145.0,1.0,0.2413793103448276,,,0.0,0.0,,True
5350207.0,5350207.00,2021S05075350207.00,0207.00,True,2597.0,3847.4,0.68,37.2,1140.0,490.0,15.0,40.0,585.0,0.0,2.3,2595.0,310.0,12.1,2595.0,50.0,2595.0,875.0,1085.0,645.0,435.0,1085.0,200.0,0.0,2445.0,1745.0,380.0,2445.0,925.0,105.0,2450.0,1045.0,2410.0,2075.0,330.0,2330.0,1335.0,995.0,1605.0,600.0,2155.0,11.3,900.0,210.0,2595.0,250.0,815.0,1055.0,340.0,2230,published,1745.0,published,0.3140655105973025,0.40655105973025046,0.13102119460500963,0.37383177570093457,0.11946050096339114,0.113,0.4009216589861751,0.5944700460829493,0.8609958506224067,0.572961373390558,0.18433179723502305,625.0,0.5482456140350878,0.4298245614035088,0.013157894736842105,0.3783231083844581,0.04294478527607362,0.1554192229038855,0.7825112107623319,0.42653061224489797,2545.0,0.9807321772639692,0.3371868978805395,0.0,0.23333333333333334,0.09633911368015415,919.1176470588234,294.11764705882354,True
5350208.0,5350208.00,2021S05075350208.00,0208.00,True,4165.0,3210.3,1.3,39.6,1960.0,165.0,65.0,60.0,610.0,800.0,2.1,4155.0,920.0,22.2,4165.0,145.0,4165.0,1475.0,2010.0,590.0,1420.0,2010.0,345.0,43.0,4275.0,2960.0,695.0,4275.0,1840.0,275.0,4275.0,2315.0,4235.0,3745.0,485.0,4045.0,2490.0,1555.0,2545.0,855.0,3675.0,14.6,1390.0,450.0,4165.0,495.0,1055.0,1690.0,640.0,3450,published,2960.0,published,0.2533013205282113,0.4057623049219688,0.15366146458583432,0.33595284872298625,0.2214199759326113,0.146,0.7064676616915423,0.2935323383084577,0.8842975206611571,0.61557478368356,0.17164179104477612,1470.0,0.75,0.08418367346938775,0.03316326530612245,0.4304093567251462,0.06432748538011696,0.16257309941520467,0.8579710144927536,0.5415204678362573,4020.0,0.9651860744297719,0.35414165666266506,0.43,0.3237410071942446,0.11884753901560624,1130.7692307692307,265.38461538461536,True
5350209.0,5350209.00,2021S05075350209.00,0209.00,True,2862.0,4202.6,0.68,43.2,1355.0,420.0,60.0,80.0,460.0,290.0,2.1,2845.0,525.0,18.4,2845.0,130.0,2845.0,1160.0,1335.0,545.0,790.0,1335.0,50.0,38.6,2820.0,2165.0,255.0,2820.0,1295.0,85.0,2820.0,1100.0,2775.0,2570.0,205.0,2655.0,1875.0,775.0,1610.0,560.0,2455.0,13.6,760.0,165.0,2860.0,260.0,665.0,1160.0,615.0,2465,published,2165.0,published,0.23251748251748253,0.40559440559440557,0.21503496503496503,0.34782608695652173,0.18453427065026362,0.136,0.5917602996254682,0.40823970037453183,0.9261261261261261,0.7062146892655368,0.03745318352059925,830.0,0.6125461254612546,0.30996309963099633,0.04428044280442804,0.4592198581560284,0.030141843971631204,0.09042553191489362,0.8782961460446247,0.3900709219858156,2715.0,0.9543057996485061,0.4077328646748682,0.386,0.21710526315789475,0.09090909090909091,1220.5882352941176,73.52941176470588,True
5350211.0,5350211.00,2021S05075350211.00,0211.00,True,6884.0,2101.2,3.28,43.2,2630.0,1530.0,380.0,190.0,285.0,235.0,2.6,6880.0,455.0,6.6,6880.0,210.0,6880.0,2660.0,2630.0,1955.0,675.0,2630.0,100.0,5.2,6880.0,5105.0,650.0,6880.0,2605.0,225.0,6880.0,1870.0,6780.0,6270.0,510.0,6470.0,4520.0,1955.0,3935.0,1460.0,5845.0,11.5,2385.0,290.0,6885.0,770.0,1355.0,2955.0,1325.0,5710,published,5105.0,published,0.19680464778503995,0.42919389978213507,0.1924473493100944,0.3710292249047014,0.06613372093023256,0.115,0.25665399239543724,0.7433460076045627,0.9247787610619469,0.6986089644513137,0.03802281368821293,710.0,0.26996197718631176,0.5817490494296578,0.1444866920152091,0.37863372093023256,0.032703488372093026,0.09447674418604651,0.8940455341506129,0.27180232558139533,6670.0,0.9694767441860465,0.3866279069767442,0.052000000000000005,0.12159329140461216,0.11183732752360204,216.46341463414635,30.48780487804878,True
5350212.0,5350212.00,2021S05075350212.00,0212.00,True,5712.0,3371.7,1.69,42.0,2155.0,1370.0,185.0,115.0,260.0,145.0,2.7,5710.0,335.0,5.9,5715.0,120.0,5715.0,1690.0,2155.0,1720.0,435.0,2155.0,120.0,0.0,5715.0,4275.0,295.0,5715.0,1655.0,130.0,5710.0,1370.0,5660.0,5270.0,390.0,5400.0,4000.0,1400.0,3225.0,1390.0,4710.0,12.2,1790.0,230.0,5710.0,805.0,1035.0,2490.0,955.0,4560,published,4275.0,published,0.18126094570928197,0.436077057793345,0.1672504378283713,0.4310077519379845,0.05866900175131348,0.122,0.20185614849187936,0.7981438515081206,0.931095406360424,0.7407407407407407,0.05568445475638051,520.0,0.24129930394431554,0.6357308584686775,0.08584686774941995,0.289588801399825,0.022747156605424323,0.051618547681539804,0.9375,0.23992994746059546,5595.0,0.979002624671916,0.29571303587051617,0.0,0.12849162011173185,0.14098073555166374,307.6923076923077,71.00591715976331,True
5350214.0,5350214.00,2021S05075350214.00,0214.00,True,6728.0,2383.2,2.82,38.0,3185.0,890.0,65.0,95.0,120.0,1675.0,2.1,6720.0,495.0,7.3,6725.0,195.0,6725.0,2675.0,3155.0,2370.0,785.0,3155.0,1960.0,0.0,6755.0,4925.0,820.0,6755.0,2640.0,350.0,6755.0,2365.0,6660.0,5650.0,1010.0,6370.0,3045.0,3330.0,4550.0,2445.0,5805.0,9.0,2215.0,450.0,6730.0,650.0,1870.0,2890.0,880.0,5725,published,4925.0,published,0.27786032689450224,0.4294205052005943,0.13075780089153047,0.5373626373626373,0.07366071428571429,0.09,0.24881141045958796,0.751188589540412,0.8483483483483484,0.47802197802197804,0.6212361331220285,1890.0,0.5934065934065934,0.2794348508634223,0.02040816326530612,0.3908216136195411,0.05181347150259067,0.12139156180606958,0.8602620087336245,0.35011102886750556,6530.0,0.971003717472119,0.39776951672862454,0.0,0.20316027088036118,0.09658246656760773,670.2127659574469,695.0354609929078,True
5350215.0,5350215.00,2021S05075350215.00,0215.00,True,7151.0,2778.8,2.57,43.6,2885.0,1545.0,75.0,115.0,415.0,340.0,2.5,7070.0,535.0,7.6,7075.0,180.0,7075.0,2570.0,2880.0,2165.0,720.0,2880.0,330.0,11.9,6965.0,5240.0,610.0,6965.0,2660.0,260.0,6965.0,2095.0,6865.0,6260.0,610.0,6615.0,4415.0,2200.0,4020.0,1910.0,5940.0,12.1,2155.0,310.0,7155.0,900.0,1365.0,3155.0,1320.0,5910,published,5240.0,published,0.19077568134171907,0.44095038434661077,0.18448637316561844,0.47512437810945274,0.07567185289957568,0.121,0.25,0.7517361111111112,0.9118718135469774,0.6674225245653818,0.11458333333333333,870.0,0.30155979202772965,0.5355285961871751,0.025996533795493933,0.38190954773869346,0.03732950466618808,0.08758076094759512,0.8866328257191202,0.3007896625987078,6895.0,0.9745583038869258,0.36325088339222616,0.11900000000000001,0.14385150812064965,0.12578616352201258,338.52140077821014,128.4046692607004,True
5350216.0,5350216.00,2021S05075350216.00,0216.00,True,5489.0,2774.7,1.98,45.6,2135.0,1670.0,0.0,45.0,155.0,210.0,2.6,5475.0,270.0,4.9,5485.0,55.0,5485.0,1440.0,2125.0,1750.0,380.0,2125.0,150.0,0.0,5500.0,4075.0,260.0,5500.0,1445.0,100.0,5495.0,1025.0,5435.0,5075.0,355.0,5165.0,4060.0,1105.0,2825.0,1805.0,4505.0,9.6,1325.0,240.0,5485.0,860.0,820.0,2290.0,1140.0,4350,published,4075.0,published,0.14949863263445762,0.41750227894257064,0.20783956244302643,0.6389380530973451,0.049315068493150684,0.096,0.17882352941176471,0.8235294117647058,0.9337626494940202,0.7860600193610843,0.07058823529411765,410.0,0.1920374707259953,0.7822014051522248,0.0,0.26272727272727275,0.01818181818181818,0.04727272727272727,0.9367816091954023,0.18653321201091902,5430.0,0.9899726526891522,0.2625341841385597,0.0,0.1811320754716981,0.15679124886052873,207.07070707070707,75.75757575757576,True
5350217.0,5350217.00,2021S05075350217.00,0217.00,True,5900.0,4824.2,1.22,40.4,2835.0,280.0,15.0,10.0,2180.0,345.0,2.1,5895.0,1040.0,17.7,5900.0,245.0,5900.0,3000.0,2840.0,440.0,2400.0,2840.0,145.0,1.9,5875.0,3860.0,1165.0,5875.0,2945.0,495.0,5880.0,1330.0,5805.0,5070.0,740.0,5540.0,3665.0,1875.0,3710.0,1490.0,5015.0,13.6,2135.0,510.0,5900.0,710.0,1325.0,2670.0,820.0,4875,published,3860.0,published,0.2245762711864407,0.45254237288135596,0.13898305084745763,0.40161725067385445,0.17642069550466496,0.136,0.8450704225352113,0.15492957746478872,0.8733850129198967,0.6615523465703971,0.051056338028169015,2535.0,0.8941798941798942,0.09876543209876543,0.005291005291005291,0.5012765957446809,0.08425531914893616,0.19829787234042554,0.7917948717948718,0.2261904761904762,5655.0,0.9584745762711865,0.5084745762711864,0.019,0.2388758782201405,0.12033898305084746,2077.8688524590166,118.85245901639344,True
5350218.0,5350218.00,2021S05075350218.00,0218.00,True,2674.0,3953.3,0.68,45.2,1015.0,855.0,0.0,15.0,30.0,110.0,2.6,2670.0,100.0,3.8,2675.0,10.0,2675.0,505.0,1055.0,920.0,130.0,1055.0,110.0,0.0,2755.0,2020.0,140.0,2755.0,480.0,50.0,2750.0,455.0,2745.0,2525.0,225.0,2670.0,2000.0,670.0,1380.0,1055.0,2225.0,8.3,500.0,120.0,2675.0,475.0,380.0,1095.0,535.0,2060,published,2020.0,published,0.14205607476635515,0.4093457943925234,0.2,0.7644927536231884,0.03745318352059925,0.083,0.12322274881516587,0.8720379146919431,0.9198542805100182,0.7490636704119851,0.10426540284360189,155.0,0.15270935960591134,0.8423645320197044,0.0,0.17422867513611615,0.018148820326678767,0.050816696914700546,0.9805825242718447,0.16545454545454547,2665.0,0.9962616822429906,0.18878504672897195,0.0,0.24,0.17757009345794392,227.94117647058823,161.76470588235293,True
5350219.0,5350219.00,2021S05075350219.00,0219.00,True,4531.0,3345.9,1.35,44.8,1645.0,1460.0,0.0,45.0,20.0,115.0,2.8,4530.0,240.0,5.3,4530.0,75.0,4530.0,1525.0,1610.0,1330.0,280.0,1610.0,20.0,0.0,4555.0,3210.0,415.0,4555.0,1385.0,190.0,4560.0,1120.0,4545.0,4210.0,335.0,4310.0,3210.0,1105.0,2365.0,1460.0,3745.0,14.6,985.0,180.0,4530.0,760.0,705.0,1905.0,895.0,3550,published,3210.0,published,0.15562913907284767,0.4205298013245033,0.19757174392935983,0.6173361522198731,0.052980132450331126,0.146,0.17391304347826086,0.8260869565217391,0.9262926292629263,0.7447795823665894,0.012422360248447204,180.0,0.1094224924012158,0.8875379939209727,0.0,0.3040614709110867,0.04171240395170143,0.09110867178924259,0.9042253521126761,0.24561403508771928,4455.0,0.9834437086092715,0.336644591611479,0.0,0.18274111675126903,0.16777041942604856,133.33333333333331,14.814814814814813,True
5350220.0,5350220.00,2021S05075350220.00,0220.00,True,4196.0,3229.9,1.3,48.0,1545.0,780.0,5.0,25.0,155.0,510.0,2.6,4010.0,285.0,7.1,4005.0,105.0,4005.0,1750.0,1575.0,955.0,620.0,1575.0,225.0,0.0,4085.0,3125.0,370.0,4085.0,1740.0,170.0,4085.0,770.0,4060.0,3855.0,210.0,3960.0,2920.0,1040.0,2210.0,940.0,3550.0,13.8,1135.0,150.0,4195.0,560.0,725.0,1680.0,1005.0,3475,published,3125.0,published,0.1728247914183552,0.40047675804529204,0.2395709177592372,0.4253393665158371,0.07107231920199501,0.138,0.39365079365079364,0.6063492063492063,0.9495073891625616,0.7373737373737373,0.14285714285714285,690.0,0.44660194174757284,0.5048543689320388,0.003236245954692557,0.4259485924112607,0.0416156670746634,0.09057527539779682,0.8992805755395683,0.18849449204406366,3900.0,0.9737827715355806,0.4369538077403246,0.0,0.13215859030837004,0.133492252681764,530.7692307692307,173.07692307692307,True
5350224.0,5350224.00,2021S05075350224.00,0224.00,True,1650.0,1589.4,1.04,48.8,570.0,550.0,0.0,10.0,0.0,5.0,2.9,1650.0,65.0,4.0,1650.0,25.0,1650.0,495.0,575.0,540.0,30.0,575.0,0.0,0.0,1705.0,1295.0,45.0,1705.0,475.0,0.0,1705.0,445.0,1695.0,1625.0,75.0,1615.0,1270.0,345.0,885.0,590.0,1420.0,4.8,465.0,15.0,1650.0,270.0,285.0,700.0,315.0,1320,published,1295.0,published,0.17272727272727273,0.42424242424242425,0.19090909090909092,0.6666666666666666,0.03939393939393939,0.048,0.05217391304347826,0.9391304347826087,0.9587020648967551,0.7863777089783281,0.0,15.0,0.02631578947368421,0.9649122807017544,0.0,0.2785923753665689,0.0,0.026392961876832845,0.9810606060606061,0.26099706744868034,1625.0,0.9848484848484849,0.3,0.0,0.03225806451612903,0.16363636363636364,14.423076923076923,0.0,True
5350226.0,5350226.00,2021S05075350226.00,0226.00,True,2813.0,2964.2,0.95,44.4,1005.0,895.0,65.0,5.0,30.0,0.0,2.8,2815.0,100.0,3.6,2815.0,10.0,2815.0,585.0,985.0,905.0,85.0,985.0,10.0,0.0,2750.0,1990.0,115.0,2750.0,610.0,20.0,2750.0,355.0,2745.0,2610.0,135.0,2620.0,2120.0,500.0,1420.0,1080.0,2170.0,8.4,645.0,100.0,2815.0,475.0,410.0,1160.0,535.0,2175,published,1990.0,published,0.14564831261101244,0.41207815275310833,0.19005328596802842,0.7605633802816901,0.035523978685612786,0.084,0.08629441624365482,0.9187817258883249,0.9508196721311475,0.8091603053435115,0.01015228426395939,35.0,0.03482587064676617,0.8905472636815921,0.06467661691542288,0.22181818181818183,0.007272727272727273,0.04181818181818182,0.9149425287356322,0.1290909090909091,2805.0,0.9964476021314387,0.20781527531083482,0.0,0.15503875968992248,0.16873889875666073,36.8421052631579,10.526315789473685,True
5350227.0,5350227.00,2021S05075350227.00,0227.00,True,1752.0,3562.4,0.49,48.0,655.0,550.0,0.0,5.0,100.0,0.0,2.7,1755.0,75.0,4.2,1750.0,5.0,1750.0,285.0,665.0,575.0,80.0,665.0,35.0,0.0,1770.0,1345.0,90.0,1770.0,355.0,30.0,1770.0,195.0,1765.0,1635.0,130.0,1735.0,1310.0,425.0,870.0,640.0,1520.0,4.7,390.0,65.0,1750.0,320.0,280.0,710.0,350.0,1390,published,1345.0,published,0.16,0.4057142857142857,0.2,0.735632183908046,0.042735042735042736,0.047,0.12030075187969924,0.8646616541353384,0.9263456090651558,0.7550432276657061,0.05263157894736842,105.0,0.16030534351145037,0.8396946564885496,0.0,0.20056497175141244,0.01694915254237288,0.05084745762711865,0.9676258992805755,0.11016949152542373,1745.0,0.9971428571428571,0.16285714285714287,0.0,0.16666666666666666,0.18285714285714286,214.28571428571428,71.42857142857143,True
5350228.0,5350228.00,2021S05075350228.00,0228.00,True,3144.0,3830.9,0.82,52.0,1430.0,515.0,5.0,10.0,200.0,660.0,2.2,3140.0,165.0,5.3,3145.0,15.0,3145.0,655.0,1425.0,960.0,460.0,1425.0,580.0,0.0,3160.0,2560.0,115.0,3160.0,850.0,65.0,3155.0,535.0,3135.0,2795.0,340.0,3070.0,2045.0,1020.0,1410.0,1065.0,2765.0,9.3,600.0,85.0,3145.0,425.0,465.0,1115.0,990.0,2625,published,2560.0,published,0.1478537360890302,0.35453100158982515,0.314785373608903,0.7553191489361702,0.052547770700636945,0.09300000000000001,0.32280701754385965,0.6736842105263158,0.8915470494417863,0.6661237785016286,0.4070175438596491,870.0,0.6083916083916084,0.36013986013986016,0.0034965034965034965,0.2689873417721519,0.020569620253164556,0.03639240506329114,0.9752380952380952,0.16957210776545167,3130.0,0.9952305246422893,0.2082670906200318,0.0,0.14166666666666666,0.13513513513513514,1060.9756097560976,707.3170731707318,True
5350229.0,5350229.00,2021S05075350229.00,0229.00,True,1226.0,3827.7,0.32,47.2,385.0,365.0,0.0,5.0,15.0,0.0,3.0,1150.0,70.0,6.0,1225.0,5.0,1225.0,180.0,400.0,375.0,25.0,400.0,0.0,0.0,1180.0,880.0,10.0,1180.0,175.0,0.0,1185.0,115.0,1180.0,1050.0,130.0,1145.0,855.0,290.0,570.0,475.0,965.0,10.0,255.0,25.0,1230.0,230.0,155.0,515.0,255.0,945,published,880.0,published,0.12601626016260162,0.4186991869918699,0.2073170731707317,0.8333333333333334,0.06086956521739131,0.1,0.0625,0.9375,0.8898305084745762,0.7467248908296943,0.0,20.0,0.05194805194805195,0.948051948051948,0.0,0.1483050847457627,0.0,0.00847457627118644,0.9312169312169312,0.0970464135021097,1220.0,0.9959183673469387,0.1469387755102041,0.0,0.09803921568627451,0.18699186991869918,62.5,0.0,True
5350231.0,5350231.00,2021S05075350231.00,0231.00,True,6273.0,2075.3,3.02,46.4,2470.0,1575.0,0.0,15.0,810.0,60.0,2.5,6270.0,415.0,6.6,6275.0,80.0,6275.0,1900.0,2470.0,1550.0,920.0,2470.0,35.0,0.0,6270.0,4775.0,425.0,6270.0,1720.0,165.0,6275.0,1170.0,6245.0,5790.0,455.0,6095.0,4560.0,1535.0,3175.0,1935.0,5400.0,10.2,1660.0,245.0,6275.0,925.0,1175.0,2480.0,1370.0,5140,published,4775.0,published,0.18725099601593626,0.3952191235059761,0.21832669322709164,0.6094488188976378,0.06618819776714513,0.102,0.3724696356275304,0.6275303643724697,0.9271417133706965,0.7481542247744053,0.01417004048582996,885.0,0.3582995951417004,0.6376518218623481,0.0,0.2743221690590112,0.02631578947368421,0.06778309409888357,0.9289883268482491,0.18645418326693228,6195.0,0.9872509960159362,0.30278884462151395,0.0,0.14759036144578314,0.14741035856573706,293.046357615894,11.589403973509933,True
5350232.0,5350232.00,2021S05075350232.00,0232.00,True,3820.0,1865.8,2.05,50.0,1315.0,1250.0,5.0,10.0,15.0,0.0,2.9,3820.0,170.0,4.4,3815.0,45.0,3815.0,1045.0,1285.0,1220.0,70.0,1285.0,0.0,0.0,3695.0,2915.0,130.0,3695.0,880.0,45.0,3695.0,565.0,3665.0,3425.0,245.0,3555.0,2740.0,810.0,1780.0,1170.0,3180.0,12.3,960.0,75.0,3820.0,575.0,665.0,1495.0,910.0,3140,published,2915.0,published,0.17408376963350786,0.3913612565445026,0.23821989528795812,0.6573033707865169,0.04450261780104712,0.12300000000000001,0.054474708171206226,0.9494163424124513,0.9345156889495225,0.770745428973277,0.0,25.0,0.019011406844106463,0.9505703422053232,0.0038022813688212928,0.2381596752368065,0.012178619756427604,0.035182679296346414,0.928343949044586,0.15290933694181327,3770.0,0.9882044560943644,0.27391874180865006,0.0,0.078125,0.1505235602094241,12.195121951219512,0.0,True
5350233.0,5350233.00,2021S05075350233.00,0233.00,True,5707.0,2746.0,2.08,43.6,2015.0,1530.0,5.0,20.0,0.0,440.0,2.8,5700.0,340.0,6.0,5705.0,115.0,5705.0,2115.0,2040.0,1550.0,495.0,2040.0,20.0,4.1,5775.0,4165.0,535.0,5775.0,2050.0,200.0,5770.0,1625.0,5710.0,5410.0,305.0,5460.0,4275.0,1185.0,3000.0,1725.0,4825.0,12.8,1515.0,195.0,5705.0,890.0,1025.0,2330.0,1090.0,4540,published,4165.0,published,0.1796669588080631,0.4084136722173532,0.19106047326906223,0.575,0.05964912280701754,0.128,0.2426470588235294,0.7598039215686274,0.9474605954465849,0.782967032967033,0.00980392156862745,460.0,0.228287841191067,0.7593052109181141,0.0024813895781637717,0.354978354978355,0.03463203463203463,0.09264069264069263,0.9174008810572687,0.28162911611785096,5590.0,0.9798422436459246,0.37072743207712533,0.040999999999999995,0.12871287128712872,0.15600350569675722,221.15384615384616,9.615384615384615,True
5350234.0,5350234.00,2021S05075350234.00,0234.00,True,4531.0,2157.5,2.1,43.6,1590.0,1250.0,0.0,40.0,65.0,30.0,2.8,4525.0,290.0,6.4,4525.0,95.0,4525.0,1775.0,1585.0,1305.0,285.0,1585.0,60.0,32.1,4540.0,3305.0,315.0,4540.0,1750.0,140.0,4540.0,1455.0,4520.0,4260.0,255.0,4315.0,3350.0,965.0,2365.0,1205.0,3750.0,11.3,1315.0,180.0,4530.0,725.0,865.0,1835.0,865.0,3600,published,3305.0,published,0.19094922737306844,0.40507726269315675,0.19094922737306844,0.5095137420718816,0.06408839779005525,0.113,0.17981072555205047,0.8233438485804416,0.9424778761061947,0.776361529548088,0.03785488958990536,135.0,0.08490566037735849,0.7861635220125787,0.0,0.3854625550660793,0.030837004405286344,0.06938325991189427,0.9180555555555555,0.32048458149779735,4430.0,0.9790055248618784,0.39226519337016574,0.321,0.13688212927756654,0.1600441501103753,64.28571428571428,28.57142857142857,True
5350239.0,5350239.00,2021S05075350239.00,0239.00,True,6715.0,2659.3,2.53,38.0,2400.0,760.0,75.0,45.0,85.0,1225.0,2.8,6710.0,1030.0,15.4,6710.0,205.0,6710.0,2830.0,2330.0,1045.0,1290.0,2330.0,255.0,23.0,6415.0,4250.0,865.0,6415.0,3000.0,530.0,6415.0,3585.0,6355.0,5860.0,495.0,6075.0,4335.0,1740.0,3385.0,1040.0,5245.0,17.9,1965.0,465.0,6710.0,1120.0,1565.0,2590.0,980.0,5200,published,4250.0,published,0.23323397913561847,0.3859910581222057,0.14605067064083457,0.3072378138847858,0.15350223546944858,0.179,0.5536480686695279,0.44849785407725323,0.9221085759244689,0.7135802469135802,0.10944206008583691,1355.0,0.5645833333333333,0.31666666666666665,0.03125,0.4676539360872954,0.08261886204208885,0.1348402182385035,0.8173076923076923,0.558846453624318,6505.0,0.9694485842026825,0.4217585692995529,0.23,0.2366412213740458,0.16691505216095381,535.5731225296444,100.79051383399211,True
5350241.0,5350241.00,2021S05075350241.00,0241.00,True,2772.0,2551.8,1.09,45.6,990.0,875.0,0.0,85.0,25.0,5.0,2.8,2755.0,165.0,6.0,2775.0,80.0,2775.0,1115.0,975.0,845.0,130.0,975.0,20.0,0.0,2720.0,2075.0,240.0,2720.0,1085.0,60.0,2725.0,640.0,2715.0,2505.0,210.0,2640.0,1940.0,710.0,1500.0,590.0,2400.0,9.5,980.0,130.0,2770.0,380.0,525.0,1135.0,565.0,2280,published,2075.0,published,0.18953068592057762,0.40974729241877256,0.20397111913357402,0.3933333333333333,0.05989110707803993,0.095,0.13333333333333333,0.8666666666666667,0.9226519337016574,0.7348484848484849,0.020512820512820513,115.0,0.11616161616161616,0.8838383838383839,0.0,0.39889705882352944,0.022058823529411766,0.08823529411764706,0.9100877192982456,0.23486238532110093,2695.0,0.9711711711711711,0.4018018018018018,0.0,0.1326530612244898,0.1371841155234657,105.50458715596329,18.34862385321101,True
5350242.0,5350242.00,2021S05075350242.00,0242.00,True,1566.0,2563.9,0.61,38.4,575.0,265.0,0.0,40.0,35.0,215.0,2.7,1565.0,295.0,18.8,1570.0,35.0,1570.0,655.0,540.0,265.0,275.0,540.0,20.0,65.5,1495.0,1060.0,120.0,1495.0,715.0,40.0,1500.0,850.0,1490.0,1380.0,105.0,1435.0,1090.0,345.0,775.0,235.0,1240.0,22.5,425.0,75.0,1565.0,270.0,350.0,625.0,225.0,1215,published,1060.0,published,0.22364217252396165,0.3993610223642173,0.14376996805111822,0.3032258064516129,0.18849840255591055,0.225,0.5092592592592593,0.49074074074074076,0.9261744966442953,0.759581881533101,0.037037037037037035,290.0,0.5043478260869565,0.4608695652173913,0.0,0.4782608695652174,0.026755852842809364,0.0802675585284281,0.8724279835390947,0.5666666666666667,1535.0,0.9777070063694268,0.4171974522292994,0.655,0.17647058823529413,0.17252396166134185,475.40983606557376,32.78688524590164,True
5350245.0,5350245.00,2021S05075350245.00,0245.00,True,7033.0,4949.0,1.42,40.8,2680.0,1005.0,15.0,300.0,575.0,595.0,2.6,7030.0,990.0,14.1,7030.0,200.0,7030.0,2800.0,2665.0,1180.0,1495.0,2665.0,85.0,15.1,7005.0,4715.0,1090.0,7005.0,3355.0,460.0,7000.0,4290.0,6945.0,6490.0,460.0,6665.0,5005.0,1665.0,3845.0,940.0,5900.0,15.1,2505.0,555.0,7035.0,985.0,1660.0,2765.0,1205.0,5705,published,4715.0,published,0.23596304193319118,0.39303482587064675,0.1712864250177683,0.2444733420026008,0.14082503556187767,0.151,0.5609756097560976,0.4427767354596623,0.9344852411807055,0.7509377344336085,0.03189493433395872,1470.0,0.5485074626865671,0.375,0.005597014925373134,0.47894361170592437,0.06566738044254104,0.15560314061384725,0.8264680105170903,0.6128571428571429,6830.0,0.9715504978662873,0.39829302987197723,0.151,0.2215568862275449,0.14001421464108033,1035.2112676056338,59.85915492957747,True
5350246.0,5350246.00,2021S05075350246.00,0246.00,True,3345.0,3118.3,1.07,43.6,1265.0,760.0,15.0,145.0,65.0,40.0,2.7,3345.0,405.0,12.1,3345.0,90.0,3345.0,1285.0,1275.0,810.0,465.0,1275.0,10.0,37.6,3375.0,2395.0,435.0,3375.0,1470.0,100.0,3375.0,1690.0,3365.0,3150.0,215.0,3205.0,2350.0,855.0,1875.0,575.0,2905.0,11.8,1175.0,275.0,3345.0,415.0,735.0,1330.0,640.0,2775,published,2395.0,published,0.21973094170403587,0.3976083707025411,0.19133034379671152,0.30666666666666664,0.1210762331838565,0.11800000000000001,0.36470588235294116,0.6352941176470588,0.9361069836552749,0.733229329173167,0.00784313725490196,250.0,0.1976284584980237,0.6007905138339921,0.011857707509881422,0.43555555555555553,0.02962962962962963,0.1288888888888889,0.863063063063063,0.5007407407407407,3255.0,0.9730941704035875,0.3841554559043348,0.376,0.23404255319148937,0.12406576980568013,233.6448598130841,9.345794392523365,True
5350261.0,5350261.00,2021S05075350261.00,0261.00,True,5547.0,2899.8,1.91,47.6,2205.0,75.0,110.0,95.0,555.0,1005.0,2.4,5275.0,1185.0,22.5,5285.0,255.0,5285.0,2445.0,2205.0,1215.0,995.0,2205.0,1010.0,72.4,5280.0,3785.0,680.0,5280.0,3120.0,305.0,5280.0,4115.0,5250.0,4860.0,385.0,5105.0,3655.0,1450.0,2625.0,875.0,4540.0,19.6,1325.0,420.0,5550.0,680.0,1105.0,1975.0,1515.0,4650,published,3785.0,published,0.1990990990990991,0.35585585585585583,0.27297297297297296,0.3333333333333333,0.22464454976303316,0.196,0.4512471655328798,0.5510204081632653,0.9257142857142857,0.7159647404505387,0.4580498866213152,1655.0,0.7505668934240363,0.034013605442176874,0.049886621315192746,0.5909090909090909,0.05776515151515151,0.12878787878787878,0.8139784946236559,0.7793560606060606,5030.0,0.9517502365184485,0.46263008514664145,0.7240000000000001,0.3169811320754717,0.12252252252252252,866.4921465968587,528.7958115183246,True
5350264.0,5350264.00,2021S05075350264.00,0264.00,True,1260.0,367.4,3.43,54.4,415.0,370.0,0.0,0.0,45.0,0.0,2.9,1185.0,150.0,12.6,1230.0,75.0,1230.0,555.0,425.0,375.0,50.0,425.0,60.0,0.0,1205.0,975.0,95.0,1205.0,640.0,25.0,1205.0,675.0,1205.0,1110.0,95.0,1190.0,1005.0,185.0,575.0,430.0,1075.0,4.5,330.0,15.0,1260.0,155.0,215.0,440.0,380.0,1060,published,975.0,published,0.17063492063492064,0.3492063492063492,0.30158730158730157,0.7478260869565218,0.12658227848101267,0.045,0.11764705882352941,0.8823529411764706,0.921161825726141,0.8445378151260504,0.1411764705882353,45.0,0.10843373493975904,0.891566265060241,0.0,0.5311203319502075,0.02074688796680498,0.07883817427385892,0.9198113207547169,0.5601659751037344,1155.0,0.9390243902439024,0.45121951219512196,0.0,0.045454545454545456,0.12301587301587301,13.119533527696792,17.49271137026239,True
5350265.0,5350265.00,2021S05075350265.00,0265.00,True,5555.0,2085.1,2.66,51.2,1800.0,915.0,45.0,20.0,5.0,605.0,2.6,4660.0,385.0,8.3,4665.0,45.0,4665.0,1190.0,1815.0,1570.0,245.0,1815.0,810.0,0.0,4770.0,3460.0,310.0,4770.0,1365.0,140.0,4775.0,1355.0,4760.0,4300.0,460.0,4605.0,2970.0,1635.0,2230.0,1810.0,3965.0,10.0,910.0,65.0,5555.0,855.0,760.0,1930.0,1725.0,4495,published,3460.0,published,0.13681368136813682,0.34743474347434744,0.31053105310531054,0.8116591928251121,0.08261802575107297,0.1,0.1349862258953168,0.8650137741046832,0.9033613445378151,0.6449511400651465,0.4462809917355372,630.0,0.35,0.5083333333333333,0.025,0.2861635220125786,0.029350104821802937,0.0649895178197065,0.7697441601779755,0.2837696335078534,4620.0,0.9903536977491961,0.25509110396570206,0.0,0.07142857142857142,0.15391539153915393,236.8421052631579,304.5112781954887,True
5350266.0,5350266.00,2021S05075350266.00,0266.00,True,3094.0,1135.2,2.73,49.6,1085.0,985.0,0.0,10.0,10.0,65.0,2.9,3095.0,285.0,9.1,3095.0,70.0,3095.0,1125.0,1060.0,970.0,90.0,1060.0,150.0,0.0,2965.0,2130.0,340.0,2965.0,1290.0,115.0,2960.0,1250.0,2950.0,2695.0,250.0,2870.0,1945.0,925.0,1440.0,1020.0,2580.0,7.1,650.0,70.0,3095.0,460.0,645.0,1185.0,690.0,2560,published,2130.0,published,0.2084006462035541,0.38287560581583197,0.22294022617124395,0.7083333333333334,0.09208400646203554,0.071,0.08490566037735849,0.9150943396226415,0.9135593220338983,0.6777003484320557,0.14150943396226415,85.0,0.07834101382488479,0.9078341013824884,0.0,0.4350758853288364,0.0387858347386172,0.11467116357504216,0.83203125,0.4222972972972973,3025.0,0.9773828756058158,0.36348949919224555,0.0,0.1076923076923077,0.14862681744749595,31.135531135531135,54.94505494505495,True
5350267.0,5350267.00,2021S05075350267.00,0267.00,True,6042.0,2233.5,2.71,47.6,2035.0,1715.0,0.0,10.0,0.0,260.0,3.0,6045.0,630.0,10.5,6040.0,285.0,6040.0,3055.0,2040.0,1695.0,345.0,2040.0,60.0,0.0,6130.0,4150.0,865.0,6130.0,3140.0,240.0,6130.0,4035.0,6115.0,5540.0,580.0,5960.0,4390.0,1570.0,3015.0,2255.0,5235.0,10.0,1380.0,130.0,6045.0,1030.0,1100.0,2380.0,1290.0,4855,published,4150.0,published,0.18196856906534326,0.3937138130686518,0.21339950372208435,0.7479270315091211,0.10421836228287841,0.1,0.16911764705882354,0.8308823529411765,0.9059689288634505,0.7365771812080537,0.029411764705882353,270.0,0.13267813267813267,0.8427518427518428,0.0,0.5122349102773246,0.03915171288743882,0.14110929853181076,0.854788877445932,0.6582381729200653,5755.0,0.9528145695364238,0.5057947019867549,0.0,0.09420289855072464,0.17038875103391232,99.6309963099631,22.14022140221402,True
5350268.0,5350268.00,2021S05075350268.00,0268.00,True,6458.0,2134.5,3.03,51.2,2825.0,1210.0,90.0,25.0,315.0,1020.0,2.3,6395.0,650.0,10.2,6405.0,155.0,6405.0,2495.0,2820.0,2035.0,780.0,2820.0,955.0,0.0,6305.0,4685.0,770.0,6305.0,2765.0,410.0,6310.0,2720.0,6280.0,5685.0,595.0,6090.0,4350.0,1740.0,3120.0,1825.0,5485.0,9.0,1405.0,230.0,6460.0,800.0,980.0,2500.0,1820.0,5420,published,4685.0,published,0.15170278637770898,0.38699690402476783,0.28173374613003094,0.5849358974358975,0.1016419077404222,0.09,0.2765957446808511,0.7216312056737588,0.9052547770700637,0.7142857142857143,0.33865248226950356,1360.0,0.4814159292035398,0.4283185840707965,0.03185840707964602,0.43854084060269627,0.06502775574940524,0.12212529738302934,0.8643911439114391,0.43106180665610144,6250.0,0.975800156128025,0.38953942232630756,0.0,0.16370106761565836,0.1238390092879257,448.8448844884489,315.1815181518152,True
5350275.0,5350275.00,2021S05075350275.00,0275.00,True,5567.0,2838.1,1.96,48.8,2295.0,1145.0,0.0,20.0,470.0,665.0,2.4,5565.0,405.0,7.3,5565.0,35.0,5565.0,1230.0,2340.0,1485.0,855.0,2340.0,390.0,0.0,5635.0,4270.0,510.0,5635.0,1545.0,220.0,5635.0,1575.0,5610.0,5060.0,550.0,5460.0,3930.0,1530.0,2700.0,1830.0,4910.0,9.9,1375.0,305.0,5565.0,800.0,975.0,2155.0,1395.0,4575,published,4270.0,published,0.1752021563342318,0.38724168912848156,0.25067385444743934,0.6777777777777778,0.07277628032345014,0.099,0.36538461538461536,0.6346153846153846,0.9019607843137255,0.7197802197802198,0.16666666666666666,1155.0,0.5032679738562091,0.4989106753812636,0.0,0.2741792369121562,0.03904170363797693,0.09050576752440107,0.9333333333333333,0.2795031055900621,5530.0,0.9937106918238994,0.2210242587601078,0.0,0.22181818181818183,0.14375561545372867,589.2857142857143,198.9795918367347,True
5350277.0,5350277.00,2021S05075350277.00,0277.00,True,3925.0,3818.8,1.03,36.8,1200.0,820.0,10.0,110.0,195.0,60.0,3.3,3900.0,250.0,6.3,3925.0,25.0,3925.0,760.0,1195.0,865.0,330.0,1195.0,25.0,0.0,3915.0,2300.0,535.0,3915.0,1125.0,255.0,3920.0,800.0,3885.0,3505.0,380.0,3670.0,2630.0,1045.0,1810.0,1155.0,3005.0,11.1,960.0,185.0,3925.0,855.0,790.0,1360.0,620.0,2815,published,2300.0,published,0.20127388535031848,0.3464968152866242,0.15796178343949044,0.638121546961326,0.0641025641025641,0.111,0.27615062761506276,0.7238493723849372,0.9021879021879022,0.7166212534059946,0.02092050209205021,365.0,0.30416666666666664,0.6833333333333333,0.008333333333333333,0.28735632183908044,0.06513409961685823,0.13665389527458494,0.8170515097690941,0.20408163265306123,3900.0,0.9936305732484076,0.19363057324840766,0.0,0.19270833333333334,0.2178343949044586,354.36893203883494,24.271844660194173,True
5350278.0,5350278.00,2021S05075350278.00,0278.00,True,7734.0,5798.9,1.33,36.8,2785.0,1025.0,10.0,245.0,545.0,950.0,2.8,7705.0,830.0,10.8,7700.0,170.0,7700.0,2140.0,2700.0,1310.0,1390.0,2700.0,380.0,22.3,7520.0,4615.0,1115.0,7520.0,2785.0,415.0,7515.0,1910.0,7370.0,6805.0,560.0,6945.0,4715.0,2225.0,3515.0,1810.0,5875.0,11.5,1980.0,550.0,7735.0,1410.0,1675.0,2555.0,1400.0,5715,published,4615.0,published,0.21654815772462832,0.33031674208144796,0.18099547511312217,0.5149359886201992,0.10772225827384815,0.115,0.5148148148148148,0.48518518518518516,0.923337856173677,0.6789056875449964,0.14074074074074075,1740.0,0.6247755834829444,0.36804308797127466,0.003590664272890485,0.3703457446808511,0.05518617021276596,0.14827127659574468,0.8075240594925635,0.2541583499667332,7530.0,0.977922077922078,0.2779220779220779,0.223,0.2777777777777778,0.18228829993535875,1308.2706766917292,285.7142857142857,True
5350280.0,5350280.00,2021S05075350280.00,0280.00,True,7217.0,3378.0,2.14,40.8,2875.0,640.0,95.0,35.0,330.0,1775.0,2.5,7180.0,920.0,12.9,7185.0,385.0,7185.0,3560.0,2875.0,990.0,1880.0,2875.0,355.0,5.8,7175.0,4525.0,1340.0,7175.0,3915.0,555.0,7180.0,4375.0,7110.0,6700.0,405.0,6795.0,5150.0,1645.0,4025.0,945.0,5995.0,17.1,2555.0,755.0,7215.0,1055.0,1585.0,2985.0,1145.0,5785,published,4525.0,published,0.21968121968121967,0.41372141372141374,0.1586971586971587,0.23478260869565218,0.12813370473537605,0.171,0.6539130434782608,0.3443478260869565,0.9423347398030942,0.7579102281089036,0.12347826086956522,2140.0,0.7443478260869565,0.22260869565217392,0.03304347826086956,0.5456445993031359,0.07735191637630662,0.1867595818815331,0.7821953327571305,0.6093314763231198,6800.0,0.9464161447459986,0.4954766875434934,0.057999999999999996,0.29549902152641877,0.14622314622314622,999.9999999999999,165.88785046728972,True
5350282.0,5350282.00,2021S05075350282.00,0282.00,True,4588.0,2067.5,2.22,42.4,1590.0,950.0,160.0,165.0,65.0,145.0,2.8,4485.0,250.0,5.6,4585.0,220.0,4585.0,1940.0,1585.0,1355.0,230.0,1585.0,190.0,0.0,4490.0,3245.0,450.0,4490.0,1800.0,130.0,4485.0,1735.0,4455.0,4155.0,300.0,4280.0,3195.0,1085.0,2550.0,650.0,3830.0,13.2,1515.0,160.0,4590.0,590.0,1035.0,1915.0,795.0,3795,published,3245.0,published,0.22549019607843138,0.41721132897603486,0.17320261437908496,0.2549019607843137,0.055741360089186176,0.132,0.14511041009463724,0.8548895899053628,0.9326599326599326,0.7464953271028038,0.11987381703470032,375.0,0.2358490566037736,0.5974842767295597,0.10062893081761007,0.40089086859688194,0.028953229398663696,0.10022271714922049,0.855072463768116,0.38684503901895206,4365.0,0.9520174482006543,0.42311886586695746,0.0,0.10561056105610561,0.12854030501089325,168.9189189189189,85.58558558558558,True
5350284.0,5350284.00,2021S05075350284.00,0284.00,True,6762.0,4786.6,1.41,42.8,2410.0,980.0,105.0,80.0,275.0,880.0,2.7,6570.0,610.0,9.2,6705.0,385.0,6705.0,3505.0,2425.0,1220.0,1215.0,2425.0,200.0,4.5,6585.0,4165.0,1325.0,6585.0,3370.0,490.0,6585.0,3395.0,6540.0,6095.0,440.0,6275.0,4580.0,1695.0,3675.0,995.0,5550.0,13.3,2330.0,630.0,6760.0,905.0,1475.0,2615.0,1345.0,5535,published,4165.0,published,0.21819526627218935,0.3868343195266272,0.1989644970414201,0.2707482993197279,0.0928462709284627,0.133,0.5010309278350515,0.5030927835051546,0.9319571865443425,0.7298804780876494,0.08247422680412371,1235.0,0.5124481327800829,0.4066390041493776,0.043568464730290454,0.5117691723614275,0.07441154138192863,0.2012148823082764,0.7524841915085817,0.5155656795747912,6320.0,0.9425801640566741,0.522744220730798,0.045,0.2703862660944206,0.1338757396449704,875.886524822695,141.84397163120568,True
5350285.0,5350285.00,2021S05075350285.00,0285.00,True,3278.0,2942.8,1.11,45.2,1200.0,640.0,75.0,120.0,345.0,10.0,2.7,3270.0,280.0,8.6,3275.0,230.0,3275.0,1600.0,1175.0,750.0,425.0,1175.0,45.0,5.9,3260.0,2370.0,445.0,3260.0,1610.0,165.0,3260.0,1270.0,3235.0,3015.0,220.0,3120.0,2305.0,820.0,1765.0,570.0,2840.0,17.9,1085.0,230.0,3280.0,375.0,760.0,1295.0,675.0,2755,published,2370.0,published,0.23170731707317074,0.3948170731707317,0.20579268292682926,0.32294617563739375,0.0856269113149847,0.179,0.3617021276595745,0.6382978723404256,0.9319938176197836,0.7387820512820513,0.03829787234042553,475.0,0.3958333333333333,0.5333333333333333,0.0625,0.4938650306748466,0.05061349693251534,0.13650306748466257,0.8602540834845736,0.3895705521472393,3045.0,0.9297709923664123,0.48854961832061067,0.059000000000000004,0.2119815668202765,0.11432926829268293,427.9279279279279,40.54054054054054,True
5350286.0,5350286.00,2021S05075350286.00,0286.00,True,6768.0,2086.2,3.24,34.0,3015.0,560.0,35.0,145.0,395.0,720.0,2.2,6745.0,1010.0,15.0,6750.0,275.0,6750.0,3250.0,2950.0,1405.0,1545.0,2950.0,1935.0,22.9,6445.0,4120.0,1505.0,6445.0,2940.0,660.0,6445.0,3660.0,6345.0,5160.0,1180.0,6095.0,2630.0,3460.0,4105.0,1945.0,5675.0,14.5,1980.0,565.0,6765.0,705.0,2485.0,2315.0,855.0,5745,published,4120.0,published,0.36733185513673317,0.34220251293422027,0.12638580931263857,0.47381242387332523,0.1497405485544848,0.145,0.523728813559322,0.47627118644067795,0.8132387706855791,0.43150123051681705,0.6559322033898305,1260.0,0.417910447761194,0.1857379767827529,0.011608623548922056,0.4561675717610551,0.10240496508921644,0.2335143522110163,0.7171453437771975,0.5678820791311094,6475.0,0.9592592592592593,0.48148148148148145,0.22899999999999998,0.28535353535353536,0.10421286031042129,388.88888888888886,597.2222222222222,True
5350288.0,5350288.00,2021S05075350288.00,0288.00,True,11027.0,4191.7,2.63,37.6,4610.0,1120.0,0.0,380.0,1035.0,2060.0,2.4,10985.0,1180.0,10.8,10985.0,190.0,10985.0,4205.0,4610.0,2310.0,2300.0,4610.0,1820.0,10.2,10980.0,6855.0,2225.0,10980.0,5075.0,1035.0,10985.0,5750.0,10870.0,8470.0,2405.0,10385.0,6040.0,4350.0,6525.0,3325.0,9235.0,12.3,3960.0,1365.0,11025.0,1495.0,2980.0,4540.0,1330.0,8940,published,6855.0,published,0.2702947845804989,0.4117913832199546,0.12063492063492064,0.5095785440613027,0.10741920801092399,0.12300000000000001,0.49891540130151846,0.5010845986984815,0.7792088316467342,0.5816080885893115,0.3947939262472885,3475.0,0.7537960954446855,0.24295010845986983,0.0,0.4622040072859745,0.0942622950819672,0.20264116575591987,0.7667785234899329,0.5234410559854347,10795.0,0.9827036868456986,0.38279472007282656,0.102,0.3446969696969697,0.13560090702947847,1321.2927756653994,692.0152091254753,True
5350289.0,5350289.00,2021S05075350289.00,0289.00,True,4885.0,3752.8,1.3,42.0,1825.0,985.0,60.0,85.0,690.0,5.0,2.7,4860.0,410.0,8.4,4865.0,245.0,4865.0,2505.0,1820.0,1125.0,700.0,1820.0,210.0,0.0,4870.0,3100.0,970.0,4870.0,2375.0,410.0,4865.0,2095.0,4800.0,4330.0,475.0,4625.0,3105.0,1525.0,2745.0,885.0,4130.0,14.5,1735.0,515.0,4885.0,610.0,1155.0,2010.0,830.0,4060,published,3100.0,published,0.23643807574206754,0.41146366427840325,0.1699078812691914,0.3224043715846995,0.08436213991769548,0.145,0.38461538461538464,0.6181318681318682,0.9020833333333333,0.6713513513513514,0.11538461538461539,780.0,0.4273972602739726,0.5397260273972603,0.03287671232876712,0.48767967145790553,0.08418891170431211,0.19917864476386038,0.7635467980295566,0.4306269270298047,4620.0,0.9496402877697842,0.5149023638232272,0.0,0.2968299711815562,0.12487205731832139,600.0,161.53846153846152,True
5350292.0,5350292.00,2021S05075350292.00,0292.00,True,8580.0,2297.5,3.73,36.0,2790.0,510.0,365.0,140.0,255.0,1150.0,3.1,8565.0,1210.0,14.1,8580.0,415.0,8580.0,3505.0,2790.0,1345.0,1445.0,2790.0,200.0,7.9,8565.0,4590.0,2400.0,8565.0,4405.0,770.0,8565.0,6965.0,8470.0,7705.0,770.0,7970.0,4905.0,3060.0,4720.0,1080.0,6810.0,17.4,3215.0,935.0,8580.0,1480.0,2050.0,3505.0,860.0,6495,published,4590.0,published,0.23892773892773891,0.4085081585081585,0.10023310023310024,0.2288135593220339,0.14127262113251604,0.174,0.517921146953405,0.482078853046595,0.9096812278630461,0.6154328732747805,0.07168458781362007,1545.0,0.553763440860215,0.1827956989247312,0.13082437275985664,0.514302393461763,0.08990075890251022,0.28021015761821366,0.7066974595842956,0.8131932282545242,8165.0,0.9516317016317016,0.4085081585081585,0.079,0.29082426127527217,0.17249417249417248,414.20911528150134,53.61930294906166,True
5350293.0,5350293.00,2021S05075350293.00,0293.00,True,6808.0,3389.8,2.01,40.0,2325.0,880.0,370.0,145.0,200.0,570.0,2.9,6805.0,615.0,9.0,6810.0,315.0,6810.0,3065.0,2330.0,1830.0,500.0,2330.0,550.0,18.0,6800.0,4760.0,875.0,6800.0,3455.0,390.0,6800.0,4150.0,6735.0,6190.0,550.0,6440.0,4495.0,1950.0,3920.0,1265.0,5765.0,14.1,2345.0,435.0,6810.0,970.0,1600.0,2805.0,980.0,5495,published,4760.0,published,0.23494860499265785,0.4118942731277533,0.14390602055800295,0.3227040816326531,0.09037472446730345,0.141,0.2145922746781116,0.7854077253218884,0.9190794357832219,0.6979813664596274,0.23605150214592274,915.0,0.3935483870967742,0.37849462365591396,0.15913978494623657,0.5080882352941176,0.057352941176470586,0.12867647058823528,0.8662420382165605,0.6102941176470589,6495.0,0.9537444933920705,0.4500734214390602,0.18,0.18550106609808104,0.14243759177679882,455.22388059701495,273.63184079601996,True
5350295.0,5350295.00,2021S05075350295.00,0295.00,True,5481.0,5049.8,1.09,40.8,1950.0,540.0,80.0,40.0,1020.0,0.0,2.8,5475.0,555.0,10.1,5475.0,305.0,5475.0,2800.0,1970.0,855.0,1115.0,1970.0,150.0,2.7,5460.0,3550.0,1025.0,5460.0,3035.0,440.0,5465.0,3495.0,5395.0,5085.0,310.0,5190.0,3845.0,1345.0,3160.0,880.0,4660.0,15.6,2065.0,595.0,5480.0,770.0,1210.0,2250.0,870.0,4410,published,3550.0,published,0.2208029197080292,0.41058394160583944,0.15875912408759124,0.27848101265822783,0.10136986301369863,0.156,0.565989847715736,0.434010152284264,0.9425393883225208,0.7408477842003853,0.07614213197969544,1060.0,0.5435897435897435,0.27692307692307694,0.041025641025641026,0.5558608058608059,0.08058608058608059,0.18772893772893773,0.8049886621315193,0.6395242451967064,5170.0,0.9442922374429223,0.5114155251141552,0.027000000000000003,0.288135593220339,0.14051094890510948,972.4770642201834,137.61467889908255,True
5350296.0,5350296.00,2021S05075350296.00,0296.00,True,1744.0,375.3,4.65,32.0,650.0,170.0,100.0,135.0,135.0,40.0,2.7,1740.0,175.0,10.1,1745.0,40.0,1745.0,790.0,665.0,385.0,285.0,665.0,310.0,14.3,1840.0,1045.0,480.0,1840.0,860.0,260.0,1840.0,1290.0,1810.0,1240.0,570.0,1700.0,190.0,1500.0,1215.0,685.0,1500.0,10.6,620.0,140.0,1745.0,245.0,635.0,675.0,70.0,1370,published,1045.0,published,0.3638968481375358,0.3868194842406877,0.04011461318051576,0.5637860082304527,0.10057471264367816,0.106,0.42857142857142855,0.5789473684210527,0.6850828729281768,0.11176470588235295,0.46616541353383456,310.0,0.47692307692307695,0.26153846153846155,0.15384615384615385,0.4673913043478261,0.14130434782608695,0.2608695652173913,0.7627737226277372,0.7010869565217391,1705.0,0.9770773638968482,0.45272206303724927,0.14300000000000002,0.22580645161290322,0.14040114613180515,66.66666666666666,66.66666666666666,True
5350298.0,5350298.00,2021S05075350298.00,0298.00,True,4561.0,2016.5,2.26,40.8,1530.0,805.0,0.0,20.0,195.0,500.0,3.0,4565.0,360.0,7.9,4560.0,65.0,4560.0,1370.0,1550.0,820.0,725.0,1550.0,20.0,4.1,4535.0,3005.0,625.0,4535.0,1675.0,310.0,4535.0,1235.0,4510.0,4250.0,260.0,4325.0,3360.0,960.0,2440.0,1500.0,3770.0,10.8,1355.0,305.0,4560.0,850.0,845.0,1985.0,575.0,3460,published,3005.0,published,0.18530701754385964,0.43530701754385964,0.12609649122807018,0.6147540983606558,0.07886089813800658,0.10800000000000001,0.46774193548387094,0.5290322580645161,0.9423503325942351,0.776878612716763,0.012903225806451613,715.0,0.4673202614379085,0.5261437908496732,0.0,0.36934950385887544,0.06835722160970231,0.1378169790518192,0.8684971098265896,0.2723263506063947,4495.0,0.9857456140350878,0.30043859649122806,0.040999999999999995,0.22509225092250923,0.18640350877192982,316.37168141592923,8.849557522123895,True
5350303.0,5350303.00,2021S05075350303.00,0303.00,True,6080.0,5718.0,1.06,35.2,2285.0,360.0,0.0,45.0,5.0,1740.0,2.7,6080.0,995.0,16.4,6075.0,320.0,6075.0,3780.0,2250.0,610.0,1640.0,2250.0,545.0,5.5,6065.0,3130.0,2115.0,6065.0,3820.0,895.0,6065.0,5015.0,6000.0,5130.0,865.0,5780.0,3255.0,2525.0,3660.0,1795.0,5175.0,18.4,1930.0,800.0,6080.0,795.0,1975.0,2300.0,720.0,5030,published,3130.0,published,0.3248355263157895,0.3782894736842105,0.11842105263157894,0.49043715846994534,0.16365131578947367,0.184,0.7288888888888889,0.27111111111111114,0.855,0.5631487889273357,0.24222222222222223,1790.0,0.7833698030634574,0.1575492341356674,0.0,0.629843363561418,0.14756801319043694,0.34872217642209397,0.6222664015904572,0.8268755152514426,5755.0,0.9473251028806584,0.6222222222222222,0.055,0.41450777202072536,0.13075657894736842,1688.6792452830189,514.1509433962264,True
5350309.0,5350309.00,2021S05075350309.00,0309.00,True,6361.0,8635.6,0.74,41.6,2290.0,75.0,25.0,20.0,85.0,2000.0,2.7,6205.0,785.0,12.7,6200.0,215.0,6200.0,3515.0,2290.0,285.0,2000.0,2290.0,170.0,8.8,6045.0,3265.0,1925.0,6045.0,4230.0,1000.0,6045.0,4095.0,5960.0,5220.0,740.0,5670.0,3630.0,2040.0,3450.0,1475.0,5095.0,15.2,2340.0,975.0,6360.0,780.0,1465.0,2705.0,1005.0,5245,published,3265.0,published,0.23034591194968554,0.425314465408805,0.1580188679245283,0.427536231884058,0.12651087832393232,0.152,0.8733624454148472,0.12445414847161572,0.8758389261744967,0.6402116402116402,0.07423580786026202,2105.0,0.9192139737991266,0.03275109170305677,0.010917030567685589,0.6997518610421837,0.1654259718775848,0.3184449958643507,0.6224976167778837,0.6774193548387096,5985.0,0.9653225806451613,0.5669354838709677,0.08800000000000001,0.4166666666666667,0.12264150943396226,2844.5945945945946,229.72972972972974,True
5350313.0,5350313.00,2021S05075350313.00,0313.00,True,5554.0,1935.2,2.87,40.8,1825.0,380.0,660.0,40.0,730.0,0.0,3.0,5555.0,470.0,8.5,5555.0,305.0,5555.0,2585.0,1825.0,1185.0,640.0,1825.0,35.0,3.9,5555.0,3645.0,875.0,5555.0,2910.0,330.0,5555.0,3845.0,5505.0,5110.0,400.0,5285.0,3765.0,1515.0,2990.0,760.0,4645.0,14.9,1945.0,400.0,5555.0,850.0,1240.0,2230.0,905.0,4460,published,3645.0,published,0.2232223222322232,0.4014401440144014,0.1629162916291629,0.25418060200668896,0.0846084608460846,0.149,0.3506849315068493,0.6493150684931507,0.9282470481380564,0.7123935666982024,0.019178082191780823,770.0,0.42191780821917807,0.20821917808219179,0.36164383561643837,0.5238523852385238,0.0594059405940594,0.15751575157515751,0.8172645739910314,0.6921692169216922,5250.0,0.9450945094509451,0.46534653465346537,0.039,0.20565552699228792,0.15301530153015303,268.2926829268293,12.195121951219512,True
5350319.0,5350319.00,2021S05075350319.00,0319.00,True,4099.0,3411.3,1.2,45.2,1510.0,1035.0,0.0,115.0,20.0,325.0,2.7,4090.0,640.0,15.8,4090.0,270.0,4090.0,2590.0,1505.0,940.0,560.0,1505.0,80.0,0.0,4225.0,2745.0,1080.0,4225.0,2695.0,420.0,4225.0,2705.0,4200.0,3695.0,500.0,4105.0,2545.0,1555.0,2510.0,1315.0,3835.0,13.3,1240.0,370.0,4100.0,440.0,990.0,1710.0,785.0,3535,published,2745.0,published,0.24146341463414633,0.4170731707317073,0.19146341463414634,0.5239043824701195,0.15647921760391198,0.133,0.37209302325581395,0.6245847176079734,0.8797619047619047,0.6199756394640682,0.053156146179401995,460.0,0.304635761589404,0.6854304635761589,0.0,0.6378698224852071,0.09940828402366864,0.2556213017751479,0.7765205091937766,0.6402366863905326,3820.0,0.9339853300733496,0.6332518337408313,0.0,0.29838709677419356,0.1073170731707317,383.33333333333337,66.66666666666667,True
5350330.0,5350330.00,2021S05075350330.00,0330.00,True,4252.0,1901.0,2.24,49.6,1710.0,1180.0,70.0,100.0,10.0,350.0,2.5,4250.0,245.0,5.8,4250.0,35.0,4250.0,990.0,1735.0,1300.0,440.0,1735.0,10.0,0.0,4345.0,3330.0,255.0,4345.0,1295.0,60.0,4345.0,1440.0,4335.0,3880.0,450.0,4130.0,2935.0,1190.0,2095.0,965.0,3695.0,12.7,1015.0,175.0,4255.0,525.0,695.0,1655.0,1150.0,3560,published,3330.0,published,0.16333725029377202,0.3889541715628672,0.2702702702702703,0.4606205250596659,0.05764705882352941,0.127,0.25360230547550433,0.7492795389048992,0.895040369088812,0.7106537530266344,0.005763688760806916,460.0,0.26900584795321636,0.6900584795321637,0.04093567251461988,0.29804372842347526,0.01380897583429229,0.05868814729574223,0.9353932584269663,0.33141542002301494,4215.0,0.991764705882353,0.23294117647058823,0.0,0.1724137931034483,0.12338425381903642,205.35714285714283,4.4642857142857135,True
5350332.0,5350332.00,2021S05075350332.00,0332.00,True,7337.0,4795.4,1.53,40.4,2765.0,485.0,30.0,75.0,160.0,1780.0,2.6,7225.0,1455.0,20.1,7235.0,195.0,7235.0,2915.0,2760.0,1030.0,1735.0,2760.0,510.0,43.4,7225.0,4820.0,1050.0,7225.0,3740.0,475.0,7225.0,5450.0,7175.0,6595.0,580.0,6850.0,4670.0,2175.0,3935.0,1175.0,5950.0,16.9,2095.0,630.0,7335.0,1165.0,1615.0,2880.0,1195.0,5780,published,4820.0,published,0.2201772324471711,0.39263803680981596,0.1629175187457396,0.29860228716645487,0.2013840830449827,0.16899999999999998,0.6286231884057971,0.37318840579710144,0.9191637630662021,0.6817518248175183,0.18478260869565216,2015.0,0.72875226039783,0.17540687160940324,0.0108499095840868,0.5176470588235295,0.0657439446366782,0.1453287197231834,0.8339100346020761,0.754325259515571,7040.0,0.9730476848652384,0.4029025570145128,0.434,0.30071599045346065,0.15882753919563736,1316.9934640522877,333.3333333333333,True
5350333.0,5350333.00,2021S05075350333.00,0333.00,True,4717.0,1927.5,2.45,43.2,1635.0,1120.0,5.0,125.0,50.0,50.0,2.9,4715.0,335.0,7.1,4715.0,65.0,4715.0,1360.0,1650.0,1255.0,390.0,1650.0,75.0,26.6,4735.0,3510.0,435.0,4735.0,1615.0,145.0,4740.0,2270.0,4690.0,4315.0,370.0,4510.0,3320.0,1190.0,2540.0,1020.0,4045.0,15.3,1395.0,295.0,4715.0,705.0,1015.0,1865.0,850.0,3825,published,3510.0,published,0.21527041357370094,0.3955461293743372,0.18027571580063625,0.4015748031496063,0.07104984093319194,0.153,0.23636363636363636,0.7606060606060606,0.920042643923241,0.7361419068736141,0.045454545454545456,225.0,0.13761467889908258,0.6850152905198776,0.0030581039755351682,0.34107708553326294,0.030623020063357972,0.09186906019007392,0.9176470588235294,0.47890295358649787,4650.0,0.9862142099681867,0.28844114528101805,0.266,0.2114695340501792,0.14952279957582185,91.83673469387755,30.612244897959183,True
5350334.0,5350334.00,2021S05075350334.00,0334.00,True,3610.0,1474.7,2.45,44.4,1285.0,1115.0,0.0,115.0,50.0,0.0,2.8,3590.0,300.0,8.4,3610.0,45.0,3610.0,840.0,1265.0,1075.0,195.0,1265.0,20.0,0.0,3570.0,2565.0,250.0,3570.0,965.0,75.0,3565.0,965.0,3545.0,3175.0,370.0,3410.0,2335.0,1080.0,1905.0,1070.0,2950.0,11.3,935.0,160.0,3610.0,615.0,660.0,1530.0,615.0,2840,published,2565.0,published,0.18282548476454294,0.42382271468144045,0.1703601108033241,0.5616797900262467,0.08356545961002786,0.113,0.1541501976284585,0.849802371541502,0.8956276445698167,0.6847507331378299,0.015810276679841896,165.0,0.12840466926070038,0.867704280155642,0.0,0.2703081232492997,0.02100840336134454,0.0700280112044818,0.903169014084507,0.270687237026648,3565.0,0.9875346260387812,0.23268698060941828,0.0,0.1711229946524064,0.1703601108033241,67.3469387755102,8.16326530612245,True
5350335.0,5350335.00,2021S05075350335.00,0335.00,True,7857.0,3523.5,2.23,43.2,2960.0,1160.0,55.0,220.0,65.0,1245.0,2.6,7825.0,1110.0,14.2,7850.0,215.0,7850.0,3170.0,2960.0,1395.0,1560.0,2960.0,100.0,23.0,7825.0,5450.0,1025.0,7825.0,3565.0,415.0,7825.0,4710.0,7755.0,7060.0,695.0,7495.0,5235.0,2255.0,4115.0,1725.0,6620.0,17.4,2315.0,635.0,7860.0,1160.0,1670.0,3060.0,1500.0,6350,published,5450.0,published,0.21246819338422393,0.3893129770992366,0.19083969465648856,0.41919805589307413,0.14185303514376996,0.174,0.527027027027027,0.47128378378378377,0.9103803997421018,0.6984656437625083,0.033783783783783786,1530.0,0.5168918918918919,0.3918918918918919,0.018581081081081082,0.45559105431309904,0.053035143769968054,0.13099041533546327,0.8582677165354331,0.6019169329073483,7635.0,0.9726114649681529,0.40382165605095544,0.23,0.27429805615550756,0.1475826972010178,686.0986547085201,44.84304932735426,True
5350336.0,5350336.00,2021S05075350336.00,0336.00,True,6901.0,4283.4,1.61,42.4,2440.0,1655.0,150.0,505.0,120.0,0.0,2.8,6775.0,500.0,7.4,6780.0,190.0,6780.0,2280.0,2390.0,1960.0,430.0,2390.0,40.0,4.6,6730.0,4895.0,600.0,6730.0,2490.0,250.0,6730.0,3240.0,6665.0,5995.0,665.0,6390.0,4425.0,1965.0,3915.0,1415.0,5715.0,15.3,2125.0,500.0,6900.0,865.0,1575.0,2920.0,1125.0,5710,published,4895.0,published,0.22826086956521738,0.42318840579710143,0.16304347826086957,0.3614303959131545,0.07380073800738007,0.153,0.1799163179916318,0.8200836820083682,0.8994748687171793,0.6924882629107981,0.016736401673640166,625.0,0.25614754098360654,0.6782786885245902,0.06147540983606557,0.3699851411589896,0.03714710252600297,0.08915304606240713,0.8572679509632224,0.4814264487369985,6590.0,0.971976401179941,0.336283185840708,0.046,0.23529411764705882,0.12536231884057972,388.19875776397515,24.844720496894407,True
5350338.0,5350338.00,2021S05075350338.00,0338.00,True,6092.0,3616.5,1.68,45.6,2680.0,1485.0,65.0,155.0,575.0,330.0,2.2,6000.0,685.0,11.5,6090.0,35.0,6090.0,905.0,2695.0,1760.0,935.0,2695.0,150.0,42.2,6105.0,4580.0,450.0,6105.0,1460.0,130.0,6105.0,1445.0,6045.0,5555.0,495.0,5825.0,4050.0,1780.0,3575.0,1505.0,5170.0,15.4,1665.0,270.0,6090.0,805.0,1030.0,2750.0,1115.0,4990,published,4580.0,published,0.16912972085385877,0.451559934318555,0.18308702791461412,0.42097902097902096,0.11416666666666667,0.154,0.3469387755102041,0.6530612244897959,0.9189412737799835,0.6952789699570815,0.055658627087198514,1060.0,0.39552238805970147,0.5541044776119403,0.024253731343283583,0.23914823914823916,0.021294021294021293,0.07371007371007371,0.9178356713426854,0.23669123669123668,6055.0,0.9942528735632183,0.14860426929392448,0.42200000000000004,0.16216216216216217,0.13218390804597702,630.952380952381,89.28571428571429,True
5350339.0,5350339.00,2021S05075350339.00,0339.00,True,6937.0,3817.0,1.82,46.8,3095.0,1410.0,200.0,130.0,630.0,715.0,2.2,6940.0,515.0,7.4,6935.0,40.0,6935.0,920.0,3095.0,2035.0,1060.0,3095.0,445.0,3.8,6935.0,5210.0,385.0,6935.0,1385.0,145.0,6935.0,1295.0,6875.0,6190.0,690.0,6640.0,4485.0,2155.0,3680.0,2105.0,5845.0,12.5,1725.0,265.0,6935.0,1050.0,1025.0,2955.0,1495.0,5605,published,5210.0,published,0.14780100937274693,0.4260994953136265,0.21557317952415284,0.5720108695652174,0.07420749279538905,0.125,0.34248788368336025,0.6575121163166397,0.9003636363636364,0.6754518072289156,0.14378029079159935,1475.0,0.4765751211631664,0.4555735056542811,0.06462035541195477,0.19971160778658975,0.02090843547224225,0.0555155010814708,0.9295272078501338,0.18673395818312905,6895.0,0.9942321557317952,0.13266041816870944,0.038,0.1536231884057971,0.1514059120403749,810.4395604395604,244.5054945054945,True
5350340.0,5350340.00,2021S05075350340.00,0340.00,True,6931.0,5466.5,1.27,37.6,2455.0,1070.0,90.0,205.0,120.0,950.0,2.8,6925.0,1095.0,15.8,6925.0,230.0,6925.0,3125.0,2425.0,1220.0,1205.0,2425.0,35.0,5.4,6890.0,4160.0,1555.0,6890.0,3595.0,900.0,6895.0,4655.0,6805.0,6075.0,730.0,6425.0,4320.0,2100.0,3975.0,1685.0,5615.0,14.7,2170.0,740.0,6935.0,1100.0,1595.0,2880.0,860.0,5375,published,4160.0,published,0.22999279019466473,0.4152847873107426,0.1240086517664023,0.4238993710691824,0.15812274368231047,0.147,0.49690721649484537,0.5030927835051546,0.8927259368111683,0.6723735408560312,0.01443298969072165,1275.0,0.5193482688391039,0.43584521384928715,0.03665987780040733,0.5217706821480407,0.13062409288824384,0.22568940493468795,0.773953488372093,0.6751269035532995,6695.0,0.9667870036101083,0.45126353790613716,0.054000000000000006,0.34101382488479265,0.15861571737563085,1003.9370078740158,27.559055118110237,True
5350342.0,5350342.00,2021S05075350342.00,0342.00,True,7329.0,5925.8,1.24,39.2,2370.0,225.0,495.0,110.0,335.0,600.0,3.1,7215.0,740.0,10.3,7225.0,265.0,7225.0,3440.0,2455.0,1465.0,990.0,2455.0,185.0,11.1,7400.0,4975.0,1085.0,7400.0,4135.0,495.0,7395.0,5610.0,7365.0,6825.0,540.0,7065.0,5090.0,1975.0,4395.0,1750.0,6215.0,15.5,2495.0,905.0,7330.0,1125.0,1710.0,3110.0,930.0,5835,published,4975.0,published,0.23328785811732605,0.4242837653478854,0.12687585266030013,0.3981797497155859,0.10256410256410256,0.155,0.40325865580448067,0.5967413441955194,0.9266802443991853,0.7204529370134466,0.07535641547861507,1045.0,0.4409282700421941,0.0949367088607595,0.2088607594936709,0.5587837837837838,0.06689189189189189,0.14662162162162162,0.8526135389888603,0.7586206896551724,6960.0,0.9633217993079585,0.47612456747404847,0.111,0.3627254509018036,0.1534788540245566,842.741935483871,149.19354838709677,True
5350343.0,5350343.00,2021S05075350343.00,0343.00,True,4260.0,3828.9,1.11,41.2,1550.0,680.0,205.0,215.0,250.0,185.0,2.8,4260.0,630.0,14.8,4260.0,200.0,4260.0,1885.0,1460.0,855.0,600.0,1460.0,0.0,28.9,4075.0,2775.0,550.0,4075.0,1895.0,270.0,4075.0,2555.0,4025.0,3645.0,380.0,3860.0,2720.0,1150.0,2150.0,655.0,3435.0,17.1,1140.0,340.0,4260.0,610.0,1025.0,1680.0,725.0,3475,published,2775.0,published,0.24061032863849766,0.39436619718309857,0.17018779342723006,0.30465116279069765,0.14788732394366197,0.171,0.410958904109589,0.5856164383561644,0.9055900621118013,0.7046632124352331,0.0,650.0,0.41935483870967744,0.43870967741935485,0.13225806451612904,0.46503067484662575,0.06625766871165645,0.13496932515337423,0.7985611510791367,0.6269938650306749,4060.0,0.9530516431924883,0.4424882629107981,0.289,0.2982456140350877,0.1431924882629108,585.5855855855856,0.0,True
5350345.0,5350345.00,2021S05075350345.00,0345.00,True,4042.0,5121.0,0.79,41.2,1360.0,660.0,175.0,195.0,195.0,90.0,2.9,4005.0,405.0,10.1,4005.0,185.0,4005.0,1910.0,1360.0,1040.0,320.0,1360.0,140.0,0.0,4000.0,2845.0,525.0,4000.0,2160.0,205.0,4005.0,2865.0,3980.0,3580.0,400.0,3850.0,2735.0,1110.0,2290.0,965.0,3465.0,16.4,1310.0,460.0,4040.0,520.0,1030.0,1635.0,650.0,3340,published,2845.0,published,0.25495049504950495,0.40470297029702973,0.1608910891089109,0.42139737991266374,0.10112359550561797,0.16399999999999998,0.23529411764705882,0.7647058823529411,0.8994974874371859,0.7103896103896103,0.10294117647058823,480.0,0.35294117647058826,0.4852941176470588,0.12867647058823528,0.54,0.05125,0.13125,0.8517964071856288,0.7153558052434457,3820.0,0.9538077403245943,0.4769038701622971,0.0,0.3511450381679389,0.12871287128712872,607.5949367088607,177.2151898734177,True
5350347.0,5350347.00,2021S05075350347.00,0347.00,True,3390.0,2261.2,1.5,37.2,1080.0,80.0,260.0,40.0,220.0,0.0,2.9,3130.0,255.0,8.2,3135.0,75.0,3135.0,1405.0,1105.0,905.0,200.0,1105.0,360.0,0.0,3220.0,2200.0,470.0,3220.0,1720.0,185.0,3215.0,2365.0,3165.0,2720.0,450.0,3020.0,1695.0,1325.0,1905.0,960.0,2705.0,15.2,1070.0,380.0,3390.0,445.0,920.0,1440.0,355.0,2745,published,2200.0,published,0.2713864306784661,0.4247787610619469,0.10471976401179942,0.5039370078740157,0.08146964856230032,0.152,0.18099547511312217,0.8190045248868778,0.8593996840442338,0.5612582781456954,0.3257918552036199,260.0,0.24074074074074073,0.07407407407407407,0.24074074074074073,0.5341614906832298,0.05745341614906832,0.14596273291925466,0.8014571948998178,0.7356143079315708,3060.0,0.9760765550239234,0.4481658692185008,0.0,0.35514018691588783,0.13126843657817108,173.33333333333334,240.0,True
5350348.0,5350348.00,2021S05075350348.00,0348.00,True,5780.0,2495.8,2.32,46.0,1950.0,1125.0,0.0,145.0,370.0,210.0,2.7,5310.0,350.0,6.6,5310.0,120.0,5310.0,2075.0,1955.0,1550.0,405.0,1955.0,515.0,0.0,5250.0,3735.0,540.0,5250.0,2240.0,190.0,5255.0,2830.0,5215.0,4685.0,530.0,5020.0,3740.0,1285.0,2895.0,1285.0,4365.0,12.3,1600.0,440.0,5780.0,695.0,1155.0,2260.0,1350.0,4840,published,3735.0,published,0.19982698961937717,0.39100346020761245,0.23356401384083045,0.4438687392055268,0.06591337099811675,0.12300000000000001,0.2071611253196931,0.7928388746803069,0.8983700862895494,0.7450199203187251,0.26342710997442453,725.0,0.3717948717948718,0.5769230769230769,0.0,0.4266666666666667,0.03619047619047619,0.10285714285714286,0.7716942148760331,0.538534728829686,5190.0,0.9774011299435028,0.3907721280602637,0.0,0.275,0.12024221453287197,312.5,221.98275862068968,True
5350349.0,5350349.00,2021S05075350349.00,0349.00,True,5633.0,6428.9,0.88,39.2,2220.0,520.0,0.0,180.0,860.0,655.0,2.5,5630.0,855.0,15.1,5635.0,175.0,5635.0,2455.0,2195.0,700.0,1500.0,2195.0,150.0,6.7,5590.0,3440.0,1235.0,5590.0,2970.0,510.0,5590.0,3795.0,5545.0,5050.0,495.0,5255.0,3725.0,1535.0,3305.0,915.0,4650.0,22.1,1895.0,670.0,5630.0,815.0,1370.0,2335.0,775.0,4540,published,3440.0,published,0.2433392539964476,0.4147424511545293,0.13765541740674955,0.27685325264750377,0.15186500888099466,0.221,0.683371298405467,0.31890660592255127,0.9107303877366997,0.708848715509039,0.0683371298405467,1695.0,0.7635135135135135,0.23423423423423423,0.0,0.5313059033989267,0.09123434704830054,0.22093023255813954,0.7577092511013216,0.6788908765652951,5460.0,0.968944099378882,0.4356699201419698,0.067,0.35356200527704484,0.1447602131438721,1926.1363636363637,170.45454545454547,True
5350350.0,5350350.00,2021S05075350350.00,0350.00,True,5228.0,1555.5,3.36,43.6,1940.0,1145.0,0.0,310.0,60.0,430.0,2.7,5230.0,645.0,12.3,5230.0,155.0,5230.0,2375.0,1960.0,1280.0,685.0,1960.0,65.0,40.4,5270.0,3790.0,605.0,5270.0,2555.0,245.0,5275.0,2955.0,5220.0,4825.0,395.0,5050.0,3815.0,1235.0,2775.0,975.0,4580.0,14.6,1655.0,330.0,5230.0,685.0,1165.0,2055.0,1020.0,4305,published,3790.0,published,0.22275334608030592,0.39292543021032506,0.1950286806883365,0.35135135135135137,0.12332695984703633,0.146,0.3494897959183674,0.6530612244897959,0.9243295019157088,0.7554455445544555,0.03316326530612245,800.0,0.41237113402061853,0.5902061855670103,0.0,0.484819734345351,0.046489563567362426,0.11480075901328274,0.8803716608594657,0.5601895734597157,5075.0,0.9703632887189293,0.4541108986615679,0.40399999999999997,0.19939577039274925,0.13097514340344169,238.0952380952381,19.345238095238095,True
5350352.0,5350352.00,2021S05075350352.00,0352.00,True,5278.0,4684.1,1.13,41.6,1825.0,460.0,5.0,180.0,150.0,790.0,2.8,5175.0,510.0,9.8,5175.0,180.0,5175.0,2570.0,1830.0,1250.0,580.0,1830.0,735.0,0.0,5175.0,3485.0,880.0,5175.0,3040.0,375.0,5180.0,4090.0,5120.0,4705.0,415.0,4970.0,3420.0,1550.0,2895.0,1110.0,4460.0,14.2,1755.0,595.0,5275.0,700.0,1305.0,2045.0,975.0,4365,published,3485.0,published,0.24739336492890995,0.3876777251184834,0.1848341232227488,0.38341968911917096,0.09855072463768116,0.142,0.31693989071038253,0.6830601092896175,0.9189453125,0.6881287726358148,0.4016393442622951,1120.0,0.6136986301369863,0.25205479452054796,0.0027397260273972603,0.58743961352657,0.07246376811594203,0.17004830917874397,0.7983963344788088,0.7895752895752896,4995.0,0.9652173913043478,0.4966183574879227,0.0,0.33903133903133903,0.13270142180094788,991.1504424778763,650.4424778761063,True
5350354.0,5350354.00,2021S05075350354.00,0354.00,True,5421.0,4098.1,1.32,41.2,1715.0,1025.0,0.0,495.0,95.0,105.0,3.1,5265.0,550.0,10.4,5265.0,150.0,5265.0,2455.0,1750.0,1230.0,515.0,1750.0,20.0,3.8,5415.0,3460.0,1165.0,5415.0,2940.0,330.0,5415.0,4240.0,5380.0,4805.0,575.0,5185.0,3425.0,1760.0,3005.0,1160.0,4700.0,14.3,1820.0,495.0,5420.0,650.0,1450.0,1975.0,1050.0,4545,published,3460.0,published,0.26752767527675275,0.3643911439114391,0.1937269372693727,0.3860232945091514,0.10446343779677113,0.14300000000000002,0.29428571428571426,0.7028571428571428,0.8931226765799256,0.660559305689489,0.011428571428571429,695.0,0.40524781341107874,0.597667638483965,0.0,0.5429362880886427,0.060941828254847646,0.21514312096029548,0.7612761276127613,0.7830101569713758,5115.0,0.9715099715099715,0.466286799620133,0.038,0.27197802197802196,0.11992619926199262,526.5151515151515,15.15151515151515,True
5350356.0,5350356.00,2021S05075350356.00,0356.00,True,4962.0,3218.1,1.54,43.6,1515.0,980.0,40.0,245.0,130.0,125.0,3.1,4700.0,305.0,6.6,4775.0,115.0,4775.0,1960.0,1500.0,1190.0,305.0,1500.0,15.0,0.0,4755.0,3135.0,695.0,4755.0,2265.0,230.0,4755.0,3290.0,4705.0,4320.0,395.0,4535.0,3305.0,1230.0,2550.0,780.0,3940.0,16.2,1555.0,350.0,4960.0,670.0,1140.0,1835.0,1065.0,4090,published,3135.0,published,0.22983870967741934,0.3699596774193548,0.21471774193548387,0.3058823529411765,0.06489361702127659,0.162,0.20333333333333334,0.7933333333333333,0.9181721572794899,0.7287761852260198,0.01,500.0,0.33003300330033003,0.6468646864686468,0.026402640264026403,0.47634069400630913,0.048370136698212406,0.14616193480546794,0.7665036674816625,0.6919032597266036,4660.0,0.9759162303664921,0.41047120418848165,0.0,0.22508038585209003,0.1350806451612903,324.67532467532465,9.74025974025974,True
5350359.0,5350359.00,2021S05075350359.00,0359.00,True,7681.0,3479.3,2.21,38.0,2760.0,615.0,30.0,155.0,160.0,1465.0,2.7,7570.0,1445.0,19.0,7575.0,215.0,7575.0,2775.0,2760.0,1370.0,1390.0,2760.0,815.0,39.0,7575.0,5125.0,1105.0,7575.0,3970.0,510.0,7570.0,5915.0,7495.0,6650.0,845.0,7190.0,4680.0,2505.0,4105.0,1055.0,6290.0,15.0,2510.0,705.0,7680.0,1165.0,1995.0,2855.0,1200.0,6130,published,5125.0,published,0.259765625,0.3717447916666667,0.15625,0.2570036540803898,0.19088507265521795,0.15,0.5036231884057971,0.4963768115942029,0.8872581721147431,0.650904033379694,0.29528985507246375,1780.0,0.644927536231884,0.22282608695652173,0.010869565217391304,0.524092409240924,0.06732673267326733,0.14587458745874587,0.8360522022838499,0.7813738441215323,7360.0,0.9716171617161716,0.36633663366336633,0.39,0.28087649402390436,0.15169270833333334,805.4298642533937,368.7782805429864,True
5350360.0,5350360.00,2021S05075350360.00,0360.00,True,6231.0,1377.7,4.52,42.0,2050.0,1275.0,60.0,240.0,25.0,5.0,3.0,6220.0,400.0,6.4,6220.0,100.0,6220.0,2005.0,2050.0,1690.0,360.0,2050.0,320.0,20.8,6215.0,4535.0,635.0,6215.0,2765.0,210.0,6220.0,3890.0,6200.0,5700.0,500.0,5975.0,4345.0,1625.0,3435.0,1260.0,5335.0,15.4,2005.0,340.0,6235.0,855.0,1490.0,2460.0,1085.0,5120,published,4535.0,published,0.23897353648757017,0.3945469125902165,0.1740176423416199,0.36681222707423583,0.06430868167202572,0.154,0.17560975609756097,0.824390243902439,0.9193548387096774,0.7271966527196653,0.15609756097560976,270.0,0.13170731707317074,0.6219512195121951,0.02926829268292683,0.4448913917940467,0.03378921962992759,0.10217216411906678,0.8857421875,0.6254019292604501,6120.0,0.9839228295819936,0.32234726688102894,0.20800000000000002,0.16957605985037408,0.13712910986367283,59.73451327433629,70.79646017699116,True
5350365.0,5350365.00,2021S05075350365.00,0365.00,True,7650.0,4880.7,1.57,34.8,2330.0,1235.0,5.0,525.0,25.0,535.0,3.3,7650.0,825.0,10.8,7645.0,230.0,7645.0,3955.0,2350.0,1520.0,825.0,2350.0,400.0,4.2,7740.0,4650.0,1865.0,7740.0,4185.0,745.0,7740.0,6475.0,7655.0,6490.0,1165.0,7355.0,4545.0,2810.0,4330.0,1745.0,6630.0,15.0,2755.0,720.0,7650.0,1025.0,2465.0,2645.0,1070.0,6255,published,4650.0,published,0.32222222222222224,0.3457516339869281,0.13986928104575164,0.40300230946882215,0.10784313725490197,0.15,0.35106382978723405,0.6468085106382979,0.8478118876551274,0.6179469748470429,0.1702127659574468,1085.0,0.4656652360515021,0.5300429184549357,0.002145922746781116,0.5406976744186046,0.0962532299741602,0.2409560723514212,0.7434052757793765,0.83656330749354,7415.0,0.9699149771092217,0.5173315892740353,0.042,0.2613430127041742,0.13398692810457516,691.0828025477707,254.77707006369425,True
5350366.0,5350366.00,2021S05075350366.00,0366.00,True,6228.0,4329.8,1.44,40.4,2080.0,1035.0,85.0,280.0,110.0,520.0,3.0,6220.0,800.0,12.9,6225.0,180.0,6225.0,2745.0,2100.0,1275.0,825.0,2100.0,40.0,30.9,6175.0,4150.0,1125.0,6175.0,3405.0,465.0,6170.0,4725.0,6130.0,5345.0,785.0,5960.0,4130.0,1835.0,3355.0,1140.0,5365.0,15.3,2125.0,645.0,6230.0,885.0,1610.0,2350.0,1070.0,5100,published,4150.0,published,0.25842696629213485,0.37720706260032105,0.17174959871589085,0.33979135618479883,0.12861736334405144,0.153,0.39285714285714285,0.6071428571428571,0.8719412724306689,0.6929530201342282,0.01904761904761905,910.0,0.4375,0.49759615384615385,0.040865384615384616,0.551417004048583,0.07530364372469636,0.18218623481781376,0.8137254901960784,0.7658022690437601,6045.0,0.9710843373493976,0.44096385542168676,0.309,0.3035294117647059,0.1420545746388443,631.9444444444445,27.77777777777778,True
5350369.0,5350369.00,2021S05075350369.00,0369.00,True,8145.0,3325.4,2.45,36.4,2415.0,895.0,295.0,195.0,175.0,680.0,3.3,7960.0,1085.0,13.6,7965.0,395.0,7965.0,4000.0,2415.0,1380.0,1040.0,2415.0,70.0,6.8,7965.0,4795.0,1490.0,7965.0,4180.0,530.0,7960.0,5980.0,7870.0,7265.0,605.0,7540.0,5335.0,2205.0,4105.0,1380.0,6465.0,16.7,2375.0,575.0,8145.0,1455.0,1980.0,2970.0,1160.0,6195,published,4795.0,published,0.2430939226519337,0.36464088397790057,0.14241866175567833,0.33617539585870887,0.13630653266331658,0.16699999999999998,0.4306418219461698,0.5714285714285714,0.923125794155019,0.7075596816976127,0.028985507246376812,1050.0,0.43478260869565216,0.37060041407867494,0.12215320910973085,0.5247959824231011,0.06654111738857502,0.18706842435655996,0.7740112994350282,0.7512562814070352,7570.0,0.9504080351537979,0.5021971123666039,0.068,0.24210526315789474,0.17863720073664824,428.57142857142856,28.57142857142857,True
5350371.0,5350371.00,2021S05075350371.00,0371.00,True,8463.0,2272.5,3.72,40.8,2890.0,1670.0,5.0,440.0,105.0,440.0,2.8,8220.0,890.0,10.9,8225.0,280.0,8225.0,3850.0,2890.0,2015.0,875.0,2890.0,605.0,5.1,8220.0,5555.0,1425.0,8220.0,4160.0,605.0,8220.0,5090.0,8165.0,7280.0,880.0,7855.0,4725.0,3125.0,4740.0,1765.0,6965.0,14.5,2735.0,640.0,8460.0,1125.0,2020.0,3275.0,1525.0,6940,published,5555.0,published,0.23877068557919623,0.3871158392434988,0.1802600472813239,0.37236286919831224,0.10827250608272507,0.145,0.3027681660899654,0.6972318339100346,0.8916105327617881,0.6015276893698281,0.2093425605536332,985.0,0.3408304498269896,0.5778546712802768,0.0017301038062283738,0.5060827250608273,0.07360097323600973,0.17335766423357665,0.8004322766570605,0.6192214111922141,7945.0,0.9659574468085106,0.46808510638297873,0.051,0.2340036563071298,0.13297872340425532,264.7849462365591,162.63440860215053,True
5350372.0,5350372.00,2021S05075350372.00,0372.00,True,4333.0,3287.8,1.32,44.8,1440.0,1115.0,5.0,240.0,30.0,0.0,3.0,4325.0,305.0,7.0,4330.0,150.0,4330.0,2070.0,1470.0,1235.0,240.0,1470.0,50.0,0.0,4400.0,3230.0,585.0,4400.0,2245.0,225.0,4400.0,2605.0,4375.0,3985.0,390.0,4260.0,3110.0,1155.0,2380.0,910.0,3880.0,16.7,1390.0,215.0,4330.0,495.0,1025.0,1710.0,855.0,3665,published,3230.0,published,0.23672055427251731,0.394919168591224,0.197459584295612,0.38235294117647056,0.07052023121387284,0.16699999999999998,0.16326530612244897,0.8401360544217688,0.9108571428571428,0.7300469483568075,0.034013605442176874,270.0,0.1875,0.7743055555555556,0.003472222222222222,0.5102272727272728,0.05113636363636364,0.13295454545454546,0.8813096862210096,0.5920454545454545,4180.0,0.9653579676674365,0.4780600461893764,0.0,0.15467625899280577,0.11431870669745958,204.54545454545453,37.878787878787875,True
5350373.0,5350373.00,2021S05075350373.00,0373.00,True,4934.0,5147.1,0.96,40.4,1765.0,810.0,0.0,255.0,10.0,550.0,2.8,4935.0,590.0,11.9,4930.0,165.0,4930.0,2125.0,1740.0,820.0,920.0,1740.0,30.0,3.3,4865.0,3200.0,870.0,4865.0,2475.0,365.0,4860.0,3175.0,4825.0,4490.0,330.0,4655.0,2995.0,1665.0,2720.0,950.0,4095.0,12.6,1620.0,440.0,4935.0,665.0,1205.0,1980.0,805.0,4045,published,3200.0,published,0.24417426545086118,0.4012158054711246,0.16312056737588654,0.3492647058823529,0.11955420466058764,0.126,0.5287356321839081,0.47126436781609193,0.9305699481865285,0.6433941997851772,0.017241379310344827,815.0,0.46175637393767704,0.45892351274787535,0.0,0.5087358684480987,0.0750256937307297,0.17882836587872558,0.7911001236093943,0.6532921810699589,4765.0,0.9665314401622718,0.43103448275862066,0.033,0.2716049382716049,0.1347517730496454,848.9583333333334,31.25,True
5350510.0,5350510.00,2021S05075350510.00,0510.00,False,5388.0,854.3,6.31,45.6,1955.0,1675.0,130.0,45.0,90.0,10.0,2.8,5375.0,210.0,3.9,5390.0,125.0,5390.0,1595.0,1955.0,1805.0,150.0,1955.0,20.0,0.0,5375.0,4185.0,165.0,5375.0,1670.0,65.0,5375.0,1020.0,5330.0,5005.0,320.0,5100.0,3960.0,1140.0,2825.0,1065.0,4530.0,12.0,1630.0,90.0,5390.0,735.0,875.0,2310.0,1120.0,4375,published,4185.0,published,0.16233766233766234,0.42857142857142855,0.2077922077922078,0.3769911504424779,0.03906976744186046,0.12,0.07672634271099744,0.9232736572890026,0.9390243902439024,0.7764705882352941,0.010230179028132993,145.0,0.0741687979539642,0.8567774936061381,0.06649616368286446,0.31069767441860463,0.012093023255813953,0.030697674418604652,0.9565714285714285,0.18976744186046512,5265.0,0.9768089053803339,0.29591836734693877,0.0,0.05521472392638037,0.13636363636363635,22.979397781299525,3.1695721077654517,False
5350806.0,5350806.00,2021S05075350806.00,0806.00,False,4854.0,77.7,62.47,34.4,1530.0,1240.0,55.0,50.0,0.0,20.0,3.2,4850.0,295.0,6.1,4845.0,125.0,4845.0,1790.0,1520.0,1180.0,340.0,1520.0,90.0,0.0,4670.0,3165.0,405.0,4670.0,1910.0,205.0,4670.0,3370.0,4565.0,3635.0,930.0,4230.0,1155.0,3075.0,2685.0,1105.0,3650.0,13.7,1350.0,60.0,4855.0,790.0,1250.0,1785.0,545.0,3625,published,3165.0,published,0.25746652935118436,0.36766220391349125,0.11225540679711637,0.41154562383612664,0.060824742268041236,0.13699999999999998,0.2236842105263158,0.7763157894736842,0.7962760131434831,0.2730496453900709,0.05921052631578947,70.0,0.0457516339869281,0.8104575163398693,0.03594771241830065,0.4089935760171306,0.043897216274089934,0.0867237687366167,0.8731034482758621,0.721627408993576,4720.0,0.9742002063983488,0.36945304437564497,0.0,0.044444444444444446,0.1627188465499485,1.1205378581719225,1.440691531935329,False
5350012.01,5350012.01,2021S05075350012.01,0012.01,True,13554.0,31484.3,0.43,31.2,7895.0,0.0,0.0,0.0,5.0,7825.0,1.7,13530.0,2170.0,16.1,13560.0,310.0,13560.0,5735.0,7895.0,3050.0,4845.0,7895.0,7500.0,4.4,13525.0,8265.0,4260.0,13525.0,6265.0,2320.0,13525.0,8560.0,13370.0,8050.0,5320.0,13000.0,3720.0,9280.0,10395.0,7285.0,12370.0,11.1,3295.0,855.0,13555.0,765.0,7730.0,3920.0,550.0,12270,published,8265.0,published,0.5702692733308742,0.28919218000737734,0.04057543341940244,0.7008177008177008,0.16038433111603842,0.111,0.6136795440151995,0.3863204559848005,0.6020942408376964,0.28615384615384615,0.9499683343888538,7830.0,0.9917669411019633,0.0,0.0,0.46321626617375233,0.17153419593345656,0.31497227356746765,0.6735941320293398,0.632902033271719,13250.0,0.9771386430678466,0.42293510324483774,0.044000000000000004,0.25948406676783003,0.056436739210623386,18209.302325581397,17441.86046511628,True
5350034.01,5350034.01,2021S05075350034.01,0034.01,True,5337.0,42867.5,0.12,32.4,3160.0,5.0,10.0,20.0,75.0,2930.0,1.6,5120.0,1215.0,23.7,5135.0,195.0,5135.0,2330.0,3110.0,985.0,2130.0,3110.0,2165.0,13.8,5005.0,3215.0,1485.0,5005.0,2135.0,485.0,5000.0,3205.0,4970.0,3645.0,1325.0,4850.0,1920.0,2925.0,3030.0,2395.0,4670.0,12.8,1180.0,305.0,5330.0,155.0,2675.0,1595.0,725.0,5035,published,3215.0,published,0.50187617260788,0.29924953095684803,0.13602251407129456,0.7904290429042904,0.2373046875,0.128,0.684887459807074,0.3167202572347267,0.7334004024144869,0.3958762886597938,0.6961414790996785,3025.0,0.9572784810126582,0.0015822784810126582,0.0031645569620253164,0.42657342657342656,0.0969030969030969,0.2967032967032967,0.6385302879841113,0.641,4940.0,0.9620253164556962,0.4537487828627069,0.138,0.2584745762711864,0.029080675422138838,25208.333333333336,18041.666666666668,True
5350034.02,5350034.02,2021S05075350034.02,0034.02,True,7992.0,20070.3,0.4,31.8,4900.0,10.0,10.0,5.0,165.0,4700.0,1.6,7850.0,1950.0,24.8,7895.0,140.0,7895.0,3230.0,4930.0,1495.0,3430.0,4930.0,3535.0,17.1,7750.0,5065.0,2265.0,7750.0,3170.0,780.0,7755.0,4745.0,7725.0,4830.0,2895.0,7580.0,2450.0,5125.0,5440.0,3605.0,7395.0,14.7,2005.0,620.0,7990.0,320.0,4250.0,2595.0,580.0,7470,published,5065.0,published,0.5319148936170213,0.32478097622027535,0.07259073842302878,0.6626838235294118,0.2484076433121019,0.147,0.6957403651115619,0.30324543610547666,0.625242718446602,0.3232189973614776,0.7170385395537525,4870.0,0.9938775510204082,0.0020408163265306124,0.0020408163265306124,0.40903225806451615,0.10064516129032258,0.292258064516129,0.678045515394913,0.6118633139909736,7755.0,0.9822672577580748,0.409119696010133,0.171,0.3092269326683292,0.04005006257822278,12175.0,8837.5,True
5350299.01,5350299.01,2021S05075350299.01,0299.01,True,6289.0,2181.8,2.88,41.6,2235.0,1575.0,30.0,180.0,445.0,0.0,2.8,6230.0,515.0,8.3,6290.0,185.0,6290.0,2700.0,2235.0,1420.0,810.0,2235.0,0.0,3.7,6320.0,4040.0,1010.0,6320.0,2595.0,465.0,6325.0,2895.0,6255.0,5500.0,750.0,6025.0,3970.0,2055.0,3650.0,2405.0,5215.0,12.0,1670.0,445.0,6290.0,940.0,1360.0,2665.0,990.0,5085,published,4040.0,published,0.21621621621621623,0.4236883942766296,0.1573926868044515,0.6589041095890411,0.0826645264847512,0.12,0.3624161073825503,0.6353467561521253,0.8792965627498002,0.6589211618257261,0.0,625.0,0.2796420581655481,0.7046979865771812,0.013422818791946308,0.41060126582278483,0.07357594936708861,0.15981012658227847,0.7944936086529006,0.45770750988142295,6105.0,0.9705882352941176,0.4292527821939587,0.037000000000000005,0.26646706586826346,0.1494435612082671,217.01388888888889,0.0,True
5350299.02,5350299.02,2021S05075350299.02,0299.02,True,5130.0,32203.4,0.16,36.8,2790.0,0.0,0.0,0.0,0.0,2780.0,1.8,5120.0,995.0,19.4,5130.0,195.0,5130.0,3125.0,2775.0,1460.0,1310.0,2775.0,2515.0,0.0,5060.0,2915.0,1760.0,5060.0,2900.0,755.0,5055.0,3485.0,5020.0,3845.0,1175.0,4850.0,2080.0,2775.0,3155.0,2235.0,4605.0,11.5,1120.0,385.0,5130.0,290.0,1870.0,1795.0,920.0,4625,published,2915.0,published,0.3645224171539961,0.34990253411306044,0.1793372319688109,0.7083993660855784,0.1943359375,0.115,0.4720720720720721,0.5261261261261261,0.7659362549800797,0.4288659793814433,0.9063063063063063,2780.0,0.996415770609319,0.0,0.0,0.5731225296442688,0.1492094861660079,0.34782608695652173,0.6302702702702703,0.6894164193867458,4935.0,0.9619883040935673,0.6091617933723197,0.0,0.34375,0.056530214424951264,17375.0,15718.75,True
5350305.03,5350305.03,2021S05075350305.03,0305.03,True,4766.0,6700.4,0.71,42.4,2125.0,305.0,15.0,10.0,100.0,1625.0,2.2,4760.0,720.0,15.2,4760.0,155.0,4760.0,2660.0,2160.0,855.0,1300.0,2160.0,955.0,2.3,4715.0,3040.0,1100.0,4715.0,2675.0,455.0,4715.0,2970.0,4685.0,3770.0,915.0,4510.0,2405.0,2105.0,2725.0,1800.0,4085.0,14.7,1220.0,295.0,4765.0,590.0,1060.0,1935.0,965.0,4015,published,3040.0,published,0.22245540398740818,0.4060860440713536,0.2025183630640084,0.6605504587155964,0.15126050420168066,0.147,0.6018518518518519,0.3958333333333333,0.8046958377801494,0.5332594235033259,0.44212962962962965,1735.0,0.8164705882352942,0.14352941176470588,0.007058823529411765,0.5673382820784729,0.09650053022269353,0.23329798515376457,0.7571606475716065,0.6299045599151644,4605.0,0.967436974789916,0.5588235294117647,0.023,0.24180327868852458,0.12381951731374606,2443.661971830986,1345.0704225352113,True
5350307.03,5350307.03,2021S05075350307.03,0307.03,True,4957.0,45022.7,0.11,39.2,2335.0,5.0,5.0,15.0,135.0,2175.0,2.1,4955.0,1240.0,25.0,4955.0,360.0,4955.0,3555.0,2375.0,1370.0,1005.0,2375.0,2370.0,0.0,5015.0,2730.0,1835.0,5015.0,3335.0,705.0,5015.0,4225.0,4970.0,3875.0,1100.0,4850.0,2410.0,2440.0,2995.0,2135.0,4450.0,11.1,1105.0,375.0,4955.0,525.0,1430.0,1910.0,850.0,4255,published,2730.0,published,0.2885973763874874,0.3854692230070636,0.1715438950554995,0.7128547579298832,0.25025227043390513,0.111,0.4231578947368421,0.5768421052631579,0.7796780684104627,0.49690721649484537,0.9978947368421053,2325.0,0.9957173447537473,0.0021413276231263384,0.0021413276231263384,0.6650049850448654,0.14057826520438685,0.3659022931206381,0.6415981198589894,0.8424725822532403,4595.0,0.9273461150353178,0.7174571140262361,0.0,0.3393665158371041,0.10595358224016145,21136.363636363636,21545.454545454544,True
5350307.04,5350307.04,2021S05075350307.04,0307.04,True,6919.0,45222.2,0.15,38.4,3385.0,5.0,0.0,0.0,40.0,3325.0,2.0,6915.0,1380.0,20.0,6920.0,355.0,6920.0,4420.0,3350.0,1580.0,1770.0,3350.0,2425.0,2.3,6855.0,3985.0,2315.0,6855.0,4265.0,1070.0,6855.0,5110.0,6790.0,5310.0,1480.0,6585.0,3250.0,3325.0,4285.0,3090.0,6135.0,13.0,1570.0,560.0,6920.0,530.0,2175.0,2605.0,1240.0,6080,published,3985.0,published,0.3143063583815029,0.3764450867052023,0.1791907514450867,0.721120186697783,0.19956616052060738,0.13,0.5283582089552239,0.4716417910447761,0.7820324005891016,0.4935459377372817,0.7238805970149254,3365.0,0.9940915805022157,0.0014771048744460858,0.0,0.6221735959153902,0.1560904449307075,0.337709700948213,0.6554276315789473,0.7454412837345004,6565.0,0.9486994219653179,0.638728323699422,0.023,0.35668789808917195,0.07658959537572255,22433.333333333336,16166.666666666668,True
5350307.05,5350307.05,2021S05075350307.05,0307.05,True,3365.0,32170.2,0.1,35.6,1870.0,10.0,0.0,0.0,75.0,1710.0,1.8,3360.0,770.0,22.9,3365.0,235.0,3365.0,2370.0,1845.0,1020.0,830.0,1845.0,1800.0,0.0,3225.0,1675.0,1390.0,3225.0,1970.0,580.0,3230.0,2810.0,3190.0,2350.0,835.0,3115.0,1175.0,1940.0,2275.0,1620.0,3015.0,11.1,1070.0,435.0,3365.0,180.0,1325.0,1305.0,390.0,3055,published,1675.0,published,0.3937592867756315,0.38781575037147104,0.11589895988112928,0.7120879120879121,0.22916666666666666,0.111,0.44986449864498645,0.5528455284552846,0.7366771159874608,0.37720706260032105,0.975609756097561,1785.0,0.9545454545454546,0.0053475935828877,0.0,0.6108527131782946,0.17984496124031008,0.4310077519379845,0.5482815057283142,0.8699690402476781,3130.0,0.9301634472511144,0.7043090638930164,0.0,0.40654205607476634,0.05349182763744428,17850.0,18000.0,True
5350307.06,5350307.06,2021S05075350307.06,0307.06,True,5057.0,48531.7,0.1,40.0,2250.0,5.0,0.0,0.0,365.0,1885.0,2.2,4930.0,1140.0,23.1,5055.0,350.0,5055.0,3600.0,2270.0,1505.0,770.0,2270.0,2185.0,3.3,5060.0,2975.0,1530.0,5060.0,3330.0,545.0,5060.0,4260.0,5020.0,4085.0,930.0,4880.0,2420.0,2460.0,3115.0,2325.0,4385.0,15.2,1180.0,270.0,5055.0,550.0,1385.0,1965.0,930.0,4325,published,2975.0,published,0.27398615232443124,0.3887240356083086,0.18397626112759644,0.7463884430176565,0.23123732251521298,0.152,0.3392070484581498,0.6629955947136564,0.8137450199203188,0.4959016393442623,0.9625550660792952,2250.0,1.0,0.0022222222222222222,0.0,0.658102766798419,0.10770750988142293,0.30237154150197626,0.6878612716763006,0.841897233201581,4705.0,0.9307616221562809,0.712166172106825,0.033,0.2288135593220339,0.10880316518298715,22500.0,21850.0,True
5350307.07,5350307.07,2021S05075350307.07,0307.07,True,6216.0,5075.9,1.22,40.0,2380.0,915.0,50.0,95.0,260.0,940.0,2.6,6200.0,1070.0,17.3,6200.0,360.0,6200.0,3925.0,2380.0,1415.0,965.0,2380.0,665.0,0.0,6200.0,3745.0,1640.0,6200.0,3695.0,560.0,6200.0,4680.0,6165.0,5200.0,965.0,5960.0,3610.0,2345.0,3500.0,2470.0,5420.0,15.3,1430.0,365.0,6220.0,740.0,1720.0,2360.0,1095.0,5255,published,3745.0,published,0.2765273311897106,0.37942122186495175,0.1760450160771704,0.7057142857142857,0.17258064516129032,0.153,0.4054621848739496,0.5945378151260504,0.8434712084347121,0.6057046979865772,0.27941176470588236,1295.0,0.5441176470588235,0.38445378151260506,0.02100840336134454,0.5959677419354839,0.09032258064516129,0.2645161290322581,0.7126546146527117,0.7548387096774194,5840.0,0.9419354838709677,0.6330645161290323,0.0,0.25524475524475526,0.1189710610932476,1061.4754098360656,545.0819672131148,True
5350368.01,5350368.01,2021S05075350368.01,0368.01,True,6624.0,7455.3,0.89,36.0,3440.0,0.0,0.0,0.0,0.0,3330.0,1.9,6620.0,1545.0,23.4,6625.0,395.0,6625.0,3915.0,3510.0,2140.0,1365.0,3510.0,3505.0,0.0,6665.0,3945.0,2145.0,6665.0,3905.0,875.0,6665.0,5815.0,6585.0,5115.0,1465.0,6345.0,3040.0,3305.0,3970.0,2280.0,6005.0,12.3,1810.0,545.0,6620.0,410.0,2450.0,2270.0,1085.0,5890,published,3945.0,published,0.37009063444108764,0.3429003021148036,0.16389728096676737,0.5743073047858942,0.23338368580060423,0.12300000000000001,0.3888888888888889,0.6096866096866097,0.7767653758542141,0.4791174152876281,0.9985754985754985,3330.0,0.9680232558139535,0.0,0.0,0.5858964741185296,0.1312828207051763,0.3218304576144036,0.669779286926995,0.8724681170292573,6230.0,0.940377358490566,0.5909433962264151,0.0,0.3011049723756906,0.061933534743202415,3741.5730337078653,3938.2022471910113,True
5350368.02,5350368.02,2021S05075350368.02,0368.02,True,4365.0,2793.2,1.56,51.2,1565.0,1020.0,0.0,170.0,5.0,355.0,2.6,4105.0,545.0,13.2,4105.0,220.0,4105.0,1980.0,1495.0,970.0,525.0,1495.0,20.0,48.1,4060.0,2915.0,630.0,4060.0,2250.0,195.0,4055.0,2875.0,4035.0,3700.0,330.0,3945.0,2780.0,1155.0,1990.0,685.0,3600.0,16.7,1170.0,270.0,4365.0,455.0,960.0,1395.0,1390.0,3800,published,2915.0,published,0.21993127147766323,0.31958762886597936,0.31844215349369986,0.3442211055276382,0.13276492082825822,0.16699999999999998,0.3511705685618729,0.6488294314381271,0.9169764560099133,0.7046894803548795,0.013377926421404682,530.0,0.33865814696485624,0.6517571884984026,0.0,0.5541871921182266,0.0480295566502463,0.15517241379310345,0.7671052631578947,0.7090012330456227,3885.0,0.9464068209500609,0.4823386114494519,0.48100000000000004,0.23076923076923078,0.10423825887743414,339.7435897435897,12.82051282051282,True
5350013.01,5350013.01,2021S05075350013.01,0013.01,True,6820.0,19877.6,0.34,34.4,4240.0,0.0,0.0,0.0,45.0,4190.0,1.6,6800.0,1020.0,15.0,6805.0,85.0,6805.0,2330.0,4285.0,1465.0,2820.0,4285.0,3430.0,20.2,6810.0,4990.0,1335.0,6810.0,2860.0,815.0,6810.0,3600.0,6720.0,4940.0,1775.0,6525.0,2665.0,3850.0,5035.0,3820.0,6330.0,9.6,1610.0,345.0,6820.0,230.0,3100.0,2390.0,800.0,6350,published,4990.0,published,0.45454545454545453,0.35043988269794724,0.11730205278592376,0.7586891757696127,0.15,0.096,0.6581096849474912,0.3418903150525088,0.7351190476190477,0.4084291187739464,0.8004667444574096,4235.0,0.9988207547169812,0.0,0.0,0.4199706314243759,0.1196769456681351,0.1960352422907489,0.7858267716535433,0.5286343612334802,6720.0,0.9875091844232182,0.3423952975753123,0.20199999999999999,0.21428571428571427,0.03372434017595308,12455.882352941175,10088.235294117647,True
5350013.02,5350013.02,2021S05075350013.02,0013.02,True,10439.0,24707.7,0.42,34.4,6175.0,5.0,0.0,0.0,5.0,6165.0,1.7,10420.0,1360.0,13.0,10435.0,190.0,10435.0,4320.0,6130.0,2740.0,3390.0,6130.0,6130.0,0.0,10410.0,6845.0,2890.0,10410.0,5075.0,1575.0,10410.0,6090.0,10320.0,7180.0,3145.0,10125.0,3465.0,6660.0,7590.0,6080.0,9750.0,10.0,2255.0,410.0,10435.0,455.0,4585.0,3655.0,1310.0,9655,published,6845.0,published,0.43938667944417825,0.35026353617632966,0.12553905126976522,0.8010540184453228,0.13051823416506717,0.1,0.5530179445350734,0.4469820554649266,0.6957364341085271,0.3422222222222222,1.0,6170.0,0.9991902834008097,0.0008097165991902834,0.0,0.48751200768491837,0.15129682997118155,0.27761767531219983,0.7089590885551528,0.5850144092219021,10245.0,0.9817920459990417,0.41399137517968376,0.0,0.18181818181818182,0.043603258265452804,14690.47619047619,14595.238095238095,True
5350012.03,5350012.03,2021S05075350012.03,0012.03,True,8957.0,19204.5,0.47,32.0,5175.0,0.0,0.0,0.0,5.0,5170.0,1.7,8950.0,1285.0,14.4,8955.0,190.0,8955.0,3715.0,5200.0,2205.0,2995.0,5200.0,5195.0,0.0,9010.0,5605.0,2830.0,9010.0,4155.0,1555.0,9010.0,5760.0,8875.0,5715.0,3160.0,8635.0,2410.0,6230.0,7200.0,5710.0,8385.0,8.6,2150.0,445.0,8955.0,290.0,5000.0,2895.0,385.0,8320,published,5605.0,published,0.5583472920156337,0.3232830820770519,0.042992741485203795,0.7930555555555555,0.1435754189944134,0.086,0.5759615384615384,0.42403846153846153,0.643943661971831,0.27909669947886506,0.9990384615384615,5175.0,1.0,0.0,0.0,0.4611542730299667,0.17258601553829078,0.31409544950055496,0.6736778846153846,0.6392896781354052,8765.0,0.9787828029034059,0.4148520379676159,0.0,0.2069767441860465,0.03238414293690676,11010.638297872341,11053.191489361703,True
5350012.04,5350012.04,2021S05075350012.04,0012.04,True,5688.0,23631.1,0.24,34.8,3480.0,0.0,0.0,0.0,0.0,3480.0,1.6,5670.0,630.0,11.1,5685.0,80.0,5685.0,2155.0,3460.0,1365.0,2095.0,3460.0,3010.0,2.9,5595.0,3725.0,1620.0,5595.0,2495.0,840.0,5595.0,3050.0,5565.0,3695.0,1870.0,5465.0,1945.0,3525.0,4325.0,3180.0,5310.0,10.8,1340.0,325.0,5690.0,150.0,2570.0,2180.0,585.0,5380,published,3725.0,published,0.45166959578207383,0.38312829525483305,0.10281195079086115,0.7352601156069364,0.1111111111111111,0.10800000000000001,0.6054913294797688,0.3945086705202312,0.6639712488769093,0.3559011893870082,0.869942196531792,3480.0,1.0,0.0,0.0,0.4459338695263628,0.15013404825737264,0.289544235924933,0.6923791821561338,0.5451295799821269,5605.0,0.9859278803869833,0.37906772207563766,0.028999999999999998,0.24253731343283583,0.026362038664323375,14500.0,12541.666666666668,True
5350400.18,5350400.18,2021S05075350400.18,0400.18,False,2418.0,8171.7,0.3,38.8,705.0,285.0,0.0,315.0,5.0,95.0,3.5,2420.0,310.0,12.7,2420.0,520.0,2420.0,1730.0,685.0,435.0,245.0,685.0,15.0,28.0,2410.0,1410.0,620.0,2410.0,1645.0,190.0,2410.0,2380.0,2370.0,2090.0,280.0,2290.0,1545.0,745.0,1260.0,260.0,2035.0,11.8,730.0,130.0,2420.0,325.0,630.0,845.0,475.0,1980,published,1410.0,published,0.2603305785123967,0.34917355371900827,0.1962809917355372,0.20634920634920634,0.128099173553719,0.11800000000000001,0.35766423357664234,0.635036496350365,0.8818565400843882,0.6746724890829694,0.021897810218978103,415.0,0.5886524822695035,0.40425531914893614,0.0,0.6825726141078838,0.07883817427385892,0.2572614107883817,0.7121212121212122,0.9875518672199171,1900.0,0.7851239669421488,0.7148760330578512,0.28,0.1780821917808219,0.13429752066115702,1383.3333333333335,50.0,False
5350401.19,5350401.19,2021S05075350401.19,0401.19,False,6305.0,3785.4,1.67,44.8,1935.0,1075.0,0.0,380.0,15.0,260.0,3.3,6305.0,885.0,14.1,6305.0,1710.0,6305.0,4575.0,1930.0,1610.0,320.0,1930.0,405.0,0.0,6175.0,3915.0,1310.0,6175.0,4145.0,255.0,6175.0,5855.0,6140.0,5805.0,335.0,5955.0,4435.0,1520.0,3255.0,825.0,5330.0,22.7,1615.0,115.0,6305.0,760.0,1340.0,2435.0,1435.0,5295,published,3915.0,published,0.21252973830293417,0.38620142743854086,0.22759714512291832,0.2534562211981567,0.14036478984932593,0.22699999999999998,0.16580310880829016,0.8341968911917098,0.9454397394136808,0.744752308984047,0.20984455958549222,655.0,0.3385012919896641,0.5555555555555556,0.0,0.671255060728745,0.04129554655870445,0.21214574898785424,0.7393767705382436,0.9481781376518219,4595.0,0.7287866772402855,0.725614591593973,0.0,0.07120743034055728,0.12053925455987312,392.21556886227546,242.51497005988026,False
5350401.2,5350401.20,2021S05075350401.20,0401.20,False,4107.0,6527.3,0.63,43.2,1105.0,815.0,0.0,275.0,10.0,0.0,3.7,4105.0,355.0,8.6,4110.0,965.0,4110.0,2875.0,1070.0,945.0,130.0,1070.0,20.0,0.0,4025.0,2760.0,640.0,4025.0,2630.0,140.0,4025.0,3950.0,4010.0,3730.0,275.0,3875.0,3090.0,785.0,2155.0,540.0,3475.0,17.7,1155.0,90.0,4105.0,545.0,955.0,1585.0,820.0,3420,published,2760.0,published,0.23264311814859928,0.3861144945188794,0.1997563946406821,0.2505800464037123,0.08647990255785627,0.177,0.12149532710280374,0.883177570093458,0.9301745635910225,0.7974193548387096,0.018691588785046728,285.0,0.2579185520361991,0.7375565610859729,0.0,0.653416149068323,0.034782608695652174,0.15900621118012423,0.8070175438596491,0.9813664596273292,3145.0,0.7652068126520681,0.6995133819951338,0.0,0.07792207792207792,0.13276492082825822,452.38095238095235,31.746031746031747,False
5350401.21,5350401.21,2021S05075350401.21,0401.21,False,2707.0,5769.4,0.47,45.6,750.0,545.0,0.0,205.0,0.0,0.0,3.6,2710.0,245.0,9.0,2705.0,680.0,2705.0,1940.0,775.0,675.0,105.0,775.0,10.0,0.0,2785.0,1865.0,575.0,2785.0,1895.0,175.0,2790.0,2710.0,2780.0,2625.0,155.0,2690.0,2005.0,690.0,1540.0,430.0,2470.0,16.1,810.0,70.0,2705.0,305.0,680.0,1040.0,535.0,2315,published,1865.0,published,0.2513863216266174,0.3844731977818854,0.1977818853974122,0.2792207792207792,0.09040590405904059,0.161,0.13548387096774195,0.8709677419354839,0.9442446043165468,0.7453531598513011,0.012903225806451613,205.0,0.2733333333333333,0.7266666666666667,0.0,0.6804308797127468,0.06283662477558348,0.20646319569120286,0.8056155507559395,0.9713261648745519,2025.0,0.7486136783733827,0.7171903881700554,0.0,0.08641975308641975,0.11275415896487985,436.17021276595744,21.27659574468085,False
5350376.15,5350376.15,2021S05075350376.15,0376.15,True,3560.0,3898.8,0.91,59.2,1505.0,275.0,5.0,165.0,5.0,965.0,2.4,3550.0,640.0,17.9,3560.0,520.0,3560.0,2505.0,1510.0,1300.0,215.0,1510.0,1165.0,0.0,3595.0,2875.0,415.0,3595.0,2705.0,140.0,3590.0,3180.0,3560.0,3260.0,305.0,3500.0,2500.0,1000.0,1630.0,820.0,3335.0,13.8,750.0,115.0,3560.0,255.0,590.0,1155.0,1420.0,3235,published,2875.0,published,0.16573033707865167,0.324438202247191,0.398876404494382,0.5030674846625767,0.18028169014084508,0.138,0.1423841059602649,0.8609271523178808,0.9157303370786517,0.7142857142857143,0.7715231788079471,1135.0,0.7541528239202658,0.18272425249169436,0.0033222591362126247,0.7524339360222532,0.03894297635605007,0.11543810848400557,0.8887171561051005,0.8857938718662952,3040.0,0.8539325842696629,0.7036516853932584,0.0,0.15333333333333332,0.07162921348314606,1247.2527472527472,1280.2197802197802,True
5350376.16,5350376.16,2021S05075350376.16,0376.16,True,4484.0,16515.7,0.27,40.4,1845.0,0.0,0.0,0.0,0.0,1800.0,2.3,4190.0,810.0,19.3,4295.0,335.0,4295.0,2200.0,1840.0,495.0,1350.0,1840.0,680.0,5.6,4150.0,2280.0,1250.0,4150.0,2490.0,550.0,4145.0,3425.0,4115.0,3555.0,560.0,3910.0,1995.0,1910.0,2060.0,930.0,3415.0,16.3,1100.0,325.0,4485.0,600.0,1040.0,1380.0,1175.0,3630,published,2280.0,published,0.2318840579710145,0.3076923076923077,0.26198439241917504,0.45145631067961167,0.19331742243436753,0.163,0.7336956521739131,0.26902173913043476,0.8639125151883353,0.510230179028133,0.3695652173913043,1800.0,0.975609756097561,0.0,0.0,0.6,0.13253012048192772,0.30120481927710846,0.628099173553719,0.8262967430639324,3960.0,0.9220023282887078,0.5122235157159488,0.055999999999999994,0.29545454545454547,0.13377926421404682,6666.666666666666,2518.5185185185182,True
5350237.01,5350237.01,2021S05075350237.01,0237.01,True,6641.0,5602.8,1.19,38.8,2380.0,320.0,445.0,75.0,5.0,1465.0,2.8,6640.0,1060.0,16.0,6640.0,210.0,6640.0,2810.0,2380.0,1005.0,1380.0,2380.0,265.0,26.1,6635.0,3990.0,1500.0,6635.0,3850.0,645.0,6640.0,4795.0,6600.0,5970.0,625.0,6285.0,4315.0,1975.0,3335.0,1190.0,5385.0,18.6,2000.0,445.0,6640.0,1150.0,1515.0,2385.0,1160.0,5125,published,3990.0,published,0.22816265060240964,0.35918674698795183,0.1746987951807229,0.3568215892053973,0.15963855421686746,0.18600000000000003,0.5798319327731093,0.4222689075630252,0.9045454545454545,0.6865552903739062,0.11134453781512606,1545.0,0.6491596638655462,0.13445378151260504,0.1869747899159664,0.5802562170308968,0.09721175584024115,0.22607385079125847,0.7785365853658537,0.7221385542168675,6430.0,0.9683734939759037,0.42319277108433734,0.261,0.2225,0.17319277108433734,1298.3193277310925,222.68907563025212,True
5350237.02,5350237.02,2021S05075350237.02,0237.02,True,3003.0,3144.5,0.96,42.8,1040.0,820.0,0.0,70.0,10.0,105.0,2.9,3000.0,185.0,6.1,3000.0,100.0,3000.0,1310.0,1050.0,845.0,200.0,1050.0,15.0,9.8,3035.0,2150.0,330.0,3035.0,1305.0,110.0,3035.0,1205.0,3015.0,2785.0,230.0,2870.0,2110.0,760.0,1660.0,655.0,2565.0,14.1,920.0,185.0,3005.0,435.0,625.0,1210.0,565.0,2430,published,2150.0,published,0.2079866888519135,0.40266222961730447,0.18801996672212978,0.39457831325301207,0.06166666666666667,0.141,0.19047619047619047,0.8047619047619048,0.9237147595356551,0.735191637630662,0.014285714285714285,185.0,0.1778846153846154,0.7884615384615384,0.0,0.4299835255354201,0.036243822075782535,0.10873146622734761,0.8847736625514403,0.3970345963756178,2900.0,0.9666666666666667,0.43666666666666665,0.098,0.20108695652173914,0.1447587354409318,192.70833333333334,15.625,True
5350237.03,5350237.03,2021S05075350237.03,0237.03,True,5935.0,5555.6,1.07,47.6,2630.0,440.0,90.0,35.0,0.0,1875.0,2.3,5935.0,625.0,10.5,5935.0,125.0,5935.0,2140.0,2625.0,740.0,1885.0,2625.0,175.0,9.8,5895.0,4360.0,680.0,5895.0,2645.0,295.0,5895.0,2445.0,5865.0,5210.0,655.0,5630.0,3450.0,2180.0,2955.0,1010.0,5130.0,13.6,1755.0,320.0,5935.0,680.0,1120.0,2145.0,1650.0,4985,published,4360.0,published,0.18871103622577928,0.36141533277169335,0.2780117944397641,0.34179357021996615,0.10530749789385004,0.136,0.7180952380952381,0.2819047619047619,0.8883205456095482,0.6127886323268206,0.06666666666666667,1910.0,0.7262357414448669,0.16730038022813687,0.034220532319391636,0.448685326547922,0.05004240882103478,0.11535199321458864,0.8746238716148446,0.41475826972010177,5810.0,0.97893850042123,0.36057287278854255,0.098,0.18233618233618235,0.11457455770850884,1785.0467289719625,163.55140186915887,True
5350249.01,5350249.01,2021S05075350249.01,0249.01,True,4598.0,5541.1,0.83,44.4,1350.0,795.0,70.0,350.0,15.0,5.0,3.4,4595.0,275.0,6.0,4600.0,265.0,4600.0,2340.0,1345.0,1135.0,210.0,1345.0,40.0,7.1,4530.0,3225.0,675.0,4530.0,2950.0,285.0,4530.0,3870.0,4490.0,4300.0,185.0,4345.0,3500.0,845.0,2335.0,680.0,3995.0,13.1,1670.0,265.0,4595.0,500.0,1185.0,1590.0,1100.0,3925,published,3225.0,published,0.2578890097932535,0.34602829162132753,0.23939064200217627,0.291220556745182,0.05984766050054407,0.131,0.15613382899628253,0.8438661710037175,0.9576837416481069,0.8055235903337169,0.02973977695167286,370.0,0.2740740740740741,0.5888888888888889,0.05185185185185185,0.6512141280353201,0.06291390728476821,0.1490066225165563,0.821656050955414,0.8543046357615894,4335.0,0.9423913043478261,0.508695652173913,0.071,0.15868263473053892,0.1088139281828074,445.7831325301205,48.19277108433735,True
5350260.01,5350260.01,2021S05075350260.01,0260.01,True,6590.0,9236.2,0.71,39.2,2350.0,0.0,0.0,0.0,340.0,1990.0,2.8,6585.0,1030.0,15.6,6590.0,310.0,6590.0,3815.0,2310.0,1795.0,510.0,2310.0,2305.0,4.9,6275.0,4095.0,1090.0,6275.0,3970.0,605.0,6275.0,5355.0,6210.0,5485.0,730.0,5945.0,4070.0,1875.0,3480.0,1435.0,5335.0,15.7,2040.0,710.0,6590.0,925.0,1670.0,2435.0,1145.0,5340,published,4095.0,published,0.2534142640364188,0.36949924127465855,0.17374810318664644,0.41235632183908044,0.15641609719058466,0.157,0.22077922077922077,0.7770562770562771,0.8832528180354268,0.6846089150546678,0.9978354978354979,2330.0,0.9914893617021276,0.0,0.0,0.6326693227091633,0.09641434262948208,0.17370517928286852,0.7668539325842697,0.853386454183267,6280.0,0.952959028831563,0.578907435508346,0.049,0.3480392156862745,0.14036418816388468,3281.690140845071,3246.478873239437,True
5350301.01,5350301.01,2021S05075350301.01,0301.01,True,2863.0,3188.9,0.9,42.0,1050.0,495.0,0.0,15.0,0.0,375.0,2.7,2855.0,275.0,9.6,2860.0,90.0,2860.0,1270.0,1055.0,570.0,480.0,1055.0,100.0,5.2,2830.0,1830.0,545.0,2830.0,1465.0,240.0,2830.0,1785.0,2790.0,2560.0,230.0,2700.0,1870.0,830.0,1530.0,870.0,2445.0,14.5,800.0,175.0,2860.0,415.0,575.0,1175.0,525.0,2305,published,1830.0,published,0.20104895104895104,0.41083916083916083,0.18356643356643357,0.5686274509803921,0.09632224168126094,0.145,0.4549763033175355,0.5402843601895735,0.9175627240143369,0.6925925925925925,0.0947867298578199,390.0,0.37142857142857144,0.4714285714285714,0.0,0.5176678445229682,0.08480565371024736,0.19257950530035337,0.7939262472885033,0.6307420494699647,2770.0,0.9685314685314685,0.44405594405594406,0.052000000000000005,0.21875,0.1451048951048951,433.3333333333333,111.11111111111111,True
5350304.01,5350304.01,2021S05075350304.01,0304.01,True,4404.0,17665.5,0.25,36.4,1570.0,65.0,10.0,0.0,10.0,1180.0,2.8,4400.0,640.0,14.5,4405.0,220.0,4405.0,2585.0,1550.0,195.0,1350.0,1550.0,155.0,5.9,4325.0,2425.0,1155.0,4325.0,2740.0,545.0,4330.0,3250.0,4275.0,3900.0,370.0,4050.0,2635.0,1415.0,2495.0,1145.0,3525.0,17.7,1325.0,360.0,4400.0,700.0,1145.0,1790.0,455.0,3445,published,2425.0,published,0.26022727272727275,0.4068181818181818,0.10340909090909091,0.4589178356713427,0.14545454545454545,0.177,0.8709677419354839,0.12580645161290321,0.9122807017543859,0.6506172839506172,0.1,1190.0,0.7579617834394905,0.041401273885350316,0.006369426751592357,0.6335260115606937,0.1260115606936416,0.26705202312138726,0.7039187227866474,0.7505773672055427,4185.0,0.9500567536889898,0.58683314415437,0.059000000000000004,0.27169811320754716,0.1590909090909091,4760.0,620.0,True
5350304.02,5350304.02,2021S05075350304.02,0304.02,True,4595.0,3790.6,1.21,48.8,1815.0,940.0,0.0,65.0,5.0,520.0,2.4,4430.0,410.0,9.3,4430.0,200.0,4430.0,2520.0,1825.0,1525.0,300.0,1825.0,740.0,0.0,4510.0,3255.0,640.0,4510.0,2640.0,265.0,4515.0,3005.0,4480.0,3980.0,500.0,4345.0,2950.0,1400.0,2410.0,1730.0,3945.0,7.4,1130.0,200.0,4595.0,520.0,765.0,1805.0,1295.0,3930,published,3255.0,published,0.16648531011969533,0.3928182807399347,0.28182807399347115,0.7178423236514523,0.09255079006772009,0.07400000000000001,0.1643835616438356,0.8356164383561644,0.8883928571428571,0.6789413118527042,0.4054794520547945,590.0,0.325068870523416,0.5179063360881543,0.0,0.5853658536585366,0.058758314855875834,0.1419068736141907,0.8282442748091603,0.6655592469545958,4230.0,0.9548532731376975,0.5688487584650113,0.0,0.17699115044247787,0.11316648531011969,487.603305785124,611.5702479338843,True
5350304.03,5350304.03,2021S05075350304.03,0304.03,True,2484.0,2523.6,0.98,45.6,850.0,325.0,0.0,25.0,10.0,0.0,2.9,2485.0,235.0,9.5,2485.0,100.0,2485.0,1465.0,830.0,680.0,155.0,830.0,320.0,0.0,2455.0,1670.0,415.0,2455.0,1550.0,120.0,2450.0,1830.0,2440.0,2260.0,180.0,2370.0,1615.0,750.0,1345.0,720.0,2095.0,15.1,710.0,170.0,2480.0,340.0,500.0,990.0,535.0,2050,published,1670.0,published,0.20161290322580644,0.39919354838709675,0.2157258064516129,0.5353159851301115,0.09456740442655935,0.151,0.18674698795180722,0.8192771084337349,0.9262295081967213,0.6814345991561181,0.3855421686746988,35.0,0.041176470588235294,0.38235294117647056,0.0,0.6313645621181263,0.048879837067209775,0.1690427698574338,0.8146341463414634,0.746938775510204,2385.0,0.959758551307847,0.5895372233400402,0.0,0.23943661971830985,0.13709677419354838,35.714285714285715,326.53061224489795,True
5350304.04,5350304.04,2021S05075350304.04,0304.04,True,3482.0,14854.9,0.23,37.2,1325.0,45.0,5.0,10.0,0.0,1100.0,2.6,3480.0,570.0,16.4,3485.0,135.0,3485.0,2040.0,1335.0,205.0,1130.0,1335.0,150.0,2.2,3475.0,1900.0,1075.0,3475.0,2150.0,475.0,3470.0,2355.0,3425.0,2940.0,490.0,3280.0,1910.0,1370.0,2100.0,1110.0,2920.0,16.9,1155.0,450.0,3485.0,495.0,930.0,1405.0,425.0,2805,published,1900.0,published,0.266857962697274,0.4031563845050215,0.12195121951219512,0.5285714285714286,0.16379310344827586,0.16899999999999998,0.846441947565543,0.15355805243445692,0.8583941605839416,0.5823170731707317,0.11235955056179775,1110.0,0.8377358490566038,0.033962264150943396,0.0037735849056603774,0.6187050359712231,0.1366906474820144,0.30935251798561153,0.6773618538324421,0.6786743515850144,3350.0,0.9612625538020086,0.5853658536585366,0.022000000000000002,0.38961038961038963,0.14203730272596843,4826.086956521739,652.1739130434783,True
5350311.02,5350311.02,2021S05075350311.02,0311.02,True,6010.0,6749.0,0.89,42.8,2215.0,390.0,380.0,70.0,400.0,755.0,2.7,6010.0,890.0,14.8,6010.0,375.0,6010.0,3050.0,2220.0,995.0,1225.0,2220.0,265.0,22.4,6180.0,3940.0,1425.0,6180.0,3675.0,575.0,6185.0,4440.0,6155.0,5765.0,395.0,5960.0,4335.0,1630.0,3490.0,855.0,5360.0,17.6,2190.0,640.0,6010.0,750.0,1400.0,2460.0,1075.0,5020,published,3940.0,published,0.23294509151414308,0.40931780366056575,0.1788685524126456,0.24498567335243554,0.1480865224625624,0.17600000000000002,0.5518018018018018,0.44819819819819817,0.9366368805848904,0.7273489932885906,0.11936936936936937,1225.0,0.5530474040632054,0.17607223476297967,0.17155756207674944,0.5946601941747572,0.09304207119741101,0.23058252427184467,0.7848605577689243,0.7178658043654002,5635.0,0.937603993344426,0.5074875207986689,0.22399999999999998,0.2922374429223744,0.12479201331114809,1376.4044943820224,297.75280898876406,True
5350311.03,5350311.03,2021S05075350311.03,0311.03,True,2672.0,3340.0,0.8,43.2,875.0,535.0,130.0,35.0,115.0,5.0,3.1,2665.0,265.0,9.9,2670.0,170.0,2670.0,1350.0,870.0,615.0,255.0,870.0,10.0,13.7,2490.0,1735.0,360.0,2490.0,1240.0,120.0,2490.0,1515.0,2475.0,2325.0,150.0,2365.0,1700.0,665.0,1295.0,420.0,2130.0,15.4,705.0,170.0,2675.0,365.0,635.0,1025.0,525.0,2205,published,1735.0,published,0.23738317757009345,0.38317757009345793,0.19626168224299065,0.32432432432432434,0.09943714821763602,0.154,0.29310344827586204,0.7068965517241379,0.9393939393939394,0.718816067653277,0.011494252873563218,155.0,0.17714285714285713,0.6114285714285714,0.14857142857142858,0.4979919678714859,0.04819277108433735,0.14457831325301204,0.7868480725623582,0.608433734939759,2500.0,0.9363295880149812,0.5056179775280899,0.13699999999999998,0.24113475177304963,0.13644859813084112,193.75,12.5,True
5350311.04,5350311.04,2021S05075350311.04,0311.04,True,6517.0,6789.2,0.96,40.8,2160.0,150.0,620.0,110.0,295.0,825.0,3.0,6510.0,610.0,9.4,6515.0,365.0,6515.0,3290.0,2160.0,1080.0,1075.0,2160.0,255.0,5.1,6510.0,4030.0,1475.0,6510.0,4015.0,730.0,6510.0,4805.0,6440.0,6000.0,440.0,6185.0,4520.0,1665.0,3520.0,910.0,5525.0,16.7,2300.0,720.0,6515.0,910.0,1570.0,2570.0,1075.0,5295,published,4030.0,published,0.2409823484267076,0.39447429009976975,0.16500383729854182,0.2585227272727273,0.09370199692780339,0.16699999999999998,0.4976851851851852,0.5,0.9316770186335404,0.730800323362975,0.11805555555555555,1230.0,0.5694444444444444,0.06944444444444445,0.28703703703703703,0.6167434715821812,0.11213517665130568,0.22657450076804916,0.76109537299339,0.7380952380952381,6150.0,0.9439754412893323,0.5049884881043745,0.051,0.3130434782608696,0.13967766692248657,1281.25,265.625,True
5350312.02,5350312.02,2021S05075350312.02,0312.02,True,3505.0,6724.9,0.52,40.0,1125.0,5.0,345.0,55.0,30.0,405.0,3.1,3500.0,440.0,12.6,3505.0,300.0,3505.0,1655.0,1130.0,685.0,440.0,1130.0,315.0,11.2,3485.0,2060.0,765.0,3485.0,2135.0,285.0,3485.0,2880.0,3445.0,3230.0,210.0,3315.0,2360.0,955.0,1910.0,360.0,2940.0,18.3,1175.0,360.0,3505.0,560.0,790.0,1455.0,520.0,2795,published,2060.0,published,0.2253922967189729,0.41512125534950073,0.14835948644793154,0.18848167539267016,0.12571428571428572,0.183,0.3893805309734513,0.6061946902654868,0.9375907111756169,0.7119155354449472,0.27876106194690264,490.0,0.43555555555555553,0.0044444444444444444,0.30666666666666664,0.6126255380200861,0.08177905308464849,0.21951219512195122,0.7370304114490162,0.8263988522238164,3205.0,0.9144079885877318,0.47218259629101283,0.11199999999999999,0.30638297872340425,0.15977175463623394,942.3076923076923,605.7692307692307,True
5350312.03,5350312.03,2021S05075350312.03,0312.03,True,6374.0,4285.6,1.49,40.4,2115.0,305.0,460.0,145.0,200.0,795.0,3.0,6350.0,820.0,13.0,6365.0,480.0,6365.0,2945.0,2135.0,1055.0,1080.0,2135.0,235.0,15.3,6390.0,4130.0,1060.0,6390.0,3670.0,370.0,6390.0,4860.0,6320.0,5855.0,465.0,6080.0,4530.0,1550.0,3400.0,570.0,5360.0,17.2,2220.0,675.0,6370.0,975.0,1475.0,2490.0,1065.0,5090,published,4130.0,published,0.2315541601255887,0.39089481946624804,0.16718995290423863,0.1676470588235294,0.12913385826771653,0.172,0.5058548009367682,0.49414519906323184,0.9264240506329114,0.7450657894736842,0.11007025761124122,1140.0,0.5390070921985816,0.14420803782505912,0.21749408983451538,0.5743348982785602,0.057902973395931145,0.16588419405320814,0.8113948919449901,0.7605633802816901,5885.0,0.9245875883739199,0.4626865671641791,0.153,0.30405405405405406,0.15306122448979592,765.1006711409397,157.71812080536913,True
5350315.01,5350315.01,2021S05075350315.01,0315.01,True,3267.0,2172.8,1.5,46.8,1105.0,480.0,440.0,80.0,100.0,0.0,2.9,3260.0,210.0,6.5,3260.0,230.0,3260.0,1755.0,1100.0,980.0,120.0,1100.0,15.0,0.0,3165.0,2460.0,300.0,3165.0,1545.0,50.0,3170.0,1190.0,3150.0,2985.0,165.0,3080.0,2450.0,630.0,1635.0,455.0,2825.0,15.2,1105.0,185.0,3265.0,390.0,735.0,1170.0,815.0,2765,published,2460.0,published,0.225114854517611,0.35834609494640124,0.24961715160796324,0.2782874617737003,0.06441717791411043,0.152,0.10909090909090909,0.8909090909090909,0.9476190476190476,0.7954545454545454,0.013636363636363636,180.0,0.16289592760180996,0.4343891402714932,0.39819004524886875,0.4881516587677725,0.01579778830963665,0.0947867298578199,0.8896925858951176,0.3753943217665615,3030.0,0.9294478527607362,0.5383435582822086,0.0,0.167420814479638,0.11944869831546708,120.0,10.0,True
5350315.02,5350315.02,2021S05075350315.02,0315.02,True,3365.0,7864.0,0.43,38.4,1060.0,0.0,440.0,0.0,65.0,495.0,3.2,3365.0,550.0,16.4,3365.0,310.0,3365.0,1990.0,1005.0,655.0,350.0,1005.0,315.0,13.0,3160.0,1965.0,560.0,3160.0,1940.0,205.0,3165.0,2595.0,3125.0,2875.0,255.0,2985.0,2105.0,880.0,1615.0,400.0,2615.0,19.9,930.0,205.0,3365.0,500.0,830.0,1225.0,575.0,2650,published,1965.0,published,0.24665676077265974,0.3640416047548291,0.17087667161961367,0.2476780185758514,0.16344725111441308,0.19899999999999998,0.3482587064676617,0.6517412935323383,0.92,0.7051926298157454,0.31343283582089554,560.0,0.5283018867924528,0.0,0.41509433962264153,0.6139240506329114,0.06487341772151899,0.17721518987341772,0.7415094339622641,0.8199052132701422,3055.0,0.9078751857355126,0.5913818722139673,0.13,0.22043010752688172,0.1485884101040119,1302.3255813953488,732.5581395348837,True
5350316.01,5350316.01,2021S05075350316.01,0316.01,True,3970.0,2237.1,1.77,46.8,1215.0,445.0,500.0,95.0,150.0,0.0,3.1,3810.0,375.0,10.0,3815.0,380.0,3815.0,2065.0,1200.0,1000.0,195.0,1200.0,20.0,0.0,3850.0,2760.0,510.0,3850.0,2250.0,145.0,3850.0,2590.0,3830.0,3515.0,310.0,3715.0,2820.0,885.0,1965.0,350.0,3380.0,17.6,1310.0,220.0,3970.0,480.0,855.0,1450.0,1010.0,3345,published,2760.0,published,0.21536523929471033,0.36523929471032746,0.25440806045340053,0.178117048346056,0.0984251968503937,0.17600000000000002,0.1625,0.8333333333333334,0.9177545691906005,0.7590847913862718,0.016666666666666666,245.0,0.20164609053497942,0.3662551440329218,0.411522633744856,0.5844155844155844,0.03766233766233766,0.13246753246753246,0.8251121076233184,0.6727272727272727,3435.0,0.9003931847968545,0.5412844036697247,0.0,0.16793893129770993,0.12090680100755667,138.4180790960452,11.299435028248588,True
5350324.01,5350324.01,2021S05075350324.01,0324.01,True,3275.0,2765.3,1.18,43.2,1115.0,300.0,270.0,25.0,410.0,0.0,2.9,3270.0,465.0,14.3,3270.0,250.0,3270.0,1870.0,1120.0,815.0,305.0,1120.0,120.0,50.0,3305.0,2130.0,655.0,3305.0,1865.0,210.0,3305.0,2505.0,3285.0,2915.0,375.0,3180.0,2155.0,1025.0,1760.0,985.0,2855.0,15.3,760.0,175.0,3275.0,440.0,780.0,1150.0,700.0,2700,published,2130.0,published,0.2381679389312977,0.3511450381679389,0.21374045801526717,0.5596590909090909,0.14220183486238533,0.153,0.27232142857142855,0.7276785714285714,0.8873668188736682,0.6776729559748428,0.10714285714285714,435.0,0.3901345291479821,0.26905829596412556,0.242152466367713,0.5642965204236006,0.06354009077155824,0.19818456883509833,0.7888888888888889,0.7579425113464447,3020.0,0.9235474006116208,0.5718654434250765,0.5,0.23026315789473684,0.13435114503816795,368.6440677966102,101.69491525423729,True
5350324.02,5350324.02,2021S05075350324.02,0324.02,True,5925.0,3133.8,1.89,46.4,2165.0,1150.0,65.0,145.0,150.0,335.0,2.7,5915.0,980.0,16.6,5920.0,445.0,5920.0,3785.0,2155.0,1510.0,645.0,2155.0,225.0,52.3,5950.0,3970.0,1125.0,5950.0,3735.0,280.0,5950.0,4840.0,5925.0,5295.0,635.0,5775.0,4135.0,1635.0,3125.0,1865.0,5180.0,16.3,1350.0,295.0,5925.0,735.0,1380.0,2290.0,1295.0,5020,published,3970.0,published,0.23291139240506328,0.38649789029535864,0.21856540084388185,0.5968,0.16568047337278108,0.163,0.29930394431554525,0.7006960556844548,0.8936708860759494,0.716017316017316,0.10440835266821345,630.0,0.2909930715935335,0.5311778290993071,0.03002309468822171,0.6277310924369748,0.047058823529411764,0.18907563025210083,0.7908366533864541,0.8134453781512605,5475.0,0.924831081081081,0.6393581081081081,0.523,0.21851851851851853,0.1240506329113924,333.33333333333337,119.04761904761905,True
5350324.03,5350324.03,2021S05075350324.03,0324.03,True,3671.0,1694.2,2.17,62.8,1675.0,155.0,345.0,10.0,135.0,1020.0,2.2,3660.0,620.0,16.9,3670.0,375.0,3670.0,2215.0,1705.0,1290.0,415.0,1705.0,760.0,58.3,3725.0,2900.0,585.0,3725.0,2500.0,230.0,3725.0,2565.0,3720.0,3420.0,300.0,3650.0,2730.0,920.0,1465.0,935.0,3475.0,10.7,670.0,85.0,3675.0,285.0,550.0,990.0,1745.0,3325,published,2900.0,published,0.14965986394557823,0.2693877551020408,0.4748299319727891,0.6382252559726962,0.16939890710382513,0.107,0.2434017595307918,0.7565982404692082,0.9193548387096774,0.7479452054794521,0.44574780058651026,1165.0,0.6955223880597015,0.09253731343283582,0.20597014925373133,0.6711409395973155,0.06174496644295302,0.15704697986577182,0.8721804511278195,0.6885906040268457,3295.0,0.8978201634877384,0.603542234332425,0.583,0.12686567164179105,0.07755102040816327,536.8663594470046,350.2304147465438,True
5350375.01,5350375.01,2021S05075350375.01,0375.01,True,6266.0,6574.3,0.95,49.6,2725.0,475.0,125.0,80.0,85.0,1820.0,2.3,6260.0,1440.0,23.0,6260.0,780.0,6260.0,3825.0,2700.0,1075.0,1620.0,2700.0,520.0,44.0,6240.0,4160.0,1330.0,6240.0,4080.0,580.0,6235.0,3960.0,6185.0,5550.0,630.0,6000.0,4020.0,1985.0,3130.0,1280.0,5460.0,18.6,1660.0,375.0,6265.0,700.0,1260.0,2250.0,1740.0,5350,published,4160.0,published,0.2011173184357542,0.35913806863527536,0.27773343974461295,0.40894568690095845,0.23003194888178913,0.18600000000000003,0.6,0.39814814814814814,0.8973322554567502,0.67,0.1925925925925926,1985.0,0.728440366972477,0.1743119266055046,0.045871559633027525,0.6538461538461539,0.09294871794871795,0.21314102564102563,0.7775700934579439,0.6351242983159583,5480.0,0.8753993610223643,0.6110223642172524,0.44,0.22590361445783133,0.11173184357541899,2089.4736842105262,547.3684210526316,True
5350375.02,5350375.02,2021S05075350375.02,0375.02,True,1887.0,3074.3,0.61,48.4,675.0,500.0,0.0,15.0,0.0,80.0,2.8,1880.0,95.0,5.2,1880.0,55.0,1880.0,745.0,675.0,485.0,190.0,675.0,0.0,31.6,1825.0,1415.0,120.0,1825.0,685.0,30.0,1820.0,1005.0,1810.0,1755.0,60.0,1750.0,1540.0,215.0,900.0,460.0,1600.0,12.6,500.0,90.0,1885.0,265.0,375.0,725.0,440.0,1565,published,1415.0,published,0.1989389920424403,0.38461538461538464,0.23342175066312998,0.5111111111111111,0.05053191489361702,0.126,0.2814814814814815,0.7185185185185186,0.9696132596685083,0.88,0.0,95.0,0.14074074074074075,0.7407407407407407,0.0,0.37534246575342467,0.01643835616438356,0.06575342465753424,0.9041533546325878,0.5521978021978022,1825.0,0.9707446808510638,0.3962765957446808,0.316,0.18,0.14058355437665782,155.7377049180328,0.0,True
5350375.03,5350375.03,2021S05075350375.03,0375.03,True,5221.0,6436.9,0.81,38.4,1850.0,430.0,50.0,35.0,10.0,1105.0,2.8,5215.0,840.0,16.1,5220.0,360.0,5220.0,2690.0,1845.0,715.0,1130.0,1845.0,275.0,26.7,5275.0,3055.0,1285.0,5275.0,2975.0,480.0,5275.0,4385.0,5225.0,4755.0,470.0,5015.0,3305.0,1715.0,2815.0,1065.0,4385.0,16.4,1560.0,450.0,5220.0,785.0,1290.0,1955.0,855.0,4150,published,3055.0,published,0.2471264367816092,0.37452107279693486,0.16379310344827586,0.3783303730017762,0.1610738255033557,0.16399999999999998,0.6124661246612466,0.3875338753387534,0.9100478468899521,0.6590229312063809,0.14905149051490515,1150.0,0.6216216216216216,0.23243243243243245,0.02702702702702703,0.5639810426540285,0.0909952606635071,0.24360189573459715,0.736144578313253,0.8312796208530806,4860.0,0.9310344827586207,0.5153256704980843,0.267,0.28846153846153844,0.1503831417624521,1419.753086419753,339.5061728395062,True
5350376.01,5350376.01,2021S05075350376.01,0376.01,True,5025.0,4804.0,1.05,40.4,1600.0,700.0,80.0,125.0,155.0,235.0,3.1,5005.0,880.0,17.6,5025.0,760.0,5025.0,3060.0,1585.0,1055.0,530.0,1585.0,130.0,59.4,5005.0,3145.0,1025.0,5005.0,2965.0,335.0,5005.0,4180.0,4980.0,4565.0,415.0,4795.0,3335.0,1455.0,2640.0,785.0,4240.0,23.4,1255.0,290.0,5025.0,730.0,1220.0,1870.0,895.0,4070,published,3145.0,published,0.2427860696517413,0.37213930348258706,0.1781094527363184,0.29734848484848486,0.17582417582417584,0.23399999999999999,0.334384858044164,0.6656151419558359,0.9166666666666666,0.6955161626694474,0.08201892744479496,515.0,0.321875,0.4375,0.05,0.5924075924075924,0.06693306693306693,0.2047952047952048,0.7727272727272727,0.8351648351648352,4265.0,0.8487562189054726,0.608955223880597,0.594,0.23107569721115537,0.14527363184079603,490.4761904761905,123.80952380952381,True
5350376.02,5350376.02,2021S05075350376.02,0376.02,True,4667.0,5437.5,0.86,42.4,1565.0,175.0,240.0,40.0,180.0,795.0,3.0,4660.0,655.0,14.0,4665.0,770.0,4665.0,2930.0,1600.0,1000.0,595.0,1600.0,525.0,10.0,4735.0,2740.0,1280.0,4735.0,3185.0,435.0,4730.0,4420.0,4715.0,4310.0,400.0,4535.0,3160.0,1375.0,2640.0,815.0,4050.0,14.4,1520.0,390.0,4670.0,625.0,1070.0,1850.0,875.0,3830,published,2740.0,published,0.2291220556745182,0.3961456102783726,0.1873661670235546,0.3087121212121212,0.1405579399141631,0.14400000000000002,0.371875,0.625,0.9141039236479321,0.6968026460859978,0.328125,1015.0,0.6485623003194888,0.11182108626198083,0.15335463258785942,0.672650475184794,0.09186906019007392,0.2703273495248152,0.7154046997389034,0.9344608879492601,3895.0,0.834941050375134,0.6280814576634512,0.1,0.2565789473684211,0.13383297644539616,1180.2325581395348,610.4651162790698,True
5350402.01,5350402.01,2021S05075350402.01,0402.01,False,2433.0,1229.5,1.98,47.6,845.0,470.0,5.0,20.0,0.0,0.0,2.9,2430.0,140.0,5.7,2435.0,85.0,2435.0,1110.0,840.0,635.0,205.0,840.0,215.0,0.0,2365.0,1775.0,270.0,2365.0,1330.0,100.0,2365.0,1405.0,2345.0,2190.0,150.0,2270.0,1735.0,535.0,1225.0,700.0,2065.0,11.6,640.0,55.0,2435.0,335.0,420.0,950.0,620.0,2020,published,1775.0,published,0.17248459958932238,0.39014373716632444,0.2546201232032854,0.5714285714285714,0.05761316872427984,0.11599999999999999,0.24404761904761904,0.7559523809523809,0.9339019189765458,0.76431718061674,0.25595238095238093,20.0,0.023668639053254437,0.5562130177514792,0.005917159763313609,0.5623678646934461,0.042283298097251586,0.11416490486257928,0.8787128712871287,0.5940803382663847,2350.0,0.9650924024640657,0.45585215605749485,0.0,0.0859375,0.1375770020533881,10.1010101010101,108.58585858585859,False
5350402.02,5350402.02,2021S05075350402.02,0402.02,False,5837.0,3439.2,1.7,39.2,2445.0,770.0,0.0,135.0,20.0,1380.0,2.4,5835.0,1260.0,21.6,5840.0,425.0,5840.0,3850.0,2390.0,1355.0,1035.0,2390.0,1315.0,1.9,5890.0,3410.0,1790.0,5890.0,3585.0,655.0,5885.0,4545.0,5855.0,4580.0,1275.0,5700.0,2785.0,2915.0,3585.0,2080.0,5190.0,14.6,1890.0,345.0,5840.0,645.0,1630.0,2430.0,870.0,4965,published,3410.0,published,0.2791095890410959,0.4160958904109589,0.14897260273972604,0.5801952580195258,0.2159383033419023,0.146,0.4330543933054393,0.5669456066945606,0.7822374039282665,0.4885964912280702,0.5502092050209205,1535.0,0.6278118609406953,0.3149284253578732,0.0,0.6086587436332768,0.11120543293718166,0.30390492359932086,0.6868076535750252,0.7723024638912489,5415.0,0.9272260273972602,0.6592465753424658,0.019,0.18253968253968253,0.11044520547945205,902.9411764705883,773.5294117647059,False
5350400.22,5350400.22,2021S05075350400.22,0400.22,False,10353.0,704.0,14.71,38.0,2640.0,2090.0,290.0,20.0,5.0,0.0,3.9,10355.0,580.0,5.6,10355.0,685.0,10355.0,5665.0,2640.0,2315.0,325.0,2640.0,45.0,4.6,10350.0,6845.0,950.0,10350.0,5715.0,380.0,10350.0,9490.0,10275.0,9505.0,770.0,9895.0,7365.0,2530.0,5480.0,2230.0,8200.0,10.9,3025.0,180.0,10355.0,2175.0,2135.0,4320.0,1190.0,7715,published,6845.0,published,0.2061805890873974,0.417189763399324,0.11492032834379527,0.40693430656934304,0.05601158860453887,0.109,0.12310606060606061,0.8768939393939394,0.9250608272506082,0.7443153107630116,0.017045454545454544,25.0,0.00946969696969697,0.7916666666666666,0.10984848484848485,0.5521739130434783,0.03671497584541063,0.09178743961352658,0.8872326636422554,0.9169082125603865,9670.0,0.9338483824239497,0.5470787059391599,0.046,0.05950413223140496,0.21004345726702076,1.699524133242692,3.0591434398368453,False
5350400.23,5350400.23,2021S05075350400.23,0400.23,False,10615.0,2523.1,4.21,36.0,2810.0,1655.0,460.0,160.0,10.0,420.0,3.8,10610.0,770.0,7.3,10615.0,870.0,10615.0,6305.0,2810.0,2285.0,530.0,2810.0,520.0,0.0,10610.0,6655.0,1645.0,10610.0,6510.0,585.0,10615.0,10050.0,10490.0,9155.0,1335.0,10025.0,6295.0,3730.0,5885.0,2345.0,8650.0,16.1,3195.0,255.0,10615.0,1855.0,2690.0,4120.0,1280.0,8190,published,6655.0,published,0.2534149788035798,0.3881300047103156,0.12058407913330194,0.39847068819031434,0.07257304429783223,0.161,0.18861209964412812,0.8131672597864769,0.8727359389895138,0.627930174563591,0.18505338078291814,590.0,0.2099644128113879,0.5889679715302492,0.16370106761565836,0.6135721017907634,0.05513666352497644,0.15504241281809614,0.8125763125763126,0.946773433820066,9745.0,0.9180405087140838,0.5939707960433349,0.0,0.07981220657276995,0.1747527084314649,140.14251781472683,123.51543942992875,False
5350322.01,5350322.01,2021S05075350322.01,0322.01,True,4495.0,21600.2,0.21,36.0,2195.0,0.0,0.0,0.0,50.0,2140.0,2.1,4485.0,1000.0,22.3,4495.0,310.0,4495.0,3135.0,2200.0,1240.0,955.0,2200.0,2140.0,5.7,4575.0,2565.0,1685.0,4575.0,3040.0,810.0,4575.0,3820.0,4540.0,3510.0,1030.0,4425.0,2040.0,2380.0,3020.0,2050.0,4130.0,12.4,1205.0,470.0,4495.0,335.0,1645.0,1670.0,645.0,4010,published,2565.0,published,0.3659621802002225,0.371523915461624,0.14349276974416017,0.6788079470198676,0.2229654403567447,0.124,0.4340909090909091,0.5636363636363636,0.7731277533039648,0.4610169491525424,0.9727272727272728,2190.0,0.9977220956719818,0.0,0.0,0.6644808743169399,0.17704918032786884,0.36830601092896176,0.6396508728179551,0.8349726775956284,4185.0,0.9310344827586207,0.6974416017797553,0.057,0.3900414937759336,0.07452725250278086,10428.57142857143,10190.47619047619,True
5350322.02,5350322.02,2021S05075350322.02,0322.02,True,3814.0,2712.5,1.41,54.8,1250.0,810.0,20.0,135.0,255.0,5.0,2.6,3195.0,635.0,19.9,3225.0,325.0,3225.0,2175.0,1245.0,745.0,495.0,1245.0,0.0,48.0,3110.0,2080.0,750.0,3110.0,2015.0,225.0,3110.0,2330.0,3105.0,2580.0,525.0,3040.0,1950.0,1085.0,1580.0,990.0,2870.0,11.8,835.0,235.0,3815.0,260.0,830.0,1135.0,1425.0,3455,published,2080.0,published,0.21756225425950196,0.29750982961992134,0.3735255570117955,0.6265822784810127,0.19874804381846636,0.11800000000000001,0.39759036144578314,0.5983935742971888,0.8309178743961353,0.6414473684210527,0.0,395.0,0.316,0.648,0.016,0.6479099678456591,0.07234726688102894,0.24115755627009647,0.6020260492040521,0.7491961414790996,2900.0,0.8992248062015504,0.6744186046511628,0.48,0.281437125748503,0.06815203145478375,280.1418439716312,0.0,True
5350378.25,5350378.25,2021S05075350378.25,0378.25,True,7612.0,1610.7,4.73,37.2,1865.0,1200.0,300.0,130.0,10.0,0.0,4.1,7615.0,425.0,5.6,7615.0,450.0,7615.0,4315.0,1835.0,1610.0,225.0,1835.0,45.0,0.0,7520.0,4975.0,1020.0,7520.0,4600.0,395.0,7520.0,7435.0,7435.0,7075.0,360.0,7145.0,5775.0,1370.0,4030.0,1215.0,6185.0,15.2,2585.0,290.0,7615.0,1330.0,1910.0,2950.0,985.0,5940,published,4975.0,published,0.2508207485226527,0.38739330269205513,0.1293499671700591,0.3014888337468983,0.05581089954038083,0.152,0.1226158038147139,0.8773841961852861,0.9515803631472763,0.8082575227431771,0.02452316076294278,140.0,0.07506702412868632,0.6434316353887399,0.16085790884718498,0.6117021276595744,0.052526595744680854,0.1356382978723404,0.8375420875420876,0.9886968085106383,7165.0,0.9409061063690085,0.5666447800393959,0.0,0.11218568665377177,0.17465528562048588,29.598308668076108,9.513742071881605,True
5350378.26,5350378.26,2021S05075350378.26,0378.26,True,4867.0,2991.9,1.63,38.8,1215.0,995.0,0.0,20.0,0.0,5.0,4.0,4865.0,235.0,4.9,4865.0,325.0,4865.0,2760.0,1240.0,1100.0,140.0,1240.0,45.0,0.0,4960.0,3430.0,630.0,4960.0,3100.0,205.0,4960.0,4820.0,4925.0,4685.0,245.0,4750.0,3635.0,1110.0,2730.0,880.0,4210.0,14.3,1675.0,215.0,4865.0,720.0,1305.0,1890.0,670.0,3930,published,3430.0,published,0.2682425488180884,0.38848920863309355,0.13771839671120248,0.32234432234432236,0.048304213771839674,0.14300000000000002,0.11290322580645161,0.8870967741935484,0.9512690355329949,0.7652631578947369,0.036290322580645164,25.0,0.0205761316872428,0.8189300411522634,0.0,0.625,0.04133064516129032,0.12701612903225806,0.8727735368956743,0.9717741935483871,4540.0,0.9331963001027749,0.5673175745118191,0.0,0.12835820895522387,0.14799588900308325,15.337423312883436,27.607361963190186,True
5350378.27,5350378.27,2021S05075350378.27,0378.27,True,5547.0,278.6,19.91,37.2,1530.0,580.0,255.0,185.0,5.0,0.0,3.6,5535.0,275.0,5.0,5545.0,260.0,5545.0,2775.0,1525.0,1275.0,250.0,1525.0,280.0,0.0,5540.0,3755.0,635.0,5540.0,3345.0,175.0,5535.0,5255.0,5510.0,5050.0,460.0,5285.0,4085.0,1195.0,3135.0,1030.0,4600.0,14.0,2070.0,395.0,5550.0,905.0,1415.0,2240.0,660.0,4380,published,3755.0,published,0.25495495495495496,0.4036036036036036,0.11891891891891893,0.32854864433811803,0.04968383017163505,0.14,0.16393442622950818,0.8360655737704918,0.9165154264972777,0.7729422894985809,0.18360655737704917,190.0,0.12418300653594772,0.3790849673202614,0.16666666666666666,0.6037906137184116,0.0315884476534296,0.11462093862815885,0.8573059360730594,0.9494128274616079,5285.0,0.9531109107303878,0.5004508566275925,0.0,0.19082125603864733,0.16306306306306306,9.542943244600703,14.063284781516826,True
5350378.28,5350378.28,2021S05075350378.28,0378.28,True,6946.0,3117.9,2.23,41.2,1930.0,1105.0,120.0,440.0,15.0,0.0,3.6,6925.0,500.0,7.2,6925.0,245.0,6925.0,2820.0,1930.0,1535.0,400.0,1930.0,120.0,27.8,6925.0,4955.0,780.0,6925.0,4085.0,265.0,6925.0,6545.0,6865.0,6485.0,380.0,6535.0,5070.0,1465.0,3625.0,945.0,5865.0,15.9,2195.0,420.0,6950.0,945.0,1735.0,2520.0,1335.0,5690,published,4955.0,published,0.24964028776978417,0.36258992805755397,0.1920863309352518,0.26068965517241377,0.07220216606498195,0.159,0.20725388601036268,0.7953367875647669,0.9446467589220685,0.7758224942616679,0.06217616580310881,455.0,0.23575129533678757,0.572538860103627,0.06217616580310881,0.5898916967509025,0.038267148014440436,0.11263537906137185,0.8708260105448155,0.9451263537906137,6680.0,0.9646209386281589,0.4072202166064982,0.278,0.19134396355353075,0.13597122302158274,204.03587443946188,53.81165919282511,True
5350355.05,5350355.05,2021S05075350355.05,0355.05,True,3525.0,11283.6,0.31,38.0,1395.0,160.0,0.0,95.0,115.0,1025.0,2.5,3520.0,585.0,16.6,3525.0,90.0,3525.0,1250.0,1375.0,415.0,960.0,1375.0,270.0,16.1,3610.0,2005.0,865.0,3610.0,2140.0,450.0,3605.0,2900.0,3570.0,3310.0,255.0,3425.0,1980.0,1440.0,1905.0,530.0,2880.0,15.0,1085.0,375.0,3525.0,605.0,795.0,1355.0,525.0,2730,published,2005.0,published,0.225531914893617,0.3843971631205674,0.14893617021276595,0.2782152230971129,0.16619318181818182,0.15,0.6981818181818182,0.3018181818181818,0.927170868347339,0.5781021897810219,0.19636363636363635,1235.0,0.8853046594982079,0.11469534050179211,0.0,0.592797783933518,0.12465373961218837,0.23961218836565096,0.7344322344322345,0.8044382801664355,3435.0,0.9744680851063829,0.3546099290780142,0.161,0.3456221198156682,0.17163120567375886,3983.8709677419356,870.9677419354839,True
5350355.06,5350355.06,2021S05075350355.06,0355.06,True,1791.0,9337.9,0.19,33.6,590.0,90.0,80.0,45.0,0.0,325.0,3.1,1795.0,355.0,19.8,1790.0,55.0,1790.0,710.0,575.0,180.0,395.0,575.0,0.0,53.2,1630.0,1035.0,255.0,1630.0,915.0,140.0,1630.0,1400.0,1620.0,1510.0,110.0,1560.0,1180.0,375.0,855.0,235.0,1340.0,22.9,450.0,155.0,1790.0,330.0,470.0,670.0,175.0,1340,published,1035.0,published,0.26256983240223464,0.3743016759776536,0.09776536312849161,0.27485380116959063,0.1977715877437326,0.22899999999999998,0.6869565217391305,0.3130434782608696,0.9320987654320988,0.7564102564102564,0.0,370.0,0.6271186440677966,0.15254237288135594,0.13559322033898305,0.5613496932515337,0.08588957055214724,0.15644171779141106,0.7723880597014925,0.8588957055214724,1735.0,0.9692737430167597,0.39664804469273746,0.532,0.34444444444444444,0.18435754189944134,1947.3684210526314,0.0,True
5350337.01,5350337.01,2021S05075350337.01,0337.01,True,1177.0,5835.4,0.2,36.4,565.0,80.0,5.0,25.0,220.0,245.0,2.1,1175.0,225.0,19.2,1175.0,15.0,1175.0,355.0,610.0,280.0,335.0,610.0,270.0,13.4,1225.0,920.0,140.0,1225.0,390.0,50.0,1225.0,480.0,1220.0,1025.0,200.0,1155.0,490.0,670.0,715.0,220.0,1085.0,20.3,340.0,60.0,1175.0,135.0,350.0,460.0,140.0,970,published,920.0,published,0.2978723404255319,0.39148936170212767,0.11914893617021277,0.3076923076923077,0.19148936170212766,0.203,0.5491803278688525,0.45901639344262296,0.8401639344262295,0.42424242424242425,0.4426229508196721,490.0,0.8672566371681416,0.1415929203539823,0.008849557522123894,0.3183673469387755,0.04081632653061224,0.11428571428571428,0.9484536082474226,0.39183673469387753,1160.0,0.9872340425531915,0.3021276595744681,0.134,0.17647058823529413,0.1148936170212766,2450.0,1350.0,True
5350337.02,5350337.02,2021S05075350337.02,0337.02,True,2008.0,3105.0,0.65,48.4,840.0,310.0,0.0,35.0,465.0,25.0,2.2,1815.0,315.0,17.4,2005.0,20.0,2005.0,360.0,825.0,275.0,545.0,825.0,35.0,19.1,1705.0,1270.0,150.0,1705.0,440.0,80.0,1710.0,465.0,1680.0,1480.0,200.0,1595.0,1070.0,525.0,925.0,290.0,1440.0,18.6,510.0,100.0,2010.0,235.0,360.0,780.0,505.0,1680,published,1270.0,published,0.1791044776119403,0.3880597014925373,0.2512437810945274,0.31351351351351353,0.17355371900826447,0.18600000000000003,0.6606060606060606,0.3333333333333333,0.8809523809523809,0.670846394984326,0.04242424242424243,525.0,0.625,0.36904761904761907,0.0,0.25806451612903225,0.0469208211143695,0.08797653958944282,0.7559523809523809,0.2719298245614035,1985.0,0.9900249376558603,0.17955112219451372,0.191,0.19607843137254902,0.11691542288557213,807.6923076923076,53.84615384615385,True
5350260.06,5350260.06,2021S05075350260.06,0260.06,True,4354.0,4731.6,0.92,32.8,1650.0,0.0,180.0,5.0,295.0,1035.0,2.6,4345.0,740.0,17.0,4355.0,150.0,4355.0,2395.0,1655.0,505.0,1150.0,1655.0,725.0,11.7,4335.0,2405.0,1270.0,4335.0,2625.0,715.0,4335.0,3600.0,4280.0,3375.0,905.0,4090.0,2095.0,1995.0,2670.0,1220.0,3660.0,14.7,1440.0,475.0,4355.0,645.0,1470.0,1640.0,330.0,3465,published,2405.0,published,0.3375430539609644,0.37657864523536166,0.07577497129735936,0.45692883895131087,0.17031070195627157,0.147,0.6948640483383686,0.30513595166163143,0.7885514018691588,0.5122249388753056,0.4380664652567976,1335.0,0.8090909090909091,0.0,0.10909090909090909,0.6055363321799307,0.16493656286043828,0.29296424452133796,0.6940836940836941,0.8304498269896193,4205.0,0.965556831228473,0.5499425947187141,0.11699999999999999,0.3298611111111111,0.14810562571756603,1451.086956521739,788.0434782608695,True
5350260.07,5350260.07,2021S05075350260.07,0260.07,True,3591.0,10420.8,0.34,48.4,1490.0,0.0,0.0,0.0,0.0,1445.0,2.4,3590.0,405.0,11.2,3590.0,155.0,3590.0,1895.0,1530.0,1205.0,325.0,1530.0,1520.0,0.0,3895.0,2885.0,475.0,3895.0,2485.0,245.0,3895.0,2915.0,3830.0,3455.0,375.0,3745.0,2575.0,1165.0,2015.0,925.0,3425.0,16.0,1060.0,310.0,3590.0,395.0,670.0,1415.0,940.0,3065,published,2885.0,published,0.18662952646239556,0.39415041782729804,0.2618384401114206,0.45905707196029777,0.11281337047353761,0.16,0.21241830065359477,0.7875816993464052,0.902088772845953,0.6875834445927904,0.9934640522875817,1445.0,0.9697986577181208,0.0,0.0,0.637997432605905,0.06290115532734275,0.12195121951219512,0.9412724306688418,0.748395378690629,3435.0,0.9568245125348189,0.5278551532033426,0.0,0.29245283018867924,0.11002785515320335,4250.0,4470.588235294117,True
5350183.01,5350183.01,2021S05075350183.01,0183.01,True,2623.0,5004.8,0.52,42.4,1005.0,635.0,135.0,120.0,105.0,0.0,2.6,2620.0,165.0,6.4,2620.0,70.0,2620.0,795.0,975.0,730.0,245.0,975.0,10.0,0.0,2590.0,1895.0,155.0,2590.0,750.0,55.0,2585.0,785.0,2565.0,2335.0,230.0,2430.0,1820.0,605.0,1395.0,710.0,2145.0,10.8,545.0,105.0,2630.0,360.0,490.0,1145.0,440.0,2105,published,1895.0,published,0.18631178707224336,0.435361216730038,0.16730038022813687,0.5089605734767025,0.06297709923664122,0.10800000000000001,0.2512820512820513,0.7487179487179487,0.9103313840155945,0.7489711934156379,0.010256410256410256,225.0,0.22388059701492538,0.6318407960199005,0.13432835820895522,0.28957528957528955,0.021235521235521235,0.059845559845559844,0.9002375296912114,0.3036750483558994,2550.0,0.9732824427480916,0.30343511450381677,0.0,0.1926605504587156,0.13688212927756654,432.6923076923077,19.23076923076923,True
5350183.02,5350183.02,2021S05075350183.02,0183.02,True,4035.0,9425.4,0.43,41.2,1575.0,515.0,710.0,90.0,250.0,5.0,2.6,4035.0,265.0,6.6,4035.0,115.0,4035.0,955.0,1570.0,1255.0,315.0,1570.0,15.0,8.1,4055.0,2840.0,295.0,4055.0,1210.0,85.0,4050.0,1170.0,4015.0,3735.0,280.0,3775.0,2795.0,975.0,2280.0,1385.0,3220.0,11.9,890.0,225.0,4035.0,625.0,675.0,1830.0,595.0,3150,published,2840.0,published,0.16728624535315986,0.45353159851301117,0.14745972738537794,0.6074561403508771,0.06567534076827757,0.11900000000000001,0.20063694267515925,0.7993630573248408,0.9302615193026152,0.7403973509933774,0.009554140127388535,345.0,0.21904761904761905,0.326984126984127,0.4507936507936508,0.29839704069050554,0.02096177558569667,0.07274969173859433,0.9015873015873016,0.28888888888888886,3920.0,0.9714993804213135,0.23667905824039653,0.081,0.25280898876404495,0.15489467162329615,802.3255813953489,34.883720930232556,True
5350028.01,5350028.01,2021S05075350028.01,0028.01,True,1290.0,6268.2,0.21,38.8,650.0,10.0,165.0,15.0,145.0,225.0,2.0,1285.0,80.0,6.2,1290.0,30.0,1290.0,255.0,675.0,425.0,250.0,675.0,330.0,0.0,1330.0,1050.0,105.0,1330.0,350.0,35.0,1335.0,485.0,1310.0,1010.0,300.0,1250.0,670.0,580.0,975.0,670.0,1165.0,4.1,390.0,85.0,1295.0,120.0,315.0,665.0,110.0,1105,published,1050.0,published,0.24324324324324326,0.5135135135135135,0.08494208494208494,0.6871794871794872,0.0622568093385214,0.040999999999999995,0.37037037037037035,0.6296296296296297,0.7709923664122137,0.536,0.4888888888888889,385.0,0.5923076923076923,0.015384615384615385,0.25384615384615383,0.2631578947368421,0.02631578947368421,0.07894736842105263,0.9502262443438914,0.36329588014981273,1260.0,0.9767441860465116,0.19767441860465115,0.0,0.21794871794871795,0.09266409266409266,1833.3333333333335,1571.4285714285716,True
5350028.02,5350028.02,2021S05075350028.02,0028.02,True,5868.0,12665.7,0.46,39.2,2765.0,240.0,535.0,185.0,490.0,1075.0,2.1,5800.0,565.0,9.7,5850.0,335.0,5850.0,1380.0,2705.0,1700.0,1000.0,2705.0,1080.0,21.0,5540.0,4340.0,390.0,5540.0,1355.0,125.0,5540.0,1740.0,5465.0,4665.0,795.0,5245.0,3015.0,2230.0,3845.0,2365.0,4815.0,11.2,1430.0,270.0,5865.0,665.0,1405.0,2790.0,695.0,4930,published,4340.0,published,0.23955669224211423,0.47570332480818417,0.1184995737425405,0.6150845253576073,0.09741379310344828,0.11199999999999999,0.36968576709796674,0.6284658040665434,0.8536139066788655,0.5748331744518589,0.39926062846580407,1750.0,0.6329113924050633,0.0867992766726944,0.19349005424954793,0.24458483754512636,0.02256317689530686,0.0703971119133574,0.8803245436105477,0.3140794223826715,5515.0,0.9427350427350427,0.2358974358974359,0.21,0.1888111888111888,0.113384484228474,3804.3478260869565,2347.8260869565215,True
5350063.03,5350063.03,2021S05075350063.03,0063.03,True,4869.0,52130.6,0.09,35.2,3185.0,0.0,0.0,0.0,115.0,3040.0,1.5,4855.0,845.0,17.4,4870.0,80.0,4870.0,2060.0,3240.0,990.0,2255.0,3240.0,1865.0,5.3,4970.0,3260.0,1470.0,4970.0,2215.0,620.0,4970.0,2570.0,4915.0,3650.0,1265.0,4780.0,2075.0,2705.0,3745.0,2625.0,4700.0,11.7,1375.0,425.0,4870.0,110.0,2155.0,1935.0,480.0,4620,published,3260.0,published,0.44250513347022585,0.3973305954825462,0.09856262833675565,0.7009345794392523,0.17404737384140062,0.11699999999999999,0.6959876543209876,0.3055555555555556,0.7426246185147508,0.4341004184100418,0.5756172839506173,3155.0,0.9905808477237049,0.0,0.0,0.44567404426559354,0.12474849094567404,0.29577464788732394,0.7056277056277056,0.5171026156941649,4790.0,0.9835728952772074,0.42299794661190965,0.053,0.3090909090909091,0.022587268993839837,35055.555555555555,20722.222222222223,True
5350063.04,5350063.04,2021S05075350063.04,0063.04,True,4778.0,33910.6,0.14,33.6,3110.0,0.0,15.0,0.0,285.0,2745.0,1.5,4710.0,1285.0,27.3,4760.0,90.0,4760.0,1980.0,3215.0,665.0,2555.0,3215.0,1425.0,21.9,4995.0,3590.0,1250.0,4995.0,1980.0,425.0,4995.0,2630.0,4965.0,2915.0,2055.0,4910.0,1620.0,3290.0,3535.0,2205.0,4865.0,19.7,1275.0,410.0,4780.0,115.0,2335.0,1725.0,450.0,4570,published,3590.0,published,0.4884937238493724,0.3608786610878661,0.09414225941422594,0.6237623762376238,0.27282377919320594,0.19699999999999998,0.7947122861586314,0.20684292379471228,0.5871097683786506,0.329938900203666,0.4432348367029549,3030.0,0.9742765273311897,0.0,0.00482315112540193,0.3963963963963964,0.08508508508508508,0.2502502502502503,0.7855579868708972,0.5265265265265265,4670.0,0.9810924369747899,0.41596638655462187,0.21899999999999997,0.3215686274509804,0.02405857740585774,21642.85714285714,10178.571428571428,True
5350065.01,5350065.01,2021S05075350065.01,0065.01,True,2650.0,30778.2,0.09,34.8,1465.0,0.0,0.0,0.0,65.0,1390.0,1.8,2645.0,450.0,17.0,2650.0,30.0,2650.0,1235.0,1435.0,35.0,1400.0,1435.0,30.0,5.0,2650.0,1420.0,1060.0,2650.0,1380.0,540.0,2655.0,1865.0,2635.0,2110.0,520.0,2555.0,1205.0,1355.0,1910.0,1110.0,2415.0,16.4,915.0,350.0,2650.0,170.0,1100.0,1030.0,230.0,2385,published,1420.0,published,0.41509433962264153,0.3886792452830189,0.08679245283018867,0.581151832460733,0.17013232514177692,0.16399999999999998,0.975609756097561,0.024390243902439025,0.8007590132827325,0.47162426614481406,0.020905923344947737,1455.0,0.9931740614334471,0.0,0.0,0.5207547169811321,0.2037735849056604,0.4,0.5953878406708596,0.7024482109227872,2620.0,0.9886792452830189,0.4660377358490566,0.05,0.3825136612021858,0.06415094339622641,16166.666666666668,333.33333333333337,True
5350050.01,5350050.01,2021S05075350050.01,0050.01,True,8648.0,6662.0,1.3,42.8,4235.0,945.0,40.0,50.0,380.0,2660.0,2.0,8635.0,660.0,7.6,8650.0,95.0,8650.0,2950.0,4230.0,3105.0,1125.0,4230.0,2810.0,0.0,8455.0,6500.0,775.0,8455.0,2850.0,420.0,8455.0,2090.0,8345.0,7270.0,1070.0,8095.0,4980.0,3115.0,4995.0,3365.0,7380.0,9.7,2040.0,500.0,8650.0,1005.0,1865.0,3555.0,1750.0,7290,published,6500.0,published,0.21560693641618497,0.41098265895953756,0.2023121387283237,0.6736736736736737,0.07643312101910828,0.09699999999999999,0.26595744680851063,0.7340425531914894,0.8711803475134812,0.6151945645460161,0.6643026004728132,3090.0,0.7296340023612751,0.2231404958677686,0.009445100354191263,0.33707865168539325,0.04967474866942637,0.09166173861620343,0.8916323731138546,0.24719101123595505,8555.0,0.9890173410404625,0.34104046242774566,0.0,0.24509803921568626,0.1161849710982659,2376.9230769230767,2161.5384615384614,True
5350097.01,5350097.01,2021S05075350097.01,0097.01,True,3929.0,10342.2,0.38,39.2,1515.0,180.0,175.0,150.0,850.0,125.0,2.5,3770.0,425.0,11.3,3930.0,320.0,3930.0,1645.0,1525.0,720.0,800.0,1525.0,10.0,14.5,3805.0,2750.0,535.0,3805.0,1730.0,155.0,3805.0,1905.0,3760.0,3260.0,500.0,3670.0,2580.0,1090.0,2465.0,1230.0,3380.0,17.7,1120.0,410.0,3930.0,395.0,1110.0,1530.0,680.0,3380,published,2750.0,published,0.2824427480916031,0.3893129770992366,0.17302798982188294,0.49898580121703856,0.11273209549071618,0.177,0.5245901639344263,0.4721311475409836,0.8670212765957447,0.7029972752043597,0.006557377049180328,1125.0,0.7425742574257426,0.1188118811881188,0.11551155115511551,0.45466491458607095,0.040735873850197106,0.14060446780551905,0.8136094674556213,0.5006570302233903,3610.0,0.9185750636132316,0.41857506361323155,0.145,0.36607142857142855,0.1005089058524173,2960.5263157894738,26.31578947368421,True
5350065.02,5350065.02,2021S05075350065.02,0065.02,True,11120.0,77545.3,0.14,37.6,5135.0,0.0,0.0,0.0,50.0,5085.0,2.2,11110.0,2930.0,26.4,11120.0,375.0,11120.0,5810.0,5135.0,105.0,5030.0,5135.0,100.0,33.3,11110.0,6285.0,3190.0,11110.0,6585.0,1490.0,11110.0,9055.0,11035.0,9680.0,1355.0,10570.0,6885.0,3685.0,6825.0,2650.0,9390.0,20.0,3490.0,1825.0,11120.0,1470.0,2985.0,4660.0,1285.0,9085,published,6285.0,published,0.26843525179856115,0.41906474820143885,0.11555755395683454,0.3882783882783883,0.26372637263726373,0.2,0.9795520934761441,0.02044790652385589,0.877208880833711,0.6513718070009461,0.019474196689386564,5135.0,1.0,0.0,0.0,0.5927092709270927,0.1341134113411341,0.2871287128712871,0.6917996697853604,0.815031503150315,10745.0,0.9662769784172662,0.5224820143884892,0.33299999999999996,0.5229226361031518,0.13219424460431656,36678.57142857143,714.2857142857142,True
5350128.02,5350128.02,2021S05075350128.02,0128.02,True,12611.0,24312.7,0.52,35.2,6900.0,385.0,135.0,75.0,690.0,5580.0,1.8,12220.0,1885.0,15.4,12230.0,195.0,12230.0,4905.0,6895.0,2240.0,4645.0,6895.0,3620.0,4.8,12140.0,7520.0,3570.0,12140.0,4985.0,1740.0,12140.0,5810.0,12020.0,8015.0,4010.0,11650.0,3920.0,7735.0,8505.0,6210.0,10970.0,10.3,3220.0,1380.0,12610.0,925.0,4735.0,4560.0,1775.0,11185,published,7520.0,published,0.3754956383822363,0.36161776367961934,0.140761300555115,0.7301587301587301,0.15425531914893617,0.10300000000000001,0.6736765772298767,0.3248730964467005,0.6668053244592346,0.336480686695279,0.5250181290790428,6345.0,0.9195652173913044,0.05579710144927536,0.01956521739130435,0.4106260296540362,0.14332784184514002,0.2940691927512356,0.6723290120697363,0.4785831960461285,12035.0,0.9840556009811938,0.40106295993458707,0.048,0.42857142857142855,0.07335448057097542,12201.923076923076,6961.538461538461,True
5350156.01,5350156.01,2021S05075350156.01,0156.01,True,5700.0,9451.2,0.6,39.6,2290.0,340.0,200.0,45.0,110.0,1585.0,2.5,5695.0,1390.0,24.4,5700.0,505.0,5700.0,2940.0,2340.0,590.0,1745.0,2340.0,40.0,33.8,5830.0,3360.0,1415.0,5830.0,3150.0,425.0,5830.0,4090.0,5735.0,5335.0,400.0,5525.0,4020.0,1505.0,3030.0,530.0,4780.0,15.9,1720.0,550.0,5700.0,870.0,1285.0,2125.0,1030.0,4500,published,3360.0,published,0.22543859649122808,0.37280701754385964,0.18070175438596492,0.17491749174917492,0.2440737489025461,0.159,0.7457264957264957,0.25213675213675213,0.93025283347864,0.7276018099547511,0.017094017094017096,1740.0,0.759825327510917,0.14847161572052403,0.08733624454148471,0.5403087478559176,0.07289879931389365,0.24271012006861065,0.7466666666666667,0.7015437392795884,5195.0,0.9114035087719298,0.5157894736842106,0.33799999999999997,0.31976744186046513,0.15263157894736842,2900.0,66.66666666666667,True
5350156.02,5350156.02,2021S05075350156.02,0156.02,True,2810.0,4783.8,0.59,41.6,1065.0,410.0,135.0,90.0,325.0,0.0,2.6,2810.0,365.0,13.1,2810.0,175.0,2810.0,1195.0,1075.0,620.0,450.0,1075.0,35.0,19.8,2805.0,1955.0,400.0,2805.0,1300.0,105.0,2810.0,1045.0,2785.0,2625.0,160.0,2660.0,1975.0,690.0,1560.0,380.0,2375.0,10.9,1025.0,240.0,2805.0,360.0,635.0,1160.0,460.0,2295,published,1955.0,published,0.22638146167557932,0.41354723707664887,0.16399286987522282,0.24358974358974358,0.1298932384341637,0.109,0.4186046511627907,0.5767441860465117,0.9425493716337523,0.7424812030075187,0.03255813953488372,415.0,0.38967136150234744,0.38497652582159625,0.1267605633802817,0.46345811051693403,0.0374331550802139,0.14260249554367202,0.8518518518518519,0.3718861209964413,2635.0,0.9377224199288257,0.42526690391459077,0.198,0.23414634146341465,0.12834224598930483,703.3898305084746,59.32203389830509,True
5350169.01,5350169.01,2021S05075350169.01,0169.01,True,3587.0,9486.9,0.38,42.0,1420.0,510.0,65.0,205.0,425.0,210.0,2.5,3585.0,390.0,11.0,3590.0,185.0,3590.0,1685.0,1385.0,690.0,695.0,1385.0,135.0,4.3,3530.0,2275.0,780.0,3530.0,1895.0,325.0,3535.0,2005.0,3490.0,3135.0,355.0,3350.0,2280.0,1070.0,2110.0,840.0,3070.0,12.5,1255.0,455.0,3585.0,380.0,890.0,1540.0,570.0,3040,published,2275.0,published,0.2482566248256625,0.4295676429567643,0.1589958158995816,0.3981042654028436,0.1087866108786611,0.125,0.5018050541516246,0.4981949458483754,0.8982808022922636,0.6805970149253732,0.09747292418772563,840.0,0.5915492957746479,0.3591549295774648,0.045774647887323945,0.5368271954674221,0.09206798866855524,0.22096317280453256,0.7483552631578947,0.5671852899575672,3405.0,0.9484679665738162,0.46935933147632314,0.043,0.36254980079681276,0.10599721059972106,2210.5263157894738,355.2631578947368,True
5350169.02,5350169.02,2021S05075350169.02,0169.02,True,7596.0,17350.4,0.44,41.2,3255.0,360.0,5.0,110.0,535.0,2170.0,2.3,7580.0,930.0,12.3,7595.0,270.0,7595.0,3820.0,3300.0,1370.0,1935.0,3300.0,1120.0,13.7,7675.0,5045.0,1505.0,7675.0,4450.0,610.0,7675.0,3590.0,7590.0,6835.0,760.0,7280.0,4850.0,2425.0,4730.0,2250.0,6630.0,14.3,2575.0,1025.0,7595.0,850.0,1760.0,3300.0,1215.0,6365,published,5045.0,published,0.23173140223831468,0.43449637919684003,0.15997366688610928,0.47568710359408034,0.12269129287598944,0.14300000000000002,0.5863636363636363,0.41515151515151516,0.9005270092226614,0.6662087912087912,0.3393939393939394,2815.0,0.8648233486943164,0.11059907834101383,0.0015360983102918587,0.5798045602605864,0.07947882736156352,0.19609120521172638,0.7926158680282797,0.4677524429967427,7325.0,0.9644502962475313,0.5029624753127058,0.13699999999999998,0.39805825242718446,0.1119157340355497,6397.727272727273,2545.4545454545455,True
5350175.01,5350175.01,2021S05075350175.01,0175.01,True,5963.0,7542.4,0.79,40.0,2350.0,400.0,90.0,60.0,355.0,1435.0,2.5,5765.0,1205.0,21.0,5775.0,260.0,5775.0,2150.0,2370.0,975.0,1390.0,2370.0,525.0,33.3,5630.0,3580.0,1045.0,5630.0,2805.0,400.0,5630.0,3895.0,5560.0,5270.0,290.0,5275.0,3870.0,1405.0,3305.0,600.0,4730.0,18.4,1855.0,530.0,5960.0,815.0,1385.0,2350.0,990.0,4810,published,3580.0,published,0.23238255033557048,0.39429530201342283,0.16610738255033558,0.1815431164901664,0.20901994796183868,0.184,0.5864978902953587,0.41139240506329117,0.947841726618705,0.7336492890995261,0.22151898734177214,1850.0,0.7872340425531915,0.1702127659574468,0.03829787234042553,0.49822380106571934,0.07104795737122557,0.18561278863232683,0.7442827442827443,0.6918294849023091,5515.0,0.9549783549783549,0.3722943722943723,0.33299999999999996,0.2857142857142857,0.13674496644295303,2341.772151898734,664.5569620253165,True
5350175.02,5350175.02,2021S05075350175.02,0175.02,True,8672.0,11996.1,0.72,36.8,3920.0,185.0,60.0,30.0,260.0,3250.0,2.2,8665.0,1880.0,21.7,8670.0,280.0,8670.0,2990.0,3920.0,670.0,3245.0,3920.0,410.0,20.9,8665.0,5020.0,2175.0,8665.0,4640.0,1065.0,8660.0,6445.0,8555.0,7695.0,855.0,8145.0,4840.0,3305.0,5010.0,945.0,7155.0,20.1,2660.0,930.0,8670.0,1240.0,2295.0,3345.0,1155.0,6895,published,5020.0,published,0.2647058823529412,0.38581314878892736,0.13321799307958476,0.18862275449101795,0.21696480092325446,0.201,0.8278061224489796,0.17091836734693877,0.8994739918176505,0.5942295887047269,0.10459183673469388,3540.0,0.9030612244897959,0.047193877551020405,0.015306122448979591,0.5354875937680323,0.12290825158684363,0.2510098095787651,0.7280638143582306,0.7442263279445728,8390.0,0.9677047289504037,0.34486735870818913,0.209,0.34962406015037595,0.14302191464821223,4916.666666666667,569.4444444444445,True
5350184.01,5350184.01,2021S05075350184.01,0184.01,True,5008.0,10563.2,0.47,43.2,2230.0,525.0,395.0,130.0,315.0,845.0,2.3,5005.0,785.0,15.7,5005.0,195.0,5005.0,1865.0,2255.0,1080.0,1175.0,2255.0,130.0,26.0,5035.0,3670.0,530.0,5035.0,1990.0,155.0,5040.0,1835.0,4970.0,4505.0,465.0,4740.0,3295.0,1445.0,2785.0,1430.0,4210.0,12.5,1320.0,475.0,5005.0,665.0,895.0,2075.0,1040.0,4065,published,3670.0,published,0.17882117882117882,0.4145854145854146,0.2077922077922078,0.5134649910233393,0.15684315684315683,0.125,0.5210643015521065,0.4789356984478936,0.9064386317907445,0.6951476793248945,0.057649667405764965,1290.0,0.57847533632287,0.23542600896860988,0.17713004484304934,0.3952333664349553,0.030784508440913606,0.10526315789473684,0.9028290282902829,0.36408730158730157,4810.0,0.961038961038961,0.3726273726273726,0.26,0.35984848484848486,0.13286713286713286,2744.68085106383,276.59574468085106,True
5350184.02,5350184.02,2021S05075350184.02,0184.02,True,3671.0,6589.5,0.56,43.6,1610.0,590.0,140.0,130.0,305.0,445.0,2.3,3665.0,395.0,10.8,3665.0,80.0,3665.0,1215.0,1625.0,805.0,820.0,1625.0,10.0,2.4,3640.0,2650.0,440.0,3640.0,1400.0,210.0,3635.0,1215.0,3620.0,3400.0,220.0,3500.0,2530.0,970.0,2155.0,995.0,3165.0,14.4,990.0,355.0,3675.0,455.0,745.0,1675.0,630.0,3060,published,2650.0,published,0.20272108843537415,0.4557823129251701,0.17142857142857143,0.4617169373549884,0.1077762619372442,0.14400000000000002,0.5046153846153846,0.49538461538461537,0.9392265193370166,0.7228571428571429,0.006153846153846154,880.0,0.546583850931677,0.36645962732919257,0.08695652173913043,0.38461538461538464,0.057692307692307696,0.12087912087912088,0.8660130718954249,0.3342503438789546,3585.0,0.9781718963165075,0.3315143246930423,0.024,0.35858585858585856,0.12380952380952381,1571.4285714285713,17.857142857142854,True
5350185.01,5350185.01,2021S05075350185.01,0185.01,True,6836.0,13693.9,0.5,41.6,3280.0,315.0,390.0,60.0,490.0,1955.0,2.1,6835.0,1000.0,14.7,6835.0,190.0,6835.0,2575.0,3260.0,895.0,2365.0,3260.0,125.0,5.3,6780.0,4755.0,1035.0,6780.0,2880.0,545.0,6785.0,2230.0,6705.0,5935.0,775.0,6435.0,4235.0,2200.0,4210.0,1880.0,5825.0,13.4,2085.0,835.0,6835.0,775.0,1440.0,3115.0,1115.0,5725,published,4755.0,published,0.21068032187271396,0.45574250182882226,0.16313094367227504,0.44655581947743467,0.14630577907827358,0.134,0.7254601226993865,0.2745398773006135,0.8851603281133482,0.6581196581196581,0.03834355828220859,2505.0,0.7637195121951219,0.09603658536585366,0.11890243902439024,0.4247787610619469,0.0803834808259587,0.15265486725663716,0.8305676855895197,0.3286661753868828,6645.0,0.972201901975128,0.37673738112655447,0.053,0.40047961630695444,0.11338697878566203,5010.0,250.0,True
5350185.02,5350185.02,2021S05075350185.02,0185.02,True,4244.0,3553.0,1.19,44.4,1995.0,530.0,60.0,80.0,280.0,1050.0,2.1,4120.0,600.0,14.6,4125.0,105.0,4125.0,1625.0,2020.0,730.0,1290.0,2020.0,215.0,6.2,4175.0,3165.0,445.0,4175.0,1740.0,175.0,4175.0,1375.0,4150.0,3705.0,445.0,4025.0,2890.0,1135.0,2475.0,1155.0,3665.0,17.1,1170.0,430.0,4245.0,450.0,880.0,1885.0,805.0,3615,published,3165.0,published,0.20730270906949352,0.44405182567726736,0.1896348645465253,0.4666666666666667,0.14563106796116504,0.171,0.6386138613861386,0.3613861386138614,0.8927710843373494,0.7180124223602484,0.10643564356435643,1410.0,0.706766917293233,0.2656641604010025,0.03007518796992481,0.4167664670658683,0.041916167664670656,0.10658682634730539,0.8755186721991701,0.32934131736526945,4020.0,0.9745454545454545,0.3939393939393939,0.062,0.36752136752136755,0.10600706713780919,1184.873949579832,180.67226890756302,True
5350190.01,5350190.01,2021S05075350190.01,0190.01,True,8588.0,21550.8,0.4,36.4,3260.0,160.0,5.0,25.0,80.0,2955.0,2.6,8585.0,1580.0,18.4,8590.0,275.0,8590.0,4920.0,3255.0,1260.0,1995.0,3255.0,1430.0,4.0,8580.0,4495.0,2675.0,8580.0,5230.0,1430.0,8585.0,7275.0,8460.0,6965.0,1495.0,7965.0,4525.0,3435.0,4925.0,2665.0,6930.0,19.7,2520.0,1185.0,8585.0,1330.0,2190.0,3380.0,1005.0,6660,published,4495.0,published,0.25509609784507864,0.39370995923121727,0.11706464764123471,0.5411167512690356,0.18404193360512522,0.19699999999999998,0.6129032258064516,0.3870967741935484,0.8232860520094563,0.5681104833647207,0.4393241167434716,3060.0,0.9386503067484663,0.049079754601226995,0.0015337423312883436,0.6095571095571095,0.16666666666666666,0.3117715617715618,0.674924924924925,0.8474082702387886,8315.0,0.9679860302677532,0.5727590221187427,0.04,0.47023809523809523,0.15492137449039023,7650.0,3575.0,True
5350190.02,5350190.02,2021S05075350190.02,0190.02,True,4612.0,7933.9,0.58,41.2,1970.0,590.0,10.0,80.0,460.0,810.0,2.3,4610.0,830.0,18.0,4610.0,100.0,4610.0,1440.0,1985.0,585.0,1400.0,1985.0,45.0,20.0,4615.0,2980.0,785.0,4615.0,1780.0,330.0,4610.0,2245.0,4565.0,4140.0,435.0,4350.0,2985.0,1365.0,2745.0,805.0,3885.0,16.9,1410.0,500.0,4615.0,645.0,1035.0,1960.0,650.0,3720,published,2980.0,published,0.22426868905742145,0.4247020585048754,0.14084507042253522,0.29326047358834245,0.18004338394793926,0.16899999999999998,0.7052896725440806,0.2947103274559194,0.9069003285870756,0.6862068965517242,0.022670025188916875,1350.0,0.6852791878172588,0.29949238578680204,0.005076142131979695,0.3856988082340195,0.07150595882990249,0.17009750812567714,0.8010752688172043,0.48698481561822127,4510.0,0.9783080260303688,0.3123644251626898,0.2,0.3546099290780142,0.13976164680390032,2327.586206896552,77.58620689655173,True
5350221.01,5350221.01,2021S05075350221.01,0221.01,True,6363.0,3905.8,1.63,53.2,2675.0,985.0,0.0,15.0,0.0,1470.0,2.4,6360.0,335.0,5.3,6360.0,105.0,6360.0,2245.0,2645.0,2135.0,505.0,2645.0,1270.0,0.0,6280.0,4990.0,325.0,6280.0,2170.0,200.0,6285.0,1090.0,6255.0,5780.0,475.0,6065.0,4485.0,1575.0,2970.0,1625.0,5500.0,11.1,1485.0,170.0,6365.0,725.0,1000.0,2370.0,1950.0,5430,published,4990.0,published,0.15710919088766692,0.3723487824037706,0.3063629222309505,0.5471380471380471,0.05267295597484277,0.111,0.19092627599243855,0.8071833648393195,0.9240607513988809,0.7394888705688376,0.48015122873345933,1485.0,0.5551401869158878,0.36822429906542054,0.0,0.34554140127388533,0.03184713375796178,0.0517515923566879,0.9189686924493554,0.17342879872712808,6255.0,0.9834905660377359,0.3529874213836478,0.0,0.11447811447811448,0.11390416339355852,911.0429447852762,779.1411042944786,True
5350221.02,5350221.02,2021S05075350221.02,0221.02,True,5269.0,6545.3,0.81,37.6,2060.0,435.0,0.0,20.0,50.0,1550.0,2.5,5095.0,605.0,11.8,5095.0,185.0,5095.0,2340.0,2065.0,765.0,1305.0,2065.0,590.0,6.2,5105.0,3195.0,1160.0,5105.0,2550.0,625.0,5105.0,2610.0,5010.0,4270.0,745.0,4800.0,2665.0,2130.0,3140.0,1340.0,4320.0,14.5,1805.0,360.0,5265.0,670.0,1415.0,2035.0,800.0,4315,published,3195.0,published,0.26875593542260207,0.3865147198480532,0.15194681861348527,0.4267515923566879,0.11874386653581943,0.145,0.6319612590799032,0.3704600484261501,0.8522954091816367,0.5552083333333333,0.2857142857142857,1620.0,0.7864077669902912,0.2111650485436893,0.0,0.49951028403525954,0.12242899118511263,0.22722820763956905,0.7404403244495944,0.5112634671890304,4910.0,0.9636898920510304,0.4592737978410206,0.062,0.1994459833795014,0.12725546058879392,1999.9999999999998,728.395061728395,True
5350222.01,5350222.01,2021S05075350222.01,0222.01,True,7105.0,5530.0,1.28,40.0,2795.0,920.0,20.0,30.0,435.0,1215.0,2.5,7100.0,495.0,7.0,7105.0,170.0,7105.0,3150.0,2805.0,2120.0,690.0,2805.0,1630.0,0.0,7180.0,5205.0,820.0,7180.0,3140.0,450.0,7185.0,2835.0,7130.0,6320.0,805.0,6850.0,4260.0,2585.0,4100.0,2030.0,6115.0,13.1,2150.0,320.0,7105.0,935.0,1735.0,2825.0,1195.0,5850,published,5205.0,published,0.2441942294159043,0.3976073187895848,0.16819141449683322,0.4951219512195122,0.06971830985915493,0.131,0.24598930481283424,0.7557932263814616,0.8863955119214586,0.621897810218978,0.5811051693404634,1680.0,0.6010733452593918,0.3291592128801431,0.007155635062611807,0.4373259052924791,0.06267409470752089,0.11420612813370473,0.8897435897435897,0.3945720250521921,6935.0,0.976073187895848,0.4433497536945813,0.0,0.14883720930232558,0.13159746657283602,1312.5,1273.4375,True
5350222.02,5350222.02,2021S05075350222.02,0222.02,True,4985.0,4153.5,1.2,41.2,1745.0,810.0,25.0,20.0,0.0,890.0,2.8,4805.0,710.0,14.8,4800.0,125.0,4800.0,2145.0,1735.0,860.0,870.0,1735.0,75.0,26.9,4815.0,3020.0,730.0,4815.0,2210.0,335.0,4815.0,2145.0,4775.0,4370.0,405.0,4605.0,3345.0,1255.0,2545.0,1205.0,3895.0,15.4,1300.0,215.0,4985.0,850.0,970.0,1955.0,880.0,3860,published,3020.0,published,0.1945837512537613,0.3921765295887663,0.1765295887662989,0.47347740667976423,0.14776274713839752,0.154,0.5014409221902018,0.4956772334293948,0.9151832460732985,0.7263843648208469,0.043227665706051875,910.0,0.5214899713467048,0.46418338108882523,0.014326647564469915,0.45898234683281414,0.0695742471443406,0.15160955347871236,0.7823834196891192,0.4454828660436137,4675.0,0.9739583333333334,0.446875,0.26899999999999996,0.16538461538461538,0.17051153460381144,758.3333333333334,62.5,True
5350230.01,5350230.01,2021S05075350230.01,0230.01,True,2649.0,1829.3,1.45,51.6,1140.0,435.0,0.0,5.0,60.0,635.0,2.2,2510.0,250.0,9.9,2645.0,50.0,2645.0,985.0,1115.0,685.0,425.0,1115.0,335.0,0.0,2455.0,1915.0,150.0,2455.0,830.0,55.0,2455.0,420.0,2435.0,2170.0,260.0,2360.0,1630.0,735.0,1300.0,765.0,2110.0,8.7,635.0,110.0,2650.0,290.0,455.0,1000.0,770.0,2285,published,1915.0,published,0.17169811320754716,0.37735849056603776,0.29056603773584905,0.5884615384615385,0.099601593625498,0.087,0.3811659192825112,0.6143497757847534,0.891170431211499,0.690677966101695,0.3004484304932735,700.0,0.6140350877192983,0.3815789473684211,0.0,0.3380855397148676,0.02240325865580448,0.06109979633401222,0.838074398249453,0.1710794297352342,2595.0,0.9810964083175804,0.3724007561436673,0.0,0.1732283464566929,0.10943396226415095,482.7586206896552,231.0344827586207,True
5350230.02,5350230.02,2021S05075350230.02,0230.02,True,6558.0,6652.5,0.99,46.8,2675.0,555.0,80.0,10.0,65.0,1850.0,2.4,6405.0,550.0,8.6,6560.0,235.0,6560.0,3190.0,2705.0,1315.0,1385.0,2705.0,855.0,2.9,6460.0,4790.0,800.0,6460.0,3350.0,360.0,6465.0,2200.0,6410.0,5910.0,505.0,6215.0,4385.0,1825.0,3515.0,1240.0,5605.0,15.4,2115.0,380.0,6560.0,800.0,1220.0,2555.0,1610.0,5490,published,4790.0,published,0.18597560975609756,0.38948170731707316,0.24542682926829268,0.352773826458037,0.0858704137392662,0.154,0.512014787430684,0.48613678373382624,0.921996879875195,0.7055510860820595,0.31608133086876156,1925.0,0.719626168224299,0.20747663551401868,0.029906542056074768,0.5185758513931888,0.05572755417956656,0.1238390092879257,0.8724954462659381,0.3402938901778809,6325.0,0.9641768292682927,0.48628048780487804,0.028999999999999998,0.17966903073286053,0.12195121951219512,1944.4444444444446,863.6363636363636,True
5350235.01,5350235.01,2021S05075350235.01,0235.01,True,2902.0,2062.4,1.41,44.8,1020.0,890.0,40.0,35.0,0.0,0.0,2.9,2900.0,105.0,3.7,2905.0,65.0,2905.0,970.0,985.0,920.0,60.0,985.0,15.0,0.0,2775.0,2135.0,140.0,2775.0,1035.0,55.0,2775.0,735.0,2755.0,2605.0,150.0,2640.0,2045.0,595.0,1505.0,655.0,2340.0,12.7,825.0,95.0,2900.0,385.0,570.0,1240.0,540.0,2365,published,2135.0,published,0.19655172413793104,0.42758620689655175,0.18620689655172415,0.43521594684385384,0.03620689655172414,0.127,0.06091370558375635,0.934010152284264,0.9455535390199638,0.7746212121212122,0.015228426395939087,35.0,0.03431372549019608,0.8725490196078431,0.0392156862745098,0.372972972972973,0.01981981981981982,0.05045045045045045,0.9027484143763214,0.2648648648648649,2840.0,0.9776247848537005,0.33390705679862304,0.0,0.11515151515151516,0.13275862068965516,24.822695035460995,10.638297872340425,True
5350235.02,5350235.02,2021S05075350235.02,0235.02,True,5166.0,4792.2,1.08,47.6,1990.0,805.0,85.0,30.0,0.0,1060.0,2.6,5155.0,330.0,6.4,5160.0,155.0,5160.0,2335.0,2000.0,1605.0,390.0,2000.0,845.0,0.0,5140.0,3990.0,435.0,5140.0,2365.0,195.0,5140.0,1770.0,5090.0,4785.0,305.0,4990.0,3670.0,1315.0,2690.0,1000.0,4550.0,13.0,1620.0,255.0,5165.0,615.0,1030.0,2035.0,1185.0,4370,published,3990.0,published,0.1994191674733785,0.39399806389157793,0.22942884801548888,0.37174721189591076,0.06401551891367604,0.13,0.195,0.8025,0.9400785854616895,0.7354709418837675,0.4225,1090.0,0.5477386934673367,0.4045226130653266,0.04271356783919598,0.4601167315175097,0.037937743190661476,0.08463035019455253,0.9130434782608695,0.3443579766536965,5005.0,0.9699612403100775,0.45251937984496127,0.0,0.1574074074074074,0.11907066795740562,1009.2592592592592,782.4074074074074,True
5350236.01,5350236.01,2021S05075350236.01,0236.01,True,6949.0,7042.0,0.99,43.6,2665.0,535.0,95.0,35.0,5.0,1765.0,2.5,6770.0,705.0,10.4,6780.0,220.0,6780.0,3165.0,2665.0,1885.0,780.0,2665.0,1410.0,11.0,6760.0,4850.0,780.0,6760.0,3415.0,350.0,6760.0,2875.0,6705.0,6175.0,535.0,6435.0,4365.0,2070.0,3745.0,1450.0,5765.0,13.8,2220.0,415.0,6950.0,880.0,1515.0,2685.0,1450.0,5750,published,4850.0,published,0.21798561151079138,0.38633093525179857,0.20863309352517986,0.3871829105473965,0.10413589364844904,0.138,0.2926829268292683,0.7073170731707317,0.9209545115585384,0.6783216783216783,0.5290806754221389,1805.0,0.6772983114446529,0.20075046904315197,0.03564727954971857,0.5051775147928994,0.051775147928994084,0.11538461538461539,0.8434782608695652,0.42529585798816566,6560.0,0.967551622418879,0.4668141592920354,0.11,0.18693693693693694,0.12661870503597122,1823.2323232323233,1424.2424242424242,True
5350236.02,5350236.02,2021S05075350236.02,0236.02,True,5902.0,1490.8,3.96,48.4,2240.0,965.0,235.0,15.0,0.0,665.0,2.6,5865.0,390.0,6.6,5900.0,130.0,5900.0,2565.0,2275.0,1900.0,370.0,2275.0,690.0,0.0,5990.0,4730.0,345.0,5990.0,2725.0,120.0,5990.0,1825.0,5925.0,5580.0,340.0,5705.0,4565.0,1145.0,3105.0,1530.0,5170.0,14.1,1785.0,230.0,5905.0,730.0,1035.0,2355.0,1435.0,4925,published,4730.0,published,0.17527519051651144,0.3988145639288738,0.24301439458086369,0.4927536231884058,0.06649616368286446,0.141,0.16263736263736264,0.8351648351648352,0.9417721518987342,0.8001752848378615,0.3032967032967033,680.0,0.30357142857142855,0.43080357142857145,0.10491071428571429,0.4549248747913189,0.02003338898163606,0.05759599332220367,0.9604060913705583,0.3046744574290484,5770.0,0.9779661016949153,0.4347457627118644,0.0,0.12885154061624648,0.12362404741744284,171.7171717171717,174.24242424242425,True
5350238.01,5350238.01,2021S05075350238.01,0238.01,True,3500.0,3375.8,1.04,47.2,1300.0,940.0,0.0,20.0,0.0,270.0,2.7,3500.0,150.0,4.2,3500.0,50.0,3500.0,1260.0,1285.0,905.0,375.0,1285.0,25.0,0.0,3415.0,2630.0,175.0,3415.0,1090.0,75.0,3410.0,665.0,3405.0,3250.0,155.0,3275.0,2525.0,750.0,1715.0,855.0,2900.0,10.6,940.0,110.0,3495.0,455.0,640.0,1360.0,825.0,2880,published,2630.0,published,0.18311874105865522,0.38912732474964234,0.23605150214592274,0.49854227405247814,0.04285714285714286,0.106,0.2918287937743191,0.7042801556420234,0.9544787077826725,0.7709923664122137,0.019455252918287938,290.0,0.2230769230769231,0.7230769230769231,0.0,0.3191800878477306,0.021961932650073207,0.05124450951683748,0.9131944444444444,0.19501466275659823,3450.0,0.9857142857142858,0.36,0.0,0.11702127659574468,0.1301859799713877,278.8461538461538,24.038461538461537,True
5350238.02,5350238.02,2021S05075350238.02,0238.02,True,5306.0,5433.1,0.98,41.2,1960.0,755.0,15.0,40.0,5.0,1145.0,2.7,5305.0,600.0,11.3,5305.0,160.0,5305.0,2390.0,2030.0,1095.0,935.0,2030.0,340.0,5.9,5595.0,3795.0,680.0,5595.0,2615.0,320.0,5600.0,2740.0,5540.0,5190.0,350.0,5275.0,3905.0,1375.0,3040.0,880.0,4585.0,16.6,1800.0,355.0,5305.0,785.0,1115.0,2120.0,940.0,4240,published,3795.0,published,0.21017907634307256,0.3996229971724788,0.177191328934967,0.2894736842105263,0.11310084825636192,0.166,0.4605911330049261,0.5394088669950738,0.9368231046931408,0.7402843601895734,0.16748768472906403,1190.0,0.6071428571428571,0.3852040816326531,0.007653061224489796,0.4673815907059875,0.05719392314566577,0.12153708668453976,0.8950471698113207,0.48928571428571427,5145.0,0.9698397737983034,0.4505183788878417,0.059000000000000004,0.19722222222222222,0.14797360980207352,1214.2857142857142,346.9387755102041,True
5350240.01,5350240.01,2021S05075350240.01,0240.01,True,3377.0,2656.5,1.27,48.8,1245.0,1130.0,0.0,45.0,10.0,0.0,2.7,3380.0,145.0,4.3,3375.0,85.0,3375.0,1435.0,1255.0,1175.0,85.0,1255.0,55.0,0.0,3460.0,2695.0,195.0,3460.0,1380.0,75.0,3465.0,665.0,3435.0,3195.0,245.0,3320.0,2480.0,845.0,1690.0,900.0,2965.0,11.4,835.0,110.0,3375.0,445.0,540.0,1315.0,890.0,2760,published,2695.0,published,0.16,0.3896296296296296,0.2637037037037037,0.5325443786982249,0.042899408284023666,0.114,0.06772908366533864,0.9362549800796812,0.9301310043668122,0.7469879518072289,0.043824701195219126,55.0,0.04417670682730924,0.9076305220883534,0.0,0.3988439306358382,0.02167630057803468,0.05635838150289017,0.9764492753623188,0.1919191919191919,3290.0,0.9748148148148148,0.42518518518518517,0.0,0.1317365269461078,0.13185185185185186,43.30708661417323,43.30708661417323,True
5350240.02,5350240.02,2021S05075350240.02,0240.02,True,6089.0,5871.2,1.04,53.2,2545.0,530.0,60.0,55.0,110.0,1750.0,2.2,5685.0,560.0,9.9,5945.0,265.0,5945.0,3155.0,2595.0,1380.0,1215.0,2595.0,900.0,9.1,5785.0,4415.0,520.0,5785.0,2910.0,160.0,5785.0,1670.0,5710.0,5280.0,425.0,5530.0,3955.0,1575.0,2865.0,1135.0,4990.0,12.5,1655.0,310.0,6090.0,640.0,945.0,2180.0,2005.0,5235,published,4415.0,published,0.15517241379310345,0.3579638752052545,0.32922824302134646,0.3961605584642234,0.09850483729111698,0.125,0.4682080924855491,0.5317919075144508,0.9246935201401051,0.7151898734177216,0.3468208092485549,1915.0,0.7524557956777996,0.2082514734774067,0.023575638506876228,0.5030250648228176,0.027657735522904063,0.0898876404494382,0.8433619866284623,0.28867761452031115,5680.0,0.9554247266610597,0.5306980656013457,0.091,0.18731117824773413,0.10509031198686371,1841.3461538461538,865.3846153846154,True
5350243.01,5350243.01,2021S05075350243.01,0243.01,True,6212.0,19708.1,0.32,36.0,2110.0,70.0,0.0,5.0,0.0,2040.0,2.9,6210.0,1170.0,18.8,6210.0,265.0,6210.0,3340.0,2110.0,1325.0,790.0,2110.0,1985.0,8.9,6300.0,3695.0,1340.0,6300.0,3620.0,710.0,6295.0,5300.0,6235.0,5645.0,585.0,5890.0,3690.0,2200.0,3140.0,800.0,5120.0,20.9,1710.0,335.0,6215.0,985.0,1625.0,2085.0,1055.0,4840,published,3695.0,published,0.2614641995172969,0.335478680611424,0.16975060337892195,0.25477707006369427,0.18840579710144928,0.209,0.3744075829383886,0.6279620853080569,0.9053728949478749,0.6264855687606112,0.9407582938388626,2045.0,0.9691943127962085,0.03317535545023697,0.0,0.5746031746031746,0.1126984126984127,0.2126984126984127,0.7634297520661157,0.8419380460683081,5945.0,0.9573268921095008,0.537842190016103,0.08900000000000001,0.195906432748538,0.1584875301689461,6390.625,6203.125,True
5350243.02,5350243.02,2021S05075350243.02,0243.02,True,3793.0,3120.8,1.22,40.8,1310.0,620.0,35.0,85.0,125.0,350.0,2.9,3785.0,425.0,11.3,3785.0,170.0,3785.0,1815.0,1315.0,665.0,655.0,1315.0,60.0,9.2,3700.0,2515.0,610.0,3700.0,1905.0,180.0,3700.0,2205.0,3665.0,3320.0,350.0,3510.0,2375.0,1140.0,1970.0,515.0,3140.0,16.7,1220.0,255.0,3795.0,535.0,885.0,1445.0,720.0,3070,published,2515.0,published,0.233201581027668,0.380764163372859,0.18972332015810275,0.2614213197969543,0.11228533685601057,0.16699999999999998,0.49809885931558934,0.5057034220532319,0.9058663028649386,0.6766381766381766,0.045627376425855515,560.0,0.42748091603053434,0.4732824427480916,0.026717557251908396,0.5148648648648648,0.04864864864864865,0.16486486486486487,0.8192182410423453,0.595945945945946,3615.0,0.9550858652575958,0.4795244385733157,0.092,0.20901639344262296,0.14097496706192358,459.016393442623,49.18032786885246,True
5350063.05,5350063.05,2021S05075350063.05,0063.05,True,6551.0,50431.1,0.13,31.0,4250.0,0.0,0.0,0.0,135.0,4105.0,1.5,6475.0,1720.0,26.5,6505.0,115.0,6505.0,3105.0,4195.0,1270.0,2920.0,4195.0,3170.0,0.0,6360.0,3815.0,2265.0,6360.0,2715.0,845.0,6360.0,3955.0,6330.0,4115.0,2205.0,6250.0,1505.0,4740.0,4365.0,3220.0,6105.0,14.8,1625.0,555.0,6550.0,175.0,3765.0,1995.0,430.0,6225,published,3815.0,published,0.5748091603053435,0.3045801526717557,0.06564885496183206,0.7376861397479955,0.26563706563706563,0.14800000000000002,0.6960667461263409,0.30274135876042907,0.6500789889415481,0.2408,0.7556615017878426,4240.0,0.9976470588235294,0.0,0.0,0.4268867924528302,0.13286163522012578,0.3561320754716981,0.61285140562249,0.6218553459119497,6390.0,0.9823212913143735,0.47732513451191394,0.0,0.3415384615384615,0.026717557251908396,32615.384615384613,24384.615384615383,True
5350248.02,5350248.02,2021S05075350248.02,0248.02,True,5538.0,4563.7,1.21,32.0,1780.0,300.0,5.0,85.0,50.0,550.0,3.1,5470.0,1240.0,22.7,5470.0,190.0,5470.0,2070.0,1775.0,620.0,1155.0,1775.0,335.0,78.4,5470.0,3430.0,725.0,5470.0,2935.0,150.0,5470.0,4795.0,5425.0,5115.0,310.0,5240.0,4045.0,1195.0,2715.0,640.0,4395.0,24.8,1475.0,410.0,5540.0,1170.0,1495.0,1890.0,675.0,4130,published,3430.0,published,0.26985559566787004,0.34115523465703973,0.12184115523465704,0.23572744014732966,0.226691042047532,0.248,0.6507042253521127,0.3492957746478873,0.9428571428571428,0.7719465648854962,0.18873239436619718,685.0,0.3848314606741573,0.16853932584269662,0.0028089887640449437,0.5365630712979891,0.027422303473491772,0.13254113345521024,0.8305084745762712,0.876599634369287,5280.0,0.9652650822669104,0.37842778793418647,0.784,0.27796610169491526,0.2111913357400722,566.1157024793389,276.8595041322314,True
5350250.01,5350250.01,2021S05075350250.01,0250.01,True,5047.0,3634.6,1.39,39.6,1495.0,655.0,210.0,170.0,175.0,230.0,3.3,4910.0,555.0,11.3,4915.0,335.0,4915.0,2670.0,1485.0,935.0,560.0,1485.0,15.0,13.5,4845.0,2950.0,1145.0,4845.0,2705.0,400.0,4845.0,3670.0,4800.0,4455.0,345.0,4645.0,3430.0,1220.0,2705.0,855.0,4150.0,17.4,1625.0,345.0,5045.0,700.0,1345.0,1870.0,880.0,4135,published,2950.0,published,0.2666005946481665,0.37066402378592667,0.17443012884043607,0.31608133086876156,0.11303462321792261,0.174,0.3771043771043771,0.6296296296296297,0.928125,0.7384284176533907,0.010101010101010102,575.0,0.38461538461538464,0.43812709030100333,0.14046822742474915,0.5583075335397317,0.0825593395252838,0.23632610939112486,0.713422007255139,0.7574819401444789,4580.0,0.9318413021363174,0.54323499491353,0.135,0.2123076923076923,0.13875123885034688,413.6690647482015,10.79136690647482,True
5350250.02,5350250.02,2021S05075350250.02,0250.02,True,4958.0,2557.4,1.94,41.6,1745.0,925.0,90.0,165.0,130.0,430.0,2.8,4935.0,605.0,12.2,4940.0,200.0,4940.0,2145.0,1755.0,1095.0,665.0,1755.0,65.0,29.5,5010.0,3440.0,660.0,5010.0,2510.0,245.0,5005.0,3040.0,4940.0,4555.0,385.0,4700.0,3430.0,1270.0,2595.0,690.0,4205.0,16.0,1740.0,315.0,4960.0,650.0,1160.0,1865.0,965.0,4040,published,3440.0,published,0.23387096774193547,0.37600806451612906,0.19455645161290322,0.2658959537572254,0.12259371833839919,0.16,0.3789173789173789,0.6239316239316239,0.9220647773279352,0.7297872340425532,0.037037037037037035,725.0,0.4154727793696275,0.5300859598853869,0.05157593123209169,0.500998003992016,0.04890219560878244,0.1317365269461078,0.8514851485148515,0.6073926073926074,4740.0,0.9595141700404858,0.4342105263157895,0.295,0.1810344827586207,0.1310483870967742,373.7113402061856,33.50515463917526,True
5350262.01,5350262.01,2021S05075350262.01,0262.01,True,5848.0,8716.6,0.67,41.2,2650.0,435.0,0.0,25.0,655.0,1520.0,2.2,5840.0,945.0,16.2,5845.0,180.0,5845.0,2355.0,2665.0,880.0,1785.0,2665.0,565.0,9.8,5780.0,3750.0,1210.0,5780.0,3005.0,775.0,5780.0,3420.0,5745.0,5050.0,695.0,5445.0,3345.0,2090.0,3290.0,1310.0,4890.0,14.6,1825.0,535.0,5845.0,725.0,1290.0,2345.0,1065.0,4775,published,3750.0,published,0.22070145423438836,0.40119760479041916,0.1822070145423439,0.3981762917933131,0.1618150684931507,0.146,0.6697936210131332,0.3302063789868668,0.8790252393385553,0.6143250688705234,0.21200750469043153,2200.0,0.8301886792452831,0.1641509433962264,0.0,0.5198961937716263,0.13408304498269896,0.2093425605536332,0.7853403141361257,0.5916955017301038,5665.0,0.9692044482463644,0.40290846877673225,0.098,0.29315068493150687,0.12403763900769889,3283.582089552239,843.2835820895522,True
5350262.02,5350262.02,2021S05075350262.02,0262.02,True,6252.0,2913.3,2.15,41.6,2420.0,720.0,195.0,40.0,785.0,670.0,2.6,6250.0,920.0,14.7,6250.0,270.0,6250.0,2860.0,2405.0,905.0,1500.0,2405.0,0.0,2.7,6310.0,4185.0,995.0,6310.0,3140.0,765.0,6310.0,3380.0,6245.0,5750.0,495.0,5940.0,4255.0,1685.0,3365.0,1205.0,5225.0,16.9,1825.0,420.0,6255.0,945.0,1310.0,2540.0,1040.0,4980,published,4185.0,published,0.20943245403677058,0.4060751398880895,0.16626698641087131,0.35809806835066865,0.1472,0.16899999999999998,0.6237006237006237,0.3762993762993763,0.9207365892714171,0.7163299663299664,0.0,1495.0,0.6177685950413223,0.2975206611570248,0.08057851239669421,0.4976228209191759,0.12123613312202852,0.1576862123613312,0.8403614457831325,0.5356576862123613,5980.0,0.9568,0.4576,0.027000000000000003,0.23013698630136986,0.1510791366906475,695.3488372093024,0.0,True
5350270.01,5350270.01,2021S05075350270.01,0270.01,True,4763.0,4240.2,1.12,41.2,1880.0,350.0,155.0,30.0,405.0,670.0,2.5,4760.0,510.0,10.8,4760.0,135.0,4760.0,1915.0,1875.0,660.0,1215.0,1875.0,235.0,1.2,4810.0,3100.0,840.0,4810.0,2100.0,335.0,4810.0,2570.0,4770.0,4275.0,500.0,4570.0,2930.0,1640.0,2605.0,1145.0,3995.0,17.5,1310.0,245.0,4760.0,695.0,1065.0,1925.0,790.0,3835,published,3100.0,published,0.22373949579831934,0.40441176470588236,0.16596638655462184,0.43953934740882916,0.10714285714285714,0.175,0.648,0.352,0.8962264150943396,0.6411378555798687,0.12533333333333332,1105.0,0.5877659574468085,0.18617021276595744,0.08244680851063829,0.4365904365904366,0.06964656964656965,0.17463617463617465,0.8083441981747066,0.5343035343035343,4625.0,0.9716386554621849,0.4023109243697479,0.012,0.18702290076335878,0.14600840336134455,986.6071428571428,209.82142857142856,True
5350270.02,5350270.02,2021S05075350270.02,0270.02,True,4263.0,5634.4,0.76,40.0,1560.0,325.0,90.0,15.0,125.0,690.0,2.7,4255.0,460.0,10.8,4260.0,100.0,4260.0,1435.0,1560.0,420.0,1140.0,1560.0,35.0,5.3,4205.0,2905.0,425.0,4205.0,1710.0,235.0,4210.0,1990.0,4180.0,3900.0,285.0,4025.0,2850.0,1180.0,2240.0,870.0,3475.0,17.0,1210.0,255.0,4260.0,765.0,895.0,1720.0,650.0,3300,published,2905.0,published,0.21009389671361503,0.40375586854460094,0.15258215962441316,0.38839285714285715,0.10810810810810811,0.17,0.7307692307692307,0.2692307692307692,0.9330143540669856,0.7080745341614907,0.022435897435897436,830.0,0.532051282051282,0.20833333333333334,0.057692307692307696,0.40665873959571935,0.0558858501783591,0.10107015457788347,0.8803030303030303,0.47268408551068886,4160.0,0.9765258215962441,0.3368544600938967,0.053,0.21074380165289255,0.1795774647887324,1092.1052631578948,46.05263157894737,True
5350273.01,5350273.01,2021S05075350273.01,0273.01,True,3703.0,1160.7,3.19,46.8,1245.0,850.0,185.0,45.0,5.0,80.0,3.0,3685.0,435.0,11.8,3690.0,135.0,3690.0,1745.0,1215.0,970.0,240.0,1215.0,10.0,8.3,3670.0,2530.0,450.0,3670.0,1695.0,115.0,3670.0,2085.0,3660.0,3345.0,320.0,3560.0,2635.0,920.0,1725.0,1175.0,3125.0,7.7,880.0,115.0,3705.0,555.0,740.0,1400.0,795.0,3035,published,2530.0,published,0.19973009446693657,0.37786774628879893,0.2145748987854251,0.6811594202898551,0.11804613297150611,0.077,0.19753086419753085,0.7983539094650206,0.9139344262295082,0.7401685393258427,0.00823045267489712,130.0,0.10441767068273092,0.6827309236947792,0.14859437751004015,0.46185286103542234,0.031335149863760216,0.1226158038147139,0.8336079077429983,0.5681198910081744,3555.0,0.9634146341463414,0.47289972899729,0.083,0.13068181818181818,0.14979757085020243,40.75235109717868,3.134796238244514,True
5350273.02,5350273.02,2021S05075350273.02,0273.02,True,4032.0,3128.5,1.29,47.2,1460.0,705.0,0.0,5.0,10.0,380.0,2.7,4005.0,525.0,13.1,4005.0,190.0,4005.0,2020.0,1490.0,1015.0,475.0,1490.0,335.0,0.0,4020.0,2765.0,670.0,4020.0,2185.0,245.0,4020.0,2215.0,4000.0,3570.0,430.0,3920.0,2685.0,1235.0,2050.0,1400.0,3495.0,11.0,925.0,175.0,4030.0,620.0,790.0,1520.0,965.0,3305,published,2765.0,published,0.19602977667493796,0.3771712158808933,0.23945409429280398,0.6829268292682927,0.13108614232209737,0.11,0.3187919463087248,0.6812080536912751,0.8925,0.6849489795918368,0.22483221476510068,395.0,0.2705479452054795,0.4828767123287671,0.0,0.5435323383084577,0.060945273631840796,0.16666666666666666,0.8366111951588502,0.5509950248756219,3815.0,0.9525593008739076,0.5043695380774033,0.0,0.1891891891891892,0.15384615384615385,306.2015503875969,259.68992248062017,True
5350276.01,5350276.01,2021S05075350276.01,0276.01,True,6317.0,5152.1,1.23,45.2,2490.0,1245.0,15.0,105.0,310.0,805.0,2.5,6115.0,510.0,8.4,6165.0,115.0,6165.0,1580.0,2440.0,1575.0,860.0,2440.0,495.0,14.5,6045.0,4280.0,500.0,6045.0,1860.0,235.0,6050.0,1625.0,5980.0,5520.0,460.0,5715.0,4215.0,1500.0,2980.0,1900.0,4950.0,11.3,1575.0,255.0,6315.0,1030.0,1025.0,2535.0,1320.0,4965,published,4280.0,published,0.1623119556611243,0.4014251781472684,0.20902612826603326,0.6375838926174496,0.08340147179067865,0.113,0.3524590163934426,0.6454918032786885,0.9230769230769231,0.7375328083989501,0.2028688524590164,1220.0,0.4899598393574297,0.5,0.006024096385542169,0.3076923076923077,0.03887510339123242,0.0827129859387924,0.8620342396777442,0.26859504132231404,6050.0,0.981346309813463,0.2562854825628548,0.145,0.1619047619047619,0.16310372129849565,991.869918699187,402.4390243902439,True
5350276.02,5350276.02,2021S05075350276.02,0276.02,True,6567.0,5120.1,1.28,42.8,2355.0,1565.0,15.0,60.0,235.0,420.0,2.8,6560.0,450.0,6.9,6560.0,55.0,6560.0,1605.0,2360.0,1750.0,610.0,2360.0,315.0,3.3,6540.0,4530.0,640.0,6540.0,1915.0,270.0,6545.0,1620.0,6495.0,5990.0,505.0,6235.0,4490.0,1745.0,3305.0,2410.0,5290.0,10.0,1555.0,245.0,6565.0,1225.0,1090.0,2725.0,1125.0,5000,published,4530.0,published,0.16603198781416603,0.4150799695354151,0.17136329017517135,0.7291981845688351,0.06859756097560976,0.1,0.2584745762711864,0.7415254237288136,0.922247882986913,0.7201283079390537,0.13347457627118645,715.0,0.3036093418259023,0.6645435244161358,0.006369426751592357,0.29281345565749234,0.04128440366972477,0.09785932721712538,0.906,0.2475171886936593,6505.0,0.9916158536585366,0.24466463414634146,0.033,0.15755627009646303,0.1865955826351866,558.59375,246.09375,True
5350279.01,5350279.01,2021S05075350279.01,0279.01,True,4135.0,3405.0,1.21,45.2,1565.0,865.0,10.0,225.0,390.0,60.0,2.6,4125.0,385.0,9.4,4120.0,220.0,4120.0,2095.0,1620.0,1035.0,585.0,1620.0,100.0,0.0,4420.0,2845.0,945.0,4420.0,2175.0,330.0,4425.0,1765.0,4380.0,3950.0,435.0,4245.0,3095.0,1150.0,2345.0,985.0,3855.0,11.3,1430.0,440.0,4135.0,480.0,920.0,1685.0,820.0,3465,published,2845.0,published,0.22249093107617895,0.407496977025393,0.19830713422007254,0.4200426439232409,0.09333333333333334,0.113,0.3611111111111111,0.6388888888888888,0.9018264840182648,0.7290930506478209,0.06172839506172839,675.0,0.43130990415335463,0.5527156549520766,0.006389776357827476,0.4920814479638009,0.0746606334841629,0.21380090497737556,0.8210678210678211,0.39887005649717516,3900.0,0.9466019417475728,0.508495145631068,0.0,0.3076923076923077,0.11608222490931076,557.8512396694215,82.64462809917356,True
5350279.02,5350279.02,2021S05075350279.02,0279.02,True,6140.0,3896.9,1.58,48.0,2260.0,740.0,30.0,115.0,195.0,1095.0,2.6,5760.0,625.0,10.8,5765.0,435.0,5765.0,2920.0,2260.0,1230.0,1030.0,2260.0,710.0,16.5,5760.0,4045.0,875.0,5760.0,3185.0,275.0,5760.0,3130.0,5710.0,5310.0,395.0,5550.0,4075.0,1480.0,2980.0,800.0,5030.0,21.8,1875.0,535.0,6135.0,660.0,1305.0,2205.0,1640.0,5265,published,4045.0,published,0.21271393643031786,0.3594132029339853,0.267318663406683,0.2684563758389262,0.10850694444444445,0.218,0.4557522123893805,0.5442477876106194,0.9299474605954466,0.7342342342342343,0.3141592920353982,1405.0,0.6216814159292036,0.3274336283185841,0.01327433628318584,0.5529513888888888,0.04774305555555555,0.1519097222222222,0.768281101614435,0.5434027777777778,5330.0,0.9245446660884649,0.5065047701647876,0.165,0.2853333333333333,0.10757946210268948,889.2405063291138,449.3670886075949,True
5350283.01,5350283.01,2021S05075350283.01,0283.01,True,5153.0,5607.2,0.92,41.2,1845.0,320.0,170.0,50.0,160.0,1140.0,2.7,5010.0,830.0,16.6,5145.0,240.0,5145.0,2040.0,1880.0,530.0,1350.0,1880.0,65.0,31.6,5230.0,3235.0,950.0,5230.0,2835.0,345.0,5230.0,3865.0,5190.0,4940.0,255.0,4970.0,3750.0,1225.0,2750.0,550.0,4295.0,19.3,1725.0,615.0,5155.0,780.0,1170.0,1965.0,915.0,4115,published,3235.0,published,0.22696411251212414,0.38118331716779824,0.17749757516973813,0.2,0.1656686626746507,0.193,0.7180851063829787,0.28191489361702127,0.9518304431599229,0.7545271629778671,0.034574468085106384,1350.0,0.7317073170731707,0.17344173441734417,0.0921409214092141,0.5420650095602294,0.06596558317399617,0.18164435946462715,0.7861482381530984,0.7390057361376673,4905.0,0.9533527696793003,0.3965014577259475,0.316,0.3565217391304348,0.1513094083414161,1467.391304347826,70.65217391304347,True
5350283.02,5350283.02,2021S05075350283.02,0283.02,True,4390.0,3768.6,1.16,42.0,1675.0,805.0,40.0,45.0,10.0,780.0,2.6,4385.0,970.0,22.0,4385.0,275.0,4385.0,1925.0,1640.0,795.0,845.0,1640.0,20.0,81.1,4160.0,3015.0,340.0,4160.0,1995.0,110.0,4165.0,2135.0,4125.0,3925.0,205.0,3955.0,3095.0,860.0,2005.0,310.0,3470.0,17.6,1110.0,205.0,4390.0,715.0,940.0,1510.0,930.0,3440,published,3015.0,published,0.214123006833713,0.3439635535307517,0.21184510250569477,0.1546134663341646,0.22120866590649943,0.17600000000000002,0.5152439024390244,0.4847560975609756,0.9515151515151515,0.7825537294563844,0.012195121951219513,835.0,0.49850746268656715,0.48059701492537316,0.023880597014925373,0.4795673076923077,0.026442307692307692,0.08173076923076923,0.876453488372093,0.5126050420168067,4110.0,0.9372862029646523,0.43899657924743446,0.8109999999999999,0.18468468468468469,0.16287015945330297,719.8275862068966,17.24137931034483,True
5350287.02,5350287.02,2021S05075350287.02,0287.02,True,6471.0,6116.3,1.06,39.6,2250.0,355.0,5.0,160.0,945.0,770.0,2.8,6345.0,685.0,10.8,6345.0,120.0,6345.0,2870.0,2265.0,745.0,1515.0,2265.0,390.0,11.2,6340.0,3405.0,1590.0,6340.0,3490.0,730.0,6340.0,3670.0,6290.0,5775.0,515.0,5945.0,3805.0,2140.0,3190.0,1200.0,5100.0,12.2,2380.0,875.0,6475.0,1135.0,1390.0,2460.0,1065.0,4960,published,3405.0,published,0.21467181467181468,0.3799227799227799,0.16447876447876447,0.3761755485893417,0.10795902285263988,0.122,0.6688741721854304,0.32891832229580575,0.9181240063593005,0.6400336417157275,0.17218543046357615,1875.0,0.8333333333333334,0.15777777777777777,0.0022222222222222222,0.5504731861198738,0.11514195583596215,0.250788643533123,0.686491935483871,0.5788643533123028,6225.0,0.9810874704491725,0.4523246650906225,0.11199999999999999,0.36764705882352944,0.17528957528957528,1768.8679245283017,367.92452830188677,True
5350294.01,5350294.01,2021S05075350294.01,0294.01,True,4177.0,4846.8,0.86,40.8,1530.0,625.0,5.0,40.0,70.0,745.0,2.7,4175.0,545.0,13.2,4180.0,240.0,4180.0,1960.0,1510.0,600.0,910.0,1510.0,20.0,6.6,4190.0,2690.0,640.0,4190.0,2105.0,265.0,4185.0,2555.0,4155.0,3925.0,230.0,3970.0,3130.0,840.0,2155.0,380.0,3435.0,15.9,1390.0,345.0,4175.0,635.0,925.0,1640.0,720.0,3350,published,2690.0,published,0.2215568862275449,0.39281437125748503,0.1724550898203593,0.17633410672853828,0.13053892215568863,0.159,0.6026490066225165,0.3973509933774834,0.9446450060168472,0.7884130982367759,0.013245033112582781,855.0,0.5588235294117647,0.4084967320261438,0.0032679738562091504,0.5023866348448688,0.06324582338902147,0.15274463007159905,0.8029850746268656,0.6105137395459976,3940.0,0.9425837320574163,0.4688995215311005,0.066,0.24820143884892087,0.15209580838323353,994.186046511628,23.25581395348837,True
5350294.02,5350294.02,2021S05075350294.02,0294.02,True,4449.0,4362.2,1.02,43.2,1385.0,20.0,990.0,20.0,45.0,210.0,3.2,4445.0,330.0,7.4,4450.0,375.0,4450.0,2300.0,1420.0,1170.0,250.0,1420.0,240.0,32.7,4385.0,3075.0,615.0,4385.0,2515.0,175.0,4390.0,2900.0,4340.0,4075.0,265.0,4205.0,3315.0,890.0,2290.0,450.0,3805.0,15.8,1550.0,420.0,4450.0,600.0,1025.0,1760.0,825.0,3675,published,3075.0,published,0.2303370786516854,0.3955056179775281,0.1853932584269663,0.1965065502183406,0.07424071991001124,0.158,0.176056338028169,0.823943661971831,0.9389400921658986,0.7883472057074911,0.16901408450704225,275.0,0.19855595667870035,0.01444043321299639,0.7148014440433214,0.5735461801596351,0.039908779931584946,0.1402508551881414,0.8367346938775511,0.6605922551252847,4075.0,0.9157303370786517,0.5168539325842697,0.327,0.2709677419354839,0.1348314606741573,269.6078431372549,235.2941176470588,True
5350297.01,5350297.01,2021S05075350297.01,0297.01,True,7239.0,6385.3,1.13,43.6,2925.0,575.0,35.0,175.0,340.0,1770.0,2.4,7130.0,925.0,12.9,7130.0,365.0,7130.0,3840.0,2925.0,1390.0,1535.0,2925.0,910.0,20.8,7130.0,4775.0,1345.0,7130.0,4000.0,635.0,7130.0,3140.0,7080.0,6425.0,650.0,6855.0,4625.0,2230.0,4100.0,2065.0,6205.0,12.2,2390.0,680.0,7240.0,835.0,1585.0,3010.0,1445.0,6110,published,4775.0,published,0.21892265193370167,0.4157458563535912,0.19958563535911603,0.5036585365853659,0.1297335203366059,0.122,0.5247863247863248,0.4752136752136752,0.9074858757062146,0.674690007293946,0.3111111111111111,2285.0,0.7811965811965812,0.19658119658119658,0.011965811965811967,0.5610098176718092,0.08906030855539972,0.18863955119214587,0.7815057283142389,0.44039270687237025,6765.0,0.9488078541374474,0.5385694249649369,0.20800000000000002,0.28451882845188287,0.11533149171270718,2022.12389380531,805.3097345132744,True
5350297.02,5350297.02,2021S05075350297.02,0297.02,True,6646.0,4402.5,1.51,42.0,2550.0,1255.0,0.0,145.0,120.0,1025.0,2.6,6635.0,680.0,10.3,6640.0,190.0,6640.0,2710.0,2545.0,1590.0,960.0,2545.0,690.0,10.4,6635.0,4505.0,905.0,6635.0,3070.0,515.0,6640.0,2410.0,6560.0,5850.0,710.0,6295.0,4065.0,2230.0,3560.0,1830.0,5540.0,11.9,1990.0,420.0,6645.0,1010.0,1345.0,2655.0,1215.0,5305,published,4505.0,published,0.20240782543265612,0.39954853273137697,0.18284424379232506,0.5140449438202247,0.10248681235870384,0.11900000000000001,0.37721021611001965,0.6247544204322201,0.8917682926829268,0.6457505957108817,0.27111984282907664,1290.0,0.5058823529411764,0.492156862745098,0.0,0.46269781461944237,0.07761868877166542,0.1363978899773926,0.8491988689915174,0.3629518072289157,6450.0,0.9713855421686747,0.40813253012048195,0.10400000000000001,0.21105527638190955,0.15199398043641835,854.3046357615895,456.95364238410593,True
5350302.01,5350302.01,2021S05075350302.01,0302.01,True,6114.0,4974.0,1.23,48.4,2340.0,540.0,750.0,70.0,150.0,635.0,2.6,6110.0,570.0,9.3,6115.0,360.0,6115.0,3505.0,2340.0,1995.0,350.0,2340.0,820.0,0.0,6110.0,4450.0,885.0,6110.0,3435.0,325.0,6110.0,3490.0,6070.0,5520.0,550.0,5915.0,4300.0,1615.0,3185.0,1680.0,5395.0,17.5,1500.0,250.0,6115.0,665.0,1210.0,2400.0,1535.0,5225,published,4450.0,published,0.19787408013082583,0.39247751430907607,0.2510220768601799,0.5274725274725275,0.09328968903436989,0.175,0.14957264957264957,0.8525641025641025,0.9093904448105437,0.7269653423499577,0.3504273504273504,855.0,0.36538461538461536,0.23076923076923078,0.32051282051282054,0.5621931260229133,0.05319148936170213,0.1448445171849427,0.8516746411483254,0.5711947626841244,5755.0,0.9411283728536386,0.5731807031888798,0.0,0.16666666666666666,0.10874897792313983,695.1219512195122,666.6666666666666,True
5350302.02,5350302.02,2021S05075350302.02,0302.02,True,5867.0,5412.9,1.08,42.8,1990.0,475.0,450.0,35.0,135.0,820.0,2.9,5860.0,575.0,9.8,5860.0,450.0,5860.0,3620.0,1965.0,1130.0,835.0,1965.0,245.0,2.4,5660.0,3615.0,1325.0,5660.0,3580.0,615.0,5660.0,3980.0,5640.0,5130.0,510.0,5515.0,3690.0,1825.0,3055.0,1380.0,4970.0,15.7,1485.0,365.0,5865.0,760.0,1415.0,2325.0,1130.0,4925,published,3615.0,published,0.2412617220801364,0.39641943734015345,0.1926683716965047,0.45171849427168576,0.09812286689419795,0.157,0.42493638676844786,0.5750636132315522,0.9095744680851063,0.6690843155031732,0.12468193384223919,990.0,0.49748743718592964,0.23869346733668342,0.22613065326633167,0.6325088339222615,0.10865724381625441,0.23409893992932862,0.7340101522842639,0.7031802120141343,5410.0,0.9232081911262798,0.6177474402730375,0.024,0.24579124579124578,0.12958226768968456,916.6666666666666,226.85185185185185,True
5350304.05,5350304.05,2021S05075350304.05,0304.05,True,2686.0,3820.8,0.7,54.0,1070.0,460.0,65.0,20.0,25.0,500.0,2.5,2675.0,295.0,10.9,2670.0,170.0,2670.0,1605.0,1110.0,950.0,160.0,1110.0,550.0,0.0,2685.0,1925.0,490.0,2685.0,1725.0,150.0,2685.0,2010.0,2680.0,2440.0,240.0,2650.0,1855.0,790.0,1140.0,700.0,2455.0,12.3,590.0,125.0,2685.0,280.0,475.0,885.0,955.0,2355,published,1925.0,published,0.17690875232774675,0.329608938547486,0.35567970204841715,0.6140350877192983,0.1102803738317757,0.12300000000000001,0.14414414414414414,0.8558558558558559,0.9104477611940298,0.7,0.4954954954954955,545.0,0.5093457943925234,0.42990654205607476,0.06074766355140187,0.6424581005586593,0.055865921787709494,0.1824953445065177,0.8174097664543525,0.7486033519553073,2500.0,0.9363295880149812,0.601123595505618,0.0,0.211864406779661,0.1042830540037244,778.5714285714287,785.7142857142858,True
5350304.06,5350304.06,2021S05075350304.06,0304.06,True,5725.0,7644.5,0.75,44.4,2170.0,250.0,275.0,0.0,245.0,925.0,2.6,5710.0,710.0,12.4,5720.0,405.0,5720.0,3585.0,2170.0,1700.0,470.0,2170.0,1235.0,0.0,5710.0,3735.0,1215.0,5710.0,3860.0,540.0,5715.0,4265.0,5680.0,5135.0,550.0,5455.0,3700.0,1760.0,3080.0,1850.0,4925.0,15.1,1415.0,275.0,5725.0,715.0,1175.0,2320.0,1265.0,4775,published,3735.0,published,0.2052401746724891,0.4052401746724891,0.22096069868995633,0.6006493506493507,0.1243432574430823,0.151,0.21658986175115208,0.783410138248848,0.9040492957746479,0.6782768102658112,0.5691244239631337,1170.0,0.5391705069124424,0.1152073732718894,0.12672811059907835,0.6760070052539404,0.09457092819614711,0.212784588441331,0.7821989528795812,0.7462817147856518,5315.0,0.9291958041958042,0.6267482517482518,0.0,0.19434628975265017,0.12489082969432315,1560.0,1646.6666666666667,True
5350308.02,5350308.02,2021S05075350308.02,0308.02,True,4327.0,3037.1,1.42,45.2,1575.0,1205.0,0.0,155.0,150.0,0.0,2.8,4325.0,520.0,12.1,4320.0,175.0,4320.0,2180.0,1590.0,1175.0,415.0,1590.0,25.0,22.9,4500.0,3115.0,755.0,4500.0,2100.0,275.0,4495.0,2020.0,4485.0,3970.0,515.0,4375.0,2835.0,1540.0,2435.0,1555.0,3905.0,13.1,1185.0,280.0,4330.0,595.0,900.0,1710.0,860.0,3565,published,3115.0,published,0.20785219399538107,0.394919168591224,0.19861431870669746,0.6386036960985626,0.12023121387283237,0.131,0.2610062893081761,0.7389937106918238,0.8851727982162765,0.648,0.015723270440251572,305.0,0.19365079365079366,0.765079365079365,0.0,0.4666666666666667,0.06111111111111111,0.16777777777777778,0.8737727910238429,0.44938820912124583,4145.0,0.9594907407407407,0.5046296296296297,0.22899999999999998,0.23628691983122363,0.1374133949191686,214.7887323943662,17.605633802816904,True
5350312.04,5350312.04,2021S05075350312.04,0312.04,True,5234.0,7214.3,0.73,38.8,1615.0,0.0,360.0,45.0,245.0,940.0,3.2,5090.0,860.0,17.0,5095.0,535.0,5095.0,2320.0,1600.0,630.0,965.0,1600.0,180.0,24.2,5055.0,3030.0,980.0,5055.0,2965.0,320.0,5055.0,4450.0,5020.0,4680.0,335.0,4785.0,3435.0,1355.0,2665.0,220.0,4085.0,20.9,1750.0,440.0,5235.0,890.0,1230.0,1935.0,875.0,4080,published,3030.0,published,0.2349570200573066,0.36962750716332377,0.16714422158548234,0.0825515947467167,0.16895874263261296,0.209,0.603125,0.39375,0.9322709163346613,0.7178683385579937,0.1125,1230.0,0.7616099071207431,0.0,0.22291021671826625,0.5865479723046488,0.06330365974282888,0.19386745796241345,0.7426470588235294,0.8803165182987142,4560.0,0.8949950932286556,0.4553483807654563,0.242,0.25142857142857145,0.17000955109837632,1684.9315068493152,246.57534246575344,True
5350063.06,5350063.06,2021S05075350063.06,0063.06,True,6217.0,32346.5,0.19,36.0,4080.0,5.0,0.0,5.0,335.0,3685.0,1.5,6155.0,1515.0,24.6,6160.0,95.0,6160.0,2510.0,4020.0,635.0,3380.0,4020.0,1320.0,17.9,5990.0,4065.0,1740.0,5990.0,2100.0,575.0,5995.0,2910.0,5970.0,4380.0,1585.0,5890.0,2475.0,3410.0,4195.0,2680.0,5750.0,16.3,1360.0,455.0,6215.0,185.0,2675.0,2380.0,795.0,5900,published,4065.0,published,0.43041029766693484,0.3829444891391794,0.12791633145615447,0.6388557806912991,0.24614134849715677,0.163,0.8407960199004975,0.15796019900497513,0.7336683417085427,0.4202037351443124,0.3283582089552239,4025.0,0.9865196078431373,0.0012254901960784314,0.0,0.35058430717863104,0.09599332220367279,0.2904841402337229,0.6889830508474576,0.4854045037531276,6065.0,0.984577922077922,0.4074675324675325,0.179,0.33455882352941174,0.029766693483507644,21184.21052631579,6947.368421052632,True
5350317.02,5350317.02,2021S05075350317.02,0317.02,True,7242.0,16752.3,0.43,46.8,3220.0,165.0,15.0,40.0,5.0,2990.0,2.3,7240.0,1450.0,20.0,7240.0,670.0,7240.0,4800.0,3240.0,925.0,2310.0,3240.0,910.0,19.4,7225.0,4300.0,2160.0,7225.0,5070.0,1010.0,7225.0,3475.0,7135.0,6380.0,750.0,6865.0,4550.0,2315.0,3830.0,1565.0,6390.0,16.1,2450.0,875.0,7245.0,700.0,1430.0,2795.0,1895.0,6215,published,4300.0,published,0.1973775017253278,0.3857832988267771,0.261559696342305,0.4086161879895561,0.20027624309392264,0.161,0.7129629629629629,0.2854938271604938,0.8941836019621584,0.6627822286962856,0.2808641975308642,3035.0,0.9425465838509317,0.05124223602484472,0.004658385093167702,0.7017301038062284,0.1397923875432526,0.29896193771626295,0.6918744971842317,0.4809688581314879,6570.0,0.9074585635359116,0.6629834254143646,0.19399999999999998,0.35714285714285715,0.0966183574879227,7058.139534883721,2116.279069767442,True
5350320.01,5350320.01,2021S05075350320.01,0320.01,True,5178.0,7027.7,0.74,45.6,2020.0,275.0,155.0,45.0,120.0,1395.0,2.5,5040.0,845.0,16.8,5040.0,310.0,5040.0,3240.0,2025.0,595.0,1435.0,2025.0,115.0,19.2,5030.0,2835.0,1555.0,5030.0,3490.0,735.0,5025.0,2460.0,4970.0,4490.0,485.0,4765.0,2995.0,1775.0,2785.0,1265.0,4375.0,16.0,1795.0,690.0,5175.0,555.0,1020.0,2095.0,1210.0,4390,published,2835.0,published,0.19710144927536233,0.4048309178743961,0.23381642512077294,0.4542190305206463,0.16765873015873015,0.16,0.7086419753086419,0.2938271604938272,0.903420523138833,0.6285414480587618,0.056790123456790124,1560.0,0.7722772277227723,0.13613861386138615,0.07673267326732673,0.6938369781312127,0.14612326043737575,0.3091451292246521,0.6457858769931663,0.48955223880597015,4730.0,0.9384920634920635,0.6428571428571429,0.192,0.38440111420612816,0.1072463768115942,2108.1081081081084,155.40540540540542,True
5350320.02,5350320.02,2021S05075350320.02,0320.02,True,5802.0,6803.5,0.85,44.8,2055.0,185.0,455.0,20.0,25.0,1165.0,2.8,5795.0,690.0,11.9,5800.0,330.0,5800.0,3715.0,2050.0,1205.0,845.0,2050.0,825.0,3.0,5675.0,3405.0,1560.0,5675.0,3960.0,685.0,5680.0,3745.0,5640.0,5030.0,610.0,5465.0,3445.0,2025.0,3120.0,1515.0,4980.0,13.7,2035.0,710.0,5800.0,610.0,1315.0,2435.0,1145.0,4980,published,3405.0,published,0.2267241379310345,0.41982758620689653,0.19741379310344828,0.4855769230769231,0.11906816220880069,0.13699999999999998,0.4121951219512195,0.5878048780487805,0.8918439716312057,0.6303751143641354,0.4024390243902439,1210.0,0.5888077858880778,0.09002433090024331,0.22141119221411193,0.6977973568281939,0.12070484581497798,0.2748898678414097,0.6837349397590361,0.659330985915493,5470.0,0.9431034482758621,0.6405172413793103,0.03,0.3488943488943489,0.10517241379310345,1423.5294117647059,970.5882352941177,True
5350323.01,5350323.01,2021S05075350323.01,0323.01,True,4274.0,4130.7,1.03,48.0,1810.0,505.0,0.0,30.0,0.0,1270.0,2.4,4270.0,510.0,11.9,4275.0,160.0,4275.0,2350.0,1780.0,735.0,1040.0,1780.0,365.0,5.3,4215.0,3020.0,780.0,4215.0,2500.0,295.0,4210.0,2750.0,4195.0,3655.0,540.0,4110.0,2610.0,1500.0,2180.0,1285.0,3790.0,13.6,1145.0,285.0,4275.0,470.0,880.0,1590.0,1095.0,3670,published,3020.0,published,0.20584795321637428,0.3719298245614035,0.256140350877193,0.5894495412844036,0.11943793911007025,0.136,0.5842696629213483,0.41292134831460675,0.8712753277711561,0.635036496350365,0.2050561797752809,1300.0,0.7182320441988951,0.27900552486187846,0.0,0.5931198102016607,0.06998813760379596,0.18505338078291814,0.8228882833787466,0.6532066508313539,4115.0,0.9625730994152046,0.5497076023391813,0.053,0.24890829694323144,0.10994152046783626,1262.135922330097,354.36893203883494,True
5350323.02,5350323.02,2021S05075350323.02,0323.02,True,4950.0,2705.7,1.83,58.4,1830.0,740.0,210.0,50.0,155.0,585.0,2.5,4545.0,465.0,10.2,4560.0,270.0,4560.0,2640.0,1855.0,1100.0,755.0,1855.0,85.0,0.0,4565.0,3485.0,585.0,4565.0,2710.0,185.0,4570.0,3015.0,4545.0,4285.0,260.0,4435.0,3195.0,1240.0,2020.0,1385.0,4130.0,11.7,1065.0,160.0,4950.0,405.0,785.0,1550.0,2000.0,4440,published,3485.0,published,0.15858585858585858,0.31313131313131315,0.40404040404040403,0.6856435643564357,0.10231023102310231,0.11699999999999999,0.40700808625336926,0.5929919137466307,0.9427942794279428,0.7204058624577226,0.04582210242587601,790.0,0.43169398907103823,0.40437158469945356,0.11475409836065574,0.5936473165388828,0.040525739320920046,0.12814895947426067,0.7849099099099099,0.6597374179431073,4290.0,0.9407894736842105,0.5789473684210527,0.0,0.15023474178403756,0.08181818181818182,431.69398907103823,46.448087431693985,True
5350128.05,5350128.05,2021S05075350128.05,0128.05,True,1127.0,6205.9,0.18,43.2,485.0,90.0,35.0,25.0,170.0,155.0,2.0,955.0,95.0,10.2,1020.0,10.0,1020.0,275.0,490.0,225.0,265.0,490.0,215.0,0.0,1030.0,715.0,160.0,1030.0,255.0,65.0,1030.0,305.0,1015.0,635.0,380.0,980.0,460.0,520.0,660.0,500.0,875.0,9.3,235.0,75.0,1125.0,75.0,340.0,350.0,310.0,1020,published,715.0,published,0.3022222222222222,0.3111111111111111,0.27555555555555555,0.7575757575757576,0.09947643979057591,0.09300000000000001,0.5408163265306123,0.45918367346938777,0.625615763546798,0.46938775510204084,0.4387755102040816,350.0,0.7216494845360825,0.18556701030927836,0.07216494845360824,0.24757281553398058,0.06310679611650485,0.1553398058252427,0.7009803921568627,0.2961165048543689,1010.0,0.9901960784313726,0.2696078431372549,0.0,0.3191489361702128,0.06666666666666667,1944.4444444444446,1194.4444444444446,True
5350331.01,5350331.01,2021S05075350331.01,0331.01,True,5545.0,3522.9,1.57,49.6,2225.0,980.0,65.0,70.0,85.0,715.0,2.4,5430.0,315.0,5.8,5430.0,55.0,5430.0,1375.0,2190.0,1780.0,415.0,2190.0,820.0,0.0,5330.0,4165.0,385.0,5330.0,2035.0,145.0,5330.0,2215.0,5275.0,5010.0,260.0,5085.0,3785.0,1295.0,2700.0,1275.0,4655.0,14.0,1450.0,320.0,5545.0,680.0,965.0,2070.0,1515.0,4620,published,4165.0,published,0.1740306582506763,0.37330928764652843,0.2732191163210099,0.4722222222222222,0.058011049723756904,0.14,0.18949771689497716,0.8127853881278538,0.9497630331753555,0.744346116027532,0.3744292237442922,870.0,0.39101123595505616,0.4404494382022472,0.029213483146067417,0.3818011257035647,0.027204502814258912,0.07223264540337711,0.9015151515151515,0.4155722326454034,5375.0,0.9898710865561694,0.2532228360957643,0.0,0.2206896551724138,0.12263300270513977,554.140127388535,522.2929936305733,True
5350128.06,5350128.06,2021S05075350128.06,0128.06,True,4870.0,56759.9,0.09,35.6,2865.0,0.0,0.0,0.0,45.0,2800.0,1.7,4870.0,735.0,15.1,4870.0,75.0,4870.0,2225.0,2815.0,275.0,2540.0,2815.0,325.0,2.6,4730.0,2670.0,1760.0,4730.0,2220.0,910.0,4730.0,2520.0,4680.0,3300.0,1380.0,4555.0,1665.0,2890.0,3560.0,2510.0,4265.0,11.8,1360.0,700.0,4870.0,370.0,1830.0,1975.0,500.0,4340,published,2670.0,published,0.3757700205338809,0.4055441478439425,0.1026694045174538,0.7050561797752809,0.15092402464065707,0.11800000000000001,0.9023090586145648,0.09769094138543517,0.7051282051282052,0.36553238199780463,0.11545293072824156,2845.0,0.9930191972076788,0.0,0.0,0.4693446088794926,0.19238900634249473,0.37209302325581395,0.6152073732718893,0.53276955602537,4795.0,0.9845995893223819,0.45687885010266943,0.026000000000000002,0.5147058823529411,0.07597535934291581,31611.111111111113,3611.1111111111113,True
5350196.01,5350196.01,2021S05075350196.01,0196.01,True,1942.0,5145.7,0.38,46.4,770.0,515.0,5.0,0.0,55.0,200.0,2.5,1940.0,100.0,5.3,1945.0,10.0,1945.0,380.0,775.0,580.0,195.0,775.0,105.0,0.0,1965.0,1475.0,110.0,1965.0,455.0,60.0,1965.0,505.0,1945.0,1890.0,55.0,1905.0,1455.0,445.0,1030.0,775.0,1675.0,12.9,400.0,35.0,1945.0,305.0,340.0,780.0,415.0,1560,published,1475.0,published,0.17480719794344474,0.40102827763496146,0.2133676092544987,0.7524271844660194,0.05154639175257732,0.129,0.25161290322580643,0.7483870967741936,0.9717223650385605,0.7637795275590551,0.13548387096774195,255.0,0.33116883116883117,0.6688311688311688,0.006493506493506494,0.23155216284987276,0.030534351145038167,0.05597964376590331,0.9455128205128205,0.25699745547073793,1935.0,0.9948586118251928,0.1953727506426735,0.0,0.0875,0.15681233933161953,671.0526315789474,276.3157894736842,True
5350341.02,5350341.02,2021S05075350341.02,0341.02,True,4576.0,5688.7,0.8,43.2,1795.0,575.0,100.0,230.0,160.0,705.0,2.4,4375.0,735.0,16.7,4370.0,210.0,4370.0,1935.0,1765.0,955.0,815.0,1765.0,340.0,27.8,4300.0,2860.0,780.0,4300.0,2060.0,325.0,4300.0,2835.0,4275.0,3895.0,380.0,4065.0,2530.0,1530.0,2510.0,945.0,3675.0,19.4,1220.0,400.0,4575.0,535.0,1005.0,1760.0,985.0,3820,published,2860.0,published,0.21967213114754097,0.3846994535519126,0.21530054644808744,0.37649402390438247,0.168,0.19399999999999998,0.46175637393767704,0.5410764872521246,0.9111111111111111,0.6223862238622386,0.19263456090651557,1095.0,0.6100278551532033,0.3203342618384401,0.055710306406685235,0.4790697674418605,0.0755813953488372,0.1813953488372093,0.7486910994764397,0.6593023255813953,4160.0,0.9519450800915332,0.44279176201373,0.278,0.32786885245901637,0.11693989071038251,1368.75,425.0,True
5350346.01,5350346.01,2021S05075350346.01,0346.01,True,4630.0,3059.5,1.51,38.0,1615.0,370.0,95.0,170.0,270.0,685.0,2.9,4625.0,750.0,16.2,4630.0,120.0,4630.0,2130.0,1610.0,645.0,970.0,1610.0,130.0,27.5,4635.0,2920.0,780.0,4635.0,2550.0,335.0,4630.0,3640.0,4600.0,4275.0,320.0,4430.0,2975.0,1445.0,2500.0,780.0,3775.0,19.0,1445.0,600.0,4630.0,810.0,1115.0,1875.0,575.0,3595,published,2920.0,published,0.2408207343412527,0.40496760259179265,0.12419006479481641,0.312,0.16216216216216217,0.19,0.6024844720496895,0.40062111801242234,0.9293478260869565,0.6715575620767494,0.08074534161490683,1125.0,0.6965944272445821,0.22910216718266255,0.058823529411764705,0.5501618122977346,0.07227615965480043,0.16828478964401294,0.8122392211404729,0.7861771058315334,4510.0,0.9740820734341252,0.46004319654427644,0.275,0.41522491349480967,0.17494600431965443,745.0331125827814,86.09271523178808,True
5350346.02,5350346.02,2021S05075350346.02,0346.02,True,5323.0,13307.5,0.4,37.2,1960.0,0.0,355.0,5.0,50.0,1325.0,2.7,5320.0,720.0,13.5,5320.0,135.0,5320.0,2360.0,1960.0,565.0,1390.0,1960.0,260.0,9.7,5320.0,2940.0,1440.0,5320.0,3310.0,760.0,5320.0,4560.0,5250.0,4730.0,520.0,4950.0,3340.0,1610.0,3080.0,1155.0,4320.0,16.5,1810.0,765.0,5325.0,865.0,1240.0,2220.0,640.0,4130,published,2940.0,published,0.23286384976525823,0.4169014084507042,0.12018779342723004,0.375,0.13533834586466165,0.165,0.7091836734693877,0.288265306122449,0.900952380952381,0.6747474747474748,0.1326530612244898,1380.0,0.7040816326530612,0.0,0.18112244897959184,0.6221804511278195,0.14285714285714285,0.2706766917293233,0.711864406779661,0.8571428571428571,5185.0,0.974624060150376,0.44360902255639095,0.09699999999999999,0.42265193370165743,0.1624413145539906,3450.0,650.0,True
5350196.02,5350196.02,2021S05075350196.02,0196.02,True,5577.0,5044.8,1.11,46.0,2235.0,1350.0,100.0,20.0,585.0,155.0,2.5,5525.0,280.0,5.1,5580.0,15.0,5580.0,705.0,2240.0,1585.0,660.0,2240.0,150.0,0.0,5685.0,4195.0,275.0,5685.0,1055.0,150.0,5685.0,795.0,5660.0,5095.0,565.0,5520.0,4075.0,1445.0,2890.0,2190.0,4765.0,10.4,1165.0,125.0,5580.0,970.0,910.0,2310.0,1075.0,4395,published,4195.0,published,0.16308243727598568,0.41397849462365593,0.19265232974910393,0.7577854671280276,0.05067873303167421,0.10400000000000001,0.29464285714285715,0.7075892857142857,0.9001766784452296,0.7382246376811594,0.06696428571428571,760.0,0.3400447427293065,0.6040268456375839,0.0447427293064877,0.18557607739665788,0.026385224274406333,0.048372911169744945,0.9544937428896473,0.13984168865435356,5565.0,0.9973118279569892,0.12634408602150538,0.0,0.1072961373390558,0.17383512544802868,684.6846846846846,135.13513513513513,True
5350353.02,5350353.02,2021S05075350353.02,0353.02,True,5464.0,4511.6,1.21,38.8,1640.0,930.0,0.0,225.0,50.0,385.0,3.3,5455.0,490.0,9.0,5460.0,205.0,5460.0,2555.0,1610.0,1015.0,595.0,1610.0,35.0,7.6,5310.0,3495.0,780.0,5310.0,2755.0,345.0,5305.0,3855.0,5275.0,4920.0,350.0,5115.0,3825.0,1290.0,2800.0,950.0,4405.0,16.3,1700.0,435.0,5465.0,880.0,1405.0,2020.0,845.0,4350,published,3495.0,published,0.25709057639524246,0.3696248856358646,0.1546203110704483,0.3392857142857143,0.08982584784601283,0.163,0.3695652173913043,0.6304347826086957,0.9327014218009478,0.7478005865102639,0.021739130434782608,660.0,0.4024390243902439,0.5670731707317073,0.0,0.5188323917137476,0.06497175141242938,0.14689265536723164,0.803448275862069,0.7266729500471254,5255.0,0.9624542124542125,0.46794871794871795,0.076,0.25588235294117645,0.16102470265324795,545.4545454545455,28.925619834710744,True
5350195.01,5350195.01,2021S05075350195.01,0195.01,True,4425.0,4721.0,0.94,42.8,1580.0,735.0,475.0,5.0,315.0,45.0,2.7,4305.0,270.0,6.3,4300.0,30.0,4300.0,855.0,1570.0,1125.0,445.0,1570.0,0.0,0.0,4280.0,3040.0,235.0,4280.0,1040.0,100.0,4275.0,1080.0,4245.0,3945.0,295.0,4065.0,3155.0,915.0,2305.0,1525.0,3445.0,12.5,1015.0,165.0,4425.0,830.0,765.0,1950.0,630.0,3395,published,3040.0,published,0.17288135593220338,0.4406779661016949,0.1423728813559322,0.6616052060737527,0.0627177700348432,0.125,0.28343949044585987,0.7165605095541401,0.9293286219081273,0.7761377613776138,0.0,365.0,0.2310126582278481,0.4651898734177215,0.30063291139240506,0.24299065420560748,0.02336448598130841,0.054906542056074766,0.8954344624447718,0.25263157894736843,4270.0,0.9930232558139535,0.19883720930232557,0.0,0.1625615763546798,0.18757062146892656,388.29787234042556,0.0,True
5350355.02,5350355.02,2021S05075350355.02,0355.02,True,5097.0,4630.3,1.1,43.2,1895.0,500.0,60.0,160.0,5.0,1005.0,2.7,5090.0,615.0,12.0,5095.0,125.0,5095.0,2050.0,1895.0,1195.0,700.0,1895.0,575.0,21.6,5095.0,3570.0,725.0,5095.0,3065.0,370.0,5090.0,4110.0,5045.0,4680.0,360.0,4880.0,3595.0,1285.0,2690.0,865.0,4415.0,16.3,1580.0,460.0,5095.0,660.0,1190.0,1940.0,1050.0,4230,published,3570.0,published,0.23356231599607458,0.380765456329735,0.20608439646712462,0.3215613382899628,0.12082514734774066,0.163,0.36939313984168864,0.6306068601583114,0.9276511397423192,0.7366803278688525,0.3034300791556728,1170.0,0.6174142480211082,0.2638522427440633,0.0316622691292876,0.6015701668302257,0.07262021589793916,0.1422963689892051,0.8439716312056738,0.8074656188605108,4970.0,0.9754661432777233,0.4023552502453386,0.21600000000000003,0.2911392405063291,0.1295387634936212,1063.6363636363635,522.7272727272726,True
5350357.01,5350357.01,2021S05075350357.01,0357.01,True,6706.0,6465.5,1.04,36.4,2350.0,290.0,10.0,145.0,45.0,1815.0,2.9,6705.0,1625.0,24.2,6705.0,430.0,6705.0,3525.0,2375.0,505.0,1870.0,2375.0,135.0,32.6,6895.0,4010.0,1355.0,6895.0,3965.0,525.0,6895.0,5880.0,6795.0,6295.0,500.0,6455.0,4730.0,1725.0,3210.0,870.0,5475.0,20.5,1820.0,525.0,6705.0,1265.0,1580.0,2190.0,1220.0,5030,published,4010.0,published,0.23564504101416853,0.32662192393736017,0.1819537658463833,0.27102803738317754,0.24235645041014167,0.205,0.7873684210526316,0.21263157894736842,0.9264164827078735,0.7327652982184353,0.056842105263157895,2005.0,0.8531914893617021,0.12340425531914893,0.00425531914893617,0.5750543872371283,0.07614213197969544,0.19651921682378534,0.7972166998011928,0.8527918781725888,6275.0,0.935868754660701,0.5257270693512305,0.326,0.28846153846153844,0.18866517524235646,1927.8846153846152,129.8076923076923,True
5350357.02,5350357.02,2021S05075350357.02,0357.02,True,5001.0,4579.3,1.09,33.6,1705.0,440.0,5.0,95.0,115.0,1030.0,2.9,4990.0,1250.0,25.1,4995.0,185.0,4995.0,1800.0,1680.0,520.0,1165.0,1680.0,45.0,53.9,4800.0,2785.0,790.0,4800.0,2370.0,310.0,4800.0,3815.0,4745.0,4550.0,190.0,4490.0,3140.0,1340.0,2420.0,490.0,3685.0,19.7,1260.0,295.0,5005.0,1080.0,1185.0,1755.0,600.0,3600,published,2785.0,published,0.23676323676323677,0.35064935064935066,0.11988011988011989,0.2024793388429752,0.250501002004008,0.19699999999999998,0.6934523809523809,0.30952380952380953,0.958904109589041,0.6993318485523385,0.026785714285714284,1240.0,0.7272727272727273,0.25806451612903225,0.002932551319648094,0.49375,0.06458333333333334,0.16458333333333333,0.7736111111111111,0.7947916666666667,4810.0,0.9629629629629629,0.36036036036036034,0.539,0.23412698412698413,0.21578421578421578,1137.6146788990825,41.28440366972477,True
5350358.01,5350358.01,2021S05075350358.01,0358.01,True,3504.0,3125.2,1.12,40.8,1120.0,720.0,140.0,120.0,140.0,0.0,3.1,3500.0,270.0,7.8,3505.0,60.0,3505.0,1190.0,1145.0,975.0,175.0,1145.0,15.0,38.9,3610.0,2610.0,345.0,3610.0,1630.0,60.0,3615.0,2160.0,3570.0,3205.0,370.0,3435.0,2515.0,920.0,1880.0,515.0,3045.0,19.3,1095.0,235.0,3505.0,480.0,860.0,1295.0,660.0,2855,published,2610.0,published,0.24536376604850213,0.369472182596291,0.18830242510699002,0.27393617021276595,0.07714285714285714,0.193,0.15283842794759825,0.851528384279476,0.8977591036414566,0.7321688500727802,0.013100436681222707,260.0,0.23214285714285715,0.6428571428571429,0.125,0.4515235457063712,0.01662049861495845,0.09556786703601108,0.9141856392294221,0.5975103734439834,3445.0,0.9828815977175464,0.33951497860199714,0.389,0.2146118721461187,0.1369472182596291,232.1428571428571,13.392857142857142,True
5350358.02,5350358.02,2021S05075350358.02,0358.02,True,5280.0,8545.1,0.62,39.2,2040.0,310.0,70.0,60.0,110.0,1175.0,2.6,5270.0,980.0,18.6,5270.0,110.0,5270.0,1695.0,2000.0,1060.0,940.0,2000.0,755.0,46.3,5210.0,3520.0,760.0,5210.0,2640.0,210.0,5215.0,3710.0,5165.0,4765.0,395.0,4950.0,3260.0,1690.0,2740.0,860.0,4335.0,19.7,1535.0,480.0,5280.0,850.0,1270.0,1970.0,880.0,4165,published,3520.0,published,0.24053030303030304,0.3731060606060606,0.16666666666666666,0.31386861313868614,0.1859582542694497,0.19699999999999998,0.47,0.53,0.9225556631171346,0.6585858585858586,0.3775,1345.0,0.6593137254901961,0.15196078431372548,0.03431372549019608,0.5067178502879078,0.04030710172744722,0.14587332053742802,0.8451380552220888,0.7114093959731543,5160.0,0.9791271347248577,0.3216318785578748,0.46299999999999997,0.3127035830618892,0.16098484848484848,2169.3548387096776,1217.741935483871,True
5350358.03,5350358.03,2021S05075350358.03,0358.03,True,5718.0,5233.4,1.09,40.4,2210.0,360.0,175.0,135.0,220.0,850.0,2.5,5580.0,1165.0,20.8,5585.0,105.0,5585.0,1930.0,2215.0,940.0,1280.0,2215.0,225.0,70.3,5530.0,3755.0,755.0,5530.0,2860.0,315.0,5525.0,4220.0,5495.0,5000.0,490.0,5265.0,3765.0,1500.0,3100.0,920.0,4660.0,17.1,1690.0,585.0,5720.0,870.0,1350.0,2315.0,805.0,4585,published,3755.0,published,0.23601398601398602,0.40472027972027974,0.14073426573426573,0.2967741935483871,0.20878136200716846,0.171,0.5778781038374717,0.42437923250564336,0.9099181073703366,0.7150997150997151,0.10158013544018059,1205.0,0.5452488687782805,0.16289592760180996,0.07918552036199095,0.5171790235081374,0.056962025316455694,0.13652802893309224,0.8189749182115594,0.7638009049773755,5480.0,0.981199641897941,0.3455684870188004,0.703,0.34615384615384615,0.1520979020979021,1105.5045871559632,206.42201834862385,True
5350195.02,5350195.02,2021S05075350195.02,0195.02,True,2384.0,6305.2,0.38,43.2,940.0,380.0,205.0,5.0,235.0,65.0,2.5,2380.0,120.0,5.0,2385.0,10.0,2385.0,420.0,930.0,795.0,135.0,930.0,230.0,0.0,2235.0,1600.0,145.0,2235.0,560.0,50.0,2230.0,605.0,2220.0,2045.0,175.0,2130.0,1510.0,620.0,1220.0,905.0,1850.0,9.1,555.0,75.0,2385.0,445.0,410.0,1035.0,360.0,1840,published,1600.0,published,0.1719077568134172,0.4339622641509434,0.1509433962264151,0.7418032786885246,0.05042016806722689,0.091,0.14516129032258066,0.8548387096774194,0.9211711711711712,0.7089201877934272,0.24731182795698925,305.0,0.324468085106383,0.40425531914893614,0.21808510638297873,0.2505592841163311,0.02237136465324385,0.06487695749440715,0.8695652173913043,0.2713004484304933,2375.0,0.9958071278825996,0.1761006289308176,0.0,0.13513513513513514,0.18658280922431866,802.6315789473684,605.2631578947369,True
5350363.02,5350363.02,2021S05075350363.02,0363.02,True,3270.0,2749.1,1.19,43.2,1090.0,555.0,0.0,30.0,0.0,195.0,3.0,3265.0,225.0,6.9,3265.0,70.0,3265.0,1190.0,1050.0,785.0,265.0,1050.0,255.0,0.0,3135.0,2330.0,275.0,3135.0,1665.0,120.0,3140.0,2145.0,3115.0,2925.0,190.0,3025.0,2260.0,760.0,1640.0,570.0,2690.0,15.1,1015.0,235.0,3270.0,430.0,725.0,1225.0,675.0,2700,published,2330.0,published,0.2217125382262997,0.3746177370030581,0.20642201834862386,0.3475609756097561,0.06891271056661562,0.151,0.2523809523809524,0.7476190476190476,0.9390048154093098,0.7471074380165289,0.24285714285714285,225.0,0.20642201834862386,0.5091743119266054,0.0,0.5311004784688995,0.03827751196172249,0.08771929824561403,0.8629629629629629,0.6831210191082803,3195.0,0.9785604900459418,0.36447166921898927,0.0,0.2315270935960591,0.13149847094801223,189.07563025210084,214.2857142857143,True
5350139.01,5350139.01,2021S05075350139.01,0139.01,True,4316.0,5579.1,0.77,43.2,1965.0,695.0,45.0,40.0,350.0,840.0,2.2,4315.0,425.0,9.8,4315.0,55.0,4315.0,1195.0,1960.0,1110.0,845.0,1960.0,575.0,0.0,4350.0,3025.0,555.0,4350.0,1250.0,345.0,4350.0,1230.0,4320.0,3825.0,495.0,4200.0,2555.0,1645.0,2290.0,1690.0,3685.0,9.7,920.0,250.0,4320.0,675.0,905.0,1750.0,795.0,3505,published,3025.0,published,0.20949074074074073,0.4050925925925926,0.1840277777777778,0.7379912663755459,0.0984936268829664,0.09699999999999999,0.43112244897959184,0.5663265306122449,0.8854166666666666,0.6083333333333333,0.29336734693877553,1230.0,0.6259541984732825,0.35368956743002544,0.022900763358778626,0.28735632183908044,0.07931034482758621,0.12758620689655173,0.8630527817403709,0.2827586206896552,4260.0,0.9872537659327926,0.2769409038238702,0.0,0.2717391304347826,0.15625,1597.4025974025974,746.7532467532467,True
5350364.01,5350364.01,2021S05075350364.01,0364.01,True,5865.0,2048.6,2.86,40.8,1940.0,1095.0,0.0,210.0,10.0,415.0,3.0,5835.0,650.0,11.2,5835.0,155.0,5835.0,2370.0,1940.0,1295.0,645.0,1940.0,190.0,28.5,5835.0,3915.0,970.0,5835.0,3115.0,340.0,5835.0,4435.0,5800.0,5260.0,540.0,5570.0,3970.0,1600.0,3040.0,1105.0,4945.0,15.5,1810.0,400.0,5870.0,830.0,1435.0,2145.0,1105.0,4780,published,3915.0,published,0.2444633730834753,0.36541737649063033,0.18824531516183987,0.36348684210526316,0.11139674378748929,0.155,0.3324742268041237,0.6675257731958762,0.906896551724138,0.7127468581687613,0.0979381443298969,635.0,0.327319587628866,0.5644329896907216,0.0,0.5338474721508141,0.05826906598114824,0.1662382176520994,0.8190376569037657,0.7600685518423308,5680.0,0.9734361610968295,0.40616966580976865,0.285,0.22099447513812154,0.141396933560477,222.02797202797203,66.43356643356644,True
5350364.02,5350364.02,2021S05075350364.02,0364.02,True,3110.0,4211.8,0.74,42.0,950.0,725.0,5.0,190.0,30.0,0.0,3.1,2990.0,270.0,9.1,2990.0,85.0,2990.0,1350.0,930.0,665.0,265.0,930.0,0.0,9.4,2900.0,1860.0,525.0,2900.0,1515.0,115.0,2895.0,2190.0,2860.0,2595.0,265.0,2785.0,1915.0,875.0,1505.0,610.0,2420.0,11.1,1000.0,265.0,3110.0,425.0,735.0,1150.0,605.0,2555,published,1860.0,published,0.23633440514469453,0.36977491961414793,0.1945337620578778,0.4053156146179402,0.0903010033444816,0.111,0.2849462365591398,0.7150537634408602,0.9073426573426573,0.6876122082585279,0.0,220.0,0.23157894736842105,0.7631578947368421,0.005263157894736842,0.5224137931034483,0.039655172413793106,0.1810344827586207,0.7279843444227005,0.7564766839378239,2905.0,0.9715719063545151,0.451505016722408,0.094,0.265,0.13665594855305466,297.2972972972973,0.0,True
5350367.01,5350367.01,2021S05075350367.01,0367.01,True,4534.0,6357.3,0.71,34.0,1355.0,400.0,60.0,80.0,30.0,645.0,3.4,4530.0,600.0,13.3,4530.0,280.0,4530.0,2625.0,1365.0,490.0,875.0,1365.0,25.0,18.3,4420.0,2410.0,1190.0,4420.0,2620.0,640.0,4420.0,3760.0,4365.0,3995.0,375.0,4185.0,2495.0,1685.0,2425.0,1155.0,3595.0,16.9,1395.0,390.0,4530.0,775.0,1320.0,1655.0,490.0,3530,published,2410.0,published,0.2913907284768212,0.36534216335540837,0.10816777041942605,0.4762886597938144,0.13245033112582782,0.16899999999999998,0.6410256410256411,0.358974358974359,0.9152348224513173,0.5961768219832736,0.018315018315018316,755.0,0.5571955719557196,0.2952029520295203,0.04428044280442804,0.5927601809954751,0.14479638009049775,0.2692307692307692,0.6827195467422096,0.8506787330316742,4250.0,0.9381898454746137,0.5794701986754967,0.183,0.27956989247311825,0.17108167770419427,1063.380281690141,35.21126760563381,True
5350367.02,5350367.02,2021S05075350367.02,0367.02,True,3560.0,3454.0,1.03,43.2,1170.0,895.0,75.0,150.0,45.0,5.0,3.0,3560.0,265.0,7.4,3560.0,150.0,3560.0,1670.0,1160.0,990.0,170.0,1160.0,20.0,0.0,3670.0,2590.0,470.0,3670.0,1855.0,130.0,3670.0,2490.0,3640.0,3370.0,270.0,3550.0,2700.0,845.0,1920.0,665.0,3180.0,14.1,1140.0,240.0,3560.0,480.0,855.0,1285.0,765.0,2940,published,2590.0,published,0.2401685393258427,0.3609550561797753,0.2148876404494382,0.3463541666666667,0.07443820224719101,0.141,0.14655172413793102,0.853448275862069,0.9258241758241759,0.7605633802816901,0.017241379310344827,200.0,0.17094017094017094,0.7649572649572649,0.0641025641025641,0.5054495912806539,0.035422343324250684,0.12806539509536785,0.8809523809523809,0.6784741144414169,3410.0,0.9578651685393258,0.4691011235955056,0.0,0.21052631578947367,0.1348314606741573,194.17475728155338,19.41747572815534,True
5350370.01,5350370.01,2021S05075350370.01,0370.01,True,9656.0,5499.2,1.76,40.8,3680.0,410.0,165.0,15.0,45.0,2185.0,2.6,9480.0,1615.0,17.0,9490.0,555.0,9490.0,5055.0,3680.0,1845.0,1840.0,3680.0,2020.0,20.2,9480.0,5870.0,1965.0,9480.0,6120.0,950.0,9480.0,8370.0,9375.0,8600.0,775.0,8915.0,5835.0,3080.0,5410.0,1915.0,7905.0,14.5,3030.0,870.0,9660.0,1390.0,2130.0,3890.0,1620.0,7760,published,5870.0,published,0.2204968944099379,0.4026915113871636,0.16770186335403728,0.3539741219963031,0.17035864978902954,0.145,0.5,0.501358695652174,0.9173333333333333,0.6545148625911386,0.5489130434782609,2245.0,0.6100543478260869,0.11141304347826086,0.04483695652173913,0.6455696202531646,0.10021097046413502,0.20727848101265822,0.7564432989690721,0.8829113924050633,8935.0,0.9415173867228662,0.5326659641728135,0.20199999999999999,0.2871287128712871,0.14389233954451347,1275.5681818181818,1147.7272727272727,True
5350370.02,5350370.02,2021S05075350370.02,0370.02,True,5574.0,2451.4,2.27,40.4,1835.0,515.0,50.0,140.0,175.0,575.0,2.9,5400.0,630.0,11.6,5400.0,315.0,5400.0,2920.0,1805.0,1235.0,570.0,1805.0,680.0,3.5,5355.0,3330.0,1110.0,5355.0,3200.0,445.0,5360.0,4410.0,5290.0,4850.0,440.0,5090.0,3200.0,1890.0,3040.0,1130.0,4480.0,14.9,1750.0,595.0,5575.0,760.0,1370.0,2115.0,995.0,4540,published,3330.0,published,0.24573991031390136,0.379372197309417,0.17847533632286997,0.3717105263157895,0.11666666666666667,0.149,0.3157894736842105,0.6842105263157895,0.9168241965973535,0.6286836935166994,0.3767313019390582,890.0,0.48501362397820164,0.28065395095367845,0.027247956403269755,0.5975723622782446,0.08309990662931839,0.20728291316526612,0.7334801762114538,0.8227611940298507,5085.0,0.9416666666666667,0.5407407407407407,0.035,0.34,0.13632286995515694,392.0704845814978,299.5594713656388,True
5350370.03,5350370.03,2021S05075350370.03,0370.03,True,4262.0,4972.0,0.86,40.8,1380.0,740.0,120.0,160.0,80.0,150.0,3.1,4250.0,410.0,9.6,4260.0,155.0,4260.0,1920.0,1405.0,930.0,475.0,1405.0,45.0,15.8,4290.0,2955.0,640.0,4290.0,2150.0,190.0,4295.0,2850.0,4250.0,3890.0,360.0,4125.0,2950.0,1175.0,2320.0,735.0,3680.0,14.4,1435.0,405.0,4265.0,605.0,1050.0,1710.0,640.0,3470,published,2955.0,published,0.246189917936694,0.40093786635404455,0.15005861664712777,0.3168103448275862,0.09647058823529411,0.14400000000000002,0.33807829181494664,0.6619217081850534,0.9152941176470588,0.7151515151515152,0.03202846975088968,390.0,0.2826086956521739,0.5362318840579711,0.08695652173913043,0.5011655011655012,0.04428904428904429,0.14918414918414918,0.8515850144092219,0.6635622817229336,4105.0,0.9636150234741784,0.4507042253521127,0.158,0.28222996515679444,0.141852286049238,453.48837209302326,52.32558139534884,True
5350374.01,5350374.01,2021S05075350374.01,0374.01,True,5150.0,4339.8,1.19,42.4,1800.0,840.0,5.0,175.0,20.0,565.0,2.9,5150.0,490.0,9.5,5150.0,330.0,5150.0,2860.0,1800.0,1245.0,555.0,1800.0,510.0,0.0,5340.0,3365.0,1200.0,5340.0,3025.0,450.0,5340.0,3815.0,5265.0,4570.0,690.0,5045.0,3420.0,1625.0,3105.0,1395.0,4605.0,13.6,1750.0,390.0,5150.0,600.0,1305.0,2115.0,870.0,4345,published,3365.0,published,0.25339805825242717,0.41067961165048544,0.16893203883495145,0.4492753623188406,0.09514563106796116,0.136,0.30833333333333335,0.6916666666666667,0.8679962013295347,0.6778989098116948,0.2833333333333333,760.0,0.4222222222222222,0.4666666666666667,0.002777777777777778,0.5664794007490637,0.08426966292134831,0.2247191011235955,0.7744533947065593,0.7144194756554307,4820.0,0.9359223300970874,0.5553398058252427,0.0,0.22285714285714286,0.11650485436893204,638.655462184874,428.5714285714286,True
5350374.02,5350374.02,2021S05075350374.02,0374.02,True,3171.0,3952.4,0.8,45.6,1065.0,545.0,75.0,125.0,20.0,0.0,3.0,3165.0,305.0,9.6,3170.0,265.0,3170.0,1790.0,1080.0,965.0,115.0,1080.0,310.0,0.0,3185.0,2280.0,455.0,3185.0,1990.0,160.0,3185.0,2365.0,3150.0,2935.0,215.0,3015.0,2150.0,870.0,1705.0,690.0,2760.0,17.2,1040.0,235.0,3175.0,360.0,740.0,1180.0,710.0,2695,published,2280.0,published,0.23307086614173228,0.3716535433070866,0.22362204724409449,0.4046920821114369,0.09636650868878358,0.172,0.10648148148148148,0.8935185185185185,0.9317460317460318,0.7131011608623549,0.28703703703703703,145.0,0.13615023474178403,0.5117370892018779,0.07042253521126761,0.6248037676609105,0.05023547880690738,0.14285714285714285,0.8460111317254174,0.7425431711145997,2905.0,0.916403785488959,0.5646687697160884,0.0,0.22596153846153846,0.11338582677165354,181.25,387.5,True
5350374.03,5350374.03,2021S05075350374.03,0374.03,True,4053.0,5016.1,0.81,46.8,1605.0,465.0,45.0,140.0,270.0,665.0,2.5,4050.0,745.0,18.4,4055.0,560.0,4055.0,2420.0,1595.0,605.0,985.0,1595.0,80.0,29.9,3845.0,2530.0,910.0,3845.0,2535.0,335.0,3840.0,3015.0,3820.0,3450.0,370.0,3710.0,2640.0,1075.0,2020.0,725.0,3430.0,18.9,1080.0,280.0,4055.0,455.0,865.0,1545.0,995.0,3450,published,2530.0,published,0.21331689272503082,0.3810110974106042,0.24537607891491986,0.3589108910891089,0.18395061728395062,0.18899999999999997,0.6175548589341693,0.3793103448275862,0.9031413612565445,0.7115902964959568,0.050156739811912224,1075.0,0.6697819314641744,0.2897196261682243,0.028037383177570093,0.659297789336801,0.08712613784135241,0.23667100130039012,0.7333333333333333,0.78515625,3495.0,0.8618988902589396,0.5967940813810111,0.299,0.25925925925925924,0.11220715166461159,1327.1604938271605,98.76543209876543,True
5350375.04,5350375.04,2021S05075350375.04,0375.04,True,5785.0,6279.2,0.92,42.8,1885.0,520.0,85.0,60.0,55.0,535.0,3.1,5775.0,595.0,10.3,5775.0,720.0,5775.0,3630.0,1895.0,1505.0,390.0,1895.0,875.0,0.0,5775.0,3600.0,1355.0,5775.0,3665.0,400.0,5780.0,4895.0,5760.0,5380.0,385.0,5600.0,3650.0,1940.0,3230.0,1295.0,5020.0,16.5,1750.0,395.0,5785.0,735.0,1405.0,2325.0,1040.0,4855,published,3600.0,published,0.2428694900605013,0.40190146931719967,0.1797752808988764,0.40092879256965946,0.10303030303030303,0.165,0.20580474934036938,0.7941952506596306,0.9340277777777778,0.6517857142857143,0.46174142480211083,650.0,0.3448275862068966,0.27586206896551724,0.04509283819628647,0.6346320346320347,0.06926406926406926,0.23463203463203464,0.741503604531411,0.846885813148789,5055.0,0.8753246753246753,0.6285714285714286,0.0,0.2257142857142857,0.12705272255834055,706.5217391304348,951.0869565217391,True
5350375.05,5350375.05,2021S05075350375.05,0375.05,True,6915.0,6122.7,1.13,47.2,2680.0,955.0,5.0,30.0,20.0,1395.0,2.6,6905.0,935.0,13.6,6905.0,625.0,6905.0,3685.0,2705.0,1285.0,1425.0,2705.0,300.0,15.7,6925.0,4740.0,1185.0,6925.0,4045.0,485.0,6930.0,4920.0,6885.0,6280.0,600.0,6695.0,4735.0,1960.0,3645.0,1595.0,6060.0,12.8,2035.0,425.0,6915.0,865.0,1425.0,2650.0,1625.0,5795,published,4740.0,published,0.20607375271149675,0.38322487346348516,0.23499638467100506,0.4375857338820302,0.13540912382331644,0.128,0.5268022181146026,0.47504621072088726,0.9121278140885984,0.707244212098581,0.11090573012939002,1445.0,0.539179104477612,0.35634328358208955,0.0018656716417910447,0.584115523465704,0.07003610108303249,0.1711191335740072,0.817946505608283,0.70995670995671,6280.0,0.9094858797972484,0.5336712527154236,0.157,0.20884520884520885,0.12509038322487345,1278.7610619469028,265.4867256637168,True
5350139.02,5350139.02,2021S05075350139.02,0139.02,True,2440.0,4789.0,0.51,43.6,890.0,565.0,60.0,40.0,130.0,85.0,2.8,2440.0,130.0,5.5,2440.0,20.0,2440.0,375.0,865.0,655.0,205.0,865.0,25.0,0.0,2500.0,1755.0,125.0,2500.0,500.0,30.0,2495.0,645.0,2480.0,2330.0,160.0,2395.0,1720.0,675.0,1260.0,965.0,2010.0,10.9,455.0,90.0,2440.0,505.0,470.0,1020.0,380.0,1870,published,1755.0,published,0.19262295081967212,0.4180327868852459,0.1557377049180328,0.7658730158730159,0.05327868852459016,0.109,0.23699421965317918,0.7572254335260116,0.9395161290322581,0.7181628392484343,0.028901734104046242,255.0,0.28651685393258425,0.6348314606741573,0.06741573033707865,0.2,0.012,0.05,0.9385026737967914,0.25851703406813625,2420.0,0.9918032786885246,0.15368852459016394,0.0,0.1978021978021978,0.2069672131147541,500.0,49.01960784313725,True
5350377.02,5350377.02,2021S05075350377.02,0377.02,True,4356.0,2285.4,1.91,47.6,1385.0,1070.0,25.0,240.0,15.0,0.0,3.1,4345.0,510.0,11.8,4350.0,715.0,4350.0,2785.0,1360.0,1095.0,265.0,1360.0,20.0,0.0,4350.0,2960.0,745.0,4350.0,2580.0,210.0,4350.0,3575.0,4330.0,3945.0,385.0,4200.0,2995.0,1205.0,2270.0,845.0,3800.0,15.6,1200.0,195.0,4350.0,485.0,990.0,1635.0,1000.0,3710,published,2960.0,published,0.22758620689655173,0.3758620689655172,0.22988505747126436,0.3722466960352423,0.11737629459148446,0.156,0.1948529411764706,0.8051470588235294,0.9110854503464203,0.7130952380952381,0.014705882352941176,255.0,0.18411552346570398,0.7725631768953068,0.018050541516245487,0.593103448275862,0.04827586206896552,0.17126436781609194,0.7978436657681941,0.8218390804597702,3635.0,0.835632183908046,0.6402298850574712,0.0,0.1625,0.11149425287356322,133.50785340314135,10.471204188481677,True
5350377.03,5350377.03,2021S05075350377.03,0377.03,True,2682.0,4125.5,0.65,48.0,840.0,520.0,25.0,80.0,50.0,0.0,3.2,2680.0,280.0,10.4,2680.0,485.0,2680.0,1750.0,830.0,690.0,140.0,830.0,90.0,0.0,2635.0,1880.0,450.0,2635.0,1640.0,95.0,2630.0,2180.0,2615.0,2440.0,175.0,2565.0,2030.0,535.0,1415.0,570.0,2360.0,17.4,630.0,110.0,2685.0,300.0,620.0,1040.0,600.0,2295,published,1880.0,published,0.2309124767225326,0.38733705772811916,0.22346368715083798,0.4028268551236749,0.1044776119402985,0.174,0.1686746987951807,0.8313253012048193,0.9330783938814532,0.7914230019493177,0.10843373493975904,130.0,0.15476190476190477,0.6190476190476191,0.02976190476190476,0.6223908918406073,0.036053130929791274,0.17077798861480076,0.8191721132897604,0.8288973384030418,2195.0,0.8190298507462687,0.6529850746268657,0.0,0.1746031746031746,0.11173184357541899,200.0,138.46153846153845,True
5350287.03,5350287.03,2021S05075350287.03,0287.03,True,2699.0,5574.1,0.48,37.2,1150.0,85.0,0.0,40.0,695.0,230.0,2.4,2700.0,690.0,25.6,2705.0,75.0,2705.0,995.0,1130.0,410.0,720.0,1130.0,440.0,63.9,2705.0,1680.0,430.0,2705.0,1420.0,215.0,2705.0,2030.0,2675.0,2430.0,240.0,2565.0,1765.0,800.0,1400.0,400.0,2190.0,25.0,665.0,285.0,2700.0,535.0,600.0,1030.0,375.0,2020,published,1680.0,published,0.2222222222222222,0.3814814814814815,0.1388888888888889,0.2857142857142857,0.25555555555555554,0.25,0.6371681415929203,0.36283185840707965,0.908411214953271,0.6881091617933723,0.3893805309734513,965.0,0.8391304347826087,0.07391304347826087,0.0,0.5249537892791127,0.07948243992606285,0.1589648798521257,0.8316831683168316,0.7504621072088724,2630.0,0.9722735674676525,0.3678373382624769,0.639,0.42857142857142855,0.19814814814814816,2010.4166666666667,916.6666666666667,True
5350378.02,5350378.02,2021S05075350378.02,0378.02,True,2970.0,2806.1,1.06,40.0,900.0,360.0,105.0,115.0,65.0,230.0,3.3,2970.0,320.0,10.8,2970.0,405.0,2970.0,1930.0,915.0,570.0,340.0,915.0,15.0,14.5,3075.0,1760.0,915.0,3075.0,1765.0,290.0,3075.0,2650.0,3055.0,2760.0,295.0,2975.0,2030.0,945.0,1560.0,535.0,2690.0,16.8,995.0,280.0,2975.0,385.0,850.0,1045.0,585.0,2490,published,1760.0,published,0.2857142857142857,0.35126050420168065,0.19663865546218487,0.34294871794871795,0.10774410774410774,0.168,0.37158469945355194,0.6229508196721312,0.9034369885433715,0.6823529411764706,0.01639344262295082,410.0,0.45555555555555555,0.4,0.11666666666666667,0.5739837398373984,0.0943089430894309,0.2975609756097561,0.7068273092369478,0.8617886178861789,2565.0,0.8636363636363636,0.6498316498316499,0.145,0.2814070351758794,0.12941176470588237,386.79245283018867,14.150943396226415,True
5350378.03,5350378.03,2021S05075350378.03,0378.03,True,7948.0,3616.0,2.2,38.0,2685.0,380.0,300.0,150.0,75.0,715.0,3.0,7945.0,765.0,9.6,7950.0,405.0,7950.0,3550.0,2685.0,2090.0,595.0,2685.0,1405.0,24.4,7945.0,5335.0,1465.0,7945.0,4750.0,675.0,7945.0,7065.0,7895.0,6840.0,1055.0,7615.0,4820.0,2800.0,4560.0,1555.0,6845.0,14.4,2795.0,660.0,7945.0,955.0,2260.0,3080.0,1205.0,6635,published,5335.0,published,0.2844556324732536,0.3876651982378855,0.15166771554436753,0.34100877192982454,0.09628697293895531,0.14400000000000002,0.22160148975791433,0.7783985102420856,0.8663711209626346,0.6329612606697308,0.5232774674115456,940.0,0.3500931098696462,0.14152700186219738,0.11173184357541899,0.5978602894902454,0.08495909376966645,0.18439269981120202,0.8040693293142427,0.8892385147891756,7545.0,0.9490566037735849,0.44654088050314467,0.244,0.23613595706618962,0.12020138451856513,427.27272727272725,638.6363636363636,True
5350287.04,5350287.04,2021S05075350287.04,0287.04,True,4551.0,7662.9,0.59,41.6,1980.0,445.0,5.0,85.0,395.0,1025.0,2.3,4540.0,650.0,14.3,4550.0,135.0,4550.0,1615.0,2065.0,1065.0,1005.0,2065.0,665.0,36.3,4725.0,3080.0,590.0,4725.0,2015.0,285.0,4730.0,1695.0,4665.0,4310.0,360.0,4445.0,3145.0,1300.0,2365.0,1320.0,3820.0,7.7,1310.0,440.0,4550.0,800.0,835.0,1750.0,895.0,3505,published,3080.0,published,0.1835164835164835,0.38461538461538464,0.1967032967032967,0.5581395348837209,0.14317180616740088,0.077,0.48668280871670705,0.5157384987893463,0.9239013933547695,0.7075365579302587,0.3220338983050847,1505.0,0.76010101010101,0.22474747474747475,0.0025252525252525255,0.4264550264550265,0.06031746031746032,0.12486772486772486,0.8787446504992867,0.3583509513742072,4415.0,0.9703296703296703,0.35494505494505496,0.363,0.33587786259541985,0.17582417582417584,2550.8474576271187,1127.1186440677966,True
5350308.03,5350308.03,2021S05075350308.03,0308.03,True,1115.0,2810.7,0.4,45.6,385.0,335.0,0.0,45.0,5.0,0.0,2.9,1115.0,75.0,6.8,1115.0,40.0,1115.0,500.0,375.0,295.0,80.0,375.0,0.0,0.0,1095.0,740.0,195.0,1095.0,495.0,60.0,1095.0,595.0,1085.0,1005.0,85.0,1055.0,725.0,330.0,605.0,410.0,945.0,9.3,285.0,55.0,1115.0,185.0,210.0,455.0,200.0,890,published,740.0,published,0.18834080717488788,0.4080717488789238,0.17937219730941703,0.6776859504132231,0.06726457399103139,0.09300000000000001,0.21333333333333335,0.7866666666666666,0.9262672811059908,0.6872037914691943,0.0,50.0,0.12987012987012986,0.8701298701298701,0.0,0.4520547945205479,0.0547945205479452,0.1780821917808219,0.8314606741573034,0.54337899543379,1075.0,0.9641255605381166,0.4484304932735426,0.0,0.19298245614035087,0.16591928251121077,125.0,0.0,True
5350402.04,5350402.04,2021S05075350402.04,0402.04,False,4960.0,1752.0,2.83,48.4,1800.0,1095.0,140.0,40.0,5.0,140.0,2.8,4960.0,375.0,7.6,4960.0,215.0,4960.0,2625.0,1805.0,1605.0,205.0,1805.0,350.0,0.0,5030.0,3680.0,545.0,5030.0,2670.0,220.0,5025.0,3170.0,4990.0,4495.0,500.0,4845.0,3590.0,1250.0,2515.0,1660.0,4285.0,12.4,1230.0,85.0,4960.0,690.0,815.0,2015.0,1210.0,4095,published,3680.0,published,0.16431451612903225,0.40625,0.2439516129032258,0.6600397614314115,0.07560483870967742,0.124,0.11357340720221606,0.889196675900277,0.9008016032064128,0.7409700722394221,0.19390581717451524,185.0,0.10277777777777777,0.6083333333333333,0.07777777777777778,0.5308151093439364,0.0437375745526839,0.10834990059642147,0.8986568986568987,0.6308457711442786,4745.0,0.9566532258064516,0.5292338709677419,0.0,0.06910569105691057,0.13911290322580644,65.37102473498233,123.67491166077738,False
5350402.05,5350402.05,2021S05075350402.05,0402.05,False,1969.0,1400.2,1.41,53.6,695.0,590.0,0.0,15.0,5.0,75.0,2.8,1970.0,135.0,6.8,1970.0,90.0,1970.0,980.0,665.0,625.0,40.0,665.0,85.0,0.0,1985.0,1555.0,180.0,1985.0,1000.0,25.0,1985.0,1105.0,1975.0,1785.0,195.0,1950.0,1495.0,455.0,950.0,620.0,1775.0,10.9,550.0,50.0,1970.0,210.0,375.0,700.0,630.0,1720,published,1555.0,published,0.19035532994923857,0.3553299492385787,0.3197969543147208,0.6526315789473685,0.06852791878172589,0.109,0.06015037593984962,0.9398496240601504,0.9037974683544304,0.7666666666666667,0.12781954887218044,95.0,0.1366906474820144,0.8489208633093526,0.0,0.5037783375314862,0.012594458438287154,0.0906801007556675,0.9040697674418605,0.5566750629722922,1880.0,0.9543147208121827,0.49746192893401014,0.0,0.09090909090909091,0.1065989847715736,67.3758865248227,60.283687943262414,False
5350412.01,5350412.01,2021S05075350412.01,0412.01,False,7278.0,1673.4,4.35,46.4,2760.0,1585.0,125.0,220.0,195.0,430.0,2.6,7125.0,470.0,6.6,7135.0,285.0,7135.0,3440.0,2760.0,2210.0,550.0,2760.0,740.0,16.5,7125.0,5545.0,520.0,7125.0,3215.0,210.0,7120.0,2135.0,7055.0,6390.0,665.0,6815.0,4520.0,2295.0,3730.0,1545.0,6215.0,13.2,2360.0,100.0,7280.0,790.0,1595.0,2645.0,1895.0,6195,published,5545.0,published,0.2190934065934066,0.3633241758241758,0.2603021978021978,0.41420911528150134,0.06596491228070175,0.132,0.19927536231884058,0.8007246376811594,0.9057406094968108,0.6632428466617755,0.26811594202898553,845.0,0.3061594202898551,0.5742753623188406,0.04528985507246377,0.4512280701754386,0.029473684210526315,0.07298245614035087,0.8950766747376917,0.29985955056179775,6850.0,0.9600560616678346,0.4821303433777155,0.165,0.0423728813559322,0.10851648351648352,194.2528735632184,170.11494252873564,False
5350412.02,5350412.02,2021S05075350412.02,0412.02,False,10261.0,1680.3,6.11,45.2,4315.0,1490.0,400.0,135.0,270.0,1750.0,2.3,10030.0,860.0,8.6,10120.0,450.0,10120.0,4540.0,4320.0,3235.0,1085.0,4320.0,2265.0,17.4,10030.0,7745.0,900.0,10030.0,4250.0,380.0,10035.0,2885.0,9900.0,8675.0,1230.0,9585.0,5340.0,4250.0,5400.0,1755.0,8815.0,13.1,3405.0,200.0,10265.0,1050.0,2345.0,3830.0,2515.0,8785,published,7745.0,published,0.22844617632732586,0.37311251826595226,0.24500730638090598,0.325,0.08574277168494517,0.131,0.2511574074074074,0.7488425925925926,0.8762626262626263,0.5571205007824727,0.5243055555555556,2155.0,0.49942062572421786,0.34530706836616454,0.09269988412514485,0.423728813559322,0.03788634097706879,0.0897308075772682,0.8816163915765509,0.28749377179870456,9670.0,0.9555335968379447,0.44861660079051385,0.174,0.05873715124816446,0.10228933268387726,352.7004909983633,370.7037643207856,False
5350500.02,5350500.02,2021S05075350500.02,0500.02,False,4780.0,1513.1,3.16,45.6,2150.0,645.0,10.0,120.0,190.0,1115.0,2.2,4770.0,620.0,13.0,4780.0,90.0,4780.0,1440.0,2160.0,1245.0,915.0,2160.0,680.0,21.4,4775.0,3635.0,415.0,4775.0,1515.0,175.0,4775.0,1460.0,4740.0,4325.0,415.0,4570.0,3110.0,1460.0,2700.0,890.0,4115.0,16.8,1450.0,150.0,4780.0,565.0,930.0,2040.0,985.0,4025,published,3635.0,published,0.19456066945606695,0.42677824267782427,0.20606694560669456,0.3296296296296296,0.129979035639413,0.168,0.4236111111111111,0.5763888888888888,0.9124472573839663,0.6805251641137856,0.3148148148148148,1425.0,0.6627906976744186,0.3,0.004651162790697674,0.3172774869109948,0.03664921465968586,0.08691099476439791,0.9031055900621118,0.3057591623036649,4690.0,0.9811715481171548,0.301255230125523,0.214,0.10344827586206896,0.11820083682008369,450.9493670886076,215.18987341772151,False
5350509.02,5350509.02,2021S05075350509.02,0509.02,False,3418.0,1168.9,2.92,46.0,1330.0,895.0,20.0,45.0,20.0,280.0,2.6,3420.0,160.0,4.8,3420.0,30.0,3420.0,960.0,1340.0,1215.0,120.0,1340.0,390.0,0.0,3455.0,2640.0,120.0,3455.0,1000.0,45.0,3450.0,660.0,3400.0,3180.0,215.0,3235.0,2225.0,1005.0,1730.0,780.0,2850.0,9.7,875.0,75.0,3415.0,440.0,555.0,1385.0,805.0,2775,published,2640.0,published,0.16251830161054173,0.4055636896046852,0.23572474377745242,0.4508670520231214,0.04678362573099415,0.09699999999999999,0.08955223880597014,0.9067164179104478,0.9352941176470588,0.6877897990726429,0.291044776119403,345.0,0.2593984962406015,0.6729323308270677,0.015037593984962405,0.2894356005788712,0.013024602026049204,0.03473227206946455,0.9513513513513514,0.19130434782608696,3390.0,0.9912280701754386,0.2807017543859649,0.0,0.08571428571428572,0.12884333821376281,118.15068493150686,133.56164383561645,False
5350291.03,5350291.03,2021S05075350291.03,0291.03,True,2721.0,6518.9,0.42,41.2,1100.0,370.0,30.0,40.0,235.0,420.0,2.5,2720.0,370.0,13.5,2720.0,140.0,2720.0,1375.0,1120.0,525.0,600.0,1120.0,255.0,0.0,2680.0,1760.0,595.0,2680.0,1510.0,335.0,2680.0,1280.0,2655.0,2345.0,305.0,2540.0,1575.0,965.0,1535.0,470.0,2365.0,15.3,985.0,245.0,2725.0,300.0,705.0,1080.0,480.0,2290,published,1760.0,published,0.25871559633027524,0.3963302752293578,0.1761467889908257,0.30618892508143325,0.13602941176470587,0.153,0.5357142857142857,0.46875,0.8832391713747646,0.6200787401574803,0.22767857142857142,695.0,0.6318181818181818,0.33636363636363636,0.02727272727272727,0.5634328358208955,0.125,0.22201492537313433,0.7685589519650655,0.47761194029850745,2580.0,0.9485294117647058,0.5055147058823529,0.0,0.24873096446700507,0.11009174311926606,1654.7619047619048,607.1428571428571,True
5350525.02,5350525.02,2021S05075350525.02,0525.02,False,4207.0,2347.4,1.79,42.8,1630.0,280.0,85.0,20.0,70.0,930.0,2.5,4120.0,690.0,16.8,4120.0,225.0,4120.0,2350.0,1650.0,635.0,1010.0,1650.0,70.0,15.3,4230.0,2805.0,690.0,4230.0,2375.0,300.0,4225.0,1805.0,4195.0,3770.0,425.0,4015.0,2770.0,1250.0,2245.0,870.0,3510.0,16.0,1280.0,180.0,4210.0,590.0,875.0,1620.0,840.0,3405,published,2805.0,published,0.20783847980997625,0.3847980997624703,0.1995249406175772,0.38752783964365256,0.16747572815533981,0.16,0.6121212121212121,0.38484848484848483,0.8986889153754469,0.6899128268991283,0.04242424242424243,1020.0,0.6257668711656442,0.17177914110429449,0.05214723926380368,0.5614657210401891,0.07092198581560284,0.16312056737588654,0.8237885462555066,0.4272189349112426,3895.0,0.9453883495145631,0.5703883495145631,0.153,0.140625,0.14014251781472684,569.8324022346369,39.10614525139665,False
5350526.02,5350526.02,2021S05075350526.02,0526.02,False,3502.0,4342.2,0.81,39.6,1325.0,270.0,75.0,10.0,95.0,700.0,2.6,3500.0,490.0,14.0,3505.0,110.0,3505.0,1755.0,1340.0,415.0,930.0,1340.0,30.0,9.1,3580.0,2205.0,695.0,3580.0,1965.0,345.0,3580.0,1720.0,3550.0,3230.0,320.0,3380.0,2150.0,1235.0,1975.0,715.0,2910.0,16.6,1100.0,150.0,3500.0,580.0,745.0,1475.0,475.0,2740,published,2205.0,published,0.21285714285714286,0.42142857142857143,0.1357142857142857,0.3620253164556962,0.14,0.166,0.6940298507462687,0.30970149253731344,0.9098591549295775,0.636094674556213,0.022388059701492536,805.0,0.6075471698113207,0.2037735849056604,0.05660377358490566,0.5488826815642458,0.09636871508379888,0.1941340782122905,0.8047445255474452,0.48044692737430167,3395.0,0.9686162624821684,0.5007132667617689,0.091,0.13636363636363635,0.1657142857142857,993.8271604938271,37.03703703703704,False
5350531.02,5350531.02,2021S05075350531.02,0531.02,False,6405.0,4800.6,1.33,37.2,1885.0,625.0,400.0,270.0,550.0,5.0,3.4,6405.0,610.0,9.5,6405.0,285.0,6405.0,3285.0,1880.0,1415.0,465.0,1880.0,105.0,6.4,6295.0,3745.0,1530.0,6295.0,3460.0,405.0,6290.0,5350.0,6255.0,5635.0,620.0,6055.0,4140.0,1910.0,3285.0,915.0,5410.0,15.2,2265.0,465.0,6405.0,855.0,1935.0,2170.0,1110.0,5295,published,3745.0,published,0.30210772833723654,0.33879781420765026,0.17330210772833723,0.2785388127853881,0.09523809523809523,0.152,0.2473404255319149,0.7526595744680851,0.9008792965627498,0.6837324525185797,0.05585106382978723,825.0,0.4376657824933687,0.33156498673740054,0.21220159151193635,0.5496425734710088,0.06433677521842732,0.24305003971405878,0.7072710103871577,0.8505564387917329,6120.0,0.955503512880562,0.5128805620608899,0.064,0.2052980132450331,0.13348946135831383,620.3007518796992,78.94736842105263,False
5350291.04,5350291.04,2021S05075350291.04,0291.04,True,1572.0,3063.7,0.51,43.2,650.0,190.0,40.0,15.0,280.0,135.0,2.4,1570.0,210.0,13.5,1575.0,90.0,1575.0,810.0,620.0,250.0,370.0,620.0,150.0,0.0,1455.0,935.0,355.0,1455.0,905.0,200.0,1450.0,865.0,1435.0,1320.0,120.0,1400.0,930.0,470.0,855.0,265.0,1305.0,15.0,630.0,210.0,1575.0,185.0,360.0,675.0,270.0,1325,published,935.0,published,0.22857142857142856,0.42857142857142855,0.17142857142857143,0.30994152046783624,0.1337579617834395,0.15,0.5967741935483871,0.4032258064516129,0.9198606271777003,0.6642857142857143,0.24193548387096775,430.0,0.6615384615384615,0.2923076923076923,0.06153846153846154,0.6219931271477663,0.13745704467353953,0.24398625429553264,0.7056603773584905,0.596551724137931,1485.0,0.9428571428571428,0.5142857142857142,0.0,0.3333333333333333,0.11746031746031746,843.1372549019608,294.11764705882354,True
5350290.01,5350290.01,2021S05075350290.01,0290.01,True,3748.0,3970.3,0.94,42.4,1445.0,220.0,115.0,55.0,685.0,370.0,2.6,3745.0,470.0,12.6,3750.0,205.0,3750.0,1845.0,1430.0,400.0,1025.0,1430.0,65.0,3.9,3625.0,2255.0,860.0,3625.0,2165.0,405.0,3620.0,2545.0,3600.0,3290.0,310.0,3450.0,2490.0,960.0,2090.0,400.0,3120.0,16.9,1470.0,530.0,3745.0,470.0,825.0,1645.0,575.0,3065,published,2255.0,published,0.22029372496662217,0.4392523364485981,0.15353805073431243,0.19138755980861244,0.12550066755674233,0.16899999999999998,0.7167832167832168,0.27972027972027974,0.9138888888888889,0.7217391304347827,0.045454545454545456,1110.0,0.7681660899653979,0.1522491349480969,0.07958477508650519,0.5972413793103448,0.11172413793103449,0.23724137931034484,0.7357259380097879,0.7030386740331491,3545.0,0.9453333333333334,0.492,0.039,0.36054421768707484,0.12550066755674233,1180.8510638297873,69.14893617021276,True
5350290.02,5350290.02,2021S05075350290.02,0290.02,True,1652.0,4771.8,0.35,38.0,760.0,90.0,0.0,20.0,380.0,240.0,2.2,1650.0,170.0,10.4,1655.0,60.0,1655.0,775.0,775.0,530.0,240.0,775.0,670.0,0.0,1660.0,1125.0,305.0,1660.0,840.0,110.0,1665.0,945.0,1640.0,1350.0,295.0,1580.0,815.0,760.0,1120.0,405.0,1450.0,14.6,650.0,190.0,1650.0,175.0,475.0,730.0,185.0,1395,published,1125.0,published,0.2878787878787879,0.44242424242424244,0.11212121212121212,0.36160714285714285,0.10303030303030303,0.146,0.3096774193548387,0.6838709677419355,0.823170731707317,0.5158227848101266,0.864516129032258,640.0,0.8421052631578947,0.11842105263157894,0.0,0.5060240963855421,0.06626506024096386,0.18373493975903615,0.8064516129032258,0.5675675675675675,1595.0,0.9637462235649547,0.46827794561933533,0.0,0.2923076923076923,0.10606060606060606,1828.5714285714287,1914.2857142857144,True
5350096.01,5350096.01,2021S05075350096.01,0096.01,True,1610.0,8094.5,0.2,40.8,645.0,90.0,85.0,55.0,330.0,0.0,2.5,1605.0,140.0,8.6,1610.0,100.0,1610.0,645.0,665.0,385.0,275.0,665.0,10.0,0.0,1560.0,1200.0,180.0,1560.0,660.0,30.0,1560.0,560.0,1555.0,1400.0,155.0,1535.0,1070.0,465.0,970.0,390.0,1405.0,15.4,425.0,125.0,1610.0,170.0,395.0,710.0,245.0,1375,published,1200.0,published,0.2453416149068323,0.4409937888198758,0.15217391304347827,0.4020618556701031,0.08722741433021806,0.154,0.41353383458646614,0.5789473684210527,0.9003215434083601,0.6970684039087948,0.015037593984962405,385.0,0.5968992248062015,0.13953488372093023,0.13178294573643412,0.4230769230769231,0.019230769230769232,0.11538461538461539,0.8727272727272727,0.358974358974359,1510.0,0.937888198757764,0.40062111801242234,0.0,0.29411764705882354,0.10559006211180125,1925.0,50.0,True
5350096.02,5350096.02,2021S05075350096.02,0096.02,True,3156.0,9037.8,0.35,38.8,1380.0,175.0,150.0,190.0,715.0,10.0,2.3,3120.0,300.0,9.7,3145.0,195.0,3145.0,1065.0,1410.0,750.0,660.0,1410.0,65.0,2.3,3230.0,2490.0,345.0,3230.0,1070.0,125.0,3225.0,970.0,3205.0,2660.0,540.0,3090.0,1910.0,1185.0,2115.0,1065.0,2875.0,11.6,895.0,250.0,3155.0,285.0,945.0,1265.0,525.0,2765,published,2490.0,published,0.29952456418383516,0.4009508716323296,0.1664025356576862,0.5035460992907801,0.09615384615384616,0.11599999999999999,0.46808510638297873,0.5319148936170213,0.8299531981279251,0.6181229773462783,0.04609929078014184,915.0,0.6630434782608695,0.12681159420289856,0.10869565217391304,0.33126934984520123,0.03869969040247678,0.10681114551083591,0.9005424954792043,0.30077519379844964,2950.0,0.9379968203497615,0.3386327503974563,0.023,0.27932960893854747,0.09033280507131537,2614.2857142857147,185.71428571428572,True
5350097.03,5350097.03,2021S05075350097.03,0097.03,True,2078.0,12391.2,0.17,35.2,1210.0,25.0,25.0,15.0,70.0,1055.0,1.7,2070.0,475.0,22.9,2080.0,90.0,2080.0,815.0,1210.0,425.0,780.0,1210.0,565.0,19.2,2170.0,1410.0,560.0,2170.0,940.0,200.0,2170.0,1095.0,2145.0,1685.0,465.0,2090.0,735.0,1355.0,1545.0,690.0,1955.0,17.1,690.0,280.0,2080.0,150.0,780.0,835.0,185.0,1840,published,1410.0,published,0.375,0.4014423076923077,0.0889423076923077,0.44660194174757284,0.22946859903381642,0.171,0.6446280991735537,0.3512396694214876,0.7855477855477856,0.35167464114832536,0.4669421487603306,1140.0,0.9421487603305785,0.02066115702479339,0.02066115702479339,0.43317972350230416,0.09216589861751152,0.25806451612903225,0.7663043478260869,0.5046082949308756,1990.0,0.9567307692307693,0.3918269230769231,0.192,0.4057971014492754,0.07211538461538461,6705.882352941176,3323.529411764706,True
5350801.02,5350801.02,2021S05075350801.02,0801.02,False,6181.0,1610.5,3.84,44.0,2065.0,1735.0,10.0,130.0,15.0,0.0,3.0,6110.0,200.0,3.2,6110.0,50.0,6110.0,1180.0,2065.0,1910.0,155.0,2065.0,180.0,0.0,5905.0,4505.0,195.0,5905.0,1530.0,110.0,5905.0,2070.0,5860.0,5460.0,405.0,5635.0,3980.0,1655.0,3190.0,1360.0,4910.0,12.0,1620.0,110.0,6180.0,950.0,1130.0,2575.0,1155.0,4955,published,4505.0,published,0.18284789644012944,0.4166666666666667,0.18689320388349515,0.4263322884012539,0.03273322422258593,0.12,0.07506053268765134,0.9249394673123487,0.931740614334471,0.7062999112688554,0.08716707021791767,145.0,0.07021791767554479,0.8401937046004843,0.004842615012106538,0.25910245554614736,0.018628281117696866,0.03302286198137172,0.9091826437941474,0.3505503810330229,6060.0,0.9918166939443536,0.19312602291325695,0.0,0.06790123456790123,0.15372168284789645,37.76041666666667,46.875,False
5350097.04,5350097.04,2021S05075350097.04,0097.04,True,5031.0,15575.9,0.32,36.4,2285.0,170.0,180.0,110.0,660.0,1075.0,2.2,4955.0,475.0,9.6,4965.0,410.0,4965.0,2035.0,2260.0,1050.0,1215.0,2260.0,685.0,2.5,4880.0,3435.0,870.0,4880.0,2020.0,300.0,4880.0,1740.0,4835.0,4110.0,725.0,4665.0,2735.0,1930.0,3305.0,1330.0,4340.0,15.5,1685.0,545.0,5030.0,425.0,1685.0,2095.0,570.0,4410,published,3435.0,published,0.3349900596421471,0.4165009940357853,0.11332007952286283,0.40242057488653554,0.0958627648839556,0.155,0.5376106194690266,0.4646017699115044,0.8500517063081696,0.5862808145766345,0.3030973451327434,1845.0,0.8074398249452954,0.07439824945295405,0.0787746170678337,0.4139344262295082,0.06147540983606557,0.17827868852459017,0.7789115646258503,0.35655737704918034,4555.0,0.9174219536757301,0.40986908358509566,0.025,0.32344213649851633,0.08449304174950298,5765.625,2140.625,True
5350008.01,5350008.01,2021S05075350008.01,0008.01,True,8480.0,27425.6,0.31,32.0,5470.0,0.0,0.0,0.0,290.0,5020.0,1.6,8470.0,760.0,9.0,8480.0,60.0,8480.0,2280.0,5390.0,2605.0,2785.0,5390.0,5390.0,0.0,8370.0,6500.0,1480.0,8370.0,2615.0,745.0,8370.0,3490.0,8325.0,5160.0,3165.0,8135.0,1975.0,6160.0,7280.0,5270.0,7990.0,7.3,2485.0,555.0,8480.0,190.0,5085.0,2765.0,190.0,8055,published,6500.0,published,0.5996462264150944,0.326061320754717,0.02240566037735849,0.7239010989010989,0.089728453364817,0.073,0.5166975881261595,0.48330241187384043,0.6198198198198198,0.2427781192378611,1.0,5310.0,0.9707495429616088,0.0,0.0,0.31242532855436084,0.08900836320191159,0.1768219832735962,0.8069522036002483,0.4169653524492234,8420.0,0.9929245283018868,0.2688679245283019,0.0,0.22334004024144868,0.02240566037735849,17129.032258064515,17387.09677419355,True
5350008.02,5350008.02,2021S05075350008.02,0008.02,True,11591.0,6052.4,1.92,33.2,7020.0,5.0,0.0,0.0,115.0,6875.0,1.6,11540.0,1325.0,11.5,11545.0,150.0,11545.0,3805.0,7020.0,3175.0,3845.0,7020.0,6350.0,10.3,11540.0,8605.0,2120.0,11540.0,4710.0,1320.0,11545.0,5855.0,11415.0,7575.0,3840.0,11135.0,3460.0,7675.0,9310.0,6295.0,10725.0,9.6,3065.0,760.0,11595.0,500.0,5730.0,4275.0,620.0,10690,published,8605.0,published,0.49417852522639066,0.36869340232858994,0.053471323846485556,0.6761546723952739,0.11481802426343155,0.096,0.5477207977207977,0.45227920227920226,0.6636005256241787,0.3107319263583296,0.9045584045584045,6990.0,0.9957264957264957,0.0007122507122507123,0.0,0.40814558058925476,0.11438474870017332,0.18370883882149047,0.8049579045837231,0.5071459506279775,11395.0,0.9870073624945864,0.3295799047206583,0.10300000000000001,0.24796084828711257,0.043122035360069,3640.625,3307.291666666667,True
5350047.03,5350047.03,2021S05075350047.03,0047.03,True,1014.0,8771.6,0.12,38.0,550.0,30.0,20.0,15.0,475.0,0.0,1.9,1015.0,80.0,8.0,1015.0,15.0,1015.0,225.0,565.0,325.0,235.0,565.0,395.0,0.0,1080.0,895.0,55.0,1080.0,210.0,20.0,1080.0,265.0,1065.0,840.0,225.0,1030.0,435.0,590.0,790.0,530.0,955.0,7.7,300.0,50.0,1015.0,85.0,290.0,510.0,90.0,885,published,895.0,published,0.2857142857142857,0.5024630541871922,0.08866995073891626,0.6708860759493671,0.07881773399014778,0.077,0.415929203539823,0.5752212389380531,0.7887323943661971,0.4223300970873786,0.6991150442477876,490.0,0.8909090909090909,0.05454545454545454,0.03636363636363636,0.19444444444444445,0.018518518518518517,0.05092592592592592,1.0112994350282485,0.24537037037037038,1000.0,0.9852216748768473,0.22167487684729065,0.0,0.16666666666666666,0.08374384236453201,4083.3333333333335,3291.666666666667,True
5350047.04,5350047.04,2021S05075350047.04,0047.04,True,2773.0,10127.8,0.27,39.2,1125.0,195.0,290.0,165.0,365.0,0.0,2.4,2735.0,215.0,7.9,2740.0,60.0,2740.0,545.0,1135.0,710.0,425.0,1135.0,10.0,3.6,2765.0,2010.0,180.0,2765.0,635.0,65.0,2760.0,535.0,2725.0,2450.0,280.0,2605.0,1860.0,740.0,1725.0,1055.0,2290.0,8.6,625.0,130.0,2775.0,390.0,630.0,1255.0,330.0,2235,published,2010.0,published,0.22702702702702704,0.45225225225225224,0.11891891891891893,0.6115942028985507,0.07861060329067641,0.086,0.3744493392070485,0.6255506607929515,0.8990825688073395,0.7140115163147792,0.00881057268722467,530.0,0.4711111111111111,0.17333333333333334,0.2577777777777778,0.22965641952983726,0.023508137432188065,0.0650994575045208,0.8993288590604027,0.19384057971014493,2680.0,0.9781021897810219,0.1989051094890511,0.036000000000000004,0.208,0.14054054054054055,1962.9629629629628,37.03703703703704,True
5350102.04,5350102.04,2021S05075350102.04,0102.04,True,706.0,6969.4,0.1,38.4,290.0,85.0,25.0,25.0,150.0,5.0,2.4,705.0,60.0,8.4,705.0,5.0,705.0,145.0,285.0,140.0,145.0,285.0,0.0,0.0,670.0,515.0,45.0,670.0,120.0,15.0,675.0,105.0,670.0,535.0,135.0,640.0,335.0,310.0,440.0,315.0,580.0,16.1,160.0,55.0,705.0,120.0,140.0,295.0,105.0,550,published,515.0,published,0.19858156028368795,0.41843971631205673,0.14893617021276595,0.7159090909090909,0.0851063829787234,0.161,0.5087719298245614,0.49122807017543857,0.7985074626865671,0.5234375,0.0,180.0,0.6206896551724138,0.29310344827586204,0.08620689655172414,0.1791044776119403,0.022388059701492536,0.06716417910447761,0.9363636363636364,0.15555555555555556,700.0,0.9929078014184397,0.20567375886524822,0.0,0.34375,0.1702127659574468,1800.0,0.0,True
5350102.05,5350102.05,2021S05075350102.05,0102.05,True,842.0,7075.6,0.12,37.2,345.0,70.0,90.0,25.0,135.0,0.0,2.4,835.0,55.0,6.2,835.0,5.0,835.0,175.0,325.0,210.0,115.0,325.0,0.0,0.0,745.0,540.0,60.0,745.0,180.0,25.0,745.0,120.0,740.0,655.0,85.0,705.0,420.0,285.0,435.0,315.0,610.0,10.8,215.0,55.0,845.0,140.0,190.0,365.0,90.0,655,published,540.0,published,0.22485207100591717,0.4319526627218935,0.10650887573964497,0.7241379310344828,0.0658682634730539,0.10800000000000001,0.35384615384615387,0.6461538461538462,0.8851351351351351,0.5957446808510638,0.0,160.0,0.463768115942029,0.2028985507246377,0.2608695652173913,0.24161073825503357,0.03355704697986577,0.08053691275167785,0.8244274809160306,0.1610738255033557,830.0,0.9940119760479041,0.20958083832335328,0.0,0.2558139534883721,0.16568047337278108,1333.3333333333335,0.0,True
5350050.03,5350050.03,2021S05075350050.03,0050.03,True,1085.0,634.1,1.71,41.6,565.0,125.0,0.0,5.0,5.0,325.0,1.9,1085.0,100.0,9.4,1085.0,10.0,1085.0,320.0,585.0,465.0,120.0,585.0,435.0,0.0,1080.0,795.0,155.0,1080.0,430.0,110.0,1080.0,370.0,1060.0,900.0,165.0,1030.0,540.0,490.0,705.0,475.0,975.0,7.7,310.0,85.0,1085.0,115.0,225.0,505.0,170.0,930,published,795.0,published,0.2073732718894009,0.46543778801843316,0.15668202764976957,0.6737588652482269,0.09216589861751152,0.077,0.20512820512820512,0.7948717948717948,0.8490566037735849,0.5242718446601942,0.7435897435897436,335.0,0.5929203539823009,0.22123893805309736,0.0,0.39814814814814814,0.10185185185185185,0.14351851851851852,0.8548387096774194,0.3425925925925926,1075.0,0.9907834101382489,0.29493087557603687,0.0,0.27419354838709675,0.10599078341013825,195.906432748538,254.3859649122807,True
5350050.04,5350050.04,2021S05075350050.04,0050.04,True,4907.0,6485.6,0.76,41.6,2145.0,810.0,135.0,85.0,815.0,285.0,2.3,4905.0,540.0,11.0,4905.0,75.0,4905.0,1335.0,2145.0,1040.0,1100.0,2145.0,140.0,21.7,5085.0,3640.0,365.0,5085.0,1470.0,140.0,5090.0,1535.0,5040.0,4625.0,415.0,4840.0,3415.0,1425.0,2805.0,1735.0,4130.0,14.9,1115.0,285.0,4905.0,825.0,920.0,2070.0,800.0,3855,published,3640.0,published,0.1875637104994903,0.42201834862385323,0.16309887869520898,0.6185383244206774,0.11009174311926606,0.149,0.5128205128205128,0.48484848484848486,0.9176587301587301,0.7055785123966942,0.06526806526806526,1185.0,0.5524475524475524,0.3776223776223776,0.06293706293706294,0.2890855457227139,0.02753195673549656,0.07177974434611603,0.9442282749675746,0.30157170923379173,4830.0,0.9847094801223242,0.27217125382262997,0.217,0.2556053811659193,0.16819571865443425,1559.2105263157894,184.21052631578948,True
5350210.01,5350210.01,2021S05075350210.01,0210.01,True,3703.0,1253.8,2.95,37.2,985.0,395.0,75.0,50.0,75.0,0.0,2.8,2710.0,145.0,5.3,2710.0,90.0,2710.0,1070.0,1000.0,855.0,150.0,1000.0,155.0,0.0,2735.0,1940.0,260.0,2735.0,1055.0,105.0,2730.0,1170.0,2695.0,2455.0,240.0,2560.0,1805.0,755.0,1745.0,860.0,2300.0,10.5,775.0,190.0,3700.0,340.0,1125.0,1660.0,350.0,3165,published,1940.0,published,0.30405405405405406,0.4486486486486487,0.0945945945945946,0.49283667621776506,0.05350553505535055,0.105,0.15,0.855,0.9109461966604824,0.705078125,0.155,125.0,0.12690355329949238,0.4010152284263959,0.07614213197969544,0.3857404021937843,0.038391224862888484,0.09506398537477148,0.6129541864139021,0.42857142857142855,2620.0,0.966789667896679,0.3948339483394834,0.0,0.24516129032258063,0.0918918918918919,42.3728813559322,52.54237288135593,True
5350200.01,5350200.01,2021S05075350200.01,0200.01,True,5594.0,10028.7,0.56,46.4,3000.0,5.0,0.0,5.0,925.0,1990.0,1.9,5580.0,900.0,16.2,5595.0,190.0,5595.0,2470.0,3045.0,1005.0,2040.0,3045.0,1220.0,8.3,5745.0,4055.0,1015.0,5745.0,2950.0,615.0,5740.0,2280.0,5705.0,5120.0,585.0,5530.0,3505.0,2025.0,3395.0,1325.0,5065.0,15.8,1750.0,540.0,5590.0,540.0,1155.0,2370.0,1250.0,4865,published,4055.0,published,0.20661896243291591,0.42397137745974955,0.22361359570661896,0.390279823269514,0.16129032258064516,0.158,0.6699507389162561,0.33004926108374383,0.8974583698510079,0.6338155515370705,0.4006568144499179,2920.0,0.9733333333333334,0.0016666666666666668,0.0,0.5134899912967799,0.10704960835509138,0.17667536988685814,0.8335046248715313,0.397212543554007,5405.0,0.966041108132261,0.44146559428060766,0.083,0.30857142857142855,0.09660107334525939,5214.285714285714,2178.5714285714284,True
5350200.02,5350200.02,2021S05075350200.02,0200.02,True,1049.0,7126.4,0.15,42.4,640.0,70.0,5.0,5.0,445.0,110.0,1.6,1045.0,195.0,18.8,1050.0,15.0,1050.0,325.0,655.0,90.0,565.0,655.0,0.0,2.7,1050.0,785.0,170.0,1050.0,435.0,120.0,1050.0,335.0,1030.0,895.0,140.0,1000.0,580.0,420.0,680.0,230.0,960.0,22.0,305.0,105.0,1050.0,55.0,275.0,485.0,180.0,955,published,785.0,published,0.2619047619047619,0.46190476190476193,0.17142857142857143,0.3382352941176471,0.18660287081339713,0.22,0.8625954198473282,0.13740458015267176,0.8689320388349514,0.58,0.0,560.0,0.875,0.109375,0.0078125,0.4142857142857143,0.11428571428571428,0.1619047619047619,0.8219895287958116,0.319047619047619,1035.0,0.9857142857142858,0.30952380952380953,0.027000000000000003,0.3442622950819672,0.05238095238095238,3733.3333333333335,0.0,True
5350213.01,5350213.01,2021S05075350213.01,0213.01,True,2658.0,2820.8,0.94,45.6,985.0,885.0,0.0,35.0,10.0,45.0,2.7,2655.0,150.0,5.6,2650.0,55.0,2650.0,1075.0,975.0,820.0,150.0,975.0,0.0,0.0,2570.0,1940.0,175.0,2570.0,995.0,90.0,2570.0,680.0,2560.0,2390.0,170.0,2475.0,1955.0,520.0,1405.0,715.0,2185.0,12.3,715.0,140.0,2655.0,350.0,520.0,1115.0,545.0,2200,published,1940.0,published,0.1958568738229755,0.4199623352165725,0.20527306967984935,0.5088967971530249,0.05649717514124294,0.12300000000000001,0.15384615384615385,0.841025641025641,0.93359375,0.7898989898989899,0.0,90.0,0.09137055837563451,0.8984771573604061,0.0,0.38715953307393,0.03501945525291829,0.06809338521400778,0.8818181818181818,0.26459143968871596,2595.0,0.9792452830188679,0.4056603773584906,0.0,0.1958041958041958,0.1318267419962335,95.74468085106383,0.0,True
5350213.02,5350213.02,2021S05075350213.02,0213.02,True,6301.0,900.0,7.0,37.2,3310.0,130.0,0.0,20.0,20.0,3125.0,1.9,6235.0,605.0,9.7,6235.0,165.0,6235.0,2820.0,3345.0,2175.0,1165.0,3345.0,3145.0,0.0,6200.0,4420.0,1255.0,6200.0,3120.0,785.0,6205.0,3290.0,6150.0,4950.0,1195.0,5920.0,2680.0,3245.0,4225.0,2430.0,5640.0,10.8,2155.0,570.0,6300.0,360.0,2040.0,2625.0,870.0,5620,published,4420.0,published,0.3238095238095238,0.4166666666666667,0.1380952380952381,0.5751479289940828,0.09703287890938252,0.10800000000000001,0.3482810164424514,0.6502242152466368,0.8048780487804879,0.4527027027027027,0.9402092675635276,3165.0,0.9561933534743202,0.03927492447129909,0.0,0.5032258064516129,0.12661290322580646,0.20241935483870968,0.7864768683274022,0.5302175664786463,6070.0,0.9735364875701684,0.45228548516439454,0.0,0.26450116009280744,0.05714285714285714,452.14285714285717,449.2857142857143,True
5350223.01,5350223.01,2021S05075350223.01,0223.01,True,1522.0,1774.3,0.86,48.0,525.0,485.0,0.0,25.0,10.0,0.0,2.9,1520.0,60.0,3.9,1525.0,25.0,1525.0,535.0,535.0,495.0,35.0,535.0,0.0,0.0,1510.0,1135.0,80.0,1510.0,565.0,55.0,1510.0,245.0,1500.0,1435.0,60.0,1460.0,1135.0,325.0,765.0,465.0,1275.0,5.5,430.0,35.0,1520.0,245.0,225.0,625.0,335.0,1220,published,1135.0,published,0.14802631578947367,0.41118421052631576,0.22039473684210525,0.6078431372549019,0.039473684210526314,0.055,0.06542056074766354,0.9252336448598131,0.9566666666666667,0.7773972602739726,0.0,35.0,0.06666666666666667,0.9238095238095239,0.0,0.3741721854304636,0.03642384105960265,0.052980132450331126,0.930327868852459,0.16225165562913907,1500.0,0.9836065573770492,0.35081967213114756,0.0,0.08139534883720931,0.1611842105263158,40.69767441860465,0.0,True
5350223.02,5350223.02,2021S05075350223.02,0223.02,True,2180.0,2498.6,0.87,44.4,760.0,695.0,5.0,15.0,35.0,0.0,2.9,2180.0,110.0,5.0,2180.0,20.0,2180.0,695.0,760.0,680.0,80.0,760.0,25.0,0.0,2165.0,1655.0,70.0,2165.0,580.0,15.0,2165.0,510.0,2150.0,2055.0,95.0,2055.0,1570.0,480.0,1175.0,640.0,1795.0,12.1,505.0,50.0,2180.0,320.0,420.0,920.0,380.0,1750,published,1655.0,published,0.1926605504587156,0.42201834862385323,0.1743119266055046,0.5446808510638298,0.05045871559633028,0.121,0.10526315789473684,0.8947368421052632,0.9558139534883721,0.7639902676399026,0.03289473684210526,50.0,0.06578947368421052,0.9144736842105263,0.006578947368421052,0.2678983833718245,0.006928406466512702,0.03233256351039261,0.9457142857142857,0.23556581986143188,2160.0,0.9908256880733946,0.31880733944954126,0.0,0.09900990099009901,0.14678899082568808,57.47126436781609,28.735632183908045,True
5350007.01,5350007.01,2021S05075350007.01,0007.01,True,3402.0,17018.5,0.2,42.4,1650.0,60.0,55.0,60.0,475.0,985.0,1.8,3025.0,500.0,16.6,3050.0,70.0,3050.0,1045.0,1720.0,225.0,1490.0,1720.0,25.0,5.4,3155.0,2250.0,530.0,3155.0,1270.0,230.0,3155.0,1675.0,3130.0,2785.0,350.0,3060.0,1890.0,1170.0,2195.0,940.0,2845.0,15.3,1075.0,470.0,3400.0,245.0,905.0,1475.0,615.0,3055,published,2250.0,published,0.2661764705882353,0.4338235294117647,0.18088235294117647,0.428246013667426,0.1652892561983471,0.153,0.8662790697674418,0.1308139534883721,0.889776357827476,0.6176470588235294,0.014534883720930232,1520.0,0.9212121212121213,0.03636363636363636,0.03333333333333333,0.40253565768621236,0.07290015847860538,0.16798732171156894,0.7364975450081833,0.5309033280507132,2980.0,0.9770491803278688,0.34262295081967215,0.054000000000000006,0.4372093023255814,0.07205882352941176,7600.0,125.0,True
5350007.02,5350007.02,2021S05075350007.02,0007.02,True,4422.0,10174.9,0.43,38.0,2370.0,35.0,10.0,15.0,490.0,1820.0,1.8,4315.0,870.0,20.2,4315.0,155.0,4315.0,1670.0,2305.0,75.0,2235.0,2305.0,10.0,8.1,4185.0,3075.0,720.0,4185.0,1990.0,335.0,4185.0,2290.0,4150.0,3570.0,575.0,4000.0,2340.0,1655.0,2960.0,1095.0,3830.0,21.3,1350.0,580.0,4425.0,335.0,1445.0,1895.0,560.0,3955,published,3075.0,published,0.32655367231638416,0.42824858757062145,0.12655367231638417,0.36993243243243246,0.20162224797219003,0.213,0.9696312364425163,0.03253796095444685,0.8602409638554217,0.585,0.004338394793926247,2325.0,0.9810126582278481,0.014767932489451477,0.004219409282700422,0.4755077658303465,0.08004778972520908,0.17204301075268819,0.7774968394437421,0.5471923536439666,4160.0,0.9640787949015064,0.3870220162224797,0.081,0.42962962962962964,0.07570621468926554,5406.976744186047,23.25581395348837,True
5350091.01,5350091.01,2021S05075350091.01,0091.01,True,5739.0,11222.1,0.51,42.8,3245.0,95.0,155.0,45.0,710.0,2195.0,1.7,5365.0,850.0,15.8,5540.0,55.0,5540.0,1455.0,3255.0,1115.0,2140.0,3255.0,1105.0,2.3,5445.0,4160.0,870.0,5445.0,1850.0,350.0,5445.0,1650.0,5400.0,4175.0,1220.0,5255.0,2570.0,2685.0,3185.0,2445.0,5055.0,12.0,1360.0,370.0,5740.0,275.0,1905.0,1815.0,1555.0,5360,published,4160.0,published,0.3318815331010453,0.3162020905923345,0.27090592334494773,0.7676609105180534,0.15843429636533085,0.12,0.6574500768049155,0.3425499231950845,0.7731481481481481,0.489058039961941,0.33947772657450076,2950.0,0.9090909090909091,0.029275808936825885,0.04776579352850539,0.3397612488521579,0.0642791551882461,0.15977961432506887,0.7761194029850746,0.30303030303030304,5485.0,0.990072202166065,0.26263537906137185,0.023,0.27205882352941174,0.04790940766550523,5784.313725490196,2166.6666666666665,True
5350091.02,5350091.02,2021S05075350091.02,0091.02,True,3421.0,10591.3,0.32,40.0,1915.0,60.0,75.0,105.0,695.0,940.0,1.7,3255.0,600.0,18.4,3375.0,30.0,3375.0,840.0,1905.0,540.0,1370.0,1905.0,300.0,28.1,3175.0,2650.0,300.0,3175.0,965.0,120.0,3175.0,895.0,3165.0,2595.0,570.0,3140.0,1635.0,1505.0,2080.0,1275.0,3015.0,13.0,745.0,205.0,3425.0,225.0,1100.0,1375.0,590.0,3115,published,2650.0,published,0.32116788321167883,0.40145985401459855,0.17226277372262774,0.6129807692307693,0.18433179723502305,0.13,0.7191601049868767,0.28346456692913385,0.8199052132701422,0.5207006369426752,0.15748031496062992,1740.0,0.9086161879895561,0.031331592689295036,0.0391644908616188,0.30393700787401573,0.03779527559055118,0.09448818897637795,0.8507223113964687,0.28188976377952757,3345.0,0.9911111111111112,0.24888888888888888,0.281,0.2751677852348993,0.06569343065693431,5437.5,937.5,True
5350141.01,5350141.01,2021S05075350141.01,0141.01,True,4493.0,8163.2,0.55,41.6,1665.0,865.0,445.0,40.0,270.0,35.0,2.7,4495.0,235.0,5.2,4490.0,35.0,4490.0,1010.0,1705.0,1325.0,380.0,1705.0,80.0,0.0,4660.0,3215.0,320.0,4660.0,1215.0,100.0,4660.0,1415.0,4605.0,4200.0,405.0,4415.0,3285.0,1125.0,2480.0,1950.0,3680.0,10.1,1035.0,275.0,4495.0,875.0,715.0,1930.0,650.0,3350,published,3215.0,published,0.15906562847608455,0.42936596218020023,0.1446051167964405,0.7862903225806451,0.05228031145717464,0.10099999999999999,0.22287390029325513,0.7771260997067448,0.9120521172638436,0.7440543601359003,0.0469208211143695,345.0,0.2072072072072072,0.5195195195195195,0.2672672672672673,0.2607296137339056,0.02145922746781116,0.06866952789699571,0.9597014925373134,0.30364806866952787,4455.0,0.9922048997772829,0.22494432071269488,0.0,0.26570048309178745,0.1946607341490545,627.2727272727273,145.45454545454544,True
5350141.02,5350141.02,2021S05075350141.02,0141.02,True,4653.0,6767.0,0.69,41.6,1620.0,1140.0,250.0,70.0,155.0,0.0,2.9,4645.0,220.0,4.7,4640.0,25.0,4640.0,845.0,1570.0,1330.0,240.0,1570.0,0.0,0.0,4540.0,3145.0,265.0,4540.0,990.0,145.0,4540.0,1015.0,4515.0,4225.0,290.0,4240.0,3145.0,1105.0,2335.0,1930.0,3575.0,11.4,915.0,135.0,4650.0,915.0,785.0,2030.0,620.0,3475,published,3145.0,published,0.16881720430107527,0.43655913978494626,0.13333333333333333,0.8265524625267666,0.04736275565123789,0.114,0.15286624203821655,0.8471337579617835,0.9357696566998892,0.7417452830188679,0.0,225.0,0.1388888888888889,0.7037037037037037,0.15432098765432098,0.21806167400881057,0.031938325991189426,0.05837004405286344,0.9050359712230216,0.22356828193832598,4615.0,0.9946120689655172,0.18211206896551724,0.0,0.14754098360655737,0.1967741935483871,326.0869565217392,0.0,True
5350181.01,5350181.01,2021S05075350181.01,0181.01,True,4382.0,7679.6,0.57,41.2,1820.0,1140.0,230.0,155.0,155.0,125.0,2.4,4380.0,300.0,6.8,4375.0,110.0,4375.0,985.0,1825.0,1430.0,390.0,1825.0,45.0,0.0,4445.0,3235.0,335.0,4445.0,1285.0,115.0,4445.0,1610.0,4365.0,3895.0,470.0,4140.0,2845.0,1295.0,2700.0,1490.0,3665.0,8.8,1170.0,350.0,4380.0,540.0,820.0,2065.0,620.0,3535,published,3235.0,published,0.1872146118721461,0.4714611872146119,0.1415525114155251,0.5518518518518518,0.0684931506849315,0.08800000000000001,0.2136986301369863,0.7835616438356164,0.8923253150057274,0.6871980676328503,0.024657534246575342,435.0,0.23901098901098902,0.6263736263736264,0.12637362637362637,0.2890888638920135,0.025871766029246346,0.07536557930258718,0.9151343705799151,0.36220472440944884,4265.0,0.9748571428571429,0.22514285714285714,0.0,0.29914529914529914,0.1232876712328767,763.1578947368422,78.94736842105264,True
5350181.02,5350181.02,2021S05075350181.02,0181.02,True,3546.0,5892.3,0.6,42.4,1555.0,730.0,90.0,120.0,145.0,465.0,2.3,3540.0,445.0,12.6,3540.0,100.0,3540.0,980.0,1555.0,810.0,745.0,1555.0,10.0,25.7,3470.0,2510.0,410.0,3470.0,1245.0,175.0,3470.0,1320.0,3450.0,3185.0,265.0,3295.0,2250.0,1045.0,2035.0,885.0,2960.0,16.4,920.0,260.0,3550.0,450.0,675.0,1505.0,655.0,2910,published,2510.0,published,0.19014084507042253,0.423943661971831,0.18450704225352113,0.4348894348894349,0.12570621468926554,0.16399999999999998,0.4790996784565916,0.5209003215434084,0.9231884057971015,0.6828528072837633,0.006430868167202572,730.0,0.4694533762057878,0.4694533762057878,0.05787781350482315,0.35878962536023057,0.05043227665706052,0.11815561959654179,0.8625429553264605,0.3804034582132565,3440.0,0.9717514124293786,0.2768361581920904,0.257,0.2826086956521739,0.1267605633802817,1216.6666666666667,16.666666666666668,True
5350206.01,5350206.01,2021S05075350206.01,0206.01,True,5106.0,4478.2,1.14,40.4,2485.0,595.0,55.0,90.0,1065.0,670.0,2.1,5080.0,540.0,10.7,5085.0,100.0,5085.0,1635.0,2470.0,1395.0,1080.0,2470.0,990.0,6.5,5090.0,3705.0,650.0,5090.0,1695.0,280.0,5090.0,1730.0,5005.0,4215.0,785.0,4790.0,2385.0,2405.0,3285.0,1630.0,4410.0,9.0,1725.0,430.0,5105.0,480.0,1240.0,2225.0,820.0,4350,published,3705.0,published,0.24289911851126347,0.435847208619001,0.16062683643486778,0.4961948249619482,0.1062992125984252,0.09,0.43724696356275305,0.5647773279352226,0.8421578421578422,0.4979123173277662,0.4008097165991903,1825.0,0.7344064386317908,0.23943661971830985,0.022132796780684104,0.3330058939096267,0.0550098231827112,0.12770137524557956,0.8517241379310345,0.33988212180746563,4985.0,0.9803343166175025,0.3215339233038348,0.065,0.2492753623188406,0.0940254652301665,1600.8771929824563,868.4210526315791,True
5350206.02,5350206.02,2021S05075350206.02,0206.02,True,6294.0,5777.0,1.09,39.6,2810.0,950.0,50.0,145.0,940.0,635.0,2.2,6285.0,730.0,11.6,6295.0,135.0,6295.0,1855.0,2815.0,1270.0,1550.0,2815.0,245.0,4.2,6275.0,4435.0,875.0,6275.0,2070.0,330.0,6270.0,2025.0,6220.0,5485.0,730.0,5965.0,3570.0,2385.0,3845.0,1755.0,5360.0,13.6,1980.0,360.0,6290.0,755.0,1545.0,2730.0,850.0,5200,published,4435.0,published,0.24562798092209856,0.43402225755166934,0.13513513513513514,0.4564369310793238,0.11614956245027844,0.136,0.5506216696269982,0.4511545293072824,0.8818327974276527,0.5984911986588433,0.08703374777975133,1720.0,0.6120996441281139,0.33807829181494664,0.017793594306049824,0.3298804780876494,0.05258964143426295,0.1394422310756972,0.8528846153846154,0.3229665071770335,6160.0,0.9785544082605242,0.2946783161239079,0.042,0.18181818181818182,0.12003179650238474,1577.9816513761466,224.77064220183485,True
5350244.01,5350244.01,2021S05075350244.01,0244.01,True,3663.0,2573.6,1.42,42.4,1260.0,760.0,65.0,110.0,40.0,160.0,2.9,3660.0,310.0,8.4,3660.0,120.0,3660.0,1430.0,1275.0,865.0,405.0,1275.0,0.0,7.4,3650.0,2670.0,350.0,3650.0,1595.0,110.0,3645.0,1920.0,3620.0,3380.0,245.0,3500.0,2560.0,940.0,2040.0,555.0,3095.0,14.5,1215.0,160.0,3660.0,480.0,840.0,1485.0,625.0,3015,published,2670.0,published,0.22950819672131148,0.4057377049180328,0.17076502732240437,0.27205882352941174,0.08469945355191257,0.145,0.3176470588235294,0.6784313725490196,0.9337016574585635,0.7314285714285714,0.0,310.0,0.24603174603174602,0.6031746031746031,0.051587301587301584,0.436986301369863,0.030136986301369864,0.0958904109589041,0.8855721393034826,0.5267489711934157,3540.0,0.9672131147540983,0.3907103825136612,0.07400000000000001,0.13168724279835392,0.13114754098360656,218.3098591549296,0.0,True
5350244.02,5350244.02,2021S05075350244.02,0244.02,True,5703.0,3940.4,1.45,36.4,1930.0,245.0,0.0,75.0,15.0,1235.0,3.0,5690.0,855.0,15.0,5700.0,175.0,5700.0,2355.0,1925.0,900.0,1025.0,1925.0,830.0,34.6,5705.0,3710.0,805.0,5705.0,3000.0,365.0,5705.0,4545.0,5665.0,5305.0,360.0,5410.0,3800.0,1610.0,3000.0,530.0,4645.0,21.2,1750.0,455.0,5700.0,1060.0,1405.0,2100.0,765.0,4345,published,3710.0,published,0.24649122807017543,0.3684210526315789,0.13421052631578947,0.17666666666666667,0.15026362038664323,0.212,0.5324675324675324,0.4675324675324675,0.9364518976169461,0.7024029574861368,0.43116883116883115,1325.0,0.6865284974093264,0.12694300518134716,0.0,0.5258545135845749,0.06397896581945661,0.1411042944785276,0.85385500575374,0.796669588080631,5525.0,0.9692982456140351,0.4131578947368421,0.34600000000000003,0.26,0.18596491228070175,913.7931034482759,572.4137931034483,True
5350263.02,5350263.02,2021S05075350263.02,0263.02,True,3873.0,1937.1,2.0,50.0,1865.0,285.0,140.0,0.0,160.0,1040.0,2.0,3740.0,420.0,11.2,3750.0,120.0,3750.0,1645.0,1845.0,1275.0,575.0,1845.0,1135.0,16.7,3655.0,2810.0,360.0,3655.0,1715.0,155.0,3655.0,1535.0,3605.0,3180.0,420.0,3520.0,2125.0,1395.0,2040.0,1185.0,3235.0,10.7,995.0,100.0,3875.0,395.0,700.0,1560.0,1065.0,3360,published,2810.0,published,0.18064516129032257,0.40258064516129033,0.27483870967741936,0.5808823529411765,0.11229946524064172,0.107,0.3116531165311653,0.6910569105691057,0.8821081830790569,0.6036931818181818,0.6151761517615176,1200.0,0.6434316353887399,0.15281501340482573,0.07506702412868632,0.4692202462380301,0.04240766073871409,0.09849521203830369,0.8363095238095238,0.41997264021887826,3630.0,0.968,0.43866666666666665,0.16699999999999998,0.10050251256281408,0.10193548387096774,600.0,567.5,True
5350271.01,5350271.01,2021S05075350271.01,0271.01,True,2394.0,2679.4,0.89,45.6,875.0,570.0,0.0,25.0,110.0,0.0,2.7,2395.0,170.0,7.2,2390.0,55.0,2390.0,860.0,885.0,665.0,215.0,885.0,125.0,0.0,2410.0,1785.0,205.0,2410.0,910.0,110.0,2410.0,1090.0,2405.0,2220.0,180.0,2345.0,1900.0,445.0,1305.0,650.0,2075.0,14.7,630.0,55.0,2395.0,350.0,465.0,975.0,475.0,1960,published,1785.0,published,0.1941544885177453,0.407098121085595,0.19832985386221294,0.49808429118773945,0.0709812108559499,0.147,0.24293785310734464,0.751412429378531,0.9230769230769231,0.8102345415778252,0.14124293785310735,135.0,0.15428571428571428,0.6514285714285715,0.0,0.3775933609958506,0.04564315352697095,0.08506224066390042,0.9107142857142857,0.45228215767634855,2335.0,0.9769874476987448,0.3598326359832636,0.0,0.0873015873015873,0.14613778705636743,151.68539325842696,140.4494382022472,True
5350271.02,5350271.02,2021S05075350271.02,0271.02,True,4724.0,6661.0,0.71,41.2,1710.0,475.0,5.0,0.0,10.0,950.0,2.8,4720.0,680.0,14.4,4725.0,160.0,4725.0,1825.0,1705.0,490.0,1215.0,1705.0,30.0,5.8,4705.0,3080.0,730.0,4705.0,2230.0,350.0,4710.0,2570.0,4655.0,4215.0,440.0,4460.0,3150.0,1315.0,2460.0,1025.0,3890.0,15.8,1390.0,345.0,4725.0,795.0,1020.0,1890.0,750.0,3730,published,3080.0,published,0.21587301587301588,0.4,0.15873015873015872,0.4166666666666667,0.1440677966101695,0.158,0.7126099706744868,0.2873900293255132,0.9054779806659506,0.7062780269058296,0.017595307917888565,960.0,0.5614035087719298,0.2777777777777778,0.0029239766081871343,0.47396386822529224,0.07438894792773645,0.155154091392136,0.8257372654155496,0.5456475583864119,4565.0,0.9661375661375662,0.3862433862433862,0.057999999999999996,0.24820143884892087,0.16825396825396827,1352.1126760563382,42.25352112676057,True
5350272.01,5350272.01,2021S05075350272.01,0272.01,True,5945.0,13060.2,0.46,38.4,2315.0,30.0,230.0,0.0,325.0,1675.0,2.6,5940.0,840.0,14.2,5940.0,170.0,5940.0,2565.0,2305.0,300.0,2005.0,2305.0,15.0,12.7,5880.0,3470.0,1490.0,5880.0,3220.0,685.0,5880.0,4260.0,5855.0,5260.0,590.0,5605.0,3805.0,1810.0,3300.0,1160.0,4905.0,16.2,2015.0,655.0,5945.0,860.0,1525.0,2460.0,750.0,4805,published,3470.0,published,0.25651808242220353,0.41379310344827586,0.1261564339781329,0.3515151515151515,0.1414141414141414,0.162,0.8698481561822126,0.1301518438177874,0.8983774551665243,0.6788581623550402,0.006507592190889371,2000.0,0.8639308855291576,0.012958963282937365,0.09935205183585313,0.5476190476190477,0.11649659863945579,0.2534013605442177,0.7221644120707597,0.7244897959183674,5770.0,0.9713804713804713,0.4318181818181818,0.127,0.3250620347394541,0.14465937762825903,4347.826086956522,32.608695652173914,True
5350272.02,5350272.02,2021S05075350272.02,0272.02,True,4623.0,4628.6,1.0,46.4,1725.0,160.0,690.0,15.0,180.0,570.0,2.6,4560.0,440.0,9.6,4625.0,150.0,4625.0,2315.0,1740.0,1445.0,295.0,1740.0,655.0,10.2,4620.0,3420.0,635.0,4620.0,2690.0,325.0,4625.0,2915.0,4570.0,4130.0,445.0,4435.0,3220.0,1220.0,2645.0,1315.0,4100.0,12.9,1440.0,280.0,4620.0,545.0,1010.0,1845.0,1020.0,3905,published,3420.0,published,0.21861471861471862,0.39935064935064934,0.22077922077922077,0.497164461247637,0.09649122807017543,0.129,0.16954022988505746,0.8304597701149425,0.9037199124726477,0.7260428410372041,0.3764367816091954,765.0,0.4434782608695652,0.0927536231884058,0.4,0.5822510822510822,0.07034632034632035,0.13744588744588745,0.8758002560819462,0.6302702702702703,4475.0,0.9675675675675676,0.5005405405405405,0.102,0.19444444444444445,0.11796536796536797,765.0,655.0,True
5350274.01,5350274.01,2021S05075350274.01,0274.01,True,4712.0,3090.2,1.52,41.6,1690.0,845.0,5.0,15.0,120.0,700.0,2.8,4710.0,675.0,14.3,4710.0,165.0,4710.0,2150.0,1645.0,820.0,830.0,1645.0,70.0,3.0,4570.0,2935.0,775.0,4570.0,2275.0,285.0,4570.0,2605.0,4550.0,4050.0,495.0,4385.0,3040.0,1345.0,2345.0,1370.0,3790.0,13.6,1220.0,205.0,4710.0,780.0,1070.0,1825.0,785.0,3750,published,2935.0,published,0.22717622080679406,0.3874734607218684,0.16666666666666666,0.5842217484008528,0.14331210191082802,0.136,0.5045592705167173,0.49848024316109424,0.8901098901098901,0.69327251995439,0.0425531914893617,835.0,0.4940828402366864,0.5,0.0029585798816568047,0.49781181619256015,0.06236323851203501,0.16958424507658643,0.7826666666666666,0.5700218818380745,4545.0,0.964968152866242,0.4564755838641189,0.03,0.1680327868852459,0.16560509554140126,549.3421052631579,46.05263157894737,True
5350274.02,5350274.02,2021S05075350274.02,0274.02,True,4558.0,3423.5,1.33,47.6,1945.0,830.0,15.0,20.0,440.0,520.0,2.3,4555.0,565.0,12.4,4560.0,135.0,4560.0,2120.0,1990.0,1240.0,750.0,1990.0,820.0,0.0,4695.0,3315.0,780.0,4695.0,2325.0,270.0,4695.0,2385.0,4665.0,4185.0,480.0,4555.0,2880.0,1675.0,2550.0,1755.0,4110.0,10.1,1180.0,195.0,4555.0,585.0,860.0,1790.0,1050.0,3805,published,3315.0,published,0.18880351262349068,0.3929747530186608,0.2305159165751921,0.6882352941176471,0.12403951701427003,0.10099999999999999,0.3768844221105528,0.6231155778894473,0.8971061093247589,0.6322722283205269,0.4120603015075377,980.0,0.5038560411311054,0.4267352185089974,0.007712082262210797,0.4952076677316294,0.05750798722044728,0.16613418530351437,0.871222076215506,0.5079872204472844,4425.0,0.9703947368421053,0.4649122807017544,0.0,0.1652542372881356,0.12843029637760703,736.8421052631578,616.5413533834586,True
5350291.02,5350291.02,2021S05075350291.02,0291.02,True,4881.0,4257.7,1.15,45.2,1930.0,805.0,230.0,85.0,120.0,685.0,2.5,4875.0,700.0,14.4,4880.0,300.0,4880.0,2340.0,1930.0,965.0,965.0,1930.0,45.0,35.6,5040.0,3355.0,895.0,5040.0,2730.0,330.0,5045.0,2780.0,5005.0,4775.0,225.0,4815.0,3585.0,1230.0,2745.0,535.0,4260.0,16.4,1735.0,470.0,4880.0,650.0,995.0,1985.0,1015.0,4050,published,3355.0,published,0.2038934426229508,0.4067622950819672,0.20799180327868852,0.19489981785063754,0.14358974358974358,0.16399999999999998,0.5,0.5,0.954045954045954,0.7445482866043613,0.023316062176165803,890.0,0.46113989637305697,0.4170984455958549,0.11917098445595854,0.5416666666666666,0.06547619047619048,0.1775793650793651,0.828395061728395,0.5510406342913776,4580.0,0.9385245901639344,0.47950819672131145,0.35600000000000004,0.27089337175792505,0.13319672131147542,773.9130434782609,39.130434782608695,True
5350302.03,5350302.03,2021S05075350302.03,0302.03,True,3267.0,4708.2,0.69,42.8,1105.0,0.0,600.0,5.0,500.0,0.0,2.9,3250.0,375.0,11.4,3270.0,300.0,3270.0,2160.0,1135.0,840.0,295.0,1135.0,25.0,0.0,3450.0,1975.0,1040.0,3450.0,2135.0,275.0,3455.0,2730.0,3440.0,3025.0,415.0,3365.0,2260.0,1105.0,1930.0,990.0,3045.0,17.5,1115.0,295.0,3265.0,360.0,875.0,1235.0,685.0,2810,published,1975.0,published,0.2679938744257274,0.3782542113323124,0.20980091883614088,0.5129533678756477,0.11538461538461539,0.175,0.2599118942731278,0.7400881057268722,0.8793604651162791,0.6716196136701337,0.022026431718061675,505.0,0.45701357466063347,0.0,0.5429864253393665,0.618840579710145,0.07971014492753623,0.30144927536231886,0.702846975088968,0.7901591895803184,2970.0,0.908256880733945,0.6605504587155964,0.0,0.2645739910313901,0.11026033690658499,731.8840579710145,36.231884057971016,True
5350310.01,5350310.01,2021S05075350310.01,0310.01,True,3609.0,2554.0,1.41,43.6,1215.0,810.0,70.0,245.0,65.0,0.0,2.9,3525.0,270.0,7.6,3570.0,105.0,3570.0,1455.0,1200.0,940.0,260.0,1200.0,30.0,0.0,3350.0,2400.0,350.0,3350.0,1315.0,150.0,3345.0,950.0,3310.0,2960.0,355.0,3160.0,2165.0,990.0,1790.0,1050.0,2830.0,12.6,925.0,120.0,3605.0,510.0,725.0,1375.0,770.0,2920,published,2400.0,published,0.20110957004160887,0.3814147018030513,0.21359223300970873,0.5865921787709497,0.07659574468085106,0.126,0.21666666666666667,0.7833333333333333,0.8942598187311178,0.685126582278481,0.025,310.0,0.2551440329218107,0.6666666666666666,0.05761316872427984,0.3925373134328358,0.04477611940298507,0.1044776119402985,0.821917808219178,0.28400597907324365,3465.0,0.9705882352941176,0.40756302521008403,0.0,0.12972972972972974,0.14147018030513175,219.8581560283688,21.27659574468085,True
5350310.02,5350310.02,2021S05075350310.02,0310.02,True,5328.0,2532.7,2.1,41.2,1920.0,710.0,55.0,265.0,655.0,235.0,2.8,5300.0,630.0,11.9,5305.0,200.0,5305.0,2570.0,1940.0,955.0,985.0,1940.0,35.0,10.2,5475.0,3600.0,965.0,5475.0,2875.0,455.0,5480.0,2710.0,5435.0,4970.0,465.0,5210.0,3630.0,1570.0,3045.0,1380.0,4640.0,13.3,1820.0,535.0,5330.0,720.0,1205.0,2270.0,785.0,4335,published,3600.0,published,0.22607879924953095,0.425891181988743,0.1472795497185741,0.45320197044334976,0.11886792452830189,0.133,0.5077319587628866,0.49226804123711343,0.9144434222631095,0.6967370441458733,0.01804123711340206,1155.0,0.6015625,0.3697916666666667,0.028645833333333332,0.5251141552511416,0.08310502283105023,0.17625570776255708,0.8304498269896193,0.49452554744525545,5105.0,0.9622997172478793,0.48444863336475025,0.102,0.29395604395604397,0.1350844277673546,550.0,16.666666666666664,True
5350312.05,5350312.05,2021S05075350312.05,0312.05,True,3685.0,10653.4,0.35,33.2,1270.0,0.0,25.0,15.0,5.0,825.0,2.9,3680.0,885.0,24.1,3685.0,215.0,3685.0,1220.0,1270.0,240.0,1030.0,1270.0,165.0,36.2,3700.0,2090.0,695.0,3700.0,2095.0,185.0,3695.0,3530.0,3680.0,3475.0,205.0,3460.0,2715.0,740.0,1910.0,215.0,2850.0,24.7,1040.0,400.0,3680.0,770.0,910.0,1365.0,350.0,2655,published,2090.0,published,0.24728260869565216,0.37092391304347827,0.09510869565217392,0.112565445026178,0.24048913043478262,0.247,0.8110236220472441,0.1889763779527559,0.9442934782608695,0.7846820809248555,0.12992125984251968,845.0,0.6653543307086615,0.0,0.01968503937007874,0.5662162162162162,0.05,0.18783783783783783,0.7871939736346516,0.9553450608930988,3470.0,0.9416553595658074,0.3310719131614654,0.36200000000000004,0.38461538461538464,0.20923913043478262,2414.285714285714,471.42857142857144,True
5350314.01,5350314.01,2021S05075350314.01,0314.01,True,6275.0,14657.8,0.43,34.0,2270.0,0.0,125.0,0.0,85.0,2005.0,2.8,6275.0,1130.0,18.0,6280.0,350.0,6280.0,2720.0,2260.0,305.0,1960.0,2260.0,285.0,11.3,6350.0,3060.0,1965.0,6350.0,3890.0,820.0,6355.0,5815.0,6250.0,5785.0,460.0,5875.0,3460.0,2410.0,3520.0,695.0,4985.0,15.9,2310.0,600.0,6280.0,1080.0,1680.0,2345.0,630.0,4705,published,3060.0,published,0.267515923566879,0.3734076433121019,0.10031847133757962,0.19744318181818182,0.1800796812749004,0.159,0.8672566371681416,0.13495575221238937,0.9256,0.588936170212766,0.1261061946902655,2090.0,0.920704845814978,0.0,0.05506607929515418,0.6125984251968504,0.12913385826771653,0.3094488188976378,0.6503719447396387,0.9150275373721479,5930.0,0.9442675159235668,0.43312101910828027,0.113,0.2597402597402597,0.17197452229299362,4860.46511627907,662.7906976744187,True
5350314.02,5350314.02,2021S05075350314.02,0314.02,True,5130.0,4705.1,1.09,39.2,1585.0,210.0,360.0,40.0,390.0,165.0,3.2,5125.0,650.0,12.6,5125.0,385.0,5125.0,2900.0,1590.0,1115.0,470.0,1590.0,350.0,30.5,5045.0,3110.0,1170.0,5045.0,3180.0,500.0,5045.0,4060.0,4995.0,4625.0,375.0,4805.0,3300.0,1510.0,2650.0,800.0,4295.0,18.3,1705.0,400.0,5130.0,680.0,1350.0,1910.0,875.0,4195,published,3110.0,published,0.2631578947368421,0.3723196881091618,0.1705653021442495,0.3018867924528302,0.12682926829268293,0.183,0.29559748427672955,0.7012578616352201,0.9259259259259259,0.6867845993756504,0.22012578616352202,595.0,0.3753943217665615,0.13249211356466878,0.22712933753943218,0.6303270564915758,0.09910802775024777,0.2319127849355798,0.7413587604290822,0.8047571853320119,4740.0,0.9248780487804878,0.5658536585365853,0.305,0.23460410557184752,0.13255360623781676,545.8715596330275,321.1009174311926,True
5350315.03,5350315.03,2021S05075350315.03,0315.03,True,5562.0,925.5,6.01,39.6,1755.0,45.0,865.0,10.0,595.0,220.0,3.2,5560.0,725.0,13.0,5560.0,445.0,5560.0,3050.0,1825.0,1185.0,635.0,1825.0,235.0,10.2,5860.0,3560.0,1290.0,5860.0,3295.0,575.0,5860.0,4220.0,5810.0,5120.0,685.0,5600.0,3855.0,1740.0,3000.0,720.0,4905.0,17.5,1920.0,365.0,5560.0,825.0,1425.0,1970.0,1025.0,4495,published,3560.0,published,0.256294964028777,0.35431654676258995,0.1843525179856115,0.24,0.1303956834532374,0.175,0.34794520547945207,0.6493150684931507,0.8812392426850258,0.6883928571428571,0.12876712328767123,825.0,0.4700854700854701,0.02564102564102564,0.4928774928774929,0.5622866894197952,0.09812286689419795,0.22013651877133106,0.7919911012235817,0.7201365187713311,5115.0,0.9199640287769785,0.5485611510791367,0.102,0.19010416666666666,0.14838129496402877,137.2712146422629,39.10149750415974,True
5350316.03,5350316.03,2021S05075350316.03,0316.03,True,5761.0,14377.3,0.4,35.2,1935.0,5.0,10.0,0.0,20.0,1530.0,3.0,5760.0,1145.0,19.9,5760.0,450.0,5760.0,2550.0,1920.0,135.0,1780.0,1920.0,120.0,17.4,5695.0,2940.0,1615.0,5695.0,3465.0,835.0,5690.0,4935.0,5610.0,5160.0,450.0,5275.0,3690.0,1580.0,3175.0,370.0,4455.0,20.2,1815.0,585.0,5760.0,1065.0,1405.0,2290.0,565.0,4325,published,2940.0,published,0.2439236111111111,0.3975694444444444,0.09809027777777778,0.11653543307086614,0.1987847222222222,0.20199999999999999,0.9270833333333334,0.0703125,0.9197860962566845,0.6995260663507109,0.0625,1550.0,0.8010335917312662,0.002583979328165375,0.00516795865633075,0.6084284460052678,0.1466198419666374,0.2835820895522388,0.6797687861271676,0.867311072056239,5310.0,0.921875,0.4427083333333333,0.174,0.32231404958677684,0.18489583333333334,3875.0,300.0,True
5350316.04,5350316.04,2021S05075350316.04,0316.04,True,4105.0,8904.6,0.46,37.6,1645.0,0.0,0.0,0.0,10.0,1270.0,2.5,4105.0,1225.0,29.8,4105.0,275.0,4105.0,1620.0,1675.0,450.0,1220.0,1675.0,585.0,55.9,4135.0,2615.0,625.0,4135.0,2405.0,285.0,4130.0,3570.0,4095.0,3850.0,245.0,3935.0,2860.0,1075.0,2055.0,295.0,3335.0,19.8,1160.0,375.0,4105.0,745.0,965.0,1460.0,670.0,3145,published,2615.0,published,0.2350791717417783,0.3556638246041413,0.16321559074299635,0.1435523114355231,0.2984165651644336,0.198,0.7283582089552239,0.26865671641791045,0.9401709401709402,0.7268106734434562,0.3492537313432836,1280.0,0.7781155015197568,0.0,0.0,0.5816203143893591,0.06892382103990327,0.15114873035066506,0.8314785373608903,0.864406779661017,3830.0,0.9330085261875761,0.3946406820950061,0.5589999999999999,0.3232758620689655,0.1814859926918392,2782.608695652174,1271.7391304347825,True
5350317.03,5350317.03,2021S05075350317.03,0317.03,True,3531.0,2978.7,1.19,46.4,1225.0,600.0,110.0,70.0,5.0,240.0,2.9,3530.0,300.0,8.4,3535.0,160.0,3535.0,2150.0,1210.0,905.0,305.0,1210.0,190.0,8.2,3550.0,2560.0,545.0,3550.0,2190.0,215.0,3545.0,1640.0,3515.0,3215.0,305.0,3430.0,2495.0,935.0,1895.0,1140.0,3110.0,13.6,1060.0,235.0,3530.0,370.0,785.0,1385.0,785.0,3030,published,2560.0,published,0.22237960339943344,0.3923512747875354,0.22237960339943344,0.6015831134564644,0.08498583569405099,0.136,0.25206611570247933,0.7479338842975206,0.914651493598862,0.7274052478134111,0.15702479338842976,315.0,0.2571428571428571,0.4897959183673469,0.08979591836734693,0.6169014084507042,0.06056338028169014,0.15352112676056337,0.8448844884488449,0.46262341325811,3375.0,0.9547383309759547,0.6082036775106082,0.08199999999999999,0.22169811320754718,0.1048158640226629,264.7058823529412,159.6638655462185,True
5350361.01,5350361.01,2021S05075350361.01,0361.01,True,6037.0,2057.3,2.93,46.4,1970.0,1650.0,0.0,85.0,45.0,0.0,3.0,5970.0,250.0,4.2,5975.0,80.0,5975.0,1585.0,1970.0,1785.0,185.0,1970.0,80.0,18.4,5970.0,4560.0,305.0,5970.0,2030.0,130.0,5970.0,2620.0,5920.0,5505.0,415.0,5735.0,4395.0,1345.0,2935.0,1555.0,5060.0,12.0,1445.0,175.0,6035.0,895.0,1140.0,2270.0,1405.0,4905,published,4560.0,published,0.18889809444904723,0.376139188069594,0.2328086164043082,0.5298126064735945,0.04187604690117253,0.12,0.09390862944162437,0.9060913705583756,0.9298986486486487,0.7663469921534438,0.04060913705583756,130.0,0.06598984771573604,0.8375634517766497,0.0,0.34003350083752093,0.021775544388609715,0.05108877721943048,0.9296636085626911,0.4388609715242881,5895.0,0.9866108786610879,0.26527196652719665,0.184,0.12110726643598616,0.14830157415078707,44.36860068259386,27.3037542662116,True
5350361.02,5350361.02,2021S05075350361.02,0361.02,True,7416.0,3001.7,2.47,43.2,2450.0,1890.0,160.0,70.0,30.0,0.0,3.0,7410.0,300.0,4.0,7415.0,90.0,7415.0,2005.0,2450.0,2285.0,160.0,2450.0,100.0,12.5,7410.0,5635.0,345.0,7410.0,2895.0,90.0,7410.0,3880.0,7350.0,6990.0,360.0,7030.0,5545.0,1480.0,3900.0,1865.0,6180.0,11.5,2050.0,345.0,7415.0,1125.0,1415.0,3005.0,1380.0,5910,published,5635.0,published,0.19082939986513822,0.4052596089008766,0.1861092380310182,0.4782051282051282,0.04048582995951417,0.115,0.0653061224489796,0.9326530612244898,0.9510204081632653,0.7887624466571835,0.04081632653061224,100.0,0.04081632653061224,0.7714285714285715,0.0653061224489796,0.39068825910931176,0.012145748987854251,0.0465587044534413,0.9534686971235194,0.5236167341430499,7325.0,0.987862440997977,0.27039784221173296,0.125,0.16829268292682928,0.15171948752528658,40.48582995951417,40.48582995951417,True
5350362.01,5350362.01,2021S05075350362.01,0362.01,True,6291.0,2523.3,2.49,42.4,2085.0,905.0,85.0,125.0,435.0,315.0,3.0,6285.0,530.0,8.4,6285.0,105.0,6285.0,2005.0,2095.0,1385.0,710.0,2095.0,325.0,19.9,6435.0,4645.0,695.0,6435.0,3275.0,195.0,6440.0,5215.0,6385.0,5905.0,485.0,6160.0,4640.0,1525.0,3375.0,1215.0,5415.0,15.4,1900.0,330.0,6290.0,910.0,1395.0,2405.0,1265.0,5130,published,4645.0,published,0.2217806041335453,0.38235294117647056,0.20111287758346583,0.36,0.08432776451869531,0.154,0.33890214797136037,0.6610978520286396,0.9248238057948316,0.7532467532467533,0.15513126491646778,875.0,0.4196642685851319,0.434052757793765,0.0407673860911271,0.508935508935509,0.030303030303030304,0.108003108003108,0.905458089668616,0.8097826086956522,6180.0,0.9832935560859188,0.31901352426412094,0.19899999999999998,0.1736842105263158,0.14467408585055644,351.4056224899598,130.52208835341364,True
5350362.02,5350362.02,2021S05075350362.02,0362.02,True,5803.0,2990.8,1.94,43.2,1695.0,1360.0,5.0,300.0,15.0,0.0,3.4,5780.0,300.0,5.2,5795.0,130.0,5795.0,2510.0,1695.0,1450.0,250.0,1695.0,15.0,0.0,5780.0,4205.0,745.0,5780.0,3270.0,215.0,5775.0,4520.0,5740.0,5290.0,455.0,5570.0,4175.0,1395.0,3065.0,1160.0,5060.0,15.4,1895.0,300.0,5800.0,680.0,1485.0,2125.0,1195.0,4905,published,4205.0,published,0.2560344827586207,0.36637931034482757,0.20603448275862069,0.37846655791190864,0.05190311418685121,0.154,0.14749262536873156,0.855457227138643,0.921602787456446,0.7495511669658886,0.008849557522123894,315.0,0.18584070796460178,0.8023598820058997,0.0029498525073746312,0.5657439446366782,0.037197231833910036,0.12889273356401384,0.8572884811416922,0.7826839826839826,5665.0,0.9775668679896462,0.43313201035375326,0.0,0.158311345646438,0.11724137931034483,162.37113402061857,7.731958762886598,True
5350362.03,5350362.03,2021S05075350362.03,0362.03,True,6875.0,2098.8,3.28,45.6,2100.0,1815.0,5.0,260.0,15.0,0.0,3.3,6850.0,535.0,7.8,6865.0,175.0,6865.0,2975.0,2095.0,1825.0,270.0,2095.0,40.0,0.0,6850.0,5065.0,900.0,6850.0,3965.0,250.0,6850.0,5400.0,6815.0,6060.0,755.0,6640.0,4900.0,1740.0,3365.0,1385.0,6080.0,14.6,2190.0,340.0,6875.0,720.0,1760.0,2380.0,1680.0,5925,published,5065.0,published,0.256,0.3461818181818182,0.24436363636363637,0.4115898959881129,0.0781021897810219,0.146,0.1288782816229117,0.8711217183770883,0.8892149669845928,0.7379518072289156,0.01909307875894988,275.0,0.13095238095238096,0.8642857142857143,0.002380952380952381,0.5788321167883211,0.0364963503649635,0.13138686131386862,0.8548523206751055,0.7883211678832117,6690.0,0.9745083758193737,0.43335761107064824,0.0,0.1552511415525114,0.10472727272727272,83.84146341463415,12.195121951219512,True
5350376.05,5350376.05,2021S05075350376.05,0376.05,True,6299.0,4879.9,1.29,46.8,1980.0,1315.0,0.0,80.0,195.0,390.0,3.2,6290.0,910.0,14.5,6295.0,1715.0,6295.0,4825.0,1975.0,1785.0,195.0,1975.0,625.0,0.0,6290.0,3965.0,1450.0,6290.0,4250.0,285.0,6290.0,5970.0,6240.0,5680.0,565.0,6055.0,4430.0,1615.0,3305.0,1100.0,5460.0,22.9,1535.0,175.0,6295.0,765.0,1230.0,2435.0,1540.0,5305,published,3965.0,published,0.1953931691818904,0.3868149324861001,0.24463860206513105,0.3328290468986384,0.14467408585055644,0.22899999999999998,0.09873417721518987,0.9037974683544304,0.9102564102564102,0.731626754748142,0.31645569620253167,665.0,0.33585858585858586,0.6641414141414141,0.0,0.6756756756756757,0.04531001589825119,0.23052464228934816,0.7474081055607917,0.9491255961844197,4580.0,0.727561556791104,0.7664813343923749,0.0,0.11400651465798045,0.12152501985702939,515.5038759689922,484.49612403100775,True
5350376.06,5350376.06,2021S05075350376.06,0376.06,True,428.0,195.3,2.19,85.0,225.0,0.0,0.0,0.0,0.0,215.0,1.4,310.0,140.0,45.0,310.0,135.0,310.0,290.0,210.0,170.0,35.0,210.0,205.0,0.0,275.0,245.0,35.0,275.0,260.0,0.0,280.0,270.0,280.0,250.0,30.0,280.0,170.0,110.0,40.0,10.0,280.0,0.0,0.0,0.0,430.0,0.0,0.0,25.0,395.0,430,published,245.0,published,0.0,0.05813953488372093,0.9186046511627907,0.25,0.45161290322580644,0.0,0.16666666666666666,0.8095238095238095,0.8928571428571429,0.6071428571428571,0.9761904761904762,215.0,0.9555555555555556,0.0,0.0,0.9454545454545454,0.0,0.12727272727272726,0.5697674418604651,0.9642857142857143,175.0,0.5645161290322581,0.9354838709677419,0.0,,0.0,98.17351598173516,93.60730593607306,True
5350376.04,5350376.04,2021S05075350376.04,0376.04,True,5296.0,4435.1,1.19,50.8,1925.0,690.0,20.0,60.0,15.0,945.0,2.7,5130.0,750.0,14.6,5190.0,780.0,5190.0,3500.0,1945.0,1315.0,625.0,1945.0,655.0,8.7,5250.0,3475.0,1155.0,5250.0,3685.0,485.0,5250.0,4680.0,5225.0,4670.0,555.0,5080.0,3340.0,1745.0,2515.0,1050.0,4625.0,14.7,1400.0,270.0,5300.0,620.0,1015.0,1765.0,1640.0,4525,published,3475.0,published,0.19150943396226416,0.3330188679245283,0.30943396226415093,0.41749502982107356,0.14619883040935672,0.147,0.3213367609254499,0.6760925449871465,0.8937799043062201,0.65748031496063,0.33676092544987146,1020.0,0.5298701298701298,0.35844155844155845,0.01038961038961039,0.7019047619047619,0.09238095238095238,0.22,0.7679558011049724,0.8914285714285715,4410.0,0.8497109826589595,0.674373795761079,0.087,0.19285714285714287,0.1169811320754717,857.1428571428572,550.4201680672269,True
5350377.04,5350377.04,2021S05075350377.04,0377.04,True,5466.0,6188.2,0.88,46.0,1655.0,505.0,415.0,145.0,210.0,0.0,3.3,5460.0,605.0,11.0,5465.0,1340.0,5465.0,3840.0,1665.0,1470.0,200.0,1665.0,155.0,0.0,5510.0,3580.0,1200.0,5510.0,3785.0,405.0,5510.0,5140.0,5490.0,5080.0,410.0,5330.0,3920.0,1410.0,3120.0,840.0,4780.0,18.8,1660.0,235.0,5470.0,655.0,1265.0,2165.0,1130.0,4645,published,3580.0,published,0.2312614259597806,0.39579524680073125,0.20658135283363802,0.2692307692307692,0.1108058608058608,0.188,0.12012012012012012,0.8828828828828829,0.9253187613843351,0.7354596622889306,0.09309309309309309,355.0,0.21450151057401812,0.30513595166163143,0.25075528700906347,0.6869328493647913,0.073502722323049,0.2177858439201452,0.7707212055974165,0.9328493647912885,4125.0,0.7548032936870998,0.7026532479414456,0.0,0.14156626506024098,0.11974405850091407,403.40909090909093,176.13636363636363,True
5350401.04,5350401.04,2021S05075350401.04,0401.04,False,3065.0,4141.9,0.74,47.6,965.0,640.0,185.0,110.0,25.0,5.0,3.2,3065.0,285.0,9.2,3065.0,615.0,3065.0,2080.0,970.0,870.0,105.0,970.0,25.0,0.0,3190.0,2150.0,600.0,3190.0,2175.0,200.0,3195.0,2800.0,3170.0,3040.0,135.0,3045.0,2405.0,640.0,1695.0,545.0,2815.0,18.0,880.0,80.0,3065.0,310.0,640.0,1135.0,795.0,2635,published,2150.0,published,0.20880913539967375,0.3703099510603589,0.25938009787928223,0.3215339233038348,0.0929853181076672,0.18,0.10824742268041238,0.8969072164948454,0.9589905362776026,0.7898193760262726,0.02577319587628866,140.0,0.14507772020725387,0.6632124352331606,0.19170984455958548,0.6818181818181818,0.06269592476489028,0.18808777429467086,0.8159392789373814,0.8763693270735524,2450.0,0.799347471451876,0.6786296900489397,0.0,0.09090909090909091,0.10114192495921696,189.1891891891892,33.78378378378378,False
5350401.05,5350401.05,2021S05075350401.05,0401.05,False,3245.0,397.3,8.17,37.6,1720.0,5.0,0.0,5.0,0.0,1700.0,1.9,3240.0,925.0,28.7,3245.0,410.0,3245.0,2360.0,1720.0,1000.0,720.0,1720.0,1705.0,0.0,3330.0,1960.0,1065.0,3330.0,2195.0,380.0,3330.0,3075.0,3295.0,2560.0,730.0,3175.0,865.0,2310.0,2020.0,1135.0,2955.0,13.4,990.0,60.0,3240.0,300.0,1010.0,1160.0,585.0,2800,published,1960.0,published,0.3117283950617284,0.35802469135802467,0.18055555555555555,0.5618811881188119,0.2854938271604938,0.134,0.4186046511627907,0.5813953488372093,0.7769347496206374,0.27244094488188975,0.9912790697674418,1705.0,0.9912790697674418,0.0029069767441860465,0.0,0.6591591591591591,0.11411411411411411,0.31981981981981983,0.7,0.9234234234234234,2835.0,0.8736517719568567,0.7272727272727273,0.0,0.06060606060606061,0.09259259259259259,208.69033047735618,208.69033047735618,False
5350410.02,5350410.02,2021S05075350410.02,0410.02,False,4193.0,5279.5,0.79,49.2,1400.0,980.0,0.0,80.0,5.0,170.0,3.0,4190.0,250.0,6.0,4195.0,180.0,4195.0,2445.0,1420.0,1345.0,75.0,1420.0,340.0,0.0,4250.0,3215.0,455.0,4250.0,2815.0,240.0,4250.0,2640.0,4225.0,3935.0,290.0,4120.0,3135.0,980.0,2255.0,1070.0,3760.0,12.6,1395.0,325.0,4195.0,450.0,795.0,1685.0,1035.0,3620,published,3215.0,published,0.18951132300357568,0.40166865315852207,0.2467222884386174,0.4745011086474501,0.059665871121718374,0.126,0.0528169014084507,0.9471830985915493,0.9313609467455621,0.7609223300970874,0.23943661971830985,255.0,0.18214285714285713,0.7,0.0,0.6623529411764706,0.05647058823529412,0.10705882352941176,0.888121546961326,0.6211764705882353,4015.0,0.9570917759237187,0.5828367103694875,0.0,0.23297491039426524,0.10727056019070322,322.7848101265823,430.37974683544303,False
5350411.01,5350411.01,2021S05075350411.01,0411.01,False,5327.0,2870.8,1.86,47.6,1855.0,1110.0,0.0,235.0,15.0,495.0,2.8,5180.0,330.0,6.3,5320.0,260.0,5320.0,2965.0,1850.0,1555.0,300.0,1850.0,515.0,0.0,5170.0,3900.0,625.0,5170.0,3160.0,315.0,5170.0,3100.0,5125.0,4690.0,435.0,4955.0,3535.0,1425.0,2905.0,1290.0,4560.0,13.3,1705.0,225.0,5325.0,570.0,1075.0,2095.0,1330.0,4555,published,3900.0,published,0.20187793427230047,0.39342723004694835,0.24976525821596243,0.4440619621342513,0.0637065637065637,0.133,0.16216216216216217,0.8405405405405405,0.9151219512195122,0.7134207870837538,0.27837837837837837,745.0,0.40161725067385445,0.5983827493261455,0.0,0.6112185686653772,0.0609284332688588,0.12088974854932302,0.8562019758507134,0.5996131528046421,5060.0,0.9511278195488722,0.5573308270676691,0.0,0.13196480938416422,0.10704225352112676,400.5376344086021,276.8817204301075,False
5350412.04,5350412.04,2021S05075350412.04,0412.04,False,4282.0,611.0,7.01,51.6,1400.0,1255.0,0.0,45.0,0.0,0.0,3.1,4280.0,155.0,3.6,4285.0,250.0,4285.0,2215.0,1420.0,1310.0,110.0,1420.0,80.0,0.0,4345.0,3450.0,260.0,4345.0,2015.0,95.0,4350.0,1065.0,4330.0,4155.0,170.0,4190.0,3430.0,765.0,2205.0,675.0,3830.0,9.4,1500.0,75.0,4285.0,485.0,775.0,1585.0,1230.0,3675,published,3450.0,published,0.1808634772462077,0.36989498249708286,0.2870478413068845,0.30612244897959184,0.036214953271028034,0.094,0.07746478873239436,0.9225352112676056,0.9595842956120092,0.8186157517899761,0.056338028169014086,45.0,0.03214285714285714,0.8964285714285715,0.0,0.46375143843498273,0.02186421173762946,0.05983889528193326,0.9387755102040817,0.24482758620689654,4035.0,0.941656942823804,0.5169194865810969,0.0,0.05,0.11318553092182031,6.419400855920114,11.412268188302425,False
5350527.04,5350527.04,2021S05075350527.04,0527.04,False,5615.0,3371.0,1.67,45.6,2100.0,845.0,0.0,40.0,0.0,495.0,2.7,5615.0,305.0,5.5,5615.0,110.0,5615.0,2390.0,2080.0,1530.0,550.0,2080.0,740.0,0.0,5535.0,4220.0,430.0,5535.0,2430.0,220.0,5530.0,1500.0,5475.0,5125.0,350.0,5315.0,3850.0,1465.0,3005.0,1385.0,4775.0,11.3,1655.0,130.0,5615.0,745.0,1075.0,2310.0,1170.0,4630,published,4220.0,published,0.19145146927871773,0.41139804096170973,0.20837043633125557,0.46089850249584025,0.05431878895814782,0.113,0.2644230769230769,0.7355769230769231,0.9360730593607306,0.7243650047036688,0.3557692307692308,535.0,0.25476190476190474,0.4023809523809524,0.0,0.43902439024390244,0.03974706413730804,0.07768744354110207,0.9114470842332614,0.27124773960216997,5505.0,0.9804096170970614,0.42564559216384684,0.0,0.07854984894259819,0.13268032056990206,320.3592814371258,443.1137724550898,False
5350378.06,5350378.06,2021S05075350378.06,0378.06,True,5763.0,3234.2,1.78,38.8,1640.0,365.0,315.0,275.0,30.0,285.0,3.5,5745.0,485.0,8.5,5760.0,285.0,5760.0,2735.0,1640.0,1275.0,370.0,1640.0,435.0,13.5,5745.0,3860.0,890.0,5745.0,3575.0,355.0,5745.0,5300.0,5690.0,5080.0,610.0,5525.0,3860.0,1660.0,3160.0,930.0,4890.0,17.4,2010.0,485.0,5765.0,860.0,1565.0,2205.0,850.0,4680,published,3860.0,published,0.27146574154379877,0.38248048568950566,0.1474414570685169,0.29430379746835444,0.08442123585726719,0.174,0.22560975609756098,0.7774390243902439,0.8927943760984183,0.6986425339366515,0.2652439024390244,590.0,0.3597560975609756,0.2225609756097561,0.19207317073170732,0.6222802436901653,0.06179286335944299,0.15491731940818101,0.8247863247863247,0.9225413402959095,5475.0,0.9505208333333334,0.4748263888888889,0.135,0.24129353233830847,0.1491760624457936,331.46067415730334,244.38202247191012,True
5350378.08,5350378.08,2021S05075350378.08,0378.08,True,6275.0,7084.8,0.89,44.4,2045.0,935.0,75.0,145.0,95.0,595.0,3.1,6265.0,725.0,11.6,6270.0,1035.0,6270.0,3875.0,2030.0,1455.0,570.0,2030.0,415.0,21.1,6190.0,4130.0,1170.0,6190.0,4085.0,340.0,6195.0,5775.0,6155.0,5415.0,735.0,5965.0,4215.0,1740.0,3315.0,965.0,5365.0,16.6,1915.0,365.0,6275.0,715.0,1470.0,2315.0,1390.0,5285,published,4130.0,published,0.2342629482071713,0.36892430278884464,0.22151394422310758,0.2911010558069382,0.11572226656025539,0.166,0.28078817733990147,0.7167487684729064,0.8797725426482534,0.7066219614417435,0.2044334975369458,835.0,0.4083129584352078,0.4572127139364303,0.03667481662591687,0.659935379644588,0.05492730210016155,0.1890145395799677,0.7814569536423841,0.9322033898305084,5235.0,0.8349282296650717,0.6180223285486444,0.21100000000000002,0.1906005221932115,0.11394422310756971,938.2022471910112,466.29213483146066,True
5350378.07,5350378.07,2021S05075350378.07,0378.07,True,6694.0,2386.7,2.8,46.4,2200.0,650.0,140.0,160.0,300.0,815.0,2.9,6445.0,735.0,11.4,6690.0,895.0,6690.0,3780.0,2190.0,1570.0,625.0,2190.0,845.0,12.1,6340.0,4350.0,1125.0,6340.0,4170.0,460.0,6345.0,5690.0,6290.0,5885.0,405.0,6095.0,4300.0,1790.0,3565.0,1235.0,5510.0,14.9,1940.0,455.0,6690.0,765.0,1540.0,2515.0,1530.0,5675,published,4350.0,published,0.23019431988041852,0.3759342301943199,0.22869955156950672,0.34642356241234223,0.11404189294026378,0.149,0.2853881278538813,0.7168949771689498,0.9356120826709062,0.7054963084495488,0.3858447488584475,1275.0,0.5795454545454546,0.29545454545454547,0.06363636363636363,0.6577287066246057,0.07255520504731862,0.1774447949526814,0.7665198237885462,0.8967691095350669,5795.0,0.8662182361733931,0.5650224215246636,0.121,0.2345360824742268,0.11434977578475336,455.3571428571429,301.7857142857143,True
5350378.04,5350378.04,2021S05075350378.04,0378.04,True,5958.0,4657.2,1.28,36.4,1735.0,520.0,125.0,180.0,155.0,335.0,3.4,5945.0,645.0,10.8,5960.0,290.0,5960.0,3040.0,1735.0,1210.0,520.0,1735.0,475.0,9.5,6015.0,3890.0,930.0,6015.0,3530.0,415.0,6020.0,5505.0,5960.0,5325.0,640.0,5690.0,3960.0,1725.0,3165.0,1095.0,4975.0,17.1,1870.0,400.0,5955.0,975.0,1540.0,2130.0,900.0,4645,published,3890.0,published,0.2586062132661629,0.35768261964735515,0.15113350125944586,0.3459715639810427,0.10849453322119428,0.171,0.29971181556195964,0.6974063400576369,0.8934563758389261,0.6959578207381371,0.2737752161383285,670.0,0.3861671469740634,0.29971181556195964,0.07204610951008646,0.5868661679135495,0.06899418121363259,0.1546134663341646,0.83745963401507,0.9144518272425249,5670.0,0.9513422818791947,0.5100671140939598,0.095,0.21390374331550802,0.163727959697733,523.4375,371.09375,True
5350378.05,5350378.05,2021S05075350378.05,0378.05,True,3905.0,5367.0,0.73,39.6,1195.0,445.0,80.0,130.0,5.0,80.0,3.3,3905.0,330.0,8.4,3905.0,105.0,3905.0,1310.0,1185.0,745.0,435.0,1185.0,100.0,35.2,3765.0,2665.0,455.0,3765.0,2250.0,180.0,3765.0,3120.0,3730.0,3595.0,135.0,3615.0,2955.0,665.0,2020.0,530.0,3215.0,17.8,1235.0,295.0,3905.0,585.0,950.0,1460.0,670.0,3150,published,2665.0,published,0.24327784891165172,0.3738796414852753,0.17157490396927016,0.2623762376237624,0.08450704225352113,0.17800000000000002,0.3670886075949367,0.6286919831223629,0.9638069705093834,0.8174273858921162,0.08438818565400844,215.0,0.1799163179916318,0.3723849372384937,0.06694560669456066,0.5976095617529881,0.04780876494023904,0.12084993359893759,0.846031746031746,0.8286852589641435,3800.0,0.9731113956466069,0.3354673495518566,0.35200000000000004,0.2388663967611336,0.14980793854033292,294.52054794520546,136.986301369863,True
5350362.04,5350362.04,2021S05075350362.04,0362.04,True,5240.0,3889.0,1.35,46.0,1840.0,555.0,190.0,125.0,80.0,765.0,2.8,5075.0,390.0,7.7,5085.0,90.0,5085.0,1495.0,1830.0,1310.0,520.0,1830.0,535.0,0.0,4925.0,3715.0,590.0,4925.0,2660.0,220.0,4925.0,3890.0,4880.0,4550.0,335.0,4765.0,3670.0,1095.0,2590.0,760.0,4400.0,16.5,1645.0,395.0,5240.0,575.0,1205.0,1835.0,1365.0,4475,published,3715.0,published,0.2299618320610687,0.3501908396946565,0.26049618320610685,0.29343629343629346,0.07684729064039408,0.165,0.28415300546448086,0.7158469945355191,0.9323770491803278,0.770199370409234,0.2923497267759563,970.0,0.5271739130434783,0.3016304347826087,0.10326086956521739,0.5401015228426396,0.04467005076142132,0.11979695431472082,0.8301675977653631,0.7898477157360406,4995.0,0.9823008849557522,0.29400196656833827,0.0,0.24012158054711247,0.10973282442748092,718.5185185185185,396.29629629629625,True
5350376.08,5350376.08,2021S05075350376.08,0376.08,True,6056.0,6891.2,0.88,47.6,2160.0,285.0,140.0,30.0,80.0,1160.0,2.8,6055.0,785.0,13.0,6055.0,785.0,6055.0,3805.0,2125.0,1835.0,290.0,2125.0,1510.0,0.0,5980.0,3970.0,1210.0,5980.0,3920.0,445.0,5975.0,5045.0,5945.0,5265.0,675.0,5785.0,3960.0,1825.0,3025.0,1130.0,5275.0,17.9,1660.0,385.0,6055.0,670.0,1355.0,2170.0,1575.0,5175,published,3970.0,published,0.22378199834847234,0.3583815028901734,0.26011560693641617,0.37355371900826445,0.129644921552436,0.179,0.13647058823529412,0.8635294117647059,0.8856181665264928,0.6845289541918755,0.7105882352941176,1270.0,0.5879629629629629,0.13194444444444445,0.06481481481481481,0.6555183946488294,0.07441471571906355,0.20234113712374582,0.7671497584541063,0.8443514644351464,5270.0,0.870355078447564,0.6284062758051198,0.0,0.2319277108433735,0.1106523534269199,1443.1818181818182,1715.909090909091,True
5350376.09,5350376.09,2021S05075350376.09,0376.09,True,4250.0,5305.9,0.8,51.2,1585.0,510.0,60.0,65.0,45.0,835.0,2.7,4245.0,710.0,16.7,4250.0,910.0,4250.0,3195.0,1570.0,1305.0,260.0,1570.0,840.0,0.0,4130.0,2745.0,975.0,4130.0,2940.0,285.0,4125.0,3675.0,4105.0,3640.0,465.0,4005.0,2695.0,1310.0,2170.0,855.0,3675.0,18.6,1030.0,115.0,4250.0,420.0,755.0,1620.0,1245.0,3700,published,2745.0,published,0.1776470588235294,0.3811764705882353,0.29294117647058826,0.39400921658986177,0.16725559481743227,0.18600000000000003,0.16560509554140126,0.8312101910828026,0.8867235079171741,0.6729088639200999,0.535031847133758,945.0,0.5962145110410094,0.3217665615141956,0.03785488958990536,0.711864406779661,0.06900726392251816,0.2360774818401937,0.7418918918918919,0.8909090909090909,3340.0,0.7858823529411765,0.7517647058823529,0.0,0.11165048543689321,0.0988235294117647,1181.25,1050.0,True
5350249.03,5350249.03,2021S05075350249.03,0249.03,True,5569.0,1878.3,2.96,37.2,1595.0,660.0,45.0,415.0,70.0,0.0,3.5,5560.0,405.0,7.3,5560.0,280.0,5560.0,2585.0,1590.0,1010.0,580.0,1590.0,220.0,11.2,5560.0,3535.0,1130.0,5560.0,3275.0,325.0,5560.0,4900.0,5530.0,5035.0,490.0,5340.0,3940.0,1395.0,3030.0,860.0,4825.0,15.6,2140.0,505.0,5565.0,725.0,1710.0,2030.0,840.0,4615,published,3535.0,published,0.30727762803234504,0.36477987421383645,0.1509433962264151,0.2838283828382838,0.07284172661870504,0.156,0.36477987421383645,0.6352201257861635,0.9104882459312839,0.7378277153558053,0.13836477987421383,485.0,0.30407523510971785,0.41379310344827586,0.02821316614420063,0.5890287769784173,0.05845323741007194,0.20323741007194246,0.7659804983748646,0.8812949640287769,5280.0,0.9496402877697842,0.46492805755395683,0.11199999999999999,0.23598130841121495,0.1302785265049416,163.85135135135135,74.32432432432432,True
5350248.03,5350248.03,2021S05075350248.03,0248.03,True,2651.0,710.2,3.73,38.8,765.0,270.0,30.0,150.0,50.0,0.0,3.4,2630.0,160.0,6.2,2645.0,95.0,2645.0,1235.0,785.0,635.0,150.0,785.0,245.0,0.0,2780.0,1700.0,760.0,2780.0,1670.0,235.0,2785.0,2550.0,2775.0,2470.0,310.0,2705.0,1855.0,845.0,1545.0,495.0,2510.0,16.4,1190.0,295.0,2655.0,315.0,810.0,1025.0,400.0,2255,published,1700.0,published,0.3050847457627119,0.3860640301318267,0.15065913370998116,0.32038834951456313,0.060836501901140684,0.16399999999999998,0.1910828025477707,0.8089171974522293,0.8900900900900901,0.6857670979667283,0.31210191082802546,200.0,0.26143790849673204,0.35294117647058826,0.0392156862745098,0.6007194244604317,0.08453237410071943,0.2733812949640288,0.753880266075388,0.9156193895870736,2550.0,0.9640831758034026,0.4669187145557656,0.0,0.24789915966386555,0.11864406779661017,53.61930294906166,65.68364611260054,True
5350401.13,5350401.13,2021S05075350401.13,0401.13,False,6839.0,6902.5,0.99,49.6,2375.0,1245.0,0.0,455.0,10.0,620.0,2.9,6835.0,1160.0,17.0,6840.0,2015.0,6840.0,5055.0,2410.0,2035.0,375.0,2410.0,780.0,0.0,7135.0,4755.0,1365.0,7135.0,5040.0,445.0,7130.0,6775.0,7090.0,6725.0,370.0,6850.0,4555.0,2295.0,3545.0,840.0,6210.0,19.1,1820.0,155.0,6840.0,700.0,1400.0,2350.0,2025.0,5860,published,4755.0,published,0.2046783625730994,0.3435672514619883,0.29605263157894735,0.23695345557122707,0.16971470373079736,0.191,0.15560165975103735,0.8443983402489627,0.9485190409026798,0.6649635036496351,0.3236514522821577,1085.0,0.4568421052631579,0.5242105263157895,0.0,0.7063770147161879,0.06236860546601261,0.1913104414856342,0.8114334470989761,0.9502103786816269,4825.0,0.7054093567251462,0.7390350877192983,0.0,0.08516483516483517,0.1023391812865497,1095.959595959596,787.8787878787879,False
5350167.01,5350167.01,2021S05075350167.01,0167.01,True,2446.0,18240.1,0.13,52.8,1540.0,0.0,0.0,0.0,235.0,1305.0,1.5,2330.0,335.0,14.5,2330.0,15.0,2330.0,575.0,1570.0,315.0,1255.0,1570.0,345.0,12.4,2345.0,1950.0,265.0,2345.0,785.0,145.0,2350.0,485.0,2330.0,2075.0,255.0,2295.0,1185.0,1115.0,1205.0,860.0,2230.0,9.2,515.0,205.0,2445.0,95.0,605.0,720.0,940.0,2300,published,1950.0,published,0.2474437627811861,0.294478527607362,0.38445807770961143,0.7136929460580913,0.14377682403433475,0.092,0.7993630573248408,0.20063694267515925,0.8905579399141631,0.5163398692810458,0.2197452229299363,1540.0,1.0,0.0,0.0,0.3347547974413646,0.06183368869936034,0.11300639658848614,0.8478260869565217,0.20638297872340425,2315.0,0.9935622317596566,0.24678111587982832,0.124,0.39805825242718446,0.03885480572597137,11846.153846153846,2653.846153846154,True
5350167.02,5350167.02,2021S05075350167.02,0167.02,True,5745.0,9552.7,0.6,38.0,2875.0,410.0,50.0,30.0,1175.0,1210.0,2.0,5670.0,760.0,13.4,5685.0,85.0,5685.0,1800.0,2845.0,525.0,2315.0,2845.0,165.0,7.5,5460.0,3920.0,835.0,5460.0,2150.0,335.0,5455.0,2325.0,5420.0,4720.0,700.0,5230.0,3295.0,1940.0,3500.0,1915.0,4800.0,13.3,1590.0,745.0,5745.0,550.0,1755.0,2320.0,845.0,4955,published,3920.0,published,0.30548302872062666,0.40382941688424717,0.14708442123585727,0.5471428571428572,0.13403880070546736,0.133,0.8137082601054482,0.18453427065026362,0.8708487084870848,0.630019120458891,0.05799648506151142,2415.0,0.84,0.1426086956521739,0.017391304347826087,0.39377289377289376,0.06135531135531135,0.15293040293040294,0.7911200807265388,0.42621448212648944,5600.0,0.9850483729111698,0.316622691292876,0.075,0.46855345911949686,0.09573542210617929,4025.0,275.0,True
5350378.11,5350378.11,2021S05075350378.11,0378.11,True,5633.0,5872.0,0.96,37.6,1735.0,335.0,205.0,90.0,100.0,325.0,3.3,5630.0,585.0,10.4,5635.0,265.0,5635.0,2705.0,1735.0,1280.0,455.0,1735.0,700.0,10.0,5560.0,3585.0,970.0,5560.0,3360.0,325.0,5555.0,5120.0,5525.0,5050.0,475.0,5285.0,3700.0,1585.0,3065.0,1095.0,4620.0,17.7,1940.0,535.0,5635.0,860.0,1505.0,2115.0,810.0,4515,published,3585.0,published,0.2670807453416149,0.37533274179236914,0.14374445430346053,0.3572593800978793,0.10390763765541741,0.177,0.2622478386167147,0.7377521613832853,0.9140271493212669,0.7000946073793756,0.4034582132564842,515.0,0.2968299711815562,0.1930835734870317,0.11815561959654179,0.60431654676259,0.05845323741007194,0.17446043165467626,0.7940199335548173,0.9216921692169217,5370.0,0.9529724933451642,0.4800354924578527,0.1,0.2757731958762887,0.1526175687666371,536.4583333333334,729.1666666666667,True
5350378.12,5350378.12,2021S05075350378.12,0378.12,True,5300.0,6761.1,0.78,38.8,1880.0,240.0,105.0,100.0,215.0,810.0,2.8,5300.0,865.0,16.3,5305.0,210.0,5305.0,2010.0,1890.0,985.0,905.0,1890.0,525.0,37.6,5435.0,3480.0,1005.0,5435.0,3250.0,450.0,5435.0,4715.0,5410.0,4935.0,480.0,5155.0,3455.0,1705.0,2720.0,865.0,4470.0,16.6,1690.0,475.0,5300.0,810.0,1335.0,1785.0,1010.0,4235,published,3480.0,published,0.2518867924528302,0.33679245283018866,0.19056603773584907,0.3180147058823529,0.1632075471698113,0.166,0.47883597883597884,0.5211640211640212,0.9121996303142329,0.6702230843840931,0.2777777777777778,1125.0,0.598404255319149,0.1276595744680851,0.05585106382978723,0.5979760809567617,0.0827966881324747,0.18491260349586017,0.8217237308146399,0.8675252989880404,5095.0,0.9604147031102733,0.37888784165881245,0.376,0.28106508875739644,0.15283018867924528,1442.3076923076922,673.0769230769231,True
5350378.14,5350378.14,2021S05075350378.14,0378.14,True,3707.0,3989.9,0.93,40.8,1140.0,275.0,0.0,35.0,10.0,450.0,3.3,3705.0,450.0,12.2,3705.0,535.0,3705.0,2270.0,1130.0,625.0,505.0,1130.0,260.0,3.0,3605.0,2175.0,825.0,3605.0,2355.0,265.0,3610.0,3310.0,3595.0,3330.0,260.0,3445.0,2275.0,1165.0,1830.0,645.0,3095.0,14.6,1090.0,245.0,3705.0,535.0,880.0,1385.0,670.0,3005,published,2175.0,published,0.23751686909581646,0.3738191632928475,0.18083670715249664,0.3524590163934426,0.1214574898785425,0.146,0.4469026548672566,0.5530973451327433,0.9262865090403338,0.660377358490566,0.23008849557522124,495.0,0.4342105263157895,0.2412280701754386,0.0,0.6532593619972261,0.07350901525658807,0.2288488210818308,0.7237936772046589,0.9168975069252078,3170.0,0.8556005398110661,0.6126855600539811,0.03,0.22477064220183487,0.14439946018893388,532.258064516129,279.5698924731183,True
5350062.01,5350062.01,2021S05075350062.01,0062.01,True,4843.0,45346.4,0.11,32.0,2620.0,0.0,0.0,0.0,115.0,2480.0,1.5,3990.0,875.0,22.0,4845.0,50.0,4845.0,1700.0,2645.0,565.0,2080.0,2645.0,1355.0,1.2,4075.0,2835.0,1075.0,4075.0,1675.0,350.0,4075.0,2135.0,4055.0,2770.0,1285.0,3995.0,1565.0,2430.0,2335.0,1800.0,3880.0,14.6,850.0,220.0,4840.0,255.0,2360.0,1245.0,875.0,4500,published,2835.0,published,0.48760330578512395,0.2572314049586777,0.18078512396694216,0.7708779443254818,0.21929824561403508,0.146,0.7863894139886578,0.21361058601134217,0.6831072749691739,0.39173967459324155,0.5122873345935728,2595.0,0.9904580152671756,0.0,0.0,0.4110429447852761,0.08588957055214724,0.26380368098159507,0.63,0.5239263803680981,4795.0,0.9896800825593395,0.3508771929824561,0.012,0.25882352941176473,0.05268595041322314,23590.909090909092,12318.181818181818,True
5350377.06,5350377.06,2021S05075350377.06,0377.06,True,3408.0,6660.2,0.51,44.4,960.0,680.0,35.0,85.0,10.0,0.0,3.6,3410.0,470.0,13.8,3405.0,1120.0,3405.0,2620.0,945.0,840.0,105.0,945.0,80.0,0.0,3325.0,2000.0,890.0,3325.0,2270.0,180.0,3320.0,3240.0,3305.0,3030.0,275.0,3195.0,2410.0,785.0,1925.0,470.0,2925.0,22.1,935.0,95.0,3410.0,400.0,785.0,1340.0,685.0,2880,published,2000.0,published,0.23020527859237536,0.39296187683284456,0.20087976539589442,0.24415584415584415,0.1378299120234604,0.221,0.1111111111111111,0.8888888888888888,0.9167927382753404,0.7543035993740219,0.08465608465608465,95.0,0.09895833333333333,0.7083333333333334,0.036458333333333336,0.6827067669172933,0.05413533834586466,0.26766917293233083,0.6944444444444444,0.9759036144578314,2285.0,0.671071953010279,0.7694566813509545,0.0,0.10160427807486631,0.11730205278592376,186.27450980392157,156.86274509803923,True
5350377.07,5350377.07,2021S05075350377.07,0377.07,True,4556.0,5958.7,0.76,47.6,1275.0,705.0,230.0,130.0,50.0,0.0,3.3,4235.0,560.0,13.2,4415.0,1110.0,4415.0,3080.0,1300.0,1125.0,170.0,1300.0,30.0,20.6,4350.0,2570.0,1125.0,4350.0,2825.0,255.0,4350.0,4045.0,4330.0,3865.0,465.0,4185.0,2910.0,1280.0,2365.0,660.0,3700.0,19.5,1155.0,170.0,4555.0,530.0,935.0,1690.0,1150.0,3860,published,2570.0,published,0.2052689352360044,0.37102085620197583,0.2524698133918771,0.27906976744186046,0.1322314049586777,0.195,0.13076923076923078,0.8653846153846154,0.8926096997690531,0.6953405017921147,0.023076923076923078,180.0,0.1411764705882353,0.5529411764705883,0.1803921568627451,0.6494252873563219,0.05862068965517241,0.25862068965517243,0.6658031088082902,0.9298850574712644,3305.0,0.7485843714609286,0.6976217440543602,0.20600000000000002,0.1471861471861472,0.1163556531284303,236.8421052631579,39.473684210526315,True
5350047.02,5350047.02,2021S05075350047.02,0047.02,True,3511.0,12233.4,0.29,41.2,1775.0,55.0,100.0,65.0,615.0,905.0,2.0,3500.0,840.0,24.0,3510.0,245.0,3510.0,1310.0,1765.0,430.0,1335.0,1765.0,130.0,32.2,3470.0,2595.0,435.0,3470.0,1605.0,220.0,3475.0,1765.0,3435.0,3000.0,435.0,3370.0,2200.0,1165.0,2120.0,815.0,3065.0,16.8,950.0,340.0,3510.0,385.0,860.0,1425.0,685.0,3000,published,2595.0,published,0.245014245014245,0.405982905982906,0.19515669515669515,0.38443396226415094,0.24,0.168,0.7563739376770539,0.24362606232294617,0.8733624454148472,0.6528189910979229,0.07365439093484419,1585.0,0.8929577464788733,0.030985915492957747,0.056338028169014086,0.46253602305475505,0.06340057636887608,0.12536023054755044,0.865,0.5079136690647482,3265.0,0.9301994301994302,0.3732193732193732,0.322,0.35789473684210527,0.10968660968660969,5465.517241379311,448.2758620689655,True
5350102.02,5350102.02,2021S05075350102.02,0102.02,True,4561.0,39420.9,0.12,38.0,2690.0,0.0,0.0,0.0,155.0,2510.0,1.7,4505.0,765.0,17.0,4505.0,75.0,4505.0,1730.0,2650.0,125.0,2530.0,2650.0,185.0,16.0,4430.0,3285.0,750.0,4430.0,1870.0,330.0,4430.0,1620.0,4375.0,3365.0,1010.0,4265.0,2145.0,2120.0,3115.0,1845.0,4080.0,15.8,1290.0,590.0,4560.0,300.0,1470.0,1870.0,695.0,4105,published,3285.0,published,0.3223684210526316,0.4100877192982456,0.1524122807017544,0.5922953451043339,0.16981132075471697,0.158,0.9547169811320755,0.04716981132075472,0.7691428571428571,0.5029308323563892,0.06981132075471698,2665.0,0.9907063197026023,0.0,0.0,0.4221218961625282,0.0744920993227991,0.16930022573363432,0.8002436053593179,0.3656884875846501,4430.0,0.9833518312985572,0.38401775804661487,0.16,0.4573643410852713,0.06578947368421052,22208.333333333336,1541.6666666666667,True
5350102.03,5350102.03,2021S05075350102.03,0102.03,True,3576.0,27318.6,0.13,38.0,2035.0,30.0,10.0,10.0,50.0,1920.0,1.8,3570.0,535.0,14.9,3580.0,50.0,3580.0,1515.0,2065.0,245.0,1820.0,2065.0,375.0,1.9,3635.0,2565.0,675.0,3635.0,1640.0,345.0,3635.0,1055.0,3585.0,2865.0,715.0,3480.0,1800.0,1680.0,2530.0,1665.0,3225.0,12.5,1090.0,445.0,3575.0,290.0,1075.0,1590.0,455.0,3165,published,2565.0,published,0.3006993006993007,0.44475524475524475,0.12727272727272726,0.658102766798419,0.14985994397759103,0.125,0.8813559322033898,0.11864406779661017,0.799163179916318,0.5172413793103449,0.18159806295399517,1980.0,0.972972972972973,0.014742014742014743,0.004914004914004914,0.4511691884456671,0.09491059147180192,0.1856946354883081,0.8104265402843602,0.2902338376891334,3530.0,0.9860335195530726,0.4231843575418994,0.019,0.40825688073394495,0.08111888111888112,15230.76923076923,2884.6153846153843,True
5350136.01,5350136.01,2021S05075350136.01,0136.01,True,7267.0,37849.0,0.19,36.8,4265.0,5.0,0.0,0.0,590.0,3635.0,1.7,7260.0,1225.0,16.8,7265.0,120.0,7265.0,3010.0,4530.0,470.0,4060.0,4530.0,935.0,5.5,7765.0,4935.0,2225.0,7765.0,3385.0,1025.0,7765.0,3700.0,7695.0,5575.0,2115.0,7470.0,3050.0,4415.0,5560.0,3615.0,7060.0,14.2,2380.0,995.0,7265.0,465.0,2520.0,3130.0,800.0,6515,published,4935.0,published,0.34686854783207155,0.43083275980729524,0.11011699931176876,0.6501798561151079,0.16873278236914602,0.142,0.8962472406181016,0.10375275938189846,0.7244964262508122,0.40829986613119146,0.206401766004415,4225.0,0.9906213364595545,0.0011723329425556857,0.0,0.4359304571796523,0.1320025756600129,0.2865421764327109,0.7574827321565618,0.4764971023824855,7145.0,0.9834824501032347,0.41431520991052995,0.055,0.4180672268907563,0.06400550584996559,22236.842105263157,4921.0526315789475,True
5350136.02,5350136.02,2021S05075350136.02,0136.02,True,8740.0,41599.2,0.21,34.4,5165.0,0.0,10.0,0.0,295.0,4840.0,1.7,8625.0,1720.0,19.9,8740.0,190.0,8740.0,4100.0,4895.0,1280.0,3620.0,4895.0,3160.0,10.9,8120.0,4855.0,2715.0,8120.0,3750.0,1300.0,8120.0,4460.0,8060.0,5645.0,2410.0,7880.0,2100.0,5780.0,5795.0,3890.0,7510.0,11.9,2160.0,950.0,8740.0,590.0,3710.0,3080.0,1015.0,7875,published,4855.0,published,0.4244851258581236,0.3524027459954233,0.11613272311212815,0.6712683347713546,0.19942028985507246,0.11900000000000001,0.7395301327885597,0.26149131767109296,0.7003722084367245,0.26649746192893403,0.6455566905005107,5135.0,0.9941916747337851,0.0,0.001936108422071636,0.4618226600985222,0.16009852216748768,0.33435960591133007,0.6165079365079366,0.5492610837438424,8550.0,0.9782608695652174,0.4691075514874142,0.109,0.4398148148148148,0.06750572082379863,24452.380952380954,15047.619047619048,True
5350249.04,5350249.04,2021S05075350249.04,0249.04,True,2709.0,3943.8,0.69,38.8,810.0,475.0,70.0,245.0,20.0,5.0,3.3,2705.0,245.0,8.9,2710.0,175.0,2710.0,1490.0,810.0,635.0,175.0,810.0,20.0,0.0,2775.0,1660.0,675.0,2775.0,1550.0,155.0,2780.0,2410.0,2765.0,2460.0,305.0,2645.0,1805.0,840.0,1410.0,470.0,2445.0,15.2,1015.0,195.0,2710.0,360.0,785.0,975.0,480.0,2260,published,1660.0,published,0.2896678966789668,0.35977859778597787,0.17712177121771217,0.3333333333333333,0.09057301293900184,0.152,0.21604938271604937,0.7839506172839507,0.8896925858951176,0.6824196597353497,0.024691358024691357,270.0,0.3333333333333333,0.5864197530864198,0.08641975308641975,0.5585585585585585,0.055855855855855854,0.24324324324324326,0.7345132743362832,0.8669064748201439,2535.0,0.9354243542435424,0.5498154981549815,0.0,0.1921182266009852,0.13284132841328414,391.304347826087,28.985507246376812,True
5350249.05,5350249.05,2021S05075350249.05,0249.05,True,5606.0,8717.2,0.64,32.8,1620.0,75.0,15.0,65.0,10.0,1310.0,3.5,5605.0,1090.0,19.5,5610.0,560.0,5610.0,3435.0,1620.0,385.0,1235.0,1620.0,335.0,17.4,5605.0,2650.0,1795.0,5605.0,3660.0,790.0,5605.0,5145.0,5540.0,5025.0,510.0,5245.0,3360.0,1885.0,2945.0,995.0,4450.0,15.8,1725.0,455.0,5605.0,1080.0,1555.0,2010.0,560.0,4200,published,2650.0,published,0.2774308652988403,0.3586083853702052,0.09991079393398751,0.3378607809847199,0.19446922390722568,0.158,0.7623456790123457,0.23765432098765432,0.9070397111913358,0.6406101048617732,0.20679012345679013,1385.0,0.8549382716049383,0.046296296296296294,0.009259259259259259,0.6529884032114184,0.1409455842997324,0.320249776984835,0.6309523809523809,0.9179304192685103,5050.0,0.9001782531194296,0.6122994652406417,0.174,0.263768115942029,0.1926851025869759,2164.0625,523.4375,True
5350080.01,5350080.01,2021S05075350080.01,0080.01,True,3707.0,7648.0,0.48,39.6,1585.0,405.0,350.0,130.0,620.0,45.0,2.3,3690.0,345.0,9.4,3690.0,45.0,3690.0,725.0,1630.0,950.0,690.0,1630.0,165.0,18.2,3865.0,2795.0,390.0,3865.0,1080.0,150.0,3865.0,1250.0,3825.0,3260.0,570.0,3645.0,2310.0,1335.0,2315.0,1205.0,3210.0,10.6,1000.0,320.0,3705.0,455.0,790.0,1625.0,530.0,3015,published,2795.0,published,0.21322537112010798,0.43859649122807015,0.14304993252361672,0.5205183585313174,0.09349593495934959,0.106,0.4233128834355828,0.5828220858895705,0.8522875816993464,0.6337448559670782,0.10122699386503067,795.0,0.501577287066246,0.2555205047318612,0.22082018927444794,0.2794307891332471,0.03880983182406209,0.10090556274256145,0.9270315091210614,0.32341526520051744,3645.0,0.9878048780487805,0.19647696476964768,0.182,0.32,0.12280701754385964,1656.25,343.75,True
5350080.02,5350080.02,2021S05075350080.02,0080.02,True,4642.0,11478.7,0.4,38.8,2110.0,105.0,140.0,90.0,330.0,1310.0,2.2,4620.0,840.0,18.2,4625.0,150.0,4625.0,1795.0,2065.0,605.0,1455.0,2065.0,400.0,21.0,4595.0,3105.0,815.0,4595.0,2060.0,290.0,4595.0,2805.0,4555.0,3950.0,605.0,4390.0,2690.0,1700.0,2995.0,1245.0,3960.0,19.3,1390.0,645.0,4640.0,525.0,1220.0,2035.0,560.0,3870,published,3105.0,published,0.2629310344827586,0.4385775862068966,0.1206896551724138,0.41569282136894825,0.18181818181818182,0.193,0.7046004842615012,0.2929782082324455,0.867178924259056,0.6127562642369021,0.1937046004842615,1730.0,0.8199052132701422,0.04976303317535545,0.06635071090047394,0.44831338411316646,0.06311207834602829,0.17736670293797607,0.8023255813953488,0.6104461371055495,4475.0,0.9675675675675676,0.3881081081081081,0.21,0.46402877697841727,0.11314655172413793,4325.0,1000.0,True
5350072.01,5350072.01,2021S05075350072.01,0072.01,True,4509.0,11103.2,0.41,38.8,1880.0,200.0,465.0,90.0,315.0,500.0,2.4,4510.0,855.0,18.9,4505.0,260.0,4505.0,1265.0,1885.0,845.0,1040.0,1885.0,55.0,58.7,4525.0,3235.0,345.0,4525.0,1445.0,140.0,4525.0,2100.0,4495.0,4135.0,365.0,4320.0,3140.0,1180.0,2540.0,1285.0,3740.0,13.4,1065.0,400.0,4510.0,710.0,1010.0,1825.0,660.0,3560,published,3235.0,published,0.22394678492239467,0.40465631929046564,0.14634146341463414,0.5059055118110236,0.18957871396895787,0.134,0.5517241379310345,0.4482758620689655,0.9199110122358176,0.7268518518518519,0.029177718832891247,905.0,0.48138297872340424,0.10638297872340426,0.2473404255319149,0.31933701657458563,0.030939226519337018,0.07624309392265194,0.9087078651685393,0.46408839779005523,4245.0,0.9422863485016648,0.2807991120976693,0.5870000000000001,0.3755868544600939,0.1574279379157428,2207.317073170732,134.14634146341464,True
5350072.02,5350072.02,2021S05075350072.02,0072.02,True,2985.0,5508.4,0.54,40.8,1220.0,275.0,350.0,70.0,450.0,0.0,2.4,2965.0,285.0,9.5,2965.0,95.0,2965.0,670.0,1215.0,835.0,385.0,1215.0,0.0,19.7,2950.0,2250.0,195.0,2950.0,850.0,75.0,2950.0,1070.0,2920.0,2620.0,300.0,2785.0,2055.0,730.0,1810.0,985.0,2475.0,13.6,715.0,180.0,2985.0,410.0,625.0,1385.0,390.0,2430,published,2250.0,published,0.20938023450586266,0.4639865996649916,0.1306532663316583,0.5441988950276243,0.09612141652613827,0.136,0.3168724279835391,0.6872427983539094,0.8972602739726028,0.7378815080789947,0.0,520.0,0.4262295081967213,0.22540983606557377,0.28688524590163933,0.288135593220339,0.025423728813559324,0.06610169491525424,0.9259259259259259,0.36271186440677966,2870.0,0.9679595278246206,0.22596964586846544,0.19699999999999998,0.2517482517482518,0.1373534338358459,962.9629629629629,0.0,True
5350159.01,5350159.01,2021S05075350159.01,0159.01,True,3506.0,7118.8,0.49,40.8,1270.0,610.0,165.0,135.0,360.0,5.0,2.8,3505.0,380.0,10.9,3505.0,335.0,3505.0,1915.0,1215.0,815.0,395.0,1215.0,25.0,7.6,3385.0,2135.0,720.0,3385.0,1775.0,90.0,3380.0,1385.0,3345.0,3145.0,195.0,3225.0,2380.0,845.0,1925.0,345.0,2905.0,14.9,1185.0,295.0,3505.0,455.0,825.0,1480.0,570.0,2895,published,2135.0,published,0.23537803138373753,0.4222539229671897,0.16262482168330955,0.17922077922077922,0.10841654778887304,0.149,0.32510288065843623,0.6707818930041153,0.9402092675635276,0.737984496124031,0.0205761316872428,500.0,0.3937007874015748,0.48031496062992124,0.12992125984251968,0.5243722304283605,0.026587887740029542,0.21270310192023634,0.7374784110535406,0.40976331360946744,3170.0,0.9044222539229672,0.5463623395149786,0.076,0.2489451476793249,0.12981455064194009,1020.4081632653061,51.02040816326531,True
5350159.02,5350159.02,2021S05075350159.02,0159.02,True,4865.0,8409.7,0.58,40.0,1790.0,790.0,220.0,225.0,370.0,180.0,2.7,4865.0,485.0,10.0,4865.0,410.0,4865.0,2610.0,1815.0,1230.0,585.0,1815.0,195.0,4.2,4925.0,3085.0,1040.0,4925.0,2440.0,350.0,4925.0,1745.0,4875.0,4340.0,540.0,4650.0,3310.0,1335.0,2955.0,605.0,4160.0,13.3,1780.0,460.0,4865.0,625.0,1170.0,2055.0,755.0,4000,published,3085.0,published,0.24049331963001028,0.4224049331963001,0.1551901336073998,0.20473773265651438,0.09969167523124357,0.133,0.32231404958677684,0.6776859504132231,0.8902564102564102,0.7118279569892473,0.10743801652892562,775.0,0.4329608938547486,0.441340782122905,0.12290502793296089,0.4954314720812183,0.07106598984771574,0.21116751269035533,0.77125,0.35431472081218274,4455.0,0.9157245632065776,0.5364850976361768,0.042,0.25842696629213485,0.12846865364850976,1336.2068965517242,336.2068965517242,True
5350225.01,5350225.01,2021S05075350225.01,0225.01,True,5209.0,5669.4,0.92,51.2,2475.0,450.0,15.0,10.0,110.0,1835.0,2.1,5205.0,480.0,9.3,5205.0,140.0,5205.0,2135.0,2475.0,1380.0,1100.0,2475.0,1070.0,0.0,5220.0,3925.0,810.0,5220.0,2230.0,335.0,5215.0,1480.0,5180.0,4530.0,655.0,5070.0,3415.0,1655.0,2695.0,1385.0,4770.0,13.9,1500.0,455.0,5210.0,430.0,1065.0,1905.0,1570.0,4615,published,3925.0,published,0.20441458733205375,0.3656429942418426,0.30134357005758156,0.5139146567717996,0.09221902017291066,0.139,0.4444444444444444,0.5575757575757576,0.8745173745173745,0.6735700197238659,0.43232323232323233,1955.0,0.7898989898989899,0.18181818181818182,0.006060606060606061,0.4272030651340996,0.06417624521072797,0.15517241379310345,0.8504875406283857,0.2837967401725791,5065.0,0.9731027857829011,0.4101825168107589,0.0,0.30333333333333334,0.08253358925143954,2125.0,1163.0434782608695,True
5350225.02,5350225.02,2021S05075350225.02,0225.02,True,10827.0,35556.7,0.3,35.6,5430.0,5.0,0.0,0.0,15.0,5340.0,2.0,10635.0,2100.0,19.8,10740.0,465.0,10740.0,5365.0,5430.0,1415.0,4020.0,5430.0,2525.0,21.2,10635.0,6480.0,3005.0,10635.0,5710.0,1650.0,10640.0,6250.0,10535.0,8050.0,2490.0,10060.0,4670.0,5395.0,7080.0,3855.0,9365.0,12.8,3620.0,1430.0,10830.0,890.0,3780.0,4055.0,1435.0,9355,published,6480.0,published,0.3490304709141274,0.37442289935364725,0.13250230840258542,0.5444915254237288,0.19746121297602257,0.128,0.7403314917127072,0.2605893186003683,0.7641196013289037,0.46421471172962225,0.46500920810313073,5355.0,0.9861878453038674,0.0009208103130755065,0.0,0.536906440996709,0.15514809590973203,0.2825575928537847,0.6926777124532336,0.5874060150375939,10275.0,0.9567039106145251,0.4995344506517691,0.212,0.39502762430939226,0.08217913204062789,17850.0,8416.666666666668,True
5350260.04,5350260.04,2021S05075350260.04,0260.04,True,3879.0,20622.0,0.19,34.4,1380.0,0.0,0.0,0.0,0.0,1380.0,2.8,3875.0,1000.0,25.9,3875.0,370.0,3875.0,2520.0,1385.0,30.0,1360.0,1385.0,30.0,22.4,4105.0,1765.0,1385.0,4105.0,2765.0,920.0,4100.0,3425.0,4035.0,3695.0,340.0,3760.0,2345.0,1415.0,2010.0,715.0,3000.0,16.5,1000.0,290.0,3880.0,735.0,950.0,1290.0,570.0,2870,published,1765.0,published,0.24484536082474226,0.3324742268041237,0.14690721649484537,0.35572139303482586,0.25806451612903225,0.165,0.9819494584837545,0.021660649819494584,0.9157372986369269,0.6236702127659575,0.021660649819494584,1380.0,1.0,0.0,0.0,0.6735688185140073,0.2241169305724726,0.3373934226552984,0.6149825783972126,0.8353658536585366,3505.0,0.9045161290322581,0.6503225806451612,0.22399999999999998,0.29,0.18943298969072164,7263.157894736842,157.89473684210526,True
5350260.05,5350260.05,2021S05075350260.05,0260.05,True,4139.0,16276.1,0.25,28.8,1330.0,0.0,0.0,0.0,0.0,955.0,3.1,4140.0,1320.0,31.9,4140.0,465.0,4140.0,2470.0,1315.0,25.0,1290.0,1315.0,15.0,40.9,3925.0,1725.0,1335.0,3925.0,2140.0,665.0,3925.0,2790.0,3860.0,3520.0,340.0,3605.0,2435.0,1170.0,2050.0,565.0,2965.0,22.4,870.0,310.0,4140.0,970.0,1145.0,1360.0,265.0,2800,published,1725.0,published,0.27657004830917875,0.3285024154589372,0.0640096618357488,0.275609756097561,0.3188405797101449,0.22399999999999998,0.9809885931558935,0.019011406844106463,0.9119170984455959,0.6754507628294036,0.011406844106463879,955.0,0.7180451127819549,0.0,0.0,0.5452229299363057,0.16942675159235668,0.3401273885350318,0.6160714285714286,0.710828025477707,3675.0,0.8876811594202898,0.5966183574879227,0.409,0.3563218390804598,0.23429951690821257,3820.0,60.0,True
5350247.01,5350247.01,2021S05075350247.01,0247.01,True,9027.0,523.5,17.24,36.0,3010.0,520.0,135.0,510.0,135.0,1465.0,3.0,8940.0,915.0,10.3,9025.0,395.0,9025.0,4425.0,3010.0,1925.0,1085.0,3010.0,1225.0,22.6,8935.0,5675.0,1915.0,8935.0,5005.0,680.0,8940.0,8160.0,8810.0,7845.0,970.0,8450.0,5660.0,2790.0,5185.0,1975.0,7730.0,14.5,3480.0,755.0,9025.0,1025.0,2845.0,3240.0,1315.0,7540,published,5675.0,published,0.3152354570637119,0.3590027700831025,0.14570637119113575,0.3809064609450338,0.10234899328859061,0.145,0.36046511627906974,0.6395348837209303,0.8904653802497162,0.6698224852071006,0.4069767441860465,2110.0,0.7009966777408638,0.17275747508305647,0.044850498338870434,0.5601566871852266,0.07610520425293789,0.21432568550643535,0.7526525198938993,0.912751677852349,8630.0,0.9562326869806094,0.4903047091412742,0.226,0.21695402298850575,0.11357340720221606,122.38979118329468,71.05568445475639,True
5350247.02,5350247.02,2021S05075350247.02,0247.02,True,7213.0,2234.0,3.23,40.0,2430.0,1520.0,5.0,320.0,195.0,395.0,3.0,7215.0,535.0,7.4,7210.0,255.0,7210.0,3335.0,2435.0,1755.0,680.0,2435.0,285.0,2.9,7215.0,4795.0,1245.0,7215.0,3775.0,465.0,7215.0,4545.0,7125.0,6695.0,435.0,6875.0,4845.0,2030.0,4025.0,1330.0,6185.0,13.7,2585.0,450.0,7215.0,910.0,1875.0,2760.0,1260.0,5975,published,4795.0,published,0.2598752598752599,0.38253638253638256,0.17463617463617465,0.33043478260869563,0.07415107415107415,0.13699999999999998,0.2792607802874743,0.7207392197125256,0.9396491228070175,0.7047272727272728,0.11704312114989733,910.0,0.37448559670781895,0.6255144032921811,0.00205761316872428,0.5232155232155232,0.06444906444906445,0.17255717255717257,0.802510460251046,0.6299376299376299,6955.0,0.9646324549237171,0.46255201109570043,0.028999999999999998,0.17408123791102514,0.12612612612612611,281.73374613003097,88.23529411764706,True
5350248.04,5350248.04,2021S05075350248.04,0248.04,True,4945.0,3347.8,1.48,36.4,1575.0,480.0,0.0,285.0,20.0,640.0,3.0,4765.0,490.0,10.3,4800.0,170.0,4800.0,2210.0,1585.0,795.0,785.0,1585.0,270.0,10.8,4815.0,3055.0,1125.0,4815.0,2790.0,395.0,4815.0,4505.0,4775.0,4295.0,475.0,4655.0,3215.0,1435.0,2660.0,845.0,4230.0,13.5,1960.0,570.0,4945.0,520.0,1655.0,1600.0,920.0,4235,published,3055.0,published,0.3346814964610718,0.3235591506572295,0.18604651162790697,0.3176691729323308,0.10283315844700944,0.135,0.4952681388012618,0.501577287066246,0.8994764397905759,0.6906552094522019,0.17034700315457413,945.0,0.6,0.3047619047619048,0.0,0.5794392523364486,0.08203530633437175,0.2336448598130841,0.7213695395513577,0.9356178608515057,4630.0,0.9645833333333333,0.46041666666666664,0.10800000000000001,0.29081632653061223,0.1051567239635996,638.5135135135135,182.43243243243242,True
5350248.05,5350248.05,2021S05075350248.05,0248.05,True,4285.0,3789.7,1.13,41.6,1325.0,485.0,85.0,250.0,210.0,0.0,3.2,4185.0,395.0,9.4,4190.0,195.0,4190.0,2025.0,1295.0,880.0,415.0,1295.0,205.0,16.9,3985.0,2630.0,840.0,3985.0,2295.0,230.0,3985.0,3370.0,3955.0,3600.0,355.0,3820.0,2665.0,1155.0,2170.0,645.0,3530.0,12.6,1565.0,535.0,4285.0,435.0,1295.0,1490.0,895.0,3735,published,2630.0,published,0.30221703617269546,0.34772462077012833,0.2088681446907818,0.29723502304147464,0.09438470728793309,0.126,0.3204633204633205,0.6795366795366795,0.9102402022756005,0.6976439790575916,0.1583011583011583,460.0,0.3471698113207547,0.3660377358490566,0.06415094339622641,0.5759096612296111,0.05771643663739021,0.2107904642409034,0.7041499330655957,0.8456712672521958,3995.0,0.9534606205250596,0.48329355608591884,0.16899999999999998,0.34185303514376997,0.10151691948658109,407.07964601769913,181.41592920353983,True
5350281.01,5350281.01,2021S05075350281.01,0281.01,True,6403.0,6630.4,0.97,38.8,2230.0,960.0,160.0,60.0,120.0,905.0,2.9,6400.0,965.0,15.1,6400.0,455.0,6400.0,3045.0,2215.0,1105.0,1115.0,2215.0,40.0,39.2,6360.0,4185.0,850.0,6360.0,3435.0,330.0,6360.0,4840.0,6280.0,5955.0,325.0,5940.0,4655.0,1285.0,3460.0,715.0,5170.0,15.0,2090.0,530.0,6400.0,965.0,1515.0,2605.0,870.0,5065,published,4185.0,published,0.23671875,0.40703125,0.1359375,0.20664739884393063,0.15078125,0.15,0.5033860045146726,0.49887133182844245,0.9482484076433121,0.7836700336700336,0.01805869074492099,1085.0,0.48654708520179374,0.4304932735426009,0.07174887892376682,0.5400943396226415,0.05188679245283019,0.13364779874213836,0.8262586377097729,0.7610062893081762,5945.0,0.92890625,0.47578125,0.392,0.2535885167464115,0.15078125,1118.5567010309278,41.23711340206186,True
5350281.02,5350281.02,2021S05075350281.02,0281.02,True,3921.0,9496.2,0.41,34.8,1295.0,210.0,10.0,10.0,90.0,970.0,3.0,3920.0,520.0,13.3,3920.0,155.0,3920.0,1350.0,1305.0,525.0,780.0,1305.0,345.0,11.5,3955.0,2400.0,730.0,3955.0,2085.0,320.0,3960.0,2960.0,3905.0,3595.0,310.0,3765.0,2670.0,1100.0,2140.0,310.0,3265.0,20.9,1250.0,385.0,3920.0,760.0,965.0,1470.0,425.0,2935,published,2400.0,published,0.2461734693877551,0.375,0.10841836734693877,0.14485981308411214,0.1326530612244898,0.209,0.5977011494252874,0.40229885057471265,0.9206145966709347,0.7091633466135459,0.26436781609195403,1070.0,0.8262548262548263,0.16216216216216217,0.007722007722007722,0.527180783817952,0.08091024020227561,0.1845764854614412,0.817717206132879,0.7474747474747475,3765.0,0.9604591836734694,0.34438775510204084,0.115,0.308,0.19387755102040816,2609.756097560976,841.4634146341464,True
5350301.03,5350301.03,2021S05075350301.03,0301.03,True,8324.0,30424.0,0.27,31.6,3495.0,0.0,0.0,0.0,0.0,3495.0,2.4,8315.0,1565.0,18.8,8325.0,365.0,8325.0,5320.0,3500.0,1130.0,2370.0,3500.0,2325.0,2.1,8420.0,3245.0,4240.0,8420.0,4915.0,1730.0,8415.0,7485.0,8335.0,6360.0,1975.0,7930.0,2610.0,5315.0,5385.0,3485.0,7035.0,12.9,2495.0,1115.0,8325.0,970.0,3545.0,2680.0,610.0,6875,published,3245.0,published,0.42582582582582584,0.3219219219219219,0.07327327327327328,0.6471680594243269,0.18821407095610343,0.129,0.6771428571428572,0.32285714285714284,0.7630473905218956,0.3291298865069357,0.6642857142857143,3495.0,1.0,0.0,0.0,0.583729216152019,0.20546318289786222,0.503562945368171,0.472,0.8894830659536542,7960.0,0.9561561561561561,0.639039039039039,0.021,0.4468937875751503,0.11651651651651651,12944.444444444443,8611.111111111111,True
5350301.04,5350301.04,2021S05075350301.04,0301.04,True,8766.0,6146.4,1.43,32.4,3960.0,0.0,0.0,5.0,65.0,3620.0,2.2,8660.0,1565.0,18.1,8770.0,380.0,8770.0,5195.0,3955.0,1635.0,2325.0,3955.0,3065.0,4.3,8590.0,4120.0,3715.0,8590.0,4880.0,1645.0,8590.0,7180.0,8500.0,5895.0,2605.0,8140.0,2470.0,5670.0,5825.0,3875.0,7490.0,14.1,2595.0,820.0,8770.0,850.0,3740.0,2945.0,730.0,7460,published,4120.0,published,0.4264538198403649,0.33580387685290763,0.08323831242873432,0.6652360515021459,0.18071593533487298,0.141,0.5878634639696586,0.4134007585335019,0.6935294117647058,0.3034398034398034,0.7749683944374209,3690.0,0.9318181818181818,0.0,0.0,0.5681024447031432,0.19150174621653085,0.43247962747380675,0.5522788203753352,0.8358556461001164,8390.0,0.9566704675028507,0.5923603192702395,0.043,0.3159922928709056,0.09692132269099202,2580.4195804195806,2143.3566433566434,True
5350263.03,5350263.03,2021S05075350263.03,0263.03,True,4635.0,2978.6,1.56,43.6,2085.0,235.0,45.0,0.0,790.0,700.0,2.2,4635.0,465.0,10.0,4635.0,100.0,4635.0,1950.0,2085.0,835.0,1260.0,2085.0,365.0,7.2,4755.0,3270.0,735.0,4755.0,2415.0,340.0,4755.0,2725.0,4710.0,4320.0,385.0,4550.0,3205.0,1345.0,2730.0,1385.0,4075.0,10.8,1550.0,380.0,4635.0,605.0,995.0,1960.0,840.0,3845,published,3270.0,published,0.21467098166127294,0.4228694714131607,0.18122977346278318,0.5073260073260073,0.10032362459546926,0.10800000000000001,0.60431654676259,0.40047961630695444,0.9171974522292994,0.7043956043956044,0.1750599520383693,1490.0,0.7146282973621103,0.11270983213429256,0.02158273381294964,0.5078864353312302,0.07150368033648791,0.15457413249211358,0.8504551365409623,0.573080967402734,4535.0,0.9784250269687162,0.42071197411003236,0.07200000000000001,0.24516129032258063,0.13052858683926646,955.1282051282051,233.97435897435898,True
5350263.04,5350263.04,2021S05075350263.04,0263.04,True,6464.0,9574.9,0.68,52.0,3405.0,0.0,0.0,0.0,0.0,3405.0,1.9,6345.0,850.0,13.4,6465.0,170.0,6465.0,2870.0,3425.0,1465.0,1960.0,3425.0,2125.0,6.6,6305.0,4680.0,1045.0,6305.0,3640.0,570.0,6305.0,3625.0,6230.0,5410.0,820.0,6040.0,3545.0,2500.0,3245.0,1735.0,5650.0,12.0,1505.0,305.0,6465.0,470.0,1140.0,2300.0,2170.0,5705,published,4680.0,published,0.17633410672853828,0.3557617942768755,0.3356535189481825,0.5346687211093991,0.13396375098502758,0.12,0.5722627737226277,0.42773722627737226,0.8683788121990369,0.5869205298013245,0.6204379562043796,3405.0,1.0,0.0,0.0,0.5773195876288659,0.09040444091990484,0.16574147501982553,0.820333041191937,0.5749405233941316,6295.0,0.9737045630317092,0.4439288476411446,0.066,0.2026578073089701,0.07269914926527456,5007.35294117647,3125.0,True
5350305.01,5350305.01,2021S05075350305.01,0305.01,True,4421.0,1836.3,2.41,50.0,1600.0,1375.0,5.0,30.0,15.0,75.0,2.8,4415.0,490.0,11.2,4415.0,240.0,4415.0,2545.0,1585.0,1385.0,200.0,1585.0,120.0,0.0,4485.0,3355.0,535.0,4485.0,2465.0,180.0,4490.0,2970.0,4460.0,3965.0,495.0,4370.0,3145.0,1225.0,2235.0,1575.0,4000.0,12.6,795.0,110.0,4420.0,535.0,820.0,1730.0,1150.0,3765,published,3355.0,published,0.18552036199095023,0.3914027149321267,0.26018099547511314,0.7046979865771812,0.11098527746319366,0.126,0.12618296529968454,0.8738170347003155,0.8890134529147982,0.7196796338672768,0.07570977917981073,120.0,0.075,0.859375,0.003125,0.5496098104793757,0.04013377926421405,0.11928651059085842,0.8911022576361222,0.6614699331848553,4175.0,0.9456398640996603,0.5764439411098528,0.0,0.13836477987421383,0.12104072398190045,49.792531120331944,49.792531120331944,True
5350306.01,5350306.01,2021S05075350306.01,0306.01,True,4612.0,3934.8,1.17,40.8,1510.0,1080.0,10.0,50.0,190.0,0.0,3.1,4610.0,855.0,18.5,4615.0,330.0,4615.0,2880.0,1515.0,1140.0,380.0,1515.0,40.0,46.7,4580.0,2835.0,950.0,4580.0,2760.0,340.0,4580.0,3645.0,4560.0,3925.0,630.0,4390.0,2825.0,1565.0,2440.0,1520.0,3855.0,14.9,905.0,220.0,4615.0,730.0,1115.0,1765.0,775.0,3705,published,2835.0,published,0.24160346695557963,0.38244853737811485,0.16793066088840736,0.6229508196721312,0.18546637744034708,0.149,0.2508250825082508,0.7524752475247525,0.8607456140350878,0.643507972665148,0.026402640264026403,240.0,0.15894039735099338,0.7152317880794702,0.006622516556291391,0.6026200873362445,0.07423580786026202,0.2074235807860262,0.7651821862348178,0.7958515283842795,4285.0,0.9284940411700975,0.6240520043336945,0.467,0.2430939226519337,0.1581798483206934,205.12820512820514,34.18803418803419,True
5350306.02,5350306.02,2021S05075350306.02,0306.02,True,4686.0,4189.5,1.12,42.0,1725.0,975.0,0.0,60.0,5.0,570.0,2.7,4670.0,695.0,14.8,4675.0,340.0,4675.0,2980.0,1710.0,1360.0,350.0,1710.0,635.0,0.0,4705.0,3010.0,995.0,4705.0,2830.0,365.0,4705.0,3685.0,4665.0,4040.0,625.0,4475.0,2830.0,1645.0,2560.0,1840.0,4005.0,9.8,1150.0,240.0,4690.0,625.0,1075.0,1840.0,895.0,3855,published,3010.0,published,0.22921108742004265,0.39232409381663114,0.1908315565031983,0.71875,0.14882226980728053,0.098,0.2046783625730994,0.7953216374269005,0.8660235798499464,0.6324022346368715,0.3713450292397661,635.0,0.3681159420289855,0.5652173913043478,0.0,0.6014877789585548,0.077577045696068,0.21147715196599362,0.7808041504539559,0.7832093517534537,4335.0,0.9272727272727272,0.6374331550802139,0.0,0.20869565217391303,0.13326226012793177,566.9642857142857,566.9642857142857,True
5350312.06,5350312.06,2021S05075350312.06,0312.06,True,3415.0,7449.8,0.46,38.8,1050.0,15.0,480.0,45.0,80.0,235.0,3.2,3410.0,450.0,13.2,3415.0,325.0,3415.0,1870.0,1045.0,595.0,445.0,1045.0,55.0,33.7,3575.0,2330.0,505.0,3575.0,2060.0,170.0,3575.0,2830.0,3550.0,3335.0,210.0,3395.0,2515.0,880.0,1870.0,265.0,2955.0,18.0,1205.0,240.0,3415.0,545.0,850.0,1260.0,555.0,2705,published,2330.0,published,0.24890190336749635,0.3689604685212299,0.16251830161054173,0.14171122994652408,0.13196480938416422,0.18,0.4258373205741627,0.569377990430622,0.9394366197183098,0.7407952871870398,0.05263157894736842,360.0,0.34285714285714286,0.014285714285714285,0.45714285714285713,0.5762237762237762,0.04755244755244755,0.14125874125874127,0.8613678373382625,0.7916083916083916,3090.0,0.9048316251830161,0.5475841874084919,0.337,0.1991701244813278,0.1595900439238653,782.6086956521739,119.56521739130434,True
5350312.07,5350312.07,2021S05075350312.07,0312.07,True,3535.0,5680.5,0.62,51.6,1430.0,55.0,665.0,70.0,350.0,185.0,2.5,3535.0,675.0,19.2,3535.0,420.0,3535.0,1995.0,1405.0,800.0,605.0,1405.0,185.0,73.6,3430.0,2480.0,485.0,3430.0,2120.0,175.0,3435.0,2130.0,3405.0,3155.0,245.0,3330.0,2445.0,885.0,1525.0,305.0,3070.0,21.7,920.0,180.0,3535.0,380.0,690.0,1225.0,1090.0,3045,published,2480.0,published,0.19519094766619519,0.3465346534653465,0.30834512022630833,0.2,0.19094766619519093,0.217,0.4306049822064057,0.5693950177935944,0.9265785609397944,0.7342342342342343,0.13167259786476868,605.0,0.4230769230769231,0.038461538461538464,0.46503496503496505,0.6180758017492711,0.05102040816326531,0.141399416909621,0.8144499178981938,0.6200873362445415,3115.0,0.8811881188118812,0.5643564356435643,0.736,0.1956521739130435,0.1074964639321075,975.8064516129033,298.38709677419354,True
5350316.05,5350316.05,2021S05075350316.05,0316.05,True,4104.0,10140.8,0.4,36.4,1350.0,105.0,105.0,30.0,440.0,550.0,3.0,4105.0,665.0,16.2,4105.0,235.0,4105.0,1655.0,1370.0,385.0,985.0,1370.0,240.0,16.2,4140.0,2325.0,1015.0,4140.0,2430.0,340.0,4140.0,3680.0,4110.0,3935.0,175.0,3910.0,2965.0,945.0,2260.0,355.0,3360.0,19.4,1310.0,405.0,4105.0,715.0,1020.0,1575.0,520.0,3155,published,2325.0,published,0.24847746650426308,0.38367844092570036,0.12667478684531058,0.1570796460176991,0.16199756394640683,0.19399999999999998,0.718978102189781,0.28102189781021897,0.9574209245742092,0.7583120204603581,0.17518248175182483,1020.0,0.7555555555555555,0.07777777777777778,0.07777777777777778,0.5869565217391305,0.0821256038647343,0.24516908212560387,0.7369255150554676,0.8888888888888888,3870.0,0.9427527405602923,0.40316686967113274,0.162,0.30916030534351147,0.17417783191230207,2550.0,600.0,True
5350316.06,5350316.06,2021S05075350316.06,0316.06,True,3367.0,8309.5,0.41,32.8,1085.0,130.0,35.0,20.0,0.0,635.0,3.1,3365.0,690.0,20.5,3370.0,200.0,3370.0,1420.0,1065.0,385.0,685.0,1065.0,270.0,59.6,3335.0,1910.0,615.0,3335.0,1855.0,250.0,3335.0,3070.0,3295.0,3155.0,145.0,3145.0,2330.0,815.0,1585.0,260.0,2620.0,20.2,935.0,325.0,3370.0,700.0,890.0,1170.0,400.0,2490,published,1910.0,published,0.26409495548961426,0.34718100890207715,0.11869436201780416,0.1640378548895899,0.2050520059435364,0.20199999999999999,0.6431924882629108,0.3615023474178404,0.9575113808801214,0.7408585055643879,0.2535211267605634,655.0,0.6036866359447005,0.11981566820276497,0.03225806451612903,0.5562218890554723,0.07496251874062969,0.18440779610194902,0.7670682730923695,0.9205397301349325,3170.0,0.9406528189910979,0.42136498516320475,0.596,0.34759358288770054,0.20771513353115728,1597.5609756097563,658.5365853658537,True
5350321.01,5350321.01,2021S05075350321.01,0321.01,True,3808.0,3030.2,1.26,46.4,1285.0,1065.0,5.0,195.0,20.0,0.0,3.0,3805.0,520.0,13.6,3800.0,265.0,3800.0,2520.0,1255.0,980.0,275.0,1255.0,25.0,0.0,3840.0,2565.0,765.0,3840.0,2370.0,270.0,3840.0,2840.0,3815.0,3390.0,425.0,3680.0,2395.0,1280.0,2035.0,1210.0,3350.0,15.6,1085.0,250.0,3810.0,425.0,830.0,1510.0,855.0,3245,published,2565.0,published,0.2178477690288714,0.3963254593175853,0.22440944881889763,0.5945945945945946,0.1366622864651774,0.156,0.21912350597609562,0.7808764940239044,0.8885976408912188,0.6508152173913043,0.0199203187250996,215.0,0.16731517509727625,0.8287937743190662,0.0038910505836575876,0.6171875,0.0703125,0.19921875,0.7904468412942989,0.7395833333333334,3535.0,0.9302631578947368,0.6631578947368421,0.0,0.2304147465437788,0.1115485564304462,170.63492063492063,19.841269841269842,True
5350321.02,5350321.02,2021S05075350321.02,0321.02,True,3879.0,3186.8,1.22,44.4,1445.0,920.0,0.0,85.0,5.0,420.0,2.7,3855.0,560.0,14.6,3850.0,235.0,3850.0,2460.0,1465.0,860.0,610.0,1465.0,125.0,6.6,3815.0,2510.0,915.0,3815.0,2280.0,395.0,3815.0,2685.0,3790.0,3275.0,520.0,3690.0,2335.0,1355.0,2280.0,1370.0,3420.0,12.3,1080.0,230.0,3880.0,370.0,920.0,1625.0,775.0,3365,published,2510.0,published,0.23711340206185566,0.41881443298969073,0.19974226804123713,0.6008771929824561,0.14526588845654995,0.12300000000000001,0.41638225255972694,0.5870307167235495,0.8641160949868074,0.6327913279132791,0.08532423208191127,510.0,0.35294117647058826,0.6366782006920415,0.0,0.5976408912188729,0.10353866317169069,0.2398427260812582,0.7459138187221397,0.7038007863695938,3615.0,0.938961038961039,0.638961038961039,0.066,0.21296296296296297,0.09536082474226804,418.0327868852459,102.45901639344262,True
5350324.05,5350324.05,2021S05075350324.05,0324.05,True,3336.0,5087.7,0.66,51.2,1375.0,340.0,40.0,10.0,10.0,580.0,2.4,3325.0,635.0,19.2,3330.0,490.0,3330.0,2300.0,1380.0,890.0,490.0,1380.0,455.0,68.7,3290.0,2245.0,655.0,3290.0,2325.0,180.0,3290.0,2715.0,3280.0,3010.0,270.0,3220.0,2285.0,935.0,1575.0,1005.0,2945.0,11.7,805.0,195.0,3335.0,415.0,535.0,1240.0,1040.0,2840,published,2245.0,published,0.16041979010494753,0.37181409295352325,0.3118440779610195,0.638095238095238,0.19097744360902255,0.11699999999999999,0.35507246376811596,0.644927536231884,0.9176829268292683,0.7096273291925466,0.32971014492753625,600.0,0.43636363636363634,0.24727272727272728,0.02909090909090909,0.7066869300911854,0.0547112462006079,0.19908814589665655,0.7904929577464789,0.8252279635258358,2840.0,0.8528528528528528,0.6906906906906907,0.687,0.2422360248447205,0.12443778110944528,909.090909090909,689.3939393939394,True
5350324.06,5350324.06,2021S05075350324.06,0324.06,True,3442.0,5246.2,0.66,43.6,1175.0,0.0,380.0,0.0,420.0,5.0,2.9,3445.0,310.0,9.0,3440.0,210.0,3440.0,2190.0,1140.0,940.0,200.0,1140.0,560.0,0.0,3375.0,2025.0,780.0,3375.0,2230.0,255.0,3380.0,2800.0,3345.0,3000.0,340.0,3245.0,2205.0,1035.0,1810.0,1105.0,2795.0,13.0,815.0,170.0,3440.0,575.0,650.0,1420.0,620.0,2750,published,2025.0,published,0.18895348837209303,0.4127906976744186,0.18023255813953487,0.6104972375690608,0.0899854862119013,0.13,0.17543859649122806,0.8245614035087719,0.8968609865470852,0.6795069337442219,0.49122807017543857,425.0,0.3617021276595745,0.0,0.32340425531914896,0.6607407407407407,0.07555555555555556,0.2311111111111111,0.7363636363636363,0.8284023668639053,3230.0,0.938953488372093,0.6366279069767442,0.0,0.2085889570552147,0.16715116279069767,643.9393939393939,848.4848484848485,True
5350331.03,5350331.03,2021S05075350331.03,0331.03,True,6065.0,11899.2,0.51,32.0,1855.0,160.0,0.0,80.0,20.0,1600.0,3.3,6060.0,1120.0,18.5,6060.0,210.0,6060.0,2950.0,1855.0,450.0,1405.0,1855.0,350.0,5.7,5990.0,2950.0,1760.0,5990.0,3650.0,955.0,5990.0,5365.0,5910.0,5480.0,430.0,5590.0,3730.0,1860.0,3100.0,1000.0,4560.0,21.5,1640.0,610.0,6065.0,1335.0,1490.0,2240.0,500.0,4305,published,2950.0,published,0.24567188788128608,0.36933223413025557,0.08244023083264633,0.3225806451612903,0.1848184818481848,0.215,0.7574123989218329,0.24258760107816713,0.9272419627749577,0.667262969588551,0.18867924528301888,1700.0,0.9164420485175202,0.0862533692722372,0.0,0.6093489148580968,0.15943238731218698,0.2938230383973289,0.6852497096399536,0.8956594323873122,5850.0,0.9653465346534653,0.4867986798679868,0.057,0.3719512195121951,0.2201154163231657,3333.3333333333335,686.2745098039215,True
5350331.04,5350331.04,2021S05075350331.04,0331.04,True,3372.0,3050.2,1.11,48.0,1340.0,450.0,5.0,5.0,180.0,655.0,2.4,3240.0,255.0,7.8,3375.0,70.0,3375.0,1200.0,1335.0,1195.0,140.0,1335.0,865.0,0.0,3305.0,2315.0,565.0,3305.0,1720.0,220.0,3305.0,2015.0,3275.0,2820.0,450.0,3200.0,2020.0,1175.0,1875.0,910.0,2900.0,13.6,1085.0,330.0,3370.0,335.0,725.0,1310.0,820.0,2905,published,2315.0,published,0.21513353115727002,0.3887240356083086,0.2433234421364985,0.48533333333333334,0.0787037037037037,0.136,0.10486891385767791,0.8951310861423221,0.8610687022900764,0.63125,0.6479400749063671,840.0,0.6268656716417911,0.3358208955223881,0.0037313432835820895,0.5204236006051437,0.06656580937972768,0.17095310136157338,0.7969018932874354,0.6096822995461422,3305.0,0.9792592592592593,0.35555555555555557,0.0,0.30414746543778803,0.09940652818991098,756.7567567567567,779.2792792792792,True
5350351.01,5350351.01,2021S05075350351.01,0351.01,True,5376.0,5514.4,0.97,40.0,1995.0,710.0,20.0,310.0,55.0,895.0,2.7,5365.0,750.0,14.0,5365.0,180.0,5365.0,2490.0,1930.0,885.0,1040.0,1930.0,105.0,21.1,5270.0,3505.0,850.0,5270.0,2600.0,480.0,5275.0,3535.0,5215.0,4775.0,440.0,5015.0,3555.0,1450.0,2825.0,895.0,4370.0,15.8,1685.0,560.0,5380.0,735.0,1275.0,2035.0,990.0,4360,published,3505.0,published,0.23698884758364314,0.37825278810408924,0.18401486988847585,0.3168141592920354,0.13979496738117428,0.158,0.538860103626943,0.4585492227979275,0.9156279961649089,0.7088733798604188,0.054404145077720206,1260.0,0.631578947368421,0.3558897243107769,0.010025062656641603,0.49335863377609107,0.09108159392789374,0.16129032258064516,0.8038990825688074,0.6701421800947868,5185.0,0.9664492078285182,0.4641192917054986,0.21100000000000002,0.3323442136498516,0.1366171003717472,1298.9690721649486,108.24742268041237,True
5350351.02,5350351.02,2021S05075350351.02,0351.02,True,2683.0,4732.8,0.57,41.6,1010.0,300.0,0.0,75.0,120.0,500.0,2.7,2680.0,365.0,13.6,2685.0,85.0,2685.0,1240.0,1075.0,460.0,620.0,1075.0,205.0,5.6,2770.0,1810.0,625.0,2770.0,1510.0,265.0,2775.0,2030.0,2760.0,2440.0,315.0,2670.0,1795.0,875.0,1605.0,500.0,2455.0,17.4,925.0,360.0,2680.0,345.0,640.0,1090.0,470.0,2220,published,1810.0,published,0.23880597014925373,0.40671641791044777,0.17537313432835822,0.3115264797507788,0.13619402985074627,0.174,0.5767441860465117,0.42790697674418604,0.8840579710144928,0.6722846441947565,0.19069767441860466,695.0,0.6881188118811881,0.297029702970297,0.0,0.5451263537906137,0.09566787003610108,0.22563176895306858,0.8153153153153153,0.7315315315315315,2600.0,0.9683426443202979,0.4618249534450652,0.055999999999999994,0.3891891891891892,0.1287313432835821,1219.2982456140353,359.6491228070176,True
5350353.03,5350353.03,2021S05075350353.03,0353.03,True,3000.0,7351.1,0.41,40.8,1045.0,340.0,0.0,100.0,10.0,565.0,2.9,2995.0,275.0,9.2,3000.0,140.0,3000.0,1570.0,1050.0,755.0,295.0,1050.0,630.0,0.0,2890.0,1840.0,630.0,2890.0,1815.0,240.0,2885.0,2485.0,2855.0,2575.0,285.0,2755.0,1830.0,925.0,1625.0,745.0,2490.0,16.9,900.0,340.0,3000.0,400.0,735.0,1190.0,540.0,2475,published,1840.0,published,0.245,0.39666666666666667,0.18,0.4584615384615385,0.09181969949916527,0.16899999999999998,0.28095238095238095,0.719047619047619,0.9019264448336253,0.6642468239564429,0.6,675.0,0.645933014354067,0.3253588516746411,0.0,0.6280276816608996,0.08304498269896193,0.2179930795847751,0.7434343434343434,0.8613518197573656,2860.0,0.9533333333333334,0.5233333333333333,0.0,0.37777777777777777,0.13333333333333333,1646.3414634146343,1536.5853658536587,True
5350353.04,5350353.04,2021S05075350353.04,0353.04,True,4255.0,6758.3,0.63,39.2,1530.0,385.0,5.0,150.0,30.0,905.0,2.8,4255.0,745.0,17.6,4255.0,130.0,4255.0,1930.0,1545.0,775.0,765.0,1545.0,355.0,35.9,4280.0,2890.0,625.0,4280.0,2490.0,220.0,4280.0,3460.0,4255.0,3990.0,265.0,4090.0,3040.0,1055.0,2285.0,725.0,3595.0,20.6,1295.0,455.0,4255.0,715.0,960.0,1670.0,640.0,3345,published,2890.0,published,0.2256169212690952,0.39247943595769685,0.15041128084606345,0.3172866520787746,0.17508813160987075,0.20600000000000002,0.49514563106796117,0.5016181229773463,0.9377203290246768,0.7432762836185819,0.2297734627831715,1085.0,0.7091503267973857,0.25163398692810457,0.0032679738562091504,0.5817757009345794,0.0514018691588785,0.14602803738317757,0.8639760837070254,0.8084112149532711,4125.0,0.9694477085781433,0.4535840188014101,0.359,0.35135135135135137,0.16803760282021152,1722.2222222222222,563.4920634920635,True
5350355.04,5350355.04,2021S05075350355.04,0355.04,True,5152.0,8956.9,0.58,39.2,1740.0,65.0,0.0,25.0,10.0,1450.0,2.8,4875.0,600.0,12.3,5000.0,145.0,5000.0,2035.0,1750.0,480.0,1275.0,1750.0,370.0,5.9,5035.0,2890.0,1190.0,5035.0,2850.0,550.0,5040.0,3995.0,4975.0,4620.0,355.0,4720.0,3040.0,1680.0,2710.0,845.0,4040.0,14.6,1765.0,675.0,5150.0,785.0,1200.0,1940.0,880.0,4075,published,2890.0,published,0.23300970873786409,0.3766990291262136,0.170873786407767,0.3118081180811808,0.12307692307692308,0.146,0.7285714285714285,0.2742857142857143,0.928643216080402,0.6440677966101694,0.21142857142857144,1485.0,0.853448275862069,0.03735632183908046,0.0,0.5660377358490566,0.10923535253227408,0.23634558093346575,0.7092024539877301,0.7926587301587301,4855.0,0.971,0.407,0.059000000000000004,0.38243626062322944,0.1524271844660194,2560.344827586207,637.9310344827587,True
5350363.04,5350363.04,2021S05075350363.04,0363.04,True,3908.0,3471.3,1.13,40.0,1150.0,580.0,5.0,70.0,5.0,195.0,3.4,3895.0,245.0,6.4,3895.0,115.0,3895.0,1655.0,1175.0,910.0,265.0,1175.0,285.0,11.3,4005.0,2675.0,705.0,4005.0,2375.0,285.0,4005.0,3460.0,3970.0,3640.0,330.0,3835.0,2635.0,1195.0,2210.0,830.0,3395.0,14.5,1430.0,365.0,3910.0,535.0,1040.0,1485.0,645.0,3205,published,2675.0,published,0.2659846547314578,0.3797953964194373,0.1649616368286445,0.3755656108597285,0.06290115532734275,0.145,0.225531914893617,0.774468085106383,0.9168765743073047,0.6870925684485006,0.2425531914893617,270.0,0.23478260869565218,0.5043478260869565,0.004347826086956522,0.5930087390761548,0.07116104868913857,0.1760299625468165,0.8346333853354134,0.8639200998751561,3780.0,0.9704749679075738,0.4249037227214377,0.113,0.25524475524475526,0.13682864450127877,238.93805309734515,252.212389380531,True
5350363.05,5350363.05,2021S05075350363.05,0363.05,True,4665.0,9244.9,0.5,32.4,1695.0,40.0,25.0,0.0,200.0,1300.0,2.8,4665.0,1105.0,23.7,4665.0,160.0,4665.0,2130.0,1705.0,505.0,1200.0,1705.0,590.0,31.4,4680.0,2485.0,1230.0,4680.0,2710.0,545.0,4680.0,4205.0,4630.0,3990.0,640.0,4390.0,2795.0,1600.0,2505.0,795.0,3715.0,17.6,1530.0,500.0,4665.0,875.0,1340.0,1665.0,470.0,3500,published,2485.0,published,0.2872454448017149,0.35691318327974275,0.1007502679528403,0.31736526946107785,0.23687031082529475,0.17600000000000002,0.7038123167155426,0.2961876832844575,0.8617710583153347,0.6366742596810934,0.3460410557184751,1500.0,0.8849557522123894,0.02359882005899705,0.014749262536873156,0.5790598290598291,0.11645299145299146,0.26282051282051283,0.71,0.8985042735042735,4505.0,0.9657020364415863,0.4565916398713826,0.314,0.32679738562091504,0.18756698821007503,3000.0,1180.0,True
5350376.11,5350376.11,2021S05075350376.11,0376.11,True,3313.0,7042.9,0.47,38.4,1025.0,80.0,105.0,15.0,95.0,250.0,3.2,3300.0,520.0,15.8,3310.0,320.0,3310.0,1795.0,995.0,525.0,475.0,995.0,220.0,35.1,3195.0,1845.0,785.0,3195.0,2025.0,320.0,3200.0,2685.0,3165.0,2795.0,370.0,3050.0,1900.0,1155.0,1685.0,500.0,2640.0,16.3,940.0,235.0,3315.0,555.0,825.0,1255.0,490.0,2610,published,1845.0,published,0.248868778280543,0.37858220211161386,0.1478129713423831,0.29673590504451036,0.15757575757575756,0.163,0.47738693467336685,0.5276381909547738,0.8830963665086888,0.6229508196721312,0.22110552763819097,360.0,0.35121951219512193,0.07804878048780488,0.1024390243902439,0.6338028169014085,0.10015649452269171,0.24569640062597808,0.7068965517241379,0.8390625,2990.0,0.9033232628398792,0.5422960725075529,0.35100000000000003,0.25,0.167420814479638,765.9574468085107,468.0851063829787,True
5350376.12,5350376.12,2021S05075350376.12,0376.12,True,5081.0,5570.1,0.91,51.6,1865.0,500.0,140.0,35.0,125.0,805.0,2.7,5080.0,495.0,9.8,5080.0,525.0,5080.0,3125.0,1890.0,1620.0,270.0,1890.0,995.0,0.0,5185.0,3720.0,880.0,5185.0,3280.0,315.0,5185.0,3840.0,5160.0,4750.0,415.0,5020.0,3545.0,1475.0,2575.0,1220.0,4660.0,16.8,1450.0,260.0,5080.0,475.0,1005.0,1890.0,1470.0,4455,published,3720.0,published,0.19783464566929135,0.3720472440944882,0.28937007874015747,0.47378640776699027,0.09744094488188976,0.168,0.14285714285714285,0.8571428571428571,0.9205426356589147,0.7061752988047809,0.5264550264550265,965.0,0.517426273458445,0.2680965147453083,0.07506702412868632,0.6325940212150434,0.06075216972034716,0.16972034715525555,0.835016835016835,0.7405978784956606,4555.0,0.8966535433070866,0.6151574803149606,0.0,0.1793103448275862,0.09350393700787402,1060.4395604395604,1093.4065934065934,True
5350376.13,5350376.13,2021S05075350376.13,0376.13,True,3626.0,7095.9,0.51,52.4,1325.0,415.0,50.0,45.0,10.0,645.0,2.7,3620.0,645.0,17.8,3625.0,765.0,3625.0,2685.0,1325.0,1155.0,170.0,1325.0,725.0,0.0,3460.0,2470.0,540.0,3460.0,2565.0,180.0,3465.0,3185.0,3445.0,3175.0,270.0,3390.0,2560.0,830.0,1570.0,665.0,3085.0,15.9,755.0,75.0,3625.0,400.0,610.0,1280.0,1175.0,3130,published,2470.0,published,0.16827586206896553,0.35310344827586204,0.32413793103448274,0.42356687898089174,0.1781767955801105,0.159,0.12830188679245283,0.8716981132075472,0.9216255442670537,0.7551622418879056,0.5471698113207547,700.0,0.5283018867924528,0.3132075471698113,0.03773584905660377,0.7413294797687862,0.05202312138728324,0.15606936416184972,0.7891373801916933,0.9191919191919192,2860.0,0.7889655172413793,0.7406896551724138,0.0,0.09933774834437085,0.1103448275862069,1372.549019607843,1421.5686274509803,True
5350376.14,5350376.14,2021S05075350376.14,0376.14,True,3472.0,4716.1,0.74,46.4,1050.0,775.0,60.0,85.0,25.0,0.0,3.3,3470.0,355.0,10.2,3475.0,725.0,3475.0,2505.0,1055.0,955.0,95.0,1055.0,50.0,0.0,3635.0,2270.0,825.0,3635.0,2390.0,235.0,3630.0,3325.0,3610.0,3280.0,325.0,3500.0,2735.0,765.0,1935.0,680.0,3155.0,19.3,900.0,130.0,3475.0,460.0,745.0,1320.0,780.0,2895,published,2270.0,published,0.2143884892086331,0.37985611510791367,0.22446043165467625,0.35142118863049093,0.10230547550432277,0.193,0.09004739336492891,0.9052132701421801,0.9085872576177285,0.7814285714285715,0.04739336492890995,110.0,0.10476190476190476,0.7380952380952381,0.05714285714285714,0.657496561210454,0.06464924346629987,0.22696011004126548,0.7841105354058722,0.9159779614325069,2750.0,0.7913669064748201,0.720863309352518,0.0,0.14444444444444443,0.13237410071942446,148.64864864864865,67.56756756756756,True
5350378.16,5350378.16,2021S05075350378.16,0378.16,True,5695.0,8924.9,0.64,43.2,1880.0,780.0,0.0,240.0,20.0,830.0,3.0,5685.0,655.0,11.6,5685.0,260.0,5685.0,2800.0,1880.0,1565.0,315.0,1880.0,870.0,0.0,5725.0,4025.0,820.0,5725.0,3730.0,225.0,5725.0,5535.0,5695.0,5260.0,440.0,5515.0,4085.0,1430.0,3095.0,920.0,4970.0,17.5,1765.0,365.0,5695.0,690.0,1350.0,2135.0,1175.0,4755,published,4025.0,published,0.2370500438981563,0.3748902546093064,0.20632133450395082,0.2972536348949919,0.11521547933157432,0.175,0.1675531914893617,0.8324468085106383,0.9236172080772608,0.7407071622846781,0.4627659574468085,1090.0,0.5797872340425532,0.4148936170212766,0.0,0.651528384279476,0.039301310043668124,0.14323144104803492,0.8464773922187171,0.9668122270742358,5425.0,0.9542656112576957,0.4925241864555849,0.0,0.20679886685552407,0.12115891132572432,1703.125,1359.375,True
5350378.17,5350378.17,2021S05075350378.17,0378.17,True,3265.0,6888.2,0.47,37.2,920.0,410.0,140.0,75.0,50.0,0.0,3.5,3265.0,355.0,11.0,3265.0,95.0,3265.0,1245.0,925.0,625.0,300.0,925.0,70.0,44.3,3230.0,2260.0,325.0,3230.0,1760.0,80.0,3225.0,2850.0,3205.0,2945.0,265.0,3095.0,2405.0,695.0,1690.0,470.0,2680.0,16.3,1100.0,235.0,3265.0,540.0,870.0,1190.0,470.0,2585,published,2260.0,published,0.2664624808575804,0.36447166921898927,0.1439509954058193,0.2781065088757396,0.10872894333843798,0.163,0.32432432432432434,0.6756756756756757,0.9188767550702028,0.777059773828756,0.07567567567567568,125.0,0.1358695652173913,0.44565217391304346,0.15217391304347827,0.544891640866873,0.02476780185758514,0.10061919504643962,0.874274661508704,0.8837209302325582,3170.0,0.9709035222052067,0.38131699846860645,0.44299999999999995,0.21363636363636362,0.16539050535987748,265.95744680851067,148.93617021276597,True
5350802.01,5350802.01,2021S05075350802.01,0802.01,True,4011.0,1844.8,2.17,43.2,1305.0,810.0,155.0,65.0,5.0,0.0,3.0,3940.0,195.0,5.0,3935.0,55.0,3935.0,1205.0,1295.0,1230.0,65.0,1295.0,35.0,0.0,3850.0,2855.0,275.0,3850.0,1695.0,95.0,3850.0,2295.0,3810.0,3645.0,160.0,3685.0,3005.0,675.0,2030.0,915.0,3235.0,12.1,1195.0,250.0,4015.0,565.0,785.0,1610.0,800.0,3260,published,2855.0,published,0.19551681195516812,0.40099626400996263,0.199252801992528,0.45073891625615764,0.04949238578680203,0.121,0.05019305019305019,0.9498069498069498,0.9566929133858267,0.8154681139755766,0.02702702702702703,70.0,0.05363984674329502,0.6206896551724138,0.11877394636015326,0.44025974025974024,0.024675324675324677,0.07142857142857142,0.8757668711656442,0.5961038961038961,3880.0,0.9860228716645489,0.3062261753494282,0.0,0.20920502092050208,0.14072229140722292,32.25806451612903,16.129032258064516,True
5350802.02,5350802.02,2021S05075350802.02,0802.02,True,5373.0,2380.6,2.26,45.2,1800.0,1515.0,45.0,85.0,5.0,0.0,3.0,5375.0,215.0,4.0,5370.0,55.0,5370.0,1330.0,1805.0,1660.0,150.0,1805.0,55.0,0.0,5460.0,4215.0,275.0,5460.0,1850.0,115.0,5455.0,2470.0,5420.0,5035.0,380.0,5235.0,4015.0,1215.0,2860.0,1570.0,4610.0,13.4,1395.0,225.0,5375.0,760.0,1030.0,2150.0,1120.0,4390,published,4215.0,published,0.19162790697674417,0.4,0.20837209302325582,0.548951048951049,0.04,0.134,0.08310249307479224,0.9196675900277008,0.9289667896678967,0.766953199617956,0.030470914127423823,90.0,0.05,0.8416666666666667,0.025,0.33882783882783885,0.021062271062271064,0.05036630036630037,0.9601366742596811,0.45279560036663613,5315.0,0.9897579143389199,0.24767225325884543,0.0,0.16129032258064516,0.1413953488372093,39.823008849557525,24.33628318584071,True
5350311.05,5350311.05,2021S05075350311.05,0311.05,True,6698.0,19375.2,0.35,32.0,2445.0,0.0,0.0,0.0,110.0,2145.0,2.7,6690.0,910.0,13.6,6700.0,250.0,6700.0,3280.0,2480.0,1000.0,1480.0,2480.0,1225.0,5.8,6905.0,3395.0,2405.0,6905.0,3730.0,750.0,6905.0,5710.0,6820.0,5920.0,900.0,6540.0,3795.0,2745.0,3855.0,1340.0,5900.0,14.6,2790.0,1185.0,6700.0,760.0,2540.0,2285.0,705.0,5545,published,3395.0,published,0.37910447761194027,0.341044776119403,0.10522388059701493,0.3476005188067445,0.13602391629297458,0.146,0.5967741935483871,0.4032258064516129,0.8680351906158358,0.5802752293577982,0.4939516129032258,2255.0,0.9222903885480572,0.0,0.0,0.5401882693700217,0.10861694424330195,0.34829833454018827,0.612263300270514,0.8269370021723389,6450.0,0.9626865671641791,0.48955223880597015,0.057999999999999996,0.42473118279569894,0.11343283582089553,6442.857142857143,3500.0,True
5350311.06,5350311.06,2021S05075350311.06,0311.06,True,6660.0,650.7,10.24,31.2,2655.0,205.0,310.0,65.0,195.0,1620.0,2.4,6380.0,1215.0,19.0,6660.0,160.0,6660.0,2985.0,2620.0,1125.0,1495.0,2620.0,1325.0,9.4,6165.0,3160.0,2365.0,6165.0,2995.0,640.0,6165.0,4930.0,6115.0,4815.0,1305.0,5940.0,2280.0,3660.0,3810.0,1870.0,5485.0,17.3,2015.0,715.0,6660.0,600.0,3030.0,2200.0,515.0,5795,published,3160.0,published,0.45495495495495497,0.3303303303303303,0.07732732732732733,0.49081364829396323,0.19043887147335423,0.17300000000000001,0.5706106870229007,0.42938931297709926,0.7874080130825838,0.3838383838383838,0.5057251908396947,1880.0,0.7080979284369114,0.07721280602636535,0.1167608286252354,0.48580697485806973,0.10381184103811841,0.38361719383617193,0.545297670405522,0.7996755879967559,6500.0,0.975975975975976,0.44819819819819817,0.094,0.3548387096774194,0.09009009009009009,183.59375,129.39453125,True
5350378.18,5350378.18,2021S05075350378.18,0378.18,True,2587.0,28459.8,0.09,48.8,1080.0,0.0,0.0,0.0,0.0,980.0,2.4,2585.0,680.0,26.4,2585.0,590.0,2585.0,1745.0,1095.0,845.0,250.0,1095.0,995.0,14.0,2655.0,1730.0,465.0,2655.0,1825.0,160.0,2655.0,2535.0,2625.0,2415.0,215.0,2500.0,1720.0,780.0,1290.0,320.0,2230.0,15.9,715.0,140.0,2585.0,325.0,425.0,1020.0,690.0,2145,published,1730.0,published,0.1644100580270793,0.3945841392649903,0.26692456479690524,0.24806201550387597,0.26305609284332687,0.159,0.228310502283105,0.771689497716895,0.92,0.688,0.908675799086758,980.0,0.9074074074074074,0.0,0.0,0.687382297551789,0.060263653483992465,0.1751412429378531,0.8065268065268065,0.9548022598870056,1995.0,0.7717601547388782,0.6750483558994197,0.14,0.1958041958041958,0.12572533849129594,10888.888888888889,11055.555555555557,True
5350378.19,5350378.19,2021S05075350378.19,0378.19,True,4808.0,1067.9,4.5,43.6,1385.0,1040.0,110.0,145.0,5.0,0.0,3.5,4805.0,505.0,10.5,4815.0,1025.0,4815.0,3195.0,1385.0,1280.0,100.0,1385.0,20.0,0.0,4810.0,3165.0,910.0,4810.0,3090.0,210.0,4810.0,4640.0,4795.0,4415.0,385.0,4635.0,3650.0,985.0,2605.0,660.0,4180.0,18.0,1490.0,250.0,4810.0,630.0,1085.0,1870.0,975.0,3995,published,3165.0,published,0.22557172557172558,0.3887733887733888,0.20270270270270271,0.2533589251439539,0.10509885535900104,0.18,0.07220216606498195,0.924187725631769,0.9207507820646507,0.7874865156418555,0.01444043321299639,150.0,0.10830324909747292,0.7509025270758123,0.07942238267148015,0.6424116424116424,0.04365904365904366,0.1891891891891892,0.7922403003754693,0.9646569646569647,3790.0,0.7871235721703012,0.6635514018691588,0.0,0.16778523489932887,0.13097713097713098,33.333333333333336,4.444444444444445,True
5350378.2,5350378.20,2021S05075350378.20,0378.20,True,1918.0,17516.0,0.11,53.2,760.0,0.0,0.0,0.0,0.0,755.0,2.5,1915.0,420.0,22.0,1920.0,490.0,1920.0,1385.0,755.0,645.0,105.0,755.0,745.0,0.0,1845.0,1340.0,280.0,1845.0,1440.0,100.0,1845.0,1690.0,1835.0,1680.0,155.0,1785.0,1230.0,555.0,925.0,285.0,1650.0,17.7,470.0,75.0,1920.0,185.0,340.0,690.0,605.0,1670,published,1340.0,published,0.17708333333333334,0.359375,0.3151041666666667,0.3081081081081081,0.2193211488250653,0.177,0.1390728476821192,0.8543046357615894,0.9155313351498637,0.6890756302521008,0.9867549668874173,755.0,0.993421052631579,0.0,0.0,0.7804878048780488,0.05420054200542006,0.15176151761517614,0.8023952095808383,0.9159891598915989,1430.0,0.7447916666666666,0.7213541666666666,0.0,0.1595744680851064,0.09635416666666667,6863.636363636364,6772.727272727273,True
5350378.21,5350378.21,2021S05075350378.21,0378.21,True,3612.0,5146.8,0.7,44.0,1035.0,665.0,175.0,45.0,10.0,5.0,3.5,3610.0,365.0,10.0,3610.0,795.0,3610.0,2535.0,1035.0,955.0,75.0,1035.0,20.0,0.0,3565.0,2185.0,800.0,3565.0,2385.0,270.0,3565.0,3330.0,3550.0,3295.0,255.0,3395.0,2430.0,965.0,1860.0,540.0,2995.0,19.2,860.0,105.0,3615.0,450.0,835.0,1390.0,740.0,3000,published,2185.0,published,0.23098201936376211,0.38450899031811897,0.20470262793914246,0.2903225806451613,0.10110803324099724,0.192,0.07246376811594203,0.9227053140096618,0.928169014084507,0.7157584683357879,0.01932367149758454,60.0,0.057971014492753624,0.642512077294686,0.16908212560386474,0.6690042075736325,0.07573632538569425,0.2244039270687237,0.7283333333333334,0.9340813464235624,2815.0,0.7797783933518005,0.7022160664819944,0.0,0.12209302325581395,0.12448132780082988,85.71428571428572,28.571428571428573,True
5350378.22,5350378.22,2021S05075350378.22,0378.22,True,3114.0,5852.3,0.53,46.4,870.0,800.0,5.0,60.0,5.0,0.0,3.6,3110.0,370.0,11.9,3115.0,895.0,3115.0,2345.0,875.0,810.0,60.0,875.0,0.0,0.0,3160.0,2060.0,690.0,3160.0,2200.0,185.0,3155.0,3045.0,3135.0,2930.0,205.0,3040.0,2305.0,735.0,1755.0,500.0,2800.0,19.5,855.0,115.0,3115.0,345.0,660.0,1165.0,735.0,2650,published,2060.0,published,0.21187800963081863,0.3739967897271268,0.23595505617977527,0.2849002849002849,0.1189710610932476,0.195,0.06857142857142857,0.9257142857142857,0.9346092503987241,0.7582236842105263,0.0,65.0,0.07471264367816093,0.9195402298850575,0.005747126436781609,0.6962025316455697,0.058544303797468354,0.21835443037974683,0.7773584905660378,0.96513470681458,2220.0,0.7126805778491172,0.7528089887640449,0.0,0.13450292397660818,0.11075441412520064,122.64150943396226,0.0,True
5350194.01,5350194.01,2021S05075350194.01,0194.01,True,7821.0,28849.1,0.27,28.2,2040.0,0.0,0.0,0.0,0.0,2040.0,3.8,7815.0,2305.0,29.5,7820.0,515.0,7820.0,5610.0,2035.0,60.0,1980.0,2035.0,60.0,3.8,7775.0,3200.0,2200.0,7775.0,5020.0,1265.0,7775.0,7190.0,7660.0,7185.0,475.0,7005.0,4770.0,2240.0,3745.0,1315.0,5325.0,21.3,1660.0,450.0,7825.0,2080.0,1880.0,2645.0,425.0,4995,published,3200.0,published,0.2402555910543131,0.3380191693290735,0.054313099041533544,0.35113484646194926,0.29494561740243125,0.213,0.972972972972973,0.029484029484029485,0.9379895561357703,0.6809421841541756,0.029484029484029485,2040.0,1.0,0.0,0.0,0.6456591639871383,0.16270096463022507,0.2829581993569132,0.6406406406406406,0.9247588424437299,7305.0,0.9341432225063938,0.717391304347826,0.038,0.2710843373493976,0.265814696485623,7555.555555555555,222.2222222222222,True
5350194.02,5350194.02,2021S05075350194.02,0194.02,True,4717.0,15399.9,0.31,34.8,1495.0,0.0,0.0,0.0,0.0,1490.0,3.0,4490.0,1025.0,22.9,4495.0,260.0,4495.0,2690.0,1500.0,15.0,1485.0,1500.0,15.0,3.0,4530.0,2310.0,1270.0,4530.0,2885.0,820.0,4530.0,3720.0,4490.0,4085.0,405.0,4220.0,2950.0,1270.0,2275.0,935.0,3495.0,18.4,1100.0,345.0,4720.0,930.0,1110.0,1510.0,800.0,3460,published,2310.0,published,0.23516949152542374,0.3199152542372881,0.1694915254237288,0.41098901098901097,0.22828507795100222,0.184,0.99,0.01,0.9097995545657016,0.6990521327014217,0.01,1490.0,0.9966555183946488,0.0,0.0,0.6368653421633554,0.18101545253863136,0.2803532008830022,0.6676300578034682,0.8211920529801324,4235.0,0.9421579532814238,0.5984427141268076,0.03,0.31363636363636366,0.19703389830508475,4806.451612903225,48.38709677419355,True
5350194.03,5350194.03,2021S05075350194.03,0194.03,True,2700.0,10791.4,0.25,40.4,1150.0,0.0,0.0,0.0,0.0,1150.0,2.4,2700.0,675.0,24.9,2705.0,120.0,2705.0,1540.0,1170.0,10.0,1165.0,1170.0,10.0,25.4,2750.0,1630.0,660.0,2750.0,1955.0,400.0,2750.0,2270.0,2705.0,2420.0,285.0,2595.0,1810.0,790.0,1410.0,565.0,2225.0,19.6,755.0,325.0,2705.0,425.0,565.0,975.0,550.0,2125,published,1630.0,published,0.2088724584103512,0.36044362292051757,0.2033271719038817,0.40070921985815605,0.25,0.196,0.9957264957264957,0.008547008547008548,0.8946395563770795,0.697495183044316,0.008547008547008548,1150.0,1.0,0.0,0.0,0.7109090909090909,0.14545454545454545,0.24,0.7670588235294118,0.8254545454545454,2585.0,0.955637707948244,0.5693160813308688,0.254,0.4304635761589404,0.15711645101663585,4600.0,40.0,True
5350194.04,5350194.04,2021S05075350194.04,0194.04,True,5399.0,2384.1,2.26,38.0,2385.0,5.0,0.0,0.0,375.0,1920.0,2.3,5400.0,925.0,17.2,5395.0,195.0,5395.0,2875.0,2360.0,915.0,1450.0,2360.0,1400.0,7.3,5345.0,3330.0,1055.0,5345.0,3045.0,550.0,5350.0,3550.0,5280.0,4535.0,745.0,4995.0,2950.0,2040.0,3185.0,1780.0,4385.0,13.7,1440.0,345.0,5400.0,765.0,1240.0,2230.0,750.0,4275,published,3330.0,published,0.22962962962962963,0.412962962962963,0.1388888888888889,0.5588697017268446,0.1712962962962963,0.13699999999999998,0.614406779661017,0.3877118644067797,0.8589015151515151,0.5905905905905906,0.5932203389830508,2295.0,0.9622641509433962,0.0020964360587002098,0.0,0.5696913002806361,0.1028999064546305,0.19738072965388212,0.7789473684210526,0.6635514018691588,5200.0,0.963855421686747,0.5329008341056534,0.073,0.23958333333333334,0.14166666666666666,1015.4867256637169,619.4690265486727,True
5350317.04,5350317.04,2021S05075350317.04,0317.04,True,6731.0,9382.5,0.72,41.2,2500.0,50.0,180.0,0.0,90.0,2055.0,2.7,6730.0,765.0,11.4,6735.0,300.0,6735.0,4260.0,2505.0,1320.0,1190.0,2505.0,1380.0,5.0,6750.0,4205.0,1600.0,6750.0,4550.0,720.0,6755.0,3420.0,6690.0,6035.0,660.0,6415.0,3935.0,2485.0,3790.0,1480.0,5810.0,17.0,2315.0,770.0,6735.0,880.0,1515.0,2795.0,1155.0,5550,published,4205.0,published,0.22494432071269488,0.414996288047513,0.1714922048997773,0.39050131926121373,0.11367013372956909,0.17,0.4750499001996008,0.5269461077844312,0.9020926756352765,0.6134060795011691,0.5508982035928144,2145.0,0.858,0.02,0.072,0.674074074074074,0.10666666666666667,0.23703703703703705,0.7576576576576577,0.5062916358253146,6435.0,0.955456570155902,0.6325167037861915,0.05,0.3326133909287257,0.13066072754268745,2979.166666666667,1916.6666666666667,True
5350317.05,5350317.05,2021S05075350317.05,0317.05,True,2162.0,4369.4,0.49,50.0,800.0,5.0,220.0,5.0,260.0,265.0,2.7,2160.0,240.0,11.1,2165.0,80.0,2165.0,1310.0,795.0,570.0,230.0,795.0,210.0,27.7,2140.0,1615.0,280.0,2140.0,1395.0,150.0,2135.0,1035.0,2130.0,1840.0,285.0,2075.0,1530.0,535.0,1150.0,525.0,1925.0,12.6,710.0,260.0,2165.0,195.0,430.0,880.0,575.0,1905,published,1615.0,published,0.19861431870669746,0.4064665127020785,0.26558891454965355,0.45652173913043476,0.1111111111111111,0.126,0.2893081761006289,0.7169811320754716,0.863849765258216,0.7373493975903614,0.2641509433962264,530.0,0.6625,0.00625,0.275,0.6518691588785047,0.07009345794392523,0.1308411214953271,0.847769028871391,0.4847775175644028,2085.0,0.9630484988452656,0.605080831408776,0.27699999999999997,0.36619718309859156,0.09006928406466513,1081.6326530612246,428.57142857142856,True
5350341.03,5350341.03,2021S05075350341.03,0341.03,True,3185.0,7962.5,0.4,33.6,1165.0,0.0,0.0,0.0,0.0,1160.0,2.7,3185.0,1100.0,34.6,3185.0,85.0,3185.0,1730.0,1185.0,10.0,1175.0,1185.0,10.0,55.5,3035.0,1730.0,540.0,3035.0,1840.0,335.0,3040.0,2755.0,3005.0,2685.0,315.0,2785.0,2005.0,785.0,1615.0,570.0,2295.0,26.0,680.0,295.0,3185.0,725.0,665.0,1315.0,200.0,2205,published,1730.0,published,0.2087912087912088,0.41287284144427,0.06279434850863422,0.35294117647058826,0.3453689167974882,0.26,0.9915611814345991,0.008438818565400843,0.8935108153078203,0.7199281867145422,0.008438818565400843,1160.0,0.9957081545064378,0.0,0.0,0.6062602965403624,0.11037891268533773,0.17792421746293247,0.7845804988662132,0.90625,3100.0,0.9733124018838305,0.543171114599686,0.555,0.4338235294117647,0.22762951334379905,2900.0,25.0,True
5350341.04,5350341.04,2021S05075350341.04,0341.04,True,6152.0,9168.4,0.67,36.4,2360.0,500.0,50.0,230.0,95.0,1295.0,2.6,6145.0,1250.0,20.3,6150.0,215.0,6150.0,2600.0,2360.0,670.0,1690.0,2360.0,55.0,36.9,6365.0,3810.0,1255.0,6365.0,3345.0,555.0,6365.0,4995.0,6320.0,5770.0,545.0,6060.0,4165.0,1895.0,3535.0,1330.0,5170.0,20.4,1775.0,810.0,6155.0,1035.0,1550.0,2505.0,700.0,4800,published,3810.0,published,0.2518277822908205,0.40698619008935827,0.11372867587327376,0.37623762376237624,0.20341741253051263,0.204,0.7161016949152542,0.2838983050847458,0.9129746835443038,0.6872937293729373,0.023305084745762712,1620.0,0.6864406779661016,0.211864406779661,0.0211864406779661,0.5255302435192458,0.08719560094265515,0.197172034564022,0.79375,0.7847604084838963,5935.0,0.9650406504065041,0.42276422764227645,0.369,0.4563380281690141,0.16815597075548336,2417.910447761194,82.08955223880596,True
5350250.04,5350250.04,2021S05075350250.04,0250.04,True,5939.0,12245.4,0.49,34.0,1980.0,0.0,0.0,0.0,0.0,1980.0,3.0,5935.0,775.0,13.1,5940.0,235.0,5940.0,2285.0,1965.0,795.0,1170.0,1965.0,1030.0,5.5,5880.0,2785.0,1935.0,5880.0,3600.0,825.0,5875.0,5490.0,5825.0,5270.0,550.0,5495.0,3270.0,2220.0,3215.0,775.0,4645.0,17.0,2115.0,580.0,5940.0,1130.0,1520.0,2335.0,495.0,4385,published,2785.0,published,0.2558922558922559,0.3930976430976431,0.08333333333333333,0.2410575427682737,0.13058129738837404,0.17,0.5954198473282443,0.40458015267175573,0.9047210300429185,0.5950864422202001,0.5241730279898219,1980.0,1.0,0.0,0.0,0.6122448979591837,0.14030612244897958,0.32908163265306123,0.6351197263397947,0.934468085106383,5705.0,0.9604377104377104,0.3846801346801347,0.055,0.27423167848699764,0.19023569023569023,4040.8163265306125,2102.0408163265306,True
5350250.05,5350250.05,2021S05075350250.05,0250.05,True,7031.0,10511.3,0.67,36.4,2205.0,0.0,5.0,0.0,0.0,2195.0,3.2,7030.0,1245.0,17.8,7030.0,745.0,7030.0,4095.0,2215.0,910.0,1310.0,2215.0,1190.0,7.3,7085.0,3550.0,2200.0,7085.0,5120.0,1275.0,7090.0,6265.0,7030.0,6290.0,740.0,6720.0,4200.0,2515.0,3915.0,820.0,5730.0,18.5,2120.0,330.0,7030.0,1225.0,1760.0,2715.0,845.0,5400,published,3550.0,published,0.2503556187766714,0.3862019914651494,0.12019914651493599,0.20945083014048532,0.1770981507823613,0.185,0.5914221218961625,0.4108352144469526,0.8947368421052632,0.625,0.5372460496613995,2195.0,0.9954648526077098,0.0,0.0022675736961451248,0.7226534932956952,0.17995765702187722,0.310515172900494,0.6574074074074074,0.883638928067701,6285.0,0.8940256045519204,0.5825035561877667,0.073,0.15566037735849056,0.17425320056899005,3276.1194029850744,1776.1194029850744,True
5350269.01,5350269.01,2021S05075350269.01,0269.01,True,5284.0,7074.6,0.75,35.2,2225.0,0.0,0.0,0.0,0.0,2215.0,2.4,5280.0,890.0,16.9,5280.0,170.0,5280.0,2550.0,2230.0,330.0,1900.0,2230.0,530.0,15.0,5195.0,3195.0,1275.0,5195.0,3025.0,625.0,5195.0,3990.0,5150.0,4580.0,570.0,4960.0,2675.0,2285.0,3210.0,1460.0,4495.0,16.0,1635.0,480.0,5285.0,630.0,1720.0,1970.0,670.0,4405,published,3195.0,published,0.3254493850520341,0.3727530747398297,0.12677388836329234,0.45482866043613707,0.16856060606060605,0.16,0.852017937219731,0.14798206278026907,0.8893203883495145,0.5393145161290323,0.23766816143497757,2215.0,0.9955056179775281,0.0,0.0,0.5822906641000962,0.12030798845043311,0.24542829643888353,0.7253121452894438,0.7680461982675649,5110.0,0.9678030303030303,0.48295454545454547,0.15,0.29357798165137616,0.11920529801324503,2953.3333333333335,706.6666666666666,True
5350269.02,5350269.02,2021S05075350269.02,0269.02,True,2562.0,1460.7,1.75,46.0,910.0,625.0,180.0,20.0,15.0,5.0,2.8,2555.0,200.0,7.9,2555.0,70.0,2555.0,1065.0,905.0,805.0,90.0,905.0,55.0,0.0,2640.0,1910.0,260.0,2640.0,1245.0,105.0,2640.0,1435.0,2615.0,2435.0,185.0,2530.0,1760.0,775.0,1380.0,950.0,2230.0,17.0,635.0,65.0,2560.0,350.0,470.0,1060.0,540.0,2090,published,1910.0,published,0.18359375,0.4140625,0.2109375,0.6884057971014492,0.07827788649706457,0.17,0.09944751381215469,0.8895027624309392,0.9311663479923518,0.6956521739130435,0.06077348066298342,40.0,0.04395604395604396,0.6868131868131868,0.1978021978021978,0.4715909090909091,0.03977272727272727,0.09848484848484848,0.9138755980861244,0.5435606060606061,2485.0,0.9726027397260274,0.41682974559686886,0.0,0.10236220472440945,0.13671875,22.857142857142858,31.428571428571427,True
5350344.01,5350344.01,2021S05075350344.01,0344.01,True,5183.0,4878.6,1.06,41.6,1840.0,780.0,85.0,310.0,215.0,310.0,2.8,5175.0,695.0,13.5,5175.0,185.0,5175.0,2390.0,1830.0,945.0,880.0,1830.0,20.0,25.4,5145.0,3405.0,960.0,5145.0,2855.0,275.0,5150.0,4050.0,5110.0,4730.0,385.0,4905.0,3445.0,1460.0,2755.0,835.0,4425.0,16.5,1645.0,585.0,5185.0,625.0,1310.0,1965.0,990.0,4330,published,3405.0,published,0.25265188042430087,0.3789778206364513,0.1909353905496625,0.3030852994555354,0.13429951690821257,0.165,0.4808743169398907,0.5163934426229508,0.9256360078277887,0.7023445463812437,0.01092896174863388,835.0,0.453804347826087,0.42391304347826086,0.04619565217391304,0.5549076773566569,0.05344995140913508,0.18658892128279883,0.7863741339491916,0.7864077669902912,4990.0,0.9642512077294686,0.4618357487922705,0.254,0.3556231003039514,0.12054001928640308,787.7358490566037,18.867924528301884,True
5350344.02,5350344.02,2021S05075350344.02,0344.02,True,3301.0,14816.0,0.22,49.2,1775.0,0.0,0.0,0.0,0.0,1765.0,1.9,3300.0,1055.0,31.9,3300.0,140.0,3300.0,1435.0,1780.0,805.0,975.0,1780.0,995.0,75.4,3330.0,2425.0,405.0,3330.0,2000.0,225.0,3325.0,2560.0,3315.0,3040.0,275.0,3185.0,2205.0,980.0,1950.0,495.0,2860.0,23.7,830.0,275.0,3305.0,405.0,560.0,1455.0,690.0,2750,published,2425.0,published,0.16944024205748864,0.4402420574886536,0.2087745839636914,0.25384615384615383,0.3196969696969697,0.237,0.547752808988764,0.45224719101123595,0.9170437405731523,0.6923076923076923,0.5589887640449438,1765.0,0.9943661971830986,0.0,0.0,0.6006006006006006,0.06756756756756757,0.12162162162162163,0.8818181818181818,0.7699248120300752,3160.0,0.9575757575757575,0.4348484848484849,0.754,0.3313253012048193,0.12254160363086233,8022.727272727273,4522.727272727273,True
5350803.03,5350803.03,2021S05075350803.03,0803.03,False,5633.0,1900.3,2.96,42.8,1825.0,1280.0,5.0,165.0,10.0,105.0,3.1,5620.0,320.0,5.8,5625.0,60.0,5625.0,1645.0,1820.0,1555.0,265.0,1820.0,275.0,30.2,5625.0,4230.0,320.0,5625.0,2190.0,125.0,5620.0,3005.0,5600.0,5010.0,585.0,5390.0,3750.0,1645.0,2960.0,1250.0,4760.0,13.2,1625.0,175.0,5635.0,800.0,1205.0,2225.0,1025.0,4565,published,4230.0,published,0.21384205856255545,0.3948535936113576,0.18189884649511978,0.4222972972972973,0.05693950177935943,0.132,0.14560439560439561,0.8543956043956044,0.8946428571428572,0.6957328385899815,0.1510989010989011,280.0,0.15342465753424658,0.7013698630136986,0.0027397260273972603,0.3893333333333333,0.022222222222222223,0.05688888888888889,0.9266155531215772,0.5346975088967971,5565.0,0.9893333333333333,0.29244444444444445,0.302,0.1076923076923077,0.1419698314108252,94.5945945945946,92.9054054054054,False
5350803.04,5350803.04,2021S05075350803.04,0803.04,False,6258.0,2253.8,2.78,39.2,1840.0,1300.0,235.0,100.0,15.0,5.0,3.4,6260.0,250.0,4.0,6255.0,90.0,6255.0,1740.0,1840.0,1660.0,180.0,1840.0,75.0,16.2,6255.0,4660.0,275.0,6255.0,2270.0,120.0,6260.0,3505.0,6205.0,5890.0,315.0,5965.0,4535.0,1420.0,3460.0,1590.0,5210.0,12.2,1800.0,80.0,6255.0,1040.0,1500.0,2655.0,710.0,4925,published,4660.0,published,0.23980815347721823,0.4244604316546763,0.1135091926458833,0.4595375722543353,0.039936102236421724,0.122,0.09782608695652174,0.9021739130434783,0.9492344883158743,0.760268231349539,0.04076086956521739,120.0,0.06521739130434782,0.7065217391304348,0.12771739130434784,0.36290967226219023,0.019184652278177457,0.04396482813749001,0.9461928934010152,0.5599041533546326,6165.0,0.9856115107913669,0.27817745803357313,0.162,0.044444444444444446,0.16626698641087131,43.16546762589928,26.97841726618705,False
5350410.09,5350410.09,2021S05075350410.09,0410.09,False,5094.0,4154.0,1.23,54.4,2040.0,610.0,0.0,90.0,0.0,1120.0,2.3,4740.0,650.0,13.7,5060.0,335.0,5060.0,3005.0,2040.0,1645.0,400.0,2040.0,1295.0,0.0,4690.0,3475.0,690.0,4690.0,2895.0,220.0,4685.0,2425.0,4675.0,4195.0,480.0,4520.0,2745.0,1775.0,2395.0,1340.0,4195.0,15.5,1240.0,250.0,5095.0,395.0,900.0,1785.0,1775.0,4540,published,3475.0,published,0.17664376840039253,0.35034347399411186,0.34838076545632973,0.5594989561586639,0.1371308016877637,0.155,0.19607843137254902,0.8063725490196079,0.8973262032085562,0.6073008849557522,0.6348039215686274,1210.0,0.5931372549019608,0.29901960784313725,0.0,0.6172707889125799,0.046908315565031986,0.14712153518123666,0.7654185022026432,0.5176093916755603,4725.0,0.9337944664031621,0.5938735177865613,0.0,0.20161290322580644,0.0775269872423945,983.739837398374,1052.8455284552845,False
5350412.11,5350412.11,2021S05075350412.11,0412.11,False,4443.0,165.2,26.89,41.6,1320.0,1055.0,180.0,45.0,5.0,0.0,3.3,4425.0,150.0,3.5,4425.0,105.0,4425.0,1645.0,1325.0,1265.0,60.0,1325.0,15.0,0.0,4390.0,3270.0,240.0,4390.0,1475.0,55.0,4390.0,1165.0,4340.0,4245.0,100.0,4185.0,3610.0,580.0,2345.0,745.0,3665.0,11.9,1485.0,50.0,4440.0,665.0,1010.0,1900.0,635.0,3575,published,3270.0,published,0.22747747747747749,0.42792792792792794,0.14301801801801803,0.31769722814498935,0.03389830508474576,0.11900000000000001,0.045283018867924525,0.9547169811320755,0.978110599078341,0.8626045400238949,0.011320754716981131,50.0,0.03787878787878788,0.7992424242424242,0.13636363636363635,0.3359908883826879,0.012528473804100227,0.05466970387243736,0.9146853146853147,0.265375854214123,4320.0,0.976271186440678,0.37175141242937854,0.0,0.03367003367003367,0.14977477477477477,1.859427296392711,0.5578281889178133,False
5350576.78,5350576.78,2021S05075350576.78,0576.78,False,5212.0,268.6,19.4,33.6,1165.0,740.0,320.0,105.0,0.0,0.0,4.4,5165.0,215.0,4.1,5195.0,410.0,5195.0,3205.0,1160.0,985.0,175.0,1160.0,35.0,0.0,5145.0,2900.0,1165.0,5145.0,2995.0,315.0,5145.0,5010.0,5115.0,4455.0,655.0,4915.0,3450.0,1470.0,2670.0,1035.0,4240.0,14.8,2005.0,235.0,5210.0,895.0,1505.0,1945.0,545.0,4060,published,2900.0,published,0.2888675623800384,0.373320537428023,0.10460652591170826,0.38764044943820225,0.041626331074540175,0.14800000000000002,0.15086206896551724,0.8491379310344828,0.8709677419354839,0.7019328585961343,0.03017241379310345,105.0,0.09012875536480687,0.6351931330472103,0.27467811158798283,0.5821185617103984,0.061224489795918366,0.22643343051506318,0.7142857142857143,0.9737609329446064,4785.0,0.9210779595765158,0.6169393647738209,0.0,0.1172069825436409,0.17178502879078694,5.412371134020619,1.8041237113402062,False
5350528.62,5350528.62,2021S05075350528.62,0528.62,False,1778.0,40.7,43.69,39.6,520.0,45.0,0.0,15.0,0.0,195.0,3.1,1615.0,280.0,17.4,1640.0,75.0,1640.0,680.0,500.0,260.0,240.0,500.0,215.0,38.3,1520.0,910.0,315.0,1520.0,810.0,60.0,1515.0,1425.0,1495.0,1350.0,145.0,1420.0,975.0,445.0,815.0,240.0,1210.0,16.0,520.0,70.0,1780.0,250.0,440.0,660.0,315.0,1430,published,910.0,published,0.24719101123595505,0.3707865168539326,0.17696629213483145,0.294478527607362,0.17337461300309598,0.16,0.48,0.52,0.903010033444816,0.6866197183098591,0.43,210.0,0.40384615384615385,0.08653846153846154,0.0,0.5328947368421053,0.039473684210526314,0.20723684210526316,0.6363636363636364,0.9405940594059405,1565.0,0.9542682926829268,0.4146341463414634,0.38299999999999995,0.1346153846153846,0.1404494382022472,4.8065918974593735,4.921034561684596,False
5350011.01,5350011.01,2021S05075350011.01,0011.01,True,9592.0,20802.4,0.46,32.0,6380.0,0.0,55.0,25.0,270.0,5955.0,1.5,9515.0,1155.0,12.2,9590.0,70.0,9590.0,2505.0,6385.0,2690.0,3700.0,6385.0,5815.0,3.0,9500.0,7455.0,1610.0,9500.0,2790.0,785.0,9500.0,3835.0,9405.0,6025.0,3380.0,9230.0,2125.0,7105.0,7910.0,6005.0,9035.0,6.7,2370.0,535.0,9590.0,215.0,5445.0,3230.0,360.0,9070,published,7455.0,published,0.5677789363920751,0.3368091762252346,0.03753910323253389,0.7591656131479141,0.12138728323699421,0.067,0.5794831636648394,0.42129992169146435,0.6406166932482722,0.23022751895991334,0.9107282693813625,6250.0,0.9796238244514106,0.0,0.008620689655172414,0.29368421052631577,0.08263157894736842,0.1694736842105263,0.8219404630650496,0.4036842105263158,9520.0,0.9927007299270073,0.26120959332638166,0.03,0.22573839662447256,0.022419186652763295,13586.95652173913,12641.304347826086,True
5350011.02,5350011.02,2021S05075350011.02,0011.02,True,9746.0,33875.6,0.29,29.8,6570.0,5.0,0.0,0.0,35.0,6520.0,1.5,9720.0,1405.0,14.5,9730.0,140.0,9730.0,3800.0,6690.0,2485.0,4205.0,6690.0,6620.0,0.5,9845.0,6795.0,2785.0,9845.0,3925.0,1310.0,9845.0,5490.0,9780.0,5695.0,4080.0,9655.0,1710.0,7945.0,7785.0,6355.0,9515.0,8.3,2385.0,470.0,9745.0,165.0,6825.0,2265.0,260.0,9375,published,6795.0,published,0.7003591585428425,0.23242688558234992,0.02668034889687019,0.8163134232498395,0.14454732510288065,0.083,0.6285500747384155,0.37144992526158443,0.5823108384458078,0.17711030554117038,0.9895366218236173,6555.0,0.997716894977169,0.00076103500761035,0.0,0.39867953275774504,0.13306246825799897,0.28288471305231083,0.7248,0.5576434738445911,9590.0,0.9856115107913669,0.39054470709146966,0.005,0.1970649895178197,0.01693175987685993,22603.44827586207,22827.586206896554,True
5350011.03,5350011.03,2021S05075350011.03,0011.03,True,6391.0,27606.9,0.23,30.8,4120.0,0.0,0.0,0.0,25.0,4090.0,1.5,6335.0,1015.0,16.0,6390.0,100.0,6390.0,2450.0,3995.0,1380.0,2610.0,3995.0,3975.0,0.8,6230.0,3990.0,1965.0,6230.0,2550.0,920.0,6230.0,3650.0,6150.0,3175.0,2980.0,5980.0,1155.0,4825.0,4925.0,3855.0,5895.0,8.5,1420.0,285.0,6390.0,135.0,4000.0,1825.0,220.0,6065,published,3990.0,published,0.6259780907668232,0.2856025039123631,0.03442879499217527,0.782741116751269,0.16022099447513813,0.085,0.6533166458072591,0.3454317897371715,0.516260162601626,0.1931438127090301,0.9949937421777222,4115.0,0.9987864077669902,0.0,0.0,0.40930979133226325,0.1476725521669342,0.31540930979133225,0.6578730420445177,0.5858747993579454,6290.0,0.9843505477308294,0.38341158059467917,0.008,0.2007042253521127,0.02112676056338028,17891.304347826088,17282.608695652172,True
5350044.01,5350044.01,2021S05075350044.01,0044.01,True,5016.0,12628.4,0.4,37.6,2410.0,80.0,120.0,145.0,1065.0,745.0,2.1,4945.0,495.0,10.0,4955.0,415.0,4955.0,1610.0,2385.0,1090.0,1295.0,2385.0,665.0,5.4,4915.0,3830.0,530.0,4915.0,1525.0,195.0,4920.0,1265.0,4875.0,4000.0,885.0,4740.0,2590.0,2150.0,3325.0,1955.0,4435.0,12.5,1295.0,300.0,5020.0,415.0,1615.0,1955.0,800.0,4425,published,3830.0,published,0.32171314741035856,0.3894422310756972,0.1593625498007968,0.58796992481203,0.10010111223458039,0.125,0.5429769392033543,0.4570230607966457,0.8205128205128205,0.5464135021097046,0.27882599580712786,1955.0,0.8112033195020747,0.03319502074688797,0.04979253112033195,0.31027466937945064,0.03967446592065107,0.10783316378433368,0.8655367231638418,0.2571138211382114,4540.0,0.9162462159434914,0.3249243188698285,0.054000000000000006,0.23166023166023167,0.08266932270916334,4887.5,1662.5,True
5350044.02,5350044.02,2021S05075350044.02,0044.02,True,4255.0,45654.5,0.09,32.0,2700.0,0.0,5.0,5.0,85.0,2590.0,1.6,4255.0,500.0,11.8,4255.0,45.0,4255.0,1110.0,2695.0,985.0,1710.0,2695.0,2125.0,8.5,4220.0,3305.0,660.0,4220.0,1090.0,280.0,4215.0,1645.0,4185.0,2820.0,1365.0,4080.0,1085.0,2995.0,3480.0,2260.0,3940.0,11.8,1210.0,365.0,4255.0,155.0,2365.0,1465.0,115.0,3960,published,3305.0,published,0.5558166862514688,0.34430082256169214,0.02702702702702703,0.6494252873563219,0.11750881316098707,0.11800000000000001,0.634508348794063,0.3654916512059369,0.6738351254480287,0.2659313725490196,0.7884972170686456,2680.0,0.9925925925925926,0.0,0.001851851851851852,0.25829383886255924,0.06635071090047394,0.15639810426540285,0.8345959595959596,0.3902728351126928,4210.0,0.9894242068155111,0.2608695652173913,0.085,0.30165289256198347,0.036427732079905996,29777.777777777777,23611.111111111113,True
5350300.01,5350300.01,2021S05075350300.01,0300.01,True,3850.0,31870.9,0.12,32.8,2140.0,35.0,0.0,10.0,10.0,2060.0,1.8,3845.0,1035.0,26.8,3845.0,180.0,3845.0,2790.0,2185.0,1065.0,1120.0,2185.0,2125.0,0.0,3930.0,1945.0,1775.0,3930.0,2345.0,685.0,3935.0,3350.0,3895.0,2650.0,1240.0,3780.0,1235.0,2540.0,2850.0,2160.0,3635.0,10.9,1005.0,345.0,3850.0,195.0,1825.0,1325.0,315.0,3510,published,1945.0,published,0.474025974025974,0.34415584415584416,0.08181818181818182,0.7578947368421053,0.26918075422626786,0.109,0.5125858123569794,0.4874141876430206,0.6803594351732991,0.32671957671957674,0.9725400457665904,2080.0,0.9719626168224299,0.016355140186915886,0.0,0.5966921119592875,0.1743002544529262,0.45165394402035625,0.5541310541310541,0.8513341804320204,3665.0,0.953185955786736,0.7256176853055917,0.0,0.34328358208955223,0.05064935064935065,17333.333333333336,17708.333333333336,True
5350300.02,5350300.02,2021S05075350300.02,0300.02,True,7505.0,36379.1,0.21,35.6,3890.0,0.0,0.0,0.0,520.0,3155.0,1.9,7500.0,1310.0,17.4,7505.0,240.0,7505.0,4360.0,3845.0,2235.0,1615.0,3845.0,3830.0,2.8,7440.0,4430.0,2310.0,7440.0,4420.0,1265.0,7440.0,5410.0,7345.0,5485.0,1860.0,7040.0,2640.0,4405.0,5420.0,3960.0,6565.0,12.3,1975.0,535.0,7505.0,555.0,2690.0,3155.0,655.0,6560,published,4430.0,published,0.35842771485676217,0.42038640906062624,0.08727514990006663,0.7306273062730627,0.17466666666666666,0.12300000000000001,0.42002600780234073,0.5812743823146944,0.7467665078284548,0.375,0.9960988296488946,3675.0,0.9447300771208226,0.0,0.0,0.5940860215053764,0.1700268817204301,0.31048387096774194,0.6753048780487805,0.7271505376344086,7265.0,0.9680213191205863,0.580946035976016,0.027999999999999997,0.2708860759493671,0.07395069953364423,17500.0,18238.09523809524,True
5350300.03,5350300.03,2021S05075350300.03,0300.03,True,2448.0,3465.0,0.71,42.4,970.0,450.0,0.0,40.0,95.0,235.0,2.5,2450.0,225.0,9.2,2445.0,90.0,2445.0,1220.0,965.0,720.0,245.0,965.0,370.0,0.0,2415.0,1620.0,385.0,2415.0,1170.0,140.0,2420.0,1400.0,2395.0,2215.0,185.0,2335.0,1565.0,780.0,1295.0,860.0,2045.0,8.9,570.0,155.0,2445.0,395.0,505.0,1035.0,410.0,1960,published,1620.0,published,0.2065439672801636,0.4233128834355828,0.16768916155419222,0.6640926640926641,0.09183673469387756,0.08900000000000001,0.2538860103626943,0.7461139896373057,0.9248434237995825,0.6702355460385439,0.38341968911917096,370.0,0.38144329896907214,0.4639175257731959,0.0,0.484472049689441,0.057971014492753624,0.15942028985507245,0.826530612244898,0.5785123966942148,2355.0,0.9631901840490797,0.49897750511247446,0.0,0.2719298245614035,0.16155419222903886,521.1267605633803,521.1267605633803,True
5350318.01,5350318.01,2021S05075350318.01,0318.01,True,4762.0,3365.4,1.42,41.2,1700.0,890.0,0.0,140.0,260.0,195.0,2.8,4750.0,565.0,11.8,4750.0,190.0,4750.0,2705.0,1700.0,1050.0,650.0,1700.0,245.0,0.0,4835.0,2905.0,1315.0,4835.0,2850.0,495.0,4830.0,3375.0,4795.0,4225.0,575.0,4625.0,2890.0,1735.0,2855.0,1505.0,4295.0,13.0,1580.0,590.0,4760.0,480.0,1300.0,1960.0,805.0,4090,published,2905.0,published,0.27310924369747897,0.4117647058823529,0.16911764705882354,0.5271453590192644,0.11894736842105263,0.13,0.38235294117647056,0.6176470588235294,0.881126173096976,0.6248648648648648,0.14411764705882352,595.0,0.35,0.5235294117647059,0.0,0.5894519131334023,0.10237849017580145,0.27197518097207857,0.7102689486552567,0.6987577639751553,4560.0,0.96,0.5694736842105264,0.0,0.37341772151898733,0.10084033613445378,419.0140845070423,172.53521126760563,True
5350318.02,5350318.02,2021S05075350318.02,0318.02,True,4137.0,8418.8,0.49,35.2,1800.0,165.0,0.0,45.0,180.0,1305.0,2.3,4130.0,900.0,21.9,4130.0,225.0,4130.0,2955.0,1805.0,755.0,1050.0,1805.0,1050.0,7.6,4045.0,2065.0,1650.0,4045.0,2625.0,640.0,4045.0,3360.0,4010.0,2885.0,1125.0,3910.0,1800.0,2110.0,2655.0,1675.0,3705.0,12.8,1355.0,565.0,4135.0,270.0,1625.0,1530.0,490.0,3705,published,2065.0,published,0.39298669891172916,0.37001209189842804,0.1185006045949214,0.6308851224105462,0.2179176755447942,0.128,0.5817174515235457,0.4182825484764543,0.7194513715710723,0.46035805626598464,0.5817174515235457,1530.0,0.85,0.09166666666666666,0.0,0.6489493201483313,0.15822002472187885,0.4079110012360939,0.5573549257759784,0.830655129789864,3905.0,0.9455205811138014,0.715496368038741,0.076,0.41697416974169743,0.06529625151148731,3122.4489795918366,2142.857142857143,True
5350305.05,5350305.05,2021S05075350305.05,0305.05,True,6580.0,17560.7,0.37,39.6,3430.0,5.0,70.0,5.0,370.0,2880.0,1.8,6310.0,1145.0,18.1,6315.0,250.0,6315.0,3825.0,3550.0,2075.0,1475.0,3550.0,3210.0,1.4,6555.0,4140.0,1955.0,6555.0,3985.0,1015.0,6555.0,4960.0,6490.0,5015.0,1475.0,6255.0,2485.0,3770.0,4370.0,3150.0,5925.0,11.3,1755.0,470.0,6580.0,410.0,1895.0,2615.0,1310.0,5895,published,4140.0,published,0.28799392097264437,0.3974164133738602,0.19908814589665655,0.7208237986270023,0.1814580031695721,0.113,0.4154929577464789,0.5845070422535211,0.7727272727272727,0.39728217426059154,0.9042253521126761,3255.0,0.9489795918367347,0.0014577259475218659,0.02040816326530612,0.6079328756674295,0.15484363081617086,0.2982456140350877,0.7022900763358778,0.7566742944317315,6065.0,0.9604117181314331,0.6057007125890737,0.013999999999999999,0.2678062678062678,0.06231003039513678,8797.297297297297,8675.675675675675,True
5350305.06,5350305.06,2021S05075350305.06,0305.06,True,4366.0,6940.1,0.63,32.0,2455.0,0.0,20.0,0.0,15.0,2380.0,1.8,4365.0,1065.0,24.5,4365.0,195.0,4365.0,2940.0,2330.0,1230.0,1095.0,2330.0,2300.0,0.0,4120.0,2165.0,1675.0,4120.0,2390.0,675.0,4120.0,3415.0,4080.0,2840.0,1240.0,3970.0,785.0,3190.0,3055.0,2105.0,3825.0,16.2,1240.0,290.0,4365.0,225.0,2290.0,1370.0,295.0,3990,published,2165.0,published,0.5246277205040092,0.3138602520045819,0.06758304696449026,0.6890343698854338,0.24398625429553264,0.162,0.4699570815450644,0.5278969957081545,0.696078431372549,0.1977329974811083,0.9871244635193133,2395.0,0.9755600814663951,0.0,0.008146639511201629,0.5800970873786407,0.1638349514563107,0.4065533980582524,0.5426065162907269,0.8288834951456311,4170.0,0.9553264604810997,0.6735395189003437,0.0,0.23387096774193547,0.05154639175257732,3801.5873015873017,3650.7936507936506,True
5350377.08,5350377.08,2021S05075350377.08,0377.08,True,4912.0,3873.2,1.27,47.6,1670.0,640.0,50.0,135.0,230.0,310.0,2.9,4900.0,640.0,13.1,4905.0,860.0,4905.0,3190.0,1710.0,1370.0,340.0,1710.0,530.0,5.8,5005.0,3370.0,950.0,5005.0,3230.0,330.0,5005.0,4265.0,4995.0,4395.0,600.0,4875.0,3535.0,1340.0,2700.0,990.0,4400.0,15.4,1465.0,300.0,4915.0,560.0,1065.0,1925.0,1090.0,4155,published,3370.0,published,0.21668362156663276,0.3916581892166836,0.22177009155645983,0.36666666666666664,0.1306122448979592,0.154,0.19883040935672514,0.8011695906432749,0.8798798798798799,0.7251282051282051,0.30994152046783624,675.0,0.4041916167664671,0.38323353293413176,0.029940119760479042,0.6453546453546454,0.06593406593406594,0.18981018981018982,0.8110709987966306,0.8521478521478522,4045.0,0.8246687054026504,0.6503567787971458,0.057999999999999996,0.20477815699658702,0.11393692777212615,531.496062992126,417.3228346456693,True
5350377.09,5350377.09,2021S05075350377.09,0377.09,True,5506.0,7052.6,0.78,33.6,2735.0,35.0,0.0,20.0,35.0,2575.0,2.0,5500.0,950.0,17.3,5505.0,455.0,5505.0,3220.0,2720.0,1590.0,1130.0,2720.0,2650.0,2.2,5395.0,3000.0,1835.0,5395.0,3150.0,720.0,5395.0,4865.0,5320.0,3885.0,1435.0,5080.0,1520.0,3555.0,3760.0,1935.0,4760.0,11.5,1920.0,395.0,5505.0,395.0,2240.0,1995.0,505.0,4780,published,3000.0,published,0.4069028156221617,0.36239782016348776,0.09173478655767484,0.5146276595744681,0.17272727272727273,0.115,0.41544117647058826,0.5845588235294118,0.7302631578947368,0.2992125984251969,0.9742647058823529,2630.0,0.9616087751371115,0.012797074954296161,0.0,0.5838739573679332,0.1334569045412419,0.340129749768304,0.6276150627615062,0.901760889712697,5050.0,0.9173478655767484,0.5849227974568574,0.022000000000000002,0.20572916666666666,0.07175295186194369,3371.7948717948716,3397.4358974358975,True
5350308.05,5350308.05,2021S05075350308.05,0308.05,True,2386.0,3226.5,0.74,43.6,855.0,480.0,145.0,80.0,20.0,0.0,2.8,2380.0,275.0,11.5,2375.0,125.0,2375.0,1320.0,855.0,690.0,165.0,855.0,65.0,0.0,2515.0,1670.0,420.0,2515.0,1330.0,170.0,2515.0,1380.0,2500.0,2200.0,300.0,2430.0,1525.0,905.0,1430.0,1000.0,2140.0,14.1,550.0,110.0,2390.0,285.0,575.0,965.0,460.0,2020,published,1670.0,published,0.2405857740585774,0.40376569037656906,0.19246861924686193,0.6993006993006993,0.11554621848739496,0.141,0.19298245614035087,0.8070175438596491,0.88,0.6275720164609053,0.07602339181286549,100.0,0.11695906432748537,0.5614035087719298,0.1695906432748538,0.5288270377733598,0.06759443339960239,0.16699801192842942,0.8267326732673267,0.5487077534791253,2250.0,0.9473684210526315,0.5557894736842105,0.0,0.2,0.1192468619246862,135.13513513513513,87.83783783783784,True
5350308.06,5350308.06,2021S05075350308.06,0308.06,True,5585.0,29225.5,0.19,38.8,2850.0,0.0,5.0,0.0,15.0,2775.0,1.9,5400.0,1325.0,24.5,5570.0,405.0,5570.0,3825.0,2825.0,1670.0,1155.0,2825.0,2560.0,18.5,5260.0,3230.0,1710.0,5260.0,3245.0,615.0,5260.0,4050.0,5250.0,3970.0,1275.0,5140.0,2380.0,2760.0,3135.0,2260.0,4890.0,9.8,1455.0,480.0,5585.0,325.0,1870.0,1780.0,1360.0,5080,published,3230.0,published,0.3348254252461952,0.3187108325872874,0.24350940017905104,0.7208931419457735,0.24537037037037038,0.098,0.4088495575221239,0.5911504424778761,0.7561904761904762,0.46303501945525294,0.9061946902654867,2790.0,0.9789473684210527,0.0,0.0017543859649122807,0.6169201520912547,0.11692015209125475,0.32509505703422054,0.6358267716535433,0.7699619771863118,5165.0,0.9272890484739676,0.6867145421903053,0.185,0.32989690721649484,0.05819158460161146,14684.21052631579,13473.684210526315,True
5350308.07,5350308.07,2021S05075350308.07,0308.07,True,3797.0,24576.1,0.15,36.8,2170.0,0.0,0.0,0.0,5.0,2155.0,1.8,3790.0,1090.0,28.8,3800.0,375.0,3800.0,2685.0,2190.0,840.0,1350.0,2190.0,1430.0,21.2,3795.0,2120.0,1400.0,3795.0,2420.0,590.0,3795.0,2895.0,3750.0,2870.0,880.0,3625.0,1425.0,2195.0,2420.0,1625.0,3515.0,12.9,850.0,205.0,3800.0,175.0,1425.0,1240.0,770.0,3485,published,2120.0,published,0.375,0.3263157894736842,0.2026315789473684,0.6714876033057852,0.287598944591029,0.129,0.6164383561643836,0.3835616438356164,0.7653333333333333,0.3931034482758621,0.6529680365296804,2160.0,0.9953917050691244,0.0,0.0,0.6376811594202898,0.155467720685112,0.3689064558629776,0.6083213773314203,0.7628458498023716,3425.0,0.9013157894736842,0.7065789473684211,0.212,0.2411764705882353,0.046052631578947366,14400.0,9533.333333333334,True
5350210.03,5350210.03,2021S05075350210.03,0210.03,True,6959.0,15331.6,0.45,34.0,4160.0,0.0,0.0,0.0,0.0,4120.0,1.7,6950.0,830.0,11.9,6955.0,100.0,6955.0,2760.0,4225.0,2640.0,1585.0,4225.0,4210.0,0.0,6910.0,5055.0,1355.0,6910.0,2955.0,875.0,6915.0,3335.0,6820.0,5130.0,1690.0,6630.0,1765.0,4860.0,5800.0,3645.0,6470.0,9.8,2355.0,360.0,6960.0,280.0,3225.0,2795.0,295.0,6360,published,5055.0,published,0.46336206896551724,0.4015804597701149,0.042385057471264365,0.628448275862069,0.11942446043165468,0.098,0.37514792899408284,0.6248520710059171,0.7521994134897361,0.26621417797888386,0.9964497041420118,4120.0,0.9903846153846154,0.0,0.0,0.4276410998552822,0.12662807525325614,0.19609261939218525,0.7948113207547169,0.4822848879248012,6855.0,0.9856218547807333,0.3968368080517613,0.0,0.15286624203821655,0.040229885057471264,9155.555555555555,9355.555555555555,True
5350210.04,5350210.04,2021S05075350210.04,0210.04,True,10080.0,21216.6,0.48,40.4,6170.0,0.0,0.0,0.0,0.0,6145.0,1.6,10070.0,1320.0,13.1,10080.0,135.0,10080.0,4050.0,6060.0,3565.0,2490.0,6060.0,6060.0,1.0,9945.0,7750.0,1610.0,9945.0,4780.0,790.0,9945.0,4240.0,9850.0,7385.0,2460.0,9650.0,3175.0,6475.0,6775.0,3915.0,9365.0,13.0,2910.0,360.0,10080.0,370.0,3320.0,4010.0,2020.0,9435,published,7750.0,published,0.32936507936507936,0.3978174603174603,0.2003968253968254,0.5778597785977859,0.13108242303872888,0.13,0.41089108910891087,0.5882838283828383,0.749746192893401,0.3290155440414508,1.0,6145.0,0.9959481361426256,0.0,0.0,0.4806435394670689,0.07943690296631473,0.16189039718451484,0.8214096449390567,0.4263448969331322,9945.0,0.9866071428571429,0.4017857142857143,0.01,0.12371134020618557,0.03670634920634921,12802.083333333334,12625.0,True
5350062.03,5350062.03,2021S05075350062.03,0062.03,True,4224.0,9107.4,0.46,30.0,2560.0,0.0,0.0,0.0,10.0,2530.0,1.6,4170.0,1170.0,28.1,4225.0,60.0,4225.0,1975.0,2505.0,840.0,1665.0,2505.0,1840.0,2.7,3915.0,2515.0,1325.0,3915.0,1615.0,400.0,3915.0,2245.0,3895.0,2400.0,1495.0,3850.0,1090.0,2760.0,1980.0,1625.0,3825.0,18.7,760.0,165.0,4220.0,160.0,2330.0,910.0,730.0,4005,published,2515.0,published,0.5521327014218009,0.2156398104265403,0.17298578199052134,0.8207070707070707,0.2805755395683453,0.187,0.6646706586826348,0.33532934131736525,0.6161745827984596,0.2831168831168831,0.7345309381237525,2540.0,0.9921875,0.0,0.0,0.4125159642401022,0.10217113665389528,0.3384418901660281,0.6279650436953808,0.5734355044699873,4165.0,0.9857988165680474,0.46745562130177515,0.027000000000000003,0.21710526315789475,0.037914691943127965,5521.739130434782,4000.0,True
5350062.04,5350062.04,2021S05075350062.04,0062.04,True,8524.0,70156.4,0.12,28.4,5410.0,0.0,0.0,0.0,40.0,5360.0,1.6,8515.0,2790.0,32.8,8525.0,165.0,8525.0,4760.0,5430.0,1805.0,3625.0,5430.0,4955.0,5.2,8685.0,4845.0,3390.0,8685.0,3695.0,970.0,8680.0,6400.0,8605.0,5060.0,3545.0,8460.0,1965.0,6495.0,5160.0,4100.0,8215.0,13.7,1970.0,460.0,8525.0,240.0,5580.0,1905.0,540.0,8070,published,4845.0,published,0.6545454545454545,0.22346041055718474,0.06334310850439882,0.7945736434108527,0.3276570757486788,0.13699999999999998,0.6675874769797422,0.3324125230202578,0.5880302149912842,0.2322695035460993,0.9125230202578268,5400.0,0.9981515711645101,0.0,0.0,0.4254461715601612,0.11168681635002879,0.3903281519861831,0.6003717472118959,0.7373271889400922,8360.0,0.9806451612903225,0.5583577712609971,0.052000000000000005,0.233502538071066,0.0281524926686217,45000.0,41291.66666666667,True
5350017.01,5350017.01,2021S05075350017.01,0017.01,True,4787.0,5964.4,0.8,34.4,2950.0,0.0,0.0,0.0,5.0,2940.0,1.6,4785.0,635.0,13.2,4790.0,30.0,4790.0,1320.0,2905.0,1550.0,1355.0,2905.0,2715.0,13.6,4645.0,3595.0,685.0,4645.0,1600.0,395.0,4640.0,1880.0,4605.0,3120.0,1485.0,4505.0,1320.0,3185.0,3650.0,2555.0,4310.0,8.9,1305.0,310.0,4785.0,270.0,2130.0,1905.0,305.0,4350,published,3595.0,published,0.445141065830721,0.3981191222570533,0.06374085684430512,0.7,0.13270637408568442,0.08900000000000001,0.4664371772805508,0.5335628227194492,0.6775244299674267,0.293007769145394,0.9345955249569707,2945.0,0.9983050847457627,0.0,0.0,0.3444564047362756,0.08503767491926803,0.147470398277718,0.8264367816091954,0.4051724137931034,4760.0,0.9937369519832986,0.2755741127348643,0.136,0.23754789272030652,0.05642633228840126,3681.25,3393.75,True
5350017.02,5350017.02,2021S05075350017.02,0017.02,True,8710.0,15331.8,0.57,36.8,5140.0,0.0,5.0,65.0,215.0,4440.0,1.7,8680.0,1660.0,19.1,8685.0,120.0,8685.0,2685.0,5185.0,1465.0,3720.0,5185.0,2910.0,33.5,8825.0,6455.0,1525.0,8825.0,3405.0,685.0,8825.0,4590.0,8770.0,6285.0,2490.0,8515.0,3905.0,4610.0,5895.0,3415.0,8050.0,14.1,2300.0,580.0,8710.0,610.0,3140.0,3280.0,1320.0,7825,published,6455.0,published,0.3605051664753157,0.37657864523536166,0.1515499425947187,0.5793044953350297,0.1912442396313364,0.141,0.7174541947926711,0.28254580520732886,0.7166476624857469,0.458602466236054,0.5612343297974928,4720.0,0.9182879377431906,0.0,0.0009727626459143969,0.3858356940509915,0.07762039660056658,0.17280453257790368,0.8249201277955271,0.5201133144475921,8565.0,0.9861830742659758,0.30915371329879104,0.335,0.25217391304347825,0.07003444316877153,8280.701754385966,5105.263157894738,True
