{
"type": "FeatureCollection",
"name": "Parks and Recreation Facilities - 4326",
"crs": { "type": "name", "properties": { "name": "urn:ogc:def:crs:OGC:1.3:CRS84" } },
"features": [
{ "type": "Feature", "properties": { "_id": 1, "LOCATIONID": "689", "ASSET_ID": 705.0, "ASSET_NAME": "MCNICOLL PARK", "TYPE": "Park", "AMENITIES": "Basketball Court, Outdoor Ping Pong/Table Tennis, Playground, Sports Field, Tennis Court", "ADDRESS": "215 McNicoll Ave", "PHONE": "None", "URL": "https://www.toronto.ca/explore-enjoy/parks-recreation/places-spaces/parks-and-recreation-facilities/location/?id=689" }, "geometry": { "type": "MultiPoint", "coordinates": [ [ -79.353286428402498, 43.798609790535302 ] ] } },
{ "type": "Feature", "properties": { "_id": 2, "LOCATIONID": "692", "ASSET_ID": 592.0, "ASSET_NAME": "KNOTT PARK", "TYPE": "Park", "AMENITIES": "Playground, Sports Field", "ADDRESS": "1 A Deblyn Dr", "PHONE": "None", "URL": "https://www.toronto.ca/explore-enjoy/parks-recreation/places-spaces/parks-and-recreation-facilities/location/?id=692" }, "geometry": { "type": "MultiPoint", "coordinates": [ [ -79.2916174006982, 43.797704031853101 ] ] } },
{ "type": "Feature", "properties": { "_id": 3, "LOCATIONID": "961", "ASSET_ID": 888.0, "ASSET_NAME": "CYNTHIA LAI PARK", "TYPE": "Park", "AMENITIES": "Basketball Court, Playground", "ADDRESS": "1051 Progress Ave", "PHONE": "None", "URL": "https://www.toronto.ca/explore-enjoy/parks-recreation/places-spaces/parks-and-recreation-facilities/location/?id=961" }, "geometry": { "type": "MultiPoint", "coordinates": [ [ -79.233525020311603, 43.793347203276497 ] ] } },
{ "type": "Feature", "properties": { "_id": 4, "LOCATIONID": "3628", "ASSET_ID": 58886.0, "ASSET_NAME": "CUDMORE CREEK PARK", "TYPE": "Park", "AMENITIES": "Playground", "ADDRESS": "250 Manor Rd E", "PHONE": "None", "URL": "https://www.toronto.ca/explore-enjoy/parks-recreation/places-spaces/parks-and-recreation-facilities/location/?id=3628" }, "geometry": { "type": "MultiPoint", "coordinates": [ [ -79.385158344680605, 43.705273924127198 ] ] } },
{ "type": "Feature", "properties": { "_id": 5, "LOCATIONID": "1026", "ASSET_ID": 944.0, "ASSET_NAME": "SHEPPARD EAST PARK", "TYPE": "Park", "AMENITIES": "Outdoor Ping Pong/Table Tennis, Playground", "ADDRESS": "229 Glendora Ave", "PHONE": "None", "URL": "https://www.toronto.ca/explore-enjoy/parks-recreation/places-spaces/parks-and-recreation-facilities/location/?id=1026" }, "geometry": { "type": "MultiPoint", "coordinates": [ [ -79.396410256470205, 43.763443147397801 ] ] } },
{ "type": "Feature", "properties": { "_id": 6, "LOCATIONID": "708", "ASSET_ID": 727.0, "ASSET_NAME": "MAJOR ABBAS ALI PARK", "TYPE": "Park", "AMENITIES": "Sports Field, Tennis Court", "ADDRESS": "180 McLevin Ave", "PHONE": "None", "URL": "https://www.toronto.ca/explore-enjoy/parks-recreation/places-spaces/parks-and-recreation-facilities/location/?id=708" }, "geometry": { "type": "MultiPoint", "coordinates": [ [ -79.230693151199105, 43.804847824752201 ] ] } },
{ "type": "Feature", "properties": { "_id": 7, "LOCATIONID": "592", "ASSET_ID": 143.0, "ASSET_NAME": "BURROWS HALL PARK", "TYPE": "Park", "AMENITIES": "Ball Diamond, Playground", "ADDRESS": "239 Burrows Hall Blvd", "PHONE": "None", "URL": "https://www.toronto.ca/explore-enjoy/parks-recreation/places-spaces/parks-and-recreation-facilities/location/?id=592" }, "geometry": { "type": "MultiPoint", "coordinates": [ [ -79.226500993700199, 43.793387794776002 ] ] } },
{ "type": "Feature", "properties": { "_id": 8, "LOCATIONID": "759", "ASSET_ID": 962.0, "ASSET_NAME": "SKYMARK PARK", "TYPE": "Park", "AMENITIES": "Playground, Sports Field", "ADDRESS": "3500 Don Mills Rd", "PHONE": "None", "URL": "https://www.toronto.ca/explore-enjoy/parks-recreation/places-spaces/parks-and-recreation-facilities/location/?id=759" }, "geometry": { "type": "MultiPoint", "coordinates": [ [ -79.355872469346494, 43.794587326047498 ] ] } },
{ "type": "Feature", "properties": { "_id": 9, "LOCATIONID": "1080", "ASSET_ID": 582.0, "ASSET_NAME": "KING'S MILL PARK", "TYPE": "Park", "AMENITIES": "Dog Off-Leash Area", "ADDRESS": "9 Catherine St", "PHONE": "None", "URL": "https://www.toronto.ca/explore-enjoy/parks-recreation/places-spaces/parks-and-recreation-facilities/location/?id=1080" }, "geometry": { "type": "MultiPoint", "coordinates": [ [ -79.494107306177597, 43.646131788678801 ] ] } },
{ "type": "Feature", "properties": { "_id": 10, "LOCATIONID": "1886", "ASSET_ID": 1054.0, "ASSET_NAME": "TRAYMORE PARK", "TYPE": "Park", "AMENITIES": "Outdoor Fitness Equipment, Playground", "ADDRESS": "5 Traymore Cres", "PHONE": "None", "URL": "https://www.toronto.ca/explore-enjoy/parks-recreation/places-spaces/parks-and-recreation-facilities/location/?id=1886" }, "geometry": { "type": "MultiPoint", "coordinates": [ [ -79.488542414021794, 43.648359636589802 ] ] } },
{ "type": "Feature", "properties": { "_id": 11, "LOCATIONID": "493", "ASSET_ID": 207.0, "ASSET_NAME": "CLIFFWOOD PARK", "TYPE": "Park", "AMENITIES": "Ball Diamond, Pickleball Court, Playground, Sports Field, Tennis Court", "ADDRESS": "280 Cliffwood Rd", "PHONE": "None", "URL": "https://www.toronto.ca/explore-enjoy/parks-recreation/places-spaces/parks-and-recreation-facilities/location/?id=493" }, "geometry": { "type": "MultiPoint", "coordinates": [ [ -79.355089393635893, 43.808416108424801 ] ] } },
{ "type": "Feature", "properties": { "_id": 12, "LOCATIONID": "972", "ASSET_ID": 920.0, "ASSET_NAME": "SANWOOD PARK", "TYPE": "Park", "AMENITIES": "Basketball Court, Playground", "ADDRESS": "20 Sanwood Blvd", "PHONE": "None", "URL": "https://www.toronto.ca/explore-enjoy/parks-recreation/places-spaces/parks-and-recreation-facilities/location/?id=972" }, "geometry": { "type": "MultiPoint", "coordinates": [ [ -79.3102249187518, 43.817829784152302 ] ] } },
{ "type": "Feature", "properties": { "_id": 13, "LOCATIONID": "2194", "ASSET_ID": 1067.0, "ASSET_NAME": "DR. DANIEL HILL PARK", "TYPE": "Park", "AMENITIES": "Playground", "ADDRESS": "25 Cassandra Blvd", "PHONE": "None", "URL": "https://www.toronto.ca/explore-enjoy/parks-recreation/places-spaces/parks-and-recreation-facilities/location/?id=2194" }, "geometry": { "type": "MultiPoint", "coordinates": [ [ -79.327815630708997, 43.749368789173303 ] ] } },
{ "type": "Feature", "properties": { "_id": 14, "LOCATIONID": "1494", "ASSET_ID": 826.0, "ASSET_NAME": "POINT ROUGE TRAIL PARK", "TYPE": "Park", "AMENITIES": "None", "ADDRESS": "203 Staines Rd", "PHONE": "None", "URL": "https://www.toronto.ca/explore-enjoy/parks-recreation/places-spaces/parks-and-recreation-facilities/location/?id=1494" }, "geometry": { "type": "MultiPoint", "coordinates": [ [ -79.220114224908301, 43.825958078418502 ] ] } },
{ "type": "Feature", "properties": { "_id": 15, "LOCATIONID": "968", "ASSET_ID": 1160.0, "ASSET_NAME": "YORKWOODS PARK", "TYPE": "Park", "AMENITIES": "Playground", "ADDRESS": "20 Yorkwoods Gt", "PHONE": "None", "URL": "https://www.toronto.ca/explore-enjoy/parks-recreation/places-spaces/parks-and-recreation-facilities/location/?id=968" }, "geometry": { "type": "MultiPoint", "coordinates": [ [ -79.514363551543497, 43.751425619261298 ] ] } },
{ "type": "Feature", "properties": { "_id": 16, "LOCATIONID": "1492", "ASSET_ID": 828.0, "ASSET_NAME": "PORT ROYAL PARK", "TYPE": "Park", "AMENITIES": "Ball Diamond, Playground, Sports Field", "ADDRESS": "50 Port Royal Trl", "PHONE": "None", "URL": "https://www.toronto.ca/explore-enjoy/parks-recreation/places-spaces/parks-and-recreation-facilities/location/?id=1492" }, "geometry": { "type": "MultiPoint", "coordinates": [ [ -79.287617872915504, 43.817796111899199 ] ] } },
{ "type": "Feature", "properties": { "_id": 17, "LOCATIONID": "218", "ASSET_ID": 1310.0, "ASSET_NAME": "FRANK STOLLERY PARKETTE", "TYPE": "Park", "AMENITIES": "None", "ADDRESS": "1 Davenport Rd", "PHONE": "None", "URL": "https://www.toronto.ca/explore-enjoy/parks-recreation/places-spaces/parks-and-recreation-facilities/location/?id=218" }, "geometry": { "type": "MultiPoint", "coordinates": [ [ -79.388287786127904, 43.672714572591097 ] ] } },
{ "type": "Feature", "properties": { "_id": 18, "LOCATIONID": "2379", "ASSET_ID": 1571.0, "ASSET_NAME": "WELLESLEY - MAGILL PARK", "TYPE": "Park", "AMENITIES": "None", "ADDRESS": "125 Homewood Ave", "PHONE": "None", "URL": "https://www.toronto.ca/explore-enjoy/parks-recreation/places-spaces/parks-and-recreation-facilities/location/?id=2379" }, "geometry": { "type": "MultiPoint", "coordinates": [ [ -79.375877151109606, 43.667480909538298 ] ] } },
{ "type": "Feature", "properties": { "_id": 19, "LOCATIONID": "101", "ASSET_ID": 538.0, "ASSET_NAME": "JAMES CANNING GARDENS", "TYPE": "Park", "AMENITIES": "Playground", "ADDRESS": "15 Gloucester St", "PHONE": "None", "URL": "https://www.toronto.ca/explore-enjoy/parks-recreation/places-spaces/parks-and-recreation-facilities/location/?id=101" }, "geometry": { "type": "MultiPoint", "coordinates": [ [ -79.384167698471003, 43.666359583454302 ] ] } },
{ "type": "Feature", "properties": { "_id": 20, "LOCATIONID": "194", "ASSET_ID": 559.0, "ASSET_NAME": "JOSEPH SHEARD PARKETTE", "TYPE": "Park", "AMENITIES": "None", "ADDRESS": "11 Granby St", "PHONE": "None", "URL": "https://www.toronto.ca/explore-enjoy/parks-recreation/places-spaces/parks-and-recreation-facilities/location/?id=194" }, "geometry": { "type": "MultiPoint", "coordinates": [ [ -79.381840487913806, 43.660358474690703 ] ] } },
{ "type": "Feature", "properties": { "_id": 21, "LOCATIONID": "2179", "ASSET_ID": 138.0, "ASSET_NAME": "THE DOCTORS' PARKETTE", "TYPE": "Park", "AMENITIES": "None", "ADDRESS": "350 College St", "PHONE": "None", "URL": "https://www.toronto.ca/explore-enjoy/parks-recreation/places-spaces/parks-and-recreation-facilities/location/?id=2179" }, "geometry": { "type": "MultiPoint", "coordinates": [ [ -79.403987475416102, 43.657465656351299 ] ] } },
{ "type": "Feature", "properties": { "_id": 22, "LOCATIONID": "143", "ASSET_ID": 258.0, "ASSET_NAME": "DAVID A. BALFOUR PARK", "TYPE": "Park", "AMENITIES": "Playground, Washroom", "ADDRESS": "75 Rosehill Ave", "PHONE": "None", "URL": "https://www.toronto.ca/explore-enjoy/parks-recreation/places-spaces/parks-and-recreation-facilities/location/?id=143" }, "geometry": { "type": "MultiPoint", "coordinates": [ [ -79.3866196708111, 43.6856767409949 ] ] } },
{ "type": "Feature", "properties": { "_id": 23, "LOCATIONID": "2578", "ASSET_ID": 28.0, "ASSET_NAME": "ALLANHURST PARK", "TYPE": "Park", "AMENITIES": "Playground", "ADDRESS": "1336 Royal York Rd", "PHONE": "None", "URL": "https://www.toronto.ca/explore-enjoy/parks-recreation/places-spaces/parks-and-recreation-facilities/location/?id=2578" }, "geometry": { "type": "MultiPoint", "coordinates": [ [ -79.525535377724907, 43.678543426522303 ] ] } },
{ "type": "Feature", "properties": { "_id": 24, "LOCATIONID": "2714", "ASSET_ID": 1022.0, "ASSET_NAME": "TALL PINES PARK", "TYPE": "Park", "AMENITIES": "Basketball Court, Outdoor Ping Pong/Table Tennis, Playground", "ADDRESS": "64 Rylander Blvd", "PHONE": "None", "URL": "https://www.toronto.ca/explore-enjoy/parks-recreation/places-spaces/parks-and-recreation-facilities/location/?id=2714" }, "geometry": { "type": "MultiPoint", "coordinates": [ [ -79.151287506846302, 43.798552689094201 ] ] } },
{ "type": "Feature", "properties": { "_id": 25, "LOCATIONID": "2369", "ASSET_ID": 1161.0, "ASSET_NAME": "ZOOVIEW PARK", "TYPE": "Park", "AMENITIES": "Playground", "ADDRESS": "50 Hedge End Rd", "PHONE": "None", "URL": "https://www.toronto.ca/explore-enjoy/parks-recreation/places-spaces/parks-and-recreation-facilities/location/?id=2369" }, "geometry": { "type": "MultiPoint", "coordinates": [ [ -79.172851034127902, 43.809041833201199 ] ] } },
{ "type": "Feature", "properties": { "_id": 26, "LOCATIONID": "580", "ASSET_ID": 129.0, "ASSET_NAME": "BRIMLEY WOODS", "TYPE": "Park", "AMENITIES": "Outdoor Fitness Equipment, Playground", "ADDRESS": "2755 Brimley Rd", "PHONE": "None", "URL": "https://www.toronto.ca/explore-enjoy/parks-recreation/places-spaces/parks-and-recreation-facilities/location/?id=580" }, "geometry": { "type": "MultiPoint", "coordinates": [ [ -79.2767177855943, 43.8086650520845 ] ] } },
{ "type": "Feature", "properties": { "_id": 27, "LOCATIONID": "1710", "ASSET_ID": 867.0, "ASSET_NAME": "REMBERTO NAVIA SPORT FIELDS", "TYPE": "Park", "AMENITIES": "Cricket Pitch Field, Sports Field", "ADDRESS": "65 Norfinch Dr", "PHONE": "None", "URL": "https://www.toronto.ca/explore-enjoy/parks-recreation/places-spaces/parks-and-recreation-facilities/location/?id=1710" }, "geometry": { "type": "MultiPoint", "coordinates": [ [ -79.524782134606099, 43.759184611810703 ] ] } },
{ "type": "Feature", "properties": { "_id": 28, "LOCATIONID": "957", "ASSET_ID": 740.0, "ASSET_NAME": "MOSSGROVE PARK", "TYPE": "Park", "AMENITIES": "Ball Diamond, Outdoor Fitness Equipment, Playground", "ADDRESS": "57 Mossgrove Trl", "PHONE": "None", "URL": "https://www.toronto.ca/explore-enjoy/parks-recreation/places-spaces/parks-and-recreation-facilities/location/?id=957" }, "geometry": { "type": "MultiPoint", "coordinates": [ [ -79.3646478555996, 43.753277028985401 ] ] } },
{ "type": "Feature", "properties": { "_id": 29, "LOCATIONID": "648", "ASSET_ID": 437.0, "ASSET_NAME": "GRANDRAVINE PARK", "TYPE": "Park", "AMENITIES": "Ball Diamond, Basketball Court, Outdoor Ping Pong/Table Tennis, Playground, Sports Field, Tennis Court", "ADDRESS": "23 Grandravine Dr", "PHONE": "None", "URL": "https://www.toronto.ca/explore-enjoy/parks-recreation/places-spaces/parks-and-recreation-facilities/location/?id=648" }, "geometry": { "type": "MultiPoint", "coordinates": [ [ -79.491315666740704, 43.751925596501103 ] ] } },
{ "type": "Feature", "properties": { "_id": 30, "LOCATIONID": "2495", "ASSET_ID": 755.0, "ASSET_NAME": "NIGHTSTAR PARK", "TYPE": "Park", "AMENITIES": "Playground", "ADDRESS": "18 Nightstar Rd", "PHONE": "None", "URL": "https://www.toronto.ca/explore-enjoy/parks-recreation/places-spaces/parks-and-recreation-facilities/location/?id=2495" }, "geometry": { "type": "MultiPoint", "coordinates": [ [ -79.229536190114203, 43.824203761991001 ] ] } },
{ "type": "Feature", "properties": { "_id": 31, "LOCATIONID": "380", "ASSET_ID": 1430.0, "ASSET_NAME": "NEVILLE PARK BLVD RAVINE", "TYPE": "Park", "AMENITIES": "None", "ADDRESS": "45 Bracken Ave", "PHONE": "None", "URL": "https://www.toronto.ca/explore-enjoy/parks-recreation/places-spaces/parks-and-recreation-facilities/location/?id=380" }, "geometry": { "type": "MultiPoint", "coordinates": [ [ -79.283282647843507, 43.678329116188699 ] ] } },
{ "type": "Feature", "properties": { "_id": 32, "LOCATIONID": "2467", "ASSET_ID": 698.0, "ASSET_NAME": "MCCAUL - ORDE PARKETTE", "TYPE": "Park", "AMENITIES": "None", "ADDRESS": "235 Mc Caul St", "PHONE": "None", "URL": "https://www.toronto.ca/explore-enjoy/parks-recreation/places-spaces/parks-and-recreation-facilities/location/?id=2467" }, "geometry": { "type": "MultiPoint", "coordinates": [ [ -79.392505520593403, 43.657687859849702 ] ] } },
{ "type": "Feature", "properties": { "_id": 33, "LOCATIONID": "68", "ASSET_ID": 431.0, "ASSET_NAME": "GRACE - COLLEGE PARKETTE", "TYPE": "Park", "AMENITIES": "None", "ADDRESS": " GRACE ST", "PHONE": "None", "URL": "https://www.toronto.ca/explore-enjoy/parks-recreation/places-spaces/parks-and-recreation-facilities/location/?id=68" }, "geometry": { "type": "MultiPoint", "coordinates": [ [ -79.415368866144505, 43.654635109553602 ] ] } },
{ "type": "Feature", "properties": { "_id": 34, "LOCATIONID": "2514", "ASSET_ID": 1383.0, "ASSET_NAME": "KNOTWOOD PARK", "TYPE": "Park", "AMENITIES": "None", "ADDRESS": "40 Pogonia St", "PHONE": "None", "URL": "https://www.toronto.ca/explore-enjoy/parks-recreation/places-spaces/parks-and-recreation-facilities/location/?id=2514" }, "geometry": { "type": "MultiPoint", "coordinates": [ [ -79.227329473588597, 43.826439175329199 ] ] } },
{ "type": "Feature", "properties": { "_id": 35, "LOCATIONID": "585", "ASSET_ID": 375.0, "ASSET_NAME": "FLEMINGDON PARK", "TYPE": "Park", "AMENITIES": "Ball Diamond, Basketball Court, Cricket Pitch Field, Outdoor Dry Pad, Outdoor Track, Playground, Sports Field", "ADDRESS": "150 Grenoble Dr", "PHONE": "None", "URL": "https://www.toronto.ca/explore-enjoy/parks-recreation/places-spaces/parks-and-recreation-facilities/location/?id=585" }, "geometry": { "type": "MultiPoint", "coordinates": [ [ -79.330549583123698, 43.713913749562998 ] ] } },
{ "type": "Feature", "properties": { "_id": 36, "LOCATIONID": "2507", "ASSET_ID": 783.0, "ASSET_NAME": "OLD SHEPPARD PARK", "TYPE": "Park", "AMENITIES": "Outdoor Fitness Equipment, Playground", "ADDRESS": "101 Sheppard Ave", "PHONE": "None", "URL": "https://www.toronto.ca/explore-enjoy/parks-recreation/places-spaces/parks-and-recreation-facilities/location/?id=2507" }, "geometry": { "type": "MultiPoint", "coordinates": [ [ -79.333403075223998, 43.778178092447 ] ] } },
{ "type": "Feature", "properties": { "_id": 37, "LOCATIONID": "2702", "ASSET_ID": 1446.0, "ASSET_NAME": "OLIVE SQUARE PARK", "TYPE": "Park", "AMENITIES": "None", "ADDRESS": "5575 Yonge St", "PHONE": "None", "URL": "https://www.toronto.ca/explore-enjoy/parks-recreation/places-spaces/parks-and-recreation-facilities/location/?id=2702" }, "geometry": { "type": "MultiPoint", "coordinates": [ [ -79.415040302833006, 43.779376092094502 ] ] } },
{ "type": "Feature", "properties": { "_id": 38, "LOCATIONID": "685", "ASSET_ID": 635.0, "ASSET_NAME": "LISSOM PARK", "TYPE": "Park", "AMENITIES": "Playground", "ADDRESS": "338 Homewood Ave", "PHONE": "None", "URL": "https://www.toronto.ca/explore-enjoy/parks-recreation/places-spaces/parks-and-recreation-facilities/location/?id=685" }, "geometry": { "type": "MultiPoint", "coordinates": [ [ -79.441870659333404, 43.785466576623499 ] ] } },
{ "type": "Feature", "properties": { "_id": 39, "LOCATIONID": "653", "ASSET_ID": 464.0, "ASSET_NAME": "HARRYETTA GARDENS", "TYPE": "Park", "AMENITIES": "Playground", "ADDRESS": "170 Torresdale Ave", "PHONE": "None", "URL": "https://www.toronto.ca/explore-enjoy/parks-recreation/places-spaces/parks-and-recreation-facilities/location/?id=653" }, "geometry": { "type": "MultiPoint", "coordinates": [ [ -79.451482423148406, 43.781640837374198 ] ] } },
{ "type": "Feature", "properties": { "_id": 40, "LOCATIONID": "1088", "ASSET_ID": 718.0, "ASSET_NAME": "MILLIKEN PARK", "TYPE": "Park", "AMENITIES": "Outdoor Fitness Equipment, Picnic Site, Playground, Washroom", "ADDRESS": "5555 STEELES AVE E", "PHONE": "None", "URL": "https://www.toronto.ca/explore-enjoy/parks-recreation/places-spaces/parks-and-recreation-facilities/location/?id=1088" }, "geometry": { "type": "MultiPoint", "coordinates": [ [ -79.270494061227197, 43.829480439202399 ] ] } },
{ "type": "Feature", "properties": { "_id": 41, "LOCATIONID": "11", "ASSET_ID": 392.0, "ASSET_NAME": "G. ROSS LORD PARK", "TYPE": "Park", "AMENITIES": "Cricket Pitch Field, Dog Off-Leash Area, Firepit, Picnic Site, Sports Field, Washroom", "ADDRESS": "4801 Dufferin St", "PHONE": "None", "URL": "https://www.toronto.ca/explore-enjoy/parks-recreation/places-spaces/parks-and-recreation-facilities/location/?id=11" }, "geometry": { "type": "MultiPoint", "coordinates": [ [ -79.461842055658806, 43.777937108103004 ] ] } },
{ "type": "Feature", "properties": { "_id": 42, "LOCATIONID": "2556", "ASSET_ID": 910.0, "ASSET_NAME": "RUSTIC PARK", "TYPE": "Park", "AMENITIES": "Outdoor Ping Pong/Table Tennis, Playground", "ADDRESS": "35 Raven Rd", "PHONE": "None", "URL": "https://www.toronto.ca/explore-enjoy/parks-recreation/places-spaces/parks-and-recreation-facilities/location/?id=2556" }, "geometry": { "type": "MultiPoint", "coordinates": [ [ -79.504431236861095, 43.713281358157097 ] ] } },
{ "type": "Feature", "properties": { "_id": 43, "LOCATIONID": "1449", "ASSET_ID": 283.0, "ASSET_NAME": "DON VALLEY BRICK WORKS", "TYPE": "Park", "AMENITIES": "Dog Off-Leash Area, Washroom", "ADDRESS": "550 Bayview Ave", "PHONE": "None", "URL": "https://www.toronto.ca/explore-enjoy/parks-recreation/places-spaces/parks-and-recreation-facilities/location/?id=1449" }, "geometry": { "type": "MultiPoint", "coordinates": [ [ -79.365956763689198, 43.6876651974829 ] ] } },
{ "type": "Feature", "properties": { "_id": 44, "LOCATIONID": "1049", "ASSET_ID": 126.0, "ASSET_NAME": "BRIDLETOWNE PARK", "TYPE": "Park", "AMENITIES": "Playground, Sports Field", "ADDRESS": "2295 Bridletowne Crcl", "PHONE": "None", "URL": "https://www.toronto.ca/explore-enjoy/parks-recreation/places-spaces/parks-and-recreation-facilities/location/?id=1049" }, "geometry": { "type": "MultiPoint", "coordinates": [ [ -79.312976966339605, 43.800336985338902 ] ] } },
{ "type": "Feature", "properties": { "_id": 45, "LOCATIONID": "2126", "ASSET_ID": 1250.0, "ASSET_NAME": "CREEKSIDE PARK", "TYPE": "Park", "AMENITIES": "None", "ADDRESS": "3600 Bayview Ave", "PHONE": "None", "URL": "https://www.toronto.ca/explore-enjoy/parks-recreation/places-spaces/parks-and-recreation-facilities/location/?id=2126" }, "geometry": { "type": "MultiPoint", "coordinates": [ [ -79.396539534058903, 43.802670334121302 ] ] } },
{ "type": "Feature", "properties": { "_id": 46, "LOCATIONID": "2673", "ASSET_ID": 1094.0, "ASSET_NAME": "WEDGEWOOD PARK - NORTH YORK", "TYPE": "Park", "AMENITIES": "Basketball Court, Pickleball Court, Playground, Tennis Court", "ADDRESS": "145 Wedgewood Dr", "PHONE": "None", "URL": "https://www.toronto.ca/explore-enjoy/parks-recreation/places-spaces/parks-and-recreation-facilities/location/?id=2673" }, "geometry": { "type": "MultiPoint", "coordinates": [ [ -79.406311377607196, 43.790511305277199 ] ] } },
{ "type": "Feature", "properties": { "_id": 47, "LOCATIONID": "628", "ASSET_ID": 356.0, "ASSET_NAME": "FAIRGLEN PARK", "TYPE": "Park", "AMENITIES": "Sports Field", "ADDRESS": "16 Corinthian Blvd", "PHONE": "None", "URL": "https://www.toronto.ca/explore-enjoy/parks-recreation/places-spaces/parks-and-recreation-facilities/location/?id=628" }, "geometry": { "type": "MultiPoint", "coordinates": [ [ -79.326234498994793, 43.787891000633103 ] ] } },
{ "type": "Feature", "properties": { "_id": 48, "LOCATIONID": "3626", "ASSET_ID": 58883.0, "ASSET_NAME": "MANOR COMMUNITY GREEN", "TYPE": "Park", "AMENITIES": "None", "ADDRESS": "190 Manor Rd E", "PHONE": "None", "URL": "https://www.toronto.ca/explore-enjoy/parks-recreation/places-spaces/parks-and-recreation-facilities/location/?id=3626" }, "geometry": { "type": "MultiPoint", "coordinates": [ [ -79.3878944365309, 43.7047154558581 ] ] } },
{ "type": "Feature", "properties": { "_id": 49, "LOCATIONID": "2416", "ASSET_ID": 321.0, "ASSET_NAME": "ECHO VALLEY PARK", "TYPE": "Park", "AMENITIES": "None", "ADDRESS": "1124 Kipling Ave", "PHONE": "None", "URL": "https://www.toronto.ca/explore-enjoy/parks-recreation/places-spaces/parks-and-recreation-facilities/location/?id=2416" }, "geometry": { "type": "MultiPoint", "coordinates": [ [ -79.543472437771896, 43.652432990971697 ] ] } },
{ "type": "Feature", "properties": { "_id": 50, "LOCATIONID": "347", "ASSET_ID": 906.0, "ASSET_NAME": "ROYWOOD PARK", "TYPE": "Park", "AMENITIES": "Basketball Court, Playground, Sports Field, Tennis Court", "ADDRESS": "2 Roywood Dr", "PHONE": "None", "URL": "https://www.toronto.ca/explore-enjoy/parks-recreation/places-spaces/parks-and-recreation-facilities/location/?id=347" }, "geometry": { "type": "MultiPoint", "coordinates": [ [ -79.320795649087302, 43.764546031722901 ] ] } },
{ "type": "Feature", "properties": { "_id": 51, "LOCATIONID": "1001", "ASSET_ID": 797.0, "ASSET_NAME": "PANORAMA PARK", "TYPE": "Park", "AMENITIES": "None", "ADDRESS": "31 Panorama Crt", "PHONE": "None", "URL": "https://www.toronto.ca/explore-enjoy/parks-recreation/places-spaces/parks-and-recreation-facilities/location/?id=1001" }, "geometry": { "type": "MultiPoint", "coordinates": [ [ -79.579686526510301, 43.745881841980903 ] ] } },
{ "type": "Feature", "properties": { "_id": 52, "LOCATIONID": "1484", "ASSET_ID": 1529.0, "ASSET_NAME": "SYLVAN PARK - GATE GULLY", "TYPE": "Park", "AMENITIES": "None", "ADDRESS": "55 Sylvan Ave", "PHONE": "None", "URL": "https://www.toronto.ca/explore-enjoy/parks-recreation/places-spaces/parks-and-recreation-facilities/location/?id=1484" }, "geometry": { "type": "MultiPoint", "coordinates": [ [ -79.215596794188798, 43.728460078349897 ] ] } },
{ "type": "Feature", "properties": { "_id": 53, "LOCATIONID": "2328", "ASSET_ID": 1893.0, "ASSET_NAME": "OAKDALE VILLAGE PARK", "TYPE": "Park", "AMENITIES": "Playground", "ADDRESS": "95 Fred Young Dr", "PHONE": "None", "URL": "https://www.toronto.ca/explore-enjoy/parks-recreation/places-spaces/parks-and-recreation-facilities/location/?id=2328" }, "geometry": { "type": "MultiPoint", "coordinates": [ [ -79.519976410102601, 43.729509697551201 ] ] } },
{ "type": "Feature", "properties": { "_id": 54, "LOCATIONID": "3709", "ASSET_ID": 69482.0, "ASSET_NAME": "SENATOR MARIAN MALONEY PARK", "TYPE": "Park", "AMENITIES": "Playground", "ADDRESS": "40 Caven St", "PHONE": "None", "URL": "https://www.toronto.ca/explore-enjoy/parks-recreation/places-spaces/parks-and-recreation-facilities/location/?id=3709" }, "geometry": { "type": "MultiPoint", "coordinates": [ [ -79.5210522606464, 43.620787998290403 ] ] } },
{ "type": "Feature", "properties": { "_id": 55, "LOCATIONID": "2597", "ASSET_ID": 1216.0, "ASSET_NAME": "ETHENNONNHAWAHSTIHNEN PARK", "TYPE": "Park", "AMENITIES": "Firepit, Playground, Sports Field, Washroom", "ADDRESS": "80 McMahon Dr", "PHONE": "None", "URL": "https://www.toronto.ca/explore-enjoy/parks-recreation/places-spaces/parks-and-recreation-facilities/location/?id=2597" }, "geometry": { "type": "MultiPoint", "coordinates": [ [ -79.373520208559796, 43.767535034183403 ] ] } },
{ "type": "Feature", "properties": { "_id": 56, "LOCATIONID": "3701", "ASSET_ID": 59603.0, "ASSET_NAME": "85 KEEWATIN AVE PARK", "TYPE": "Park", "AMENITIES": "None", "ADDRESS": "85 Keewatin Ave", "PHONE": "None", "URL": "https://www.toronto.ca/explore-enjoy/parks-recreation/places-spaces/parks-and-recreation-facilities/location/?id=3701" }, "geometry": { "type": "MultiPoint", "coordinates": [ [ -79.395879421975494, 43.712910714831303 ] ] } },
{ "type": "Feature", "properties": { "_id": 57, "LOCATIONID": "522", "ASSET_ID": 5.0, "ASSET_NAME": "ADAMS PARK", "TYPE": "Park", "AMENITIES": "Ball Diamond, Picnic Site, Playground, Sports Field, Washroom", "ADDRESS": "2 Rozell Rd", "PHONE": "None", "URL": "https://www.toronto.ca/explore-enjoy/parks-recreation/places-spaces/parks-and-recreation-facilities/location/?id=522" }, "geometry": { "type": "MultiPoint", "coordinates": [ [ -79.145772929822002, 43.792170198087597 ] ] } },
{ "type": "Feature", "properties": { "_id": 58, "LOCATIONID": "2494", "ASSET_ID": 1434.0, "ASSET_NAME": "NEWTON PARKETTE", "TYPE": "Park", "AMENITIES": "None", "ADDRESS": "293 Newton Dr", "PHONE": "None", "URL": "https://www.toronto.ca/explore-enjoy/parks-recreation/places-spaces/parks-and-recreation-facilities/location/?id=2494" }, "geometry": { "type": "MultiPoint", "coordinates": [ [ -79.395677290378799, 43.798893102224802 ] ] } },
{ "type": "Feature", "properties": { "_id": 59, "LOCATIONID": "2693", "ASSET_ID": 1144.0, "ASSET_NAME": "WOODGROVE RAVINE PARK", "TYPE": "Park", "AMENITIES": "None", "ADDRESS": "1 Woodgrove Dr", "PHONE": "None", "URL": "https://www.toronto.ca/explore-enjoy/parks-recreation/places-spaces/parks-and-recreation-facilities/location/?id=2693" }, "geometry": { "type": "MultiPoint", "coordinates": [ [ -79.169179868138798, 43.766332299019297 ] ] } },
{ "type": "Feature", "properties": { "_id": 60, "LOCATIONID": "3537", "ASSET_ID": 58885.0, "ASSET_NAME": "BIRCHCLIFF WOODS", "TYPE": "Park", "AMENITIES": "None", "ADDRESS": "3700 Danforth Ave", "PHONE": "None", "URL": "https://www.toronto.ca/explore-enjoy/parks-recreation/places-spaces/parks-and-recreation-facilities/location/?id=3537" }, "geometry": { "type": "MultiPoint", "coordinates": [ [ -79.262597055497807, 43.697960093960397 ] ] } },
{ "type": "Feature", "properties": { "_id": 61, "LOCATIONID": "2238", "ASSET_ID": 1142.0, "ASSET_NAME": "WOBURN PARK - NORTH YORK", "TYPE": "Park", "AMENITIES": "Basketball Court, Dog Off-Leash Area, Playground", "ADDRESS": "575 Cranbrooke Ave", "PHONE": "None", "URL": "https://www.toronto.ca/explore-enjoy/parks-recreation/places-spaces/parks-and-recreation-facilities/location/?id=2238" }, "geometry": { "type": "MultiPoint", "coordinates": [ [ -79.427407277354007, 43.722793358324402 ] ] } },
{ "type": "Feature", "properties": { "_id": 62, "LOCATIONID": "682", "ASSET_ID": 520.0, "ASSET_NAME": "VIOLA DESMOND PARK", "TYPE": "Park", "AMENITIES": "Ball Diamond, Basketball Court, Playground, Sports Field", "ADDRESS": "85 Hupfield Trl", "PHONE": "None", "URL": "https://www.toronto.ca/explore-enjoy/parks-recreation/places-spaces/parks-and-recreation-facilities/location/?id=682" }, "geometry": { "type": "MultiPoint", "coordinates": [ [ -79.218515273632093, 43.812916109484703 ] ] } },
{ "type": "Feature", "properties": { "_id": 63, "LOCATIONID": "598", "ASSET_ID": 941.0, "ASSET_NAME": "SHAWN \"BLU\" ROSE PARK", "TYPE": "Park", "AMENITIES": "Ball Diamond, Playground", "ADDRESS": "30 Empringham Dr", "PHONE": "None", "URL": "https://www.toronto.ca/explore-enjoy/parks-recreation/places-spaces/parks-and-recreation-facilities/location/?id=598" }, "geometry": { "type": "MultiPoint", "coordinates": [ [ -79.209711646995004, 43.812071540061602 ] ] } },
{ "type": "Feature", "properties": { "_id": 64, "LOCATIONID": "677", "ASSET_ID": 501.0, "ASSET_NAME": "HORSELEY HILL PARK", "TYPE": "Park", "AMENITIES": "Ball Diamond, Playground, Sports Field", "ADDRESS": "145 Horseley Hill Dr", "PHONE": "None", "URL": "https://www.toronto.ca/explore-enjoy/parks-recreation/places-spaces/parks-and-recreation-facilities/location/?id=677" }, "geometry": { "type": "MultiPoint", "coordinates": [ [ -79.229534802586102, 43.810782274271098 ] ] } },
{ "type": "Feature", "properties": { "_id": 65, "LOCATIONID": "698", "ASSET_ID": 602.0, "ASSET_NAME": "L'AMOREAUX SPORTS COMPLEX", "TYPE": "Park", "AMENITIES": "Ball Diamond, Picnic Site, Playground, Sports Field, Washroom", "ADDRESS": "100 Silver Springs Blvd", "PHONE": "416-396-4253", "URL": "https://www.toronto.ca/explore-enjoy/parks-recreation/places-spaces/parks-and-recreation-facilities/location/?id=698" }, "geometry": { "type": "MultiPoint", "coordinates": [ [ -79.306352258665598, 43.804738688119997 ] ] } },
{ "type": "Feature", "properties": { "_id": 66, "LOCATIONID": "578", "ASSET_ID": 127.0, "ASSET_NAME": "BRIDLEWOOD PARK", "TYPE": "Park", "AMENITIES": "Ball Diamond, Playground, Tennis Court, Washroom", "ADDRESS": "445 Huntingwood Dr", "PHONE": "None", "URL": "https://www.toronto.ca/explore-enjoy/parks-recreation/places-spaces/parks-and-recreation-facilities/location/?id=578" }, "geometry": { "type": "MultiPoint", "coordinates": [ [ -79.316240158761204, 43.7829182576505 ] ] } },
{ "type": "Feature", "properties": { "_id": 67, "LOCATIONID": "3663", "ASSET_ID": 57807.0, "ASSET_NAME": "SOUTH STANLEY PARK EXTENSION", "TYPE": "Park", "AMENITIES": "None", "ADDRESS": "801 Wellington St W", "PHONE": "None", "URL": "https://www.toronto.ca/explore-enjoy/parks-recreation/places-spaces/parks-and-recreation-facilities/location/?id=3663" }, "geometry": { "type": "MultiPoint", "coordinates": [ [ -79.409002282443396, 43.640731994244902 ] ] } },
{ "type": "Feature", "properties": { "_id": 68, "LOCATIONID": "2816", "ASSET_ID": 45502.0, "ASSET_NAME": "JOLLY MILLER PARK", "TYPE": "Park", "AMENITIES": "None", "ADDRESS": "3995 Yonge St", "PHONE": "None", "URL": "https://www.toronto.ca/explore-enjoy/parks-recreation/places-spaces/parks-and-recreation-facilities/location/?id=2816" }, "geometry": { "type": "MultiPoint", "coordinates": [ [ -79.405181042324898, 43.741878981489897 ] ] } },
{ "type": "Feature", "properties": { "_id": 69, "LOCATIONID": "2555", "ASSET_ID": 340.0, "ASSET_NAME": "ELMCREST PARK", "TYPE": "Park", "AMENITIES": "None", "ADDRESS": "575 Rathburn Rd", "PHONE": "None", "URL": "https://www.toronto.ca/explore-enjoy/parks-recreation/places-spaces/parks-and-recreation-facilities/location/?id=2555" }, "geometry": { "type": "MultiPoint", "coordinates": [ [ -79.581709506490199, 43.644383747467202 ] ] } },
{ "type": "Feature", "properties": { "_id": 70, "LOCATIONID": "855", "ASSET_ID": 750.0, "ASSET_NAME": "NEILSON PARK - ETOBICOKE", "TYPE": "Park", "AMENITIES": "Ball Diamond, Playground", "ADDRESS": "56 Neilson Dr", "PHONE": "None", "URL": "https://www.toronto.ca/explore-enjoy/parks-recreation/places-spaces/parks-and-recreation-facilities/location/?id=855" }, "geometry": { "type": "MultiPoint", "coordinates": [ [ -79.567416519020398, 43.630584302934899 ] ] } },
{ "type": "Feature", "properties": { "_id": 71, "LOCATIONID": "3657", "ASSET_ID": 59745.0, "ASSET_NAME": "HARDING PARKETTE", "TYPE": "Park", "AMENITIES": "None", "ADDRESS": "33 Kingsbury Cres", "PHONE": "None", "URL": "https://www.toronto.ca/explore-enjoy/parks-recreation/places-spaces/parks-and-recreation-facilities/location/?id=3657" }, "geometry": { "type": "MultiPoint", "coordinates": [ [ -79.262401416803598, 43.689778740044098 ] ] } },
{ "type": "Feature", "properties": { "_id": 72, "LOCATIONID": "3741", "ASSET_ID": 58822.0, "ASSET_NAME": "ATRIA NORTH PARK", "TYPE": "Park", "AMENITIES": "Outdoor Fitness Equipment, Playground", "ADDRESS": "75 Atria Blvd", "PHONE": "None", "URL": "https://www.toronto.ca/explore-enjoy/parks-recreation/places-spaces/parks-and-recreation-facilities/location/?id=3741" }, "geometry": { "type": "MultiPoint", "coordinates": [ [ -79.329039464751602, 43.7744318645315 ] ] } },
{ "type": "Feature", "properties": { "_id": 73, "LOCATIONID": "2311", "ASSET_ID": 360.0, "ASSET_NAME": "FANFARE PARK", "TYPE": "Park", "AMENITIES": "Playground", "ADDRESS": "40 Fanfare Ave", "PHONE": "None", "URL": "https://www.toronto.ca/explore-enjoy/parks-recreation/places-spaces/parks-and-recreation-facilities/location/?id=2311" }, "geometry": { "type": "MultiPoint", "coordinates": [ [ -79.139546201612205, 43.791848696730703 ] ] } },
{ "type": "Feature", "properties": { "_id": 74, "LOCATIONID": "1037", "ASSET_ID": 1087.0, "ASSET_NAME": "WARDEN PARK", "TYPE": "Park", "AMENITIES": "Ball Diamond, Outdoor Fitness Equipment", "ADDRESS": "2851 Warden Ave", "PHONE": "None", "URL": "https://www.toronto.ca/explore-enjoy/parks-recreation/places-spaces/parks-and-recreation-facilities/location/?id=1037" }, "geometry": { "type": "MultiPoint", "coordinates": [ [ -79.318333450561298, 43.804855356557503 ] ] } },
{ "type": "Feature", "properties": { "_id": 75, "LOCATIONID": "2471", "ASSET_ID": 704.0, "ASSET_NAME": "MCLEVIN WOODS PARK", "TYPE": "Park", "AMENITIES": "None", "ADDRESS": "375 McLevin Ave", "PHONE": "None", "URL": "https://www.toronto.ca/explore-enjoy/parks-recreation/places-spaces/parks-and-recreation-facilities/location/?id=2471" }, "geometry": { "type": "MultiPoint", "coordinates": [ [ -79.222364109968694, 43.807782896494601 ] ] } },
{ "type": "Feature", "properties": { "_id": 76, "LOCATIONID": "680", "ASSET_ID": 519.0, "ASSET_NAME": "HUNTSMILL PARK", "TYPE": "Park", "AMENITIES": "Ball Diamond, Playground, Sports Field", "ADDRESS": "201 Huntsmill Blvd", "PHONE": "None", "URL": "https://www.toronto.ca/explore-enjoy/parks-recreation/places-spaces/parks-and-recreation-facilities/location/?id=680" }, "geometry": { "type": "MultiPoint", "coordinates": [ [ -79.328711049075395, 43.808793399486802 ] ] } },
{ "type": "Feature", "properties": { "_id": 77, "LOCATIONID": "2637", "ASSET_ID": 1533.0, "ASSET_NAME": "TANIS CRES WOODLOT", "TYPE": "Park", "AMENITIES": "None", "ADDRESS": "30 Tanis Cres", "PHONE": "None", "URL": "https://www.toronto.ca/explore-enjoy/parks-recreation/places-spaces/parks-and-recreation-facilities/location/?id=2637" }, "geometry": { "type": "MultiPoint", "coordinates": [ [ -79.163455143514398, 43.7864081894704 ] ] } },
{ "type": "Feature", "properties": { "_id": 78, "LOCATIONID": "671", "ASSET_ID": 469.0, "ASSET_NAME": "HAVENDALE PARK", "TYPE": "Park", "AMENITIES": "Ball Diamond, Playground", "ADDRESS": "5 Belgreen Ave", "PHONE": "None", "URL": "https://www.toronto.ca/explore-enjoy/parks-recreation/places-spaces/parks-and-recreation-facilities/location/?id=671" }, "geometry": { "type": "MultiPoint", "coordinates": [ [ -79.288321496412294, 43.793286143549302 ] ] } },
{ "type": "Feature", "properties": { "_id": 79, "LOCATIONID": "513", "ASSET_ID": 67.0, "ASSET_NAME": "BAYCREST PARK", "TYPE": "Park", "AMENITIES": "Ball Diamond, Outdoor Dry Pad, Pickleball Court, Playground, Sports Field, Tennis Court", "ADDRESS": "160 Neptune Dr", "PHONE": "None", "URL": "https://www.toronto.ca/explore-enjoy/parks-recreation/places-spaces/parks-and-recreation-facilities/location/?id=513" }, "geometry": { "type": "MultiPoint", "coordinates": [ [ -79.445313153970602, 43.727177355758002 ] ] } },
{ "type": "Feature", "properties": { "_id": 80, "LOCATIONID": "942", "ASSET_ID": 123.0, "ASSET_NAME": "BRAMBER WOODS PARK", "TYPE": "Park", "AMENITIES": "Playground", "ADDRESS": "15 Bramber Rd", "PHONE": "None", "URL": "https://www.toronto.ca/explore-enjoy/parks-recreation/places-spaces/parks-and-recreation-facilities/location/?id=942" }, "geometry": { "type": "MultiPoint", "coordinates": [ [ -79.166827485381901, 43.7887900137478 ] ] } },
{ "type": "Feature", "properties": { "_id": 81, "LOCATIONID": "2232", "ASSET_ID": 492.0, "ASSET_NAME": "HILLSBOROUGH PARK", "TYPE": "Park", "AMENITIES": "Playground", "ADDRESS": "94 Corporate Dr", "PHONE": "None", "URL": "https://www.toronto.ca/explore-enjoy/parks-recreation/places-spaces/parks-and-recreation-facilities/location/?id=2232" }, "geometry": { "type": "MultiPoint", "coordinates": [ [ -79.248848456281394, 43.781469910573499 ] ] } },
{ "type": "Feature", "properties": { "_id": 82, "LOCATIONID": "1053", "ASSET_ID": 149.0, "ASSET_NAME": "CAMPBELL AVENUE PARK", "TYPE": "Park", "AMENITIES": "Basketball Court, Pickleball Court, Playground, Sports Field, Washroom", "ADDRESS": "225 Campbell Ave", "PHONE": "None", "URL": "https://www.toronto.ca/explore-enjoy/parks-recreation/places-spaces/parks-and-recreation-facilities/location/?id=1053" }, "geometry": { "type": "MultiPoint", "coordinates": [ [ -79.448301261928293, 43.663593741859302 ] ] } },
{ "type": "Feature", "properties": { "_id": 83, "LOCATIONID": "1474", "ASSET_ID": 931.0, "ASSET_NAME": "SEASONS PARK", "TYPE": "Park", "AMENITIES": "Ball Diamond, Basketball Court, Playground", "ADDRESS": "40 Seasons Dr", "PHONE": "None", "URL": "https://www.toronto.ca/explore-enjoy/parks-recreation/places-spaces/parks-and-recreation-facilities/location/?id=1474" }, "geometry": { "type": "MultiPoint", "coordinates": [ [ -79.231545828233806, 43.830757719908 ] ] } },
{ "type": "Feature", "properties": { "_id": 84, "LOCATIONID": "2528", "ASSET_ID": 1027.0, "ASSET_NAME": "TELFER PARK", "TYPE": "Park", "AMENITIES": "Basketball Court, Playground", "ADDRESS": "71 Pinery Trl", "PHONE": "None", "URL": "https://www.toronto.ca/explore-enjoy/parks-recreation/places-spaces/parks-and-recreation-facilities/location/?id=2528" }, "geometry": { "type": "MultiPoint", "coordinates": [ [ -79.226340606507307, 43.807541455306797 ] ] } },
{ "type": "Feature", "properties": { "_id": 85, "LOCATIONID": "613", "ASSET_ID": 639.0, "ASSET_NAME": "LITTLES ROAD PARK", "TYPE": "Park", "AMENITIES": "Cricket Pitch Field, Playground, Sports Field", "ADDRESS": "30 Littles Rd", "PHONE": "None", "URL": "https://www.toronto.ca/explore-enjoy/parks-recreation/places-spaces/parks-and-recreation-facilities/location/?id=613" }, "geometry": { "type": "MultiPoint", "coordinates": [ [ -79.205770947374205, 43.816572776669901 ] ] } },
{ "type": "Feature", "properties": { "_id": 86, "LOCATIONID": "1898", "ASSET_ID": 194.0, "ASSET_NAME": "CHESTER LE PARK", "TYPE": "Park", "AMENITIES": "Playground, Sports Field", "ADDRESS": "255 Chester Le Blvd", "PHONE": "None", "URL": "https://www.toronto.ca/explore-enjoy/parks-recreation/places-spaces/parks-and-recreation-facilities/location/?id=1898" }, "geometry": { "type": "MultiPoint", "coordinates": [ [ -79.331338783322806, 43.799750285552101 ] ] } },
{ "type": "Feature", "properties": { "_id": 87, "LOCATIONID": "725", "ASSET_ID": 760.0, "ASSET_NAME": "NORTH AGINCOURT PARK", "TYPE": "Park", "AMENITIES": "Sports Field", "ADDRESS": "61 Moran Rd", "PHONE": "None", "URL": "https://www.toronto.ca/explore-enjoy/parks-recreation/places-spaces/parks-and-recreation-facilities/location/?id=725" }, "geometry": { "type": "MultiPoint", "coordinates": [ [ -79.274451260867394, 43.796744220222401 ] ] } },
{ "type": "Feature", "properties": { "_id": 88, "LOCATIONID": "2210", "ASSET_ID": 1467.0, "ASSET_NAME": "PORT UNION WATERFRONT PARK", "TYPE": "Park", "AMENITIES": "None", "ADDRESS": "175 Chesterton Shores", "PHONE": "None", "URL": "https://www.toronto.ca/explore-enjoy/parks-recreation/places-spaces/parks-and-recreation-facilities/location/?id=2210" }, "geometry": { "type": "MultiPoint", "coordinates": [ [ -79.130915299866203, 43.779033006412298 ] ] } },
{ "type": "Feature", "properties": { "_id": 89, "LOCATIONID": "742", "ASSET_ID": 884.0, "ASSET_NAME": "ROCKFORD PARK", "TYPE": "Park", "AMENITIES": "Basketball Court, Outdoor Dry Pad, Playground, Tennis Court", "ADDRESS": "70 Rockford Rd", "PHONE": "None", "URL": "https://www.toronto.ca/explore-enjoy/parks-recreation/places-spaces/parks-and-recreation-facilities/location/?id=742" }, "geometry": { "type": "MultiPoint", "coordinates": [ [ -79.453975899835896, 43.7864470424947 ] ] } },
{ "type": "Feature", "properties": { "_id": 90, "LOCATIONID": "2253", "ASSET_ID": 1487.0, "ASSET_NAME": "ROUGE NEIGHBOURHOOD PARK", "TYPE": "Park", "AMENITIES": "None", "ADDRESS": "196 Dean Park Rd", "PHONE": "None", "URL": "https://www.toronto.ca/explore-enjoy/parks-recreation/places-spaces/parks-and-recreation-facilities/location/?id=2253" }, "geometry": { "type": "MultiPoint", "coordinates": [ [ -79.179420773407003, 43.802257177451999 ] ] } },
{ "type": "Feature", "properties": { "_id": 91, "LOCATIONID": "2409", "ASSET_ID": 1380.0, "ASSET_NAME": "KING GEORGES - KEELE PARKETTE", "TYPE": "Park", "AMENITIES": "None", "ADDRESS": " KING GEORGE'S DR", "PHONE": "None", "URL": "https://www.toronto.ca/explore-enjoy/parks-recreation/places-spaces/parks-and-recreation-facilities/location/?id=2409" }, "geometry": { "type": "MultiPoint", "coordinates": [ [ -79.475382339914603, 43.696059722233599 ] ] } },
{ "type": "Feature", "properties": { "_id": 92, "LOCATIONID": "2743", "ASSET_ID": 25124.0, "ASSET_NAME": "JACK EVELYN WIGGINS PARK", "TYPE": "Park", "AMENITIES": "Playground", "ADDRESS": "51 Leitch Ave", "PHONE": "None", "URL": "https://www.toronto.ca/explore-enjoy/parks-recreation/places-spaces/parks-and-recreation-facilities/location/?id=2743" }, "geometry": { "type": "MultiPoint", "coordinates": [ [ -79.4963015534383, 43.767996695768304 ] ] } },
{ "type": "Feature", "properties": { "_id": 93, "LOCATIONID": "1040", "ASSET_ID": 173.0, "ASSET_NAME": "CENTENNIAL PARK - SCARBOROUGH", "TYPE": "Park", "AMENITIES": "Playground", "ADDRESS": "225 Centennial Rd", "PHONE": "None", "URL": "https://www.toronto.ca/explore-enjoy/parks-recreation/places-spaces/parks-and-recreation-facilities/location/?id=1040" }, "geometry": { "type": "MultiPoint", "coordinates": [ [ -79.148429349863505, 43.785678428931099 ] ] } },
{ "type": "Feature", "properties": { "_id": 94, "LOCATIONID": "830", "ASSET_ID": 271.0, "ASSET_NAME": "DENISON PARK", "TYPE": "Park", "AMENITIES": "Ball Diamond, Outdoor Fitness Equipment, Playground, Washroom", "ADDRESS": "108 Denison Rd W", "PHONE": "None", "URL": "https://www.toronto.ca/explore-enjoy/parks-recreation/places-spaces/parks-and-recreation-facilities/location/?id=830" }, "geometry": { "type": "MultiPoint", "coordinates": [ [ -79.511751743634804, 43.693978915346598 ] ] } },
{ "type": "Feature", "properties": { "_id": 95, "LOCATIONID": "962", "ASSET_ID": 640.0, "ASSET_NAME": "LIVINGSTONE PARK", "TYPE": "Park", "AMENITIES": "Playground", "ADDRESS": "21 Woodville Ave", "PHONE": "None", "URL": "https://www.toronto.ca/explore-enjoy/parks-recreation/places-spaces/parks-and-recreation-facilities/location/?id=962" }, "geometry": { "type": "MultiPoint", "coordinates": [ [ -79.353768016863896, 43.691217325062901 ] ] } },
{ "type": "Feature", "properties": { "_id": 96, "LOCATIONID": "80", "ASSET_ID": 1350.0, "ASSET_NAME": "HILLINGDON - WOODROW PARKETTE", "TYPE": "Park", "AMENITIES": "None", "ADDRESS": "64 Woodrow Ave", "PHONE": "None", "URL": "https://www.toronto.ca/explore-enjoy/parks-recreation/places-spaces/parks-and-recreation-facilities/location/?id=80" }, "geometry": { "type": "MultiPoint", "coordinates": [ [ -79.320482173207097, 43.682702651672997 ] ] } },
{ "type": "Feature", "properties": { "_id": 97, "LOCATIONID": "2103", "ASSET_ID": 938.0, "ASSET_NAME": "SERGEANT RYAN RUSSELL PARKETTE", "TYPE": "Park", "AMENITIES": "Playground", "ADDRESS": "250 Avenue Rd", "PHONE": "None", "URL": "https://www.toronto.ca/explore-enjoy/parks-recreation/places-spaces/parks-and-recreation-facilities/location/?id=2103" }, "geometry": { "type": "MultiPoint", "coordinates": [ [ -79.398115811441698, 43.677468288239403 ] ] } },
{ "type": "Feature", "properties": { "_id": 98, "LOCATIONID": "2438", "ASSET_ID": 1254.0, "ASSET_NAME": "CUMMER PARKETTE", "TYPE": "Park", "AMENITIES": "None", "ADDRESS": "6024 Leslie St", "PHONE": "None", "URL": "https://www.toronto.ca/explore-enjoy/parks-recreation/places-spaces/parks-and-recreation-facilities/location/?id=2438" }, "geometry": { "type": "MultiPoint", "coordinates": [ [ -79.371639111602306, 43.801406238449196 ] ] } },
{ "type": "Feature", "properties": { "_id": 99, "LOCATIONID": "1849", "ASSET_ID": 619.0, "ASSET_NAME": "LEE CENTRE PARK", "TYPE": "Park", "AMENITIES": "Playground", "ADDRESS": "112 Corporate Dr", "PHONE": "None", "URL": "https://www.toronto.ca/explore-enjoy/parks-recreation/places-spaces/parks-and-recreation-facilities/location/?id=1849" }, "geometry": { "type": "MultiPoint", "coordinates": [ [ -79.246596505454093, 43.781013928224098 ] ] } },
{ "type": "Feature", "properties": { "_id": 100, "LOCATIONID": "983", "ASSET_ID": 1158.0, "ASSET_NAME": "YORKDALE PARK", "TYPE": "Park", "AMENITIES": "None", "ADDRESS": "256 Ranee Ave", "PHONE": "None", "URL": "https://www.toronto.ca/explore-enjoy/parks-recreation/places-spaces/parks-and-recreation-facilities/location/?id=983" }, "geometry": { "type": "MultiPoint", "coordinates": [ [ -79.448362640062598, 43.724112851983698 ] ] } },
{ "type": "Feature", "properties": { "_id": 101, "LOCATIONID": "812", "ASSET_ID": 1069.0, "ASSET_NAME": "VALLEYFIELD PARK", "TYPE": "Park", "AMENITIES": "Pickleball Court, Washroom", "ADDRESS": "35 The Westway", "PHONE": "None", "URL": "https://www.toronto.ca/explore-enjoy/parks-recreation/places-spaces/parks-and-recreation-facilities/location/?id=812" }, "geometry": { "type": "MultiPoint", "coordinates": [ [ -79.5334381166616, 43.694711843458798 ] ] } },
{ "type": "Feature", "properties": { "_id": 102, "LOCATIONID": "2498", "ASSET_ID": 1876.0, "ASSET_NAME": "MIMICO WATERFRONT PARK", "TYPE": "Park", "AMENITIES": "Playground", "ADDRESS": "29 Norris Cres", "PHONE": "None", "URL": "https://www.toronto.ca/explore-enjoy/parks-recreation/places-spaces/parks-and-recreation-facilities/location/?id=2498" }, "geometry": { "type": "MultiPoint", "coordinates": [ [ -79.487056476683605, 43.6109983099511 ] ] } },
{ "type": "Feature", "properties": { "_id": 103, "LOCATIONID": "2493", "ASSET_ID": 36.0, "ASSET_NAME": "ANETA CIRCLE PARKETTE", "TYPE": "Park", "AMENITIES": "Playground", "ADDRESS": "184 Newton Dr", "PHONE": "None", "URL": "https://www.toronto.ca/explore-enjoy/parks-recreation/places-spaces/parks-and-recreation-facilities/location/?id=2493" }, "geometry": { "type": "MultiPoint", "coordinates": [ [ -79.404336591131994, 43.794768187807698 ] ] } },
{ "type": "Feature", "properties": { "_id": 104, "LOCATIONID": "721", "ASSET_ID": 745.0, "ASSET_NAME": "MUIRLANDS PARK", "TYPE": "Park", "AMENITIES": "Ball Diamond, Playground, Sports Field", "ADDRESS": "40 Muirlands Dr", "PHONE": "None", "URL": "https://www.toronto.ca/explore-enjoy/parks-recreation/places-spaces/parks-and-recreation-facilities/location/?id=721" }, "geometry": { "type": "MultiPoint", "coordinates": [ [ -79.268696383990402, 43.822875791816102 ] ] } },
{ "type": "Feature", "properties": { "_id": 105, "LOCATIONID": "2472", "ASSET_ID": 601.0, "ASSET_NAME": "L'AMOREAUX NORTH PARK", "TYPE": "Park", "AMENITIES": "Ball Diamond, Basketball Court, Dog Off-Leash Area, Sports Field, Washroom", "ADDRESS": "1900 McNicoll Ave", "PHONE": "None", "URL": "https://www.toronto.ca/explore-enjoy/parks-recreation/places-spaces/parks-and-recreation-facilities/location/?id=2472" }, "geometry": { "type": "MultiPoint", "coordinates": [ [ -79.306986783732597, 43.812885341710199 ] ] } },
{ "type": "Feature", "properties": { "_id": 106, "LOCATIONID": "2003", "ASSET_ID": 1558.0, "ASSET_NAME": "VALECREST PARK", "TYPE": "Park", "AMENITIES": "None", "ADDRESS": "125 Valecrest Dr", "PHONE": "None", "URL": "https://www.toronto.ca/explore-enjoy/parks-recreation/places-spaces/parks-and-recreation-facilities/location/?id=2003" }, "geometry": { "type": "MultiPoint", "coordinates": [ [ -79.520440790659094, 43.672549471919403 ] ] } },
{ "type": "Feature", "properties": { "_id": 107, "LOCATIONID": "2159", "ASSET_ID": 122.0, "ASSET_NAME": "BOWAN COURT PARKETTE", "TYPE": "Park", "AMENITIES": "Playground", "ADDRESS": "12 Bowan Crt", "PHONE": "None", "URL": "https://www.toronto.ca/explore-enjoy/parks-recreation/places-spaces/parks-and-recreation-facilities/location/?id=2159" }, "geometry": { "type": "MultiPoint", "coordinates": [ [ -79.392501886214205, 43.795650680560001 ] ] } },
{ "type": "Feature", "properties": { "_id": 108, "LOCATIONID": "729", "ASSET_ID": 821.0, "ASSET_NAME": "PINTO PARK", "TYPE": "Park", "AMENITIES": "Ball Diamond, Playground", "ADDRESS": "23 Pinto Dr", "PHONE": "None", "URL": "https://www.toronto.ca/explore-enjoy/parks-recreation/places-spaces/parks-and-recreation-facilities/location/?id=729" }, "geometry": { "type": "MultiPoint", "coordinates": [ [ -79.339698140196603, 43.790904204304503 ] ] } },
{ "type": "Feature", "properties": { "_id": 109, "LOCATIONID": "2337", "ASSET_ID": 1322.0, "ASSET_NAME": "GIDEON PARKETTE", "TYPE": "Park", "AMENITIES": "None", "ADDRESS": "16 Gideon Crt", "PHONE": "None", "URL": "https://www.toronto.ca/explore-enjoy/parks-recreation/places-spaces/parks-and-recreation-facilities/location/?id=2337" }, "geometry": { "type": "MultiPoint", "coordinates": [ [ -79.362473215964897, 43.796809818416499 ] ] } },
{ "type": "Feature", "properties": { "_id": 110, "LOCATIONID": "3772", "ASSET_ID": 71262.0, "ASSET_NAME": "60 BROADWAY AVE PARK", "TYPE": "Park", "AMENITIES": "None", "ADDRESS": "60 Broadway Ave", "PHONE": "None", "URL": "https://www.toronto.ca/explore-enjoy/parks-recreation/places-spaces/parks-and-recreation-facilities/location/?id=3772" }, "geometry": { "type": "MultiPoint", "coordinates": [ [ -79.395769565924894, 43.710394752490998 ] ] } },
{ "type": "Feature", "properties": { "_id": 111, "LOCATIONID": "3594", "ASSET_ID": 60522.0, "ASSET_NAME": "SANTA CHIARA PARKETTE - ANNE MARIE D'AMICO SQUARE", "TYPE": "Park", "AMENITIES": "None", "ADDRESS": "1114 St Clair Ave W", "PHONE": "None", "URL": "https://www.toronto.ca/explore-enjoy/parks-recreation/places-spaces/parks-and-recreation-facilities/location/?id=3594" }, "geometry": { "type": "MultiPoint", "coordinates": [ [ -79.441210760753904, 43.678652966986 ] ] } },
{ "type": "Feature", "properties": { "_id": 112, "LOCATIONID": "2671", "ASSET_ID": 1394.0, "ASSET_NAME": "LION'S GATE PARK", "TYPE": "Park", "AMENITIES": "None", "ADDRESS": "58 Waterford Dr", "PHONE": "None", "URL": "https://www.toronto.ca/explore-enjoy/parks-recreation/places-spaces/parks-and-recreation-facilities/location/?id=2671" }, "geometry": { "type": "MultiPoint", "coordinates": [ [ -79.541929293609201, 43.680909292066801 ] ] } },
{ "type": "Feature", "properties": { "_id": 113, "LOCATIONID": "686", "ASSET_ID": 530.0, "ASSET_NAME": "IROQUOIS PARK", "TYPE": "Park", "AMENITIES": "Ball Diamond, Playground, Tennis Court, Washroom", "ADDRESS": "295 Chartland Blvd S", "PHONE": "None", "URL": "https://www.toronto.ca/explore-enjoy/parks-recreation/places-spaces/parks-and-recreation-facilities/location/?id=686" }, "geometry": { "type": "MultiPoint", "coordinates": [ [ -79.267320075429197, 43.803747711714898 ] ] } },
{ "type": "Feature", "properties": { "_id": 114, "LOCATIONID": "2675", "ASSET_ID": 125.0, "ASSET_NAME": "BRIARCREST PARK", "TYPE": "Park", "AMENITIES": "Playground", "ADDRESS": "68 Wellesworth Dr", "PHONE": "None", "URL": "https://www.toronto.ca/explore-enjoy/parks-recreation/places-spaces/parks-and-recreation-facilities/location/?id=2675" }, "geometry": { "type": "MultiPoint", "coordinates": [ [ -79.581918637696305, 43.666288246375899 ] ] } },
{ "type": "Feature", "properties": { "_id": 115, "LOCATIONID": "2220", "ASSET_ID": 216.0, "ASSET_NAME": "COLLINGSBROOK PARKETTE", "TYPE": "Park", "AMENITIES": "None", "ADDRESS": "136 Collingsbrook Blvd", "PHONE": "None", "URL": "https://www.toronto.ca/explore-enjoy/parks-recreation/places-spaces/parks-and-recreation-facilities/location/?id=2220" }, "geometry": { "type": "MultiPoint", "coordinates": [ [ -79.317885101827599, 43.791813074437798 ] ] } },
{ "type": "Feature", "properties": { "_id": 116, "LOCATIONID": "727", "ASSET_ID": 762.0, "ASSET_NAME": "NORTH BRIDLEWOOD PARK", "TYPE": "Park", "AMENITIES": "Ball Diamond, Playground", "ADDRESS": "11 Adencliff Rd", "PHONE": "None", "URL": "https://www.toronto.ca/explore-enjoy/parks-recreation/places-spaces/parks-and-recreation-facilities/location/?id=727" }, "geometry": { "type": "MultiPoint", "coordinates": [ [ -79.319701409259295, 43.791015582102403 ] ] } },
{ "type": "Feature", "properties": { "_id": 117, "LOCATIONID": "2680", "ASSET_ID": 1120.0, "ASSET_NAME": "WIDDICOMBE HILL PARK", "TYPE": "Park", "AMENITIES": "None", "ADDRESS": "31 Widdicombe Hill", "PHONE": "None", "URL": "https://www.toronto.ca/explore-enjoy/parks-recreation/places-spaces/parks-and-recreation-facilities/location/?id=2680" }, "geometry": { "type": "MultiPoint", "coordinates": [ [ -79.549532442983207, 43.679147006487398 ] ] } },
{ "type": "Feature", "properties": { "_id": 118, "LOCATIONID": "184", "ASSET_ID": 940.0, "ASSET_NAME": "SHALLMAR PARKETTE", "TYPE": "Park", "AMENITIES": "None", "ADDRESS": "13 Shallmar Blvd", "PHONE": "None", "URL": "https://www.toronto.ca/explore-enjoy/parks-recreation/places-spaces/parks-and-recreation-facilities/location/?id=184" }, "geometry": { "type": "MultiPoint", "coordinates": [ [ -79.423805180000102, 43.703833205135297 ] ] } },
{ "type": "Feature", "properties": { "_id": 119, "LOCATIONID": "2526", "ASSET_ID": 1463.0, "ASSET_NAME": "PICASSO PARK", "TYPE": "Park", "AMENITIES": "None", "ADDRESS": "9 Picasso Rd", "PHONE": "None", "URL": "https://www.toronto.ca/explore-enjoy/parks-recreation/places-spaces/parks-and-recreation-facilities/location/?id=2526" }, "geometry": { "type": "MultiPoint", "coordinates": [ [ -79.179129619301094, 43.801907603186201 ] ] } },
{ "type": "Feature", "properties": { "_id": 120, "LOCATIONID": "538", "ASSET_ID": 90.0, "ASSET_NAME": "BERNER TRAIL PARK", "TYPE": "Park", "AMENITIES": "Playground", "ADDRESS": "45 Nahanni Ter", "PHONE": "None", "URL": "https://www.toronto.ca/explore-enjoy/parks-recreation/places-spaces/parks-and-recreation-facilities/location/?id=538" }, "geometry": { "type": "MultiPoint", "coordinates": [ [ -79.223491761142498, 43.801073446162398 ] ] } },
{ "type": "Feature", "properties": { "_id": 121, "LOCATIONID": "2115", "ASSET_ID": 1499.0, "ASSET_NAME": "SAWLEY BANSTOCK GREENBELT", "TYPE": "Park", "AMENITIES": "None", "ADDRESS": "6 Banstock Dr", "PHONE": "None", "URL": "https://www.toronto.ca/explore-enjoy/parks-recreation/places-spaces/parks-and-recreation-facilities/location/?id=2115" }, "geometry": { "type": "MultiPoint", "coordinates": [ [ -79.383921695603803, 43.788807131470101 ] ] } },
{ "type": "Feature", "properties": { "_id": 122, "LOCATIONID": "2431", "ASSET_ID": 1389.0, "ASSET_NAME": "LAREDO PARK", "TYPE": "Park", "AMENITIES": "None", "ADDRESS": "33 Laredo Crt", "PHONE": "None", "URL": "https://www.toronto.ca/explore-enjoy/parks-recreation/places-spaces/parks-and-recreation-facilities/location/?id=2431" }, "geometry": { "type": "MultiPoint", "coordinates": [ [ -79.396755257097794, 43.785919204400201 ] ] } },
{ "type": "Feature", "properties": { "_id": 123, "LOCATIONID": "495", "ASSET_ID": 35.0, "ASSET_NAME": "ANCONA PARK", "TYPE": "Park", "AMENITIES": "Ball Diamond, Playground", "ADDRESS": "15 Ancona St", "PHONE": "None", "URL": "https://www.toronto.ca/explore-enjoy/parks-recreation/places-spaces/parks-and-recreation-facilities/location/?id=495" }, "geometry": { "type": "MultiPoint", "coordinates": [ [ -79.438203813965302, 43.776442615526797 ] ] } },
{ "type": "Feature", "properties": { "_id": 124, "LOCATIONID": "964", "ASSET_ID": 927.0, "ASSET_NAME": "SCARLETT HEIGHTS PARK", "TYPE": "Park", "AMENITIES": "Playground", "ADDRESS": "24 Fontenay Crt", "PHONE": "None", "URL": "https://www.toronto.ca/explore-enjoy/parks-recreation/places-spaces/parks-and-recreation-facilities/location/?id=964" }, "geometry": { "type": "MultiPoint", "coordinates": [ [ -79.512015016383799, 43.682744309866699 ] ] } },
{ "type": "Feature", "properties": { "_id": 125, "LOCATIONID": "3785", "ASSET_ID": 1422.0, "ASSET_NAME": "MORRISH PARKETTE", "TYPE": "Park", "AMENITIES": "None", "ADDRESS": "28 Morrish Rd", "PHONE": "None", "URL": "https://www.toronto.ca/explore-enjoy/parks-recreation/places-spaces/parks-and-recreation-facilities/location/?id=3785" }, "geometry": { "type": "MultiPoint", "coordinates": [ [ -79.170758343236699, 43.782184486188399 ] ] } },
{ "type": "Feature", "properties": { "_id": 126, "LOCATIONID": "2649", "ASSET_ID": 1050.0, "ASSET_NAME": "TOTTENHAM PARKETTE", "TYPE": "Park", "AMENITIES": "None", "ADDRESS": "16 Tottenham Rd", "PHONE": "None", "URL": "https://www.toronto.ca/explore-enjoy/parks-recreation/places-spaces/parks-and-recreation-facilities/location/?id=2649" }, "geometry": { "type": "MultiPoint", "coordinates": [ [ -79.354243084237098, 43.730928205119703 ] ] } },
{ "type": "Feature", "properties": { "_id": 127, "LOCATIONID": "2353", "ASSET_ID": 1432.0, "ASSET_NAME": "GREEN MEADOWS PARK - NORTH YORK", "TYPE": "Park", "AMENITIES": "None", "ADDRESS": "100 Green Meadows Crcl", "PHONE": "None", "URL": "https://www.toronto.ca/explore-enjoy/parks-recreation/places-spaces/parks-and-recreation-facilities/location/?id=2353" }, "geometry": { "type": "MultiPoint", "coordinates": [ [ -79.366053486378405, 43.787205564497903 ] ] } },
{ "type": "Feature", "properties": { "_id": 128, "LOCATIONID": "3734", "ASSET_ID": 77154.0, "ASSET_NAME": "KING/QUEEN TRIANGLE", "TYPE": "Park", "AMENITIES": "None", "ADDRESS": "555 Queen St E", "PHONE": "None", "URL": "https://www.toronto.ca/explore-enjoy/parks-recreation/places-spaces/parks-and-recreation-facilities/location/?id=3734" }, "geometry": { "type": "MultiPoint", "coordinates": [ [ -79.355964556435794, 43.657283229940703 ] ] } },
{ "type": "Feature", "properties": { "_id": 129, "LOCATIONID": "3728", "ASSET_ID": 76444.0, "ASSET_NAME": "RIVERSIDE COMMON PARK", "TYPE": "Park", "AMENITIES": "None", "ADDRESS": "657 Queen St E", "PHONE": "None", "URL": "https://www.toronto.ca/explore-enjoy/parks-recreation/places-spaces/parks-and-recreation-facilities/location/?id=3728" }, "geometry": { "type": "MultiPoint", "coordinates": [ [ -79.351659678465495, 43.658207239967297 ] ] } },
{ "type": "Feature", "properties": { "_id": 130, "LOCATIONID": "2187", "ASSET_ID": 1217.0, "ASSET_NAME": "CANDLEBROOK CRESCENT PARK", "TYPE": "Park", "AMENITIES": "None", "ADDRESS": "13 Candlebrook Cres", "PHONE": "None", "URL": "https://www.toronto.ca/explore-enjoy/parks-recreation/places-spaces/parks-and-recreation-facilities/location/?id=2187" }, "geometry": { "type": "MultiPoint", "coordinates": [ [ -79.324649474110501, 43.802867171609897 ] ] } },
{ "type": "Feature", "properties": { "_id": 131, "LOCATIONID": "2382", "ASSET_ID": 1353.0, "ASSET_NAME": "HORSHAM PARKETTE", "TYPE": "Park", "AMENITIES": "None", "ADDRESS": "159 Horsham Ave", "PHONE": "None", "URL": "https://www.toronto.ca/explore-enjoy/parks-recreation/places-spaces/parks-and-recreation-facilities/location/?id=2382" }, "geometry": { "type": "MultiPoint", "coordinates": [ [ -79.422794744405905, 43.772531492626698 ] ] } },
{ "type": "Feature", "properties": { "_id": 132, "LOCATIONID": "2355", "ASSET_ID": 1335.0, "ASSET_NAME": "MAPLEHURST PARK", "TYPE": "Park", "AMENITIES": "Playground", "ADDRESS": "296 Maplehurst Ave", "PHONE": "None", "URL": "https://www.toronto.ca/explore-enjoy/parks-recreation/places-spaces/parks-and-recreation-facilities/location/?id=2355" }, "geometry": { "type": "MultiPoint", "coordinates": [ [ -79.398105832513295, 43.765673318764698 ] ] } },
{ "type": "Feature", "properties": { "_id": 133, "LOCATIONID": "2294", "ASSET_ID": 335.0, "ASSET_NAME": "ELLERSLIE PARK", "TYPE": "Park", "AMENITIES": "Playground", "ADDRESS": "499 Ellerslie Ave", "PHONE": "None", "URL": "https://www.toronto.ca/explore-enjoy/parks-recreation/places-spaces/parks-and-recreation-facilities/location/?id=2294" }, "geometry": { "type": "MultiPoint", "coordinates": [ [ -79.4396031736281, 43.765214610186703 ] ] } },
{ "type": "Feature", "properties": { "_id": 134, "LOCATIONID": "2034", "ASSET_ID": 1000.0, "ASSET_NAME": "STEPHEN LEACOCK PARK", "TYPE": "Park", "AMENITIES": "Ball Diamond, Basketball Court, Outdoor Dry Pad, Playground, Tennis Court", "ADDRESS": "2530 Birchmount Rd", "PHONE": "None", "URL": "https://www.toronto.ca/explore-enjoy/parks-recreation/places-spaces/parks-and-recreation-facilities/location/?id=2034" }, "geometry": { "type": "MultiPoint", "coordinates": [ [ -79.302485707665895, 43.787216477861698 ] ] } },
{ "type": "Feature", "properties": { "_id": 135, "LOCATIONID": "3532", "ASSET_ID": 1266.0, "ASSET_NAME": "HUBBARD PARK", "TYPE": "Park", "AMENITIES": "None", "ADDRESS": "550 Gerrard St E", "PHONE": "None", "URL": "https://www.toronto.ca/explore-enjoy/parks-recreation/places-spaces/parks-and-recreation-facilities/location/?id=3532" }, "geometry": { "type": "MultiPoint", "coordinates": [ [ -79.3538755640365, 43.665527878734402 ] ] } },
{ "type": "Feature", "properties": { "_id": 136, "LOCATIONID": "2360", "ASSET_ID": 450.0, "ASSET_NAME": "GUSTAV PARKETTE", "TYPE": "Park", "AMENITIES": "None", "ADDRESS": "45 Gustav Cres", "PHONE": "None", "URL": "https://www.toronto.ca/explore-enjoy/parks-recreation/places-spaces/parks-and-recreation-facilities/location/?id=2360" }, "geometry": { "type": "MultiPoint", "coordinates": [ [ -79.396049349099101, 43.7888709217913 ] ] } },
{ "type": "Feature", "properties": { "_id": 137, "LOCATIONID": "695", "ASSET_ID": 733.0, "ASSET_NAME": "MOORE PARK", "TYPE": "Park", "AMENITIES": "Playground, Sports Field, Tennis Court", "ADDRESS": "110 Cactus Ave", "PHONE": "None", "URL": "https://www.toronto.ca/explore-enjoy/parks-recreation/places-spaces/parks-and-recreation-facilities/location/?id=695" }, "geometry": { "type": "MultiPoint", "coordinates": [ [ -79.435343828931195, 43.791579023119098 ] ] } },
{ "type": "Feature", "properties": { "_id": 138, "LOCATIONID": "644", "ASSET_ID": 430.0, "ASSET_NAME": "GOULDING PARK", "TYPE": "Park", "AMENITIES": "Ball Diamond, Outdoor Ping Pong/Table Tennis, Playground, Tennis Court", "ADDRESS": "80 Patricia Ave", "PHONE": "None", "URL": "https://www.toronto.ca/explore-enjoy/parks-recreation/places-spaces/parks-and-recreation-facilities/location/?id=644" }, "geometry": { "type": "MultiPoint", "coordinates": [ [ -79.422394208816499, 43.7908731505349 ] ] } },
{ "type": "Feature", "properties": { "_id": 139, "LOCATIONID": "485", "ASSET_ID": 174.0, "ASSET_NAME": "CENTRE PARK", "TYPE": "Park", "AMENITIES": "Ball Diamond, Playground", "ADDRESS": "15 Centre Ave", "PHONE": "None", "URL": "https://www.toronto.ca/explore-enjoy/parks-recreation/places-spaces/parks-and-recreation-facilities/location/?id=485" }, "geometry": { "type": "MultiPoint", "coordinates": [ [ -79.416864779562601, 43.791382039081398 ] ] } },
{ "type": "Feature", "properties": { "_id": 140, "LOCATIONID": "2591", "ASSET_ID": 859.0, "ASSET_NAME": "CANADIAN UKRAINIAN MEMORIAL PARK", "TYPE": "Park", "AMENITIES": "None", "ADDRESS": "425 Scarlett Rd", "PHONE": "None", "URL": "https://www.toronto.ca/explore-enjoy/parks-recreation/places-spaces/parks-and-recreation-facilities/location/?id=2591" }, "geometry": { "type": "MultiPoint", "coordinates": [ [ -79.5117074634001, 43.689170814526598 ] ] } },
{ "type": "Feature", "properties": { "_id": 141, "LOCATIONID": "111", "ASSET_ID": 316.0, "ASSET_NAME": "EAST TORONTO ATHLETIC FIELD", "TYPE": "Park", "AMENITIES": "Ball Diamond, Playground", "ADDRESS": "175 Main St", "PHONE": "None", "URL": "https://www.toronto.ca/explore-enjoy/parks-recreation/places-spaces/parks-and-recreation-facilities/location/?id=111" }, "geometry": { "type": "MultiPoint", "coordinates": [ [ -79.299150469911297, 43.685296820221801 ] ] } },
{ "type": "Feature", "properties": { "_id": 142, "LOCATIONID": "225", "ASSET_ID": 801.0, "ASSET_NAME": "ROXBOROUGH PARKETTE", "TYPE": "Park", "AMENITIES": "None", "ADDRESS": "30 Roxborough Dr", "PHONE": "None", "URL": "https://www.toronto.ca/explore-enjoy/parks-recreation/places-spaces/parks-and-recreation-facilities/location/?id=225" }, "geometry": { "type": "MultiPoint", "coordinates": [ [ -79.3819178497764, 43.681297524989901 ] ] } },
{ "type": "Feature", "properties": { "_id": 143, "LOCATIONID": "2239", "ASSET_ID": 1164.0, "ASSET_NAME": "ALEX MURRAY PARKETTE", "TYPE": "Park", "AMENITIES": "None", "ADDRESS": "107 Crescent Rd", "PHONE": "None", "URL": "https://www.toronto.ca/explore-enjoy/parks-recreation/places-spaces/parks-and-recreation-facilities/location/?id=2239" }, "geometry": { "type": "MultiPoint", "coordinates": [ [ -79.382754757969195, 43.678273746944598 ] ] } },
{ "type": "Feature", "properties": { "_id": 144, "LOCATIONID": "1479", "ASSET_ID": 899.0, "ASSET_NAME": "WOODLANDS PARK", "TYPE": "Park", "AMENITIES": "None", "ADDRESS": "19 Reesor Rd", "PHONE": "None", "URL": "https://www.toronto.ca/explore-enjoy/parks-recreation/places-spaces/parks-and-recreation-facilities/location/?id=1479" }, "geometry": { "type": "MultiPoint", "coordinates": [ [ -79.196936815279997, 43.847053055123901 ] ] } },
{ "type": "Feature", "properties": { "_id": 145, "LOCATIONID": "641", "ASSET_ID": 426.0, "ASSET_NAME": "GODSTONE PARK", "TYPE": "Park", "AMENITIES": "Outdoor Fitness Equipment, Outdoor Ping Pong/Table Tennis, Playground, Sports Field", "ADDRESS": "45 Godstone Rd", "PHONE": "None", "URL": "https://www.toronto.ca/explore-enjoy/parks-recreation/places-spaces/parks-and-recreation-facilities/location/?id=641" }, "geometry": { "type": "MultiPoint", "coordinates": [ [ -79.348116336676696, 43.7844881292785 ] ] } },
{ "type": "Feature", "properties": { "_id": 146, "LOCATIONID": "2322", "ASSET_ID": 369.0, "ASSET_NAME": "FESTIVAL PARK", "TYPE": "Park", "AMENITIES": "None", "ADDRESS": "200 Fisherville Rd", "PHONE": "None", "URL": "https://www.toronto.ca/explore-enjoy/parks-recreation/places-spaces/parks-and-recreation-facilities/location/?id=2322" }, "geometry": { "type": "MultiPoint", "coordinates": [ [ -79.459390090052196, 43.788584174923599 ] ] } },
{ "type": "Feature", "properties": { "_id": 147, "LOCATIONID": "754", "ASSET_ID": 1106.0, "ASSET_NAME": "WEST ROUGE PARK", "TYPE": "Park", "AMENITIES": "Playground, Sports Field, Tennis Court", "ADDRESS": "270 Rouge Hills Dr", "PHONE": "None", "URL": "https://www.toronto.ca/explore-enjoy/parks-recreation/places-spaces/parks-and-recreation-facilities/location/?id=754" }, "geometry": { "type": "MultiPoint", "coordinates": [ [ -79.1254637345302, 43.791590187586301 ] ] } },
{ "type": "Feature", "properties": { "_id": 148, "LOCATIONID": "2722", "ASSET_ID": 1269.0, "ASSET_NAME": "DONALDA PARK", "TYPE": "Park", "AMENITIES": "Outdoor Fitness Equipment", "ADDRESS": "80 Donalda Cres", "PHONE": "None", "URL": "https://www.toronto.ca/explore-enjoy/parks-recreation/places-spaces/parks-and-recreation-facilities/location/?id=2722" }, "geometry": { "type": "MultiPoint", "coordinates": [ [ -79.283829240484295, 43.7903638067895 ] ] } },
{ "type": "Feature", "properties": { "_id": 149, "LOCATIONID": "1016", "ASSET_ID": 135.0, "ASSET_NAME": "BROOKS ROAD PARK", "TYPE": "Park", "AMENITIES": "Playground", "ADDRESS": "51 Keeler Blvd", "PHONE": "None", "URL": "https://www.toronto.ca/explore-enjoy/parks-recreation/places-spaces/parks-and-recreation-facilities/location/?id=1016" }, "geometry": { "type": "MultiPoint", "coordinates": [ [ -79.206627183806106, 43.791563107545002 ] ] } },
{ "type": "Feature", "properties": { "_id": 150, "LOCATIONID": "156", "ASSET_ID": 966.0, "ASSET_NAME": "SNIDER PARKETTE", "TYPE": "Park", "AMENITIES": "Outdoor Fitness Equipment, Outdoor Ping Pong/Table Tennis, Playground", "ADDRESS": "2 Lytton Blvd", "PHONE": "None", "URL": "https://www.toronto.ca/explore-enjoy/parks-recreation/places-spaces/parks-and-recreation-facilities/location/?id=156" }, "geometry": { "type": "MultiPoint", "coordinates": [ [ -79.400964607647396, 43.716528114148502 ] ] } },
{ "type": "Feature", "properties": { "_id": 151, "LOCATIONID": "2160", "ASSET_ID": 1650.0, "ASSET_NAME": "BRANDON AVENUE PARKETTE", "TYPE": "Park", "AMENITIES": "None", "ADDRESS": "2 Brandon Ave", "PHONE": "None", "URL": "https://www.toronto.ca/explore-enjoy/parks-recreation/places-spaces/parks-and-recreation-facilities/location/?id=2160" }, "geometry": { "type": "MultiPoint", "coordinates": [ [ -79.440425987700607, 43.670567815606901 ] ] } },
{ "type": "Feature", "properties": { "_id": 152, "LOCATIONID": "1461", "ASSET_ID": 427.0, "ASSET_NAME": "GOLDHAWK PARK", "TYPE": "Park", "AMENITIES": "Ball Diamond, Basketball Court, Playground, Sports Field", "ADDRESS": "250 Goldhawk Trl", "PHONE": "None", "URL": "https://www.toronto.ca/explore-enjoy/parks-recreation/places-spaces/parks-and-recreation-facilities/location/?id=1461" }, "geometry": { "type": "MultiPoint", "coordinates": [ [ -79.279671228928606, 43.823230696893098 ] ] } },
{ "type": "Feature", "properties": { "_id": 153, "LOCATIONID": "529", "ASSET_ID": 52.0, "ASSET_NAME": "AUDRELANE PARK", "TYPE": "Park", "AMENITIES": "Outdoor Fitness Equipment, Playground, Sports Field", "ADDRESS": "60 Audrelane Crt", "PHONE": "None", "URL": "https://www.toronto.ca/explore-enjoy/parks-recreation/places-spaces/parks-and-recreation-facilities/location/?id=529" }, "geometry": { "type": "MultiPoint", "coordinates": [ [ -79.288735154354399, 43.822436822582098 ] ] } },
{ "type": "Feature", "properties": { "_id": 154, "LOCATIONID": "2380", "ASSET_ID": 1352.0, "ASSET_NAME": "HOPTREE PARK", "TYPE": "Park", "AMENITIES": "None", "ADDRESS": "15 Hoptree Ave", "PHONE": "None", "URL": "https://www.toronto.ca/explore-enjoy/parks-recreation/places-spaces/parks-and-recreation-facilities/location/?id=2380" }, "geometry": { "type": "MultiPoint", "coordinates": [ [ -79.220152674198701, 43.822411629284701 ] ] } },
{ "type": "Feature", "properties": { "_id": 155, "LOCATIONID": "2196", "ASSET_ID": 161.0, "ASSET_NAME": "CASWELL PARK", "TYPE": "Park", "AMENITIES": "Playground", "ADDRESS": "18 Caswell Dr", "PHONE": "None", "URL": "https://www.toronto.ca/explore-enjoy/parks-recreation/places-spaces/parks-and-recreation-facilities/location/?id=2196" }, "geometry": { "type": "MultiPoint", "coordinates": [ [ -79.402392055847898, 43.796308338436397 ] ] } },
{ "type": "Feature", "properties": { "_id": 156, "LOCATIONID": "2206", "ASSET_ID": 187.0, "ASSET_NAME": "CHARTLAND PARK", "TYPE": "Park", "AMENITIES": "Playground", "ADDRESS": "99 Chartland Blvd S", "PHONE": "None", "URL": "https://www.toronto.ca/explore-enjoy/parks-recreation/places-spaces/parks-and-recreation-facilities/location/?id=2206" }, "geometry": { "type": "MultiPoint", "coordinates": [ [ -79.280176355076506, 43.798921162849901 ] ] } },
{ "type": "Feature", "properties": { "_id": 157, "LOCATIONID": "941", "ASSET_ID": 248.0, "ASSET_NAME": "CUMMER PARK", "TYPE": "Park", "AMENITIES": "Ball Diamond, Basketball Court, Pickleball Court, Playground, Skateboarding, Tennis Court", "ADDRESS": "823 Cummer Ave", "PHONE": "None", "URL": "https://www.toronto.ca/explore-enjoy/parks-recreation/places-spaces/parks-and-recreation-facilities/location/?id=941" }, "geometry": { "type": "MultiPoint", "coordinates": [ [ -79.3718071438594, 43.799634916036197 ] ] } },
{ "type": "Feature", "properties": { "_id": 158, "LOCATIONID": "2690", "ASSET_ID": 251.0, "ASSET_NAME": "CY TOWNSEND PARK", "TYPE": "Park", "AMENITIES": "Playground", "ADDRESS": "455 Winona Dr", "PHONE": "None", "URL": "https://www.toronto.ca/explore-enjoy/parks-recreation/places-spaces/parks-and-recreation-facilities/location/?id=2690" }, "geometry": { "type": "MultiPoint", "coordinates": [ [ -79.435278007292695, 43.689399501741498 ] ] } },
{ "type": "Feature", "properties": { "_id": 159, "LOCATIONID": "1102", "ASSET_ID": 978.0, "ASSET_NAME": "ST. ALBAN'S SQUARE", "TYPE": "Park", "AMENITIES": "None", "ADDRESS": "90 Howland Ave", "PHONE": "None", "URL": "https://www.toronto.ca/explore-enjoy/parks-recreation/places-spaces/parks-and-recreation-facilities/location/?id=1102" }, "geometry": { "type": "MultiPoint", "coordinates": [ [ -79.410523071506901, 43.668603087934798 ] ] } },
{ "type": "Feature", "properties": { "_id": 160, "LOCATIONID": "2420", "ASSET_ID": 673.0, "ASSET_NAME": "MAPLE LEAF FOREVER PARK", "TYPE": "Park", "AMENITIES": "Playground", "ADDRESS": "62 Laing St", "PHONE": "None", "URL": "https://www.toronto.ca/explore-enjoy/parks-recreation/places-spaces/parks-and-recreation-facilities/location/?id=2420" }, "geometry": { "type": "MultiPoint", "coordinates": [ [ -79.327855701527398, 43.663018881114198 ] ] } },
{ "type": "Feature", "properties": { "_id": 161, "LOCATIONID": "410", "ASSET_ID": 535.0, "ASSET_NAME": "IVAN FORREST GARDENS", "TYPE": "Park", "AMENITIES": "Picnic Site", "ADDRESS": "131 Glen Manor Dr", "PHONE": "None", "URL": "https://www.toronto.ca/explore-enjoy/parks-recreation/places-spaces/parks-and-recreation-facilities/location/?id=410" }, "geometry": { "type": "MultiPoint", "coordinates": [ [ -79.292693668376501, 43.672245863853803 ] ] } },
{ "type": "Feature", "properties": { "_id": 162, "LOCATIONID": "2318", "ASSET_ID": 429.0, "ASSET_NAME": "GORD AND IRENE RISK PARK", "TYPE": "Park", "AMENITIES": "Playground", "ADDRESS": "2650 Finch Ave W", "PHONE": "None", "URL": "https://www.toronto.ca/explore-enjoy/parks-recreation/places-spaces/parks-and-recreation-facilities/location/?id=2318" }, "geometry": { "type": "MultiPoint", "coordinates": [ [ -79.567036692811996, 43.7473668614658 ] ] } },
{ "type": "Feature", "properties": { "_id": 163, "LOCATIONID": "316", "ASSET_ID": 1154.0, "ASSET_NAME": "YONGE BOULEVARD PARKETTE", "TYPE": "Park", "AMENITIES": "None", "ADDRESS": "3444 Yonge St", "PHONE": "None", "URL": "https://www.toronto.ca/explore-enjoy/parks-recreation/places-spaces/parks-and-recreation-facilities/location/?id=316" }, "geometry": { "type": "MultiPoint", "coordinates": [ [ -79.404843488605295, 43.734088863212897 ] ] } },
{ "type": "Feature", "properties": { "_id": 164, "LOCATIONID": "3862", "ASSET_ID": 28983.0, "ASSET_NAME": "MEMORIAL GARDENS PARK", "TYPE": "Park", "AMENITIES": "None", "ADDRESS": "850 Coxwell Ave", "PHONE": "None", "URL": "https://www.toronto.ca/explore-enjoy/parks-recreation/places-spaces/parks-and-recreation-facilities/location/?id=3862" }, "geometry": { "type": "MultiPoint", "coordinates": [ [ -79.327924730662303, 43.691249275693899 ] ] } },
{ "type": "Feature", "properties": { "_id": 165, "LOCATIONID": "133", "ASSET_ID": 649.0, "ASSET_NAME": "LORING - WYLE PARKETTE", "TYPE": "Park", "AMENITIES": "None", "ADDRESS": "276 St Clair Ave E", "PHONE": "None", "URL": "https://www.toronto.ca/explore-enjoy/parks-recreation/places-spaces/parks-and-recreation-facilities/location/?id=133" }, "geometry": { "type": "MultiPoint", "coordinates": [ [ -79.383175920518696, 43.690696269161698 ] ] } },
{ "type": "Feature", "properties": { "_id": 166, "LOCATIONID": "3733", "ASSET_ID": 1525.0, "ASSET_NAME": "LOGAN GREEN FIELD", "TYPE": "Park", "AMENITIES": "None", "ADDRESS": "921 Logan Ave", "PHONE": "None", "URL": "https://www.toronto.ca/explore-enjoy/parks-recreation/places-spaces/parks-and-recreation-facilities/location/?id=3733" }, "geometry": { "type": "MultiPoint", "coordinates": [ [ -79.349327702317296, 43.6788766290789 ] ] } },
{ "type": "Feature", "properties": { "_id": 167, "LOCATIONID": "279", "ASSET_ID": 1105.0, "ASSET_NAME": "WEST LODGE PARK", "TYPE": "Park", "AMENITIES": "Basketball Court, Playground, Skateboarding", "ADDRESS": "165 Lansdowne Ave", "PHONE": "None", "URL": "https://www.toronto.ca/explore-enjoy/parks-recreation/places-spaces/parks-and-recreation-facilities/location/?id=279" }, "geometry": { "type": "MultiPoint", "coordinates": [ [ -79.437989357073903, 43.646103501002401 ] ] } },
{ "type": "Feature", "properties": { "_id": 168, "LOCATIONID": "3777", "ASSET_ID": 80562.0, "ASSET_NAME": "BEARE HILL PARK", "TYPE": "Park", "AMENITIES": "None", "ADDRESS": "8145 Finch Ave E", "PHONE": "None", "URL": "https://www.toronto.ca/explore-enjoy/parks-recreation/places-spaces/parks-and-recreation-facilities/location/?id=3777" }, "geometry": { "type": "MultiPoint", "coordinates": [ [ -79.162430149732003, 43.826471959778701 ] ] } },
{ "type": "Feature", "properties": { "_id": 169, "LOCATIONID": "3803", "ASSET_ID": 80564.0, "ASSET_NAME": "NAIRN PARK", "TYPE": "Park", "AMENITIES": "Outdoor Ping Pong/Table Tennis, Playground", "ADDRESS": "261 Nairn Ave", "PHONE": "None", "URL": "https://www.toronto.ca/explore-enjoy/parks-recreation/places-spaces/parks-and-recreation-facilities/location/?id=3803" }, "geometry": { "type": "MultiPoint", "coordinates": [ [ -79.451260506514103, 43.684098770908001 ] ] } },
{ "type": "Feature", "properties": { "_id": 170, "LOCATIONID": "300", "ASSET_ID": 1132.0, "ASSET_NAME": "WINCHESTER PARK", "TYPE": "Park", "AMENITIES": "Ball Diamond", "ADDRESS": "530 Ontario St", "PHONE": "None", "URL": "https://www.toronto.ca/explore-enjoy/parks-recreation/places-spaces/parks-and-recreation-facilities/location/?id=300" }, "geometry": { "type": "MultiPoint", "coordinates": [ [ -79.371794622594194, 43.665671195080002 ] ] } },
{ "type": "Feature", "properties": { "_id": 171, "LOCATIONID": "879", "ASSET_ID": 131.0, "ASSET_NAME": "BROADACRES PARK", "TYPE": "Park", "AMENITIES": "Ball Diamond, Playground", "ADDRESS": "35 Crendon Dr", "PHONE": "None", "URL": "https://www.toronto.ca/explore-enjoy/parks-recreation/places-spaces/parks-and-recreation-facilities/location/?id=879" }, "geometry": { "type": "MultiPoint", "coordinates": [ [ -79.569259959357197, 43.647047542766003 ] ] } },
{ "type": "Feature", "properties": { "_id": 172, "LOCATIONID": "248", "ASSET_ID": 792.0, "ASSET_NAME": "OSLER PLAYGROUND", "TYPE": "Park", "AMENITIES": "Dog Off-Leash Area, Playground", "ADDRESS": "123 Argyle St", "PHONE": "None", "URL": "https://www.toronto.ca/explore-enjoy/parks-recreation/places-spaces/parks-and-recreation-facilities/location/?id=248" }, "geometry": { "type": "MultiPoint", "coordinates": [ [ -79.4222447266431, 43.646034170033801 ] ] } },
{ "type": "Feature", "properties": { "_id": 173, "LOCATIONID": "2146", "ASSET_ID": 104.0, "ASSET_NAME": "BIRCHVIEW BOULEVARD PARKETTE", "TYPE": "Park", "AMENITIES": "None", "ADDRESS": "38 Birchview Blvd", "PHONE": "None", "URL": "https://www.toronto.ca/explore-enjoy/parks-recreation/places-spaces/parks-and-recreation-facilities/location/?id=2146" }, "geometry": { "type": "MultiPoint", "coordinates": [ [ -79.515304642973803, 43.647494335110601 ] ] } },
{ "type": "Feature", "properties": { "_id": 174, "LOCATIONID": "473", "ASSET_ID": 328.0, "ASSET_NAME": "EDWARDS GARDENS", "TYPE": "Park", "AMENITIES": "Washroom", "ADDRESS": "755 Lawrence Ave E", "PHONE": "None", "URL": "https://www.toronto.ca/explore-enjoy/parks-recreation/places-spaces/parks-and-recreation-facilities/location/?id=473" }, "geometry": { "type": "MultiPoint", "coordinates": [ [ -79.360209174186494, 43.733230485163404 ] ] } },
{ "type": "Feature", "properties": { "_id": 175, "LOCATIONID": "92", "ASSET_ID": 302.0, "ASSET_NAME": "DUNDAS - ST.CLARENS PARKETTE", "TYPE": "Park", "AMENITIES": "Playground", "ADDRESS": "1717 Dundas St W", "PHONE": "None", "URL": "https://www.toronto.ca/explore-enjoy/parks-recreation/places-spaces/parks-and-recreation-facilities/location/?id=92" }, "geometry": { "type": "MultiPoint", "coordinates": [ [ -79.438758229177395, 43.649794601120398 ] ] } },
{ "type": "Feature", "properties": { "_id": 176, "LOCATIONID": "2643", "ASSET_ID": 585.0, "ASSET_NAME": "KINGSWAY GATE PARKETTE", "TYPE": "Park", "AMENITIES": "None", "ADDRESS": "2 The Kingsway", "PHONE": "None", "URL": "https://www.toronto.ca/explore-enjoy/parks-recreation/places-spaces/parks-and-recreation-facilities/location/?id=2643" }, "geometry": { "type": "MultiPoint", "coordinates": [ [ -79.499792978496799, 43.650123136551997 ] ] } },
{ "type": "Feature", "properties": { "_id": 177, "LOCATIONID": "976", "ASSET_ID": 156.0, "ASSET_NAME": "CARSBROOKE PARK", "TYPE": "Park", "AMENITIES": "Playground", "ADDRESS": "415 Renforth Dr", "PHONE": "None", "URL": "https://www.toronto.ca/explore-enjoy/parks-recreation/places-spaces/parks-and-recreation-facilities/location/?id=976" }, "geometry": { "type": "MultiPoint", "coordinates": [ [ -79.576739782836597, 43.647172457985803 ] ] } },
{ "type": "Feature", "properties": { "_id": 178, "LOCATIONID": "46", "ASSET_ID": 400.0, "ASSET_NAME": "GEARY AVENUE PARKETTE", "TYPE": "Park", "AMENITIES": "Playground", "ADDRESS": "15 Geary Ave", "PHONE": "None", "URL": "https://www.toronto.ca/explore-enjoy/parks-recreation/places-spaces/parks-and-recreation-facilities/location/?id=46" }, "geometry": { "type": "MultiPoint", "coordinates": [ [ -79.431743575357103, 43.670762547477501 ] ] } },
{ "type": "Feature", "properties": { "_id": 179, "LOCATIONID": "3637", "ASSET_ID": 59606.0, "ASSET_NAME": "OAK STREET PARKETTE", "TYPE": "Park", "AMENITIES": "None", "ADDRESS": "36 Oak St", "PHONE": "None", "URL": "https://www.toronto.ca/explore-enjoy/parks-recreation/places-spaces/parks-and-recreation-facilities/location/?id=3637" }, "geometry": { "type": "MultiPoint", "coordinates": [ [ -79.365083487701895, 43.661213506135198 ] ] } },
{ "type": "Feature", "properties": { "_id": 180, "LOCATIONID": "3523", "ASSET_ID": 46163.0, "ASSET_NAME": "REGENT PARK BOULEVARD PARK", "TYPE": "Park", "AMENITIES": "None", "ADDRESS": "81 Regent Park Blvd", "PHONE": "None", "URL": "https://www.toronto.ca/explore-enjoy/parks-recreation/places-spaces/parks-and-recreation-facilities/location/?id=3523" }, "geometry": { "type": "MultiPoint", "coordinates": [ [ -79.361376729799304, 43.659772357670803 ] ] } },
{ "type": "Feature", "properties": { "_id": 181, "LOCATIONID": "746", "ASSET_ID": 924.0, "ASSET_NAME": "SCARBOROUGH VILLAGE PARK", "TYPE": "Park", "AMENITIES": "Ball Diamond, Playground, Sports Field, Washroom", "ADDRESS": "23 Gatesview Ave", "PHONE": "None", "URL": "https://www.toronto.ca/explore-enjoy/parks-recreation/places-spaces/parks-and-recreation-facilities/location/?id=746" }, "geometry": { "type": "MultiPoint", "coordinates": [ [ -79.212973546433901, 43.746600454383099 ] ] } },
{ "type": "Feature", "properties": { "_id": 182, "LOCATIONID": "701", "ASSET_ID": 663.0, "ASSET_NAME": "MAIDAVALE PARK", "TYPE": "Park", "AMENITIES": "Ball Diamond, Playground", "ADDRESS": "1031 Birchmount Rd", "PHONE": "None", "URL": "https://www.toronto.ca/explore-enjoy/parks-recreation/places-spaces/parks-and-recreation-facilities/location/?id=701" }, "geometry": { "type": "MultiPoint", "coordinates": [ [ -79.277821162902399, 43.733060840298101 ] ] } },
{ "type": "Feature", "properties": { "_id": 183, "LOCATIONID": "26", "ASSET_ID": 937.0, "ASSET_NAME": "SERENA GUNDY PARK", "TYPE": "Park", "AMENITIES": "Picnic Site, Washroom", "ADDRESS": "58 Rykert Cres", "PHONE": "None", "URL": "https://www.toronto.ca/explore-enjoy/parks-recreation/places-spaces/parks-and-recreation-facilities/location/?id=26" }, "geometry": { "type": "MultiPoint", "coordinates": [ [ -79.356595977562904, 43.718641308020203 ] ] } },
{ "type": "Feature", "properties": { "_id": 184, "LOCATIONID": "762", "ASSET_ID": 1004.0, "ASSET_NAME": "STRATHBURN PARK", "TYPE": "Park", "AMENITIES": "Ball Diamond, Outdoor Dry Pad, Pickleball Court, Playground, Tennis Court", "ADDRESS": "55 Strathburn Blvd", "PHONE": "None", "URL": "https://www.toronto.ca/explore-enjoy/parks-recreation/places-spaces/parks-and-recreation-facilities/location/?id=762" }, "geometry": { "type": "MultiPoint", "coordinates": [ [ -79.532791223441095, 43.722140861238401 ] ] } },
{ "type": "Feature", "properties": { "_id": 185, "LOCATIONID": "456", "ASSET_ID": 395.0, "ASSET_NAME": "GAMBLE PLAYGROUND", "TYPE": "Park", "AMENITIES": "Playground", "ADDRESS": "150 Gamble Ave", "PHONE": "None", "URL": "https://www.toronto.ca/explore-enjoy/parks-recreation/places-spaces/parks-and-recreation-facilities/location/?id=456" }, "geometry": { "type": "MultiPoint", "coordinates": [ [ -79.347019277581097, 43.691108613953297 ] ] } },
{ "type": "Feature", "properties": { "_id": 186, "LOCATIONID": "1509", "ASSET_ID": 370.0, "ASSET_NAME": "FINCH - HUMBERLINE SPORTSFIELDS", "TYPE": "Park", "AMENITIES": "Sports Field", "ADDRESS": "95 Humberline Dr", "PHONE": "None", "URL": "https://www.toronto.ca/explore-enjoy/parks-recreation/places-spaces/parks-and-recreation-facilities/location/?id=1509" }, "geometry": { "type": "MultiPoint", "coordinates": [ [ -79.616675823199003, 43.733409285500599 ] ] } },
{ "type": "Feature", "properties": { "_id": 187, "LOCATIONID": "1035", "ASSET_ID": 442.0, "ASSET_NAME": "GREENBELT PARK", "TYPE": "Park", "AMENITIES": "Playground", "ADDRESS": "25 Jessie Dr", "PHONE": "None", "URL": "https://www.toronto.ca/explore-enjoy/parks-recreation/places-spaces/parks-and-recreation-facilities/location/?id=1035" }, "geometry": { "type": "MultiPoint", "coordinates": [ [ -79.3341671135273, 43.730509215619897 ] ] } },
{ "type": "Feature", "properties": { "_id": 188, "LOCATIONID": "504", "ASSET_ID": 965.0, "ASSET_NAME": "SMYTHE PARK", "TYPE": "Park", "AMENITIES": "Ball Diamond, Picnic Site, Playground, Washroom", "ADDRESS": "61 Black Creek Blvd", "PHONE": "None", "URL": "https://www.toronto.ca/explore-enjoy/parks-recreation/places-spaces/parks-and-recreation-facilities/location/?id=504" }, "geometry": { "type": "MultiPoint", "coordinates": [ [ -79.499501160714004, 43.674595004159599 ] ] } },
{ "type": "Feature", "properties": { "_id": 189, "LOCATIONID": "3826", "ASSET_ID": 94585.0, "ASSET_NAME": "ZORRA PARK", "TYPE": "Park", "AMENITIES": "Dog Off-Leash Area", "ADDRESS": "28 Zorra St", "PHONE": "None", "URL": "https://www.toronto.ca/explore-enjoy/parks-recreation/places-spaces/parks-and-recreation-facilities/location/?id=3826" }, "geometry": { "type": "MultiPoint", "coordinates": [ [ -79.522054944276107, 43.620407949815302 ] ] } },
{ "type": "Feature", "properties": { "_id": 190, "LOCATIONID": "484", "ASSET_ID": 31.0, "ASSET_NAME": "AMESBURY PARK", "TYPE": "Park", "AMENITIES": "Ball Diamond, Basketball Court, Outdoor Dry Pad, Pickleball Court, Playground, Sports Field, Tennis Court", "ADDRESS": "151 Culford Rd", "PHONE": "None", "URL": "https://www.toronto.ca/explore-enjoy/parks-recreation/places-spaces/parks-and-recreation-facilities/location/?id=484" }, "geometry": { "type": "MultiPoint", "coordinates": [ [ -79.483422492615603, 43.706186496073499 ] ] } },
{ "type": "Feature", "properties": { "_id": 191, "LOCATIONID": "980", "ASSET_ID": 182.0, "ASSET_NAME": "CHARLES SAURIOL CONSERVATION AREA", "TYPE": "Park", "AMENITIES": "Outdoor Fitness Equipment, Playground", "ADDRESS": "1191 Lawrence Ave E", "PHONE": "None", "URL": "https://www.toronto.ca/explore-enjoy/parks-recreation/places-spaces/parks-and-recreation-facilities/location/?id=980" }, "geometry": { "type": "MultiPoint", "coordinates": [ [ -79.322041864462193, 43.714092313457598 ] ] } },
{ "type": "Feature", "properties": { "_id": 192, "LOCATIONID": "448", "ASSET_ID": 153.0, "ASSET_NAME": "PHIL GIVENS PARK", "TYPE": "Park", "AMENITIES": "Playground", "ADDRESS": "99 Caribou Rd", "PHONE": "None", "URL": "https://www.toronto.ca/explore-enjoy/parks-recreation/places-spaces/parks-and-recreation-facilities/location/?id=448" }, "geometry": { "type": "MultiPoint", "coordinates": [ [ -79.420860183818903, 43.719167297164198 ] ] } },
{ "type": "Feature", "properties": { "_id": 193, "LOCATIONID": "319", "ASSET_ID": 1077.0, "ASSET_NAME": "VILLAGE OF YORKVILLE PARK", "TYPE": "Park", "AMENITIES": "None", "ADDRESS": "115 Cumberland St", "PHONE": "None", "URL": "https://www.toronto.ca/explore-enjoy/parks-recreation/places-spaces/parks-and-recreation-facilities/location/?id=319" }, "geometry": { "type": "MultiPoint", "coordinates": [ [ -79.391804609629503, 43.6699698590959 ] ] } },
{ "type": "Feature", "properties": { "_id": 194, "LOCATIONID": "2175", "ASSET_ID": 130.0, "ASSET_NAME": "BRISTOL AVENUE PARKETTE WEST", "TYPE": "Park", "AMENITIES": "Playground", "ADDRESS": "30 Bristol Ave", "PHONE": "None", "URL": "https://www.toronto.ca/explore-enjoy/parks-recreation/places-spaces/parks-and-recreation-facilities/location/?id=2175" }, "geometry": { "type": "MultiPoint", "coordinates": [ [ -79.438799845299499, 43.670580890629097 ] ] } },
{ "type": "Feature", "properties": { "_id": 195, "LOCATIONID": "3", "ASSET_ID": 539.0, "ASSET_NAME": "JAMES GARDENS", "TYPE": "Park", "AMENITIES": "Washroom", "ADDRESS": "99 Edenbridge Dr", "PHONE": "None", "URL": "https://www.toronto.ca/explore-enjoy/parks-recreation/places-spaces/parks-and-recreation-facilities/location/?id=3" }, "geometry": { "type": "MultiPoint", "coordinates": [ [ -79.515296139809195, 43.670743619619998 ] ] } },
{ "type": "Feature", "properties": { "_id": 196, "LOCATIONID": "2419", "ASSET_ID": 1382.0, "ASSET_NAME": "KNIGHTSWOOD RD PARK", "TYPE": "Park", "AMENITIES": "None", "ADDRESS": "40 Knightswood Rd", "PHONE": "None", "URL": "https://www.toronto.ca/explore-enjoy/parks-recreation/places-spaces/parks-and-recreation-facilities/location/?id=2419" }, "geometry": { "type": "MultiPoint", "coordinates": [ [ -79.390887179852797, 43.739669653924899 ] ] } },
{ "type": "Feature", "properties": { "_id": 197, "LOCATIONID": "679", "ASSET_ID": 502.0, "ASSET_NAME": "HORTON PARK", "TYPE": "Park", "AMENITIES": "Playground, Sports Field", "ADDRESS": "15 Oswego Rd", "PHONE": "None", "URL": "https://www.toronto.ca/explore-enjoy/parks-recreation/places-spaces/parks-and-recreation-facilities/location/?id=679" }, "geometry": { "type": "MultiPoint", "coordinates": [ [ -79.242800879747705, 43.736365256011098 ] ] } },
{ "type": "Feature", "properties": { "_id": 198, "LOCATIONID": "1046", "ASSET_ID": 84.0, "ASSET_NAME": "BEN NOBLEMAN PARK", "TYPE": "Park", "AMENITIES": "Playground", "ADDRESS": "1075 Eglinton Ave W", "PHONE": "None", "URL": "https://www.toronto.ca/explore-enjoy/parks-recreation/places-spaces/parks-and-recreation-facilities/location/?id=1046" }, "geometry": { "type": "MultiPoint", "coordinates": [ [ -79.435211575547896, 43.698473108678002 ] ] } },
{ "type": "Feature", "properties": { "_id": 199, "LOCATIONID": "2502", "ASSET_ID": 382.0, "ASSET_NAME": "FOUR OAKS GATE PARK", "TYPE": "Park", "AMENITIES": "Playground", "ADDRESS": "388 A O'Connor Dr", "PHONE": "None", "URL": "https://www.toronto.ca/explore-enjoy/parks-recreation/places-spaces/parks-and-recreation-facilities/location/?id=2502" }, "geometry": { "type": "MultiPoint", "coordinates": [ [ -79.337561954561295, 43.696839937502602 ] ] } },
{ "type": "Feature", "properties": { "_id": 200, "LOCATIONID": "2195", "ASSET_ID": 1226.0, "ASSET_NAME": "CASTLEFIELD PARKETTE", "TYPE": "Park", "AMENITIES": "None", "ADDRESS": "621 Castlefield Ave", "PHONE": "None", "URL": "https://www.toronto.ca/explore-enjoy/parks-recreation/places-spaces/parks-and-recreation-facilities/location/?id=2195" }, "geometry": { "type": "MultiPoint", "coordinates": [ [ -79.424229487423403, 43.706517658184701 ] ] } },
{ "type": "Feature", "properties": { "_id": 201, "LOCATIONID": "2533", "ASSET_ID": 1418.0, "ASSET_NAME": "MILLSTONE PARKETTE", "TYPE": "Park", "AMENITIES": "None", "ADDRESS": "1 Plymbridge Rd", "PHONE": "None", "URL": "https://www.toronto.ca/explore-enjoy/parks-recreation/places-spaces/parks-and-recreation-facilities/location/?id=2533" }, "geometry": { "type": "MultiPoint", "coordinates": [ [ -79.400717540846401, 43.738617731577698 ] ] } },
{ "type": "Feature", "properties": { "_id": 202, "LOCATIONID": "231", "ASSET_ID": 72.0, "ASSET_NAME": "BEATY AVENUE PARKETTE", "TYPE": "Park", "AMENITIES": "Playground", "ADDRESS": "66 Beaty Ave", "PHONE": "None", "URL": "https://www.toronto.ca/explore-enjoy/parks-recreation/places-spaces/parks-and-recreation-facilities/location/?id=231" }, "geometry": { "type": "MultiPoint", "coordinates": [ [ -79.441088382655096, 43.638407426119102 ] ] } },
{ "type": "Feature", "properties": { "_id": 203, "LOCATIONID": "2027", "ASSET_ID": 296.0, "ASSET_NAME": "DUFFERIN - KING PARK", "TYPE": "Park", "AMENITIES": "Playground", "ADDRESS": "256 Dufferin St", "PHONE": "None", "URL": "https://www.toronto.ca/explore-enjoy/parks-recreation/places-spaces/parks-and-recreation-facilities/location/?id=2027" }, "geometry": { "type": "MultiPoint", "coordinates": [ [ -79.4275067408404, 43.637976069311001 ] ] } },
{ "type": "Feature", "properties": { "_id": 204, "LOCATIONID": "376", "ASSET_ID": 560.0, "ASSET_NAME": "JOSEPH WORKMAN PARK", "TYPE": "Park", "AMENITIES": "Playground", "ADDRESS": "90 Shank St", "PHONE": "None", "URL": "https://www.toronto.ca/explore-enjoy/parks-recreation/places-spaces/parks-and-recreation-facilities/location/?id=376" }, "geometry": { "type": "MultiPoint", "coordinates": [ [ -79.417141601680598, 43.641980967335101 ] ] } },
{ "type": "Feature", "properties": { "_id": 205, "LOCATIONID": "3822", "ASSET_ID": 102364.0, "ASSET_NAME": "20 CASTLEFIELD AVE PARK", "TYPE": "Park", "AMENITIES": "Basketball Court, Pickleball Court", "ADDRESS": "20 Castlefield Ave", "PHONE": "None", "URL": "https://www.toronto.ca/explore-enjoy/parks-recreation/places-spaces/parks-and-recreation-facilities/location/?id=3822" }, "geometry": { "type": "MultiPoint", "coordinates": [ [ -79.400712770149696, 43.711911635612701 ] ] } },
{ "type": "Feature", "properties": { "_id": 206, "LOCATIONID": "1502", "ASSET_ID": 598.0, "ASSET_NAME": "LAKEVIEW AVENUE PARKETTE", "TYPE": "Park", "AMENITIES": "None", "ADDRESS": "1208 Dundas St W", "PHONE": "None", "URL": "https://www.toronto.ca/explore-enjoy/parks-recreation/places-spaces/parks-and-recreation-facilities/location/?id=1502" }, "geometry": { "type": "MultiPoint", "coordinates": [ [ -79.422913548817903, 43.649599532577803 ] ] } },
{ "type": "Feature", "properties": { "_id": 207, "LOCATIONID": "196", "ASSET_ID": 197.0, "ASSET_NAME": "CHRISTIE PITS PARK", "TYPE": "Park", "AMENITIES": "Ball Diamond, Basketball Court, Firepit, Outdoor Ping Pong/Table Tennis, Pickleball Court, Picnic Site, Playground, Skateboarding, Sports Field, Washroom", "ADDRESS": "750 Bloor St W", "PHONE": "None", "URL": "https://www.toronto.ca/explore-enjoy/parks-recreation/places-spaces/parks-and-recreation-facilities/location/?id=196" }, "geometry": { "type": "MultiPoint", "coordinates": [ [ -79.420793607946095, 43.664669818167503 ] ] } },
{ "type": "Feature", "properties": { "_id": 208, "LOCATIONID": "2794", "ASSET_ID": 45182.0, "ASSET_NAME": "BRISTOL AVENUE PARKETTE EAST", "TYPE": "Park", "AMENITIES": "None", "ADDRESS": "25 Bristol Ave", "PHONE": "None", "URL": "https://www.toronto.ca/explore-enjoy/parks-recreation/places-spaces/parks-and-recreation-facilities/location/?id=2794" }, "geometry": { "type": "MultiPoint", "coordinates": [ [ -79.437678217860494, 43.670505042520603 ] ] } },
{ "type": "Feature", "properties": { "_id": 209, "LOCATIONID": "860", "ASSET_ID": 840.0, "ASSET_NAME": "PRINCESS MARGARET PARK", "TYPE": "Park", "AMENITIES": "Playground", "ADDRESS": "1297 Kipling Ave", "PHONE": "None", "URL": "https://www.toronto.ca/explore-enjoy/parks-recreation/places-spaces/parks-and-recreation-facilities/location/?id=860" }, "geometry": { "type": "MultiPoint", "coordinates": [ [ -79.543207712923902, 43.666576052380798 ] ] } },
{ "type": "Feature", "properties": { "_id": 210, "LOCATIONID": "75", "ASSET_ID": 482.0, "ASSET_NAME": "HIDEAWAY PARK", "TYPE": "Park", "AMENITIES": "Dog Off-Leash Area, Outdoor Dry Pad, Playground", "ADDRESS": "23 Audley Ave", "PHONE": "None", "URL": "https://www.toronto.ca/explore-enjoy/parks-recreation/places-spaces/parks-and-recreation-facilities/location/?id=75" }, "geometry": { "type": "MultiPoint", "coordinates": [ [ -79.337955986859399, 43.664705490514002 ] ] } },
{ "type": "Feature", "properties": { "_id": 211, "LOCATIONID": "2364", "ASSET_ID": 1340.0, "ASSET_NAME": "HARTFIELD COURT PARKETTE", "TYPE": "Park", "AMENITIES": "None", "ADDRESS": "50 Hartfield Crt", "PHONE": "None", "URL": "https://www.toronto.ca/explore-enjoy/parks-recreation/places-spaces/parks-and-recreation-facilities/location/?id=2364" }, "geometry": { "type": "MultiPoint", "coordinates": [ [ -79.523639492559795, 43.667389715714897 ] ] } },
{ "type": "Feature", "properties": { "_id": 212, "LOCATIONID": "389", "ASSET_ID": 954.0, "ASSET_NAME": "SIMCOE PARK", "TYPE": "Park", "AMENITIES": "None", "ADDRESS": "240 Front St W", "PHONE": "None", "URL": "https://www.toronto.ca/explore-enjoy/parks-recreation/places-spaces/parks-and-recreation-facilities/location/?id=389" }, "geometry": { "type": "MultiPoint", "coordinates": [ [ -79.386844032785504, 43.644741690958803 ] ] } },
{ "type": "Feature", "properties": { "_id": 213, "LOCATIONID": "1472", "ASSET_ID": 1035.0, "ASSET_NAME": "THOMPSON STREET PARKETTE", "TYPE": "Park", "AMENITIES": "Dog Off-Leash Area", "ADDRESS": "120 Broadview Ave", "PHONE": "None", "URL": "https://www.toronto.ca/explore-enjoy/parks-recreation/places-spaces/parks-and-recreation-facilities/location/?id=1472" }, "geometry": { "type": "MultiPoint", "coordinates": [ [ -79.350617260378698, 43.659299762155101 ] ] } },
{ "type": "Feature", "properties": { "_id": 214, "LOCATIONID": "2679", "ASSET_ID": 1437.0, "ASSET_NAME": "NORTHEND PARKETTE", "TYPE": "Park", "AMENITIES": "None", "ADDRESS": "2393 Weston Rd", "PHONE": "None", "URL": "https://www.toronto.ca/explore-enjoy/parks-recreation/places-spaces/parks-and-recreation-facilities/location/?id=2679" }, "geometry": { "type": "MultiPoint", "coordinates": [ [ -79.532600214694099, 43.706691828289998 ] ] } },
{ "type": "Feature", "properties": { "_id": 215, "LOCATIONID": "960", "ASSET_ID": 1133.0, "ASSET_NAME": "WINCOTT PARK", "TYPE": "Park", "AMENITIES": "Outdoor Ping Pong/Table Tennis, Playground", "ADDRESS": "86 Northcrest Rd", "PHONE": "None", "URL": "https://www.toronto.ca/explore-enjoy/parks-recreation/places-spaces/parks-and-recreation-facilities/location/?id=960" }, "geometry": { "type": "MultiPoint", "coordinates": [ [ -79.551385069293502, 43.692814697139497 ] ] } },
{ "type": "Feature", "properties": { "_id": 216, "LOCATIONID": "2659", "ASSET_ID": 933.0, "ASSET_NAME": "SENATOR PETER BOSA PARKETTE", "TYPE": "Park", "AMENITIES": "None", "ADDRESS": "725 Vaughan Rd", "PHONE": "None", "URL": "https://www.toronto.ca/explore-enjoy/parks-recreation/places-spaces/parks-and-recreation-facilities/location/?id=2659" }, "geometry": { "type": "MultiPoint", "coordinates": [ [ -79.445356003741395, 43.694422490823001 ] ] } },
{ "type": "Feature", "properties": { "_id": 217, "LOCATIONID": "409", "ASSET_ID": 1420.0, "ASSET_NAME": "MOORE PARK RAVINE", "TYPE": "Park", "AMENITIES": "None", "ADDRESS": "205 Moore Ave", "PHONE": "None", "URL": "https://www.toronto.ca/explore-enjoy/parks-recreation/places-spaces/parks-and-recreation-facilities/location/?id=409" }, "geometry": { "type": "MultiPoint", "coordinates": [ [ -79.372379103955694, 43.691302528784803 ] ] } },
{ "type": "Feature", "properties": { "_id": 218, "LOCATIONID": "2522", "ASSET_ID": 1332.0, "ASSET_NAME": "GREEN HILLS PARK", "TYPE": "Park", "AMENITIES": "None", "ADDRESS": "1 A Paulson Rd", "PHONE": "None", "URL": "https://www.toronto.ca/explore-enjoy/parks-recreation/places-spaces/parks-and-recreation-facilities/location/?id=2522" }, "geometry": { "type": "MultiPoint", "coordinates": [ [ -79.479011194582995, 43.694776907194402 ] ] } },
{ "type": "Feature", "properties": { "_id": 219, "LOCATIONID": "3847", "ASSET_ID": 970687.0, "ASSET_NAME": "BATHURST QUAY COMMON", "TYPE": "Park", "AMENITIES": "None", "ADDRESS": "1 Eireann Quay", "PHONE": "None", "URL": "https://www.toronto.ca/explore-enjoy/parks-recreation/places-spaces/parks-and-recreation-facilities/location/?id=3847" }, "geometry": { "type": "MultiPoint", "coordinates": [ [ -79.396449002790405, 43.634663482284097 ] ] } },
{ "type": "Feature", "properties": { "_id": 220, "LOCATIONID": "1451", "ASSET_ID": 205.0, "ASSET_NAME": "CLIFF LUMSDON PARK", "TYPE": "Park", "AMENITIES": "None", "ADDRESS": "101 Lake Shore Dr", "PHONE": "None", "URL": "https://www.toronto.ca/explore-enjoy/parks-recreation/places-spaces/parks-and-recreation-facilities/location/?id=1451" }, "geometry": { "type": "MultiPoint", "coordinates": [ [ -79.501470384602897, 43.595169170744803 ] ] } },
{ "type": "Feature", "properties": { "_id": 221, "LOCATIONID": "1707", "ASSET_ID": 1047.0, "ASSET_NAME": "TORONTO MUSIC GARDEN", "TYPE": "Park", "AMENITIES": "None", "ADDRESS": "479 Queens Quay W", "PHONE": "None", "URL": "https://www.toronto.ca/explore-enjoy/parks-recreation/places-spaces/parks-and-recreation-facilities/location/?id=1707" }, "geometry": { "type": "MultiPoint", "coordinates": [ [ -79.394217096043505, 43.636963380630398 ] ] } },
{ "type": "Feature", "properties": { "_id": 222, "LOCATIONID": "2684", "ASSET_ID": 443.0, "ASSET_NAME": "GREENFIELD PARK", "TYPE": "Park", "AMENITIES": "Outdoor Fitness Equipment, Playground", "ADDRESS": "10 Wilmar Rd", "PHONE": "None", "URL": "https://www.toronto.ca/explore-enjoy/parks-recreation/places-spaces/parks-and-recreation-facilities/location/?id=2684" }, "geometry": { "type": "MultiPoint", "coordinates": [ [ -79.5449291283973, 43.638607936405599 ] ] } },
{ "type": "Feature", "properties": { "_id": 223, "LOCATIONID": "199", "ASSET_ID": 1481.0, "ASSET_NAME": "RIVERSIDE DRIVE PARKETTE", "TYPE": "Park", "AMENITIES": "None", "ADDRESS": "38 Kingsway", "PHONE": "None", "URL": "https://www.toronto.ca/explore-enjoy/parks-recreation/places-spaces/parks-and-recreation-facilities/location/?id=199" }, "geometry": { "type": "MultiPoint", "coordinates": [ [ -79.476605869990706, 43.638064387394699 ] ] } },
{ "type": "Feature", "properties": { "_id": 224, "LOCATIONID": "3583", "ASSET_ID": 66862.0, "ASSET_NAME": "RANLEIGH PARK", "TYPE": "Park", "AMENITIES": "Outdoor Fitness Equipment", "ADDRESS": "100 Ranleigh Ave", "PHONE": "None", "URL": "https://www.toronto.ca/explore-enjoy/parks-recreation/places-spaces/parks-and-recreation-facilities/location/?id=3583" }, "geometry": { "type": "MultiPoint", "coordinates": [ [ -79.400065313660505, 43.728521294541899 ] ] } },
{ "type": "Feature", "properties": { "_id": 225, "LOCATIONID": "2407", "ASSET_ID": 1261.0, "ASSET_NAME": "DAVID PECAUT SQUARE", "TYPE": "Park", "AMENITIES": "None", "ADDRESS": "215 King St W", "PHONE": "None", "URL": "https://www.toronto.ca/explore-enjoy/parks-recreation/places-spaces/parks-and-recreation-facilities/location/?id=2407" }, "geometry": { "type": "MultiPoint", "coordinates": [ [ -79.388052703929503, 43.646231959311301 ] ] } },
{ "type": "Feature", "properties": { "_id": 226, "LOCATIONID": "3820", "ASSET_ID": 67242.0, "ASSET_NAME": "JOLLY WAY PARK", "TYPE": "Park", "AMENITIES": "Outdoor Fitness Equipment, Playground", "ADDRESS": "965 Ellesmere Rd", "PHONE": "None", "URL": "https://www.toronto.ca/explore-enjoy/parks-recreation/places-spaces/parks-and-recreation-facilities/location/?id=3820" }, "geometry": { "type": "MultiPoint", "coordinates": [ [ -79.2782849841374, 43.765733447771296 ] ] } },
{ "type": "Feature", "properties": { "_id": 227, "LOCATIONID": "70", "ASSET_ID": 445.0, "ASSET_NAME": "GREENWOOD PARK", "TYPE": "Park", "AMENITIES": "Ball Diamond, Dog Off-Leash Area, Firepit, Outdoor Dry Pad, Outdoor Fitness Equipment, Outdoor Ping Pong/Table Tennis, Pickleball Court, Picnic Site, Playground, Sports Field, Washroom", "ADDRESS": "150 Greenwood Ave", "PHONE": "None", "URL": "https://www.toronto.ca/explore-enjoy/parks-recreation/places-spaces/parks-and-recreation-facilities/location/?id=70" }, "geometry": { "type": "MultiPoint", "coordinates": [ [ -79.328608796983602, 43.668890755252797 ] ] } },
{ "type": "Feature", "properties": { "_id": 228, "LOCATIONID": "10", "ASSET_ID": 348.0, "ASSET_NAME": "ETIENNE BRULE PARK", "TYPE": "Park", "AMENITIES": "Firepit, Picnic Site, Washroom", "ADDRESS": "13 Crosby Ave", "PHONE": "None", "URL": "https://www.toronto.ca/explore-enjoy/parks-recreation/places-spaces/parks-and-recreation-facilities/location/?id=10" }, "geometry": { "type": "MultiPoint", "coordinates": [ [ -79.491364652899605, 43.652696065282001 ] ] } },
{ "type": "Feature", "properties": { "_id": 229, "LOCATIONID": "2717", "ASSET_ID": 45.0, "ASSET_NAME": "ARLINGTON PARKETTE", "TYPE": "Park", "AMENITIES": "Playground", "ADDRESS": "460 Arlington Ave", "PHONE": "None", "URL": "https://www.toronto.ca/explore-enjoy/parks-recreation/places-spaces/parks-and-recreation-facilities/location/?id=2717" }, "geometry": { "type": "MultiPoint", "coordinates": [ [ -79.433414686740704, 43.691443265341597 ] ] } },
{ "type": "Feature", "properties": { "_id": 230, "LOCATIONID": "716", "ASSET_ID": 662.0, "ASSET_NAME": "MAGWOOD PARK", "TYPE": "Park", "AMENITIES": "Ball Diamond, Basketball Court, Playground", "ADDRESS": "2 Pasadena Gdns", "PHONE": "None", "URL": "https://www.toronto.ca/explore-enjoy/parks-recreation/places-spaces/parks-and-recreation-facilities/location/?id=716" }, "geometry": { "type": "MultiPoint", "coordinates": [ [ -79.497488225003806, 43.657480979485399 ] ] } },
{ "type": "Feature", "properties": { "_id": 231, "LOCATIONID": "446", "ASSET_ID": 434.0, "ASSET_NAME": "GRAFTON AVENUE PARK", "TYPE": "Park", "AMENITIES": "None", "ADDRESS": "23 Roncesvalles Ave", "PHONE": "None", "URL": "https://www.toronto.ca/explore-enjoy/parks-recreation/places-spaces/parks-and-recreation-facilities/location/?id=446" }, "geometry": { "type": "MultiPoint", "coordinates": [ [ -79.446019617644694, 43.639474364094198 ] ] } },
{ "type": "Feature", "properties": { "_id": 232, "LOCATIONID": "2051", "ASSET_ID": 377.0, "ASSET_NAME": "FLORA VOISEY PARK", "TYPE": "Park", "AMENITIES": "Playground", "ADDRESS": "67 Yachters Lane", "PHONE": "None", "URL": "https://www.toronto.ca/explore-enjoy/parks-recreation/places-spaces/parks-and-recreation-facilities/location/?id=2051" }, "geometry": { "type": "MultiPoint", "coordinates": [ [ -79.4847984685059, 43.621232290329999 ] ] } },
{ "type": "Feature", "properties": { "_id": 233, "LOCATIONID": "434", "ASSET_ID": 352.0, "ASSET_NAME": "EVERGREEN GARDENS PARK", "TYPE": "Park", "AMENITIES": "Playground", "ADDRESS": "23 Evergreen Gdns", "PHONE": "None", "URL": "https://www.toronto.ca/explore-enjoy/parks-recreation/places-spaces/parks-and-recreation-facilities/location/?id=434" }, "geometry": { "type": "MultiPoint", "coordinates": [ [ -79.372549001827593, 43.696082746329999 ] ] } },
{ "type": "Feature", "properties": { "_id": 234, "LOCATIONID": "226", "ASSET_ID": 222.0, "ASSET_NAME": "COLUMBUS PARKETTE", "TYPE": "Park", "AMENITIES": "Playground", "ADDRESS": "1985 Dundas St W", "PHONE": "None", "URL": "https://www.toronto.ca/explore-enjoy/parks-recreation/places-spaces/parks-and-recreation-facilities/location/?id=226" }, "geometry": { "type": "MultiPoint", "coordinates": [ [ -79.446021434679196, 43.650955989530402 ] ] } },
{ "type": "Feature", "properties": { "_id": 235, "LOCATIONID": "40", "ASSET_ID": 682.0, "ASSET_NAME": "MARKET LANE PARK", "TYPE": "Park", "AMENITIES": "None", "ADDRESS": "149 King St E", "PHONE": "None", "URL": "https://www.toronto.ca/explore-enjoy/parks-recreation/places-spaces/parks-and-recreation-facilities/location/?id=40" }, "geometry": { "type": "MultiPoint", "coordinates": [ [ -79.372410465096195, 43.649751099757999 ] ] } },
{ "type": "Feature", "properties": { "_id": 236, "LOCATIONID": "173", "ASSET_ID": 930.0, "ASSET_NAME": "TORONTO SCULPTURE GARDEN", "TYPE": "Park", "AMENITIES": "None", "ADDRESS": "115 King St E", "PHONE": "None", "URL": "https://www.toronto.ca/explore-enjoy/parks-recreation/places-spaces/parks-and-recreation-facilities/location/?id=173" }, "geometry": { "type": "MultiPoint", "coordinates": [ [ -79.373661295679696, 43.649836426682697 ] ] } },
{ "type": "Feature", "properties": { "_id": 237, "LOCATIONID": "2478", "ASSET_ID": 714.0, "ASSET_NAME": "MERRILL PARK", "TYPE": "Park", "AMENITIES": "Playground", "ADDRESS": "5 Merrill Ave", "PHONE": "None", "URL": "https://www.toronto.ca/explore-enjoy/parks-recreation/places-spaces/parks-and-recreation-facilities/location/?id=2478" }, "geometry": { "type": "MultiPoint", "coordinates": [ [ -79.506097876431696, 43.703420093436797 ] ] } },
{ "type": "Feature", "properties": { "_id": 238, "LOCATIONID": "516", "ASSET_ID": 1378.0, "ASSET_NAME": "KIMBARK - COLDSTREAM RAVINE", "TYPE": "Park", "AMENITIES": "None", "ADDRESS": "65 Coldstream Ave", "PHONE": "None", "URL": "https://www.toronto.ca/explore-enjoy/parks-recreation/places-spaces/parks-and-recreation-facilities/location/?id=516" }, "geometry": { "type": "MultiPoint", "coordinates": [ [ -79.416318112326707, 43.7174160817301 ] ] } },
{ "type": "Feature", "properties": { "_id": 239, "LOCATIONID": "3815", "ASSET_ID": 77315.0, "ASSET_NAME": "HOLMES PARK", "TYPE": "Park", "AMENITIES": "Playground", "ADDRESS": "25 HOLMES AVE", "PHONE": "None", "URL": "https://www.toronto.ca/explore-enjoy/parks-recreation/places-spaces/parks-and-recreation-facilities/location/?id=3815" }, "geometry": { "type": "MultiPoint", "coordinates": [ [ -79.413418826307705, 43.7778208973346 ] ] } },
{ "type": "Feature", "properties": { "_id": 240, "LOCATIONID": "2283", "ASSET_ID": 664.0, "ASSET_NAME": "MAIN SEWAGE TREATMENT PLAYGROUND", "TYPE": "Park", "AMENITIES": "Ball Diamond, Basketball Court, Outdoor Dry Pad, Pickleball Court, Sports Field", "ADDRESS": "1091 Eastern Ave", "PHONE": "None", "URL": "https://www.toronto.ca/explore-enjoy/parks-recreation/places-spaces/parks-and-recreation-facilities/location/?id=2283" }, "geometry": { "type": "MultiPoint", "coordinates": [ [ -79.317651184108499, 43.663475781928 ] ] } },
{ "type": "Feature", "properties": { "_id": 241, "LOCATIONID": "2598", "ASSET_ID": 1822.0, "ASSET_NAME": "KENASTON PARK", "TYPE": "Park", "AMENITIES": "None", "ADDRESS": "573 Sheppard Ave E", "PHONE": "None", "URL": "https://www.toronto.ca/explore-enjoy/parks-recreation/places-spaces/parks-and-recreation-facilities/location/?id=2598" }, "geometry": { "type": "MultiPoint", "coordinates": [ [ -79.3855958782746, 43.767066061296703 ] ] } },
{ "type": "Feature", "properties": { "_id": 242, "LOCATIONID": "2734", "ASSET_ID": 14063.0, "ASSET_NAME": "VILLAGE GREEN PARK", "TYPE": "Park", "AMENITIES": "Basketball Court, Playground, Sports Field", "ADDRESS": "925 Albion Rd", "PHONE": "None", "URL": "https://www.toronto.ca/explore-enjoy/parks-recreation/places-spaces/parks-and-recreation-facilities/location/?id=2734" }, "geometry": { "type": "MultiPoint", "coordinates": [ [ -79.563643936843306, 43.735380457832001 ] ] } },
{ "type": "Feature", "properties": { "_id": 243, "LOCATIONID": "2709", "ASSET_ID": 605.0, "ASSET_NAME": "LANGHOLM PARK", "TYPE": "Park", "AMENITIES": "Playground", "ADDRESS": "14 Langholm Dr", "PHONE": "None", "URL": "https://www.toronto.ca/explore-enjoy/parks-recreation/places-spaces/parks-and-recreation-facilities/location/?id=2709" }, "geometry": { "type": "MultiPoint", "coordinates": [ [ -79.488843115080996, 43.735644526742 ] ] } },
{ "type": "Feature", "properties": { "_id": 244, "LOCATIONID": "406", "ASSET_ID": 447.0, "ASSET_NAME": "GUILD PARK AND GARDENS", "TYPE": "Park", "AMENITIES": "Washroom", "ADDRESS": "201 Guildwood Pkwy", "PHONE": "None", "URL": "https://www.toronto.ca/explore-enjoy/parks-recreation/places-spaces/parks-and-recreation-facilities/location/?id=406" }, "geometry": { "type": "MultiPoint", "coordinates": [ [ -79.191897413222506, 43.746577809019698 ] ] } },
{ "type": "Feature", "properties": { "_id": 245, "LOCATIONID": "974", "ASSET_ID": 285.0, "ASSET_NAME": "DONNYBROOK PARK", "TYPE": "Park", "AMENITIES": "Playground", "ADDRESS": "43 Loyalist Rd", "PHONE": "None", "URL": "https://www.toronto.ca/explore-enjoy/parks-recreation/places-spaces/parks-and-recreation-facilities/location/?id=974" }, "geometry": { "type": "MultiPoint", "coordinates": [ [ -79.520700427125902, 43.653154819605298 ] ] } },
{ "type": "Feature", "properties": { "_id": 246, "LOCATIONID": "2392", "ASSET_ID": 1364.0, "ASSET_NAME": "JACKSON PARKETTE", "TYPE": "Park", "AMENITIES": "None", "ADDRESS": "104 The Kingsway", "PHONE": "None", "URL": "https://www.toronto.ca/explore-enjoy/parks-recreation/places-spaces/parks-and-recreation-facilities/location/?id=2392" }, "geometry": { "type": "MultiPoint", "coordinates": [ [ -79.511106688833294, 43.653137206434501 ] ] } },
{ "type": "Feature", "properties": { "_id": 247, "LOCATIONID": "775", "ASSET_ID": 1121.0, "ASSET_NAME": "WIGMORE PARK", "TYPE": "Park", "AMENITIES": "Ball Diamond, Playground", "ADDRESS": "106 Wigmore Dr", "PHONE": "None", "URL": "https://www.toronto.ca/explore-enjoy/parks-recreation/places-spaces/parks-and-recreation-facilities/location/?id=775" }, "geometry": { "type": "MultiPoint", "coordinates": [ [ -79.313390516589905, 43.730512729761202 ] ] } },
{ "type": "Feature", "properties": { "_id": 248, "LOCATIONID": "569", "ASSET_ID": 292.0, "ASSET_NAME": "DOWNSVIEW PARK AND LAWN BOWLING GREENS", "TYPE": "Park", "AMENITIES": "None", "ADDRESS": "1629 Wilson Ave", "PHONE": "None", "URL": "https://www.toronto.ca/explore-enjoy/parks-recreation/places-spaces/parks-and-recreation-facilities/location/?id=569" }, "geometry": { "type": "MultiPoint", "coordinates": [ [ -79.512573494600502, 43.719072314467098 ] ] } },
{ "type": "Feature", "properties": { "_id": 249, "LOCATIONID": "442", "ASSET_ID": 805.0, "ASSET_NAME": "PARLIAMENT SQUARE PARK", "TYPE": "Park", "AMENITIES": "Sports Field", "ADDRESS": "44 Parliament St", "PHONE": "None", "URL": "https://www.toronto.ca/explore-enjoy/parks-recreation/places-spaces/parks-and-recreation-facilities/location/?id=442" }, "geometry": { "type": "MultiPoint", "coordinates": [ [ -79.362766194766294, 43.650014659321002 ] ] } },
{ "type": "Feature", "properties": { "_id": 250, "LOCATIONID": "2443", "ASSET_ID": 632.0, "ASSET_NAME": "LINKWOOD LANE PARK", "TYPE": "Park", "AMENITIES": "Dog Off-Leash Area, Playground, Sports Field", "ADDRESS": "10 Linkwood Lane", "PHONE": "None", "URL": "https://www.toronto.ca/explore-enjoy/parks-recreation/places-spaces/parks-and-recreation-facilities/location/?id=2443" }, "geometry": { "type": "MultiPoint", "coordinates": [ [ -79.324028642907294, 43.714799791818102 ] ] } },
{ "type": "Feature", "properties": { "_id": 251, "LOCATIONID": "3770", "ASSET_ID": 1916.0, "ASSET_NAME": "PARKDALE AMPHITHEATRE", "TYPE": "Park", "AMENITIES": "None", "ADDRESS": "1258 QUEEN ST W", "PHONE": "None", "URL": "https://www.toronto.ca/explore-enjoy/parks-recreation/places-spaces/parks-and-recreation-facilities/location/?id=3770" }, "geometry": { "type": "MultiPoint", "coordinates": [ [ -79.429162782675306, 43.6423708416688 ] ] } },
{ "type": "Feature", "properties": { "_id": 252, "LOCATIONID": "3700", "ASSET_ID": 77655.0, "ASSET_NAME": "MONSIGNOR FRASER COLLEGE PARK", "TYPE": "Park", "AMENITIES": "None", "ADDRESS": "700 Markham St", "PHONE": "None", "URL": "https://www.toronto.ca/explore-enjoy/parks-recreation/places-spaces/parks-and-recreation-facilities/location/?id=3700" }, "geometry": { "type": "MultiPoint", "coordinates": [ [ -79.413484248242199, 43.666618980127403 ] ] } },
{ "type": "Feature", "properties": { "_id": 253, "LOCATIONID": "3850", "ASSET_ID": 988534.0, "ASSET_NAME": "34 HANNA AVENUE PARK", "TYPE": "Park", "AMENITIES": "None", "ADDRESS": "34 HANNA AVE", "PHONE": "None", "URL": "https://www.toronto.ca/explore-enjoy/parks-recreation/places-spaces/parks-and-recreation-facilities/location/?id=3850" }, "geometry": { "type": "MultiPoint", "coordinates": [ [ -79.419721952448199, 43.638231925639403 ] ] } },
{ "type": "Feature", "properties": { "_id": 254, "LOCATIONID": "335", "ASSET_ID": 139.0, "ASSET_NAME": "BUDAPEST PARK", "TYPE": "Park", "AMENITIES": "Beach, Outdoor Fitness Equipment, Playground, Washroom", "ADDRESS": "1575 Lake Shore Blvd W", "PHONE": "None", "URL": "https://www.toronto.ca/explore-enjoy/parks-recreation/places-spaces/parks-and-recreation-facilities/location/?id=335" }, "geometry": { "type": "MultiPoint", "coordinates": [ [ -79.449327502045193, 43.636858078746201 ] ] } },
{ "type": "Feature", "properties": { "_id": 255, "LOCATIONID": "211", "ASSET_ID": 209.0, "ASSET_NAME": "CLOSE AVENUE PARKETTE", "TYPE": "Park", "AMENITIES": "Playground", "ADDRESS": "116 Close Ave", "PHONE": "None", "URL": "https://www.toronto.ca/explore-enjoy/parks-recreation/places-spaces/parks-and-recreation-facilities/location/?id=211" }, "geometry": { "type": "MultiPoint", "coordinates": [ [ -79.434985032213206, 43.637090843449599 ] ] } },
{ "type": "Feature", "properties": { "_id": 256, "LOCATIONID": "2729", "ASSET_ID": 12662.0, "ASSET_NAME": "DAVENPORT VILLAGE PARK", "TYPE": "Park", "AMENITIES": "Playground", "ADDRESS": "18 Foundry Ave", "PHONE": "None", "URL": "https://www.toronto.ca/explore-enjoy/parks-recreation/places-spaces/parks-and-recreation-facilities/location/?id=2729" }, "geometry": { "type": "MultiPoint", "coordinates": [ [ -79.449541587997103, 43.6693344928687 ] ] } },
{ "type": "Feature", "properties": { "_id": 257, "LOCATIONID": "2715", "ASSET_ID": 1863.0, "ASSET_NAME": "JOSEPH BANNON PARK", "TYPE": "Park", "AMENITIES": "Playground, Sports Field", "ADDRESS": "65 Mary Chapman Blvd", "PHONE": "None", "URL": "https://www.toronto.ca/explore-enjoy/parks-recreation/places-spaces/parks-and-recreation-facilities/location/?id=2715" }, "geometry": { "type": "MultiPoint", "coordinates": [ [ -79.534778313334797, 43.732412974687797 ] ] } },
{ "type": "Feature", "properties": { "_id": 258, "LOCATIONID": "943", "ASSET_ID": 114.0, "ASSET_NAME": "BLOORDALE PARK NORTH", "TYPE": "Park", "AMENITIES": "Playground", "ADDRESS": "20 Toledo Rd", "PHONE": "None", "URL": "https://www.toronto.ca/explore-enjoy/parks-recreation/places-spaces/parks-and-recreation-facilities/location/?id=943" }, "geometry": { "type": "MultiPoint", "coordinates": [ [ -79.575352078324002, 43.640262704200801 ] ] } },
{ "type": "Feature", "properties": { "_id": 259, "LOCATIONID": "2795", "ASSET_ID": 45205.0, "ASSET_NAME": "BLOORDALE PARK SOUTH", "TYPE": "Park", "AMENITIES": "Playground, Tennis Court", "ADDRESS": "230 Renforth Dr", "PHONE": "None", "URL": "https://www.toronto.ca/explore-enjoy/parks-recreation/places-spaces/parks-and-recreation-facilities/location/?id=2795" }, "geometry": { "type": "MultiPoint", "coordinates": [ [ -79.570250305952996, 43.636721785922603 ] ] } },
{ "type": "Feature", "properties": { "_id": 260, "LOCATIONID": "3774", "ASSET_ID": 75562.0, "ASSET_NAME": "ORDNANCE PARK", "TYPE": "Park", "AMENITIES": "None", "ADDRESS": "10 Ordnance St", "PHONE": "None", "URL": "https://www.toronto.ca/explore-enjoy/parks-recreation/places-spaces/parks-and-recreation-facilities/location/?id=3774" }, "geometry": { "type": "MultiPoint", "coordinates": [ [ -79.407963086650099, 43.639504769705098 ] ] } },
{ "type": "Feature", "properties": { "_id": 261, "LOCATIONID": "1851", "ASSET_ID": 1384.0, "ASSET_NAME": "LAKE CRESCENT ROAD END PARKETTE", "TYPE": "Park", "AMENITIES": "None", "ADDRESS": "2 Lake Cres", "PHONE": "None", "URL": "https://www.toronto.ca/explore-enjoy/parks-recreation/places-spaces/parks-and-recreation-facilities/location/?id=1851" }, "geometry": { "type": "MultiPoint", "coordinates": [ [ -79.488146557002807, 43.607427652340903 ] ] } },
{ "type": "Feature", "properties": { "_id": 262, "LOCATIONID": "368", "ASSET_ID": 210.0, "ASSET_NAME": "CLOUD GARDENS", "TYPE": "Park", "AMENITIES": "None", "ADDRESS": "14 Temperance St", "PHONE": "None", "URL": "https://www.toronto.ca/explore-enjoy/parks-recreation/places-spaces/parks-and-recreation-facilities/location/?id=368" }, "geometry": { "type": "MultiPoint", "coordinates": [ [ -79.379716508915493, 43.651184314075103 ] ] } },
{ "type": "Feature", "properties": { "_id": 263, "LOCATIONID": "105", "ASSET_ID": 574.0, "ASSET_NAME": "KENNEDY - MARGDON PARKETTE", "TYPE": "Park", "AMENITIES": "Outdoor Fitness Equipment, Playground", "ADDRESS": "24 Kennedy Park Rd", "PHONE": "None", "URL": "https://www.toronto.ca/explore-enjoy/parks-recreation/places-spaces/parks-and-recreation-facilities/location/?id=105" }, "geometry": { "type": "MultiPoint", "coordinates": [ [ -79.473340855568097, 43.652323174048099 ] ] } },
{ "type": "Feature", "properties": { "_id": 264, "LOCATIONID": "948", "ASSET_ID": 314.0, "ASSET_NAME": "EAST MALL PARK", "TYPE": "Park", "AMENITIES": "Playground, Tennis Court", "ADDRESS": "355 The East Mall", "PHONE": "None", "URL": "https://www.toronto.ca/explore-enjoy/parks-recreation/places-spaces/parks-and-recreation-facilities/location/?id=948" }, "geometry": { "type": "MultiPoint", "coordinates": [ [ -79.557311761449498, 43.642408172215298 ] ] } },
{ "type": "Feature", "properties": { "_id": 265, "LOCATIONID": "3886", "ASSET_ID": 970187.0, "ASSET_NAME": "DUPONT-SHAW PARKETTE", "TYPE": "Park", "AMENITIES": "Outdoor Fitness Equipment", "ADDRESS": "880 DUPONT ST", "PHONE": "None", "URL": "https://www.toronto.ca/explore-enjoy/parks-recreation/places-spaces/parks-and-recreation-facilities/location/?id=3886" }, "geometry": { "type": "MultiPoint", "coordinates": [ [ -79.428458725622306, 43.670390296207998 ] ] } },
{ "type": "Feature", "properties": { "_id": 266, "LOCATIONID": "455", "ASSET_ID": 687.0, "ASSET_NAME": "MASSEY HARRIS PARK", "TYPE": "Park", "AMENITIES": "None", "ADDRESS": "945 King St W", "PHONE": "None", "URL": "https://www.toronto.ca/explore-enjoy/parks-recreation/places-spaces/parks-and-recreation-facilities/location/?id=455" }, "geometry": { "type": "MultiPoint", "coordinates": [ [ -79.413335133989605, 43.641441474033599 ] ] } },
{ "type": "Feature", "properties": { "_id": 267, "LOCATIONID": "3788", "ASSET_ID": 76226.0, "ASSET_NAME": "HILLSDALE AVENUE PARK", "TYPE": "Park", "AMENITIES": "None", "ADDRESS": "33 Soudan Ave", "PHONE": "None", "URL": "https://www.toronto.ca/explore-enjoy/parks-recreation/places-spaces/parks-and-recreation-facilities/location/?id=3788" }, "geometry": { "type": "MultiPoint", "coordinates": [ [ -79.396703272604995, 43.704160104846601 ] ] } },
{ "type": "Feature", "properties": { "_id": 268, "LOCATIONID": "3799", "ASSET_ID": 76802.0, "ASSET_NAME": "LOVE PARK", "TYPE": "Park", "AMENITIES": "Dog Off-Leash Area", "ADDRESS": "96 Queens Quay W", "PHONE": "None", "URL": "https://www.toronto.ca/explore-enjoy/parks-recreation/places-spaces/parks-and-recreation-facilities/location/?id=3799" }, "geometry": { "type": "MultiPoint", "coordinates": [ [ -79.379815500231203, 43.640693819605801 ] ] } },
{ "type": "Feature", "properties": { "_id": 269, "LOCATIONID": "3665", "ASSET_ID": 72602.0, "ASSET_NAME": "JOSEPH TOUGH PARK", "TYPE": "Park", "AMENITIES": "None", "ADDRESS": "246 Davenport Rd", "PHONE": "None", "URL": "https://www.toronto.ca/explore-enjoy/parks-recreation/places-spaces/parks-and-recreation-facilities/location/?id=3665" }, "geometry": { "type": "MultiPoint", "coordinates": [ [ -79.3978367133261, 43.674712825107498 ] ] } },
{ "type": "Feature", "properties": { "_id": 270, "LOCATIONID": "466", "ASSET_ID": 219.0, "ASSET_NAME": "COLONEL SAMUEL SMITH PARK", "TYPE": "Park", "AMENITIES": "Dog Off-Leash Area, Outdoor Track, Playground", "ADDRESS": "3145 Lake Shore Blvd W", "PHONE": "None", "URL": "https://www.toronto.ca/explore-enjoy/parks-recreation/places-spaces/parks-and-recreation-facilities/location/?id=466" }, "geometry": { "type": "MultiPoint", "coordinates": [ [ -79.513583508679602, 43.593204904927198 ] ] } },
{ "type": "Feature", "properties": { "_id": 271, "LOCATIONID": "2749", "ASSET_ID": 17622.0, "ASSET_NAME": "RING ROAD LINEAR PARK", "TYPE": "Park", "AMENITIES": "None", "ADDRESS": "139 Doris Ave", "PHONE": "None", "URL": "https://www.toronto.ca/explore-enjoy/parks-recreation/places-spaces/parks-and-recreation-facilities/location/?id=2749" }, "geometry": { "type": "MultiPoint", "coordinates": [ [ -79.410816590945501, 43.770086733293297 ] ] } },
{ "type": "Feature", "properties": { "_id": 272, "LOCATIONID": "2113", "ASSET_ID": 61.0, "ASSET_NAME": "BANBURY PARK", "TYPE": "Park", "AMENITIES": "Pickleball Court, Playground, Tennis Court", "ADDRESS": "120 Banbury Rd", "PHONE": "None", "URL": "https://www.toronto.ca/explore-enjoy/parks-recreation/places-spaces/parks-and-recreation-facilities/location/?id=2113" }, "geometry": { "type": "MultiPoint", "coordinates": [ [ -79.369873494527596, 43.742774000861502 ] ] } },
{ "type": "Feature", "properties": { "_id": 273, "LOCATIONID": "246", "ASSET_ID": 1041.0, "ASSET_NAME": "CAROLINE HUEBNER PARKETTE", "TYPE": "Park", "AMENITIES": "Playground", "ADDRESS": "45 Tiverton Ave", "PHONE": "None", "URL": "https://www.toronto.ca/explore-enjoy/parks-recreation/places-spaces/parks-and-recreation-facilities/location/?id=246" }, "geometry": { "type": "MultiPoint", "coordinates": [ [ -79.345105399328105, 43.664864661764099 ] ] } },
{ "type": "Feature", "properties": { "_id": 274, "LOCATIONID": "388", "ASSET_ID": 932.0, "ASSET_NAME": "SEATON PARK", "TYPE": "Park", "AMENITIES": "None", "ADDRESS": "14 Albany Ave", "PHONE": "None", "URL": "https://www.toronto.ca/explore-enjoy/parks-recreation/places-spaces/parks-and-recreation-facilities/location/?id=388" }, "geometry": { "type": "MultiPoint", "coordinates": [ [ -79.410576497130506, 43.6659016673499 ] ] } },
{ "type": "Feature", "properties": { "_id": 275, "LOCATIONID": "386", "ASSET_ID": 900.0, "ASSET_NAME": "ROUNDHOUSE PARK", "TYPE": "Park", "AMENITIES": "Playground", "ADDRESS": "255 Bremner Blvd", "PHONE": "None", "URL": "https://www.toronto.ca/explore-enjoy/parks-recreation/places-spaces/parks-and-recreation-facilities/location/?id=386" }, "geometry": { "type": "MultiPoint", "coordinates": [ [ -79.3853958821948, 43.641075735687501 ] ] } },
{ "type": "Feature", "properties": { "_id": 276, "LOCATIONID": "2351", "ASSET_ID": 577.0, "ASSET_NAME": "KENWAY PARK", "TYPE": "Park", "AMENITIES": "Playground", "ADDRESS": "3431 Bloor St W", "PHONE": "None", "URL": "https://www.toronto.ca/explore-enjoy/parks-recreation/places-spaces/parks-and-recreation-facilities/location/?id=2351" }, "geometry": { "type": "MultiPoint", "coordinates": [ [ -79.526076229961504, 43.643703907415002 ] ] } },
{ "type": "Feature", "properties": { "_id": 277, "LOCATIONID": "97", "ASSET_ID": 528.0, "ASSET_NAME": "IRENE AVENUE PARKETTE", "TYPE": "Park", "AMENITIES": "Playground", "ADDRESS": "760 Shaw St", "PHONE": "None", "URL": "https://www.toronto.ca/explore-enjoy/parks-recreation/places-spaces/parks-and-recreation-facilities/location/?id=97" }, "geometry": { "type": "MultiPoint", "coordinates": [ [ -79.423954590241493, 43.662877925655799 ] ] } },
{ "type": "Feature", "properties": { "_id": 278, "LOCATIONID": "2075", "ASSET_ID": 289.0, "ASSET_NAME": "DOUGLAS B. FORD PARK", "TYPE": "Park", "AMENITIES": "Playground", "ADDRESS": "1521 Royal York Rd", "PHONE": "None", "URL": "https://www.toronto.ca/explore-enjoy/parks-recreation/places-spaces/parks-and-recreation-facilities/location/?id=2075" }, "geometry": { "type": "MultiPoint", "coordinates": [ [ -79.529690096872002, 43.692742693458797 ] ] } },
{ "type": "Feature", "properties": { "_id": 279, "LOCATIONID": "514", "ASSET_ID": 311.0, "ASSET_NAME": "EARLSCOURT PARK", "TYPE": "Park", "AMENITIES": "Ball Diamond, Basketball Court, Dog Off-Leash Area, Outdoor Fitness Equipment, Outdoor Track, Pickleball Court, Picnic Site, Playground, Sports Field, Tennis Court, Washroom", "ADDRESS": "1200 Lansdowne Ave", "PHONE": "None", "URL": "https://www.toronto.ca/explore-enjoy/parks-recreation/places-spaces/parks-and-recreation-facilities/location/?id=514" }, "geometry": { "type": "MultiPoint", "coordinates": [ [ -79.451503742406203, 43.673623394680099 ] ] } },
{ "type": "Feature", "properties": { "_id": 280, "LOCATIONID": "81", "ASSET_ID": 261.0, "ASSET_NAME": "DE GRASSI ST PARKETTE", "TYPE": "Park", "AMENITIES": "Playground", "ADDRESS": "125 De Grassi St", "PHONE": "None", "URL": "https://www.toronto.ca/explore-enjoy/parks-recreation/places-spaces/parks-and-recreation-facilities/location/?id=81" }, "geometry": { "type": "MultiPoint", "coordinates": [ [ -79.346798310630504, 43.663064020086303 ] ] } },
{ "type": "Feature", "properties": { "_id": 281, "LOCATIONID": "2032", "ASSET_ID": 1143.0, "ASSET_NAME": "WOBURN PARK - SCARBOROUGH", "TYPE": "Park", "AMENITIES": "Basketball Court, Outdoor Dry Pad", "ADDRESS": "50 Dormington Dr", "PHONE": "None", "URL": "https://www.toronto.ca/explore-enjoy/parks-recreation/places-spaces/parks-and-recreation-facilities/location/?id=2032" }, "geometry": { "type": "MultiPoint", "coordinates": [ [ -79.227656014269101, 43.781485392935203 ] ] } },
{ "type": "Feature", "properties": { "_id": 282, "LOCATIONID": "2335", "ASSET_ID": 1316.0, "ASSET_NAME": "GATEWAY GREENBELT", "TYPE": "Park", "AMENITIES": "None", "ADDRESS": "20 Gateway Blvd", "PHONE": "None", "URL": "https://www.toronto.ca/explore-enjoy/parks-recreation/places-spaces/parks-and-recreation-facilities/location/?id=2335" }, "geometry": { "type": "MultiPoint", "coordinates": [ [ -79.331765283237999, 43.7096585332703 ] ] } },
{ "type": "Feature", "properties": { "_id": 283, "LOCATIONID": "1495", "ASSET_ID": 1894.0, "ASSET_NAME": "OATES PARK", "TYPE": "Park", "AMENITIES": "Playground, Sports Field", "ADDRESS": "10 Oates Dr", "PHONE": "None", "URL": "https://www.toronto.ca/explore-enjoy/parks-recreation/places-spaces/parks-and-recreation-facilities/location/?id=1495" }, "geometry": { "type": "MultiPoint", "coordinates": [ [ -79.274263089322901, 43.704262380070503 ] ] } },
{ "type": "Feature", "properties": { "_id": 284, "LOCATIONID": "242", "ASSET_ID": 780.0, "ASSET_NAME": "OLD FOREST HILL PARKETTE", "TYPE": "Park", "AMENITIES": "None", "ADDRESS": "51 Forest Hill Rd", "PHONE": "None", "URL": "https://www.toronto.ca/explore-enjoy/parks-recreation/places-spaces/parks-and-recreation-facilities/location/?id=242" }, "geometry": { "type": "MultiPoint", "coordinates": [ [ -79.4129445053387, 43.6968215161912 ] ] } },
{ "type": "Feature", "properties": { "_id": 285, "LOCATIONID": "382", "ASSET_ID": 774.0, "ASSET_NAME": "OAK STREET PARK", "TYPE": "Park", "AMENITIES": "Basketball Court, Playground", "ADDRESS": "165 River St", "PHONE": "None", "URL": "https://www.toronto.ca/explore-enjoy/parks-recreation/places-spaces/parks-and-recreation-facilities/location/?id=382" }, "geometry": { "type": "MultiPoint", "coordinates": [ [ -79.358128175252105, 43.662159272914899 ] ] } },
{ "type": "Feature", "properties": { "_id": 286, "LOCATIONID": "93", "ASSET_ID": 521.0, "ASSET_NAME": "HURON STREET PLAYGROUND", "TYPE": "Park", "AMENITIES": "Dog Off-Leash Area, Playground", "ADDRESS": "495 Huron St", "PHONE": "None", "URL": "https://www.toronto.ca/explore-enjoy/parks-recreation/places-spaces/parks-and-recreation-facilities/location/?id=93" }, "geometry": { "type": "MultiPoint", "coordinates": [ [ -79.401853312606093, 43.669320310114898 ] ] } },
{ "type": "Feature", "properties": { "_id": 287, "LOCATIONID": "3671", "ASSET_ID": 67062.0, "ASSET_NAME": "GECO PARK", "TYPE": "Park", "AMENITIES": "Playground", "ADDRESS": "100 Cleanside Rd", "PHONE": "None", "URL": "https://www.toronto.ca/explore-enjoy/parks-recreation/places-spaces/parks-and-recreation-facilities/location/?id=3671" }, "geometry": { "type": "MultiPoint", "coordinates": [ [ -79.279060343752803, 43.718277482776898 ] ] } },
{ "type": "Feature", "properties": { "_id": 288, "LOCATIONID": "3705", "ASSET_ID": 80561.0, "ASSET_NAME": "ADELAIDE PLACE PARKETTE", "TYPE": "Park", "AMENITIES": "None", "ADDRESS": "20 Adelaide Pl", "PHONE": "None", "URL": "https://www.toronto.ca/explore-enjoy/parks-recreation/places-spaces/parks-and-recreation-facilities/location/?id=3705" }, "geometry": { "type": "MultiPoint", "coordinates": [ [ -79.4018051802759, 43.645000961561202 ] ] } },
{ "type": "Feature", "properties": { "_id": 289, "LOCATIONID": "621", "ASSET_ID": 549.0, "ASSET_NAME": "JIM MCPHERSON PARK", "TYPE": "Park", "AMENITIES": "Playground, Sports Field", "ADDRESS": "1255 Victoria Park Ave", "PHONE": "None", "URL": "https://www.toronto.ca/explore-enjoy/parks-recreation/places-spaces/parks-and-recreation-facilities/location/?id=621" }, "geometry": { "type": "MultiPoint", "coordinates": [ [ -79.296223564429198, 43.712378738877398 ] ] } },
{ "type": "Feature", "properties": { "_id": 290, "LOCATIONID": "2207", "ASSET_ID": 189.0, "ASSET_NAME": "CHATER COURT PARK", "TYPE": "Park", "AMENITIES": "Playground", "ADDRESS": "1 Chater Crt", "PHONE": "None", "URL": "https://www.toronto.ca/explore-enjoy/parks-recreation/places-spaces/parks-and-recreation-facilities/location/?id=2207" }, "geometry": { "type": "MultiPoint", "coordinates": [ [ -79.436104306227605, 43.7141502185912 ] ] } },
{ "type": "Feature", "properties": { "_id": 291, "LOCATIONID": "2585", "ASSET_ID": 1496.0, "ASSET_NAME": "PARKVIEW GARDENS", "TYPE": "Park", "AMENITIES": "None", "ADDRESS": "4 Sandra Rd", "PHONE": "None", "URL": "https://www.toronto.ca/explore-enjoy/parks-recreation/places-spaces/parks-and-recreation-facilities/location/?id=2585" }, "geometry": { "type": "MultiPoint", "coordinates": [ [ -79.314913056014603, 43.7049579937148 ] ] } },
{ "type": "Feature", "properties": { "_id": 292, "LOCATIONID": "2788", "ASSET_ID": 44482.0, "ASSET_NAME": "REGENT PARK", "TYPE": "Park", "AMENITIES": "Dog Off-Leash Area, Playground, Washroom", "ADDRESS": "600 Dundas St E", "PHONE": "None", "URL": "https://www.toronto.ca/explore-enjoy/parks-recreation/places-spaces/parks-and-recreation-facilities/location/?id=2788" }, "geometry": { "type": "MultiPoint", "coordinates": [ [ -79.362225460708501, 43.661011698664502 ] ] } },
{ "type": "Feature", "properties": { "_id": 293, "LOCATIONID": "106", "ASSET_ID": 308.0, "ASSET_NAME": "JAY MACPHERSON GREEN", "TYPE": "Park", "AMENITIES": "None", "ADDRESS": "255 Avenue Rd", "PHONE": "None", "URL": "https://www.toronto.ca/explore-enjoy/parks-recreation/places-spaces/parks-and-recreation-facilities/location/?id=106" }, "geometry": { "type": "MultiPoint", "coordinates": [ [ -79.397257434062396, 43.677338360041098 ] ] } },
{ "type": "Feature", "properties": { "_id": 294, "LOCATIONID": "131", "ASSET_ID": 711.0, "ASSET_NAME": "MEMORIAL PARK - NORTH YORK", "TYPE": "Park", "AMENITIES": "Ball Diamond, Outdoor Track, Sports Field", "ADDRESS": "340 Chaplin Cres", "PHONE": "None", "URL": "https://www.toronto.ca/explore-enjoy/parks-recreation/places-spaces/parks-and-recreation-facilities/location/?id=131" }, "geometry": { "type": "MultiPoint", "coordinates": [ [ -79.421000462832595, 43.704882704139401 ] ] } },
{ "type": "Feature", "properties": { "_id": 295, "LOCATIONID": "344", "ASSET_ID": 879.0, "ASSET_NAME": "RIVERDALE PARK WEST", "TYPE": "Park", "AMENITIES": "Ball Diamond, Dog Off-Leash Area, Picnic Site, Washroom", "ADDRESS": "375 Sumach St", "PHONE": "None", "URL": "https://www.toronto.ca/explore-enjoy/parks-recreation/places-spaces/parks-and-recreation-facilities/location/?id=344" }, "geometry": { "type": "MultiPoint", "coordinates": [ [ -79.359680677807503, 43.666438219910397 ] ] } },
{ "type": "Feature", "properties": { "_id": 296, "LOCATIONID": "205", "ASSET_ID": 990.0, "ASSET_NAME": "ST. PATRICKS SQUARE", "TYPE": "Park", "AMENITIES": "None", "ADDRESS": "14 St Patricks Sq", "PHONE": "None", "URL": "https://www.toronto.ca/explore-enjoy/parks-recreation/places-spaces/parks-and-recreation-facilities/location/?id=205" }, "geometry": { "type": "MultiPoint", "coordinates": [ [ -79.390653198981894, 43.650692977723203 ] ] } },
{ "type": "Feature", "properties": { "_id": 297, "LOCATIONID": "232", "ASSET_ID": 236.0, "ASSET_NAME": "COURTHOUSE SQUARE PARK", "TYPE": "Park", "AMENITIES": "None", "ADDRESS": "10 Court St", "PHONE": "None", "URL": "https://www.toronto.ca/explore-enjoy/parks-recreation/places-spaces/parks-and-recreation-facilities/location/?id=232" }, "geometry": { "type": "MultiPoint", "coordinates": [ [ -79.375463785306295, 43.650467293603597 ] ] } },
{ "type": "Feature", "properties": { "_id": 298, "LOCATIONID": "3716", "ASSET_ID": 73382.0, "ASSET_NAME": "167 ARMOUR BLVD PARKETTE", "TYPE": "Park", "AMENITIES": "Playground", "ADDRESS": "167 Armour Blvd", "PHONE": "None", "URL": "https://www.toronto.ca/explore-enjoy/parks-recreation/places-spaces/parks-and-recreation-facilities/location/?id=3716" }, "geometry": { "type": "MultiPoint", "coordinates": [ [ -79.430948853426997, 43.742899774296802 ] ] } },
{ "type": "Feature", "properties": { "_id": 299, "LOCATIONID": "2563", "ASSET_ID": 874.0, "ASSET_NAME": "RIDGE PARK", "TYPE": "Park", "AMENITIES": "Playground, Sports Field", "ADDRESS": "85 Ridge Rd", "PHONE": "None", "URL": "https://www.toronto.ca/explore-enjoy/parks-recreation/places-spaces/parks-and-recreation-facilities/location/?id=2563" }, "geometry": { "type": "MultiPoint", "coordinates": [ [ -79.492419296362002, 43.721515613085501 ] ] } },
{ "type": "Feature", "properties": { "_id": 300, "LOCATIONID": "2434", "ASSET_ID": 1240.0, "ASSET_NAME": "DON MILLS TRAIL", "TYPE": "Park", "AMENITIES": "None", "ADDRESS": "813 Lawrence Ave E", "PHONE": "None", "URL": "https://www.toronto.ca/explore-enjoy/parks-recreation/places-spaces/parks-and-recreation-facilities/location/?id=2434" }, "geometry": { "type": "MultiPoint", "coordinates": [ [ -79.3523465794418, 43.747811581232703 ] ] } },
{ "type": "Feature", "properties": { "_id": 301, "LOCATIONID": "2137", "ASSET_ID": 79.0, "ASSET_NAME": "BELLAMY PARK", "TYPE": "Park", "AMENITIES": "Playground", "ADDRESS": "110 Bellamy Rd S", "PHONE": "None", "URL": "https://www.toronto.ca/explore-enjoy/parks-recreation/places-spaces/parks-and-recreation-facilities/location/?id=2137" }, "geometry": { "type": "MultiPoint", "coordinates": [ [ -79.228579895722206, 43.740291034689001 ] ] } },
{ "type": "Feature", "properties": { "_id": 302, "LOCATIONID": "3698", "ASSET_ID": 58662.0, "ASSET_NAME": "MONTGOMERY SQUARE PARK", "TYPE": "Park", "AMENITIES": "None", "ADDRESS": "2384 Yonge St", "PHONE": "None", "URL": "https://www.toronto.ca/explore-enjoy/parks-recreation/places-spaces/parks-and-recreation-facilities/location/?id=3698" }, "geometry": { "type": "MultiPoint", "coordinates": [ [ -79.399121058908406, 43.709325060508 ] ] } },
{ "type": "Feature", "properties": { "_id": 303, "LOCATIONID": "3706", "ASSET_ID": 76702.0, "ASSET_NAME": "BESSBOROUGH PARKETTE", "TYPE": "Park", "AMENITIES": "None", "ADDRESS": "270 Bessborough Dr", "PHONE": "None", "URL": "https://www.toronto.ca/explore-enjoy/parks-recreation/places-spaces/parks-and-recreation-facilities/location/?id=3706" }, "geometry": { "type": "MultiPoint", "coordinates": [ [ -79.374555208668795, 43.711790598359102 ] ] } },
{ "type": "Feature", "properties": { "_id": 304, "LOCATIONID": "3730", "ASSET_ID": 78239.0, "ASSET_NAME": "JOSHUA GLOVER PARK", "TYPE": "Park", "AMENITIES": "Outdoor Fitness Equipment, Playground", "ADDRESS": "25 Ackley Hts", "PHONE": "None", "URL": "https://www.toronto.ca/explore-enjoy/parks-recreation/places-spaces/parks-and-recreation-facilities/location/?id=3730" }, "geometry": { "type": "MultiPoint", "coordinates": [ [ -79.513176783850994, 43.660676068081401 ] ] } },
{ "type": "Feature", "properties": { "_id": 305, "LOCATIONID": "2521", "ASSET_ID": 1307.0, "ASSET_NAME": "MANOR PARK", "TYPE": "Park", "AMENITIES": "None", "ADDRESS": "8 Manorpark Crt", "PHONE": "None", "URL": "https://www.toronto.ca/explore-enjoy/parks-recreation/places-spaces/parks-and-recreation-facilities/location/?id=2521" }, "geometry": { "type": "MultiPoint", "coordinates": [ [ -79.359353783649297, 43.768664329124199 ] ] } },
{ "type": "Feature", "properties": { "_id": 306, "LOCATIONID": "65", "ASSET_ID": 749.0, "ASSET_NAME": "NEIL MCLELLAN PARK", "TYPE": "Park", "AMENITIES": "Playground", "ADDRESS": "263 Beresford Ave", "PHONE": "None", "URL": "https://www.toronto.ca/explore-enjoy/parks-recreation/places-spaces/parks-and-recreation-facilities/location/?id=65" }, "geometry": { "type": "MultiPoint", "coordinates": [ [ -79.4771619698206, 43.6514988017246 ] ] } },
{ "type": "Feature", "properties": { "_id": 307, "LOCATIONID": "2518", "ASSET_ID": 800.0, "ASSET_NAME": "PAPERBIRCH WALKWAY", "TYPE": "Park", "AMENITIES": "None", "ADDRESS": "48 A Paperbirch Dr", "PHONE": "None", "URL": "https://www.toronto.ca/explore-enjoy/parks-recreation/places-spaces/parks-and-recreation-facilities/location/?id=2518" }, "geometry": { "type": "MultiPoint", "coordinates": [ [ -79.349913843230894, 43.734902280059103 ] ] } },
{ "type": "Feature", "properties": { "_id": 308, "LOCATIONID": "2081", "ASSET_ID": 1034.0, "ASSET_NAME": "THISTLETOWN PARK", "TYPE": "Park", "AMENITIES": "None", "ADDRESS": "1265 Albion Rd", "PHONE": "None", "URL": "https://www.toronto.ca/explore-enjoy/parks-recreation/places-spaces/parks-and-recreation-facilities/location/?id=2081" }, "geometry": { "type": "MultiPoint", "coordinates": [ [ -79.568148670124302, 43.736312908132099 ] ] } },
{ "type": "Feature", "properties": { "_id": 309, "LOCATIONID": "221", "ASSET_ID": 1006.0, "ASSET_NAME": "LOUIS MARCH PARK", "TYPE": "Park", "AMENITIES": "Dog Off-Leash Area, Playground", "ADDRESS": "485 Shuter St", "PHONE": "None", "URL": "https://www.toronto.ca/explore-enjoy/parks-recreation/places-spaces/parks-and-recreation-facilities/location/?id=221" }, "geometry": { "type": "MultiPoint", "coordinates": [ [ -79.358748341845697, 43.658327187454702 ] ] } },
{ "type": "Feature", "properties": { "_id": 310, "LOCATIONID": "2652", "ASSET_ID": 734.0, "ASSET_NAME": "MOOREGATE PARK", "TYPE": "Park", "AMENITIES": "Playground", "ADDRESS": "164 Treverton Dr", "PHONE": "None", "URL": "https://www.toronto.ca/explore-enjoy/parks-recreation/places-spaces/parks-and-recreation-facilities/location/?id=2652" }, "geometry": { "type": "MultiPoint", "coordinates": [ [ -79.268707423091101, 43.740832220329203 ] ] } },
{ "type": "Feature", "properties": { "_id": 311, "LOCATIONID": "5", "ASSET_ID": 276.0, "ASSET_NAME": "DERRYDOWNS PARK", "TYPE": "Park", "AMENITIES": "Firepit, Washroom", "ADDRESS": "271 Derrydown Rd", "PHONE": "None", "URL": "https://www.toronto.ca/explore-enjoy/parks-recreation/places-spaces/parks-and-recreation-facilities/location/?id=5" }, "geometry": { "type": "MultiPoint", "coordinates": [ [ -79.509610718935306, 43.752491580845103 ] ] } },
{ "type": "Feature", "properties": { "_id": 312, "LOCATIONID": "2738", "ASSET_ID": 726.0, "ASSET_NAME": "MOCCASIN TRAIL PARK", "TYPE": "Park", "AMENITIES": "None", "ADDRESS": "55 Green Belt Dr", "PHONE": "None", "URL": "https://www.toronto.ca/explore-enjoy/parks-recreation/places-spaces/parks-and-recreation-facilities/location/?id=2738" }, "geometry": { "type": "MultiPoint", "coordinates": [ [ -79.333300432201497, 43.733579804838001 ] ] } },
{ "type": "Feature", "properties": { "_id": 313, "LOCATIONID": "857", "ASSET_ID": 794.0, "ASSET_NAME": "OURLAND PARK", "TYPE": "Park", "AMENITIES": "Ball Diamond, Basketball Court, Pickleball Court, Playground, Sports Field, Tennis Court, Washroom", "ADDRESS": "18 Ourland Ave", "PHONE": "None", "URL": "https://www.toronto.ca/explore-enjoy/parks-recreation/places-spaces/parks-and-recreation-facilities/location/?id=857" }, "geometry": { "type": "MultiPoint", "coordinates": [ [ -79.5086950991317, 43.615551702245298 ] ] } },
{ "type": "Feature", "properties": { "_id": 314, "LOCATIONID": "2063", "ASSET_ID": 845.0, "ASSET_NAME": "QUEENS AVENUE PARKETTE", "TYPE": "Park", "AMENITIES": "Playground", "ADDRESS": "94 Superior Ave", "PHONE": "None", "URL": "https://www.toronto.ca/explore-enjoy/parks-recreation/places-spaces/parks-and-recreation-facilities/location/?id=2063" }, "geometry": { "type": "MultiPoint", "coordinates": [ [ -79.493067535318204, 43.616453782571298 ] ] } },
{ "type": "Feature", "properties": { "_id": 315, "LOCATIONID": "2445", "ASSET_ID": 589.0, "ASSET_NAME": "KITCHENER PARK", "TYPE": "Park", "AMENITIES": "Ball Diamond, Playground", "ADDRESS": "20 Lorraine Ave", "PHONE": "None", "URL": "https://www.toronto.ca/explore-enjoy/parks-recreation/places-spaces/parks-and-recreation-facilities/location/?id=2445" }, "geometry": { "type": "MultiPoint", "coordinates": [ [ -79.253612551689898, 43.731954160600097 ] ] } },
{ "type": "Feature", "properties": { "_id": 316, "LOCATIONID": "491", "ASSET_ID": 34.0, "ASSET_NAME": "ANCASTER PARK", "TYPE": "Park", "AMENITIES": "Ball Diamond, Pickleball Court, Playground, Sports Field, Tennis Court", "ADDRESS": "43 Ancaster Rd", "PHONE": "None", "URL": "https://www.toronto.ca/explore-enjoy/parks-recreation/places-spaces/parks-and-recreation-facilities/location/?id=491" }, "geometry": { "type": "MultiPoint", "coordinates": [ [ -79.465505224881795, 43.733425240004202 ] ] } },
{ "type": "Feature", "properties": { "_id": 317, "LOCATIONID": "2200", "ASSET_ID": 176.0, "ASSET_NAME": "CHAMPLAIN PARKETTE", "TYPE": "Park", "AMENITIES": "Pickleball Court, Playground, Tennis Court", "ADDRESS": "50 Champlain Blvd", "PHONE": "None", "URL": "https://www.toronto.ca/explore-enjoy/parks-recreation/places-spaces/parks-and-recreation-facilities/location/?id=2200" }, "geometry": { "type": "MultiPoint", "coordinates": [ [ -79.444269056729794, 43.732136406351998 ] ] } },
{ "type": "Feature", "properties": { "_id": 318, "LOCATIONID": "994", "ASSET_ID": 657.0, "ASSET_NAME": "MARY HARKER PARK", "TYPE": "Park", "AMENITIES": "Outdoor Fitness Equipment, Playground", "ADDRESS": "10 Four Leaf Dr", "PHONE": "None", "URL": "https://www.toronto.ca/explore-enjoy/parks-recreation/places-spaces/parks-and-recreation-facilities/location/?id=994" }, "geometry": { "type": "MultiPoint", "coordinates": [ [ -79.593188285237702, 43.731467634275603 ] ] } },
{ "type": "Feature", "properties": { "_id": 319, "LOCATIONID": "488", "ASSET_ID": 192.0, "ASSET_NAME": "CHELTENHAM PARK", "TYPE": "Park", "AMENITIES": "Ball Diamond, Sports Field", "ADDRESS": "43 Mildenhall Rd", "PHONE": "None", "URL": "https://www.toronto.ca/explore-enjoy/parks-recreation/places-spaces/parks-and-recreation-facilities/location/?id=488" }, "geometry": { "type": "MultiPoint", "coordinates": [ [ -79.385180616714607, 43.726670275902002 ] ] } },
{ "type": "Feature", "properties": { "_id": 320, "LOCATIONID": "2670", "ASSET_ID": 1090.0, "ASSET_NAME": "WARRENDER PARK", "TYPE": "Park", "AMENITIES": "Playground", "ADDRESS": "63 Warrender Ave", "PHONE": "None", "URL": "https://www.toronto.ca/explore-enjoy/parks-recreation/places-spaces/parks-and-recreation-facilities/location/?id=2670" }, "geometry": { "type": "MultiPoint", "coordinates": [ [ -79.554519965656397, 43.674988899573499 ] ] } },
{ "type": "Feature", "properties": { "_id": 321, "LOCATIONID": "374", "ASSET_ID": 1339.0, "ASSET_NAME": "HAROLD TOWN PARK", "TYPE": "Park", "AMENITIES": "None", "ADDRESS": "725 Church St", "PHONE": "None", "URL": "https://www.toronto.ca/explore-enjoy/parks-recreation/places-spaces/parks-and-recreation-facilities/location/?id=374" }, "geometry": { "type": "MultiPoint", "coordinates": [ [ -79.386259429724504, 43.672747560511297 ] ] } },
{ "type": "Feature", "properties": { "_id": 322, "LOCATIONID": "241", "ASSET_ID": 1058.0, "ASSET_NAME": "TRINITY BELLWOODS PARK", "TYPE": "Park", "AMENITIES": "Ball Diamond, Dog Off-Leash Area, Outdoor Dry Pad, Pickleball Court, Picnic Site, Playground, Tennis Court, Washroom", "ADDRESS": "790 Queen St W", "PHONE": "None", "URL": "https://www.toronto.ca/explore-enjoy/parks-recreation/places-spaces/parks-and-recreation-facilities/location/?id=241" }, "geometry": { "type": "MultiPoint", "coordinates": [ [ -79.414303601425502, 43.647793480744497 ] ] } },
{ "type": "Feature", "properties": { "_id": 323, "LOCATIONID": "150", "ASSET_ID": 854.0, "ASSET_NAME": "RANDY PADMORE PARK", "TYPE": "Park", "AMENITIES": "Playground", "ADDRESS": "47 Denison Ave", "PHONE": "None", "URL": "https://www.toronto.ca/explore-enjoy/parks-recreation/places-spaces/parks-and-recreation-facilities/location/?id=150" }, "geometry": { "type": "MultiPoint", "coordinates": [ [ -79.400846203692296, 43.649810769494799 ] ] } },
{ "type": "Feature", "properties": { "_id": 324, "LOCATIONID": "137", "ASSET_ID": 56.0, "ASSET_NAME": "BAIRD PARK", "TYPE": "Park", "AMENITIES": "Dog Off-Leash Area, Outdoor Ping Pong/Table Tennis, Playground, Washroom", "ADDRESS": "275 Keele St", "PHONE": "None", "URL": "https://www.toronto.ca/explore-enjoy/parks-recreation/places-spaces/parks-and-recreation-facilities/location/?id=137" }, "geometry": { "type": "MultiPoint", "coordinates": [ [ -79.462593004105798, 43.662378640087603 ] ] } },
{ "type": "Feature", "properties": { "_id": 325, "LOCATIONID": "2031", "ASSET_ID": 230.0, "ASSET_NAME": "CORONATION PARK - YORK", "TYPE": "Park", "AMENITIES": "Ball Diamond, Basketball Court, Outdoor Dry Pad, Outdoor Fitness Equipment, Outdoor Ping Pong/Table Tennis, Playground", "ADDRESS": "2700 Eglinton Ave W", "PHONE": "None", "URL": "https://www.toronto.ca/explore-enjoy/parks-recreation/places-spaces/parks-and-recreation-facilities/location/?id=2031" }, "geometry": { "type": "MultiPoint", "coordinates": [ [ -79.479772030236305, 43.690991460120699 ] ] } },
{ "type": "Feature", "properties": { "_id": 326, "LOCATIONID": "60", "ASSET_ID": 696.0, "ASSET_NAME": "MCCORMICK PARK", "TYPE": "Park", "AMENITIES": "Ball Diamond, Basketball Court, Playground", "ADDRESS": "66 Sheridan Ave", "PHONE": "None", "URL": "https://www.toronto.ca/explore-enjoy/parks-recreation/places-spaces/parks-and-recreation-facilities/location/?id=60" }, "geometry": { "type": "MultiPoint", "coordinates": [ [ -79.433538886602307, 43.647073507912303 ] ] } },
{ "type": "Feature", "properties": { "_id": 327, "LOCATIONID": "429", "ASSET_ID": 561.0, "ASSET_NAME": "JOSHUA CRONKWRIGHT PARKETTE", "TYPE": "Park", "AMENITIES": "Outdoor Ping Pong/Table Tennis, Playground", "ADDRESS": "504 Dawes Rd", "PHONE": "None", "URL": "https://www.toronto.ca/explore-enjoy/parks-recreation/places-spaces/parks-and-recreation-facilities/location/?id=429" }, "geometry": { "type": "MultiPoint", "coordinates": [ [ -79.297362116461898, 43.703749663609301 ] ] } },
{ "type": "Feature", "properties": { "_id": 328, "LOCATIONID": "2611", "ASSET_ID": 1276.0, "ASSET_NAME": "DUNCAN C. LITTLE PARK", "TYPE": "Park", "AMENITIES": "None", "ADDRESS": "2532 St Clair Ave E", "PHONE": "None", "URL": "https://www.toronto.ca/explore-enjoy/parks-recreation/places-spaces/parks-and-recreation-facilities/location/?id=2611" }, "geometry": { "type": "MultiPoint", "coordinates": [ [ -79.320298734084801, 43.704259123379799 ] ] } },
{ "type": "Feature", "properties": { "_id": 329, "LOCATIONID": "2605", "ASSET_ID": 654.0, "ASSET_NAME": "LUCY TOT LOT", "TYPE": "Park", "AMENITIES": "Playground", "ADDRESS": "2 Sneath Ave", "PHONE": "None", "URL": "https://www.toronto.ca/explore-enjoy/parks-recreation/places-spaces/parks-and-recreation-facilities/location/?id=2605" }, "geometry": { "type": "MultiPoint", "coordinates": [ [ -79.285584479980798, 43.690830426729299 ] ] } },
{ "type": "Feature", "properties": { "_id": 330, "LOCATIONID": "2405", "ASSET_ID": 578.0, "ASSET_NAME": "KENWORTHY PARK", "TYPE": "Park", "AMENITIES": "Playground", "ADDRESS": "2 A Kenworthy Ave", "PHONE": "None", "URL": "https://www.toronto.ca/explore-enjoy/parks-recreation/places-spaces/parks-and-recreation-facilities/location/?id=2405" }, "geometry": { "type": "MultiPoint", "coordinates": [ [ -79.283284647791604, 43.690590858807603 ] ] } },
{ "type": "Feature", "properties": { "_id": 331, "LOCATIONID": "2030", "ASSET_ID": 413.0, "ASSET_NAME": "GLEDHILL PARK", "TYPE": "Park", "AMENITIES": "Playground", "ADDRESS": "125 Gledhill Ave", "PHONE": "None", "URL": "https://www.toronto.ca/explore-enjoy/parks-recreation/places-spaces/parks-and-recreation-facilities/location/?id=2030" }, "geometry": { "type": "MultiPoint", "coordinates": [ [ -79.309912313219201, 43.690849797915703 ] ] } },
{ "type": "Feature", "properties": { "_id": 332, "LOCATIONID": "2739", "ASSET_ID": 1290.0, "ASSET_NAME": "EGLINTON - GILBERT PARKETTE", "TYPE": "Park", "AMENITIES": "None", "ADDRESS": "504 Gilbert Ave", "PHONE": "None", "URL": "https://www.toronto.ca/explore-enjoy/parks-recreation/places-spaces/parks-and-recreation-facilities/location/?id=2739" }, "geometry": { "type": "MultiPoint", "coordinates": [ [ -79.463719490153906, 43.69216709418 ] ] } },
{ "type": "Feature", "properties": { "_id": 333, "LOCATIONID": "185", "ASSET_ID": 1479.0, "ASSET_NAME": "RIDGEWOOD PARKETTE", "TYPE": "Park", "AMENITIES": "None", "ADDRESS": "24 Ridgewood Rd", "PHONE": "None", "URL": "https://www.toronto.ca/explore-enjoy/parks-recreation/places-spaces/parks-and-recreation-facilities/location/?id=185" }, "geometry": { "type": "MultiPoint", "coordinates": [ [ -79.421518669891995, 43.691654376312002 ] ] } },
{ "type": "Feature", "properties": { "_id": 334, "LOCATIONID": "227", "ASSET_ID": 1019.0, "ASSET_NAME": "TADDLE CREEK PARK", "TYPE": "Park", "AMENITIES": "Playground", "ADDRESS": "40 Bedford Rd", "PHONE": "None", "URL": "https://www.toronto.ca/explore-enjoy/parks-recreation/places-spaces/parks-and-recreation-facilities/location/?id=227" }, "geometry": { "type": "MultiPoint", "coordinates": [ [ -79.398747782818802, 43.669932068373797 ] ] } },
{ "type": "Feature", "properties": { "_id": 335, "LOCATIONID": "181", "ASSET_ID": 868.0, "ASSET_NAME": "RENNIE PARK", "TYPE": "Park", "AMENITIES": "Picnic Site, Playground, Tennis Court, Washroom", "ADDRESS": "1 Rennie Ter", "PHONE": "None", "URL": "https://www.toronto.ca/explore-enjoy/parks-recreation/places-spaces/parks-and-recreation-facilities/location/?id=181" }, "geometry": { "type": "MultiPoint", "coordinates": [ [ -79.472249187748602, 43.6425865328304 ] ] } },
{ "type": "Feature", "properties": { "_id": 336, "LOCATIONID": "940", "ASSET_ID": 245.0, "ASSET_NAME": "CRONIN PARK", "TYPE": "Park", "AMENITIES": "Playground", "ADDRESS": "34 Lorene Dr", "PHONE": "None", "URL": "https://www.toronto.ca/explore-enjoy/parks-recreation/places-spaces/parks-and-recreation-facilities/location/?id=940" }, "geometry": { "type": "MultiPoint", "coordinates": [ [ -79.556599282028799, 43.646004412823601 ] ] } },
{ "type": "Feature", "properties": { "_id": 337, "LOCATIONID": "2271", "ASSET_ID": 603.0, "ASSET_NAME": "LANGDALE COURT GREENBELT", "TYPE": "Park", "AMENITIES": "None", "ADDRESS": "107 Driftwood Ave", "PHONE": "None", "URL": "https://www.toronto.ca/explore-enjoy/parks-recreation/places-spaces/parks-and-recreation-facilities/location/?id=2271" }, "geometry": { "type": "MultiPoint", "coordinates": [ [ -79.512726556566903, 43.754831677878599 ] ] } },
{ "type": "Feature", "properties": { "_id": 338, "LOCATIONID": "946", "ASSET_ID": 228.0, "ASSET_NAME": "CORONATION PARK - ETOBICOKE", "TYPE": "Park", "AMENITIES": "Playground", "ADDRESS": "10 Judson St", "PHONE": "None", "URL": "https://www.toronto.ca/explore-enjoy/parks-recreation/places-spaces/parks-and-recreation-facilities/location/?id=946" }, "geometry": { "type": "MultiPoint", "coordinates": [ [ -79.499628809431698, 43.6162587424663 ] ] } },
{ "type": "Feature", "properties": { "_id": 339, "LOCATIONID": "3837", "ASSET_ID": 968786.0, "ASSET_NAME": "LESLIE LOOKOUT PARK", "TYPE": "Park", "AMENITIES": "Beach", "ADDRESS": "12 Leslie St", "PHONE": "None", "URL": "https://www.toronto.ca/explore-enjoy/parks-recreation/places-spaces/parks-and-recreation-facilities/location/?id=3837" }, "geometry": { "type": "MultiPoint", "coordinates": [ [ -79.324611800663007, 43.653553885684502 ] ] } },
{ "type": "Feature", "properties": { "_id": 340, "LOCATIONID": "134", "ASSET_ID": 713.0, "ASSET_NAME": "MERRILL BRIDGE ROAD PARK", "TYPE": "Park", "AMENITIES": "Dog Off-Leash Area", "ADDRESS": "1 Lynn Ave", "PHONE": "None", "URL": "https://www.toronto.ca/explore-enjoy/parks-recreation/places-spaces/parks-and-recreation-facilities/location/?id=134" }, "geometry": { "type": "MultiPoint", "coordinates": [ [ -79.314943590116798, 43.681220413112896 ] ] } },
{ "type": "Feature", "properties": { "_id": 341, "LOCATIONID": "2348", "ASSET_ID": 1190.0, "ASSET_NAME": "BENNETT PARK", "TYPE": "Park", "AMENITIES": "None", "ADDRESS": "10 Gothic Ave", "PHONE": "None", "URL": "https://www.toronto.ca/explore-enjoy/parks-recreation/places-spaces/parks-and-recreation-facilities/location/?id=2348" }, "geometry": { "type": "MultiPoint", "coordinates": [ [ -79.467507503846406, 43.653756715180201 ] ] } },
{ "type": "Feature", "properties": { "_id": 342, "LOCATIONID": "1884", "ASSET_ID": 781.0, "ASSET_NAME": "OLD MILL SITE PARK", "TYPE": "Park", "AMENITIES": "Tennis Court", "ADDRESS": "5 Catherine St", "PHONE": "None", "URL": "https://www.toronto.ca/explore-enjoy/parks-recreation/places-spaces/parks-and-recreation-facilities/location/?id=1884" }, "geometry": { "type": "MultiPoint", "coordinates": [ [ -79.490238693681903, 43.650854692669498 ] ] } },
{ "type": "Feature", "properties": { "_id": 343, "LOCATIONID": "973", "ASSET_ID": 1314.0, "ASSET_NAME": "GARLAND PARK", "TYPE": "Park", "AMENITIES": "None", "ADDRESS": "65 John Garland Blvd", "PHONE": "None", "URL": "https://www.toronto.ca/explore-enjoy/parks-recreation/places-spaces/parks-and-recreation-facilities/location/?id=973" }, "geometry": { "type": "MultiPoint", "coordinates": [ [ -79.583034155062705, 43.732190078561899 ] ] } },
{ "type": "Feature", "properties": { "_id": 344, "LOCATIONID": "2663", "ASSET_ID": 672.0, "ASSET_NAME": "MAPLE CLAIRE PARK", "TYPE": "Park", "AMENITIES": "Playground", "ADDRESS": "20 Viella St", "PHONE": "None", "URL": "https://www.toronto.ca/explore-enjoy/parks-recreation/places-spaces/parks-and-recreation-facilities/location/?id=2663" }, "geometry": { "type": "MultiPoint", "coordinates": [ [ -79.472884614356104, 43.6726461439766 ] ] } },
{ "type": "Feature", "properties": { "_id": 345, "LOCATIONID": "318", "ASSET_ID": 1468.0, "ASSET_NAME": "PRINCE EDWARD VIADUCT PARKETTE", "TYPE": "Park", "AMENITIES": "None", "ADDRESS": "725 Bloor St E", "PHONE": "None", "URL": "https://www.toronto.ca/explore-enjoy/parks-recreation/places-spaces/parks-and-recreation-facilities/location/?id=318" }, "geometry": { "type": "MultiPoint", "coordinates": [ [ -79.368118533632696, 43.674319720796397 ] ] } },
{ "type": "Feature", "properties": { "_id": 346, "LOCATIONID": "555", "ASSET_ID": 198.0, "ASSET_NAME": "CHURCHILL HEIGHTS PARK", "TYPE": "Park", "AMENITIES": "Ball Diamond, Playground", "ADDRESS": "60 Mountland Dr", "PHONE": "None", "URL": "https://www.toronto.ca/explore-enjoy/parks-recreation/places-spaces/parks-and-recreation-facilities/location/?id=555" }, "geometry": { "type": "MultiPoint", "coordinates": [ [ -79.224771309737903, 43.771479277031901 ] ] } },
{ "type": "Feature", "properties": { "_id": 347, "LOCATIONID": "1007", "ASSET_ID": 357.0, "ASSET_NAME": "FAIRHAVEN PARK", "TYPE": "Park", "AMENITIES": "Basketball Court, Outdoor Fitness Equipment, Playground, Washroom", "ADDRESS": "100 Golfwood Hts", "PHONE": "None", "URL": "https://www.toronto.ca/explore-enjoy/parks-recreation/places-spaces/parks-and-recreation-facilities/location/?id=1007" }, "geometry": { "type": "MultiPoint", "coordinates": [ [ -79.546147323456196, 43.702555909482598 ] ] } },
{ "type": "Feature", "properties": { "_id": 348, "LOCATIONID": "666", "ASSET_ID": 1029.0, "ASSET_NAME": "TERRY FOX PARK", "TYPE": "Park", "AMENITIES": "Cricket Pitch Field, Playground, Sports Field", "ADDRESS": "300 Bamburgh Crcl", "PHONE": "None", "URL": "https://www.toronto.ca/explore-enjoy/parks-recreation/places-spaces/parks-and-recreation-facilities/location/?id=666" }, "geometry": { "type": "MultiPoint", "coordinates": [ [ -79.320013842871404, 43.814435958790199 ] ] } },
{ "type": "Feature", "properties": { "_id": 349, "LOCATIONID": "2191", "ASSET_ID": 1221.0, "ASSET_NAME": "CARSTOWE ROAD LANDS", "TYPE": "Park", "AMENITIES": "None", "ADDRESS": "151 Carstowe Rd", "PHONE": "None", "URL": "https://www.toronto.ca/explore-enjoy/parks-recreation/places-spaces/parks-and-recreation-facilities/location/?id=2191" }, "geometry": { "type": "MultiPoint", "coordinates": [ [ -79.375689365612203, 43.6869688106841 ] ] } },
{ "type": "Feature", "properties": { "_id": 350, "LOCATIONID": "2640", "ASSET_ID": 393.0, "ASSET_NAME": "GAFFNEY PARK", "TYPE": "Park", "AMENITIES": "Outdoor Fitness Equipment, Playground", "ADDRESS": "73 Terry Dr", "PHONE": "None", "URL": "https://www.toronto.ca/explore-enjoy/parks-recreation/places-spaces/parks-and-recreation-facilities/location/?id=2640" }, "geometry": { "type": "MultiPoint", "coordinates": [ [ -79.484536312705004, 43.672389993941103 ] ] } },
{ "type": "Feature", "properties": { "_id": 351, "LOCATIONID": "3461", "ASSET_ID": 46828.0, "ASSET_NAME": "PAGE PARKETTE", "TYPE": "Park", "AMENITIES": "Playground", "ADDRESS": "23 Valliere Pl", "PHONE": "None", "URL": "https://www.toronto.ca/explore-enjoy/parks-recreation/places-spaces/parks-and-recreation-facilities/location/?id=3461" }, "geometry": { "type": "MultiPoint", "coordinates": [ [ -79.383119524948995, 43.783140740556298 ] ] } },
{ "type": "Feature", "properties": { "_id": 352, "LOCATIONID": "616", "ASSET_ID": 647.0, "ASSET_NAME": "LORD ROBERTS WOODS", "TYPE": "Park", "AMENITIES": "Playground", "ADDRESS": "155 Lord Roberts Dr", "PHONE": "None", "URL": "https://www.toronto.ca/explore-enjoy/parks-recreation/places-spaces/parks-and-recreation-facilities/location/?id=616" }, "geometry": { "type": "MultiPoint", "coordinates": [ [ -79.265456545020498, 43.741467544345497 ] ] } },
{ "type": "Feature", "properties": { "_id": 353, "LOCATIONID": "589", "ASSET_ID": 274.0, "ASSET_NAME": "DENSGROVE PARK", "TYPE": "Park", "AMENITIES": "Ball Diamond, Playground", "ADDRESS": "75 Hiscock Blvd", "PHONE": "None", "URL": "https://www.toronto.ca/explore-enjoy/parks-recreation/places-spaces/parks-and-recreation-facilities/location/?id=589" }, "geometry": { "type": "MultiPoint", "coordinates": [ [ -79.221906241325101, 43.765724599952499 ] ] } },
{ "type": "Feature", "properties": { "_id": 354, "LOCATIONID": "327", "ASSET_ID": 278.0, "ASSET_NAME": "DIEPPE PARK", "TYPE": "Park", "AMENITIES": "Ball Diamond, Outdoor Dry Pad, Outdoor Ping Pong/Table Tennis, Pickleball Court, Playground, Sports Field, Washroom", "ADDRESS": "455 Cosburn Ave", "PHONE": "None", "URL": "https://www.toronto.ca/explore-enjoy/parks-recreation/places-spaces/parks-and-recreation-facilities/location/?id=327" }, "geometry": { "type": "MultiPoint", "coordinates": [ [ -79.335459083296897, 43.6916121309212 ] ] } },
{ "type": "Feature", "properties": { "_id": 355, "LOCATIONID": "2506", "ASSET_ID": 2093.0, "ASSET_NAME": "OLD MILL PARKETTE", "TYPE": "Park", "AMENITIES": "None", "ADDRESS": "5 Mill Rd", "PHONE": "None", "URL": "https://www.toronto.ca/explore-enjoy/parks-recreation/places-spaces/parks-and-recreation-facilities/location/?id=2506" }, "geometry": { "type": "MultiPoint", "coordinates": [ [ -79.492517870591598, 43.6510249992794 ] ] } },
{ "type": "Feature", "properties": { "_id": 356, "LOCATIONID": "847", "ASSET_ID": 599.0, "ASSET_NAME": "LAMBTON - KINGSWAY PARK", "TYPE": "Park", "AMENITIES": "Ball Diamond, Pickleball Court, Playground, Tennis Court, Washroom", "ADDRESS": "37 Marquis Ave", "PHONE": "None", "URL": "https://www.toronto.ca/explore-enjoy/parks-recreation/places-spaces/parks-and-recreation-facilities/location/?id=847" }, "geometry": { "type": "MultiPoint", "coordinates": [ [ -79.5078062966722, 43.657582554811903 ] ] } },
{ "type": "Feature", "properties": { "_id": 357, "LOCATIONID": "684", "ASSET_ID": 525.0, "ASSET_NAME": "INGLEWOOD HEIGHTS PARK", "TYPE": "Park", "AMENITIES": "Playground", "ADDRESS": "91 Allanford Rd", "PHONE": "None", "URL": "https://www.toronto.ca/explore-enjoy/parks-recreation/places-spaces/parks-and-recreation-facilities/location/?id=684" }, "geometry": { "type": "MultiPoint", "coordinates": [ [ -79.291581986393297, 43.778343538968301 ] ] } },
{ "type": "Feature", "properties": { "_id": 358, "LOCATIONID": "674", "ASSET_ID": 606.0, "ASSET_NAME": "LANYARD PARK", "TYPE": "Park", "AMENITIES": "Ball Diamond, Basketball Court, Outdoor Fitness Equipment, Pickleball Court, Playground, Tennis Court", "ADDRESS": "138 Lanyard Rd", "PHONE": "None", "URL": "https://www.toronto.ca/explore-enjoy/parks-recreation/places-spaces/parks-and-recreation-facilities/location/?id=674" }, "geometry": { "type": "MultiPoint", "coordinates": [ [ -79.5486740558148, 43.747515800910001 ] ] } },
{ "type": "Feature", "properties": { "_id": 359, "LOCATIONID": "149", "ASSET_ID": 947.0, "ASSET_NAME": "SHERWOOD PARK", "TYPE": "Park", "AMENITIES": "Ball Diamond, Dog Off-Leash Area, Picnic Site, Playground, Washroom", "ADDRESS": "190 Sherwood Ave", "PHONE": "None", "URL": "https://www.toronto.ca/explore-enjoy/parks-recreation/places-spaces/parks-and-recreation-facilities/location/?id=149" }, "geometry": { "type": "MultiPoint", "coordinates": [ [ -79.386674701004296, 43.716763589548201 ] ] } },
{ "type": "Feature", "properties": { "_id": 360, "LOCATIONID": "398", "ASSET_ID": 1985.0, "ASSET_NAME": "TAM O'SHANTER GOLF COURSE", "TYPE": "Park", "AMENITIES": "Washroom", "ADDRESS": "2481 Birchmount Rd", "PHONE": "None", "URL": "https://www.toronto.ca/explore-enjoy/parks-recreation/places-spaces/parks-and-recreation-facilities/location/?id=398" }, "geometry": { "type": "MultiPoint", "coordinates": [ [ -79.296123945142099, 43.789057858569997 ] ] } },
{ "type": "Feature", "properties": { "_id": 361, "LOCATIONID": "1663", "ASSET_ID": 503.0, "ASSET_NAME": "HTO PARK", "TYPE": "Park", "AMENITIES": "Beach", "ADDRESS": "339 Queens Quay W", "PHONE": "None", "URL": "https://www.toronto.ca/explore-enjoy/parks-recreation/places-spaces/parks-and-recreation-facilities/location/?id=1663" }, "geometry": { "type": "MultiPoint", "coordinates": [ [ -79.388172441357298, 43.637808032924099 ] ] } },
{ "type": "Feature", "properties": { "_id": 362, "LOCATIONID": "2785", "ASSET_ID": 43202.0, "ASSET_NAME": "MABERLEY PARKETTE", "TYPE": "Park", "AMENITIES": "Playground", "ADDRESS": "76 Maberley Cres", "PHONE": "None", "URL": "https://www.toronto.ca/explore-enjoy/parks-recreation/places-spaces/parks-and-recreation-facilities/location/?id=2785" }, "geometry": { "type": "MultiPoint", "coordinates": [ [ -79.1290826024387, 43.784805259408699 ] ] } },
{ "type": "Feature", "properties": { "_id": 363, "LOCATIONID": "3742", "ASSET_ID": 59602.0, "ASSET_NAME": "ALLENBURY PARK", "TYPE": "Park", "AMENITIES": "Outdoor Fitness Equipment, Outdoor Ping Pong/Table Tennis, Playground", "ADDRESS": "160 Fairview Mall Dr", "PHONE": "None", "URL": "https://www.toronto.ca/explore-enjoy/parks-recreation/places-spaces/parks-and-recreation-facilities/location/?id=3742" }, "geometry": { "type": "MultiPoint", "coordinates": [ [ -79.343507126750197, 43.780190423313698 ] ] } },
{ "type": "Feature", "properties": { "_id": 364, "LOCATIONID": "3852", "ASSET_ID": 684.0, "ASSET_NAME": "EVERETT PARK", "TYPE": "Park", "AMENITIES": "None", "ADDRESS": "10 Everett Cres", "PHONE": "None", "URL": "https://www.toronto.ca/explore-enjoy/parks-recreation/places-spaces/parks-and-recreation-facilities/location/?id=3852" }, "geometry": { "type": "MultiPoint", "coordinates": [ [ -79.310380049122699, 43.695622510304197 ] ] } },
{ "type": "Feature", "properties": { "_id": 365, "LOCATIONID": "520", "ASSET_ID": 1189.0, "ASSET_NAME": "BENJAMIN BOAKE GREENBELT", "TYPE": "Park", "AMENITIES": "None", "ADDRESS": "133 Benjamin Boake Trl", "PHONE": "None", "URL": "https://www.toronto.ca/explore-enjoy/parks-recreation/places-spaces/parks-and-recreation-facilities/location/?id=520" }, "geometry": { "type": "MultiPoint", "coordinates": [ [ -79.496373146849194, 43.743942986351001 ] ] } },
{ "type": "Feature", "properties": { "_id": 366, "LOCATIONID": "840", "ASSET_ID": 344.0, "ASSET_NAME": "ERINGATE PARK", "TYPE": "Park", "AMENITIES": "Ball Diamond, Playground, Washroom", "ADDRESS": "100 Eringate Dr", "PHONE": "None", "URL": "https://www.toronto.ca/explore-enjoy/parks-recreation/places-spaces/parks-and-recreation-facilities/location/?id=840" }, "geometry": { "type": "MultiPoint", "coordinates": [ [ -79.580899899125299, 43.662627119315701 ] ] } },
{ "type": "Feature", "properties": { "_id": 367, "LOCATIONID": "322", "ASSET_ID": 1200.0, "ASSET_NAME": "BLYTHWOOD RAVINE PARK", "TYPE": "Park", "AMENITIES": "None", "ADDRESS": "1200 Mount Pleasant Rd", "PHONE": "None", "URL": "https://www.toronto.ca/explore-enjoy/parks-recreation/places-spaces/parks-and-recreation-facilities/location/?id=322" }, "geometry": { "type": "MultiPoint", "coordinates": [ [ -79.395990018539095, 43.719028807832899 ] ] } },
{ "type": "Feature", "properties": { "_id": 368, "LOCATIONID": "1002", "ASSET_ID": 453.0, "ASSET_NAME": "HABITANT PARK", "TYPE": "Park", "AMENITIES": "None", "ADDRESS": "3383 Weston Rd", "PHONE": "None", "URL": "https://www.toronto.ca/explore-enjoy/parks-recreation/places-spaces/parks-and-recreation-facilities/location/?id=1002" }, "geometry": { "type": "MultiPoint", "coordinates": [ [ -79.538989989677205, 43.746993015943502 ] ] } },
{ "type": "Feature", "properties": { "_id": 369, "LOCATIONID": "2394", "ASSET_ID": 1412.0, "ASSET_NAME": "JEANETTE PARK", "TYPE": "Park", "AMENITIES": "Playground", "ADDRESS": "55 Jeanette St", "PHONE": "None", "URL": "https://www.toronto.ca/explore-enjoy/parks-recreation/places-spaces/parks-and-recreation-facilities/location/?id=2394" }, "geometry": { "type": "MultiPoint", "coordinates": [ [ -79.246887933859796, 43.7240906607217 ] ] } },
{ "type": "Feature", "properties": { "_id": 370, "LOCATIONID": "1107", "ASSET_ID": 1157.0, "ASSET_NAME": "YORK STADIUM", "TYPE": "Park", "AMENITIES": "Sports Field", "ADDRESS": "2 Avon Ave", "PHONE": "None", "URL": "https://www.toronto.ca/explore-enjoy/parks-recreation/places-spaces/parks-and-recreation-facilities/location/?id=1107" }, "geometry": { "type": "MultiPoint", "coordinates": [ [ -79.479567175461199, 43.680686441416803 ] ] } },
{ "type": "Feature", "properties": { "_id": 371, "LOCATIONID": "959", "ASSET_ID": 584.0, "ASSET_NAME": "KINGSVIEW PARK", "TYPE": "Park", "AMENITIES": "Outdoor Dry Pad, Pickleball Court, Playground, Tennis Court", "ADDRESS": "46 Kingsview Blvd", "PHONE": "None", "URL": "https://www.toronto.ca/explore-enjoy/parks-recreation/places-spaces/parks-and-recreation-facilities/location/?id=959" }, "geometry": { "type": "MultiPoint", "coordinates": [ [ -79.554342717755404, 43.699166736152101 ] ] } },
{ "type": "Feature", "properties": { "_id": 372, "LOCATIONID": "3702", "ASSET_ID": 106.0, "ASSET_NAME": "BIRKDALE RAVINE", "TYPE": "Park", "AMENITIES": "Outdoor Fitness Equipment, Playground", "ADDRESS": "1297 Ellesmere Rd", "PHONE": "None", "URL": "https://www.toronto.ca/explore-enjoy/parks-recreation/places-spaces/parks-and-recreation-facilities/location/?id=3702" }, "geometry": { "type": "MultiPoint", "coordinates": [ [ -79.261264157184101, 43.7616772651132 ] ] } },
{ "type": "Feature", "properties": { "_id": 373, "LOCATIONID": "2662", "ASSET_ID": 1560.0, "ASSET_NAME": "VICTORIA PARK - EGLINTON PARKETTE", "TYPE": "Park", "AMENITIES": "None", "ADDRESS": "1501 Victoria Park Ave", "PHONE": "None", "URL": "https://www.toronto.ca/explore-enjoy/parks-recreation/places-spaces/parks-and-recreation-facilities/location/?id=2662" }, "geometry": { "type": "MultiPoint", "coordinates": [ [ -79.301604527038407, 43.724288138483303 ] ] } },
{ "type": "Feature", "properties": { "_id": 374, "LOCATIONID": "235", "ASSET_ID": 909.0, "ASSET_NAME": "RUNNYMEDE PARK", "TYPE": "Park", "AMENITIES": "Ball Diamond, Playground, Sports Field, Tennis Court", "ADDRESS": "221 Ryding Ave", "PHONE": "None", "URL": "https://www.toronto.ca/explore-enjoy/parks-recreation/places-spaces/parks-and-recreation-facilities/location/?id=235" }, "geometry": { "type": "MultiPoint", "coordinates": [ [ -79.478552130834402, 43.668291361455204 ] ] } },
{ "type": "Feature", "properties": { "_id": 375, "LOCATIONID": "223", "ASSET_ID": 215.0, "ASSET_NAME": "COLLEGE PARK", "TYPE": "Park", "AMENITIES": "Playground, Washroom", "ADDRESS": "420 Yonge St", "PHONE": "None", "URL": "https://www.toronto.ca/explore-enjoy/parks-recreation/places-spaces/parks-and-recreation-facilities/location/?id=223" }, "geometry": { "type": "MultiPoint", "coordinates": [ [ -79.383804551742898, 43.659650569867097 ] ] } },
{ "type": "Feature", "properties": { "_id": 376, "LOCATIONID": "831", "ASSET_ID": 467.0, "ASSET_NAME": "HARWOOD PARK", "TYPE": "Park", "AMENITIES": "Ball Diamond, Playground", "ADDRESS": "51 Leigh St", "PHONE": "None", "URL": "https://www.toronto.ca/explore-enjoy/parks-recreation/places-spaces/parks-and-recreation-facilities/location/?id=831" }, "geometry": { "type": "MultiPoint", "coordinates": [ [ -79.4771628194177, 43.6765692251956 ] ] } },
{ "type": "Feature", "properties": { "_id": 377, "LOCATIONID": "2635", "ASSET_ID": 529.0, "ASSET_NAME": "IRMA BURMAN GREENBELT PARK", "TYPE": "Park", "AMENITIES": "None", "ADDRESS": "20 Tallpines Crt", "PHONE": "None", "URL": "https://www.toronto.ca/explore-enjoy/parks-recreation/places-spaces/parks-and-recreation-facilities/location/?id=2635" }, "geometry": { "type": "MultiPoint", "coordinates": [ [ -79.160192007655596, 43.802411763565402 ] ] } },
{ "type": "Feature", "properties": { "_id": 378, "LOCATIONID": "193", "ASSET_ID": 21.0, "ASSET_NAME": "ALEXANDER MUIR MEMORIAL GARDENS", "TYPE": "Park", "AMENITIES": "None", "ADDRESS": "2901 Yonge St", "PHONE": "None", "URL": "https://www.toronto.ca/explore-enjoy/parks-recreation/places-spaces/parks-and-recreation-facilities/location/?id=193" }, "geometry": { "type": "MultiPoint", "coordinates": [ [ -79.400386592710802, 43.721119348798901 ] ] } },
{ "type": "Feature", "properties": { "_id": 379, "LOCATIONID": "752", "ASSET_ID": 936.0, "ASSET_NAME": "SENTINEL PARK", "TYPE": "Park", "AMENITIES": "Ball Diamond, Outdoor Dry Pad, Pickleball Court, Playground, Tennis Court, Washroom", "ADDRESS": "295 Sentinel Rd", "PHONE": "None", "URL": "https://www.toronto.ca/explore-enjoy/parks-recreation/places-spaces/parks-and-recreation-facilities/location/?id=752" }, "geometry": { "type": "MultiPoint", "coordinates": [ [ -79.498551718806098, 43.755200346112503 ] ] } },
{ "type": "Feature", "properties": { "_id": 380, "LOCATIONID": "2529", "ASSET_ID": 820.0, "ASSET_NAME": "PINEWAY PARK", "TYPE": "Park", "AMENITIES": "Playground", "ADDRESS": "100 Pineway Blvd", "PHONE": "None", "URL": "https://www.toronto.ca/explore-enjoy/parks-recreation/places-spaces/parks-and-recreation-facilities/location/?id=2529" }, "geometry": { "type": "MultiPoint", "coordinates": [ [ -79.375698890387099, 43.795717873710203 ] ] } },
{ "type": "Feature", "properties": { "_id": 381, "LOCATIONID": "910", "ASSET_ID": 1388.0, "ASSET_NAME": "LAMBTON WOODS", "TYPE": "Park", "AMENITIES": "None", "ADDRESS": "1193 Royal York Rd", "PHONE": "None", "URL": "https://www.toronto.ca/explore-enjoy/parks-recreation/places-spaces/parks-and-recreation-facilities/location/?id=910" }, "geometry": { "type": "MultiPoint", "coordinates": [ [ -79.514061696185607, 43.664583994269897 ] ] } },
{ "type": "Feature", "properties": { "_id": 382, "LOCATIONID": "777", "ASSET_ID": 1135.0, "ASSET_NAME": "WINDFIELDS PARK", "TYPE": "Park", "AMENITIES": "None", "ADDRESS": "2451 Bayview Ave", "PHONE": "None", "URL": "https://www.toronto.ca/explore-enjoy/parks-recreation/places-spaces/parks-and-recreation-facilities/location/?id=777" }, "geometry": { "type": "MultiPoint", "coordinates": [ [ -79.375655659678998, 43.742552985725503 ] ] } },
{ "type": "Feature", "properties": { "_id": 383, "LOCATIONID": "2593", "ASSET_ID": 668.0, "ASSET_NAME": "MALVERN PARK", "TYPE": "Park", "AMENITIES": "Ball Diamond, Outdoor Dry Pad, Pickleball Court, Sports Field, Tennis Court, Washroom", "ADDRESS": "36 Sewells Rd", "PHONE": "None", "URL": "https://www.toronto.ca/explore-enjoy/parks-recreation/places-spaces/parks-and-recreation-facilities/location/?id=2593" }, "geometry": { "type": "MultiPoint", "coordinates": [ [ -79.217175320662903, 43.8091940949041 ] ] } },
{ "type": "Feature", "properties": { "_id": 384, "LOCATIONID": "2020", "ASSET_ID": 960.0, "ASSET_NAME": "SIX POINTS PARK", "TYPE": "Park", "AMENITIES": "Playground", "ADDRESS": "10 Viking Lane", "PHONE": "None", "URL": "https://www.toronto.ca/explore-enjoy/parks-recreation/places-spaces/parks-and-recreation-facilities/location/?id=2020" }, "geometry": { "type": "MultiPoint", "coordinates": [ [ -79.5359065620747, 43.6396493454587 ] ] } },
{ "type": "Feature", "properties": { "_id": 385, "LOCATIONID": "3463", "ASSET_ID": 46582.0, "ASSET_NAME": "KILGOUR PARKETTE", "TYPE": "Park", "AMENITIES": "None", "ADDRESS": "1 Kilgour Rd", "PHONE": "None", "URL": "https://www.toronto.ca/explore-enjoy/parks-recreation/places-spaces/parks-and-recreation-facilities/location/?id=3463" }, "geometry": { "type": "MultiPoint", "coordinates": [ [ -79.377687149760803, 43.7164725773114 ] ] } },
{ "type": "Feature", "properties": { "_id": 386, "LOCATIONID": "2265", "ASSET_ID": 286.0, "ASSET_NAME": "DONORA PARK", "TYPE": "Park", "AMENITIES": "Playground", "ADDRESS": "17 Donora Dr", "PHONE": "None", "URL": "https://www.toronto.ca/explore-enjoy/parks-recreation/places-spaces/parks-and-recreation-facilities/location/?id=2265" }, "geometry": { "type": "MultiPoint", "coordinates": [ [ -79.295818445446301, 43.699896251198702 ] ] } },
{ "type": "Feature", "properties": { "_id": 387, "LOCATIONID": "99", "ASSET_ID": 533.0, "ASSET_NAME": "ISABELLA VALANCY CRAWFORD PARK", "TYPE": "Park", "AMENITIES": "None", "ADDRESS": "299 Front St W", "PHONE": "None", "URL": "https://www.toronto.ca/explore-enjoy/parks-recreation/places-spaces/parks-and-recreation-facilities/location/?id=99" }, "geometry": { "type": "MultiPoint", "coordinates": [ [ -79.388811773063097, 43.643466390340002 ] ] } },
{ "type": "Feature", "properties": { "_id": 388, "LOCATIONID": "2019", "ASSET_ID": 102.0, "ASSET_NAME": "BIRCHCREST PARK", "TYPE": "Park", "AMENITIES": "Playground", "ADDRESS": "89 Beverly Glen Blvd", "PHONE": "None", "URL": "https://www.toronto.ca/explore-enjoy/parks-recreation/places-spaces/parks-and-recreation-facilities/location/?id=2019" }, "geometry": { "type": "MultiPoint", "coordinates": [ [ -79.321791197496296, 43.798649406494 ] ] } },
{ "type": "Feature", "properties": { "_id": 389, "LOCATIONID": "587", "ASSET_ID": 262.0, "ASSET_NAME": "DEAN PARK", "TYPE": "Park", "AMENITIES": "Ball Diamond, Playground, Sports Field", "ADDRESS": "80 Dean Park Rd", "PHONE": "None", "URL": "https://www.toronto.ca/explore-enjoy/parks-recreation/places-spaces/parks-and-recreation-facilities/location/?id=587" }, "geometry": { "type": "MultiPoint", "coordinates": [ [ -79.170844501541595, 43.801229625075898 ] ] } },
{ "type": "Feature", "properties": { "_id": 390, "LOCATIONID": "2796", "ASSET_ID": 45362.0, "ASSET_NAME": "REGENT PARK - ETOBICOKE", "TYPE": "Park", "AMENITIES": "None", "ADDRESS": "75 Regent St", "PHONE": "None", "URL": "https://www.toronto.ca/explore-enjoy/parks-recreation/places-spaces/parks-and-recreation-facilities/location/?id=2796" }, "geometry": { "type": "MultiPoint", "coordinates": [ [ -79.469286938988205, 43.681779565294804 ] ] } },
{ "type": "Feature", "properties": { "_id": 391, "LOCATIONID": "2237", "ASSET_ID": 242.0, "ASSET_NAME": "CRAIGTON COURT TOT LOT", "TYPE": "Park", "AMENITIES": "Playground", "ADDRESS": "14 Craigton Dr", "PHONE": "None", "URL": "https://www.toronto.ca/explore-enjoy/parks-recreation/places-spaces/parks-and-recreation-facilities/location/?id=2237" }, "geometry": { "type": "MultiPoint", "coordinates": [ [ -79.301290519367299, 43.728021108942599 ] ] } },
{ "type": "Feature", "properties": { "_id": 392, "LOCATIONID": "191", "ASSET_ID": 986.0, "ASSET_NAME": "ST. JAMES TOWN WEST PARK", "TYPE": "Park", "AMENITIES": "Playground", "ADDRESS": "589 Sherbourne St", "PHONE": "None", "URL": "https://www.toronto.ca/explore-enjoy/parks-recreation/places-spaces/parks-and-recreation-facilities/location/?id=191" }, "geometry": { "type": "MultiPoint", "coordinates": [ [ -79.375620905709098, 43.6707107045291 ] ] } },
{ "type": "Feature", "properties": { "_id": 393, "LOCATIONID": "985", "ASSET_ID": 386.0, "ASSET_NAME": "FRANKLIN PARK", "TYPE": "Park", "AMENITIES": "Playground", "ADDRESS": "138 Franklin Ave", "PHONE": "None", "URL": "https://www.toronto.ca/explore-enjoy/parks-recreation/places-spaces/parks-and-recreation-facilities/location/?id=985" }, "geometry": { "type": "MultiPoint", "coordinates": [ [ -79.416750701253704, 43.755275135774397 ] ] } },
{ "type": "Feature", "properties": { "_id": 394, "LOCATIONID": "935", "ASSET_ID": 212.0, "ASSET_NAME": "CLOVERDALE PARK", "TYPE": "Park", "AMENITIES": "Outdoor Fitness Equipment, Pickleball Court, Playground, Tennis Court", "ADDRESS": "85 Shaver Ave S", "PHONE": "None", "URL": "https://www.toronto.ca/explore-enjoy/parks-recreation/places-spaces/parks-and-recreation-facilities/location/?id=935" }, "geometry": { "type": "MultiPoint", "coordinates": [ [ -79.544552362680093, 43.633848458286202 ] ] } },
{ "type": "Feature", "properties": { "_id": 395, "LOCATIONID": "2371", "ASSET_ID": 1348.0, "ASSET_NAME": "HILLDOWNTREE PARKETTE", "TYPE": "Park", "AMENITIES": "None", "ADDRESS": "16 Hilldowntree Rd", "PHONE": "None", "URL": "https://www.toronto.ca/explore-enjoy/parks-recreation/places-spaces/parks-and-recreation-facilities/location/?id=2371" }, "geometry": { "type": "MultiPoint", "coordinates": [ [ -79.526178792575394, 43.660268589368798 ] ] } },
{ "type": "Feature", "properties": { "_id": 396, "LOCATIONID": "518", "ASSET_ID": 80.0, "ASSET_NAME": "BELLBURY PARK", "TYPE": "Park", "AMENITIES": "Basketball Court, Outdoor Fitness Equipment, Outdoor Ping Pong/Table Tennis, Playground, Tennis Court, Washroom", "ADDRESS": "55 Van Horne Ave", "PHONE": "None", "URL": "https://www.toronto.ca/explore-enjoy/parks-recreation/places-spaces/parks-and-recreation-facilities/location/?id=518" }, "geometry": { "type": "MultiPoint", "coordinates": [ [ -79.361302549171995, 43.783667874909902 ] ] } },
{ "type": "Feature", "properties": { "_id": 397, "LOCATIONID": "765", "ASSET_ID": 1044.0, "ASSET_NAME": "TOPCLIFF PARK", "TYPE": "Park", "AMENITIES": "Playground", "ADDRESS": "75 Topcliff Ave", "PHONE": "None", "URL": "https://www.toronto.ca/explore-enjoy/parks-recreation/places-spaces/parks-and-recreation-facilities/location/?id=765" }, "geometry": { "type": "MultiPoint", "coordinates": [ [ -79.5090239541926, 43.755744211321797 ] ] } },
{ "type": "Feature", "properties": { "_id": 398, "LOCATIONID": "3871", "ASSET_ID": 76082.0, "ASSET_NAME": "MILTON BERGER PARK", "TYPE": "Park", "AMENITIES": "Playground", "ADDRESS": "21 MONTE KWINTER CRT", "PHONE": "None", "URL": "https://www.toronto.ca/explore-enjoy/parks-recreation/places-spaces/parks-and-recreation-facilities/location/?id=3871" }, "geometry": { "type": "MultiPoint", "coordinates": [ [ -79.447736225767798, 43.733027707968702 ] ] } },
{ "type": "Feature", "properties": { "_id": 399, "LOCATIONID": "761", "ASSET_ID": 997.0, "ASSET_NAME": "STANLEY PARK ", "TYPE": "Park", "AMENITIES": "Ball Diamond, Tennis Court", "ADDRESS": "27 Stanley Rd", "PHONE": "None", "URL": "https://www.toronto.ca/explore-enjoy/parks-recreation/places-spaces/parks-and-recreation-facilities/location/?id=761" }, "geometry": { "type": "MultiPoint", "coordinates": [ [ -79.515406367325198, 43.741902690318398 ] ] } },
{ "type": "Feature", "properties": { "_id": 400, "LOCATIONID": "1974", "ASSET_ID": 756.0, "ASSET_NAME": "NOBLE PARK", "TYPE": "Park", "AMENITIES": "Ball Diamond, Basketball Court, Playground", "ADDRESS": "74 Sandcliff Rd", "PHONE": "None", "URL": "https://www.toronto.ca/explore-enjoy/parks-recreation/places-spaces/parks-and-recreation-facilities/location/?id=1974" }, "geometry": { "type": "MultiPoint", "coordinates": [ [ -79.501238496131293, 43.677229748190399 ] ] } },
{ "type": "Feature", "properties": { "_id": 401, "LOCATIONID": "237", "ASSET_ID": 881.0, "ASSET_NAME": "ROBERT BATEMAN PARKETTE", "TYPE": "Park", "AMENITIES": "None", "ADDRESS": "281 Chaplin Cres", "PHONE": "None", "URL": "https://www.toronto.ca/explore-enjoy/parks-recreation/places-spaces/parks-and-recreation-facilities/location/?id=237" }, "geometry": { "type": "MultiPoint", "coordinates": [ [ -79.414764113347104, 43.701452076720003 ] ] } },
{ "type": "Feature", "properties": { "_id": 402, "LOCATIONID": "1900", "ASSET_ID": 819.0, "ASSET_NAME": "PINETREE PARK", "TYPE": "Park", "AMENITIES": "None", "ADDRESS": "55 Applemore Rd", "PHONE": "None", "URL": "https://www.toronto.ca/explore-enjoy/parks-recreation/places-spaces/parks-and-recreation-facilities/location/?id=1900" }, "geometry": { "type": "MultiPoint", "coordinates": [ [ -79.234037613257499, 43.799294046250402 ] ] } },
{ "type": "Feature", "properties": { "_id": 403, "LOCATIONID": "573", "ASSET_ID": 1118.0, "ASSET_NAME": "WHITE HAVEN PARK", "TYPE": "Park", "AMENITIES": "Playground, Sports Field", "ADDRESS": "63 Invergordon Ave", "PHONE": "None", "URL": "https://www.toronto.ca/explore-enjoy/parks-recreation/places-spaces/parks-and-recreation-facilities/location/?id=573" }, "geometry": { "type": "MultiPoint", "coordinates": [ [ -79.249763921772995, 43.7864689499606 ] ] } },
{ "type": "Feature", "properties": { "_id": 404, "LOCATIONID": "2654", "ASSET_ID": 1063.0, "ASSET_NAME": "TRUMPETER PARK", "TYPE": "Park", "AMENITIES": "None", "ADDRESS": "46 Trumpeter St", "PHONE": "None", "URL": "https://www.toronto.ca/explore-enjoy/parks-recreation/places-spaces/parks-and-recreation-facilities/location/?id=2654" }, "geometry": { "type": "MultiPoint", "coordinates": [ [ -79.184211084313901, 43.8072752306539 ] ] } },
{ "type": "Feature", "properties": { "_id": 405, "LOCATIONID": "3708", "ASSET_ID": 80520.0, "ASSET_NAME": "175 THE POND ROAD PARK", "TYPE": "Park", "AMENITIES": "Ball Diamond", "ADDRESS": "175 The Pond Rd", "PHONE": "None", "URL": "https://www.toronto.ca/explore-enjoy/parks-recreation/places-spaces/parks-and-recreation-facilities/location/?id=3708" }, "geometry": { "type": "MultiPoint", "coordinates": [ [ -79.506765429704302, 43.768974019928002 ] ] } },
{ "type": "Feature", "properties": { "_id": 406, "LOCATIONID": "2492", "ASSET_ID": 1426.0, "ASSET_NAME": "MOURNING DOVE PARK", "TYPE": "Park", "AMENITIES": "None", "ADDRESS": "98 Mourning Dove Cres", "PHONE": "None", "URL": "https://www.toronto.ca/explore-enjoy/parks-recreation/places-spaces/parks-and-recreation-facilities/location/?id=2492" }, "geometry": { "type": "MultiPoint", "coordinates": [ [ -79.2248314680634, 43.815957597318899 ] ] } },
{ "type": "Feature", "properties": { "_id": 407, "LOCATIONID": "188", "ASSET_ID": 190.0, "ASSET_NAME": "CHATSWORTH RAVINE", "TYPE": "Park", "AMENITIES": "None", "ADDRESS": "900 Duplex Ave", "PHONE": "None", "URL": "https://www.toronto.ca/explore-enjoy/parks-recreation/places-spaces/parks-and-recreation-facilities/location/?id=188" }, "geometry": { "type": "MultiPoint", "coordinates": [ [ -79.406675665851296, 43.720674090068798 ] ] } },
{ "type": "Feature", "properties": { "_id": 408, "LOCATIONID": "79", "ASSET_ID": 490.0, "ASSET_NAME": "HILLCREST PARK", "TYPE": "Park", "AMENITIES": "Basketball Court, Dog Off-Leash Area, Outdoor Ping Pong/Table Tennis, Picnic Site, Playground, Tennis Court, Washroom", "ADDRESS": "950 Davenport Rd", "PHONE": "None", "URL": "https://www.toronto.ca/explore-enjoy/parks-recreation/places-spaces/parks-and-recreation-facilities/location/?id=79" }, "geometry": { "type": "MultiPoint", "coordinates": [ [ -79.424525937142903, 43.675984196976202 ] ] } },
{ "type": "Feature", "properties": { "_id": 409, "LOCATIONID": "383", "ASSET_ID": 785.0, "ASSET_NAME": "OLYMPIC PARK", "TYPE": "Park", "AMENITIES": "None", "ADDRESS": "222 Bremner Blvd", "PHONE": "None", "URL": "https://www.toronto.ca/explore-enjoy/parks-recreation/places-spaces/parks-and-recreation-facilities/location/?id=383" }, "geometry": { "type": "MultiPoint", "coordinates": [ [ -79.384932619317098, 43.642758284185803 ] ] } },
{ "type": "Feature", "properties": { "_id": 410, "LOCATIONID": "2181", "ASSET_ID": 141.0, "ASSET_NAME": "BURNETT PARK", "TYPE": "Park", "AMENITIES": "None", "ADDRESS": "352 Burnett Ave", "PHONE": "None", "URL": "https://www.toronto.ca/explore-enjoy/parks-recreation/places-spaces/parks-and-recreation-facilities/location/?id=2181" }, "geometry": { "type": "MultiPoint", "coordinates": [ [ -79.432896531417001, 43.759946896265703 ] ] } },
{ "type": "Feature", "properties": { "_id": 411, "LOCATIONID": "2163", "ASSET_ID": 1205.0, "ASSET_NAME": "BREADALBANE PARK", "TYPE": "Park", "AMENITIES": "Dog Off-Leash Area", "ADDRESS": "30 Breadalbane St", "PHONE": "None", "URL": "https://www.toronto.ca/explore-enjoy/parks-recreation/places-spaces/parks-and-recreation-facilities/location/?id=2163" }, "geometry": { "type": "MultiPoint", "coordinates": [ [ -79.386002893604399, 43.663846328690902 ] ] } },
{ "type": "Feature", "properties": { "_id": 412, "LOCATIONID": "2246", "ASSET_ID": 253.0, "ASSET_NAME": "DALRYMPLE PARK", "TYPE": "Park", "AMENITIES": "Playground", "ADDRESS": "59 Dalrymple Dr", "PHONE": "None", "URL": "https://www.toronto.ca/explore-enjoy/parks-recreation/places-spaces/parks-and-recreation-facilities/location/?id=2246" }, "geometry": { "type": "MultiPoint", "coordinates": [ [ -79.491837209756298, 43.678998600389797 ] ] } },
{ "type": "Feature", "properties": { "_id": 413, "LOCATIONID": "1032", "ASSET_ID": 78.0, "ASSET_NAME": "BELL MANOR PARK", "TYPE": "Park", "AMENITIES": "Playground", "ADDRESS": "1 Bayside Lane", "PHONE": "None", "URL": "https://www.toronto.ca/explore-enjoy/parks-recreation/places-spaces/parks-and-recreation-facilities/location/?id=1032" }, "geometry": { "type": "MultiPoint", "coordinates": [ [ -79.492373377941703, 43.637479384601299 ] ] } },
{ "type": "Feature", "properties": { "_id": 414, "LOCATIONID": "155", "ASSET_ID": 550.0, "ASSET_NAME": "JIMMIE SIMPSON PARK", "TYPE": "Park", "AMENITIES": "Ball Diamond, Basketball Court, Outdoor Dry Pad, Pickleball Court, Picnic Site, Playground, Sports Field, Tennis Court", "ADDRESS": "870 Queen St E", "PHONE": "None", "URL": "https://www.toronto.ca/explore-enjoy/parks-recreation/places-spaces/parks-and-recreation-facilities/location/?id=155" }, "geometry": { "type": "MultiPoint", "coordinates": [ [ -79.344742417778804, 43.661173503037503 ] ] } },
{ "type": "Feature", "properties": { "_id": 415, "LOCATIONID": "41", "ASSET_ID": 27.0, "ASSET_NAME": "ALLAN GARDENS", "TYPE": "Park", "AMENITIES": "Dog Off-Leash Area, Playground, Washroom", "ADDRESS": "160 Gerrard St E", "PHONE": "None", "URL": "https://www.toronto.ca/explore-enjoy/parks-recreation/places-spaces/parks-and-recreation-facilities/location/?id=41" }, "geometry": { "type": "MultiPoint", "coordinates": [ [ -79.374332322942195, 43.661888994950097 ] ] } },
{ "type": "Feature", "properties": { "_id": 416, "LOCATIONID": "3823", "ASSET_ID": 80285.0, "ASSET_NAME": "BROADWAY AVENUE PARKETTE", "TYPE": "Park", "AMENITIES": "Playground", "ADDRESS": "176 Broadway Ave", "PHONE": "None", "URL": "https://www.toronto.ca/explore-enjoy/parks-recreation/places-spaces/parks-and-recreation-facilities/location/?id=3823" }, "geometry": { "type": "MultiPoint", "coordinates": [ [ -79.390638735947604, 43.711455618474098 ] ] } },
{ "type": "Feature", "properties": { "_id": 417, "LOCATIONID": "3776", "ASSET_ID": 61542.0, "ASSET_NAME": "DR. LILLIAN MCGREGOR PARK", "TYPE": "Park", "AMENITIES": "Playground", "ADDRESS": "25 Wellesley St W", "PHONE": "None", "URL": "https://www.toronto.ca/explore-enjoy/parks-recreation/places-spaces/parks-and-recreation-facilities/location/?id=3776" }, "geometry": { "type": "MultiPoint", "coordinates": [ [ -79.385625822640307, 43.664105073584402 ] ] } },
{ "type": "Feature", "properties": { "_id": 418, "LOCATIONID": "1925", "ASSET_ID": 1231.0, "ASSET_NAME": "CHAPMAN VALLEY PARK", "TYPE": "Park", "AMENITIES": "None", "ADDRESS": "60 Chapman Rd", "PHONE": "None", "URL": "https://www.toronto.ca/explore-enjoy/parks-recreation/places-spaces/parks-and-recreation-facilities/location/?id=1925" }, "geometry": { "type": "MultiPoint", "coordinates": [ [ -79.518873659698997, 43.6901484501822 ] ] } },
{ "type": "Feature", "properties": { "_id": 419, "LOCATIONID": "102", "ASSET_ID": 807.0, "ASSET_NAME": "PAUL KANE HOUSE PARKETTE", "TYPE": "Park", "AMENITIES": "None", "ADDRESS": "56 Wellesley St E", "PHONE": "None", "URL": "https://www.toronto.ca/explore-enjoy/parks-recreation/places-spaces/parks-and-recreation-facilities/location/?id=102" }, "geometry": { "type": "MultiPoint", "coordinates": [ [ -79.382207775974294, 43.6657593609103 ] ] } },
{ "type": "Feature", "properties": { "_id": 420, "LOCATIONID": "1504", "ASSET_ID": 534.0, "ASSET_NAME": "ISLINGTON PARK", "TYPE": "Park", "AMENITIES": "Playground", "ADDRESS": "19 Franel Cres", "PHONE": "None", "URL": "https://www.toronto.ca/explore-enjoy/parks-recreation/places-spaces/parks-and-recreation-facilities/location/?id=1504" }, "geometry": { "type": "MultiPoint", "coordinates": [ [ -79.569083250879203, 43.752182304043501 ] ] } },
{ "type": "Feature", "properties": { "_id": 421, "LOCATIONID": "2266", "ASSET_ID": 1270.0, "ASSET_NAME": "DORIS - NORTON PARK", "TYPE": "Park", "AMENITIES": "None", "ADDRESS": "290 Doris Ave", "PHONE": "None", "URL": "https://www.toronto.ca/explore-enjoy/parks-recreation/places-spaces/parks-and-recreation-facilities/location/?id=2266" }, "geometry": { "type": "MultiPoint", "coordinates": [ [ -79.412508214636105, 43.772839662213201 ] ] } },
{ "type": "Feature", "properties": { "_id": 422, "LOCATIONID": "2223", "ASSET_ID": 224.0, "ASSET_NAME": "CONACHER PARK", "TYPE": "Park", "AMENITIES": "Basketball Court, Outdoor Ping Pong/Table Tennis, Playground", "ADDRESS": "645 Conacher Dr", "PHONE": "None", "URL": "https://www.toronto.ca/explore-enjoy/parks-recreation/places-spaces/parks-and-recreation-facilities/location/?id=2223" }, "geometry": { "type": "MultiPoint", "coordinates": [ [ -79.398072502730002, 43.795301274753697 ] ] } },
{ "type": "Feature", "properties": { "_id": 423, "LOCATIONID": "559", "ASSET_ID": 365.0, "ASSET_NAME": "FENNIMORE PARK", "TYPE": "Park", "AMENITIES": "Ball Diamond, Playground", "ADDRESS": "78 Fennimore Cres", "PHONE": "None", "URL": "https://www.toronto.ca/explore-enjoy/parks-recreation/places-spaces/parks-and-recreation-facilities/location/?id=559" }, "geometry": { "type": "MultiPoint", "coordinates": [ [ -79.522297345981798, 43.7456473278095 ] ] } },
{ "type": "Feature", "properties": { "_id": 424, "LOCATIONID": "688", "ASSET_ID": 674.0, "ASSET_NAME": "MAPLE LEAF PARK", "TYPE": "Park", "AMENITIES": "Ball Diamond, Basketball Court, Outdoor Fitness Equipment, Pickleball Court, Picnic Site, Playground, Tennis Court", "ADDRESS": "320 Culford Rd", "PHONE": "None", "URL": "https://www.toronto.ca/explore-enjoy/parks-recreation/places-spaces/parks-and-recreation-facilities/location/?id=688" }, "geometry": { "type": "MultiPoint", "coordinates": [ [ -79.493453486559801, 43.7158024734685 ] ] } },
{ "type": "Feature", "properties": { "_id": 425, "LOCATIONID": "502", "ASSET_ID": 354.0, "ASSET_NAME": "FAIRBANK MEMORIAL PARK", "TYPE": "Park", "AMENITIES": "Ball Diamond, Basketball Court, Playground", "ADDRESS": "2213 Dufferin St", "PHONE": "None", "URL": "https://www.toronto.ca/explore-enjoy/parks-recreation/places-spaces/parks-and-recreation-facilities/location/?id=502" }, "geometry": { "type": "MultiPoint", "coordinates": [ [ -79.447747452289903, 43.691844828432302 ] ] } },
{ "type": "Feature", "properties": { "_id": 426, "LOCATIONID": "739", "ASSET_ID": 118.0, "ASSET_NAME": "BOB HUNTER PARK", "TYPE": "Park", "AMENITIES": "Ball Diamond, Dog Off-Leash Area", "ADDRESS": "205 Generation Blvd", "PHONE": "None", "URL": "https://www.toronto.ca/explore-enjoy/parks-recreation/places-spaces/parks-and-recreation-facilities/location/?id=739" }, "geometry": { "type": "MultiPoint", "coordinates": [ [ -79.161714243274702, 43.800427230846502 ] ] } },
{ "type": "Feature", "properties": { "_id": 427, "LOCATIONID": "947", "ASSET_ID": 987.0, "ASSET_NAME": "ST. LUCIE PARK", "TYPE": "Park", "AMENITIES": "Ball Diamond, Outdoor Fitness Equipment, Playground", "ADDRESS": "3300 Weston Rd", "PHONE": "None", "URL": "https://www.toronto.ca/explore-enjoy/parks-recreation/places-spaces/parks-and-recreation-facilities/location/?id=947" }, "geometry": { "type": "MultiPoint", "coordinates": [ [ -79.542821911057203, 43.742969390127897 ] ] } },
{ "type": "Feature", "properties": { "_id": 428, "LOCATIONID": "1487", "ASSET_ID": 959.0, "ASSET_NAME": "SISKEN TRAIL PARK", "TYPE": "Park", "AMENITIES": "Playground", "ADDRESS": "157 Staines Rd", "PHONE": "None", "URL": "https://www.toronto.ca/explore-enjoy/parks-recreation/places-spaces/parks-and-recreation-facilities/location/?id=1487" }, "geometry": { "type": "MultiPoint", "coordinates": [ [ -79.218546835921202, 43.823856140234803 ] ] } },
{ "type": "Feature", "properties": { "_id": 429, "LOCATIONID": "835", "ASSET_ID": 1055.0, "ASSET_NAME": "TRETHEWEY PARK EAST", "TYPE": "Park", "AMENITIES": "Playground", "ADDRESS": "121 Trethewey Dr", "PHONE": "None", "URL": "https://www.toronto.ca/explore-enjoy/parks-recreation/places-spaces/parks-and-recreation-facilities/location/?id=835" }, "geometry": { "type": "MultiPoint", "coordinates": [ [ -79.486015167754999, 43.696410650612798 ] ] } },
{ "type": "Feature", "properties": { "_id": 430, "LOCATIONID": "249", "ASSET_ID": 73.0, "ASSET_NAME": "BEATY BOULEVARD PARKETTE", "TYPE": "Park", "AMENITIES": "None", "ADDRESS": "1575 King St W", "PHONE": "None", "URL": "https://www.toronto.ca/explore-enjoy/parks-recreation/places-spaces/parks-and-recreation-facilities/location/?id=249" }, "geometry": { "type": "MultiPoint", "coordinates": [ [ -79.4458133156066, 43.638245551210403 ] ] } },
{ "type": "Feature", "properties": { "_id": 431, "LOCATIONID": "594", "ASSET_ID": 333.0, "ASSET_NAME": "ELIZABETH SIMCOE PARK", "TYPE": "Park", "AMENITIES": "Playground, Sports Field, Tennis Court", "ADDRESS": "180 Sylvan Ave", "PHONE": "None", "URL": "https://www.toronto.ca/explore-enjoy/parks-recreation/places-spaces/parks-and-recreation-facilities/location/?id=594" }, "geometry": { "type": "MultiPoint", "coordinates": [ [ -79.204748528395498, 43.739442831856003 ] ] } },
{ "type": "Feature", "properties": { "_id": 432, "LOCATIONID": "2504", "ASSET_ID": 465.0, "ASSET_NAME": "HARVEST MOON PARK", "TYPE": "Park", "AMENITIES": "Playground", "ADDRESS": "70 Finch Ave", "PHONE": "None", "URL": "https://www.toronto.ca/explore-enjoy/parks-recreation/places-spaces/parks-and-recreation-facilities/location/?id=2504" }, "geometry": { "type": "MultiPoint", "coordinates": [ [ -79.209247149890203, 43.820982423121997 ] ] } },
{ "type": "Feature", "properties": { "_id": 433, "LOCATIONID": "2530", "ASSET_ID": 266.0, "ASSET_NAME": "DEEKSHILL PARK", "TYPE": "Park", "AMENITIES": "None", "ADDRESS": "2 Piperbrook Cres", "PHONE": "None", "URL": "https://www.toronto.ca/explore-enjoy/parks-recreation/places-spaces/parks-and-recreation-facilities/location/?id=2530" }, "geometry": { "type": "MultiPoint", "coordinates": [ [ -79.181769560170693, 43.766434987492602 ] ] } },
{ "type": "Feature", "properties": { "_id": 434, "LOCATIONID": "549", "ASSET_ID": 1056.0, "ASSET_NAME": "TREVERTON PARK", "TYPE": "Park", "AMENITIES": "Ball Diamond, Playground", "ADDRESS": "20 A Oakworth Cres", "PHONE": "None", "URL": "https://www.toronto.ca/explore-enjoy/parks-recreation/places-spaces/parks-and-recreation-facilities/location/?id=549" }, "geometry": { "type": "MultiPoint", "coordinates": [ [ -79.267700334345903, 43.7353136097232 ] ] } },
{ "type": "Feature", "properties": { "_id": 435, "LOCATIONID": "253", "ASSET_ID": 1559.0, "ASSET_NAME": "VESTA PARKETTE", "TYPE": "Park", "AMENITIES": "None", "ADDRESS": "41 Vesta Dr", "PHONE": "None", "URL": "https://www.toronto.ca/explore-enjoy/parks-recreation/places-spaces/parks-and-recreation-facilities/location/?id=253" }, "geometry": { "type": "MultiPoint", "coordinates": [ [ -79.416635762897997, 43.692895582551103 ] ] } },
{ "type": "Feature", "properties": { "_id": 436, "LOCATIONID": "2488", "ASSET_ID": 723.0, "ASSET_NAME": "MISTY HILLS PARK", "TYPE": "Park", "AMENITIES": "None", "ADDRESS": "57 Misty Hills Trl", "PHONE": "None", "URL": "https://www.toronto.ca/explore-enjoy/parks-recreation/places-spaces/parks-and-recreation-facilities/location/?id=2488" }, "geometry": { "type": "MultiPoint", "coordinates": [ [ -79.215848658503305, 43.819720359594903 ] ] } },
{ "type": "Feature", "properties": { "_id": 437, "LOCATIONID": "747", "ASSET_ID": 907.0, "ASSET_NAME": "RUDDINGTON PARK", "TYPE": "Park", "AMENITIES": "Outdoor Fitness Equipment, Playground, Tennis Court", "ADDRESS": "75 Ruddington Dr", "PHONE": "None", "URL": "https://www.toronto.ca/explore-enjoy/parks-recreation/places-spaces/parks-and-recreation-facilities/location/?id=747" }, "geometry": { "type": "MultiPoint", "coordinates": [ [ -79.389243420068794, 43.792288553304701 ] ] } },
{ "type": "Feature", "properties": { "_id": 438, "LOCATIONID": "201", "ASSET_ID": 1433.0, "ASSET_NAME": "NEWGATE PARKETTE", "TYPE": "Park", "AMENITIES": "None", "ADDRESS": "126 Elm Ridge Dr", "PHONE": "None", "URL": "https://www.toronto.ca/explore-enjoy/parks-recreation/places-spaces/parks-and-recreation-facilities/location/?id=201" }, "geometry": { "type": "MultiPoint", "coordinates": [ [ -79.437988202587704, 43.705430036435303 ] ] } },
{ "type": "Feature", "properties": { "_id": 439, "LOCATIONID": "2737", "ASSET_ID": 575.0, "ASSET_NAME": "KENNEDY PARKETTE", "TYPE": "Park", "AMENITIES": "None", "ADDRESS": "2799 Kennedy Rd", "PHONE": "None", "URL": "https://www.toronto.ca/explore-enjoy/parks-recreation/places-spaces/parks-and-recreation-facilities/location/?id=2737" }, "geometry": { "type": "MultiPoint", "coordinates": [ [ -79.2958534915972, 43.800948768857303 ] ] } },
{ "type": "Feature", "properties": { "_id": 440, "LOCATIONID": "792", "ASSET_ID": 751.0, "ASSET_NAME": "NEILSON PARK - SCARBOROUGH", "TYPE": "Park", "AMENITIES": "Ball Diamond, Picnic Site, Playground, Skateboarding, Washroom", "ADDRESS": "1555 Neilson Rd", "PHONE": "None", "URL": "https://www.toronto.ca/explore-enjoy/parks-recreation/places-spaces/parks-and-recreation-facilities/location/?id=792" }, "geometry": { "type": "MultiPoint", "coordinates": [ [ -79.224151846390399, 43.813542449856797 ] ] } },
{ "type": "Feature", "properties": { "_id": 441, "LOCATIONID": "394", "ASSET_ID": 1012.0, "ASSET_NAME": "SUNNYSIDE PARK", "TYPE": "Park", "AMENITIES": "Beach, Picnic Site, Playground, Washroom", "ADDRESS": "1755 Lake Shore Blvd W", "PHONE": "None", "URL": "https://www.toronto.ca/explore-enjoy/parks-recreation/places-spaces/parks-and-recreation-facilities/location/?id=394" }, "geometry": { "type": "MultiPoint", "coordinates": [ [ -79.456109267530607, 43.637530577491503 ] ] } },
{ "type": "Feature", "properties": { "_id": 442, "LOCATIONID": "1034", "ASSET_ID": 715.0, "ASSET_NAME": "MICHAEL POWER PARK", "TYPE": "Park", "AMENITIES": "Playground", "ADDRESS": "5055 Dundas St W", "PHONE": "None", "URL": "https://www.toronto.ca/explore-enjoy/parks-recreation/places-spaces/parks-and-recreation-facilities/location/?id=1034" }, "geometry": { "type": "MultiPoint", "coordinates": [ [ -79.531040889702396, 43.645282389674698 ] ] } },
{ "type": "Feature", "properties": { "_id": 443, "LOCATIONID": "274", "ASSET_ID": 809.0, "ASSET_NAME": "PELHAM AVENUE PLAYGROUND", "TYPE": "Park", "AMENITIES": "Playground", "ADDRESS": "20 Pelham Ave", "PHONE": "None", "URL": "https://www.toronto.ca/explore-enjoy/parks-recreation/places-spaces/parks-and-recreation-facilities/location/?id=274" }, "geometry": { "type": "MultiPoint", "coordinates": [ [ -79.4555608439005, 43.6683892321022 ] ] } },
{ "type": "Feature", "properties": { "_id": 444, "LOCATIONID": "2666", "ASSET_ID": 452.0, "ASSET_NAME": "GWENDOLYN MACEWEN PARKETTE", "TYPE": "Park", "AMENITIES": "None", "ADDRESS": "33 Walmer Rd", "PHONE": "None", "URL": "https://www.toronto.ca/explore-enjoy/parks-recreation/places-spaces/parks-and-recreation-facilities/location/?id=2666" }, "geometry": { "type": "MultiPoint", "coordinates": [ [ -79.4062610705423, 43.668686481282101 ] ] } },
{ "type": "Feature", "properties": { "_id": 445, "LOCATIONID": "2243", "ASSET_ID": 1477.0, "ASSET_NAME": "REDBANK GREENBELT", "TYPE": "Park", "AMENITIES": "None", "ADDRESS": "99 Culford Rd", "PHONE": "None", "URL": "https://www.toronto.ca/explore-enjoy/parks-recreation/places-spaces/parks-and-recreation-facilities/location/?id=2243" }, "geometry": { "type": "MultiPoint", "coordinates": [ [ -79.483418095677806, 43.702781681867201 ] ] } },
{ "type": "Feature", "properties": { "_id": 446, "LOCATIONID": "2527", "ASSET_ID": 1464.0, "ASSET_NAME": "PINERY PARK", "TYPE": "Park", "AMENITIES": "None", "ADDRESS": "78 Pinery Trl", "PHONE": "None", "URL": "https://www.toronto.ca/explore-enjoy/parks-recreation/places-spaces/parks-and-recreation-facilities/location/?id=2527" }, "geometry": { "type": "MultiPoint", "coordinates": [ [ -79.2266873251981, 43.808277576478098 ] ] } },
{ "type": "Feature", "properties": { "_id": 447, "LOCATIONID": "832", "ASSET_ID": 477.0, "ASSET_NAME": "HENRIETTA PARK", "TYPE": "Park", "AMENITIES": "Playground", "ADDRESS": "1 A Henrietta St", "PHONE": "None", "URL": "https://www.toronto.ca/explore-enjoy/parks-recreation/places-spaces/parks-and-recreation-facilities/location/?id=832" }, "geometry": { "type": "MultiPoint", "coordinates": [ [ -79.480888686710401, 43.670974523618199 ] ] } },
{ "type": "Feature", "properties": { "_id": 448, "LOCATIONID": "937", "ASSET_ID": 788.0, "ASSET_NAME": "ORIOLE PARK - NORTH YORK", "TYPE": "Park", "AMENITIES": "Ball Diamond, Playground, Tennis Court", "ADDRESS": "2955 Don Mills Rd W", "PHONE": "None", "URL": "https://www.toronto.ca/explore-enjoy/parks-recreation/places-spaces/parks-and-recreation-facilities/location/?id=937" }, "geometry": { "type": "MultiPoint", "coordinates": [ [ -79.351006872032201, 43.781490887430301 ] ] } },
{ "type": "Feature", "properties": { "_id": 449, "LOCATIONID": "2152", "ASSET_ID": 1199.0, "ASSET_NAME": "BLYTHDALE GREENBELT", "TYPE": "Park", "AMENITIES": "None", "ADDRESS": "5 Blyth Dale Rd", "PHONE": "None", "URL": "https://www.toronto.ca/explore-enjoy/parks-recreation/places-spaces/parks-and-recreation-facilities/location/?id=2152" }, "geometry": { "type": "MultiPoint", "coordinates": [ [ -79.384386674366496, 43.719566421787597 ] ] } },
{ "type": "Feature", "properties": { "_id": 450, "LOCATIONID": "341", "ASSET_ID": 633.0, "ASSET_NAME": "LINUS PARK", "TYPE": "Park", "AMENITIES": "Playground, Sports Field", "ADDRESS": "125 Seneca Hill Dr", "PHONE": "None", "URL": "https://www.toronto.ca/explore-enjoy/parks-recreation/places-spaces/parks-and-recreation-facilities/location/?id=341" }, "geometry": { "type": "MultiPoint", "coordinates": [ [ -79.358037518393701, 43.788676810986303 ] ] } },
{ "type": "Feature", "properties": { "_id": 451, "LOCATIONID": "557", "ASSET_ID": 112.0, "ASSET_NAME": "BLANTYRE PARK", "TYPE": "Park", "AMENITIES": "Ball Diamond, Picnic Site, Playground, Washroom", "ADDRESS": "180 Fallingbrook Rd", "PHONE": "None", "URL": "https://www.toronto.ca/explore-enjoy/parks-recreation/places-spaces/parks-and-recreation-facilities/location/?id=557" }, "geometry": { "type": "MultiPoint", "coordinates": [ [ -79.2806428556746, 43.683054287533302 ] ] } },
{ "type": "Feature", "properties": { "_id": 452, "LOCATIONID": "1480", "ASSET_ID": 107.0, "ASSET_NAME": "BIRUNTHAN PARK", "TYPE": "Park", "AMENITIES": "Basketball Court, Playground, Sports Field", "ADDRESS": "31 Dragonfly Cres", "PHONE": "None", "URL": "https://www.toronto.ca/explore-enjoy/parks-recreation/places-spaces/parks-and-recreation-facilities/location/?id=1480" }, "geometry": { "type": "MultiPoint", "coordinates": [ [ -79.225579280441707, 43.822734272576703 ] ] } },
{ "type": "Feature", "properties": { "_id": 453, "LOCATIONID": "2511", "ASSET_ID": 791.0, "ASSET_NAME": "O'SHEA WALKWAY", "TYPE": "Park", "AMENITIES": "None", "ADDRESS": "36 O'Shea Cres", "PHONE": "None", "URL": "https://www.toronto.ca/explore-enjoy/parks-recreation/places-spaces/parks-and-recreation-facilities/location/?id=2511" }, "geometry": { "type": "MultiPoint", "coordinates": [ [ -79.354150440071606, 43.785513469369903 ] ] } },
{ "type": "Feature", "properties": { "_id": 454, "LOCATIONID": "178", "ASSET_ID": 402.0, "ASSET_NAME": "GEORGE CHATER PARKETTE", "TYPE": "Park", "AMENITIES": "None", "ADDRESS": "465 Windermere Ave", "PHONE": "None", "URL": "https://www.toronto.ca/explore-enjoy/parks-recreation/places-spaces/parks-and-recreation-facilities/location/?id=178" }, "geometry": { "type": "MultiPoint", "coordinates": [ [ -79.479913199242901, 43.650904805438103 ] ] } },
{ "type": "Feature", "properties": { "_id": 455, "LOCATIONID": "915", "ASSET_ID": 419.0, "ASSET_NAME": "GLEN PARK", "TYPE": "Park", "AMENITIES": "Pickleball Court, Playground, Tennis Court", "ADDRESS": "44 A Eastglen Cres", "PHONE": "None", "URL": "https://www.toronto.ca/explore-enjoy/parks-recreation/places-spaces/parks-and-recreation-facilities/location/?id=915" }, "geometry": { "type": "MultiPoint", "coordinates": [ [ -79.552880327222198, 43.6508232826992 ] ] } },
{ "type": "Feature", "properties": { "_id": 456, "LOCATIONID": "277", "ASSET_ID": 88.0, "ASSET_NAME": "BERCZY PARK", "TYPE": "Park", "AMENITIES": "None", "ADDRESS": "35 Wellington St E", "PHONE": "None", "URL": "https://www.toronto.ca/explore-enjoy/parks-recreation/places-spaces/parks-and-recreation-facilities/location/?id=277" }, "geometry": { "type": "MultiPoint", "coordinates": [ [ -79.375234190496002, 43.648052877951102 ] ] } },
{ "type": "Feature", "properties": { "_id": 457, "LOCATIONID": "2620", "ASSET_ID": 1522.0, "ASSET_NAME": "STAINES PARKETTE", "TYPE": "Park", "AMENITIES": "None", "ADDRESS": "230 Staines Rd", "PHONE": "None", "URL": "https://www.toronto.ca/explore-enjoy/parks-recreation/places-spaces/parks-and-recreation-facilities/location/?id=2620" }, "geometry": { "type": "MultiPoint", "coordinates": [ [ -79.222000393110307, 43.826684613576603 ] ] } },
{ "type": "Feature", "properties": { "_id": 458, "LOCATIONID": "57", "ASSET_ID": 39.0, "ASSET_NAME": "ANNIVERSARY PARK", "TYPE": "Park", "AMENITIES": "None", "ADDRESS": "410 Parliament St", "PHONE": "None", "URL": "https://www.toronto.ca/explore-enjoy/parks-recreation/places-spaces/parks-and-recreation-facilities/location/?id=57" }, "geometry": { "type": "MultiPoint", "coordinates": [ [ -79.367430489628603, 43.662103730396403 ] ] } },
{ "type": "Feature", "properties": { "_id": 459, "LOCATIONID": "2599", "ASSET_ID": 669.0, "ASSET_NAME": "MALVERN WOODS", "TYPE": "Park", "AMENITIES": "Playground", "ADDRESS": "7600 Sheppard Ave E", "PHONE": "None", "URL": "https://www.toronto.ca/explore-enjoy/parks-recreation/places-spaces/parks-and-recreation-facilities/location/?id=2599" }, "geometry": { "type": "MultiPoint", "coordinates": [ [ -79.203518053536001, 43.8020888124355 ] ] } },
{ "type": "Feature", "properties": { "_id": 460, "LOCATIONID": "2576", "ASSET_ID": 905.0, "ASSET_NAME": "ROYAL ROUGE TOT LOT", "TYPE": "Park", "AMENITIES": "Playground", "ADDRESS": "65 Royal Rouge Trl", "PHONE": "None", "URL": "https://www.toronto.ca/explore-enjoy/parks-recreation/places-spaces/parks-and-recreation-facilities/location/?id=2576" }, "geometry": { "type": "MultiPoint", "coordinates": [ [ -79.146671707136605, 43.800666151734298 ] ] } },
{ "type": "Feature", "properties": { "_id": 461, "LOCATIONID": "2148", "ASSET_ID": 111.0, "ASSET_NAME": "BLACKFRIAR PARK", "TYPE": "Park", "AMENITIES": "Outdoor Fitness Equipment, Playground", "ADDRESS": "22 Blackfriar Ave", "PHONE": "None", "URL": "https://www.toronto.ca/explore-enjoy/parks-recreation/places-spaces/parks-and-recreation-facilities/location/?id=2148" }, "geometry": { "type": "MultiPoint", "coordinates": [ [ -79.5623742431236, 43.694969071014 ] ] } },
{ "type": "Feature", "properties": { "_id": 462, "LOCATIONID": "2162", "ASSET_ID": 1520.0, "ASSET_NAME": "ST. PHILLIPS ROAD PARKETTE", "TYPE": "Park", "AMENITIES": "None", "ADDRESS": "98 Dixon Rd", "PHONE": "None", "URL": "https://www.toronto.ca/explore-enjoy/parks-recreation/places-spaces/parks-and-recreation-facilities/location/?id=2162" }, "geometry": { "type": "MultiPoint", "coordinates": [ [ -79.534690246041194, 43.700069306331102 ] ] } },
{ "type": "Feature", "properties": { "_id": 463, "LOCATIONID": "2288", "ASSET_ID": 367.0, "ASSET_NAME": "FERGY BROWN PARK", "TYPE": "Park", "AMENITIES": "Cricket Pitch Field, Washroom", "ADDRESS": "3700 Eglinton Ave W", "PHONE": "None", "URL": "https://www.toronto.ca/explore-enjoy/parks-recreation/places-spaces/parks-and-recreation-facilities/location/?id=2288" }, "geometry": { "type": "MultiPoint", "coordinates": [ [ -79.497301810694196, 43.6867736154231 ] ] } },
{ "type": "Feature", "properties": { "_id": 464, "LOCATIONID": "622", "ASSET_ID": 554.0, "ASSET_NAME": "JOHN TABOR PARK", "TYPE": "Park", "AMENITIES": "Ball Diamond, Sports Field", "ADDRESS": "240 John Tabor Trl", "PHONE": "None", "URL": "https://www.toronto.ca/explore-enjoy/parks-recreation/places-spaces/parks-and-recreation-facilities/location/?id=622" }, "geometry": { "type": "MultiPoint", "coordinates": [ [ -79.205371256192905, 43.805847357139399 ] ] } },
{ "type": "Feature", "properties": { "_id": 465, "LOCATIONID": "2560", "ASSET_ID": 1478.0, "ASSET_NAME": "REID MANOR PARK", "TYPE": "Park", "AMENITIES": "None", "ADDRESS": "65 Reid Manor", "PHONE": "None", "URL": "https://www.toronto.ca/explore-enjoy/parks-recreation/places-spaces/parks-and-recreation-facilities/location/?id=2560" }, "geometry": { "type": "MultiPoint", "coordinates": [ [ -79.505138376102707, 43.637217808343898 ] ] } },
{ "type": "Feature", "properties": { "_id": 466, "LOCATIONID": "2606", "ASSET_ID": 968.0, "ASSET_NAME": "SNOWHILL PARK", "TYPE": "Park", "AMENITIES": "Ball Diamond, Playground", "ADDRESS": "15 Snowhill Cres", "PHONE": "None", "URL": "https://www.toronto.ca/explore-enjoy/parks-recreation/places-spaces/parks-and-recreation-facilities/location/?id=2606" }, "geometry": { "type": "MultiPoint", "coordinates": [ [ -79.263179235158802, 43.780737439486103 ] ] } },
{ "type": "Feature", "properties": { "_id": 467, "LOCATIONID": "3499", "ASSET_ID": 36962.0, "ASSET_NAME": "CORKTOWN COMMON", "TYPE": "Park", "AMENITIES": "Playground, Sports Field, Washroom", "ADDRESS": "155 Bayview Ave", "PHONE": "None", "URL": "https://www.toronto.ca/explore-enjoy/parks-recreation/places-spaces/parks-and-recreation-facilities/location/?id=3499" }, "geometry": { "type": "MultiPoint", "coordinates": [ [ -79.352461222352801, 43.654418402688997 ] ] } },
{ "type": "Feature", "properties": { "_id": 468, "LOCATIONID": "2116", "ASSET_ID": 247.0, "ASSET_NAME": "CULLEN BRYANT PARK", "TYPE": "Park", "AMENITIES": "Playground", "ADDRESS": "50 Barbara Cres", "PHONE": "None", "URL": "https://www.toronto.ca/explore-enjoy/parks-recreation/places-spaces/parks-and-recreation-facilities/location/?id=2116" }, "geometry": { "type": "MultiPoint", "coordinates": [ [ -79.328183020663303, 43.700484517117303 ] ] } },
{ "type": "Feature", "properties": { "_id": 469, "LOCATIONID": "1999", "ASSET_ID": 1030.0, "ASSET_NAME": "THE ELMS PARK", "TYPE": "Park", "AMENITIES": "Playground", "ADDRESS": "25 Auburndale Crt", "PHONE": "None", "URL": "https://www.toronto.ca/explore-enjoy/parks-recreation/places-spaces/parks-and-recreation-facilities/location/?id=1999" }, "geometry": { "type": "MultiPoint", "coordinates": [ [ -79.554145095859297, 43.719625901585701 ] ] } },
{ "type": "Feature", "properties": { "_id": 470, "LOCATIONID": "2657", "ASSET_ID": 1556.0, "ASSET_NAME": "UPPER ROUGE TRAIL PARK", "TYPE": "Park", "AMENITIES": "None", "ADDRESS": "124 Upper Rouge Trl", "PHONE": "None", "URL": "https://www.toronto.ca/explore-enjoy/parks-recreation/places-spaces/parks-and-recreation-facilities/location/?id=2657" }, "geometry": { "type": "MultiPoint", "coordinates": [ [ -79.185529338634296, 43.810953647404197 ] ] } },
{ "type": "Feature", "properties": { "_id": 471, "LOCATIONID": "2830", "ASSET_ID": 46682.0, "ASSET_NAME": "BONSPIEL PARK", "TYPE": "Park", "AMENITIES": "Playground", "ADDRESS": "50 Bonspiel Dr", "PHONE": "None", "URL": "https://www.toronto.ca/explore-enjoy/parks-recreation/places-spaces/parks-and-recreation-facilities/location/?id=2830" }, "geometry": { "type": "MultiPoint", "coordinates": [ [ -79.197903988935593, 43.791615407611602 ] ] } },
{ "type": "Feature", "properties": { "_id": 472, "LOCATIONID": "2393", "ASSET_ID": 1196.0, "ASSET_NAME": "BLACK CREEK SITE WEST", "TYPE": "Park", "AMENITIES": "None", "ADDRESS": "805 Jane St", "PHONE": "None", "URL": "https://www.toronto.ca/explore-enjoy/parks-recreation/places-spaces/parks-and-recreation-facilities/location/?id=2393" }, "geometry": { "type": "MultiPoint", "coordinates": [ [ -79.492004261062505, 43.6754280500313 ] ] } },
{ "type": "Feature", "properties": { "_id": 473, "LOCATIONID": "748", "ASSET_ID": 934.0, "ASSET_NAME": "SENECA HILL PARK", "TYPE": "Park", "AMENITIES": "Playground, Sports Field, Tennis Court", "ADDRESS": "620 Seneca Hill Dr", "PHONE": "None", "URL": "https://www.toronto.ca/explore-enjoy/parks-recreation/places-spaces/parks-and-recreation-facilities/location/?id=748" }, "geometry": { "type": "MultiPoint", "coordinates": [ [ -79.351731713193701, 43.7915047394902 ] ] } },
{ "type": "Feature", "properties": { "_id": 474, "LOCATIONID": "2422", "ASSET_ID": 508.0, "ASSET_NAME": "HUMBER BAY PROMENADE PARK", "TYPE": "Park", "AMENITIES": "None", "ADDRESS": "2195 Lake Shore Blvd W", "PHONE": "None", "URL": "https://www.toronto.ca/explore-enjoy/parks-recreation/places-spaces/parks-and-recreation-facilities/location/?id=2422" }, "geometry": { "type": "MultiPoint", "coordinates": [ [ -79.483047268837495, 43.618647244334703 ] ] } },
{ "type": "Feature", "properties": { "_id": 475, "LOCATIONID": "1460", "ASSET_ID": 312.0, "ASSET_NAME": "EAST DON PARKLAND", "TYPE": "Park", "AMENITIES": "None", "ADDRESS": "1240 Sheppard Ave E", "PHONE": "None", "URL": "https://www.toronto.ca/explore-enjoy/parks-recreation/places-spaces/parks-and-recreation-facilities/location/?id=1460" }, "geometry": { "type": "MultiPoint", "coordinates": [ [ -79.375150559380103, 43.787180660395002 ] ] } },
{ "type": "Feature", "properties": { "_id": 476, "LOCATIONID": "625", "ASSET_ID": 886.0, "ASSET_NAME": "RON WATSON PARK", "TYPE": "Park", "AMENITIES": "Ball Diamond, Playground, Sports Field", "ADDRESS": "140 Bonis Ave", "PHONE": "None", "URL": "https://www.toronto.ca/explore-enjoy/parks-recreation/places-spaces/parks-and-recreation-facilities/location/?id=625" }, "geometry": { "type": "MultiPoint", "coordinates": [ [ -79.296049978686497, 43.785991775628503 ] ] } },
{ "type": "Feature", "properties": { "_id": 477, "LOCATIONID": "1882", "ASSET_ID": 355.0, "ASSET_NAME": "FAIRFIELD PARK", "TYPE": "Park", "AMENITIES": "Playground", "ADDRESS": "90 Lothian Ave", "PHONE": "None", "URL": "https://www.toronto.ca/explore-enjoy/parks-recreation/places-spaces/parks-and-recreation-facilities/location/?id=1882" }, "geometry": { "type": "MultiPoint", "coordinates": [ [ -79.519609273918604, 43.638877860892897 ] ] } },
{ "type": "Feature", "properties": { "_id": 478, "LOCATIONID": "2681", "ASSET_ID": 1125.0, "ASSET_NAME": "WILLESDEN PARK", "TYPE": "Park", "AMENITIES": "Playground", "ADDRESS": "88 Willesden Rd", "PHONE": "None", "URL": "https://www.toronto.ca/explore-enjoy/parks-recreation/places-spaces/parks-and-recreation-facilities/location/?id=2681" }, "geometry": { "type": "MultiPoint", "coordinates": [ [ -79.362799317640494, 43.794181898173498 ] ] } },
{ "type": "Feature", "properties": { "_id": 479, "LOCATIONID": "850", "ASSET_ID": 688.0, "ASSET_NAME": "MASSEYGROVE PARK", "TYPE": "Park", "AMENITIES": "Basketball Court, Playground, Sports Field", "ADDRESS": "80 Kendleton Dr", "PHONE": "None", "URL": "https://www.toronto.ca/explore-enjoy/parks-recreation/places-spaces/parks-and-recreation-facilities/location/?id=850" }, "geometry": { "type": "MultiPoint", "coordinates": [ [ -79.587185297959707, 43.735004471369102 ] ] } },
{ "type": "Feature", "properties": { "_id": 480, "LOCATIONID": "2274", "ASSET_ID": 295.0, "ASSET_NAME": "DUBRAY PARKETTE", "TYPE": "Park", "AMENITIES": "None", "ADDRESS": "28 Dubray Ave", "PHONE": "None", "URL": "https://www.toronto.ca/explore-enjoy/parks-recreation/places-spaces/parks-and-recreation-facilities/location/?id=2274" }, "geometry": { "type": "MultiPoint", "coordinates": [ [ -79.478208840481599, 43.729754730675701 ] ] } },
{ "type": "Feature", "properties": { "_id": 481, "LOCATIONID": "769", "ASSET_ID": 1068.0, "ASSET_NAME": "UPWOOD GREENBELT", "TYPE": "Park", "AMENITIES": "Playground", "ADDRESS": "44 Marshlynn Ave", "PHONE": "None", "URL": "https://www.toronto.ca/explore-enjoy/parks-recreation/places-spaces/parks-and-recreation-facilities/location/?id=769" }, "geometry": { "type": "MultiPoint", "coordinates": [ [ -79.499396113525506, 43.706122014285597 ] ] } },
{ "type": "Feature", "properties": { "_id": 482, "LOCATIONID": "2143", "ASSET_ID": 91.0, "ASSET_NAME": "BERRY ROAD PARK", "TYPE": "Park", "AMENITIES": "None", "ADDRESS": "260 Berry Rd", "PHONE": "None", "URL": "https://www.toronto.ca/explore-enjoy/parks-recreation/places-spaces/parks-and-recreation-facilities/location/?id=2143" }, "geometry": { "type": "MultiPoint", "coordinates": [ [ -79.501440499622504, 43.6341189270698 ] ] } },
{ "type": "Feature", "properties": { "_id": 483, "LOCATIONID": "614", "ASSET_ID": 642.0, "ASSET_NAME": "LOCHLEVEN PARK", "TYPE": "Park", "AMENITIES": "Ball Diamond, Playground", "ADDRESS": "50 Lochleven Dr", "PHONE": "None", "URL": "https://www.toronto.ca/explore-enjoy/parks-recreation/places-spaces/parks-and-recreation-facilities/location/?id=614" }, "geometry": { "type": "MultiPoint", "coordinates": [ [ -79.221565989621794, 43.739853240181702 ] ] } },
{ "type": "Feature", "properties": { "_id": 484, "LOCATIONID": "826", "ASSET_ID": 74.0, "ASSET_NAME": "BEAUMONDE HEIGHTS PARK", "TYPE": "Park", "AMENITIES": "Ball Diamond, Pickleball Court, Playground, Tennis Court", "ADDRESS": "44 Amaron Ave", "PHONE": "None", "URL": "https://www.toronto.ca/explore-enjoy/parks-recreation/places-spaces/parks-and-recreation-facilities/location/?id=826" }, "geometry": { "type": "MultiPoint", "coordinates": [ [ -79.572479048267695, 43.739501519698997 ] ] } },
{ "type": "Feature", "properties": { "_id": 485, "LOCATIONID": "1868", "ASSET_ID": 693.0, "ASSET_NAME": "MAXOME PARK", "TYPE": "Park", "AMENITIES": "Playground", "ADDRESS": "67 Maxome Ave", "PHONE": "None", "URL": "https://www.toronto.ca/explore-enjoy/parks-recreation/places-spaces/parks-and-recreation-facilities/location/?id=1868" }, "geometry": { "type": "MultiPoint", "coordinates": [ [ -79.399393830110199, 43.787740571839798 ] ] } },
{ "type": "Feature", "properties": { "_id": 486, "LOCATIONID": "858", "ASSET_ID": 802.0, "ASSET_NAME": "PARK LAWN PARK", "TYPE": "Park", "AMENITIES": "Ball Diamond, Pickleball Court, Playground, Sports Field, Tennis Court", "ADDRESS": "330 Park Lawn Rd", "PHONE": "None", "URL": "https://www.toronto.ca/explore-enjoy/parks-recreation/places-spaces/parks-and-recreation-facilities/location/?id=858" }, "geometry": { "type": "MultiPoint", "coordinates": [ [ -79.494685067951806, 43.637281800098201 ] ] } },
{ "type": "Feature", "properties": { "_id": 487, "LOCATIONID": "2273", "ASSET_ID": 1717.0, "ASSET_NAME": "DRUMSNAB PARKETTE", "TYPE": "Park", "AMENITIES": "None", "ADDRESS": "8 Drumsnab Rd", "PHONE": "None", "URL": "https://www.toronto.ca/explore-enjoy/parks-recreation/places-spaces/parks-and-recreation-facilities/location/?id=2273" }, "geometry": { "type": "MultiPoint", "coordinates": [ [ -79.367627496696599, 43.674946212311198 ] ] } },
{ "type": "Feature", "properties": { "_id": 488, "LOCATIONID": "2307", "ASSET_ID": 200.0, "ASSET_NAME": "CLAIRLEA PARK", "TYPE": "Park", "AMENITIES": "Outdoor Dry Pad, Pickleball Court, Playground, Sports Field, Tennis Court", "ADDRESS": "45 Fairfax Cres", "PHONE": "None", "URL": "https://www.toronto.ca/explore-enjoy/parks-recreation/places-spaces/parks-and-recreation-facilities/location/?id=2307" }, "geometry": { "type": "MultiPoint", "coordinates": [ [ -79.287677929024795, 43.714296664097702 ] ] } },
{ "type": "Feature", "properties": { "_id": 489, "LOCATIONID": "2674", "ASSET_ID": 846.0, "ASSET_NAME": "QUEEN'S PARK", "TYPE": "Park", "AMENITIES": "None", "ADDRESS": "110 Wellesley St W", "PHONE": "None", "URL": "https://www.toronto.ca/explore-enjoy/parks-recreation/places-spaces/parks-and-recreation-facilities/location/?id=2674" }, "geometry": { "type": "MultiPoint", "coordinates": [ [ -79.392358895202307, 43.664617289163601 ] ] } },
{ "type": "Feature", "properties": { "_id": 490, "LOCATIONID": "833", "ASSET_ID": 608.0, "ASSET_NAME": "LAUGHLIN PARK", "TYPE": "Park", "AMENITIES": "Outdoor Ping Pong/Table Tennis, Playground", "ADDRESS": "420 Atlas Ave", "PHONE": "None", "URL": "https://www.toronto.ca/explore-enjoy/parks-recreation/places-spaces/parks-and-recreation-facilities/location/?id=833" }, "geometry": { "type": "MultiPoint", "coordinates": [ [ -79.436445002145803, 43.692821342371602 ] ] } },
{ "type": "Feature", "properties": { "_id": 491, "LOCATIONID": "56", "ASSET_ID": 416.0, "ASSET_NAME": "GLEN EDYTH DRIVE PARKETTE", "TYPE": "Park", "AMENITIES": "Playground", "ADDRESS": "2 Glen Edyth Dr", "PHONE": "None", "URL": "https://www.toronto.ca/explore-enjoy/parks-recreation/places-spaces/parks-and-recreation-facilities/location/?id=56" }, "geometry": { "type": "MultiPoint", "coordinates": [ [ -79.404591547355693, 43.678655605478397 ] ] } },
{ "type": "Feature", "properties": { "_id": 492, "LOCATIONID": "2145", "ASSET_ID": 95.0, "ASSET_NAME": "BETHUNE PARK", "TYPE": "Park", "AMENITIES": "Basketball Court, Playground", "ADDRESS": "75 Bethune Blvd", "PHONE": "None", "URL": "https://www.toronto.ca/explore-enjoy/parks-recreation/places-spaces/parks-and-recreation-facilities/location/?id=2145" }, "geometry": { "type": "MultiPoint", "coordinates": [ [ -79.209866685877401, 43.743568735941402 ] ] } },
{ "type": "Feature", "properties": { "_id": 493, "LOCATIONID": "1038", "ASSET_ID": 611.0, "ASSET_NAME": "LAVERY TRAIL PARK", "TYPE": "Park", "AMENITIES": "None", "ADDRESS": "40 Lavery Trl", "PHONE": "None", "URL": "https://www.toronto.ca/explore-enjoy/parks-recreation/places-spaces/parks-and-recreation-facilities/location/?id=1038" }, "geometry": { "type": "MultiPoint", "coordinates": [ [ -79.163255418171701, 43.7970615558501 ] ] } },
{ "type": "Feature", "properties": { "_id": 494, "LOCATIONID": "541", "ASSET_ID": 97.0, "ASSET_NAME": "BEVERLY GLEN PARK", "TYPE": "Park", "AMENITIES": "Ball Diamond, Playground, Sports Field", "ADDRESS": "75 Beverly Glen Blvd", "PHONE": "None", "URL": "https://www.toronto.ca/explore-enjoy/parks-recreation/places-spaces/parks-and-recreation-facilities/location/?id=541" }, "geometry": { "type": "MultiPoint", "coordinates": [ [ -79.324961239172396, 43.7983224879613 ] ] } },
{ "type": "Feature", "properties": { "_id": 495, "LOCATIONID": "880", "ASSET_ID": 338.0, "ASSET_NAME": "ELM PARK - YORK", "TYPE": "Park", "AMENITIES": "Playground", "ADDRESS": "54 Elm St", "PHONE": "None", "URL": "https://www.toronto.ca/explore-enjoy/parks-recreation/places-spaces/parks-and-recreation-facilities/location/?id=880" }, "geometry": { "type": "MultiPoint", "coordinates": [ [ -79.516265596284697, 43.706332757561597 ] ] } },
{ "type": "Feature", "properties": { "_id": 496, "LOCATIONID": "29", "ASSET_ID": 1026.0, "ASSET_NAME": "TAYLOR CREEK PARK", "TYPE": "Park", "AMENITIES": "Firepit, Picnic Site, Washroom", "ADDRESS": "260 Dawes Rd", "PHONE": "None", "URL": "https://www.toronto.ca/explore-enjoy/parks-recreation/places-spaces/parks-and-recreation-facilities/location/?id=29" }, "geometry": { "type": "MultiPoint", "coordinates": [ [ -79.310566578039399, 43.699884288505402 ] ] } },
{ "type": "Feature", "properties": { "_id": 497, "LOCATIONID": "2016", "ASSET_ID": 6.0, "ASSET_NAME": "MARYLAND PARK", "TYPE": "Park", "AMENITIES": "Playground, Tennis Court, Washroom", "ADDRESS": "19 Maryland Blvd", "PHONE": "None", "URL": "https://www.toronto.ca/explore-enjoy/parks-recreation/places-spaces/parks-and-recreation-facilities/location/?id=2016" }, "geometry": { "type": "MultiPoint", "coordinates": [ [ -79.295201342018203, 43.691845197535002 ] ] } },
{ "type": "Feature", "properties": { "_id": 498, "LOCATIONID": "144", "ASSET_ID": 385.0, "ASSET_NAME": "FRANKEL - LAMBERT PARK", "TYPE": "Park", "AMENITIES": "Basketball Court, Outdoor Ping Pong/Table Tennis, Playground", "ADDRESS": "340 Christie St", "PHONE": "None", "URL": "https://www.toronto.ca/explore-enjoy/parks-recreation/places-spaces/parks-and-recreation-facilities/location/?id=144" }, "geometry": { "type": "MultiPoint", "coordinates": [ [ -79.424453270092599, 43.672162187024099 ] ] } },
{ "type": "Feature", "properties": { "_id": 499, "LOCATIONID": "836", "ASSET_ID": 1084.0, "ASSET_NAME": "WALTER SAUNDERS MEMORIAL PARK", "TYPE": "Park", "AMENITIES": "Basketball Court, Outdoor Fitness Equipment, Playground", "ADDRESS": "440 Hopewell Ave", "PHONE": "None", "URL": "https://www.toronto.ca/explore-enjoy/parks-recreation/places-spaces/parks-and-recreation-facilities/location/?id=836" }, "geometry": { "type": "MultiPoint", "coordinates": [ [ -79.447777605949994, 43.699739531047499 ] ] } },
{ "type": "Feature", "properties": { "_id": 500, "LOCATIONID": "1879", "ASSET_ID": 526.0, "ASSET_NAME": "IONVIEW PARK", "TYPE": "Park", "AMENITIES": "Playground", "ADDRESS": "110 Ionview Rd", "PHONE": "None", "URL": "https://www.toronto.ca/explore-enjoy/parks-recreation/places-spaces/parks-and-recreation-facilities/location/?id=1879" }, "geometry": { "type": "MultiPoint", "coordinates": [ [ -79.275283139121996, 43.739083745476599 ] ] } },
{ "type": "Feature", "properties": { "_id": 501, "LOCATIONID": "551", "ASSET_ID": 1292.0, "ASSET_NAME": "ELLISON PARK", "TYPE": "Park", "AMENITIES": "None", "ADDRESS": "50 Yeomans Rd", "PHONE": "None", "URL": "https://www.toronto.ca/explore-enjoy/parks-recreation/places-spaces/parks-and-recreation-facilities/location/?id=551" }, "geometry": { "type": "MultiPoint", "coordinates": [ [ -79.442240603935701, 43.748838789747701 ] ] } },
{ "type": "Feature", "properties": { "_id": 502, "LOCATIONID": "384", "ASSET_ID": 799.0, "ASSET_NAME": "MATTY ECKLER PLAYGROUND", "TYPE": "Park", "AMENITIES": "Outdoor Ping Pong/Table Tennis, Playground", "ADDRESS": "953 Gerrard St E", "PHONE": "None", "URL": "https://www.toronto.ca/explore-enjoy/parks-recreation/places-spaces/parks-and-recreation-facilities/location/?id=384" }, "geometry": { "type": "MultiPoint", "coordinates": [ [ -79.338832286332305, 43.667985915457997 ] ] } },
{ "type": "Feature", "properties": { "_id": 503, "LOCATIONID": "639", "ASSET_ID": 417.0, "ASSET_NAME": "GLEN LONG PARK", "TYPE": "Park", "AMENITIES": "Playground", "ADDRESS": "35 Glen Long Ave", "PHONE": "None", "URL": "https://www.toronto.ca/explore-enjoy/parks-recreation/places-spaces/parks-and-recreation-facilities/location/?id=639" }, "geometry": { "type": "MultiPoint", "coordinates": [ [ -79.455793417232897, 43.708747221564302 ] ] } },
{ "type": "Feature", "properties": { "_id": 504, "LOCATIONID": "726", "ASSET_ID": 761.0, "ASSET_NAME": "NORTH BENDALE PARK", "TYPE": "Park", "AMENITIES": "Ball Diamond, Playground, Tennis Court", "ADDRESS": "40 Erinlea Cres", "PHONE": "None", "URL": "https://www.toronto.ca/explore-enjoy/parks-recreation/places-spaces/parks-and-recreation-facilities/location/?id=726" }, "geometry": { "type": "MultiPoint", "coordinates": [ [ -79.244794991963204, 43.769708261675902 ] ] } },
{ "type": "Feature", "properties": { "_id": 505, "LOCATIONID": "710", "ASSET_ID": 706.0, "ASSET_NAME": "MEGAN PARK", "TYPE": "Park", "AMENITIES": "Playground", "ADDRESS": "40 Fern Meadow Rd", "PHONE": "None", "URL": "https://www.toronto.ca/explore-enjoy/parks-recreation/places-spaces/parks-and-recreation-facilities/location/?id=710" }, "geometry": { "type": "MultiPoint", "coordinates": [ [ -79.173291736994301, 43.7743530122858 ] ] } },
{ "type": "Feature", "properties": { "_id": 506, "LOCATIONID": "3790", "ASSET_ID": 240.0, "ASSET_NAME": "WEST TORONTO RAILPATH", "TYPE": "Park", "AMENITIES": "None", "ADDRESS": "1457 Bloor St W", "PHONE": "None", "URL": "https://www.toronto.ca/explore-enjoy/parks-recreation/places-spaces/parks-and-recreation-facilities/location/?id=3790" }, "geometry": { "type": "MultiPoint", "coordinates": [ [ -79.4519418977372, 43.659366004080098 ] ] } },
{ "type": "Feature", "properties": { "_id": 507, "LOCATIONID": "1003", "ASSET_ID": 3.0, "ASSET_NAME": "ACACIA PARK", "TYPE": "Park", "AMENITIES": "Playground", "ADDRESS": "68 Lilac Ave", "PHONE": "None", "URL": "https://www.toronto.ca/explore-enjoy/parks-recreation/places-spaces/parks-and-recreation-facilities/location/?id=1003" }, "geometry": { "type": "MultiPoint", "coordinates": [ [ -79.541205121180198, 43.7199197708483 ] ] } },
{ "type": "Feature", "properties": { "_id": 508, "LOCATIONID": "676", "ASSET_ID": 489.0, "ASSET_NAME": "HIGHVIEW PARK", "TYPE": "Park", "AMENITIES": "Ball Diamond, Outdoor Fitness Equipment, Sports Field, Washroom", "ADDRESS": "150 Highview Ave", "PHONE": "None", "URL": "https://www.toronto.ca/explore-enjoy/parks-recreation/places-spaces/parks-and-recreation-facilities/location/?id=676" }, "geometry": { "type": "MultiPoint", "coordinates": [ [ -79.257938655121393, 43.702676454349501 ] ] } },
{ "type": "Feature", "properties": { "_id": 509, "LOCATIONID": "2065", "ASSET_ID": 955.0, "ASSET_NAME": "SIR ADAM BECK PARK", "TYPE": "Park", "AMENITIES": "Pickleball Court, Tennis Court, Washroom", "ADDRESS": "55 Eltham Dr", "PHONE": "None", "URL": "https://www.toronto.ca/explore-enjoy/parks-recreation/places-spaces/parks-and-recreation-facilities/location/?id=2065" }, "geometry": { "type": "MultiPoint", "coordinates": [ [ -79.547549102702305, 43.602121413155601 ] ] } },
{ "type": "Feature", "properties": { "_id": 510, "LOCATIONID": "595", "ASSET_ID": 150.0, "ASSET_NAME": "CANMORE PARK", "TYPE": "Park", "AMENITIES": "Ball Diamond, Sports Field", "ADDRESS": "101 Canmore Blvd", "PHONE": "None", "URL": "https://www.toronto.ca/explore-enjoy/parks-recreation/places-spaces/parks-and-recreation-facilities/location/?id=595" }, "geometry": { "type": "MultiPoint", "coordinates": [ [ -79.177278826146505, 43.793083524307498 ] ] } },
{ "type": "Feature", "properties": { "_id": 511, "LOCATIONID": "2279", "ASSET_ID": 1849.0, "ASSET_NAME": "LES ANTHONY PARKETTE", "TYPE": "Park", "AMENITIES": "None", "ADDRESS": "5 Dunkirk Rd", "PHONE": "None", "URL": "https://www.toronto.ca/explore-enjoy/parks-recreation/places-spaces/parks-and-recreation-facilities/location/?id=2279" }, "geometry": { "type": "MultiPoint", "coordinates": [ [ -79.322938527397099, 43.691448816685501 ] ] } },
{ "type": "Feature", "properties": { "_id": 512, "LOCATIONID": "521", "ASSET_ID": 94.0, "ASSET_NAME": "BESTVIEW PARK", "TYPE": "Park", "AMENITIES": "Ball Diamond, Pickleball Court, Playground, Tennis Court", "ADDRESS": "115 Bestview Dr", "PHONE": "None", "URL": "https://www.toronto.ca/explore-enjoy/parks-recreation/places-spaces/parks-and-recreation-facilities/location/?id=521" }, "geometry": { "type": "MultiPoint", "coordinates": [ [ -79.383611573418506, 43.802587079200002 ] ] } },
{ "type": "Feature", "properties": { "_id": 513, "LOCATIONID": "661", "ASSET_ID": 496.0, "ASSET_NAME": "HOBART PARK", "TYPE": "Park", "AMENITIES": "Ball Diamond, Playground", "ADDRESS": "39 Hobart Dr", "PHONE": "None", "URL": "https://www.toronto.ca/explore-enjoy/parks-recreation/places-spaces/parks-and-recreation-facilities/location/?id=661" }, "geometry": { "type": "MultiPoint", "coordinates": [ [ -79.348576151918294, 43.789225132452898 ] ] } },
{ "type": "Feature", "properties": { "_id": 514, "LOCATIONID": "741", "ASSET_ID": 918.0, "ASSET_NAME": "SANDOWN PARK", "TYPE": "Park", "AMENITIES": "Playground, Sports Field", "ADDRESS": "50 Natal Ave", "PHONE": "None", "URL": "https://www.toronto.ca/explore-enjoy/parks-recreation/places-spaces/parks-and-recreation-facilities/location/?id=741" }, "geometry": { "type": "MultiPoint", "coordinates": [ [ -79.253350742804002, 43.710002086720301 ] ] } },
{ "type": "Feature", "properties": { "_id": 515, "LOCATIONID": "2587", "ASSET_ID": 945.0, "ASSET_NAME": "SHEPTON WAY PARK", "TYPE": "Park", "AMENITIES": "Playground", "ADDRESS": "115 Sanwood Blvd", "PHONE": "None", "URL": "https://www.toronto.ca/explore-enjoy/parks-recreation/places-spaces/parks-and-recreation-facilities/location/?id=2587" }, "geometry": { "type": "MultiPoint", "coordinates": [ [ -79.305669931559194, 43.816218341601598 ] ] } },
{ "type": "Feature", "properties": { "_id": 516, "LOCATIONID": "2430", "ASSET_ID": 239.0, "ASSET_NAME": "COXWELL RAVINE PARK", "TYPE": "Park", "AMENITIES": "Dog Off-Leash Area, Picnic Site", "ADDRESS": "460 O'Connor Dr", "PHONE": "None", "URL": "https://www.toronto.ca/explore-enjoy/parks-recreation/places-spaces/parks-and-recreation-facilities/location/?id=2430" }, "geometry": { "type": "MultiPoint", "coordinates": [ [ -79.333912035195596, 43.698998547210998 ] ] } },
{ "type": "Feature", "properties": { "_id": 517, "LOCATIONID": "2501", "ASSET_ID": 517.0, "ASSET_NAME": "HUMMINGBIRD PARK", "TYPE": "Park", "AMENITIES": "Playground", "ADDRESS": "40 Oasis Blvd", "PHONE": "None", "URL": "https://www.toronto.ca/explore-enjoy/parks-recreation/places-spaces/parks-and-recreation-facilities/location/?id=2501" }, "geometry": { "type": "MultiPoint", "coordinates": [ [ -79.236065148748096, 43.827958489009198 ] ] } },
{ "type": "Feature", "properties": { "_id": 518, "LOCATIONID": "532", "ASSET_ID": 325.0, "ASSET_NAME": "EDGELEY PARK", "TYPE": "Park", "AMENITIES": "Basketball Court, Outdoor Ping Pong/Table Tennis, Playground", "ADDRESS": "4401 Jane St", "PHONE": "None", "URL": "https://www.toronto.ca/explore-enjoy/parks-recreation/places-spaces/parks-and-recreation-facilities/location/?id=532" }, "geometry": { "type": "MultiPoint", "coordinates": [ [ -79.518248340993495, 43.765392743424599 ] ] } },
{ "type": "Feature", "properties": { "_id": 519, "LOCATIONID": "1000", "ASSET_ID": 764.0, "ASSET_NAME": "NORTH KIPLING PARK", "TYPE": "Park", "AMENITIES": "Basketball Court, Playground", "ADDRESS": "2 Rowntree Rd", "PHONE": "None", "URL": "https://www.toronto.ca/explore-enjoy/parks-recreation/places-spaces/parks-and-recreation-facilities/location/?id=1000" }, "geometry": { "type": "MultiPoint", "coordinates": [ [ -79.584756787747594, 43.752166490431101 ] ] } },
{ "type": "Feature", "properties": { "_id": 520, "LOCATIONID": "141", "ASSET_ID": 720.0, "ASSET_NAME": "MILNER PARKETTE", "TYPE": "Park", "AMENITIES": "None", "ADDRESS": "675 Church St", "PHONE": "None", "URL": "https://www.toronto.ca/explore-enjoy/parks-recreation/places-spaces/parks-and-recreation-facilities/location/?id=141" }, "geometry": { "type": "MultiPoint", "coordinates": [ [ -79.383593595619502, 43.672257707170097 ] ] } },
{ "type": "Feature", "properties": { "_id": 521, "LOCATIONID": "2013", "ASSET_ID": 515.0, "ASSET_NAME": "HUMBERWOOD PARK", "TYPE": "Park", "AMENITIES": "Ball Diamond", "ADDRESS": "850 Humberwood Blvd", "PHONE": "None", "URL": "https://www.toronto.ca/explore-enjoy/parks-recreation/places-spaces/parks-and-recreation-facilities/location/?id=2013" }, "geometry": { "type": "MultiPoint", "coordinates": [ [ -79.619666871817302, 43.728497244730498 ] ] } },
{ "type": "Feature", "properties": { "_id": 522, "LOCATIONID": "711", "ASSET_ID": 782.0, "ASSET_NAME": "OLD ORCHARD PARK", "TYPE": "Park", "AMENITIES": "Playground", "ADDRESS": "465 Orchard Grv", "PHONE": "None", "URL": "https://www.toronto.ca/explore-enjoy/parks-recreation/places-spaces/parks-and-recreation-facilities/location/?id=711" }, "geometry": { "type": "MultiPoint", "coordinates": [ [ -79.421904322176005, 43.730718788448598 ] ] } },
{ "type": "Feature", "properties": { "_id": 523, "LOCATIONID": "1508", "ASSET_ID": 512.0, "ASSET_NAME": "HUMBERLINE PARK", "TYPE": "Park", "AMENITIES": "Basketball Court, Playground, Washroom", "ADDRESS": "32 Humberline Dr", "PHONE": "None", "URL": "https://www.toronto.ca/explore-enjoy/parks-recreation/places-spaces/parks-and-recreation-facilities/location/?id=1508" }, "geometry": { "type": "MultiPoint", "coordinates": [ [ -79.6153240310977, 43.730967138170698 ] ] } },
{ "type": "Feature", "properties": { "_id": 524, "LOCATIONID": "260", "ASSET_ID": 1083.0, "ASSET_NAME": "WALLACE EMERSON PARK", "TYPE": "Park", "AMENITIES": "Basketball Court, Outdoor Dry Pad, Playground, Sports Field", "ADDRESS": "1260 Dufferin St", "PHONE": "None", "URL": "https://www.toronto.ca/explore-enjoy/parks-recreation/places-spaces/parks-and-recreation-facilities/location/?id=260" }, "geometry": { "type": "MultiPoint", "coordinates": [ [ -79.440509675981303, 43.666780233638001 ] ] } },
{ "type": "Feature", "properties": { "_id": 525, "LOCATIONID": "2182", "ASSET_ID": 142.0, "ASSET_NAME": "BURNHAMILL PARK", "TYPE": "Park", "AMENITIES": "Playground", "ADDRESS": "379 Mill Rd", "PHONE": "None", "URL": "https://www.toronto.ca/explore-enjoy/parks-recreation/places-spaces/parks-and-recreation-facilities/location/?id=2182" }, "geometry": { "type": "MultiPoint", "coordinates": [ [ -79.585634391326494, 43.642085002745901 ] ] } },
{ "type": "Feature", "properties": { "_id": 526, "LOCATIONID": "2726", "ASSET_ID": 26.0, "ASSET_NAME": "LAMPORT STADIUM PARK", "TYPE": "Park", "AMENITIES": "Outdoor Ping Pong/Table Tennis, Playground", "ADDRESS": "1155 King St W", "PHONE": "None", "URL": "https://www.toronto.ca/explore-enjoy/parks-recreation/places-spaces/parks-and-recreation-facilities/location/?id=2726" }, "geometry": { "type": "MultiPoint", "coordinates": [ [ -79.423184760882293, 43.638769256901703 ] ] } },
{ "type": "Feature", "properties": { "_id": 527, "LOCATIONID": "496", "ASSET_ID": 243.0, "ASSET_NAME": "CRESTHAVEN PARK", "TYPE": "Park", "AMENITIES": "Playground, Tennis Court", "ADDRESS": "37 Cresthaven Dr", "PHONE": "None", "URL": "https://www.toronto.ca/explore-enjoy/parks-recreation/places-spaces/parks-and-recreation-facilities/location/?id=496" }, "geometry": { "type": "MultiPoint", "coordinates": [ [ -79.363259573353901, 43.798988143549202 ] ] } },
{ "type": "Feature", "properties": { "_id": 528, "LOCATIONID": "849", "ASSET_ID": 683.0, "ASSET_NAME": "MARTINGROVE GARDENS PARK", "TYPE": "Park", "AMENITIES": "Ball Diamond, Outdoor Dry Pad, Pickleball Court, Playground, Tennis Court", "ADDRESS": "31 Lavington Dr", "PHONE": "None", "URL": "https://www.toronto.ca/explore-enjoy/parks-recreation/places-spaces/parks-and-recreation-facilities/location/?id=849" }, "geometry": { "type": "MultiPoint", "coordinates": [ [ -79.563336836914004, 43.6891656137498 ] ] } },
{ "type": "Feature", "properties": { "_id": 529, "LOCATIONID": "115", "ASSET_ID": 787.0, "ASSET_NAME": "ORCHARD PARK", "TYPE": "Park", "AMENITIES": "Firepit, Outdoor Ping Pong/Table Tennis, Picnic Site, Playground", "ADDRESS": "1987 Dundas St E", "PHONE": "None", "URL": "https://www.toronto.ca/explore-enjoy/parks-recreation/places-spaces/parks-and-recreation-facilities/location/?id=115" }, "geometry": { "type": "MultiPoint", "coordinates": [ [ -79.314137932267698, 43.668724796539202 ] ] } },
{ "type": "Feature", "properties": { "_id": 530, "LOCATIONID": "791", "ASSET_ID": 701.0, "ASSET_NAME": "MCDAIRMID WOODS PARK", "TYPE": "Park", "AMENITIES": "Pickleball Court, Playground, Sports Field, Tennis Court", "ADDRESS": "51 Rubic Cres", "PHONE": "None", "URL": "https://www.toronto.ca/explore-enjoy/parks-recreation/places-spaces/parks-and-recreation-facilities/location/?id=791" }, "geometry": { "type": "MultiPoint", "coordinates": [ [ -79.267608143739395, 43.779855560482297 ] ] } },
{ "type": "Feature", "properties": { "_id": 531, "LOCATIONID": "2262", "ASSET_ID": 225.0, "ASSET_NAME": "CONFEDERATION PARK", "TYPE": "Park", "AMENITIES": "Basketball Court, Dog Off-Leash Area, Outdoor Dry Pad, Outdoor Fitness Equipment, Playground, Tennis Court", "ADDRESS": "250 Dolly Varden Blvd", "PHONE": "None", "URL": "https://www.toronto.ca/explore-enjoy/parks-recreation/places-spaces/parks-and-recreation-facilities/location/?id=2262" }, "geometry": { "type": "MultiPoint", "coordinates": [ [ -79.236147073959501, 43.773919559510297 ] ] } },
{ "type": "Feature", "properties": { "_id": 532, "LOCATIONID": "923", "ASSET_ID": 16.0, "ASSET_NAME": "ALBION GARDENS PARK", "TYPE": "Park", "AMENITIES": "Pickleball Court, Playground, Tennis Court", "ADDRESS": "41 Deanlea Crt", "PHONE": "None", "URL": "https://www.toronto.ca/explore-enjoy/parks-recreation/places-spaces/parks-and-recreation-facilities/location/?id=923" }, "geometry": { "type": "MultiPoint", "coordinates": [ [ -79.558917214297196, 43.739644180114297 ] ] } },
{ "type": "Feature", "properties": { "_id": 533, "LOCATIONID": "2517", "ASSET_ID": 1381.0, "ASSET_NAME": "KIWANIS PARKETTE", "TYPE": "Park", "AMENITIES": "None", "ADDRESS": "1410 Pape Ave", "PHONE": "None", "URL": "https://www.toronto.ca/explore-enjoy/parks-recreation/places-spaces/parks-and-recreation-facilities/location/?id=2517" }, "geometry": { "type": "MultiPoint", "coordinates": [ [ -79.349664763891994, 43.697063768282803 ] ] } },
{ "type": "Feature", "properties": { "_id": 534, "LOCATIONID": "471", "ASSET_ID": 681.0, "ASSET_NAME": "MARILYN BELL PARK", "TYPE": "Park", "AMENITIES": "Disc Golf", "ADDRESS": "1095 Lake Shore Blvd W", "PHONE": "None", "URL": "https://www.toronto.ca/explore-enjoy/parks-recreation/places-spaces/parks-and-recreation-facilities/location/?id=471" }, "geometry": { "type": "MultiPoint", "coordinates": [ [ -79.430179700698901, 43.630775705922602 ] ] } },
{ "type": "Feature", "properties": { "_id": 535, "LOCATIONID": "925", "ASSET_ID": 1954.0, "ASSET_NAME": "SEVERN CREEK PARK", "TYPE": "Park", "AMENITIES": "None", "ADDRESS": "8 R Cluny Dr", "PHONE": "None", "URL": "https://www.toronto.ca/explore-enjoy/parks-recreation/places-spaces/parks-and-recreation-facilities/location/?id=925" }, "geometry": { "type": "MultiPoint", "coordinates": [ [ -79.386474442769796, 43.675581957769097 ] ] } },
{ "type": "Feature", "properties": { "_id": 536, "LOCATIONID": "2750", "ASSET_ID": 1976.0, "ASSET_NAME": "STANLEY PARK SOUTH - TORONTO", "TYPE": "Park", "AMENITIES": "Ball Diamond, Dog Off-Leash Area, Outdoor Ping Pong/Table Tennis, Pickleball Court, Tennis Court, Washroom", "ADDRESS": "700 Wellington St W", "PHONE": "None", "URL": "https://www.toronto.ca/explore-enjoy/parks-recreation/places-spaces/parks-and-recreation-facilities/location/?id=2750" }, "geometry": { "type": "MultiPoint", "coordinates": [ [ -79.408934823224101, 43.641910769607897 ] ] } },
{ "type": "Feature", "properties": { "_id": 537, "LOCATIONID": "1025", "ASSET_ID": 87.0, "ASSET_NAME": "BENNINGTON HEIGHTS PARK", "TYPE": "Park", "AMENITIES": "Ball Diamond, Pickleball Court, Playground, Tennis Court, Washroom", "ADDRESS": "465 Heath St E", "PHONE": "None", "URL": "https://www.toronto.ca/explore-enjoy/parks-recreation/places-spaces/parks-and-recreation-facilities/location/?id=1025" }, "geometry": { "type": "MultiPoint", "coordinates": [ [ -79.369565869243502, 43.695004663379201 ] ] } },
{ "type": "Feature", "properties": { "_id": 538, "LOCATIONID": "609", "ASSET_ID": 324.0, "ASSET_NAME": "EDGE PARK", "TYPE": "Park", "AMENITIES": "Playground, Sports Field", "ADDRESS": "15 Edge Park Ave", "PHONE": "None", "URL": "https://www.toronto.ca/explore-enjoy/parks-recreation/places-spaces/parks-and-recreation-facilities/location/?id=609" }, "geometry": { "type": "MultiPoint", "coordinates": [ [ -79.298195811959005, 43.717482826977502 ] ] } },
{ "type": "Feature", "properties": { "_id": 539, "LOCATIONID": "635", "ASSET_ID": 486.0, "ASSET_NAME": "HIGHLAND CREEK COMMUNITY PARK", "TYPE": "Park", "AMENITIES": "Ball Diamond, Playground", "ADDRESS": "3500 Ellesmere Rd", "PHONE": "None", "URL": "https://www.toronto.ca/explore-enjoy/parks-recreation/places-spaces/parks-and-recreation-facilities/location/?id=635" }, "geometry": { "type": "MultiPoint", "coordinates": [ [ -79.179683044866294, 43.7899080365667 ] ] } },
{ "type": "Feature", "properties": { "_id": 540, "LOCATIONID": "2636", "ASSET_ID": 1023.0, "ASSET_NAME": "TALWOOD PARK", "TYPE": "Park", "AMENITIES": "Playground", "ADDRESS": "36 Talwood Dr", "PHONE": "None", "URL": "https://www.toronto.ca/explore-enjoy/parks-recreation/places-spaces/parks-and-recreation-facilities/location/?id=2636" }, "geometry": { "type": "MultiPoint", "coordinates": [ [ -79.355660628341099, 43.740060838058298 ] ] } },
{ "type": "Feature", "properties": { "_id": 541, "LOCATIONID": "1501", "ASSET_ID": 621.0, "ASSET_NAME": "LEONARD LINTON PARK", "TYPE": "Park", "AMENITIES": "Basketball Court, Playground, Skateboarding", "ADDRESS": "60 Research Rd", "PHONE": "None", "URL": "https://www.toronto.ca/explore-enjoy/parks-recreation/places-spaces/parks-and-recreation-facilities/location/?id=1501" }, "geometry": { "type": "MultiPoint", "coordinates": [ [ -79.3540705472968, 43.713438311098898 ] ] } },
{ "type": "Feature", "properties": { "_id": 542, "LOCATIONID": "123", "ASSET_ID": 623.0, "ASSET_NAME": "LESLIE GROVE PARK", "TYPE": "Park", "AMENITIES": "Outdoor Ping Pong/Table Tennis, Playground, Washroom", "ADDRESS": "1158 Queen St E", "PHONE": "None", "URL": "https://www.toronto.ca/explore-enjoy/parks-recreation/places-spaces/parks-and-recreation-facilities/location/?id=123" }, "geometry": { "type": "MultiPoint", "coordinates": [ [ -79.333558585772707, 43.663159664546498 ] ] } },
{ "type": "Feature", "properties": { "_id": 543, "LOCATIONID": "2542", "ASSET_ID": 675.0, "ASSET_NAME": "HTO PARK WEST", "TYPE": "Park", "AMENITIES": "None", "ADDRESS": "375 Queens Quay W", "PHONE": "None", "URL": "https://www.toronto.ca/explore-enjoy/parks-recreation/places-spaces/parks-and-recreation-facilities/location/?id=2542" }, "geometry": { "type": "MultiPoint", "coordinates": [ [ -79.390222562954705, 43.637468282592302 ] ] } },
{ "type": "Feature", "properties": { "_id": 544, "LOCATIONID": "2695", "ASSET_ID": 1596.0, "ASSET_NAME": "WOODSWORTH PARKETTE", "TYPE": "Park", "AMENITIES": "None", "ADDRESS": "280 Woodsworth Rd", "PHONE": "None", "URL": "https://www.toronto.ca/explore-enjoy/parks-recreation/places-spaces/parks-and-recreation-facilities/location/?id=2695" }, "geometry": { "type": "MultiPoint", "coordinates": [ [ -79.365851235946195, 43.765278255508797 ] ] } },
{ "type": "Feature", "properties": { "_id": 545, "LOCATIONID": "527", "ASSET_ID": 40.0, "ASSET_NAME": "ANSON PARK", "TYPE": "Park", "AMENITIES": "Ball Diamond", "ADDRESS": "50 Macduff Cres", "PHONE": "None", "URL": "https://www.toronto.ca/explore-enjoy/parks-recreation/places-spaces/parks-and-recreation-facilities/location/?id=527" }, "geometry": { "type": "MultiPoint", "coordinates": [ [ -79.239844508830302, 43.7271943247313 ] ] } },
{ "type": "Feature", "properties": { "_id": 546, "LOCATIONID": "378", "ASSET_ID": 660.0, "ASSET_NAME": "MACGREGOR PLAYGROUND", "TYPE": "Park", "AMENITIES": "Ball Diamond, Basketball Court, Playground, Washroom", "ADDRESS": "346 Lansdowne Ave", "PHONE": "None", "URL": "https://www.toronto.ca/explore-enjoy/parks-recreation/places-spaces/parks-and-recreation-facilities/location/?id=378" }, "geometry": { "type": "MultiPoint", "coordinates": [ [ -79.442109577653696, 43.6531646200621 ] ] } },
{ "type": "Feature", "properties": { "_id": 547, "LOCATIONID": "774", "ASSET_ID": 1099.0, "ASSET_NAME": "WENDERLY PARK", "TYPE": "Park", "AMENITIES": "Ball Diamond, Playground", "ADDRESS": "89 Wenderly Dr", "PHONE": "None", "URL": "https://www.toronto.ca/explore-enjoy/parks-recreation/places-spaces/parks-and-recreation-facilities/location/?id=774" }, "geometry": { "type": "MultiPoint", "coordinates": [ [ -79.446470019914202, 43.711695119940003 ] ] } },
{ "type": "Feature", "properties": { "_id": 548, "LOCATIONID": "1893", "ASSET_ID": 353.0, "ASSET_NAME": "EXBURY PARK", "TYPE": "Park", "AMENITIES": "Playground", "ADDRESS": "128 EXBURY RD", "PHONE": "None", "URL": "https://www.toronto.ca/explore-enjoy/parks-recreation/places-spaces/parks-and-recreation-facilities/location/?id=1893" }, "geometry": { "type": "MultiPoint", "coordinates": [ [ -79.504198887900998, 43.730437152122299 ] ] } },
{ "type": "Feature", "properties": { "_id": 549, "LOCATIONID": "2622", "ASSET_ID": 1406.0, "ASSET_NAME": "MASON ROAD PARK", "TYPE": "Park", "AMENITIES": "None", "ADDRESS": "11 Stanland Dr", "PHONE": "None", "URL": "https://www.toronto.ca/explore-enjoy/parks-recreation/places-spaces/parks-and-recreation-facilities/location/?id=2622" }, "geometry": { "type": "MultiPoint", "coordinates": [ [ -79.224991874129003, 43.736735348437797 ] ] } },
{ "type": "Feature", "properties": { "_id": 550, "LOCATIONID": "372", "ASSET_ID": 1330.0, "ASSET_NAME": "GLENVIEW PARKETTE", "TYPE": "Park", "AMENITIES": "None", "ADDRESS": "60 Glenview Ave", "PHONE": "None", "URL": "https://www.toronto.ca/explore-enjoy/parks-recreation/places-spaces/parks-and-recreation-facilities/location/?id=372" }, "geometry": { "type": "MultiPoint", "coordinates": [ [ -79.404076236419996, 43.720339945079097 ] ] } },
{ "type": "Feature", "properties": { "_id": 551, "LOCATIONID": "2579", "ASSET_ID": 913.0, "ASSET_NAME": "SADDLETREE PARK", "TYPE": "Park", "AMENITIES": "Basketball Court, Playground", "ADDRESS": "50 Saddletree Dr", "PHONE": "None", "URL": "https://www.toronto.ca/explore-enjoy/parks-recreation/places-spaces/parks-and-recreation-facilities/location/?id=2579" }, "geometry": { "type": "MultiPoint", "coordinates": [ [ -79.377438825868296, 43.804900700598601 ] ] } },
{ "type": "Feature", "properties": { "_id": 552, "LOCATIONID": "844", "ASSET_ID": 485.0, "ASSET_NAME": "HIGHFIELD PARK", "TYPE": "Park", "AMENITIES": "Playground", "ADDRESS": "68 Stevenson Rd", "PHONE": "None", "URL": "https://www.toronto.ca/explore-enjoy/parks-recreation/places-spaces/parks-and-recreation-facilities/location/?id=844" }, "geometry": { "type": "MultiPoint", "coordinates": [ [ -79.589200439170099, 43.744363914896802 ] ] } },
{ "type": "Feature", "properties": { "_id": 553, "LOCATIONID": "1956", "ASSET_ID": 516.0, "ASSET_NAME": "HUMEWOOD PARK", "TYPE": "Park", "AMENITIES": "Playground", "ADDRESS": "37 Humewood Dr", "PHONE": "None", "URL": "https://www.toronto.ca/explore-enjoy/parks-recreation/places-spaces/parks-and-recreation-facilities/location/?id=1956" }, "geometry": { "type": "MultiPoint", "coordinates": [ [ -79.426143767749295, 43.683698209956802 ] ] } },
{ "type": "Feature", "properties": { "_id": 554, "LOCATIONID": "424", "ASSET_ID": 1021.0, "ASSET_NAME": "HOWARD TALBOT PARK", "TYPE": "Park", "AMENITIES": "Ball Diamond, Pickleball Court, Playground, Sports Field, Tennis Court, Washroom", "ADDRESS": "635 Eglinton Ave E", "PHONE": "None", "URL": "https://www.toronto.ca/explore-enjoy/parks-recreation/places-spaces/parks-and-recreation-facilities/location/?id=424" }, "geometry": { "type": "MultiPoint", "coordinates": [ [ -79.373753373419802, 43.710603501973203 ] ] } },
{ "type": "Feature", "properties": { "_id": 555, "LOCATIONID": "73", "ASSET_ID": 48.0, "ASSET_NAME": "ART EGGLETON PARK", "TYPE": "Park", "AMENITIES": "Outdoor Ping Pong/Table Tennis, Playground", "ADDRESS": "323 Harbord St", "PHONE": "None", "URL": "https://www.toronto.ca/explore-enjoy/parks-recreation/places-spaces/parks-and-recreation-facilities/location/?id=73" }, "geometry": { "type": "MultiPoint", "coordinates": [ [ -79.418359166740302, 43.659316951340301 ] ] } },
{ "type": "Feature", "properties": { "_id": 556, "LOCATIONID": "770", "ASSET_ID": 1070.0, "ASSET_NAME": "VAN HORNE PARK", "TYPE": "Park", "AMENITIES": "Basketball Court, Outdoor Fitness Equipment, Playground, Sports Field", "ADDRESS": "561 Van Horne Ave", "PHONE": "None", "URL": "https://www.toronto.ca/explore-enjoy/parks-recreation/places-spaces/parks-and-recreation-facilities/location/?id=770" }, "geometry": { "type": "MultiPoint", "coordinates": [ [ -79.337408418363793, 43.786871546228902 ] ] } },
{ "type": "Feature", "properties": { "_id": 557, "LOCATIONID": "2406", "ASSET_ID": 1174.0, "ASSET_NAME": "AVRO PARK", "TYPE": "Park", "AMENITIES": "None", "ADDRESS": "55 Keswick Rd", "PHONE": "None", "URL": "https://www.toronto.ca/explore-enjoy/parks-recreation/places-spaces/parks-and-recreation-facilities/location/?id=2406" }, "geometry": { "type": "MultiPoint", "coordinates": [ [ -79.462030974216006, 43.736549967974497 ] ] } },
{ "type": "Feature", "properties": { "_id": 558, "LOCATIONID": "872", "ASSET_ID": 1097.0, "ASSET_NAME": "WELLESWORTH PARK", "TYPE": "Park", "AMENITIES": "Ball Diamond, Playground, Sports Field, Washroom", "ADDRESS": "55 Dixfield Dr", "PHONE": "None", "URL": "https://www.toronto.ca/explore-enjoy/parks-recreation/places-spaces/parks-and-recreation-facilities/location/?id=872" }, "geometry": { "type": "MultiPoint", "coordinates": [ [ -79.574302949038398, 43.656614386650197 ] ] } },
{ "type": "Feature", "properties": { "_id": 559, "LOCATIONID": "3868", "ASSET_ID": 849730.0, "ASSET_NAME": "50 QUEENS QUAY EAST PARK", "TYPE": "Park", "AMENITIES": "Dog Off-Leash Area, Outdoor Dry Pad, Pickleball Court", "ADDRESS": "50 QUEENS QUAY E", "PHONE": "None", "URL": "https://www.toronto.ca/explore-enjoy/parks-recreation/places-spaces/parks-and-recreation-facilities/location/?id=3868" }, "geometry": { "type": "MultiPoint", "coordinates": [ [ -79.372497441233804, 43.643244631139801 ] ] } },
{ "type": "Feature", "properties": { "_id": 560, "LOCATIONID": "142", "ASSET_ID": 379.0, "ASSET_NAME": "FOREST HILL ROAD PARK", "TYPE": "Park", "AMENITIES": "Playground", "ADDRESS": "179 A Forest Hill Rd", "PHONE": "None", "URL": "https://www.toronto.ca/explore-enjoy/parks-recreation/places-spaces/parks-and-recreation-facilities/location/?id=142" }, "geometry": { "type": "MultiPoint", "coordinates": [ [ -79.406861562606395, 43.697849016165897 ] ] } },
{ "type": "Feature", "properties": { "_id": 561, "LOCATIONID": "2184", "ASSET_ID": 1215.0, "ASSET_NAME": "CAMBORNE PARKETTE", "TYPE": "Park", "AMENITIES": "None", "ADDRESS": "110 Camborne Ave", "PHONE": "None", "URL": "https://www.toronto.ca/explore-enjoy/parks-recreation/places-spaces/parks-and-recreation-facilities/location/?id=2184" }, "geometry": { "type": "MultiPoint", "coordinates": [ [ -79.497719098537303, 43.733474438310999 ] ] } },
{ "type": "Feature", "properties": { "_id": 562, "LOCATIONID": "323", "ASSET_ID": 1203.0, "ASSET_NAME": "BOULTON DRIVE PARKETTE", "TYPE": "Park", "AMENITIES": "None", "ADDRESS": "15 Boulton Dr", "PHONE": "None", "URL": "https://www.toronto.ca/explore-enjoy/parks-recreation/places-spaces/parks-and-recreation-facilities/location/?id=323" }, "geometry": { "type": "MultiPoint", "coordinates": [ [ -79.403266570695706, 43.677756574569798 ] ] } },
{ "type": "Feature", "properties": { "_id": 563, "LOCATIONID": "2617", "ASSET_ID": 1521.0, "ASSET_NAME": "ST. STEVENS COURT PARKETTE", "TYPE": "Park", "AMENITIES": "None", "ADDRESS": "2 St Stevens Crt", "PHONE": "None", "URL": "https://www.toronto.ca/explore-enjoy/parks-recreation/places-spaces/parks-and-recreation-facilities/location/?id=2617" }, "geometry": { "type": "MultiPoint", "coordinates": [ [ -79.520044628539296, 43.664064948646498 ] ] } },
{ "type": "Feature", "properties": { "_id": 564, "LOCATIONID": "146", "ASSET_ID": 729.0, "ASSET_NAME": "MONCUR PLAYGROUND", "TYPE": "Park", "AMENITIES": "Ball Diamond, Outdoor Dry Pad, Playground", "ADDRESS": "10 Gainsborough Rd", "PHONE": "None", "URL": "https://www.toronto.ca/explore-enjoy/parks-recreation/places-spaces/parks-and-recreation-facilities/location/?id=146" }, "geometry": { "type": "MultiPoint", "coordinates": [ [ -79.317607289737396, 43.671109597864501 ] ] } },
{ "type": "Feature", "properties": { "_id": 565, "LOCATIONID": "2043", "ASSET_ID": 136.0, "ASSET_NAME": "BROOKWELL PARK", "TYPE": "Park", "AMENITIES": "Basketball Court, Playground", "ADDRESS": "44 Streamdale Crt", "PHONE": "None", "URL": "https://www.toronto.ca/explore-enjoy/parks-recreation/places-spaces/parks-and-recreation-facilities/location/?id=2043" }, "geometry": { "type": "MultiPoint", "coordinates": [ [ -79.4899670435411, 43.745885371117602 ] ] } },
{ "type": "Feature", "properties": { "_id": 566, "LOCATIONID": "2132", "ASSET_ID": 1636.0, "ASSET_NAME": "BEECHGROVE PARK", "TYPE": "Park", "AMENITIES": "Playground", "ADDRESS": "182 Beechgrove Dr", "PHONE": "None", "URL": "https://www.toronto.ca/explore-enjoy/parks-recreation/places-spaces/parks-and-recreation-facilities/location/?id=2132" }, "geometry": { "type": "MultiPoint", "coordinates": [ [ -79.160716639865299, 43.769167142626799 ] ] } },
{ "type": "Feature", "properties": { "_id": 567, "LOCATIONID": "536", "ASSET_ID": 116.0, "ASSET_NAME": "BLUEHAVEN PARK", "TYPE": "Park", "AMENITIES": "Outdoor Fitness Equipment, Playground, Sports Field", "ADDRESS": "19 Blue Haven Cres", "PHONE": "None", "URL": "https://www.toronto.ca/explore-enjoy/parks-recreation/places-spaces/parks-and-recreation-facilities/location/?id=536" }, "geometry": { "type": "MultiPoint", "coordinates": [ [ -79.555545228728406, 43.745286615230903 ] ] } },
{ "type": "Feature", "properties": { "_id": 568, "LOCATIONID": "2477", "ASSET_ID": 1062.0, "ASSET_NAME": "TRUE DAVIDSON PARK", "TYPE": "Park", "AMENITIES": "None", "ADDRESS": "160 Memorial Park Ave", "PHONE": "None", "URL": "https://www.toronto.ca/explore-enjoy/parks-recreation/places-spaces/parks-and-recreation-facilities/location/?id=2477" }, "geometry": { "type": "MultiPoint", "coordinates": [ [ -79.330211387114204, 43.692115469114803 ] ] } },
{ "type": "Feature", "properties": { "_id": 569, "LOCATIONID": "2171", "ASSET_ID": 220.0, "ASSET_NAME": "COLONIAL PARK", "TYPE": "Park", "AMENITIES": "Playground", "ADDRESS": "150 Bridlegrove Dr", "PHONE": "None", "URL": "https://www.toronto.ca/explore-enjoy/parks-recreation/places-spaces/parks-and-recreation-facilities/location/?id=2171" }, "geometry": { "type": "MultiPoint", "coordinates": [ [ -79.232535675027805, 43.738486623745302 ] ] } },
{ "type": "Feature", "properties": { "_id": 570, "LOCATIONID": "2718", "ASSET_ID": 1182.0, "ASSET_NAME": "BATHURST - WILSON PARKETTE", "TYPE": "Park", "AMENITIES": "None", "ADDRESS": "3749 Bathurst St", "PHONE": "None", "URL": "https://www.toronto.ca/explore-enjoy/parks-recreation/places-spaces/parks-and-recreation-facilities/location/?id=2718" }, "geometry": { "type": "MultiPoint", "coordinates": [ [ -79.433221532372201, 43.737036299169901 ] ] } },
{ "type": "Feature", "properties": { "_id": 571, "LOCATIONID": "1476", "ASSET_ID": 1156.0, "ASSET_NAME": "YORK MILLS VALLEY PARK", "TYPE": "Park", "AMENITIES": "Playground, Tennis Court", "ADDRESS": "3865 Yonge St", "PHONE": "None", "URL": "https://www.toronto.ca/explore-enjoy/parks-recreation/places-spaces/parks-and-recreation-facilities/location/?id=1476" }, "geometry": { "type": "MultiPoint", "coordinates": [ [ -79.4047893185991, 43.7393437778261 ] ] } },
{ "type": "Feature", "properties": { "_id": 572, "LOCATIONID": "2084", "ASSET_ID": 1064.0, "ASSET_NAME": "TURNBERRY NORTH PARK", "TYPE": "Park", "AMENITIES": "Playground", "ADDRESS": "44 Algarve Cres", "PHONE": "None", "URL": "https://www.toronto.ca/explore-enjoy/parks-recreation/places-spaces/parks-and-recreation-facilities/location/?id=2084" }, "geometry": { "type": "MultiPoint", "coordinates": [ [ -79.466876847406795, 43.679254644965503 ] ] } },
{ "type": "Feature", "properties": { "_id": 573, "LOCATIONID": "2535", "ASSET_ID": 627.0, "ASSET_NAME": "LEYTON TOT LOT", "TYPE": "Park", "AMENITIES": "Playground", "ADDRESS": "100 Prairie Dr", "PHONE": "None", "URL": "https://www.toronto.ca/explore-enjoy/parks-recreation/places-spaces/parks-and-recreation-facilities/location/?id=2535" }, "geometry": { "type": "MultiPoint", "coordinates": [ [ -79.280790625935794, 43.6987051301587 ] ] } },
{ "type": "Feature", "properties": { "_id": 574, "LOCATIONID": "2628", "ASSET_ID": 19.0, "ASSET_NAME": "ALEX MARCHETTI PARK", "TYPE": "Park", "AMENITIES": "Playground", "ADDRESS": "1 Sun Row Dr", "PHONE": "None", "URL": "https://www.toronto.ca/explore-enjoy/parks-recreation/places-spaces/parks-and-recreation-facilities/location/?id=2628" }, "geometry": { "type": "MultiPoint", "coordinates": [ [ -79.541030547592399, 43.695358858444997 ] ] } },
{ "type": "Feature", "properties": { "_id": 575, "LOCATIONID": "2742", "ASSET_ID": 25123.0, "ASSET_NAME": "REGAN PARK", "TYPE": "Park", "AMENITIES": "Playground", "ADDRESS": "9310 Sheppard Ave E", "PHONE": "None", "URL": "https://www.toronto.ca/explore-enjoy/parks-recreation/places-spaces/parks-and-recreation-facilities/location/?id=2742" }, "geometry": { "type": "MultiPoint", "coordinates": [ [ -79.180205691933907, 43.806770472496197 ] ] } },
{ "type": "Feature", "properties": { "_id": 576, "LOCATIONID": "2818", "ASSET_ID": 42063.0, "ASSET_NAME": "SUNNYSIDE BIKE PARK", "TYPE": "Park", "AMENITIES": "None", "ADDRESS": "3 Ellis Ave", "PHONE": "None", "URL": "https://www.toronto.ca/explore-enjoy/parks-recreation/places-spaces/parks-and-recreation-facilities/location/?id=2818" }, "geometry": { "type": "MultiPoint", "coordinates": [ [ -79.464598041285896, 43.636960106432497 ] ] } },
{ "type": "Feature", "properties": { "_id": 577, "LOCATIONID": "2475", "ASSET_ID": 929.0, "ASSET_NAME": "SCOTIA PARKETTE", "TYPE": "Park", "AMENITIES": "None", "ADDRESS": "3534 Danforth Ave", "PHONE": "None", "URL": "https://www.toronto.ca/explore-enjoy/parks-recreation/places-spaces/parks-and-recreation-facilities/location/?id=2475" }, "geometry": { "type": "MultiPoint", "coordinates": [ [ -79.271965842556497, 43.694993927819397 ] ] } },
{ "type": "Feature", "properties": { "_id": 578, "LOCATIONID": "459", "ASSET_ID": 193.0, "ASSET_NAME": "CHERRY BEACH SPORTS FIELDS", "TYPE": "Park", "AMENITIES": "Playground, Sports Field, Washroom", "ADDRESS": "275 Unwin Ave", "PHONE": "None", "URL": "https://www.toronto.ca/explore-enjoy/parks-recreation/places-spaces/parks-and-recreation-facilities/location/?id=459" }, "geometry": { "type": "MultiPoint", "coordinates": [ [ -79.341530951968807, 43.640767075630201 ] ] } },
{ "type": "Feature", "properties": { "_id": 579, "LOCATIONID": "306", "ASSET_ID": 1140.0, "ASSET_NAME": "WITHROW PARK", "TYPE": "Park", "AMENITIES": "Ball Diamond, Basketball Court, Dog Off-Leash Area, Firepit, Outdoor Dry Pad, Outdoor Fitness Equipment, Outdoor Ping Pong/Table Tennis, Pickleball Court, Picnic Site, Playground, Sports Field, Tennis Court, Washroom", "ADDRESS": "725 Logan Ave", "PHONE": "None", "URL": "https://www.toronto.ca/explore-enjoy/parks-recreation/places-spaces/parks-and-recreation-facilities/location/?id=306" }, "geometry": { "type": "MultiPoint", "coordinates": [ [ -79.346933056335303, 43.674432062177502 ] ] } },
{ "type": "Feature", "properties": { "_id": 580, "LOCATIONID": "2349", "ASSET_ID": 433.0, "ASSET_NAME": "GRACEFIELD PARK", "TYPE": "Park", "AMENITIES": "Playground", "ADDRESS": "175 Gracefield Ave", "PHONE": "None", "URL": "https://www.toronto.ca/explore-enjoy/parks-recreation/places-spaces/parks-and-recreation-facilities/location/?id=2349" }, "geometry": { "type": "MultiPoint", "coordinates": [ [ -79.491334696125506, 43.708060966402599 ] ] } },
{ "type": "Feature", "properties": { "_id": 581, "LOCATIONID": "2015", "ASSET_ID": 378.0, "ASSET_NAME": "FLORENCE GELL PARK", "TYPE": "Park", "AMENITIES": "Playground", "ADDRESS": "85 Varsity Rd", "PHONE": "None", "URL": "https://www.toronto.ca/explore-enjoy/parks-recreation/places-spaces/parks-and-recreation-facilities/location/?id=2015" }, "geometry": { "type": "MultiPoint", "coordinates": [ [ -79.498165801562493, 43.661945588248201 ] ] } },
{ "type": "Feature", "properties": { "_id": 582, "LOCATIONID": "2150", "ASSET_ID": 113.0, "ASSET_NAME": "REKAI FAMILY PARKETTE", "TYPE": "Park", "AMENITIES": "None", "ADDRESS": "625 Bloor St E", "PHONE": "None", "URL": "https://www.toronto.ca/explore-enjoy/parks-recreation/places-spaces/parks-and-recreation-facilities/location/?id=2150" }, "geometry": { "type": "MultiPoint", "coordinates": [ [ -79.369872266774294, 43.671976507626297 ] ] } },
{ "type": "Feature", "properties": { "_id": 583, "LOCATIONID": "268", "ASSET_ID": 552.0, "ASSET_NAME": "JOEL WEEKS PARK", "TYPE": "Park", "AMENITIES": "Basketball Court, Playground", "ADDRESS": "10 Thompson St", "PHONE": "None", "URL": "https://www.toronto.ca/explore-enjoy/parks-recreation/places-spaces/parks-and-recreation-facilities/location/?id=268" }, "geometry": { "type": "MultiPoint", "coordinates": [ [ -79.3527837670335, 43.659537930953803 ] ] } },
{ "type": "Feature", "properties": { "_id": 584, "LOCATIONID": "2362", "ASSET_ID": 1483.0, "ASSET_NAME": "ROBERT LEEK MEMORIAL PARK", "TYPE": "Park", "AMENITIES": "Playground", "ADDRESS": "3 Hanover Rd", "PHONE": "None", "URL": "https://www.toronto.ca/explore-enjoy/parks-recreation/places-spaces/parks-and-recreation-facilities/location/?id=2362" }, "geometry": { "type": "MultiPoint", "coordinates": [ [ -79.467001262549601, 43.737893026378003 ] ] } },
{ "type": "Feature", "properties": { "_id": 585, "LOCATIONID": "2423", "ASSET_ID": 972.0, "ASSET_NAME": "SOUTHERN LINEAR PARK", "TYPE": "Park", "AMENITIES": "None", "ADDRESS": "350 Lake Shore Blvd W", "PHONE": "None", "URL": "https://www.toronto.ca/explore-enjoy/parks-recreation/places-spaces/parks-and-recreation-facilities/location/?id=2423" }, "geometry": { "type": "MultiPoint", "coordinates": [ [ -79.391144288051805, 43.639381741086503 ] ] } },
{ "type": "Feature", "properties": { "_id": 586, "LOCATIONID": "233", "ASSET_ID": 1493.0, "ASSET_NAME": "ROYCROFT PARK LANDS", "TYPE": "Park", "AMENITIES": "None", "ADDRESS": "150 Boulton Dr", "PHONE": "None", "URL": "https://www.toronto.ca/explore-enjoy/parks-recreation/places-spaces/parks-and-recreation-facilities/location/?id=233" }, "geometry": { "type": "MultiPoint", "coordinates": [ [ -79.405251571623893, 43.680676472476598 ] ] } },
{ "type": "Feature", "properties": { "_id": 587, "LOCATIONID": "254", "ASSET_ID": 798.0, "ASSET_NAME": "PANTRY PARK", "TYPE": "Park", "AMENITIES": "Outdoor Track, Sports Field, Washroom", "ADDRESS": "70 Kewbeach Ave", "PHONE": "None", "URL": "https://www.toronto.ca/explore-enjoy/parks-recreation/places-spaces/parks-and-recreation-facilities/location/?id=254" }, "geometry": { "type": "MultiPoint", "coordinates": [ [ -79.301998601424302, 43.667272113608803 ] ] } },
{ "type": "Feature", "properties": { "_id": 588, "LOCATIONID": "2740", "ASSET_ID": 622.0, "ASSET_NAME": "LESCON PARK", "TYPE": "Park", "AMENITIES": "Playground", "ADDRESS": "67 Nymark Ave", "PHONE": "None", "URL": "https://www.toronto.ca/explore-enjoy/parks-recreation/places-spaces/parks-and-recreation-facilities/location/?id=2740" }, "geometry": { "type": "MultiPoint", "coordinates": [ [ -79.359434641634195, 43.779913741574703 ] ] } },
{ "type": "Feature", "properties": { "_id": 589, "LOCATIONID": "377", "ASSET_ID": 607.0, "ASSET_NAME": "LARRY SEFTON PARK", "TYPE": "Park", "AMENITIES": "None", "ADDRESS": "500 Bay St", "PHONE": "None", "URL": "https://www.toronto.ca/explore-enjoy/parks-recreation/places-spaces/parks-and-recreation-facilities/location/?id=377" }, "geometry": { "type": "MultiPoint", "coordinates": [ [ -79.383661904440999, 43.6543992712825 ] ] } },
{ "type": "Feature", "properties": { "_id": 590, "LOCATIONID": "2444", "ASSET_ID": 1393.0, "ASSET_NAME": "LINKWOOD LANE PARKETTE", "TYPE": "Park", "AMENITIES": "None", "ADDRESS": "400 Linkwood Lane", "PHONE": "None", "URL": "https://www.toronto.ca/explore-enjoy/parks-recreation/places-spaces/parks-and-recreation-facilities/location/?id=2444" }, "geometry": { "type": "MultiPoint", "coordinates": [ [ -79.327458052962598, 43.718768029242902 ] ] } },
{ "type": "Feature", "properties": { "_id": 591, "LOCATIONID": "3737", "ASSET_ID": 61102.0, "ASSET_NAME": "120 QUEENS QUAY E PARK", "TYPE": "Park", "AMENITIES": "None", "ADDRESS": "120 Queens Quay E", "PHONE": "None", "URL": "https://www.toronto.ca/explore-enjoy/parks-recreation/places-spaces/parks-and-recreation-facilities/location/?id=3737" }, "geometry": { "type": "MultiPoint", "coordinates": [ [ -79.368945061358104, 43.644316214586397 ] ] } },
{ "type": "Feature", "properties": { "_id": 592, "LOCATIONID": "337", "ASSET_ID": 310.0, "ASSET_NAME": "EARL BALES PARK", "TYPE": "Park", "AMENITIES": "Dog Off-Leash Area, Firepit, Picnic Site, Playground, Washroom", "ADDRESS": "4169 Bathurst St", "PHONE": "None", "URL": "https://www.toronto.ca/explore-enjoy/parks-recreation/places-spaces/parks-and-recreation-facilities/location/?id=337" }, "geometry": { "type": "MultiPoint", "coordinates": [ [ -79.431123090325798, 43.752648852738403 ] ] } },
{ "type": "Feature", "properties": { "_id": 593, "LOCATIONID": "2049", "ASSET_ID": 290.0, "ASSET_NAME": "DOUGLAS PARK", "TYPE": "Park", "AMENITIES": "Playground", "ADDRESS": "481 Evans Ave", "PHONE": "None", "URL": "https://www.toronto.ca/explore-enjoy/parks-recreation/places-spaces/parks-and-recreation-facilities/location/?id=2049" }, "geometry": { "type": "MultiPoint", "coordinates": [ [ -79.5369887325881, 43.612016250592099 ] ] } },
{ "type": "Feature", "properties": { "_id": 594, "LOCATIONID": "2047", "ASSET_ID": 109.0, "ASSET_NAME": "BISSET PARK", "TYPE": "Park", "AMENITIES": "None", "ADDRESS": "20 Bisset Ave", "PHONE": "None", "URL": "https://www.toronto.ca/explore-enjoy/parks-recreation/places-spaces/parks-and-recreation-facilities/location/?id=2047" }, "geometry": { "type": "MultiPoint", "coordinates": [ [ -79.554543421687498, 43.608928737615898 ] ] } },
{ "type": "Feature", "properties": { "_id": 595, "LOCATIONID": "2432", "ASSET_ID": 1391.0, "ASSET_NAME": "LAURA ELLIS PARK", "TYPE": "Park", "AMENITIES": "None", "ADDRESS": "30 Laura Ellis Crt", "PHONE": "None", "URL": "https://www.toronto.ca/explore-enjoy/parks-recreation/places-spaces/parks-and-recreation-facilities/location/?id=2432" }, "geometry": { "type": "MultiPoint", "coordinates": [ [ -79.151117585608802, 43.791921653826201 ] ] } },
{ "type": "Feature", "properties": { "_id": 596, "LOCATIONID": "2046", "ASSET_ID": 17.0, "ASSET_NAME": "ALDERWOOD MEMORIAL PARK", "TYPE": "Park", "AMENITIES": "Playground", "ADDRESS": "215 Sheldon Ave", "PHONE": "None", "URL": "https://www.toronto.ca/explore-enjoy/parks-recreation/places-spaces/parks-and-recreation-facilities/location/?id=2046" }, "geometry": { "type": "MultiPoint", "coordinates": [ [ -79.544369853663994, 43.605464257890503 ] ] } },
{ "type": "Feature", "properties": { "_id": 597, "LOCATIONID": "348", "ASSET_ID": 970.0, "ASSET_NAME": "SORAUREN AVENUE PARK", "TYPE": "Park", "AMENITIES": "Ball Diamond, Dog Off-Leash Area, Sports Field, Tennis Court", "ADDRESS": "289 Sorauren Ave", "PHONE": "None", "URL": "https://www.toronto.ca/explore-enjoy/parks-recreation/places-spaces/parks-and-recreation-facilities/location/?id=348" }, "geometry": { "type": "MultiPoint", "coordinates": [ [ -79.443067479780794, 43.648648731638403 ] ] } },
{ "type": "Feature", "properties": { "_id": 598, "LOCATIONID": "343", "ASSET_ID": 878.0, "ASSET_NAME": "RIVERDALE PARK EAST", "TYPE": "Park", "AMENITIES": "Ball Diamond, Dog Off-Leash Area, Outdoor Dry Pad, Outdoor Fitness Equipment, Outdoor Ping Pong/Table Tennis, Outdoor Track, Pickleball Court, Picnic Site, Playground, Sports Field, Tennis Court, Washroom", "ADDRESS": "550 Broadview Ave", "PHONE": "None", "URL": "https://www.toronto.ca/explore-enjoy/parks-recreation/places-spaces/parks-and-recreation-facilities/location/?id=343" }, "geometry": { "type": "MultiPoint", "coordinates": [ [ -79.355740864538305, 43.670050465007201 ] ] } },
{ "type": "Feature", "properties": { "_id": 599, "LOCATIONID": "1897", "ASSET_ID": 1403.0, "ASSET_NAME": "MALLORY GREEN", "TYPE": "Park", "AMENITIES": "None", "ADDRESS": "33 Mallory Cres", "PHONE": "None", "URL": "https://www.toronto.ca/explore-enjoy/parks-recreation/places-spaces/parks-and-recreation-facilities/location/?id=1897" }, "geometry": { "type": "MultiPoint", "coordinates": [ [ -79.367191615623298, 43.695592180044002 ] ] } },
{ "type": "Feature", "properties": { "_id": 600, "LOCATIONID": "18", "ASSET_ID": 1401.0, "ASSET_NAME": "MACPHERSON AVENUE PARKETTE", "TYPE": "Park", "AMENITIES": "None", "ADDRESS": "205 Macpherson Ave", "PHONE": "None", "URL": "https://www.toronto.ca/explore-enjoy/parks-recreation/places-spaces/parks-and-recreation-facilities/location/?id=18" }, "geometry": { "type": "MultiPoint", "coordinates": [ [ -79.398570841581702, 43.677823956898798 ] ] } },
{ "type": "Feature", "properties": { "_id": 601, "LOCATIONID": "110", "ASSET_ID": 546.0, "ASSET_NAME": "JEFF SLOAN PLAYGROUND", "TYPE": "Park", "AMENITIES": "Playground", "ADDRESS": "137 R Kingston Rd", "PHONE": "None", "URL": "https://www.toronto.ca/explore-enjoy/parks-recreation/places-spaces/parks-and-recreation-facilities/location/?id=110" }, "geometry": { "type": "MultiPoint", "coordinates": [ [ -79.309926064184594, 43.670532268567399 ] ] } },
{ "type": "Feature", "properties": { "_id": 602, "LOCATIONID": "285", "ASSET_ID": 1582.0, "ASSET_NAME": "WHITEHALL PARKETTE", "TYPE": "Park", "AMENITIES": "None", "ADDRESS": "2 Whitehall Rd", "PHONE": "None", "URL": "https://www.toronto.ca/explore-enjoy/parks-recreation/places-spaces/parks-and-recreation-facilities/location/?id=285" }, "geometry": { "type": "MultiPoint", "coordinates": [ [ -79.383321055618396, 43.684329850699001 ] ] } },
{ "type": "Feature", "properties": { "_id": 603, "LOCATIONID": "1082", "ASSET_ID": 620.0, "ASSET_NAME": "LEN FORD PARK", "TYPE": "Park", "AMENITIES": "None", "ADDRESS": "295 Lake Promenade", "PHONE": "None", "URL": "https://www.toronto.ca/explore-enjoy/parks-recreation/places-spaces/parks-and-recreation-facilities/location/?id=1082" }, "geometry": { "type": "MultiPoint", "coordinates": [ [ -79.533235028628795, 43.588254275226703 ] ] } },
{ "type": "Feature", "properties": { "_id": 604, "LOCATIONID": "1014", "ASSET_ID": 1033.0, "ASSET_NAME": "THIRTY EIGHTH STREET PARK", "TYPE": "Park", "AMENITIES": "Playground", "ADDRESS": "351 Lake Promenade", "PHONE": "None", "URL": "https://www.toronto.ca/explore-enjoy/parks-recreation/places-spaces/parks-and-recreation-facilities/location/?id=1014" }, "geometry": { "type": "MultiPoint", "coordinates": [ [ -79.537383094227593, 43.588198742326099 ] ] } },
{ "type": "Feature", "properties": { "_id": 605, "LOCATIONID": "2710", "ASSET_ID": 2008.0, "ASSET_NAME": "UNDERPASS PARK", "TYPE": "Park", "AMENITIES": "Basketball Court, Picnic Site, Playground, Skateboarding", "ADDRESS": "33 St Lawrence St", "PHONE": "None", "URL": "https://www.toronto.ca/explore-enjoy/parks-recreation/places-spaces/parks-and-recreation-facilities/location/?id=2710" }, "geometry": { "type": "MultiPoint", "coordinates": [ [ -79.354806376870997, 43.655764731216102 ] ] } },
{ "type": "Feature", "properties": { "_id": 606, "LOCATIONID": "2284", "ASSET_ID": 1871.0, "ASSET_NAME": "MEASUREMENT PARK", "TYPE": "Park", "AMENITIES": "None", "ADDRESS": "1167 Eastern Ave", "PHONE": "None", "URL": "https://www.toronto.ca/explore-enjoy/parks-recreation/places-spaces/parks-and-recreation-facilities/location/?id=2284" }, "geometry": { "type": "MultiPoint", "coordinates": [ [ -79.312596461017804, 43.666353201300403 ] ] } },
{ "type": "Feature", "properties": { "_id": 607, "LOCATIONID": "2299", "ASSET_ID": 339.0, "ASSET_NAME": "ELMBROOK PARK", "TYPE": "Park", "AMENITIES": "Playground", "ADDRESS": "2 Elmbrook Cres", "PHONE": "None", "URL": "https://www.toronto.ca/explore-enjoy/parks-recreation/places-spaces/parks-and-recreation-facilities/location/?id=2299" }, "geometry": { "type": "MultiPoint", "coordinates": [ [ -79.584437181740597, 43.6605139533021 ] ] } },
{ "type": "Feature", "properties": { "_id": 608, "LOCATIONID": "286", "ASSET_ID": 1585.0, "ASSET_NAME": "WHITNEY PARK", "TYPE": "Park", "AMENITIES": "None", "ADDRESS": "149 Roxborough Dr", "PHONE": "None", "URL": "https://www.toronto.ca/explore-enjoy/parks-recreation/places-spaces/parks-and-recreation-facilities/location/?id=286" }, "geometry": { "type": "MultiPoint", "coordinates": [ [ -79.373119274136002, 43.683686460358203 ] ] } },
{ "type": "Feature", "properties": { "_id": 609, "LOCATIONID": "2454", "ASSET_ID": 1862.0, "ASSET_NAME": "MARKET GARDEN MEWS", "TYPE": "Park", "AMENITIES": "Playground", "ADDRESS": "25 Market Garden Mews", "PHONE": "None", "URL": "https://www.toronto.ca/explore-enjoy/parks-recreation/places-spaces/parks-and-recreation-facilities/location/?id=2454" }, "geometry": { "type": "MultiPoint", "coordinates": [ [ -79.513023280892497, 43.623114420146003 ] ] } },
{ "type": "Feature", "properties": { "_id": 610, "LOCATIONID": "12", "ASSET_ID": 147.0, "ASSET_NAME": "CALEDONIA PARK", "TYPE": "Park", "AMENITIES": "Ball Diamond, Cricket Pitch Field, Sports Field, Washroom", "ADDRESS": "1141 Caledonia Rd", "PHONE": "None", "URL": "https://www.toronto.ca/explore-enjoy/parks-recreation/places-spaces/parks-and-recreation-facilities/location/?id=12" }, "geometry": { "type": "MultiPoint", "coordinates": [ [ -79.464927399911204, 43.713756334619099 ] ] } },
{ "type": "Feature", "properties": { "_id": 611, "LOCATIONID": "540", "ASSET_ID": 185.0, "ASSET_NAME": "CHARLOTTETOWN PARK", "TYPE": "Park", "AMENITIES": "Ball Diamond, Playground, Sports Field, Tennis Court", "ADDRESS": "65 Charlottetown Blvd", "PHONE": "None", "URL": "https://www.toronto.ca/explore-enjoy/parks-recreation/places-spaces/parks-and-recreation-facilities/location/?id=540" }, "geometry": { "type": "MultiPoint", "coordinates": [ [ -79.140237815240994, 43.781667276533703 ] ] } },
{ "type": "Feature", "properties": { "_id": 612, "LOCATIONID": "2473", "ASSET_ID": 977.0, "ASSET_NAME": "SPRING GARDEN PARK", "TYPE": "Park", "AMENITIES": "None", "ADDRESS": "32 Meadow Crest Rd", "PHONE": "None", "URL": "https://www.toronto.ca/explore-enjoy/parks-recreation/places-spaces/parks-and-recreation-facilities/location/?id=2473" }, "geometry": { "type": "MultiPoint", "coordinates": [ [ -79.513928985321499, 43.641575911845599 ] ] } },
{ "type": "Feature", "properties": { "_id": 613, "LOCATIONID": "1486", "ASSET_ID": 971.0, "ASSET_NAME": "SOUTH HUMBER PARK", "TYPE": "Park", "AMENITIES": "None", "ADDRESS": "120 The Queensway", "PHONE": "None", "URL": "https://www.toronto.ca/explore-enjoy/parks-recreation/places-spaces/parks-and-recreation-facilities/location/?id=1486" }, "geometry": { "type": "MultiPoint", "coordinates": [ [ -79.481138636815601, 43.6358395342805 ] ] } },
{ "type": "Feature", "properties": { "_id": 614, "LOCATIONID": "2323", "ASSET_ID": 1031.0, "ASSET_NAME": "THE GORE", "TYPE": "Park", "AMENITIES": "None", "ADDRESS": "701 Fleet St", "PHONE": "None", "URL": "https://www.toronto.ca/explore-enjoy/parks-recreation/places-spaces/parks-and-recreation-facilities/location/?id=2323" }, "geometry": { "type": "MultiPoint", "coordinates": [ [ -79.407685848138598, 43.635822873383901 ] ] } },
{ "type": "Feature", "properties": { "_id": 615, "LOCATIONID": "2276", "ASSET_ID": 96.0, "ASSET_NAME": "BETTY SUTHERLAND TRAIL PARK", "TYPE": "Park", "AMENITIES": "None", "ADDRESS": "250 Duncan Mill Rd", "PHONE": "None", "URL": "https://www.toronto.ca/explore-enjoy/parks-recreation/places-spaces/parks-and-recreation-facilities/location/?id=2276" }, "geometry": { "type": "MultiPoint", "coordinates": [ [ -79.351789738995393, 43.764542772575297 ] ] } },
{ "type": "Feature", "properties": { "_id": 616, "LOCATIONID": "2595", "ASSET_ID": 942.0, "ASSET_NAME": "SHAWNEE PARK", "TYPE": "Park", "AMENITIES": "Outdoor Fitness Equipment, Pickleball Court, Playground, Tennis Court", "ADDRESS": "81 Shawnee Crcl", "PHONE": "None", "URL": "https://www.toronto.ca/explore-enjoy/parks-recreation/places-spaces/parks-and-recreation-facilities/location/?id=2595" }, "geometry": { "type": "MultiPoint", "coordinates": [ [ -79.338351238952797, 43.797043159027403 ] ] } },
{ "type": "Feature", "properties": { "_id": 617, "LOCATIONID": "861", "ASSET_ID": 848.0, "ASSET_NAME": "QUEENSWAY PARK", "TYPE": "Park", "AMENITIES": "Ball Diamond, Outdoor Ping Pong/Table Tennis, Pickleball Court, Playground, Tennis Court, Washroom", "ADDRESS": "8 Avon Park Dr", "PHONE": "None", "URL": "https://www.toronto.ca/explore-enjoy/parks-recreation/places-spaces/parks-and-recreation-facilities/location/?id=861" }, "geometry": { "type": "MultiPoint", "coordinates": [ [ -79.507053665319305, 43.626995547473697 ] ] } },
{ "type": "Feature", "properties": { "_id": 618, "LOCATIONID": "2164", "ASSET_ID": 1283.0, "ASSET_NAME": "OPERA PLACE", "TYPE": "Park", "AMENITIES": "None", "ADDRESS": "25 Breadalbane St", "PHONE": "None", "URL": "https://www.toronto.ca/explore-enjoy/parks-recreation/places-spaces/parks-and-recreation-facilities/location/?id=2164" }, "geometry": { "type": "MultiPoint", "coordinates": [ [ -79.385499741856407, 43.663363435035102 ] ] } },
{ "type": "Feature", "properties": { "_id": 619, "LOCATIONID": "3743", "ASSET_ID": 95123.0, "ASSET_NAME": "BLEECKER PARKETTE", "TYPE": "Park", "AMENITIES": "None", "ADDRESS": "149 Bleecker St", "PHONE": "None", "URL": "https://www.toronto.ca/explore-enjoy/parks-recreation/places-spaces/parks-and-recreation-facilities/location/?id=3743" }, "geometry": { "type": "MultiPoint", "coordinates": [ [ -79.372875404205004, 43.666247299405804 ] ] } },
{ "type": "Feature", "properties": { "_id": 620, "LOCATIONID": "3869", "ASSET_ID": 96343.0, "ASSET_NAME": "BIG BEAR PARK", "TYPE": "Park", "AMENITIES": "None", "ADDRESS": "5 STEVE PODBORSKI RD", "PHONE": "None", "URL": "https://www.toronto.ca/explore-enjoy/parks-recreation/places-spaces/parks-and-recreation-facilities/location/?id=3869" }, "geometry": { "type": "MultiPoint", "coordinates": [ [ -79.343315411958997, 43.719862996057998 ] ] } },
{ "type": "Feature", "properties": { "_id": 621, "LOCATIONID": "3773", "ASSET_ID": 96463.0, "ASSET_NAME": "DRAPER PARK", "TYPE": "Park", "AMENITIES": "None", "ADDRESS": "19 Draper St", "PHONE": "None", "URL": "https://www.toronto.ca/explore-enjoy/parks-recreation/places-spaces/parks-and-recreation-facilities/location/?id=3773" }, "geometry": { "type": "MultiPoint", "coordinates": [ [ -79.397637593305802, 43.642462591644602 ] ] } },
{ "type": "Feature", "properties": { "_id": 622, "LOCATIONID": "3812", "ASSET_ID": 138470.0, "ASSET_NAME": "METROGATE PARK", "TYPE": "Park", "AMENITIES": "Playground", "ADDRESS": "160 Village Green Sq", "PHONE": "None", "URL": "https://www.toronto.ca/explore-enjoy/parks-recreation/places-spaces/parks-and-recreation-facilities/location/?id=3812" }, "geometry": { "type": "MultiPoint", "coordinates": [ [ -79.282214574803405, 43.778736102994799 ] ] } },
{ "type": "Feature", "properties": { "_id": 623, "LOCATIONID": "3834", "ASSET_ID": 849333.0, "ASSET_NAME": "GLENGARRY PARK", "TYPE": "Park", "AMENITIES": "Playground", "ADDRESS": "219 Glengarry Ave", "PHONE": "None", "URL": "https://www.toronto.ca/explore-enjoy/parks-recreation/places-spaces/parks-and-recreation-facilities/location/?id=3834" }, "geometry": { "type": "MultiPoint", "coordinates": [ [ -79.413400440851106, 43.723332752533601 ] ] } },
{ "type": "Feature", "properties": { "_id": 624, "LOCATIONID": "1017", "ASSET_ID": 748.0, "ASSET_NAME": "NATAL PARK", "TYPE": "Park", "AMENITIES": "Playground", "ADDRESS": "110 Natal Ave", "PHONE": "None", "URL": "https://www.toronto.ca/explore-enjoy/parks-recreation/places-spaces/parks-and-recreation-facilities/location/?id=1017" }, "geometry": { "type": "MultiPoint", "coordinates": [ [ -79.255850745763198, 43.713371522062602 ] ] } },
{ "type": "Feature", "properties": { "_id": 625, "LOCATIONID": "1895", "ASSET_ID": 999.0, "ASSET_NAME": "STARRY PARK", "TYPE": "Park", "AMENITIES": "Playground", "ADDRESS": "505 Staines Rd", "PHONE": "None", "URL": "https://www.toronto.ca/explore-enjoy/parks-recreation/places-spaces/parks-and-recreation-facilities/location/?id=1895" }, "geometry": { "type": "MultiPoint", "coordinates": [ [ -79.228752401612496, 43.835171206688997 ] ] } },
{ "type": "Feature", "properties": { "_id": 626, "LOCATIONID": "1491", "ASSET_ID": 1915.0, "ASSET_NAME": "PRESCOTT PARKETTE", "TYPE": "Park", "AMENITIES": "None", "ADDRESS": "20 Prescott Ave", "PHONE": "None", "URL": "https://www.toronto.ca/explore-enjoy/parks-recreation/places-spaces/parks-and-recreation-facilities/location/?id=1491" }, "geometry": { "type": "MultiPoint", "coordinates": [ [ -79.457663747593998, 43.675348605292903 ] ] } },
{ "type": "Feature", "properties": { "_id": 627, "LOCATIONID": "2436", "ASSET_ID": 1400.0, "ASSET_NAME": "MACKLIN HANCOCK PARK", "TYPE": "Park", "AMENITIES": "None", "ADDRESS": "990 Lawrence Ave E", "PHONE": "None", "URL": "https://www.toronto.ca/explore-enjoy/parks-recreation/places-spaces/parks-and-recreation-facilities/location/?id=2436" }, "geometry": { "type": "MultiPoint", "coordinates": [ [ -79.342851080937393, 43.737530362567 ] ] } },
{ "type": "Feature", "properties": { "_id": 628, "LOCATIONID": "2398", "ASSET_ID": 562.0, "ASSET_NAME": "JOYCE PARK", "TYPE": "Park", "AMENITIES": "Outdoor Ping Pong/Table Tennis, Playground", "ADDRESS": "62 Joyce Pkwy", "PHONE": "None", "URL": "https://www.toronto.ca/explore-enjoy/parks-recreation/places-spaces/parks-and-recreation-facilities/location/?id=2398" }, "geometry": { "type": "MultiPoint", "coordinates": [ [ -79.467297770576295, 43.709078972047401 ] ] } },
{ "type": "Feature", "properties": { "_id": 629, "LOCATIONID": "1074", "ASSET_ID": 507.0, "ASSET_NAME": "HUMBER BAY PARK WEST", "TYPE": "Park", "AMENITIES": "Dog Off-Leash Area, Washroom", "ADDRESS": "2225 Lake Shore Blvd W", "PHONE": "None", "URL": "https://www.toronto.ca/explore-enjoy/parks-recreation/places-spaces/parks-and-recreation-facilities/location/?id=1074" }, "geometry": { "type": "MultiPoint", "coordinates": [ [ -79.478999614560294, 43.615102535631799 ] ] } },
{ "type": "Feature", "properties": { "_id": 630, "LOCATIONID": "401", "ASSET_ID": 1953.0, "ASSET_NAME": "SCARLETT WOODS GOLF COURSE", "TYPE": "Park", "AMENITIES": "Disc Golf, Washroom", "ADDRESS": "1000 Jane St", "PHONE": "None", "URL": "https://www.toronto.ca/explore-enjoy/parks-recreation/places-spaces/parks-and-recreation-facilities/location/?id=401" }, "geometry": { "type": "MultiPoint", "coordinates": [ [ -79.504001368376095, 43.682264552346702 ] ] } },
{ "type": "Feature", "properties": { "_id": 631, "LOCATIONID": "918", "ASSET_ID": 1268.0, "ASSET_NAME": "DON VALLEY GOLF COURSE", "TYPE": "Park", "AMENITIES": "Washroom", "ADDRESS": "4200 Yonge St", "PHONE": "416-392-2425", "URL": "https://www.toronto.ca/explore-enjoy/parks-recreation/places-spaces/parks-and-recreation-facilities/location/?id=918" }, "geometry": { "type": "MultiPoint", "coordinates": [ [ -79.410665585065601, 43.748869311254097 ] ] } },
{ "type": "Feature", "properties": { "_id": 632, "LOCATIONID": "2309", "ASSET_ID": 1299.0, "ASSET_NAME": "FAIRMEADOW PARKETTE", "TYPE": "Park", "AMENITIES": "None", "ADDRESS": "37 Fairmeadow Ave", "PHONE": "None", "URL": "https://www.toronto.ca/explore-enjoy/parks-recreation/places-spaces/parks-and-recreation-facilities/location/?id=2309" }, "geometry": { "type": "MultiPoint", "coordinates": [ [ -79.398019005222807, 43.755822568198901 ] ] } },
{ "type": "Feature", "properties": { "_id": 633, "LOCATIONID": "430", "ASSET_ID": 45242.0, "ASSET_NAME": "HUMBER SHEPPARD PARK", "TYPE": "Park", "AMENITIES": "Playground, Sports Field", "ADDRESS": "3100 Weston Rd", "PHONE": "None", "URL": "https://www.toronto.ca/explore-enjoy/parks-recreation/places-spaces/parks-and-recreation-facilities/location/?id=430" }, "geometry": { "type": "MultiPoint", "coordinates": [ [ -79.541253112961797, 43.733157482332999 ] ] } },
{ "type": "Feature", "properties": { "_id": 634, "LOCATIONID": "2267", "ASSET_ID": 1409.0, "ASSET_NAME": "MCKENZIE PARKETTE", "TYPE": "Park", "AMENITIES": "None", "ADDRESS": "293 Doris Ave", "PHONE": "None", "URL": "https://www.toronto.ca/explore-enjoy/parks-recreation/places-spaces/parks-and-recreation-facilities/location/?id=2267" }, "geometry": { "type": "MultiPoint", "coordinates": [ [ -79.411401416076302, 43.772033466120497 ] ] } },
{ "type": "Feature", "properties": { "_id": 635, "LOCATIONID": "2653", "ASSET_ID": 1060.0, "ASSET_NAME": "TRIPLE CROWN PARKETTE", "TYPE": "Park", "AMENITIES": "Sports Field", "ADDRESS": "93 D Triple Crown Ave", "PHONE": "None", "URL": "https://www.toronto.ca/explore-enjoy/parks-recreation/places-spaces/parks-and-recreation-facilities/location/?id=2653" }, "geometry": { "type": "MultiPoint", "coordinates": [ [ -79.600293523673798, 43.725426498096397 ] ] } },
{ "type": "Feature", "properties": { "_id": 636, "LOCATIONID": "219", "ASSET_ID": 579.0, "ASSET_NAME": "BEACHES PARK", "TYPE": "Park", "AMENITIES": "Beach, Outdoor Fitness Equipment, Picnic Site, Playground, Tennis Court, Washroom", "ADDRESS": "2075 Queen St E", "PHONE": "None", "URL": "https://www.toronto.ca/explore-enjoy/parks-recreation/places-spaces/parks-and-recreation-facilities/location/?id=219" }, "geometry": { "type": "MultiPoint", "coordinates": [ [ -79.298509100302994, 43.666129876911903 ] ] } },
{ "type": "Feature", "properties": { "_id": 637, "LOCATIONID": "3464", "ASSET_ID": 2059.0, "ASSET_NAME": "CHRIST THE KING PARK", "TYPE": "Park", "AMENITIES": "Playground", "ADDRESS": "475 Rathburn Rd", "PHONE": "None", "URL": "https://www.toronto.ca/explore-enjoy/parks-recreation/places-spaces/parks-and-recreation-facilities/location/?id=3464" }, "geometry": { "type": "MultiPoint", "coordinates": [ [ -79.575000311503899, 43.6519398697613 ] ] } },
{ "type": "Feature", "properties": { "_id": 638, "LOCATIONID": "195", "ASSET_ID": 989.0, "ASSET_NAME": "ST. MARY STREET PARKETTE", "TYPE": "Park", "AMENITIES": "None", "ADDRESS": "26 St Mary St", "PHONE": "None", "URL": "https://www.toronto.ca/explore-enjoy/parks-recreation/places-spaces/parks-and-recreation-facilities/location/?id=195" }, "geometry": { "type": "MultiPoint", "coordinates": [ [ -79.386904252141704, 43.667873881648198 ] ] } },
{ "type": "Feature", "properties": { "_id": 639, "LOCATIONID": "1949", "ASSET_ID": 389.0, "ASSET_NAME": "FROST PARK", "TYPE": "Park", "AMENITIES": "Playground", "ADDRESS": "2051 Kipling Ave", "PHONE": "None", "URL": "https://www.toronto.ca/explore-enjoy/parks-recreation/places-spaces/parks-and-recreation-facilities/location/?id=1949" }, "geometry": { "type": "MultiPoint", "coordinates": [ [ -79.566832312648899, 43.713683831233098 ] ] } },
{ "type": "Feature", "properties": { "_id": 640, "LOCATIONID": "574", "ASSET_ID": 1119.0, "ASSET_NAME": "WICKSON TRAIL PARK", "TYPE": "Park", "AMENITIES": "Ball Diamond, Playground, Sports Field", "ADDRESS": "30 Silverbell Grv", "PHONE": "None", "URL": "https://www.toronto.ca/explore-enjoy/parks-recreation/places-spaces/parks-and-recreation-facilities/location/?id=574" }, "geometry": { "type": "MultiPoint", "coordinates": [ [ -79.215051603537106, 43.804681892443398 ] ] } },
{ "type": "Feature", "properties": { "_id": 641, "LOCATIONID": "2524", "ASSET_ID": 810.0, "ASSET_NAME": "PELLATT PARKETTE", "TYPE": "Park", "AMENITIES": "Playground", "ADDRESS": "325 Pellatt Ave", "PHONE": "None", "URL": "https://www.toronto.ca/explore-enjoy/parks-recreation/places-spaces/parks-and-recreation-facilities/location/?id=2524" }, "geometry": { "type": "MultiPoint", "coordinates": [ [ -79.529673567275694, 43.712830130670099 ] ] } },
{ "type": "Feature", "properties": { "_id": 642, "LOCATIONID": "2151", "ASSET_ID": 115.0, "ASSET_NAME": "BLUE RIDGE PARK", "TYPE": "Park", "AMENITIES": "None", "ADDRESS": "50 Blue Ridge Rd", "PHONE": "None", "URL": "https://www.toronto.ca/explore-enjoy/parks-recreation/places-spaces/parks-and-recreation-facilities/location/?id=2151" }, "geometry": { "type": "MultiPoint", "coordinates": [ [ -79.375341668585804, 43.774616320124203 ] ] } },
{ "type": "Feature", "properties": { "_id": 643, "LOCATIONID": "2661", "ASSET_ID": 1300.0, "ASSET_NAME": "FARMCREST PARKETTE", "TYPE": "Park", "AMENITIES": "None", "ADDRESS": "2485 Victoria Park Ave", "PHONE": "None", "URL": "https://www.toronto.ca/explore-enjoy/parks-recreation/places-spaces/parks-and-recreation-facilities/location/?id=2661" }, "geometry": { "type": "MultiPoint", "coordinates": [ [ -79.320558051817599, 43.770865833162397 ] ] } },
{ "type": "Feature", "properties": { "_id": 644, "LOCATIONID": "626", "ASSET_ID": 1028.0, "ASSET_NAME": "TERRAVIEW PARK", "TYPE": "Park", "AMENITIES": "Playground, Sports Field", "ADDRESS": "1625 Pharmacy Ave", "PHONE": "None", "URL": "https://www.toronto.ca/explore-enjoy/parks-recreation/places-spaces/parks-and-recreation-facilities/location/?id=626" }, "geometry": { "type": "MultiPoint", "coordinates": [ [ -79.311584166327194, 43.766273116708298 ] ] } },
{ "type": "Feature", "properties": { "_id": 645, "LOCATIONID": "2746", "ASSET_ID": 1155.0, "ASSET_NAME": "YORK MILLS PARK", "TYPE": "Park", "AMENITIES": "None", "ADDRESS": "321 York Mills Rd", "PHONE": "None", "URL": "https://www.toronto.ca/explore-enjoy/parks-recreation/places-spaces/parks-and-recreation-facilities/location/?id=2746" }, "geometry": { "type": "MultiPoint", "coordinates": [ [ -79.404521873039002, 43.742002577538003 ] ] } },
{ "type": "Feature", "properties": { "_id": 646, "LOCATIONID": "3872", "ASSET_ID": 1001044.0, "ASSET_NAME": "66 DOUGLAS CRESCENT PARKETTE", "TYPE": "Park", "AMENITIES": "None", "ADDRESS": "66 Douglas Cres", "PHONE": "None", "URL": "https://www.toronto.ca/explore-enjoy/parks-recreation/places-spaces/parks-and-recreation-facilities/location/?id=3872" }, "geometry": { "type": "MultiPoint", "coordinates": [ [ -79.366469564899703, 43.692133573762703 ] ] } },
{ "type": "Feature", "properties": { "_id": 647, "LOCATIONID": "1071", "ASSET_ID": 439.0, "ASSET_NAME": "GRATTAN PARK", "TYPE": "Park", "AMENITIES": "Playground", "ADDRESS": "52 Grattan St", "PHONE": "None", "URL": "https://www.toronto.ca/explore-enjoy/parks-recreation/places-spaces/parks-and-recreation-facilities/location/?id=1071" }, "geometry": { "type": "MultiPoint", "coordinates": [ [ -79.522054556604502, 43.706360807313601 ] ] } },
{ "type": "Feature", "properties": { "_id": 648, "LOCATIONID": "469", "ASSET_ID": 30.0, "ASSET_NAME": "AMES PARK", "TYPE": "Park", "AMENITIES": "Playground", "ADDRESS": "272 Banbury Rd", "PHONE": "None", "URL": "https://www.toronto.ca/explore-enjoy/parks-recreation/places-spaces/parks-and-recreation-facilities/location/?id=469" }, "geometry": { "type": "MultiPoint", "coordinates": [ [ -79.366835820015197, 43.751360201356803 ] ] } },
{ "type": "Feature", "properties": { "_id": 649, "LOCATIONID": "423", "ASSET_ID": 849.0, "ASSET_NAME": "R.V. BURGESS PARK", "TYPE": "Park", "AMENITIES": "Playground", "ADDRESS": "46 Thorncliffe Park Dr", "PHONE": "None", "URL": "https://www.toronto.ca/explore-enjoy/parks-recreation/places-spaces/parks-and-recreation-facilities/location/?id=423" }, "geometry": { "type": "MultiPoint", "coordinates": [ [ -79.343743594828098, 43.703797291594903 ] ] } },
{ "type": "Feature", "properties": { "_id": 650, "LOCATIONID": "3609", "ASSET_ID": 59462.0, "ASSET_NAME": "SYD COLE PARK", "TYPE": "Park", "AMENITIES": "Playground", "ADDRESS": "60 Eastwood Park Gdns", "PHONE": "None", "URL": "https://www.toronto.ca/explore-enjoy/parks-recreation/places-spaces/parks-and-recreation-facilities/location/?id=3609" }, "geometry": { "type": "MultiPoint", "coordinates": [ [ -79.533884421172004, 43.595647140468898 ] ] } },
{ "type": "Feature", "properties": { "_id": 651, "LOCATIONID": "6", "ASSET_ID": 680.0, "ASSET_NAME": "MARIE CURTIS PARK", "TYPE": "Park", "AMENITIES": "Beach, Dog Off-Leash Area, Outdoor Fitness Equipment, Picnic Site, Playground, Washroom", "ADDRESS": "2 Forty Second St", "PHONE": "None", "URL": "https://www.toronto.ca/explore-enjoy/parks-recreation/places-spaces/parks-and-recreation-facilities/location/?id=6" }, "geometry": { "type": "MultiPoint", "coordinates": [ [ -79.543858471441894, 43.585704522014098 ] ] } },
{ "type": "Feature", "properties": { "_id": 652, "LOCATIONID": "2297", "ASSET_ID": 1730.0, "ASSET_NAME": "ELLESMERE RESERVOIR PARK", "TYPE": "Park", "AMENITIES": "Cricket Pitch Field, Sports Field", "ADDRESS": "2950 Ellesmere Rd", "PHONE": "None", "URL": "https://www.toronto.ca/explore-enjoy/parks-recreation/places-spaces/parks-and-recreation-facilities/location/?id=2297" }, "geometry": { "type": "MultiPoint", "coordinates": [ [ -79.201895648833002, 43.785097039440203 ] ] } },
{ "type": "Feature", "properties": { "_id": 653, "LOCATIONID": "2541", "ASSET_ID": 1766.0, "ASSET_NAME": "TORONTO ISLANDS - HANLAN'S POINT PARK", "TYPE": "Park", "AMENITIES": "Beach, Firepit, Picnic Site, Playground, Washroom", "ADDRESS": "9 Queens Quay W", "PHONE": "None", "URL": "https://www.toronto.ca/explore-enjoy/parks-recreation/places-spaces/parks-and-recreation-facilities/location/?id=2541" }, "geometry": { "type": "MultiPoint", "coordinates": [ [ -79.390588216477198, 43.614979187612199 ] ] } },
{ "type": "Feature", "properties": { "_id": 654, "LOCATIONID": "2725", "ASSET_ID": 1046.0, "ASSET_NAME": "TORONTO ISLANDS - CENTRE ISLAND PARK", "TYPE": "Park", "AMENITIES": "Beach, Disc Golf, Firepit, Picnic Site, Playground, Washroom", "ADDRESS": "9 Queens Quay W", "PHONE": "None", "URL": "https://www.toronto.ca/explore-enjoy/parks-recreation/places-spaces/parks-and-recreation-facilities/location/?id=2725" }, "geometry": { "type": "MultiPoint", "coordinates": [ [ -79.3723108377758, 43.617990001998898 ] ] } },
{ "type": "Feature", "properties": { "_id": 655, "LOCATIONID": "2421", "ASSET_ID": 1633.0, "ASSET_NAME": "BEACH SKATEPARK", "TYPE": "Park", "AMENITIES": "Skateboarding", "ADDRESS": "1420 Lake Shore Blvd E", "PHONE": "None", "URL": "https://www.toronto.ca/explore-enjoy/parks-recreation/places-spaces/parks-and-recreation-facilities/location/?id=2421" }, "geometry": { "type": "MultiPoint", "coordinates": [ [ -79.316229389427804, 43.662491593995597 ] ] } },
{ "type": "Feature", "properties": { "_id": 656, "LOCATIONID": "3855", "ASSET_ID": 73182.0, "ASSET_NAME": "THE POCKET", "TYPE": "Park", "AMENITIES": "Dog Off-Leash Area", "ADDRESS": "74 Oakvale Ave", "PHONE": "None", "URL": "https://www.toronto.ca/explore-enjoy/parks-recreation/places-spaces/parks-and-recreation-facilities/location/?id=3855" }, "geometry": { "type": "MultiPoint", "coordinates": [ [ -79.334000635740495, 43.677127785381899 ] ] } },
{ "type": "Feature", "properties": { "_id": 657, "LOCATIONID": "3536", "ASSET_ID": 24922.0, "ASSET_NAME": "TORONTO ISLANDS - SNAKE ISLAND", "TYPE": "Park", "AMENITIES": "Firepit, Picnic Site", "ADDRESS": "9 Queens Quay W", "PHONE": "None", "URL": "https://www.toronto.ca/explore-enjoy/parks-recreation/places-spaces/parks-and-recreation-facilities/location/?id=3536" }, "geometry": { "type": "MultiPoint", "coordinates": [ [ -79.364182038097297, 43.624139161880301 ] ] } },
{ "type": "Feature", "properties": { "_id": 658, "LOCATIONID": "2167", "ASSET_ID": 1206.0, "ASSET_NAME": "BRENDWIN CIRCLE PARKETTE", "TYPE": "Park", "AMENITIES": "None", "ADDRESS": "70 Brendwin Rd", "PHONE": "None", "URL": "https://www.toronto.ca/explore-enjoy/parks-recreation/places-spaces/parks-and-recreation-facilities/location/?id=2167" }, "geometry": { "type": "MultiPoint", "coordinates": [ [ -79.5015474880352, 43.678933450796201 ] ] } },
{ "type": "Feature", "properties": { "_id": 659, "LOCATIONID": "2682", "ASSET_ID": 2032.0, "ASSET_NAME": "BOB ACTON PARK", "TYPE": "Park", "AMENITIES": "Playground", "ADDRESS": "45 William Hancox Ave", "PHONE": "None", "URL": "https://www.toronto.ca/explore-enjoy/parks-recreation/places-spaces/parks-and-recreation-facilities/location/?id=2682" }, "geometry": { "type": "MultiPoint", "coordinates": [ [ -79.292905766365706, 43.686596635898198 ] ] } },
{ "type": "Feature", "properties": { "_id": 660, "LOCATIONID": "2204", "ASSET_ID": 1682.0, "ASSET_NAME": "CHARLES STREET PARKETTE", "TYPE": "Park", "AMENITIES": "None", "ADDRESS": "83 Charles St E", "PHONE": "None", "URL": "https://www.toronto.ca/explore-enjoy/parks-recreation/places-spaces/parks-and-recreation-facilities/location/?id=2204" }, "geometry": { "type": "MultiPoint", "coordinates": [ [ -79.381167297083195, 43.669584318637597 ] ] } },
{ "type": "Feature", "properties": { "_id": 661, "LOCATIONID": "390", "ASSET_ID": 1967.0, "ASSET_NAME": "SPADINA QUAY WETLANDS", "TYPE": "Park", "AMENITIES": "None", "ADDRESS": "441 Queens Quay W", "PHONE": "None", "URL": "https://www.toronto.ca/explore-enjoy/parks-recreation/places-spaces/parks-and-recreation-facilities/location/?id=390" }, "geometry": { "type": "MultiPoint", "coordinates": [ [ -79.392257173413597, 43.637195523142701 ] ] } },
{ "type": "Feature", "properties": { "_id": 662, "LOCATIONID": "2138", "ASSET_ID": 454.0, "ASSET_NAME": "HAGUE PARK", "TYPE": "Park", "AMENITIES": "None", "ADDRESS": "3165 Lawrence Ave E", "PHONE": "None", "URL": "https://www.toronto.ca/explore-enjoy/parks-recreation/places-spaces/parks-and-recreation-facilities/location/?id=2138" }, "geometry": { "type": "MultiPoint", "coordinates": [ [ -79.239019194998406, 43.754018744564704 ] ] } },
{ "type": "Feature", "properties": { "_id": 663, "LOCATIONID": "2350", "ASSET_ID": 208.0, "ASSET_NAME": "DALESFORD PARK", "TYPE": "Park", "AMENITIES": "Playground", "ADDRESS": "255 Dalesford Rd", "PHONE": "None", "URL": "https://www.toronto.ca/explore-enjoy/parks-recreation/places-spaces/parks-and-recreation-facilities/location/?id=2350" }, "geometry": { "type": "MultiPoint", "coordinates": [ [ -79.491981849884795, 43.625956794450502 ] ] } },
{ "type": "Feature", "properties": { "_id": 664, "LOCATIONID": "2071", "ASSET_ID": 1548.0, "ASSET_NAME": "TWELFTH STREET PARKETTE", "TYPE": "Park", "AMENITIES": "None", "ADDRESS": "1 Twelfth St", "PHONE": "None", "URL": "https://www.toronto.ca/explore-enjoy/parks-recreation/places-spaces/parks-and-recreation-facilities/location/?id=2071" }, "geometry": { "type": "MultiPoint", "coordinates": [ [ -79.508574303166, 43.5941885738279 ] ] } },
{ "type": "Feature", "properties": { "_id": 665, "LOCATIONID": "2342", "ASSET_ID": 1328.0, "ASSET_NAME": "GLENELLEN PARKETTE", "TYPE": "Park", "AMENITIES": "None", "ADDRESS": "63 Glenellen Dr E", "PHONE": "None", "URL": "https://www.toronto.ca/explore-enjoy/parks-recreation/places-spaces/parks-and-recreation-facilities/location/?id=2342" }, "geometry": { "type": "MultiPoint", "coordinates": [ [ -79.495448240442698, 43.640619013425997 ] ] } },
{ "type": "Feature", "properties": { "_id": 666, "LOCATIONID": "200", "ASSET_ID": 958.0, "ASSET_NAME": "SIR WINSTON CHURCHILL PARK", "TYPE": "Park", "AMENITIES": "Dog Off-Leash Area, Playground, Sports Field, Tennis Court, Washroom", "ADDRESS": "301 St Clair Ave W", "PHONE": "None", "URL": "https://www.toronto.ca/explore-enjoy/parks-recreation/places-spaces/parks-and-recreation-facilities/location/?id=200" }, "geometry": { "type": "MultiPoint", "coordinates": [ [ -79.408860743729406, 43.682881298766503 ] ] } },
{ "type": "Feature", "properties": { "_id": 667, "LOCATIONID": "2218", "ASSET_ID": 1239.0, "ASSET_NAME": "CLOSE - SPRINGHURST PARKETTE", "TYPE": "Park", "AMENITIES": "None", "ADDRESS": "70 Close Ave", "PHONE": "None", "URL": "https://www.toronto.ca/explore-enjoy/parks-recreation/places-spaces/parks-and-recreation-facilities/location/?id=2218" }, "geometry": { "type": "MultiPoint", "coordinates": [ [ -79.434243765687796, 43.635242543458098 ] ] } },
{ "type": "Feature", "properties": { "_id": 668, "LOCATIONID": "2619", "ASSET_ID": 992.0, "ASSET_NAME": "STADIUM ROAD PARK", "TYPE": "Park", "AMENITIES": "Outdoor Fitness Equipment", "ADDRESS": "10 Stadium Rd", "PHONE": "None", "URL": "https://www.toronto.ca/explore-enjoy/parks-recreation/places-spaces/parks-and-recreation-facilities/location/?id=2619" }, "geometry": { "type": "MultiPoint", "coordinates": [ [ -79.399619050989401, 43.632936936362903 ] ] } },
{ "type": "Feature", "properties": { "_id": 669, "LOCATIONID": "121", "ASSET_ID": 615.0, "ASSET_NAME": "LAWTON PARKETTE", "TYPE": "Park", "AMENITIES": "None", "ADDRESS": "1600 Yonge St", "PHONE": "None", "URL": "https://www.toronto.ca/explore-enjoy/parks-recreation/places-spaces/parks-and-recreation-facilities/location/?id=121" }, "geometry": { "type": "MultiPoint", "coordinates": [ [ -79.395490363816194, 43.691724860685099 ] ] } },
{ "type": "Feature", "properties": { "_id": 670, "LOCATIONID": "2006", "ASSET_ID": 1110.0, "ASSET_NAME": "WESTMOUNT PARK", "TYPE": "Park", "AMENITIES": "Pickleball Court, Playground, Tennis Court, Washroom", "ADDRESS": "22 Arcade Dr", "PHONE": "None", "URL": "https://www.toronto.ca/explore-enjoy/parks-recreation/places-spaces/parks-and-recreation-facilities/location/?id=2006" }, "geometry": { "type": "MultiPoint", "coordinates": [ [ -79.518809718031605, 43.687305660943402 ] ] } },
{ "type": "Feature", "properties": { "_id": 671, "LOCATIONID": "2415", "ASSET_ID": 1264.0, "ASSET_NAME": "DENFIELD PARK", "TYPE": "Park", "AMENITIES": "None", "ADDRESS": "1496 Kipling Ave", "PHONE": "None", "URL": "https://www.toronto.ca/explore-enjoy/parks-recreation/places-spaces/parks-and-recreation-facilities/location/?id=2415" }, "geometry": { "type": "MultiPoint", "coordinates": [ [ -79.552680549916204, 43.679544105249001 ] ] } },
{ "type": "Feature", "properties": { "_id": 672, "LOCATIONID": "172", "ASSET_ID": 975.0, "ASSET_NAME": "SPENCER - COWAN PARKETTE", "TYPE": "Park", "AMENITIES": "Playground", "ADDRESS": "80 Spencer Ave", "PHONE": "None", "URL": "https://www.toronto.ca/explore-enjoy/parks-recreation/places-spaces/parks-and-recreation-facilities/location/?id=172" }, "geometry": { "type": "MultiPoint", "coordinates": [ [ -79.4307073234081, 43.6363747819927 ] ] } },
{ "type": "Feature", "properties": { "_id": 673, "LOCATIONID": "2039", "ASSET_ID": 13724.0, "ASSET_NAME": "TORONTO ISLANDS - WARD'S ISLAND PARK", "TYPE": "Park", "AMENITIES": "Ball Diamond, Beach, Outdoor Dry Pad, Outdoor Ping Pong/Table Tennis, Pickleball Court, Picnic Site, Playground, Washroom", "ADDRESS": "1 Centre Island Pk", "PHONE": "None", "URL": "https://www.toronto.ca/explore-enjoy/parks-recreation/places-spaces/parks-and-recreation-facilities/location/?id=2039" }, "geometry": { "type": "MultiPoint", "coordinates": [ [ -79.355023369571697, 43.629602122655697 ] ] } },
{ "type": "Feature", "properties": { "_id": 674, "LOCATIONID": "2577", "ASSET_ID": 1498.0, "ASSET_NAME": "SAUNDERS CRESCENT PARKETTE", "TYPE": "Park", "AMENITIES": "None", "ADDRESS": "620 Royal York Rd", "PHONE": "None", "URL": "https://www.toronto.ca/explore-enjoy/parks-recreation/places-spaces/parks-and-recreation-facilities/location/?id=2577" }, "geometry": { "type": "MultiPoint", "coordinates": [ [ -79.503574857920597, 43.627849806801301 ] ] } },
{ "type": "Feature", "properties": { "_id": 675, "LOCATIONID": "2024", "ASSET_ID": 18362.0, "ASSET_NAME": "TORONTO ISLANDS - ISLAND PARK", "TYPE": "Park", "AMENITIES": "Firepit, Picnic Site, Playground, Washroom", "ADDRESS": "9 Queens Quay W", "PHONE": "None", "URL": "https://www.toronto.ca/explore-enjoy/parks-recreation/places-spaces/parks-and-recreation-facilities/location/?id=2024" }, "geometry": { "type": "MultiPoint", "coordinates": [ [ -79.378616389763593, 43.621894129783399 ] ] } },
{ "type": "Feature", "properties": { "_id": 676, "LOCATIONID": "1953", "ASSET_ID": 497.0, "ASSET_NAME": "HOLLEY PARK", "TYPE": "Park", "AMENITIES": "Playground", "ADDRESS": "2335 Weston Rd", "PHONE": "None", "URL": "https://www.toronto.ca/explore-enjoy/parks-recreation/places-spaces/parks-and-recreation-facilities/location/?id=1953" }, "geometry": { "type": "MultiPoint", "coordinates": [ [ -79.530474675351101, 43.706057689988299 ] ] } },
{ "type": "Feature", "properties": { "_id": 677, "LOCATIONID": "920", "ASSET_ID": 670.0, "ASSET_NAME": "MANCHESTER PARK", "TYPE": "Park", "AMENITIES": "Pickleball Court, Playground, Tennis Court", "ADDRESS": "75 Manchester St", "PHONE": "None", "URL": "https://www.toronto.ca/explore-enjoy/parks-recreation/places-spaces/parks-and-recreation-facilities/location/?id=920" }, "geometry": { "type": "MultiPoint", "coordinates": [ [ -79.490050863804498, 43.6207067808175 ] ] } },
{ "type": "Feature", "properties": { "_id": 678, "LOCATIONID": "2045", "ASSET_ID": 11.0, "ASSET_NAME": "ALAN - OXFORD PARKETTE", "TYPE": "Park", "AMENITIES": "Playground", "ADDRESS": "31 Alan Ave", "PHONE": "None", "URL": "https://www.toronto.ca/explore-enjoy/parks-recreation/places-spaces/parks-and-recreation-facilities/location/?id=2045" }, "geometry": { "type": "MultiPoint", "coordinates": [ [ -79.505772592679307, 43.621149127143397 ] ] } },
{ "type": "Feature", "properties": { "_id": 679, "LOCATIONID": "966", "ASSET_ID": 22.0, "ASSET_NAME": "ALEXANDER PARK", "TYPE": "Park", "AMENITIES": "Playground", "ADDRESS": "33 Alexander St", "PHONE": "None", "URL": "https://www.toronto.ca/explore-enjoy/parks-recreation/places-spaces/parks-and-recreation-facilities/location/?id=966" }, "geometry": { "type": "MultiPoint", "coordinates": [ [ -79.4883459350755, 43.618795674451299 ] ] } },
{ "type": "Feature", "properties": { "_id": 680, "LOCATIONID": "1496", "ASSET_ID": 777.0, "ASSET_NAME": "OAKRIDGE PARK", "TYPE": "Park", "AMENITIES": "Outdoor Ping Pong/Table Tennis, Playground, Sports Field", "ADDRESS": "3459 Danforth Ave", "PHONE": "None", "URL": "https://www.toronto.ca/explore-enjoy/parks-recreation/places-spaces/parks-and-recreation-facilities/location/?id=1496" }, "geometry": { "type": "MultiPoint", "coordinates": [ [ -79.2787846217701, 43.692407205853797 ] ] } },
{ "type": "Feature", "properties": { "_id": 681, "LOCATIONID": "467", "ASSET_ID": 229.0, "ASSET_NAME": "CORONATION PARK - TORONTO", "TYPE": "Park", "AMENITIES": "Ball Diamond, Dog Off-Leash Area, Picnic Site, Washroom", "ADDRESS": "711 Lake Shore Blvd W", "PHONE": "None", "URL": "https://www.toronto.ca/explore-enjoy/parks-recreation/places-spaces/parks-and-recreation-facilities/location/?id=467" }, "geometry": { "type": "MultiPoint", "coordinates": [ [ -79.405419994468403, 43.634251458709201 ] ] } },
{ "type": "Feature", "properties": { "_id": 682, "LOCATIONID": "736", "ASSET_ID": 844.0, "ASSET_NAME": "QUEEN'S GREENBELT", "TYPE": "Park", "AMENITIES": "None", "ADDRESS": "600 Queen's Dr", "PHONE": "None", "URL": "https://www.toronto.ca/explore-enjoy/parks-recreation/places-spaces/parks-and-recreation-facilities/location/?id=736" }, "geometry": { "type": "MultiPoint", "coordinates": [ [ -79.484747937492301, 43.712332008448399 ] ] } },
{ "type": "Feature", "properties": { "_id": 683, "LOCATIONID": "2414", "ASSET_ID": 586.0, "ASSET_NAME": "KINSDALE PARK", "TYPE": "Park", "AMENITIES": "Playground", "ADDRESS": "3 Kinsdale Blvd", "PHONE": "None", "URL": "https://www.toronto.ca/explore-enjoy/parks-recreation/places-spaces/parks-and-recreation-facilities/location/?id=2414" }, "geometry": { "type": "MultiPoint", "coordinates": [ [ -79.488925607699201, 43.635514856746298 ] ] } },
{ "type": "Feature", "properties": { "_id": 684, "LOCATIONID": "112", "ASSET_ID": 596.0, "ASSET_NAME": "LAKESHORE BOULEVARD PARKLANDS", "TYPE": "Park", "AMENITIES": "Outdoor Fitness Equipment, Pickleball Court, Tennis Court", "ADDRESS": "1389 Lake Shore Blvd W", "PHONE": "None", "URL": "https://www.toronto.ca/explore-enjoy/parks-recreation/places-spaces/parks-and-recreation-facilities/location/?id=112" }, "geometry": { "type": "MultiPoint", "coordinates": [ [ -79.438104704627506, 43.633287374590502 ] ] } },
{ "type": "Feature", "properties": { "_id": 685, "LOCATIONID": "179", "ASSET_ID": 1517.0, "ASSET_NAME": "SPRINGHURST PARKETTE", "TYPE": "Park", "AMENITIES": "None", "ADDRESS": " SPRINGHURST AVE", "PHONE": "None", "URL": "https://www.toronto.ca/explore-enjoy/parks-recreation/places-spaces/parks-and-recreation-facilities/location/?id=179" }, "geometry": { "type": "MultiPoint", "coordinates": [ [ -79.432736629296599, 43.633638240685897 ] ] } },
{ "type": "Feature", "properties": { "_id": 686, "LOCATIONID": "1473", "ASSET_ID": 950.0, "ASSET_NAME": "SILVERHILL PARK", "TYPE": "Park", "AMENITIES": "Playground", "ADDRESS": "70 Silverhill Dr", "PHONE": "None", "URL": "https://www.toronto.ca/explore-enjoy/parks-recreation/places-spaces/parks-and-recreation-facilities/location/?id=1473" }, "geometry": { "type": "MultiPoint", "coordinates": [ [ -79.550576494952494, 43.633768611906198 ] ] } },
{ "type": "Feature", "properties": { "_id": 687, "LOCATIONID": "856", "ASSET_ID": 759.0, "ASSET_NAME": "NORSEMAN HEIGHTS PARK", "TYPE": "Park", "AMENITIES": "Ball Diamond, Playground", "ADDRESS": "100 Chartwell Rd", "PHONE": "None", "URL": "https://www.toronto.ca/explore-enjoy/parks-recreation/places-spaces/parks-and-recreation-facilities/location/?id=856" }, "geometry": { "type": "MultiPoint", "coordinates": [ [ -79.515420631391805, 43.633099047001899 ] ] } },
{ "type": "Feature", "properties": { "_id": 688, "LOCATIONID": "69", "ASSET_ID": 914.0, "ASSET_NAME": "S.A.D.R.A. PARK", "TYPE": "Park", "AMENITIES": "Outdoor Dry Pad, Outdoor Fitness Equipment, Playground", "ADDRESS": "455 Weston Rd", "PHONE": "None", "URL": "https://www.toronto.ca/explore-enjoy/parks-recreation/places-spaces/parks-and-recreation-facilities/location/?id=69" }, "geometry": { "type": "MultiPoint", "coordinates": [ [ -79.462209810106799, 43.675624765885601 ] ] } },
{ "type": "Feature", "properties": { "_id": 689, "LOCATIONID": "2014", "ASSET_ID": 600.0, "ASSET_NAME": "LAMBTON PARK", "TYPE": "Park", "AMENITIES": "Playground", "ADDRESS": "4100 Dundas St W", "PHONE": "None", "URL": "https://www.toronto.ca/explore-enjoy/parks-recreation/places-spaces/parks-and-recreation-facilities/location/?id=2014" }, "geometry": { "type": "MultiPoint", "coordinates": [ [ -79.507395208959494, 43.663593167375403 ] ] } },
{ "type": "Feature", "properties": { "_id": 690, "LOCATIONID": "1181", "ASSET_ID": 327.0, "ASSET_NAME": "EDITHVALE PARK", "TYPE": "Park", "AMENITIES": "Ball Diamond, Basketball Court, Firepit, Outdoor Fitness Equipment, Outdoor Ping Pong/Table Tennis, Playground, Sports Field", "ADDRESS": "121 Finch Ave W", "PHONE": "None", "URL": "https://www.toronto.ca/explore-enjoy/parks-recreation/places-spaces/parks-and-recreation-facilities/location/?id=1181" }, "geometry": { "type": "MultiPoint", "coordinates": [ [ -79.424937038072301, 43.776215197210398 ] ] } },
{ "type": "Feature", "properties": { "_id": 691, "LOCATIONID": "1023", "ASSET_ID": 60.0, "ASSET_NAME": "BAMBURGH PARK", "TYPE": "Park", "AMENITIES": "Playground, Sports Field", "ADDRESS": "70 Bamburgh Crcl", "PHONE": "None", "URL": "https://www.toronto.ca/explore-enjoy/parks-recreation/places-spaces/parks-and-recreation-facilities/location/?id=1023" }, "geometry": { "type": "MultiPoint", "coordinates": [ [ -79.328660968371395, 43.814829293968501 ] ] } },
{ "type": "Feature", "properties": { "_id": 692, "LOCATIONID": "1432", "ASSET_ID": 163.0, "ASSET_NAME": "CATHEDRAL BLUFFS PARK", "TYPE": "Park", "AMENITIES": "None", "ADDRESS": "24 Lyme Regis Cres", "PHONE": "None", "URL": "https://www.toronto.ca/explore-enjoy/parks-recreation/places-spaces/parks-and-recreation-facilities/location/?id=1432" }, "geometry": { "type": "MultiPoint", "coordinates": [ [ -79.228056029471404, 43.7172178477744 ] ] } },
{ "type": "Feature", "properties": { "_id": 693, "LOCATIONID": "1850", "ASSET_ID": 847.0, "ASSET_NAME": "QUEENSLAND PARK", "TYPE": "Park", "AMENITIES": "Playground", "ADDRESS": "65 Brawley Ave", "PHONE": "None", "URL": "https://www.toronto.ca/explore-enjoy/parks-recreation/places-spaces/parks-and-recreation-facilities/location/?id=1850" }, "geometry": { "type": "MultiPoint", "coordinates": [ [ -79.522297801811504, 43.626056175821397 ] ] } },
{ "type": "Feature", "properties": { "_id": 694, "LOCATIONID": "783", "ASSET_ID": 362.0, "ASSET_NAME": "FARQUHARSON PARK", "TYPE": "Park", "AMENITIES": "Cricket Pitch Field, Playground", "ADDRESS": "250 Pitfield Rd", "PHONE": "None", "URL": "https://www.toronto.ca/explore-enjoy/parks-recreation/places-spaces/parks-and-recreation-facilities/location/?id=783" }, "geometry": { "type": "MultiPoint", "coordinates": [ [ -79.2636324297534, 43.785312995175801 ] ] } },
{ "type": "Feature", "properties": { "_id": 695, "LOCATIONID": "2252", "ASSET_ID": 263.0, "ASSET_NAME": "DEAN PARK WALKWAY", "TYPE": "Park", "AMENITIES": "None", "ADDRESS": "65 Dean Park Rd", "PHONE": "None", "URL": "https://www.toronto.ca/explore-enjoy/parks-recreation/places-spaces/parks-and-recreation-facilities/location/?id=2252" }, "geometry": { "type": "MultiPoint", "coordinates": [ [ -79.174040038637898, 43.803996671006097 ] ] } },
{ "type": "Feature", "properties": { "_id": 696, "LOCATIONID": "2476", "ASSET_ID": 708.0, "ASSET_NAME": "MELBOURNE AVENUE PARKETTE", "TYPE": "Park", "AMENITIES": "Playground", "ADDRESS": "7 Melbourne Ave", "PHONE": "None", "URL": "https://www.toronto.ca/explore-enjoy/parks-recreation/places-spaces/parks-and-recreation-facilities/location/?id=2476" }, "geometry": { "type": "MultiPoint", "coordinates": [ [ -79.428537405202604, 43.640158184411597 ] ] } },
{ "type": "Feature", "properties": { "_id": 697, "LOCATIONID": "1084", "ASSET_ID": 628.0, "ASSET_NAME": "LIBERTY VILLAGE PARK", "TYPE": "Park", "AMENITIES": "Playground", "ADDRESS": "70 Liberty St", "PHONE": "None", "URL": "https://www.toronto.ca/explore-enjoy/parks-recreation/places-spaces/parks-and-recreation-facilities/location/?id=1084" }, "geometry": { "type": "MultiPoint", "coordinates": [ [ -79.414727019654094, 43.638832157433903 ] ] } },
{ "type": "Feature", "properties": { "_id": 698, "LOCATIONID": "2645", "ASSET_ID": 967.0, "ASSET_NAME": "SNOWELLEN AVENUE PARKETTE", "TYPE": "Park", "AMENITIES": "None", "ADDRESS": "10 Snowellen Ave", "PHONE": "None", "URL": "https://www.toronto.ca/explore-enjoy/parks-recreation/places-spaces/parks-and-recreation-facilities/location/?id=2645" }, "geometry": { "type": "MultiPoint", "coordinates": [ [ -79.559685246641394, 43.629707166405602 ] ] } },
{ "type": "Feature", "properties": { "_id": 699, "LOCATIONID": "295", "ASSET_ID": 98.0, "ASSET_NAME": "BICKFORD PARK", "TYPE": "Park", "AMENITIES": "Ball Diamond, Dog Off-Leash Area, Washroom", "ADDRESS": "400 Grace St", "PHONE": "None", "URL": "https://www.toronto.ca/explore-enjoy/parks-recreation/places-spaces/parks-and-recreation-facilities/location/?id=295" }, "geometry": { "type": "MultiPoint", "coordinates": [ [ -79.418766647432705, 43.661058533888401 ] ] } },
{ "type": "Feature", "properties": { "_id": 700, "LOCATIONID": "690", "ASSET_ID": 591.0, "ASSET_NAME": "KNOB HILL PARK", "TYPE": "Park", "AMENITIES": "Basketball Court, Outdoor Dry Pad, Picnic Site, Playground, Washroom", "ADDRESS": "625 Brimley Rd", "PHONE": "None", "URL": "https://www.toronto.ca/explore-enjoy/parks-recreation/places-spaces/parks-and-recreation-facilities/location/?id=690" }, "geometry": { "type": "MultiPoint", "coordinates": [ [ -79.250130601277803, 43.743675739507303 ] ] } },
{ "type": "Feature", "properties": { "_id": 701, "LOCATIONID": "494", "ASSET_ID": 213.0, "ASSET_NAME": "CLYDESDALE PARK", "TYPE": "Park", "AMENITIES": "Ball Diamond, Outdoor Fitness Equipment, Playground, Tennis Court", "ADDRESS": "116 Clydesdale Dr", "PHONE": "None", "URL": "https://www.toronto.ca/explore-enjoy/parks-recreation/places-spaces/parks-and-recreation-facilities/location/?id=494" }, "geometry": { "type": "MultiPoint", "coordinates": [ [ -79.329424827607795, 43.783223086721399 ] ] } },
{ "type": "Feature", "properties": { "_id": 702, "LOCATIONID": "1430", "ASSET_ID": 1032.0, "ASSET_NAME": "TORONTO INUKSHUK PARK", "TYPE": "Park", "AMENITIES": "None", "ADDRESS": "789 Lake Shore Blvd W", "PHONE": "None", "URL": "https://www.toronto.ca/explore-enjoy/parks-recreation/places-spaces/parks-and-recreation-facilities/location/?id=1430" }, "geometry": { "type": "MultiPoint", "coordinates": [ [ -79.409475953580795, 43.6323354035042 ] ] } },
{ "type": "Feature", "properties": { "_id": 703, "LOCATIONID": "1880", "ASSET_ID": 831.0, "ASSET_NAME": "PORTAGE GARDENS PARK", "TYPE": "Park", "AMENITIES": "Playground", "ADDRESS": "400 Sidney Belsey Cres", "PHONE": "None", "URL": "https://www.toronto.ca/explore-enjoy/parks-recreation/places-spaces/parks-and-recreation-facilities/location/?id=1880" }, "geometry": { "type": "MultiPoint", "coordinates": [ [ -79.508709288567502, 43.690639203118899 ] ] } },
{ "type": "Feature", "properties": { "_id": 704, "LOCATIONID": "204", "ASSET_ID": 202.0, "ASSET_NAME": "CLARENCE SQUARE PARK", "TYPE": "Park", "AMENITIES": "Dog Off-Leash Area", "ADDRESS": "25 Clarence Sq", "PHONE": "None", "URL": "https://www.toronto.ca/explore-enjoy/parks-recreation/places-spaces/parks-and-recreation-facilities/location/?id=204" }, "geometry": { "type": "MultiPoint", "coordinates": [ [ -79.393660724088207, 43.644153892764301 ] ] } },
{ "type": "Feature", "properties": { "_id": 705, "LOCATIONID": "74", "ASSET_ID": 459.0, "ASSET_NAME": "HARBOUR SQUARE PARK LANDS", "TYPE": "Park", "AMENITIES": "Washroom", "ADDRESS": "25 Queens Quay W", "PHONE": "None", "URL": "https://www.toronto.ca/explore-enjoy/parks-recreation/places-spaces/parks-and-recreation-facilities/location/?id=74" }, "geometry": { "type": "MultiPoint", "coordinates": [ [ -79.376188638426697, 43.640242949728098 ] ] } },
{ "type": "Feature", "properties": { "_id": 706, "LOCATIONID": "1043", "ASSET_ID": 86.0, "ASSET_NAME": "BENNER PARK", "TYPE": "Park", "AMENITIES": "Playground", "ADDRESS": "25 Benner Ave", "PHONE": "None", "URL": "https://www.toronto.ca/explore-enjoy/parks-recreation/places-spaces/parks-and-recreation-facilities/location/?id=1043" }, "geometry": { "type": "MultiPoint", "coordinates": [ [ -79.440325603739595, 43.706890269913501 ] ] } },
{ "type": "Feature", "properties": { "_id": 707, "LOCATIONID": "2390", "ASSET_ID": 1303.0, "ASSET_NAME": "FINCH - ISLINGTON PARK", "TYPE": "Park", "AMENITIES": "None", "ADDRESS": "2750 Islington Ave", "PHONE": "None", "URL": "https://www.toronto.ca/explore-enjoy/parks-recreation/places-spaces/parks-and-recreation-facilities/location/?id=2390" }, "geometry": { "type": "MultiPoint", "coordinates": [ [ -79.570017284264594, 43.744756361875602 ] ] } },
{ "type": "Feature", "properties": { "_id": 708, "LOCATIONID": "526", "ASSET_ID": 25.0, "ASSET_NAME": "ALEXMUIR PARK", "TYPE": "Park", "AMENITIES": "Playground, Sports Field", "ADDRESS": "205 Alexmuir Blvd", "PHONE": "None", "URL": "https://www.toronto.ca/explore-enjoy/parks-recreation/places-spaces/parks-and-recreation-facilities/location/?id=526" }, "geometry": { "type": "MultiPoint", "coordinates": [ [ -79.282977969417203, 43.809286152877497 ] ] } },
{ "type": "Feature", "properties": { "_id": 709, "LOCATIONID": "2543", "ASSET_ID": 2094.0, "ASSET_NAME": "TORONTO ISLANDS - OLYMPIC ISLAND PARK", "TYPE": "Park", "AMENITIES": "Firepit, Picnic Site, Playground, Washroom", "ADDRESS": "9 Queens Quay W", "PHONE": "None", "URL": "https://www.toronto.ca/explore-enjoy/parks-recreation/places-spaces/parks-and-recreation-facilities/location/?id=2543" }, "geometry": { "type": "MultiPoint", "coordinates": [ [ -79.374549483016906, 43.622535761082403 ] ] } },
{ "type": "Feature", "properties": { "_id": 710, "LOCATIONID": "2747", "ASSET_ID": 1949.0, "ASSET_NAME": "SCARLETT BRIDGE PARKETTE", "TYPE": "Park", "AMENITIES": "None", "ADDRESS": " SCARLETT RD", "PHONE": "None", "URL": "https://www.toronto.ca/explore-enjoy/parks-recreation/places-spaces/parks-and-recreation-facilities/location/?id=2747" }, "geometry": { "type": "MultiPoint", "coordinates": [ [ -79.506882982562701, 43.678782959070197 ] ] } },
{ "type": "Feature", "properties": { "_id": 711, "LOCATIONID": "2548", "ASSET_ID": 891.0, "ASSET_NAME": "ROSEMOUNT GARDENS PARKETTE", "TYPE": "Park", "AMENITIES": "Playground", "ADDRESS": "255 Queenslea Ave", "PHONE": "None", "URL": "https://www.toronto.ca/explore-enjoy/parks-recreation/places-spaces/parks-and-recreation-facilities/location/?id=2548" }, "geometry": { "type": "MultiPoint", "coordinates": [ [ -79.527590313356995, 43.706773834736502 ] ] } },
{ "type": "Feature", "properties": { "_id": 712, "LOCATIONID": "270", "ASSET_ID": 1096.0, "ASSET_NAME": "WELLESLEY PARK", "TYPE": "Park", "AMENITIES": "Outdoor Dry Pad, Pickleball Court, Playground", "ADDRESS": "500 Wellesley St E", "PHONE": "None", "URL": "https://www.toronto.ca/explore-enjoy/parks-recreation/places-spaces/parks-and-recreation-facilities/location/?id=270" }, "geometry": { "type": "MultiPoint", "coordinates": [ [ -79.362201807181407, 43.669602104602703 ] ] } },
{ "type": "Feature", "properties": { "_id": 713, "LOCATIONID": "298", "ASSET_ID": 1126.0, "ASSET_NAME": "WILLIAMSON PARK RAVINE", "TYPE": "Park", "AMENITIES": "None", "ADDRESS": "1680 Gerrard St E", "PHONE": "None", "URL": "https://www.toronto.ca/explore-enjoy/parks-recreation/places-spaces/parks-and-recreation-facilities/location/?id=298" }, "geometry": { "type": "MultiPoint", "coordinates": [ [ -79.3173566254804, 43.6780549678585 ] ] } },
{ "type": "Feature", "properties": { "_id": 714, "LOCATIONID": "1500", "ASSET_ID": 1868.0, "ASSET_NAME": "MCCOWAN DISTRICT PARK", "TYPE": "Park", "AMENITIES": "Pickleball Court, Playground, Sports Field, Washroom", "ADDRESS": "150 McCowan Rd", "PHONE": "None", "URL": "https://www.toronto.ca/explore-enjoy/parks-recreation/places-spaces/parks-and-recreation-facilities/location/?id=1500" }, "geometry": { "type": "MultiPoint", "coordinates": [ [ -79.237093432632406, 43.7336751987932 ] ] } },
{ "type": "Feature", "properties": { "_id": 715, "LOCATIONID": "2735", "ASSET_ID": 541.0, "ASSET_NAME": "MARIE BALDWIN PARK", "TYPE": "Park", "AMENITIES": "None", "ADDRESS": "746 Jane St", "PHONE": "None", "URL": "https://www.toronto.ca/explore-enjoy/parks-recreation/places-spaces/parks-and-recreation-facilities/location/?id=2735" }, "geometry": { "type": "MultiPoint", "coordinates": [ [ -79.497376331523597, 43.669756491913198 ] ] } },
{ "type": "Feature", "properties": { "_id": 716, "LOCATIONID": "290", "ASSET_ID": 89.0, "ASSET_NAME": "BERESFORD PARK", "TYPE": "Park", "AMENITIES": "Dog Off-Leash Area, Playground", "ADDRESS": "400 Beresford Ave", "PHONE": "None", "URL": "https://www.toronto.ca/explore-enjoy/parks-recreation/places-spaces/parks-and-recreation-facilities/location/?id=290" }, "geometry": { "type": "MultiPoint", "coordinates": [ [ -79.479580658799193, 43.656320286446999 ] ] } },
{ "type": "Feature", "properties": { "_id": 717, "LOCATIONID": "61", "ASSET_ID": 1329.0, "ASSET_NAME": "GLENLAKE SQUARE", "TYPE": "Park", "AMENITIES": "None", "ADDRESS": "516 Glenlake Ave", "PHONE": "None", "URL": "https://www.toronto.ca/explore-enjoy/parks-recreation/places-spaces/parks-and-recreation-facilities/location/?id=61" }, "geometry": { "type": "MultiPoint", "coordinates": [ [ -79.474101780592306, 43.656130553158 ] ] } },
{ "type": "Feature", "properties": { "_id": 718, "LOCATIONID": "379", "ASSET_ID": 699.0, "ASSET_NAME": "MCCLEARY PARK", "TYPE": "Park", "AMENITIES": "Ball Diamond, Washroom", "ADDRESS": "755 Lake Shore Blvd E", "PHONE": "None", "URL": "https://www.toronto.ca/explore-enjoy/parks-recreation/places-spaces/parks-and-recreation-facilities/location/?id=379" }, "geometry": { "type": "MultiPoint", "coordinates": [ [ -79.340280850179795, 43.6528737473406 ] ] } },
{ "type": "Feature", "properties": { "_id": 719, "LOCATIONID": "2053", "ASSET_ID": 494.0, "ASSET_NAME": "HILLSIDE PARK", "TYPE": "Park", "AMENITIES": "Playground", "ADDRESS": "185 Hillside Ave", "PHONE": "None", "URL": "https://www.toronto.ca/explore-enjoy/parks-recreation/places-spaces/parks-and-recreation-facilities/location/?id=2053" }, "geometry": { "type": "MultiPoint", "coordinates": [ [ -79.500065755598698, 43.608851617642699 ] ] } },
{ "type": "Feature", "properties": { "_id": 720, "LOCATIONID": "2270", "ASSET_ID": 1271.0, "ASSET_NAME": "DOUGLAS GREENBELT", "TYPE": "Park", "AMENITIES": "None", "ADDRESS": "303 Douglas Ave", "PHONE": "None", "URL": "https://www.toronto.ca/explore-enjoy/parks-recreation/places-spaces/parks-and-recreation-facilities/location/?id=2270" }, "geometry": { "type": "MultiPoint", "coordinates": [ [ -79.414411495040795, 43.723676767554501 ] ] } },
{ "type": "Feature", "properties": { "_id": 721, "LOCATIONID": "2592", "ASSET_ID": 1503.0, "ASSET_NAME": "SEELEY GREENBELT", "TYPE": "Park", "AMENITIES": "None", "ADDRESS": "23 Seeley Dr", "PHONE": "None", "URL": "https://www.toronto.ca/explore-enjoy/parks-recreation/places-spaces/parks-and-recreation-facilities/location/?id=2592" }, "geometry": { "type": "MultiPoint", "coordinates": [ [ -79.491554125317094, 43.741907539136598 ] ] } },
{ "type": "Feature", "properties": { "_id": 722, "LOCATIONID": "1888", "ASSET_ID": 1002.0, "ASSET_NAME": "STONEHOUSE PARK", "TYPE": "Park", "AMENITIES": "Outdoor Fitness Equipment, Playground", "ADDRESS": "671 Martin Grove Rd", "PHONE": "None", "URL": "https://www.toronto.ca/explore-enjoy/parks-recreation/places-spaces/parks-and-recreation-facilities/location/?id=1888" }, "geometry": { "type": "MultiPoint", "coordinates": [ [ -79.564956601126994, 43.680123270089098 ] ] } },
{ "type": "Feature", "properties": { "_id": 723, "LOCATIONID": "228", "ASSET_ID": 773.0, "ASSET_NAME": "NORWOOD PARK", "TYPE": "Park", "AMENITIES": "Dog Off-Leash Area, Outdoor Ping Pong/Table Tennis, Playground, Tennis Court, Washroom", "ADDRESS": "16 Norwood Rd", "PHONE": "None", "URL": "https://www.toronto.ca/explore-enjoy/parks-recreation/places-spaces/parks-and-recreation-facilities/location/?id=228" }, "geometry": { "type": "MultiPoint", "coordinates": [ [ -79.303754303900405, 43.682309344198302 ] ] } },
{ "type": "Feature", "properties": { "_id": 724, "LOCATIONID": "2510", "ASSET_ID": 1590.0, "ASSET_NAME": "WINCHESTER SQUARE PARK", "TYPE": "Park", "AMENITIES": "None", "ADDRESS": "474 Ontario St", "PHONE": "None", "URL": "https://www.toronto.ca/explore-enjoy/parks-recreation/places-spaces/parks-and-recreation-facilities/location/?id=2510" }, "geometry": { "type": "MultiPoint", "coordinates": [ [ -79.371268596713605, 43.664275603687699 ] ] } },
{ "type": "Feature", "properties": { "_id": 725, "LOCATIONID": "2655", "ASSET_ID": 1066.0, "ASSET_NAME": "TURPIN AVENUE PARK", "TYPE": "Park", "AMENITIES": "Playground", "ADDRESS": "12 Turpin Ave", "PHONE": "None", "URL": "https://www.toronto.ca/explore-enjoy/parks-recreation/places-spaces/parks-and-recreation-facilities/location/?id=2655" }, "geometry": { "type": "MultiPoint", "coordinates": [ [ -79.555270086707594, 43.7231090084911 ] ] } },
{ "type": "Feature", "properties": { "_id": 726, "LOCATIONID": "34", "ASSET_ID": 667.0, "ASSET_NAME": "MALTA PARK", "TYPE": "Park", "AMENITIES": "Outdoor Ping Pong/Table Tennis, Playground", "ADDRESS": "3179 Dundas St W", "PHONE": "None", "URL": "https://www.toronto.ca/explore-enjoy/parks-recreation/places-spaces/parks-and-recreation-facilities/location/?id=34" }, "geometry": { "type": "MultiPoint", "coordinates": [ [ -79.475585603349799, 43.665309686134997 ] ] } },
{ "type": "Feature", "properties": { "_id": 727, "LOCATIONID": "55", "ASSET_ID": 1325.0, "ASSET_NAME": "GLEBE MANOR SQUARE", "TYPE": "Park", "AMENITIES": "None", "ADDRESS": "51 Harwood Rd", "PHONE": "None", "URL": "https://www.toronto.ca/explore-enjoy/parks-recreation/places-spaces/parks-and-recreation-facilities/location/?id=55" }, "geometry": { "type": "MultiPoint", "coordinates": [ [ -79.391853094615101, 43.701509621343497 ] ] } },
{ "type": "Feature", "properties": { "_id": 728, "LOCATIONID": "1466", "ASSET_ID": 460.0, "ASSET_NAME": "HARDING PARK", "TYPE": "Park", "AMENITIES": "Ball Diamond, Playground", "ADDRESS": "59 Hearst Crcl", "PHONE": "None", "URL": "https://www.toronto.ca/explore-enjoy/parks-recreation/places-spaces/parks-and-recreation-facilities/location/?id=1466" }, "geometry": { "type": "MultiPoint", "coordinates": [ [ -79.498476744970404, 43.699572936628201 ] ] } },
{ "type": "Feature", "properties": { "_id": 729, "LOCATIONID": "978", "ASSET_ID": 661.0, "ASSET_NAME": "MADELAINE PARK", "TYPE": "Park", "AMENITIES": "Playground", "ADDRESS": "20 Madelaine Ave", "PHONE": "None", "URL": "https://www.toronto.ca/explore-enjoy/parks-recreation/places-spaces/parks-and-recreation-facilities/location/?id=978" }, "geometry": { "type": "MultiPoint", "coordinates": [ [ -79.285306270215997, 43.6929115524891 ] ] } },
{ "type": "Feature", "properties": { "_id": 730, "LOCATIONID": "2456", "ASSET_ID": 414.0, "ASSET_NAME": "GLEN AGAR PARK", "TYPE": "Park", "AMENITIES": "Playground", "ADDRESS": "331 Martin Grove Rd", "PHONE": "None", "URL": "https://www.toronto.ca/explore-enjoy/parks-recreation/places-spaces/parks-and-recreation-facilities/location/?id=2456" }, "geometry": { "type": "MultiPoint", "coordinates": [ [ -79.556383546393704, 43.6621286381339 ] ] } },
{ "type": "Feature", "properties": { "_id": 731, "LOCATIONID": "129", "ASSET_ID": 364.0, "ASSET_NAME": "FELSTEAD AVENUE PLAYGROUND", "TYPE": "Park", "AMENITIES": "Playground, Sports Field, Washroom", "ADDRESS": "60 Felstead Ave", "PHONE": "None", "URL": "https://www.toronto.ca/explore-enjoy/parks-recreation/places-spaces/parks-and-recreation-facilities/location/?id=129" }, "geometry": { "type": "MultiPoint", "coordinates": [ [ -79.329443206183996, 43.679373142418797 ] ] } },
{ "type": "Feature", "properties": { "_id": 732, "LOCATIONID": "2753", "ASSET_ID": 307.0, "ASSET_NAME": "DUPLEX PARKETTE", "TYPE": "Park", "AMENITIES": "None", "ADDRESS": "2906 Yonge St", "PHONE": "None", "URL": "https://www.toronto.ca/explore-enjoy/parks-recreation/places-spaces/parks-and-recreation-facilities/location/?id=2753" }, "geometry": { "type": "MultiPoint", "coordinates": [ [ -79.403119321378199, 43.721328861397403 ] ] } },
{ "type": "Feature", "properties": { "_id": 733, "LOCATIONID": "370", "ASSET_ID": 241.0, "ASSET_NAME": "CRAIGLEIGH GARDENS", "TYPE": "Park", "AMENITIES": "Dog Off-Leash Area", "ADDRESS": "160 South Dr", "PHONE": "None", "URL": "https://www.toronto.ca/explore-enjoy/parks-recreation/places-spaces/parks-and-recreation-facilities/location/?id=370" }, "geometry": { "type": "MultiPoint", "coordinates": [ [ -79.371800880513803, 43.677878305897302 ] ] } },
{ "type": "Feature", "properties": { "_id": 734, "LOCATIONID": "108", "ASSET_ID": 313.0, "ASSET_NAME": "EAST LYNN PARK", "TYPE": "Park", "AMENITIES": "Outdoor Ping Pong/Table Tennis, Picnic Site, Playground", "ADDRESS": "1949 Danforth Ave", "PHONE": "None", "URL": "https://www.toronto.ca/explore-enjoy/parks-recreation/places-spaces/parks-and-recreation-facilities/location/?id=108" }, "geometry": { "type": "MultiPoint", "coordinates": [ [ -79.315370988504299, 43.684206973101603 ] ] } },
{ "type": "Feature", "properties": { "_id": 735, "LOCATIONID": "719", "ASSET_ID": 806.0, "ASSET_NAME": "PARMA PARK", "TYPE": "Park", "AMENITIES": "Basketball Court", "ADDRESS": "99 Parma Crt", "PHONE": "None", "URL": "https://www.toronto.ca/explore-enjoy/parks-recreation/places-spaces/parks-and-recreation-facilities/location/?id=719" }, "geometry": { "type": "MultiPoint", "coordinates": [ [ -79.302145355968904, 43.717865948049599 ] ] } },
{ "type": "Feature", "properties": { "_id": 736, "LOCATIONID": "618", "ASSET_ID": 1399.0, "ASSET_NAME": "LYNNDALE PARKETTE", "TYPE": "Park", "AMENITIES": "Picnic Site", "ADDRESS": "10 Lynndale Cres", "PHONE": "None", "URL": "https://www.toronto.ca/explore-enjoy/parks-recreation/places-spaces/parks-and-recreation-facilities/location/?id=618" }, "geometry": { "type": "MultiPoint", "coordinates": [ [ -79.275558576769797, 43.682669495411403 ] ] } },
{ "type": "Feature", "properties": { "_id": 737, "LOCATIONID": "2462", "ASSET_ID": 1523.0, "ASSET_NAME": "STEWART A. MCGREGOR PARKETTE", "TYPE": "Park", "AMENITIES": "None", "ADDRESS": "85 Mason Blvd", "PHONE": "None", "URL": "https://www.toronto.ca/explore-enjoy/parks-recreation/places-spaces/parks-and-recreation-facilities/location/?id=2462" }, "geometry": { "type": "MultiPoint", "coordinates": [ [ -79.410316529778896, 43.740214921694303 ] ] } },
{ "type": "Feature", "properties": { "_id": 738, "LOCATIONID": "637", "ASSET_ID": 408.0, "ASSET_NAME": "GILTSPUR PARK", "TYPE": "Park", "AMENITIES": "Ball Diamond, Playground", "ADDRESS": "85 Magellan Dr", "PHONE": "None", "URL": "https://www.toronto.ca/explore-enjoy/parks-recreation/places-spaces/parks-and-recreation-facilities/location/?id=637" }, "geometry": { "type": "MultiPoint", "coordinates": [ [ -79.507708561293398, 43.736013411529299 ] ] } },
{ "type": "Feature", "properties": { "_id": 739, "LOCATIONID": "2095", "ASSET_ID": 1172.0, "ASSET_NAME": "ASTERFIELD - PLUMROSE BLVD PARKETTE", "TYPE": "Park", "AMENITIES": "None", "ADDRESS": "75 Asterfield Dr", "PHONE": "None", "URL": "https://www.toronto.ca/explore-enjoy/parks-recreation/places-spaces/parks-and-recreation-facilities/location/?id=2095" }, "geometry": { "type": "MultiPoint", "coordinates": [ [ -79.1747910364994, 43.7747084593978 ] ] } },
{ "type": "Feature", "properties": { "_id": 740, "LOCATIONID": "3739", "ASSET_ID": 71002.0, "ASSET_NAME": "BALLYCONNOR PARK", "TYPE": "Park", "AMENITIES": "Playground", "ADDRESS": "21 Ballyconnor Crt", "PHONE": "None", "URL": "https://www.toronto.ca/explore-enjoy/parks-recreation/places-spaces/parks-and-recreation-facilities/location/?id=3739" }, "geometry": { "type": "MultiPoint", "coordinates": [ [ -79.386286144525002, 43.799942145549799 ] ] } },
{ "type": "Feature", "properties": { "_id": 741, "LOCATIONID": "590", "ASSET_ID": 939.0, "ASSET_NAME": "SEVEN OAKS PARK", "TYPE": "Park", "AMENITIES": "Ball Diamond, Basketball Court, Playground, Tennis Court, Washroom", "ADDRESS": "372 Military Trl", "PHONE": "None", "URL": "https://www.toronto.ca/explore-enjoy/parks-recreation/places-spaces/parks-and-recreation-facilities/location/?id=590" }, "geometry": { "type": "MultiPoint", "coordinates": [ [ -79.210584271465805, 43.7882509492851 ] ] } },
{ "type": "Feature", "properties": { "_id": 742, "LOCATIONID": "1450", "ASSET_ID": 1249.0, "ASSET_NAME": "CRAWFORD - JONES MEMORIAL PARK", "TYPE": "Park", "AMENITIES": "None", "ADDRESS": "80 Dee Ave", "PHONE": "None", "URL": "https://www.toronto.ca/explore-enjoy/parks-recreation/places-spaces/parks-and-recreation-facilities/location/?id=1450" }, "geometry": { "type": "MultiPoint", "coordinates": [ [ -79.538432062390399, 43.709710473364197 ] ] } },
{ "type": "Feature", "properties": { "_id": 743, "LOCATIONID": "2059", "ASSET_ID": 1414.0, "ASSET_NAME": "MILES ROAD END PARKETTE", "TYPE": "Park", "AMENITIES": "None", "ADDRESS": "4 Miles Rd", "PHONE": "None", "URL": "https://www.toronto.ca/explore-enjoy/parks-recreation/places-spaces/parks-and-recreation-facilities/location/?id=2059" }, "geometry": { "type": "MultiPoint", "coordinates": [ [ -79.487306290529006, 43.608639316398502 ] ] } },
{ "type": "Feature", "properties": { "_id": 744, "LOCATIONID": "2101", "ASSET_ID": 1769.0, "ASSET_NAME": "HEART PARK", "TYPE": "Park", "AMENITIES": "None", "ADDRESS": "1400 Avenue Rd", "PHONE": "None", "URL": "https://www.toronto.ca/explore-enjoy/parks-recreation/places-spaces/parks-and-recreation-facilities/location/?id=2101" }, "geometry": { "type": "MultiPoint", "coordinates": [ [ -79.414892078802296, 43.718395418429097 ] ] } },
{ "type": "Feature", "properties": { "_id": 745, "LOCATIONID": "2582", "ASSET_ID": 590.0, "ASSET_NAME": "KNIGHTS OF COLUMBUS PARK", "TYPE": "Park", "AMENITIES": "Playground", "ADDRESS": "60 San Gabriele Pl", "PHONE": "None", "URL": "https://www.toronto.ca/explore-enjoy/parks-recreation/places-spaces/parks-and-recreation-facilities/location/?id=2582" }, "geometry": { "type": "MultiPoint", "coordinates": [ [ -79.566195856460993, 43.764163382305398 ] ] } },
{ "type": "Feature", "properties": { "_id": 746, "LOCATIONID": "2457", "ASSET_ID": 457.0, "ASSET_NAME": "HAMPSHIRE HEIGHTS PARK", "TYPE": "Park", "AMENITIES": "None", "ADDRESS": "231 Martin Grove Rd", "PHONE": "None", "URL": "https://www.toronto.ca/explore-enjoy/parks-recreation/places-spaces/parks-and-recreation-facilities/location/?id=2457" }, "geometry": { "type": "MultiPoint", "coordinates": [ [ -79.550377761168804, 43.655783683322298 ] ] } },
{ "type": "Feature", "properties": { "_id": 747, "LOCATIONID": "2314", "ASSET_ID": 368.0, "ASSET_NAME": "FERRAND DRIVE PARK", "TYPE": "Park", "AMENITIES": "Playground", "ADDRESS": "251 Ferrand Dr", "PHONE": "None", "URL": "https://www.toronto.ca/explore-enjoy/parks-recreation/places-spaces/parks-and-recreation-facilities/location/?id=2314" }, "geometry": { "type": "MultiPoint", "coordinates": [ [ -79.332820249458507, 43.719890487572897 ] ] } },
{ "type": "Feature", "properties": { "_id": 748, "LOCATIONID": "1978", "ASSET_ID": 861.0, "ASSET_NAME": "REDGRAVE PARK", "TYPE": "Park", "AMENITIES": "Playground", "ADDRESS": "48 Redgrave Dr", "PHONE": "None", "URL": "https://www.toronto.ca/explore-enjoy/parks-recreation/places-spaces/parks-and-recreation-facilities/location/?id=1978" }, "geometry": { "type": "MultiPoint", "coordinates": [ [ -79.571444971304302, 43.682746107769702 ] ] } },
{ "type": "Feature", "properties": { "_id": 749, "LOCATIONID": "2755", "ASSET_ID": 69.0, "ASSET_NAME": "BAYVIEW ARENA PARK", "TYPE": "Park", "AMENITIES": "Dog Off-Leash Area", "ADDRESS": "3240 Bayview Ave", "PHONE": "None", "URL": "https://www.toronto.ca/explore-enjoy/parks-recreation/places-spaces/parks-and-recreation-facilities/location/?id=2755" }, "geometry": { "type": "MultiPoint", "coordinates": [ [ -79.3938918998237, 43.787971021237702 ] ] } },
{ "type": "Feature", "properties": { "_id": 750, "LOCATIONID": "3738", "ASSET_ID": 77734.0, "ASSET_NAME": "DAVID CAPLAN PARK", "TYPE": "Park", "AMENITIES": "Playground", "ADDRESS": "125 Consumers Rd", "PHONE": "None", "URL": "https://www.toronto.ca/explore-enjoy/parks-recreation/places-spaces/parks-and-recreation-facilities/location/?id=3738" }, "geometry": { "type": "MultiPoint", "coordinates": [ [ -79.332170240556906, 43.774094991479302 ] ] } },
{ "type": "Feature", "properties": { "_id": 751, "LOCATIONID": "2233", "ASSET_ID": 231.0, "ASSET_NAME": "CORTLEIGH PARKETTE", "TYPE": "Park", "AMENITIES": "Playground", "ADDRESS": "375 Cortleigh Blvd", "PHONE": "None", "URL": "https://www.toronto.ca/explore-enjoy/parks-recreation/places-spaces/parks-and-recreation-facilities/location/?id=2233" }, "geometry": { "type": "MultiPoint", "coordinates": [ [ -79.425535291011599, 43.7098464476963 ] ] } },
{ "type": "Feature", "properties": { "_id": 752, "LOCATIONID": "2333", "ASSET_ID": 1315.0, "ASSET_NAME": "GARNIER PARK", "TYPE": "Park", "AMENITIES": "None", "ADDRESS": "4 Garnier Crt", "PHONE": "None", "URL": "https://www.toronto.ca/explore-enjoy/parks-recreation/places-spaces/parks-and-recreation-facilities/location/?id=2333" }, "geometry": { "type": "MultiPoint", "coordinates": [ [ -79.394132904615901, 43.8013249109258 ] ] } },
{ "type": "Feature", "properties": { "_id": 753, "LOCATIONID": "922", "ASSET_ID": 609.0, "ASSET_NAME": "LORA HILL PARK", "TYPE": "Park", "AMENITIES": "Pickleball Court, Playground, Tennis Court", "ADDRESS": "36 Fernalroy Blvd", "PHONE": "None", "URL": "https://www.toronto.ca/explore-enjoy/parks-recreation/places-spaces/parks-and-recreation-facilities/location/?id=922" }, "geometry": { "type": "MultiPoint", "coordinates": [ [ -79.514829458945698, 43.638333574315197 ] ] } },
{ "type": "Feature", "properties": { "_id": 754, "LOCATIONID": "3880", "ASSET_ID": 94543.0, "ASSET_NAME": "SECORD PARK", "TYPE": "Park", "AMENITIES": "Playground", "ADDRESS": "8 Secord Ave", "PHONE": "None", "URL": "https://www.toronto.ca/explore-enjoy/parks-recreation/places-spaces/parks-and-recreation-facilities/location/?id=3880" }, "geometry": { "type": "MultiPoint", "coordinates": [ [ -79.300600409087906, 43.693349623781401 ] ] } },
{ "type": "Feature", "properties": { "_id": 755, "LOCATIONID": "3747", "ASSET_ID": 77174.0, "ASSET_NAME": "WYNFORD PARK ", "TYPE": "Park", "AMENITIES": "Playground", "ADDRESS": "1 Mcdonald's Pl", "PHONE": "None", "URL": "https://www.toronto.ca/explore-enjoy/parks-recreation/places-spaces/parks-and-recreation-facilities/location/?id=3747" }, "geometry": { "type": "MultiPoint", "coordinates": [ [ -79.328654507452498, 43.728550634336102 ] ] } },
{ "type": "Feature", "properties": { "_id": 756, "LOCATIONID": "2706", "ASSET_ID": 536.0, "ASSET_NAME": "J.T. WATSON PARKETTE", "TYPE": "Park", "AMENITIES": "Playground", "ADDRESS": "605 Ridelle Ave", "PHONE": "None", "URL": "https://www.toronto.ca/explore-enjoy/parks-recreation/places-spaces/parks-and-recreation-facilities/location/?id=2706" }, "geometry": { "type": "MultiPoint", "coordinates": [ [ -79.4507125098432, 43.701500962844598 ] ] } },
{ "type": "Feature", "properties": { "_id": 757, "LOCATIONID": "3641", "ASSET_ID": 1914.0, "ASSET_NAME": "ORPHAN'S GREEN", "TYPE": "Park", "AMENITIES": "Dog Off-Leash Area", "ADDRESS": "51 Power St", "PHONE": "None", "URL": "https://www.toronto.ca/explore-enjoy/parks-recreation/places-spaces/parks-and-recreation-facilities/location/?id=3641" }, "geometry": { "type": "MultiPoint", "coordinates": [ [ -79.361891475378698, 43.654796701875497 ] ] } },
{ "type": "Feature", "properties": { "_id": 758, "LOCATIONID": "936", "ASSET_ID": 523.0, "ASSET_NAME": "INDIAN LINE PARK", "TYPE": "Park", "AMENITIES": "Basketball Court, Pickleball Court, Playground, Tennis Court", "ADDRESS": "655 Humberwood Blvd", "PHONE": "None", "URL": "https://www.toronto.ca/explore-enjoy/parks-recreation/places-spaces/parks-and-recreation-facilities/location/?id=936" }, "geometry": { "type": "MultiPoint", "coordinates": [ [ -79.622461788612398, 43.724968651911297 ] ] } },
{ "type": "Feature", "properties": { "_id": 759, "LOCATIONID": "2373", "ASSET_ID": 491.0, "ASSET_NAME": "HILLMOUNT PARKETTE", "TYPE": "Park", "AMENITIES": "Playground", "ADDRESS": "393 Hillmount Ave", "PHONE": "None", "URL": "https://www.toronto.ca/explore-enjoy/parks-recreation/places-spaces/parks-and-recreation-facilities/location/?id=2373" }, "geometry": { "type": "MultiPoint", "coordinates": [ [ -79.451707303858299, 43.706129303853302 ] ] } },
{ "type": "Feature", "properties": { "_id": 760, "LOCATIONID": "2484", "ASSET_ID": 1375.0, "ASSET_NAME": "KENNEDY - LAWRENCE PARKETTE", "TYPE": "Park", "AMENITIES": "None", "ADDRESS": "60 Mike Myers Dr", "PHONE": "None", "URL": "https://www.toronto.ca/explore-enjoy/parks-recreation/places-spaces/parks-and-recreation-facilities/location/?id=2484" }, "geometry": { "type": "MultiPoint", "coordinates": [ [ -79.273598064471102, 43.748106663255903 ] ] } },
{ "type": "Feature", "properties": { "_id": 761, "LOCATIONID": "603", "ASSET_ID": 1518.0, "ASSET_NAME": "ST. ANDREWS PARK - NORTH YORK", "TYPE": "Park", "AMENITIES": "None", "ADDRESS": "11 Knollwood St", "PHONE": "None", "URL": "https://www.toronto.ca/explore-enjoy/parks-recreation/places-spaces/parks-and-recreation-facilities/location/?id=603" }, "geometry": { "type": "MultiPoint", "coordinates": [ [ -79.387147322066895, 43.752287104356803 ] ] } },
{ "type": "Feature", "properties": { "_id": 762, "LOCATIONID": "2590", "ASSET_ID": 249.0, "ASSET_NAME": "CURRAN HALL RAVINE PARK", "TYPE": "Park", "AMENITIES": "None", "ADDRESS": "815 Scarborough Golf Club Rd", "PHONE": "None", "URL": "https://www.toronto.ca/explore-enjoy/parks-recreation/places-spaces/parks-and-recreation-facilities/location/?id=2590" }, "geometry": { "type": "MultiPoint", "coordinates": [ [ -79.211930912018303, 43.7664771988333 ] ] } },
{ "type": "Feature", "properties": { "_id": 763, "LOCATIONID": "53", "ASSET_ID": 690.0, "ASSET_NAME": "MAUGHAN CRESCENT PARKETTE", "TYPE": "Park", "AMENITIES": "None", "ADDRESS": "37 Maughan Cres", "PHONE": "None", "URL": "https://www.toronto.ca/explore-enjoy/parks-recreation/places-spaces/parks-and-recreation-facilities/location/?id=53" }, "geometry": { "type": "MultiPoint", "coordinates": [ [ -79.315844882280103, 43.6694236769778 ] ] } },
{ "type": "Feature", "properties": { "_id": 764, "LOCATIONID": "545", "ASSET_ID": 270.0, "ASSET_NAME": "DEMPSEY PARK", "TYPE": "Park", "AMENITIES": "Playground", "ADDRESS": "250 Beecroft Rd", "PHONE": "None", "URL": "https://www.toronto.ca/explore-enjoy/parks-recreation/places-spaces/parks-and-recreation-facilities/location/?id=545" }, "geometry": { "type": "MultiPoint", "coordinates": [ [ -79.417751908155495, 43.770040501730598 ] ] } },
{ "type": "Feature", "properties": { "_id": 765, "LOCATIONID": "3522", "ASSET_ID": 842.0, "ASSET_NAME": "PRINGDALE RAVINE", "TYPE": "Park", "AMENITIES": "None", "ADDRESS": "141 Thicketwood Dr", "PHONE": "None", "URL": "https://www.toronto.ca/explore-enjoy/parks-recreation/places-spaces/parks-and-recreation-facilities/location/?id=3522" }, "geometry": { "type": "MultiPoint", "coordinates": [ [ -79.243110057412594, 43.745354914781302 ] ] } },
{ "type": "Feature", "properties": { "_id": 766, "LOCATIONID": "1103", "ASSET_ID": 981.0, "ASSET_NAME": "DON PANOS PARKETTE", "TYPE": "Park", "AMENITIES": "None", "ADDRESS": "3 Prescott Ave", "PHONE": "None", "URL": "https://www.toronto.ca/explore-enjoy/parks-recreation/places-spaces/parks-and-recreation-facilities/location/?id=1103" }, "geometry": { "type": "MultiPoint", "coordinates": [ [ -79.456705949434607, 43.675215261021698 ] ] } },
{ "type": "Feature", "properties": { "_id": 767, "LOCATIONID": "2069", "ASSET_ID": 1013.0, "ASSET_NAME": "SUPERIOR PARK", "TYPE": "Park", "AMENITIES": "None", "ADDRESS": "1 Y Superior Ave", "PHONE": "None", "URL": "https://www.toronto.ca/explore-enjoy/parks-recreation/places-spaces/parks-and-recreation-facilities/location/?id=2069" }, "geometry": { "type": "MultiPoint", "coordinates": [ [ -79.486661187063206, 43.614523769973701 ] ] } },
{ "type": "Feature", "properties": { "_id": 768, "LOCATIONID": "3521", "ASSET_ID": 331.0, "ASSET_NAME": "EGLINTON RAVINE PARK", "TYPE": "Park", "AMENITIES": "None", "ADDRESS": "2281 Eglinton Ave E", "PHONE": "None", "URL": "https://www.toronto.ca/explore-enjoy/parks-recreation/places-spaces/parks-and-recreation-facilities/location/?id=3521" }, "geometry": { "type": "MultiPoint", "coordinates": [ [ -79.271836377717904, 43.7295611097014 ] ] } },
{ "type": "Feature", "properties": { "_id": 769, "LOCATIONID": "570", "ASSET_ID": 655.0, "ASSET_NAME": "LUSTED PARK", "TYPE": "Park", "AMENITIES": "Playground", "ADDRESS": "75 Painted Post Dr", "PHONE": "None", "URL": "https://www.toronto.ca/explore-enjoy/parks-recreation/places-spaces/parks-and-recreation-facilities/location/?id=570" }, "geometry": { "type": "MultiPoint", "coordinates": [ [ -79.232228245324293, 43.762222821250703 ] ] } },
{ "type": "Feature", "properties": { "_id": 770, "LOCATIONID": "2190", "ASSET_ID": 1220.0, "ASSET_NAME": "CARSCADDEN GREENBELT", "TYPE": "Park", "AMENITIES": "None", "ADDRESS": "32 B Carscadden Dr", "PHONE": "None", "URL": "https://www.toronto.ca/explore-enjoy/parks-recreation/places-spaces/parks-and-recreation-facilities/location/?id=2190" }, "geometry": { "type": "MultiPoint", "coordinates": [ [ -79.443584179010799, 43.765047053285699 ] ] } },
{ "type": "Feature", "properties": { "_id": 771, "LOCATIONID": "1452", "ASSET_ID": 169.0, "ASSET_NAME": "CEDARGROVE PARK", "TYPE": "Park", "AMENITIES": "Playground, Sports Field", "ADDRESS": "100 Farmbrook Rd", "PHONE": "None", "URL": "https://www.toronto.ca/explore-enjoy/parks-recreation/places-spaces/parks-and-recreation-facilities/location/?id=1452" }, "geometry": { "type": "MultiPoint", "coordinates": [ [ -79.230629212420794, 43.749005559325802 ] ] } },
{ "type": "Feature", "properties": { "_id": 772, "LOCATIONID": "2346", "ASSET_ID": 2020.0, "ASSET_NAME": "WEST DON PARKLAND", "TYPE": "Park", "AMENITIES": "Firepit", "ADDRESS": "165 MAXWELL ST", "PHONE": "None", "URL": "https://www.toronto.ca/explore-enjoy/parks-recreation/places-spaces/parks-and-recreation-facilities/location/?id=2346" }, "geometry": { "type": "MultiPoint", "coordinates": [ [ -79.451727861751806, 43.769290174948203 ] ] } },
{ "type": "Feature", "properties": { "_id": 773, "LOCATIONID": "3856", "ASSET_ID": 988934.0, "ASSET_NAME": "JAYE ROBINSON PARK", "TYPE": "Park", "AMENITIES": "Outdoor Fitness Equipment, Playground", "ADDRESS": "3055 YONGE ST", "PHONE": "None", "URL": "https://www.toronto.ca/explore-enjoy/parks-recreation/places-spaces/parks-and-recreation-facilities/location/?id=3856" }, "geometry": { "type": "MultiPoint", "coordinates": [ [ -79.400944812538398, 43.723090170943102 ] ] } },
{ "type": "Feature", "properties": { "_id": 774, "LOCATIONID": "1852", "ASSET_ID": 752.0, "ASSET_NAME": "NESBITT PARK", "TYPE": "Park", "AMENITIES": "Outdoor Ping Pong/Table Tennis, Playground", "ADDRESS": "69 Nesbitt Dr", "PHONE": "None", "URL": "https://www.toronto.ca/explore-enjoy/parks-recreation/places-spaces/parks-and-recreation-facilities/location/?id=1852" }, "geometry": { "type": "MultiPoint", "coordinates": [ [ -79.366854065330202, 43.693119123821802 ] ] } },
{ "type": "Feature", "properties": { "_id": 775, "LOCATIONID": "2241", "ASSET_ID": 1251.0, "ASSET_NAME": "CRESCENTWOOD PARK", "TYPE": "Park", "AMENITIES": "None", "ADDRESS": "35 Crescentwood Rd", "PHONE": "None", "URL": "https://www.toronto.ca/explore-enjoy/parks-recreation/places-spaces/parks-and-recreation-facilities/location/?id=2241" }, "geometry": { "type": "MultiPoint", "coordinates": [ [ -79.266167107165003, 43.6855520063162 ] ] } },
{ "type": "Feature", "properties": { "_id": 776, "LOCATIONID": "2571", "ASSET_ID": 1842.0, "ASSET_NAME": "LAWREN HARRIS PARK", "TYPE": "Park", "AMENITIES": "None", "ADDRESS": "145 Rosedale Valley Rd", "PHONE": "None", "URL": "https://www.toronto.ca/explore-enjoy/parks-recreation/places-spaces/parks-and-recreation-facilities/location/?id=2571" }, "geometry": { "type": "MultiPoint", "coordinates": [ [ -79.385084172567801, 43.673319481418602 ] ] } },
{ "type": "Feature", "properties": { "_id": 777, "LOCATIONID": "381", "ASSET_ID": 768.0, "ASSET_NAME": "NORTHERN LINEAR PARK", "TYPE": "Park", "AMENITIES": "None", "ADDRESS": "180 Queens Wharf Rd", "PHONE": "None", "URL": "https://www.toronto.ca/explore-enjoy/parks-recreation/places-spaces/parks-and-recreation-facilities/location/?id=381" }, "geometry": { "type": "MultiPoint", "coordinates": [ [ -79.394701299817399, 43.641241183655701 ] ] } },
{ "type": "Feature", "properties": { "_id": 778, "LOCATIONID": "2418", "ASSET_ID": 587.0, "ASSET_NAME": "KIRKDENE PARK", "TYPE": "Park", "AMENITIES": "Playground", "ADDRESS": "100 Kirkdene Dr", "PHONE": "None", "URL": "https://www.toronto.ca/explore-enjoy/parks-recreation/places-spaces/parks-and-recreation-facilities/location/?id=2418" }, "geometry": { "type": "MultiPoint", "coordinates": [ [ -79.138318914536995, 43.795220926231998 ] ] } },
{ "type": "Feature", "properties": { "_id": 779, "LOCATIONID": "2147", "ASSET_ID": 108.0, "ASSET_NAME": "BISHOP PARK", "TYPE": "Park", "AMENITIES": "Playground", "ADDRESS": "45 Bishop Ave", "PHONE": "None", "URL": "https://www.toronto.ca/explore-enjoy/parks-recreation/places-spaces/parks-and-recreation-facilities/location/?id=2147" }, "geometry": { "type": "MultiPoint", "coordinates": [ [ -79.4124998615425, 43.781746024797599 ] ] } },
{ "type": "Feature", "properties": { "_id": 780, "LOCATIONID": "2320", "ASSET_ID": 935.0, "ASSET_NAME": "SENECA VILLAGE PARK", "TYPE": "Park", "AMENITIES": "None", "ADDRESS": "1700 Finch Ave E", "PHONE": "None", "URL": "https://www.toronto.ca/explore-enjoy/parks-recreation/places-spaces/parks-and-recreation-facilities/location/?id=2320" }, "geometry": { "type": "MultiPoint", "coordinates": [ [ -79.351515193292002, 43.793924773575803 ] ] } },
{ "type": "Feature", "properties": { "_id": 781, "LOCATIONID": "997", "ASSET_ID": 951.0, "ASSET_NAME": "SILVERSTONE PARK", "TYPE": "Park", "AMENITIES": "Playground", "ADDRESS": "160 Silverstone Dr", "PHONE": "None", "URL": "https://www.toronto.ca/explore-enjoy/parks-recreation/places-spaces/parks-and-recreation-facilities/location/?id=997" }, "geometry": { "type": "MultiPoint", "coordinates": [ [ -79.592080967998697, 43.752210286186497 ] ] } },
{ "type": "Feature", "properties": { "_id": 782, "LOCATIONID": "2630", "ASSET_ID": 1008.0, "ASSET_NAME": "SUNFIELD PARK", "TYPE": "Park", "AMENITIES": "None", "ADDRESS": "144 Sunfield Rd", "PHONE": "None", "URL": "https://www.toronto.ca/explore-enjoy/parks-recreation/places-spaces/parks-and-recreation-facilities/location/?id=2630" }, "geometry": { "type": "MultiPoint", "coordinates": [ [ -79.491786226198798, 43.743399912563298 ] ] } },
{ "type": "Feature", "properties": { "_id": 783, "LOCATIONID": "19", "ASSET_ID": 894.0, "ASSET_NAME": "ROSETTA MCCLAIN GARDENS", "TYPE": "Park", "AMENITIES": "Washroom", "ADDRESS": "5 Glen Everest Rd", "PHONE": "None", "URL": "https://www.toronto.ca/explore-enjoy/parks-recreation/places-spaces/parks-and-recreation-facilities/location/?id=19" }, "geometry": { "type": "MultiPoint", "coordinates": [ [ -79.255344308575005, 43.696605031663097 ] ] } },
{ "type": "Feature", "properties": { "_id": 784, "LOCATIONID": "2469", "ASSET_ID": 85.0, "ASSET_NAME": "BENDALE PARK", "TYPE": "Park", "AMENITIES": "None", "ADDRESS": "705 McCowan Rd", "PHONE": "None", "URL": "https://www.toronto.ca/explore-enjoy/parks-recreation/places-spaces/parks-and-recreation-facilities/location/?id=2469" }, "geometry": { "type": "MultiPoint", "coordinates": [ [ -79.244471951364005, 43.756896432221403 ] ] } },
{ "type": "Feature", "properties": { "_id": 785, "LOCATIONID": "2275", "ASSET_ID": 298.0, "ASSET_NAME": "DUNCAIRN PARK", "TYPE": "Park", "AMENITIES": "Playground", "ADDRESS": "71 Duncairn Rd", "PHONE": "None", "URL": "https://www.toronto.ca/explore-enjoy/parks-recreation/places-spaces/parks-and-recreation-facilities/location/?id=2275" }, "geometry": { "type": "MultiPoint", "coordinates": [ [ -79.352887308883993, 43.739117322947401 ] ] } },
{ "type": "Feature", "properties": { "_id": 786, "LOCATIONID": "654", "ASSET_ID": 468.0, "ASSET_NAME": "HAVENBROOK PARK", "TYPE": "Park", "AMENITIES": "Ball Diamond, Playground, Tennis Court", "ADDRESS": "15 Havenbrook Blvd", "PHONE": "None", "URL": "https://www.toronto.ca/explore-enjoy/parks-recreation/places-spaces/parks-and-recreation-facilities/location/?id=654" }, "geometry": { "type": "MultiPoint", "coordinates": [ [ -79.356629150169496, 43.7677120851192 ] ] } },
{ "type": "Feature", "properties": { "_id": 787, "LOCATIONID": "576", "ASSET_ID": 232.0, "ASSET_NAME": "CORVETTE PARK", "TYPE": "Park", "AMENITIES": "Ball Diamond, Playground, Washroom", "ADDRESS": "40 Corvette Ave", "PHONE": "None", "URL": "https://www.toronto.ca/explore-enjoy/parks-recreation/places-spaces/parks-and-recreation-facilities/location/?id=576" }, "geometry": { "type": "MultiPoint", "coordinates": [ [ -79.259791072688202, 43.727178341328603 ] ] } },
{ "type": "Feature", "properties": { "_id": 788, "LOCATIONID": "2259", "ASSET_ID": 1407.0, "ASSET_NAME": "MAXWELL PARK", "TYPE": "Park", "AMENITIES": "None", "ADDRESS": "165 Maxwell St", "PHONE": "None", "URL": "https://www.toronto.ca/explore-enjoy/parks-recreation/places-spaces/parks-and-recreation-facilities/location/?id=2259" }, "geometry": { "type": "MultiPoint", "coordinates": [ [ -79.448291026528295, 43.762134210786002 ] ] } },
{ "type": "Feature", "properties": { "_id": 789, "LOCATIONID": "687", "ASSET_ID": 646.0, "ASSET_NAME": "LONGWOOD PARK", "TYPE": "Park", "AMENITIES": "Playground", "ADDRESS": "38 Longwood Dr", "PHONE": "None", "URL": "https://www.toronto.ca/explore-enjoy/parks-recreation/places-spaces/parks-and-recreation-facilities/location/?id=687" }, "geometry": { "type": "MultiPoint", "coordinates": [ [ -79.362559282199001, 43.748254125509 ] ] } },
{ "type": "Feature", "properties": { "_id": 790, "LOCATIONID": "984", "ASSET_ID": 993.0, "ASSET_NAME": "STAFFORD PARK", "TYPE": "Park", "AMENITIES": "Playground", "ADDRESS": "100 Stafford Rd", "PHONE": "None", "URL": "https://www.toronto.ca/explore-enjoy/parks-recreation/places-spaces/parks-and-recreation-facilities/location/?id=984" }, "geometry": { "type": "MultiPoint", "coordinates": [ [ -79.438987837515995, 43.7715201912197 ] ] } },
{ "type": "Feature", "properties": { "_id": 791, "LOCATIONID": "117", "ASSET_ID": 330.0, "ASSET_NAME": "EGLINTON PARK", "TYPE": "Park", "AMENITIES": "Ball Diamond, Dog Off-Leash Area, Pickleball Court, Picnic Site, Playground, Sports Field, Tennis Court, Washroom", "ADDRESS": "200 Eglinton Ave W", "PHONE": "None", "URL": "https://www.toronto.ca/explore-enjoy/parks-recreation/places-spaces/parks-and-recreation-facilities/location/?id=117" }, "geometry": { "type": "MultiPoint", "coordinates": [ [ -79.405328831259496, 43.707455343196997 ] ] } },
{ "type": "Feature", "properties": { "_id": 792, "LOCATIONID": "439", "ASSET_ID": 919.0, "ASSET_NAME": "SANDY BRUCE PARK", "TYPE": "Park", "AMENITIES": "Dog Off-Leash Area, Playground", "ADDRESS": "426 Moore Ave", "PHONE": "None", "URL": "https://www.toronto.ca/explore-enjoy/parks-recreation/places-spaces/parks-and-recreation-facilities/location/?id=439" }, "geometry": { "type": "MultiPoint", "coordinates": [ [ -79.370731421230602, 43.697668955344902 ] ] } },
{ "type": "Feature", "properties": { "_id": 793, "LOCATIONID": "2264", "ASSET_ID": 495.0, "ASSET_NAME": "HINDER AREA", "TYPE": "Park", "AMENITIES": "Picnic Site, Washroom", "ADDRESS": "44 Don River Blvd", "PHONE": "None", "URL": "https://www.toronto.ca/explore-enjoy/parks-recreation/places-spaces/parks-and-recreation-facilities/location/?id=2264" }, "geometry": { "type": "MultiPoint", "coordinates": [ [ -79.436369801070796, 43.760046392504897 ] ] } },
{ "type": "Feature", "properties": { "_id": 794, "LOCATIONID": "883", "ASSET_ID": 27843.0, "ASSET_NAME": "PORT UNION COMMUNITY RECREATION CENTRE PARK", "TYPE": "Park", "AMENITIES": "Basketball Court, Outdoor Dry Pad, Skateboarding", "ADDRESS": "5450 Lawrence Ave E", "PHONE": "None", "URL": "https://www.toronto.ca/explore-enjoy/parks-recreation/places-spaces/parks-and-recreation-facilities/location/?id=883" }, "geometry": { "type": "MultiPoint", "coordinates": [ [ -79.140077244066603, 43.779833804348399 ] ] } },
{ "type": "Feature", "properties": { "_id": 795, "LOCATIONID": "1027", "ASSET_ID": 796.0, "ASSET_NAME": "PALACE PIER PARK", "TYPE": "Park", "AMENITIES": "None", "ADDRESS": "2025 Lake Shore Blvd W", "PHONE": "None", "URL": "https://www.toronto.ca/explore-enjoy/parks-recreation/places-spaces/parks-and-recreation-facilities/location/?id=1027" }, "geometry": { "type": "MultiPoint", "coordinates": [ [ -79.473689639312397, 43.632281074465403 ] ] } },
{ "type": "Feature", "properties": { "_id": 796, "LOCATIONID": "292", "ASSET_ID": 817.0, "ASSET_NAME": "PHIN PARK", "TYPE": "Park", "AMENITIES": "Basketball Court, Outdoor Ping Pong/Table Tennis, Playground", "ADDRESS": "115 Condor Ave", "PHONE": "None", "URL": "https://www.toronto.ca/explore-enjoy/parks-recreation/places-spaces/parks-and-recreation-facilities/location/?id=292" }, "geometry": { "type": "MultiPoint", "coordinates": [ [ -79.336265714027107, 43.677974448600402 ] ] } },
{ "type": "Feature", "properties": { "_id": 797, "LOCATIONID": "640", "ASSET_ID": 423.0, "ASSET_NAME": "GLENDORA PARK", "TYPE": "Park", "AMENITIES": "Ball Diamond, Pickleball Court, Playground, Tennis Court", "ADDRESS": "201 Glendora Ave", "PHONE": "None", "URL": "https://www.toronto.ca/explore-enjoy/parks-recreation/places-spaces/parks-and-recreation-facilities/location/?id=640" }, "geometry": { "type": "MultiPoint", "coordinates": [ [ -79.399924533875506, 43.761528171259002 ] ] } },
{ "type": "Feature", "properties": { "_id": 798, "LOCATIONID": "304", "ASSET_ID": 1134.0, "ASSET_NAME": "WINDERMERE AVENUE PARKETTE", "TYPE": "Park", "AMENITIES": "None", "ADDRESS": "167 Windermere Ave", "PHONE": "None", "URL": "https://www.toronto.ca/explore-enjoy/parks-recreation/places-spaces/parks-and-recreation-facilities/location/?id=304" }, "geometry": { "type": "MultiPoint", "coordinates": [ [ -79.474391423316106, 43.640941977524001 ] ] } },
{ "type": "Feature", "properties": { "_id": 799, "LOCATIONID": "247", "ASSET_ID": 790.0, "ASSET_NAME": "ORMSKIRK PARK", "TYPE": "Park", "AMENITIES": "Playground", "ADDRESS": "33 Ormskirk Crt", "PHONE": "None", "URL": "https://www.toronto.ca/explore-enjoy/parks-recreation/places-spaces/parks-and-recreation-facilities/location/?id=247" }, "geometry": { "type": "MultiPoint", "coordinates": [ [ -79.475524593243406, 43.640837647763398 ] ] } },
{ "type": "Feature", "properties": { "_id": 800, "LOCATIONID": "313", "ASSET_ID": 834.0, "ASSET_NAME": "PRICEFIELD ROAD PLAYGROUND", "TYPE": "Park", "AMENITIES": "Basketball Court, Playground", "ADDRESS": "50 Pricefield Rd", "PHONE": "None", "URL": "https://www.toronto.ca/explore-enjoy/parks-recreation/places-spaces/parks-and-recreation-facilities/location/?id=313" }, "geometry": { "type": "MultiPoint", "coordinates": [ [ -79.388755275559703, 43.681486786132503 ] ] } },
{ "type": "Feature", "properties": { "_id": 801, "LOCATIONID": "339", "ASSET_ID": 406.0, "ASSET_NAME": "GIBSON PARK", "TYPE": "Park", "AMENITIES": "None", "ADDRESS": "30 Park Home Ave", "PHONE": "None", "URL": "https://www.toronto.ca/explore-enjoy/parks-recreation/places-spaces/parks-and-recreation-facilities/location/?id=339" }, "geometry": { "type": "MultiPoint", "coordinates": [ [ -79.415232252994997, 43.769086993831301 ] ] } },
{ "type": "Feature", "properties": { "_id": 802, "LOCATIONID": "758", "ASSET_ID": 953.0, "ASSET_NAME": "SILVIO COLELLA PARK", "TYPE": "Park", "AMENITIES": "Playground", "ADDRESS": "20 Laura Rd", "PHONE": "None", "URL": "https://www.toronto.ca/explore-enjoy/parks-recreation/places-spaces/parks-and-recreation-facilities/location/?id=758" }, "geometry": { "type": "MultiPoint", "coordinates": [ [ -79.521493955263907, 43.738738634272899 ] ] } },
{ "type": "Feature", "properties": { "_id": 803, "LOCATIONID": "1039", "ASSET_ID": 320.0, "ASSET_NAME": "EASTVIEW PARK", "TYPE": "Park", "AMENITIES": "Playground", "ADDRESS": "33 Coronation Dr", "PHONE": "None", "URL": "https://www.toronto.ca/explore-enjoy/parks-recreation/places-spaces/parks-and-recreation-facilities/location/?id=1039" }, "geometry": { "type": "MultiPoint", "coordinates": [ [ -79.190018013259007, 43.760287358282802 ] ] } },
{ "type": "Feature", "properties": { "_id": 804, "LOCATIONID": "878", "ASSET_ID": 904.0, "ASSET_NAME": "ROYAL CREST PARK", "TYPE": "Park", "AMENITIES": "Playground, Sports Field, Tennis Court, Washroom", "ADDRESS": "50 Cabernet Crcl", "PHONE": "None", "URL": "https://www.toronto.ca/explore-enjoy/parks-recreation/places-spaces/parks-and-recreation-facilities/location/?id=878" }, "geometry": { "type": "MultiPoint", "coordinates": [ [ -79.605292345768305, 43.752791320237002 ] ] } },
{ "type": "Feature", "properties": { "_id": 805, "LOCATIONID": "827", "ASSET_ID": 101.0, "ASSET_NAME": "BIRCH PARK", "TYPE": "Park", "AMENITIES": "Ball Diamond, Pickleball Court, Playground, Tennis Court", "ADDRESS": "75 Arcadian Crcl", "PHONE": "None", "URL": "https://www.toronto.ca/explore-enjoy/parks-recreation/places-spaces/parks-and-recreation-facilities/location/?id=827" }, "geometry": { "type": "MultiPoint", "coordinates": [ [ -79.527418579134206, 43.591680755403097 ] ] } },
{ "type": "Feature", "properties": { "_id": 806, "LOCATIONID": "2627", "ASSET_ID": 1524.0, "ASSET_NAME": "STUART GREENBELT", "TYPE": "Park", "AMENITIES": "None", "ADDRESS": "15 Stuart Ave", "PHONE": "None", "URL": "https://www.toronto.ca/explore-enjoy/parks-recreation/places-spaces/parks-and-recreation-facilities/location/?id=2627" }, "geometry": { "type": "MultiPoint", "coordinates": [ [ -79.415231849395298, 43.753847410840201 ] ] } },
{ "type": "Feature", "properties": { "_id": 807, "LOCATIONID": "107", "ASSET_ID": 580.0, "ASSET_NAME": "KEW GARDENS", "TYPE": "Park", "AMENITIES": "Ball Diamond, Basketball Court, Dog Off-Leash Area, Outdoor Dry Pad, Pickleball Court, Picnic Site, Playground, Washroom", "ADDRESS": "2075 Queen St E", "PHONE": "None", "URL": "https://www.toronto.ca/explore-enjoy/parks-recreation/places-spaces/parks-and-recreation-facilities/location/?id=107" }, "geometry": { "type": "MultiPoint", "coordinates": [ [ -79.298335927785303, 43.668169840480203 ] ] } },
{ "type": "Feature", "properties": { "_id": 808, "LOCATIONID": "707", "ASSET_ID": 700.0, "ASSET_NAME": "MCCOWAN PARK", "TYPE": "Park", "AMENITIES": "Dog Off-Leash Area, Playground", "ADDRESS": "475 McCowan Rd", "PHONE": "None", "URL": "https://www.toronto.ca/explore-enjoy/parks-recreation/places-spaces/parks-and-recreation-facilities/location/?id=707" }, "geometry": { "type": "MultiPoint", "coordinates": [ [ -79.239448631916503, 43.747426670493901 ] ] } },
{ "type": "Feature", "properties": { "_id": 809, "LOCATIONID": "2453", "ASSET_ID": 518.0, "ASSET_NAME": "HUNTERS GLEN PARK", "TYPE": "Park", "AMENITIES": "Playground", "ADDRESS": "35 Marcos Blvd", "PHONE": "None", "URL": "https://www.toronto.ca/explore-enjoy/parks-recreation/places-spaces/parks-and-recreation-facilities/location/?id=2453" }, "geometry": { "type": "MultiPoint", "coordinates": [ [ -79.259532388596796, 43.747444251804602 ] ] } },
{ "type": "Feature", "properties": { "_id": 810, "LOCATIONID": "869", "ASSET_ID": 963.0, "ASSET_NAME": "SMITHFIELD PARK", "TYPE": "Park", "AMENITIES": "Ball Diamond, Basketball Court, Outdoor Dry Pad, Outdoor Fitness Equipment, Playground, Skateboarding, Washroom", "ADDRESS": "173 Mount Olive Dr", "PHONE": "None", "URL": "https://www.toronto.ca/explore-enjoy/parks-recreation/places-spaces/parks-and-recreation-facilities/location/?id=869" }, "geometry": { "type": "MultiPoint", "coordinates": [ [ -79.595349303120798, 43.7473680463062 ] ] } },
{ "type": "Feature", "properties": { "_id": 811, "LOCATIONID": "757", "ASSET_ID": 952.0, "ASSET_NAME": "SILVERVIEW PARK", "TYPE": "Park", "AMENITIES": "Ball Diamond, Playground", "ADDRESS": "23 Silverview Dr", "PHONE": "None", "URL": "https://www.toronto.ca/explore-enjoy/parks-recreation/places-spaces/parks-and-recreation-facilities/location/?id=757" }, "geometry": { "type": "MultiPoint", "coordinates": [ [ -79.411452460927606, 43.7851460598066 ] ] } },
{ "type": "Feature", "properties": { "_id": 812, "LOCATIONID": "610", "ASSET_ID": 1082.0, "ASSET_NAME": "WALLACE C. SWANEK PARK", "TYPE": "Park", "AMENITIES": "Ball Diamond, Playground", "ADDRESS": "241 Gary Dr", "PHONE": "None", "URL": "https://www.toronto.ca/explore-enjoy/parks-recreation/places-spaces/parks-and-recreation-facilities/location/?id=610" }, "geometry": { "type": "MultiPoint", "coordinates": [ [ -79.522501338138198, 43.709024556280497 ] ] } },
{ "type": "Feature", "properties": { "_id": 813, "LOCATIONID": "275", "ASSET_ID": 1103.0, "ASSET_NAME": "WEST HILL PARK", "TYPE": "Park", "AMENITIES": "Ball Diamond, Playground", "ADDRESS": "170 Weir Cres", "PHONE": "None", "URL": "https://www.toronto.ca/explore-enjoy/parks-recreation/places-spaces/parks-and-recreation-facilities/location/?id=275" }, "geometry": { "type": "MultiPoint", "coordinates": [ [ -79.195603588839504, 43.7702518540667 ] ] } },
{ "type": "Feature", "properties": { "_id": 814, "LOCATIONID": "2155", "ASSET_ID": 12.0, "ASSET_NAME": "ALBERT CAMPBELL SQUARE", "TYPE": "Park", "AMENITIES": "Dog Off-Leash Area, Playground", "ADDRESS": "150 Borough Dr", "PHONE": "None", "URL": "https://www.toronto.ca/explore-enjoy/parks-recreation/places-spaces/parks-and-recreation-facilities/location/?id=2155" }, "geometry": { "type": "MultiPoint", "coordinates": [ [ -79.256532065278705, 43.773111869021498 ] ] } },
{ "type": "Feature", "properties": { "_id": 815, "LOCATIONID": "561", "ASSET_ID": 1085.0, "ASSET_NAME": "WANITA PARK", "TYPE": "Park", "AMENITIES": "Playground, Sports Field", "ADDRESS": "5 Meadowvale Rd", "PHONE": "None", "URL": "https://www.toronto.ca/explore-enjoy/parks-recreation/places-spaces/parks-and-recreation-facilities/location/?id=561" }, "geometry": { "type": "MultiPoint", "coordinates": [ [ -79.1544653594934, 43.777499798635503 ] ] } },
{ "type": "Feature", "properties": { "_id": 816, "LOCATIONID": "402", "ASSET_ID": 1709.0, "ASSET_NAME": "DENTONIA PARK GOLF COURSE", "TYPE": "Park", "AMENITIES": "Disc Golf, Washroom", "ADDRESS": "781 Victoria Park Ave", "PHONE": "None", "URL": "https://www.toronto.ca/explore-enjoy/parks-recreation/places-spaces/parks-and-recreation-facilities/location/?id=402" }, "geometry": { "type": "MultiPoint", "coordinates": [ [ -79.2889959262464, 43.697933130006398 ] ] } },
{ "type": "Feature", "properties": { "_id": 817, "LOCATIONID": "547", "ASSET_ID": 1051.0, "ASSET_NAME": "TOTTS TOT LOT", "TYPE": "Park", "AMENITIES": "Ball Diamond, Playground", "ADDRESS": "1 Gradwell Dr", "PHONE": "None", "URL": "https://www.toronto.ca/explore-enjoy/parks-recreation/places-spaces/parks-and-recreation-facilities/location/?id=547" }, "geometry": { "type": "MultiPoint", "coordinates": [ [ -79.234224124752998, 43.713259760593097 ] ] } },
{ "type": "Feature", "properties": { "_id": 818, "LOCATIONID": "168", "ASSET_ID": 735.0, "ASSET_NAME": "MOOREVALE PARK", "TYPE": "Park", "AMENITIES": "Ball Diamond, Outdoor Ping Pong/Table Tennis, Playground, Tennis Court, Washroom", "ADDRESS": "175 Moore Ave", "PHONE": "None", "URL": "https://www.toronto.ca/explore-enjoy/parks-recreation/places-spaces/parks-and-recreation-facilities/location/?id=168" }, "geometry": { "type": "MultiPoint", "coordinates": [ [ -79.382252468672604, 43.693503968562098 ] ] } },
{ "type": "Feature", "properties": { "_id": 819, "LOCATIONID": "2177", "ASSET_ID": 1209.0, "ASSET_NAME": "BROADVIEW SUBWAY STATION PARKETTE", "TYPE": "Park", "AMENITIES": "None", "ADDRESS": "775 Broadview Ave", "PHONE": "None", "URL": "https://www.toronto.ca/explore-enjoy/parks-recreation/places-spaces/parks-and-recreation-facilities/location/?id=2177" }, "geometry": { "type": "MultiPoint", "coordinates": [ [ -79.358407446892798, 43.677241751715997 ] ] } },
{ "type": "Feature", "properties": { "_id": 820, "LOCATIONID": "865", "ASSET_ID": 1128.0, "ASSET_NAME": "WILLOWDALE PARK", "TYPE": "Park", "AMENITIES": "Playground, Tennis Court, Washroom", "ADDRESS": "75 Hollywood Ave", "PHONE": "None", "URL": "https://www.toronto.ca/explore-enjoy/parks-recreation/places-spaces/parks-and-recreation-facilities/location/?id=865" }, "geometry": { "type": "MultiPoint", "coordinates": [ [ -79.407279073335204, 43.766385605716202 ] ] } },
{ "type": "Feature", "properties": { "_id": 821, "LOCATIONID": "672", "ASSET_ID": 588.0, "ASSET_NAME": "KIRKWOOD PARK", "TYPE": "Park", "AMENITIES": "Pickleball Court, Playground, Tennis Court", "ADDRESS": "25 Kirkwood Rd", "PHONE": "None", "URL": "https://www.toronto.ca/explore-enjoy/parks-recreation/places-spaces/parks-and-recreation-facilities/location/?id=672" }, "geometry": { "type": "MultiPoint", "coordinates": [ [ -79.361675445885098, 43.755613952276498 ] ] } },
{ "type": "Feature", "properties": { "_id": 822, "LOCATIONID": "2569", "ASSET_ID": 850.0, "ASSET_NAME": "ERNIE LUSTIG - RAINBOW PARK", "TYPE": "Park", "AMENITIES": "Playground", "ADDRESS": "250 Rory Rd", "PHONE": "None", "URL": "https://www.toronto.ca/explore-enjoy/parks-recreation/places-spaces/parks-and-recreation-facilities/location/?id=2569" }, "geometry": { "type": "MultiPoint", "coordinates": [ [ -79.483590056959301, 43.720308032980597 ] ] } },
{ "type": "Feature", "properties": { "_id": 823, "LOCATIONID": "2224", "ASSET_ID": 168.0, "ASSET_NAME": "CEDAR RIDGE PARK", "TYPE": "Park", "AMENITIES": "Ball Diamond, Washroom", "ADDRESS": "225 Confederation Dr", "PHONE": "None", "URL": "https://www.toronto.ca/explore-enjoy/parks-recreation/places-spaces/parks-and-recreation-facilities/location/?id=2224" }, "geometry": { "type": "MultiPoint", "coordinates": [ [ -79.207561569719005, 43.757560749856097 ] ] } },
{ "type": "Feature", "properties": { "_id": 824, "LOCATIONID": "2229", "ASSET_ID": 1258.0, "ASSET_NAME": "DAN IANNUZZI PARK", "TYPE": "Park", "AMENITIES": "Playground", "ADDRESS": "75 Delabo Dr", "PHONE": "None", "URL": "https://www.toronto.ca/explore-enjoy/parks-recreation/places-spaces/parks-and-recreation-facilities/location/?id=2229" }, "geometry": { "type": "MultiPoint", "coordinates": [ [ -79.506315729966303, 43.766761268670798 ] ] } },
{ "type": "Feature", "properties": { "_id": 825, "LOCATIONID": "2817", "ASSET_ID": 45902.0, "ASSET_NAME": "READING SPROUTS GARDEN", "TYPE": "Park", "AMENITIES": "None", "ADDRESS": "77 Whitbread Cres", "PHONE": "None", "URL": "https://www.toronto.ca/explore-enjoy/parks-recreation/places-spaces/parks-and-recreation-facilities/location/?id=2817" }, "geometry": { "type": "MultiPoint", "coordinates": [ [ -79.510392444213494, 43.739930000118903 ] ] } },
{ "type": "Feature", "properties": { "_id": 826, "LOCATIONID": "1058", "ASSET_ID": 282.0, "ASSET_NAME": "DON RUSSELL MEMORIAL PARK", "TYPE": "Park", "AMENITIES": "Ball Diamond, Dog Off-Leash Area, Outdoor Track, Playground", "ADDRESS": "290 Birmingham St", "PHONE": "None", "URL": "https://www.toronto.ca/explore-enjoy/parks-recreation/places-spaces/parks-and-recreation-facilities/location/?id=1058" }, "geometry": { "type": "MultiPoint", "coordinates": [ [ -79.521683365137804, 43.601880049251001 ] ] } },
{ "type": "Feature", "properties": { "_id": 827, "LOCATIONID": "2602", "ASSET_ID": 1301.0, "ASSET_NAME": "FIELDWAY PARKETTE", "TYPE": "Park", "AMENITIES": "None", "ADDRESS": "240 Van Dusen Blvd", "PHONE": "None", "URL": "https://www.toronto.ca/explore-enjoy/parks-recreation/places-spaces/parks-and-recreation-facilities/location/?id=2602" }, "geometry": { "type": "MultiPoint", "coordinates": [ [ -79.528884984502596, 43.6401750264246 ] ] } },
{ "type": "Feature", "properties": { "_id": 828, "LOCATIONID": "2077", "ASSET_ID": 543.0, "ASSET_NAME": "JEAN AUGUSTINE PARK", "TYPE": "Park", "AMENITIES": "None", "ADDRESS": "2115 Lake Shore Blvd W", "PHONE": "None", "URL": "https://www.toronto.ca/explore-enjoy/parks-recreation/places-spaces/parks-and-recreation-facilities/location/?id=2077" }, "geometry": { "type": "MultiPoint", "coordinates": [ [ -79.477240431851797, 43.628309656810302 ] ] } },
{ "type": "Feature", "properties": { "_id": 829, "LOCATIONID": "431", "ASSET_ID": 1146.0, "ASSET_NAME": "WOODBINE PARK", "TYPE": "Park", "AMENITIES": "Disc Golf, Playground, Sports Field, Washroom", "ADDRESS": "1695 Queen St E", "PHONE": "None", "URL": "https://www.toronto.ca/explore-enjoy/parks-recreation/places-spaces/parks-and-recreation-facilities/location/?id=431" }, "geometry": { "type": "MultiPoint", "coordinates": [ [ -79.312785213180604, 43.664445434543701 ] ] } },
{ "type": "Feature", "properties": { "_id": 830, "LOCATIONID": "1685", "ASSET_ID": 568.0, "ASSET_NAME": "KEELE RESERVOIR", "TYPE": "Park", "AMENITIES": "Cricket Pitch Field, Sports Field", "ADDRESS": "4995 Keele St", "PHONE": "None", "URL": "https://www.toronto.ca/explore-enjoy/parks-recreation/places-spaces/parks-and-recreation-facilities/location/?id=1685" }, "geometry": { "type": "MultiPoint", "coordinates": [ [ -79.492126373851804, 43.779527257400702 ] ] } },
{ "type": "Feature", "properties": { "_id": 831, "LOCATIONID": "838", "ASSET_ID": 226.0, "ASSET_NAME": "CONNORVALE PARK", "TYPE": "Park", "AMENITIES": "Ball Diamond, Playground, Washroom", "ADDRESS": "281 Rimilton Ave", "PHONE": "None", "URL": "https://www.toronto.ca/explore-enjoy/parks-recreation/places-spaces/parks-and-recreation-facilities/location/?id=838" }, "geometry": { "type": "MultiPoint", "coordinates": [ [ -79.528790533258999, 43.6098373031652 ] ] } },
{ "type": "Feature", "properties": { "_id": 832, "LOCATIONID": "921", "ASSET_ID": 645.0, "ASSET_NAME": "LONG BRANCH PARK", "TYPE": "Park", "AMENITIES": "Playground", "ADDRESS": "245 Lake Promenade", "PHONE": "None", "URL": "https://www.toronto.ca/explore-enjoy/parks-recreation/places-spaces/parks-and-recreation-facilities/location/?id=921" }, "geometry": { "type": "MultiPoint", "coordinates": [ [ -79.529876100079406, 43.5884583202618 ] ] } },
{ "type": "Feature", "properties": { "_id": 833, "LOCATIONID": "2410", "ASSET_ID": 53.0, "ASSET_NAME": "AVALON PARKETTE", "TYPE": "Park", "AMENITIES": "None", "ADDRESS": "1700 Kingston Rd", "PHONE": "None", "URL": "https://www.toronto.ca/explore-enjoy/parks-recreation/places-spaces/parks-and-recreation-facilities/location/?id=2410" }, "geometry": { "type": "MultiPoint", "coordinates": [ [ -79.263534890053506, 43.692472540133203 ] ] } },
{ "type": "Feature", "properties": { "_id": 834, "LOCATIONID": "2128", "ASSET_ID": 1600.0, "ASSET_NAME": "YORK MILLS GARDENS", "TYPE": "Park", "AMENITIES": "None", "ADDRESS": "2639 Bayview Ave", "PHONE": "None", "URL": "https://www.toronto.ca/explore-enjoy/parks-recreation/places-spaces/parks-and-recreation-facilities/location/?id=2128" }, "geometry": { "type": "MultiPoint", "coordinates": [ [ -79.385136820069405, 43.754662875935303 ] ] } },
{ "type": "Feature", "properties": { "_id": 835, "LOCATIONID": "2303", "ASSET_ID": 676.0, "ASSET_NAME": "MARBLE HILL PARKETTE", "TYPE": "Park", "AMENITIES": "Playground", "ADDRESS": "22 A Ennerdale Rd", "PHONE": "None", "URL": "https://www.toronto.ca/explore-enjoy/parks-recreation/places-spaces/parks-and-recreation-facilities/location/?id=2303" }, "geometry": { "type": "MultiPoint", "coordinates": [ [ -79.450648937748795, 43.687490632360699 ] ] } },
{ "type": "Feature", "properties": { "_id": 836, "LOCATIONID": "593", "ASSET_ID": 381.0, "ASSET_NAME": "FOUNTAINHEAD PARK", "TYPE": "Park", "AMENITIES": "Outdoor Ping Pong/Table Tennis, Playground, Tennis Court", "ADDRESS": "445 Sentinel Rd", "PHONE": "None", "URL": "https://www.toronto.ca/explore-enjoy/parks-recreation/places-spaces/parks-and-recreation-facilities/location/?id=593" }, "geometry": { "type": "MultiPoint", "coordinates": [ [ -79.498977571680598, 43.761960487625799 ] ] } },
{ "type": "Feature", "properties": { "_id": 837, "LOCATIONID": "375", "ASSET_ID": 548.0, "ASSET_NAME": "JESSE KETCHUM PARK", "TYPE": "Park", "AMENITIES": "None", "ADDRESS": "1310 Bay St", "PHONE": "None", "URL": "https://www.toronto.ca/explore-enjoy/parks-recreation/places-spaces/parks-and-recreation-facilities/location/?id=375" }, "geometry": { "type": "MultiPoint", "coordinates": [ [ -79.391039976221293, 43.672609582220304 ] ] } },
{ "type": "Feature", "properties": { "_id": 838, "LOCATIONID": "419", "ASSET_ID": 865.0, "ASSET_NAME": "REGENT PARK ATHLETIC GROUNDS", "TYPE": "Park", "AMENITIES": "Basketball Court, Outdoor Dry Pad, Outdoor Ping Pong/Table Tennis, Outdoor Track, Pickleball Court, Sports Field, Washroom", "ADDRESS": "480 Shuter St", "PHONE": "None", "URL": "https://www.toronto.ca/explore-enjoy/parks-recreation/places-spaces/parks-and-recreation-facilities/location/?id=419" }, "geometry": { "type": "MultiPoint", "coordinates": [ [ -79.359108460990498, 43.659349887799301 ] ] } },
{ "type": "Feature", "properties": { "_id": 839, "LOCATIONID": "987", "ASSET_ID": 893.0, "ASSET_NAME": "ROSETHORN PARK", "TYPE": "Park", "AMENITIES": "Playground, Tennis Court", "ADDRESS": "26 Remington Dr", "PHONE": "None", "URL": "https://www.toronto.ca/explore-enjoy/parks-recreation/places-spaces/parks-and-recreation-facilities/location/?id=987" }, "geometry": { "type": "MultiPoint", "coordinates": [ [ -79.539126105563597, 43.658442649419797 ] ] } },
{ "type": "Feature", "properties": { "_id": 840, "LOCATIONID": "130", "ASSET_ID": 643.0, "ASSET_NAME": "LOGAN AVENUE PARKETTE", "TYPE": "Park", "AMENITIES": "None", "ADDRESS": "916 Logan Ave", "PHONE": "None", "URL": "https://www.toronto.ca/explore-enjoy/parks-recreation/places-spaces/parks-and-recreation-facilities/location/?id=130" }, "geometry": { "type": "MultiPoint", "coordinates": [ [ -79.350560680100699, 43.6786200538968 ] ] } },
{ "type": "Feature", "properties": { "_id": 841, "LOCATIONID": "317", "ASSET_ID": 689.0, "ASSET_NAME": "MATT COHEN PARK", "TYPE": "Park", "AMENITIES": "None", "ADDRESS": "725 Spadina Ave", "PHONE": "None", "URL": "https://www.toronto.ca/explore-enjoy/parks-recreation/places-spaces/parks-and-recreation-facilities/location/?id=317" }, "geometry": { "type": "MultiPoint", "coordinates": [ [ -79.403296799952102, 43.666299648801903 ] ] } },
{ "type": "Feature", "properties": { "_id": 842, "LOCATIONID": "148", "ASSET_ID": 912.0, "ASSET_NAME": "SACKVILLE PLAYGROUND", "TYPE": "Park", "AMENITIES": "Playground", "ADDRESS": "420 King St E", "PHONE": "None", "URL": "https://www.toronto.ca/explore-enjoy/parks-recreation/places-spaces/parks-and-recreation-facilities/location/?id=148" }, "geometry": { "type": "MultiPoint", "coordinates": [ [ -79.360668061928607, 43.654606962967001 ] ] } },
{ "type": "Feature", "properties": { "_id": 843, "LOCATIONID": "2437", "ASSET_ID": 1392.0, "ASSET_NAME": "LEAVENWORTH PARKETTE", "TYPE": "Park", "AMENITIES": "None", "ADDRESS": "20 Leavenworth Cres", "PHONE": "None", "URL": "https://www.toronto.ca/explore-enjoy/parks-recreation/places-spaces/parks-and-recreation-facilities/location/?id=2437" }, "geometry": { "type": "MultiPoint", "coordinates": [ [ -79.561674913985698, 43.634297080294701 ] ] } },
{ "type": "Feature", "properties": { "_id": 844, "LOCATIONID": "1019", "ASSET_ID": 1272.0, "ASSET_NAME": "DOWNSVIEW MEMORIAL PARKETTE", "TYPE": "Park", "AMENITIES": "None", "ADDRESS": "1092 Wilson Ave", "PHONE": "None", "URL": "https://www.toronto.ca/explore-enjoy/parks-recreation/places-spaces/parks-and-recreation-facilities/location/?id=1019" }, "geometry": { "type": "MultiPoint", "coordinates": [ [ -79.481393220380994, 43.727157797196 ] ] } },
{ "type": "Feature", "properties": { "_id": 845, "LOCATIONID": "2135", "ASSET_ID": 542.0, "ASSET_NAME": "JANELLAN RAVINE PARK", "TYPE": "Park", "AMENITIES": "None", "ADDRESS": "199 Beechgrove Dr", "PHONE": "None", "URL": "https://www.toronto.ca/explore-enjoy/parks-recreation/places-spaces/parks-and-recreation-facilities/location/?id=2135" }, "geometry": { "type": "MultiPoint", "coordinates": [ [ -79.154680297387401, 43.768301298409099 ] ] } },
{ "type": "Feature", "properties": { "_id": 846, "LOCATIONID": "951", "ASSET_ID": 839.0, "ASSET_NAME": "PRINCESS ANNE PARK", "TYPE": "Park", "AMENITIES": "Playground, Tennis Court", "ADDRESS": "25 A Princess Margaret Blvd", "PHONE": "None", "URL": "https://www.toronto.ca/explore-enjoy/parks-recreation/places-spaces/parks-and-recreation-facilities/location/?id=951" }, "geometry": { "type": "MultiPoint", "coordinates": [ [ -79.539746186172295, 43.673265350787403 ] ] } },
{ "type": "Feature", "properties": { "_id": 847, "LOCATIONID": "449", "ASSET_ID": 54.0, "ASSET_NAME": "AVONDALE PARK", "TYPE": "Park", "AMENITIES": "Playground", "ADDRESS": "15 Humberstone Dr", "PHONE": "None", "URL": "https://www.toronto.ca/explore-enjoy/parks-recreation/places-spaces/parks-and-recreation-facilities/location/?id=449" }, "geometry": { "type": "MultiPoint", "coordinates": [ [ -79.407662981391994, 43.757306880705201 ] ] } },
{ "type": "Feature", "properties": { "_id": 848, "LOCATIONID": "884", "ASSET_ID": 566.0, "ASSET_NAME": "KAY GARDNER BELTLINE PARK", "TYPE": "Park", "AMENITIES": "None", "ADDRESS": "378 Mount Pleasant Rd", "PHONE": "None", "URL": "https://www.toronto.ca/explore-enjoy/parks-recreation/places-spaces/parks-and-recreation-facilities/location/?id=884" }, "geometry": { "type": "MultiPoint", "coordinates": [ [ -79.367643552729803, 43.685797646472103 ] ] } },
{ "type": "Feature", "properties": { "_id": 849, "LOCATIONID": "2668", "ASSET_ID": 372.0, "ASSET_NAME": "FIRVALLEY WOODS", "TYPE": "Park", "AMENITIES": "None", "ADDRESS": "656 Warden Ave", "PHONE": "None", "URL": "https://www.toronto.ca/explore-enjoy/parks-recreation/places-spaces/parks-and-recreation-facilities/location/?id=2668" }, "geometry": { "type": "MultiPoint", "coordinates": [ [ -79.278894687656603, 43.704698192297201 ] ] } },
{ "type": "Feature", "properties": { "_id": 850, "LOCATIONID": "72", "ASSET_ID": 388.0, "ASSET_NAME": "FRED HAMILTON PLAYGROUND", "TYPE": "Park", "AMENITIES": "Outdoor Fitness Equipment, Outdoor Ping Pong/Table Tennis, Picnic Site, Playground, Washroom", "ADDRESS": "155 Roxton Rd", "PHONE": "None", "URL": "https://www.toronto.ca/explore-enjoy/parks-recreation/places-spaces/parks-and-recreation-facilities/location/?id=72" }, "geometry": { "type": "MultiPoint", "coordinates": [ [ -79.420232876057995, 43.652964642993901 ] ] } },
{ "type": "Feature", "properties": { "_id": 851, "LOCATIONID": "2122", "ASSET_ID": 1285.0, "ASSET_NAME": "ED AND ANNE MIRVISH PARKETTE", "TYPE": "Park", "AMENITIES": "None", "ADDRESS": "843 Bathurst St", "PHONE": "None", "URL": "https://www.toronto.ca/explore-enjoy/parks-recreation/places-spaces/parks-and-recreation-facilities/location/?id=2122" }, "geometry": { "type": "MultiPoint", "coordinates": [ [ -79.411517077474599, 43.666578480593699 ] ] } },
{ "type": "Feature", "properties": { "_id": 852, "LOCATIONID": "359", "ASSET_ID": 13.0, "ASSET_NAME": "ALBERT CROSLAND PARK", "TYPE": "Park", "AMENITIES": "Basketball Court, Playground", "ADDRESS": "15 Saunders Ave", "PHONE": "None", "URL": "https://www.toronto.ca/explore-enjoy/parks-recreation/places-spaces/parks-and-recreation-facilities/location/?id=359" }, "geometry": { "type": "MultiPoint", "coordinates": [ [ -79.440148937801496, 43.640889959262097 ] ] } },
{ "type": "Feature", "properties": { "_id": 853, "LOCATIONID": "152", "ASSET_ID": 732.0, "ASSET_NAME": "MONTCLAIR AVENUE PARKETTE", "TYPE": "Park", "AMENITIES": "None", "ADDRESS": "48 Montclair Ave", "PHONE": "None", "URL": "https://www.toronto.ca/explore-enjoy/parks-recreation/places-spaces/parks-and-recreation-facilities/location/?id=152" }, "geometry": { "type": "MultiPoint", "coordinates": [ [ -79.412265810594704, 43.687915926692497 ] ] } },
{ "type": "Feature", "properties": { "_id": 854, "LOCATIONID": "1013", "ASSET_ID": 1360.0, "ASSET_NAME": "ISLINGTON HEIGHTS PARK", "TYPE": "Park", "AMENITIES": "None", "ADDRESS": "26 A Bywood Dr", "PHONE": "None", "URL": "https://www.toronto.ca/explore-enjoy/parks-recreation/places-spaces/parks-and-recreation-facilities/location/?id=1013" }, "geometry": { "type": "MultiPoint", "coordinates": [ [ -79.532914346214596, 43.659084557573003 ] ] } },
{ "type": "Feature", "properties": { "_id": 855, "LOCATIONID": "364", "ASSET_ID": 1201.0, "ASSET_NAME": "BOBBIE ROSENFELD PARK", "TYPE": "Park", "AMENITIES": "None", "ADDRESS": "294 Bremner Blvd", "PHONE": "None", "URL": "https://www.toronto.ca/explore-enjoy/parks-recreation/places-spaces/parks-and-recreation-facilities/location/?id=364" }, "geometry": { "type": "MultiPoint", "coordinates": [ [ -79.3872459451228, 43.641584766889601 ] ] } },
{ "type": "Feature", "properties": { "_id": 856, "LOCATIONID": "2500", "ASSET_ID": 1395.0, "ASSET_NAME": "LITTLE YORK PARKETTE", "TYPE": "Park", "AMENITIES": "None", "ADDRESS": "58 Norwood Ter", "PHONE": "None", "URL": "https://www.toronto.ca/explore-enjoy/parks-recreation/places-spaces/parks-and-recreation-facilities/location/?id=2500" }, "geometry": { "type": "MultiPoint", "coordinates": [ [ -79.301028602096196, 43.685541978834202 ] ] } },
{ "type": "Feature", "properties": { "_id": 857, "LOCATIONID": "9", "ASSET_ID": 329.0, "ASSET_NAME": "EGLINTON FLATS", "TYPE": "Park", "AMENITIES": "Pickleball Court, Playground, Sports Field, Tennis Court, Washroom", "ADDRESS": "101 Emmett Ave", "PHONE": "None", "URL": "https://www.toronto.ca/explore-enjoy/parks-recreation/places-spaces/parks-and-recreation-facilities/location/?id=9" }, "geometry": { "type": "MultiPoint", "coordinates": [ [ -79.499386427700102, 43.684962375982202 ] ] } },
{ "type": "Feature", "properties": { "_id": 858, "LOCATIONID": "373", "ASSET_ID": 424.0, "ASSET_NAME": "GLENN GOULD PARK", "TYPE": "Park", "AMENITIES": "Playground", "ADDRESS": "480 Avenue Rd", "PHONE": "None", "URL": "https://www.toronto.ca/explore-enjoy/parks-recreation/places-spaces/parks-and-recreation-facilities/location/?id=373" }, "geometry": { "type": "MultiPoint", "coordinates": [ [ -79.402147455058298, 43.686802352928602 ] ] } },
{ "type": "Feature", "properties": { "_id": 859, "LOCATIONID": "874", "ASSET_ID": 1114.0, "ASSET_NAME": "WESTWAY PARK", "TYPE": "Park", "AMENITIES": "Ball Diamond, Playground, Tennis Court, Washroom", "ADDRESS": "175 The Westway", "PHONE": "None", "URL": "https://www.toronto.ca/explore-enjoy/parks-recreation/places-spaces/parks-and-recreation-facilities/location/?id=874" }, "geometry": { "type": "MultiPoint", "coordinates": [ [ -79.541521754609704, 43.687769274275098 ] ] } },
{ "type": "Feature", "properties": { "_id": 860, "LOCATIONID": "678", "ASSET_ID": 618.0, "ASSET_NAME": "LEDBURY PARK", "TYPE": "Park", "AMENITIES": "Washroom", "ADDRESS": "160 Ledbury St", "PHONE": "None", "URL": "https://www.toronto.ca/explore-enjoy/parks-recreation/places-spaces/parks-and-recreation-facilities/location/?id=678" }, "geometry": { "type": "MultiPoint", "coordinates": [ [ -79.425158955954799, 43.727396008034603 ] ] } },
{ "type": "Feature", "properties": { "_id": 861, "LOCATIONID": "2277", "ASSET_ID": 303.0, "ASSET_NAME": "DUNDAS - WATKINSON PARKETTE", "TYPE": "Park", "AMENITIES": "Playground", "ADDRESS": "2742 Dundas St W", "PHONE": "None", "URL": "https://www.toronto.ca/explore-enjoy/parks-recreation/places-spaces/parks-and-recreation-facilities/location/?id=2277" }, "geometry": { "type": "MultiPoint", "coordinates": [ [ -79.460611707381503, 43.665292419418499 ] ] } },
{ "type": "Feature", "properties": { "_id": 862, "LOCATIONID": "2565", "ASSET_ID": 882.0, "ASSET_NAME": "ROBERT HICKS PARK", "TYPE": "Park", "AMENITIES": "Playground", "ADDRESS": "39 Robert Hicks Dr", "PHONE": "None", "URL": "https://www.toronto.ca/explore-enjoy/parks-recreation/places-spaces/parks-and-recreation-facilities/location/?id=2565" }, "geometry": { "type": "MultiPoint", "coordinates": [ [ -79.453323654373193, 43.772380336618902 ] ] } },
{ "type": "Feature", "properties": { "_id": 863, "LOCATIONID": "2123", "ASSET_ID": 68.0, "ASSET_NAME": "BAYHAMPTON PARKETTE", "TYPE": "Park", "AMENITIES": "Playground", "ADDRESS": "7 Bayhampton Crt", "PHONE": "None", "URL": "https://www.toronto.ca/explore-enjoy/parks-recreation/places-spaces/parks-and-recreation-facilities/location/?id=2123" }, "geometry": { "type": "MultiPoint", "coordinates": [ [ -79.457610235145395, 43.768379302864403 ] ] } },
{ "type": "Feature", "properties": { "_id": 864, "LOCATIONID": "3636", "ASSET_ID": 58305.0, "ASSET_NAME": "DON MILLS LOCAL PARK", "TYPE": "Park", "AMENITIES": "Playground", "ADDRESS": "69 The Donway W", "PHONE": "None", "URL": "https://www.toronto.ca/explore-enjoy/parks-recreation/places-spaces/parks-and-recreation-facilities/location/?id=3636" }, "geometry": { "type": "MultiPoint", "coordinates": [ [ -79.345235568018893, 43.7322832908552 ] ] } },
{ "type": "Feature", "properties": { "_id": 865, "LOCATIONID": "737", "ASSET_ID": 866.0, "ASSET_NAME": "REGENTS PARK", "TYPE": "Park", "AMENITIES": "Playground, Sports Field", "ADDRESS": "115 Westbourne Ave", "PHONE": "None", "URL": "https://www.toronto.ca/explore-enjoy/parks-recreation/places-spaces/parks-and-recreation-facilities/location/?id=737" }, "geometry": { "type": "MultiPoint", "coordinates": [ [ -79.291251323834203, 43.706776281415202 ] ] } },
{ "type": "Feature", "properties": { "_id": 866, "LOCATIONID": "1095", "ASSET_ID": 841.0, "ASSET_NAME": "PRINCESS STREET PARK", "TYPE": "Park", "AMENITIES": "None", "ADDRESS": "18 A Princess St", "PHONE": "None", "URL": "https://www.toronto.ca/explore-enjoy/parks-recreation/places-spaces/parks-and-recreation-facilities/location/?id=1095" }, "geometry": { "type": "MultiPoint", "coordinates": [ [ -79.366013315014698, 43.648202063451002 ] ] } },
{ "type": "Feature", "properties": { "_id": 867, "LOCATIONID": "293", "ASSET_ID": 1124.0, "ASSET_NAME": "WILLARD GARDENS PARKETTE", "TYPE": "Park", "AMENITIES": "Playground", "ADDRESS": "55 Mayfield Ave", "PHONE": "None", "URL": "https://www.toronto.ca/explore-enjoy/parks-recreation/places-spaces/parks-and-recreation-facilities/location/?id=293" }, "geometry": { "type": "MultiPoint", "coordinates": [ [ -79.481122393257195, 43.647780476417303 ] ] } },
{ "type": "Feature", "properties": { "_id": 868, "LOCATIONID": "875", "ASSET_ID": 545.0, "ASSET_NAME": "JEFF HEALEY PARK", "TYPE": "Park", "AMENITIES": "Ball Diamond, Pickleball Court, Playground, Tennis Court", "ADDRESS": "1 Delroy Dr", "PHONE": "None", "URL": "https://www.toronto.ca/explore-enjoy/parks-recreation/places-spaces/parks-and-recreation-facilities/location/?id=875" }, "geometry": { "type": "MultiPoint", "coordinates": [ [ -79.494922618936798, 43.6302407004926 ] ] } },
{ "type": "Feature", "properties": { "_id": 869, "LOCATIONID": "2644", "ASSET_ID": 1504.0, "ASSET_NAME": "SEVILLE AVENUE PARKETTE", "TYPE": "Park", "AMENITIES": "None", "ADDRESS": "10 Seville Ave", "PHONE": "None", "URL": "https://www.toronto.ca/explore-enjoy/parks-recreation/places-spaces/parks-and-recreation-facilities/location/?id=2644" }, "geometry": { "type": "MultiPoint", "coordinates": [ [ -79.560692227838402, 43.632030066510303 ] ] } },
{ "type": "Feature", "properties": { "_id": 870, "LOCATIONID": "2158", "ASSET_ID": 301.0, "ASSET_NAME": "DUNDAS PARKETTE", "TYPE": "Park", "AMENITIES": "None", "ADDRESS": "155 Boulton Ave", "PHONE": "None", "URL": "https://www.toronto.ca/explore-enjoy/parks-recreation/places-spaces/parks-and-recreation-facilities/location/?id=2158" }, "geometry": { "type": "MultiPoint", "coordinates": [ [ -79.348008346555304, 43.663412114923901 ] ] } },
{ "type": "Feature", "properties": { "_id": 871, "LOCATIONID": "2372", "ASSET_ID": 1349.0, "ASSET_NAME": "HILLHURST PARKETTE", "TYPE": "Park", "AMENITIES": "None", "ADDRESS": "254 Hillhurst Blvd", "PHONE": "None", "URL": "https://www.toronto.ca/explore-enjoy/parks-recreation/places-spaces/parks-and-recreation-facilities/location/?id=2372" }, "geometry": { "type": "MultiPoint", "coordinates": [ [ -79.427155395523798, 43.709129820579797 ] ] } },
{ "type": "Feature", "properties": { "_id": 872, "LOCATIONID": "1085", "ASSET_ID": 712.0, "ASSET_NAME": "MEMORIAL PARK - YORK", "TYPE": "Park", "AMENITIES": "None", "ADDRESS": "22 Little Ave", "PHONE": "None", "URL": "https://www.toronto.ca/explore-enjoy/parks-recreation/places-spaces/parks-and-recreation-facilities/location/?id=1085" }, "geometry": { "type": "MultiPoint", "coordinates": [ [ -79.520515655437606, 43.69948009374 ] ] } },
{ "type": "Feature", "properties": { "_id": 873, "LOCATIONID": "230", "ASSET_ID": 1492.0, "ASSET_NAME": "ROXTON ROAD PARKETTE", "TYPE": "Park", "AMENITIES": "None", "ADDRESS": "45 Roxton Rd", "PHONE": "None", "URL": "https://www.toronto.ca/explore-enjoy/parks-recreation/places-spaces/parks-and-recreation-facilities/location/?id=230" }, "geometry": { "type": "MultiPoint", "coordinates": [ [ -79.419575296219804, 43.6506896739578 ] ] } },
{ "type": "Feature", "properties": { "_id": 874, "LOCATIONID": "1482", "ASSET_ID": 1536.0, "ASSET_NAME": "THACKERAY PARK", "TYPE": "Park", "AMENITIES": "Cricket Pitch Field", "ADDRESS": "2955 Kipling Ave", "PHONE": "None", "URL": "https://www.toronto.ca/explore-enjoy/parks-recreation/places-spaces/parks-and-recreation-facilities/location/?id=1482" }, "geometry": { "type": "MultiPoint", "coordinates": [ [ -79.585946915620198, 43.762903240000398 ] ] } },
{ "type": "Feature", "properties": { "_id": 875, "LOCATIONID": "2169", "ASSET_ID": 1207.0, "ASSET_NAME": "BRIAR HILL - CHAPLIN PARK", "TYPE": "Park", "AMENITIES": "None", "ADDRESS": "648 A Briar Hill Ave", "PHONE": "None", "URL": "https://www.toronto.ca/explore-enjoy/parks-recreation/places-spaces/parks-and-recreation-facilities/location/?id=2169" }, "geometry": { "type": "MultiPoint", "coordinates": [ [ -79.425984461029998, 43.708437707928802 ] ] } },
{ "type": "Feature", "properties": { "_id": 876, "LOCATIONID": "2474", "ASSET_ID": 1113.0, "ASSET_NAME": "WESTON VILLAGE PARKETTE", "TYPE": "Park", "AMENITIES": "None", "ADDRESS": "7 Meadow Oak Pl", "PHONE": "None", "URL": "https://www.toronto.ca/explore-enjoy/parks-recreation/places-spaces/parks-and-recreation-facilities/location/?id=2474" }, "geometry": { "type": "MultiPoint", "coordinates": [ [ -79.527811336826502, 43.709665349092198 ] ] } },
{ "type": "Feature", "properties": { "_id": 877, "LOCATIONID": "877", "ASSET_ID": 949.0, "ASSET_NAME": "SILVER CREEK PARK", "TYPE": "Park", "AMENITIES": "Ball Diamond, Outdoor Fitness Equipment, Playground, Tennis Court, Washroom", "ADDRESS": "44 Strathdee Dr", "PHONE": "None", "URL": "https://www.toronto.ca/explore-enjoy/parks-recreation/places-spaces/parks-and-recreation-facilities/location/?id=877" }, "geometry": { "type": "MultiPoint", "coordinates": [ [ -79.543403831175397, 43.682701118845401 ] ] } },
{ "type": "Feature", "properties": { "_id": 878, "LOCATIONID": "366", "ASSET_ID": 154.0, "ASSET_NAME": "CARLAW AVENUE PARKETTE", "TYPE": "Park", "AMENITIES": "Playground", "ADDRESS": "805 Carlaw Ave", "PHONE": "None", "URL": "https://www.toronto.ca/explore-enjoy/parks-recreation/places-spaces/parks-and-recreation-facilities/location/?id=366" }, "geometry": { "type": "MultiPoint", "coordinates": [ [ -79.346980662605702, 43.679299093497498 ] ] } },
{ "type": "Feature", "properties": { "_id": 879, "LOCATIONID": "461", "ASSET_ID": 1152.0, "ASSET_NAME": "WYCHWOOD BARNS PARK", "TYPE": "Park", "AMENITIES": "Dog Off-Leash Area, Outdoor Ping Pong/Table Tennis, Picnic Site, Playground", "ADDRESS": "76 Wychwood Ave", "PHONE": "None", "URL": "https://www.toronto.ca/explore-enjoy/parks-recreation/places-spaces/parks-and-recreation-facilities/location/?id=461" }, "geometry": { "type": "MultiPoint", "coordinates": [ [ -79.423696330144395, 43.679703071625099 ] ] } },
{ "type": "Feature", "properties": { "_id": 880, "LOCATIONID": "1969", "ASSET_ID": 1405.0, "ASSET_NAME": "MARLBOROUGH PLACE PARKETTE", "TYPE": "Park", "AMENITIES": "None", "ADDRESS": "100 Marlborough Ave", "PHONE": "None", "URL": "https://www.toronto.ca/explore-enjoy/parks-recreation/places-spaces/parks-and-recreation-facilities/location/?id=1969" }, "geometry": { "type": "MultiPoint", "coordinates": [ [ -79.394427003365905, 43.679304368904504 ] ] } },
{ "type": "Feature", "properties": { "_id": 881, "LOCATIONID": "996", "ASSET_ID": 1136.0, "ASSET_NAME": "WINDWOOD PARK", "TYPE": "Park", "AMENITIES": "Playground", "ADDRESS": "38 Windwood Dr", "PHONE": "None", "URL": "https://www.toronto.ca/explore-enjoy/parks-recreation/places-spaces/parks-and-recreation-facilities/location/?id=996" }, "geometry": { "type": "MultiPoint", "coordinates": [ [ -79.605945067995094, 43.732092270018903 ] ] } },
{ "type": "Feature", "properties": { "_id": 882, "LOCATIONID": "2650", "ASSET_ID": 1263.0, "ASSET_NAME": "DELAHAYE PARKETTE", "TYPE": "Park", "AMENITIES": "None", "ADDRESS": "29 Touraine Ave", "PHONE": "None", "URL": "https://www.toronto.ca/explore-enjoy/parks-recreation/places-spaces/parks-and-recreation-facilities/location/?id=2650" }, "geometry": { "type": "MultiPoint", "coordinates": [ [ -79.440592433731496, 43.733213559143202 ] ] } },
{ "type": "Feature", "properties": { "_id": 883, "LOCATIONID": "492", "ASSET_ID": 1123.0, "ASSET_NAME": "WILKET CREEK PARK", "TYPE": "Park", "AMENITIES": "Firepit, Picnic Site, Washroom", "ADDRESS": "1100 Leslie St", "PHONE": "None", "URL": "https://www.toronto.ca/explore-enjoy/parks-recreation/places-spaces/parks-and-recreation-facilities/location/?id=492" }, "geometry": { "type": "MultiPoint", "coordinates": [ [ -79.351344621914905, 43.7214487588314 ] ] } },
{ "type": "Feature", "properties": { "_id": 884, "LOCATIONID": "724", "ASSET_ID": 747.0, "ASSET_NAME": "MURISON PARK", "TYPE": "Park", "AMENITIES": "Ball Diamond, Playground, Sports Field", "ADDRESS": "99 Murison Blvd", "PHONE": "None", "URL": "https://www.toronto.ca/explore-enjoy/parks-recreation/places-spaces/parks-and-recreation-facilities/location/?id=724" }, "geometry": { "type": "MultiPoint", "coordinates": [ [ -79.205140979986695, 43.798016106951501 ] ] } },
{ "type": "Feature", "properties": { "_id": 885, "LOCATIONID": "2691", "ASSET_ID": 1593.0, "ASSET_NAME": "WOODCLIFF GREENBELT", "TYPE": "Park", "AMENITIES": "None", "ADDRESS": "13 Woodcliff Pl", "PHONE": "None", "URL": "https://www.toronto.ca/explore-enjoy/parks-recreation/places-spaces/parks-and-recreation-facilities/location/?id=2691" }, "geometry": { "type": "MultiPoint", "coordinates": [ [ -79.335083905843803, 43.740284234393499 ] ] } },
{ "type": "Feature", "properties": { "_id": 886, "LOCATIONID": "2105", "ASSET_ID": 1595.0, "ASSET_NAME": "WOODROW PARK", "TYPE": "Park", "AMENITIES": "Playground", "ADDRESS": "260 Aylesworth Ave", "PHONE": "None", "URL": "https://www.toronto.ca/explore-enjoy/parks-recreation/places-spaces/parks-and-recreation-facilities/location/?id=2105" }, "geometry": { "type": "MultiPoint", "coordinates": [ [ -79.2629899590126, 43.705841445635699 ] ] } },
{ "type": "Feature", "properties": { "_id": 887, "LOCATIONID": "3612", "ASSET_ID": 46402.0, "ASSET_NAME": "LAWREN HARRIS SQUARE", "TYPE": "Park", "AMENITIES": "None", "ADDRESS": "150 Bayview Ave", "PHONE": "None", "URL": "https://www.toronto.ca/explore-enjoy/parks-recreation/places-spaces/parks-and-recreation-facilities/location/?id=3612" }, "geometry": { "type": "MultiPoint", "coordinates": [ [ -79.354186454085095, 43.654956349852903 ] ] } },
{ "type": "Feature", "properties": { "_id": 888, "LOCATIONID": "3155", "ASSET_ID": 731.0, "ASSET_NAME": "MONTAGUE PARKETTE", "TYPE": "Park", "AMENITIES": "None", "ADDRESS": "30 Homewood Ave", "PHONE": "None", "URL": "https://www.toronto.ca/explore-enjoy/parks-recreation/places-spaces/parks-and-recreation-facilities/location/?id=3155" }, "geometry": { "type": "MultiPoint", "coordinates": [ [ -79.375382126289693, 43.663723501262098 ] ] } },
{ "type": "Feature", "properties": { "_id": 889, "LOCATIONID": "239", "ASSET_ID": 1540.0, "ASSET_NAME": "THOROGOOD GARDENS", "TYPE": "Park", "AMENITIES": "None", "ADDRESS": "53 Allen Ave", "PHONE": "None", "URL": "https://www.toronto.ca/explore-enjoy/parks-recreation/places-spaces/parks-and-recreation-facilities/location/?id=239" }, "geometry": { "type": "MultiPoint", "coordinates": [ [ -79.349575213931899, 43.663356857978499 ] ] } },
{ "type": "Feature", "properties": { "_id": 890, "LOCATIONID": "1489", "ASSET_ID": 858.0, "ASSET_NAME": "RAYMORE PARK", "TYPE": "Park", "AMENITIES": "Ball Diamond, Dog Off-Leash Area, Playground", "ADDRESS": "95 Raymore Dr", "PHONE": "None", "URL": "https://www.toronto.ca/explore-enjoy/parks-recreation/places-spaces/parks-and-recreation-facilities/location/?id=1489" }, "geometry": { "type": "MultiPoint", "coordinates": [ [ -79.514552960262094, 43.695308308797699 ] ] } },
{ "type": "Feature", "properties": { "_id": 891, "LOCATIONID": "2688", "ASSET_ID": 1589.0, "ASSET_NAME": "WIMBLETON ROAD SOUTH PARKETTE", "TYPE": "Park", "AMENITIES": "None", "ADDRESS": "60 Wimbleton Rd", "PHONE": "None", "URL": "https://www.toronto.ca/explore-enjoy/parks-recreation/places-spaces/parks-and-recreation-facilities/location/?id=2688" }, "geometry": { "type": "MultiPoint", "coordinates": [ [ -79.524180161770602, 43.660753409991102 ] ] } },
{ "type": "Feature", "properties": { "_id": 892, "LOCATIONID": "35", "ASSET_ID": 1014.0, "ASSET_NAME": "SUSAN TIBALDI PARKETTE", "TYPE": "Park", "AMENITIES": "Playground", "ADDRESS": "620 Brock Ave", "PHONE": "None", "URL": "https://www.toronto.ca/explore-enjoy/parks-recreation/places-spaces/parks-and-recreation-facilities/location/?id=35" }, "geometry": { "type": "MultiPoint", "coordinates": [ [ -79.439570554245606, 43.659574581762897 ] ] } },
{ "type": "Feature", "properties": { "_id": 893, "LOCATIONID": "387", "ASSET_ID": 1497.0, "ASSET_NAME": "SAULTER STREET PARKETTE", "TYPE": "Park", "AMENITIES": "None", "ADDRESS": "25 Saulter St", "PHONE": "None", "URL": "https://www.toronto.ca/explore-enjoy/parks-recreation/places-spaces/parks-and-recreation-facilities/location/?id=387" }, "geometry": { "type": "MultiPoint", "coordinates": [ [ -79.346478614083097, 43.657739332270999 ] ] } },
{ "type": "Feature", "properties": { "_id": 894, "LOCATIONID": "768", "ASSET_ID": 456.0, "ASSET_NAME": "HALBERT PARK", "TYPE": "Park", "AMENITIES": "Ball Diamond, Playground, Sports Field, Washroom", "ADDRESS": "24 Rockwood Dr", "PHONE": "None", "URL": "https://www.toronto.ca/explore-enjoy/parks-recreation/places-spaces/parks-and-recreation-facilities/location/?id=768" }, "geometry": { "type": "MultiPoint", "coordinates": [ [ -79.231308079069905, 43.728828337407997 ] ] } },
{ "type": "Feature", "properties": { "_id": 895, "LOCATIONID": "2596", "ASSET_ID": 1632.0, "ASSET_NAME": "BAYVIEW PARKETTE", "TYPE": "Park", "AMENITIES": "None", "ADDRESS": "502 Sheppard Ave E", "PHONE": "None", "URL": "https://www.toronto.ca/explore-enjoy/parks-recreation/places-spaces/parks-and-recreation-facilities/location/?id=2596" }, "geometry": { "type": "MultiPoint", "coordinates": [ [ -79.388490588679602, 43.766759695680797 ] ] } },
{ "type": "Feature", "properties": { "_id": 896, "LOCATIONID": "2313", "ASSET_ID": 428.0, "ASSET_NAME": "GOLF CLUB PARKETTE", "TYPE": "Park", "AMENITIES": "Playground", "ADDRESS": "100 Ferncroft Dr", "PHONE": "None", "URL": "https://www.toronto.ca/explore-enjoy/parks-recreation/places-spaces/parks-and-recreation-facilities/location/?id=2313" }, "geometry": { "type": "MultiPoint", "coordinates": [ [ -79.2769833938452, 43.6890843255322 ] ] } },
{ "type": "Feature", "properties": { "_id": 897, "LOCATIONID": "2018", "ASSET_ID": 1061.0, "ASSET_NAME": "TRUDELLE STREET PARK", "TYPE": "Park", "AMENITIES": "Basketball Court", "ADDRESS": "55 Trudelle St", "PHONE": "None", "URL": "https://www.toronto.ca/explore-enjoy/parks-recreation/places-spaces/parks-and-recreation-facilities/location/?id=2018" }, "geometry": { "type": "MultiPoint", "coordinates": [ [ -79.242075468916298, 43.739484847985302 ] ] } },
{ "type": "Feature", "properties": { "_id": 898, "LOCATIONID": "669", "ASSET_ID": 420.0, "ASSET_NAME": "GLEN RAVINE PARK", "TYPE": "Park", "AMENITIES": "Outdoor Fitness Equipment, Sports Field", "ADDRESS": "50 Gilder Dr", "PHONE": "None", "URL": "https://www.toronto.ca/explore-enjoy/parks-recreation/places-spaces/parks-and-recreation-facilities/location/?id=669" }, "geometry": { "type": "MultiPoint", "coordinates": [ [ -79.255844610432405, 43.738086317268802 ] ] } },
{ "type": "Feature", "properties": { "_id": 899, "LOCATIONID": "2669", "ASSET_ID": 1089.0, "ASSET_NAME": "WARNER PARK", "TYPE": "Park", "AMENITIES": "Playground", "ADDRESS": "75 Warner Ave", "PHONE": "None", "URL": "https://www.toronto.ca/explore-enjoy/parks-recreation/places-spaces/parks-and-recreation-facilities/location/?id=2669" }, "geometry": { "type": "MultiPoint", "coordinates": [ [ -79.306194755851493, 43.724521053648303 ] ] } },
{ "type": "Feature", "properties": { "_id": 900, "LOCATIONID": "2300", "ASSET_ID": 1734.0, "ASSET_NAME": "ELWARD - MANSION PARKETTE", "TYPE": "Park", "AMENITIES": "None", "ADDRESS": "35 Mansion Ave", "PHONE": "None", "URL": "https://www.toronto.ca/explore-enjoy/parks-recreation/places-spaces/parks-and-recreation-facilities/location/?id=2300" }, "geometry": { "type": "MultiPoint", "coordinates": [ [ -79.2809917222434, 43.691127547470401 ] ] } },
{ "type": "Feature", "properties": { "_id": 901, "LOCATIONID": "470", "ASSET_ID": 1210.0, "ASSET_NAME": "BROOKFIELD PARKETTE", "TYPE": "Park", "AMENITIES": "None", "ADDRESS": "27 Brookfield Rd", "PHONE": "None", "URL": "https://www.toronto.ca/explore-enjoy/parks-recreation/places-spaces/parks-and-recreation-facilities/location/?id=470" }, "geometry": { "type": "MultiPoint", "coordinates": [ [ -79.400787105089194, 43.740960827378203 ] ] } },
{ "type": "Feature", "properties": { "_id": 902, "LOCATIONID": "468", "ASSET_ID": 293.0, "ASSET_NAME": "DOWNSVIEW DELLS PARK", "TYPE": "Park", "AMENITIES": "Firepit, Picnic Site, Washroom", "ADDRESS": "2515 Jane St", "PHONE": "None", "URL": "https://www.toronto.ca/explore-enjoy/parks-recreation/places-spaces/parks-and-recreation-facilities/location/?id=468" }, "geometry": { "type": "MultiPoint", "coordinates": [ [ -79.498263571434507, 43.736599404021803 ] ] } },
{ "type": "Feature", "properties": { "_id": 903, "LOCATIONID": "2685", "ASSET_ID": 1131.0, "ASSET_NAME": "WILSON HEIGHTS PARK", "TYPE": "Park", "AMENITIES": "None", "ADDRESS": "325 Wilson Heights Blvd", "PHONE": "None", "URL": "https://www.toronto.ca/explore-enjoy/parks-recreation/places-spaces/parks-and-recreation-facilities/location/?id=2685" }, "geometry": { "type": "MultiPoint", "coordinates": [ [ -79.451112644160901, 43.7412397674427 ] ] } },
{ "type": "Feature", "properties": { "_id": 904, "LOCATIONID": "125", "ASSET_ID": 636.0, "ASSET_NAME": "LITHUANIA PARK", "TYPE": "Park", "AMENITIES": "Ball Diamond, Playground, Sports Field, Washroom", "ADDRESS": "155 Oakmount Rd", "PHONE": "None", "URL": "https://www.toronto.ca/explore-enjoy/parks-recreation/places-spaces/parks-and-recreation-facilities/location/?id=125" }, "geometry": { "type": "MultiPoint", "coordinates": [ [ -79.463002900920301, 43.658747954909103 ] ] } },
{ "type": "Feature", "properties": { "_id": 905, "LOCATIONID": "385", "ASSET_ID": 813.0, "ASSET_NAME": "PERTH AVENUE PARKETTE", "TYPE": "Park", "AMENITIES": "Basketball Court", "ADDRESS": "160 Perth Ave", "PHONE": "None", "URL": "https://www.toronto.ca/explore-enjoy/parks-recreation/places-spaces/parks-and-recreation-facilities/location/?id=385" }, "geometry": { "type": "MultiPoint", "coordinates": [ [ -79.449998352926599, 43.658779308785498 ] ] } },
{ "type": "Feature", "properties": { "_id": 906, "LOCATIONID": "425", "ASSET_ID": 617.0, "ASSET_NAME": "LEASIDE PARK", "TYPE": "Park", "AMENITIES": "Ball Diamond, Outdoor Ping Pong/Table Tennis, Playground, Sports Field, Tennis Court, Washroom", "ADDRESS": "5 Leaside Park Dr", "PHONE": "None", "URL": "https://www.toronto.ca/explore-enjoy/parks-recreation/places-spaces/parks-and-recreation-facilities/location/?id=425" }, "geometry": { "type": "MultiPoint", "coordinates": [ [ -79.350098065757805, 43.702196292247997 ] ] } },
{ "type": "Feature", "properties": { "_id": 907, "LOCATIONID": "2678", "ASSET_ID": 665.0, "ASSET_NAME": "MALLABY PARK", "TYPE": "Park", "AMENITIES": "None", "ADDRESS": "2394 Weston Rd", "PHONE": "None", "URL": "https://www.toronto.ca/explore-enjoy/parks-recreation/places-spaces/parks-and-recreation-facilities/location/?id=2678" }, "geometry": { "type": "MultiPoint", "coordinates": [ [ -79.532755221160301, 43.705924173432699 ] ] } },
{ "type": "Feature", "properties": { "_id": 908, "LOCATIONID": "2509", "ASSET_ID": 1447.0, "ASSET_NAME": "OLYMPIA PARK", "TYPE": "Park", "AMENITIES": "None", "ADDRESS": "50 Olympia Dr", "PHONE": "None", "URL": "https://www.toronto.ca/explore-enjoy/parks-recreation/places-spaces/parks-and-recreation-facilities/location/?id=2509" }, "geometry": { "type": "MultiPoint", "coordinates": [ [ -79.490085427975401, 43.704144410895204 ] ] } },
{ "type": "Feature", "properties": { "_id": 909, "LOCATIONID": "2449", "ASSET_ID": 483.0, "ASSET_NAME": "HIGH LEVEL PUMPING STATION AND PARK", "TYPE": "Park", "AMENITIES": "Outdoor Ping Pong/Table Tennis, Playground", "ADDRESS": "300 Macpherson Ave", "PHONE": "None", "URL": "https://www.toronto.ca/explore-enjoy/parks-recreation/places-spaces/parks-and-recreation-facilities/location/?id=2449" }, "geometry": { "type": "MultiPoint", "coordinates": [ [ -79.4019324568645, 43.677656666356903 ] ] } },
{ "type": "Feature", "properties": { "_id": 910, "LOCATIONID": "2554", "ASSET_ID": 345.0, "ASSET_NAME": "ERWIN KRICKHAHN PARK", "TYPE": "Park", "AMENITIES": "Playground", "ADDRESS": "121 Rankin Cres", "PHONE": "None", "URL": "https://www.toronto.ca/explore-enjoy/parks-recreation/places-spaces/parks-and-recreation-facilities/location/?id=2554" }, "geometry": { "type": "MultiPoint", "coordinates": [ [ -79.446170283858393, 43.659336274900497 ] ] } },
{ "type": "Feature", "properties": { "_id": 911, "LOCATIONID": "2798", "ASSET_ID": 45082.0, "ASSET_NAME": "DUNFIELD PARK", "TYPE": "Park", "AMENITIES": "Playground", "ADDRESS": "25 Dunfield Ave", "PHONE": "None", "URL": "https://www.toronto.ca/explore-enjoy/parks-recreation/places-spaces/parks-and-recreation-facilities/location/?id=2798" }, "geometry": { "type": "MultiPoint", "coordinates": [ [ -79.394334815585793, 43.705284755540802 ] ] } },
{ "type": "Feature", "properties": { "_id": 912, "LOCATIONID": "1009", "ASSET_ID": 195.0, "ASSET_NAME": "CHESTNUT HILLS PARK", "TYPE": "Park", "AMENITIES": "Playground", "ADDRESS": "1391 Islington Ave", "PHONE": "None", "URL": "https://www.toronto.ca/explore-enjoy/parks-recreation/places-spaces/parks-and-recreation-facilities/location/?id=1009" }, "geometry": { "type": "MultiPoint", "coordinates": [ [ -79.527514053989805, 43.655535069239598 ] ] } },
{ "type": "Feature", "properties": { "_id": 913, "LOCATIONID": "1468", "ASSET_ID": 638.0, "ASSET_NAME": "LITTLE TRINITY CHURCH LANDS", "TYPE": "Park", "AMENITIES": "Playground", "ADDRESS": "417 King St E", "PHONE": "None", "URL": "https://www.toronto.ca/explore-enjoy/parks-recreation/places-spaces/parks-and-recreation-facilities/location/?id=1468" }, "geometry": { "type": "MultiPoint", "coordinates": [ [ -79.362132127879207, 43.652973488969202 ] ] } },
{ "type": "Feature", "properties": { "_id": 914, "LOCATIONID": "263", "ASSET_ID": 81.0, "ASSET_NAME": "BELLEVUE SQUARE PARK", "TYPE": "Park", "AMENITIES": "Outdoor Fitness Equipment, Playground, Washroom", "ADDRESS": "5 Bellevue Ave", "PHONE": "None", "URL": "https://www.toronto.ca/explore-enjoy/parks-recreation/places-spaces/parks-and-recreation-facilities/location/?id=263" }, "geometry": { "type": "MultiPoint", "coordinates": [ [ -79.402327497501204, 43.653508875721002 ] ] } },
{ "type": "Feature", "properties": { "_id": 915, "LOCATIONID": "186", "ASSET_ID": 877.0, "ASSET_NAME": "RITCHIE AVENUE PARKETTE", "TYPE": "Park", "AMENITIES": "Outdoor Ping Pong/Table Tennis, Playground", "ADDRESS": "77 Ritchie Ave", "PHONE": "None", "URL": "https://www.toronto.ca/explore-enjoy/parks-recreation/places-spaces/parks-and-recreation-facilities/location/?id=186" }, "geometry": { "type": "MultiPoint", "coordinates": [ [ -79.448991454730304, 43.653854431413002 ] ] } },
{ "type": "Feature", "properties": { "_id": 916, "LOCATIONID": "1431", "ASSET_ID": 438.0, "ASSET_NAME": "GRANGE PARK", "TYPE": "Park", "AMENITIES": "Dog Off-Leash Area, Playground, Washroom", "ADDRESS": "26 Grange Rd", "PHONE": "None", "URL": "https://www.toronto.ca/explore-enjoy/parks-recreation/places-spaces/parks-and-recreation-facilities/location/?id=1431" }, "geometry": { "type": "MultiPoint", "coordinates": [ [ -79.392214963128595, 43.652445846291997 ] ] } },
{ "type": "Feature", "properties": { "_id": 917, "LOCATIONID": "78", "ASSET_ID": 565.0, "ASSET_NAME": "JUNE ROWLANDS PARK", "TYPE": "Park", "AMENITIES": "Ball Diamond, Outdoor Ping Pong/Table Tennis, Picnic Site, Playground, Tennis Court, Washroom", "ADDRESS": "220 Davisville Ave", "PHONE": "None", "URL": "https://www.toronto.ca/explore-enjoy/parks-recreation/places-spaces/parks-and-recreation-facilities/location/?id=78" }, "geometry": { "type": "MultiPoint", "coordinates": [ [ -79.388530451724606, 43.700693892884502 ] ] } },
{ "type": "Feature", "properties": { "_id": 918, "LOCATIONID": "497", "ASSET_ID": 571.0, "ASSET_NAME": "KEELESDALE PARK", "TYPE": "Park", "AMENITIES": "Sports Field", "ADDRESS": "95 Black Creek Dr", "PHONE": "None", "URL": "https://www.toronto.ca/explore-enjoy/parks-recreation/places-spaces/parks-and-recreation-facilities/location/?id=497" }, "geometry": { "type": "MultiPoint", "coordinates": [ [ -79.480011852254606, 43.686776868420097 ] ] } },
{ "type": "Feature", "properties": { "_id": 919, "LOCATIONID": "214", "ASSET_ID": 1001.0, "ASSET_NAME": "STEPHENSON PARK", "TYPE": "Park", "AMENITIES": "Ball Diamond, Firepit, Outdoor Ping Pong/Table Tennis, Pickleball Court, Playground", "ADDRESS": "61 Stephenson Ave", "PHONE": "None", "URL": "https://www.toronto.ca/explore-enjoy/parks-recreation/places-spaces/parks-and-recreation-facilities/location/?id=214" }, "geometry": { "type": "MultiPoint", "coordinates": [ [ -79.303631745988994, 43.685983448591401 ] ] } },
{ "type": "Feature", "properties": { "_id": 920, "LOCATIONID": "3602", "ASSET_ID": 58282.0, "ASSET_NAME": "REAN DRIVE PARKETTE", "TYPE": "Park", "AMENITIES": "None", "ADDRESS": "28 Rean Dr", "PHONE": "None", "URL": "https://www.toronto.ca/explore-enjoy/parks-recreation/places-spaces/parks-and-recreation-facilities/location/?id=3602" }, "geometry": { "type": "MultiPoint", "coordinates": [ [ -79.3837418357773, 43.767484977421297 ] ] } },
{ "type": "Feature", "properties": { "_id": 921, "LOCATIONID": "3520", "ASSET_ID": 206.0, "ASSET_NAME": "CLIFFSIDE RAVINE", "TYPE": "Park", "AMENITIES": "None", "ADDRESS": "10 Delano Pl", "PHONE": "None", "URL": "https://www.toronto.ca/explore-enjoy/parks-recreation/places-spaces/parks-and-recreation-facilities/location/?id=3520" }, "geometry": { "type": "MultiPoint", "coordinates": [ [ -79.248023569763703, 43.703867967125497 ] ] } },
{ "type": "Feature", "properties": { "_id": 922, "LOCATIONID": "393", "ASSET_ID": 1098.0, "ASSET_NAME": "WELLS HILL PARK", "TYPE": "Park", "AMENITIES": "Outdoor Ping Pong/Table Tennis, Picnic Site, Playground, Washroom", "ADDRESS": "145 Hilton Ave", "PHONE": "None", "URL": "https://www.toronto.ca/explore-enjoy/parks-recreation/places-spaces/parks-and-recreation-facilities/location/?id=393" }, "geometry": { "type": "MultiPoint", "coordinates": [ [ -79.416393682335396, 43.682895814848798 ] ] } },
{ "type": "Feature", "properties": { "_id": 923, "LOCATIONID": "288", "ASSET_ID": 1122.0, "ASSET_NAME": "WILDWOOD CRESCENT PLAYGROUND", "TYPE": "Park", "AMENITIES": "Dog Off-Leash Area, Playground", "ADDRESS": "110 Wildwood Cres", "PHONE": "None", "URL": "https://www.toronto.ca/explore-enjoy/parks-recreation/places-spaces/parks-and-recreation-facilities/location/?id=288" }, "geometry": { "type": "MultiPoint", "coordinates": [ [ -79.312874862863694, 43.681156169463101 ] ] } },
{ "type": "Feature", "properties": { "_id": 924, "LOCATIONID": "709", "ASSET_ID": 776.0, "ASSET_NAME": "OAKDALE PARK", "TYPE": "Park", "AMENITIES": "Basketball Court, Outdoor Fitness Equipment, Outdoor Ping Pong/Table Tennis, Playground", "ADDRESS": "350 Grandravine Dr", "PHONE": "None", "URL": "https://www.toronto.ca/explore-enjoy/parks-recreation/places-spaces/parks-and-recreation-facilities/location/?id=709" }, "geometry": { "type": "MultiPoint", "coordinates": [ [ -79.513310379094705, 43.748100809948298 ] ] } },
{ "type": "Feature", "properties": { "_id": 925, "LOCATIONID": "361", "ASSET_ID": 64.0, "ASSET_NAME": "BARTLETT PARKETTE", "TYPE": "Park", "AMENITIES": "Outdoor Dry Pad", "ADDRESS": "160 Geary Ave", "PHONE": "None", "URL": "https://www.toronto.ca/explore-enjoy/parks-recreation/places-spaces/parks-and-recreation-facilities/location/?id=361" }, "geometry": { "type": "MultiPoint", "coordinates": [ [ -79.436344115297004, 43.670351581840499 ] ] } },
{ "type": "Feature", "properties": { "_id": 926, "LOCATIONID": "94", "ASSET_ID": 522.0, "ASSET_NAME": "HURON - WASHINGTON PARKETTE", "TYPE": "Park", "AMENITIES": "Playground", "ADDRESS": "420 Huron St", "PHONE": "None", "URL": "https://www.toronto.ca/explore-enjoy/parks-recreation/places-spaces/parks-and-recreation-facilities/location/?id=94" }, "geometry": { "type": "MultiPoint", "coordinates": [ [ -79.401509407835604, 43.666228074383298 ] ] } },
{ "type": "Feature", "properties": { "_id": 927, "LOCATIONID": "842", "ASSET_ID": 350.0, "ASSET_NAME": "ETOBICOKE VALLEY PARK", "TYPE": "Park", "AMENITIES": "Ball Diamond, Playground, Washroom", "ADDRESS": "615 Horner Ave", "PHONE": "None", "URL": "https://www.toronto.ca/explore-enjoy/parks-recreation/places-spaces/parks-and-recreation-facilities/location/?id=842" }, "geometry": { "type": "MultiPoint", "coordinates": [ [ -79.553185422786399, 43.598188820044101 ] ] } },
{ "type": "Feature", "properties": { "_id": 928, "LOCATIONID": "67", "ASSET_ID": 555.0, "ASSET_NAME": "JONATHAN ASHBRIDGE PARK", "TYPE": "Park", "AMENITIES": "Pickleball Court, Playground, Tennis Court, Washroom", "ADDRESS": "1515 Queen St E", "PHONE": "None", "URL": "https://www.toronto.ca/explore-enjoy/parks-recreation/places-spaces/parks-and-recreation-facilities/location/?id=67" }, "geometry": { "type": "MultiPoint", "coordinates": [ [ -79.319930576171302, 43.664698752410402 ] ] } },
{ "type": "Feature", "properties": { "_id": 929, "LOCATIONID": "967", "ASSET_ID": 268.0, "ASSET_NAME": "DELMA PARK", "TYPE": "Park", "AMENITIES": "Playground", "ADDRESS": "38 Delma Dr", "PHONE": "None", "URL": "https://www.toronto.ca/explore-enjoy/parks-recreation/places-spaces/parks-and-recreation-facilities/location/?id=967" }, "geometry": { "type": "MultiPoint", "coordinates": [ [ -79.551868219010998, 43.603067440472401 ] ] } },
{ "type": "Feature", "properties": { "_id": 930, "LOCATIONID": "2050", "ASSET_ID": 332.0, "ASSET_NAME": "JORDON CARTER MEMORIAL PARK", "TYPE": "Park", "AMENITIES": "Skateboarding", "ADDRESS": "160 Eighth St", "PHONE": "None", "URL": "https://www.toronto.ca/explore-enjoy/parks-recreation/places-spaces/parks-and-recreation-facilities/location/?id=2050" }, "geometry": { "type": "MultiPoint", "coordinates": [ [ -79.507935554165499, 43.602542076567801 ] ] } },
{ "type": "Feature", "properties": { "_id": 931, "LOCATIONID": "2686", "ASSET_ID": 2033.0, "ASSET_NAME": "MICHAEL FELDMAN PARKETTE", "TYPE": "Park", "AMENITIES": "Playground", "ADDRESS": "576 Wilson Heights Blvd", "PHONE": "None", "URL": "https://www.toronto.ca/explore-enjoy/parks-recreation/places-spaces/parks-and-recreation-facilities/location/?id=2686" }, "geometry": { "type": "MultiPoint", "coordinates": [ [ -79.459983590482096, 43.754652702459701 ] ] } },
{ "type": "Feature", "properties": { "_id": 932, "LOCATIONID": "2124", "ASSET_ID": 1185.0, "ASSET_NAME": "BAYVIEW - YORK MILLS PARKETTE", "TYPE": "Park", "AMENITIES": "None", "ADDRESS": "320 York Mills Rd", "PHONE": "None", "URL": "https://www.toronto.ca/explore-enjoy/parks-recreation/places-spaces/parks-and-recreation-facilities/location/?id=2124" }, "geometry": { "type": "MultiPoint", "coordinates": [ [ -79.383728413092001, 43.749185697921398 ] ] } },
{ "type": "Feature", "properties": { "_id": 933, "LOCATIONID": "1481", "ASSET_ID": 1555.0, "ASSET_NAME": "UPPER JUNCTION PARK", "TYPE": "Park", "AMENITIES": "Playground", "ADDRESS": "85 Birdstone Cres", "PHONE": "None", "URL": "https://www.toronto.ca/explore-enjoy/parks-recreation/places-spaces/parks-and-recreation-facilities/location/?id=1481" }, "geometry": { "type": "MultiPoint", "coordinates": [ [ -79.469045701651396, 43.674611814284802 ] ] } },
{ "type": "Feature", "properties": { "_id": 934, "LOCATIONID": "1021", "ASSET_ID": 1011.0, "ASSET_NAME": "SUNNYLEA PARK", "TYPE": "Park", "AMENITIES": "Pickleball Court, Playground, Tennis Court", "ADDRESS": "195 Prince Edward Dr S", "PHONE": "None", "URL": "https://www.toronto.ca/explore-enjoy/parks-recreation/places-spaces/parks-and-recreation-facilities/location/?id=1021" }, "geometry": { "type": "MultiPoint", "coordinates": [ [ -79.501630948915206, 43.6415571078008 ] ] } },
{ "type": "Feature", "properties": { "_id": 935, "LOCATIONID": "49", "ASSET_ID": 686.0, "ASSET_NAME": "MASARYK PARK", "TYPE": "Park", "AMENITIES": "Outdoor Ping Pong/Table Tennis, Playground", "ADDRESS": "212 Cowan Ave", "PHONE": "None", "URL": "https://www.toronto.ca/explore-enjoy/parks-recreation/places-spaces/parks-and-recreation-facilities/location/?id=49" }, "geometry": { "type": "MultiPoint", "coordinates": [ [ -79.433128654813899, 43.640304264243099 ] ] } },
{ "type": "Feature", "properties": { "_id": 936, "LOCATIONID": "369", "ASSET_ID": 1242.0, "ASSET_NAME": "COE HILL DRIVE PARKETTE", "TYPE": "Park", "AMENITIES": "None", "ADDRESS": "110 Coe Hill Dr", "PHONE": "None", "URL": "https://www.toronto.ca/explore-enjoy/parks-recreation/places-spaces/parks-and-recreation-facilities/location/?id=369" }, "geometry": { "type": "MultiPoint", "coordinates": [ [ -79.474147711027598, 43.641253154243998 ] ] } },
{ "type": "Feature", "properties": { "_id": 937, "LOCATIONID": "2117", "ASSET_ID": 1179.0, "ASSET_NAME": "BARKDENE PARK", "TYPE": "Park", "AMENITIES": "None", "ADDRESS": "50 Barkdene Hills", "PHONE": "None", "URL": "https://www.toronto.ca/explore-enjoy/parks-recreation/places-spaces/parks-and-recreation-facilities/location/?id=2117" }, "geometry": { "type": "MultiPoint", "coordinates": [ [ -79.234127722128306, 43.716851054965701 ] ] } },
{ "type": "Feature", "properties": { "_id": 938, "LOCATIONID": "280", "ASSET_ID": 277.0, "ASSET_NAME": "DIANA PARK", "TYPE": "Park", "AMENITIES": "Outdoor Fitness Equipment, Playground", "ADDRESS": "46 A Diana Dr", "PHONE": "None", "URL": "https://www.toronto.ca/explore-enjoy/parks-recreation/places-spaces/parks-and-recreation-facilities/location/?id=280" }, "geometry": { "type": "MultiPoint", "coordinates": [ [ -79.489103589671899, 43.741318859223703 ] ] } },
{ "type": "Feature", "properties": { "_id": 939, "LOCATIONID": "2459", "ASSET_ID": 743.0, "ASSET_NAME": "MUIR PARK", "TYPE": "Park", "AMENITIES": "Ball Diamond, Playground", "ADDRESS": "66 Martindale Rd", "PHONE": "None", "URL": "https://www.toronto.ca/explore-enjoy/parks-recreation/places-spaces/parks-and-recreation-facilities/location/?id=2459" }, "geometry": { "type": "MultiPoint", "coordinates": [ [ -79.228765688032794, 43.7349086298725 ] ] } },
{ "type": "Feature", "properties": { "_id": 940, "LOCATIONID": "2741", "ASSET_ID": 746.0, "ASSET_NAME": "MUNICIPAL PARK", "TYPE": "Park", "AMENITIES": "Playground", "ADDRESS": "25 Ansell Ave", "PHONE": "None", "URL": "https://www.toronto.ca/explore-enjoy/parks-recreation/places-spaces/parks-and-recreation-facilities/location/?id=2741" }, "geometry": { "type": "MultiPoint", "coordinates": [ [ -79.542320452707798, 43.593121996670803 ] ] } },
{ "type": "Feature", "properties": { "_id": 941, "LOCATIONID": "2712", "ASSET_ID": 237.0, "ASSET_NAME": "COXWELL AVENUE PLAYGROUND", "TYPE": "Park", "AMENITIES": "Playground", "ADDRESS": "450 Coxwell Ave", "PHONE": "None", "URL": "https://www.toronto.ca/explore-enjoy/parks-recreation/places-spaces/parks-and-recreation-facilities/location/?id=2712" }, "geometry": { "type": "MultiPoint", "coordinates": [ [ -79.321547714723906, 43.677356370384302 ] ] } },
{ "type": "Feature", "properties": { "_id": 942, "LOCATIONID": "2797", "ASSET_ID": 12439.0, "ASSET_NAME": "TRETHEWEY PARK WEST", "TYPE": "Park", "AMENITIES": "Basketball Court, Outdoor Ping Pong/Table Tennis, Playground, Sports Field", "ADDRESS": "665 Trethewey Dr", "PHONE": "None", "URL": "https://www.toronto.ca/explore-enjoy/parks-recreation/places-spaces/parks-and-recreation-facilities/location/?id=2797" }, "geometry": { "type": "MultiPoint", "coordinates": [ [ -79.497875380081894, 43.696781034236203 ] ] } },
{ "type": "Feature", "properties": { "_id": 943, "LOCATIONID": "2228", "ASSET_ID": 1699.0, "ASSET_NAME": "CONSTABLE PERCY CUMMINS PARKETTE", "TYPE": "Park", "AMENITIES": "None", "ADDRESS": "235 Connolly St", "PHONE": "None", "URL": "https://www.toronto.ca/explore-enjoy/parks-recreation/places-spaces/parks-and-recreation-facilities/location/?id=2228" }, "geometry": { "type": "MultiPoint", "coordinates": [ [ -79.461398968784394, 43.671778895157601 ] ] } },
{ "type": "Feature", "properties": { "_id": 944, "LOCATIONID": "2281", "ASSET_ID": 1317.0, "ASSET_NAME": "GATEWAY PARK", "TYPE": "Park", "AMENITIES": "None", "ADDRESS": "40 Liberty St", "PHONE": "None", "URL": "https://www.toronto.ca/explore-enjoy/parks-recreation/places-spaces/parks-and-recreation-facilities/location/?id=2281" }, "geometry": { "type": "MultiPoint", "coordinates": [ [ -79.411917433175702, 43.639333105200301 ] ] } },
{ "type": "Feature", "properties": { "_id": 945, "LOCATIONID": "1030", "ASSET_ID": 964.0, "ASSET_NAME": "SMITHWOOD PARK", "TYPE": "Park", "AMENITIES": "Playground", "ADDRESS": "79 Smithwood Dr", "PHONE": "None", "URL": "https://www.toronto.ca/explore-enjoy/parks-recreation/places-spaces/parks-and-recreation-facilities/location/?id=1030" }, "geometry": { "type": "MultiPoint", "coordinates": [ [ -79.550705866824501, 43.640887459397099 ] ] } },
{ "type": "Feature", "properties": { "_id": 946, "LOCATIONID": "2544", "ASSET_ID": 816.0, "ASSET_NAME": "PETER STREET BASIN PARK", "TYPE": "Park", "AMENITIES": "None", "ADDRESS": "370 Queens Quay W", "PHONE": "None", "URL": "https://www.toronto.ca/explore-enjoy/parks-recreation/places-spaces/parks-and-recreation-facilities/location/?id=2544" }, "geometry": { "type": "MultiPoint", "coordinates": [ [ -79.389376694412505, 43.638385787993599 ] ] } },
{ "type": "Feature", "properties": { "_id": 947, "LOCATIONID": "700", "ASSET_ID": 765.0, "ASSET_NAME": "NORTH PARK", "TYPE": "Park", "AMENITIES": "Playground, Tennis Court", "ADDRESS": "587 Rustic Rd", "PHONE": "None", "URL": "https://www.toronto.ca/explore-enjoy/parks-recreation/places-spaces/parks-and-recreation-facilities/location/?id=700" }, "geometry": { "type": "MultiPoint", "coordinates": [ [ -79.472404979386894, 43.719197465825999 ] ] } },
{ "type": "Feature", "properties": { "_id": 948, "LOCATIONID": "349", "ASSET_ID": 976.0, "ASSET_NAME": "SPENVALLEY PARK", "TYPE": "Park", "AMENITIES": "Ball Diamond, Playground, Sports Field", "ADDRESS": "130 Spenvalley Dr", "PHONE": "None", "URL": "https://www.toronto.ca/explore-enjoy/parks-recreation/places-spaces/parks-and-recreation-facilities/location/?id=349" }, "geometry": { "type": "MultiPoint", "coordinates": [ [ -79.506297398618997, 43.744393624159002 ] ] } },
{ "type": "Feature", "properties": { "_id": 949, "LOCATIONID": "2496", "ASSET_ID": 1578.0, "ASSET_NAME": "WESTVIEW GREENBELT", "TYPE": "Park", "AMENITIES": "None", "ADDRESS": "20 A Nordale Cres", "PHONE": "None", "URL": "https://www.toronto.ca/explore-enjoy/parks-recreation/places-spaces/parks-and-recreation-facilities/location/?id=2496" }, "geometry": { "type": "MultiPoint", "coordinates": [ [ -79.487926785598006, 43.701244945449297 ] ] } },
{ "type": "Feature", "properties": { "_id": 950, "LOCATIONID": "334", "ASSET_ID": 626.0, "ASSET_NAME": "LESSARD PARK", "TYPE": "Park", "AMENITIES": "Ball Diamond, Outdoor Ping Pong/Table Tennis, Playground, Washroom", "ADDRESS": "52 Lessard Ave", "PHONE": "None", "URL": "https://www.toronto.ca/explore-enjoy/parks-recreation/places-spaces/parks-and-recreation-facilities/location/?id=334" }, "geometry": { "type": "MultiPoint", "coordinates": [ [ -79.489982891647202, 43.653895968421203 ] ] } },
{ "type": "Feature", "properties": { "_id": 951, "LOCATIONID": "2387", "ASSET_ID": 1808.0, "ASSET_NAME": "INGLEWOOD PARKETTE", "TYPE": "Park", "AMENITIES": "None", "ADDRESS": "135 St Clair Ave E", "PHONE": "None", "URL": "https://www.toronto.ca/explore-enjoy/parks-recreation/places-spaces/parks-and-recreation-facilities/location/?id=2387" }, "geometry": { "type": "MultiPoint", "coordinates": [ [ -79.387583666717305, 43.689145858726597 ] ] } },
{ "type": "Feature", "properties": { "_id": 952, "LOCATIONID": "615", "ASSET_ID": 390.0, "ASSET_NAME": "FUNDY BAY PARK", "TYPE": "Park", "AMENITIES": "Ball Diamond, Playground, Skateboarding, Sports Field", "ADDRESS": "190 Fundy Bay Blvd", "PHONE": "None", "URL": "https://www.toronto.ca/explore-enjoy/parks-recreation/places-spaces/parks-and-recreation-facilities/location/?id=615" }, "geometry": { "type": "MultiPoint", "coordinates": [ [ -79.318276844710496, 43.810875884256802 ] ] } },
{ "type": "Feature", "properties": { "_id": 953, "LOCATIONID": "606", "ASSET_ID": 92.0, "ASSET_NAME": "BERT ROBINSON PARK", "TYPE": "Park", "AMENITIES": "Basketball Court, Playground, Sports Field", "ADDRESS": "400 Caledonia Rd", "PHONE": "None", "URL": "https://www.toronto.ca/explore-enjoy/parks-recreation/places-spaces/parks-and-recreation-facilities/location/?id=606" }, "geometry": { "type": "MultiPoint", "coordinates": [ [ -79.4613375630626, 43.687843079666798 ] ] } },
{ "type": "Feature", "properties": { "_id": 954, "LOCATIONID": "240", "ASSET_ID": 911.0, "ASSET_NAME": "TORONTO METROPOLITAN UNIVERSITY SQUARE", "TYPE": "Park", "AMENITIES": "None", "ADDRESS": "25 Gould St", "PHONE": "None", "URL": "https://www.toronto.ca/explore-enjoy/parks-recreation/places-spaces/parks-and-recreation-facilities/location/?id=240" }, "geometry": { "type": "MultiPoint", "coordinates": [ [ -79.3796807057292, 43.657475223764102 ] ] } },
{ "type": "Feature", "properties": { "_id": 955, "LOCATIONID": "2731", "ASSET_ID": 629.0, "ASSET_NAME": "LILLIAN H. SMITH PARK", "TYPE": "Park", "AMENITIES": "None", "ADDRESS": "180 Huron St", "PHONE": "None", "URL": "https://www.toronto.ca/explore-enjoy/parks-recreation/places-spaces/parks-and-recreation-facilities/location/?id=2731" }, "geometry": { "type": "MultiPoint", "coordinates": [ [ -79.398272965878704, 43.657697980462501 ] ] } },
{ "type": "Feature", "properties": { "_id": 956, "LOCATIONID": "1497", "ASSET_ID": 49384.0, "ASSET_NAME": "NORTH YORK ROSE GARDEN", "TYPE": "Park", "AMENITIES": "None", "ADDRESS": "4 Park Home Ave", "PHONE": "None", "URL": "https://www.toronto.ca/explore-enjoy/parks-recreation/places-spaces/parks-and-recreation-facilities/location/?id=1497" }, "geometry": { "type": "MultiPoint", "coordinates": [ [ -79.413394969121399, 43.769500876544903 ] ] } },
{ "type": "Feature", "properties": { "_id": 957, "LOCATIONID": "977", "ASSET_ID": 597.0, "ASSET_NAME": "LAKESHORE VILLAGE PARK", "TYPE": "Park", "AMENITIES": "Basketball Court, Playground", "ADDRESS": "45 Garnett Janes Rd", "PHONE": "None", "URL": "https://www.toronto.ca/explore-enjoy/parks-recreation/places-spaces/parks-and-recreation-facilities/location/?id=977" }, "geometry": { "type": "MultiPoint", "coordinates": [ [ -79.510032341049097, 43.600899446366398 ] ] } },
{ "type": "Feature", "properties": { "_id": 958, "LOCATIONID": "2064", "ASSET_ID": 1495.0, "ASSET_NAME": "SAND BEACH ROAD PARKETTE", "TYPE": "Park", "AMENITIES": "None", "ADDRESS": "2 Sand Beach Rd", "PHONE": "None", "URL": "https://www.toronto.ca/explore-enjoy/parks-recreation/places-spaces/parks-and-recreation-facilities/location/?id=2064" }, "geometry": { "type": "MultiPoint", "coordinates": [ [ -79.496919850527107, 43.6014254930978 ] ] } },
{ "type": "Feature", "properties": { "_id": 959, "LOCATIONID": "924", "ASSET_ID": 838.0, "ASSET_NAME": "PRINCE OF WALES PARK", "TYPE": "Park", "AMENITIES": "Playground, Tennis Court, Washroom", "ADDRESS": "1 Third St  ", "PHONE": "None", "URL": "https://www.toronto.ca/explore-enjoy/parks-recreation/places-spaces/parks-and-recreation-facilities/location/?id=924" }, "geometry": { "type": "MultiPoint", "coordinates": [ [ -79.498782856101499, 43.5988411334612 ] ] } },
{ "type": "Feature", "properties": { "_id": 960, "LOCATIONID": "1029", "ASSET_ID": 594.0, "ASSET_NAME": "LABURNHAM PARK", "TYPE": "Park", "AMENITIES": "Pickleball Court, Playground, Tennis Court", "ADDRESS": "60 Laburnham Ave", "PHONE": "None", "URL": "https://www.toronto.ca/explore-enjoy/parks-recreation/places-spaces/parks-and-recreation-facilities/location/?id=1029" }, "geometry": { "type": "MultiPoint", "coordinates": [ [ -79.528027681976496, 43.600131805595502 ] ] } },
{ "type": "Feature", "properties": { "_id": 961, "LOCATIONID": "2324", "ASSET_ID": 1115.0, "ASSET_NAME": "WESTWOOD PARK", "TYPE": "Park", "AMENITIES": "Playground", "ADDRESS": "994 Carlaw Ave", "PHONE": "None", "URL": "https://www.toronto.ca/explore-enjoy/parks-recreation/places-spaces/parks-and-recreation-facilities/location/?id=2324" }, "geometry": { "type": "MultiPoint", "coordinates": [ [ -79.352382891607704, 43.686685515012599 ] ] } },
{ "type": "Feature", "properties": { "_id": 962, "LOCATIONID": "2534", "ASSET_ID": 1042.0, "ASSET_NAME": "TODMORDEN MILLS PARK", "TYPE": "Park", "AMENITIES": "None", "ADDRESS": "67 Pottery Rd", "PHONE": "None", "URL": "https://www.toronto.ca/explore-enjoy/parks-recreation/places-spaces/parks-and-recreation-facilities/location/?id=2534" }, "geometry": { "type": "MultiPoint", "coordinates": [ [ -79.359367197037102, 43.684047811479303 ] ] } },
{ "type": "Feature", "properties": { "_id": 963, "LOCATIONID": "427", "ASSET_ID": 58.0, "ASSET_NAME": "BALMY BEACH PARK", "TYPE": "Park", "AMENITIES": "Beach, Dog Off-Leash Area, Outdoor Fitness Equipment, Outdoor Ping Pong/Table Tennis, Playground, Washroom", "ADDRESS": "1 Beech Ave", "PHONE": "None", "URL": "https://www.toronto.ca/explore-enjoy/parks-recreation/places-spaces/parks-and-recreation-facilities/location/?id=427" }, "geometry": { "type": "MultiPoint", "coordinates": [ [ -79.287360601050196, 43.669610840109399 ] ] } },
{ "type": "Feature", "properties": { "_id": 964, "LOCATIONID": "2361", "ASSET_ID": 458.0, "ASSET_NAME": "HANEY PARK", "TYPE": "Park", "AMENITIES": "None", "ADDRESS": "10 Haney Ave", "PHONE": "None", "URL": "https://www.toronto.ca/explore-enjoy/parks-recreation/places-spaces/parks-and-recreation-facilities/location/?id=2361" }, "geometry": { "type": "MultiPoint", "coordinates": [ [ -79.495385934535307, 43.674115861695 ] ] } },
{ "type": "Feature", "properties": { "_id": 965, "LOCATIONID": "2450", "ASSET_ID": 322.0, "ASSET_NAME": "PAUL MARTEL PARK", "TYPE": "Park", "AMENITIES": "None", "ADDRESS": "10 Madison Ave", "PHONE": "None", "URL": "https://www.toronto.ca/explore-enjoy/parks-recreation/places-spaces/parks-and-recreation-facilities/location/?id=2450" }, "geometry": { "type": "MultiPoint", "coordinates": [ [ -79.403253238909201, 43.667550671425097 ] ] } },
{ "type": "Feature", "properties": { "_id": 966, "LOCATIONID": "2825", "ASSET_ID": 46322.0, "ASSET_NAME": "JUNE CALLWOOD PARK", "TYPE": "Park", "AMENITIES": "Playground", "ADDRESS": "636 Fleet St", "PHONE": "None", "URL": "https://www.toronto.ca/explore-enjoy/parks-recreation/places-spaces/parks-and-recreation-facilities/location/?id=2825" }, "geometry": { "type": "MultiPoint", "coordinates": [ [ -79.403970583645105, 43.6366157961616 ] ] } },
{ "type": "Feature", "properties": { "_id": 967, "LOCATIONID": "87", "ASSET_ID": 297.0, "ASSET_NAME": "DUFFERIN GROVE PARK", "TYPE": "Park", "AMENITIES": "Basketball Court, Firepit, Outdoor Ping Pong/Table Tennis, Pickleball Court, Picnic Site, Playground, Skateboarding, Sports Field, Washroom", "ADDRESS": "875 Dufferin St", "PHONE": "None", "URL": "https://www.toronto.ca/explore-enjoy/parks-recreation/places-spaces/parks-and-recreation-facilities/location/?id=87" }, "geometry": { "type": "MultiPoint", "coordinates": [ [ -79.432488193762495, 43.656298159980302 ] ] } },
{ "type": "Feature", "properties": { "_id": 968, "LOCATIONID": "2197", "ASSET_ID": 564.0, "ASSET_NAME": "JULIUS DEUTSCH PARK", "TYPE": "Park", "AMENITIES": "Outdoor Fitness Equipment, Playground", "ADDRESS": "40 Cecil St", "PHONE": "None", "URL": "https://www.toronto.ca/explore-enjoy/parks-recreation/places-spaces/parks-and-recreation-facilities/location/?id=2197" }, "geometry": { "type": "MultiPoint", "coordinates": [ [ -79.397125953996294, 43.656677470110701 ] ] } },
{ "type": "Feature", "properties": { "_id": 969, "LOCATIONID": "2172", "ASSET_ID": 128.0, "ASSET_NAME": "BRIGHT STREET PLAYGROUND", "TYPE": "Park", "AMENITIES": "Playground", "ADDRESS": "50 Bright St", "PHONE": "None", "URL": "https://www.toronto.ca/explore-enjoy/parks-recreation/places-spaces/parks-and-recreation-facilities/location/?id=2172" }, "geometry": { "type": "MultiPoint", "coordinates": [ [ -79.359720543293093, 43.656203157091497 ] ] } },
{ "type": "Feature", "properties": { "_id": 970, "LOCATIONID": "190", "ASSET_ID": 191.0, "ASSET_NAME": "CHELSEA AVENUE PLAYGROUND", "TYPE": "Park", "AMENITIES": "Playground", "ADDRESS": "103 Chelsea Ave", "PHONE": "None", "URL": "https://www.toronto.ca/explore-enjoy/parks-recreation/places-spaces/parks-and-recreation-facilities/location/?id=190" }, "geometry": { "type": "MultiPoint", "coordinates": [ [ -79.455747461185396, 43.657375281139203 ] ] } },
{ "type": "Feature", "properties": { "_id": 971, "LOCATIONID": "864", "ASSET_ID": 873.0, "ASSET_NAME": "RICHVIEW PARK", "TYPE": "Park", "AMENITIES": "Ball Diamond, Playground, Sports Field", "ADDRESS": "555 Martin Grove Rd", "PHONE": "None", "URL": "https://www.toronto.ca/explore-enjoy/parks-recreation/places-spaces/parks-and-recreation-facilities/location/?id=864" }, "geometry": { "type": "MultiPoint", "coordinates": [ [ -79.5615651442059, 43.6771675484394 ] ] } },
{ "type": "Feature", "properties": { "_id": 972, "LOCATIONID": "1465", "ASSET_ID": 436.0, "ASSET_NAME": "GRAND AVENUE PARK", "TYPE": "Park", "AMENITIES": "Dog Off-Leash Area, Outdoor Track, Sports Field", "ADDRESS": "1 Grand Ave", "PHONE": "None", "URL": "https://www.toronto.ca/explore-enjoy/parks-recreation/places-spaces/parks-and-recreation-facilities/location/?id=1465" }, "geometry": { "type": "MultiPoint", "coordinates": [ [ -79.490668853908602, 43.622604095429203 ] ] } },
{ "type": "Feature", "properties": { "_id": 973, "LOCATIONID": "979", "ASSET_ID": 856.0, "ASSET_NAME": "RAVENSCREST PARK", "TYPE": "Park", "AMENITIES": "None", "ADDRESS": "305 Martin Grove Rd", "PHONE": "None", "URL": "https://www.toronto.ca/explore-enjoy/parks-recreation/places-spaces/parks-and-recreation-facilities/location/?id=979" }, "geometry": { "type": "MultiPoint", "coordinates": [ [ -79.5531220659513, 43.658774264761497 ] ] } },
{ "type": "Feature", "properties": { "_id": 974, "LOCATIONID": "3853", "ASSET_ID": 988832.0, "ASSET_NAME": "BIIDAASIGE PARK", "TYPE": "Park", "AMENITIES": "Dog Off-Leash Area, Playground", "ADDRESS": "51 COMMISSIONERS ST", "PHONE": "None", "URL": "https://www.toronto.ca/explore-enjoy/parks-recreation/places-spaces/beaches-gardens-attractions/biidaasige-park/" }, "geometry": { "type": "MultiPoint", "coordinates": [ [ -79.344581379559301, 43.646315711677502 ] ] } },
{ "type": "Feature", "properties": { "_id": 975, "LOCATIONID": "3398", "ASSET_ID": 171.0, "ASSET_NAME": "CEDARVALE RAVINE", "TYPE": "Park", "AMENITIES": "Outdoor Fitness Equipment", "ADDRESS": "1611 Bathurst St", "PHONE": "None", "URL": "https://www.toronto.ca/explore-enjoy/parks-recreation/places-spaces/parks-and-recreation-facilities/location/?id=3398" }, "geometry": { "type": "MultiPoint", "coordinates": [ [ -79.417804510694197, 43.688748469284398 ] ] } },
{ "type": "Feature", "properties": { "_id": 976, "LOCATIONID": "629", "ASSET_ID": 170.0, "ASSET_NAME": "CEDARVALE PARK", "TYPE": "Park", "AMENITIES": "Ball Diamond, Cricket Pitch Field, Dog Off-Leash Area, Pickleball Court, Playground, Sports Field, Tennis Court", "ADDRESS": "443 Arlington Ave", "PHONE": "None", "URL": "https://www.toronto.ca/explore-enjoy/parks-recreation/places-spaces/parks-and-recreation-facilities/location/?id=629" }, "geometry": { "type": "MultiPoint", "coordinates": [ [ -79.429346394214605, 43.692042991813601 ] ] } },
{ "type": "Feature", "properties": { "_id": 977, "LOCATIONID": "2466", "ASSET_ID": 695.0, "ASSET_NAME": "MCCLEARY PLAYGROUND", "TYPE": "Park", "AMENITIES": "Playground", "ADDRESS": "80 Mc Gee St", "PHONE": "None", "URL": "https://www.toronto.ca/explore-enjoy/parks-recreation/places-spaces/parks-and-recreation-facilities/location/?id=2466" }, "geometry": { "type": "MultiPoint", "coordinates": [ [ -79.345424218431106, 43.659253018084101 ] ] } },
{ "type": "Feature", "properties": { "_id": 978, "LOCATIONID": "2819", "ASSET_ID": 45802.0, "ASSET_NAME": "THE RAIL GARDEN", "TYPE": "Park", "AMENITIES": "None", "ADDRESS": "450 Woodfield Rd", "PHONE": "None", "URL": "https://www.toronto.ca/explore-enjoy/parks-recreation/places-spaces/parks-and-recreation-facilities/location/?id=2819" }, "geometry": { "type": "MultiPoint", "coordinates": [ [ -79.326032001726503, 43.676030628845602 ] ] } },
{ "type": "Feature", "properties": { "_id": 979, "LOCATIONID": "124", "ASSET_ID": 1298.0, "ASSET_NAME": "FAIRFORD AVENUE PARKETTE", "TYPE": "Park", "AMENITIES": "None", "ADDRESS": "68 Fairford Ave", "PHONE": "None", "URL": "https://www.toronto.ca/explore-enjoy/parks-recreation/places-spaces/parks-and-recreation-facilities/location/?id=124" }, "geometry": { "type": "MultiPoint", "coordinates": [ [ -79.320624214482194, 43.675250605788598 ] ] } },
{ "type": "Feature", "properties": { "_id": 980, "LOCATIONID": "2082", "ASSET_ID": 1065.0, "ASSET_NAME": "TURNBERRY SOUTH PARK", "TYPE": "Park", "AMENITIES": "Playground", "ADDRESS": "31 Alentejo St", "PHONE": "None", "URL": "https://www.toronto.ca/explore-enjoy/parks-recreation/places-spaces/parks-and-recreation-facilities/location/?id=2082" }, "geometry": { "type": "MultiPoint", "coordinates": [ [ -79.465845108719293, 43.676958996408203 ] ] } },
{ "type": "Feature", "properties": { "_id": 981, "LOCATIONID": "2261", "ASSET_ID": 1005.0, "ASSET_NAME": "SUGAR BEACH PARK", "TYPE": "Park", "AMENITIES": "None", "ADDRESS": "11 Dockside Dr", "PHONE": "None", "URL": "https://www.toronto.ca/explore-enjoy/parks-recreation/places-spaces/parks-and-recreation-facilities/location/?id=2261" }, "geometry": { "type": "MultiPoint", "coordinates": [ [ -79.367485794504404, 43.643258428531702 ] ] } },
{ "type": "Feature", "properties": { "_id": 982, "LOCATIONID": "212", "ASSET_ID": 998.0, "ASSET_NAME": "STANLEY PARK NORTH - TORONTO", "TYPE": "Park", "AMENITIES": "Basketball Court, Outdoor Ping Pong/Table Tennis, Playground, Washroom", "ADDRESS": "890 King St W", "PHONE": "None", "URL": "https://www.toronto.ca/explore-enjoy/parks-recreation/places-spaces/parks-and-recreation-facilities/location/?id=212" }, "geometry": { "type": "MultiPoint", "coordinates": [ [ -79.409843047965794, 43.643132408749899 ] ] } },
{ "type": "Feature", "properties": { "_id": 983, "LOCATIONID": "261", "ASSET_ID": 1566.0, "ASSET_NAME": "WALLER AVENUE RAVINE LANDS", "TYPE": "Park", "AMENITIES": "None", "ADDRESS": "103 Morningside Ave", "PHONE": "None", "URL": "https://www.toronto.ca/explore-enjoy/parks-recreation/places-spaces/parks-and-recreation-facilities/location/?id=261" }, "geometry": { "type": "MultiPoint", "coordinates": [ [ -79.479732195561894, 43.644195263468198 ] ] } },
{ "type": "Feature", "properties": { "_id": 984, "LOCATIONID": "119", "ASSET_ID": 613.0, "ASSET_NAME": "LAWRENCE PARK RAVINE", "TYPE": "Park", "AMENITIES": "Tennis Court, Washroom", "ADDRESS": "61 ALEXANDER MUIR RD", "PHONE": "None", "URL": "https://www.toronto.ca/explore-enjoy/parks-recreation/places-spaces/parks-and-recreation-facilities/location/?id=119" }, "geometry": { "type": "MultiPoint", "coordinates": [ [ -79.398604092991405, 43.720494715004598 ] ] } },
{ "type": "Feature", "properties": { "_id": 985, "LOCATIONID": "3791", "ASSET_ID": 77394.0, "ASSET_NAME": "CANON JACKSON PARK", "TYPE": "Park", "AMENITIES": "Playground", "ADDRESS": "80 Canon Jackson Dr", "PHONE": "None", "URL": "https://www.toronto.ca/explore-enjoy/parks-recreation/places-spaces/parks-and-recreation-facilities/location/?id=3791" }, "geometry": { "type": "MultiPoint", "coordinates": [ [ -79.471938302144295, 43.698364428328297 ] ] } },
{ "type": "Feature", "properties": { "_id": 986, "LOCATIONID": "3662", "ASSET_ID": 57462.0, "ASSET_NAME": "CLARA WILL PARK", "TYPE": "Park", "AMENITIES": "Playground", "ADDRESS": "1 Queen Magdalene Pl", "PHONE": "None", "URL": "https://www.toronto.ca/explore-enjoy/parks-recreation/places-spaces/parks-and-recreation-facilities/location/?id=3662" }, "geometry": { "type": "MultiPoint", "coordinates": [ [ -79.358889905191106, 43.798895296092901 ] ] } },
{ "type": "Feature", "properties": { "_id": 987, "LOCATIONID": "2067", "ASSET_ID": 961.0, "ASSET_NAME": "SKEENS LANE PARKETTE", "TYPE": "Park", "AMENITIES": "Playground", "ADDRESS": "8 Twenty Ninth St", "PHONE": "None", "URL": "https://www.toronto.ca/explore-enjoy/parks-recreation/places-spaces/parks-and-recreation-facilities/location/?id=2067" }, "geometry": { "type": "MultiPoint", "coordinates": [ [ -79.528887473386405, 43.596302935509897 ] ] } },
{ "type": "Feature", "properties": { "_id": 988, "LOCATIONID": "2539", "ASSET_ID": 1457.0, "ASSET_NAME": "PAUL E. GARFINKEL PARK", "TYPE": "Park", "AMENITIES": "None", "ADDRESS": "1071 Queen St W", "PHONE": "None", "URL": "https://www.toronto.ca/explore-enjoy/parks-recreation/places-spaces/parks-and-recreation-facilities/location/?id=2539" }, "geometry": { "type": "MultiPoint", "coordinates": [ [ -79.421420620885996, 43.643394656921998 ] ] } },
{ "type": "Feature", "properties": { "_id": 989, "LOCATIONID": "773", "ASSET_ID": 1093.0, "ASSET_NAME": "WEDGEWOOD PARK - ETOBICOKE", "TYPE": "Park", "AMENITIES": "Pickleball Court, Playground, Tennis Court, Washroom", "ADDRESS": "15 Swan Ave", "PHONE": "None", "URL": "https://www.toronto.ca/explore-enjoy/parks-recreation/places-spaces/parks-and-recreation-facilities/location/?id=773" }, "geometry": { "type": "MultiPoint", "coordinates": [ [ -79.547517472889893, 43.644463472543798 ] ] } },
{ "type": "Feature", "properties": { "_id": 990, "LOCATIONID": "2149", "ASSET_ID": 1198.0, "ASSET_NAME": "BLOOR - BEDFORD PARKETTE", "TYPE": "Park", "AMENITIES": "None", "ADDRESS": "248 Bloor St W", "PHONE": "None", "URL": "https://www.toronto.ca/explore-enjoy/parks-recreation/places-spaces/parks-and-recreation-facilities/location/?id=2149" }, "geometry": { "type": "MultiPoint", "coordinates": [ [ -79.398027455, 43.668080916404698 ] ] } },
{ "type": "Feature", "properties": { "_id": 991, "LOCATIONID": "1498", "ASSET_ID": 1435.0, "ASSET_NAME": "NORMAN JEWISON PARK", "TYPE": "Park", "AMENITIES": "None", "ADDRESS": "13 Isabella St", "PHONE": "None", "URL": "https://www.toronto.ca/explore-enjoy/parks-recreation/places-spaces/parks-and-recreation-facilities/location/?id=1498" }, "geometry": { "type": "MultiPoint", "coordinates": [ [ -79.384589534230599, 43.667243275066099 ] ] } },
{ "type": "Feature", "properties": { "_id": 992, "LOCATIONID": "163", "ASSET_ID": 165.0, "ASSET_NAME": "BARBARA HALL PARK", "TYPE": "Park", "AMENITIES": "Dog Off-Leash Area, Playground", "ADDRESS": "519 Church St", "PHONE": "None", "URL": "https://www.toronto.ca/explore-enjoy/parks-recreation/places-spaces/parks-and-recreation-facilities/location/?id=163" }, "geometry": { "type": "MultiPoint", "coordinates": [ [ -79.3805150317189, 43.6666770185006 ] ] } },
{ "type": "Feature", "properties": { "_id": 993, "LOCATIONID": "2036", "ASSET_ID": 703.0, "ASSET_NAME": "MCGREGOR PARK", "TYPE": "Park", "AMENITIES": "Ball Diamond, Basketball Court, Outdoor Dry Pad, Pickleball Court, Playground, Tennis Court", "ADDRESS": "2231 Lawrence Ave E", "PHONE": "None", "URL": "https://www.toronto.ca/explore-enjoy/parks-recreation/places-spaces/parks-and-recreation-facilities/location/?id=2036" }, "geometry": { "type": "MultiPoint", "coordinates": [ [ -79.2805594573923, 43.7473020128729 ] ] } },
{ "type": "Feature", "properties": { "_id": 994, "LOCATIONID": "490", "ASSET_ID": 201.0, "ASSET_NAME": "ELIE WIESEL PARK", "TYPE": "Park", "AMENITIES": "Ball Diamond, Outdoor Dry Pad, Pickleball Court, Playground, Tennis Court, Washroom", "ADDRESS": "30 Palm Dr", "PHONE": "None", "URL": "https://www.toronto.ca/explore-enjoy/parks-recreation/places-spaces/parks-and-recreation-facilities/location/?id=490" }, "geometry": { "type": "MultiPoint", "coordinates": [ [ -79.438092980747896, 43.745715854769799 ] ] } },
{ "type": "Feature", "properties": { "_id": 995, "LOCATIONID": "278", "ASSET_ID": 1572.0, "ASSET_NAME": "WEMBLEY PARKETTE", "TYPE": "Park", "AMENITIES": "None", "ADDRESS": "9 Park Rd", "PHONE": "None", "URL": "https://www.toronto.ca/explore-enjoy/parks-recreation/places-spaces/parks-and-recreation-facilities/location/?id=278" }, "geometry": { "type": "MultiPoint", "coordinates": [ [ -79.431047886476804, 43.700905907020797 ] ] } },
{ "type": "Feature", "properties": { "_id": 996, "LOCATIONID": "2700", "ASSET_ID": 1319.0, "ASSET_NAME": "GEORGE MILBRANDT PARKETTE", "TYPE": "Park", "AMENITIES": "None", "ADDRESS": "3101 Yonge St", "PHONE": "None", "URL": "https://www.toronto.ca/explore-enjoy/parks-recreation/places-spaces/parks-and-recreation-facilities/location/?id=2700" }, "geometry": { "type": "MultiPoint", "coordinates": [ [ -79.401927951752796, 43.725366902227002 ] ] } },
{ "type": "Feature", "properties": { "_id": 997, "LOCATIONID": "3829", "ASSET_ID": 80762.0, "ASSET_NAME": "BIRMINGHAM STREET PARKETTE", "TYPE": "Park", "AMENITIES": "Outdoor Ping Pong/Table Tennis", "ADDRESS": "265 TWELFTH ST", "PHONE": "None", "URL": "https://www.toronto.ca/explore-enjoy/parks-recreation/places-spaces/parks-and-recreation-facilities/location/?id=3829" }, "geometry": { "type": "MultiPoint", "coordinates": [ [ -79.511308437059995, 43.601565937829101 ] ] } },
{ "type": "Feature", "properties": { "_id": 998, "LOCATIONID": "3740", "ASSET_ID": 94224.0, "ASSET_NAME": "24 DEWHURST BOULEVARD PARK", "TYPE": "Park", "AMENITIES": "None", "ADDRESS": "24 Dewhurst Blvd", "PHONE": "None", "URL": "https://www.toronto.ca/explore-enjoy/parks-recreation/places-spaces/parks-and-recreation-facilities/location/?id=3740" }, "geometry": { "type": "MultiPoint", "coordinates": [ [ -79.3400221641146, 43.6807419826565 ] ] } },
{ "type": "Feature", "properties": { "_id": 999, "LOCATIONID": "560", "ASSET_ID": 121.0, "ASSET_NAME": "BOTANY HILL PARK", "TYPE": "Park", "AMENITIES": "Dog Off-Leash Area, Playground, Tennis Court", "ADDRESS": "277 Orton Park Rd", "PHONE": "None", "URL": "https://www.toronto.ca/explore-enjoy/parks-recreation/places-spaces/parks-and-recreation-facilities/location/?id=560" }, "geometry": { "type": "MultiPoint", "coordinates": [ [ -79.211504041913599, 43.778100800746799 ] ] } },
{ "type": "Feature", "properties": { "_id": 1000, "LOCATIONID": "400", "ASSET_ID": 1801.0, "ASSET_NAME": "HUMBER VALLEY GOLF COURSE", "TYPE": "Park", "AMENITIES": "Washroom", "ADDRESS": "40 Beattie Ave", "PHONE": "None", "URL": "https://www.toronto.ca/explore-enjoy/parks-recreation/places-spaces/parks-and-recreation-facilities/location/?id=400" }, "geometry": { "type": "MultiPoint", "coordinates": [ [ -79.543632142585693, 43.7264862963141 ] ] } },
{ "type": "Feature", "properties": { "_id": 1001, "LOCATIONID": "1467", "ASSET_ID": 558.0, "ASSET_NAME": "JOSEPH BURR TYRRELL PARK", "TYPE": "Park", "AMENITIES": "Playground", "ADDRESS": "10 Dalton Rd", "PHONE": "None", "URL": "https://www.toronto.ca/explore-enjoy/parks-recreation/places-spaces/parks-and-recreation-facilities/location/?id=1467" }, "geometry": { "type": "MultiPoint", "coordinates": [ [ -79.407265692978399, 43.666617489065899 ] ] } },
{ "type": "Feature", "properties": { "_id": 1002, "LOCATIONID": "859", "ASSET_ID": 818.0, "ASSET_NAME": "PINE POINT PARK", "TYPE": "Park", "AMENITIES": "Pickleball Court, Playground, Sports Field, Tennis Court, Washroom", "ADDRESS": "4 Conan Rd", "PHONE": "None", "URL": "https://www.toronto.ca/explore-enjoy/parks-recreation/places-spaces/parks-and-recreation-facilities/location/?id=859" }, "geometry": { "type": "MultiPoint", "coordinates": [ [ -79.539862067803398, 43.715317824464897 ] ] } },
{ "type": "Feature", "properties": { "_id": 1003, "LOCATIONID": "20", "ASSET_ID": 23.0, "ASSET_NAME": "ALEXANDER STREET PARKETTE", "TYPE": "Park", "AMENITIES": "None", "ADDRESS": "16 Alexander St  ", "PHONE": "None", "URL": "https://www.toronto.ca/explore-enjoy/parks-recreation/places-spaces/parks-and-recreation-facilities/location/?id=20" }, "geometry": { "type": "MultiPoint", "coordinates": [ [ -79.382804380802796, 43.663404864057 ] ] } },
{ "type": "Feature", "properties": { "_id": 1004, "LOCATIONID": "1", "ASSET_ID": 49.0, "ASSET_NAME": "ASHBRIDGES BAY PARK", "TYPE": "Park", "AMENITIES": "Disc Golf, Firepit, Outdoor Fitness Equipment, Picnic Site, Washroom", "ADDRESS": "1561 Lake Shore Blvd E", "PHONE": "None", "URL": "https://www.toronto.ca/explore-enjoy/parks-recreation/places-spaces/parks-and-recreation-facilities/location/?id=1" }, "geometry": { "type": "MultiPoint", "coordinates": [ [ -79.309528867162399, 43.658666054752899 ] ] } },
{ "type": "Feature", "properties": { "_id": 1005, "LOCATIONID": "284", "ASSET_ID": 814.0, "ASSET_NAME": "PERTH SQUARE PARK", "TYPE": "Park", "AMENITIES": "Firepit, Playground, Washroom", "ADDRESS": "350 Perth Ave", "PHONE": "None", "URL": "https://www.toronto.ca/explore-enjoy/parks-recreation/places-spaces/parks-and-recreation-facilities/location/?id=284" }, "geometry": { "type": "MultiPoint", "coordinates": [ [ -79.452478787787001, 43.663969065437101 ] ] } },
{ "type": "Feature", "properties": { "_id": 1006, "LOCATIONID": "1503", "ASSET_ID": 553.0, "ASSET_NAME": "JOHN CHANG NEIGHBOURHOOD PARK", "TYPE": "Park", "AMENITIES": "Playground", "ADDRESS": "50 Colgate Ave", "PHONE": "None", "URL": "https://www.toronto.ca/explore-enjoy/parks-recreation/places-spaces/parks-and-recreation-facilities/location/?id=1503" }, "geometry": { "type": "MultiPoint", "coordinates": [ [ -79.342091978114894, 43.662268027238099 ] ] } },
{ "type": "Feature", "properties": { "_id": 1007, "LOCATIONID": "798", "ASSET_ID": 172.0, "ASSET_NAME": "CENTENNIAL PARK - ETOBICOKE", "TYPE": "Park", "AMENITIES": "Ball Diamond, Cricket Pitch Field, Disc Golf, Outdoor Fitness Equipment, Outdoor Track, Pickleball Court, Picnic Site, Playground, Sports Field, Washroom", "ADDRESS": "256 Centennial Park Rd", "PHONE": "None", "URL": "https://www.toronto.ca/explore-enjoy/parks-recreation/places-spaces/parks-and-recreation-facilities/location/?id=798" }, "geometry": { "type": "MultiPoint", "coordinates": [ [ -79.592928561350703, 43.6516875893792 ] ] } },
{ "type": "Feature", "properties": { "_id": 1008, "LOCATIONID": "182", "ASSET_ID": 1425.0, "ASSET_NAME": "MOUNT PLEASANT PARKETTE", "TYPE": "Park", "AMENITIES": "None", "ADDRESS": "441 Mount Pleasant Rd", "PHONE": "None", "URL": "https://www.toronto.ca/explore-enjoy/parks-recreation/places-spaces/parks-and-recreation-facilities/location/?id=182" }, "geometry": { "type": "MultiPoint", "coordinates": [ [ -79.386623988792607, 43.69977457121 ] ] } },
{ "type": "Feature", "properties": { "_id": 1009, "LOCATIONID": "1499", "ASSET_ID": 736.0, "ASSET_NAME": "MOREAU TRAIL PARK", "TYPE": "Park", "AMENITIES": "Playground", "ADDRESS": "35 Herron Ave", "PHONE": "None", "URL": "https://www.toronto.ca/explore-enjoy/parks-recreation/places-spaces/parks-and-recreation-facilities/location/?id=1499" }, "geometry": { "type": "MultiPoint", "coordinates": [ [ -79.283625910260099, 43.707477171028302 ] ] } },
{ "type": "Feature", "properties": { "_id": 1010, "LOCATIONID": "128", "ASSET_ID": 637.0, "ASSET_NAME": "LITTLE NORWAY PARK", "TYPE": "Park", "AMENITIES": "Ball Diamond, Outdoor Fitness Equipment, Playground, Washroom", "ADDRESS": "659 Queens Quay W", "PHONE": "None", "URL": "https://www.toronto.ca/explore-enjoy/parks-recreation/places-spaces/parks-and-recreation-facilities/location/?id=128" }, "geometry": { "type": "MultiPoint", "coordinates": [ [ -79.398413199989307, 43.634483920696297 ] ] } },
{ "type": "Feature", "properties": { "_id": 1011, "LOCATIONID": "963", "ASSET_ID": 373.0, "ASSET_NAME": "FLAGSTAFF PARK", "TYPE": "Park", "AMENITIES": "Basketball Court, Pickleball Court, Playground, Sports Field, Tennis Court, Washroom", "ADDRESS": "42 Mercury Rd", "PHONE": "None", "URL": "https://www.toronto.ca/explore-enjoy/parks-recreation/places-spaces/parks-and-recreation-facilities/location/?id=963" }, "geometry": { "type": "MultiPoint", "coordinates": [ [ -79.5906395390043, 43.721174163673503 ] ] } },
{ "type": "Feature", "properties": { "_id": 1012, "LOCATIONID": "971", "ASSET_ID": 446.0, "ASSET_NAME": "GREYSTONE PARK", "TYPE": "Park", "AMENITIES": "Basketball Court, Playground", "ADDRESS": "845 Danforth Rd", "PHONE": "None", "URL": "https://www.toronto.ca/explore-enjoy/parks-recreation/places-spaces/parks-and-recreation-facilities/location/?id=971" }, "geometry": { "type": "MultiPoint", "coordinates": [ [ -79.252170846203995, 43.726124248556403 ] ] } },
{ "type": "Feature", "properties": { "_id": 1013, "LOCATIONID": "2110", "ASSET_ID": 1177.0, "ASSET_NAME": "BALCARRA PARK", "TYPE": "Park", "AMENITIES": "None", "ADDRESS": "1 Balcarra Ave", "PHONE": "None", "URL": "https://www.toronto.ca/explore-enjoy/parks-recreation/places-spaces/parks-and-recreation-facilities/location/?id=2110" }, "geometry": { "type": "MultiPoint", "coordinates": [ [ -79.227252471385597, 43.725759644088399 ] ] } },
{ "type": "Feature", "properties": { "_id": 1014, "LOCATIONID": "224", "ASSET_ID": 770.0, "ASSET_NAME": "NORTHUMBERLAND PLAYGROUND", "TYPE": "Park", "AMENITIES": "Playground", "ADDRESS": "770 Ossington Ave", "PHONE": "None", "URL": "https://www.toronto.ca/explore-enjoy/parks-recreation/places-spaces/parks-and-recreation-facilities/location/?id=224" }, "geometry": { "type": "MultiPoint", "coordinates": [ [ -79.426357553870204, 43.662785317906497 ] ] } },
{ "type": "Feature", "properties": { "_id": 1015, "LOCATIONID": "2642", "ASSET_ID": 272.0, "ASSET_NAME": "DENNIS FLYNN PARK", "TYPE": "Park", "AMENITIES": "Basketball Court, Playground, Washroom", "ADDRESS": "370 The West Mall", "PHONE": "None", "URL": "https://www.toronto.ca/explore-enjoy/parks-recreation/places-spaces/parks-and-recreation-facilities/location/?id=2642" }, "geometry": { "type": "MultiPoint", "coordinates": [ [ -79.566351453886895, 43.641268389533003 ] ] } },
{ "type": "Feature", "properties": { "_id": 1016, "LOCATIONID": "2667", "ASSET_ID": 1567.0, "ASSET_NAME": "WALMER RD PARKETTE", "TYPE": "Park", "AMENITIES": "None", "ADDRESS": "227 Walmer Rd", "PHONE": "None", "URL": "https://www.toronto.ca/explore-enjoy/parks-recreation/places-spaces/parks-and-recreation-facilities/location/?id=2667" }, "geometry": { "type": "MultiPoint", "coordinates": [ [ -79.408747350934803, 43.676286944241298 ] ] } },
{ "type": "Feature", "properties": { "_id": 1017, "LOCATIONID": "187", "ASSET_ID": 742.0, "ASSET_NAME": "MOUNT ROYAL PARKETTE", "TYPE": "Park", "AMENITIES": "Playground", "ADDRESS": "49 Mount Royal Ave", "PHONE": "None", "URL": "https://www.toronto.ca/explore-enjoy/parks-recreation/places-spaces/parks-and-recreation-facilities/location/?id=187" }, "geometry": { "type": "MultiPoint", "coordinates": [ [ -79.432507600036004, 43.676580926008299 ] ] } },
{ "type": "Feature", "properties": { "_id": 1018, "LOCATIONID": "259", "ASSET_ID": 1081.0, "ASSET_NAME": "WADSWORTH PARK", "TYPE": "Park", "AMENITIES": "Basketball Court, Firepit, Playground, Sports Field", "ADDRESS": "120 Connolly St", "PHONE": "None", "URL": "https://www.toronto.ca/explore-enjoy/parks-recreation/places-spaces/parks-and-recreation-facilities/location/?id=259" }, "geometry": { "type": "MultiPoint", "coordinates": [ [ -79.457982417990905, 43.672331776073399 ] ] } },
{ "type": "Feature", "properties": { "_id": 1019, "LOCATIONID": "2397", "ASSET_ID": 269.0, "ASSET_NAME": "DELO PARK", "TYPE": "Park", "AMENITIES": "None", "ADDRESS": "26 Joyce Pkwy", "PHONE": "None", "URL": "https://www.toronto.ca/explore-enjoy/parks-recreation/places-spaces/parks-and-recreation-facilities/location/?id=2397" }, "geometry": { "type": "MultiPoint", "coordinates": [ [ -79.4639011184249, 43.709860610051599 ] ] } },
{ "type": "Feature", "properties": { "_id": 1020, "LOCATIONID": "440", "ASSET_ID": 403.0, "ASSET_NAME": "GEORGE HISLOP PARK", "TYPE": "Park", "AMENITIES": "None", "ADDRESS": "20 Isabella St", "PHONE": "None", "URL": "https://www.toronto.ca/explore-enjoy/parks-recreation/places-spaces/parks-and-recreation-facilities/location/?id=440" }, "geometry": { "type": "MultiPoint", "coordinates": [ [ -79.384937527231997, 43.668276015753598 ] ] } },
{ "type": "Feature", "properties": { "_id": 1021, "LOCATIONID": "2263", "ASSET_ID": 299.0, "ASSET_NAME": "DUNCAN CREEK PARK", "TYPE": "Park", "AMENITIES": "Playground", "ADDRESS": "110 Cliffwood Rd", "PHONE": "None", "URL": "https://www.toronto.ca/explore-enjoy/parks-recreation/places-spaces/parks-and-recreation-facilities/location/?id=2263" }, "geometry": { "type": "MultiPoint", "coordinates": [ [ -79.363610945949205, 43.805361158482803 ] ] } },
{ "type": "Feature", "properties": { "_id": 1022, "LOCATIONID": "281", "ASSET_ID": 1459.0, "ASSET_NAME": "PERCY PARK", "TYPE": "Park", "AMENITIES": "None", "ADDRESS": "12 Percy St", "PHONE": "None", "URL": "https://www.toronto.ca/explore-enjoy/parks-recreation/places-spaces/parks-and-recreation-facilities/location/?id=281" }, "geometry": { "type": "MultiPoint", "coordinates": [ [ -79.357639038286706, 43.655094929821203 ] ] } },
{ "type": "Feature", "properties": { "_id": 1023, "LOCATIONID": "2251", "ASSET_ID": 1547.0, "ASSET_NAME": "TRUDELLE PARK", "TYPE": "Park", "AMENITIES": "Playground", "ADDRESS": "36 Trudelle St", "PHONE": "None", "URL": "https://www.toronto.ca/explore-enjoy/parks-recreation/places-spaces/parks-and-recreation-facilities/location/?id=2251" }, "geometry": { "type": "MultiPoint", "coordinates": [ [ -79.244703147618907, 43.7415183609371 ] ] } },
{ "type": "Feature", "properties": { "_id": 1024, "LOCATIONID": "1425", "ASSET_ID": 41.0, "ASSET_NAME": "DE HAVILLAND 'MOSSIE' PARK", "TYPE": "Park", "AMENITIES": "Outdoor Fitness Equipment, Playground, Sports Field", "ADDRESS": "111 A Anthony Rd", "PHONE": "None", "URL": "https://www.toronto.ca/explore-enjoy/parks-recreation/places-spaces/parks-and-recreation-facilities/location/?id=1425" }, "geometry": { "type": "MultiPoint", "coordinates": [ [ -79.467662754915807, 43.726877580213397 ] ] } },
{ "type": "Feature", "properties": { "_id": 1025, "LOCATIONID": "3697", "ASSET_ID": 58963.0, "ASSET_NAME": "CLOVER HILL PARK", "TYPE": "Park", "AMENITIES": "None", "ADDRESS": "1020 Bay St", "PHONE": "None", "URL": "https://www.toronto.ca/explore-enjoy/parks-recreation/places-spaces/parks-and-recreation-facilities/location/?id=3697" }, "geometry": { "type": "MultiPoint", "coordinates": [ [ -79.388263316030901, 43.666071557815499 ] ] } },
{ "type": "Feature", "properties": { "_id": 1026, "LOCATIONID": "3535", "ASSET_ID": 58964.0, "ASSET_NAME": "LISGAR PARK", "TYPE": "Park", "AMENITIES": "Playground", "ADDRESS": "60 Lisgar St", "PHONE": "None", "URL": "https://www.toronto.ca/explore-enjoy/parks-recreation/places-spaces/parks-and-recreation-facilities/location/?id=3535" }, "geometry": { "type": "MultiPoint", "coordinates": [ [ -79.423757413478896, 43.642431040116598 ] ] } },
{ "type": "Feature", "properties": { "_id": 1027, "LOCATIONID": "161", "ASSET_ID": 164.0, "ASSET_NAME": "CAWTHRA PLAYGROUND", "TYPE": "Park", "AMENITIES": "Outdoor Ping Pong/Table Tennis, Playground", "ADDRESS": "355 Albany Ave", "PHONE": "None", "URL": "https://www.toronto.ca/explore-enjoy/parks-recreation/places-spaces/parks-and-recreation-facilities/location/?id=161" }, "geometry": { "type": "MultiPoint", "coordinates": [ [ -79.413954252203297, 43.675985819488503 ] ] } },
{ "type": "Feature", "properties": { "_id": 1028, "LOCATIONID": "244", "ASSET_ID": 786.0, "ASSET_NAME": "ONTARIO STREET PARKETTE", "TYPE": "Park", "AMENITIES": "Playground", "ADDRESS": "227 Ontario St", "PHONE": "None", "URL": "https://www.toronto.ca/explore-enjoy/parks-recreation/places-spaces/parks-and-recreation-facilities/location/?id=244" }, "geometry": { "type": "MultiPoint", "coordinates": [ [ -79.367685521469497, 43.657571119457799 ] ] } },
{ "type": "Feature", "properties": { "_id": 1029, "LOCATIONID": "174", "ASSET_ID": 738.0, "ASSET_NAME": "MORSE STREET PLAYGROUND", "TYPE": "Park", "AMENITIES": "Outdoor Ping Pong/Table Tennis, Playground, Washroom", "ADDRESS": "76 Morse St", "PHONE": "None", "URL": "https://www.toronto.ca/explore-enjoy/parks-recreation/places-spaces/parks-and-recreation-facilities/location/?id=174" }, "geometry": { "type": "MultiPoint", "coordinates": [ [ -79.340019772172596, 43.656841709540103 ] ] } },
{ "type": "Feature", "properties": { "_id": 1030, "LOCATIONID": "2486", "ASSET_ID": 717.0, "ASSET_NAME": "MILL VALLEY PARK", "TYPE": "Park", "AMENITIES": "Pickleball Court, Playground, Tennis Court", "ADDRESS": "412 Mill Rd", "PHONE": "None", "URL": "https://www.toronto.ca/explore-enjoy/parks-recreation/places-spaces/parks-and-recreation-facilities/location/?id=2486" }, "geometry": { "type": "MultiPoint", "coordinates": [ [ -79.587818164962499, 43.6418045374675 ] ] } },
{ "type": "Feature", "properties": { "_id": 1031, "LOCATIONID": "2612", "ASSET_ID": 1501.0, "ASSET_NAME": "SCARLETT - ST. CLAIR PARKETTE", "TYPE": "Park", "AMENITIES": "None", "ADDRESS": "2750 St Clair Ave W", "PHONE": "None", "URL": "https://www.toronto.ca/explore-enjoy/parks-recreation/places-spaces/parks-and-recreation-facilities/location/?id=2612" }, "geometry": { "type": "MultiPoint", "coordinates": [ [ -79.499004838232196, 43.666382007830798 ] ] } },
{ "type": "Feature", "properties": { "_id": 1032, "LOCATIONID": "1012", "ASSET_ID": 511.0, "ASSET_NAME": "HUMBER VALLEY PARK", "TYPE": "Park", "AMENITIES": "Outdoor Fitness Equipment, Pickleball Court, Playground, Tennis Court, Washroom", "ADDRESS": "54 Anglesey Blvd", "PHONE": "None", "URL": "https://www.toronto.ca/explore-enjoy/parks-recreation/places-spaces/parks-and-recreation-facilities/location/?id=1012" }, "geometry": { "type": "MultiPoint", "coordinates": [ [ -79.525019448822604, 43.664892253279902 ] ] } },
{ "type": "Feature", "properties": { "_id": 1033, "LOCATIONID": "332", "ASSET_ID": 916.0, "ASSET_NAME": "SALLY BIRD PARK", "TYPE": "Park", "AMENITIES": "Outdoor Fitness Equipment", "ADDRESS": "194 Brunswick Ave", "PHONE": "None", "URL": "https://www.toronto.ca/explore-enjoy/parks-recreation/places-spaces/parks-and-recreation-facilities/location/?id=332" }, "geometry": { "type": "MultiPoint", "coordinates": [ [ -79.406636522508606, 43.662873185424402 ] ] } },
{ "type": "Feature", "properties": { "_id": 1034, "LOCATIONID": "1097", "ASSET_ID": 915.0, "ASSET_NAME": "SALEM PARKETTE", "TYPE": "Park", "AMENITIES": "Outdoor Fitness Equipment", "ADDRESS": "9 Salem Ave", "PHONE": "None", "URL": "https://www.toronto.ca/explore-enjoy/parks-recreation/places-spaces/parks-and-recreation-facilities/location/?id=1097" }, "geometry": { "type": "MultiPoint", "coordinates": [ [ -79.431288748532793, 43.661330728893901 ] ] } },
{ "type": "Feature", "properties": { "_id": 1035, "LOCATIONID": "1028", "ASSET_ID": 256.0, "ASSET_NAME": "DANFORTH GARDENS PARK", "TYPE": "Park", "AMENITIES": "Playground, Sports Field", "ADDRESS": "498 Birchmount Rd", "PHONE": "None", "URL": "https://www.toronto.ca/explore-enjoy/parks-recreation/places-spaces/parks-and-recreation-facilities/location/?id=1028" }, "geometry": { "type": "MultiPoint", "coordinates": [ [ -79.269791291449096, 43.708722789639801 ] ] } },
{ "type": "Feature", "properties": { "_id": 1036, "LOCATIONID": "2580", "ASSET_ID": 1494.0, "ASSET_NAME": "SADLER PARKETTE", "TYPE": "Park", "AMENITIES": "None", "ADDRESS": "5 Sadler Dr", "PHONE": "None", "URL": "https://www.toronto.ca/explore-enjoy/parks-recreation/places-spaces/parks-and-recreation-facilities/location/?id=2580" }, "geometry": { "type": "MultiPoint", "coordinates": [ [ -79.267948878275106, 43.708925976282401 ] ] } },
{ "type": "Feature", "properties": { "_id": 1037, "LOCATIONID": "1979", "ASSET_ID": 871.0, "ASSET_NAME": "RICARDO PARKETTE", "TYPE": "Park", "AMENITIES": "Playground", "ADDRESS": "180 Maple Leaf Dr", "PHONE": "None", "URL": "https://www.toronto.ca/explore-enjoy/parks-recreation/places-spaces/parks-and-recreation-facilities/location/?id=1979" }, "geometry": { "type": "MultiPoint", "coordinates": [ [ -79.4972258366315, 43.7115147954527 ] ] } },
{ "type": "Feature", "properties": { "_id": 1038, "LOCATIONID": "2247", "ASSET_ID": 254.0, "ASSET_NAME": "DANE PARKETTE", "TYPE": "Park", "AMENITIES": "Playground", "ADDRESS": "21 Dane Ave", "PHONE": "None", "URL": "https://www.toronto.ca/explore-enjoy/parks-recreation/places-spaces/parks-and-recreation-facilities/location/?id=2247" }, "geometry": { "type": "MultiPoint", "coordinates": [ [ -79.453122489689306, 43.715841007137499 ] ] } },
{ "type": "Feature", "properties": { "_id": 1039, "LOCATIONID": "2054", "ASSET_ID": 509.0, "ASSET_NAME": "HUMBER BAY SHORES PARK", "TYPE": "Park", "AMENITIES": "None", "ADDRESS": "15 Marine Parade Dr", "PHONE": "None", "URL": "https://www.toronto.ca/explore-enjoy/parks-recreation/places-spaces/parks-and-recreation-facilities/location/?id=2054" }, "geometry": { "type": "MultiPoint", "coordinates": [ [ -79.471600031161302, 43.631025555524602 ] ] } },
{ "type": "Feature", "properties": { "_id": 1040, "LOCATIONID": "1075", "ASSET_ID": 527.0, "ASSET_NAME": "IRELAND PARK", "TYPE": "Park", "AMENITIES": "None", "ADDRESS": "5 Eireann Quay", "PHONE": "None", "URL": "https://www.toronto.ca/explore-enjoy/parks-recreation/places-spaces/parks-and-recreation-facilities/location/?id=1075" }, "geometry": { "type": "MultiPoint", "coordinates": [ [ -79.395913468824006, 43.6346455962573 ] ] } },
{ "type": "Feature", "properties": { "_id": 1041, "LOCATIONID": "118", "ASSET_ID": 1390.0, "ASSET_NAME": "LARRATT PARKETTE", "TYPE": "Park", "AMENITIES": "None", "ADDRESS": "221 A Forest Hill Rd", "PHONE": "None", "URL": "https://www.toronto.ca/explore-enjoy/parks-recreation/places-spaces/parks-and-recreation-facilities/location/?id=118" }, "geometry": { "type": "MultiPoint", "coordinates": [ [ -79.410275163069798, 43.699912158559997 ] ] } },
{ "type": "Feature", "properties": { "_id": 1042, "LOCATIONID": "733", "ASSET_ID": 833.0, "ASSET_NAME": "PRAIRIE DRIVE PARK", "TYPE": "Park", "AMENITIES": "Pickleball Court, Picnic Site, Playground, Tennis Court, Washroom", "ADDRESS": "101 Pharmacy Ave", "PHONE": "None", "URL": "https://www.toronto.ca/explore-enjoy/parks-recreation/places-spaces/parks-and-recreation-facilities/location/?id=733" }, "geometry": { "type": "MultiPoint", "coordinates": [ [ -79.284118385721996, 43.697113852723902 ] ] } },
{ "type": "Feature", "properties": { "_id": 1043, "LOCATIONID": "176", "ASSET_ID": 862.0, "ASSET_NAME": "REDPATH AVENUE PARKETTE", "TYPE": "Park", "AMENITIES": "Playground", "ADDRESS": "130 Erskine Ave", "PHONE": "None", "URL": "https://www.toronto.ca/explore-enjoy/parks-recreation/places-spaces/parks-and-recreation-facilities/location/?id=176" }, "geometry": { "type": "MultiPoint", "coordinates": [ [ -79.394396147551305, 43.712366532971899 ] ] } },
{ "type": "Feature", "properties": { "_id": 1044, "LOCATIONID": "276", "ASSET_ID": 1045.0, "ASSET_NAME": "TOPHAM PARK", "TYPE": "Park", "AMENITIES": "Ball Diamond, Playground, Tennis Court, Washroom", "ADDRESS": "181 Westview Blvd", "PHONE": "None", "URL": "https://www.toronto.ca/explore-enjoy/parks-recreation/places-spaces/parks-and-recreation-facilities/location/?id=276" }, "geometry": { "type": "MultiPoint", "coordinates": [ [ -79.306517265887095, 43.710022525436898 ] ] } },
{ "type": "Feature", "properties": { "_id": 1045, "LOCATIONID": "550", "ASSET_ID": 103.0, "ASSET_NAME": "BIRCHMOUNT PARK", "TYPE": "Park", "AMENITIES": "Ball Diamond, Outdoor Dry Pad, Outdoor Fitness Equipment, Pickleball Court, Playground, Sports Field", "ADDRESS": "95 Birchmount Rd", "PHONE": "None", "URL": "https://www.toronto.ca/explore-enjoy/parks-recreation/places-spaces/parks-and-recreation-facilities/location/?id=550" }, "geometry": { "type": "MultiPoint", "coordinates": [ [ -79.260666643255206, 43.695997542034199 ] ] } },
{ "type": "Feature", "properties": { "_id": 1046, "LOCATIONID": "2258", "ASSET_ID": 267.0, "ASSET_NAME": "DELL PARK", "TYPE": "Park", "AMENITIES": "Playground", "ADDRESS": "50 Dell Park Ave", "PHONE": "None", "URL": "https://www.toronto.ca/explore-enjoy/parks-recreation/places-spaces/parks-and-recreation-facilities/location/?id=2258" }, "geometry": { "type": "MultiPoint", "coordinates": [ [ -79.433912036485395, 43.7170967490405 ] ] } },
{ "type": "Feature", "properties": { "_id": 1047, "LOCATIONID": "441", "ASSET_ID": 1088.0, "ASSET_NAME": "WARDEN WOODS PARK", "TYPE": "Park", "AMENITIES": "Dog Off-Leash Area", "ADDRESS": "125 Pharmacy Ave", "PHONE": "None", "URL": "https://www.toronto.ca/explore-enjoy/parks-recreation/places-spaces/parks-and-recreation-facilities/location/?id=441" }, "geometry": { "type": "MultiPoint", "coordinates": [ [ -79.282304664372106, 43.704133390677299 ] ] } },
{ "type": "Feature", "properties": { "_id": 1048, "LOCATIONID": "1104", "ASSET_ID": 983.0, "ASSET_NAME": "ST. CLEMENTS - YONGE PARKETTE", "TYPE": "Park", "AMENITIES": "None", "ADDRESS": "14 St Clements Ave", "PHONE": "None", "URL": "https://www.toronto.ca/explore-enjoy/parks-recreation/places-spaces/parks-and-recreation-facilities/location/?id=1104" }, "geometry": { "type": "MultiPoint", "coordinates": [ [ -79.400177689687794, 43.713142047210503 ] ] } },
{ "type": "Feature", "properties": { "_id": 1049, "LOCATIONID": "2480", "ASSET_ID": 1368.0, "ASSET_NAME": "KELSONIA PARKETTE", "TYPE": "Park", "AMENITIES": "None", "ADDRESS": "167 Midland Ave", "PHONE": "None", "URL": "https://www.toronto.ca/explore-enjoy/parks-recreation/places-spaces/parks-and-recreation-facilities/location/?id=2480" }, "geometry": { "type": "MultiPoint", "coordinates": [ [ -79.247494185177899, 43.710463458771798 ] ] } },
{ "type": "Feature", "properties": { "_id": 1050, "LOCATIONID": "207", "ASSET_ID": 184.0, "ASSET_NAME": "CHARLOTTE MAHER PARK", "TYPE": "Park", "AMENITIES": "Playground", "ADDRESS": "550 Roehampton Ave", "PHONE": "None", "URL": "https://www.toronto.ca/explore-enjoy/parks-recreation/places-spaces/parks-and-recreation-facilities/location/?id=207" }, "geometry": { "type": "MultiPoint", "coordinates": [ [ -79.380872061908605, 43.711953519212003 ] ] } },
{ "type": "Feature", "properties": { "_id": 1051, "LOCATIONID": "2340", "ASSET_ID": 1327.0, "ASSET_NAME": "GLEN PARK PARKETTE", "TYPE": "Park", "AMENITIES": "None", "ADDRESS": "596 Glen Park Ave", "PHONE": "None", "URL": "https://www.toronto.ca/explore-enjoy/parks-recreation/places-spaces/parks-and-recreation-facilities/location/?id=2340" }, "geometry": { "type": "MultiPoint", "coordinates": [ [ -79.464740415199898, 43.705622524777098 ] ] } },
{ "type": "Feature", "properties": { "_id": 1052, "LOCATIONID": "1010", "ASSET_ID": 323.0, "ASSET_NAME": "EDEN VALLEY PARK", "TYPE": "Park", "AMENITIES": "Playground", "ADDRESS": "6 Eden Valley Dr", "PHONE": "None", "URL": "https://www.toronto.ca/explore-enjoy/parks-recreation/places-spaces/parks-and-recreation-facilities/location/?id=1010" }, "geometry": { "type": "MultiPoint", "coordinates": [ [ -79.5343267171951, 43.678822811799499 ] ] } },
{ "type": "Feature", "properties": { "_id": 1053, "LOCATIONID": "2085", "ASSET_ID": 1195.0, "ASSET_NAME": "BLACK CREEK SITE EAST", "TYPE": "Park", "AMENITIES": "None", "ADDRESS": "345 Alliance Ave", "PHONE": "None", "URL": "https://www.toronto.ca/explore-enjoy/parks-recreation/places-spaces/parks-and-recreation-facilities/location/?id=2085" }, "geometry": { "type": "MultiPoint", "coordinates": [ [ -79.485066248283403, 43.676689861428301 ] ] } },
{ "type": "Feature", "properties": { "_id": 1054, "LOCATIONID": "611", "ASSET_ID": 246.0, "ASSET_NAME": "CRUICKSHANK PARK", "TYPE": "Park", "AMENITIES": "Outdoor Fitness Equipment, Picnic Site, Playground", "ADDRESS": "2196 Weston Rd", "PHONE": "None", "URL": "https://www.toronto.ca/explore-enjoy/parks-recreation/places-spaces/parks-and-recreation-facilities/location/?id=611" }, "geometry": { "type": "MultiPoint", "coordinates": [ [ -79.526259447162204, 43.702189222407902 ] ] } },
{ "type": "Feature", "properties": { "_id": 1055, "LOCATIONID": "426", "ASSET_ID": 404.0, "ASSET_NAME": "GEORGE WEBSTER PARK", "TYPE": "Park", "AMENITIES": "Playground, Sports Field, Washroom", "ADDRESS": "30 Chapman Ave", "PHONE": "None", "URL": "https://www.toronto.ca/explore-enjoy/parks-recreation/places-spaces/parks-and-recreation-facilities/location/?id=426" }, "geometry": { "type": "MultiPoint", "coordinates": [ [ -79.300972427605203, 43.701295985026597 ] ] } },
{ "type": "Feature", "properties": { "_id": 1056, "LOCATIONID": "2321", "ASSET_ID": 162.0, "ASSET_NAME": "CATARAQUI PARK", "TYPE": "Park", "AMENITIES": "Playground", "ADDRESS": "15 Firvalley Crt", "PHONE": "None", "URL": "https://www.toronto.ca/explore-enjoy/parks-recreation/places-spaces/parks-and-recreation-facilities/location/?id=2321" }, "geometry": { "type": "MultiPoint", "coordinates": [ [ -79.279777372367604, 43.701193845645498 ] ] } },
{ "type": "Feature", "properties": { "_id": 1057, "LOCATIONID": "3844", "ASSET_ID": 28873.0, "ASSET_NAME": "WARDEN HILLTOP COMMUNITY CENTRE PARK", "TYPE": "Park", "AMENITIES": "Playground", "ADDRESS": "25 Mendelssohn St", "PHONE": "None", "URL": "https://www.toronto.ca/explore-enjoy/parks-recreation/places-spaces/parks-and-recreation-facilities/location/?id=3844" }, "geometry": { "type": "MultiPoint", "coordinates": [ [ -79.280143735320195, 43.714634991111403 ] ] } },
{ "type": "Feature", "properties": { "_id": 1058, "LOCATIONID": "2225", "ASSET_ID": 1244.0, "ASSET_NAME": "CONLANDS PARKETTE", "TYPE": "Park", "AMENITIES": "None", "ADDRESS": "7 Conland Ave", "PHONE": "None", "URL": "https://www.toronto.ca/explore-enjoy/parks-recreation/places-spaces/parks-and-recreation-facilities/location/?id=2225" }, "geometry": { "type": "MultiPoint", "coordinates": [ [ -79.452525118732495, 43.717477621059402 ] ] } },
{ "type": "Feature", "properties": { "_id": 1059, "LOCATIONID": "2503", "ASSET_ID": 778.0, "ASSET_NAME": "WILLIS BLAIR PARKETTE", "TYPE": "Park", "AMENITIES": "Playground", "ADDRESS": "1570 O'Connor Dr", "PHONE": "None", "URL": "https://www.toronto.ca/explore-enjoy/parks-recreation/places-spaces/parks-and-recreation-facilities/location/?id=2503" }, "geometry": { "type": "MultiPoint", "coordinates": [ [ -79.306105798054205, 43.714819518229397 ] ] } },
{ "type": "Feature", "properties": { "_id": 1060, "LOCATIONID": "2310", "ASSET_ID": 359.0, "ASSET_NAME": "FALSTAFF PARK", "TYPE": "Park", "AMENITIES": "Basketball Court, Playground", "ADDRESS": "50 Falstaff Ave", "PHONE": "None", "URL": "https://www.toronto.ca/explore-enjoy/parks-recreation/places-spaces/parks-and-recreation-facilities/location/?id=2310" }, "geometry": { "type": "MultiPoint", "coordinates": [ [ -79.503424935729697, 43.716737957259099 ] ] } },
{ "type": "Feature", "properties": { "_id": 1061, "LOCATIONID": "715", "ASSET_ID": 570.0, "ASSET_NAME": "NORTH KEELESDALE PARK", "TYPE": "Park", "AMENITIES": "Ball Diamond, Washroom", "ADDRESS": "415 Black Creek Dr", "PHONE": "None", "URL": "https://www.toronto.ca/explore-enjoy/parks-recreation/places-spaces/parks-and-recreation-facilities/location/?id=715" }, "geometry": { "type": "MultiPoint", "coordinates": [ [ -79.482473930605096, 43.690824509190797 ] ] } },
{ "type": "Feature", "properties": { "_id": 1062, "LOCATIONID": "3786", "ASSET_ID": 60782.0, "ASSET_NAME": "HARRISON-DOVERCOURT PARKETTE", "TYPE": "Park", "AMENITIES": "Outdoor Ping Pong/Table Tennis", "ADDRESS": "150 Harrison St", "PHONE": "None", "URL": "https://www.toronto.ca/explore-enjoy/parks-recreation/places-spaces/parks-and-recreation-facilities/location/?id=3786" }, "geometry": { "type": "MultiPoint", "coordinates": [ [ -79.424742586655896, 43.6504432517537 ] ] } },
{ "type": "Feature", "properties": { "_id": 1063, "LOCATIONID": "2568", "ASSET_ID": 233.0, "ASSET_NAME": "COSBURN PARK", "TYPE": "Park", "AMENITIES": "Tennis Court, Washroom", "ADDRESS": "115 Roosevelt Rd", "PHONE": "None", "URL": "https://www.toronto.ca/explore-enjoy/parks-recreation/places-spaces/parks-and-recreation-facilities/location/?id=2568" }, "geometry": { "type": "MultiPoint", "coordinates": [ [ -79.330278622232598, 43.692947126395197 ] ] } },
{ "type": "Feature", "properties": { "_id": 1064, "LOCATIONID": "2099", "ASSET_ID": 1173.0, "ASSET_NAME": "AUSTIN TERRACE BOULEVARD LANDS", "TYPE": "Park", "AMENITIES": "None", "ADDRESS": "3 Austin Ter", "PHONE": "None", "URL": "https://www.toronto.ca/explore-enjoy/parks-recreation/places-spaces/parks-and-recreation-facilities/location/?id=2099" }, "geometry": { "type": "MultiPoint", "coordinates": [ [ -79.410998949744695, 43.678241987549598 ] ] } },
{ "type": "Feature", "properties": { "_id": 1065, "LOCATIONID": "127", "ASSET_ID": 358.0, "ASSET_NAME": "FAIRMOUNT PARK", "TYPE": "Park", "AMENITIES": "Ball Diamond, Firepit, Outdoor Ping Pong/Table Tennis, Pickleball Court, Playground, Sports Field, Tennis Court", "ADDRESS": "1725 Gerrard St E", "PHONE": "None", "URL": "https://www.toronto.ca/explore-enjoy/parks-recreation/places-spaces/parks-and-recreation-facilities/location/?id=127" }, "geometry": { "type": "MultiPoint", "coordinates": [ [ -79.315724682808096, 43.675892788735801 ] ] } },
{ "type": "Feature", "properties": { "_id": 1066, "LOCATIONID": "210", "ASSET_ID": 889.0, "ASSET_NAME": "ROSEDALE PARK", "TYPE": "Park", "AMENITIES": "Ball Diamond, Outdoor Dry Pad, Outdoor Ping Pong/Table Tennis, Playground, Sports Field, Tennis Court, Washroom", "ADDRESS": "20 Scholfield Ave", "PHONE": "None", "URL": "https://www.toronto.ca/explore-enjoy/parks-recreation/places-spaces/parks-and-recreation-facilities/location/?id=210" }, "geometry": { "type": "MultiPoint", "coordinates": [ [ -79.378930679312901, 43.682779463392201 ] ] } },
{ "type": "Feature", "properties": { "_id": 1067, "LOCATIONID": "2096", "ASSET_ID": 1324.0, "ASSET_NAME": "GLADHURST PARK", "TYPE": "Park", "AMENITIES": "None", "ADDRESS": "2 Elhurst Crt", "PHONE": "None", "URL": "https://www.toronto.ca/explore-enjoy/parks-recreation/places-spaces/parks-and-recreation-facilities/location/?id=2096" }, "geometry": { "type": "MultiPoint", "coordinates": [ [ -79.491302253935501, 43.684846055887199 ] ] } },
{ "type": "Feature", "properties": { "_id": 1068, "LOCATIONID": "2570", "ASSET_ID": 1485.0, "ASSET_NAME": "ROSE VALLEY PARK", "TYPE": "Park", "AMENITIES": "None", "ADDRESS": "70 Black Creek Blvd", "PHONE": "None", "URL": "https://www.toronto.ca/explore-enjoy/parks-recreation/places-spaces/parks-and-recreation-facilities/location/?id=2570" }, "geometry": { "type": "MultiPoint", "coordinates": [ [ -79.500975067149895, 43.675915233986998 ] ] } },
{ "type": "Feature", "properties": { "_id": 1069, "LOCATIONID": "2672", "ASSET_ID": 1092.0, "ASSET_NAME": "WAYNE PARKETTE", "TYPE": "Park", "AMENITIES": "Playground", "ADDRESS": "50 Wayne Ave", "PHONE": "None", "URL": "https://www.toronto.ca/explore-enjoy/parks-recreation/places-spaces/parks-and-recreation-facilities/location/?id=2672" }, "geometry": { "type": "MultiPoint", "coordinates": [ [ -79.296240303185002, 43.739048181421097 ] ] } },
{ "type": "Feature", "properties": { "_id": 1070, "LOCATIONID": "3744", "ASSET_ID": 76604.0, "ASSET_NAME": "GLENGROVE AVE PARK", "TYPE": "Park", "AMENITIES": "None", "ADDRESS": "701 Glengrove Ave", "PHONE": "None", "URL": "https://www.toronto.ca/explore-enjoy/parks-recreation/places-spaces/parks-and-recreation-facilities/location/?id=3744" }, "geometry": { "type": "MultiPoint", "coordinates": [ [ -79.444847181400604, 43.710372332606703 ] ] } },
{ "type": "Feature", "properties": { "_id": 1071, "LOCATIONID": "2676", "ASSET_ID": 1112.0, "ASSET_NAME": "WESTON VILLAGE PARK", "TYPE": "Park", "AMENITIES": "Playground", "ADDRESS": "99 Oak Cres", "PHONE": "None", "URL": "https://www.toronto.ca/explore-enjoy/parks-recreation/places-spaces/parks-and-recreation-facilities/location/?id=2676" }, "geometry": { "type": "MultiPoint", "coordinates": [ [ -79.530138994242193, 43.7113927861297 ] ] } },
{ "type": "Feature", "properties": { "_id": 1072, "LOCATIONID": "2748", "ASSET_ID": 28823.0, "ASSET_NAME": "AVONSHIRE PARKETTE", "TYPE": "Park", "AMENITIES": "None", "ADDRESS": "1 A Oakburn Cres", "PHONE": "None", "URL": "https://www.toronto.ca/explore-enjoy/parks-recreation/places-spaces/parks-and-recreation-facilities/location/?id=2748" }, "geometry": { "type": "MultiPoint", "coordinates": [ [ -79.405847735996304, 43.758324397635803 ] ] } },
{ "type": "Feature", "properties": { "_id": 1073, "LOCATIONID": "3545", "ASSET_ID": 59608.0, "ASSET_NAME": "BEECROFT LINEAR PARK", "TYPE": "Park", "AMENITIES": "None", "ADDRESS": "510 Beecroft Rd", "PHONE": "None", "URL": "https://www.toronto.ca/explore-enjoy/parks-recreation/places-spaces/parks-and-recreation-facilities/location/?id=3545" }, "geometry": { "type": "MultiPoint", "coordinates": [ [ -79.417019221576595, 43.771492383013602 ] ] } },
{ "type": "Feature", "properties": { "_id": 1074, "LOCATIONID": "1059", "ASSET_ID": 306.0, "ASSET_NAME": "DUNN AVENUE PARKETTE", "TYPE": "Park", "AMENITIES": "None", "ADDRESS": "225 Dunn Ave", "PHONE": "None", "URL": "https://www.toronto.ca/explore-enjoy/parks-recreation/places-spaces/parks-and-recreation-facilities/location/?id=1059" }, "geometry": { "type": "MultiPoint", "coordinates": [ [ -79.433471710810394, 43.6394939983686 ] ] } },
{ "type": "Feature", "properties": { "_id": 1075, "LOCATIONID": "867", "ASSET_ID": 895.0, "ASSET_NAME": "ROTARY PEACE PARK", "TYPE": "Park", "AMENITIES": "Ball Diamond, Pickleball Court, Playground, Tennis Court, Washroom", "ADDRESS": "25 Eleventh St", "PHONE": "None", "URL": "https://www.toronto.ca/explore-enjoy/parks-recreation/places-spaces/parks-and-recreation-facilities/location/?id=867" }, "geometry": { "type": "MultiPoint", "coordinates": [ [ -79.506869287049199, 43.594762765443399 ] ] } },
{ "type": "Feature", "properties": { "_id": 1076, "LOCATIONID": "975", "ASSET_ID": 641.0, "ASSET_NAME": "LLOYD MANOR PARK", "TYPE": "Park", "AMENITIES": "Playground", "ADDRESS": "147 Lloyd Manor Rd", "PHONE": "None", "URL": "https://www.toronto.ca/explore-enjoy/parks-recreation/places-spaces/parks-and-recreation-facilities/location/?id=975" }, "geometry": { "type": "MultiPoint", "coordinates": [ [ -79.554090940197398, 43.672209161361003 ] ] } },
{ "type": "Feature", "properties": { "_id": 1077, "LOCATIONID": "2374", "ASSET_ID": 183.0, "ASSET_NAME": "CHARLES SAURIOL PARKETTE", "TYPE": "Park", "AMENITIES": "None", "ADDRESS": "4 Hillside Dr", "PHONE": "None", "URL": "https://www.toronto.ca/explore-enjoy/parks-recreation/places-spaces/parks-and-recreation-facilities/location/?id=2374" }, "geometry": { "type": "MultiPoint", "coordinates": [ [ -79.356785913433498, 43.685589266663399 ] ] } },
{ "type": "Feature", "properties": { "_id": 1078, "LOCATIONID": "151", "ASSET_ID": 544.0, "ASSET_NAME": "JEAN SIBELIUS SQUARE", "TYPE": "Park", "AMENITIES": "Picnic Site, Playground, Washroom", "ADDRESS": "50 Kendal Ave", "PHONE": "None", "URL": "https://www.toronto.ca/explore-enjoy/parks-recreation/places-spaces/parks-and-recreation-facilities/location/?id=151" }, "geometry": { "type": "MultiPoint", "coordinates": [ [ -79.408796151893895, 43.671447673572601 ] ] } },
{ "type": "Feature", "properties": { "_id": 1079, "LOCATIONID": "315", "ASSET_ID": 835.0, "ASSET_NAME": "PRIMROSE AVENUE PARKETTE", "TYPE": "Park", "AMENITIES": "Playground", "ADDRESS": "120 Primrose Ave", "PHONE": "None", "URL": "https://www.toronto.ca/explore-enjoy/parks-recreation/places-spaces/parks-and-recreation-facilities/location/?id=315" }, "geometry": { "type": "MultiPoint", "coordinates": [ [ -79.446439284560398, 43.6714914651714 ] ] } },
{ "type": "Feature", "properties": { "_id": 1080, "LOCATIONID": "2651", "ASSET_ID": 1544.0, "ASSET_NAME": "TOURAINE PARKETTE", "TYPE": "Park", "AMENITIES": "None", "ADDRESS": "12 Touraine Ave", "PHONE": "None", "URL": "https://www.toronto.ca/explore-enjoy/parks-recreation/places-spaces/parks-and-recreation-facilities/location/?id=2651" }, "geometry": { "type": "MultiPoint", "coordinates": [ [ -79.439673945342307, 43.733910493341099 ] ] } },
{ "type": "Feature", "properties": { "_id": 1081, "LOCATIONID": "2660", "ASSET_ID": 1073.0, "ASSET_NAME": "VEROBEACH PARKETTE", "TYPE": "Park", "AMENITIES": "Playground", "ADDRESS": "135 Verobeach Blvd", "PHONE": "None", "URL": "https://www.toronto.ca/explore-enjoy/parks-recreation/places-spaces/parks-and-recreation-facilities/location/?id=2660" }, "geometry": { "type": "MultiPoint", "coordinates": [ [ -79.543950449554899, 43.735069193114299 ] ] } },
{ "type": "Feature", "properties": { "_id": 1082, "LOCATIONID": "2433", "ASSET_ID": 610.0, "ASSET_NAME": "LAURENTIDE PARK", "TYPE": "Park", "AMENITIES": "None", "ADDRESS": "110 Laurentide Dr", "PHONE": "None", "URL": "https://www.toronto.ca/explore-enjoy/parks-recreation/places-spaces/parks-and-recreation-facilities/location/?id=2433" }, "geometry": { "type": "MultiPoint", "coordinates": [ [ -79.335770183920999, 43.755507917173702 ] ] } },
{ "type": "Feature", "properties": { "_id": 1083, "LOCATIONID": "939", "ASSET_ID": 32.0, "ASSET_NAME": "AMOS WAITES PARK", "TYPE": "Park", "AMENITIES": "Outdoor Ping Pong/Table Tennis, Playground, Washroom", "ADDRESS": "2441 Lake Shore Blvd W", "PHONE": "None", "URL": "https://www.toronto.ca/explore-enjoy/parks-recreation/places-spaces/parks-and-recreation-facilities/location/?id=939" }, "geometry": { "type": "MultiPoint", "coordinates": [ [ -79.488323310603903, 43.6133543704603 ] ] } },
{ "type": "Feature", "properties": { "_id": 1084, "LOCATIONID": "1955", "ASSET_ID": 505.0, "ASSET_NAME": "HUMBER ARBORETUM", "TYPE": "Park", "AMENITIES": "Cricket Pitch Field, Outdoor Fitness Equipment, Sports Field", "ADDRESS": "955 Humberwood Blvd", "PHONE": "None", "URL": "https://www.toronto.ca/explore-enjoy/parks-recreation/places-spaces/parks-and-recreation-facilities/location/?id=1955" }, "geometry": { "type": "MultiPoint", "coordinates": [ [ -79.613116306957494, 43.727138031172103 ] ] } },
{ "type": "Feature", "properties": { "_id": 1085, "LOCATIONID": "554", "ASSET_ID": 337.0, "ASSET_NAME": "ELM PARK - ETOBICOKE", "TYPE": "Park", "AMENITIES": "Playground, Sports Field", "ADDRESS": "230 Gosford Blvd", "PHONE": "None", "URL": "https://www.toronto.ca/explore-enjoy/parks-recreation/places-spaces/parks-and-recreation-facilities/location/?id=554" }, "geometry": { "type": "MultiPoint", "coordinates": [ [ -79.525221642867393, 43.7698864155712 ] ] } },
{ "type": "Feature", "properties": { "_id": 1086, "LOCATIONID": "421", "ASSET_ID": 994.0, "ASSET_NAME": "STAN WADLOW PARK", "TYPE": "Park", "AMENITIES": "Ball Diamond, Dog Off-Leash Area, Outdoor Ping Pong/Table Tennis, Playground, Skateboarding, Sports Field, Washroom", "ADDRESS": "888 Cosburn Ave", "PHONE": "None", "URL": "https://www.toronto.ca/explore-enjoy/parks-recreation/places-spaces/parks-and-recreation-facilities/location/?id=421" }, "geometry": { "type": "MultiPoint", "coordinates": [ [ -79.314053578430602, 43.698367168222703 ] ] } },
{ "type": "Feature", "properties": { "_id": 1087, "LOCATIONID": "2192", "ASSET_ID": 1815.0, "ASSET_NAME": "JANE OSLER PARK", "TYPE": "Park", "AMENITIES": "None", "ADDRESS": " CARTWRIGHT AVE", "PHONE": "None", "URL": "https://www.toronto.ca/explore-enjoy/parks-recreation/places-spaces/parks-and-recreation-facilities/location/?id=2192" }, "geometry": { "type": "MultiPoint", "coordinates": [ [ -79.460012239661694, 43.723368014450102 ] ] } },
{ "type": "Feature", "properties": { "_id": 1088, "LOCATIONID": "2389", "ASSET_ID": 1683.0, "ASSET_NAME": "CHAUNCEY - ISLINGTON PARKETTE", "TYPE": "Park", "AMENITIES": "None", "ADDRESS": "1116 Islington Ave", "PHONE": "None", "URL": "https://www.toronto.ca/explore-enjoy/parks-recreation/places-spaces/parks-and-recreation-facilities/location/?id=2389" }, "geometry": { "type": "MultiPoint", "coordinates": [ [ -79.521118880236997, 43.637765399424502 ] ] } },
{ "type": "Feature", "properties": { "_id": 1089, "LOCATIONID": "3703", "ASSET_ID": 58889.0, "ASSET_NAME": "PESSOA PARK", "TYPE": "Park", "AMENITIES": "None", "ADDRESS": "405 Dufferin St", "PHONE": "None", "URL": "https://www.toronto.ca/explore-enjoy/parks-recreation/places-spaces/parks-and-recreation-facilities/location/?id=3703" }, "geometry": { "type": "MultiPoint", "coordinates": [ [ -79.428699892568204, 43.643410518505 ] ] } },
{ "type": "Feature", "properties": { "_id": 1090, "LOCATIONID": "2249", "ASSET_ID": 425.0, "ASSET_NAME": "GLEN SHEPPARD PARK", "TYPE": "Park", "AMENITIES": "Playground, Sports Field", "ADDRESS": "905 Danforth Rd", "PHONE": "None", "URL": "https://www.toronto.ca/explore-enjoy/parks-recreation/places-spaces/parks-and-recreation-facilities/location/?id=2249" }, "geometry": { "type": "MultiPoint", "coordinates": [ [ -79.250132243138694, 43.727618732177902 ] ] } },
{ "type": "Feature", "properties": { "_id": 1091, "LOCATIONID": "632", "ASSET_ID": 175.0, "ASSET_NAME": "CHALKFARM PARK", "TYPE": "Park", "AMENITIES": "Outdoor Fitness Equipment, Pickleball Court, Playground, Tennis Court", "ADDRESS": "2230 Jane St", "PHONE": "None", "URL": "https://www.toronto.ca/explore-enjoy/parks-recreation/places-spaces/parks-and-recreation-facilities/location/?id=632" }, "geometry": { "type": "MultiPoint", "coordinates": [ [ -79.516138862417094, 43.726963970539998 ] ] } },
{ "type": "Feature", "properties": { "_id": 1092, "LOCATIONID": "2236", "ASSET_ID": 238.0, "ASSET_NAME": "COXWELL AVENUE PARKETTE", "TYPE": "Park", "AMENITIES": "Basketball Court", "ADDRESS": "429 Coxwell Ave", "PHONE": "None", "URL": "https://www.toronto.ca/explore-enjoy/parks-recreation/places-spaces/parks-and-recreation-facilities/location/?id=2236" }, "geometry": { "type": "MultiPoint", "coordinates": [ [ -79.320726547160405, 43.677893661242003 ] ] } },
{ "type": "Feature", "properties": { "_id": 1093, "LOCATIONID": "216", "ASSET_ID": 1018.0, "ASSET_NAME": "SYMINGTON AVENUE PLAYGROUND", "TYPE": "Park", "AMENITIES": "Ball Diamond, Outdoor Fitness Equipment, Outdoor Ping Pong/Table Tennis, Tennis Court", "ADDRESS": "431 Perth Ave", "PHONE": "None", "URL": "https://www.toronto.ca/explore-enjoy/parks-recreation/places-spaces/parks-and-recreation-facilities/location/?id=216" }, "geometry": { "type": "MultiPoint", "coordinates": [ [ -79.452285682419898, 43.666706102709 ] ] } },
{ "type": "Feature", "properties": { "_id": 1094, "LOCATIONID": "147", "ASSET_ID": 155.0, "ASSET_NAME": "CARLTON PARK", "TYPE": "Park", "AMENITIES": "Basketball Court, Firepit, Playground", "ADDRESS": "20 Edith Ave", "PHONE": "None", "URL": "https://www.toronto.ca/explore-enjoy/parks-recreation/places-spaces/parks-and-recreation-facilities/location/?id=147" }, "geometry": { "type": "MultiPoint", "coordinates": [ [ -79.4554776121538, 43.666562243928198 ] ] } },
{ "type": "Feature", "properties": { "_id": 1095, "LOCATIONID": "257", "ASSET_ID": 1079.0, "ASSET_NAME": "VINE AVENUE PLAYGROUND", "TYPE": "Park", "AMENITIES": "Basketball Court, Playground", "ADDRESS": "200 Vine Ave", "PHONE": "None", "URL": "https://www.toronto.ca/explore-enjoy/parks-recreation/places-spaces/parks-and-recreation-facilities/location/?id=257" }, "geometry": { "type": "MultiPoint", "coordinates": [ [ -79.470482871023407, 43.6669855033985 ] ] } },
{ "type": "Feature", "properties": { "_id": 1096, "LOCATIONID": "2744", "ASSET_ID": 31982.0, "ASSET_NAME": "TORONTO ISLANDS - ALGONQUIN ISLAND PARK", "TYPE": "Park", "AMENITIES": "None", "ADDRESS": "9 Queens Quay W", "PHONE": "None", "URL": "https://www.toronto.ca/explore-enjoy/parks-recreation/places-spaces/parks-and-recreation-facilities/location/?id=2744" }, "geometry": { "type": "MultiPoint", "coordinates": [ [ -79.362052509902995, 43.625812159689303 ] ] } },
{ "type": "Feature", "properties": { "_id": 1097, "LOCATIONID": "853", "ASSET_ID": 719.0, "ASSET_NAME": "MILLWOOD PARK", "TYPE": "Park", "AMENITIES": "Ball Diamond, Pickleball Court, Playground, Tennis Court, Washroom", "ADDRESS": "4370 Bloor St W", "PHONE": "None", "URL": "https://www.toronto.ca/explore-enjoy/parks-recreation/places-spaces/parks-and-recreation-facilities/location/?id=853" }, "geometry": { "type": "MultiPoint", "coordinates": [ [ -79.578437013391905, 43.631764457190201 ] ] } },
{ "type": "Feature", "properties": { "_id": 1098, "LOCATIONID": "2523", "ASSET_ID": 808.0, "ASSET_NAME": "PEAREN PARK", "TYPE": "Park", "AMENITIES": "Ball Diamond, Playground", "ADDRESS": "30 Pearen St", "PHONE": "None", "URL": "https://www.toronto.ca/explore-enjoy/parks-recreation/places-spaces/parks-and-recreation-facilities/location/?id=2523" }, "geometry": { "type": "MultiPoint", "coordinates": [ [ -79.493440008732307, 43.686676776030097 ] ] } },
{ "type": "Feature", "properties": { "_id": 1099, "LOCATIONID": "1896", "ASSET_ID": 1512.0, "ASSET_NAME": "SOUTH MARINE DRIVE PARK", "TYPE": "Park", "AMENITIES": "None", "ADDRESS": "5 Rogate Pl", "PHONE": "None", "URL": "https://www.toronto.ca/explore-enjoy/parks-recreation/places-spaces/parks-and-recreation-facilities/location/?id=1896" }, "geometry": { "type": "MultiPoint", "coordinates": [ [ -79.201583713045906, 43.737477253352203 ] ] } },
{ "type": "Feature", "properties": { "_id": 1100, "LOCATIONID": "1860", "ASSET_ID": 946.0, "ASSET_NAME": "SHERBOURNE COMMON", "TYPE": "Park", "AMENITIES": "Playground, Washroom", "ADDRESS": "5 Lower Sherbourne St", "PHONE": "None", "URL": "https://www.toronto.ca/explore-enjoy/parks-recreation/places-spaces/parks-and-recreation-facilities/location/?id=1860" }, "geometry": { "type": "MultiPoint", "coordinates": [ [ -79.364947753167797, 43.644884787286301 ] ] } },
{ "type": "Feature", "properties": { "_id": 1101, "LOCATIONID": "301", "ASSET_ID": 547.0, "ASSET_NAME": "JENNIFER KATERYNA KOVAL'S'KYJ PARK", "TYPE": "Park", "AMENITIES": "None", "ADDRESS": "2 Polson St", "PHONE": "None", "URL": "https://www.toronto.ca/explore-enjoy/parks-recreation/places-spaces/parks-and-recreation-facilities/location/?id=301" }, "geometry": { "type": "MultiPoint", "coordinates": [ [ -79.355239759562707, 43.641044685783598 ] ] } },
{ "type": "Feature", "properties": { "_id": 1102, "LOCATIONID": "399", "ASSET_ID": 397.0, "ASSET_NAME": "GARRISON COMMON", "TYPE": "Park", "AMENITIES": "None", "ADDRESS": "100 Garrison Rd", "PHONE": "None", "URL": "https://www.toronto.ca/explore-enjoy/parks-recreation/places-spaces/parks-and-recreation-facilities/location/?id=399" }, "geometry": { "type": "MultiPoint", "coordinates": [ [ -79.407105706175003, 43.638461437510699 ] ] } },
{ "type": "Feature", "properties": { "_id": 1103, "LOCATIONID": "2219", "ASSET_ID": 1241.0, "ASSET_NAME": "COBBLE HILLS PARKETTE", "TYPE": "Park", "AMENITIES": "None", "ADDRESS": "6 Cobble Hills", "PHONE": "None", "URL": "https://www.toronto.ca/explore-enjoy/parks-recreation/places-spaces/parks-and-recreation-facilities/location/?id=2219" }, "geometry": { "type": "MultiPoint", "coordinates": [ [ -79.522967950017403, 43.672838690763299 ] ] } },
{ "type": "Feature", "properties": { "_id": 1104, "LOCATIONID": "2594", "ASSET_ID": 398.0, "ASSET_NAME": "GARRISON CREEK PARK", "TYPE": "Park", "AMENITIES": "None", "ADDRESS": "1090 Shaw St", "PHONE": "None", "URL": "https://www.toronto.ca/explore-enjoy/parks-recreation/places-spaces/parks-and-recreation-facilities/location/?id=2594" }, "geometry": { "type": "MultiPoint", "coordinates": [ [ -79.428282318482303, 43.671438147338201 ] ] } },
{ "type": "Feature", "properties": { "_id": 1105, "LOCATIONID": "871", "ASSET_ID": 1010.0, "ASSET_NAME": "SUNNYDALE ACRES PARK", "TYPE": "Park", "AMENITIES": "Ball Diamond, Playground, Tennis Court, Washroom", "ADDRESS": "50 Amoro Dr", "PHONE": "None", "URL": "https://www.toronto.ca/explore-enjoy/parks-recreation/places-spaces/parks-and-recreation-facilities/location/?id=871" }, "geometry": { "type": "MultiPoint", "coordinates": [ [ -79.578525271143803, 43.7240965975286 ] ] } },
{ "type": "Feature", "properties": { "_id": 1106, "LOCATIONID": "2547", "ASSET_ID": 1091.0, "ASSET_NAME": "WATER'S EDGE PROMENADE", "TYPE": "Park", "AMENITIES": "Beach", "ADDRESS": "115 Queens Quay E", "PHONE": "None", "URL": "https://www.toronto.ca/explore-enjoy/parks-recreation/places-spaces/parks-and-recreation-facilities/location/?id=2547" }, "geometry": { "type": "MultiPoint", "coordinates": [ [ -79.364227361231798, 43.643897410853803 ] ] } },
{ "type": "Feature", "properties": { "_id": 1107, "LOCATIONID": "505", "ASSET_ID": 57.0, "ASSET_NAME": "MICHAEL MOSTYN BALMORAL PARK", "TYPE": "Park", "AMENITIES": "Outdoor Fitness Equipment, Pickleball Court, Playground, Tennis Court", "ADDRESS": "170 Faywood Blvd", "PHONE": "None", "URL": "https://www.toronto.ca/explore-enjoy/parks-recreation/places-spaces/parks-and-recreation-facilities/location/?id=505" }, "geometry": { "type": "MultiPoint", "coordinates": [ [ -79.449885797666497, 43.744863323167102 ] ] } },
{ "type": "Feature", "properties": { "_id": 1108, "LOCATIONID": "2516", "ASSET_ID": 1171.0, "ASSET_NAME": "ARTHUR DYSON PARKETTE", "TYPE": "Park", "AMENITIES": "None", "ADDRESS": "1404 Pape Ave", "PHONE": "None", "URL": "https://www.toronto.ca/explore-enjoy/parks-recreation/places-spaces/parks-and-recreation-facilities/location/?id=2516" }, "geometry": { "type": "MultiPoint", "coordinates": [ [ -79.350237298212804, 43.696374913268897 ] ] } },
{ "type": "Feature", "properties": { "_id": 1109, "LOCATIONID": "2531", "ASSET_ID": 1057.0, "ASSET_NAME": "JAMES TRIMBEE PARK", "TYPE": "Park", "AMENITIES": "Playground", "ADDRESS": "25 Plainfield Rd", "PHONE": "None", "URL": "https://www.toronto.ca/explore-enjoy/parks-recreation/places-spaces/parks-and-recreation-facilities/location/?id=2531" }, "geometry": { "type": "MultiPoint", "coordinates": [ [ -79.505513440828807, 43.699153624021001 ] ] } },
{ "type": "Feature", "properties": { "_id": 1110, "LOCATIONID": "59", "ASSET_ID": 421.0, "ASSET_NAME": "GLEN STEWART PARK", "TYPE": "Park", "AMENITIES": "Picnic Site", "ADDRESS": "351 Glen Manor Dr", "PHONE": "None", "URL": "https://www.toronto.ca/explore-enjoy/parks-recreation/places-spaces/parks-and-recreation-facilities/location/?id=59" }, "geometry": { "type": "MultiPoint", "coordinates": [ [ -79.292983334949696, 43.677750173645897 ] ] } },
{ "type": "Feature", "properties": { "_id": 1111, "LOCATIONID": "23", "ASSET_ID": 1402.0, "ASSET_NAME": "MAHER CIRCLE PARKETTE", "TYPE": "Park", "AMENITIES": "None", "ADDRESS": " MAHER AVE", "PHONE": "None", "URL": "https://www.toronto.ca/explore-enjoy/parks-recreation/places-spaces/parks-and-recreation-facilities/location/?id=23" }, "geometry": { "type": "MultiPoint", "coordinates": [ [ -79.478266815641902, 43.662580913076603 ] ] } },
{ "type": "Feature", "properties": { "_id": 1112, "LOCATIONID": "452", "ASSET_ID": 1398.0, "ASSET_NAME": "LUCY MAUD MONTGOMERY PARK", "TYPE": "Park", "AMENITIES": "None", "ADDRESS": "222 Riverside Dr", "PHONE": "None", "URL": "https://www.toronto.ca/explore-enjoy/parks-recreation/places-spaces/parks-and-recreation-facilities/location/?id=452" }, "geometry": { "type": "MultiPoint", "coordinates": [ [ -79.483452851305699, 43.642425697672103 ] ] } },
{ "type": "Feature", "properties": { "_id": 1113, "LOCATIONID": "2519", "ASSET_ID": 51.0, "ASSET_NAME": "ASQUITH GREEN PARK", "TYPE": "Park", "AMENITIES": "None", "ADDRESS": "19 Park Rd", "PHONE": "None", "URL": "https://www.toronto.ca/explore-enjoy/parks-recreation/places-spaces/parks-and-recreation-facilities/location/?id=2519" }, "geometry": { "type": "MultiPoint", "coordinates": [ [ -79.384351906956695, 43.671947994122199 ] ] } },
{ "type": "Feature", "properties": { "_id": 1114, "LOCATIONID": "735", "ASSET_ID": 837.0, "ASSET_NAME": "PRINCE CHARLES PARK", "TYPE": "Park", "AMENITIES": "Playground", "ADDRESS": "36 Prince Charles Dr", "PHONE": "None", "URL": "https://www.toronto.ca/explore-enjoy/parks-recreation/places-spaces/parks-and-recreation-facilities/location/?id=735" }, "geometry": { "type": "MultiPoint", "coordinates": [ [ -79.435717275540597, 43.722656879250998 ] ] } },
{ "type": "Feature", "properties": { "_id": 1115, "LOCATIONID": "445", "ASSET_ID": 1141.0, "ASSET_NAME": "WOBURN AVENUE PLAYGROUND", "TYPE": "Park", "AMENITIES": "Playground, Washroom", "ADDRESS": "75 Woburn Ave", "PHONE": "None", "URL": "https://www.toronto.ca/explore-enjoy/parks-recreation/places-spaces/parks-and-recreation-facilities/location/?id=445" }, "geometry": { "type": "MultiPoint", "coordinates": [ [ -79.406079800893707, 43.727434184558398 ] ] } },
{ "type": "Feature", "properties": { "_id": 1116, "LOCATIONID": "2546", "ASSET_ID": 1049.0, "ASSET_NAME": "TORONTO WATERFRONT PARK", "TYPE": "Park", "AMENITIES": "None", "ADDRESS": " ROBERTSON CRES", "PHONE": "None", "URL": "https://www.toronto.ca/explore-enjoy/parks-recreation/places-spaces/parks-and-recreation-facilities/location/?id=2546" }, "geometry": { "type": "MultiPoint", "coordinates": [ [ -79.380055544842406, 43.639765867788697 ] ] } },
{ "type": "Feature", "properties": { "_id": 1117, "LOCATIONID": "2021", "ASSET_ID": 876.0, "ASSET_NAME": "RITA COX PARK", "TYPE": "Park", "AMENITIES": "Playground", "ADDRESS": "14 Machells Ave", "PHONE": "None", "URL": "https://www.toronto.ca/explore-enjoy/parks-recreation/places-spaces/parks-and-recreation-facilities/location/?id=2021" }, "geometry": { "type": "MultiPoint", "coordinates": [ [ -79.425574455425306, 43.640134114405299 ] ] } },
{ "type": "Feature", "properties": { "_id": 1118, "LOCATIONID": "2545", "ASSET_ID": 863.0, "ASSET_NAME": "REES STREET PARKETTE", "TYPE": "Park", "AMENITIES": "Playground", "ADDRESS": "238 Queens Quay W", "PHONE": "None", "URL": "https://www.toronto.ca/explore-enjoy/parks-recreation/places-spaces/parks-and-recreation-facilities/location/?id=2545" }, "geometry": { "type": "MultiPoint", "coordinates": [ [ -79.384639138719706, 43.639554128998398 ] ] } },
{ "type": "Feature", "properties": { "_id": 1119, "LOCATIONID": "2156", "ASSET_ID": 120.0, "ASSET_NAME": "BOSWELL PARKETTE", "TYPE": "Park", "AMENITIES": "None", "ADDRESS": "2 Boswell Ave", "PHONE": "None", "URL": "https://www.toronto.ca/explore-enjoy/parks-recreation/places-spaces/parks-and-recreation-facilities/location/?id=2156" }, "geometry": { "type": "MultiPoint", "coordinates": [ [ -79.395925294311795, 43.672612694229201 ] ] } },
{ "type": "Feature", "properties": { "_id": 1120, "LOCATIONID": "458", "ASSET_ID": 1545.0, "ASSET_NAME": "TOWN HALL SQUARE", "TYPE": "Park", "AMENITIES": "None", "ADDRESS": "20 Yorkville Ave", "PHONE": "None", "URL": "https://www.toronto.ca/explore-enjoy/parks-recreation/places-spaces/parks-and-recreation-facilities/location/?id=458" }, "geometry": { "type": "MultiPoint", "coordinates": [ [ -79.3882843880466, 43.672039433836296 ] ] } },
{ "type": "Feature", "properties": { "_id": 1121, "LOCATIONID": "2286", "ASSET_ID": 1289.0, "ASSET_NAME": "EDINBOROUGH PARK", "TYPE": "Park", "AMENITIES": "None", "ADDRESS": "94 Edinborough Crt", "PHONE": "None", "URL": "https://www.toronto.ca/explore-enjoy/parks-recreation/places-spaces/parks-and-recreation-facilities/location/?id=2286" }, "geometry": { "type": "MultiPoint", "coordinates": [ [ -79.499957500785001, 43.673403986057103 ] ] } },
{ "type": "Feature", "properties": { "_id": 1122, "LOCATIONID": "1077", "ASSET_ID": 573.0, "ASSET_NAME": "KEMPTON HOWARD PARK", "TYPE": "Park", "AMENITIES": "Ball Diamond, Outdoor Ping Pong/Table Tennis, Playground", "ADDRESS": "150 Blake St", "PHONE": "None", "URL": "https://www.toronto.ca/explore-enjoy/parks-recreation/places-spaces/parks-and-recreation-facilities/location/?id=1077" }, "geometry": { "type": "MultiPoint", "coordinates": [ [ -79.340491593811294, 43.675879029877898 ] ] } },
{ "type": "Feature", "properties": { "_id": 1123, "LOCATIONID": "220", "ASSET_ID": 214.0, "ASSET_NAME": "COLEMAN PARK", "TYPE": "Park", "AMENITIES": "Outdoor Ping Pong/Table Tennis, Playground, Tennis Court", "ADDRESS": "19 Coleman Ave", "PHONE": "None", "URL": "https://www.toronto.ca/explore-enjoy/parks-recreation/places-spaces/parks-and-recreation-facilities/location/?id=220" }, "geometry": { "type": "MultiPoint", "coordinates": [ [ -79.299813289644902, 43.689399200352199 ] ] } },
{ "type": "Feature", "properties": { "_id": 1124, "LOCATIONID": "47", "ASSET_ID": 33.0, "ASSET_NAME": "AMSTERDAM SQUARE", "TYPE": "Park", "AMENITIES": "None", "ADDRESS": "525 Avenue Rd", "PHONE": "None", "URL": "https://www.toronto.ca/explore-enjoy/parks-recreation/places-spaces/parks-and-recreation-facilities/location/?id=47" }, "geometry": { "type": "MultiPoint", "coordinates": [ [ -79.401060803581402, 43.687010562825897 ] ] } },
{ "type": "Feature", "properties": { "_id": 1125, "LOCATIONID": "136", "ASSET_ID": 1397.0, "ASSET_NAME": "LOVE CRESCENT PARKETTE", "TYPE": "Park", "AMENITIES": "None", "ADDRESS": "16 Love Cres", "PHONE": "None", "URL": "https://www.toronto.ca/explore-enjoy/parks-recreation/places-spaces/parks-and-recreation-facilities/location/?id=136" }, "geometry": { "type": "MultiPoint", "coordinates": [ [ -79.303570217873997, 43.679051030543299 ] ] } },
{ "type": "Feature", "properties": { "_id": 1126, "LOCATIONID": "1901", "ASSET_ID": 100.0, "ASSET_NAME": "BILL JOHNSTON PARK", "TYPE": "Park", "AMENITIES": "Dog Off-Leash Area", "ADDRESS": "65 Western Battery Rd", "PHONE": "None", "URL": "https://www.toronto.ca/explore-enjoy/parks-recreation/places-spaces/parks-and-recreation-facilities/location/?id=1901" }, "geometry": { "type": "MultiPoint", "coordinates": [ [ -79.413738600335805, 43.640094408225998 ] ] } },
{ "type": "Feature", "properties": { "_id": 1127, "LOCATIONID": "2708", "ASSET_ID": 151.0, "ASSET_NAME": "CANOE LANDING", "TYPE": "Park", "AMENITIES": "Dog Off-Leash Area, Sports Field", "ADDRESS": "95 Fort York Blvd", "PHONE": "None", "URL": "https://www.toronto.ca/explore-enjoy/parks-recreation/places-spaces/parks-and-recreation-facilities/location/?id=2708" }, "geometry": { "type": "MultiPoint", "coordinates": [ [ -79.396323630107005, 43.6389753006818 ] ] } },
{ "type": "Feature", "properties": { "_id": 1128, "LOCATIONID": "650", "ASSET_ID": 449.0, "ASSET_NAME": "GULLIVER PARK", "TYPE": "Park", "AMENITIES": "Ball Diamond, Outdoor Fitness Equipment, Playground", "ADDRESS": "55 Gulliver Rd", "PHONE": "None", "URL": "https://www.toronto.ca/explore-enjoy/parks-recreation/places-spaces/parks-and-recreation-facilities/location/?id=650" }, "geometry": { "type": "MultiPoint", "coordinates": [ [ -79.479794535130296, 43.6981523784847 ] ] } },
{ "type": "Feature", "properties": { "_id": 1129, "LOCATIONID": "508", "ASSET_ID": 1111.0, "ASSET_NAME": "WESTON LIONS PARK", "TYPE": "Park", "AMENITIES": "Ball Diamond, Basketball Court, Playground, Skateboarding, Sports Field, Tennis Court, Washroom", "ADDRESS": "2125 Lawrence Ave W", "PHONE": "None", "URL": "https://www.toronto.ca/explore-enjoy/parks-recreation/places-spaces/parks-and-recreation-facilities/location/?id=508" }, "geometry": { "type": "MultiPoint", "coordinates": [ [ -79.517539023200399, 43.697943709843202 ] ] } },
{ "type": "Feature", "properties": { "_id": 1130, "LOCATIONID": "238", "ASSET_ID": 1059.0, "ASSET_NAME": "TRINITY SQUARE", "TYPE": "Park", "AMENITIES": "None", "ADDRESS": "19 Trinity Sq", "PHONE": "None", "URL": "https://www.toronto.ca/explore-enjoy/parks-recreation/places-spaces/parks-and-recreation-facilities/location/?id=238" }, "geometry": { "type": "MultiPoint", "coordinates": [ [ -79.381869944950907, 43.654515990391303 ] ] } },
{ "type": "Feature", "properties": { "_id": 1131, "LOCATIONID": "1923", "ASSET_ID": 158.0, "ASSET_NAME": "CASHMAN PARK", "TYPE": "Park", "AMENITIES": "Playground", "ADDRESS": "4 Langmuir Cres", "PHONE": "None", "URL": "https://www.toronto.ca/explore-enjoy/parks-recreation/places-spaces/parks-and-recreation-facilities/location/?id=1923" }, "geometry": { "type": "MultiPoint", "coordinates": [ [ -79.493722768924698, 43.655640382390999 ] ] } },
{ "type": "Feature", "properties": { "_id": 1132, "LOCATIONID": "841", "ASSET_ID": 346.0, "ASSET_NAME": "ESTHER LORRIE PARK", "TYPE": "Park", "AMENITIES": "Ball Diamond, Sports Field, Washroom", "ADDRESS": "50 Westhumber Blvd", "PHONE": "None", "URL": "https://www.toronto.ca/explore-enjoy/parks-recreation/places-spaces/parks-and-recreation-facilities/location/?id=841" }, "geometry": { "type": "MultiPoint", "coordinates": [ [ -79.579414235651399, 43.727956939806901 ] ] } },
{ "type": "Feature", "properties": { "_id": 1133, "LOCATIONID": "2", "ASSET_ID": 117.0, "ASSET_NAME": "BLUFFER'S PARK", "TYPE": "Park", "AMENITIES": "Beach, Picnic Site, Washroom", "ADDRESS": "1 Brimley Rd S", "PHONE": "None", "URL": "https://www.toronto.ca/explore-enjoy/parks-recreation/places-spaces/parks-and-recreation-facilities/location/?id=2" }, "geometry": { "type": "MultiPoint", "coordinates": [ [ -79.233388104502893, 43.709353021865397 ] ] } },
{ "type": "Feature", "properties": { "_id": 1134, "LOCATIONID": "2723", "ASSET_ID": 974.0, "ASSET_NAME": "SPADINA PARK", "TYPE": "Park", "AMENITIES": "None", "ADDRESS": "486 Davenport Rd", "PHONE": "None", "URL": "https://www.toronto.ca/explore-enjoy/parks-recreation/places-spaces/parks-and-recreation-facilities/location/?id=2723" }, "geometry": { "type": "MultiPoint", "coordinates": [ [ -79.408419333815999, 43.678146030240697 ] ] } },
{ "type": "Feature", "properties": { "_id": 1135, "LOCATIONID": "3693", "ASSET_ID": 69582.0, "ASSET_NAME": "STANLEY GREENE PARK", "TYPE": "Park", "AMENITIES": "Basketball Court, Firepit, Outdoor Fitness Equipment, Pickleball Court, Playground, Skateboarding, Tennis Court, Washroom", "ADDRESS": "55 Stanley Greene Blvd", "PHONE": "None", "URL": "https://www.toronto.ca/explore-enjoy/parks-recreation/places-spaces/parks-and-recreation-facilities/location/?id=3693" }, "geometry": { "type": "MultiPoint", "coordinates": [ [ -79.477337118842499, 43.734495870130097 ] ] } },
{ "type": "Feature", "properties": { "_id": 1136, "LOCATIONID": "986", "ASSET_ID": 1078.0, "ASSET_NAME": "VIMY RIDGE PARKETTE", "TYPE": "Park", "AMENITIES": "None", "ADDRESS": "2546 Lake Shore Blvd W", "PHONE": "None", "URL": "https://www.toronto.ca/explore-enjoy/parks-recreation/places-spaces/parks-and-recreation-facilities/location/?id=986" }, "geometry": { "type": "MultiPoint", "coordinates": [ [ -79.490412844442602, 43.610453109386498 ] ] } },
{ "type": "Feature", "properties": { "_id": 1137, "LOCATIONID": "854", "ASSET_ID": 722.0, "ASSET_NAME": "MIMICO MEMORIAL PARK", "TYPE": "Park", "AMENITIES": "Ball Diamond, Playground, Tennis Court, Washroom", "ADDRESS": "75 Hillside Ave", "PHONE": "None", "URL": "https://www.toronto.ca/explore-enjoy/parks-recreation/places-spaces/parks-and-recreation-facilities/location/?id=854" }, "geometry": { "type": "MultiPoint", "coordinates": [ [ -79.493668321239397, 43.609813514756397 ] ] } },
{ "type": "Feature", "properties": { "_id": 1138, "LOCATIONID": "2331", "ASSET_ID": 1436.0, "ASSET_NAME": "NORTH MIMICO VALLEY PARK", "TYPE": "Park", "AMENITIES": "None", "ADDRESS": "145 Disco Rd", "PHONE": "None", "URL": "https://www.toronto.ca/explore-enjoy/parks-recreation/places-spaces/parks-and-recreation-facilities/location/?id=2331" }, "geometry": { "type": "MultiPoint", "coordinates": [ [ -79.603853250204907, 43.699022975328297 ] ] } },
{ "type": "Feature", "properties": { "_id": 1139, "LOCATIONID": "202", "ASSET_ID": 50.0, "ASSET_NAME": "ASHTONBEE RESERVOIR PARK", "TYPE": "Park", "AMENITIES": "Cricket Pitch Field, Sports Field, Washroom", "ADDRESS": "21 Ashtonbee Rd", "PHONE": "None", "URL": "https://www.toronto.ca/explore-enjoy/parks-recreation/places-spaces/parks-and-recreation-facilities/location/?id=202" }, "geometry": { "type": "MultiPoint", "coordinates": [ [ -79.295577328681702, 43.730259983347601 ] ] } },
{ "type": "Feature", "properties": { "_id": 1140, "LOCATIONID": "2131", "ASSET_ID": 76.0, "ASSET_NAME": "BEDFORD PARKETTE", "TYPE": "Park", "AMENITIES": "Playground", "ADDRESS": "443 Bedford Park Ave", "PHONE": "None", "URL": "https://www.toronto.ca/explore-enjoy/parks-recreation/places-spaces/parks-and-recreation-facilities/location/?id=2131" }, "geometry": { "type": "MultiPoint", "coordinates": [ [ -79.420607556516003, 43.723411498828597 ] ] } },
{ "type": "Feature", "properties": { "_id": 1141, "LOCATIONID": "1089", "ASSET_ID": 199.0, "ASSET_NAME": "NATHAN PHILLIPS SQUARE", "TYPE": "Park", "AMENITIES": "Playground, Washroom", "ADDRESS": "100 Queen St W", "PHONE": "None", "URL": "https://www.toronto.ca/explore-enjoy/parks-recreation/places-spaces/parks-and-recreation-facilities/location/?id=1089" }, "geometry": { "type": "MultiPoint", "coordinates": [ [ -79.383916341789501, 43.652825741980699 ] ] } },
{ "type": "Feature", "properties": { "_id": 1142, "LOCATIONID": "1096", "ASSET_ID": 255.0, "ASSET_NAME": "COXWELL COMMON", "TYPE": "Park", "AMENITIES": "None", "ADDRESS": "1555 Danforth Ave", "PHONE": "None", "URL": "https://www.toronto.ca/explore-enjoy/parks-recreation/places-spaces/parks-and-recreation-facilities/location/?id=1096" }, "geometry": { "type": "MultiPoint", "coordinates": [ [ -79.324020548412307, 43.682943654984001 ] ] } },
{ "type": "Feature", "properties": { "_id": 1143, "LOCATIONID": "530", "ASSET_ID": 890.0, "ASSET_NAME": "ROSEDALE RAVINE LANDS", "TYPE": "Park", "AMENITIES": "None", "ADDRESS": "450 Bloor St E", "PHONE": "None", "URL": "https://www.toronto.ca/explore-enjoy/parks-recreation/places-spaces/parks-and-recreation-facilities/location/?id=530" }, "geometry": { "type": "MultiPoint", "coordinates": [ [ -79.364192074288397, 43.671934534184302 ] ] } },
{ "type": "Feature", "properties": { "_id": 1144, "LOCATIONID": "2183", "ASSET_ID": 146.0, "ASSET_NAME": "CAIRNS AVENUE PARKETTE", "TYPE": "Park", "AMENITIES": "None", "ADDRESS": "93 Cairns Ave", "PHONE": "None", "URL": "https://www.toronto.ca/explore-enjoy/parks-recreation/places-spaces/parks-and-recreation-facilities/location/?id=2183" }, "geometry": { "type": "MultiPoint", "coordinates": [ [ -79.315482532040704, 43.671697313973397 ] ] } },
{ "type": "Feature", "properties": { "_id": 1145, "LOCATIONID": "988", "ASSET_ID": 221.0, "ASSET_NAME": "COLONY PARK", "TYPE": "Park", "AMENITIES": "Playground", "ADDRESS": "2100 Martin Grove Rd", "PHONE": "None", "URL": "https://www.toronto.ca/explore-enjoy/parks-recreation/places-spaces/parks-and-recreation-facilities/location/?id=988" }, "geometry": { "type": "MultiPoint", "coordinates": [ [ -79.598108622485995, 43.746905830446103 ] ] } },
{ "type": "Feature", "properties": { "_id": 1146, "LOCATIONID": "848", "ASSET_ID": 593.0, "ASSET_NAME": "LA ROSE PARK", "TYPE": "Park", "AMENITIES": "Playground, Sports Field", "ADDRESS": "65 La Rose Ave", "PHONE": "None", "URL": "https://www.toronto.ca/explore-enjoy/parks-recreation/places-spaces/parks-and-recreation-facilities/location/?id=848" }, "geometry": { "type": "MultiPoint", "coordinates": [ [ -79.517841630835406, 43.685572398972099 ] ] } },
{ "type": "Feature", "properties": { "_id": 1147, "LOCATIONID": "829", "ASSET_ID": 179.0, "ASSET_NAME": "CHARLES BRERETON PARK", "TYPE": "Park", "AMENITIES": "None", "ADDRESS": "306 Oakwood Ave", "PHONE": "None", "URL": "https://www.toronto.ca/explore-enjoy/parks-recreation/places-spaces/parks-and-recreation-facilities/location/?id=829" }, "geometry": { "type": "MultiPoint", "coordinates": [ [ -79.438352476953796, 43.6850574694774 ] ] } },
{ "type": "Feature", "properties": { "_id": 1148, "LOCATIONID": "2066", "ASSET_ID": 1510.0, "ASSET_NAME": "SIXTH STREET PARK", "TYPE": "Park", "AMENITIES": "None", "ADDRESS": "270 Sixth St", "PHONE": "None", "URL": "https://www.toronto.ca/explore-enjoy/parks-recreation/places-spaces/parks-and-recreation-facilities/location/?id=2066" }, "geometry": { "type": "MultiPoint", "coordinates": [ [ -79.506285060675793, 43.605518611580699 ] ] } },
{ "type": "Feature", "properties": { "_id": 1149, "LOCATIONID": "870", "ASSET_ID": 1007.0, "ASSET_NAME": "SUMMERLEA PARK", "TYPE": "Park", "AMENITIES": "Ball Diamond, Basketball Court, Cricket Pitch Field, Playground, Sports Field, Tennis Court, Washroom", "ADDRESS": "2 Arcot Blvd", "PHONE": "None", "URL": "https://www.toronto.ca/explore-enjoy/parks-recreation/places-spaces/parks-and-recreation-facilities/location/?id=870" }, "geometry": { "type": "MultiPoint", "coordinates": [ [ -79.548554013511804, 43.7306176078324 ] ] } },
{ "type": "Feature", "properties": { "_id": 1150, "LOCATIONID": "38", "ASSET_ID": 679.0, "ASSET_NAME": "MARIAN ENGEL PARK", "TYPE": "Park", "AMENITIES": "Playground", "ADDRESS": "285 Melita Ave", "PHONE": "None", "URL": "https://www.toronto.ca/explore-enjoy/parks-recreation/places-spaces/parks-and-recreation-facilities/location/?id=38" }, "geometry": { "type": "MultiPoint", "coordinates": [ [ -79.424166316003394, 43.673772766167303 ] ] } },
{ "type": "Feature", "properties": { "_id": 1151, "LOCATIONID": "3827", "ASSET_ID": 72662.0, "ASSET_NAME": "40 POWER ST PARK", "TYPE": "Park", "AMENITIES": "None", "ADDRESS": "48 Power St", "PHONE": "None", "URL": "https://www.toronto.ca/explore-enjoy/parks-recreation/places-spaces/parks-and-recreation-facilities/location/?id=3827" }, "geometry": { "type": "MultiPoint", "coordinates": [ [ -79.363010298928799, 43.654282873638003 ] ] } },
{ "type": "Feature", "properties": { "_id": 1152, "LOCATIONID": "995", "ASSET_ID": 1025.0, "ASSET_NAME": "TAMARISK PARK", "TYPE": "Park", "AMENITIES": "Playground", "ADDRESS": "47 Kiskadee Dr", "PHONE": "None", "URL": "https://www.toronto.ca/explore-enjoy/parks-recreation/places-spaces/parks-and-recreation-facilities/location/?id=995" }, "geometry": { "type": "MultiPoint", "coordinates": [ [ -79.598395689166793, 43.7334561606758 ] ] } },
{ "type": "Feature", "properties": { "_id": 1153, "LOCATIONID": "2550", "ASSET_ID": 851.0, "ASSET_NAME": "ELIJAH PARK", "TYPE": "Park", "AMENITIES": "Playground", "ADDRESS": "117 Rajah St", "PHONE": "None", "URL": "https://www.toronto.ca/explore-enjoy/parks-recreation/places-spaces/parks-and-recreation-facilities/location/?id=2550" }, "geometry": { "type": "MultiPoint", "coordinates": [ [ -79.436801152162801, 43.731430794134603 ] ] } },
{ "type": "Feature", "properties": { "_id": 1154, "LOCATIONID": "2356", "ASSET_ID": 1338.0, "ASSET_NAME": "GREY PARKETTE", "TYPE": "Park", "AMENITIES": "None", "ADDRESS": "122 Grey Rd", "PHONE": "None", "URL": "https://www.toronto.ca/explore-enjoy/parks-recreation/places-spaces/parks-and-recreation-facilities/location/?id=2356" }, "geometry": { "type": "MultiPoint", "coordinates": [ [ -79.422885701316403, 43.7312517877034 ] ] } },
{ "type": "Feature", "properties": { "_id": 1155, "LOCATIONID": "991", "ASSET_ID": 510.0, "ASSET_NAME": "HUMBER GATE PARK", "TYPE": "Park", "AMENITIES": "Playground", "ADDRESS": "47 Turnvale Rd", "PHONE": "None", "URL": "https://www.toronto.ca/explore-enjoy/parks-recreation/places-spaces/parks-and-recreation-facilities/location/?id=991" }, "geometry": { "type": "MultiPoint", "coordinates": [ [ -79.5902628091076, 43.7275047575651 ] ] } },
{ "type": "Feature", "properties": { "_id": 1156, "LOCATIONID": "2465", "ASSET_ID": 694.0, "ASSET_NAME": "MAYWOOD TOT LOT", "TYPE": "Park", "AMENITIES": "Playground, Sports Field", "ADDRESS": "33 Maywood Pk", "PHONE": "None", "URL": "https://www.toronto.ca/explore-enjoy/parks-recreation/places-spaces/parks-and-recreation-facilities/location/?id=2465" }, "geometry": { "type": "MultiPoint", "coordinates": [ [ -79.2713232074736, 43.723155649422701 ] ] } },
{ "type": "Feature", "properties": { "_id": 1157, "LOCATIONID": "255", "ASSET_ID": 1074.0, "ASSET_NAME": "VICTORIA MEMORIAL SQUARE PARK", "TYPE": "Park", "AMENITIES": "Playground", "ADDRESS": "10 Niagara St", "PHONE": "None", "URL": "https://www.toronto.ca/explore-enjoy/parks-recreation/places-spaces/parks-and-recreation-facilities/location/?id=255" }, "geometry": { "type": "MultiPoint", "coordinates": [ [ -79.400251242544897, 43.642675849276699 ] ] } },
{ "type": "Feature", "properties": { "_id": 1158, "LOCATIONID": "658", "ASSET_ID": 475.0, "ASSET_NAME": "HEATHROW PARK", "TYPE": "Park", "AMENITIES": "Playground", "ADDRESS": "69 Heathrow Dr", "PHONE": "None", "URL": "https://www.toronto.ca/explore-enjoy/parks-recreation/places-spaces/parks-and-recreation-facilities/location/?id=658" }, "geometry": { "type": "MultiPoint", "coordinates": [ [ -79.5075760932544, 43.7248180446188 ] ] } },
{ "type": "Feature", "properties": { "_id": 1159, "LOCATIONID": "1424", "ASSET_ID": 557.0, "ASSET_NAME": "ACADEMY SOCCER FIELD", "TYPE": "Park", "AMENITIES": "Sports Field", "ADDRESS": "115 Hobson Ave", "PHONE": "None", "URL": "https://www.toronto.ca/explore-enjoy/parks-recreation/places-spaces/parks-and-recreation-facilities/location/?id=1424" }, "geometry": { "type": "MultiPoint", "coordinates": [ [ -79.312556831229898, 43.722965465494802 ] ] } },
{ "type": "Feature", "properties": { "_id": 1160, "LOCATIONID": "307", "ASSET_ID": 832.0, "ASSET_NAME": "POTTERY PLAYGROUND", "TYPE": "Park", "AMENITIES": "Playground", "ADDRESS": "601 Merton St", "PHONE": "None", "URL": "https://www.toronto.ca/explore-enjoy/parks-recreation/places-spaces/parks-and-recreation-facilities/location/?id=307" }, "geometry": { "type": "MultiPoint", "coordinates": [ [ -79.378496897166599, 43.699507713555498 ] ] } },
{ "type": "Feature", "properties": { "_id": 1161, "LOCATIONID": "1471", "ASSET_ID": 928.0, "ASSET_NAME": "SCARLETT MILLS PARK", "TYPE": "Park", "AMENITIES": "Picnic Site, Tennis Court", "ADDRESS": "235 Edenbridge Dr", "PHONE": "None", "URL": "https://www.toronto.ca/explore-enjoy/parks-recreation/places-spaces/parks-and-recreation-facilities/location/?id=1471" }, "geometry": { "type": "MultiPoint", "coordinates": [ [ -79.510647193155194, 43.675747479745603 ] ] } },
{ "type": "Feature", "properties": { "_id": 1162, "LOCATIONID": "154", "ASSET_ID": 1222.0, "ASSET_NAME": "CASA LOMA PARKETTE", "TYPE": "Park", "AMENITIES": "None", "ADDRESS": "328 A Walmer Rd", "PHONE": "None", "URL": "https://www.toronto.ca/explore-enjoy/parks-recreation/places-spaces/parks-and-recreation-facilities/location/?id=154" }, "geometry": { "type": "MultiPoint", "coordinates": [ [ -79.410771207846295, 43.678969278375398 ] ] } },
{ "type": "Feature", "properties": { "_id": 1163, "LOCATIONID": "2102", "ASSET_ID": 883.0, "ASSET_NAME": "ROBERTSON DAVIES PARK", "TYPE": "Park", "AMENITIES": "None", "ADDRESS": "275 Avenue Rd", "PHONE": "None", "URL": "https://www.toronto.ca/explore-enjoy/parks-recreation/places-spaces/parks-and-recreation-facilities/location/?id=2102" }, "geometry": { "type": "MultiPoint", "coordinates": [ [ -79.397635863929295, 43.6785904316936 ] ] } },
{ "type": "Feature", "properties": { "_id": 1164, "LOCATIONID": "213", "ASSET_ID": 757.0, "ASSET_NAME": "NORDHEIMER RAVINE", "TYPE": "Park", "AMENITIES": "None", "ADDRESS": "326 Spadina Rd", "PHONE": "None", "URL": "https://www.toronto.ca/explore-enjoy/parks-recreation/places-spaces/parks-and-recreation-facilities/location/?id=213" }, "geometry": { "type": "MultiPoint", "coordinates": [ [ -79.412618741606906, 43.682939519289398 ] ] } },
{ "type": "Feature", "properties": { "_id": 1165, "LOCATIONID": "2230", "ASSET_ID": 2073.0, "ASSET_NAME": "FRED YOUNG PARK", "TYPE": "Park", "AMENITIES": "None", "ADDRESS": "440 Cook Rd", "PHONE": "None", "URL": "https://www.toronto.ca/explore-enjoy/parks-recreation/places-spaces/parks-and-recreation-facilities/location/?id=2230" }, "geometry": { "type": "MultiPoint", "coordinates": [ [ -79.505367276427094, 43.766958055873999 ] ] } },
{ "type": "Feature", "properties": { "_id": 1166, "LOCATIONID": "2632", "ASSET_ID": 1982.0, "ASSET_NAME": "SUNNYPOINT - NEILSON PARK", "TYPE": "Park", "AMENITIES": "None", "ADDRESS": "55 Sunnypoint Cres", "PHONE": "None", "URL": "https://www.toronto.ca/explore-enjoy/parks-recreation/places-spaces/parks-and-recreation-facilities/location/?id=2632" }, "geometry": { "type": "MultiPoint", "coordinates": [ [ -79.230121212372097, 43.7140168830379 ] ] } },
{ "type": "Feature", "properties": { "_id": 1167, "LOCATIONID": "2704", "ASSET_ID": 2042.0, "ASSET_NAME": "YORKMINSTER PARK BAPTIST CHURCH PARK", "TYPE": "Park", "AMENITIES": "None", "ADDRESS": "1585 Yonge St", "PHONE": "None", "URL": "https://www.toronto.ca/explore-enjoy/parks-recreation/places-spaces/parks-and-recreation-facilities/location/?id=2704" }, "geometry": { "type": "MultiPoint", "coordinates": [ [ -79.394593345760597, 43.690787398187197 ] ] } },
{ "type": "Feature", "properties": { "_id": 1168, "LOCATIONID": "837", "ASSET_ID": 1043.0, "ASSET_NAME": "TOM RILEY PARK", "TYPE": "Park", "AMENITIES": "Ball Diamond, Outdoor Dry Pad, Pickleball Court, Playground, Sports Field, Tennis Court, Washroom", "ADDRESS": "4725 Dundas St W", "PHONE": "None", "URL": "https://www.toronto.ca/explore-enjoy/parks-recreation/places-spaces/parks-and-recreation-facilities/location/?id=837" }, "geometry": { "type": "MultiPoint", "coordinates": [ [ -79.521778593165706, 43.648457052218703 ] ] } },
{ "type": "Feature", "properties": { "_id": 1169, "LOCATIONID": "2639", "ASSET_ID": 409.0, "ASSET_NAME": "GIOVANNI CABOTO PARK", "TYPE": "Park", "AMENITIES": "Playground", "ADDRESS": "160 Tavistock Rd", "PHONE": "None", "URL": "https://www.toronto.ca/explore-enjoy/parks-recreation/places-spaces/parks-and-recreation-facilities/location/?id=2639" }, "geometry": { "type": "MultiPoint", "coordinates": [ [ -79.504548900302495, 43.728982629020202 ] ] } },
{ "type": "Feature", "properties": { "_id": 1170, "LOCATIONID": "981", "ASSET_ID": 82.0, "ASSET_NAME": "BELMAR PARK", "TYPE": "Park", "AMENITIES": "Playground", "ADDRESS": "70 Monclova Rd", "PHONE": "None", "URL": "https://www.toronto.ca/explore-enjoy/parks-recreation/places-spaces/parks-and-recreation-facilities/location/?id=981" }, "geometry": { "type": "MultiPoint", "coordinates": [ [ -79.5095341127643, 43.731825046876402 ] ] } },
{ "type": "Feature", "properties": { "_id": 1171, "LOCATIONID": "2564", "ASSET_ID": 250.0, "ASSET_NAME": "CURTIN PARK", "TYPE": "Park", "AMENITIES": "None", "ADDRESS": "34 Riverdale Dr", "PHONE": "None", "URL": "https://www.toronto.ca/explore-enjoy/parks-recreation/places-spaces/parks-and-recreation-facilities/location/?id=2564" }, "geometry": { "type": "MultiPoint", "coordinates": [ [ -79.560787180412802, 43.731005713713003 ] ] } },
{ "type": "Feature", "properties": { "_id": 1172, "LOCATIONID": "138", "ASSET_ID": 659.0, "ASSET_NAME": "LYTTON PARK", "TYPE": "Park", "AMENITIES": "Playground, Tennis Court, Washroom", "ADDRESS": "200 Lytton Blvd", "PHONE": "None", "URL": "https://www.toronto.ca/explore-enjoy/parks-recreation/places-spaces/parks-and-recreation-facilities/location/?id=138" }, "geometry": { "type": "MultiPoint", "coordinates": [ [ -79.410823277882798, 43.714921108110097 ] ] } },
{ "type": "Feature", "properties": { "_id": 1173, "LOCATIONID": "160", "ASSET_ID": 1511.0, "ASSET_NAME": "SOUTH KINGSWAY PARKETTE", "TYPE": "Park", "AMENITIES": "None", "ADDRESS": "150 Kingsway", "PHONE": "None", "URL": "https://www.toronto.ca/explore-enjoy/parks-recreation/places-spaces/parks-and-recreation-facilities/location/?id=160" }, "geometry": { "type": "MultiPoint", "coordinates": [ [ -79.479840419457602, 43.641524206127102 ] ] } },
{ "type": "Feature", "properties": { "_id": 1174, "LOCATIONID": "2260", "ASSET_ID": 1265.0, "ASSET_NAME": "DIXINGTON PARKETTE", "TYPE": "Park", "AMENITIES": "None", "ADDRESS": "40 Dixington Cres", "PHONE": "None", "URL": "https://www.toronto.ca/explore-enjoy/parks-recreation/places-spaces/parks-and-recreation-facilities/location/?id=2260" }, "geometry": { "type": "MultiPoint", "coordinates": [ [ -79.540952115036205, 43.696940404020602 ] ] } },
{ "type": "Feature", "properties": { "_id": 1175, "LOCATIONID": "811", "ASSET_ID": 279.0, "ASSET_NAME": "DIXON PARK", "TYPE": "Park", "AMENITIES": "Basketball Court, Playground, Washroom", "ADDRESS": "350 Dixon Rd", "PHONE": "None", "URL": "https://www.toronto.ca/explore-enjoy/parks-recreation/places-spaces/parks-and-recreation-facilities/location/?id=811" }, "geometry": { "type": "MultiPoint", "coordinates": [ [ -79.555174599069801, 43.696116125725403 ] ] } },
{ "type": "Feature", "properties": { "_id": 1176, "LOCATIONID": "2037", "ASSET_ID": 537.0, "ASSET_NAME": "JACK GOODLAD PARK", "TYPE": "Park", "AMENITIES": "Ball Diamond, Basketball Court, Picnic Site, Playground, Washroom", "ADDRESS": "929 Kennedy Rd", "PHONE": "None", "URL": "https://www.toronto.ca/explore-enjoy/parks-recreation/places-spaces/parks-and-recreation-facilities/location/?id=2037" }, "geometry": { "type": "MultiPoint", "coordinates": [ [ -79.269916605435895, 43.742448722428797 ] ] } },
{ "type": "Feature", "properties": { "_id": 1177, "LOCATIONID": "2482", "ASSET_ID": 1413.0, "ASSET_NAME": "MIDVALE PARKETTE", "TYPE": "Park", "AMENITIES": "None", "ADDRESS": "23 Midvale Rd", "PHONE": "None", "URL": "https://www.toronto.ca/explore-enjoy/parks-recreation/places-spaces/parks-and-recreation-facilities/location/?id=2482" }, "geometry": { "type": "MultiPoint", "coordinates": [ [ -79.443428680356902, 43.745574681802204 ] ] } },
{ "type": "Feature", "properties": { "_id": 1178, "LOCATIONID": "2508", "ASSET_ID": 784.0, "ASSET_NAME": "OLD YONGE PARKETTE", "TYPE": "Park", "AMENITIES": "None", "ADDRESS": "143 Yonge St", "PHONE": "None", "URL": "https://www.toronto.ca/explore-enjoy/parks-recreation/places-spaces/parks-and-recreation-facilities/location/?id=2508" }, "geometry": { "type": "MultiPoint", "coordinates": [ [ -79.399387305062803, 43.745072978652097 ] ] } },
{ "type": "Feature", "properties": { "_id": 1179, "LOCATIONID": "2757", "ASSET_ID": 1311.0, "ASSET_NAME": "FRED JOHNSON PARK", "TYPE": "Park", "AMENITIES": "None", "ADDRESS": "3630 Kingston Rd", "PHONE": "None", "URL": "https://www.toronto.ca/explore-enjoy/parks-recreation/places-spaces/parks-and-recreation-facilities/location/?id=2757" }, "geometry": { "type": "MultiPoint", "coordinates": [ [ -79.2148446602652, 43.741868225185399 ] ] } },
{ "type": "Feature", "properties": { "_id": 1180, "LOCATIONID": "86", "ASSET_ID": 291.0, "ASSET_NAME": "DOVERCOURT PARK", "TYPE": "Park", "AMENITIES": "Ball Diamond, Firepit, Picnic Site, Playground, Tennis Court, Washroom", "ADDRESS": "155 Bartlett Ave", "PHONE": "None", "URL": "https://www.toronto.ca/explore-enjoy/parks-recreation/places-spaces/parks-and-recreation-facilities/location/?id=86" }, "geometry": { "type": "MultiPoint", "coordinates": [ [ -79.433534709594198, 43.6652150461492 ] ] } },
{ "type": "Feature", "properties": { "_id": 1181, "LOCATIONID": "296", "ASSET_ID": 181.0, "ASSET_NAME": "CHARLES G. WILLIAMS PARK", "TYPE": "Park", "AMENITIES": "Basketball Court, Playground", "ADDRESS": "75 Wabash Ave", "PHONE": "None", "URL": "https://www.toronto.ca/explore-enjoy/parks-recreation/places-spaces/parks-and-recreation-facilities/location/?id=296" }, "geometry": { "type": "MultiPoint", "coordinates": [ [ -79.443215187630997, 43.647298915418297 ] ] } },
{ "type": "Feature", "properties": { "_id": 1182, "LOCATIONID": "454", "ASSET_ID": 1137.0, "ASSET_NAME": "WINSLOW - DALESFORD PARKETTE", "TYPE": "Park", "AMENITIES": "Playground", "ADDRESS": "107 Wesley St", "PHONE": "None", "URL": "https://www.toronto.ca/explore-enjoy/parks-recreation/places-spaces/parks-and-recreation-facilities/location/?id=454" }, "geometry": { "type": "MultiPoint", "coordinates": [ [ -79.4980967149218, 43.625033183036102 ] ] } },
{ "type": "Feature", "properties": { "_id": 1183, "LOCATIONID": "745", "ASSET_ID": 885.0, "ASSET_NAME": "RODING PARK", "TYPE": "Park", "AMENITIES": "Ball Diamond, Outdoor Fitness Equipment, Playground", "ADDRESS": "600 Roding St", "PHONE": "None", "URL": "https://www.toronto.ca/explore-enjoy/parks-recreation/places-spaces/parks-and-recreation-facilities/location/?id=745" }, "geometry": { "type": "MultiPoint", "coordinates": [ [ -79.493201218357299, 43.727520824269597 ] ] } },
{ "type": "Feature", "properties": { "_id": 1184, "LOCATIONID": "1456", "ASSET_ID": 1252.0, "ASSET_NAME": "CUDIA PARK", "TYPE": "Park", "AMENITIES": "None", "ADDRESS": "70 Meadowcliffe Dr", "PHONE": "None", "URL": "https://www.toronto.ca/explore-enjoy/parks-recreation/places-spaces/parks-and-recreation-facilities/location/?id=1456" }, "geometry": { "type": "MultiPoint", "coordinates": [ [ -79.222037838669706, 43.721769865887197 ] ] } },
{ "type": "Feature", "properties": { "_id": 1185, "LOCATIONID": "28", "ASSET_ID": 1009.0, "ASSET_NAME": "SUNNYBROOK PARK", "TYPE": "Park", "AMENITIES": "Cricket Pitch Field, Dog Off-Leash Area, Outdoor Fitness Equipment, Picnic Site, Sports Field, Washroom", "ADDRESS": "1132 Leslie St", "PHONE": "None", "URL": "https://www.toronto.ca/explore-enjoy/parks-recreation/places-spaces/parks-and-recreation-facilities/location/?id=28" }, "geometry": { "type": "MultiPoint", "coordinates": [ [ -79.361691567543204, 43.722837299600201 ] ] } },
{ "type": "Feature", "properties": { "_id": 1186, "LOCATIONID": "2140", "ASSET_ID": 1188.0, "ASSET_NAME": "BELMONT PARKETTE", "TYPE": "Park", "AMENITIES": "None", "ADDRESS": "105 Belmont St", "PHONE": "None", "URL": "https://www.toronto.ca/explore-enjoy/parks-recreation/places-spaces/parks-and-recreation-facilities/location/?id=2140" }, "geometry": { "type": "MultiPoint", "coordinates": [ [ -79.392480917376702, 43.674711486530498 ] ] } },
{ "type": "Feature", "properties": { "_id": 1187, "LOCATIONID": "2366", "ASSET_ID": 1343.0, "ASSET_NAME": "HEARST CIRCLE PARKETTE", "TYPE": "Park", "AMENITIES": "None", "ADDRESS": "108 Hearst Crcl", "PHONE": "None", "URL": "https://www.toronto.ca/explore-enjoy/parks-recreation/places-spaces/parks-and-recreation-facilities/location/?id=2366" }, "geometry": { "type": "MultiPoint", "coordinates": [ [ -79.495413711486407, 43.698240961693003 ] ] } },
{ "type": "Feature", "properties": { "_id": 1188, "LOCATIONID": "2343", "ASSET_ID": 892.0, "ASSET_NAME": "ROSENEATH PARK", "TYPE": "Park", "AMENITIES": "Playground", "ADDRESS": "15 Glenhurst Ave", "PHONE": "None", "URL": "https://www.toronto.ca/explore-enjoy/parks-recreation/places-spaces/parks-and-recreation-facilities/location/?id=2343" }, "geometry": { "type": "MultiPoint", "coordinates": [ [ -79.4345000373619, 43.682096020719399 ] ] } },
{ "type": "Feature", "properties": { "_id": 1189, "LOCATIONID": "2608", "ASSET_ID": 1513.0, "ASSET_NAME": "SPADINA ROAD PARK", "TYPE": "Park", "AMENITIES": "None", "ADDRESS": "322 Spadina Rd", "PHONE": "None", "URL": "https://www.toronto.ca/explore-enjoy/parks-recreation/places-spaces/parks-and-recreation-facilities/location/?id=2608" }, "geometry": { "type": "MultiPoint", "coordinates": [ [ -79.410354445639399, 43.681537126071497 ] ] } },
{ "type": "Feature", "properties": { "_id": 1190, "LOCATIONID": "1069", "ASSET_ID": 415.0, "ASSET_NAME": "GLEN CEDAR PARK", "TYPE": "Park", "AMENITIES": "Playground", "ADDRESS": "50 Glen Cedar Rd", "PHONE": "None", "URL": "https://www.toronto.ca/explore-enjoy/parks-recreation/places-spaces/parks-and-recreation-facilities/location/?id=1069" }, "geometry": { "type": "MultiPoint", "coordinates": [ [ -79.429197416697093, 43.6955896068364 ] ] } },
{ "type": "Feature", "properties": { "_id": 1191, "LOCATIONID": "2713", "ASSET_ID": 252.0, "ASSET_NAME": "DALLINGTON PARK", "TYPE": "Park", "AMENITIES": "Playground", "ADDRESS": "110 Shaughnessy Blvd E", "PHONE": "None", "URL": "https://www.toronto.ca/explore-enjoy/parks-recreation/places-spaces/parks-and-recreation-facilities/location/?id=2713" }, "geometry": { "type": "MultiPoint", "coordinates": [ [ -79.354157983384994, 43.776195709674603 ] ] } },
{ "type": "Feature", "properties": { "_id": 1192, "LOCATIONID": "464", "ASSET_ID": 1354.0, "ASSET_NAME": "HUMBER MARSHES", "TYPE": "Park", "AMENITIES": "None", "ADDRESS": "2595 Bloor St W", "PHONE": "None", "URL": "https://www.toronto.ca/explore-enjoy/parks-recreation/places-spaces/parks-and-recreation-facilities/location/?id=464" }, "geometry": { "type": "MultiPoint", "coordinates": [ [ -79.485373150767998, 43.6413834382884 ] ] } },
{ "type": "Feature", "properties": { "_id": 1193, "LOCATIONID": "1011", "ASSET_ID": 441.0, "ASSET_NAME": "GREEN MEADOWS PARK - ETOBICOKE YORK", "TYPE": "Park", "AMENITIES": "Playground", "ADDRESS": "20 Newstead Rd", "PHONE": "None", "URL": "https://www.toronto.ca/explore-enjoy/parks-recreation/places-spaces/parks-and-recreation-facilities/location/?id=1011" }, "geometry": { "type": "MultiPoint", "coordinates": [ [ -79.534754089295404, 43.685608383899798 ] ] } },
{ "type": "Feature", "properties": { "_id": 1194, "LOCATIONID": "1448", "ASSET_ID": 1151.0, "ASSET_NAME": "WOOLNER PARK", "TYPE": "Park", "AMENITIES": "Basketball Court, Dog Off-Leash Area, Outdoor Fitness Equipment, Playground", "ADDRESS": "735 Jane St", "PHONE": "None", "URL": "https://www.toronto.ca/explore-enjoy/parks-recreation/places-spaces/parks-and-recreation-facilities/location/?id=1448" }, "geometry": { "type": "MultiPoint", "coordinates": [ [ -79.4924333593124, 43.671288441890198 ] ] } },
{ "type": "Feature", "properties": { "_id": 1195, "LOCATIONID": "2633", "ASSET_ID": 1530.0, "ASSET_NAME": "SYMES - VIELLA PARKETTE", "TYPE": "Park", "AMENITIES": "None", "ADDRESS": "66 Symes Rd", "PHONE": "None", "URL": "https://www.toronto.ca/explore-enjoy/parks-recreation/places-spaces/parks-and-recreation-facilities/location/?id=2633" }, "geometry": { "type": "MultiPoint", "coordinates": [ [ -79.478383355503993, 43.6714582497588 ] ] } },
{ "type": "Feature", "properties": { "_id": 1196, "LOCATIONID": "2201", "ASSET_ID": 178.0, "ASSET_NAME": "CHANDOS PARK SOUTH", "TYPE": "Park", "AMENITIES": "None", "ADDRESS": "19 Chandos Ave", "PHONE": "None", "URL": "https://www.toronto.ca/explore-enjoy/parks-recreation/places-spaces/parks-and-recreation-facilities/location/?id=2201" }, "geometry": { "type": "MultiPoint", "coordinates": [ [ -79.441264604097697, 43.670777440464299 ] ] } },
{ "type": "Feature", "properties": { "_id": 1197, "LOCATIONID": "15", "ASSET_ID": 499.0, "ASSET_NAME": "HOME SMITH PARK", "TYPE": "Park", "AMENITIES": "Firepit, Picnic Site, Washroom", "ADDRESS": "4101 Dundas St W", "PHONE": "None", "URL": "https://www.toronto.ca/explore-enjoy/parks-recreation/places-spaces/parks-and-recreation-facilities/location/?id=15" }, "geometry": { "type": "MultiPoint", "coordinates": [ [ -79.500748246830796, 43.658647192425597 ] ] } },
{ "type": "Feature", "properties": { "_id": 1198, "LOCATIONID": "2428", "ASSET_ID": 1387.0, "ASSET_NAME": "LAMBETH CRESCENT PARKETTE", "TYPE": "Park", "AMENITIES": "None", "ADDRESS": "27 Lambeth Cres", "PHONE": "None", "URL": "https://www.toronto.ca/explore-enjoy/parks-recreation/places-spaces/parks-and-recreation-facilities/location/?id=2428" }, "geometry": { "type": "MultiPoint", "coordinates": [ [ -79.522308365483795, 43.662583943744899 ] ] } },
{ "type": "Feature", "properties": { "_id": 1199, "LOCATIONID": "2056", "ASSET_ID": 595.0, "ASSET_NAME": "LAKE CRESCENT PARK", "TYPE": "Park", "AMENITIES": "Playground", "ADDRESS": "55 Lake Cres", "PHONE": "None", "URL": "https://www.toronto.ca/explore-enjoy/parks-recreation/places-spaces/parks-and-recreation-facilities/location/?id=2056" }, "geometry": { "type": "MultiPoint", "coordinates": [ [ -79.494087220388394, 43.606737155191503 ] ] } },
{ "type": "Feature", "properties": { "_id": 1200, "LOCATIONID": "2358", "ASSET_ID": 1337.0, "ASSET_NAME": "GREY ABBEY RAVINE", "TYPE": "Park", "AMENITIES": "None", "ADDRESS": "100 Manse Rd", "PHONE": "None", "URL": "https://www.toronto.ca/explore-enjoy/parks-recreation/places-spaces/parks-and-recreation-facilities/location/?id=2358" }, "geometry": { "type": "MultiPoint", "coordinates": [ [ -79.171175517764794, 43.762125337132503 ] ] } },
{ "type": "Feature", "properties": { "_id": 1201, "LOCATIONID": "183", "ASSET_ID": 980.0, "ASSET_NAME": "ST. ANDREW'S PLAYGROUND", "TYPE": "Park", "AMENITIES": "Dog Off-Leash Area, Playground", "ADDRESS": "450 Adelaide St W", "PHONE": "None", "URL": "https://www.toronto.ca/explore-enjoy/parks-recreation/places-spaces/parks-and-recreation-facilities/location/?id=183" }, "geometry": { "type": "MultiPoint", "coordinates": [ [ -79.398999479834103, 43.646409229503703 ] ] } },
{ "type": "Feature", "properties": { "_id": 1202, "LOCATIONID": "851", "ASSET_ID": 709.0, "ASSET_NAME": "LEN BRAITHWAITE PARK", "TYPE": "Park", "AMENITIES": "Playground, Sports Field", "ADDRESS": "490 Silverstone Dr", "PHONE": "None", "URL": "https://www.toronto.ca/explore-enjoy/parks-recreation/places-spaces/parks-and-recreation-facilities/location/?id=851" }, "geometry": { "type": "MultiPoint", "coordinates": [ [ -79.595340960302593, 43.739600113986 ] ] } },
{ "type": "Feature", "properties": { "_id": 1203, "LOCATIONID": "3731", "ASSET_ID": 60742.0, "ASSET_NAME": "PIER 27 PROMENADE PARK", "TYPE": "Park", "AMENITIES": "None", "ADDRESS": "29 R Queens Quay E", "PHONE": "None", "URL": "https://www.toronto.ca/explore-enjoy/parks-recreation/places-spaces/parks-and-recreation-facilities/location/?id=3731" }, "geometry": { "type": "MultiPoint", "coordinates": [ [ -79.372111269158907, 43.641031608221098 ] ] } },
{ "type": "Feature", "properties": { "_id": 1204, "LOCATIONID": "2092", "ASSET_ID": 391.0, "ASSET_NAME": "FUTURA PARKETTE", "TYPE": "Park", "AMENITIES": "Playground", "ADDRESS": "175 Arleta Ave", "PHONE": "None", "URL": "https://www.toronto.ca/explore-enjoy/parks-recreation/places-spaces/parks-and-recreation-facilities/location/?id=2092" }, "geometry": { "type": "MultiPoint", "coordinates": [ [ -79.507612478947394, 43.747995828312803 ] ] } },
{ "type": "Feature", "properties": { "_id": 1205, "LOCATIONID": "2395", "ASSET_ID": 551.0, "ASSET_NAME": "JOEL SWIRSKY PARKETTE", "TYPE": "Park", "AMENITIES": "None", "ADDRESS": "20 Joel Swirsky Blvd", "PHONE": "None", "URL": "https://www.toronto.ca/explore-enjoy/parks-recreation/places-spaces/parks-and-recreation-facilities/location/?id=2395" }, "geometry": { "type": "MultiPoint", "coordinates": [ [ -79.451500672699495, 43.746820774887503 ] ] } },
{ "type": "Feature", "properties": { "_id": 1206, "LOCATIONID": "1453", "ASSET_ID": 44.0, "ASSET_NAME": "ARENA GARDENS", "TYPE": "Park", "AMENITIES": "Playground", "ADDRESS": "78 Mutual St", "PHONE": "None", "URL": "https://www.toronto.ca/explore-enjoy/parks-recreation/places-spaces/parks-and-recreation-facilities/location/?id=1453" }, "geometry": { "type": "MultiPoint", "coordinates": [ [ -79.375567343752806, 43.655878373421302 ] ] } },
{ "type": "Feature", "properties": { "_id": 1207, "LOCATIONID": "177", "ASSET_ID": 739.0, "ASSET_NAME": "MOSS PARK", "TYPE": "Park", "AMENITIES": "Basketball Court, Playground, Tennis Court", "ADDRESS": "150 Sherbourne St", "PHONE": "None", "URL": "https://www.toronto.ca/explore-enjoy/parks-recreation/places-spaces/parks-and-recreation-facilities/location/?id=177" }, "geometry": { "type": "MultiPoint", "coordinates": [ [ -79.371075836538495, 43.655067775101301 ] ] } },
{ "type": "Feature", "properties": { "_id": 1208, "LOCATIONID": "2441", "ASSET_ID": 1541.0, "ASSET_NAME": "TOMMY THOMPSON PARK", "TYPE": "Park", "AMENITIES": "Washroom", "ADDRESS": "1 Leslie St", "PHONE": "None", "URL": "https://www.toronto.ca/explore-enjoy/parks-recreation/places-spaces/parks-and-recreation-facilities/location/?id=2441" }, "geometry": { "type": "MultiPoint", "coordinates": [ [ -79.329286191245799, 43.633010634813999 ] ] } },
{ "type": "Feature", "properties": { "_id": 1209, "LOCATIONID": "158", "ASSET_ID": 969.0, "ASSET_NAME": "SONYA'S PARK", "TYPE": "Park", "AMENITIES": "Playground", "ADDRESS": "63 Oxford St", "PHONE": "None", "URL": "https://www.toronto.ca/explore-enjoy/parks-recreation/places-spaces/parks-and-recreation-facilities/location/?id=158" }, "geometry": { "type": "MultiPoint", "coordinates": [ [ -79.402011482956596, 43.655954921199097 ] ] } },
{ "type": "Feature", "properties": { "_id": 1210, "LOCATIONID": "876", "ASSET_ID": 1107.0, "ASSET_NAME": "WESTGROVE PARK", "TYPE": "Park", "AMENITIES": "Basketball Court, Outdoor Dry Pad, Pickleball Court, Playground, Sports Field, Tennis Court, Washroom", "ADDRESS": "15 Redgrave Dr", "PHONE": "None", "URL": "https://www.toronto.ca/explore-enjoy/parks-recreation/places-spaces/parks-and-recreation-facilities/location/?id=876" }, "geometry": { "type": "MultiPoint", "coordinates": [ [ -79.567661212193599, 43.681820806982302 ] ] } },
{ "type": "Feature", "properties": { "_id": 1211, "LOCATIONID": "2625", "ASSET_ID": 474.0, "ASSET_NAME": "HEATHERCREST PARK", "TYPE": "Park", "AMENITIES": "Outdoor Fitness Equipment, Playground", "ADDRESS": "19 Storey Cres", "PHONE": "None", "URL": "https://www.toronto.ca/explore-enjoy/parks-recreation/places-spaces/parks-and-recreation-facilities/location/?id=2625" }, "geometry": { "type": "MultiPoint", "coordinates": [ [ -79.562789113193702, 43.667042073384501 ] ] } },
{ "type": "Feature", "properties": { "_id": 1212, "LOCATIONID": "37", "ASSET_ID": 678.0, "ASSET_NAME": "MARIA STREET PARKETTE", "TYPE": "Park", "AMENITIES": "Playground", "ADDRESS": "240 Maria St", "PHONE": "None", "URL": "https://www.toronto.ca/explore-enjoy/parks-recreation/places-spaces/parks-and-recreation-facilities/location/?id=37" }, "geometry": { "type": "MultiPoint", "coordinates": [ [ -79.480562946554201, 43.666659041037498 ] ] } },
{ "type": "Feature", "properties": { "_id": 1213, "LOCATIONID": "2118", "ASSET_ID": 65.0, "ASSET_NAME": "BARTLEY PARK", "TYPE": "Park", "AMENITIES": "Playground", "ADDRESS": "112 Bartley Dr", "PHONE": "None", "URL": "https://www.toronto.ca/explore-enjoy/parks-recreation/places-spaces/parks-and-recreation-facilities/location/?id=2118" }, "geometry": { "type": "MultiPoint", "coordinates": [ [ -79.3086360997155, 43.722431108719199 ] ] } },
{ "type": "Feature", "properties": { "_id": 1214, "LOCATIONID": "1854", "ASSET_ID": 1003.0, "ASSET_NAME": "STRATFORD PARK", "TYPE": "Park", "AMENITIES": "None", "ADDRESS": "2100 Bayview Ave", "PHONE": "None", "URL": "https://www.toronto.ca/explore-enjoy/parks-recreation/places-spaces/parks-and-recreation-facilities/location/?id=1854" }, "geometry": { "type": "MultiPoint", "coordinates": [ [ -79.379791100688493, 43.721628242014603 ] ] } },
{ "type": "Feature", "properties": { "_id": 1215, "LOCATIONID": "1748", "ASSET_ID": 922.0, "ASSET_NAME": "SCARBORO CRESCENT PARK", "TYPE": "Park", "AMENITIES": "Playground, Tennis Court, Washroom", "ADDRESS": "61 Undercliff Dr", "PHONE": "None", "URL": "https://www.toronto.ca/explore-enjoy/parks-recreation/places-spaces/parks-and-recreation-facilities/location/?id=1748" }, "geometry": { "type": "MultiPoint", "coordinates": [ [ -79.241818170009793, 43.703805872617103 ] ] } },
{ "type": "Feature", "properties": { "_id": 1216, "LOCATIONID": "2451", "ASSET_ID": 666.0, "ASSET_NAME": "MALLOW PARK", "TYPE": "Park", "AMENITIES": "Outdoor Fitness Equipment, Playground", "ADDRESS": "8 Mallow Rd", "PHONE": "None", "URL": "https://www.toronto.ca/explore-enjoy/parks-recreation/places-spaces/parks-and-recreation-facilities/location/?id=2451" }, "geometry": { "type": "MultiPoint", "coordinates": [ [ -79.3419432225637, 43.741031251127502 ] ] } },
{ "type": "Feature", "properties": { "_id": 1217, "LOCATIONID": "763", "ASSET_ID": 1017.0, "ASSET_NAME": "SWEENEY PARK", "TYPE": "Park", "AMENITIES": "Ball Diamond, Pickleball Court, Playground, Tennis Court", "ADDRESS": "110 Sweeney Dr", "PHONE": "None", "URL": "https://www.toronto.ca/explore-enjoy/parks-recreation/places-spaces/parks-and-recreation-facilities/location/?id=763" }, "geometry": { "type": "MultiPoint", "coordinates": [ [ -79.316011734600494, 43.736213298238503 ] ] } },
{ "type": "Feature", "properties": { "_id": 1218, "LOCATIONID": "2127", "ASSET_ID": 1528.0, "ASSET_NAME": "SUNNYDENE PARK", "TYPE": "Park", "AMENITIES": "None", "ADDRESS": "1958 Bayview Ave", "PHONE": "None", "URL": "https://www.toronto.ca/explore-enjoy/parks-recreation/places-spaces/parks-and-recreation-facilities/location/?id=2127" }, "geometry": { "type": "MultiPoint", "coordinates": [ [ -79.379802829343603, 43.718132978760401 ] ] } },
{ "type": "Feature", "properties": { "_id": 1219, "LOCATIONID": "31", "ASSET_ID": 24.0, "ASSET_NAME": "ALEXANDRA PARK", "TYPE": "Park", "AMENITIES": "Basketball Court, Outdoor Dry Pad, Pickleball Court, Picnic Site, Playground, Skateboarding, Washroom", "ADDRESS": "275 Bathurst St", "PHONE": "None", "URL": "https://www.toronto.ca/explore-enjoy/parks-recreation/places-spaces/parks-and-recreation-facilities/location/?id=31" }, "geometry": { "type": "MultiPoint", "coordinates": [ [ -79.404255501294799, 43.650665375547099 ] ] } },
{ "type": "Feature", "properties": { "_id": 1220, "LOCATIONID": "992", "ASSET_ID": 514.0, "ASSET_NAME": "HUMBERVIEW PARK", "TYPE": "Park", "AMENITIES": "Playground", "ADDRESS": "30 Panorama Crt", "PHONE": "None", "URL": "https://www.toronto.ca/explore-enjoy/parks-recreation/places-spaces/parks-and-recreation-facilities/location/?id=992" }, "geometry": { "type": "MultiPoint", "coordinates": [ [ -79.581333583195004, 43.747774707103503 ] ] } },
{ "type": "Feature", "properties": { "_id": 1221, "LOCATIONID": "2479", "ASSET_ID": 1363.0, "ASSET_NAME": "J.A. LESLIE TOT LOT", "TYPE": "Park", "AMENITIES": "Outdoor Dry Pad, Outdoor Ping Pong/Table Tennis", "ADDRESS": "425 Midland Ave", "PHONE": "None", "URL": "https://www.toronto.ca/explore-enjoy/parks-recreation/places-spaces/parks-and-recreation-facilities/location/?id=2479" }, "geometry": { "type": "MultiPoint", "coordinates": [ [ -79.248164263663696, 43.713066211238399 ] ] } },
{ "type": "Feature", "properties": { "_id": 1222, "LOCATIONID": "863", "ASSET_ID": 870.0, "ASSET_NAME": "REXLINGTON PARK", "TYPE": "Park", "AMENITIES": "Ball Diamond, Playground", "ADDRESS": "30 Bergamot Ave", "PHONE": "None", "URL": "https://www.toronto.ca/explore-enjoy/parks-recreation/places-spaces/parks-and-recreation-facilities/location/?id=863" }, "geometry": { "type": "MultiPoint", "coordinates": [ [ -79.559348869729007, 43.716562981769499 ] ] } },
{ "type": "Feature", "properties": { "_id": 1223, "LOCATIONID": "605", "ASSET_ID": 305.0, "ASSET_NAME": "DUNLOP PARK", "TYPE": "Park", "AMENITIES": "Ball Diamond, Playground, Washroom", "ADDRESS": "19 Dunlop Ave", "PHONE": "None", "URL": "https://www.toronto.ca/explore-enjoy/parks-recreation/places-spaces/parks-and-recreation-facilities/location/?id=605" }, "geometry": { "type": "MultiPoint", "coordinates": [ [ -79.267292933249095, 43.712614593252397 ] ] } },
{ "type": "Feature", "properties": { "_id": 1224, "LOCATIONID": "2304", "ASSET_ID": 351.0, "ASSET_NAME": "EUCLID AVENUE PARKETTE", "TYPE": "Park", "AMENITIES": "None", "ADDRESS": "711 Euclid Ave", "PHONE": "None", "URL": "https://www.toronto.ca/explore-enjoy/parks-recreation/places-spaces/parks-and-recreation-facilities/location/?id=2304" }, "geometry": { "type": "MultiPoint", "coordinates": [ [ -79.414662514853205, 43.664944195011401 ] ] } },
{ "type": "Feature", "properties": { "_id": 1225, "LOCATIONID": "113", "ASSET_ID": 319.0, "ASSET_NAME": "EASTDALE PLAYGROUND", "TYPE": "Park", "AMENITIES": "Playground", "ADDRESS": "160 Boulton Ave", "PHONE": "None", "URL": "https://www.toronto.ca/explore-enjoy/parks-recreation/places-spaces/parks-and-recreation-facilities/location/?id=113" }, "geometry": { "type": "MultiPoint", "coordinates": [ [ -79.348825467464195, 43.663797807663698 ] ] } },
{ "type": "Feature", "properties": { "_id": 1226, "LOCATIONID": "2687", "ASSET_ID": 1588.0, "ASSET_NAME": "WIMBLETON ROAD NORTH PARKETTE", "TYPE": "Park", "AMENITIES": "None", "ADDRESS": "160 Wimbleton Rd", "PHONE": "None", "URL": "https://www.toronto.ca/explore-enjoy/parks-recreation/places-spaces/parks-and-recreation-facilities/location/?id=2687" }, "geometry": { "type": "MultiPoint", "coordinates": [ [ -79.529076287972401, 43.666143172372898 ] ] } },
{ "type": "Feature", "properties": { "_id": 1227, "LOCATIONID": "266", "ASSET_ID": 137.0, "ASSET_NAME": "BRUCE MACKEY PARK", "TYPE": "Park", "AMENITIES": "None", "ADDRESS": "55 Wardell St", "PHONE": "None", "URL": "https://www.toronto.ca/explore-enjoy/parks-recreation/places-spaces/parks-and-recreation-facilities/location/?id=266" }, "geometry": { "type": "MultiPoint", "coordinates": [ [ -79.345744829607497, 43.662177429551697 ] ] } },
{ "type": "Feature", "properties": { "_id": 1228, "LOCATIONID": "283", "ASSET_ID": 1109.0, "ASSET_NAME": "WESTMORELAND AVENUE PARKETTE", "TYPE": "Park", "AMENITIES": "Playground", "ADDRESS": "11 Westmoreland Ave", "PHONE": "None", "URL": "https://www.toronto.ca/explore-enjoy/parks-recreation/places-spaces/parks-and-recreation-facilities/location/?id=283" }, "geometry": { "type": "MultiPoint", "coordinates": [ [ -79.430321278454599, 43.661559254471797 ] ] } },
{ "type": "Feature", "properties": { "_id": 1229, "LOCATIONID": "114", "ASSET_ID": 604.0, "ASSET_NAME": "LANGFORD PARKETTE", "TYPE": "Park", "AMENITIES": "Outdoor Fitness Equipment, Playground", "ADDRESS": "26 Langford Ave", "PHONE": "None", "URL": "https://www.toronto.ca/explore-enjoy/parks-recreation/places-spaces/parks-and-recreation-facilities/location/?id=114" }, "geometry": { "type": "MultiPoint", "coordinates": [ [ -79.341503430316095, 43.680463961284403 ] ] } },
{ "type": "Feature", "properties": { "_id": 1230, "LOCATIONID": "953", "ASSET_ID": 1104.0, "ASSET_NAME": "WEST HUMBER PARKLAND", "TYPE": "Park", "AMENITIES": "Outdoor Fitness Equipment, Playground", "ADDRESS": "563 Albion Rd", "PHONE": "None", "URL": "https://www.toronto.ca/explore-enjoy/parks-recreation/places-spaces/parks-and-recreation-facilities/location/?id=953" }, "geometry": { "type": "MultiPoint", "coordinates": [ [ -79.5631950765234, 43.743178293190702 ] ] } },
{ "type": "Feature", "properties": { "_id": 1231, "LOCATIONID": "2549", "ASSET_ID": 540.0, "ASSET_NAME": "JANDA PARK", "TYPE": "Park", "AMENITIES": "Playground", "ADDRESS": "15 Quinella Dr", "PHONE": "None", "URL": "https://www.toronto.ca/explore-enjoy/parks-recreation/places-spaces/parks-and-recreation-facilities/location/?id=2549" }, "geometry": { "type": "MultiPoint", "coordinates": [ [ -79.601378282697098, 43.724741203671897 ] ] } },
{ "type": "Feature", "properties": { "_id": 1232, "LOCATIONID": "3674", "ASSET_ID": 49802.0, "ASSET_NAME": "DUFFERIN HILL PARK", "TYPE": "Park", "AMENITIES": "None", "ADDRESS": "1200 Briar Hill Ave", "PHONE": "None", "URL": "https://www.toronto.ca/explore-enjoy/parks-recreation/places-spaces/parks-and-recreation-facilities/location/?id=3674" }, "geometry": { "type": "MultiPoint", "coordinates": [ [ -79.451797954816996, 43.7026942032563 ] ] } },
{ "type": "Feature", "properties": { "_id": 1233, "LOCATIONID": "2711", "ASSET_ID": 28822.0, "ASSET_NAME": "AVONSHIRE PARK", "TYPE": "Park", "AMENITIES": "Playground", "ADDRESS": "125 Harrison Garden Blvd", "PHONE": "None", "URL": "https://www.toronto.ca/explore-enjoy/parks-recreation/places-spaces/parks-and-recreation-facilities/location/?id=2711" }, "geometry": { "type": "MultiPoint", "coordinates": [ [ -79.404268098239399, 43.758060835816501 ] ] } },
{ "type": "Feature", "properties": { "_id": 1234, "LOCATIONID": "2327", "ASSET_ID": 387.0, "ASSET_NAME": "FRASERWOOD PARK", "TYPE": "Park", "AMENITIES": "Playground", "ADDRESS": "57 Fraserwood Ave", "PHONE": "None", "URL": "https://www.toronto.ca/explore-enjoy/parks-recreation/places-spaces/parks-and-recreation-facilities/location/?id=2327" }, "geometry": { "type": "MultiPoint", "coordinates": [ [ -79.442539728231594, 43.713727920180098 ] ] } },
{ "type": "Feature", "properties": { "_id": 1235, "LOCATIONID": "2141", "ASSET_ID": 1162.0, "ASSET_NAME": "ADANAC PARK", "TYPE": "Park", "AMENITIES": "None", "ADDRESS": "15 Belmuir Pl", "PHONE": "None", "URL": "https://www.toronto.ca/explore-enjoy/parks-recreation/places-spaces/parks-and-recreation-facilities/location/?id=2141" }, "geometry": { "type": "MultiPoint", "coordinates": [ [ -79.228518115451607, 43.738871126220097 ] ] } },
{ "type": "Feature", "properties": { "_id": 1236, "LOCATIONID": "813", "ASSET_ID": 144.0, "ASSET_NAME": "BUTTONWOOD PARK", "TYPE": "Park", "AMENITIES": "Pickleball Court, Playground, Tennis Court", "ADDRESS": "30 Mulham Pl", "PHONE": "None", "URL": "https://www.toronto.ca/explore-enjoy/parks-recreation/places-spaces/parks-and-recreation-facilities/location/?id=813" }, "geometry": { "type": "MultiPoint", "coordinates": [ [ -79.520893711558401, 43.682042873871303 ] ] } },
{ "type": "Feature", "properties": { "_id": 1237, "LOCATIONID": "229", "ASSET_ID": 634.0, "ASSET_NAME": "LIONEL CONACHER PARK", "TYPE": "Park", "AMENITIES": "Ball Diamond, Outdoor Ping Pong/Table Tennis, Playground", "ADDRESS": "80 Cottingham St", "PHONE": "None", "URL": "https://www.toronto.ca/explore-enjoy/parks-recreation/places-spaces/parks-and-recreation-facilities/location/?id=229" }, "geometry": { "type": "MultiPoint", "coordinates": [ [ -79.394408772802294, 43.680484793375101 ] ] } },
{ "type": "Feature", "properties": { "_id": 1238, "LOCATIONID": "2244", "ASSET_ID": 1255.0, "ASSET_NAME": "CYNTHIA - FRIMETTE PARKETTE", "TYPE": "Park", "AMENITIES": "None", "ADDRESS": "68 CYNTHIA RD E", "PHONE": "None", "URL": "https://www.toronto.ca/explore-enjoy/parks-recreation/places-spaces/parks-and-recreation-facilities/location/?id=2244" }, "geometry": { "type": "MultiPoint", "coordinates": [ [ -79.5039868825463, 43.679095604460699 ] ] } },
{ "type": "Feature", "properties": { "_id": 1239, "LOCATIONID": "828", "ASSET_ID": 166.0, "ASSET_NAME": "CAYUGA PARK", "TYPE": "Park", "AMENITIES": "Playground", "ADDRESS": "120 Cayuga Ave", "PHONE": "None", "URL": "https://www.toronto.ca/explore-enjoy/parks-recreation/places-spaces/parks-and-recreation-facilities/location/?id=828" }, "geometry": { "type": "MultiPoint", "coordinates": [ [ -79.480662452566193, 43.678564697943102 ] ] } },
{ "type": "Feature", "properties": { "_id": 1240, "LOCATIONID": "2641", "ASSET_ID": 152.0, "ASSET_NAME": "CAPRI PARK", "TYPE": "Park", "AMENITIES": "Playground", "ADDRESS": "596 The East Mall", "PHONE": "None", "URL": "https://www.toronto.ca/explore-enjoy/parks-recreation/places-spaces/parks-and-recreation-facilities/location/?id=2641" }, "geometry": { "type": "MultiPoint", "coordinates": [ [ -79.564887901870705, 43.654176134217103 ] ] } },
{ "type": "Feature", "properties": { "_id": 1241, "LOCATIONID": "271", "ASSET_ID": 1455.0, "ASSET_NAME": "PARKVIEW GARDENS PARKETTE", "TYPE": "Park", "AMENITIES": "None", "ADDRESS": "34 Parkview Gdns", "PHONE": "None", "URL": "https://www.toronto.ca/explore-enjoy/parks-recreation/places-spaces/parks-and-recreation-facilities/location/?id=271" }, "geometry": { "type": "MultiPoint", "coordinates": [ [ -79.469610561139206, 43.653361107908403 ] ] } },
{ "type": "Feature", "properties": { "_id": 1242, "LOCATIONID": "126", "ASSET_ID": 677.0, "ASSET_NAME": "MARGARET FAIRLEY PARK", "TYPE": "Park", "AMENITIES": "Playground", "ADDRESS": "100 Brunswick Ave", "PHONE": "None", "URL": "https://www.toronto.ca/explore-enjoy/parks-recreation/places-spaces/parks-and-recreation-facilities/location/?id=126" }, "geometry": { "type": "MultiPoint", "coordinates": [ [ -79.405627689765296, 43.660270968889499 ] ] } },
{ "type": "Feature", "properties": { "_id": 1243, "LOCATIONID": "2631", "ASSET_ID": 1527.0, "ASSET_NAME": "SUNNYBROOK PARKETTE", "TYPE": "Park", "AMENITIES": "None", "ADDRESS": "25 Sunnybrook Rd", "PHONE": "None", "URL": "https://www.toronto.ca/explore-enjoy/parks-recreation/places-spaces/parks-and-recreation-facilities/location/?id=2631" }, "geometry": { "type": "MultiPoint", "coordinates": [ [ -79.482449832262603, 43.645185701696697 ] ] } },
{ "type": "Feature", "properties": { "_id": 1244, "LOCATIONID": "1004", "ASSET_ID": 651.0, "ASSET_NAME": "LOUISE RUSSO PARK", "TYPE": "Park", "AMENITIES": "Playground", "ADDRESS": "42 Flindon Rd", "PHONE": "None", "URL": "https://www.toronto.ca/explore-enjoy/parks-recreation/places-spaces/parks-and-recreation-facilities/location/?id=1004" }, "geometry": { "type": "MultiPoint", "coordinates": [ [ -79.540100035802894, 43.722233268953801 ] ] } },
{ "type": "Feature", "properties": { "_id": 1245, "LOCATIONID": "1950", "ASSET_ID": 435.0, "ASSET_NAME": "GRAHAM PARK", "TYPE": "Park", "AMENITIES": "Outdoor Ping Pong/Table Tennis, Playground", "ADDRESS": "11 Atlas Ave", "PHONE": "None", "URL": "https://www.toronto.ca/explore-enjoy/parks-recreation/places-spaces/parks-and-recreation-facilities/location/?id=1950" }, "geometry": { "type": "MultiPoint", "coordinates": [ [ -79.430278987405401, 43.681515234865103 ] ] } },
{ "type": "Feature", "properties": { "_id": 1246, "LOCATIONID": "571", "ASSET_ID": 1117.0, "ASSET_NAME": "WEXFORD PARK", "TYPE": "Park", "AMENITIES": "Ball Diamond, Picnic Site, Playground, Washroom", "ADDRESS": "55 Elm Bank Rd", "PHONE": "None", "URL": "https://www.toronto.ca/explore-enjoy/parks-recreation/places-spaces/parks-and-recreation-facilities/location/?id=571" }, "geometry": { "type": "MultiPoint", "coordinates": [ [ -79.2967505475808, 43.7341057715388 ] ] } },
{ "type": "Feature", "properties": { "_id": 1247, "LOCATIONID": "845", "ASSET_ID": 513.0, "ASSET_NAME": "HUMBERTOWN PARK", "TYPE": "Park", "AMENITIES": "Outdoor Ping Pong/Table Tennis, Playground, Sports Field", "ADDRESS": "7 Wimbleton Rd", "PHONE": "None", "URL": "https://www.toronto.ca/explore-enjoy/parks-recreation/places-spaces/parks-and-recreation-facilities/location/?id=845" }, "geometry": { "type": "MultiPoint", "coordinates": [ [ -79.520182168328802, 43.657827541731997 ] ] } },
{ "type": "Feature", "properties": { "_id": 1248, "LOCATIONID": "2114", "ASSET_ID": 716.0, "ASSET_NAME": "MIKE BELA PARK", "TYPE": "Park", "AMENITIES": "None", "ADDRESS": "1 Banbury Rd", "PHONE": "None", "URL": "https://www.toronto.ca/explore-enjoy/parks-recreation/places-spaces/parks-and-recreation-facilities/location/?id=2114" }, "geometry": { "type": "MultiPoint", "coordinates": [ [ -79.356887783819303, 43.735300320637897 ] ] } },
{ "type": "Feature", "properties": { "_id": 1249, "LOCATIONID": "269", "ASSET_ID": 401.0, "ASSET_NAME": "GEORGE BEN PARK", "TYPE": "Park", "AMENITIES": "Sports Field", "ADDRESS": "120 Roxton Rd", "PHONE": "None", "URL": "https://www.toronto.ca/explore-enjoy/parks-recreation/places-spaces/parks-and-recreation-facilities/location/?id=269" }, "geometry": { "type": "MultiPoint", "coordinates": [ [ -79.4212366340101, 43.652307447788502 ] ] } },
{ "type": "Feature", "properties": { "_id": 1250, "LOCATIONID": "2339", "ASSET_ID": 412.0, "ASSET_NAME": "GLASGOW STREET PARKETTE", "TYPE": "Park", "AMENITIES": "None", "ADDRESS": "11 Glasgow St", "PHONE": "None", "URL": "https://www.toronto.ca/explore-enjoy/parks-recreation/places-spaces/parks-and-recreation-facilities/location/?id=2339" }, "geometry": { "type": "MultiPoint", "coordinates": [ [ -79.398402455117505, 43.656747058006403 ] ] } },
{ "type": "Feature", "properties": { "_id": 1251, "LOCATIONID": "1051", "ASSET_ID": 145.0, "ASSET_NAME": "BYNG PARK", "TYPE": "Park", "AMENITIES": "Playground", "ADDRESS": "299 Pharmacy Ave", "PHONE": "None", "URL": "https://www.toronto.ca/explore-enjoy/parks-recreation/places-spaces/parks-and-recreation-facilities/location/?id=1051" }, "geometry": { "type": "MultiPoint", "coordinates": [ [ -79.2841543787452, 43.700585417993203 ] ] } },
{ "type": "Feature", "properties": { "_id": 1252, "LOCATIONID": "2235", "ASSET_ID": 235.0, "ASSET_NAME": "COULTER AVE PARKETTE", "TYPE": "Park", "AMENITIES": "Playground", "ADDRESS": "15 Coulter Ave", "PHONE": "None", "URL": "https://www.toronto.ca/explore-enjoy/parks-recreation/places-spaces/parks-and-recreation-facilities/location/?id=2235" }, "geometry": { "type": "MultiPoint", "coordinates": [ [ -79.526783471117, 43.704792342230299 ] ] } },
{ "type": "Feature", "properties": { "_id": 1253, "LOCATIONID": "208", "ASSET_ID": 1015.0, "ASSET_NAME": "SUYDAM PARK", "TYPE": "Park", "AMENITIES": "Playground", "ADDRESS": "22 Relmar Rd", "PHONE": "None", "URL": "https://www.toronto.ca/explore-enjoy/parks-recreation/places-spaces/parks-and-recreation-facilities/location/?id=208" }, "geometry": { "type": "MultiPoint", "coordinates": [ [ -79.414361581533299, 43.689916749739702 ] ] } },
{ "type": "Feature", "properties": { "_id": 1254, "LOCATIONID": "32", "ASSET_ID": 996.0, "ASSET_NAME": "STANLEY G. GRIZZLE PARK", "TYPE": "Park", "AMENITIES": "Playground", "ADDRESS": "21 Chisholm Ave", "PHONE": "None", "URL": "https://www.toronto.ca/explore-enjoy/parks-recreation/places-spaces/parks-and-recreation-facilities/location/?id=32" }, "geometry": { "type": "MultiPoint", "coordinates": [ [ -79.302747746112701, 43.688845267179097 ] ] } },
{ "type": "Feature", "properties": { "_id": 1255, "LOCATIONID": "862", "ASSET_ID": 869.0, "ASSET_NAME": "REXDALE PARK", "TYPE": "Park", "AMENITIES": "Ball Diamond, Playground", "ADDRESS": "6 Drumheller Rd", "PHONE": "None", "URL": "https://www.toronto.ca/explore-enjoy/parks-recreation/places-spaces/parks-and-recreation-facilities/location/?id=862" }, "geometry": { "type": "MultiPoint", "coordinates": [ [ -79.565688057692199, 43.723041225603502 ] ] } },
{ "type": "Feature", "properties": { "_id": 1256, "LOCATIONID": "982", "ASSET_ID": 855.0, "ASSET_NAME": "RANEE PARK", "TYPE": "Park", "AMENITIES": "Playground", "ADDRESS": "326 Ranee Ave", "PHONE": "None", "URL": "https://www.toronto.ca/explore-enjoy/parks-recreation/places-spaces/parks-and-recreation-facilities/location/?id=982" }, "geometry": { "type": "MultiPoint", "coordinates": [ [ -79.453559165587293, 43.722632765282 ] ] } },
{ "type": "Feature", "properties": { "_id": 1257, "LOCATIONID": "588", "ASSET_ID": 376.0, "ASSET_NAME": "FLEMINGTON PARK", "TYPE": "Park", "AMENITIES": "Ball Diamond, Basketball Court, Playground", "ADDRESS": "2 A Flemington Rd", "PHONE": "None", "URL": "https://www.toronto.ca/explore-enjoy/parks-recreation/places-spaces/parks-and-recreation-facilities/location/?id=588" }, "geometry": { "type": "MultiPoint", "coordinates": [ [ -79.444561304399002, 43.721464957008003 ] ] } },
{ "type": "Feature", "properties": { "_id": 1258, "LOCATIONID": "2575", "ASSET_ID": 1288.0, "ASSET_NAME": "EDENBROOK PARK", "TYPE": "Park", "AMENITIES": "None", "ADDRESS": "1310 Royal York Rd", "PHONE": "None", "URL": "https://www.toronto.ca/explore-enjoy/parks-recreation/places-spaces/parks-and-recreation-facilities/location/?id=2575" }, "geometry": { "type": "MultiPoint", "coordinates": [ [ -79.524767171365596, 43.675606420127501 ] ] } },
{ "type": "Feature", "properties": { "_id": 1259, "LOCATIONID": "71", "ASSET_ID": 956.0, "ASSET_NAME": "SIR CASIMIR GZOWSKI PARK", "TYPE": "Park", "AMENITIES": "Beach, Dog Off-Leash Area, Outdoor Fitness Equipment, Picnic Site, Playground, Washroom", "ADDRESS": "2001 Lake Shore Blvd W", "PHONE": "None", "URL": "https://www.toronto.ca/explore-enjoy/parks-recreation/places-spaces/parks-and-recreation-facilities/location/?id=71" }, "geometry": { "type": "MultiPoint", "coordinates": [ [ -79.466122450120295, 43.634979318718798 ] ] } },
{ "type": "Feature", "properties": { "_id": 1260, "LOCATIONID": "2108", "ASSET_ID": 1626.0, "ASSET_NAME": "ERICA STARK PARKETTE", "TYPE": "Park", "AMENITIES": "Playground", "ADDRESS": "208 Bain Ave", "PHONE": "None", "URL": "https://www.toronto.ca/explore-enjoy/parks-recreation/places-spaces/parks-and-recreation-facilities/location/?id=2108" }, "geometry": { "type": "MultiPoint", "coordinates": [ [ -79.345681307952802, 43.672507120454803 ] ] } },
{ "type": "Feature", "properties": { "_id": 1261, "LOCATIONID": "2227", "ASSET_ID": 1246.0, "ASSET_NAME": "CONNAUGHT CIRCLE PARKETTE", "TYPE": "Park", "AMENITIES": "None", "ADDRESS": " CONNAUGHT CIR", "PHONE": "None", "URL": "https://www.toronto.ca/explore-enjoy/parks-recreation/places-spaces/parks-and-recreation-facilities/location/?id=2227" }, "geometry": { "type": "MultiPoint", "coordinates": [ [ -79.424994861077494, 43.689166528130002 ] ] } },
{ "type": "Feature", "properties": { "_id": 1262, "LOCATIONID": "1008", "ASSET_ID": 1130.0, "ASSET_NAME": "WILLOWRIDGE PARK", "TYPE": "Park", "AMENITIES": "Playground", "ADDRESS": "10 Earldown Dr", "PHONE": "None", "URL": "https://www.toronto.ca/explore-enjoy/parks-recreation/places-spaces/parks-and-recreation-facilities/location/?id=1008" }, "geometry": { "type": "MultiPoint", "coordinates": [ [ -79.572426588132004, 43.6754166458783 ] ] } },
{ "type": "Feature", "properties": { "_id": 1263, "LOCATIONID": "1100", "ASSET_ID": 923.0, "ASSET_NAME": "SCARBOROUGH HEIGHTS PARK", "TYPE": "Park", "AMENITIES": "Dog Off-Leash Area", "ADDRESS": "27 Fishleigh Dr", "PHONE": "None", "URL": "https://www.toronto.ca/explore-enjoy/parks-recreation/places-spaces/parks-and-recreation-facilities/location/?id=1100" }, "geometry": { "type": "MultiPoint", "coordinates": [ [ -79.250308245038994, 43.6987536575174 ] ] } },
{ "type": "Feature", "properties": { "_id": 1264, "LOCATIONID": "2618", "ASSET_ID": 1574.0, "ASSET_NAME": "WESTON - ST. PHILLIPS PARKETTE", "TYPE": "Park", "AMENITIES": "None", "ADDRESS": "115 St Phillips Rd", "PHONE": "None", "URL": "https://www.toronto.ca/explore-enjoy/parks-recreation/places-spaces/parks-and-recreation-facilities/location/?id=2618" }, "geometry": { "type": "MultiPoint", "coordinates": [ [ -79.532013318408403, 43.705753089386597 ] ] } },
{ "type": "Feature", "properties": { "_id": 1265, "LOCATIONID": "140", "ASSET_ID": 754.0, "ASSET_NAME": "NICOL MACNICOL PARKETTE", "TYPE": "Park", "AMENITIES": "None", "ADDRESS": "1 Elm Ridge Crcl", "PHONE": "None", "URL": "https://www.toronto.ca/explore-enjoy/parks-recreation/places-spaces/parks-and-recreation-facilities/location/?id=140" }, "geometry": { "type": "MultiPoint", "coordinates": [ [ -79.432839389979705, 43.704016861430603 ] ] } },
{ "type": "Feature", "properties": { "_id": 1266, "LOCATIONID": "104", "ASSET_ID": 569.0, "ASSET_NAME": "KEELE - MULOCK PARKETTE", "TYPE": "Park", "AMENITIES": "Basketball Court, Playground", "ADDRESS": "595 Keele St", "PHONE": "None", "URL": "https://www.toronto.ca/explore-enjoy/parks-recreation/places-spaces/parks-and-recreation-facilities/location/?id=104" }, "geometry": { "type": "MultiPoint", "coordinates": [ [ -79.466695250638196, 43.671629509646301 ] ] } },
{ "type": "Feature", "properties": { "_id": 1267, "LOCATIONID": "2442", "ASSET_ID": 75.0, "ASSET_NAME": "BEAVER - LIGHTBOURN PARKETTE", "TYPE": "Park", "AMENITIES": "None", "ADDRESS": "94 Lightbourn Ave", "PHONE": "None", "URL": "https://www.toronto.ca/explore-enjoy/parks-recreation/places-spaces/parks-and-recreation-facilities/location/?id=2442" }, "geometry": { "type": "MultiPoint", "coordinates": [ [ -79.443984319790403, 43.671074841242302 ] ] } },
{ "type": "Feature", "properties": { "_id": 1268, "LOCATIONID": "367", "ASSET_ID": 177.0, "ASSET_NAME": "CHANDOS PARK NORTH", "TYPE": "Park", "AMENITIES": "Outdoor Dry Pad", "ADDRESS": "75 Lightbourn Ave", "PHONE": "None", "URL": "https://www.toronto.ca/explore-enjoy/parks-recreation/places-spaces/parks-and-recreation-facilities/location/?id=367" }, "geometry": { "type": "MultiPoint", "coordinates": [ [ -79.442525081317896, 43.671085890602498 ] ] } },
{ "type": "Feature", "properties": { "_id": 1269, "LOCATIONID": "3201", "ASSET_ID": 1475.0, "ASSET_NAME": "RAMBERT CRESCENT PARKETTE", "TYPE": "Park", "AMENITIES": "None", "ADDRESS": "20 Rambert Cres", "PHONE": "None", "URL": "https://www.toronto.ca/explore-enjoy/parks-recreation/places-spaces/parks-and-recreation-facilities/location/?id=3201" }, "geometry": { "type": "MultiPoint", "coordinates": [ [ -79.480281068845798, 43.645527787259397 ] ] } },
{ "type": "Feature", "properties": { "_id": 1270, "LOCATIONID": "2696", "ASSET_ID": 1150.0, "ASSET_NAME": "WOOLENSCOTE PARKETTE", "TYPE": "Park", "AMENITIES": "None", "ADDRESS": "13 Woolenscote Crcl", "PHONE": "None", "URL": "https://www.toronto.ca/explore-enjoy/parks-recreation/places-spaces/parks-and-recreation-facilities/location/?id=2696" }, "geometry": { "type": "MultiPoint", "coordinates": [ [ -79.600675908757907, 43.732634658032701 ] ] } },
{ "type": "Feature", "properties": { "_id": 1271, "LOCATIONID": "265", "ASSET_ID": 1086.0, "ASSET_NAME": "WANLESS PARK", "TYPE": "Park", "AMENITIES": "Ball Diamond, Basketball Court, Pickleball Court, Picnic Site, Playground, Sports Field, Tennis Court, Washroom", "ADDRESS": "250 Wanless Ave", "PHONE": "None", "URL": "https://www.toronto.ca/explore-enjoy/parks-recreation/places-spaces/parks-and-recreation-facilities/location/?id=265" }, "geometry": { "type": "MultiPoint", "coordinates": [ [ -79.392057334483297, 43.728932201080603 ] ] } },
{ "type": "Feature", "properties": { "_id": 1272, "LOCATIONID": "1061", "ASSET_ID": 309.0, "ASSET_NAME": "E.T. SETON PARK", "TYPE": "Park", "AMENITIES": "Basketball Court, Disc Golf, Picnic Site", "ADDRESS": "73 Thorncliffe Park Dr", "PHONE": "None", "URL": "https://www.toronto.ca/explore-enjoy/parks-recreation/places-spaces/parks-and-recreation-facilities/location/?id=1061" }, "geometry": { "type": "MultiPoint", "coordinates": [ [ -79.339054418495905, 43.7094332498786 ] ] } },
{ "type": "Feature", "properties": { "_id": 1273, "LOCATIONID": "740", "ASSET_ID": 875.0, "ASSET_NAME": "RIPPLETON PARK", "TYPE": "Park", "AMENITIES": "None", "ADDRESS": "45 Banbury Rd", "PHONE": "None", "URL": "https://www.toronto.ca/explore-enjoy/parks-recreation/places-spaces/parks-and-recreation-facilities/location/?id=740" }, "geometry": { "type": "MultiPoint", "coordinates": [ [ -79.361843582540203, 43.738697845043703 ] ] } },
{ "type": "Feature", "properties": { "_id": 1274, "LOCATIONID": "3814", "ASSET_ID": 94308.0, "ASSET_NAME": "BADGEROW PARKETTE", "TYPE": "Park", "AMENITIES": "None", "ADDRESS": "369 A Carlaw Ave", "PHONE": "None", "URL": "https://www.toronto.ca/explore-enjoy/parks-recreation/places-spaces/parks-and-recreation-facilities/location/?id=3814" }, "geometry": { "type": "MultiPoint", "coordinates": [ [ -79.341759068082794, 43.666378468768201 ] ] } },
{ "type": "Feature", "properties": { "_id": 1275, "LOCATIONID": "2515", "ASSET_ID": 8.0, "ASSET_NAME": "AGNES MACPHAIL SQUARE", "TYPE": "Park", "AMENITIES": "None", "ADDRESS": "900 Pape Ave", "PHONE": "None", "URL": "https://www.toronto.ca/explore-enjoy/parks-recreation/places-spaces/parks-and-recreation-facilities/location/?id=2515" }, "geometry": { "type": "MultiPoint", "coordinates": [ [ -79.347595245853299, 43.685545283862702 ] ] } },
{ "type": "Feature", "properties": { "_id": 1276, "LOCATIONID": "95", "ASSET_ID": 1304.0, "ASSET_NAME": "FIONA NELSON PARKETTE", "TYPE": "Park", "AMENITIES": "None", "ADDRESS": "45 Imperial St", "PHONE": "None", "URL": "https://www.toronto.ca/explore-enjoy/parks-recreation/places-spaces/parks-and-recreation-facilities/location/?id=95" }, "geometry": { "type": "MultiPoint", "coordinates": [ [ -79.398292251091405, 43.699164460382299 ] ] } },
{ "type": "Feature", "properties": { "_id": 1277, "LOCATIONID": "391", "ASSET_ID": 1537.0, "ASSET_NAME": "THE MISSION GROUND PARKETTE", "TYPE": "Park", "AMENITIES": "None", "ADDRESS": "399 Merton St", "PHONE": "None", "URL": "https://www.toronto.ca/explore-enjoy/parks-recreation/places-spaces/parks-and-recreation-facilities/location/?id=391" }, "geometry": { "type": "MultiPoint", "coordinates": [ [ -79.384442223363905, 43.698253302771903 ] ] } },
{ "type": "Feature", "properties": { "_id": 1278, "LOCATIONID": "2344", "ASSET_ID": 1377.0, "ASSET_NAME": "KILDONAN PARK", "TYPE": "Park", "AMENITIES": "None", "ADDRESS": "66 Norwood Rd", "PHONE": "None", "URL": "https://www.toronto.ca/explore-enjoy/parks-recreation/places-spaces/parks-and-recreation-facilities/location/?id=2344" }, "geometry": { "type": "MultiPoint", "coordinates": [ [ -79.303728205078002, 43.684756439548003 ] ] } },
{ "type": "Feature", "properties": { "_id": 1279, "LOCATIONID": "2396", "ASSET_ID": 1367.0, "ASSET_NAME": "JOHN STREET PARKETTE", "TYPE": "Park", "AMENITIES": "None", "ADDRESS": "148 John St", "PHONE": "None", "URL": "https://www.toronto.ca/explore-enjoy/parks-recreation/places-spaces/parks-and-recreation-facilities/location/?id=2396" }, "geometry": { "type": "MultiPoint", "coordinates": [ [ -79.512205697992101, 43.705226808612501 ] ] } },
{ "type": "Feature", "properties": { "_id": 1280, "LOCATIONID": "2023", "ASSET_ID": 18.0, "ASSET_NAME": "ALDWYCH PARK", "TYPE": "Park", "AMENITIES": "Playground", "ADDRESS": "134 Aldwych Ave", "PHONE": "None", "URL": "https://www.toronto.ca/explore-enjoy/parks-recreation/places-spaces/parks-and-recreation-facilities/location/?id=2023" }, "geometry": { "type": "MultiPoint", "coordinates": [ [ -79.341231284799704, 43.685037229471597 ] ] } },
{ "type": "Feature", "properties": { "_id": 1281, "LOCATIONID": "2001", "ASSET_ID": 1038.0, "ASSET_NAME": "TICHESTER PARK", "TYPE": "Park", "AMENITIES": "Outdoor Ping Pong/Table Tennis, Playground", "ADDRESS": "27 Tichester Rd", "PHONE": "None", "URL": "https://www.toronto.ca/explore-enjoy/parks-recreation/places-spaces/parks-and-recreation-facilities/location/?id=2001" }, "geometry": { "type": "MultiPoint", "coordinates": [ [ -79.417868443530296, 43.685411813282002 ] ] } },
{ "type": "Feature", "properties": { "_id": 1282, "LOCATIONID": "236", "ASSET_ID": 775.0, "ASSET_NAME": "OAKCREST PARKETTE", "TYPE": "Park", "AMENITIES": "Dog Off-Leash Area, Outdoor Ping Pong/Table Tennis, Playground", "ADDRESS": "30 Oakcrest Ave", "PHONE": "None", "URL": "https://www.toronto.ca/explore-enjoy/parks-recreation/places-spaces/parks-and-recreation-facilities/location/?id=236" }, "geometry": { "type": "MultiPoint", "coordinates": [ [ -79.311463258861906, 43.683530906486197 ] ] } },
{ "type": "Feature", "properties": { "_id": 1283, "LOCATIONID": "713", "ASSET_ID": 1108.0, "ASSET_NAME": "WESTLAKE PARK", "TYPE": "Park", "AMENITIES": "Ball Diamond, Playground", "ADDRESS": "86 Jasper Ave", "PHONE": "None", "URL": "https://www.toronto.ca/explore-enjoy/parks-recreation/places-spaces/parks-and-recreation-facilities/location/?id=713" }, "geometry": { "type": "MultiPoint", "coordinates": [ [ -79.487038803012197, 43.681541721350101 ] ] } },
{ "type": "Feature", "properties": { "_id": 1284, "LOCATIONID": "3816", "ASSET_ID": 73342.0, "ASSET_NAME": "DON-LESLIE PARK", "TYPE": "Park", "AMENITIES": "Playground", "ADDRESS": "14 Inn on The Park Dr", "PHONE": "None", "URL": "https://www.toronto.ca/explore-enjoy/parks-recreation/places-spaces/parks-and-recreation-facilities/location/?id=3816" }, "geometry": { "type": "MultiPoint", "coordinates": [ [ -79.348810272424203, 43.719364561948403 ] ] } },
{ "type": "Feature", "properties": { "_id": 1285, "LOCATIONID": "2025", "ASSET_ID": 479.0, "ASSET_NAME": "HERON PARK", "TYPE": "Park", "AMENITIES": "Ball Diamond, Playground, Tennis Court, Washroom", "ADDRESS": "292 Manse Rd", "PHONE": "None", "URL": "https://www.toronto.ca/explore-enjoy/parks-recreation/places-spaces/parks-and-recreation-facilities/location/?id=2025" }, "geometry": { "type": "MultiPoint", "coordinates": [ [ -79.1772994003733, 43.769284240576098 ] ] } },
{ "type": "Feature", "properties": { "_id": 1286, "LOCATIONID": "2381", "ASSET_ID": 1180.0, "ASSET_NAME": "BASSWOOD PARKETTE", "TYPE": "Park", "AMENITIES": "None", "ADDRESS": "98 Horsham Ave", "PHONE": "None", "URL": "https://www.toronto.ca/explore-enjoy/parks-recreation/places-spaces/parks-and-recreation-facilities/location/?id=2381" }, "geometry": { "type": "MultiPoint", "coordinates": [ [ -79.419567830380402, 43.773822491958498 ] ] } },
{ "type": "Feature", "properties": { "_id": 1287, "LOCATIONID": "2280", "ASSET_ID": 1396.0, "ASSET_NAME": "LONGMORE PARK", "TYPE": "Park", "AMENITIES": "None", "ADDRESS": "196 Dunview Ave", "PHONE": "None", "URL": "https://www.toronto.ca/explore-enjoy/parks-recreation/places-spaces/parks-and-recreation-facilities/location/?id=2280" }, "geometry": { "type": "MultiPoint", "coordinates": [ [ -79.402723087698703, 43.7777228770316 ] ] } },
{ "type": "Feature", "properties": { "_id": 1288, "LOCATIONID": "999", "ASSET_ID": 824.0, "ASSET_NAME": "PLOWSHARE PARK", "TYPE": "Park", "AMENITIES": "Playground", "ADDRESS": "10 Plowshare Cres", "PHONE": "None", "URL": "https://www.toronto.ca/explore-enjoy/parks-recreation/places-spaces/parks-and-recreation-facilities/location/?id=999" }, "geometry": { "type": "MultiPoint", "coordinates": [ [ -79.597312684763097, 43.756512475052503 ] ] } },
{ "type": "Feature", "properties": { "_id": 1289, "LOCATIONID": "1457", "ASSET_ID": 294.0, "ASSET_NAME": "DRIFTWOOD PARK", "TYPE": "Park", "AMENITIES": "Ball Diamond, Playground", "ADDRESS": "44 Tobermory Dr", "PHONE": "None", "URL": "https://www.toronto.ca/explore-enjoy/parks-recreation/places-spaces/parks-and-recreation-facilities/location/?id=1457" }, "geometry": { "type": "MultiPoint", "coordinates": [ [ -79.512176403818302, 43.762577216839802 ] ] } },
{ "type": "Feature", "properties": { "_id": 1290, "LOCATIONID": "565", "ASSET_ID": 227.0, "ASSET_NAME": "CORNELL PARK", "TYPE": "Park", "AMENITIES": "Basketball Court, Outdoor Dry Pad, Playground", "ADDRESS": "18 Beran Dr", "PHONE": "None", "URL": "https://www.toronto.ca/explore-enjoy/parks-recreation/places-spaces/parks-and-recreation-facilities/location/?id=565" }, "geometry": { "type": "MultiPoint", "coordinates": [ [ -79.219845014944895, 43.759059593538304 ] ] } },
{ "type": "Feature", "properties": { "_id": 1291, "LOCATIONID": "2391", "ASSET_ID": 1583.0, "ASSET_NAME": "WHITFIELD PARKETTE", "TYPE": "Park", "AMENITIES": "None", "ADDRESS": "2990 Islington Ave", "PHONE": "None", "URL": "https://www.toronto.ca/explore-enjoy/parks-recreation/places-spaces/parks-and-recreation-facilities/location/?id=2391" }, "geometry": { "type": "MultiPoint", "coordinates": [ [ -79.5716087043036, 43.759002026064998 ] ] } },
{ "type": "Feature", "properties": { "_id": 1292, "LOCATIONID": "3715", "ASSET_ID": 72783.0, "ASSET_NAME": "45 DALHOUSIE ST PARK", "TYPE": "Park", "AMENITIES": "None", "ADDRESS": "45 Dalhousie St", "PHONE": "None", "URL": "https://www.toronto.ca/explore-enjoy/parks-recreation/places-spaces/parks-and-recreation-facilities/location/?id=3715" }, "geometry": { "type": "MultiPoint", "coordinates": [ [ -79.375414116269695, 43.654513331423999 ] ] } },
{ "type": "Feature", "properties": { "_id": 1293, "LOCATIONID": "2689", "ASSET_ID": 462.0, "ASSET_NAME": "HARRISON PARK", "TYPE": "Park", "AMENITIES": "None", "ADDRESS": "89 Truman Rd", "PHONE": "None", "URL": "https://www.toronto.ca/explore-enjoy/parks-recreation/places-spaces/parks-and-recreation-facilities/location/?id=2689" }, "geometry": { "type": "MultiPoint", "coordinates": [ [ -79.379379053356701, 43.761110249147698 ] ] } },
{ "type": "Feature", "properties": { "_id": 1294, "LOCATIONID": "22", "ASSET_ID": 903.0, "ASSET_NAME": "ROWNTREE MILLS PARK", "TYPE": "Park", "AMENITIES": "Picnic Site, Washroom", "ADDRESS": "155 Rowntree Mill Rd", "PHONE": "None", "URL": "https://www.toronto.ca/explore-enjoy/parks-recreation/places-spaces/parks-and-recreation-facilities/location/?id=22" }, "geometry": { "type": "MultiPoint", "coordinates": [ [ -79.574371593255293, 43.7516279138732 ] ] } },
{ "type": "Feature", "properties": { "_id": 1295, "LOCATIONID": "2168", "ASSET_ID": 1163.0, "ASSET_NAME": "ADDINGTON GREENBELT", "TYPE": "Park", "AMENITIES": "None", "ADDRESS": "37 R Wentworth Ave", "PHONE": "None", "URL": "https://www.toronto.ca/explore-enjoy/parks-recreation/places-spaces/parks-and-recreation-facilities/location/?id=2168" }, "geometry": { "type": "MultiPoint", "coordinates": [ [ -79.427139036365304, 43.759304259676803 ] ] } },
{ "type": "Feature", "properties": { "_id": 1296, "LOCATIONID": "2072", "ASSET_ID": 1549.0, "ASSET_NAME": "TWENTY EIGHTH STREET PARK", "TYPE": "Park", "AMENITIES": "None", "ADDRESS": "123 Lake Promenade", "PHONE": "None", "URL": "https://www.toronto.ca/explore-enjoy/parks-recreation/places-spaces/parks-and-recreation-facilities/location/?id=2072" }, "geometry": { "type": "MultiPoint", "coordinates": [ [ -79.525147673979205, 43.5901402913425 ] ] } },
{ "type": "Feature", "properties": { "_id": 1297, "LOCATIONID": "2058", "ASSET_ID": 692.0, "ASSET_NAME": "MAURICE J. BREEN PARK", "TYPE": "Park", "AMENITIES": "Playground", "ADDRESS": "26 Forty Third St", "PHONE": "None", "URL": "https://www.toronto.ca/explore-enjoy/parks-recreation/places-spaces/parks-and-recreation-facilities/location/?id=2058" }, "geometry": { "type": "MultiPoint", "coordinates": [ [ -79.547162232125999, 43.589800923586303 ] ] } },
{ "type": "Feature", "properties": { "_id": 1298, "LOCATIONID": "2525", "ASSET_ID": 1139.0, "ASSET_NAME": "WISHING WELL WOODS", "TYPE": "Park", "AMENITIES": "Playground", "ADDRESS": "1801 Pharmacy Ave", "PHONE": "None", "URL": "https://www.toronto.ca/explore-enjoy/parks-recreation/places-spaces/parks-and-recreation-facilities/location/?id=2525" }, "geometry": { "type": "MultiPoint", "coordinates": [ [ -79.316299576734295, 43.7757948028218 ] ] } },
{ "type": "Feature", "properties": { "_id": 1299, "LOCATIONID": "2189", "ASSET_ID": 1302.0, "ASSET_NAME": "CARNEY PARK", "TYPE": "Park", "AMENITIES": "None", "ADDRESS": "17 Carney Rd", "PHONE": "None", "URL": "https://www.toronto.ca/explore-enjoy/parks-recreation/places-spaces/parks-and-recreation-facilities/location/?id=2189" }, "geometry": { "type": "MultiPoint", "coordinates": [ [ -79.427828699162106, 43.777941961152699 ] ] } },
{ "type": "Feature", "properties": { "_id": 1300, "LOCATIONID": "668", "ASSET_ID": 411.0, "ASSET_NAME": "GLAMORGAN PARK", "TYPE": "Park", "AMENITIES": "Ball Diamond, Basketball Court, Outdoor Ping Pong/Table Tennis, Playground, Washroom", "ADDRESS": "50 Antrim Cres", "PHONE": "None", "URL": "https://www.toronto.ca/explore-enjoy/parks-recreation/places-spaces/parks-and-recreation-facilities/location/?id=668" }, "geometry": { "type": "MultiPoint", "coordinates": [ [ -79.288675804549996, 43.772644806295403 ] ] } },
{ "type": "Feature", "properties": { "_id": 1301, "LOCATIONID": "2705", "ASSET_ID": 1159.0, "ASSET_NAME": "YORKMINSTER PARK", "TYPE": "Park", "AMENITIES": "None", "ADDRESS": "54 A Yorkminster Rd", "PHONE": "None", "URL": "https://www.toronto.ca/explore-enjoy/parks-recreation/places-spaces/parks-and-recreation-facilities/location/?id=2705" }, "geometry": { "type": "MultiPoint", "coordinates": [ [ -79.401836955711403, 43.755438013492601 ] ] } },
{ "type": "Feature", "properties": { "_id": 1302, "LOCATIONID": "665", "ASSET_ID": 532.0, "ASSET_NAME": "IRVING W. CHAPLEY PARK", "TYPE": "Park", "AMENITIES": "Ball Diamond, Basketball Court, Outdoor Dry Pad, Pickleball Court, Playground, Tennis Court", "ADDRESS": "205 Wilmington Ave", "PHONE": "None", "URL": "https://www.toronto.ca/explore-enjoy/parks-recreation/places-spaces/parks-and-recreation-facilities/location/?id=665" }, "geometry": { "type": "MultiPoint", "coordinates": [ [ -79.455221517565107, 43.761776836663898 ] ] } },
{ "type": "Feature", "properties": { "_id": 1303, "LOCATIONID": "2178", "ASSET_ID": 133.0, "ASSET_NAME": "BROOKBANKS PARK", "TYPE": "Park", "AMENITIES": "Playground", "ADDRESS": "75 Brookbanks Dr", "PHONE": "None", "URL": "https://www.toronto.ca/explore-enjoy/parks-recreation/places-spaces/parks-and-recreation-facilities/location/?id=2178" }, "geometry": { "type": "MultiPoint", "coordinates": [ [ -79.328507256694294, 43.7557738842589 ] ] } },
{ "type": "Feature", "properties": { "_id": 1304, "LOCATIONID": "215", "ASSET_ID": 132.0, "ASSET_NAME": "BROADLANDS PARK", "TYPE": "Park", "AMENITIES": "Ball Diamond, Playground, Tennis Court", "ADDRESS": "19 Castlegrove Blvd", "PHONE": "None", "URL": "https://www.toronto.ca/explore-enjoy/parks-recreation/places-spaces/parks-and-recreation-facilities/location/?id=215" }, "geometry": { "type": "MultiPoint", "coordinates": [ [ -79.321292504469397, 43.7459134838655 ] ] } },
{ "type": "Feature", "properties": { "_id": 1305, "LOCATIONID": "299", "ASSET_ID": 822.0, "ASSET_NAME": "PLAYTER GARDENS", "TYPE": "Park", "AMENITIES": "None", "ADDRESS": "4 Cambridge Ave", "PHONE": "None", "URL": "https://www.toronto.ca/explore-enjoy/parks-recreation/places-spaces/parks-and-recreation-facilities/location/?id=299" }, "geometry": { "type": "MultiPoint", "coordinates": [ [ -79.360644151422093, 43.676190364964498 ] ] } },
{ "type": "Feature", "properties": { "_id": 1306, "LOCATIONID": "2440", "ASSET_ID": 624.0, "ASSET_NAME": "LESLIE PARK", "TYPE": "Park", "AMENITIES": "Basketball Court, Playground", "ADDRESS": "5200 Leslie St", "PHONE": "None", "URL": "https://www.toronto.ca/explore-enjoy/parks-recreation/places-spaces/parks-and-recreation-facilities/location/?id=2440" }, "geometry": { "type": "MultiPoint", "coordinates": [ [ -79.367677885934299, 43.784791504138397 ] ] } },
{ "type": "Feature", "properties": { "_id": 1307, "LOCATIONID": "2683", "ASSET_ID": 753.0, "ASSET_NAME": "NEWTONBROOK PARK", "TYPE": "Park", "AMENITIES": "None", "ADDRESS": "935 Willowdale Ave", "PHONE": "None", "URL": "https://www.toronto.ca/explore-enjoy/parks-recreation/places-spaces/parks-and-recreation-facilities/location/?id=2683" }, "geometry": { "type": "MultiPoint", "coordinates": [ [ -79.385505148714699, 43.780581229215699 ] ] } },
{ "type": "Feature", "properties": { "_id": 1308, "LOCATIONID": "636", "ASSET_ID": 488.0, "ASSET_NAME": "HIGHLAND HEIGHTS PARK", "TYPE": "Park", "AMENITIES": "Ball Diamond, Playground", "ADDRESS": "50 Castle Hill Dr", "PHONE": "None", "URL": "https://www.toronto.ca/explore-enjoy/parks-recreation/places-spaces/parks-and-recreation-facilities/location/?id=636" }, "geometry": { "type": "MultiPoint", "coordinates": [ [ -79.299248546656798, 43.795919688510999 ] ] } },
{ "type": "Feature", "properties": { "_id": 1309, "LOCATIONID": "681", "ASSET_ID": 630.0, "ASSET_NAME": "LILLIAN PARK", "TYPE": "Park", "AMENITIES": "Pickleball Court, Playground, Tennis Court", "ADDRESS": "227 Otonabee Ave", "PHONE": "None", "URL": "https://www.toronto.ca/explore-enjoy/parks-recreation/places-spaces/parks-and-recreation-facilities/location/?id=681" }, "geometry": { "type": "MultiPoint", "coordinates": [ [ -79.4079395790164, 43.797688386057601 ] ] } },
{ "type": "Feature", "properties": { "_id": 1310, "LOCATIONID": "2446", "ASSET_ID": 650.0, "ASSET_NAME": "LORRAINE DRIVE PARK", "TYPE": "Park", "AMENITIES": "Playground", "ADDRESS": "29 Lorraine Dr", "PHONE": "None", "URL": "https://www.toronto.ca/explore-enjoy/parks-recreation/places-spaces/parks-and-recreation-facilities/location/?id=2446" }, "geometry": { "type": "MultiPoint", "coordinates": [ [ -79.417360806115397, 43.777514814708297 ] ] } },
{ "type": "Feature", "properties": { "_id": 1311, "LOCATIONID": "556", "ASSET_ID": 1080.0, "ASSET_NAME": "VRADENBURG PARK", "TYPE": "Park", "AMENITIES": "Ball Diamond, Playground", "ADDRESS": "40 Vradenberg Dr", "PHONE": "None", "URL": "https://www.toronto.ca/explore-enjoy/parks-recreation/places-spaces/parks-and-recreation-facilities/location/?id=556" }, "geometry": { "type": "MultiPoint", "coordinates": [ [ -79.310195827651697, 43.774845216281399 ] ] } },
{ "type": "Feature", "properties": { "_id": 1312, "LOCATIONID": "734", "ASSET_ID": 825.0, "ASSET_NAME": "PLUNKETT PARK", "TYPE": "Park", "AMENITIES": "Playground", "ADDRESS": "188 Plunkett Rd", "PHONE": "None", "URL": "https://www.toronto.ca/explore-enjoy/parks-recreation/places-spaces/parks-and-recreation-facilities/location/?id=734" }, "geometry": { "type": "MultiPoint", "coordinates": [ [ -79.571599297475103, 43.7629546598207 ] ] } },
{ "type": "Feature", "properties": { "_id": 1313, "LOCATIONID": "998", "ASSET_ID": 763.0, "ASSET_NAME": "NORTH HUMBER PARK", "TYPE": "Park", "AMENITIES": "Ball Diamond, Playground", "ADDRESS": "2851 Kipling Ave", "PHONE": "None", "URL": "https://www.toronto.ca/explore-enjoy/parks-recreation/places-spaces/parks-and-recreation-facilities/location/?id=998" }, "geometry": { "type": "MultiPoint", "coordinates": [ [ -79.587661127300393, 43.757416173533997 ] ] } },
{ "type": "Feature", "properties": { "_id": 1314, "LOCATIONID": "76", "ASSET_ID": 1538.0, "ASSET_NAME": "THE TOLLKEEPER'S PARK", "TYPE": "Park", "AMENITIES": "None", "ADDRESS": "750 Davenport Rd", "PHONE": "None", "URL": "https://www.toronto.ca/explore-enjoy/parks-recreation/places-spaces/parks-and-recreation-facilities/location/?id=76" }, "geometry": { "type": "MultiPoint", "coordinates": [ [ -79.416765409545903, 43.676981934700699 ] ] } },
{ "type": "Feature", "properties": { "_id": 1315, "LOCATIONID": "408", "ASSET_ID": 985.0, "ASSET_NAME": "ST. JAMES PARK", "TYPE": "Park", "AMENITIES": "Playground", "ADDRESS": "120 King St E", "PHONE": "None", "URL": "https://www.toronto.ca/explore-enjoy/parks-recreation/places-spaces/parks-and-recreation-facilities/location/?id=408" }, "geometry": { "type": "MultiPoint", "coordinates": [ [ -79.372969524213801, 43.650919018771198 ] ] } },
{ "type": "Feature", "properties": { "_id": 1316, "LOCATIONID": "2413", "ASSET_ID": 487.0, "ASSET_NAME": "HIGHLAND CREEK PARKETTE", "TYPE": "Park", "AMENITIES": "None", "ADDRESS": "6115 Kingston Rd", "PHONE": "None", "URL": "https://www.toronto.ca/explore-enjoy/parks-recreation/places-spaces/parks-and-recreation-facilities/location/?id=2413" }, "geometry": { "type": "MultiPoint", "coordinates": [ [ -79.168184690490506, 43.784473397267703 ] ] } },
{ "type": "Feature", "properties": { "_id": 1317, "LOCATIONID": "3555", "ASSET_ID": 45602.0, "ASSET_NAME": "LEE LIFESON ART PARK", "TYPE": "Park", "AMENITIES": "Washroom", "ADDRESS": "45 Princess Ave", "PHONE": "None", "URL": "https://www.toronto.ca/explore-enjoy/parks-recreation/places-spaces/parks-and-recreation-facilities/location/?id=3555" }, "geometry": { "type": "MultiPoint", "coordinates": [ [ -79.409469109200202, 43.768596240872597 ] ] } },
{ "type": "Feature", "properties": { "_id": 1318, "LOCATIONID": "2255", "ASSET_ID": 265.0, "ASSET_NAME": "DEBELL LANE PARKETTE", "TYPE": "Park", "AMENITIES": "Playground", "ADDRESS": "5 Debell Lane", "PHONE": "None", "URL": "https://www.toronto.ca/explore-enjoy/parks-recreation/places-spaces/parks-and-recreation-facilities/location/?id=2255" }, "geometry": { "type": "MultiPoint", "coordinates": [ [ -79.397176175920606, 43.800181702416303 ] ] } },
{ "type": "Feature", "properties": { "_id": 1319, "LOCATIONID": "3722", "ASSET_ID": 58888.0, "ASSET_NAME": "CARLAW-DUNDAS TRIANGLE PARK", "TYPE": "Park", "AMENITIES": "None", "ADDRESS": "65 Dickens St", "PHONE": "None", "URL": "https://www.toronto.ca/explore-enjoy/parks-recreation/places-spaces/parks-and-recreation-facilities/location/?id=3722" }, "geometry": { "type": "MultiPoint", "coordinates": [ [ -79.341940976997506, 43.664827151220003 ] ] } },
{ "type": "Feature", "properties": { "_id": 1320, "LOCATIONID": "2404", "ASSET_ID": 576.0, "ASSET_NAME": "KENNETH PARK", "TYPE": "Park", "AMENITIES": "Playground", "ADDRESS": "417 Kenneth Ave", "PHONE": "None", "URL": "https://www.toronto.ca/explore-enjoy/parks-recreation/places-spaces/parks-and-recreation-facilities/location/?id=2404" }, "geometry": { "type": "MultiPoint", "coordinates": [ [ -79.410538099709797, 43.777199308989999 ] ] } },
{ "type": "Feature", "properties": { "_id": 1321, "LOCATIONID": "2426", "ASSET_ID": 1386.0, "ASSET_NAME": "LAKERIDGE PARKETTE", "TYPE": "Park", "AMENITIES": "None", "ADDRESS": "46 Lakeridge Dr", "PHONE": "None", "URL": "https://www.toronto.ca/explore-enjoy/parks-recreation/places-spaces/parks-and-recreation-facilities/location/?id=2426" }, "geometry": { "type": "MultiPoint", "coordinates": [ [ -79.138289576618405, 43.772890575201302 ] ] } },
{ "type": "Feature", "properties": { "_id": 1322, "LOCATIONID": "1041", "ASSET_ID": 1561.0, "ASSET_NAME": "VILLAWAYS PARK", "TYPE": "Park", "AMENITIES": "None", "ADDRESS": "4600 Leslie St", "PHONE": "None", "URL": "https://www.toronto.ca/explore-enjoy/parks-recreation/places-spaces/parks-and-recreation-facilities/location/?id=1041" }, "geometry": { "type": "MultiPoint", "coordinates": [ [ -79.366980186388204, 43.7755797493177 ] ] } },
{ "type": "Feature", "properties": { "_id": 1323, "LOCATIONID": "2402", "ASSET_ID": 1374.0, "ASSET_NAME": "KENNARD PARKETTE", "TYPE": "Park", "AMENITIES": "None", "ADDRESS": "183 Kennard Ave", "PHONE": "None", "URL": "https://www.toronto.ca/explore-enjoy/parks-recreation/places-spaces/parks-and-recreation-facilities/location/?id=2402" }, "geometry": { "type": "MultiPoint", "coordinates": [ [ -79.463035863280794, 43.7593498685642 ] ] } },
{ "type": "Feature", "properties": { "_id": 1324, "LOCATIONID": "784", "ASSET_ID": 394.0, "ASSET_NAME": "GALLOWAY PARK", "TYPE": "Park", "AMENITIES": "Playground", "ADDRESS": "90 Galloway Rd", "PHONE": "None", "URL": "https://www.toronto.ca/explore-enjoy/parks-recreation/places-spaces/parks-and-recreation-facilities/location/?id=784" }, "geometry": { "type": "MultiPoint", "coordinates": [ [ -79.193703411443806, 43.756787111107101 ] ] } },
{ "type": "Feature", "properties": { "_id": 1325, "LOCATIONID": "670", "ASSET_ID": 444.0, "ASSET_NAME": "GREENVALE PARK", "TYPE": "Park", "AMENITIES": "Ball Diamond, Playground", "ADDRESS": "10 Greenvale Ter", "PHONE": "None", "URL": "https://www.toronto.ca/explore-enjoy/parks-recreation/places-spaces/parks-and-recreation-facilities/location/?id=670" }, "geometry": { "type": "MultiPoint", "coordinates": [ [ -79.2017192125831, 43.756784088892097 ] ] } },
{ "type": "Feature", "properties": { "_id": 1326, "LOCATIONID": "945", "ASSET_ID": 14.0, "ASSET_NAME": "ALBERT STANDING PARK", "TYPE": "Park", "AMENITIES": "Picnic Site", "ADDRESS": "50 Bogert Ave", "PHONE": "None", "URL": "https://www.toronto.ca/explore-enjoy/parks-recreation/places-spaces/parks-and-recreation-facilities/location/?id=945" }, "geometry": { "type": "MultiPoint", "coordinates": [ [ -79.413172075470499, 43.760464936237597 ] ] } },
{ "type": "Feature", "properties": { "_id": 1327, "LOCATIONID": "338", "ASSET_ID": 259.0, "ASSET_NAME": "DAVID CROMBIE PARK", "TYPE": "Park", "AMENITIES": "Ball Diamond, Basketball Court, Dog Off-Leash Area, Playground", "ADDRESS": "131 The Esplanade", "PHONE": "None", "URL": "https://www.toronto.ca/explore-enjoy/parks-recreation/places-spaces/parks-and-recreation-facilities/location/?id=338" }, "geometry": { "type": "MultiPoint", "coordinates": [ [ -79.367339033693298, 43.648768517154501 ] ] } },
{ "type": "Feature", "properties": { "_id": 1328, "LOCATIONID": "209", "ASSET_ID": 204.0, "ASSET_NAME": "CHERRY BEACH CLARKE BEACH PARK", "TYPE": "Park", "AMENITIES": "Beach, Dog Off-Leash Area, Picnic Site, Washroom", "ADDRESS": "1 Cherry St", "PHONE": "None", "URL": "https://www.toronto.ca/explore-enjoy/parks-recreation/places-spaces/parks-and-recreation-facilities/location/?id=209" }, "geometry": { "type": "MultiPoint", "coordinates": [ [ -79.339383845692097, 43.640616213506298 ] ] } },
{ "type": "Feature", "properties": { "_id": 1329, "LOCATIONID": "934", "ASSET_ID": 1053.0, "ASSET_NAME": "TRACE MANES PARK", "TYPE": "Park", "AMENITIES": "Ball Diamond, Playground, Tennis Court", "ADDRESS": "110 Rumsey Rd", "PHONE": "416-396-2853", "URL": "https://www.toronto.ca/explore-enjoy/parks-recreation/places-spaces/parks-and-recreation-facilities/location/?id=934" }, "geometry": { "type": "MultiPoint", "coordinates": [ [ -79.367449511429399, 43.705570192142403 ] ] } },
{ "type": "Feature", "properties": { "_id": 1330, "LOCATIONID": "2341", "ASSET_ID": 7.0, "ASSET_NAME": "AGINCOURT PARK", "TYPE": "Park", "AMENITIES": "Playground, Tennis Court, Washroom", "ADDRESS": "27 Glen Watford Dr", "PHONE": "None", "URL": "https://www.toronto.ca/explore-enjoy/parks-recreation/places-spaces/parks-and-recreation-facilities/location/?id=2341" }, "geometry": { "type": "MultiPoint", "coordinates": [ [ -79.274918179000593, 43.788259844115203 ] ] } },
{ "type": "Feature", "properties": { "_id": 1331, "LOCATIONID": "2638", "ASSET_ID": 1534.0, "ASSET_NAME": "TAPSCOTT WOODLOT", "TYPE": "Park", "AMENITIES": "None", "ADDRESS": "271 Tapscott Rd", "PHONE": "None", "URL": "https://www.toronto.ca/explore-enjoy/parks-recreation/places-spaces/parks-and-recreation-facilities/location/?id=2638" }, "geometry": { "type": "MultiPoint", "coordinates": [ [ -79.227528803393895, 43.806393727413798 ] ] } },
{ "type": "Feature", "properties": { "_id": 1332, "LOCATIONID": "2664", "ASSET_ID": 1564.0, "ASSET_NAME": "VYNER GREENBELT", "TYPE": "Park", "AMENITIES": "None", "ADDRESS": "16 Vyner Rd", "PHONE": "None", "URL": "https://www.toronto.ca/explore-enjoy/parks-recreation/places-spaces/parks-and-recreation-facilities/location/?id=2664" }, "geometry": { "type": "MultiPoint", "coordinates": [ [ -79.367990210674805, 43.759219241099899 ] ] } },
{ "type": "Feature", "properties": { "_id": 1333, "LOCATIONID": "2044", "ASSET_ID": 461.0, "ASSET_NAME": "HARLANDALE PARKETTE", "TYPE": "Park", "AMENITIES": "Playground", "ADDRESS": "206 Harlandale Ave", "PHONE": "None", "URL": "https://www.toronto.ca/explore-enjoy/parks-recreation/places-spaces/parks-and-recreation-facilities/location/?id=2044" }, "geometry": { "type": "MultiPoint", "coordinates": [ [ -79.4215080067587, 43.760310878698299 ] ] } },
{ "type": "Feature", "properties": { "_id": 1334, "LOCATIONID": "2656", "ASSET_ID": 648.0, "ASSET_NAME": "LORD SEATON PARK", "TYPE": "Park", "AMENITIES": "Outdoor Fitness Equipment, Playground", "ADDRESS": "168 Upper Canada Dr", "PHONE": "None", "URL": "https://www.toronto.ca/explore-enjoy/parks-recreation/places-spaces/parks-and-recreation-facilities/location/?id=2656" }, "geometry": { "type": "MultiPoint", "coordinates": [ [ -79.396929354553393, 43.7597336343403 ] ] } },
{ "type": "Feature", "properties": { "_id": 1335, "LOCATIONID": "2697", "ASSET_ID": 827.0, "ASSET_NAME": "POPLAR PARK", "TYPE": "Park", "AMENITIES": "Ball Diamond, Playground", "ADDRESS": "40 Wooster Wood", "PHONE": "None", "URL": "https://www.toronto.ca/explore-enjoy/parks-recreation/places-spaces/parks-and-recreation-facilities/location/?id=2697" }, "geometry": { "type": "MultiPoint", "coordinates": [ [ -79.189210827476799, 43.755836456550398 ] ] } },
{ "type": "Feature", "properties": { "_id": 1336, "LOCATIONID": "1510", "ASSET_ID": 463.0, "ASSET_NAME": "HARRISON PROPERTIES", "TYPE": "Park", "AMENITIES": "None", "ADDRESS": "1845 Kingston Rd", "PHONE": "None", "URL": "https://www.toronto.ca/explore-enjoy/parks-recreation/places-spaces/parks-and-recreation-facilities/location/?id=1510" }, "geometry": { "type": "MultiPoint", "coordinates": [ [ -79.258511248220202, 43.694359005219702 ] ] } },
{ "type": "Feature", "properties": { "_id": 1337, "LOCATIONID": "2248", "ASSET_ID": 1259.0, "ASSET_NAME": "DANFORTH - BIRCHMOUNT PARKETTE", "TYPE": "Park", "AMENITIES": "None", "ADDRESS": "3625 Danforth Ave", "PHONE": "None", "URL": "https://www.toronto.ca/explore-enjoy/parks-recreation/places-spaces/parks-and-recreation-facilities/location/?id=2248" }, "geometry": { "type": "MultiPoint", "coordinates": [ [ -79.266921908022596, 43.695512732894798 ] ] } },
{ "type": "Feature", "properties": { "_id": 1338, "LOCATIONID": "608", "ASSET_ID": 1147.0, "ASSET_NAME": "WOODBOROUGH PARK", "TYPE": "Park", "AMENITIES": "Ball Diamond, Basketball Court, Playground", "ADDRESS": "1486 Castlefield Ave", "PHONE": "None", "URL": "https://www.toronto.ca/explore-enjoy/parks-recreation/places-spaces/parks-and-recreation-facilities/location/?id=608" }, "geometry": { "type": "MultiPoint", "coordinates": [ [ -79.4696432351612, 43.696842210369397 ] ] } },
{ "type": "Feature", "properties": { "_id": 1339, "LOCATIONID": "2306", "ASSET_ID": 1297.0, "ASSET_NAME": "FAIRCHILD PARKETTE", "TYPE": "Park", "AMENITIES": "None", "ADDRESS": "51 Fairchild Ave", "PHONE": "None", "URL": "https://www.toronto.ca/explore-enjoy/parks-recreation/places-spaces/parks-and-recreation-facilities/location/?id=2306" }, "geometry": { "type": "MultiPoint", "coordinates": [ [ -79.420920898044798, 43.785360461643698 ] ] } },
{ "type": "Feature", "properties": { "_id": 1340, "LOCATIONID": "990", "ASSET_ID": 455.0, "ASSET_NAME": "HAIMER PARK", "TYPE": "Park", "AMENITIES": "Playground", "ADDRESS": "46 Haimer Ave", "PHONE": "None", "URL": "https://www.toronto.ca/explore-enjoy/parks-recreation/places-spaces/parks-and-recreation-facilities/location/?id=990" }, "geometry": { "type": "MultiPoint", "coordinates": [ [ -79.590818613155307, 43.755232557108599 ] ] } },
{ "type": "Feature", "properties": { "_id": 1341, "LOCATIONID": "2532", "ASSET_ID": 823.0, "ASSET_NAME": "PLEASANTVIEW PARK", "TYPE": "Park", "AMENITIES": "Outdoor Fitness Equipment, Playground", "ADDRESS": "61 Pleasant View Dr", "PHONE": "None", "URL": "https://www.toronto.ca/explore-enjoy/parks-recreation/places-spaces/parks-and-recreation-facilities/location/?id=2532" }, "geometry": { "type": "MultiPoint", "coordinates": [ [ -79.336032136367507, 43.7834790551696 ] ] } },
{ "type": "Feature", "properties": { "_id": 1342, "LOCATIONID": "4", "ASSET_ID": 218.0, "ASSET_NAME": "COLONEL DANFORTH PARK", "TYPE": "Park", "AMENITIES": "Dog Off-Leash Area, Picnic Site, Washroom", "ADDRESS": "73 Colonel Danforth Trl", "PHONE": "None", "URL": "https://www.toronto.ca/explore-enjoy/parks-recreation/places-spaces/parks-and-recreation-facilities/location/?id=4" }, "geometry": { "type": "MultiPoint", "coordinates": [ [ -79.168775414531297, 43.778415133244501 ] ] } },
{ "type": "Feature", "properties": { "_id": 1343, "LOCATIONID": "660", "ASSET_ID": 481.0, "ASSET_NAME": "HIDDEN TRAIL PARK", "TYPE": "Park", "AMENITIES": "Outdoor Ping Pong/Table Tennis, Playground", "ADDRESS": "506 Hidden Trl", "PHONE": "None", "URL": "https://www.toronto.ca/explore-enjoy/parks-recreation/places-spaces/parks-and-recreation-facilities/location/?id=660" }, "geometry": { "type": "MultiPoint", "coordinates": [ [ -79.458455215458997, 43.784152187596497 ] ] } },
{ "type": "Feature", "properties": { "_id": 1344, "LOCATIONID": "1470", "ASSET_ID": 737.0, "ASSET_NAME": "MORNINGSIDE PARK", "TYPE": "Park", "AMENITIES": "Firepit, Outdoor Ping Pong/Table Tennis, Picnic Site, Playground, Washroom", "ADDRESS": "390 Morningside Ave", "PHONE": "None", "URL": "https://www.toronto.ca/explore-enjoy/parks-recreation/places-spaces/parks-and-recreation-facilities/location/?id=1470" }, "geometry": { "type": "MultiPoint", "coordinates": [ [ -79.204986422826593, 43.778046718520599 ] ] } },
{ "type": "Feature", "properties": { "_id": 1345, "LOCATIONID": "1490", "ASSET_ID": 1469.0, "ASSET_NAME": "PRINCESS PARK", "TYPE": "Park", "AMENITIES": "None", "ADDRESS": "214 Doris Ave", "PHONE": "None", "URL": "https://www.toronto.ca/explore-enjoy/parks-recreation/places-spaces/parks-and-recreation-facilities/location/?id=1490" }, "geometry": { "type": "MultiPoint", "coordinates": [ [ -79.410988886566798, 43.768746268956598 ] ] } },
{ "type": "Feature", "properties": { "_id": 1346, "LOCATIONID": "447", "ASSET_ID": 730.0, "ASSET_NAME": "MONDEO PARK", "TYPE": "Park", "AMENITIES": "Playground", "ADDRESS": "80 Mondeo Dr", "PHONE": "None", "URL": "https://www.toronto.ca/explore-enjoy/parks-recreation/places-spaces/parks-and-recreation-facilities/location/?id=447" }, "geometry": { "type": "MultiPoint", "coordinates": [ [ -79.289075338694502, 43.766377930464103 ] ] } },
{ "type": "Feature", "properties": { "_id": 1347, "LOCATIONID": "607", "ASSET_ID": 167.0, "ASSET_NAME": "CEDARBROOK PARK", "TYPE": "Park", "AMENITIES": "Outdoor Fitness Equipment, Playground", "ADDRESS": "91 Eastpark Blvd", "PHONE": "None", "URL": "https://www.toronto.ca/explore-enjoy/parks-recreation/places-spaces/parks-and-recreation-facilities/location/?id=607" }, "geometry": { "type": "MultiPoint", "coordinates": [ [ -79.225873305216496, 43.753914774200403 ] ] } },
{ "type": "Feature", "properties": { "_id": 1348, "LOCATIONID": "2455", "ASSET_ID": 1502.0, "ASSET_NAME": "SECOR MEMORIAL PARK", "TYPE": "Park", "AMENITIES": "None", "ADDRESS": "469 Markham Rd", "PHONE": "None", "URL": "https://www.toronto.ca/explore-enjoy/parks-recreation/places-spaces/parks-and-recreation-facilities/location/?id=2455" }, "geometry": { "type": "MultiPoint", "coordinates": [ [ -79.223007681439498, 43.754543853709897 ] ] } },
{ "type": "Feature", "properties": { "_id": 1349, "LOCATIONID": "489", "ASSET_ID": 1274.0, "ASSET_NAME": "DRIFTWOOD PARKETTE", "TYPE": "Park", "AMENITIES": "Playground", "ADDRESS": "359 Driftwood Ave", "PHONE": "None", "URL": "https://www.toronto.ca/explore-enjoy/parks-recreation/places-spaces/parks-and-recreation-facilities/location/?id=489" }, "geometry": { "type": "MultiPoint", "coordinates": [ [ -79.513717439765301, 43.768014393854799 ] ] } },
{ "type": "Feature", "properties": { "_id": 1350, "LOCATIONID": "572", "ASSET_ID": 371.0, "ASSET_NAME": "FIRGROVE PARK", "TYPE": "Park", "AMENITIES": "Basketball Court, Pickleball Court, Playground, Sports Field, Tennis Court", "ADDRESS": "254 Firgrove Cres", "PHONE": "None", "URL": "https://www.toronto.ca/explore-enjoy/parks-recreation/places-spaces/parks-and-recreation-facilities/location/?id=572" }, "geometry": { "type": "MultiPoint", "coordinates": [ [ -79.521598144115103, 43.750629918034399 ] ] } },
{ "type": "Feature", "properties": { "_id": 1351, "LOCATIONID": "843", "ASSET_ID": 407.0, "ASSET_NAME": "GIHON SPRING PARK", "TYPE": "Park", "AMENITIES": "Ball Diamond, Basketball Court, Pickleball Court, Playground, Tennis Court, Washroom", "ADDRESS": "75 Gihon Spring Dr", "PHONE": "None", "URL": "https://www.toronto.ca/explore-enjoy/parks-recreation/places-spaces/parks-and-recreation-facilities/location/?id=843" }, "geometry": { "type": "MultiPoint", "coordinates": [ [ -79.594631098727803, 43.754527767004902 ] ] } },
{ "type": "Feature", "properties": { "_id": 1352, "LOCATIONID": "2332", "ASSET_ID": 396.0, "ASSET_NAME": "GARDEN AVENUE PARKETTE", "TYPE": "Park", "AMENITIES": "Playground", "ADDRESS": "34 Garden Park Ave", "PHONE": "None", "URL": "https://www.toronto.ca/explore-enjoy/parks-recreation/places-spaces/parks-and-recreation-facilities/location/?id=2332" }, "geometry": { "type": "MultiPoint", "coordinates": [ [ -79.272158316443594, 43.785448791563702 ] ] } },
{ "type": "Feature", "properties": { "_id": 1353, "LOCATIONID": "1094", "ASSET_ID": 830.0, "ASSET_NAME": "PORT UNION VILLAGE COMMON PARK", "TYPE": "Park", "AMENITIES": "Playground, Washroom", "ADDRESS": "105 Bridgend St", "PHONE": "None", "URL": "https://www.toronto.ca/explore-enjoy/parks-recreation/places-spaces/parks-and-recreation-facilities/location/?id=1094" }, "geometry": { "type": "MultiPoint", "coordinates": [ [ -79.135095598463394, 43.7757475520486 ] ] } },
{ "type": "Feature", "properties": { "_id": 1354, "LOCATIONID": "2317", "ASSET_ID": 1744.0, "ASSET_NAME": "FINCH PARKETTE", "TYPE": "Park", "AMENITIES": "None", "ADDRESS": "30 Finch Ave E", "PHONE": "None", "URL": "https://www.toronto.ca/explore-enjoy/parks-recreation/places-spaces/parks-and-recreation-facilities/location/?id=2317" }, "geometry": { "type": "MultiPoint", "coordinates": [ [ -79.414222186895998, 43.780349730162797 ] ] } },
{ "type": "Feature", "properties": { "_id": 1355, "LOCATIONID": "723", "ASSET_ID": 811.0, "ASSET_NAME": "PELMO PARK", "TYPE": "Park", "AMENITIES": "Ball Diamond, Outdoor Dry Pad, Pickleball Court, Playground, Tennis Court", "ADDRESS": "171 Pellatt Ave", "PHONE": "None", "URL": "https://www.toronto.ca/explore-enjoy/parks-recreation/places-spaces/parks-and-recreation-facilities/location/?id=723" }, "geometry": { "type": "MultiPoint", "coordinates": [ [ -79.517616118801499, 43.713375499967398 ] ] } },
{ "type": "Feature", "properties": { "_id": 1356, "LOCATIONID": "2513", "ASSET_ID": 1129.0, "ASSET_NAME": "WILLOWFIELD GARDENS PARK", "TYPE": "Park", "AMENITIES": "None", "ADDRESS": "97 Pachino Blvd", "PHONE": "None", "URL": "https://www.toronto.ca/explore-enjoy/parks-recreation/places-spaces/parks-and-recreation-facilities/location/?id=2513" }, "geometry": { "type": "MultiPoint", "coordinates": [ [ -79.309046242737793, 43.764528536164597 ] ] } },
{ "type": "Feature", "properties": { "_id": 1357, "LOCATIONID": "2221", "ASSET_ID": 217.0, "ASSET_NAME": "COLLINGWOOD PARK", "TYPE": "Park", "AMENITIES": "Playground", "ADDRESS": "30 Collingwood St", "PHONE": "None", "URL": "https://www.toronto.ca/explore-enjoy/parks-recreation/places-spaces/parks-and-recreation-facilities/location/?id=2221" }, "geometry": { "type": "MultiPoint", "coordinates": [ [ -79.283896352885506, 43.782634345932998 ] ] } },
{ "type": "Feature", "properties": { "_id": 1358, "LOCATIONID": "2552", "ASSET_ID": 853.0, "ASSET_NAME": "RANCHDALE PARK", "TYPE": "Park", "AMENITIES": "Playground", "ADDRESS": "44 Ranchdale Cres", "PHONE": "None", "URL": "https://www.toronto.ca/explore-enjoy/parks-recreation/places-spaces/parks-and-recreation-facilities/location/?id=2552" }, "geometry": { "type": "MultiPoint", "coordinates": [ [ -79.323011574157405, 43.7511797658698 ] ] } },
{ "type": "Feature", "properties": { "_id": 1359, "LOCATIONID": "2468", "ASSET_ID": 697.0, "ASSET_NAME": "MCALLISTER PARK", "TYPE": "Park", "AMENITIES": "Playground", "ADDRESS": "31 McAllister Rd", "PHONE": "None", "URL": "https://www.toronto.ca/explore-enjoy/parks-recreation/places-spaces/parks-and-recreation-facilities/location/?id=2468" }, "geometry": { "type": "MultiPoint", "coordinates": [ [ -79.440043017277702, 43.752672485365601 ] ] } },
{ "type": "Feature", "properties": { "_id": 1360, "LOCATIONID": "2586", "ASSET_ID": 572.0, "ASSET_NAME": "KEMPFORD PARKETTE", "TYPE": "Park", "AMENITIES": "Playground", "ADDRESS": "15 Santa Barbara Rd", "PHONE": "None", "URL": "https://www.toronto.ca/explore-enjoy/parks-recreation/places-spaces/parks-and-recreation-facilities/location/?id=2586" }, "geometry": { "type": "MultiPoint", "coordinates": [ [ -79.416667155358894, 43.773569704398703 ] ] } },
{ "type": "Feature", "properties": { "_id": 1361, "LOCATIONID": "2268", "ASSET_ID": 769.0, "ASSET_NAME": "NORTHTOWN PARK", "TYPE": "Park", "AMENITIES": "Playground", "ADDRESS": "435 Doris Ave", "PHONE": "None", "URL": "https://www.toronto.ca/explore-enjoy/parks-recreation/places-spaces/parks-and-recreation-facilities/location/?id=2268" }, "geometry": { "type": "MultiPoint", "coordinates": [ [ -79.411590800478606, 43.775799925453697 ] ] } },
{ "type": "Feature", "properties": { "_id": 1362, "LOCATIONID": "3781", "ASSET_ID": 70942.0, "ASSET_NAME": "CHIMNEY SWIFT PARK", "TYPE": "Park", "AMENITIES": "Playground", "ADDRESS": "19 Glen Agar Dr", "PHONE": "None", "URL": "https://www.toronto.ca/explore-enjoy/parks-recreation/places-spaces/parks-and-recreation-facilities/location/?id=3781" }, "geometry": { "type": "MultiPoint", "coordinates": [ [ -79.550987595818498, 43.661519711027601 ] ] } },
{ "type": "Feature", "properties": { "_id": 1363, "LOCATIONID": "586", "ASSET_ID": 1138.0, "ASSET_NAME": "WISHING WELL PARK", "TYPE": "Park", "AMENITIES": "Ball Diamond, Playground, Tennis Court, Washroom", "ADDRESS": "1700 Pharmacy Ave", "PHONE": "None", "URL": "https://www.toronto.ca/explore-enjoy/parks-recreation/places-spaces/parks-and-recreation-facilities/location/?id=586" }, "geometry": { "type": "MultiPoint", "coordinates": [ [ -79.316620395899207, 43.769868446475698 ] ] } },
{ "type": "Feature", "properties": { "_id": 1364, "LOCATIONID": "2086", "ASSET_ID": 29.0, "ASSET_NAME": "AMBROSE PARKETTE", "TYPE": "Park", "AMENITIES": "None", "ADDRESS": "5 Ambrose Rd", "PHONE": "None", "URL": "https://www.toronto.ca/explore-enjoy/parks-recreation/places-spaces/parks-and-recreation-facilities/location/?id=2086" }, "geometry": { "type": "MultiPoint", "coordinates": [ [ -79.370772352752795, 43.770792581101901 ] ] } },
{ "type": "Feature", "properties": { "_id": 1365, "LOCATIONID": "2231", "ASSET_ID": 1404.0, "ASSET_NAME": "MANSE ROAD PARK", "TYPE": "Park", "AMENITIES": "Basketball Court", "ADDRESS": "440 Coronation Dr", "PHONE": "None", "URL": "https://www.toronto.ca/explore-enjoy/parks-recreation/places-spaces/parks-and-recreation-facilities/location/?id=2231" }, "geometry": { "type": "MultiPoint", "coordinates": [ [ -79.172117712743102, 43.766196646931 ] ] } },
{ "type": "Feature", "properties": { "_id": 1366, "LOCATIONID": "2078", "ASSET_ID": 2.0, "ASSET_NAME": "ABBOTSFORD PARK", "TYPE": "Park", "AMENITIES": "Playground", "ADDRESS": "2 A Abbotsford Rd", "PHONE": "None", "URL": "https://www.toronto.ca/explore-enjoy/parks-recreation/places-spaces/parks-and-recreation-facilities/location/?id=2078" }, "geometry": { "type": "MultiPoint", "coordinates": [ [ -79.421611509754399, 43.770629892310701 ] ] } },
{ "type": "Feature", "properties": { "_id": 1367, "LOCATIONID": "694", "ASSET_ID": 725.0, "ASSET_NAME": "MOATFIELD FARM PARK", "TYPE": "Park", "AMENITIES": "Sports Field", "ADDRESS": "355 Lesmill Rd", "PHONE": "None", "URL": "https://www.toronto.ca/explore-enjoy/parks-recreation/places-spaces/parks-and-recreation-facilities/location/?id=694" }, "geometry": { "type": "MultiPoint", "coordinates": [ [ -79.358639521685603, 43.764121130168498 ] ] } },
{ "type": "Feature", "properties": { "_id": 1368, "LOCATIONID": "2174", "ASSET_ID": 979.0, "ASSET_NAME": "ST. ANDREWS PARK - SCARBOROUGH", "TYPE": "Park", "AMENITIES": "Ball Diamond", "ADDRESS": "50 Brimorton Dr", "PHONE": "None", "URL": "https://www.toronto.ca/explore-enjoy/parks-recreation/places-spaces/parks-and-recreation-facilities/location/?id=2174" }, "geometry": { "type": "MultiPoint", "coordinates": [ [ -79.255832027612001, 43.766935826110597 ] ] } },
{ "type": "Feature", "properties": { "_id": 1369, "LOCATIONID": "2315", "ASSET_ID": 110.0, "ASSET_NAME": "BLACK CREEK PARKLAND", "TYPE": "Park", "AMENITIES": "None", "ADDRESS": "1650 Finch Ave W", "PHONE": "None", "URL": "https://www.toronto.ca/explore-enjoy/parks-recreation/places-spaces/parks-and-recreation-facilities/location/?id=2315" }, "geometry": { "type": "MultiPoint", "coordinates": [ [ -79.506219589500802, 43.761195213206399 ] ] } },
{ "type": "Feature", "properties": { "_id": 1370, "LOCATIONID": "3717", "ASSET_ID": 69462.0, "ASSET_NAME": "ISAAC DEVINS PARK", "TYPE": "Park", "AMENITIES": "Outdoor Fitness Equipment, Playground", "ADDRESS": "55 Isaac Devins Blvd", "PHONE": "None", "URL": "https://www.toronto.ca/explore-enjoy/parks-recreation/places-spaces/parks-and-recreation-facilities/location/?id=3717" }, "geometry": { "type": "MultiPoint", "coordinates": [ [ -79.532064396295297, 43.729620883416601 ] ] } },
{ "type": "Feature", "properties": { "_id": 1371, "LOCATIONID": "2144", "ASSET_ID": 93.0, "ASSET_NAME": "BESSARION PARKETTE", "TYPE": "Park", "AMENITIES": "None", "ADDRESS": "72 Bessarion Rd", "PHONE": "None", "URL": "https://www.toronto.ca/explore-enjoy/parks-recreation/places-spaces/parks-and-recreation-facilities/location/?id=2144" }, "geometry": { "type": "MultiPoint", "coordinates": [ [ -79.377107353802998, 43.768818860386297 ] ] } },
{ "type": "Feature", "properties": { "_id": 1372, "LOCATIONID": "2573", "ASSET_ID": 901.0, "ASSET_NAME": "ROWATSON PARK", "TYPE": "Park", "AMENITIES": "Playground", "ADDRESS": "37 Rowatson Rd", "PHONE": "None", "URL": "https://www.toronto.ca/explore-enjoy/parks-recreation/places-spaces/parks-and-recreation-facilities/location/?id=2573" }, "geometry": { "type": "MultiPoint", "coordinates": [ [ -79.201976653072904, 43.7488431151302 ] ] } },
{ "type": "Feature", "properties": { "_id": 1373, "LOCATIONID": "2574", "ASSET_ID": 902.0, "ASSET_NAME": "ROWENA PARK", "TYPE": "Park", "AMENITIES": "Playground", "ADDRESS": "75 Rowena Dr", "PHONE": "None", "URL": "https://www.toronto.ca/explore-enjoy/parks-recreation/places-spaces/parks-and-recreation-facilities/location/?id=2574" }, "geometry": { "type": "MultiPoint", "coordinates": [ [ -79.315458164791096, 43.750224458158598 ] ] } },
{ "type": "Feature", "properties": { "_id": 1374, "LOCATIONID": "651", "ASSET_ID": 451.0, "ASSET_NAME": "GWENDOLEN PARK", "TYPE": "Park", "AMENITIES": "Ball Diamond, Outdoor Fitness Equipment, Outdoor Ping Pong/Table Tennis, Playground, Tennis Court, Washroom", "ADDRESS": "3 Gwendolen Cres", "PHONE": "None", "URL": "https://www.toronto.ca/explore-enjoy/parks-recreation/places-spaces/parks-and-recreation-facilities/location/?id=651" }, "geometry": { "type": "MultiPoint", "coordinates": [ [ -79.419986674549094, 43.751318719930097 ] ] } },
{ "type": "Feature", "properties": { "_id": 1375, "LOCATIONID": "2347", "ASSET_ID": 795.0, "ASSET_NAME": "OWEN PARK", "TYPE": "Park", "AMENITIES": "Playground", "ADDRESS": "150 Gordon Rd", "PHONE": "None", "URL": "https://www.toronto.ca/explore-enjoy/parks-recreation/places-spaces/parks-and-recreation-facilities/location/?id=2347" }, "geometry": { "type": "MultiPoint", "coordinates": [ [ -79.3908472707638, 43.749288220738698 ] ] } },
{ "type": "Feature", "properties": { "_id": 1376, "LOCATIONID": "481", "ASSET_ID": 772.0, "ASSET_NAME": "NORTHWOOD PARK", "TYPE": "Park", "AMENITIES": "Firepit, Picnic Site, Washroom", "ADDRESS": "140 Stilecroft Dr", "PHONE": "None", "URL": "https://www.toronto.ca/explore-enjoy/parks-recreation/places-spaces/parks-and-recreation-facilities/location/?id=481" }, "geometry": { "type": "MultiPoint", "coordinates": [ [ -79.498929107873906, 43.746789518879901 ] ] } },
{ "type": "Feature", "properties": { "_id": 1377, "LOCATIONID": "2610", "ASSET_ID": 1515.0, "ASSET_NAME": "SPRING GARDEN PARKETTE", "TYPE": "Park", "AMENITIES": "None", "ADDRESS": "123 Spring Garden Ave", "PHONE": "None", "URL": "https://www.toronto.ca/explore-enjoy/parks-recreation/places-spaces/parks-and-recreation-facilities/location/?id=2610" }, "geometry": { "type": "MultiPoint", "coordinates": [ [ -79.406056419564493, 43.765032630316298 ] ] } },
{ "type": "Feature", "properties": { "_id": 1378, "LOCATIONID": "620", "ASSET_ID": 988.0, "ASSET_NAME": "ST. MARGARETS PARKETTE", "TYPE": "Park", "AMENITIES": "None", "ADDRESS": "4138 Lawrence Ave E", "PHONE": "None", "URL": "https://www.toronto.ca/explore-enjoy/parks-recreation/places-spaces/parks-and-recreation-facilities/location/?id=620" }, "geometry": { "type": "MultiPoint", "coordinates": [ [ -79.192605820871194, 43.767485611936003 ] ] } },
{ "type": "Feature", "properties": { "_id": 1379, "LOCATIONID": "543", "ASSET_ID": 1036.0, "ASSET_NAME": "THOMSON MEMORIAL PARK", "TYPE": "Park", "AMENITIES": "Ball Diamond, Dog Off-Leash Area, Firepit, Outdoor Fitness Equipment, Picnic Site, Playground, Sports Field, Tennis Court, Washroom", "ADDRESS": "1005 Brimley Rd", "PHONE": "None", "URL": "https://www.toronto.ca/explore-enjoy/parks-recreation/places-spaces/parks-and-recreation-facilities/location/?id=543" }, "geometry": { "type": "MultiPoint", "coordinates": [ [ -79.253370888425195, 43.757578621213099 ] ] } },
{ "type": "Feature", "properties": { "_id": 1380, "LOCATIONID": "2357", "ASSET_ID": 1336.0, "ASSET_NAME": "GREY ABBEY PARK", "TYPE": "Park", "AMENITIES": "Playground", "ADDRESS": "180 Greyabbey Trl", "PHONE": "None", "URL": "https://www.toronto.ca/explore-enjoy/parks-recreation/places-spaces/parks-and-recreation-facilities/location/?id=2357" }, "geometry": { "type": "MultiPoint", "coordinates": [ [ -79.172014629259195, 43.756294927816697 ] ] } },
{ "type": "Feature", "properties": { "_id": 1381, "LOCATIONID": "3838", "ASSET_ID": 60722.0, "ASSET_NAME": "RACCOON PARK", "TYPE": "Park", "AMENITIES": "Playground", "ADDRESS": "86 Soudan Ave", "PHONE": "None", "URL": "https://www.toronto.ca/explore-enjoy/parks-recreation/places-spaces/parks-and-recreation-facilities/location/?id=3838" }, "geometry": { "type": "MultiPoint", "coordinates": [ [ -79.395060191028406, 43.705171134606402 ] ] } },
{ "type": "Feature", "properties": { "_id": 1382, "LOCATIONID": "3578", "ASSET_ID": 60822.0, "ASSET_NAME": "SILVERTHORN PARKETTE", "TYPE": "Park", "AMENITIES": "Playground", "ADDRESS": "181 Scott Rd", "PHONE": "None", "URL": "https://www.toronto.ca/explore-enjoy/parks-recreation/places-spaces/parks-and-recreation-facilities/location/?id=3578" }, "geometry": { "type": "MultiPoint", "coordinates": [ [ -79.471064918629295, 43.687518317437998 ] ] } },
{ "type": "Feature", "properties": { "_id": 1383, "LOCATIONID": "2448", "ASSET_ID": 656.0, "ASSET_NAME": "LYNEDOCK PARK", "TYPE": "Park", "AMENITIES": "Playground", "ADDRESS": "29 Lynedock Cres", "PHONE": "None", "URL": "https://www.toronto.ca/explore-enjoy/parks-recreation/places-spaces/parks-and-recreation-facilities/location/?id=2448" }, "geometry": { "type": "MultiPoint", "coordinates": [ [ -79.331340621061102, 43.7623052666383 ] ] } },
{ "type": "Feature", "properties": { "_id": 1384, "LOCATIONID": "2161", "ASSET_ID": 124.0, "ASSET_NAME": "BRATTY PARK", "TYPE": "Park", "AMENITIES": "None", "ADDRESS": "40 Bratty Rd", "PHONE": "None", "URL": "https://www.toronto.ca/explore-enjoy/parks-recreation/places-spaces/parks-and-recreation-facilities/location/?id=2161" }, "geometry": { "type": "MultiPoint", "coordinates": [ [ -79.495978692038804, 43.757349409602398 ] ] } },
{ "type": "Feature", "properties": { "_id": 1385, "LOCATIONID": "2365", "ASSET_ID": 471.0, "ASSET_NAME": "HAWKSBURY PARK", "TYPE": "Park", "AMENITIES": "Playground, Tennis Court", "ADDRESS": "1 A Hawksbury Dr", "PHONE": "None", "URL": "https://www.toronto.ca/explore-enjoy/parks-recreation/places-spaces/parks-and-recreation-facilities/location/?id=2365" }, "geometry": { "type": "MultiPoint", "coordinates": [ [ -79.383061752456598, 43.770857554105703 ] ] } },
{ "type": "Feature", "properties": { "_id": 1386, "LOCATIONID": "1065", "ASSET_ID": 384.0, "ASSET_NAME": "FRANK FAUBERT WOOD LOT", "TYPE": "Park", "AMENITIES": "Dog Off-Leash Area", "ADDRESS": "185 Borough Dr", "PHONE": "None", "URL": "https://www.toronto.ca/explore-enjoy/parks-recreation/places-spaces/parks-and-recreation-facilities/location/?id=1065" }, "geometry": { "type": "MultiPoint", "coordinates": [ [ -79.255361646634896, 43.772025305579 ] ] } },
{ "type": "Feature", "properties": { "_id": 1387, "LOCATIONID": "1890", "ASSET_ID": 203.0, "ASSET_NAME": "CLARINDA PARK", "TYPE": "Park", "AMENITIES": "Playground", "ADDRESS": "31 A Clarinda Dr", "PHONE": "None", "URL": "https://www.toronto.ca/explore-enjoy/parks-recreation/places-spaces/parks-and-recreation-facilities/location/?id=1890" }, "geometry": { "type": "MultiPoint", "coordinates": [ [ -79.369202424791794, 43.774520410807597 ] ] } },
{ "type": "Feature", "properties": { "_id": 1388, "LOCATIONID": "2520", "ASSET_ID": 803.0, "ASSET_NAME": "PARKVIEW PARK", "TYPE": "Park", "AMENITIES": "Playground", "ADDRESS": "355 Parkview Ave", "PHONE": "None", "URL": "https://www.toronto.ca/explore-enjoy/parks-recreation/places-spaces/parks-and-recreation-facilities/location/?id=2520" }, "geometry": { "type": "MultiPoint", "coordinates": [ [ -79.393763457589202, 43.7748750427602 ] ] } },
{ "type": "Feature", "properties": { "_id": 1389, "LOCATIONID": "619", "ASSET_ID": 658.0, "ASSET_NAME": "LYNNGATE PARK", "TYPE": "Park", "AMENITIES": "Ball Diamond, Playground", "ADDRESS": "133 Cass Ave", "PHONE": "None", "URL": "https://www.toronto.ca/explore-enjoy/parks-recreation/places-spaces/parks-and-recreation-facilities/location/?id=619" }, "geometry": { "type": "MultiPoint", "coordinates": [ [ -79.299631315610796, 43.776966660778797 ] ] } },
{ "type": "Feature", "properties": { "_id": 1390, "LOCATIONID": "1861", "ASSET_ID": 860.0, "ASSET_NAME": "REAN PARK", "TYPE": "Park", "AMENITIES": "Playground", "ADDRESS": "7 Rean Dr", "PHONE": "None", "URL": "https://www.toronto.ca/explore-enjoy/parks-recreation/places-spaces/parks-and-recreation-facilities/location/?id=1861" }, "geometry": { "type": "MultiPoint", "coordinates": [ [ -79.381202621828294, 43.765827635102603 ] ] } },
{ "type": "Feature", "properties": { "_id": 1391, "LOCATIONID": "2584", "ASSET_ID": 917.0, "ASSET_NAME": "SANDOVER PARK", "TYPE": "Park", "AMENITIES": "Playground", "ADDRESS": "10 Sandover Dr", "PHONE": "None", "URL": "https://www.toronto.ca/explore-enjoy/parks-recreation/places-spaces/parks-and-recreation-facilities/location/?id=2584" }, "geometry": { "type": "MultiPoint", "coordinates": [ [ -79.334108821811995, 43.7607992253483 ] ] } },
{ "type": "Feature", "properties": { "_id": 1392, "LOCATIONID": "3584", "ASSET_ID": 60482.0, "ASSET_NAME": "DIAMOND JUBILEE PROMENADE", "TYPE": "Park", "AMENITIES": "None", "ADDRESS": "476 FRONT ST E", "PHONE": "None", "URL": "https://www.toronto.ca/explore-enjoy/parks-recreation/places-spaces/parks-and-recreation-facilities/location/?id=3584" }, "geometry": { "type": "MultiPoint", "coordinates": [ [ -79.355158352276305, 43.653415302449403 ] ] } },
{ "type": "Feature", "properties": { "_id": 1393, "LOCATIONID": "44", "ASSET_ID": 300.0, "ASSET_NAME": "DUNCAN MILL GREENBELT", "TYPE": "Park", "AMENITIES": "Sports Field", "ADDRESS": "100 Moatfield Dr", "PHONE": "None", "URL": "https://www.toronto.ca/explore-enjoy/parks-recreation/places-spaces/parks-and-recreation-facilities/location/?id=44" }, "geometry": { "type": "MultiPoint", "coordinates": [ [ -79.348403538696303, 43.760233056715599 ] ] } },
{ "type": "Feature", "properties": { "_id": 1394, "LOCATIONID": "465", "ASSET_ID": 119.0, "ASSET_NAME": "BOND PARK", "TYPE": "Park", "AMENITIES": "Ball Diamond, Tennis Court, Washroom", "ADDRESS": "120 Bond Ave", "PHONE": "None", "URL": "https://www.toronto.ca/explore-enjoy/parks-recreation/places-spaces/parks-and-recreation-facilities/location/?id=465" }, "geometry": { "type": "MultiPoint", "coordinates": [ [ -79.351249898016505, 43.746415377227102 ] ] } },
{ "type": "Feature", "properties": { "_id": 1395, "LOCATIONID": "463", "ASSET_ID": 62.0, "ASSET_NAME": "BANTING PARK", "TYPE": "Park", "AMENITIES": "Picnic Site, Playground", "ADDRESS": "40 Banting Ave", "PHONE": "None", "URL": "https://www.toronto.ca/explore-enjoy/parks-recreation/places-spaces/parks-and-recreation-facilities/location/?id=463" }, "geometry": { "type": "MultiPoint", "coordinates": [ [ -79.459300142981306, 43.749001687282899 ] ] } },
{ "type": "Feature", "properties": { "_id": 1396, "LOCATIONID": "2109", "ASSET_ID": 1176.0, "ASSET_NAME": "BAKERTON PARKETTE", "TYPE": "Park", "AMENITIES": "None", "ADDRESS": "25 Bakerton Dr", "PHONE": "None", "URL": "https://www.toronto.ca/explore-enjoy/parks-recreation/places-spaces/parks-and-recreation-facilities/location/?id=2109" }, "geometry": { "type": "MultiPoint", "coordinates": [ [ -79.222827107643596, 43.746633937168397 ] ] } },
{ "type": "Feature", "properties": { "_id": 1397, "LOCATIONID": "2254", "ASSET_ID": 264.0, "ASSET_NAME": "DEANVAR PARKETTE", "TYPE": "Park", "AMENITIES": "Playground", "ADDRESS": "45 Deanvar Ave", "PHONE": "None", "URL": "https://www.toronto.ca/explore-enjoy/parks-recreation/places-spaces/parks-and-recreation-facilities/location/?id=2254" }, "geometry": { "type": "MultiPoint", "coordinates": [ [ -79.3082612043778, 43.747295816643202 ] ] } },
{ "type": "Feature", "properties": { "_id": 1398, "LOCATIONID": "683", "ASSET_ID": 631.0, "ASSET_NAME": "LINDYLOU PARK", "TYPE": "Park", "AMENITIES": "Playground", "ADDRESS": "14 Lanyard Rd", "PHONE": "None", "URL": "https://www.toronto.ca/explore-enjoy/parks-recreation/places-spaces/parks-and-recreation-facilities/location/?id=683" }, "geometry": { "type": "MultiPoint", "coordinates": [ [ -79.544907317399804, 43.749448335639002 ] ] } },
{ "type": "Feature", "properties": { "_id": 1399, "LOCATIONID": "2080", "ASSET_ID": 9.0, "ASSET_NAME": "AILSA CRAIG PARKETTE", "TYPE": "Park", "AMENITIES": "Playground", "ADDRESS": "16 Ailsa Craig Crt", "PHONE": "None", "URL": "https://www.toronto.ca/explore-enjoy/parks-recreation/places-spaces/parks-and-recreation-facilities/location/?id=2080" }, "geometry": { "type": "MultiPoint", "coordinates": [ [ -79.448172177461103, 43.775447163251599 ] ] } },
{ "type": "Feature", "properties": { "_id": 1400, "LOCATIONID": "649", "ASSET_ID": 440.0, "ASSET_NAME": "GRAYDON HALL PARK", "TYPE": "Park", "AMENITIES": "Playground, Tennis Court", "ADDRESS": "215 Graydon Hall Dr", "PHONE": "None", "URL": "https://www.toronto.ca/explore-enjoy/parks-recreation/places-spaces/parks-and-recreation-facilities/location/?id=649" }, "geometry": { "type": "MultiPoint", "coordinates": [ [ -79.342043229822295, 43.762956303147099 ] ] } },
{ "type": "Feature", "properties": { "_id": 1401, "LOCATIONID": "501", "ASSET_ID": 304.0, "ASSET_NAME": "DUNLACE PARK", "TYPE": "Park", "AMENITIES": "Playground, Tennis Court", "ADDRESS": "28 Dunlace Dr", "PHONE": "None", "URL": "https://www.toronto.ca/explore-enjoy/parks-recreation/places-spaces/parks-and-recreation-facilities/location/?id=501" }, "geometry": { "type": "MultiPoint", "coordinates": [ [ -79.368497109441606, 43.762755176003502 ] ] } },
{ "type": "Feature", "properties": { "_id": 1402, "LOCATIONID": "500", "ASSET_ID": 43.0, "ASSET_NAME": "APTED PARK", "TYPE": "Park", "AMENITIES": "Playground, Sports Field", "ADDRESS": "50 Apted Ave", "PHONE": "None", "URL": "https://www.toronto.ca/explore-enjoy/parks-recreation/places-spaces/parks-and-recreation-facilities/location/?id=500" }, "geometry": { "type": "MultiPoint", "coordinates": [ [ -79.577373731068406, 43.755426199755703 ] ] } },
{ "type": "Feature", "properties": { "_id": 1403, "LOCATIONID": "2359", "ASSET_ID": 887.0, "ASSET_NAME": "ROSA AND SPENCER CLARK PARKETTE", "TYPE": "Park", "AMENITIES": "None", "ADDRESS": "61 Guildwood Pkwy", "PHONE": "None", "URL": "https://www.toronto.ca/explore-enjoy/parks-recreation/places-spaces/parks-and-recreation-facilities/location/?id=2359" }, "geometry": { "type": "MultiPoint", "coordinates": [ [ -79.202572618635998, 43.7458802925035 ] ] } },
{ "type": "Feature", "properties": { "_id": 1404, "LOCATIONID": "764", "ASSET_ID": 1037.0, "ASSET_NAME": "THREE VALLEYS PARK", "TYPE": "Park", "AMENITIES": "Playground, Tennis Court", "ADDRESS": "82 Three Valleys Dr", "PHONE": "None", "URL": "https://www.toronto.ca/explore-enjoy/parks-recreation/places-spaces/parks-and-recreation-facilities/location/?id=764" }, "geometry": { "type": "MultiPoint", "coordinates": [ [ -79.339444492033195, 43.750597340663802 ] ] } },
{ "type": "Feature", "properties": { "_id": 1405, "LOCATIONID": "3846", "ASSET_ID": 72642.0, "ASSET_NAME": "174 SOUDAN AVENUE PARK", "TYPE": "Park", "AMENITIES": "None", "ADDRESS": "174 Soudan Ave", "PHONE": "None", "URL": "https://www.toronto.ca/explore-enjoy/parks-recreation/places-spaces/parks-and-recreation-facilities/location/?id=3846" }, "geometry": { "type": "MultiPoint", "coordinates": [ [ -79.391759341328395, 43.705746820449498 ] ] } },
{ "type": "Feature", "properties": { "_id": 1406, "LOCATIONID": "2607", "ASSET_ID": 973.0, "ASSET_NAME": "SOUTHWELL PARK", "TYPE": "Park", "AMENITIES": "Playground", "ADDRESS": "25 Southwell Dr", "PHONE": "None", "URL": "https://www.toronto.ca/explore-enjoy/parks-recreation/places-spaces/parks-and-recreation-facilities/location/?id=2607" }, "geometry": { "type": "MultiPoint", "coordinates": [ [ -79.355763865710998, 43.747184230991003 ] ] } },
{ "type": "Feature", "properties": { "_id": 1407, "LOCATIONID": "779", "ASSET_ID": 531.0, "ASSET_NAME": "IRVING PAISLEY PARK", "TYPE": "Park", "AMENITIES": "Ball Diamond, Basketball Court, Playground", "ADDRESS": "2539 A Bayview Ave", "PHONE": "None", "URL": "https://www.toronto.ca/explore-enjoy/parks-recreation/places-spaces/parks-and-recreation-facilities/location/?id=779" }, "geometry": { "type": "MultiPoint", "coordinates": [ [ -79.382442670380101, 43.747647921988701 ] ] } },
{ "type": "Feature", "properties": { "_id": 1408, "LOCATIONID": "3699", "ASSET_ID": 73006.0, "ASSET_NAME": "LIVINGSTON ROAD PARK SOUTH", "TYPE": "Park", "AMENITIES": "None", "ADDRESS": "61 Livingston Rd", "PHONE": "None", "URL": "https://www.toronto.ca/explore-enjoy/parks-recreation/places-spaces/parks-and-recreation-facilities/location/?id=3699" }, "geometry": { "type": "MultiPoint", "coordinates": [ [ -79.197724637655895, 43.745226571446402 ] ] } },
{ "type": "Feature", "properties": { "_id": 1409, "LOCATIONID": "498", "ASSET_ID": 42.0, "ASSET_NAME": "ANTIBES PARK", "TYPE": "Park", "AMENITIES": "Playground", "ADDRESS": "109 Antibes Dr", "PHONE": "None", "URL": "https://www.toronto.ca/explore-enjoy/parks-recreation/places-spaces/parks-and-recreation-facilities/location/?id=498" }, "geometry": { "type": "MultiPoint", "coordinates": [ [ -79.4479743898696, 43.779171114513503 ] ] } },
{ "type": "Feature", "properties": { "_id": 1410, "LOCATIONID": "3546", "ASSET_ID": 59605.0, "ASSET_NAME": "GRASETT PARK", "TYPE": "Park", "AMENITIES": "None", "ADDRESS": "303 Adelaide St W", "PHONE": "None", "URL": "https://www.toronto.ca/explore-enjoy/parks-recreation/places-spaces/parks-and-recreation-facilities/location/?id=3546" }, "geometry": { "type": "MultiPoint", "coordinates": [ [ -79.391275508454498, 43.647511382601998 ] ] } },
{ "type": "Feature", "properties": { "_id": 1411, "LOCATIONID": "718", "ASSET_ID": 804.0, "ASSET_NAME": "PARKWAY FOREST PARK", "TYPE": "Park", "AMENITIES": "Ball Diamond, Basketball Court, Dog Off-Leash Area, Outdoor Fitness Equipment, Playground, Sports Field", "ADDRESS": "80 Parkway Forest Dr", "PHONE": "None", "URL": "https://www.toronto.ca/explore-enjoy/parks-recreation/places-spaces/parks-and-recreation-facilities/location/?id=718" }, "geometry": { "type": "MultiPoint", "coordinates": [ [ -79.3422030461915, 43.771513418939001 ] ] } },
{ "type": "Feature", "properties": { "_id": 1412, "LOCATIONID": "311", "ASSET_ID": 1145.0, "ASSET_NAME": "WOODBINE BEACH PARK", "TYPE": "Park", "AMENITIES": "Beach, Outdoor Fitness Equipment, Picnic Site, Playground, Washroom", "ADDRESS": "1675 Lake Shore Blvd E", "PHONE": "None", "URL": "https://www.toronto.ca/explore-enjoy/parks-recreation/places-spaces/parks-and-recreation-facilities/location/?id=311" }, "geometry": { "type": "MultiPoint", "coordinates": [ [ -79.308754061316606, 43.662205610421204 ] ] } },
{ "type": "Feature", "properties": { "_id": 1413, "LOCATIONID": "602", "ASSET_ID": 288.0, "ASSET_NAME": "DORSET PARK", "TYPE": "Park", "AMENITIES": "Ball Diamond, Playground", "ADDRESS": "5 Glaive Dr", "PHONE": "None", "URL": "https://www.toronto.ca/explore-enjoy/parks-recreation/places-spaces/parks-and-recreation-facilities/location/?id=602" }, "geometry": { "type": "MultiPoint", "coordinates": [ [ -79.284332585562595, 43.761505202602102 ] ] } },
{ "type": "Feature", "properties": { "_id": 1414, "LOCATIONID": "2483", "ASSET_ID": 1101.0, "ASSET_NAME": "WEST BIRKDALE PARK", "TYPE": "Park", "AMENITIES": "Playground", "ADDRESS": "514 Midwest Rd", "PHONE": "None", "URL": "https://www.toronto.ca/explore-enjoy/parks-recreation/places-spaces/parks-and-recreation-facilities/location/?id=2483" }, "geometry": { "type": "MultiPoint", "coordinates": [ [ -79.272328740990702, 43.765813649435401 ] ] } },
{ "type": "Feature", "properties": { "_id": 1415, "LOCATIONID": "956", "ASSET_ID": 707.0, "ASSET_NAME": "MEL LASTMAN SQUARE", "TYPE": "Park", "AMENITIES": "Outdoor Ping Pong/Table Tennis", "ADDRESS": "5100 Yonge St", "PHONE": "None", "URL": "https://www.toronto.ca/explore-enjoy/parks-recreation/places-spaces/parks-and-recreation-facilities/location/?id=956" }, "geometry": { "type": "MultiPoint", "coordinates": [ [ -79.413540444397597, 43.767578587940001 ] ] } },
{ "type": "Feature", "properties": { "_id": 1416, "LOCATIONID": "1079", "ASSET_ID": 315.0, "ASSET_NAME": "EAST POINT PARK", "TYPE": "Park", "AMENITIES": "Ball Diamond, Washroom", "ADDRESS": "101 Copperfield Rd", "PHONE": "None", "URL": "https://www.toronto.ca/explore-enjoy/parks-recreation/places-spaces/parks-and-recreation-facilities/location/?id=1079" }, "geometry": { "type": "MultiPoint", "coordinates": [ [ -79.156878064535704, 43.7609686036526 ] ] } },
{ "type": "Feature", "properties": { "_id": 1417, "LOCATIONID": "706", "ASSET_ID": 671.0, "ASSET_NAME": "MANHATTAN PARK", "TYPE": "Park", "AMENITIES": "Ball Diamond, Playground, Sports Field", "ADDRESS": "100 Manhattan Dr", "PHONE": "None", "URL": "https://www.toronto.ca/explore-enjoy/parks-recreation/places-spaces/parks-and-recreation-facilities/location/?id=706" }, "geometry": { "type": "MultiPoint", "coordinates": [ [ -79.294720506236004, 43.753748285368701 ] ] } },
{ "type": "Feature", "properties": { "_id": 1418, "LOCATIONID": "2401", "ASSET_ID": 1369.0, "ASSET_NAME": "KENASTON GARDENS PARKETTE", "TYPE": "Park", "AMENITIES": "None", "ADDRESS": "12 Kenaston Gdns", "PHONE": "None", "URL": "https://www.toronto.ca/explore-enjoy/parks-recreation/places-spaces/parks-and-recreation-facilities/location/?id=2401" }, "geometry": { "type": "MultiPoint", "coordinates": [ [ -79.386285751465095, 43.766308328600097 ] ] } },
{ "type": "Feature", "properties": { "_id": 1419, "LOCATIONID": "993", "ASSET_ID": 567.0, "ASSET_NAME": "KAY PARK", "TYPE": "Park", "AMENITIES": "Playground", "ADDRESS": "32 Cathy Jean Cres", "PHONE": "None", "URL": "https://www.toronto.ca/explore-enjoy/parks-recreation/places-spaces/parks-and-recreation-facilities/location/?id=993" }, "geometry": { "type": "MultiPoint", "coordinates": [ [ -79.592698766111994, 43.757986510868697 ] ] } },
{ "type": "Feature", "properties": { "_id": 1420, "LOCATIONID": "3842", "ASSET_ID": 72262.0, "ASSET_NAME": "58 CURZON STREET PARK", "TYPE": "Park", "AMENITIES": "Playground", "ADDRESS": "58 Curzon St", "PHONE": "None", "URL": "https://www.toronto.ca/explore-enjoy/parks-recreation/places-spaces/parks-and-recreation-facilities/location/?id=3842" }, "geometry": { "type": "MultiPoint", "coordinates": [ [ -79.332451472501404, 43.664841585444698 ] ] } },
{ "type": "Feature", "properties": { "_id": 1421, "LOCATIONID": "2399", "ASSET_ID": 498.0, "ASSET_NAME": "HOLLIS KALMAR PARK", "TYPE": "Park", "AMENITIES": "None", "ADDRESS": "146 Kalmar Ave", "PHONE": "None", "URL": "https://www.toronto.ca/explore-enjoy/parks-recreation/places-spaces/parks-and-recreation-facilities/location/?id=2399" }, "geometry": { "type": "MultiPoint", "coordinates": [ [ -79.271625457945404, 43.693976246725299 ] ] } },
{ "type": "Feature", "properties": { "_id": 1422, "LOCATIONID": "1057", "ASSET_ID": 275.0, "ASSET_NAME": "DENTONIA PARK", "TYPE": "Park", "AMENITIES": "Ball Diamond, Basketball Court, Cricket Pitch Field, Outdoor Ping Pong/Table Tennis, Picnic Site, Playground, Sports Field, Washroom", "ADDRESS": "80 Thyra Ave", "PHONE": "None", "URL": "https://www.toronto.ca/explore-enjoy/parks-recreation/places-spaces/parks-and-recreation-facilities/location/?id=1057" }, "geometry": { "type": "MultiPoint", "coordinates": [ [ -79.292901726067896, 43.693679766139503 ] ] } },
{ "type": "Feature", "properties": { "_id": 1423, "LOCATIONID": "2213", "ASSET_ID": 1408.0, "ASSET_NAME": "MCKEE PARKETTE", "TYPE": "Park", "AMENITIES": "None", "ADDRESS": "21 Church Ave", "PHONE": "None", "URL": "https://www.toronto.ca/explore-enjoy/parks-recreation/places-spaces/parks-and-recreation-facilities/location/?id=2213" }, "geometry": { "type": "MultiPoint", "coordinates": [ [ -79.412729455022202, 43.773808077832904 ] ] } },
{ "type": "Feature", "properties": { "_id": 1424, "LOCATIONID": "612", "ASSET_ID": 326.0, "ASSET_NAME": "EDGEWOOD PARK", "TYPE": "Park", "AMENITIES": "Outdoor Fitness Equipment, Playground, Sports Field", "ADDRESS": "107 Oakley Blvd", "PHONE": "None", "URL": "https://www.toronto.ca/explore-enjoy/parks-recreation/places-spaces/parks-and-recreation-facilities/location/?id=612" }, "geometry": { "type": "MultiPoint", "coordinates": [ [ -79.266989500267201, 43.767628390326699 ] ] } },
{ "type": "Feature", "properties": { "_id": 1425, "LOCATIONID": "305", "ASSET_ID": 1466.0, "ASSET_NAME": "POPLAR PLAINS PARKETTE", "TYPE": "Park", "AMENITIES": "None", "ADDRESS": "125 Boulton Dr", "PHONE": "None", "URL": "https://www.toronto.ca/explore-enjoy/parks-recreation/places-spaces/parks-and-recreation-facilities/location/?id=305" }, "geometry": { "type": "MultiPoint", "coordinates": [ [ -79.403227807934897, 43.680206510807899 ] ] } },
{ "type": "Feature", "properties": { "_id": 1426, "LOCATIONID": "2089", "ASSET_ID": 1267.0, "ASSET_NAME": "DON LAKE PARKETTE", "TYPE": "Park", "AMENITIES": "None", "ADDRESS": "145 Antibes Dr", "PHONE": "None", "URL": "https://www.toronto.ca/explore-enjoy/parks-recreation/places-spaces/parks-and-recreation-facilities/location/?id=2089" }, "geometry": { "type": "MultiPoint", "coordinates": [ [ -79.445925509713902, 43.781013681289501 ] ] } },
{ "type": "Feature", "properties": { "_id": 1427, "LOCATIONID": "663", "ASSET_ID": 504.0, "ASSET_NAME": "HULLMAR PARK", "TYPE": "Park", "AMENITIES": "Ball Diamond, Pickleball Court, Playground, Tennis Court", "ADDRESS": "97 Hullmar Dr", "PHONE": "None", "URL": "https://www.toronto.ca/explore-enjoy/parks-recreation/places-spaces/parks-and-recreation-facilities/location/?id=663" }, "geometry": { "type": "MultiPoint", "coordinates": [ [ -79.525418560143393, 43.764938632392003 ] ] } },
{ "type": "Feature", "properties": { "_id": 1428, "LOCATIONID": "1018", "ASSET_ID": 815.0, "ASSET_NAME": "PETER SECOR PARK", "TYPE": "Park", "AMENITIES": "Playground", "ADDRESS": "235 Coronation Dr", "PHONE": "None", "URL": "https://www.toronto.ca/explore-enjoy/parks-recreation/places-spaces/parks-and-recreation-facilities/location/?id=1018" }, "geometry": { "type": "MultiPoint", "coordinates": [ [ -79.180840389724196, 43.761563039775801 ] ] } },
{ "type": "Feature", "properties": { "_id": 1429, "LOCATIONID": "2272", "ASSET_ID": 1275.0, "ASSET_NAME": "DRUMOAK ROAD PARKETTE", "TYPE": "Park", "AMENITIES": "None", "ADDRESS": "12 Drumoak Rd", "PHONE": "None", "URL": "https://www.toronto.ca/explore-enjoy/parks-recreation/places-spaces/parks-and-recreation-facilities/location/?id=2272" }, "geometry": { "type": "MultiPoint", "coordinates": [ [ -79.528872306061302, 43.660828283538201 ] ] } },
{ "type": "Feature", "properties": { "_id": 1430, "LOCATIONID": "103", "ASSET_ID": 1280.0, "ASSET_NAME": "DUNVEGAN PARKETTE", "TYPE": "Park", "AMENITIES": "None", "ADDRESS": "160 Dunvegan Rd", "PHONE": "None", "URL": "https://www.toronto.ca/explore-enjoy/parks-recreation/places-spaces/parks-and-recreation-facilities/location/?id=103" }, "geometry": { "type": "MultiPoint", "coordinates": [ [ -79.409066829394305, 43.696031109550397 ] ] } },
{ "type": "Feature", "properties": { "_id": 1431, "LOCATIONID": "222", "ASSET_ID": 1486.0, "ASSET_NAME": "ROSEMARY PARKETTE", "TYPE": "Park", "AMENITIES": "None", "ADDRESS": "225 Rosemary Rd", "PHONE": "None", "URL": "https://www.toronto.ca/explore-enjoy/parks-recreation/places-spaces/parks-and-recreation-facilities/location/?id=222" }, "geometry": { "type": "MultiPoint", "coordinates": [ [ -79.420470751260495, 43.695561239153399 ] ] } },
{ "type": "Feature", "properties": { "_id": 1432, "LOCATIONID": "291", "ASSET_ID": 472.0, "ASSET_NAME": "HEALEY WILLAN PARK", "TYPE": "Park", "AMENITIES": "Playground", "ADDRESS": "504 Euclid Ave", "PHONE": "None", "URL": "https://www.toronto.ca/explore-enjoy/parks-recreation/places-spaces/parks-and-recreation-facilities/location/?id=291" }, "geometry": { "type": "MultiPoint", "coordinates": [ [ -79.413207830160005, 43.659277231908703 ] ] } },
{ "type": "Feature", "properties": { "_id": 1433, "LOCATIONID": "696", "ASSET_ID": 744.0, "ASSET_NAME": "MUIRHEAD PARK", "TYPE": "Park", "AMENITIES": "Ball Diamond, Outdoor Fitness Equipment, Playground", "ADDRESS": "65 Muirhead Rd", "PHONE": "None", "URL": "https://www.toronto.ca/explore-enjoy/parks-recreation/places-spaces/parks-and-recreation-facilities/location/?id=696" }, "geometry": { "type": "MultiPoint", "coordinates": [ [ -79.337959097919097, 43.780191477328302 ] ] } },
{ "type": "Feature", "properties": { "_id": 1434, "LOCATIONID": "1044", "ASSET_ID": 10.0, "ASSET_NAME": "ALAMOSA PARK", "TYPE": "Park", "AMENITIES": "Playground, Tennis Court", "ADDRESS": "111 Alamosa Dr", "PHONE": "None", "URL": "https://www.toronto.ca/explore-enjoy/parks-recreation/places-spaces/parks-and-recreation-facilities/location/?id=1044" }, "geometry": { "type": "MultiPoint", "coordinates": [ [ -79.369558154150695, 43.781088341855799 ] ] } },
{ "type": "Feature", "properties": { "_id": 1435, "LOCATIONID": "1036", "ASSET_ID": 812.0, "ASSET_NAME": "PEMBERTON PARKETTE", "TYPE": "Park", "AMENITIES": "Playground", "ADDRESS": "89 Pemberton Ave", "PHONE": "None", "URL": "https://www.toronto.ca/explore-enjoy/parks-recreation/places-spaces/parks-and-recreation-facilities/location/?id=1036" }, "geometry": { "type": "MultiPoint", "coordinates": [ [ -79.409492639102197, 43.781763161482303 ] ] } },
{ "type": "Feature", "properties": { "_id": 1436, "LOCATIONID": "3068", "ASSET_ID": 71022.0, "ASSET_NAME": "HEATHER HEIGHTS PARK", "TYPE": "Park", "AMENITIES": "Ball Diamond", "ADDRESS": "125 Milford Haven Dr", "PHONE": "None", "URL": "https://www.toronto.ca/explore-enjoy/parks-recreation/places-spaces/parks-and-recreation-facilities/location/?id=3068" }, "geometry": { "type": "MultiPoint", "coordinates": [ [ -79.215505793521501, 43.776955704528703 ] ] } },
{ "type": "Feature", "properties": { "_id": 1437, "LOCATIONID": "1477", "ASSET_ID": 1597.0, "ASSET_NAME": "WYCHWOOD PARKETTE", "TYPE": "Park", "AMENITIES": "None", "ADDRESS": "111 Hocken Ave", "PHONE": "None", "URL": "https://www.toronto.ca/explore-enjoy/parks-recreation/places-spaces/parks-and-recreation-facilities/location/?id=1477" }, "geometry": { "type": "MultiPoint", "coordinates": [ [ -79.422711180783594, 43.680659312446998 ] ] } },
{ "type": "Feature", "properties": { "_id": 1438, "LOCATIONID": "2485", "ASSET_ID": 473.0, "ASSET_NAME": "HEATHER HEIGHTS WOODS", "TYPE": "Park", "AMENITIES": "Playground", "ADDRESS": "136 Milford Haven Dr", "PHONE": "None", "URL": "https://www.toronto.ca/explore-enjoy/parks-recreation/places-spaces/parks-and-recreation-facilities/location/?id=2485" }, "geometry": { "type": "MultiPoint", "coordinates": [ [ -79.217438103528806, 43.778044759195701 ] ] } },
{ "type": "Feature", "properties": { "_id": 1439, "LOCATIONID": "312", "ASSET_ID": 366.0, "ASSET_NAME": "FENSIDE PARK", "TYPE": "Park", "AMENITIES": "Ball Diamond, Pickleball Court, Playground, Tennis Court", "ADDRESS": "30 Slidell Cres", "PHONE": "None", "URL": "https://www.toronto.ca/explore-enjoy/parks-recreation/places-spaces/parks-and-recreation-facilities/location/?id=312" }, "geometry": { "type": "MultiPoint", "coordinates": [ [ -79.327222314946695, 43.764896270953102 ] ] } },
{ "type": "Feature", "properties": { "_id": 1440, "LOCATIONID": "704", "ASSET_ID": 685.0, "ASSET_NAME": "MARYVALE PARK", "TYPE": "Park", "AMENITIES": "Ball Diamond, Playground, Tennis Court, Washroom", "ADDRESS": "5 Trestleside Grv", "PHONE": "None", "URL": "https://www.toronto.ca/explore-enjoy/parks-recreation/places-spaces/parks-and-recreation-facilities/location/?id=704" }, "geometry": { "type": "MultiPoint", "coordinates": [ [ -79.306528503863802, 43.7530814433334 ] ] } },
{ "type": "Feature", "properties": { "_id": 1441, "LOCATIONID": "77", "ASSET_ID": 484.0, "ASSET_NAME": "HIGH PARK", "TYPE": "Park", "AMENITIES": "Ball Diamond, Dog Off-Leash Area, Outdoor Dry Pad, Outdoor Fitness Equipment, Pickleball Court, Picnic Site, Playground, Sports Field, Tennis Court, Washroom", "ADDRESS": "1873 Bloor St W", "PHONE": "None", "URL": "https://www.toronto.ca/explore-enjoy/parks-recreation/places-spaces/parks-and-recreation-facilities/location/?id=77" }, "geometry": { "type": "MultiPoint", "coordinates": [ [ -79.462835365765002, 43.646802127100599 ] ] } },
{ "type": "Feature", "properties": { "_id": 1442, "LOCATIONID": "2129", "ASSET_ID": 1186.0, "ASSET_NAME": "BEAUMONT PARK", "TYPE": "Park", "AMENITIES": "None", "ADDRESS": "9 A Beaumont Rd", "PHONE": "None", "URL": "https://www.toronto.ca/explore-enjoy/parks-recreation/places-spaces/parks-and-recreation-facilities/location/?id=2129" }, "geometry": { "type": "MultiPoint", "coordinates": [ [ -79.373225681088201, 43.679658374821997 ] ] } },
{ "type": "Feature", "properties": { "_id": 1443, "LOCATIONID": "145", "ASSET_ID": 728.0, "ASSET_NAME": "MONARCH PARK", "TYPE": "Park", "AMENITIES": "Dog Off-Leash Area, Outdoor Ping Pong/Table Tennis, Pickleball Court, Picnic Site, Playground, Washroom", "ADDRESS": "115 Felstead Ave", "PHONE": "None", "URL": "https://www.toronto.ca/explore-enjoy/parks-recreation/places-spaces/parks-and-recreation-facilities/location/?id=145" }, "geometry": { "type": "MultiPoint", "coordinates": [ [ -79.325677517141003, 43.677908132649002 ] ] } },
{ "type": "Feature", "properties": { "_id": 1444, "LOCATIONID": "1478", "ASSET_ID": 1149.0, "ASSET_NAME": "WOODSWORTH PARK", "TYPE": "Park", "AMENITIES": "Ball Diamond", "ADDRESS": "122 Sedgemount Dr", "PHONE": "None", "URL": "https://www.toronto.ca/explore-enjoy/parks-recreation/places-spaces/parks-and-recreation-facilities/location/?id=1478" }, "geometry": { "type": "MultiPoint", "coordinates": [ [ -79.236363497841396, 43.766277122365103 ] ] } },
{ "type": "Feature", "properties": { "_id": 1445, "LOCATIONID": "2214", "ASSET_ID": 724.0, "ASSET_NAME": "MITCHELL FIELD PARK", "TYPE": "Park", "AMENITIES": "Outdoor Ping Pong/Table Tennis", "ADDRESS": "89 Church Ave", "PHONE": "None", "URL": "https://www.toronto.ca/explore-enjoy/parks-recreation/places-spaces/parks-and-recreation-facilities/location/?id=2214" }, "geometry": { "type": "MultiPoint", "coordinates": [ [ -79.408412419271698, 43.774564992413403 ] ] } },
{ "type": "Feature", "properties": { "_id": 1446, "LOCATIONID": "1848", "ASSET_ID": 211.0, "ASSET_NAME": "CLOVERCREST PARKETTE", "TYPE": "Park", "AMENITIES": "Playground", "ADDRESS": "23 Clovercrest Rd", "PHONE": "None", "URL": "https://www.toronto.ca/explore-enjoy/parks-recreation/places-spaces/parks-and-recreation-facilities/location/?id=1848" }, "geometry": { "type": "MultiPoint", "coordinates": [ [ -79.362215034075206, 43.774227593117899 ] ] } },
{ "type": "Feature", "properties": { "_id": 1447, "LOCATIONID": "645", "ASSET_ID": 432.0, "ASSET_NAME": "GRACEDALE PARK", "TYPE": "Park", "AMENITIES": "Outdoor Fitness Equipment, Pickleball Court, Playground, Tennis Court", "ADDRESS": "176 Gracedale Blvd", "PHONE": "None", "URL": "https://www.toronto.ca/explore-enjoy/parks-recreation/places-spaces/parks-and-recreation-facilities/location/?id=645" }, "geometry": { "type": "MultiPoint", "coordinates": [ [ -79.562176650636502, 43.7519423372744 ] ] } },
{ "type": "Feature", "properties": { "_id": 1448, "LOCATIONID": "2076", "ASSET_ID": 343.0, "ASSET_NAME": "ENFIELD PARK", "TYPE": "Park", "AMENITIES": "None", "ADDRESS": "37 A Enfield Ave", "PHONE": "None", "URL": "https://www.toronto.ca/explore-enjoy/parks-recreation/places-spaces/parks-and-recreation-facilities/location/?id=2076" }, "geometry": { "type": "MultiPoint", "coordinates": [ [ -79.547671551281098, 43.591696796918399 ] ] } },
{ "type": "Feature", "properties": { "_id": 1449, "LOCATIONID": "2074", "ASSET_ID": 1551.0, "ASSET_NAME": "TWENTY THIRD STREET PARKETTE", "TYPE": "Park", "AMENITIES": "None", "ADDRESS": "1 A Lake Promenade", "PHONE": "None", "URL": "https://www.toronto.ca/explore-enjoy/parks-recreation/places-spaces/parks-and-recreation-facilities/location/?id=2074" }, "geometry": { "type": "MultiPoint", "coordinates": [ [ -79.519085663585599, 43.590832793873098 ] ] } },
{ "type": "Feature", "properties": { "_id": 1450, "LOCATIONID": "2073", "ASSET_ID": 1550.0, "ASSET_NAME": "TWENTY FIFTH STREET PARKETTE", "TYPE": "Park", "AMENITIES": "None", "ADDRESS": "41 Lake Promenade", "PHONE": "None", "URL": "https://www.toronto.ca/explore-enjoy/parks-recreation/places-spaces/parks-and-recreation-facilities/location/?id=2073" }, "geometry": { "type": "MultiPoint", "coordinates": [ [ -79.521010766190201, 43.5904681313692 ] ] } },
{ "type": "Feature", "properties": { "_id": 1451, "LOCATIONID": "2057", "ASSET_ID": 644.0, "ASSET_NAME": "LONG BRANCH PARK & CENOTAPH", "TYPE": "Park", "AMENITIES": "None", "ADDRESS": "23 Long Branch Ave", "PHONE": "None", "URL": "https://www.toronto.ca/explore-enjoy/parks-recreation/places-spaces/parks-and-recreation-facilities/location/?id=2057" }, "geometry": { "type": "MultiPoint", "coordinates": [ [ -79.531906481481599, 43.590384875704103 ] ] } },
{ "type": "Feature", "properties": { "_id": 1452, "LOCATIONID": "2301", "ASSET_ID": 341.0, "ASSET_NAME": "EMPRESS PARKETTE", "TYPE": "Park", "AMENITIES": "None", "ADDRESS": "433 Empress Ave", "PHONE": "None", "URL": "https://www.toronto.ca/explore-enjoy/parks-recreation/places-spaces/parks-and-recreation-facilities/location/?id=2301" }, "geometry": { "type": "MultiPoint", "coordinates": [ [ -79.390226368696901, 43.773961520566502 ] ] } },
{ "type": "Feature", "properties": { "_id": 1453, "LOCATIONID": "517", "ASSET_ID": 70.0, "ASSET_NAME": "BAYVIEW VILLAGE PARK", "TYPE": "Park", "AMENITIES": "Ball Diamond, Outdoor Ping Pong/Table Tennis, Pickleball Court, Playground, Tennis Court", "ADDRESS": "2945 Bayview Ave", "PHONE": "None", "URL": "https://www.toronto.ca/explore-enjoy/parks-recreation/places-spaces/parks-and-recreation-facilities/location/?id=517" }, "geometry": { "type": "MultiPoint", "coordinates": [ [ -79.387262735837595, 43.773025475873901 ] ] } },
{ "type": "Feature", "properties": { "_id": 1454, "LOCATIONID": "2186", "ASSET_ID": 336.0, "ASSET_NAME": "ELLESMERE PARK", "TYPE": "Park", "AMENITIES": "Outdoor Dry Pad, Playground, Skateboarding, Sports Field", "ADDRESS": "20 Canadian Rd", "PHONE": "None", "URL": "https://www.toronto.ca/explore-enjoy/parks-recreation/places-spaces/parks-and-recreation-facilities/location/?id=2186" }, "geometry": { "type": "MultiPoint", "coordinates": [ [ -79.298934043634702, 43.7605553461824 ] ] } },
{ "type": "Feature", "properties": { "_id": 1455, "LOCATIONID": "3635", "ASSET_ID": 58782.0, "ASSET_NAME": "ATRIA SOUTH PARK", "TYPE": "Park", "AMENITIES": "None", "ADDRESS": "63 Ann O'Reilly Rd", "PHONE": "None", "URL": "https://www.toronto.ca/explore-enjoy/parks-recreation/places-spaces/parks-and-recreation-facilities/location/?id=3635" }, "geometry": { "type": "MultiPoint", "coordinates": [ [ -79.328896581328095, 43.773736148782803 ] ] } },
{ "type": "Feature", "properties": { "_id": 1456, "LOCATIONID": "601", "ASSET_ID": 287.0, "ASSET_NAME": "DONWOOD PARK", "TYPE": "Park", "AMENITIES": "Ball Diamond, Playground", "ADDRESS": "35 Highbrook Dr", "PHONE": "None", "URL": "https://www.toronto.ca/explore-enjoy/parks-recreation/places-spaces/parks-and-recreation-facilities/location/?id=601" }, "geometry": { "type": "MultiPoint", "coordinates": [ [ -79.264424229351107, 43.7569155429156 ] ] } },
{ "type": "Feature", "properties": { "_id": 1457, "LOCATIONID": "1006", "ASSET_ID": 836.0, "ASSET_NAME": "PRIMULA PARKETTE", "TYPE": "Park", "AMENITIES": "Playground", "ADDRESS": "86 Primula Cres", "PHONE": "None", "URL": "https://www.toronto.ca/explore-enjoy/parks-recreation/places-spaces/parks-and-recreation-facilities/location/?id=1006" }, "geometry": { "type": "MultiPoint", "coordinates": [ [ -79.577518635402598, 43.761204541699598 ] ] } },
{ "type": "Feature", "properties": { "_id": 1458, "LOCATIONID": "3780", "ASSET_ID": 57806.0, "ASSET_NAME": "DR. GORDON CHONG PARK", "TYPE": "Park", "AMENITIES": "Playground", "ADDRESS": "60 Howard St", "PHONE": "None", "URL": "https://www.toronto.ca/explore-enjoy/parks-recreation/places-spaces/parks-and-recreation-facilities/location/?id=3780" }, "geometry": { "type": "MultiPoint", "coordinates": [ [ -79.372974629130695, 43.671556214685502 ] ] } },
{ "type": "Feature", "properties": { "_id": 1459, "LOCATIONID": "873", "ASSET_ID": 1102.0, "ASSET_NAME": "WEST DEANE PARK", "TYPE": "Park", "AMENITIES": "Ball Diamond, Outdoor Ping Pong/Table Tennis, Picnic Site, Playground, Tennis Court, Washroom", "ADDRESS": "400 Martin Grove RD", "PHONE": "None", "URL": "https://www.toronto.ca/explore-enjoy/parks-recreation/places-spaces/parks-and-recreation-facilities/location/?id=873" }, "geometry": { "type": "MultiPoint", "coordinates": [ [ -79.560557375544306, 43.660502444800102 ] ] } },
{ "type": "Feature", "properties": { "_id": 1460, "LOCATIONID": "2698", "ASSET_ID": 140.0, "ASSET_NAME": "BUDD SUGARMAN PARK", "TYPE": "Park", "AMENITIES": "None", "ADDRESS": "955 Yonge St", "PHONE": "None", "URL": "https://www.toronto.ca/explore-enjoy/parks-recreation/places-spaces/parks-and-recreation-facilities/location/?id=2698" }, "geometry": { "type": "MultiPoint", "coordinates": [ [ -79.3886443007205, 43.676004111732702 ] ] } },
{ "type": "Feature", "properties": { "_id": 1461, "LOCATIONID": "250", "ASSET_ID": 1072.0, "ASSET_NAME": "VERMONT SQUARE PARK", "TYPE": "Park", "AMENITIES": "Dog Off-Leash Area, Outdoor Ping Pong/Table Tennis, Picnic Site, Playground", "ADDRESS": "819 Palmerston Ave", "PHONE": "None", "URL": "https://www.toronto.ca/explore-enjoy/parks-recreation/places-spaces/parks-and-recreation-facilities/location/?id=250" }, "geometry": { "type": "MultiPoint", "coordinates": [ [ -79.415387749442701, 43.670825179056401 ] ] } },
{ "type": "Feature", "properties": { "_id": 1462, "LOCATIONID": "2185", "ASSET_ID": 363.0, "ASSET_NAME": "FATHER CAULFIELD PARK", "TYPE": "Park", "AMENITIES": "None", "ADDRESS": "19 Cameron Cres", "PHONE": "None", "URL": "https://www.toronto.ca/explore-enjoy/parks-recreation/places-spaces/parks-and-recreation-facilities/location/?id=2185" }, "geometry": { "type": "MultiPoint", "coordinates": [ [ -79.372609538757601, 43.706708311322998 ] ] } },
{ "type": "Feature", "properties": { "_id": 1463, "LOCATIONID": "3519", "ASSET_ID": 1169.0, "ASSET_NAME": "AMBERDALE RAVINE PARK", "TYPE": "Park", "AMENITIES": "None", "ADDRESS": "101 Brimorton Dr", "PHONE": "None", "URL": "https://www.toronto.ca/explore-enjoy/parks-recreation/places-spaces/parks-and-recreation-facilities/location/?id=3519" }, "geometry": { "type": "MultiPoint", "coordinates": [ [ -79.253158183813497, 43.7613481013884 ] ] } },
{ "type": "Feature", "properties": { "_id": 1464, "LOCATIONID": "2308", "ASSET_ID": 134.0, "ASSET_NAME": "BROOKDALE PARK", "TYPE": "Park", "AMENITIES": "Playground", "ADDRESS": "410 Fairlawn Ave", "PHONE": "None", "URL": "https://www.toronto.ca/explore-enjoy/parks-recreation/places-spaces/parks-and-recreation-facilities/location/?id=2308" }, "geometry": { "type": "MultiPoint", "coordinates": [ [ -79.418828269302793, 43.726470770765403 ] ] } },
{ "type": "Feature", "properties": { "_id": 1465, "LOCATIONID": "738", "ASSET_ID": 872.0, "ASSET_NAME": "RICHMOND PARK", "TYPE": "Park", "AMENITIES": "Ball Diamond, Outdoor Fitness Equipment, Playground, Sports Field", "ADDRESS": "75 Richmond Park Blvd", "PHONE": "None", "URL": "https://www.toronto.ca/explore-enjoy/parks-recreation/places-spaces/parks-and-recreation-facilities/location/?id=738" }, "geometry": { "type": "MultiPoint", "coordinates": [ [ -79.263435919672503, 43.812478221304502 ] ] } },
{ "type": "Feature", "properties": { "_id": 1466, "LOCATIONID": "659", "ASSET_ID": 476.0, "ASSET_NAME": "HENDON PARK", "TYPE": "Park", "AMENITIES": "Ball Diamond, Playground, Tennis Court, Washroom", "ADDRESS": "50 Hendon Ave", "PHONE": "None", "URL": "https://www.toronto.ca/explore-enjoy/parks-recreation/places-spaces/parks-and-recreation-facilities/location/?id=659" }, "geometry": { "type": "MultiPoint", "coordinates": [ [ -79.420751430489403, 43.781475105622 ] ] } },
{ "type": "Feature", "properties": { "_id": 1467, "LOCATIONID": "2120", "ASSET_ID": 1181.0, "ASSET_NAME": "BATHURST QUAY", "TYPE": "Park", "AMENITIES": "None", "ADDRESS": "1 B Eireann Quay", "PHONE": "None", "URL": "https://www.toronto.ca/explore-enjoy/parks-recreation/places-spaces/parks-and-recreation-facilities/location/?id=2120" }, "geometry": { "type": "MultiPoint", "coordinates": [ [ -79.397699429681296, 43.633543863490502 ] ] } },
{ "type": "Feature", "properties": { "_id": 1468, "LOCATIONID": "245", "ASSET_ID": 789.0, "ASSET_NAME": "ORIOLE PARK - TORONTO", "TYPE": "Park", "AMENITIES": "Ball Diamond, Outdoor Ping Pong/Table Tennis, Picnic Site, Playground, Tennis Court, Washroom", "ADDRESS": "201 Oriole Pkwy", "PHONE": "None", "URL": "https://www.toronto.ca/explore-enjoy/parks-recreation/places-spaces/parks-and-recreation-facilities/location/?id=245" }, "geometry": { "type": "MultiPoint", "coordinates": [ [ -79.400237957789599, 43.6972457328974 ] ] } },
{ "type": "Feature", "properties": { "_id": 1469, "LOCATIONID": "2609", "ASSET_ID": 1514.0, "ASSET_NAME": "SPINNEY GREENBELT", "TYPE": "Park", "AMENITIES": "None", "ADDRESS": "10 Spinney Crt", "PHONE": "None", "URL": "https://www.toronto.ca/explore-enjoy/parks-recreation/places-spaces/parks-and-recreation-facilities/location/?id=2609" }, "geometry": { "type": "MultiPoint", "coordinates": [ [ -79.338765156984493, 43.757267530772303 ] ] } },
{ "type": "Feature", "properties": { "_id": 1470, "LOCATIONID": "1951", "ASSET_ID": 470.0, "ASSET_NAME": "HAVERSON PARK", "TYPE": "Park", "AMENITIES": "Playground", "ADDRESS": "65 Woodenhill Crt", "PHONE": "None", "URL": "https://www.toronto.ca/explore-enjoy/parks-recreation/places-spaces/parks-and-recreation-facilities/location/?id=1951" }, "geometry": { "type": "MultiPoint", "coordinates": [ [ -79.464946907964901, 43.689777641793903 ] ] } },
{ "type": "Feature", "properties": { "_id": 1471, "LOCATIONID": "958", "ASSET_ID": 99.0, "ASSET_NAME": "BILL HANCOX PARK", "TYPE": "Park", "AMENITIES": "Playground, Sports Field", "ADDRESS": "101 Bridgeport Dr", "PHONE": "None", "URL": "https://www.toronto.ca/explore-enjoy/parks-recreation/places-spaces/parks-and-recreation-facilities/location/?id=958" }, "geometry": { "type": "MultiPoint", "coordinates": [ [ -79.139130785465397, 43.778159549370798 ] ] } },
{ "type": "Feature", "properties": { "_id": 1472, "LOCATIONID": "192", "ASSET_ID": 196.0, "ASSET_NAME": "CHORLEY PARK", "TYPE": "Park", "AMENITIES": "None", "ADDRESS": "245 Douglas Dr", "PHONE": "None", "URL": "https://www.toronto.ca/explore-enjoy/parks-recreation/places-spaces/parks-and-recreation-facilities/location/?id=192" }, "geometry": { "type": "MultiPoint", "coordinates": [ [ -79.369785956884101, 43.6863421385547 ] ] } },
{ "type": "Feature", "properties": { "_id": 1473, "LOCATIONID": "167", "ASSET_ID": 852.0, "ASSET_NAME": "RAMSDEN PARK", "TYPE": "Park", "AMENITIES": "Ball Diamond, Basketball Court, Dog Off-Leash Area, Outdoor Dry Pad, Outdoor Ping Pong/Table Tennis, Pickleball Court, Picnic Site, Playground, Tennis Court, Washroom", "ADDRESS": "1020 Yonge St", "PHONE": "None", "URL": "https://www.toronto.ca/explore-enjoy/parks-recreation/places-spaces/parks-and-recreation-facilities/location/?id=167" }, "geometry": { "type": "MultiPoint", "coordinates": [ [ -79.393015038311304, 43.676415721653399 ] ] } },
{ "type": "Feature", "properties": { "_id": 1474, "LOCATIONID": "2634", "ASSET_ID": 1020.0, "ASSET_NAME": "TALARA PARK", "TYPE": "Park", "AMENITIES": "Playground", "ADDRESS": "35 Talara Dr", "PHONE": "None", "URL": "https://www.toronto.ca/explore-enjoy/parks-recreation/places-spaces/parks-and-recreation-facilities/location/?id=2634" }, "geometry": { "type": "MultiPoint", "coordinates": [ [ -79.376619052423706, 43.766073146869402 ] ] } },
{ "type": "Feature", "properties": { "_id": 1475, "LOCATIONID": "528", "ASSET_ID": 47.0, "ASSET_NAME": "ARSANDCO PARK", "TYPE": "Park", "AMENITIES": "Ball Diamond", "ADDRESS": "151 Prudential Dr", "PHONE": "None", "URL": "https://www.toronto.ca/explore-enjoy/parks-recreation/places-spaces/parks-and-recreation-facilities/location/?id=528" }, "geometry": { "type": "MultiPoint", "coordinates": [ [ -79.268248475591193, 43.748577632004 ] ] } },
{ "type": "Feature", "properties": { "_id": 1476, "LOCATIONID": "944", "ASSET_ID": 880.0, "ASSET_NAME": "RIVERLEA PARK", "TYPE": "Park", "AMENITIES": "Playground", "ADDRESS": "919 Scarlett Rd", "PHONE": "None", "URL": "https://www.toronto.ca/explore-enjoy/parks-recreation/places-spaces/parks-and-recreation-facilities/location/?id=944" }, "geometry": { "type": "MultiPoint", "coordinates": [ [ -79.523929360718896, 43.700041551214603 ] ] } },
{ "type": "Feature", "properties": { "_id": 1477, "LOCATIONID": "766", "ASSET_ID": 1052.0, "ASSET_NAME": "TOURNAMENT PARK", "TYPE": "Park", "AMENITIES": "Playground, Tennis Court, Washroom", "ADDRESS": "40 Tournament Dr", "PHONE": "None", "URL": "https://www.toronto.ca/explore-enjoy/parks-recreation/places-spaces/parks-and-recreation-facilities/location/?id=766" }, "geometry": { "type": "MultiPoint", "coordinates": [ [ -79.399697633070403, 43.751534235962602 ] ] } },
{ "type": "Feature", "properties": { "_id": 1478, "LOCATIONID": "2205", "ASSET_ID": 186.0, "ASSET_NAME": "CHARLTON PARK", "TYPE": "Park", "AMENITIES": "Playground", "ADDRESS": "166 Charlton Blvd", "PHONE": "None", "URL": "https://www.toronto.ca/explore-enjoy/parks-recreation/places-spaces/parks-and-recreation-facilities/location/?id=2205" }, "geometry": { "type": "MultiPoint", "coordinates": [ [ -79.438307817947006, 43.780041056016699 ] ] } },
{ "type": "Feature", "properties": { "_id": 1479, "LOCATIONID": "2242", "ASSET_ID": 244.0, "ASSET_NAME": "CROCUS PARK", "TYPE": "Park", "AMENITIES": "Playground", "ADDRESS": "165 Crocus Dr", "PHONE": "None", "URL": "https://www.toronto.ca/explore-enjoy/parks-recreation/places-spaces/parks-and-recreation-facilities/location/?id=2242" }, "geometry": { "type": "MultiPoint", "coordinates": [ [ -79.306678618726394, 43.768522140078304 ] ] } },
{ "type": "Feature", "properties": { "_id": 1480, "LOCATIONID": "2354", "ASSET_ID": 2077.0, "ASSET_NAME": "GREENBRAE PARKETTE", "TYPE": "Park", "AMENITIES": "Playground", "ADDRESS": "100 Greenbrae Crct", "PHONE": "None", "URL": "https://www.toronto.ca/explore-enjoy/parks-recreation/places-spaces/parks-and-recreation-facilities/location/?id=2354" }, "geometry": { "type": "MultiPoint", "coordinates": [ [ -79.230457437748896, 43.760323838181101 ] ] } },
{ "type": "Feature", "properties": { "_id": 1481, "LOCATIONID": "631", "ASSET_ID": 448.0, "ASSET_NAME": "GUILDWOOD VILLAGE PARK", "TYPE": "Park", "AMENITIES": "Playground", "ADDRESS": "219 Livingston Rd", "PHONE": "None", "URL": "https://www.toronto.ca/explore-enjoy/parks-recreation/places-spaces/parks-and-recreation-facilities/location/?id=631" }, "geometry": { "type": "MultiPoint", "coordinates": [ [ -79.197091561847301, 43.751973680401598 ] ] } },
{ "type": "Feature", "properties": { "_id": 1482, "LOCATIONID": "756", "ASSET_ID": 948.0, "ASSET_NAME": "SHOREHAM PARK", "TYPE": "Park", "AMENITIES": "Playground", "ADDRESS": "2 Shoreham Crt", "PHONE": "None", "URL": "https://www.toronto.ca/explore-enjoy/parks-recreation/places-spaces/parks-and-recreation-facilities/location/?id=756" }, "geometry": { "type": "MultiPoint", "coordinates": [ [ -79.519509044525293, 43.7708448890209 ] ] } },
{ "type": "Feature", "properties": { "_id": 1483, "LOCATIONID": "1511", "ASSET_ID": 652.0, "ASSET_NAME": "LOWER DON PARKLANDS", "TYPE": "Park", "AMENITIES": "None", "ADDRESS": "44 Beechwood Dr", "PHONE": "None", "URL": "https://www.toronto.ca/explore-enjoy/parks-recreation/places-spaces/parks-and-recreation-facilities/location/?id=1511" }, "geometry": { "type": "MultiPoint", "coordinates": [ [ -79.357602311354697, 43.690835866275798 ] ] } },
{ "type": "Feature", "properties": { "_id": 1484, "LOCATIONID": "2694", "ASSET_ID": 1148.0, "ASSET_NAME": "WOODSWORTH GREENBELT", "TYPE": "Park", "AMENITIES": "None", "ADDRESS": "360 Woodsworth Rd", "PHONE": "None", "URL": "https://www.toronto.ca/explore-enjoy/parks-recreation/places-spaces/parks-and-recreation-facilities/location/?id=2694" }, "geometry": { "type": "MultiPoint", "coordinates": [ [ -79.363365344572003, 43.762720307700299 ] ] } },
{ "type": "Feature", "properties": { "_id": 1485, "LOCATIONID": "157", "ASSET_ID": 160.0, "ASSET_NAME": "CASSELS AVENUE PLAYGROUND", "TYPE": "Park", "AMENITIES": "Dog Off-Leash Area, Playground", "ADDRESS": "69 Cassels Ave", "PHONE": "None", "URL": "https://www.toronto.ca/explore-enjoy/parks-recreation/places-spaces/parks-and-recreation-facilities/location/?id=157" }, "geometry": { "type": "MultiPoint", "coordinates": [ [ -79.306894478934495, 43.680069414289903 ] ] } },
{ "type": "Feature", "properties": { "_id": 1486, "LOCATIONID": "3660", "ASSET_ID": 59662.0, "ASSET_NAME": "AITKEN PLACE PARK", "TYPE": "Park", "AMENITIES": "Dog Off-Leash Area, Playground", "ADDRESS": "90 Merchants' Wharf", "PHONE": "None", "URL": "https://www.toronto.ca/explore-enjoy/parks-recreation/places-spaces/parks-and-recreation-facilities/location/?id=3660" }, "geometry": { "type": "MultiPoint", "coordinates": [ [ -79.3625431783761, 43.645085928269502 ] ] } },
{ "type": "Feature", "properties": { "_id": 1487, "LOCATIONID": "2784", "ASSET_ID": 43002.0, "ASSET_NAME": "LAWRENCE HEIGHTS PARK", "TYPE": "Park", "AMENITIES": "Playground", "ADDRESS": "3 B Flemington Rd", "PHONE": "None", "URL": "https://www.toronto.ca/explore-enjoy/parks-recreation/places-spaces/parks-and-recreation-facilities/location/?id=2784" }, "geometry": { "type": "MultiPoint", "coordinates": [ [ -79.442872854889799, 43.719093358230701 ] ] } },
{ "type": "Feature", "properties": { "_id": 1488, "LOCATIONID": "834", "ASSET_ID": 180.0, "ASSET_NAME": "CHARLES CACCIA PARK", "TYPE": "Park", "AMENITIES": "Playground", "ADDRESS": "348 Nairn Ave", "PHONE": "None", "URL": "https://www.toronto.ca/explore-enjoy/parks-recreation/places-spaces/parks-and-recreation-facilities/location/?id=834" }, "geometry": { "type": "MultiPoint", "coordinates": [ [ -79.454037550503401, 43.688336736277797 ] ] } },
{ "type": "Feature", "properties": { "_id": 1489, "LOCATIONID": "2370", "ASSET_ID": 480.0, "ASSET_NAME": "HICKORYNUT PARKETTE", "TYPE": "Park", "AMENITIES": "None", "ADDRESS": "87 Hickorynut Dr", "PHONE": "None", "URL": "https://www.toronto.ca/explore-enjoy/parks-recreation/places-spaces/parks-and-recreation-facilities/location/?id=2370" }, "geometry": { "type": "MultiPoint", "coordinates": [ [ -79.326278108245504, 43.775058673281698 ] ] } },
{ "type": "Feature", "properties": { "_id": 1490, "LOCATIONID": "2136", "ASSET_ID": 1187.0, "ASSET_NAME": "BEECROFT PARK", "TYPE": "Park", "AMENITIES": "None", "ADDRESS": "174 Beecroft Rd", "PHONE": "None", "URL": "https://www.toronto.ca/explore-enjoy/parks-recreation/places-spaces/parks-and-recreation-facilities/location/?id=2136" }, "geometry": { "type": "MultiPoint", "coordinates": [ [ -79.416399885796594, 43.767709738056197 ] ] } },
{ "type": "Feature", "properties": { "_id": 1491, "LOCATIONID": "2068", "ASSET_ID": 995.0, "ASSET_NAME": "STANLEY AVENUE PARK", "TYPE": "Park", "AMENITIES": "Playground", "ADDRESS": "55 Station Rd", "PHONE": "None", "URL": "https://www.toronto.ca/explore-enjoy/parks-recreation/places-spaces/parks-and-recreation-facilities/location/?id=2068" }, "geometry": { "type": "MultiPoint", "coordinates": [ [ -79.4938274619835, 43.615368678448597 ] ] } },
{ "type": "Feature", "properties": { "_id": 1492, "LOCATIONID": "462", "ASSET_ID": 563.0, "ASSET_NAME": "JOYCE TRIMMER PARK", "TYPE": "Park", "AMENITIES": "Basketball Court, Playground, Skateboarding, Sports Field", "ADDRESS": "8450 SHEPPARD AVE E", "PHONE": "None", "URL": "https://www.toronto.ca/explore-enjoy/parks-recreation/places-spaces/parks-and-recreation-facilities/location/?id=462" }, "geometry": { "type": "MultiPoint", "coordinates": [ [ -79.189459145078501, 43.805576294921202 ] ] } },
{ "type": "Feature", "properties": { "_id": 1493, "LOCATIONID": "2193", "ASSET_ID": 1225.0, "ASSET_NAME": "CASSANDRA GREENBELT", "TYPE": "Park", "AMENITIES": "None", "ADDRESS": "54 A Cassandra Blvd", "PHONE": "None", "URL": "https://www.toronto.ca/explore-enjoy/parks-recreation/places-spaces/parks-and-recreation-facilities/location/?id=2193" }, "geometry": { "type": "MultiPoint", "coordinates": [ [ -79.330886220533003, 43.746899086371002 ] ] } },
{ "type": "Feature", "properties": { "_id": 1494, "LOCATIONID": "2334", "ASSET_ID": 399.0, "ASSET_NAME": "GARTHDALE PARKETTE", "TYPE": "Park", "AMENITIES": "Playground", "ADDRESS": "88 A Garthdale Crt", "PHONE": "None", "URL": "https://www.toronto.ca/explore-enjoy/parks-recreation/places-spaces/parks-and-recreation-facilities/location/?id=2334" }, "geometry": { "type": "MultiPoint", "coordinates": [ [ -79.464907529499797, 43.765286703560697 ] ] } },
{ "type": "Feature", "properties": { "_id": 1495, "LOCATIONID": "170", "ASSET_ID": 857.0, "ASSET_NAME": "RAVINA GARDENS", "TYPE": "Park", "AMENITIES": "Ball Diamond, Playground", "ADDRESS": "290 Clendenan Ave", "PHONE": "None", "URL": "https://www.toronto.ca/explore-enjoy/parks-recreation/places-spaces/parks-and-recreation-facilities/location/?id=170" }, "geometry": { "type": "MultiPoint", "coordinates": [ [ -79.472995977893405, 43.6596978110788 ] ] } },
{ "type": "Feature", "properties": { "_id": 1496, "LOCATIONID": "2293", "ASSET_ID": 334.0, "ASSET_NAME": "ELKHORN PARKETTE", "TYPE": "Park", "AMENITIES": "Playground", "ADDRESS": "2 Elkhorn Dr", "PHONE": "None", "URL": "https://www.toronto.ca/explore-enjoy/parks-recreation/places-spaces/parks-and-recreation-facilities/location/?id=2293" }, "geometry": { "type": "MultiPoint", "coordinates": [ [ -79.379375690423899, 43.7713322435457 ] ] } },
{ "type": "Feature", "properties": { "_id": 1497, "LOCATIONID": "2733", "ASSET_ID": 1726.0, "ASSET_NAME": "EDGEWOOD PARKETTE", "TYPE": "Park", "AMENITIES": "None", "ADDRESS": "10 Edgewood Ave", "PHONE": "None", "URL": "https://www.toronto.ca/explore-enjoy/parks-recreation/places-spaces/parks-and-recreation-facilities/location/?id=2733" }, "geometry": { "type": "MultiPoint", "coordinates": [ [ -79.313045244854493, 43.669830115167201 ] ] } },
{ "type": "Feature", "properties": { "_id": 1498, "LOCATIONID": "2234", "ASSET_ID": 234.0, "ASSET_NAME": "COTSWOLD PARK", "TYPE": "Park", "AMENITIES": "None", "ADDRESS": "44 A Cotswold Cres", "PHONE": "None", "URL": "https://www.toronto.ca/explore-enjoy/parks-recreation/places-spaces/parks-and-recreation-facilities/location/?id=2234" }, "geometry": { "type": "MultiPoint", "coordinates": [ [ -79.397846052580107, 43.758014303074397 ] ] } },
{ "type": "Feature", "properties": { "_id": 1499, "LOCATIONID": "1005", "ASSET_ID": 1277.0, "ASSET_NAME": "DUNCANWOODS GREENBELT", "TYPE": "Park", "AMENITIES": "None", "ADDRESS": "2470 Finch Ave W", "PHONE": "None", "URL": "https://www.toronto.ca/explore-enjoy/parks-recreation/places-spaces/parks-and-recreation-facilities/location/?id=1005" }, "geometry": { "type": "MultiPoint", "coordinates": [ [ -79.556679316204793, 43.750246731755098 ] ] } },
{ "type": "Feature", "properties": { "_id": 1500, "LOCATIONID": "544", "ASSET_ID": 1040.0, "ASSET_NAME": "TIMBERBANK PARK", "TYPE": "Park", "AMENITIES": "Playground, Sports Field", "ADDRESS": "240 Timberbank Blvd", "PHONE": "None", "URL": "https://www.toronto.ca/explore-enjoy/parks-recreation/places-spaces/parks-and-recreation-facilities/location/?id=544" }, "geometry": { "type": "MultiPoint", "coordinates": [ [ -79.308469492405806, 43.793844937467 ] ] } },
{ "type": "Feature", "properties": { "_id": 1501, "LOCATIONID": "794", "ASSET_ID": 926.0, "ASSET_NAME": "SCARDEN PARK", "TYPE": "Park", "AMENITIES": "Ball Diamond, Playground", "ADDRESS": "1649 Warden Ave", "PHONE": "None", "URL": "https://www.toronto.ca/explore-enjoy/parks-recreation/places-spaces/parks-and-recreation-facilities/location/?id=794" }, "geometry": { "type": "MultiPoint", "coordinates": [ [ -79.304619896565896, 43.774849808346197 ] ] } },
{ "type": "Feature", "properties": { "_id": 1502, "LOCATIONID": "16", "ASSET_ID": 159.0, "ASSET_NAME": "CASSANDRA PARK", "TYPE": "Park", "AMENITIES": "Playground, Tennis Court, Washroom", "ADDRESS": "230 Cassandra Blvd", "PHONE": "None", "URL": "https://www.toronto.ca/explore-enjoy/parks-recreation/places-spaces/parks-and-recreation-facilities/location/?id=16" }, "geometry": { "type": "MultiPoint", "coordinates": [ [ -79.3183752118466, 43.7547695058906 ] ] } },
{ "type": "Feature", "properties": { "_id": 1503, "LOCATIONID": "627", "ASSET_ID": 188.0, "ASSET_NAME": "CHARTWELL PARK", "TYPE": "Park", "AMENITIES": "Ball Diamond, Playground, Sports Field", "ADDRESS": "99 Kenhatch Blvd", "PHONE": "None", "URL": "https://www.toronto.ca/explore-enjoy/parks-recreation/places-spaces/parks-and-recreation-facilities/location/?id=627" }, "geometry": { "type": "MultiPoint", "coordinates": [ [ -79.261772513986699, 43.805400048854501 ] ] } },
{ "type": "Feature", "properties": { "_id": 1504, "LOCATIONID": "2367", "ASSET_ID": 1344.0, "ASSET_NAME": "HEARTHSTONE VALLEY GREENBELT", "TYPE": "Park", "AMENITIES": "None", "ADDRESS": "21 A Hearthstone Cres", "PHONE": "None", "URL": "https://www.toronto.ca/explore-enjoy/parks-recreation/places-spaces/parks-and-recreation-facilities/location/?id=2367" }, "geometry": { "type": "MultiPoint", "coordinates": [ [ -79.446456151629405, 43.766287267035104 ] ] } },
{ "type": "Feature", "properties": { "_id": 1505, "LOCATIONID": "2302", "ASSET_ID": 342.0, "ASSET_NAME": "EMPRESS TOT LOT", "TYPE": "Park", "AMENITIES": "None", "ADDRESS": "304 Empress Ave", "PHONE": "None", "URL": "https://www.toronto.ca/explore-enjoy/parks-recreation/places-spaces/parks-and-recreation-facilities/location/?id=2302" }, "geometry": { "type": "MultiPoint", "coordinates": [ [ -79.396791909142806, 43.773121546220999 ] ] } },
{ "type": "Feature", "properties": { "_id": 1506, "LOCATIONID": "2463", "ASSET_ID": 691.0, "ASSET_NAME": "MAUREEN PARKETTE", "TYPE": "Park", "AMENITIES": "Playground", "ADDRESS": "2 Maureen Dr", "PHONE": "None", "URL": "https://www.toronto.ca/explore-enjoy/parks-recreation/places-spaces/parks-and-recreation-facilities/location/?id=2463" }, "geometry": { "type": "MultiPoint", "coordinates": [ [ -79.372122911253001, 43.771903539220503 ] ] } },
{ "type": "Feature", "properties": { "_id": 1507, "LOCATIONID": "1111", "ASSET_ID": 31192.0, "ASSET_NAME": "ALEXMUIR JUNIOR PUBLIC SCHOOL", "TYPE": "Community Centre", "AMENITIES": "None", "ADDRESS": "95 ALEXMUIR BLVD", "PHONE": "None", "URL": "https://www.toronto.ca/explore-enjoy/parks-recreation/places-spaces/parks-and-recreation-facilities/location/?id=1111" }, "geometry": { "type": "MultiPoint", "coordinates": [ [ -79.285722028486106, 43.809069597316899 ] ] } },
{ "type": "Feature", "properties": { "_id": 1508, "LOCATIONID": "1115", "ASSET_ID": 31193.0, "ASSET_NAME": "ANSON PARK PUBLIC SCHOOL", "TYPE": "Community Centre", "AMENITIES": "None", "ADDRESS": "30 MACDUFF CRES", "PHONE": "None", "URL": "https://www.toronto.ca/explore-enjoy/parks-recreation/places-spaces/parks-and-recreation-facilities/location/?id=1115" }, "geometry": { "type": "MultiPoint", "coordinates": [ [ -79.241086854184204, 43.726147511428302 ] ] } },
{ "type": "Feature", "properties": { "_id": 1509, "LOCATIONID": "1119", "ASSET_ID": 34784.0, "ASSET_NAME": "AVONDALE ALTERNATIVE SECONDARY SCHOOL", "TYPE": "Community Centre", "AMENITIES": "None", "ADDRESS": "171 AVONDALE AVE", "PHONE": "416-395-7848", "URL": "https://www.toronto.ca/explore-enjoy/parks-recreation/places-spaces/parks-and-recreation-facilities/location/?id=1119" }, "geometry": { "type": "MultiPoint", "coordinates": [ [ -79.400356983498895, 43.7595504843339 ] ] } },
{ "type": "Feature", "properties": { "_id": 1510, "LOCATIONID": "1128", "ASSET_ID": 31196.0, "ASSET_NAME": "BEVERLY GLEN JUNIOR PUBLIC SCHOOL", "TYPE": "Community Centre", "AMENITIES": "None", "ADDRESS": "85 BEVERLY GLEN BLVD", "PHONE": "None", "URL": "https://www.toronto.ca/explore-enjoy/parks-recreation/places-spaces/parks-and-recreation-facilities/location/?id=1128" }, "geometry": { "type": "MultiPoint", "coordinates": [ [ -79.323145599899107, 43.7986397818662 ] ] } },
{ "type": "Feature", "properties": { "_id": 1511, "LOCATIONID": "1129", "ASSET_ID": 31197.0, "ASSET_NAME": "BLANTYRE PUBLIC SCHOOL", "TYPE": "Community Centre", "AMENITIES": "None", "ADDRESS": "290 BLANTYRE AVE", "PHONE": "None", "URL": "https://www.toronto.ca/explore-enjoy/parks-recreation/places-spaces/parks-and-recreation-facilities/location/?id=1129" }, "geometry": { "type": "MultiPoint", "coordinates": [ [ -79.283768940022995, 43.685022384155701 ] ] } },
{ "type": "Feature", "properties": { "_id": 1512, "LOCATIONID": "1132", "ASSET_ID": 13012.0, "ASSET_NAME": "BLOORDALE COMMUNITY SCHOOL", "TYPE": "Community Centre", "AMENITIES": "None", "ADDRESS": "10 TOLEDO RD", "PHONE": "416-394-8699", "URL": "https://www.toronto.ca/explore-enjoy/parks-recreation/places-spaces/parks-and-recreation-facilities/location/?id=1132" }, "geometry": { "type": "MultiPoint", "coordinates": [ [ -79.572341175264, 43.639197481838202 ] ] } },
{ "type": "Feature", "properties": { "_id": 1513, "LOCATIONID": "1139", "ASSET_ID": 31047.0, "ASSET_NAME": "CALICO PUBLIC SCHOOL", "TYPE": "Community Centre", "AMENITIES": "None", "ADDRESS": "35 CALICO DR", "PHONE": "None", "URL": "https://www.toronto.ca/explore-enjoy/parks-recreation/places-spaces/parks-and-recreation-facilities/location/?id=1139" }, "geometry": { "type": "MultiPoint", "coordinates": [ [ -79.503525799776, 43.738004741920797 ] ] } },
{ "type": "Feature", "properties": { "_id": 1514, "LOCATIONID": "1142", "ASSET_ID": 31051.0, "ASSET_NAME": "CEDAR DRIVE JUNIOR PUBLIC SCHOOL", "TYPE": "Community Centre", "AMENITIES": "None", "ADDRESS": "21 GATESVIEW AVE", "PHONE": "None", "URL": "https://www.toronto.ca/explore-enjoy/parks-recreation/places-spaces/parks-and-recreation-facilities/location/?id=1142" }, "geometry": { "type": "MultiPoint", "coordinates": [ [ -79.215027853481402, 43.7464582449918 ] ] } },
{ "type": "Feature", "properties": { "_id": 1515, "LOCATIONID": "1143", "ASSET_ID": 13013.0, "ASSET_NAME": "CEDARBRAE COLLEGIATE INSTITUTE", "TYPE": "Community Centre", "AMENITIES": "None", "ADDRESS": "550 MARKHAM RD", "PHONE": "416-396-4006", "URL": "https://www.toronto.ca/explore-enjoy/parks-recreation/places-spaces/parks-and-recreation-facilities/location/?id=1143" }, "geometry": { "type": "MultiPoint", "coordinates": [ [ -79.225802036566705, 43.756248756125501 ] ] } },
{ "type": "Feature", "properties": { "_id": 1516, "LOCATIONID": "1148", "ASSET_ID": 43982.0, "ASSET_NAME": "CHARLOTTETOWN JUNIOR ELEMENTARY SCHOOL", "TYPE": "Community Centre", "AMENITIES": "None", "ADDRESS": "85 CHARLOTTETOWN BLVD", "PHONE": "None", "URL": "https://www.toronto.ca/explore-enjoy/parks-recreation/places-spaces/parks-and-recreation-facilities/location/?id=1148" }, "geometry": { "type": "MultiPoint", "coordinates": [ [ -79.142133196712905, 43.782047233587498 ] ] } },
{ "type": "Feature", "properties": { "_id": 1517, "LOCATIONID": "1151", "ASSET_ID": 31201.0, "ASSET_NAME": "CHINE DRIVE PUBLIC SCHOOL", "TYPE": "Community Centre", "AMENITIES": "None", "ADDRESS": "51 CHINE DR", "PHONE": "None", "URL": "https://www.toronto.ca/explore-enjoy/parks-recreation/places-spaces/parks-and-recreation-facilities/location/?id=1151" }, "geometry": { "type": "MultiPoint", "coordinates": [ [ -79.241656049306897, 43.709920121491798 ] ] } },
{ "type": "Feature", "properties": { "_id": 1518, "LOCATIONID": "1156", "ASSET_ID": 43984.0, "ASSET_NAME": "CORNELL JUNIOR PUBLIC SCHOOL", "TYPE": "Community Centre", "AMENITIES": "None", "ADDRESS": "61 HOLMFIRTH TER", "PHONE": "None", "URL": "https://www.toronto.ca/explore-enjoy/parks-recreation/places-spaces/parks-and-recreation-facilities/location/?id=1156" }, "geometry": { "type": "MultiPoint", "coordinates": [ [ -79.2180469615747, 43.759334478888903 ] ] } },
{ "type": "Feature", "properties": { "_id": 1519, "LOCATIONID": "1157", "ASSET_ID": 31052.0, "ASSET_NAME": "CORVETTE JUNIOR PUBLIC SCHOOL", "TYPE": "Community Centre", "AMENITIES": "None", "ADDRESS": "30 CORVETTE AVE", "PHONE": "None", "URL": "https://www.toronto.ca/explore-enjoy/parks-recreation/places-spaces/parks-and-recreation-facilities/location/?id=1157" }, "geometry": { "type": "MultiPoint", "coordinates": [ [ -79.262123186779704, 43.7265157228316 ] ] } },
{ "type": "Feature", "properties": { "_id": 1520, "LOCATIONID": "1163", "ASSET_ID": 6261.0, "ASSET_NAME": "CW JEFFERYS COLLEGIATE INSTITUTE", "TYPE": "Community Centre", "AMENITIES": "None", "ADDRESS": "340 SENTINEL RD", "PHONE": " 416-395-7879", "URL": "https://www.toronto.ca/explore-enjoy/parks-recreation/places-spaces/parks-and-recreation-facilities/location/?id=1163" }, "geometry": { "type": "MultiPoint", "coordinates": [ [ -79.500308122040593, 43.758102006549002 ] ] } },
{ "type": "Feature", "properties": { "_id": 1521, "LOCATIONID": "1164", "ASSET_ID": 13019.0, "ASSET_NAME": "DA MORRISON MIDDLE SCHOOL", "TYPE": "Community Centre", "AMENITIES": "None", "ADDRESS": "271 GLEDHILL AVE", "PHONE": "416-392-0157", "URL": "https://www.toronto.ca/explore-enjoy/parks-recreation/places-spaces/parks-and-recreation-facilities/location/?id=1164" }, "geometry": { "type": "MultiPoint", "coordinates": [ [ -79.311655248063303, 43.695412341202598 ] ] } },
{ "type": "Feature", "properties": { "_id": 1522, "LOCATIONID": "1166", "ASSET_ID": 31202.0, "ASSET_NAME": "DAVID AND MARY THOMSON COLLEGIATE INSTITUTE", "TYPE": "Community Centre", "AMENITIES": "None", "ADDRESS": "125 BROCKLEY DR", "PHONE": "None", "URL": "https://www.toronto.ca/explore-enjoy/parks-recreation/places-spaces/parks-and-recreation-facilities/location/?id=1166" }, "geometry": { "type": "MultiPoint", "coordinates": [ [ -79.263816399907796, 43.755963330771699 ] ] } },
{ "type": "Feature", "properties": { "_id": 1523, "LOCATIONID": "1183", "ASSET_ID": 31204.0, "ASSET_NAME": "ELIZABETH SIMCOE JUNIOR PUBLIC SCHOOL", "TYPE": "Community Centre", "AMENITIES": "None", "ADDRESS": "166 SYLVAN AVE", "PHONE": "None", "URL": "https://www.toronto.ca/explore-enjoy/parks-recreation/places-spaces/parks-and-recreation-facilities/location/?id=1183" }, "geometry": { "type": "MultiPoint", "coordinates": [ [ -79.206002642025894, 43.738131598935297 ] ] } },
{ "type": "Feature", "properties": { "_id": 1524, "LOCATIONID": "1184", "ASSET_ID": 31062.0, "ASSET_NAME": "ELLESMERE - STATTON PUBLIC SCHOOL", "TYPE": "Community Centre", "AMENITIES": "None", "ADDRESS": "739 ELLESMERE RD", "PHONE": "None", "URL": "https://www.toronto.ca/explore-enjoy/parks-recreation/places-spaces/parks-and-recreation-facilities/location/?id=1184" }, "geometry": { "type": "MultiPoint", "coordinates": [ [ -79.287443632659802, 43.763600735759901 ] ] } },
{ "type": "Feature", "properties": { "_id": 1525, "LOCATIONID": "1186", "ASSET_ID": 13025.0, "ASSET_NAME": "EMERY COLLEGIATE INSTITUTE", "TYPE": "Community Centre", "AMENITIES": "None", "ADDRESS": "3395 WESTON RD", "PHONE": "416-395-7950", "URL": "https://www.toronto.ca/explore-enjoy/parks-recreation/places-spaces/parks-and-recreation-facilities/location/?id=1186" }, "geometry": { "type": "MultiPoint", "coordinates": [ [ -79.538621154043895, 43.748531123444103 ] ] } },
{ "type": "Feature", "properties": { "_id": 1526, "LOCATIONID": "1189", "ASSET_ID": 34803.0, "ASSET_NAME": "FAYWOOD ARTS-BASED CURRICULUM SCHOOL", "TYPE": "Community Centre", "AMENITIES": "None", "ADDRESS": "95 FAYWOOD BLVD", "PHONE": "416-395-0150", "URL": "https://www.toronto.ca/explore-enjoy/parks-recreation/places-spaces/parks-and-recreation-facilities/location/?id=1189" }, "geometry": { "type": "MultiPoint", "coordinates": [ [ -79.446744645519402, 43.739872429898597 ] ] } },
{ "type": "Feature", "properties": { "_id": 1527, "LOCATIONID": "1192", "ASSET_ID": 44503.0, "ASSET_NAME": "FISHERVILLE JUNIOR HIGH SCHOOL", "TYPE": "Community Centre", "AMENITIES": "None", "ADDRESS": "425 PATICIA AVE", "PHONE": "None", "URL": "https://www.toronto.ca/explore-enjoy/parks-recreation/places-spaces/parks-and-recreation-facilities/location/?id=1192" }, "geometry": { "type": "MultiPoint", "coordinates": [ [ -79.441037810650499, 43.784570931804097 ] ] } },
{ "type": "Feature", "properties": { "_id": 1528, "LOCATIONID": "1196", "ASSET_ID": 31205.0, "ASSET_NAME": "GEORGE B. LITTLE PUBLIC SCHOOL", "TYPE": "Community Centre", "AMENITIES": "None", "ADDRESS": "125 ORTON PARK RD", "PHONE": "None", "URL": "https://www.toronto.ca/explore-enjoy/parks-recreation/places-spaces/parks-and-recreation-facilities/location/?id=1196" }, "geometry": { "type": "MultiPoint", "coordinates": [ [ -79.207977782040402, 43.771015961750798 ] ] } },
{ "type": "Feature", "properties": { "_id": 1529, "LOCATIONID": "1200", "ASSET_ID": 6270.0, "ASSET_NAME": "GEORGES VANIER SECONDARY SCHOOL", "TYPE": "Community Centre", "AMENITIES": "None", "ADDRESS": "3000 DON MILLS RD E", "PHONE": "None", "URL": "https://www.toronto.ca/explore-enjoy/parks-recreation/places-spaces/parks-and-recreation-facilities/location/?id=1200" }, "geometry": { "type": "MultiPoint", "coordinates": [ [ -79.351069734544296, 43.783292963836999 ] ] } },
{ "type": "Feature", "properties": { "_id": 1530, "LOCATIONID": "1201", "ASSET_ID": 31206.0, "ASSET_NAME": "GLAMORGAN JUNIOR ELEMENTARY SCHOOL", "TYPE": "Community Centre", "AMENITIES": "None", "ADDRESS": "51 ANTRIM CRES", "PHONE": "None", "URL": "https://www.toronto.ca/explore-enjoy/parks-recreation/places-spaces/parks-and-recreation-facilities/location/?id=1201" }, "geometry": { "type": "MultiPoint", "coordinates": [ [ -79.289465857871505, 43.771376073746502 ] ] } },
{ "type": "Feature", "properties": { "_id": 1531, "LOCATIONID": "1203", "ASSET_ID": 31207.0, "ASSET_NAME": "GLEN RAVINE JUNIOR PUBLIC SCHOOL", "TYPE": "Community Centre", "AMENITIES": "None", "ADDRESS": "11 GADSBY DR", "PHONE": "None", "URL": "https://www.toronto.ca/explore-enjoy/parks-recreation/places-spaces/parks-and-recreation-facilities/location/?id=1203" }, "geometry": { "type": "MultiPoint", "coordinates": [ [ -79.254105007668699, 43.738254016288501 ] ] } },
{ "type": "Feature", "properties": { "_id": 1532, "LOCATIONID": "1205", "ASSET_ID": 13028.0, "ASSET_NAME": "GORDON A. BROWN MIDDLE SCHOOL", "TYPE": "Community Centre", "AMENITIES": "None", "ADDRESS": "2800 ST CLAIR AVE E", "PHONE": "416-392-6368", "URL": "https://www.toronto.ca/explore-enjoy/parks-recreation/places-spaces/parks-and-recreation-facilities/location/?id=1205" }, "geometry": { "type": "MultiPoint", "coordinates": [ [ -79.305464087496404, 43.707710130792698 ] ] } },
{ "type": "Feature", "properties": { "_id": 1533, "LOCATIONID": "1206", "ASSET_ID": 34762.0, "ASSET_NAME": "GOSFORD PUBLIC SCHOOL", "TYPE": "Community Centre", "AMENITIES": "None", "ADDRESS": "30 GOSFORD BLVD", "PHONE": "416-395-6019", "URL": "https://www.toronto.ca/explore-enjoy/parks-recreation/places-spaces/parks-and-recreation-facilities/location/?id=1206" }, "geometry": { "type": "MultiPoint", "coordinates": [ [ -79.5215867025248, 43.763880170352898 ] ] } },
{ "type": "Feature", "properties": { "_id": 1534, "LOCATIONID": "1212", "ASSET_ID": 31211.0, "ASSET_NAME": "HENRY HUDSON SENIOR PUBLIC SCHOOL", "TYPE": "Community Centre", "AMENITIES": "None", "ADDRESS": "350 ORTON PARK RD", "PHONE": "None", "URL": "https://www.toronto.ca/explore-enjoy/parks-recreation/places-spaces/parks-and-recreation-facilities/location/?id=1212" }, "geometry": { "type": "MultiPoint", "coordinates": [ [ -79.214730879151702, 43.777737242606698 ] ] } },
{ "type": "Feature", "properties": { "_id": 1535, "LOCATIONID": "1216", "ASSET_ID": 31214.0, "ASSET_NAME": "HIGHCASTLE PUBLIC SCHOOL", "TYPE": "Community Centre", "AMENITIES": "None", "ADDRESS": "370 MILITARY TRL", "PHONE": "None", "URL": "https://www.toronto.ca/explore-enjoy/parks-recreation/places-spaces/parks-and-recreation-facilities/location/?id=1216" }, "geometry": { "type": "MultiPoint", "coordinates": [ [ -79.212512792363, 43.7867552995585 ] ] } },
{ "type": "Feature", "properties": { "_id": 1536, "LOCATIONID": "1219", "ASSET_ID": 13031.0, "ASSET_NAME": "HILLTOP COMMUNITY SCHOOL", "TYPE": "Community Centre", "AMENITIES": "None", "ADDRESS": "35 TREHORNE DR", "PHONE": "416-394-8701", "URL": "https://www.toronto.ca/explore-enjoy/parks-recreation/places-spaces/parks-and-recreation-facilities/location/?id=1219" }, "geometry": { "type": "MultiPoint", "coordinates": [ [ -79.533095757813001, 43.6891410232693 ] ] } },
{ "type": "Feature", "properties": { "_id": 1537, "LOCATIONID": "1221", "ASSET_ID": 13032.0, "ASSET_NAME": "HOLLYCREST COMMUNITY SCHOOL", "TYPE": "Community Centre", "AMENITIES": "None", "ADDRESS": "630 RENFORTH DR", "PHONE": " 416-394-8703", "URL": "https://www.toronto.ca/explore-enjoy/parks-recreation/places-spaces/parks-and-recreation-facilities/location/?id=1221" }, "geometry": { "type": "MultiPoint", "coordinates": [ [ -79.583160564032198, 43.655955949194897 ] ] } },
{ "type": "Feature", "properties": { "_id": 1538, "LOCATIONID": "1228", "ASSET_ID": 31723.0, "ASSET_NAME": "HUMBERCREST PUBLIC SCHOOL", "TYPE": "Community Centre", "AMENITIES": "None", "ADDRESS": "14 ST MARK'S RD", "PHONE": "None", "URL": "https://www.toronto.ca/explore-enjoy/parks-recreation/places-spaces/parks-and-recreation-facilities/location/?id=1228" }, "geometry": { "type": "MultiPoint", "coordinates": [ [ -79.491022387016898, 43.6604109173011 ] ] } },
{ "type": "Feature", "properties": { "_id": 1539, "LOCATIONID": "1231", "ASSET_ID": 31215.0, "ASSET_NAME": "IROQUOIS JUNIOR PUBLIC SCHOOL", "TYPE": "Community Centre", "AMENITIES": "None", "ADDRESS": "265 CHARTLAND BLVD S", "PHONE": "None", "URL": "https://www.toronto.ca/explore-enjoy/parks-recreation/places-spaces/parks-and-recreation-facilities/location/?id=1231" }, "geometry": { "type": "MultiPoint", "coordinates": [ [ -79.269444565607699, 43.802678381998902 ] ] } },
{ "type": "Feature", "properties": { "_id": 1540, "LOCATIONID": "1232", "ASSET_ID": 13035.0, "ASSET_NAME": "ISLINGTON COMMUNITY SCHOOL", "TYPE": "Community Centre", "AMENITIES": "None", "ADDRESS": "44 CORDOVA AVE", "PHONE": "416-394-8705", "URL": "https://www.toronto.ca/explore-enjoy/parks-recreation/places-spaces/parks-and-recreation-facilities/location/?id=1232" }, "geometry": { "type": "MultiPoint", "coordinates": [ [ -79.527721584072097, 43.647490468135501 ] ] } },
{ "type": "Feature", "properties": { "_id": 1541, "LOCATIONID": "1234", "ASSET_ID": 13036.0, "ASSET_NAME": "JAMES S. BELL COMMUNITY SCHOOL", "TYPE": "Community Centre", "AMENITIES": "None", "ADDRESS": "90 Thirty First St", "PHONE": "416-394-8707", "URL": "https://www.toronto.ca/explore-enjoy/parks-recreation/places-spaces/parks-and-recreation-facilities/location/?id=1234" }, "geometry": { "type": "MultiPoint", "coordinates": [ [ -79.530116954312007, 43.593899519496397 ] ] } },
{ "type": "Feature", "properties": { "_id": 1542, "LOCATIONID": "1236", "ASSET_ID": 13038.0, "ASSET_NAME": "JOHN ENGLISH COMMUNITY SCHOOL", "TYPE": "Community Centre", "AMENITIES": "None", "ADDRESS": "95 MIMICO AVE", "PHONE": "416-394-8711", "URL": "https://www.toronto.ca/explore-enjoy/parks-recreation/places-spaces/parks-and-recreation-facilities/location/?id=1236" }, "geometry": { "type": "MultiPoint", "coordinates": [ [ -79.494497001594297, 43.611901302875602 ] ] } },
{ "type": "Feature", "properties": { "_id": 1543, "LOCATIONID": "1237", "ASSET_ID": 13039.0, "ASSET_NAME": "JOHN G. ALTHOUSE COMMUNITY SCHOOL", "TYPE": "Community Centre", "AMENITIES": "None", "ADDRESS": "130 LLOYD MANOR RD", "PHONE": "416-394-8709", "URL": "https://www.toronto.ca/explore-enjoy/parks-recreation/places-spaces/parks-and-recreation-facilities/location/?id=1237" }, "geometry": { "type": "MultiPoint", "coordinates": [ [ -79.554050134830604, 43.6682089627068 ] ] } },
{ "type": "Feature", "properties": { "_id": 1544, "LOCATIONID": "1244", "ASSET_ID": 13042.0, "ASSET_NAME": "KINGSVIEW VILLAGE COMMUNITY SCHOOL", "TYPE": "Community Centre", "AMENITIES": "None", "ADDRESS": "1 YORK RD", "PHONE": "416-394-5540", "URL": "https://www.toronto.ca/explore-enjoy/parks-recreation/places-spaces/parks-and-recreation-facilities/location/?id=1244" }, "geometry": { "type": "MultiPoint", "coordinates": [ [ -79.550863630903294, 43.697694088709298 ] ] } },
{ "type": "Feature", "properties": { "_id": 1545, "LOCATIONID": "1250", "ASSET_ID": 29082.0, "ASSET_NAME": "L'AMOREAUX COLLEGIATE INSTITUTE", "TYPE": "Community Centre", "AMENITIES": "None", "ADDRESS": "2501 BRIDLETOWNE CIR", "PHONE": "416-396-4005", "URL": "https://www.toronto.ca/explore-enjoy/parks-recreation/places-spaces/parks-and-recreation-facilities/location/?id=1250" }, "geometry": { "type": "MultiPoint", "coordinates": [ [ -79.318095981963907, 43.802630712859802 ] ] } },
{ "type": "Feature", "properties": { "_id": 1546, "LOCATIONID": "1255", "ASSET_ID": 13046.0, "ASSET_NAME": "LESTER B. PEARSON COLLEGIATE INSTITUTE", "TYPE": "Community Centre", "AMENITIES": "None", "ADDRESS": "150 TAPSCOTT RD", "PHONE": "416-396-4010", "URL": "https://www.toronto.ca/explore-enjoy/parks-recreation/places-spaces/parks-and-recreation-facilities/location/?id=1255" }, "geometry": { "type": "MultiPoint", "coordinates": [ [ -79.225565723013602, 43.803229801942301 ] ] } },
{ "type": "Feature", "properties": { "_id": 1547, "LOCATIONID": "1257", "ASSET_ID": 31061.0, "ASSET_NAME": "LORD ROBERTS JUNIOR PUBLIC SCHOOL", "TYPE": "Community Centre", "AMENITIES": "None", "ADDRESS": "165 LORD ROBERTS DR", "PHONE": "None", "URL": "https://www.toronto.ca/explore-enjoy/parks-recreation/places-spaces/parks-and-recreation-facilities/location/?id=1257" }, "geometry": { "type": "MultiPoint", "coordinates": [ [ -79.263524629039196, 43.741361489946797 ] ] } },
{ "type": "Feature", "properties": { "_id": 1548, "LOCATIONID": "1269", "ASSET_ID": 34806.0, "ASSET_NAME": "MCKEE PUBLIC SCHOOL", "TYPE": "Community Centre", "AMENITIES": "None", "ADDRESS": "35 CHURCH AVE", "PHONE": "416-395-0262", "URL": "https://www.toronto.ca/explore-enjoy/parks-recreation/places-spaces/parks-and-recreation-facilities/location/?id=1269" }, "geometry": { "type": "MultiPoint", "coordinates": [ [ -79.410544782415798, 43.774116505986797 ] ] } },
{ "type": "Feature", "properties": { "_id": 1549, "LOCATIONID": "1270", "ASSET_ID": 1870.0, "ASSET_NAME": "MEADOWVALE PUBLIC SCHOOL", "TYPE": "Community Centre", "AMENITIES": "None", "ADDRESS": "761 Meadowvale Rd", "PHONE": "None", "URL": "https://www.toronto.ca/explore-enjoy/parks-recreation/places-spaces/parks-and-recreation-facilities/location/?id=1270" }, "geometry": { "type": "MultiPoint", "coordinates": [ [ -79.164188930874204, 43.7955775509201 ] ] } },
{ "type": "Feature", "properties": { "_id": 1550, "LOCATIONID": "1283", "ASSET_ID": 34702.0, "ASSET_NAME": "OAKDALE PARK MIDDLE SCHOOL", "TYPE": "Community Centre", "AMENITIES": "None", "ADDRESS": "315 GRANDRAVINE DR", "PHONE": "416-395-3060", "URL": "https://www.toronto.ca/explore-enjoy/parks-recreation/places-spaces/parks-and-recreation-facilities/location/?id=1283" }, "geometry": { "type": "MultiPoint", "coordinates": [ [ -79.511870328224006, 43.747538834179501 ] ] } },
{ "type": "Feature", "properties": { "_id": 1551, "LOCATIONID": "1284", "ASSET_ID": 31048.0, "ASSET_NAME": "O'CONNOR PUBLIC SCHOOL", "TYPE": "Community Centre", "AMENITIES": "None", "ADDRESS": "1665 O'CONNOR DR", "PHONE": "416-397-2980", "URL": "https://www.toronto.ca/explore-enjoy/parks-recreation/places-spaces/parks-and-recreation-facilities/location/?id=1284" }, "geometry": { "type": "MultiPoint", "coordinates": [ [ -79.304232088454, 43.716439673958803 ] ] } },
{ "type": "Feature", "properties": { "_id": 1552, "LOCATIONID": "100", "ASSET_ID": 1867.0, "ASSET_NAME": "MARY McCORMICK RECREATION CENTRE", "TYPE": "Community Centre", "AMENITIES": "Wi-Fi", "ADDRESS": "66 SHERIDAN AVE", "PHONE": "416-392-0742", "URL": "https://www.toronto.ca/explore-enjoy/parks-recreation/places-spaces/parks-and-recreation-facilities/location/?id=100" }, "geometry": { "type": "MultiPoint", "coordinates": [ [ -79.433185628411195, 43.647398458332397 ] ] } },
{ "type": "Feature", "properties": { "_id": 1553, "LOCATIONID": "1045", "ASSET_ID": 63.0, "ASSET_NAME": "BARBARA FRUM RECREATION CENTRE", "TYPE": "Community Centre", "AMENITIES": "Wi-Fi", "ADDRESS": "20 COVINGTON RD", "PHONE": "416-395-6123", "URL": "https://www.toronto.ca/explore-enjoy/parks-recreation/places-spaces/parks-and-recreation-facilities/location/?id=1045" }, "geometry": { "type": "MultiPoint", "coordinates": [ [ -79.432182865702302, 43.720800237715302 ] ] } },
{ "type": "Feature", "properties": { "_id": 1554, "LOCATIONID": "1056", "ASSET_ID": 273.0, "ASSET_NAME": "DENNIS R. TIMBRELL RESOURCE CENTRE", "TYPE": "Community Centre", "AMENITIES": "Wi-Fi", "ADDRESS": "29 ST DENNIS DR", "PHONE": "416-395-7972", "URL": "https://www.toronto.ca/explore-enjoy/parks-recreation/places-spaces/parks-and-recreation-facilities/location/?id=1056" }, "geometry": { "type": "MultiPoint", "coordinates": [ [ -79.331794567213294, 43.7178757629651 ] ] } },
{ "type": "Feature", "properties": { "_id": 1555, "LOCATIONID": "1060", "ASSET_ID": 710.0, "ASSET_NAME": "EAST YORK CIVIC CENTRE", "TYPE": "Civic Centre", "AMENITIES": "None", "ADDRESS": "850 COXWELL AVE", "PHONE": "None", "URL": "https://www.toronto.ca/explore-enjoy/parks-recreation/places-spaces/parks-and-recreation-facilities/location/?id=1060" }, "geometry": { "type": "MultiPoint", "coordinates": [ [ -79.328355499944294, 43.691203332644598 ] ] } },
{ "type": "Feature", "properties": { "_id": 1556, "LOCATIONID": "1062", "ASSET_ID": 349.0, "ASSET_NAME": "ETOBICOKE CIVIC CENTRE", "TYPE": "Civic Centre", "AMENITIES": "None", "ADDRESS": "399 THE WEST MALL", "PHONE": "None", "URL": "https://www.toronto.ca/explore-enjoy/parks-recreation/places-spaces/parks-and-recreation-facilities/location/?id=1062" }, "geometry": { "type": "MultiPoint", "coordinates": [ [ -79.565660768025793, 43.644109081625601 ] ] } },
{ "type": "Feature", "properties": { "_id": 1557, "LOCATIONID": "1063", "ASSET_ID": 2070.0, "ASSET_NAME": "FALSTAFF COMMUNITY RECREATION CENTRE", "TYPE": "Community Centre", "AMENITIES": "Wi-Fi", "ADDRESS": "50 FALSTAFF AVE", "PHONE": "416-395-7924", "URL": "https://www.toronto.ca/explore-enjoy/parks-recreation/places-spaces/parks-and-recreation-facilities/location/?id=1063" }, "geometry": { "type": "MultiPoint", "coordinates": [ [ -79.503796701285296, 43.716619912038801 ] ] } },
{ "type": "Feature", "properties": { "_id": 1558, "LOCATIONID": "1076", "ASSET_ID": 2082.0, "ASSET_NAME": "JENNER JEAN-MARIE COMMUNITY RECREATION CENTRE", "TYPE": "Community Centre", "AMENITIES": "Wi-Fi", "ADDRESS": "48 THORNCLIFFE PARK DR", "PHONE": "416-396-2874", "URL": "https://www.toronto.ca/explore-enjoy/parks-recreation/places-spaces/parks-and-recreation-facilities/location/?id=1076" }, "geometry": { "type": "MultiPoint", "coordinates": [ [ -79.342797341729195, 43.703072237564598 ] ] } },
{ "type": "Feature", "properties": { "_id": 1559, "LOCATIONID": "1078", "ASSET_ID": 13041.0, "ASSET_NAME": "KEN COX COMMUNITY CENTRE", "TYPE": "Community Centre", "AMENITIES": "Wi-Fi", "ADDRESS": "28 COLONEL SAMUEL SMITH PARK DR", "PHONE": "416-392-6355", "URL": "https://www.toronto.ca/explore-enjoy/parks-recreation/places-spaces/parks-and-recreation-facilities/location/?id=1078" }, "geometry": { "type": "MultiPoint", "coordinates": [ [ -79.516535141239402, 43.595099078353101 ] ] } },
{ "type": "Feature", "properties": { "_id": 1560, "LOCATIONID": "1081", "ASSET_ID": 29549.0, "ASSET_NAME": "MIMICO-CORONATION CLUB HOUSE", "TYPE": "Community Centre", "AMENITIES": "None", "ADDRESS": "10 Judson St", "PHONE": "None", "URL": "https://www.toronto.ca/explore-enjoy/parks-recreation/places-spaces/parks-and-recreation-facilities/location/?id=1081" }, "geometry": { "type": "MultiPoint", "coordinates": [ [ -79.499816820642494, 43.616269733650199 ] ] } },
{ "type": "Feature", "properties": { "_id": 1561, "LOCATIONID": "1091", "ASSET_ID": 6294.0, "ASSET_NAME": "NEW TORONTO SENIORS' CENTRE", "TYPE": "Community Centre", "AMENITIES": "None", "ADDRESS": "105 FOURTH ST", "PHONE": "416-394-8684", "URL": "https://www.toronto.ca/explore-enjoy/parks-recreation/places-spaces/parks-and-recreation-facilities/location/?id=1091" }, "geometry": { "type": "MultiPoint", "coordinates": [ [ -79.501423462671596, 43.601187545687701 ] ] } },
{ "type": "Feature", "properties": { "_id": 1562, "LOCATIONID": "1093", "ASSET_ID": 2092.0, "ASSET_NAME": "O'CONNOR COMMUNITY CENTRE", "TYPE": "Community Centre", "AMENITIES": "Wi-Fi", "ADDRESS": "1386 VICTORIA PARK AVE", "PHONE": "416-395-7957", "URL": "https://www.toronto.ca/explore-enjoy/parks-recreation/places-spaces/parks-and-recreation-facilities/location/?id=1093" }, "geometry": { "type": "MultiPoint", "coordinates": [ [ -79.301799896544296, 43.7176595089147 ] ] } },
{ "type": "Feature", "properties": { "_id": 1563, "LOCATIONID": "1098", "ASSET_ID": 1947.0, "ASSET_NAME": "SCADDING COURT COMMUNITY CENTRE", "TYPE": "Community Centre", "AMENITIES": "Wi-Fi", "ADDRESS": "707 DUNDAS ST W", "PHONE": "416-392-0335", "URL": "https://www.toronto.ca/explore-enjoy/parks-recreation/places-spaces/parks-and-recreation-facilities/location/?id=1098" }, "geometry": { "type": "MultiPoint", "coordinates": [ [ -79.404950411046102, 43.651825276529699 ] ] } },
{ "type": "Feature", "properties": { "_id": 1564, "LOCATIONID": "1099", "ASSET_ID": 2100.0, "ASSET_NAME": "SCARBOROUGH CIVIC CENTRE", "TYPE": "Civic Centre", "AMENITIES": "Washroom", "ADDRESS": "150 BOROUGH DR", "PHONE": "416-397-7220", "URL": "https://www.toronto.ca/explore-enjoy/parks-recreation/places-spaces/parks-and-recreation-facilities/location/?id=1099" }, "geometry": { "type": "MultiPoint", "coordinates": [ [ -79.257584922145597, 43.772960151043797 ] ] } },
{ "type": "Feature", "properties": { "_id": 1565, "LOCATIONID": "1105", "ASSET_ID": 2105.0, "ASSET_NAME": "STEPHEN LEACOCK COMMUNITY RECREATION CENTRE", "TYPE": "Community Centre", "AMENITIES": "Wi-Fi", "ADDRESS": "2500 BIRCHMOUNT RD", "PHONE": "416-396-4184", "URL": "https://www.toronto.ca/explore-enjoy/parks-recreation/places-spaces/parks-and-recreation-facilities/location/?id=1105" }, "geometry": { "type": "MultiPoint", "coordinates": [ [ -79.302537276686905, 43.786610718029799 ] ] } },
{ "type": "Feature", "properties": { "_id": 1566, "LOCATIONID": "1108", "ASSET_ID": 31190.0, "ASSET_NAME": "AGINCOURT COLLEGIATE INSTITUTE", "TYPE": "Community Centre", "AMENITIES": "None", "ADDRESS": "2621 MIDLAND AVE", "PHONE": "None", "URL": "https://www.toronto.ca/explore-enjoy/parks-recreation/places-spaces/parks-and-recreation-facilities/location/?id=1108" }, "geometry": { "type": "MultiPoint", "coordinates": [ [ -79.2789378949184, 43.7887883336127 ] ] } },
{ "type": "Feature", "properties": { "_id": 1567, "LOCATIONID": "1109", "ASSET_ID": 41248.0, "ASSET_NAME": "AGNES MACPHAIL JUNIOR ELEMENTARY SCHOOL", "TYPE": "Community Centre", "AMENITIES": "None", "ADDRESS": "112 GOLDHAWK TRL", "PHONE": "None", "URL": "https://www.toronto.ca/explore-enjoy/parks-recreation/places-spaces/parks-and-recreation-facilities/location/?id=1109" }, "geometry": { "type": "MultiPoint", "coordinates": [ [ -79.278621196467995, 43.819083414507297 ] ] } },
{ "type": "Feature", "properties": { "_id": 1568, "LOCATIONID": "1110", "ASSET_ID": 46122.0, "ASSET_NAME": "ALBERT CAMPBELL COLLEGIATE INSTITUTE", "TYPE": "Community Centre", "AMENITIES": "None", "ADDRESS": "1550 SANDHURST CIR", "PHONE": "416-396-4009", "URL": "https://www.toronto.ca/explore-enjoy/parks-recreation/places-spaces/parks-and-recreation-facilities/location/?id=1110" }, "geometry": { "type": "MultiPoint", "coordinates": [ [ -79.2723929161819, 43.809321090681699 ] ] } },
{ "type": "Feature", "properties": { "_id": 1569, "LOCATIONID": "17", "ASSET_ID": 2046.0, "ASSET_NAME": "ANNETTE COMMUNITY RECREATION CENTRE", "TYPE": "Community Centre", "AMENITIES": "Wi-Fi", "ADDRESS": "333 ANNETTE ST", "PHONE": "416-392-0736", "URL": "https://www.toronto.ca/explore-enjoy/parks-recreation/places-spaces/parks-and-recreation-facilities/location/?id=17" }, "geometry": { "type": "MultiPoint", "coordinates": [ [ -79.473882200639295, 43.6611733014945 ] ] } },
{ "type": "Feature", "properties": { "_id": 1570, "LOCATIONID": "171", "ASSET_ID": 13023.0, "ASSET_NAME": "EARL BALES COMMUNITY CENTRE", "TYPE": "Community Centre", "AMENITIES": "Washroom, Wi-Fi", "ADDRESS": "4169 BATHURST ST", "PHONE": "416-395-7873", "URL": "https://www.toronto.ca/explore-enjoy/parks-recreation/places-spaces/parks-and-recreation-facilities/location/?id=171" }, "geometry": { "type": "MultiPoint", "coordinates": [ [ -79.433978671653506, 43.7545952196445 ] ] } },
{ "type": "Feature", "properties": { "_id": 1571, "LOCATIONID": "1820", "ASSET_ID": 31054.0, "ASSET_NAME": "WALTER PERRY JUNIOR PUBLIC SCHOOL", "TYPE": "Community Centre", "AMENITIES": "None", "ADDRESS": "45 FALMOUTH AVE", "PHONE": "None", "URL": "https://www.toronto.ca/explore-enjoy/parks-recreation/places-spaces/parks-and-recreation-facilities/location/?id=1820" }, "geometry": { "type": "MultiPoint", "coordinates": [ [ -79.251269521154398, 43.733435080552198 ] ] } },
{ "type": "Feature", "properties": { "_id": 1572, "LOCATIONID": "1842", "ASSET_ID": 2088.0, "ASSET_NAME": "MONTGOMERY'S INN", "TYPE": "Community Centre", "AMENITIES": "None", "ADDRESS": "4709 DUNDAS ST W", "PHONE": "None", "URL": "https://www.toronto.ca/explore-enjoy/parks-recreation/places-spaces/parks-and-recreation-facilities/location/?id=1842" }, "geometry": { "type": "MultiPoint", "coordinates": [ [ -79.525626575967607, 43.6516485243151 ] ] } },
{ "type": "Feature", "properties": { "_id": 1573, "LOCATIONID": "1855", "ASSET_ID": 44542.0, "ASSET_NAME": "EAST YORK SPORTS CENTRE", "TYPE": "Community Centre", "AMENITIES": "None", "ADDRESS": "901 Cosburn Ave", "PHONE": "None", "URL": "https://www.toronto.ca/explore-enjoy/parks-recreation/places-spaces/parks-and-recreation-facilities/location/?id=1855" }, "geometry": { "type": "MultiPoint", "coordinates": [ [ -79.313619411585904, 43.696578022889803 ] ] } },
{ "type": "Feature", "properties": { "_id": 1574, "LOCATIONID": "1856", "ASSET_ID": 29554.0, "ASSET_NAME": "LEASIDE CURLING CLUB", "TYPE": "Community Centre", "AMENITIES": "None", "ADDRESS": "1075 MILLWOOD RD", "PHONE": "647-748-2875", "URL": "https://www.toronto.ca/explore-enjoy/parks-recreation/places-spaces/parks-and-recreation-facilities/location/?id=1856" }, "geometry": { "type": "MultiPoint", "coordinates": [ [ -79.360900962890895, 43.7009650718377 ] ] } },
{ "type": "Feature", "properties": { "_id": 1575, "LOCATIONID": "1857", "ASSET_ID": 36083.0, "ASSET_NAME": "GEORGE WEBSTER ELEMENTARY SCHOOL", "TYPE": "Community Centre", "AMENITIES": "None", "ADDRESS": "50 Chapman Ave", "PHONE": "416-396-2878", "URL": "https://www.toronto.ca/explore-enjoy/parks-recreation/places-spaces/parks-and-recreation-facilities/location/?id=1857" }, "geometry": { "type": "MultiPoint", "coordinates": [ [ -79.299521703819394, 43.701945871462598 ] ] } },
{ "type": "Feature", "properties": { "_id": 1576, "LOCATIONID": "1865", "ASSET_ID": 1569.0, "ASSET_NAME": "WARDEN HILLTOP COMMUNITY CENTRE", "TYPE": "Community Centre", "AMENITIES": "Basketball Court, Wi-Fi", "ADDRESS": "25 MENDELSSOHN ST", "PHONE": "416-392-7640", "URL": "https://www.toronto.ca/explore-enjoy/parks-recreation/places-spaces/parks-and-recreation-facilities/location/?id=1865" }, "geometry": { "type": "MultiPoint", "coordinates": [ [ -79.280361637037302, 43.714747574681397 ] ] } },
{ "type": "Feature", "properties": { "_id": 1577, "LOCATIONID": "1873", "ASSET_ID": 14344.0, "ASSET_NAME": "STEPHEN LEACOCK SENIORS' COMMUNITY CENTRE", "TYPE": "Community Centre", "AMENITIES": "Wi-Fi", "ADDRESS": "2520 BIRCHMOUNT RD", "PHONE": "416-396-4040", "URL": "https://www.toronto.ca/explore-enjoy/parks-recreation/places-spaces/parks-and-recreation-facilities/location/?id=1873" }, "geometry": { "type": "MultiPoint", "coordinates": [ [ -79.301559611813701, 43.787600068561503 ] ] } },
{ "type": "Feature", "properties": { "_id": 1578, "LOCATIONID": "1874", "ASSET_ID": 31044.0, "ASSET_NAME": "JOHN D. PARKER JUNIOR PUBLIC SCHOOL", "TYPE": "Community Centre", "AMENITIES": "None", "ADDRESS": "202 MOUNT OLIVE DR", "PHONE": "None", "URL": "https://www.toronto.ca/explore-enjoy/parks-recreation/places-spaces/parks-and-recreation-facilities/location/?id=1874" }, "geometry": { "type": "MultiPoint", "coordinates": [ [ -79.596418815926498, 43.753409719435403 ] ] } },
{ "type": "Feature", "properties": { "_id": 1579, "LOCATIONID": "2007", "ASSET_ID": 2026.0, "ASSET_NAME": "WESTON LIONS RECREATION ARENA", "TYPE": "Community Centre", "AMENITIES": "None", "ADDRESS": "2125 Lawrence Ave W", "PHONE": "None", "URL": "https://www.toronto.ca/explore-enjoy/parks-recreation/places-spaces/parks-and-recreation-facilities/location/?id=2007" }, "geometry": { "type": "MultiPoint", "coordinates": [ [ -79.5180978285549, 43.698558374537903 ] ] } },
{ "type": "Feature", "properties": { "_id": 1580, "LOCATIONID": "2012", "ASSET_ID": 14322.0, "ASSET_NAME": "PAM McCONNELL AQUATIC CENTRE", "TYPE": "Community Centre", "AMENITIES": "Wi-Fi", "ADDRESS": "640 DUNDAS ST E", "PHONE": " 416-338-2237", "URL": "https://www.toronto.ca/explore-enjoy/parks-recreation/places-spaces/parks-and-recreation-facilities/location/?id=2012" }, "geometry": { "type": "MultiPoint", "coordinates": [ [ -79.361101833000305, 43.661228864511997 ] ] } },
{ "type": "Feature", "properties": { "_id": 1581, "LOCATIONID": "189", "ASSET_ID": 1886.0, "ASSET_NAME": "NORTH TORONTO MEMORIAL COMMUNITY CENTRE", "TYPE": "Community Centre", "AMENITIES": "Washroom, Wi-Fi", "ADDRESS": "200 EGLINTON AVE W", "PHONE": "416-392-6591", "URL": "https://www.toronto.ca/explore-enjoy/parks-recreation/places-spaces/parks-and-recreation-facilities/location/?id=189" }, "geometry": { "type": "MultiPoint", "coordinates": [ [ -79.404594387591104, 43.706060300560502 ] ] } },
{ "type": "Feature", "properties": { "_id": 1582, "LOCATIONID": "1288", "ASSET_ID": 13059.0, "ASSET_NAME": "PARK LAWN COMMUNITY SCHOOL", "TYPE": "Community Centre", "AMENITIES": "None", "ADDRESS": "71 BALLACAINE DR", "PHONE": "416-394-8713", "URL": "https://www.toronto.ca/explore-enjoy/parks-recreation/places-spaces/parks-and-recreation-facilities/location/?id=1288" }, "geometry": { "type": "MultiPoint", "coordinates": [ [ -79.496422001972604, 43.637751190695198 ] ] } },
{ "type": "Feature", "properties": { "_id": 1583, "LOCATIONID": "13", "ASSET_ID": 4.0, "ASSET_NAME": "ADAM BECK COMMUNITY CENTRE", "TYPE": "Community Centre", "AMENITIES": "None", "ADDRESS": "79 LAWLOR AVE", "PHONE": "416-392-0741", "URL": "https://www.toronto.ca/explore-enjoy/parks-recreation/places-spaces/parks-and-recreation-facilities/location/?id=13" }, "geometry": { "type": "MultiPoint", "coordinates": [ [ -79.288664263314502, 43.683078760361603 ] ] } },
{ "type": "Feature", "properties": { "_id": 1584, "LOCATIONID": "1301", "ASSET_ID": 31049.0, "ASSET_NAME": "REGINA MUNDI CATHOLIC SCHOOL", "TYPE": "Community Centre", "AMENITIES": "None", "ADDRESS": "70 PLAYFAIR AVE", "PHONE": "None", "URL": "https://www.toronto.ca/explore-enjoy/parks-recreation/places-spaces/parks-and-recreation-facilities/location/?id=1301" }, "geometry": { "type": "MultiPoint", "coordinates": [ [ -79.459464258205401, 43.7101457950818 ] ] } },
{ "type": "Feature", "properties": { "_id": 1585, "LOCATIONID": "1309", "ASSET_ID": 36082.0, "ASSET_NAME": "SELWYN PUBLIC SCHOOL", "TYPE": "Community Centre", "AMENITIES": "None", "ADDRESS": "1 SELWYN AVE", "PHONE": "416-392-0199", "URL": "https://www.toronto.ca/explore-enjoy/parks-recreation/places-spaces/parks-and-recreation-facilities/location/?id=1309" }, "geometry": { "type": "MultiPoint", "coordinates": [ [ -79.306391338991503, 43.708670070071101 ] ] } },
{ "type": "Feature", "properties": { "_id": 1586, "LOCATIONID": "1313", "ASSET_ID": 31060.0, "ASSET_NAME": "SIR ERNEST MACMILLAN SENIOR PUBLIC SCHOOL", "TYPE": "Community Centre", "AMENITIES": "None", "ADDRESS": "149 HUNTSMILL BLVD", "PHONE": "None", "URL": "https://www.toronto.ca/explore-enjoy/parks-recreation/places-spaces/parks-and-recreation-facilities/location/?id=1313" }, "geometry": { "type": "MultiPoint", "coordinates": [ [ -79.328774331580206, 43.806624793674096 ] ] } },
{ "type": "Feature", "properties": { "_id": 1587, "LOCATIONID": "1315", "ASSET_ID": 13065.0, "ASSET_NAME": "SIR OLIVER MOWAT COLLEGIATE INSTITUTE", "TYPE": "Community Centre", "AMENITIES": "None", "ADDRESS": "5400 LAWRENCE AVE E", "PHONE": "416-396-4007", "URL": "https://www.toronto.ca/explore-enjoy/parks-recreation/places-spaces/parks-and-recreation-facilities/location/?id=1315" }, "geometry": { "type": "MultiPoint", "coordinates": [ [ -79.142197126726103, 43.7792186700934 ] ] } },
{ "type": "Feature", "properties": { "_id": 1588, "LOCATIONID": "1317", "ASSET_ID": 13066.0, "ASSET_NAME": "SIR WILFRID LAURIER COLLEGIATE INSTITUTE", "TYPE": "Community Centre", "AMENITIES": "None", "ADDRESS": "145 GUILDWOOD PKWY", "PHONE": "416-396-4011", "URL": "https://www.toronto.ca/explore-enjoy/parks-recreation/places-spaces/parks-and-recreation-facilities/location/?id=1317" }, "geometry": { "type": "MultiPoint", "coordinates": [ [ -79.196857774401593, 43.7471449075667 ] ] } },
{ "type": "Feature", "properties": { "_id": 1589, "LOCATIONID": "1319", "ASSET_ID": 34805.0, "ASSET_NAME": "SLOANE PUBLIC SCHOOL", "TYPE": "Community Centre", "AMENITIES": "None", "ADDRESS": "110 SLOANE AVE", "PHONE": "416-395-0159", "URL": "https://www.toronto.ca/explore-enjoy/parks-recreation/places-spaces/parks-and-recreation-facilities/location/?id=1319" }, "geometry": { "type": "MultiPoint", "coordinates": [ [ -79.310405533380006, 43.731319944610497 ] ] } },
{ "type": "Feature", "properties": { "_id": 1590, "LOCATIONID": "1320", "ASSET_ID": 13067.0, "ASSET_NAME": "SMITHFIELD COMMUNITY SCHOOL", "TYPE": "Community Centre", "AMENITIES": "None", "ADDRESS": "175 MOUNT OLIVE DR", "PHONE": "416-394-8715", "URL": "https://www.toronto.ca/explore-enjoy/parks-recreation/places-spaces/parks-and-recreation-facilities/location/?id=1320" }, "geometry": { "type": "MultiPoint", "coordinates": [ [ -79.595648214289696, 43.7497510817525 ] ] } },
{ "type": "Feature", "properties": { "_id": 1591, "LOCATIONID": "1326", "ASSET_ID": 44147.0, "ASSET_NAME": "ST. ANDREWS JUNIOR HIGH SCHOOL", "TYPE": "Community Centre", "AMENITIES": "None", "ADDRESS": "131 FENN AVE", "PHONE": "416-395-6175", "URL": "https://www.toronto.ca/explore-enjoy/parks-recreation/places-spaces/parks-and-recreation-facilities/location/?id=1326" }, "geometry": { "type": "MultiPoint", "coordinates": [ [ -79.390260218204801, 43.751492476145799 ] ] } },
{ "type": "Feature", "properties": { "_id": 1592, "LOCATIONID": "1327", "ASSET_ID": 34782.0, "ASSET_NAME": "ST. AUGUSTINE CATHOLIC SCHOOL", "TYPE": "Community Centre", "AMENITIES": "None", "ADDRESS": "98 SHOREHAM DR", "PHONE": "416-395-6019", "URL": "https://www.toronto.ca/explore-enjoy/parks-recreation/places-spaces/parks-and-recreation-facilities/location/?id=1327" }, "geometry": { "type": "MultiPoint", "coordinates": [ [ -79.524906339269606, 43.768201167964797 ] ] } },
{ "type": "Feature", "properties": { "_id": 1593, "LOCATIONID": "1329", "ASSET_ID": 31058.0, "ASSET_NAME": "ST. BARNABAS CATHOLIC SCHOOL", "TYPE": "Community Centre", "AMENITIES": "None", "ADDRESS": "30 WASHBURN WAY", "PHONE": "None", "URL": "https://www.toronto.ca/explore-enjoy/parks-recreation/places-spaces/parks-and-recreation-facilities/location/?id=1329" }, "geometry": { "type": "MultiPoint", "coordinates": [ [ -79.2285169005862, 43.797265930344402 ] ] } },
{ "type": "Feature", "properties": { "_id": 1594, "LOCATIONID": "1336", "ASSET_ID": 31056.0, "ASSET_NAME": "ST. ELIZABETH SETON CATHOLIC SCHOOL", "TYPE": "Community Centre", "AMENITIES": "None", "ADDRESS": "25 HAVENVIEW RD", "PHONE": "None", "URL": "https://www.toronto.ca/explore-enjoy/parks-recreation/places-spaces/parks-and-recreation-facilities/location/?id=1336" }, "geometry": { "type": "MultiPoint", "coordinates": [ [ -79.246727918606794, 43.7889217250749 ] ] } },
{ "type": "Feature", "properties": { "_id": 1595, "LOCATIONID": "1344", "ASSET_ID": 13068.0, "ASSET_NAME": "ST. MARCELLUS COMMUNITY SCHOOL", "TYPE": "Community Centre", "AMENITIES": "Wi-Fi", "ADDRESS": "15 DENFIELD ST", "PHONE": "416-394-5490", "URL": "https://www.toronto.ca/explore-enjoy/parks-recreation/places-spaces/parks-and-recreation-facilities/location/?id=1344" }, "geometry": { "type": "MultiPoint", "coordinates": [ [ -79.554185777815704, 43.679714489638499 ] ] } },
{ "type": "Feature", "properties": { "_id": 1596, "LOCATIONID": "1348", "ASSET_ID": 46305.0, "ASSET_NAME": "ST. NICHOLAS OF BARI CATHOLIC SCHOOL", "TYPE": "Community Centre", "AMENITIES": "None", "ADDRESS": "363 ROGERS RD", "PHONE": "None", "URL": "https://www.toronto.ca/explore-enjoy/parks-recreation/places-spaces/parks-and-recreation-facilities/location/?id=1348" }, "geometry": { "type": "MultiPoint", "coordinates": [ [ -79.460403342950698, 43.6827599113969 ] ] } },
{ "type": "Feature", "properties": { "_id": 1597, "LOCATIONID": "1369", "ASSET_ID": 34743.0, "ASSET_NAME": "TOPCLIFF PUBLIC SCHOOL", "TYPE": "Community Centre", "AMENITIES": "None", "ADDRESS": "65 TOPCLIFF AVE", "PHONE": "416-395-0488", "URL": "https://www.toronto.ca/explore-enjoy/parks-recreation/places-spaces/parks-and-recreation-facilities/location/?id=1369" }, "geometry": { "type": "MultiPoint", "coordinates": [ [ -79.5106431682551, 43.755433188741399 ] ] } },
{ "type": "Feature", "properties": { "_id": 1598, "LOCATIONID": "1371", "ASSET_ID": 13074.0, "ASSET_NAME": "VAUGHAN ROAD ACADEMY", "TYPE": "Community Centre", "AMENITIES": "None", "ADDRESS": "529 VAUGHAN RD", "PHONE": "None", "URL": "https://www.toronto.ca/explore-enjoy/parks-recreation/places-spaces/parks-and-recreation-facilities/location/?id=1371" }, "geometry": { "type": "MultiPoint", "coordinates": [ [ -79.436735662527397, 43.690940682925302 ] ] } },
{ "type": "Feature", "properties": { "_id": 1599, "LOCATIONID": "1373", "ASSET_ID": 13075.0, "ASSET_NAME": "VICTORIA PARK COLLEGIATE INSTITUTE", "TYPE": "Community Centre", "AMENITIES": "None", "ADDRESS": "15 WALLINGFORD RD", "PHONE": "None", "URL": "https://www.toronto.ca/explore-enjoy/parks-recreation/places-spaces/parks-and-recreation-facilities/location/?id=1373" }, "geometry": { "type": "MultiPoint", "coordinates": [ [ -79.321362610408698, 43.755873412716099 ] ] } },
{ "type": "Feature", "properties": { "_id": 1600, "LOCATIONID": "1375", "ASSET_ID": 31231.0, "ASSET_NAME": "VRADENBURG JUNIOR PUBLIC SCHOOL", "TYPE": "Community Centre", "AMENITIES": "None", "ADDRESS": "50 VRADENBERG DR", "PHONE": "None", "URL": "https://www.toronto.ca/explore-enjoy/parks-recreation/places-spaces/parks-and-recreation-facilities/location/?id=1375" }, "geometry": { "type": "MultiPoint", "coordinates": [ [ -79.308411936777802, 43.774330577830703 ] ] } },
{ "type": "Feature", "properties": { "_id": 1601, "LOCATIONID": "1381", "ASSET_ID": 13076.0, "ASSET_NAME": "WEST HILL COLLEGIATE INSTITUTE", "TYPE": "Community Centre", "AMENITIES": "None", "ADDRESS": "350 MORNINGSIDE AVE", "PHONE": "416-396-4008", "URL": "https://www.toronto.ca/explore-enjoy/parks-recreation/places-spaces/parks-and-recreation-facilities/location/?id=1381" }, "geometry": { "type": "MultiPoint", "coordinates": [ [ -79.190574166712906, 43.7758145503024 ] ] } },
{ "type": "Feature", "properties": { "_id": 1602, "LOCATIONID": "1384", "ASSET_ID": 13078.0, "ASSET_NAME": "WESTON COLLEGIATE INSTITUTE", "TYPE": "Community Centre", "AMENITIES": "None", "ADDRESS": "100 PINE ST", "PHONE": "416-394-2739", "URL": "https://www.toronto.ca/explore-enjoy/parks-recreation/places-spaces/parks-and-recreation-facilities/location/?id=1384" }, "geometry": { "type": "MultiPoint", "coordinates": [ [ -79.509915306389004, 43.703706768760497 ] ] } },
{ "type": "Feature", "properties": { "_id": 1603, "LOCATIONID": "1387", "ASSET_ID": 13079.0, "ASSET_NAME": "WEXFORD COLLEGIATE INSTITUTE", "TYPE": "Community Centre", "AMENITIES": "None", "ADDRESS": "1176 PHARMACY AVE", "PHONE": "416-336-4016", "URL": "https://www.toronto.ca/explore-enjoy/parks-recreation/places-spaces/parks-and-recreation-facilities/location/?id=1387" }, "geometry": { "type": "MultiPoint", "coordinates": [ [ -79.3067036249967, 43.746010980251398 ] ] } },
{ "type": "Feature", "properties": { "_id": 1604, "LOCATIONID": "1388", "ASSET_ID": 31233.0, "ASSET_NAME": "WHITE HAVEN PUBLIC SCHOOL", "TYPE": "Community Centre", "AMENITIES": "None", "ADDRESS": "105 INVERGORDON AVE", "PHONE": "None", "URL": "https://www.toronto.ca/explore-enjoy/parks-recreation/places-spaces/parks-and-recreation-facilities/location/?id=1388" }, "geometry": { "type": "MultiPoint", "coordinates": [ [ -79.247278902195703, 43.7872901919974 ] ] } },
{ "type": "Feature", "properties": { "_id": 1605, "LOCATIONID": "1393", "ASSET_ID": 31227.0, "ASSET_NAME": "WINSTON CHURCHILL COLLEGIATE INSTITUTE", "TYPE": "Community Centre", "AMENITIES": "None", "ADDRESS": "2239 LAWRENCE AVE E", "PHONE": "None", "URL": "https://www.toronto.ca/explore-enjoy/parks-recreation/places-spaces/parks-and-recreation-facilities/location/?id=1393" }, "geometry": { "type": "MultiPoint", "coordinates": [ [ -79.277701171592994, 43.748124150286699 ] ] } },
{ "type": "Feature", "properties": { "_id": 1606, "LOCATIONID": "1395", "ASSET_ID": 31234.0, "ASSET_NAME": "WOBURN COLLEGIATE INSTITUTE", "TYPE": "Community Centre", "AMENITIES": "None", "ADDRESS": "2222 ELLESMERE RD", "PHONE": "None", "URL": "https://www.toronto.ca/explore-enjoy/parks-recreation/places-spaces/parks-and-recreation-facilities/location/?id=1395" }, "geometry": { "type": "MultiPoint", "coordinates": [ [ -79.228587782314705, 43.778140810002498 ] ] } },
{ "type": "Feature", "properties": { "_id": 1607, "LOCATIONID": "1399", "ASSET_ID": 13083.0, "ASSET_NAME": "YORK MILLS COLLEGIATE INSTITUTE", "TYPE": "Community Centre", "AMENITIES": "None", "ADDRESS": "490 YORK MILLS RD", "PHONE": "None", "URL": "https://www.toronto.ca/explore-enjoy/parks-recreation/places-spaces/parks-and-recreation-facilities/location/?id=1399" }, "geometry": { "type": "MultiPoint", "coordinates": [ [ -79.373635318492802, 43.751540131885598 ] ] } },
{ "type": "Feature", "properties": { "_id": 1608, "LOCATIONID": "1429", "ASSET_ID": 13061.0, "ASSET_NAME": "POWER HOUSE RECREATION CENTRE", "TYPE": "Community Centre", "AMENITIES": "Washroom, Wi-Fi", "ADDRESS": "65 COLONEL SAMUEL SMITH PARK DR", "PHONE": "416-338-1081", "URL": "https://www.toronto.ca/explore-enjoy/parks-recreation/places-spaces/parks-and-recreation-facilities/location/?id=1429" }, "geometry": { "type": "MultiPoint", "coordinates": [ [ -79.515343570139194, 43.593524440817902 ] ] } },
{ "type": "Feature", "properties": { "_id": 1609, "LOCATIONID": "1462", "ASSET_ID": 741.0, "ASSET_NAME": "MOUNT DENNIS COMMUNITY HALL", "TYPE": "Community Centre", "AMENITIES": "None", "ADDRESS": "4 HOLLIS ST", "PHONE": "416-394-2747", "URL": "https://www.toronto.ca/explore-enjoy/parks-recreation/places-spaces/parks-and-recreation-facilities/location/?id=1462" }, "geometry": { "type": "MultiPoint", "coordinates": [ [ -79.489756636763502, 43.687609859432797 ] ] } },
{ "type": "Feature", "properties": { "_id": 1610, "LOCATIONID": "1463", "ASSET_ID": 2065.0, "ASSET_NAME": "EDITHVALE COMMUNITY CENTRE", "TYPE": "Community Centre", "AMENITIES": "Wi-Fi", "ADDRESS": "131 FINCH AVE W", "PHONE": "416-395-6164", "URL": "https://www.toronto.ca/explore-enjoy/parks-recreation/places-spaces/parks-and-recreation-facilities/location/?id=1463" }, "geometry": { "type": "MultiPoint", "coordinates": [ [ -79.426381100862798, 43.776938101635203 ] ] } },
{ "type": "Feature", "properties": { "_id": 1611, "LOCATIONID": "234", "ASSET_ID": 1866.0, "ASSET_NAME": "MATTY ECKLER RECREATION CENTRE", "TYPE": "Community Centre", "AMENITIES": "Wi-Fi", "ADDRESS": "953 GERRARD ST E", "PHONE": "416-392-0750", "URL": "https://www.toronto.ca/explore-enjoy/parks-recreation/places-spaces/parks-and-recreation-facilities/location/?id=234" }, "geometry": { "type": "MultiPoint", "coordinates": [ [ -79.339583520765402, 43.667904015874399 ] ] } },
{ "type": "Feature", "properties": { "_id": 1612, "LOCATIONID": "25", "ASSET_ID": 1260.0, "ASSET_NAME": "DAVID APPLETON COMMUNITY CENTRE", "TYPE": "Community Centre", "AMENITIES": "None", "ADDRESS": "33 PRITCHARD AVE", "PHONE": "416-394-2896", "URL": "https://www.toronto.ca/explore-enjoy/parks-recreation/places-spaces/parks-and-recreation-facilities/location/?id=25" }, "geometry": { "type": "MultiPoint", "coordinates": [ [ -79.488838740154506, 43.670198275506202 ] ] } },
{ "type": "Feature", "properties": { "_id": 1613, "LOCATIONID": "267", "ASSET_ID": 1943.0, "ASSET_NAME": "S.H. ARMSTRONG COMMUNITY RECREATION CENTRE", "TYPE": "Community Centre", "AMENITIES": "Skateboarding, Wi-Fi", "ADDRESS": "56 WOODFIELD RD", "PHONE": "416-392-0734", "URL": "https://www.toronto.ca/explore-enjoy/parks-recreation/places-spaces/parks-and-recreation-facilities/location/?id=267" }, "geometry": { "type": "MultiPoint", "coordinates": [ [ -79.322816610666607, 43.665903491258597 ] ] } },
{ "type": "Feature", "properties": { "_id": 1614, "LOCATIONID": "27", "ASSET_ID": 2050.0, "ASSET_NAME": "BEDFORD PARK COMMUNITY CENTRE", "TYPE": "Community Centre", "AMENITIES": "None", "ADDRESS": "81 RANLEIGH AVE", "PHONE": "416-392-0618", "URL": "https://www.toronto.ca/explore-enjoy/parks-recreation/places-spaces/parks-and-recreation-facilities/location/?id=27" }, "geometry": { "type": "MultiPoint", "coordinates": [ [ -79.399792238302496, 43.727998299592898 ] ] } },
{ "type": "Feature", "properties": { "_id": 1615, "LOCATIONID": "24", "ASSET_ID": 71.0, "ASSET_NAME": "BEACHES RECREATION CENTRE", "TYPE": "Community Centre", "AMENITIES": "Wi-Fi", "ADDRESS": "6 WILLIAMSON RD", "PHONE": "416-392-0740", "URL": "https://www.toronto.ca/explore-enjoy/parks-recreation/places-spaces/parks-and-recreation-facilities/location/?id=24" }, "geometry": { "type": "MultiPoint", "coordinates": [ [ -79.298778240351098, 43.673983271151499 ] ] } },
{ "type": "Feature", "properties": { "_id": 1616, "LOCATIONID": "243", "ASSET_ID": 1902.0, "ASSET_NAME": "PARKDALE COMMUNITY RECREATION CENTRE", "TYPE": "Community Centre", "AMENITIES": "None", "ADDRESS": "75 LANSDOWNE AVE", "PHONE": "416-392-6696", "URL": "https://www.toronto.ca/explore-enjoy/parks-recreation/places-spaces/parks-and-recreation-facilities/location/?id=243" }, "geometry": { "type": "MultiPoint", "coordinates": [ [ -79.437113304398594, 43.643359683905402 ] ] } },
{ "type": "Feature", "properties": { "_id": 1617, "LOCATIONID": "2831", "ASSET_ID": 46603.0, "ASSET_NAME": "DAVISVILLE JUNIOR PUBLIC SCHOOL", "TYPE": "Community Centre", "AMENITIES": "None", "ADDRESS": "50 Davisville Ave", "PHONE": "416-392-6826", "URL": "https://www.toronto.ca/explore-enjoy/parks-recreation/places-spaces/parks-and-recreation-facilities/location/?id=2831" }, "geometry": { "type": "MultiPoint", "coordinates": [ [ -79.394662690731494, 43.6990501874321 ] ] } },
{ "type": "Feature", "properties": { "_id": 1618, "LOCATIONID": "2833", "ASSET_ID": 46606.0, "ASSET_NAME": "SAMUEL HEARNE MIDDLE SCHOOL", "TYPE": "Community Centre", "AMENITIES": "None", "ADDRESS": "21 NEWPORT AVE", "PHONE": "None", "URL": "https://www.toronto.ca/explore-enjoy/parks-recreation/places-spaces/parks-and-recreation-facilities/location/?id=2833" }, "geometry": { "type": "MultiPoint", "coordinates": [ [ -79.283391045227006, 43.695009164235401 ] ] } },
{ "type": "Feature", "properties": { "_id": 1619, "LOCATIONID": "2836", "ASSET_ID": 31725.0, "ASSET_NAME": "CENTRAL ETOBICOKE HIGH SCHOOL", "TYPE": "Community Centre", "AMENITIES": "None", "ADDRESS": "10 DENFIELD ST", "PHONE": "None", "URL": "https://www.toronto.ca/explore-enjoy/parks-recreation/places-spaces/parks-and-recreation-facilities/location/?id=2836" }, "geometry": { "type": "MultiPoint", "coordinates": [ [ -79.555442818588801, 43.678934687996602 ] ] } },
{ "type": "Feature", "properties": { "_id": 1620, "LOCATIONID": "287", "ASSET_ID": 2006.0, "ASSET_NAME": "TRINITY COMMUNITY RECREATION CENTRE", "TYPE": "Community Centre", "AMENITIES": "Wi-Fi", "ADDRESS": "155 CRAWFORD ST", "PHONE": "416-392-0743", "URL": "https://www.toronto.ca/explore-enjoy/parks-recreation/places-spaces/parks-and-recreation-facilities/location/?id=287" }, "geometry": { "type": "MultiPoint", "coordinates": [ [ -79.414877807014093, 43.646250454503303 ] ] } },
{ "type": "Feature", "properties": { "_id": 1621, "LOCATIONID": "289", "ASSET_ID": 105.0, "ASSET_NAME": "BIRKDALE COMMUNITY CENTRE", "TYPE": "Community Centre", "AMENITIES": "Wi-Fi", "ADDRESS": "1299 ELLESMERE RD", "PHONE": "416-396-4069", "URL": "https://www.toronto.ca/explore-enjoy/parks-recreation/places-spaces/parks-and-recreation-facilities/location/?id=289" }, "geometry": { "type": "MultiPoint", "coordinates": [ [ -79.263868253498401, 43.768229140572402 ] ] } },
{ "type": "Feature", "properties": { "_id": 1622, "LOCATIONID": "2917", "ASSET_ID": 1000965.0, "ASSET_NAME": "CANADIAN MARTYRS CATHOLIC SCHOOL", "TYPE": "Community Centre", "AMENITIES": "None", "ADDRESS": "520 Plains Rd", "PHONE": "416-393-5251", "URL": "https://www.toronto.ca/explore-enjoy/parks-recreation/places-spaces/parks-and-recreation-facilities/location/?id=2917" }, "geometry": { "type": "MultiPoint", "coordinates": [ [ -79.319397946027706, 43.698205783896597 ] ] } },
{ "type": "Feature", "properties": { "_id": 1623, "LOCATIONID": "294", "ASSET_ID": 2013.0, "ASSET_NAME": "WALLACE EMERSON COMMUNITY RECREATION CENTRE", "TYPE": "Community Centre", "AMENITIES": "Washroom", "ADDRESS": "1260 DUFFERIN ST", "PHONE": "416-392-0039", "URL": "https://www.toronto.ca/explore-enjoy/parks-recreation/places-spaces/parks-and-recreation-facilities/location/?id=294" }, "geometry": { "type": "MultiPoint", "coordinates": [ [ -79.439314481687205, 43.667336887022103 ] ] } },
{ "type": "Feature", "properties": { "_id": 1624, "LOCATIONID": "2964", "ASSET_ID": 1000964.0, "ASSET_NAME": "CRESTVIEW PUBLIC SCHOOL", "TYPE": "Community Centre", "AMENITIES": "None", "ADDRESS": "101 Seneca Hill Dr", "PHONE": "416-395-2250", "URL": "https://www.toronto.ca/explore-enjoy/parks-recreation/places-spaces/parks-and-recreation-facilities/location/?id=2964" }, "geometry": { "type": "MultiPoint", "coordinates": [ [ -79.359887362160507, 43.788476523012498 ] ] } },
{ "type": "Feature", "properties": { "_id": 1625, "LOCATIONID": "297", "ASSET_ID": 2104.0, "ASSET_NAME": "STAN WADLOW CLUBHOUSE", "TYPE": "Community Centre", "AMENITIES": "Wi-Fi", "ADDRESS": "373 CEDARVALE AVE", "PHONE": "416-396-2842", "URL": "https://www.toronto.ca/explore-enjoy/parks-recreation/places-spaces/parks-and-recreation-facilities/location/?id=297" }, "geometry": { "type": "MultiPoint", "coordinates": [ [ -79.315117737066899, 43.698194458497802 ] ] } },
{ "type": "Feature", "properties": { "_id": 1626, "LOCATIONID": "30", "ASSET_ID": 2052.0, "ASSET_NAME": "BOB ABATE COMMUNITY RECREATION CENTRE", "TYPE": "Community Centre", "AMENITIES": "Wi-Fi", "ADDRESS": "485 MONTROSE AVE", "PHONE": "416-392-0744", "URL": "https://www.toronto.ca/explore-enjoy/parks-recreation/places-spaces/parks-and-recreation-facilities/location/?id=30" }, "geometry": { "type": "MultiPoint", "coordinates": [ [ -79.420310091895502, 43.662390459824103 ] ] } },
{ "type": "Feature", "properties": { "_id": 1627, "LOCATIONID": "303", "ASSET_ID": 1741.0, "ASSET_NAME": "FENSIDE ARENA", "TYPE": "Community Centre", "AMENITIES": "Wi-Fi", "ADDRESS": "30 SLIDELL CRES", "PHONE": "416-395-7846", "URL": "https://www.toronto.ca/explore-enjoy/parks-recreation/places-spaces/parks-and-recreation-facilities/location/?id=303" }, "geometry": { "type": "MultiPoint", "coordinates": [ [ -79.3270927188684, 43.764354339024202 ] ] } },
{ "type": "Feature", "properties": { "_id": 1628, "LOCATIONID": "308", "ASSET_ID": 1740.0, "ASSET_NAME": "FAIRMOUNT PARK COMMUNITY CENTRE", "TYPE": "Community Centre", "AMENITIES": "None", "ADDRESS": "1757 GERRARD ST E", "PHONE": "416-392-7060", "URL": "https://www.toronto.ca/explore-enjoy/parks-recreation/places-spaces/parks-and-recreation-facilities/location/?id=308" }, "geometry": { "type": "MultiPoint", "coordinates": [ [ -79.314923309495697, 43.676685743372602 ] ] } },
{ "type": "Feature", "properties": { "_id": 1629, "LOCATIONID": "314", "ASSET_ID": 13007.0, "ASSET_NAME": "LAMPORT STADIUM", "TYPE": "Community Centre", "AMENITIES": "Sports Field, Washroom", "ADDRESS": "1155 KING ST W", "PHONE": "416-392-1366", "URL": "https://www.toronto.ca/explore-enjoy/parks-recreation/places-spaces/parks-and-recreation-facilities/location/?id=314" }, "geometry": { "type": "MultiPoint", "coordinates": [ [ -79.423213473584298, 43.638996696034198 ] ] } },
{ "type": "Feature", "properties": { "_id": 1630, "LOCATIONID": "320", "ASSET_ID": 347.0, "ASSET_NAME": "ESTHER SHINER STADIUM", "TYPE": "Community Centre", "AMENITIES": "Sports Field, Washroom", "ADDRESS": "5720 BATHURST ST", "PHONE": "None", "URL": "https://www.toronto.ca/explore-enjoy/parks-recreation/places-spaces/parks-and-recreation-facilities/location/?id=320" }, "geometry": { "type": "MultiPoint", "coordinates": [ [ -79.445463164811798, 43.776042958862497 ] ] } },
{ "type": "Feature", "properties": { "_id": 1631, "LOCATIONID": "325", "ASSET_ID": 13063.0, "ASSET_NAME": "SECORD COMMUNITY CENTRE", "TYPE": "Community Centre", "AMENITIES": "Wi-Fi", "ADDRESS": "91 BARRINGTON AVE", "PHONE": "416-396-2857", "URL": "https://www.toronto.ca/explore-enjoy/parks-recreation/places-spaces/parks-and-recreation-facilities/location/?id=325" }, "geometry": { "type": "MultiPoint", "coordinates": [ [ -79.301657136656502, 43.692115332864702 ] ] } },
{ "type": "Feature", "properties": { "_id": 1632, "LOCATIONID": "329", "ASSET_ID": 317.0, "ASSET_NAME": "EAST YORK COMMUNITY RECREATION CENTRE", "TYPE": "Community Centre", "AMENITIES": "Wi-Fi", "ADDRESS": "1081 1/2 PAPE AVE", "PHONE": "416-396-2880", "URL": "https://www.toronto.ca/explore-enjoy/parks-recreation/places-spaces/parks-and-recreation-facilities/location/?id=329" }, "geometry": { "type": "MultiPoint", "coordinates": [ [ -79.349255902306197, 43.6917662225624 ] ] } },
{ "type": "Feature", "properties": { "_id": 1633, "LOCATIONID": "3299", "ASSET_ID": 1002519.0, "ASSET_NAME": "STANLEY PUBLIC SCHOOL", "TYPE": "Community Centre", "AMENITIES": "None", "ADDRESS": "75 STANLEY RD", "PHONE": "None", "URL": "https://www.toronto.ca/explore-enjoy/parks-recreation/places-spaces/parks-and-recreation-facilities/location/?id=3299" }, "geometry": { "type": "MultiPoint", "coordinates": [ [ -79.517683908191003, 43.741630649909602 ] ] } },
{ "type": "Feature", "properties": { "_id": 1634, "LOCATIONID": "33", "ASSET_ID": 6257.0, "ASSET_NAME": "BROWN COMMUNITY CENTRE", "TYPE": "Community Centre", "AMENITIES": "None", "ADDRESS": "454 AVENUE RD", "PHONE": "416-392-6826", "URL": "https://www.toronto.ca/explore-enjoy/parks-recreation/places-spaces/parks-and-recreation-facilities/location/?id=33" }, "geometry": { "type": "MultiPoint", "coordinates": [ [ -79.401361579051596, 43.684958462353499 ] ] } },
{ "type": "Feature", "properties": { "_id": 1635, "LOCATIONID": "330", "ASSET_ID": 13024.0, "ASSET_NAME": "EAST YORK MEMORIAL ARENA", "TYPE": "Community Centre", "AMENITIES": "Wi-Fi", "ADDRESS": "888 COSBURN AVE", "PHONE": "416-396-2869", "URL": "https://www.toronto.ca/explore-enjoy/parks-recreation/places-spaces/parks-and-recreation-facilities/location/?id=330" }, "geometry": { "type": "MultiPoint", "coordinates": [ [ -79.315310593279705, 43.697447069599299 ] ] } },
{ "type": "Feature", "properties": { "_id": 1636, "LOCATIONID": "336", "ASSET_ID": 13071.0, "ASSET_NAME": "TERRY FOX COMMUNITY CENTRE", "TYPE": "Community Centre", "AMENITIES": "None", "ADDRESS": "2 GLEDHILL AVE", "PHONE": "416-396-2842", "URL": "https://www.toronto.ca/explore-enjoy/parks-recreation/places-spaces/parks-and-recreation-facilities/location/?id=336" }, "geometry": { "type": "MultiPoint", "coordinates": [ [ -79.309333976514907, 43.687543630252101 ] ] } },
{ "type": "Feature", "properties": { "_id": 1637, "LOCATIONID": "3508", "ASSET_ID": 49427.0, "ASSET_NAME": "TREDWAY WOODSWORTH PUBLIC SCHOOL", "TYPE": "Community Centre", "AMENITIES": "None", "ADDRESS": "112 SEDGEMOUNT DR", "PHONE": "None", "URL": "https://www.toronto.ca/explore-enjoy/parks-recreation/places-spaces/parks-and-recreation-facilities/location/?id=3508" }, "geometry": { "type": "MultiPoint", "coordinates": [ [ -79.235328565357705, 43.764935832726003 ] ] } },
{ "type": "Feature", "properties": { "_id": 1638, "LOCATIONID": "3509", "ASSET_ID": 49462.0, "ASSET_NAME": "ST. NICHOLAS CATHOLIC SCHOOL", "TYPE": "Community Centre", "AMENITIES": "None", "ADDRESS": "33 AMARILLO DR", "PHONE": "None", "URL": "https://www.toronto.ca/explore-enjoy/parks-recreation/places-spaces/parks-and-recreation-facilities/location/?id=3509" }, "geometry": { "type": "MultiPoint", "coordinates": [ [ -79.232850864511093, 43.747788572393098 ] ] } },
{ "type": "Feature", "properties": { "_id": 1639, "LOCATIONID": "3514", "ASSET_ID": 57842.0, "ASSET_NAME": "STRIDES TORONTO", "TYPE": "Community Centre", "AMENITIES": "None", "ADDRESS": "100 CONSILIUM PL, SUITE 102", "PHONE": "416-984-4383", "URL": "https://www.toronto.ca/explore-enjoy/parks-recreation/places-spaces/parks-and-recreation-facilities/location/?id=3514" }, "geometry": { "type": "MultiPoint", "coordinates": [ [ -79.2331249434055, 43.777243205706803 ] ] } },
{ "type": "Feature", "properties": { "_id": 1640, "LOCATIONID": "3516", "ASSET_ID": 57843.0, "ASSET_NAME": "NATIVE YOUTH RESOURCE CENTRE", "TYPE": "Community Centre", "AMENITIES": "None", "ADDRESS": "655 BLOOR ST W", "PHONE": "None", "URL": "https://www.toronto.ca/explore-enjoy/parks-recreation/places-spaces/parks-and-recreation-facilities/location/?id=3516" }, "geometry": { "type": "MultiPoint", "coordinates": [ [ -79.415386920140193, 43.663964973803203 ] ] } },
{ "type": "Feature", "properties": { "_id": 1641, "LOCATIONID": "3538", "ASSET_ID": 59502.0, "ASSET_NAME": "ST. ANDRE CATHOLIC SCHOOL", "TYPE": "Community Centre", "AMENITIES": "None", "ADDRESS": "36 YVONNE AVE", "PHONE": "None", "URL": "https://www.toronto.ca/explore-enjoy/parks-recreation/places-spaces/parks-and-recreation-facilities/location/?id=3538" }, "geometry": { "type": "MultiPoint", "coordinates": [ [ -79.517891569291095, 43.7239567095219 ] ] } },
{ "type": "Feature", "properties": { "_id": 1642, "LOCATIONID": "354", "ASSET_ID": 2106.0, "ASSET_NAME": "THISTLETOWN MULTI-SERVICE CENTRE", "TYPE": "Community Centre", "AMENITIES": "Wi-Fi", "ADDRESS": "925 ALBION RD", "PHONE": "416-394-8717", "URL": "https://www.toronto.ca/explore-enjoy/parks-recreation/places-spaces/parks-and-recreation-facilities/location/?id=354" }, "geometry": { "type": "MultiPoint", "coordinates": [ [ -79.562401558907396, 43.735389928045201 ] ] } },
{ "type": "Feature", "properties": { "_id": 1643, "LOCATIONID": "3565", "ASSET_ID": 60663.0, "ASSET_NAME": "LAMP COMMUNITY HEALTH CENTRE", "TYPE": "Community Centre", "AMENITIES": "None", "ADDRESS": "185 FIFTH ST", "PHONE": "416-252-6471 ext 310", "URL": "https://www.toronto.ca/explore-enjoy/parks-recreation/places-spaces/parks-and-recreation-facilities/location/?id=3565" }, "geometry": { "type": "MultiPoint", "coordinates": [ [ -79.503446129248104, 43.603526112008097 ] ] } },
{ "type": "Feature", "properties": { "_id": 1644, "LOCATIONID": "3566", "ASSET_ID": 60662.0, "ASSET_NAME": "RATHBURN AREA YOUTH (RAY)", "TYPE": "Community Centre", "AMENITIES": "None", "ADDRESS": "500 THE EAST MALL", "PHONE": "416-626-6068", "URL": "https://www.toronto.ca/explore-enjoy/parks-recreation/places-spaces/parks-and-recreation-facilities/location/?id=3566" }, "geometry": { "type": "MultiPoint", "coordinates": [ [ -79.561837437795802, 43.648145203696103 ] ] } },
{ "type": "Feature", "properties": { "_id": 1645, "LOCATIONID": "357", "ASSET_ID": 6278.0, "ASSET_NAME": "HUMBER COMMUNITY POOL", "TYPE": "Community Centre", "AMENITIES": "None", "ADDRESS": "205 HUMBER COLLEGE BLVD", "PHONE": "416-394-6050", "URL": "https://www.toronto.ca/explore-enjoy/parks-recreation/places-spaces/parks-and-recreation-facilities/location/?id=357" }, "geometry": { "type": "MultiPoint", "coordinates": [ [ -79.608667828785499, 43.730551781286898 ] ] } },
{ "type": "Feature", "properties": { "_id": 1646, "LOCATIONID": "36", "ASSET_ID": 1720.0, "ASSET_NAME": "EARL BEATTY COMMUNITY CENTRE", "TYPE": "Community Centre", "AMENITIES": "None", "ADDRESS": "455 GLEBEHOLME BLVD", "PHONE": "416-392-0752", "URL": "https://www.toronto.ca/explore-enjoy/parks-recreation/places-spaces/parks-and-recreation-facilities/location/?id=36" }, "geometry": { "type": "MultiPoint", "coordinates": [ [ -79.321276884161506, 43.685957067807799 ] ] } },
{ "type": "Feature", "properties": { "_id": 1647, "LOCATIONID": "3643", "ASSET_ID": 63202.0, "ASSET_NAME": "CANOE LANDING COMMUNITY RECREATION CENTRE", "TYPE": "Community Centre", "AMENITIES": "Basketball Court, Outdoor Track, Playground, Sports Field, Wi-Fi", "ADDRESS": "45 FORT YORK BLVD", "PHONE": "416-397-4200", "URL": "https://www.toronto.ca/explore-enjoy/parks-recreation/places-spaces/parks-and-recreation-facilities/location/?id=3643" }, "geometry": { "type": "MultiPoint", "coordinates": [ [ -79.394731493620995, 43.639437794695603 ] ] } },
{ "type": "Feature", "properties": { "_id": 1648, "LOCATIONID": "342", "ASSET_ID": 13057.0, "ASSET_NAME": "NORTHVIEW HEIGHTS SECONDARY SCHOOL", "TYPE": "Community Centre", "AMENITIES": "None", "ADDRESS": "550 FINCH AVE W", "PHONE": "416-395-7965", "URL": "https://www.toronto.ca/explore-enjoy/parks-recreation/places-spaces/parks-and-recreation-facilities/location/?id=342" }, "geometry": { "type": "MultiPoint", "coordinates": [ [ -79.445571259740504, 43.774446581994702 ] ] } },
{ "type": "Feature", "properties": { "_id": 1649, "LOCATIONID": "346", "ASSET_ID": 13467.0, "ASSET_NAME": "EARL BALES PARK SENIOR CENTRE", "TYPE": "Community Centre", "AMENITIES": "None", "ADDRESS": "4169 BATHURST ST", "PHONE": "None", "URL": "https://www.toronto.ca/explore-enjoy/parks-recreation/places-spaces/parks-and-recreation-facilities/location/?id=346" }, "geometry": { "type": "MultiPoint", "coordinates": [ [ -79.436238982975198, 43.754509425332699 ] ] } },
{ "type": "Feature", "properties": { "_id": 1650, "LOCATIONID": "3489", "ASSET_ID": 1840.0, "ASSET_NAME": "LARRY GROSSMAN FOREST HILL MEMORIAL ARENA", "TYPE": "Community Centre", "AMENITIES": "Washroom", "ADDRESS": "340 CHAPLIN CRES", "PHONE": "416-488-1800", "URL": "https://www.toronto.ca/explore-enjoy/parks-recreation/places-spaces/parks-and-recreation-facilities/location/?id=3489" }, "geometry": { "type": "MultiPoint", "coordinates": [ [ -79.420185279634595, 43.704250374337001 ] ] } },
{ "type": "Feature", "properties": { "_id": 1651, "LOCATIONID": "3490", "ASSET_ID": 13051.0, "ASSET_NAME": "MCCORMICK ARENA", "TYPE": "Community Centre", "AMENITIES": "None", "ADDRESS": "179 BROCK AVE", "PHONE": "416-392-0647", "URL": "https://www.toronto.ca/explore-enjoy/parks-recreation/places-spaces/parks-and-recreation-facilities/location/?id=3490" }, "geometry": { "type": "MultiPoint", "coordinates": [ [ -79.433941224556193, 43.647238421108902 ] ] } },
{ "type": "Feature", "properties": { "_id": 1652, "LOCATIONID": "3491", "ASSET_ID": 13054.0, "ASSET_NAME": "MOSS PARK ARENA", "TYPE": "Community Centre", "AMENITIES": "None", "ADDRESS": "140 SHERBOURNE ST", "PHONE": "416-392-1060", "URL": "https://www.toronto.ca/explore-enjoy/parks-recreation/places-spaces/parks-and-recreation-facilities/location/?id=3491" }, "geometry": { "type": "MultiPoint", "coordinates": [ [ -79.370295433365797, 43.655029563686597 ] ] } },
{ "type": "Feature", "properties": { "_id": 1653, "LOCATIONID": "3492", "ASSET_ID": 13056.0, "ASSET_NAME": "NORTH TORONTO MEMORIAL ARENA", "TYPE": "Community Centre", "AMENITIES": "None", "ADDRESS": "174 ORCHARD VIEW BLVD", "PHONE": "416-485-0301", "URL": "https://www.toronto.ca/explore-enjoy/parks-recreation/places-spaces/parks-and-recreation-facilities/location/?id=3492" }, "geometry": { "type": "MultiPoint", "coordinates": [ [ -79.404558673875499, 43.706985286460402 ] ] } },
{ "type": "Feature", "properties": { "_id": 1654, "LOCATIONID": "3493", "ASSET_ID": 989430.0, "ASSET_NAME": "SCARBOROUGH ARENA GARDENS", "TYPE": "Community Centre", "AMENITIES": "Wi-Fi", "ADDRESS": "75 BIRCHMOUNT RD", "PHONE": "416-396-4953", "URL": "https://www.toronto.ca/explore-enjoy/parks-recreation/places-spaces/parks-and-recreation-facilities/location/?id=3493" }, "geometry": { "type": "MultiPoint", "coordinates": [ [ -79.261938380097902, 43.694657457772301 ] ] } },
{ "type": "Feature", "properties": { "_id": 1655, "LOCATIONID": "3494", "ASSET_ID": 13070.0, "ASSET_NAME": "TED REEVE COMMUNITY ARENA", "TYPE": "Community Centre", "AMENITIES": "None", "ADDRESS": "175 MAIN ST", "PHONE": "416-694-6893", "URL": "https://www.toronto.ca/explore-enjoy/parks-recreation/places-spaces/parks-and-recreation-facilities/location/?id=3494" }, "geometry": { "type": "MultiPoint", "coordinates": [ [ -79.299226682582699, 43.684544328070402 ] ] } },
{ "type": "Feature", "properties": { "_id": 1656, "LOCATIONID": "3495", "ASSET_ID": 13080.0, "ASSET_NAME": "WILLIAM H. BOLTON ARENA", "TYPE": "Community Centre", "AMENITIES": "None", "ADDRESS": "40 ROSSMORE RD", "PHONE": "416-392-0088", "URL": "https://www.toronto.ca/explore-enjoy/parks-recreation/places-spaces/parks-and-recreation-facilities/location/?id=3495" }, "geometry": { "type": "MultiPoint", "coordinates": [ [ -79.415206126821701, 43.671195935205397 ] ] } },
{ "type": "Feature", "properties": { "_id": 1657, "LOCATIONID": "350", "ASSET_ID": 2054.0, "ASSET_NAME": "CARMINE STEFANO COMMUNITY CENTRE", "TYPE": "Community Centre", "AMENITIES": "None", "ADDRESS": "3100 WESTON RD", "PHONE": "416-395-6127", "URL": "https://www.toronto.ca/explore-enjoy/parks-recreation/places-spaces/parks-and-recreation-facilities/location/?id=350" }, "geometry": { "type": "MultiPoint", "coordinates": [ [ -79.539142518658707, 43.733813451114898 ] ] } },
{ "type": "Feature", "properties": { "_id": 1658, "LOCATIONID": "3501", "ASSET_ID": 45062.0, "ASSET_NAME": "YORK RECREATION CENTRE", "TYPE": "Community Centre", "AMENITIES": "Wi-Fi", "ADDRESS": "115 BLACK CREEK DR", "PHONE": "416-392-9675", "URL": "https://www.toronto.ca/explore-enjoy/parks-recreation/places-spaces/parks-and-recreation-facilities/location/?id=3501" }, "geometry": { "type": "MultiPoint", "coordinates": [ [ -79.482034413673503, 43.687872905789 ] ] } },
{ "type": "Feature", "properties": { "_id": 1659, "LOCATIONID": "3502", "ASSET_ID": 45463.0, "ASSET_NAME": "REGENT PARK COMMUNITY CENTRE", "TYPE": "Community Centre", "AMENITIES": "Wi-Fi", "ADDRESS": "402 Shuter St", "PHONE": "416-392-5490", "URL": "https://www.toronto.ca/explore-enjoy/parks-recreation/places-spaces/parks-and-recreation-facilities/location/?id=3502" }, "geometry": { "type": "MultiPoint", "coordinates": [ [ -79.361692250138702, 43.658274519757498 ] ] } },
{ "type": "Feature", "properties": { "_id": 1660, "LOCATIONID": "3506", "ASSET_ID": 49424.0, "ASSET_NAME": "ST. JOACHIM CATHOLIC SCHOOL", "TYPE": "Community Centre", "AMENITIES": "None", "ADDRESS": "3395 ST CLAIR AVE E", "PHONE": "None", "URL": "https://www.toronto.ca/explore-enjoy/parks-recreation/places-spaces/parks-and-recreation-facilities/location/?id=3506" }, "geometry": { "type": "MultiPoint", "coordinates": [ [ -79.275366525182903, 43.712974394877897 ] ] } },
{ "type": "Feature", "properties": { "_id": 1661, "LOCATIONID": "3507", "ASSET_ID": 49425.0, "ASSET_NAME": "ST. MAURICE CATHOLIC SCHOOL", "TYPE": "Community Centre", "AMENITIES": "None", "ADDRESS": "45 KINGSVIEW BLVD", "PHONE": "None", "URL": "https://www.toronto.ca/explore-enjoy/parks-recreation/places-spaces/parks-and-recreation-facilities/location/?id=3507" }, "geometry": { "type": "MultiPoint", "coordinates": [ [ -79.554031152890303, 43.697870230738403 ] ] } },
{ "type": "Feature", "properties": { "_id": 1662, "LOCATIONID": "272", "ASSET_ID": 2103.0, "ASSET_NAME": "ST. LAWRENCE COMMUNITY RECREATION CENTRE", "TYPE": "Community Centre", "AMENITIES": "Wi-Fi", "ADDRESS": "230 THE ESPLANADE", "PHONE": "416-392-1347", "URL": "https://www.toronto.ca/explore-enjoy/parks-recreation/places-spaces/parks-and-recreation-facilities/location/?id=272" }, "geometry": { "type": "MultiPoint", "coordinates": [ [ -79.364947864823804, 43.649759116537403 ] ] } },
{ "type": "Feature", "properties": { "_id": 1663, "LOCATIONID": "2773", "ASSET_ID": 44942.0, "ASSET_NAME": "TORONTO PAN AM SPORTS CENTRE", "TYPE": "Community Centre", "AMENITIES": "Wi-Fi", "ADDRESS": "875 MORNINGSIDE AVE", "PHONE": "416-283-5222", "URL": "https://www.toronto.ca/explore-enjoy/parks-recreation/places-spaces/parks-and-recreation-facilities/location/?id=2773" }, "geometry": { "type": "MultiPoint", "coordinates": [ [ -79.193715813137601, 43.790697171437401 ] ] } },
{ "type": "Feature", "properties": { "_id": 1664, "LOCATIONID": "2780", "ASSET_ID": 46303.0, "ASSET_NAME": "ST. AMBROSE CATHOLIC SCHOOL", "TYPE": "Community Centre", "AMENITIES": "None", "ADDRESS": "20 COULES CRT", "PHONE": "None", "URL": "https://www.toronto.ca/explore-enjoy/parks-recreation/places-spaces/parks-and-recreation-facilities/location/?id=2780" }, "geometry": { "type": "MultiPoint", "coordinates": [ [ -79.550235498986297, 43.608307813001097 ] ] } },
{ "type": "Feature", "properties": { "_id": 1665, "LOCATIONID": "2781", "ASSET_ID": 46304.0, "ASSET_NAME": "ST. GERALD CATHOLIC SCHOOL", "TYPE": "Community Centre", "AMENITIES": "None", "ADDRESS": "200 OLD SHEPPARD AVE", "PHONE": "None", "URL": "https://www.toronto.ca/explore-enjoy/parks-recreation/places-spaces/parks-and-recreation-facilities/location/?id=2781" }, "geometry": { "type": "MultiPoint", "coordinates": [ [ -79.326363308443803, 43.780696777013802 ] ] } },
{ "type": "Feature", "properties": { "_id": 1666, "LOCATIONID": "2791", "ASSET_ID": 45042.0, "ASSET_NAME": "PARKWAY FOREST COMMUNITY CENTRE", "TYPE": "Community Centre", "AMENITIES": "Wi-Fi", "ADDRESS": "55 FOREST MANOR RD", "PHONE": "416-392-6383", "URL": "https://www.toronto.ca/explore-enjoy/parks-recreation/places-spaces/parks-and-recreation-facilities/location/?id=2791" }, "geometry": { "type": "MultiPoint", "coordinates": [ [ -79.343607041188406, 43.772566604035902 ] ] } },
{ "type": "Feature", "properties": { "_id": 1667, "LOCATIONID": "282", "ASSET_ID": 1016.0, "ASSET_NAME": "SWANSEA COMMUNITY RECREATION CENTRE", "TYPE": "Community Centre", "AMENITIES": "Wi-Fi", "ADDRESS": "15 WALLER AVE", "PHONE": "416-392-6796", "URL": "https://www.toronto.ca/explore-enjoy/parks-recreation/places-spaces/parks-and-recreation-facilities/location/?id=282" }, "geometry": { "type": "MultiPoint", "coordinates": [ [ -79.477100623453495, 43.643979939887402 ] ] } },
{ "type": "Feature", "properties": { "_id": 1668, "LOCATIONID": "3851", "ASSET_ID": 988492.0, "ASSET_NAME": "Pape Avenue Junior Public School", "TYPE": "Community Centre", "AMENITIES": "None", "ADDRESS": "540 JONES AVE", "PHONE": "None", "URL": "https://www.toronto.ca/explore-enjoy/parks-recreation/places-spaces/parks-and-recreation-facilities/location/?id=3851" }, "geometry": { "type": "MultiPoint", "coordinates": [ [ -79.342226730188401, 43.670363797491099 ] ] } },
{ "type": "Feature", "properties": { "_id": 1669, "LOCATIONID": "3857", "ASSET_ID": 984790.0, "ASSET_NAME": "EAST BAYFRONT COMMUNITY RECREATION CENTRE", "TYPE": "Community Centre", "AMENITIES": "Wi-Fi", "ADDRESS": "261 QUEENS QUAY E", "PHONE": "416-394-8459", "URL": "https://www.toronto.ca/explore-enjoy/parks-recreation/places-spaces/parks-and-recreation-facilities/location/?id=3857" }, "geometry": { "type": "MultiPoint", "coordinates": [ [ -79.361041868015903, 43.646004205993698 ] ] } },
{ "type": "Feature", "properties": { "_id": 1670, "LOCATIONID": "3858", "ASSET_ID": 971308.0, "ASSET_NAME": "ROUGE VALLEY COMMUNITY RECREATION CENTRE", "TYPE": "Community Centre", "AMENITIES": "Wi-Fi", "ADDRESS": "8450 SHEPPARD AVE E", "PHONE": "416-338-8333", "URL": "https://www.toronto.ca/explore-enjoy/parks-recreation/places-spaces/parks-and-recreation-facilities/location/?id=3858" }, "geometry": { "type": "MultiPoint", "coordinates": [ [ -79.189814620785, 43.805385464592 ] ] } },
{ "type": "Feature", "properties": { "_id": 1671, "LOCATIONID": "3861", "ASSET_ID": 989001.0, "ASSET_NAME": "OLD FIRE HALL 30", "TYPE": "Community Centre", "AMENITIES": "Wi-Fi", "ADDRESS": "31 COMMISSIONERS ST", "PHONE": "None", "URL": "https://www.toronto.ca/explore-enjoy/parks-recreation/places-spaces/parks-and-recreation-facilities/location/?id=3861" }, "geometry": { "type": "MultiPoint", "coordinates": [ [ -79.349914621699099, 43.645857899512002 ] ] } },
{ "type": "Feature", "properties": { "_id": 1672, "LOCATIONID": "3883", "ASSET_ID": 1002208.0, "ASSET_NAME": "MCMURRICH JUNIOR PUBLIC SCHOOL", "TYPE": "Community Centre", "AMENITIES": "None", "ADDRESS": "115 Winona Dr", "PHONE": "None", "URL": "https://www.toronto.ca/explore-enjoy/parks-recreation/places-spaces/parks-and-recreation-facilities/location/?id=3883" }, "geometry": { "type": "MultiPoint", "coordinates": [ [ -79.431031726155098, 43.6780692412025 ] ] } },
{ "type": "Feature", "properties": { "_id": 1673, "LOCATIONID": "39", "ASSET_ID": 2071.0, "ASSET_NAME": "FRANKLAND COMMUNITY CENTRE", "TYPE": "Community Centre", "AMENITIES": "None", "ADDRESS": "816 LOGAN AVE", "PHONE": "416-392-0749", "URL": "https://www.toronto.ca/explore-enjoy/parks-recreation/places-spaces/parks-and-recreation-facilities/location/?id=39" }, "geometry": { "type": "MultiPoint", "coordinates": [ [ -79.350485989906105, 43.677197820260297 ] ] } },
{ "type": "Feature", "properties": { "_id": 1674, "LOCATIONID": "396", "ASSET_ID": 2108.0, "ASSET_NAME": "WEST ACRES SENIORS CENTRE", "TYPE": "Community Centre", "AMENITIES": "Wi-Fi", "ADDRESS": "65 HINTON RD", "PHONE": "416-394-8680", "URL": "https://www.toronto.ca/explore-enjoy/parks-recreation/places-spaces/parks-and-recreation-facilities/location/?id=396" }, "geometry": { "type": "MultiPoint", "coordinates": [ [ -79.570641296685096, 43.725258545679303 ] ] } },
{ "type": "Feature", "properties": { "_id": 1675, "LOCATIONID": "405", "ASSET_ID": 1874.0, "ASSET_NAME": "MILLIKEN PARK COMMUNITY RECREATION CENTRE", "TYPE": "Community Centre", "AMENITIES": "Wi-Fi", "ADDRESS": "4325 MCCOWAN RD", "PHONE": "416-396-7757", "URL": "https://www.toronto.ca/explore-enjoy/parks-recreation/places-spaces/parks-and-recreation-facilities/location/?id=405" }, "geometry": { "type": "MultiPoint", "coordinates": [ [ -79.274155344134201, 43.829751005493399 ] ] } },
{ "type": "Feature", "properties": { "_id": 1676, "LOCATIONID": "42", "ASSET_ID": 1621.0, "ASSET_NAME": "ANTIBES COMMUNITY CENTRE", "TYPE": "Community Centre", "AMENITIES": "Basketball Court, Outdoor Dry Pad, Outdoor Ping Pong/Table Tennis, Pickleball Court, Playground, Tennis Court, Wi-Fi", "ADDRESS": "140 ANTIBES DR", "PHONE": "416-395-0096", "URL": "https://www.toronto.ca/explore-enjoy/parks-recreation/places-spaces/parks-and-recreation-facilities/location/?id=42" }, "geometry": { "type": "MultiPoint", "coordinates": [ [ -79.446995759367596, 43.7811383805631 ] ] } },
{ "type": "Feature", "properties": { "_id": 1677, "LOCATIONID": "428", "ASSET_ID": 1725.0, "ASSET_NAME": "EDGEHILL HOUSE", "TYPE": "Community Centre", "AMENITIES": "None", "ADDRESS": "61 EDGEHILL RD", "PHONE": "416-397-4428", "URL": "https://www.toronto.ca/explore-enjoy/parks-recreation/places-spaces/parks-and-recreation-facilities/location/?id=428" }, "geometry": { "type": "MultiPoint", "coordinates": [ [ -79.516690255953904, 43.670699219044103 ] ] } },
{ "type": "Feature", "properties": { "_id": 1678, "LOCATIONID": "436", "ASSET_ID": 1723.0, "ASSET_NAME": "EDENBRIDGE CENTRE", "TYPE": "Community Centre", "AMENITIES": "None", "ADDRESS": "235 EDENBRIDGE DR", "PHONE": "416-392-2451", "URL": "https://www.toronto.ca/explore-enjoy/parks-recreation/places-spaces/parks-and-recreation-facilities/location/?id=436" }, "geometry": { "type": "MultiPoint", "coordinates": [ [ -79.510850771425893, 43.677485885501298 ] ] } },
{ "type": "Feature", "properties": { "_id": 1679, "LOCATIONID": "45", "ASSET_ID": 1768.0, "ASSET_NAME": "HARRISON POOL", "TYPE": "Community Centre", "AMENITIES": "None", "ADDRESS": "15 STEPHANIE ST", "PHONE": "416-392-7984", "URL": "https://www.toronto.ca/explore-enjoy/parks-recreation/places-spaces/parks-and-recreation-facilities/location/?id=45" }, "geometry": { "type": "MultiPoint", "coordinates": [ [ -79.390836523173405, 43.651088258615601 ] ] } },
{ "type": "Feature", "properties": { "_id": 1680, "LOCATIONID": "451", "ASSET_ID": 1095.0, "ASSET_NAME": "WELLESLEY COMMUNITY CENTRE", "TYPE": "Community Centre", "AMENITIES": "Wi-Fi", "ADDRESS": "495 SHERBOURNE ST", "PHONE": "416-392-0227", "URL": "https://www.toronto.ca/explore-enjoy/parks-recreation/places-spaces/parks-and-recreation-facilities/location/?id=451" }, "geometry": { "type": "MultiPoint", "coordinates": [ [ -79.374555887487304, 43.667700855032102 ] ] } },
{ "type": "Feature", "properties": { "_id": 1681, "LOCATIONID": "457", "ASSET_ID": 13048.0, "ASSET_NAME": "MAPLE LEAF COTTAGE", "TYPE": "Community Centre", "AMENITIES": "None", "ADDRESS": "62 LAING ST", "PHONE": "416-392-0734", "URL": "https://www.toronto.ca/explore-enjoy/parks-recreation/places-spaces/parks-and-recreation-facilities/location/?id=457" }, "geometry": { "type": "MultiPoint", "coordinates": [ [ -79.327338913304899, 43.663249625157498 ] ] } },
{ "type": "Feature", "properties": { "_id": 1682, "LOCATIONID": "460", "ASSET_ID": 1048.0, "ASSET_NAME": "TORONTO TRACK AND FIELD CENTRE", "TYPE": "Community Centre", "AMENITIES": "Washroom, Wi-Fi", "ADDRESS": "231 IAN MAC DONALD BLVD", "PHONE": "416-395-7939", "URL": "https://www.toronto.ca/explore-enjoy/parks-recreation/places-spaces/parks-and-recreation-facilities/location/?id=460" }, "geometry": { "type": "MultiPoint", "coordinates": [ [ -79.506973733214096, 43.776590210518897 ] ] } },
{ "type": "Feature", "properties": { "_id": 1683, "LOCATIONID": "472", "ASSET_ID": 2044.0, "ASSET_NAME": "AMESBURY COMMUNITY CENTRE", "TYPE": "Community Centre", "AMENITIES": "Wi-Fi", "ADDRESS": "1507 LAWRENCE AVE W", "PHONE": "416-395-0145", "URL": "https://www.toronto.ca/explore-enjoy/parks-recreation/places-spaces/parks-and-recreation-facilities/location/?id=472" }, "geometry": { "type": "MultiPoint", "coordinates": [ [ -79.482665667254295, 43.707122282096798 ] ] } },
{ "type": "Feature", "properties": { "_id": 1684, "LOCATIONID": "474", "ASSET_ID": 1676.0, "ASSET_NAME": "THE NEW GENERATION YOUTH RECREATION CENTRE", "TYPE": "Community Centre", "AMENITIES": "Wi-Fi", "ADDRESS": "2694 EGLINTON AVE W", "PHONE": "416-394-2717", "URL": "https://www.toronto.ca/explore-enjoy/parks-recreation/places-spaces/parks-and-recreation-facilities/location/?id=474" }, "geometry": { "type": "MultiPoint", "coordinates": [ [ -79.477036197558903, 43.690286330672301 ] ] } },
{ "type": "Feature", "properties": { "_id": 1685, "LOCATIONID": "474", "ASSET_ID": 1676.0, "ASSET_NAME": "THE NEW GENERATION YOUTH RECREATION CENTRE", "TYPE": "Community Centre", "AMENITIES": "None", "ADDRESS": "2694 EGLINTON AVE W", "PHONE": "416-394-2717", "URL": "https://www.toronto.ca/explore-enjoy/parks-recreation/places-spaces/parks-and-recreation-facilities/location/?id=474" }, "geometry": { "type": "MultiPoint", "coordinates": [ [ -79.477036197558903, 43.690286330672301 ] ] } },
{ "type": "Feature", "properties": { "_id": 1686, "LOCATIONID": "476", "ASSET_ID": 2058.0, "ASSET_NAME": "CHRIS TONKS ARENA", "TYPE": "Community Centre", "AMENITIES": "Wi-Fi", "ADDRESS": "2801 EGLINTON AVE W", "PHONE": "416-394-2733", "URL": "https://www.toronto.ca/explore-enjoy/parks-recreation/places-spaces/parks-and-recreation-facilities/location/?id=476" }, "geometry": { "type": "MultiPoint", "coordinates": [ [ -79.478867092758705, 43.687668070556398 ] ] } },
{ "type": "Feature", "properties": { "_id": 1687, "LOCATIONID": "477", "ASSET_ID": 1908.0, "ASSET_NAME": "PHIL WHITE ARENA", "TYPE": "Community Centre", "AMENITIES": "Washroom, Wi-Fi", "ADDRESS": "443 ARLINGTON AVE", "PHONE": "416-394-2734", "URL": "https://www.toronto.ca/explore-enjoy/parks-recreation/places-spaces/parks-and-recreation-facilities/location/?id=477" }, "geometry": { "type": "MultiPoint", "coordinates": [ [ -79.4315518192318, 43.691275794072602 ] ] } },
{ "type": "Feature", "properties": { "_id": 1688, "LOCATIONID": "478", "ASSET_ID": 466.0, "ASSET_NAME": "HARWOOD HALL", "TYPE": "Community Centre", "AMENITIES": "None", "ADDRESS": "85 CAYUGA AVE", "PHONE": "416-394-2747", "URL": "https://www.toronto.ca/explore-enjoy/parks-recreation/places-spaces/parks-and-recreation-facilities/location/?id=478" }, "geometry": { "type": "MultiPoint", "coordinates": [ [ -79.478777483218096, 43.6784183171618 ] ] } },
{ "type": "Feature", "properties": { "_id": 1689, "LOCATIONID": "479", "ASSET_ID": 1833.0, "ASSET_NAME": "LAMBTON ARENA", "TYPE": "Community Centre", "AMENITIES": "Wi-Fi", "ADDRESS": "4100 DUNDAS ST E", "PHONE": "416-394-2735", "URL": "https://www.toronto.ca/explore-enjoy/parks-recreation/places-spaces/parks-and-recreation-facilities/location/?id=479" }, "geometry": { "type": "MultiPoint", "coordinates": [ [ -79.505892662985801, 43.664960909202499 ] ] } },
{ "type": "Feature", "properties": { "_id": 1690, "LOCATIONID": "48", "ASSET_ID": 13030.0, "ASSET_NAME": "HILLCREST COMMUNITY CENTRE", "TYPE": "Community Centre", "AMENITIES": "Wi-Fi", "ADDRESS": "1339 BATHURST ST", "PHONE": "416-392-0746", "URL": "https://www.toronto.ca/explore-enjoy/parks-recreation/places-spaces/parks-and-recreation-facilities/location/?id=48" }, "geometry": { "type": "MultiPoint", "coordinates": [ [ -79.415994949932397, 43.679192805670802 ] ] } },
{ "type": "Feature", "properties": { "_id": 1691, "LOCATIONID": "509", "ASSET_ID": 1820.0, "ASSET_NAME": "JOSEPH J. PICCININNI COMMUNITY RECREATION CENTRE", "TYPE": "Community Centre", "AMENITIES": "Wi-Fi", "ADDRESS": "1369 ST CLAIR AVE W", "PHONE": "416-392-0036", "URL": "https://www.toronto.ca/explore-enjoy/parks-recreation/places-spaces/parks-and-recreation-facilities/location/?id=509" }, "geometry": { "type": "MultiPoint", "coordinates": [ [ -79.451449928817993, 43.675320724324997 ] ] } },
{ "type": "Feature", "properties": { "_id": 1692, "LOCATIONID": "510", "ASSET_ID": 13062.0, "ASSET_NAME": "RUNNYMEDE COLLEGIATE INSTITUTE", "TYPE": "Community Centre", "AMENITIES": "None", "ADDRESS": "569 JANE ST", "PHONE": "416-394-2747", "URL": "https://www.toronto.ca/explore-enjoy/parks-recreation/places-spaces/parks-and-recreation-facilities/location/?id=510" }, "geometry": { "type": "MultiPoint", "coordinates": [ [ -79.489595301806105, 43.663382211685899 ] ] } },
{ "type": "Feature", "properties": { "_id": 1693, "LOCATIONID": "511", "ASSET_ID": 13008.0, "ASSET_NAME": "BANBURY COMMUNITY CENTRE", "TYPE": "Community Centre", "AMENITIES": "Wi-Fi", "ADDRESS": "120 BANBURY RD", "PHONE": "416-395-6101", "URL": "https://www.toronto.ca/explore-enjoy/parks-recreation/places-spaces/parks-and-recreation-facilities/location/?id=511" }, "geometry": { "type": "MultiPoint", "coordinates": [ [ -79.369535912107906, 43.742803662089301 ] ] } },
{ "type": "Feature", "properties": { "_id": 1694, "LOCATIONID": "512", "ASSET_ID": 1631.0, "ASSET_NAME": "BAYCREST ARENA", "TYPE": "Community Centre", "AMENITIES": "Wi-Fi", "ADDRESS": "160 NEPTUNE DR", "PHONE": "416-395-7960", "URL": "https://www.toronto.ca/explore-enjoy/parks-recreation/places-spaces/parks-and-recreation-facilities/location/?id=512" }, "geometry": { "type": "MultiPoint", "coordinates": [ [ -79.443135863145798, 43.728947223944701 ] ] } },
{ "type": "Feature", "properties": { "_id": 1695, "LOCATIONID": "515", "ASSET_ID": 13009.0, "ASSET_NAME": "BAYVIEW ARENA", "TYPE": "Community Centre", "AMENITIES": "Wi-Fi", "ADDRESS": "3230 BAYVIEW AVE", "PHONE": "416-395-7825", "URL": "https://www.toronto.ca/explore-enjoy/parks-recreation/places-spaces/parks-and-recreation-facilities/location/?id=515" }, "geometry": { "type": "MultiPoint", "coordinates": [ [ -79.393684686362406, 43.787958461104402 ] ] } },
{ "type": "Feature", "properties": { "_id": 1696, "LOCATIONID": "52", "ASSET_ID": 13033.0, "ASSET_NAME": "HOLY FAMILY COMMUNITY CENTRE", "TYPE": "Community Centre", "AMENITIES": "None", "ADDRESS": "141 CLOSE AVE", "PHONE": "416-392 6695", "URL": "https://www.toronto.ca/explore-enjoy/parks-recreation/places-spaces/parks-and-recreation-facilities/location/?id=52" }, "geometry": { "type": "MultiPoint", "coordinates": [ [ -79.434550431636296, 43.638540069818298 ] ] } },
{ "type": "Feature", "properties": { "_id": 1697, "LOCATIONID": "523", "ASSET_ID": 1608.0, "ASSET_NAME": "AGINCOURT COMMUNITY RECREATION CENTRE", "TYPE": "Community Centre", "AMENITIES": "Wi-Fi", "ADDRESS": "31 GLEN WATFORD DR", "PHONE": "416-396-4037", "URL": "https://www.toronto.ca/explore-enjoy/parks-recreation/places-spaces/parks-and-recreation-facilities/location/?id=523" }, "geometry": { "type": "MultiPoint", "coordinates": [ [ -79.275752016438503, 43.788500382454899 ] ] } },
{ "type": "Feature", "properties": { "_id": 1698, "LOCATIONID": "525", "ASSET_ID": 2112.0, "ASSET_NAME": "YORK CIVIC CENTRE", "TYPE": "Civic Centre", "AMENITIES": "None", "ADDRESS": "2700 EGLINTON AVE W", "PHONE": "None", "URL": "https://www.toronto.ca/explore-enjoy/parks-recreation/places-spaces/parks-and-recreation-facilities/location/?id=525" }, "geometry": { "type": "MultiPoint", "coordinates": [ [ -79.478392329690493, 43.689924418819601 ] ] } },
{ "type": "Feature", "properties": { "_id": 1699, "LOCATIONID": "535", "ASSET_ID": 13011.0, "ASSET_NAME": "BERNER TRAIL COMMUNITY CENTRE", "TYPE": "Community Centre", "AMENITIES": "None", "ADDRESS": "120 BERNER TRAIL", "PHONE": "416-396-4054", "URL": "https://www.toronto.ca/explore-enjoy/parks-recreation/places-spaces/parks-and-recreation-facilities/location/?id=535" }, "geometry": { "type": "MultiPoint", "coordinates": [ [ -79.220928227381407, 43.801822319075299 ] ] } },
{ "type": "Feature", "properties": { "_id": 1700, "LOCATIONID": "537", "ASSET_ID": 1675.0, "ASSET_NAME": "CENTENNIAL RECREATION CENTRE - SCARBOROUGH", "TYPE": "Community Centre", "AMENITIES": "Wi-Fi", "ADDRESS": "1967 ELLESMERE RD", "PHONE": "416-396-4057", "URL": "https://www.toronto.ca/explore-enjoy/parks-recreation/places-spaces/parks-and-recreation-facilities/location/?id=537" }, "geometry": { "type": "MultiPoint", "coordinates": [ [ -79.237028707105694, 43.774533769377598 ] ] } },
{ "type": "Feature", "properties": { "_id": 1701, "LOCATIONID": "542", "ASSET_ID": 43242.0, "ASSET_NAME": "LEASIDE GARDENS SWIMMING POOL", "TYPE": "Community Centre", "AMENITIES": "None", "ADDRESS": "1073 Millwood Rd", "PHONE": "416 396-2822", "URL": "https://www.toronto.ca/explore-enjoy/parks-recreation/places-spaces/parks-and-recreation-facilities/location/?id=542" }, "geometry": { "type": "MultiPoint", "coordinates": [ [ -79.361172896367094, 43.701251094050299 ] ] } },
{ "type": "Feature", "properties": { "_id": 1702, "LOCATIONID": "548", "ASSET_ID": 280.0, "ASSET_NAME": "DON MILLS CIVITAN ARENA", "TYPE": "Community Centre", "AMENITIES": "Wi-Fi", "ADDRESS": "1030 DON MILLS RD", "PHONE": "416-395-7843", "URL": "https://www.toronto.ca/explore-enjoy/parks-recreation/places-spaces/parks-and-recreation-facilities/location/?id=548" }, "geometry": { "type": "MultiPoint", "coordinates": [ [ -79.343825067833393, 43.733119053763197 ] ] } },
{ "type": "Feature", "properties": { "_id": 1703, "LOCATIONID": "558", "ASSET_ID": 1698.0, "ASSET_NAME": "COMMANDER RECREATION CENTRE", "TYPE": "Community Centre", "AMENITIES": "Wi-Fi", "ADDRESS": "140 COMMANDER BLVD", "PHONE": "416-396-4024", "URL": "https://www.toronto.ca/explore-enjoy/parks-recreation/places-spaces/parks-and-recreation-facilities/location/?id=558" }, "geometry": { "type": "MultiPoint", "coordinates": [ [ -79.267846767840595, 43.795037604451799 ] ] } },
{ "type": "Feature", "properties": { "_id": 1704, "LOCATIONID": "567", "ASSET_ID": 1715.0, "ASSET_NAME": "DOUGLAS SNOW AQUATIC CENTRE", "TYPE": "Community Centre", "AMENITIES": "Wi-Fi", "ADDRESS": "5100 YONGE ST", "PHONE": "None", "URL": "https://www.toronto.ca/explore-enjoy/parks-recreation/places-spaces/parks-and-recreation-facilities/location/?id=567" }, "geometry": { "type": "MultiPoint", "coordinates": [ [ -79.4153038932578, 43.767127041139901 ] ] } },
{ "type": "Feature", "properties": { "_id": 1705, "LOCATIONID": "568", "ASSET_ID": 13022.0, "ASSET_NAME": "DOWNSVIEW ARENA", "TYPE": "Community Centre", "AMENITIES": "Wi-Fi", "ADDRESS": "1633 WILSON AVE", "PHONE": "416-395-7831", "URL": "https://www.toronto.ca/explore-enjoy/parks-recreation/places-spaces/parks-and-recreation-facilities/location/?id=568" }, "geometry": { "type": "MultiPoint", "coordinates": [ [ -79.512610965303196, 43.719026439955201 ] ] } },
{ "type": "Feature", "properties": { "_id": 1706, "LOCATIONID": "575", "ASSET_ID": 2064.0, "ASSET_NAME": "DRIFTWOOD COMMUNITY RECREATION CENTRE", "TYPE": "Community Centre", "AMENITIES": "Wi-Fi", "ADDRESS": "4401 JANE ST", "PHONE": "416-395-0226", "URL": "https://www.toronto.ca/explore-enjoy/parks-recreation/places-spaces/parks-and-recreation-facilities/location/?id=575" }, "geometry": { "type": "MultiPoint", "coordinates": [ [ -79.518743471355805, 43.7654199458755 ] ] } },
{ "type": "Feature", "properties": { "_id": 1707, "LOCATIONID": "58", "ASSET_ID": 1817.0, "ASSET_NAME": "JIMMIE SIMPSON RECREATION CENTRE", "TYPE": "Community Centre", "AMENITIES": "Skateboarding, Washroom, Wi-Fi", "ADDRESS": "870 QUEEN ST E", "PHONE": "416-392-0751", "URL": "https://www.toronto.ca/explore-enjoy/parks-recreation/places-spaces/parks-and-recreation-facilities/location/?id=58" }, "geometry": { "type": "MultiPoint", "coordinates": [ [ -79.345313347794004, 43.660447580593399 ] ] } },
{ "type": "Feature", "properties": { "_id": 1708, "LOCATIONID": "480", "ASSET_ID": 1617.0, "ASSET_NAME": "AMESBURY SPORTS COMPLEX", "TYPE": "Community Centre", "AMENITIES": "Wi-Fi", "ADDRESS": "155 CULFORD RD", "PHONE": "416-395-6683", "URL": "https://www.toronto.ca/explore-enjoy/parks-recreation/places-spaces/parks-and-recreation-facilities/location/?id=480" }, "geometry": { "type": "MultiPoint", "coordinates": [ [ -79.486779201016503, 43.706029276301997 ] ] } },
{ "type": "Feature", "properties": { "_id": 1709, "LOCATIONID": "482", "ASSET_ID": 13487.0, "ASSET_NAME": "FAIRBANK MEMORIAL COMMUNITY CENTRE", "TYPE": "Community Centre", "AMENITIES": "Wi-Fi", "ADDRESS": "2213 DUFFERIN ST", "PHONE": "416-394-2473", "URL": "https://www.toronto.ca/explore-enjoy/parks-recreation/places-spaces/parks-and-recreation-facilities/location/?id=482" }, "geometry": { "type": "MultiPoint", "coordinates": [ [ -79.447986721552596, 43.691299441015303 ] ] } },
{ "type": "Feature", "properties": { "_id": 1710, "LOCATIONID": "483", "ASSET_ID": 478.0, "ASSET_NAME": "HERBERT H. CARNEGIE CENTENNIAL CENTRE", "TYPE": "Community Centre", "AMENITIES": "Wi-Fi", "ADDRESS": "580 FINCH AVE W", "PHONE": "416-395-6067", "URL": "https://www.toronto.ca/explore-enjoy/parks-recreation/places-spaces/parks-and-recreation-facilities/location/?id=483" }, "geometry": { "type": "MultiPoint", "coordinates": [ [ -79.450136722755303, 43.773594139282302 ] ] } },
{ "type": "Feature", "properties": { "_id": 1711, "LOCATIONID": "486", "ASSET_ID": 2057.0, "ASSET_NAME": "CHALKFARM COMMUNITY RECREATION CENTRE", "TYPE": "Community Centre", "AMENITIES": "Wi-Fi", "ADDRESS": "180 CHALKFARM DR", "PHONE": "416-395-7802", "URL": "https://www.toronto.ca/explore-enjoy/parks-recreation/places-spaces/parks-and-recreation-facilities/location/?id=486" }, "geometry": { "type": "MultiPoint", "coordinates": [ [ -79.511626970524503, 43.723965538541698 ] ] } },
{ "type": "Feature", "properties": { "_id": 1712, "LOCATIONID": "487", "ASSET_ID": 2045.0, "ASSET_NAME": "ANCASTER COMMUNITY CENTRE", "TYPE": "Community Centre", "AMENITIES": "Wi-Fi", "ADDRESS": "41 ANCASTER RD", "PHONE": "416-395-6057", "URL": "https://www.toronto.ca/explore-enjoy/parks-recreation/places-spaces/parks-and-recreation-facilities/location/?id=487" }, "geometry": { "type": "MultiPoint", "coordinates": [ [ -79.465678714324895, 43.732562713299401 ] ] } },
{ "type": "Feature", "properties": { "_id": 1713, "LOCATIONID": "499", "ASSET_ID": 2060.0, "ASSET_NAME": "CUMMER PARK COMMUNITY CENTRE", "TYPE": "Community Centre", "AMENITIES": "Wi-Fi", "ADDRESS": "6000 LESLIE ST", "PHONE": "None", "URL": "https://www.toronto.ca/explore-enjoy/parks-recreation/places-spaces/parks-and-recreation-facilities/location/?id=499" }, "geometry": { "type": "MultiPoint", "coordinates": [ [ -79.371273405938595, 43.8001014474603 ] ] } },
{ "type": "Feature", "properties": { "_id": 1714, "LOCATIONID": "503", "ASSET_ID": 46.0, "ASSET_NAME": "ARMOUR HEIGHTS COMMUNITY CENTRE", "TYPE": "Community Centre", "AMENITIES": "Wi-Fi", "ADDRESS": "2140 AVENUE RD", "PHONE": "416-395-7848", "URL": "https://www.toronto.ca/explore-enjoy/parks-recreation/places-spaces/parks-and-recreation-facilities/location/?id=503" }, "geometry": { "type": "MultiPoint", "coordinates": [ [ -79.421909928734607, 43.739386694905498 ] ] } },
{ "type": "Feature", "properties": { "_id": 1715, "LOCATIONID": "506", "ASSET_ID": 13052.0, "ASSET_NAME": "McGREGOR PARK COMMUNITY CENTRE", "TYPE": "Community Centre", "AMENITIES": "Wi-Fi", "ADDRESS": "2231 LAWRENCE AVE E", "PHONE": "416-396-4023", "URL": "https://www.toronto.ca/explore-enjoy/parks-recreation/places-spaces/parks-and-recreation-facilities/location/?id=506" }, "geometry": { "type": "MultiPoint", "coordinates": [ [ -79.280321241681193, 43.7476393794948 ] ] } },
{ "type": "Feature", "properties": { "_id": 1716, "LOCATIONID": "507", "ASSET_ID": 2051.0, "ASSET_NAME": "BIRCHMOUNT COMMUNITY CENTRE", "TYPE": "Community Centre", "AMENITIES": "Wi-Fi", "ADDRESS": "93 BIRCHMOUNT RD", "PHONE": "416-396-4311", "URL": "https://www.toronto.ca/explore-enjoy/parks-recreation/places-spaces/parks-and-recreation-facilities/location/?id=507" }, "geometry": { "type": "MultiPoint", "coordinates": [ [ -79.262180529227294, 43.695485432137197 ] ] } },
{ "type": "Feature", "properties": { "_id": 1717, "LOCATIONID": "3732", "ASSET_ID": 101347.0, "ASSET_NAME": "ONE YONGE COMMUNITY RECREATION CENTRE", "TYPE": "Community Centre", "AMENITIES": "Wi-Fi", "ADDRESS": "24 Freeland St", "PHONE": "None", "URL": "https://www.toronto.ca/explore-enjoy/parks-recreation/places-spaces/parks-and-recreation-facilities/location/?id=3732" }, "geometry": { "type": "MultiPoint", "coordinates": [ [ -79.373998525273294, 43.643794974087903 ] ] } },
{ "type": "Feature", "properties": { "_id": 1718, "LOCATIONID": "3775", "ASSET_ID": 103250.0, "ASSET_NAME": "ETHENNONNHAWAHSTIHNEN' COMMUNITY RECREATION CENTRE & LIBRARY", "TYPE": "Community Centre", "AMENITIES": "Wi-Fi", "ADDRESS": "100 Ethennonnhawahstihnen' Lane", "PHONE": "416-392-4826", "URL": "https://www.toronto.ca/explore-enjoy/parks-recreation/places-spaces/parks-and-recreation-facilities/location/?id=3775" }, "geometry": { "type": "MultiPoint", "coordinates": [ [ -79.375640430376606, 43.768395766760399 ] ] } },
{ "type": "Feature", "properties": { "_id": 1719, "LOCATIONID": "3782", "ASSET_ID": 13043.0, "ASSET_NAME": "FORD PERFORMANCE CENTRE", "TYPE": "Community Centre", "AMENITIES": "None", "ADDRESS": "400 KIPLING AVE", "PHONE": "416-251-5219", "URL": "https://www.toronto.ca/explore-enjoy/parks-recreation/places-spaces/parks-and-recreation-facilities/location/?id=3782" }, "geometry": { "type": "MultiPoint", "coordinates": [ [ -79.519913367667499, 43.602957915289799 ] ] } },
{ "type": "Feature", "properties": { "_id": 1720, "LOCATIONID": "3830", "ASSET_ID": 1000744.0, "ASSET_NAME": "ST. MICHAEL CATHOLIC SCHOOL", "TYPE": "Community Centre", "AMENITIES": "None", "ADDRESS": "50 GEORGE STREET S", "PHONE": "416-392-2489", "URL": "https://www.toronto.ca/explore-enjoy/parks-recreation/places-spaces/parks-and-recreation-facilities/location/?id=3830" }, "geometry": { "type": "MultiPoint", "coordinates": [ [ -79.3698902194308, 43.647869350647497 ] ] } },
{ "type": "Feature", "properties": { "_id": 1721, "LOCATIONID": "647", "ASSET_ID": 14342.0, "ASSET_NAME": "GRANDRAVINE COMMUNITY RECREATION CENTRE", "TYPE": "Community Centre", "AMENITIES": "Wi-Fi", "ADDRESS": "23 GRANDRAVINE DR", "PHONE": "416-395-6171", "URL": "https://www.toronto.ca/explore-enjoy/parks-recreation/places-spaces/parks-and-recreation-facilities/location/?id=647" }, "geometry": { "type": "MultiPoint", "coordinates": [ [ -79.490651506463706, 43.751915264737598 ] ] } },
{ "type": "Feature", "properties": { "_id": 1722, "LOCATIONID": "652", "ASSET_ID": 13029.0, "ASSET_NAME": "HABITANT ARENA", "TYPE": "Community Centre", "AMENITIES": "Wi-Fi", "ADDRESS": "3383 WESTON RD", "PHONE": "416-395-7949", "URL": "https://www.toronto.ca/explore-enjoy/parks-recreation/places-spaces/parks-and-recreation-facilities/location/?id=652" }, "geometry": { "type": "MultiPoint", "coordinates": [ [ -79.540251158512802, 43.746979112965299 ] ] } },
{ "type": "Feature", "properties": { "_id": 1723, "LOCATIONID": "664", "ASSET_ID": 2080.0, "ASSET_NAME": "IRVING W. CHAPLEY COMMUNITY CENTRE", "TYPE": "Community Centre", "AMENITIES": "Outdoor Dry Pad, Washroom", "ADDRESS": "205 WILMINGTON AVE", "PHONE": "416-395-0475", "URL": "https://www.toronto.ca/explore-enjoy/parks-recreation/places-spaces/parks-and-recreation-facilities/location/?id=664" }, "geometry": { "type": "MultiPoint", "coordinates": [ [ -79.455867411458996, 43.761619405120697 ] ] } },
{ "type": "Feature", "properties": { "_id": 1724, "LOCATIONID": "667", "ASSET_ID": 13037.0, "ASSET_NAME": "JOHN BOOTH MEMORIAL ARENA", "TYPE": "Community Centre", "AMENITIES": "Wi-Fi", "ADDRESS": "230 GOSFORD BLVD", "PHONE": "None", "URL": "https://www.toronto.ca/explore-enjoy/parks-recreation/places-spaces/parks-and-recreation-facilities/location/?id=667" }, "geometry": { "type": "MultiPoint", "coordinates": [ [ -79.524148613785698, 43.769736021699998 ] ] } },
{ "type": "Feature", "properties": { "_id": 1725, "LOCATIONID": "675", "ASSET_ID": 612.0, "ASSET_NAME": "LAWRENCE HEIGHTS COMMUNITY CENTRE", "TYPE": "Community Centre", "AMENITIES": "Skateboarding, Wi-Fi", "ADDRESS": "5 REPLIN RD", "PHONE": "416-395-6118", "URL": "https://www.toronto.ca/explore-enjoy/parks-recreation/places-spaces/parks-and-recreation-facilities/location/?id=675" }, "geometry": { "type": "MultiPoint", "coordinates": [ [ -79.442218014886905, 43.718048766678102 ] ] } },
{ "type": "Feature", "properties": { "_id": 1726, "LOCATIONID": "693", "ASSET_ID": 14343.0, "ASSET_NAME": "MITCHELL FIELD COMMUNITY CENTRE", "TYPE": "Community Centre", "AMENITIES": "Wi-Fi", "ADDRESS": "89 CHURCH AVE", "PHONE": "None", "URL": "https://www.toronto.ca/explore-enjoy/parks-recreation/places-spaces/parks-and-recreation-facilities/location/?id=693" }, "geometry": { "type": "MultiPoint", "coordinates": [ [ -79.4084149662486, 43.774670524105503 ] ] } },
{ "type": "Feature", "properties": { "_id": 1727, "LOCATIONID": "699", "ASSET_ID": 13045.0, "ASSET_NAME": "L'AMOREAUX TENNIS CENTRE", "TYPE": "Community Centre", "AMENITIES": "Tennis Court, Washroom", "ADDRESS": "300 SILVER SPRINGS BLVD", "PHONE": "416-396-4041", "URL": "https://www.toronto.ca/explore-enjoy/parks-recreation/places-spaces/parks-and-recreation-facilities/location/?id=699" }, "geometry": { "type": "MultiPoint", "coordinates": [ [ -79.3050110061087, 43.806703294993902 ] ] } },
{ "type": "Feature", "properties": { "_id": 1728, "LOCATIONID": "7", "ASSET_ID": 2053.0, "ASSET_NAME": "BROADLANDS COMMUNITY RECREATION CENTRE", "TYPE": "Community Centre", "AMENITIES": "Outdoor Dry Pad, Washroom, Wi-Fi", "ADDRESS": "19 CASTLEGROVE BLVD", "PHONE": "416-395-7966", "URL": "https://www.toronto.ca/explore-enjoy/parks-recreation/places-spaces/parks-and-recreation-facilities/location/?id=7" }, "geometry": { "type": "MultiPoint", "coordinates": [ [ -79.322760226913104, 43.745918316579697 ] ] } },
{ "type": "Feature", "properties": { "_id": 1729, "LOCATIONID": "702", "ASSET_ID": 13047.0, "ASSET_NAME": "MALVERN RECREATION CENTRE", "TYPE": "Community Centre", "AMENITIES": "Skateboarding, Wi-Fi", "ADDRESS": "30 SEWELLS RD", "PHONE": "416-396-4054", "URL": "https://www.toronto.ca/explore-enjoy/parks-recreation/places-spaces/parks-and-recreation-facilities/location/?id=702" }, "geometry": { "type": "MultiPoint", "coordinates": [ [ -79.216384451957495, 43.808566747201802 ] ] } },
{ "type": "Feature", "properties": { "_id": 1730, "LOCATIONID": "703", "ASSET_ID": 771.0, "ASSET_NAME": "NORTHWOOD COMMUNITY CENTRE", "TYPE": "Community Centre", "AMENITIES": "Wi-Fi", "ADDRESS": "15 CLUBHOUSE CRT", "PHONE": "416-395-7876", "URL": "https://www.toronto.ca/explore-enjoy/parks-recreation/places-spaces/parks-and-recreation-facilities/location/?id=703" }, "geometry": { "type": "MultiPoint", "coordinates": [ [ -79.500080692676804, 43.745529867552499 ] ] } },
{ "type": "Feature", "properties": { "_id": 1731, "LOCATIONID": "705", "ASSET_ID": 13073.0, "ASSET_NAME": "TRACE MANES PARK COMMUNITY CENTRE", "TYPE": "Community Centre", "AMENITIES": "Wi-Fi", "ADDRESS": "110 RUMSEY RD", "PHONE": "416-396-2853", "URL": "https://www.toronto.ca/explore-enjoy/parks-recreation/places-spaces/parks-and-recreation-facilities/location/?id=705" }, "geometry": { "type": "MultiPoint", "coordinates": [ [ -79.367308351988697, 43.705590236222697 ] ] } },
{ "type": "Feature", "properties": { "_id": 1732, "LOCATIONID": "743", "ASSET_ID": 925.0, "ASSET_NAME": "SCARBOROUGH VILLAGE RECREATION CENTRE", "TYPE": "Community Centre", "AMENITIES": "Wi-Fi", "ADDRESS": "3600 KINGSTON RD", "PHONE": "416-396-4048", "URL": "https://www.toronto.ca/explore-enjoy/parks-recreation/places-spaces/parks-and-recreation-facilities/location/?id=743" }, "geometry": { "type": "MultiPoint", "coordinates": [ [ -79.216596863709498, 43.740172155036298 ] ] } },
{ "type": "Feature", "properties": { "_id": 1733, "LOCATIONID": "744", "ASSET_ID": 2099.0, "ASSET_NAME": "RODING COMMUNITY CENTRE", "TYPE": "Community Centre", "AMENITIES": "Wi-Fi", "ADDRESS": "600 RODING ST", "PHONE": "416-395-7964", "URL": "https://www.toronto.ca/explore-enjoy/parks-recreation/places-spaces/parks-and-recreation-facilities/location/?id=744" }, "geometry": { "type": "MultiPoint", "coordinates": [ [ -79.492730310705696, 43.7291977709408 ] ] } },
{ "type": "Feature", "properties": { "_id": 1734, "LOCATIONID": "749", "ASSET_ID": 13055.0, "ASSET_NAME": "NORTH KIPLING COMMUNITY CENTRE", "TYPE": "Community Centre", "AMENITIES": "Wi-Fi", "ADDRESS": "2 ROWNTREE RD", "PHONE": "416-394-8679", "URL": "https://www.toronto.ca/explore-enjoy/parks-recreation/places-spaces/parks-and-recreation-facilities/location/?id=749" }, "geometry": { "type": "MultiPoint", "coordinates": [ [ -79.584499093309205, 43.752197771375897 ] ] } },
{ "type": "Feature", "properties": { "_id": 1735, "LOCATIONID": "750", "ASSET_ID": 1732.0, "ASSET_NAME": "ELMBANK COMMUNITY CENTRE", "TYPE": "Community Centre", "AMENITIES": "Wi-Fi", "ADDRESS": "10 RAMPART RD", "PHONE": "416-394-8671", "URL": "https://www.toronto.ca/explore-enjoy/parks-recreation/places-spaces/parks-and-recreation-facilities/location/?id=750" }, "geometry": { "type": "MultiPoint", "coordinates": [ [ -79.588712926547899, 43.734777356129399 ] ] } },
{ "type": "Feature", "properties": { "_id": 1736, "LOCATIONID": "751", "ASSET_ID": 13064.0, "ASSET_NAME": "SENECA VILLAGE COMMUNITY CENTRE", "TYPE": "Community Centre", "AMENITIES": "Wi-Fi", "ADDRESS": "1700 FINCH AVE E", "PHONE": "416-395-7671", "URL": "https://www.toronto.ca/explore-enjoy/parks-recreation/places-spaces/parks-and-recreation-facilities/location/?id=751" }, "geometry": { "type": "MultiPoint", "coordinates": [ [ -79.351304633616294, 43.794144487515098 ] ] } },
{ "type": "Feature", "properties": { "_id": 1737, "LOCATIONID": "755", "ASSET_ID": 13034.0, "ASSET_NAME": "HUMBERWOOD COMMUNITY CENTRE", "TYPE": "Community Centre", "AMENITIES": "Wi-Fi", "ADDRESS": "850 HUMBERWOOD BLVD", "PHONE": "416-394-5700", "URL": "https://www.toronto.ca/explore-enjoy/parks-recreation/places-spaces/parks-and-recreation-facilities/location/?id=755" }, "geometry": { "type": "MultiPoint", "coordinates": [ [ -79.619042044035496, 43.7288921423389 ] ] } },
{ "type": "Feature", "properties": { "_id": 1738, "LOCATIONID": "760", "ASSET_ID": 13020.0, "ASSET_NAME": "DOMENICO DILUCA COMMUNITY RECREATION CENTRE", "TYPE": "Community Centre", "AMENITIES": "Wi-Fi", "ADDRESS": "25 STANLEY RD", "PHONE": "416-395-6673", "URL": "https://www.toronto.ca/explore-enjoy/parks-recreation/places-spaces/parks-and-recreation-facilities/location/?id=760" }, "geometry": { "type": "MultiPoint", "coordinates": [ [ -79.515801313800395, 43.7424676247375 ] ] } },
{ "type": "Feature", "properties": { "_id": 1739, "LOCATIONID": "771", "ASSET_ID": 1075.0, "ASSET_NAME": "VICTORIA VILLAGE ARENA", "TYPE": "Community Centre", "AMENITIES": "Wi-Fi", "ADDRESS": "190 BERMONDSEY RD", "PHONE": "416-395-0143", "URL": "https://www.toronto.ca/explore-enjoy/parks-recreation/places-spaces/parks-and-recreation-facilities/location/?id=771" }, "geometry": { "type": "MultiPoint", "coordinates": [ [ -79.315633488800302, 43.723189802764502 ] ] } },
{ "type": "Feature", "properties": { "_id": 1740, "LOCATIONID": "778", "ASSET_ID": 13082.0, "ASSET_NAME": "YORK MILLS ARENA", "TYPE": "Community Centre", "AMENITIES": "Wi-Fi", "ADDRESS": "2539 BAYVIEW AVE", "PHONE": "416-395-7844", "URL": "https://www.toronto.ca/explore-enjoy/parks-recreation/places-spaces/parks-and-recreation-facilities/location/?id=778" }, "geometry": { "type": "MultiPoint", "coordinates": [ [ -79.383420268906207, 43.747653297861497 ] ] } },
{ "type": "Feature", "properties": { "_id": 1741, "LOCATIONID": "780", "ASSET_ID": 1892.0, "ASSET_NAME": "OAKDALE COMMUNITY CENTRE", "TYPE": "Community Centre", "AMENITIES": "Wi-Fi", "ADDRESS": "350 GRANDRAVINE DR", "PHONE": "416-395-0488", "URL": "https://www.toronto.ca/explore-enjoy/parks-recreation/places-spaces/parks-and-recreation-facilities/location/?id=780" }, "geometry": { "type": "MultiPoint", "coordinates": [ [ -79.513127447585504, 43.747833783294801 ] ] } },
{ "type": "Feature", "properties": { "_id": 1742, "LOCATIONID": "781", "ASSET_ID": 1642.0, "ASSET_NAME": "BIRCHMOUNT STADIUM ", "TYPE": "Community Centre", "AMENITIES": "Outdoor Track, Sports Field", "ADDRESS": "75 BIRCHMOUNT RD", "PHONE": "None", "URL": "https://www.toronto.ca/explore-enjoy/parks-recreation/places-spaces/parks-and-recreation-facilities/location/?id=781" }, "geometry": { "type": "MultiPoint", "coordinates": [ [ -79.261316954450905, 43.695505397291001 ] ] } },
{ "type": "Feature", "properties": { "_id": 1743, "LOCATIONID": "782", "ASSET_ID": 2061.0, "ASSET_NAME": "CURRAN HALL COMMUNITY CENTRE", "TYPE": "Community Centre", "AMENITIES": "None", "ADDRESS": "277 ORTON PARK RD", "PHONE": "416-396-5156", "URL": "https://www.toronto.ca/explore-enjoy/parks-recreation/places-spaces/parks-and-recreation-facilities/location/?id=782" }, "geometry": { "type": "MultiPoint", "coordinates": [ [ -79.210830831296207, 43.777433428061798 ] ] } },
{ "type": "Feature", "properties": { "_id": 1744, "LOCATIONID": "788", "ASSET_ID": 13866.0, "ASSET_NAME": "L'AMOREAUX COMMUNITY RECREATION CENTRE", "TYPE": "Community Centre", "AMENITIES": "Wi-Fi", "ADDRESS": "2000 MCNICOLL AVE", "PHONE": "416-396-4510", "URL": "https://www.toronto.ca/explore-enjoy/parks-recreation/places-spaces/parks-and-recreation-facilities/location/?id=788" }, "geometry": { "type": "MultiPoint", "coordinates": [ [ -79.305056196934302, 43.812611473842999 ] ] } },
{ "type": "Feature", "properties": { "_id": 1745, "LOCATIONID": "789", "ASSET_ID": 1845.0, "ASSET_NAME": "LEASIDE MEMORIAL COMMUNITY GARDENS ARENA", "TYPE": "Community Centre", "AMENITIES": "None", "ADDRESS": "1073 Millwood Rd", "PHONE": "416-421-4944", "URL": "https://www.toronto.ca/explore-enjoy/parks-recreation/places-spaces/parks-and-recreation-facilities/location/?id=789" }, "geometry": { "type": "MultiPoint", "coordinates": [ [ -79.360887945448994, 43.701760328037999 ] ] } },
{ "type": "Feature", "properties": { "_id": 1746, "LOCATIONID": "793", "ASSET_ID": 13058.0, "ASSET_NAME": "OURLAND COMMUNITY CENTRE", "TYPE": "Community Centre", "AMENITIES": "Wi-Fi", "ADDRESS": "18 OURLAND AVE", "PHONE": "416-394-8673", "URL": "https://www.toronto.ca/explore-enjoy/parks-recreation/places-spaces/parks-and-recreation-facilities/location/?id=793" }, "geometry": { "type": "MultiPoint", "coordinates": [ [ -79.508484407792395, 43.615130163729098 ] ] } },
{ "type": "Feature", "properties": { "_id": 1747, "LOCATIONID": "795", "ASSET_ID": 1987.0, "ASSET_NAME": "THE ELMS COMMUNITY SCHOOL AND POOL", "TYPE": "Community Centre", "AMENITIES": "Wi-Fi", "ADDRESS": "45 Golfdown Dr", "PHONE": "416-394-8722", "URL": "https://www.toronto.ca/explore-enjoy/parks-recreation/places-spaces/parks-and-recreation-facilities/location/?id=795" }, "geometry": { "type": "MultiPoint", "coordinates": [ [ -79.551984150905, 43.722197364642597 ] ] } },
{ "type": "Feature", "properties": { "_id": 1748, "LOCATIONID": "797", "ASSET_ID": 1885.0, "ASSET_NAME": "NORSEMAN COMMUNITY SCHOOL AND POOL", "TYPE": "Community Centre", "AMENITIES": "Wi-Fi", "ADDRESS": "105 NORSEMAN ST", "PHONE": "416-394-8719", "URL": "https://www.toronto.ca/explore-enjoy/parks-recreation/places-spaces/parks-and-recreation-facilities/location/?id=797" }, "geometry": { "type": "MultiPoint", "coordinates": [ [ -79.516483360234304, 43.634294553033001 ] ] } },
{ "type": "Feature", "properties": { "_id": 1749, "LOCATIONID": "800", "ASSET_ID": 15.0, "ASSET_NAME": "ALBION ARENA", "TYPE": "Community Centre", "AMENITIES": "Wi-Fi", "ADDRESS": "1501 ALBION RD", "PHONE": "416-394-8690", "URL": "https://www.toronto.ca/explore-enjoy/parks-recreation/places-spaces/parks-and-recreation-facilities/location/?id=800" }, "geometry": { "type": "MultiPoint", "coordinates": [ [ -79.582830483097993, 43.739562500235699 ] ] } },
{ "type": "Feature", "properties": { "_id": 1750, "LOCATIONID": "801", "ASSET_ID": 1910.0, "ASSET_NAME": "PINE POINT ARENA", "TYPE": "Community Centre", "AMENITIES": "Wi-Fi", "ADDRESS": "15 GRIERSON RD", "PHONE": "416-394-8692", "URL": "https://www.toronto.ca/explore-enjoy/parks-recreation/places-spaces/parks-and-recreation-facilities/location/?id=801" }, "geometry": { "type": "MultiPoint", "coordinates": [ [ -79.542618999421194, 43.712644274477697 ] ] } },
{ "type": "Feature", "properties": { "_id": 1751, "LOCATIONID": "802", "ASSET_ID": 721.0, "ASSET_NAME": "MIMICO ARENA", "TYPE": "Community Centre", "AMENITIES": "Wi-Fi", "ADDRESS": "31 DRUMMOND ST", "PHONE": "416-394-8695", "URL": "https://www.toronto.ca/explore-enjoy/parks-recreation/places-spaces/parks-and-recreation-facilities/location/?id=802" }, "geometry": { "type": "MultiPoint", "coordinates": [ [ -79.498787514812406, 43.612330364643398 ] ] } },
{ "type": "Feature", "properties": { "_id": 1752, "LOCATIONID": "712", "ASSET_ID": 281.0, "ASSET_NAME": "DON MONTGOMERY COMMUNITY RECREATION CENTRE", "TYPE": "Community Centre", "AMENITIES": "Wi-Fi", "ADDRESS": "2467 EGLINTON AVE E", "PHONE": "416-396-4043", "URL": "https://www.toronto.ca/explore-enjoy/parks-recreation/places-spaces/parks-and-recreation-facilities/location/?id=712" }, "geometry": { "type": "MultiPoint", "coordinates": [ [ -79.261699425388699, 43.732629026348697 ] ] } },
{ "type": "Feature", "properties": { "_id": 1753, "LOCATIONID": "714", "ASSET_ID": 2095.0, "ASSET_NAME": "ORIOLE COMMUNITY RECREATION CENTRE", "TYPE": "Community Centre", "AMENITIES": "Wi-Fi", "ADDRESS": "2975 DON MILLS RD W", "PHONE": "416-395-6005", "URL": "https://www.toronto.ca/explore-enjoy/parks-recreation/places-spaces/parks-and-recreation-facilities/location/?id=714" }, "geometry": { "type": "MultiPoint", "coordinates": [ [ -79.3514094239261, 43.781760869988702 ] ] } },
{ "type": "Feature", "properties": { "_id": 1754, "LOCATIONID": "722", "ASSET_ID": 13060.0, "ASSET_NAME": "PELMO PARK COMMUNITY CENTRE ", "TYPE": "Community Centre", "AMENITIES": "None", "ADDRESS": "171 PELLATT AVE", "PHONE": "416-394-2747", "URL": "https://www.toronto.ca/explore-enjoy/parks-recreation/places-spaces/parks-and-recreation-facilities/location/?id=722" }, "geometry": { "type": "MultiPoint", "coordinates": [ [ -79.519592158709798, 43.714240424563897 ] ] } },
{ "type": "Feature", "properties": { "_id": 1755, "LOCATIONID": "731", "ASSET_ID": 1439.0, "ASSET_NAME": "OAKRIDGE COMMUNITY RECREATION CENTRE", "TYPE": "Community Centre", "AMENITIES": "Wi-Fi", "ADDRESS": "63 PHARMACY AVE", "PHONE": "416-338-1966", "URL": "https://www.toronto.ca/explore-enjoy/parks-recreation/places-spaces/parks-and-recreation-facilities/location/?id=731" }, "geometry": { "type": "MultiPoint", "coordinates": [ [ -79.284093747093806, 43.694935494945199 ] ] } },
{ "type": "Feature", "properties": { "_id": 1756, "LOCATIONID": "732", "ASSET_ID": 2097.0, "ASSET_NAME": "PLEASANTVIEW COMMUNITY CENTRE", "TYPE": "Community Centre", "AMENITIES": "Washroom, Wi-Fi", "ADDRESS": "545 VAN HORNE AVE", "PHONE": "416-395-6006", "URL": "https://www.toronto.ca/explore-enjoy/parks-recreation/places-spaces/parks-and-recreation-facilities/location/?id=732" }, "geometry": { "type": "MultiPoint", "coordinates": [ [ -79.336831007574602, 43.786993687976903 ] ] } },
{ "type": "Feature", "properties": { "_id": 1757, "LOCATIONID": "582", "ASSET_ID": 374.0, "ASSET_NAME": "ANGELA JAMES ARENA", "TYPE": "Community Centre", "AMENITIES": "Pickleball Court, Tennis Court, Wi-Fi", "ADDRESS": "165 GRENOBLE DR", "PHONE": "416-395-7838", "URL": "https://www.toronto.ca/explore-enjoy/parks-recreation/places-spaces/parks-and-recreation-facilities/location/?id=582" }, "geometry": { "type": "MultiPoint", "coordinates": [ [ -79.327634979830094, 43.7131479661019 ] ] } },
{ "type": "Feature", "properties": { "_id": 1758, "LOCATIONID": "583", "ASSET_ID": 1745.0, "ASSET_NAME": "FLEMINGDON COMMUNITY CENTRE AND PLAYGROUND PARADISE", "TYPE": "Community Centre", "AMENITIES": "Playground, Wi-Fi", "ADDRESS": "150 GRENOBLE DR", "PHONE": "416-395-6014", "URL": "https://www.toronto.ca/explore-enjoy/parks-recreation/places-spaces/parks-and-recreation-facilities/location/?id=583" }, "geometry": { "type": "MultiPoint", "coordinates": [ [ -79.326381354993998, 43.713567327787501 ] ] } },
{ "type": "Feature", "properties": { "_id": 1759, "LOCATIONID": "584", "ASSET_ID": 2109.0, "ASSET_NAME": "WEST ROUGE COMMUNITY CENTRE", "TYPE": "Community Centre", "AMENITIES": "Wi-Fi", "ADDRESS": "270 ROUGE HILLS DR", "PHONE": "416-396-4147", "URL": "https://www.toronto.ca/explore-enjoy/parks-recreation/places-spaces/parks-and-recreation-facilities/location/?id=584" }, "geometry": { "type": "MultiPoint", "coordinates": [ [ -79.125154595044506, 43.792113174836501 ] ] } },
{ "type": "Feature", "properties": { "_id": 1760, "LOCATIONID": "591", "ASSET_ID": 1662.0, "ASSET_NAME": "BURROWS HALL COMMUNITY CENTRE", "TYPE": "Community Centre", "AMENITIES": "Wi-Fi", "ADDRESS": "1081 PROGRESS AVE", "PHONE": "416-396-4670", "URL": "https://www.toronto.ca/explore-enjoy/parks-recreation/places-spaces/parks-and-recreation-facilities/location/?id=591" }, "geometry": { "type": "MultiPoint", "coordinates": [ [ -79.234292291916105, 43.793989492075603 ] ] } },
{ "type": "Feature", "properties": { "_id": 1761, "LOCATIONID": "600", "ASSET_ID": 2055.0, "ASSET_NAME": "CEDARBROOK COMMUNITY CENTRE", "TYPE": "Community Centre", "AMENITIES": "Wi-Fi", "ADDRESS": "91 EASTPARK BLVD", "PHONE": "416-396-4028", "URL": "https://www.toronto.ca/explore-enjoy/parks-recreation/places-spaces/parks-and-recreation-facilities/location/?id=600" }, "geometry": { "type": "MultiPoint", "coordinates": [ [ -79.227395332096805, 43.755623906232799 ] ] } },
{ "type": "Feature", "properties": { "_id": 1762, "LOCATIONID": "617", "ASSET_ID": 1729.0, "ASSET_NAME": "ELLESMERE COMMUNITY RECREATION CENTRE", "TYPE": "Community Centre", "AMENITIES": "Wi-Fi", "ADDRESS": "20 CANADIAN RD", "PHONE": "416-396-5536", "URL": "https://www.toronto.ca/explore-enjoy/parks-recreation/places-spaces/parks-and-recreation-facilities/location/?id=617" }, "geometry": { "type": "MultiPoint", "coordinates": [ [ -79.299336633689293, 43.760690756419997 ] ] } },
{ "type": "Feature", "properties": { "_id": 1763, "LOCATIONID": "623", "ASSET_ID": 1984.0, "ASSET_NAME": "TALL PINES COMMUNITY CENTRE", "TYPE": "Community Centre", "AMENITIES": "None", "ADDRESS": "64 RYLANDER BLVD", "PHONE": "416-396-4350", "URL": "https://www.toronto.ca/explore-enjoy/parks-recreation/places-spaces/parks-and-recreation-facilities/location/?id=623" }, "geometry": { "type": "MultiPoint", "coordinates": [ [ -79.152081049157403, 43.798502090942399 ] ] } },
{ "type": "Feature", "properties": { "_id": 1764, "LOCATIONID": "624", "ASSET_ID": 1024.0, "ASSET_NAME": "TAM HEATHER CURLING AND TENNIS CLUB", "TYPE": "Community Centre", "AMENITIES": "None", "ADDRESS": "730 MILITARY TRL", "PHONE": " 416-284-9251", "URL": "https://www.toronto.ca/explore-enjoy/parks-recreation/places-spaces/parks-and-recreation-facilities/location/?id=624" }, "geometry": { "type": "MultiPoint", "coordinates": [ [ -79.199210347269798, 43.791148129883702 ] ] } },
{ "type": "Feature", "properties": { "_id": 1765, "LOCATIONID": "63", "ASSET_ID": 1818.0, "ASSET_NAME": "JOHN INNES COMMUNITY RECREATION CENTRE", "TYPE": "Community Centre", "AMENITIES": "Wi-Fi", "ADDRESS": "150 SHERBOURNE ST", "PHONE": "416-392-6779", "URL": "https://www.toronto.ca/explore-enjoy/parks-recreation/places-spaces/parks-and-recreation-facilities/location/?id=63" }, "geometry": { "type": "MultiPoint", "coordinates": [ [ -79.370343779895407, 43.655423130660303 ] ] } },
{ "type": "Feature", "properties": { "_id": 1766, "LOCATIONID": "633", "ASSET_ID": 2079.0, "ASSET_NAME": "HERON PARK COMMUNITY RECREATION CENTRE", "TYPE": "Community Centre", "AMENITIES": "Wi-Fi", "ADDRESS": "292 MANSE RD", "PHONE": "416-396-4035", "URL": "https://www.toronto.ca/explore-enjoy/parks-recreation/places-spaces/parks-and-recreation-facilities/location/?id=633" }, "geometry": { "type": "MultiPoint", "coordinates": [ [ -79.177254819636104, 43.768836387635602 ] ] } },
{ "type": "Feature", "properties": { "_id": 1767, "LOCATIONID": "638", "ASSET_ID": 2074.0, "ASSET_NAME": "GLEN LONG COMMUNITY CENTRE", "TYPE": "Community Centre", "AMENITIES": "Outdoor Dry Pad, Washroom, Wi-Fi", "ADDRESS": "35 GLEN LONG AVE", "PHONE": "416-395-7921", "URL": "https://www.toronto.ca/explore-enjoy/parks-recreation/places-spaces/parks-and-recreation-facilities/location/?id=638" }, "geometry": { "type": "MultiPoint", "coordinates": [ [ -79.455867498376307, 43.708778367576997 ] ] } },
{ "type": "Feature", "properties": { "_id": 1768, "LOCATIONID": "642", "ASSET_ID": 13027.0, "ASSET_NAME": "GORD AND IRENE RISK COMMUNITY RECREATION CENTRE", "TYPE": "Community Centre", "AMENITIES": "Wi-Fi", "ADDRESS": "2650 FINCH AVE W", "PHONE": "416-395-0355", "URL": "https://www.toronto.ca/explore-enjoy/parks-recreation/places-spaces/parks-and-recreation-facilities/location/?id=642" }, "geometry": { "type": "MultiPoint", "coordinates": [ [ -79.566509252955399, 43.747436550902002 ] ] } },
{ "type": "Feature", "properties": { "_id": 1769, "LOCATIONID": "643", "ASSET_ID": 2076.0, "ASSET_NAME": "GOULDING COMMUNITY CENTRE", "TYPE": "Community Centre", "AMENITIES": "Wi-Fi", "ADDRESS": "45 GOULDING AVE", "PHONE": "416-395-0123", "URL": "https://www.toronto.ca/explore-enjoy/parks-recreation/places-spaces/parks-and-recreation-facilities/location/?id=643" }, "geometry": { "type": "MultiPoint", "coordinates": [ [ -79.422110716316496, 43.790627127580798 ] ] } },
{ "type": "Feature", "properties": { "_id": 1770, "LOCATIONID": "883", "ASSET_ID": 829.0, "ASSET_NAME": "PORT UNION COMMUNITY RECREATION CENTRE", "TYPE": "Community Centre", "AMENITIES": "Basketball Court, Outdoor Dry Pad, Skateboarding, Wi-Fi", "ADDRESS": "5450 LAWRENCE AVE E", "PHONE": "416-396-4031", "URL": "https://www.toronto.ca/explore-enjoy/parks-recreation/places-spaces/parks-and-recreation-facilities/location/?id=883" }, "geometry": { "type": "MultiPoint", "coordinates": [ [ -79.140280811939206, 43.779665889715801 ] ] } },
{ "type": "Feature", "properties": { "_id": 1771, "LOCATIONID": "89", "ASSET_ID": 13049.0, "ASSET_NAME": "MASARYK - COWAN COMMUNITY RECREATION CENTRE", "TYPE": "Community Centre", "AMENITIES": "Wi-Fi", "ADDRESS": "220 COWAN AVE", "PHONE": "416-392-6928", "URL": "https://www.toronto.ca/explore-enjoy/parks-recreation/places-spaces/parks-and-recreation-facilities/location/?id=89" }, "geometry": { "type": "MultiPoint", "coordinates": [ [ -79.433257367688, 43.640643583347 ] ] } },
{ "type": "Feature", "properties": { "_id": 1772, "LOCATIONID": "891", "ASSET_ID": 1873.0, "ASSET_NAME": "MEMORIAL POOL AND HEALTH CLUB", "TYPE": "Community Centre", "AMENITIES": "Wi-Fi", "ADDRESS": "44 MONTGOMERY RD", "PHONE": "416-394-8731", "URL": "https://www.toronto.ca/explore-enjoy/parks-recreation/places-spaces/parks-and-recreation-facilities/location/?id=891" }, "geometry": { "type": "MultiPoint", "coordinates": [ [ -79.519617496591096, 43.6483790866303 ] ] } },
{ "type": "Feature", "properties": { "_id": 1773, "LOCATIONID": "892", "ASSET_ID": 1737.0, "ASSET_NAME": "ETOBICOKE OLYMPIUM", "TYPE": "Community Centre", "AMENITIES": "Wi-Fi", "ADDRESS": "590 RATHBURN RD", "PHONE": "416-394-8111", "URL": "https://www.toronto.ca/explore-enjoy/parks-recreation/places-spaces/parks-and-recreation-facilities/location/?id=892" }, "geometry": { "type": "MultiPoint", "coordinates": [ [ -79.584432752695406, 43.650230054853999 ] ] } },
{ "type": "Feature", "properties": { "_id": 1774, "LOCATIONID": "893", "ASSET_ID": 13006.0, "ASSET_NAME": "ALBION POOL AND HEALTH CLUB", "TYPE": "Community Centre", "AMENITIES": "Wi-Fi", "ADDRESS": "1485 ALBION RD", "PHONE": "416-394-8676", "URL": "https://www.toronto.ca/explore-enjoy/parks-recreation/places-spaces/parks-and-recreation-facilities/location/?id=893" }, "geometry": { "type": "MultiPoint", "coordinates": [ [ -79.581130002736899, 43.739263241149096 ] ] } },
{ "type": "Feature", "properties": { "_id": 1775, "LOCATIONID": "896", "ASSET_ID": 1764.0, "ASSET_NAME": "GUS RYDER POOL AND HEALTH CLUB", "TYPE": "Community Centre", "AMENITIES": "Wi-Fi", "ADDRESS": "1 FAUSTINA DR", "PHONE": "416-394-8726", "URL": "https://www.toronto.ca/explore-enjoy/parks-recreation/places-spaces/parks-and-recreation-facilities/location/?id=896" }, "geometry": { "type": "MultiPoint", "coordinates": [ [ -79.521947007418305, 43.6012154857506 ] ] } },
{ "type": "Feature", "properties": { "_id": 1776, "LOCATIONID": "897", "ASSET_ID": 1610.0, "ASSET_NAME": "ALDERWOOD POOL", "TYPE": "Community Centre", "AMENITIES": "Wi-Fi", "ADDRESS": "2 ORIANNA DR", "PHONE": "416-394-8738", "URL": "https://www.toronto.ca/explore-enjoy/parks-recreation/places-spaces/parks-and-recreation-facilities/location/?id=897" }, "geometry": { "type": "MultiPoint", "coordinates": [ [ -79.547330905718795, 43.601860471008301 ] ] } },
{ "type": "Feature", "properties": { "_id": 1777, "LOCATIONID": "912", "ASSET_ID": 13016.0, "ASSET_NAME": "ROB FORD STADIUM", "TYPE": "Community Centre", "AMENITIES": "Sports Field, Washroom", "ADDRESS": "56 CENTENNIAL PARK RD", "PHONE": "None", "URL": "https://www.toronto.ca/explore-enjoy/parks-recreation/places-spaces/parks-and-recreation-facilities/location/?id=912" }, "geometry": { "type": "MultiPoint", "coordinates": [ [ -79.584579076198096, 43.653830652001503 ] ] } },
{ "type": "Feature", "properties": { "_id": 1778, "LOCATIONID": "913", "ASSET_ID": 13014.0, "ASSET_NAME": "CENTENNIAL PARK ARENA - ETOBICOKE", "TYPE": "Community Centre", "AMENITIES": "Wi-Fi", "ADDRESS": "156 CENTENNIAL PARK RD", "PHONE": "416-394-8756", "URL": "https://www.toronto.ca/explore-enjoy/parks-recreation/places-spaces/parks-and-recreation-facilities/location/?id=913" }, "geometry": { "type": "MultiPoint", "coordinates": [ [ -79.585875733021098, 43.656085811545502 ] ] } },
{ "type": "Feature", "properties": { "_id": 1779, "LOCATIONID": "927", "ASSET_ID": 6296.0, "ASSET_NAME": "NORTH YORK CIVIC CENTRE", "TYPE": "Civic Centre", "AMENITIES": "Washroom", "ADDRESS": "5100 YONGE ST", "PHONE": "None", "URL": "https://www.toronto.ca/explore-enjoy/parks-recreation/places-spaces/parks-and-recreation-facilities/location/?id=927" }, "geometry": { "type": "MultiPoint", "coordinates": [ [ -79.414642732527795, 43.767221691723897 ] ] } },
{ "type": "Feature", "properties": { "_id": 1780, "LOCATIONID": "96", "ASSET_ID": 13050.0, "ASSET_NAME": "MAURICE CODY COMMUNITY CENTRE", "TYPE": "Community Centre", "AMENITIES": "None", "ADDRESS": "181 CLEVELAND ST", "PHONE": "416-392-0747", "URL": "https://www.toronto.ca/explore-enjoy/parks-recreation/places-spaces/parks-and-recreation-facilities/location/?id=96" }, "geometry": { "type": "MultiPoint", "coordinates": [ [ -79.3776679134847, 43.704868854940798 ] ] } },
{ "type": "Feature", "properties": { "_id": 1781, "LOCATIONID": "803", "ASSET_ID": 1853.0, "ASSET_NAME": "LONG BRANCH ARENA", "TYPE": "Community Centre", "AMENITIES": "Wi-Fi", "ADDRESS": "75 ARCADIAN CIR", "PHONE": "416-394-8694", "URL": "https://www.toronto.ca/explore-enjoy/parks-recreation/places-spaces/parks-and-recreation-facilities/location/?id=803" }, "geometry": { "type": "MultiPoint", "coordinates": [ [ -79.527287236511796, 43.591943692289803 ] ] } },
{ "type": "Feature", "properties": { "_id": 1782, "LOCATIONID": "821", "ASSET_ID": 1813.0, "ASSET_NAME": "ISLINGTON SENIORS' CENTRE", "TYPE": "Community Centre", "AMENITIES": "None", "ADDRESS": "4968 DUNDAS ST W", "PHONE": "416-231-3431", "URL": "https://www.toronto.ca/explore-enjoy/parks-recreation/places-spaces/parks-and-recreation-facilities/location/?id=821" }, "geometry": { "type": "MultiPoint", "coordinates": [ [ -79.530121152907498, 43.647657952559499 ] ] } },
{ "type": "Feature", "properties": { "_id": 1783, "LOCATIONID": "822", "ASSET_ID": 2068.0, "ASSET_NAME": "FAIRFIELD SENIORS' CENTRE", "TYPE": "Community Centre", "AMENITIES": "Wi-Fi", "ADDRESS": "80 LOTHIAN AVE", "PHONE": "416-394-8686", "URL": "https://www.toronto.ca/explore-enjoy/parks-recreation/places-spaces/parks-and-recreation-facilities/location/?id=822" }, "geometry": { "type": "MultiPoint", "coordinates": [ [ -79.519243470007893, 43.639531999255603 ] ] } },
{ "type": "Feature", "properties": { "_id": 1784, "LOCATIONID": "823", "ASSET_ID": 500.0, "ASSET_NAME": "HORNER AVENUE SENIORS CENTRE", "TYPE": "Community Centre", "AMENITIES": "Wi-Fi", "ADDRESS": "320 HORNER AVE", "PHONE": "416-394-6000", "URL": "https://www.toronto.ca/explore-enjoy/parks-recreation/places-spaces/parks-and-recreation-facilities/location/?id=823" }, "geometry": { "type": "MultiPoint", "coordinates": [ [ -79.526837697179005, 43.606283915425699 ] ] } },
{ "type": "Feature", "properties": { "_id": 1785, "LOCATIONID": "824", "ASSET_ID": 2056.0, "ASSET_NAME": "CENTRAL ARENA", "TYPE": "Community Centre", "AMENITIES": "Washroom, Wi-Fi", "ADDRESS": "50 MONTGOMERY RD", "PHONE": "416-394-5439", "URL": "https://www.toronto.ca/explore-enjoy/parks-recreation/places-spaces/parks-and-recreation-facilities/location/?id=824" }, "geometry": { "type": "MultiPoint", "coordinates": [ [ -79.520268165243493, 43.648549566975198 ] ] } },
{ "type": "Feature", "properties": { "_id": 1786, "LOCATIONID": "839", "ASSET_ID": 13688.0, "ASSET_NAME": "VIEWMOUNT COMMUNITY CENTRE", "TYPE": "Community Centre", "AMENITIES": "None", "ADDRESS": "169 VIEWMOUNT AVE", "PHONE": "416-395-6021", "URL": "https://www.toronto.ca/explore-enjoy/parks-recreation/places-spaces/parks-and-recreation-facilities/location/?id=839" }, "geometry": { "type": "MultiPoint", "coordinates": [ [ -79.437234211398305, 43.707500214596003 ] ] } },
{ "type": "Feature", "properties": { "_id": 1787, "LOCATIONID": "84", "ASSET_ID": 17168.0, "ASSET_NAME": "KEELE COMMUNITY CENTRE", "TYPE": "Community Centre", "AMENITIES": "Wi-Fi", "ADDRESS": "181 GLENLAKE AVE", "PHONE": "416-392-0695", "URL": "https://www.toronto.ca/explore-enjoy/parks-recreation/places-spaces/parks-and-recreation-facilities/location/?id=84" }, "geometry": { "type": "MultiPoint", "coordinates": [ [ -79.4616734489626, 43.657594336098398 ] ] } },
{ "type": "Feature", "properties": { "_id": 1788, "LOCATIONID": "85", "ASSET_ID": 2085.0, "ASSET_NAME": "MAIN SQUARE COMMUNITY RECREATION CENTRE", "TYPE": "Community Centre", "AMENITIES": "Wi-Fi", "ADDRESS": "245 MAIN ST", "PHONE": "416-392-1070", "URL": "https://www.toronto.ca/explore-enjoy/parks-recreation/places-spaces/parks-and-recreation-facilities/location/?id=85" }, "geometry": { "type": "MultiPoint", "coordinates": [ [ -79.299788494371498, 43.687172370629 ] ] } },
{ "type": "Feature", "properties": { "_id": 1789, "LOCATIONID": "868", "ASSET_ID": 31726.0, "ASSET_NAME": "SIR ADAM BECK JUNIOR SCHOOL", "TYPE": "Community Centre", "AMENITIES": "None", "ADDRESS": "544 HORNER AVE", "PHONE": "None", "URL": "https://www.toronto.ca/explore-enjoy/parks-recreation/places-spaces/parks-and-recreation-facilities/location/?id=868" }, "geometry": { "type": "MultiPoint", "coordinates": [ [ -79.548011874754195, 43.6016944705814 ] ] } }
]
}
