,block1_age_18_34_share,block1_age_35_64_share,block1_age_65_plus_share,block1_median_age,block1_average_household_size,block1_bachelors_or_higher_25_64_share,block1_low_income_lim_at_share,block1_unemployment_rate_share,block2_renter_share,block2_owner_share,block2_same_address_1yr_share,block2_same_address_5yr_share,block2_condo_share,block2_apartment_share,block2_detached_share,block2_semi_detached_share,block2_population_density_per_km2,block3_immigrant_share,block3_recent_immigrant_share,block3_non_citizen_share,block3_citizen_adult_share,block3_visible_minority_share,block3_english_french_knowledge_share,block3_non_official_mother_tongue_share,block4_mayoral_top_two_margin,block4_effective_mayoral_candidates_5pct,block4_mayoral_vote_fragmentation,block4_federal_margin,block4_provincial_margin,block4_effective_federal_parties_5pct,block4_effective_provincial_parties_5pct,block5_transit_commute_share_preferred,block5_no_car_household_share,block5_social_housing_share,block5_requests_311_per_1000,block5_library_access_1200m,block5_community_centre_access_1200m,block5_school_age_5_17_share,block5_ksi_collision_events_2021_2025_per_1000,block5_development_applications_2021_2025_per_1000,block5_shelter_access_1200m,block4_mayoral_winner_margin,block4_mayoral_candidate_count_5pct,block4_provincial_party_count_5pct,block4_provincial_vote_fragmentation,block4_federal_party_count_5pct,block4_federal_vote_fragmentation,block5_tts_no_car_household_share,block5_tts_transit_trip_share,block5_tts_overlap_area_m2,block5_library_nearest_m,block5_library_count_1200m,block5_community_centre_nearest_m,block5_community_centre_count_1200m,block5_park_nearest_m,block5_park_count_1200m,block5_shelter_nearest_m,block5_shelter_count_1200m,block5_ksi_collision_events_2021_2025,block5_development_applications_2021_2025,block5_requests_311_2023_2025_estimated_count,block2_structural_type_total_dwellings,block2_apartment_duplex_count,block2_apartment_lt5_storeys_count,block2_apartment_5plus_storeys_count,block2_apartment_total_count,block2_condo_status_total_dwellings,block2_condominium_dwellings_count,block2_apartments_per_km2,block2_condos_per_km2
block1_age_18_34_share,1.0,-0.28652385430202104,-0.554081342828559,-0.7033721507561352,-0.4524341556311052,0.20522169225667014,0.3905586187697483,0.05154005206191913,0.43074646813799633,-0.430018732364323,-0.8270961411203559,-0.8187271914860205,0.5362201145502803,0.5509234759544265,-0.4847627062816328,-0.20518350366247085,0.579502252810167,0.07294607094031198,0.5242728814030775,0.579932589747611,-0.5334992330576025,0.2211379247612288,0.08691509693707775,0.14082985743132911,0.14503844078962128,-0.08576805178593622,-0.11021830279208779,0.17731784487284546,-0.0659288291664839,0.1375676741308692,0.21842856063682287,0.25871994085487027,0.5455227995075932,-0.0244303480332588,-0.10887503384393767,0.10337419802794319,-0.0009846940553222062,-0.5810710714701788,0.005251115942923354,0.05028169291181601,0.41466955409621564,0.14549575013661142,-0.14038907534991127,0.2440989803492999,0.2361902703600776,0.2821816007605244,0.15205491280327396,0.5455227995075932,0.25871994085487027,-0.10068528548189075,-0.11980744887537935,0.3104313380113201,-0.025504063299695543,0.00633545446695575,0.003854496951008171,0.2706642111716095,-0.3492450045107708,0.5592518790146358,0.25391623465195395,0.3280370132956407,-0.07540811394032448,0.5568620493995553,-0.10444627782486866,0.023535818468316923,0.6639956050700374,0.6731547448766556,0.5412355295679702,0.6717758148966131,0.6527206280329075,0.6640094016413011
block1_age_35_64_share,-0.28652385430202104,1.0,-0.4744971175013455,-0.17559761751800115,0.02837098444423045,0.005981522892391798,-0.3768379796862836,-0.11574323591051952,-0.10801206886951036,0.10964984535230171,0.2663794528303703,0.26264373361655746,-0.32773772062263834,-0.22140761719677726,0.12579472467397113,0.2763885036676996,-0.17137368881302673,-0.3699339389236097,-0.27885832547912653,-0.3905808109824313,0.42940484315064986,-0.3943181601456957,0.22595636099299093,-0.3547111706978994,0.06128592265885727,-0.1674852120481455,-0.14851283726836959,0.12127056530600891,0.18194344819969202,0.12079909593689017,0.011091553224481231,0.0639722282969334,-0.12040584855354845,-0.049394067439885524,0.018339403665685337,0.09026086830499858,0.028926689899524002,0.3089299109444587,-0.06588128979675854,-0.004638077795577946,-0.014056418357217495,0.06236885889813307,-0.11292718680792331,0.03473585193840655,0.019231598812678736,0.1862731367527533,0.1016752707134684,-0.12040584855354845,0.0639722282969334,-0.025721153470615408,-0.0820273167818949,0.06709403532862833,-0.026168005534268558,0.07748371475247917,0.12172281885167768,-0.04600383947416827,-0.07612586223688123,-0.1458260378229251,-0.06074269683596852,-0.05151340586997881,0.1054782208885156,-0.13788216118023278,0.11298440733818463,0.30679157182005173,-0.3050543069282846,-0.22079699726642563,-0.17615902579438256,-0.30954671434398606,-0.2160027529094834,-0.29885289463767406
block1_age_65_plus_share,-0.554081342828559,-0.4744971175013455,1.0,0.9175790841824264,0.04632988040672348,-0.011022117609102525,-0.06834168293411241,-0.12358588407604908,-0.31095066628050994,0.3084320976058972,0.3081100486426722,0.33176569221191504,-0.06089210499076944,-0.19435678553963065,0.2214919434585289,-0.03863853879816693,-0.2777257211660376,0.15121354784129443,-0.2958455903813127,-0.2392579752207707,0.15228273539884996,-0.038018775367631284,-0.274526363763592,0.13053431420045805,-0.11750477962628147,-0.004205547612043122,0.021423695332368393,-0.18725143380104214,-0.06654611642886564,-0.1289778530581057,-0.15343980823952938,-0.23763113649100487,-0.22652379163411,-0.0541052417126768,0.14192035167343364,-0.09766982062248393,-0.024197935532099066,-0.16963676115174126,0.12212275127370745,0.02670974942824611,-0.1910920161098583,-0.13147745525854887,0.11835692924574613,-0.19301568752836237,-0.17570479554400215,-0.2938071860377618,-0.13864528182527142,-0.22652379163411,-0.23763113649100487,0.047976738920850526,0.11061538402500212,-0.1734741315150113,0.04923399638734074,-0.049865749420933976,-0.07886412773332195,-0.1216291632513255,0.21855248267124672,-0.207620323910947,-0.1367018618273631,-0.17000415052950552,0.009459574832726737,-0.2885135300137679,-0.03153659302547257,-0.13247055085442025,-0.25476567258588095,-0.29601045865033115,-0.2369640381584284,-0.21543044900099853,-0.26321627948656745,-0.22266375520956305
block1_median_age,-0.7033721507561352,-0.17559761751800115,0.9175790841824264,1.0,0.09973802306527955,0.027222856677354485,-0.2649483759857721,-0.21924223012943672,-0.4717653716063413,0.46948819091684546,0.4326876408451917,0.47186802108754056,-0.16791796496996322,-0.3774810062355632,0.39086450879591345,0.037709245285359135,-0.39049309548899963,0.02698898934017064,-0.4497469418921263,-0.42741546915453343,0.36309575292886803,-0.1838660654356042,-0.22139976246295182,0.020718049793389558,-0.07979951088608499,-0.07618070649860367,-0.03937732030126889,-0.22506434745959616,-0.05448295749978601,-0.13169887988329315,-0.181039671894693,-0.3137208768693627,-0.3637277651473034,-0.11249243797572367,0.17488781407378046,-0.12440973289532507,-0.045878172948908766,-0.05207336306646496,0.09427454199517282,0.033812677483333636,-0.26062065503913334,-0.0824952705263785,0.13206137437135382,-0.25341911582356846,-0.20248348720113624,-0.2788862671590586,-0.13813546644183294,-0.3637277651473034,-0.3137208768693627,0.07527002668942184,0.15306668629503667,-0.23183601878988294,0.08335894365370283,-0.06543605789080362,-0.045977502832669194,-0.15489033971570806,0.26520291247887284,-0.29488548413261473,-0.16910034192673648,-0.18901587412954401,0.07770298815183845,-0.3560173829026706,-0.025034128614455236,-0.10963168588780131,-0.37498288845809186,-0.41163429335342294,-0.31738863691563496,-0.30346425679968714,-0.37281394607425206,-0.3174873493089146
block1_average_household_size,-0.4524341556311052,0.02837098444423045,0.04632988040672348,0.09973802306527955,1.0,-0.5178829207285187,-0.35015993454690825,0.32128596966305845,-0.4654006382638299,0.4662586866040405,0.6893564354164987,0.6914721078520674,-0.4897448684349146,-0.6859466866229346,0.5582891736144724,0.1744369059970044,-0.5008556259569372,0.3590774270602979,-0.16933409585674386,-0.08509829726750225,0.09390270478318186,0.40310344679583,-0.28364864353359437,0.2949857050488233,-0.21753317295953536,0.4269087611778978,0.40406326378443796,-0.30515721164683307,-0.029697398012942345,-0.13378897167749618,-0.25566976878674447,-0.2993594082216901,-0.6460308278647148,0.009642678837272795,-0.03372053884240498,-0.2768668339572989,-0.11818966735216772,0.6973449352098243,-0.12012555319739411,-0.1472497843216726,-0.4371902729717243,-0.2175507293386153,0.1352255943178868,-0.11758490495055235,-0.25819745693858,-0.4016509685682381,-0.13273770060022685,-0.6460308278647148,-0.2993594082216901,0.29257051494964,0.31479657713684966,-0.4623229507681899,0.13257559286867673,-0.0938774619080207,-0.0018941989497039604,-0.3165681929298079,0.4754341830217913,-0.47965413124814943,-0.11316546827569886,-0.3181915107786184,0.022770259604125945,-0.4821138769621213,0.33949752973820074,-0.3288696115159728,-0.5568978405147422,-0.6279208878769512,-0.485627306959837,-0.5107848975158477,-0.5744385126003392,-0.49310987260617906
block1_bachelors_or_higher_25_64_share,0.20522169225667014,0.005981522892391798,-0.011022117609102525,0.027222856677354485,-0.5178829207285187,1.0,-0.18982987741030558,-0.6766090197810282,-0.09171569657936729,0.09224620408086605,-0.5117290412049255,-0.43988537726102467,0.28812199325049537,0.09360038953850364,-0.005403214893731954,-0.07120167139216949,0.2648528894316586,-0.5474319594550219,-0.05566713118822275,-0.13273224190050015,0.15823772421252122,-0.5231444701189669,0.3993339641853619,-0.39113639120187554,0.30501028221278204,-0.5681271247615118,-0.5110884141714863,0.1682455947312841,0.03159803898211988,-0.1350714009084306,-0.07511648672788146,-0.05435074473928858,0.19450026200174345,-0.363674779247106,0.06315365219046642,0.13358273844685972,-0.04578416055452486,-0.3057925415780712,0.005069320318189916,0.14907684629362775,0.27143943737098264,0.3050135888829837,0.019196604276771802,-0.15547568116012508,-0.07365008847178464,0.08310554924370302,-0.14170627816559755,0.19450026200174345,-0.05435074473928858,-0.12033070312070432,-0.13430105560960798,0.2872132268036817,0.0848412061152813,-0.11161809379866212,0.07029609657993731,0.21731090201773864,-0.32794365265870506,0.2657596993259344,-0.015015963624273529,0.2605463833216971,0.10438123943307859,0.23142120512237696,-0.2564727854303366,0.11353795343168846,0.23894682298827963,0.25414566458673254,0.23299633046306545,0.33786847029717143,0.31441967775050184,0.352581525139246
block1_low_income_lim_at_share,0.3905586187697483,-0.3768379796862836,-0.06834168293411241,-0.2649483759857721,-0.35015993454690825,-0.18982987741030558,1.0,0.4640584063884045,0.6432764313914494,-0.644632035965353,-0.34786174938033737,-0.3979176540488299,0.3252713205054207,0.6531757487470211,-0.5740632671994775,-0.25059108996329793,0.4561428888395131,0.44641480252587845,0.5421664719425414,0.5968309386416834,-0.6198275121460506,0.4789617201491181,-0.28318719767256073,0.4227824066535521,0.027097101471282522,0.10029376977966435,0.06785910366590678,0.13370438556099637,-0.04698322136273644,0.02902219769395268,0.16932968239345814,0.2735000585624892,0.4565656544717016,0.4930522814216712,-0.045695093981813054,0.09443063566902749,0.10617394921947482,-0.24003488964169387,0.07680176432199527,0.03674250347801707,0.19863784555285113,0.026972129897773176,-0.07886334223350745,0.15926462685102835,0.17124874624642894,0.16120101651119476,0.03846560839631507,0.4565656544717016,0.2735000585624892,-0.2012924071058062,-0.12693635197741593,0.15285036994718598,-0.16428250983205975,0.12546727692755133,-0.14627564155077905,0.19950724668055106,-0.18819159665621535,0.33063800621022654,0.034651000017686104,0.11295893314891906,-0.2137642843446823,0.24165327442131365,-0.2651123305096551,-0.043153916166740955,0.4468126228933566,0.42334443917527975,0.24050311922555562,0.2521385036165918,0.44996374945159634,0.35177918690354043
block1_unemployment_rate_share,0.05154005206191913,-0.11574323591051952,-0.12358588407604908,-0.21924223012943672,0.32128596966305845,-0.6766090197810282,0.4640584063884045,1.0,0.3326925631395949,-0.33205004235508817,0.22202232951786904,0.17552916216385867,-0.15955657679790952,0.13705191159341915,-0.1831445033672384,-0.03436368900099546,0.003162518501909196,0.5255857655625925,0.2699172813750553,0.34128570913848405,-0.3310641632731718,0.584838628565936,-0.3194373502925255,0.4136354993868971,-0.15129844555081914,0.39431438806716507,0.33666592968350345,0.011275448654753484,0.0010529748842582078,0.045922366736687106,0.07366546594191209,0.14638253404290727,0.05877825044399093,0.4284814648086818,-0.15157486128109962,-0.0400551346285198,0.04859761111966972,0.21200472367310977,-0.1534287222378831,-0.13543294318712598,-0.08860529523275307,-0.15131318564536134,-0.02242872713557441,0.194596520268691,0.07626696883856174,0.00722710142280959,0.0507968106705631,0.05877825044399093,0.14638253404290727,-0.030566763984878613,0.012791938424723724,-0.0887534576921211,-0.11266975646957438,0.05667253725529683,-0.11020030782725335,-0.06531710238587662,0.1306311049660741,-0.010008574439936458,-0.043549516614298955,-0.1466510707025948,-0.21213272351923335,-0.09812390132833963,0.03994633557599056,-0.11589859128408311,-0.02091415396784809,-0.048928575947950095,-0.10002821769013903,-0.1835453137835432,-0.04525410563582463,-0.14188136066194515
block2_renter_share,0.43074646813799633,-0.10801206886951036,-0.31095066628050994,-0.4717653716063413,-0.4654006382638299,-0.09171569657936729,0.6432764313914494,0.3326925631395949,1.0,-0.9999159558963966,-0.3566958788969895,-0.428917024305511,0.0419803416803378,0.7740490157785975,-0.6737208036801694,-0.2376634707809587,0.4701856142999863,0.07658074606032264,0.5509599339546,0.45619304413908435,-0.4609624656570644,0.10373822545188763,0.16978191160458822,-0.0008319842787967143,0.06962007942930439,0.07253797942650093,0.03193342053299067,0.23022748831775994,0.08059684016480005,0.15522814103354007,0.23901034036228128,0.47643255896366177,0.6356595796605834,0.3060548903396357,-0.12837932742432123,0.1940464234192513,0.21251276815062406,-0.17330684508404753,-0.0501714489460675,0.0030366671443283967,0.26793979137715307,0.06959419276570623,-0.08504271547353176,0.2426777990416816,0.24053682792936046,0.2776415702197174,0.15608757175647098,0.6356595796605834,0.47643255896366177,-0.2742583789957098,-0.252134829826126,0.291525312470764,-0.24628381707425026,0.15563297102848092,-0.08854076196757103,0.19256464842275353,-0.32633723444924173,0.30682139562119815,0.02898990228121685,0.12917680413423352,-0.21823890694317163,0.34555292060230774,-0.22624677573915497,0.23831227966214297,0.47473947783411474,0.5287586168274722,0.34775714981188155,0.14778461774225765,0.4563256707375852,0.19543779428874986
block2_owner_share,-0.430018732364323,0.10964984535230171,0.3084320976058972,0.46948819091684546,0.4662586866040405,0.09224620408086605,-0.644632035965353,-0.33205004235508817,-0.9999159558963966,1.0,0.35628127942821314,0.4283474961622717,-0.04174049423085936,-0.7741209488902027,0.6734881841227324,0.2375068172812841,-0.4698555103633185,-0.07692601253632154,-0.5499319324870573,-0.4560043648577339,0.46170043608481887,-0.10358567633783003,-0.16744271175788092,0.00035378919986291834,-0.07147335327564815,-0.07098866328792904,-0.029779464540506912,-0.23005709106897557,-0.08103095130225584,-0.1562604347769392,-0.2387959200578315,-0.4768235987196704,-0.6368777350105503,-0.3058718334864937,0.12634896987657598,-0.19410508490362077,-0.21186328713036873,0.17447891048594633,0.04885301688559058,-0.003129027155680336,-0.2682781970417618,-0.0714489657641026,0.08592693480469413,-0.24285577658814578,-0.24004850137263462,-0.2784014497628971,-0.1570815991864942,-0.6368777350105503,-0.4768235987196704,0.27454755865336766,0.252311774722137,-0.2915811046655972,0.24527660860536935,-0.15594408577336333,0.08948726073466323,-0.1921877426359694,0.32548558432008223,-0.3071563990942176,-0.028416876609221754,-0.12890566459083755,0.2179581766539072,-0.34439971943837544,0.22717401566661014,-0.23811554105021843,-0.4743804224076904,-0.5282750222890955,-0.3466062279616853,-0.14729672960307458,-0.45607400119836233,-0.19518452050119534
block2_same_address_1yr_share,-0.8270961411203559,0.2663794528303703,0.3081100486426722,0.4326876408451917,0.6893564354164987,-0.5117290412049255,-0.34786174938033737,0.22202232951786904,-0.3566958788969895,0.35628127942821314,1.0,0.9276607143751596,-0.6451457169733962,-0.5963872384334004,0.49745677747457395,0.20074462285395475,-0.5988504846931301,0.11134067248345982,-0.45274761164899485,-0.4550950654413224,0.4069372344064449,0.01954897974082253,-0.1593247799255307,0.0013660743664735417,-0.1758067511892818,0.27574681734276196,0.26196282383045705,-0.22165490049320705,0.03738149919541768,-0.05789125738461434,-0.1876152663245828,-0.23141074651141802,-0.5466899319147628,0.14917106617699985,-0.003971922516282599,-0.15753875827390418,0.00781562005273923,0.701019554886456,-0.12859514638798503,-0.16482603793297973,-0.4117398436668586,-0.17566538209853014,0.11270631191963769,-0.15432164511223787,-0.20139060040931434,-0.2872112663974207,-0.06320607389764826,-0.5466899319147628,-0.23141074651141802,0.15741215767136155,0.17713983233536787,-0.37420445961793525,0.031207152769567214,0.0027110897818671924,-0.020993618344541998,-0.2882083716560123,0.4082499492510785,-0.5322740516670612,-0.23138668411234345,-0.3957530840632196,0.02366511790176379,-0.5717038983469552,0.23634539653079148,-0.0865437803106856,-0.6883688717710539,-0.705005274962505,-0.5721848916418769,-0.720471861634681,-0.6815547948740335,-0.6916517686963953
block2_same_address_5yr_share,-0.8187271914860205,0.26264373361655746,0.33176569221191504,0.47186802108754056,0.6914721078520674,-0.43988537726102467,-0.3979176540488299,0.17552916216385867,-0.428917024305511,0.4283474961622717,0.9276607143751596,1.0,-0.6999769838218336,-0.6795712334638399,0.5705540229372358,0.2588795064982196,-0.5895594491656848,0.040005934582888834,-0.5584770127640034,-0.5325796120623015,0.47830367341050617,-0.04154284961930764,-0.15382899718357432,-0.04611004100036316,-0.1113941563808588,0.18160044111683776,0.1708867027683517,-0.15429885734034945,0.07602267282728903,-0.0829600604111233,-0.20560711593669137,-0.26184977180175956,-0.5209388272817932,0.13609841834753894,0.01068876151932232,-0.13361176662324162,-0.004812132816771675,0.6647926654133699,-0.15343639262573988,-0.15148275830050317,-0.3954527008541881,-0.11123548057216048,0.08517895885400335,-0.18024131355000467,-0.22099064545368863,-0.22563223139943908,-0.09147582117294743,-0.5209388272817932,-0.26184977180175956,0.1599205349916078,0.15559445399576657,-0.31559164478649593,0.040918481046944545,-0.009539312391404407,-0.005792676427469286,-0.25923637422790885,0.39438361394403865,-0.4790248760330729,-0.23238471228460106,-0.3631185145084152,0.04652693334760482,-0.5637487422844902,0.2734626744881649,-0.05521183957117697,-0.7110097271666236,-0.7170590739130771,-0.5638073418684834,-0.7231442392472917,-0.6659533567107722,-0.6719008665121337
block2_condo_share,0.5362201145502803,-0.32773772062263834,-0.06089210499076944,-0.16791796496996322,-0.4897448684349146,0.28812199325049537,0.3252713205054207,-0.15955657679790952,0.0419803416803378,-0.04174049423085936,-0.6451457169733962,-0.6999769838218336,1.0,0.5763093759984909,-0.4975115321200076,-0.28756389544528466,0.42575526215025533,0.2329983526839365,0.44665061673193907,0.42758126252187856,-0.36464357571056094,0.24810566909031637,-0.05200959000730907,0.258986672282787,-0.04287943178789154,-0.031588511378175525,-0.0009474042978903788,-0.014378641458965214,-0.1904263432999169,-0.06913014507370344,0.09480428934994085,0.09404713036680146,0.19935783734759852,-0.1454548354767006,-0.04168186916653598,0.022554417323945437,-0.018522497254497845,-0.5456664076713541,0.15021786082278443,0.06782933835909445,0.17115922777264325,-0.043145537135863825,-0.003451194784006513,0.07874127753630658,0.10343930246943271,-0.008426742885001658,-0.05630789141625789,0.19935783734759852,0.09404713036680146,-0.06055775792316746,-0.013175752382359582,0.059238573486387405,0.00994582580012144,0.0025795253768679726,-0.07366525997144205,0.17268951675224786,-0.09391812178935413,0.2642456273101515,0.21930588966052111,0.25072902104291966,-0.06596169954944199,0.48833641074437395,-0.3384296279267183,-0.1742396010018641,0.6686026538093071,0.6087698153801682,0.4882638555599599,0.82415950957327,0.4899688782620404,0.6821453597933169
block2_apartment_share,0.5509234759544265,-0.22140761719677726,-0.19435678553963065,-0.3774810062355632,-0.6859466866229346,0.09360038953850364,0.6531757487470211,0.13705191159341915,0.7740490157785975,-0.7741209488902027,-0.5963872384334004,-0.6795712334638399,0.5763093759984909,1.0,-0.8561123965482547,-0.2870685919386487,0.5928346955275022,0.14622106203921925,0.6100853072721947,0.5190804359111609,-0.49392958857024477,0.14086470111071792,0.06098242370745703,0.10491432658551753,0.05525842838359723,-0.033231544684943194,-0.04958189315727788,0.2371584210125333,0.04542573508359864,0.1151448903547073,0.22404599339490816,0.4435841701281762,0.626077499196239,0.111503761526981,-0.12432004186438138,0.22527515128757797,0.17760901476539687,-0.4730070848211625,0.0621597784740038,0.02181674702953473,0.32245451973235495,0.055266303191809085,-0.1441320574926395,0.2382830922182426,0.22877559045124446,0.2652572754663571,0.11660171328481192,0.626077499196239,0.4435841701281762,-0.2893222045694982,-0.2768083472533832,0.31934403008253903,-0.20654091276245592,0.1331552667414134,-0.08498051538071372,0.23968066115330197,-0.3341768345736747,0.36713904804806535,0.13005234323872178,0.19286996326281863,-0.2229741584671368,0.5080599143175014,-0.31284236065950244,0.20201129702132806,0.6998050643625044,0.7415524054659262,0.5123628319689961,0.5249919545903218,0.604896758056482,0.4862096589827234
block2_detached_share,-0.4847627062816328,0.12579472467397113,0.2214919434585289,0.39086450879591345,0.5582891736144724,-0.005403214893731954,-0.5740632671994775,-0.1831445033672384,-0.6737208036801694,0.6734881841227324,0.49745677747457395,0.5705540229372358,-0.4975115321200076,-0.8561123965482547,1.0,-0.13983472419185725,-0.4998163842201336,-0.16161199034851595,-0.4869662450717777,-0.4360380386857913,0.4283144786899733,-0.18393469856316308,0.03430182173649683,-0.09745424687632087,-0.020614337592400795,-0.002921649115671659,0.029874842344653704,-0.346511746173929,-0.15633502944018263,-0.13619167444569014,-0.2596107670315272,-0.44514025521374595,-0.6056964977541194,-0.2054379280457963,0.05275938811219196,-0.2426206593375686,-0.1729085517669139,0.40176823942775786,-0.08404301290536774,-0.08150642797247938,-0.3287258015182395,-0.020760130990889806,0.26774853889602296,-0.35858477048858284,-0.2656224429636955,-0.38370862823817947,-0.12937225077823195,-0.6056964977541194,-0.44514025521374595,0.23881843401369696,0.30260523876520523,-0.3638564867473098,0.22513805251498512,-0.1730328656723809,0.08573935393027161,-0.1941388921459701,0.32764958137464884,-0.3426854957766383,-0.11885427898434599,-0.16685834364522165,0.17072444791457905,-0.3920565878202283,0.2997789475632479,-0.26687459422377513,-0.5374908875388781,-0.5947243400390793,-0.39755010238858557,-0.42105566765766406,-0.4809987633584033,-0.3762243068117737
block2_semi_detached_share,-0.20518350366247085,0.2763885036676996,-0.03863853879816693,0.037709245285359135,0.1744369059970044,-0.07120167139216949,-0.25059108996329793,-0.03436368900099546,-0.2376634707809587,0.2375068172812841,0.20074462285395475,0.2588795064982196,-0.28756389544528466,-0.2870685919386487,-0.13983472419185725,1.0,-0.17261670625366118,-0.1605432301556333,-0.3167582398223069,-0.2651143904006889,0.24280273849421286,-0.15539409225314865,-0.09627980800453893,-0.14051668063562894,-0.018804039211431436,-0.025088672368266174,-0.05476360223615762,0.2019936042213492,0.24930020412618756,0.09446029690684615,0.09087163790590079,0.019758390172764387,-0.026489754092740736,0.07690740219456932,0.09555278402297712,0.1191322732679462,-0.011871667319641158,0.15777348392513765,0.007874646403475672,0.0609698897272921,0.011725993949991086,-0.01905672140638,-0.2413002191442399,0.15682150523093238,0.07904224423044622,0.30066921110297845,0.0729401523044149,-0.026489754092740736,0.019758390172764387,0.025290607072103222,-0.13494093951182082,0.14385682393236512,-0.0331649090906121,0.06014449523056061,0.05679716161528641,-0.11661453405148195,-0.033656906805538664,-0.08843104548786841,-0.0404055213615609,-0.05076294026926139,0.08626612452874428,-0.2165062759157945,0.056254355039056854,0.21114055783349964,-0.3362661965636557,-0.2818283623011722,-0.21938835534947942,-0.2596178126129363,-0.23168656371865562,-0.2225653229728767
block2_population_density_per_km2,0.579502252810167,-0.17137368881302673,-0.2777257211660376,-0.39049309548899963,-0.5008556259569372,0.2648528894316586,0.4561428888395131,0.003162518501909196,0.4701856142999863,-0.4698555103633185,-0.5988504846931301,-0.5895594491656848,0.42575526215025533,0.5928346955275022,-0.4998163842201336,-0.17261670625366118,1.0,0.04029009341910979,0.48036790394907625,0.47473394167481126,-0.41142768196444135,0.09416540474295362,0.052322495734084803,0.10659023472948433,0.18705663755585328,-0.18000273653439847,-0.18316656768339268,0.24633975810872152,-0.000512596618891147,0.03938871501192858,0.15565520398472085,0.3219143115888366,0.539252906630694,-0.011731552244763726,-0.14329208162836876,0.22006740630526955,0.1534140229623673,-0.41749870262289285,-0.13085409556518424,-0.0027957513667925212,0.33271198977281824,0.1869614542844963,-0.13563170999599955,0.1285155363781349,0.16334803744965212,0.24384875509798265,0.03706835982531678,0.539252906630694,0.3219143115888366,-0.3341638919025325,-0.29235799127289036,0.36680953155355117,-0.19864988221953112,0.08888362852980032,-0.09124928423536388,0.3248566197667492,-0.28938665236261907,0.41699523831840946,-0.10198194587619223,0.1809537496065657,-0.30401613741710176,0.5104300977171542,-0.28030680549460796,0.003507117162684176,0.6582540280808076,0.6493376732358566,0.5111910865714555,0.5013009331712556,0.9713634709525946,0.7907432028979946
block3_immigrant_share,0.07294607094031198,-0.3699339389236097,0.15121354784129443,0.02698898934017064,0.3590774270602979,-0.5474319594550219,0.44641480252587845,0.5255857655625925,0.07658074606032264,-0.07692601253632154,0.11134067248345982,0.040005934582888834,0.2329983526839365,0.14622106203921925,-0.16161199034851595,-0.1605432301556333,0.04029009341910979,1.0,0.5522595427106936,0.6580325762147242,-0.619007614083939,0.8886761599088725,-0.5911729066386245,0.9161702702303177,-0.3647533383068122,0.51389999561206,0.5142845880012279,-0.37880404492175673,-0.23910942335444163,-0.04124476603141718,-0.04936727656432882,0.021559541500034002,-0.19105104121540267,0.15635427603948474,-0.12109692588811748,-0.20777534634827188,-0.012230952177400837,-0.032651199098900255,0.007457407708653122,-0.128190785113594,-0.19862777651953617,-0.3647327274574948,0.051368518310139104,0.09956086934850655,-0.035422281470221875,-0.36616953106458905,-0.01865109467671169,-0.19105104121540267,0.021559541500034002,0.09369262788252387,0.24107416969437367,-0.34063706362454627,0.0018282390959366485,-0.03253531213058621,-0.1371567940093943,-0.1668983823050735,0.2544813096628151,-0.16856570056242973,0.01421668669974664,-0.1485241410104644,-0.217686673925482,-0.018361872799243246,-0.006316743374484605,-0.4041500755453329,0.1391099539630191,0.03425504722031153,-0.017947247700148366,0.0790810301486884,0.01825824089996935,0.05292616335216956
block3_recent_immigrant_share,0.5242728814030775,-0.27885832547912653,-0.2958455903813127,-0.4497469418921263,-0.16933409585674386,-0.05566713118822275,0.5421664719425414,0.2699172813750553,0.5509599339546,-0.5499319324870573,-0.45274761164899485,-0.5584770127640034,0.44665061673193907,0.6100853072721947,-0.4869662450717777,-0.3167582398223069,0.48036790394907625,0.5522595427106936,1.0,0.8986567733570553,-0.8035632543036398,0.5360986520669762,-0.07173262841987887,0.5269248653005126,-0.18145957316854297,0.30226273460575764,0.30592536158115674,-0.16688454195564856,-0.1805555033356114,-0.009457620047866176,0.09172208303515227,0.3034748012789733,0.2165432466323369,-0.017036118257040544,-0.1260698310838213,-0.0016196996955817767,0.05740515232289823,-0.21285950418597704,0.020649002473443284,-0.01961230267512606,0.033966478243440824,-0.1815891376352024,0.05848114712832592,0.17613548953556077,0.09856407071533685,-0.13147127012514134,0.009973489896764224,0.2165432466323369,0.3034748012789733,-0.10847599468289733,-0.0029730869359579754,-0.03708593080537272,-0.08301112723051528,0.00020606890718508091,-0.07351446287500372,0.042360155257417056,-0.09686104830914007,0.08152798251564441,0.10070568117039197,0.11553044591340164,-0.21645576869340044,0.3850526510141222,-0.255180053774955,-0.21971709626282318,0.5986289723936128,0.5317080298447627,0.38559798101925685,0.44575394243990607,0.47786365702331246,0.41509071283215554
block3_non_citizen_share,0.579932589747611,-0.3905808109824313,-0.2392579752207707,-0.42741546915453343,-0.08509829726750225,-0.13273224190050015,0.5968309386416834,0.34128570913848405,0.45619304413908435,-0.4560043648577339,-0.4550950654413224,-0.5325796120623015,0.42758126252187856,0.5190804359111609,-0.4360380386857913,-0.2651143904006889,0.47473394167481126,0.6580325762147242,0.8986567733570553,1.0,-0.9128632621839659,0.6663106742170277,-0.27358234147616783,0.6807688168325431,-0.18707040798257576,0.2967792951405569,0.2899665911829247,-0.2044483666940896,-0.2126442364383459,0.03885140395180528,0.10914003145784759,0.27052745283575835,0.2171640341740763,0.0019416268403246817,-0.13543532577779369,-0.012029248609619379,0.041422113379601465,-0.28258914743744035,0.007504124847375261,-0.031031710641786982,0.09311876875515458,-0.1871590050659958,-0.007439220593998504,0.19950868518888554,0.11436338787988166,-0.11028306658366753,0.06387442908075919,0.2171640341740763,0.27052745283575835,-0.07773910202257152,0.015539526384153842,-0.012910758893600778,-0.06718177071075947,-0.006170533665255948,-0.09163172797776512,0.023407313654968762,-0.09573933094231467,0.1591692044269498,0.1011233528812943,0.09971996754782791,-0.22360734886524075,0.31915496623272266,-0.16763361328215604,-0.23550880854982076,0.520113678351316,0.4541098116210029,0.3193503617458246,0.3987718592575378,0.4715465722673039,0.4397455321706638
block3_citizen_adult_share,-0.5334992330576025,0.42940484315064986,0.15228273539884996,0.36309575292886803,0.09390270478318186,0.15823772421252122,-0.6198275121460506,-0.3310641632731718,-0.4609624656570644,0.46170043608481887,0.4069372344064449,0.47830367341050617,-0.36464357571056094,-0.49392958857024477,0.4283144786899733,0.24280273849421286,-0.41142768196444135,-0.619007614083939,-0.8035632543036398,-0.9128632621839659,1.0,-0.6234866073519639,0.3030367036398463,-0.631309914132529,0.1360988417069076,-0.26021523360796883,-0.2466242576362063,0.16068235089755079,0.18640444548254378,-0.04763736678198582,-0.11564642595987186,-0.2552322226228801,-0.2479714438846978,-0.050717660070152694,0.10013644217893651,0.014807894963334744,-0.03218086117845696,0.2957930075453,-0.051259124443865954,0.002576334578664411,-0.10341840528977067,0.13616944546749485,0.023975915893179822,-0.17604865589479865,-0.12202056957235356,0.07126163242938184,-0.0703921794902488,-0.2479714438846978,-0.2552322226228801,0.06452442507298682,-0.019058373952772906,0.007529751543114423,0.05708302028600548,0.009207222052540289,0.06295355401449276,-0.025954563072161402,0.09874004080954342,-0.17602999589382143,-0.12163304654043122,-0.09591810445922115,0.18894149624496212,-0.24726672100382863,0.1490755217427216,0.21798467322135337,-0.44786787722469357,-0.3866845973553795,-0.2433379086140009,-0.33020797929990137,-0.4055325881027802,-0.36644929686673666
block3_visible_minority_share,0.2211379247612288,-0.3943181601456957,-0.038018775367631284,-0.1838660654356042,0.40310344679583,-0.5231444701189669,0.4789617201491181,0.584838628565936,0.10373822545188763,-0.10358567633783003,0.01954897974082253,-0.04154284961930764,0.24810566909031637,0.14086470111071792,-0.18393469856316308,-0.15539409225314865,0.09416540474295362,0.8886761599088725,0.5360986520669762,0.6663106742170277,-0.6234866073519639,1.0,-0.5154031216073456,0.7751948952504308,-0.3107320965945875,0.5224566356122937,0.5009840878943728,-0.1794149729895184,-0.1918880940618711,-0.11968208740549575,-0.009038383819982877,0.04577123799938983,-0.11644192150760348,0.2314916965019735,-0.121587723993963,-0.1810013565419402,-0.032936013602450354,0.03774347297919545,0.013945365488506231,-0.10154399615325718,-0.15703825098790655,-0.3107611565450806,0.019011297530606916,0.16748217224857284,0.006549326214970575,-0.27013569036029406,-0.10362457014656748,-0.11644192150760348,0.04577123799938983,0.13071266063216141,0.2044722855410051,-0.2794085988001433,0.011789967533312226,-0.011673519418324313,-0.14300810382713425,-0.09374012131979462,0.19324102360421685,-0.06901694582885592,0.07749938523227011,-0.10072460357384742,-0.19380284733560638,0.020571204051970587,0.05296965547474666,-0.4135912912664599,0.1694363080218307,0.06685269028465995,0.02022995653279318,0.12646897927189193,0.06966444868269027,0.11661986568573379
block3_english_french_knowledge_share,0.08691509693707775,0.22595636099299093,-0.274526363763592,-0.22139976246295182,-0.28364864353359437,0.3993339641853619,-0.28318719767256073,-0.3194373502925255,0.16978191160458822,-0.16744271175788092,-0.1593247799255307,-0.15382899718357432,-0.05200959000730907,0.06098242370745703,0.03430182173649683,-0.09627980800453893,0.052322495734084803,-0.5911729066386245,-0.07173262841987887,-0.27358234147616783,0.3030367036398463,-0.5154031216073456,1.0,-0.6826098400347899,-0.003136176774816186,-0.00706335335960233,-0.0025693399273571255,0.12852832120743485,-0.06408705309229758,-0.023852813537790472,0.15071865931812703,0.16151888351643995,0.15711504164781995,-0.06549762133500407,0.03141732965753353,0.01241619920878517,-0.01937701374155163,0.08182291528226203,-0.07676882555748563,0.09165616613582607,0.09759607289282053,-0.0027794346947627537,0.27300965985695014,0.030086774375658938,0.14512781604454306,0.07657524971549867,-0.032980222060190745,0.15711504164781995,0.16151888351643995,0.008853591280908138,-0.023889147170079745,0.07856082896925692,0.0427475163920146,-0.024526303431616884,0.049458199877128815,0.21554823322959105,-0.2606912230229078,0.047900784048469446,0.04085478375399435,0.175052365052025,0.14434291719214995,0.18040346977658567,-0.04320792270987431,0.10508591019844361,0.13384833935481144,0.16056033601816333,0.1850566513167499,0.0940523503396565,0.10388016048263578,0.06282473659475048
block3_non_official_mother_tongue_share,0.14082985743132911,-0.3547111706978994,0.13053431420045805,0.020718049793389558,0.2949857050488233,-0.39113639120187554,0.4227824066535521,0.4136354993868971,-0.0008319842787967143,0.00035378919986291834,0.0013660743664735417,-0.04611004100036316,0.258986672282787,0.10491432658551753,-0.09745424687632087,-0.14051668063562894,0.10659023472948433,0.9161702702303177,0.5269248653005126,0.6807688168325431,-0.631309914132529,0.7751948952504308,-0.6826098400347899,1.0,-0.2726916736472675,0.34121039570133727,0.3657418665849727,-0.4359771098131632,-0.226584086468256,0.025925011579853146,-0.08754649607121484,-0.040562656958728655,-0.19718293766492986,0.03024267115376868,-0.12400948618624896,-0.1751294818850826,0.003779061293756265,-0.13011437931911052,0.008722008802785586,-0.10324121954755137,-0.12695851213389908,-0.27335315066328586,-0.02220068197076275,0.05427662076948104,-0.0664446769625391,-0.34200437228104597,0.051807176422795746,-0.19718293766492986,-0.040562656958728655,0.06727527605357407,0.20386756105077536,-0.2719585378019336,0.005824893201379816,-0.05718552288394952,-0.10432332050725752,-0.17715221305266599,0.21589053478094675,-0.10370531857459066,0.0051907050946619964,-0.10390754672314247,-0.19806047919388559,0.00030457986317192567,-0.031263847492314104,-0.3633434331811273,0.1400847635395747,0.0442064336149158,-0.0034037796703629704,0.11824882381584856,0.08713134570063119,0.140529577360728
block4_mayoral_top_two_margin,0.14503844078962128,0.06128592265885727,-0.11750477962628147,-0.07979951088608499,-0.21753317295953536,0.30501028221278204,0.027097101471282522,-0.15129844555081914,0.06962007942930439,-0.07147335327564815,-0.1758067511892818,-0.1113941563808588,-0.04287943178789154,0.05525842838359723,-0.020614337592400795,-0.018804039211431436,0.18705663755585328,-0.3647533383068122,-0.18145957316854297,-0.18707040798257576,0.1360988417069076,-0.3107320965945875,-0.003136176774816186,-0.2726916736472675,1.0,-0.7358246856650389,-0.8041346232814345,0.29172445032006833,0.33355076099493214,0.08145723542560898,-0.22065917326235626,0.006827997430105607,0.33327730738146827,-0.06291908471000554,0.12898840064327124,0.15381891144868748,-0.021386117694054314,-0.10205973922834775,0.0278789141916233,0.03446615525750426,0.20507546800311843,1.0,-0.2767391439079219,-0.19028437717577462,-0.2337560610329936,0.3263229866831856,0.059800354636555926,0.33327730738146827,0.006827997430105607,-0.09197640346304026,-0.15768748852163714,0.33688663676854846,-0.006088543566032318,0.026459333802233392,0.022328532599437883,0.17644785571451246,-0.04359377207069381,0.35959417979627634,-0.0013572073068270588,0.04719453989470564,0.0762339707379534,0.04031194250533775,-0.1309563123130789,0.15461901305799014,0.05167197557432752,0.08381189936120244,0.03911452129499803,0.03194254020620602,0.18622838350723392,0.09853670993257153
block4_effective_mayoral_candidates_5pct,-0.08576805178593622,-0.1674852120481455,-0.004205547612043122,-0.07618070649860367,0.4269087611778978,-0.5681271247615118,0.10029376977966435,0.39431438806716507,0.07253797942650093,-0.07098866328792904,0.27574681734276196,0.18160044111683776,-0.031588511378175525,-0.033231544684943194,-0.002921649115671659,-0.025088672368266174,-0.18000273653439847,0.51389999561206,0.30226273460575764,0.2967792951405569,-0.26021523360796883,0.5224566356122937,-0.00706335335960233,0.34121039570133727,-0.7358246856650389,1.0,0.9669689543176752,-0.35524484227239356,-0.2842416185494588,-0.09179015188887663,0.130726344568699,0.051466628691318274,-0.31058753710760617,0.20770087108775095,-0.1370932455295354,-0.25041466575468563,-0.0096825804370456,0.2944539592892335,-0.051979588692674224,-0.09231717602469905,-0.3215349743492132,-0.7358592915664163,0.39634805794839895,0.1495987347313575,0.13956885775530672,-0.36466377555296875,-0.06686727457795485,-0.31058753710760617,0.051466628691318274,0.16575415720699938,0.24268622659657788,-0.45579049384529485,-0.009252011686459978,0.020354201137189516,-0.059416850157780865,-0.22565640601196468,0.260228691585193,-0.3670363952894037,0.03915134010066567,-0.11545511325815919,-0.13021930300337214,-0.06738337704465609,0.11601536687592588,-0.3071589315587555,-0.01605710533267714,-0.0889467380545449,-0.06783639938032293,-0.08302841740376804,-0.19072316777830828,-0.14723218303519753
block4_mayoral_vote_fragmentation,-0.11021830279208779,-0.14851283726836959,0.021423695332368393,-0.03937732030126889,0.40406326378443796,-0.5110884141714863,0.06785910366590678,0.33666592968350345,0.03193342053299067,-0.029779464540506912,0.26196282383045705,0.1708867027683517,-0.0009474042978903788,-0.04958189315727788,0.029874842344653704,-0.05476360223615762,-0.18316656768339268,0.5142845880012279,0.30592536158115674,0.2899665911829247,-0.2466242576362063,0.5009840878943728,-0.0025693399273571255,0.3657418665849727,-0.8041346232814345,0.9669689543176752,1.0,-0.3827900360946019,-0.36110478730779727,-0.1604302542923446,0.1563617254986692,0.013409446478093353,-0.36764558274199227,0.16647241707212626,-0.19389197424552954,-0.24277929313021174,0.006877857340762469,0.2777185471643772,-0.0459062297200775,-0.07596394745396036,-0.325327348410717,-0.8041141332150034,0.41283481516329057,0.1295063344475977,0.17945705607604479,-0.42761942105121137,-0.13366156019362185,-0.36764558274199227,0.013409446478093353,0.16281646715379636,0.23739671240740567,-0.4726657761991794,-0.015727607525352894,0.003563846755716569,-0.054906723246556474,-0.20709728774986302,0.25500723260654884,-0.38585967955080996,0.0398516329826263,-0.09214115836913617,-0.1463808731279301,-0.04117400494897406,0.1111018995194663,-0.3237458766414808,-0.0036423914514249756,-0.08106560801805526,-0.04039331161882216,-0.05395316723791227,-0.19089577582839012,-0.13056999342240508
block4_federal_margin,0.17731784487284546,0.12127056530600891,-0.18725143380104214,-0.22506434745959616,-0.30515721164683307,0.1682455947312841,0.13370438556099637,0.011275448654753484,0.23022748831775994,-0.23005709106897557,-0.22165490049320705,-0.15429885734034945,-0.014378641458965214,0.2371584210125333,-0.346511746173929,0.2019936042213492,0.24633975810872152,-0.37880404492175673,-0.16688454195564856,-0.2044483666940896,0.16068235089755079,-0.1794149729895184,0.12852832120743485,-0.4359771098131632,0.29172445032006833,-0.35524484227239356,-0.3827900360946019,1.0,0.462818032208502,-0.21760523795684775,0.1485717096977712,0.236407204320188,0.4899338407773411,0.1625597377973273,0.06879849361973121,0.26770608148665426,0.08429751793472792,-0.13749914631692314,0.021868939602560464,0.08941803484424346,0.3451213088311141,0.291756870704872,-0.30330718630635667,0.29496816292130035,0.1558112422643371,0.622374931816803,-0.2626570840847136,0.4899338407773411,0.236407204320188,-0.1662268223625227,-0.3288183985043527,0.5001663464200168,-0.13626255166049883,0.17836758954371099,-0.038251733909061676,0.34548214070894306,-0.395783743553397,0.3934285210082363,0.012160008100787382,0.09471882160978402,0.047845968423705774,0.12295210864221788,0.04775350184801828,0.31433000189648336,0.09071957038197145,0.17850943673959302,0.12461180201385315,0.04871766918529953,0.21828724184978868,0.0993860382183348
block4_provincial_margin,-0.0659288291664839,0.18194344819969202,-0.06654611642886564,-0.05448295749978601,-0.029697398012942345,0.03159803898211988,-0.04698322136273644,0.0010529748842582078,0.08059684016480005,-0.08103095130225584,0.03738149919541768,0.07602267282728903,-0.1904263432999169,0.04542573508359864,-0.15633502944018263,0.24930020412618756,-0.000512596618891147,-0.23910942335444163,-0.1805555033356114,-0.2126442364383459,0.18640444548254378,-0.1918880940618711,-0.06408705309229758,-0.226584086468256,0.33355076099493214,-0.2842416185494588,-0.36110478730779727,0.462818032208502,1.0,0.005909786240906094,-0.48792911093560276,0.05819148375416582,0.16772275789473287,0.02179254737879466,0.13029321374591527,0.14916991800781837,0.0017736420928956354,0.03624721080721173,0.020612897263025978,-0.015274048403709073,0.0829320452592876,0.33487803702281016,-0.3109747133221842,0.08227993061387727,-0.5070492163628372,0.28110190869159996,-0.03242163277830647,0.16772275789473287,0.05819148375416582,-0.05726948982051226,-0.15711842167612275,0.2389149059932681,-0.045193162137218704,0.05356945377713876,0.03090978534889535,-0.08691902207284627,-0.14683177480581946,0.007330659987924135,-0.05030335198640488,-0.08464896387698458,0.01936866885161086,-0.10520020126241715,0.14122063815146907,0.3034245545456202,-0.1583158512354937,-0.07058777878681924,-0.1004249982809544,-0.1753173071048575,-0.05184003269993619,-0.13036279579962654
block4_effective_federal_parties_5pct,0.1375676741308692,0.12079909593689017,-0.1289778530581057,-0.13169887988329315,-0.13378897167749618,-0.1350714009084306,0.02902219769395268,0.045922366736687106,0.15522814103354007,-0.1562604347769392,-0.05789125738461434,-0.0829600604111233,-0.06913014507370344,0.1151448903547073,-0.13619167444569014,0.09446029690684615,0.03938871501192858,-0.04124476603141718,-0.009457620047866176,0.03885140395180528,-0.04763736678198582,-0.11968208740549575,-0.023852813537790472,0.025925011579853146,0.08145723542560898,-0.09179015188887663,-0.1604302542923446,-0.21760523795684775,0.005909786240906094,1.0,0.3028023669213989,0.1856912114871574,0.2083869108605889,-0.02740199944411714,0.02588882626888603,0.1109120415221935,0.04495319570391431,-0.14853660460088133,0.08247994118733969,-0.04517679350122368,0.16480075524971213,0.08137289949944823,-0.19063667882834107,0.14809693481851433,0.27897943027401784,0.3673807127629962,0.9941494584269407,0.2083869108605889,0.1856912114871574,-0.08269290638675758,-0.12006837759496874,0.15662068899982107,-0.08334692959527776,0.044356560072655926,0.06996094334872399,-0.10836008890628351,-0.1589701728507412,0.04658579153688578,0.047978324175608364,-0.01202787328744546,0.01742312946478574,-0.018506486887227686,0.05847826895711991,0.18676887635848421,-0.02284301545853223,0.030281309784088224,-0.02025505538419231,-0.041857313130201246,0.03702087838724147,-0.03712721220115899
block4_effective_provincial_parties_5pct,0.21842856063682287,0.011091553224481231,-0.15343980823952938,-0.181039671894693,-0.25566976878674447,-0.07511648672788146,0.16932968239345814,0.07366546594191209,0.23901034036228128,-0.2387959200578315,-0.1876152663245828,-0.20560711593669137,0.09480428934994085,0.22404599339490816,-0.2596107670315272,0.09087163790590079,0.15565520398472085,-0.04936727656432882,0.09172208303515227,0.10914003145784759,-0.11564642595987186,-0.009038383819982877,0.15071865931812703,-0.08754649607121484,-0.22065917326235626,0.130726344568699,0.1563617254986692,0.1485717096977712,-0.48792911093560276,0.3028023669213989,1.0,0.2617863612131961,0.29359336227753696,0.12727789441318269,-0.05852867040657769,0.12466915260897571,0.05309800367622605,-0.1552283494205714,0.04131585347240497,0.045487193870986674,0.2291717546000729,-0.22175123276547834,-0.030289882037175312,0.44179108152259633,0.9885752039639086,0.4170753566585527,0.3076373058574117,0.29359336227753696,0.2617863612131961,-0.10916615189496714,-0.1524626599982433,0.17153577701729644,-0.0874745035224656,0.12197260137409678,-0.05911257612393989,0.23786069312983593,-0.22929536917878482,0.20917718369348967,0.10739521293720894,0.12811185937936226,0.028410938032731932,0.188091741015396,-0.09126511331346142,0.04787710477107287,0.2141032795215104,0.2235235116976582,0.1823606874011613,0.15480455618502295,0.17650300555094778,0.12237259414393524
block5_transit_commute_share_preferred,0.25871994085487027,0.0639722282969334,-0.23763113649100487,-0.3137208768693627,-0.2993594082216901,-0.05435074473928858,0.2735000585624892,0.14638253404290727,0.47643255896366177,-0.4768235987196704,-0.23141074651141802,-0.26184977180175956,0.09404713036680146,0.4435841701281762,-0.44514025521374595,0.019758390172764387,0.3219143115888366,0.021559541500034002,0.3034748012789733,0.27052745283575835,-0.2552322226228801,0.04577123799938983,0.16151888351643995,-0.040562656958728655,0.006827997430105607,0.051466628691318274,0.013409446478093353,0.236407204320188,0.05819148375416582,0.1856912114871574,0.2617863612131961,1.0,0.5913410310988534,0.15259017797413968,-0.060671703732547516,0.15110238672637105,0.1321677464966119,-0.15967986552503968,0.041037243193366074,0.04124124780115262,0.2505705459109687,0.007093679871279275,-0.1823882051241241,0.19490995013498139,0.24924926762367722,0.300208225173139,0.18002483348369927,0.5913410310988534,1.0,-0.20595828199922675,-0.19291070318871725,0.23533433631227452,-0.17345430516522817,0.1501938052731106,0.0032578841041798023,0.16205559199731054,-0.33330449028755077,0.13240298230626554,0.0504541892160358,0.13655417235032236,-0.11180648865277054,0.1520016400197605,-0.02563720115868508,0.1725013363015384,0.22619496876507322,0.2734170233345376,0.1553888077126924,0.09308556570552215,0.2887388830762464,0.1394091093029435
block5_no_car_household_share,0.5455227995075932,-0.12040584855354845,-0.22652379163411,-0.3637277651473034,-0.6460308278647148,0.19450026200174345,0.4565656544717016,0.05877825044399093,0.6356595796605834,-0.6368777350105503,-0.5466899319147628,-0.5209388272817932,0.19935783734759852,0.626077499196239,-0.6056964977541194,-0.026489754092740736,0.539252906630694,-0.19105104121540267,0.2165432466323369,0.2171640341740763,-0.2479714438846978,-0.11644192150760348,0.15711504164781995,-0.19718293766492986,0.33327730738146827,-0.31058753710760617,-0.36764558274199227,0.4899338407773411,0.16772275789473287,0.2083869108605889,0.29359336227753696,0.5913410310988534,1.0,0.18962807938115564,-0.0057897992520444695,0.32351681925118064,0.13265338166380972,-0.4764315456290345,0.024578924635629232,0.12555813314035127,0.49432836505152933,0.335529677364601,-0.2811050289228493,0.2135401074855747,0.2863050518882445,0.5701203381503226,0.20329467488609934,1.0,0.5913410310988535,-0.29942454438241217,-0.3727543091341137,0.5770615700115059,-0.1925674811906555,0.144751462200527,-0.04300783542676499,0.3225184612723494,-0.4913088335862415,0.587241656736104,0.10753246252742545,0.2789108056415595,-0.08423376746739282,0.368003809719594,-0.16166906429009692,0.33841583346320137,0.4432686558407873,0.52785769587078,0.3746226065777726,0.29274915355372017,0.5488871923005505,0.3631352642501297
block5_social_housing_share,-0.0244303480332588,-0.049394067439885524,-0.0541052417126768,-0.11249243797572367,0.009642678837272795,-0.363674779247106,0.4930522814216712,0.4284814648086818,0.3060548903396357,-0.3058718334864937,0.14917106617699985,0.13609841834753894,-0.1454548354767006,0.111503761526981,-0.2054379280457963,0.07690740219456932,-0.011731552244763726,0.15635427603948474,-0.017036118257040544,0.0019416268403246817,-0.050717660070152694,0.2314916965019735,-0.06549762133500407,0.03024267115376868,-0.06291908471000554,0.20770087108775095,0.16647241707212626,0.1625597377973273,0.02179254737879466,-0.02740199944411714,0.12727789441318269,0.15259017797413968,0.18962807938115564,1.0,-0.07439229214541818,-0.007746248705792012,0.08788508825733757,0.17170591580989938,-0.05398369455181641,-0.03221485627614661,0.05041551979774637,-0.06318108536236293,-0.02712865482007377,0.09140476243255313,0.12508868746738175,0.15307846222775592,-0.023941521513390213,0.18962807938115567,0.1525901779741397,-0.05512945989145572,-0.02118347728222221,-0.012783255584197701,-0.11134215107366821,0.14553903016311584,-0.09670125107181335,0.09891401556768403,-0.06812841347748794,0.10124303138772721,-0.010302111332903542,-0.018473574514775812,-0.08935214631469611,-0.0023223949180591454,0.03193873588141822,0.014427939274523967,0.0019837718962520305,0.008127466664269849,-0.0052504007326135416,-0.11449170849044052,-0.03396151792104236,-0.10187167425124387
block5_requests_311_per_1000,-0.10887503384393767,0.018339403665685337,0.14192035167343364,0.17488781407378046,-0.03372053884240498,0.06315365219046642,-0.045695093981813054,-0.15157486128109962,-0.12837932742432123,0.12634896987657598,-0.003971922516282599,0.01068876151932232,-0.04168186916653598,-0.12432004186438138,0.05275938811219196,0.09555278402297712,-0.14329208162836876,-0.12109692588811748,-0.1260698310838213,-0.13543532577779369,0.10013644217893651,-0.121587723993963,0.03141732965753353,-0.12400948618624896,0.12898840064327124,-0.1370932455295354,-0.19389197424552954,0.06879849361973121,0.13029321374591527,0.02588882626888603,-0.05852867040657769,-0.060671703732547516,-0.0057897992520444695,-0.07439229214541818,1.0,-0.1125195578386609,-0.25444207382131034,-0.06940120712637855,0.5457192248389627,0.6789627053378731,-0.051264147882244177,0.1318331151085557,-0.03245358084621395,-0.014166482091384406,-0.0973093591790345,0.09438299550505187,0.0122346514502319,-0.0057897992520445024,-0.06067170373254754,0.2713560941094738,0.1651778642615759,-0.07333234890442224,0.1897769669657341,-0.10827194949635673,-0.017503458482786467,-0.03671434506007158,0.001751029116530738,-0.03785330734697759,0.13440429636423548,0.12030018328705837,0.6442233420475136,-0.17728867165776296,-0.054059872373257746,-0.05372651306732424,-0.11466055441756014,-0.13454829745216854,-0.166815004769684,-0.07594557052458549,-0.1030173505440523,-0.07829102446961353
block5_library_access_1200m,0.10337419802794319,0.09026086830499858,-0.09766982062248393,-0.12440973289532507,-0.2768668339572989,0.13358273844685972,0.09443063566902749,-0.0400551346285198,0.1940464234192513,-0.19410508490362077,-0.15753875827390418,-0.13361176662324162,0.022554417323945437,0.22527515128757797,-0.2426206593375686,0.1191322732679462,0.22006740630526955,-0.20777534634827188,-0.0016196996955817767,-0.012029248609619379,0.014807894963334744,-0.1810013565419402,0.01241619920878517,-0.1751294818850826,0.15381891144868748,-0.25041466575468563,-0.24277929313021174,0.26770608148665426,0.14916991800781837,0.1109120415221935,0.12466915260897571,0.15110238672637105,0.32351681925118064,-0.007746248705792012,-0.1125195578386609,1.0,0.25134973739648103,-0.11778699859943653,-0.055487112021945215,-0.01819269498587452,0.2605848354730901,0.154279844267404,-0.17016590160515624,0.07422086753565867,0.12161234301343361,0.27050139954554797,0.09927165939014827,0.32351681925118064,0.151102386726371,-0.31387929407920634,-0.8081593570928588,0.7267706095967724,-0.2932419496710673,0.1980730060756691,-0.018928814576084925,0.14714768037918358,-0.23484902159945356,0.21090601893264724,-0.08777508474135341,0.046820595634891014,-0.17671529900857585,0.09433676920637982,-0.04976646147040735,0.2645853746473208,0.07417776360066189,0.14154200552981724,0.09897234413057293,0.04070391428139557,0.17911022909821514,0.09968572254030995
block5_community_centre_access_1200m,-0.0009846940553222062,0.028926689899524002,-0.024197935532099066,-0.045878172948908766,-0.11818966735216772,-0.04578416055452486,0.10617394921947482,0.04859761111966972,0.21251276815062406,-0.21186328713036873,0.00781562005273923,-0.004812132816771675,-0.018522497254497845,0.17760901476539687,-0.1729085517669139,-0.011871667319641158,0.1534140229623673,-0.012230952177400837,0.05740515232289823,0.041422113379601465,-0.03218086117845696,-0.032936013602450354,-0.01937701374155163,0.003779061293756265,-0.021386117694054314,-0.0096825804370456,0.006877857340762469,0.08429751793472792,0.0017736420928956354,0.04495319570391431,0.05309800367622605,0.1321677464966119,0.13265338166380972,0.08788508825733757,-0.25444207382131034,0.25134973739648103,1.0,0.0024447397907016604,-0.22812647855178195,-0.12933221173984014,0.07641896721455321,-0.02121426632820343,-0.03776188362967086,0.04547908637438994,0.06362189894888212,0.07720360171829038,0.0502596018915402,0.13265338166380972,0.13216774649661187,-0.392693003322529,-0.3108120269867612,0.1818252051000699,-0.6612820309201912,0.45579982839141997,-0.08560270138308199,0.08182076788369208,-0.15287232810381332,0.07548965819734291,-0.2166502646730903,-0.030766623030490846,-0.3507055554205864,0.06947087635563781,-0.04522440120797897,0.1296184014605546,0.05897328189981986,0.09082675368193437,0.07303843217812198,-0.002372310822540696,0.10478412836249769,0.05222381176416473
block5_school_age_5_17_share,-0.5810710714701788,0.3089299109444587,-0.16963676115174126,-0.05207336306646496,0.6973449352098243,-0.3057925415780712,-0.24003488964169387,0.21200472367310977,-0.17330684508404753,0.17447891048594633,0.701019554886456,0.6647926654133699,-0.5456664076713541,-0.4730070848211625,0.40176823942775786,0.15777348392513765,-0.41749870262289285,-0.032651199098900255,-0.21285950418597704,-0.28258914743744035,0.2957930075453,0.03774347297919545,0.08182291528226203,-0.13011437931911052,-0.10205973922834775,0.2944539592892335,0.2777185471643772,-0.13749914631692314,0.03624721080721173,-0.14853660460088133,-0.1552283494205714,-0.15967986552503968,-0.4764315456290345,0.17170591580989938,-0.06940120712637855,-0.11778699859943653,0.0024447397907016604,1.0,-0.17662193526894335,-0.13139676533982866,-0.40294816890978236,-0.10539549541091939,0.19493229811215018,-0.18907954193620008,-0.17461914275992496,-0.2578990941427421,-0.16125558434141457,-0.47643154562903456,-0.15967986552503965,0.12069667980035013,0.12019968076763042,-0.32311204068522376,0.0038181907976447805,-0.01689749207949165,0.010480034427830192,-0.2315144842688026,0.33441801773558044,-0.48622476583561347,-0.18806474188339192,-0.2503212908183787,0.008952403476491622,-0.3996873867447397,0.12090242935866699,-0.1194660423832382,-0.48542242595623697,-0.5158726719771863,-0.41991331001610727,-0.5479426223483788,-0.5184629260060215,-0.5213183142611997
block5_ksi_collision_events_2021_2025_per_1000,0.005251115942923354,-0.06588128979675854,0.12212275127370745,0.09427454199517282,-0.12012555319739411,0.005069320318189916,0.07680176432199527,-0.1534287222378831,-0.0501714489460675,0.04885301688559058,-0.12859514638798503,-0.15343639262573988,0.15021786082278443,0.0621597784740038,-0.08404301290536774,0.007874646403475672,-0.13085409556518424,0.007457407708653122,0.020649002473443284,0.007504124847375261,-0.051259124443865954,0.013945365488506231,-0.07676882555748563,0.008722008802785586,0.0278789141916233,-0.051979588692674224,-0.0459062297200775,0.021868939602560464,0.020612897263025978,0.08247994118733969,0.04131585347240497,0.041037243193366074,0.024578924635629232,-0.05398369455181641,0.5457192248389627,-0.055487112021945215,-0.22812647855178195,-0.17662193526894335,1.0,0.3860323805447234,-0.02790156821893603,0.029443211279985223,-0.016215972565218187,-0.015878282345690574,0.03907843802438643,0.08099975827739136,0.06957559357170104,0.024578924635629235,0.04103724319336609,0.20307339352204637,0.10888628973715524,-0.03209844789535931,0.130722664195799,-0.08174184526340278,0.042294697020988606,-0.06679247922191314,0.012758501745624796,0.007082416807219001,0.4662835834934321,0.08099464609176983,0.3394491735335198,-0.13624485396241645,-0.04038109994938815,-0.06004775428976991,-0.05088105476396915,-0.0704399627546436,-0.1252940668303336,-0.009663074848868919,-0.08033572751994758,-0.04653438570856073
block5_development_applications_2021_2025_per_1000,0.05028169291181601,-0.004638077795577946,0.02670974942824611,0.033812677483333636,-0.1472497843216726,0.14907684629362775,0.03674250347801707,-0.13543294318712598,0.0030366671443283967,-0.003129027155680336,-0.16482603793297973,-0.15148275830050317,0.06782933835909445,0.02181674702953473,-0.08150642797247938,0.0609698897272921,-0.0027957513667925212,-0.128190785113594,-0.01961230267512606,-0.031031710641786982,0.002576334578664411,-0.10154399615325718,0.09165616613582607,-0.10324121954755137,0.03446615525750426,-0.09231717602469905,-0.07596394745396036,0.08941803484424346,-0.015274048403709073,-0.04517679350122368,0.045487193870986674,0.04124124780115262,0.12555813314035127,-0.03221485627614661,0.6789627053378731,-0.01819269498587452,-0.12933221173984014,-0.13139676533982866,0.3860323805447234,1.0,0.04026208469507995,0.03717079880567999,-0.009951221073286986,-0.05300113669129881,0.0440593432604572,0.07819999219372431,-0.05278472042547647,0.12555813314035127,0.04124124780115261,0.13286590926899194,0.03551783320046191,0.023308192761449378,0.07513450310309273,-0.06402209351504896,0.009840413484534688,0.07873031103735507,-0.11238818216297257,0.09765230850595688,0.1398419670029854,0.5826869959655815,0.43974707607412583,-0.017073409960187972,-0.08929623773639843,0.011678211626083708,0.03526477078650932,0.03245271384370225,-0.0011751852652167256,0.06607232142568815,0.034078637672127106,0.05472278964431634
block5_shelter_access_1200m,0.41466955409621564,-0.014056418357217495,-0.1910920161098583,-0.26062065503913334,-0.4371902729717243,0.27143943737098264,0.19863784555285113,-0.08860529523275307,0.26793979137715307,-0.2682781970417618,-0.4117398436668586,-0.3954527008541881,0.17115922777264325,0.32245451973235495,-0.3287258015182395,0.011725993949991086,0.33271198977281824,-0.19862777651953617,0.033966478243440824,0.09311876875515458,-0.10341840528977067,-0.15703825098790655,0.09759607289282053,-0.12695851213389908,0.20507546800311843,-0.3215349743492132,-0.325327348410717,0.3451213088311141,0.0829320452592876,0.16480075524971213,0.2291717546000729,0.2505705459109687,0.49432836505152933,0.05041551979774637,-0.051264147882244177,0.2605848354730901,0.07641896721455321,-0.40294816890978236,-0.02790156821893603,0.04026208469507995,1.0,0.2048558173636634,-0.2416485603305454,0.19261929138459144,0.24374367510860365,0.3885247410870792,0.16431981208076005,0.4943283650515294,0.2505705459109688,-0.22127861169226887,-0.2901069904417235,0.45349323023276844,-0.097482311983798,0.08775587275540618,0.0018803169017579493,0.3586708249862329,-0.659175861765494,0.6310317150108326,0.055114420580263626,0.1645130107320761,-0.023816077030893043,0.22428287273800923,-0.006969432853657553,0.21547068406895822,0.2414485396128382,0.30159350325577466,0.22080525303456802,0.23529486920178097,0.3388870520225008,0.29317463411195666
block4_mayoral_winner_margin,0.14549575013661142,0.06236885889813307,-0.13147745525854887,-0.0824952705263785,-0.2175507293386153,0.3050135888829837,0.026972129897773176,-0.15131318564536134,0.06959419276570623,-0.0714489657641026,-0.17566538209853014,-0.11123548057216048,-0.043145537135863825,0.055266303191809085,-0.020760130990889806,-0.01905672140638,0.1869614542844963,-0.3647327274574948,-0.1815891376352024,-0.1871590050659958,0.13616944546749485,-0.3107611565450806,-0.0027794346947627537,-0.27335315066328586,1.0,-0.7358592915664163,-0.8041141332150034,0.291756870704872,0.33487803702281016,0.08137289949944823,-0.22175123276547834,0.007093679871279275,0.335529677364601,-0.06318108536236293,0.1318331151085557,0.154279844267404,-0.02121426632820343,-0.10539549541091939,0.029443211279985223,0.03717079880567999,0.2048558173636634,1.0,-0.2767391439079219,-0.19021782635840145,-0.23508298556986862,0.3263229866831856,0.059800354636555926,0.335529677364601,0.0070936798712792955,-0.0923127562515226,-0.1580895872965863,0.33687536642136895,-0.006838652588926043,0.02740807958260696,0.021897982938923706,0.17648000748147716,-0.04353873864424835,0.3594777128069668,-0.001758400284061705,0.04696337301047947,0.07589491406345593,0.03947193878702709,-0.1317088846917017,0.15432431898253435,0.051285659393059395,0.08336140720569289,0.03901686946113873,0.03173212615851275,0.18601348941263823,0.09836842229003334
block4_mayoral_candidate_count_5pct,-0.14038907534991127,-0.11292718680792331,0.11835692924574613,0.13206137437135382,0.1352255943178868,0.019196604276771802,-0.07886334223350745,-0.02242872713557441,-0.08504271547353176,0.08592693480469413,0.11270631191963769,0.08517895885400335,-0.003451194784006513,-0.1441320574926395,0.26774853889602296,-0.2413002191442399,-0.13563170999599955,0.051368518310139104,0.05848114712832592,-0.007439220593998504,0.023975915893179822,0.019011297530606916,0.27300965985695014,-0.02220068197076275,-0.2767391439079219,0.39634805794839895,0.41283481516329057,-0.30330718630635667,-0.3109747133221842,-0.19063667882834107,-0.030289882037175312,-0.1823882051241241,-0.2811050289228493,-0.02712865482007377,-0.03245358084621395,-0.17016590160515624,-0.03776188362967086,0.19493229811215018,-0.016215972565218187,-0.009951221073286986,-0.2416485603305454,-0.2767391439079219,1.0,-0.18365127441521772,-0.03123668663872232,-0.35384923241481997,-0.17467932402638017,-0.28110502892284933,-0.1823882051241241,0.13721265014107986,0.182501404867981,-0.32415351240352314,0.058483063384722166,-0.055129135178449994,-0.02081553348324606,-0.06509747245601392,0.17468357201446957,-0.1424674108892567,0.010129807877847358,0.01658037864687619,0.029280362615878245,0.004774734524699355,-0.03760832327870078,-0.22720139000996792,0.003837381029247532,-0.05878132240145114,0.004590372505433575,-0.006051616749735179,-0.09926658247473312,-0.026806353030329407
block4_provincial_party_count_5pct,0.2440989803492999,0.03473585193840655,-0.19301568752836237,-0.25341911582356846,-0.11758490495055235,-0.15547568116012508,0.15926462685102835,0.194596520268691,0.2426777990416816,-0.24285577658814578,-0.15432164511223787,-0.18024131355000467,0.07874127753630658,0.2382830922182426,-0.35858477048858284,0.15682150523093238,0.1285155363781349,0.09956086934850655,0.17613548953556077,0.19950868518888554,-0.17604865589479865,0.16748217224857284,0.030086774375658938,0.05427662076948104,-0.19028437717577462,0.1495987347313575,0.1295063344475977,0.29496816292130035,0.08227993061387727,0.14809693481851433,0.44179108152259633,0.19490995013498139,0.2135401074855747,0.09140476243255313,-0.014166482091384406,0.07422086753565867,0.04547908637438994,-0.18907954193620008,-0.015878282345690574,-0.05300113669129881,0.19261929138459144,-0.19021782635840145,-0.18365127441521772,1.0,0.46064516748251555,0.2508028234553937,0.14076935482620484,0.21354010748557478,0.19490995013498139,-0.06000793669921456,-0.11997049836518134,0.144418350889877,-0.10065718745329809,0.10254072074037587,-0.058624190995825824,0.06610646760539736,-0.2994986736100987,0.12725883561808332,0.046124170456670235,-0.04384086921919018,-0.046783838659635195,0.11161872176854984,0.039066700208412304,0.08419384454264496,0.13882756290025372,0.16612768179516194,0.11269171425830049,0.0990180567781902,0.11995826160546524,0.07276013031269772
block4_provincial_vote_fragmentation,0.2361902703600776,0.019231598812678736,-0.17570479554400215,-0.20248348720113624,-0.25819745693858,-0.07365008847178464,0.17124874624642894,0.07626696883856174,0.24053682792936046,-0.24004850137263462,-0.20139060040931434,-0.22099064545368863,0.10343930246943271,0.22877559045124446,-0.2656224429636955,0.07904224423044622,0.16334803744965212,-0.035422281470221875,0.09856407071533685,0.11436338787988166,-0.12202056957235356,0.006549326214970575,0.14512781604454306,-0.0664446769625391,-0.2337560610329936,0.13956885775530672,0.17945705607604479,0.1558112422643371,-0.5070492163628372,0.27897943027401784,0.9885752039639086,0.24924926762367722,0.2863050518882445,0.12508868746738175,-0.0973093591790345,0.12161234301343361,0.06362189894888212,-0.17461914275992496,0.03907843802438643,0.0440593432604572,0.24374367510860365,-0.23508298556986862,-0.03123668663872232,0.46064516748251555,1.0,0.3977349018173771,0.28422238496958324,0.28630505188824457,0.2492492676236771,-0.1156282059037356,-0.15707509846889037,0.1768502578110391,-0.10512113800890988,0.126013065791645,-0.049169413275335624,0.23938726160081666,-0.2375924025458289,0.22463869989771892,0.10518689916561359,0.11563352725794504,2.4672332129813886e-05,0.1942690289013943,-0.08347538811036538,0.05162164660132947,0.21637363643099494,0.22749129046283975,0.187890615270485,0.16103476532572109,0.18398669202340318,0.13062075801413192
block4_federal_party_count_5pct,0.2821816007605244,0.1862731367527533,-0.2938071860377618,-0.2788862671590586,-0.4016509685682381,0.08310554924370302,0.16120101651119476,0.00722710142280959,0.2776415702197174,-0.2784014497628971,-0.2872112663974207,-0.22563223139943908,-0.008426742885001658,0.2652572754663571,-0.38370862823817947,0.30066921110297845,0.24384875509798265,-0.36616953106458905,-0.13147127012514134,-0.11028306658366753,0.07126163242938184,-0.27013569036029406,0.07657524971549867,-0.34200437228104597,0.3263229866831856,-0.36466377555296875,-0.42761942105121137,0.622374931816803,0.28110190869159996,0.3673807127629962,0.4170753566585527,0.300208225173139,0.5701203381503226,0.15307846222775592,0.09438299550505187,0.27050139954554797,0.07720360171829038,-0.2578990941427421,0.08099975827739136,0.07819999219372431,0.3885247410870792,0.3263229866831856,-0.35384923241481997,0.2508028234553937,0.3977349018173771,1.0,0.341926265320642,0.5701203381503224,0.300208225173139,-0.20643031270046416,-0.30832657224711124,0.499691214850854,-0.14246070134937147,0.2127270699529443,-0.02744648002968659,0.31635441239179857,-0.3511225386051492,0.40187378791295414,0.08108547159341817,0.0966958026271823,0.08264097742767507,0.14683526699333085,-0.008683517731477727,0.362909176395586,0.12086774825873339,0.21805513519037378,0.1471964188565642,0.09529011631961619,0.22820435577897044,0.1289125041872965
block4_federal_vote_fragmentation,0.15205491280327396,0.1016752707134684,-0.13864528182527142,-0.13813546644183294,-0.13273770060022685,-0.14170627816559755,0.03846560839631507,0.0507968106705631,0.15608757175647098,-0.1570815991864942,-0.06320607389764826,-0.09147582117294743,-0.05630789141625789,0.11660171328481192,-0.12937225077823195,0.0729401523044149,0.03706835982531678,-0.01865109467671169,0.009973489896764224,0.06387442908075919,-0.0703921794902488,-0.10362457014656748,-0.032980222060190745,0.051807176422795746,0.059800354636555926,-0.06686727457795485,-0.13366156019362185,-0.2626570840847136,-0.03242163277830647,0.9941494584269407,0.3076373058574117,0.18002483348369927,0.20329467488609934,-0.023941521513390213,0.0122346514502319,0.09927165939014827,0.0502596018915402,-0.16125558434141457,0.06957559357170104,-0.05278472042547647,0.16431981208076005,0.059800354636555926,-0.17467932402638017,0.14076935482620484,0.28422238496958324,0.341926265320642,1.0,0.20329467488609954,0.1800248334836992,-0.08093810541069778,-0.11021558738969553,0.1456935992664958,-0.08325903368928311,0.0400241432901395,0.07323964259047429,-0.11798443037192893,-0.15580269176859654,0.05889488720122153,0.056531259621592084,-0.009086001294790093,0.012041349890570952,-0.00704372519621851,0.05514164091415104,0.17542470589422032,-0.010218733118560374,0.03989417634567145,-0.007773096038456482,-0.025782944061812505,0.037633955066163044,-0.02621089471262924
block5_tts_no_car_household_share,0.5455227995075932,-0.12040584855354845,-0.22652379163411,-0.3637277651473034,-0.6460308278647148,0.19450026200174345,0.4565656544717016,0.05877825044399093,0.6356595796605834,-0.6368777350105503,-0.5466899319147628,-0.5209388272817932,0.19935783734759852,0.626077499196239,-0.6056964977541194,-0.026489754092740736,0.539252906630694,-0.19105104121540267,0.2165432466323369,0.2171640341740763,-0.2479714438846978,-0.11644192150760348,0.15711504164781995,-0.19718293766492986,0.33327730738146827,-0.31058753710760617,-0.36764558274199227,0.4899338407773411,0.16772275789473287,0.2083869108605889,0.29359336227753696,0.5913410310988534,1.0,0.18962807938115567,-0.0057897992520445024,0.32351681925118064,0.13265338166380972,-0.47643154562903456,0.024578924635629235,0.12555813314035127,0.4943283650515294,0.335529677364601,-0.28110502892284933,0.21354010748557478,0.28630505188824457,0.5701203381503224,0.20329467488609954,1.0,0.5913410310988535,-0.29942454438241217,-0.3727543091341137,0.5770615700115059,-0.1925674811906555,0.144751462200527,-0.04300783542676499,0.3225184612723494,-0.4913088335862415,0.587241656736104,0.10753246252742545,0.2789108056415595,-0.08423376746739282,0.368003809719594,-0.16166906429009692,0.33841583346320137,0.4432686558407873,0.52785769587078,0.3746226065777726,0.29274915355372017,0.5488871923005505,0.3631352642501297
block5_tts_transit_trip_share,0.25871994085487027,0.0639722282969334,-0.23763113649100487,-0.3137208768693627,-0.2993594082216901,-0.05435074473928858,0.2735000585624892,0.14638253404290727,0.47643255896366177,-0.4768235987196704,-0.23141074651141802,-0.26184977180175956,0.09404713036680146,0.4435841701281762,-0.44514025521374595,0.019758390172764387,0.3219143115888366,0.021559541500034002,0.3034748012789733,0.27052745283575835,-0.2552322226228801,0.04577123799938983,0.16151888351643995,-0.040562656958728655,0.006827997430105607,0.051466628691318274,0.013409446478093353,0.236407204320188,0.05819148375416582,0.1856912114871574,0.2617863612131961,1.0,0.5913410310988535,0.1525901779741397,-0.06067170373254754,0.151102386726371,0.13216774649661187,-0.15967986552503965,0.04103724319336609,0.04124124780115261,0.2505705459109688,0.0070936798712792955,-0.1823882051241241,0.19490995013498139,0.2492492676236771,0.300208225173139,0.1800248334836992,0.5913410310988535,1.0,-0.20595828199922675,-0.19291070318871725,0.23533433631227452,-0.17345430516522817,0.1501938052731106,0.0032578841041798023,0.16205559199731054,-0.33330449028755077,0.13240298230626554,0.0504541892160358,0.13655417235032236,-0.11180648865277054,0.1520016400197605,-0.02563720115868508,0.1725013363015384,0.22619496876507322,0.2734170233345376,0.1553888077126924,0.09308556570552215,0.2887388830762464,0.1394091093029435
block5_tts_overlap_area_m2,-0.10068528548189075,-0.025721153470615408,0.047976738920850526,0.07527002668942184,0.29257051494964,-0.12033070312070432,-0.2012924071058062,-0.030566763984878613,-0.2742583789957098,0.27454755865336766,0.15741215767136155,0.1599205349916078,-0.06055775792316746,-0.2893222045694982,0.23881843401369696,0.025290607072103222,-0.3341638919025325,0.09369262788252387,-0.10847599468289733,-0.07773910202257152,0.06452442507298682,0.13071266063216141,0.008853591280908138,0.06727527605357407,-0.09197640346304026,0.16575415720699938,0.16281646715379636,-0.1662268223625227,-0.05726948982051226,-0.08269290638675758,-0.10916615189496714,-0.20595828199922675,-0.29942454438241217,-0.05512945989145572,0.2713560941094738,-0.31387929407920634,-0.392693003322529,0.12069667980035013,0.20307339352204637,0.13286590926899194,-0.22127861169226887,-0.0923127562515226,0.13721265014107986,-0.06000793669921456,-0.1156282059037356,-0.20643031270046416,-0.08093810541069778,-0.29942454438241217,-0.20595828199922675,1.0,0.4594375401332142,-0.31675635707964805,0.4604479334527511,-0.2429821326723042,0.09124443992377142,-0.20358725349354972,0.2655509569318096,-0.1831930292906864,0.5092176029258789,0.05217615961163237,0.7456003793116258,-0.012904541720924773,0.2656039224683499,-0.12087883555951968,-0.1357517818703933,-0.15059617716140375,-0.015958604921002224,-0.06350614722068586,-0.2656112947045986,-0.19182767064380649
block5_library_nearest_m,-0.11980744887537935,-0.0820273167818949,0.11061538402500212,0.15306668629503667,0.31479657713684966,-0.13430105560960798,-0.12693635197741593,0.012791938424723724,-0.252134829826126,0.252311774722137,0.17713983233536787,0.15559445399576657,-0.013175752382359582,-0.2768083472533832,0.30260523876520523,-0.13494093951182082,-0.29235799127289036,0.24107416969437367,-0.0029730869359579754,0.015539526384153842,-0.019058373952772906,0.2044722855410051,-0.023889147170079745,0.20386756105077536,-0.15768748852163714,0.24268622659657788,0.23739671240740567,-0.3288183985043527,-0.15711842167612275,-0.12006837759496874,-0.1524626599982433,-0.19291070318871725,-0.3727543091341137,-0.02118347728222221,0.1651778642615759,-0.8081593570928588,-0.3108120269867612,0.12019968076763042,0.10888628973715524,0.03551783320046191,-0.2901069904417235,-0.1580895872965863,0.182501404867981,-0.11997049836518134,-0.15707509846889037,-0.30832657224711124,-0.11021558738969553,-0.3727543091341137,-0.19291070318871725,0.4594375401332142,1.0,-0.6540556871979,0.38502771478762077,-0.2523309528715496,-0.00026221126131616384,-0.16145059664681416,0.30538349748925125,-0.25464915564653556,0.16941669653630648,-0.036018871165645304,0.3067365258890346,-0.10915784247084019,0.07832516182374476,-0.3083248704385439,-0.10171280790706808,-0.17898614958659295,-0.1137568411424421,-0.04095313686259515,-0.23100092783791426,-0.12182972452877582
block5_library_count_1200m,0.3104313380113201,0.06709403532862833,-0.1734741315150113,-0.23183601878988294,-0.4623229507681899,0.2872132268036817,0.15285036994718598,-0.0887534576921211,0.291525312470764,-0.2915811046655972,-0.37420445961793525,-0.31559164478649593,0.059238573486387405,0.31934403008253903,-0.3638564867473098,0.14385682393236512,0.36680953155355117,-0.34063706362454627,-0.03708593080537272,-0.012910758893600778,0.007529751543114423,-0.2794085988001433,0.07856082896925692,-0.2719585378019336,0.33688663676854846,-0.45579049384529485,-0.4726657761991794,0.5001663464200168,0.2389149059932681,0.15662068899982107,0.17153577701729644,0.23533433631227452,0.5770615700115059,-0.012783255584197701,-0.07333234890442224,0.7267706095967724,0.1818252051000699,-0.32311204068522376,-0.03209844789535931,0.023308192761449378,0.45349323023276844,0.33687536642136895,-0.32415351240352314,0.144418350889877,0.1768502578110391,0.499691214850854,0.1456935992664958,0.5770615700115059,0.23533433631227452,-0.31675635707964805,-0.6540556871979,1.0,-0.22844476805532937,0.128263837713697,0.013991024454531945,0.28399241146010673,-0.41234900288713067,0.5101972197815363,-0.028030043806850282,0.14107298640665455,-0.10390138747136399,0.1592979332107566,-0.07014481076824827,0.3613823496651327,0.1458443963910909,0.23840043578984849,0.1606303065990569,0.09654291392855492,0.3509861611729683,0.21401220581371327
block5_community_centre_nearest_m,-0.025504063299695543,-0.026168005534268558,0.04923399638734074,0.08335894365370283,0.13257559286867673,0.0848412061152813,-0.16428250983205975,-0.11266975646957438,-0.24628381707425026,0.24527660860536935,0.031207152769567214,0.040918481046944545,0.00994582580012144,-0.20654091276245592,0.22513805251498512,-0.0331649090906121,-0.19864988221953112,0.0018282390959366485,-0.08301112723051528,-0.06718177071075947,0.05708302028600548,0.011789967533312226,0.0427475163920146,0.005824893201379816,-0.006088543566032318,-0.009252011686459978,-0.015727607525352894,-0.13626255166049883,-0.045193162137218704,-0.08334692959527776,-0.0874745035224656,-0.17345430516522817,-0.1925674811906555,-0.11134215107366821,0.1897769669657341,-0.2932419496710673,-0.6612820309201912,0.0038181907976447805,0.130722664195799,0.07513450310309273,-0.097482311983798,-0.006838652588926043,0.058483063384722166,-0.10065718745329809,-0.10512113800890988,-0.14246070134937147,-0.08325903368928311,-0.1925674811906555,-0.17345430516522817,0.4604479334527511,0.38502771478762077,-0.22844476805532937,1.0,-0.5073106455695787,0.11246391428417246,-0.07720854006898879,0.1696443844547028,-0.11141144370791883,0.21876598109266815,0.04722861341253848,0.3843172618664463,-0.059052620354219806,0.09110447397474107,-0.09628490393483431,-0.07767499704132527,-0.09771830627297332,-0.0679939470801715,0.006252037306130881,-0.13518167525706723,-0.058175223719360646
block5_community_centre_count_1200m,0.00633545446695575,0.07748371475247917,-0.049865749420933976,-0.06543605789080362,-0.0938774619080207,-0.11161809379866212,0.12546727692755133,0.05667253725529683,0.15563297102848092,-0.15594408577336333,0.0027110897818671924,-0.009539312391404407,0.0025795253768679726,0.1331552667414134,-0.1730328656723809,0.06014449523056061,0.08888362852980032,-0.03253531213058621,0.00020606890718508091,-0.006170533665255948,0.009207222052540289,-0.011673519418324313,-0.024526303431616884,-0.05718552288394952,0.026459333802233392,0.020354201137189516,0.003563846755716569,0.17836758954371099,0.05356945377713876,0.044356560072655926,0.12197260137409678,0.1501938052731106,0.144751462200527,0.14553903016311584,-0.10827194949635673,0.1980730060756691,0.45579982839141997,-0.01689749207949165,-0.08174184526340278,-0.06402209351504896,0.08775587275540618,0.02740807958260696,-0.055129135178449994,0.10254072074037587,0.126013065791645,0.2127270699529443,0.0400241432901395,0.144751462200527,0.1501938052731106,-0.2429821326723042,-0.2523309528715496,0.128263837713697,-0.5073106455695787,1.0,-0.09800001302347945,0.14366759942736992,-0.11775906588857808,0.09665338917668771,-0.07962204853143938,-0.019585248199765353,-0.19039658167235282,0.034773579087257256,-0.03409518715488525,0.13155678262805737,0.03532030111393104,0.06811500737092234,0.04436924145464149,0.013990283154503578,0.047995240313963405,0.04072521129013785
block5_park_nearest_m,0.003854496951008171,0.12172281885167768,-0.07886412773332195,-0.045977502832669194,-0.0018941989497039604,0.07029609657993731,-0.14627564155077905,-0.11020030782725335,-0.08854076196757103,0.08948726073466323,-0.020993618344541998,-0.005792676427469286,-0.07366525997144205,-0.08498051538071372,0.08573935393027161,0.05679716161528641,-0.09124928423536388,-0.1371567940093943,-0.07351446287500372,-0.09163172797776512,0.06295355401449276,-0.14300810382713425,0.049458199877128815,-0.10432332050725752,0.022328532599437883,-0.059416850157780865,-0.054906723246556474,-0.038251733909061676,0.03090978534889535,0.06996094334872399,-0.05911257612393989,0.0032578841041798023,-0.04300783542676499,-0.09670125107181335,-0.017503458482786467,-0.018928814576084925,-0.08560270138308199,0.010480034427830192,0.042294697020988606,0.009840413484534688,0.0018803169017579493,0.021897982938923706,-0.02081553348324606,-0.058624190995825824,-0.049169413275335624,-0.02744648002968659,0.07323964259047429,-0.04300783542676499,0.0032578841041798023,0.09124443992377142,-0.00026221126131616384,0.013991024454531945,0.11246391428417246,-0.09800001302347945,1.0,-0.19631962870206882,-0.06092807175670348,-0.03690932876323012,0.16086407760675037,0.055470332099375116,0.0926640029746359,-0.0012543479015963812,0.18672679356177652,0.12042251360343552,-0.09297455359484601,-0.04919496349763445,-0.0068068521088124265,-0.046349122371214975,-0.09639016425581774,-0.1145211777774139
block5_park_count_1200m,0.2706642111716095,-0.04600383947416827,-0.1216291632513255,-0.15489033971570806,-0.3165681929298079,0.21731090201773864,0.19950724668055106,-0.06531710238587662,0.19256464842275353,-0.1921877426359694,-0.2882083716560123,-0.25923637422790885,0.17268951675224786,0.23968066115330197,-0.1941388921459701,-0.11661453405148195,0.3248566197667492,-0.1668983823050735,0.042360155257417056,0.023407313654968762,-0.025954563072161402,-0.09374012131979462,0.21554823322959105,-0.17715221305266599,0.17644785571451246,-0.22565640601196468,-0.20709728774986302,0.34548214070894306,-0.08691902207284627,-0.10836008890628351,0.23786069312983593,0.16205559199731054,0.3225184612723494,0.09891401556768403,-0.03671434506007158,0.14714768037918358,0.08182076788369208,-0.2315144842688026,-0.06679247922191314,0.07873031103735507,0.3586708249862329,0.17648000748147716,-0.06509747245601392,0.06610646760539736,0.23938726160081666,0.31635441239179857,-0.11798443037192893,0.3225184612723494,0.16205559199731054,-0.20358725349354972,-0.16145059664681416,0.28399241146010673,-0.07720854006898879,0.14366759942736992,-0.19631962870206882,1.0,-0.27114625984398066,0.37124595959205287,-0.04273643872834671,0.16091238403450833,-0.07410906945072239,0.23326981400795604,-0.09831446293877702,0.0381372274270217,0.28422966792440446,0.2916802186394239,0.23286441781709183,0.24636457085390592,0.33881918878586503,0.32294087696164575
block5_shelter_nearest_m,-0.3492450045107708,-0.07612586223688123,0.21855248267124672,0.26520291247887284,0.4754341830217913,-0.32794365265870506,-0.18819159665621535,0.1306311049660741,-0.32633723444924173,0.32548558432008223,0.4082499492510785,0.39438361394403865,-0.09391812178935413,-0.3341768345736747,0.32764958137464884,-0.033656906805538664,-0.28938665236261907,0.2544813096628151,-0.09686104830914007,-0.09573933094231467,0.09874004080954342,0.19324102360421685,-0.2606912230229078,0.21589053478094675,-0.04359377207069381,0.260228691585193,0.25500723260654884,-0.395783743553397,-0.14683177480581946,-0.1589701728507412,-0.22929536917878482,-0.33330449028755077,-0.4913088335862415,-0.06812841347748794,0.001751029116530738,-0.23484902159945356,-0.15287232810381332,0.33441801773558044,0.012758501745624796,-0.11238818216297257,-0.659175861765494,-0.04353873864424835,0.17468357201446957,-0.2994986736100987,-0.2375924025458289,-0.3511225386051492,-0.15580269176859654,-0.4913088335862415,-0.33330449028755077,0.2655509569318096,0.30538349748925125,-0.41234900288713067,0.1696443844547028,-0.11775906588857808,-0.06092807175670348,-0.27114625984398066,1.0,-0.45439557425804894,-0.019187045981168983,-0.20671389637639281,7.982870010889497e-05,-0.19703732190367013,-0.07564885978751364,-0.29435708960731505,-0.18752684152134652,-0.27359369788853627,-0.1968289014261868,-0.17534890363592628,-0.29765483190071435,-0.22764814999919564
block5_shelter_count_1200m,0.5592518790146358,-0.1458260378229251,-0.207620323910947,-0.29488548413261473,-0.47965413124814943,0.2657596993259344,0.33063800621022654,-0.010008574439936458,0.30682139562119815,-0.3071563990942176,-0.5322740516670612,-0.4790248760330729,0.2642456273101515,0.36713904804806535,-0.3426854957766383,-0.08843104548786841,0.41699523831840946,-0.16856570056242973,0.08152798251564441,0.1591692044269498,-0.17602999589382143,-0.06901694582885592,0.047900784048469446,-0.10370531857459066,0.35959417979627634,-0.3670363952894037,-0.38585967955080996,0.3934285210082363,0.007330659987924135,0.04658579153688578,0.20917718369348967,0.13240298230626554,0.587241656736104,0.10124303138772721,-0.03785330734697759,0.21090601893264724,0.07548965819734291,-0.48622476583561347,0.007082416807219001,0.09765230850595688,0.6310317150108326,0.3594777128069668,-0.1424674108892567,0.12725883561808332,0.22463869989771892,0.40187378791295414,0.05889488720122153,0.587241656736104,0.13240298230626554,-0.1831930292906864,-0.25464915564653556,0.5101972197815363,-0.11141144370791883,0.09665338917668771,-0.03690932876323012,0.37124595959205287,-0.45439557425804894,1.0,0.13938663780065386,0.33437328704679087,-0.0010654459678994161,0.3852928898028895,-0.10027825038862553,0.19102148765942623,0.41195007690268226,0.4616018968503648,0.385383462220731,0.38493253965543794,0.4525423576840605,0.38563510652622646
block5_ksi_collision_events_2021_2025,0.25391623465195395,-0.06074269683596852,-0.1367018618273631,-0.16910034192673648,-0.11316546827569886,-0.015015963624273529,0.034651000017686104,-0.043549516614298955,0.02898990228121685,-0.028416876609221754,-0.23138668411234345,-0.23238471228460106,0.21930588966052111,0.13005234323872178,-0.11885427898434599,-0.0404055213615609,-0.10198194587619223,0.01421668669974664,0.10070568117039197,0.1011233528812943,-0.12163304654043122,0.07749938523227011,0.04085478375399435,0.0051907050946619964,-0.0013572073068270588,0.03915134010066567,0.0398516329826263,0.012160008100787382,-0.05030335198640488,0.047978324175608364,0.10739521293720894,0.0504541892160358,0.10753246252742545,-0.010302111332903542,0.13440429636423548,-0.08777508474135341,-0.2166502646730903,-0.18806474188339192,0.4662835834934321,0.1398419670029854,0.055114420580263626,-0.001758400284061705,0.010129807877847358,0.046124170456670235,0.10518689916561359,0.08108547159341817,0.056531259621592084,0.10753246252742545,0.0504541892160358,0.5092176029258789,0.16941669653630648,-0.028030043806850282,0.21876598109266815,-0.07962204853143938,0.16086407760675037,-0.04273643872834671,-0.019187045981168983,0.13938663780065386,1.0,0.21929935330875422,0.4706147917143263,0.2785566641386355,0.16519293790259237,0.028219827180584637,0.22307879983641785,0.24597956795696535,0.27712951489325616,0.2697739081942581,-0.028403996893936474,0.03632165700704503
block5_development_applications_2021_2025,0.3280370132956407,-0.05151340586997881,-0.17000415052950552,-0.18901587412954401,-0.3181915107786184,0.2605463833216971,0.11295893314891906,-0.1466510707025948,0.12917680413423352,-0.12890566459083755,-0.3957530840632196,-0.3631185145084152,0.25072902104291966,0.19286996326281863,-0.16685834364522165,-0.05076294026926139,0.1809537496065657,-0.1485241410104644,0.11553044591340164,0.09971996754782791,-0.09591810445922115,-0.10072460357384742,0.175052365052025,-0.10390754672314247,0.04719453989470564,-0.11545511325815919,-0.09214115836913617,0.09471882160978402,-0.08464896387698458,-0.01202787328744546,0.12811185937936226,0.13655417235032236,0.2789108056415595,-0.018473574514775812,0.12030018328705837,0.046820595634891014,-0.030766623030490846,-0.2503212908183787,0.08099464609176983,0.5826869959655815,0.1645130107320761,0.04696337301047947,0.01658037864687619,-0.04384086921919018,0.11563352725794504,0.0966958026271823,-0.009086001294790093,0.2789108056415595,0.13655417235032236,0.05217615961163237,-0.036018871165645304,0.14107298640665455,0.04722861341253848,-0.019585248199765353,0.055470332099375116,0.16091238403450833,-0.20671389637639281,0.33437328704679087,0.21929935330875422,1.0,0.23306361192531924,0.412550179099527,-0.051618933959620354,0.13720772683539967,0.3607518457382794,0.39891520264878955,0.4121147142307363,0.3834447796232602,0.24061495234305005,0.27796404476581676
block5_requests_311_2023_2025_estimated_count,-0.07540811394032448,0.1054782208885156,0.009459574832726737,0.07770298815183845,0.022770259604125945,0.10438123943307859,-0.2137642843446823,-0.21213272351923335,-0.21823890694317163,0.2179581766539072,0.02366511790176379,0.04652693334760482,-0.06596169954944199,-0.2229741584671368,0.17072444791457905,0.08626612452874428,-0.30401613741710176,-0.217686673925482,-0.21645576869340044,-0.22360734886524075,0.18894149624496212,-0.19380284733560638,0.14434291719214995,-0.19806047919388559,0.0762339707379534,-0.13021930300337214,-0.1463808731279301,0.047845968423705774,0.01936866885161086,0.01742312946478574,0.028410938032731932,-0.11180648865277054,-0.08423376746739282,-0.08935214631469611,0.6442233420475136,-0.17671529900857585,-0.3507055554205864,0.008952403476491622,0.3394491735335198,0.43974707607412583,-0.023816077030893043,0.07589491406345593,0.029280362615878245,-0.046783838659635195,2.4672332129813886e-05,0.08264097742767507,0.012041349890570952,-0.08423376746739282,-0.11180648865277054,0.7456003793116258,0.3067365258890346,-0.10390138747136399,0.3843172618664463,-0.19039658167235282,0.0926640029746359,-0.07410906945072239,7.982870010889497e-05,-0.0010654459678994161,0.4706147917143263,0.23306361192531924,1.0,0.06877080038799659,0.19668056990029356,0.0909571980055389,-0.08666579382948256,-0.04983923372356445,0.06484030783426385,-0.0037110004499756022,-0.23111093815195063,-0.17536935635353243
block2_structural_type_total_dwellings,0.5568620493995553,-0.13788216118023278,-0.2885135300137679,-0.3560173829026706,-0.4821138769621213,0.23142120512237696,0.24165327442131365,-0.09812390132833963,0.34555292060230774,-0.34439971943837544,-0.5717038983469552,-0.5637487422844902,0.48833641074437395,0.5080599143175014,-0.3920565878202283,-0.2165062759157945,0.5104300977171542,-0.018361872799243246,0.3850526510141222,0.31915496623272266,-0.24726672100382863,0.020571204051970587,0.18040346977658567,0.00030457986317192567,0.04031194250533775,-0.06738337704465609,-0.04117400494897406,0.12295210864221788,-0.10520020126241715,-0.018506486887227686,0.188091741015396,0.1520016400197605,0.368003809719594,-0.0023223949180591454,-0.17728867165776296,0.09433676920637982,0.06947087635563781,-0.3996873867447397,-0.13624485396241645,-0.017073409960187972,0.22428287273800923,0.03947193878702709,0.004774734524699355,0.11161872176854984,0.1942690289013943,0.14683526699333085,-0.00704372519621851,0.368003809719594,0.1520016400197605,-0.012904541720924773,-0.10915784247084019,0.1592979332107566,-0.059052620354219806,0.034773579087257256,-0.0012543479015963812,0.23326981400795604,-0.19703732190367013,0.3852928898028895,0.2785566641386355,0.412550179099527,0.06877080038799659,1.0,-0.034734758370351844,0.18089593600961723,0.8652963517040531,0.9241772881462705,0.9944900367193136,0.7868411353965247,0.5554393708354638,0.5437952548171682
block2_apartment_duplex_count,-0.10444627782486866,0.11298440733818463,-0.03153659302547257,-0.025034128614455236,0.33949752973820074,-0.2564727854303366,-0.2651123305096551,0.03994633557599056,-0.22624677573915497,0.22717401566661014,0.23634539653079148,0.2734626744881649,-0.3384296279267183,-0.31284236065950244,0.2997789475632479,0.056254355039056854,-0.28030680549460796,-0.006316743374484605,-0.255180053774955,-0.16763361328215604,0.1490755217427216,0.05296965547474666,-0.04320792270987431,-0.031263847492314104,-0.1309563123130789,0.11601536687592588,0.1111018995194663,0.04775350184801828,0.14122063815146907,0.05847826895711991,-0.09126511331346142,-0.02563720115868508,-0.16166906429009692,0.03193873588141822,-0.054059872373257746,-0.04976646147040735,-0.04522440120797897,0.12090242935866699,-0.04038109994938815,-0.08929623773639843,-0.006969432853657553,-0.1317088846917017,-0.03760832327870078,0.039066700208412304,-0.08347538811036538,-0.008683517731477727,0.05514164091415104,-0.16166906429009692,-0.02563720115868508,0.2656039224683499,0.07832516182374476,-0.07014481076824827,0.09110447397474107,-0.03409518715488525,0.18672679356177652,-0.09831446293877702,-0.07564885978751364,-0.10027825038862553,0.16519293790259237,-0.051618933959620354,0.19668056990029356,-0.034734758370351844,1.0,0.16618404918627291,-0.3304210360210008,-0.21958369314779314,-0.041637549449210366,-0.26455302520197643,-0.2982839530785843,-0.27479885271840804
block2_apartment_lt5_storeys_count,0.023535818468316923,0.30679157182005173,-0.13247055085442025,-0.10963168588780131,-0.3288696115159728,0.11353795343168846,-0.043153916166740955,-0.11589859128408311,0.23831227966214297,-0.23811554105021843,-0.0865437803106856,-0.05521183957117697,-0.1742396010018641,0.20201129702132806,-0.26687459422377513,0.21114055783349964,0.003507117162684176,-0.4041500755453329,-0.21971709626282318,-0.23550880854982076,0.21798467322135337,-0.4135912912664599,0.10508591019844361,-0.3633434331811273,0.15461901305799014,-0.3071589315587555,-0.3237458766414808,0.31433000189648336,0.3034245545456202,0.18676887635848421,0.04787710477107287,0.1725013363015384,0.33841583346320137,0.014427939274523967,-0.05372651306732424,0.2645853746473208,0.1296184014605546,-0.1194660423832382,-0.06004775428976991,0.011678211626083708,0.21547068406895822,0.15432431898253435,-0.22720139000996792,0.08419384454264496,0.05162164660132947,0.362909176395586,0.17542470589422032,0.33841583346320137,0.1725013363015384,-0.12087883555951968,-0.3083248704385439,0.3613823496651327,-0.09628490393483431,0.13155678262805737,0.12042251360343552,0.0381372274270217,-0.29435708960731505,0.19102148765942623,0.028219827180584637,0.13720772683539967,0.0909571980055389,0.18089593600961723,0.16618404918627291,1.0,-0.12035655917086345,0.15350132952111342,0.1788691685035004,-0.09791066382834467,-0.017549275417898334,-0.10783726859333759
block2_apartment_5plus_storeys_count,0.6639956050700374,-0.3050543069282846,-0.25476567258588095,-0.37498288845809186,-0.5568978405147422,0.23894682298827963,0.4468126228933566,-0.02091415396784809,0.47473947783411474,-0.4743804224076904,-0.6883688717710539,-0.7110097271666236,0.6686026538093071,0.6998050643625044,-0.5374908875388781,-0.3362661965636557,0.6582540280808076,0.1391099539630191,0.5986289723936128,0.520113678351316,-0.44786787722469357,0.1694363080218307,0.13384833935481144,0.1400847635395747,0.05167197557432752,-0.01605710533267714,-0.0036423914514249756,0.09071957038197145,-0.1583158512354937,-0.02284301545853223,0.2141032795215104,0.22619496876507322,0.4432686558407873,0.0019837718962520305,-0.11466055441756014,0.07417776360066189,0.05897328189981986,-0.48542242595623697,-0.05088105476396915,0.03526477078650932,0.2414485396128382,0.051285659393059395,0.003837381029247532,0.13882756290025372,0.21637363643099494,0.12086774825873339,-0.010218733118560374,0.4432686558407873,0.22619496876507322,-0.1357517818703933,-0.10171280790706808,0.1458443963910909,-0.07767499704132527,0.03532030111393104,-0.09297455359484601,0.28422966792440446,-0.18752684152134652,0.41195007690268226,0.22307879983641785,0.3607518457382794,-0.08666579382948256,0.8652963517040531,-0.3304210360210008,-0.12035655917086345,1.0,0.9601958169712588,0.865424430496893,0.8755183968917057,0.7108458416244157,0.6865980542162754
block2_apartment_total_count,0.6731547448766556,-0.22079699726642563,-0.29601045865033115,-0.41163429335342294,-0.6279208878769512,0.25414566458673254,0.42334443917527975,-0.048928575947950095,0.5287586168274722,-0.5282750222890955,-0.705005274962505,-0.7170590739130771,0.6087698153801682,0.7415524054659262,-0.5947243400390793,-0.2818283623011722,0.6493376732358566,0.03425504722031153,0.5317080298447627,0.4541098116210029,-0.3866845973553795,0.06685269028465995,0.16056033601816333,0.0442064336149158,0.08381189936120244,-0.0889467380545449,-0.08106560801805526,0.17850943673959302,-0.07058777878681924,0.030281309784088224,0.2235235116976582,0.2734170233345376,0.52785769587078,0.008127466664269849,-0.13454829745216854,0.14154200552981724,0.09082675368193437,-0.5158726719771863,-0.0704399627546436,0.03245271384370225,0.30159350325577466,0.08336140720569289,-0.05878132240145114,0.16612768179516194,0.22749129046283975,0.21805513519037378,0.03989417634567145,0.52785769587078,0.2734170233345376,-0.15059617716140375,-0.17898614958659295,0.23840043578984849,-0.09771830627297332,0.06811500737092234,-0.04919496349763445,0.2916802186394239,-0.27359369788853627,0.4616018968503648,0.24597956795696535,0.39891520264878955,-0.04983923372356445,0.9241772881462705,-0.21958369314779314,0.15350132952111342,0.9601958169712588,1.0,0.923274243176112,0.8444243880117563,0.69590854480617,0.649159662086585
block2_condo_status_total_dwellings,0.5412355295679702,-0.17615902579438256,-0.2369640381584284,-0.31738863691563496,-0.485627306959837,0.23299633046306545,0.24050311922555562,-0.10002821769013903,0.34775714981188155,-0.3466062279616853,-0.5721848916418769,-0.5638073418684834,0.4882638555599599,0.5123628319689961,-0.39755010238858557,-0.21938835534947942,0.5111910865714555,-0.017947247700148366,0.38559798101925685,0.3193503617458246,-0.2433379086140009,0.02022995653279318,0.1850566513167499,-0.0034037796703629704,0.03911452129499803,-0.06783639938032293,-0.04039331161882216,0.12461180201385315,-0.1004249982809544,-0.02025505538419231,0.1823606874011613,0.1553888077126924,0.3746226065777726,-0.0052504007326135416,-0.166815004769684,0.09897234413057293,0.07303843217812198,-0.41991331001610727,-0.1252940668303336,-0.0011751852652167256,0.22080525303456802,0.03901686946113873,0.004590372505433575,0.11269171425830049,0.187890615270485,0.1471964188565642,-0.007773096038456482,0.3746226065777726,0.1553888077126924,-0.015958604921002224,-0.1137568411424421,0.1606303065990569,-0.0679939470801715,0.04436924145464149,-0.0068068521088124265,0.23286441781709183,-0.1968289014261868,0.385383462220731,0.27712951489325616,0.4121147142307363,0.06484030783426385,0.9944900367193136,-0.041637549449210366,0.1788691685035004,0.865424430496893,0.923274243176112,1.0,0.7883968016336117,0.5554181297487087,0.5444865893699381
block2_condominium_dwellings_count,0.6717758148966131,-0.30954671434398606,-0.21543044900099853,-0.30346425679968714,-0.5107848975158477,0.33786847029717143,0.2521385036165918,-0.1835453137835432,0.14778461774225765,-0.14729672960307458,-0.720471861634681,-0.7231442392472917,0.82415950957327,0.5249919545903218,-0.42105566765766406,-0.2596178126129363,0.5013009331712556,0.0790810301486884,0.44575394243990607,0.3987718592575378,-0.33020797929990137,0.12646897927189193,0.0940523503396565,0.11824882381584856,0.03194254020620602,-0.08302841740376804,-0.05395316723791227,0.04871766918529953,-0.1753173071048575,-0.041857313130201246,0.15480455618502295,0.09308556570552215,0.29274915355372017,-0.11449170849044052,-0.07594557052458549,0.04070391428139557,-0.002372310822540696,-0.5479426223483788,-0.009663074848868919,0.06607232142568815,0.23529486920178097,0.03173212615851275,-0.006051616749735179,0.0990180567781902,0.16103476532572109,0.09529011631961619,-0.025782944061812505,0.29274915355372017,0.09308556570552215,-0.06350614722068586,-0.04095313686259515,0.09654291392855492,0.006252037306130881,0.013990283154503578,-0.046349122371214975,0.24636457085390592,-0.17534890363592628,0.38493253965543794,0.2697739081942581,0.3834447796232602,-0.0037110004499756022,0.7868411353965247,-0.26455302520197643,-0.09791066382834467,0.8755183968917057,0.8444243880117563,0.7883968016336117,1.0,0.5782449175129918,0.7517283638604026
block2_apartments_per_km2,0.6527206280329075,-0.2160027529094834,-0.26321627948656745,-0.37281394607425206,-0.5744385126003392,0.31441967775050184,0.44996374945159634,-0.04525410563582463,0.4563256707375852,-0.45607400119836233,-0.6815547948740335,-0.6659533567107722,0.4899688782620404,0.604896758056482,-0.4809987633584033,-0.23168656371865562,0.9713634709525946,0.01825824089996935,0.47786365702331246,0.4715465722673039,-0.4055325881027802,0.06966444868269027,0.10388016048263578,0.08713134570063119,0.18622838350723392,-0.19072316777830828,-0.19089577582839012,0.21828724184978868,-0.05184003269993619,0.03702087838724147,0.17650300555094778,0.2887388830762464,0.5488871923005505,-0.03396151792104236,-0.1030173505440523,0.17911022909821514,0.10478412836249769,-0.5184629260060215,-0.08033572751994758,0.034078637672127106,0.3388870520225008,0.18601348941263823,-0.09926658247473312,0.11995826160546524,0.18398669202340318,0.22820435577897044,0.037633955066163044,0.5488871923005505,0.2887388830762464,-0.2656112947045986,-0.23100092783791426,0.3509861611729683,-0.13518167525706723,0.047995240313963405,-0.09639016425581774,0.33881918878586503,-0.29765483190071435,0.4525423576840605,-0.028403996893936474,0.24061495234305005,-0.23111093815195063,0.5554393708354638,-0.2982839530785843,-0.017549275417898334,0.7108458416244157,0.69590854480617,0.5554181297487087,0.5782449175129918,1.0,0.8507197156398209
block2_condos_per_km2,0.6640094016413011,-0.29885289463767406,-0.22266375520956305,-0.3174873493089146,-0.49310987260617906,0.352581525139246,0.35177918690354043,-0.14188136066194515,0.19543779428874986,-0.19518452050119534,-0.6916517686963953,-0.6719008665121337,0.6821453597933169,0.4862096589827234,-0.3762243068117737,-0.2225653229728767,0.7907432028979946,0.05292616335216956,0.41509071283215554,0.4397455321706638,-0.36644929686673666,0.11661986568573379,0.06282473659475048,0.140529577360728,0.09853670993257153,-0.14723218303519753,-0.13056999342240508,0.0993860382183348,-0.13036279579962654,-0.03712721220115899,0.12237259414393524,0.1394091093029435,0.3631352642501297,-0.10187167425124387,-0.07829102446961353,0.09968572254030995,0.05222381176416473,-0.5213183142611997,-0.04653438570856073,0.05472278964431634,0.29317463411195666,0.09836842229003334,-0.026806353030329407,0.07276013031269772,0.13062075801413192,0.1289125041872965,-0.02621089471262924,0.3631352642501297,0.1394091093029435,-0.19182767064380649,-0.12182972452877582,0.21401220581371327,-0.058175223719360646,0.04072521129013785,-0.1145211777774139,0.32294087696164575,-0.22764814999919564,0.38563510652622646,0.03632165700704503,0.27796404476581676,-0.17536935635353243,0.5437952548171682,-0.27479885271840804,-0.10783726859333759,0.6865980542162754,0.649159662086585,0.5444865893699381,0.7517283638604026,0.8507197156398209,1.0
