variable_name,block,literature_source,preferred_data_source,official_dataset,raw_dataset_location,processed_dataset_location,processing_script,geographic_level,units,numerator,denominator,formula,assumptions,status,notes
311_requests_per_capita,Block 5,"Marshall & Siemiatycki (2014); Couture, Bherer & Breux (2014); Geys (2006); Cancela & Geys (2016); McGregor (2018); Breux, Couture & Koop (2017); Breux, Couture & Goodman (2017)",Toronto Open Data,311 Service Requests - Customer Initiated,data/toronto_election_turnout/variables/raw/toronto_open_data/311_service_requests_customer_initiated/sr2023.zip; data/toronto_election_turnout/variables/raw/toronto_open_data/311_service_requests_customer_initiated/sr2024.zip; data/toronto_election_turnout/variables/raw/toronto_open_data/311_service_requests_customer_initiated/sr2025.zip; data/toronto_election_turnout/variables/raw/toronto_open_data/311_service_requests_customer_initiated/311-service-requests-readme.xlsx,,,service request record; address/intersection/service location fields,,,,,,raw_collected,Raw data collected only; no variables derived. Collected raw annual ZIP files for election-relevant years plus the readme. No aggregation performed.
community_centre_access,Block 5,"Marshall & Siemiatycki (2014); Couture, Bherer & Breux (2014); Geys (2006); Cancela & Geys (2016); McGregor (2018); Breux, Couture & Koop (2017); Breux, Couture & Goodman (2017)",Toronto Open Data,Parks and Recreation Facilities,data/toronto_election_turnout/variables/raw/toronto_open_data/parks_and_recreation_facilities/parks-and-recreation-facilities-4326.csv; data/toronto_election_turnout/variables/raw/toronto_open_data/parks_and_recreation_facilities/parks-and-recreation-facilities-4326.geojson; data/toronto_election_turnout/variables/raw/toronto_open_data/parks_and_recreation_facilities/parks-and-recreation-facilities-4326.gpkg,,,parks/recreation facility point,,,,,,raw_collected,Raw data collected only; no variables derived. Supervisor-recommended source for community centres and candidate source for park access.
development_applications_per_capita,Block 5,"Marshall & Siemiatycki (2014); Couture, Bherer & Breux (2014); Geys (2006); Cancela & Geys (2016); McGregor (2018); Breux, Couture & Koop (2017); Breux, Couture & Goodman (2017)",Toronto Open Data,Development Applications,data/toronto_election_turnout/variables/raw/toronto_open_data/development_applications/development-applications.csv; data/toronto_election_turnout/variables/raw/toronto_open_data/committee_of_adjustment_applications/closed-applications-2023.csv,,,planning application record,,,,,,raw_collected,Raw data collected only; no variables derived. Collected current Development Applications CSV only. No temporal filtering or aggregation.
election_effective_federal_parties_5pct,Block 4,"Marshall & Siemiatycki (2014); Couture, Bherer & Breux (2014); Geys (2006); Cancela & Geys (2016); McGregor (2018); Breux, Couture & Koop (2017); Breux, Couture & Goodman (2017)",Official municipal/provincial/federal election sources already in repository,"Municipal 2023, Provincial 2025, and Federal 2025 raw election datasets",data/toronto_election_turnout/elections/raw/toronto_2023_mayor.xlsx; data/toronto_election_turnout/elections/raw/toronto_2023_mayor_voter_statistics.xlsx; data/toronto_election_turnout/elections/raw/toronto_2023_subdivisions.geojson; data/toronto_election_turnout/elections/raw/eo_2025_official_return.csv; data/toronto_election_turnout/elections/raw/source_downloads/eo_2025_candidate_summary.csv; data/toronto_election_turnout/elections/raw/source_downloads/eo_2025_political_interest_codes.csv; data/toronto_election_turnout/elections/raw/source_downloads/federal_csv_format2; data/toronto_election_turnout/elections/raw/source_downloads/federal_polygons; data/toronto_election_turnout/elections/raw/source_downloads/provincial_polygons,,,polling division / ward / riding,,,,,,raw_collected,Raw data collected only; no variables derived. Existing raw election source; not duplicated in Task 2. 
election_effective_mayoral_candidates_5pct,Block 4,"Marshall & Siemiatycki (2014); Couture, Bherer & Breux (2014); Geys (2006); Cancela & Geys (2016); McGregor (2018); Breux, Couture & Koop (2017); Breux, Couture & Goodman (2017)",Official municipal/provincial/federal election sources already in repository,"Municipal 2023, Provincial 2025, and Federal 2025 raw election datasets",data/toronto_election_turnout/elections/raw/toronto_2023_mayor.xlsx; data/toronto_election_turnout/elections/raw/toronto_2023_mayor_voter_statistics.xlsx; data/toronto_election_turnout/elections/raw/toronto_2023_subdivisions.geojson; data/toronto_election_turnout/elections/raw/eo_2025_official_return.csv; data/toronto_election_turnout/elections/raw/source_downloads/eo_2025_candidate_summary.csv; data/toronto_election_turnout/elections/raw/source_downloads/eo_2025_political_interest_codes.csv; data/toronto_election_turnout/elections/raw/source_downloads/federal_csv_format2; data/toronto_election_turnout/elections/raw/source_downloads/federal_polygons; data/toronto_election_turnout/elections/raw/source_downloads/provincial_polygons,,,polling division / ward / riding,,,,,,raw_collected,Raw data collected only; no variables derived. Existing raw election source; not duplicated in Task 2. 
election_effective_provincial_parties_5pct,Block 4,"Marshall & Siemiatycki (2014); Couture, Bherer & Breux (2014); Geys (2006); Cancela & Geys (2016); McGregor (2018); Breux, Couture & Koop (2017); Breux, Couture & Goodman (2017)",Official municipal/provincial/federal election sources already in repository,"Municipal 2023, Provincial 2025, and Federal 2025 raw election datasets",data/toronto_election_turnout/elections/raw/toronto_2023_mayor.xlsx; data/toronto_election_turnout/elections/raw/toronto_2023_mayor_voter_statistics.xlsx; data/toronto_election_turnout/elections/raw/toronto_2023_subdivisions.geojson; data/toronto_election_turnout/elections/raw/eo_2025_official_return.csv; data/toronto_election_turnout/elections/raw/source_downloads/eo_2025_candidate_summary.csv; data/toronto_election_turnout/elections/raw/source_downloads/eo_2025_political_interest_codes.csv; data/toronto_election_turnout/elections/raw/source_downloads/federal_csv_format2; data/toronto_election_turnout/elections/raw/source_downloads/federal_polygons; data/toronto_election_turnout/elections/raw/source_downloads/provincial_polygons,,,polling division / ward / riding,,,,,,raw_collected,Raw data collected only; no variables derived. Existing raw election source; not duplicated in Task 2. 
election_federal_margin,Block 4,"Marshall & Siemiatycki (2014); Couture, Bherer & Breux (2014); Geys (2006); Cancela & Geys (2016); McGregor (2018); Breux, Couture & Koop (2017); Breux, Couture & Goodman (2017)",Official municipal/provincial/federal election sources already in repository,"Municipal 2023, Provincial 2025, and Federal 2025 raw election datasets",data/toronto_election_turnout/elections/raw/toronto_2023_mayor.xlsx; data/toronto_election_turnout/elections/raw/toronto_2023_mayor_voter_statistics.xlsx; data/toronto_election_turnout/elections/raw/toronto_2023_subdivisions.geojson; data/toronto_election_turnout/elections/raw/eo_2025_official_return.csv; data/toronto_election_turnout/elections/raw/source_downloads/eo_2025_candidate_summary.csv; data/toronto_election_turnout/elections/raw/source_downloads/eo_2025_political_interest_codes.csv; data/toronto_election_turnout/elections/raw/source_downloads/federal_csv_format2; data/toronto_election_turnout/elections/raw/source_downloads/federal_polygons; data/toronto_election_turnout/elections/raw/source_downloads/provincial_polygons,,,polling division / ward / riding,,,,,,raw_collected,Raw data collected only; no variables derived. Existing raw election source; not duplicated in Task 2. 
election_mayoral_top_two_margin,Block 4,"Marshall & Siemiatycki (2014); Couture, Bherer & Breux (2014); Geys (2006); Cancela & Geys (2016); McGregor (2018); Breux, Couture & Koop (2017); Breux, Couture & Goodman (2017)",Official municipal/provincial/federal election sources already in repository,"Municipal 2023, Provincial 2025, and Federal 2025 raw election datasets",data/toronto_election_turnout/elections/raw/toronto_2023_mayor.xlsx; data/toronto_election_turnout/elections/raw/toronto_2023_mayor_voter_statistics.xlsx; data/toronto_election_turnout/elections/raw/toronto_2023_subdivisions.geojson; data/toronto_election_turnout/elections/raw/eo_2025_official_return.csv; data/toronto_election_turnout/elections/raw/source_downloads/eo_2025_candidate_summary.csv; data/toronto_election_turnout/elections/raw/source_downloads/eo_2025_political_interest_codes.csv; data/toronto_election_turnout/elections/raw/source_downloads/federal_csv_format2; data/toronto_election_turnout/elections/raw/source_downloads/federal_polygons; data/toronto_election_turnout/elections/raw/source_downloads/provincial_polygons,,,polling division / ward / riding,,,,,,raw_collected,Raw data collected only; no variables derived. Existing raw election source; not duplicated in Task 2. 
election_mayoral_vote_fragmentation,Block 4,"Marshall & Siemiatycki (2014); Couture, Bherer & Breux (2014); Geys (2006); Cancela & Geys (2016); McGregor (2018); Breux, Couture & Koop (2017); Breux, Couture & Goodman (2017)",Official municipal/provincial/federal election sources already in repository,"Municipal 2023, Provincial 2025, and Federal 2025 raw election datasets",data/toronto_election_turnout/elections/raw/toronto_2023_mayor.xlsx; data/toronto_election_turnout/elections/raw/toronto_2023_mayor_voter_statistics.xlsx; data/toronto_election_turnout/elections/raw/toronto_2023_subdivisions.geojson; data/toronto_election_turnout/elections/raw/eo_2025_official_return.csv; data/toronto_election_turnout/elections/raw/source_downloads/eo_2025_candidate_summary.csv; data/toronto_election_turnout/elections/raw/source_downloads/eo_2025_political_interest_codes.csv; data/toronto_election_turnout/elections/raw/source_downloads/federal_csv_format2; data/toronto_election_turnout/elections/raw/source_downloads/federal_polygons; data/toronto_election_turnout/elections/raw/source_downloads/provincial_polygons,,,polling division / ward / riding,,,,,,raw_collected,Raw data collected only; no variables derived. Existing raw election source; not duplicated in Task 2. 
election_mayoral_winner_margin,Block 4,"Marshall & Siemiatycki (2014); Couture, Bherer & Breux (2014); Geys (2006); Cancela & Geys (2016); McGregor (2018); Breux, Couture & Koop (2017); Breux, Couture & Goodman (2017)",Official municipal/provincial/federal election sources already in repository,"Municipal 2023, Provincial 2025, and Federal 2025 raw election datasets",data/toronto_election_turnout/elections/raw/toronto_2023_mayor.xlsx; data/toronto_election_turnout/elections/raw/toronto_2023_mayor_voter_statistics.xlsx; data/toronto_election_turnout/elections/raw/toronto_2023_subdivisions.geojson; data/toronto_election_turnout/elections/raw/eo_2025_official_return.csv; data/toronto_election_turnout/elections/raw/source_downloads/eo_2025_candidate_summary.csv; data/toronto_election_turnout/elections/raw/source_downloads/eo_2025_political_interest_codes.csv; data/toronto_election_turnout/elections/raw/source_downloads/federal_csv_format2; data/toronto_election_turnout/elections/raw/source_downloads/federal_polygons; data/toronto_election_turnout/elections/raw/source_downloads/provincial_polygons,,,polling division / ward / riding,,,,,,raw_collected,Raw data collected only; no variables derived. Existing raw election source; not duplicated in Task 2. 
election_provincial_margin,Block 4,"Marshall & Siemiatycki (2014); Couture, Bherer & Breux (2014); Geys (2006); Cancela & Geys (2016); McGregor (2018); Breux, Couture & Koop (2017); Breux, Couture & Goodman (2017)",Official municipal/provincial/federal election sources already in repository,"Municipal 2023, Provincial 2025, and Federal 2025 raw election datasets",data/toronto_election_turnout/elections/raw/toronto_2023_mayor.xlsx; data/toronto_election_turnout/elections/raw/toronto_2023_mayor_voter_statistics.xlsx; data/toronto_election_turnout/elections/raw/toronto_2023_subdivisions.geojson; data/toronto_election_turnout/elections/raw/eo_2025_official_return.csv; data/toronto_election_turnout/elections/raw/source_downloads/eo_2025_candidate_summary.csv; data/toronto_election_turnout/elections/raw/source_downloads/eo_2025_political_interest_codes.csv; data/toronto_election_turnout/elections/raw/source_downloads/federal_csv_format2; data/toronto_election_turnout/elections/raw/source_downloads/federal_polygons; data/toronto_election_turnout/elections/raw/source_downloads/provincial_polygons,,,polling division / ward / riding,,,,,,raw_collected,Raw data collected only; no variables derived. Existing raw election source; not duplicated in Task 2. 
library_access_15m_walk_transit,Block 5,"Marshall & Siemiatycki (2014); Couture, Bherer & Breux (2014); Geys (2006); Cancela & Geys (2016); McGregor (2018); Breux, Couture & Koop (2017); Breux, Couture & Goodman (2017)",Toronto Open Data,Library Branch General Information,data/toronto_election_turnout/variables/raw/toronto_open_data/library_branch_general_information/tpl-branch-general-information-2023.csv; data/toronto_election_turnout/variables/raw/toronto_open_data/library_branch_general_information/tpl-branch-general-information-4326.csv; data/toronto_election_turnout/variables/raw/toronto_open_data/library_branch_general_information/tpl-branch-general-information-4326.geojson; data/toronto_election_turnout/variables/raw/toronto_open_data/library_branch_general_information/tpl-branch-general-information-4326.gpkg,,,library branch point,,,,,,raw_collected,Raw data collected only; no variables derived. Collected branch attributes and geospatial files. No buffers or travel-time calculations.
no_car_household_share,Block 5,"Marshall & Siemiatycki (2014); Couture, Bherer & Breux (2014); Geys (2006); Cancela & Geys (2016); McGregor (2018); Breux, Couture & Koop (2017); Breux, Couture & Goodman (2017)",School of Cities Transportation Tomorrow Survey repository,Transportation Tomorrow Survey 2022,data/toronto_election_turnout/variables/raw/transportation_tomorrow_survey_2022/metrics_tts2022.csv; data/toronto_election_turnout/variables/raw/transportation_tomorrow_survey_2022/tts2022zones.geojson; data/toronto_election_turnout/variables/raw/transportation_tomorrow_survey_2022/tts2022zones_data.geojson; data/toronto_election_turnout/variables/raw/transportation_tomorrow_survey_2022/tts2022zones_data.pmtiles; data/toronto_election_turnout/variables/raw/transportation_tomorrow_survey_2022/test-data/tts-people-hhlds-vehicles.csv; data/toronto_election_turnout/variables/raw/transportation_tomorrow_survey_2022/readme.txt; data/toronto_election_turnout/variables/raw/transportation_tomorrow_survey_2022/vkt-notes.txt; data/toronto_election_turnout/variables/raw/transportation_tomorrow_survey_2022/layers/Lower_Tier.geojson; data/toronto_election_turnout/variables/raw/transportation_tomorrow_survey_2022/layers/Upper_Single_Tier.geojson,,,TTS zone or repository-defined metric geography,,,,,,raw_collected,Raw data collected only; no variables derived. Supervisor-recommended TTS metrics table.
park_access,Block 5,"Marshall & Siemiatycki (2014); Couture, Bherer & Breux (2014); Geys (2006); Cancela & Geys (2016); McGregor (2018); Breux, Couture & Koop (2017); Breux, Couture & Goodman (2017)",Toronto Open Data,Parks and Recreation Facilities,data/toronto_election_turnout/variables/raw/toronto_open_data/parks_and_recreation_facilities/parks-and-recreation-facilities-4326.csv; data/toronto_election_turnout/variables/raw/toronto_open_data/parks_and_recreation_facilities/parks-and-recreation-facilities-4326.geojson; data/toronto_election_turnout/variables/raw/toronto_open_data/parks_and_recreation_facilities/parks-and-recreation-facilities-4326.gpkg; data/toronto_election_turnout/variables/raw/toronto_open_data/parks/parks-wgs84.zip,,,parks/recreation facility point,,,,,,raw_collected,Raw data collected only; no variables derived. Supervisor-recommended source for community centres and candidate source for park access.
road_safety_exposure,Block 5,"Marshall & Siemiatycki (2014); Couture, Bherer & Breux (2014); Geys (2006); Cancela & Geys (2016); McGregor (2018); Breux, Couture & Koop (2017); Breux, Couture & Goodman (2017)",Toronto Open Data,Motor Vehicle Collisions Involving Killed or Seriously Injured Persons,data/toronto_election_turnout/variables/raw/toronto_open_data/ksi_collisions/motor-vehicle-collisions-with-ksi-data-4326.csv; data/toronto_election_turnout/variables/raw/toronto_open_data/ksi_collisions/motor-vehicle-collisions-with-ksi-data-4326.geojson; data/toronto_election_turnout/variables/raw/toronto_open_data/ksi_collisions/motor-vehicle-collisions-with-ksi-data-4326.gpkg,,,collision point/event,,,,,,raw_collected,"Raw data collected only; no variables derived. Collected KSI collision candidate dataset. No counts, densities, or exposure measures computed."
school_location_reference,Block 5,"Marshall & Siemiatycki (2014); Couture, Bherer & Breux (2014); Geys (2006); Cancela & Geys (2016); McGregor (2018); Breux, Couture & Koop (2017); Breux, Couture & Goodman (2017)",Toronto Open Data,School Locations - All Types,data/toronto_election_turnout/variables/raw/toronto_open_data/school_locations_all_types/school-locations-all-types-data-4326.csv; data/toronto_election_turnout/variables/raw/toronto_open_data/school_locations_all_types/school-locations-all-types-data-4326.geojson; data/toronto_election_turnout/variables/raw/toronto_open_data/school_locations_all_types/school-locations-all-types-data-4326.gpkg,,,school point,,,,,,raw_collected,Raw data collected only; no variables derived. External school-location reference only. No school-age population or accessibility calculations.
shelter_service_proximity,Block 5,"Marshall & Siemiatycki (2014); Couture, Bherer & Breux (2014); Geys (2006); Cancela & Geys (2016); McGregor (2018); Breux, Couture & Koop (2017); Breux, Couture & Goodman (2017)",Toronto Open Data,Shelter Profile Information,data/toronto_election_turnout/variables/raw/toronto_open_data/shelter_profile_information/shelter-profile-2011.xlsx; data/toronto_election_turnout/variables/raw/toronto_open_data/shelter_profile_information/shelter-profile-2010.xls; data/toronto_election_turnout/variables/raw/toronto_open_data/shelter_profile_information/readme.xls; data/toronto_election_turnout/variables/raw/toronto_open_data/hostel_services_homeless_shelter_locations/shelter-locations-wgs84.zip; data/toronto_election_turnout/variables/raw/toronto_open_data/hostel_services_homeless_shelter_locations/shelter-locations-readme.xls,,,shelter profile record,,,,,,raw_collected,"Raw data collected only; no variables derived. Collected profile workbooks with type, location, ward/former municipality, hours, and per diem rate fields."
social_housing_share,Block 5,"Marshall & Siemiatycki (2014); Couture, Bherer & Breux (2014); Geys (2006); Cancela & Geys (2016); McGregor (2018); Breux, Couture & Koop (2017); Breux, Couture & Goodman (2017)",Toronto Open Data,Active Affordable and Social Housing Units,data/toronto_election_turnout/variables/raw/toronto_open_data/active_affordable_and_social_housing_units/social-and-affordable-housing.csv; data/toronto_election_turnout/variables/raw/toronto_open_data/active_affordable_and_social_housing_units/social-and-affordable-housing.json,,,tabular housing stock record,,,,,,raw_collected,Raw data collected only; no variables derived. Used Toronto Open Data because a direct StatCan social-housing stock dataset was not available for this non-Census acquisition task.
transit_commute_share,Block 5,"Marshall & Siemiatycki (2014); Couture, Bherer & Breux (2014); Geys (2006); Cancela & Geys (2016); McGregor (2018); Breux, Couture & Koop (2017); Breux, Couture & Goodman (2017)",School of Cities Transportation Tomorrow Survey repository,Transportation Tomorrow Survey 2022,data/toronto_election_turnout/variables/raw/transportation_tomorrow_survey_2022/metrics_tts2022.csv; data/toronto_election_turnout/variables/raw/transportation_tomorrow_survey_2022/tts2022zones.geojson; data/toronto_election_turnout/variables/raw/transportation_tomorrow_survey_2022/tts2022zones_data.geojson; data/toronto_election_turnout/variables/raw/transportation_tomorrow_survey_2022/tts2022zones_data.pmtiles; data/toronto_election_turnout/variables/raw/transportation_tomorrow_survey_2022/test-data/tts-people-hhlds-vehicles.csv; data/toronto_election_turnout/variables/raw/transportation_tomorrow_survey_2022/readme.txt; data/toronto_election_turnout/variables/raw/transportation_tomorrow_survey_2022/vkt-notes.txt; data/toronto_election_turnout/variables/raw/transportation_tomorrow_survey_2022/layers/Lower_Tier.geojson; data/toronto_election_turnout/variables/raw/transportation_tomorrow_survey_2022/layers/Upper_Single_Tier.geojson,,,TTS zone or repository-defined metric geography,,,,,,raw_collected,Raw data collected only; no variables derived. Supervisor-recommended TTS metrics table.
population_density_per_km2,Block 2,"Marshall & Siemiatycki (2014); Couture, Bherer & Breux (2014); Geys (2006); Cancela & Geys (2016); Dostie-Goulet et al. (2012); McGregor (2018); Siaroff & Wesley (2015)",Statistics Canada 2021 Census,2021 Census Profile downloadable CT table,data/toronto_election_turnout/census/raw/source_downloads/statcan_2021_ct_profile.zip,data/toronto_election_turnout/census/processed/ct/statcan_2021_ct_census_variables_master.csv,,CT,,,,,,collected,
median_age,Block 1,"Marshall & Siemiatycki (2014); Couture, Bherer & Breux (2014); Geys (2006); Cancela & Geys (2016); Dostie-Goulet et al. (2012); McGregor (2018); Siaroff & Wesley (2015)",Statistics Canada 2021 Census,2021 Census Profile downloadable CT table,data/toronto_election_turnout/census/raw/source_downloads/statcan_2021_ct_profile.zip,data/toronto_election_turnout/census/processed/ct/statcan_2021_ct_census_variables_master.csv,,CT,,,,,,collected,
structural_type_total_dwellings,Block 2,"Marshall & Siemiatycki (2014); Couture, Bherer & Breux (2014); Geys (2006); Cancela & Geys (2016); Dostie-Goulet et al. (2012); McGregor (2018); Siaroff & Wesley (2015)",Statistics Canada 2021 Census,2021 Census Profile downloadable CT table,data/toronto_election_turnout/census/raw/source_downloads/statcan_2021_ct_profile.zip,data/toronto_election_turnout/census/processed/ct/statcan_2021_ct_census_variables_master.csv,,CT,,,,,,collected,
single_detached_house_count,Block 2,"Marshall & Siemiatycki (2014); Couture, Bherer & Breux (2014); Geys (2006); Cancela & Geys (2016); Dostie-Goulet et al. (2012); McGregor (2018); Siaroff & Wesley (2015)",Statistics Canada 2021 Census,2021 Census Profile downloadable CT table,data/toronto_election_turnout/census/raw/source_downloads/statcan_2021_ct_profile.zip,data/toronto_election_turnout/census/processed/ct/statcan_2021_ct_census_variables_master.csv,,CT,,,,,,collected,
semi_detached_house_count,Block 2,"Marshall & Siemiatycki (2014); Couture, Bherer & Breux (2014); Geys (2006); Cancela & Geys (2016); Dostie-Goulet et al. (2012); McGregor (2018); Siaroff & Wesley (2015)",Statistics Canada 2021 Census,2021 Census Profile downloadable CT table,data/toronto_election_turnout/census/raw/source_downloads/statcan_2021_ct_profile.zip,data/toronto_election_turnout/census/processed/ct/statcan_2021_ct_census_variables_master.csv,,CT,,,,,,collected,
apartment_duplex_count,Block 2,"Marshall & Siemiatycki (2014); Couture, Bherer & Breux (2014); Geys (2006); Cancela & Geys (2016); Dostie-Goulet et al. (2012); McGregor (2018); Siaroff & Wesley (2015)",Statistics Canada 2021 Census,2021 Census Profile downloadable CT table,data/toronto_election_turnout/census/raw/source_downloads/statcan_2021_ct_profile.zip,data/toronto_election_turnout/census/processed/ct/statcan_2021_ct_census_variables_master.csv,,CT,,,,,,collected,
apartment_lt5_storeys_count,Block 2,"Marshall & Siemiatycki (2014); Couture, Bherer & Breux (2014); Geys (2006); Cancela & Geys (2016); Dostie-Goulet et al. (2012); McGregor (2018); Siaroff & Wesley (2015)",Statistics Canada 2021 Census,2021 Census Profile downloadable CT table,data/toronto_election_turnout/census/raw/source_downloads/statcan_2021_ct_profile.zip,data/toronto_election_turnout/census/processed/ct/statcan_2021_ct_census_variables_master.csv,,CT,,,,,,collected,
apartment_5plus_storeys_count,Block 2,"Marshall & Siemiatycki (2014); Couture, Bherer & Breux (2014); Geys (2006); Cancela & Geys (2016); Dostie-Goulet et al. (2012); McGregor (2018); Siaroff & Wesley (2015)",Statistics Canada 2021 Census,2021 Census Profile downloadable CT table,data/toronto_election_turnout/census/raw/source_downloads/statcan_2021_ct_profile.zip,data/toronto_election_turnout/census/processed/ct/statcan_2021_ct_census_variables_master.csv,,CT,,,,,,collected,
average_household_size,Block 1,"Marshall & Siemiatycki (2014); Couture, Bherer & Breux (2014); Geys (2006); Cancela & Geys (2016); Dostie-Goulet et al. (2012); McGregor (2018); Siaroff & Wesley (2015)",Statistics Canada 2021 Census,2021 Census Profile downloadable CT table,data/toronto_election_turnout/census/raw/source_downloads/statcan_2021_ct_profile.zip,data/toronto_election_turnout/census/processed/ct/statcan_2021_ct_census_variables_master.csv,,CT,,,,,,collected,
low_income_status_total,Block 1,"Marshall & Siemiatycki (2014); Couture, Bherer & Breux (2014); Geys (2006); Cancela & Geys (2016); Dostie-Goulet et al. (2012); McGregor (2018); Siaroff & Wesley (2015)",Statistics Canada 2021 Census,2021 Census Profile downloadable CT table,data/toronto_election_turnout/census/raw/source_downloads/statcan_2021_ct_profile.zip,data/toronto_election_turnout/census/processed/ct/statcan_2021_ct_census_variables_master.csv,,CT,,,,,,collected,
low_income_lim_at_count,Block 1,"Marshall & Siemiatycki (2014); Couture, Bherer & Breux (2014); Geys (2006); Cancela & Geys (2016); Dostie-Goulet et al. (2012); McGregor (2018); Siaroff & Wesley (2015)",Statistics Canada 2021 Census,2021 Census Profile downloadable CT table,data/toronto_election_turnout/census/raw/source_downloads/statcan_2021_ct_profile.zip,data/toronto_election_turnout/census/processed/ct/statcan_2021_ct_census_variables_master.csv,,CT,,,,,,collected,
low_income_lim_at_prevalence_pct_official,Block 1,"Marshall & Siemiatycki (2014); Couture, Bherer & Breux (2014); Geys (2006); Cancela & Geys (2016); Dostie-Goulet et al. (2012); McGregor (2018); Siaroff & Wesley (2015)",Statistics Canada 2021 Census,2021 Census Profile downloadable CT table,data/toronto_election_turnout/census/raw/source_downloads/statcan_2021_ct_profile.zip,data/toronto_election_turnout/census/processed/ct/statcan_2021_ct_census_variables_master.csv,,CT,,,,,,collected,
official_language_knowledge_total,Block 3,"Marshall & Siemiatycki (2014); Couture, Bherer & Breux (2014); Geys (2006); Cancela & Geys (2016); Dostie-Goulet et al. (2012); McGregor (2018); Siaroff & Wesley (2015)",Statistics Canada 2021 Census,2021 Census Profile downloadable CT table,data/toronto_election_turnout/census/raw/source_downloads/statcan_2021_ct_profile.zip,data/toronto_election_turnout/census/processed/ct/statcan_2021_ct_census_variables_master.csv,,CT,,,,,,collected,
neither_english_nor_french_count,Block 3,"Marshall & Siemiatycki (2014); Couture, Bherer & Breux (2014); Geys (2006); Cancela & Geys (2016); Dostie-Goulet et al. (2012); McGregor (2018); Siaroff & Wesley (2015)",Statistics Canada 2021 Census,2021 Census Profile downloadable CT table,data/toronto_election_turnout/census/raw/source_downloads/statcan_2021_ct_profile.zip,data/toronto_election_turnout/census/processed/ct/statcan_2021_ct_census_variables_master.csv,,CT,,,,,,collected,
mother_tongue_total,Block 3,"Marshall & Siemiatycki (2014); Couture, Bherer & Breux (2014); Geys (2006); Cancela & Geys (2016); Dostie-Goulet et al. (2012); McGregor (2018); Siaroff & Wesley (2015)",Statistics Canada 2021 Census,2021 Census Profile downloadable CT table,data/toronto_election_turnout/census/raw/source_downloads/statcan_2021_ct_profile.zip,data/toronto_election_turnout/census/processed/ct/statcan_2021_ct_census_variables_master.csv,,CT,,,,,,collected,
non_official_mother_tongue_count,Block 3,"Marshall & Siemiatycki (2014); Couture, Bherer & Breux (2014); Geys (2006); Cancela & Geys (2016); Dostie-Goulet et al. (2012); McGregor (2018); Siaroff & Wesley (2015)",Statistics Canada 2021 Census,2021 Census Profile downloadable CT table,data/toronto_election_turnout/census/raw/source_downloads/statcan_2021_ct_profile.zip,data/toronto_election_turnout/census/processed/ct/statcan_2021_ct_census_variables_master.csv,,CT,,,,,,collected,
tenure_total_households,Block 2,"Marshall & Siemiatycki (2014); Couture, Bherer & Breux (2014); Geys (2006); Cancela & Geys (2016); Dostie-Goulet et al. (2012); McGregor (2018); Siaroff & Wesley (2015)",Statistics Canada 2021 Census,2021 Census Profile downloadable CT table,data/toronto_election_turnout/census/raw/source_downloads/statcan_2021_ct_profile.zip,data/toronto_election_turnout/census/processed/ct/statcan_2021_ct_census_variables_master.csv,,CT,,,,,,collected,
owner_households_count,Block 2,"Marshall & Siemiatycki (2014); Couture, Bherer & Breux (2014); Geys (2006); Cancela & Geys (2016); Dostie-Goulet et al. (2012); McGregor (2018); Siaroff & Wesley (2015)",Statistics Canada 2021 Census,2021 Census Profile downloadable CT table,data/toronto_election_turnout/census/raw/source_downloads/statcan_2021_ct_profile.zip,data/toronto_election_turnout/census/processed/ct/statcan_2021_ct_census_variables_master.csv,,CT,,,,,,collected,
renter_households_count,Block 2,"Marshall & Siemiatycki (2014); Couture, Bherer & Breux (2014); Geys (2006); Cancela & Geys (2016); Dostie-Goulet et al. (2012); McGregor (2018); Siaroff & Wesley (2015)",Statistics Canada 2021 Census,2021 Census Profile downloadable CT table,data/toronto_election_turnout/census/raw/source_downloads/statcan_2021_ct_profile.zip,data/toronto_election_turnout/census/processed/ct/statcan_2021_ct_census_variables_master.csv,,CT,,,,,,collected,
condo_status_total_dwellings,Block 2,"Marshall & Siemiatycki (2014); Couture, Bherer & Breux (2014); Geys (2006); Cancela & Geys (2016); Dostie-Goulet et al. (2012); McGregor (2018); Siaroff & Wesley (2015)",Statistics Canada 2021 Census,2021 Census Profile downloadable CT table,data/toronto_election_turnout/census/raw/source_downloads/statcan_2021_ct_profile.zip,data/toronto_election_turnout/census/processed/ct/statcan_2021_ct_census_variables_master.csv,,CT,,,,,,collected,
condominium_dwellings_count,Block 2,"Marshall & Siemiatycki (2014); Couture, Bherer & Breux (2014); Geys (2006); Cancela & Geys (2016); Dostie-Goulet et al. (2012); McGregor (2018); Siaroff & Wesley (2015)",Statistics Canada 2021 Census,2021 Census Profile downloadable CT table,data/toronto_election_turnout/census/raw/source_downloads/statcan_2021_ct_profile.zip,data/toronto_election_turnout/census/processed/ct/statcan_2021_ct_census_variables_master.csv,,CT,,,,,,collected,
subsidized_housing_tenant_pct_official,Block 5,"Marshall & Siemiatycki (2014); Couture, Bherer & Breux (2014); Geys (2006); Cancela & Geys (2016); Dostie-Goulet et al. (2012); McGregor (2018); Siaroff & Wesley (2015)",Statistics Canada 2021 Census,2021 Census Profile downloadable CT table,data/toronto_election_turnout/census/raw/source_downloads/statcan_2021_ct_profile.zip,data/toronto_election_turnout/census/processed/ct/statcan_2021_ct_census_variables_master.csv,,CT,,,,,,collected,
citizenship_total,Block 3,"Marshall & Siemiatycki (2014); Couture, Bherer & Breux (2014); Geys (2006); Cancela & Geys (2016); Dostie-Goulet et al. (2012); McGregor (2018); Siaroff & Wesley (2015)",Statistics Canada 2021 Census,2021 Census Profile downloadable CT table,data/toronto_election_turnout/census/raw/source_downloads/statcan_2021_ct_profile.zip,data/toronto_election_turnout/census/processed/ct/statcan_2021_ct_census_variables_master.csv,,CT,,,,,,collected,
canadian_citizens_18plus_count,Block 3,"Marshall & Siemiatycki (2014); Couture, Bherer & Breux (2014); Geys (2006); Cancela & Geys (2016); Dostie-Goulet et al. (2012); McGregor (2018); Siaroff & Wesley (2015)",Statistics Canada 2021 Census,2021 Census Profile downloadable CT table,data/toronto_election_turnout/census/raw/source_downloads/statcan_2021_ct_profile.zip,data/toronto_election_turnout/census/processed/ct/statcan_2021_ct_census_variables_master.csv,,CT,,,,,,collected,
not_canadian_citizens_count,Block 3,"Marshall & Siemiatycki (2014); Couture, Bherer & Breux (2014); Geys (2006); Cancela & Geys (2016); Dostie-Goulet et al. (2012); McGregor (2018); Siaroff & Wesley (2015)",Statistics Canada 2021 Census,2021 Census Profile downloadable CT table,data/toronto_election_turnout/census/raw/source_downloads/statcan_2021_ct_profile.zip,data/toronto_election_turnout/census/processed/ct/statcan_2021_ct_census_variables_master.csv,,CT,,,,,,collected,
immigrant_status_total,Block 3,"Marshall & Siemiatycki (2014); Couture, Bherer & Breux (2014); Geys (2006); Cancela & Geys (2016); Dostie-Goulet et al. (2012); McGregor (2018); Siaroff & Wesley (2015)",Statistics Canada 2021 Census,2021 Census Profile downloadable CT table,data/toronto_election_turnout/census/raw/source_downloads/statcan_2021_ct_profile.zip,data/toronto_election_turnout/census/processed/ct/statcan_2021_ct_census_variables_master.csv,,CT,,,,,,collected,
immigrants_count,Block 3,"Marshall & Siemiatycki (2014); Couture, Bherer & Breux (2014); Geys (2006); Cancela & Geys (2016); Dostie-Goulet et al. (2012); McGregor (2018); Siaroff & Wesley (2015)",Statistics Canada 2021 Census,2021 Census Profile downloadable CT table,data/toronto_election_turnout/census/raw/source_downloads/statcan_2021_ct_profile.zip,data/toronto_election_turnout/census/processed/ct/statcan_2021_ct_census_variables_master.csv,,CT,,,,,,collected,
recent_immigrants_2016_2021_count,Block 3,"Marshall & Siemiatycki (2014); Couture, Bherer & Breux (2014); Geys (2006); Cancela & Geys (2016); Dostie-Goulet et al. (2012); McGregor (2018); Siaroff & Wesley (2015)",Statistics Canada 2021 Census,2021 Census Profile downloadable CT table,data/toronto_election_turnout/census/raw/source_downloads/statcan_2021_ct_profile.zip,data/toronto_election_turnout/census/processed/ct/statcan_2021_ct_census_variables_master.csv,,CT,,,,,,collected,
visible_minority_total,Block 3,"Marshall & Siemiatycki (2014); Couture, Bherer & Breux (2014); Geys (2006); Cancela & Geys (2016); Dostie-Goulet et al. (2012); McGregor (2018); Siaroff & Wesley (2015)",Statistics Canada 2021 Census,2021 Census Profile downloadable CT table,data/toronto_election_turnout/census/raw/source_downloads/statcan_2021_ct_profile.zip,data/toronto_election_turnout/census/processed/ct/statcan_2021_ct_census_variables_master.csv,,CT,,,,,,collected,
visible_minority_population_count,Block 3,"Marshall & Siemiatycki (2014); Couture, Bherer & Breux (2014); Geys (2006); Cancela & Geys (2016); Dostie-Goulet et al. (2012); McGregor (2018); Siaroff & Wesley (2015)",Statistics Canada 2021 Census,2021 Census Profile downloadable CT table,data/toronto_election_turnout/census/raw/source_downloads/statcan_2021_ct_profile.zip,data/toronto_election_turnout/census/processed/ct/statcan_2021_ct_census_variables_master.csv,,CT,,,,,,collected,
mobility_1yr_total,Block 2,"Marshall & Siemiatycki (2014); Couture, Bherer & Breux (2014); Geys (2006); Cancela & Geys (2016); Dostie-Goulet et al. (2012); McGregor (2018); Siaroff & Wesley (2015)",Statistics Canada 2021 Census,2021 Census Profile downloadable CT table,data/toronto_election_turnout/census/raw/source_downloads/statcan_2021_ct_profile.zip,data/toronto_election_turnout/census/processed/ct/statcan_2021_ct_census_variables_master.csv,,CT,,,,,,collected,
same_address_1yr_count,Block 2,"Marshall & Siemiatycki (2014); Couture, Bherer & Breux (2014); Geys (2006); Cancela & Geys (2016); Dostie-Goulet et al. (2012); McGregor (2018); Siaroff & Wesley (2015)",Statistics Canada 2021 Census,2021 Census Profile downloadable CT table,data/toronto_election_turnout/census/raw/source_downloads/statcan_2021_ct_profile.zip,data/toronto_election_turnout/census/processed/ct/statcan_2021_ct_census_variables_master.csv,,CT,,,,,,collected,
moved_1yr_count,Block 2,"Marshall & Siemiatycki (2014); Couture, Bherer & Breux (2014); Geys (2006); Cancela & Geys (2016); Dostie-Goulet et al. (2012); McGregor (2018); Siaroff & Wesley (2015)",Statistics Canada 2021 Census,2021 Census Profile downloadable CT table,data/toronto_election_turnout/census/raw/source_downloads/statcan_2021_ct_profile.zip,data/toronto_election_turnout/census/processed/ct/statcan_2021_ct_census_variables_master.csv,,CT,,,,,,collected,
mobility_5yr_total,Block 2,"Marshall & Siemiatycki (2014); Couture, Bherer & Breux (2014); Geys (2006); Cancela & Geys (2016); Dostie-Goulet et al. (2012); McGregor (2018); Siaroff & Wesley (2015)",Statistics Canada 2021 Census,2021 Census Profile downloadable CT table,data/toronto_election_turnout/census/raw/source_downloads/statcan_2021_ct_profile.zip,data/toronto_election_turnout/census/processed/ct/statcan_2021_ct_census_variables_master.csv,,CT,,,,,,collected,
same_address_5yr_count,Block 2,"Marshall & Siemiatycki (2014); Couture, Bherer & Breux (2014); Geys (2006); Cancela & Geys (2016); Dostie-Goulet et al. (2012); McGregor (2018); Siaroff & Wesley (2015)",Statistics Canada 2021 Census,2021 Census Profile downloadable CT table,data/toronto_election_turnout/census/raw/source_downloads/statcan_2021_ct_profile.zip,data/toronto_election_turnout/census/processed/ct/statcan_2021_ct_census_variables_master.csv,,CT,,,,,,collected,
moved_5yr_count,Block 2,"Marshall & Siemiatycki (2014); Couture, Bherer & Breux (2014); Geys (2006); Cancela & Geys (2016); Dostie-Goulet et al. (2012); McGregor (2018); Siaroff & Wesley (2015)",Statistics Canada 2021 Census,2021 Census Profile downloadable CT table,data/toronto_election_turnout/census/raw/source_downloads/statcan_2021_ct_profile.zip,data/toronto_election_turnout/census/processed/ct/statcan_2021_ct_census_variables_master.csv,,CT,,,,,,collected,
education_25_64_total,Block 1,"Marshall & Siemiatycki (2014); Couture, Bherer & Breux (2014); Geys (2006); Cancela & Geys (2016); Dostie-Goulet et al. (2012); McGregor (2018); Siaroff & Wesley (2015)",Statistics Canada 2021 Census,2021 Census Profile downloadable CT table,data/toronto_election_turnout/census/raw/source_downloads/statcan_2021_ct_profile.zip,data/toronto_election_turnout/census/processed/ct/statcan_2021_ct_census_variables_master.csv,,CT,,,,,,collected,
bachelors_or_higher_25_64_count,Block 1,"Marshall & Siemiatycki (2014); Couture, Bherer & Breux (2014); Geys (2006); Cancela & Geys (2016); Dostie-Goulet et al. (2012); McGregor (2018); Siaroff & Wesley (2015)",Statistics Canada 2021 Census,2021 Census Profile downloadable CT table,data/toronto_election_turnout/census/raw/source_downloads/statcan_2021_ct_profile.zip,data/toronto_election_turnout/census/processed/ct/statcan_2021_ct_census_variables_master.csv,,CT,,,,,,collected,
labour_force_total,Block 1,"Marshall & Siemiatycki (2014); Couture, Bherer & Breux (2014); Geys (2006); Cancela & Geys (2016); Dostie-Goulet et al. (2012); McGregor (2018); Siaroff & Wesley (2015)",Statistics Canada 2021 Census,2021 Census Profile downloadable CT table,data/toronto_election_turnout/census/raw/source_downloads/statcan_2021_ct_profile.zip,data/toronto_election_turnout/census/processed/ct/statcan_2021_ct_census_variables_master.csv,,CT,,,,,,collected,
unemployment_rate_pct_official,Block 1,"Marshall & Siemiatycki (2014); Couture, Bherer & Breux (2014); Geys (2006); Cancela & Geys (2016); Dostie-Goulet et al. (2012); McGregor (2018); Siaroff & Wesley (2015)",Statistics Canada 2021 Census,2021 Census Profile downloadable CT table,data/toronto_election_turnout/census/raw/source_downloads/statcan_2021_ct_profile.zip,data/toronto_election_turnout/census/processed/ct/statcan_2021_ct_census_variables_master.csv,,CT,,,,,,collected,
commute_mode_total,Block 5,"Marshall & Siemiatycki (2014); Couture, Bherer & Breux (2014); Geys (2006); Cancela & Geys (2016); Dostie-Goulet et al. (2012); McGregor (2018); Siaroff & Wesley (2015)",Statistics Canada 2021 Census,2021 Census Profile downloadable CT table,data/toronto_election_turnout/census/raw/source_downloads/statcan_2021_ct_profile.zip,data/toronto_election_turnout/census/processed/ct/statcan_2021_ct_census_variables_master.csv,,CT,,,,,,collected,
public_transit_commute_count,Block 5,"Marshall & Siemiatycki (2014); Couture, Bherer & Breux (2014); Geys (2006); Cancela & Geys (2016); Dostie-Goulet et al. (2012); McGregor (2018); Siaroff & Wesley (2015)",Statistics Canada 2021 Census,2021 Census Profile downloadable CT table,data/toronto_election_turnout/census/raw/source_downloads/statcan_2021_ct_profile.zip,data/toronto_election_turnout/census/processed/ct/statcan_2021_ct_census_variables_master.csv,,CT,,,,,,collected,
age_18_34_share,Block 1,"Marshall & Siemiatycki (2014); Couture, Bherer & Breux (2014); Geys (2006); Cancela & Geys (2016); Dostie-Goulet et al. (2012); McGregor (2018); Siaroff & Wesley (2015)",Statistics Canada 2021 Census,Statistics Canada Table 98-10-0024-01,data/toronto_election_turnout/census/raw/source_downloads/statcan_2021_ct_age_single_year_98100024-eng.zip,data/toronto_election_turnout/census/processed/ct/statcan_2021_ct_census_variables_master.csv,,CT,,,population_age_total,,,collected,"Single-year age cube, total population including institutional residents."
age_35_64_share,Block 1,"Marshall & Siemiatycki (2014); Couture, Bherer & Breux (2014); Geys (2006); Cancela & Geys (2016); Dostie-Goulet et al. (2012); McGregor (2018); Siaroff & Wesley (2015)",Statistics Canada 2021 Census,Statistics Canada Table 98-10-0024-01,data/toronto_election_turnout/census/raw/source_downloads/statcan_2021_ct_age_single_year_98100024-eng.zip,data/toronto_election_turnout/census/processed/ct/statcan_2021_ct_census_variables_master.csv,,CT,,,population_age_total,,,collected,"Single-year age cube, total population including institutional residents."
age_65_plus_share,Block 1,"Marshall & Siemiatycki (2014); Couture, Bherer & Breux (2014); Geys (2006); Cancela & Geys (2016); Dostie-Goulet et al. (2012); McGregor (2018); Siaroff & Wesley (2015)",Statistics Canada 2021 Census,Statistics Canada Table 98-10-0024-01,data/toronto_election_turnout/census/raw/source_downloads/statcan_2021_ct_age_single_year_98100024-eng.zip,data/toronto_election_turnout/census/processed/ct/statcan_2021_ct_census_variables_master.csv,,CT,,,population_age_total,,,collected,Uses the official 65 years and over age aggregate.
bachelors_or_higher_25_64_share,Block 1,"Marshall & Siemiatycki (2014); Couture, Bherer & Breux (2014); Geys (2006); Cancela & Geys (2016); Dostie-Goulet et al. (2012); McGregor (2018); Siaroff & Wesley (2015)",Statistics Canada 2021 Census,2021 Census Profile downloadable CT table,data/toronto_election_turnout/census/raw/source_downloads/statcan_2021_ct_profile.zip,data/toronto_election_turnout/census/processed/ct/statcan_2021_ct_census_variables_master.csv,,CT,,,education_25_64_total,,,collected,Population aged 25 to 64 in private households.
low_income_lim_at_share,Block 1,"Marshall & Siemiatycki (2014); Couture, Bherer & Breux (2014); Geys (2006); Cancela & Geys (2016); Dostie-Goulet et al. (2012); McGregor (2018); Siaroff & Wesley (2015)",Statistics Canada 2021 Census,2021 Census Profile downloadable CT table,data/toronto_election_turnout/census/raw/source_downloads/statcan_2021_ct_profile.zip,data/toronto_election_turnout/census/processed/ct/statcan_2021_ct_census_variables_master.csv,,CT,,,low_income_status_total,,,collected,LIM-AT low-income status for population in private households.
unemployment_rate_share,Block 1,"Marshall & Siemiatycki (2014); Couture, Bherer & Breux (2014); Geys (2006); Cancela & Geys (2016); Dostie-Goulet et al. (2012); McGregor (2018); Siaroff & Wesley (2015)",Statistics Canada 2021 Census,2021 Census Profile downloadable CT table,data/toronto_election_turnout/census/raw/source_downloads/statcan_2021_ct_profile.zip,data/toronto_election_turnout/census/processed/ct/statcan_2021_ct_census_variables_master.csv,,CT,,,labour_force_total,,,collected,Official Census unemployment rate converted from percent to share.
renter_share,Block 2,"Marshall & Siemiatycki (2014); Couture, Bherer & Breux (2014); Geys (2006); Cancela & Geys (2016); Dostie-Goulet et al. (2012); McGregor (2018); Siaroff & Wesley (2015)",Statistics Canada 2021 Census,2021 Census Profile downloadable CT table,data/toronto_election_turnout/census/raw/source_downloads/statcan_2021_ct_profile.zip,data/toronto_election_turnout/census/processed/ct/statcan_2021_ct_census_variables_master.csv,,CT,,,tenure_total_households,,,collected,"Private households by tenure, 25% sample."
owner_share,Block 2,"Marshall & Siemiatycki (2014); Couture, Bherer & Breux (2014); Geys (2006); Cancela & Geys (2016); Dostie-Goulet et al. (2012); McGregor (2018); Siaroff & Wesley (2015)",Statistics Canada 2021 Census,2021 Census Profile downloadable CT table,data/toronto_election_turnout/census/raw/source_downloads/statcan_2021_ct_profile.zip,data/toronto_election_turnout/census/processed/ct/statcan_2021_ct_census_variables_master.csv,,CT,,,tenure_total_households,,,collected,"Private households by tenure, 25% sample."
same_address_1yr_share,Block 2,"Marshall & Siemiatycki (2014); Couture, Bherer & Breux (2014); Geys (2006); Cancela & Geys (2016); Dostie-Goulet et al. (2012); McGregor (2018); Siaroff & Wesley (2015)",Statistics Canada 2021 Census,2021 Census Profile downloadable CT table,data/toronto_election_turnout/census/raw/source_downloads/statcan_2021_ct_profile.zip,data/toronto_election_turnout/census/processed/ct/statcan_2021_ct_census_variables_master.csv,,CT,,,mobility_1yr_total,,,collected,Census non-movers are interpreted as same address one year ago.
same_address_5yr_share,Block 2,"Marshall & Siemiatycki (2014); Couture, Bherer & Breux (2014); Geys (2006); Cancela & Geys (2016); Dostie-Goulet et al. (2012); McGregor (2018); Siaroff & Wesley (2015)",Statistics Canada 2021 Census,2021 Census Profile downloadable CT table,data/toronto_election_turnout/census/raw/source_downloads/statcan_2021_ct_profile.zip,data/toronto_election_turnout/census/processed/ct/statcan_2021_ct_census_variables_master.csv,,CT,,,mobility_5yr_total,,,collected,Census non-movers are interpreted as same address five years ago.
condo_share,Block 2,"Marshall & Siemiatycki (2014); Couture, Bherer & Breux (2014); Geys (2006); Cancela & Geys (2016); Dostie-Goulet et al. (2012); McGregor (2018); Siaroff & Wesley (2015)",Statistics Canada 2021 Census,2021 Census Profile downloadable CT table,data/toronto_election_turnout/census/raw/source_downloads/statcan_2021_ct_profile.zip,data/toronto_election_turnout/census/processed/ct/statcan_2021_ct_census_variables_master.csv,,CT,,,condo_status_total_dwellings,,,collected,Occupied private dwellings by condominium status.
subsidized_housing_tenant_share,Block 5,"Marshall & Siemiatycki (2014); Couture, Bherer & Breux (2014); Geys (2006); Cancela & Geys (2016); Dostie-Goulet et al. (2012); McGregor (2018); Siaroff & Wesley (2015)",Statistics Canada 2021 Census,2021 Census Profile downloadable CT table,data/toronto_election_turnout/census/raw/source_downloads/statcan_2021_ct_profile.zip,data/toronto_election_turnout/census/processed/ct/statcan_2021_ct_census_variables_master.csv,,CT,,,tenant households,,,collected,"Official Census Profile characteristic 1491: percent of tenant households in subsidized housing, converted from percent to share."
apartment_share,Block 2,"Marshall & Siemiatycki (2014); Couture, Bherer & Breux (2014); Geys (2006); Cancela & Geys (2016); Dostie-Goulet et al. (2012); McGregor (2018); Siaroff & Wesley (2015)",Statistics Canada 2021 Census,2021 Census Profile downloadable CT table,data/toronto_election_turnout/census/raw/source_downloads/statcan_2021_ct_profile.zip,data/toronto_election_turnout/census/processed/ct/statcan_2021_ct_census_variables_master.csv,,CT,,,structural_type_total_dwellings,,,collected,"Apartments include duplex, fewer-than-five-storey, and five-plus-storey apartment categories."
detached_share,Block 2,"Marshall & Siemiatycki (2014); Couture, Bherer & Breux (2014); Geys (2006); Cancela & Geys (2016); Dostie-Goulet et al. (2012); McGregor (2018); Siaroff & Wesley (2015)",Statistics Canada 2021 Census,2021 Census Profile downloadable CT table,data/toronto_election_turnout/census/raw/source_downloads/statcan_2021_ct_profile.zip,data/toronto_election_turnout/census/processed/ct/statcan_2021_ct_census_variables_master.csv,,CT,,,structural_type_total_dwellings,,,collected,Single-detached houses only.
semi_detached_share,Block 2,"Marshall & Siemiatycki (2014); Couture, Bherer & Breux (2014); Geys (2006); Cancela & Geys (2016); Dostie-Goulet et al. (2012); McGregor (2018); Siaroff & Wesley (2015)",Statistics Canada 2021 Census,2021 Census Profile downloadable CT table,data/toronto_election_turnout/census/raw/source_downloads/statcan_2021_ct_profile.zip,data/toronto_election_turnout/census/processed/ct/statcan_2021_ct_census_variables_master.csv,,CT,,,structural_type_total_dwellings,,,collected,Semi-detached houses only.
immigrant_share,Block 3,"Marshall & Siemiatycki (2014); Couture, Bherer & Breux (2014); Geys (2006); Cancela & Geys (2016); Dostie-Goulet et al. (2012); McGregor (2018); Siaroff & Wesley (2015)",Statistics Canada 2021 Census,2021 Census Profile downloadable CT table,data/toronto_election_turnout/census/raw/source_downloads/statcan_2021_ct_profile.zip,data/toronto_election_turnout/census/processed/ct/statcan_2021_ct_census_variables_master.csv,,CT,,,immigrant_status_total,,,collected,Population in private households by immigrant status.
recent_immigrant_share,Block 3,"Marshall & Siemiatycki (2014); Couture, Bherer & Breux (2014); Geys (2006); Cancela & Geys (2016); Dostie-Goulet et al. (2012); McGregor (2018); Siaroff & Wesley (2015)",Statistics Canada 2021 Census,2021 Census Profile downloadable CT table,data/toronto_election_turnout/census/raw/source_downloads/statcan_2021_ct_profile.zip,data/toronto_election_turnout/census/processed/ct/statcan_2021_ct_census_variables_master.csv,,CT,,,immigrant_status_total,,,collected,Recent immigrants are persons whose period of immigration is 2016 to 2021.
non_citizen_share,Block 3,"Marshall & Siemiatycki (2014); Couture, Bherer & Breux (2014); Geys (2006); Cancela & Geys (2016); Dostie-Goulet et al. (2012); McGregor (2018); Siaroff & Wesley (2015)",Statistics Canada 2021 Census,2021 Census Profile downloadable CT table,data/toronto_election_turnout/census/raw/source_downloads/statcan_2021_ct_profile.zip,data/toronto_election_turnout/census/processed/ct/statcan_2021_ct_census_variables_master.csv,,CT,,,citizenship_total,,,collected,Population in private households by citizenship.
citizen_adult_share,Block 3,"Marshall & Siemiatycki (2014); Couture, Bherer & Breux (2014); Geys (2006); Cancela & Geys (2016); Dostie-Goulet et al. (2012); McGregor (2018); Siaroff & Wesley (2015)",Statistics Canada 2021 Census,2021 Census Profile downloadable CT table,data/toronto_election_turnout/census/raw/source_downloads/statcan_2021_ct_profile.zip,data/toronto_election_turnout/census/processed/ct/statcan_2021_ct_census_variables_master.csv,,CT,,,population_18plus,,,collected,Canadian citizens aged 18+ divided by total 18+ population from the official single-year age cube.
visible_minority_share,Block 3,"Marshall & Siemiatycki (2014); Couture, Bherer & Breux (2014); Geys (2006); Cancela & Geys (2016); Dostie-Goulet et al. (2012); McGregor (2018); Siaroff & Wesley (2015)",Statistics Canada 2021 Census,2021 Census Profile downloadable CT table,data/toronto_election_turnout/census/raw/source_downloads/statcan_2021_ct_profile.zip,data/toronto_election_turnout/census/processed/ct/statcan_2021_ct_census_variables_master.csv,,CT,,,visible_minority_total,,,collected,Census visible minority concept is used as the racialized-population operationalization.
english_french_knowledge_share,Block 3,"Marshall & Siemiatycki (2014); Couture, Bherer & Breux (2014); Geys (2006); Cancela & Geys (2016); Dostie-Goulet et al. (2012); McGregor (2018); Siaroff & Wesley (2015)",Statistics Canada 2021 Census,2021 Census Profile downloadable CT table,data/toronto_election_turnout/census/raw/source_downloads/statcan_2021_ct_profile.zip,data/toronto_election_turnout/census/processed/ct/statcan_2021_ct_census_variables_master.csv,,CT,,,official_language_knowledge_total,,,collected,"Share knowing English, French, or both; excludes institutional residents."
non_official_mother_tongue_share,Block 3,"Marshall & Siemiatycki (2014); Couture, Bherer & Breux (2014); Geys (2006); Cancela & Geys (2016); Dostie-Goulet et al. (2012); McGregor (2018); Siaroff & Wesley (2015)",Statistics Canada 2021 Census,2021 Census Profile downloadable CT table,data/toronto_election_turnout/census/raw/source_downloads/statcan_2021_ct_profile.zip,data/toronto_election_turnout/census/processed/ct/statcan_2021_ct_census_variables_master.csv,,CT,,,mother_tongue_total,,,collected,Non-official languages mother tongue category.
transit_commute_share,Block 5,"Marshall & Siemiatycki (2014); Couture, Bherer & Breux (2014); Geys (2006); Cancela & Geys (2016); Dostie-Goulet et al. (2012); McGregor (2018); Siaroff & Wesley (2015)",Statistics Canada 2021 Census,2021 Census Profile downloadable CT table,data/toronto_election_turnout/census/raw/source_downloads/statcan_2021_ct_profile.zip,data/toronto_election_turnout/census/processed/ct/statcan_2021_ct_census_variables_master.csv,,CT,,,commute_mode_total,,,collected,Main mode of commuting; preserved as the Census version for comparison.
school_age_5_17_share,Block 5,"Marshall & Siemiatycki (2014); Couture, Bherer & Breux (2014); Geys (2006); Cancela & Geys (2016); Dostie-Goulet et al. (2012); McGregor (2018); Siaroff & Wesley (2015)",Statistics Canada 2021 Census,Statistics Canada Table 98-10-0024-01,data/toronto_election_turnout/census/raw/source_downloads/statcan_2021_ct_age_single_year_98100024-eng.zip,data/toronto_election_turnout/census/processed/ct/statcan_2021_ct_census_variables_master.csv,,CT,,,population_age_total,,,collected,School-age population operationalized as ages 5 to 17 from the single-year age cube.
ct_id,identifier,,,,,data/toronto_election_turnout/variables/processed/toronto_ct_blocks_1_5_modelling_master.csv,analysis/toronto_election_turnout/variables/scripts/build_blocks_1_5_master.py,CT,,,,,,complete,
ctuid,identifier,,,,,data/toronto_election_turnout/variables/processed/toronto_ct_blocks_1_5_modelling_master.csv,analysis/toronto_election_turnout/variables/scripts/build_blocks_1_5_master.py,CT,,,,,,complete,
dguid,identifier,,,,,data/toronto_election_turnout/variables/processed/toronto_ct_blocks_1_5_modelling_master.csv,analysis/toronto_election_turnout/variables/scripts/build_blocks_1_5_master.py,CT,,,,,,complete,
geo_name,identifier,,,,,data/toronto_election_turnout/variables/processed/toronto_ct_blocks_1_5_modelling_master.csv,analysis/toronto_election_turnout/variables/scripts/build_blocks_1_5_master.py,CT,,,,,,complete,
census_year,identifier,,,,,data/toronto_election_turnout/variables/processed/toronto_ct_blocks_1_5_modelling_master.csv,analysis/toronto_election_turnout/variables/scripts/build_blocks_1_5_master.py,CT,,,,,,complete,
population_total,identifier,,,,,data/toronto_election_turnout/variables/processed/toronto_ct_blocks_1_5_modelling_master.csv,analysis/toronto_election_turnout/variables/scripts/build_blocks_1_5_master.py,CT,,,,,,complete,
population_18plus,identifier,,,,,data/toronto_election_turnout/variables/processed/toronto_ct_blocks_1_5_modelling_master.csv,analysis/toronto_election_turnout/variables/scripts/build_blocks_1_5_master.py,CT,,,,,,complete,
citizen_canadian_18plus_count,identifier,,,,,data/toronto_election_turnout/variables/processed/toronto_ct_blocks_1_5_modelling_master.csv,analysis/toronto_election_turnout/variables/scripts/build_blocks_1_5_master.py,CT,,,,,,complete,
land_area_km2,identifier,,,,,data/toronto_election_turnout/variables/processed/toronto_ct_blocks_1_5_modelling_master.csv,analysis/toronto_election_turnout/variables/scripts/build_blocks_1_5_master.py,CT,,,,,,complete,
block1_age_18_34_share,Block 1,"Marshall & Siemiatycki (2014); Couture, Bherer & Breux (2014); Geys (2006); Cancela & Geys (2016); Dostie-Goulet et al. (2012); McGregor (2018); Breux, Couture & Koop (2017); Breux, Couture & Goodman (2017); Breux, Couture & Koop (2022)",Statistics Canada 2021 Census,Statistics Canada 2021 Census,data/toronto_election_turnout/census/processed/ct/statcan_2021_ct_census_variables_master.csv,data/toronto_election_turnout/variables/processed/toronto_ct_blocks_1_5_modelling_master.csv,analysis/toronto_election_turnout/variables/scripts/build_blocks_1_5_master.py,CT,share/count/rate,,,Imported from Task 1 Census CT master; see Census data dictionary for source counts and denominators.,,complete,
block1_age_35_64_share,Block 1,"Marshall & Siemiatycki (2014); Couture, Bherer & Breux (2014); Geys (2006); Cancela & Geys (2016); Dostie-Goulet et al. (2012); McGregor (2018); Breux, Couture & Koop (2017); Breux, Couture & Goodman (2017); Breux, Couture & Koop (2022)",Statistics Canada 2021 Census,Statistics Canada 2021 Census,data/toronto_election_turnout/census/processed/ct/statcan_2021_ct_census_variables_master.csv,data/toronto_election_turnout/variables/processed/toronto_ct_blocks_1_5_modelling_master.csv,analysis/toronto_election_turnout/variables/scripts/build_blocks_1_5_master.py,CT,share/count/rate,,,Imported from Task 1 Census CT master; see Census data dictionary for source counts and denominators.,,complete,
block1_age_65_plus_share,Block 1,"Marshall & Siemiatycki (2014); Couture, Bherer & Breux (2014); Geys (2006); Cancela & Geys (2016); Dostie-Goulet et al. (2012); McGregor (2018); Breux, Couture & Koop (2017); Breux, Couture & Goodman (2017); Breux, Couture & Koop (2022)",Statistics Canada 2021 Census,Statistics Canada 2021 Census,data/toronto_election_turnout/census/processed/ct/statcan_2021_ct_census_variables_master.csv,data/toronto_election_turnout/variables/processed/toronto_ct_blocks_1_5_modelling_master.csv,analysis/toronto_election_turnout/variables/scripts/build_blocks_1_5_master.py,CT,share/count/rate,,,Imported from Task 1 Census CT master; see Census data dictionary for source counts and denominators.,,complete,
block1_median_age,Block 1,"Marshall & Siemiatycki (2014); Couture, Bherer & Breux (2014); Geys (2006); Cancela & Geys (2016); Dostie-Goulet et al. (2012); McGregor (2018); Breux, Couture & Koop (2017); Breux, Couture & Goodman (2017); Breux, Couture & Koop (2022)",Statistics Canada 2021 Census,Statistics Canada 2021 Census,data/toronto_election_turnout/census/processed/ct/statcan_2021_ct_census_variables_master.csv,data/toronto_election_turnout/variables/processed/toronto_ct_blocks_1_5_modelling_master.csv,analysis/toronto_election_turnout/variables/scripts/build_blocks_1_5_master.py,CT,share/count/rate,,,Imported from Task 1 Census CT master; see Census data dictionary for source counts and denominators.,,complete,
block1_average_household_size,Block 1,"Marshall & Siemiatycki (2014); Couture, Bherer & Breux (2014); Geys (2006); Cancela & Geys (2016); Dostie-Goulet et al. (2012); McGregor (2018); Breux, Couture & Koop (2017); Breux, Couture & Goodman (2017); Breux, Couture & Koop (2022)",Statistics Canada 2021 Census,Statistics Canada 2021 Census,data/toronto_election_turnout/census/processed/ct/statcan_2021_ct_census_variables_master.csv,data/toronto_election_turnout/variables/processed/toronto_ct_blocks_1_5_modelling_master.csv,analysis/toronto_election_turnout/variables/scripts/build_blocks_1_5_master.py,CT,share/count/rate,,,Imported from Task 1 Census CT master; see Census data dictionary for source counts and denominators.,,complete,
block1_bachelors_or_higher_25_64_share,Block 1,"Marshall & Siemiatycki (2014); Couture, Bherer & Breux (2014); Geys (2006); Cancela & Geys (2016); Dostie-Goulet et al. (2012); McGregor (2018); Breux, Couture & Koop (2017); Breux, Couture & Goodman (2017); Breux, Couture & Koop (2022)",Statistics Canada 2021 Census,Statistics Canada 2021 Census,data/toronto_election_turnout/census/processed/ct/statcan_2021_ct_census_variables_master.csv,data/toronto_election_turnout/variables/processed/toronto_ct_blocks_1_5_modelling_master.csv,analysis/toronto_election_turnout/variables/scripts/build_blocks_1_5_master.py,CT,share/count/rate,,,Imported from Task 1 Census CT master; see Census data dictionary for source counts and denominators.,,complete,
block1_low_income_lim_at_share,Block 1,"Marshall & Siemiatycki (2014); Couture, Bherer & Breux (2014); Geys (2006); Cancela & Geys (2016); Dostie-Goulet et al. (2012); McGregor (2018); Breux, Couture & Koop (2017); Breux, Couture & Goodman (2017); Breux, Couture & Koop (2022)",Statistics Canada 2021 Census,Statistics Canada 2021 Census,data/toronto_election_turnout/census/processed/ct/statcan_2021_ct_census_variables_master.csv,data/toronto_election_turnout/variables/processed/toronto_ct_blocks_1_5_modelling_master.csv,analysis/toronto_election_turnout/variables/scripts/build_blocks_1_5_master.py,CT,share/count/rate,,,Imported from Task 1 Census CT master; see Census data dictionary for source counts and denominators.,,complete,
block1_unemployment_rate_share,Block 1,"Marshall & Siemiatycki (2014); Couture, Bherer & Breux (2014); Geys (2006); Cancela & Geys (2016); Dostie-Goulet et al. (2012); McGregor (2018); Breux, Couture & Koop (2017); Breux, Couture & Goodman (2017); Breux, Couture & Koop (2022)",Statistics Canada 2021 Census,Statistics Canada 2021 Census,data/toronto_election_turnout/census/processed/ct/statcan_2021_ct_census_variables_master.csv,data/toronto_election_turnout/variables/processed/toronto_ct_blocks_1_5_modelling_master.csv,analysis/toronto_election_turnout/variables/scripts/build_blocks_1_5_master.py,CT,share/count/rate,,,Imported from Task 1 Census CT master; see Census data dictionary for source counts and denominators.,,complete,
block2_renter_share,Block 2,"Marshall & Siemiatycki (2014); Couture, Bherer & Breux (2014); Geys (2006); Cancela & Geys (2016); Dostie-Goulet et al. (2012); McGregor (2018); Breux, Couture & Koop (2017); Breux, Couture & Goodman (2017); Breux, Couture & Koop (2022)",Statistics Canada 2021 Census,Statistics Canada 2021 Census,data/toronto_election_turnout/census/processed/ct/statcan_2021_ct_census_variables_master.csv,data/toronto_election_turnout/variables/processed/toronto_ct_blocks_1_5_modelling_master.csv,analysis/toronto_election_turnout/variables/scripts/build_blocks_1_5_master.py,CT,share/count/rate,,,Imported from Task 1 Census CT master; see Census data dictionary for source counts and denominators.,,complete,
block2_owner_share,Block 2,"Marshall & Siemiatycki (2014); Couture, Bherer & Breux (2014); Geys (2006); Cancela & Geys (2016); Dostie-Goulet et al. (2012); McGregor (2018); Breux, Couture & Koop (2017); Breux, Couture & Goodman (2017); Breux, Couture & Koop (2022)",Statistics Canada 2021 Census,Statistics Canada 2021 Census,data/toronto_election_turnout/census/processed/ct/statcan_2021_ct_census_variables_master.csv,data/toronto_election_turnout/variables/processed/toronto_ct_blocks_1_5_modelling_master.csv,analysis/toronto_election_turnout/variables/scripts/build_blocks_1_5_master.py,CT,share/count/rate,,,Imported from Task 1 Census CT master; see Census data dictionary for source counts and denominators.,,complete,
block2_same_address_1yr_share,Block 2,"Marshall & Siemiatycki (2014); Couture, Bherer & Breux (2014); Geys (2006); Cancela & Geys (2016); Dostie-Goulet et al. (2012); McGregor (2018); Breux, Couture & Koop (2017); Breux, Couture & Goodman (2017); Breux, Couture & Koop (2022)",Statistics Canada 2021 Census,Statistics Canada 2021 Census,data/toronto_election_turnout/census/processed/ct/statcan_2021_ct_census_variables_master.csv,data/toronto_election_turnout/variables/processed/toronto_ct_blocks_1_5_modelling_master.csv,analysis/toronto_election_turnout/variables/scripts/build_blocks_1_5_master.py,CT,share/count/rate,,,Imported from Task 1 Census CT master; see Census data dictionary for source counts and denominators.,,complete,
block2_same_address_5yr_share,Block 2,"Marshall & Siemiatycki (2014); Couture, Bherer & Breux (2014); Geys (2006); Cancela & Geys (2016); Dostie-Goulet et al. (2012); McGregor (2018); Breux, Couture & Koop (2017); Breux, Couture & Goodman (2017); Breux, Couture & Koop (2022)",Statistics Canada 2021 Census,Statistics Canada 2021 Census,data/toronto_election_turnout/census/processed/ct/statcan_2021_ct_census_variables_master.csv,data/toronto_election_turnout/variables/processed/toronto_ct_blocks_1_5_modelling_master.csv,analysis/toronto_election_turnout/variables/scripts/build_blocks_1_5_master.py,CT,share/count/rate,,,Imported from Task 1 Census CT master; see Census data dictionary for source counts and denominators.,,complete,
block2_condo_share,Block 2,"Marshall & Siemiatycki (2014); Couture, Bherer & Breux (2014); Geys (2006); Cancela & Geys (2016); Dostie-Goulet et al. (2012); McGregor (2018); Breux, Couture & Koop (2017); Breux, Couture & Goodman (2017); Breux, Couture & Koop (2022)",Statistics Canada 2021 Census,Statistics Canada 2021 Census,data/toronto_election_turnout/census/processed/ct/statcan_2021_ct_census_variables_master.csv,data/toronto_election_turnout/variables/processed/toronto_ct_blocks_1_5_modelling_master.csv,analysis/toronto_election_turnout/variables/scripts/build_blocks_1_5_master.py,CT,share/count/rate,,,Imported from Task 1 Census CT master; see Census data dictionary for source counts and denominators.,,complete,
block2_apartment_share,Block 2,"Marshall & Siemiatycki (2014); Couture, Bherer & Breux (2014); Geys (2006); Cancela & Geys (2016); Dostie-Goulet et al. (2012); McGregor (2018); Breux, Couture & Koop (2017); Breux, Couture & Goodman (2017); Breux, Couture & Koop (2022)",Statistics Canada 2021 Census,Statistics Canada 2021 Census,data/toronto_election_turnout/census/processed/ct/statcan_2021_ct_census_variables_master.csv,data/toronto_election_turnout/variables/processed/toronto_ct_blocks_1_5_modelling_master.csv,analysis/toronto_election_turnout/variables/scripts/build_blocks_1_5_master.py,CT,share/count/rate,,,Imported from Task 1 Census CT master; see Census data dictionary for source counts and denominators.,,complete,
block2_detached_share,Block 2,"Marshall & Siemiatycki (2014); Couture, Bherer & Breux (2014); Geys (2006); Cancela & Geys (2016); Dostie-Goulet et al. (2012); McGregor (2018); Breux, Couture & Koop (2017); Breux, Couture & Goodman (2017); Breux, Couture & Koop (2022)",Statistics Canada 2021 Census,Statistics Canada 2021 Census,data/toronto_election_turnout/census/processed/ct/statcan_2021_ct_census_variables_master.csv,data/toronto_election_turnout/variables/processed/toronto_ct_blocks_1_5_modelling_master.csv,analysis/toronto_election_turnout/variables/scripts/build_blocks_1_5_master.py,CT,share/count/rate,,,Imported from Task 1 Census CT master; see Census data dictionary for source counts and denominators.,,complete,
block2_semi_detached_share,Block 2,"Marshall & Siemiatycki (2014); Couture, Bherer & Breux (2014); Geys (2006); Cancela & Geys (2016); Dostie-Goulet et al. (2012); McGregor (2018); Breux, Couture & Koop (2017); Breux, Couture & Goodman (2017); Breux, Couture & Koop (2022)",Statistics Canada 2021 Census,Statistics Canada 2021 Census,data/toronto_election_turnout/census/processed/ct/statcan_2021_ct_census_variables_master.csv,data/toronto_election_turnout/variables/processed/toronto_ct_blocks_1_5_modelling_master.csv,analysis/toronto_election_turnout/variables/scripts/build_blocks_1_5_master.py,CT,share/count/rate,,,Imported from Task 1 Census CT master; see Census data dictionary for source counts and denominators.,,complete,
block2_population_density_per_km2,Block 2,"Marshall & Siemiatycki (2014); Couture, Bherer & Breux (2014); Geys (2006); Cancela & Geys (2016); Dostie-Goulet et al. (2012); McGregor (2018); Breux, Couture & Koop (2017); Breux, Couture & Goodman (2017); Breux, Couture & Koop (2022)",Statistics Canada 2021 Census,Statistics Canada 2021 Census,data/toronto_election_turnout/census/processed/ct/statcan_2021_ct_census_variables_master.csv,data/toronto_election_turnout/variables/processed/toronto_ct_blocks_1_5_modelling_master.csv,analysis/toronto_election_turnout/variables/scripts/build_blocks_1_5_master.py,CT,share/count/rate,,,Imported from Task 1 Census CT master; see Census data dictionary for source counts and denominators.,,complete,
block3_immigrant_share,Block 3,"Marshall & Siemiatycki (2014); Couture, Bherer & Breux (2014); Geys (2006); Cancela & Geys (2016); Dostie-Goulet et al. (2012); McGregor (2018); Breux, Couture & Koop (2017); Breux, Couture & Goodman (2017); Breux, Couture & Koop (2022)",Statistics Canada 2021 Census,Statistics Canada 2021 Census,data/toronto_election_turnout/census/processed/ct/statcan_2021_ct_census_variables_master.csv,data/toronto_election_turnout/variables/processed/toronto_ct_blocks_1_5_modelling_master.csv,analysis/toronto_election_turnout/variables/scripts/build_blocks_1_5_master.py,CT,share,,,Imported from Task 1 Census CT master; see Census data dictionary for source counts and denominators.,,complete,
block3_recent_immigrant_share,Block 3,"Marshall & Siemiatycki (2014); Couture, Bherer & Breux (2014); Geys (2006); Cancela & Geys (2016); Dostie-Goulet et al. (2012); McGregor (2018); Breux, Couture & Koop (2017); Breux, Couture & Goodman (2017); Breux, Couture & Koop (2022)",Statistics Canada 2021 Census,Statistics Canada 2021 Census,data/toronto_election_turnout/census/processed/ct/statcan_2021_ct_census_variables_master.csv,data/toronto_election_turnout/variables/processed/toronto_ct_blocks_1_5_modelling_master.csv,analysis/toronto_election_turnout/variables/scripts/build_blocks_1_5_master.py,CT,share,,,Imported from Task 1 Census CT master; see Census data dictionary for source counts and denominators.,,complete,
block3_non_citizen_share,Block 3,"Marshall & Siemiatycki (2014); Couture, Bherer & Breux (2014); Geys (2006); Cancela & Geys (2016); Dostie-Goulet et al. (2012); McGregor (2018); Breux, Couture & Koop (2017); Breux, Couture & Goodman (2017); Breux, Couture & Koop (2022)",Statistics Canada 2021 Census,Statistics Canada 2021 Census,data/toronto_election_turnout/census/processed/ct/statcan_2021_ct_census_variables_master.csv,data/toronto_election_turnout/variables/processed/toronto_ct_blocks_1_5_modelling_master.csv,analysis/toronto_election_turnout/variables/scripts/build_blocks_1_5_master.py,CT,share,,,Imported from Task 1 Census CT master; see Census data dictionary for source counts and denominators.,,complete,
block3_citizen_adult_share,Block 3,"Marshall & Siemiatycki (2014); Couture, Bherer & Breux (2014); Geys (2006); Cancela & Geys (2016); Dostie-Goulet et al. (2012); McGregor (2018); Breux, Couture & Koop (2017); Breux, Couture & Goodman (2017); Breux, Couture & Koop (2022)",Statistics Canada 2021 Census,Statistics Canada 2021 Census,data/toronto_election_turnout/census/processed/ct/statcan_2021_ct_census_variables_master.csv,data/toronto_election_turnout/variables/processed/toronto_ct_blocks_1_5_modelling_master.csv,analysis/toronto_election_turnout/variables/scripts/build_blocks_1_5_master.py,CT,share,,,Imported from Task 1 Census CT master; see Census data dictionary for source counts and denominators.,,complete,
block3_visible_minority_share,Block 3,"Marshall & Siemiatycki (2014); Couture, Bherer & Breux (2014); Geys (2006); Cancela & Geys (2016); Dostie-Goulet et al. (2012); McGregor (2018); Breux, Couture & Koop (2017); Breux, Couture & Goodman (2017); Breux, Couture & Koop (2022)",Statistics Canada 2021 Census,Statistics Canada 2021 Census,data/toronto_election_turnout/census/processed/ct/statcan_2021_ct_census_variables_master.csv,data/toronto_election_turnout/variables/processed/toronto_ct_blocks_1_5_modelling_master.csv,analysis/toronto_election_turnout/variables/scripts/build_blocks_1_5_master.py,CT,share,,,Imported from Task 1 Census CT master; see Census data dictionary for source counts and denominators.,,complete,
block3_english_french_knowledge_share,Block 3,"Marshall & Siemiatycki (2014); Couture, Bherer & Breux (2014); Geys (2006); Cancela & Geys (2016); Dostie-Goulet et al. (2012); McGregor (2018); Breux, Couture & Koop (2017); Breux, Couture & Goodman (2017); Breux, Couture & Koop (2022)",Statistics Canada 2021 Census,Statistics Canada 2021 Census,data/toronto_election_turnout/census/processed/ct/statcan_2021_ct_census_variables_master.csv,data/toronto_election_turnout/variables/processed/toronto_ct_blocks_1_5_modelling_master.csv,analysis/toronto_election_turnout/variables/scripts/build_blocks_1_5_master.py,CT,share,,,Imported from Task 1 Census CT master; see Census data dictionary for source counts and denominators.,,complete,
block3_non_official_mother_tongue_share,Block 3,"Marshall & Siemiatycki (2014); Couture, Bherer & Breux (2014); Geys (2006); Cancela & Geys (2016); Dostie-Goulet et al. (2012); McGregor (2018); Breux, Couture & Koop (2017); Breux, Couture & Goodman (2017); Breux, Couture & Koop (2022)",Statistics Canada 2021 Census,Statistics Canada 2021 Census,data/toronto_election_turnout/census/processed/ct/statcan_2021_ct_census_variables_master.csv,data/toronto_election_turnout/variables/processed/toronto_ct_blocks_1_5_modelling_master.csv,analysis/toronto_election_turnout/variables/scripts/build_blocks_1_5_master.py,CT,share,,,Imported from Task 1 Census CT master; see Census data dictionary for source counts and denominators.,,complete,
block5_census_transit_commute_share,identifier,,,,,data/toronto_election_turnout/variables/processed/toronto_ct_blocks_1_5_modelling_master.csv,analysis/toronto_election_turnout/variables/scripts/build_blocks_1_5_master.py,CT,,,,,,complete,
block5_school_age_5_17_share,identifier,,,,,data/toronto_election_turnout/variables/processed/toronto_ct_blocks_1_5_modelling_master.csv,analysis/toronto_election_turnout/variables/scripts/build_blocks_1_5_master.py,CT,,,,,,complete,
outcome_municipal_participation_citizen_18plus,outcome/election,,Interpolated election CT outputs,Interpolated election CT outputs,data/toronto_election_turnout/interpolation/processed,data/toronto_election_turnout/variables/processed/toronto_ct_blocks_1_5_modelling_master.csv,analysis/toronto_election_turnout/variables/scripts/build_blocks_1_5_master.py,CT,share/count,,,,,complete,
outcome_municipal_turnout_electors,outcome/election,,Interpolated election CT outputs,Interpolated election CT outputs,data/toronto_election_turnout/interpolation/processed,data/toronto_election_turnout/variables/processed/toronto_ct_blocks_1_5_modelling_master.csv,analysis/toronto_election_turnout/variables/scripts/build_blocks_1_5_master.py,CT,share/count,,,,,complete,
municipal_estimated_total_votes,outcome/election,,Interpolated election CT outputs,Interpolated election CT outputs,data/toronto_election_turnout/interpolation/processed,data/toronto_election_turnout/variables/processed/toronto_ct_blocks_1_5_modelling_master.csv,analysis/toronto_election_turnout/variables/scripts/build_blocks_1_5_master.py,CT,share/count,,,,,complete,
municipal_estimated_electors,outcome/election,,Interpolated election CT outputs,Interpolated election CT outputs,data/toronto_election_turnout/interpolation/processed,data/toronto_election_turnout/variables/processed/toronto_ct_blocks_1_5_modelling_master.csv,analysis/toronto_election_turnout/variables/scripts/build_blocks_1_5_master.py,CT,share/count,,,,,complete,
outcome_provincial_participation_citizen_18plus,outcome/election,,Interpolated election CT outputs,Interpolated election CT outputs,data/toronto_election_turnout/interpolation/processed,data/toronto_election_turnout/variables/processed/toronto_ct_blocks_1_5_modelling_master.csv,analysis/toronto_election_turnout/variables/scripts/build_blocks_1_5_master.py,CT,share/count,,,,,complete,
outcome_provincial_turnout_electors,outcome/election,,Interpolated election CT outputs,Interpolated election CT outputs,data/toronto_election_turnout/interpolation/processed,data/toronto_election_turnout/variables/processed/toronto_ct_blocks_1_5_modelling_master.csv,analysis/toronto_election_turnout/variables/scripts/build_blocks_1_5_master.py,CT,share/count,,,,,complete,
provincial_estimated_total_votes,outcome/election,,Interpolated election CT outputs,Interpolated election CT outputs,data/toronto_election_turnout/interpolation/processed,data/toronto_election_turnout/variables/processed/toronto_ct_blocks_1_5_modelling_master.csv,analysis/toronto_election_turnout/variables/scripts/build_blocks_1_5_master.py,CT,share/count,,,,,complete,
provincial_estimated_electors,outcome/election,,Interpolated election CT outputs,Interpolated election CT outputs,data/toronto_election_turnout/interpolation/processed,data/toronto_election_turnout/variables/processed/toronto_ct_blocks_1_5_modelling_master.csv,analysis/toronto_election_turnout/variables/scripts/build_blocks_1_5_master.py,CT,share/count,,,,,complete,
outcome_federal_participation_citizen_18plus,outcome/election,,Interpolated election CT outputs,Interpolated election CT outputs,data/toronto_election_turnout/interpolation/processed,data/toronto_election_turnout/variables/processed/toronto_ct_blocks_1_5_modelling_master.csv,analysis/toronto_election_turnout/variables/scripts/build_blocks_1_5_master.py,CT,share/count,,,,,complete,
outcome_federal_turnout_electors,outcome/election,,Interpolated election CT outputs,Interpolated election CT outputs,data/toronto_election_turnout/interpolation/processed,data/toronto_election_turnout/variables/processed/toronto_ct_blocks_1_5_modelling_master.csv,analysis/toronto_election_turnout/variables/scripts/build_blocks_1_5_master.py,CT,share/count,,,,,complete,
federal_estimated_total_votes,outcome/election,,Interpolated election CT outputs,Interpolated election CT outputs,data/toronto_election_turnout/interpolation/processed,data/toronto_election_turnout/variables/processed/toronto_ct_blocks_1_5_modelling_master.csv,analysis/toronto_election_turnout/variables/scripts/build_blocks_1_5_master.py,CT,share/count,,,,,complete,
federal_estimated_electors,outcome/election,,Interpolated election CT outputs,Interpolated election CT outputs,data/toronto_election_turnout/interpolation/processed,data/toronto_election_turnout/variables/processed/toronto_ct_blocks_1_5_modelling_master.csv,analysis/toronto_election_turnout/variables/scripts/build_blocks_1_5_master.py,CT,share/count,,,,,complete,
outcome_mean_participation_citizen_18plus,outcome/election,,Interpolated election CT outputs,Interpolated election CT outputs,data/toronto_election_turnout/interpolation/processed,data/toronto_election_turnout/variables/processed/toronto_ct_blocks_1_5_modelling_master.csv,analysis/toronto_election_turnout/variables/scripts/build_blocks_1_5_master.py,CT,share/count,,,,,complete,
block4_mayoral_top_two_margin,Block 4,"Marshall & Siemiatycki (2014); Couture, Bherer & Breux (2014); Geys (2006); Cancela & Geys (2016); Dostie-Goulet et al. (2012); McGregor (2018); Breux, Couture & Koop (2017); Breux, Couture & Goodman (2017); Breux, Couture & Koop (2022)",Interpolated election CT outputs,Interpolated election CT outputs,data/toronto_election_turnout/interpolation/processed,data/toronto_election_turnout/variables/processed/toronto_ct_blocks_1_5_modelling_master.csv,analysis/toronto_election_turnout/variables/scripts/build_blocks_1_5_master.py,CT,share/effective number/count,,,"Calculated from interpolated CT candidate/party vote outputs: top-two margin, effective number = 1/sum(p_i^2), fragmentation = 1 - sum(p_i^2).",,complete,
block4_mayoral_winner_margin,Block 4,"Marshall & Siemiatycki (2014); Couture, Bherer & Breux (2014); Geys (2006); Cancela & Geys (2016); Dostie-Goulet et al. (2012); McGregor (2018); Breux, Couture & Koop (2017); Breux, Couture & Goodman (2017); Breux, Couture & Koop (2022)",Interpolated election CT outputs,Interpolated election CT outputs,data/toronto_election_turnout/interpolation/processed,data/toronto_election_turnout/variables/processed/toronto_ct_blocks_1_5_modelling_master.csv,analysis/toronto_election_turnout/variables/scripts/build_blocks_1_5_master.py,CT,share/effective number/count,,,"Calculated from interpolated CT candidate/party vote outputs: top-two margin, effective number = 1/sum(p_i^2), fragmentation = 1 - sum(p_i^2).",,complete,
block4_effective_mayoral_candidates_5pct,Block 4,"Marshall & Siemiatycki (2014); Couture, Bherer & Breux (2014); Geys (2006); Cancela & Geys (2016); Dostie-Goulet et al. (2012); McGregor (2018); Breux, Couture & Koop (2017); Breux, Couture & Goodman (2017); Breux, Couture & Koop (2022)",Interpolated election CT outputs,Interpolated election CT outputs,data/toronto_election_turnout/interpolation/processed,data/toronto_election_turnout/variables/processed/toronto_ct_blocks_1_5_modelling_master.csv,analysis/toronto_election_turnout/variables/scripts/build_blocks_1_5_master.py,CT,share/effective number/count,,,"Calculated from interpolated CT candidate/party vote outputs: top-two margin, effective number = 1/sum(p_i^2), fragmentation = 1 - sum(p_i^2).",,complete,
block4_mayoral_candidate_count_5pct,Block 4,"Marshall & Siemiatycki (2014); Couture, Bherer & Breux (2014); Geys (2006); Cancela & Geys (2016); Dostie-Goulet et al. (2012); McGregor (2018); Breux, Couture & Koop (2017); Breux, Couture & Goodman (2017); Breux, Couture & Koop (2022)",Interpolated election CT outputs,Interpolated election CT outputs,data/toronto_election_turnout/interpolation/processed,data/toronto_election_turnout/variables/processed/toronto_ct_blocks_1_5_modelling_master.csv,analysis/toronto_election_turnout/variables/scripts/build_blocks_1_5_master.py,CT,share/effective number/count,,,"Calculated from interpolated CT candidate/party vote outputs: top-two margin, effective number = 1/sum(p_i^2), fragmentation = 1 - sum(p_i^2).",,complete,
block4_mayoral_vote_fragmentation,Block 4,"Marshall & Siemiatycki (2014); Couture, Bherer & Breux (2014); Geys (2006); Cancela & Geys (2016); Dostie-Goulet et al. (2012); McGregor (2018); Breux, Couture & Koop (2017); Breux, Couture & Goodman (2017); Breux, Couture & Koop (2022)",Interpolated election CT outputs,Interpolated election CT outputs,data/toronto_election_turnout/interpolation/processed,data/toronto_election_turnout/variables/processed/toronto_ct_blocks_1_5_modelling_master.csv,analysis/toronto_election_turnout/variables/scripts/build_blocks_1_5_master.py,CT,share/effective number/count,,,"Calculated from interpolated CT candidate/party vote outputs: top-two margin, effective number = 1/sum(p_i^2), fragmentation = 1 - sum(p_i^2).",,complete,
block4_provincial_margin,Block 4,"Marshall & Siemiatycki (2014); Couture, Bherer & Breux (2014); Geys (2006); Cancela & Geys (2016); Dostie-Goulet et al. (2012); McGregor (2018); Breux, Couture & Koop (2017); Breux, Couture & Goodman (2017); Breux, Couture & Koop (2022)",Interpolated election CT outputs,Interpolated election CT outputs,data/toronto_election_turnout/interpolation/processed,data/toronto_election_turnout/variables/processed/toronto_ct_blocks_1_5_modelling_master.csv,analysis/toronto_election_turnout/variables/scripts/build_blocks_1_5_master.py,CT,share/effective number/count,,,"Calculated from interpolated CT candidate/party vote outputs: top-two margin, effective number = 1/sum(p_i^2), fragmentation = 1 - sum(p_i^2).",,complete,
block4_effective_provincial_parties_5pct,Block 4,"Marshall & Siemiatycki (2014); Couture, Bherer & Breux (2014); Geys (2006); Cancela & Geys (2016); Dostie-Goulet et al. (2012); McGregor (2018); Breux, Couture & Koop (2017); Breux, Couture & Goodman (2017); Breux, Couture & Koop (2022)",Interpolated election CT outputs,Interpolated election CT outputs,data/toronto_election_turnout/interpolation/processed,data/toronto_election_turnout/variables/processed/toronto_ct_blocks_1_5_modelling_master.csv,analysis/toronto_election_turnout/variables/scripts/build_blocks_1_5_master.py,CT,share/effective number/count,,,"Calculated from interpolated CT candidate/party vote outputs: top-two margin, effective number = 1/sum(p_i^2), fragmentation = 1 - sum(p_i^2).",,complete,
block4_provincial_party_count_5pct,Block 4,"Marshall & Siemiatycki (2014); Couture, Bherer & Breux (2014); Geys (2006); Cancela & Geys (2016); Dostie-Goulet et al. (2012); McGregor (2018); Breux, Couture & Koop (2017); Breux, Couture & Goodman (2017); Breux, Couture & Koop (2022)",Interpolated election CT outputs,Interpolated election CT outputs,data/toronto_election_turnout/interpolation/processed,data/toronto_election_turnout/variables/processed/toronto_ct_blocks_1_5_modelling_master.csv,analysis/toronto_election_turnout/variables/scripts/build_blocks_1_5_master.py,CT,share/effective number/count,,,"Calculated from interpolated CT candidate/party vote outputs: top-two margin, effective number = 1/sum(p_i^2), fragmentation = 1 - sum(p_i^2).",,complete,
block4_provincial_vote_fragmentation,Block 4,"Marshall & Siemiatycki (2014); Couture, Bherer & Breux (2014); Geys (2006); Cancela & Geys (2016); Dostie-Goulet et al. (2012); McGregor (2018); Breux, Couture & Koop (2017); Breux, Couture & Goodman (2017); Breux, Couture & Koop (2022)",Interpolated election CT outputs,Interpolated election CT outputs,data/toronto_election_turnout/interpolation/processed,data/toronto_election_turnout/variables/processed/toronto_ct_blocks_1_5_modelling_master.csv,analysis/toronto_election_turnout/variables/scripts/build_blocks_1_5_master.py,CT,share/effective number/count,,,"Calculated from interpolated CT candidate/party vote outputs: top-two margin, effective number = 1/sum(p_i^2), fragmentation = 1 - sum(p_i^2).",,complete,
block4_federal_margin,Block 4,"Marshall & Siemiatycki (2014); Couture, Bherer & Breux (2014); Geys (2006); Cancela & Geys (2016); Dostie-Goulet et al. (2012); McGregor (2018); Breux, Couture & Koop (2017); Breux, Couture & Goodman (2017); Breux, Couture & Koop (2022)",Interpolated election CT outputs,Interpolated election CT outputs,data/toronto_election_turnout/interpolation/processed,data/toronto_election_turnout/variables/processed/toronto_ct_blocks_1_5_modelling_master.csv,analysis/toronto_election_turnout/variables/scripts/build_blocks_1_5_master.py,CT,share/effective number/count,,,"Calculated from interpolated CT candidate/party vote outputs: top-two margin, effective number = 1/sum(p_i^2), fragmentation = 1 - sum(p_i^2).",,complete,
block4_effective_federal_parties_5pct,Block 4,"Marshall & Siemiatycki (2014); Couture, Bherer & Breux (2014); Geys (2006); Cancela & Geys (2016); Dostie-Goulet et al. (2012); McGregor (2018); Breux, Couture & Koop (2017); Breux, Couture & Goodman (2017); Breux, Couture & Koop (2022)",Interpolated election CT outputs,Interpolated election CT outputs,data/toronto_election_turnout/interpolation/processed,data/toronto_election_turnout/variables/processed/toronto_ct_blocks_1_5_modelling_master.csv,analysis/toronto_election_turnout/variables/scripts/build_blocks_1_5_master.py,CT,share/effective number/count,,,"Calculated from interpolated CT candidate/party vote outputs: top-two margin, effective number = 1/sum(p_i^2), fragmentation = 1 - sum(p_i^2).",,complete,
block4_federal_party_count_5pct,Block 4,"Marshall & Siemiatycki (2014); Couture, Bherer & Breux (2014); Geys (2006); Cancela & Geys (2016); Dostie-Goulet et al. (2012); McGregor (2018); Breux, Couture & Koop (2017); Breux, Couture & Goodman (2017); Breux, Couture & Koop (2022)",Interpolated election CT outputs,Interpolated election CT outputs,data/toronto_election_turnout/interpolation/processed,data/toronto_election_turnout/variables/processed/toronto_ct_blocks_1_5_modelling_master.csv,analysis/toronto_election_turnout/variables/scripts/build_blocks_1_5_master.py,CT,share/effective number/count,,,"Calculated from interpolated CT candidate/party vote outputs: top-two margin, effective number = 1/sum(p_i^2), fragmentation = 1 - sum(p_i^2).",,complete,
block4_federal_vote_fragmentation,Block 4,"Marshall & Siemiatycki (2014); Couture, Bherer & Breux (2014); Geys (2006); Cancela & Geys (2016); Dostie-Goulet et al. (2012); McGregor (2018); Breux, Couture & Koop (2017); Breux, Couture & Goodman (2017); Breux, Couture & Koop (2022)",Interpolated election CT outputs,Interpolated election CT outputs,data/toronto_election_turnout/interpolation/processed,data/toronto_election_turnout/variables/processed/toronto_ct_blocks_1_5_modelling_master.csv,analysis/toronto_election_turnout/variables/scripts/build_blocks_1_5_master.py,CT,share/effective number/count,,,"Calculated from interpolated CT candidate/party vote outputs: top-two margin, effective number = 1/sum(p_i^2), fragmentation = 1 - sum(p_i^2).",,complete,
block5_tts_no_car_household_share,Block 5,"Marshall & Siemiatycki (2014); Couture, Bherer & Breux (2014); Geys (2006); Cancela & Geys (2016); Dostie-Goulet et al. (2012); McGregor (2018); Breux, Couture & Koop (2017); Breux, Couture & Goodman (2017); Breux, Couture & Koop (2022)",Transportation Tomorrow Survey 2022 / Census fallback,Transportation Tomorrow Survey 2022 / Census fallback,data/toronto_election_turnout/variables/raw/transportation_tomorrow_survey_2022,data/toronto_election_turnout/variables/processed/toronto_ct_blocks_1_5_modelling_master.csv,analysis/toronto_election_turnout/variables/scripts/build_blocks_1_5_master.py,CT,share,,,Area-weighted interpolation from TTS 2022 zones to CT polygons using zone household/trip denominators.,,complete,
block5_tts_transit_trip_share,Block 5,"Marshall & Siemiatycki (2014); Couture, Bherer & Breux (2014); Geys (2006); Cancela & Geys (2016); Dostie-Goulet et al. (2012); McGregor (2018); Breux, Couture & Koop (2017); Breux, Couture & Goodman (2017); Breux, Couture & Koop (2022)",Transportation Tomorrow Survey 2022 / Census fallback,Transportation Tomorrow Survey 2022 / Census fallback,data/toronto_election_turnout/variables/raw/transportation_tomorrow_survey_2022,data/toronto_election_turnout/variables/processed/toronto_ct_blocks_1_5_modelling_master.csv,analysis/toronto_election_turnout/variables/scripts/build_blocks_1_5_master.py,CT,share,,,Area-weighted interpolation from TTS 2022 zones to CT polygons using zone household/trip denominators.,,complete,
block5_tts_overlap_area_m2,Block 5,"Marshall & Siemiatycki (2014); Couture, Bherer & Breux (2014); Geys (2006); Cancela & Geys (2016); Dostie-Goulet et al. (2012); McGregor (2018); Breux, Couture & Koop (2017); Breux, Couture & Goodman (2017); Breux, Couture & Koop (2022)",Transportation Tomorrow Survey 2022 / Census fallback,Transportation Tomorrow Survey 2022 / Census fallback,data/toronto_election_turnout/variables/raw/transportation_tomorrow_survey_2022,data/toronto_election_turnout/variables/processed/toronto_ct_blocks_1_5_modelling_master.csv,analysis/toronto_election_turnout/variables/scripts/build_blocks_1_5_master.py,CT,share,,,Area-weighted interpolation from TTS 2022 zones to CT polygons using zone household/trip denominators.,,complete,
block5_library_nearest_m,Block 5,"Marshall & Siemiatycki (2014); Couture, Bherer & Breux (2014); Geys (2006); Cancela & Geys (2016); Dostie-Goulet et al. (2012); McGregor (2018); Breux, Couture & Koop (2017); Breux, Couture & Goodman (2017); Breux, Couture & Koop (2022)",Toronto Open Data Library Branch General Information,Toronto Open Data Library Branch General Information,data/toronto_election_turnout/variables/raw/toronto_open_data/library_branch_general_information,data/toronto_election_turnout/variables/processed/toronto_ct_blocks_1_5_modelling_master.csv,analysis/toronto_election_turnout/variables/scripts/build_blocks_1_5_master.py,CT,metres/count/binary,,,Euclidean distance/count from CT centroid to official library branch points; 1200m approximates a 15-minute walk.,,complete,
block5_library_count_1200m,Block 5,"Marshall & Siemiatycki (2014); Couture, Bherer & Breux (2014); Geys (2006); Cancela & Geys (2016); Dostie-Goulet et al. (2012); McGregor (2018); Breux, Couture & Koop (2017); Breux, Couture & Goodman (2017); Breux, Couture & Koop (2022)",Toronto Open Data Library Branch General Information,Toronto Open Data Library Branch General Information,data/toronto_election_turnout/variables/raw/toronto_open_data/library_branch_general_information,data/toronto_election_turnout/variables/processed/toronto_ct_blocks_1_5_modelling_master.csv,analysis/toronto_election_turnout/variables/scripts/build_blocks_1_5_master.py,CT,metres/count/binary,,,Euclidean distance/count from CT centroid to official library branch points; 1200m approximates a 15-minute walk.,,complete,
block5_library_access_1200m,Block 5,"Marshall & Siemiatycki (2014); Couture, Bherer & Breux (2014); Geys (2006); Cancela & Geys (2016); Dostie-Goulet et al. (2012); McGregor (2018); Breux, Couture & Koop (2017); Breux, Couture & Goodman (2017); Breux, Couture & Koop (2022)",Toronto Open Data Library Branch General Information,Toronto Open Data Library Branch General Information,data/toronto_election_turnout/variables/raw/toronto_open_data/library_branch_general_information,data/toronto_election_turnout/variables/processed/toronto_ct_blocks_1_5_modelling_master.csv,analysis/toronto_election_turnout/variables/scripts/build_blocks_1_5_master.py,CT,metres/count/binary,,,Euclidean distance/count from CT centroid to official library branch points; 1200m approximates a 15-minute walk.,,complete,
block5_community_centre_nearest_m,Block 5,"Marshall & Siemiatycki (2014); Couture, Bherer & Breux (2014); Geys (2006); Cancela & Geys (2016); Dostie-Goulet et al. (2012); McGregor (2018); Breux, Couture & Koop (2017); Breux, Couture & Goodman (2017); Breux, Couture & Koop (2022)",Toronto Open Data Parks and Recreation Facilities,Toronto Open Data Parks and Recreation Facilities,data/toronto_election_turnout/variables/raw/toronto_open_data/parks_and_recreation_facilities,data/toronto_election_turnout/variables/processed/toronto_ct_blocks_1_5_modelling_master.csv,analysis/toronto_election_turnout/variables/scripts/build_blocks_1_5_master.py,CT,metres/count/binary,,,Euclidean distance/count from CT centroid to official Parks and Recreation facility points classified as community-centre-like where possible.,,complete,
block5_community_centre_count_1200m,Block 5,"Marshall & Siemiatycki (2014); Couture, Bherer & Breux (2014); Geys (2006); Cancela & Geys (2016); Dostie-Goulet et al. (2012); McGregor (2018); Breux, Couture & Koop (2017); Breux, Couture & Goodman (2017); Breux, Couture & Koop (2022)",Toronto Open Data Parks and Recreation Facilities,Toronto Open Data Parks and Recreation Facilities,data/toronto_election_turnout/variables/raw/toronto_open_data/parks_and_recreation_facilities,data/toronto_election_turnout/variables/processed/toronto_ct_blocks_1_5_modelling_master.csv,analysis/toronto_election_turnout/variables/scripts/build_blocks_1_5_master.py,CT,metres/count/binary,,,Euclidean distance/count from CT centroid to official Parks and Recreation facility points classified as community-centre-like where possible.,,complete,
block5_community_centre_access_1200m,Block 5,"Marshall & Siemiatycki (2014); Couture, Bherer & Breux (2014); Geys (2006); Cancela & Geys (2016); Dostie-Goulet et al. (2012); McGregor (2018); Breux, Couture & Koop (2017); Breux, Couture & Goodman (2017); Breux, Couture & Koop (2022)",Toronto Open Data Parks and Recreation Facilities,Toronto Open Data Parks and Recreation Facilities,data/toronto_election_turnout/variables/raw/toronto_open_data/parks_and_recreation_facilities,data/toronto_election_turnout/variables/processed/toronto_ct_blocks_1_5_modelling_master.csv,analysis/toronto_election_turnout/variables/scripts/build_blocks_1_5_master.py,CT,metres/count/binary,,,Euclidean distance/count from CT centroid to official Parks and Recreation facility points classified as community-centre-like where possible.,,complete,
block5_park_nearest_m,Block 5,"Marshall & Siemiatycki (2014); Couture, Bherer & Breux (2014); Geys (2006); Cancela & Geys (2016); Dostie-Goulet et al. (2012); McGregor (2018); Breux, Couture & Koop (2017); Breux, Couture & Goodman (2017); Breux, Couture & Koop (2022)",Toronto Open Data Parks / Parks and Recreation Facilities,Toronto Open Data Parks / Parks and Recreation Facilities,data/toronto_election_turnout/variables/raw/toronto_open_data/parks,data/toronto_election_turnout/variables/processed/toronto_ct_blocks_1_5_modelling_master.csv,analysis/toronto_election_turnout/variables/scripts/build_blocks_1_5_master.py,CT,metres/count/binary,,,Euclidean distance/count from CT centroid to official park polygons; 1200m approximates a 15-minute walk.,,complete,
block5_park_count_1200m,Block 5,"Marshall & Siemiatycki (2014); Couture, Bherer & Breux (2014); Geys (2006); Cancela & Geys (2016); Dostie-Goulet et al. (2012); McGregor (2018); Breux, Couture & Koop (2017); Breux, Couture & Goodman (2017); Breux, Couture & Koop (2022)",Toronto Open Data Parks / Parks and Recreation Facilities,Toronto Open Data Parks / Parks and Recreation Facilities,data/toronto_election_turnout/variables/raw/toronto_open_data/parks,data/toronto_election_turnout/variables/processed/toronto_ct_blocks_1_5_modelling_master.csv,analysis/toronto_election_turnout/variables/scripts/build_blocks_1_5_master.py,CT,metres/count/binary,,,Euclidean distance/count from CT centroid to official park polygons; 1200m approximates a 15-minute walk.,,complete,
block5_park_access_1200m,Block 5,"Marshall & Siemiatycki (2014); Couture, Bherer & Breux (2014); Geys (2006); Cancela & Geys (2016); Dostie-Goulet et al. (2012); McGregor (2018); Breux, Couture & Koop (2017); Breux, Couture & Goodman (2017); Breux, Couture & Koop (2022)",Toronto Open Data Parks / Parks and Recreation Facilities,Toronto Open Data Parks / Parks and Recreation Facilities,data/toronto_election_turnout/variables/raw/toronto_open_data/parks,data/toronto_election_turnout/variables/processed/toronto_ct_blocks_1_5_modelling_master.csv,analysis/toronto_election_turnout/variables/scripts/build_blocks_1_5_master.py,CT,metres/count/binary,,,Euclidean distance/count from CT centroid to official park polygons; 1200m approximates a 15-minute walk.,,complete,
block5_shelter_nearest_m,Block 5,"Marshall & Siemiatycki (2014); Couture, Bherer & Breux (2014); Geys (2006); Cancela & Geys (2016); Dostie-Goulet et al. (2012); McGregor (2018); Breux, Couture & Koop (2017); Breux, Couture & Goodman (2017); Breux, Couture & Koop (2022)",Toronto Open Data shelter profile/location datasets,Toronto Open Data shelter profile/location datasets,data/toronto_election_turnout/variables/raw/toronto_open_data/hostel_services_homeless_shelter_locations,data/toronto_election_turnout/variables/processed/toronto_ct_blocks_1_5_modelling_master.csv,analysis/toronto_election_turnout/variables/scripts/build_blocks_1_5_master.py,CT,metres/count/binary,,,Euclidean distance/count from CT centroid to official shelter-location geometries; 1200m approximates a 15-minute walk.,,complete,
block5_shelter_count_1200m,Block 5,"Marshall & Siemiatycki (2014); Couture, Bherer & Breux (2014); Geys (2006); Cancela & Geys (2016); Dostie-Goulet et al. (2012); McGregor (2018); Breux, Couture & Koop (2017); Breux, Couture & Goodman (2017); Breux, Couture & Koop (2022)",Toronto Open Data shelter profile/location datasets,Toronto Open Data shelter profile/location datasets,data/toronto_election_turnout/variables/raw/toronto_open_data/hostel_services_homeless_shelter_locations,data/toronto_election_turnout/variables/processed/toronto_ct_blocks_1_5_modelling_master.csv,analysis/toronto_election_turnout/variables/scripts/build_blocks_1_5_master.py,CT,metres/count/binary,,,Euclidean distance/count from CT centroid to official shelter-location geometries; 1200m approximates a 15-minute walk.,,complete,
block5_shelter_access_1200m,Block 5,"Marshall & Siemiatycki (2014); Couture, Bherer & Breux (2014); Geys (2006); Cancela & Geys (2016); Dostie-Goulet et al. (2012); McGregor (2018); Breux, Couture & Koop (2017); Breux, Couture & Goodman (2017); Breux, Couture & Koop (2022)",Toronto Open Data shelter profile/location datasets,Toronto Open Data shelter profile/location datasets,data/toronto_election_turnout/variables/raw/toronto_open_data/hostel_services_homeless_shelter_locations,data/toronto_election_turnout/variables/processed/toronto_ct_blocks_1_5_modelling_master.csv,analysis/toronto_election_turnout/variables/scripts/build_blocks_1_5_master.py,CT,metres/count/binary,,,Euclidean distance/count from CT centroid to official shelter-location geometries; 1200m approximates a 15-minute walk.,,complete,
block5_ksi_collision_events_2021_2025,Block 5,"Marshall & Siemiatycki (2014); Couture, Bherer & Breux (2014); Geys (2006); Cancela & Geys (2016); Dostie-Goulet et al. (2012); McGregor (2018); Breux, Couture & Koop (2017); Breux, Couture & Goodman (2017); Breux, Couture & Koop (2022)",Toronto Open Data KSI collisions,Toronto Open Data KSI collisions,data/toronto_election_turnout/variables/raw/toronto_open_data/ksi_collisions,data/toronto_election_turnout/variables/processed/toronto_ct_blocks_1_5_modelling_master.csv,analysis/toronto_election_turnout/variables/scripts/build_blocks_1_5_master.py,CT,count/per 1000,unique collision events 2021-2025,population_total,Point-in-polygon count to CT using official Toronto point coordinates; per-1000 variables divide by Census population_total.,,complete,
block5_development_applications_2021_2025,Block 5,"Marshall & Siemiatycki (2014); Couture, Bherer & Breux (2014); Geys (2006); Cancela & Geys (2016); Dostie-Goulet et al. (2012); McGregor (2018); Breux, Couture & Koop (2017); Breux, Couture & Goodman (2017); Breux, Couture & Koop (2022)",Toronto Open Data Development Applications,Toronto Open Data Development Applications,data/toronto_election_turnout/variables/raw/toronto_open_data/development_applications,data/toronto_election_turnout/variables/processed/toronto_ct_blocks_1_5_modelling_master.csv,analysis/toronto_election_turnout/variables/scripts/build_blocks_1_5_master.py,CT,count/per 1000,applications submitted 2021-2025,population_total,Point-in-polygon count to CT using official Toronto point coordinates; per-1000 variables divide by Census population_total.,,complete,
block5_ksi_collision_events_2021_2025_per_1000,Block 5,"Marshall & Siemiatycki (2014); Couture, Bherer & Breux (2014); Geys (2006); Cancela & Geys (2016); Dostie-Goulet et al. (2012); McGregor (2018); Breux, Couture & Koop (2017); Breux, Couture & Goodman (2017); Breux, Couture & Koop (2022)",Toronto Open Data KSI collisions,Toronto Open Data KSI collisions,data/toronto_election_turnout/variables/raw/toronto_open_data/ksi_collisions,data/toronto_election_turnout/variables/processed/toronto_ct_blocks_1_5_modelling_master.csv,analysis/toronto_election_turnout/variables/scripts/build_blocks_1_5_master.py,CT,count/per 1000,unique collision events 2021-2025,population_total,Point-in-polygon count to CT using official Toronto point coordinates; per-1000 variables divide by Census population_total.,,complete,
block5_development_applications_2021_2025_per_1000,Block 5,"Marshall & Siemiatycki (2014); Couture, Bherer & Breux (2014); Geys (2006); Cancela & Geys (2016); Dostie-Goulet et al. (2012); McGregor (2018); Breux, Couture & Koop (2017); Breux, Couture & Goodman (2017); Breux, Couture & Koop (2022)",Toronto Open Data Development Applications,Toronto Open Data Development Applications,data/toronto_election_turnout/variables/raw/toronto_open_data/development_applications,data/toronto_election_turnout/variables/processed/toronto_ct_blocks_1_5_modelling_master.csv,analysis/toronto_election_turnout/variables/scripts/build_blocks_1_5_master.py,CT,count/per 1000,applications submitted 2021-2025,population_total,Point-in-polygon count to CT using official Toronto point coordinates; per-1000 variables divide by Census population_total.,,complete,
block5_requests_311_2023_2025_estimated_count,Block 5,"Marshall & Siemiatycki (2014); Couture, Bherer & Breux (2014); Geys (2006); Cancela & Geys (2016); Dostie-Goulet et al. (2012); McGregor (2018); Breux, Couture & Koop (2017); Breux, Couture & Goodman (2017); Breux, Couture & Koop (2022)",Toronto Open Data 311 Service Requests,Toronto Open Data 311 Service Requests,data/toronto_election_turnout/variables/raw/toronto_open_data/311_service_requests_customer_initiated,data/toronto_election_turnout/variables/processed/toronto_ct_blocks_1_5_modelling_master.csv,analysis/toronto_election_turnout/variables/scripts/build_blocks_1_5_master.py,CT,count/per 1000/note,allocated 2023-2025 311 requests,population_total,"Official 2023-2025 request counts aggregated by ward, allocated to CTs by CT-ward intersection-area share using the existing municipal ward-to-CT crosswalk, then divided by Census population_total and multiplied by 1000.","Source records are ward-coded but not point-geocoded; CT values are area-weighted estimates allocated from ward totals, not exact request locations.",complete,
block5_requests_311_2023_2025_citywide_total,Block 5,"Marshall & Siemiatycki (2014); Couture, Bherer & Breux (2014); Geys (2006); Cancela & Geys (2016); Dostie-Goulet et al. (2012); McGregor (2018); Breux, Couture & Koop (2017); Breux, Couture & Goodman (2017); Breux, Couture & Koop (2022)",Toronto Open Data 311 Service Requests,Toronto Open Data 311 Service Requests,data/toronto_election_turnout/variables/raw/toronto_open_data/311_service_requests_customer_initiated,data/toronto_election_turnout/variables/processed/toronto_ct_blocks_1_5_modelling_master.csv,analysis/toronto_election_turnout/variables/scripts/build_blocks_1_5_master.py,CT,count/per 1000/note,allocated 2023-2025 311 requests,population_total,"Official 2023-2025 request counts aggregated by ward, allocated to CTs by CT-ward intersection-area share using the existing municipal ward-to-CT crosswalk, then divided by Census population_total and multiplied by 1000.","Source records are ward-coded but not point-geocoded; CT values are area-weighted estimates allocated from ward totals, not exact request locations.",complete,
block5_requests_311_missing_ward_count,Block 5,"Marshall & Siemiatycki (2014); Couture, Bherer & Breux (2014); Geys (2006); Cancela & Geys (2016); Dostie-Goulet et al. (2012); McGregor (2018); Breux, Couture & Koop (2017); Breux, Couture & Goodman (2017); Breux, Couture & Koop (2022)",Toronto Open Data 311 Service Requests,Toronto Open Data 311 Service Requests,data/toronto_election_turnout/variables/raw/toronto_open_data/311_service_requests_customer_initiated,data/toronto_election_turnout/variables/processed/toronto_ct_blocks_1_5_modelling_master.csv,analysis/toronto_election_turnout/variables/scripts/build_blocks_1_5_master.py,CT,count/per 1000/note,allocated 2023-2025 311 requests,population_total,"Official 2023-2025 request counts aggregated by ward, allocated to CTs by CT-ward intersection-area share using the existing municipal ward-to-CT crosswalk, then divided by Census population_total and multiplied by 1000.","Source records are ward-coded but not point-geocoded; CT values are area-weighted estimates allocated from ward totals, not exact request locations.",complete,
block5_requests_311_area_allocation_weight,Block 5,"Marshall & Siemiatycki (2014); Couture, Bherer & Breux (2014); Geys (2006); Cancela & Geys (2016); Dostie-Goulet et al. (2012); McGregor (2018); Breux, Couture & Koop (2017); Breux, Couture & Goodman (2017); Breux, Couture & Koop (2022)",Toronto Open Data 311 Service Requests,Toronto Open Data 311 Service Requests,data/toronto_election_turnout/variables/raw/toronto_open_data/311_service_requests_customer_initiated,data/toronto_election_turnout/variables/processed/toronto_ct_blocks_1_5_modelling_master.csv,analysis/toronto_election_turnout/variables/scripts/build_blocks_1_5_master.py,CT,count/per 1000/note,allocated 2023-2025 311 requests,population_total,"Official 2023-2025 request counts aggregated by ward, allocated to CTs by CT-ward intersection-area share using the existing municipal ward-to-CT crosswalk, then divided by Census population_total and multiplied by 1000.","Source records are ward-coded but not point-geocoded; CT values are area-weighted estimates allocated from ward totals, not exact request locations.",complete,
block5_requests_311_per_1000,Block 5,"Marshall & Siemiatycki (2014); Couture, Bherer & Breux (2014); Geys (2006); Cancela & Geys (2016); Dostie-Goulet et al. (2012); McGregor (2018); Breux, Couture & Koop (2017); Breux, Couture & Goodman (2017); Breux, Couture & Koop (2022)",Toronto Open Data 311 Service Requests,Toronto Open Data 311 Service Requests,data/toronto_election_turnout/variables/raw/toronto_open_data/311_service_requests_customer_initiated,data/toronto_election_turnout/variables/processed/toronto_ct_blocks_1_5_modelling_master.csv,analysis/toronto_election_turnout/variables/scripts/build_blocks_1_5_master.py,CT,count/per 1000/note,allocated 2023-2025 311 requests,population_total,"Official 2023-2025 request counts aggregated by ward, allocated to CTs by CT-ward intersection-area share using the existing municipal ward-to-CT crosswalk, then divided by Census population_total and multiplied by 1000.","Source records are ward-coded but not point-geocoded; CT values are area-weighted estimates allocated from ward totals, not exact request locations.",complete,
block5_requests_311_proxy_note,Block 5,"Marshall & Siemiatycki (2014); Couture, Bherer & Breux (2014); Geys (2006); Cancela & Geys (2016); Dostie-Goulet et al. (2012); McGregor (2018); Breux, Couture & Koop (2017); Breux, Couture & Goodman (2017); Breux, Couture & Koop (2022)",Toronto Open Data 311 Service Requests,Toronto Open Data 311 Service Requests,data/toronto_election_turnout/variables/raw/toronto_open_data/311_service_requests_customer_initiated,data/toronto_election_turnout/variables/processed/toronto_ct_blocks_1_5_modelling_master.csv,analysis/toronto_election_turnout/variables/scripts/build_blocks_1_5_master.py,CT,count/per 1000/note,allocated 2023-2025 311 requests,population_total,"Official 2023-2025 request counts aggregated by ward, allocated to CTs by CT-ward intersection-area share using the existing municipal ward-to-CT crosswalk, then divided by Census population_total and multiplied by 1000.","Source records are ward-coded but not point-geocoded; CT values are area-weighted estimates allocated from ward totals, not exact request locations.",documented_limitation,
block5_transit_commute_share_preferred,Block 5,"Marshall & Siemiatycki (2014); Couture, Bherer & Breux (2014); Geys (2006); Cancela & Geys (2016); Dostie-Goulet et al. (2012); McGregor (2018); Breux, Couture & Koop (2017); Breux, Couture & Goodman (2017); Breux, Couture & Koop (2022)",Transportation Tomorrow Survey 2022 / Census fallback,Transportation Tomorrow Survey 2022 / Census fallback,data/toronto_election_turnout/variables/raw/transportation_tomorrow_survey_2022,data/toronto_election_turnout/variables/processed/toronto_ct_blocks_1_5_modelling_master.csv,analysis/toronto_election_turnout/variables/scripts/build_blocks_1_5_master.py,CT,share,,,Area-weighted interpolation from TTS 2022 zones to CT polygons using zone household/trip denominators.,,complete,
block5_no_car_household_share,Block 5,"Marshall & Siemiatycki (2014); Couture, Bherer & Breux (2014); Geys (2006); Cancela & Geys (2016); Dostie-Goulet et al. (2012); McGregor (2018); Breux, Couture & Koop (2017); Breux, Couture & Goodman (2017); Breux, Couture & Koop (2022)",Transportation Tomorrow Survey 2022 / Census fallback,Transportation Tomorrow Survey 2022 / Census fallback,data/toronto_election_turnout/variables/raw/transportation_tomorrow_survey_2022,data/toronto_election_turnout/variables/processed/toronto_ct_blocks_1_5_modelling_master.csv,analysis/toronto_election_turnout/variables/scripts/build_blocks_1_5_master.py,CT,share,,,Area-weighted interpolation from TTS 2022 zones to CT polygons using zone household/trip denominators.,,complete,
block5_social_housing_share,Block 5,"Marshall & Siemiatycki (2014); Couture, Bherer & Breux (2014); Geys (2006); Cancela & Geys (2016); Dostie-Goulet et al. (2012); McGregor (2018); Breux, Couture & Koop (2017); Breux, Couture & Goodman (2017); Breux, Couture & Koop (2022)",Statistics Canada 2021 Census Profile,Statistics Canada 2021 Census Profile,data/toronto_election_turnout/census/processed/ct/statcan_2021_ct_census_variables_master.csv,data/toronto_election_turnout/variables/processed/toronto_ct_blocks_1_5_modelling_master.csv,analysis/toronto_election_turnout/variables/scripts/build_blocks_1_5_master.py,CT,share/note,,tenant households,"Census Profile characteristic 1491, `% of tenant households in subsidized housing`, divided by 100.",This measures subsidized housing among tenant households; it is not a share of all households or all occupied dwellings.,complete,
block5_social_housing_note,Block 5,"Marshall & Siemiatycki (2014); Couture, Bherer & Breux (2014); Geys (2006); Cancela & Geys (2016); Dostie-Goulet et al. (2012); McGregor (2018); Breux, Couture & Koop (2017); Breux, Couture & Goodman (2017); Breux, Couture & Koop (2022)",Statistics Canada 2021 Census Profile,Statistics Canada 2021 Census Profile,data/toronto_election_turnout/census/processed/ct/statcan_2021_ct_census_variables_master.csv,data/toronto_election_turnout/variables/processed/toronto_ct_blocks_1_5_modelling_master.csv,analysis/toronto_election_turnout/variables/scripts/build_blocks_1_5_master.py,CT,share/note,,tenant households,"Census Profile characteristic 1491, `% of tenant households in subsidized housing`, divided by 100.",This measures subsidized housing among tenant households; it is not a share of all households or all occupied dwellings.,documented_limitation,
