_id,OBJECTID,GEO_ID,NAME,SCHOOL_LEVEL,SCHOOL_TYPE,BOARD_NAME,SOURCE_ADDRESS,SCHOOL_TYPE_DESC,ADDRESS_POINT_ID,ADDRESS_NUMBER,LINEAR_NAME_FULL,ADDRESS_FULL,POSTAL_CODE,MUNICIPALITY,CITY,PLACE_NAME,GENERAL_USE_CODE,CENTRELINE_ID,LO_NUM,LO_NUM_SUF,HI_NUM,HI_NUM_SUF,LINEAR_NAME_ID,geometry
1,100,9085421,"BEHAVIOUR INNOVATIONS, CHILDREN'S COLLEGE",None,PR,None,618 THE QUEENSWAY ,Private,9085421,618,The Queensway,618 The Queensway,M8Y 1K3,ET,ET,None,115001,9085417,618,None,,None,2603,"{""coordinates"": [[-79.4954821417463, 43.6281819609662]], ""type"": ""MultiPoint""}"
2,101,6355204,ST PATRICK CATHOLIC SECONDARY SCHOOL,None,ES,Toronto Catholic District School Board,49 FELSTEAD AVE,English Separate,6355204,49,Felstead Ave,49 Felstead Ave,M4J 1G3,TO,TO,St. Patrick Catholic Secondary School,115001,60012444,49,None,,None,3430,"{""coordinates"": [[-79.3276494865718, 43.6783223029713]], ""type"": ""MultiPoint""}"
3,102,14072150,THE AMBASSADORS OF GOD ACADEMY,None,PR,None,807 ARROW RD,Private,14072150,807,Arrow Rd,807 Arrow Rd,M9M 2L4,NY,NY,None,115001,9038133,807,None,,None,4829,"{""coordinates"": [[-79.5317921438044, 43.7491408443145]], ""type"": ""MultiPoint""}"
4,103,330677,A PLUS ACADEMY OF ADVANCEMENT,None,PR,None,2425 EGLINTON AVE E,Private,330677,2425,Eglinton Ave E,2425 Eglinton Ave E,M1K 5G8,SC,SC,None,115001,111254,2425,None,,None,125,"{""coordinates"": [[-79.267103936897, 43.7320819460129]], ""type"": ""MultiPoint""}"
5,104,524780,A R S ARMENIAN PRIVATE SCHOOL,None,PR,None,50 HALLCROWN PL ,Private,524780,50,Hallcrown Pl,50 Hallcrown Pl,M2J 1P7,NY,NY,None,115001,438652,50,None,,None,5778,"{""coordinates"": [[-79.323156147744, 43.770053062482]], ""type"": ""MultiPoint""}"
6,105,517961,A Y JACKSON SECONDARY SCHOOL,None,EP,Toronto District School Board,50 FRANCINE DR ,English Public,517961,50,Francine Dr,50 Francine Dr,M2H 2G6,NY,NY,A. Y. Jackson Secondary School,115001,436260,50,None,,None,5639,"{""coordinates"": [[-79.3665552934095, 43.8052613014219]], ""type"": ""MultiPoint""}"
7,106,8594190,ABACUS MONTESSORI,None,PR,None,2723 ST CLAIR AVE E,Private,8594190,2723,St Clair Ave E,2723 St Clair Ave E,M4B 1M8,EY,EY,Church Of St Columba and All,115001,8594192,2723,None,,None,339,"{""coordinates"": [[-79.31007931829, 43.7057435447297]], ""type"": ""MultiPoint""}"
8,107,9602784,ABU HURAIRA ISLAMIC CENTRE AND ACADEMY,None,PR,None,270 YORKLAND BLVD ,Private,9602784,270,Yorkland Blvd,270 Yorkland Blvd,M2J 5C9,NY,NY,None,115001,30121150,270,None,,None,7150,"{""coordinates"": [[-79.3345356762113, 43.7728246855325]], ""type"": ""MultiPoint""}"
9,108,996700,ACACIA INTERNATIONAL HIGH SCHOOL,None,PR,None,235 DIXON RD ,Private,996700,235,Dixon Rd,235 Dixon Rd,M9P 2M5,ET,ET,None,115001,908498,235,None,,None,1470,"{""coordinates"": [[-79.5439123761529, 43.6966790689064]], ""type"": ""MultiPoint""}"
10,109,322971,ACADEMIE ALEXANDRE DUMAS,None,FP,Conseil scolaire Viamonde,255 CORONATION DR ,French Public,322971,255,Coronation Dr,255 Coronation Dr,M1E 2J3,SC,SC,Academie Alexandre Dumas,115001,108815,255,None,,None,7654,"{""coordinates"": [[-79.1797652166975, 43.7624188078436]], ""type"": ""MultiPoint""}"
11,110,9446130,ACADEMY OF ENLIGHTENED MINDS,None,PR,None,345 SORAUREN AVE ,Private,9446130,345,Sorauren Ave,345 Sorauren Ave,M6R 2G5,TO,TO,None,115001,9446120,345,None,,None,4419,"{""coordinates"": [[-79.4443549998398, 43.6493584570037]], ""type"": ""MultiPoint""}"
12,111,575619,ACADEMY OF EXCELLENCE SECONDARY SCHOOL,None,PR,None,128 WILLOWDALE AVE ,Private,575619,128,Willowdale Ave,128 Willowdale Ave,M2N 4Y2,NY,NY,None,115001,439396,128,None,,None,7093,"{""coordinates"": [[-79.4005055525118, 43.7651862818454]], ""type"": ""MultiPoint""}"
13,112,30029356,ACADEMY OF MATH AND ENGLISH,None,PR,None,5101 DUNDAS ST W,Private,30029356,5101,Dundas St W,5101 Dundas St W,M9A 5G8,ET,ET,None,115001,30012612,5101,None,,None,558,"{""coordinates"": [[-79.5319897329647, 43.644824255422]], ""type"": ""MultiPoint""}"
14,113,572011,ACADEMY OF NEW ECHO EDUCATION,None,PR,None,2716 VICTORIA PARK AVE ,Private,572011,2716,Victoria Park Ave,2716 Victoria Park Ave,M2J 4A7,NY,NY,None,115001,106816,2716,None,,None,370,"{""coordinates"": [[-79.3278259705449, 43.7843805593501]], ""type"": ""MultiPoint""}"
15,114,14185392,ACADEMY OF THOUGHT AND INDUSTRY TORONTO,None,PR,None,1767 QUEEN ST E,Private,14185392,1767,Queen St E,1767 Queen St E,M4L 6S6,TO,TO,None,115001,1142319,1767,None,,None,4237,"{""coordinates"": [[-79.3094726097897, 43.6678071533765]], ""type"": ""MultiPoint""}"
16,115,508042,ACE ACUMEN HIGH SCHOOL,None,PR,None,1440 DON MILLS RD ,Private,508042,1440,Don Mills Rd,1440 Don Mills Rd,M3B 3P9,NY,NY,None,115001,441121,1440,None,,None,100,"{""coordinates"": [[-79.3475085093383, 43.750732060267]], ""type"": ""MultiPoint""}"
17,116,10476656,ADAM BECK JR PUBLIC SCHOOL,None,EP,Toronto District School Board,400 SCARBOROUGH RD ,English Public,10476656,400,Scarborough Rd,400 Scarborough Rd,M4E 3M8,TO,TO,Adam Beck Junior Public School,115001,10476638,400,None,,None,4366,"{""coordinates"": [[-79.2884878925608, 43.6831518038006]], ""type"": ""MultiPoint""}"
18,117,5336735,ADELFIHA'S CHRISTIAN ACADEMY,None,PR,None,4340 DUFFERIN ST ,Private,5336735,4340,Dufferin St,4340 Dufferin St,M3H 5R9,NY,NY,Revival Time Tabernacle,115001,5336708,4340,None,,None,557,"{""coordinates"": [[-79.4664451058379, 43.7626893702758]], ""type"": ""MultiPoint""}"
19,118,306050,ADVANCED CHRISTIAN ACADEMY,None,PR,None,1100 BELLAMY RD N,Private,306050,1100,Bellamy Rd N,1100 Bellamy Rd N,M1H 1H2,SC,SC,None,115001,107660,1100,None,,None,7313,"{""coordinates"": [[-79.2433668848355, 43.7759789830752]], ""type"": ""MultiPoint""}"
20,119,306050,ADVANCED CHRISTIAN ACADEMY (Renamed),None,PR,None,1100 BELLAMY RD N,Private,306050,1100,Bellamy Rd N,1100 Bellamy Rd N,M1H 1H2,SC,SC,None,115001,107660,1100,None,,None,7313,"{""coordinates"": [[-79.2433668848355, 43.7759789830752]], ""type"": ""MultiPoint""}"
21,120,30072225,AFZAL ISLAMIC MONTESSORI & ACADEMY,None,PR,None,188 SHORTING RD ,Private,30072225,188,Shorting Rd,188 Shorting Rd,M1S 3S7,SC,SC,None,115001,2689179,188,None,,None,8946,"{""coordinates"": [[-79.2502830613455, 43.7936848745062]], ""type"": ""MultiPoint""}"
22,121,3211411,AGINCOURT COLLEGIATE INSTITUTE,None,EP,Toronto District School Board,2621 MIDLAND AVE ,English Public,3211411,2621,Midland Ave,2621 Midland Ave,M1S 1R6,SC,SC,Agincourt Collegiate Institute,115001,3216896,2621,None,,None,8496,"{""coordinates"": [[-79.2789099586918, 43.7888738444071]], ""type"": ""MultiPoint""}"
23,122,382096,AGINCOURT INTERNATIONAL ACADEMY,None,PR,None,1001 SANDHURST CRCL ,Private,382096,1001,Sandhurst Crcl,1001 Sandhurst Crcl,M1V 1Z6,SC,SC,None,115001,104203,1001,None,,None,8871,"{""coordinates"": [[-79.2636771200357, 43.8092576481457]], ""type"": ""MultiPoint""}"
24,123,356507,AGINCOURT JR PUBLIC SCHOOL,None,EP,Toronto District School Board,29 LOCKIE AVE ,English Public,356507,29,Lockie Ave,29 Lockie Ave,M1S 1N3,SC,SC,Agincourt Junior Public School,115001,106335,29,None,,None,8352,"{""coordinates"": [[-79.2811623057309, 43.7882592158345]], ""type"": ""MultiPoint""}"
25,124,5479010,AGINCOURT MONTESSORI SCHOOL,None,PR,None,2575 MIDLAND AVE ,Private,5479010,2575,Midland Ave,2575 Midland Ave,M1S 1R3,SC,SC,None,115001,5479011,2575,None,,None,8496,"{""coordinates"": [[-79.2787041824473, 43.7864432730251]], ""type"": ""MultiPoint""}"
26,125,30022742,AGNES MACPHAIL PUBLIC SCHOOL,None,EP,Toronto District School Board,112 GOLDHAWK TRL ,English Public,30022742,112,Goldhawk Trl,112 Goldhawk Trl,M1V 1W5,SC,SC,None,115001,103439,112,None,,None,7999,"{""coordinates"": [[-79.2785533935458, 43.819268975669]], ""type"": ""MultiPoint""}"
27,126,9655748,AL AZHAR ACADEMY OF CANADA SCHOOL & UMMAH NABAWIAH MOSQUE,None,PR,None,2074 KIPLING AVE ,Private,9655748,2074,Kipling Ave,2074 Kipling Ave,M9W 4J9,ET,ET,None,115001,9655707,2074,None,,None,1935,"{""coordinates"": [[-79.5692116239686, 43.7148769185254]], ""type"": ""MultiPoint""}"
28,127,2119588,AL AZHAR ISLAMIC SCHOOL,None,PR,None,100 MCLEVIN AVE ,Private,2119588,100,McLevin Ave,100 McLevin Ave,M1B 5K1,SC,SC,None,115001,2119589,100,None,,None,8463,"{""coordinates"": [[-79.2365750799133, 43.8015539474172]], ""type"": ""MultiPoint""}"
29,128,2119588,AL AZHAR ISLAMIC SCHOOL - MAIN OFFICE,None,PR,None,100 MCLEVIN AVE ,Private,2119588,100,McLevin Ave,100 McLevin Ave,M1B 5K1,SC,SC,None,115001,2119589,100,None,,None,8463,"{""coordinates"": [[-79.2365750799133, 43.8015539474172]], ""type"": ""MultiPoint""}"
30,129,376316,AL HAADI SCHOOL,None,PR,None,690 PROGRESS AVE ,Private,376316,690,Progress Ave,690 Progress Ave,M1H 3A6,SC,SC,None,115001,107416,690,None,,None,8740,"{""coordinates"": [[-79.2484031068229, 43.777941595248]], ""type"": ""MultiPoint""}"
31,130,9655706,AL IKHLAAS FOUNDATION SCHOOL,None,PR,None,2050 KIPLING AVE ,Private,9655706,2050,Kipling Ave,2050 Kipling Ave,M9W 4J9,ET,ET,None,115001,30102657,2050,None,,None,1935,"{""coordinates"": [[-79.5685183129017, 43.7133317748297]], ""type"": ""MultiPoint""}"
32,131,508043,ALATHENA INTERNATIONAL ACADEMY - NORTH YORK,None,PR,None,1446 DON MILLS RD ,Private,508043,1446,Don Mills Rd,1446 Don Mills Rd,M3B 3N3,NY,NY,None,115001,441121,1446,None,,None,100,"{""coordinates"": [[-79.3476788001871, 43.7516228391091]], ""type"": ""MultiPoint""}"
33,132,9311804,ALATHENA INTERNATIONAL ACADEMY SECONDARY SCHOOL - SCARBOROUGH,None,PR,None,1065 MCNICOLL AVE ,Private,9311804,1065,McNicoll Ave,1065 McNicoll Ave,M1W 3W6,SC,SC,None,115001,9311781,1065,None,,None,6195,"{""coordinates"": [[-79.3326615935038, 43.8036813180512]], ""type"": ""MultiPoint""}"
34,133,508043,ALATHENA INTERNATIONAL ELEMENTARY SCHOOL,None,PR,None,1446 DON MILLS RD ,Private,508043,1446,Don Mills Rd,1446 Don Mills Rd,M3B 3N3,NY,NY,None,115001,441121,1446,None,,None,100,"{""coordinates"": [[-79.3476788001871, 43.7516228391091]], ""type"": ""MultiPoint""}"
35,134,7531001,ALBERT CAMPBELL COLLEGIATE INSTITUTE,None,EP,Toronto District School Board,1550 SANDHURST CRCL ,English Public,7531001,1550,Sandhurst Crcl,1550 Sandhurst Crcl,M1V 1S6,SC,SC,Albert Campbell Collegiate Institute,115001,7531000,1550,None,,None,8871,"{""coordinates"": [[-79.272424472942, 43.8092625383141]], ""type"": ""MultiPoint""}"
36,135,10133520,ALBION HEIGHTS JR MDL SCHOOL,None,EP,Toronto District School Board,45 LYNMONT RD ,English Public,10133520,45,Lynmont Rd,45 Lynmont Rd,M9V 3W9,ET,ET,Albion Heights Junior Middle School,115001,30065224,45,None,,None,2033,"{""coordinates"": [[-79.5943154958931, 43.7313882639787]], ""type"": ""MultiPoint""}"
37,136,982437,ALBION LINC ,None,EP,Toronto District School Board,1530 ALBION RD ,English Public,982437,1530,Albion Rd,1530 Albion Rd,M9V 1B4,ET,ET,None,115001,906946,1530,None,,None,1012,"{""coordinates"": [[-79.5846021379965, 43.7417625405401]], ""type"": ""MultiPoint""}"
38,137,11125044,ALBORZ EDUCATION CENTRE,None,PR,None,20 TANGREEN CRT ,Private,11125044,20,Tangreen Crt,20 Tangreen Crt,M2M 3Y9,NY,NY,None,115001,11125045,20,None,,None,6855,"{""coordinates"": [[-79.4265072535272, 43.7954555029252]], ""type"": ""MultiPoint""}"
39,138,10527839,ALEXANDER MUIR GLADSTONE AVE & THE GROVE,None,EP,Toronto District School Board,108 GLADSTONE AVE ,English Public,10527839,108,Gladstone Ave,108 Gladstone Ave,M6J 3L2,TO,TO,Alexander Muir/Gladstone Ave Junior and Senior Public School,115001,10527836,108,None,,None,3506,"{""coordinates"": [[-79.4288472631571, 43.6460212506421]], ""type"": ""MultiPoint""}"
40,139,333733,ALEXANDER STIRLING PUBLIC SCHOOL,None,EP,Toronto District School Board,70 FAWCETT TRL ,English Public,333733,70,Fawcett Trl,70 Fawcett Trl,M1B 3A9,SC,SC,Alexander Stirling Public School,115001,103838,70,None,,None,7886,"{""coordinates"": [[-79.2076059404946, 43.8116563341027]], ""type"": ""MultiPoint""}"
41,140,300827,ALEXMUIR JR PUBLIC SCHOOL,None,EP,Toronto District School Board,95 ALEXMUIR BLVD ,English Public,300827,95,Alexmuir Blvd,95 Alexmuir Blvd,M1V 1H6,SC,SC,Alexmuir Junior Public School,115001,104290,95,None,,None,7182,"{""coordinates"": [[-79.2856134903058, 43.809109322683]], ""type"": ""MultiPoint""}"
42,141,1027287,AL-HIDAYAH ACADEMY SCHOOL,None,PR,None,65 REXDALE BLVD ,Private,1027287,65,Rexdale Blvd,65 Rexdale Blvd,M9W 1P1,ET,ET,None,115001,908025,65,None,,None,2361,"{""coordinates"": [[-79.560003318024, 43.7126921165061]], ""type"": ""MultiPoint""}"
43,142,9779413,ALIF CANADA ELEMENTARY SCHOOL,None,PR,None,505 ELLESMERE RD ,Private,9779413,505,Ellesmere Rd,505 Ellesmere Rd,M1R 4E5,SC,SC,Vineyard Christian Fellowship-Sc,115001,30101335,505,None,,None,7835,"{""coordinates"": [[-79.2949212969799, 43.7621567551346]], ""type"": ""MultiPoint""}"
44,143,881213,ALIVE MONTESSORI AND PRIVATE SCHOOL,None,PR,None,2 WEMBLEY RD ,Private,881213,2,Wembley Rd,2 Wembley Rd,M6C 2E9,TO,TO,Forest Hill United Church,115001,1138717,2,None,,None,4656,"{""coordinates"": [[-79.4260607598411, 43.7018869538787]], ""type"": ""MultiPoint""}"
45,144,1029710,ALL SAINTS CATHOLIC ELEMENTARY SCHOOL,None,ES,Toronto Catholic District School Board,1435 ROYAL YORK RD ,English Separate,1029710,1435,Royal York Rd,1435 Royal York Rd,M9P 3A7,ET,ET,All Saints Catholic School,115001,909246,1435,None,,None,2413,"{""coordinates"": [[-79.5270811217707, 43.6852216298202]], ""type"": ""MultiPoint""}"
46,145,873148,ALLENBY JR PUBLIC SCHOOL,None,EP,Toronto District School Board,391 ST CLEMENTS AVE ,English Public,873148,391,St Clements Ave,391 St Clements Ave,M5N 1M2,TO,TO,Allenby Junior Public School,115001,1138238,391,None,,None,4446,"{""coordinates"": [[-79.4127877318278, 43.7094356428595]], ""type"": ""MultiPoint""}"
47,146,4368161,AL-MADRASAH AL-INAMIYYAH PRIVATE SCHOOL,None,PR,None,3665 LAWRENCE AVE E,Private,4368161,3665,Lawrence Ave E,3665 Lawrence Ave E,M1G 1P7,SC,SC,None,115001,4368146,3665,None,,None,3828,"{""coordinates"": [[-79.2204196021519, 43.7603212832081]], ""type"": ""MultiPoint""}"
48,147,3948771,ALPHA ALTERNATIVE & OASIS ALTERNATIVE,None,EP,Toronto District School Board,20 BRANT ST ,English Public,3948771,20,Brant St,20 Brant St,M5V 2M1,TO,TO,ALPHA Alternative Junior School,115001,14036014,20,None,,None,3055,"{""coordinates"": [[-79.3982225847432, 43.6457220331711]], ""type"": ""MultiPoint""}"
49,148,30025396,ALPHA QUALITY EDUCATION SCHOOL,None,PR,None,6120A YONGE ST ,Private,30025396,6120A,Yonge St,6120A Yonge St,M2M 3W7,NY,NY,None,115001,436914,6120,A,,None,4733,"{""coordinates"": [[-79.418932071581, 43.7916222612949]], ""type"": ""MultiPoint""}"
50,149,11512110,AL-QASIM ACADEMY,None,PR,None,3482 LAWRENCE AVE E,Private,11512110,3482,Lawrence Ave E,3482 Lawrence Ave E,M1H 3E5,SC,SC,None,115001,11485087,3482,None,,None,3828,"{""coordinates"": [[-79.2270980415753, 43.7601291728776]], ""type"": ""MultiPoint""}"
51,150,30033029,ALVIN CURLING PUBLIC SCHOOL,None,EP,Toronto District School Board,50 UPPER ROUGE TRL ,English Public,30033029,50,Upper Rouge Trl,50 Upper Rouge Trl,M1B 6K4,SC,SC,Alvin Curling Public School,115001,20057597,50,None,,None,18115,"{""coordinates"": [[-79.1902392505261, 43.8084816562815]], ""type"": ""MultiPoint""}"
52,151,9187246,AMAIRAH PRIVATE SCHOOL,None,PR,None,1625 ALBION RD ,Private,9187246,1625,Albion Rd,1625 Albion Rd,M9V 5H8,ET,ET,None,115001,9187244,1625,None,,None,1012,"{""coordinates"": [[-79.5945953168473, 43.7417121222243]], ""type"": ""MultiPoint""}"
53,152,334373,AMANAH ACADEMY NORTH AMERICA FOUNDATION SCHOOL,None,PR,None,4140 FINCH AVE E,Private,334373,4140,Finch Ave E,4140 Finch Ave E,M1S 3T9,SC,SC,None,115001,104799,4140,None,,None,5589,"{""coordinates"": [[-79.2901496153402, 43.8035730926055]], ""type"": ""MultiPoint""}"
54,153,13503328,AMBERWOOD ACADEMY,None,PR,None,201 CONSUMERS RD ,Private,13503328,201,Consumers Rd,201 Consumers Rd,M2J 4G8,NY,NY,None,115001,438551,201,None,,None,5264,"{""coordinates"": [[-79.3322488674553, 43.7721013757365]], ""type"": ""MultiPoint""}"
55,154,10035747,AMESBURY MDL SCHOOL,None,EP,Toronto District School Board,201 GRACEFIELD AVE ,English Public,10035747,201,Gracefield Ave,201 Gracefield Ave,M6L 1L7,NY,NY,Amesbury Middle School,115001,10035736,201,None,,None,5729,"{""coordinates"": [[-79.4936442925421, 43.7083877022289]], ""type"": ""MultiPoint""}"
56,155,482522,ANCASTER PUBLIC SCHOOL,None,EP,Toronto District School Board,44 ANCASTER RD ,English Public,482522,44,Ancaster Rd,44 Ancaster Rd,M3K 1S6,NY,NY,Ancaster Public School,115001,30093012,44,None,,None,4795,"{""coordinates"": [[-79.4669926271694, 43.732866171726]], ""type"": ""MultiPoint""}"
57,156,7992305,ANNETTE ST JR SR & HIGH PARK ALTERNATIVE JR,None,EP,Toronto District School Board,265 ANNETTE ST ,English Public,7992305,265,Annette St,265 Annette St,M6P 1R3,TO,TO,Annette Street Junior and Senior Public School,115001,7987734,265,None,,None,2890,"{""coordinates"": [[-79.4728312797592, 43.6614231859019]], ""type"": ""MultiPoint""}"
58,157,485399,ANNUNCIATION CATHOLIC ELEMENTARY SCHOOL,None,ES,Toronto Catholic District School Board,65 AVONWICK GT ,English Separate,485399,65,Avonwick Gt,65 Avonwick Gt,M3A 2M8,NY,NY,Annunciation Catholic School,115001,440701,65,None,,None,4855,"{""coordinates"": [[-79.3210503278597, 43.7531144810912]], ""type"": ""MultiPoint""}"
59,158,358063,ANSON PARK PUBLIC SCHOOL,None,EP,Toronto District School Board,30 MACDUFF CRES ,English Public,358063,30,Macduff Cres,30 Macduff Cres,M1M 1X5,SC,SC,Anson Park Public School,115001,111602,30,None,,None,8385,"{""coordinates"": [[-79.2411154201694, 43.7261289165667]], ""type"": ""MultiPoint""}"
60,159,374465,ANSON S TAYLOR JR PUBLIC SCHOOL ,None,EP,Toronto District School Board,20 PLACENTIA BLVD ,English Public,374465,20,Placentia Blvd,20 Placentia Blvd,M1S 4C5,SC,SC,Anson S Taylor Junior Public School,115001,104662,20,None,,None,8711,"{""coordinates"": [[-79.2615613356444, 43.8042919764275]], ""type"": ""MultiPoint""}"
61,160,561942,APOLLO HIGH SCHOOL,None,PR,None,80 SHEPPARD AVE W,Private,561942,80,Sheppard Ave W,80 Sheppard Ave W,M2N 1M2,NY,NY,None,115001,439896,80,None,,None,6699,"{""coordinates"": [[-79.4150469915869, 43.7608557185021]], ""type"": ""MultiPoint""}"
62,161,3107754,ARBOR GLEN PUBLIC SCHOOL,None,EP,Toronto District School Board,55 FRESHMEADOW DR ,English Public,3107754,55,Freshmeadow Dr,55 Freshmeadow Dr,M2H 3H6,NY,NY,Arbor Glen Public School,115001,3107766,55,None,,None,5647,"{""coordinates"": [[-79.3557094447754, 43.8094863867353]], ""type"": ""MultiPoint""}"
63,162,576041,ARMOUR HEIGHTS PUBLIC SCHOOL ,None,EP,Toronto District School Board,148 WILSON AVE ,English Public,576041,148,Wilson Ave,148 Wilson Ave,M5M 3A5,NY,NY,Armour Heights Public School,115001,20055791,148,None,,None,4693,"{""coordinates"": [[-79.4195222787578, 43.7409100432478]], ""type"": ""MultiPoint""}"
64,163,871450,ARROWSMITH SCHOOL - BLDG 1,None,PR,None,245 ST CLAIR AVE W,Private,871450,245,St Clair Ave W,245 St Clair Ave W,M4V 1R3,TO,TO,None,115001,1139588,245,None,,None,890,"{""coordinates"": [[-79.4057974161555, 43.6854893204605]], ""type"": ""MultiPoint""}"
65,164,871449,ARROWSMITH SCHOOL - BLDG 2,None,PR,None,243 ST CLAIR AVE W,Private,871449,243,St Clair Ave W,243 St Clair Ave W,None,TO,TO,Russian Orthodox Church,115001,1139588,243,None,,None,890,"{""coordinates"": [[-79.4056854013319, 43.6855028020622]], ""type"": ""MultiPoint""}"
66,165,13516164,ASSOCIATED HEBREW JR SCHOOL - POSLUNS CAMPUS,None,PR,None,18 NEPTUNE DR ,Private,13516164,18,Neptune Dr,18 Neptune Dr,M6A 1X1,NY,NY,None,115001,10367830,18,None,,None,6275,"{""coordinates"": [[-79.4342526359317, 43.7314993862085]], ""type"": ""MultiPoint""}"
67,166,11129594,ASSOCIATED HEBREW MIDDLE SCHOOL - HURWICH CAMPUS,None,PR,None,252 FINCH AVE W,Private,11129594,252,Finch Ave W,252 Finch Ave W,M2R 1M9,NY,NY,None,115001,11129595,252,None,,None,1610,"{""coordinates"": [[-79.4384699547393, 43.7753161015838]], ""type"": ""MultiPoint""}"
68,167,10864355,AVALON CHILDREN'S MONTESSORI SCHOOL,None,PR,None,65 GLEN MANOR DR ,Private,10864355,65,Glen Manor Dr,65 Glen Manor Dr,M4E 3V3,TO,TO,Beaches Presbyterian Church,115001,20043563,65,None,,None,3520,"{""coordinates"": [[-79.2921448591768, 43.6711142558566]], ""type"": ""MultiPoint""}"
69,168,485329,AVONDALE PUBLIC & AVONDALE ALTERNATIVE ELEMENTARY SCHOOL,None,EP,Toronto District School Board,171 AVONDALE AVE ,English Public,485329,171,Avondale Ave,171 Avondale Ave,M2N 2V4,NY,NY,Avondale Public School,115001,439906,171,None,,None,4853,"{""coordinates"": [[-79.4000020943236, 43.7596784143197]], ""type"": ""MultiPoint""}"
70,169,7315504,AVONDALE SECONDARY ALTERNATIVE SCHOOL ,None,EP,Toronto District School Board,24 SILVERVIEW DR ,English Public,7315504,24,Silverview Dr,24 Silverview Dr,M2M 2B3,NY,NY,Avondale Secondary Alternative School,115001,7315505,24,None,,None,6720,"{""coordinates"": [[-79.4118431542439, 43.7863065106423]], ""type"": ""MultiPoint""}"
71,170,1368930,AVRO ACADEMY,None,PR,None,1640A AVENUE RD ,Private,1368930,1640A,Avenue Rd,1640A Avenue Rd,M5M 3X9,NY,NY,None,115001,20364202,1640,A,,None,2924,"{""coordinates"": [[-79.4174202535642, 43.7259898430287]], ""type"": ""MultiPoint""}"
72,171,9171677,BAIS CHAYA MUSHKA ELEMENTARY SCHOOL,None,PR,None,4375 CHESSWOOD DR ,Private,9171677,4375,Chesswood Dr,4375 Chesswood Dr,M3J 2C2,NY,NY,None,115001,9171675,4375,None,,None,5187,"{""coordinates"": [[-79.4774419814072, 43.7607082264476]], ""type"": ""MultiPoint""}"
73,172,487179,BAIS CHOMESH HIGH SCHOOL FOR GIRLS,None,PR,None,3600 BATHURST ST ,Private,487179,3600,Bathurst St,3600 Bathurst St,M6A 2C9,NY,NY,Shaarei Tefillah Congregation,115001,443540,3600,None,,None,436,"{""coordinates"": [[-79.4330769430682, 43.7311158004386]], ""type"": ""MultiPoint""}"
74,173,559733,BAIS YAAKOV ELEMENTARY SCHOOL,None,PR,None,15 SARANAC BLVD ,Private,559733,15,Saranac Blvd,15 Saranac Blvd,M6A 2G4,NY,NY,Bais Yaakov School,115001,444794,15,None,,None,6657,"{""coordinates"": [[-79.431869443854, 43.721429256651]], ""type"": ""MultiPoint""}"
75,174,9848255,BALA AVENUE COMMUNITY SCHOOL,None,EP,Toronto District School Board,6 BALA AVE ,English Public,9848255,6,Bala Ave,6 Bala Ave,M6M 2E1,YK,YK,Bala Avenue Community School,115001,9848256,6,None,,None,428,"{""coordinates"": [[-79.4990122716087, 43.6894622237887]], ""type"": ""MultiPoint""}"
76,175,62453,BALANCED EDUCATION NETWORK B.E.N. SCHOOL,None,PR,None,394 HARVIE AVE ,Private,62453,394,Harvie Ave,394 Harvie Ave,M6E 4L8,YK,YK,None,115001,30119749,394,None,,None,648,"{""coordinates"": [[-79.4546890976067, 43.6875353134585]], ""type"": ""MultiPoint""}"
77,176,7667200,BALMY BEACH COMMUNITY SCHOOL,None,EP,Toronto District School Board,14 PINE AVE ,English Public,7667200,14,Pine Ave,14 Pine Ave,M4E 1L6,TO,TO,"Balmy Beach Community School, Balmy Beach Community Recreation Centre",115001,14673229,14,None,,None,4190,"{""coordinates"": [[-79.289826941499, 43.6764359194877]], ""type"": ""MultiPoint""}"
78,177,14120344,BANNOCKBURN MONTESSORI SCHOOL & BETH TIKVAH SYNAGOGUE,None,PR,None,3080 BAYVIEW AVE ,Private,14120344,3080,Bayview Ave,3080 Bayview Ave,M2N 5L3,NY,NY,Beth Tikvah Synagogue,115001,8649806,3080,None,,None,24,"{""coordinates"": [[-79.3919253803582, 43.7788595464844]], ""type"": ""MultiPoint""}"
79,178,338836,BANTING AND BEST PUBLIC SCHOOL ,None,EP,Toronto District School Board,380 GOLDHAWK TRL ,English Public,338836,380,Goldhawk Trl,380 Goldhawk Trl,M1V 4E7,SC,SC,Banting and Best Public School,115001,103029,380,None,,None,7999,"{""coordinates"": [[-79.2798335039423, 43.8268714163484]], ""type"": ""MultiPoint""}"
80,179,561893,BAY SCHOOL OF CANADA,None,PR,None,1110 SHEPPARD AVE E,Private,561893,1110,Sheppard Ave E,1110 Sheppard Ave E,M2K 2W2,NY,NY,None,115001,438725,1110,None,,None,6698,"{""coordinates"": [[-79.3690330080322, 43.7713400056617]], ""type"": ""MultiPoint""}"
81,180,4833178,BAYVIEW GLEN ELEMENTARY SCHOOL,None,PR,None,275 DUNCAN MILL RD ,Private,4833178,275,Duncan Mill Rd,275 Duncan Mill Rd,M3B 3H9,NY,NY,None,115001,30005251,275,None,,None,5455,"{""coordinates"": [[-79.351409624544, 43.760908681756]], ""type"": ""MultiPoint""}"
82,181,11414990,BAYVIEW GLEN PRIVATE SCHOOL,None,PR,None,85 MOATFIELD DR ,Private,11414990,85,Moatfield Dr,85 Moatfield Dr,M3B 3L6,NY,NY,None,115001,11415001,85,None,,None,6235,"{""coordinates"": [[-79.3518336805625, 43.7590325568427]], ""type"": ""MultiPoint""}"
83,182,7963754,BAYVIEW MIDDLE SCHOOL,None,EP,Toronto District School Board,25 BUNTY LANE ,English Public,7963754,25,Bunty Lane,25 Bunty Lane,M2K 1W4,NY,NY,Bayview Middle School,115001,7963734,25,None,,None,5064,"{""coordinates"": [[-79.3852946788356, 43.7762622265316]], ""type"": ""MultiPoint""}"
84,183,876040,BEACHES ALTERNATIVE JR & KIMBERLEY JR,None,EP,Toronto District School Board,50 SWANWICK AVE ,English Public,876040,50,Swanwick Ave,50 Swanwick Ave,M4E 1Z5,TO,TO,Kimberley Junior Public School,115001,14016131,50,None,,None,4519,"{""coordinates"": [[-79.2991278839731, 43.6826199722785]], ""type"": ""MultiPoint""}"
85,184,829098,BEACHES MONTESSORI,None,PR,None,950 KINGSTON RD ,Private,829098,950,Kingston Rd,950 Kingston Rd,M4E 1S7,TO,TO,None,115001,1140042,950,None,,None,3786,"{""coordinates"": [[-79.2878066060172, 43.6806140984187]], ""type"": ""MultiPoint""}"
86,185,1019694,BEAUMONDE HEIGHTS JR MDL SCHOOL,None,EP,Toronto District School Board,70 MONTERREY DR ,English Public,1019694,70,Monterrey Dr,70 Monterrey Dr,M9V 1T1,ET,ET,Beaumonde Heights Junior Middle School,115001,906829,70,None,,None,2134,"{""coordinates"": [[-79.5747551861525, 43.7426035565314]], ""type"": ""MultiPoint""}"
87,186,7792874,BEDFORD PARK PUBLIC SCHOOL,None,EP,Toronto District School Board,81 RANLEIGH AVE ,English Public,7792874,81,Ranleigh Ave,81 Ranleigh Ave,M4N 1X2,TO,TO,Bedford Park Public School,115001,30147926,81,None,,None,4253,"{""coordinates"": [[-79.4002783723743, 43.7277982581742]], ""type"": ""MultiPoint""}"
88,187,9085421,"BEHAVIOUR INNOVATIONS, CHILDREN'S COLLEGE",None,PR,None,618 THE QUEENSWAY  ,Private,9085421,618,The Queensway,618 The Queensway,M8Y 1K3,ET,ET,None,115001,9085417,618,None,,None,2603,"{""coordinates"": [[-79.4954821417463, 43.6281819609662]], ""type"": ""MultiPoint""}"
89,188,312976,BELLMERE JR PUBLIC SCHOOL,None,EP,Toronto District School Board,470 BRIMORTON DR ,English Public,312976,470,Brimorton Dr,470 Brimorton Dr,M1H 2E6,SC,SC,Bellmere Junior Public School,115001,108018,470,None,,None,7437,"{""coordinates"": [[-79.23514687523, 43.7719692863916]], ""type"": ""MultiPoint""}"
90,189,307066,BENDALE JR PUBLIC SCHOOL,None,EP,Toronto District School Board,61 BENSHIRE DR ,English Public,307066,61,Benshire Dr,61 Benshire Dr,M1H 1M4,SC,SC,Bendale Junior Public School,115001,108929,61,None,,None,7343,"{""coordinates"": [[-79.2448802576444, 43.7625671183697]], ""type"": ""MultiPoint""}"
91,190,2945619,BENNINGTON HEIGHTS ELEMENTARY SCHOOL ,None,EP,Toronto District School Board,76 BENNINGTON HEIGHTS DR ,English Public,2945619,76,Bennington Heights Dr,76 Bennington Heights Dr,M4G 1B1,EY,EY,Bennington Heights Elementary School,115001,2945649,76,None,,None,30,"{""coordinates"": [[-79.3687780820258, 43.6939854007409]], ""type"": ""MultiPoint""}"
92,191,307348,BERNER TRAIL JR PUBLIC SCHOOL ,None,EP,Toronto District School Board,120 BERNER TRL ,English Public,307348,120,Berner Trl,120 Berner Trl,M1B 1B3,SC,SC,Berner Trail Junior Public School,115001,104808,120,None,,None,7349,"{""coordinates"": [[-79.2211413058912, 43.8014341079073]], ""type"": ""MultiPoint""}"
93,192,17935,BESSBOROUGH DRIVE ELEMENTARY SCHOOL,None,EP,Toronto District School Board,211 BESSBOROUGH DR ,English Public,17935,211,Bessborough Dr,211 Bessborough Dr,M4G 3K2,EY,EY,Bessborough Drive Elementary and Middle School,115001,605,211,None,,None,33,"{""coordinates"": [[-79.3701352031944, 43.7072147378542]], ""type"": ""MultiPoint""}"
94,193,535998,BETH JACOB HIGH SCHOOL FOR GIRLS,None,PR,None,410 LAWRENCE AVE W,Private,535998,410,Lawrence Ave W,410 Lawrence Ave W,M5M 1C2,NY,NY,None,115001,444785,410,None,,None,732,"{""coordinates"": [[-79.4237607656785, 43.7207940844222]], ""type"": ""MultiPoint""}"
95,194,6350055,BEVERLEY & SUBWAY ACADEMY TWO,None,EP,Toronto District School Board,64 BALDWIN ST ,English Public,6350055,64,Baldwin St,64 Baldwin St,M5T 1L4,TO,TO,Beverley Public School,115001,1144586,64,None,,None,2938,"{""coordinates"": [[-79.3955979715671, 43.6558174279277]], ""type"": ""MultiPoint""}"
96,195,570175,BEVERLEY HEIGHTS MDL SCHOOL,None,EP,Toronto District School Board,26 TROUTBROOKE DR ,English Public,570175,26,Troutbrooke Dr,26 Troutbrooke Dr,M3M 1S5,NY,NY,Beverley Heights Middle School,115001,443483,26,None,,None,6946,"{""coordinates"": [[-79.5047717321441, 43.7330245969919]], ""type"": ""MultiPoint""}"
97,196,307817,BEVERLY GLEN JR PUBLIC SCHOOL,None,EP,Toronto District School Board,85 BEVERLY GLEN BLVD ,English Public,307817,85,Beverly Glen Blvd,85 Beverly Glen Blvd,M1W 1W4,SC,SC,Beverly Glen Junior Public School,115001,14229540,85,None,,None,7356,"{""coordinates"": [[-79.3230676298928, 43.7986530998679]], ""type"": ""MultiPoint""}"
98,197,14615528,BIALIK HEBREW DAY SCHOOL,None,PR,None,2760 BATHURST ST ,Private,14615528,2760,Bathurst St,2760 Bathurst St,M6B 3A1,NY,NY,None,115001,8985217,2760,None,,None,436,"{""coordinates"": [[-79.428122887706, 43.7107064288581]], ""type"": ""MultiPoint""}"
99,198,343964,BIRCH CLIFF HEIGHTS PUBLIC SCHOOL,None,EP,Toronto District School Board,120 HIGHVIEW AVE ,English Public,343964,120,Highview Ave,120 Highview Ave,M1N 2J1,SC,SC,Birch Cliff Heights Public School,115001,112688,120,None,,None,9828,"{""coordinates"": [[-79.259816624788, 43.7017413937537]], ""type"": ""MultiPoint""}"
100,199,351953,BIRCH CLIFF PUBLIC SCHOOL,None,EP,Toronto District School Board,1650 KINGSTON RD ,English Public,351953,1650,Kingston Rd,1650 Kingston Rd,M1N 1S2,SC,SC,Birch Cliff Public School,115001,113039,1650,None,,None,3786,"{""coordinates"": [[-79.2655686242961, 43.6919887241508]], ""type"": ""MultiPoint""}"
101,200,325504,BIRCHMOUNT PARK COLLEGIATE INSTITUTE ,None,EP,Toronto District School Board,3663 DANFORTH AVE ,English Public,325504,3663,Danforth Ave,3663 Danforth Ave,M1N 2G2,SC,SC,Birchmount Park Collegiate Institute,115001,112815,3663,None,,None,86,"{""coordinates"": [[-79.2594545253619, 43.697753029491]], ""type"": ""MultiPoint""}"
102,201,800729,BIRMINGHAM INTERNATIONAL COLLEGIATE OF CANADA,None,PR,None,90 EGLINTON AVE W,Private,800729,90,Eglinton Ave W,90 Eglinton Ave W,M4R 2E4,TO,TO,None,115001,1138348,90,None,,None,571,"{""coordinates"": [[-79.4011690846099, 43.7064425727499]], ""type"": ""MultiPoint""}"
103,202,10142921,BISHOP ALLEN ACADEMY,None,ES,Toronto Catholic District School Board,721 ROYAL YORK RD ,English Separate,10142921,721,Royal York Rd,721 Royal York Rd,M8Y 2T3,ET,ET,Bishop Allen Academy,115001,10142922,721,None,,None,2413,"{""coordinates"": [[-79.5044646756763, 43.6344279205784]], ""type"": ""MultiPoint""}"
104,203,30114323,BISHOP MACDONELL CATHOLIC ELEMENTARY,None,ES,Toronto Catholic District School Board,20 BRUNEL CRT ,English Separate,30114323,20,Brunel Crt,20 Brunel Crt,M5V 0R5,TO,TO,None,115001,20035049,20,None,,None,18312,"{""coordinates"": [[-79.3942756638905, 43.639270767533]], ""type"": ""MultiPoint""}"
105,204,9638444,BISHOP MARROCCO THOMAS MERTON CATHOLIC SECONDARY SCHOOL,None,ES,Toronto Catholic District School Board,1515 BLOOR ST W,English Separate,9638444,1515,Bloor St W,1515 Bloor St W,M6P 1A3,TO,TO,Bishop Marrocco/Thomas Merton Catholic School,115001,9638443,1515,None,,None,458,"{""coordinates"": [[-79.4518077136626, 43.655857833558]], ""type"": ""MultiPoint""}"
106,205,834715,BISHOP STRACHAN SCHOOL,None,PR,None,298 LONSDALE RD ,Private,834715,298,Lonsdale Rd,298 Lonsdale Rd,M4V 1X2,TO,TO,None,115001,1139289,298,None,,None,3870,"{""coordinates"": [[-79.4093249176371, 43.690345107705]], ""type"": ""MultiPoint""}"
107,206,490154,BLACKSMITH PUBLIC SCHOOL,None,EP,Toronto District School Board,45 BLACKSMITH CRES ,English Public,490154,45,Blacksmith Cres,45 Blacksmith Cres,M3N 1V5,NY,NY,Blacksmith Public School,115001,30128741,45,None,,None,4965,"{""coordinates"": [[-79.5268106869839, 43.7711639591637]], ""type"": ""MultiPoint""}"
108,207,774626,BLAKE ST JR & EAST ALTERNATIVE,None,EP,Toronto District School Board,21 BOULTBEE AVE ,English Public,774626,21,Boultbee Ave,21 Boultbee Ave,M4J 1A7,TO,TO,Blake Street Junior Public School,115001,1141613,21,None,,None,3038,"{""coordinates"": [[-79.3384762500832, 43.6718063689636]], ""type"": ""MultiPoint""}"
109,208,309574,BLANTYRE PUBLIC SCHOOL ,None,EP,Toronto District School Board,290 BLANTYRE AVE ,English Public,309574,290,Blantyre Ave,290 Blantyre Ave,M1N 2S4,SC,SC,Blantyre Public School,115001,113172,290,None,,None,7377,"{""coordinates"": [[-79.2838646531108, 43.6851000843951]], ""type"": ""MultiPoint""}"
110,209,490361,BLAYDON PUBLIC SCHOOL ,None,EP,Toronto District School Board,25 BLAYDON AVE ,English Public,490361,25,Blaydon Ave,25 Blaydon Ave,M3M 2C9,NY,NY,Blaydon Public School,115001,30085278,25,None,,None,4974,"{""coordinates"": [[-79.4862561391138, 43.735357222836]], ""type"": ""MultiPoint""}"
111,210,2250071,BLESSED MARGHERITA OF CITTA DI CASTELLO CATHOLIC ELEMENTARY SCHOOL,None,ES,Toronto Catholic District School Board,108 SPENVALLEY DR ,English Separate,2250071,108,Spenvalley Dr,108 Spenvalley Dr,M3L 1Z5,NY,NY,Blessed Margherita Of Citta Di Castello Catholic School,115001,30092921,108,None,,None,6763,"{""coordinates"": [[-79.5079140443714, 43.7436724724678]], ""type"": ""MultiPoint""}"
112,211,30012333,BLESSED PIER GIORGIO FRASSATI CATHOLIC ELEMENTARY SCHOOL,None,ES,Toronto Catholic District School Board,8 SEASONS DR ,English Separate,30012333,8,Seasons Dr,8 Seasons Dr,M1X 1X4,SC,SC,Blessed Pier Giorgio Frassati Catholic School,115001,30062578,8,None,,None,16909,"{""coordinates"": [[-79.2327375191257, 43.8298752034525]], ""type"": ""MultiPoint""}"
113,212,7763002,BLESSED SACRAMENT CATHOLIC ELEMENTARY SCHOOL,None,ES,Toronto Catholic District School Board,24 BEDFORD PARK AVE ,English Separate,7763002,24,Bedford Park Ave,24 Bedford Park Ave,M5M 1H9,TO,TO,Blessed Sacrament Catholic School,115001,14036649,24,None,,None,2976,"{""coordinates"": [[-79.4039975153705, 43.7274816103799]], ""type"": ""MultiPoint""}"
114,213,9602629,BLESSED TRINITY CATHOLIC ELEMENTARY SCHOOL,None,ES,Toronto Catholic District School Board,3205 BAYVIEW AVE ,English Separate,9602629,3205,Bayview Ave,3205 Bayview Ave,M2K 1G3,NY,NY,Blessed Trinity Catholic School,115001,9531471,3205,None,,None,24,"{""coordinates"": [[-79.391826199989, 43.7868975436176]], ""type"": ""MultiPoint""}"
115,214,306063,BLISS CARMAN SR PUBLIC SCHOOL,None,EP,Toronto District School Board,10 BELLAMY RD S,English Public,306063,10,Bellamy Rd S,10 Bellamy Rd S,M1M 3N8,SC,SC,Bliss Carman Senior Public School,115001,14245815,10,None,,None,7314,"{""coordinates"": [[-79.2256018786147, 43.732648962951]], ""type"": ""MultiPoint""}"
116,215,30123033,BLOOR C.I. & ALPHA II ALTERNATIVE,None,EP,Toronto District School Board,1141 BLOOR ST W,English Public,30123033,1141,Bloor St W,1141 Bloor St W,None,TO,TO,None,115001,1143991,1141,None,,None,458,"{""coordinates"": [[-79.4364436944014, 43.6592551025075]], ""type"": ""MultiPoint""}"
117,216,8432037,BLOORDALE MDL SCHOOL,None,EP,Toronto District School Board,10 TOLEDO RD ,English Public,8432037,10,Toledo Rd,10 Toledo Rd,M9C 2H3,ET,ET,Bloordale Middle School,115001,30009321,10,None,,None,2640,"{""coordinates"": [[-79.5719465300651, 43.6391456489153]], ""type"": ""MultiPoint""}"
118,217,8731366,BLOORLEA MDL SCHOOL ,None,EP,Toronto District School Board,4050 BLOOR ST W,English Public,8731366,4050,Bloor St W,4050 Bloor St W,M9B 1M5,ET,ET,Bloorlea Middle School,115001,8731343,4050,None,,None,458,"{""coordinates"": [[-79.5556754935908, 43.6376529320238]], ""type"": ""MultiPoint""}"
119,218,12601205,BLOORVIEW SCHOOL AUTHORITY,None,PR,None,150 KILGOUR RD ,Private,12601205,150,Kilgour Rd,150 Kilgour Rd,M4G 1R8,NY,NY,Bloorview Hugh Macmillan Centre,115001,20079268,150,None,,None,18055,"{""coordinates"": [[-79.3729629876089, 43.7184095981531]], ""type"": ""MultiPoint""}"
120,219,30054504,BLUE GENE EDUCATION SCHOOL,None,PR,None,11A GLEN WATFORD DR ,Private,30054504,11A,Glen Watford Dr,11A Glen Watford Dr,M1S 2B8,SC,SC,None,115001,7009470,11,A,,None,7984,"{""coordinates"": [[-79.2756210517415, 43.7866780963874]], ""type"": ""MultiPoint""}"
121,220,13494887,BLYTH ACADEMY SCHOOL - DOWNSVIEW PARK,None,PR,None,75 CARL HALL RD ,Private,13494887,75,Carl Hall Rd,75 Carl Hall Rd,M3K 2B9,NY,NY,None,115001,60014340,75,None,,None,11506,"{""coordinates"": [[-79.4747861441606, 43.7468504624279]], ""type"": ""MultiPoint""}"
122,221,8265336,BLYTH ACADEMY SCHOOL - ETOBICOKE,None,PR,None,2489 BLOOR ST W,Private,8265336,2489,Bloor St W,2489 Bloor St W,M6S 1R6,TO,TO,None,115001,8265335,2489,None,,None,458,"{""coordinates"": [[-79.4865438361652, 43.6476318294668]], ""type"": ""MultiPoint""}"
123,222,8566068,BLYTH ACADEMY SCHOOL - LAWRENCE PARK,None,PR,None,2660 YONGE ST ,Private,8566068,2660,Yonge St,2660 Yonge St,M4P 2J5,TO,TO,None,115001,8566053,2660,None,,None,4733,"{""coordinates"": [[-79.4005921361057, 43.7160130809748]], ""type"": ""MultiPoint""}"
124,223,7754014,BLYTHWOOD JR PUBLIC SCHOOL,None,EP,Toronto District School Board,2 STRATHGOWAN CRES ,English Public,7754014,2,Strathgowan Cres,2 Strathgowan Cres,M4N 2Z5,TO,TO,Blythwood Junior Public School,115001,7754013,2,None,,None,4499,"{""coordinates"": [[-79.3895057084414, 43.7199314988808]], ""type"": ""MultiPoint""}"
125,224,20138696,BNEI AKIVA SCHOOL - ULPANAT OROT,None,PR,None,45 CANYON AVE ,Private,20138696,45,Canyon Ave,45 Canyon Ave,M3H 3S4,NY,NY,None,115001,7094705,45,None,,None,5112,"{""coordinates"": [[-79.4382145878534, 43.7582180659533]], ""type"": ""MultiPoint""}"
126,225,9011164,BNOS BAIS YAAKOV SCHOOL FOR GIRLS,None,PR,None,2949 BATHURST ST ,Private,9011164,2949,Bathurst St,2949 Bathurst St,M6B 3B2,NY,NY,None,115001,9011161,2949,None,,None,436,"{""coordinates"": [[-79.4288203417634, 43.7165295830243]], ""type"": ""MultiPoint""}"
127,226,9246495,BNOS CHAYA ,None,PR,None,3995 BATHURST ST ,Private,9246495,3995,Bathurst St,3995 Bathurst St,M3H 5V3,NY,NY,None,115001,9246492,3995,None,,None,436,"{""coordinates"": [[-79.4352979243294, 43.7441315066839]], ""type"": ""MultiPoint""}"
128,227,30113976,BOARDWALK MONTESSORI SCHOOL,None,PR,None,1975B QUEEN ST E,Private,30113976,1975B,Queen St E,1975B Queen St E,M4L 1J1,TO,TO,None,115001,7683440,1975,B,,None,4237,"{""coordinates"": [[-79.3005329432302, 43.6696163293087]], ""type"": ""MultiPoint""}"
129,228,826229,BON BERGER CATHOLIC ELEMENTARY SCHOOL,None,FS,Conseil scolaire de district catholique Centre-Sud,343 JONES AVE ,French Separate,826229,343,Jones Ave,343 Jones Ave,M4J 3G4,TO,TO,Bon Berger Catholic Elementary School,115001,1141641,343,None,,None,3752,"{""coordinates"": [[-79.3367397035768, 43.6726264610924]], ""type"": ""MultiPoint""}"
130,229,308612,BOND ACADEMY SCHOOL,None,PR,None,1500 BIRCHMOUNT RD ,Private,308612,1500,Birchmount Rd,1500 Birchmount Rd,M1P 2G5,SC,SC,None,115001,109545,1500,None,,None,7365,"{""coordinates"": [[-79.2903117142674, 43.756523216951]], ""type"": ""MultiPoint""}"
131,230,6361762,BOWMORE ROAD JR & SR PUBLIC SCHOOL ,None,EP,Toronto District School Board,80 BOWMORE RD ,English Public,6361762,80,Bowmore Rd,80 Bowmore Rd,M4L 3J2,TO,TO,Bowmore Road Junior and Senior Public School,115001,6355883,80,None,,None,3044,"{""coordinates"": [[-79.3144917153579, 43.676063664796]], ""type"": ""MultiPoint""}"
132,231,1035925,BRAEBURN JR SCHOOL,None,EP,Toronto District School Board,15 TANDRIDGE CRES ,English Public,1035925,15,Tandridge Cres,15 Tandridge Cres,M9W 2N8,ET,ET,Braeburn Junior School,115001,907479,15,None,,None,2579,"{""coordinates"": [[-79.5488638133372, 43.7280298273892]], ""type"": ""MultiPoint""}"
133,232,7795750,BRAEMAR COLLEGE PRIVATE SECONDARY SCHOOL,None,PR,None,229 COLLEGE ST ,Private,7795750,229,College St,229 College St,M5T 1R4,TO,TO,None,115001,7795746,229,None,,None,9765,"{""coordinates"": [[-79.3975131902069, 43.6581269361942]], ""type"": ""MultiPoint""}"
134,233,801469,BRANKSOME HALL GIRLS SCHOOL,None,PR,None,10 ELM AVE ,Private,801469,10,Elm Ave,10 Elm Ave,M4W 1N4,TO,TO,None,115001,1141270,10,None,,None,3384,"{""coordinates"": [[-79.3798154376982, 43.675062372312]], ""type"": ""MultiPoint""}"
135,234,565242,BREBEUF COLLEGE SCHOOL,None,ES,Toronto Catholic District School Board,211 STEELES AVE E,English Separate,565242,211,Steeles Ave E,211 Steeles Ave E,M2M 3Y6,NY,NY,Brebeuf College School,115001,14228166,211,None,,None,6792,"{""coordinates"": [[-79.4026251522927, 43.8002282400109]], ""type"": ""MultiPoint""}"
136,235,11467213,BRIAN PUBLIC SCHOOL,None,EP,Toronto District School Board,95 BRIAN DR ,English Public,11467213,95,Brian Dr,95 Brian Dr,M2J 3Y6,NY,NY,Brian Public School,115001,11467035,95,None,,None,5028,"{""coordinates"": [[-79.331933544035, 43.7824531904325]], ""type"": ""MultiPoint""}"
137,236,8344927,BRIARCREST JR SCHOOL,None,EP,Toronto District School Board,60 WELLESWORTH DR ,English Public,8344927,60,Wellesworth Dr,60 Wellesworth Dr,M9C 4R3,ET,ET,Briarcrest Junior School,115001,8344924,60,None,,None,2752,"{""coordinates"": [[-79.5800752804407, 43.6664657716455]], ""type"": ""MultiPoint""}"
138,237,312084,BRIDLEWOOD JR PUBLIC SCHOOL ,None,EP,Toronto District School Board,60 BRIDLEWOOD BLVD ,English Public,312084,60,Bridlewood Blvd,60 Bridlewood Blvd,M1T 1P7,SC,SC,Bridlewood Junior Public School,115001,14198001,60,None,,None,7427,"{""coordinates"": [[-79.3150953883817, 43.7807962711677]], ""type"": ""MultiPoint""}"
139,238,14069873,BRIGHT START ACADEMY SCHOOL,None,PR,None,4630 DUFFERIN ST ,Private,14069873,4630,Dufferin St,4630 Dufferin St,M3H 5S4,NY,NY,None,115001,10280130,4630,None,,None,557,"{""coordinates"": [[-79.4682899064453, 43.7732445761783]], ""type"": ""MultiPoint""}"
140,239,20353041,BRIGHTON SCHOOL,None,PR,None,150 WYNFORD DR ,Private,20353041,150,Wynford Dr,150 Wynford Dr,M3C 1K6,NY,NY,None,115001,443981,150,None,,None,7128,"{""coordinates"": [[-79.3266382905453, 43.7272092902216]], ""type"": ""MultiPoint""}"
141,240,313306,BRIMWOOD BOULEVARD JR PUBLIC SCHOOL ,None,EP,Toronto District School Board,151 BRIMWOOD BLVD ,English Public,313306,151,Brimwood Blvd,151 Brimwood Blvd,M1V 1E5,SC,SC,Brimwood Boulevard Junior Public School,115001,103922,151,None,,None,7438,"{""coordinates"": [[-79.2740896574429, 43.8116998848004]], ""type"": ""MultiPoint""}"
142,241,7515119,BROADACRES JR SCHOOL ,None,EP,Toronto District School Board,45 CRENDON DR ,English Public,7515119,45,Crendon Dr,45 Crendon Dr,M9C 3G6,ET,ET,Broadacres Junior School,115001,7515109,45,None,,None,1409,"{""coordinates"": [[-79.5720207319543, 43.6480667176351]], ""type"": ""MultiPoint""}"
143,242,492477,BROADLANDS PUBLIC SCHOOL,None,EP,Toronto District School Board,106 BROADLANDS BLVD ,English Public,492477,106,Broadlands Blvd,106 Broadlands Blvd,M3A 1J7,NY,NY,Broadlands Public School,115001,441603,106,None,,None,5039,"{""coordinates"": [[-79.316462271329, 43.7457277227854]], ""type"": ""MultiPoint""}"
144,243,9780839,BROCK JR PUBLIC SCHOOL ,None,EP,Toronto District School Board,93 MARGUERETTA ST ,English Public,9780839,93,Margueretta St,93 Margueretta St,M6H 3S4,TO,TO,Brock Public School,115001,14017889,93,None,,None,3919,"{""coordinates"": [[-79.4378441314772, 43.6530496924269]], ""type"": ""MultiPoint""}"
145,244,493354,BROOKHAVEN PUBLIC SCHOOL,None,EP,Toronto District School Board,70 BROOKHAVEN DR ,English Public,493354,70,Brookhaven Dr,70 Brookhaven Dr,M6M 4N8,NY,NY,Brookhaven Public School,115001,446535,70,None,,None,5048,"{""coordinates"": [[-79.4956943989549, 43.702506311229]], ""type"": ""MultiPoint""}"
146,245,536834,BROOKLYN COLLEGE SECONDARY SCHOOL,None,PR,None,150 LESMILL RD ,Private,536834,150,Lesmill Rd,150 Lesmill Rd,M3B 2T5,NY,NY,None,115001,440167,150,None,,None,6048,"{""coordinates"": [[-79.3586470250663, 43.7593992803488]], ""type"": ""MultiPoint""}"
147,246,6242368,BROOKMILL BOULEVARD JR PUBLIC SCHOOL,None,EP,Toronto District School Board,25 BROOKMILL BLVD ,English Public,6242368,25,Brookmill Blvd,25 Brookmill Blvd,M1W 2L5,SC,SC,Brookmill Boulevard Junior Public School,115001,6242369,25,None,,None,7452,"{""coordinates"": [[-79.3148680045935, 43.80122038284]], ""type"": ""MultiPoint""}"
148,247,14248664,BROOKSIDE PUBLIC SCHOOL,None,EP,Toronto District School Board,75 OASIS BLVD ,English Public,14248664,75,Oasis Blvd,75 Oasis Blvd,M1X 0A3,SC,SC,Brookside Public School,115001,14248995,75,None,,None,16908,"{""coordinates"": [[-79.2338532994675, 43.8303652064155]], ""type"": ""MultiPoint""}"
149,248,531083,BROOKVIEW MDL SCHOOL & BROOKVIEW LINC,None,EP,Toronto District School Board,4505 JANE ST ,English Public,531083,4505,Jane St,4505 Jane St,M3N 2K7,NY,NY,Brookview Middle School,115001,439448,4505,None,,None,694,"{""coordinates"": [[-79.5172466551502, 43.7674572380872]], ""type"": ""MultiPoint""}"
150,249,7992855,BROWN JR PUBLIC SCHOOL,None,EP,Toronto District School Board,454 AVENUE RD ,English Public,7992855,454,Avenue Rd,454 Avenue Rd,M4V 2J1,TO,TO,"Brown Junior Public School, Brown Community Centre",115001,7992854,454,None,,None,2924,"{""coordinates"": [[-79.4013122747142, 43.6849129181957]], ""type"": ""MultiPoint""}"
151,250,8392356,BRUCE JR PUBLIC SCHOOL,None,EP,Toronto District School Board,51 LARCHMOUNT AVE ,English Public,8392356,51,Larchmount Ave,51 Larchmount Ave,M4M 2Y6,TO,TO,Bruce Public School,115001,14037200,51,None,,None,3817,"{""coordinates"": [[-79.3333360558731, 43.6610358159785]], ""type"": ""MultiPoint""}"
152,251,314022,BUCHANAN PUBLIC SCHOOL,None,EP,Toronto District School Board,4 BUCANNAN RD ,English Public,314022,4,Bucannan Rd,4 Bucannan Rd,M1R 3V3,SC,SC,Buchanan Public School,115001,109942,4,None,,None,7464,"{""coordinates"": [[-79.2999282686155, 43.7514123659806]], ""type"": ""MultiPoint""}"
153,252,6765660,BURNHAMTHORPE COLLEGIATE & ADULT LEARNING CENTRE ,None,EP,Toronto District School Board,500 THE EAST MALL  ,English Public,6765660,500,The East Mall,500 The East Mall,M9B 2C4,ET,ET,Burnhamthorpe Collegiate Institute,115001,6765661,500,None,,None,2597,"{""coordinates"": [[-79.5616948758766, 43.6491679256634]], ""type"": ""MultiPoint""}"
154,253,314663,BURROWS HALL JR PUBLIC SCHOOL,None,EP,Toronto District School Board,151 BURROWS HALL BLVD ,English Public,314663,151,Burrows Hall Blvd,151 Burrows Hall Blvd,M1B 1M5,SC,SC,Burrows Hall Junior Public School,115001,30063088,151,None,,None,7479,"{""coordinates"": [[-79.2288180080604, 43.792697960518]], ""type"": ""MultiPoint""}"
155,254,312706,C D FARQUHARSON JR PUBLIC SCHOOL,None,EP,Toronto District School Board,1965 BRIMLEY RD ,English Public,312706,1965,Brimley Rd,1965 Brimley Rd,M1S 2B1,SC,SC,C. D. Farquharson Junior Public School,115001,20050591,1965,None,,None,7435,"{""coordinates"": [[-79.2661055358191, 43.784467159758]], ""type"": ""MultiPoint""}"
156,255,8837557,C R MARCHANT MDL SCHOOL,None,EP,Toronto District School Board,1 RALPH ST ,English Public,8837557,1,Ralph St,1 Ralph St,M9N 3A8,YK,YK,C. R. Marchant Middle School,115001,8837555,1,None,,None,829,"{""coordinates"": [[-79.5129333966558, 43.7017214781638]], ""type"": ""MultiPoint""}"
157,256,10071193,C W JEFFERYS COLLEGIATE INSTITUTE,None,EP,Toronto District School Board,340 SENTINEL RD ,English Public,10071193,340,Sentinel Rd,340 Sentinel Rd,M3J 1T9,NY,NY,C. W. Jeffreys Collegiate Institute,115001,30024038,340,None,,None,6678,"{""coordinates"": [[-79.4999125095246, 43.7582792583815]], ""type"": ""MultiPoint""}"
158,257,800584,CAESAR INTERNATIONAL ACADEMY,None,PR,None,20 EGLINTON AVE E,Private,800584,20,Eglinton Ave E,20 Eglinton Ave E,M4P 1A9,TO,TO,None,115001,30012728,20,None,,None,125,"{""coordinates"": [[-79.3976464994121, 43.7072745117212]], ""type"": ""MultiPoint""}"
159,258,495446,CALICO PUBLIC SCHOOL ,None,EP,Toronto District School Board,35 CALICO DR ,English Public,495446,35,Calico Dr,35 Calico Dr,M3L 1V5,NY,NY,Calico Public School,115001,442948,35,None,,None,5092,"{""coordinates"": [[-79.5035920382592, 43.7379061764681]], ""type"": ""MultiPoint""}"
160,259,495911,CAMERON PUBLIC SCHOOL,None,EP,Toronto District School Board,211 CAMERON AVE ,English Public,495911,211,Cameron Ave,211 Cameron Ave,M2N 1E8,NY,NY,Cameron Public School,115001,440741,211,None,,None,484,"{""coordinates"": [[-79.421251554251, 43.7543606984639]], ""type"": ""MultiPoint""}"
161,260,8837786,CANAAN GLOBAL ACADEMY,None,PR,None,32 KERN RD ,Private,8837786,32,Kern Rd,32 Kern Rd,M3B 1T1,NY,NY,None,115001,8837777,32,None,,None,5958,"{""coordinates"": [[-79.3506864852167, 43.7499003413721]], ""type"": ""MultiPoint""}"
162,261,9668636,CANADA INTERNATIONAL COLLEGE SCHOOL,None,PR,None,2347 KENNEDY RD ,Private,9668636,2347,Kennedy Rd,2347 Kennedy Rd,M1T 3T8,SC,SC,None,115001,9668534,2347,None,,None,8224,"{""coordinates"": [[-79.2882892370706, 43.7840565219055]], ""type"": ""MultiPoint""}"
163,262,7794398,CANADIAN MARTYRS CATHOLIC ELEMENTARY SCHOOL,None,ES,Toronto Catholic District School Board,520 PLAINS RD ,English Separate,7794398,520,Plains Rd,520 Plains Rd,M4C 2Z1,EY,EY,Canadian Martyrs Catholic School,115001,7794394,520,None,,None,290,"{""coordinates"": [[-79.3193386362478, 43.6981999203505]], ""type"": ""MultiPoint""}"
164,263,536810,CANADIAN MEMORIAL CHIROPRACTIC COLLEGE SCHOOL,None,PR,None,6100 LESLIE ST ,Private,536810,6100,Leslie St,6100 Leslie St,M2H 3J1,NY,NY,Shaarei Zion,115001,436356,6100,None,,None,225,"{""coordinates"": [[-79.3720534028883, 43.8035723454245]], ""type"": ""MultiPoint""}"
165,264,14129930,CANADIAN TAMIL ACADEMY,None,PR,None,8 MILNER AVE ,Private,14129930,8,Milner Ave,8 Milner Ave,M1S 3P8,SC,SC,None,115001,106730,8,None,,None,8507,"{""coordinates"": [[-79.2560647526698, 43.7859309725289]], ""type"": ""MultiPoint""}"
166,265,999333,CAN-AIM HIGH SCHOOL,None,PR,None,2 ELMHURST DR ,Private,999333,2,Elmhurst Dr,2 Elmhurst Dr,M9W 2J3,ET,ET,None,115001,907562,2,None,,None,1544,"{""coordinates"": [[-79.551444275464, 43.7251340041367]], ""type"": ""MultiPoint""}"
167,266,9135228,CARDINAL CARTER ACADEMY FOR THE ARTS,None,ES,Toronto Catholic District School Board,36 GREENFIELD AVE ,English Separate,9135228,36,Greenfield Ave,36 Greenfield Ave,M2N 3C8,NY,NY,Cardinal Carter Academy For The Arts,115001,20040806,36,None,,None,5748,"{""coordinates"": [[-79.4097615824432, 43.7640950103093]], ""type"": ""MultiPoint""}"
168,267,365821,CARDINAL LEGER CATHOLIC ELEMENTARY SCHOOL,None,ES,Toronto Catholic District School Board,600 MORRISH RD ,English Separate,365821,600,Morrish Rd,600 Morrish Rd,M1C 4Y1,SC,SC,Cardinal Leger Catholic School,115001,13974899,600,None,,None,8538,"{""coordinates"": [[-79.1754616226425, 43.7932879519401]], ""type"": ""MultiPoint""}"
169,268,7974726,CAREER QUEST - TORONTO,None,PR,None,129 YORKVILLE AVE ,Private,7974726,129,Yorkville Ave,129 Yorkville Ave,M5R 1C4,TO,TO,None,115001,7974709,129,None,,None,4737,"{""coordinates"": [[-79.3935194605903, 43.6704891897759]], ""type"": ""MultiPoint""}"
170,269,800605,CAREERQUEST,None,PR,None,150 EGLINTON AVE E,Private,800605,150,Eglinton Ave E,150 Eglinton Ave E,M4P 1E8,TO,TO,None,115001,1138280,150,None,,None,125,"{""coordinates"": [[-79.3940035498281, 43.7078976710401]], ""type"": ""MultiPoint""}"
171,270,8714071,CARLETON VILLAGE JR & SR PUBLIC SCHOOL,None,EP,Toronto District School Board,315 OSLER ST ,English Public,8714071,315,Osler St,315 Osler St,M6N 2Z4,TO,TO,Carleton Village Junior and Senior Sports and Wellness Academy,115001,14012998,315,None,,None,4124,"{""coordinates"": [[-79.4600288033669, 43.6723528079383]], ""type"": ""MultiPoint""}"
172,271,497128,CASSANDRA PUBLIC SCHOOL,None,EP,Toronto District School Board,45 CASSANDRA BLVD ,English Public,497128,45,Cassandra Blvd,45 Cassandra Blvd,M3A 1S5,NY,NY,Cassandra Public School,115001,30100005,45,None,,None,5139,"{""coordinates"": [[-79.3289014753509, 43.7484250053493]], ""type"": ""MultiPoint""}"
173,272,992851,CASTLEBAR JR SCHOOL,None,EP,Toronto District School Board,70 CHARTWELL RD ,English Public,992851,70,Chartwell Rd,70 Chartwell Rd,M8Z 4G6,ET,ET,None,115001,912905,70,None,,None,1336,"{""coordinates"": [[-79.5137942125371, 43.6305564879895]], ""type"": ""MultiPoint""}"
174,273,337054,CEDAR DRIVE JR PUBLIC SCHOOL,None,EP,Toronto District School Board,21 GATESVIEW AVE ,English Public,337054,21,Gatesview Ave,21 Gatesview Ave,M1J 3G4,SC,SC,Cedar Drive Junior Public School,115001,110162,21,None,,None,7957,"{""coordinates"": [[-79.215050939271, 43.7458528095017]], ""type"": ""MultiPoint""}"
175,274,360056,CEDARBRAE COLLEGIATE INSTITUTE,None,EP,Toronto District School Board,550 MARKHAM RD ,English Public,360056,550,Markham Rd,550 Markham Rd,M1H 2A2,SC,SC,Cedarbrae Collegiate Institute,115001,109476,550,None,,None,8429,"{""coordinates"": [[-79.2259248559894, 43.7563408988376]], ""type"": ""MultiPoint""}"
176,275,367221,CEDARBROOK JR PUBLIC SCHOOL ,None,EP,Toronto District School Board,56 NELSON ST ,English Public,367221,56,Nelson St,56 Nelson St,M1J 2V6,SC,SC,Cedarbrook Public School,115001,110186,56,None,,None,4050,"{""coordinates"": [[-79.2301927515264, 43.7472933923281]], ""type"": ""MultiPoint""}"
177,276,51217,CEDARVALE COMMUNITY SCHOOL ,None,EP,Toronto District School Board,145 AVA RD ,English Public,51217,145,Ava Rd,145 Ava Rd,M6C 1W4,YK,YK,Cedarvale Community School,115001,7630,145,None,,None,418,"{""coordinates"": [[-79.4302837269918, 43.696025486871]], ""type"": ""MultiPoint""}"
178,277,13494886,CENTENNIAL COLLEGE - DOWNSVIEW CAMPUS,None,C,None,65 CARL HALL RD ,College,13494886,65,Carl Hall Rd,65 Carl Hall Rd,M3K 2E1,NY,NY,None,115001,30110451,65,None,,None,11506,"{""coordinates"": [[-79.4761936970209, 43.7473823846262]], ""type"": ""MultiPoint""}"
179,278,6786814,CENTENNIAL COLLEGE - MIDLAND CAMPUS,None,C,None,1163 ELLESMERE RD ,College,6786814,1163,Ellesmere Rd,1163 Ellesmere Rd,M1P 2X6,SC,SC,None,115001,108388,1163,None,,None,7835,"{""coordinates"": [[-79.2705436866784, 43.7678315544081]], ""type"": ""MultiPoint""}"
180,279,11048263,CENTENNIAL COLLEGE SCHOOL - ASHTONBEE CAMPUS,None,C,None,75 ASHTONBEE RD ,College,11048263,75,Ashtonbee Rd,75 Ashtonbee Rd,M1L 4N4,SC,SC,None,115001,20362192,75,None,,None,7247,"{""coordinates"": [[-79.2897867296388, 43.7307013783081]], ""type"": ""MultiPoint""}"
181,280,6387861,CENTENNIAL COLLEGE SCHOOL - CARLAW CAMPUS ,None,C,None,951 CARLAW AVE ,College,6387861,951,Carlaw Ave,951 Carlaw Ave,M4K 3M2,EY,EY,Centennial College,115001,6387864,951,None,,None,56,"{""coordinates"": [[-79.3488606053088, 43.6846512620714]], ""type"": ""MultiPoint""}"
182,281,14198162,CENTENNIAL COLLEGE SCHOOL - MORNINGSIDE CAMPUS ,None,C,None,755 MORNINGSIDE AVE ,College,14198162,755,Morningside Ave,755 Morningside Ave,M1C 5J9,SC,SC,Centennial HP Science and Technology Cen,115001,30075982,755,None,,None,4015,"{""coordinates"": [[-79.1929331612857, 43.7860239310755]], ""type"": ""MultiPoint""}"
183,282,13503978,CENTENNIAL COLLEGE SCHOOL - PROGRESS CAMPUS,None,C,None,941 PROGRESS AVE ,College,13503978,941,Progress Ave,941 Progress Ave,M1G 3T8,SC,SC,None,115001,13971323,941,None,,None,8740,"{""coordinates"": [[-79.2270264219067, 43.7852646605478]], ""type"": ""MultiPoint""}"
184,283,317905,CENTENNIAL ROAD JR PUBLIC SCHOOL ,None,EP,Toronto District School Board,271 CENTENNIAL RD ,English Public,317905,271,Centennial Rd,271 Centennial Rd,M1C 2A2,SC,SC,Centennial Road Junior Public School,115001,106476,271,None,,None,7544,"{""coordinates"": [[-79.1500238078626, 43.7869622763272]], ""type"": ""MultiPoint""}"
185,284,996285,CENTRAL ETOBICOKE HIGH SCHOOL,None,EP,Toronto District School Board,10 DENFIELD ST ,English Public,996285,10,Denfield St,10 Denfield St,M9R 3H1,ET,ET,Central Etobicoke High School,115001,909523,10,None,,None,1457,"{""coordinates"": [[-79.5554889336889, 43.6790185578849]], ""type"": ""MultiPoint""}"
186,285,575631,CENTRAL MONTESSORI SCHOOL - WILLOWDALE,None,PR,None,157 WILLOWDALE AVE ,Private,575631,157,Willowdale Ave,157 Willowdale Ave,M2N 4Y7,NY,NY,None,115001,439256,157,None,,None,7093,"{""coordinates"": [[-79.4004166171823, 43.7666501469879]], ""type"": ""MultiPoint""}"
187,286,501770,CENTRAL MONTESSORI SCHOOL - YORK MILLS,None,PR,None,18 COLDWATER RD ,Private,501770,18,Coldwater Rd,18 Coldwater Rd,M3B 1Y7,NY,NY,None,115001,440531,18,None,,None,5247,"{""coordinates"": [[-79.3584573826796, 43.7558289304582]], ""type"": ""MultiPoint""}"
188,287,6924847,CENTRAL TECHNICAL SCHOOL,None,EP,Toronto District School Board,725 BATHURST ST ,English Public,6924847,725,Bathurst St,725 Bathurst St,M5S 2R5,TO,TO,Central Technical School,115001,6924827,725,None,,None,436,"{""coordinates"": [[-79.4085177947948, 43.6628382420106]], ""type"": ""MultiPoint""}"
189,288,866713,CENTRAL TORONTO ACADEMY & HORIZON ALTERNATIVE SR,None,EP,Toronto District School Board,570 SHAW ST ,English Public,866713,570,Shaw St,570 Shaw St,M6G 3L6,TO,TO,Central Toronto Academy,115001,1144414,570,None,,None,4388,"{""coordinates"": [[-79.4219986112882, 43.657978462827]], ""type"": ""MultiPoint""}"
190,289,7196008,CENTREPOINT LINC,None,EP,Toronto District School Board,6464 YONGE ST ,English Public,7196008,6464,Yonge St,6464 Yonge St,M2M 3X4,NY,NY,None,115001,7195911,6464,None,,None,4733,"{""coordinates"": [[-79.422382771195, 43.7958512114194]], ""type"": ""MultiPoint""}"
191,290,9602785,CESTAR HIGH SCHOOL,None,PR,None,271 YORKLAND BLVD ,Private,9602785,271,Yorkland Blvd,271 Yorkland Blvd,M2J 1S5,NY,NY,None,115001,30121150,271,None,,None,7150,"{""coordinates"": [[-79.3355275145792, 43.7737288529858]], ""type"": ""MultiPoint""}"
192,291,10494536,CHALKFARM PUBLIC SCHOOL,None,EP,Toronto District School Board,100 CHALKFARM DR ,English Public,10494536,100,Chalkfarm Dr,100 Chalkfarm Dr,M3L 1L4,NY,NY,Chalkfarm Public School,115001,10494522,100,None,,None,5162,"{""coordinates"": [[-79.5143927419889, 43.7271064323401]], ""type"": ""MultiPoint""}"
193,292,553615,CHAMINADE COLLEGE SCHOOL,None,ES,Toronto Catholic District School Board,490 QUEEN'S DR ,English Separate,553615,490,Queen's Dr,490 Queen's Dr,M6L 1M8,NY,NY,Chaminade College,115001,446154,490,None,,None,826,"{""coordinates"": [[-79.4960594579928, 43.7100909589739]], ""type"": ""MultiPoint""}"
194,293,9038626,CHARLES E WEBSTER JR PUBLIC SCHOOL,None,EP,Toronto District School Board,1900 KEELE ST ,English Public,9038626,1900,Keele St,1900 Keele St,M6M 3X7,YK,YK,Charles E Webster Public School,115001,9038621,1900,None,,None,703,"{""coordinates"": [[-79.475099515903, 43.6934344434159]], ""type"": ""MultiPoint""}"
195,294,837099,CHARLES G FRASER JR PUBLIC SCHOOL ,None,EP,Toronto District School Board,79 MANNING AVE ,English Public,837099,79,Manning Ave,79 Manning Ave,M6J 2K6,TO,TO,Charles G Fraser Junior Public School,115001,14018080,79,None,,None,3909,"{""coordinates"": [[-79.4094836303214, 43.6485300830641]], ""type"": ""MultiPoint""}"
196,295,6436438,CHARLES GORDON SR PUBLIC SCHOOL,None,EP,Toronto District School Board,25 MARCOS BLVD ,English Public,6436438,25,Marcos Blvd,25 Marcos Blvd,M1K 5A7,SC,SC,Charles Gordon Senior Public School,115001,110208,25,None,,None,8421,"{""coordinates"": [[-79.2605263117434, 43.7462850480666]], ""type"": ""MultiPoint""}"
197,296,575920,CHARLES H BEST MDL SCHOOL ,None,EP,Toronto District School Board,285 WILMINGTON AVE ,English Public,575920,285,Wilmington Ave,285 Wilmington Ave,M3H 5K8,NY,NY,Charles H Best Junior Middle School,115001,439329,285,None,,None,7095,"{""coordinates"": [[-79.4586302368016, 43.7674452465892]], ""type"": ""MultiPoint""}"
198,297,318714,CHARLOTTETOWN JR PUBLIC SCHOOL ,None,EP,Toronto District School Board,85 CHARLOTTETOWN BLVD ,English Public,318714,85,Charlottetown Blvd,85 Charlottetown Blvd,M1C 2C7,SC,SC,Charlottetown Junior Public School,115001,106764,85,None,,None,7564,"{""coordinates"": [[-79.1422089559982, 43.7820702346732]], ""type"": ""MultiPoint""}"
199,298,6332543,CHARTLAND JR PUBLIC SCHOOL,None,EP,Toronto District School Board,109 CHARTLAND BLVD S,English Public,6332543,109,Chartland Blvd S,109 Chartland Blvd S,M1S 2R7,SC,SC,Chartland Junior Public School,115001,6332527,109,None,,None,7566,"{""coordinates"": [[-79.2785043435939, 43.799988726269]], ""type"": ""MultiPoint""}"
200,299,498606,CHEROKEE PUBLIC SCHOOL ,None,EP,Toronto District School Board,390 CHEROKEE BLVD ,English Public,498606,390,Cherokee Blvd,390 Cherokee Blvd,M2H 2W7,NY,NY,Cherokee Public School,115001,436481,390,None,,None,5182,"{""coordinates"": [[-79.338614744436, 43.7987627465793]], ""type"": ""MultiPoint""}"
201,300,3232917,CHESTER ELEMENTARY SCHOOL ,None,EP,Toronto District School Board,115 GOWAN AVE ,English Public,3232917,115,Gowan Ave,115 Gowan Ave,M4K 2E4,EY,EY,Chester Elementary School,115001,3232919,115,None,,None,178,"{""coordinates"": [[-79.3517099846563, 43.6876023807709]], ""type"": ""MultiPoint""}"
202,301,6242276,CHESTER LE JR PUBLIC SCHOOL,None,EP,Toronto District School Board,201 CHESTER LE BLVD ,English Public,6242276,201,Chester Le Blvd,201 Chester Le Blvd,M1W 2K7,SC,SC,Chester Le Junior Public School,115001,6242279,201,None,,None,7576,"{""coordinates"": [[-79.3310953374293, 43.7985877008564]], ""type"": ""MultiPoint""}"
203,302,337172,CHIEF DAN GEORGE PUBLIC SCHOOL ,None,EP,Toronto District School Board,185 GENERATION BLVD ,English Public,337172,185,Generation Blvd,185 Generation Blvd,M1B 2K5,SC,SC,Chief Dan George Public School,115001,104636,185,None,,None,7965,"{""coordinates"": [[-79.1638346582217, 43.8027223090495]], ""type"": ""MultiPoint""}"
204,303,11915536,CHILDREN'S GARDEN JUNIOR SCHOOL,None,PR,None,670 EGLINTON AVE E,Private,11915536,670,Eglinton Ave E,670 Eglinton Ave E,M4G 2K4,EY,EY,Leaside Presbyterian Church,115001,11915528,670,None,,None,125,"{""coordinates"": [[-79.3726675424564, 43.7123432679621]], ""type"": ""MultiPoint""}"
205,304,8985091,CHILDREN'S URBAN ENRICHMENT STUDIO,None,PR,None,2986 LAKE SHORE BLVD W,Private,8985091,2986,Lake Shore Blvd W,2986 Lake Shore Blvd W,M8V 1J9,ET,ET,None,115001,8985068,2986,None,,None,1962,"{""coordinates"": [[-79.5073184177937, 43.600558839796]], ""type"": ""MultiPoint""}"
206,305,2904931,CHINE DRIVE PUBLIC SCHOOL,None,EP,Toronto District School Board,51 CHINE DR ,English Public,2904931,51,Chine Dr,51 Chine Dr,M1M 2K8,SC,SC,Chine Drive Public School,115001,30029531,51,None,,None,7587,"{""coordinates"": [[-79.2417968816865, 43.7099825934256]], ""type"": ""MultiPoint""}"
207,306,762114,CHURCH ST JR & NATIVE LEARNING CTR,None,EP,Toronto District School Board,83 ALEXANDER ST ,English Public,762114,83,Alexander St,83 Alexander St,M4Y 1B7,TO,TO,Church Street Junior Public School,115001,14023586,83,None,,None,9761,"{""coordinates"": [[-79.3791781653545, 43.6636084257427]], ""type"": ""MultiPoint""}"
208,307,313046,CHURCHILL HEIGHTS PUBLIC SCHOOL,None,EP,Toronto District School Board,749 BRIMORTON DR ,English Public,313046,749,Brimorton Dr,749 Brimorton Dr,M1G 2S4,SC,SC,Churchill Heights Public School,115001,107715,749,None,,None,7437,"{""coordinates"": [[-79.2243167892305, 43.7731919492023]], ""type"": ""MultiPoint""}"
209,308,499519,CHURCHILL PUBLIC SCHOOL,None,EP,Toronto District School Board,188 CHURCHILL AVE ,English Public,499519,188,Churchill Ave,188 Churchill Ave,M2N 1Z5,NY,NY,Churchill Public School,115001,438811,188,None,,None,3167,"{""coordinates"": [[-79.4270361642829, 43.7707536046539]], ""type"": ""MultiPoint""}"
210,309,3841913,CITY ADULT LEARNING CENTRE,None,EP,Toronto District School Board,1 DANFORTH AVE ,English Public,3841913,1,Danforth Ave,1 Danforth Ave,M4K 1M8,TO,TO,City Adult Learning Centre (Calc),115001,3841911,1,None,,None,86,"{""coordinates"": [[-79.3600575652384, 43.674910857793]], ""type"": ""MultiPoint""}"
211,310,6924859,CITY AS SCHOOL TORONTO,None,PR,None,720 BATHURST ST ,Private,6924859,720,Bathurst St,720 Bathurst St,M5S 2R4,TO,TO,None,115001,6924849,720,None,,None,436,"{""coordinates"": [[-79.4107931246981, 43.6631942790257]], ""type"": ""MultiPoint""}"
212,311,871446,CITY HIGH SCHOOL,None,PR,None,230 ST CLAIR AVE W,Private,871446,230,St Clair Ave W,230 St Clair Ave W,M4V 1R5,TO,TO,Timothy Eaton Memorial Church,115001,1139588,230,None,,None,890,"{""coordinates"": [[-79.4057175925044, 43.6863163755259]], ""type"": ""MultiPoint""}"
213,312,7929872,CITY SCHOOL,None,EP,Toronto District School Board,585 QUEENS QUAY  W,English Public,7929872,585,Queens Quay W,585 Queens Quay W,M5V 3G3,TO,TO,City School,115001,60031548,585,None,,None,4244,"{""coordinates"": [[-79.3971403793203, 43.6362385025566]], ""type"": ""MultiPoint""}"
214,313,10558804,CLAIREVILLE JR SCHOOL,None,EP,Toronto District School Board,350 SILVERSTONE DR ,English Public,10558804,350,Silverstone Dr,350 Silverstone Dr,M9V 3J4,ET,ET,Claireville Junior School,115001,10558805,350,None,,None,2485,"{""coordinates"": [[-79.5991007205673, 43.7480114029654]], ""type"": ""MultiPoint""}"
215,314,6511806,CLAIRLEA PUBLIC SCHOOL ,None,EP,Toronto District School Board,25 ROSALIND CRES ,English Public,6511806,25,Rosalind Cres,25 Rosalind Cres,M1L 2X1,SC,SC,Clairlea Public School,115001,6511804,25,None,,None,8824,"{""coordinates"": [[-79.2962358879462, 43.7164767633036]], ""type"": ""MultiPoint""}"
216,315,20097586,CLAUDE WATSON SCHOOL FOR THE ARTS,None,EP,Toronto District School Board,130 DORIS AVE ,English Public,20097586,130,Doris Ave,130 Doris Ave,M2N 0A8,NY,NY,Claude Watson School for the Arts,115001,30053442,130,None,,None,5419,"{""coordinates"": [[-79.4093736661307, 43.7657254741228]], ""type"": ""MultiPoint""}"
217,316,8837836,CLEARVIEW SCHOOL OF ARTS AND CULTURE,None,PR,None,1300 DON MILLS RD ,Private,8837836,1300,Don Mills Rd,1300 Don Mills Rd,M3B 2W6,NY,NY,None,115001,8837833,1300,None,,None,100,"{""coordinates"": [[-79.3466830289955, 43.7454129178027]], ""type"": ""MultiPoint""}"
218,317,8802114,CLIFFSIDE PUBLIC SCHOOL ,None,EP,Toronto District School Board,27 EAST HAVEN DR ,English Public,8802114,27,East Haven Dr,27 East Haven Dr,M1N 1M1,SC,SC,Cliffside Public School,115001,30076792,27,None,,None,7810,"{""coordinates"": [[-79.2503830440116, 43.7048959315468]], ""type"": ""MultiPoint""}"
219,318,8649130,CLIFFWOOD PUBLIC SCHOOL ,None,EP,Toronto District School Board,140 CLIFFWOOD RD ,English Public,8649130,140,Cliffwood Rd,140 Cliffwood Rd,M2H 2E4,NY,NY,Cliffwood Public School,115001,30006220,140,None,,None,5225,"{""coordinates"": [[-79.360068599198, 43.8062920920724]], ""type"": ""MultiPoint""}"
220,319,837356,CLINTON STREET JR PUBLIC SCHOOL,None,EP,Toronto District School Board,460 MANNING AVE ,English Public,837356,460,Manning Ave,460 Manning Ave,M6G 2V7,TO,TO,Clinton Street Junior Public School,115001,14019934,460,None,,None,3909,"{""coordinates"": [[-79.4140575735688, 43.6576460735345]], ""type"": ""MultiPoint""}"
221,320,7103267,CLOVER SCHOOL MIDTOWN - ELEMENTARY CAMPUS,None,PR,None,585 CRANBROOKE AVE ,Private,7103267,585,Cranbrooke Ave,585 Cranbrooke Ave,M6A 2X9,NY,NY,None,115001,7103206,585,None,,None,3234,"{""coordinates"": [[-79.4296182190415, 43.7234193195463]], ""type"": ""MultiPoint""}"
222,321,20553,COMMUNITY LIFE CHRISTIAN SCHOOL,None,PR,None,140 DAWES RD ,Private,20553,140,Dawes Rd,140 Dawes Rd,M4C 5C2,EY,EY,Faith Presbyterian Community Church,115001,1273,140,None,,None,88,"{""coordinates"": [[-79.2976272053742, 43.6937784318434]], ""type"": ""MultiPoint""}"
223,322,7156751,CONGREGATION BNEI TORAH AND BIRCHAS SHMUEL PRIVATE SCHOOL,None,PR,None,465 PATRICIA AVE ,Private,7156751,465,Patricia Ave,465 Patricia Ave,M2R 2N1,NY,NY,Synagogue,115001,30115595,465,None,,None,6386,"{""coordinates"": [[-79.4440107260137, 43.7840867068011]], ""type"": ""MultiPoint""}"
224,323,7796144,CONTACT ALTERNATIVE SCHOOL,None,EP,Toronto District School Board,132 ST PATRICK ST ,English Public,7796144,132,St Patrick St,132 St Patrick St,M5T 1V1,TO,TO,Contact Alternative School,115001,14121645,132,None,,None,4471,"{""coordinates"": [[-79.3903939018466, 43.6537657298722]], ""type"": ""MultiPoint""}"
225,324,8492735,CORDELLA JR PUBLIC SCHOOL ,None,EP,Toronto District School Board,175 CORDELLA AVE ,English Public,8492735,175,Cordella Ave,175 Cordella Ave,M6N 2K1,YK,YK,Cordella Junior Public School,115001,30073965,175,None,,None,528,"{""coordinates"": [[-79.4875854399739, 43.6790700932118]], ""type"": ""MultiPoint""}"
226,325,5266273,CORNELL INTERNATIONAL ACADEMY,None,PR,None,250 SHEPPARD AVE E,Private,5266273,250,Sheppard Ave E,250 Sheppard Ave E,M2N 6M9,NY,NY,None,115001,20041068,250,None,,None,6698,"{""coordinates"": [[-79.4001883467897, 43.7642856622588]], ""type"": ""MultiPoint""}"
227,326,344918,CORNELL JR PUBLIC SCHOOL,None,EP,Toronto District School Board,61 HOLMFIRTH TER ,English Public,344918,61,Holmfirth Ter,61 Holmfirth Ter,M1G 1G8,SC,SC,Cornell Junior Public School,115001,60013497,61,None,,None,8123,"{""coordinates"": [[-79.2180382190118, 43.7593925689664]], ""type"": ""MultiPoint""}"
228,327,771736,CORNERSTONE PREPARATORY SCHOOL - MAIN CAMPUS,None,PR,None,177 BEVERLEY ST ,Private,771736,177,Beverley St,177 Beverley St,M5T 1Y7,TO,TO,Toronto Chinese Presbyterian,115001,1144653,177,None,,None,3002,"{""coordinates"": [[-79.3942478548912, 43.6555691898054]], ""type"": ""MultiPoint""}"
229,328,323066,CORVETTE JR PUBLIC SCHOOL,None,EP,Toronto District School Board,30 CORVETTE AVE ,English Public,323066,30,Corvette Ave,30 Corvette Ave,M1K 3G2,SC,SC,Corvette Junior Public School,115001,111593,30,None,,None,7657,"{""coordinates"": [[-79.2621597253873, 43.726485113649]], ""type"": ""MultiPoint""}"
230,329,7794470,COSBURN MDL SCHOOL,None,EP,Toronto District School Board,520 COSBURN AVE ,English Public,7794470,520,Cosburn Ave,520 Cosburn Ave,M4J 2P1,EY,EY,Cosburn Middle School,115001,7794467,520,None,,None,70,"{""coordinates"": [[-79.3307746357026, 43.6940723030924]], ""type"": ""MultiPoint""}"
231,330,772190,COTTINGHAM JR PUBLIC SCHOOL,None,EP,Toronto District School Board,85 BIRCH AVE ,English Public,772190,85,Birch Ave,85 Birch Ave,M4V 1E3,TO,TO,Cottingham Junior Public School,115001,20045802,85,None,,None,3007,"{""coordinates"": [[-79.3956090079305, 43.6803794372321]], ""type"": ""MultiPoint""}"
232,331,333309,COURCELETTE PUBLIC SCHOOL,None,EP,Toronto District School Board,100 FALLINGBROOK RD ,English Public,333309,100,Fallingbrook Rd,100 Fallingbrook Rd,M1N 2T6,SC,SC,Courcelette Public School,115001,113247,100,None,,None,7874,"{""coordinates"": [[-79.2785659239745, 43.6793188262702]], ""type"": ""MultiPoint""}"
233,332,30064074,COVENANT CENTRAL ACADEMY,None,PR,None,716 GORDON BAKER RD ,Private,30064074,716,Gordon Baker Rd,716 Gordon Baker Rd,M2H 3B4,NY,NY,None,115001,9246755,716,None,,None,5721,"{""coordinates"": [[-79.3421386189084, 43.8109545395944]], ""type"": ""MultiPoint""}"
234,333,11530149,CRAWFORD ADVENTIST ACADEMY HIGH SCHOOL,None,PR,None,531 FINCH AVE W,Private,11530149,531,Finch Ave W,531 Finch Ave W,M2R 3X2,NY,NY,None,115001,20092034,531,None,,None,1610,"{""coordinates"": [[-79.4448017184925, 43.7717336302151]], ""type"": ""MultiPoint""}"
235,334,487616,CRESCENT SCHOOL,None,PR,None,2365 BAYVIEW AVE ,Private,487616,2365,Bayview Ave,2365 Bayview Ave,M2L 1A2,NY,NY,None,115001,443573,2365,None,,None,24,"{""coordinates"": [[-79.3788961362062, 43.7329843672894]], ""type"": ""MultiPoint""}"
236,335,4202208,CRESCENT TOWN ELEMENTARY SCHOOL ,None,EP,Toronto District School Board,4 MASSEY SQ ,English Public,4202208,4,Massey Sq,4 Massey Sq,M4C 5M9,EY,EY,Crescent Town Elementary School,115001,4153333,4,None,,None,11100,"{""coordinates"": [[-79.2924665101008, 43.6968367454986]], ""type"": ""MultiPoint""}"
237,336,504194,CRESTHAVEN PUBLIC SCHOOL,None,EP,Toronto District School Board,46 CRESTHAVEN DR ,English Public,504194,46,Cresthaven Dr,46 Cresthaven Dr,M2H 1M1,NY,NY,Cresthaven Public School,115001,30102963,46,None,,None,5297,"{""coordinates"": [[-79.3635402543448, 43.7972191365557]], ""type"": ""MultiPoint""}"
238,337,560542,CRESTVIEW PUBLIC SCHOOL,None,EP,Toronto District School Board,101 SENECA HILL DR ,English Public,560542,101,Seneca Hill Dr,101 Seneca Hill Dr,M2J 2W3,NY,NY,Crestview Public School,115001,437045,101,None,,None,6676,"{""coordinates"": [[-79.3598465997775, 43.7884321784152]], ""type"": ""MultiPoint""}"
239,338,492885,CRESTWOOD PREPARATORY COLLEGE SCHOOL,None,PR,None,217 BROOKBANKS DR ,Private,492885,217,Brookbanks Dr,217 Brookbanks Dr,M3A 2T7,NY,NY,Crestwood Preparatory College,115001,30004684,217,None,,None,5045,"{""coordinates"": [[-79.3247101026363, 43.7592930619254]], ""type"": ""MultiPoint""}"
240,339,535880,CRESTWOOD SCHOOL,None,PR,None,411 LAWRENCE AVE E,Private,535880,411,Lawrence Ave E,411 Lawrence Ave E,M3C 1N9,NY,NY,None,115001,443572,411,None,,None,3828,"{""coordinates"": [[-79.3781087027112, 43.7302622688409]], ""type"": ""MultiPoint""}"
241,340,561927,CROWN ACADEMIC INTERNATIONAL SCHOOL,None,PR,None,25 SHEPPARD AVE W,Private,561927,25,Sheppard Ave W,25 Sheppard Ave W,M2N 6S6,NY,NY,None,115001,439820,25,None,,None,6699,"{""coordinates"": [[-79.4121640119924, 43.7608163554222]], ""type"": ""MultiPoint""}"
242,341,7130401,CROWN ACADEMY,None,PR,None,5200 YONGE ST ,Private,7130401,5200,Yonge St,5200 Yonge St,M2N 5P6,NY,NY,None,115001,7130385,5200,None,,None,4733,"{""coordinates"": [[-79.4136177710541, 43.7707234852595]], ""type"": ""MultiPoint""}"
243,342,541058,CUMMER VALLEY MDL SCHOOL,None,EP,Toronto District School Board,70 MAXOME AVE ,English Public,541058,70,Maxome Ave,70 Maxome Ave,M2M 3K1,NY,NY,Cummer Valley Middle School,115001,437113,70,None,,None,6183,"{""coordinates"": [[-79.4012761021226, 43.7882319564093]], ""type"": ""MultiPoint""}"
244,343,7754527,D A MORRISON MDL SCHOOL,None,EP,Toronto District School Board,271 GLEDHILL AVE ,English Public,7754527,271,Gledhill Ave,271 Gledhill Ave,M4C 4L2,EY,EY,D. A. Morrison Middle School,115001,7754529,271,None,,None,159,"{""coordinates"": [[-79.3116924407793, 43.6953964611984]], ""type"": ""MultiPoint""}"
245,344,9963285,DALLINGTON PUBLIC SCHOOL,None,EP,Toronto District School Board,18 DALLINGTON DR ,English Public,9963285,18,Dallington Dr,18 Dallington Dr,M2J 2G3,NY,NY,Dallington Public School,115001,9963276,18,None,,None,5322,"{""coordinates"": [[-79.3547553486122, 43.7771281264675]], ""type"": ""MultiPoint""}"
246,345,6624393,DANFORTH COLLEGIATE & GREENWOOD SECONDARY SCHOOL,None,EP,Toronto District School Board,800 GREENWOOD AVE ,English Public,6624393,800,Greenwood Ave,800 Greenwood Ave,M4J 4B7,TO,TO,Danforth Collegiate and Technical Institute,115001,6620281,800,None,,None,181,"{""coordinates"": [[-79.3340895606897, 43.6828387343202]], ""type"": ""MultiPoint""}"
247,346,2370028,DANFORTH GARDENS PUBLIC SCHOOL ,None,EP,Toronto District School Board,20 SANTAMONICA BLVD ,English Public,2370028,20,Santamonica Blvd,20 Santamonica Blvd,M1L 4H4,SC,SC,Danforth Gardens Public School,115001,2370032,20,None,,None,8879,"{""coordinates"": [[-79.270927399778, 43.7087670630065]], ""type"": ""MultiPoint""}"
248,347,8140509,DANFORTH LINC,None,EP,Toronto District School Board,2494 DANFORTH AVE ,English Public,8140509,2494,Danforth Ave,2494 Danforth Ave,M4C 1K9,TO,TO,None,115001,8140493,2494,None,,None,86,"{""coordinates"": [[-79.303721056112, 43.6880293726409]], ""type"": ""MultiPoint""}"
249,348,551789,DANTE ALIGHIERI ACADEMY - CLOSED TIL 2026,None,ES,Toronto Catholic District School Board,60 PLAYFAIR AVE ,English Separate,551789,60,Playfair Ave,60 Playfair Ave,M6B 2P9,NY,NY,Dante Alighieri Academy,115001,446085,60,None,,None,6444,"{""coordinates"": [[-79.458369831568, 43.7100774151612]], ""type"": ""MultiPoint""}"
250,349,9963097,DANTE ALIGHIERI ACADEMY (TEMPORARY SITE),None,ES,Toronto Catholic District School Board,2 ST ANDREWS BLVD ,English Separate,9963097,2,St Andrews Blvd,2 St Andrews Blvd,M9R 1V8,ET,ET,None,115001,9963096,2,None,,None,2511,"{""coordinates"": [[-79.5500561590985, 43.7016660003405]], ""type"": ""MultiPoint""}"
251,350,51593,D'ARCY MCGEE CATHOLIC ELEMENTARY SCHOOL,None,ES,Toronto Catholic District School Board,20 BANSLEY AVE ,English Separate,51593,20,Bansley Ave,20 Bansley Ave,M6E 2A2,YK,YK,D'Arcy McGee Catholic School,115001,14068332,20,None,,None,429,"{""coordinates"": [[-79.4429115844532, 43.6922556300161]], ""type"": ""MultiPoint""}"
252,351,11461988,DARUL ARQAM ISLAMIC ACADEMY SCHOOL,None,PR,None,585 TRETHEWEY DR ,Private,11461988,585,Trethewey Dr,585 Trethewey Dr,M6M 4B8,NY,NY,None,115001,14677748,585,None,,None,917,"{""coordinates"": [[-79.492494251779, 43.696224923991]], ""type"": ""MultiPoint""}"
253,352,7131439,DARYK HIGH,None,PR,None,5467 YONGE ST ,Private,7131439,5467,Yonge St,5467 Yonge St,M2N 5S1,NY,NY,None,115001,7131429,5467,None,,None,4733,"{""coordinates"": [[-79.4147111812657, 43.7778165673411]], ""type"": ""MultiPoint""}"
254,353,30069331,DAVID AND MARY THOMSON COLLEGIATE,None,EP,Toronto District School Board,125 BROCKLEY DR ,English Public,30069331,125,Brockley Dr,125 Brockley Dr,M1P 0E1,SC,SC,None,115001,109638,125,None,,None,7445,"{""coordinates"": [[-79.263401268509, 43.7556700504937]], ""type"": ""MultiPoint""}"
255,354,7973823,DAVID HORNELL JR SCHOOL ,None,EP,Toronto District School Board,32 VICTORIA ST ,English Public,7973823,32,Victoria St,32 Victoria St,M8V 1M6,ET,ET,David Hornell Junior School,115001,30126207,32,None,,None,2717,"{""coordinates"": [[-79.4888936625883, 43.6193332842276]], ""type"": ""MultiPoint""}"
256,355,3073655,DAVID LEWIS PUBLIC SCHOOL ,None,EP,Toronto District School Board,130 FUNDY BAY BLVD ,English Public,3073655,130,Fundy Bay Blvd,130 Fundy Bay Blvd,M1W 3G1,SC,SC,David Lewis Public School,115001,3065783,130,None,,None,7938,"{""coordinates"": [[-79.3178860611438, 43.8091967088078]], ""type"": ""MultiPoint""}"
257,356,13967926,DAVISVILLE & SPECTRUM SCHOOL,None,EP,Toronto District School Board,50 DAVISVILLE AVE ,English Public,13967926,50,Davisville Ave,50 Davisville Ave,M4S 1E8,TO,TO,None,115001,11272480,50,None,,None,3271,"{""coordinates"": [[-79.3947848769606, 43.6989614392921]], ""type"": ""MultiPoint""}"
258,357,505735,DAYSTROM PUBLIC SCHOOL,None,EP,Toronto District School Board,25 DAYSTROM DR ,English Public,505735,25,Daystrom Dr,25 Daystrom Dr,M9M 2A8,NY,NY,Daystrom Public School,115001,441683,25,None,,None,5339,"{""coordinates"": [[-79.5469633014631, 43.7479469273564]], ""type"": ""MultiPoint""}"
259,358,30107379,DE LASALLE COLLEGE SCHOOL,None,PR,None,131 FARNHAM AVE ,Private,30107379,131,Farnham Ave,131 Farnham Ave,M4V 1H7,TO,TO,None,115001,8771849,131,None,,None,3426,"{""coordinates"": [[-79.398139589868, 43.6821362019053]], ""type"": ""MultiPoint""}"
260,359,4070042,DEER PARK JR & SR PUBLIC SCHOOL,None,EP,Toronto District School Board,23 FERNDALE AVE ,English Public,4070042,23,Ferndale Ave,23 Ferndale Ave,M4T 2B4,TO,TO,Deer Park Junior and Senior Public School,115001,14024601,23,None,,None,3435,"{""coordinates"": [[-79.3915563848553, 43.689651951117]], ""type"": ""MultiPoint""}"
261,360,6332526,DELPHI SECONDARY ALTERNATIVE SCHOOL ,None,EP,Toronto District School Board,109A CHARTLAND BLVD S,English Public,6332526,109A,Chartland Blvd S,109A Chartland Blvd S,M1S 2R7,SC,SC,Alternative Scarborough Education,115001,6332527,109,A,,None,7566,"{""coordinates"": [[-79.2784362332866, 43.8000076946308]], ""type"": ""MultiPoint""}"
262,361,20037304,DELTA ACADEMY INC SECONDARY SCHOOL,None,PR,None,1160 BIRCHMOUNT RD ,Private,20037304,1160,Birchmount Rd,1160 Birchmount Rd,M1P 2B8,SC,SC,None,115001,110728,1160,None,,None,7365,"{""coordinates"": [[-79.2838287540102, 43.7411259867154]], ""type"": ""MultiPoint""}"
263,362,507023,DENLOW PUBLIC SCHOOL,None,EP,Toronto District School Board,50 DENLOW BLVD ,English Public,507023,50,Denlow Blvd,50 Denlow Blvd,M3B 1P7,NY,NY,Denlow Public School,115001,441685,50,None,,None,5371,"{""coordinates"": [[-79.3642277250946, 43.7458394934387]], ""type"": ""MultiPoint""}"
264,363,10313238,DENNIS AVENUE COMMUNITY SCHOOL (CLOSED LOCATION),None,EP,Toronto District School Board,17 DENNIS AVE ,English Public,10313238,17,Dennis Ave,17 Dennis Ave,M6N 2T7,YK,YK,Dennis Avenue Community School,115001,10313197,17,None,,None,551,"{""coordinates"": [[-79.4872863165976, 43.6844195398894]], ""type"": ""MultiPoint""}"
265,364,507241,DERRYDOWN PUBLIC SCHOOL,None,EP,Toronto District School Board,120 DERRYDOWN RD ,English Public,507241,120,Derrydown Rd,120 Derrydown Rd,M3J 1R7,NY,NY,Derrydown Public School,115001,440361,120,None,,None,5376,"{""coordinates"": [[-79.4937101803963, 43.7586899356843]], ""type"": ""MultiPoint""}"
266,365,6523008,DEWSON STREET JR PUBLIC SCHOOL,None,EP,Toronto District School Board,65 CONCORD AVE ,English Public,6523008,65,Concord Ave,65 Concord Ave,M6H 2N9,TO,TO,Dewson Street Junior Public School,115001,14018391,65,None,,None,3208,"{""coordinates"": [[-79.4240544310152, 43.655675087264]], ""type"": ""MultiPoint""}"
267,366,6208971,DIEFENBAKER ELEMENTARY SCHOOL,None,EP,Toronto District School Board,175 PLAINS RD ,English Public,6208971,175,Plains Rd,175 Plains Rd,M4J 2R2,EY,EY,Diefenbaker Elementary School,115001,1176,175,None,,None,290,"{""coordinates"": [[-79.3316401743941, 43.6950420299431]], ""type"": ""MultiPoint""}"
268,367,8492207,DISCOVERING MINDS MONTESSORI SCHOOL,None,PR,None,828 RICHMOND ST W,Private,8492207,828,Richmond St W,828 Richmond St W,M6J 1C9,TO,TO,None,115001,8492130,828,None,,None,4277,"{""coordinates"": [[-79.4113184000344, 43.644830861277]], ""type"": ""MultiPoint""}"
269,368,1037664,DIXON GROVE JR MDL SCHOOL ,None,EP,Toronto District School Board,315 THE WESTWAY  ,English Public,1037664,315,The Westway,315 The Westway,M9R 1H1,ET,ET,Dixon Grove Junior Middle School,115001,909200,315,None,,None,2606,"{""coordinates"": [[-79.5559776877569, 43.6850065948201]], ""type"": ""MultiPoint""}"
270,369,568398,DON MILLS COLLEGIATE INSTITUTE,None,EP,Toronto District School Board,15 THE DONWAY  E,English Public,568398,15,The Donway E,15 The Donway E,M3C 1X6,NY,NY,Don Mills Collegiate Institute,115001,443123,15,None,,None,6881,"{""coordinates"": [[-79.339277147401, 43.7359592881657]], ""type"": ""MultiPoint""}"
271,370,508045,DON MILLS LINC ,None,EP,Toronto District School Board,1470 DON MILLS RD ,English Public,508045,1470,Don Mills Rd,1470 Don Mills Rd,M3B 2X9,NY,NY,None,115001,441121,1470,None,,None,100,"{""coordinates"": [[-79.3477301743604, 43.7532181809796]], ""type"": ""MultiPoint""}"
272,371,568400,DON MILLS MDL SCHOOL,None,EP,Toronto District School Board,17 THE DONWAY  E,English Public,568400,17,The Donway E,17 The Donway E,M3C 1X6,NY,NY,Don Mills Middle School,115001,443123,17,None,,None,6881,"{""coordinates"": [[-79.3397470950251, 43.7363797020937]], ""type"": ""MultiPoint""}"
273,372,578489,DON VALLEY ACADEMY SECONDARY SCHOOL,None,PR,None,4576 YONGE ST ,Private,578489,4576,Yonge St,4576 Yonge St,M2N 6N4,NY,NY,None,115001,440623,4576,None,,None,4733,"{""coordinates"": [[-79.4100958776361, 43.7561090602904]], ""type"": ""MultiPoint""}"
274,373,10906428,DON VALLEY MIDDLE SCHOOL ,None,EP,Toronto District School Board,3100 DON MILLS RD ,English Public,10906428,3100,Don Mills Rd,3100 Don Mills Rd,M2J 3C3,NY,NY,Don Valley Middle School,115001,10906429,3100,None,,None,100,"{""coordinates"": [[-79.3549665618627, 43.7895329062794]], ""type"": ""MultiPoint""}"
275,374,513470,DONVIEW MIDDLE HEALTH AND WELLNESS ACADEMY ,None,EP,Toronto District School Board,20 EVERMEDE DR ,English Public,513470,20,Evermede Dr,20 Evermede Dr,M3A 2S3,NY,NY,Donview Middle Health and Wellness Academy,115001,439470,20,None,,None,5540,"{""coordinates"": [[-79.3314383068706, 43.7641877197384]], ""type"": ""MultiPoint""}"
276,375,343751,DONWOOD PARK JR PUBLIC SCHOOL - HIGHBROOK CAMPUS,None,EP,Toronto District School Board,39 HIGHBROOK DR ,English Public,343751,39,Highbrook Dr,39 Highbrook Dr,M1P 3L2,SC,SC,Donwood Park Public School Highbrook Campus,115001,30107363,39,None,,None,8098,"{""coordinates"": [[-79.2628557598898, 43.7568459336361]], ""type"": ""MultiPoint""}"
277,376,328292,DONWOOD PARK JR PUBLIC SCHOOL - MAIN BLDG,None,EP,Toronto District School Board,61 DORCOT AVE ,English Public,328292,61,Dorcot Ave,61 Dorcot Ave,M1P 3K5,SC,SC,Donwood Park Public School,115001,109362,61,None,,None,7764,"{""coordinates"": [[-79.2623651149549, 43.7569783122163]], ""type"": ""MultiPoint""}"
278,377,30114303,DORA EDUCATION CENTRE,None,PR,None,3333 BAYVIEW AVE ,Private,30114303,3333,Bayview Ave,3333 Bayview Ave,M2K 1G4,NY,NY,None,115001,11485139,3333,None,,None,24,"{""coordinates"": [[-79.3927129482938, 43.792088977234]], ""type"": ""MultiPoint""}"
279,378,309262,DORSET PARK PUBLIC SCHOOL ,None,EP,Toronto District School Board,28 BLAISDALE RD ,English Public,309262,28,Blaisdale Rd,28 Blaisdale Rd,M1P 1V6,SC,SC,Dorset Park Public School,115001,109925,28,None,,None,7374,"{""coordinates"": [[-79.2797350588123, 43.7501910914087]], ""type"": ""MultiPoint""}"
280,379,6619920,DOVERCOURT JR PUBLIC SCHOOL ,None,EP,Toronto District School Board,228 BARTLETT AVE ,English Public,6619920,228,Bartlett Ave,228 Bartlett Ave,M6H 3G4,TO,TO,Dovercourt Public School,115001,14234587,228,None,,None,2952,"{""coordinates"": [[-79.4357789540645, 43.666735610558]], ""type"": ""MultiPoint""}"
281,380,10154479,DOWNSVIEW PUBLIC SCHOOL,None,EP,Toronto District School Board,2829 KEELE ST ,English Public,10154479,2829,Keele St,2829 Keele St,M3M 2G7,NY,NY,Downsview Public School,115001,10154475,2829,None,,None,703,"{""coordinates"": [[-79.4824357959776, 43.7311138437024]], ""type"": ""MultiPoint""}"
282,381,525550,DOWNSVIEW SECONDARY SCHOOL,None,EP,Toronto District School Board,7 HAWKSDALE RD ,English Public,525550,7,Hawksdale Rd,7 Hawksdale Rd,M3K 1W3,NY,NY,Downsview Secondary School,115001,443858,7,None,,None,5805,"{""coordinates"": [[-79.4795174892873, 43.7308678403515]], ""type"": ""MultiPoint""}"
283,382,8351468,DOWNTOWN ALTERNATIVE SCHOOL,None,EP,Toronto District School Board,85 LOWER JARVIS ST ,English Public,8351468,85,Lower Jarvis St,85 Lower Jarvis St,M5E 1R8,TO,TO,Downtown Alternative School,115001,8351467,85,None,,None,9348,"{""coordinates"": [[-79.3704156513245, 43.6477361331853]], ""type"": ""MultiPoint""}"
284,383,11048083,DR MARION HILLIARD SR PUBLIC SCHOOL,None,EP,Toronto District School Board,280 WASHBURN WAY ,English Public,11048083,280,Washburn Way,280 Washburn Way,M1B 2P3,SC,SC,Dr Marion Hilliard Senior Public School,115001,11048082,280,None,,None,9193,"{""coordinates"": [[-79.2248218322885, 43.8036860800068]], ""type"": ""MultiPoint""}"
285,384,3070250,DR NORMAN BETHUNE COLLEGIATE INSTITUTE,None,EP,Toronto District School Board,200 FUNDY BAY BLVD ,English Public,3070250,200,Fundy Bay Blvd,200 Fundy Bay Blvd,M1W 3G1,SC,SC,Dr Norman Bethune Collegiate Institute,115001,3065529,200,None,,None,7938,"{""coordinates"": [[-79.3194284089425, 43.8121621401057]], ""type"": ""MultiPoint""}"
286,385,784384,DR RITA COX - KINA MINAGOK PUBLIC SCHOOL,None,EP,Toronto District School Board,100 CLOSE AVE ,English Public,784384,100,Close Ave,100 Close Ave,M6K 2V3,TO,TO,Queen Victoria Public School,115001,30035821,100,None,,None,3186,"{""coordinates"": [[-79.435320697841, 43.6365094905393]], ""type"": ""MultiPoint""}"
287,386,7273955,DREWRY ACADEMY,None,PR,None,30 DREWRY AVE ,Private,7273955,30,Drewry Ave,30 Drewry Ave,M2M 4C4,NY,NY,None,115001,14128641,30,None,,None,5435,"{""coordinates"": [[-79.4192365033339, 43.7870807800087]], ""type"": ""MultiPoint""}"
288,387,7273971,DREWRY SECONDARY SCHOOL,None,EP,Toronto District School Board,70 DREWRY AVE ,English Public,7273971,70,Drewry Ave,70 Drewry Ave,M2M 1C8,NY,NY,Drewry Secondary School,115001,14128642,70,None,,None,5435,"{""coordinates"": [[-79.421213687216, 43.7869814732506]], ""type"": ""MultiPoint""}"
289,388,509370,DRIFTWOOD PUBLIC SCHOOL ,None,EP,Toronto District School Board,265 DRIFTWOOD AVE ,English Public,509370,265,Driftwood Ave,265 Driftwood Ave,M3N 2N6,NY,NY,Driftwood Public School,115001,30077880,265,None,,None,5437,"{""coordinates"": [[-79.5150042552815, 43.7629711864463]], ""type"": ""MultiPoint""}"
290,389,485548,DUBLIN HEIGHTS ELEMENTARY & MDL SCHOOL,None,EP,Toronto District School Board,100 BAINBRIDGE AVE ,English Public,485548,100,Bainbridge Ave,100 Bainbridge Ave,M3H 2K2,NY,NY,Dublin Heights Elementary and Middle School,115001,441419,100,None,,None,4862,"{""coordinates"": [[-79.4470247426388, 43.7491483093568]], ""type"": ""MultiPoint""}"
291,390,578489,DUKE ACADEMY SECONDARY SCHOOL,None,PR,None,4576 YONGE ST ,Private,578489,4576,Yonge St,4576 Yonge St,M2N 6N4,NY,NY,None,115001,440623,4576,None,,None,4733,"{""coordinates"": [[-79.4100958776361, 43.7561090602904]], ""type"": ""MultiPoint""}"
292,391,6362823,DUKE OF CONNAUGHT JR & SR PUBLIC SCHOOL,None,EP,Toronto District School Board,70 WOODFIELD RD ,English Public,6362823,70,Woodfield Rd,70 Woodfield Rd,M4L 2W6,TO,TO,Duke of Connaught Junior and Senior Public School,115001,14022648,70,None,,None,4712,"{""coordinates"": [[-79.3219578466597, 43.6661955194459]], ""type"": ""MultiPoint""}"
293,392,7576813,DUNDAS JR PUBLIC SCHOOL,None,EP,Toronto District School Board,935 DUNDAS ST E,English Public,7576813,935,Dundas St E,935 Dundas St E,M4M 1R4,TO,TO,Dundas Junior Public School,115001,14047337,935,None,,None,3334,"{""coordinates"": [[-79.3486863276324, 43.6620777465508]], ""type"": ""MultiPoint""}"
294,393,9963196,DUNLACE PUBLIC SCHOOL,None,EP,Toronto District School Board,20 DUNLACE DR ,English Public,9963196,20,Dunlace Dr,20 Dunlace Dr,M2L 2S1,NY,NY,Dunlace Public School,115001,30058051,20,None,,None,5459,"{""coordinates"": [[-79.3703573291924, 43.7624594339827]], ""type"": ""MultiPoint""}"
295,394,6624483,EARL BEATTY JR & SR PUBLIC SCHOOL,None,EP,Toronto District School Board,55 WOODINGTON AVE ,English Public,6624483,55,Woodington Ave,55 Woodington Ave,M4C 3J6,TO,TO,Earl Beatty Junior and Senior Public School,115001,6624492,55,None,,None,395,"{""coordinates"": [[-79.3213456307331, 43.6860684583807]], ""type"": ""MultiPoint""}"
296,395,6355066,EARL GREY SR PUBLIC SCHOOL,None,EP,Toronto District School Board,100 STRATHCONA AVE ,English Public,6355066,100,Strathcona Ave,100 Strathcona Ave,M4J 1G8,TO,TO,Earl Grey Senior Public School,115001,14022315,100,None,,None,4496,"{""coordinates"": [[-79.3405244209135, 43.6768438820104]], ""type"": ""MultiPoint""}"
297,396,799259,EARL HAIG PUBLIC SCHOOL,None,EP,Toronto District School Board,15 EARL HAIG AVE ,English Public,799259,15,Earl Haig Ave,15 Earl Haig Ave,M4C 1E2,TO,TO,Earl Haig Public School,115001,1140005,15,None,,None,3349,"{""coordinates"": [[-79.3212504675318, 43.6813314530514]], ""type"": ""MultiPoint""}"
298,397,3310442,EARL HAIG SECONDARY SCHOOL,None,EP,Toronto District School Board,100 PRINCESS AVE ,English Public,3310442,100,Princess Ave,100 Princess Ave,M2N 3R7,NY,NY,Earl Haig Secondary School,115001,3310436,100,None,,None,6470,"{""coordinates"": [[-79.4059659483565, 43.7696090327771]], ""type"": ""MultiPoint""}"
299,398,7846533,EAST YORK ALTERNATIVE SECONDARY SCHOOL,None,EP,Toronto District School Board,670 COSBURN AVE ,English Public,7846533,670,Cosburn Ave,670 Cosburn Ave,M4C 2V2,EY,EY,East York Alternative Secondary School,115001,7846484,670,None,,None,70,"{""coordinates"": [[-79.3252956395229, 43.6949913553145]], ""type"": ""MultiPoint""}"
300,399,7794431,EAST YORK COLLEGIATE INSTITUTE,None,EP,Toronto District School Board,650 COSBURN AVE ,English Public,7794431,650,Cosburn Ave,650 Cosburn Ave,M4C 2V2,EY,EY,East York Collegiate Institute,115001,7794416,650,None,,None,70,"{""coordinates"": [[-79.3275764481259, 43.6949906148821]], ""type"": ""MultiPoint""}"
301,400,808480,EASTDALE COLLEGIATE INSTITUTE,None,EP,Toronto District School Board,701 GERRARD ST E,English Public,808480,701,Gerrard St E,701 Gerrard St E,M4M 1Y4,TO,TO,Eastdale Collegiate Institute,115001,1142671,701,None,,None,3495,"{""coordinates"": [[-79.3488189225485, 43.6659265701789]], ""type"": ""MultiPoint""}"
302,401,395203,EASTVIEW JR PUBLIC SCHOOL,None,EP,Toronto District School Board,20 WALDOCK ST ,English Public,395203,20,Waldock St,20 Waldock St,M1E 2E5,SC,SC,Eastview Public School,115001,109224,20,None,,None,9177,"{""coordinates"": [[-79.1912804405348, 43.7589633617233]], ""type"": ""MultiPoint""}"
303,402,1028895,EATONVILLE JR SCHOOL ,None,EP,Toronto District School Board,15 ROSSBURN DR ,English Public,1028895,15,Rossburn Dr,15 Rossburn Dr,M9C 2P7,ET,ET,Eatonville Junior School,115001,912398,15,None,,None,2406,"{""coordinates"": [[-79.5666150696602, 43.6378407814724]], ""type"": ""MultiPoint""}"
304,403,2184376,ECOLE ELEMENTAIRE CATHOLIQUE SAINT MICHEL,None,FS,Conseil scolaire de district catholique Centre-Sud,29 MEADOWVALE RD ,French Separate,2184376,29,Meadowvale Rd,29 Meadowvale Rd,M1C 1R7,SC,SC,None,115001,2184375,29,None,,None,8470,"{""coordinates"": [[-79.1559447476908, 43.7777385346065]], ""type"": ""MultiPoint""}"
305,404,8321585,ECOLE ELEMENTAIRE CHARLES SAURIOL,None,FP,Conseil scolaire Viamonde,55 PELHAM AVE ,French Public,8321585,55,Pelham Ave,55 Pelham Ave,M6N 1A5,TO,TO,Ecole Elementaire Charles Sauriol,115001,14013188,55,None,,None,4173,"{""coordinates"": [[-79.455349639961, 43.6676736698242]], ""type"": ""MultiPoint""}"
306,405,992445,ECOLE ELEMENTAIRE FELIX LECLERC,None,FP,Conseil scolaire Viamonde,50 CELESTINE DR ,French Public,992445,50,Celestine Dr,50 Celestine Dr,M9R 3N3,ET,ET,Ecole Elementaire Felix Leclerc,115001,908942,50,None,,None,1320,"{""coordinates"": [[-79.561445634234, 43.6896931229899]], ""type"": ""MultiPoint""}"
307,406,853146,ECOLE ELEMENTAIRE GABRIELLE ROY,None,FP,Conseil scolaire Viamonde,14 PEMBROKE ST ,French Public,853146,14,Pembroke St,14 Pembroke St,M5A 2N7,TO,TO,Ecole Elementaire Gabrielle Roy,115001,1144426,14,None,,None,4176,"{""coordinates"": [[-79.3723195931078, 43.6565828383347]], ""type"": ""MultiPoint""}"
308,407,496710,ECOLE ELEMENTAIRE JEANNE LAJOIE,None,FP,Conseil scolaire Viamonde,150 CARNFORTH RD ,French Public,496710,150,Carnforth Rd,150 Carnforth Rd,M4A 2K7,NY,NY,Ecole Elementaire Jeanne Lajoie,115001,442923,150,None,,None,5126,"{""coordinates"": [[-79.3214945673811, 43.7344967726022]], ""type"": ""MultiPoint""}"
309,408,32143,ECOLE ELEMENTAIRE LA MOSAIQUE,None,FP,Conseil scolaire Viamonde,80 QUEENSDALE AVE ,French Public,32143,80,Queensdale Ave,80 Queensdale Ave,M4J 1Y3,EY,EY,Ecole elementaire La Mosaique,115001,1795,80,None,,None,295,"{""coordinates"": [[-79.3305349885319, 43.6873304546484]], ""type"": ""MultiPoint""}"
310,409,30022744,ECOLE ELEMENTAIRE LAURE RIESE,None,FP,Conseil scolaire Viamonde,339 ALTON TOWERS CRCL ,French Public,30022744,339,Alton Towers Crcl,339 Alton Towers Crcl,M1V 4L3,SC,SC,None,115001,30021292,339,None,,None,9520,"{""coordinates"": [[-79.2774220664012, 43.8224626055717]], ""type"": ""MultiPoint""}"
311,410,502996,ECOLE ELEMENTAIRE MATHIEU DA COSTA,None,FP,Conseil scolaire Viamonde,116 CORNELIUS PKWY ,French Public,502996,116,Cornelius Pkwy,116 Cornelius Pkwy,M6L 2K5,NY,NY,Ecole Elementaire Mathieu Da Costa,115001,445125,116,None,,None,5271,"{""coordinates"": [[-79.4755347034249, 43.7178279267229]], ""type"": ""MultiPoint""}"
312,411,13315640,ECOLE ELEMENTAIRE PAUL DEMERS,None,FP,Conseil scolaire Viamonde,100 RAVEL RD ,French Public,13315640,100,Ravel Rd,100 Ravel Rd,M2H 1S9,NY,NY,St Leonard Adult Education Centre,115001,13315627,100,None,,None,6503,"{""coordinates"": [[-79.367340385707, 43.7919518364679]], ""type"": ""MultiPoint""}"
313,412,7576034,ECOLE ELEMENTAIRE PIERRE ELLIOTT TRUDEAU,None,FP,Conseil scolaire Viamonde,65 GRACE ST ,French Public,7576034,65,Grace St,65 Grace St,M6J 2S4,TO,TO,Ecole Elementaire Pierre Elliott Trudeau,115001,14019222,65,None,,None,9808,"{""coordinates"": [[-79.4140974855289, 43.6519910390116]], ""type"": ""MultiPoint""}"
314,413,486093,ECOLE SECONDAIRE ETIENNE BRULE,None,FP,Conseil scolaire Viamonde,300 BANBURY RD ,French Public,486093,300,Banbury Rd,300 Banbury Rd,M2L 2V3,NY,NY,Ecole Secondaire Etienne Brule,115001,441006,300,None,,None,4876,"{""coordinates"": [[-79.3715932541458, 43.7522122438944]], ""type"": ""MultiPoint""}"
315,414,308915,EDGEWOOD PUBLIC SCHOOL,None,EP,Toronto District School Board,230 BIRKDALE RD ,English Public,308915,230,Birkdale Rd,230 Birkdale Rd,M1P 3S4,SC,SC,Edgewood Public School,115001,30029983,230,None,,None,7367,"{""coordinates"": [[-79.2658120339035, 43.7663054576185]], ""type"": ""MultiPoint""}"
316,415,800621,EGLINTON JR PUBLIC SCHOOL,None,EP,Toronto District School Board,223 EGLINTON AVE E,English Public,800621,223,Eglinton Ave E,223 Eglinton Ave E,M4P 1L1,TO,TO,Eglinton Junior Public School,115001,1138255,223,None,,None,125,"{""coordinates"": [[-79.3908468303168, 43.7079037464755]], ""type"": ""MultiPoint""}"
317,416,14199314,EGLINTON LINC AND ESL CENTRE,None,ES,Toronto Catholic District School Board,90 EGLINTON AVE E,English Separate,14199314,90,Eglinton Ave E,90 Eglinton Ave E,M4P 2Y3,TO,TO,None,115001,1138300,90,None,,None,125,"{""coordinates"": [[-79.3958997214891, 43.7076209683648]], ""type"": ""MultiPoint""}"
318,417,14612113,EITZ CHAIM SCHOOL (BATHURST),None,PR,None,2742 BATHURST ST ,Private,14612113,2742,Bathurst St,2742 Bathurst St,M6B 4M7,NY,NY,None,115001,446029,2742,None,,None,436,"{""coordinates"": [[-79.4278794748452, 43.7098461415338]], ""type"": ""MultiPoint""}"
319,418,10071229,ELIA MDL SCHOOL 416 395-3020,None,EP,Toronto District School Board,215 SENTINEL RD ,English Public,10071229,215,Sentinel Rd,215 Sentinel Rd,M3J 1T7,NY,NY,Elia Middle School,115001,10071213,215,None,,None,6678,"{""coordinates"": [[-79.4984583080641, 43.7537993176252]], ""type"": ""MultiPoint""}"
320,419,13503328,ELITE ACADEMIC SECONDARY SCHOOL,None,PR,None,201 CONSUMERS RD ,Private,13503328,201,Consumers Rd,201 Consumers Rd,M2J 4G8,NY,NY,None,115001,438551,201,None,,None,5264,"{""coordinates"": [[-79.3322488674553, 43.7721013757365]], ""type"": ""MultiPoint""}"
321,420,390308,ELIZABETH SIMCOE JR PUBLIC SCHOOL,None,EP,Toronto District School Board,166 SYLVAN AVE ,English Public,390308,166,Sylvan Ave,166 Sylvan Ave,M1E 1A3,SC,SC,Elizabeth Simcoe Junior Public School,115001,110959,166,None,,None,4522,"{""coordinates"": [[-79.2060348701063, 43.7381519615688]], ""type"": ""MultiPoint""}"
322,421,4504013,ELKHORN PUBLIC SCHOOL,None,EP,Toronto District School Board,10 ELKHORN DR ,English Public,4504013,10,Elkhorn Dr,10 Elkhorn Dr,M2K 1J3,NY,NY,Elkhorn Public School,115001,4503989,10,None,,None,5494,"{""coordinates"": [[-79.3800624355928, 43.7712153929829]], ""type"": ""MultiPoint""}"
323,422,4312082,ELLESMERE STATTON PUBLIC SCHOOL,None,EP,Toronto District School Board,739 ELLESMERE RD ,English Public,4312082,739,Ellesmere Rd,739 Ellesmere Rd,M1P 2W1,SC,SC,Ellesmere-Statton Public School,115001,14663886,739,None,,None,7835,"{""coordinates"": [[-79.2875719983282, 43.7636236123759]], ""type"": ""MultiPoint""}"
324,423,8128665,ELMBANK JR MDL ACADEMY,None,EP,Toronto District School Board,10 PITTSBORO DR ,English Public,8128665,10,Pittsboro Dr,10 Pittsboro Dr,M9V 3R4,ET,ET,Elmbank Junior Middle Academy,115001,20053315,10,None,,None,2278,"{""coordinates"": [[-79.5900470677447, 43.7365019019057]], ""type"": ""MultiPoint""}"
325,424,10010732,ELMLEA JR SCHOOL,None,EP,Toronto District School Board,50 HADRIAN DR ,English Public,10010732,50,Hadrian Dr,50 Hadrian Dr,M9W 1V4,ET,ET,Elmlea Junior School,115001,20053010,50,None,,None,1737,"{""coordinates"": [[-79.5498701970545, 43.7159386194401]], ""type"": ""MultiPoint""}"
326,425,9135240,ELPIS COLLEGE TORONTO (temporarily moved),None,PR,None,18 GREENFIELD AVE ,Private,9135240,18,Greenfield Ave,18 Greenfield Ave,M2N 3C8,NY,NY,None,115001,20040806,18,None,,None,5748,"{""coordinates"": [[-79.4107729639397, 43.7636049969129]], ""type"": ""MultiPoint""}"
327,426,574355,EMERY C.I. & EMERY EDVANCE ADULT LEARNING CENTRE,None,EP,Toronto District School Board,3395 WESTON RD ,English Public,574355,3395,Weston Rd,3395 Weston Rd,M9M 2V9,NY,NY,Emery Collegiate Institute,115001,30117738,3395,None,,None,952,"{""coordinates"": [[-79.5395569845548, 43.7487227091093]], ""type"": ""MultiPoint""}"
328,427,349131,EMILY CARR PUBLIC SCHOOL,None,EP,Toronto District School Board,90 JOHN TABOR TRL ,English Public,349131,90,John Tabor Trl,90 John Tabor Trl,M1B 2V2,SC,SC,Emily Carr Public School,115001,104486,90,None,,None,8200,"{""coordinates"": [[-79.2069358552156, 43.8050223865269]], ""type"": ""MultiPoint""}"
329,428,9638341,ENQUIRING MINDS MONTESSORI AND LONDON SCHOOL OF DANCE,None,PR,None,24 PROGRESS AVE ,Private,9638341,24,Progress Ave,24 Progress Ave,M1P 2Y4,SC,SC,None,115001,9638338,24,None,,None,8740,"{""coordinates"": [[-79.2801611624691, 43.7704172403736]], ""type"": ""MultiPoint""}"
330,429,373586,EPIPHANY OF OUR LORD CATHOLIC ACADEMY,None,ES,Toronto Catholic District School Board,3150 PHARMACY AVE ,English Separate,373586,3150,Pharmacy Ave,3150 Pharmacy Ave,M1W 3J5,SC,SC,Epiphany of Our Lord Catholic Academy,115001,14668282,3150,None,,None,8691,"{""coordinates"": [[-79.3289402460095, 43.7989580963277]], ""type"": ""MultiPoint""}"
331,430,498502,ERNEST PUBLIC SCHOOL,None,EP,Toronto District School Board,150 CHEROKEE BLVD ,English Public,498502,150,Cherokee Blvd,150 Cherokee Blvd,M2J 4A4,NY,NY,Ernest Public School,115001,436907,150,None,,None,5182,"{""coordinates"": [[-79.3373825688455, 43.791415465113]], ""type"": ""MultiPoint""}"
332,431,6316533,ERUDITE ELEMENTARY SCHOOL,None,PR,None,2323 BLOOR ST W,Private,6316533,2323,Bloor St W,2323 Bloor St W,M6S 4W1,TO,TO,None,115001,6314757,2323,None,,None,458,"{""coordinates"": [[-79.4799888562353, 43.6500081301117]], ""type"": ""MultiPoint""}"
333,432,30024677,ESSEX JR SR & HAWTHORNE TWO BILINGUAL,None,EP,Toronto District School Board,50 ESSEX ST ,English Public,30024677,50,Essex St,50 Essex St,M6G 1T3,TO,TO,Essex Junior and Senior School Public School,115001,30017326,50,None,,None,3408,"{""coordinates"": [[-79.4223654834763, 43.6682357494066]], ""type"": ""MultiPoint""}"
334,433,7940034,ETIENNE BRULE JR SCHOOL,None,EP,Toronto District School Board,50 CLOVERHILL RD ,English Public,7940034,50,Cloverhill Rd,50 Cloverhill Rd,M8Y 1T3,ET,ET,Etienne Brule Junior School,115001,7940032,50,None,,None,1363,"{""coordinates"": [[-79.4896844559498, 43.6356187317086]], ""type"": ""MultiPoint""}"
335,434,10756789,ETOBICOKE COLLEGIATE INSTITUTE,None,EP,Toronto District School Board,86 MONTGOMERY RD ,English Public,10756789,86,Montgomery Rd,86 Montgomery Rd,M9A 3N5,ET,ET,Etobicoke Collegiate Institute,115001,10756784,86,None,,None,2136,"{""coordinates"": [[-79.522296213866, 43.6500842008403]], ""type"": ""MultiPoint""}"
336,435,10142862,ETOBICOKE SCHOOL OF THE ARTS,None,EP,Toronto District School Board,675 ROYAL YORK RD ,English Public,10142862,675,Royal York Rd,675 Royal York Rd,M8Y 2T1,ET,ET,Etobicoke School of the Arts,115001,10142864,675,None,,None,2413,"{""coordinates"": [[-79.5039309346666, 43.6308148274845]], ""type"": ""MultiPoint""}"
337,436,9109922,ETOBICOKE SECONDARY ALTERNATIVE SCHOOL ,None,EP,Toronto District School Board,160 SILVERHILL DR ,English Public,9109922,160,Silverhill Dr,160 Silverhill Dr,M9B 3W7,ET,ET,None,115001,9109918,160,None,,None,2484,"{""coordinates"": [[-79.551276113705, 43.6338578460427]], ""type"": ""MultiPoint""}"
338,437,4248888,EXCEL HIGH SCHOOL,None,PR,None,55 NUGGET AVE ,Private,4248888,55,Nugget Ave,55 Nugget Ave,M1S 3L1,SC,SC,None,115001,4248848,55,None,,None,11074,"{""coordinates"": [[-79.2578080336662, 43.7921385076532]], ""type"": ""MultiPoint""}"
339,438,54313,F H MILLER JR PUBLIC SCHOOL,None,EP,Toronto District School Board,300 CALEDONIA RD ,English Public,54313,300,Caledonia Rd,300 Caledonia Rd,M6E 4T5,YK,YK,F. H. Miller Junior Public School,115001,14072354,300,None,,None,481,"{""coordinates"": [[-79.458898094007, 43.6840057733305]], ""type"": ""MultiPoint""}"
340,439,62504,FAIRBANK MEMORIAL COMMUNITY SCHOOL,None,EP,Toronto District School Board,555 HARVIE AVE ,English Public,62504,555,Harvie Ave,555 Harvie Ave,M6E 4M2,YK,YK,Fairbank Memorial Community School,115001,8067,555,None,,None,648,"{""coordinates"": [[-79.4554057013447, 43.6917032417799]], ""type"": ""MultiPoint""}"
341,440,9741283,FAIRBANK PUBLIC SCHOOL ,None,EP,Toronto District School Board,2335 DUFFERIN ST ,English Public,9741283,2335,Dufferin St,2335 Dufferin St,M6E 3S5,YK,YK,Fairbank Public School,115001,9741259,2335,None,,None,557,"{""coordinates"": [[-79.4490892289333, 43.6942876649058]], ""type"": ""MultiPoint""}"
342,441,373577,FAIRGLEN JR PUBLIC SCHOOL,None,EP,Toronto District School Board,2200 PHARMACY AVE ,English Public,373577,2200,Pharmacy Ave,2200 Pharmacy Ave,M1W 1H8,SC,SC,Fairglen Junior Public School,115001,106776,2200,None,,None,8691,"{""coordinates"": [[-79.3222381903671, 43.7849363770968]], ""type"": ""MultiPoint""}"
343,442,30028626,FAIRMEADOW CENTRE,None,EP,Toronto District School Board,17 FAIRMEADOW AVE ,English Public,30028626,17,Fairmeadow Ave,17 Fairmeadow Ave,M2P 1W6,NY,NY,None,115001,20040820,17,None,,None,5547,"{""coordinates"": [[-79.3972138944047, 43.754688128517]], ""type"": ""MultiPoint""}"
344,443,2261459,FAIRMOUNT JR PUBLIC SCHOOL,None,EP,Toronto District School Board,31 SLOLEY RD ,English Public,2261459,31,Sloley Rd,31 Sloley Rd,M1M 1C7,SC,SC,Fairmount Public School,115001,2261458,31,None,,None,8967,"{""coordinates"": [[-79.2308941806286, 43.7197580924624]], ""type"": ""MultiPoint""}"
345,444,10144967,FATHER HENRY CARR CATHOLIC SECONDARY SCHOOL,None,ES,Toronto Catholic District School Board,1760 MARTIN GROVE RD ,English Separate,10144967,1760,Martin Grove Rd,1760 Martin Grove Rd,M9V 3S4,ET,ET,Father Henry Carr,115001,10144951,1760,None,,None,2066,"{""coordinates"": [[-79.5922999387415, 43.7357651008297]], ""type"": ""MultiPoint""}"
346,445,14600948,FATHER JOHN REDMOND CATHOLIC SECONDARY SCHOOL,None,ES,Toronto Catholic District School Board,28 COLONEL SAMUEL SMITH PARK DR ,English Separate,14600948,28,Colonel Samuel Smith Park Dr,28 Colonel Samuel Smith Park Dr,M8V 4B7,ET,ET,"Father John Redmond, Ken Cox Community Centre",115001,30016383,28,None,,None,15629,"{""coordinates"": [[-79.5165387692932, 43.5951413486312]], ""type"": ""MultiPoint""}"
347,446,1035168,FATHER SERRA CATHOLIC ELEMENTARY SCHOOL,None,ES,Toronto Catholic District School Board,111 SUN ROW DR ,English Separate,1035168,111,Sun Row Dr,111 Sun Row Dr,M9P 3J3,ET,ET,Father Serra Catholic School,115001,909192,111,None,,None,2554,"{""coordinates"": [[-79.5370181385566, 43.685944240933]], ""type"": ""MultiPoint""}"
348,447,8014986,FAYWOOD ARTS BASED CURRICULUM SCHOOL,None,EP,Toronto District School Board,95 FAYWOOD BLVD ,English Public,8014986,95,Faywood Blvd,95 Faywood Blvd,M3H 2X5,NY,NY,Faywood Arts-Based Curriculum School,115001,442642,95,None,,None,5570,"{""coordinates"": [[-79.4466973349755, 43.7398550354918]], ""type"": ""MultiPoint""}"
349,448,515284,FENSIDE PUBLIC SCHOOL,None,EP,Toronto District School Board,131 FENSIDE DR ,English Public,515284,131,Fenside Dr,131 Fenside Dr,M3A 2V9,NY,NY,Fenside Public School,115001,439443,131,None,,None,5578,"{""coordinates"": [[-79.3291265799904, 43.7645805189835]], ""type"": ""MultiPoint""}"
350,449,8007871,FERN AVENUE JR & SR PUBLIC SCHOOL,None,EP,Toronto District School Board,128 FERN AVE ,English Public,8007871,128,Fern Ave,128 Fern Ave,M6R 1K3,TO,TO,Fern Avenue Junior and Senior Public School,115001,14017573,128,None,,None,591,"{""coordinates"": [[-79.4461128419154, 43.6451803159495]], ""type"": ""MultiPoint""}"
351,450,9655345,FIELDSTONE DAY SCHOOL,None,PR,None,2999 DUFFERIN ST ,Private,9655345,2999,Dufferin St,2999 Dufferin St,M6B 3T4,NY,NY,None,115001,9655343,2999,None,,None,557,"{""coordinates"": [[-79.4533841407934, 43.7118733583738]], ""type"": ""MultiPoint""}"
352,451,9655345,FIELDSTONE KING'S COLLEGE SECONDARY SCHOOL,None,PR,None,2999 DUFFERIN ST ,Private,9655345,2999,Dufferin St,2999 Dufferin St,M6B 3T4,NY,NY,None,115001,9655343,2999,None,,None,557,"{""coordinates"": [[-79.4533841407934, 43.7118733583738]], ""type"": ""MultiPoint""}"
353,452,4429315,FINCH AT WARDEN ADULT EDUCATION CENTRE,None,ES,Toronto Catholic District School Board,3430 FINCH AVE E,English Separate,4429315,3430,Finch Ave E,3430 Finch Ave E,M1W 2R5,SC,SC,None,115001,4435020,3430,None,,None,5589,"{""coordinates"": [[-79.3145653641473, 43.7974757937848]], ""type"": ""MultiPoint""}"
354,453,9084973,FINCH PUBLIC SCHOOL ,None,EP,Toronto District School Board,277 FINCH AVE E,English Public,9084973,277,Finch Ave E,277 Finch Ave E,M2N 4S3,NY,NY,Finch Public School,115001,9084975,277,None,,None,5589,"{""coordinates"": [[-79.3949742011282, 43.7838330777765]], ""type"": ""MultiPoint""}"
355,454,3062806,FIRGROVE PUBLIC SCHOOL,None,EP,Toronto District School Board,270 FIRGROVE CRES ,English Public,3062806,270,Firgrove Cres,270 Firgrove Cres,M3N 1K8,NY,NY,Firgrove Public School,115001,30092050,270,None,,None,5594,"{""coordinates"": [[-79.519910862165, 43.7520008914053]], ""type"": ""MultiPoint""}"
356,455,30055925,FISHERVILLE SR & N/W SECONDARY ALTERNATIVE,None,EP,Toronto District School Board,425 PATRICIA AVE ,English Public,30055925,425,Patricia Ave,425 Patricia Ave,M2R 2N1,NY,NY,None,115001,7156908,425,None,,None,6386,"{""coordinates"": [[-79.4411616324684, 43.784556440757]], ""type"": ""MultiPoint""}"
357,456,4124712,FLEMING PUBLIC SCHOOL ,None,EP,Toronto District School Board,20 LITTLES RD ,English Public,4124712,20,Littles Rd,20 Littles Rd,M1B 5B5,SC,SC,Fleming Public School,115001,4124713,20,None,,None,19464,"{""coordinates"": [[-79.2033845823469, 43.8154347835423]], ""type"": ""MultiPoint""}"
358,457,7062866,FLEMINGTON PUBLIC SCHOOL,None,EP,Toronto District School Board,10 FLEMINGTON RD ,English Public,7062866,10,Flemington Rd,10 Flemington Rd,M6A 2N4,NY,NY,Flemington Public School,115001,7062864,10,None,,None,5608,"{""coordinates"": [[-79.4444540037633, 43.7200875786734]], ""type"": ""MultiPoint""}"
359,458,800884,FOREST HILL COLLEGIATE INSTITUTE,None,EP,Toronto District School Board,730 EGLINTON AVE W,English Public,800884,730,Eglinton Ave W,730 Eglinton Ave W,M5N 1B9,TO,TO,Forest Hill Collegiate Institute,115001,1138689,730,None,,None,571,"{""coordinates"": [[-79.4213427841136, 43.7030582555106]], ""type"": ""MultiPoint""}"
360,459,797816,FOREST HILL JR & SR PUBLIC SCHOOL,None,EP,Toronto District School Board,78 DUNLOE RD ,English Public,797816,78,Dunloe Rd,78 Dunloe Rd,M5P 2T6,TO,TO,Forest Hill Junior and Senior Public School,115001,1139009,78,None,,None,3338,"{""coordinates"": [[-79.4139385899, 43.6953762569543]], ""type"": ""MultiPoint""}"
361,460,14207088,FOREST HILL TUTORING,None,PR,None,423 SPADINA RD ,Private,14207088,423,Spadina Rd,423 Spadina Rd,M5P 2W3,TO,TO,None,115001,7273310,423,None,,None,4428,"{""coordinates"": [[-79.4125472018315, 43.6889488435409]], ""type"": ""MultiPoint""}"
362,461,517448,FOREST MANOR PUBLIC SCHOOL,None,EP,Toronto District School Board,25 FOREST MANOR RD ,English Public,517448,25,Forest Manor Rd,25 Forest Manor Rd,M2J 1M4,NY,NY,Forest Manor Public School,115001,30095974,25,None,,None,5625,"{""coordinates"": [[-79.3430668038294, 43.7710427399232]], ""type"": ""MultiPoint""}"
363,462,7705590,FOREST VALLEY OUTDOOR EDUCATION CENTRE,None,EP,Toronto District School Board,60 BLUE FOREST DR ,English Public,7705590,60,Blue Forest Dr,60 Blue Forest Dr,M3H 4W5,NY,NY,Forest Valley Day Camp,115001,7705588,60,None,,None,4982,"{""coordinates"": [[-79.4532052614193, 43.7677142696748]], ""type"": ""MultiPoint""}"
364,463,334378,FRANCIS LIBERMANN CATHOLIC HIGH SCHOOL,None,ES,Toronto Catholic District School Board,4640 FINCH AVE E,English Separate,334378,4640,Finch Ave E,4640 Finch Ave E,M1S 4G2,SC,SC,Francis Libermann Catholic High School,115001,104469,4640,None,,None,5589,"{""coordinates"": [[-79.2743078384998, 43.8073923412217]], ""type"": ""MultiPoint""}"
365,464,50146,FRANK OKE SECONDARY SCHOOL,None,EP,Toronto District School Board,500 ALLIANCE AVE ,English Public,50146,500,Alliance Ave,500 Alliance Ave,M6N 2H8,YK,YK,Frank Oke Secondary School,115001,30143625,500,None,,None,407,"{""coordinates"": [[-79.4887542282147, 43.677512419216]], ""type"": ""MultiPoint""}"
366,465,7570431,FRANKLAND COMMUNITY SCHOOL,None,EP,Toronto District School Board,816 LOGAN AVE ,English Public,7570431,816,Logan Ave,816 Logan Ave,M4K 3E1,TO,TO,"Frankland Community School, Frankland Community Centre",115001,14021507,816,None,,None,228,"{""coordinates"": [[-79.3496800848427, 43.6771506675787]], ""type"": ""MultiPoint""}"
367,466,30026375,FRASER MUSTARD EARLY LEARNING ACADEMY,None,EP,Toronto District School Board,82 THORNCLIFFE PARK DR ,English Public,30026375,82,Thorncliffe Park Dr,82 Thorncliffe Park Dr,M4H 0A2,EY,EY,None,115001,60009974,82,None,,None,354,"{""coordinates"": [[-79.3435512383368, 43.7055777504935]], ""type"": ""MultiPoint""}"
368,467,336737,GALLOWAY ROAD PUBLIC SCHOOL,None,EP,Toronto District School Board,192 GALLOWAY RD ,English Public,336737,192,Galloway Rd,192 Galloway Rd,M1E 1X2,SC,SC,Galloway Road Public School,115001,60010002,192,None,,None,7948,"{""coordinates"": [[-79.1966222950893, 43.7650173036954]], ""type"": ""MultiPoint""}"
369,468,13972613,GAP ACADEMY SECONDARY SCHOOL,None,PR,None,4 JOHN ST ,Private,13972613,4,John St,4 John St,M9N 1J3,YK,YK,None,115001,20055090,4,None,,None,9831,"{""coordinates"": [[-79.5177020187154, 43.7010253821952]], ""type"": ""MultiPoint""}"
370,469,807559,GARDEN AVENUE JR PUBLIC SCHOOL,None,EP,Toronto District School Board,225 GARDEN AVE ,English Public,807559,225,Garden Ave,225 Garden Ave,M6R 1H9,TO,TO,Garden Avenue Junior Public School,115001,14017612,225,None,,None,9807,"{""coordinates"": [[-79.4491237019074, 43.6432000977767]], ""type"": ""MultiPoint""}"
371,470,8929147,GATEWAY PUBLIC SCHOOL,None,EP,Toronto District School Board,55 GATEWAY BLVD ,English Public,8929147,55,Gateway Blvd,55 Gateway Blvd,M3C 1B4,NY,NY,Gateway Public School,115001,8929149,55,None,,None,5672,"{""coordinates"": [[-79.3310091533195, 43.7117262234356]], ""type"": ""MultiPoint""}"
372,471,319504,GENERAL BROCK PUBLIC SCHOOL ,None,EP,Toronto District School Board,140 CHESTNUT CRES ,English Public,319504,140,Chestnut Cres,140 Chestnut Cres,M1L 1Y5,SC,SC,General Brock Public School,115001,30055414,140,None,,None,7580,"{""coordinates"": [[-79.2745902135289, 43.7185070990624]], ""type"": ""MultiPoint""}"
373,472,4605063,GENERAL CRERAR PUBLIC SCHOOL,None,EP,Toronto District School Board,30 MCGREGOR RD ,English Public,4605063,30,McGregor Rd,30 McGregor Rd,M1P 1C8,SC,SC,General Crerar Public School,115001,14668247,30,None,,None,8460,"{""coordinates"": [[-79.2795776619808, 43.7456867654999]], ""type"": ""MultiPoint""}"
374,473,877576,GENERAL MERCER JR PUBLIC SCHOOL ,None,EP,Toronto District School Board,30 TURNBERRY AVE ,English Public,877576,30,Turnberry Ave,30 Turnberry Ave,M6N 1P8,TO,TO,General Mercer Junior Public School,115001,1140783,30,None,,None,4576,"{""coordinates"": [[-79.4640229792623, 43.6789306711569]], ""type"": ""MultiPoint""}"
375,474,519441,GEORGE ANDERSON PUBLIC SCHOOL ,None,EP,Toronto District School Board,30 GEORGE ANDERSON DR ,English Public,519441,30,George Anderson Dr,30 George Anderson Dr,M6M 2Y8,NY,NY,George Anderson Public School,115001,446465,30,None,,None,5677,"{""coordinates"": [[-79.4789480608335, 43.7054535329767]], ""type"": ""MultiPoint""}"
376,475,369629,GEORGE B LITTLE PUBLIC SCHOOL,None,EP,Toronto District School Board,125 ORTON PARK RD ,English Public,369629,125,Orton Park Rd,125 Orton Park Rd,M1G 3G9,SC,SC,George B Little Public School,115001,108136,125,None,,None,8622,"{""coordinates"": [[-79.2081104575107, 43.7711994113637]], ""type"": ""MultiPoint""}"
377,476,7994619,GEORGE BROWN COLLEGE - CASA LOMA CAMPUS,None,C,None,160 KENDAL AVE ,College,7994619,160,Kendal Ave,160 Kendal Ave,M5R 1M3,TO,TO,None,115001,7994616,160,None,,None,3762,"{""coordinates"": [[-79.411045415915, 43.6760123431155]], ""type"": ""MultiPoint""}"
378,477,828085,GEORGE BROWN COLLEGE - ST JAMES CAMPUS,None,C,None,200 KING ST E,College,828085,200,King St E,200 King St E,M5A 3W8,TO,TO,None,115001,1145266,200,None,,None,3779,"{""coordinates"": [[-79.3701856494981, 43.651100464219]], ""type"": ""MultiPoint""}"
379,478,30017891,GEORGE BROWN COLLEGE - WATERFRONT CAMPUS,None,C,None,51 DOCKSIDE DR ,College,30017891,51,Dockside Dr,51 Dockside Dr,M5A 0B6,TO,TO,George Brown College,115001,30017866,51,None,,None,19432,"{""coordinates"": [[-79.365469492592, 43.6439387824491]], ""type"": ""MultiPoint""}"
380,479,30032214,GEORGE BROWN COLLEGE - YOUNG CENTRE FOR THE PERFORMING ARTS,None,C,None,50 TANK HOUSE LANE ,College,30032214,50,Tank House Lane,50 Tank House Lane,M5A 3C4,TO,TO,None,115001,30029446,50,None,,None,19560,"{""coordinates"": [[-79.357458675327, 43.6508509258333]], ""type"": ""MultiPoint""}"
381,480,343513,GEORGE P MACKIE JR PUBLIC SCHOOL ,None,EP,Toronto District School Board,60 HEATHFIELD DR ,English Public,343513,60,Heathfield Dr,60 Heathfield Dr,M1M 3B1,SC,SC,George P Mackie Junior Public School,115001,110851,60,None,,None,8089,"{""coordinates"": [[-79.2119939725128, 43.7393273081079]], ""type"": ""MultiPoint""}"
382,481,396495,GEORGE PECK PUBLIC SCHOOL,None,EP,Toronto District School Board,1 WAYNE AVE ,English Public,396495,1,Wayne Ave,1 Wayne Ave,M1R 1Y1,SC,SC,George Peck Public School,115001,110941,1,None,,None,9197,"{""coordinates"": [[-79.2936351945354, 43.7382584753535]], ""type"": ""MultiPoint""}"
383,482,1018182,GEORGE R GAULD JR SCHOOL ,None,EP,Toronto District School Board,200 MELROSE ST ,English Public,1018182,200,Melrose St,200 Melrose St,M8Y 1B7,ET,ET,George R Gauld Junior School,115001,913522,200,None,,None,2097,"{""coordinates"": [[-79.498405687125, 43.6205662675783]], ""type"": ""MultiPoint""}"
384,483,8824026,GEORGE S HENRY ACADEMY,None,EP,Toronto District School Board,200 GRAYDON HALL DR ,English Public,8824026,200,Graydon Hall Dr,200 Graydon Hall Dr,M3A 3A6,NY,NY,George S Henry Academy,115001,30058565,200,None,,None,5741,"{""coordinates"": [[-79.3399200284936, 43.7643599636777]], ""type"": ""MultiPoint""}"
385,484,9523611,GEORGE SYME COMMUNITY SCHOOL,None,EP,Toronto District School Board,69 PRITCHARD AVE ,English Public,9523611,69,Pritchard Ave,69 Pritchard Ave,M6N 1T6,YK,YK,George Syme Community School,115001,9523610,69,None,,None,825,"{""coordinates"": [[-79.491126770757, 43.6692513829928]], ""type"": ""MultiPoint""}"
386,485,30091787,GEORGE WEBSTER ELEMENTARY SCHOOL ,None,EP,Toronto District School Board,50 CHAPMAN AVE ,English Public,30091787,50,Chapman Ave,50 Chapman Ave,M4B 1C5,EY,EY,George Webster Elementary School,115001,30139815,50,None,,None,59,"{""coordinates"": [[-79.299760623825, 43.7010488988453]], ""type"": ""MultiPoint""}"
387,486,807027,GEORGES ETIENNE CARTIER CATHOLIC ELEMENTARY SCHOOL,None,FS,Conseil scolaire de district catholique Centre-Sud,250 GAINSBOROUGH RD ,French Separate,807027,250,Gainsborough Rd,250 Gainsborough Rd,M4L 3C6,TO,TO,Georges Etienne Cartier Catholic Elementary School,115001,1140857,250,None,,None,3475,"{""coordinates"": [[-79.3194731119597, 43.6779038853844]], ""type"": ""MultiPoint""}"
388,487,6738446,GEORGES VANIER SECONDARY SCHOOL ,None,EP,Toronto District School Board,3000 DON MILLS RD E,English Public,6738446,3000,Don Mills Rd E,3000 Don Mills Rd E,M2J 3B6,NY,NY,Georges Vanier Secondary School,115001,30044624,3000,None,,None,5398,"{""coordinates"": [[-79.3509063859672, 43.7831172284439]], ""type"": ""MultiPoint""}"
389,488,7163838,GERMAN INTERNATIONAL SCHOOL TORONTO,None,PR,None,25 BURNHAMTHORPE RD ,Private,7163838,25,Burnhamthorpe Rd,25 Burnhamthorpe Rd,M9A 1G9,ET,ET,Islington United Church,115001,20029651,25,None,,None,1266,"{""coordinates"": [[-79.5299284955512, 43.6495576330282]], ""type"": ""MultiPoint""}"
390,489,7561057,GIBRALTAR LEADERSHIP ACADEMY SCHOOL,None,PR,None,431 NUGGET AVE ,Private,7561057,431,Nugget Ave,431 Nugget Ave,M1S 4J5,SC,SC,None,115001,7561024,431,None,,None,11074,"{""coordinates"": [[-79.2430528798877, 43.7977569265589]], ""type"": ""MultiPoint""}"
391,490,30029294,GIVINS SHAW JR PUBLIC SCHOOL ,None,EP,Toronto District School Board,49 GIVINS ST ,English Public,30029294,49,Givins St,49 Givins St,M6J 2X5,TO,TO,Givins/Shaw Junior Public School,115001,11180398,49,None,,None,3505,"{""coordinates"": [[-79.4176864709581, 43.646216613937]], ""type"": ""MultiPoint""}"
392,491,302317,GLAMORGAN JR PUBLIC SCHOOL,None,EP,Toronto District School Board,51 ANTRIM CRES ,English Public,302317,51,Antrim Cres,51 Antrim Cres,M1P 4N4,SC,SC,Glamorgan Junior Public School,115001,107996,51,None,,None,7216,"{""coordinates"": [[-79.2895538318113, 43.7713003109162]], ""type"": ""MultiPoint""}"
393,492,10080042,GLEDHILL JR PUBLIC SCHOOL,None,EP,Toronto District School Board,2 GLEDHILL AVE ,English Public,10080042,2,Gledhill Ave,2 Gledhill Ave,M4C 5K6,EY,EY,"Gledhill Junior Public School, Terry Fox Recreation Centre",115001,10080038,2,None,,None,159,"{""coordinates"": [[-79.3092864659493, 43.6875483306854]], ""type"": ""MultiPoint""}"
394,493,8236855,GLEN AMES SR PUBLIC SCHOOL,None,EP,Toronto District School Board,18 WILLIAMSON RD ,English Public,8236855,18,Williamson Rd,18 Williamson Rd,M4E 1K5,TO,TO,Glen Ames Senior Public School,115001,8236854,18,None,,None,4686,"{""coordinates"": [[-79.2984421909583, 43.6741488615009]], ""type"": ""MultiPoint""}"
395,494,576050,GLEN BRIAR ACADEMY ELEMENTARY SCHOOL,None,PR,None,210 WILSON AVE ,Private,576050,210,Wilson Ave,210 Wilson Ave,M5M 3B1,NY,NY,Temple Sinai Synagogue,115001,442636,210,None,,None,4693,"{""coordinates"": [[-79.4255563106731, 43.7396053552602]], ""type"": ""MultiPoint""}"
396,495,14038150,GLEN PARK PUBLIC SCHOOL ,None,EP,Toronto District School Board,101 ENGLEMOUNT AVE ,English Public,14038150,101,Englemount Ave,101 Englemount Ave,M6B 4L5,NY,NY,Glen Park Public School,115001,445733,101,None,,None,5517,"{""coordinates"": [[-79.4357473261606, 43.7132238247354]], ""type"": ""MultiPoint""}"
397,496,9086409,GLEN RAVINE JR PUBLIC SCHOOL,None,EP,Toronto District School Board,11 GADSBY DR ,English Public,9086409,11,Gadsby Dr,11 Gadsby Dr,M1K 4V4,SC,SC,Glen Ravine Junior Public School,115001,9086406,11,None,,None,7942,"{""coordinates"": [[-79.2540589454282, 43.7382246272196]], ""type"": ""MultiPoint""}"
398,497,862164,GLENVIEW SR PUBLIC SCHOOL,None,EP,Toronto District School Board,401 ROSEWELL AVE ,English Public,862164,401,Rosewell Ave,401 Rosewell Ave,M4R 2B5,TO,TO,Glenview Senior Public School,115001,14662186,401,None,,None,4323,"{""coordinates"": [[-79.409524700301, 43.7199764434722]], ""type"": ""MultiPoint""}"
399,498,383209,GOLF ROAD JR PUBLIC SCHOOL ,None,EP,Toronto District School Board,730 SCARBOROUGH GOLF CLUB RD ,English Public,383209,730,Scarborough Golf Club Rd,730 Scarborough Golf Club Rd,M1G 1H7,SC,SC,Golf Road Junior Public School,115001,108906,730,None,,None,8891,"{""coordinates"": [[-79.2168876729568, 43.7639036098219]], ""type"": ""MultiPoint""}"
400,499,6427428,GORDON A BROWN MDL SCHOOL,None,EP,Toronto District School Board,2800 ST CLAIR AVE E,English Public,6427428,2800,St Clair Ave E,2800 St Clair Ave E,M4B 1N2,EY,EY,Gordon A. Brown Middle School,115001,6427437,2800,None,,None,339,"{""coordinates"": [[-79.3053702914276, 43.707534131345]], ""type"": ""MultiPoint""}"
401,500,11267530,GOSFORD PUBLIC SCHOOL,None,EP,Toronto District School Board,30 GOSFORD BLVD ,English Public,11267530,30,Gosford Blvd,30 Gosford Blvd,M3N 2G8,NY,NY,Gosford Public School,115001,11267531,30,None,,None,5724,"{""coordinates"": [[-79.5213241884271, 43.7643184871585]], ""type"": ""MultiPoint""}"
402,501,10494308,GRACEDALE PUBLIC SCHOOL,None,EP,Toronto District School Board,186 GRACEDALE BLVD ,English Public,10494308,186,Gracedale Blvd,186 Gracedale Blvd,M9L 2C1,NY,NY,Gracedale Public School,115001,10494275,186,None,,None,5728,"{""coordinates"": [[-79.5618421120233, 43.753197538015]], ""type"": ""MultiPoint""}"
403,502,10035226,GRACEFIELD PUBLIC SCHOOL ,None,EP,Toronto District School Board,177 GRACEFIELD AVE ,English Public,10035226,177,Gracefield Ave,177 Gracefield Ave,M6L 1L7,NY,NY,Gracefield Public School,115001,30097198,177,None,,None,5729,"{""coordinates"": [[-79.4914064041562, 43.709018391832]], ""type"": ""MultiPoint""}"
404,503,7963296,GRADALE ACADEMY ELEMENTARY SCHOOL,None,PR,None,159 ROXBOROUGH DR ,Private,7963296,159,Roxborough Dr,159 Roxborough Dr,M4W 1X7,TO,TO,Rosedale United Church,115001,30040112,159,None,,None,4330,"{""coordinates"": [[-79.3723530099708, 43.6841341693997]], ""type"": ""MultiPoint""}"
405,504,9178016,GREENHOLME JR MDL SCHOOL,None,EP,Toronto District School Board,10 JAMESTOWN CRES ,English Public,9178016,10,Jamestown Cres,10 Jamestown Cres,M9V 3M5,ET,ET,Greenholme Junior Middle School,115001,30081010,10,None,,None,1870,"{""coordinates"": [[-79.582908112082, 43.7350715355536]], ""type"": ""MultiPoint""}"
406,505,13967814,GREENLAND PUBLIC SCHOOL,None,EP,Toronto District School Board,15 GREENLAND RD ,English Public,13967814,15,Greenland Rd,15 Greenland Rd,M3C 1N1,NY,NY,Greenland Public School,115001,443122,15,None,,None,5751,"{""coordinates"": [[-79.3385329307779, 43.7336070379667]], ""type"": ""MultiPoint""}"
407,506,30055059,GREENWOOD COLLEGE SCHOOL,None,PR,None,443 MOUNT PLEASANT RD ,Private,30055059,443,Mount Pleasant Rd,443 Mount Pleasant Rd,M4S 2L8,TO,TO,None,115001,2326208,443,None,,None,4022,"{""coordinates"": [[-79.3861579258027, 43.6999081010803]], ""type"": ""MultiPoint""}"
408,507,523752,GRENOBLE PUBLIC SCHOOL,None,EP,Toronto District School Board,9 GRENOBLE DR ,English Public,523752,9,Grenoble Dr,9 Grenoble Dr,M3C 1C3,NY,NY,Grenoble Public School,115001,30140303,9,None,,None,5756,"{""coordinates"": [[-79.3327597513647, 43.7154310882437]], ""type"": ""MultiPoint""}"
409,508,398141,GREY OWL JR PUBLIC SCHOOL,None,EP,Toronto District School Board,150 WICKSON TRL ,English Public,398141,150,Wickson Trl,150 Wickson Trl,M1B 1M4,SC,SC,Grey Owl Junior Public School,115001,104613,150,None,,None,9227,"{""coordinates"": [[-79.2133003232257, 43.8039892965967]], ""type"": ""MultiPoint""}"
410,509,4166113,GUILDWOOD JR PUBLIC SCHOOL,None,EP,Toronto District School Board,225 LIVINGSTON RD ,English Public,4166113,225,Livingston Rd,225 Livingston Rd,M1E 1L8,SC,SC,Guildwood Junior Public School,115001,60008822,225,None,,None,8348,"{""coordinates"": [[-79.1999866713576, 43.750821071128]], ""type"": ""MultiPoint""}"
411,510,13967820,GULFSTREAM PUBLIC SCHOOL ,None,EP,Toronto District School Board,20 GULFSTREAM RD ,English Public,13967820,20,Gulfstream Rd,20 Gulfstream Rd,M9M 1S3,NY,NY,Gulfstream Public School,115001,442891,20,None,,None,5766,"{""coordinates"": [[-79.5420098021244, 43.7390779789322]], ""type"": ""MultiPoint""}"
412,511,361168,H A HALBERT JR PUBLIC SCHOOL,None,EP,Toronto District School Board,25 HALBERT PL ,English Public,361168,25,Halbert Pl,25 Halbert Pl,M1M 0E1,SC,SC,H. A. Halbert Junior Public School,115001,111483,25,None,,None,8056,"{""coordinates"": [[-79.2317360671938, 43.7276495960022]], ""type"": ""MultiPoint""}"
413,512,7074422,H J ALEXANDER COMMUNITY SCHOOL,None,EP,Toronto District School Board,30 KING ST ,English Public,7074422,30,King St,30 King St,M9N 1K9,YK,YK,H. J. Alexander Community School,115001,7074419,30,None,,None,9748,"{""coordinates"": [[-79.5202286163034, 43.7023994674705]], ""type"": ""MultiPoint""}"
414,513,13503297,HANSON COLLEGE,None,PR,None,211 CONSUMERS RD ,Private,13503297,211,Consumers Rd,211 Consumers Rd,M2J 4G8,NY,NY,None,115001,438551,211,None,,None,5264,"{""coordinates"": [[-79.331929824598, 43.7718059387758]], ""type"": ""MultiPoint""}"
415,514,9344971,HARBORD COLLEGIATE INSTITUTE,None,EP,Toronto District School Board,286 HARBORD ST ,English Public,9344971,286,Harbord St,286 Harbord St,M6G 1G5,TO,TO,Harbord Collegiate Institute,115001,30074125,286,None,,None,3605,"{""coordinates"": [[-79.4142666153396, 43.6612895164804]], ""type"": ""MultiPoint""}"
416,515,525261,HARRISON PUBLIC SCHOOL,None,EP,Toronto District School Board,81 HARRISON RD ,English Public,525261,81,Harrison Rd,81 Harrison Rd,M2L 1V9,NY,NY,Harrison Public School,115001,440270,81,None,,None,5792,"{""coordinates"": [[-79.3773086129257, 43.7573684747214]], ""type"": ""MultiPoint""}"
417,516,66887,HARWOOD PUBLIC SCHOOL,None,EP,Toronto District School Board,50 LEIGH ST ,English Public,66887,50,Leigh St,50 Leigh St,M6N 3X3,YK,YK,Harwood Public School,115001,30098556,50,None,,None,736,"{""coordinates"": [[-79.4784124771008, 43.6761859127687]], ""type"": ""MultiPoint""}"
418,517,14077730,HAVERGAL COLLEGE SR SCHOOL,None,PR,None,1451 AVENUE RD ,Private,14077730,1451,Avenue Rd,1451 Avenue Rd,M5N 2H9,TO,TO,None,115001,444986,1451,None,,None,2924,"{""coordinates"": [[-79.4137176064613, 43.7203577469251]], ""type"": ""MultiPoint""}"
419,518,14077731,HAVERGAL JR SCHOOL,None,PR,None,460 ROSEWELL AVE ,Private,14077731,460,Rosewell Ave,460 Rosewell Ave,M4R 2H5,TO,TO,None,115001,8566546,460,None,,None,4323,"{""coordinates"": [[-79.4128523444892, 43.7208588651745]], ""type"": ""MultiPoint""}"
420,519,559940,HAWTHORN SCHOOL FOR GIRLS,None,PR,None,101 SCARSDALE RD ,Private,559940,101,Scarsdale Rd,101 Scarsdale Rd,M3B 2R2,NY,NY,None,115001,30084194,101,None,,None,6662,"{""coordinates"": [[-79.3547814075086, 43.7515555826202]], ""type"": ""MultiPoint""}"
421,520,386802,HEATHER HEIGHTS JR & BEN HEPPNER VM ACADEMY,None,EP,Toronto District School Board,80 SLAN AVE ,English Public,386802,80,Slan Ave,80 Slan Ave,M1G 3B5,SC,SC,Heather Heights Junior Public School,115001,107600,80,None,,None,8966,"{""coordinates"": [[-79.2150687264433, 43.7751558784252]], ""type"": ""MultiPoint""}"
422,521,369701,HENRY HUDSON SR PUBLIC SCHOOL,None,EP,Toronto District School Board,350 ORTON PARK RD ,English Public,369701,350,Orton Park Rd,350 Orton Park Rd,M1G 3H4,SC,SC,Henry Hudson Senior Public School,115001,107222,350,None,,None,8622,"{""coordinates"": [[-79.2144673665189, 43.7777371786683]], ""type"": ""MultiPoint""}"
423,522,6321693,HENRY KELSEY SR PUBLIC SCHOOL,None,EP,Toronto District School Board,1200 HUNTINGWOOD DR ,English Public,6321693,1200,Huntingwood Dr,1200 Huntingwood Dr,M1S 1K7,SC,SC,Henry Kelsey Senior Public School,115001,30002255,1200,None,,None,8150,"{""coordinates"": [[-79.2770232222959, 43.7988176895396]], ""type"": ""MultiPoint""}"
424,523,11415007,HERITAGE INNOVATION SCHOOL,None,PR,None,95-105 MOATFIELD DR ,Private,11415007,95,Moatfield Dr,95 Moatfield Dr,M3B 3L6,NY,NY,None,115001,11415001,95,None,,None,6235,"{""coordinates"": [[-79.3507514824564, 43.7594912715551]], ""type"": ""MultiPoint""}"
425,524,9246459,HERITAGE PARK PUBLIC SCHOOL ,None,EP,Toronto District School Board,80 OLD FINCH AVE ,English Public,9246459,80,Old Finch Ave,80 Old Finch Ave,M1B 5J2,SC,SC,Heritage Park Public School,115001,30074026,80,None,,None,10252,"{""coordinates"": [[-79.207720158593, 43.8213508850921]], ""type"": ""MultiPoint""}"
426,525,6350039,HEYDON PARK SECONDARY SCHOOL,None,EP,Toronto District School Board,70 D'ARCY ST ,English Public,6350039,70,D'Arcy St,70 D'Arcy St,M5T 1K1,TO,TO,Heydon Park Secondary School,115001,6349994,70,None,,None,3262,"{""coordinates"": [[-79.394534752422, 43.6549646089495]], ""type"": ""MultiPoint""}"
427,526,820461,HIGH PARK GARDENS MONTESSORI SCHOOL,None,PR,None,35 HIGH PARK GDNS ,Private,820461,35,High Park Gdns,35 High Park Gdns,M6R 1S8,TO,TO,None,115001,1145821,35,None,,None,3662,"{""coordinates"": [[-79.4573915228873, 43.6486406468332]], ""type"": ""MultiPoint""}"
428,527,363718,HIGHCASTLE PUBLIC SCHOOL,None,EP,Toronto District School Board,370 MILITARY TRL ,English Public,363718,370,Military Trl,370 Military Trl,M1E 4E6,SC,SC,Highcastle Public School,115001,106480,370,None,,None,8501,"{""coordinates"": [[-79.2124956285055, 43.7867616021878]], ""type"": ""MultiPoint""}"
429,528,1020028,HIGHFIELD JR SCHOOL,None,EP,Toronto District School Board,85 MOUNT OLIVE DR ,English Public,1020028,85,Mount Olive Dr,85 Mount Olive Dr,M9V 2C9,ET,ET,Highfield Junior School,115001,906730,85,None,,None,2145,"{""coordinates"": [[-79.5891451714213, 43.7458920486043]], ""type"": ""MultiPoint""}"
430,529,363876,HIGHLAND CREEK PUBLIC SCHOOL ,None,EP,Toronto District School Board,1410 MILITARY TRL ,English Public,363876,1410,Military Trl,1410 Military Trl,M1C 1A8,SC,SC,Highland Creek Public School,115001,106744,1410,None,,None,8501,"{""coordinates"": [[-79.1784462927192, 43.7835009010173]], ""type"": ""MultiPoint""}"
431,530,4812502,HIGHLAND HEIGHTS JR PUBLIC SCHOOL AND JEAN AUGUSTINE GIRLS ACADEMY,None,EP,Toronto District School Board,35 GLENDOWER CRCT ,English Public,4812502,35,Glendower Crct,35 Glendower Crct,M1T 2Z3,SC,SC,Highland Heights Junior Public School,115001,4812493,35,None,,None,11111,"{""coordinates"": [[-79.3002623454523, 43.7944199052402]], ""type"": ""MultiPoint""}"
432,531,4786681,HIGHLAND MIDDLE SCHOOL ,None,EP,Toronto District School Board,201 CLIFFWOOD RD ,English Public,4786681,201,Cliffwood Rd,201 Cliffwood Rd,M2H 3B5,NY,NY,Highland Middle School,115001,30100875,201,None,,None,5225,"{""coordinates"": [[-79.3554480856806, 43.8068603785032]], ""type"": ""MultiPoint""}"
433,532,2119836,HIGHVIEW PUBLIC SCHOOL,None,EP,Toronto District School Board,22 HIGHVIEW AVE ,English Public,2119836,22,Highview Ave,22 Highview Ave,M3M 1C4,NY,NY,Highview Public School,115001,14610668,22,None,,None,5835,"{""coordinates"": [[-79.4972302699958, 43.7219510502744]], ""type"": ""MultiPoint""}"
434,533,821864,HILLCREST COMMUNITY SCHOOL,None,EP,Toronto District School Board,44 HILTON AVE ,English Public,821864,44,Hilton Ave,44 Hilton Ave,M5R 3E6,TO,TO,Hillcrest Community School,115001,1140608,44,None,,None,3683,"{""coordinates"": [[-79.4158447800033, 43.6790424542588]], ""type"": ""MultiPoint""}"
435,534,542014,HILLMOUNT PUBLIC SCHOOL,None,EP,Toronto District School Board,245 MCNICOLL AVE ,English Public,542014,245,McNicoll Ave,245 McNicoll Ave,M2H 2C6,NY,NY,Hillmount Public School,115001,436436,245,None,,None,6195,"{""coordinates"": [[-79.3507265117258, 43.7994075938642]], ""type"": ""MultiPoint""}"
436,535,13497250,HILLSIDE OUTDOOR EDUCATION SCHOOL ,None,EP,Toronto District School Board,2259 MEADOWVALE RD ,English Public,13497250,2259,Meadowvale Rd,2259 Meadowvale Rd,M1X 1R2,SC,SC,None,115001,102945,2259,None,,None,8470,"{""coordinates"": [[-79.1790367956113, 43.8276689812907]], ""type"": ""MultiPoint""}"
437,536,1039711,HILLTOP MDL SCHOOL ,None,EP,Toronto District School Board,35 TREHORNE DR ,English Public,1039711,35,Trehorne Dr,35 Trehorne Dr,M9P 1N8,ET,ET,Hilltop Middle School,115001,908943,35,None,,None,2653,"{""coordinates"": [[-79.53306700719, 43.6894627380415]], ""type"": ""MultiPoint""}"
438,537,7324242,HODGSON MIDDLE SCHOOL,None,EP,Toronto District School Board,282 DAVISVILLE AVE ,English Public,7324242,282,Davisville Ave,282 Davisville Ave,M4S 1H2,TO,TO,Hodgson Middle School,115001,7324227,282,None,,None,3271,"{""coordinates"": [[-79.3847932929072, 43.7010950019854]], ""type"": ""MultiPoint""}"
439,538,1027148,HOLLYCREST MDL SCHOOL,None,EP,Toronto District School Board,630 RENFORTH DR ,English Public,1027148,630,Renforth Dr,630 Renforth Dr,M9C 2N6,ET,ET,Hollycrest Middle School,115001,910965,630,None,,None,2353,"{""coordinates"": [[-79.5827078548947, 43.656104223852]], ""type"": ""MultiPoint""}"
440,539,528255,HOLLYWOOD PUBLIC SCHOOL,None,EP,Toronto District School Board,360 HOLLYWOOD AVE ,English Public,528255,360,Hollywood Ave,360 Hollywood Ave,M2N 3L4,NY,NY,Hollywood Public School,115001,438817,360,None,,None,5854,"{""coordinates"": [[-79.3918291306292, 43.7705185087478]], ""type"": ""MultiPoint""}"
441,540,7667021,HOLY ANGELS CATHOLIC ELEMENTARY,None,ES,Toronto Catholic District School Board,65 JUTLAND RD ,English Separate,7667021,65,Jutland Rd,65 Jutland Rd,M8Z 2G6,ET,ET,Holy Angels Catholic School,115001,7667011,65,None,,None,1889,"{""coordinates"": [[-79.517657260195, 43.6284092590616]], ""type"": ""MultiPoint""}"
442,541,7792249,HOLY ANGELS CATHOLIC SCHOOL,None,ES,Toronto Catholic District School Board,100 ALLANHURST DR ,English Separate,7792249,100,Allanhurst Dr,100 Allanhurst Dr,M9A 4K4,ET,ET,Leonardo Da Vinci Academy,115001,7792240,100,None,,None,1031,"{""coordinates"": [[-79.5194735178589, 43.6801476371998]], ""type"": ""MultiPoint""}"
443,542,12551948,HOLY CHILD CATHOLIC ELEMENTARY SCHOOL ,None,ES,Toronto Catholic District School Board,850 HUMBERWOOD BLVD ,English Separate,12551948,850,Humberwood Blvd,850 Humberwood Blvd,M9W 7A6,ET,ET,Humberwood Downs Junior Middle Academy,115001,30003276,850,None,,None,10534,"{""coordinates"": [[-79.6191818734033, 43.7288858667834]], ""type"": ""MultiPoint""}"
444,543,6208930,HOLY CROSS CATHOLIC ELEMENTARY SCHOOL,None,ES,Toronto Catholic District School Board,299A DONLANDS AVE ,English Separate,6208930,299A,Donlands Ave,299A Donlands Ave,M4J 3R7,EY,EY,Holy Cross Catholic Secondary School,115001,14646499,299,A,,None,109,"{""coordinates"": [[-79.3406763525746, 43.6899875599376]], ""type"": ""MultiPoint""}"
445,544,8322307,HOLY FAMILY CATHOLIC ELEMENTARY SCHOOL,None,ES,Toronto Catholic District School Board,141 CLOSE AVE ,English Separate,8322307,141,Close Ave,141 Close Ave,M6K 2V6,TO,TO,Holy Family Community Centre,115001,30018006,141,None,,None,3186,"{""coordinates"": [[-79.4347122849581, 43.6388275584139]], ""type"": ""MultiPoint""}"
446,545,780044,HOLY NAME CATHOLIC ELEMENTARY SCHOOL,None,ES,Toronto Catholic District School Board,690 CARLAW AVE ,English Separate,780044,690,Carlaw Ave,690 Carlaw Ave,M4K 3K9,TO,TO,Holy Name Catholic School,115001,1140796,690,None,,None,56,"{""coordinates"": [[-79.3472848350961, 43.6773475019697]], ""type"": ""MultiPoint""}"
447,546,75026,HOLY ROSARY CATHOLIC ELEMENTARY SCHOOL,None,ES,Toronto Catholic District School Board,308 TWEEDSMUIR AVE ,English Separate,75026,308,Tweedsmuir Ave,308 Tweedsmuir Ave,M5P 2Y1,YK,YK,Holy Rosary Catholic School,115001,8594,308,None,,None,919,"{""coordinates"": [[-79.4140516961036, 43.6849850727211]], ""type"": ""MultiPoint""}"
448,547,6292601,HOLY SPIRIT CATHOLIC ELEMENTARY SCHOOL,None,ES,Toronto Catholic District School Board,3530 SHEPPARD AVE E,English Separate,6292601,3530,Sheppard Ave E,3530 Sheppard Ave E,M1T 3K7,SC,SC,Holy Spirit Catholic School,115001,6292597,3530,None,,None,6698,"{""coordinates"": [[-79.302695673123, 43.7812935995392]], ""type"": ""MultiPoint""}"
449,548,14198348,HOPE ACADEMY,None,PR,None,6807 STEELES AVE W,Private,14198348,6807,Steeles Ave W,6807 Steeles Ave W,M9V 4R9,ET,ET,Westview Community Church,115001,14659961,6807,None,,None,2526,"{""coordinates"": [[-79.6110518646011, 43.7555677521836]], ""type"": ""MultiPoint""}"
450,549,8594462,HOWARD JR PUBLIC SCHOOL ,None,EP,Toronto District School Board,30 MARMADUKE ST ,English Public,8594462,30,Marmaduke St,30 Marmaduke St,M6R 1T2,TO,TO,Howard Junior Public School,115001,14017434,30,None,,None,3930,"{""coordinates"": [[-79.4522720930996, 43.650426312651]], ""type"": ""MultiPoint""}"
451,550,8408617,HOWLETT ACADEMY SCHOOL,None,PR,None,15 MADISON AVE ,Private,8408617,15,Madison Ave,15 Madison Ave,M5R 2S2,TO,TO,None,115001,30104520,15,None,,None,3896,"{""coordinates"": [[-79.402759744916, 43.6679626847846]], ""type"": ""MultiPoint""}"
452,551,9780024,HUDSON COLLEGE,None,PR,None,21 ASCOT AVE ,Private,9780024,21,Ascot Ave,21 Ascot Ave,M6E 1E6,TO,TO,Hudson School,115001,14015702,21,None,,None,2904,"{""coordinates"": [[-79.4445207404206, 43.6796913568917]], ""type"": ""MultiPoint""}"
453,552,30110924,HUMBER COLLEGE - INTERNATIONAL GRADUATE SCHOOL,None,C,None,59 HAYDEN ST ,College,30110924,59,Hayden St,59 Hayden St,M4Y 0E7,TO,TO,None,115001,30111094,59,None,,None,3626,"{""coordinates"": [[-79.3838821166375, 43.6697694215191]], ""type"": ""MultiPoint""}"
454,553,1013462,HUMBER COLLEGE SCHOOL - LAKESHORE CAMPUS,None,C,None,3199 LAKE SHORE BLVD W,College,1013462,3199,Lake Shore Blvd W,3199 Lake Shore Blvd W,M8V 1K8,ET,ET,None,115001,914611,3199,None,,None,1962,"{""coordinates"": [[-79.5203039257393, 43.596996813344]], ""type"": ""MultiPoint""}"
455,554,12387605,HUMBER COLLEGE SCHOOL - NORTH CAMPUS,None,C,None,205 HUMBER COLLEGE BLVD ,College,12387605,205,Humber College Blvd,205 Humber College Blvd,M9W 5L7,ET,ET,Humber College Athletic Centre,115001,20232386,205,None,,None,1827,"{""coordinates"": [[-79.6068398627386, 43.7291665492499]], ""type"": ""MultiPoint""}"
456,555,11272401,HUMBER COLLEGE SCHOOL - POWER BOATING AND SAILING SCHOOL ,None,C,None,100 HUMBER BAY PARK RD W,College,11272401,100,Humber Bay Park Rd W,100 Humber Bay Park Rd W,M8V 3X7,ET,ET,Humber Bay Park East,115001,30040668,100,None,,None,10882,"{""coordinates"": [[-79.4810845355186, 43.618778861116]], ""type"": ""MultiPoint""}"
457,556,20029617,HUMBER COLLEGE SCHOOL - UNIVERSITY OF GUELPH BLDG,None,C,None,207 HUMBER COLLEGE BLVD ,College,20029617,207,Humber College Blvd,207 Humber College Blvd,None,ET,ET,University of Guelph Campus,115001,20232386,207,None,,None,1827,"{""coordinates"": [[-79.60587202711, 43.728202085158]], ""type"": ""MultiPoint""}"
458,557,10392311,HUMBER SUMMIT MDL SCHOOL,None,EP,Toronto District School Board,60 PEARLDALE AVE ,English Public,10392311,60,Pearldale Ave,60 Pearldale Ave,M9L 2G9,NY,NY,Humber Summit Middle School,115001,10392312,60,None,,None,6399,"{""coordinates"": [[-79.564522188693, 43.7505647535485]], ""type"": ""MultiPoint""}"
459,558,1006145,HUMBER VALLEY VILLAGE JR MDL SCHOOL,None,EP,Toronto District School Board,65 HARTFIELD RD ,English Public,1006145,65,Hartfield Rd,65 Hartfield Rd,M9A 3E1,ET,ET,Humber Valley Village Junior Middle School,115001,910218,65,None,,None,1763,"{""coordinates"": [[-79.5265666084256, 43.6654435061721]], ""type"": ""MultiPoint""}"
460,559,74152,HUMBERCREST PUBLIC SCHOOL ,None,EP,Toronto District School Board,14 ST MARK'S RD ,English Public,74152,14,St Mark's Rd,14 St Mark's Rd,M6S 2H7,YK,YK,Humbercrest Public School,115001,9485,14,None,,None,894,"{""coordinates"": [[-79.4910553735324, 43.6604526501243]], ""type"": ""MultiPoint""}"
461,560,7472009,HUMBERSIDE COLLEGIATE INSTITUTE,None,EP,Toronto District School Board,280 QUEBEC AVE ,English Public,7472009,280,Quebec Ave,280 Quebec Ave,M6P 2V3,TO,TO,Humberside Collegiate Institute,115001,7471991,280,None,,None,4236,"{""coordinates"": [[-79.4706428031364, 43.6599427156923]], ""type"": ""MultiPoint""}"
462,561,10250056,HUMBERSIDE MONTESSORI SCHOOL,None,PR,None,121 KENNEDY AVE ,Private,10250056,121,Kennedy Ave,121 Kennedy Ave,M6S 2X8,TO,TO,None,115001,30145837,121,None,,None,3764,"{""coordinates"": [[-79.4749114880043, 43.650861753789]], ""type"": ""MultiPoint""}"
463,562,12551948,HUMBERWOOD DOWNS JR MDL ACADEMY,None,EP,Toronto District School Board,850 HUMBERWOOD BLVD ,English Public,12551948,850,Humberwood Blvd,850 Humberwood Blvd,M9W 7A6,ET,ET,Humberwood Downs Junior Middle Academy,115001,30003276,850,None,,None,10534,"{""coordinates"": [[-79.6191818734033, 43.7288858667834]], ""type"": ""MultiPoint""}"
464,563,55237,HUMEWOOD COMMUNITY SCHOOL ,None,EP,Toronto District School Board,15 CHERRYWOOD AVE ,English Public,55237,15,Cherrywood Ave,15 Cherrywood Ave,M6C 2X4,YK,YK,Humewood Community School,115001,8534,15,None,,None,499,"{""coordinates"": [[-79.4280204516617, 43.6866350930218]], ""type"": ""MultiPoint""}"
465,564,341682,HUNTER'S GLEN JR PUBLIC SCHOOL ,None,EP,Toronto District School Board,16 HAILEYBURY DR ,English Public,341682,16,Haileybury Dr,16 Haileybury Dr,M1K 4X5,SC,SC,Hunter's Glen Junior Public School,115001,30073938,16,None,,None,8054,"{""coordinates"": [[-79.2601219894519, 43.7457122545676]], ""type"": ""MultiPoint""}"
466,565,7974431,HURON STREET JR PUBLIC SCHOOL ,None,EP,Toronto District School Board,541 HURON ST ,English Public,7974431,541,Huron St,541 Huron St,M5R 2R6,TO,TO,Huron Street Junior Public School,115001,7974421,541,None,,None,3716,"{""coordinates"": [[-79.4024215880623, 43.6705755099718]], ""type"": ""MultiPoint""}"
467,566,489054,IMAM ALI ISLAMIC CENTRE AND AL HAADI ACADEMY SCHOOL,None,PR,None,120 BERMONDSEY RD ,Private,489054,120,Bermondsey Rd,120 Bermondsey Rd,M4A 1X5,NY,NY,None,115001,444998,120,None,,None,31,"{""coordinates"": [[-79.314609135376, 43.7177128215758]], ""type"": ""MultiPoint""}"
468,567,501943,IMMACULATE CONCEPTION CATHOLIC ELEMENTARY SCHOOL,None,ES,Toronto Catholic District School Board,23 COMAY RD ,English Separate,501943,23,Comay Rd,23 Comay Rd,M6M 2K9,NY,NY,Immaculate Conception Catholic School,115001,30097795,23,None,,None,520,"{""coordinates"": [[-79.4778216965409, 43.6976801383094]], ""type"": ""MultiPoint""}"
469,568,308238,IMMACULATE HEART OF MARY CATHOLIC ELEMENTARY SCHOOL,None,ES,Toronto Catholic District School Board,101 BIRCHMOUNT RD ,English Separate,308238,101,Birchmount Rd,101 Birchmount Rd,M1N 3J7,SC,SC,Immaculate Heart of Mary,115001,112858,101,None,,None,7365,"{""coordinates"": [[-79.2624580005311, 43.696144795195]], ""type"": ""MultiPoint""}"
470,569,824662,INDIAN ROAD CRESCENT JR PUBLIC SCHOOL ,None,EP,Toronto District School Board,285 INDIAN ROAD CRES ,English Public,824662,285,Indian Road Cres,285 Indian Road Cres,M6P 2G8,TO,TO,Indian Road Crescent Junior Public School,115001,1143611,285,None,,None,3724,"{""coordinates"": [[-79.4600779001397, 43.6625287329027]], ""type"": ""MultiPoint""}"
471,570,864474,INGLENOOK COMMUNITY SCHOOL ,None,EP,Toronto District School Board,19 SACKVILLE ST ,English Public,864474,19,Sackville St,19 Sackville St,M5A 3E1,TO,TO,Inglenook Community School,115001,1144788,19,None,,None,4353,"{""coordinates"": [[-79.3594007219466, 43.6539752894773]], ""type"": ""MultiPoint""}"
472,571,327534,INGLEWOOD HEIGHTS JR PUBLIC SCHOOL,None,EP,Toronto District School Board,45 DEMPSTER ST ,English Public,327534,45,Dempster St,45 Dempster St,M1T 2T6,SC,SC,Inglewood Heights Junior Public School,115001,107178,45,None,,None,7743,"{""coordinates"": [[-79.2923181525917, 43.7794075284367]], ""type"": ""MultiPoint""}"
473,572,9345075,INSTITUTE OF CANADIAN EDUCATION,None,PR,None,140 LA ROSE AVE ,Private,9345075,140,La Rose Ave,140 La Rose Ave,M9P 1B2,ET,ET,None,115001,9345057,140,None,,None,1949,"{""coordinates"": [[-79.5239498261081, 43.6856250922006]], ""type"": ""MultiPoint""}"
474,573,347910,IONVIEW PUBLIC SCHOOL,None,EP,Toronto District School Board,90 IONVIEW RD ,English Public,347910,90,Ionview Rd,90 Ionview Rd,M1K 2Z9,SC,SC,Ionview Public School,115001,110925,90,None,,None,8175,"{""coordinates"": [[-79.2743179577449, 43.7374516240236]], ""type"": ""MultiPoint""}"
475,574,10313401,IQRA NEJASHI ISLAMIC SCHOOL,None,PR,None,171 MCCORMACK ST ,Private,10313401,171,McCormack St,171 McCormack St,M6N 1X8,YK,YK,None,115001,10313400,171,None,,None,765,"{""coordinates"": [[-79.4791468321821, 43.6750650785359]], ""type"": ""MultiPoint""}"
476,575,318894,IROQUOIS JR PUBLIC SCHOOL ,None,EP,Toronto District School Board,265 CHARTLAND BLVD S,English Public,318894,265,Chartland Blvd S,265 Chartland Blvd S,M1S 2S6,SC,SC,Iroquois Junior Public School,115001,104797,265,None,,None,7566,"{""coordinates"": [[-79.2694408055289, 43.8026801566349]], ""type"": ""MultiPoint""}"
477,576,73838,ISLAMIC EDUCATION GUIDANCE CENTRE,None,PR,None,40 SOUTH STATION ST ,Private,73838,40,South Station St,40 South Station St,M9N 2B3,YK,YK,None,115001,7464,40,None,,None,870,"{""coordinates"": [[-79.5169267058643, 43.7010230242816]], ""type"": ""MultiPoint""}"
478,577,7561058,ISLAMIC FOUNDATION SCHOOL,None,PR,None,441 NUGGET AVE ,Private,7561058,441,Nugget Ave,441 Nugget Ave,M1S 5E1,SC,SC,Islamic Foundation,115001,7561024,441,None,,None,11074,"{""coordinates"": [[-79.24174923157, 43.7979783592912]], ""type"": ""MultiPoint""}"
479,578,14651578,ISLAMIC INSTITUTE OF TORONTO ACADEMY SCHOOL,None,PR,None,1630 NEILSON RD ,Private,14651578,1630,Neilson Rd,1630 Neilson Rd,M1X 1S3,SC,SC,None,115001,103531,1630,None,,None,8574,"{""coordinates"": [[-79.2298328214722, 43.8187301827992]], ""type"": ""MultiPoint""}"
480,579,14258202,ISLAND PUBLIC NATURAL SCIENCE SCHOOL,None,EP,Toronto District School Board,30 CENTRE ISLAND PK ,English Public,14258202,30,Centre Island Pk,30 Centre Island Pk,M5J 2E9,TO,TO,None,115001,1147832,30,None,,None,17507,"{""coordinates"": [[-79.3783881351182, 43.6157002778621]], ""type"": ""MultiPoint""}"
481,580,994430,ISLINGTON JR MDL SCHOOL ,None,EP,Toronto District School Board,44 CORDOVA AVE ,English Public,994430,44,Cordova Ave,44 Cordova Ave,M9A 2H5,ET,ET,Islington Junior Middle School,115001,911431,44,None,,None,1386,"{""coordinates"": [[-79.5279466910799, 43.6474828161727]], ""type"": ""MultiPoint""}"
482,581,322672,J B TYRRELL SR PUBLIC SCHOOL,None,EP,Toronto District School Board,10 CORINTHIAN BLVD ,English Public,322672,10,Corinthian Blvd,10 Corinthian Blvd,M1W 1B3,SC,SC,J.B. Tyrell Public School,115001,106292,10,None,,None,7651,"{""coordinates"": [[-79.3241750662902, 43.7888787686407]], ""type"": ""MultiPoint""}"
483,582,4503984,J G WORKMAN PUBLIC SCHOOL,None,EP,Toronto District School Board,487 BIRCHMOUNT RD ,English Public,4503984,487,Birchmount Rd,487 Birchmount Rd,M1K 1N7,SC,SC,J. G. Workman Public School,115001,4503983,487,None,,None,7365,"{""coordinates"": [[-79.2671279279676, 43.7071912568456]], ""type"": ""MultiPoint""}"
484,583,51261,J R WILCOX COMMUNITY SCHOOL,None,EP,Toronto District School Board,231 AVA RD ,English Public,51261,231,Ava Rd,231 Ava Rd,M6C 1X3,YK,YK,J. R. Wilcox Community School,115001,7726,231,None,,None,418,"{""coordinates"": [[-79.4363052648149, 43.6949467937453]], ""type"": ""MultiPoint""}"
485,584,341468,JACK MINER SR PUBLIC SCHOOL,None,EP,Toronto District School Board,405 GUILDWOOD PKWY ,English Public,341468,405,Guildwood Pkwy,405 Guildwood Pkwy,M1E 1R3,SC,SC,Jack Miner Senior Public School,115001,109865,405,None,,None,8047,"{""coordinates"": [[-79.186968339472, 43.749688633648]], ""type"": ""MultiPoint""}"
486,585,825367,JACKMAN AVENUE JR PUBLIC SCHOOL,None,EP,Toronto District School Board,79 JACKMAN AVE ,English Public,825367,79,Jackman Ave,79 Jackman Ave,M4K 2X5,TO,TO,Jackman Avenue Junior Public School,115001,1140144,79,None,,None,205,"{""coordinates"": [[-79.3539353612732, 43.6806502154921]], ""type"": ""MultiPoint""}"
487,586,2377004,JACKMAN INSTITUTE OF CHILD STUDY ELEMENTARY SCHOOL,None,U,None,45 WALMER RD ,University,2377004,45,Walmer Rd,45 Walmer Rd,M5R 2X2,TO,TO,None,115001,2377001,45,None,,None,940,"{""coordinates"": [[-79.4058754979902, 43.6696130765179]], ""type"": ""MultiPoint""}"
488,587,515997,JAMES CARDINAL MCGUIGAN CATHOLIC HIGH SCHOOL,None,ES,Toronto Catholic District School Board,1440 FINCH AVE W,English Separate,515997,1440,Finch Ave W,1440 Finch Ave W,M3J 3G3,NY,NY,James Cardinal McGuigan School,115001,439769,1440,None,,None,1610,"{""coordinates"": [[-79.4937985997307, 43.7632895737898]], ""type"": ""MultiPoint""}"
489,588,10561021,JAMES CULNAN CATHOLIC ELEMENTARY SCHOOL,None,ES,Toronto Catholic District School Board,605 WILLARD AVE ,English Separate,10561021,605,Willard Ave,605 Willard Ave,M6S 3S1,YK,YK,James Culnan Catholic School,115001,10560970,605,None,,None,957,"{""coordinates"": [[-79.4855842504847, 43.6611071189691]], ""type"": ""MultiPoint""}"
490,589,7287731,JAMES S BELL JR MDL SPORTS AND WELLNESS ACADEMY,None,EP,Toronto District School Board,90 THIRTY FIRST ST ,English Public,7287731,90,Thirty First St,90 Thirty First St,M8W 3E9,ET,ET,James S Bell Junior Middle Sports and Wellness Academy,115001,7287729,90,None,,None,2615,"{""coordinates"": [[-79.5301917018794, 43.5943542260396]], ""type"": ""MultiPoint""}"
491,590,6522646,JARVIS COLLEGIATE INSTITUTE,None,EP,Toronto District School Board,495 JARVIS ST ,English Public,6522646,495,Jarvis St,495 Jarvis St,M4Y 2G8,TO,TO,Jarvis Collegiate Institute,115001,6522648,495,None,,None,3741,"{""coordinates"": [[-79.3777587671164, 43.6660913938656]], ""type"": ""MultiPoint""}"
492,591,30114323,JEAN LUMB PUBLIC SCHOOL,None,EP,Toronto District School Board,20 BRUNEL CRT ,English Public,30114323,20,Brunel Crt,20 Brunel Crt,M5V 0R5,TO,TO,None,115001,20035049,20,None,,None,18312,"{""coordinates"": [[-79.3942756638905, 43.639270767533]], ""type"": ""MultiPoint""}"
493,592,7979412,JESSE KETCHUM JR & SR PUBLIC SCHOOL,None,EP,Toronto District School Board,61 DAVENPORT RD ,English Public,7979412,61,Davenport Rd,61 Davenport Rd,M5R 1H4,TO,TO,Jesse Ketchum Junior and Senior Public School,115001,7979413,61,None,,None,3269,"{""coordinates"": [[-79.3921392257859, 43.6729826224861]], ""type"": ""MultiPoint""}"
494,593,363191,JOHN A LESLIE PUBLIC SCHOOL ,None,EP,Toronto District School Board,459 MIDLAND AVE ,English Public,363191,459,Midland Ave,459 Midland Ave,M1N 4A7,SC,SC,John A. Leslie Public School,115001,112075,459,None,,None,8496,"{""coordinates"": [[-79.2490593761566, 43.7141086801971]], ""type"": ""MultiPoint""}"
495,594,9668671,JOHN BUCHAN SR & STEPHEN LEACOCK C.I.,None,EP,Toronto District School Board,2450 BIRCHMOUNT RD ,English Public,9668671,2450,Birchmount Rd,2450 Birchmount Rd,M1T 2M5,SC,SC,Stephen Leacock Collegiate Institute,115001,30000677,2450,None,,None,7365,"{""coordinates"": [[-79.3021342614181, 43.7851820434334]], ""type"": ""MultiPoint""}"
496,595,1020094,JOHN D PARKER JR SCHOOL,None,EP,Toronto District School Board,202 MOUNT OLIVE DR ,English Public,1020094,202,Mount Olive Dr,202 Mount Olive Dr,M9V 3Z5,ET,ET,John D Parker Junior School,115001,906556,202,None,,None,2145,"{""coordinates"": [[-79.5964455179149, 43.7533579130158]], ""type"": ""MultiPoint""}"
497,596,7561025,JOHN ENGLISH JR MDL SCHOOL ,None,EP,Toronto District School Board,95 MIMICO AVE ,English Public,7561025,95,Mimico Ave,95 Mimico Ave,M8V 1R4,ET,ET,John English Junior Middle School,115001,7561026,95,None,,None,2119,"{""coordinates"": [[-79.4944180034274, 43.6118557338467]], ""type"": ""MultiPoint""}"
498,597,11541855,JOHN FISHER JR PUBLIC SCHOOL ,None,EP,Toronto District School Board,40 ERSKINE AVE ,English Public,11541855,40,Erskine Ave,40 Erskine Ave,M4P 1Y2,TO,TO,John Fisher Junior Public School,115001,11541837,40,None,,None,3407,"{""coordinates"": [[-79.3976720954234, 43.711717740145]], ""type"": ""MultiPoint""}"
499,598,10512731,JOHN G ALTHOUSE MDL SCHOOL,None,EP,Toronto District School Board,130 LLOYD MANOR RD ,English Public,10512731,130,Lloyd Manor Rd,130 Lloyd Manor Rd,M9B 5K1,ET,ET,John G. Althouse Middle School,115001,10512725,130,None,,None,2008,"{""coordinates"": [[-79.5540087673011, 43.6683053235247]], ""type"": ""MultiPoint""}"
500,599,326649,JOHN G DIEFENBAKER PUBLIC SCHOOL ,None,EP,Toronto District School Board,70 DEAN PARK RD ,English Public,326649,70,Dean Park Rd,70 Dean Park Rd,M1B 2X3,SC,SC,John G Diefenbaker Public School,115001,104641,70,None,,None,7721,"{""coordinates"": [[-79.1718695347637, 43.8022950372656]], ""type"": ""MultiPoint""}"
501,600,6427801,JOHN MCCRAE SR PUBLIC SCHOOL ,None,EP,Toronto District School Board,431 MCCOWAN RD ,English Public,6427801,431,McCowan Rd,431 McCowan Rd,M1J 1J1,SC,SC,John McCrae Public School,115001,14239688,431,None,,None,8454,"{""coordinates"": [[-79.2398865092258, 43.7440442493865]], ""type"": ""MultiPoint""}"
502,601,9234641,JOHN POLANYI COLLEGIATE INSTITUTE,None,EP,Toronto District School Board,640 LAWRENCE AVE W,English Public,9234641,640,Lawrence Ave W,640 Lawrence Ave W,M6A 1B1,NY,NY,John Polanyi Collegiate Institute,115001,9234642,640,None,,None,732,"{""coordinates"": [[-79.439855309525, 43.7178089516362]], ""type"": ""MultiPoint""}"
503,602,812871,JOHN ROSS ROBERTSON JR PUBLIC SCHOOL,None,EP,Toronto District School Board,130 GLENGROVE AVE W,English Public,812871,130,Glengrove Ave W,130 Glengrove Ave W,M4R 1P2,TO,TO,John Ross Robertson Junior Public School,115001,1137988,130,None,,None,3544,"{""coordinates"": [[-79.4088642991292, 43.7183259803294]], ""type"": ""MultiPoint""}"
504,603,13503695,JOHN WANLESS JR PUBLIC SCHOOL,None,EP,Toronto District School Board,245 FAIRLAWN AVE ,English Public,13503695,245,Fairlawn Ave,245 Fairlawn Ave,M5M 1T2,TO,TO,John Wanless Junior Public School,115001,1137725,245,None,,None,3421,"{""coordinates"": [[-79.4120566947699, 43.7288686420148]], ""type"": ""MultiPoint""}"
505,604,8822790,JONES AVENUE ADULT CENTRE,None,EP,Toronto District School Board,540 JONES AVE ,English Public,8822790,540,Jones Ave,540 Jones Ave,M4J 3G9,TO,TO,Caring and Safe School LC4,115001,8822783,540,None,,None,3752,"{""coordinates"": [[-79.3395605756216, 43.6772533084015]], ""type"": ""MultiPoint""}"
506,605,30036190,JOSEPH BRANT SR PUBLIC SCHOOL ,None,EP,Toronto District School Board,270 MANSE RD ,English Public,30036190,270,Manse Rd,270 Manse Rd,M1E 3V4,SC,SC,Joseph Brant Public School,115001,14668450,270,None,,None,8411,"{""coordinates"": [[-79.1754975507903, 43.7670440318193]], ""type"": ""MultiPoint""}"
507,606,398881,JOSEPH HOWE SR PUBLIC SCHOOL ,None,EP,Toronto District School Board,20 WINTER GARDENS TRL ,English Public,398881,20,Winter Gardens Trl,20 Winter Gardens Trl,M1C 3E7,SC,SC,Joseph Howe Senior Public School,115001,106627,20,None,,None,9519,"{""coordinates"": [[-79.13729821037, 43.785807845353]], ""type"": ""MultiPoint""}"
508,607,1043008,JOSYF CARDINAL SLIPYJ CATHOLIC ELEMENTARY SCHOOL,None,ES,Toronto Catholic District School Board,35 WEST DEANE PARK DR ,English Separate,1043008,35,West Deane Park Dr,35 West Deane Park Dr,M9B 2R5,ET,ET,Josyf Cardinal Slipyj Catholic School,115001,910595,35,None,,None,2756,"{""coordinates"": [[-79.5660253980864, 43.6594751992159]], ""type"": ""MultiPoint""}"
509,608,532121,JOYCE PUBLIC SCHOOL,None,EP,Toronto District School Board,26 JOYCE PKWY ,English Public,532121,26,Joyce Pkwy,26 Joyce Pkwy,M6B 2S9,NY,NY,"Joyce Public School, Delo Park",115001,446122,26,None,,None,5927,"{""coordinates"": [[-79.4637574882499, 43.7097753946106]], ""type"": ""MultiPoint""}"
510,609,853872,KAPAPAMAHCHAKWEW - WANDERING SPIRIT SCHOOL & SUBWAY ACADEMY ONE,None,EP,Toronto District School Board,16 PHIN AVE ,English Public,853872,16,Phin Ave,16 Phin Ave,M4J 3T2,TO,TO,Subway Academy I,115001,1140397,16,None,,None,4186,"{""coordinates"": [[-79.3366360566295, 43.6791402347004]], ""type"": ""MultiPoint""}"
511,610,987291,KAREN KAIN SCHOOL OF THE ARTS,None,EP,Toronto District School Board,60 BERL AVE ,English Public,987291,60,Berl Ave,60 Berl Ave,M8Y 3C7,ET,ET,None,115001,912871,60,None,,None,1156,"{""coordinates"": [[-79.5001456127783, 43.6310527117539]], ""type"": ""MultiPoint""}"
512,611,30072460,KCS SENIOR SCHOOL,None,PR,None,2183 LAKE SHORE BLVD W,Private,30072460,2183,Lake Shore Blvd W,2183 Lake Shore Blvd W,M8V 0J2,ET,ET,None,115001,30070016,2183,None,,None,1962,"{""coordinates"": [[-79.4804075230642, 43.6236857022936]], ""type"": ""MultiPoint""}"
513,612,8004943,KEELE ST JR SCHOOL,None,EP,Toronto District School Board,99 MOUNTVIEW AVE ,English Public,8004943,99,Mountview Ave,99 Mountview Ave,M6P 2L5,TO,TO,Keele Street Public School,115001,8004908,99,None,,None,4028,"{""coordinates"": [[-79.4615965745208, 43.6575074742763]], ""type"": ""MultiPoint""}"
514,613,52633,KEELESDALE JR PUBLIC SCHOOL,None,EP,Toronto District School Board,200 BICKNELL AVE ,English Public,52633,200,Bicknell Ave,200 Bicknell Ave,M6M 4G9,YK,YK,Keelesdale Junior Public School,115001,8519,200,None,,None,450,"{""coordinates"": [[-79.4769463100751, 43.6869571004579]], ""type"": ""MultiPoint""}"
515,614,30059351,KENNEDY LINC,None,EP,Toronto District School Board,2907 KENNEDY RD ,English Public,30059351,2907,Kennedy Rd,2907 Kennedy Rd,M1V 1S8,SC,SC,None,115001,9468017,2907,None,,None,8224,"{""coordinates"": [[-79.2973885877476, 43.8036230235786]], ""type"": ""MultiPoint""}"
516,615,332056,KENNEDY PUBLIC SCHOOL,None,EP,Toronto District School Board,20 ELMFIELD CRES ,English Public,332056,20,Elmfield Cres,20 Elmfield Cres,M1V 2Y6,SC,SC,Kennedy Public School,115001,20051349,20,None,,None,7841,"{""coordinates"": [[-79.3081805175917, 43.8188359157905]], ""type"": ""MultiPoint""}"
517,616,2812332,KENSINGTON COMMUNITY SCHOOL,None,EP,Toronto District School Board,401 COLLEGE ST ,English Public,2812332,401,College St,401 College St,M5T 1S9,TO,TO,None,115001,1144329,401,None,,None,9765,"{""coordinates"": [[-79.4057315246338, 43.656397819463]], ""type"": ""MultiPoint""}"
518,617,30028628,KENTON LEARNING CENTRE LINC ,None,EP,Toronto District School Board,34 KENTON DR ,English Public,30028628,34,Kenton Dr,34 Kenton Dr,M2R 2H8,NY,NY,Kenton Learning Centre LINC,115001,30062425,34,None,,None,5956,"{""coordinates"": [[-79.4400572252658, 43.7795492005875]], ""type"": ""MultiPoint""}"
519,618,13973547,KESSER YOSEF,None,PR,None,4116 BATHURST ST ,Private,13973547,4116,Bathurst St,4116 Bathurst St,M3H 3P2,NY,NY,None,115001,30093417,4116,None,,None,436,"{""coordinates"": [[-79.436588603212, 43.7463794183643]], ""type"": ""MultiPoint""}"
520,619,8236907,KEW BEACH JR PUBLIC SCHOOL,None,EP,Toronto District School Board,101 KIPPENDAVIE AVE ,English Public,8236907,101,Kippendavie Ave,101 Kippendavie Ave,M4L 3R3,TO,TO,Kew Beach Junior Public School,115001,8236876,101,None,,None,3790,"{""coordinates"": [[-79.3027273153273, 43.6684642406022]], ""type"": ""MultiPoint""}"
521,620,14624738,KEW PARK MONTESSORI SCHOOL - HIAWATHA,None,PR,None,79 HIAWATHA RD ,Private,14624738,79,Hiawatha Rd,79 Hiawatha Rd,M4L 2X7,TO,TO,None,115001,14023027,79,None,,None,3656,"{""coordinates"": [[-79.3220904093213, 43.6709030436291]], ""type"": ""MultiPoint""}"
522,621,877373,KEYSTONE INTERNATIONAL SCHOOLS,None,PR,None,23 TORONTO ST ,Private,877373,23,Toronto St,23 Toronto St,M5C 2R1,TO,TO,None,115001,14662336,23,None,,None,4556,"{""coordinates"": [[-79.3760593471602, 43.6505909714524]], ""type"": ""MultiPoint""}"
523,622,320282,KHAIRUL UMMAH SCHOOL,None,PR,None,25 CIVIC RD ,Private,320282,25,Civic Rd,25 Civic Rd,M1L 2K6,SC,SC,None,115001,111521,25,None,,None,7594,"{""coordinates"": [[-79.2841109499937, 43.7271075876609]], ""type"": ""MultiPoint""}"
524,623,6355068,KING EDWARD JR & SR PUBLIC SCHOOL,None,ES,Toronto Catholic District School Board,112 LIPPINCOTT ST ,English Separate,6355068,112,Lippincott St,112 Lippincott St,M5S 2P1,TO,TO,King Edward Junior and Senior Public School,115001,20006084,112,None,,None,3857,"{""coordinates"": [[-79.4074089349881, 43.6582441160701]], ""type"": ""MultiPoint""}"
525,624,71098,KING GEORGE JR PUBLIC SCHOOL ,None,EP,Toronto District School Board,25 REXFORD RD ,English Public,71098,25,Rexford Rd,25 Rexford Rd,M6S 2M2,YK,YK,King George Junior Public School,115001,9403,25,None,,None,838,"{""coordinates"": [[-79.4868867512554, 43.6631626874066]], ""type"": ""MultiPoint""}"
526,625,533947,KINGSLAKE PUBLIC SCHOOL,None,EP,Toronto District School Board,90 KINGSLAKE RD ,English Public,533947,90,Kingslake Rd,90 Kingslake Rd,M2J 3E8,NY,NY,Kingslake Public School,115001,437389,90,None,,None,5972,"{""coordinates"": [[-79.3455302477626, 43.7847819082729]], ""type"": ""MultiPoint""}"
527,626,8740071,KINGSLEY PRIMARY SCHOOL,None,PR,None,3962 BLOOR ST W,Private,8740071,3962,Bloor St W,3962 Bloor St W,M9B 1M3,ET,ET,St Matthews Anglican Church,115001,8740062,3962,None,,None,458,"{""coordinates"": [[-79.548944102949, 43.6393811176489]], ""type"": ""MultiPoint""}"
528,627,1045581,KINGSVIEW VILLAGE JR SCHOOL,None,EP,Toronto District School Board,1 YORK RD ,English Public,1045581,1,York Rd,1 York Rd,M9R 3C8,ET,ET,Kingsview Village Junior School,115001,908522,1,None,,None,2832,"{""coordinates"": [[-79.5507891278971, 43.6978666584909]], ""type"": ""MultiPoint""}"
529,628,3125850,KINGSWAY COLLEGE SCHOOL,None,PR,None,4600 DUNDAS ST W,Private,3125850,4600,Dundas St W,4600 Dundas St W,M9A 1A5,ET,ET,St Georges Church,115001,3125849,4600,None,,None,558,"{""coordinates"": [[-79.5212307439395, 43.6569348409188]], ""type"": ""MultiPoint""}"
530,629,1037710,KIPLING COLLEGIATE INSTITUTE ,None,EP,Toronto District School Board,380 THE WESTWAY  ,English Public,1037710,380,The Westway,380 The Westway,M9R 1H4,ET,ET,Kipling Collegiate Institute,115001,909272,380,None,,None,2606,"{""coordinates"": [[-79.5623537178777, 43.685288122965]], ""type"": ""MultiPoint""}"
531,630,8120790,KISOMO LEARNING CENTRE SCHOOL,None,PR,None,15 BETHRIDGE RD ,Private,8120790,15,Bethridge Rd,15 Bethridge Rd,M9W 1M6,ET,ET,None,115001,30107530,15,None,,None,1165,"{""coordinates"": [[-79.5681302841967, 43.7074421542821]], ""type"": ""MultiPoint""}"
532,631,384283,KNOB HILL PUBLIC SCHOOL,None,EP,Toronto District School Board,25 SEMINOLE AVE ,English Public,384283,25,Seminole Ave,25 Seminole Ave,M1J 1M8,SC,SC,Knob Hill Public School,115001,110291,25,None,,None,8917,"{""coordinates"": [[-79.2497850291991, 43.7452922846894]], ""type"": ""MultiPoint""}"
533,632,559929,LA CITADELLE INTERNATIONAL ACADEMY OF ARTS & SCIENCES,None,PR,None,36 SCARSDALE RD ,Private,559929,36,Scarsdale Rd,36 Scarsdale Rd,M3B 2R7,NY,NY,None,115001,30084194,36,None,,None,6662,"{""coordinates"": [[-79.3547074371078, 43.747459293036]], ""type"": ""MultiPoint""}"
534,633,1011402,LAKESHORE COLLEGIATE INSTITUTE,None,EP,Toronto District School Board,350 KIPLING AVE ,English Public,1011402,350,Kipling Ave,350 Kipling Ave,M8V 3L1,ET,ET,Lakeshore Collegiate Institute,115001,914446,350,None,,None,1935,"{""coordinates"": [[-79.5191606370668, 43.6015634242313]], ""type"": ""MultiPoint""}"
535,634,2921932,LAKESHORE LINC CENTRE,None,ES,Toronto Catholic District School Board,2275 LAKE SHORE BLVD W,English Separate,2921932,2275,Lake Shore Blvd W,2275 Lake Shore Blvd W,M8V 3Y3,ET,ET,None,115001,30147305,2275,None,,None,1962,"{""coordinates"": [[-79.4853380484988, 43.619566533109]], ""type"": ""MultiPoint""}"
536,635,534646,LAMBERTON PUBLIC SCHOOL ,None,EP,Toronto District School Board,33 LAMBERTON BLVD ,English Public,534646,33,Lamberton Blvd,33 Lamberton Blvd,M3J 1G6,NY,NY,Lamberton Public School,115001,440937,33,None,,None,5999,"{""coordinates"": [[-79.5028244891368, 43.7536543018276]], ""type"": ""MultiPoint""}"
537,636,7033947,LAMBTON KINGSWAY JR MDL SCHOOL,None,EP,Toronto District School Board,525 PRINCE EDWARD DR N,English Public,7033947,525,Prince Edward Dr N,525 Prince Edward Dr N,M8X 2M6,ET,ET,Lambton-Kingsway Junior Middle School,115001,7033940,525,None,,None,10300,"{""coordinates"": [[-79.5093148073344, 43.6586572209274]], ""type"": ""MultiPoint""}"
538,637,52404,LAMBTON PARK COMMUNITY SCHOOL,None,EP,Toronto District School Board,50 BERNICE CRES ,English Public,52404,50,Bernice Cres,50 Bernice Cres,M6N 1W9,YK,YK,Lambton Park Community School,115001,9328,50,None,,None,445,"{""coordinates"": [[-79.4983074871366, 43.6675759817237]], ""type"": ""MultiPoint""}"
539,638,312017,L'AMOREAUX COLLEGIATE INSTITUTE,None,EP,Toronto District School Board,2501 BRIDLETOWNE CRCL ,English Public,312017,2501,Bridletowne Crcl,2501 Bridletowne Crcl,M1W 2K1,SC,SC,L'Amoreaux Collegiate Institute,115001,104968,2501,None,,None,7426,"{""coordinates"": [[-79.3180737471701, 43.80291776814]], ""type"": ""MultiPoint""}"
540,639,7641687,LANOR JR MDL SCHOOL ,None,EP,Toronto District School Board,450 LANOR AVE ,English Public,7641687,450,Lanor Ave,450 Lanor Ave,M8W 2S1,ET,ET,Lanor Junior Middle School,115001,7641688,450,None,,None,1972,"{""coordinates"": [[-79.5447921850042, 43.6095014861413]], ""type"": ""MultiPoint""}"
541,640,10379215,LAWRENCE HEIGHTS MDL SCHOOL,None,EP,Toronto District School Board,50 HIGHLAND HILL ,English Public,10379215,50,Highland Hill,50 Highland Hill,M6A 2R1,NY,NY,Lawrence Heights Middle School,115001,10379214,50,None,,None,5833,"{""coordinates"": [[-79.4510772508882, 43.7208322543823]], ""type"": ""MultiPoint""}"
542,641,8344129,LAWRENCE PARK COLLEGIATE INSTITUTE,None,EP,Toronto District School Board,125 CHATSWORTH DR ,English Public,8344129,125,Chatsworth Dr,125 Chatsworth Dr,M4R 1S1,TO,TO,Lawrence Park Collegiate Institute,115001,8344132,125,None,,None,3149,"{""coordinates"": [[-79.4104390774942, 43.7222227051645]], ""type"": ""MultiPoint""}"
543,642,12387710,LE COLLEGE FRANCAIS - CARLTON CAMPUS,None,PR,None,100 CARLTON ST ,Private,12387710,100,Carlton St,100 Carlton St,M5B 1M3,TO,TO,College Francais,115001,12387707,100,None,,None,3116,"{""coordinates"": [[-79.3779069560556, 43.6624882444907]], ""type"": ""MultiPoint""}"
544,643,3244917,LEASIDE HIGH SCHOOL ,None,EP,Toronto District School Board,200 HANNA RD ,English Public,3244917,200,Hanna Rd,200 Hanna Rd,M4G 3N8,EY,EY,Leaside High School,115001,347,200,None,,None,187,"{""coordinates"": [[-79.3725387473782, 43.7110428289168]], ""type"": ""MultiPoint""}"
545,644,7110840,LEDBURY PARK ELEMENTARY & MDL SCHOOL,None,EP,Toronto District School Board,95 FALKIRK ST ,English Public,7110840,95,Falkirk St,95 Falkirk St,M5M 4K1,NY,NY,Ledbury Park Elementary and Middle School,115001,7110841,95,None,,None,5551,"{""coordinates"": [[-79.4271823065033, 43.7274253087965]], ""type"": ""MultiPoint""}"
546,645,50614,LEO BAECK DAY SCHOOL - SOUTH CAMPUS,None,PR,None,501 ARLINGTON AVE ,Private,50614,501,Arlington Ave,501 Arlington Ave,M6C 3A4,YK,YK,Arlington Middle School,115001,30088089,501,None,,None,412,"{""coordinates"": [[-79.4329480383653, 43.6922867379928]], ""type"": ""MultiPoint""}"
547,646,5738233,LEONARDO DA VINCI ACADEMY,None,PR,None,901 LAWRENCE AVE W,Private,5738233,901,Lawrence Ave W,901 Lawrence Ave W,M6A 1C3,NY,NY,None,115001,5738167,901,None,,None,732,"{""coordinates"": [[-79.4567424028392, 43.7130049222066]], ""type"": ""MultiPoint""}"
548,647,536699,LESCON PUBLIC SCHOOL ,None,EP,Toronto District School Board,34 LESCON RD ,English Public,536699,34,Lescon Rd,34 Lescon Rd,M2J 2G6,NY,NY,Lescon Public School,115001,437795,34,None,,None,6046,"{""coordinates"": [[-79.3577389782403, 43.7808296263161]], ""type"": ""MultiPoint""}"
549,648,832942,LESLIEVILLE JR PUBLIC SCHOOL ,None,EP,Toronto District School Board,254 LESLIE ST ,English Public,832942,254,Leslie St,254 Leslie St,M4M 3C9,TO,TO,Leslieville Junior Public School,115001,1142529,254,None,,None,225,"{""coordinates"": [[-79.3324077238987, 43.6673207679123]], ""type"": ""MultiPoint""}"
550,649,390705,LESTER B PEARSON COLLEGIATE INSTITUTE,None,EP,Toronto District School Board,150 TAPSCOTT RD ,English Public,390705,150,Tapscott Rd,150 Tapscott Rd,M1B 2L2,SC,SC,Lester B Pearson Collegiate Institute,115001,30138121,150,None,,None,9057,"{""coordinates"": [[-79.2258580493407, 43.8033727841338]], ""type"": ""MultiPoint""}"
551,650,9487216,LESTER B PEARSON ELEMENTARY SCHOOL,None,EP,Toronto District School Board,7 SNOWCREST AVE ,English Public,9487216,7,Snowcrest Ave,7 Snowcrest Ave,M2K 2K5,NY,NY,Lester B Pearson Elementary School,115001,9487214,7,None,,None,6738,"{""coordinates"": [[-79.3874623162842, 43.7923194425359]], ""type"": ""MultiPoint""}"
552,651,8754456,LIBERTY PREP SCHOOL,None,PR,None,162 PARLIAMENT ST ,Private,8754456,162,Parliament St,162 Parliament St,M5A 2Z1,TO,TO,None,115001,8754429,162,None,,None,4162,"{""coordinates"": [[-79.3647409261097, 43.6550201109798]], ""type"": ""MultiPoint""}"
553,652,537109,LILLIAN PUBLIC SCHOOL,None,EP,Toronto District School Board,1059 LILLIAN ST ,English Public,537109,1059,Lillian St,1059 Lillian St,M2M 3G1,NY,NY,Lillian Public School,115001,3252289,1059,None,,None,3850,"{""coordinates"": [[-79.4103985022169, 43.7978213696628]], ""type"": ""MultiPoint""}"
554,653,14172941,LORD DUFFERIN JR & SR PUBLIC SCHOOL,None,EP,Toronto District School Board,350 PARLIAMENT ST ,English Public,14172941,350,Parliament St,350 Parliament St,M5A 2Z7,TO,TO,Lord Dufferin Junior and Senior Public School,115001,30073974,350,None,,None,4162,"{""coordinates"": [[-79.3669550617347, 43.6608245373338]], ""type"": ""MultiPoint""}"
555,654,8105948,LORD LANSDOWNE JR SR & DA VINCI,None,EP,Toronto District School Board,33 ROBERT ST ,English Public,8105948,33,Robert St,33 Robert St,M5S 2K2,TO,TO,Lord Lansdowne Junior Public School,115001,14022601,33,None,,None,844,"{""coordinates"": [[-79.401909850979, 43.6589530395299]], ""type"": ""MultiPoint""}"
556,655,356987,LORD ROBERTS JR PUBLIC SCHOOL,None,EP,Toronto District School Board,165 LORD ROBERTS DR ,English Public,356987,165,Lord Roberts Dr,165 Lord Roberts Dr,M1K 3W5,SC,SC,Lord Roberts Junior Public School,115001,110705,165,None,,None,8361,"{""coordinates"": [[-79.2636373332983, 43.7413177791394]], ""type"": ""MultiPoint""}"
557,656,541018,LORETTO ABBEY CATHOLIC SECONDARY SCHOOL,None,ES,Toronto Catholic District School Board,101 MASON BLVD ,English Separate,541018,101,Mason Blvd,101 Mason Blvd,M5M 3E2,NY,NY,Loretto Abbey Catholic Secondary School,115001,442422,101,None,,None,6178,"{""coordinates"": [[-79.4110818263627, 43.7412253212478]], ""type"": ""MultiPoint""}"
558,657,10410585,LORETTO COLLEGE SCHOOL,None,ES,Toronto Catholic District School Board,151 ROSEMOUNT AVE ,English Separate,10410585,151,Rosemount Ave,151 Rosemount Ave,M6H 2N1,TO,TO,Loretto College Catholic School,115001,10410573,151,None,,None,9755,"{""coordinates"": [[-79.4432469397794, 43.6757367136584]], ""type"": ""MultiPoint""}"
559,658,11484484,LOWELL INTERNATIONAL ACADEMY SECONDARY SCHOOL,None,PR,None,3601 VICTORIA PARK AVE ,Private,11484484,3601,Victoria Park Ave,3601 Victoria Park Ave,M1W 3Y3,SC,SC,None,115001,11484483,3601,None,,None,370,"{""coordinates"": [[-79.3356854771953, 43.803648692891]], ""type"": ""MultiPoint""}"
560,659,366470,LUCY MAUD MONTGOMERY PUBLIC SCHOOL ,None,EP,Toronto District School Board,95 MURISON BLVD ,English Public,366470,95,Murison Blvd,95 Murison Blvd,M1B 2L6,SC,SC,Lucy Maud Montgomery Public School,115001,105173,95,None,,None,8552,"{""coordinates"": [[-79.2093657180027, 43.7969167927449]], ""type"": ""MultiPoint""}"
561,660,13494198,LUCY MCCORMICK SR SCHOOL ,None,EP,Toronto District School Board,2717 DUNDAS ST W,English Public,13494198,2717,Dundas St W,2717 Dundas St W,M6P 1Y1,TO,TO,Lucy McCormick Senior School,115001,12189729,2717,None,,None,558,"{""coordinates"": [[-79.4601799672306, 43.6646326067736]], ""type"": ""MultiPoint""}"
562,661,9741281,LYCEE FRANCAIS DE TORONTO,None,PR,None,2327 DUFFERIN ST ,Private,9741281,2327,Dufferin St,2327 Dufferin St,M6E 3S5,YK,YK,D. B. Hood Community School,115001,9741259,2327,None,,None,557,"{""coordinates"": [[-79.4488750654069, 43.6935935696857]], ""type"": ""MultiPoint""}"
563,662,316950,LYNNGATE JR PUBLIC SCHOOL,None,EP,Toronto District School Board,129 CASS AVE ,English Public,316950,129,Cass Ave,129 Cass Ave,M1T 2B5,SC,SC,Lynngate Junior Public School,115001,30100525,129,None,,None,7523,"{""coordinates"": [[-79.300660254809, 43.7766766424049]], ""type"": ""MultiPoint""}"
564,663,14174271,LYNNWOOD HEIGHTS JR PUBLIC SCHOOL,None,EP,Toronto District School Board,50 SOUTHLAWN DR ,English Public,14174271,50,Southlawn Dr,50 Southlawn Dr,M1S 1J1,SC,SC,Lynnwood Heights Junior Public School,115001,6332545,50,None,,None,8981,"{""coordinates"": [[-79.2913478664802, 43.7965807575644]], ""type"": ""MultiPoint""}"
565,664,20043689,MAC AL-FURQAN SCHOOL,None,PR,None,60 TOWN CENTRE CRT ,Private,20043689,60,Town Centre Crt,60 Town Centre Crt,M1P 0B1,SC,SC,None,115001,107849,60,None,,None,9555,"{""coordinates"": [[-79.2558617025306, 43.7733999344778]], ""type"": ""MultiPoint""}"
566,665,347260,MACKLIN PUBLIC SCHOOL ,None,EP,Toronto District School Board,136 INGLETON BLVD ,English Public,347260,136,Ingleton Blvd,136 Ingleton Blvd,M1V 2Y4,SC,SC,Macklin Public School,115001,30058455,136,None,,None,8163,"{""coordinates"": [[-79.2674700420568, 43.821788456337]], ""type"": ""MultiPoint""}"
567,666,376319,MADINATUL ULOOM ACADEMY INC,None,PR,None,710 PROGRESS AVE ,Private,376319,710,Progress Ave,710 Progress Ave,M1H 2X3,SC,SC,None,115001,107416,710,None,,None,8740,"{""coordinates"": [[-79.2474745695599, 43.778653564103]], ""type"": ""MultiPoint""}"
568,667,376313,MADINATUL ULOOM ISLAMIC ACADEMY & OXFORD COLLEGE & FH INTERNATIONAL,None,PR,None,670 PROGRESS AVE ,Private,376313,670,Progress Ave,670 Progress Ave,M1H 3A4,SC,SC,None,115001,107416,670,None,,None,8740,"{""coordinates"": [[-79.250110001496, 43.7777434980036]], ""type"": ""MultiPoint""}"
569,668,376317,MADINATUL ULOOM ISLAMIC GIRLS ACADEMY,None,PR,None,700 PROGRESS AVE ,Private,376317,700,Progress Ave,700 Progress Ave,M1H 2Z7,SC,SC,None,115001,107416,700,None,,None,8740,"{""coordinates"": [[-79.2479108579576, 43.7782059906721]], ""type"": ""MultiPoint""}"
570,669,509514,MADONNA CATHOLIC SECONDARY SCHOOL,None,ES,Toronto Catholic District School Board,20 DUBRAY AVE ,English Separate,509514,20,Dubray Ave,20 Dubray Ave,M3K 1V5,NY,NY,Madonna Catholic Secondary School,115001,30105871,20,None,,None,5441,"{""coordinates"": [[-79.4774829361901, 43.729416395539]], ""type"": ""MultiPoint""}"
571,670,1041845,MADRESATUL BANAAT ALMUSLIMAAT SCHOOL,None,PR,None,10 VULCAN ST ,Private,1041845,10,Vulcan St,10 Vulcan St,M9W 1L2,ET,ET,None,115001,908227,10,None,,None,2724,"{""coordinates"": [[-79.5783793686849, 43.7053088913494]], ""type"": ""MultiPoint""}"
572,671,563759,MAGNIFICENT MINDS SCHOOL,None,PR,None,37 SOUTHBOURNE AVE ,Private,563759,37,Southbourne Ave,37 Southbourne Ave,M3H 1A4,NY,NY,Adath Israel Congregation,115001,442635,37,None,,None,6750,"{""coordinates"": [[-79.4312221027659, 43.7385452577011]], ""type"": ""MultiPoint""}"
573,672,836897,MALVERN COLLEGIATE INSTITUTE,None,EP,Toronto District School Board,55 MALVERN AVE ,English Public,836897,55,Malvern Ave,55 Malvern Ave,M4E 3E4,TO,TO,Malvern Collegiate Institute,115001,1139888,55,None,,None,3904,"{""coordinates"": [[-79.2929363320519, 43.6829141497208]], ""type"": ""MultiPoint""}"
574,673,358756,MALVERN JR PUBLIC SCHOOL,None,EP,Toronto District School Board,70 MAMMOTH HALL TRL ,English Public,358756,70,Mammoth Hall Trl,70 Mammoth Hall Trl,M1B 1P6,SC,SC,Malvern Junior Public School,115001,30060555,70,None,,None,8403,"{""coordinates"": [[-79.2332519441342, 43.7978394610251]], ""type"": ""MultiPoint""}"
575,674,14190806,MALVERN MONTESSORI SCHOOL,None,PR,None,10 SEWELLS RD ,Private,14190806,10,Sewells Rd,10 Sewells Rd,M1B 3G5,SC,SC,None,115001,30013272,10,None,,None,30032,"{""coordinates"": [[-79.2177894185251, 43.8072429487809]], ""type"": ""MultiPoint""}"
576,675,359023,MANHATTAN PARK JR PUBLIC SCHOOL,None,EP,Toronto District School Board,90 MANHATTAN DR ,English Public,359023,90,Manhattan Dr,90 Manhattan Dr,M1R 3V8,SC,SC,Manhattan Park Junior Public School,115001,109829,90,None,,None,8407,"{""coordinates"": [[-79.2953011186665, 43.7533540031688]], ""type"": ""MultiPoint""}"
577,676,8947520,MANOR MONTESSORI - DE SAVERY SITE,None,PR,None,14 DE-SAVERY CRES ,Private,8947520,14,De-Savery Cres,14 De-Savery Cres,M4S 2L2,TO,TO,None,115001,8947513,14,None,,None,3276,"{""coordinates"": [[-79.3898387740174, 43.7030919948385]], ""type"": ""MultiPoint""}"
578,677,845017,MANOR MONTESSORI SCHOOL - MT PLEASANT,None,PR,None,909 MOUNT PLEASANT RD ,Private,845017,909,Mount Pleasant Rd,909 Mount Pleasant Rd,M4P 2Z6,TO,TO,None,115001,1138163,909,None,,None,4022,"{""coordinates"": [[-79.3911624178894, 43.7116041440918]], ""type"": ""MultiPoint""}"
579,678,385409,MAPLE LEAF COLLEGIATE SCHOOL,None,PR,None,4002 SHEPPARD AVE E,Private,385409,4002,Sheppard Ave E,4002 Sheppard Ave E,M1S 4R5,SC,SC,None,115001,106853,4002,None,,None,6698,"{""coordinates"": [[-79.2879056183859, 43.7836906701136]], ""type"": ""MultiPoint""}"
580,679,504683,MAPLE LEAF PUBLIC SCHOOL,None,EP,Toronto District School Board,301 CULFORD RD ,English Public,504683,301,Culford Rd,301 Culford Rd,M6L 2V4,NY,NY,Maple Leaf Public School,115001,445682,301,None,,None,5309,"{""coordinates"": [[-79.4902752087952, 43.7148506431921]], ""type"": ""MultiPoint""}"
581,680,336715,MAPLEWOOD HIGH SCHOOL,None,EP,Toronto District School Board,120 GALLOWAY RD ,English Public,336715,120,Galloway Rd,120 Galloway Rd,M1E 1W7,SC,SC,Maplewood High School,115001,109225,120,None,,None,7948,"{""coordinates"": [[-79.1948946345862, 43.7588978527975]], ""type"": ""MultiPoint""}"
582,681,10750672,MARC GARNEAU COLLEGIATE INSTITUTE,None,EP,Toronto District School Board,135 OVERLEA BLVD ,English Public,10750672,135,Overlea Blvd,135 Overlea Blvd,M3C 1B3,NY,NY,Marc Garneau Collegiate Institute,115001,10750670,135,None,,None,278,"{""coordinates"": [[-79.3349679464078, 43.7089756853719]], ""type"": ""MultiPoint""}"
583,682,3111592,MARIA MONTESSORI SCHOOL,None,PR,None,125 BRENTCLIFFE RD ,Private,3111592,125,Brentcliffe Rd,125 Brentcliffe Rd,M4G 3Y7,EY,EY,Northlea United Church,115001,3111593,125,None,,None,42,"{""coordinates"": [[-79.3630591104427, 43.7173787969913]], ""type"": ""MultiPoint""}"
584,683,14647878,MARKDALE PRESCHOOL,None,PR,None,41 MARKDALE AVE ,Private,14647878,41,Markdale Ave,41 Markdale Ave,None,YK,YK,Markdale Preschool Site,115001,8456990,41,None,,None,760,"{""coordinates"": [[-79.4300770421584, 43.6934218092463]], ""type"": ""MultiPoint""}"
585,684,8354441,MARKET LANE JR & SR PUBLIC SCHOOL ,None,EP,Toronto District School Board,246 THE ESPLANADE  ,English Public,8354441,246,The Esplanade,246 The Esplanade,M5A 4J6,TO,TO,Market Lane Junior and Senior Public School,115001,30126336,246,None,,None,4541,"{""coordinates"": [[-79.3647413959783, 43.6498503802646]], ""type"": ""MultiPoint""}"
586,685,14244594,MARSHALL MCLUHAN CATHOLIC SECONDARY SCHOOL,None,ES,Toronto Catholic District School Board,1107 AVENUE RD ,English Separate,14244594,1107,Avenue Rd,1107 Avenue Rd,M5N 3B1,TO,TO,Marshall McLuhan Catholic School,115001,1138318,1107,None,,None,2924,"{""coordinates"": [[-79.4097351629606, 43.7076002456651]], ""type"": ""MultiPoint""}"
587,686,8087277,MARTINGROVE COLLEGIATE INSTITUTE,None,EP,Toronto District School Board,50 WINTERTON DR ,English Public,8087277,50,Winterton Dr,50 Winterton Dr,M9B 3G7,ET,ET,Martingrove Collegiate Institute,115001,8087278,50,None,,None,2813,"{""coordinates"": [[-79.5607396403649, 43.6733827722511]], ""type"": ""MultiPoint""}"
588,687,14207557,MARY MOTHER OF GOD SCHOOL,None,PR,None,1515A QUEEN ST W,Private,14207557,1515A,Queen St W,1515A Queen St W,M6R 1A5,TO,TO,None,115001,10759863,1515,A,,None,4238,"{""coordinates"": [[-79.4414399434733, 43.6392854032575]], ""type"": ""MultiPoint""}"
589,688,6947413,MARY SHADD PUBLIC SCHOOL,None,EP,Toronto District School Board,135 HUPFIELD TRL ,English Public,6947413,135,Hupfield Trl,135 Hupfield Trl,M1B 4R6,SC,SC,Mary Shadd Public School,115001,6947409,135,None,,None,11329,"{""coordinates"": [[-79.2183240428671, 43.8143956979563]], ""type"": ""MultiPoint""}"
590,689,9467845,MARY WARD CATHOLIC SECONDARY SCHOOL,None,ES,Toronto Catholic District School Board,3200 KENNEDY RD ,English Separate,9467845,3200,Kennedy Rd,3200 Kennedy Rd,M1V 3S8,SC,SC,Mary Ward Catholic Secondary School,115001,9467832,3200,None,,None,8224,"{""coordinates"": [[-79.3039400656995, 43.8157534238129]], ""type"": ""MultiPoint""}"
591,690,349763,MARY WARD LINC AND ESL CENTRE,None,ES,Toronto Catholic District School Board,44 KELVINWAY DR ,English Separate,349763,44,Kelvinway Dr,44 Kelvinway Dr,M1W 1N6,SC,SC,Mary Ward Linc and Esl Centre,115001,106182,44,None,,None,8215,"{""coordinates"": [[-79.3241164541271, 43.7918372535513]], ""type"": ""MultiPoint""}"
592,691,2820814,MARYVALE PUBLIC SCHOOL,None,EP,Toronto District School Board,1325 PHARMACY AVE ,English Public,2820814,1325,Pharmacy Ave,1325 Pharmacy Ave,M1R 2J1,SC,SC,Maryvale Public School,115001,2820803,1325,None,,None,8691,"{""coordinates"": [[-79.307836183235, 43.754822068202]], ""type"": ""MultiPoint""}"
593,692,360667,MASON ROAD JR PUBLIC SCHOOL ,None,EP,Toronto District School Board,78 MASON RD ,English Public,360667,78,Mason Rd,78 Mason Rd,M1M 3R2,SC,SC,Mason Road Junior Public School,115001,110821,78,None,,None,8442,"{""coordinates"": [[-79.2256545935691, 43.7390564379521]], ""type"": ""MultiPoint""}"
594,693,13971288,MAURICE CODY JR PUBLIC SCHOOL,None,EP,Toronto District School Board,364 BELSIZE DR ,English Public,13971288,364,Belsize Dr,364 Belsize Dr,M4S 1N2,TO,TO,Maurice Cody Junior Public School,115001,1138442,364,None,,None,2990,"{""coordinates"": [[-79.3776790176605, 43.7048143191022]], ""type"": ""MultiPoint""}"
595,694,9311796,MCCANNY SECONDARY SCHOOL,None,PR,None,1051 MCNICOLL AVE ,Private,9311796,1051,McNicoll Ave,1051 McNicoll Ave,M1W 3W6,SC,SC,None,115001,9311781,1051,None,,None,6195,"{""coordinates"": [[-79.3334180682278, 43.8037726233403]], ""type"": ""MultiPoint""}"
596,695,8680076,MCDONALD INTERNATIONAL ACADEMY SCHOOL,None,PR,None,920 YONGE ST ,Private,8680076,920,Yonge St,920 Yonge St,M4W 3C7,TO,TO,None,115001,8680067,920,None,,None,4733,"{""coordinates"": [[-79.388995216946, 43.6741032299172]], ""type"": ""MultiPoint""}"
597,696,13973429,MCKEE PUBLIC SCHOOL ,None,EP,Toronto District School Board,35 CHURCH AVE ,English Public,13973429,35,Church Ave,35 Church Ave,M2N 6X6,NY,NY,McKee Public School,115001,438374,35,None,,None,5197,"{""coordinates"": [[-79.411056249547, 43.7741078589817]], ""type"": ""MultiPoint""}"
598,697,6620127,MCMURRICH JR PUBLIC SCHOOL,None,EP,Toronto District School Board,115 WINONA DR ,English Public,6620127,115,Winona Dr,115 Winona Dr,M6G 3S8,TO,TO,McMurrich Junior Public School,115001,6620030,115,None,,None,964,"{""coordinates"": [[-79.4310619546751, 43.6780763704772]], ""type"": ""MultiPoint""}"
599,698,30033326,MCNICOLL AVENUE SCHOOL BLDG,None,EP,Toronto District School Board,155 MCNICOLL AVE ,English Public,30033326,155,McNicoll Ave,155 McNicoll Ave,M2H 2C1,NY,NY,None,115001,30076504,155,None,,None,6195,"{""coordinates"": [[-79.358084392574, 43.7989816726444]], ""type"": ""MultiPoint""}"
600,699,6349862,MEADOWVALE PUBLIC SCHOOL ,None,EP,Toronto District School Board,761 MEADOWVALE RD ,English Public,6349862,761,Meadowvale Rd,761 Meadowvale Rd,M1C 1T1,SC,SC,Meadowvale Public School,115001,6349870,761,None,,None,8470,"{""coordinates"": [[-79.1640681823792, 43.7955110107972]], ""type"": ""MultiPoint""}"
601,700,10154322,MELODY VILLAGE JR SCHOOL,None,EP,Toronto District School Board,520 SILVERSTONE DR ,English Public,10154322,520,Silverstone Dr,520 Silverstone Dr,M9V 3L5,ET,ET,Melody Village Junior School,115001,10154323,520,None,,None,2485,"{""coordinates"": [[-79.5948425834357, 43.7381347518027]], ""type"": ""MultiPoint""}"
602,701,559927,METAMORPHOSIS GREEK ORTHODOX SCHOOL,None,PR,None,30 SCARSDALE RD ,Private,559927,30,Scarsdale Rd,30 Scarsdale Rd,M3B 2R7,NY,NY,None,115001,30084194,30,None,,None,6662,"{""coordinates"": [[-79.3548698162044, 43.7466801118087]], ""type"": ""MultiPoint""}"
603,702,11414993,METROPOLITAN PREPARATORY ACADEMY SCHOOL,None,PR,None,1 DUNCAN MILL RD ,Private,11414993,1,Duncan Mill Rd,1 Duncan Mill Rd,M3B 1Z2,NY,NY,None,115001,11414992,1,None,,None,5455,"{""coordinates"": [[-79.3578128709944, 43.7604868672328]], ""type"": ""MultiPoint""}"
604,703,999998,MICHAEL POWER ST JOSEPH CATHOLIC HIGH SCHOOL,None,ES,Toronto Catholic District School Board,105 ERINGATE DR ,English Separate,999998,105,Eringate Dr,105 Eringate Dr,M9C 3Z7,ET,ET,Michael Power/St. Joseph Catholic School,115001,910560,105,None,,None,1562,"{""coordinates"": [[-79.5819840831399, 43.6592899896851]], ""type"": ""MultiPoint""}"
605,704,1001929,MICHELINE SAINT CYR ELEMENTARY SCHOOL,None,ES,Toronto Catholic District School Board,85 FORTY FIRST ST ,English Separate,1001929,85,Forty First St,85 Forty First St,M8W 3P1,ET,ET,Ecole Elementaire Micheline-Saint-Cyr,115001,914882,85,None,,None,1630,"{""coordinates"": [[-79.5437809919911, 43.5902188648384]], ""type"": ""MultiPoint""}"
606,705,845249,MICHELLE-O'BONSAWIN SECONDARY SCHOOL,None,EP,Toronto District School Board,24 MOUNTJOY AVE ,English Public,845249,24,Mountjoy Ave,24 Mountjoy Ave,M4J 1J6,TO,TO,Greenwood School,115001,30107983,24,None,,None,4026,"{""coordinates"": [[-79.3305895595417, 43.6807876480904]], ""type"": ""MultiPoint""}"
607,706,4304192,MIDLAND ADULT EDUCATION CENTRE,None,ES,Toronto Catholic District School Board,3320 MIDLAND AVE ,English Separate,4304192,3320,Midland Ave,3320 Midland Ave,M1V 5E6,SC,SC,None,115001,14669435,3320,None,,None,8496,"{""coordinates"": [[-79.2893531869412, 43.8074335011916]], ""type"": ""MultiPoint""}"
608,707,6942851,MILITARY TRAIL PUBLIC SCHOOL,None,EP,Toronto District School Board,701 MILITARY TRL ,English Public,6942851,701,Military Trl,701 Military Trl,M1E 4P6,SC,SC,Military Trail Public School,115001,14658974,701,None,,None,8501,"{""coordinates"": [[-79.1971169704309, 43.7891154918287]], ""type"": ""MultiPoint""}"
609,708,7471919,MILL VALLEY JR SCHOOL,None,EP,Toronto District School Board,411 MILL RD ,English Public,7471919,411,Mill Rd,411 Mill Rd,M9C 1Y9,ET,ET,Mill Valley Junior School,115001,60017912,411,None,,None,2111,"{""coordinates"": [[-79.5869715708541, 43.6441893872147]], ""type"": ""MultiPoint""}"
610,709,375326,MILLIKEN PUBLIC SCHOOL,None,EP,Toronto District School Board,130 PORT ROYAL TRL ,English Public,375326,130,Port Royal Trl,130 Port Royal Trl,M1V 2T4,SC,SC,Milliken Public School,115001,103623,130,None,,None,8721,"{""coordinates"": [[-79.2884969457851, 43.8165865457748]], ""type"": ""MultiPoint""}"
611,710,1018827,MILLWOOD JR SCHOOL ,None,EP,Toronto District School Board,222 MILL RD ,English Public,1018827,222,Mill Rd,222 Mill Rd,M9C 1Y2,ET,ET,None,115001,912833,222,None,,None,2111,"{""coordinates"": [[-79.5769148190181, 43.6334096401878]], ""type"": ""MultiPoint""}"
612,711,570770,MILNE VALLEY MDL SCHOOL,None,EP,Toronto District School Board,100 UNDERHILL DR ,English Public,570770,100,Underhill Dr,100 Underhill Dr,M3A 2J9,NY,NY,Milne Valley Middle School,115001,441523,100,None,,None,6965,"{""coordinates"": [[-79.3267091236923, 43.7472020481689]], ""type"": ""MultiPoint""}"
613,712,7890983,MIMICO ADULT CENTRE,None,EP,Toronto District School Board,255 ROYAL YORK RD ,English Public,7890983,255,Royal York Rd,255 Royal York Rd,M8V 2V8,ET,ET,None,115001,7846747,255,None,,None,2413,"{""coordinates"": [[-79.4966462297214, 43.6130763326375]], ""type"": ""MultiPoint""}"
614,713,9311721,MINDWERX4KIDS DAY SCHOOL,None,PR,None,76 ANGLESEY BLVD ,Private,9311721,76,Anglesey Blvd,76 Anglesey Blvd,M9A 3C1,ET,ET,Humber Valley United Church,115001,9311720,76,None,,None,1045,"{""coordinates"": [[-79.5289870089876, 43.6651372056086]], ""type"": ""MultiPoint""}"
615,714,8731056,MINDWERX4KIDS LEARNING CENTRE SCHOOL,None,PR,None,3825 BLOOR ST W,Private,8731056,3825,Bloor St W,3825 Bloor St W,M9B 1K9,ET,ET,None,115001,8731054,3825,None,,None,458,"{""coordinates"": [[-79.5376085288678, 43.6410805752457]], ""type"": ""MultiPoint""}"
616,715,4954982,MIRAJ ACADEMY,None,PR,None,1080 TAPSCOTT RD ,Private,4954982,1080,Tapscott Rd,1080 Tapscott Rd,M1X 1E7,SC,SC,None,115001,4954980,1080,None,,None,9057,"{""coordinates"": [[-79.2444905967507, 43.8270279057073]], ""type"": ""MultiPoint""}"
617,716,2565760,MONARCH PARK COLLEGIATE & SCHOOL OF LIFE EXPERIENCE,None,EP,Toronto District School Board,1 HANSON ST ,English Public,2565760,1,Hanson St,1 Hanson St,M4J 1G6,TO,TO,Monarch Park Collegiate Institute,115001,2565761,1,None,,None,3604,"{""coordinates"": [[-79.3227718925618, 43.6792807307855]], ""type"": ""MultiPoint""}"
618,717,7274128,MONSEIGNEUR DE CHARBONNEL CATHOLIC SECONDARY SCHOOL,None,FS,Conseil scolaire de district catholique Centre-Sud,110 DREWRY AVE ,French Separate,7274128,110,Drewry Ave,110 Drewry Ave,M2M 1C8,NY,NY,Monseigneur De Charbonnel Catholic Secondary School,115001,7274121,110,None,,None,5435,"{""coordinates"": [[-79.4236071352384, 43.7866244564501]], ""type"": ""MultiPoint""}"
619,718,865004,MONSIGNOR FRASER - ST MARTIN CAMPUS,None,ES,Toronto Catholic District School Board,55 SALISBURY AVE ,English Separate,865004,55,Salisbury Ave,55 Salisbury Ave,M4X 1C5,TO,TO,St. Martin Catholic School,115001,20037875,55,None,,None,4355,"{""coordinates"": [[-79.3644258453494, 43.6671745304308]], ""type"": ""MultiPoint""}"
620,719,839707,MONSIGNOR FRASER COLLEGE - ANNEX CAMPUS,None,ES,Toronto Catholic District School Board,700 MARKHAM ST ,English Separate,839707,700,Markham St,700 Markham St,M6G 2M3,TO,TO,MSGR Fraser College - Annex Campus,115001,1142809,700,None,,None,3927,"{""coordinates"": [[-79.4137512495481, 43.6672550541736]], ""type"": ""MultiPoint""}"
621,720,7753848,MONSIGNOR FRASER COLLEGE - ISABELLA CAMPUS,None,ES,Toronto Catholic District School Board,146 ISABELLA ST ,English Separate,7753848,146,Isabella St,146 Isabella St,M4Y 1P6,TO,TO,MSGR Fraser College - Isabella Campus,115001,7753839,146,None,,None,3734,"{""coordinates"": [[-79.3769589372981, 43.6697491633956]], ""type"": ""MultiPoint""}"
622,721,8540468,MONSIGNOR FRASER COLLEGE - ISABELLA NORTH,None,ES,Toronto Catholic District School Board,25 LINDEN ST ,English Separate,8540468,25,Linden St,25 Linden St,M4Y 1V5,TO,TO,MSGR Fraser College - Isabella North,115001,20154118,25,None,,None,3853,"{""coordinates"": [[-79.3771446424114, 43.6702989122848]], ""type"": ""MultiPoint""}"
623,722,7472039,MONSIGNOR FRASER COLLEGE - MIDLAND CAMPUS,None,ES,Toronto Catholic District School Board,2900 MIDLAND AVE ,English Separate,7472039,2900,Midland Ave,2900 Midland Ave,M1S 3K8,SC,SC,Msgr.  Fraser College Midland Campus,115001,7472038,2900,None,,None,8496,"{""coordinates"": [[-79.2857174919641, 43.8010691646555]], ""type"": ""MultiPoint""}"
624,723,4570683,MONSIGNOR FRASER COLLEGE - NORFINCH CAMPUS,None,ES,Toronto Catholic District School Board,45 NORFINCH DR ,English Separate,4570683,45,Norfinch Dr,45 Norfinch Dr,M3N 1W8,NY,NY,MSGR Fraser College - Norfinch Campus,115001,4570685,45,None,,None,6297,"{""coordinates"": [[-79.5270429515191, 43.7578095274804]], ""type"": ""MultiPoint""}"
625,724,8192155,MONSIGNOR JOHN CORRIGAN CATHOLIC ELEMENTARY SCHOOL,None,ES,Toronto Catholic District School Board,100 ROYALCREST RD ,English Separate,8192155,100,Royalcrest Rd,100 Royalcrest Rd,M9V 5B4,ET,ET,Msgr. John Corrigan Catholic School,115001,8192154,100,None,,None,2415,"{""coordinates"": [[-79.6050136936641, 43.7515700507883]], ""type"": ""MultiPoint""}"
626,725,9667012,MONSIGNOR PERCY JOHNSON CATHOLIC SECONDARY SCHOOL,None,ES,Toronto Catholic District School Board,2170 KIPLING AVE ,English Separate,9667012,2170,Kipling Ave,2170 Kipling Ave,M9W 4K9,ET,ET,Msgr. Percy Johnson Catholic High School,115001,9666999,2170,None,,None,1935,"{""coordinates"": [[-79.5720168731971, 43.7206946675235]], ""type"": ""MultiPoint""}"
627,726,8407358,MONTCREST ELEMENTARY SCHOOL,None,PR,None,4 MONTCREST BLVD ,Private,8407358,4,Montcrest Blvd,4 Montcrest Blvd,M4K 1J7,TO,TO,None,115001,30098074,4,None,,None,4009,"{""coordinates"": [[-79.3574642165127, 43.6730879551492]], ""type"": ""MultiPoint""}"
628,727,7994686,MONTESSORI JEWISH DAY SCHOOL,None,PR,None,55 YEOMANS RD ,Private,7994686,55,Yeomans Rd,55 Yeomans Rd,M3H 3J7,NY,NY,Beth David Bnai Israel Synagogue,115001,7994687,55,None,,None,7138,"{""coordinates"": [[-79.4398398274914, 43.7492508686707]], ""type"": ""MultiPoint""}"
629,728,844204,MONTROSE JR & DELTA ALTERNATIVE SR,None,EP,Toronto District School Board,301 MONTROSE AVE ,English Public,844204,301,Montrose Ave,301 Montrose Ave,M6G 3G9,TO,TO,Montrose Junior Public School,115001,1144176,301,None,,None,4013,"{""coordinates"": [[-79.4188437208257, 43.6586815852248]], ""type"": ""MultiPoint""}"
630,729,20037846,MORRISH PUBLIC SCHOOL,None,EP,Toronto District School Board,61 CANMORE BLVD ,English Public,20037846,61,Canmore Blvd,61 Canmore Blvd,M1C 3T7,SC,SC,Morrish Public School,115001,6444773,61,None,,None,9526,"{""coordinates"": [[-79.1792700314566, 43.7931879168947]], ""type"": ""MultiPoint""}"
631,730,779906,MORSE STREET JR PUBLIC SCHOOL ,None,EP,Toronto District School Board,180 CARLAW AVE ,English Public,779906,180,Carlaw Ave,180 Carlaw Ave,M4M 2R9,TO,TO,Morse Street Junior Public School,115001,14038008,180,None,,None,56,"{""coordinates"": [[-79.3401666940977, 43.6601669135408]], ""type"": ""MultiPoint""}"
632,731,1027151,MOTHER CABRINI CATHOLIC ELEMENTARY SCHOOL,None,ES,Toronto Catholic District School Board,720 RENFORTH DR ,English Separate,1027151,720,Renforth Dr,720 Renforth Dr,M9C 2N9,ET,ET,Mother Cabrini Catholic School,115001,910405,720,None,,None,2353,"{""coordinates"": [[-79.5860339131245, 43.6636644387222]], ""type"": ""MultiPoint""}"
633,732,544255,MUIRHEAD PUBLIC SCHOOL ,None,EP,Toronto District School Board,25 MUIRHEAD RD ,English Public,544255,25,Muirhead Rd,25 Muirhead Rd,M2J 3W3,NY,NY,Muirhead Public School,115001,437939,25,None,,None,6256,"{""coordinates"": [[-79.3374501774332, 43.7788840209192]], ""type"": ""MultiPoint""}"
634,733,772775,"MUNK SCHOOL OF GLOBAL AFFAIRS AT THE OBSERVATORY - U OF T, BLDG 89",None,U,None,315 BLOOR ST W,University,772775,315,Bloor St W,315 Bloor St W,M5S 0A7,TO,TO,None,115001,1142564,315,None,,None,458,"{""coordinates"": [[-79.3985624500635, 43.6674469424306]], ""type"": ""MultiPoint""}"
635,734,8408608,"MUNK SCHOOL OF GLOBAL AFFAIRS AT TRINITY - U OF T, BLDG 12A",None,U,None,1 DEVONSHIRE PL ,University,8408608,1,Devonshire Pl,1 Devonshire Pl,M5S 3K7,TO,TO,None,115001,8408578,1,None,,None,3293,"{""coordinates"": [[-79.3966361672399, 43.6650089333942]], ""type"": ""MultiPoint""}"
636,735,8408579,"MUNK SCHOOL OF GLOBAL AFFAIRS GRAHAM LIBRARY - U OF T, BLDG 12C",None,U,None,3 DEVONSHIRE PL ,University,8408579,3,Devonshire Pl,3 Devonshire Pl,None,TO,TO,None,115001,8408578,3,None,,None,3293,"{""coordinates"": [[-79.3966077346758, 43.6650308259381]], ""type"": ""MultiPoint""}"
637,736,10924126,NATIONAL BALLET SCHOOL,None,PR,None,400 JARVIS ST ,Private,10924126,400,Jarvis St,400 Jarvis St,M4Y 2G6,TO,TO,National Ballet School,115001,20058417,400,None,,None,3741,"{""coordinates"": [[-79.3775832929039, 43.663598141657]], ""type"": ""MultiPoint""}"
638,737,10924127,NATIONAL BALLET SCHOOL - BETTY OLIPHANT THEATRE,None,PR,None,404 JARVIS ST ,Private,10924127,404,Jarvis St,404 Jarvis St,M4Y 2G6,TO,TO,None,115001,20058417,404,None,,None,3741,"{""coordinates"": [[-79.378081528835, 43.6642617577578]], ""type"": ""MultiPoint""}"
639,738,20041296,NATIONAL BALLET SCHOOL - MAISON STAINES HOUSE & SALLE CURRIE HALL,None,PR,None,105 MAITLAND ST ,Private,20041296,105,Maitland St,105 Maitland St,M4Y 1E4,TO,TO,The National Ballet School,115001,1143002,105,None,,None,3899,"{""coordinates"": [[-79.3794314496424, 43.6646594644301]], ""type"": ""MultiPoint""}"
640,739,20035160,NATIONAL BALLET SCHOOL - MARGARET MCCAIN ACEDEMIC CENTRE,None,PR,None,354 JARVIS ST ,Private,20035160,354,Jarvis St,354 Jarvis St,M4Y 2G6,TO,TO,None,115001,20058416,354,None,,None,3741,"{""coordinates"": [[-79.3774076379847, 43.6632298346261]], ""type"": ""MultiPoint""}"
641,740,14204941,NATIONAL BALLET SCHOOL - THE SHOE ROOM,None,PR,None,406 JARVIS ST ,Private,14204941,406,Jarvis St,406 Jarvis St,M4Y 2G6,TO,TO,None,115001,20058417,406,None,,None,3741,"{""coordinates"": [[-79.3778877651411, 43.6644076786636]], ""type"": ""MultiPoint""}"
642,741,3049684,NATIVITY OF OUR LORD CATHOLIC ELEMENTARY SCHOOL,None,ES,Toronto Catholic District School Board,35 SAFFRON CRES ,English Separate,3049684,35,Saffron Cres,35 Saffron Cres,M9C 3T8,ET,ET,Nativity of Our Lord Catholic School,115001,3049685,35,None,,None,2425,"{""coordinates"": [[-79.575506466774, 43.6534070908518]], ""type"": ""MultiPoint""}"
643,742,11915543,NEIL MCNEIL CATHOLIC HIGH SCHOOL,None,ES,Toronto Catholic District School Board,127 VICTORIA PARK AVE ,English Separate,11915543,127,Victoria Park Ave,127 Victoria Park Ave,M4E 3S2,SC,SC,Neil McNeil Catholic High School,115001,30077402,127,None,,None,370,"{""coordinates"": [[-79.2828981618609, 43.6792997723282]], ""type"": ""MultiPoint""}"
644,743,7635592,NELSON MANDELA PARK PUBLIC SCHOOL,None,EP,Toronto District School Board,440 SHUTER ST ,English Public,7635592,440,Shuter St,440 Shuter St,M5A 1X6,TO,TO,Nelson Mandela Park Public School,115001,30137355,440,None,,None,4403,"{""coordinates"": [[-79.3605527757157, 43.6582511901491]], ""type"": ""MultiPoint""}"
645,744,331512,NEW COVENANT CHURCH SCHOOL,None,PR,None,1800 ELLESMERE RD ,Private,331512,1800,Ellesmere Rd,1800 Ellesmere Rd,M1H 2V5,SC,SC,None,115001,107745,1800,None,,None,7835,"{""coordinates"": [[-79.2448446014296, 43.7745350940689]], ""type"": ""MultiPoint""}"
646,745,30030968,NEW HAVEN LEARNING CENTRE FOR CHILDREN,None,PR,None,301 LANOR AVE ,Private,30030968,301,Lanor Ave,301 Lanor Ave,M8W 2R1,ET,ET,None,115001,7323710,301,None,,None,1972,"{""coordinates"": [[-79.5336104773711, 43.6111896759132]], ""type"": ""MultiPoint""}"
647,746,20357116,NEWTON INTERNATIONAL COLLEGE SCHOOL,None,PR,None,143 WILLOWDALE AVE ,Private,20357116,143,Willowdale Ave,143 Willowdale Ave,M2N 4Y5,NY,NY,None,115001,439319,143,None,,None,7093,"{""coordinates"": [[-79.4001750093446, 43.7660996132456]], ""type"": ""MultiPoint""}"
648,747,10335749,NEWTONBROOK SECONDARY SCHOOL,None,EP,Toronto District School Board,155 HILDA AVE ,English Public,10335749,155,Hilda Ave,155 Hilda Ave,M2M 1V6,NY,NY,Newtonbrook Secondary School,115001,10335742,155,None,,None,5839,"{""coordinates"": [[-79.4262425900561, 43.7935491354672]], ""type"": ""MultiPoint""}"
649,748,12267344,NIAGARA STREET JR PUBLIC SCHOOL,None,EP,Toronto District School Board,222 NIAGARA ST ,English Public,12267344,222,Niagara St,222 Niagara St,M6J 2L3,TO,TO,Niagara Street Junior Public School,115001,12267343,222,None,,None,4060,"{""coordinates"": [[-79.4082529250071, 43.6439374594858]], ""type"": ""MultiPoint""}"
650,749,11739450,NILE ACADEMY SCHOOL - BLUE HAVEN CAMPUS,None,PR,None,5 BLUE HAVEN CRES ,Private,11739450,5,Blue Haven Cres,5 Blue Haven Cres,M9M 1W6,NY,NY,Bambolino Preschool Montessori Academy,115001,30001654,5,None,,None,11430,"{""coordinates"": [[-79.5582630205465, 43.744521608379]], ""type"": ""MultiPoint""}"
651,750,325679,NORMAN COOK JR PUBLIC SCHOOL,None,EP,Toronto District School Board,725 DANFORTH RD ,English Public,325679,725,Danforth Rd,725 Danforth Rd,M1K 1G4,SC,SC,Norman Cook Junior Public School,115001,30015906,725,None,,None,7707,"{""coordinates"": [[-79.2577951134452, 43.7190391303055]], ""type"": ""MultiPoint""}"
652,751,510159,NORMAN INGRAM PUBLIC SCHOOL,None,EP,Toronto District School Board,50 DUNCAIRN RD ,English Public,510159,50,Duncairn Rd,50 Duncairn Rd,M3B 1C8,NY,NY,Norman Ingram Public School,115001,442273,50,None,,None,5453,"{""coordinates"": [[-79.3496061486394, 43.7399524524339]], ""type"": ""MultiPoint""}"
653,752,7794390,NORSEMAN JR MDL SCHOOL,None,EP,Toronto District School Board,105 NORSEMAN ST ,English Public,7794390,105,Norseman St,105 Norseman St,M8Z 2R1,ET,ET,Norseman Junior Middle School,115001,7794393,105,None,,None,2193,"{""coordinates"": [[-79.5163297488864, 43.6343052597247]], ""type"": ""MultiPoint""}"
654,753,365117,NORTH AGINCOURT JR PUBLIC SCHOOL,None,EP,Toronto District School Board,60 MORAN RD ,English Public,365117,60,Moran Rd,60 Moran Rd,M1S 2J3,SC,SC,North Agincourt Junior Public School,115001,105519,60,None,,None,8529,"{""coordinates"": [[-79.2762127949402, 43.7964537061583]], ""type"": ""MultiPoint""}"
655,754,3497653,NORTH ALBION COLLEGIATE INSTITUTE ,None,EP,Toronto District School Board,2580 KIPLING AVE ,English Public,3497653,2580,Kipling Ave,2580 Kipling Ave,M9V 3B2,ET,ET,North Albion Collegiate Institute,115001,3497654,2580,None,,None,1935,"{""coordinates"": [[-79.585142778825, 43.7471415785069]], ""type"": ""MultiPoint""}"
656,755,303840,NORTH BENDALE JR PUBLIC SCHOOL ,None,EP,Toronto District School Board,29 AVELINE CRES ,English Public,303840,29,Aveline Cres,29 Aveline Cres,M1H 2P4,SC,SC,North Bendale Junior Public School,115001,108255,29,None,,None,7259,"{""coordinates"": [[-79.2478021030816, 43.7705721088236]], ""type"": ""MultiPoint""}"
657,756,321476,NORTH BRIDLEWOOD JR PUBLIC SCHOOL,None,EP,Toronto District School Board,50 COLLINGSBROOK BLVD ,English Public,321476,50,Collingsbrook Blvd,50 Collingsbrook Blvd,M1W 1L7,SC,SC,North Bridlewood Junior Public School,115001,106384,50,None,,None,7625,"{""coordinates"": [[-79.3185870835038, 43.788916355463]], ""type"": ""MultiPoint""}"
658,757,14073053,NORTH KIPLING JR MDL SCHOOL,None,EP,Toronto District School Board,2 ROWNTREE RD ,English Public,14073053,2,Rowntree Rd,2 Rowntree Rd,M9V 5C7,ET,ET,"North Kipling Junior Middle School, North Kipling Community Centre",115001,30088407,2,None,,None,2408,"{""coordinates"": [[-79.5844719859096, 43.7520919012962]], ""type"": ""MultiPoint""}"
659,758,870542,NORTH PREPARATORY JR PUBLIC SCHOOL,None,EP,Toronto District School Board,1100 SPADINA RD ,English Public,870542,1100,Spadina Rd,1100 Spadina Rd,M5N 2M6,TO,TO,North Preparatory Junior Public School,115001,1138559,1100,None,,None,4428,"{""coordinates"": [[-79.4203748853603, 43.7057655831012]], ""type"": ""MultiPoint""}"
660,759,9602753,NORTH TORONTO CHRISTIAN SCHOOL,None,PR,None,255 YORKLAND BLVD ,Private,9602753,255,Yorkland Blvd,255 Yorkland Blvd,M2J 1S3,NY,NY,None,115001,9602752,255,None,,None,7150,"{""coordinates"": [[-79.3367506936917, 43.7734330101075]], ""type"": ""MultiPoint""}"
661,760,20097962,NORTH TORONTO COLLEGIATE INSTITUTE,None,EP,Toronto District School Board,17 BROADWAY AVE ,English Public,20097962,17,Broadway Ave,17 Broadway Ave,M4P 1T7,TO,TO,None,115001,7632816,17,None,,None,45,"{""coordinates"": [[-79.3966000753378, 43.7098067339604]], ""type"": ""MultiPoint""}"
662,761,11129857,NORTH YORK LINC ,None,EP,Toronto District School Board,685 SHEPPARD AVE E,English Public,11129857,685,Sheppard Ave E,685 Sheppard Ave E,M2K 1B6,NY,NY,None,115001,30133566,685,None,,None,6698,"{""coordinates"": [[-79.3783925771831, 43.7683164393716]], ""type"": ""MultiPoint""}"
663,762,845013,NORTHERN SECONDARY SCHOOL,None,EP,Toronto District School Board,851 MOUNT PLEASANT RD ,English Public,845013,851,Mount Pleasant Rd,851 Mount Pleasant Rd,M4P 2L5,TO,TO,Northern Secondary School,115001,1138214,851,None,,None,4022,"{""coordinates"": [[-79.3901642998392, 43.7105370975811]], ""type"": ""MultiPoint""}"
664,763,33244,NORTHLEA ELEMENTARY & MDL SCHOOL ,None,EP,Toronto District School Board,305 RUMSEY RD ,English Public,33244,305,Rumsey Rd,305 Rumsey Rd,M4G 1R4,EY,EY,Northlea Elementary and Middle School,115001,222,305,None,,None,318,"{""coordinates"": [[-79.3696628900613, 43.7144436649986]], ""type"": ""MultiPoint""}"
665,764,11541973,NORTHMOUNT ELEMENTARY SCHOOL,None,PR,None,26 MALLARD RD ,Private,11541973,26,Mallard Rd,26 Mallard Rd,M3B 1S3,NY,NY,None,115001,11541970,26,None,,None,6135,"{""coordinates"": [[-79.3499322133745, 43.7477223222724]], ""type"": ""MultiPoint""}"
666,765,30030280,NORTHVIEW HEIGHTS SECONDARY SCHOOL,None,EP,Toronto District School Board,550 FINCH AVE W,English Public,30030280,550,Finch Ave W,550 Finch Ave W,M2R 1N6,NY,NY,Northview Heights Secondary School,115001,20092034,550,None,,None,1610,"{""coordinates"": [[-79.4461177069985, 43.7738827738809]], ""type"": ""MultiPoint""}"
667,766,14198771,NORWAY JR PUBLIC SCHOOL ,None,EP,Toronto District School Board,390 KINGSTON RD ,English Public,14198771,390,Kingston Rd,390 Kingston Rd,M4L 1T9,TO,TO,Norway Junior Public School,115001,1140851,390,None,,None,3786,"{""coordinates"": [[-79.3062198263356, 43.6763729088119]], ""type"": ""MultiPoint""}"
668,767,6294727,NOTRE DAME CATHOLIC HIGH SCHOOL,None,ES,Toronto Catholic District School Board,12 MALVERN AVE ,English Separate,6294727,12,Malvern Ave,12 Malvern Ave,M4E 3E1,TO,TO,Notre Dame High School,115001,1140104,12,None,,None,3904,"{""coordinates"": [[-79.2931313771107, 43.6806857787975]], ""type"": ""MultiPoint""}"
669,768,993855,NOTRE DAME DE GRACE CATHOLIC ELEMENTARY SCHOOL,None,ES,Toronto Catholic District School Board,59 CLEMENT RD ,English Separate,993855,59,Clement Rd,59 Clement Rd,M9R 1Y5,ET,ET,Notre Dame De Grace Catholic Elementary School,115001,909476,59,None,,None,1358,"{""coordinates"": [[-79.5598091719247, 43.6792638342705]], ""type"": ""MultiPoint""}"
670,769,7576550,NYGH OUTPATIENT AND COMMUNITY SERVICES CENTRE/URBAN INTERNATIONAL,None,PR,None,2 CHAMPAGNE DR ,Private,7576550,2,Champagne Dr,2 Champagne Dr,M3J 0K2,NY,NY,None,115001,7576548,2,None,,None,5164,"{""coordinates"": [[-79.4723369775831, 43.7664184631025]], ""type"": ""MultiPoint""}"
671,770,7955771,OAK LEARNERS,None,PR,None,394 ROYAL YORK RD ,Private,7955771,394,Royal York Rd,394 Royal York Rd,M8Y 2R3,ET,ET,None,115001,7955692,394,None,,None,2413,"{""coordinates"": [[-79.4998646876554, 43.61902210479]], ""type"": ""MultiPoint""}"
672,771,523032,OAKDALE PARK MDL SCHOOL,None,EP,Toronto District School Board,315 GRANDRAVINE DR ,English Public,523032,315,Grandravine Dr,315 Grandravine Dr,M3N 1J5,NY,NY,Oakdale Park Middle School,115001,30100304,315,None,,None,5733,"{""coordinates"": [[-79.5119920580985, 43.7474650745775]], ""type"": ""MultiPoint""}"
673,772,315052,OAKRIDGE JR PUBLIC SCHOOL,None,EP,Toronto District School Board,110 BYNG AVE ,English Public,315052,110,Byng Ave,110 BYNG AVE ,None,SC,SC,Oakridge Junior Public School,115001,112907,110,None,,None,9832,"{""coordinates"": [[-79.2815887508899, 43.6954675997844]], ""type"": ""MultiPoint""}"
674,773,12116136,OAKWOOD COLLEGIATE INSTITUTE,None,EP,Toronto District School Board,991 ST CLAIR AVE W,English Public,12116136,991,St Clair Ave W,991 St Clair Ave W,M6E 1A3,TO,TO,Oakwood Collegiate Institute,115001,12116129,991,None,,None,890,"{""coordinates"": [[-79.4363790055539, 43.6786558887327]], ""type"": ""MultiPoint""}"
675,774,12631087,OCAD UNIVERSITY - ABOVEGROUND ART SUPPLIES,None,U,None,74 MC CAUL ST ,University,12631087,74,Mc Caul St,74 Mc Caul St,M5T 3K2,TO,TO,None,115001,12631085,74,None,,None,3951,"{""coordinates"": [[-79.390912964008, 43.6524633790814]], ""type"": ""MultiPoint""}"
676,775,12631093,OCAD UNIVERSITY - ANNEX BUILDING,None,U,None,113 MC CAUL ST ,University,12631093,113,Mc Caul St,113 Mc Caul St,None,TO,TO,None,115001,12631085,113,None,,None,3951,"{""coordinates"": [[-79.3910771987989, 43.6539177497683]], ""type"": ""MultiPoint""}"
677,776,10947998,OCAD UNIVERSITY - INCLUSIVE DESIGN INSTITUTE,None,U,None,49 MC CAUL ST ,University,10947998,49,Mc Caul St,49 Mc Caul St,None,TO,TO,None,115001,10947999,49,None,,None,3951,"{""coordinates"": [[-79.3900624572398, 43.6515933301785]], ""type"": ""MultiPoint""}"
678,777,14606896,OCAD UNIVERSITY - MAIN BUILDING 416 977-6000,None,U,None,100 MC CAUL ST ,University,14606896,100,Mc Caul St,100 Mc Caul St,M5T 1W1,TO,TO,None,115001,12631085,100,None,,None,3951,"{""coordinates"": [[-79.3912049793858, 43.6530033697216]], ""type"": ""MultiPoint""}"
679,778,12631086,OCAD UNIVERSITY - ROSALIE SHARP PAVILION,None,U,None,115 MC CAUL ST ,University,12631086,115,Mc Caul St,115 Mc Caul St,None,TO,TO,None,115001,12631085,115,None,,None,3951,"{""coordinates"": [[-79.3911552491293, 43.6540223298403]], ""type"": ""MultiPoint""}"
680,779,14208234,OCAD UNIVERSITY - STUDENT CENTRE,None,U,None,51 MC CAUL ST ,University,14208234,51,Mc Caul St,51 Mc Caul St,M5T 2W7,TO,TO,None,115001,10947999,51,None,,None,3951,"{""coordinates"": [[-79.3901495341339, 43.6518576127575]], ""type"": ""MultiPoint""}"
681,780,7796143,OCAD UNIVERSITY - THE LEARNING ZONE,None,U,None,122 ST PATRICK ST ,University,7796143,122,St Patrick St,122 St Patrick St,M5T 2X8,TO,TO,None,115001,14121645,122,None,,None,4471,"{""coordinates"": [[-79.3901433056414, 43.653472351184]], ""type"": ""MultiPoint""}"
682,781,8609165,O'CONNOR PUBLIC SCHOOL,None,EP,Toronto District School Board,1665 O'CONNOR DR ,English Public,8609165,1665,O'Connor Dr,1665 O'Connor Dr,M4A 1W5,NY,NY,O'Connor Public School,115001,8609163,1665,None,,None,274,"{""coordinates"": [[-79.304152132862, 43.7165073254377]], ""type"": ""MultiPoint""}"
683,782,853889,OGDEN JR PUBLIC SCHOOL,None,EP,Toronto District School Board,33 PHOEBE ST ,English Public,853889,33,Phoebe St,33 Phoebe St,M5T 1A8,TO,TO,Ogden Junior Public School,115001,20089930,33,None,,None,4188,"{""coordinates"": [[-79.395126856022, 43.6500136150807]], ""type"": ""MultiPoint""}"
684,783,990939,OLIVET NEW CHURCH ELEMENTARY SCHOOL,None,PR,None,279 BURNHAMTHORPE RD ,Private,990939,279,Burnhamthorpe Rd,279 Burnhamthorpe Rd,M9B 1Z6,ET,ET,None,115001,911255,279,None,,None,1266,"{""coordinates"": [[-79.5448717545436, 43.6500467208584]], ""type"": ""MultiPoint""}"
685,784,9947932,ORDE STREET JR PUBLIC SCHOOL ,None,EP,Toronto District School Board,18 ORDE ST ,English Public,9947932,18,Orde St,18 Orde St,M5T 1N7,TO,TO,Orde Street Public School,115001,30106991,18,None,,None,4112,"{""coordinates"": [[-79.3921831928027, 43.6585557903481]], ""type"": ""MultiPoint""}"
686,785,7323683,ORIOLE PARK JR PUBLIC SCHOOL ,None,EP,Toronto District School Board,80 BRAEMAR AVE ,English Public,7323683,80,Braemar Ave,80 Braemar Ave,M5P 2L4,TO,TO,Oriole Park Junior Public School,115001,7323668,80,None,,None,3050,"{""coordinates"": [[-79.4096932774579, 43.7025715516779]], ""type"": ""MultiPoint""}"
687,786,9486678,OSSINGTON OLD ORCHARD JR PUBLIC SCHOOL,None,EP,Toronto District School Board,380 OSSINGTON AVE ,English Public,9486678,380,Ossington Ave,380 Ossington Ave,M6J 3A5,TO,TO,Ossington/Old Orchard Junior Public School,115001,14019831,380,None,,None,4125,"{""coordinates"": [[-79.4225997592765, 43.6527076700775]], ""type"": ""MultiPoint""}"
688,787,388154,OUR LADY OF FATIMA CATHOLIC ELEMENTARY SCHOOL,None,ES,Toronto Catholic District School Board,3176 ST CLAIR AVE E,English Separate,388154,3176,St Clair Ave E,3176 St Clair Ave E,M1L 1V6,SC,SC,Our Lady Of Fatima Catholic School,115001,112339,3176,None,,None,339,"{""coordinates"": [[-79.2936158525246, 43.7101599387233]], ""type"": ""MultiPoint""}"
689,788,313294,OUR LADY OF GRACE CATHOLIC ELEMENTARY SCHOOL,None,EP,Toronto District School Board,121 BRIMWOOD BLVD ,English Public,313294,121,Brimwood Blvd,121 Brimwood Blvd,M1V 1E5,SC,SC,Our Lady Of Grace Catholic School,115001,103854,121,None,,None,7438,"{""coordinates"": [[-79.275044466151, 43.8124790853726]], ""type"": ""MultiPoint""}"
690,789,10906432,OUR LADY OF GUADALUPE CATHOLIC ELEMENTARY SCHOOL,None,ES,Toronto Catholic District School Board,3105 DON MILLS RD ,English Separate,10906432,3105,Don Mills Rd,3105 Don Mills Rd,M2J 3C2,NY,NY,Our Lady of Guadalupe,115001,10906429,3105,None,,None,100,"{""coordinates"": [[-79.3533482302606, 43.7898742436904]], ""type"": ""MultiPoint""}"
691,790,10923487,OUR LADY OF LOURDES CATHOLIC ELEMENTARY SCHOOL,None,ES,Toronto Catholic District School Board,444 SHERBOURNE ST ,English Separate,10923487,444,Sherbourne St,444 Sherbourne St,M4X 1K2,TO,TO,Our Lady Of Lourdes Catholic School,115001,10923460,444,None,,None,4391,"{""coordinates"": [[-79.3746955627633, 43.6660434935425]], ""type"": ""MultiPoint""}"
692,791,9530460,OUR LADY OF PEACE CATHOLIC ELEMENTARY SCHOOL,None,ES,Toronto Catholic District School Board,70 MATTICE AVE ,English Separate,9530460,70,Mattice Ave,70 Mattice Ave,M9B 1T6,ET,ET,Our Lady Of Peace Catholic School,115001,9530456,70,None,,None,2072,"{""coordinates"": [[-79.54107815468, 43.6465122489888]], ""type"": ""MultiPoint""}"
693,792,13971319,OUR LADY OF PERPETUAL HELP CATHOLIC ELEMENTARY SCHOOL,None,ES,Toronto Catholic District School Board,1-1/2 GARFIELD AVE ,English Separate,13971319,1 1/2,Garfield Ave,1 1/2 Garfield Ave,M4T 1E6,TO,TO,Our Lady Of Perpetual Help C S,115001,7944486,1,1/2,,None,3483,"{""coordinates"": [[-79.3834646497375, 43.687105081373]], ""type"": ""MultiPoint""}"
694,793,1019749,OUR LADY OF SORROWS CATHOLIC ELEMENTARY SCHOOL,None,ES,Toronto Catholic District School Board,32 MONTGOMERY RD ,English Separate,1019749,32,Montgomery Rd,32 Montgomery Rd,M8X 1Z4,ET,ET,Our Lady of Sorrows,115001,911305,32,None,,None,2136,"{""coordinates"": [[-79.5189670333434, 43.6482193681748]], ""type"": ""MultiPoint""}"
695,794,521683,OUR LADY OF THE ASSUMPTION CATHOLIC ELEMENTARY SCHOOL,None,ES,Toronto Catholic District School Board,125 GLENMOUNT AVE ,English Separate,521683,125,Glenmount Ave,125 Glenmount Ave,M6B 3C2,NY,NY,Our Lady of the Assumption Catholic School,115001,445392,125,None,,None,5702,"{""coordinates"": [[-79.4316993861152, 43.7163703521353]], ""type"": ""MultiPoint""}"
696,795,9531820,OUR LADY OF VICTORY CATHOLIC ELEMENTARY SCHOOL,None,ES,Toronto Catholic District School Board,70 GUESTVILLE AVE ,English Separate,9531820,70,Guestville Ave,70 Guestville Ave,M6N 4N3,YK,YK,Our Lady Of Victory Catholic School,115001,8787,70,None,,None,637,"{""coordinates"": [[-79.4898300918393, 43.6836610022383]], ""type"": ""MultiPoint""}"
697,796,348652,OUR LADY OF WISDOM CATHOLIC ELEMENTARY SCHOOL,None,EP,Toronto District School Board,10 JAPONICA RD ,English Public,348652,10,Japonica Rd,10 Japonica Rd,M1R 4R7,SC,SC,Our Lady Of Wisdom Catholic School,115001,109091,10,None,,None,8189,"{""coordinates"": [[-79.3083463663182, 43.7619465822385]], ""type"": ""MultiPoint""}"
698,797,548156,OVERLAND LEARNING CENTRE,None,EP,Toronto District School Board,55 OVERLAND DR ,English Public,548156,55,Overland Dr,55 Overland Dr,M3C 2C3,NY,NY,Overland Learning Centre,115001,443301,55,None,,None,6354,"{""coordinates"": [[-79.3484836114523, 43.73179772358]], ""type"": ""MultiPoint""}"
699,798,3244814,OVERLEA LINC,None,EP,Toronto District School Board,14 OVERLEA BLVD ,English Public,3244814,14,Overlea Blvd,14 Overlea Blvd,M4H 1A4,EY,EY,None,115001,60009917,14,None,,None,278,"{""coordinates"": [[-79.3518592109504, 43.7037825249181]], ""type"": ""MultiPoint""}"
700,799,548301,OWEN PUBLIC SCHOOL,None,EP,Toronto District School Board,111 OWEN BLVD ,English Public,548301,111,Owen Blvd,111 Owen Blvd,M2P 1G6,NY,NY,Owen Public School,115001,441294,111,None,,None,6357,"{""coordinates"": [[-79.3925162004247, 43.7490561850855]], ""type"": ""MultiPoint""}"
701,800,20237239,OXFORD COLLEGE OF CANADA SECONDARY SCHOOL ,None,PR,None,155 CONSUMERS RD ,Private,20237239,155,Consumers Rd,155 Consumers Rd,M2J 0A3,NY,NY,None,115001,438551,155,None,,None,5264,"{""coordinates"": [[-79.3327116127359, 43.7732105926064]], ""type"": ""MultiPoint""}"
702,801,2119861,P T MONTESSORI SCHOOL,None,PR,None,280 CULFORD RD ,Private,2119861,280,Culford Rd,280 Culford Rd,M6L 2V3,NY,NY,Elverston Trethewey United,115001,2119854,280,None,,None,5309,"{""coordinates"": [[-79.4908558223165, 43.7131715599365]], ""type"": ""MultiPoint""}"
703,802,6619760,PALMERSTON AVENUE JR PUBLIC SCHOOL,None,EP,Toronto District School Board,734 PALMERSTON AVE ,English Public,6619760,734,Palmerston Ave,734 Palmerston Ave,M6G 2R4,TO,TO,Palmerston Avenue Junior Public School,115001,6619772,734,None,,None,4142,"{""coordinates"": [[-79.4152049534391, 43.6681449064113]], ""type"": ""MultiPoint""}"
704,803,14615167,PAPE AVENUE JR PUBLIC SCHOOL,None,EP,Toronto District School Board,220 LANGLEY AVE ,English Public,14615167,220,Langley Ave,220 Langley Ave,M4K 1B9,TO,TO,Pape Avenue Junior Public School,115001,14022329,220,None,,None,3812,"{""coordinates"": [[-79.3418936177203, 43.670351887554]], ""type"": ""MultiPoint""}"
705,804,7684096,PARK LANE PUBLIC SCHOOL,None,EP,Toronto District School Board,60 PARK LANE CRCL ,English Public,7684096,60,Park Lane Crcl,60 Park Lane Crcl,M3C 2N2,NY,NY,Park Lane Public School,115001,7683816,60,None,,None,6377,"{""coordinates"": [[-79.3668200605055, 43.7289236202676]], ""type"": ""MultiPoint""}"
706,805,985525,PARK LAWN JR MDL SCHOOL,None,EP,Toronto District School Board,71 BALLACAINE DR ,English Public,985525,71,Ballacaine Dr,71 Ballacaine Dr,M8Y 4B6,ET,ET,Park Lawn Junior Middle School,115001,912249,71,None,,None,1101,"{""coordinates"": [[-79.4964469164461, 43.6377066076306]], ""type"": ""MultiPoint""}"
707,806,8168404,PARKDALE COLLEGIATE INSTITUTE,None,EP,Toronto District School Board,209 JAMESON AVE ,English Public,8168404,209,Jameson Ave,209 Jameson Ave,M6K 2Y3,TO,TO,Parkdale Collegiate Institute,115001,8168402,209,None,,None,3740,"{""coordinates"": [[-79.4360685050841, 43.6396575139163]], ""type"": ""MultiPoint""}"
708,807,10180114,PARKDALE JR & SR PUBLIC SCHOOL,None,EP,Toronto District School Board,78 SEAFORTH AVE ,English Public,10180114,78,Seaforth Ave,78 Seaforth Ave,M6K 3L2,TO,TO,Parkdale Junior and Senior Public School,115001,10180125,78,None,,None,4372,"{""coordinates"": [[-79.4367985750645, 43.6431872870807]], ""type"": ""MultiPoint""}"
709,808,1026461,PARKFIELD JR SCHOOL ,None,EP,Toronto District School Board,31 REDGRAVE DR ,English Public,1026461,31,Redgrave Dr,31 Redgrave Dr,M9R 3T9,ET,ET,Parkfield Junior School,115001,909329,31,None,,None,2345,"{""coordinates"": [[-79.5697578514709, 43.6822877769246]], ""type"": ""MultiPoint""}"
710,809,6427685,PARKSIDE ELEMENTARY SCHOOL ,None,EP,Toronto District School Board,401 CEDARVALE AVE ,English Public,6427685,401,Cedarvale Ave,401 Cedarvale Ave,M4C 4K7,EY,EY,Parkside Elementary School,115001,30118988,401,None,,None,58,"{""coordinates"": [[-79.3163183865433, 43.6994434678363]], ""type"": ""MultiPoint""}"
711,810,373500,PARKVIEW ALTERNATIVE SCHOOL ,None,EP,Toronto District School Board,1641 PHARMACY AVE ,English Public,373500,1641,Pharmacy Ave,1641 Pharmacy Ave,M1R 2L2,SC,SC,Parkview Alternative School,115001,108595,1641,None,,None,8691,"{""coordinates"": [[-79.313002607885, 43.7673772800379]], ""type"": ""MultiPoint""}"
712,811,8418224,PAUL PENNA DOWNTOWN JEWISH DAY SCHOOL & MILES NADAL JEWISH COMMUNITY CENTRE,None,PR,None,750 SPADINA AVE ,Private,8418224,750,Spadina Ave,750 Spadina Ave,M5S 2J2,TO,TO,Miles Nadal Jewish Community Centre,115001,8418213,750,None,,None,4426,"{""coordinates"": [[-79.4040622529464, 43.6662065898734]], ""type"": ""MultiPoint""}"
713,812,329105,PAULINE JOHNSON JR PUBLIC SCHOOL,None,EP,Toronto District School Board,35 DUNMURRAY BLVD ,English Public,329105,35,Dunmurray Blvd,35 Dunmurray Blvd,M1T 2K2,SC,SC,Pauline Johnson Junior Public School,115001,106690,35,None,,None,7788,"{""coordinates"": [[-79.3035712981415, 43.7851298582651]], ""type"": ""MultiPoint""}"
714,813,9638081,PAULINE JR PUBLIC SCHOOL,None,EP,Toronto District School Board,100 PAULINE AVE ,English Public,9638081,100,Pauline Ave,100 Pauline Ave,M6H 3M8,TO,TO,Pauline Junior Public School,115001,14012736,100,None,,None,4168,"{""coordinates"": [[-79.4391436705617, 43.6624891075822]], ""type"": ""MultiPoint""}"
715,814,519066,PELMO PARK PUBLIC SCHOOL ,None,EP,Toronto District School Board,180 GARY DR ,English Public,519066,180,Gary Dr,180 Gary Dr,M9N 2M1,NY,NY,Pelmo Park Public School,115001,445999,180,None,,None,5666,"{""coordinates"": [[-79.5181161605692, 43.7120567278162]], ""type"": ""MultiPoint""}"
716,815,60019169,PENGUIN PRIVATE SCHOOL,None,PR,None,3461-3467 LAKE SHORE BLVD W,Private,60019169,3467,Lake Shore Blvd W,3467 Lake Shore Blvd W,M8W 1N2,ET,ET,None,115001,7640791,3467,None,,None,1962,"{""coordinates"": [[-79.5297748820645, 43.595130557325]], ""type"": ""MultiPoint""}"
717,816,397655,PERCY WILLIAMS JR PUBLIC SCHOOL ,None,EP,Toronto District School Board,35 WHITE HEATHER BLVD ,English Public,397655,35,White Heather Blvd,35 White Heather Blvd,M1V 1P6,SC,SC,Percy Williams Junior Public School,115001,103968,35,None,,None,9222,"{""coordinates"": [[-79.2656585281205, 43.8126668817723]], ""type"": ""MultiPoint""}"
718,817,8985455,PERE PHILIPE LAMARCHE CATHOLIC SECONDARY SCHOOL,None,FS,Conseil scolaire de district catholique Centre-Sud,2850 EGLINTON AVE E,French Separate,8985455,2850,Eglinton Ave E,2850 Eglinton Ave E,M1J 2C8,SC,SC,Pere Philippe Lamarche High School,115001,8985453,2850,None,,None,125,"{""coordinates"": [[-79.24070575989, 43.7388885327578]], ""type"": ""MultiPoint""}"
719,818,8431734,PERTH AVENUE JR PUBLIC SCHOOL,None,EP,Toronto District School Board,14 RUSKIN AVE ,English Public,8431734,14,Ruskin Ave,14 Ruskin Ave,M6P 3P8,TO,TO,Perth Avenue Junior Public School,115001,8431729,14,None,,None,4342,"{""coordinates"": [[-79.4524196858968, 43.6628313614165]], ""type"": ""MultiPoint""}"
720,819,7561629,PHOENIX MONTESSORI SCHOOL,None,PR,None,2 STATION RD ,Private,7561629,2,Station Rd,2 Station Rd,M8V 2P9,ET,ET,Wesley Mimico United Church,115001,7561397,2,None,,None,344,"{""coordinates"": [[-79.4936820868974, 43.6129864450901]], ""type"": ""MultiPoint""}"
721,820,576369,PIERRE LAPORTE MDL SCHOOL,None,EP,Toronto District School Board,1270 WILSON AVE ,English Public,576369,1270,Wilson Ave,1270 Wilson Ave,M3M 1H5,NY,NY,Pierre Laporte Middle School,115001,444500,1270,None,,None,4693,"{""coordinates"": [[-79.4921243121893, 43.7250745328027]], ""type"": ""MultiPoint""}"
722,821,551399,PINEWAY PUBLIC SCHOOL,None,EP,Toronto District School Board,110 PINEWAY BLVD ,English Public,551399,110,Pineway Blvd,110 Pineway Blvd,M2H 1A8,NY,NY,"Pineway Public School,Pineway Park",115001,30108298,110,None,,None,6436,"{""coordinates"": [[-79.3745155238261, 43.7964177776079]], ""type"": ""MultiPoint""}"
723,822,30076180,PLEASANT PUBLIC SCHOOL,None,EP,Toronto District School Board,288 PLEASANT AVE ,English Public,30076180,288,Pleasant Ave,288 Pleasant Ave,M2R 2R1,NY,NY,None,115001,437127,288,None,,None,6445,"{""coordinates"": [[-79.4345576870743, 43.7899554182757]], ""type"": ""MultiPoint""}"
724,823,492072,PLEASANT VIEW JR HIGH SCHOOL,None,EP,Toronto District School Board,175 BRIAN DR ,English Public,492072,175,Brian Dr,175 Brian Dr,M2J 3Y8,NY,NY,Pleasant View Middle School,115001,437221,175,None,,None,5028,"{""coordinates"": [[-79.3339032144143, 43.7874877559234]], ""type"": ""MultiPoint""}"
725,824,9340702,POLARIS LEARNING CENTRE SCHOOL,None,PR,None,1560 BAYVIEW AVE ,Private,9340702,1560,Bayview Ave,1560 Bayview Ave,M4G 3B8,TO,TO,None,115001,9340683,1560,None,,None,24,"{""coordinates"": [[-79.3753373121749, 43.7052280891311]], ""type"": ""MultiPoint""}"
726,825,849784,POPE FRANCIS CATHOLIC ELEMENTARY SCHOOL,None,ES,Toronto Catholic District School Board,319 OSSINGTON AVE ,English Separate,849784,319,Ossington Ave,319 Ossington Ave,M6J 3A6,TO,TO,Pope Francis Catholic School,115001,1145355,319,None,,None,4125,"{""coordinates"": [[-79.4210161849604, 43.6516313656822]], ""type"": ""MultiPoint""}"
727,826,326920,POPLAR ROAD JR PUBLIC SCHOOL,None,EP,Toronto District School Board,66 DEARHAM WOOD ,English Public,326920,66,Dearham Wood,66 Dearham Wood,M1E 1S4,SC,SC,Poplar Road Junior Public School,115001,109624,66,None,,None,7725,"{""coordinates"": [[-79.1872408418527, 43.7537306281654]], ""type"": ""MultiPoint""}"
728,827,5024206,PORT ROYAL PUBLIC SCHOOL ,None,EP,Toronto District School Board,408 PORT ROYAL TRL ,English Public,5024206,408,Port Royal Trl,408 Port Royal Trl,M1V 4R1,SC,SC,Port Royal Public School,115001,5024208,408,None,,None,8721,"{""coordinates"": [[-79.2899667499679, 43.8246324049807]], ""type"": ""MultiPoint""}"
729,828,14171495,PORTAGE TRAIL COMMUNITYSCHOOL,None,EP,Toronto District School Board,100 SIDNEY BELSEY CRES ,English Public,14171495,100,Sidney Belsey Cres,100 Sidney Belsey Cres,M6M 5H6,YK,YK,Portage Trail Community School,115001,60007989,100,None,,None,11205,"{""coordinates"": [[-79.5097668839041, 43.6922961842952]], ""type"": ""MultiPoint""}"
730,829,373219,PRECIOUS BLOOD CATHOLIC ELEMENTARY SCHOOL,None,ES,Toronto Catholic District School Board,1035 PHARMACY AVE ,English Separate,373219,1035,Pharmacy Ave,1035 Pharmacy Ave,M1R 2G8,SC,SC,Precious Blood Catholic School,115001,110964,1035,None,,None,8691,"{""coordinates"": [[-79.3022374245071, 43.7393564303003]], ""type"": ""MultiPoint""}"
731,830,34673,PRESTEIGN HEIGHTS ELEMENTARY SCHOOL ,None,EP,Toronto District School Board,2570 ST CLAIR AVE E,English Public,34673,2570,St Clair Ave E,2570 St Clair Ave E,M4B 1M3,EY,EY,Presteign Heights Elementary School,115001,656,2570,None,,None,339,"{""coordinates"": [[-79.3171939752515, 43.7055433445086]], ""type"": ""MultiPoint""}"
732,831,7554003,PRINCE OF PEACE CATHOLIC ELEMENTARY SCHOOL,None,ES,Toronto Catholic District School Board,255 ALTON TOWERS CRCL ,English Separate,7554003,255,Alton Towers Crcl,255 Alton Towers Crcl,M1V 4E7,SC,SC,Prince Of Peace Catholic School,115001,30021288,255,None,,None,9520,"{""coordinates"": [[-79.2789443071917, 43.8253890671487]], ""type"": ""MultiPoint""}"
733,832,10513559,PRINCESS MARGARET JR SCHOOL,None,EP,Toronto District School Board,65 TROMLEY DR ,English Public,10513559,65,Tromley Dr,65 Tromley Dr,M9B 5Y7,ET,ET,Princess Margaret Junior School,115001,10513552,65,None,,None,2659,"{""coordinates"": [[-79.5590577552409, 43.6712220300167]], ""type"": ""MultiPoint""}"
734,833,487320,PROSSERMAN JEWISH COMMUNITY CENTRE & TORAH HIGH - PROSSERMAN JCC CAMPUS,None,PR,None,4588 BATHURST ST ,Private,487320,4588,Bathurst St,4588 Bathurst St,M2R 1W6,NY,NY,Prosserman Jewish Community Centre,115001,30007983,4588,None,,None,436,"{""coordinates"": [[-79.4416656175102, 43.7628232394043]], ""type"": ""MultiPoint""}"
735,834,30121873,PURE DEGREE MANDARIN SCHOOL,None,PR,None,2760 VICTORIA PARK AVE ,Private,30121873,2760,Victoria Park Ave,2760 Victoria Park Ave,M2J 4A8,NY,NY,None,115001,106670,2760,None,,None,370,"{""coordinates"": [[-79.3290976109113, 43.7869672548937]], ""type"": ""MultiPoint""}"
736,835,6350054,QUEEN ALEXANDRA MDL SCHOOL,None,EP,Toronto District School Board,181 BROADVIEW AVE ,English Public,6350054,181,Broadview Ave,181 Broadview Ave,M4M 2G3,TO,TO,Queen Alexandra Middle School,115001,1143632,181,None,,None,44,"{""coordinates"": [[-79.3500911323149, 43.6616429603441]], ""type"": ""MultiPoint""}"
737,836,1028738,QUEEN'S COLLEGIATE ,None,PR,None,200 RONSON DR ,Private,1028738,200,Ronson Dr,200 Ronson Dr,M9W 5Z9,ET,ET,None,115001,908764,200,None,,None,2401,"{""coordinates"": [[-79.5696376319114, 43.6939994793486]], ""type"": ""MultiPoint""}"
738,837,13226957,QUEEN'S ELITE ACADEMY OF CANADA,None,PR,None,3650 VICTORIA PARK AVE ,Private,13226957,3650,Victoria Park Ave,3650 Victoria Park Ave,M2H 3P7,NY,NY,None,115001,13226765,3650,None,,None,370,"{""coordinates"": [[-79.33882932977, 43.8079510484941]], ""type"": ""MultiPoint""}"
739,838,5524348,QUO VADIS ELEMENTARY SCHOOL,None,PR,None,4258 BLOOR ST W,Private,5524348,4258,Bloor St W,4258 Bloor St W,M9C 1Z7,ET,ET,Bloordale United Church,115001,5524341,4258,None,,None,458,"{""coordinates"": [[-79.5688523206208, 43.634619391021]], ""type"": ""MultiPoint""}"
740,839,388308,R H KING ACADEMY,None,EP,Toronto District School Board,3800 ST CLAIR AVE E,English Public,388308,3800,St Clair Ave E,3800 St Clair Ave E,M1M 1V3,SC,SC,R. H. King Academy,115001,111762,3800,None,,None,339,"{""coordinates"": [[-79.2374500349757, 43.7226223410982]], ""type"": ""MultiPoint""}"
741,840,29703,R H MCGREGOR ELEMENTARY SCHOOL,None,EP,Toronto District School Board,555 MORTIMER AVE ,English Public,29703,555,Mortimer Ave,555 Mortimer Ave,M4J 2G9,EY,EY,R. H. Mcgregor Public School,115001,1600,555,None,,None,259,"{""coordinates"": [[-79.3271357421257, 43.6899952579101]], ""type"": ""MultiPoint""}"
742,841,7274066,R J LANG ELEMENTARY & MDL SCHOOL,None,EP,Toronto District School Board,227 DREWRY AVE ,English Public,7274066,227,Drewry Ave,227 Drewry Ave,M2M 1E3,NY,NY,R. J. Lang Elementary and Middle School,115001,437473,227,None,,None,5435,"{""coordinates"": [[-79.4265104765386, 43.7834853825344]], ""type"": ""MultiPoint""}"
743,842,554092,RANCHDALE PUBLIC SCHOOL ,None,EP,Toronto District School Board,60 RANCHDALE CRES ,English Public,554092,60,Ranchdale Cres,60 Ranchdale Cres,M3A 2M3,NY,NY,Ranchdale Public School,115001,440998,60,None,,None,6499,"{""coordinates"": [[-79.3232914375889, 43.7524580000985]], ""type"": ""MultiPoint""}"
744,843,60867,RAWLINSON COMMUNITY SCHOOL ,None,EP,Toronto District School Board,231 GLENHOLME AVE ,English Public,60867,231,Glenholme Ave,231 Glenholme Ave,M6E 3C7,YK,YK,Rawlinson Community School,115001,8735,231,None,,None,615,"{""coordinates"": [[-79.4400434190871, 43.6839770688827]], ""type"": ""MultiPoint""}"
745,844,9270479,REGAL ROAD JR PUBLIC SCHOOL ,None,EP,Toronto District School Board,95 REGAL RD ,English Public,9270479,95,Regal Rd,95 Regal Rd,M6H 2J6,TO,TO,Regal Road Junior Public School,115001,9270480,95,None,,None,4263,"{""coordinates"": [[-79.4400632870577, 43.6737751677408]], ""type"": ""MultiPoint""}"
746,845,372953,REGENT HEIGHTS PUBLIC SCHOOL,None,EP,Toronto District School Board,555 PHARMACY AVE ,English Public,372953,555,Pharmacy Ave,555 Pharmacy Ave,M1L 3H1,SC,SC,Regent Heights Public School,115001,112465,555,None,,None,8691,"{""coordinates"": [[-79.2891326348503, 43.7070156248448]], ""type"": ""MultiPoint""}"
747,846,13971294,REGINA MUNDI CATHOLIC ELEMENTARY SCHOOL,None,ES,Toronto Catholic District School Board,70 PLAYFAIR AVE ,English Separate,13971294,70,Playfair Ave,70 Playfair Ave,M6B 2P9,NY,NY,Regina Mundi Catholic School,115001,446085,70,None,,None,6444,"{""coordinates"": [[-79.4593958766171, 43.7099198210096]], ""type"": ""MultiPoint""}"
748,847,532360,RENE GORDON HEALTH & WELLNESS ACADEMY ,None,EP,Toronto District School Board,20 KAREN RD ,English Public,532360,20,Karen Rd,20 Karen Rd,M3A 3L6,NY,NY,Rene Gordon Health and Wellness Academy,115001,30058561,20,None,,None,5937,"{""coordinates"": [[-79.3401430648432, 43.7619030433066]], ""type"": ""MultiPoint""}"
749,848,986007,REXDALE LEARNING CENTRE LINC,None,EP,Toronto District School Board,30 BARRHEAD CRES ,English Public,986007,30,Barrhead Cres,30 Barrhead Cres,M9W 3Z7,ET,ET,Caring and Safe School LC1,115001,907839,30,None,,None,1110,"{""coordinates"": [[-79.5665521913805, 43.7193132274678]], ""type"": ""MultiPoint""}"
750,849,1009103,RICHVIEW COLLEGIATE INSTITUTE ,None,EP,Toronto District School Board,1738 ISLINGTON AVE ,English Public,1009103,1738,Islington Ave,1738 Islington Ave,M9A 3N2,ET,ET,Richview Collegiate Institute,115001,30023253,1738,None,,None,1863,"{""coordinates"": [[-79.5395009465865, 43.6786465333719]], ""type"": ""MultiPoint""}"
751,850,556083,RIPPLETON PUBLIC SCHOOL,None,EP,Toronto District School Board,21 RIPPLETON RD ,English Public,556083,21,Rippleton Rd,21 Rippleton Rd,M3B 1H4,NY,NY,Rippleton Public School,115001,14186978,21,None,,None,6551,"{""coordinates"": [[-79.3601204660189, 43.7409048373993]], ""type"": ""MultiPoint""}"
752,851,1005812,RIVERCREST JR SCHOOL,None,EP,Toronto District School Board,30 HAREFIELD DR ,English Public,1005812,30,Harefield Dr,30 Harefield Dr,M9W 4C9,ET,ET,Rivercrest Junior School,115001,907426,30,None,,None,1754,"{""coordinates"": [[-79.5695177435715, 43.729716180075]], ""type"": ""MultiPoint""}"
753,852,11585699,RIVERDALE COLLEGIATE INSTITUTE,None,EP,Toronto District School Board,1094 GERRARD ST E,English Public,11585699,1094,Gerrard St E,1094 Gerrard St E,M4M 2A1,TO,TO,Riverdale Collegiate Institute,115001,11585548,1094,None,,None,3495,"{""coordinates"": [[-79.3348598191726, 43.6700476981757]], ""type"": ""MultiPoint""}"
754,853,8855298,ROBBINS HEBREW ACADEMY,None,PR,None,1700 BATHURST ST ,Private,8855298,1700,Bathurst St,1700 Bathurst St,M5P 3K3,YK,YK,Beth Tzedec Synagogue,115001,8855299,1700,None,,None,436,"{""coordinates"": [[-79.4244002758798, 43.6954265728918]], ""type"": ""MultiPoint""}"
755,854,7359582,ROBERT SERVICE SR PUBLIC SCHOOL ,None,EP,Toronto District School Board,945 DANFORTH RD ,English Public,7359582,945,Danforth Rd,945 Danforth Rd,M1K 1J2,SC,SC,Robert Service Senior Public School,115001,7359575,945,None,,None,7707,"{""coordinates"": [[-79.2511781787807, 43.7290251523698]], ""type"": ""MultiPoint""}"
756,855,71840,ROCKCLIFFE MDL SCHOOL,None,EP,Toronto District School Board,400 ROCKCLIFFE BLVD ,English Public,71840,400,Rockcliffe Blvd,400 Rockcliffe Blvd,M6N 4R8,YK,YK,Rockcliffe Middle School,115001,30007274,400,None,,None,847,"{""coordinates"": [[-79.4888938172078, 43.6738651424808]], ""type"": ""MultiPoint""}"
757,856,9212874,ROCKFORD PUBLIC SCHOOL,None,EP,Toronto District School Board,60 ROCKFORD RD ,English Public,9212874,60,Rockford Rd,60 Rockford Rd,M2R 3A7,NY,NY,Rockford Public School,115001,9212590,60,None,,None,6571,"{""coordinates"": [[-79.4524414110058, 43.7858005190036]], ""type"": ""MultiPoint""}"
758,857,820061,RODEN PUBLIC & EQUINOX HOLISTIC ALTERNATIVE,None,EP,Toronto District School Board,151 HIAWATHA RD ,English Public,820061,151,Hiawatha Rd,151 Hiawatha Rd,M4L 2Y1,TO,TO,Roden Public School,115001,14022212,151,None,,None,3656,"{""coordinates"": [[-79.3230764738016, 43.6738732738586]], ""type"": ""MultiPoint""}"
759,858,3244674,ROLPH ROAD ELEMENTARY SCHOOL,None,EP,Toronto District School Board,31 ROLPH RD ,English Public,3244674,31,Rolph Rd,31 Rolph Rd,M4G 3M5,EY,EY,Rolph Road Elementary School,115001,3244642,31,None,,None,311,"{""coordinates"": [[-79.3660007150713, 43.6998541229578]], ""type"": ""MultiPoint""}"
760,859,30014412,RONALD MCDONALD HOUSE,None,PR,None,240 MC CAUL ST ,Private,30014412,240,Mc Caul St,240 Mc Caul St,M5T 1W5,TO,TO,Ronald McDonald House,115001,14022821,240,None,,None,3951,"{""coordinates"": [[-79.393302291768, 43.6582071469997]], ""type"": ""MultiPoint""}"
761,860,6522577,ROSE AVENUE JR PUBLIC SCHOOL,None,EP,Toronto District School Board,675 ONTARIO ST ,English Public,6522577,675,Ontario St,675 Ontario St,M4X 1N4,TO,TO,Rose Avenue Junior Public School,115001,6522541,675,None,,None,4108,"{""coordinates"": [[-79.3727880966405, 43.6703164704159]], ""type"": ""MultiPoint""}"
762,861,772740,ROSEDALE DAY SCHOOL,None,PR,None,131 BLOOR ST W,Private,772740,131,Bloor St W,131 Bloor St W,M5S 1R1,TO,TO,None,115001,1142361,131,None,,None,458,"{""coordinates"": [[-79.3923942727036, 43.6687534267963]], ""type"": ""MultiPoint""}"
763,862,11462317,ROSEDALE HEIGHTS SCHOOL OF THE ARTS,None,EP,Toronto District School Board,711 BLOOR ST E,English Public,11462317,711,Bloor St E,711 Bloor St E,M4W 1J4,TO,TO,Rosedale Heights School of the Arts,115001,11462316,711,None,,None,3020,"{""coordinates"": [[-79.3660163370219, 43.6739396616654]], ""type"": ""MultiPoint""}"
764,863,869568,ROSEDALE JR PUBLIC SCHOOL ,None,EP,Toronto District School Board,22 SOUTH DR ,English Public,869568,22,South Dr,22 South Dr,M4W 1R1,TO,TO,Rosedale Junior Public School,115001,30124970,22,None,,None,4421,"{""coordinates"": [[-79.38168602675, 43.6776557315322]], ""type"": ""MultiPoint""}"
765,864,9584890,ROSELANDS JR PUBLIC SCHOOL,None,EP,Toronto District School Board,990 JANE ST ,English Public,9584890,990,Jane St,990 Jane St,M6N 4E2,YK,YK,Roselands Junior Public School,115001,30006755,990,None,,None,694,"{""coordinates"": [[-79.4990610012849, 43.6812267942846]], ""type"": ""MultiPoint""}"
766,865,1026805,ROSETHORN JR SCHOOL,None,EP,Toronto District School Board,2 REMINGTON DR ,English Public,1026805,2,Remington Dr,2 Remington Dr,M9A 2J1,ET,ET,Rosethorn Junior School,115001,910530,2,None,,None,2351,"{""coordinates"": [[-79.5394518624762, 43.6601566099814]], ""type"": ""MultiPoint""}"
767,866,873386,"ROTMAN SCHOOL OF MANAGEMENT - U OF T, BLDG 134",None,U,None,105 ST GEORGE ST ,University,873386,105,St George St,105 St George St,M5S 3E6,TO,TO,None,115001,1143163,105,None,,None,9786,"{""coordinates"": [[-79.3984922009197, 43.6651895251716]], ""type"": ""MultiPoint""}"
768,867,3431768,ROUGE VALLEY EDUCATION CENTRE,None,PR,None,3351 ELLESMERE RD ,Private,3431768,3351,Ellesmere Rd,3351 Ellesmere Rd,M1C 1H1,SC,SC,None,115001,3386795,3351,None,,None,7835,"{""coordinates"": [[-79.1841251741149, 43.7871320727423]], ""type"": ""MultiPoint""}"
769,868,9602601,ROUGE VALLEY PUBLIC SCHOOL,None,EP,Toronto District School Board,30 DURNFORD RD ,English Public,9602601,30,Durnford Rd,30 Durnford Rd,M1B 4X3,SC,SC,Rouge Valley Public School,115001,30100421,30,None,,None,7794,"{""coordinates"": [[-79.1512873936937, 43.7993862553854]], ""type"": ""MultiPoint""}"
770,869,20120908,ROYAL CROWN ACADEMIC SCHOOL,None,PR,None,4620 FINCH AVE E,Private,20120908,4620,Finch Ave E,4620 Finch Ave E,M1S 4G2,SC,SC,Charles O. Bick College,115001,104479,4620,None,,None,5589,"{""coordinates"": [[-79.2760182592632, 43.8064621918666]], ""type"": ""MultiPoint""}"
771,870,7974318,ROYAL ST GEORGES COLLEGE SCHOOL - ADVANCEMENT,None,PR,None,128 HOWLAND AVE ,Private,7974318,128,Howland Ave,128 Howland Ave,M5R 3B5,TO,TO,None,115001,14661556,128,None,,None,3704,"{""coordinates"": [[-79.4105667539922, 43.6698166095557]], ""type"": ""MultiPoint""}"
772,871,7974226,ROYAL ST GEORGE'S COLLEGE SCHOOL - JR SCHOOL,None,PR,None,126 HOWLAND AVE ,Private,7974226,126,Howland Ave,126 Howland Ave,M5R 3B5,TO,TO,None,115001,14661556,126,None,,None,3704,"{""coordinates"": [[-79.4105213296825, 43.6696420562186]], ""type"": ""MultiPoint""}"
773,872,822810,ROYAL ST GEORGES COLLEGE SCHOOL - MAIN ADDRESS,None,PR,None,120 HOWLAND AVE ,Private,822810,120,Howland Ave,120 Howland Ave,M5R 3B5,TO,TO,Royal St. George's College,115001,14661556,120,None,,None,3704,"{""coordinates"": [[-79.4105143147346, 43.6693390569389]], ""type"": ""MultiPoint""}"
774,873,822810,ROYAL ST GEORGES COLLEGE SCHOOL - SEE HOUSE,None,PR,None,120 HOWLAND AVE ,Private,822810,120,Howland Ave,120 Howland Ave,M5R 3B5,TO,TO,Royal St. George's College,115001,14661556,120,None,,None,3704,"{""coordinates"": [[-79.4105143147346, 43.6693390569389]], ""type"": ""MultiPoint""}"
775,874,822800,ROYAL ST GEORGE'S COLLEGE- SR SCHOOL,None,PR,None,100 HOWLAND AVE ,Private,822800,100,Howland Ave,100 Howland Ave,M5R 3B5,TO,TO,St Alban Anglican Church,115001,30082800,100,None,,None,3704,"{""coordinates"": [[-79.4102575107428, 43.6689998744924]], ""type"": ""MultiPoint""}"
776,875,6739507,ROYWOOD PUBLIC SCHOOL,None,EP,Toronto District School Board,11 ROYWOOD DR ,English Public,6739507,11,Roywood Dr,11 Roywood Dr,M3A 2C7,NY,NY,Roywood Public School,115001,6739504,11,None,,None,6599,"{""coordinates"": [[-79.3217731783625, 43.7647240733216]], ""type"": ""MultiPoint""}"
777,876,64159,RUNNYMEDE COLLEGIATE & MOUNTVIEW ALTERNATIVE,None,EP,Toronto District School Board,569 JANE ST ,English Public,64159,569,Jane St,569 Jane St,M6S 4A3,YK,YK,Runnymede Collegiate Institute,115001,9402,569,None,,None,694,"{""coordinates"": [[-79.4898113825241, 43.6635322654948]], ""type"": ""MultiPoint""}"
778,877,7973683,RUNNYMEDE JR & SR PUBLIC SCHOOL,None,EP,Toronto District School Board,357 RUNNYMEDE RD ,English Public,7973683,357,Runnymede Rd,357 Runnymede Rd,M6S 2Y7,TO,TO,Runnymede Junior and Senior Public School,115001,7973682,357,None,,None,866,"{""coordinates"": [[-79.4774817133393, 43.6559293055801]], ""type"": ""MultiPoint""}"
779,878,30013530,RUTHERFORD PRIVATE SCHOOL AND DAYCARE,None,PR,None,4789 YONGE ST ,Private,30013530,4789,Yonge St,4789 Yonge St,M2N 0G3,NY,NY,None,115001,9065947,4789,None,,None,4733,"{""coordinates"": [[-79.4101604913495, 43.7613374700342]], ""type"": ""MultiPoint""}"
780,879,10560819,RYERSON COMMUNITY SCHOOL & DOWNTOWN VOCAL MUSIC ACADEMY,None,EP,Toronto District School Board,96 DENISON AVE ,English Public,10560819,96,Denison Ave,96 Denison Ave,M5T 1E4,TO,TO,Ryerson Community School,115001,10560820,96,None,,None,3287,"{""coordinates"": [[-79.4023797268448, 43.6512817054496]], ""type"": ""MultiPoint""}"
781,880,363296,S/E YEAR ROUND ALTERNATIVE & SCARBOROUGH CENTRE,None,EP,Toronto District School Board,720 MIDLAND AVE ,English Public,363296,720,Midland Ave,720 Midland Ave,M1K 4C9,SC,SC,Scarborough Centre for Alternative Studies,115001,111524,720,None,,None,8496,"{""coordinates"": [[-79.2565866863318, 43.7283605174473]], ""type"": ""MultiPoint""}"
782,881,30024678,SACRE COEUR CATHOLIC ELEMENTARY SCHOOL,None,FS,Conseil scolaire de district catholique Centre-Sud,98 ESSEX ST ,French Separate,30024678,98,Essex St,98 Essex St,M6G 1T3,TO,TO,Sacre Coeur Catholic Elementary School,115001,14012280,98,None,,None,3408,"{""coordinates"": [[-79.4242134066346, 43.667857556286]], ""type"": ""MultiPoint""}"
783,882,6947396,SACRED HEART CATHOLIC ELEMENTARY SCHOOL,None,ES,Toronto Catholic District School Board,75 HUPFIELD TRL ,English Separate,6947396,75,Hupfield Trl,75 Hupfield Trl,M1B 4S3,SC,SC,Sacred Heart Catholic School,115001,6947395,75,None,,None,11329,"{""coordinates"": [[-79.2201440043568, 43.8121839993684]], ""type"": ""MultiPoint""}"
784,883,8791751,SAINT FRERE ANDRE SECONDARY SCHOOL,None,FS,Conseil scolaire de district catholique Centre-Sud,330 LANSDOWNE AVE,French Separate,8791751,330,Lansdowne Ave,330 Lansdowne Ave,M6H 3Y1,TO,TO,Ecole Secondaire Toronto Ouest,115001,30102548,330,None,,None,3814,"{""coordinates"": [[-79.4412354246502, 43.6523836303418]], ""type"": ""MultiPoint""}"
785,884,2863419,SALAHEDDIN ISLAMIC SCHOOL,None,PR,None,741 KENNEDY RD ,Private,2863419,741,Kennedy Rd,741 Kennedy Rd,M1K 2C6,SC,SC,None,115001,2863415,741,None,,None,8224,"{""coordinates"": [[-79.2660025416168, 43.7308876997041]], ""type"": ""MultiPoint""}"
786,885,5386857,SAMUEL HEARNE MDL SCHOOL ,None,EP,Toronto District School Board,21 NEWPORT AVE ,English Public,5386857,21,Newport Ave,21 Newport Ave,M1L 4N7,SC,SC,Samuel Hearne Middle School,115001,112878,21,None,,None,8586,"{""coordinates"": [[-79.2834799574648, 43.6950056241564]], ""type"": ""MultiPoint""}"
787,886,6495082,SANTA MARIA CATHOLIC ELEMENTARY SCHOOL,None,ES,Toronto Catholic District School Board,25 AVON AVE ,English Separate,6495082,25,Avon Ave,25 Avon Ave,M6N 4X8,YK,YK,Santa Maria Catholic School,115001,14662434,25,None,,None,421,"{""coordinates"": [[-79.477451584347, 43.681541969503]], ""type"": ""MultiPoint""}"
788,887,2375151,SATEC AT W A PORTER COLLEGIATE INSTITUTE,None,EP,Toronto District School Board,40 FAIRFAX CRES ,English Public,2375151,40,Fairfax Cres,40 Fairfax Cres,M1L 1Z9,SC,SC,SATEC @ WA Porter Collegiate Institute,115001,30059892,40,None,,None,7865,"{""coordinates"": [[-79.2872695164287, 43.7165934572119]], ""type"": ""MultiPoint""}"
789,888,9779416,SATHYA SAI ELEMENTARY SCHOOL,None,PR,None,451 ELLESMERE RD ,Private,9779416,451,Ellesmere Rd,451 Ellesmere Rd,M1R 4E5,SC,SC,None,115001,30101335,451,None,,None,7835,"{""coordinates"": [[-79.2963726971157, 43.7615025698396]], ""type"": ""MultiPoint""}"
790,889,13515947,SCARBOROUGH VILLAGE PUBLIC SCHOOL,None,EP,Toronto District School Board,15 LUELLA ST ,English Public,13515947,15,Luella St,15 Luella St,M1J 3P2,SC,SC,Scarborough Village Public School,115001,110352,15,None,,None,8372,"{""coordinates"": [[-79.2220717938636, 43.7441193622963]], ""type"": ""MultiPoint""}"
791,890,873404,"SCHOOL OF CONTINUING STUDIES - U OF T, BLDG 103",None,U,None,158 ST GEORGE ST ,University,873404,158,St George St,158 St George St,M5S 2V8,TO,TO,None,115001,30115388,158,None,,None,9786,"{""coordinates"": [[-79.3999838623448, 43.6667116247334]], ""type"": ""MultiPoint""}"
792,891,9980628,SCHOOL OF EXPERIENTIAL EDUCATION,None,EP,Toronto District School Board,40 MCARTHUR ST ,English Public,9980628,40,McArthur St,40 McArthur St,M9P 3M7,ET,ET,School of Experiential Education,115001,30108084,40,None,,None,2079,"{""coordinates"": [[-79.5463909750587, 43.7016350249789]], ""type"": ""MultiPoint""}"
793,892,11227032,"SCHOOL OF GRADUATE STUDIES - U OF T, BLDG 43",None,U,None,65 ST GEORGE ST ,University,11227032,65,St George St,65 St George St,M5S 2E5,TO,TO,None,115001,11227023,65,None,,None,9786,"{""coordinates"": [[-79.3972438849395, 43.6620194432217]], ""type"": ""MultiPoint""}"
794,893,7389731,SECOND STREET JR MDL SCHOOL,None,EP,Toronto District School Board,71 SECOND ST ,English Public,7389731,71,Second St,71 Second St,M8V 2X4,ET,ET,Second Street Junior Middle School,115001,7389724,71,None,,None,2447,"{""coordinates"": [[-79.5000229034999, 43.6037250776607]], ""type"": ""MultiPoint""}"
795,894,10363878,SECORD ELEMENTARY SCHOOL ,None,EP,Toronto District School Board,101 BARRINGTON AVE ,English Public,10363878,101,Barrington Ave,101 Barrington Ave,M4C 4Y9,EY,EY,Secord Elementary School,115001,10363876,101,None,,None,21,"{""coordinates"": [[-79.3018312433153, 43.6923788956395]], ""type"": ""MultiPoint""}"
796,895,7576864,SEED ALTERNATIVE SCHOOL,None,EP,Toronto District School Board,885 DUNDAS ST E,English Public,7576864,885,Dundas St E,885 Dundas St E,M4M 1R4,TO,TO,None,115001,14047336,885,None,,None,3334,"{""coordinates"": [[-79.3503749917097, 43.6622721119517]], ""type"": ""MultiPoint""}"
797,896,9694433,SEERAH MISSION SCHOOL,None,PR,None,43 RAILSIDE RD ,Private,9694433,43,Railside Rd,43 Railside Rd,M3A 3L9,NY,NY,None,115001,9694426,43,None,,None,6491,"{""coordinates"": [[-79.320584548426, 43.7384655983024]], ""type"": ""MultiPoint""}"
798,897,3259532,SELWYN ELEMENTARY SCHOOL,None,EP,Toronto District School Board,1 SELWYN AVE ,English Public,3259532,1,Selwyn Ave,1 Selwyn Ave,M4B 3J9,EY,EY,Selwyn Elementary School,115001,3259533,1,None,,None,325,"{""coordinates"": [[-79.3063259433172, 43.7084396528702]], ""type"": ""MultiPoint""}"
799,898,20040514,SENATOR O'CONNOR COLLEGE SCHOOL,None,ES,Toronto Catholic District School Board,60 ROWENA DR ,English Separate,20040514,60,Rowena Dr,60 Rowena Dr,M3A 3R2,NY,NY,Senator O'Connor College,115001,30099519,60,None,,None,6593,"{""coordinates"": [[-79.3173685458626, 43.7508272676387]], ""type"": ""MultiPoint""}"
800,899,20092290,SENECA COLLEGE (JANE CAMPUS),None,C,None,21 BEVERLY HILLS DR ,College,20092290,21,Beverly Hills Dr,21 Beverly Hills Dr,M3L 1A2,NY,NY,None,115001,10145179,21,None,,None,4949,"{""coordinates"": [[-79.5098753260404, 43.7182729620827]], ""type"": ""MultiPoint""}"
801,900,515776,SENECA COLLEGE (NEWNHAM CAMPUS),None,C,None,1750 FINCH AVE E,College,515776,1750,Finch Ave E,1750 Finch Ave E,M2J 2X5,NY,NY,None,115001,436731,1750,None,,None,5589,"{""coordinates"": [[-79.3489876442641, 43.7957808076358]], ""type"": ""MultiPoint""}"
802,901,14051471,SENECA COLLEGE (SENECA AT YORK CAMPUS),None,C,None,70 THE POND RD ,College,14051471,70,The Pond Rd,70 The Pond Rd,M3J 3M6,NY,NY,York University-Seneca College,115001,20058479,70,None,,None,11174,"{""coordinates"": [[-79.49885427876, 43.7712748959766]], ""type"": ""MultiPoint""}"
803,902,11297202,SENECA COLLEGE (YORKGATE CAMPUS) ,None,C,None,1 YORK GATE BLVD ,College,11297202,1,York Gate Blvd,1 York Gate Blvd,M3N 3A1,NY,NY,None,115001,30020932,1,None,,None,7143,"{""coordinates"": [[-79.5194393493309, 43.758498548546]], ""type"": ""MultiPoint""}"
804,903,548155,SENECA HILL PRIVATE SCHOOL,None,PR,None,33 OVERLAND DR ,Private,548155,33,Overland Dr,33 Overland Dr,M3C 2C3,NY,NY,Church Of The Ascencion,115001,443296,33,None,,None,6354,"{""coordinates"": [[-79.3474585131462, 43.7320689264007]], ""type"": ""MultiPoint""}"
805,904,560551,SENECA HILL PUBLIC SCHOOL,None,EP,Toronto District School Board,625 SENECA HILL DR ,English Public,560551,625,Seneca Hill Dr,625 Seneca Hill Dr,M2J 2W6,NY,NY,Seneca Hill Public School,115001,436927,625,None,,None,6676,"{""coordinates"": [[-79.3502969872857, 43.7908704223355]], ""type"": ""MultiPoint""}"
806,905,6733591,SENECA SCHOOL,None,EP,Toronto District School Board,580 RATHBURN RD ,English Public,6733591,580,Rathburn Rd,580 Rathburn Rd,M9C 3T3,ET,ET,Seneca School,115001,6733590,580,None,,None,2335,"{""coordinates"": [[-79.582545826113, 43.650933953139]], ""type"": ""MultiPoint""}"
807,906,1031242,SEVENTH STREET JR SCHOOL,None,EP,Toronto District School Board,101 SEVENTH ST ,English Public,1031242,101,Seventh St,101 Seventh St,M8V 3B5,ET,ET,Seventh Street Junior School,115001,20048547,101,None,,None,2455,"{""coordinates"": [[-79.5041938387474, 43.5999243685511]], ""type"": ""MultiPoint""}"
808,907,10538488,SHAUGHNESSY PUBLIC SCHOOL,None,EP,Toronto District School Board,30 SHAUGHNESSY BLVD ,English Public,10538488,30,Shaughnessy Blvd,30 Shaughnessy Blvd,M2J 1H5,NY,NY,Shaughnessy Public School,115001,10538470,30,None,,None,6691,"{""coordinates"": [[-79.3516008694888, 43.7702840439533]], ""type"": ""MultiPoint""}"
809,908,10133016,SHEPPARD PUBLIC & AFRICENTRIC ALTERNATIVE,None,EP,Toronto District School Board,1430 SHEPPARD AVE W,English Public,10133016,1430,Sheppard Ave W,1430 Sheppard Ave W,M3M 2W9,NY,NY,Sheppard Public School,115001,10133008,1430,None,,None,6699,"{""coordinates"": [[-79.4882606578029, 43.7454243556118]], ""type"": ""MultiPoint""}"
810,909,20080838,SHIRDI SAI SCHOOL OF CANADA,None,PR,None,2701 MARKHAM RD ,Private,20080838,2701,Markham Rd,2701 Markham Rd,M1X 1M4,SC,SC,None,115001,14668401,2701,None,,None,8429,"{""coordinates"": [[-79.2454854692997, 43.8198542635182]], ""type"": ""MultiPoint""}"
811,910,10759447,SHIRLEY ST JR & CITY VIEW ALTERNATIVE,None,EP,Toronto District School Board,38 SHIRLEY ST ,English Public,10759447,38,Shirley St,38 Shirley St,M6K 1S9,TO,TO,Shirley Street Junior Public School,115001,14017192,38,None,,None,4400,"{""coordinates"": [[-79.4367221725004, 43.6485242370315]], ""type"": ""MultiPoint""}"
812,911,13969058,SHOREHAM PUBLIC SPORTS AND WELLNESS ACADEMY ,None,EP,Toronto District School Board,31 SHOREHAM DR ,English Public,13969058,31,Shoreham Dr,31 Shoreham Dr,M3N 2S6,NY,NY,Shoreham Public Sports and Wellness Academy,115001,439111,31,None,,None,6708,"{""coordinates"": [[-79.5173879692824, 43.7687995439219]], ""type"": ""MultiPoint""}"
813,912,4833176,SIDNEY LEDSON INSTITUTE FOR INTELL'L ADV'MT SCHOOL,None,PR,None,220 DUNCAN MILL RD ,Private,4833176,220,Duncan Mill Rd,220 Duncan Mill Rd,M3B 3J5,NY,NY,None,115001,30005251,220,None,,None,5455,"{""coordinates"": [[-79.3528039776317, 43.7622578372184]], ""type"": ""MultiPoint""}"
814,913,1006240,SILVER CREEK PRESCHOOL,None,PR,None,65 HARTSDALE DR ,Private,1006240,65,Hartsdale Dr,65 Hartsdale Dr,M9R 2S8,ET,ET,None,115001,909264,65,None,,None,1766,"{""coordinates"": [[-79.5452280190765, 43.6832284014611]], ""type"": ""MultiPoint""}"
815,914,386342,SILVER SPRINGS PUBLIC SCHOOL,None,EP,Toronto District School Board,222 SILVER SPRINGS BLVD ,English Public,386342,222,Silver Springs Blvd,222 Silver Springs Blvd,M1V 1S4,SC,SC,Silver Springs Public School,115001,14669334,222,None,,None,8952,"{""coordinates"": [[-79.3023769660098, 43.8044295089524]], ""type"": ""MultiPoint""}"
816,915,1018866,SILVERTHORN COLLEGIATE INSTITUTE,None,EP,Toronto District School Board,291 MILL RD ,English Public,1018866,291,Mill Rd,291 Mill Rd,M9C 1Y5,ET,ET,Silverthorn Collegiate Institute,115001,912488,291,None,,None,2111,"{""coordinates"": [[-79.5803885455116, 43.6378359132721]], ""type"": ""MultiPoint""}"
817,916,64913,SILVERTHORN COMMUNITY SCHOOL,None,EP,Toronto District School Board,300 KANE AVE ,English Public,64913,300,Kane Ave,300 Kane Ave,M6M 3P1,YK,YK,Silverthorn Community School,115001,8438,300,None,,None,702,"{""coordinates"": [[-79.4694151111639, 43.6872494240615]], ""type"": ""MultiPoint""}"
818,917,30114269,SIMRA ACADEMY PRIVATE SCHOOL,None,PR,None,2929 LAWRENCE AVE E,Private,30114269,2929,Lawrence Ave E,2929 Lawrence Ave E,M1P 2S8,SC,SC,None,115001,109685,2929,None,,None,3828,"{""coordinates"": [[-79.2517592259259, 43.7540145221547]], ""type"": ""MultiPoint""}"
819,918,6735862,SIR ADAM BECK JR SCHOOL,None,EP,Toronto District School Board,544 HORNER AVE ,English Public,6735862,544,Horner Ave,544 Horner Ave,M8W 2C2,ET,ET,Sir Adam Beck Junior School,115001,6735853,544,None,,None,1823,"{""coordinates"": [[-79.5482756661428, 43.6017812323731]], ""type"": ""MultiPoint""}"
820,919,343306,SIR ALEXANDER MACKENZIE SR PUBLIC SCHOOL,None,EP,Toronto District School Board,33 HEATHER RD ,English Public,343306,33,Heather Rd,33 HEATHER RD ,None,SC,SC,Sir Alexander Mackenzie Senior Public School,115001,20040265,33,None,,None,9726,"{""coordinates"": [[-79.2731724486555, 43.7893650361485]], ""type"": ""MultiPoint""}"
821,920,346660,SIR ERNEST MACMILLAN SR PUBLIC SCHOOL ,None,EP,Toronto District School Board,149 HUNTSMILL BLVD ,English Public,346660,149,Huntsmill Blvd,149 Huntsmill Blvd,M1W 2Y2,SC,SC,Sir Ernest MacMillan Senior Public School,115001,104516,149,None,,None,8151,"{""coordinates"": [[-79.3286382346771, 43.8066383253939]], ""type"": ""MultiPoint""}"
822,921,373578,SIR JOHN A MACDONALD COLLEGIATE INSTITUTE ,None,EP,Toronto District School Board,2300 PHARMACY AVE ,English Public,373578,2300,Pharmacy Ave,2300 Pharmacy Ave,M1W 1H8,SC,SC,Sir John A Macdonald Collegiate Institute,115001,106693,2300,None,,None,8691,"{""coordinates"": [[-79.3236705089564, 43.7870773578969]], ""type"": ""MultiPoint""}"
823,922,13497749,SIR OLIVER MOWAT COLLEGIATE INSTITUTE,None,EP,Toronto District School Board,5400 LAWRENCE AVE E,English Public,13497749,5400,Lawrence Ave E,5400 Lawrence Ave E,M1C 2C6,SC,SC,Sir Oliver Mowat Collegiate Institute,115001,13226450,5400,None,,None,3828,"{""coordinates"": [[-79.1422383098415, 43.7793019336324]], ""type"": ""MultiPoint""}"
824,923,6261352,SIR SAMUEL B STEELE JR PUBLIC SCHOOL,None,EP,Toronto District School Board,131 HUNTSMILL BLVD ,English Public,6261352,131,Huntsmill Blvd,131 Huntsmill Blvd,M1W 2Y2,SC,SC,Sir Samuel B Steele Junior Public School,115001,6261355,131,None,,None,8151,"{""coordinates"": [[-79.3275418257916, 43.8070663083017]], ""type"": ""MultiPoint""}"
825,924,341419,SIR WILFRID LAURIER & NATIVE LEARNING CTR EAST,None,EP,Toronto District School Board,145 GUILDWOOD PKWY ,English Public,341419,145,Guildwood Pkwy,145 Guildwood Pkwy,M1E 1P5,SC,SC,Sir Wilfrid Laurier Collegiate Institute,115001,110088,145,None,,None,8047,"{""coordinates"": [[-79.1969914784391, 43.7470335031665]], ""type"": ""MultiPoint""}"
826,925,14170901,SIR WILLIAM OSLER HIGH SCHOOL,None,PR,None,1050 HUNTINGWOOD DR ,Private,14170901,1050,Huntingwood Dr,1050 Huntingwood Dr,M1S 3H5,SC,SC,Sir William Osler High School,115001,30002264,1050,None,,None,8150,"{""coordinates"": [[-79.2874013328849, 43.7975664888386]], ""type"": ""MultiPoint""}"
827,926,563140,SLOANE PUBLIC SCHOOL,None,EP,Toronto District School Board,110 SLOANE AVE ,English Public,563140,110,Sloane Ave,110 Sloane Ave,M4A 2B1,NY,NY,Sloane Public School,115001,443411,110,None,,None,6732,"{""coordinates"": [[-79.3103396611409, 43.7312122256091]], ""type"": ""MultiPoint""}"
828,927,10537872,SMITHFIELD MDL SCHOOL,None,EP,Toronto District School Board,175 MOUNT OLIVE DR ,English Public,10537872,175,Mount Olive Dr,175 Mount Olive Dr,M9V 2E3,ET,ET,Smithfield Middle School,115001,30108313,175,None,,None,2145,"{""coordinates"": [[-79.5957518765444, 43.7500111297374]], ""type"": ""MultiPoint""}"
829,928,14203096,SOLID ROCK ACADEMY,None,PR,None,19 WOODBINE DOWNS BLVD ,Private,14203096,19,Woodbine Downs Blvd,19 Woodbine Downs Blvd,M9W 6N5,ET,ET,None,115001,907222,19,None,,None,2815,"{""coordinates"": [[-79.6059762803915, 43.7345942318218]], ""type"": ""MultiPoint""}"
830,929,7640178,SPRUCECOURT JR PUBLIC SCHOOL,None,EP,Toronto District School Board,70 SPRUCE ST ,English Public,7640178,70,Spruce St,70 Spruce St,M5A 2J1,TO,TO,Sprucecourt Public School,115001,7640173,70,None,,None,4437,"{""coordinates"": [[-79.3638299150084, 43.6644860052749]], ""type"": ""MultiPoint""}"
831,930,317417,ST AGATHA CATHOLIC ELEMENTARY SCHOOL,None,ES,Toronto Catholic District School Board,49 CATHEDRAL BLUFFS DR ,English Separate,317417,49,Cathedral Bluffs Dr,49 Cathedral Bluffs Dr,M1M 2T6,SC,SC,St. Agatha Catholic School,115001,111708,49,None,,None,7533,"{""coordinates"": [[-79.2296265608002, 43.7235532119492]], ""type"": ""MultiPoint""}"
832,931,547897,ST AGNES CATHOLIC ELEMENTARY SCHOOL,None,ES,Toronto Catholic District School Board,280 OTONABEE AVE ,English Separate,547897,280,Otonabee Ave,280 Otonabee Ave,M2M 2T2,NY,NY,St. Agnes Catholic School,115001,436548,280,None,,None,6348,"{""coordinates"": [[-79.4026042496772, 43.7985754806081]], ""type"": ""MultiPoint""}"
833,932,5237185,ST AIDAN CATHOLIC ELEMENTARY SCHOOL,None,ES,Toronto Catholic District School Board,3521 FINCH AVE E,English Separate,5237185,3521,Finch Ave E,3521 Finch Ave E,M1W 2S2,SC,SC,St. Aidan Catholic School,115001,30000632,3521,None,,None,5589,"{""coordinates"": [[-79.309250779354, 43.7975235474846]], ""type"": ""MultiPoint""}"
834,933,363451,ST ALBERT CATHOLIC ELEMENTARY SCHOOL,None,ES,Toronto Catholic District School Board,1125 MIDLAND AVE ,English Separate,363451,1125,Midland Ave,1125 Midland Ave,M1K 4H2,SC,SC,St. Albert Catholic School,115001,110504,1125,None,,None,8496,"{""coordinates"": [[-79.2615107448057, 43.7436410391902]], ""type"": ""MultiPoint""}"
835,934,50835,ST ALPHONSUS CATHOLIC ELEMENTARY SCHOOL,None,ES,Toronto Catholic District School Board,60 ATLAS AVE ,English Separate,50835,60,Atlas Ave,60 Atlas Ave,M6C 3N9,YK,YK,St. Alphonsus Catholic School,115001,8704,60,None,,None,417,"{""coordinates"": [[-79.4322064448468, 43.6829136856874]], ""type"": ""MultiPoint""}"
836,935,8676980,ST AMBROSE CATHOLIC ELEMENTARY SCHOOL,None,ES,Toronto Catholic District School Board,20 COULES CRT ,English Separate,8676980,20,Coules Crt,20 Coules Crt,M8W 2N9,ET,ET,St. Ambrose Catholic School,115001,8676973,20,None,,None,1394,"{""coordinates"": [[-79.5501228703137, 43.6083700983071]], ""type"": ""MultiPoint""}"
837,936,579480,ST ANDRE CATHOLIC ELEMENTARY SCHOOL,None,ES,Toronto Catholic District School Board,36 YVONNE AVE ,English Separate,579480,36,Yvonne Ave,36 Yvonne Ave,M3L 1C9,NY,NY,St. Andre Catholic School,115001,444648,36,None,,None,7154,"{""coordinates"": [[-79.5178611183303, 43.7240233234967]], ""type"": ""MultiPoint""}"
838,937,8206173,ST ANDREW CATHOLIC ELEMENTARY SCHOOL,None,ES,Toronto Catholic District School Board,2533 KIPLING AVE ,English Separate,8206173,2533,Kipling Ave,2533 Kipling Ave,M9V 3A8,ET,ET,St. Andrew Catholic School,115001,8206167,2533,None,,None,1935,"{""coordinates"": [[-79.5823817817994, 43.7449311405296]], ""type"": ""MultiPoint""}"
839,938,312808,ST ANDREWS & ALTERNATIVE SCARBOROUGH,None,EP,Toronto District School Board,60 BRIMORTON DR ,English Public,312808,60,Brimorton Dr,60 Brimorton Dr,M1P 3Z1,SC,SC,St. Andrews Public School,115001,108579,60,None,,None,7437,"{""coordinates"": [[-79.2547962816571, 43.766645247168]], ""type"": ""MultiPoint""}"
840,939,515118,ST ANDREW'S MIDDLE SCHOOL,None,ES,Toronto Catholic District School Board,131 FENN AVE ,English Separate,515118,131,Fenn Ave,131 Fenn Ave,M2P 1X7,NY,NY,St Andrew's Middle School,115001,441207,131,None,,None,5575,"{""coordinates"": [[-79.3903297628128, 43.7515973528757]], ""type"": ""MultiPoint""}"
841,940,1020095,ST ANGELA CATHOLIC ELEMENTARY SCHOOL,None,ES,Toronto Catholic District School Board,220 MOUNT OLIVE DR ,English Separate,1020095,220,Mount Olive Dr,220 Mount Olive Dr,M9V 3Z5,ET,ET,St. Angela Catholic School,115001,906532,220,None,,None,2145,"{""coordinates"": [[-79.5969028425731, 43.7545214979956]], ""type"": ""MultiPoint""}"
842,941,30119667,"ST ANNE CATHOLIC ACADEMY, SCHOOL OF VIRTUAL LEARNING",None,ES,Toronto Catholic District School Board,3338 BAYVIEW AVE ,English Separate,30119667,3338,Bayview Ave,3338 Bayview Ave,M2M 3R9,NY,NY,St. Joseph's Morrow Park Catholic Secondary School,115001,436853,3338,None,,None,24,"{""coordinates"": [[-79.3945883858887, 43.7927117467235]], ""type"": ""MultiPoint""}"
843,942,13991663,ST ANSELM CATHOLIC ELEMENTARY SCHOOL,None,ES,Toronto Catholic District School Board,182 BESSBOROUGH DR ,English Separate,13991663,182,Bessborough Dr,182 Bessborough Dr,M4G 4H5,EY,EY,St. Anselm Catholic School,115001,677,182,None,,None,33,"{""coordinates"": [[-79.3715951604766, 43.705394385776]], ""type"": ""MultiPoint""}"
844,943,810559,ST ANTHONY CATHOLIC ELEMENTARY SCHOOL,None,ES,Toronto Catholic District School Board,130 SHANLY ST ,English Separate,810559,130,Shanly St,130 Shanly St,M6H 1L9,TO,TO,St. Anthony Catholic School,115001,8015567,130,None,,None,4386,"{""coordinates"": [[-79.4349208399043, 43.6636047930609]], ""type"": ""MultiPoint""}"
845,944,9065923,ST ANTOINE DANIEL CATHOLIC ELEMENTARY SCHOOL (CLOSED FOR RENO),None,ES,Toronto Catholic District School Board,160 FINCH AVE W,English Separate,9065923,160,Finch Ave W,160 Finch Ave W,M2N 2J2,NY,NY,St. Antoine Daniel Catholic School,115001,9065918,160,None,,None,1610,"{""coordinates"": [[-79.4298447653191, 43.7770108312538]], ""type"": ""MultiPoint""}"
846,945,10145181,ST ANTOINE DANIEL CATHOLIC ELEMENTARY SCHOOL (TEMP LOC),None,ES,Toronto Catholic District School Board,20 BEVERLY HILLS DR ,English Separate,10145181,20,Beverly Hills Dr,20 Beverly Hills Dr,M3L 1A1,NY,NY,None,115001,10145179,20,None,,None,4949,"{""coordinates"": [[-79.5102270418892, 43.7188636924238]], ""type"": ""MultiPoint""}"
847,946,7941400,ST AUGUSTINE CATHOLIC ELEMENTARY SCHOOL,None,ES,Toronto Catholic District School Board,98 SHOREHAM DR ,English Separate,7941400,98,Shoreham Dr,98 Shoreham Dr,M3N 1S9,NY,NY,St. Augustine Catholic School,115001,30054901,98,None,,None,6708,"{""coordinates"": [[-79.5250642852238, 43.7682365170564]], ""type"": ""MultiPoint""}"
848,947,348562,ST BARBARA CATHOLIC ELEMENTARY SCHOOL,None,ES,Toronto Catholic District School Board,25 JANRAY DR ,English Separate,348562,25,Janray Dr,25 Janray Dr,M1G 1Y2,SC,SC,St. Barbara Catholic School,115001,108833,25,None,,None,8188,"{""coordinates"": [[-79.2190606152536, 43.7624687290814]], ""type"": ""MultiPoint""}"
849,948,396328,ST BARNABAS CATHOLIC ELEMENTARY SCHOOL,None,ES,Toronto Catholic District School Board,30 WASHBURN WAY ,English Separate,396328,30,Washburn Way,30 Washburn Way,M1B 1H3,SC,SC,St. Barnabas Catholic School,115001,105391,30,None,,None,9193,"{""coordinates"": [[-79.2285119174515, 43.7972412194214]], ""type"": ""MultiPoint""}"
850,949,343314,ST BARTHOLOMEW CATHOLIC ELEMENTARY SCHOOL,None,ES,Toronto Catholic District School Board,51 HEATHER RD ,English Separate,343314,51,Heather Rd,51 Heather Rd,M1S 2E2,SC,SC,St. Bartholomew,115001,20040265,51,None,,None,9726,"{""coordinates"": [[-79.2716069013283, 43.7898721388974]], ""type"": ""MultiPoint""}"
851,950,14076257,ST BASIL THE GREAT COLLEGE SCHOOL,None,ES,Toronto Catholic District School Board,20 STARVIEW LANE ,English Separate,14076257,20,Starview Lane,20 Starview Lane,M9M 3B2,NY,NY,St. Basil-the-Great College School,115001,10527859,20,None,,None,11393,"{""coordinates"": [[-79.5333274754313, 43.7277071830707]], ""type"": ""MultiPoint""}"
852,951,11272303,ST BEDE CATHOLIC ELEMENTARY SCHOOL,None,ES,Toronto Catholic District School Board,521 SEWELLS RD ,English Separate,11272303,521,Sewells Rd,521 Sewells Rd,M1B 5H3,SC,SC,St. Bede Catholic School,115001,14669025,521,None,,None,30032,"{""coordinates"": [[-79.206547703276, 43.8179789081655]], ""type"": ""MultiPoint""}"
853,952,6052172,ST BENEDICT CATHOLIC ELEMENTARY SCHOOL,None,ES,Toronto Catholic District School Board,2202 KIPLING AVE ,English Separate,6052172,2202,Kipling Ave,2202 Kipling Ave,M9W 4K9,ET,ET,St. Benedict Catholic School,115001,6052170,2202,None,,None,1935,"{""coordinates"": [[-79.5729230452548, 43.7231852513477]], ""type"": ""MultiPoint""}"
854,953,509553,ST BERNARD CATHOLIC ELEMENTARY SCHOOL,None,ES,Toronto Catholic District School Board,12 DUCKWORTH ST ,English Separate,509553,12,Duckworth St,12 Duckworth St,M6M 4W4,NY,NY,St. Bernard Catholic School,115001,446528,12,None,,None,5443,"{""coordinates"": [[-79.5000699895207, 43.702525970079]], ""type"": ""MultiPoint""}"
855,954,4301082,ST BONAVENTURE CATHOLIC ELEMENTARY SCHOOL,None,ES,Toronto Catholic District School Board,1340 LESLIE ST ,English Separate,4301082,1340,Leslie St,1340 Leslie St,M3C 2K9,NY,NY,St. Bonaventure Catholic School,115001,60016040,1340,None,,None,225,"{""coordinates"": [[-79.3560547955523, 43.7329910898589]], ""type"": ""MultiPoint""}"
856,955,10258148,ST BONIFACE CATHOLIC ELEMENTARY SCHOOL,None,ES,Toronto Catholic District School Board,20 MARKANNA DR ,English Separate,10258148,20,Markanna Dr,20 Markanna Dr,M1M 2J1,SC,SC,St. Boniface Catholic School,115001,10258142,20,None,,None,8428,"{""coordinates"": [[-79.2198176482125, 43.7405509095453]], ""type"": ""MultiPoint""}"
857,956,317877,ST BRENDAN CATHOLIC ELEMENTARY SCHOOL,None,ES,Toronto Catholic District School Board,186 CENTENNIAL RD ,English Separate,317877,186,Centennial Rd,186 Centennial Rd,M1C 1Z9,SC,SC,St. Brendan Catholic School,115001,106787,186,None,,None,7544,"{""coordinates"": [[-79.1492505532434, 43.7825469523064]], ""type"": ""MultiPoint""}"
858,957,886268,ST BRIGID CATHOLIC ELEMENTARY SCHOOL,None,ES,Toronto Catholic District School Board,50 WOODMOUNT AVE ,English Separate,886268,50,Woodmount Ave,50 Woodmount Ave,M4C 3X9,TO,TO,St. Brigid Catholic School,115001,1139383,50,None,,None,396,"{""coordinates"": [[-79.3168473888951, 43.6868167648153]], ""type"": ""MultiPoint""}"
859,958,2448028,ST BRUNO & ST RAYMOND CATHOLIC ELEMENTARY SCHOOL (FUTURE SITE),None,ES,Toronto Catholic District School Board,270 BARTON AVE ,English Separate,2448028,270,Barton Ave,270 Barton Ave,M6G 1R4,TO,TO,St. Raymond Catholic School,115001,30096532,270,None,,None,2954,"{""coordinates"": [[-79.4230151587344, 43.6659535313669]], ""type"": ""MultiPoint""}"
860,959,841367,ST BRUNO AND ST RAYMOND CATHOLIC ELEMENTARY SCHOOL,None,ES,Toronto Catholic District School Board,402 MELITA CRES ,English Separate,841367,402,Melita Cres,402 Melita Cres,M6G 3X6,TO,TO,St. Bruno / St. Raymond Catholic School,115001,1141684,402,None,,None,3974,"{""coordinates"": [[-79.4270629277561, 43.6732399543957]], ""type"": ""MultiPoint""}"
861,960,556417,ST CATHERINE CATHOLIC ELEMENTARY SCHOOL,None,ES,Toronto Catholic District School Board,30 ROANOKE RD ,English Separate,556417,30,Roanoke Rd,30 Roanoke Rd,M3A 1E9,NY,NY,St. Catherine Catholic School,115001,442048,30,None,,None,6558,"{""coordinates"": [[-79.3247390774717, 43.7423352674519]], ""type"": ""MultiPoint""}"
862,961,7987740,ST CECILIA CATHOLIC ELEMENTARY SCHOOL,None,ES,Toronto Catholic District School Board,355 ANNETTE ST ,English Separate,7987740,355,Annette St,355 Annette St,M6P 1R3,TO,TO,St. Cecilia Catholic School,115001,7987734,355,None,,None,2890,"{""coordinates"": [[-79.474657940229, 43.6607945735038]], ""type"": ""MultiPoint""}"
863,962,500243,ST CHARLES CATHOLIC ELEMENTARY SCHOOL,None,ES,Toronto Catholic District School Board,50 CLAVER AVE ,English Separate,500243,50,Claver Ave,50 Claver Ave,M6B 2W1,NY,NY,St. Charles Catholic School,115001,445721,50,None,,None,5215,"{""coordinates"": [[-79.4513506942199, 43.7132818927358]], ""type"": ""MultiPoint""}"
864,963,565743,ST CHARLES GARNIER CATHOLIC ELEMENTARY SCHOOL,None,ES,Toronto Catholic District School Board,20 STONG CRT ,English Separate,565743,20,Stong Crt,20 Stong Crt,M3N 2X9,NY,NY,St. Charles Garnier Catholic School,115001,439892,20,None,,None,6803,"{""coordinates"": [[-79.5180641246057, 43.7623421281327]], ""type"": ""MultiPoint""}"
865,964,68935,ST CLARE CATHOLIC ELEMENTARY SCHOOL,None,ES,Toronto Catholic District School Board,124 NORTHCLIFFE BLVD ,English Separate,68935,124,Northcliffe Blvd,124 Northcliffe Blvd,M6E 3K4,YK,YK,St. Clare Catholic School,115001,8989,124,None,,None,789,"{""coordinates"": [[-79.441551585718, 43.6794114666125]], ""type"": ""MultiPoint""}"
866,965,988595,ST CLEMENT CATHOLIC ELEMENTARY SCHOOL,None,ES,Toronto Catholic District School Board,4319 BLOOR ST W,English Separate,988595,4319,Bloor St W,4319 Bloor St W,M9C 2A2,ET,ET,St. Clement Catholic School,115001,912832,4319,None,,None,458,"{""coordinates"": [[-79.5738081912146, 43.6322472865153]], ""type"": ""MultiPoint""}"
867,966,30010979,ST CLEMENTS EARLY LEARNING,None,PR,None,70 ST CLEMENTS AVE ,Private,30010979,70,St Clements Ave,70 St Clements Ave,M4R 1H2,TO,TO,None,115001,1138155,70,None,,None,4446,"{""coordinates"": [[-79.4017937748063, 43.7126108784526]], ""type"": ""MultiPoint""}"
868,967,14200957,ST CLEMENTS SCHOOL,None,PR,None,21 ST CLEMENTS AVE ,Private,14200957,21,St Clements Ave,21 St Clements Ave,M4R 1G8,TO,TO,St. Clements School,115001,1138111,21,None,,None,4446,"{""coordinates"": [[-79.4003250668582, 43.7126016230402]], ""type"": ""MultiPoint""}"
869,968,349085,ST COLUMBA CATHOLIC ELEMENTARY SCHOOL,None,ES,Toronto Catholic District School Board,10 JOHN TABOR TRL ,English Separate,349085,10,John Tabor Trl,10 John Tabor Trl,M1B 1M9,SC,SC,St. Columba Catholic School,115001,104405,10,None,,None,8200,"{""coordinates"": [[-79.2118274058293, 43.8061934479288]], ""type"": ""MultiPoint""}"
870,969,557216,ST CONRAD CATHOLIC ELEMENTARY SCHOOL,None,EP,Toronto District School Board,5 EXBURY RD ,English Public,557216,5,Exbury Rd,5 Exbury Rd,M3M 0A8,NY,NY,St. Conrad Catholic School,115001,30037289,5,None,,None,5541,"{""coordinates"": [[-79.49452430884, 43.7297224090052]], ""type"": ""MultiPoint""}"
871,970,532995,ST CYRIL CATHOLIC ELEMENTARY SCHOOL,None,ES,Toronto Catholic District School Board,18 KEMPFORD BLVD ,English Separate,532995,18,Kempford Blvd,18 Kempford Blvd,M2N 2B9,NY,NY,St. Cyril Catholic School,115001,30132110,18,None,,None,5948,"{""coordinates"": [[-79.4166279833308, 43.7769535192123]], ""type"": ""MultiPoint""}"
872,971,9345077,ST DEMETRIUS CATHOLIC ELEMENTARY SCHOOL,None,ES,Toronto Catholic District School Board,125 LA ROSE AVE ,English Separate,9345077,125,La Rose Ave,125 La Rose Ave,M9P 1A6,ET,ET,St. Demetrius Catholic School,115001,9345057,125,None,,None,1949,"{""coordinates"": [[-79.5219659420764, 43.6846542136853]], ""type"": ""MultiPoint""}"
873,972,10431199,ST DENIS CATHOLIC ELEMENTARY SCHOOL,None,ES,Toronto Catholic District School Board,67 BALSAM AVE ,English Separate,10431199,67,Balsam Ave,67 Balsam Ave,M4E 3B8,TO,TO,St. Denis Catholic School,115001,20043602,67,None,,None,2944,"{""coordinates"": [[-79.2899076162567, 43.6729983466905]], ""type"": ""MultiPoint""}"
874,973,14130020,ST DOMINIC SAVIO CATHOLIC ELEMENTARY SCHOOL,None,ES,Toronto Catholic District School Board,50 TIDESWELL BLVD ,English Separate,14130020,50,Tideswell Blvd,50 Tideswell Blvd,M1B 5X3,SC,SC,St. Dominic Savio Catholic School,115001,6349911,50,None,,None,10209,"{""coordinates"": [[-79.1560238705896, 43.7982843710237]], ""type"": ""MultiPoint""}"
875,974,1009961,ST DOROTHY CATHOLIC ELEMENTARY SCHOOL,None,ES,Toronto Catholic District School Board,155 JOHN GARLAND BLVD ,English Separate,1009961,155,John Garland Blvd,155 John Garland Blvd,M9V 1N7,ET,ET,St. Dorothy Catholic School,115001,907312,155,None,,None,1880,"{""coordinates"": [[-79.5917397330749, 43.7314927043501]], ""type"": ""MultiPoint""}"
876,975,372819,ST DUNSTAN CATHOLIC ELEMENTARY SCHOOL,None,ES,Toronto Catholic District School Board,14 PHARMACY AVE ,English Separate,372819,14,Pharmacy Ave,14 Pharmacy Ave,M1L 3E4,SC,SC,St. Dunstan Catholic School,115001,14666168,14,None,,None,8691,"{""coordinates"": [[-79.2842391958233, 43.6934291968288]], ""type"": ""MultiPoint""}"
877,976,6362645,ST EDMUND CAMPION CATHOLIC ELEMENTARY SCHOOL,None,ES,Toronto Catholic District School Board,30 HIGHCASTLE RD ,English Separate,6362645,30,Highcastle Rd,30 Highcastle Rd,M1E 4N1,SC,SC,St. Edmund Campion Catholic School,115001,6362435,30,None,,None,8099,"{""coordinates"": [[-79.2157156151986, 43.7881110156292]], ""type"": ""MultiPoint""}"
878,977,3121391,ST EDWARD CATHOLIC ELEMENTARY SCHOOL,None,ES,Toronto Catholic District School Board,1 BOTHAM RD ,English Separate,3121391,1,Botham Rd,1 Botham Rd,M2N 2J6,NY,NY,St. Edward Catholic School,115001,3121399,1,None,,None,5001,"{""coordinates"": [[-79.4135471740452, 43.7534007337369]], ""type"": ""MultiPoint""}"
879,978,8067837,ST ELIZABETH CATHOLIC ELEMENTARY SCHOOL,None,ES,Toronto Catholic District School Board,5 REDCAR AVE ,English Separate,8067837,5,Redcar Ave,5 Redcar Ave,M9B 1J8,ET,ET,St. Elizabeth Catholic School,115001,8067838,5,None,,None,2343,"{""coordinates"": [[-79.5574536757453, 43.6351551674958]], ""type"": ""MultiPoint""}"
880,979,342863,ST ELIZABETH SETON CATHOLIC ELEMENTARY SCHOOL,None,ES,Toronto Catholic District School Board,25 HAVENVIEW RD ,English Separate,342863,25,Havenview Rd,25 Havenview Rd,M1S 3A4,SC,SC,St. Elizabeth Seton Catholic School,115001,106284,25,None,,None,8079,"{""coordinates"": [[-79.2467058262956, 43.7889512448555]], ""type"": ""MultiPoint""}"
881,980,1043818,ST EUGENE CATHOLIC ELEMENTARY SCHOOL,None,ES,Toronto Catholic District School Board,30 WESTROYAL RD ,English Separate,1043818,30,Westroyal Rd,30 Westroyal Rd,M9P 2C3,ET,ET,St. Eugene Catholic School,115001,908891,30,None,,None,2772,"{""coordinates"": [[-79.537175747205, 43.692580136991]], ""type"": ""MultiPoint""}"
882,981,486267,ST FIDELIS CATHOLIC ELEMENTARY SCHOOL,None,ES,Toronto Catholic District School Board,9 BANNERMAN ST ,English Separate,486267,9,Bannerman St,9 Bannerman St,M6L 2S5,NY,NY,St. Fidelis Catholic School,115001,445368,9,None,,None,4879,"{""coordinates"": [[-79.4853065043738, 43.7171615273965]], ""type"": ""MultiPoint""}"
883,982,366471,ST FLORENCE CATHOLIC ELEMENTARY SCHOOL,None,ES,Toronto Catholic District School Board,101 MURISON BLVD ,English Separate,366471,101,Murison Blvd,101 Murison Blvd,M1B 2L6,SC,SC,St. Florence Catholic School,115001,30073171,101,None,,None,8552,"{""coordinates"": [[-79.2070022817085, 43.798413963811]], ""type"": ""MultiPoint""}"
884,983,9035632,ST FRANCIS DE SALES CATHOLIC ELEMENTARY SCHOOL,None,ES,Toronto Catholic District School Board,333 FIRGROVE CRES ,English Separate,9035632,333,Firgrove Cres,333 Firgrove Cres,M3N 1K9,NY,NY,St. Francis de Sales Catholic School,115001,9035633,333,None,,None,5594,"{""coordinates"": [[-79.5191245071479, 43.7541329146481]], ""type"": ""MultiPoint""}"
885,984,9879576,ST FRANCIS OF ASSISI CATHOLIC ELEMENTARY SCHOOL,None,ES,Toronto Catholic District School Board,80 CLINTON ST ,English Separate,9879576,80,Clinton St,80 Clinton St,M6G 2Y3,TO,TO,St. Francis Of Assisi Catholic School,115001,30017239,80,None,,None,3185,"{""coordinates"": [[-79.4146281224284, 43.6561998670143]], ""type"": ""MultiPoint""}"
886,985,8896734,ST FRANCIS XAVIER CATHOLIC ELEMENTARY SCHOOL,None,ES,Toronto Catholic District School Board,53 GRACEFIELD AVE ,English Separate,8896734,53,Gracefield Ave,53 Gracefield Ave,M6L 1L3,NY,NY,St. Francis Xavier Catholic School,115001,8896732,53,None,,None,5729,"{""coordinates"": [[-79.483407061155, 43.7108495114267]], ""type"": ""MultiPoint""}"
887,986,564348,ST GABRIEL CATHOLIC ELEMENTARY SCHOOL,None,ES,Toronto Catholic District School Board,396 SPRING GARDEN AVE ,English Separate,564348,396,Spring Garden Ave,396 Spring Garden Ave,M2N 3H5,NY,NY,St. Gabriel Catholic School,115001,438958,396,None,,None,6767,"{""coordinates"": [[-79.3909333155871, 43.7690492872661]], ""type"": ""MultiPoint""}"
888,987,324733,ST GABRIEL LALEMANT CATHOLIC ELEMENTARY SCHOOL,None,ES,Toronto Catholic District School Board,160 CROW TRL ,English Separate,324733,160,Crow Trl,160 Crow Trl,M1B 1Y3,SC,SC,St. Gabriel Lalemant Catholic School,115001,103862,160,None,,None,7689,"{""coordinates"": [[-79.2267274764451, 43.8127036322107]], ""type"": ""MultiPoint""}"
889,988,30070465,ST GEORGE ACADEMY,None,PR,None,595 SHEPPARD AVE E,Private,30070465,595,Sheppard Ave E,595 Sheppard Ave E,M2K 0G3,NY,NY,None,115001,439103,595,None,,None,6698,"{""coordinates"": [[-79.3836445077188, 43.7673116597599]], ""type"": ""MultiPoint""}"
890,989,1024923,ST GEORGE'S JR SCHOOL,None,EP,Toronto District School Board,70 PRINCESS ANNE CRES ,English Public,1024923,70,Princess Anne Cres,70 Princess Anne Cres,M9A 2P7,ET,ET,St. Georges Junior Public School,115001,909875,70,None,,None,2300,"{""coordinates"": [[-79.5417121934287, 43.6726005054962]], ""type"": ""MultiPoint""}"
891,990,547173,ST GERALD CATHOLIC ELEMENTARY SCHOOL,None,ES,Toronto Catholic District School Board,200 OLD SHEPPARD AVE ,English Separate,547173,200,Old Sheppard Ave,200 Old Sheppard Ave,M2J 3L9,NY,NY,St. Gerald Catholic School,115001,437780,200,None,,None,6328,"{""coordinates"": [[-79.3263798211511, 43.7807132742098]], ""type"": ""MultiPoint""}"
892,991,8115497,ST GREGORY CATHOLIC ELEMENTARY SCHOOL,None,ES,Toronto Catholic District School Board,126 RATHBURN RD ,English Separate,8115497,126,Rathburn Rd,126 Rathburn Rd,M9B 2K6,ET,ET,St. Gregory Catholic School,115001,8106365,126,None,,None,2335,"{""coordinates"": [[-79.5448985655353, 43.6606760663976]], ""type"": ""MultiPoint""}"
893,992,785703,ST HELEN CATHOLIC ELEMENTARY SCHOOL,None,ES,Toronto Catholic District School Board,1196 COLLEGE ST ,English Separate,785703,1196,College St,1196 College St,M6H 1B8,TO,TO,St. Helen Catholic School,115001,1145237,1196,None,,None,9765,"{""coordinates"": [[-79.4361563218923, 43.6520845728443]], ""type"": ""MultiPoint""}"
894,993,3054064,ST HENRY CATHOLIC ELEMENTARY SCHOOL,None,EP,Toronto District School Board,100 BAMBURGH CRCL ,English Public,3054064,100,Bamburgh Crcl,100 Bamburgh Crcl,M1W 3R3,SC,SC,St. Henry Secondary School,115001,30021623,100,None,,None,7275,"{""coordinates"": [[-79.3278303529869, 43.8136943030972]], ""type"": ""MultiPoint""}"
895,994,9780844,ST IGNATIUS OF LOYOLA CATHOLIC ELEMENTARY SCHOOL,None,ES,Toronto Catholic District School Board,2350 MCCOWAN RD ,English Separate,9780844,2350,McCowan Rd,2350 McCowan Rd,M1S 4B4,SC,SC,St. Ignatius Of Loyola Catholic School,115001,30000493,2350,None,,None,8454,"{""coordinates"": [[-79.2652486874085, 43.8031579712554]], ""type"": ""MultiPoint""}"
896,995,30079803,ST ISAAC JOGUES CATHOLIC ELEMENTARY SCHOOL,None,ES,Toronto Catholic District School Board,1330 YORK MILLS RD ,English Separate,30079803,1330,York Mills Rd,1330 York Mills Rd,M3A 1Z8,NY,NY,None,115001,439609,1330,None,,None,7145,"{""coordinates"": [[-79.3218011715683, 43.7624150171565]], ""type"": ""MultiPoint""}"
897,996,9467497,ST JAMES CATHOLIC ELEMENTARY SCHOOL,None,ES,Toronto Catholic District School Board,230 HUMBERCREST BLVD ,English Separate,9467497,230,Humbercrest Blvd,230 Humbercrest Blvd,M6S 4L3,YK,YK,St. James Catholic School,115001,20119895,230,None,,None,678,"{""coordinates"": [[-79.4952075334152, 43.6646903893884]], ""type"": ""MultiPoint""}"
898,997,10092854,ST JANE FRANCES CATHOLIC ELEMENTARY SCHOOL,None,ES,Toronto Catholic District School Board,2745 JANE ST ,English Separate,10092854,2745,Jane St,2745 Jane St,M3L 2E8,NY,NY,St. Jane Francis Catholic School,115001,10092803,2745,None,,None,694,"{""coordinates"": [[-79.5131656491401, 43.7421481635139]], ""type"": ""MultiPoint""}"
899,998,326651,ST JEAN DE BREBEUF CATHOLIC ELEMENTARY SCHOOL,None,ES,Toronto Catholic District School Board,101 DEAN PARK RD ,English Separate,326651,101,Dean Park Rd,101 Dean Park Rd,M1B 2X2,SC,SC,St. Jean De Brebeuf Catholic School,115001,104728,101,None,,None,7721,"{""coordinates"": [[-79.1740585576179, 43.8022683840224]], ""type"": ""MultiPoint""}"
900,999,382095,ST JEAN DE LALANDE CATHOLIC ELEMENTARY SCHOOL,None,ES,Toronto Catholic District School Board,500 SANDHURST CRCL ,English Separate,382095,500,Sandhurst Crcl,500 Sandhurst Crcl,M1S 3Y7,SC,SC,Ecole Saint-Jean-De-Lalande C S,115001,104519,500,None,,None,8871,"{""coordinates"": [[-79.2640882627444, 43.8047500213927]], ""type"": ""MultiPoint""}"
901,1000,7560969,ST JEROME CATHOLIC ELEMENTARY SCHOOL,None,EP,Toronto District School Board,111 SHARPECROFT BLVD ,English Public,7560969,111,Sharpecroft Blvd,111 Sharpecroft Blvd,M3J 1P5,NY,NY,St. Jerome Catholic School,115001,30092951,111,None,,None,6690,"{""coordinates"": [[-79.4888903079609, 43.7488344363176]], ""type"": ""MultiPoint""}"
902,1001,388184,ST JOACHIM CATHOLIC ELEMENTARY SCHOOL,None,ES,Toronto Catholic District School Board,3395 ST CLAIR AVE E,English Separate,388184,3395,St Clair Ave E,3395 St Clair Ave E,M1L 1W3,SC,SC,St. Joachim Catholic School,115001,112131,3395,None,,None,339,"{""coordinates"": [[-79.2754113465998, 43.7130080216446]], ""type"": ""MultiPoint""}"
903,1002,2917716,ST JOAN OF ARC CATHOLIC ACADEMY,None,ES,Toronto Catholic District School Board,959 MIDLAND AVE ,English Separate,2917716,959,Midland Ave,959 Midland Ave,M1K 4G4,SC,SC,St. Joan of Arc Catholic Academy,115001,14668296,959,None,,None,8496,"{""coordinates"": [[-79.2589735525034, 43.7378208332923]], ""type"": ""MultiPoint""}"
904,1003,63252,ST JOHN BOSCO CATHOLIC ELEMENTARY SCHOOL,None,ES,Toronto Catholic District School Board,75 HOLMESDALE RD ,English Separate,63252,75,Holmesdale Rd,75 Holmesdale Rd,M6E 1Y2,YK,YK,St. John Bosco Catholic School,115001,8266,75,None,,None,668,"{""coordinates"": [[-79.4505577405563, 43.688715787105]], ""type"": ""MultiPoint""}"
905,1004,829026,ST JOHN CATHOLIC ELEMENTARY SCHOOL,None,ES,Toronto Catholic District School Board,780 KINGSTON RD ,English Separate,829026,780,Kingston Rd,780 Kingston Rd,M4E 1R7,TO,TO,St. John Catholic School,115001,30059637,780,None,,None,3786,"{""coordinates"": [[-79.294568672894, 43.6802243802861]], ""type"": ""MultiPoint""}"
906,1005,14258325,ST JOHN HENRY NEWMAN CATHOLIC HIGH SCHOOL,None,ES,Toronto Catholic District School Board,100 BRIMLEY RD S,English Separate,14258325,100,Brimley Rd S,100 Brimley Rd S,M1M 3X4,SC,SC,St. John Henry Newman Catholic High School,115001,30029505,100,None,,None,10496,"{""coordinates"": [[-79.2404353720764, 43.7147788010578]], ""type"": ""MultiPoint""}"
907,1006,352127,ST JOHN HENRY NEWMAN CATHOLIC HIGH SCHOOL (FUTURE SITE),None,ES,Toronto Catholic District School Board,2685 KINGSTON RD ,English Separate,352127,2685,Kingston Rd,2685 Kingston Rd,M1M 1M2,SC,SC,None,115001,112019,2685,None,,None,3786,"{""coordinates"": [[-79.2408618204948, 43.7169075119675]], ""type"": ""MultiPoint""}"
908,1007,6942850,ST JOHN PAUL II CATHOLIC SECONDARY SCHOOL,None,ES,Toronto Catholic District School Board,685 MILITARY TRL ,English Separate,6942850,685,Military Trl,685 Military Trl,M1E 4P6,SC,SC,Pope John Paul II Catholic Secondary School,115001,14658973,685,None,,None,8501,"{""coordinates"": [[-79.1993630894791, 43.7900759206163]], ""type"": ""MultiPoint""}"
909,1008,9950447,ST JOHN THE EVANGELIST CATHOLIC ELEMENTARY SCHOOL,None,ES,Toronto Catholic District School Board,23 GEORGE ST ,English Separate,9950447,23,George St,23 GEORGE ST ,None,YK,YK,St. John the Evangelist Catholic Elementary School,115001,9950436,23,None,,None,9829,"{""coordinates"": [[-79.5203623345668, 43.7031479540398]], ""type"": ""MultiPoint""}"
910,1009,9779709,ST JOHN VIANNEY CATHOLIC ELEMENTARY SCHOOL,None,ES,Toronto Catholic District School Board,105 THISTLE DOWN BLVD ,English Separate,9779709,105,Thistle Down Blvd,105 Thistle Down Blvd,M9V 1J5,ET,ET,St. John Vianney Catholic School,115001,9779703,105,None,,None,2621,"{""coordinates"": [[-79.5539537350338, 43.7380608406619]], ""type"": ""MultiPoint""}"
911,1010,523760,ST JOHN XXIII CATHOLIC ELEMENTARY SCHOOL,None,ES,Toronto Catholic District School Board,175 GRENOBLE DR ,English Separate,523760,175,Grenoble Dr,175 Grenoble Dr,M3C 3E7,NY,NY,St. John XXIII Catholic School,115001,445634,175,None,,None,5756,"{""coordinates"": [[-79.3298478904051, 43.7124539719629]], ""type"": ""MultiPoint""}"
912,1011,8823972,ST JOSAPHAT CATHOLIC ELEMENTARY SCHOOL,None,ES,Toronto Catholic District School Board,110 TENTH ST ,English Separate,8823972,110,Tenth St,110 Tenth St,M8V 3G1,ET,ET,St. Josaphat Catholic School,115001,20048481,110,None,,None,2591,"{""coordinates"": [[-79.5090595341902, 43.5992985583395]], ""type"": ""MultiPoint""}"
913,1012,832894,ST JOSEPH CATHOLIC ELEMENTARY SCHOOL,None,ES,Toronto Catholic District School Board,176 LESLIE ST ,English Separate,832894,176,Leslie St,176 Leslie St,M4M 3C7,TO,TO,St. Joseph Catholic School,115001,14023389,176,None,,None,225,"{""coordinates"": [[-79.3318905488989, 43.6658080724709]], ""type"": ""MultiPoint""}"
914,1013,8128878,ST JOSEPH'S COLLEGE SCHOOL,None,ES,Toronto Catholic District School Board,74 WELLESLEY ST W,English Separate,8128878,74,Wellesley St W,74 Wellesley St W,M5S 1C4,TO,TO,St. Joseph's College,115001,8128875,74,None,,None,4649,"{""coordinates"": [[-79.3888646582957, 43.6644368621349]], ""type"": ""MultiPoint""}"
915,1014,30119667,ST JOSEPH'S MORROW PARK CATHOLIC SECONDARY SCHOOL,None,ES,Toronto Catholic District School Board,3338 BAYVIEW AVE ,English Separate,30119667,3338,Bayview Ave,3338 Bayview Ave,M2M 3R9,NY,NY,St. Joseph's Morrow Park Catholic Secondary School,115001,436853,3338,None,,None,24,"{""coordinates"": [[-79.3945883858887, 43.7927117467235]], ""type"": ""MultiPoint""}"
916,1015,574322,ST JUDE CATHOLIC ELEMENTARY SCHOOL,None,ES,Toronto Catholic District School Board,3251 WESTON RD ,English Separate,574322,3251,Weston Rd,3251 Weston Rd,M9M 2T9,NY,NY,St. Jude Catholic School,115001,442805,3251,None,,None,952,"{""coordinates"": [[-79.5392565396502, 43.7404844801824]], ""type"": ""MultiPoint""}"
917,1016,540372,ST KATERI TEKAKWITHA CATHOLIC ELEMENTARY SCHOOL,None,ES,Toronto Catholic District School Board,70 MARGARET AVE ,English Separate,540372,70,Margaret Ave,70 Margaret Ave,M2J 4C5,NY,NY,St. Kateri Tekakwitha Catholic School,115001,30101247,70,None,,None,6157,"{""coordinates"": [[-79.3380515908991, 43.7858197125024]], ""type"": ""MultiPoint""}"
918,1017,366586,ST KEVIN CATHOLIC ELEMENTARY SCHOOL,None,ES,Toronto Catholic District School Board,15 MURRAY GLEN DR ,English Separate,366586,15,Murray Glen Dr,15 Murray Glen Dr,M1R 3J6,SC,SC,St. Kevin Catholic School,115001,110028,15,None,,None,8555,"{""coordinates"": [[-79.3061817661922, 43.7507604549417]], ""type"": ""MultiPoint""}"
919,1018,4605081,ST LAWRENCE CATHOLIC ELEMENTARY SCHOOL,None,ES,Toronto Catholic District School Board,2216 LAWRENCE AVE E,English Separate,4605081,2216,Lawrence Ave E,2216 Lawrence Ave E,M1P 2P9,SC,SC,St. Lawrence Catholic School,115001,4605094,2216,None,,None,3828,"{""coordinates"": [[-79.279920844721, 43.7493063881773]], ""type"": ""MultiPoint""}"
920,1019,7570012,ST LEO CATHOLIC ELEMENTARY SCHOOL,None,ES,Toronto Catholic District School Board,165 STANLEY AVE ,English Separate,7570012,165,Stanley Ave,165 Stanley Ave,M8V 1P1,ET,ET,St. Leo Catholic School,115001,20052938,165,None,,None,2520,"{""coordinates"": [[-79.4962884514206, 43.6142799913749]], ""type"": ""MultiPoint""}"
921,1020,30113871,ST LEO CATHOLIC ELEMENTARY SCHOOL (FUTURE ADDRESS FOR MAIN ENTRANCE),None,ES,Toronto Catholic District School Board,271 ROYAL YORK RD ,English Separate,30113871,271,Royal York Rd,271 Royal York Rd,M8V 2V8,ET,ET,None,115001,7847513,271,None,,None,2413,"{""coordinates"": [[-79.4966193321251, 43.6133211884746]], ""type"": ""MultiPoint""}"
922,1021,7664628,ST LEO CATHOLIC SCHOOL (TEMPORARY LOCATION),None,ES,Toronto Catholic District School Board,3672 LAKE SHORE BLVD W,English Separate,7664628,3672,Lake Shore Blvd W,3672 Lake Shore Blvd W,M8W 1N6,ET,ET,None,115001,7664573,3672,None,,None,1962,"{""coordinates"": [[-79.5381792901975, 43.5944767417144]], ""type"": ""MultiPoint""}"
923,1022,6942666,ST LOUIS CATHOLIC ELEMENTARY SCHOOL,None,ES,Toronto Catholic District School Board,11 MORGAN AVE ,English Separate,6942666,11,Morgan Ave,11 Morgan Ave,M8Y 2Z7,ET,ET,St. Louis Catholic School,115001,20053158,11,None,,None,2139,"{""coordinates"": [[-79.5009553836076, 43.6257451246799]], ""type"": ""MultiPoint""}"
924,1023,8431736,ST LUIGI CATHOLIC ELEMENTARY SCHOOL,None,ES,Toronto Catholic District School Board,2 RUSKIN AVE ,English Separate,8431736,2,Ruskin Ave,2 Ruskin Ave,M6P 3P8,TO,TO,St. Luigi Catholic School,115001,8431729,2,None,,None,4342,"{""coordinates"": [[-79.4514701139127, 43.6628755818843]], ""type"": ""MultiPoint""}"
925,1024,30079804,ST MADELEINE CATHOLIC ELEMENTARY SCHOOL,None,EP,Toronto District School Board,1 NESS DR ,English Public,30079804,1,Ness Dr,1 Ness Dr,M3A 2W1,NY,NY,None,115001,439610,1,None,,None,6276,"{""coordinates"": [[-79.3228221265087, 43.7624707284698]], ""type"": ""MultiPoint""}"
926,1025,11901986,ST MALACHY CATHOLIC ELEMENTARY SCHOOL,None,ES,Toronto Catholic District School Board,80 BENNETT RD ,English Separate,11901986,80,Bennett Rd,80 Bennett Rd,M1E 3Y3,SC,SC,St. Malachy Catholic School,115001,11901984,80,None,,None,7338,"{""coordinates"": [[-79.1663503950133, 43.7711329119069]], ""type"": ""MultiPoint""}"
927,1026,996286,ST MARCELLUS CATHOLIC ELEMENTARY SCHOOL,None,ES,Toronto Catholic District School Board,15 DENFIELD ST ,English Separate,996286,15,Denfield St,15 Denfield St,M9R 3H2,ET,ET,St. Marcellus Catholic School,115001,909523,15,None,,None,1457,"{""coordinates"": [[-79.5542249529223, 43.6797919363761]], ""type"": ""MultiPoint""}"
928,1027,14120386,ST MARGARET - BEATRICE CAMPUS AND BAYCREST PUBLIC,None,ES,Toronto Catholic District School Board,50 AMEER AVE ,English Separate,14120386,50,Ameer Ave,50 Ameer Ave,M6A 2L3,NY,NY,Sir Sandford Fleming Academy,115001,30061212,50,None,,None,4790,"{""coordinates"": [[-79.4417054054556, 43.7286921824032]], ""type"": ""MultiPoint""}"
929,1028,496586,ST MARGARET CATHOLIC ELEMENTARY SCHOOL - CARMICHAEL SITE,None,ES,Toronto Catholic District School Board,85 CARMICHAEL AVE ,English Separate,496586,85,Carmichael Ave,85 Carmichael Ave,M5M 2X1,NY,NY,St. Margaret Catholic School,115001,443017,85,None,,None,5123,"{""coordinates"": [[-79.426648415056, 43.7359856885179]], ""type"": ""MultiPoint""}"
930,1029,4650231,ST MARGARET'S PUBLIC SCHOOL,None,EP,Toronto District School Board,235 GALLOWAY RD ,English Public,4650231,235,Galloway Rd,235 Galloway Rd,M1E 1X5,SC,SC,St. Margaret's Public School,115001,30025638,235,None,,None,7948,"{""coordinates"": [[-79.195821221175, 43.7679505557947]], ""type"": ""MultiPoint""}"
931,1030,300816,ST MARGUERITE BOURGEOYS CATHOLIC ELEMENTARY SCHOOL,None,ES,Toronto Catholic District School Board,75 ALEXMUIR BLVD ,English Separate,300816,75,Alexmuir Blvd,75 Alexmuir Blvd,M1V 1H6,SC,SC,St. Marguerite Bourgeoys Catholic School,115001,104354,75,None,,None,7182,"{""coordinates"": [[-79.2850919491127, 43.8082306631027]], ""type"": ""MultiPoint""}"
932,1031,10142951,ST MARGUERITE D'YOUVILLE CATHOLIC ELEMENTARY SCHOOL,None,FS,Conseil scolaire de district catholique Centre-Sud,755 ROYAL YORK RD ,French Separate,10142951,755,Royal York Rd,755 Royal York Rd,M8Y 2T3,ET,ET,None,115001,10142922,755,None,,None,2413,"{""coordinates"": [[-79.5060880634959, 43.6359577030971]], ""type"": ""MultiPoint""}"
933,1032,350045,ST MARIA GORETTI CATHOLIC ELEMENTARY SCHOOL,None,ES,Toronto Catholic District School Board,21 KENMARK BLVD ,English Separate,350045,21,Kenmark Blvd,21 Kenmark Blvd,M1K 3N8,SC,SC,St. Maria Goretti Catholic School,115001,111374,21,None,,None,8220,"{""coordinates"": [[-79.2659221067688, 43.7298353180624]], ""type"": ""MultiPoint""}"
934,1033,7940024,ST MARK CATHOLIC ELEMENTARY SCHOOL,None,ES,Toronto Catholic District School Board,45 CLOVERHILL RD ,English Separate,7940024,45,Cloverhill Rd,45 Cloverhill Rd,M8Y 1T4,ET,ET,St. Mark Catholic School,115001,60000288,45,None,,None,1363,"{""coordinates"": [[-79.4901975062684, 43.6344998506233]], ""type"": ""MultiPoint""}"
935,1034,10257820,ST MARTHA CATHOLIC ELEMENTARY SCHOOL,None,ES,Toronto Catholic District School Board,1865 SHEPPARD AVE W,English Separate,10257820,1865,Sheppard Ave W,1865 Sheppard Ave W,M3L 1Y5,NY,NY,St. Martha Catholic School,115001,10257821,1865,None,,None,6699,"{""coordinates"": [[-79.502184631375, 43.7409310902]], ""type"": ""MultiPoint""}"
936,1035,365462,ST MARTIN DE PORRES CATHOLIC ELEMENTARY SCHOOL,None,ES,Toronto Catholic District School Board,230 MORNINGSIDE AVE ,English Separate,365462,230,Morningside Ave,230 Morningside Ave,M1E 3E1,SC,SC,St. Martin de Porres Catholic School,115001,108387,230,None,,None,4015,"{""coordinates"": [[-79.1862924598949, 43.7669828897416]], ""type"": ""MultiPoint""}"
937,1036,795079,ST MARY CATHOLIC ACADEMY SECONDARY SCHOOL ,None,ES,Toronto Catholic District School Board,66 DUFFERIN PARK AVE ,English Separate,795079,66,Dufferin Park Ave,66 Dufferin Park Ave,M6H 1J6,TO,TO,St. Mary Catholic Academy,115001,1144305,66,None,,None,3328,"{""coordinates"": [[-79.4321542870877, 43.6577935996839]], ""type"": ""MultiPoint""}"
938,1037,8457265,ST MARY CATHOLIC ELEMENTARY SCHOOL,None,ES,Toronto Catholic District School Board,20 PORTUGAL SQ ,English Separate,8457265,20,Portugal Sq,20 Portugal Sq,M6J 3P2,TO,TO,St. Mary Catholic School,115001,14674139,20,None,,None,4211,"{""coordinates"": [[-79.40463496612, 43.6458438060303]], ""type"": ""MultiPoint""}"
939,1038,10364883,ST MARY OF THE ANGELS CATHOLIC ELEMENTARY SCHOOL,None,ES,Toronto Catholic District School Board,1477 DUFFERIN ST ,English Separate,10364883,1477,Dufferin St,1477 Dufferin St,M6H 4C7,TO,TO,St. Mary Of The Angels Catholic School,115001,10364636,1477,None,,None,557,"{""coordinates"": [[-79.4402927050095, 43.6721188639003]], ""type"": ""MultiPoint""}"
940,1039,10635876,ST MATTHEW CATHOLIC ELEMENTARY SCHOOL,None,ES,Toronto Catholic District School Board,18 LAVENDER RD ,English Separate,10635876,18,Lavender Rd,18 Lavender Rd,M6N 2B5,YK,YK,St. Matthew Catholic School,115001,14072375,18,None,,None,731,"{""coordinates"": [[-79.4679721851425, 43.6805852613849]], ""type"": ""MultiPoint""}"
941,1040,571309,ST MATTHIAS C.S. (CLOSED FOR RENOVATION),None,ES,Toronto Catholic District School Board,101 VAN HORNE AVE ,English Separate,571309,101,Van Horne Ave,101 Van Horne Ave,M2J 2S8,NY,NY,St. Matthias Catholic School,115001,437364,101,None,,None,6984,"{""coordinates"": [[-79.3594556324106, 43.7848902249538]], ""type"": ""MultiPoint""}"
942,1041,484639,ST MATTHIAS C.S. (TEMPORARY LOCATION),None,EP,Toronto District School Board,111 ASPENWOOD DR ,English Public,484639,111,Aspenwood Dr,111 Aspenwood Dr,M2H 2G2,NY,NY,None,115001,30006216,111,None,,None,4841,"{""coordinates"": [[-79.3631585958643, 43.8070437180448]], ""type"": ""MultiPoint""}"
943,1042,1011124,ST MAURICE CATHOLIC ELEMENTARY SCHOOL,None,ES,Toronto Catholic District School Board,45 KINGSVIEW BLVD ,English Separate,1011124,45,Kingsview Blvd,45 Kingsview Blvd,M9R 1T7,ET,ET,St. Maurice Catholic School,115001,30092086,45,None,,None,1929,"{""coordinates"": [[-79.5539328680624, 43.6978127589357]], ""type"": ""MultiPoint""}"
944,1043,8351474,ST MICHAEL CATHOLIC ELEMENTARY SCHOOL - BLDG 1,None,ES,Toronto Catholic District School Board,50 GEORGE ST S,English Separate,8351474,50,George St S,50 George St S,M5A 4B2,TO,TO,St. Michael Catholic School,115001,30135837,50,None,,None,3493,"{""coordinates"": [[-79.36966974588, 43.6479370958046]], ""type"": ""MultiPoint""}"
945,1044,773895,ST MICHAEL'S CHOIR SCHOOL - CHORAL BLDG,None,ES,Toronto Catholic District School Board,66 BOND ST ,English Separate,773895,66,Bond St,66 Bond St,M5B 1X2,TO,TO,St. Michael Choir Jr,115001,1144656,66,None,,None,3029,"{""coordinates"": [[-79.3780770780339, 43.6550645830878]], ""type"": ""MultiPoint""}"
946,1045,773896,ST MICHAEL'S CHOIR SCHOOL - ELEMENTARY,None,ES,Toronto Catholic District School Board,67 BOND ST ,English Separate,773896,67,Bond St,67 Bond St,M5B 1X5,TO,TO,St. Michael Choir Sr,115001,1144656,67,None,,None,3029,"{""coordinates"": [[-79.3776872580906, 43.655445733995]], ""type"": ""MultiPoint""}"
947,1046,773893,ST MICHAEL'S CHOIR SCHOOL - GYMNASIUM BLDG,None,ES,Toronto Catholic District School Board,56 BOND ST ,English Separate,773893,56,Bond St,56 Bond St,M5B 1X2,TO,TO,St Michaels Parish Hall,115001,1144656,56,None,,None,3029,"{""coordinates"": [[-79.378123626922, 43.6548028553739]], ""type"": ""MultiPoint""}"
948,1047,14205177,ST MICHAEL'S CHOIR SCHOOL - SECONDARY ,None,ES,Toronto Catholic District School Board,69 BOND ST ,English Separate,14205177,69,Bond St,69 Bond St,M5B 1X4,TO,TO,None,115001,1144656,69,None,,None,3029,"{""coordinates"": [[-79.3777294123857, 43.6555361616688]], ""type"": ""MultiPoint""}"
949,1048,8837322,ST MICHAEL'S COLLEGE SCHOOL,None,PR,None,1515 BATHURST ST ,Private,8837322,1515,Bathurst St,1515 Bathurst St,M5P 3H4,YK,YK,None,115001,60032937,1515,None,,None,436,"{""coordinates"": [[-79.4179300462941, 43.6849254359589]], ""type"": ""MultiPoint""}"
950,1049,7632822,ST MONICA CATHOLIC ELEMENTARY SCHOOL,None,ES,Toronto Catholic District School Board,14 BROADWAY AVE ,English Separate,7632822,14,Broadway Ave,14 Broadway Ave,M4P 1T4,TO,TO,St. Monica Catholic School,115001,7632816,14,None,,None,45,"{""coordinates"": [[-79.3976277049175, 43.7101592663982]], ""type"": ""MultiPoint""}"
951,1050,2133565,ST MOTHER TERESA CATHOLIC ACADEMY,None,ES,Toronto Catholic District School Board,40 SEWELLS RD ,English Separate,2133565,40,Sewells Rd,40 Sewells Rd,M1B 3G5,SC,SC,St. Mother Teresa Catholic Academy,115001,2133566,40,None,,None,30032,"{""coordinates"": [[-79.2144834881968, 43.809723237627]], ""type"": ""MultiPoint""}"
952,1051,301461,ST NICHOLAS CATHOLIC ELEMENTARY SCHOOL,None,ES,Toronto Catholic District School Board,33 AMARILLO DR ,English Separate,301461,33,Amarillo Dr,33 Amarillo Dr,M1J 2P7,SC,SC,St. Nicholas Catholic School,115001,110175,33,None,,None,7194,"{""coordinates"": [[-79.232893649722, 43.7477332879854]], ""type"": ""MultiPoint""}"
953,1052,71978,ST NICHOLAS OF BARI CATHOLIC ELEMENTARY SCHOOL,None,ES,Toronto Catholic District School Board,363 ROGERS RD ,English Separate,71978,363,Rogers Rd,363 Rogers Rd,M6E 1R6,YK,YK,St. Nicholas Of Bari Catholic School,115001,8745,363,None,,None,849,"{""coordinates"": [[-79.4604931991533, 43.6828243738643]], ""type"": ""MultiPoint""}"
954,1053,1038674,ST NOEL CHABANEL CATHOLIC ELEMENTARY SCHOOL,None,FS,Conseil scolaire de district catholique Centre-Sud,30 THISTLE DOWN BLVD ,French Separate,1038674,30,Thistle Down Blvd,30 Thistle Down Blvd,M9V 1H8,ET,ET,None,115001,907072,30,None,,None,2621,"{""coordinates"": [[-79.5607609382549, 43.7367756505084]], ""type"": ""MultiPoint""}"
955,1054,539709,ST NORBERT CATHOLIC ELEMENTARY SCHOOL,None,ES,Toronto Catholic District School Board,60 MANIZA RD ,English Separate,539709,60,Maniza Rd,60 Maniza Rd,M3K 1R6,NY,NY,St. Norbert Catholic School,115001,443285,60,None,,None,6143,"{""coordinates"": [[-79.4645227876529, 43.7346150367873]], ""type"": ""MultiPoint""}"
956,1055,2917611,ST OSCAR ROMERO CATHOLIC SECONDARY SCHOOL,None,ES,Toronto Catholic District School Board,99 HUMBER BLVD ,English Separate,2917611,99,Humber Blvd,99 Humber Blvd,M6N 2H4,YK,YK,St. Oscar Romero Catholic Secondary School,115001,2884873,99,None,,None,9746,"{""coordinates"": [[-79.4810172796167, 43.6803090053029]], ""type"": ""MultiPoint""}"
957,1056,564800,ST PASCHAL BAYLON CATHOLIC ELEMENTARY SCHOOL,None,ES,Toronto Catholic District School Board,15 ST PASCHAL CRT ,English Separate,564800,15,St Paschal Crt,15 St Paschal Crt,M2M 1X6,NY,NY,St. Paschal Baylon Catholic School,115001,436962,15,None,,None,6777,"{""coordinates"": [[-79.4317032640691, 43.7921112221505]], ""type"": ""MultiPoint""}"
958,1057,7777395,ST PATRICK CATHOLIC SECONDARY SCHOOL,None,EP,Toronto District School Board,45 FELSTEAD AVE ,English Public,7777395,45,Felstead Ave,45 Felstead Ave,M4J 1G3,TO,TO,St. Patrick Catholic Secondary School,115001,60012444,45,None,,None,3430,"{""coordinates"": [[-79.3282613925079, 43.6781739911234]], ""type"": ""MultiPoint""}"
959,1058,11070056,ST PAUL CATHOLIC ELEMENTARY SCHOOL,None,ES,Toronto Catholic District School Board,80 SACKVILLE ST ,English Separate,11070056,80,Sackville St,80 Sackville St,M5A 3E5,TO,TO,St. Paul Catholic School,115001,14661318,80,None,,None,4353,"{""coordinates"": [[-79.3617341874579, 43.6554889407822]], ""type"": ""MultiPoint""}"
960,1059,6709986,ST PAUL VI CATHOLIC ELEMENTARY SCHOOL,None,ES,Toronto Catholic District School Board,270 LAUGHTON AVE ,English Separate,6709986,270,Laughton Ave,270 Laughton Ave,M6N 2X8,TO,TO,St Paul VI Catholic School,115001,6709987,270,None,,None,3823,"{""coordinates"": [[-79.4577930288278, 43.6740129018064]], ""type"": ""MultiPoint""}"
961,1060,825426,ST PIUS X CATHOLIC ELEMENTARY SCHOOL,None,ES,Toronto Catholic District School Board,71 JANE ST ,English Separate,825426,71,Jane St,71 Jane St,M6S 3Y3,TO,TO,St. Pius X Catholic School,115001,1145511,71,None,,None,694,"{""coordinates"": [[-79.4847133386746, 43.6512772232725]], ""type"": ""MultiPoint""}"
962,1061,518696,ST RAPHAEL CATHOLIC ELEMENTARY SCHOOL,None,ES,Toronto Catholic District School Board,3 GADE DR ,English Separate,518696,3,Gade Dr,3 Gade Dr,M3M 2K2,NY,NY,St. Raphael Catholic School,115001,444040,3,None,,None,5656,"{""coordinates"": [[-79.4887180636838, 43.7285235857172]], ""type"": ""MultiPoint""}"
963,1062,375269,ST RENE GOUPIL CATHOLIC ELEMENTARY SCHOOL,None,ES,Toronto Catholic District School Board,44 PORT ROYAL TRL ,English Separate,375269,44,Port Royal Trl,44 Port Royal Trl,M1V 2G8,SC,SC,St. Rene Goupil Catholic School,115001,103481,44,None,,None,8721,"{""coordinates"": [[-79.2883031243671, 43.8193483705481]], ""type"": ""MultiPoint""}"
964,1063,6408660,ST RICHARD CATHOLIC ELEMENTARY SCHOOL,None,ES,Toronto Catholic District School Board,960 BELLAMY RD N,English Separate,6408660,960,Bellamy Rd N,960 Bellamy Rd N,M1H 1H1,SC,SC,St. Richard Catholic School,115001,108383,960,None,,None,7313,"{""coordinates"": [[-79.2399872236293, 43.7683108942917]], ""type"": ""MultiPoint""}"
965,1064,11405331,ST RITA CATHOLIC ELEMENTARY SCHOOL & MSGR FRASER SOUTHWEST,None,ES,Toronto Catholic District School Board,178 EDWIN AVE ,English Separate,11405331,178,Edwin Ave,178 Edwin Ave,M6P 3Z9,TO,TO,St. Rita Catholic School,115001,30119676,178,None,,None,3375,"{""coordinates"": [[-79.4563368987134, 43.6661007528295]], ""type"": ""MultiPoint""}"
966,1065,485543,ST ROBERT CATHOLIC ELEMENTARY SCHOOL,None,ES,Toronto Catholic District School Board,70 BAINBRIDGE AVE ,English Separate,485543,70,Bainbridge Ave,70 Bainbridge Ave,M3H 2K2,NY,NY,St. Robert Catholic School,115001,441352,70,None,,None,4862,"{""coordinates"": [[-79.4441451836565, 43.7496575317948]], ""type"": ""MultiPoint""}"
967,1066,10430603,ST ROCH CATHOLIC ELEMENTARY SCHOOL,None,ES,Toronto Catholic District School Board,174 DUNCANWOODS DR ,English Separate,10430603,174,Duncanwoods Dr,174 Duncanwoods Dr,M9L 2E3,NY,NY,St. Roch Catholic School,115001,10430565,174,None,,None,5456,"{""coordinates"": [[-79.5667497158539, 43.7537079716592]], ""type"": ""MultiPoint""}"
968,1067,354417,ST ROSE OF LIMA CATHOLIC ELEMENTARY SCHOOL,None,ES,Toronto Catholic District School Board,3220 LAWRENCE AVE E,English Separate,354417,3220,Lawrence Ave E,3220 Lawrence Ave E,M1H 1A4,SC,SC,St. Rose Of Lima Catholic School,115001,30061518,3220,None,,None,3828,"{""coordinates"": [[-79.2405599228707, 43.7574823998592]], ""type"": ""MultiPoint""}"
969,1068,9638114,ST SEBASTIAN CATHOLIC ELEMENTARY SCHOOL,None,ES,Toronto Catholic District School Board,717 BROCK AVE ,English Separate,9638114,717,Brock Ave,717 Brock Ave,M6H 3P1,TO,TO,St. Sebastian Catholic School,115001,14012744,717,None,,None,3066,"{""coordinates"": [[-79.4399264681495, 43.6627661508689]], ""type"": ""MultiPoint""}"
970,1069,30016433,ST SIMON CATHOLIC ELEMENTARY SCHOOL,None,ES,Toronto Catholic District School Board,24 STRATHBURN BLVD ,English Separate,30016433,24,Strathburn Blvd,24 Strathburn Blvd,M9M 2K3,NY,NY,St. Simon Catholic School,115001,445303,24,None,,None,6808,"{""coordinates"": [[-79.5329761660784, 43.7188620935778]], ""type"": ""MultiPoint""}"
971,1070,1003707,ST STEPHEN CATHOLIC ELEMENTARY SCHOOL,None,ES,Toronto Catholic District School Board,55 GOLFDOWN DR ,English Separate,1003707,55,Golfdown Dr,55 Golfdown Dr,M9W 2H8,ET,ET,St. Stephen Catholic School,115001,907698,55,None,,None,1690,"{""coordinates"": [[-79.5544731695422, 43.7220025167093]], ""type"": ""MultiPoint""}"
972,1071,386354,ST SYLVESTER CATHOLIC ELEMENTARY SCHOOL,None,ES,Toronto Catholic District School Board,260 SILVER SPRINGS BLVD ,English Separate,386354,260,Silver Springs Blvd,260 Silver Springs Blvd,M1V 1S4,SC,SC,St. Sylvester Catholic School,115001,104551,260,None,,None,8952,"{""coordinates"": [[-79.3022463993111, 43.8053583871689]], ""type"": ""MultiPoint""}"
973,1072,352125,ST THERESA SHRINE CATHOLIC ELEMENTARY SCHOOL,None,ES,Toronto Catholic District School Board,2665 KINGSTON RD ,English Separate,352125,2665,Kingston Rd,2665 Kingston Rd,M1M 1M2,SC,SC,St. Theresa Shrine,115001,112019,2665,None,,None,3786,"{""coordinates"": [[-79.2424755891945, 43.7156378599317]], ""type"": ""MultiPoint""}"
974,1073,8571075,ST THOMAS AQUINAS CATHOLIC ELEMENTARY SCHOOL,None,ES,Toronto Catholic District School Board,636 GLENHOLME AVE ,English Separate,8571075,636,Glenholme Ave,636 Glenholme Ave,M6E 3G9,YK,YK,St. Thomas Aquinas Catholic School,115001,8570974,636,None,,None,615,"{""coordinates"": [[-79.4457437831478, 43.6958897058391]], ""type"": ""MultiPoint""}"
975,1074,9234029,ST THOMAS MORE CATHOLIC ELEMENTARY SCHOOL,None,ES,Toronto Catholic District School Board,2300 ELLESMERE RD ,English Separate,9234029,2300,Ellesmere Rd,2300 Ellesmere Rd,M1G 3M7,SC,SC,St. Thomas More Catholic School,115001,9234028,2300,None,,None,7835,"{""coordinates"": [[-79.225165018032, 43.7783913599106]], ""type"": ""MultiPoint""}"
976,1075,5145355,ST TIMOTHY CATHOLIC ELEMENTARY SCHOOL,None,ES,Toronto Catholic District School Board,25 ROCHELLE CRES ,English Separate,5145355,25,Rochelle Cres,25 Rochelle Cres,M2J 1Y3,NY,NY,St. Timothy Catholic School,115001,5145339,25,None,,None,6567,"{""coordinates"": [[-79.3510382340178, 43.774938652465]], ""type"": ""MultiPoint""}"
977,1076,356351,ST URSULA CATHOLIC ELEMENTARY SCHOOL,None,ES,Toronto Catholic District School Board,215 LIVINGSTON RD ,English Separate,356351,215,Livingston Rd,215 Livingston Rd,M1E 1L8,SC,SC,St. Ursula Catholic School,115001,30059524,215,None,,None,8348,"{""coordinates"": [[-79.1996603997432, 43.7497922144629]], ""type"": ""MultiPoint""}"
978,1077,307269,ST VICTOR CATHOLIC ELEMENTARY SCHOOL,None,ES,Toronto Catholic District School Board,20 BERNADINE ST ,English Separate,307269,20,Bernadine St,20 Bernadine St,M1P 4M2,SC,SC,St. Victor Catholic School,115001,108321,20,None,,None,7348,"{""coordinates"": [[-79.2591053694717, 43.769057156297]], ""type"": ""MultiPoint""}"
979,1078,804845,ST VINCENT DE PAUL CATHOLIC ELEMENTARY SCHOOL,None,ES,Toronto Catholic District School Board,116 FERMANAGH AVE ,English Separate,804845,116,Fermanagh Ave,116 Fermanagh Ave,M6R 1M2,TO,TO,St. Vincent De Paul Catholic School,115001,14017559,116,None,,None,3433,"{""coordinates"": [[-79.4479230168876, 43.6468292693933]], ""type"": ""MultiPoint""}"
980,1079,11574893,ST WILFRID CATHOLIC ELEMENTARY SCHOOL,None,ES,Toronto Catholic District School Board,1685 FINCH AVE W,English Separate,11574893,1685,Finch Ave W,1685 Finch Ave W,M3J 2G8,NY,NY,Saint Wilfrid Catholic School,115001,30016929,1685,None,,None,1610,"{""coordinates"": [[-79.5025941161419, 43.7600459464136]], ""type"": ""MultiPoint""}"
981,1080,20200382,STANLEY PUBLIC SCHOOL ,None,EP,Toronto District School Board,75 STANLEY RD ,English Public,20200382,75,Stanley Rd,75 Stanley Rd,M3N 1C2,NY,NY,Stanley Public School,115001,11271967,75,None,,None,6783,"{""coordinates"": [[-79.5178270423286, 43.7418311837881]], ""type"": ""MultiPoint""}"
982,1081,9467757,STEELESVIEW PUBLIC SCHOOL,None,EP,Toronto District School Board,105 BESTVIEW DR ,English Public,9467757,105,Bestview Dr,105 Bestview Dr,M2M 2Y1,NY,NY,Steelesview Public School,115001,9467747,105,None,,None,4945,"{""coordinates"": [[-79.3856328580992, 43.8026660882921]], ""type"": ""MultiPoint""}"
983,1082,9780035,STELLA MARIS CATHOLIC ELEMENTARY SCHOOL,None,ES,Toronto Catholic District School Board,31 ASCOT AVE ,English Separate,9780035,31,Ascot Ave,31 Ascot Ave,M6E 1E6,TO,TO,Stella Maris Catholic School,115001,14015702,31,None,,None,2904,"{""coordinates"": [[-79.4448952342307, 43.6796259814587]], ""type"": ""MultiPoint""}"
984,1083,7522835,STILECROFT PUBLIC SCHOOL,None,EP,Toronto District School Board,50 STILECROFT DR ,English Public,7522835,50,Stilecroft Dr,50 Stilecroft Dr,M3J 1A7,NY,NY,Stilecroft Public School,115001,30092975,50,None,,None,6797,"{""coordinates"": [[-79.4932050987089, 43.7510558213298]], ""type"": ""MultiPoint""}"
985,1084,9035656,STS COSMAS AND DAMIAN CATHOLIC ELEMENTARY SCHOOL,None,ES,Toronto Catholic District School Board,111 DANESBURY AVE ,English Separate,9035656,111,Danesbury Ave,111 Danesbury Ave,M6B 3L3,NY,NY,Sts. Cosmas and Damian Catholic School,115001,9035636,111,None,,None,544,"{""coordinates"": [[-79.4444258865575, 43.7069342288817]], ""type"": ""MultiPoint""}"
986,1085,11739461,SUCCESS ACADEMY,None,PR,None,27 BLUE HAVEN CRES ,Private,11739461,27,Blue Haven Cres,27 Blue Haven Cres,M9M 1W6,NY,NY,None,115001,30001655,27,None,,None,11430,"{""coordinates"": [[-79.5561227654057, 43.7465501750149]], ""type"": ""MultiPoint""}"
987,1086,484181,SUMMIT HEIGHTS PUBLIC SCHOOL,None,EP,Toronto District School Board,139 ARMOUR BLVD ,English Public,484181,139,Armour Blvd,139 Armour Blvd,M3H 1M1,NY,NY,Summit Heights Public School,115001,442284,139,None,,None,4827,"{""coordinates"": [[-79.4300369383682, 43.7413217746515]], ""type"": ""MultiPoint""}"
988,1087,7369607,SUMMIT MICRO SCHOOL,None,PR,None,291 JANE ST ,Private,7369607,291,Jane St,291 Jane St,M6S 3Z3,TO,TO,None,115001,7369263,291,None,,None,694,"{""coordinates"": [[-79.4870298333676, 43.656329196517]], ""type"": ""MultiPoint""}"
989,1088,2476346,SUNNY VIEW JR & SR PUBLIC SCHOOL,None,EP,Toronto District School Board,450 BLYTHWOOD RD ,English Public,2476346,450,Blythwood Rd,450 Blythwood Rd,M4N 1A9,NY,NY,Sunny View Junior and Senior Public School,115001,2476347,450,None,,None,3024,"{""coordinates"": [[-79.3873376052873, 43.7198437625729]], ""type"": ""MultiPoint""}"
990,1089,11272707,SUNNYBROOK SCHOOL,None,PR,None,469 MERTON ST ,Private,11272707,469,Merton St,469 Merton St,M4S 1B4,TO,TO,None,115001,30118231,469,None,,None,3986,"{""coordinates"": [[-79.3825991459217, 43.6987652629864]], ""type"": ""MultiPoint""}"
991,1090,6807238,SUNNYLEA JR SCHOOL ,None,EP,Toronto District School Board,35 GLENROY AVE ,English Public,6807238,35,Glenroy Ave,35 Glenroy Ave,M8Y 2M2,ET,ET,Sunnylea Junior School,115001,6807239,35,None,,None,1682,"{""coordinates"": [[-79.5068732547892, 43.6424439892709]], ""type"": ""MultiPoint""}"
992,1091,553701,SUON ACADEMY,None,PR,None,5 QUEENSLEA AVE ,Private,553701,5,Queenslea Ave,5 Queenslea Ave,M9N 3X9,NY,NY,None,115001,446049,5,None,,None,827,"{""coordinates"": [[-79.511684551782, 43.7105706652576]], ""type"": ""MultiPoint""}"
993,1092,7635396,SWANSEA JR & SR PUBLIC SCHOOL,None,EP,Toronto District School Board,207 WINDERMERE AVE ,English Public,7635396,207,Windermere Ave,207 Windermere Ave,M6S 3J9,TO,TO,Swansea Junior and Senior Public School,115001,7632578,207,None,,None,960,"{""coordinates"": [[-79.4770427530375, 43.6436792914692]], ""type"": ""MultiPoint""}"
994,1093,10736648,TADDLE CREEK MONTESSORI SCHOOL,None,PR,None,39 SPADINA RD ,Private,10736648,39,Spadina Rd,39 Spadina Rd,M5R 2S9,TO,TO,None,115001,14239870,39,None,,None,4428,"{""coordinates"": [[-79.4042682049576, 43.6685294127136]], ""type"": ""MultiPoint""}"
995,1094,783049,TAIE INTERNATIONAL INSTITUTE SCHOOL,None,PR,None,399 CHURCH ST ,Private,783049,399,Church St,399 Church St,M5B 2J6,TO,TO,None,115001,1143593,399,None,,None,503,"{""coordinates"": [[-79.3789333112516, 43.661784900085]], ""type"": ""MultiPoint""}"
996,1095,6793434,TALENTA ACADEMY,None,PR,None,2020 ELLESMERE RD ,Private,6793434,2020,Ellesmere Rd,2020 Ellesmere Rd,M1H 2Z8,SC,SC,None,115001,30098911,2020,None,,None,7835,"{""coordinates"": [[-79.2361357392269, 43.7765510763775]], ""type"": ""MultiPoint""}"
997,1096,351647,TAM O'SHANTER JR PUBLIC SCHOOL ,None,EP,Toronto District School Board,21 KING HENRY'S BLVD ,English Public,351647,21,King Henry's Blvd,21 King Henry's Blvd,M1T 2V3,SC,SC,Tam O'Shanter Junior Public School,115001,106768,21,None,,None,8255,"{""coordinates"": [[-79.2976616870896, 43.7850716358588]], ""type"": ""MultiPoint""}"
998,1097,8260326,TAMARACK WEST OUTDOOR SCHOOL,None,PR,None,2480 DUNDAS ST W,Private,8260326,2480,Dundas St W,2480 Dundas St W,M6P 1W9,TO,TO,None,115001,8260283,2480,None,,None,558,"{""coordinates"": [[-79.4533843005849, 43.6598974737882]], ""type"": ""MultiPoint""}"
999,1098,10318427,TANENBAUM CHAT WALLENBERG CAMPUS,None,PR,None,200 WILMINGTON AVE ,Private,10318427,200,Wilmington Ave,200 Wilmington Ave,M3H 5J8,NY,NY,Community Hebrew Academy Of Toronto,115001,30096465,200,None,,None,7095,"{""coordinates"": [[-79.457213214767, 43.7618954251163]], ""type"": ""MultiPoint""}"
1000,1099,395722,TAYLOR CREEK PUBLIC SCHOOL,None,EP,Toronto District School Board,644 WARDEN AVE ,English Public,395722,644,Warden Ave,644 Warden Ave,M1L 3Z3,SC,SC,Taylor Creek Public School,115001,60007783,644,None,,None,9187,"{""coordinates"": [[-79.2772877434307, 43.7000377584633]], ""type"": ""MultiPoint""}"
1001,1100,2119588,TAYYIBAH ISLAMIC ACADEMY INC SCHOOL,None,PR,None,100 MCLEVIN AVE ,Private,2119588,100,McLevin Ave,100 McLevin Ave,M1B 5K1,SC,SC,None,115001,2119589,100,None,,None,8463,"{""coordinates"": [[-79.2365750799133, 43.8015539474172]], ""type"": ""MultiPoint""}"
1002,1101,3073688,TCDSB PROGRAM AND SPECIALS SERVICES - EAST BUILDING,None,ES,Toronto Catholic District School Board,100 FUNDY BAY BLVD ,English Separate,3073688,100,Fundy Bay Blvd,100 Fundy Bay Blvd,M1W 3G1,SC,SC,St. Maximilian Kolbe Catholic School,115001,3072730,100,None,,None,7938,"{""coordinates"": [[-79.3166033666619, 43.8093505388908]], ""type"": ""MultiPoint""}"
1003,1102,383206,TECUMSEH SR PUBLIC SCHOOL,None,EP,Toronto District School Board,720 SCARBOROUGH GOLF CLUB RD ,English Public,383206,720,Scarborough Golf Club Rd,720 Scarborough Golf Club Rd,M1G 1H7,SC,SC,Tecumseh Senior Public School,115001,108906,720,None,,None,8891,"{""coordinates"": [[-79.216727028425, 43.7629070424551]], ""type"": ""MultiPoint""}"
1004,1103,373500,TERRAVIEW LEARNING CENTRE,None,EP,Toronto District School Board,1641 PHARMACY AVE ,English Public,373500,1641,Pharmacy Ave,1641 Pharmacy Ave,M1R 2L2,SC,SC,Parkview Alternative School,115001,108595,1641,None,,None,8691,"{""coordinates"": [[-79.313002607885, 43.7673772800379]], ""type"": ""MultiPoint""}"
1005,1104,370058,TERRAVIEW WILLOWFIELD PUBLIC SCHOOL ,None,EP,Toronto District School Board,95 PACHINO BLVD ,English Public,370058,95,Pachino Blvd,95 Pachino Blvd,M1R 4K1,SC,SC,Terraview-Willowfield Public School,115001,108875,95,None,,None,8636,"{""coordinates"": [[-79.3085727444468, 43.7637829145381]], ""type"": ""MultiPoint""}"
1006,1105,399160,TERRY FOX PUBLIC SCHOOL ,None,EP,Toronto District School Board,185 WINTERMUTE BLVD ,English Public,399160,185,Wintermute Blvd,185 Wintermute Blvd,M1W 3M9,SC,SC,Terry Fox Public School,115001,20050681,185,None,,None,9249,"{""coordinates"": [[-79.3186862950221, 43.8158993563047]], ""type"": ""MultiPoint""}"
1007,1106,30114253,TFS,None,PR,None,5635 YONGE ST ,Private,30114253,5635,Yonge St,5635 Yonge St,M2M 3S9,NY,NY,None,115001,60030123,5635,None,,None,4733,"{""coordinates"": [[-79.4154068585581, 43.7806289558434]], ""type"": ""MultiPoint""}"
1008,1107,783098,THE ABELARD CENTRE FOR EDUCATION,None,PR,None,557 CHURCH ST ,Private,783098,557,Church St,557 Church St,M4Y 2E2,TO,TO,None,115001,1142636,557,None,,None,503,"{""coordinates"": [[-79.3812515390723, 43.6672228527514]], ""type"": ""MultiPoint""}"
1009,1108,14072150,THE AMBASSADORS OF GOD ACADEMY,None,PR,None,807 ARROW RD ,Private,14072150,807,Arrow Rd,807 Arrow Rd,M9M 2L4,NY,NY,None,115001,9038133,807,None,,None,4829,"{""coordinates"": [[-79.5317921438044, 43.7491408443145]], ""type"": ""MultiPoint""}"
1010,1109,30114272,THE CLAREMONT SCHOOL,None,PR,None,70 SILVER BIRCH AVE ,Private,30114272,70,Silver Birch Ave,70 Silver Birch Ave,M4E 3K9,TO,TO,None,115001,7684032,70,None,,None,4409,"{""coordinates"": [[-79.2853165838814, 43.6723571856483]], ""type"": ""MultiPoint""}"
1011,1110,30114271,THE COLE ACADEMY,None,PR,None,2423 QUEEN ST E,Private,30114271,2423,Queen St E,2423 Queen St E,M4E 1H6,TO,TO,None,115001,7683916,2423,None,,None,4237,"{""coordinates"": [[-79.2854981015729, 43.6727462395478]], ""type"": ""MultiPoint""}"
1012,1111,347231,THE DIVINE INFANT CATHOLIC ELEMENTARY SCHOOL & MSGR FRASIER NORTHEAST,None,ES,Toronto Catholic District School Board,30 INGLETON BLVD ,English Separate,347231,30,Ingleton Blvd,30 Ingleton Blvd,M1V 3H7,SC,SC,The Divine Infant Catholic School,115001,103236,30,None,,None,8163,"{""coordinates"": [[-79.2703314545005, 43.8218114974729]], ""type"": ""MultiPoint""}"
1013,1112,792821,THE DUNBLAINE SCHOOL,None,PR,None,21 DELORAINE AVE ,Private,792821,21,Deloraine Ave,21 Deloraine Ave,M5M 2A8,TO,TO,None,115001,14036780,21,None,,None,3285,"{""coordinates"": [[-79.4055601341427, 43.7335301212173]], ""type"": ""MultiPoint""}"
1014,1113,1003702,THE ELMS & BOYS LEADERSHIP,None,EP,Toronto District School Board,45 GOLFDOWN DR ,English Public,1003702,45,Golfdown Dr,45 Golfdown Dr,M9W 2H8,ET,ET,The Elms Junior Middle School,115001,907618,45,None,,None,1690,"{""coordinates"": [[-79.5521137885613, 43.722227297768]], ""type"": ""MultiPoint""}"
1015,1114,13967405,THE GILES ELEMENTARY SCHOOL,None,PR,None,80 SCARSDALE RD ,Private,13967405,80,Scarsdale Rd,80 Scarsdale Rd,M3B 2R7,NY,NY,None,115001,30084194,80,None,,None,6662,"{""coordinates"": [[-79.3556598619316, 43.7503219375867]], ""type"": ""MultiPoint""}"
1016,1115,7583849,THE GREAT LAKES COLLEGE SCHOOL,None,PR,None,323 KEELE ST ,Private,7583849,323,Keele St,323 Keele St,M6P 2K6,TO,TO,None,115001,14014792,323,None,,None,703,"{""coordinates"": [[-79.4636934480173, 43.6641583079402]], ""type"": ""MultiPoint""}"
1017,1116,7665465,THE HANEY CENTRE SCHOOL,None,EP,Toronto District School Board,64 HANEY AVE ,English Public,7665465,64,Haney Ave,64 Haney Ave,M6N 2E5,YK,YK,Haney Centre,115001,7665456,64,None,,None,641,"{""coordinates"": [[-79.4990814534311, 43.6731119433815]], ""type"": ""MultiPoint""}"
1018,1117,14600949,THE HOLY TRINITY SCHOOL,None,ES,Toronto Catholic District School Board,6 COLONEL SAMUEL SMITH PARK DR ,English Separate,14600949,6,Colonel Samuel Smith Park Dr,6 Colonel Samuel Smith Park Dr,M8V 4B7,ET,ET,The Holy Trinity Catholic School,115001,60013885,6,None,,None,15629,"{""coordinates"": [[-79.5172863888663, 43.5973446482043]], ""type"": ""MultiPoint""}"
1019,1118,487645,THE JUNIOR ACADEMY INC SCHOOL,None,PR,None,2454 BAYVIEW AVE ,Private,487645,2454,Bayview Ave,2454 Bayview Ave,M2L 1A6,NY,NY,None,115001,30004745,2454,None,,None,24,"{""coordinates"": [[-79.383465150842, 43.7415173887541]], ""type"": ""MultiPoint""}"
1020,1119,570867,THE LAUREL SCHOOL,None,PR,None,44 UPJOHN RD ,Private,570867,44,Upjohn Rd,44 Upjohn Rd,M3B 2W1,NY,NY,None,115001,441038,44,None,,None,6969,"{""coordinates"": [[-79.3500036659681, 43.7512794395357]], ""type"": ""MultiPoint""}"
1021,1120,10144721,THE LEARNING COMMON,None,PR,None,851 ROYAL YORK RD ,Private,10144721,851,Royal York Rd,851 Royal York Rd,M8Y 2V3,ET,ET,Royal York Road United Church,115001,10144719,851,None,,None,2413,"{""coordinates"": [[-79.508917678898, 43.6427380669679]], ""type"": ""MultiPoint""}"
1022,1121,861476,THE LINDEN SCHOOL,None,PR,None,10 ROSEHILL AVE ,Private,861476,10,Rosehill Ave,10 Rosehill Ave,M4T 1G5,TO,TO,None,115001,60014007,10,None,,None,4320,"{""coordinates"": [[-79.392712614433, 43.6865238299126]], ""type"": ""MultiPoint""}"
1023,1122,854382,THE MABIN SCHOOL,None,PR,None,50 POPLAR PLAINS RD ,Private,854382,50,Poplar Plains Rd,50 Poplar Plains Rd,M4V 2M8,TO,TO,None,115001,30136391,50,None,,None,4208,"{""coordinates"": [[-79.4033800162906, 43.679107408047]], ""type"": ""MultiPoint""}"
1024,1123,7955674,THE MILDENHALL MONTESSORI SCHOOL,None,PR,None,35 OURLAND AVE ,Private,7955674,35,Ourland Ave,35 Ourland Ave,M8Z 4E1,ET,ET,High Park Centennial Montessori School,115001,7955671,35,None,,None,2233,"{""coordinates"": [[-79.5077586235405, 43.6162376775223]], ""type"": ""MultiPoint""}"
1025,1124,9410112,THE ORCHARD MONTESSORI SCHOOL,None,PR,None,375 DOVERCOURT RD ,Private,9410112,375,Dovercourt Rd,375 Dovercourt Rd,M6J 3E5,TO,TO,None,115001,9410106,375,None,,None,3317,"{""coordinates"": [[-79.4251943287293, 43.6523318354181]], ""type"": ""MultiPoint""}"
1026,1125,510861,THE PRESTIGE SCHOOL,None,PR,None,21 EDDFIELD AVE ,Private,510861,21,Eddfield Ave,21 Eddfield Ave,M2N 2M5,NY,NY,The Prestige School,115001,439974,21,None,,None,5476,"{""coordinates"": [[-79.4281942077913, 43.7612131701473]], ""type"": ""MultiPoint""}"
1027,1126,7974530,THE SHIRE SCHOOL,None,PR,None,35 PRINCE ARTHUR AVE ,Private,7974530,35,Prince Arthur Ave,35 Prince Arthur Ave,M5R 1B2,TO,TO,None,115001,7974513,35,None,,None,4223,"{""coordinates"": [[-79.397065595743, 43.6691990908906]], ""type"": ""MultiPoint""}"
1028,1127,8293071,THE STERLING HALL SCHOOL,None,PR,None,99 CARTWRIGHT AVE ,Private,8293071,99,Cartwright Ave,99 Cartwright Ave,M6A 1V4,NY,NY,None,115001,8293068,99,None,,None,5136,"{""coordinates"": [[-79.4636994742212, 43.7222384722995]], ""type"": ""MultiPoint""}"
1029,1128,30041280,THE STUDENT SCHOOL,None,EP,Toronto District School Board,160 GLENDONWYNNE RD ,English Public,30041280,160,Glendonwynne Rd,160 Glendonwynne Rd,M6P 0A5,TO,TO,THESTUDENTSCHOOL,115001,1144630,160,None,,None,3537,"{""coordinates"": [[-79.4741377980835, 43.6570501033712]], ""type"": ""MultiPoint""}"
1030,1129,13494039,THE STUDY ACADEMY,None,PR,None,2040 YONGE ST ,Private,13494039,2040,Yonge St,2040 Yonge St,M4S 1Z9,TO,TO,None,115001,10392225,2040,None,,None,4733,"{""coordinates"": [[-79.3975424693632, 43.7013219561131]], ""type"": ""MultiPoint""}"
1031,1130,7283706,THE STUDY ACADEMY SCHOOL,None,PR,None,20 GLEBE RD E,Private,7283706,20,Glebe Rd E,20 Glebe Rd E,M4S 1N6,TO,TO,Glebe Road United Church,115001,7283659,20,None,,None,3509,"{""coordinates"": [[-79.3962772745692, 43.7015662169611]], ""type"": ""MultiPoint""}"
1032,1131,7794894,THE THREE HIERARCHS ACADEMY,None,PR,None,1108 GREENWOOD AVE ,Private,7794894,1108,Greenwood Ave,1108 Greenwood Ave,M4J 4E6,EY,EY,None,115001,7794782,1108,None,,None,181,"{""coordinates"": [[-79.3382099571714, 43.6924077483626]], ""type"": ""MultiPoint""}"
1033,1132,9847310,THE TORONTO HESCHEL SCHOOL,None,PR,None,819 SHEPPARD AVE W,Private,9847310,819,Sheppard Ave W,819 Sheppard Ave W,M3H 2T3,NY,NY,The Toronto Heschel School,115001,9847309,819,None,,None,6699,"{""coordinates"": [[-79.4508482919714, 43.7523395666413]], ""type"": ""MultiPoint""}"
1034,1133,8608458,THE VILLAGE SHUL SYNAGOGUE & SUPPLMENTARY SCHOOL,None,PR,None,1072 EGLINTON AVE W,Private,8608458,1072,Eglinton Ave W,1072 Eglinton Ave W,M6C 2E2,TO,TO,None,115001,8608450,1072,None,,None,571,"{""coordinates"": [[-79.431434529951, 43.699986532638]], ""type"": ""MultiPoint""}"
1035,1134,20056424,THE WATERFRONT SCHOOL ,None,EP,Toronto District School Board,635 QUEENS QUAY  W,English Public,20056424,635,Queens Quay W,635 Queens Quay W,M5V 3G3,TO,TO,The Waterfront School,115001,60031548,635,None,,None,4244,"{""coordinates"": [[-79.3971628966548, 43.6356945602156]], ""type"": ""MultiPoint""}"
1036,1135,7762681,THE YMCA ACADEMY SECONDARY SCHOOL,None,PR,None,15 BREADALBANE ST ,Private,7762681,15,Breadalbane St,15 Breadalbane St,M4Y 1C2,TO,TO,None,115001,14673181,15,None,,None,3056,"{""coordinates"": [[-79.3848415539641, 43.6636229485974]], ""type"": ""MultiPoint""}"
1037,1136,30029021,THE YORK SCHOOL - JR CAMPUS,None,PR,None,1639 YONGE ST ,Private,30029021,1639,Yonge St,1639 Yonge St,M4T 2W6,TO,TO,None,115001,30118756,1639,None,,None,4733,"{""coordinates"": [[-79.3948924012314, 43.6917469686765]], ""type"": ""MultiPoint""}"
1038,1137,887762,THE YORK SCHOOL - MDL AND SR CAMPUS,None,PR,None,1320 YONGE ST ,Private,887762,1320,Yonge St,1320 Yonge St,M4T 1X2,TO,TO,None,115001,1139757,1320,None,,None,4733,"{""coordinates"": [[-79.3930651034779, 43.6846008693803]], ""type"": ""MultiPoint""}"
1039,1138,1001687,THISTLETOWN COLLEGIATE INSTITUTE,None,EP,Toronto District School Board,20 FORDWICH CRES ,English Public,1001687,20,Fordwich Cres,20 Fordwich Cres,M9W 2T4,ET,ET,Thistletown Collegiate Institute,115001,907494,20,None,,None,1624,"{""coordinates"": [[-79.5624526489507, 43.7277265566382]], ""type"": ""MultiPoint""}"
1040,1139,14310229,THOMAS L WELLS PUBLIC SCHOOL,None,EP,Toronto District School Board,69 NIGHTSTAR RD ,English Public,14310229,69,Nightstar Rd,69 Nightstar Rd,M1X 1V6,SC,SC,Thomas L Wells Public School,115001,14310896,69,None,,None,18022,"{""coordinates"": [[-79.2261254163676, 43.8242998088678]], ""type"": ""MultiPoint""}"
1041,1140,3829444,THORNCLIFFE PARK PUBLIC SCHOOL,None,EP,Toronto District School Board,80 THORNCLIFFE PARK DR ,English Public,3829444,80,Thorncliffe Park Dr,80 Thorncliffe Park Dr,M4H 1K3,EY,EY,Thorncliffe Park Public School,115001,60009974,80,None,,None,354,"{""coordinates"": [[-79.3434367551101, 43.7053900432282]], ""type"": ""MultiPoint""}"
1042,1141,568636,THREE VALLEYS PUBLIC SCHOOL ,None,EP,Toronto District School Board,76 THREE VALLEYS DR ,English Public,568636,76,Three Valleys Dr,76 Three Valleys Dr,M3A 3B7,NY,NY,Three Valleys Public School,115001,441061,76,None,,None,6895,"{""coordinates"": [[-79.3376043958259, 43.7506806575244]], ""type"": ""MultiPoint""}"
1043,1142,565850,TIFERES BAIS YAAKOV HIGH SCHOOL,None,PR,None,85 STORMONT AVE ,Private,565850,85,Stormont Ave,85 Stormont Ave,M5N 2C3,NY,NY,None,115001,445031,85,None,,None,6805,"{""coordinates"": [[-79.428727879566, 43.7184091584611]], ""type"": ""MultiPoint""}"
1044,1143,391661,TIMBERBANK JR PUBLIC SCHOOL ,None,EP,Toronto District School Board,170 TIMBERBANK BLVD ,English Public,391661,170,Timberbank Blvd,170 Timberbank Blvd,M1W 2A3,SC,SC,Timberbank Junior Public School,115001,106097,170,None,,None,9087,"{""coordinates"": [[-79.307285388876, 43.7914712561725]], ""type"": ""MultiPoint""}"
1045,1144,999348,TIMOTHY CHRISTIAN SCHOOL,None,PR,None,28 ELMHURST DR ,Private,999348,28,Elmhurst Dr,28 Elmhurst Dr,M9W 2J5,ET,ET,None,115001,907576,28,None,,None,1544,"{""coordinates"": [[-79.5536925816276, 43.7249447361335]], ""type"": ""MultiPoint""}"
1046,1145,7642556,TMU - HEASLIP HOUSE,None,U,None,297 VICTORIA ST ,University,7642556,297,Victoria St,297 Victoria St,M5B 1W1,TO,TO,None,115001,30075809,297,None,,None,9790,"{""coordinates"": [[-79.3796616386087, 43.6571705170188]], ""type"": ""MultiPoint""}"
1047,1146,773912,TMU - HEIDELBERG CENTRE SCHOOL OF GRAPHIC COMM'NS MGMT,None,U,None,125 BOND ST ,University,773912,125,Bond St,125 Bond St,M5B 1Y2,TO,TO,None,115001,14021112,125,None,,None,3029,"{""coordinates"": [[-79.3784997059176, 43.6575688128362]], ""type"": ""MultiPoint""}"
1048,1147,324647,TOM LONGBOAT JR PUBLIC SCHOOL,None,EP,Toronto District School Board,37 CROW TRL ,English Public,324647,37,Crow Trl,37 Crow Trl,M1B 1X6,SC,SC,Tom Longboat Junior Public School,115001,104120,37,None,,None,7689,"{""coordinates"": [[-79.2316269659623, 43.8104461724402]], ""type"": ""MultiPoint""}"
1049,1148,7415223,TOPCLIFF PUBLIC SCHOOL,None,EP,Toronto District School Board,65 TOPCLIFF AVE ,English Public,7415223,65,Topcliff Ave,65 Topcliff Ave,M3N 1L6,NY,NY,Topcliff Public School,115001,7399132,65,None,,None,6921,"{""coordinates"": [[-79.5106588918435, 43.7555851004459]], ""type"": ""MultiPoint""}"
1050,1149,572137,TORAH EMETH JEWISH CENTRE & EITZ CHAIM HEBREW SCHOOL,None,PR,None,1 VIEWMOUNT AVE ,Private,572137,1,Viewmount Ave,1 Viewmount Ave,M6B 1T2,NY,NY,Synagogue,115001,445982,1,None,,None,7007,"{""coordinates"": [[-79.4283014767583, 43.7101242851214]], ""type"": ""MultiPoint""}"
1051,1150,5266268,TORONTO CENTRAL ACADEMY SECONDARY SCHOOL,None,PR,None,200 SHEPPARD AVE E,Private,5266268,200,Sheppard Ave E,200 Sheppard Ave E,M2N 3A9,NY,NY,None,115001,20041067,200,None,,None,6698,"{""coordinates"": [[-79.4016622430921, 43.7638628672269]], ""type"": ""MultiPoint""}"
1052,1151,20141250,TORONTO CHEDER BOYS SCHOOL ,None,PR,None,475 PATRICIA AVE ,Private,20141250,475,Patricia Ave,475 Patricia Ave,M2R 2N1,NY,NY,Eitz Chaim Day School,115001,30115595,475,None,,None,6386,"{""coordinates"": [[-79.4444041191915, 43.7838105185277]], ""type"": ""MultiPoint""}"
1053,1152,7130408,TORONTO DISTRICT SCHOOL BOARD - HEAD OFFICE,None,EP,Toronto District School Board,5050 YONGE ST ,English Public,7130408,5050,Yonge St,5050 Yonge St,M2N 5N8,NY,NY,None,115001,60030523,5050,None,,None,4733,"{""coordinates"": [[-79.4134194857238, 43.7670485971463]], ""type"": ""MultiPoint""}"
1054,1153,8905567,TORONTO DISTRICT SCHOOL BOARD - OAKBURN CENTRE,None,EP,Toronto District School Board,15 OAKBURN CRES ,English Public,8905567,15,Oakburn Cres,15 Oakburn Cres,M2N 2T5,NY,NY,None,115001,30075979,15,None,,None,6315,"{""coordinates"": [[-79.4028126311509, 43.7588747822517]], ""type"": ""MultiPoint""}"
1055,1154,993373,TORONTO DISTRICT SCHOOL BOARD - WEST EDUCATION OFFICE,None,EP,Toronto District School Board,1 CIVIC CENTRE CRT ,English Public,993373,1,Civic Centre Crt,1 Civic Centre Crt,M9C 2B3,ET,ET,None,115001,911898,1,None,,None,1349,"{""coordinates"": [[-79.5637107200638, 43.6425600317489]], ""type"": ""MultiPoint""}"
1056,1155,10071361,TORONTO FRENCH MONTESSORI,None,PR,None,38 ELLERSLIE AVE ,Private,10071361,38,Ellerslie Ave,38 Ellerslie Ave,M2N 1X8,NY,NY,Willowdale Presbyterian Church,115001,30098608,38,None,,None,5496,"{""coordinates"": [[-79.4160653164005, 43.7717273460889]], ""type"": ""MultiPoint""}"
1057,1156,13971545,TORONTO FRENCH SCHOOL - JR LAWRENCE,None,PR,None,296 LAWRENCE AVE E,Private,13971545,296,Lawrence Ave E,296 Lawrence Ave E,M4N 1T7,NY,NY,None,115001,10133024,296,None,,None,3828,"{""coordinates"": [[-79.3850098991417, 43.7284022756173]], ""type"": ""MultiPoint""}"
1058,1157,11541515,TORONTO FRENCH SCHOOL - JR MILDENHALL,None,PR,None,101 MILDENHALL RD ,Private,11541515,101,Mildenhall Rd,101 Mildenhall Rd,M4N 3H4,NY,NY,None,115001,11533943,101,None,,None,6220,"{""coordinates"": [[-79.3865956366547, 43.7293105004379]], ""type"": ""MultiPoint""}"
1059,1158,10133740,TORONTO FRENCH SCHOOL - SR LAWRENCE,None,PR,None,318 LAWRENCE AVE E,Private,10133740,318,Lawrence Ave E,318 Lawrence Ave E,M4N 1T7,NY,NY,None,115001,10133024,318,None,,None,3828,"{""coordinates"": [[-79.3832590176478, 43.7279642648155]], ""type"": ""MultiPoint""}"
1060,1159,10133036,"TORONTO FRENCH SCHOOL, JARDIN D'EVEIL (CHILD CARE HOUSE) 416 484-6533",None,PR,None,294 LAWRENCE AVE E,Private,10133036,294,Lawrence Ave E,294 Lawrence Ave E,M4N 1T7,NY,NY,None,115001,10133024,294,None,,None,3828,"{""coordinates"": [[-79.385546791879, 43.7285994645049]], ""type"": ""MultiPoint""}"
1061,1160,30113992,TORONTO HEURISTIC INTERNATIONAL ACADEMY,None,PR,None,513 MCNICOLL AVE ,Private,30113992,513,McNicoll Ave,513 McNicoll Ave,M2H 2C9,NY,NY,None,115001,11484469,513,None,,None,6195,"{""coordinates"": [[-79.3388397960404, 43.8035958742046]], ""type"": ""MultiPoint""}"
1062,1161,9270564,TORONTO INTERNATIONAL COLLEGE SECONDARY SCHOOL,None,PR,None,3550 VICTORIA PARK AVE ,Private,9270564,3550,Victoria Park Ave,3550 Victoria Park Ave,M2H 2N5,NY,NY,None,115001,9270561,3550,None,,None,370,"{""coordinates"": [[-79.3374151853102, 43.8054674297826]], ""type"": ""MultiPoint""}"
1063,1162,325461,TORONTO ISLAMIC ACADEMY SCHOOL,None,PR,None,3334 DANFORTH AVE ,Private,325461,3334,Danforth Ave,3334 Danforth Ave,M1L 1C6,SC,SC,None,115001,112943,3334,None,,None,86,"{""coordinates"": [[-79.2781378251157, 43.6937302131784]], ""type"": ""MultiPoint""}"
1064,1163,20040459,TORONTO METROPOLITAN UNIVERSITY - ENTR TO BUSINESS SCHOOL LOBBY,None,U,None,55 DUNDAS ST W,University,20040459,55,Dundas St W,55 Dundas St W,M5G 2C3,TO,TO,Ryerson Lobby,115001,7762832,55,None,,None,558,"{""coordinates"": [[-79.3823440737634, 43.6557846079536]], ""type"": ""MultiPoint""}"
1065,1164,773911,TORONTO METROPOLITAN UNIVERSITY - SCHOOL OF IMAGE ARTS,None,U,None,122 BOND ST ,University,773911,122,Bond St,122 Bond St,M5B 1X8,TO,TO,None,115001,14021112,122,None,,None,3029,"{""coordinates"": [[-79.3791387851816, 43.6573781216217]], ""type"": ""MultiPoint""}"
1066,1165,14210444,TORONTO METROPOLITAN UNIVERSITY - SCHOOL OF INTERIOR DESIGN,None,U,None,302 CHURCH ST ,University,14210444,302,Church St,302 Church St,None,TO,TO,None,115001,11462072,302,None,,None,503,"{""coordinates"": [[-79.3778484712616, 43.6575154789184]], ""type"": ""MultiPoint""}"
1067,1166,7641997,TORONTO METROPOLITAN UNIVERSITY - THEATRE SCHOOL,None,U,None,44 GERRARD ST E,University,7641997,44,Gerrard St E,44 Gerrard St E,M5B 1G3,TO,TO,None,115001,7642005,44,None,,None,3495,"{""coordinates"": [[-79.3797353125162, 43.6597954415023]], ""type"": ""MultiPoint""}"
1068,1167,8791751,TORONTO OUEST SECONDARY SCHOOL,None,FP,Conseil scolaire Viamonde,330 LANSDOWNE AVE,French Public,8791751,330,Lansdowne Ave,330 Lansdowne Ave,M6H 3Y1,TO,TO,Ecole Secondaire Toronto Ouest,115001,30102548,330,None,,None,3814,"{""coordinates"": [[-79.4412354246502, 43.6523836303418]], ""type"": ""MultiPoint""}"
1069,1168,7324226,TORONTO PREP SCHOOL,None,PR,None,250 DAVISVILLE AVE ,Private,7324226,250,Davisville Ave,250 Davisville Ave,M4S 1H2,TO,TO,None,115001,7324227,250,None,,None,3271,"{""coordinates"": [[-79.3865171901038, 43.7006108373258]], ""type"": ""MultiPoint""}"
1070,1169,20357828,"TORONTO SCHOOL OF THEOLOGY - U OF T, BLDG 434",None,U,None,47 QUEEN'S PARK CRES E,University,20357828,47,Queen's Park Cres E,47 Queen's Park Cres E,M5S 2C3,TO,TO,None,115001,30030409,47,None,,None,4241,"{""coordinates"": [[-79.3906565999479, 43.6647310436946]], ""type"": ""MultiPoint""}"
1071,1170,9035772,TORONTO STEM SCHOOL,None,PR,None,285 EGLINTON AVE E,Private,9035772,285,Eglinton Ave E,285 Eglinton Ave E,M4P 1L3,TO,TO,None,115001,9035764,285,None,,None,125,"{""coordinates"": [[-79.3881544931649, 43.7086045659586]], ""type"": ""MultiPoint""}"
1072,1171,13974326,TOWN CENTRE LINC,None,EP,Toronto District School Board,1457 MCCOWAN RD ,English Public,13974326,1457,McCowan Rd,1457 McCowan Rd,M1S 5K7,SC,SC,None,115001,106751,1457,None,,None,8454,"{""coordinates"": [[-79.2560419864483, 43.7852202476163]], ""type"": ""MultiPoint""}"
1073,1172,1015960,TRANSFIGURATION OF OUR LORD CATHOLIC ELEMENTARY SCHOOL,None,ES,Toronto Catholic District School Board,55 LUDSTONE DR ,English Separate,1015960,55,Ludstone Dr,55 Ludstone Dr,M9R 2J2,ET,ET,Transfiguration Catholic School,115001,908869,55,None,,None,2030,"{""coordinates"": [[-79.5628707286001, 43.6915212586818]], ""type"": ""MultiPoint""}"
1074,1173,384158,TREDWAY WOODSWORTH PUBLIC SCHOOL,None,EP,Toronto District School Board,112 SEDGEMOUNT DR ,English Public,384158,112,Sedgemount Dr,112 Sedgemount Dr,M1H 1X9,SC,SC,Tredway Woodsworth Public School,115001,108752,112,None,,None,8914,"{""coordinates"": [[-79.2352659356635, 43.7650332154187]], ""type"": ""MultiPoint""}"
1075,1174,570542,TUMPANE PUBLIC SCHOOL,None,EP,Toronto District School Board,48 TUMPANE ST ,English Public,570542,48,Tumpane St,48 Tumpane St,M3M 1L8,NY,NY,Tumpane Public School,115001,444319,48,None,,None,6955,"{""coordinates"": [[-79.5022550959971, 43.7265952806861]], ""type"": ""MultiPoint""}"
1076,1175,6735913,TWENTIETH STREET JR SCHOOL ,None,EP,Toronto District School Board,3190 LAKE SHORE BLVD W,English Public,6735913,3190,Lake Shore Blvd W,3190 Lake Shore Blvd W,M8V 1L8,ET,ET,Twentieth Street Junior School,115001,6735911,3190,None,,None,1962,"{""coordinates"": [[-79.5199382429952, 43.5979771530563]], ""type"": ""MultiPoint""}"
1077,1176,9531675,TYNDALE UNIVERSITY COLLEGE AND SEMINARY SCHOOL - BAYVIEW,None,PR,None,3377 BAYVIEW AVE ,Private,9531675,3377,Bayview Ave,3377 Bayview Ave,M2M 3S4,NY,NY,St. Joseph's Convent,115001,9531674,3377,None,,None,24,"{""coordinates"": [[-79.3920806110003, 43.7971369281422]], ""type"": ""MultiPoint""}"
1078,1177,8016870,UCHENNA ACADEMY,None,PR,None,950 DUPONT ST ,Private,8016870,950,Dupont St,950 Dupont St,M6H 1Z2,TO,TO,None,115001,8016869,950,None,,None,3343,"{""coordinates"": [[-79.4320119500657, 43.670105349333]], ""type"": ""MultiPoint""}"
1079,1178,20059227,UM AL-QURA ISLAMIC SCHOOL,None,PR,None,41 METROPOLITAN RD ,Private,20059227,41,Metropolitan Rd,41 Metropolitan Rd,M1R 2T5,SC,SC,None,115001,7497231,41,None,,None,8489,"{""coordinates"": [[-79.2994230333588, 43.7674120525186]], ""type"": ""MultiPoint""}"
1080,1179,6427800,UMC HIGH SCHOOL,None,PR,None,425 MCCOWAN RD ,Private,6427800,425,McCowan Rd,425 McCowan Rd,M1J 1J1,SC,SC,None,115001,14239688,425,None,,None,8454,"{""coordinates"": [[-79.238941179054, 43.7436098200853]], ""type"": ""MultiPoint""}"
1081,1180,385455,UNIQUE CHINESE SCHOOL - MIDLAND CAMPUS,None,PR,None,4271 SHEPPARD AVE E,Private,385455,4271,Sheppard Ave E,4271 Sheppard Ave E,M1S 4G4,SC,SC,None,115001,106651,4271,None,,None,6698,"{""coordinates"": [[-79.2756569937123, 43.7855293329724]], ""type"": ""MultiPoint""}"
1082,1181,385358,UNIQUE CHINESE SCHOOL & GRACEPOINT CHURCH,None,PR,None,3143 SHEPPARD AVE E,Private,385358,3143,Sheppard Ave E,3143 Sheppard Ave E,M1T 3J7,SC,SC,Wishing Well Acres Baptist,115001,107506,3143,None,,None,6698,"{""coordinates"": [[-79.3160094489366, 43.7764963816495]], ""type"": ""MultiPoint""}"
1083,1182,772789,UNIVERSITY OF TORONTO SCHOOLS,None,PR,None,371 BLOOR ST W,Private,772789,371,Bloor St W,371 Bloor St W,M5S 2R7,TO,TO,None,115001,1142672,371,None,,None,458,"{""coordinates"": [[-79.4025052910091, 43.6665621935287]], ""type"": ""MultiPoint""}"
1084,1183,7254136,UPPER CANADA COLLEGE SCHOOL,None,PR,None,200 LONSDALE RD ,Private,7254136,200,Lonsdale Rd,200 Lonsdale Rd,M4V 1W6,TO,TO,None,115001,7254137,200,None,,None,3870,"{""coordinates"": [[-79.4025227062066, 43.6919471679826]], ""type"": ""MultiPoint""}"
1085,1184,7254159,UPPER CANADA PREP SCHOOL,None,PR,None,220 LONSDALE RD ,Private,7254159,220,Lonsdale Rd,220 Lonsdale Rd,M4V 2X8,TO,TO,None,115001,7254137,220,None,,None,3870,"{""coordinates"": [[-79.4043869723624, 43.6908372355295]], ""type"": ""MultiPoint""}"
1086,1185,14203310,URSULA FRANKLIN ACADEMY,None,EP,Toronto District School Board,146 GLENDONWYNNE RD ,English Public,14203310,146,Glendonwynne Rd,146 Glendonwynne Rd,M6P 3J7,TO,TO,None,115001,1144630,146,None,,None,3537,"{""coordinates"": [[-79.4748206948471, 43.6567074123716]], ""type"": ""MultiPoint""}"
1087,1186,30044868,UT PREPARATORY ACADEMY SECONDARY SCHOOL,None,PR,None,205 SPARKS AVE ,Private,30044868,205,Sparks Ave,205 Sparks Ave,M2H 2S5,NY,NY,None,115001,11890578,205,None,,None,6758,"{""coordinates"": [[-79.3409680425731, 43.8076738129061]], ""type"": ""MultiPoint""}"
1088,1187,10750671,VALLEY PARK MDL SCHOOL ,None,EP,Toronto District School Board,130 OVERLEA BLVD ,English Public,10750671,130,Overlea Blvd,130 Overlea Blvd,M3C 1B2,NY,NY,Valley Park Middle School,115001,10750670,130,None,,None,278,"{""coordinates"": [[-79.3358705226236, 43.7104405907514]], ""type"": ""MultiPoint""}"
1089,1188,1030369,VALLEYFIELD JR SCHOOL ,None,EP,Toronto District School Board,35 SASKATOON DR ,English Public,1030369,35,Saskatoon Dr,35 Saskatoon Dr,M9P 2E8,ET,ET,Valleyfield Junior School,115001,908699,35,None,,None,2437,"{""coordinates"": [[-79.5384444417594, 43.6942865155451]], ""type"": ""MultiPoint""}"
1090,1189,4616698,VEDIC ROOTS,None,PR,None,5818 SHEPPARD AVE E,Private,4616698,5818,Sheppard Ave E,5818 Sheppard Ave E,M1B 4Z6,SC,SC,None,115001,30002365,5818,None,,None,6698,"{""coordinates"": [[-79.230216473974, 43.7963433789847]], ""type"": ""MultiPoint""}"
1091,1190,10335561,VEGA ACADEMY,None,PR,None,700 LAWRENCE AVE W,Private,10335561,700,Lawrence Ave W,700 Lawrence Ave W,M6A 3B4,NY,NY,None,115001,10335558,700,None,,None,732,"{""coordinates"": [[-79.4474308939363, 43.7169263331304]], ""type"": ""MultiPoint""}"
1092,1191,30015075,VENERABLE JOHN MERLINI CATHOLIC ELEMENTARY SCHOOL,None,ES,Toronto Catholic District School Board,123 WHITFIELD AVE ,English Separate,30015075,123,Whitfield Ave,123 Whitfield Ave,M9L 1G9,NY,NY,Venerable John Merlini Catholic School,115001,440664,123,None,,None,7074,"{""coordinates"": [[-79.5793835598587, 43.7564805895832]], ""type"": ""MultiPoint""}"
1093,1192,572815,VICTORIA PARK COLLEGIATE INSTITUTE,None,EP,Toronto District School Board,15 WALLINGFORD RD ,English Public,572815,15,Wallingford Rd,15 Wallingford Rd,M3A 2V1,NY,NY,Victoria Park Collegiate Institute,115001,30038855,15,None,,None,7027,"{""coordinates"": [[-79.321464421707, 43.7560593384022]], ""type"": ""MultiPoint""}"
1094,1193,3259557,VICTORIA PARK ELEMENTARY SCHOOL,None,EP,Toronto District School Board,145 TIAGO AVE ,English Public,3259557,145,Tiago Ave,145 Tiago Ave,M4B 2A6,EY,EY,Victoria Park Elementary School,115001,3259538,145,None,,None,357,"{""coordinates"": [[-79.2981507568545, 43.712689182329]], ""type"": ""MultiPoint""}"
1095,1194,534873,VICTORIA PARK LINC CENTRE ,None,ES,Toronto Catholic District School Board,2 LANSING SQ ,English Separate,534873,2,Lansing Sq,2 Lansing Sq,M2J 4P8,NY,NY,None,115001,438287,2,None,,None,6007,"{""coordinates"": [[-79.3261021088407, 43.774240118909]], ""type"": ""MultiPoint""}"
1096,1195,8313283,VICTORIA STREET LINC,None,EP,Toronto District School Board,74 VICTORIA ST ,English Public,8313283,74,Victoria St,74 Victoria St,M5C 2A5,TO,TO,None,115001,8313344,74,None,,None,9790,"{""coordinates"": [[-79.3776264775773, 43.6510597043384]], ""type"": ""MultiPoint""}"
1097,1196,566907,VICTORIA VILLAGE PUBLIC SCHOOL ,None,EP,Toronto District School Board,88 SWEENEY DR ,English Public,566907,88,Sweeney Dr,88 Sweeney Dr,M4A 1T7,NY,NY,Victoria Village Public School,115001,442884,88,None,,None,6834,"{""coordinates"": [[-79.3141820772089, 43.7359594203073]], ""type"": ""MultiPoint""}"
1098,1197,30109738,VINCENT MASSEY ACADEMY,None,PR,None,68 DAISY AVE ,Private,30109738,68,Daisy Ave,68 Daisy Ave,M8W 1S1,ET,ET,None,115001,9109571,68,None,,None,1422,"{""coordinates"": [[-79.5283399780079, 43.5978138841615]], ""type"": ""MultiPoint""}"
1099,1198,30032157,VOICE INTEGRATIVE PRIVATE SCHOOL,None,PR,None,50 GRISTMILL LANE ,Private,30032157,50,Gristmill Lane,50 Gristmill Lane,M5A 3C4,TO,TO,None,115001,30029430,50,None,,None,19554,"{""coordinates"": [[-79.3599052483689, 43.6500579960732]], ""type"": ""MultiPoint""}"
1100,1199,395053,VRADENBURG JR PUBLIC SCHOOL,None,EP,Toronto District School Board,50 VRADENBERG DR ,English Public,395053,50,Vradenberg Dr,50 Vradenberg Dr,M1T 1M6,SC,SC,Vradenburg Junior Public School,115001,60008176,50,None,,None,9171,"{""coordinates"": [[-79.3082862869645, 43.7743422576754]], ""type"": ""MultiPoint""}"
1101,1200,7986350,WALDORF ACADEMY ELEMENTARY SCHOOL,None,PR,None,250 MADISON AVE ,Private,7986350,250,Madison Ave,250 Madison Ave,M4V 2W6,TO,TO,None,115001,7986341,250,None,,None,3896,"{""coordinates"": [[-79.407066924686, 43.6772326912183]], ""type"": ""MultiPoint""}"
1102,1201,4304281,WALES COLLEGE SECONDARY SCHOOL,None,PR,None,56 REDLEA AVE ,Private,4304281,56,Redlea Ave,56 Redlea Ave,M1V 4S3,SC,SC,WALES COLLEGE,115001,30017746,56,None,,None,8783,"{""coordinates"": [[-79.3054195999763, 43.8231010142956]], ""type"": ""MultiPoint""}"
1103,1202,333402,WALTER PERRY JR PUBLIC SCHOOL ,None,EP,Toronto District School Board,45 FALMOUTH AVE ,English Public,333402,45,Falmouth Ave,45 Falmouth Ave,M1K 4M7,SC,SC,Walter Perry Junior Public School,115001,111243,45,None,,None,7876,"{""coordinates"": [[-79.2512456866976, 43.7334561275574]], ""type"": ""MultiPoint""}"
1104,1203,10663463,WARREN PARK JR PUBLIC SCHOOL,None,EP,Toronto District School Board,135 VARSITY RD ,English Public,10663463,135,Varsity Rd,135 Varsity Rd,M6S 4P4,YK,YK,Warren Park Junior Public School,115001,10663461,135,None,,None,929,"{""coordinates"": [[-79.4994375141874, 43.6628427653687]], ""type"": ""MultiPoint""}"
1105,1204,10536981,WEBTREE ACADEMY,None,PR,None,220-260 LESMILL RD ,Private,10536981,220,Lesmill Rd,220 Lesmill Rd,M3B 2T5,NY,NY,None,115001,10536977,220,None,,None,6048,"{""coordinates"": [[-79.3600183448541, 43.7613818770997]], ""type"": ""MultiPoint""}"
1106,1205,9531172,WEDGEWOOD JR SCHOOL,None,EP,Toronto District School Board,5 SWAN AVE ,English Public,9531172,5,Swan Ave,5 Swan Ave,M9B 1V1,ET,ET,Wedgewood Junior School,115001,9531166,5,None,,None,2565,"{""coordinates"": [[-79.5462529112722, 43.6453169519903]], ""type"": ""MultiPoint""}"
1107,1206,1042829,WELLESWORTH JR SCHOOL ,None,EP,Toronto District School Board,225 WELLESWORTH DR ,English Public,1042829,225,Wellesworth Dr,225 Wellesworth Dr,M9C 4S5,ET,ET,Wellesworth Junior School,115001,910913,225,None,,None,2752,"{""coordinates"": [[-79.5767187454201, 43.6566373465707]], ""type"": ""MultiPoint""}"
1108,1207,772989,WEST END ALTERNATIVE SCHOOL ,None,EP,Toronto District School Board,777 BLOOR ST W,English Public,772989,777,Bloor St W,777 Bloor St W,M6G 1L6,TO,TO,Bickford Centre,115001,30039622,777,None,,None,458,"{""coordinates"": [[-79.4198340161091, 43.6624299848934]], ""type"": ""MultiPoint""}"
1109,1208,994747,WEST GLEN JR SCHOOL,None,EP,Toronto District School Board,47 COWLEY AVE ,English Public,994747,47,Cowley Ave,47 Cowley Ave,M9B 2E4,ET,ET,West Glen Junior School,115001,911193,47,None,,None,1400,"{""coordinates"": [[-79.5608016240727, 43.6504713423926]], ""type"": ""MultiPoint""}"
1110,1209,365513,WEST HILL COLLEGIATE INSTITUTE,None,EP,Toronto District School Board,350 MORNINGSIDE AVE ,English Public,365513,350,Morningside Ave,350 Morningside Ave,M1E 3G3,SC,SC,West Hill Collegiate Institute,115001,60006976,350,None,,None,4015,"{""coordinates"": [[-79.1905875661913, 43.7756684257862]], ""type"": ""MultiPoint""}"
1111,1210,7017603,WEST HILL PUBLIC SCHOOL,None,EP,Toronto District School Board,299 MORNINGSIDE AVE ,English Public,7017603,299,Morningside Ave,299 Morningside Ave,M1E 3G1,SC,SC,West Hill Public School,115001,7017604,299,None,,None,4015,"{""coordinates"": [[-79.1868844429518, 43.7726796050533]], ""type"": ""MultiPoint""}"
1112,1211,10747541,WEST HUMBER COLLEGIATE INSTITUTE,None,EP,Toronto District School Board,1675 MARTIN GROVE RD ,English Public,10747541,1675,Martin Grove Rd,1675 Martin Grove Rd,M9V 3S3,ET,ET,West Humber Collegiate Institute,115001,10747534,1675,None,,None,2066,"{""coordinates"": [[-79.5867053925658, 43.7309224094366]], ""type"": ""MultiPoint""}"
1113,1212,10155258,WEST HUMBER JR MDL SCHOOL ,None,EP,Toronto District School Board,15 DELSING DR ,English Public,10155258,15,Delsing Dr,15 Delsing Dr,M9W 4S7,ET,ET,West Humber Junior Middle School,115001,10155252,15,None,,None,1455,"{""coordinates"": [[-79.5807026757453, 43.7237549779012]], ""type"": ""MultiPoint""}"
1114,1213,859183,WEST PREPARATORY JR PUBLIC SCHOOL,None,EP,Toronto District School Board,70 RIDGE HILL DR ,English Public,859183,70,Ridge Hill Dr,70 Ridge Hill Dr,M6C 2J6,TO,TO,West Preparatory Junior Public School,115001,1138683,70,None,,None,4282,"{""coordinates"": [[-79.4329440583326, 43.7026161891079]], ""type"": ""MultiPoint""}"
1115,1214,336198,WEST ROUGE JR PUBLIC SCHOOL,None,EP,Toronto District School Board,401 FRIENDSHIP AVE ,English Public,336198,401,Friendship Ave,401 Friendship Ave,M1C 2X8,SC,SC,West Rouge Junior Public School,115001,105359,401,None,,None,7933,"{""coordinates"": [[-79.1337159199136, 43.7956184194221]], ""type"": ""MultiPoint""}"
1116,1215,7986677,WESTERN TECHNICAL COMMERCIAL SCHOOL,None,EP,Toronto District School Board,125 EVELYN CRES ,English Public,7986677,125,Evelyn Cres,125 Evelyn Cres,M6P 3E3,TO,TO,Western Technical-Commercial School,115001,7986678,125,None,,None,3415,"{""coordinates"": [[-79.4745815146538, 43.6570914920911]], ""type"": ""MultiPoint""}"
1117,1216,11541969,WESTFIELD EDUCATION,None,PR,None,33 MALLARD RD ,Private,11541969,33,Mallard Rd,33 Mallard Rd,M3B 1S4,NY,NY,None,115001,11541970,33,None,,None,6135,"{""coordinates"": [[-79.3495839854191, 43.7472875203276]], ""type"": ""MultiPoint""}"
1118,1217,819847,WESTMINSTER CLASSICAL CHRISTIAN ACADEMY ELEMENTARY SCHOOL,None,PR,None,9 HEWITT AVE ,Private,819847,9,Hewitt Ave,9 Hewitt Ave,M6R 1Y4,TO,TO,High Park Baptist Church,115001,1145307,9,None,,None,3652,"{""coordinates"": [[-79.4518463936452, 43.6522281973273]], ""type"": ""MultiPoint""}"
1119,1218,9847243,WESTMOUNT JR SCHOOL,None,EP,Toronto District School Board,95 CHAPMAN RD ,English Public,9847243,95,Chapman Rd,95 Chapman Rd,M9P 1E9,ET,ET,Westmount Junior School,115001,14660658,95,None,,None,1332,"{""coordinates"": [[-79.519659304979, 43.6890961288899]], ""type"": ""MultiPoint""}"
1120,1219,3202159,WESTON COLLEGIATE INSTITUTE,None,EP,Toronto District School Board,100 PINE ST ,English Public,3202159,100,Pine St,100 Pine St,M9N 2Y9,YK,YK,Weston Collegiate Institute,115001,3202160,100,None,,None,816,"{""coordinates"": [[-79.5094217518773, 43.7038163110412]], ""type"": ""MultiPoint""}"
1121,1220,64616,WESTON MEMORIAL JR PUBLIC SCHOOL,None,EP,Toronto District School Board,200 JOHN ST ,English Public,64616,200,John St,200 John St,M9N 1K2,YK,YK,Weston Memorial Junior Public School,115001,7261,200,None,,None,9831,"{""coordinates"": [[-79.5093299362394, 43.7059781548181]], ""type"": ""MultiPoint""}"
1122,1221,770025,WESTSIDE MONTESSORI ELEMENTARY SCHOOL,None,PR,None,95 BELLEVUE AVE ,Private,770025,95,Bellevue Ave,95 Bellevue Ave,M5T 2N8,TO,TO,None,115001,30017517,95,None,,None,2983,"{""coordinates"": [[-79.4038394278911, 43.6564497385304]], ""type"": ""MultiPoint""}"
1123,1222,10536933,WESTVIEW CENTENNIAL HIGH SCHOOL,None,EP,Toronto District School Board,755 OAKDALE RD ,English Public,10536933,755,Oakdale Rd,755 Oakdale Rd,M3N 1W7,NY,NY,Westview Centennial Secondary School,115001,10536929,755,None,,None,6317,"{""coordinates"": [[-79.5250905310153, 43.7523976347813]], ""type"": ""MultiPoint""}"
1124,1223,1024346,WESTWAY JR SCHOOL,None,EP,Toronto District School Board,25 POYNTER DR ,English Public,1024346,25,Poynter Dr,25 Poynter Dr,M9R 1K8,ET,ET,Westway Junior School,115001,908884,25,None,,None,2291,"{""coordinates"": [[-79.5489933081465, 43.6908221223255]], ""type"": ""MultiPoint""}"
1125,1224,3232918,WESTWOOD MDL SCHOOL ,None,EP,Toronto District School Board,994 CARLAW AVE ,English Public,3232918,994,Carlaw Ave,994 Carlaw Ave,M4K 3M6,EY,EY,Westwood Middle School,115001,1834,994,None,,None,56,"{""coordinates"": [[-79.3509795618846, 43.6864953869061]], ""type"": ""MultiPoint""}"
1126,1225,373269,WEXFORD COLLEGIATE SCHOOL FOR THE ARTS,None,EP,Toronto District School Board,1176 PHARMACY AVE ,English Public,373269,1176,Pharmacy Ave,1176 Pharmacy Ave,M1R 2H7,SC,SC,Wexford Collegiate School for the Arts,115001,14663380,1176,None,,None,8691,"{""coordinates"": [[-79.3067953750859, 43.7461595742932]], ""type"": ""MultiPoint""}"
1127,1226,6375087,WEXFORD PUBLIC SCHOOL,None,EP,Toronto District School Board,1050 PHARMACY AVE ,English Public,6375087,1050,Pharmacy Ave,1050 Pharmacy Ave,M1R 2H1,SC,SC,Wexford Public School,115001,6375088,1050,None,,None,8691,"{""coordinates"": [[-79.3041148885222, 43.7401530486018]], ""type"": ""MultiPoint""}"
1128,1227,3337385,WHITE HAVEN JR PUBLIC SCHOOL,None,EP,Toronto District School Board,105 INVERGORDON AVE ,English Public,3337385,105,Invergordon Ave,105 Invergordon Ave,M1S 2Z1,SC,SC,White Haven Public School,115001,3337339,105,None,,None,8171,"{""coordinates"": [[-79.2472058211989, 43.7872721001055]], ""type"": ""MultiPoint""}"
1129,1228,14074522,WHITEFIELD CHRISTIAN SCHOOLS - BLDG 1,None,PR,None,5808 FINCH AVE E,Private,14074522,5808,Finch Ave E,5808 Finch Ave E,M1B 4Y6,SC,SC,None,115001,30059933,5808,None,,None,5589,"{""coordinates"": [[-79.2296124630158, 43.8163254158006]], ""type"": ""MultiPoint""}"
1130,1229,14651579,WHITEFIELD CHRISTIAN SCHOOLS - BLDG 2,None,PR,None,5810 FINCH AVE E,Private,14651579,5810,Finch Ave E,5810 Finch Ave E,M1B 4Y6,SC,SC,Whitefield Christian Academy,115001,30059933,5810,None,,None,5589,"{""coordinates"": [[-79.2288599679618, 43.8164562371549]], ""type"": ""MultiPoint""}"
1131,1230,861261,WHITNEY JR PUBLIC SCHOOL,None,EP,Toronto District School Board,119 ROSEDALE HEIGHTS DR ,English Public,861261,119,Rosedale Heights Dr,119 Rosedale Heights Dr,M4T 1C7,TO,TO,Whitney Junior Public School,115001,1139397,119,None,,None,4317,"{""coordinates"": [[-79.3783972733833, 43.6871603367392]], ""type"": ""MultiPoint""}"
1132,1231,7807349,WILKINSON JR PUBLIC SCHOOL,None,EP,Toronto District School Board,53 DONLANDS AVE ,English Public,7807349,53,Donlands Ave,53 Donlands Ave,M4J 3N7,TO,TO,Wilkinson Junior Public School,115001,7807301,53,None,,None,109,"{""coordinates"": [[-79.3374832389852, 43.6820416289563]], ""type"": ""MultiPoint""}"
1133,1232,13497899,WILLIAM ACADEMY SCARBOROUGH CAMPUS,None,PR,None,3761 VICTORIA PARK AVE ,Private,13497899,3761,Victoria Park Ave,3761 Victoria Park Ave,M1W 3S2,SC,SC,None,115001,13226765,3761,None,,None,370,"{""coordinates"": [[-79.3365737852621, 43.8080424111396]], ""type"": ""MultiPoint""}"
1134,1233,35916,WILLIAM BURGESS ELEMENTARY SCHOOL,None,EP,Toronto District School Board,100 TORRENS AVE ,English Public,35916,100,Torrens Ave,100 Torrens Ave,M4J 2P5,EY,EY,William Burgess Elementary School,115001,1540,100,None,,None,361,"{""coordinates"": [[-79.348157733051, 43.6919277285052]], ""type"": ""MultiPoint""}"
1135,1234,2375320,WILLIAM G DAVIS JR PUBLIC SCHOOL ,None,EP,Toronto District School Board,128 EAST AVE ,English Public,2375320,128,East Ave,128 East Ave,M1C 3L6,SC,SC,William G Davis Junior Public School,115001,60002910,128,None,,None,3352,"{""coordinates"": [[-79.1344743650252, 43.7850464257848]], ""type"": ""MultiPoint""}"
1136,1235,30032611,WILLIAM G MILLER JR PUBLIC SCHOOL,None,EP,Toronto District School Board,60 BENNETT RD ,English Public,30032611,60,Bennett Rd,60 Bennett Rd,M1E 3Y3,SC,SC,None,115001,108162,60,None,,None,7338,"{""coordinates"": [[-79.1650340052142, 43.7685135568036]], ""type"": ""MultiPoint""}"
1137,1236,766354,WILLIAM J MCCORDIC SCHOOL,None,EP,Toronto District School Board,45 BALFOUR AVE ,English Public,766354,45,Balfour Ave,45 Balfour Ave,M4C 1T4,TO,TO,William J. McCordic School,115001,14016715,45,None,,None,2939,"{""coordinates"": [[-79.2989833380474, 43.6906318395424]], ""type"": ""MultiPoint""}"
1138,1237,569008,WILLIAM LYON MACKENZIE COLLEGIATE INSTITUTE ,None,EP,Toronto District School Board,20 TILLPLAIN RD ,English Public,569008,20,Tillplain Rd,20 Tillplain Rd,M3H 5R2,NY,NY,William Lyon Mackenzie Collegiate Institute,115001,441008,20,None,,None,6902,"{""coordinates"": [[-79.4618941501249, 43.7534709581119]], ""type"": ""MultiPoint""}"
1139,1238,883096,WILLIAMSON ROAD JR PUBLIC SCHOOL ,None,EP,Toronto District School Board,24 WILLIAMSON RD ,English Public,883096,24,Williamson Rd,24 Williamson Rd,M4E 1K5,TO,TO,Williamson Road Junior Public School,115001,1141197,24,None,,None,4686,"{""coordinates"": [[-79.2974698038611, 43.6745110572076]], ""type"": ""MultiPoint""}"
1140,1239,398591,WILLOW PARK JR PUBLIC SCHOOL,None,EP,Toronto District School Board,45 WINDOVER DR ,English Public,398591,45,Windover Dr,45 Windover Dr,M1G 1P1,SC,SC,Willow Park Junior Public School,115001,108970,45,None,,None,9241,"{""coordinates"": [[-79.2095785361357, 43.7611980953357]], ""type"": ""MultiPoint""}"
1141,1240,526830,WILLOWDALE CHRISTIAN SCHOOL,None,PR,None,60 HILDA AVE ,Private,526830,60,Hilda Ave,60 Hilda Ave,M2M 1V5,NY,NY,None,115001,437393,60,None,,None,5839,"{""coordinates"": [[-79.4248854064165, 43.7863397243401]], ""type"": ""MultiPoint""}"
1142,1241,800606,WILLOWDALE HIGH SCHOOL,None,PR,None,160 EGLINTON AVE E,Private,800606,160,Eglinton Ave E,160 Eglinton Ave E,M4P 3B5,TO,TO,None,115001,1138280,160,None,,None,125,"{""coordinates"": [[-79.3936891401787, 43.7080272673727]], ""type"": ""MultiPoint""}"
1143,1242,14121615,WILLOWDALE MDL SCHOOL ,None,EP,Toronto District School Board,225 SENLAC RD ,English Public,14121615,225,Senlac Rd,225 Senlac Rd,M2R 1P6,NY,NY,Willowdale Middle School,115001,439018,225,None,,None,6677,"{""coordinates"": [[-79.4260889715705, 43.7697752168093]], ""type"": ""MultiPoint""}"
1144,1243,559932,WILLOWWOOD SCHOOL,None,PR,None,55 SCARSDALE RD ,Private,559932,55,Scarsdale Rd,55 Scarsdale Rd,M3B 2R3,NY,NY,None,115001,30084194,55,None,,None,6662,"{""coordinates"": [[-79.3534844661428, 43.748381228606]], ""type"": ""MultiPoint""}"
1145,1244,575941,WILMINGTON ELEMENTARY SCHOOL ,None,EP,Toronto District School Board,330 WILMINGTON AVE ,English Public,575941,330,Wilmington Ave,330 Wilmington Ave,M3H 5L1,NY,NY,Wilmington Elementary School,115001,439170,330,None,,None,7095,"{""coordinates"": [[-79.4604980247184, 43.7685583806317]], ""type"": ""MultiPoint""}"
1146,1245,6522886,WINCHESTER JR & SR PUBLIC SCHOOL ,None,EP,Toronto District School Board,15 PROSPECT ST ,English Public,6522886,15,Prospect St,15 Prospect St,M4X 1C7,TO,TO,Winchester Junior and Senior Public School,115001,6522916,15,None,,None,4227,"{""coordinates"": [[-79.3708962772997, 43.6663306750224]], ""type"": ""MultiPoint""}"
1147,1246,486113,WINDFIELDS MIDDLE SCHOOL ,None,EP,Toronto District School Board,375 BANBURY RD ,English Public,486113,375,Banbury Rd,375 Banbury Rd,M2L 2V2,NY,NY,Windfields Middle School,115001,440413,375,None,,None,4876,"{""coordinates"": [[-79.3705792903782, 43.7561115796205]], ""type"": ""MultiPoint""}"
1148,1247,6620126,WINONA DRIVE SR PUBLIC SCHOOL,None,EP,Toronto District School Board,101 WINONA DR ,English Public,6620126,101,Winona Dr,101 Winona Dr,M6G 3S8,TO,TO,Winona Drive Senior Public School,115001,6620030,101,None,,None,964,"{""coordinates"": [[-79.4308587867559, 43.6770020664784]], ""type"": ""MultiPoint""}"
1149,1248,6436450,WINSTON CHURCHILL COLLEGIATE INSTITUTE ,None,EP,Toronto District School Board,2239 LAWRENCE AVE E,English Public,6436450,2239,Lawrence Ave E,2239 Lawrence Ave E,M1P 2P7,SC,SC,Winston Churchill Collegiate Institute,115001,6436449,2239,None,,None,3828,"{""coordinates"": [[-79.2783774186933, 43.7480914839731]], ""type"": ""MultiPoint""}"
1150,1249,30114181,WISE OWL PRIVATE SCHOOL,None,PR,None,99A SHEPPARD AVE W,Private,30114181,99A,Sheppard Ave W,99A Sheppard Ave W,None,NY,NY,None,115001,439927,99,A,,None,6699,"{""coordinates"": [[-79.416045335452, 43.760125217764]], ""type"": ""MultiPoint""}"
1151,1250,765985,WITHROW AVE JR & QUEST ALTERNATIVE SR,None,EP,Toronto District School Board,25 BAIN AVE ,English Public,765985,25,Bain Ave,25 Bain Ave,M4K 1E5,TO,TO,Withrow Avenue Junior Public School,115001,14673415,25,None,,None,2934,"{""coordinates"": [[-79.3521296600971, 43.670460460892]], ""type"": ""MultiPoint""}"
1152,1251,12789553,WOBURN COLLEGIATE INSTITUTE ,None,EP,Toronto District School Board,2222 ELLESMERE RD ,English Public,12789553,2222,Ellesmere Rd,2222 Ellesmere Rd,M1G 3M3,SC,SC,Woburn Collegiate Institute,115001,12789544,2222,None,,None,7835,"{""coordinates"": [[-79.2284585858987, 43.7781651122844]], ""type"": ""MultiPoint""}"
1153,1252,328365,WOBURN JR PUBLIC SCHOOL ,None,EP,Toronto District School Board,40 DORMINGTON DR ,English Public,328365,40,Dormington Dr,40 Dormington Dr,M1G 3N2,SC,SC,Woburn Junior Public School,115001,9234022,40,None,,None,7766,"{""coordinates"": [[-79.2270016649434, 43.779502795504]], ""type"": ""MultiPoint""}"
1154,1253,9950376,WOODBINE JR HIGH & N/E SECONDARY ALTERNATIVE,None,EP,Toronto District School Board,2900 DON MILLS RD E,English Public,9950376,2900,Don Mills Rd E,2900 Don Mills Rd E,M2J 3B6,NY,NY,Woodbine Middle School,115001,9950377,2900,None,,None,5398,"{""coordinates"": [[-79.349385410988, 43.7824288154923]], ""type"": ""MultiPoint""}"
1155,1254,30015214,YESHIVA BNEI TZION OF BOBOV SCHOOL,None,PR,None,44 CHAMPLAIN BLVD ,Private,30015214,44,Champlain Blvd,44 Champlain Blvd,M3H 2Z1,NY,NY,None,115001,10379163,44,None,,None,5165,"{""coordinates"": [[-79.4440053399192, 43.7328229093929]], ""type"": ""MultiPoint""}"
1156,1255,497886,YESHIVA DARCHEI TORAH SCHOOL,None,PR,None,18 CHAMPLAIN BLVD ,Private,497886,18,Champlain Blvd,18 Champlain Blvd,M3H 2Z1,NY,NY,None,115001,443323,18,None,,None,5165,"{""coordinates"": [[-79.4448408334416, 43.7339454269568]], ""type"": ""MultiPoint""}"
1157,1256,9234561,YESHIVA GEDOLAH OF TORONTO,None,PR,None,567 LAWRENCE AVE W,Private,9234561,567,Lawrence Ave W,567 Lawrence Ave W,M6A 1A5,NY,NY,Yeshiva Gedolah,115001,30085237,567,None,,None,732,"{""coordinates"": [[-79.4356269358583, 43.7176693343951]], ""type"": ""MultiPoint""}"
1158,1257,9694816,YESHIVA NACHALAS ZVI SCHOOL,None,PR,None,475 LAWRENCE AVE W,Private,9694816,475,Lawrence Ave W,475 Lawrence Ave W,M5M 1C6,NY,NY,Yeshivah Torath Chaim,115001,9694792,475,None,,None,732,"{""coordinates"": [[-79.427877939254, 43.7194150373911]], ""type"": ""MultiPoint""}"
1159,1258,8016890,YESHIVA OR CHAIM BNEI AKIVA BOYS SCHOOL,None,PR,None,159 ALMORE AVE ,Private,8016890,159,Almore Ave,159 Almore Ave,M3H 2H9,NY,NY,None,115001,8016881,159,None,,None,4782,"{""coordinates"": [[-79.4483782516314, 43.7454893525816]], ""type"": ""MultiPoint""}"
1160,1259,520518,YESHIVA YESODEI HATORAH SCHOOL,None,PR,None,77 GLEN RUSH BLVD ,Private,520518,77,Glen Rush Blvd,77 Glen Rush Blvd,M5N 2T8,NY,NY,Yeshiva Yesodei Hatorah School,115001,445146,77,None,,None,5693,"{""coordinates"": [[-79.425863935611, 43.7179922890113]], ""type"": ""MultiPoint""}"
1161,1260,565842,YESHIVAS NEFESH DOVID SCHOOL,None,PR,None,77 STORMONT AVE ,Private,565842,77,Stormont Ave,77 Stormont Ave,M5N 2C3,NY,NY,None,115001,445031,77,None,,None,6805,"{""coordinates"": [[-79.4276757269062, 43.7186338889492]], ""type"": ""MultiPoint""}"
1162,1261,9344875,YORK HUMBER HIGH SCHOOL ,None,EP,Toronto District School Board,100 EMMETT AVE ,English Public,9344875,100,Emmett Ave,100 Emmett Ave,M6M 2E6,YK,YK,York Humber High School,115001,9344876,100,None,,None,580,"{""coordinates"": [[-79.506177459366, 43.6885691951614]], ""type"": ""MultiPoint""}"
1163,1262,8152704,YORK MEMORIAL COLLEGIATE INSTITUTE,None,EP,Toronto District School Board,1700 KEELE ST ,English Public,8152704,1700,Keele St,1700 Keele St,M6M 3W5,YK,YK,George Harvey Collegiate Institute,115001,8128677,1700,None,,None,703,"{""coordinates"": [[-79.473699193678, 43.6845465069876]], ""type"": ""MultiPoint""}"
1164,1263,59118,YORK MEMORIAL COLLEGIATE INSTITUTE (UNDER CONSTRUCTION),None,EP,Toronto District School Board,2690 EGLINTON AVE W,English Public,59118,2690,Eglinton Ave W,2690 Eglinton Ave W,M6M 1T9,YK,YK,York Memorial Collegiate Institute,115001,8171,2690,None,,None,571,"{""coordinates"": [[-79.4762398021686, 43.6902787238341]], ""type"": ""MultiPoint""}"
1165,1264,579005,YORK MILLS COLLEGIATE INSTITUTE,None,EP,Toronto District School Board,490 YORK MILLS RD ,English Public,579005,490,York Mills Rd,490 York Mills Rd,M3B 1W6,NY,NY,York Mills Collegiate Institute,115001,441141,490,None,,None,7145,"{""coordinates"": [[-79.3735238955731, 43.7515290541848]], ""type"": ""MultiPoint""}"
1166,1265,3766809,YORK U - GLENDON CAMPUS ,None,U,None,2275 BAYVIEW AVE ,University,3766809,2275,Bayview Ave,2275 Bayview Ave,M4N 3M6,NY,NY,None,115001,3766807,2275,None,,None,24,"{""coordinates"": [[-79.3780603009885, 43.7271679611472]], ""type"": ""MultiPoint""}"
1167,1266,20029109,YORK U - KEELE CAMPUS,None,U,None,4700 KEELE ST ,University,20029109,4700,Keele St,4700 Keele St,M3J 1P3,NY,NY,York University-Keele Campus,115001,14064697,4700,None,,None,703,"{""coordinates"": [[-79.5023381683704, 43.7734100899864]], ""type"": ""MultiPoint""}"
1168,1267,12789760,YORKDALE SECONDARY SCHOOL & ADULT LEARNING CENTRE,None,EP,Toronto District School Board,38 ORFUS RD ,English Public,12789760,38,Orfus Rd,38 Orfus Rd,M6A 1L6,NY,NY,Yorkdale Secondary School,115001,12789755,38,None,,None,6342,"{""coordinates"": [[-79.4597250980034, 43.7201620650265]], ""type"": ""MultiPoint""}"
1169,1268,3369839,YORKLAND HIGH SCHOOL,None,PR,None,3840 FINCH AVE E,Private,3369839,3840,Finch Ave E,3840 Finch Ave E,M1T 3T4,SC,SC,St Nicholas Greek Orthodox,115001,3369767,3840,None,,None,5589,"{""coordinates"": [[-79.3013419576388, 43.8006150838616]], ""type"": ""MultiPoint""}"
1170,1269,579389,YORKVIEW PUBLIC SCHOOL,None,EP,Toronto District School Board,130 YORKVIEW DR ,English Public,579389,130,Yorkview Dr,130 YORKVIEW DR ,None,NY,NY,Yorkview Public School,115001,438673,130,None,,None,9794,"{""coordinates"": [[-79.4355664221908, 43.7725736106375]], ""type"": ""MultiPoint""}"
1171,1270,10258462,YORKWOODS PUBLIC SCHOOL,None,EP,Toronto District School Board,25 YORKWOODS GT ,English Public,10258462,25,Yorkwoods Gt,25 Yorkwoods Gt,M3N 1K1,NY,NY,Yorkwoods Public School,115001,30102680,25,None,,None,7152,"{""coordinates"": [[-79.5138847463308, 43.7506598381465]], ""type"": ""MultiPoint""}"
1172,1271,4498793,Z3 EDUCATION CENTRE SCHOOL,None,PR,None,1200 MARKHAM RD ,Private,4498793,1200,Markham Rd,1200 Markham Rd,M1H 3C3,SC,SC,None,115001,4476173,1200,None,,None,8429,"{""coordinates"": [[-79.2325583921281, 43.7768587021679]], ""type"": ""MultiPoint""}"
1173,1272,536807,ZION HEIGHTS JR HIGH SCHOOL,None,EP,Toronto District School Board,5900 LESLIE ST ,English Public,536807,5900,Leslie St,5900 Leslie St,M2H 1J9,NY,NY,Zion Heights Middle School,115001,436598,5900,None,,None,225,"{""coordinates"": [[-79.3710972374637, 43.7979149025647]], ""type"": ""MultiPoint""}"
