{
"type": "FeatureCollection",
"name": "School locations-all types data - 4326",
"crs": { "type": "name", "properties": { "name": "urn:ogc:def:crs:OGC:1.3:CRS84" } },
"features": [
{ "type": "Feature", "properties": { "_id": 1, "OBJECTID": 100, "GEO_ID": 9085421.0, "NAME": "BEHAVIOUR INNOVATIONS, CHILDREN'S COLLEGE", "SCHOOL_LEVEL": "None", "SCHOOL_TYPE": "PR", "BOARD_NAME": "None", "SOURCE_ADDRESS": "618 THE QUEENSWAY ", "SCHOOL_TYPE_DESC": "Private", "ADDRESS_POINT_ID": 9085421, "ADDRESS_NUMBER": "618", "LINEAR_NAME_FULL": "The Queensway", "ADDRESS_FULL": "618 The Queensway", "POSTAL_CODE": "M8Y 1K3", "MUNICIPALITY": "ET", "CITY": "ET", "PLACE_NAME": "None", "GENERAL_USE_CODE": 115001, "CENTRELINE_ID": 9085417, "LO_NUM": 618, "LO_NUM_SUF": "None", "HI_NUM": null, "HI_NUM_SUF": "None", "LINEAR_NAME_ID": 2603.0 }, "geometry": { "type": "MultiPoint", "coordinates": [ [ -79.495482141746294, 43.628181960966202 ] ] } },
{ "type": "Feature", "properties": { "_id": 2, "OBJECTID": 101, "GEO_ID": 6355204.0, "NAME": "ST PATRICK CATHOLIC SECONDARY SCHOOL", "SCHOOL_LEVEL": "None", "SCHOOL_TYPE": "ES", "BOARD_NAME": "Toronto Catholic District School Board", "SOURCE_ADDRESS": "49 FELSTEAD AVE", "SCHOOL_TYPE_DESC": "English Separate", "ADDRESS_POINT_ID": 6355204, "ADDRESS_NUMBER": "49", "LINEAR_NAME_FULL": "Felstead Ave", "ADDRESS_FULL": "49 Felstead Ave", "POSTAL_CODE": "M4J 1G3", "MUNICIPALITY": "TO", "CITY": "TO", "PLACE_NAME": "St. Patrick Catholic Secondary School", "GENERAL_USE_CODE": 115001, "CENTRELINE_ID": 60012444, "LO_NUM": 49, "LO_NUM_SUF": "None", "HI_NUM": null, "HI_NUM_SUF": "None", "LINEAR_NAME_ID": 3430.0 }, "geometry": { "type": "MultiPoint", "coordinates": [ [ -79.327649486571801, 43.678322302971303 ] ] } },
{ "type": "Feature", "properties": { "_id": 3, "OBJECTID": 102, "GEO_ID": 14072150.0, "NAME": "THE AMBASSADORS OF GOD ACADEMY", "SCHOOL_LEVEL": "None", "SCHOOL_TYPE": "PR", "BOARD_NAME": "None", "SOURCE_ADDRESS": "807 ARROW RD", "SCHOOL_TYPE_DESC": "Private", "ADDRESS_POINT_ID": 14072150, "ADDRESS_NUMBER": "807", "LINEAR_NAME_FULL": "Arrow Rd", "ADDRESS_FULL": "807 Arrow Rd", "POSTAL_CODE": "M9M 2L4", "MUNICIPALITY": "NY", "CITY": "NY", "PLACE_NAME": "None", "GENERAL_USE_CODE": 115001, "CENTRELINE_ID": 9038133, "LO_NUM": 807, "LO_NUM_SUF": "None", "HI_NUM": null, "HI_NUM_SUF": "None", "LINEAR_NAME_ID": 4829.0 }, "geometry": { "type": "MultiPoint", "coordinates": [ [ -79.531792143804395, 43.749140844314503 ] ] } },
{ "type": "Feature", "properties": { "_id": 4, "OBJECTID": 103, "GEO_ID": 330677.0, "NAME": "A PLUS ACADEMY OF ADVANCEMENT", "SCHOOL_LEVEL": "None", "SCHOOL_TYPE": "PR", "BOARD_NAME": "None", "SOURCE_ADDRESS": "2425 EGLINTON AVE E", "SCHOOL_TYPE_DESC": "Private", "ADDRESS_POINT_ID": 330677, "ADDRESS_NUMBER": "2425", "LINEAR_NAME_FULL": "Eglinton Ave E", "ADDRESS_FULL": "2425 Eglinton Ave E", "POSTAL_CODE": "M1K 5G8", "MUNICIPALITY": "SC", "CITY": "SC", "PLACE_NAME": "None", "GENERAL_USE_CODE": 115001, "CENTRELINE_ID": 111254, "LO_NUM": 2425, "LO_NUM_SUF": "None", "HI_NUM": null, "HI_NUM_SUF": "None", "LINEAR_NAME_ID": 125.0 }, "geometry": { "type": "MultiPoint", "coordinates": [ [ -79.267103936897001, 43.732081946012897 ] ] } },
{ "type": "Feature", "properties": { "_id": 5, "OBJECTID": 104, "GEO_ID": 524780.0, "NAME": "A R S ARMENIAN PRIVATE SCHOOL", "SCHOOL_LEVEL": "None", "SCHOOL_TYPE": "PR", "BOARD_NAME": "None", "SOURCE_ADDRESS": "50 HALLCROWN PL ", "SCHOOL_TYPE_DESC": "Private", "ADDRESS_POINT_ID": 524780, "ADDRESS_NUMBER": "50", "LINEAR_NAME_FULL": "Hallcrown Pl", "ADDRESS_FULL": "50 Hallcrown Pl", "POSTAL_CODE": "M2J 1P7", "MUNICIPALITY": "NY", "CITY": "NY", "PLACE_NAME": "None", "GENERAL_USE_CODE": 115001, "CENTRELINE_ID": 438652, "LO_NUM": 50, "LO_NUM_SUF": "None", "HI_NUM": null, "HI_NUM_SUF": "None", "LINEAR_NAME_ID": 5778.0 }, "geometry": { "type": "MultiPoint", "coordinates": [ [ -79.323156147744001, 43.770053062481999 ] ] } },
{ "type": "Feature", "properties": { "_id": 6, "OBJECTID": 105, "GEO_ID": 517961.0, "NAME": "A Y JACKSON SECONDARY SCHOOL", "SCHOOL_LEVEL": "None", "SCHOOL_TYPE": "EP", "BOARD_NAME": "Toronto District School Board", "SOURCE_ADDRESS": "50 FRANCINE DR ", "SCHOOL_TYPE_DESC": "English Public", "ADDRESS_POINT_ID": 517961, "ADDRESS_NUMBER": "50", "LINEAR_NAME_FULL": "Francine Dr", "ADDRESS_FULL": "50 Francine Dr", "POSTAL_CODE": "M2H 2G6", "MUNICIPALITY": "NY", "CITY": "NY", "PLACE_NAME": "A. Y. Jackson Secondary School", "GENERAL_USE_CODE": 115001, "CENTRELINE_ID": 436260, "LO_NUM": 50, "LO_NUM_SUF": "None", "HI_NUM": null, "HI_NUM_SUF": "None", "LINEAR_NAME_ID": 5639.0 }, "geometry": { "type": "MultiPoint", "coordinates": [ [ -79.366555293409505, 43.805261301421901 ] ] } },
{ "type": "Feature", "properties": { "_id": 7, "OBJECTID": 106, "GEO_ID": 8594190.0, "NAME": "ABACUS MONTESSORI", "SCHOOL_LEVEL": "None", "SCHOOL_TYPE": "PR", "BOARD_NAME": "None", "SOURCE_ADDRESS": "2723 ST CLAIR AVE E", "SCHOOL_TYPE_DESC": "Private", "ADDRESS_POINT_ID": 8594190, "ADDRESS_NUMBER": "2723", "LINEAR_NAME_FULL": "St Clair Ave E", "ADDRESS_FULL": "2723 St Clair Ave E", "POSTAL_CODE": "M4B 1M8", "MUNICIPALITY": "EY", "CITY": "EY", "PLACE_NAME": "Church Of St Columba and All", "GENERAL_USE_CODE": 115001, "CENTRELINE_ID": 8594192, "LO_NUM": 2723, "LO_NUM_SUF": "None", "HI_NUM": null, "HI_NUM_SUF": "None", "LINEAR_NAME_ID": 339.0 }, "geometry": { "type": "MultiPoint", "coordinates": [ [ -79.310079318289993, 43.7057435447297 ] ] } },
{ "type": "Feature", "properties": { "_id": 8, "OBJECTID": 107, "GEO_ID": 9602784.0, "NAME": "ABU HURAIRA ISLAMIC CENTRE AND ACADEMY", "SCHOOL_LEVEL": "None", "SCHOOL_TYPE": "PR", "BOARD_NAME": "None", "SOURCE_ADDRESS": "270 YORKLAND BLVD ", "SCHOOL_TYPE_DESC": "Private", "ADDRESS_POINT_ID": 9602784, "ADDRESS_NUMBER": "270", "LINEAR_NAME_FULL": "Yorkland Blvd", "ADDRESS_FULL": "270 Yorkland Blvd", "POSTAL_CODE": "M2J 5C9", "MUNICIPALITY": "NY", "CITY": "NY", "PLACE_NAME": "None", "GENERAL_USE_CODE": 115001, "CENTRELINE_ID": 30121150, "LO_NUM": 270, "LO_NUM_SUF": "None", "HI_NUM": null, "HI_NUM_SUF": "None", "LINEAR_NAME_ID": 7150.0 }, "geometry": { "type": "MultiPoint", "coordinates": [ [ -79.334535676211303, 43.772824685532498 ] ] } },
{ "type": "Feature", "properties": { "_id": 9, "OBJECTID": 108, "GEO_ID": 996700.0, "NAME": "ACACIA INTERNATIONAL HIGH SCHOOL", "SCHOOL_LEVEL": "None", "SCHOOL_TYPE": "PR", "BOARD_NAME": "None", "SOURCE_ADDRESS": "235 DIXON RD ", "SCHOOL_TYPE_DESC": "Private", "ADDRESS_POINT_ID": 996700, "ADDRESS_NUMBER": "235", "LINEAR_NAME_FULL": "Dixon Rd", "ADDRESS_FULL": "235 Dixon Rd", "POSTAL_CODE": "M9P 2M5", "MUNICIPALITY": "ET", "CITY": "ET", "PLACE_NAME": "None", "GENERAL_USE_CODE": 115001, "CENTRELINE_ID": 908498, "LO_NUM": 235, "LO_NUM_SUF": "None", "HI_NUM": null, "HI_NUM_SUF": "None", "LINEAR_NAME_ID": 1470.0 }, "geometry": { "type": "MultiPoint", "coordinates": [ [ -79.543912376152903, 43.696679068906398 ] ] } },
{ "type": "Feature", "properties": { "_id": 10, "OBJECTID": 109, "GEO_ID": 322971.0, "NAME": "ACADEMIE ALEXANDRE DUMAS", "SCHOOL_LEVEL": "None", "SCHOOL_TYPE": "FP", "BOARD_NAME": "Conseil scolaire Viamonde", "SOURCE_ADDRESS": "255 CORONATION DR ", "SCHOOL_TYPE_DESC": "French Public", "ADDRESS_POINT_ID": 322971, "ADDRESS_NUMBER": "255", "LINEAR_NAME_FULL": "Coronation Dr", "ADDRESS_FULL": "255 Coronation Dr", "POSTAL_CODE": "M1E 2J3", "MUNICIPALITY": "SC", "CITY": "SC", "PLACE_NAME": "Academie Alexandre Dumas", "GENERAL_USE_CODE": 115001, "CENTRELINE_ID": 108815, "LO_NUM": 255, "LO_NUM_SUF": "None", "HI_NUM": null, "HI_NUM_SUF": "None", "LINEAR_NAME_ID": 7654.0 }, "geometry": { "type": "MultiPoint", "coordinates": [ [ -79.179765216697504, 43.762418807843602 ] ] } },
{ "type": "Feature", "properties": { "_id": 11, "OBJECTID": 110, "GEO_ID": 9446130.0, "NAME": "ACADEMY OF ENLIGHTENED MINDS", "SCHOOL_LEVEL": "None", "SCHOOL_TYPE": "PR", "BOARD_NAME": "None", "SOURCE_ADDRESS": "345 SORAUREN AVE ", "SCHOOL_TYPE_DESC": "Private", "ADDRESS_POINT_ID": 9446130, "ADDRESS_NUMBER": "345", "LINEAR_NAME_FULL": "Sorauren Ave", "ADDRESS_FULL": "345 Sorauren Ave", "POSTAL_CODE": "M6R 2G5", "MUNICIPALITY": "TO", "CITY": "TO", "PLACE_NAME": "None", "GENERAL_USE_CODE": 115001, "CENTRELINE_ID": 9446120, "LO_NUM": 345, "LO_NUM_SUF": "None", "HI_NUM": null, "HI_NUM_SUF": "None", "LINEAR_NAME_ID": 4419.0 }, "geometry": { "type": "MultiPoint", "coordinates": [ [ -79.444354999839803, 43.6493584570037 ] ] } },
{ "type": "Feature", "properties": { "_id": 12, "OBJECTID": 111, "GEO_ID": 575619.0, "NAME": "ACADEMY OF EXCELLENCE SECONDARY SCHOOL", "SCHOOL_LEVEL": "None", "SCHOOL_TYPE": "PR", "BOARD_NAME": "None", "SOURCE_ADDRESS": "128 WILLOWDALE AVE ", "SCHOOL_TYPE_DESC": "Private", "ADDRESS_POINT_ID": 575619, "ADDRESS_NUMBER": "128", "LINEAR_NAME_FULL": "Willowdale Ave", "ADDRESS_FULL": "128 Willowdale Ave", "POSTAL_CODE": "M2N 4Y2", "MUNICIPALITY": "NY", "CITY": "NY", "PLACE_NAME": "None", "GENERAL_USE_CODE": 115001, "CENTRELINE_ID": 439396, "LO_NUM": 128, "LO_NUM_SUF": "None", "HI_NUM": null, "HI_NUM_SUF": "None", "LINEAR_NAME_ID": 7093.0 }, "geometry": { "type": "MultiPoint", "coordinates": [ [ -79.400505552511802, 43.765186281845402 ] ] } },
{ "type": "Feature", "properties": { "_id": 13, "OBJECTID": 112, "GEO_ID": 30029356.0, "NAME": "ACADEMY OF MATH AND ENGLISH", "SCHOOL_LEVEL": "None", "SCHOOL_TYPE": "PR", "BOARD_NAME": "None", "SOURCE_ADDRESS": "5101 DUNDAS ST W", "SCHOOL_TYPE_DESC": "Private", "ADDRESS_POINT_ID": 30029356, "ADDRESS_NUMBER": "5101", "LINEAR_NAME_FULL": "Dundas St W", "ADDRESS_FULL": "5101 Dundas St W", "POSTAL_CODE": "M9A 5G8", "MUNICIPALITY": "ET", "CITY": "ET", "PLACE_NAME": "None", "GENERAL_USE_CODE": 115001, "CENTRELINE_ID": 30012612, "LO_NUM": 5101, "LO_NUM_SUF": "None", "HI_NUM": null, "HI_NUM_SUF": "None", "LINEAR_NAME_ID": 558.0 }, "geometry": { "type": "MultiPoint", "coordinates": [ [ -79.531989732964703, 43.644824255422002 ] ] } },
{ "type": "Feature", "properties": { "_id": 14, "OBJECTID": 113, "GEO_ID": 572011.0, "NAME": "ACADEMY OF NEW ECHO EDUCATION", "SCHOOL_LEVEL": "None", "SCHOOL_TYPE": "PR", "BOARD_NAME": "None", "SOURCE_ADDRESS": "2716 VICTORIA PARK AVE ", "SCHOOL_TYPE_DESC": "Private", "ADDRESS_POINT_ID": 572011, "ADDRESS_NUMBER": "2716", "LINEAR_NAME_FULL": "Victoria Park Ave", "ADDRESS_FULL": "2716 Victoria Park Ave", "POSTAL_CODE": "M2J 4A7", "MUNICIPALITY": "NY", "CITY": "NY", "PLACE_NAME": "None", "GENERAL_USE_CODE": 115001, "CENTRELINE_ID": 106816, "LO_NUM": 2716, "LO_NUM_SUF": "None", "HI_NUM": null, "HI_NUM_SUF": "None", "LINEAR_NAME_ID": 370.0 }, "geometry": { "type": "MultiPoint", "coordinates": [ [ -79.327825970544893, 43.784380559350097 ] ] } },
{ "type": "Feature", "properties": { "_id": 15, "OBJECTID": 114, "GEO_ID": 14185392.0, "NAME": "ACADEMY OF THOUGHT AND INDUSTRY TORONTO", "SCHOOL_LEVEL": "None", "SCHOOL_TYPE": "PR", "BOARD_NAME": "None", "SOURCE_ADDRESS": "1767 QUEEN ST E", "SCHOOL_TYPE_DESC": "Private", "ADDRESS_POINT_ID": 14185392, "ADDRESS_NUMBER": "1767", "LINEAR_NAME_FULL": "Queen St E", "ADDRESS_FULL": "1767 Queen St E", "POSTAL_CODE": "M4L 6S6", "MUNICIPALITY": "TO", "CITY": "TO", "PLACE_NAME": "None", "GENERAL_USE_CODE": 115001, "CENTRELINE_ID": 1142319, "LO_NUM": 1767, "LO_NUM_SUF": "None", "HI_NUM": null, "HI_NUM_SUF": "None", "LINEAR_NAME_ID": 4237.0 }, "geometry": { "type": "MultiPoint", "coordinates": [ [ -79.309472609789694, 43.667807153376501 ] ] } },
{ "type": "Feature", "properties": { "_id": 16, "OBJECTID": 115, "GEO_ID": 508042.0, "NAME": "ACE ACUMEN HIGH SCHOOL", "SCHOOL_LEVEL": "None", "SCHOOL_TYPE": "PR", "BOARD_NAME": "None", "SOURCE_ADDRESS": "1440 DON MILLS RD ", "SCHOOL_TYPE_DESC": "Private", "ADDRESS_POINT_ID": 508042, "ADDRESS_NUMBER": "1440", "LINEAR_NAME_FULL": "Don Mills Rd", "ADDRESS_FULL": "1440 Don Mills Rd", "POSTAL_CODE": "M3B 3P9", "MUNICIPALITY": "NY", "CITY": "NY", "PLACE_NAME": "None", "GENERAL_USE_CODE": 115001, "CENTRELINE_ID": 441121, "LO_NUM": 1440, "LO_NUM_SUF": "None", "HI_NUM": null, "HI_NUM_SUF": "None", "LINEAR_NAME_ID": 100.0 }, "geometry": { "type": "MultiPoint", "coordinates": [ [ -79.347508509338297, 43.750732060266998 ] ] } },
{ "type": "Feature", "properties": { "_id": 17, "OBJECTID": 116, "GEO_ID": 10476656.0, "NAME": "ADAM BECK JR PUBLIC SCHOOL", "SCHOOL_LEVEL": "None", "SCHOOL_TYPE": "EP", "BOARD_NAME": "Toronto District School Board", "SOURCE_ADDRESS": "400 SCARBOROUGH RD ", "SCHOOL_TYPE_DESC": "English Public", "ADDRESS_POINT_ID": 10476656, "ADDRESS_NUMBER": "400", "LINEAR_NAME_FULL": "Scarborough Rd", "ADDRESS_FULL": "400 Scarborough Rd", "POSTAL_CODE": "M4E 3M8", "MUNICIPALITY": "TO", "CITY": "TO", "PLACE_NAME": "Adam Beck Junior Public School", "GENERAL_USE_CODE": 115001, "CENTRELINE_ID": 10476638, "LO_NUM": 400, "LO_NUM_SUF": "None", "HI_NUM": null, "HI_NUM_SUF": "None", "LINEAR_NAME_ID": 4366.0 }, "geometry": { "type": "MultiPoint", "coordinates": [ [ -79.288487892560795, 43.683151803800598 ] ] } },
{ "type": "Feature", "properties": { "_id": 18, "OBJECTID": 117, "GEO_ID": 5336735.0, "NAME": "ADELFIHA'S CHRISTIAN ACADEMY", "SCHOOL_LEVEL": "None", "SCHOOL_TYPE": "PR", "BOARD_NAME": "None", "SOURCE_ADDRESS": "4340 DUFFERIN ST ", "SCHOOL_TYPE_DESC": "Private", "ADDRESS_POINT_ID": 5336735, "ADDRESS_NUMBER": "4340", "LINEAR_NAME_FULL": "Dufferin St", "ADDRESS_FULL": "4340 Dufferin St", "POSTAL_CODE": "M3H 5R9", "MUNICIPALITY": "NY", "CITY": "NY", "PLACE_NAME": "Revival Time Tabernacle", "GENERAL_USE_CODE": 115001, "CENTRELINE_ID": 5336708, "LO_NUM": 4340, "LO_NUM_SUF": "None", "HI_NUM": null, "HI_NUM_SUF": "None", "LINEAR_NAME_ID": 557.0 }, "geometry": { "type": "MultiPoint", "coordinates": [ [ -79.466445105837906, 43.762689370275801 ] ] } },
{ "type": "Feature", "properties": { "_id": 19, "OBJECTID": 118, "GEO_ID": 306050.0, "NAME": "ADVANCED CHRISTIAN ACADEMY", "SCHOOL_LEVEL": "None", "SCHOOL_TYPE": "PR", "BOARD_NAME": "None", "SOURCE_ADDRESS": "1100 BELLAMY RD N", "SCHOOL_TYPE_DESC": "Private", "ADDRESS_POINT_ID": 306050, "ADDRESS_NUMBER": "1100", "LINEAR_NAME_FULL": "Bellamy Rd N", "ADDRESS_FULL": "1100 Bellamy Rd N", "POSTAL_CODE": "M1H 1H2", "MUNICIPALITY": "SC", "CITY": "SC", "PLACE_NAME": "None", "GENERAL_USE_CODE": 115001, "CENTRELINE_ID": 107660, "LO_NUM": 1100, "LO_NUM_SUF": "None", "HI_NUM": null, "HI_NUM_SUF": "None", "LINEAR_NAME_ID": 7313.0 }, "geometry": { "type": "MultiPoint", "coordinates": [ [ -79.243366884835496, 43.775978983075198 ] ] } },
{ "type": "Feature", "properties": { "_id": 20, "OBJECTID": 119, "GEO_ID": 306050.0, "NAME": "ADVANCED CHRISTIAN ACADEMY (Renamed)", "SCHOOL_LEVEL": "None", "SCHOOL_TYPE": "PR", "BOARD_NAME": "None", "SOURCE_ADDRESS": "1100 BELLAMY RD N", "SCHOOL_TYPE_DESC": "Private", "ADDRESS_POINT_ID": 306050, "ADDRESS_NUMBER": "1100", "LINEAR_NAME_FULL": "Bellamy Rd N", "ADDRESS_FULL": "1100 Bellamy Rd N", "POSTAL_CODE": "M1H 1H2", "MUNICIPALITY": "SC", "CITY": "SC", "PLACE_NAME": "None", "GENERAL_USE_CODE": 115001, "CENTRELINE_ID": 107660, "LO_NUM": 1100, "LO_NUM_SUF": "None", "HI_NUM": null, "HI_NUM_SUF": "None", "LINEAR_NAME_ID": 7313.0 }, "geometry": { "type": "MultiPoint", "coordinates": [ [ -79.243366884835496, 43.775978983075198 ] ] } },
{ "type": "Feature", "properties": { "_id": 21, "OBJECTID": 120, "GEO_ID": 30072225.0, "NAME": "AFZAL ISLAMIC MONTESSORI & ACADEMY", "SCHOOL_LEVEL": "None", "SCHOOL_TYPE": "PR", "BOARD_NAME": "None", "SOURCE_ADDRESS": "188 SHORTING RD ", "SCHOOL_TYPE_DESC": "Private", "ADDRESS_POINT_ID": 30072225, "ADDRESS_NUMBER": "188", "LINEAR_NAME_FULL": "Shorting Rd", "ADDRESS_FULL": "188 Shorting Rd", "POSTAL_CODE": "M1S 3S7", "MUNICIPALITY": "SC", "CITY": "SC", "PLACE_NAME": "None", "GENERAL_USE_CODE": 115001, "CENTRELINE_ID": 2689179, "LO_NUM": 188, "LO_NUM_SUF": "None", "HI_NUM": null, "HI_NUM_SUF": "None", "LINEAR_NAME_ID": 8946.0 }, "geometry": { "type": "MultiPoint", "coordinates": [ [ -79.250283061345499, 43.793684874506198 ] ] } },
{ "type": "Feature", "properties": { "_id": 22, "OBJECTID": 121, "GEO_ID": 3211411.0, "NAME": "AGINCOURT COLLEGIATE INSTITUTE", "SCHOOL_LEVEL": "None", "SCHOOL_TYPE": "EP", "BOARD_NAME": "Toronto District School Board", "SOURCE_ADDRESS": "2621 MIDLAND AVE ", "SCHOOL_TYPE_DESC": "English Public", "ADDRESS_POINT_ID": 3211411, "ADDRESS_NUMBER": "2621", "LINEAR_NAME_FULL": "Midland Ave", "ADDRESS_FULL": "2621 Midland Ave", "POSTAL_CODE": "M1S 1R6", "MUNICIPALITY": "SC", "CITY": "SC", "PLACE_NAME": "Agincourt Collegiate Institute", "GENERAL_USE_CODE": 115001, "CENTRELINE_ID": 3216896, "LO_NUM": 2621, "LO_NUM_SUF": "None", "HI_NUM": null, "HI_NUM_SUF": "None", "LINEAR_NAME_ID": 8496.0 }, "geometry": { "type": "MultiPoint", "coordinates": [ [ -79.278909958691798, 43.7888738444071 ] ] } },
{ "type": "Feature", "properties": { "_id": 23, "OBJECTID": 122, "GEO_ID": 382096.0, "NAME": "AGINCOURT INTERNATIONAL ACADEMY", "SCHOOL_LEVEL": "None", "SCHOOL_TYPE": "PR", "BOARD_NAME": "None", "SOURCE_ADDRESS": "1001 SANDHURST CRCL ", "SCHOOL_TYPE_DESC": "Private", "ADDRESS_POINT_ID": 382096, "ADDRESS_NUMBER": "1001", "LINEAR_NAME_FULL": "Sandhurst Crcl", "ADDRESS_FULL": "1001 Sandhurst Crcl", "POSTAL_CODE": "M1V 1Z6", "MUNICIPALITY": "SC", "CITY": "SC", "PLACE_NAME": "None", "GENERAL_USE_CODE": 115001, "CENTRELINE_ID": 104203, "LO_NUM": 1001, "LO_NUM_SUF": "None", "HI_NUM": null, "HI_NUM_SUF": "None", "LINEAR_NAME_ID": 8871.0 }, "geometry": { "type": "MultiPoint", "coordinates": [ [ -79.263677120035695, 43.809257648145703 ] ] } },
{ "type": "Feature", "properties": { "_id": 24, "OBJECTID": 123, "GEO_ID": 356507.0, "NAME": "AGINCOURT JR PUBLIC SCHOOL", "SCHOOL_LEVEL": "None", "SCHOOL_TYPE": "EP", "BOARD_NAME": "Toronto District School Board", "SOURCE_ADDRESS": "29 LOCKIE AVE ", "SCHOOL_TYPE_DESC": "English Public", "ADDRESS_POINT_ID": 356507, "ADDRESS_NUMBER": "29", "LINEAR_NAME_FULL": "Lockie Ave", "ADDRESS_FULL": "29 Lockie Ave", "POSTAL_CODE": "M1S 1N3", "MUNICIPALITY": "SC", "CITY": "SC", "PLACE_NAME": "Agincourt Junior Public School", "GENERAL_USE_CODE": 115001, "CENTRELINE_ID": 106335, "LO_NUM": 29, "LO_NUM_SUF": "None", "HI_NUM": null, "HI_NUM_SUF": "None", "LINEAR_NAME_ID": 8352.0 }, "geometry": { "type": "MultiPoint", "coordinates": [ [ -79.281162305730902, 43.788259215834501 ] ] } },
{ "type": "Feature", "properties": { "_id": 25, "OBJECTID": 124, "GEO_ID": 5479010.0, "NAME": "AGINCOURT MONTESSORI SCHOOL", "SCHOOL_LEVEL": "None", "SCHOOL_TYPE": "PR", "BOARD_NAME": "None", "SOURCE_ADDRESS": "2575 MIDLAND AVE ", "SCHOOL_TYPE_DESC": "Private", "ADDRESS_POINT_ID": 5479010, "ADDRESS_NUMBER": "2575", "LINEAR_NAME_FULL": "Midland Ave", "ADDRESS_FULL": "2575 Midland Ave", "POSTAL_CODE": "M1S 1R3", "MUNICIPALITY": "SC", "CITY": "SC", "PLACE_NAME": "None", "GENERAL_USE_CODE": 115001, "CENTRELINE_ID": 5479011, "LO_NUM": 2575, "LO_NUM_SUF": "None", "HI_NUM": null, "HI_NUM_SUF": "None", "LINEAR_NAME_ID": 8496.0 }, "geometry": { "type": "MultiPoint", "coordinates": [ [ -79.278704182447299, 43.7864432730251 ] ] } },
{ "type": "Feature", "properties": { "_id": 26, "OBJECTID": 125, "GEO_ID": 30022742.0, "NAME": "AGNES MACPHAIL PUBLIC SCHOOL", "SCHOOL_LEVEL": "None", "SCHOOL_TYPE": "EP", "BOARD_NAME": "Toronto District School Board", "SOURCE_ADDRESS": "112 GOLDHAWK TRL ", "SCHOOL_TYPE_DESC": "English Public", "ADDRESS_POINT_ID": 30022742, "ADDRESS_NUMBER": "112", "LINEAR_NAME_FULL": "Goldhawk Trl", "ADDRESS_FULL": "112 Goldhawk Trl", "POSTAL_CODE": "M1V 1W5", "MUNICIPALITY": "SC", "CITY": "SC", "PLACE_NAME": "None", "GENERAL_USE_CODE": 115001, "CENTRELINE_ID": 103439, "LO_NUM": 112, "LO_NUM_SUF": "None", "HI_NUM": null, "HI_NUM_SUF": "None", "LINEAR_NAME_ID": 7999.0 }, "geometry": { "type": "MultiPoint", "coordinates": [ [ -79.278553393545806, 43.819268975668997 ] ] } },
{ "type": "Feature", "properties": { "_id": 27, "OBJECTID": 126, "GEO_ID": 9655748.0, "NAME": "AL AZHAR ACADEMY OF CANADA SCHOOL & UMMAH NABAWIAH MOSQUE", "SCHOOL_LEVEL": "None", "SCHOOL_TYPE": "PR", "BOARD_NAME": "None", "SOURCE_ADDRESS": "2074 KIPLING AVE ", "SCHOOL_TYPE_DESC": "Private", "ADDRESS_POINT_ID": 9655748, "ADDRESS_NUMBER": "2074", "LINEAR_NAME_FULL": "Kipling Ave", "ADDRESS_FULL": "2074 Kipling Ave", "POSTAL_CODE": "M9W 4J9", "MUNICIPALITY": "ET", "CITY": "ET", "PLACE_NAME": "None", "GENERAL_USE_CODE": 115001, "CENTRELINE_ID": 9655707, "LO_NUM": 2074, "LO_NUM_SUF": "None", "HI_NUM": null, "HI_NUM_SUF": "None", "LINEAR_NAME_ID": 1935.0 }, "geometry": { "type": "MultiPoint", "coordinates": [ [ -79.569211623968599, 43.714876918525398 ] ] } },
{ "type": "Feature", "properties": { "_id": 28, "OBJECTID": 127, "GEO_ID": 2119588.0, "NAME": "AL AZHAR ISLAMIC SCHOOL", "SCHOOL_LEVEL": "None", "SCHOOL_TYPE": "PR", "BOARD_NAME": "None", "SOURCE_ADDRESS": "100 MCLEVIN AVE ", "SCHOOL_TYPE_DESC": "Private", "ADDRESS_POINT_ID": 2119588, "ADDRESS_NUMBER": "100", "LINEAR_NAME_FULL": "McLevin Ave", "ADDRESS_FULL": "100 McLevin Ave", "POSTAL_CODE": "M1B 5K1", "MUNICIPALITY": "SC", "CITY": "SC", "PLACE_NAME": "None", "GENERAL_USE_CODE": 115001, "CENTRELINE_ID": 2119589, "LO_NUM": 100, "LO_NUM_SUF": "None", "HI_NUM": null, "HI_NUM_SUF": "None", "LINEAR_NAME_ID": 8463.0 }, "geometry": { "type": "MultiPoint", "coordinates": [ [ -79.236575079913294, 43.801553947417197 ] ] } },
{ "type": "Feature", "properties": { "_id": 29, "OBJECTID": 128, "GEO_ID": 2119588.0, "NAME": "AL AZHAR ISLAMIC SCHOOL - MAIN OFFICE", "SCHOOL_LEVEL": "None", "SCHOOL_TYPE": "PR", "BOARD_NAME": "None", "SOURCE_ADDRESS": "100 MCLEVIN AVE ", "SCHOOL_TYPE_DESC": "Private", "ADDRESS_POINT_ID": 2119588, "ADDRESS_NUMBER": "100", "LINEAR_NAME_FULL": "McLevin Ave", "ADDRESS_FULL": "100 McLevin Ave", "POSTAL_CODE": "M1B 5K1", "MUNICIPALITY": "SC", "CITY": "SC", "PLACE_NAME": "None", "GENERAL_USE_CODE": 115001, "CENTRELINE_ID": 2119589, "LO_NUM": 100, "LO_NUM_SUF": "None", "HI_NUM": null, "HI_NUM_SUF": "None", "LINEAR_NAME_ID": 8463.0 }, "geometry": { "type": "MultiPoint", "coordinates": [ [ -79.236575079913294, 43.801553947417197 ] ] } },
{ "type": "Feature", "properties": { "_id": 30, "OBJECTID": 129, "GEO_ID": 376316.0, "NAME": "AL HAADI SCHOOL", "SCHOOL_LEVEL": "None", "SCHOOL_TYPE": "PR", "BOARD_NAME": "None", "SOURCE_ADDRESS": "690 PROGRESS AVE ", "SCHOOL_TYPE_DESC": "Private", "ADDRESS_POINT_ID": 376316, "ADDRESS_NUMBER": "690", "LINEAR_NAME_FULL": "Progress Ave", "ADDRESS_FULL": "690 Progress Ave", "POSTAL_CODE": "M1H 3A6", "MUNICIPALITY": "SC", "CITY": "SC", "PLACE_NAME": "None", "GENERAL_USE_CODE": 115001, "CENTRELINE_ID": 107416, "LO_NUM": 690, "LO_NUM_SUF": "None", "HI_NUM": null, "HI_NUM_SUF": "None", "LINEAR_NAME_ID": 8740.0 }, "geometry": { "type": "MultiPoint", "coordinates": [ [ -79.248403106822906, 43.777941595248002 ] ] } },
{ "type": "Feature", "properties": { "_id": 31, "OBJECTID": 130, "GEO_ID": 9655706.0, "NAME": "AL IKHLAAS FOUNDATION SCHOOL", "SCHOOL_LEVEL": "None", "SCHOOL_TYPE": "PR", "BOARD_NAME": "None", "SOURCE_ADDRESS": "2050 KIPLING AVE ", "SCHOOL_TYPE_DESC": "Private", "ADDRESS_POINT_ID": 9655706, "ADDRESS_NUMBER": "2050", "LINEAR_NAME_FULL": "Kipling Ave", "ADDRESS_FULL": "2050 Kipling Ave", "POSTAL_CODE": "M9W 4J9", "MUNICIPALITY": "ET", "CITY": "ET", "PLACE_NAME": "None", "GENERAL_USE_CODE": 115001, "CENTRELINE_ID": 30102657, "LO_NUM": 2050, "LO_NUM_SUF": "None", "HI_NUM": null, "HI_NUM_SUF": "None", "LINEAR_NAME_ID": 1935.0 }, "geometry": { "type": "MultiPoint", "coordinates": [ [ -79.568518312901702, 43.713331774829697 ] ] } },
{ "type": "Feature", "properties": { "_id": 32, "OBJECTID": 131, "GEO_ID": 508043.0, "NAME": "ALATHENA INTERNATIONAL ACADEMY - NORTH YORK", "SCHOOL_LEVEL": "None", "SCHOOL_TYPE": "PR", "BOARD_NAME": "None", "SOURCE_ADDRESS": "1446 DON MILLS RD ", "SCHOOL_TYPE_DESC": "Private", "ADDRESS_POINT_ID": 508043, "ADDRESS_NUMBER": "1446", "LINEAR_NAME_FULL": "Don Mills Rd", "ADDRESS_FULL": "1446 Don Mills Rd", "POSTAL_CODE": "M3B 3N3", "MUNICIPALITY": "NY", "CITY": "NY", "PLACE_NAME": "None", "GENERAL_USE_CODE": 115001, "CENTRELINE_ID": 441121, "LO_NUM": 1446, "LO_NUM_SUF": "None", "HI_NUM": null, "HI_NUM_SUF": "None", "LINEAR_NAME_ID": 100.0 }, "geometry": { "type": "MultiPoint", "coordinates": [ [ -79.347678800187097, 43.751622839109103 ] ] } },
{ "type": "Feature", "properties": { "_id": 33, "OBJECTID": 132, "GEO_ID": 9311804.0, "NAME": "ALATHENA INTERNATIONAL ACADEMY SECONDARY SCHOOL - SCARBOROUGH", "SCHOOL_LEVEL": "None", "SCHOOL_TYPE": "PR", "BOARD_NAME": "None", "SOURCE_ADDRESS": "1065 MCNICOLL AVE ", "SCHOOL_TYPE_DESC": "Private", "ADDRESS_POINT_ID": 9311804, "ADDRESS_NUMBER": "1065", "LINEAR_NAME_FULL": "McNicoll Ave", "ADDRESS_FULL": "1065 McNicoll Ave", "POSTAL_CODE": "M1W 3W6", "MUNICIPALITY": "SC", "CITY": "SC", "PLACE_NAME": "None", "GENERAL_USE_CODE": 115001, "CENTRELINE_ID": 9311781, "LO_NUM": 1065, "LO_NUM_SUF": "None", "HI_NUM": null, "HI_NUM_SUF": "None", "LINEAR_NAME_ID": 6195.0 }, "geometry": { "type": "MultiPoint", "coordinates": [ [ -79.332661593503801, 43.803681318051197 ] ] } },
{ "type": "Feature", "properties": { "_id": 34, "OBJECTID": 133, "GEO_ID": 508043.0, "NAME": "ALATHENA INTERNATIONAL ELEMENTARY SCHOOL", "SCHOOL_LEVEL": "None", "SCHOOL_TYPE": "PR", "BOARD_NAME": "None", "SOURCE_ADDRESS": "1446 DON MILLS RD ", "SCHOOL_TYPE_DESC": "Private", "ADDRESS_POINT_ID": 508043, "ADDRESS_NUMBER": "1446", "LINEAR_NAME_FULL": "Don Mills Rd", "ADDRESS_FULL": "1446 Don Mills Rd", "POSTAL_CODE": "M3B 3N3", "MUNICIPALITY": "NY", "CITY": "NY", "PLACE_NAME": "None", "GENERAL_USE_CODE": 115001, "CENTRELINE_ID": 441121, "LO_NUM": 1446, "LO_NUM_SUF": "None", "HI_NUM": null, "HI_NUM_SUF": "None", "LINEAR_NAME_ID": 100.0 }, "geometry": { "type": "MultiPoint", "coordinates": [ [ -79.347678800187097, 43.751622839109103 ] ] } },
{ "type": "Feature", "properties": { "_id": 35, "OBJECTID": 134, "GEO_ID": 7531001.0, "NAME": "ALBERT CAMPBELL COLLEGIATE INSTITUTE", "SCHOOL_LEVEL": "None", "SCHOOL_TYPE": "EP", "BOARD_NAME": "Toronto District School Board", "SOURCE_ADDRESS": "1550 SANDHURST CRCL ", "SCHOOL_TYPE_DESC": "English Public", "ADDRESS_POINT_ID": 7531001, "ADDRESS_NUMBER": "1550", "LINEAR_NAME_FULL": "Sandhurst Crcl", "ADDRESS_FULL": "1550 Sandhurst Crcl", "POSTAL_CODE": "M1V 1S6", "MUNICIPALITY": "SC", "CITY": "SC", "PLACE_NAME": "Albert Campbell Collegiate Institute", "GENERAL_USE_CODE": 115001, "CENTRELINE_ID": 7531000, "LO_NUM": 1550, "LO_NUM_SUF": "None", "HI_NUM": null, "HI_NUM_SUF": "None", "LINEAR_NAME_ID": 8871.0 }, "geometry": { "type": "MultiPoint", "coordinates": [ [ -79.272424472942006, 43.809262538314101 ] ] } },
{ "type": "Feature", "properties": { "_id": 36, "OBJECTID": 135, "GEO_ID": 10133520.0, "NAME": "ALBION HEIGHTS JR MDL SCHOOL", "SCHOOL_LEVEL": "None", "SCHOOL_TYPE": "EP", "BOARD_NAME": "Toronto District School Board", "SOURCE_ADDRESS": "45 LYNMONT RD ", "SCHOOL_TYPE_DESC": "English Public", "ADDRESS_POINT_ID": 10133520, "ADDRESS_NUMBER": "45", "LINEAR_NAME_FULL": "Lynmont Rd", "ADDRESS_FULL": "45 Lynmont Rd", "POSTAL_CODE": "M9V 3W9", "MUNICIPALITY": "ET", "CITY": "ET", "PLACE_NAME": "Albion Heights Junior Middle School", "GENERAL_USE_CODE": 115001, "CENTRELINE_ID": 30065224, "LO_NUM": 45, "LO_NUM_SUF": "None", "HI_NUM": null, "HI_NUM_SUF": "None", "LINEAR_NAME_ID": 2033.0 }, "geometry": { "type": "MultiPoint", "coordinates": [ [ -79.594315495893099, 43.731388263978701 ] ] } },
{ "type": "Feature", "properties": { "_id": 37, "OBJECTID": 136, "GEO_ID": 982437.0, "NAME": "ALBION LINC ", "SCHOOL_LEVEL": "None", "SCHOOL_TYPE": "EP", "BOARD_NAME": "Toronto District School Board", "SOURCE_ADDRESS": "1530 ALBION RD ", "SCHOOL_TYPE_DESC": "English Public", "ADDRESS_POINT_ID": 982437, "ADDRESS_NUMBER": "1530", "LINEAR_NAME_FULL": "Albion Rd", "ADDRESS_FULL": "1530 Albion Rd", "POSTAL_CODE": "M9V 1B4", "MUNICIPALITY": "ET", "CITY": "ET", "PLACE_NAME": "None", "GENERAL_USE_CODE": 115001, "CENTRELINE_ID": 906946, "LO_NUM": 1530, "LO_NUM_SUF": "None", "HI_NUM": null, "HI_NUM_SUF": "None", "LINEAR_NAME_ID": 1012.0 }, "geometry": { "type": "MultiPoint", "coordinates": [ [ -79.584602137996498, 43.741762540540101 ] ] } },
{ "type": "Feature", "properties": { "_id": 38, "OBJECTID": 137, "GEO_ID": 11125044.0, "NAME": "ALBORZ EDUCATION CENTRE", "SCHOOL_LEVEL": "None", "SCHOOL_TYPE": "PR", "BOARD_NAME": "None", "SOURCE_ADDRESS": "20 TANGREEN CRT ", "SCHOOL_TYPE_DESC": "Private", "ADDRESS_POINT_ID": 11125044, "ADDRESS_NUMBER": "20", "LINEAR_NAME_FULL": "Tangreen Crt", "ADDRESS_FULL": "20 Tangreen Crt", "POSTAL_CODE": "M2M 3Y9", "MUNICIPALITY": "NY", "CITY": "NY", "PLACE_NAME": "None", "GENERAL_USE_CODE": 115001, "CENTRELINE_ID": 11125045, "LO_NUM": 20, "LO_NUM_SUF": "None", "HI_NUM": null, "HI_NUM_SUF": "None", "LINEAR_NAME_ID": 6855.0 }, "geometry": { "type": "MultiPoint", "coordinates": [ [ -79.426507253527205, 43.795455502925201 ] ] } },
{ "type": "Feature", "properties": { "_id": 39, "OBJECTID": 138, "GEO_ID": 10527839.0, "NAME": "ALEXANDER MUIR GLADSTONE AVE & THE GROVE", "SCHOOL_LEVEL": "None", "SCHOOL_TYPE": "EP", "BOARD_NAME": "Toronto District School Board", "SOURCE_ADDRESS": "108 GLADSTONE AVE ", "SCHOOL_TYPE_DESC": "English Public", "ADDRESS_POINT_ID": 10527839, "ADDRESS_NUMBER": "108", "LINEAR_NAME_FULL": "Gladstone Ave", "ADDRESS_FULL": "108 Gladstone Ave", "POSTAL_CODE": "M6J 3L2", "MUNICIPALITY": "TO", "CITY": "TO", "PLACE_NAME": "Alexander Muir/Gladstone Ave Junior and Senior Public School", "GENERAL_USE_CODE": 115001, "CENTRELINE_ID": 10527836, "LO_NUM": 108, "LO_NUM_SUF": "None", "HI_NUM": null, "HI_NUM_SUF": "None", "LINEAR_NAME_ID": 3506.0 }, "geometry": { "type": "MultiPoint", "coordinates": [ [ -79.428847263157095, 43.6460212506421 ] ] } },
{ "type": "Feature", "properties": { "_id": 40, "OBJECTID": 139, "GEO_ID": 333733.0, "NAME": "ALEXANDER STIRLING PUBLIC SCHOOL", "SCHOOL_LEVEL": "None", "SCHOOL_TYPE": "EP", "BOARD_NAME": "Toronto District School Board", "SOURCE_ADDRESS": "70 FAWCETT TRL ", "SCHOOL_TYPE_DESC": "English Public", "ADDRESS_POINT_ID": 333733, "ADDRESS_NUMBER": "70", "LINEAR_NAME_FULL": "Fawcett Trl", "ADDRESS_FULL": "70 Fawcett Trl", "POSTAL_CODE": "M1B 3A9", "MUNICIPALITY": "SC", "CITY": "SC", "PLACE_NAME": "Alexander Stirling Public School", "GENERAL_USE_CODE": 115001, "CENTRELINE_ID": 103838, "LO_NUM": 70, "LO_NUM_SUF": "None", "HI_NUM": null, "HI_NUM_SUF": "None", "LINEAR_NAME_ID": 7886.0 }, "geometry": { "type": "MultiPoint", "coordinates": [ [ -79.207605940494602, 43.8116563341027 ] ] } },
{ "type": "Feature", "properties": { "_id": 41, "OBJECTID": 140, "GEO_ID": 300827.0, "NAME": "ALEXMUIR JR PUBLIC SCHOOL", "SCHOOL_LEVEL": "None", "SCHOOL_TYPE": "EP", "BOARD_NAME": "Toronto District School Board", "SOURCE_ADDRESS": "95 ALEXMUIR BLVD ", "SCHOOL_TYPE_DESC": "English Public", "ADDRESS_POINT_ID": 300827, "ADDRESS_NUMBER": "95", "LINEAR_NAME_FULL": "Alexmuir Blvd", "ADDRESS_FULL": "95 Alexmuir Blvd", "POSTAL_CODE": "M1V 1H6", "MUNICIPALITY": "SC", "CITY": "SC", "PLACE_NAME": "Alexmuir Junior Public School", "GENERAL_USE_CODE": 115001, "CENTRELINE_ID": 104290, "LO_NUM": 95, "LO_NUM_SUF": "None", "HI_NUM": null, "HI_NUM_SUF": "None", "LINEAR_NAME_ID": 7182.0 }, "geometry": { "type": "MultiPoint", "coordinates": [ [ -79.285613490305806, 43.809109322683 ] ] } },
{ "type": "Feature", "properties": { "_id": 42, "OBJECTID": 141, "GEO_ID": 1027287.0, "NAME": "AL-HIDAYAH ACADEMY SCHOOL", "SCHOOL_LEVEL": "None", "SCHOOL_TYPE": "PR", "BOARD_NAME": "None", "SOURCE_ADDRESS": "65 REXDALE BLVD ", "SCHOOL_TYPE_DESC": "Private", "ADDRESS_POINT_ID": 1027287, "ADDRESS_NUMBER": "65", "LINEAR_NAME_FULL": "Rexdale Blvd", "ADDRESS_FULL": "65 Rexdale Blvd", "POSTAL_CODE": "M9W 1P1", "MUNICIPALITY": "ET", "CITY": "ET", "PLACE_NAME": "None", "GENERAL_USE_CODE": 115001, "CENTRELINE_ID": 908025, "LO_NUM": 65, "LO_NUM_SUF": "None", "HI_NUM": null, "HI_NUM_SUF": "None", "LINEAR_NAME_ID": 2361.0 }, "geometry": { "type": "MultiPoint", "coordinates": [ [ -79.560003318024002, 43.712692116506098 ] ] } },
{ "type": "Feature", "properties": { "_id": 43, "OBJECTID": 142, "GEO_ID": 9779413.0, "NAME": "ALIF CANADA ELEMENTARY SCHOOL", "SCHOOL_LEVEL": "None", "SCHOOL_TYPE": "PR", "BOARD_NAME": "None", "SOURCE_ADDRESS": "505 ELLESMERE RD ", "SCHOOL_TYPE_DESC": "Private", "ADDRESS_POINT_ID": 9779413, "ADDRESS_NUMBER": "505", "LINEAR_NAME_FULL": "Ellesmere Rd", "ADDRESS_FULL": "505 Ellesmere Rd", "POSTAL_CODE": "M1R 4E5", "MUNICIPALITY": "SC", "CITY": "SC", "PLACE_NAME": "Vineyard Christian Fellowship-Sc", "GENERAL_USE_CODE": 115001, "CENTRELINE_ID": 30101335, "LO_NUM": 505, "LO_NUM_SUF": "None", "HI_NUM": null, "HI_NUM_SUF": "None", "LINEAR_NAME_ID": 7835.0 }, "geometry": { "type": "MultiPoint", "coordinates": [ [ -79.294921296979894, 43.762156755134598 ] ] } },
{ "type": "Feature", "properties": { "_id": 44, "OBJECTID": 143, "GEO_ID": 881213.0, "NAME": "ALIVE MONTESSORI AND PRIVATE SCHOOL", "SCHOOL_LEVEL": "None", "SCHOOL_TYPE": "PR", "BOARD_NAME": "None", "SOURCE_ADDRESS": "2 WEMBLEY RD ", "SCHOOL_TYPE_DESC": "Private", "ADDRESS_POINT_ID": 881213, "ADDRESS_NUMBER": "2", "LINEAR_NAME_FULL": "Wembley Rd", "ADDRESS_FULL": "2 Wembley Rd", "POSTAL_CODE": "M6C 2E9", "MUNICIPALITY": "TO", "CITY": "TO", "PLACE_NAME": "Forest Hill United Church", "GENERAL_USE_CODE": 115001, "CENTRELINE_ID": 1138717, "LO_NUM": 2, "LO_NUM_SUF": "None", "HI_NUM": null, "HI_NUM_SUF": "None", "LINEAR_NAME_ID": 4656.0 }, "geometry": { "type": "MultiPoint", "coordinates": [ [ -79.426060759841107, 43.701886953878699 ] ] } },
{ "type": "Feature", "properties": { "_id": 45, "OBJECTID": 144, "GEO_ID": 1029710.0, "NAME": "ALL SAINTS CATHOLIC ELEMENTARY SCHOOL", "SCHOOL_LEVEL": "None", "SCHOOL_TYPE": "ES", "BOARD_NAME": "Toronto Catholic District School Board", "SOURCE_ADDRESS": "1435 ROYAL YORK RD ", "SCHOOL_TYPE_DESC": "English Separate", "ADDRESS_POINT_ID": 1029710, "ADDRESS_NUMBER": "1435", "LINEAR_NAME_FULL": "Royal York Rd", "ADDRESS_FULL": "1435 Royal York Rd", "POSTAL_CODE": "M9P 3A7", "MUNICIPALITY": "ET", "CITY": "ET", "PLACE_NAME": "All Saints Catholic School", "GENERAL_USE_CODE": 115001, "CENTRELINE_ID": 909246, "LO_NUM": 1435, "LO_NUM_SUF": "None", "HI_NUM": null, "HI_NUM_SUF": "None", "LINEAR_NAME_ID": 2413.0 }, "geometry": { "type": "MultiPoint", "coordinates": [ [ -79.527081121770706, 43.685221629820198 ] ] } },
{ "type": "Feature", "properties": { "_id": 46, "OBJECTID": 145, "GEO_ID": 873148.0, "NAME": "ALLENBY JR PUBLIC SCHOOL", "SCHOOL_LEVEL": "None", "SCHOOL_TYPE": "EP", "BOARD_NAME": "Toronto District School Board", "SOURCE_ADDRESS": "391 ST CLEMENTS AVE ", "SCHOOL_TYPE_DESC": "English Public", "ADDRESS_POINT_ID": 873148, "ADDRESS_NUMBER": "391", "LINEAR_NAME_FULL": "St Clements Ave", "ADDRESS_FULL": "391 St Clements Ave", "POSTAL_CODE": "M5N 1M2", "MUNICIPALITY": "TO", "CITY": "TO", "PLACE_NAME": "Allenby Junior Public School", "GENERAL_USE_CODE": 115001, "CENTRELINE_ID": 1138238, "LO_NUM": 391, "LO_NUM_SUF": "None", "HI_NUM": null, "HI_NUM_SUF": "None", "LINEAR_NAME_ID": 4446.0 }, "geometry": { "type": "MultiPoint", "coordinates": [ [ -79.412787731827805, 43.709435642859503 ] ] } },
{ "type": "Feature", "properties": { "_id": 47, "OBJECTID": 146, "GEO_ID": 4368161.0, "NAME": "AL-MADRASAH AL-INAMIYYAH PRIVATE SCHOOL", "SCHOOL_LEVEL": "None", "SCHOOL_TYPE": "PR", "BOARD_NAME": "None", "SOURCE_ADDRESS": "3665 LAWRENCE AVE E", "SCHOOL_TYPE_DESC": "Private", "ADDRESS_POINT_ID": 4368161, "ADDRESS_NUMBER": "3665", "LINEAR_NAME_FULL": "Lawrence Ave E", "ADDRESS_FULL": "3665 Lawrence Ave E", "POSTAL_CODE": "M1G 1P7", "MUNICIPALITY": "SC", "CITY": "SC", "PLACE_NAME": "None", "GENERAL_USE_CODE": 115001, "CENTRELINE_ID": 4368146, "LO_NUM": 3665, "LO_NUM_SUF": "None", "HI_NUM": null, "HI_NUM_SUF": "None", "LINEAR_NAME_ID": 3828.0 }, "geometry": { "type": "MultiPoint", "coordinates": [ [ -79.220419602151907, 43.7603212832081 ] ] } },
{ "type": "Feature", "properties": { "_id": 48, "OBJECTID": 147, "GEO_ID": 3948771.0, "NAME": "ALPHA ALTERNATIVE & OASIS ALTERNATIVE", "SCHOOL_LEVEL": "None", "SCHOOL_TYPE": "EP", "BOARD_NAME": "Toronto District School Board", "SOURCE_ADDRESS": "20 BRANT ST ", "SCHOOL_TYPE_DESC": "English Public", "ADDRESS_POINT_ID": 3948771, "ADDRESS_NUMBER": "20", "LINEAR_NAME_FULL": "Brant St", "ADDRESS_FULL": "20 Brant St", "POSTAL_CODE": "M5V 2M1", "MUNICIPALITY": "TO", "CITY": "TO", "PLACE_NAME": "ALPHA Alternative Junior School", "GENERAL_USE_CODE": 115001, "CENTRELINE_ID": 14036014, "LO_NUM": 20, "LO_NUM_SUF": "None", "HI_NUM": null, "HI_NUM_SUF": "None", "LINEAR_NAME_ID": 3055.0 }, "geometry": { "type": "MultiPoint", "coordinates": [ [ -79.398222584743195, 43.645722033171097 ] ] } },
{ "type": "Feature", "properties": { "_id": 49, "OBJECTID": 148, "GEO_ID": 30025396.0, "NAME": "ALPHA QUALITY EDUCATION SCHOOL", "SCHOOL_LEVEL": "None", "SCHOOL_TYPE": "PR", "BOARD_NAME": "None", "SOURCE_ADDRESS": "6120A YONGE ST ", "SCHOOL_TYPE_DESC": "Private", "ADDRESS_POINT_ID": 30025396, "ADDRESS_NUMBER": "6120A", "LINEAR_NAME_FULL": "Yonge St", "ADDRESS_FULL": "6120A Yonge St", "POSTAL_CODE": "M2M 3W7", "MUNICIPALITY": "NY", "CITY": "NY", "PLACE_NAME": "None", "GENERAL_USE_CODE": 115001, "CENTRELINE_ID": 436914, "LO_NUM": 6120, "LO_NUM_SUF": "A", "HI_NUM": null, "HI_NUM_SUF": "None", "LINEAR_NAME_ID": 4733.0 }, "geometry": { "type": "MultiPoint", "coordinates": [ [ -79.418932071580997, 43.791622261294897 ] ] } },
{ "type": "Feature", "properties": { "_id": 50, "OBJECTID": 149, "GEO_ID": 11512110.0, "NAME": "AL-QASIM ACADEMY", "SCHOOL_LEVEL": "None", "SCHOOL_TYPE": "PR", "BOARD_NAME": "None", "SOURCE_ADDRESS": "3482 LAWRENCE AVE E", "SCHOOL_TYPE_DESC": "Private", "ADDRESS_POINT_ID": 11512110, "ADDRESS_NUMBER": "3482", "LINEAR_NAME_FULL": "Lawrence Ave E", "ADDRESS_FULL": "3482 Lawrence Ave E", "POSTAL_CODE": "M1H 3E5", "MUNICIPALITY": "SC", "CITY": "SC", "PLACE_NAME": "None", "GENERAL_USE_CODE": 115001, "CENTRELINE_ID": 11485087, "LO_NUM": 3482, "LO_NUM_SUF": "None", "HI_NUM": null, "HI_NUM_SUF": "None", "LINEAR_NAME_ID": 3828.0 }, "geometry": { "type": "MultiPoint", "coordinates": [ [ -79.227098041575303, 43.760129172877598 ] ] } },
{ "type": "Feature", "properties": { "_id": 51, "OBJECTID": 150, "GEO_ID": 30033029.0, "NAME": "ALVIN CURLING PUBLIC SCHOOL", "SCHOOL_LEVEL": "None", "SCHOOL_TYPE": "EP", "BOARD_NAME": "Toronto District School Board", "SOURCE_ADDRESS": "50 UPPER ROUGE TRL ", "SCHOOL_TYPE_DESC": "English Public", "ADDRESS_POINT_ID": 30033029, "ADDRESS_NUMBER": "50", "LINEAR_NAME_FULL": "Upper Rouge Trl", "ADDRESS_FULL": "50 Upper Rouge Trl", "POSTAL_CODE": "M1B 6K4", "MUNICIPALITY": "SC", "CITY": "SC", "PLACE_NAME": "Alvin Curling Public School", "GENERAL_USE_CODE": 115001, "CENTRELINE_ID": 20057597, "LO_NUM": 50, "LO_NUM_SUF": "None", "HI_NUM": null, "HI_NUM_SUF": "None", "LINEAR_NAME_ID": 18115.0 }, "geometry": { "type": "MultiPoint", "coordinates": [ [ -79.190239250526105, 43.808481656281501 ] ] } },
{ "type": "Feature", "properties": { "_id": 52, "OBJECTID": 151, "GEO_ID": 9187246.0, "NAME": "AMAIRAH PRIVATE SCHOOL", "SCHOOL_LEVEL": "None", "SCHOOL_TYPE": "PR", "BOARD_NAME": "None", "SOURCE_ADDRESS": "1625 ALBION RD ", "SCHOOL_TYPE_DESC": "Private", "ADDRESS_POINT_ID": 9187246, "ADDRESS_NUMBER": "1625", "LINEAR_NAME_FULL": "Albion Rd", "ADDRESS_FULL": "1625 Albion Rd", "POSTAL_CODE": "M9V 5H8", "MUNICIPALITY": "ET", "CITY": "ET", "PLACE_NAME": "None", "GENERAL_USE_CODE": 115001, "CENTRELINE_ID": 9187244, "LO_NUM": 1625, "LO_NUM_SUF": "None", "HI_NUM": null, "HI_NUM_SUF": "None", "LINEAR_NAME_ID": 1012.0 }, "geometry": { "type": "MultiPoint", "coordinates": [ [ -79.594595316847304, 43.7417121222243 ] ] } },
{ "type": "Feature", "properties": { "_id": 53, "OBJECTID": 152, "GEO_ID": 334373.0, "NAME": "AMANAH ACADEMY NORTH AMERICA FOUNDATION SCHOOL", "SCHOOL_LEVEL": "None", "SCHOOL_TYPE": "PR", "BOARD_NAME": "None", "SOURCE_ADDRESS": "4140 FINCH AVE E", "SCHOOL_TYPE_DESC": "Private", "ADDRESS_POINT_ID": 334373, "ADDRESS_NUMBER": "4140", "LINEAR_NAME_FULL": "Finch Ave E", "ADDRESS_FULL": "4140 Finch Ave E", "POSTAL_CODE": "M1S 3T9", "MUNICIPALITY": "SC", "CITY": "SC", "PLACE_NAME": "None", "GENERAL_USE_CODE": 115001, "CENTRELINE_ID": 104799, "LO_NUM": 4140, "LO_NUM_SUF": "None", "HI_NUM": null, "HI_NUM_SUF": "None", "LINEAR_NAME_ID": 5589.0 }, "geometry": { "type": "MultiPoint", "coordinates": [ [ -79.290149615340198, 43.803573092605497 ] ] } },
{ "type": "Feature", "properties": { "_id": 54, "OBJECTID": 153, "GEO_ID": 13503328.0, "NAME": "AMBERWOOD ACADEMY", "SCHOOL_LEVEL": "None", "SCHOOL_TYPE": "PR", "BOARD_NAME": "None", "SOURCE_ADDRESS": "201 CONSUMERS RD ", "SCHOOL_TYPE_DESC": "Private", "ADDRESS_POINT_ID": 13503328, "ADDRESS_NUMBER": "201", "LINEAR_NAME_FULL": "Consumers Rd", "ADDRESS_FULL": "201 Consumers Rd", "POSTAL_CODE": "M2J 4G8", "MUNICIPALITY": "NY", "CITY": "NY", "PLACE_NAME": "None", "GENERAL_USE_CODE": 115001, "CENTRELINE_ID": 438551, "LO_NUM": 201, "LO_NUM_SUF": "None", "HI_NUM": null, "HI_NUM_SUF": "None", "LINEAR_NAME_ID": 5264.0 }, "geometry": { "type": "MultiPoint", "coordinates": [ [ -79.332248867455306, 43.772101375736497 ] ] } },
{ "type": "Feature", "properties": { "_id": 55, "OBJECTID": 154, "GEO_ID": 10035747.0, "NAME": "AMESBURY MDL SCHOOL", "SCHOOL_LEVEL": "None", "SCHOOL_TYPE": "EP", "BOARD_NAME": "Toronto District School Board", "SOURCE_ADDRESS": "201 GRACEFIELD AVE ", "SCHOOL_TYPE_DESC": "English Public", "ADDRESS_POINT_ID": 10035747, "ADDRESS_NUMBER": "201", "LINEAR_NAME_FULL": "Gracefield Ave", "ADDRESS_FULL": "201 Gracefield Ave", "POSTAL_CODE": "M6L 1L7", "MUNICIPALITY": "NY", "CITY": "NY", "PLACE_NAME": "Amesbury Middle School", "GENERAL_USE_CODE": 115001, "CENTRELINE_ID": 10035736, "LO_NUM": 201, "LO_NUM_SUF": "None", "HI_NUM": null, "HI_NUM_SUF": "None", "LINEAR_NAME_ID": 5729.0 }, "geometry": { "type": "MultiPoint", "coordinates": [ [ -79.493644292542101, 43.708387702228897 ] ] } },
{ "type": "Feature", "properties": { "_id": 56, "OBJECTID": 155, "GEO_ID": 482522.0, "NAME": "ANCASTER PUBLIC SCHOOL", "SCHOOL_LEVEL": "None", "SCHOOL_TYPE": "EP", "BOARD_NAME": "Toronto District School Board", "SOURCE_ADDRESS": "44 ANCASTER RD ", "SCHOOL_TYPE_DESC": "English Public", "ADDRESS_POINT_ID": 482522, "ADDRESS_NUMBER": "44", "LINEAR_NAME_FULL": "Ancaster Rd", "ADDRESS_FULL": "44 Ancaster Rd", "POSTAL_CODE": "M3K 1S6", "MUNICIPALITY": "NY", "CITY": "NY", "PLACE_NAME": "Ancaster Public School", "GENERAL_USE_CODE": 115001, "CENTRELINE_ID": 30093012, "LO_NUM": 44, "LO_NUM_SUF": "None", "HI_NUM": null, "HI_NUM_SUF": "None", "LINEAR_NAME_ID": 4795.0 }, "geometry": { "type": "MultiPoint", "coordinates": [ [ -79.466992627169404, 43.732866171726002 ] ] } },
{ "type": "Feature", "properties": { "_id": 57, "OBJECTID": 156, "GEO_ID": 7992305.0, "NAME": "ANNETTE ST JR SR & HIGH PARK ALTERNATIVE JR", "SCHOOL_LEVEL": "None", "SCHOOL_TYPE": "EP", "BOARD_NAME": "Toronto District School Board", "SOURCE_ADDRESS": "265 ANNETTE ST ", "SCHOOL_TYPE_DESC": "English Public", "ADDRESS_POINT_ID": 7992305, "ADDRESS_NUMBER": "265", "LINEAR_NAME_FULL": "Annette St", "ADDRESS_FULL": "265 Annette St", "POSTAL_CODE": "M6P 1R3", "MUNICIPALITY": "TO", "CITY": "TO", "PLACE_NAME": "Annette Street Junior and Senior Public School", "GENERAL_USE_CODE": 115001, "CENTRELINE_ID": 7987734, "LO_NUM": 265, "LO_NUM_SUF": "None", "HI_NUM": null, "HI_NUM_SUF": "None", "LINEAR_NAME_ID": 2890.0 }, "geometry": { "type": "MultiPoint", "coordinates": [ [ -79.472831279759205, 43.661423185901903 ] ] } },
{ "type": "Feature", "properties": { "_id": 58, "OBJECTID": 157, "GEO_ID": 485399.0, "NAME": "ANNUNCIATION CATHOLIC ELEMENTARY SCHOOL", "SCHOOL_LEVEL": "None", "SCHOOL_TYPE": "ES", "BOARD_NAME": "Toronto Catholic District School Board", "SOURCE_ADDRESS": "65 AVONWICK GT ", "SCHOOL_TYPE_DESC": "English Separate", "ADDRESS_POINT_ID": 485399, "ADDRESS_NUMBER": "65", "LINEAR_NAME_FULL": "Avonwick Gt", "ADDRESS_FULL": "65 Avonwick Gt", "POSTAL_CODE": "M3A 2M8", "MUNICIPALITY": "NY", "CITY": "NY", "PLACE_NAME": "Annunciation Catholic School", "GENERAL_USE_CODE": 115001, "CENTRELINE_ID": 440701, "LO_NUM": 65, "LO_NUM_SUF": "None", "HI_NUM": null, "HI_NUM_SUF": "None", "LINEAR_NAME_ID": 4855.0 }, "geometry": { "type": "MultiPoint", "coordinates": [ [ -79.321050327859695, 43.753114481091202 ] ] } },
{ "type": "Feature", "properties": { "_id": 59, "OBJECTID": 158, "GEO_ID": 358063.0, "NAME": "ANSON PARK PUBLIC SCHOOL", "SCHOOL_LEVEL": "None", "SCHOOL_TYPE": "EP", "BOARD_NAME": "Toronto District School Board", "SOURCE_ADDRESS": "30 MACDUFF CRES ", "SCHOOL_TYPE_DESC": "English Public", "ADDRESS_POINT_ID": 358063, "ADDRESS_NUMBER": "30", "LINEAR_NAME_FULL": "Macduff Cres", "ADDRESS_FULL": "30 Macduff Cres", "POSTAL_CODE": "M1M 1X5", "MUNICIPALITY": "SC", "CITY": "SC", "PLACE_NAME": "Anson Park Public School", "GENERAL_USE_CODE": 115001, "CENTRELINE_ID": 111602, "LO_NUM": 30, "LO_NUM_SUF": "None", "HI_NUM": null, "HI_NUM_SUF": "None", "LINEAR_NAME_ID": 8385.0 }, "geometry": { "type": "MultiPoint", "coordinates": [ [ -79.241115420169393, 43.726128916566701 ] ] } },
{ "type": "Feature", "properties": { "_id": 60, "OBJECTID": 159, "GEO_ID": 374465.0, "NAME": "ANSON S TAYLOR JR PUBLIC SCHOOL ", "SCHOOL_LEVEL": "None", "SCHOOL_TYPE": "EP", "BOARD_NAME": "Toronto District School Board", "SOURCE_ADDRESS": "20 PLACENTIA BLVD ", "SCHOOL_TYPE_DESC": "English Public", "ADDRESS_POINT_ID": 374465, "ADDRESS_NUMBER": "20", "LINEAR_NAME_FULL": "Placentia Blvd", "ADDRESS_FULL": "20 Placentia Blvd", "POSTAL_CODE": "M1S 4C5", "MUNICIPALITY": "SC", "CITY": "SC", "PLACE_NAME": "Anson S Taylor Junior Public School", "GENERAL_USE_CODE": 115001, "CENTRELINE_ID": 104662, "LO_NUM": 20, "LO_NUM_SUF": "None", "HI_NUM": null, "HI_NUM_SUF": "None", "LINEAR_NAME_ID": 8711.0 }, "geometry": { "type": "MultiPoint", "coordinates": [ [ -79.261561335644402, 43.8042919764275 ] ] } },
{ "type": "Feature", "properties": { "_id": 61, "OBJECTID": 160, "GEO_ID": 561942.0, "NAME": "APOLLO HIGH SCHOOL", "SCHOOL_LEVEL": "None", "SCHOOL_TYPE": "PR", "BOARD_NAME": "None", "SOURCE_ADDRESS": "80 SHEPPARD AVE W", "SCHOOL_TYPE_DESC": "Private", "ADDRESS_POINT_ID": 561942, "ADDRESS_NUMBER": "80", "LINEAR_NAME_FULL": "Sheppard Ave W", "ADDRESS_FULL": "80 Sheppard Ave W", "POSTAL_CODE": "M2N 1M2", "MUNICIPALITY": "NY", "CITY": "NY", "PLACE_NAME": "None", "GENERAL_USE_CODE": 115001, "CENTRELINE_ID": 439896, "LO_NUM": 80, "LO_NUM_SUF": "None", "HI_NUM": null, "HI_NUM_SUF": "None", "LINEAR_NAME_ID": 6699.0 }, "geometry": { "type": "MultiPoint", "coordinates": [ [ -79.415046991586905, 43.7608557185021 ] ] } },
{ "type": "Feature", "properties": { "_id": 62, "OBJECTID": 161, "GEO_ID": 3107754.0, "NAME": "ARBOR GLEN PUBLIC SCHOOL", "SCHOOL_LEVEL": "None", "SCHOOL_TYPE": "EP", "BOARD_NAME": "Toronto District School Board", "SOURCE_ADDRESS": "55 FRESHMEADOW DR ", "SCHOOL_TYPE_DESC": "English Public", "ADDRESS_POINT_ID": 3107754, "ADDRESS_NUMBER": "55", "LINEAR_NAME_FULL": "Freshmeadow Dr", "ADDRESS_FULL": "55 Freshmeadow Dr", "POSTAL_CODE": "M2H 3H6", "MUNICIPALITY": "NY", "CITY": "NY", "PLACE_NAME": "Arbor Glen Public School", "GENERAL_USE_CODE": 115001, "CENTRELINE_ID": 3107766, "LO_NUM": 55, "LO_NUM_SUF": "None", "HI_NUM": null, "HI_NUM_SUF": "None", "LINEAR_NAME_ID": 5647.0 }, "geometry": { "type": "MultiPoint", "coordinates": [ [ -79.3557094447754, 43.809486386735301 ] ] } },
{ "type": "Feature", "properties": { "_id": 63, "OBJECTID": 162, "GEO_ID": 576041.0, "NAME": "ARMOUR HEIGHTS PUBLIC SCHOOL ", "SCHOOL_LEVEL": "None", "SCHOOL_TYPE": "EP", "BOARD_NAME": "Toronto District School Board", "SOURCE_ADDRESS": "148 WILSON AVE ", "SCHOOL_TYPE_DESC": "English Public", "ADDRESS_POINT_ID": 576041, "ADDRESS_NUMBER": "148", "LINEAR_NAME_FULL": "Wilson Ave", "ADDRESS_FULL": "148 Wilson Ave", "POSTAL_CODE": "M5M 3A5", "MUNICIPALITY": "NY", "CITY": "NY", "PLACE_NAME": "Armour Heights Public School", "GENERAL_USE_CODE": 115001, "CENTRELINE_ID": 20055791, "LO_NUM": 148, "LO_NUM_SUF": "None", "HI_NUM": null, "HI_NUM_SUF": "None", "LINEAR_NAME_ID": 4693.0 }, "geometry": { "type": "MultiPoint", "coordinates": [ [ -79.419522278757796, 43.740910043247801 ] ] } },
{ "type": "Feature", "properties": { "_id": 64, "OBJECTID": 163, "GEO_ID": 871450.0, "NAME": "ARROWSMITH SCHOOL - BLDG 1", "SCHOOL_LEVEL": "None", "SCHOOL_TYPE": "PR", "BOARD_NAME": "None", "SOURCE_ADDRESS": "245 ST CLAIR AVE W", "SCHOOL_TYPE_DESC": "Private", "ADDRESS_POINT_ID": 871450, "ADDRESS_NUMBER": "245", "LINEAR_NAME_FULL": "St Clair Ave W", "ADDRESS_FULL": "245 St Clair Ave W", "POSTAL_CODE": "M4V 1R3", "MUNICIPALITY": "TO", "CITY": "TO", "PLACE_NAME": "None", "GENERAL_USE_CODE": 115001, "CENTRELINE_ID": 1139588, "LO_NUM": 245, "LO_NUM_SUF": "None", "HI_NUM": null, "HI_NUM_SUF": "None", "LINEAR_NAME_ID": 890.0 }, "geometry": { "type": "MultiPoint", "coordinates": [ [ -79.405797416155494, 43.685489320460498 ] ] } },
{ "type": "Feature", "properties": { "_id": 65, "OBJECTID": 164, "GEO_ID": 871449.0, "NAME": "ARROWSMITH SCHOOL - BLDG 2", "SCHOOL_LEVEL": "None", "SCHOOL_TYPE": "PR", "BOARD_NAME": "None", "SOURCE_ADDRESS": "243 ST CLAIR AVE W", "SCHOOL_TYPE_DESC": "Private", "ADDRESS_POINT_ID": 871449, "ADDRESS_NUMBER": "243", "LINEAR_NAME_FULL": "St Clair Ave W", "ADDRESS_FULL": "243 St Clair Ave W", "POSTAL_CODE": "None", "MUNICIPALITY": "TO", "CITY": "TO", "PLACE_NAME": "Russian Orthodox Church", "GENERAL_USE_CODE": 115001, "CENTRELINE_ID": 1139588, "LO_NUM": 243, "LO_NUM_SUF": "None", "HI_NUM": null, "HI_NUM_SUF": "None", "LINEAR_NAME_ID": 890.0 }, "geometry": { "type": "MultiPoint", "coordinates": [ [ -79.405685401331894, 43.685502802062203 ] ] } },
{ "type": "Feature", "properties": { "_id": 66, "OBJECTID": 165, "GEO_ID": 13516164.0, "NAME": "ASSOCIATED HEBREW JR SCHOOL - POSLUNS CAMPUS", "SCHOOL_LEVEL": "None", "SCHOOL_TYPE": "PR", "BOARD_NAME": "None", "SOURCE_ADDRESS": "18 NEPTUNE DR ", "SCHOOL_TYPE_DESC": "Private", "ADDRESS_POINT_ID": 13516164, "ADDRESS_NUMBER": "18", "LINEAR_NAME_FULL": "Neptune Dr", "ADDRESS_FULL": "18 Neptune Dr", "POSTAL_CODE": "M6A 1X1", "MUNICIPALITY": "NY", "CITY": "NY", "PLACE_NAME": "None", "GENERAL_USE_CODE": 115001, "CENTRELINE_ID": 10367830, "LO_NUM": 18, "LO_NUM_SUF": "None", "HI_NUM": null, "HI_NUM_SUF": "None", "LINEAR_NAME_ID": 6275.0 }, "geometry": { "type": "MultiPoint", "coordinates": [ [ -79.434252635931699, 43.731499386208498 ] ] } },
{ "type": "Feature", "properties": { "_id": 67, "OBJECTID": 166, "GEO_ID": 11129594.0, "NAME": "ASSOCIATED HEBREW MIDDLE SCHOOL - HURWICH CAMPUS", "SCHOOL_LEVEL": "None", "SCHOOL_TYPE": "PR", "BOARD_NAME": "None", "SOURCE_ADDRESS": "252 FINCH AVE W", "SCHOOL_TYPE_DESC": "Private", "ADDRESS_POINT_ID": 11129594, "ADDRESS_NUMBER": "252", "LINEAR_NAME_FULL": "Finch Ave W", "ADDRESS_FULL": "252 Finch Ave W", "POSTAL_CODE": "M2R 1M9", "MUNICIPALITY": "NY", "CITY": "NY", "PLACE_NAME": "None", "GENERAL_USE_CODE": 115001, "CENTRELINE_ID": 11129595, "LO_NUM": 252, "LO_NUM_SUF": "None", "HI_NUM": null, "HI_NUM_SUF": "None", "LINEAR_NAME_ID": 1610.0 }, "geometry": { "type": "MultiPoint", "coordinates": [ [ -79.438469954739304, 43.775316101583797 ] ] } },
{ "type": "Feature", "properties": { "_id": 68, "OBJECTID": 167, "GEO_ID": 10864355.0, "NAME": "AVALON CHILDREN'S MONTESSORI SCHOOL", "SCHOOL_LEVEL": "None", "SCHOOL_TYPE": "PR", "BOARD_NAME": "None", "SOURCE_ADDRESS": "65 GLEN MANOR DR ", "SCHOOL_TYPE_DESC": "Private", "ADDRESS_POINT_ID": 10864355, "ADDRESS_NUMBER": "65", "LINEAR_NAME_FULL": "Glen Manor Dr", "ADDRESS_FULL": "65 Glen Manor Dr", "POSTAL_CODE": "M4E 3V3", "MUNICIPALITY": "TO", "CITY": "TO", "PLACE_NAME": "Beaches Presbyterian Church", "GENERAL_USE_CODE": 115001, "CENTRELINE_ID": 20043563, "LO_NUM": 65, "LO_NUM_SUF": "None", "HI_NUM": null, "HI_NUM_SUF": "None", "LINEAR_NAME_ID": 3520.0 }, "geometry": { "type": "MultiPoint", "coordinates": [ [ -79.292144859176801, 43.671114255856601 ] ] } },
{ "type": "Feature", "properties": { "_id": 69, "OBJECTID": 168, "GEO_ID": 485329.0, "NAME": "AVONDALE PUBLIC & AVONDALE ALTERNATIVE ELEMENTARY SCHOOL", "SCHOOL_LEVEL": "None", "SCHOOL_TYPE": "EP", "BOARD_NAME": "Toronto District School Board", "SOURCE_ADDRESS": "171 AVONDALE AVE ", "SCHOOL_TYPE_DESC": "English Public", "ADDRESS_POINT_ID": 485329, "ADDRESS_NUMBER": "171", "LINEAR_NAME_FULL": "Avondale Ave", "ADDRESS_FULL": "171 Avondale Ave", "POSTAL_CODE": "M2N 2V4", "MUNICIPALITY": "NY", "CITY": "NY", "PLACE_NAME": "Avondale Public School", "GENERAL_USE_CODE": 115001, "CENTRELINE_ID": 439906, "LO_NUM": 171, "LO_NUM_SUF": "None", "HI_NUM": null, "HI_NUM_SUF": "None", "LINEAR_NAME_ID": 4853.0 }, "geometry": { "type": "MultiPoint", "coordinates": [ [ -79.400002094323597, 43.759678414319701 ] ] } },
{ "type": "Feature", "properties": { "_id": 70, "OBJECTID": 169, "GEO_ID": 7315504.0, "NAME": "AVONDALE SECONDARY ALTERNATIVE SCHOOL ", "SCHOOL_LEVEL": "None", "SCHOOL_TYPE": "EP", "BOARD_NAME": "Toronto District School Board", "SOURCE_ADDRESS": "24 SILVERVIEW DR ", "SCHOOL_TYPE_DESC": "English Public", "ADDRESS_POINT_ID": 7315504, "ADDRESS_NUMBER": "24", "LINEAR_NAME_FULL": "Silverview Dr", "ADDRESS_FULL": "24 Silverview Dr", "POSTAL_CODE": "M2M 2B3", "MUNICIPALITY": "NY", "CITY": "NY", "PLACE_NAME": "Avondale Secondary Alternative School", "GENERAL_USE_CODE": 115001, "CENTRELINE_ID": 7315505, "LO_NUM": 24, "LO_NUM_SUF": "None", "HI_NUM": null, "HI_NUM_SUF": "None", "LINEAR_NAME_ID": 6720.0 }, "geometry": { "type": "MultiPoint", "coordinates": [ [ -79.411843154243897, 43.786306510642298 ] ] } },
{ "type": "Feature", "properties": { "_id": 71, "OBJECTID": 170, "GEO_ID": 1368930.0, "NAME": "AVRO ACADEMY", "SCHOOL_LEVEL": "None", "SCHOOL_TYPE": "PR", "BOARD_NAME": "None", "SOURCE_ADDRESS": "1640A AVENUE RD ", "SCHOOL_TYPE_DESC": "Private", "ADDRESS_POINT_ID": 1368930, "ADDRESS_NUMBER": "1640A", "LINEAR_NAME_FULL": "Avenue Rd", "ADDRESS_FULL": "1640A Avenue Rd", "POSTAL_CODE": "M5M 3X9", "MUNICIPALITY": "NY", "CITY": "NY", "PLACE_NAME": "None", "GENERAL_USE_CODE": 115001, "CENTRELINE_ID": 20364202, "LO_NUM": 1640, "LO_NUM_SUF": "A", "HI_NUM": null, "HI_NUM_SUF": "None", "LINEAR_NAME_ID": 2924.0 }, "geometry": { "type": "MultiPoint", "coordinates": [ [ -79.417420253564202, 43.7259898430287 ] ] } },
{ "type": "Feature", "properties": { "_id": 72, "OBJECTID": 171, "GEO_ID": 9171677.0, "NAME": "BAIS CHAYA MUSHKA ELEMENTARY SCHOOL", "SCHOOL_LEVEL": "None", "SCHOOL_TYPE": "PR", "BOARD_NAME": "None", "SOURCE_ADDRESS": "4375 CHESSWOOD DR ", "SCHOOL_TYPE_DESC": "Private", "ADDRESS_POINT_ID": 9171677, "ADDRESS_NUMBER": "4375", "LINEAR_NAME_FULL": "Chesswood Dr", "ADDRESS_FULL": "4375 Chesswood Dr", "POSTAL_CODE": "M3J 2C2", "MUNICIPALITY": "NY", "CITY": "NY", "PLACE_NAME": "None", "GENERAL_USE_CODE": 115001, "CENTRELINE_ID": 9171675, "LO_NUM": 4375, "LO_NUM_SUF": "None", "HI_NUM": null, "HI_NUM_SUF": "None", "LINEAR_NAME_ID": 5187.0 }, "geometry": { "type": "MultiPoint", "coordinates": [ [ -79.477441981407196, 43.760708226447598 ] ] } },
{ "type": "Feature", "properties": { "_id": 73, "OBJECTID": 172, "GEO_ID": 487179.0, "NAME": "BAIS CHOMESH HIGH SCHOOL FOR GIRLS", "SCHOOL_LEVEL": "None", "SCHOOL_TYPE": "PR", "BOARD_NAME": "None", "SOURCE_ADDRESS": "3600 BATHURST ST ", "SCHOOL_TYPE_DESC": "Private", "ADDRESS_POINT_ID": 487179, "ADDRESS_NUMBER": "3600", "LINEAR_NAME_FULL": "Bathurst St", "ADDRESS_FULL": "3600 Bathurst St", "POSTAL_CODE": "M6A 2C9", "MUNICIPALITY": "NY", "CITY": "NY", "PLACE_NAME": "Shaarei Tefillah Congregation", "GENERAL_USE_CODE": 115001, "CENTRELINE_ID": 443540, "LO_NUM": 3600, "LO_NUM_SUF": "None", "HI_NUM": null, "HI_NUM_SUF": "None", "LINEAR_NAME_ID": 436.0 }, "geometry": { "type": "MultiPoint", "coordinates": [ [ -79.433076943068201, 43.731115800438602 ] ] } },
{ "type": "Feature", "properties": { "_id": 74, "OBJECTID": 173, "GEO_ID": 559733.0, "NAME": "BAIS YAAKOV ELEMENTARY SCHOOL", "SCHOOL_LEVEL": "None", "SCHOOL_TYPE": "PR", "BOARD_NAME": "None", "SOURCE_ADDRESS": "15 SARANAC BLVD ", "SCHOOL_TYPE_DESC": "Private", "ADDRESS_POINT_ID": 559733, "ADDRESS_NUMBER": "15", "LINEAR_NAME_FULL": "Saranac Blvd", "ADDRESS_FULL": "15 Saranac Blvd", "POSTAL_CODE": "M6A 2G4", "MUNICIPALITY": "NY", "CITY": "NY", "PLACE_NAME": "Bais Yaakov School", "GENERAL_USE_CODE": 115001, "CENTRELINE_ID": 444794, "LO_NUM": 15, "LO_NUM_SUF": "None", "HI_NUM": null, "HI_NUM_SUF": "None", "LINEAR_NAME_ID": 6657.0 }, "geometry": { "type": "MultiPoint", "coordinates": [ [ -79.431869443853998, 43.721429256651 ] ] } },
{ "type": "Feature", "properties": { "_id": 75, "OBJECTID": 174, "GEO_ID": 9848255.0, "NAME": "BALA AVENUE COMMUNITY SCHOOL", "SCHOOL_LEVEL": "None", "SCHOOL_TYPE": "EP", "BOARD_NAME": "Toronto District School Board", "SOURCE_ADDRESS": "6 BALA AVE ", "SCHOOL_TYPE_DESC": "English Public", "ADDRESS_POINT_ID": 9848255, "ADDRESS_NUMBER": "6", "LINEAR_NAME_FULL": "Bala Ave", "ADDRESS_FULL": "6 Bala Ave", "POSTAL_CODE": "M6M 2E1", "MUNICIPALITY": "YK", "CITY": "YK", "PLACE_NAME": "Bala Avenue Community School", "GENERAL_USE_CODE": 115001, "CENTRELINE_ID": 9848256, "LO_NUM": 6, "LO_NUM_SUF": "None", "HI_NUM": null, "HI_NUM_SUF": "None", "LINEAR_NAME_ID": 428.0 }, "geometry": { "type": "MultiPoint", "coordinates": [ [ -79.499012271608706, 43.689462223788702 ] ] } },
{ "type": "Feature", "properties": { "_id": 76, "OBJECTID": 175, "GEO_ID": 62453.0, "NAME": "BALANCED EDUCATION NETWORK B.E.N. SCHOOL", "SCHOOL_LEVEL": "None", "SCHOOL_TYPE": "PR", "BOARD_NAME": "None", "SOURCE_ADDRESS": "394 HARVIE AVE ", "SCHOOL_TYPE_DESC": "Private", "ADDRESS_POINT_ID": 62453, "ADDRESS_NUMBER": "394", "LINEAR_NAME_FULL": "Harvie Ave", "ADDRESS_FULL": "394 Harvie Ave", "POSTAL_CODE": "M6E 4L8", "MUNICIPALITY": "YK", "CITY": "YK", "PLACE_NAME": "None", "GENERAL_USE_CODE": 115001, "CENTRELINE_ID": 30119749, "LO_NUM": 394, "LO_NUM_SUF": "None", "HI_NUM": null, "HI_NUM_SUF": "None", "LINEAR_NAME_ID": 648.0 }, "geometry": { "type": "MultiPoint", "coordinates": [ [ -79.454689097606703, 43.687535313458497 ] ] } },
{ "type": "Feature", "properties": { "_id": 77, "OBJECTID": 176, "GEO_ID": 7667200.0, "NAME": "BALMY BEACH COMMUNITY SCHOOL", "SCHOOL_LEVEL": "None", "SCHOOL_TYPE": "EP", "BOARD_NAME": "Toronto District School Board", "SOURCE_ADDRESS": "14 PINE AVE ", "SCHOOL_TYPE_DESC": "English Public", "ADDRESS_POINT_ID": 7667200, "ADDRESS_NUMBER": "14", "LINEAR_NAME_FULL": "Pine Ave", "ADDRESS_FULL": "14 Pine Ave", "POSTAL_CODE": "M4E 1L6", "MUNICIPALITY": "TO", "CITY": "TO", "PLACE_NAME": "Balmy Beach Community School, Balmy Beach Community Recreation Centre", "GENERAL_USE_CODE": 115001, "CENTRELINE_ID": 14673229, "LO_NUM": 14, "LO_NUM_SUF": "None", "HI_NUM": null, "HI_NUM_SUF": "None", "LINEAR_NAME_ID": 4190.0 }, "geometry": { "type": "MultiPoint", "coordinates": [ [ -79.289826941499001, 43.676435919487702 ] ] } },
{ "type": "Feature", "properties": { "_id": 78, "OBJECTID": 177, "GEO_ID": 14120344.0, "NAME": "BANNOCKBURN MONTESSORI SCHOOL & BETH TIKVAH SYNAGOGUE", "SCHOOL_LEVEL": "None", "SCHOOL_TYPE": "PR", "BOARD_NAME": "None", "SOURCE_ADDRESS": "3080 BAYVIEW AVE ", "SCHOOL_TYPE_DESC": "Private", "ADDRESS_POINT_ID": 14120344, "ADDRESS_NUMBER": "3080", "LINEAR_NAME_FULL": "Bayview Ave", "ADDRESS_FULL": "3080 Bayview Ave", "POSTAL_CODE": "M2N 5L3", "MUNICIPALITY": "NY", "CITY": "NY", "PLACE_NAME": "Beth Tikvah Synagogue", "GENERAL_USE_CODE": 115001, "CENTRELINE_ID": 8649806, "LO_NUM": 3080, "LO_NUM_SUF": "None", "HI_NUM": null, "HI_NUM_SUF": "None", "LINEAR_NAME_ID": 24.0 }, "geometry": { "type": "MultiPoint", "coordinates": [ [ -79.391925380358202, 43.778859546484398 ] ] } },
{ "type": "Feature", "properties": { "_id": 79, "OBJECTID": 178, "GEO_ID": 338836.0, "NAME": "BANTING AND BEST PUBLIC SCHOOL ", "SCHOOL_LEVEL": "None", "SCHOOL_TYPE": "EP", "BOARD_NAME": "Toronto District School Board", "SOURCE_ADDRESS": "380 GOLDHAWK TRL ", "SCHOOL_TYPE_DESC": "English Public", "ADDRESS_POINT_ID": 338836, "ADDRESS_NUMBER": "380", "LINEAR_NAME_FULL": "Goldhawk Trl", "ADDRESS_FULL": "380 Goldhawk Trl", "POSTAL_CODE": "M1V 4E7", "MUNICIPALITY": "SC", "CITY": "SC", "PLACE_NAME": "Banting and Best Public School", "GENERAL_USE_CODE": 115001, "CENTRELINE_ID": 103029, "LO_NUM": 380, "LO_NUM_SUF": "None", "HI_NUM": null, "HI_NUM_SUF": "None", "LINEAR_NAME_ID": 7999.0 }, "geometry": { "type": "MultiPoint", "coordinates": [ [ -79.279833503942299, 43.826871416348403 ] ] } },
{ "type": "Feature", "properties": { "_id": 80, "OBJECTID": 179, "GEO_ID": 561893.0, "NAME": "BAY SCHOOL OF CANADA", "SCHOOL_LEVEL": "None", "SCHOOL_TYPE": "PR", "BOARD_NAME": "None", "SOURCE_ADDRESS": "1110 SHEPPARD AVE E", "SCHOOL_TYPE_DESC": "Private", "ADDRESS_POINT_ID": 561893, "ADDRESS_NUMBER": "1110", "LINEAR_NAME_FULL": "Sheppard Ave E", "ADDRESS_FULL": "1110 Sheppard Ave E", "POSTAL_CODE": "M2K 2W2", "MUNICIPALITY": "NY", "CITY": "NY", "PLACE_NAME": "None", "GENERAL_USE_CODE": 115001, "CENTRELINE_ID": 438725, "LO_NUM": 1110, "LO_NUM_SUF": "None", "HI_NUM": null, "HI_NUM_SUF": "None", "LINEAR_NAME_ID": 6698.0 }, "geometry": { "type": "MultiPoint", "coordinates": [ [ -79.369033008032204, 43.771340005661699 ] ] } },
{ "type": "Feature", "properties": { "_id": 81, "OBJECTID": 180, "GEO_ID": 4833178.0, "NAME": "BAYVIEW GLEN ELEMENTARY SCHOOL", "SCHOOL_LEVEL": "None", "SCHOOL_TYPE": "PR", "BOARD_NAME": "None", "SOURCE_ADDRESS": "275 DUNCAN MILL RD ", "SCHOOL_TYPE_DESC": "Private", "ADDRESS_POINT_ID": 4833178, "ADDRESS_NUMBER": "275", "LINEAR_NAME_FULL": "Duncan Mill Rd", "ADDRESS_FULL": "275 Duncan Mill Rd", "POSTAL_CODE": "M3B 3H9", "MUNICIPALITY": "NY", "CITY": "NY", "PLACE_NAME": "None", "GENERAL_USE_CODE": 115001, "CENTRELINE_ID": 30005251, "LO_NUM": 275, "LO_NUM_SUF": "None", "HI_NUM": null, "HI_NUM_SUF": "None", "LINEAR_NAME_ID": 5455.0 }, "geometry": { "type": "MultiPoint", "coordinates": [ [ -79.351409624544004, 43.760908681756 ] ] } },
{ "type": "Feature", "properties": { "_id": 82, "OBJECTID": 181, "GEO_ID": 11414990.0, "NAME": "BAYVIEW GLEN PRIVATE SCHOOL", "SCHOOL_LEVEL": "None", "SCHOOL_TYPE": "PR", "BOARD_NAME": "None", "SOURCE_ADDRESS": "85 MOATFIELD DR ", "SCHOOL_TYPE_DESC": "Private", "ADDRESS_POINT_ID": 11414990, "ADDRESS_NUMBER": "85", "LINEAR_NAME_FULL": "Moatfield Dr", "ADDRESS_FULL": "85 Moatfield Dr", "POSTAL_CODE": "M3B 3L6", "MUNICIPALITY": "NY", "CITY": "NY", "PLACE_NAME": "None", "GENERAL_USE_CODE": 115001, "CENTRELINE_ID": 11415001, "LO_NUM": 85, "LO_NUM_SUF": "None", "HI_NUM": null, "HI_NUM_SUF": "None", "LINEAR_NAME_ID": 6235.0 }, "geometry": { "type": "MultiPoint", "coordinates": [ [ -79.351833680562507, 43.759032556842698 ] ] } },
{ "type": "Feature", "properties": { "_id": 83, "OBJECTID": 182, "GEO_ID": 7963754.0, "NAME": "BAYVIEW MIDDLE SCHOOL", "SCHOOL_LEVEL": "None", "SCHOOL_TYPE": "EP", "BOARD_NAME": "Toronto District School Board", "SOURCE_ADDRESS": "25 BUNTY LANE ", "SCHOOL_TYPE_DESC": "English Public", "ADDRESS_POINT_ID": 7963754, "ADDRESS_NUMBER": "25", "LINEAR_NAME_FULL": "Bunty Lane", "ADDRESS_FULL": "25 Bunty Lane", "POSTAL_CODE": "M2K 1W4", "MUNICIPALITY": "NY", "CITY": "NY", "PLACE_NAME": "Bayview Middle School", "GENERAL_USE_CODE": 115001, "CENTRELINE_ID": 7963734, "LO_NUM": 25, "LO_NUM_SUF": "None", "HI_NUM": null, "HI_NUM_SUF": "None", "LINEAR_NAME_ID": 5064.0 }, "geometry": { "type": "MultiPoint", "coordinates": [ [ -79.385294678835606, 43.7762622265316 ] ] } },
{ "type": "Feature", "properties": { "_id": 84, "OBJECTID": 183, "GEO_ID": 876040.0, "NAME": "BEACHES ALTERNATIVE JR & KIMBERLEY JR", "SCHOOL_LEVEL": "None", "SCHOOL_TYPE": "EP", "BOARD_NAME": "Toronto District School Board", "SOURCE_ADDRESS": "50 SWANWICK AVE ", "SCHOOL_TYPE_DESC": "English Public", "ADDRESS_POINT_ID": 876040, "ADDRESS_NUMBER": "50", "LINEAR_NAME_FULL": "Swanwick Ave", "ADDRESS_FULL": "50 Swanwick Ave", "POSTAL_CODE": "M4E 1Z5", "MUNICIPALITY": "TO", "CITY": "TO", "PLACE_NAME": "Kimberley Junior Public School", "GENERAL_USE_CODE": 115001, "CENTRELINE_ID": 14016131, "LO_NUM": 50, "LO_NUM_SUF": "None", "HI_NUM": null, "HI_NUM_SUF": "None", "LINEAR_NAME_ID": 4519.0 }, "geometry": { "type": "MultiPoint", "coordinates": [ [ -79.2991278839731, 43.682619972278502 ] ] } },
{ "type": "Feature", "properties": { "_id": 85, "OBJECTID": 184, "GEO_ID": 829098.0, "NAME": "BEACHES MONTESSORI", "SCHOOL_LEVEL": "None", "SCHOOL_TYPE": "PR", "BOARD_NAME": "None", "SOURCE_ADDRESS": "950 KINGSTON RD ", "SCHOOL_TYPE_DESC": "Private", "ADDRESS_POINT_ID": 829098, "ADDRESS_NUMBER": "950", "LINEAR_NAME_FULL": "Kingston Rd", "ADDRESS_FULL": "950 Kingston Rd", "POSTAL_CODE": "M4E 1S7", "MUNICIPALITY": "TO", "CITY": "TO", "PLACE_NAME": "None", "GENERAL_USE_CODE": 115001, "CENTRELINE_ID": 1140042, "LO_NUM": 950, "LO_NUM_SUF": "None", "HI_NUM": null, "HI_NUM_SUF": "None", "LINEAR_NAME_ID": 3786.0 }, "geometry": { "type": "MultiPoint", "coordinates": [ [ -79.287806606017199, 43.680614098418701 ] ] } },
{ "type": "Feature", "properties": { "_id": 86, "OBJECTID": 185, "GEO_ID": 1019694.0, "NAME": "BEAUMONDE HEIGHTS JR MDL SCHOOL", "SCHOOL_LEVEL": "None", "SCHOOL_TYPE": "EP", "BOARD_NAME": "Toronto District School Board", "SOURCE_ADDRESS": "70 MONTERREY DR ", "SCHOOL_TYPE_DESC": "English Public", "ADDRESS_POINT_ID": 1019694, "ADDRESS_NUMBER": "70", "LINEAR_NAME_FULL": "Monterrey Dr", "ADDRESS_FULL": "70 Monterrey Dr", "POSTAL_CODE": "M9V 1T1", "MUNICIPALITY": "ET", "CITY": "ET", "PLACE_NAME": "Beaumonde Heights Junior Middle School", "GENERAL_USE_CODE": 115001, "CENTRELINE_ID": 906829, "LO_NUM": 70, "LO_NUM_SUF": "None", "HI_NUM": null, "HI_NUM_SUF": "None", "LINEAR_NAME_ID": 2134.0 }, "geometry": { "type": "MultiPoint", "coordinates": [ [ -79.574755186152501, 43.7426035565314 ] ] } },
{ "type": "Feature", "properties": { "_id": 87, "OBJECTID": 186, "GEO_ID": 7792874.0, "NAME": "BEDFORD PARK PUBLIC SCHOOL", "SCHOOL_LEVEL": "None", "SCHOOL_TYPE": "EP", "BOARD_NAME": "Toronto District School Board", "SOURCE_ADDRESS": "81 RANLEIGH AVE ", "SCHOOL_TYPE_DESC": "English Public", "ADDRESS_POINT_ID": 7792874, "ADDRESS_NUMBER": "81", "LINEAR_NAME_FULL": "Ranleigh Ave", "ADDRESS_FULL": "81 Ranleigh Ave", "POSTAL_CODE": "M4N 1X2", "MUNICIPALITY": "TO", "CITY": "TO", "PLACE_NAME": "Bedford Park Public School", "GENERAL_USE_CODE": 115001, "CENTRELINE_ID": 30147926, "LO_NUM": 81, "LO_NUM_SUF": "None", "HI_NUM": null, "HI_NUM_SUF": "None", "LINEAR_NAME_ID": 4253.0 }, "geometry": { "type": "MultiPoint", "coordinates": [ [ -79.400278372374302, 43.727798258174197 ] ] } },
{ "type": "Feature", "properties": { "_id": 88, "OBJECTID": 187, "GEO_ID": 9085421.0, "NAME": "BEHAVIOUR INNOVATIONS, CHILDREN'S COLLEGE", "SCHOOL_LEVEL": "None", "SCHOOL_TYPE": "PR", "BOARD_NAME": "None", "SOURCE_ADDRESS": "618 THE QUEENSWAY  ", "SCHOOL_TYPE_DESC": "Private", "ADDRESS_POINT_ID": 9085421, "ADDRESS_NUMBER": "618", "LINEAR_NAME_FULL": "The Queensway", "ADDRESS_FULL": "618 The Queensway", "POSTAL_CODE": "M8Y 1K3", "MUNICIPALITY": "ET", "CITY": "ET", "PLACE_NAME": "None", "GENERAL_USE_CODE": 115001, "CENTRELINE_ID": 9085417, "LO_NUM": 618, "LO_NUM_SUF": "None", "HI_NUM": null, "HI_NUM_SUF": "None", "LINEAR_NAME_ID": 2603.0 }, "geometry": { "type": "MultiPoint", "coordinates": [ [ -79.495482141746294, 43.628181960966202 ] ] } },
{ "type": "Feature", "properties": { "_id": 89, "OBJECTID": 188, "GEO_ID": 312976.0, "NAME": "BELLMERE JR PUBLIC SCHOOL", "SCHOOL_LEVEL": "None", "SCHOOL_TYPE": "EP", "BOARD_NAME": "Toronto District School Board", "SOURCE_ADDRESS": "470 BRIMORTON DR ", "SCHOOL_TYPE_DESC": "English Public", "ADDRESS_POINT_ID": 312976, "ADDRESS_NUMBER": "470", "LINEAR_NAME_FULL": "Brimorton Dr", "ADDRESS_FULL": "470 Brimorton Dr", "POSTAL_CODE": "M1H 2E6", "MUNICIPALITY": "SC", "CITY": "SC", "PLACE_NAME": "Bellmere Junior Public School", "GENERAL_USE_CODE": 115001, "CENTRELINE_ID": 108018, "LO_NUM": 470, "LO_NUM_SUF": "None", "HI_NUM": null, "HI_NUM_SUF": "None", "LINEAR_NAME_ID": 7437.0 }, "geometry": { "type": "MultiPoint", "coordinates": [ [ -79.235146875230001, 43.771969286391602 ] ] } },
{ "type": "Feature", "properties": { "_id": 90, "OBJECTID": 189, "GEO_ID": 307066.0, "NAME": "BENDALE JR PUBLIC SCHOOL", "SCHOOL_LEVEL": "None", "SCHOOL_TYPE": "EP", "BOARD_NAME": "Toronto District School Board", "SOURCE_ADDRESS": "61 BENSHIRE DR ", "SCHOOL_TYPE_DESC": "English Public", "ADDRESS_POINT_ID": 307066, "ADDRESS_NUMBER": "61", "LINEAR_NAME_FULL": "Benshire Dr", "ADDRESS_FULL": "61 Benshire Dr", "POSTAL_CODE": "M1H 1M4", "MUNICIPALITY": "SC", "CITY": "SC", "PLACE_NAME": "Bendale Junior Public School", "GENERAL_USE_CODE": 115001, "CENTRELINE_ID": 108929, "LO_NUM": 61, "LO_NUM_SUF": "None", "HI_NUM": null, "HI_NUM_SUF": "None", "LINEAR_NAME_ID": 7343.0 }, "geometry": { "type": "MultiPoint", "coordinates": [ [ -79.244880257644397, 43.762567118369702 ] ] } },
{ "type": "Feature", "properties": { "_id": 91, "OBJECTID": 190, "GEO_ID": 2945619.0, "NAME": "BENNINGTON HEIGHTS ELEMENTARY SCHOOL ", "SCHOOL_LEVEL": "None", "SCHOOL_TYPE": "EP", "BOARD_NAME": "Toronto District School Board", "SOURCE_ADDRESS": "76 BENNINGTON HEIGHTS DR ", "SCHOOL_TYPE_DESC": "English Public", "ADDRESS_POINT_ID": 2945619, "ADDRESS_NUMBER": "76", "LINEAR_NAME_FULL": "Bennington Heights Dr", "ADDRESS_FULL": "76 Bennington Heights Dr", "POSTAL_CODE": "M4G 1B1", "MUNICIPALITY": "EY", "CITY": "EY", "PLACE_NAME": "Bennington Heights Elementary School", "GENERAL_USE_CODE": 115001, "CENTRELINE_ID": 2945649, "LO_NUM": 76, "LO_NUM_SUF": "None", "HI_NUM": null, "HI_NUM_SUF": "None", "LINEAR_NAME_ID": 30.0 }, "geometry": { "type": "MultiPoint", "coordinates": [ [ -79.368778082025798, 43.6939854007409 ] ] } },
{ "type": "Feature", "properties": { "_id": 92, "OBJECTID": 191, "GEO_ID": 307348.0, "NAME": "BERNER TRAIL JR PUBLIC SCHOOL ", "SCHOOL_LEVEL": "None", "SCHOOL_TYPE": "EP", "BOARD_NAME": "Toronto District School Board", "SOURCE_ADDRESS": "120 BERNER TRL ", "SCHOOL_TYPE_DESC": "English Public", "ADDRESS_POINT_ID": 307348, "ADDRESS_NUMBER": "120", "LINEAR_NAME_FULL": "Berner Trl", "ADDRESS_FULL": "120 Berner Trl", "POSTAL_CODE": "M1B 1B3", "MUNICIPALITY": "SC", "CITY": "SC", "PLACE_NAME": "Berner Trail Junior Public School", "GENERAL_USE_CODE": 115001, "CENTRELINE_ID": 104808, "LO_NUM": 120, "LO_NUM_SUF": "None", "HI_NUM": null, "HI_NUM_SUF": "None", "LINEAR_NAME_ID": 7349.0 }, "geometry": { "type": "MultiPoint", "coordinates": [ [ -79.221141305891194, 43.801434107907298 ] ] } },
{ "type": "Feature", "properties": { "_id": 93, "OBJECTID": 192, "GEO_ID": 17935.0, "NAME": "BESSBOROUGH DRIVE ELEMENTARY SCHOOL", "SCHOOL_LEVEL": "None", "SCHOOL_TYPE": "EP", "BOARD_NAME": "Toronto District School Board", "SOURCE_ADDRESS": "211 BESSBOROUGH DR ", "SCHOOL_TYPE_DESC": "English Public", "ADDRESS_POINT_ID": 17935, "ADDRESS_NUMBER": "211", "LINEAR_NAME_FULL": "Bessborough Dr", "ADDRESS_FULL": "211 Bessborough Dr", "POSTAL_CODE": "M4G 3K2", "MUNICIPALITY": "EY", "CITY": "EY", "PLACE_NAME": "Bessborough Drive Elementary and Middle School", "GENERAL_USE_CODE": 115001, "CENTRELINE_ID": 605, "LO_NUM": 211, "LO_NUM_SUF": "None", "HI_NUM": null, "HI_NUM_SUF": "None", "LINEAR_NAME_ID": 33.0 }, "geometry": { "type": "MultiPoint", "coordinates": [ [ -79.370135203194394, 43.707214737854201 ] ] } },
{ "type": "Feature", "properties": { "_id": 94, "OBJECTID": 193, "GEO_ID": 535998.0, "NAME": "BETH JACOB HIGH SCHOOL FOR GIRLS", "SCHOOL_LEVEL": "None", "SCHOOL_TYPE": "PR", "BOARD_NAME": "None", "SOURCE_ADDRESS": "410 LAWRENCE AVE W", "SCHOOL_TYPE_DESC": "Private", "ADDRESS_POINT_ID": 535998, "ADDRESS_NUMBER": "410", "LINEAR_NAME_FULL": "Lawrence Ave W", "ADDRESS_FULL": "410 Lawrence Ave W", "POSTAL_CODE": "M5M 1C2", "MUNICIPALITY": "NY", "CITY": "NY", "PLACE_NAME": "None", "GENERAL_USE_CODE": 115001, "CENTRELINE_ID": 444785, "LO_NUM": 410, "LO_NUM_SUF": "None", "HI_NUM": null, "HI_NUM_SUF": "None", "LINEAR_NAME_ID": 732.0 }, "geometry": { "type": "MultiPoint", "coordinates": [ [ -79.423760765678495, 43.720794084422202 ] ] } },
{ "type": "Feature", "properties": { "_id": 95, "OBJECTID": 194, "GEO_ID": 6350055.0, "NAME": "BEVERLEY & SUBWAY ACADEMY TWO", "SCHOOL_LEVEL": "None", "SCHOOL_TYPE": "EP", "BOARD_NAME": "Toronto District School Board", "SOURCE_ADDRESS": "64 BALDWIN ST ", "SCHOOL_TYPE_DESC": "English Public", "ADDRESS_POINT_ID": 6350055, "ADDRESS_NUMBER": "64", "LINEAR_NAME_FULL": "Baldwin St", "ADDRESS_FULL": "64 Baldwin St", "POSTAL_CODE": "M5T 1L4", "MUNICIPALITY": "TO", "CITY": "TO", "PLACE_NAME": "Beverley Public School", "GENERAL_USE_CODE": 115001, "CENTRELINE_ID": 1144586, "LO_NUM": 64, "LO_NUM_SUF": "None", "HI_NUM": null, "HI_NUM_SUF": "None", "LINEAR_NAME_ID": 2938.0 }, "geometry": { "type": "MultiPoint", "coordinates": [ [ -79.395597971567099, 43.655817427927701 ] ] } },
{ "type": "Feature", "properties": { "_id": 96, "OBJECTID": 195, "GEO_ID": 570175.0, "NAME": "BEVERLEY HEIGHTS MDL SCHOOL", "SCHOOL_LEVEL": "None", "SCHOOL_TYPE": "EP", "BOARD_NAME": "Toronto District School Board", "SOURCE_ADDRESS": "26 TROUTBROOKE DR ", "SCHOOL_TYPE_DESC": "English Public", "ADDRESS_POINT_ID": 570175, "ADDRESS_NUMBER": "26", "LINEAR_NAME_FULL": "Troutbrooke Dr", "ADDRESS_FULL": "26 Troutbrooke Dr", "POSTAL_CODE": "M3M 1S5", "MUNICIPALITY": "NY", "CITY": "NY", "PLACE_NAME": "Beverley Heights Middle School", "GENERAL_USE_CODE": 115001, "CENTRELINE_ID": 443483, "LO_NUM": 26, "LO_NUM_SUF": "None", "HI_NUM": null, "HI_NUM_SUF": "None", "LINEAR_NAME_ID": 6946.0 }, "geometry": { "type": "MultiPoint", "coordinates": [ [ -79.504771732144107, 43.733024596991903 ] ] } },
{ "type": "Feature", "properties": { "_id": 97, "OBJECTID": 196, "GEO_ID": 307817.0, "NAME": "BEVERLY GLEN JR PUBLIC SCHOOL", "SCHOOL_LEVEL": "None", "SCHOOL_TYPE": "EP", "BOARD_NAME": "Toronto District School Board", "SOURCE_ADDRESS": "85 BEVERLY GLEN BLVD ", "SCHOOL_TYPE_DESC": "English Public", "ADDRESS_POINT_ID": 307817, "ADDRESS_NUMBER": "85", "LINEAR_NAME_FULL": "Beverly Glen Blvd", "ADDRESS_FULL": "85 Beverly Glen Blvd", "POSTAL_CODE": "M1W 1W4", "MUNICIPALITY": "SC", "CITY": "SC", "PLACE_NAME": "Beverly Glen Junior Public School", "GENERAL_USE_CODE": 115001, "CENTRELINE_ID": 14229540, "LO_NUM": 85, "LO_NUM_SUF": "None", "HI_NUM": null, "HI_NUM_SUF": "None", "LINEAR_NAME_ID": 7356.0 }, "geometry": { "type": "MultiPoint", "coordinates": [ [ -79.323067629892805, 43.798653099867899 ] ] } },
{ "type": "Feature", "properties": { "_id": 98, "OBJECTID": 197, "GEO_ID": 14615528.0, "NAME": "BIALIK HEBREW DAY SCHOOL", "SCHOOL_LEVEL": "None", "SCHOOL_TYPE": "PR", "BOARD_NAME": "None", "SOURCE_ADDRESS": "2760 BATHURST ST ", "SCHOOL_TYPE_DESC": "Private", "ADDRESS_POINT_ID": 14615528, "ADDRESS_NUMBER": "2760", "LINEAR_NAME_FULL": "Bathurst St", "ADDRESS_FULL": "2760 Bathurst St", "POSTAL_CODE": "M6B 3A1", "MUNICIPALITY": "NY", "CITY": "NY", "PLACE_NAME": "None", "GENERAL_USE_CODE": 115001, "CENTRELINE_ID": 8985217, "LO_NUM": 2760, "LO_NUM_SUF": "None", "HI_NUM": null, "HI_NUM_SUF": "None", "LINEAR_NAME_ID": 436.0 }, "geometry": { "type": "MultiPoint", "coordinates": [ [ -79.428122887705996, 43.710706428858103 ] ] } },
{ "type": "Feature", "properties": { "_id": 99, "OBJECTID": 198, "GEO_ID": 343964.0, "NAME": "BIRCH CLIFF HEIGHTS PUBLIC SCHOOL", "SCHOOL_LEVEL": "None", "SCHOOL_TYPE": "EP", "BOARD_NAME": "Toronto District School Board", "SOURCE_ADDRESS": "120 HIGHVIEW AVE ", "SCHOOL_TYPE_DESC": "English Public", "ADDRESS_POINT_ID": 343964, "ADDRESS_NUMBER": "120", "LINEAR_NAME_FULL": "Highview Ave", "ADDRESS_FULL": "120 Highview Ave", "POSTAL_CODE": "M1N 2J1", "MUNICIPALITY": "SC", "CITY": "SC", "PLACE_NAME": "Birch Cliff Heights Public School", "GENERAL_USE_CODE": 115001, "CENTRELINE_ID": 112688, "LO_NUM": 120, "LO_NUM_SUF": "None", "HI_NUM": null, "HI_NUM_SUF": "None", "LINEAR_NAME_ID": 9828.0 }, "geometry": { "type": "MultiPoint", "coordinates": [ [ -79.259816624788002, 43.7017413937537 ] ] } },
{ "type": "Feature", "properties": { "_id": 100, "OBJECTID": 199, "GEO_ID": 351953.0, "NAME": "BIRCH CLIFF PUBLIC SCHOOL", "SCHOOL_LEVEL": "None", "SCHOOL_TYPE": "EP", "BOARD_NAME": "Toronto District School Board", "SOURCE_ADDRESS": "1650 KINGSTON RD ", "SCHOOL_TYPE_DESC": "English Public", "ADDRESS_POINT_ID": 351953, "ADDRESS_NUMBER": "1650", "LINEAR_NAME_FULL": "Kingston Rd", "ADDRESS_FULL": "1650 Kingston Rd", "POSTAL_CODE": "M1N 1S2", "MUNICIPALITY": "SC", "CITY": "SC", "PLACE_NAME": "Birch Cliff Public School", "GENERAL_USE_CODE": 115001, "CENTRELINE_ID": 113039, "LO_NUM": 1650, "LO_NUM_SUF": "None", "HI_NUM": null, "HI_NUM_SUF": "None", "LINEAR_NAME_ID": 3786.0 }, "geometry": { "type": "MultiPoint", "coordinates": [ [ -79.265568624296094, 43.691988724150796 ] ] } },
{ "type": "Feature", "properties": { "_id": 101, "OBJECTID": 200, "GEO_ID": 325504.0, "NAME": "BIRCHMOUNT PARK COLLEGIATE INSTITUTE ", "SCHOOL_LEVEL": "None", "SCHOOL_TYPE": "EP", "BOARD_NAME": "Toronto District School Board", "SOURCE_ADDRESS": "3663 DANFORTH AVE ", "SCHOOL_TYPE_DESC": "English Public", "ADDRESS_POINT_ID": 325504, "ADDRESS_NUMBER": "3663", "LINEAR_NAME_FULL": "Danforth Ave", "ADDRESS_FULL": "3663 Danforth Ave", "POSTAL_CODE": "M1N 2G2", "MUNICIPALITY": "SC", "CITY": "SC", "PLACE_NAME": "Birchmount Park Collegiate Institute", "GENERAL_USE_CODE": 115001, "CENTRELINE_ID": 112815, "LO_NUM": 3663, "LO_NUM_SUF": "None", "HI_NUM": null, "HI_NUM_SUF": "None", "LINEAR_NAME_ID": 86.0 }, "geometry": { "type": "MultiPoint", "coordinates": [ [ -79.259454525361903, 43.697753029490997 ] ] } },
{ "type": "Feature", "properties": { "_id": 102, "OBJECTID": 201, "GEO_ID": 800729.0, "NAME": "BIRMINGHAM INTERNATIONAL COLLEGIATE OF CANADA", "SCHOOL_LEVEL": "None", "SCHOOL_TYPE": "PR", "BOARD_NAME": "None", "SOURCE_ADDRESS": "90 EGLINTON AVE W", "SCHOOL_TYPE_DESC": "Private", "ADDRESS_POINT_ID": 800729, "ADDRESS_NUMBER": "90", "LINEAR_NAME_FULL": "Eglinton Ave W", "ADDRESS_FULL": "90 Eglinton Ave W", "POSTAL_CODE": "M4R 2E4", "MUNICIPALITY": "TO", "CITY": "TO", "PLACE_NAME": "None", "GENERAL_USE_CODE": 115001, "CENTRELINE_ID": 1138348, "LO_NUM": 90, "LO_NUM_SUF": "None", "HI_NUM": null, "HI_NUM_SUF": "None", "LINEAR_NAME_ID": 571.0 }, "geometry": { "type": "MultiPoint", "coordinates": [ [ -79.401169084609904, 43.7064425727499 ] ] } },
{ "type": "Feature", "properties": { "_id": 103, "OBJECTID": 202, "GEO_ID": 10142921.0, "NAME": "BISHOP ALLEN ACADEMY", "SCHOOL_LEVEL": "None", "SCHOOL_TYPE": "ES", "BOARD_NAME": "Toronto Catholic District School Board", "SOURCE_ADDRESS": "721 ROYAL YORK RD ", "SCHOOL_TYPE_DESC": "English Separate", "ADDRESS_POINT_ID": 10142921, "ADDRESS_NUMBER": "721", "LINEAR_NAME_FULL": "Royal York Rd", "ADDRESS_FULL": "721 Royal York Rd", "POSTAL_CODE": "M8Y 2T3", "MUNICIPALITY": "ET", "CITY": "ET", "PLACE_NAME": "Bishop Allen Academy", "GENERAL_USE_CODE": 115001, "CENTRELINE_ID": 10142922, "LO_NUM": 721, "LO_NUM_SUF": "None", "HI_NUM": null, "HI_NUM_SUF": "None", "LINEAR_NAME_ID": 2413.0 }, "geometry": { "type": "MultiPoint", "coordinates": [ [ -79.504464675676303, 43.634427920578403 ] ] } },
{ "type": "Feature", "properties": { "_id": 104, "OBJECTID": 203, "GEO_ID": 30114323.0, "NAME": "BISHOP MACDONELL CATHOLIC ELEMENTARY", "SCHOOL_LEVEL": "None", "SCHOOL_TYPE": "ES", "BOARD_NAME": "Toronto Catholic District School Board", "SOURCE_ADDRESS": "20 BRUNEL CRT ", "SCHOOL_TYPE_DESC": "English Separate", "ADDRESS_POINT_ID": 30114323, "ADDRESS_NUMBER": "20", "LINEAR_NAME_FULL": "Brunel Crt", "ADDRESS_FULL": "20 Brunel Crt", "POSTAL_CODE": "M5V 0R5", "MUNICIPALITY": "TO", "CITY": "TO", "PLACE_NAME": "None", "GENERAL_USE_CODE": 115001, "CENTRELINE_ID": 20035049, "LO_NUM": 20, "LO_NUM_SUF": "None", "HI_NUM": null, "HI_NUM_SUF": "None", "LINEAR_NAME_ID": 18312.0 }, "geometry": { "type": "MultiPoint", "coordinates": [ [ -79.394275663890497, 43.639270767532999 ] ] } },
{ "type": "Feature", "properties": { "_id": 105, "OBJECTID": 204, "GEO_ID": 9638444.0, "NAME": "BISHOP MARROCCO THOMAS MERTON CATHOLIC SECONDARY SCHOOL", "SCHOOL_LEVEL": "None", "SCHOOL_TYPE": "ES", "BOARD_NAME": "Toronto Catholic District School Board", "SOURCE_ADDRESS": "1515 BLOOR ST W", "SCHOOL_TYPE_DESC": "English Separate", "ADDRESS_POINT_ID": 9638444, "ADDRESS_NUMBER": "1515", "LINEAR_NAME_FULL": "Bloor St W", "ADDRESS_FULL": "1515 Bloor St W", "POSTAL_CODE": "M6P 1A3", "MUNICIPALITY": "TO", "CITY": "TO", "PLACE_NAME": "Bishop Marrocco/Thomas Merton Catholic School", "GENERAL_USE_CODE": 115001, "CENTRELINE_ID": 9638443, "LO_NUM": 1515, "LO_NUM_SUF": "None", "HI_NUM": null, "HI_NUM_SUF": "None", "LINEAR_NAME_ID": 458.0 }, "geometry": { "type": "MultiPoint", "coordinates": [ [ -79.451807713662603, 43.655857833558002 ] ] } },
{ "type": "Feature", "properties": { "_id": 106, "OBJECTID": 205, "GEO_ID": 834715.0, "NAME": "BISHOP STRACHAN SCHOOL", "SCHOOL_LEVEL": "None", "SCHOOL_TYPE": "PR", "BOARD_NAME": "None", "SOURCE_ADDRESS": "298 LONSDALE RD ", "SCHOOL_TYPE_DESC": "Private", "ADDRESS_POINT_ID": 834715, "ADDRESS_NUMBER": "298", "LINEAR_NAME_FULL": "Lonsdale Rd", "ADDRESS_FULL": "298 Lonsdale Rd", "POSTAL_CODE": "M4V 1X2", "MUNICIPALITY": "TO", "CITY": "TO", "PLACE_NAME": "None", "GENERAL_USE_CODE": 115001, "CENTRELINE_ID": 1139289, "LO_NUM": 298, "LO_NUM_SUF": "None", "HI_NUM": null, "HI_NUM_SUF": "None", "LINEAR_NAME_ID": 3870.0 }, "geometry": { "type": "MultiPoint", "coordinates": [ [ -79.409324917637093, 43.690345107704999 ] ] } },
{ "type": "Feature", "properties": { "_id": 107, "OBJECTID": 206, "GEO_ID": 490154.0, "NAME": "BLACKSMITH PUBLIC SCHOOL", "SCHOOL_LEVEL": "None", "SCHOOL_TYPE": "EP", "BOARD_NAME": "Toronto District School Board", "SOURCE_ADDRESS": "45 BLACKSMITH CRES ", "SCHOOL_TYPE_DESC": "English Public", "ADDRESS_POINT_ID": 490154, "ADDRESS_NUMBER": "45", "LINEAR_NAME_FULL": "Blacksmith Cres", "ADDRESS_FULL": "45 Blacksmith Cres", "POSTAL_CODE": "M3N 1V5", "MUNICIPALITY": "NY", "CITY": "NY", "PLACE_NAME": "Blacksmith Public School", "GENERAL_USE_CODE": 115001, "CENTRELINE_ID": 30128741, "LO_NUM": 45, "LO_NUM_SUF": "None", "HI_NUM": null, "HI_NUM_SUF": "None", "LINEAR_NAME_ID": 4965.0 }, "geometry": { "type": "MultiPoint", "coordinates": [ [ -79.526810686983893, 43.771163959163701 ] ] } },
{ "type": "Feature", "properties": { "_id": 108, "OBJECTID": 207, "GEO_ID": 774626.0, "NAME": "BLAKE ST JR & EAST ALTERNATIVE", "SCHOOL_LEVEL": "None", "SCHOOL_TYPE": "EP", "BOARD_NAME": "Toronto District School Board", "SOURCE_ADDRESS": "21 BOULTBEE AVE ", "SCHOOL_TYPE_DESC": "English Public", "ADDRESS_POINT_ID": 774626, "ADDRESS_NUMBER": "21", "LINEAR_NAME_FULL": "Boultbee Ave", "ADDRESS_FULL": "21 Boultbee Ave", "POSTAL_CODE": "M4J 1A7", "MUNICIPALITY": "TO", "CITY": "TO", "PLACE_NAME": "Blake Street Junior Public School", "GENERAL_USE_CODE": 115001, "CENTRELINE_ID": 1141613, "LO_NUM": 21, "LO_NUM_SUF": "None", "HI_NUM": null, "HI_NUM_SUF": "None", "LINEAR_NAME_ID": 3038.0 }, "geometry": { "type": "MultiPoint", "coordinates": [ [ -79.338476250083204, 43.671806368963601 ] ] } },
{ "type": "Feature", "properties": { "_id": 109, "OBJECTID": 208, "GEO_ID": 309574.0, "NAME": "BLANTYRE PUBLIC SCHOOL ", "SCHOOL_LEVEL": "None", "SCHOOL_TYPE": "EP", "BOARD_NAME": "Toronto District School Board", "SOURCE_ADDRESS": "290 BLANTYRE AVE ", "SCHOOL_TYPE_DESC": "English Public", "ADDRESS_POINT_ID": 309574, "ADDRESS_NUMBER": "290", "LINEAR_NAME_FULL": "Blantyre Ave", "ADDRESS_FULL": "290 Blantyre Ave", "POSTAL_CODE": "M1N 2S4", "MUNICIPALITY": "SC", "CITY": "SC", "PLACE_NAME": "Blantyre Public School", "GENERAL_USE_CODE": 115001, "CENTRELINE_ID": 113172, "LO_NUM": 290, "LO_NUM_SUF": "None", "HI_NUM": null, "HI_NUM_SUF": "None", "LINEAR_NAME_ID": 7377.0 }, "geometry": { "type": "MultiPoint", "coordinates": [ [ -79.283864653110797, 43.685100084395103 ] ] } },
{ "type": "Feature", "properties": { "_id": 110, "OBJECTID": 209, "GEO_ID": 490361.0, "NAME": "BLAYDON PUBLIC SCHOOL ", "SCHOOL_LEVEL": "None", "SCHOOL_TYPE": "EP", "BOARD_NAME": "Toronto District School Board", "SOURCE_ADDRESS": "25 BLAYDON AVE ", "SCHOOL_TYPE_DESC": "English Public", "ADDRESS_POINT_ID": 490361, "ADDRESS_NUMBER": "25", "LINEAR_NAME_FULL": "Blaydon Ave", "ADDRESS_FULL": "25 Blaydon Ave", "POSTAL_CODE": "M3M 2C9", "MUNICIPALITY": "NY", "CITY": "NY", "PLACE_NAME": "Blaydon Public School", "GENERAL_USE_CODE": 115001, "CENTRELINE_ID": 30085278, "LO_NUM": 25, "LO_NUM_SUF": "None", "HI_NUM": null, "HI_NUM_SUF": "None", "LINEAR_NAME_ID": 4974.0 }, "geometry": { "type": "MultiPoint", "coordinates": [ [ -79.486256139113806, 43.735357222836001 ] ] } },
{ "type": "Feature", "properties": { "_id": 111, "OBJECTID": 210, "GEO_ID": 2250071.0, "NAME": "BLESSED MARGHERITA OF CITTA DI CASTELLO CATHOLIC ELEMENTARY SCHOOL", "SCHOOL_LEVEL": "None", "SCHOOL_TYPE": "ES", "BOARD_NAME": "Toronto Catholic District School Board", "SOURCE_ADDRESS": "108 SPENVALLEY DR ", "SCHOOL_TYPE_DESC": "English Separate", "ADDRESS_POINT_ID": 2250071, "ADDRESS_NUMBER": "108", "LINEAR_NAME_FULL": "Spenvalley Dr", "ADDRESS_FULL": "108 Spenvalley Dr", "POSTAL_CODE": "M3L 1Z5", "MUNICIPALITY": "NY", "CITY": "NY", "PLACE_NAME": "Blessed Margherita Of Citta Di Castello Catholic School", "GENERAL_USE_CODE": 115001, "CENTRELINE_ID": 30092921, "LO_NUM": 108, "LO_NUM_SUF": "None", "HI_NUM": null, "HI_NUM_SUF": "None", "LINEAR_NAME_ID": 6763.0 }, "geometry": { "type": "MultiPoint", "coordinates": [ [ -79.507914044371404, 43.7436724724678 ] ] } },
{ "type": "Feature", "properties": { "_id": 112, "OBJECTID": 211, "GEO_ID": 30012333.0, "NAME": "BLESSED PIER GIORGIO FRASSATI CATHOLIC ELEMENTARY SCHOOL", "SCHOOL_LEVEL": "None", "SCHOOL_TYPE": "ES", "BOARD_NAME": "Toronto Catholic District School Board", "SOURCE_ADDRESS": "8 SEASONS DR ", "SCHOOL_TYPE_DESC": "English Separate", "ADDRESS_POINT_ID": 30012333, "ADDRESS_NUMBER": "8", "LINEAR_NAME_FULL": "Seasons Dr", "ADDRESS_FULL": "8 Seasons Dr", "POSTAL_CODE": "M1X 1X4", "MUNICIPALITY": "SC", "CITY": "SC", "PLACE_NAME": "Blessed Pier Giorgio Frassati Catholic School", "GENERAL_USE_CODE": 115001, "CENTRELINE_ID": 30062578, "LO_NUM": 8, "LO_NUM_SUF": "None", "HI_NUM": null, "HI_NUM_SUF": "None", "LINEAR_NAME_ID": 16909.0 }, "geometry": { "type": "MultiPoint", "coordinates": [ [ -79.232737519125706, 43.829875203452502 ] ] } },
{ "type": "Feature", "properties": { "_id": 113, "OBJECTID": 212, "GEO_ID": 7763002.0, "NAME": "BLESSED SACRAMENT CATHOLIC ELEMENTARY SCHOOL", "SCHOOL_LEVEL": "None", "SCHOOL_TYPE": "ES", "BOARD_NAME": "Toronto Catholic District School Board", "SOURCE_ADDRESS": "24 BEDFORD PARK AVE ", "SCHOOL_TYPE_DESC": "English Separate", "ADDRESS_POINT_ID": 7763002, "ADDRESS_NUMBER": "24", "LINEAR_NAME_FULL": "Bedford Park Ave", "ADDRESS_FULL": "24 Bedford Park Ave", "POSTAL_CODE": "M5M 1H9", "MUNICIPALITY": "TO", "CITY": "TO", "PLACE_NAME": "Blessed Sacrament Catholic School", "GENERAL_USE_CODE": 115001, "CENTRELINE_ID": 14036649, "LO_NUM": 24, "LO_NUM_SUF": "None", "HI_NUM": null, "HI_NUM_SUF": "None", "LINEAR_NAME_ID": 2976.0 }, "geometry": { "type": "MultiPoint", "coordinates": [ [ -79.403997515370506, 43.727481610379897 ] ] } },
{ "type": "Feature", "properties": { "_id": 114, "OBJECTID": 213, "GEO_ID": 9602629.0, "NAME": "BLESSED TRINITY CATHOLIC ELEMENTARY SCHOOL", "SCHOOL_LEVEL": "None", "SCHOOL_TYPE": "ES", "BOARD_NAME": "Toronto Catholic District School Board", "SOURCE_ADDRESS": "3205 BAYVIEW AVE ", "SCHOOL_TYPE_DESC": "English Separate", "ADDRESS_POINT_ID": 9602629, "ADDRESS_NUMBER": "3205", "LINEAR_NAME_FULL": "Bayview Ave", "ADDRESS_FULL": "3205 Bayview Ave", "POSTAL_CODE": "M2K 1G3", "MUNICIPALITY": "NY", "CITY": "NY", "PLACE_NAME": "Blessed Trinity Catholic School", "GENERAL_USE_CODE": 115001, "CENTRELINE_ID": 9531471, "LO_NUM": 3205, "LO_NUM_SUF": "None", "HI_NUM": null, "HI_NUM_SUF": "None", "LINEAR_NAME_ID": 24.0 }, "geometry": { "type": "MultiPoint", "coordinates": [ [ -79.391826199988998, 43.786897543617599 ] ] } },
{ "type": "Feature", "properties": { "_id": 115, "OBJECTID": 214, "GEO_ID": 306063.0, "NAME": "BLISS CARMAN SR PUBLIC SCHOOL", "SCHOOL_LEVEL": "None", "SCHOOL_TYPE": "EP", "BOARD_NAME": "Toronto District School Board", "SOURCE_ADDRESS": "10 BELLAMY RD S", "SCHOOL_TYPE_DESC": "English Public", "ADDRESS_POINT_ID": 306063, "ADDRESS_NUMBER": "10", "LINEAR_NAME_FULL": "Bellamy Rd S", "ADDRESS_FULL": "10 Bellamy Rd S", "POSTAL_CODE": "M1M 3N8", "MUNICIPALITY": "SC", "CITY": "SC", "PLACE_NAME": "Bliss Carman Senior Public School", "GENERAL_USE_CODE": 115001, "CENTRELINE_ID": 14245815, "LO_NUM": 10, "LO_NUM_SUF": "None", "HI_NUM": null, "HI_NUM_SUF": "None", "LINEAR_NAME_ID": 7314.0 }, "geometry": { "type": "MultiPoint", "coordinates": [ [ -79.225601878614697, 43.732648962950996 ] ] } },
{ "type": "Feature", "properties": { "_id": 116, "OBJECTID": 215, "GEO_ID": 30123033.0, "NAME": "BLOOR C.I. & ALPHA II ALTERNATIVE", "SCHOOL_LEVEL": "None", "SCHOOL_TYPE": "EP", "BOARD_NAME": "Toronto District School Board", "SOURCE_ADDRESS": "1141 BLOOR ST W", "SCHOOL_TYPE_DESC": "English Public", "ADDRESS_POINT_ID": 30123033, "ADDRESS_NUMBER": "1141", "LINEAR_NAME_FULL": "Bloor St W", "ADDRESS_FULL": "1141 Bloor St W", "POSTAL_CODE": "None", "MUNICIPALITY": "TO", "CITY": "TO", "PLACE_NAME": "None", "GENERAL_USE_CODE": 115001, "CENTRELINE_ID": 1143991, "LO_NUM": 1141, "LO_NUM_SUF": "None", "HI_NUM": null, "HI_NUM_SUF": "None", "LINEAR_NAME_ID": 458.0 }, "geometry": { "type": "MultiPoint", "coordinates": [ [ -79.436443694401405, 43.659255102507501 ] ] } },
{ "type": "Feature", "properties": { "_id": 117, "OBJECTID": 216, "GEO_ID": 8432037.0, "NAME": "BLOORDALE MDL SCHOOL", "SCHOOL_LEVEL": "None", "SCHOOL_TYPE": "EP", "BOARD_NAME": "Toronto District School Board", "SOURCE_ADDRESS": "10 TOLEDO RD ", "SCHOOL_TYPE_DESC": "English Public", "ADDRESS_POINT_ID": 8432037, "ADDRESS_NUMBER": "10", "LINEAR_NAME_FULL": "Toledo Rd", "ADDRESS_FULL": "10 Toledo Rd", "POSTAL_CODE": "M9C 2H3", "MUNICIPALITY": "ET", "CITY": "ET", "PLACE_NAME": "Bloordale Middle School", "GENERAL_USE_CODE": 115001, "CENTRELINE_ID": 30009321, "LO_NUM": 10, "LO_NUM_SUF": "None", "HI_NUM": null, "HI_NUM_SUF": "None", "LINEAR_NAME_ID": 2640.0 }, "geometry": { "type": "MultiPoint", "coordinates": [ [ -79.571946530065105, 43.639145648915303 ] ] } },
{ "type": "Feature", "properties": { "_id": 118, "OBJECTID": 217, "GEO_ID": 8731366.0, "NAME": "BLOORLEA MDL SCHOOL ", "SCHOOL_LEVEL": "None", "SCHOOL_TYPE": "EP", "BOARD_NAME": "Toronto District School Board", "SOURCE_ADDRESS": "4050 BLOOR ST W", "SCHOOL_TYPE_DESC": "English Public", "ADDRESS_POINT_ID": 8731366, "ADDRESS_NUMBER": "4050", "LINEAR_NAME_FULL": "Bloor St W", "ADDRESS_FULL": "4050 Bloor St W", "POSTAL_CODE": "M9B 1M5", "MUNICIPALITY": "ET", "CITY": "ET", "PLACE_NAME": "Bloorlea Middle School", "GENERAL_USE_CODE": 115001, "CENTRELINE_ID": 8731343, "LO_NUM": 4050, "LO_NUM_SUF": "None", "HI_NUM": null, "HI_NUM_SUF": "None", "LINEAR_NAME_ID": 458.0 }, "geometry": { "type": "MultiPoint", "coordinates": [ [ -79.555675493590797, 43.637652932023798 ] ] } },
{ "type": "Feature", "properties": { "_id": 119, "OBJECTID": 218, "GEO_ID": 12601205.0, "NAME": "BLOORVIEW SCHOOL AUTHORITY", "SCHOOL_LEVEL": "None", "SCHOOL_TYPE": "PR", "BOARD_NAME": "None", "SOURCE_ADDRESS": "150 KILGOUR RD ", "SCHOOL_TYPE_DESC": "Private", "ADDRESS_POINT_ID": 12601205, "ADDRESS_NUMBER": "150", "LINEAR_NAME_FULL": "Kilgour Rd", "ADDRESS_FULL": "150 Kilgour Rd", "POSTAL_CODE": "M4G 1R8", "MUNICIPALITY": "NY", "CITY": "NY", "PLACE_NAME": "Bloorview Hugh Macmillan Centre", "GENERAL_USE_CODE": 115001, "CENTRELINE_ID": 20079268, "LO_NUM": 150, "LO_NUM_SUF": "None", "HI_NUM": null, "HI_NUM_SUF": "None", "LINEAR_NAME_ID": 18055.0 }, "geometry": { "type": "MultiPoint", "coordinates": [ [ -79.372962987608901, 43.718409598153102 ] ] } },
{ "type": "Feature", "properties": { "_id": 120, "OBJECTID": 219, "GEO_ID": 30054504.0, "NAME": "BLUE GENE EDUCATION SCHOOL", "SCHOOL_LEVEL": "None", "SCHOOL_TYPE": "PR", "BOARD_NAME": "None", "SOURCE_ADDRESS": "11A GLEN WATFORD DR ", "SCHOOL_TYPE_DESC": "Private", "ADDRESS_POINT_ID": 30054504, "ADDRESS_NUMBER": "11A", "LINEAR_NAME_FULL": "Glen Watford Dr", "ADDRESS_FULL": "11A Glen Watford Dr", "POSTAL_CODE": "M1S 2B8", "MUNICIPALITY": "SC", "CITY": "SC", "PLACE_NAME": "None", "GENERAL_USE_CODE": 115001, "CENTRELINE_ID": 7009470, "LO_NUM": 11, "LO_NUM_SUF": "A", "HI_NUM": null, "HI_NUM_SUF": "None", "LINEAR_NAME_ID": 7984.0 }, "geometry": { "type": "MultiPoint", "coordinates": [ [ -79.275621051741496, 43.786678096387398 ] ] } },
{ "type": "Feature", "properties": { "_id": 121, "OBJECTID": 220, "GEO_ID": 13494887.0, "NAME": "BLYTH ACADEMY SCHOOL - DOWNSVIEW PARK", "SCHOOL_LEVEL": "None", "SCHOOL_TYPE": "PR", "BOARD_NAME": "None", "SOURCE_ADDRESS": "75 CARL HALL RD ", "SCHOOL_TYPE_DESC": "Private", "ADDRESS_POINT_ID": 13494887, "ADDRESS_NUMBER": "75", "LINEAR_NAME_FULL": "Carl Hall Rd", "ADDRESS_FULL": "75 Carl Hall Rd", "POSTAL_CODE": "M3K 2B9", "MUNICIPALITY": "NY", "CITY": "NY", "PLACE_NAME": "None", "GENERAL_USE_CODE": 115001, "CENTRELINE_ID": 60014340, "LO_NUM": 75, "LO_NUM_SUF": "None", "HI_NUM": null, "HI_NUM_SUF": "None", "LINEAR_NAME_ID": 11506.0 }, "geometry": { "type": "MultiPoint", "coordinates": [ [ -79.474786144160603, 43.746850462427901 ] ] } },
{ "type": "Feature", "properties": { "_id": 122, "OBJECTID": 221, "GEO_ID": 8265336.0, "NAME": "BLYTH ACADEMY SCHOOL - ETOBICOKE", "SCHOOL_LEVEL": "None", "SCHOOL_TYPE": "PR", "BOARD_NAME": "None", "SOURCE_ADDRESS": "2489 BLOOR ST W", "SCHOOL_TYPE_DESC": "Private", "ADDRESS_POINT_ID": 8265336, "ADDRESS_NUMBER": "2489", "LINEAR_NAME_FULL": "Bloor St W", "ADDRESS_FULL": "2489 Bloor St W", "POSTAL_CODE": "M6S 1R6", "MUNICIPALITY": "TO", "CITY": "TO", "PLACE_NAME": "None", "GENERAL_USE_CODE": 115001, "CENTRELINE_ID": 8265335, "LO_NUM": 2489, "LO_NUM_SUF": "None", "HI_NUM": null, "HI_NUM_SUF": "None", "LINEAR_NAME_ID": 458.0 }, "geometry": { "type": "MultiPoint", "coordinates": [ [ -79.486543836165197, 43.647631829466803 ] ] } },
{ "type": "Feature", "properties": { "_id": 123, "OBJECTID": 222, "GEO_ID": 8566068.0, "NAME": "BLYTH ACADEMY SCHOOL - LAWRENCE PARK", "SCHOOL_LEVEL": "None", "SCHOOL_TYPE": "PR", "BOARD_NAME": "None", "SOURCE_ADDRESS": "2660 YONGE ST ", "SCHOOL_TYPE_DESC": "Private", "ADDRESS_POINT_ID": 8566068, "ADDRESS_NUMBER": "2660", "LINEAR_NAME_FULL": "Yonge St", "ADDRESS_FULL": "2660 Yonge St", "POSTAL_CODE": "M4P 2J5", "MUNICIPALITY": "TO", "CITY": "TO", "PLACE_NAME": "None", "GENERAL_USE_CODE": 115001, "CENTRELINE_ID": 8566053, "LO_NUM": 2660, "LO_NUM_SUF": "None", "HI_NUM": null, "HI_NUM_SUF": "None", "LINEAR_NAME_ID": 4733.0 }, "geometry": { "type": "MultiPoint", "coordinates": [ [ -79.400592136105701, 43.716013080974797 ] ] } },
{ "type": "Feature", "properties": { "_id": 124, "OBJECTID": 223, "GEO_ID": 7754014.0, "NAME": "BLYTHWOOD JR PUBLIC SCHOOL", "SCHOOL_LEVEL": "None", "SCHOOL_TYPE": "EP", "BOARD_NAME": "Toronto District School Board", "SOURCE_ADDRESS": "2 STRATHGOWAN CRES ", "SCHOOL_TYPE_DESC": "English Public", "ADDRESS_POINT_ID": 7754014, "ADDRESS_NUMBER": "2", "LINEAR_NAME_FULL": "Strathgowan Cres", "ADDRESS_FULL": "2 Strathgowan Cres", "POSTAL_CODE": "M4N 2Z5", "MUNICIPALITY": "TO", "CITY": "TO", "PLACE_NAME": "Blythwood Junior Public School", "GENERAL_USE_CODE": 115001, "CENTRELINE_ID": 7754013, "LO_NUM": 2, "LO_NUM_SUF": "None", "HI_NUM": null, "HI_NUM_SUF": "None", "LINEAR_NAME_ID": 4499.0 }, "geometry": { "type": "MultiPoint", "coordinates": [ [ -79.389505708441405, 43.719931498880797 ] ] } },
{ "type": "Feature", "properties": { "_id": 125, "OBJECTID": 224, "GEO_ID": 20138696.0, "NAME": "BNEI AKIVA SCHOOL - ULPANAT OROT", "SCHOOL_LEVEL": "None", "SCHOOL_TYPE": "PR", "BOARD_NAME": "None", "SOURCE_ADDRESS": "45 CANYON AVE ", "SCHOOL_TYPE_DESC": "Private", "ADDRESS_POINT_ID": 20138696, "ADDRESS_NUMBER": "45", "LINEAR_NAME_FULL": "Canyon Ave", "ADDRESS_FULL": "45 Canyon Ave", "POSTAL_CODE": "M3H 3S4", "MUNICIPALITY": "NY", "CITY": "NY", "PLACE_NAME": "None", "GENERAL_USE_CODE": 115001, "CENTRELINE_ID": 7094705, "LO_NUM": 45, "LO_NUM_SUF": "None", "HI_NUM": null, "HI_NUM_SUF": "None", "LINEAR_NAME_ID": 5112.0 }, "geometry": { "type": "MultiPoint", "coordinates": [ [ -79.438214587853395, 43.758218065953301 ] ] } },
{ "type": "Feature", "properties": { "_id": 126, "OBJECTID": 225, "GEO_ID": 9011164.0, "NAME": "BNOS BAIS YAAKOV SCHOOL FOR GIRLS", "SCHOOL_LEVEL": "None", "SCHOOL_TYPE": "PR", "BOARD_NAME": "None", "SOURCE_ADDRESS": "2949 BATHURST ST ", "SCHOOL_TYPE_DESC": "Private", "ADDRESS_POINT_ID": 9011164, "ADDRESS_NUMBER": "2949", "LINEAR_NAME_FULL": "Bathurst St", "ADDRESS_FULL": "2949 Bathurst St", "POSTAL_CODE": "M6B 3B2", "MUNICIPALITY": "NY", "CITY": "NY", "PLACE_NAME": "None", "GENERAL_USE_CODE": 115001, "CENTRELINE_ID": 9011161, "LO_NUM": 2949, "LO_NUM_SUF": "None", "HI_NUM": null, "HI_NUM_SUF": "None", "LINEAR_NAME_ID": 436.0 }, "geometry": { "type": "MultiPoint", "coordinates": [ [ -79.428820341763398, 43.716529583024297 ] ] } },
{ "type": "Feature", "properties": { "_id": 127, "OBJECTID": 226, "GEO_ID": 9246495.0, "NAME": "BNOS CHAYA ", "SCHOOL_LEVEL": "None", "SCHOOL_TYPE": "PR", "BOARD_NAME": "None", "SOURCE_ADDRESS": "3995 BATHURST ST ", "SCHOOL_TYPE_DESC": "Private", "ADDRESS_POINT_ID": 9246495, "ADDRESS_NUMBER": "3995", "LINEAR_NAME_FULL": "Bathurst St", "ADDRESS_FULL": "3995 Bathurst St", "POSTAL_CODE": "M3H 5V3", "MUNICIPALITY": "NY", "CITY": "NY", "PLACE_NAME": "None", "GENERAL_USE_CODE": 115001, "CENTRELINE_ID": 9246492, "LO_NUM": 3995, "LO_NUM_SUF": "None", "HI_NUM": null, "HI_NUM_SUF": "None", "LINEAR_NAME_ID": 436.0 }, "geometry": { "type": "MultiPoint", "coordinates": [ [ -79.435297924329404, 43.7441315066839 ] ] } },
{ "type": "Feature", "properties": { "_id": 128, "OBJECTID": 227, "GEO_ID": 30113976.0, "NAME": "BOARDWALK MONTESSORI SCHOOL", "SCHOOL_LEVEL": "None", "SCHOOL_TYPE": "PR", "BOARD_NAME": "None", "SOURCE_ADDRESS": "1975B QUEEN ST E", "SCHOOL_TYPE_DESC": "Private", "ADDRESS_POINT_ID": 30113976, "ADDRESS_NUMBER": "1975B", "LINEAR_NAME_FULL": "Queen St E", "ADDRESS_FULL": "1975B Queen St E", "POSTAL_CODE": "M4L 1J1", "MUNICIPALITY": "TO", "CITY": "TO", "PLACE_NAME": "None", "GENERAL_USE_CODE": 115001, "CENTRELINE_ID": 7683440, "LO_NUM": 1975, "LO_NUM_SUF": "B", "HI_NUM": null, "HI_NUM_SUF": "None", "LINEAR_NAME_ID": 4237.0 }, "geometry": { "type": "MultiPoint", "coordinates": [ [ -79.300532943230195, 43.669616329308703 ] ] } },
{ "type": "Feature", "properties": { "_id": 129, "OBJECTID": 228, "GEO_ID": 826229.0, "NAME": "BON BERGER CATHOLIC ELEMENTARY SCHOOL", "SCHOOL_LEVEL": "None", "SCHOOL_TYPE": "FS", "BOARD_NAME": "Conseil scolaire de district catholique Centre-Sud", "SOURCE_ADDRESS": "343 JONES AVE ", "SCHOOL_TYPE_DESC": "French Separate", "ADDRESS_POINT_ID": 826229, "ADDRESS_NUMBER": "343", "LINEAR_NAME_FULL": "Jones Ave", "ADDRESS_FULL": "343 Jones Ave", "POSTAL_CODE": "M4J 3G4", "MUNICIPALITY": "TO", "CITY": "TO", "PLACE_NAME": "Bon Berger Catholic Elementary School", "GENERAL_USE_CODE": 115001, "CENTRELINE_ID": 1141641, "LO_NUM": 343, "LO_NUM_SUF": "None", "HI_NUM": null, "HI_NUM_SUF": "None", "LINEAR_NAME_ID": 3752.0 }, "geometry": { "type": "MultiPoint", "coordinates": [ [ -79.336739703576797, 43.672626461092399 ] ] } },
{ "type": "Feature", "properties": { "_id": 130, "OBJECTID": 229, "GEO_ID": 308612.0, "NAME": "BOND ACADEMY SCHOOL", "SCHOOL_LEVEL": "None", "SCHOOL_TYPE": "PR", "BOARD_NAME": "None", "SOURCE_ADDRESS": "1500 BIRCHMOUNT RD ", "SCHOOL_TYPE_DESC": "Private", "ADDRESS_POINT_ID": 308612, "ADDRESS_NUMBER": "1500", "LINEAR_NAME_FULL": "Birchmount Rd", "ADDRESS_FULL": "1500 Birchmount Rd", "POSTAL_CODE": "M1P 2G5", "MUNICIPALITY": "SC", "CITY": "SC", "PLACE_NAME": "None", "GENERAL_USE_CODE": 115001, "CENTRELINE_ID": 109545, "LO_NUM": 1500, "LO_NUM_SUF": "None", "HI_NUM": null, "HI_NUM_SUF": "None", "LINEAR_NAME_ID": 7365.0 }, "geometry": { "type": "MultiPoint", "coordinates": [ [ -79.290311714267403, 43.756523216951003 ] ] } },
{ "type": "Feature", "properties": { "_id": 131, "OBJECTID": 230, "GEO_ID": 6361762.0, "NAME": "BOWMORE ROAD JR & SR PUBLIC SCHOOL ", "SCHOOL_LEVEL": "None", "SCHOOL_TYPE": "EP", "BOARD_NAME": "Toronto District School Board", "SOURCE_ADDRESS": "80 BOWMORE RD ", "SCHOOL_TYPE_DESC": "English Public", "ADDRESS_POINT_ID": 6361762, "ADDRESS_NUMBER": "80", "LINEAR_NAME_FULL": "Bowmore Rd", "ADDRESS_FULL": "80 Bowmore Rd", "POSTAL_CODE": "M4L 3J2", "MUNICIPALITY": "TO", "CITY": "TO", "PLACE_NAME": "Bowmore Road Junior and Senior Public School", "GENERAL_USE_CODE": 115001, "CENTRELINE_ID": 6355883, "LO_NUM": 80, "LO_NUM_SUF": "None", "HI_NUM": null, "HI_NUM_SUF": "None", "LINEAR_NAME_ID": 3044.0 }, "geometry": { "type": "MultiPoint", "coordinates": [ [ -79.314491715357903, 43.676063664795997 ] ] } },
{ "type": "Feature", "properties": { "_id": 132, "OBJECTID": 231, "GEO_ID": 1035925.0, "NAME": "BRAEBURN JR SCHOOL", "SCHOOL_LEVEL": "None", "SCHOOL_TYPE": "EP", "BOARD_NAME": "Toronto District School Board", "SOURCE_ADDRESS": "15 TANDRIDGE CRES ", "SCHOOL_TYPE_DESC": "English Public", "ADDRESS_POINT_ID": 1035925, "ADDRESS_NUMBER": "15", "LINEAR_NAME_FULL": "Tandridge Cres", "ADDRESS_FULL": "15 Tandridge Cres", "POSTAL_CODE": "M9W 2N8", "MUNICIPALITY": "ET", "CITY": "ET", "PLACE_NAME": "Braeburn Junior School", "GENERAL_USE_CODE": 115001, "CENTRELINE_ID": 907479, "LO_NUM": 15, "LO_NUM_SUF": "None", "HI_NUM": null, "HI_NUM_SUF": "None", "LINEAR_NAME_ID": 2579.0 }, "geometry": { "type": "MultiPoint", "coordinates": [ [ -79.548863813337206, 43.7280298273892 ] ] } },
{ "type": "Feature", "properties": { "_id": 133, "OBJECTID": 232, "GEO_ID": 7795750.0, "NAME": "BRAEMAR COLLEGE PRIVATE SECONDARY SCHOOL", "SCHOOL_LEVEL": "None", "SCHOOL_TYPE": "PR", "BOARD_NAME": "None", "SOURCE_ADDRESS": "229 COLLEGE ST ", "SCHOOL_TYPE_DESC": "Private", "ADDRESS_POINT_ID": 7795750, "ADDRESS_NUMBER": "229", "LINEAR_NAME_FULL": "College St", "ADDRESS_FULL": "229 College St", "POSTAL_CODE": "M5T 1R4", "MUNICIPALITY": "TO", "CITY": "TO", "PLACE_NAME": "None", "GENERAL_USE_CODE": 115001, "CENTRELINE_ID": 7795746, "LO_NUM": 229, "LO_NUM_SUF": "None", "HI_NUM": null, "HI_NUM_SUF": "None", "LINEAR_NAME_ID": 9765.0 }, "geometry": { "type": "MultiPoint", "coordinates": [ [ -79.397513190206894, 43.658126936194201 ] ] } },
{ "type": "Feature", "properties": { "_id": 134, "OBJECTID": 233, "GEO_ID": 801469.0, "NAME": "BRANKSOME HALL GIRLS SCHOOL", "SCHOOL_LEVEL": "None", "SCHOOL_TYPE": "PR", "BOARD_NAME": "None", "SOURCE_ADDRESS": "10 ELM AVE ", "SCHOOL_TYPE_DESC": "Private", "ADDRESS_POINT_ID": 801469, "ADDRESS_NUMBER": "10", "LINEAR_NAME_FULL": "Elm Ave", "ADDRESS_FULL": "10 Elm Ave", "POSTAL_CODE": "M4W 1N4", "MUNICIPALITY": "TO", "CITY": "TO", "PLACE_NAME": "None", "GENERAL_USE_CODE": 115001, "CENTRELINE_ID": 1141270, "LO_NUM": 10, "LO_NUM_SUF": "None", "HI_NUM": null, "HI_NUM_SUF": "None", "LINEAR_NAME_ID": 3384.0 }, "geometry": { "type": "MultiPoint", "coordinates": [ [ -79.379815437698198, 43.675062372311999 ] ] } },
{ "type": "Feature", "properties": { "_id": 135, "OBJECTID": 234, "GEO_ID": 565242.0, "NAME": "BREBEUF COLLEGE SCHOOL", "SCHOOL_LEVEL": "None", "SCHOOL_TYPE": "ES", "BOARD_NAME": "Toronto Catholic District School Board", "SOURCE_ADDRESS": "211 STEELES AVE E", "SCHOOL_TYPE_DESC": "English Separate", "ADDRESS_POINT_ID": 565242, "ADDRESS_NUMBER": "211", "LINEAR_NAME_FULL": "Steeles Ave E", "ADDRESS_FULL": "211 Steeles Ave E", "POSTAL_CODE": "M2M 3Y6", "MUNICIPALITY": "NY", "CITY": "NY", "PLACE_NAME": "Brebeuf College School", "GENERAL_USE_CODE": 115001, "CENTRELINE_ID": 14228166, "LO_NUM": 211, "LO_NUM_SUF": "None", "HI_NUM": null, "HI_NUM_SUF": "None", "LINEAR_NAME_ID": 6792.0 }, "geometry": { "type": "MultiPoint", "coordinates": [ [ -79.4026251522927, 43.800228240010902 ] ] } },
{ "type": "Feature", "properties": { "_id": 136, "OBJECTID": 235, "GEO_ID": 11467213.0, "NAME": "BRIAN PUBLIC SCHOOL", "SCHOOL_LEVEL": "None", "SCHOOL_TYPE": "EP", "BOARD_NAME": "Toronto District School Board", "SOURCE_ADDRESS": "95 BRIAN DR ", "SCHOOL_TYPE_DESC": "English Public", "ADDRESS_POINT_ID": 11467213, "ADDRESS_NUMBER": "95", "LINEAR_NAME_FULL": "Brian Dr", "ADDRESS_FULL": "95 Brian Dr", "POSTAL_CODE": "M2J 3Y6", "MUNICIPALITY": "NY", "CITY": "NY", "PLACE_NAME": "Brian Public School", "GENERAL_USE_CODE": 115001, "CENTRELINE_ID": 11467035, "LO_NUM": 95, "LO_NUM_SUF": "None", "HI_NUM": null, "HI_NUM_SUF": "None", "LINEAR_NAME_ID": 5028.0 }, "geometry": { "type": "MultiPoint", "coordinates": [ [ -79.331933544034996, 43.782453190432499 ] ] } },
{ "type": "Feature", "properties": { "_id": 137, "OBJECTID": 236, "GEO_ID": 8344927.0, "NAME": "BRIARCREST JR SCHOOL", "SCHOOL_LEVEL": "None", "SCHOOL_TYPE": "EP", "BOARD_NAME": "Toronto District School Board", "SOURCE_ADDRESS": "60 WELLESWORTH DR ", "SCHOOL_TYPE_DESC": "English Public", "ADDRESS_POINT_ID": 8344927, "ADDRESS_NUMBER": "60", "LINEAR_NAME_FULL": "Wellesworth Dr", "ADDRESS_FULL": "60 Wellesworth Dr", "POSTAL_CODE": "M9C 4R3", "MUNICIPALITY": "ET", "CITY": "ET", "PLACE_NAME": "Briarcrest Junior School", "GENERAL_USE_CODE": 115001, "CENTRELINE_ID": 8344924, "LO_NUM": 60, "LO_NUM_SUF": "None", "HI_NUM": null, "HI_NUM_SUF": "None", "LINEAR_NAME_ID": 2752.0 }, "geometry": { "type": "MultiPoint", "coordinates": [ [ -79.580075280440695, 43.666465771645498 ] ] } },
{ "type": "Feature", "properties": { "_id": 138, "OBJECTID": 237, "GEO_ID": 312084.0, "NAME": "BRIDLEWOOD JR PUBLIC SCHOOL ", "SCHOOL_LEVEL": "None", "SCHOOL_TYPE": "EP", "BOARD_NAME": "Toronto District School Board", "SOURCE_ADDRESS": "60 BRIDLEWOOD BLVD ", "SCHOOL_TYPE_DESC": "English Public", "ADDRESS_POINT_ID": 312084, "ADDRESS_NUMBER": "60", "LINEAR_NAME_FULL": "Bridlewood Blvd", "ADDRESS_FULL": "60 Bridlewood Blvd", "POSTAL_CODE": "M1T 1P7", "MUNICIPALITY": "SC", "CITY": "SC", "PLACE_NAME": "Bridlewood Junior Public School", "GENERAL_USE_CODE": 115001, "CENTRELINE_ID": 14198001, "LO_NUM": 60, "LO_NUM_SUF": "None", "HI_NUM": null, "HI_NUM_SUF": "None", "LINEAR_NAME_ID": 7427.0 }, "geometry": { "type": "MultiPoint", "coordinates": [ [ -79.315095388381707, 43.780796271167702 ] ] } },
{ "type": "Feature", "properties": { "_id": 139, "OBJECTID": 238, "GEO_ID": 14069873.0, "NAME": "BRIGHT START ACADEMY SCHOOL", "SCHOOL_LEVEL": "None", "SCHOOL_TYPE": "PR", "BOARD_NAME": "None", "SOURCE_ADDRESS": "4630 DUFFERIN ST ", "SCHOOL_TYPE_DESC": "Private", "ADDRESS_POINT_ID": 14069873, "ADDRESS_NUMBER": "4630", "LINEAR_NAME_FULL": "Dufferin St", "ADDRESS_FULL": "4630 Dufferin St", "POSTAL_CODE": "M3H 5S4", "MUNICIPALITY": "NY", "CITY": "NY", "PLACE_NAME": "None", "GENERAL_USE_CODE": 115001, "CENTRELINE_ID": 10280130, "LO_NUM": 4630, "LO_NUM_SUF": "None", "HI_NUM": null, "HI_NUM_SUF": "None", "LINEAR_NAME_ID": 557.0 }, "geometry": { "type": "MultiPoint", "coordinates": [ [ -79.468289906445307, 43.7732445761783 ] ] } },
{ "type": "Feature", "properties": { "_id": 140, "OBJECTID": 239, "GEO_ID": 20353041.0, "NAME": "BRIGHTON SCHOOL", "SCHOOL_LEVEL": "None", "SCHOOL_TYPE": "PR", "BOARD_NAME": "None", "SOURCE_ADDRESS": "150 WYNFORD DR ", "SCHOOL_TYPE_DESC": "Private", "ADDRESS_POINT_ID": 20353041, "ADDRESS_NUMBER": "150", "LINEAR_NAME_FULL": "Wynford Dr", "ADDRESS_FULL": "150 Wynford Dr", "POSTAL_CODE": "M3C 1K6", "MUNICIPALITY": "NY", "CITY": "NY", "PLACE_NAME": "None", "GENERAL_USE_CODE": 115001, "CENTRELINE_ID": 443981, "LO_NUM": 150, "LO_NUM_SUF": "None", "HI_NUM": null, "HI_NUM_SUF": "None", "LINEAR_NAME_ID": 7128.0 }, "geometry": { "type": "MultiPoint", "coordinates": [ [ -79.326638290545304, 43.727209290221602 ] ] } },
{ "type": "Feature", "properties": { "_id": 141, "OBJECTID": 240, "GEO_ID": 313306.0, "NAME": "BRIMWOOD BOULEVARD JR PUBLIC SCHOOL ", "SCHOOL_LEVEL": "None", "SCHOOL_TYPE": "EP", "BOARD_NAME": "Toronto District School Board", "SOURCE_ADDRESS": "151 BRIMWOOD BLVD ", "SCHOOL_TYPE_DESC": "English Public", "ADDRESS_POINT_ID": 313306, "ADDRESS_NUMBER": "151", "LINEAR_NAME_FULL": "Brimwood Blvd", "ADDRESS_FULL": "151 Brimwood Blvd", "POSTAL_CODE": "M1V 1E5", "MUNICIPALITY": "SC", "CITY": "SC", "PLACE_NAME": "Brimwood Boulevard Junior Public School", "GENERAL_USE_CODE": 115001, "CENTRELINE_ID": 103922, "LO_NUM": 151, "LO_NUM_SUF": "None", "HI_NUM": null, "HI_NUM_SUF": "None", "LINEAR_NAME_ID": 7438.0 }, "geometry": { "type": "MultiPoint", "coordinates": [ [ -79.2740896574429, 43.811699884800397 ] ] } },
{ "type": "Feature", "properties": { "_id": 142, "OBJECTID": 241, "GEO_ID": 7515119.0, "NAME": "BROADACRES JR SCHOOL ", "SCHOOL_LEVEL": "None", "SCHOOL_TYPE": "EP", "BOARD_NAME": "Toronto District School Board", "SOURCE_ADDRESS": "45 CRENDON DR ", "SCHOOL_TYPE_DESC": "English Public", "ADDRESS_POINT_ID": 7515119, "ADDRESS_NUMBER": "45", "LINEAR_NAME_FULL": "Crendon Dr", "ADDRESS_FULL": "45 Crendon Dr", "POSTAL_CODE": "M9C 3G6", "MUNICIPALITY": "ET", "CITY": "ET", "PLACE_NAME": "Broadacres Junior School", "GENERAL_USE_CODE": 115001, "CENTRELINE_ID": 7515109, "LO_NUM": 45, "LO_NUM_SUF": "None", "HI_NUM": null, "HI_NUM_SUF": "None", "LINEAR_NAME_ID": 1409.0 }, "geometry": { "type": "MultiPoint", "coordinates": [ [ -79.572020731954296, 43.648066717635103 ] ] } },
{ "type": "Feature", "properties": { "_id": 143, "OBJECTID": 242, "GEO_ID": 492477.0, "NAME": "BROADLANDS PUBLIC SCHOOL", "SCHOOL_LEVEL": "None", "SCHOOL_TYPE": "EP", "BOARD_NAME": "Toronto District School Board", "SOURCE_ADDRESS": "106 BROADLANDS BLVD ", "SCHOOL_TYPE_DESC": "English Public", "ADDRESS_POINT_ID": 492477, "ADDRESS_NUMBER": "106", "LINEAR_NAME_FULL": "Broadlands Blvd", "ADDRESS_FULL": "106 Broadlands Blvd", "POSTAL_CODE": "M3A 1J7", "MUNICIPALITY": "NY", "CITY": "NY", "PLACE_NAME": "Broadlands Public School", "GENERAL_USE_CODE": 115001, "CENTRELINE_ID": 441603, "LO_NUM": 106, "LO_NUM_SUF": "None", "HI_NUM": null, "HI_NUM_SUF": "None", "LINEAR_NAME_ID": 5039.0 }, "geometry": { "type": "MultiPoint", "coordinates": [ [ -79.316462271329002, 43.745727722785396 ] ] } },
{ "type": "Feature", "properties": { "_id": 144, "OBJECTID": 243, "GEO_ID": 9780839.0, "NAME": "BROCK JR PUBLIC SCHOOL ", "SCHOOL_LEVEL": "None", "SCHOOL_TYPE": "EP", "BOARD_NAME": "Toronto District School Board", "SOURCE_ADDRESS": "93 MARGUERETTA ST ", "SCHOOL_TYPE_DESC": "English Public", "ADDRESS_POINT_ID": 9780839, "ADDRESS_NUMBER": "93", "LINEAR_NAME_FULL": "Margueretta St", "ADDRESS_FULL": "93 Margueretta St", "POSTAL_CODE": "M6H 3S4", "MUNICIPALITY": "TO", "CITY": "TO", "PLACE_NAME": "Brock Public School", "GENERAL_USE_CODE": 115001, "CENTRELINE_ID": 14017889, "LO_NUM": 93, "LO_NUM_SUF": "None", "HI_NUM": null, "HI_NUM_SUF": "None", "LINEAR_NAME_ID": 3919.0 }, "geometry": { "type": "MultiPoint", "coordinates": [ [ -79.437844131477206, 43.653049692426897 ] ] } },
{ "type": "Feature", "properties": { "_id": 145, "OBJECTID": 244, "GEO_ID": 493354.0, "NAME": "BROOKHAVEN PUBLIC SCHOOL", "SCHOOL_LEVEL": "None", "SCHOOL_TYPE": "EP", "BOARD_NAME": "Toronto District School Board", "SOURCE_ADDRESS": "70 BROOKHAVEN DR ", "SCHOOL_TYPE_DESC": "English Public", "ADDRESS_POINT_ID": 493354, "ADDRESS_NUMBER": "70", "LINEAR_NAME_FULL": "Brookhaven Dr", "ADDRESS_FULL": "70 Brookhaven Dr", "POSTAL_CODE": "M6M 4N8", "MUNICIPALITY": "NY", "CITY": "NY", "PLACE_NAME": "Brookhaven Public School", "GENERAL_USE_CODE": 115001, "CENTRELINE_ID": 446535, "LO_NUM": 70, "LO_NUM_SUF": "None", "HI_NUM": null, "HI_NUM_SUF": "None", "LINEAR_NAME_ID": 5048.0 }, "geometry": { "type": "MultiPoint", "coordinates": [ [ -79.495694398954896, 43.702506311229001 ] ] } },
{ "type": "Feature", "properties": { "_id": 146, "OBJECTID": 245, "GEO_ID": 536834.0, "NAME": "BROOKLYN COLLEGE SECONDARY SCHOOL", "SCHOOL_LEVEL": "None", "SCHOOL_TYPE": "PR", "BOARD_NAME": "None", "SOURCE_ADDRESS": "150 LESMILL RD ", "SCHOOL_TYPE_DESC": "Private", "ADDRESS_POINT_ID": 536834, "ADDRESS_NUMBER": "150", "LINEAR_NAME_FULL": "Lesmill Rd", "ADDRESS_FULL": "150 Lesmill Rd", "POSTAL_CODE": "M3B 2T5", "MUNICIPALITY": "NY", "CITY": "NY", "PLACE_NAME": "None", "GENERAL_USE_CODE": 115001, "CENTRELINE_ID": 440167, "LO_NUM": 150, "LO_NUM_SUF": "None", "HI_NUM": null, "HI_NUM_SUF": "None", "LINEAR_NAME_ID": 6048.0 }, "geometry": { "type": "MultiPoint", "coordinates": [ [ -79.358647025066304, 43.759399280348802 ] ] } },
{ "type": "Feature", "properties": { "_id": 147, "OBJECTID": 246, "GEO_ID": 6242368.0, "NAME": "BROOKMILL BOULEVARD JR PUBLIC SCHOOL", "SCHOOL_LEVEL": "None", "SCHOOL_TYPE": "EP", "BOARD_NAME": "Toronto District School Board", "SOURCE_ADDRESS": "25 BROOKMILL BLVD ", "SCHOOL_TYPE_DESC": "English Public", "ADDRESS_POINT_ID": 6242368, "ADDRESS_NUMBER": "25", "LINEAR_NAME_FULL": "Brookmill Blvd", "ADDRESS_FULL": "25 Brookmill Blvd", "POSTAL_CODE": "M1W 2L5", "MUNICIPALITY": "SC", "CITY": "SC", "PLACE_NAME": "Brookmill Boulevard Junior Public School", "GENERAL_USE_CODE": 115001, "CENTRELINE_ID": 6242369, "LO_NUM": 25, "LO_NUM_SUF": "None", "HI_NUM": null, "HI_NUM_SUF": "None", "LINEAR_NAME_ID": 7452.0 }, "geometry": { "type": "MultiPoint", "coordinates": [ [ -79.314868004593507, 43.80122038284 ] ] } },
{ "type": "Feature", "properties": { "_id": 148, "OBJECTID": 247, "GEO_ID": 14248664.0, "NAME": "BROOKSIDE PUBLIC SCHOOL", "SCHOOL_LEVEL": "None", "SCHOOL_TYPE": "EP", "BOARD_NAME": "Toronto District School Board", "SOURCE_ADDRESS": "75 OASIS BLVD ", "SCHOOL_TYPE_DESC": "English Public", "ADDRESS_POINT_ID": 14248664, "ADDRESS_NUMBER": "75", "LINEAR_NAME_FULL": "Oasis Blvd", "ADDRESS_FULL": "75 Oasis Blvd", "POSTAL_CODE": "M1X 0A3", "MUNICIPALITY": "SC", "CITY": "SC", "PLACE_NAME": "Brookside Public School", "GENERAL_USE_CODE": 115001, "CENTRELINE_ID": 14248995, "LO_NUM": 75, "LO_NUM_SUF": "None", "HI_NUM": null, "HI_NUM_SUF": "None", "LINEAR_NAME_ID": 16908.0 }, "geometry": { "type": "MultiPoint", "coordinates": [ [ -79.233853299467498, 43.8303652064155 ] ] } },
{ "type": "Feature", "properties": { "_id": 149, "OBJECTID": 248, "GEO_ID": 531083.0, "NAME": "BROOKVIEW MDL SCHOOL & BROOKVIEW LINC", "SCHOOL_LEVEL": "None", "SCHOOL_TYPE": "EP", "BOARD_NAME": "Toronto District School Board", "SOURCE_ADDRESS": "4505 JANE ST ", "SCHOOL_TYPE_DESC": "English Public", "ADDRESS_POINT_ID": 531083, "ADDRESS_NUMBER": "4505", "LINEAR_NAME_FULL": "Jane St", "ADDRESS_FULL": "4505 Jane St", "POSTAL_CODE": "M3N 2K7", "MUNICIPALITY": "NY", "CITY": "NY", "PLACE_NAME": "Brookview Middle School", "GENERAL_USE_CODE": 115001, "CENTRELINE_ID": 439448, "LO_NUM": 4505, "LO_NUM_SUF": "None", "HI_NUM": null, "HI_NUM_SUF": "None", "LINEAR_NAME_ID": 694.0 }, "geometry": { "type": "MultiPoint", "coordinates": [ [ -79.517246655150203, 43.767457238087196 ] ] } },
{ "type": "Feature", "properties": { "_id": 150, "OBJECTID": 249, "GEO_ID": 7992855.0, "NAME": "BROWN JR PUBLIC SCHOOL", "SCHOOL_LEVEL": "None", "SCHOOL_TYPE": "EP", "BOARD_NAME": "Toronto District School Board", "SOURCE_ADDRESS": "454 AVENUE RD ", "SCHOOL_TYPE_DESC": "English Public", "ADDRESS_POINT_ID": 7992855, "ADDRESS_NUMBER": "454", "LINEAR_NAME_FULL": "Avenue Rd", "ADDRESS_FULL": "454 Avenue Rd", "POSTAL_CODE": "M4V 2J1", "MUNICIPALITY": "TO", "CITY": "TO", "PLACE_NAME": "Brown Junior Public School, Brown Community Centre", "GENERAL_USE_CODE": 115001, "CENTRELINE_ID": 7992854, "LO_NUM": 454, "LO_NUM_SUF": "None", "HI_NUM": null, "HI_NUM_SUF": "None", "LINEAR_NAME_ID": 2924.0 }, "geometry": { "type": "MultiPoint", "coordinates": [ [ -79.401312274714201, 43.6849129181957 ] ] } },
{ "type": "Feature", "properties": { "_id": 151, "OBJECTID": 250, "GEO_ID": 8392356.0, "NAME": "BRUCE JR PUBLIC SCHOOL", "SCHOOL_LEVEL": "None", "SCHOOL_TYPE": "EP", "BOARD_NAME": "Toronto District School Board", "SOURCE_ADDRESS": "51 LARCHMOUNT AVE ", "SCHOOL_TYPE_DESC": "English Public", "ADDRESS_POINT_ID": 8392356, "ADDRESS_NUMBER": "51", "LINEAR_NAME_FULL": "Larchmount Ave", "ADDRESS_FULL": "51 Larchmount Ave", "POSTAL_CODE": "M4M 2Y6", "MUNICIPALITY": "TO", "CITY": "TO", "PLACE_NAME": "Bruce Public School", "GENERAL_USE_CODE": 115001, "CENTRELINE_ID": 14037200, "LO_NUM": 51, "LO_NUM_SUF": "None", "HI_NUM": null, "HI_NUM_SUF": "None", "LINEAR_NAME_ID": 3817.0 }, "geometry": { "type": "MultiPoint", "coordinates": [ [ -79.333336055873104, 43.661035815978501 ] ] } },
{ "type": "Feature", "properties": { "_id": 152, "OBJECTID": 251, "GEO_ID": 314022.0, "NAME": "BUCHANAN PUBLIC SCHOOL", "SCHOOL_LEVEL": "None", "SCHOOL_TYPE": "EP", "BOARD_NAME": "Toronto District School Board", "SOURCE_ADDRESS": "4 BUCANNAN RD ", "SCHOOL_TYPE_DESC": "English Public", "ADDRESS_POINT_ID": 314022, "ADDRESS_NUMBER": "4", "LINEAR_NAME_FULL": "Bucannan Rd", "ADDRESS_FULL": "4 Bucannan Rd", "POSTAL_CODE": "M1R 3V3", "MUNICIPALITY": "SC", "CITY": "SC", "PLACE_NAME": "Buchanan Public School", "GENERAL_USE_CODE": 115001, "CENTRELINE_ID": 109942, "LO_NUM": 4, "LO_NUM_SUF": "None", "HI_NUM": null, "HI_NUM_SUF": "None", "LINEAR_NAME_ID": 7464.0 }, "geometry": { "type": "MultiPoint", "coordinates": [ [ -79.299928268615503, 43.751412365980599 ] ] } },
{ "type": "Feature", "properties": { "_id": 153, "OBJECTID": 252, "GEO_ID": 6765660.0, "NAME": "BURNHAMTHORPE COLLEGIATE & ADULT LEARNING CENTRE ", "SCHOOL_LEVEL": "None", "SCHOOL_TYPE": "EP", "BOARD_NAME": "Toronto District School Board", "SOURCE_ADDRESS": "500 THE EAST MALL  ", "SCHOOL_TYPE_DESC": "English Public", "ADDRESS_POINT_ID": 6765660, "ADDRESS_NUMBER": "500", "LINEAR_NAME_FULL": "The East Mall", "ADDRESS_FULL": "500 The East Mall", "POSTAL_CODE": "M9B 2C4", "MUNICIPALITY": "ET", "CITY": "ET", "PLACE_NAME": "Burnhamthorpe Collegiate Institute", "GENERAL_USE_CODE": 115001, "CENTRELINE_ID": 6765661, "LO_NUM": 500, "LO_NUM_SUF": "None", "HI_NUM": null, "HI_NUM_SUF": "None", "LINEAR_NAME_ID": 2597.0 }, "geometry": { "type": "MultiPoint", "coordinates": [ [ -79.561694875876597, 43.649167925663399 ] ] } },
{ "type": "Feature", "properties": { "_id": 154, "OBJECTID": 253, "GEO_ID": 314663.0, "NAME": "BURROWS HALL JR PUBLIC SCHOOL", "SCHOOL_LEVEL": "None", "SCHOOL_TYPE": "EP", "BOARD_NAME": "Toronto District School Board", "SOURCE_ADDRESS": "151 BURROWS HALL BLVD ", "SCHOOL_TYPE_DESC": "English Public", "ADDRESS_POINT_ID": 314663, "ADDRESS_NUMBER": "151", "LINEAR_NAME_FULL": "Burrows Hall Blvd", "ADDRESS_FULL": "151 Burrows Hall Blvd", "POSTAL_CODE": "M1B 1M5", "MUNICIPALITY": "SC", "CITY": "SC", "PLACE_NAME": "Burrows Hall Junior Public School", "GENERAL_USE_CODE": 115001, "CENTRELINE_ID": 30063088, "LO_NUM": 151, "LO_NUM_SUF": "None", "HI_NUM": null, "HI_NUM_SUF": "None", "LINEAR_NAME_ID": 7479.0 }, "geometry": { "type": "MultiPoint", "coordinates": [ [ -79.228818008060401, 43.792697960517998 ] ] } },
{ "type": "Feature", "properties": { "_id": 155, "OBJECTID": 254, "GEO_ID": 312706.0, "NAME": "C D FARQUHARSON JR PUBLIC SCHOOL", "SCHOOL_LEVEL": "None", "SCHOOL_TYPE": "EP", "BOARD_NAME": "Toronto District School Board", "SOURCE_ADDRESS": "1965 BRIMLEY RD ", "SCHOOL_TYPE_DESC": "English Public", "ADDRESS_POINT_ID": 312706, "ADDRESS_NUMBER": "1965", "LINEAR_NAME_FULL": "Brimley Rd", "ADDRESS_FULL": "1965 Brimley Rd", "POSTAL_CODE": "M1S 2B1", "MUNICIPALITY": "SC", "CITY": "SC", "PLACE_NAME": "C. D. Farquharson Junior Public School", "GENERAL_USE_CODE": 115001, "CENTRELINE_ID": 20050591, "LO_NUM": 1965, "LO_NUM_SUF": "None", "HI_NUM": null, "HI_NUM_SUF": "None", "LINEAR_NAME_ID": 7435.0 }, "geometry": { "type": "MultiPoint", "coordinates": [ [ -79.266105535819094, 43.784467159758002 ] ] } },
{ "type": "Feature", "properties": { "_id": 156, "OBJECTID": 255, "GEO_ID": 8837557.0, "NAME": "C R MARCHANT MDL SCHOOL", "SCHOOL_LEVEL": "None", "SCHOOL_TYPE": "EP", "BOARD_NAME": "Toronto District School Board", "SOURCE_ADDRESS": "1 RALPH ST ", "SCHOOL_TYPE_DESC": "English Public", "ADDRESS_POINT_ID": 8837557, "ADDRESS_NUMBER": "1", "LINEAR_NAME_FULL": "Ralph St", "ADDRESS_FULL": "1 Ralph St", "POSTAL_CODE": "M9N 3A8", "MUNICIPALITY": "YK", "CITY": "YK", "PLACE_NAME": "C. R. Marchant Middle School", "GENERAL_USE_CODE": 115001, "CENTRELINE_ID": 8837555, "LO_NUM": 1, "LO_NUM_SUF": "None", "HI_NUM": null, "HI_NUM_SUF": "None", "LINEAR_NAME_ID": 829.0 }, "geometry": { "type": "MultiPoint", "coordinates": [ [ -79.512933396655797, 43.701721478163797 ] ] } },
{ "type": "Feature", "properties": { "_id": 157, "OBJECTID": 256, "GEO_ID": 10071193.0, "NAME": "C W JEFFERYS COLLEGIATE INSTITUTE", "SCHOOL_LEVEL": "None", "SCHOOL_TYPE": "EP", "BOARD_NAME": "Toronto District School Board", "SOURCE_ADDRESS": "340 SENTINEL RD ", "SCHOOL_TYPE_DESC": "English Public", "ADDRESS_POINT_ID": 10071193, "ADDRESS_NUMBER": "340", "LINEAR_NAME_FULL": "Sentinel Rd", "ADDRESS_FULL": "340 Sentinel Rd", "POSTAL_CODE": "M3J 1T9", "MUNICIPALITY": "NY", "CITY": "NY", "PLACE_NAME": "C. W. Jeffreys Collegiate Institute", "GENERAL_USE_CODE": 115001, "CENTRELINE_ID": 30024038, "LO_NUM": 340, "LO_NUM_SUF": "None", "HI_NUM": null, "HI_NUM_SUF": "None", "LINEAR_NAME_ID": 6678.0 }, "geometry": { "type": "MultiPoint", "coordinates": [ [ -79.499912509524606, 43.758279258381499 ] ] } },
{ "type": "Feature", "properties": { "_id": 158, "OBJECTID": 257, "GEO_ID": 800584.0, "NAME": "CAESAR INTERNATIONAL ACADEMY", "SCHOOL_LEVEL": "None", "SCHOOL_TYPE": "PR", "BOARD_NAME": "None", "SOURCE_ADDRESS": "20 EGLINTON AVE E", "SCHOOL_TYPE_DESC": "Private", "ADDRESS_POINT_ID": 800584, "ADDRESS_NUMBER": "20", "LINEAR_NAME_FULL": "Eglinton Ave E", "ADDRESS_FULL": "20 Eglinton Ave E", "POSTAL_CODE": "M4P 1A9", "MUNICIPALITY": "TO", "CITY": "TO", "PLACE_NAME": "None", "GENERAL_USE_CODE": 115001, "CENTRELINE_ID": 30012728, "LO_NUM": 20, "LO_NUM_SUF": "None", "HI_NUM": null, "HI_NUM_SUF": "None", "LINEAR_NAME_ID": 125.0 }, "geometry": { "type": "MultiPoint", "coordinates": [ [ -79.397646499412105, 43.707274511721202 ] ] } },
{ "type": "Feature", "properties": { "_id": 159, "OBJECTID": 258, "GEO_ID": 495446.0, "NAME": "CALICO PUBLIC SCHOOL ", "SCHOOL_LEVEL": "None", "SCHOOL_TYPE": "EP", "BOARD_NAME": "Toronto District School Board", "SOURCE_ADDRESS": "35 CALICO DR ", "SCHOOL_TYPE_DESC": "English Public", "ADDRESS_POINT_ID": 495446, "ADDRESS_NUMBER": "35", "LINEAR_NAME_FULL": "Calico Dr", "ADDRESS_FULL": "35 Calico Dr", "POSTAL_CODE": "M3L 1V5", "MUNICIPALITY": "NY", "CITY": "NY", "PLACE_NAME": "Calico Public School", "GENERAL_USE_CODE": 115001, "CENTRELINE_ID": 442948, "LO_NUM": 35, "LO_NUM_SUF": "None", "HI_NUM": null, "HI_NUM_SUF": "None", "LINEAR_NAME_ID": 5092.0 }, "geometry": { "type": "MultiPoint", "coordinates": [ [ -79.5035920382592, 43.737906176468101 ] ] } },
{ "type": "Feature", "properties": { "_id": 160, "OBJECTID": 259, "GEO_ID": 495911.0, "NAME": "CAMERON PUBLIC SCHOOL", "SCHOOL_LEVEL": "None", "SCHOOL_TYPE": "EP", "BOARD_NAME": "Toronto District School Board", "SOURCE_ADDRESS": "211 CAMERON AVE ", "SCHOOL_TYPE_DESC": "English Public", "ADDRESS_POINT_ID": 495911, "ADDRESS_NUMBER": "211", "LINEAR_NAME_FULL": "Cameron Ave", "ADDRESS_FULL": "211 Cameron Ave", "POSTAL_CODE": "M2N 1E8", "MUNICIPALITY": "NY", "CITY": "NY", "PLACE_NAME": "Cameron Public School", "GENERAL_USE_CODE": 115001, "CENTRELINE_ID": 440741, "LO_NUM": 211, "LO_NUM_SUF": "None", "HI_NUM": null, "HI_NUM_SUF": "None", "LINEAR_NAME_ID": 484.0 }, "geometry": { "type": "MultiPoint", "coordinates": [ [ -79.421251554251, 43.754360698463898 ] ] } },
{ "type": "Feature", "properties": { "_id": 161, "OBJECTID": 260, "GEO_ID": 8837786.0, "NAME": "CANAAN GLOBAL ACADEMY", "SCHOOL_LEVEL": "None", "SCHOOL_TYPE": "PR", "BOARD_NAME": "None", "SOURCE_ADDRESS": "32 KERN RD ", "SCHOOL_TYPE_DESC": "Private", "ADDRESS_POINT_ID": 8837786, "ADDRESS_NUMBER": "32", "LINEAR_NAME_FULL": "Kern Rd", "ADDRESS_FULL": "32 Kern Rd", "POSTAL_CODE": "M3B 1T1", "MUNICIPALITY": "NY", "CITY": "NY", "PLACE_NAME": "None", "GENERAL_USE_CODE": 115001, "CENTRELINE_ID": 8837777, "LO_NUM": 32, "LO_NUM_SUF": "None", "HI_NUM": null, "HI_NUM_SUF": "None", "LINEAR_NAME_ID": 5958.0 }, "geometry": { "type": "MultiPoint", "coordinates": [ [ -79.350686485216698, 43.749900341372097 ] ] } },
{ "type": "Feature", "properties": { "_id": 162, "OBJECTID": 261, "GEO_ID": 9668636.0, "NAME": "CANADA INTERNATIONAL COLLEGE SCHOOL", "SCHOOL_LEVEL": "None", "SCHOOL_TYPE": "PR", "BOARD_NAME": "None", "SOURCE_ADDRESS": "2347 KENNEDY RD ", "SCHOOL_TYPE_DESC": "Private", "ADDRESS_POINT_ID": 9668636, "ADDRESS_NUMBER": "2347", "LINEAR_NAME_FULL": "Kennedy Rd", "ADDRESS_FULL": "2347 Kennedy Rd", "POSTAL_CODE": "M1T 3T8", "MUNICIPALITY": "SC", "CITY": "SC", "PLACE_NAME": "None", "GENERAL_USE_CODE": 115001, "CENTRELINE_ID": 9668534, "LO_NUM": 2347, "LO_NUM_SUF": "None", "HI_NUM": null, "HI_NUM_SUF": "None", "LINEAR_NAME_ID": 8224.0 }, "geometry": { "type": "MultiPoint", "coordinates": [ [ -79.2882892370706, 43.784056521905498 ] ] } },
{ "type": "Feature", "properties": { "_id": 163, "OBJECTID": 262, "GEO_ID": 7794398.0, "NAME": "CANADIAN MARTYRS CATHOLIC ELEMENTARY SCHOOL", "SCHOOL_LEVEL": "None", "SCHOOL_TYPE": "ES", "BOARD_NAME": "Toronto Catholic District School Board", "SOURCE_ADDRESS": "520 PLAINS RD ", "SCHOOL_TYPE_DESC": "English Separate", "ADDRESS_POINT_ID": 7794398, "ADDRESS_NUMBER": "520", "LINEAR_NAME_FULL": "Plains Rd", "ADDRESS_FULL": "520 Plains Rd", "POSTAL_CODE": "M4C 2Z1", "MUNICIPALITY": "EY", "CITY": "EY", "PLACE_NAME": "Canadian Martyrs Catholic School", "GENERAL_USE_CODE": 115001, "CENTRELINE_ID": 7794394, "LO_NUM": 520, "LO_NUM_SUF": "None", "HI_NUM": null, "HI_NUM_SUF": "None", "LINEAR_NAME_ID": 290.0 }, "geometry": { "type": "MultiPoint", "coordinates": [ [ -79.319338636247807, 43.698199920350497 ] ] } },
{ "type": "Feature", "properties": { "_id": 164, "OBJECTID": 263, "GEO_ID": 536810.0, "NAME": "CANADIAN MEMORIAL CHIROPRACTIC COLLEGE SCHOOL", "SCHOOL_LEVEL": "None", "SCHOOL_TYPE": "PR", "BOARD_NAME": "None", "SOURCE_ADDRESS": "6100 LESLIE ST ", "SCHOOL_TYPE_DESC": "Private", "ADDRESS_POINT_ID": 536810, "ADDRESS_NUMBER": "6100", "LINEAR_NAME_FULL": "Leslie St", "ADDRESS_FULL": "6100 Leslie St", "POSTAL_CODE": "M2H 3J1", "MUNICIPALITY": "NY", "CITY": "NY", "PLACE_NAME": "Shaarei Zion", "GENERAL_USE_CODE": 115001, "CENTRELINE_ID": 436356, "LO_NUM": 6100, "LO_NUM_SUF": "None", "HI_NUM": null, "HI_NUM_SUF": "None", "LINEAR_NAME_ID": 225.0 }, "geometry": { "type": "MultiPoint", "coordinates": [ [ -79.372053402888298, 43.803572345424499 ] ] } },
{ "type": "Feature", "properties": { "_id": 165, "OBJECTID": 264, "GEO_ID": 14129930.0, "NAME": "CANADIAN TAMIL ACADEMY", "SCHOOL_LEVEL": "None", "SCHOOL_TYPE": "PR", "BOARD_NAME": "None", "SOURCE_ADDRESS": "8 MILNER AVE ", "SCHOOL_TYPE_DESC": "Private", "ADDRESS_POINT_ID": 14129930, "ADDRESS_NUMBER": "8", "LINEAR_NAME_FULL": "Milner Ave", "ADDRESS_FULL": "8 Milner Ave", "POSTAL_CODE": "M1S 3P8", "MUNICIPALITY": "SC", "CITY": "SC", "PLACE_NAME": "None", "GENERAL_USE_CODE": 115001, "CENTRELINE_ID": 106730, "LO_NUM": 8, "LO_NUM_SUF": "None", "HI_NUM": null, "HI_NUM_SUF": "None", "LINEAR_NAME_ID": 8507.0 }, "geometry": { "type": "MultiPoint", "coordinates": [ [ -79.256064752669801, 43.785930972528902 ] ] } },
{ "type": "Feature", "properties": { "_id": 166, "OBJECTID": 265, "GEO_ID": 999333.0, "NAME": "CAN-AIM HIGH SCHOOL", "SCHOOL_LEVEL": "None", "SCHOOL_TYPE": "PR", "BOARD_NAME": "None", "SOURCE_ADDRESS": "2 ELMHURST DR ", "SCHOOL_TYPE_DESC": "Private", "ADDRESS_POINT_ID": 999333, "ADDRESS_NUMBER": "2", "LINEAR_NAME_FULL": "Elmhurst Dr", "ADDRESS_FULL": "2 Elmhurst Dr", "POSTAL_CODE": "M9W 2J3", "MUNICIPALITY": "ET", "CITY": "ET", "PLACE_NAME": "None", "GENERAL_USE_CODE": 115001, "CENTRELINE_ID": 907562, "LO_NUM": 2, "LO_NUM_SUF": "None", "HI_NUM": null, "HI_NUM_SUF": "None", "LINEAR_NAME_ID": 1544.0 }, "geometry": { "type": "MultiPoint", "coordinates": [ [ -79.551444275463993, 43.725134004136699 ] ] } },
{ "type": "Feature", "properties": { "_id": 167, "OBJECTID": 266, "GEO_ID": 9135228.0, "NAME": "CARDINAL CARTER ACADEMY FOR THE ARTS", "SCHOOL_LEVEL": "None", "SCHOOL_TYPE": "ES", "BOARD_NAME": "Toronto Catholic District School Board", "SOURCE_ADDRESS": "36 GREENFIELD AVE ", "SCHOOL_TYPE_DESC": "English Separate", "ADDRESS_POINT_ID": 9135228, "ADDRESS_NUMBER": "36", "LINEAR_NAME_FULL": "Greenfield Ave", "ADDRESS_FULL": "36 Greenfield Ave", "POSTAL_CODE": "M2N 3C8", "MUNICIPALITY": "NY", "CITY": "NY", "PLACE_NAME": "Cardinal Carter Academy For The Arts", "GENERAL_USE_CODE": 115001, "CENTRELINE_ID": 20040806, "LO_NUM": 36, "LO_NUM_SUF": "None", "HI_NUM": null, "HI_NUM_SUF": "None", "LINEAR_NAME_ID": 5748.0 }, "geometry": { "type": "MultiPoint", "coordinates": [ [ -79.409761582443195, 43.764095010309298 ] ] } },
{ "type": "Feature", "properties": { "_id": 168, "OBJECTID": 267, "GEO_ID": 365821.0, "NAME": "CARDINAL LEGER CATHOLIC ELEMENTARY SCHOOL", "SCHOOL_LEVEL": "None", "SCHOOL_TYPE": "ES", "BOARD_NAME": "Toronto Catholic District School Board", "SOURCE_ADDRESS": "600 MORRISH RD ", "SCHOOL_TYPE_DESC": "English Separate", "ADDRESS_POINT_ID": 365821, "ADDRESS_NUMBER": "600", "LINEAR_NAME_FULL": "Morrish Rd", "ADDRESS_FULL": "600 Morrish Rd", "POSTAL_CODE": "M1C 4Y1", "MUNICIPALITY": "SC", "CITY": "SC", "PLACE_NAME": "Cardinal Leger Catholic School", "GENERAL_USE_CODE": 115001, "CENTRELINE_ID": 13974899, "LO_NUM": 600, "LO_NUM_SUF": "None", "HI_NUM": null, "HI_NUM_SUF": "None", "LINEAR_NAME_ID": 8538.0 }, "geometry": { "type": "MultiPoint", "coordinates": [ [ -79.175461622642501, 43.793287951940101 ] ] } },
{ "type": "Feature", "properties": { "_id": 169, "OBJECTID": 268, "GEO_ID": 7974726.0, "NAME": "CAREER QUEST - TORONTO", "SCHOOL_LEVEL": "None", "SCHOOL_TYPE": "PR", "BOARD_NAME": "None", "SOURCE_ADDRESS": "129 YORKVILLE AVE ", "SCHOOL_TYPE_DESC": "Private", "ADDRESS_POINT_ID": 7974726, "ADDRESS_NUMBER": "129", "LINEAR_NAME_FULL": "Yorkville Ave", "ADDRESS_FULL": "129 Yorkville Ave", "POSTAL_CODE": "M5R 1C4", "MUNICIPALITY": "TO", "CITY": "TO", "PLACE_NAME": "None", "GENERAL_USE_CODE": 115001, "CENTRELINE_ID": 7974709, "LO_NUM": 129, "LO_NUM_SUF": "None", "HI_NUM": null, "HI_NUM_SUF": "None", "LINEAR_NAME_ID": 4737.0 }, "geometry": { "type": "MultiPoint", "coordinates": [ [ -79.393519460590298, 43.6704891897759 ] ] } },
{ "type": "Feature", "properties": { "_id": 170, "OBJECTID": 269, "GEO_ID": 800605.0, "NAME": "CAREERQUEST", "SCHOOL_LEVEL": "None", "SCHOOL_TYPE": "PR", "BOARD_NAME": "None", "SOURCE_ADDRESS": "150 EGLINTON AVE E", "SCHOOL_TYPE_DESC": "Private", "ADDRESS_POINT_ID": 800605, "ADDRESS_NUMBER": "150", "LINEAR_NAME_FULL": "Eglinton Ave E", "ADDRESS_FULL": "150 Eglinton Ave E", "POSTAL_CODE": "M4P 1E8", "MUNICIPALITY": "TO", "CITY": "TO", "PLACE_NAME": "None", "GENERAL_USE_CODE": 115001, "CENTRELINE_ID": 1138280, "LO_NUM": 150, "LO_NUM_SUF": "None", "HI_NUM": null, "HI_NUM_SUF": "None", "LINEAR_NAME_ID": 125.0 }, "geometry": { "type": "MultiPoint", "coordinates": [ [ -79.394003549828099, 43.707897671040101 ] ] } },
{ "type": "Feature", "properties": { "_id": 171, "OBJECTID": 270, "GEO_ID": 8714071.0, "NAME": "CARLETON VILLAGE JR & SR PUBLIC SCHOOL", "SCHOOL_LEVEL": "None", "SCHOOL_TYPE": "EP", "BOARD_NAME": "Toronto District School Board", "SOURCE_ADDRESS": "315 OSLER ST ", "SCHOOL_TYPE_DESC": "English Public", "ADDRESS_POINT_ID": 8714071, "ADDRESS_NUMBER": "315", "LINEAR_NAME_FULL": "Osler St", "ADDRESS_FULL": "315 Osler St", "POSTAL_CODE": "M6N 2Z4", "MUNICIPALITY": "TO", "CITY": "TO", "PLACE_NAME": "Carleton Village Junior and Senior Sports and Wellness Academy", "GENERAL_USE_CODE": 115001, "CENTRELINE_ID": 14012998, "LO_NUM": 315, "LO_NUM_SUF": "None", "HI_NUM": null, "HI_NUM_SUF": "None", "LINEAR_NAME_ID": 4124.0 }, "geometry": { "type": "MultiPoint", "coordinates": [ [ -79.460028803366896, 43.672352807938303 ] ] } },
{ "type": "Feature", "properties": { "_id": 172, "OBJECTID": 271, "GEO_ID": 497128.0, "NAME": "CASSANDRA PUBLIC SCHOOL", "SCHOOL_LEVEL": "None", "SCHOOL_TYPE": "EP", "BOARD_NAME": "Toronto District School Board", "SOURCE_ADDRESS": "45 CASSANDRA BLVD ", "SCHOOL_TYPE_DESC": "English Public", "ADDRESS_POINT_ID": 497128, "ADDRESS_NUMBER": "45", "LINEAR_NAME_FULL": "Cassandra Blvd", "ADDRESS_FULL": "45 Cassandra Blvd", "POSTAL_CODE": "M3A 1S5", "MUNICIPALITY": "NY", "CITY": "NY", "PLACE_NAME": "Cassandra Public School", "GENERAL_USE_CODE": 115001, "CENTRELINE_ID": 30100005, "LO_NUM": 45, "LO_NUM_SUF": "None", "HI_NUM": null, "HI_NUM_SUF": "None", "LINEAR_NAME_ID": 5139.0 }, "geometry": { "type": "MultiPoint", "coordinates": [ [ -79.328901475350904, 43.748425005349297 ] ] } },
{ "type": "Feature", "properties": { "_id": 173, "OBJECTID": 272, "GEO_ID": 992851.0, "NAME": "CASTLEBAR JR SCHOOL", "SCHOOL_LEVEL": "None", "SCHOOL_TYPE": "EP", "BOARD_NAME": "Toronto District School Board", "SOURCE_ADDRESS": "70 CHARTWELL RD ", "SCHOOL_TYPE_DESC": "English Public", "ADDRESS_POINT_ID": 992851, "ADDRESS_NUMBER": "70", "LINEAR_NAME_FULL": "Chartwell Rd", "ADDRESS_FULL": "70 Chartwell Rd", "POSTAL_CODE": "M8Z 4G6", "MUNICIPALITY": "ET", "CITY": "ET", "PLACE_NAME": "None", "GENERAL_USE_CODE": 115001, "CENTRELINE_ID": 912905, "LO_NUM": 70, "LO_NUM_SUF": "None", "HI_NUM": null, "HI_NUM_SUF": "None", "LINEAR_NAME_ID": 1336.0 }, "geometry": { "type": "MultiPoint", "coordinates": [ [ -79.513794212537107, 43.630556487989502 ] ] } },
{ "type": "Feature", "properties": { "_id": 174, "OBJECTID": 273, "GEO_ID": 337054.0, "NAME": "CEDAR DRIVE JR PUBLIC SCHOOL", "SCHOOL_LEVEL": "None", "SCHOOL_TYPE": "EP", "BOARD_NAME": "Toronto District School Board", "SOURCE_ADDRESS": "21 GATESVIEW AVE ", "SCHOOL_TYPE_DESC": "English Public", "ADDRESS_POINT_ID": 337054, "ADDRESS_NUMBER": "21", "LINEAR_NAME_FULL": "Gatesview Ave", "ADDRESS_FULL": "21 Gatesview Ave", "POSTAL_CODE": "M1J 3G4", "MUNICIPALITY": "SC", "CITY": "SC", "PLACE_NAME": "Cedar Drive Junior Public School", "GENERAL_USE_CODE": 115001, "CENTRELINE_ID": 110162, "LO_NUM": 21, "LO_NUM_SUF": "None", "HI_NUM": null, "HI_NUM_SUF": "None", "LINEAR_NAME_ID": 7957.0 }, "geometry": { "type": "MultiPoint", "coordinates": [ [ -79.215050939270995, 43.745852809501699 ] ] } },
{ "type": "Feature", "properties": { "_id": 175, "OBJECTID": 274, "GEO_ID": 360056.0, "NAME": "CEDARBRAE COLLEGIATE INSTITUTE", "SCHOOL_LEVEL": "None", "SCHOOL_TYPE": "EP", "BOARD_NAME": "Toronto District School Board", "SOURCE_ADDRESS": "550 MARKHAM RD ", "SCHOOL_TYPE_DESC": "English Public", "ADDRESS_POINT_ID": 360056, "ADDRESS_NUMBER": "550", "LINEAR_NAME_FULL": "Markham Rd", "ADDRESS_FULL": "550 Markham Rd", "POSTAL_CODE": "M1H 2A2", "MUNICIPALITY": "SC", "CITY": "SC", "PLACE_NAME": "Cedarbrae Collegiate Institute", "GENERAL_USE_CODE": 115001, "CENTRELINE_ID": 109476, "LO_NUM": 550, "LO_NUM_SUF": "None", "HI_NUM": null, "HI_NUM_SUF": "None", "LINEAR_NAME_ID": 8429.0 }, "geometry": { "type": "MultiPoint", "coordinates": [ [ -79.225924855989405, 43.7563408988376 ] ] } },
{ "type": "Feature", "properties": { "_id": 176, "OBJECTID": 275, "GEO_ID": 367221.0, "NAME": "CEDARBROOK JR PUBLIC SCHOOL ", "SCHOOL_LEVEL": "None", "SCHOOL_TYPE": "EP", "BOARD_NAME": "Toronto District School Board", "SOURCE_ADDRESS": "56 NELSON ST ", "SCHOOL_TYPE_DESC": "English Public", "ADDRESS_POINT_ID": 367221, "ADDRESS_NUMBER": "56", "LINEAR_NAME_FULL": "Nelson St", "ADDRESS_FULL": "56 Nelson St", "POSTAL_CODE": "M1J 2V6", "MUNICIPALITY": "SC", "CITY": "SC", "PLACE_NAME": "Cedarbrook Public School", "GENERAL_USE_CODE": 115001, "CENTRELINE_ID": 110186, "LO_NUM": 56, "LO_NUM_SUF": "None", "HI_NUM": null, "HI_NUM_SUF": "None", "LINEAR_NAME_ID": 4050.0 }, "geometry": { "type": "MultiPoint", "coordinates": [ [ -79.230192751526403, 43.747293392328103 ] ] } },
{ "type": "Feature", "properties": { "_id": 177, "OBJECTID": 276, "GEO_ID": 51217.0, "NAME": "CEDARVALE COMMUNITY SCHOOL ", "SCHOOL_LEVEL": "None", "SCHOOL_TYPE": "EP", "BOARD_NAME": "Toronto District School Board", "SOURCE_ADDRESS": "145 AVA RD ", "SCHOOL_TYPE_DESC": "English Public", "ADDRESS_POINT_ID": 51217, "ADDRESS_NUMBER": "145", "LINEAR_NAME_FULL": "Ava Rd", "ADDRESS_FULL": "145 Ava Rd", "POSTAL_CODE": "M6C 1W4", "MUNICIPALITY": "YK", "CITY": "YK", "PLACE_NAME": "Cedarvale Community School", "GENERAL_USE_CODE": 115001, "CENTRELINE_ID": 7630, "LO_NUM": 145, "LO_NUM_SUF": "None", "HI_NUM": null, "HI_NUM_SUF": "None", "LINEAR_NAME_ID": 418.0 }, "geometry": { "type": "MultiPoint", "coordinates": [ [ -79.430283726991803, 43.696025486871001 ] ] } },
{ "type": "Feature", "properties": { "_id": 178, "OBJECTID": 277, "GEO_ID": 13494886.0, "NAME": "CENTENNIAL COLLEGE - DOWNSVIEW CAMPUS", "SCHOOL_LEVEL": "None", "SCHOOL_TYPE": "C", "BOARD_NAME": "None", "SOURCE_ADDRESS": "65 CARL HALL RD ", "SCHOOL_TYPE_DESC": "College", "ADDRESS_POINT_ID": 13494886, "ADDRESS_NUMBER": "65", "LINEAR_NAME_FULL": "Carl Hall Rd", "ADDRESS_FULL": "65 Carl Hall Rd", "POSTAL_CODE": "M3K 2E1", "MUNICIPALITY": "NY", "CITY": "NY", "PLACE_NAME": "None", "GENERAL_USE_CODE": 115001, "CENTRELINE_ID": 30110451, "LO_NUM": 65, "LO_NUM_SUF": "None", "HI_NUM": null, "HI_NUM_SUF": "None", "LINEAR_NAME_ID": 11506.0 }, "geometry": { "type": "MultiPoint", "coordinates": [ [ -79.476193697020904, 43.747382384626199 ] ] } },
{ "type": "Feature", "properties": { "_id": 179, "OBJECTID": 278, "GEO_ID": 6786814.0, "NAME": "CENTENNIAL COLLEGE - MIDLAND CAMPUS", "SCHOOL_LEVEL": "None", "SCHOOL_TYPE": "C", "BOARD_NAME": "None", "SOURCE_ADDRESS": "1163 ELLESMERE RD ", "SCHOOL_TYPE_DESC": "College", "ADDRESS_POINT_ID": 6786814, "ADDRESS_NUMBER": "1163", "LINEAR_NAME_FULL": "Ellesmere Rd", "ADDRESS_FULL": "1163 Ellesmere Rd", "POSTAL_CODE": "M1P 2X6", "MUNICIPALITY": "SC", "CITY": "SC", "PLACE_NAME": "None", "GENERAL_USE_CODE": 115001, "CENTRELINE_ID": 108388, "LO_NUM": 1163, "LO_NUM_SUF": "None", "HI_NUM": null, "HI_NUM_SUF": "None", "LINEAR_NAME_ID": 7835.0 }, "geometry": { "type": "MultiPoint", "coordinates": [ [ -79.270543686678394, 43.767831554408097 ] ] } },
{ "type": "Feature", "properties": { "_id": 180, "OBJECTID": 279, "GEO_ID": 11048263.0, "NAME": "CENTENNIAL COLLEGE SCHOOL - ASHTONBEE CAMPUS", "SCHOOL_LEVEL": "None", "SCHOOL_TYPE": "C", "BOARD_NAME": "None", "SOURCE_ADDRESS": "75 ASHTONBEE RD ", "SCHOOL_TYPE_DESC": "College", "ADDRESS_POINT_ID": 11048263, "ADDRESS_NUMBER": "75", "LINEAR_NAME_FULL": "Ashtonbee Rd", "ADDRESS_FULL": "75 Ashtonbee Rd", "POSTAL_CODE": "M1L 4N4", "MUNICIPALITY": "SC", "CITY": "SC", "PLACE_NAME": "None", "GENERAL_USE_CODE": 115001, "CENTRELINE_ID": 20362192, "LO_NUM": 75, "LO_NUM_SUF": "None", "HI_NUM": null, "HI_NUM_SUF": "None", "LINEAR_NAME_ID": 7247.0 }, "geometry": { "type": "MultiPoint", "coordinates": [ [ -79.289786729638806, 43.730701378308098 ] ] } },
{ "type": "Feature", "properties": { "_id": 181, "OBJECTID": 280, "GEO_ID": 6387861.0, "NAME": "CENTENNIAL COLLEGE SCHOOL - CARLAW CAMPUS ", "SCHOOL_LEVEL": "None", "SCHOOL_TYPE": "C", "BOARD_NAME": "None", "SOURCE_ADDRESS": "951 CARLAW AVE ", "SCHOOL_TYPE_DESC": "College", "ADDRESS_POINT_ID": 6387861, "ADDRESS_NUMBER": "951", "LINEAR_NAME_FULL": "Carlaw Ave", "ADDRESS_FULL": "951 Carlaw Ave", "POSTAL_CODE": "M4K 3M2", "MUNICIPALITY": "EY", "CITY": "EY", "PLACE_NAME": "Centennial College", "GENERAL_USE_CODE": 115001, "CENTRELINE_ID": 6387864, "LO_NUM": 951, "LO_NUM_SUF": "None", "HI_NUM": null, "HI_NUM_SUF": "None", "LINEAR_NAME_ID": 56.0 }, "geometry": { "type": "MultiPoint", "coordinates": [ [ -79.348860605308801, 43.684651262071398 ] ] } },
{ "type": "Feature", "properties": { "_id": 182, "OBJECTID": 281, "GEO_ID": 14198162.0, "NAME": "CENTENNIAL COLLEGE SCHOOL - MORNINGSIDE CAMPUS ", "SCHOOL_LEVEL": "None", "SCHOOL_TYPE": "C", "BOARD_NAME": "None", "SOURCE_ADDRESS": "755 MORNINGSIDE AVE ", "SCHOOL_TYPE_DESC": "College", "ADDRESS_POINT_ID": 14198162, "ADDRESS_NUMBER": "755", "LINEAR_NAME_FULL": "Morningside Ave", "ADDRESS_FULL": "755 Morningside Ave", "POSTAL_CODE": "M1C 5J9", "MUNICIPALITY": "SC", "CITY": "SC", "PLACE_NAME": "Centennial HP Science and Technology Cen", "GENERAL_USE_CODE": 115001, "CENTRELINE_ID": 30075982, "LO_NUM": 755, "LO_NUM_SUF": "None", "HI_NUM": null, "HI_NUM_SUF": "None", "LINEAR_NAME_ID": 4015.0 }, "geometry": { "type": "MultiPoint", "coordinates": [ [ -79.192933161285694, 43.786023931075498 ] ] } },
{ "type": "Feature", "properties": { "_id": 183, "OBJECTID": 282, "GEO_ID": 13503978.0, "NAME": "CENTENNIAL COLLEGE SCHOOL - PROGRESS CAMPUS", "SCHOOL_LEVEL": "None", "SCHOOL_TYPE": "C", "BOARD_NAME": "None", "SOURCE_ADDRESS": "941 PROGRESS AVE ", "SCHOOL_TYPE_DESC": "College", "ADDRESS_POINT_ID": 13503978, "ADDRESS_NUMBER": "941", "LINEAR_NAME_FULL": "Progress Ave", "ADDRESS_FULL": "941 Progress Ave", "POSTAL_CODE": "M1G 3T8", "MUNICIPALITY": "SC", "CITY": "SC", "PLACE_NAME": "None", "GENERAL_USE_CODE": 115001, "CENTRELINE_ID": 13971323, "LO_NUM": 941, "LO_NUM_SUF": "None", "HI_NUM": null, "HI_NUM_SUF": "None", "LINEAR_NAME_ID": 8740.0 }, "geometry": { "type": "MultiPoint", "coordinates": [ [ -79.2270264219067, 43.785264660547803 ] ] } },
{ "type": "Feature", "properties": { "_id": 184, "OBJECTID": 283, "GEO_ID": 317905.0, "NAME": "CENTENNIAL ROAD JR PUBLIC SCHOOL ", "SCHOOL_LEVEL": "None", "SCHOOL_TYPE": "EP", "BOARD_NAME": "Toronto District School Board", "SOURCE_ADDRESS": "271 CENTENNIAL RD ", "SCHOOL_TYPE_DESC": "English Public", "ADDRESS_POINT_ID": 317905, "ADDRESS_NUMBER": "271", "LINEAR_NAME_FULL": "Centennial Rd", "ADDRESS_FULL": "271 Centennial Rd", "POSTAL_CODE": "M1C 2A2", "MUNICIPALITY": "SC", "CITY": "SC", "PLACE_NAME": "Centennial Road Junior Public School", "GENERAL_USE_CODE": 115001, "CENTRELINE_ID": 106476, "LO_NUM": 271, "LO_NUM_SUF": "None", "HI_NUM": null, "HI_NUM_SUF": "None", "LINEAR_NAME_ID": 7544.0 }, "geometry": { "type": "MultiPoint", "coordinates": [ [ -79.150023807862596, 43.786962276327202 ] ] } },
{ "type": "Feature", "properties": { "_id": 185, "OBJECTID": 284, "GEO_ID": 996285.0, "NAME": "CENTRAL ETOBICOKE HIGH SCHOOL", "SCHOOL_LEVEL": "None", "SCHOOL_TYPE": "EP", "BOARD_NAME": "Toronto District School Board", "SOURCE_ADDRESS": "10 DENFIELD ST ", "SCHOOL_TYPE_DESC": "English Public", "ADDRESS_POINT_ID": 996285, "ADDRESS_NUMBER": "10", "LINEAR_NAME_FULL": "Denfield St", "ADDRESS_FULL": "10 Denfield St", "POSTAL_CODE": "M9R 3H1", "MUNICIPALITY": "ET", "CITY": "ET", "PLACE_NAME": "Central Etobicoke High School", "GENERAL_USE_CODE": 115001, "CENTRELINE_ID": 909523, "LO_NUM": 10, "LO_NUM_SUF": "None", "HI_NUM": null, "HI_NUM_SUF": "None", "LINEAR_NAME_ID": 1457.0 }, "geometry": { "type": "MultiPoint", "coordinates": [ [ -79.555488933688906, 43.679018557884902 ] ] } },
{ "type": "Feature", "properties": { "_id": 186, "OBJECTID": 285, "GEO_ID": 575631.0, "NAME": "CENTRAL MONTESSORI SCHOOL - WILLOWDALE", "SCHOOL_LEVEL": "None", "SCHOOL_TYPE": "PR", "BOARD_NAME": "None", "SOURCE_ADDRESS": "157 WILLOWDALE AVE ", "SCHOOL_TYPE_DESC": "Private", "ADDRESS_POINT_ID": 575631, "ADDRESS_NUMBER": "157", "LINEAR_NAME_FULL": "Willowdale Ave", "ADDRESS_FULL": "157 Willowdale Ave", "POSTAL_CODE": "M2N 4Y7", "MUNICIPALITY": "NY", "CITY": "NY", "PLACE_NAME": "None", "GENERAL_USE_CODE": 115001, "CENTRELINE_ID": 439256, "LO_NUM": 157, "LO_NUM_SUF": "None", "HI_NUM": null, "HI_NUM_SUF": "None", "LINEAR_NAME_ID": 7093.0 }, "geometry": { "type": "MultiPoint", "coordinates": [ [ -79.400416617182302, 43.766650146987899 ] ] } },
{ "type": "Feature", "properties": { "_id": 187, "OBJECTID": 286, "GEO_ID": 501770.0, "NAME": "CENTRAL MONTESSORI SCHOOL - YORK MILLS", "SCHOOL_LEVEL": "None", "SCHOOL_TYPE": "PR", "BOARD_NAME": "None", "SOURCE_ADDRESS": "18 COLDWATER RD ", "SCHOOL_TYPE_DESC": "Private", "ADDRESS_POINT_ID": 501770, "ADDRESS_NUMBER": "18", "LINEAR_NAME_FULL": "Coldwater Rd", "ADDRESS_FULL": "18 Coldwater Rd", "POSTAL_CODE": "M3B 1Y7", "MUNICIPALITY": "NY", "CITY": "NY", "PLACE_NAME": "None", "GENERAL_USE_CODE": 115001, "CENTRELINE_ID": 440531, "LO_NUM": 18, "LO_NUM_SUF": "None", "HI_NUM": null, "HI_NUM_SUF": "None", "LINEAR_NAME_ID": 5247.0 }, "geometry": { "type": "MultiPoint", "coordinates": [ [ -79.358457382679603, 43.7558289304582 ] ] } },
{ "type": "Feature", "properties": { "_id": 188, "OBJECTID": 287, "GEO_ID": 6924847.0, "NAME": "CENTRAL TECHNICAL SCHOOL", "SCHOOL_LEVEL": "None", "SCHOOL_TYPE": "EP", "BOARD_NAME": "Toronto District School Board", "SOURCE_ADDRESS": "725 BATHURST ST ", "SCHOOL_TYPE_DESC": "English Public", "ADDRESS_POINT_ID": 6924847, "ADDRESS_NUMBER": "725", "LINEAR_NAME_FULL": "Bathurst St", "ADDRESS_FULL": "725 Bathurst St", "POSTAL_CODE": "M5S 2R5", "MUNICIPALITY": "TO", "CITY": "TO", "PLACE_NAME": "Central Technical School", "GENERAL_USE_CODE": 115001, "CENTRELINE_ID": 6924827, "LO_NUM": 725, "LO_NUM_SUF": "None", "HI_NUM": null, "HI_NUM_SUF": "None", "LINEAR_NAME_ID": 436.0 }, "geometry": { "type": "MultiPoint", "coordinates": [ [ -79.408517794794804, 43.662838242010601 ] ] } },
{ "type": "Feature", "properties": { "_id": 189, "OBJECTID": 288, "GEO_ID": 866713.0, "NAME": "CENTRAL TORONTO ACADEMY & HORIZON ALTERNATIVE SR", "SCHOOL_LEVEL": "None", "SCHOOL_TYPE": "EP", "BOARD_NAME": "Toronto District School Board", "SOURCE_ADDRESS": "570 SHAW ST ", "SCHOOL_TYPE_DESC": "English Public", "ADDRESS_POINT_ID": 866713, "ADDRESS_NUMBER": "570", "LINEAR_NAME_FULL": "Shaw St", "ADDRESS_FULL": "570 Shaw St", "POSTAL_CODE": "M6G 3L6", "MUNICIPALITY": "TO", "CITY": "TO", "PLACE_NAME": "Central Toronto Academy", "GENERAL_USE_CODE": 115001, "CENTRELINE_ID": 1144414, "LO_NUM": 570, "LO_NUM_SUF": "None", "HI_NUM": null, "HI_NUM_SUF": "None", "LINEAR_NAME_ID": 4388.0 }, "geometry": { "type": "MultiPoint", "coordinates": [ [ -79.421998611288203, 43.657978462827003 ] ] } },
{ "type": "Feature", "properties": { "_id": 190, "OBJECTID": 289, "GEO_ID": 7196008.0, "NAME": "CENTREPOINT LINC", "SCHOOL_LEVEL": "None", "SCHOOL_TYPE": "EP", "BOARD_NAME": "Toronto District School Board", "SOURCE_ADDRESS": "6464 YONGE ST ", "SCHOOL_TYPE_DESC": "English Public", "ADDRESS_POINT_ID": 7196008, "ADDRESS_NUMBER": "6464", "LINEAR_NAME_FULL": "Yonge St", "ADDRESS_FULL": "6464 Yonge St", "POSTAL_CODE": "M2M 3X4", "MUNICIPALITY": "NY", "CITY": "NY", "PLACE_NAME": "None", "GENERAL_USE_CODE": 115001, "CENTRELINE_ID": 7195911, "LO_NUM": 6464, "LO_NUM_SUF": "None", "HI_NUM": null, "HI_NUM_SUF": "None", "LINEAR_NAME_ID": 4733.0 }, "geometry": { "type": "MultiPoint", "coordinates": [ [ -79.422382771195004, 43.795851211419397 ] ] } },
{ "type": "Feature", "properties": { "_id": 191, "OBJECTID": 290, "GEO_ID": 9602785.0, "NAME": "CESTAR HIGH SCHOOL", "SCHOOL_LEVEL": "None", "SCHOOL_TYPE": "PR", "BOARD_NAME": "None", "SOURCE_ADDRESS": "271 YORKLAND BLVD ", "SCHOOL_TYPE_DESC": "Private", "ADDRESS_POINT_ID": 9602785, "ADDRESS_NUMBER": "271", "LINEAR_NAME_FULL": "Yorkland Blvd", "ADDRESS_FULL": "271 Yorkland Blvd", "POSTAL_CODE": "M2J 1S5", "MUNICIPALITY": "NY", "CITY": "NY", "PLACE_NAME": "None", "GENERAL_USE_CODE": 115001, "CENTRELINE_ID": 30121150, "LO_NUM": 271, "LO_NUM_SUF": "None", "HI_NUM": null, "HI_NUM_SUF": "None", "LINEAR_NAME_ID": 7150.0 }, "geometry": { "type": "MultiPoint", "coordinates": [ [ -79.335527514579198, 43.773728852985798 ] ] } },
{ "type": "Feature", "properties": { "_id": 192, "OBJECTID": 291, "GEO_ID": 10494536.0, "NAME": "CHALKFARM PUBLIC SCHOOL", "SCHOOL_LEVEL": "None", "SCHOOL_TYPE": "EP", "BOARD_NAME": "Toronto District School Board", "SOURCE_ADDRESS": "100 CHALKFARM DR ", "SCHOOL_TYPE_DESC": "English Public", "ADDRESS_POINT_ID": 10494536, "ADDRESS_NUMBER": "100", "LINEAR_NAME_FULL": "Chalkfarm Dr", "ADDRESS_FULL": "100 Chalkfarm Dr", "POSTAL_CODE": "M3L 1L4", "MUNICIPALITY": "NY", "CITY": "NY", "PLACE_NAME": "Chalkfarm Public School", "GENERAL_USE_CODE": 115001, "CENTRELINE_ID": 10494522, "LO_NUM": 100, "LO_NUM_SUF": "None", "HI_NUM": null, "HI_NUM_SUF": "None", "LINEAR_NAME_ID": 5162.0 }, "geometry": { "type": "MultiPoint", "coordinates": [ [ -79.5143927419889, 43.727106432340101 ] ] } },
{ "type": "Feature", "properties": { "_id": 193, "OBJECTID": 292, "GEO_ID": 553615.0, "NAME": "CHAMINADE COLLEGE SCHOOL", "SCHOOL_LEVEL": "None", "SCHOOL_TYPE": "ES", "BOARD_NAME": "Toronto Catholic District School Board", "SOURCE_ADDRESS": "490 QUEEN'S DR ", "SCHOOL_TYPE_DESC": "English Separate", "ADDRESS_POINT_ID": 553615, "ADDRESS_NUMBER": "490", "LINEAR_NAME_FULL": "Queen's Dr", "ADDRESS_FULL": "490 Queen's Dr", "POSTAL_CODE": "M6L 1M8", "MUNICIPALITY": "NY", "CITY": "NY", "PLACE_NAME": "Chaminade College", "GENERAL_USE_CODE": 115001, "CENTRELINE_ID": 446154, "LO_NUM": 490, "LO_NUM_SUF": "None", "HI_NUM": null, "HI_NUM_SUF": "None", "LINEAR_NAME_ID": 826.0 }, "geometry": { "type": "MultiPoint", "coordinates": [ [ -79.4960594579928, 43.7100909589739 ] ] } },
{ "type": "Feature", "properties": { "_id": 194, "OBJECTID": 293, "GEO_ID": 9038626.0, "NAME": "CHARLES E WEBSTER JR PUBLIC SCHOOL", "SCHOOL_LEVEL": "None", "SCHOOL_TYPE": "EP", "BOARD_NAME": "Toronto District School Board", "SOURCE_ADDRESS": "1900 KEELE ST ", "SCHOOL_TYPE_DESC": "English Public", "ADDRESS_POINT_ID": 9038626, "ADDRESS_NUMBER": "1900", "LINEAR_NAME_FULL": "Keele St", "ADDRESS_FULL": "1900 Keele St", "POSTAL_CODE": "M6M 3X7", "MUNICIPALITY": "YK", "CITY": "YK", "PLACE_NAME": "Charles E Webster Public School", "GENERAL_USE_CODE": 115001, "CENTRELINE_ID": 9038621, "LO_NUM": 1900, "LO_NUM_SUF": "None", "HI_NUM": null, "HI_NUM_SUF": "None", "LINEAR_NAME_ID": 703.0 }, "geometry": { "type": "MultiPoint", "coordinates": [ [ -79.475099515902997, 43.693434443415903 ] ] } },
{ "type": "Feature", "properties": { "_id": 195, "OBJECTID": 294, "GEO_ID": 837099.0, "NAME": "CHARLES G FRASER JR PUBLIC SCHOOL ", "SCHOOL_LEVEL": "None", "SCHOOL_TYPE": "EP", "BOARD_NAME": "Toronto District School Board", "SOURCE_ADDRESS": "79 MANNING AVE ", "SCHOOL_TYPE_DESC": "English Public", "ADDRESS_POINT_ID": 837099, "ADDRESS_NUMBER": "79", "LINEAR_NAME_FULL": "Manning Ave", "ADDRESS_FULL": "79 Manning Ave", "POSTAL_CODE": "M6J 2K6", "MUNICIPALITY": "TO", "CITY": "TO", "PLACE_NAME": "Charles G Fraser Junior Public School", "GENERAL_USE_CODE": 115001, "CENTRELINE_ID": 14018080, "LO_NUM": 79, "LO_NUM_SUF": "None", "HI_NUM": null, "HI_NUM_SUF": "None", "LINEAR_NAME_ID": 3909.0 }, "geometry": { "type": "MultiPoint", "coordinates": [ [ -79.409483630321404, 43.648530083064102 ] ] } },
{ "type": "Feature", "properties": { "_id": 196, "OBJECTID": 295, "GEO_ID": 6436438.0, "NAME": "CHARLES GORDON SR PUBLIC SCHOOL", "SCHOOL_LEVEL": "None", "SCHOOL_TYPE": "EP", "BOARD_NAME": "Toronto District School Board", "SOURCE_ADDRESS": "25 MARCOS BLVD ", "SCHOOL_TYPE_DESC": "English Public", "ADDRESS_POINT_ID": 6436438, "ADDRESS_NUMBER": "25", "LINEAR_NAME_FULL": "Marcos Blvd", "ADDRESS_FULL": "25 Marcos Blvd", "POSTAL_CODE": "M1K 5A7", "MUNICIPALITY": "SC", "CITY": "SC", "PLACE_NAME": "Charles Gordon Senior Public School", "GENERAL_USE_CODE": 115001, "CENTRELINE_ID": 110208, "LO_NUM": 25, "LO_NUM_SUF": "None", "HI_NUM": null, "HI_NUM_SUF": "None", "LINEAR_NAME_ID": 8421.0 }, "geometry": { "type": "MultiPoint", "coordinates": [ [ -79.260526311743405, 43.746285048066603 ] ] } },
{ "type": "Feature", "properties": { "_id": 197, "OBJECTID": 296, "GEO_ID": 575920.0, "NAME": "CHARLES H BEST MDL SCHOOL ", "SCHOOL_LEVEL": "None", "SCHOOL_TYPE": "EP", "BOARD_NAME": "Toronto District School Board", "SOURCE_ADDRESS": "285 WILMINGTON AVE ", "SCHOOL_TYPE_DESC": "English Public", "ADDRESS_POINT_ID": 575920, "ADDRESS_NUMBER": "285", "LINEAR_NAME_FULL": "Wilmington Ave", "ADDRESS_FULL": "285 Wilmington Ave", "POSTAL_CODE": "M3H 5K8", "MUNICIPALITY": "NY", "CITY": "NY", "PLACE_NAME": "Charles H Best Junior Middle School", "GENERAL_USE_CODE": 115001, "CENTRELINE_ID": 439329, "LO_NUM": 285, "LO_NUM_SUF": "None", "HI_NUM": null, "HI_NUM_SUF": "None", "LINEAR_NAME_ID": 7095.0 }, "geometry": { "type": "MultiPoint", "coordinates": [ [ -79.458630236801596, 43.767445246589197 ] ] } },
{ "type": "Feature", "properties": { "_id": 198, "OBJECTID": 297, "GEO_ID": 318714.0, "NAME": "CHARLOTTETOWN JR PUBLIC SCHOOL ", "SCHOOL_LEVEL": "None", "SCHOOL_TYPE": "EP", "BOARD_NAME": "Toronto District School Board", "SOURCE_ADDRESS": "85 CHARLOTTETOWN BLVD ", "SCHOOL_TYPE_DESC": "English Public", "ADDRESS_POINT_ID": 318714, "ADDRESS_NUMBER": "85", "LINEAR_NAME_FULL": "Charlottetown Blvd", "ADDRESS_FULL": "85 Charlottetown Blvd", "POSTAL_CODE": "M1C 2C7", "MUNICIPALITY": "SC", "CITY": "SC", "PLACE_NAME": "Charlottetown Junior Public School", "GENERAL_USE_CODE": 115001, "CENTRELINE_ID": 106764, "LO_NUM": 85, "LO_NUM_SUF": "None", "HI_NUM": null, "HI_NUM_SUF": "None", "LINEAR_NAME_ID": 7564.0 }, "geometry": { "type": "MultiPoint", "coordinates": [ [ -79.1422089559982, 43.782070234673199 ] ] } },
{ "type": "Feature", "properties": { "_id": 199, "OBJECTID": 298, "GEO_ID": 6332543.0, "NAME": "CHARTLAND JR PUBLIC SCHOOL", "SCHOOL_LEVEL": "None", "SCHOOL_TYPE": "EP", "BOARD_NAME": "Toronto District School Board", "SOURCE_ADDRESS": "109 CHARTLAND BLVD S", "SCHOOL_TYPE_DESC": "English Public", "ADDRESS_POINT_ID": 6332543, "ADDRESS_NUMBER": "109", "LINEAR_NAME_FULL": "Chartland Blvd S", "ADDRESS_FULL": "109 Chartland Blvd S", "POSTAL_CODE": "M1S 2R7", "MUNICIPALITY": "SC", "CITY": "SC", "PLACE_NAME": "Chartland Junior Public School", "GENERAL_USE_CODE": 115001, "CENTRELINE_ID": 6332527, "LO_NUM": 109, "LO_NUM_SUF": "None", "HI_NUM": null, "HI_NUM_SUF": "None", "LINEAR_NAME_ID": 7566.0 }, "geometry": { "type": "MultiPoint", "coordinates": [ [ -79.278504343593895, 43.799988726269 ] ] } },
{ "type": "Feature", "properties": { "_id": 200, "OBJECTID": 299, "GEO_ID": 498606.0, "NAME": "CHEROKEE PUBLIC SCHOOL ", "SCHOOL_LEVEL": "None", "SCHOOL_TYPE": "EP", "BOARD_NAME": "Toronto District School Board", "SOURCE_ADDRESS": "390 CHEROKEE BLVD ", "SCHOOL_TYPE_DESC": "English Public", "ADDRESS_POINT_ID": 498606, "ADDRESS_NUMBER": "390", "LINEAR_NAME_FULL": "Cherokee Blvd", "ADDRESS_FULL": "390 Cherokee Blvd", "POSTAL_CODE": "M2H 2W7", "MUNICIPALITY": "NY", "CITY": "NY", "PLACE_NAME": "Cherokee Public School", "GENERAL_USE_CODE": 115001, "CENTRELINE_ID": 436481, "LO_NUM": 390, "LO_NUM_SUF": "None", "HI_NUM": null, "HI_NUM_SUF": "None", "LINEAR_NAME_ID": 5182.0 }, "geometry": { "type": "MultiPoint", "coordinates": [ [ -79.338614744436001, 43.7987627465793 ] ] } },
{ "type": "Feature", "properties": { "_id": 201, "OBJECTID": 300, "GEO_ID": 3232917.0, "NAME": "CHESTER ELEMENTARY SCHOOL ", "SCHOOL_LEVEL": "None", "SCHOOL_TYPE": "EP", "BOARD_NAME": "Toronto District School Board", "SOURCE_ADDRESS": "115 GOWAN AVE ", "SCHOOL_TYPE_DESC": "English Public", "ADDRESS_POINT_ID": 3232917, "ADDRESS_NUMBER": "115", "LINEAR_NAME_FULL": "Gowan Ave", "ADDRESS_FULL": "115 Gowan Ave", "POSTAL_CODE": "M4K 2E4", "MUNICIPALITY": "EY", "CITY": "EY", "PLACE_NAME": "Chester Elementary School", "GENERAL_USE_CODE": 115001, "CENTRELINE_ID": 3232919, "LO_NUM": 115, "LO_NUM_SUF": "None", "HI_NUM": null, "HI_NUM_SUF": "None", "LINEAR_NAME_ID": 178.0 }, "geometry": { "type": "MultiPoint", "coordinates": [ [ -79.351709984656296, 43.687602380770898 ] ] } },
{ "type": "Feature", "properties": { "_id": 202, "OBJECTID": 301, "GEO_ID": 6242276.0, "NAME": "CHESTER LE JR PUBLIC SCHOOL", "SCHOOL_LEVEL": "None", "SCHOOL_TYPE": "EP", "BOARD_NAME": "Toronto District School Board", "SOURCE_ADDRESS": "201 CHESTER LE BLVD ", "SCHOOL_TYPE_DESC": "English Public", "ADDRESS_POINT_ID": 6242276, "ADDRESS_NUMBER": "201", "LINEAR_NAME_FULL": "Chester Le Blvd", "ADDRESS_FULL": "201 Chester Le Blvd", "POSTAL_CODE": "M1W 2K7", "MUNICIPALITY": "SC", "CITY": "SC", "PLACE_NAME": "Chester Le Junior Public School", "GENERAL_USE_CODE": 115001, "CENTRELINE_ID": 6242279, "LO_NUM": 201, "LO_NUM_SUF": "None", "HI_NUM": null, "HI_NUM_SUF": "None", "LINEAR_NAME_ID": 7576.0 }, "geometry": { "type": "MultiPoint", "coordinates": [ [ -79.331095337429304, 43.798587700856402 ] ] } },
{ "type": "Feature", "properties": { "_id": 203, "OBJECTID": 302, "GEO_ID": 337172.0, "NAME": "CHIEF DAN GEORGE PUBLIC SCHOOL ", "SCHOOL_LEVEL": "None", "SCHOOL_TYPE": "EP", "BOARD_NAME": "Toronto District School Board", "SOURCE_ADDRESS": "185 GENERATION BLVD ", "SCHOOL_TYPE_DESC": "English Public", "ADDRESS_POINT_ID": 337172, "ADDRESS_NUMBER": "185", "LINEAR_NAME_FULL": "Generation Blvd", "ADDRESS_FULL": "185 Generation Blvd", "POSTAL_CODE": "M1B 2K5", "MUNICIPALITY": "SC", "CITY": "SC", "PLACE_NAME": "Chief Dan George Public School", "GENERAL_USE_CODE": 115001, "CENTRELINE_ID": 104636, "LO_NUM": 185, "LO_NUM_SUF": "None", "HI_NUM": null, "HI_NUM_SUF": "None", "LINEAR_NAME_ID": 7965.0 }, "geometry": { "type": "MultiPoint", "coordinates": [ [ -79.163834658221703, 43.8027223090495 ] ] } },
{ "type": "Feature", "properties": { "_id": 204, "OBJECTID": 303, "GEO_ID": 11915536.0, "NAME": "CHILDREN'S GARDEN JUNIOR SCHOOL", "SCHOOL_LEVEL": "None", "SCHOOL_TYPE": "PR", "BOARD_NAME": "None", "SOURCE_ADDRESS": "670 EGLINTON AVE E", "SCHOOL_TYPE_DESC": "Private", "ADDRESS_POINT_ID": 11915536, "ADDRESS_NUMBER": "670", "LINEAR_NAME_FULL": "Eglinton Ave E", "ADDRESS_FULL": "670 Eglinton Ave E", "POSTAL_CODE": "M4G 2K4", "MUNICIPALITY": "EY", "CITY": "EY", "PLACE_NAME": "Leaside Presbyterian Church", "GENERAL_USE_CODE": 115001, "CENTRELINE_ID": 11915528, "LO_NUM": 670, "LO_NUM_SUF": "None", "HI_NUM": null, "HI_NUM_SUF": "None", "LINEAR_NAME_ID": 125.0 }, "geometry": { "type": "MultiPoint", "coordinates": [ [ -79.372667542456398, 43.712343267962098 ] ] } },
{ "type": "Feature", "properties": { "_id": 205, "OBJECTID": 304, "GEO_ID": 8985091.0, "NAME": "CHILDREN'S URBAN ENRICHMENT STUDIO", "SCHOOL_LEVEL": "None", "SCHOOL_TYPE": "PR", "BOARD_NAME": "None", "SOURCE_ADDRESS": "2986 LAKE SHORE BLVD W", "SCHOOL_TYPE_DESC": "Private", "ADDRESS_POINT_ID": 8985091, "ADDRESS_NUMBER": "2986", "LINEAR_NAME_FULL": "Lake Shore Blvd W", "ADDRESS_FULL": "2986 Lake Shore Blvd W", "POSTAL_CODE": "M8V 1J9", "MUNICIPALITY": "ET", "CITY": "ET", "PLACE_NAME": "None", "GENERAL_USE_CODE": 115001, "CENTRELINE_ID": 8985068, "LO_NUM": 2986, "LO_NUM_SUF": "None", "HI_NUM": null, "HI_NUM_SUF": "None", "LINEAR_NAME_ID": 1962.0 }, "geometry": { "type": "MultiPoint", "coordinates": [ [ -79.507318417793698, 43.600558839796001 ] ] } },
{ "type": "Feature", "properties": { "_id": 206, "OBJECTID": 305, "GEO_ID": 2904931.0, "NAME": "CHINE DRIVE PUBLIC SCHOOL", "SCHOOL_LEVEL": "None", "SCHOOL_TYPE": "EP", "BOARD_NAME": "Toronto District School Board", "SOURCE_ADDRESS": "51 CHINE DR ", "SCHOOL_TYPE_DESC": "English Public", "ADDRESS_POINT_ID": 2904931, "ADDRESS_NUMBER": "51", "LINEAR_NAME_FULL": "Chine Dr", "ADDRESS_FULL": "51 Chine Dr", "POSTAL_CODE": "M1M 2K8", "MUNICIPALITY": "SC", "CITY": "SC", "PLACE_NAME": "Chine Drive Public School", "GENERAL_USE_CODE": 115001, "CENTRELINE_ID": 30029531, "LO_NUM": 51, "LO_NUM_SUF": "None", "HI_NUM": null, "HI_NUM_SUF": "None", "LINEAR_NAME_ID": 7587.0 }, "geometry": { "type": "MultiPoint", "coordinates": [ [ -79.241796881686497, 43.7099825934256 ] ] } },
{ "type": "Feature", "properties": { "_id": 207, "OBJECTID": 306, "GEO_ID": 762114.0, "NAME": "CHURCH ST JR & NATIVE LEARNING CTR", "SCHOOL_LEVEL": "None", "SCHOOL_TYPE": "EP", "BOARD_NAME": "Toronto District School Board", "SOURCE_ADDRESS": "83 ALEXANDER ST ", "SCHOOL_TYPE_DESC": "English Public", "ADDRESS_POINT_ID": 762114, "ADDRESS_NUMBER": "83", "LINEAR_NAME_FULL": "Alexander St", "ADDRESS_FULL": "83 Alexander St", "POSTAL_CODE": "M4Y 1B7", "MUNICIPALITY": "TO", "CITY": "TO", "PLACE_NAME": "Church Street Junior Public School", "GENERAL_USE_CODE": 115001, "CENTRELINE_ID": 14023586, "LO_NUM": 83, "LO_NUM_SUF": "None", "HI_NUM": null, "HI_NUM_SUF": "None", "LINEAR_NAME_ID": 9761.0 }, "geometry": { "type": "MultiPoint", "coordinates": [ [ -79.379178165354503, 43.663608425742702 ] ] } },
{ "type": "Feature", "properties": { "_id": 208, "OBJECTID": 307, "GEO_ID": 313046.0, "NAME": "CHURCHILL HEIGHTS PUBLIC SCHOOL", "SCHOOL_LEVEL": "None", "SCHOOL_TYPE": "EP", "BOARD_NAME": "Toronto District School Board", "SOURCE_ADDRESS": "749 BRIMORTON DR ", "SCHOOL_TYPE_DESC": "English Public", "ADDRESS_POINT_ID": 313046, "ADDRESS_NUMBER": "749", "LINEAR_NAME_FULL": "Brimorton Dr", "ADDRESS_FULL": "749 Brimorton Dr", "POSTAL_CODE": "M1G 2S4", "MUNICIPALITY": "SC", "CITY": "SC", "PLACE_NAME": "Churchill Heights Public School", "GENERAL_USE_CODE": 115001, "CENTRELINE_ID": 107715, "LO_NUM": 749, "LO_NUM_SUF": "None", "HI_NUM": null, "HI_NUM_SUF": "None", "LINEAR_NAME_ID": 7437.0 }, "geometry": { "type": "MultiPoint", "coordinates": [ [ -79.2243167892305, 43.7731919492023 ] ] } },
{ "type": "Feature", "properties": { "_id": 209, "OBJECTID": 308, "GEO_ID": 499519.0, "NAME": "CHURCHILL PUBLIC SCHOOL", "SCHOOL_LEVEL": "None", "SCHOOL_TYPE": "EP", "BOARD_NAME": "Toronto District School Board", "SOURCE_ADDRESS": "188 CHURCHILL AVE ", "SCHOOL_TYPE_DESC": "English Public", "ADDRESS_POINT_ID": 499519, "ADDRESS_NUMBER": "188", "LINEAR_NAME_FULL": "Churchill Ave", "ADDRESS_FULL": "188 Churchill Ave", "POSTAL_CODE": "M2N 1Z5", "MUNICIPALITY": "NY", "CITY": "NY", "PLACE_NAME": "Churchill Public School", "GENERAL_USE_CODE": 115001, "CENTRELINE_ID": 438811, "LO_NUM": 188, "LO_NUM_SUF": "None", "HI_NUM": null, "HI_NUM_SUF": "None", "LINEAR_NAME_ID": 3167.0 }, "geometry": { "type": "MultiPoint", "coordinates": [ [ -79.427036164282896, 43.770753604653898 ] ] } },
{ "type": "Feature", "properties": { "_id": 210, "OBJECTID": 309, "GEO_ID": 3841913.0, "NAME": "CITY ADULT LEARNING CENTRE", "SCHOOL_LEVEL": "None", "SCHOOL_TYPE": "EP", "BOARD_NAME": "Toronto District School Board", "SOURCE_ADDRESS": "1 DANFORTH AVE ", "SCHOOL_TYPE_DESC": "English Public", "ADDRESS_POINT_ID": 3841913, "ADDRESS_NUMBER": "1", "LINEAR_NAME_FULL": "Danforth Ave", "ADDRESS_FULL": "1 Danforth Ave", "POSTAL_CODE": "M4K 1M8", "MUNICIPALITY": "TO", "CITY": "TO", "PLACE_NAME": "City Adult Learning Centre (Calc)", "GENERAL_USE_CODE": 115001, "CENTRELINE_ID": 3841911, "LO_NUM": 1, "LO_NUM_SUF": "None", "HI_NUM": null, "HI_NUM_SUF": "None", "LINEAR_NAME_ID": 86.0 }, "geometry": { "type": "MultiPoint", "coordinates": [ [ -79.360057565238407, 43.674910857793002 ] ] } },
{ "type": "Feature", "properties": { "_id": 211, "OBJECTID": 310, "GEO_ID": 6924859.0, "NAME": "CITY AS SCHOOL TORONTO", "SCHOOL_LEVEL": "None", "SCHOOL_TYPE": "PR", "BOARD_NAME": "None", "SOURCE_ADDRESS": "720 BATHURST ST ", "SCHOOL_TYPE_DESC": "Private", "ADDRESS_POINT_ID": 6924859, "ADDRESS_NUMBER": "720", "LINEAR_NAME_FULL": "Bathurst St", "ADDRESS_FULL": "720 Bathurst St", "POSTAL_CODE": "M5S 2R4", "MUNICIPALITY": "TO", "CITY": "TO", "PLACE_NAME": "None", "GENERAL_USE_CODE": 115001, "CENTRELINE_ID": 6924849, "LO_NUM": 720, "LO_NUM_SUF": "None", "HI_NUM": null, "HI_NUM_SUF": "None", "LINEAR_NAME_ID": 436.0 }, "geometry": { "type": "MultiPoint", "coordinates": [ [ -79.410793124698102, 43.663194279025703 ] ] } },
{ "type": "Feature", "properties": { "_id": 212, "OBJECTID": 311, "GEO_ID": 871446.0, "NAME": "CITY HIGH SCHOOL", "SCHOOL_LEVEL": "None", "SCHOOL_TYPE": "PR", "BOARD_NAME": "None", "SOURCE_ADDRESS": "230 ST CLAIR AVE W", "SCHOOL_TYPE_DESC": "Private", "ADDRESS_POINT_ID": 871446, "ADDRESS_NUMBER": "230", "LINEAR_NAME_FULL": "St Clair Ave W", "ADDRESS_FULL": "230 St Clair Ave W", "POSTAL_CODE": "M4V 1R5", "MUNICIPALITY": "TO", "CITY": "TO", "PLACE_NAME": "Timothy Eaton Memorial Church", "GENERAL_USE_CODE": 115001, "CENTRELINE_ID": 1139588, "LO_NUM": 230, "LO_NUM_SUF": "None", "HI_NUM": null, "HI_NUM_SUF": "None", "LINEAR_NAME_ID": 890.0 }, "geometry": { "type": "MultiPoint", "coordinates": [ [ -79.405717592504402, 43.686316375525898 ] ] } },
{ "type": "Feature", "properties": { "_id": 213, "OBJECTID": 312, "GEO_ID": 7929872.0, "NAME": "CITY SCHOOL", "SCHOOL_LEVEL": "None", "SCHOOL_TYPE": "EP", "BOARD_NAME": "Toronto District School Board", "SOURCE_ADDRESS": "585 QUEENS QUAY  W", "SCHOOL_TYPE_DESC": "English Public", "ADDRESS_POINT_ID": 7929872, "ADDRESS_NUMBER": "585", "LINEAR_NAME_FULL": "Queens Quay W", "ADDRESS_FULL": "585 Queens Quay W", "POSTAL_CODE": "M5V 3G3", "MUNICIPALITY": "TO", "CITY": "TO", "PLACE_NAME": "City School", "GENERAL_USE_CODE": 115001, "CENTRELINE_ID": 60031548, "LO_NUM": 585, "LO_NUM_SUF": "None", "HI_NUM": null, "HI_NUM_SUF": "None", "LINEAR_NAME_ID": 4244.0 }, "geometry": { "type": "MultiPoint", "coordinates": [ [ -79.397140379320305, 43.636238502556601 ] ] } },
{ "type": "Feature", "properties": { "_id": 214, "OBJECTID": 313, "GEO_ID": 10558804.0, "NAME": "CLAIREVILLE JR SCHOOL", "SCHOOL_LEVEL": "None", "SCHOOL_TYPE": "EP", "BOARD_NAME": "Toronto District School Board", "SOURCE_ADDRESS": "350 SILVERSTONE DR ", "SCHOOL_TYPE_DESC": "English Public", "ADDRESS_POINT_ID": 10558804, "ADDRESS_NUMBER": "350", "LINEAR_NAME_FULL": "Silverstone Dr", "ADDRESS_FULL": "350 Silverstone Dr", "POSTAL_CODE": "M9V 3J4", "MUNICIPALITY": "ET", "CITY": "ET", "PLACE_NAME": "Claireville Junior School", "GENERAL_USE_CODE": 115001, "CENTRELINE_ID": 10558805, "LO_NUM": 350, "LO_NUM_SUF": "None", "HI_NUM": null, "HI_NUM_SUF": "None", "LINEAR_NAME_ID": 2485.0 }, "geometry": { "type": "MultiPoint", "coordinates": [ [ -79.599100720567293, 43.748011402965403 ] ] } },
{ "type": "Feature", "properties": { "_id": 215, "OBJECTID": 314, "GEO_ID": 6511806.0, "NAME": "CLAIRLEA PUBLIC SCHOOL ", "SCHOOL_LEVEL": "None", "SCHOOL_TYPE": "EP", "BOARD_NAME": "Toronto District School Board", "SOURCE_ADDRESS": "25 ROSALIND CRES ", "SCHOOL_TYPE_DESC": "English Public", "ADDRESS_POINT_ID": 6511806, "ADDRESS_NUMBER": "25", "LINEAR_NAME_FULL": "Rosalind Cres", "ADDRESS_FULL": "25 Rosalind Cres", "POSTAL_CODE": "M1L 2X1", "MUNICIPALITY": "SC", "CITY": "SC", "PLACE_NAME": "Clairlea Public School", "GENERAL_USE_CODE": 115001, "CENTRELINE_ID": 6511804, "LO_NUM": 25, "LO_NUM_SUF": "None", "HI_NUM": null, "HI_NUM_SUF": "None", "LINEAR_NAME_ID": 8824.0 }, "geometry": { "type": "MultiPoint", "coordinates": [ [ -79.296235887946196, 43.716476763303604 ] ] } },
{ "type": "Feature", "properties": { "_id": 216, "OBJECTID": 315, "GEO_ID": 20097586.0, "NAME": "CLAUDE WATSON SCHOOL FOR THE ARTS", "SCHOOL_LEVEL": "None", "SCHOOL_TYPE": "EP", "BOARD_NAME": "Toronto District School Board", "SOURCE_ADDRESS": "130 DORIS AVE ", "SCHOOL_TYPE_DESC": "English Public", "ADDRESS_POINT_ID": 20097586, "ADDRESS_NUMBER": "130", "LINEAR_NAME_FULL": "Doris Ave", "ADDRESS_FULL": "130 Doris Ave", "POSTAL_CODE": "M2N 0A8", "MUNICIPALITY": "NY", "CITY": "NY", "PLACE_NAME": "Claude Watson School for the Arts", "GENERAL_USE_CODE": 115001, "CENTRELINE_ID": 30053442, "LO_NUM": 130, "LO_NUM_SUF": "None", "HI_NUM": null, "HI_NUM_SUF": "None", "LINEAR_NAME_ID": 5419.0 }, "geometry": { "type": "MultiPoint", "coordinates": [ [ -79.409373666130705, 43.765725474122803 ] ] } },
{ "type": "Feature", "properties": { "_id": 217, "OBJECTID": 316, "GEO_ID": 8837836.0, "NAME": "CLEARVIEW SCHOOL OF ARTS AND CULTURE", "SCHOOL_LEVEL": "None", "SCHOOL_TYPE": "PR", "BOARD_NAME": "None", "SOURCE_ADDRESS": "1300 DON MILLS RD ", "SCHOOL_TYPE_DESC": "Private", "ADDRESS_POINT_ID": 8837836, "ADDRESS_NUMBER": "1300", "LINEAR_NAME_FULL": "Don Mills Rd", "ADDRESS_FULL": "1300 Don Mills Rd", "POSTAL_CODE": "M3B 2W6", "MUNICIPALITY": "NY", "CITY": "NY", "PLACE_NAME": "None", "GENERAL_USE_CODE": 115001, "CENTRELINE_ID": 8837833, "LO_NUM": 1300, "LO_NUM_SUF": "None", "HI_NUM": null, "HI_NUM_SUF": "None", "LINEAR_NAME_ID": 100.0 }, "geometry": { "type": "MultiPoint", "coordinates": [ [ -79.3466830289955, 43.745412917802703 ] ] } },
{ "type": "Feature", "properties": { "_id": 218, "OBJECTID": 317, "GEO_ID": 8802114.0, "NAME": "CLIFFSIDE PUBLIC SCHOOL ", "SCHOOL_LEVEL": "None", "SCHOOL_TYPE": "EP", "BOARD_NAME": "Toronto District School Board", "SOURCE_ADDRESS": "27 EAST HAVEN DR ", "SCHOOL_TYPE_DESC": "English Public", "ADDRESS_POINT_ID": 8802114, "ADDRESS_NUMBER": "27", "LINEAR_NAME_FULL": "East Haven Dr", "ADDRESS_FULL": "27 East Haven Dr", "POSTAL_CODE": "M1N 1M1", "MUNICIPALITY": "SC", "CITY": "SC", "PLACE_NAME": "Cliffside Public School", "GENERAL_USE_CODE": 115001, "CENTRELINE_ID": 30076792, "LO_NUM": 27, "LO_NUM_SUF": "None", "HI_NUM": null, "HI_NUM_SUF": "None", "LINEAR_NAME_ID": 7810.0 }, "geometry": { "type": "MultiPoint", "coordinates": [ [ -79.250383044011599, 43.704895931546801 ] ] } },
{ "type": "Feature", "properties": { "_id": 219, "OBJECTID": 318, "GEO_ID": 8649130.0, "NAME": "CLIFFWOOD PUBLIC SCHOOL ", "SCHOOL_LEVEL": "None", "SCHOOL_TYPE": "EP", "BOARD_NAME": "Toronto District School Board", "SOURCE_ADDRESS": "140 CLIFFWOOD RD ", "SCHOOL_TYPE_DESC": "English Public", "ADDRESS_POINT_ID": 8649130, "ADDRESS_NUMBER": "140", "LINEAR_NAME_FULL": "Cliffwood Rd", "ADDRESS_FULL": "140 Cliffwood Rd", "POSTAL_CODE": "M2H 2E4", "MUNICIPALITY": "NY", "CITY": "NY", "PLACE_NAME": "Cliffwood Public School", "GENERAL_USE_CODE": 115001, "CENTRELINE_ID": 30006220, "LO_NUM": 140, "LO_NUM_SUF": "None", "HI_NUM": null, "HI_NUM_SUF": "None", "LINEAR_NAME_ID": 5225.0 }, "geometry": { "type": "MultiPoint", "coordinates": [ [ -79.360068599198001, 43.806292092072397 ] ] } },
{ "type": "Feature", "properties": { "_id": 220, "OBJECTID": 319, "GEO_ID": 837356.0, "NAME": "CLINTON STREET JR PUBLIC SCHOOL", "SCHOOL_LEVEL": "None", "SCHOOL_TYPE": "EP", "BOARD_NAME": "Toronto District School Board", "SOURCE_ADDRESS": "460 MANNING AVE ", "SCHOOL_TYPE_DESC": "English Public", "ADDRESS_POINT_ID": 837356, "ADDRESS_NUMBER": "460", "LINEAR_NAME_FULL": "Manning Ave", "ADDRESS_FULL": "460 Manning Ave", "POSTAL_CODE": "M6G 2V7", "MUNICIPALITY": "TO", "CITY": "TO", "PLACE_NAME": "Clinton Street Junior Public School", "GENERAL_USE_CODE": 115001, "CENTRELINE_ID": 14019934, "LO_NUM": 460, "LO_NUM_SUF": "None", "HI_NUM": null, "HI_NUM_SUF": "None", "LINEAR_NAME_ID": 3909.0 }, "geometry": { "type": "MultiPoint", "coordinates": [ [ -79.414057573568797, 43.657646073534501 ] ] } },
{ "type": "Feature", "properties": { "_id": 221, "OBJECTID": 320, "GEO_ID": 7103267.0, "NAME": "CLOVER SCHOOL MIDTOWN - ELEMENTARY CAMPUS", "SCHOOL_LEVEL": "None", "SCHOOL_TYPE": "PR", "BOARD_NAME": "None", "SOURCE_ADDRESS": "585 CRANBROOKE AVE ", "SCHOOL_TYPE_DESC": "Private", "ADDRESS_POINT_ID": 7103267, "ADDRESS_NUMBER": "585", "LINEAR_NAME_FULL": "Cranbrooke Ave", "ADDRESS_FULL": "585 Cranbrooke Ave", "POSTAL_CODE": "M6A 2X9", "MUNICIPALITY": "NY", "CITY": "NY", "PLACE_NAME": "None", "GENERAL_USE_CODE": 115001, "CENTRELINE_ID": 7103206, "LO_NUM": 585, "LO_NUM_SUF": "None", "HI_NUM": null, "HI_NUM_SUF": "None", "LINEAR_NAME_ID": 3234.0 }, "geometry": { "type": "MultiPoint", "coordinates": [ [ -79.429618219041501, 43.723419319546302 ] ] } },
{ "type": "Feature", "properties": { "_id": 222, "OBJECTID": 321, "GEO_ID": 20553.0, "NAME": "COMMUNITY LIFE CHRISTIAN SCHOOL", "SCHOOL_LEVEL": "None", "SCHOOL_TYPE": "PR", "BOARD_NAME": "None", "SOURCE_ADDRESS": "140 DAWES RD ", "SCHOOL_TYPE_DESC": "Private", "ADDRESS_POINT_ID": 20553, "ADDRESS_NUMBER": "140", "LINEAR_NAME_FULL": "Dawes Rd", "ADDRESS_FULL": "140 Dawes Rd", "POSTAL_CODE": "M4C 5C2", "MUNICIPALITY": "EY", "CITY": "EY", "PLACE_NAME": "Faith Presbyterian Community Church", "GENERAL_USE_CODE": 115001, "CENTRELINE_ID": 1273, "LO_NUM": 140, "LO_NUM_SUF": "None", "HI_NUM": null, "HI_NUM_SUF": "None", "LINEAR_NAME_ID": 88.0 }, "geometry": { "type": "MultiPoint", "coordinates": [ [ -79.297627205374198, 43.693778431843398 ] ] } },
{ "type": "Feature", "properties": { "_id": 223, "OBJECTID": 322, "GEO_ID": 7156751.0, "NAME": "CONGREGATION BNEI TORAH AND BIRCHAS SHMUEL PRIVATE SCHOOL", "SCHOOL_LEVEL": "None", "SCHOOL_TYPE": "PR", "BOARD_NAME": "None", "SOURCE_ADDRESS": "465 PATRICIA AVE ", "SCHOOL_TYPE_DESC": "Private", "ADDRESS_POINT_ID": 7156751, "ADDRESS_NUMBER": "465", "LINEAR_NAME_FULL": "Patricia Ave", "ADDRESS_FULL": "465 Patricia Ave", "POSTAL_CODE": "M2R 2N1", "MUNICIPALITY": "NY", "CITY": "NY", "PLACE_NAME": "Synagogue", "GENERAL_USE_CODE": 115001, "CENTRELINE_ID": 30115595, "LO_NUM": 465, "LO_NUM_SUF": "None", "HI_NUM": null, "HI_NUM_SUF": "None", "LINEAR_NAME_ID": 6386.0 }, "geometry": { "type": "MultiPoint", "coordinates": [ [ -79.444010726013701, 43.784086706801098 ] ] } },
{ "type": "Feature", "properties": { "_id": 224, "OBJECTID": 323, "GEO_ID": 7796144.0, "NAME": "CONTACT ALTERNATIVE SCHOOL", "SCHOOL_LEVEL": "None", "SCHOOL_TYPE": "EP", "BOARD_NAME": "Toronto District School Board", "SOURCE_ADDRESS": "132 ST PATRICK ST ", "SCHOOL_TYPE_DESC": "English Public", "ADDRESS_POINT_ID": 7796144, "ADDRESS_NUMBER": "132", "LINEAR_NAME_FULL": "St Patrick St", "ADDRESS_FULL": "132 St Patrick St", "POSTAL_CODE": "M5T 1V1", "MUNICIPALITY": "TO", "CITY": "TO", "PLACE_NAME": "Contact Alternative School", "GENERAL_USE_CODE": 115001, "CENTRELINE_ID": 14121645, "LO_NUM": 132, "LO_NUM_SUF": "None", "HI_NUM": null, "HI_NUM_SUF": "None", "LINEAR_NAME_ID": 4471.0 }, "geometry": { "type": "MultiPoint", "coordinates": [ [ -79.390393901846593, 43.653765729872198 ] ] } },
{ "type": "Feature", "properties": { "_id": 225, "OBJECTID": 324, "GEO_ID": 8492735.0, "NAME": "CORDELLA JR PUBLIC SCHOOL ", "SCHOOL_LEVEL": "None", "SCHOOL_TYPE": "EP", "BOARD_NAME": "Toronto District School Board", "SOURCE_ADDRESS": "175 CORDELLA AVE ", "SCHOOL_TYPE_DESC": "English Public", "ADDRESS_POINT_ID": 8492735, "ADDRESS_NUMBER": "175", "LINEAR_NAME_FULL": "Cordella Ave", "ADDRESS_FULL": "175 Cordella Ave", "POSTAL_CODE": "M6N 2K1", "MUNICIPALITY": "YK", "CITY": "YK", "PLACE_NAME": "Cordella Junior Public School", "GENERAL_USE_CODE": 115001, "CENTRELINE_ID": 30073965, "LO_NUM": 175, "LO_NUM_SUF": "None", "HI_NUM": null, "HI_NUM_SUF": "None", "LINEAR_NAME_ID": 528.0 }, "geometry": { "type": "MultiPoint", "coordinates": [ [ -79.487585439973898, 43.679070093211799 ] ] } },
{ "type": "Feature", "properties": { "_id": 226, "OBJECTID": 325, "GEO_ID": 5266273.0, "NAME": "CORNELL INTERNATIONAL ACADEMY", "SCHOOL_LEVEL": "None", "SCHOOL_TYPE": "PR", "BOARD_NAME": "None", "SOURCE_ADDRESS": "250 SHEPPARD AVE E", "SCHOOL_TYPE_DESC": "Private", "ADDRESS_POINT_ID": 5266273, "ADDRESS_NUMBER": "250", "LINEAR_NAME_FULL": "Sheppard Ave E", "ADDRESS_FULL": "250 Sheppard Ave E", "POSTAL_CODE": "M2N 6M9", "MUNICIPALITY": "NY", "CITY": "NY", "PLACE_NAME": "None", "GENERAL_USE_CODE": 115001, "CENTRELINE_ID": 20041068, "LO_NUM": 250, "LO_NUM_SUF": "None", "HI_NUM": null, "HI_NUM_SUF": "None", "LINEAR_NAME_ID": 6698.0 }, "geometry": { "type": "MultiPoint", "coordinates": [ [ -79.400188346789704, 43.7642856622588 ] ] } },
{ "type": "Feature", "properties": { "_id": 227, "OBJECTID": 326, "GEO_ID": 344918.0, "NAME": "CORNELL JR PUBLIC SCHOOL", "SCHOOL_LEVEL": "None", "SCHOOL_TYPE": "EP", "BOARD_NAME": "Toronto District School Board", "SOURCE_ADDRESS": "61 HOLMFIRTH TER ", "SCHOOL_TYPE_DESC": "English Public", "ADDRESS_POINT_ID": 344918, "ADDRESS_NUMBER": "61", "LINEAR_NAME_FULL": "Holmfirth Ter", "ADDRESS_FULL": "61 Holmfirth Ter", "POSTAL_CODE": "M1G 1G8", "MUNICIPALITY": "SC", "CITY": "SC", "PLACE_NAME": "Cornell Junior Public School", "GENERAL_USE_CODE": 115001, "CENTRELINE_ID": 60013497, "LO_NUM": 61, "LO_NUM_SUF": "None", "HI_NUM": null, "HI_NUM_SUF": "None", "LINEAR_NAME_ID": 8123.0 }, "geometry": { "type": "MultiPoint", "coordinates": [ [ -79.218038219011802, 43.759392568966398 ] ] } },
{ "type": "Feature", "properties": { "_id": 228, "OBJECTID": 327, "GEO_ID": 771736.0, "NAME": "CORNERSTONE PREPARATORY SCHOOL - MAIN CAMPUS", "SCHOOL_LEVEL": "None", "SCHOOL_TYPE": "PR", "BOARD_NAME": "None", "SOURCE_ADDRESS": "177 BEVERLEY ST ", "SCHOOL_TYPE_DESC": "Private", "ADDRESS_POINT_ID": 771736, "ADDRESS_NUMBER": "177", "LINEAR_NAME_FULL": "Beverley St", "ADDRESS_FULL": "177 Beverley St", "POSTAL_CODE": "M5T 1Y7", "MUNICIPALITY": "TO", "CITY": "TO", "PLACE_NAME": "Toronto Chinese Presbyterian", "GENERAL_USE_CODE": 115001, "CENTRELINE_ID": 1144653, "LO_NUM": 177, "LO_NUM_SUF": "None", "HI_NUM": null, "HI_NUM_SUF": "None", "LINEAR_NAME_ID": 3002.0 }, "geometry": { "type": "MultiPoint", "coordinates": [ [ -79.394247854891205, 43.655569189805398 ] ] } },
{ "type": "Feature", "properties": { "_id": 229, "OBJECTID": 328, "GEO_ID": 323066.0, "NAME": "CORVETTE JR PUBLIC SCHOOL", "SCHOOL_LEVEL": "None", "SCHOOL_TYPE": "EP", "BOARD_NAME": "Toronto District School Board", "SOURCE_ADDRESS": "30 CORVETTE AVE ", "SCHOOL_TYPE_DESC": "English Public", "ADDRESS_POINT_ID": 323066, "ADDRESS_NUMBER": "30", "LINEAR_NAME_FULL": "Corvette Ave", "ADDRESS_FULL": "30 Corvette Ave", "POSTAL_CODE": "M1K 3G2", "MUNICIPALITY": "SC", "CITY": "SC", "PLACE_NAME": "Corvette Junior Public School", "GENERAL_USE_CODE": 115001, "CENTRELINE_ID": 111593, "LO_NUM": 30, "LO_NUM_SUF": "None", "HI_NUM": null, "HI_NUM_SUF": "None", "LINEAR_NAME_ID": 7657.0 }, "geometry": { "type": "MultiPoint", "coordinates": [ [ -79.262159725387306, 43.726485113648998 ] ] } },
{ "type": "Feature", "properties": { "_id": 230, "OBJECTID": 329, "GEO_ID": 7794470.0, "NAME": "COSBURN MDL SCHOOL", "SCHOOL_LEVEL": "None", "SCHOOL_TYPE": "EP", "BOARD_NAME": "Toronto District School Board", "SOURCE_ADDRESS": "520 COSBURN AVE ", "SCHOOL_TYPE_DESC": "English Public", "ADDRESS_POINT_ID": 7794470, "ADDRESS_NUMBER": "520", "LINEAR_NAME_FULL": "Cosburn Ave", "ADDRESS_FULL": "520 Cosburn Ave", "POSTAL_CODE": "M4J 2P1", "MUNICIPALITY": "EY", "CITY": "EY", "PLACE_NAME": "Cosburn Middle School", "GENERAL_USE_CODE": 115001, "CENTRELINE_ID": 7794467, "LO_NUM": 520, "LO_NUM_SUF": "None", "HI_NUM": null, "HI_NUM_SUF": "None", "LINEAR_NAME_ID": 70.0 }, "geometry": { "type": "MultiPoint", "coordinates": [ [ -79.330774635702596, 43.694072303092398 ] ] } },
{ "type": "Feature", "properties": { "_id": 231, "OBJECTID": 330, "GEO_ID": 772190.0, "NAME": "COTTINGHAM JR PUBLIC SCHOOL", "SCHOOL_LEVEL": "None", "SCHOOL_TYPE": "EP", "BOARD_NAME": "Toronto District School Board", "SOURCE_ADDRESS": "85 BIRCH AVE ", "SCHOOL_TYPE_DESC": "English Public", "ADDRESS_POINT_ID": 772190, "ADDRESS_NUMBER": "85", "LINEAR_NAME_FULL": "Birch Ave", "ADDRESS_FULL": "85 Birch Ave", "POSTAL_CODE": "M4V 1E3", "MUNICIPALITY": "TO", "CITY": "TO", "PLACE_NAME": "Cottingham Junior Public School", "GENERAL_USE_CODE": 115001, "CENTRELINE_ID": 20045802, "LO_NUM": 85, "LO_NUM_SUF": "None", "HI_NUM": null, "HI_NUM_SUF": "None", "LINEAR_NAME_ID": 3007.0 }, "geometry": { "type": "MultiPoint", "coordinates": [ [ -79.395609007930503, 43.680379437232098 ] ] } },
{ "type": "Feature", "properties": { "_id": 232, "OBJECTID": 331, "GEO_ID": 333309.0, "NAME": "COURCELETTE PUBLIC SCHOOL", "SCHOOL_LEVEL": "None", "SCHOOL_TYPE": "EP", "BOARD_NAME": "Toronto District School Board", "SOURCE_ADDRESS": "100 FALLINGBROOK RD ", "SCHOOL_TYPE_DESC": "English Public", "ADDRESS_POINT_ID": 333309, "ADDRESS_NUMBER": "100", "LINEAR_NAME_FULL": "Fallingbrook Rd", "ADDRESS_FULL": "100 Fallingbrook Rd", "POSTAL_CODE": "M1N 2T6", "MUNICIPALITY": "SC", "CITY": "SC", "PLACE_NAME": "Courcelette Public School", "GENERAL_USE_CODE": 115001, "CENTRELINE_ID": 113247, "LO_NUM": 100, "LO_NUM_SUF": "None", "HI_NUM": null, "HI_NUM_SUF": "None", "LINEAR_NAME_ID": 7874.0 }, "geometry": { "type": "MultiPoint", "coordinates": [ [ -79.278565923974497, 43.679318826270197 ] ] } },
{ "type": "Feature", "properties": { "_id": 233, "OBJECTID": 332, "GEO_ID": 30064074.0, "NAME": "COVENANT CENTRAL ACADEMY", "SCHOOL_LEVEL": "None", "SCHOOL_TYPE": "PR", "BOARD_NAME": "None", "SOURCE_ADDRESS": "716 GORDON BAKER RD ", "SCHOOL_TYPE_DESC": "Private", "ADDRESS_POINT_ID": 30064074, "ADDRESS_NUMBER": "716", "LINEAR_NAME_FULL": "Gordon Baker Rd", "ADDRESS_FULL": "716 Gordon Baker Rd", "POSTAL_CODE": "M2H 3B4", "MUNICIPALITY": "NY", "CITY": "NY", "PLACE_NAME": "None", "GENERAL_USE_CODE": 115001, "CENTRELINE_ID": 9246755, "LO_NUM": 716, "LO_NUM_SUF": "None", "HI_NUM": null, "HI_NUM_SUF": "None", "LINEAR_NAME_ID": 5721.0 }, "geometry": { "type": "MultiPoint", "coordinates": [ [ -79.342138618908393, 43.810954539594398 ] ] } },
{ "type": "Feature", "properties": { "_id": 234, "OBJECTID": 333, "GEO_ID": 11530149.0, "NAME": "CRAWFORD ADVENTIST ACADEMY HIGH SCHOOL", "SCHOOL_LEVEL": "None", "SCHOOL_TYPE": "PR", "BOARD_NAME": "None", "SOURCE_ADDRESS": "531 FINCH AVE W", "SCHOOL_TYPE_DESC": "Private", "ADDRESS_POINT_ID": 11530149, "ADDRESS_NUMBER": "531", "LINEAR_NAME_FULL": "Finch Ave W", "ADDRESS_FULL": "531 Finch Ave W", "POSTAL_CODE": "M2R 3X2", "MUNICIPALITY": "NY", "CITY": "NY", "PLACE_NAME": "None", "GENERAL_USE_CODE": 115001, "CENTRELINE_ID": 20092034, "LO_NUM": 531, "LO_NUM_SUF": "None", "HI_NUM": null, "HI_NUM_SUF": "None", "LINEAR_NAME_ID": 1610.0 }, "geometry": { "type": "MultiPoint", "coordinates": [ [ -79.444801718492499, 43.771733630215103 ] ] } },
{ "type": "Feature", "properties": { "_id": 235, "OBJECTID": 334, "GEO_ID": 487616.0, "NAME": "CRESCENT SCHOOL", "SCHOOL_LEVEL": "None", "SCHOOL_TYPE": "PR", "BOARD_NAME": "None", "SOURCE_ADDRESS": "2365 BAYVIEW AVE ", "SCHOOL_TYPE_DESC": "Private", "ADDRESS_POINT_ID": 487616, "ADDRESS_NUMBER": "2365", "LINEAR_NAME_FULL": "Bayview Ave", "ADDRESS_FULL": "2365 Bayview Ave", "POSTAL_CODE": "M2L 1A2", "MUNICIPALITY": "NY", "CITY": "NY", "PLACE_NAME": "None", "GENERAL_USE_CODE": 115001, "CENTRELINE_ID": 443573, "LO_NUM": 2365, "LO_NUM_SUF": "None", "HI_NUM": null, "HI_NUM_SUF": "None", "LINEAR_NAME_ID": 24.0 }, "geometry": { "type": "MultiPoint", "coordinates": [ [ -79.378896136206194, 43.732984367289397 ] ] } },
{ "type": "Feature", "properties": { "_id": 236, "OBJECTID": 335, "GEO_ID": 4202208.0, "NAME": "CRESCENT TOWN ELEMENTARY SCHOOL ", "SCHOOL_LEVEL": "None", "SCHOOL_TYPE": "EP", "BOARD_NAME": "Toronto District School Board", "SOURCE_ADDRESS": "4 MASSEY SQ ", "SCHOOL_TYPE_DESC": "English Public", "ADDRESS_POINT_ID": 4202208, "ADDRESS_NUMBER": "4", "LINEAR_NAME_FULL": "Massey Sq", "ADDRESS_FULL": "4 Massey Sq", "POSTAL_CODE": "M4C 5M9", "MUNICIPALITY": "EY", "CITY": "EY", "PLACE_NAME": "Crescent Town Elementary School", "GENERAL_USE_CODE": 115001, "CENTRELINE_ID": 4153333, "LO_NUM": 4, "LO_NUM_SUF": "None", "HI_NUM": null, "HI_NUM_SUF": "None", "LINEAR_NAME_ID": 11100.0 }, "geometry": { "type": "MultiPoint", "coordinates": [ [ -79.292466510100795, 43.696836745498601 ] ] } },
{ "type": "Feature", "properties": { "_id": 237, "OBJECTID": 336, "GEO_ID": 504194.0, "NAME": "CRESTHAVEN PUBLIC SCHOOL", "SCHOOL_LEVEL": "None", "SCHOOL_TYPE": "EP", "BOARD_NAME": "Toronto District School Board", "SOURCE_ADDRESS": "46 CRESTHAVEN DR ", "SCHOOL_TYPE_DESC": "English Public", "ADDRESS_POINT_ID": 504194, "ADDRESS_NUMBER": "46", "LINEAR_NAME_FULL": "Cresthaven Dr", "ADDRESS_FULL": "46 Cresthaven Dr", "POSTAL_CODE": "M2H 1M1", "MUNICIPALITY": "NY", "CITY": "NY", "PLACE_NAME": "Cresthaven Public School", "GENERAL_USE_CODE": 115001, "CENTRELINE_ID": 30102963, "LO_NUM": 46, "LO_NUM_SUF": "None", "HI_NUM": null, "HI_NUM_SUF": "None", "LINEAR_NAME_ID": 5297.0 }, "geometry": { "type": "MultiPoint", "coordinates": [ [ -79.363540254344798, 43.797219136555697 ] ] } },
{ "type": "Feature", "properties": { "_id": 238, "OBJECTID": 337, "GEO_ID": 560542.0, "NAME": "CRESTVIEW PUBLIC SCHOOL", "SCHOOL_LEVEL": "None", "SCHOOL_TYPE": "EP", "BOARD_NAME": "Toronto District School Board", "SOURCE_ADDRESS": "101 SENECA HILL DR ", "SCHOOL_TYPE_DESC": "English Public", "ADDRESS_POINT_ID": 560542, "ADDRESS_NUMBER": "101", "LINEAR_NAME_FULL": "Seneca Hill Dr", "ADDRESS_FULL": "101 Seneca Hill Dr", "POSTAL_CODE": "M2J 2W3", "MUNICIPALITY": "NY", "CITY": "NY", "PLACE_NAME": "Crestview Public School", "GENERAL_USE_CODE": 115001, "CENTRELINE_ID": 437045, "LO_NUM": 101, "LO_NUM_SUF": "None", "HI_NUM": null, "HI_NUM_SUF": "None", "LINEAR_NAME_ID": 6676.0 }, "geometry": { "type": "MultiPoint", "coordinates": [ [ -79.359846599777498, 43.788432178415199 ] ] } },
{ "type": "Feature", "properties": { "_id": 239, "OBJECTID": 338, "GEO_ID": 492885.0, "NAME": "CRESTWOOD PREPARATORY COLLEGE SCHOOL", "SCHOOL_LEVEL": "None", "SCHOOL_TYPE": "PR", "BOARD_NAME": "None", "SOURCE_ADDRESS": "217 BROOKBANKS DR ", "SCHOOL_TYPE_DESC": "Private", "ADDRESS_POINT_ID": 492885, "ADDRESS_NUMBER": "217", "LINEAR_NAME_FULL": "Brookbanks Dr", "ADDRESS_FULL": "217 Brookbanks Dr", "POSTAL_CODE": "M3A 2T7", "MUNICIPALITY": "NY", "CITY": "NY", "PLACE_NAME": "Crestwood Preparatory College", "GENERAL_USE_CODE": 115001, "CENTRELINE_ID": 30004684, "LO_NUM": 217, "LO_NUM_SUF": "None", "HI_NUM": null, "HI_NUM_SUF": "None", "LINEAR_NAME_ID": 5045.0 }, "geometry": { "type": "MultiPoint", "coordinates": [ [ -79.324710102636303, 43.759293061925398 ] ] } },
{ "type": "Feature", "properties": { "_id": 240, "OBJECTID": 339, "GEO_ID": 535880.0, "NAME": "CRESTWOOD SCHOOL", "SCHOOL_LEVEL": "None", "SCHOOL_TYPE": "PR", "BOARD_NAME": "None", "SOURCE_ADDRESS": "411 LAWRENCE AVE E", "SCHOOL_TYPE_DESC": "Private", "ADDRESS_POINT_ID": 535880, "ADDRESS_NUMBER": "411", "LINEAR_NAME_FULL": "Lawrence Ave E", "ADDRESS_FULL": "411 Lawrence Ave E", "POSTAL_CODE": "M3C 1N9", "MUNICIPALITY": "NY", "CITY": "NY", "PLACE_NAME": "None", "GENERAL_USE_CODE": 115001, "CENTRELINE_ID": 443572, "LO_NUM": 411, "LO_NUM_SUF": "None", "HI_NUM": null, "HI_NUM_SUF": "None", "LINEAR_NAME_ID": 3828.0 }, "geometry": { "type": "MultiPoint", "coordinates": [ [ -79.378108702711202, 43.730262268840903 ] ] } },
{ "type": "Feature", "properties": { "_id": 241, "OBJECTID": 340, "GEO_ID": 561927.0, "NAME": "CROWN ACADEMIC INTERNATIONAL SCHOOL", "SCHOOL_LEVEL": "None", "SCHOOL_TYPE": "PR", "BOARD_NAME": "None", "SOURCE_ADDRESS": "25 SHEPPARD AVE W", "SCHOOL_TYPE_DESC": "Private", "ADDRESS_POINT_ID": 561927, "ADDRESS_NUMBER": "25", "LINEAR_NAME_FULL": "Sheppard Ave W", "ADDRESS_FULL": "25 Sheppard Ave W", "POSTAL_CODE": "M2N 6S6", "MUNICIPALITY": "NY", "CITY": "NY", "PLACE_NAME": "None", "GENERAL_USE_CODE": 115001, "CENTRELINE_ID": 439820, "LO_NUM": 25, "LO_NUM_SUF": "None", "HI_NUM": null, "HI_NUM_SUF": "None", "LINEAR_NAME_ID": 6699.0 }, "geometry": { "type": "MultiPoint", "coordinates": [ [ -79.412164011992402, 43.7608163554222 ] ] } },
{ "type": "Feature", "properties": { "_id": 242, "OBJECTID": 341, "GEO_ID": 7130401.0, "NAME": "CROWN ACADEMY", "SCHOOL_LEVEL": "None", "SCHOOL_TYPE": "PR", "BOARD_NAME": "None", "SOURCE_ADDRESS": "5200 YONGE ST ", "SCHOOL_TYPE_DESC": "Private", "ADDRESS_POINT_ID": 7130401, "ADDRESS_NUMBER": "5200", "LINEAR_NAME_FULL": "Yonge St", "ADDRESS_FULL": "5200 Yonge St", "POSTAL_CODE": "M2N 5P6", "MUNICIPALITY": "NY", "CITY": "NY", "PLACE_NAME": "None", "GENERAL_USE_CODE": 115001, "CENTRELINE_ID": 7130385, "LO_NUM": 5200, "LO_NUM_SUF": "None", "HI_NUM": null, "HI_NUM_SUF": "None", "LINEAR_NAME_ID": 4733.0 }, "geometry": { "type": "MultiPoint", "coordinates": [ [ -79.413617771054106, 43.770723485259502 ] ] } },
{ "type": "Feature", "properties": { "_id": 243, "OBJECTID": 342, "GEO_ID": 541058.0, "NAME": "CUMMER VALLEY MDL SCHOOL", "SCHOOL_LEVEL": "None", "SCHOOL_TYPE": "EP", "BOARD_NAME": "Toronto District School Board", "SOURCE_ADDRESS": "70 MAXOME AVE ", "SCHOOL_TYPE_DESC": "English Public", "ADDRESS_POINT_ID": 541058, "ADDRESS_NUMBER": "70", "LINEAR_NAME_FULL": "Maxome Ave", "ADDRESS_FULL": "70 Maxome Ave", "POSTAL_CODE": "M2M 3K1", "MUNICIPALITY": "NY", "CITY": "NY", "PLACE_NAME": "Cummer Valley Middle School", "GENERAL_USE_CODE": 115001, "CENTRELINE_ID": 437113, "LO_NUM": 70, "LO_NUM_SUF": "None", "HI_NUM": null, "HI_NUM_SUF": "None", "LINEAR_NAME_ID": 6183.0 }, "geometry": { "type": "MultiPoint", "coordinates": [ [ -79.401276102122594, 43.788231956409298 ] ] } },
{ "type": "Feature", "properties": { "_id": 244, "OBJECTID": 343, "GEO_ID": 7754527.0, "NAME": "D A MORRISON MDL SCHOOL", "SCHOOL_LEVEL": "None", "SCHOOL_TYPE": "EP", "BOARD_NAME": "Toronto District School Board", "SOURCE_ADDRESS": "271 GLEDHILL AVE ", "SCHOOL_TYPE_DESC": "English Public", "ADDRESS_POINT_ID": 7754527, "ADDRESS_NUMBER": "271", "LINEAR_NAME_FULL": "Gledhill Ave", "ADDRESS_FULL": "271 Gledhill Ave", "POSTAL_CODE": "M4C 4L2", "MUNICIPALITY": "EY", "CITY": "EY", "PLACE_NAME": "D. A. Morrison Middle School", "GENERAL_USE_CODE": 115001, "CENTRELINE_ID": 7754529, "LO_NUM": 271, "LO_NUM_SUF": "None", "HI_NUM": null, "HI_NUM_SUF": "None", "LINEAR_NAME_ID": 159.0 }, "geometry": { "type": "MultiPoint", "coordinates": [ [ -79.311692440779296, 43.695396461198399 ] ] } },
{ "type": "Feature", "properties": { "_id": 245, "OBJECTID": 344, "GEO_ID": 9963285.0, "NAME": "DALLINGTON PUBLIC SCHOOL", "SCHOOL_LEVEL": "None", "SCHOOL_TYPE": "EP", "BOARD_NAME": "Toronto District School Board", "SOURCE_ADDRESS": "18 DALLINGTON DR ", "SCHOOL_TYPE_DESC": "English Public", "ADDRESS_POINT_ID": 9963285, "ADDRESS_NUMBER": "18", "LINEAR_NAME_FULL": "Dallington Dr", "ADDRESS_FULL": "18 Dallington Dr", "POSTAL_CODE": "M2J 2G3", "MUNICIPALITY": "NY", "CITY": "NY", "PLACE_NAME": "Dallington Public School", "GENERAL_USE_CODE": 115001, "CENTRELINE_ID": 9963276, "LO_NUM": 18, "LO_NUM_SUF": "None", "HI_NUM": null, "HI_NUM_SUF": "None", "LINEAR_NAME_ID": 5322.0 }, "geometry": { "type": "MultiPoint", "coordinates": [ [ -79.354755348612201, 43.777128126467503 ] ] } },
{ "type": "Feature", "properties": { "_id": 246, "OBJECTID": 345, "GEO_ID": 6624393.0, "NAME": "DANFORTH COLLEGIATE & GREENWOOD SECONDARY SCHOOL", "SCHOOL_LEVEL": "None", "SCHOOL_TYPE": "EP", "BOARD_NAME": "Toronto District School Board", "SOURCE_ADDRESS": "800 GREENWOOD AVE ", "SCHOOL_TYPE_DESC": "English Public", "ADDRESS_POINT_ID": 6624393, "ADDRESS_NUMBER": "800", "LINEAR_NAME_FULL": "Greenwood Ave", "ADDRESS_FULL": "800 Greenwood Ave", "POSTAL_CODE": "M4J 4B7", "MUNICIPALITY": "TO", "CITY": "TO", "PLACE_NAME": "Danforth Collegiate and Technical Institute", "GENERAL_USE_CODE": 115001, "CENTRELINE_ID": 6620281, "LO_NUM": 800, "LO_NUM_SUF": "None", "HI_NUM": null, "HI_NUM_SUF": "None", "LINEAR_NAME_ID": 181.0 }, "geometry": { "type": "MultiPoint", "coordinates": [ [ -79.334089560689705, 43.6828387343202 ] ] } },
{ "type": "Feature", "properties": { "_id": 247, "OBJECTID": 346, "GEO_ID": 2370028.0, "NAME": "DANFORTH GARDENS PUBLIC SCHOOL ", "SCHOOL_LEVEL": "None", "SCHOOL_TYPE": "EP", "BOARD_NAME": "Toronto District School Board", "SOURCE_ADDRESS": "20 SANTAMONICA BLVD ", "SCHOOL_TYPE_DESC": "English Public", "ADDRESS_POINT_ID": 2370028, "ADDRESS_NUMBER": "20", "LINEAR_NAME_FULL": "Santamonica Blvd", "ADDRESS_FULL": "20 Santamonica Blvd", "POSTAL_CODE": "M1L 4H4", "MUNICIPALITY": "SC", "CITY": "SC", "PLACE_NAME": "Danforth Gardens Public School", "GENERAL_USE_CODE": 115001, "CENTRELINE_ID": 2370032, "LO_NUM": 20, "LO_NUM_SUF": "None", "HI_NUM": null, "HI_NUM_SUF": "None", "LINEAR_NAME_ID": 8879.0 }, "geometry": { "type": "MultiPoint", "coordinates": [ [ -79.270927399778003, 43.708767063006498 ] ] } },
{ "type": "Feature", "properties": { "_id": 248, "OBJECTID": 347, "GEO_ID": 8140509.0, "NAME": "DANFORTH LINC", "SCHOOL_LEVEL": "None", "SCHOOL_TYPE": "EP", "BOARD_NAME": "Toronto District School Board", "SOURCE_ADDRESS": "2494 DANFORTH AVE ", "SCHOOL_TYPE_DESC": "English Public", "ADDRESS_POINT_ID": 8140509, "ADDRESS_NUMBER": "2494", "LINEAR_NAME_FULL": "Danforth Ave", "ADDRESS_FULL": "2494 Danforth Ave", "POSTAL_CODE": "M4C 1K9", "MUNICIPALITY": "TO", "CITY": "TO", "PLACE_NAME": "None", "GENERAL_USE_CODE": 115001, "CENTRELINE_ID": 8140493, "LO_NUM": 2494, "LO_NUM_SUF": "None", "HI_NUM": null, "HI_NUM_SUF": "None", "LINEAR_NAME_ID": 86.0 }, "geometry": { "type": "MultiPoint", "coordinates": [ [ -79.303721056111996, 43.688029372640898 ] ] } },
{ "type": "Feature", "properties": { "_id": 249, "OBJECTID": 348, "GEO_ID": 551789.0, "NAME": "DANTE ALIGHIERI ACADEMY - CLOSED TIL 2026", "SCHOOL_LEVEL": "None", "SCHOOL_TYPE": "ES", "BOARD_NAME": "Toronto Catholic District School Board", "SOURCE_ADDRESS": "60 PLAYFAIR AVE ", "SCHOOL_TYPE_DESC": "English Separate", "ADDRESS_POINT_ID": 551789, "ADDRESS_NUMBER": "60", "LINEAR_NAME_FULL": "Playfair Ave", "ADDRESS_FULL": "60 Playfair Ave", "POSTAL_CODE": "M6B 2P9", "MUNICIPALITY": "NY", "CITY": "NY", "PLACE_NAME": "Dante Alighieri Academy", "GENERAL_USE_CODE": 115001, "CENTRELINE_ID": 446085, "LO_NUM": 60, "LO_NUM_SUF": "None", "HI_NUM": null, "HI_NUM_SUF": "None", "LINEAR_NAME_ID": 6444.0 }, "geometry": { "type": "MultiPoint", "coordinates": [ [ -79.458369831568007, 43.710077415161201 ] ] } },
{ "type": "Feature", "properties": { "_id": 250, "OBJECTID": 349, "GEO_ID": 9963097.0, "NAME": "DANTE ALIGHIERI ACADEMY (TEMPORARY SITE)", "SCHOOL_LEVEL": "None", "SCHOOL_TYPE": "ES", "BOARD_NAME": "Toronto Catholic District School Board", "SOURCE_ADDRESS": "2 ST ANDREWS BLVD ", "SCHOOL_TYPE_DESC": "English Separate", "ADDRESS_POINT_ID": 9963097, "ADDRESS_NUMBER": "2", "LINEAR_NAME_FULL": "St Andrews Blvd", "ADDRESS_FULL": "2 St Andrews Blvd", "POSTAL_CODE": "M9R 1V8", "MUNICIPALITY": "ET", "CITY": "ET", "PLACE_NAME": "None", "GENERAL_USE_CODE": 115001, "CENTRELINE_ID": 9963096, "LO_NUM": 2, "LO_NUM_SUF": "None", "HI_NUM": null, "HI_NUM_SUF": "None", "LINEAR_NAME_ID": 2511.0 }, "geometry": { "type": "MultiPoint", "coordinates": [ [ -79.550056159098503, 43.701666000340502 ] ] } },
{ "type": "Feature", "properties": { "_id": 251, "OBJECTID": 350, "GEO_ID": 51593.0, "NAME": "D'ARCY MCGEE CATHOLIC ELEMENTARY SCHOOL", "SCHOOL_LEVEL": "None", "SCHOOL_TYPE": "ES", "BOARD_NAME": "Toronto Catholic District School Board", "SOURCE_ADDRESS": "20 BANSLEY AVE ", "SCHOOL_TYPE_DESC": "English Separate", "ADDRESS_POINT_ID": 51593, "ADDRESS_NUMBER": "20", "LINEAR_NAME_FULL": "Bansley Ave", "ADDRESS_FULL": "20 Bansley Ave", "POSTAL_CODE": "M6E 2A2", "MUNICIPALITY": "YK", "CITY": "YK", "PLACE_NAME": "D'Arcy McGee Catholic School", "GENERAL_USE_CODE": 115001, "CENTRELINE_ID": 14068332, "LO_NUM": 20, "LO_NUM_SUF": "None", "HI_NUM": null, "HI_NUM_SUF": "None", "LINEAR_NAME_ID": 429.0 }, "geometry": { "type": "MultiPoint", "coordinates": [ [ -79.442911584453199, 43.692255630016099 ] ] } },
{ "type": "Feature", "properties": { "_id": 252, "OBJECTID": 351, "GEO_ID": 11461988.0, "NAME": "DARUL ARQAM ISLAMIC ACADEMY SCHOOL", "SCHOOL_LEVEL": "None", "SCHOOL_TYPE": "PR", "BOARD_NAME": "None", "SOURCE_ADDRESS": "585 TRETHEWEY DR ", "SCHOOL_TYPE_DESC": "Private", "ADDRESS_POINT_ID": 11461988, "ADDRESS_NUMBER": "585", "LINEAR_NAME_FULL": "Trethewey Dr", "ADDRESS_FULL": "585 Trethewey Dr", "POSTAL_CODE": "M6M 4B8", "MUNICIPALITY": "NY", "CITY": "NY", "PLACE_NAME": "None", "GENERAL_USE_CODE": 115001, "CENTRELINE_ID": 14677748, "LO_NUM": 585, "LO_NUM_SUF": "None", "HI_NUM": null, "HI_NUM_SUF": "None", "LINEAR_NAME_ID": 917.0 }, "geometry": { "type": "MultiPoint", "coordinates": [ [ -79.492494251778993, 43.696224923990997 ] ] } },
{ "type": "Feature", "properties": { "_id": 253, "OBJECTID": 352, "GEO_ID": 7131439.0, "NAME": "DARYK HIGH", "SCHOOL_LEVEL": "None", "SCHOOL_TYPE": "PR", "BOARD_NAME": "None", "SOURCE_ADDRESS": "5467 YONGE ST ", "SCHOOL_TYPE_DESC": "Private", "ADDRESS_POINT_ID": 7131439, "ADDRESS_NUMBER": "5467", "LINEAR_NAME_FULL": "Yonge St", "ADDRESS_FULL": "5467 Yonge St", "POSTAL_CODE": "M2N 5S1", "MUNICIPALITY": "NY", "CITY": "NY", "PLACE_NAME": "None", "GENERAL_USE_CODE": 115001, "CENTRELINE_ID": 7131429, "LO_NUM": 5467, "LO_NUM_SUF": "None", "HI_NUM": null, "HI_NUM_SUF": "None", "LINEAR_NAME_ID": 4733.0 }, "geometry": { "type": "MultiPoint", "coordinates": [ [ -79.414711181265702, 43.777816567341098 ] ] } },
{ "type": "Feature", "properties": { "_id": 254, "OBJECTID": 353, "GEO_ID": 30069331.0, "NAME": "DAVID AND MARY THOMSON COLLEGIATE", "SCHOOL_LEVEL": "None", "SCHOOL_TYPE": "EP", "BOARD_NAME": "Toronto District School Board", "SOURCE_ADDRESS": "125 BROCKLEY DR ", "SCHOOL_TYPE_DESC": "English Public", "ADDRESS_POINT_ID": 30069331, "ADDRESS_NUMBER": "125", "LINEAR_NAME_FULL": "Brockley Dr", "ADDRESS_FULL": "125 Brockley Dr", "POSTAL_CODE": "M1P 0E1", "MUNICIPALITY": "SC", "CITY": "SC", "PLACE_NAME": "None", "GENERAL_USE_CODE": 115001, "CENTRELINE_ID": 109638, "LO_NUM": 125, "LO_NUM_SUF": "None", "HI_NUM": null, "HI_NUM_SUF": "None", "LINEAR_NAME_ID": 7445.0 }, "geometry": { "type": "MultiPoint", "coordinates": [ [ -79.263401268509, 43.755670050493698 ] ] } },
{ "type": "Feature", "properties": { "_id": 255, "OBJECTID": 354, "GEO_ID": 7973823.0, "NAME": "DAVID HORNELL JR SCHOOL ", "SCHOOL_LEVEL": "None", "SCHOOL_TYPE": "EP", "BOARD_NAME": "Toronto District School Board", "SOURCE_ADDRESS": "32 VICTORIA ST ", "SCHOOL_TYPE_DESC": "English Public", "ADDRESS_POINT_ID": 7973823, "ADDRESS_NUMBER": "32", "LINEAR_NAME_FULL": "Victoria St", "ADDRESS_FULL": "32 Victoria St", "POSTAL_CODE": "M8V 1M6", "MUNICIPALITY": "ET", "CITY": "ET", "PLACE_NAME": "David Hornell Junior School", "GENERAL_USE_CODE": 115001, "CENTRELINE_ID": 30126207, "LO_NUM": 32, "LO_NUM_SUF": "None", "HI_NUM": null, "HI_NUM_SUF": "None", "LINEAR_NAME_ID": 2717.0 }, "geometry": { "type": "MultiPoint", "coordinates": [ [ -79.488893662588296, 43.619333284227601 ] ] } },
{ "type": "Feature", "properties": { "_id": 256, "OBJECTID": 355, "GEO_ID": 3073655.0, "NAME": "DAVID LEWIS PUBLIC SCHOOL ", "SCHOOL_LEVEL": "None", "SCHOOL_TYPE": "EP", "BOARD_NAME": "Toronto District School Board", "SOURCE_ADDRESS": "130 FUNDY BAY BLVD ", "SCHOOL_TYPE_DESC": "English Public", "ADDRESS_POINT_ID": 3073655, "ADDRESS_NUMBER": "130", "LINEAR_NAME_FULL": "Fundy Bay Blvd", "ADDRESS_FULL": "130 Fundy Bay Blvd", "POSTAL_CODE": "M1W 3G1", "MUNICIPALITY": "SC", "CITY": "SC", "PLACE_NAME": "David Lewis Public School", "GENERAL_USE_CODE": 115001, "CENTRELINE_ID": 3065783, "LO_NUM": 130, "LO_NUM_SUF": "None", "HI_NUM": null, "HI_NUM_SUF": "None", "LINEAR_NAME_ID": 7938.0 }, "geometry": { "type": "MultiPoint", "coordinates": [ [ -79.317886061143795, 43.809196708807796 ] ] } },
{ "type": "Feature", "properties": { "_id": 257, "OBJECTID": 356, "GEO_ID": 13967926.0, "NAME": "DAVISVILLE & SPECTRUM SCHOOL", "SCHOOL_LEVEL": "None", "SCHOOL_TYPE": "EP", "BOARD_NAME": "Toronto District School Board", "SOURCE_ADDRESS": "50 DAVISVILLE AVE ", "SCHOOL_TYPE_DESC": "English Public", "ADDRESS_POINT_ID": 13967926, "ADDRESS_NUMBER": "50", "LINEAR_NAME_FULL": "Davisville Ave", "ADDRESS_FULL": "50 Davisville Ave", "POSTAL_CODE": "M4S 1E8", "MUNICIPALITY": "TO", "CITY": "TO", "PLACE_NAME": "None", "GENERAL_USE_CODE": 115001, "CENTRELINE_ID": 11272480, "LO_NUM": 50, "LO_NUM_SUF": "None", "HI_NUM": null, "HI_NUM_SUF": "None", "LINEAR_NAME_ID": 3271.0 }, "geometry": { "type": "MultiPoint", "coordinates": [ [ -79.3947848769606, 43.698961439292098 ] ] } },
{ "type": "Feature", "properties": { "_id": 258, "OBJECTID": 357, "GEO_ID": 505735.0, "NAME": "DAYSTROM PUBLIC SCHOOL", "SCHOOL_LEVEL": "None", "SCHOOL_TYPE": "EP", "BOARD_NAME": "Toronto District School Board", "SOURCE_ADDRESS": "25 DAYSTROM DR ", "SCHOOL_TYPE_DESC": "English Public", "ADDRESS_POINT_ID": 505735, "ADDRESS_NUMBER": "25", "LINEAR_NAME_FULL": "Daystrom Dr", "ADDRESS_FULL": "25 Daystrom Dr", "POSTAL_CODE": "M9M 2A8", "MUNICIPALITY": "NY", "CITY": "NY", "PLACE_NAME": "Daystrom Public School", "GENERAL_USE_CODE": 115001, "CENTRELINE_ID": 441683, "LO_NUM": 25, "LO_NUM_SUF": "None", "HI_NUM": null, "HI_NUM_SUF": "None", "LINEAR_NAME_ID": 5339.0 }, "geometry": { "type": "MultiPoint", "coordinates": [ [ -79.546963301463094, 43.747946927356402 ] ] } },
{ "type": "Feature", "properties": { "_id": 259, "OBJECTID": 358, "GEO_ID": 30107379.0, "NAME": "DE LASALLE COLLEGE SCHOOL", "SCHOOL_LEVEL": "None", "SCHOOL_TYPE": "PR", "BOARD_NAME": "None", "SOURCE_ADDRESS": "131 FARNHAM AVE ", "SCHOOL_TYPE_DESC": "Private", "ADDRESS_POINT_ID": 30107379, "ADDRESS_NUMBER": "131", "LINEAR_NAME_FULL": "Farnham Ave", "ADDRESS_FULL": "131 Farnham Ave", "POSTAL_CODE": "M4V 1H7", "MUNICIPALITY": "TO", "CITY": "TO", "PLACE_NAME": "None", "GENERAL_USE_CODE": 115001, "CENTRELINE_ID": 8771849, "LO_NUM": 131, "LO_NUM_SUF": "None", "HI_NUM": null, "HI_NUM_SUF": "None", "LINEAR_NAME_ID": 3426.0 }, "geometry": { "type": "MultiPoint", "coordinates": [ [ -79.398139589867995, 43.682136201905301 ] ] } },
{ "type": "Feature", "properties": { "_id": 260, "OBJECTID": 359, "GEO_ID": 4070042.0, "NAME": "DEER PARK JR & SR PUBLIC SCHOOL", "SCHOOL_LEVEL": "None", "SCHOOL_TYPE": "EP", "BOARD_NAME": "Toronto District School Board", "SOURCE_ADDRESS": "23 FERNDALE AVE ", "SCHOOL_TYPE_DESC": "English Public", "ADDRESS_POINT_ID": 4070042, "ADDRESS_NUMBER": "23", "LINEAR_NAME_FULL": "Ferndale Ave", "ADDRESS_FULL": "23 Ferndale Ave", "POSTAL_CODE": "M4T 2B4", "MUNICIPALITY": "TO", "CITY": "TO", "PLACE_NAME": "Deer Park Junior and Senior Public School", "GENERAL_USE_CODE": 115001, "CENTRELINE_ID": 14024601, "LO_NUM": 23, "LO_NUM_SUF": "None", "HI_NUM": null, "HI_NUM_SUF": "None", "LINEAR_NAME_ID": 3435.0 }, "geometry": { "type": "MultiPoint", "coordinates": [ [ -79.391556384855306, 43.689651951117 ] ] } },
{ "type": "Feature", "properties": { "_id": 261, "OBJECTID": 360, "GEO_ID": 6332526.0, "NAME": "DELPHI SECONDARY ALTERNATIVE SCHOOL ", "SCHOOL_LEVEL": "None", "SCHOOL_TYPE": "EP", "BOARD_NAME": "Toronto District School Board", "SOURCE_ADDRESS": "109A CHARTLAND BLVD S", "SCHOOL_TYPE_DESC": "English Public", "ADDRESS_POINT_ID": 6332526, "ADDRESS_NUMBER": "109A", "LINEAR_NAME_FULL": "Chartland Blvd S", "ADDRESS_FULL": "109A Chartland Blvd S", "POSTAL_CODE": "M1S 2R7", "MUNICIPALITY": "SC", "CITY": "SC", "PLACE_NAME": "Alternative Scarborough Education", "GENERAL_USE_CODE": 115001, "CENTRELINE_ID": 6332527, "LO_NUM": 109, "LO_NUM_SUF": "A", "HI_NUM": null, "HI_NUM_SUF": "None", "LINEAR_NAME_ID": 7566.0 }, "geometry": { "type": "MultiPoint", "coordinates": [ [ -79.278436233286598, 43.8000076946308 ] ] } },
{ "type": "Feature", "properties": { "_id": 262, "OBJECTID": 361, "GEO_ID": 20037304.0, "NAME": "DELTA ACADEMY INC SECONDARY SCHOOL", "SCHOOL_LEVEL": "None", "SCHOOL_TYPE": "PR", "BOARD_NAME": "None", "SOURCE_ADDRESS": "1160 BIRCHMOUNT RD ", "SCHOOL_TYPE_DESC": "Private", "ADDRESS_POINT_ID": 20037304, "ADDRESS_NUMBER": "1160", "LINEAR_NAME_FULL": "Birchmount Rd", "ADDRESS_FULL": "1160 Birchmount Rd", "POSTAL_CODE": "M1P 2B8", "MUNICIPALITY": "SC", "CITY": "SC", "PLACE_NAME": "None", "GENERAL_USE_CODE": 115001, "CENTRELINE_ID": 110728, "LO_NUM": 1160, "LO_NUM_SUF": "None", "HI_NUM": null, "HI_NUM_SUF": "None", "LINEAR_NAME_ID": 7365.0 }, "geometry": { "type": "MultiPoint", "coordinates": [ [ -79.283828754010202, 43.741125986715403 ] ] } },
{ "type": "Feature", "properties": { "_id": 263, "OBJECTID": 362, "GEO_ID": 507023.0, "NAME": "DENLOW PUBLIC SCHOOL", "SCHOOL_LEVEL": "None", "SCHOOL_TYPE": "EP", "BOARD_NAME": "Toronto District School Board", "SOURCE_ADDRESS": "50 DENLOW BLVD ", "SCHOOL_TYPE_DESC": "English Public", "ADDRESS_POINT_ID": 507023, "ADDRESS_NUMBER": "50", "LINEAR_NAME_FULL": "Denlow Blvd", "ADDRESS_FULL": "50 Denlow Blvd", "POSTAL_CODE": "M3B 1P7", "MUNICIPALITY": "NY", "CITY": "NY", "PLACE_NAME": "Denlow Public School", "GENERAL_USE_CODE": 115001, "CENTRELINE_ID": 441685, "LO_NUM": 50, "LO_NUM_SUF": "None", "HI_NUM": null, "HI_NUM_SUF": "None", "LINEAR_NAME_ID": 5371.0 }, "geometry": { "type": "MultiPoint", "coordinates": [ [ -79.364227725094594, 43.745839493438702 ] ] } },
{ "type": "Feature", "properties": { "_id": 264, "OBJECTID": 363, "GEO_ID": 10313238.0, "NAME": "DENNIS AVENUE COMMUNITY SCHOOL (CLOSED LOCATION)", "SCHOOL_LEVEL": "None", "SCHOOL_TYPE": "EP", "BOARD_NAME": "Toronto District School Board", "SOURCE_ADDRESS": "17 DENNIS AVE ", "SCHOOL_TYPE_DESC": "English Public", "ADDRESS_POINT_ID": 10313238, "ADDRESS_NUMBER": "17", "LINEAR_NAME_FULL": "Dennis Ave", "ADDRESS_FULL": "17 Dennis Ave", "POSTAL_CODE": "M6N 2T7", "MUNICIPALITY": "YK", "CITY": "YK", "PLACE_NAME": "Dennis Avenue Community School", "GENERAL_USE_CODE": 115001, "CENTRELINE_ID": 10313197, "LO_NUM": 17, "LO_NUM_SUF": "None", "HI_NUM": null, "HI_NUM_SUF": "None", "LINEAR_NAME_ID": 551.0 }, "geometry": { "type": "MultiPoint", "coordinates": [ [ -79.487286316597604, 43.684419539889397 ] ] } },
{ "type": "Feature", "properties": { "_id": 265, "OBJECTID": 364, "GEO_ID": 507241.0, "NAME": "DERRYDOWN PUBLIC SCHOOL", "SCHOOL_LEVEL": "None", "SCHOOL_TYPE": "EP", "BOARD_NAME": "Toronto District School Board", "SOURCE_ADDRESS": "120 DERRYDOWN RD ", "SCHOOL_TYPE_DESC": "English Public", "ADDRESS_POINT_ID": 507241, "ADDRESS_NUMBER": "120", "LINEAR_NAME_FULL": "Derrydown Rd", "ADDRESS_FULL": "120 Derrydown Rd", "POSTAL_CODE": "M3J 1R7", "MUNICIPALITY": "NY", "CITY": "NY", "PLACE_NAME": "Derrydown Public School", "GENERAL_USE_CODE": 115001, "CENTRELINE_ID": 440361, "LO_NUM": 120, "LO_NUM_SUF": "None", "HI_NUM": null, "HI_NUM_SUF": "None", "LINEAR_NAME_ID": 5376.0 }, "geometry": { "type": "MultiPoint", "coordinates": [ [ -79.493710180396306, 43.758689935684302 ] ] } },
{ "type": "Feature", "properties": { "_id": 266, "OBJECTID": 365, "GEO_ID": 6523008.0, "NAME": "DEWSON STREET JR PUBLIC SCHOOL", "SCHOOL_LEVEL": "None", "SCHOOL_TYPE": "EP", "BOARD_NAME": "Toronto District School Board", "SOURCE_ADDRESS": "65 CONCORD AVE ", "SCHOOL_TYPE_DESC": "English Public", "ADDRESS_POINT_ID": 6523008, "ADDRESS_NUMBER": "65", "LINEAR_NAME_FULL": "Concord Ave", "ADDRESS_FULL": "65 Concord Ave", "POSTAL_CODE": "M6H 2N9", "MUNICIPALITY": "TO", "CITY": "TO", "PLACE_NAME": "Dewson Street Junior Public School", "GENERAL_USE_CODE": 115001, "CENTRELINE_ID": 14018391, "LO_NUM": 65, "LO_NUM_SUF": "None", "HI_NUM": null, "HI_NUM_SUF": "None", "LINEAR_NAME_ID": 3208.0 }, "geometry": { "type": "MultiPoint", "coordinates": [ [ -79.424054431015193, 43.655675087264001 ] ] } },
{ "type": "Feature", "properties": { "_id": 267, "OBJECTID": 366, "GEO_ID": 6208971.0, "NAME": "DIEFENBAKER ELEMENTARY SCHOOL", "SCHOOL_LEVEL": "None", "SCHOOL_TYPE": "EP", "BOARD_NAME": "Toronto District School Board", "SOURCE_ADDRESS": "175 PLAINS RD ", "SCHOOL_TYPE_DESC": "English Public", "ADDRESS_POINT_ID": 6208971, "ADDRESS_NUMBER": "175", "LINEAR_NAME_FULL": "Plains Rd", "ADDRESS_FULL": "175 Plains Rd", "POSTAL_CODE": "M4J 2R2", "MUNICIPALITY": "EY", "CITY": "EY", "PLACE_NAME": "Diefenbaker Elementary School", "GENERAL_USE_CODE": 115001, "CENTRELINE_ID": 1176, "LO_NUM": 175, "LO_NUM_SUF": "None", "HI_NUM": null, "HI_NUM_SUF": "None", "LINEAR_NAME_ID": 290.0 }, "geometry": { "type": "MultiPoint", "coordinates": [ [ -79.331640174394096, 43.695042029943103 ] ] } },
{ "type": "Feature", "properties": { "_id": 268, "OBJECTID": 367, "GEO_ID": 8492207.0, "NAME": "DISCOVERING MINDS MONTESSORI SCHOOL", "SCHOOL_LEVEL": "None", "SCHOOL_TYPE": "PR", "BOARD_NAME": "None", "SOURCE_ADDRESS": "828 RICHMOND ST W", "SCHOOL_TYPE_DESC": "Private", "ADDRESS_POINT_ID": 8492207, "ADDRESS_NUMBER": "828", "LINEAR_NAME_FULL": "Richmond St W", "ADDRESS_FULL": "828 Richmond St W", "POSTAL_CODE": "M6J 1C9", "MUNICIPALITY": "TO", "CITY": "TO", "PLACE_NAME": "None", "GENERAL_USE_CODE": 115001, "CENTRELINE_ID": 8492130, "LO_NUM": 828, "LO_NUM_SUF": "None", "HI_NUM": null, "HI_NUM_SUF": "None", "LINEAR_NAME_ID": 4277.0 }, "geometry": { "type": "MultiPoint", "coordinates": [ [ -79.411318400034403, 43.644830861277001 ] ] } },
{ "type": "Feature", "properties": { "_id": 269, "OBJECTID": 368, "GEO_ID": 1037664.0, "NAME": "DIXON GROVE JR MDL SCHOOL ", "SCHOOL_LEVEL": "None", "SCHOOL_TYPE": "EP", "BOARD_NAME": "Toronto District School Board", "SOURCE_ADDRESS": "315 THE WESTWAY  ", "SCHOOL_TYPE_DESC": "English Public", "ADDRESS_POINT_ID": 1037664, "ADDRESS_NUMBER": "315", "LINEAR_NAME_FULL": "The Westway", "ADDRESS_FULL": "315 The Westway", "POSTAL_CODE": "M9R 1H1", "MUNICIPALITY": "ET", "CITY": "ET", "PLACE_NAME": "Dixon Grove Junior Middle School", "GENERAL_USE_CODE": 115001, "CENTRELINE_ID": 909200, "LO_NUM": 315, "LO_NUM_SUF": "None", "HI_NUM": null, "HI_NUM_SUF": "None", "LINEAR_NAME_ID": 2606.0 }, "geometry": { "type": "MultiPoint", "coordinates": [ [ -79.555977687756894, 43.685006594820102 ] ] } },
{ "type": "Feature", "properties": { "_id": 270, "OBJECTID": 369, "GEO_ID": 568398.0, "NAME": "DON MILLS COLLEGIATE INSTITUTE", "SCHOOL_LEVEL": "None", "SCHOOL_TYPE": "EP", "BOARD_NAME": "Toronto District School Board", "SOURCE_ADDRESS": "15 THE DONWAY  E", "SCHOOL_TYPE_DESC": "English Public", "ADDRESS_POINT_ID": 568398, "ADDRESS_NUMBER": "15", "LINEAR_NAME_FULL": "The Donway E", "ADDRESS_FULL": "15 The Donway E", "POSTAL_CODE": "M3C 1X6", "MUNICIPALITY": "NY", "CITY": "NY", "PLACE_NAME": "Don Mills Collegiate Institute", "GENERAL_USE_CODE": 115001, "CENTRELINE_ID": 443123, "LO_NUM": 15, "LO_NUM_SUF": "None", "HI_NUM": null, "HI_NUM_SUF": "None", "LINEAR_NAME_ID": 6881.0 }, "geometry": { "type": "MultiPoint", "coordinates": [ [ -79.339277147401006, 43.735959288165702 ] ] } },
{ "type": "Feature", "properties": { "_id": 271, "OBJECTID": 370, "GEO_ID": 508045.0, "NAME": "DON MILLS LINC ", "SCHOOL_LEVEL": "None", "SCHOOL_TYPE": "EP", "BOARD_NAME": "Toronto District School Board", "SOURCE_ADDRESS": "1470 DON MILLS RD ", "SCHOOL_TYPE_DESC": "English Public", "ADDRESS_POINT_ID": 508045, "ADDRESS_NUMBER": "1470", "LINEAR_NAME_FULL": "Don Mills Rd", "ADDRESS_FULL": "1470 Don Mills Rd", "POSTAL_CODE": "M3B 2X9", "MUNICIPALITY": "NY", "CITY": "NY", "PLACE_NAME": "None", "GENERAL_USE_CODE": 115001, "CENTRELINE_ID": 441121, "LO_NUM": 1470, "LO_NUM_SUF": "None", "HI_NUM": null, "HI_NUM_SUF": "None", "LINEAR_NAME_ID": 100.0 }, "geometry": { "type": "MultiPoint", "coordinates": [ [ -79.347730174360393, 43.753218180979601 ] ] } },
{ "type": "Feature", "properties": { "_id": 272, "OBJECTID": 371, "GEO_ID": 568400.0, "NAME": "DON MILLS MDL SCHOOL", "SCHOOL_LEVEL": "None", "SCHOOL_TYPE": "EP", "BOARD_NAME": "Toronto District School Board", "SOURCE_ADDRESS": "17 THE DONWAY  E", "SCHOOL_TYPE_DESC": "English Public", "ADDRESS_POINT_ID": 568400, "ADDRESS_NUMBER": "17", "LINEAR_NAME_FULL": "The Donway E", "ADDRESS_FULL": "17 The Donway E", "POSTAL_CODE": "M3C 1X6", "MUNICIPALITY": "NY", "CITY": "NY", "PLACE_NAME": "Don Mills Middle School", "GENERAL_USE_CODE": 115001, "CENTRELINE_ID": 443123, "LO_NUM": 17, "LO_NUM_SUF": "None", "HI_NUM": null, "HI_NUM_SUF": "None", "LINEAR_NAME_ID": 6881.0 }, "geometry": { "type": "MultiPoint", "coordinates": [ [ -79.339747095025103, 43.7363797020937 ] ] } },
{ "type": "Feature", "properties": { "_id": 273, "OBJECTID": 372, "GEO_ID": 578489.0, "NAME": "DON VALLEY ACADEMY SECONDARY SCHOOL", "SCHOOL_LEVEL": "None", "SCHOOL_TYPE": "PR", "BOARD_NAME": "None", "SOURCE_ADDRESS": "4576 YONGE ST ", "SCHOOL_TYPE_DESC": "Private", "ADDRESS_POINT_ID": 578489, "ADDRESS_NUMBER": "4576", "LINEAR_NAME_FULL": "Yonge St", "ADDRESS_FULL": "4576 Yonge St", "POSTAL_CODE": "M2N 6N4", "MUNICIPALITY": "NY", "CITY": "NY", "PLACE_NAME": "None", "GENERAL_USE_CODE": 115001, "CENTRELINE_ID": 440623, "LO_NUM": 4576, "LO_NUM_SUF": "None", "HI_NUM": null, "HI_NUM_SUF": "None", "LINEAR_NAME_ID": 4733.0 }, "geometry": { "type": "MultiPoint", "coordinates": [ [ -79.410095877636095, 43.756109060290399 ] ] } },
{ "type": "Feature", "properties": { "_id": 274, "OBJECTID": 373, "GEO_ID": 10906428.0, "NAME": "DON VALLEY MIDDLE SCHOOL ", "SCHOOL_LEVEL": "None", "SCHOOL_TYPE": "EP", "BOARD_NAME": "Toronto District School Board", "SOURCE_ADDRESS": "3100 DON MILLS RD ", "SCHOOL_TYPE_DESC": "English Public", "ADDRESS_POINT_ID": 10906428, "ADDRESS_NUMBER": "3100", "LINEAR_NAME_FULL": "Don Mills Rd", "ADDRESS_FULL": "3100 Don Mills Rd", "POSTAL_CODE": "M2J 3C3", "MUNICIPALITY": "NY", "CITY": "NY", "PLACE_NAME": "Don Valley Middle School", "GENERAL_USE_CODE": 115001, "CENTRELINE_ID": 10906429, "LO_NUM": 3100, "LO_NUM_SUF": "None", "HI_NUM": null, "HI_NUM_SUF": "None", "LINEAR_NAME_ID": 100.0 }, "geometry": { "type": "MultiPoint", "coordinates": [ [ -79.354966561862696, 43.789532906279398 ] ] } },
{ "type": "Feature", "properties": { "_id": 275, "OBJECTID": 374, "GEO_ID": 513470.0, "NAME": "DONVIEW MIDDLE HEALTH AND WELLNESS ACADEMY ", "SCHOOL_LEVEL": "None", "SCHOOL_TYPE": "EP", "BOARD_NAME": "Toronto District School Board", "SOURCE_ADDRESS": "20 EVERMEDE DR ", "SCHOOL_TYPE_DESC": "English Public", "ADDRESS_POINT_ID": 513470, "ADDRESS_NUMBER": "20", "LINEAR_NAME_FULL": "Evermede Dr", "ADDRESS_FULL": "20 Evermede Dr", "POSTAL_CODE": "M3A 2S3", "MUNICIPALITY": "NY", "CITY": "NY", "PLACE_NAME": "Donview Middle Health and Wellness Academy", "GENERAL_USE_CODE": 115001, "CENTRELINE_ID": 439470, "LO_NUM": 20, "LO_NUM_SUF": "None", "HI_NUM": null, "HI_NUM_SUF": "None", "LINEAR_NAME_ID": 5540.0 }, "geometry": { "type": "MultiPoint", "coordinates": [ [ -79.331438306870595, 43.764187719738402 ] ] } },
{ "type": "Feature", "properties": { "_id": 276, "OBJECTID": 375, "GEO_ID": 343751.0, "NAME": "DONWOOD PARK JR PUBLIC SCHOOL - HIGHBROOK CAMPUS", "SCHOOL_LEVEL": "None", "SCHOOL_TYPE": "EP", "BOARD_NAME": "Toronto District School Board", "SOURCE_ADDRESS": "39 HIGHBROOK DR ", "SCHOOL_TYPE_DESC": "English Public", "ADDRESS_POINT_ID": 343751, "ADDRESS_NUMBER": "39", "LINEAR_NAME_FULL": "Highbrook Dr", "ADDRESS_FULL": "39 Highbrook Dr", "POSTAL_CODE": "M1P 3L2", "MUNICIPALITY": "SC", "CITY": "SC", "PLACE_NAME": "Donwood Park Public School Highbrook Campus", "GENERAL_USE_CODE": 115001, "CENTRELINE_ID": 30107363, "LO_NUM": 39, "LO_NUM_SUF": "None", "HI_NUM": null, "HI_NUM_SUF": "None", "LINEAR_NAME_ID": 8098.0 }, "geometry": { "type": "MultiPoint", "coordinates": [ [ -79.262855759889803, 43.7568459336361 ] ] } },
{ "type": "Feature", "properties": { "_id": 277, "OBJECTID": 376, "GEO_ID": 328292.0, "NAME": "DONWOOD PARK JR PUBLIC SCHOOL - MAIN BLDG", "SCHOOL_LEVEL": "None", "SCHOOL_TYPE": "EP", "BOARD_NAME": "Toronto District School Board", "SOURCE_ADDRESS": "61 DORCOT AVE ", "SCHOOL_TYPE_DESC": "English Public", "ADDRESS_POINT_ID": 328292, "ADDRESS_NUMBER": "61", "LINEAR_NAME_FULL": "Dorcot Ave", "ADDRESS_FULL": "61 Dorcot Ave", "POSTAL_CODE": "M1P 3K5", "MUNICIPALITY": "SC", "CITY": "SC", "PLACE_NAME": "Donwood Park Public School", "GENERAL_USE_CODE": 115001, "CENTRELINE_ID": 109362, "LO_NUM": 61, "LO_NUM_SUF": "None", "HI_NUM": null, "HI_NUM_SUF": "None", "LINEAR_NAME_ID": 7764.0 }, "geometry": { "type": "MultiPoint", "coordinates": [ [ -79.262365114954903, 43.756978312216297 ] ] } },
{ "type": "Feature", "properties": { "_id": 278, "OBJECTID": 377, "GEO_ID": 30114303.0, "NAME": "DORA EDUCATION CENTRE", "SCHOOL_LEVEL": "None", "SCHOOL_TYPE": "PR", "BOARD_NAME": "None", "SOURCE_ADDRESS": "3333 BAYVIEW AVE ", "SCHOOL_TYPE_DESC": "Private", "ADDRESS_POINT_ID": 30114303, "ADDRESS_NUMBER": "3333", "LINEAR_NAME_FULL": "Bayview Ave", "ADDRESS_FULL": "3333 Bayview Ave", "POSTAL_CODE": "M2K 1G4", "MUNICIPALITY": "NY", "CITY": "NY", "PLACE_NAME": "None", "GENERAL_USE_CODE": 115001, "CENTRELINE_ID": 11485139, "LO_NUM": 3333, "LO_NUM_SUF": "None", "HI_NUM": null, "HI_NUM_SUF": "None", "LINEAR_NAME_ID": 24.0 }, "geometry": { "type": "MultiPoint", "coordinates": [ [ -79.392712948293806, 43.792088977234002 ] ] } },
{ "type": "Feature", "properties": { "_id": 279, "OBJECTID": 378, "GEO_ID": 309262.0, "NAME": "DORSET PARK PUBLIC SCHOOL ", "SCHOOL_LEVEL": "None", "SCHOOL_TYPE": "EP", "BOARD_NAME": "Toronto District School Board", "SOURCE_ADDRESS": "28 BLAISDALE RD ", "SCHOOL_TYPE_DESC": "English Public", "ADDRESS_POINT_ID": 309262, "ADDRESS_NUMBER": "28", "LINEAR_NAME_FULL": "Blaisdale Rd", "ADDRESS_FULL": "28 Blaisdale Rd", "POSTAL_CODE": "M1P 1V6", "MUNICIPALITY": "SC", "CITY": "SC", "PLACE_NAME": "Dorset Park Public School", "GENERAL_USE_CODE": 115001, "CENTRELINE_ID": 109925, "LO_NUM": 28, "LO_NUM_SUF": "None", "HI_NUM": null, "HI_NUM_SUF": "None", "LINEAR_NAME_ID": 7374.0 }, "geometry": { "type": "MultiPoint", "coordinates": [ [ -79.279735058812307, 43.750191091408702 ] ] } },
{ "type": "Feature", "properties": { "_id": 280, "OBJECTID": 379, "GEO_ID": 6619920.0, "NAME": "DOVERCOURT JR PUBLIC SCHOOL ", "SCHOOL_LEVEL": "None", "SCHOOL_TYPE": "EP", "BOARD_NAME": "Toronto District School Board", "SOURCE_ADDRESS": "228 BARTLETT AVE ", "SCHOOL_TYPE_DESC": "English Public", "ADDRESS_POINT_ID": 6619920, "ADDRESS_NUMBER": "228", "LINEAR_NAME_FULL": "Bartlett Ave", "ADDRESS_FULL": "228 Bartlett Ave", "POSTAL_CODE": "M6H 3G4", "MUNICIPALITY": "TO", "CITY": "TO", "PLACE_NAME": "Dovercourt Public School", "GENERAL_USE_CODE": 115001, "CENTRELINE_ID": 14234587, "LO_NUM": 228, "LO_NUM_SUF": "None", "HI_NUM": null, "HI_NUM_SUF": "None", "LINEAR_NAME_ID": 2952.0 }, "geometry": { "type": "MultiPoint", "coordinates": [ [ -79.435778954064503, 43.666735610558 ] ] } },
{ "type": "Feature", "properties": { "_id": 281, "OBJECTID": 380, "GEO_ID": 10154479.0, "NAME": "DOWNSVIEW PUBLIC SCHOOL", "SCHOOL_LEVEL": "None", "SCHOOL_TYPE": "EP", "BOARD_NAME": "Toronto District School Board", "SOURCE_ADDRESS": "2829 KEELE ST ", "SCHOOL_TYPE_DESC": "English Public", "ADDRESS_POINT_ID": 10154479, "ADDRESS_NUMBER": "2829", "LINEAR_NAME_FULL": "Keele St", "ADDRESS_FULL": "2829 Keele St", "POSTAL_CODE": "M3M 2G7", "MUNICIPALITY": "NY", "CITY": "NY", "PLACE_NAME": "Downsview Public School", "GENERAL_USE_CODE": 115001, "CENTRELINE_ID": 10154475, "LO_NUM": 2829, "LO_NUM_SUF": "None", "HI_NUM": null, "HI_NUM_SUF": "None", "LINEAR_NAME_ID": 703.0 }, "geometry": { "type": "MultiPoint", "coordinates": [ [ -79.482435795977594, 43.731113843702403 ] ] } },
{ "type": "Feature", "properties": { "_id": 282, "OBJECTID": 381, "GEO_ID": 525550.0, "NAME": "DOWNSVIEW SECONDARY SCHOOL", "SCHOOL_LEVEL": "None", "SCHOOL_TYPE": "EP", "BOARD_NAME": "Toronto District School Board", "SOURCE_ADDRESS": "7 HAWKSDALE RD ", "SCHOOL_TYPE_DESC": "English Public", "ADDRESS_POINT_ID": 525550, "ADDRESS_NUMBER": "7", "LINEAR_NAME_FULL": "Hawksdale Rd", "ADDRESS_FULL": "7 Hawksdale Rd", "POSTAL_CODE": "M3K 1W3", "MUNICIPALITY": "NY", "CITY": "NY", "PLACE_NAME": "Downsview Secondary School", "GENERAL_USE_CODE": 115001, "CENTRELINE_ID": 443858, "LO_NUM": 7, "LO_NUM_SUF": "None", "HI_NUM": null, "HI_NUM_SUF": "None", "LINEAR_NAME_ID": 5805.0 }, "geometry": { "type": "MultiPoint", "coordinates": [ [ -79.479517489287304, 43.7308678403515 ] ] } },
{ "type": "Feature", "properties": { "_id": 283, "OBJECTID": 382, "GEO_ID": 8351468.0, "NAME": "DOWNTOWN ALTERNATIVE SCHOOL", "SCHOOL_LEVEL": "None", "SCHOOL_TYPE": "EP", "BOARD_NAME": "Toronto District School Board", "SOURCE_ADDRESS": "85 LOWER JARVIS ST ", "SCHOOL_TYPE_DESC": "English Public", "ADDRESS_POINT_ID": 8351468, "ADDRESS_NUMBER": "85", "LINEAR_NAME_FULL": "Lower Jarvis St", "ADDRESS_FULL": "85 Lower Jarvis St", "POSTAL_CODE": "M5E 1R8", "MUNICIPALITY": "TO", "CITY": "TO", "PLACE_NAME": "Downtown Alternative School", "GENERAL_USE_CODE": 115001, "CENTRELINE_ID": 8351467, "LO_NUM": 85, "LO_NUM_SUF": "None", "HI_NUM": null, "HI_NUM_SUF": "None", "LINEAR_NAME_ID": 9348.0 }, "geometry": { "type": "MultiPoint", "coordinates": [ [ -79.370415651324507, 43.647736133185298 ] ] } },
{ "type": "Feature", "properties": { "_id": 284, "OBJECTID": 383, "GEO_ID": 11048083.0, "NAME": "DR MARION HILLIARD SR PUBLIC SCHOOL", "SCHOOL_LEVEL": "None", "SCHOOL_TYPE": "EP", "BOARD_NAME": "Toronto District School Board", "SOURCE_ADDRESS": "280 WASHBURN WAY ", "SCHOOL_TYPE_DESC": "English Public", "ADDRESS_POINT_ID": 11048083, "ADDRESS_NUMBER": "280", "LINEAR_NAME_FULL": "Washburn Way", "ADDRESS_FULL": "280 Washburn Way", "POSTAL_CODE": "M1B 2P3", "MUNICIPALITY": "SC", "CITY": "SC", "PLACE_NAME": "Dr Marion Hilliard Senior Public School", "GENERAL_USE_CODE": 115001, "CENTRELINE_ID": 11048082, "LO_NUM": 280, "LO_NUM_SUF": "None", "HI_NUM": null, "HI_NUM_SUF": "None", "LINEAR_NAME_ID": 9193.0 }, "geometry": { "type": "MultiPoint", "coordinates": [ [ -79.224821832288498, 43.803686080006798 ] ] } },
{ "type": "Feature", "properties": { "_id": 285, "OBJECTID": 384, "GEO_ID": 3070250.0, "NAME": "DR NORMAN BETHUNE COLLEGIATE INSTITUTE", "SCHOOL_LEVEL": "None", "SCHOOL_TYPE": "EP", "BOARD_NAME": "Toronto District School Board", "SOURCE_ADDRESS": "200 FUNDY BAY BLVD ", "SCHOOL_TYPE_DESC": "English Public", "ADDRESS_POINT_ID": 3070250, "ADDRESS_NUMBER": "200", "LINEAR_NAME_FULL": "Fundy Bay Blvd", "ADDRESS_FULL": "200 Fundy Bay Blvd", "POSTAL_CODE": "M1W 3G1", "MUNICIPALITY": "SC", "CITY": "SC", "PLACE_NAME": "Dr Norman Bethune Collegiate Institute", "GENERAL_USE_CODE": 115001, "CENTRELINE_ID": 3065529, "LO_NUM": 200, "LO_NUM_SUF": "None", "HI_NUM": null, "HI_NUM_SUF": "None", "LINEAR_NAME_ID": 7938.0 }, "geometry": { "type": "MultiPoint", "coordinates": [ [ -79.3194284089425, 43.812162140105698 ] ] } },
{ "type": "Feature", "properties": { "_id": 286, "OBJECTID": 385, "GEO_ID": 784384.0, "NAME": "DR RITA COX - KINA MINAGOK PUBLIC SCHOOL", "SCHOOL_LEVEL": "None", "SCHOOL_TYPE": "EP", "BOARD_NAME": "Toronto District School Board", "SOURCE_ADDRESS": "100 CLOSE AVE ", "SCHOOL_TYPE_DESC": "English Public", "ADDRESS_POINT_ID": 784384, "ADDRESS_NUMBER": "100", "LINEAR_NAME_FULL": "Close Ave", "ADDRESS_FULL": "100 Close Ave", "POSTAL_CODE": "M6K 2V3", "MUNICIPALITY": "TO", "CITY": "TO", "PLACE_NAME": "Queen Victoria Public School", "GENERAL_USE_CODE": 115001, "CENTRELINE_ID": 30035821, "LO_NUM": 100, "LO_NUM_SUF": "None", "HI_NUM": null, "HI_NUM_SUF": "None", "LINEAR_NAME_ID": 3186.0 }, "geometry": { "type": "MultiPoint", "coordinates": [ [ -79.435320697840993, 43.636509490539297 ] ] } },
{ "type": "Feature", "properties": { "_id": 287, "OBJECTID": 386, "GEO_ID": 7273955.0, "NAME": "DREWRY ACADEMY", "SCHOOL_LEVEL": "None", "SCHOOL_TYPE": "PR", "BOARD_NAME": "None", "SOURCE_ADDRESS": "30 DREWRY AVE ", "SCHOOL_TYPE_DESC": "Private", "ADDRESS_POINT_ID": 7273955, "ADDRESS_NUMBER": "30", "LINEAR_NAME_FULL": "Drewry Ave", "ADDRESS_FULL": "30 Drewry Ave", "POSTAL_CODE": "M2M 4C4", "MUNICIPALITY": "NY", "CITY": "NY", "PLACE_NAME": "None", "GENERAL_USE_CODE": 115001, "CENTRELINE_ID": 14128641, "LO_NUM": 30, "LO_NUM_SUF": "None", "HI_NUM": null, "HI_NUM_SUF": "None", "LINEAR_NAME_ID": 5435.0 }, "geometry": { "type": "MultiPoint", "coordinates": [ [ -79.419236503333906, 43.787080780008701 ] ] } },
{ "type": "Feature", "properties": { "_id": 288, "OBJECTID": 387, "GEO_ID": 7273971.0, "NAME": "DREWRY SECONDARY SCHOOL", "SCHOOL_LEVEL": "None", "SCHOOL_TYPE": "EP", "BOARD_NAME": "Toronto District School Board", "SOURCE_ADDRESS": "70 DREWRY AVE ", "SCHOOL_TYPE_DESC": "English Public", "ADDRESS_POINT_ID": 7273971, "ADDRESS_NUMBER": "70", "LINEAR_NAME_FULL": "Drewry Ave", "ADDRESS_FULL": "70 Drewry Ave", "POSTAL_CODE": "M2M 1C8", "MUNICIPALITY": "NY", "CITY": "NY", "PLACE_NAME": "Drewry Secondary School", "GENERAL_USE_CODE": 115001, "CENTRELINE_ID": 14128642, "LO_NUM": 70, "LO_NUM_SUF": "None", "HI_NUM": null, "HI_NUM_SUF": "None", "LINEAR_NAME_ID": 5435.0 }, "geometry": { "type": "MultiPoint", "coordinates": [ [ -79.421213687215996, 43.786981473250599 ] ] } },
{ "type": "Feature", "properties": { "_id": 289, "OBJECTID": 388, "GEO_ID": 509370.0, "NAME": "DRIFTWOOD PUBLIC SCHOOL ", "SCHOOL_LEVEL": "None", "SCHOOL_TYPE": "EP", "BOARD_NAME": "Toronto District School Board", "SOURCE_ADDRESS": "265 DRIFTWOOD AVE ", "SCHOOL_TYPE_DESC": "English Public", "ADDRESS_POINT_ID": 509370, "ADDRESS_NUMBER": "265", "LINEAR_NAME_FULL": "Driftwood Ave", "ADDRESS_FULL": "265 Driftwood Ave", "POSTAL_CODE": "M3N 2N6", "MUNICIPALITY": "NY", "CITY": "NY", "PLACE_NAME": "Driftwood Public School", "GENERAL_USE_CODE": 115001, "CENTRELINE_ID": 30077880, "LO_NUM": 265, "LO_NUM_SUF": "None", "HI_NUM": null, "HI_NUM_SUF": "None", "LINEAR_NAME_ID": 5437.0 }, "geometry": { "type": "MultiPoint", "coordinates": [ [ -79.515004255281497, 43.7629711864463 ] ] } },
{ "type": "Feature", "properties": { "_id": 290, "OBJECTID": 389, "GEO_ID": 485548.0, "NAME": "DUBLIN HEIGHTS ELEMENTARY & MDL SCHOOL", "SCHOOL_LEVEL": "None", "SCHOOL_TYPE": "EP", "BOARD_NAME": "Toronto District School Board", "SOURCE_ADDRESS": "100 BAINBRIDGE AVE ", "SCHOOL_TYPE_DESC": "English Public", "ADDRESS_POINT_ID": 485548, "ADDRESS_NUMBER": "100", "LINEAR_NAME_FULL": "Bainbridge Ave", "ADDRESS_FULL": "100 Bainbridge Ave", "POSTAL_CODE": "M3H 2K2", "MUNICIPALITY": "NY", "CITY": "NY", "PLACE_NAME": "Dublin Heights Elementary and Middle School", "GENERAL_USE_CODE": 115001, "CENTRELINE_ID": 441419, "LO_NUM": 100, "LO_NUM_SUF": "None", "HI_NUM": null, "HI_NUM_SUF": "None", "LINEAR_NAME_ID": 4862.0 }, "geometry": { "type": "MultiPoint", "coordinates": [ [ -79.447024742638803, 43.749148309356798 ] ] } },
{ "type": "Feature", "properties": { "_id": 291, "OBJECTID": 390, "GEO_ID": 578489.0, "NAME": "DUKE ACADEMY SECONDARY SCHOOL", "SCHOOL_LEVEL": "None", "SCHOOL_TYPE": "PR", "BOARD_NAME": "None", "SOURCE_ADDRESS": "4576 YONGE ST ", "SCHOOL_TYPE_DESC": "Private", "ADDRESS_POINT_ID": 578489, "ADDRESS_NUMBER": "4576", "LINEAR_NAME_FULL": "Yonge St", "ADDRESS_FULL": "4576 Yonge St", "POSTAL_CODE": "M2N 6N4", "MUNICIPALITY": "NY", "CITY": "NY", "PLACE_NAME": "None", "GENERAL_USE_CODE": 115001, "CENTRELINE_ID": 440623, "LO_NUM": 4576, "LO_NUM_SUF": "None", "HI_NUM": null, "HI_NUM_SUF": "None", "LINEAR_NAME_ID": 4733.0 }, "geometry": { "type": "MultiPoint", "coordinates": [ [ -79.410095877636095, 43.756109060290399 ] ] } },
{ "type": "Feature", "properties": { "_id": 292, "OBJECTID": 391, "GEO_ID": 6362823.0, "NAME": "DUKE OF CONNAUGHT JR & SR PUBLIC SCHOOL", "SCHOOL_LEVEL": "None", "SCHOOL_TYPE": "EP", "BOARD_NAME": "Toronto District School Board", "SOURCE_ADDRESS": "70 WOODFIELD RD ", "SCHOOL_TYPE_DESC": "English Public", "ADDRESS_POINT_ID": 6362823, "ADDRESS_NUMBER": "70", "LINEAR_NAME_FULL": "Woodfield Rd", "ADDRESS_FULL": "70 Woodfield Rd", "POSTAL_CODE": "M4L 2W6", "MUNICIPALITY": "TO", "CITY": "TO", "PLACE_NAME": "Duke of Connaught Junior and Senior Public School", "GENERAL_USE_CODE": 115001, "CENTRELINE_ID": 14022648, "LO_NUM": 70, "LO_NUM_SUF": "None", "HI_NUM": null, "HI_NUM_SUF": "None", "LINEAR_NAME_ID": 4712.0 }, "geometry": { "type": "MultiPoint", "coordinates": [ [ -79.3219578466597, 43.6661955194459 ] ] } },
{ "type": "Feature", "properties": { "_id": 293, "OBJECTID": 392, "GEO_ID": 7576813.0, "NAME": "DUNDAS JR PUBLIC SCHOOL", "SCHOOL_LEVEL": "None", "SCHOOL_TYPE": "EP", "BOARD_NAME": "Toronto District School Board", "SOURCE_ADDRESS": "935 DUNDAS ST E", "SCHOOL_TYPE_DESC": "English Public", "ADDRESS_POINT_ID": 7576813, "ADDRESS_NUMBER": "935", "LINEAR_NAME_FULL": "Dundas St E", "ADDRESS_FULL": "935 Dundas St E", "POSTAL_CODE": "M4M 1R4", "MUNICIPALITY": "TO", "CITY": "TO", "PLACE_NAME": "Dundas Junior Public School", "GENERAL_USE_CODE": 115001, "CENTRELINE_ID": 14047337, "LO_NUM": 935, "LO_NUM_SUF": "None", "HI_NUM": null, "HI_NUM_SUF": "None", "LINEAR_NAME_ID": 3334.0 }, "geometry": { "type": "MultiPoint", "coordinates": [ [ -79.348686327632393, 43.6620777465508 ] ] } },
{ "type": "Feature", "properties": { "_id": 294, "OBJECTID": 393, "GEO_ID": 9963196.0, "NAME": "DUNLACE PUBLIC SCHOOL", "SCHOOL_LEVEL": "None", "SCHOOL_TYPE": "EP", "BOARD_NAME": "Toronto District School Board", "SOURCE_ADDRESS": "20 DUNLACE DR ", "SCHOOL_TYPE_DESC": "English Public", "ADDRESS_POINT_ID": 9963196, "ADDRESS_NUMBER": "20", "LINEAR_NAME_FULL": "Dunlace Dr", "ADDRESS_FULL": "20 Dunlace Dr", "POSTAL_CODE": "M2L 2S1", "MUNICIPALITY": "NY", "CITY": "NY", "PLACE_NAME": "Dunlace Public School", "GENERAL_USE_CODE": 115001, "CENTRELINE_ID": 30058051, "LO_NUM": 20, "LO_NUM_SUF": "None", "HI_NUM": null, "HI_NUM_SUF": "None", "LINEAR_NAME_ID": 5459.0 }, "geometry": { "type": "MultiPoint", "coordinates": [ [ -79.370357329192402, 43.762459433982698 ] ] } },
{ "type": "Feature", "properties": { "_id": 295, "OBJECTID": 394, "GEO_ID": 6624483.0, "NAME": "EARL BEATTY JR & SR PUBLIC SCHOOL", "SCHOOL_LEVEL": "None", "SCHOOL_TYPE": "EP", "BOARD_NAME": "Toronto District School Board", "SOURCE_ADDRESS": "55 WOODINGTON AVE ", "SCHOOL_TYPE_DESC": "English Public", "ADDRESS_POINT_ID": 6624483, "ADDRESS_NUMBER": "55", "LINEAR_NAME_FULL": "Woodington Ave", "ADDRESS_FULL": "55 Woodington Ave", "POSTAL_CODE": "M4C 3J6", "MUNICIPALITY": "TO", "CITY": "TO", "PLACE_NAME": "Earl Beatty Junior and Senior Public School", "GENERAL_USE_CODE": 115001, "CENTRELINE_ID": 6624492, "LO_NUM": 55, "LO_NUM_SUF": "None", "HI_NUM": null, "HI_NUM_SUF": "None", "LINEAR_NAME_ID": 395.0 }, "geometry": { "type": "MultiPoint", "coordinates": [ [ -79.321345630733106, 43.686068458380703 ] ] } },
{ "type": "Feature", "properties": { "_id": 296, "OBJECTID": 395, "GEO_ID": 6355066.0, "NAME": "EARL GREY SR PUBLIC SCHOOL", "SCHOOL_LEVEL": "None", "SCHOOL_TYPE": "EP", "BOARD_NAME": "Toronto District School Board", "SOURCE_ADDRESS": "100 STRATHCONA AVE ", "SCHOOL_TYPE_DESC": "English Public", "ADDRESS_POINT_ID": 6355066, "ADDRESS_NUMBER": "100", "LINEAR_NAME_FULL": "Strathcona Ave", "ADDRESS_FULL": "100 Strathcona Ave", "POSTAL_CODE": "M4J 1G8", "MUNICIPALITY": "TO", "CITY": "TO", "PLACE_NAME": "Earl Grey Senior Public School", "GENERAL_USE_CODE": 115001, "CENTRELINE_ID": 14022315, "LO_NUM": 100, "LO_NUM_SUF": "None", "HI_NUM": null, "HI_NUM_SUF": "None", "LINEAR_NAME_ID": 4496.0 }, "geometry": { "type": "MultiPoint", "coordinates": [ [ -79.340524420913496, 43.676843882010402 ] ] } },
{ "type": "Feature", "properties": { "_id": 297, "OBJECTID": 396, "GEO_ID": 799259.0, "NAME": "EARL HAIG PUBLIC SCHOOL", "SCHOOL_LEVEL": "None", "SCHOOL_TYPE": "EP", "BOARD_NAME": "Toronto District School Board", "SOURCE_ADDRESS": "15 EARL HAIG AVE ", "SCHOOL_TYPE_DESC": "English Public", "ADDRESS_POINT_ID": 799259, "ADDRESS_NUMBER": "15", "LINEAR_NAME_FULL": "Earl Haig Ave", "ADDRESS_FULL": "15 Earl Haig Ave", "POSTAL_CODE": "M4C 1E2", "MUNICIPALITY": "TO", "CITY": "TO", "PLACE_NAME": "Earl Haig Public School", "GENERAL_USE_CODE": 115001, "CENTRELINE_ID": 1140005, "LO_NUM": 15, "LO_NUM_SUF": "None", "HI_NUM": null, "HI_NUM_SUF": "None", "LINEAR_NAME_ID": 3349.0 }, "geometry": { "type": "MultiPoint", "coordinates": [ [ -79.321250467531797, 43.681331453051399 ] ] } },
{ "type": "Feature", "properties": { "_id": 298, "OBJECTID": 397, "GEO_ID": 3310442.0, "NAME": "EARL HAIG SECONDARY SCHOOL", "SCHOOL_LEVEL": "None", "SCHOOL_TYPE": "EP", "BOARD_NAME": "Toronto District School Board", "SOURCE_ADDRESS": "100 PRINCESS AVE ", "SCHOOL_TYPE_DESC": "English Public", "ADDRESS_POINT_ID": 3310442, "ADDRESS_NUMBER": "100", "LINEAR_NAME_FULL": "Princess Ave", "ADDRESS_FULL": "100 Princess Ave", "POSTAL_CODE": "M2N 3R7", "MUNICIPALITY": "NY", "CITY": "NY", "PLACE_NAME": "Earl Haig Secondary School", "GENERAL_USE_CODE": 115001, "CENTRELINE_ID": 3310436, "LO_NUM": 100, "LO_NUM_SUF": "None", "HI_NUM": null, "HI_NUM_SUF": "None", "LINEAR_NAME_ID": 6470.0 }, "geometry": { "type": "MultiPoint", "coordinates": [ [ -79.405965948356496, 43.769609032777097 ] ] } },
{ "type": "Feature", "properties": { "_id": 299, "OBJECTID": 398, "GEO_ID": 7846533.0, "NAME": "EAST YORK ALTERNATIVE SECONDARY SCHOOL", "SCHOOL_LEVEL": "None", "SCHOOL_TYPE": "EP", "BOARD_NAME": "Toronto District School Board", "SOURCE_ADDRESS": "670 COSBURN AVE ", "SCHOOL_TYPE_DESC": "English Public", "ADDRESS_POINT_ID": 7846533, "ADDRESS_NUMBER": "670", "LINEAR_NAME_FULL": "Cosburn Ave", "ADDRESS_FULL": "670 Cosburn Ave", "POSTAL_CODE": "M4C 2V2", "MUNICIPALITY": "EY", "CITY": "EY", "PLACE_NAME": "East York Alternative Secondary School", "GENERAL_USE_CODE": 115001, "CENTRELINE_ID": 7846484, "LO_NUM": 670, "LO_NUM_SUF": "None", "HI_NUM": null, "HI_NUM_SUF": "None", "LINEAR_NAME_ID": 70.0 }, "geometry": { "type": "MultiPoint", "coordinates": [ [ -79.325295639522906, 43.6949913553145 ] ] } },
{ "type": "Feature", "properties": { "_id": 300, "OBJECTID": 399, "GEO_ID": 7794431.0, "NAME": "EAST YORK COLLEGIATE INSTITUTE", "SCHOOL_LEVEL": "None", "SCHOOL_TYPE": "EP", "BOARD_NAME": "Toronto District School Board", "SOURCE_ADDRESS": "650 COSBURN AVE ", "SCHOOL_TYPE_DESC": "English Public", "ADDRESS_POINT_ID": 7794431, "ADDRESS_NUMBER": "650", "LINEAR_NAME_FULL": "Cosburn Ave", "ADDRESS_FULL": "650 Cosburn Ave", "POSTAL_CODE": "M4C 2V2", "MUNICIPALITY": "EY", "CITY": "EY", "PLACE_NAME": "East York Collegiate Institute", "GENERAL_USE_CODE": 115001, "CENTRELINE_ID": 7794416, "LO_NUM": 650, "LO_NUM_SUF": "None", "HI_NUM": null, "HI_NUM_SUF": "None", "LINEAR_NAME_ID": 70.0 }, "geometry": { "type": "MultiPoint", "coordinates": [ [ -79.327576448125896, 43.694990614882101 ] ] } },
{ "type": "Feature", "properties": { "_id": 301, "OBJECTID": 400, "GEO_ID": 808480.0, "NAME": "EASTDALE COLLEGIATE INSTITUTE", "SCHOOL_LEVEL": "None", "SCHOOL_TYPE": "EP", "BOARD_NAME": "Toronto District School Board", "SOURCE_ADDRESS": "701 GERRARD ST E", "SCHOOL_TYPE_DESC": "English Public", "ADDRESS_POINT_ID": 808480, "ADDRESS_NUMBER": "701", "LINEAR_NAME_FULL": "Gerrard St E", "ADDRESS_FULL": "701 Gerrard St E", "POSTAL_CODE": "M4M 1Y4", "MUNICIPALITY": "TO", "CITY": "TO", "PLACE_NAME": "Eastdale Collegiate Institute", "GENERAL_USE_CODE": 115001, "CENTRELINE_ID": 1142671, "LO_NUM": 701, "LO_NUM_SUF": "None", "HI_NUM": null, "HI_NUM_SUF": "None", "LINEAR_NAME_ID": 3495.0 }, "geometry": { "type": "MultiPoint", "coordinates": [ [ -79.348818922548503, 43.665926570178897 ] ] } },
{ "type": "Feature", "properties": { "_id": 302, "OBJECTID": 401, "GEO_ID": 395203.0, "NAME": "EASTVIEW JR PUBLIC SCHOOL", "SCHOOL_LEVEL": "None", "SCHOOL_TYPE": "EP", "BOARD_NAME": "Toronto District School Board", "SOURCE_ADDRESS": "20 WALDOCK ST ", "SCHOOL_TYPE_DESC": "English Public", "ADDRESS_POINT_ID": 395203, "ADDRESS_NUMBER": "20", "LINEAR_NAME_FULL": "Waldock St", "ADDRESS_FULL": "20 Waldock St", "POSTAL_CODE": "M1E 2E5", "MUNICIPALITY": "SC", "CITY": "SC", "PLACE_NAME": "Eastview Public School", "GENERAL_USE_CODE": 115001, "CENTRELINE_ID": 109224, "LO_NUM": 20, "LO_NUM_SUF": "None", "HI_NUM": null, "HI_NUM_SUF": "None", "LINEAR_NAME_ID": 9177.0 }, "geometry": { "type": "MultiPoint", "coordinates": [ [ -79.191280440534797, 43.758963361723303 ] ] } },
{ "type": "Feature", "properties": { "_id": 303, "OBJECTID": 402, "GEO_ID": 1028895.0, "NAME": "EATONVILLE JR SCHOOL ", "SCHOOL_LEVEL": "None", "SCHOOL_TYPE": "EP", "BOARD_NAME": "Toronto District School Board", "SOURCE_ADDRESS": "15 ROSSBURN DR ", "SCHOOL_TYPE_DESC": "English Public", "ADDRESS_POINT_ID": 1028895, "ADDRESS_NUMBER": "15", "LINEAR_NAME_FULL": "Rossburn Dr", "ADDRESS_FULL": "15 Rossburn Dr", "POSTAL_CODE": "M9C 2P7", "MUNICIPALITY": "ET", "CITY": "ET", "PLACE_NAME": "Eatonville Junior School", "GENERAL_USE_CODE": 115001, "CENTRELINE_ID": 912398, "LO_NUM": 15, "LO_NUM_SUF": "None", "HI_NUM": null, "HI_NUM_SUF": "None", "LINEAR_NAME_ID": 2406.0 }, "geometry": { "type": "MultiPoint", "coordinates": [ [ -79.566615069660202, 43.637840781472399 ] ] } },
{ "type": "Feature", "properties": { "_id": 304, "OBJECTID": 403, "GEO_ID": 2184376.0, "NAME": "ECOLE ELEMENTAIRE CATHOLIQUE SAINT MICHEL", "SCHOOL_LEVEL": "None", "SCHOOL_TYPE": "FS", "BOARD_NAME": "Conseil scolaire de district catholique Centre-Sud", "SOURCE_ADDRESS": "29 MEADOWVALE RD ", "SCHOOL_TYPE_DESC": "French Separate", "ADDRESS_POINT_ID": 2184376, "ADDRESS_NUMBER": "29", "LINEAR_NAME_FULL": "Meadowvale Rd", "ADDRESS_FULL": "29 Meadowvale Rd", "POSTAL_CODE": "M1C 1R7", "MUNICIPALITY": "SC", "CITY": "SC", "PLACE_NAME": "None", "GENERAL_USE_CODE": 115001, "CENTRELINE_ID": 2184375, "LO_NUM": 29, "LO_NUM_SUF": "None", "HI_NUM": null, "HI_NUM_SUF": "None", "LINEAR_NAME_ID": 8470.0 }, "geometry": { "type": "MultiPoint", "coordinates": [ [ -79.155944747690796, 43.777738534606499 ] ] } },
{ "type": "Feature", "properties": { "_id": 305, "OBJECTID": 404, "GEO_ID": 8321585.0, "NAME": "ECOLE ELEMENTAIRE CHARLES SAURIOL", "SCHOOL_LEVEL": "None", "SCHOOL_TYPE": "FP", "BOARD_NAME": "Conseil scolaire Viamonde", "SOURCE_ADDRESS": "55 PELHAM AVE ", "SCHOOL_TYPE_DESC": "French Public", "ADDRESS_POINT_ID": 8321585, "ADDRESS_NUMBER": "55", "LINEAR_NAME_FULL": "Pelham Ave", "ADDRESS_FULL": "55 Pelham Ave", "POSTAL_CODE": "M6N 1A5", "MUNICIPALITY": "TO", "CITY": "TO", "PLACE_NAME": "Ecole Elementaire Charles Sauriol", "GENERAL_USE_CODE": 115001, "CENTRELINE_ID": 14013188, "LO_NUM": 55, "LO_NUM_SUF": "None", "HI_NUM": null, "HI_NUM_SUF": "None", "LINEAR_NAME_ID": 4173.0 }, "geometry": { "type": "MultiPoint", "coordinates": [ [ -79.455349639961, 43.667673669824197 ] ] } },
{ "type": "Feature", "properties": { "_id": 306, "OBJECTID": 405, "GEO_ID": 992445.0, "NAME": "ECOLE ELEMENTAIRE FELIX LECLERC", "SCHOOL_LEVEL": "None", "SCHOOL_TYPE": "FP", "BOARD_NAME": "Conseil scolaire Viamonde", "SOURCE_ADDRESS": "50 CELESTINE DR ", "SCHOOL_TYPE_DESC": "French Public", "ADDRESS_POINT_ID": 992445, "ADDRESS_NUMBER": "50", "LINEAR_NAME_FULL": "Celestine Dr", "ADDRESS_FULL": "50 Celestine Dr", "POSTAL_CODE": "M9R 3N3", "MUNICIPALITY": "ET", "CITY": "ET", "PLACE_NAME": "Ecole Elementaire Felix Leclerc", "GENERAL_USE_CODE": 115001, "CENTRELINE_ID": 908942, "LO_NUM": 50, "LO_NUM_SUF": "None", "HI_NUM": null, "HI_NUM_SUF": "None", "LINEAR_NAME_ID": 1320.0 }, "geometry": { "type": "MultiPoint", "coordinates": [ [ -79.561445634234005, 43.689693122989901 ] ] } },
{ "type": "Feature", "properties": { "_id": 307, "OBJECTID": 406, "GEO_ID": 853146.0, "NAME": "ECOLE ELEMENTAIRE GABRIELLE ROY", "SCHOOL_LEVEL": "None", "SCHOOL_TYPE": "FP", "BOARD_NAME": "Conseil scolaire Viamonde", "SOURCE_ADDRESS": "14 PEMBROKE ST ", "SCHOOL_TYPE_DESC": "French Public", "ADDRESS_POINT_ID": 853146, "ADDRESS_NUMBER": "14", "LINEAR_NAME_FULL": "Pembroke St", "ADDRESS_FULL": "14 Pembroke St", "POSTAL_CODE": "M5A 2N7", "MUNICIPALITY": "TO", "CITY": "TO", "PLACE_NAME": "Ecole Elementaire Gabrielle Roy", "GENERAL_USE_CODE": 115001, "CENTRELINE_ID": 1144426, "LO_NUM": 14, "LO_NUM_SUF": "None", "HI_NUM": null, "HI_NUM_SUF": "None", "LINEAR_NAME_ID": 4176.0 }, "geometry": { "type": "MultiPoint", "coordinates": [ [ -79.372319593107804, 43.6565828383347 ] ] } },
{ "type": "Feature", "properties": { "_id": 308, "OBJECTID": 407, "GEO_ID": 496710.0, "NAME": "ECOLE ELEMENTAIRE JEANNE LAJOIE", "SCHOOL_LEVEL": "None", "SCHOOL_TYPE": "FP", "BOARD_NAME": "Conseil scolaire Viamonde", "SOURCE_ADDRESS": "150 CARNFORTH RD ", "SCHOOL_TYPE_DESC": "French Public", "ADDRESS_POINT_ID": 496710, "ADDRESS_NUMBER": "150", "LINEAR_NAME_FULL": "Carnforth Rd", "ADDRESS_FULL": "150 Carnforth Rd", "POSTAL_CODE": "M4A 2K7", "MUNICIPALITY": "NY", "CITY": "NY", "PLACE_NAME": "Ecole Elementaire Jeanne Lajoie", "GENERAL_USE_CODE": 115001, "CENTRELINE_ID": 442923, "LO_NUM": 150, "LO_NUM_SUF": "None", "HI_NUM": null, "HI_NUM_SUF": "None", "LINEAR_NAME_ID": 5126.0 }, "geometry": { "type": "MultiPoint", "coordinates": [ [ -79.321494567381094, 43.734496772602199 ] ] } },
{ "type": "Feature", "properties": { "_id": 309, "OBJECTID": 408, "GEO_ID": 32143.0, "NAME": "ECOLE ELEMENTAIRE LA MOSAIQUE", "SCHOOL_LEVEL": "None", "SCHOOL_TYPE": "FP", "BOARD_NAME": "Conseil scolaire Viamonde", "SOURCE_ADDRESS": "80 QUEENSDALE AVE ", "SCHOOL_TYPE_DESC": "French Public", "ADDRESS_POINT_ID": 32143, "ADDRESS_NUMBER": "80", "LINEAR_NAME_FULL": "Queensdale Ave", "ADDRESS_FULL": "80 Queensdale Ave", "POSTAL_CODE": "M4J 1Y3", "MUNICIPALITY": "EY", "CITY": "EY", "PLACE_NAME": "Ecole elementaire La Mosaique", "GENERAL_USE_CODE": 115001, "CENTRELINE_ID": 1795, "LO_NUM": 80, "LO_NUM_SUF": "None", "HI_NUM": null, "HI_NUM_SUF": "None", "LINEAR_NAME_ID": 295.0 }, "geometry": { "type": "MultiPoint", "coordinates": [ [ -79.330534988531895, 43.687330454648396 ] ] } },
{ "type": "Feature", "properties": { "_id": 310, "OBJECTID": 409, "GEO_ID": 30022744.0, "NAME": "ECOLE ELEMENTAIRE LAURE RIESE", "SCHOOL_LEVEL": "None", "SCHOOL_TYPE": "FP", "BOARD_NAME": "Conseil scolaire Viamonde", "SOURCE_ADDRESS": "339 ALTON TOWERS CRCL ", "SCHOOL_TYPE_DESC": "French Public", "ADDRESS_POINT_ID": 30022744, "ADDRESS_NUMBER": "339", "LINEAR_NAME_FULL": "Alton Towers Crcl", "ADDRESS_FULL": "339 Alton Towers Crcl", "POSTAL_CODE": "M1V 4L3", "MUNICIPALITY": "SC", "CITY": "SC", "PLACE_NAME": "None", "GENERAL_USE_CODE": 115001, "CENTRELINE_ID": 30021292, "LO_NUM": 339, "LO_NUM_SUF": "None", "HI_NUM": null, "HI_NUM_SUF": "None", "LINEAR_NAME_ID": 9520.0 }, "geometry": { "type": "MultiPoint", "coordinates": [ [ -79.277422066401201, 43.822462605571701 ] ] } },
{ "type": "Feature", "properties": { "_id": 311, "OBJECTID": 410, "GEO_ID": 502996.0, "NAME": "ECOLE ELEMENTAIRE MATHIEU DA COSTA", "SCHOOL_LEVEL": "None", "SCHOOL_TYPE": "FP", "BOARD_NAME": "Conseil scolaire Viamonde", "SOURCE_ADDRESS": "116 CORNELIUS PKWY ", "SCHOOL_TYPE_DESC": "French Public", "ADDRESS_POINT_ID": 502996, "ADDRESS_NUMBER": "116", "LINEAR_NAME_FULL": "Cornelius Pkwy", "ADDRESS_FULL": "116 Cornelius Pkwy", "POSTAL_CODE": "M6L 2K5", "MUNICIPALITY": "NY", "CITY": "NY", "PLACE_NAME": "Ecole Elementaire Mathieu Da Costa", "GENERAL_USE_CODE": 115001, "CENTRELINE_ID": 445125, "LO_NUM": 116, "LO_NUM_SUF": "None", "HI_NUM": null, "HI_NUM_SUF": "None", "LINEAR_NAME_ID": 5271.0 }, "geometry": { "type": "MultiPoint", "coordinates": [ [ -79.475534703424898, 43.717827926722897 ] ] } },
{ "type": "Feature", "properties": { "_id": 312, "OBJECTID": 411, "GEO_ID": 13315640.0, "NAME": "ECOLE ELEMENTAIRE PAUL DEMERS", "SCHOOL_LEVEL": "None", "SCHOOL_TYPE": "FP", "BOARD_NAME": "Conseil scolaire Viamonde", "SOURCE_ADDRESS": "100 RAVEL RD ", "SCHOOL_TYPE_DESC": "French Public", "ADDRESS_POINT_ID": 13315640, "ADDRESS_NUMBER": "100", "LINEAR_NAME_FULL": "Ravel Rd", "ADDRESS_FULL": "100 Ravel Rd", "POSTAL_CODE": "M2H 1S9", "MUNICIPALITY": "NY", "CITY": "NY", "PLACE_NAME": "St Leonard Adult Education Centre", "GENERAL_USE_CODE": 115001, "CENTRELINE_ID": 13315627, "LO_NUM": 100, "LO_NUM_SUF": "None", "HI_NUM": null, "HI_NUM_SUF": "None", "LINEAR_NAME_ID": 6503.0 }, "geometry": { "type": "MultiPoint", "coordinates": [ [ -79.367340385706996, 43.791951836467902 ] ] } },
{ "type": "Feature", "properties": { "_id": 313, "OBJECTID": 412, "GEO_ID": 7576034.0, "NAME": "ECOLE ELEMENTAIRE PIERRE ELLIOTT TRUDEAU", "SCHOOL_LEVEL": "None", "SCHOOL_TYPE": "FP", "BOARD_NAME": "Conseil scolaire Viamonde", "SOURCE_ADDRESS": "65 GRACE ST ", "SCHOOL_TYPE_DESC": "French Public", "ADDRESS_POINT_ID": 7576034, "ADDRESS_NUMBER": "65", "LINEAR_NAME_FULL": "Grace St", "ADDRESS_FULL": "65 Grace St", "POSTAL_CODE": "M6J 2S4", "MUNICIPALITY": "TO", "CITY": "TO", "PLACE_NAME": "Ecole Elementaire Pierre Elliott Trudeau", "GENERAL_USE_CODE": 115001, "CENTRELINE_ID": 14019222, "LO_NUM": 65, "LO_NUM_SUF": "None", "HI_NUM": null, "HI_NUM_SUF": "None", "LINEAR_NAME_ID": 9808.0 }, "geometry": { "type": "MultiPoint", "coordinates": [ [ -79.414097485528899, 43.651991039011598 ] ] } },
{ "type": "Feature", "properties": { "_id": 314, "OBJECTID": 413, "GEO_ID": 486093.0, "NAME": "ECOLE SECONDAIRE ETIENNE BRULE", "SCHOOL_LEVEL": "None", "SCHOOL_TYPE": "FP", "BOARD_NAME": "Conseil scolaire Viamonde", "SOURCE_ADDRESS": "300 BANBURY RD ", "SCHOOL_TYPE_DESC": "French Public", "ADDRESS_POINT_ID": 486093, "ADDRESS_NUMBER": "300", "LINEAR_NAME_FULL": "Banbury Rd", "ADDRESS_FULL": "300 Banbury Rd", "POSTAL_CODE": "M2L 2V3", "MUNICIPALITY": "NY", "CITY": "NY", "PLACE_NAME": "Ecole Secondaire Etienne Brule", "GENERAL_USE_CODE": 115001, "CENTRELINE_ID": 441006, "LO_NUM": 300, "LO_NUM_SUF": "None", "HI_NUM": null, "HI_NUM_SUF": "None", "LINEAR_NAME_ID": 4876.0 }, "geometry": { "type": "MultiPoint", "coordinates": [ [ -79.371593254145793, 43.752212243894398 ] ] } },
{ "type": "Feature", "properties": { "_id": 315, "OBJECTID": 414, "GEO_ID": 308915.0, "NAME": "EDGEWOOD PUBLIC SCHOOL", "SCHOOL_LEVEL": "None", "SCHOOL_TYPE": "EP", "BOARD_NAME": "Toronto District School Board", "SOURCE_ADDRESS": "230 BIRKDALE RD ", "SCHOOL_TYPE_DESC": "English Public", "ADDRESS_POINT_ID": 308915, "ADDRESS_NUMBER": "230", "LINEAR_NAME_FULL": "Birkdale Rd", "ADDRESS_FULL": "230 Birkdale Rd", "POSTAL_CODE": "M1P 3S4", "MUNICIPALITY": "SC", "CITY": "SC", "PLACE_NAME": "Edgewood Public School", "GENERAL_USE_CODE": 115001, "CENTRELINE_ID": 30029983, "LO_NUM": 230, "LO_NUM_SUF": "None", "HI_NUM": null, "HI_NUM_SUF": "None", "LINEAR_NAME_ID": 7367.0 }, "geometry": { "type": "MultiPoint", "coordinates": [ [ -79.265812033903501, 43.7663054576185 ] ] } },
{ "type": "Feature", "properties": { "_id": 316, "OBJECTID": 415, "GEO_ID": 800621.0, "NAME": "EGLINTON JR PUBLIC SCHOOL", "SCHOOL_LEVEL": "None", "SCHOOL_TYPE": "EP", "BOARD_NAME": "Toronto District School Board", "SOURCE_ADDRESS": "223 EGLINTON AVE E", "SCHOOL_TYPE_DESC": "English Public", "ADDRESS_POINT_ID": 800621, "ADDRESS_NUMBER": "223", "LINEAR_NAME_FULL": "Eglinton Ave E", "ADDRESS_FULL": "223 Eglinton Ave E", "POSTAL_CODE": "M4P 1L1", "MUNICIPALITY": "TO", "CITY": "TO", "PLACE_NAME": "Eglinton Junior Public School", "GENERAL_USE_CODE": 115001, "CENTRELINE_ID": 1138255, "LO_NUM": 223, "LO_NUM_SUF": "None", "HI_NUM": null, "HI_NUM_SUF": "None", "LINEAR_NAME_ID": 125.0 }, "geometry": { "type": "MultiPoint", "coordinates": [ [ -79.390846830316804, 43.707903746475502 ] ] } },
{ "type": "Feature", "properties": { "_id": 317, "OBJECTID": 416, "GEO_ID": 14199314.0, "NAME": "EGLINTON LINC AND ESL CENTRE", "SCHOOL_LEVEL": "None", "SCHOOL_TYPE": "ES", "BOARD_NAME": "Toronto Catholic District School Board", "SOURCE_ADDRESS": "90 EGLINTON AVE E", "SCHOOL_TYPE_DESC": "English Separate", "ADDRESS_POINT_ID": 14199314, "ADDRESS_NUMBER": "90", "LINEAR_NAME_FULL": "Eglinton Ave E", "ADDRESS_FULL": "90 Eglinton Ave E", "POSTAL_CODE": "M4P 2Y3", "MUNICIPALITY": "TO", "CITY": "TO", "PLACE_NAME": "None", "GENERAL_USE_CODE": 115001, "CENTRELINE_ID": 1138300, "LO_NUM": 90, "LO_NUM_SUF": "None", "HI_NUM": null, "HI_NUM_SUF": "None", "LINEAR_NAME_ID": 125.0 }, "geometry": { "type": "MultiPoint", "coordinates": [ [ -79.395899721489101, 43.7076209683648 ] ] } },
{ "type": "Feature", "properties": { "_id": 318, "OBJECTID": 417, "GEO_ID": 14612113.0, "NAME": "EITZ CHAIM SCHOOL (BATHURST)", "SCHOOL_LEVEL": "None", "SCHOOL_TYPE": "PR", "BOARD_NAME": "None", "SOURCE_ADDRESS": "2742 BATHURST ST ", "SCHOOL_TYPE_DESC": "Private", "ADDRESS_POINT_ID": 14612113, "ADDRESS_NUMBER": "2742", "LINEAR_NAME_FULL": "Bathurst St", "ADDRESS_FULL": "2742 Bathurst St", "POSTAL_CODE": "M6B 4M7", "MUNICIPALITY": "NY", "CITY": "NY", "PLACE_NAME": "None", "GENERAL_USE_CODE": 115001, "CENTRELINE_ID": 446029, "LO_NUM": 2742, "LO_NUM_SUF": "None", "HI_NUM": null, "HI_NUM_SUF": "None", "LINEAR_NAME_ID": 436.0 }, "geometry": { "type": "MultiPoint", "coordinates": [ [ -79.427879474845199, 43.709846141533802 ] ] } },
{ "type": "Feature", "properties": { "_id": 319, "OBJECTID": 418, "GEO_ID": 10071229.0, "NAME": "ELIA MDL SCHOOL 416 395-3020", "SCHOOL_LEVEL": "None", "SCHOOL_TYPE": "EP", "BOARD_NAME": "Toronto District School Board", "SOURCE_ADDRESS": "215 SENTINEL RD ", "SCHOOL_TYPE_DESC": "English Public", "ADDRESS_POINT_ID": 10071229, "ADDRESS_NUMBER": "215", "LINEAR_NAME_FULL": "Sentinel Rd", "ADDRESS_FULL": "215 Sentinel Rd", "POSTAL_CODE": "M3J 1T7", "MUNICIPALITY": "NY", "CITY": "NY", "PLACE_NAME": "Elia Middle School", "GENERAL_USE_CODE": 115001, "CENTRELINE_ID": 10071213, "LO_NUM": 215, "LO_NUM_SUF": "None", "HI_NUM": null, "HI_NUM_SUF": "None", "LINEAR_NAME_ID": 6678.0 }, "geometry": { "type": "MultiPoint", "coordinates": [ [ -79.498458308064102, 43.753799317625202 ] ] } },
{ "type": "Feature", "properties": { "_id": 320, "OBJECTID": 419, "GEO_ID": 13503328.0, "NAME": "ELITE ACADEMIC SECONDARY SCHOOL", "SCHOOL_LEVEL": "None", "SCHOOL_TYPE": "PR", "BOARD_NAME": "None", "SOURCE_ADDRESS": "201 CONSUMERS RD ", "SCHOOL_TYPE_DESC": "Private", "ADDRESS_POINT_ID": 13503328, "ADDRESS_NUMBER": "201", "LINEAR_NAME_FULL": "Consumers Rd", "ADDRESS_FULL": "201 Consumers Rd", "POSTAL_CODE": "M2J 4G8", "MUNICIPALITY": "NY", "CITY": "NY", "PLACE_NAME": "None", "GENERAL_USE_CODE": 115001, "CENTRELINE_ID": 438551, "LO_NUM": 201, "LO_NUM_SUF": "None", "HI_NUM": null, "HI_NUM_SUF": "None", "LINEAR_NAME_ID": 5264.0 }, "geometry": { "type": "MultiPoint", "coordinates": [ [ -79.332248867455306, 43.772101375736497 ] ] } },
{ "type": "Feature", "properties": { "_id": 321, "OBJECTID": 420, "GEO_ID": 390308.0, "NAME": "ELIZABETH SIMCOE JR PUBLIC SCHOOL", "SCHOOL_LEVEL": "None", "SCHOOL_TYPE": "EP", "BOARD_NAME": "Toronto District School Board", "SOURCE_ADDRESS": "166 SYLVAN AVE ", "SCHOOL_TYPE_DESC": "English Public", "ADDRESS_POINT_ID": 390308, "ADDRESS_NUMBER": "166", "LINEAR_NAME_FULL": "Sylvan Ave", "ADDRESS_FULL": "166 Sylvan Ave", "POSTAL_CODE": "M1E 1A3", "MUNICIPALITY": "SC", "CITY": "SC", "PLACE_NAME": "Elizabeth Simcoe Junior Public School", "GENERAL_USE_CODE": 115001, "CENTRELINE_ID": 110959, "LO_NUM": 166, "LO_NUM_SUF": "None", "HI_NUM": null, "HI_NUM_SUF": "None", "LINEAR_NAME_ID": 4522.0 }, "geometry": { "type": "MultiPoint", "coordinates": [ [ -79.206034870106294, 43.738151961568803 ] ] } },
{ "type": "Feature", "properties": { "_id": 322, "OBJECTID": 421, "GEO_ID": 4504013.0, "NAME": "ELKHORN PUBLIC SCHOOL", "SCHOOL_LEVEL": "None", "SCHOOL_TYPE": "EP", "BOARD_NAME": "Toronto District School Board", "SOURCE_ADDRESS": "10 ELKHORN DR ", "SCHOOL_TYPE_DESC": "English Public", "ADDRESS_POINT_ID": 4504013, "ADDRESS_NUMBER": "10", "LINEAR_NAME_FULL": "Elkhorn Dr", "ADDRESS_FULL": "10 Elkhorn Dr", "POSTAL_CODE": "M2K 1J3", "MUNICIPALITY": "NY", "CITY": "NY", "PLACE_NAME": "Elkhorn Public School", "GENERAL_USE_CODE": 115001, "CENTRELINE_ID": 4503989, "LO_NUM": 10, "LO_NUM_SUF": "None", "HI_NUM": null, "HI_NUM_SUF": "None", "LINEAR_NAME_ID": 5494.0 }, "geometry": { "type": "MultiPoint", "coordinates": [ [ -79.380062435592805, 43.771215392982903 ] ] } },
{ "type": "Feature", "properties": { "_id": 323, "OBJECTID": 422, "GEO_ID": 4312082.0, "NAME": "ELLESMERE STATTON PUBLIC SCHOOL", "SCHOOL_LEVEL": "None", "SCHOOL_TYPE": "EP", "BOARD_NAME": "Toronto District School Board", "SOURCE_ADDRESS": "739 ELLESMERE RD ", "SCHOOL_TYPE_DESC": "English Public", "ADDRESS_POINT_ID": 4312082, "ADDRESS_NUMBER": "739", "LINEAR_NAME_FULL": "Ellesmere Rd", "ADDRESS_FULL": "739 Ellesmere Rd", "POSTAL_CODE": "M1P 2W1", "MUNICIPALITY": "SC", "CITY": "SC", "PLACE_NAME": "Ellesmere-Statton Public School", "GENERAL_USE_CODE": 115001, "CENTRELINE_ID": 14663886, "LO_NUM": 739, "LO_NUM_SUF": "None", "HI_NUM": null, "HI_NUM_SUF": "None", "LINEAR_NAME_ID": 7835.0 }, "geometry": { "type": "MultiPoint", "coordinates": [ [ -79.287571998328204, 43.763623612375902 ] ] } },
{ "type": "Feature", "properties": { "_id": 324, "OBJECTID": 423, "GEO_ID": 8128665.0, "NAME": "ELMBANK JR MDL ACADEMY", "SCHOOL_LEVEL": "None", "SCHOOL_TYPE": "EP", "BOARD_NAME": "Toronto District School Board", "SOURCE_ADDRESS": "10 PITTSBORO DR ", "SCHOOL_TYPE_DESC": "English Public", "ADDRESS_POINT_ID": 8128665, "ADDRESS_NUMBER": "10", "LINEAR_NAME_FULL": "Pittsboro Dr", "ADDRESS_FULL": "10 Pittsboro Dr", "POSTAL_CODE": "M9V 3R4", "MUNICIPALITY": "ET", "CITY": "ET", "PLACE_NAME": "Elmbank Junior Middle Academy", "GENERAL_USE_CODE": 115001, "CENTRELINE_ID": 20053315, "LO_NUM": 10, "LO_NUM_SUF": "None", "HI_NUM": null, "HI_NUM_SUF": "None", "LINEAR_NAME_ID": 2278.0 }, "geometry": { "type": "MultiPoint", "coordinates": [ [ -79.590047067744706, 43.736501901905697 ] ] } },
{ "type": "Feature", "properties": { "_id": 325, "OBJECTID": 424, "GEO_ID": 10010732.0, "NAME": "ELMLEA JR SCHOOL", "SCHOOL_LEVEL": "None", "SCHOOL_TYPE": "EP", "BOARD_NAME": "Toronto District School Board", "SOURCE_ADDRESS": "50 HADRIAN DR ", "SCHOOL_TYPE_DESC": "English Public", "ADDRESS_POINT_ID": 10010732, "ADDRESS_NUMBER": "50", "LINEAR_NAME_FULL": "Hadrian Dr", "ADDRESS_FULL": "50 Hadrian Dr", "POSTAL_CODE": "M9W 1V4", "MUNICIPALITY": "ET", "CITY": "ET", "PLACE_NAME": "Elmlea Junior School", "GENERAL_USE_CODE": 115001, "CENTRELINE_ID": 20053010, "LO_NUM": 50, "LO_NUM_SUF": "None", "HI_NUM": null, "HI_NUM_SUF": "None", "LINEAR_NAME_ID": 1737.0 }, "geometry": { "type": "MultiPoint", "coordinates": [ [ -79.549870197054503, 43.715938619440102 ] ] } },
{ "type": "Feature", "properties": { "_id": 326, "OBJECTID": 425, "GEO_ID": 9135240.0, "NAME": "ELPIS COLLEGE TORONTO (temporarily moved)", "SCHOOL_LEVEL": "None", "SCHOOL_TYPE": "PR", "BOARD_NAME": "None", "SOURCE_ADDRESS": "18 GREENFIELD AVE ", "SCHOOL_TYPE_DESC": "Private", "ADDRESS_POINT_ID": 9135240, "ADDRESS_NUMBER": "18", "LINEAR_NAME_FULL": "Greenfield Ave", "ADDRESS_FULL": "18 Greenfield Ave", "POSTAL_CODE": "M2N 3C8", "MUNICIPALITY": "NY", "CITY": "NY", "PLACE_NAME": "None", "GENERAL_USE_CODE": 115001, "CENTRELINE_ID": 20040806, "LO_NUM": 18, "LO_NUM_SUF": "None", "HI_NUM": null, "HI_NUM_SUF": "None", "LINEAR_NAME_ID": 5748.0 }, "geometry": { "type": "MultiPoint", "coordinates": [ [ -79.410772963939706, 43.763604996912903 ] ] } },
{ "type": "Feature", "properties": { "_id": 327, "OBJECTID": 426, "GEO_ID": 574355.0, "NAME": "EMERY C.I. & EMERY EDVANCE ADULT LEARNING CENTRE", "SCHOOL_LEVEL": "None", "SCHOOL_TYPE": "EP", "BOARD_NAME": "Toronto District School Board", "SOURCE_ADDRESS": "3395 WESTON RD ", "SCHOOL_TYPE_DESC": "English Public", "ADDRESS_POINT_ID": 574355, "ADDRESS_NUMBER": "3395", "LINEAR_NAME_FULL": "Weston Rd", "ADDRESS_FULL": "3395 Weston Rd", "POSTAL_CODE": "M9M 2V9", "MUNICIPALITY": "NY", "CITY": "NY", "PLACE_NAME": "Emery Collegiate Institute", "GENERAL_USE_CODE": 115001, "CENTRELINE_ID": 30117738, "LO_NUM": 3395, "LO_NUM_SUF": "None", "HI_NUM": null, "HI_NUM_SUF": "None", "LINEAR_NAME_ID": 952.0 }, "geometry": { "type": "MultiPoint", "coordinates": [ [ -79.539556984554807, 43.748722709109302 ] ] } },
{ "type": "Feature", "properties": { "_id": 328, "OBJECTID": 427, "GEO_ID": 349131.0, "NAME": "EMILY CARR PUBLIC SCHOOL", "SCHOOL_LEVEL": "None", "SCHOOL_TYPE": "EP", "BOARD_NAME": "Toronto District School Board", "SOURCE_ADDRESS": "90 JOHN TABOR TRL ", "SCHOOL_TYPE_DESC": "English Public", "ADDRESS_POINT_ID": 349131, "ADDRESS_NUMBER": "90", "LINEAR_NAME_FULL": "John Tabor Trl", "ADDRESS_FULL": "90 John Tabor Trl", "POSTAL_CODE": "M1B 2V2", "MUNICIPALITY": "SC", "CITY": "SC", "PLACE_NAME": "Emily Carr Public School", "GENERAL_USE_CODE": 115001, "CENTRELINE_ID": 104486, "LO_NUM": 90, "LO_NUM_SUF": "None", "HI_NUM": null, "HI_NUM_SUF": "None", "LINEAR_NAME_ID": 8200.0 }, "geometry": { "type": "MultiPoint", "coordinates": [ [ -79.206935855215605, 43.8050223865269 ] ] } },
{ "type": "Feature", "properties": { "_id": 329, "OBJECTID": 428, "GEO_ID": 9638341.0, "NAME": "ENQUIRING MINDS MONTESSORI AND LONDON SCHOOL OF DANCE", "SCHOOL_LEVEL": "None", "SCHOOL_TYPE": "PR", "BOARD_NAME": "None", "SOURCE_ADDRESS": "24 PROGRESS AVE ", "SCHOOL_TYPE_DESC": "Private", "ADDRESS_POINT_ID": 9638341, "ADDRESS_NUMBER": "24", "LINEAR_NAME_FULL": "Progress Ave", "ADDRESS_FULL": "24 Progress Ave", "POSTAL_CODE": "M1P 2Y4", "MUNICIPALITY": "SC", "CITY": "SC", "PLACE_NAME": "None", "GENERAL_USE_CODE": 115001, "CENTRELINE_ID": 9638338, "LO_NUM": 24, "LO_NUM_SUF": "None", "HI_NUM": null, "HI_NUM_SUF": "None", "LINEAR_NAME_ID": 8740.0 }, "geometry": { "type": "MultiPoint", "coordinates": [ [ -79.280161162469099, 43.770417240373597 ] ] } },
{ "type": "Feature", "properties": { "_id": 330, "OBJECTID": 429, "GEO_ID": 373586.0, "NAME": "EPIPHANY OF OUR LORD CATHOLIC ACADEMY", "SCHOOL_LEVEL": "None", "SCHOOL_TYPE": "ES", "BOARD_NAME": "Toronto Catholic District School Board", "SOURCE_ADDRESS": "3150 PHARMACY AVE ", "SCHOOL_TYPE_DESC": "English Separate", "ADDRESS_POINT_ID": 373586, "ADDRESS_NUMBER": "3150", "LINEAR_NAME_FULL": "Pharmacy Ave", "ADDRESS_FULL": "3150 Pharmacy Ave", "POSTAL_CODE": "M1W 3J5", "MUNICIPALITY": "SC", "CITY": "SC", "PLACE_NAME": "Epiphany of Our Lord Catholic Academy", "GENERAL_USE_CODE": 115001, "CENTRELINE_ID": 14668282, "LO_NUM": 3150, "LO_NUM_SUF": "None", "HI_NUM": null, "HI_NUM_SUF": "None", "LINEAR_NAME_ID": 8691.0 }, "geometry": { "type": "MultiPoint", "coordinates": [ [ -79.328940246009495, 43.798958096327702 ] ] } },
{ "type": "Feature", "properties": { "_id": 331, "OBJECTID": 430, "GEO_ID": 498502.0, "NAME": "ERNEST PUBLIC SCHOOL", "SCHOOL_LEVEL": "None", "SCHOOL_TYPE": "EP", "BOARD_NAME": "Toronto District School Board", "SOURCE_ADDRESS": "150 CHEROKEE BLVD ", "SCHOOL_TYPE_DESC": "English Public", "ADDRESS_POINT_ID": 498502, "ADDRESS_NUMBER": "150", "LINEAR_NAME_FULL": "Cherokee Blvd", "ADDRESS_FULL": "150 Cherokee Blvd", "POSTAL_CODE": "M2J 4A4", "MUNICIPALITY": "NY", "CITY": "NY", "PLACE_NAME": "Ernest Public School", "GENERAL_USE_CODE": 115001, "CENTRELINE_ID": 436907, "LO_NUM": 150, "LO_NUM_SUF": "None", "HI_NUM": null, "HI_NUM_SUF": "None", "LINEAR_NAME_ID": 5182.0 }, "geometry": { "type": "MultiPoint", "coordinates": [ [ -79.337382568845499, 43.791415465112998 ] ] } },
{ "type": "Feature", "properties": { "_id": 332, "OBJECTID": 431, "GEO_ID": 6316533.0, "NAME": "ERUDITE ELEMENTARY SCHOOL", "SCHOOL_LEVEL": "None", "SCHOOL_TYPE": "PR", "BOARD_NAME": "None", "SOURCE_ADDRESS": "2323 BLOOR ST W", "SCHOOL_TYPE_DESC": "Private", "ADDRESS_POINT_ID": 6316533, "ADDRESS_NUMBER": "2323", "LINEAR_NAME_FULL": "Bloor St W", "ADDRESS_FULL": "2323 Bloor St W", "POSTAL_CODE": "M6S 4W1", "MUNICIPALITY": "TO", "CITY": "TO", "PLACE_NAME": "None", "GENERAL_USE_CODE": 115001, "CENTRELINE_ID": 6314757, "LO_NUM": 2323, "LO_NUM_SUF": "None", "HI_NUM": null, "HI_NUM_SUF": "None", "LINEAR_NAME_ID": 458.0 }, "geometry": { "type": "MultiPoint", "coordinates": [ [ -79.479988856235295, 43.650008130111701 ] ] } },
{ "type": "Feature", "properties": { "_id": 333, "OBJECTID": 432, "GEO_ID": 30024677.0, "NAME": "ESSEX JR SR & HAWTHORNE TWO BILINGUAL", "SCHOOL_LEVEL": "None", "SCHOOL_TYPE": "EP", "BOARD_NAME": "Toronto District School Board", "SOURCE_ADDRESS": "50 ESSEX ST ", "SCHOOL_TYPE_DESC": "English Public", "ADDRESS_POINT_ID": 30024677, "ADDRESS_NUMBER": "50", "LINEAR_NAME_FULL": "Essex St", "ADDRESS_FULL": "50 Essex St", "POSTAL_CODE": "M6G 1T3", "MUNICIPALITY": "TO", "CITY": "TO", "PLACE_NAME": "Essex Junior and Senior School Public School", "GENERAL_USE_CODE": 115001, "CENTRELINE_ID": 30017326, "LO_NUM": 50, "LO_NUM_SUF": "None", "HI_NUM": null, "HI_NUM_SUF": "None", "LINEAR_NAME_ID": 3408.0 }, "geometry": { "type": "MultiPoint", "coordinates": [ [ -79.422365483476298, 43.668235749406598 ] ] } },
{ "type": "Feature", "properties": { "_id": 334, "OBJECTID": 433, "GEO_ID": 7940034.0, "NAME": "ETIENNE BRULE JR SCHOOL", "SCHOOL_LEVEL": "None", "SCHOOL_TYPE": "EP", "BOARD_NAME": "Toronto District School Board", "SOURCE_ADDRESS": "50 CLOVERHILL RD ", "SCHOOL_TYPE_DESC": "English Public", "ADDRESS_POINT_ID": 7940034, "ADDRESS_NUMBER": "50", "LINEAR_NAME_FULL": "Cloverhill Rd", "ADDRESS_FULL": "50 Cloverhill Rd", "POSTAL_CODE": "M8Y 1T3", "MUNICIPALITY": "ET", "CITY": "ET", "PLACE_NAME": "Etienne Brule Junior School", "GENERAL_USE_CODE": 115001, "CENTRELINE_ID": 7940032, "LO_NUM": 50, "LO_NUM_SUF": "None", "HI_NUM": null, "HI_NUM_SUF": "None", "LINEAR_NAME_ID": 1363.0 }, "geometry": { "type": "MultiPoint", "coordinates": [ [ -79.489684455949799, 43.635618731708597 ] ] } },
{ "type": "Feature", "properties": { "_id": 335, "OBJECTID": 434, "GEO_ID": 10756789.0, "NAME": "ETOBICOKE COLLEGIATE INSTITUTE", "SCHOOL_LEVEL": "None", "SCHOOL_TYPE": "EP", "BOARD_NAME": "Toronto District School Board", "SOURCE_ADDRESS": "86 MONTGOMERY RD ", "SCHOOL_TYPE_DESC": "English Public", "ADDRESS_POINT_ID": 10756789, "ADDRESS_NUMBER": "86", "LINEAR_NAME_FULL": "Montgomery Rd", "ADDRESS_FULL": "86 Montgomery Rd", "POSTAL_CODE": "M9A 3N5", "MUNICIPALITY": "ET", "CITY": "ET", "PLACE_NAME": "Etobicoke Collegiate Institute", "GENERAL_USE_CODE": 115001, "CENTRELINE_ID": 10756784, "LO_NUM": 86, "LO_NUM_SUF": "None", "HI_NUM": null, "HI_NUM_SUF": "None", "LINEAR_NAME_ID": 2136.0 }, "geometry": { "type": "MultiPoint", "coordinates": [ [ -79.522296213865999, 43.650084200840297 ] ] } },
{ "type": "Feature", "properties": { "_id": 336, "OBJECTID": 435, "GEO_ID": 10142862.0, "NAME": "ETOBICOKE SCHOOL OF THE ARTS", "SCHOOL_LEVEL": "None", "SCHOOL_TYPE": "EP", "BOARD_NAME": "Toronto District School Board", "SOURCE_ADDRESS": "675 ROYAL YORK RD ", "SCHOOL_TYPE_DESC": "English Public", "ADDRESS_POINT_ID": 10142862, "ADDRESS_NUMBER": "675", "LINEAR_NAME_FULL": "Royal York Rd", "ADDRESS_FULL": "675 Royal York Rd", "POSTAL_CODE": "M8Y 2T1", "MUNICIPALITY": "ET", "CITY": "ET", "PLACE_NAME": "Etobicoke School of the Arts", "GENERAL_USE_CODE": 115001, "CENTRELINE_ID": 10142864, "LO_NUM": 675, "LO_NUM_SUF": "None", "HI_NUM": null, "HI_NUM_SUF": "None", "LINEAR_NAME_ID": 2413.0 }, "geometry": { "type": "MultiPoint", "coordinates": [ [ -79.503930934666599, 43.6308148274845 ] ] } },
{ "type": "Feature", "properties": { "_id": 337, "OBJECTID": 436, "GEO_ID": 9109922.0, "NAME": "ETOBICOKE SECONDARY ALTERNATIVE SCHOOL ", "SCHOOL_LEVEL": "None", "SCHOOL_TYPE": "EP", "BOARD_NAME": "Toronto District School Board", "SOURCE_ADDRESS": "160 SILVERHILL DR ", "SCHOOL_TYPE_DESC": "English Public", "ADDRESS_POINT_ID": 9109922, "ADDRESS_NUMBER": "160", "LINEAR_NAME_FULL": "Silverhill Dr", "ADDRESS_FULL": "160 Silverhill Dr", "POSTAL_CODE": "M9B 3W7", "MUNICIPALITY": "ET", "CITY": "ET", "PLACE_NAME": "None", "GENERAL_USE_CODE": 115001, "CENTRELINE_ID": 9109918, "LO_NUM": 160, "LO_NUM_SUF": "None", "HI_NUM": null, "HI_NUM_SUF": "None", "LINEAR_NAME_ID": 2484.0 }, "geometry": { "type": "MultiPoint", "coordinates": [ [ -79.551276113705001, 43.633857846042702 ] ] } },
{ "type": "Feature", "properties": { "_id": 338, "OBJECTID": 437, "GEO_ID": 4248888.0, "NAME": "EXCEL HIGH SCHOOL", "SCHOOL_LEVEL": "None", "SCHOOL_TYPE": "PR", "BOARD_NAME": "None", "SOURCE_ADDRESS": "55 NUGGET AVE ", "SCHOOL_TYPE_DESC": "Private", "ADDRESS_POINT_ID": 4248888, "ADDRESS_NUMBER": "55", "LINEAR_NAME_FULL": "Nugget Ave", "ADDRESS_FULL": "55 Nugget Ave", "POSTAL_CODE": "M1S 3L1", "MUNICIPALITY": "SC", "CITY": "SC", "PLACE_NAME": "None", "GENERAL_USE_CODE": 115001, "CENTRELINE_ID": 4248848, "LO_NUM": 55, "LO_NUM_SUF": "None", "HI_NUM": null, "HI_NUM_SUF": "None", "LINEAR_NAME_ID": 11074.0 }, "geometry": { "type": "MultiPoint", "coordinates": [ [ -79.257808033666194, 43.792138507653199 ] ] } },
{ "type": "Feature", "properties": { "_id": 339, "OBJECTID": 438, "GEO_ID": 54313.0, "NAME": "F H MILLER JR PUBLIC SCHOOL", "SCHOOL_LEVEL": "None", "SCHOOL_TYPE": "EP", "BOARD_NAME": "Toronto District School Board", "SOURCE_ADDRESS": "300 CALEDONIA RD ", "SCHOOL_TYPE_DESC": "English Public", "ADDRESS_POINT_ID": 54313, "ADDRESS_NUMBER": "300", "LINEAR_NAME_FULL": "Caledonia Rd", "ADDRESS_FULL": "300 Caledonia Rd", "POSTAL_CODE": "M6E 4T5", "MUNICIPALITY": "YK", "CITY": "YK", "PLACE_NAME": "F. H. Miller Junior Public School", "GENERAL_USE_CODE": 115001, "CENTRELINE_ID": 14072354, "LO_NUM": 300, "LO_NUM_SUF": "None", "HI_NUM": null, "HI_NUM_SUF": "None", "LINEAR_NAME_ID": 481.0 }, "geometry": { "type": "MultiPoint", "coordinates": [ [ -79.458898094006997, 43.684005773330497 ] ] } },
{ "type": "Feature", "properties": { "_id": 340, "OBJECTID": 439, "GEO_ID": 62504.0, "NAME": "FAIRBANK MEMORIAL COMMUNITY SCHOOL", "SCHOOL_LEVEL": "None", "SCHOOL_TYPE": "EP", "BOARD_NAME": "Toronto District School Board", "SOURCE_ADDRESS": "555 HARVIE AVE ", "SCHOOL_TYPE_DESC": "English Public", "ADDRESS_POINT_ID": 62504, "ADDRESS_NUMBER": "555", "LINEAR_NAME_FULL": "Harvie Ave", "ADDRESS_FULL": "555 Harvie Ave", "POSTAL_CODE": "M6E 4M2", "MUNICIPALITY": "YK", "CITY": "YK", "PLACE_NAME": "Fairbank Memorial Community School", "GENERAL_USE_CODE": 115001, "CENTRELINE_ID": 8067, "LO_NUM": 555, "LO_NUM_SUF": "None", "HI_NUM": null, "HI_NUM_SUF": "None", "LINEAR_NAME_ID": 648.0 }, "geometry": { "type": "MultiPoint", "coordinates": [ [ -79.455405701344702, 43.691703241779898 ] ] } },
{ "type": "Feature", "properties": { "_id": 341, "OBJECTID": 440, "GEO_ID": 9741283.0, "NAME": "FAIRBANK PUBLIC SCHOOL ", "SCHOOL_LEVEL": "None", "SCHOOL_TYPE": "EP", "BOARD_NAME": "Toronto District School Board", "SOURCE_ADDRESS": "2335 DUFFERIN ST ", "SCHOOL_TYPE_DESC": "English Public", "ADDRESS_POINT_ID": 9741283, "ADDRESS_NUMBER": "2335", "LINEAR_NAME_FULL": "Dufferin St", "ADDRESS_FULL": "2335 Dufferin St", "POSTAL_CODE": "M6E 3S5", "MUNICIPALITY": "YK", "CITY": "YK", "PLACE_NAME": "Fairbank Public School", "GENERAL_USE_CODE": 115001, "CENTRELINE_ID": 9741259, "LO_NUM": 2335, "LO_NUM_SUF": "None", "HI_NUM": null, "HI_NUM_SUF": "None", "LINEAR_NAME_ID": 557.0 }, "geometry": { "type": "MultiPoint", "coordinates": [ [ -79.449089228933303, 43.694287664905801 ] ] } },
{ "type": "Feature", "properties": { "_id": 342, "OBJECTID": 441, "GEO_ID": 373577.0, "NAME": "FAIRGLEN JR PUBLIC SCHOOL", "SCHOOL_LEVEL": "None", "SCHOOL_TYPE": "EP", "BOARD_NAME": "Toronto District School Board", "SOURCE_ADDRESS": "2200 PHARMACY AVE ", "SCHOOL_TYPE_DESC": "English Public", "ADDRESS_POINT_ID": 373577, "ADDRESS_NUMBER": "2200", "LINEAR_NAME_FULL": "Pharmacy Ave", "ADDRESS_FULL": "2200 Pharmacy Ave", "POSTAL_CODE": "M1W 1H8", "MUNICIPALITY": "SC", "CITY": "SC", "PLACE_NAME": "Fairglen Junior Public School", "GENERAL_USE_CODE": 115001, "CENTRELINE_ID": 106776, "LO_NUM": 2200, "LO_NUM_SUF": "None", "HI_NUM": null, "HI_NUM_SUF": "None", "LINEAR_NAME_ID": 8691.0 }, "geometry": { "type": "MultiPoint", "coordinates": [ [ -79.322238190367102, 43.784936377096798 ] ] } },
{ "type": "Feature", "properties": { "_id": 343, "OBJECTID": 442, "GEO_ID": 30028626.0, "NAME": "FAIRMEADOW CENTRE", "SCHOOL_LEVEL": "None", "SCHOOL_TYPE": "EP", "BOARD_NAME": "Toronto District School Board", "SOURCE_ADDRESS": "17 FAIRMEADOW AVE ", "SCHOOL_TYPE_DESC": "English Public", "ADDRESS_POINT_ID": 30028626, "ADDRESS_NUMBER": "17", "LINEAR_NAME_FULL": "Fairmeadow Ave", "ADDRESS_FULL": "17 Fairmeadow Ave", "POSTAL_CODE": "M2P 1W6", "MUNICIPALITY": "NY", "CITY": "NY", "PLACE_NAME": "None", "GENERAL_USE_CODE": 115001, "CENTRELINE_ID": 20040820, "LO_NUM": 17, "LO_NUM_SUF": "None", "HI_NUM": null, "HI_NUM_SUF": "None", "LINEAR_NAME_ID": 5547.0 }, "geometry": { "type": "MultiPoint", "coordinates": [ [ -79.3972138944047, 43.754688128517003 ] ] } },
{ "type": "Feature", "properties": { "_id": 344, "OBJECTID": 443, "GEO_ID": 2261459.0, "NAME": "FAIRMOUNT JR PUBLIC SCHOOL", "SCHOOL_LEVEL": "None", "SCHOOL_TYPE": "EP", "BOARD_NAME": "Toronto District School Board", "SOURCE_ADDRESS": "31 SLOLEY RD ", "SCHOOL_TYPE_DESC": "English Public", "ADDRESS_POINT_ID": 2261459, "ADDRESS_NUMBER": "31", "LINEAR_NAME_FULL": "Sloley Rd", "ADDRESS_FULL": "31 Sloley Rd", "POSTAL_CODE": "M1M 1C7", "MUNICIPALITY": "SC", "CITY": "SC", "PLACE_NAME": "Fairmount Public School", "GENERAL_USE_CODE": 115001, "CENTRELINE_ID": 2261458, "LO_NUM": 31, "LO_NUM_SUF": "None", "HI_NUM": null, "HI_NUM_SUF": "None", "LINEAR_NAME_ID": 8967.0 }, "geometry": { "type": "MultiPoint", "coordinates": [ [ -79.230894180628596, 43.719758092462399 ] ] } },
{ "type": "Feature", "properties": { "_id": 345, "OBJECTID": 444, "GEO_ID": 10144967.0, "NAME": "FATHER HENRY CARR CATHOLIC SECONDARY SCHOOL", "SCHOOL_LEVEL": "None", "SCHOOL_TYPE": "ES", "BOARD_NAME": "Toronto Catholic District School Board", "SOURCE_ADDRESS": "1760 MARTIN GROVE RD ", "SCHOOL_TYPE_DESC": "English Separate", "ADDRESS_POINT_ID": 10144967, "ADDRESS_NUMBER": "1760", "LINEAR_NAME_FULL": "Martin Grove Rd", "ADDRESS_FULL": "1760 Martin Grove Rd", "POSTAL_CODE": "M9V 3S4", "MUNICIPALITY": "ET", "CITY": "ET", "PLACE_NAME": "Father Henry Carr", "GENERAL_USE_CODE": 115001, "CENTRELINE_ID": 10144951, "LO_NUM": 1760, "LO_NUM_SUF": "None", "HI_NUM": null, "HI_NUM_SUF": "None", "LINEAR_NAME_ID": 2066.0 }, "geometry": { "type": "MultiPoint", "coordinates": [ [ -79.592299938741505, 43.735765100829703 ] ] } },
{ "type": "Feature", "properties": { "_id": 346, "OBJECTID": 445, "GEO_ID": 14600948.0, "NAME": "FATHER JOHN REDMOND CATHOLIC SECONDARY SCHOOL", "SCHOOL_LEVEL": "None", "SCHOOL_TYPE": "ES", "BOARD_NAME": "Toronto Catholic District School Board", "SOURCE_ADDRESS": "28 COLONEL SAMUEL SMITH PARK DR ", "SCHOOL_TYPE_DESC": "English Separate", "ADDRESS_POINT_ID": 14600948, "ADDRESS_NUMBER": "28", "LINEAR_NAME_FULL": "Colonel Samuel Smith Park Dr", "ADDRESS_FULL": "28 Colonel Samuel Smith Park Dr", "POSTAL_CODE": "M8V 4B7", "MUNICIPALITY": "ET", "CITY": "ET", "PLACE_NAME": "Father John Redmond, Ken Cox Community Centre", "GENERAL_USE_CODE": 115001, "CENTRELINE_ID": 30016383, "LO_NUM": 28, "LO_NUM_SUF": "None", "HI_NUM": null, "HI_NUM_SUF": "None", "LINEAR_NAME_ID": 15629.0 }, "geometry": { "type": "MultiPoint", "coordinates": [ [ -79.516538769293206, 43.595141348631202 ] ] } },
{ "type": "Feature", "properties": { "_id": 347, "OBJECTID": 446, "GEO_ID": 1035168.0, "NAME": "FATHER SERRA CATHOLIC ELEMENTARY SCHOOL", "SCHOOL_LEVEL": "None", "SCHOOL_TYPE": "ES", "BOARD_NAME": "Toronto Catholic District School Board", "SOURCE_ADDRESS": "111 SUN ROW DR ", "SCHOOL_TYPE_DESC": "English Separate", "ADDRESS_POINT_ID": 1035168, "ADDRESS_NUMBER": "111", "LINEAR_NAME_FULL": "Sun Row Dr", "ADDRESS_FULL": "111 Sun Row Dr", "POSTAL_CODE": "M9P 3J3", "MUNICIPALITY": "ET", "CITY": "ET", "PLACE_NAME": "Father Serra Catholic School", "GENERAL_USE_CODE": 115001, "CENTRELINE_ID": 909192, "LO_NUM": 111, "LO_NUM_SUF": "None", "HI_NUM": null, "HI_NUM_SUF": "None", "LINEAR_NAME_ID": 2554.0 }, "geometry": { "type": "MultiPoint", "coordinates": [ [ -79.537018138556604, 43.685944240932997 ] ] } },
{ "type": "Feature", "properties": { "_id": 348, "OBJECTID": 447, "GEO_ID": 8014986.0, "NAME": "FAYWOOD ARTS BASED CURRICULUM SCHOOL", "SCHOOL_LEVEL": "None", "SCHOOL_TYPE": "EP", "BOARD_NAME": "Toronto District School Board", "SOURCE_ADDRESS": "95 FAYWOOD BLVD ", "SCHOOL_TYPE_DESC": "English Public", "ADDRESS_POINT_ID": 8014986, "ADDRESS_NUMBER": "95", "LINEAR_NAME_FULL": "Faywood Blvd", "ADDRESS_FULL": "95 Faywood Blvd", "POSTAL_CODE": "M3H 2X5", "MUNICIPALITY": "NY", "CITY": "NY", "PLACE_NAME": "Faywood Arts-Based Curriculum School", "GENERAL_USE_CODE": 115001, "CENTRELINE_ID": 442642, "LO_NUM": 95, "LO_NUM_SUF": "None", "HI_NUM": null, "HI_NUM_SUF": "None", "LINEAR_NAME_ID": 5570.0 }, "geometry": { "type": "MultiPoint", "coordinates": [ [ -79.446697334975497, 43.7398550354918 ] ] } },
{ "type": "Feature", "properties": { "_id": 349, "OBJECTID": 448, "GEO_ID": 515284.0, "NAME": "FENSIDE PUBLIC SCHOOL", "SCHOOL_LEVEL": "None", "SCHOOL_TYPE": "EP", "BOARD_NAME": "Toronto District School Board", "SOURCE_ADDRESS": "131 FENSIDE DR ", "SCHOOL_TYPE_DESC": "English Public", "ADDRESS_POINT_ID": 515284, "ADDRESS_NUMBER": "131", "LINEAR_NAME_FULL": "Fenside Dr", "ADDRESS_FULL": "131 Fenside Dr", "POSTAL_CODE": "M3A 2V9", "MUNICIPALITY": "NY", "CITY": "NY", "PLACE_NAME": "Fenside Public School", "GENERAL_USE_CODE": 115001, "CENTRELINE_ID": 439443, "LO_NUM": 131, "LO_NUM_SUF": "None", "HI_NUM": null, "HI_NUM_SUF": "None", "LINEAR_NAME_ID": 5578.0 }, "geometry": { "type": "MultiPoint", "coordinates": [ [ -79.329126579990401, 43.7645805189835 ] ] } },
{ "type": "Feature", "properties": { "_id": 350, "OBJECTID": 449, "GEO_ID": 8007871.0, "NAME": "FERN AVENUE JR & SR PUBLIC SCHOOL", "SCHOOL_LEVEL": "None", "SCHOOL_TYPE": "EP", "BOARD_NAME": "Toronto District School Board", "SOURCE_ADDRESS": "128 FERN AVE ", "SCHOOL_TYPE_DESC": "English Public", "ADDRESS_POINT_ID": 8007871, "ADDRESS_NUMBER": "128", "LINEAR_NAME_FULL": "Fern Ave", "ADDRESS_FULL": "128 Fern Ave", "POSTAL_CODE": "M6R 1K3", "MUNICIPALITY": "TO", "CITY": "TO", "PLACE_NAME": "Fern Avenue Junior and Senior Public School", "GENERAL_USE_CODE": 115001, "CENTRELINE_ID": 14017573, "LO_NUM": 128, "LO_NUM_SUF": "None", "HI_NUM": null, "HI_NUM_SUF": "None", "LINEAR_NAME_ID": 591.0 }, "geometry": { "type": "MultiPoint", "coordinates": [ [ -79.446112841915394, 43.645180315949503 ] ] } },
{ "type": "Feature", "properties": { "_id": 351, "OBJECTID": 450, "GEO_ID": 9655345.0, "NAME": "FIELDSTONE DAY SCHOOL", "SCHOOL_LEVEL": "None", "SCHOOL_TYPE": "PR", "BOARD_NAME": "None", "SOURCE_ADDRESS": "2999 DUFFERIN ST ", "SCHOOL_TYPE_DESC": "Private", "ADDRESS_POINT_ID": 9655345, "ADDRESS_NUMBER": "2999", "LINEAR_NAME_FULL": "Dufferin St", "ADDRESS_FULL": "2999 Dufferin St", "POSTAL_CODE": "M6B 3T4", "MUNICIPALITY": "NY", "CITY": "NY", "PLACE_NAME": "None", "GENERAL_USE_CODE": 115001, "CENTRELINE_ID": 9655343, "LO_NUM": 2999, "LO_NUM_SUF": "None", "HI_NUM": null, "HI_NUM_SUF": "None", "LINEAR_NAME_ID": 557.0 }, "geometry": { "type": "MultiPoint", "coordinates": [ [ -79.453384140793403, 43.711873358373801 ] ] } },
{ "type": "Feature", "properties": { "_id": 352, "OBJECTID": 451, "GEO_ID": 9655345.0, "NAME": "FIELDSTONE KING'S COLLEGE SECONDARY SCHOOL", "SCHOOL_LEVEL": "None", "SCHOOL_TYPE": "PR", "BOARD_NAME": "None", "SOURCE_ADDRESS": "2999 DUFFERIN ST ", "SCHOOL_TYPE_DESC": "Private", "ADDRESS_POINT_ID": 9655345, "ADDRESS_NUMBER": "2999", "LINEAR_NAME_FULL": "Dufferin St", "ADDRESS_FULL": "2999 Dufferin St", "POSTAL_CODE": "M6B 3T4", "MUNICIPALITY": "NY", "CITY": "NY", "PLACE_NAME": "None", "GENERAL_USE_CODE": 115001, "CENTRELINE_ID": 9655343, "LO_NUM": 2999, "LO_NUM_SUF": "None", "HI_NUM": null, "HI_NUM_SUF": "None", "LINEAR_NAME_ID": 557.0 }, "geometry": { "type": "MultiPoint", "coordinates": [ [ -79.453384140793403, 43.711873358373801 ] ] } },
{ "type": "Feature", "properties": { "_id": 353, "OBJECTID": 452, "GEO_ID": 4429315.0, "NAME": "FINCH AT WARDEN ADULT EDUCATION CENTRE", "SCHOOL_LEVEL": "None", "SCHOOL_TYPE": "ES", "BOARD_NAME": "Toronto Catholic District School Board", "SOURCE_ADDRESS": "3430 FINCH AVE E", "SCHOOL_TYPE_DESC": "English Separate", "ADDRESS_POINT_ID": 4429315, "ADDRESS_NUMBER": "3430", "LINEAR_NAME_FULL": "Finch Ave E", "ADDRESS_FULL": "3430 Finch Ave E", "POSTAL_CODE": "M1W 2R5", "MUNICIPALITY": "SC", "CITY": "SC", "PLACE_NAME": "None", "GENERAL_USE_CODE": 115001, "CENTRELINE_ID": 4435020, "LO_NUM": 3430, "LO_NUM_SUF": "None", "HI_NUM": null, "HI_NUM_SUF": "None", "LINEAR_NAME_ID": 5589.0 }, "geometry": { "type": "MultiPoint", "coordinates": [ [ -79.314565364147299, 43.797475793784798 ] ] } },
{ "type": "Feature", "properties": { "_id": 354, "OBJECTID": 453, "GEO_ID": 9084973.0, "NAME": "FINCH PUBLIC SCHOOL ", "SCHOOL_LEVEL": "None", "SCHOOL_TYPE": "EP", "BOARD_NAME": "Toronto District School Board", "SOURCE_ADDRESS": "277 FINCH AVE E", "SCHOOL_TYPE_DESC": "English Public", "ADDRESS_POINT_ID": 9084973, "ADDRESS_NUMBER": "277", "LINEAR_NAME_FULL": "Finch Ave E", "ADDRESS_FULL": "277 Finch Ave E", "POSTAL_CODE": "M2N 4S3", "MUNICIPALITY": "NY", "CITY": "NY", "PLACE_NAME": "Finch Public School", "GENERAL_USE_CODE": 115001, "CENTRELINE_ID": 9084975, "LO_NUM": 277, "LO_NUM_SUF": "None", "HI_NUM": null, "HI_NUM_SUF": "None", "LINEAR_NAME_ID": 5589.0 }, "geometry": { "type": "MultiPoint", "coordinates": [ [ -79.394974201128207, 43.783833077776499 ] ] } },
{ "type": "Feature", "properties": { "_id": 355, "OBJECTID": 454, "GEO_ID": 3062806.0, "NAME": "FIRGROVE PUBLIC SCHOOL", "SCHOOL_LEVEL": "None", "SCHOOL_TYPE": "EP", "BOARD_NAME": "Toronto District School Board", "SOURCE_ADDRESS": "270 FIRGROVE CRES ", "SCHOOL_TYPE_DESC": "English Public", "ADDRESS_POINT_ID": 3062806, "ADDRESS_NUMBER": "270", "LINEAR_NAME_FULL": "Firgrove Cres", "ADDRESS_FULL": "270 Firgrove Cres", "POSTAL_CODE": "M3N 1K8", "MUNICIPALITY": "NY", "CITY": "NY", "PLACE_NAME": "Firgrove Public School", "GENERAL_USE_CODE": 115001, "CENTRELINE_ID": 30092050, "LO_NUM": 270, "LO_NUM_SUF": "None", "HI_NUM": null, "HI_NUM_SUF": "None", "LINEAR_NAME_ID": 5594.0 }, "geometry": { "type": "MultiPoint", "coordinates": [ [ -79.519910862165005, 43.752000891405302 ] ] } },
{ "type": "Feature", "properties": { "_id": 356, "OBJECTID": 455, "GEO_ID": 30055925.0, "NAME": "FISHERVILLE SR & N/W SECONDARY ALTERNATIVE", "SCHOOL_LEVEL": "None", "SCHOOL_TYPE": "EP", "BOARD_NAME": "Toronto District School Board", "SOURCE_ADDRESS": "425 PATRICIA AVE ", "SCHOOL_TYPE_DESC": "English Public", "ADDRESS_POINT_ID": 30055925, "ADDRESS_NUMBER": "425", "LINEAR_NAME_FULL": "Patricia Ave", "ADDRESS_FULL": "425 Patricia Ave", "POSTAL_CODE": "M2R 2N1", "MUNICIPALITY": "NY", "CITY": "NY", "PLACE_NAME": "None", "GENERAL_USE_CODE": 115001, "CENTRELINE_ID": 7156908, "LO_NUM": 425, "LO_NUM_SUF": "None", "HI_NUM": null, "HI_NUM_SUF": "None", "LINEAR_NAME_ID": 6386.0 }, "geometry": { "type": "MultiPoint", "coordinates": [ [ -79.441161632468393, 43.784556440757001 ] ] } },
{ "type": "Feature", "properties": { "_id": 357, "OBJECTID": 456, "GEO_ID": 4124712.0, "NAME": "FLEMING PUBLIC SCHOOL ", "SCHOOL_LEVEL": "None", "SCHOOL_TYPE": "EP", "BOARD_NAME": "Toronto District School Board", "SOURCE_ADDRESS": "20 LITTLES RD ", "SCHOOL_TYPE_DESC": "English Public", "ADDRESS_POINT_ID": 4124712, "ADDRESS_NUMBER": "20", "LINEAR_NAME_FULL": "Littles Rd", "ADDRESS_FULL": "20 Littles Rd", "POSTAL_CODE": "M1B 5B5", "MUNICIPALITY": "SC", "CITY": "SC", "PLACE_NAME": "Fleming Public School", "GENERAL_USE_CODE": 115001, "CENTRELINE_ID": 4124713, "LO_NUM": 20, "LO_NUM_SUF": "None", "HI_NUM": null, "HI_NUM_SUF": "None", "LINEAR_NAME_ID": 19464.0 }, "geometry": { "type": "MultiPoint", "coordinates": [ [ -79.203384582346899, 43.815434783542301 ] ] } },
{ "type": "Feature", "properties": { "_id": 358, "OBJECTID": 457, "GEO_ID": 7062866.0, "NAME": "FLEMINGTON PUBLIC SCHOOL", "SCHOOL_LEVEL": "None", "SCHOOL_TYPE": "EP", "BOARD_NAME": "Toronto District School Board", "SOURCE_ADDRESS": "10 FLEMINGTON RD ", "SCHOOL_TYPE_DESC": "English Public", "ADDRESS_POINT_ID": 7062866, "ADDRESS_NUMBER": "10", "LINEAR_NAME_FULL": "Flemington Rd", "ADDRESS_FULL": "10 Flemington Rd", "POSTAL_CODE": "M6A 2N4", "MUNICIPALITY": "NY", "CITY": "NY", "PLACE_NAME": "Flemington Public School", "GENERAL_USE_CODE": 115001, "CENTRELINE_ID": 7062864, "LO_NUM": 10, "LO_NUM_SUF": "None", "HI_NUM": null, "HI_NUM_SUF": "None", "LINEAR_NAME_ID": 5608.0 }, "geometry": { "type": "MultiPoint", "coordinates": [ [ -79.444454003763298, 43.7200875786734 ] ] } },
{ "type": "Feature", "properties": { "_id": 359, "OBJECTID": 458, "GEO_ID": 800884.0, "NAME": "FOREST HILL COLLEGIATE INSTITUTE", "SCHOOL_LEVEL": "None", "SCHOOL_TYPE": "EP", "BOARD_NAME": "Toronto District School Board", "SOURCE_ADDRESS": "730 EGLINTON AVE W", "SCHOOL_TYPE_DESC": "English Public", "ADDRESS_POINT_ID": 800884, "ADDRESS_NUMBER": "730", "LINEAR_NAME_FULL": "Eglinton Ave W", "ADDRESS_FULL": "730 Eglinton Ave W", "POSTAL_CODE": "M5N 1B9", "MUNICIPALITY": "TO", "CITY": "TO", "PLACE_NAME": "Forest Hill Collegiate Institute", "GENERAL_USE_CODE": 115001, "CENTRELINE_ID": 1138689, "LO_NUM": 730, "LO_NUM_SUF": "None", "HI_NUM": null, "HI_NUM_SUF": "None", "LINEAR_NAME_ID": 571.0 }, "geometry": { "type": "MultiPoint", "coordinates": [ [ -79.421342784113605, 43.703058255510598 ] ] } },
{ "type": "Feature", "properties": { "_id": 360, "OBJECTID": 459, "GEO_ID": 797816.0, "NAME": "FOREST HILL JR & SR PUBLIC SCHOOL", "SCHOOL_LEVEL": "None", "SCHOOL_TYPE": "EP", "BOARD_NAME": "Toronto District School Board", "SOURCE_ADDRESS": "78 DUNLOE RD ", "SCHOOL_TYPE_DESC": "English Public", "ADDRESS_POINT_ID": 797816, "ADDRESS_NUMBER": "78", "LINEAR_NAME_FULL": "Dunloe Rd", "ADDRESS_FULL": "78 Dunloe Rd", "POSTAL_CODE": "M5P 2T6", "MUNICIPALITY": "TO", "CITY": "TO", "PLACE_NAME": "Forest Hill Junior and Senior Public School", "GENERAL_USE_CODE": 115001, "CENTRELINE_ID": 1139009, "LO_NUM": 78, "LO_NUM_SUF": "None", "HI_NUM": null, "HI_NUM_SUF": "None", "LINEAR_NAME_ID": 3338.0 }, "geometry": { "type": "MultiPoint", "coordinates": [ [ -79.413938589899999, 43.695376256954297 ] ] } },
{ "type": "Feature", "properties": { "_id": 361, "OBJECTID": 460, "GEO_ID": 14207088.0, "NAME": "FOREST HILL TUTORING", "SCHOOL_LEVEL": "None", "SCHOOL_TYPE": "PR", "BOARD_NAME": "None", "SOURCE_ADDRESS": "423 SPADINA RD ", "SCHOOL_TYPE_DESC": "Private", "ADDRESS_POINT_ID": 14207088, "ADDRESS_NUMBER": "423", "LINEAR_NAME_FULL": "Spadina Rd", "ADDRESS_FULL": "423 Spadina Rd", "POSTAL_CODE": "M5P 2W3", "MUNICIPALITY": "TO", "CITY": "TO", "PLACE_NAME": "None", "GENERAL_USE_CODE": 115001, "CENTRELINE_ID": 7273310, "LO_NUM": 423, "LO_NUM_SUF": "None", "HI_NUM": null, "HI_NUM_SUF": "None", "LINEAR_NAME_ID": 4428.0 }, "geometry": { "type": "MultiPoint", "coordinates": [ [ -79.412547201831501, 43.688948843540899 ] ] } },
{ "type": "Feature", "properties": { "_id": 362, "OBJECTID": 461, "GEO_ID": 517448.0, "NAME": "FOREST MANOR PUBLIC SCHOOL", "SCHOOL_LEVEL": "None", "SCHOOL_TYPE": "EP", "BOARD_NAME": "Toronto District School Board", "SOURCE_ADDRESS": "25 FOREST MANOR RD ", "SCHOOL_TYPE_DESC": "English Public", "ADDRESS_POINT_ID": 517448, "ADDRESS_NUMBER": "25", "LINEAR_NAME_FULL": "Forest Manor Rd", "ADDRESS_FULL": "25 Forest Manor Rd", "POSTAL_CODE": "M2J 1M4", "MUNICIPALITY": "NY", "CITY": "NY", "PLACE_NAME": "Forest Manor Public School", "GENERAL_USE_CODE": 115001, "CENTRELINE_ID": 30095974, "LO_NUM": 25, "LO_NUM_SUF": "None", "HI_NUM": null, "HI_NUM_SUF": "None", "LINEAR_NAME_ID": 5625.0 }, "geometry": { "type": "MultiPoint", "coordinates": [ [ -79.343066803829402, 43.771042739923203 ] ] } },
{ "type": "Feature", "properties": { "_id": 363, "OBJECTID": 462, "GEO_ID": 7705590.0, "NAME": "FOREST VALLEY OUTDOOR EDUCATION CENTRE", "SCHOOL_LEVEL": "None", "SCHOOL_TYPE": "EP", "BOARD_NAME": "Toronto District School Board", "SOURCE_ADDRESS": "60 BLUE FOREST DR ", "SCHOOL_TYPE_DESC": "English Public", "ADDRESS_POINT_ID": 7705590, "ADDRESS_NUMBER": "60", "LINEAR_NAME_FULL": "Blue Forest Dr", "ADDRESS_FULL": "60 Blue Forest Dr", "POSTAL_CODE": "M3H 4W5", "MUNICIPALITY": "NY", "CITY": "NY", "PLACE_NAME": "Forest Valley Day Camp", "GENERAL_USE_CODE": 115001, "CENTRELINE_ID": 7705588, "LO_NUM": 60, "LO_NUM_SUF": "None", "HI_NUM": null, "HI_NUM_SUF": "None", "LINEAR_NAME_ID": 4982.0 }, "geometry": { "type": "MultiPoint", "coordinates": [ [ -79.453205261419299, 43.767714269674798 ] ] } },
{ "type": "Feature", "properties": { "_id": 364, "OBJECTID": 463, "GEO_ID": 334378.0, "NAME": "FRANCIS LIBERMANN CATHOLIC HIGH SCHOOL", "SCHOOL_LEVEL": "None", "SCHOOL_TYPE": "ES", "BOARD_NAME": "Toronto Catholic District School Board", "SOURCE_ADDRESS": "4640 FINCH AVE E", "SCHOOL_TYPE_DESC": "English Separate", "ADDRESS_POINT_ID": 334378, "ADDRESS_NUMBER": "4640", "LINEAR_NAME_FULL": "Finch Ave E", "ADDRESS_FULL": "4640 Finch Ave E", "POSTAL_CODE": "M1S 4G2", "MUNICIPALITY": "SC", "CITY": "SC", "PLACE_NAME": "Francis Libermann Catholic High School", "GENERAL_USE_CODE": 115001, "CENTRELINE_ID": 104469, "LO_NUM": 4640, "LO_NUM_SUF": "None", "HI_NUM": null, "HI_NUM_SUF": "None", "LINEAR_NAME_ID": 5589.0 }, "geometry": { "type": "MultiPoint", "coordinates": [ [ -79.274307838499794, 43.8073923412217 ] ] } },
{ "type": "Feature", "properties": { "_id": 365, "OBJECTID": 464, "GEO_ID": 50146.0, "NAME": "FRANK OKE SECONDARY SCHOOL", "SCHOOL_LEVEL": "None", "SCHOOL_TYPE": "EP", "BOARD_NAME": "Toronto District School Board", "SOURCE_ADDRESS": "500 ALLIANCE AVE ", "SCHOOL_TYPE_DESC": "English Public", "ADDRESS_POINT_ID": 50146, "ADDRESS_NUMBER": "500", "LINEAR_NAME_FULL": "Alliance Ave", "ADDRESS_FULL": "500 Alliance Ave", "POSTAL_CODE": "M6N 2H8", "MUNICIPALITY": "YK", "CITY": "YK", "PLACE_NAME": "Frank Oke Secondary School", "GENERAL_USE_CODE": 115001, "CENTRELINE_ID": 30143625, "LO_NUM": 500, "LO_NUM_SUF": "None", "HI_NUM": null, "HI_NUM_SUF": "None", "LINEAR_NAME_ID": 407.0 }, "geometry": { "type": "MultiPoint", "coordinates": [ [ -79.488754228214702, 43.677512419216001 ] ] } },
{ "type": "Feature", "properties": { "_id": 366, "OBJECTID": 465, "GEO_ID": 7570431.0, "NAME": "FRANKLAND COMMUNITY SCHOOL", "SCHOOL_LEVEL": "None", "SCHOOL_TYPE": "EP", "BOARD_NAME": "Toronto District School Board", "SOURCE_ADDRESS": "816 LOGAN AVE ", "SCHOOL_TYPE_DESC": "English Public", "ADDRESS_POINT_ID": 7570431, "ADDRESS_NUMBER": "816", "LINEAR_NAME_FULL": "Logan Ave", "ADDRESS_FULL": "816 Logan Ave", "POSTAL_CODE": "M4K 3E1", "MUNICIPALITY": "TO", "CITY": "TO", "PLACE_NAME": "Frankland Community School, Frankland Community Centre", "GENERAL_USE_CODE": 115001, "CENTRELINE_ID": 14021507, "LO_NUM": 816, "LO_NUM_SUF": "None", "HI_NUM": null, "HI_NUM_SUF": "None", "LINEAR_NAME_ID": 228.0 }, "geometry": { "type": "MultiPoint", "coordinates": [ [ -79.349680084842703, 43.677150667578701 ] ] } },
{ "type": "Feature", "properties": { "_id": 367, "OBJECTID": 466, "GEO_ID": 30026375.0, "NAME": "FRASER MUSTARD EARLY LEARNING ACADEMY", "SCHOOL_LEVEL": "None", "SCHOOL_TYPE": "EP", "BOARD_NAME": "Toronto District School Board", "SOURCE_ADDRESS": "82 THORNCLIFFE PARK DR ", "SCHOOL_TYPE_DESC": "English Public", "ADDRESS_POINT_ID": 30026375, "ADDRESS_NUMBER": "82", "LINEAR_NAME_FULL": "Thorncliffe Park Dr", "ADDRESS_FULL": "82 Thorncliffe Park Dr", "POSTAL_CODE": "M4H 0A2", "MUNICIPALITY": "EY", "CITY": "EY", "PLACE_NAME": "None", "GENERAL_USE_CODE": 115001, "CENTRELINE_ID": 60009974, "LO_NUM": 82, "LO_NUM_SUF": "None", "HI_NUM": null, "HI_NUM_SUF": "None", "LINEAR_NAME_ID": 354.0 }, "geometry": { "type": "MultiPoint", "coordinates": [ [ -79.343551238336801, 43.705577750493497 ] ] } },
{ "type": "Feature", "properties": { "_id": 368, "OBJECTID": 467, "GEO_ID": 336737.0, "NAME": "GALLOWAY ROAD PUBLIC SCHOOL", "SCHOOL_LEVEL": "None", "SCHOOL_TYPE": "EP", "BOARD_NAME": "Toronto District School Board", "SOURCE_ADDRESS": "192 GALLOWAY RD ", "SCHOOL_TYPE_DESC": "English Public", "ADDRESS_POINT_ID": 336737, "ADDRESS_NUMBER": "192", "LINEAR_NAME_FULL": "Galloway Rd", "ADDRESS_FULL": "192 Galloway Rd", "POSTAL_CODE": "M1E 1X2", "MUNICIPALITY": "SC", "CITY": "SC", "PLACE_NAME": "Galloway Road Public School", "GENERAL_USE_CODE": 115001, "CENTRELINE_ID": 60010002, "LO_NUM": 192, "LO_NUM_SUF": "None", "HI_NUM": null, "HI_NUM_SUF": "None", "LINEAR_NAME_ID": 7948.0 }, "geometry": { "type": "MultiPoint", "coordinates": [ [ -79.196622295089298, 43.765017303695402 ] ] } },
{ "type": "Feature", "properties": { "_id": 369, "OBJECTID": 468, "GEO_ID": 13972613.0, "NAME": "GAP ACADEMY SECONDARY SCHOOL", "SCHOOL_LEVEL": "None", "SCHOOL_TYPE": "PR", "BOARD_NAME": "None", "SOURCE_ADDRESS": "4 JOHN ST ", "SCHOOL_TYPE_DESC": "Private", "ADDRESS_POINT_ID": 13972613, "ADDRESS_NUMBER": "4", "LINEAR_NAME_FULL": "John St", "ADDRESS_FULL": "4 John St", "POSTAL_CODE": "M9N 1J3", "MUNICIPALITY": "YK", "CITY": "YK", "PLACE_NAME": "None", "GENERAL_USE_CODE": 115001, "CENTRELINE_ID": 20055090, "LO_NUM": 4, "LO_NUM_SUF": "None", "HI_NUM": null, "HI_NUM_SUF": "None", "LINEAR_NAME_ID": 9831.0 }, "geometry": { "type": "MultiPoint", "coordinates": [ [ -79.517702018715397, 43.701025382195198 ] ] } },
{ "type": "Feature", "properties": { "_id": 370, "OBJECTID": 469, "GEO_ID": 807559.0, "NAME": "GARDEN AVENUE JR PUBLIC SCHOOL", "SCHOOL_LEVEL": "None", "SCHOOL_TYPE": "EP", "BOARD_NAME": "Toronto District School Board", "SOURCE_ADDRESS": "225 GARDEN AVE ", "SCHOOL_TYPE_DESC": "English Public", "ADDRESS_POINT_ID": 807559, "ADDRESS_NUMBER": "225", "LINEAR_NAME_FULL": "Garden Ave", "ADDRESS_FULL": "225 Garden Ave", "POSTAL_CODE": "M6R 1H9", "MUNICIPALITY": "TO", "CITY": "TO", "PLACE_NAME": "Garden Avenue Junior Public School", "GENERAL_USE_CODE": 115001, "CENTRELINE_ID": 14017612, "LO_NUM": 225, "LO_NUM_SUF": "None", "HI_NUM": null, "HI_NUM_SUF": "None", "LINEAR_NAME_ID": 9807.0 }, "geometry": { "type": "MultiPoint", "coordinates": [ [ -79.449123701907396, 43.643200097776699 ] ] } },
{ "type": "Feature", "properties": { "_id": 371, "OBJECTID": 470, "GEO_ID": 8929147.0, "NAME": "GATEWAY PUBLIC SCHOOL", "SCHOOL_LEVEL": "None", "SCHOOL_TYPE": "EP", "BOARD_NAME": "Toronto District School Board", "SOURCE_ADDRESS": "55 GATEWAY BLVD ", "SCHOOL_TYPE_DESC": "English Public", "ADDRESS_POINT_ID": 8929147, "ADDRESS_NUMBER": "55", "LINEAR_NAME_FULL": "Gateway Blvd", "ADDRESS_FULL": "55 Gateway Blvd", "POSTAL_CODE": "M3C 1B4", "MUNICIPALITY": "NY", "CITY": "NY", "PLACE_NAME": "Gateway Public School", "GENERAL_USE_CODE": 115001, "CENTRELINE_ID": 8929149, "LO_NUM": 55, "LO_NUM_SUF": "None", "HI_NUM": null, "HI_NUM_SUF": "None", "LINEAR_NAME_ID": 5672.0 }, "geometry": { "type": "MultiPoint", "coordinates": [ [ -79.331009153319499, 43.711726223435598 ] ] } },
{ "type": "Feature", "properties": { "_id": 372, "OBJECTID": 471, "GEO_ID": 319504.0, "NAME": "GENERAL BROCK PUBLIC SCHOOL ", "SCHOOL_LEVEL": "None", "SCHOOL_TYPE": "EP", "BOARD_NAME": "Toronto District School Board", "SOURCE_ADDRESS": "140 CHESTNUT CRES ", "SCHOOL_TYPE_DESC": "English Public", "ADDRESS_POINT_ID": 319504, "ADDRESS_NUMBER": "140", "LINEAR_NAME_FULL": "Chestnut Cres", "ADDRESS_FULL": "140 Chestnut Cres", "POSTAL_CODE": "M1L 1Y5", "MUNICIPALITY": "SC", "CITY": "SC", "PLACE_NAME": "General Brock Public School", "GENERAL_USE_CODE": 115001, "CENTRELINE_ID": 30055414, "LO_NUM": 140, "LO_NUM_SUF": "None", "HI_NUM": null, "HI_NUM_SUF": "None", "LINEAR_NAME_ID": 7580.0 }, "geometry": { "type": "MultiPoint", "coordinates": [ [ -79.274590213528896, 43.7185070990624 ] ] } },
{ "type": "Feature", "properties": { "_id": 373, "OBJECTID": 472, "GEO_ID": 4605063.0, "NAME": "GENERAL CRERAR PUBLIC SCHOOL", "SCHOOL_LEVEL": "None", "SCHOOL_TYPE": "EP", "BOARD_NAME": "Toronto District School Board", "SOURCE_ADDRESS": "30 MCGREGOR RD ", "SCHOOL_TYPE_DESC": "English Public", "ADDRESS_POINT_ID": 4605063, "ADDRESS_NUMBER": "30", "LINEAR_NAME_FULL": "McGregor Rd", "ADDRESS_FULL": "30 McGregor Rd", "POSTAL_CODE": "M1P 1C8", "MUNICIPALITY": "SC", "CITY": "SC", "PLACE_NAME": "General Crerar Public School", "GENERAL_USE_CODE": 115001, "CENTRELINE_ID": 14668247, "LO_NUM": 30, "LO_NUM_SUF": "None", "HI_NUM": null, "HI_NUM_SUF": "None", "LINEAR_NAME_ID": 8460.0 }, "geometry": { "type": "MultiPoint", "coordinates": [ [ -79.279577661980795, 43.745686765499897 ] ] } },
{ "type": "Feature", "properties": { "_id": 374, "OBJECTID": 473, "GEO_ID": 877576.0, "NAME": "GENERAL MERCER JR PUBLIC SCHOOL ", "SCHOOL_LEVEL": "None", "SCHOOL_TYPE": "EP", "BOARD_NAME": "Toronto District School Board", "SOURCE_ADDRESS": "30 TURNBERRY AVE ", "SCHOOL_TYPE_DESC": "English Public", "ADDRESS_POINT_ID": 877576, "ADDRESS_NUMBER": "30", "LINEAR_NAME_FULL": "Turnberry Ave", "ADDRESS_FULL": "30 Turnberry Ave", "POSTAL_CODE": "M6N 1P8", "MUNICIPALITY": "TO", "CITY": "TO", "PLACE_NAME": "General Mercer Junior Public School", "GENERAL_USE_CODE": 115001, "CENTRELINE_ID": 1140783, "LO_NUM": 30, "LO_NUM_SUF": "None", "HI_NUM": null, "HI_NUM_SUF": "None", "LINEAR_NAME_ID": 4576.0 }, "geometry": { "type": "MultiPoint", "coordinates": [ [ -79.464022979262296, 43.678930671156898 ] ] } },
{ "type": "Feature", "properties": { "_id": 375, "OBJECTID": 474, "GEO_ID": 519441.0, "NAME": "GEORGE ANDERSON PUBLIC SCHOOL ", "SCHOOL_LEVEL": "None", "SCHOOL_TYPE": "EP", "BOARD_NAME": "Toronto District School Board", "SOURCE_ADDRESS": "30 GEORGE ANDERSON DR ", "SCHOOL_TYPE_DESC": "English Public", "ADDRESS_POINT_ID": 519441, "ADDRESS_NUMBER": "30", "LINEAR_NAME_FULL": "George Anderson Dr", "ADDRESS_FULL": "30 George Anderson Dr", "POSTAL_CODE": "M6M 2Y8", "MUNICIPALITY": "NY", "CITY": "NY", "PLACE_NAME": "George Anderson Public School", "GENERAL_USE_CODE": 115001, "CENTRELINE_ID": 446465, "LO_NUM": 30, "LO_NUM_SUF": "None", "HI_NUM": null, "HI_NUM_SUF": "None", "LINEAR_NAME_ID": 5677.0 }, "geometry": { "type": "MultiPoint", "coordinates": [ [ -79.478948060833503, 43.705453532976698 ] ] } },
{ "type": "Feature", "properties": { "_id": 376, "OBJECTID": 475, "GEO_ID": 369629.0, "NAME": "GEORGE B LITTLE PUBLIC SCHOOL", "SCHOOL_LEVEL": "None", "SCHOOL_TYPE": "EP", "BOARD_NAME": "Toronto District School Board", "SOURCE_ADDRESS": "125 ORTON PARK RD ", "SCHOOL_TYPE_DESC": "English Public", "ADDRESS_POINT_ID": 369629, "ADDRESS_NUMBER": "125", "LINEAR_NAME_FULL": "Orton Park Rd", "ADDRESS_FULL": "125 Orton Park Rd", "POSTAL_CODE": "M1G 3G9", "MUNICIPALITY": "SC", "CITY": "SC", "PLACE_NAME": "George B Little Public School", "GENERAL_USE_CODE": 115001, "CENTRELINE_ID": 108136, "LO_NUM": 125, "LO_NUM_SUF": "None", "HI_NUM": null, "HI_NUM_SUF": "None", "LINEAR_NAME_ID": 8622.0 }, "geometry": { "type": "MultiPoint", "coordinates": [ [ -79.208110457510699, 43.771199411363703 ] ] } },
{ "type": "Feature", "properties": { "_id": 377, "OBJECTID": 476, "GEO_ID": 7994619.0, "NAME": "GEORGE BROWN COLLEGE - CASA LOMA CAMPUS", "SCHOOL_LEVEL": "None", "SCHOOL_TYPE": "C", "BOARD_NAME": "None", "SOURCE_ADDRESS": "160 KENDAL AVE ", "SCHOOL_TYPE_DESC": "College", "ADDRESS_POINT_ID": 7994619, "ADDRESS_NUMBER": "160", "LINEAR_NAME_FULL": "Kendal Ave", "ADDRESS_FULL": "160 Kendal Ave", "POSTAL_CODE": "M5R 1M3", "MUNICIPALITY": "TO", "CITY": "TO", "PLACE_NAME": "None", "GENERAL_USE_CODE": 115001, "CENTRELINE_ID": 7994616, "LO_NUM": 160, "LO_NUM_SUF": "None", "HI_NUM": null, "HI_NUM_SUF": "None", "LINEAR_NAME_ID": 3762.0 }, "geometry": { "type": "MultiPoint", "coordinates": [ [ -79.411045415914998, 43.676012343115502 ] ] } },
{ "type": "Feature", "properties": { "_id": 378, "OBJECTID": 477, "GEO_ID": 828085.0, "NAME": "GEORGE BROWN COLLEGE - ST JAMES CAMPUS", "SCHOOL_LEVEL": "None", "SCHOOL_TYPE": "C", "BOARD_NAME": "None", "SOURCE_ADDRESS": "200 KING ST E", "SCHOOL_TYPE_DESC": "College", "ADDRESS_POINT_ID": 828085, "ADDRESS_NUMBER": "200", "LINEAR_NAME_FULL": "King St E", "ADDRESS_FULL": "200 King St E", "POSTAL_CODE": "M5A 3W8", "MUNICIPALITY": "TO", "CITY": "TO", "PLACE_NAME": "None", "GENERAL_USE_CODE": 115001, "CENTRELINE_ID": 1145266, "LO_NUM": 200, "LO_NUM_SUF": "None", "HI_NUM": null, "HI_NUM_SUF": "None", "LINEAR_NAME_ID": 3779.0 }, "geometry": { "type": "MultiPoint", "coordinates": [ [ -79.370185649498097, 43.651100464218999 ] ] } },
{ "type": "Feature", "properties": { "_id": 379, "OBJECTID": 478, "GEO_ID": 30017891.0, "NAME": "GEORGE BROWN COLLEGE - WATERFRONT CAMPUS", "SCHOOL_LEVEL": "None", "SCHOOL_TYPE": "C", "BOARD_NAME": "None", "SOURCE_ADDRESS": "51 DOCKSIDE DR ", "SCHOOL_TYPE_DESC": "College", "ADDRESS_POINT_ID": 30017891, "ADDRESS_NUMBER": "51", "LINEAR_NAME_FULL": "Dockside Dr", "ADDRESS_FULL": "51 Dockside Dr", "POSTAL_CODE": "M5A 0B6", "MUNICIPALITY": "TO", "CITY": "TO", "PLACE_NAME": "George Brown College", "GENERAL_USE_CODE": 115001, "CENTRELINE_ID": 30017866, "LO_NUM": 51, "LO_NUM_SUF": "None", "HI_NUM": null, "HI_NUM_SUF": "None", "LINEAR_NAME_ID": 19432.0 }, "geometry": { "type": "MultiPoint", "coordinates": [ [ -79.365469492591998, 43.643938782449098 ] ] } },
{ "type": "Feature", "properties": { "_id": 380, "OBJECTID": 479, "GEO_ID": 30032214.0, "NAME": "GEORGE BROWN COLLEGE - YOUNG CENTRE FOR THE PERFORMING ARTS", "SCHOOL_LEVEL": "None", "SCHOOL_TYPE": "C", "BOARD_NAME": "None", "SOURCE_ADDRESS": "50 TANK HOUSE LANE ", "SCHOOL_TYPE_DESC": "College", "ADDRESS_POINT_ID": 30032214, "ADDRESS_NUMBER": "50", "LINEAR_NAME_FULL": "Tank House Lane", "ADDRESS_FULL": "50 Tank House Lane", "POSTAL_CODE": "M5A 3C4", "MUNICIPALITY": "TO", "CITY": "TO", "PLACE_NAME": "None", "GENERAL_USE_CODE": 115001, "CENTRELINE_ID": 30029446, "LO_NUM": 50, "LO_NUM_SUF": "None", "HI_NUM": null, "HI_NUM_SUF": "None", "LINEAR_NAME_ID": 19560.0 }, "geometry": { "type": "MultiPoint", "coordinates": [ [ -79.357458675326995, 43.650850925833304 ] ] } },
{ "type": "Feature", "properties": { "_id": 381, "OBJECTID": 480, "GEO_ID": 343513.0, "NAME": "GEORGE P MACKIE JR PUBLIC SCHOOL ", "SCHOOL_LEVEL": "None", "SCHOOL_TYPE": "EP", "BOARD_NAME": "Toronto District School Board", "SOURCE_ADDRESS": "60 HEATHFIELD DR ", "SCHOOL_TYPE_DESC": "English Public", "ADDRESS_POINT_ID": 343513, "ADDRESS_NUMBER": "60", "LINEAR_NAME_FULL": "Heathfield Dr", "ADDRESS_FULL": "60 Heathfield Dr", "POSTAL_CODE": "M1M 3B1", "MUNICIPALITY": "SC", "CITY": "SC", "PLACE_NAME": "George P Mackie Junior Public School", "GENERAL_USE_CODE": 115001, "CENTRELINE_ID": 110851, "LO_NUM": 60, "LO_NUM_SUF": "None", "HI_NUM": null, "HI_NUM_SUF": "None", "LINEAR_NAME_ID": 8089.0 }, "geometry": { "type": "MultiPoint", "coordinates": [ [ -79.211993972512801, 43.739327308107903 ] ] } },
{ "type": "Feature", "properties": { "_id": 382, "OBJECTID": 481, "GEO_ID": 396495.0, "NAME": "GEORGE PECK PUBLIC SCHOOL", "SCHOOL_LEVEL": "None", "SCHOOL_TYPE": "EP", "BOARD_NAME": "Toronto District School Board", "SOURCE_ADDRESS": "1 WAYNE AVE ", "SCHOOL_TYPE_DESC": "English Public", "ADDRESS_POINT_ID": 396495, "ADDRESS_NUMBER": "1", "LINEAR_NAME_FULL": "Wayne Ave", "ADDRESS_FULL": "1 Wayne Ave", "POSTAL_CODE": "M1R 1Y1", "MUNICIPALITY": "SC", "CITY": "SC", "PLACE_NAME": "George Peck Public School", "GENERAL_USE_CODE": 115001, "CENTRELINE_ID": 110941, "LO_NUM": 1, "LO_NUM_SUF": "None", "HI_NUM": null, "HI_NUM_SUF": "None", "LINEAR_NAME_ID": 9197.0 }, "geometry": { "type": "MultiPoint", "coordinates": [ [ -79.293635194535398, 43.738258475353497 ] ] } },
{ "type": "Feature", "properties": { "_id": 383, "OBJECTID": 482, "GEO_ID": 1018182.0, "NAME": "GEORGE R GAULD JR SCHOOL ", "SCHOOL_LEVEL": "None", "SCHOOL_TYPE": "EP", "BOARD_NAME": "Toronto District School Board", "SOURCE_ADDRESS": "200 MELROSE ST ", "SCHOOL_TYPE_DESC": "English Public", "ADDRESS_POINT_ID": 1018182, "ADDRESS_NUMBER": "200", "LINEAR_NAME_FULL": "Melrose St", "ADDRESS_FULL": "200 Melrose St", "POSTAL_CODE": "M8Y 1B7", "MUNICIPALITY": "ET", "CITY": "ET", "PLACE_NAME": "George R Gauld Junior School", "GENERAL_USE_CODE": 115001, "CENTRELINE_ID": 913522, "LO_NUM": 200, "LO_NUM_SUF": "None", "HI_NUM": null, "HI_NUM_SUF": "None", "LINEAR_NAME_ID": 2097.0 }, "geometry": { "type": "MultiPoint", "coordinates": [ [ -79.498405687125, 43.620566267578297 ] ] } },
{ "type": "Feature", "properties": { "_id": 384, "OBJECTID": 483, "GEO_ID": 8824026.0, "NAME": "GEORGE S HENRY ACADEMY", "SCHOOL_LEVEL": "None", "SCHOOL_TYPE": "EP", "BOARD_NAME": "Toronto District School Board", "SOURCE_ADDRESS": "200 GRAYDON HALL DR ", "SCHOOL_TYPE_DESC": "English Public", "ADDRESS_POINT_ID": 8824026, "ADDRESS_NUMBER": "200", "LINEAR_NAME_FULL": "Graydon Hall Dr", "ADDRESS_FULL": "200 Graydon Hall Dr", "POSTAL_CODE": "M3A 3A6", "MUNICIPALITY": "NY", "CITY": "NY", "PLACE_NAME": "George S Henry Academy", "GENERAL_USE_CODE": 115001, "CENTRELINE_ID": 30058565, "LO_NUM": 200, "LO_NUM_SUF": "None", "HI_NUM": null, "HI_NUM_SUF": "None", "LINEAR_NAME_ID": 5741.0 }, "geometry": { "type": "MultiPoint", "coordinates": [ [ -79.339920028493594, 43.764359963677698 ] ] } },
{ "type": "Feature", "properties": { "_id": 385, "OBJECTID": 484, "GEO_ID": 9523611.0, "NAME": "GEORGE SYME COMMUNITY SCHOOL", "SCHOOL_LEVEL": "None", "SCHOOL_TYPE": "EP", "BOARD_NAME": "Toronto District School Board", "SOURCE_ADDRESS": "69 PRITCHARD AVE ", "SCHOOL_TYPE_DESC": "English Public", "ADDRESS_POINT_ID": 9523611, "ADDRESS_NUMBER": "69", "LINEAR_NAME_FULL": "Pritchard Ave", "ADDRESS_FULL": "69 Pritchard Ave", "POSTAL_CODE": "M6N 1T6", "MUNICIPALITY": "YK", "CITY": "YK", "PLACE_NAME": "George Syme Community School", "GENERAL_USE_CODE": 115001, "CENTRELINE_ID": 9523610, "LO_NUM": 69, "LO_NUM_SUF": "None", "HI_NUM": null, "HI_NUM_SUF": "None", "LINEAR_NAME_ID": 825.0 }, "geometry": { "type": "MultiPoint", "coordinates": [ [ -79.491126770757006, 43.669251382992798 ] ] } },
{ "type": "Feature", "properties": { "_id": 386, "OBJECTID": 485, "GEO_ID": 30091787.0, "NAME": "GEORGE WEBSTER ELEMENTARY SCHOOL ", "SCHOOL_LEVEL": "None", "SCHOOL_TYPE": "EP", "BOARD_NAME": "Toronto District School Board", "SOURCE_ADDRESS": "50 CHAPMAN AVE ", "SCHOOL_TYPE_DESC": "English Public", "ADDRESS_POINT_ID": 30091787, "ADDRESS_NUMBER": "50", "LINEAR_NAME_FULL": "Chapman Ave", "ADDRESS_FULL": "50 Chapman Ave", "POSTAL_CODE": "M4B 1C5", "MUNICIPALITY": "EY", "CITY": "EY", "PLACE_NAME": "George Webster Elementary School", "GENERAL_USE_CODE": 115001, "CENTRELINE_ID": 30139815, "LO_NUM": 50, "LO_NUM_SUF": "None", "HI_NUM": null, "HI_NUM_SUF": "None", "LINEAR_NAME_ID": 59.0 }, "geometry": { "type": "MultiPoint", "coordinates": [ [ -79.299760623824994, 43.701048898845301 ] ] } },
{ "type": "Feature", "properties": { "_id": 387, "OBJECTID": 486, "GEO_ID": 807027.0, "NAME": "GEORGES ETIENNE CARTIER CATHOLIC ELEMENTARY SCHOOL", "SCHOOL_LEVEL": "None", "SCHOOL_TYPE": "FS", "BOARD_NAME": "Conseil scolaire de district catholique Centre-Sud", "SOURCE_ADDRESS": "250 GAINSBOROUGH RD ", "SCHOOL_TYPE_DESC": "French Separate", "ADDRESS_POINT_ID": 807027, "ADDRESS_NUMBER": "250", "LINEAR_NAME_FULL": "Gainsborough Rd", "ADDRESS_FULL": "250 Gainsborough Rd", "POSTAL_CODE": "M4L 3C6", "MUNICIPALITY": "TO", "CITY": "TO", "PLACE_NAME": "Georges Etienne Cartier Catholic Elementary School", "GENERAL_USE_CODE": 115001, "CENTRELINE_ID": 1140857, "LO_NUM": 250, "LO_NUM_SUF": "None", "HI_NUM": null, "HI_NUM_SUF": "None", "LINEAR_NAME_ID": 3475.0 }, "geometry": { "type": "MultiPoint", "coordinates": [ [ -79.319473111959695, 43.677903885384403 ] ] } },
{ "type": "Feature", "properties": { "_id": 388, "OBJECTID": 487, "GEO_ID": 6738446.0, "NAME": "GEORGES VANIER SECONDARY SCHOOL ", "SCHOOL_LEVEL": "None", "SCHOOL_TYPE": "EP", "BOARD_NAME": "Toronto District School Board", "SOURCE_ADDRESS": "3000 DON MILLS RD E", "SCHOOL_TYPE_DESC": "English Public", "ADDRESS_POINT_ID": 6738446, "ADDRESS_NUMBER": "3000", "LINEAR_NAME_FULL": "Don Mills Rd E", "ADDRESS_FULL": "3000 Don Mills Rd E", "POSTAL_CODE": "M2J 3B6", "MUNICIPALITY": "NY", "CITY": "NY", "PLACE_NAME": "Georges Vanier Secondary School", "GENERAL_USE_CODE": 115001, "CENTRELINE_ID": 30044624, "LO_NUM": 3000, "LO_NUM_SUF": "None", "HI_NUM": null, "HI_NUM_SUF": "None", "LINEAR_NAME_ID": 5398.0 }, "geometry": { "type": "MultiPoint", "coordinates": [ [ -79.350906385967207, 43.783117228443899 ] ] } },
{ "type": "Feature", "properties": { "_id": 389, "OBJECTID": 488, "GEO_ID": 7163838.0, "NAME": "GERMAN INTERNATIONAL SCHOOL TORONTO", "SCHOOL_LEVEL": "None", "SCHOOL_TYPE": "PR", "BOARD_NAME": "None", "SOURCE_ADDRESS": "25 BURNHAMTHORPE RD ", "SCHOOL_TYPE_DESC": "Private", "ADDRESS_POINT_ID": 7163838, "ADDRESS_NUMBER": "25", "LINEAR_NAME_FULL": "Burnhamthorpe Rd", "ADDRESS_FULL": "25 Burnhamthorpe Rd", "POSTAL_CODE": "M9A 1G9", "MUNICIPALITY": "ET", "CITY": "ET", "PLACE_NAME": "Islington United Church", "GENERAL_USE_CODE": 115001, "CENTRELINE_ID": 20029651, "LO_NUM": 25, "LO_NUM_SUF": "None", "HI_NUM": null, "HI_NUM_SUF": "None", "LINEAR_NAME_ID": 1266.0 }, "geometry": { "type": "MultiPoint", "coordinates": [ [ -79.529928495551204, 43.649557633028202 ] ] } },
{ "type": "Feature", "properties": { "_id": 390, "OBJECTID": 489, "GEO_ID": 7561057.0, "NAME": "GIBRALTAR LEADERSHIP ACADEMY SCHOOL", "SCHOOL_LEVEL": "None", "SCHOOL_TYPE": "PR", "BOARD_NAME": "None", "SOURCE_ADDRESS": "431 NUGGET AVE ", "SCHOOL_TYPE_DESC": "Private", "ADDRESS_POINT_ID": 7561057, "ADDRESS_NUMBER": "431", "LINEAR_NAME_FULL": "Nugget Ave", "ADDRESS_FULL": "431 Nugget Ave", "POSTAL_CODE": "M1S 4J5", "MUNICIPALITY": "SC", "CITY": "SC", "PLACE_NAME": "None", "GENERAL_USE_CODE": 115001, "CENTRELINE_ID": 7561024, "LO_NUM": 431, "LO_NUM_SUF": "None", "HI_NUM": null, "HI_NUM_SUF": "None", "LINEAR_NAME_ID": 11074.0 }, "geometry": { "type": "MultiPoint", "coordinates": [ [ -79.243052879887699, 43.797756926558897 ] ] } },
{ "type": "Feature", "properties": { "_id": 391, "OBJECTID": 490, "GEO_ID": 30029294.0, "NAME": "GIVINS SHAW JR PUBLIC SCHOOL ", "SCHOOL_LEVEL": "None", "SCHOOL_TYPE": "EP", "BOARD_NAME": "Toronto District School Board", "SOURCE_ADDRESS": "49 GIVINS ST ", "SCHOOL_TYPE_DESC": "English Public", "ADDRESS_POINT_ID": 30029294, "ADDRESS_NUMBER": "49", "LINEAR_NAME_FULL": "Givins St", "ADDRESS_FULL": "49 Givins St", "POSTAL_CODE": "M6J 2X5", "MUNICIPALITY": "TO", "CITY": "TO", "PLACE_NAME": "Givins/Shaw Junior Public School", "GENERAL_USE_CODE": 115001, "CENTRELINE_ID": 11180398, "LO_NUM": 49, "LO_NUM_SUF": "None", "HI_NUM": null, "HI_NUM_SUF": "None", "LINEAR_NAME_ID": 3505.0 }, "geometry": { "type": "MultiPoint", "coordinates": [ [ -79.417686470958103, 43.646216613937 ] ] } },
{ "type": "Feature", "properties": { "_id": 392, "OBJECTID": 491, "GEO_ID": 302317.0, "NAME": "GLAMORGAN JR PUBLIC SCHOOL", "SCHOOL_LEVEL": "None", "SCHOOL_TYPE": "EP", "BOARD_NAME": "Toronto District School Board", "SOURCE_ADDRESS": "51 ANTRIM CRES ", "SCHOOL_TYPE_DESC": "English Public", "ADDRESS_POINT_ID": 302317, "ADDRESS_NUMBER": "51", "LINEAR_NAME_FULL": "Antrim Cres", "ADDRESS_FULL": "51 Antrim Cres", "POSTAL_CODE": "M1P 4N4", "MUNICIPALITY": "SC", "CITY": "SC", "PLACE_NAME": "Glamorgan Junior Public School", "GENERAL_USE_CODE": 115001, "CENTRELINE_ID": 107996, "LO_NUM": 51, "LO_NUM_SUF": "None", "HI_NUM": null, "HI_NUM_SUF": "None", "LINEAR_NAME_ID": 7216.0 }, "geometry": { "type": "MultiPoint", "coordinates": [ [ -79.289553831811304, 43.771300310916203 ] ] } },
{ "type": "Feature", "properties": { "_id": 393, "OBJECTID": 492, "GEO_ID": 10080042.0, "NAME": "GLEDHILL JR PUBLIC SCHOOL", "SCHOOL_LEVEL": "None", "SCHOOL_TYPE": "EP", "BOARD_NAME": "Toronto District School Board", "SOURCE_ADDRESS": "2 GLEDHILL AVE ", "SCHOOL_TYPE_DESC": "English Public", "ADDRESS_POINT_ID": 10080042, "ADDRESS_NUMBER": "2", "LINEAR_NAME_FULL": "Gledhill Ave", "ADDRESS_FULL": "2 Gledhill Ave", "POSTAL_CODE": "M4C 5K6", "MUNICIPALITY": "EY", "CITY": "EY", "PLACE_NAME": "Gledhill Junior Public School, Terry Fox Recreation Centre", "GENERAL_USE_CODE": 115001, "CENTRELINE_ID": 10080038, "LO_NUM": 2, "LO_NUM_SUF": "None", "HI_NUM": null, "HI_NUM_SUF": "None", "LINEAR_NAME_ID": 159.0 }, "geometry": { "type": "MultiPoint", "coordinates": [ [ -79.309286465949299, 43.687548330685402 ] ] } },
{ "type": "Feature", "properties": { "_id": 394, "OBJECTID": 493, "GEO_ID": 8236855.0, "NAME": "GLEN AMES SR PUBLIC SCHOOL", "SCHOOL_LEVEL": "None", "SCHOOL_TYPE": "EP", "BOARD_NAME": "Toronto District School Board", "SOURCE_ADDRESS": "18 WILLIAMSON RD ", "SCHOOL_TYPE_DESC": "English Public", "ADDRESS_POINT_ID": 8236855, "ADDRESS_NUMBER": "18", "LINEAR_NAME_FULL": "Williamson Rd", "ADDRESS_FULL": "18 Williamson Rd", "POSTAL_CODE": "M4E 1K5", "MUNICIPALITY": "TO", "CITY": "TO", "PLACE_NAME": "Glen Ames Senior Public School", "GENERAL_USE_CODE": 115001, "CENTRELINE_ID": 8236854, "LO_NUM": 18, "LO_NUM_SUF": "None", "HI_NUM": null, "HI_NUM_SUF": "None", "LINEAR_NAME_ID": 4686.0 }, "geometry": { "type": "MultiPoint", "coordinates": [ [ -79.298442190958298, 43.674148861500903 ] ] } },
{ "type": "Feature", "properties": { "_id": 395, "OBJECTID": 494, "GEO_ID": 576050.0, "NAME": "GLEN BRIAR ACADEMY ELEMENTARY SCHOOL", "SCHOOL_LEVEL": "None", "SCHOOL_TYPE": "PR", "BOARD_NAME": "None", "SOURCE_ADDRESS": "210 WILSON AVE ", "SCHOOL_TYPE_DESC": "Private", "ADDRESS_POINT_ID": 576050, "ADDRESS_NUMBER": "210", "LINEAR_NAME_FULL": "Wilson Ave", "ADDRESS_FULL": "210 Wilson Ave", "POSTAL_CODE": "M5M 3B1", "MUNICIPALITY": "NY", "CITY": "NY", "PLACE_NAME": "Temple Sinai Synagogue", "GENERAL_USE_CODE": 115001, "CENTRELINE_ID": 442636, "LO_NUM": 210, "LO_NUM_SUF": "None", "HI_NUM": null, "HI_NUM_SUF": "None", "LINEAR_NAME_ID": 4693.0 }, "geometry": { "type": "MultiPoint", "coordinates": [ [ -79.425556310673102, 43.739605355260203 ] ] } },
{ "type": "Feature", "properties": { "_id": 396, "OBJECTID": 495, "GEO_ID": 14038150.0, "NAME": "GLEN PARK PUBLIC SCHOOL ", "SCHOOL_LEVEL": "None", "SCHOOL_TYPE": "EP", "BOARD_NAME": "Toronto District School Board", "SOURCE_ADDRESS": "101 ENGLEMOUNT AVE ", "SCHOOL_TYPE_DESC": "English Public", "ADDRESS_POINT_ID": 14038150, "ADDRESS_NUMBER": "101", "LINEAR_NAME_FULL": "Englemount Ave", "ADDRESS_FULL": "101 Englemount Ave", "POSTAL_CODE": "M6B 4L5", "MUNICIPALITY": "NY", "CITY": "NY", "PLACE_NAME": "Glen Park Public School", "GENERAL_USE_CODE": 115001, "CENTRELINE_ID": 445733, "LO_NUM": 101, "LO_NUM_SUF": "None", "HI_NUM": null, "HI_NUM_SUF": "None", "LINEAR_NAME_ID": 5517.0 }, "geometry": { "type": "MultiPoint", "coordinates": [ [ -79.435747326160595, 43.713223824735401 ] ] } },
{ "type": "Feature", "properties": { "_id": 397, "OBJECTID": 496, "GEO_ID": 9086409.0, "NAME": "GLEN RAVINE JR PUBLIC SCHOOL", "SCHOOL_LEVEL": "None", "SCHOOL_TYPE": "EP", "BOARD_NAME": "Toronto District School Board", "SOURCE_ADDRESS": "11 GADSBY DR ", "SCHOOL_TYPE_DESC": "English Public", "ADDRESS_POINT_ID": 9086409, "ADDRESS_NUMBER": "11", "LINEAR_NAME_FULL": "Gadsby Dr", "ADDRESS_FULL": "11 Gadsby Dr", "POSTAL_CODE": "M1K 4V4", "MUNICIPALITY": "SC", "CITY": "SC", "PLACE_NAME": "Glen Ravine Junior Public School", "GENERAL_USE_CODE": 115001, "CENTRELINE_ID": 9086406, "LO_NUM": 11, "LO_NUM_SUF": "None", "HI_NUM": null, "HI_NUM_SUF": "None", "LINEAR_NAME_ID": 7942.0 }, "geometry": { "type": "MultiPoint", "coordinates": [ [ -79.254058945428199, 43.738224627219601 ] ] } },
{ "type": "Feature", "properties": { "_id": 398, "OBJECTID": 497, "GEO_ID": 862164.0, "NAME": "GLENVIEW SR PUBLIC SCHOOL", "SCHOOL_LEVEL": "None", "SCHOOL_TYPE": "EP", "BOARD_NAME": "Toronto District School Board", "SOURCE_ADDRESS": "401 ROSEWELL AVE ", "SCHOOL_TYPE_DESC": "English Public", "ADDRESS_POINT_ID": 862164, "ADDRESS_NUMBER": "401", "LINEAR_NAME_FULL": "Rosewell Ave", "ADDRESS_FULL": "401 Rosewell Ave", "POSTAL_CODE": "M4R 2B5", "MUNICIPALITY": "TO", "CITY": "TO", "PLACE_NAME": "Glenview Senior Public School", "GENERAL_USE_CODE": 115001, "CENTRELINE_ID": 14662186, "LO_NUM": 401, "LO_NUM_SUF": "None", "HI_NUM": null, "HI_NUM_SUF": "None", "LINEAR_NAME_ID": 4323.0 }, "geometry": { "type": "MultiPoint", "coordinates": [ [ -79.409524700301006, 43.719976443472198 ] ] } },
{ "type": "Feature", "properties": { "_id": 399, "OBJECTID": 498, "GEO_ID": 383209.0, "NAME": "GOLF ROAD JR PUBLIC SCHOOL ", "SCHOOL_LEVEL": "None", "SCHOOL_TYPE": "EP", "BOARD_NAME": "Toronto District School Board", "SOURCE_ADDRESS": "730 SCARBOROUGH GOLF CLUB RD ", "SCHOOL_TYPE_DESC": "English Public", "ADDRESS_POINT_ID": 383209, "ADDRESS_NUMBER": "730", "LINEAR_NAME_FULL": "Scarborough Golf Club Rd", "ADDRESS_FULL": "730 Scarborough Golf Club Rd", "POSTAL_CODE": "M1G 1H7", "MUNICIPALITY": "SC", "CITY": "SC", "PLACE_NAME": "Golf Road Junior Public School", "GENERAL_USE_CODE": 115001, "CENTRELINE_ID": 108906, "LO_NUM": 730, "LO_NUM_SUF": "None", "HI_NUM": null, "HI_NUM_SUF": "None", "LINEAR_NAME_ID": 8891.0 }, "geometry": { "type": "MultiPoint", "coordinates": [ [ -79.216887672956801, 43.763903609821902 ] ] } },
{ "type": "Feature", "properties": { "_id": 400, "OBJECTID": 499, "GEO_ID": 6427428.0, "NAME": "GORDON A BROWN MDL SCHOOL", "SCHOOL_LEVEL": "None", "SCHOOL_TYPE": "EP", "BOARD_NAME": "Toronto District School Board", "SOURCE_ADDRESS": "2800 ST CLAIR AVE E", "SCHOOL_TYPE_DESC": "English Public", "ADDRESS_POINT_ID": 6427428, "ADDRESS_NUMBER": "2800", "LINEAR_NAME_FULL": "St Clair Ave E", "ADDRESS_FULL": "2800 St Clair Ave E", "POSTAL_CODE": "M4B 1N2", "MUNICIPALITY": "EY", "CITY": "EY", "PLACE_NAME": "Gordon A. Brown Middle School", "GENERAL_USE_CODE": 115001, "CENTRELINE_ID": 6427437, "LO_NUM": 2800, "LO_NUM_SUF": "None", "HI_NUM": null, "HI_NUM_SUF": "None", "LINEAR_NAME_ID": 339.0 }, "geometry": { "type": "MultiPoint", "coordinates": [ [ -79.305370291427593, 43.707534131345 ] ] } },
{ "type": "Feature", "properties": { "_id": 401, "OBJECTID": 500, "GEO_ID": 11267530.0, "NAME": "GOSFORD PUBLIC SCHOOL", "SCHOOL_LEVEL": "None", "SCHOOL_TYPE": "EP", "BOARD_NAME": "Toronto District School Board", "SOURCE_ADDRESS": "30 GOSFORD BLVD ", "SCHOOL_TYPE_DESC": "English Public", "ADDRESS_POINT_ID": 11267530, "ADDRESS_NUMBER": "30", "LINEAR_NAME_FULL": "Gosford Blvd", "ADDRESS_FULL": "30 Gosford Blvd", "POSTAL_CODE": "M3N 2G8", "MUNICIPALITY": "NY", "CITY": "NY", "PLACE_NAME": "Gosford Public School", "GENERAL_USE_CODE": 115001, "CENTRELINE_ID": 11267531, "LO_NUM": 30, "LO_NUM_SUF": "None", "HI_NUM": null, "HI_NUM_SUF": "None", "LINEAR_NAME_ID": 5724.0 }, "geometry": { "type": "MultiPoint", "coordinates": [ [ -79.521324188427101, 43.764318487158498 ] ] } },
{ "type": "Feature", "properties": { "_id": 402, "OBJECTID": 501, "GEO_ID": 10494308.0, "NAME": "GRACEDALE PUBLIC SCHOOL", "SCHOOL_LEVEL": "None", "SCHOOL_TYPE": "EP", "BOARD_NAME": "Toronto District School Board", "SOURCE_ADDRESS": "186 GRACEDALE BLVD ", "SCHOOL_TYPE_DESC": "English Public", "ADDRESS_POINT_ID": 10494308, "ADDRESS_NUMBER": "186", "LINEAR_NAME_FULL": "Gracedale Blvd", "ADDRESS_FULL": "186 Gracedale Blvd", "POSTAL_CODE": "M9L 2C1", "MUNICIPALITY": "NY", "CITY": "NY", "PLACE_NAME": "Gracedale Public School", "GENERAL_USE_CODE": 115001, "CENTRELINE_ID": 10494275, "LO_NUM": 186, "LO_NUM_SUF": "None", "HI_NUM": null, "HI_NUM_SUF": "None", "LINEAR_NAME_ID": 5728.0 }, "geometry": { "type": "MultiPoint", "coordinates": [ [ -79.561842112023299, 43.753197538015002 ] ] } },
{ "type": "Feature", "properties": { "_id": 403, "OBJECTID": 502, "GEO_ID": 10035226.0, "NAME": "GRACEFIELD PUBLIC SCHOOL ", "SCHOOL_LEVEL": "None", "SCHOOL_TYPE": "EP", "BOARD_NAME": "Toronto District School Board", "SOURCE_ADDRESS": "177 GRACEFIELD AVE ", "SCHOOL_TYPE_DESC": "English Public", "ADDRESS_POINT_ID": 10035226, "ADDRESS_NUMBER": "177", "LINEAR_NAME_FULL": "Gracefield Ave", "ADDRESS_FULL": "177 Gracefield Ave", "POSTAL_CODE": "M6L 1L7", "MUNICIPALITY": "NY", "CITY": "NY", "PLACE_NAME": "Gracefield Public School", "GENERAL_USE_CODE": 115001, "CENTRELINE_ID": 30097198, "LO_NUM": 177, "LO_NUM_SUF": "None", "HI_NUM": null, "HI_NUM_SUF": "None", "LINEAR_NAME_ID": 5729.0 }, "geometry": { "type": "MultiPoint", "coordinates": [ [ -79.491406404156194, 43.709018391831997 ] ] } },
{ "type": "Feature", "properties": { "_id": 404, "OBJECTID": 503, "GEO_ID": 7963296.0, "NAME": "GRADALE ACADEMY ELEMENTARY SCHOOL", "SCHOOL_LEVEL": "None", "SCHOOL_TYPE": "PR", "BOARD_NAME": "None", "SOURCE_ADDRESS": "159 ROXBOROUGH DR ", "SCHOOL_TYPE_DESC": "Private", "ADDRESS_POINT_ID": 7963296, "ADDRESS_NUMBER": "159", "LINEAR_NAME_FULL": "Roxborough Dr", "ADDRESS_FULL": "159 Roxborough Dr", "POSTAL_CODE": "M4W 1X7", "MUNICIPALITY": "TO", "CITY": "TO", "PLACE_NAME": "Rosedale United Church", "GENERAL_USE_CODE": 115001, "CENTRELINE_ID": 30040112, "LO_NUM": 159, "LO_NUM_SUF": "None", "HI_NUM": null, "HI_NUM_SUF": "None", "LINEAR_NAME_ID": 4330.0 }, "geometry": { "type": "MultiPoint", "coordinates": [ [ -79.372353009970794, 43.684134169399698 ] ] } },
{ "type": "Feature", "properties": { "_id": 405, "OBJECTID": 504, "GEO_ID": 9178016.0, "NAME": "GREENHOLME JR MDL SCHOOL", "SCHOOL_LEVEL": "None", "SCHOOL_TYPE": "EP", "BOARD_NAME": "Toronto District School Board", "SOURCE_ADDRESS": "10 JAMESTOWN CRES ", "SCHOOL_TYPE_DESC": "English Public", "ADDRESS_POINT_ID": 9178016, "ADDRESS_NUMBER": "10", "LINEAR_NAME_FULL": "Jamestown Cres", "ADDRESS_FULL": "10 Jamestown Cres", "POSTAL_CODE": "M9V 3M5", "MUNICIPALITY": "ET", "CITY": "ET", "PLACE_NAME": "Greenholme Junior Middle School", "GENERAL_USE_CODE": 115001, "CENTRELINE_ID": 30081010, "LO_NUM": 10, "LO_NUM_SUF": "None", "HI_NUM": null, "HI_NUM_SUF": "None", "LINEAR_NAME_ID": 1870.0 }, "geometry": { "type": "MultiPoint", "coordinates": [ [ -79.582908112081995, 43.735071535553601 ] ] } },
{ "type": "Feature", "properties": { "_id": 406, "OBJECTID": 505, "GEO_ID": 13967814.0, "NAME": "GREENLAND PUBLIC SCHOOL", "SCHOOL_LEVEL": "None", "SCHOOL_TYPE": "EP", "BOARD_NAME": "Toronto District School Board", "SOURCE_ADDRESS": "15 GREENLAND RD ", "SCHOOL_TYPE_DESC": "English Public", "ADDRESS_POINT_ID": 13967814, "ADDRESS_NUMBER": "15", "LINEAR_NAME_FULL": "Greenland Rd", "ADDRESS_FULL": "15 Greenland Rd", "POSTAL_CODE": "M3C 1N1", "MUNICIPALITY": "NY", "CITY": "NY", "PLACE_NAME": "Greenland Public School", "GENERAL_USE_CODE": 115001, "CENTRELINE_ID": 443122, "LO_NUM": 15, "LO_NUM_SUF": "None", "HI_NUM": null, "HI_NUM_SUF": "None", "LINEAR_NAME_ID": 5751.0 }, "geometry": { "type": "MultiPoint", "coordinates": [ [ -79.338532930777902, 43.733607037966699 ] ] } },
{ "type": "Feature", "properties": { "_id": 407, "OBJECTID": 506, "GEO_ID": 30055059.0, "NAME": "GREENWOOD COLLEGE SCHOOL", "SCHOOL_LEVEL": "None", "SCHOOL_TYPE": "PR", "BOARD_NAME": "None", "SOURCE_ADDRESS": "443 MOUNT PLEASANT RD ", "SCHOOL_TYPE_DESC": "Private", "ADDRESS_POINT_ID": 30055059, "ADDRESS_NUMBER": "443", "LINEAR_NAME_FULL": "Mount Pleasant Rd", "ADDRESS_FULL": "443 Mount Pleasant Rd", "POSTAL_CODE": "M4S 2L8", "MUNICIPALITY": "TO", "CITY": "TO", "PLACE_NAME": "None", "GENERAL_USE_CODE": 115001, "CENTRELINE_ID": 2326208, "LO_NUM": 443, "LO_NUM_SUF": "None", "HI_NUM": null, "HI_NUM_SUF": "None", "LINEAR_NAME_ID": 4022.0 }, "geometry": { "type": "MultiPoint", "coordinates": [ [ -79.386157925802706, 43.699908101080297 ] ] } },
{ "type": "Feature", "properties": { "_id": 408, "OBJECTID": 507, "GEO_ID": 523752.0, "NAME": "GRENOBLE PUBLIC SCHOOL", "SCHOOL_LEVEL": "None", "SCHOOL_TYPE": "EP", "BOARD_NAME": "Toronto District School Board", "SOURCE_ADDRESS": "9 GRENOBLE DR ", "SCHOOL_TYPE_DESC": "English Public", "ADDRESS_POINT_ID": 523752, "ADDRESS_NUMBER": "9", "LINEAR_NAME_FULL": "Grenoble Dr", "ADDRESS_FULL": "9 Grenoble Dr", "POSTAL_CODE": "M3C 1C3", "MUNICIPALITY": "NY", "CITY": "NY", "PLACE_NAME": "Grenoble Public School", "GENERAL_USE_CODE": 115001, "CENTRELINE_ID": 30140303, "LO_NUM": 9, "LO_NUM_SUF": "None", "HI_NUM": null, "HI_NUM_SUF": "None", "LINEAR_NAME_ID": 5756.0 }, "geometry": { "type": "MultiPoint", "coordinates": [ [ -79.332759751364705, 43.715431088243697 ] ] } },
{ "type": "Feature", "properties": { "_id": 409, "OBJECTID": 508, "GEO_ID": 398141.0, "NAME": "GREY OWL JR PUBLIC SCHOOL", "SCHOOL_LEVEL": "None", "SCHOOL_TYPE": "EP", "BOARD_NAME": "Toronto District School Board", "SOURCE_ADDRESS": "150 WICKSON TRL ", "SCHOOL_TYPE_DESC": "English Public", "ADDRESS_POINT_ID": 398141, "ADDRESS_NUMBER": "150", "LINEAR_NAME_FULL": "Wickson Trl", "ADDRESS_FULL": "150 Wickson Trl", "POSTAL_CODE": "M1B 1M4", "MUNICIPALITY": "SC", "CITY": "SC", "PLACE_NAME": "Grey Owl Junior Public School", "GENERAL_USE_CODE": 115001, "CENTRELINE_ID": 104613, "LO_NUM": 150, "LO_NUM_SUF": "None", "HI_NUM": null, "HI_NUM_SUF": "None", "LINEAR_NAME_ID": 9227.0 }, "geometry": { "type": "MultiPoint", "coordinates": [ [ -79.213300323225695, 43.803989296596697 ] ] } },
{ "type": "Feature", "properties": { "_id": 410, "OBJECTID": 509, "GEO_ID": 4166113.0, "NAME": "GUILDWOOD JR PUBLIC SCHOOL", "SCHOOL_LEVEL": "None", "SCHOOL_TYPE": "EP", "BOARD_NAME": "Toronto District School Board", "SOURCE_ADDRESS": "225 LIVINGSTON RD ", "SCHOOL_TYPE_DESC": "English Public", "ADDRESS_POINT_ID": 4166113, "ADDRESS_NUMBER": "225", "LINEAR_NAME_FULL": "Livingston Rd", "ADDRESS_FULL": "225 Livingston Rd", "POSTAL_CODE": "M1E 1L8", "MUNICIPALITY": "SC", "CITY": "SC", "PLACE_NAME": "Guildwood Junior Public School", "GENERAL_USE_CODE": 115001, "CENTRELINE_ID": 60008822, "LO_NUM": 225, "LO_NUM_SUF": "None", "HI_NUM": null, "HI_NUM_SUF": "None", "LINEAR_NAME_ID": 8348.0 }, "geometry": { "type": "MultiPoint", "coordinates": [ [ -79.199986671357607, 43.750821071128001 ] ] } },
{ "type": "Feature", "properties": { "_id": 411, "OBJECTID": 510, "GEO_ID": 13967820.0, "NAME": "GULFSTREAM PUBLIC SCHOOL ", "SCHOOL_LEVEL": "None", "SCHOOL_TYPE": "EP", "BOARD_NAME": "Toronto District School Board", "SOURCE_ADDRESS": "20 GULFSTREAM RD ", "SCHOOL_TYPE_DESC": "English Public", "ADDRESS_POINT_ID": 13967820, "ADDRESS_NUMBER": "20", "LINEAR_NAME_FULL": "Gulfstream Rd", "ADDRESS_FULL": "20 Gulfstream Rd", "POSTAL_CODE": "M9M 1S3", "MUNICIPALITY": "NY", "CITY": "NY", "PLACE_NAME": "Gulfstream Public School", "GENERAL_USE_CODE": 115001, "CENTRELINE_ID": 442891, "LO_NUM": 20, "LO_NUM_SUF": "None", "HI_NUM": null, "HI_NUM_SUF": "None", "LINEAR_NAME_ID": 5766.0 }, "geometry": { "type": "MultiPoint", "coordinates": [ [ -79.542009802124397, 43.739077978932201 ] ] } },
{ "type": "Feature", "properties": { "_id": 412, "OBJECTID": 511, "GEO_ID": 361168.0, "NAME": "H A HALBERT JR PUBLIC SCHOOL", "SCHOOL_LEVEL": "None", "SCHOOL_TYPE": "EP", "BOARD_NAME": "Toronto District School Board", "SOURCE_ADDRESS": "25 HALBERT PL ", "SCHOOL_TYPE_DESC": "English Public", "ADDRESS_POINT_ID": 361168, "ADDRESS_NUMBER": "25", "LINEAR_NAME_FULL": "Halbert Pl", "ADDRESS_FULL": "25 Halbert Pl", "POSTAL_CODE": "M1M 0E1", "MUNICIPALITY": "SC", "CITY": "SC", "PLACE_NAME": "H. A. Halbert Junior Public School", "GENERAL_USE_CODE": 115001, "CENTRELINE_ID": 111483, "LO_NUM": 25, "LO_NUM_SUF": "None", "HI_NUM": null, "HI_NUM_SUF": "None", "LINEAR_NAME_ID": 8056.0 }, "geometry": { "type": "MultiPoint", "coordinates": [ [ -79.231736067193793, 43.727649596002202 ] ] } },
{ "type": "Feature", "properties": { "_id": 413, "OBJECTID": 512, "GEO_ID": 7074422.0, "NAME": "H J ALEXANDER COMMUNITY SCHOOL", "SCHOOL_LEVEL": "None", "SCHOOL_TYPE": "EP", "BOARD_NAME": "Toronto District School Board", "SOURCE_ADDRESS": "30 KING ST ", "SCHOOL_TYPE_DESC": "English Public", "ADDRESS_POINT_ID": 7074422, "ADDRESS_NUMBER": "30", "LINEAR_NAME_FULL": "King St", "ADDRESS_FULL": "30 King St", "POSTAL_CODE": "M9N 1K9", "MUNICIPALITY": "YK", "CITY": "YK", "PLACE_NAME": "H. J. Alexander Community School", "GENERAL_USE_CODE": 115001, "CENTRELINE_ID": 7074419, "LO_NUM": 30, "LO_NUM_SUF": "None", "HI_NUM": null, "HI_NUM_SUF": "None", "LINEAR_NAME_ID": 9748.0 }, "geometry": { "type": "MultiPoint", "coordinates": [ [ -79.520228616303399, 43.702399467470499 ] ] } },
{ "type": "Feature", "properties": { "_id": 414, "OBJECTID": 513, "GEO_ID": 13503297.0, "NAME": "HANSON COLLEGE", "SCHOOL_LEVEL": "None", "SCHOOL_TYPE": "PR", "BOARD_NAME": "None", "SOURCE_ADDRESS": "211 CONSUMERS RD ", "SCHOOL_TYPE_DESC": "Private", "ADDRESS_POINT_ID": 13503297, "ADDRESS_NUMBER": "211", "LINEAR_NAME_FULL": "Consumers Rd", "ADDRESS_FULL": "211 Consumers Rd", "POSTAL_CODE": "M2J 4G8", "MUNICIPALITY": "NY", "CITY": "NY", "PLACE_NAME": "None", "GENERAL_USE_CODE": 115001, "CENTRELINE_ID": 438551, "LO_NUM": 211, "LO_NUM_SUF": "None", "HI_NUM": null, "HI_NUM_SUF": "None", "LINEAR_NAME_ID": 5264.0 }, "geometry": { "type": "MultiPoint", "coordinates": [ [ -79.331929824598006, 43.771805938775799 ] ] } },
{ "type": "Feature", "properties": { "_id": 415, "OBJECTID": 514, "GEO_ID": 9344971.0, "NAME": "HARBORD COLLEGIATE INSTITUTE", "SCHOOL_LEVEL": "None", "SCHOOL_TYPE": "EP", "BOARD_NAME": "Toronto District School Board", "SOURCE_ADDRESS": "286 HARBORD ST ", "SCHOOL_TYPE_DESC": "English Public", "ADDRESS_POINT_ID": 9344971, "ADDRESS_NUMBER": "286", "LINEAR_NAME_FULL": "Harbord St", "ADDRESS_FULL": "286 Harbord St", "POSTAL_CODE": "M6G 1G5", "MUNICIPALITY": "TO", "CITY": "TO", "PLACE_NAME": "Harbord Collegiate Institute", "GENERAL_USE_CODE": 115001, "CENTRELINE_ID": 30074125, "LO_NUM": 286, "LO_NUM_SUF": "None", "HI_NUM": null, "HI_NUM_SUF": "None", "LINEAR_NAME_ID": 3605.0 }, "geometry": { "type": "MultiPoint", "coordinates": [ [ -79.414266615339599, 43.661289516480402 ] ] } },
{ "type": "Feature", "properties": { "_id": 416, "OBJECTID": 515, "GEO_ID": 525261.0, "NAME": "HARRISON PUBLIC SCHOOL", "SCHOOL_LEVEL": "None", "SCHOOL_TYPE": "EP", "BOARD_NAME": "Toronto District School Board", "SOURCE_ADDRESS": "81 HARRISON RD ", "SCHOOL_TYPE_DESC": "English Public", "ADDRESS_POINT_ID": 525261, "ADDRESS_NUMBER": "81", "LINEAR_NAME_FULL": "Harrison Rd", "ADDRESS_FULL": "81 Harrison Rd", "POSTAL_CODE": "M2L 1V9", "MUNICIPALITY": "NY", "CITY": "NY", "PLACE_NAME": "Harrison Public School", "GENERAL_USE_CODE": 115001, "CENTRELINE_ID": 440270, "LO_NUM": 81, "LO_NUM_SUF": "None", "HI_NUM": null, "HI_NUM_SUF": "None", "LINEAR_NAME_ID": 5792.0 }, "geometry": { "type": "MultiPoint", "coordinates": [ [ -79.377308612925702, 43.757368474721403 ] ] } },
{ "type": "Feature", "properties": { "_id": 417, "OBJECTID": 516, "GEO_ID": 66887.0, "NAME": "HARWOOD PUBLIC SCHOOL", "SCHOOL_LEVEL": "None", "SCHOOL_TYPE": "EP", "BOARD_NAME": "Toronto District School Board", "SOURCE_ADDRESS": "50 LEIGH ST ", "SCHOOL_TYPE_DESC": "English Public", "ADDRESS_POINT_ID": 66887, "ADDRESS_NUMBER": "50", "LINEAR_NAME_FULL": "Leigh St", "ADDRESS_FULL": "50 Leigh St", "POSTAL_CODE": "M6N 3X3", "MUNICIPALITY": "YK", "CITY": "YK", "PLACE_NAME": "Harwood Public School", "GENERAL_USE_CODE": 115001, "CENTRELINE_ID": 30098556, "LO_NUM": 50, "LO_NUM_SUF": "None", "HI_NUM": null, "HI_NUM_SUF": "None", "LINEAR_NAME_ID": 736.0 }, "geometry": { "type": "MultiPoint", "coordinates": [ [ -79.478412477100804, 43.676185912768702 ] ] } },
{ "type": "Feature", "properties": { "_id": 418, "OBJECTID": 517, "GEO_ID": 14077730.0, "NAME": "HAVERGAL COLLEGE SR SCHOOL", "SCHOOL_LEVEL": "None", "SCHOOL_TYPE": "PR", "BOARD_NAME": "None", "SOURCE_ADDRESS": "1451 AVENUE RD ", "SCHOOL_TYPE_DESC": "Private", "ADDRESS_POINT_ID": 14077730, "ADDRESS_NUMBER": "1451", "LINEAR_NAME_FULL": "Avenue Rd", "ADDRESS_FULL": "1451 Avenue Rd", "POSTAL_CODE": "M5N 2H9", "MUNICIPALITY": "TO", "CITY": "TO", "PLACE_NAME": "None", "GENERAL_USE_CODE": 115001, "CENTRELINE_ID": 444986, "LO_NUM": 1451, "LO_NUM_SUF": "None", "HI_NUM": null, "HI_NUM_SUF": "None", "LINEAR_NAME_ID": 2924.0 }, "geometry": { "type": "MultiPoint", "coordinates": [ [ -79.413717606461304, 43.720357746925103 ] ] } },
{ "type": "Feature", "properties": { "_id": 419, "OBJECTID": 518, "GEO_ID": 14077731.0, "NAME": "HAVERGAL JR SCHOOL", "SCHOOL_LEVEL": "None", "SCHOOL_TYPE": "PR", "BOARD_NAME": "None", "SOURCE_ADDRESS": "460 ROSEWELL AVE ", "SCHOOL_TYPE_DESC": "Private", "ADDRESS_POINT_ID": 14077731, "ADDRESS_NUMBER": "460", "LINEAR_NAME_FULL": "Rosewell Ave", "ADDRESS_FULL": "460 Rosewell Ave", "POSTAL_CODE": "M4R 2H5", "MUNICIPALITY": "TO", "CITY": "TO", "PLACE_NAME": "None", "GENERAL_USE_CODE": 115001, "CENTRELINE_ID": 8566546, "LO_NUM": 460, "LO_NUM_SUF": "None", "HI_NUM": null, "HI_NUM_SUF": "None", "LINEAR_NAME_ID": 4323.0 }, "geometry": { "type": "MultiPoint", "coordinates": [ [ -79.412852344489195, 43.720858865174499 ] ] } },
{ "type": "Feature", "properties": { "_id": 420, "OBJECTID": 519, "GEO_ID": 559940.0, "NAME": "HAWTHORN SCHOOL FOR GIRLS", "SCHOOL_LEVEL": "None", "SCHOOL_TYPE": "PR", "BOARD_NAME": "None", "SOURCE_ADDRESS": "101 SCARSDALE RD ", "SCHOOL_TYPE_DESC": "Private", "ADDRESS_POINT_ID": 559940, "ADDRESS_NUMBER": "101", "LINEAR_NAME_FULL": "Scarsdale Rd", "ADDRESS_FULL": "101 Scarsdale Rd", "POSTAL_CODE": "M3B 2R2", "MUNICIPALITY": "NY", "CITY": "NY", "PLACE_NAME": "None", "GENERAL_USE_CODE": 115001, "CENTRELINE_ID": 30084194, "LO_NUM": 101, "LO_NUM_SUF": "None", "HI_NUM": null, "HI_NUM_SUF": "None", "LINEAR_NAME_ID": 6662.0 }, "geometry": { "type": "MultiPoint", "coordinates": [ [ -79.354781407508597, 43.751555582620199 ] ] } },
{ "type": "Feature", "properties": { "_id": 421, "OBJECTID": 520, "GEO_ID": 386802.0, "NAME": "HEATHER HEIGHTS JR & BEN HEPPNER VM ACADEMY", "SCHOOL_LEVEL": "None", "SCHOOL_TYPE": "EP", "BOARD_NAME": "Toronto District School Board", "SOURCE_ADDRESS": "80 SLAN AVE ", "SCHOOL_TYPE_DESC": "English Public", "ADDRESS_POINT_ID": 386802, "ADDRESS_NUMBER": "80", "LINEAR_NAME_FULL": "Slan Ave", "ADDRESS_FULL": "80 Slan Ave", "POSTAL_CODE": "M1G 3B5", "MUNICIPALITY": "SC", "CITY": "SC", "PLACE_NAME": "Heather Heights Junior Public School", "GENERAL_USE_CODE": 115001, "CENTRELINE_ID": 107600, "LO_NUM": 80, "LO_NUM_SUF": "None", "HI_NUM": null, "HI_NUM_SUF": "None", "LINEAR_NAME_ID": 8966.0 }, "geometry": { "type": "MultiPoint", "coordinates": [ [ -79.215068726443306, 43.775155878425203 ] ] } },
{ "type": "Feature", "properties": { "_id": 422, "OBJECTID": 521, "GEO_ID": 369701.0, "NAME": "HENRY HUDSON SR PUBLIC SCHOOL", "SCHOOL_LEVEL": "None", "SCHOOL_TYPE": "EP", "BOARD_NAME": "Toronto District School Board", "SOURCE_ADDRESS": "350 ORTON PARK RD ", "SCHOOL_TYPE_DESC": "English Public", "ADDRESS_POINT_ID": 369701, "ADDRESS_NUMBER": "350", "LINEAR_NAME_FULL": "Orton Park Rd", "ADDRESS_FULL": "350 Orton Park Rd", "POSTAL_CODE": "M1G 3H4", "MUNICIPALITY": "SC", "CITY": "SC", "PLACE_NAME": "Henry Hudson Senior Public School", "GENERAL_USE_CODE": 115001, "CENTRELINE_ID": 107222, "LO_NUM": 350, "LO_NUM_SUF": "None", "HI_NUM": null, "HI_NUM_SUF": "None", "LINEAR_NAME_ID": 8622.0 }, "geometry": { "type": "MultiPoint", "coordinates": [ [ -79.214467366518903, 43.777737178668303 ] ] } },
{ "type": "Feature", "properties": { "_id": 423, "OBJECTID": 522, "GEO_ID": 6321693.0, "NAME": "HENRY KELSEY SR PUBLIC SCHOOL", "SCHOOL_LEVEL": "None", "SCHOOL_TYPE": "EP", "BOARD_NAME": "Toronto District School Board", "SOURCE_ADDRESS": "1200 HUNTINGWOOD DR ", "SCHOOL_TYPE_DESC": "English Public", "ADDRESS_POINT_ID": 6321693, "ADDRESS_NUMBER": "1200", "LINEAR_NAME_FULL": "Huntingwood Dr", "ADDRESS_FULL": "1200 Huntingwood Dr", "POSTAL_CODE": "M1S 1K7", "MUNICIPALITY": "SC", "CITY": "SC", "PLACE_NAME": "Henry Kelsey Senior Public School", "GENERAL_USE_CODE": 115001, "CENTRELINE_ID": 30002255, "LO_NUM": 1200, "LO_NUM_SUF": "None", "HI_NUM": null, "HI_NUM_SUF": "None", "LINEAR_NAME_ID": 8150.0 }, "geometry": { "type": "MultiPoint", "coordinates": [ [ -79.277023222295895, 43.798817689539597 ] ] } },
{ "type": "Feature", "properties": { "_id": 424, "OBJECTID": 523, "GEO_ID": 11415007.0, "NAME": "HERITAGE INNOVATION SCHOOL", "SCHOOL_LEVEL": "None", "SCHOOL_TYPE": "PR", "BOARD_NAME": "None", "SOURCE_ADDRESS": "95-105 MOATFIELD DR ", "SCHOOL_TYPE_DESC": "Private", "ADDRESS_POINT_ID": 11415007, "ADDRESS_NUMBER": "95", "LINEAR_NAME_FULL": "Moatfield Dr", "ADDRESS_FULL": "95 Moatfield Dr", "POSTAL_CODE": "M3B 3L6", "MUNICIPALITY": "NY", "CITY": "NY", "PLACE_NAME": "None", "GENERAL_USE_CODE": 115001, "CENTRELINE_ID": 11415001, "LO_NUM": 95, "LO_NUM_SUF": "None", "HI_NUM": null, "HI_NUM_SUF": "None", "LINEAR_NAME_ID": 6235.0 }, "geometry": { "type": "MultiPoint", "coordinates": [ [ -79.350751482456403, 43.759491271555099 ] ] } },
{ "type": "Feature", "properties": { "_id": 425, "OBJECTID": 524, "GEO_ID": 9246459.0, "NAME": "HERITAGE PARK PUBLIC SCHOOL ", "SCHOOL_LEVEL": "None", "SCHOOL_TYPE": "EP", "BOARD_NAME": "Toronto District School Board", "SOURCE_ADDRESS": "80 OLD FINCH AVE ", "SCHOOL_TYPE_DESC": "English Public", "ADDRESS_POINT_ID": 9246459, "ADDRESS_NUMBER": "80", "LINEAR_NAME_FULL": "Old Finch Ave", "ADDRESS_FULL": "80 Old Finch Ave", "POSTAL_CODE": "M1B 5J2", "MUNICIPALITY": "SC", "CITY": "SC", "PLACE_NAME": "Heritage Park Public School", "GENERAL_USE_CODE": 115001, "CENTRELINE_ID": 30074026, "LO_NUM": 80, "LO_NUM_SUF": "None", "HI_NUM": null, "HI_NUM_SUF": "None", "LINEAR_NAME_ID": 10252.0 }, "geometry": { "type": "MultiPoint", "coordinates": [ [ -79.207720158593006, 43.821350885092102 ] ] } },
{ "type": "Feature", "properties": { "_id": 426, "OBJECTID": 525, "GEO_ID": 6350039.0, "NAME": "HEYDON PARK SECONDARY SCHOOL", "SCHOOL_LEVEL": "None", "SCHOOL_TYPE": "EP", "BOARD_NAME": "Toronto District School Board", "SOURCE_ADDRESS": "70 D'ARCY ST ", "SCHOOL_TYPE_DESC": "English Public", "ADDRESS_POINT_ID": 6350039, "ADDRESS_NUMBER": "70", "LINEAR_NAME_FULL": "D'Arcy St", "ADDRESS_FULL": "70 D'Arcy St", "POSTAL_CODE": "M5T 1K1", "MUNICIPALITY": "TO", "CITY": "TO", "PLACE_NAME": "Heydon Park Secondary School", "GENERAL_USE_CODE": 115001, "CENTRELINE_ID": 6349994, "LO_NUM": 70, "LO_NUM_SUF": "None", "HI_NUM": null, "HI_NUM_SUF": "None", "LINEAR_NAME_ID": 3262.0 }, "geometry": { "type": "MultiPoint", "coordinates": [ [ -79.394534752422004, 43.654964608949498 ] ] } },
{ "type": "Feature", "properties": { "_id": 427, "OBJECTID": 526, "GEO_ID": 820461.0, "NAME": "HIGH PARK GARDENS MONTESSORI SCHOOL", "SCHOOL_LEVEL": "None", "SCHOOL_TYPE": "PR", "BOARD_NAME": "None", "SOURCE_ADDRESS": "35 HIGH PARK GDNS ", "SCHOOL_TYPE_DESC": "Private", "ADDRESS_POINT_ID": 820461, "ADDRESS_NUMBER": "35", "LINEAR_NAME_FULL": "High Park Gdns", "ADDRESS_FULL": "35 High Park Gdns", "POSTAL_CODE": "M6R 1S8", "MUNICIPALITY": "TO", "CITY": "TO", "PLACE_NAME": "None", "GENERAL_USE_CODE": 115001, "CENTRELINE_ID": 1145821, "LO_NUM": 35, "LO_NUM_SUF": "None", "HI_NUM": null, "HI_NUM_SUF": "None", "LINEAR_NAME_ID": 3662.0 }, "geometry": { "type": "MultiPoint", "coordinates": [ [ -79.457391522887306, 43.648640646833201 ] ] } },
{ "type": "Feature", "properties": { "_id": 428, "OBJECTID": 527, "GEO_ID": 363718.0, "NAME": "HIGHCASTLE PUBLIC SCHOOL", "SCHOOL_LEVEL": "None", "SCHOOL_TYPE": "EP", "BOARD_NAME": "Toronto District School Board", "SOURCE_ADDRESS": "370 MILITARY TRL ", "SCHOOL_TYPE_DESC": "English Public", "ADDRESS_POINT_ID": 363718, "ADDRESS_NUMBER": "370", "LINEAR_NAME_FULL": "Military Trl", "ADDRESS_FULL": "370 Military Trl", "POSTAL_CODE": "M1E 4E6", "MUNICIPALITY": "SC", "CITY": "SC", "PLACE_NAME": "Highcastle Public School", "GENERAL_USE_CODE": 115001, "CENTRELINE_ID": 106480, "LO_NUM": 370, "LO_NUM_SUF": "None", "HI_NUM": null, "HI_NUM_SUF": "None", "LINEAR_NAME_ID": 8501.0 }, "geometry": { "type": "MultiPoint", "coordinates": [ [ -79.212495628505494, 43.786761602187802 ] ] } },
{ "type": "Feature", "properties": { "_id": 429, "OBJECTID": 528, "GEO_ID": 1020028.0, "NAME": "HIGHFIELD JR SCHOOL", "SCHOOL_LEVEL": "None", "SCHOOL_TYPE": "EP", "BOARD_NAME": "Toronto District School Board", "SOURCE_ADDRESS": "85 MOUNT OLIVE DR ", "SCHOOL_TYPE_DESC": "English Public", "ADDRESS_POINT_ID": 1020028, "ADDRESS_NUMBER": "85", "LINEAR_NAME_FULL": "Mount Olive Dr", "ADDRESS_FULL": "85 Mount Olive Dr", "POSTAL_CODE": "M9V 2C9", "MUNICIPALITY": "ET", "CITY": "ET", "PLACE_NAME": "Highfield Junior School", "GENERAL_USE_CODE": 115001, "CENTRELINE_ID": 906730, "LO_NUM": 85, "LO_NUM_SUF": "None", "HI_NUM": null, "HI_NUM_SUF": "None", "LINEAR_NAME_ID": 2145.0 }, "geometry": { "type": "MultiPoint", "coordinates": [ [ -79.589145171421293, 43.745892048604297 ] ] } },
{ "type": "Feature", "properties": { "_id": 430, "OBJECTID": 529, "GEO_ID": 363876.0, "NAME": "HIGHLAND CREEK PUBLIC SCHOOL ", "SCHOOL_LEVEL": "None", "SCHOOL_TYPE": "EP", "BOARD_NAME": "Toronto District School Board", "SOURCE_ADDRESS": "1410 MILITARY TRL ", "SCHOOL_TYPE_DESC": "English Public", "ADDRESS_POINT_ID": 363876, "ADDRESS_NUMBER": "1410", "LINEAR_NAME_FULL": "Military Trl", "ADDRESS_FULL": "1410 Military Trl", "POSTAL_CODE": "M1C 1A8", "MUNICIPALITY": "SC", "CITY": "SC", "PLACE_NAME": "Highland Creek Public School", "GENERAL_USE_CODE": 115001, "CENTRELINE_ID": 106744, "LO_NUM": 1410, "LO_NUM_SUF": "None", "HI_NUM": null, "HI_NUM_SUF": "None", "LINEAR_NAME_ID": 8501.0 }, "geometry": { "type": "MultiPoint", "coordinates": [ [ -79.178446292719201, 43.783500901017298 ] ] } },
{ "type": "Feature", "properties": { "_id": 431, "OBJECTID": 530, "GEO_ID": 4812502.0, "NAME": "HIGHLAND HEIGHTS JR PUBLIC SCHOOL AND JEAN AUGUSTINE GIRLS ACADEMY", "SCHOOL_LEVEL": "None", "SCHOOL_TYPE": "EP", "BOARD_NAME": "Toronto District School Board", "SOURCE_ADDRESS": "35 GLENDOWER CRCT ", "SCHOOL_TYPE_DESC": "English Public", "ADDRESS_POINT_ID": 4812502, "ADDRESS_NUMBER": "35", "LINEAR_NAME_FULL": "Glendower Crct", "ADDRESS_FULL": "35 Glendower Crct", "POSTAL_CODE": "M1T 2Z3", "MUNICIPALITY": "SC", "CITY": "SC", "PLACE_NAME": "Highland Heights Junior Public School", "GENERAL_USE_CODE": 115001, "CENTRELINE_ID": 4812493, "LO_NUM": 35, "LO_NUM_SUF": "None", "HI_NUM": null, "HI_NUM_SUF": "None", "LINEAR_NAME_ID": 11111.0 }, "geometry": { "type": "MultiPoint", "coordinates": [ [ -79.300262345452296, 43.794419905240197 ] ] } },
{ "type": "Feature", "properties": { "_id": 432, "OBJECTID": 531, "GEO_ID": 4786681.0, "NAME": "HIGHLAND MIDDLE SCHOOL ", "SCHOOL_LEVEL": "None", "SCHOOL_TYPE": "EP", "BOARD_NAME": "Toronto District School Board", "SOURCE_ADDRESS": "201 CLIFFWOOD RD ", "SCHOOL_TYPE_DESC": "English Public", "ADDRESS_POINT_ID": 4786681, "ADDRESS_NUMBER": "201", "LINEAR_NAME_FULL": "Cliffwood Rd", "ADDRESS_FULL": "201 Cliffwood Rd", "POSTAL_CODE": "M2H 3B5", "MUNICIPALITY": "NY", "CITY": "NY", "PLACE_NAME": "Highland Middle School", "GENERAL_USE_CODE": 115001, "CENTRELINE_ID": 30100875, "LO_NUM": 201, "LO_NUM_SUF": "None", "HI_NUM": null, "HI_NUM_SUF": "None", "LINEAR_NAME_ID": 5225.0 }, "geometry": { "type": "MultiPoint", "coordinates": [ [ -79.355448085680607, 43.806860378503202 ] ] } },
{ "type": "Feature", "properties": { "_id": 433, "OBJECTID": 532, "GEO_ID": 2119836.0, "NAME": "HIGHVIEW PUBLIC SCHOOL", "SCHOOL_LEVEL": "None", "SCHOOL_TYPE": "EP", "BOARD_NAME": "Toronto District School Board", "SOURCE_ADDRESS": "22 HIGHVIEW AVE ", "SCHOOL_TYPE_DESC": "English Public", "ADDRESS_POINT_ID": 2119836, "ADDRESS_NUMBER": "22", "LINEAR_NAME_FULL": "Highview Ave", "ADDRESS_FULL": "22 Highview Ave", "POSTAL_CODE": "M3M 1C4", "MUNICIPALITY": "NY", "CITY": "NY", "PLACE_NAME": "Highview Public School", "GENERAL_USE_CODE": 115001, "CENTRELINE_ID": 14610668, "LO_NUM": 22, "LO_NUM_SUF": "None", "HI_NUM": null, "HI_NUM_SUF": "None", "LINEAR_NAME_ID": 5835.0 }, "geometry": { "type": "MultiPoint", "coordinates": [ [ -79.497230269995796, 43.721951050274399 ] ] } },
{ "type": "Feature", "properties": { "_id": 434, "OBJECTID": 533, "GEO_ID": 821864.0, "NAME": "HILLCREST COMMUNITY SCHOOL", "SCHOOL_LEVEL": "None", "SCHOOL_TYPE": "EP", "BOARD_NAME": "Toronto District School Board", "SOURCE_ADDRESS": "44 HILTON AVE ", "SCHOOL_TYPE_DESC": "English Public", "ADDRESS_POINT_ID": 821864, "ADDRESS_NUMBER": "44", "LINEAR_NAME_FULL": "Hilton Ave", "ADDRESS_FULL": "44 Hilton Ave", "POSTAL_CODE": "M5R 3E6", "MUNICIPALITY": "TO", "CITY": "TO", "PLACE_NAME": "Hillcrest Community School", "GENERAL_USE_CODE": 115001, "CENTRELINE_ID": 1140608, "LO_NUM": 44, "LO_NUM_SUF": "None", "HI_NUM": null, "HI_NUM_SUF": "None", "LINEAR_NAME_ID": 3683.0 }, "geometry": { "type": "MultiPoint", "coordinates": [ [ -79.415844780003297, 43.679042454258799 ] ] } },
{ "type": "Feature", "properties": { "_id": 435, "OBJECTID": 534, "GEO_ID": 542014.0, "NAME": "HILLMOUNT PUBLIC SCHOOL", "SCHOOL_LEVEL": "None", "SCHOOL_TYPE": "EP", "BOARD_NAME": "Toronto District School Board", "SOURCE_ADDRESS": "245 MCNICOLL AVE ", "SCHOOL_TYPE_DESC": "English Public", "ADDRESS_POINT_ID": 542014, "ADDRESS_NUMBER": "245", "LINEAR_NAME_FULL": "McNicoll Ave", "ADDRESS_FULL": "245 McNicoll Ave", "POSTAL_CODE": "M2H 2C6", "MUNICIPALITY": "NY", "CITY": "NY", "PLACE_NAME": "Hillmount Public School", "GENERAL_USE_CODE": 115001, "CENTRELINE_ID": 436436, "LO_NUM": 245, "LO_NUM_SUF": "None", "HI_NUM": null, "HI_NUM_SUF": "None", "LINEAR_NAME_ID": 6195.0 }, "geometry": { "type": "MultiPoint", "coordinates": [ [ -79.350726511725796, 43.799407593864203 ] ] } },
{ "type": "Feature", "properties": { "_id": 436, "OBJECTID": 535, "GEO_ID": 13497250.0, "NAME": "HILLSIDE OUTDOOR EDUCATION SCHOOL ", "SCHOOL_LEVEL": "None", "SCHOOL_TYPE": "EP", "BOARD_NAME": "Toronto District School Board", "SOURCE_ADDRESS": "2259 MEADOWVALE RD ", "SCHOOL_TYPE_DESC": "English Public", "ADDRESS_POINT_ID": 13497250, "ADDRESS_NUMBER": "2259", "LINEAR_NAME_FULL": "Meadowvale Rd", "ADDRESS_FULL": "2259 Meadowvale Rd", "POSTAL_CODE": "M1X 1R2", "MUNICIPALITY": "SC", "CITY": "SC", "PLACE_NAME": "None", "GENERAL_USE_CODE": 115001, "CENTRELINE_ID": 102945, "LO_NUM": 2259, "LO_NUM_SUF": "None", "HI_NUM": null, "HI_NUM_SUF": "None", "LINEAR_NAME_ID": 8470.0 }, "geometry": { "type": "MultiPoint", "coordinates": [ [ -79.179036795611296, 43.827668981290699 ] ] } },
{ "type": "Feature", "properties": { "_id": 437, "OBJECTID": 536, "GEO_ID": 1039711.0, "NAME": "HILLTOP MDL SCHOOL ", "SCHOOL_LEVEL": "None", "SCHOOL_TYPE": "EP", "BOARD_NAME": "Toronto District School Board", "SOURCE_ADDRESS": "35 TREHORNE DR ", "SCHOOL_TYPE_DESC": "English Public", "ADDRESS_POINT_ID": 1039711, "ADDRESS_NUMBER": "35", "LINEAR_NAME_FULL": "Trehorne Dr", "ADDRESS_FULL": "35 Trehorne Dr", "POSTAL_CODE": "M9P 1N8", "MUNICIPALITY": "ET", "CITY": "ET", "PLACE_NAME": "Hilltop Middle School", "GENERAL_USE_CODE": 115001, "CENTRELINE_ID": 908943, "LO_NUM": 35, "LO_NUM_SUF": "None", "HI_NUM": null, "HI_NUM_SUF": "None", "LINEAR_NAME_ID": 2653.0 }, "geometry": { "type": "MultiPoint", "coordinates": [ [ -79.533067007189999, 43.689462738041499 ] ] } },
{ "type": "Feature", "properties": { "_id": 438, "OBJECTID": 537, "GEO_ID": 7324242.0, "NAME": "HODGSON MIDDLE SCHOOL", "SCHOOL_LEVEL": "None", "SCHOOL_TYPE": "EP", "BOARD_NAME": "Toronto District School Board", "SOURCE_ADDRESS": "282 DAVISVILLE AVE ", "SCHOOL_TYPE_DESC": "English Public", "ADDRESS_POINT_ID": 7324242, "ADDRESS_NUMBER": "282", "LINEAR_NAME_FULL": "Davisville Ave", "ADDRESS_FULL": "282 Davisville Ave", "POSTAL_CODE": "M4S 1H2", "MUNICIPALITY": "TO", "CITY": "TO", "PLACE_NAME": "Hodgson Middle School", "GENERAL_USE_CODE": 115001, "CENTRELINE_ID": 7324227, "LO_NUM": 282, "LO_NUM_SUF": "None", "HI_NUM": null, "HI_NUM_SUF": "None", "LINEAR_NAME_ID": 3271.0 }, "geometry": { "type": "MultiPoint", "coordinates": [ [ -79.384793292907204, 43.701095001985401 ] ] } },
{ "type": "Feature", "properties": { "_id": 439, "OBJECTID": 538, "GEO_ID": 1027148.0, "NAME": "HOLLYCREST MDL SCHOOL", "SCHOOL_LEVEL": "None", "SCHOOL_TYPE": "EP", "BOARD_NAME": "Toronto District School Board", "SOURCE_ADDRESS": "630 RENFORTH DR ", "SCHOOL_TYPE_DESC": "English Public", "ADDRESS_POINT_ID": 1027148, "ADDRESS_NUMBER": "630", "LINEAR_NAME_FULL": "Renforth Dr", "ADDRESS_FULL": "630 Renforth Dr", "POSTAL_CODE": "M9C 2N6", "MUNICIPALITY": "ET", "CITY": "ET", "PLACE_NAME": "Hollycrest Middle School", "GENERAL_USE_CODE": 115001, "CENTRELINE_ID": 910965, "LO_NUM": 630, "LO_NUM_SUF": "None", "HI_NUM": null, "HI_NUM_SUF": "None", "LINEAR_NAME_ID": 2353.0 }, "geometry": { "type": "MultiPoint", "coordinates": [ [ -79.582707854894693, 43.656104223851997 ] ] } },
{ "type": "Feature", "properties": { "_id": 440, "OBJECTID": 539, "GEO_ID": 528255.0, "NAME": "HOLLYWOOD PUBLIC SCHOOL", "SCHOOL_LEVEL": "None", "SCHOOL_TYPE": "EP", "BOARD_NAME": "Toronto District School Board", "SOURCE_ADDRESS": "360 HOLLYWOOD AVE ", "SCHOOL_TYPE_DESC": "English Public", "ADDRESS_POINT_ID": 528255, "ADDRESS_NUMBER": "360", "LINEAR_NAME_FULL": "Hollywood Ave", "ADDRESS_FULL": "360 Hollywood Ave", "POSTAL_CODE": "M2N 3L4", "MUNICIPALITY": "NY", "CITY": "NY", "PLACE_NAME": "Hollywood Public School", "GENERAL_USE_CODE": 115001, "CENTRELINE_ID": 438817, "LO_NUM": 360, "LO_NUM_SUF": "None", "HI_NUM": null, "HI_NUM_SUF": "None", "LINEAR_NAME_ID": 5854.0 }, "geometry": { "type": "MultiPoint", "coordinates": [ [ -79.391829130629205, 43.770518508747799 ] ] } },
{ "type": "Feature", "properties": { "_id": 441, "OBJECTID": 540, "GEO_ID": 7667021.0, "NAME": "HOLY ANGELS CATHOLIC ELEMENTARY", "SCHOOL_LEVEL": "None", "SCHOOL_TYPE": "ES", "BOARD_NAME": "Toronto Catholic District School Board", "SOURCE_ADDRESS": "65 JUTLAND RD ", "SCHOOL_TYPE_DESC": "English Separate", "ADDRESS_POINT_ID": 7667021, "ADDRESS_NUMBER": "65", "LINEAR_NAME_FULL": "Jutland Rd", "ADDRESS_FULL": "65 Jutland Rd", "POSTAL_CODE": "M8Z 2G6", "MUNICIPALITY": "ET", "CITY": "ET", "PLACE_NAME": "Holy Angels Catholic School", "GENERAL_USE_CODE": 115001, "CENTRELINE_ID": 7667011, "LO_NUM": 65, "LO_NUM_SUF": "None", "HI_NUM": null, "HI_NUM_SUF": "None", "LINEAR_NAME_ID": 1889.0 }, "geometry": { "type": "MultiPoint", "coordinates": [ [ -79.517657260194994, 43.628409259061598 ] ] } },
{ "type": "Feature", "properties": { "_id": 442, "OBJECTID": 541, "GEO_ID": 7792249.0, "NAME": "HOLY ANGELS CATHOLIC SCHOOL", "SCHOOL_LEVEL": "None", "SCHOOL_TYPE": "ES", "BOARD_NAME": "Toronto Catholic District School Board", "SOURCE_ADDRESS": "100 ALLANHURST DR ", "SCHOOL_TYPE_DESC": "English Separate", "ADDRESS_POINT_ID": 7792249, "ADDRESS_NUMBER": "100", "LINEAR_NAME_FULL": "Allanhurst Dr", "ADDRESS_FULL": "100 Allanhurst Dr", "POSTAL_CODE": "M9A 4K4", "MUNICIPALITY": "ET", "CITY": "ET", "PLACE_NAME": "Leonardo Da Vinci Academy", "GENERAL_USE_CODE": 115001, "CENTRELINE_ID": 7792240, "LO_NUM": 100, "LO_NUM_SUF": "None", "HI_NUM": null, "HI_NUM_SUF": "None", "LINEAR_NAME_ID": 1031.0 }, "geometry": { "type": "MultiPoint", "coordinates": [ [ -79.519473517858899, 43.680147637199802 ] ] } },
{ "type": "Feature", "properties": { "_id": 443, "OBJECTID": 542, "GEO_ID": 12551948.0, "NAME": "HOLY CHILD CATHOLIC ELEMENTARY SCHOOL ", "SCHOOL_LEVEL": "None", "SCHOOL_TYPE": "ES", "BOARD_NAME": "Toronto Catholic District School Board", "SOURCE_ADDRESS": "850 HUMBERWOOD BLVD ", "SCHOOL_TYPE_DESC": "English Separate", "ADDRESS_POINT_ID": 12551948, "ADDRESS_NUMBER": "850", "LINEAR_NAME_FULL": "Humberwood Blvd", "ADDRESS_FULL": "850 Humberwood Blvd", "POSTAL_CODE": "M9W 7A6", "MUNICIPALITY": "ET", "CITY": "ET", "PLACE_NAME": "Humberwood Downs Junior Middle Academy", "GENERAL_USE_CODE": 115001, "CENTRELINE_ID": 30003276, "LO_NUM": 850, "LO_NUM_SUF": "None", "HI_NUM": null, "HI_NUM_SUF": "None", "LINEAR_NAME_ID": 10534.0 }, "geometry": { "type": "MultiPoint", "coordinates": [ [ -79.619181873403306, 43.728885866783401 ] ] } },
{ "type": "Feature", "properties": { "_id": 444, "OBJECTID": 543, "GEO_ID": 6208930.0, "NAME": "HOLY CROSS CATHOLIC ELEMENTARY SCHOOL", "SCHOOL_LEVEL": "None", "SCHOOL_TYPE": "ES", "BOARD_NAME": "Toronto Catholic District School Board", "SOURCE_ADDRESS": "299A DONLANDS AVE ", "SCHOOL_TYPE_DESC": "English Separate", "ADDRESS_POINT_ID": 6208930, "ADDRESS_NUMBER": "299A", "LINEAR_NAME_FULL": "Donlands Ave", "ADDRESS_FULL": "299A Donlands Ave", "POSTAL_CODE": "M4J 3R7", "MUNICIPALITY": "EY", "CITY": "EY", "PLACE_NAME": "Holy Cross Catholic Secondary School", "GENERAL_USE_CODE": 115001, "CENTRELINE_ID": 14646499, "LO_NUM": 299, "LO_NUM_SUF": "A", "HI_NUM": null, "HI_NUM_SUF": "None", "LINEAR_NAME_ID": 109.0 }, "geometry": { "type": "MultiPoint", "coordinates": [ [ -79.340676352574604, 43.689987559937599 ] ] } },
{ "type": "Feature", "properties": { "_id": 445, "OBJECTID": 544, "GEO_ID": 8322307.0, "NAME": "HOLY FAMILY CATHOLIC ELEMENTARY SCHOOL", "SCHOOL_LEVEL": "None", "SCHOOL_TYPE": "ES", "BOARD_NAME": "Toronto Catholic District School Board", "SOURCE_ADDRESS": "141 CLOSE AVE ", "SCHOOL_TYPE_DESC": "English Separate", "ADDRESS_POINT_ID": 8322307, "ADDRESS_NUMBER": "141", "LINEAR_NAME_FULL": "Close Ave", "ADDRESS_FULL": "141 Close Ave", "POSTAL_CODE": "M6K 2V6", "MUNICIPALITY": "TO", "CITY": "TO", "PLACE_NAME": "Holy Family Community Centre", "GENERAL_USE_CODE": 115001, "CENTRELINE_ID": 30018006, "LO_NUM": 141, "LO_NUM_SUF": "None", "HI_NUM": null, "HI_NUM_SUF": "None", "LINEAR_NAME_ID": 3186.0 }, "geometry": { "type": "MultiPoint", "coordinates": [ [ -79.434712284958096, 43.638827558413901 ] ] } },
{ "type": "Feature", "properties": { "_id": 446, "OBJECTID": 545, "GEO_ID": 780044.0, "NAME": "HOLY NAME CATHOLIC ELEMENTARY SCHOOL", "SCHOOL_LEVEL": "None", "SCHOOL_TYPE": "ES", "BOARD_NAME": "Toronto Catholic District School Board", "SOURCE_ADDRESS": "690 CARLAW AVE ", "SCHOOL_TYPE_DESC": "English Separate", "ADDRESS_POINT_ID": 780044, "ADDRESS_NUMBER": "690", "LINEAR_NAME_FULL": "Carlaw Ave", "ADDRESS_FULL": "690 Carlaw Ave", "POSTAL_CODE": "M4K 3K9", "MUNICIPALITY": "TO", "CITY": "TO", "PLACE_NAME": "Holy Name Catholic School", "GENERAL_USE_CODE": 115001, "CENTRELINE_ID": 1140796, "LO_NUM": 690, "LO_NUM_SUF": "None", "HI_NUM": null, "HI_NUM_SUF": "None", "LINEAR_NAME_ID": 56.0 }, "geometry": { "type": "MultiPoint", "coordinates": [ [ -79.347284835096104, 43.677347501969699 ] ] } },
{ "type": "Feature", "properties": { "_id": 447, "OBJECTID": 546, "GEO_ID": 75026.0, "NAME": "HOLY ROSARY CATHOLIC ELEMENTARY SCHOOL", "SCHOOL_LEVEL": "None", "SCHOOL_TYPE": "ES", "BOARD_NAME": "Toronto Catholic District School Board", "SOURCE_ADDRESS": "308 TWEEDSMUIR AVE ", "SCHOOL_TYPE_DESC": "English Separate", "ADDRESS_POINT_ID": 75026, "ADDRESS_NUMBER": "308", "LINEAR_NAME_FULL": "Tweedsmuir Ave", "ADDRESS_FULL": "308 Tweedsmuir Ave", "POSTAL_CODE": "M5P 2Y1", "MUNICIPALITY": "YK", "CITY": "YK", "PLACE_NAME": "Holy Rosary Catholic School", "GENERAL_USE_CODE": 115001, "CENTRELINE_ID": 8594, "LO_NUM": 308, "LO_NUM_SUF": "None", "HI_NUM": null, "HI_NUM_SUF": "None", "LINEAR_NAME_ID": 919.0 }, "geometry": { "type": "MultiPoint", "coordinates": [ [ -79.414051696103598, 43.684985072721098 ] ] } },
{ "type": "Feature", "properties": { "_id": 448, "OBJECTID": 547, "GEO_ID": 6292601.0, "NAME": "HOLY SPIRIT CATHOLIC ELEMENTARY SCHOOL", "SCHOOL_LEVEL": "None", "SCHOOL_TYPE": "ES", "BOARD_NAME": "Toronto Catholic District School Board", "SOURCE_ADDRESS": "3530 SHEPPARD AVE E", "SCHOOL_TYPE_DESC": "English Separate", "ADDRESS_POINT_ID": 6292601, "ADDRESS_NUMBER": "3530", "LINEAR_NAME_FULL": "Sheppard Ave E", "ADDRESS_FULL": "3530 Sheppard Ave E", "POSTAL_CODE": "M1T 3K7", "MUNICIPALITY": "SC", "CITY": "SC", "PLACE_NAME": "Holy Spirit Catholic School", "GENERAL_USE_CODE": 115001, "CENTRELINE_ID": 6292597, "LO_NUM": 3530, "LO_NUM_SUF": "None", "HI_NUM": null, "HI_NUM_SUF": "None", "LINEAR_NAME_ID": 6698.0 }, "geometry": { "type": "MultiPoint", "coordinates": [ [ -79.302695673122997, 43.781293599539197 ] ] } },
{ "type": "Feature", "properties": { "_id": 449, "OBJECTID": 548, "GEO_ID": 14198348.0, "NAME": "HOPE ACADEMY", "SCHOOL_LEVEL": "None", "SCHOOL_TYPE": "PR", "BOARD_NAME": "None", "SOURCE_ADDRESS": "6807 STEELES AVE W", "SCHOOL_TYPE_DESC": "Private", "ADDRESS_POINT_ID": 14198348, "ADDRESS_NUMBER": "6807", "LINEAR_NAME_FULL": "Steeles Ave W", "ADDRESS_FULL": "6807 Steeles Ave W", "POSTAL_CODE": "M9V 4R9", "MUNICIPALITY": "ET", "CITY": "ET", "PLACE_NAME": "Westview Community Church", "GENERAL_USE_CODE": 115001, "CENTRELINE_ID": 14659961, "LO_NUM": 6807, "LO_NUM_SUF": "None", "HI_NUM": null, "HI_NUM_SUF": "None", "LINEAR_NAME_ID": 2526.0 }, "geometry": { "type": "MultiPoint", "coordinates": [ [ -79.611051864601095, 43.755567752183602 ] ] } },
{ "type": "Feature", "properties": { "_id": 450, "OBJECTID": 549, "GEO_ID": 8594462.0, "NAME": "HOWARD JR PUBLIC SCHOOL ", "SCHOOL_LEVEL": "None", "SCHOOL_TYPE": "EP", "BOARD_NAME": "Toronto District School Board", "SOURCE_ADDRESS": "30 MARMADUKE ST ", "SCHOOL_TYPE_DESC": "English Public", "ADDRESS_POINT_ID": 8594462, "ADDRESS_NUMBER": "30", "LINEAR_NAME_FULL": "Marmaduke St", "ADDRESS_FULL": "30 Marmaduke St", "POSTAL_CODE": "M6R 1T2", "MUNICIPALITY": "TO", "CITY": "TO", "PLACE_NAME": "Howard Junior Public School", "GENERAL_USE_CODE": 115001, "CENTRELINE_ID": 14017434, "LO_NUM": 30, "LO_NUM_SUF": "None", "HI_NUM": null, "HI_NUM_SUF": "None", "LINEAR_NAME_ID": 3930.0 }, "geometry": { "type": "MultiPoint", "coordinates": [ [ -79.452272093099594, 43.650426312651 ] ] } },
{ "type": "Feature", "properties": { "_id": 451, "OBJECTID": 550, "GEO_ID": 8408617.0, "NAME": "HOWLETT ACADEMY SCHOOL", "SCHOOL_LEVEL": "None", "SCHOOL_TYPE": "PR", "BOARD_NAME": "None", "SOURCE_ADDRESS": "15 MADISON AVE ", "SCHOOL_TYPE_DESC": "Private", "ADDRESS_POINT_ID": 8408617, "ADDRESS_NUMBER": "15", "LINEAR_NAME_FULL": "Madison Ave", "ADDRESS_FULL": "15 Madison Ave", "POSTAL_CODE": "M5R 2S2", "MUNICIPALITY": "TO", "CITY": "TO", "PLACE_NAME": "None", "GENERAL_USE_CODE": 115001, "CENTRELINE_ID": 30104520, "LO_NUM": 15, "LO_NUM_SUF": "None", "HI_NUM": null, "HI_NUM_SUF": "None", "LINEAR_NAME_ID": 3896.0 }, "geometry": { "type": "MultiPoint", "coordinates": [ [ -79.402759744915997, 43.667962684784598 ] ] } },
{ "type": "Feature", "properties": { "_id": 452, "OBJECTID": 551, "GEO_ID": 9780024.0, "NAME": "HUDSON COLLEGE", "SCHOOL_LEVEL": "None", "SCHOOL_TYPE": "PR", "BOARD_NAME": "None", "SOURCE_ADDRESS": "21 ASCOT AVE ", "SCHOOL_TYPE_DESC": "Private", "ADDRESS_POINT_ID": 9780024, "ADDRESS_NUMBER": "21", "LINEAR_NAME_FULL": "Ascot Ave", "ADDRESS_FULL": "21 Ascot Ave", "POSTAL_CODE": "M6E 1E6", "MUNICIPALITY": "TO", "CITY": "TO", "PLACE_NAME": "Hudson School", "GENERAL_USE_CODE": 115001, "CENTRELINE_ID": 14015702, "LO_NUM": 21, "LO_NUM_SUF": "None", "HI_NUM": null, "HI_NUM_SUF": "None", "LINEAR_NAME_ID": 2904.0 }, "geometry": { "type": "MultiPoint", "coordinates": [ [ -79.4445207404206, 43.679691356891702 ] ] } },
{ "type": "Feature", "properties": { "_id": 453, "OBJECTID": 552, "GEO_ID": 30110924.0, "NAME": "HUMBER COLLEGE - INTERNATIONAL GRADUATE SCHOOL", "SCHOOL_LEVEL": "None", "SCHOOL_TYPE": "C", "BOARD_NAME": "None", "SOURCE_ADDRESS": "59 HAYDEN ST ", "SCHOOL_TYPE_DESC": "College", "ADDRESS_POINT_ID": 30110924, "ADDRESS_NUMBER": "59", "LINEAR_NAME_FULL": "Hayden St", "ADDRESS_FULL": "59 Hayden St", "POSTAL_CODE": "M4Y 0E7", "MUNICIPALITY": "TO", "CITY": "TO", "PLACE_NAME": "None", "GENERAL_USE_CODE": 115001, "CENTRELINE_ID": 30111094, "LO_NUM": 59, "LO_NUM_SUF": "None", "HI_NUM": null, "HI_NUM_SUF": "None", "LINEAR_NAME_ID": 3626.0 }, "geometry": { "type": "MultiPoint", "coordinates": [ [ -79.383882116637494, 43.669769421519099 ] ] } },
{ "type": "Feature", "properties": { "_id": 454, "OBJECTID": 553, "GEO_ID": 1013462.0, "NAME": "HUMBER COLLEGE SCHOOL - LAKESHORE CAMPUS", "SCHOOL_LEVEL": "None", "SCHOOL_TYPE": "C", "BOARD_NAME": "None", "SOURCE_ADDRESS": "3199 LAKE SHORE BLVD W", "SCHOOL_TYPE_DESC": "College", "ADDRESS_POINT_ID": 1013462, "ADDRESS_NUMBER": "3199", "LINEAR_NAME_FULL": "Lake Shore Blvd W", "ADDRESS_FULL": "3199 Lake Shore Blvd W", "POSTAL_CODE": "M8V 1K8", "MUNICIPALITY": "ET", "CITY": "ET", "PLACE_NAME": "None", "GENERAL_USE_CODE": 115001, "CENTRELINE_ID": 914611, "LO_NUM": 3199, "LO_NUM_SUF": "None", "HI_NUM": null, "HI_NUM_SUF": "None", "LINEAR_NAME_ID": 1962.0 }, "geometry": { "type": "MultiPoint", "coordinates": [ [ -79.520303925739299, 43.596996813343999 ] ] } },
{ "type": "Feature", "properties": { "_id": 455, "OBJECTID": 554, "GEO_ID": 12387605.0, "NAME": "HUMBER COLLEGE SCHOOL - NORTH CAMPUS", "SCHOOL_LEVEL": "None", "SCHOOL_TYPE": "C", "BOARD_NAME": "None", "SOURCE_ADDRESS": "205 HUMBER COLLEGE BLVD ", "SCHOOL_TYPE_DESC": "College", "ADDRESS_POINT_ID": 12387605, "ADDRESS_NUMBER": "205", "LINEAR_NAME_FULL": "Humber College Blvd", "ADDRESS_FULL": "205 Humber College Blvd", "POSTAL_CODE": "M9W 5L7", "MUNICIPALITY": "ET", "CITY": "ET", "PLACE_NAME": "Humber College Athletic Centre", "GENERAL_USE_CODE": 115001, "CENTRELINE_ID": 20232386, "LO_NUM": 205, "LO_NUM_SUF": "None", "HI_NUM": null, "HI_NUM_SUF": "None", "LINEAR_NAME_ID": 1827.0 }, "geometry": { "type": "MultiPoint", "coordinates": [ [ -79.606839862738596, 43.729166549249904 ] ] } },
{ "type": "Feature", "properties": { "_id": 456, "OBJECTID": 555, "GEO_ID": 11272401.0, "NAME": "HUMBER COLLEGE SCHOOL - POWER BOATING AND SAILING SCHOOL ", "SCHOOL_LEVEL": "None", "SCHOOL_TYPE": "C", "BOARD_NAME": "None", "SOURCE_ADDRESS": "100 HUMBER BAY PARK RD W", "SCHOOL_TYPE_DESC": "College", "ADDRESS_POINT_ID": 11272401, "ADDRESS_NUMBER": "100", "LINEAR_NAME_FULL": "Humber Bay Park Rd W", "ADDRESS_FULL": "100 Humber Bay Park Rd W", "POSTAL_CODE": "M8V 3X7", "MUNICIPALITY": "ET", "CITY": "ET", "PLACE_NAME": "Humber Bay Park East", "GENERAL_USE_CODE": 115001, "CENTRELINE_ID": 30040668, "LO_NUM": 100, "LO_NUM_SUF": "None", "HI_NUM": null, "HI_NUM_SUF": "None", "LINEAR_NAME_ID": 10882.0 }, "geometry": { "type": "MultiPoint", "coordinates": [ [ -79.481084535518605, 43.618778861115999 ] ] } },
{ "type": "Feature", "properties": { "_id": 457, "OBJECTID": 556, "GEO_ID": 20029617.0, "NAME": "HUMBER COLLEGE SCHOOL - UNIVERSITY OF GUELPH BLDG", "SCHOOL_LEVEL": "None", "SCHOOL_TYPE": "C", "BOARD_NAME": "None", "SOURCE_ADDRESS": "207 HUMBER COLLEGE BLVD ", "SCHOOL_TYPE_DESC": "College", "ADDRESS_POINT_ID": 20029617, "ADDRESS_NUMBER": "207", "LINEAR_NAME_FULL": "Humber College Blvd", "ADDRESS_FULL": "207 Humber College Blvd", "POSTAL_CODE": "None", "MUNICIPALITY": "ET", "CITY": "ET", "PLACE_NAME": "University of Guelph Campus", "GENERAL_USE_CODE": 115001, "CENTRELINE_ID": 20232386, "LO_NUM": 207, "LO_NUM_SUF": "None", "HI_NUM": null, "HI_NUM_SUF": "None", "LINEAR_NAME_ID": 1827.0 }, "geometry": { "type": "MultiPoint", "coordinates": [ [ -79.605872027109996, 43.728202085158003 ] ] } },
{ "type": "Feature", "properties": { "_id": 458, "OBJECTID": 557, "GEO_ID": 10392311.0, "NAME": "HUMBER SUMMIT MDL SCHOOL", "SCHOOL_LEVEL": "None", "SCHOOL_TYPE": "EP", "BOARD_NAME": "Toronto District School Board", "SOURCE_ADDRESS": "60 PEARLDALE AVE ", "SCHOOL_TYPE_DESC": "English Public", "ADDRESS_POINT_ID": 10392311, "ADDRESS_NUMBER": "60", "LINEAR_NAME_FULL": "Pearldale Ave", "ADDRESS_FULL": "60 Pearldale Ave", "POSTAL_CODE": "M9L 2G9", "MUNICIPALITY": "NY", "CITY": "NY", "PLACE_NAME": "Humber Summit Middle School", "GENERAL_USE_CODE": 115001, "CENTRELINE_ID": 10392312, "LO_NUM": 60, "LO_NUM_SUF": "None", "HI_NUM": null, "HI_NUM_SUF": "None", "LINEAR_NAME_ID": 6399.0 }, "geometry": { "type": "MultiPoint", "coordinates": [ [ -79.564522188693005, 43.750564753548502 ] ] } },
{ "type": "Feature", "properties": { "_id": 459, "OBJECTID": 558, "GEO_ID": 1006145.0, "NAME": "HUMBER VALLEY VILLAGE JR MDL SCHOOL", "SCHOOL_LEVEL": "None", "SCHOOL_TYPE": "EP", "BOARD_NAME": "Toronto District School Board", "SOURCE_ADDRESS": "65 HARTFIELD RD ", "SCHOOL_TYPE_DESC": "English Public", "ADDRESS_POINT_ID": 1006145, "ADDRESS_NUMBER": "65", "LINEAR_NAME_FULL": "Hartfield Rd", "ADDRESS_FULL": "65 Hartfield Rd", "POSTAL_CODE": "M9A 3E1", "MUNICIPALITY": "ET", "CITY": "ET", "PLACE_NAME": "Humber Valley Village Junior Middle School", "GENERAL_USE_CODE": 115001, "CENTRELINE_ID": 910218, "LO_NUM": 65, "LO_NUM_SUF": "None", "HI_NUM": null, "HI_NUM_SUF": "None", "LINEAR_NAME_ID": 1763.0 }, "geometry": { "type": "MultiPoint", "coordinates": [ [ -79.526566608425597, 43.665443506172103 ] ] } },
{ "type": "Feature", "properties": { "_id": 460, "OBJECTID": 559, "GEO_ID": 74152.0, "NAME": "HUMBERCREST PUBLIC SCHOOL ", "SCHOOL_LEVEL": "None", "SCHOOL_TYPE": "EP", "BOARD_NAME": "Toronto District School Board", "SOURCE_ADDRESS": "14 ST MARK'S RD ", "SCHOOL_TYPE_DESC": "English Public", "ADDRESS_POINT_ID": 74152, "ADDRESS_NUMBER": "14", "LINEAR_NAME_FULL": "St Mark's Rd", "ADDRESS_FULL": "14 St Mark's Rd", "POSTAL_CODE": "M6S 2H7", "MUNICIPALITY": "YK", "CITY": "YK", "PLACE_NAME": "Humbercrest Public School", "GENERAL_USE_CODE": 115001, "CENTRELINE_ID": 9485, "LO_NUM": 14, "LO_NUM_SUF": "None", "HI_NUM": null, "HI_NUM_SUF": "None", "LINEAR_NAME_ID": 894.0 }, "geometry": { "type": "MultiPoint", "coordinates": [ [ -79.491055373532404, 43.660452650124299 ] ] } },
{ "type": "Feature", "properties": { "_id": 461, "OBJECTID": 560, "GEO_ID": 7472009.0, "NAME": "HUMBERSIDE COLLEGIATE INSTITUTE", "SCHOOL_LEVEL": "None", "SCHOOL_TYPE": "EP", "BOARD_NAME": "Toronto District School Board", "SOURCE_ADDRESS": "280 QUEBEC AVE ", "SCHOOL_TYPE_DESC": "English Public", "ADDRESS_POINT_ID": 7472009, "ADDRESS_NUMBER": "280", "LINEAR_NAME_FULL": "Quebec Ave", "ADDRESS_FULL": "280 Quebec Ave", "POSTAL_CODE": "M6P 2V3", "MUNICIPALITY": "TO", "CITY": "TO", "PLACE_NAME": "Humberside Collegiate Institute", "GENERAL_USE_CODE": 115001, "CENTRELINE_ID": 7471991, "LO_NUM": 280, "LO_NUM_SUF": "None", "HI_NUM": null, "HI_NUM_SUF": "None", "LINEAR_NAME_ID": 4236.0 }, "geometry": { "type": "MultiPoint", "coordinates": [ [ -79.4706428031364, 43.659942715692303 ] ] } },
{ "type": "Feature", "properties": { "_id": 462, "OBJECTID": 561, "GEO_ID": 10250056.0, "NAME": "HUMBERSIDE MONTESSORI SCHOOL", "SCHOOL_LEVEL": "None", "SCHOOL_TYPE": "PR", "BOARD_NAME": "None", "SOURCE_ADDRESS": "121 KENNEDY AVE ", "SCHOOL_TYPE_DESC": "Private", "ADDRESS_POINT_ID": 10250056, "ADDRESS_NUMBER": "121", "LINEAR_NAME_FULL": "Kennedy Ave", "ADDRESS_FULL": "121 Kennedy Ave", "POSTAL_CODE": "M6S 2X8", "MUNICIPALITY": "TO", "CITY": "TO", "PLACE_NAME": "None", "GENERAL_USE_CODE": 115001, "CENTRELINE_ID": 30145837, "LO_NUM": 121, "LO_NUM_SUF": "None", "HI_NUM": null, "HI_NUM_SUF": "None", "LINEAR_NAME_ID": 3764.0 }, "geometry": { "type": "MultiPoint", "coordinates": [ [ -79.474911488004295, 43.650861753789002 ] ] } },
{ "type": "Feature", "properties": { "_id": 463, "OBJECTID": 562, "GEO_ID": 12551948.0, "NAME": "HUMBERWOOD DOWNS JR MDL ACADEMY", "SCHOOL_LEVEL": "None", "SCHOOL_TYPE": "EP", "BOARD_NAME": "Toronto District School Board", "SOURCE_ADDRESS": "850 HUMBERWOOD BLVD ", "SCHOOL_TYPE_DESC": "English Public", "ADDRESS_POINT_ID": 12551948, "ADDRESS_NUMBER": "850", "LINEAR_NAME_FULL": "Humberwood Blvd", "ADDRESS_FULL": "850 Humberwood Blvd", "POSTAL_CODE": "M9W 7A6", "MUNICIPALITY": "ET", "CITY": "ET", "PLACE_NAME": "Humberwood Downs Junior Middle Academy", "GENERAL_USE_CODE": 115001, "CENTRELINE_ID": 30003276, "LO_NUM": 850, "LO_NUM_SUF": "None", "HI_NUM": null, "HI_NUM_SUF": "None", "LINEAR_NAME_ID": 10534.0 }, "geometry": { "type": "MultiPoint", "coordinates": [ [ -79.619181873403306, 43.728885866783401 ] ] } },
{ "type": "Feature", "properties": { "_id": 464, "OBJECTID": 563, "GEO_ID": 55237.0, "NAME": "HUMEWOOD COMMUNITY SCHOOL ", "SCHOOL_LEVEL": "None", "SCHOOL_TYPE": "EP", "BOARD_NAME": "Toronto District School Board", "SOURCE_ADDRESS": "15 CHERRYWOOD AVE ", "SCHOOL_TYPE_DESC": "English Public", "ADDRESS_POINT_ID": 55237, "ADDRESS_NUMBER": "15", "LINEAR_NAME_FULL": "Cherrywood Ave", "ADDRESS_FULL": "15 Cherrywood Ave", "POSTAL_CODE": "M6C 2X4", "MUNICIPALITY": "YK", "CITY": "YK", "PLACE_NAME": "Humewood Community School", "GENERAL_USE_CODE": 115001, "CENTRELINE_ID": 8534, "LO_NUM": 15, "LO_NUM_SUF": "None", "HI_NUM": null, "HI_NUM_SUF": "None", "LINEAR_NAME_ID": 499.0 }, "geometry": { "type": "MultiPoint", "coordinates": [ [ -79.428020451661695, 43.686635093021799 ] ] } },
{ "type": "Feature", "properties": { "_id": 465, "OBJECTID": 564, "GEO_ID": 341682.0, "NAME": "HUNTER'S GLEN JR PUBLIC SCHOOL ", "SCHOOL_LEVEL": "None", "SCHOOL_TYPE": "EP", "BOARD_NAME": "Toronto District School Board", "SOURCE_ADDRESS": "16 HAILEYBURY DR ", "SCHOOL_TYPE_DESC": "English Public", "ADDRESS_POINT_ID": 341682, "ADDRESS_NUMBER": "16", "LINEAR_NAME_FULL": "Haileybury Dr", "ADDRESS_FULL": "16 Haileybury Dr", "POSTAL_CODE": "M1K 4X5", "MUNICIPALITY": "SC", "CITY": "SC", "PLACE_NAME": "Hunter's Glen Junior Public School", "GENERAL_USE_CODE": 115001, "CENTRELINE_ID": 30073938, "LO_NUM": 16, "LO_NUM_SUF": "None", "HI_NUM": null, "HI_NUM_SUF": "None", "LINEAR_NAME_ID": 8054.0 }, "geometry": { "type": "MultiPoint", "coordinates": [ [ -79.260121989451903, 43.7457122545676 ] ] } },
{ "type": "Feature", "properties": { "_id": 466, "OBJECTID": 565, "GEO_ID": 7974431.0, "NAME": "HURON STREET JR PUBLIC SCHOOL ", "SCHOOL_LEVEL": "None", "SCHOOL_TYPE": "EP", "BOARD_NAME": "Toronto District School Board", "SOURCE_ADDRESS": "541 HURON ST ", "SCHOOL_TYPE_DESC": "English Public", "ADDRESS_POINT_ID": 7974431, "ADDRESS_NUMBER": "541", "LINEAR_NAME_FULL": "Huron St", "ADDRESS_FULL": "541 Huron St", "POSTAL_CODE": "M5R 2R6", "MUNICIPALITY": "TO", "CITY": "TO", "PLACE_NAME": "Huron Street Junior Public School", "GENERAL_USE_CODE": 115001, "CENTRELINE_ID": 7974421, "LO_NUM": 541, "LO_NUM_SUF": "None", "HI_NUM": null, "HI_NUM_SUF": "None", "LINEAR_NAME_ID": 3716.0 }, "geometry": { "type": "MultiPoint", "coordinates": [ [ -79.402421588062296, 43.670575509971798 ] ] } },
{ "type": "Feature", "properties": { "_id": 467, "OBJECTID": 566, "GEO_ID": 489054.0, "NAME": "IMAM ALI ISLAMIC CENTRE AND AL HAADI ACADEMY SCHOOL", "SCHOOL_LEVEL": "None", "SCHOOL_TYPE": "PR", "BOARD_NAME": "None", "SOURCE_ADDRESS": "120 BERMONDSEY RD ", "SCHOOL_TYPE_DESC": "Private", "ADDRESS_POINT_ID": 489054, "ADDRESS_NUMBER": "120", "LINEAR_NAME_FULL": "Bermondsey Rd", "ADDRESS_FULL": "120 Bermondsey Rd", "POSTAL_CODE": "M4A 1X5", "MUNICIPALITY": "NY", "CITY": "NY", "PLACE_NAME": "None", "GENERAL_USE_CODE": 115001, "CENTRELINE_ID": 444998, "LO_NUM": 120, "LO_NUM_SUF": "None", "HI_NUM": null, "HI_NUM_SUF": "None", "LINEAR_NAME_ID": 31.0 }, "geometry": { "type": "MultiPoint", "coordinates": [ [ -79.314609135376003, 43.717712821575802 ] ] } },
{ "type": "Feature", "properties": { "_id": 468, "OBJECTID": 567, "GEO_ID": 501943.0, "NAME": "IMMACULATE CONCEPTION CATHOLIC ELEMENTARY SCHOOL", "SCHOOL_LEVEL": "None", "SCHOOL_TYPE": "ES", "BOARD_NAME": "Toronto Catholic District School Board", "SOURCE_ADDRESS": "23 COMAY RD ", "SCHOOL_TYPE_DESC": "English Separate", "ADDRESS_POINT_ID": 501943, "ADDRESS_NUMBER": "23", "LINEAR_NAME_FULL": "Comay Rd", "ADDRESS_FULL": "23 Comay Rd", "POSTAL_CODE": "M6M 2K9", "MUNICIPALITY": "NY", "CITY": "NY", "PLACE_NAME": "Immaculate Conception Catholic School", "GENERAL_USE_CODE": 115001, "CENTRELINE_ID": 30097795, "LO_NUM": 23, "LO_NUM_SUF": "None", "HI_NUM": null, "HI_NUM_SUF": "None", "LINEAR_NAME_ID": 520.0 }, "geometry": { "type": "MultiPoint", "coordinates": [ [ -79.4778216965409, 43.697680138309401 ] ] } },
{ "type": "Feature", "properties": { "_id": 469, "OBJECTID": 568, "GEO_ID": 308238.0, "NAME": "IMMACULATE HEART OF MARY CATHOLIC ELEMENTARY SCHOOL", "SCHOOL_LEVEL": "None", "SCHOOL_TYPE": "ES", "BOARD_NAME": "Toronto Catholic District School Board", "SOURCE_ADDRESS": "101 BIRCHMOUNT RD ", "SCHOOL_TYPE_DESC": "English Separate", "ADDRESS_POINT_ID": 308238, "ADDRESS_NUMBER": "101", "LINEAR_NAME_FULL": "Birchmount Rd", "ADDRESS_FULL": "101 Birchmount Rd", "POSTAL_CODE": "M1N 3J7", "MUNICIPALITY": "SC", "CITY": "SC", "PLACE_NAME": "Immaculate Heart of Mary", "GENERAL_USE_CODE": 115001, "CENTRELINE_ID": 112858, "LO_NUM": 101, "LO_NUM_SUF": "None", "HI_NUM": null, "HI_NUM_SUF": "None", "LINEAR_NAME_ID": 7365.0 }, "geometry": { "type": "MultiPoint", "coordinates": [ [ -79.262458000531097, 43.696144795195003 ] ] } },
{ "type": "Feature", "properties": { "_id": 470, "OBJECTID": 569, "GEO_ID": 824662.0, "NAME": "INDIAN ROAD CRESCENT JR PUBLIC SCHOOL ", "SCHOOL_LEVEL": "None", "SCHOOL_TYPE": "EP", "BOARD_NAME": "Toronto District School Board", "SOURCE_ADDRESS": "285 INDIAN ROAD CRES ", "SCHOOL_TYPE_DESC": "English Public", "ADDRESS_POINT_ID": 824662, "ADDRESS_NUMBER": "285", "LINEAR_NAME_FULL": "Indian Road Cres", "ADDRESS_FULL": "285 Indian Road Cres", "POSTAL_CODE": "M6P 2G8", "MUNICIPALITY": "TO", "CITY": "TO", "PLACE_NAME": "Indian Road Crescent Junior Public School", "GENERAL_USE_CODE": 115001, "CENTRELINE_ID": 1143611, "LO_NUM": 285, "LO_NUM_SUF": "None", "HI_NUM": null, "HI_NUM_SUF": "None", "LINEAR_NAME_ID": 3724.0 }, "geometry": { "type": "MultiPoint", "coordinates": [ [ -79.460077900139694, 43.6625287329027 ] ] } },
{ "type": "Feature", "properties": { "_id": 471, "OBJECTID": 570, "GEO_ID": 864474.0, "NAME": "INGLENOOK COMMUNITY SCHOOL ", "SCHOOL_LEVEL": "None", "SCHOOL_TYPE": "EP", "BOARD_NAME": "Toronto District School Board", "SOURCE_ADDRESS": "19 SACKVILLE ST ", "SCHOOL_TYPE_DESC": "English Public", "ADDRESS_POINT_ID": 864474, "ADDRESS_NUMBER": "19", "LINEAR_NAME_FULL": "Sackville St", "ADDRESS_FULL": "19 Sackville St", "POSTAL_CODE": "M5A 3E1", "MUNICIPALITY": "TO", "CITY": "TO", "PLACE_NAME": "Inglenook Community School", "GENERAL_USE_CODE": 115001, "CENTRELINE_ID": 1144788, "LO_NUM": 19, "LO_NUM_SUF": "None", "HI_NUM": null, "HI_NUM_SUF": "None", "LINEAR_NAME_ID": 4353.0 }, "geometry": { "type": "MultiPoint", "coordinates": [ [ -79.359400721946599, 43.653975289477302 ] ] } },
{ "type": "Feature", "properties": { "_id": 472, "OBJECTID": 571, "GEO_ID": 327534.0, "NAME": "INGLEWOOD HEIGHTS JR PUBLIC SCHOOL", "SCHOOL_LEVEL": "None", "SCHOOL_TYPE": "EP", "BOARD_NAME": "Toronto District School Board", "SOURCE_ADDRESS": "45 DEMPSTER ST ", "SCHOOL_TYPE_DESC": "English Public", "ADDRESS_POINT_ID": 327534, "ADDRESS_NUMBER": "45", "LINEAR_NAME_FULL": "Dempster St", "ADDRESS_FULL": "45 Dempster St", "POSTAL_CODE": "M1T 2T6", "MUNICIPALITY": "SC", "CITY": "SC", "PLACE_NAME": "Inglewood Heights Junior Public School", "GENERAL_USE_CODE": 115001, "CENTRELINE_ID": 107178, "LO_NUM": 45, "LO_NUM_SUF": "None", "HI_NUM": null, "HI_NUM_SUF": "None", "LINEAR_NAME_ID": 7743.0 }, "geometry": { "type": "MultiPoint", "coordinates": [ [ -79.292318152591704, 43.7794075284367 ] ] } },
{ "type": "Feature", "properties": { "_id": 473, "OBJECTID": 572, "GEO_ID": 9345075.0, "NAME": "INSTITUTE OF CANADIAN EDUCATION", "SCHOOL_LEVEL": "None", "SCHOOL_TYPE": "PR", "BOARD_NAME": "None", "SOURCE_ADDRESS": "140 LA ROSE AVE ", "SCHOOL_TYPE_DESC": "Private", "ADDRESS_POINT_ID": 9345075, "ADDRESS_NUMBER": "140", "LINEAR_NAME_FULL": "La Rose Ave", "ADDRESS_FULL": "140 La Rose Ave", "POSTAL_CODE": "M9P 1B2", "MUNICIPALITY": "ET", "CITY": "ET", "PLACE_NAME": "None", "GENERAL_USE_CODE": 115001, "CENTRELINE_ID": 9345057, "LO_NUM": 140, "LO_NUM_SUF": "None", "HI_NUM": null, "HI_NUM_SUF": "None", "LINEAR_NAME_ID": 1949.0 }, "geometry": { "type": "MultiPoint", "coordinates": [ [ -79.523949826108094, 43.685625092200603 ] ] } },
{ "type": "Feature", "properties": { "_id": 474, "OBJECTID": 573, "GEO_ID": 347910.0, "NAME": "IONVIEW PUBLIC SCHOOL", "SCHOOL_LEVEL": "None", "SCHOOL_TYPE": "EP", "BOARD_NAME": "Toronto District School Board", "SOURCE_ADDRESS": "90 IONVIEW RD ", "SCHOOL_TYPE_DESC": "English Public", "ADDRESS_POINT_ID": 347910, "ADDRESS_NUMBER": "90", "LINEAR_NAME_FULL": "Ionview Rd", "ADDRESS_FULL": "90 Ionview Rd", "POSTAL_CODE": "M1K 2Z9", "MUNICIPALITY": "SC", "CITY": "SC", "PLACE_NAME": "Ionview Public School", "GENERAL_USE_CODE": 115001, "CENTRELINE_ID": 110925, "LO_NUM": 90, "LO_NUM_SUF": "None", "HI_NUM": null, "HI_NUM_SUF": "None", "LINEAR_NAME_ID": 8175.0 }, "geometry": { "type": "MultiPoint", "coordinates": [ [ -79.274317957744898, 43.737451624023599 ] ] } },
{ "type": "Feature", "properties": { "_id": 475, "OBJECTID": 574, "GEO_ID": 10313401.0, "NAME": "IQRA NEJASHI ISLAMIC SCHOOL", "SCHOOL_LEVEL": "None", "SCHOOL_TYPE": "PR", "BOARD_NAME": "None", "SOURCE_ADDRESS": "171 MCCORMACK ST ", "SCHOOL_TYPE_DESC": "Private", "ADDRESS_POINT_ID": 10313401, "ADDRESS_NUMBER": "171", "LINEAR_NAME_FULL": "McCormack St", "ADDRESS_FULL": "171 McCormack St", "POSTAL_CODE": "M6N 1X8", "MUNICIPALITY": "YK", "CITY": "YK", "PLACE_NAME": "None", "GENERAL_USE_CODE": 115001, "CENTRELINE_ID": 10313400, "LO_NUM": 171, "LO_NUM_SUF": "None", "HI_NUM": null, "HI_NUM_SUF": "None", "LINEAR_NAME_ID": 765.0 }, "geometry": { "type": "MultiPoint", "coordinates": [ [ -79.479146832182096, 43.675065078535901 ] ] } },
{ "type": "Feature", "properties": { "_id": 476, "OBJECTID": 575, "GEO_ID": 318894.0, "NAME": "IROQUOIS JR PUBLIC SCHOOL ", "SCHOOL_LEVEL": "None", "SCHOOL_TYPE": "EP", "BOARD_NAME": "Toronto District School Board", "SOURCE_ADDRESS": "265 CHARTLAND BLVD S", "SCHOOL_TYPE_DESC": "English Public", "ADDRESS_POINT_ID": 318894, "ADDRESS_NUMBER": "265", "LINEAR_NAME_FULL": "Chartland Blvd S", "ADDRESS_FULL": "265 Chartland Blvd S", "POSTAL_CODE": "M1S 2S6", "MUNICIPALITY": "SC", "CITY": "SC", "PLACE_NAME": "Iroquois Junior Public School", "GENERAL_USE_CODE": 115001, "CENTRELINE_ID": 104797, "LO_NUM": 265, "LO_NUM_SUF": "None", "HI_NUM": null, "HI_NUM_SUF": "None", "LINEAR_NAME_ID": 7566.0 }, "geometry": { "type": "MultiPoint", "coordinates": [ [ -79.269440805528902, 43.802680156634899 ] ] } },
{ "type": "Feature", "properties": { "_id": 477, "OBJECTID": 576, "GEO_ID": 73838.0, "NAME": "ISLAMIC EDUCATION GUIDANCE CENTRE", "SCHOOL_LEVEL": "None", "SCHOOL_TYPE": "PR", "BOARD_NAME": "None", "SOURCE_ADDRESS": "40 SOUTH STATION ST ", "SCHOOL_TYPE_DESC": "Private", "ADDRESS_POINT_ID": 73838, "ADDRESS_NUMBER": "40", "LINEAR_NAME_FULL": "South Station St", "ADDRESS_FULL": "40 South Station St", "POSTAL_CODE": "M9N 2B3", "MUNICIPALITY": "YK", "CITY": "YK", "PLACE_NAME": "None", "GENERAL_USE_CODE": 115001, "CENTRELINE_ID": 7464, "LO_NUM": 40, "LO_NUM_SUF": "None", "HI_NUM": null, "HI_NUM_SUF": "None", "LINEAR_NAME_ID": 870.0 }, "geometry": { "type": "MultiPoint", "coordinates": [ [ -79.516926705864293, 43.701023024281596 ] ] } },
{ "type": "Feature", "properties": { "_id": 478, "OBJECTID": 577, "GEO_ID": 7561058.0, "NAME": "ISLAMIC FOUNDATION SCHOOL", "SCHOOL_LEVEL": "None", "SCHOOL_TYPE": "PR", "BOARD_NAME": "None", "SOURCE_ADDRESS": "441 NUGGET AVE ", "SCHOOL_TYPE_DESC": "Private", "ADDRESS_POINT_ID": 7561058, "ADDRESS_NUMBER": "441", "LINEAR_NAME_FULL": "Nugget Ave", "ADDRESS_FULL": "441 Nugget Ave", "POSTAL_CODE": "M1S 5E1", "MUNICIPALITY": "SC", "CITY": "SC", "PLACE_NAME": "Islamic Foundation", "GENERAL_USE_CODE": 115001, "CENTRELINE_ID": 7561024, "LO_NUM": 441, "LO_NUM_SUF": "None", "HI_NUM": null, "HI_NUM_SUF": "None", "LINEAR_NAME_ID": 11074.0 }, "geometry": { "type": "MultiPoint", "coordinates": [ [ -79.241749231569997, 43.7979783592912 ] ] } },
{ "type": "Feature", "properties": { "_id": 479, "OBJECTID": 578, "GEO_ID": 14651578.0, "NAME": "ISLAMIC INSTITUTE OF TORONTO ACADEMY SCHOOL", "SCHOOL_LEVEL": "None", "SCHOOL_TYPE": "PR", "BOARD_NAME": "None", "SOURCE_ADDRESS": "1630 NEILSON RD ", "SCHOOL_TYPE_DESC": "Private", "ADDRESS_POINT_ID": 14651578, "ADDRESS_NUMBER": "1630", "LINEAR_NAME_FULL": "Neilson Rd", "ADDRESS_FULL": "1630 Neilson Rd", "POSTAL_CODE": "M1X 1S3", "MUNICIPALITY": "SC", "CITY": "SC", "PLACE_NAME": "None", "GENERAL_USE_CODE": 115001, "CENTRELINE_ID": 103531, "LO_NUM": 1630, "LO_NUM_SUF": "None", "HI_NUM": null, "HI_NUM_SUF": "None", "LINEAR_NAME_ID": 8574.0 }, "geometry": { "type": "MultiPoint", "coordinates": [ [ -79.229832821472201, 43.8187301827992 ] ] } },
{ "type": "Feature", "properties": { "_id": 480, "OBJECTID": 579, "GEO_ID": 14258202.0, "NAME": "ISLAND PUBLIC NATURAL SCIENCE SCHOOL", "SCHOOL_LEVEL": "None", "SCHOOL_TYPE": "EP", "BOARD_NAME": "Toronto District School Board", "SOURCE_ADDRESS": "30 CENTRE ISLAND PK ", "SCHOOL_TYPE_DESC": "English Public", "ADDRESS_POINT_ID": 14258202, "ADDRESS_NUMBER": "30", "LINEAR_NAME_FULL": "Centre Island Pk", "ADDRESS_FULL": "30 Centre Island Pk", "POSTAL_CODE": "M5J 2E9", "MUNICIPALITY": "TO", "CITY": "TO", "PLACE_NAME": "None", "GENERAL_USE_CODE": 115001, "CENTRELINE_ID": 1147832, "LO_NUM": 30, "LO_NUM_SUF": "None", "HI_NUM": null, "HI_NUM_SUF": "None", "LINEAR_NAME_ID": 17507.0 }, "geometry": { "type": "MultiPoint", "coordinates": [ [ -79.3783881351182, 43.615700277862103 ] ] } },
{ "type": "Feature", "properties": { "_id": 481, "OBJECTID": 580, "GEO_ID": 994430.0, "NAME": "ISLINGTON JR MDL SCHOOL ", "SCHOOL_LEVEL": "None", "SCHOOL_TYPE": "EP", "BOARD_NAME": "Toronto District School Board", "SOURCE_ADDRESS": "44 CORDOVA AVE ", "SCHOOL_TYPE_DESC": "English Public", "ADDRESS_POINT_ID": 994430, "ADDRESS_NUMBER": "44", "LINEAR_NAME_FULL": "Cordova Ave", "ADDRESS_FULL": "44 Cordova Ave", "POSTAL_CODE": "M9A 2H5", "MUNICIPALITY": "ET", "CITY": "ET", "PLACE_NAME": "Islington Junior Middle School", "GENERAL_USE_CODE": 115001, "CENTRELINE_ID": 911431, "LO_NUM": 44, "LO_NUM_SUF": "None", "HI_NUM": null, "HI_NUM_SUF": "None", "LINEAR_NAME_ID": 1386.0 }, "geometry": { "type": "MultiPoint", "coordinates": [ [ -79.527946691079904, 43.647482816172698 ] ] } },
{ "type": "Feature", "properties": { "_id": 482, "OBJECTID": 581, "GEO_ID": 322672.0, "NAME": "J B TYRRELL SR PUBLIC SCHOOL", "SCHOOL_LEVEL": "None", "SCHOOL_TYPE": "EP", "BOARD_NAME": "Toronto District School Board", "SOURCE_ADDRESS": "10 CORINTHIAN BLVD ", "SCHOOL_TYPE_DESC": "English Public", "ADDRESS_POINT_ID": 322672, "ADDRESS_NUMBER": "10", "LINEAR_NAME_FULL": "Corinthian Blvd", "ADDRESS_FULL": "10 Corinthian Blvd", "POSTAL_CODE": "M1W 1B3", "MUNICIPALITY": "SC", "CITY": "SC", "PLACE_NAME": "J.B. Tyrell Public School", "GENERAL_USE_CODE": 115001, "CENTRELINE_ID": 106292, "LO_NUM": 10, "LO_NUM_SUF": "None", "HI_NUM": null, "HI_NUM_SUF": "None", "LINEAR_NAME_ID": 7651.0 }, "geometry": { "type": "MultiPoint", "coordinates": [ [ -79.324175066290195, 43.7888787686407 ] ] } },
{ "type": "Feature", "properties": { "_id": 483, "OBJECTID": 582, "GEO_ID": 4503984.0, "NAME": "J G WORKMAN PUBLIC SCHOOL", "SCHOOL_LEVEL": "None", "SCHOOL_TYPE": "EP", "BOARD_NAME": "Toronto District School Board", "SOURCE_ADDRESS": "487 BIRCHMOUNT RD ", "SCHOOL_TYPE_DESC": "English Public", "ADDRESS_POINT_ID": 4503984, "ADDRESS_NUMBER": "487", "LINEAR_NAME_FULL": "Birchmount Rd", "ADDRESS_FULL": "487 Birchmount Rd", "POSTAL_CODE": "M1K 1N7", "MUNICIPALITY": "SC", "CITY": "SC", "PLACE_NAME": "J. G. Workman Public School", "GENERAL_USE_CODE": 115001, "CENTRELINE_ID": 4503983, "LO_NUM": 487, "LO_NUM_SUF": "None", "HI_NUM": null, "HI_NUM_SUF": "None", "LINEAR_NAME_ID": 7365.0 }, "geometry": { "type": "MultiPoint", "coordinates": [ [ -79.267127927967607, 43.707191256845597 ] ] } },
{ "type": "Feature", "properties": { "_id": 484, "OBJECTID": 583, "GEO_ID": 51261.0, "NAME": "J R WILCOX COMMUNITY SCHOOL", "SCHOOL_LEVEL": "None", "SCHOOL_TYPE": "EP", "BOARD_NAME": "Toronto District School Board", "SOURCE_ADDRESS": "231 AVA RD ", "SCHOOL_TYPE_DESC": "English Public", "ADDRESS_POINT_ID": 51261, "ADDRESS_NUMBER": "231", "LINEAR_NAME_FULL": "Ava Rd", "ADDRESS_FULL": "231 Ava Rd", "POSTAL_CODE": "M6C 1X3", "MUNICIPALITY": "YK", "CITY": "YK", "PLACE_NAME": "J. R. Wilcox Community School", "GENERAL_USE_CODE": 115001, "CENTRELINE_ID": 7726, "LO_NUM": 231, "LO_NUM_SUF": "None", "HI_NUM": null, "HI_NUM_SUF": "None", "LINEAR_NAME_ID": 418.0 }, "geometry": { "type": "MultiPoint", "coordinates": [ [ -79.436305264814905, 43.694946793745302 ] ] } },
{ "type": "Feature", "properties": { "_id": 485, "OBJECTID": 584, "GEO_ID": 341468.0, "NAME": "JACK MINER SR PUBLIC SCHOOL", "SCHOOL_LEVEL": "None", "SCHOOL_TYPE": "EP", "BOARD_NAME": "Toronto District School Board", "SOURCE_ADDRESS": "405 GUILDWOOD PKWY ", "SCHOOL_TYPE_DESC": "English Public", "ADDRESS_POINT_ID": 341468, "ADDRESS_NUMBER": "405", "LINEAR_NAME_FULL": "Guildwood Pkwy", "ADDRESS_FULL": "405 Guildwood Pkwy", "POSTAL_CODE": "M1E 1R3", "MUNICIPALITY": "SC", "CITY": "SC", "PLACE_NAME": "Jack Miner Senior Public School", "GENERAL_USE_CODE": 115001, "CENTRELINE_ID": 109865, "LO_NUM": 405, "LO_NUM_SUF": "None", "HI_NUM": null, "HI_NUM_SUF": "None", "LINEAR_NAME_ID": 8047.0 }, "geometry": { "type": "MultiPoint", "coordinates": [ [ -79.186968339472003, 43.749688633647999 ] ] } },
{ "type": "Feature", "properties": { "_id": 486, "OBJECTID": 585, "GEO_ID": 825367.0, "NAME": "JACKMAN AVENUE JR PUBLIC SCHOOL", "SCHOOL_LEVEL": "None", "SCHOOL_TYPE": "EP", "BOARD_NAME": "Toronto District School Board", "SOURCE_ADDRESS": "79 JACKMAN AVE ", "SCHOOL_TYPE_DESC": "English Public", "ADDRESS_POINT_ID": 825367, "ADDRESS_NUMBER": "79", "LINEAR_NAME_FULL": "Jackman Ave", "ADDRESS_FULL": "79 Jackman Ave", "POSTAL_CODE": "M4K 2X5", "MUNICIPALITY": "TO", "CITY": "TO", "PLACE_NAME": "Jackman Avenue Junior Public School", "GENERAL_USE_CODE": 115001, "CENTRELINE_ID": 1140144, "LO_NUM": 79, "LO_NUM_SUF": "None", "HI_NUM": null, "HI_NUM_SUF": "None", "LINEAR_NAME_ID": 205.0 }, "geometry": { "type": "MultiPoint", "coordinates": [ [ -79.353935361273201, 43.680650215492101 ] ] } },
{ "type": "Feature", "properties": { "_id": 487, "OBJECTID": 586, "GEO_ID": 2377004.0, "NAME": "JACKMAN INSTITUTE OF CHILD STUDY ELEMENTARY SCHOOL", "SCHOOL_LEVEL": "None", "SCHOOL_TYPE": "U", "BOARD_NAME": "None", "SOURCE_ADDRESS": "45 WALMER RD ", "SCHOOL_TYPE_DESC": "University", "ADDRESS_POINT_ID": 2377004, "ADDRESS_NUMBER": "45", "LINEAR_NAME_FULL": "Walmer Rd", "ADDRESS_FULL": "45 Walmer Rd", "POSTAL_CODE": "M5R 2X2", "MUNICIPALITY": "TO", "CITY": "TO", "PLACE_NAME": "None", "GENERAL_USE_CODE": 115001, "CENTRELINE_ID": 2377001, "LO_NUM": 45, "LO_NUM_SUF": "None", "HI_NUM": null, "HI_NUM_SUF": "None", "LINEAR_NAME_ID": 940.0 }, "geometry": { "type": "MultiPoint", "coordinates": [ [ -79.405875497990195, 43.669613076517898 ] ] } },
{ "type": "Feature", "properties": { "_id": 488, "OBJECTID": 587, "GEO_ID": 515997.0, "NAME": "JAMES CARDINAL MCGUIGAN CATHOLIC HIGH SCHOOL", "SCHOOL_LEVEL": "None", "SCHOOL_TYPE": "ES", "BOARD_NAME": "Toronto Catholic District School Board", "SOURCE_ADDRESS": "1440 FINCH AVE W", "SCHOOL_TYPE_DESC": "English Separate", "ADDRESS_POINT_ID": 515997, "ADDRESS_NUMBER": "1440", "LINEAR_NAME_FULL": "Finch Ave W", "ADDRESS_FULL": "1440 Finch Ave W", "POSTAL_CODE": "M3J 3G3", "MUNICIPALITY": "NY", "CITY": "NY", "PLACE_NAME": "James Cardinal McGuigan School", "GENERAL_USE_CODE": 115001, "CENTRELINE_ID": 439769, "LO_NUM": 1440, "LO_NUM_SUF": "None", "HI_NUM": null, "HI_NUM_SUF": "None", "LINEAR_NAME_ID": 1610.0 }, "geometry": { "type": "MultiPoint", "coordinates": [ [ -79.493798599730695, 43.763289573789798 ] ] } },
{ "type": "Feature", "properties": { "_id": 489, "OBJECTID": 588, "GEO_ID": 10561021.0, "NAME": "JAMES CULNAN CATHOLIC ELEMENTARY SCHOOL", "SCHOOL_LEVEL": "None", "SCHOOL_TYPE": "ES", "BOARD_NAME": "Toronto Catholic District School Board", "SOURCE_ADDRESS": "605 WILLARD AVE ", "SCHOOL_TYPE_DESC": "English Separate", "ADDRESS_POINT_ID": 10561021, "ADDRESS_NUMBER": "605", "LINEAR_NAME_FULL": "Willard Ave", "ADDRESS_FULL": "605 Willard Ave", "POSTAL_CODE": "M6S 3S1", "MUNICIPALITY": "YK", "CITY": "YK", "PLACE_NAME": "James Culnan Catholic School", "GENERAL_USE_CODE": 115001, "CENTRELINE_ID": 10560970, "LO_NUM": 605, "LO_NUM_SUF": "None", "HI_NUM": null, "HI_NUM_SUF": "None", "LINEAR_NAME_ID": 957.0 }, "geometry": { "type": "MultiPoint", "coordinates": [ [ -79.485584250484706, 43.661107118969099 ] ] } },
{ "type": "Feature", "properties": { "_id": 490, "OBJECTID": 589, "GEO_ID": 7287731.0, "NAME": "JAMES S BELL JR MDL SPORTS AND WELLNESS ACADEMY", "SCHOOL_LEVEL": "None", "SCHOOL_TYPE": "EP", "BOARD_NAME": "Toronto District School Board", "SOURCE_ADDRESS": "90 THIRTY FIRST ST ", "SCHOOL_TYPE_DESC": "English Public", "ADDRESS_POINT_ID": 7287731, "ADDRESS_NUMBER": "90", "LINEAR_NAME_FULL": "Thirty First St", "ADDRESS_FULL": "90 Thirty First St", "POSTAL_CODE": "M8W 3E9", "MUNICIPALITY": "ET", "CITY": "ET", "PLACE_NAME": "James S Bell Junior Middle Sports and Wellness Academy", "GENERAL_USE_CODE": 115001, "CENTRELINE_ID": 7287729, "LO_NUM": 90, "LO_NUM_SUF": "None", "HI_NUM": null, "HI_NUM_SUF": "None", "LINEAR_NAME_ID": 2615.0 }, "geometry": { "type": "MultiPoint", "coordinates": [ [ -79.530191701879403, 43.594354226039599 ] ] } },
{ "type": "Feature", "properties": { "_id": 491, "OBJECTID": 590, "GEO_ID": 6522646.0, "NAME": "JARVIS COLLEGIATE INSTITUTE", "SCHOOL_LEVEL": "None", "SCHOOL_TYPE": "EP", "BOARD_NAME": "Toronto District School Board", "SOURCE_ADDRESS": "495 JARVIS ST ", "SCHOOL_TYPE_DESC": "English Public", "ADDRESS_POINT_ID": 6522646, "ADDRESS_NUMBER": "495", "LINEAR_NAME_FULL": "Jarvis St", "ADDRESS_FULL": "495 Jarvis St", "POSTAL_CODE": "M4Y 2G8", "MUNICIPALITY": "TO", "CITY": "TO", "PLACE_NAME": "Jarvis Collegiate Institute", "GENERAL_USE_CODE": 115001, "CENTRELINE_ID": 6522648, "LO_NUM": 495, "LO_NUM_SUF": "None", "HI_NUM": null, "HI_NUM_SUF": "None", "LINEAR_NAME_ID": 3741.0 }, "geometry": { "type": "MultiPoint", "coordinates": [ [ -79.377758767116404, 43.666091393865599 ] ] } },
{ "type": "Feature", "properties": { "_id": 492, "OBJECTID": 591, "GEO_ID": 30114323.0, "NAME": "JEAN LUMB PUBLIC SCHOOL", "SCHOOL_LEVEL": "None", "SCHOOL_TYPE": "EP", "BOARD_NAME": "Toronto District School Board", "SOURCE_ADDRESS": "20 BRUNEL CRT ", "SCHOOL_TYPE_DESC": "English Public", "ADDRESS_POINT_ID": 30114323, "ADDRESS_NUMBER": "20", "LINEAR_NAME_FULL": "Brunel Crt", "ADDRESS_FULL": "20 Brunel Crt", "POSTAL_CODE": "M5V 0R5", "MUNICIPALITY": "TO", "CITY": "TO", "PLACE_NAME": "None", "GENERAL_USE_CODE": 115001, "CENTRELINE_ID": 20035049, "LO_NUM": 20, "LO_NUM_SUF": "None", "HI_NUM": null, "HI_NUM_SUF": "None", "LINEAR_NAME_ID": 18312.0 }, "geometry": { "type": "MultiPoint", "coordinates": [ [ -79.394275663890497, 43.639270767532999 ] ] } },
{ "type": "Feature", "properties": { "_id": 493, "OBJECTID": 592, "GEO_ID": 7979412.0, "NAME": "JESSE KETCHUM JR & SR PUBLIC SCHOOL", "SCHOOL_LEVEL": "None", "SCHOOL_TYPE": "EP", "BOARD_NAME": "Toronto District School Board", "SOURCE_ADDRESS": "61 DAVENPORT RD ", "SCHOOL_TYPE_DESC": "English Public", "ADDRESS_POINT_ID": 7979412, "ADDRESS_NUMBER": "61", "LINEAR_NAME_FULL": "Davenport Rd", "ADDRESS_FULL": "61 Davenport Rd", "POSTAL_CODE": "M5R 1H4", "MUNICIPALITY": "TO", "CITY": "TO", "PLACE_NAME": "Jesse Ketchum Junior and Senior Public School", "GENERAL_USE_CODE": 115001, "CENTRELINE_ID": 7979413, "LO_NUM": 61, "LO_NUM_SUF": "None", "HI_NUM": null, "HI_NUM_SUF": "None", "LINEAR_NAME_ID": 3269.0 }, "geometry": { "type": "MultiPoint", "coordinates": [ [ -79.392139225785897, 43.672982622486103 ] ] } },
{ "type": "Feature", "properties": { "_id": 494, "OBJECTID": 593, "GEO_ID": 363191.0, "NAME": "JOHN A LESLIE PUBLIC SCHOOL ", "SCHOOL_LEVEL": "None", "SCHOOL_TYPE": "EP", "BOARD_NAME": "Toronto District School Board", "SOURCE_ADDRESS": "459 MIDLAND AVE ", "SCHOOL_TYPE_DESC": "English Public", "ADDRESS_POINT_ID": 363191, "ADDRESS_NUMBER": "459", "LINEAR_NAME_FULL": "Midland Ave", "ADDRESS_FULL": "459 Midland Ave", "POSTAL_CODE": "M1N 4A7", "MUNICIPALITY": "SC", "CITY": "SC", "PLACE_NAME": "John A. Leslie Public School", "GENERAL_USE_CODE": 115001, "CENTRELINE_ID": 112075, "LO_NUM": 459, "LO_NUM_SUF": "None", "HI_NUM": null, "HI_NUM_SUF": "None", "LINEAR_NAME_ID": 8496.0 }, "geometry": { "type": "MultiPoint", "coordinates": [ [ -79.249059376156595, 43.7141086801971 ] ] } },
{ "type": "Feature", "properties": { "_id": 495, "OBJECTID": 594, "GEO_ID": 9668671.0, "NAME": "JOHN BUCHAN SR & STEPHEN LEACOCK C.I.", "SCHOOL_LEVEL": "None", "SCHOOL_TYPE": "EP", "BOARD_NAME": "Toronto District School Board", "SOURCE_ADDRESS": "2450 BIRCHMOUNT RD ", "SCHOOL_TYPE_DESC": "English Public", "ADDRESS_POINT_ID": 9668671, "ADDRESS_NUMBER": "2450", "LINEAR_NAME_FULL": "Birchmount Rd", "ADDRESS_FULL": "2450 Birchmount Rd", "POSTAL_CODE": "M1T 2M5", "MUNICIPALITY": "SC", "CITY": "SC", "PLACE_NAME": "Stephen Leacock Collegiate Institute", "GENERAL_USE_CODE": 115001, "CENTRELINE_ID": 30000677, "LO_NUM": 2450, "LO_NUM_SUF": "None", "HI_NUM": null, "HI_NUM_SUF": "None", "LINEAR_NAME_ID": 7365.0 }, "geometry": { "type": "MultiPoint", "coordinates": [ [ -79.302134261418104, 43.785182043433402 ] ] } },
{ "type": "Feature", "properties": { "_id": 496, "OBJECTID": 595, "GEO_ID": 1020094.0, "NAME": "JOHN D PARKER JR SCHOOL", "SCHOOL_LEVEL": "None", "SCHOOL_TYPE": "EP", "BOARD_NAME": "Toronto District School Board", "SOURCE_ADDRESS": "202 MOUNT OLIVE DR ", "SCHOOL_TYPE_DESC": "English Public", "ADDRESS_POINT_ID": 1020094, "ADDRESS_NUMBER": "202", "LINEAR_NAME_FULL": "Mount Olive Dr", "ADDRESS_FULL": "202 Mount Olive Dr", "POSTAL_CODE": "M9V 3Z5", "MUNICIPALITY": "ET", "CITY": "ET", "PLACE_NAME": "John D Parker Junior School", "GENERAL_USE_CODE": 115001, "CENTRELINE_ID": 906556, "LO_NUM": 202, "LO_NUM_SUF": "None", "HI_NUM": null, "HI_NUM_SUF": "None", "LINEAR_NAME_ID": 2145.0 }, "geometry": { "type": "MultiPoint", "coordinates": [ [ -79.596445517914901, 43.753357913015797 ] ] } },
{ "type": "Feature", "properties": { "_id": 497, "OBJECTID": 596, "GEO_ID": 7561025.0, "NAME": "JOHN ENGLISH JR MDL SCHOOL ", "SCHOOL_LEVEL": "None", "SCHOOL_TYPE": "EP", "BOARD_NAME": "Toronto District School Board", "SOURCE_ADDRESS": "95 MIMICO AVE ", "SCHOOL_TYPE_DESC": "English Public", "ADDRESS_POINT_ID": 7561025, "ADDRESS_NUMBER": "95", "LINEAR_NAME_FULL": "Mimico Ave", "ADDRESS_FULL": "95 Mimico Ave", "POSTAL_CODE": "M8V 1R4", "MUNICIPALITY": "ET", "CITY": "ET", "PLACE_NAME": "John English Junior Middle School", "GENERAL_USE_CODE": 115001, "CENTRELINE_ID": 7561026, "LO_NUM": 95, "LO_NUM_SUF": "None", "HI_NUM": null, "HI_NUM_SUF": "None", "LINEAR_NAME_ID": 2119.0 }, "geometry": { "type": "MultiPoint", "coordinates": [ [ -79.494418003427398, 43.611855733846703 ] ] } },
{ "type": "Feature", "properties": { "_id": 498, "OBJECTID": 597, "GEO_ID": 11541855.0, "NAME": "JOHN FISHER JR PUBLIC SCHOOL ", "SCHOOL_LEVEL": "None", "SCHOOL_TYPE": "EP", "BOARD_NAME": "Toronto District School Board", "SOURCE_ADDRESS": "40 ERSKINE AVE ", "SCHOOL_TYPE_DESC": "English Public", "ADDRESS_POINT_ID": 11541855, "ADDRESS_NUMBER": "40", "LINEAR_NAME_FULL": "Erskine Ave", "ADDRESS_FULL": "40 Erskine Ave", "POSTAL_CODE": "M4P 1Y2", "MUNICIPALITY": "TO", "CITY": "TO", "PLACE_NAME": "John Fisher Junior Public School", "GENERAL_USE_CODE": 115001, "CENTRELINE_ID": 11541837, "LO_NUM": 40, "LO_NUM_SUF": "None", "HI_NUM": null, "HI_NUM_SUF": "None", "LINEAR_NAME_ID": 3407.0 }, "geometry": { "type": "MultiPoint", "coordinates": [ [ -79.397672095423403, 43.711717740144998 ] ] } },
{ "type": "Feature", "properties": { "_id": 499, "OBJECTID": 598, "GEO_ID": 10512731.0, "NAME": "JOHN G ALTHOUSE MDL SCHOOL", "SCHOOL_LEVEL": "None", "SCHOOL_TYPE": "EP", "BOARD_NAME": "Toronto District School Board", "SOURCE_ADDRESS": "130 LLOYD MANOR RD ", "SCHOOL_TYPE_DESC": "English Public", "ADDRESS_POINT_ID": 10512731, "ADDRESS_NUMBER": "130", "LINEAR_NAME_FULL": "Lloyd Manor Rd", "ADDRESS_FULL": "130 Lloyd Manor Rd", "POSTAL_CODE": "M9B 5K1", "MUNICIPALITY": "ET", "CITY": "ET", "PLACE_NAME": "John G. Althouse Middle School", "GENERAL_USE_CODE": 115001, "CENTRELINE_ID": 10512725, "LO_NUM": 130, "LO_NUM_SUF": "None", "HI_NUM": null, "HI_NUM_SUF": "None", "LINEAR_NAME_ID": 2008.0 }, "geometry": { "type": "MultiPoint", "coordinates": [ [ -79.554008767301099, 43.668305323524699 ] ] } },
{ "type": "Feature", "properties": { "_id": 500, "OBJECTID": 599, "GEO_ID": 326649.0, "NAME": "JOHN G DIEFENBAKER PUBLIC SCHOOL ", "SCHOOL_LEVEL": "None", "SCHOOL_TYPE": "EP", "BOARD_NAME": "Toronto District School Board", "SOURCE_ADDRESS": "70 DEAN PARK RD ", "SCHOOL_TYPE_DESC": "English Public", "ADDRESS_POINT_ID": 326649, "ADDRESS_NUMBER": "70", "LINEAR_NAME_FULL": "Dean Park Rd", "ADDRESS_FULL": "70 Dean Park Rd", "POSTAL_CODE": "M1B 2X3", "MUNICIPALITY": "SC", "CITY": "SC", "PLACE_NAME": "John G Diefenbaker Public School", "GENERAL_USE_CODE": 115001, "CENTRELINE_ID": 104641, "LO_NUM": 70, "LO_NUM_SUF": "None", "HI_NUM": null, "HI_NUM_SUF": "None", "LINEAR_NAME_ID": 7721.0 }, "geometry": { "type": "MultiPoint", "coordinates": [ [ -79.171869534763701, 43.802295037265601 ] ] } },
{ "type": "Feature", "properties": { "_id": 501, "OBJECTID": 600, "GEO_ID": 6427801.0, "NAME": "JOHN MCCRAE SR PUBLIC SCHOOL ", "SCHOOL_LEVEL": "None", "SCHOOL_TYPE": "EP", "BOARD_NAME": "Toronto District School Board", "SOURCE_ADDRESS": "431 MCCOWAN RD ", "SCHOOL_TYPE_DESC": "English Public", "ADDRESS_POINT_ID": 6427801, "ADDRESS_NUMBER": "431", "LINEAR_NAME_FULL": "McCowan Rd", "ADDRESS_FULL": "431 McCowan Rd", "POSTAL_CODE": "M1J 1J1", "MUNICIPALITY": "SC", "CITY": "SC", "PLACE_NAME": "John McCrae Public School", "GENERAL_USE_CODE": 115001, "CENTRELINE_ID": 14239688, "LO_NUM": 431, "LO_NUM_SUF": "None", "HI_NUM": null, "HI_NUM_SUF": "None", "LINEAR_NAME_ID": 8454.0 }, "geometry": { "type": "MultiPoint", "coordinates": [ [ -79.239886509225798, 43.744044249386498 ] ] } },
{ "type": "Feature", "properties": { "_id": 502, "OBJECTID": 601, "GEO_ID": 9234641.0, "NAME": "JOHN POLANYI COLLEGIATE INSTITUTE", "SCHOOL_LEVEL": "None", "SCHOOL_TYPE": "EP", "BOARD_NAME": "Toronto District School Board", "SOURCE_ADDRESS": "640 LAWRENCE AVE W", "SCHOOL_TYPE_DESC": "English Public", "ADDRESS_POINT_ID": 9234641, "ADDRESS_NUMBER": "640", "LINEAR_NAME_FULL": "Lawrence Ave W", "ADDRESS_FULL": "640 Lawrence Ave W", "POSTAL_CODE": "M6A 1B1", "MUNICIPALITY": "NY", "CITY": "NY", "PLACE_NAME": "John Polanyi Collegiate Institute", "GENERAL_USE_CODE": 115001, "CENTRELINE_ID": 9234642, "LO_NUM": 640, "LO_NUM_SUF": "None", "HI_NUM": null, "HI_NUM_SUF": "None", "LINEAR_NAME_ID": 732.0 }, "geometry": { "type": "MultiPoint", "coordinates": [ [ -79.439855309525001, 43.717808951636201 ] ] } },
{ "type": "Feature", "properties": { "_id": 503, "OBJECTID": 602, "GEO_ID": 812871.0, "NAME": "JOHN ROSS ROBERTSON JR PUBLIC SCHOOL", "SCHOOL_LEVEL": "None", "SCHOOL_TYPE": "EP", "BOARD_NAME": "Toronto District School Board", "SOURCE_ADDRESS": "130 GLENGROVE AVE W", "SCHOOL_TYPE_DESC": "English Public", "ADDRESS_POINT_ID": 812871, "ADDRESS_NUMBER": "130", "LINEAR_NAME_FULL": "Glengrove Ave W", "ADDRESS_FULL": "130 Glengrove Ave W", "POSTAL_CODE": "M4R 1P2", "MUNICIPALITY": "TO", "CITY": "TO", "PLACE_NAME": "John Ross Robertson Junior Public School", "GENERAL_USE_CODE": 115001, "CENTRELINE_ID": 1137988, "LO_NUM": 130, "LO_NUM_SUF": "None", "HI_NUM": null, "HI_NUM_SUF": "None", "LINEAR_NAME_ID": 3544.0 }, "geometry": { "type": "MultiPoint", "coordinates": [ [ -79.408864299129206, 43.718325980329404 ] ] } },
{ "type": "Feature", "properties": { "_id": 504, "OBJECTID": 603, "GEO_ID": 13503695.0, "NAME": "JOHN WANLESS JR PUBLIC SCHOOL", "SCHOOL_LEVEL": "None", "SCHOOL_TYPE": "EP", "BOARD_NAME": "Toronto District School Board", "SOURCE_ADDRESS": "245 FAIRLAWN AVE ", "SCHOOL_TYPE_DESC": "English Public", "ADDRESS_POINT_ID": 13503695, "ADDRESS_NUMBER": "245", "LINEAR_NAME_FULL": "Fairlawn Ave", "ADDRESS_FULL": "245 Fairlawn Ave", "POSTAL_CODE": "M5M 1T2", "MUNICIPALITY": "TO", "CITY": "TO", "PLACE_NAME": "John Wanless Junior Public School", "GENERAL_USE_CODE": 115001, "CENTRELINE_ID": 1137725, "LO_NUM": 245, "LO_NUM_SUF": "None", "HI_NUM": null, "HI_NUM_SUF": "None", "LINEAR_NAME_ID": 3421.0 }, "geometry": { "type": "MultiPoint", "coordinates": [ [ -79.412056694769902, 43.728868642014803 ] ] } },
{ "type": "Feature", "properties": { "_id": 505, "OBJECTID": 604, "GEO_ID": 8822790.0, "NAME": "JONES AVENUE ADULT CENTRE", "SCHOOL_LEVEL": "None", "SCHOOL_TYPE": "EP", "BOARD_NAME": "Toronto District School Board", "SOURCE_ADDRESS": "540 JONES AVE ", "SCHOOL_TYPE_DESC": "English Public", "ADDRESS_POINT_ID": 8822790, "ADDRESS_NUMBER": "540", "LINEAR_NAME_FULL": "Jones Ave", "ADDRESS_FULL": "540 Jones Ave", "POSTAL_CODE": "M4J 3G9", "MUNICIPALITY": "TO", "CITY": "TO", "PLACE_NAME": "Caring and Safe School LC4", "GENERAL_USE_CODE": 115001, "CENTRELINE_ID": 8822783, "LO_NUM": 540, "LO_NUM_SUF": "None", "HI_NUM": null, "HI_NUM_SUF": "None", "LINEAR_NAME_ID": 3752.0 }, "geometry": { "type": "MultiPoint", "coordinates": [ [ -79.339560575621604, 43.677253308401497 ] ] } },
{ "type": "Feature", "properties": { "_id": 506, "OBJECTID": 605, "GEO_ID": 30036190.0, "NAME": "JOSEPH BRANT SR PUBLIC SCHOOL ", "SCHOOL_LEVEL": "None", "SCHOOL_TYPE": "EP", "BOARD_NAME": "Toronto District School Board", "SOURCE_ADDRESS": "270 MANSE RD ", "SCHOOL_TYPE_DESC": "English Public", "ADDRESS_POINT_ID": 30036190, "ADDRESS_NUMBER": "270", "LINEAR_NAME_FULL": "Manse Rd", "ADDRESS_FULL": "270 Manse Rd", "POSTAL_CODE": "M1E 3V4", "MUNICIPALITY": "SC", "CITY": "SC", "PLACE_NAME": "Joseph Brant Public School", "GENERAL_USE_CODE": 115001, "CENTRELINE_ID": 14668450, "LO_NUM": 270, "LO_NUM_SUF": "None", "HI_NUM": null, "HI_NUM_SUF": "None", "LINEAR_NAME_ID": 8411.0 }, "geometry": { "type": "MultiPoint", "coordinates": [ [ -79.175497550790297, 43.767044031819303 ] ] } },
{ "type": "Feature", "properties": { "_id": 507, "OBJECTID": 606, "GEO_ID": 398881.0, "NAME": "JOSEPH HOWE SR PUBLIC SCHOOL ", "SCHOOL_LEVEL": "None", "SCHOOL_TYPE": "EP", "BOARD_NAME": "Toronto District School Board", "SOURCE_ADDRESS": "20 WINTER GARDENS TRL ", "SCHOOL_TYPE_DESC": "English Public", "ADDRESS_POINT_ID": 398881, "ADDRESS_NUMBER": "20", "LINEAR_NAME_FULL": "Winter Gardens Trl", "ADDRESS_FULL": "20 Winter Gardens Trl", "POSTAL_CODE": "M1C 3E7", "MUNICIPALITY": "SC", "CITY": "SC", "PLACE_NAME": "Joseph Howe Senior Public School", "GENERAL_USE_CODE": 115001, "CENTRELINE_ID": 106627, "LO_NUM": 20, "LO_NUM_SUF": "None", "HI_NUM": null, "HI_NUM_SUF": "None", "LINEAR_NAME_ID": 9519.0 }, "geometry": { "type": "MultiPoint", "coordinates": [ [ -79.137298210370005, 43.785807845352998 ] ] } },
{ "type": "Feature", "properties": { "_id": 508, "OBJECTID": 607, "GEO_ID": 1043008.0, "NAME": "JOSYF CARDINAL SLIPYJ CATHOLIC ELEMENTARY SCHOOL", "SCHOOL_LEVEL": "None", "SCHOOL_TYPE": "ES", "BOARD_NAME": "Toronto Catholic District School Board", "SOURCE_ADDRESS": "35 WEST DEANE PARK DR ", "SCHOOL_TYPE_DESC": "English Separate", "ADDRESS_POINT_ID": 1043008, "ADDRESS_NUMBER": "35", "LINEAR_NAME_FULL": "West Deane Park Dr", "ADDRESS_FULL": "35 West Deane Park Dr", "POSTAL_CODE": "M9B 2R5", "MUNICIPALITY": "ET", "CITY": "ET", "PLACE_NAME": "Josyf Cardinal Slipyj Catholic School", "GENERAL_USE_CODE": 115001, "CENTRELINE_ID": 910595, "LO_NUM": 35, "LO_NUM_SUF": "None", "HI_NUM": null, "HI_NUM_SUF": "None", "LINEAR_NAME_ID": 2756.0 }, "geometry": { "type": "MultiPoint", "coordinates": [ [ -79.566025398086396, 43.659475199215898 ] ] } },
{ "type": "Feature", "properties": { "_id": 509, "OBJECTID": 608, "GEO_ID": 532121.0, "NAME": "JOYCE PUBLIC SCHOOL", "SCHOOL_LEVEL": "None", "SCHOOL_TYPE": "EP", "BOARD_NAME": "Toronto District School Board", "SOURCE_ADDRESS": "26 JOYCE PKWY ", "SCHOOL_TYPE_DESC": "English Public", "ADDRESS_POINT_ID": 532121, "ADDRESS_NUMBER": "26", "LINEAR_NAME_FULL": "Joyce Pkwy", "ADDRESS_FULL": "26 Joyce Pkwy", "POSTAL_CODE": "M6B 2S9", "MUNICIPALITY": "NY", "CITY": "NY", "PLACE_NAME": "Joyce Public School, Delo Park", "GENERAL_USE_CODE": 115001, "CENTRELINE_ID": 446122, "LO_NUM": 26, "LO_NUM_SUF": "None", "HI_NUM": null, "HI_NUM_SUF": "None", "LINEAR_NAME_ID": 5927.0 }, "geometry": { "type": "MultiPoint", "coordinates": [ [ -79.463757488249897, 43.709775394610602 ] ] } },
{ "type": "Feature", "properties": { "_id": 510, "OBJECTID": 609, "GEO_ID": 853872.0, "NAME": "KAPAPAMAHCHAKWEW - WANDERING SPIRIT SCHOOL & SUBWAY ACADEMY ONE", "SCHOOL_LEVEL": "None", "SCHOOL_TYPE": "EP", "BOARD_NAME": "Toronto District School Board", "SOURCE_ADDRESS": "16 PHIN AVE ", "SCHOOL_TYPE_DESC": "English Public", "ADDRESS_POINT_ID": 853872, "ADDRESS_NUMBER": "16", "LINEAR_NAME_FULL": "Phin Ave", "ADDRESS_FULL": "16 Phin Ave", "POSTAL_CODE": "M4J 3T2", "MUNICIPALITY": "TO", "CITY": "TO", "PLACE_NAME": "Subway Academy I", "GENERAL_USE_CODE": 115001, "CENTRELINE_ID": 1140397, "LO_NUM": 16, "LO_NUM_SUF": "None", "HI_NUM": null, "HI_NUM_SUF": "None", "LINEAR_NAME_ID": 4186.0 }, "geometry": { "type": "MultiPoint", "coordinates": [ [ -79.336636056629501, 43.679140234700398 ] ] } },
{ "type": "Feature", "properties": { "_id": 511, "OBJECTID": 610, "GEO_ID": 987291.0, "NAME": "KAREN KAIN SCHOOL OF THE ARTS", "SCHOOL_LEVEL": "None", "SCHOOL_TYPE": "EP", "BOARD_NAME": "Toronto District School Board", "SOURCE_ADDRESS": "60 BERL AVE ", "SCHOOL_TYPE_DESC": "English Public", "ADDRESS_POINT_ID": 987291, "ADDRESS_NUMBER": "60", "LINEAR_NAME_FULL": "Berl Ave", "ADDRESS_FULL": "60 Berl Ave", "POSTAL_CODE": "M8Y 3C7", "MUNICIPALITY": "ET", "CITY": "ET", "PLACE_NAME": "None", "GENERAL_USE_CODE": 115001, "CENTRELINE_ID": 912871, "LO_NUM": 60, "LO_NUM_SUF": "None", "HI_NUM": null, "HI_NUM_SUF": "None", "LINEAR_NAME_ID": 1156.0 }, "geometry": { "type": "MultiPoint", "coordinates": [ [ -79.500145612778297, 43.631052711753902 ] ] } },
{ "type": "Feature", "properties": { "_id": 512, "OBJECTID": 611, "GEO_ID": 30072460.0, "NAME": "KCS SENIOR SCHOOL", "SCHOOL_LEVEL": "None", "SCHOOL_TYPE": "PR", "BOARD_NAME": "None", "SOURCE_ADDRESS": "2183 LAKE SHORE BLVD W", "SCHOOL_TYPE_DESC": "Private", "ADDRESS_POINT_ID": 30072460, "ADDRESS_NUMBER": "2183", "LINEAR_NAME_FULL": "Lake Shore Blvd W", "ADDRESS_FULL": "2183 Lake Shore Blvd W", "POSTAL_CODE": "M8V 0J2", "MUNICIPALITY": "ET", "CITY": "ET", "PLACE_NAME": "None", "GENERAL_USE_CODE": 115001, "CENTRELINE_ID": 30070016, "LO_NUM": 2183, "LO_NUM_SUF": "None", "HI_NUM": null, "HI_NUM_SUF": "None", "LINEAR_NAME_ID": 1962.0 }, "geometry": { "type": "MultiPoint", "coordinates": [ [ -79.480407523064201, 43.623685702293599 ] ] } },
{ "type": "Feature", "properties": { "_id": 513, "OBJECTID": 612, "GEO_ID": 8004943.0, "NAME": "KEELE ST JR SCHOOL", "SCHOOL_LEVEL": "None", "SCHOOL_TYPE": "EP", "BOARD_NAME": "Toronto District School Board", "SOURCE_ADDRESS": "99 MOUNTVIEW AVE ", "SCHOOL_TYPE_DESC": "English Public", "ADDRESS_POINT_ID": 8004943, "ADDRESS_NUMBER": "99", "LINEAR_NAME_FULL": "Mountview Ave", "ADDRESS_FULL": "99 Mountview Ave", "POSTAL_CODE": "M6P 2L5", "MUNICIPALITY": "TO", "CITY": "TO", "PLACE_NAME": "Keele Street Public School", "GENERAL_USE_CODE": 115001, "CENTRELINE_ID": 8004908, "LO_NUM": 99, "LO_NUM_SUF": "None", "HI_NUM": null, "HI_NUM_SUF": "None", "LINEAR_NAME_ID": 4028.0 }, "geometry": { "type": "MultiPoint", "coordinates": [ [ -79.461596574520797, 43.657507474276301 ] ] } },
{ "type": "Feature", "properties": { "_id": 514, "OBJECTID": 613, "GEO_ID": 52633.0, "NAME": "KEELESDALE JR PUBLIC SCHOOL", "SCHOOL_LEVEL": "None", "SCHOOL_TYPE": "EP", "BOARD_NAME": "Toronto District School Board", "SOURCE_ADDRESS": "200 BICKNELL AVE ", "SCHOOL_TYPE_DESC": "English Public", "ADDRESS_POINT_ID": 52633, "ADDRESS_NUMBER": "200", "LINEAR_NAME_FULL": "Bicknell Ave", "ADDRESS_FULL": "200 Bicknell Ave", "POSTAL_CODE": "M6M 4G9", "MUNICIPALITY": "YK", "CITY": "YK", "PLACE_NAME": "Keelesdale Junior Public School", "GENERAL_USE_CODE": 115001, "CENTRELINE_ID": 8519, "LO_NUM": 200, "LO_NUM_SUF": "None", "HI_NUM": null, "HI_NUM_SUF": "None", "LINEAR_NAME_ID": 450.0 }, "geometry": { "type": "MultiPoint", "coordinates": [ [ -79.476946310075107, 43.686957100457903 ] ] } },
{ "type": "Feature", "properties": { "_id": 515, "OBJECTID": 614, "GEO_ID": 30059351.0, "NAME": "KENNEDY LINC", "SCHOOL_LEVEL": "None", "SCHOOL_TYPE": "EP", "BOARD_NAME": "Toronto District School Board", "SOURCE_ADDRESS": "2907 KENNEDY RD ", "SCHOOL_TYPE_DESC": "English Public", "ADDRESS_POINT_ID": 30059351, "ADDRESS_NUMBER": "2907", "LINEAR_NAME_FULL": "Kennedy Rd", "ADDRESS_FULL": "2907 Kennedy Rd", "POSTAL_CODE": "M1V 1S8", "MUNICIPALITY": "SC", "CITY": "SC", "PLACE_NAME": "None", "GENERAL_USE_CODE": 115001, "CENTRELINE_ID": 9468017, "LO_NUM": 2907, "LO_NUM_SUF": "None", "HI_NUM": null, "HI_NUM_SUF": "None", "LINEAR_NAME_ID": 8224.0 }, "geometry": { "type": "MultiPoint", "coordinates": [ [ -79.297388587747605, 43.803623023578602 ] ] } },
{ "type": "Feature", "properties": { "_id": 516, "OBJECTID": 615, "GEO_ID": 332056.0, "NAME": "KENNEDY PUBLIC SCHOOL", "SCHOOL_LEVEL": "None", "SCHOOL_TYPE": "EP", "BOARD_NAME": "Toronto District School Board", "SOURCE_ADDRESS": "20 ELMFIELD CRES ", "SCHOOL_TYPE_DESC": "English Public", "ADDRESS_POINT_ID": 332056, "ADDRESS_NUMBER": "20", "LINEAR_NAME_FULL": "Elmfield Cres", "ADDRESS_FULL": "20 Elmfield Cres", "POSTAL_CODE": "M1V 2Y6", "MUNICIPALITY": "SC", "CITY": "SC", "PLACE_NAME": "Kennedy Public School", "GENERAL_USE_CODE": 115001, "CENTRELINE_ID": 20051349, "LO_NUM": 20, "LO_NUM_SUF": "None", "HI_NUM": null, "HI_NUM_SUF": "None", "LINEAR_NAME_ID": 7841.0 }, "geometry": { "type": "MultiPoint", "coordinates": [ [ -79.308180517591694, 43.818835915790501 ] ] } },
{ "type": "Feature", "properties": { "_id": 517, "OBJECTID": 616, "GEO_ID": 2812332.0, "NAME": "KENSINGTON COMMUNITY SCHOOL", "SCHOOL_LEVEL": "None", "SCHOOL_TYPE": "EP", "BOARD_NAME": "Toronto District School Board", "SOURCE_ADDRESS": "401 COLLEGE ST ", "SCHOOL_TYPE_DESC": "English Public", "ADDRESS_POINT_ID": 2812332, "ADDRESS_NUMBER": "401", "LINEAR_NAME_FULL": "College St", "ADDRESS_FULL": "401 College St", "POSTAL_CODE": "M5T 1S9", "MUNICIPALITY": "TO", "CITY": "TO", "PLACE_NAME": "None", "GENERAL_USE_CODE": 115001, "CENTRELINE_ID": 1144329, "LO_NUM": 401, "LO_NUM_SUF": "None", "HI_NUM": null, "HI_NUM_SUF": "None", "LINEAR_NAME_ID": 9765.0 }, "geometry": { "type": "MultiPoint", "coordinates": [ [ -79.405731524633794, 43.656397819463002 ] ] } },
{ "type": "Feature", "properties": { "_id": 518, "OBJECTID": 617, "GEO_ID": 30028628.0, "NAME": "KENTON LEARNING CENTRE LINC ", "SCHOOL_LEVEL": "None", "SCHOOL_TYPE": "EP", "BOARD_NAME": "Toronto District School Board", "SOURCE_ADDRESS": "34 KENTON DR ", "SCHOOL_TYPE_DESC": "English Public", "ADDRESS_POINT_ID": 30028628, "ADDRESS_NUMBER": "34", "LINEAR_NAME_FULL": "Kenton Dr", "ADDRESS_FULL": "34 Kenton Dr", "POSTAL_CODE": "M2R 2H8", "MUNICIPALITY": "NY", "CITY": "NY", "PLACE_NAME": "Kenton Learning Centre LINC", "GENERAL_USE_CODE": 115001, "CENTRELINE_ID": 30062425, "LO_NUM": 34, "LO_NUM_SUF": "None", "HI_NUM": null, "HI_NUM_SUF": "None", "LINEAR_NAME_ID": 5956.0 }, "geometry": { "type": "MultiPoint", "coordinates": [ [ -79.440057225265804, 43.779549200587503 ] ] } },
{ "type": "Feature", "properties": { "_id": 519, "OBJECTID": 618, "GEO_ID": 13973547.0, "NAME": "KESSER YOSEF", "SCHOOL_LEVEL": "None", "SCHOOL_TYPE": "PR", "BOARD_NAME": "None", "SOURCE_ADDRESS": "4116 BATHURST ST ", "SCHOOL_TYPE_DESC": "Private", "ADDRESS_POINT_ID": 13973547, "ADDRESS_NUMBER": "4116", "LINEAR_NAME_FULL": "Bathurst St", "ADDRESS_FULL": "4116 Bathurst St", "POSTAL_CODE": "M3H 3P2", "MUNICIPALITY": "NY", "CITY": "NY", "PLACE_NAME": "None", "GENERAL_USE_CODE": 115001, "CENTRELINE_ID": 30093417, "LO_NUM": 4116, "LO_NUM_SUF": "None", "HI_NUM": null, "HI_NUM_SUF": "None", "LINEAR_NAME_ID": 436.0 }, "geometry": { "type": "MultiPoint", "coordinates": [ [ -79.436588603212002, 43.746379418364299 ] ] } },
{ "type": "Feature", "properties": { "_id": 520, "OBJECTID": 619, "GEO_ID": 8236907.0, "NAME": "KEW BEACH JR PUBLIC SCHOOL", "SCHOOL_LEVEL": "None", "SCHOOL_TYPE": "EP", "BOARD_NAME": "Toronto District School Board", "SOURCE_ADDRESS": "101 KIPPENDAVIE AVE ", "SCHOOL_TYPE_DESC": "English Public", "ADDRESS_POINT_ID": 8236907, "ADDRESS_NUMBER": "101", "LINEAR_NAME_FULL": "Kippendavie Ave", "ADDRESS_FULL": "101 Kippendavie Ave", "POSTAL_CODE": "M4L 3R3", "MUNICIPALITY": "TO", "CITY": "TO", "PLACE_NAME": "Kew Beach Junior Public School", "GENERAL_USE_CODE": 115001, "CENTRELINE_ID": 8236876, "LO_NUM": 101, "LO_NUM_SUF": "None", "HI_NUM": null, "HI_NUM_SUF": "None", "LINEAR_NAME_ID": 3790.0 }, "geometry": { "type": "MultiPoint", "coordinates": [ [ -79.302727315327303, 43.668464240602198 ] ] } },
{ "type": "Feature", "properties": { "_id": 521, "OBJECTID": 620, "GEO_ID": 14624738.0, "NAME": "KEW PARK MONTESSORI SCHOOL - HIAWATHA", "SCHOOL_LEVEL": "None", "SCHOOL_TYPE": "PR", "BOARD_NAME": "None", "SOURCE_ADDRESS": "79 HIAWATHA RD ", "SCHOOL_TYPE_DESC": "Private", "ADDRESS_POINT_ID": 14624738, "ADDRESS_NUMBER": "79", "LINEAR_NAME_FULL": "Hiawatha Rd", "ADDRESS_FULL": "79 Hiawatha Rd", "POSTAL_CODE": "M4L 2X7", "MUNICIPALITY": "TO", "CITY": "TO", "PLACE_NAME": "None", "GENERAL_USE_CODE": 115001, "CENTRELINE_ID": 14023027, "LO_NUM": 79, "LO_NUM_SUF": "None", "HI_NUM": null, "HI_NUM_SUF": "None", "LINEAR_NAME_ID": 3656.0 }, "geometry": { "type": "MultiPoint", "coordinates": [ [ -79.322090409321305, 43.670903043629103 ] ] } },
{ "type": "Feature", "properties": { "_id": 522, "OBJECTID": 621, "GEO_ID": 877373.0, "NAME": "KEYSTONE INTERNATIONAL SCHOOLS", "SCHOOL_LEVEL": "None", "SCHOOL_TYPE": "PR", "BOARD_NAME": "None", "SOURCE_ADDRESS": "23 TORONTO ST ", "SCHOOL_TYPE_DESC": "Private", "ADDRESS_POINT_ID": 877373, "ADDRESS_NUMBER": "23", "LINEAR_NAME_FULL": "Toronto St", "ADDRESS_FULL": "23 Toronto St", "POSTAL_CODE": "M5C 2R1", "MUNICIPALITY": "TO", "CITY": "TO", "PLACE_NAME": "None", "GENERAL_USE_CODE": 115001, "CENTRELINE_ID": 14662336, "LO_NUM": 23, "LO_NUM_SUF": "None", "HI_NUM": null, "HI_NUM_SUF": "None", "LINEAR_NAME_ID": 4556.0 }, "geometry": { "type": "MultiPoint", "coordinates": [ [ -79.376059347160194, 43.650590971452402 ] ] } },
{ "type": "Feature", "properties": { "_id": 523, "OBJECTID": 622, "GEO_ID": 320282.0, "NAME": "KHAIRUL UMMAH SCHOOL", "SCHOOL_LEVEL": "None", "SCHOOL_TYPE": "PR", "BOARD_NAME": "None", "SOURCE_ADDRESS": "25 CIVIC RD ", "SCHOOL_TYPE_DESC": "Private", "ADDRESS_POINT_ID": 320282, "ADDRESS_NUMBER": "25", "LINEAR_NAME_FULL": "Civic Rd", "ADDRESS_FULL": "25 Civic Rd", "POSTAL_CODE": "M1L 2K6", "MUNICIPALITY": "SC", "CITY": "SC", "PLACE_NAME": "None", "GENERAL_USE_CODE": 115001, "CENTRELINE_ID": 111521, "LO_NUM": 25, "LO_NUM_SUF": "None", "HI_NUM": null, "HI_NUM_SUF": "None", "LINEAR_NAME_ID": 7594.0 }, "geometry": { "type": "MultiPoint", "coordinates": [ [ -79.284110949993703, 43.727107587660903 ] ] } },
{ "type": "Feature", "properties": { "_id": 524, "OBJECTID": 623, "GEO_ID": 6355068.0, "NAME": "KING EDWARD JR & SR PUBLIC SCHOOL", "SCHOOL_LEVEL": "None", "SCHOOL_TYPE": "ES", "BOARD_NAME": "Toronto Catholic District School Board", "SOURCE_ADDRESS": "112 LIPPINCOTT ST ", "SCHOOL_TYPE_DESC": "English Separate", "ADDRESS_POINT_ID": 6355068, "ADDRESS_NUMBER": "112", "LINEAR_NAME_FULL": "Lippincott St", "ADDRESS_FULL": "112 Lippincott St", "POSTAL_CODE": "M5S 2P1", "MUNICIPALITY": "TO", "CITY": "TO", "PLACE_NAME": "King Edward Junior and Senior Public School", "GENERAL_USE_CODE": 115001, "CENTRELINE_ID": 20006084, "LO_NUM": 112, "LO_NUM_SUF": "None", "HI_NUM": null, "HI_NUM_SUF": "None", "LINEAR_NAME_ID": 3857.0 }, "geometry": { "type": "MultiPoint", "coordinates": [ [ -79.407408934988098, 43.658244116070101 ] ] } },
{ "type": "Feature", "properties": { "_id": 525, "OBJECTID": 624, "GEO_ID": 71098.0, "NAME": "KING GEORGE JR PUBLIC SCHOOL ", "SCHOOL_LEVEL": "None", "SCHOOL_TYPE": "EP", "BOARD_NAME": "Toronto District School Board", "SOURCE_ADDRESS": "25 REXFORD RD ", "SCHOOL_TYPE_DESC": "English Public", "ADDRESS_POINT_ID": 71098, "ADDRESS_NUMBER": "25", "LINEAR_NAME_FULL": "Rexford Rd", "ADDRESS_FULL": "25 Rexford Rd", "POSTAL_CODE": "M6S 2M2", "MUNICIPALITY": "YK", "CITY": "YK", "PLACE_NAME": "King George Junior Public School", "GENERAL_USE_CODE": 115001, "CENTRELINE_ID": 9403, "LO_NUM": 25, "LO_NUM_SUF": "None", "HI_NUM": null, "HI_NUM_SUF": "None", "LINEAR_NAME_ID": 838.0 }, "geometry": { "type": "MultiPoint", "coordinates": [ [ -79.486886751255398, 43.663162687406597 ] ] } },
{ "type": "Feature", "properties": { "_id": 526, "OBJECTID": 625, "GEO_ID": 533947.0, "NAME": "KINGSLAKE PUBLIC SCHOOL", "SCHOOL_LEVEL": "None", "SCHOOL_TYPE": "EP", "BOARD_NAME": "Toronto District School Board", "SOURCE_ADDRESS": "90 KINGSLAKE RD ", "SCHOOL_TYPE_DESC": "English Public", "ADDRESS_POINT_ID": 533947, "ADDRESS_NUMBER": "90", "LINEAR_NAME_FULL": "Kingslake Rd", "ADDRESS_FULL": "90 Kingslake Rd", "POSTAL_CODE": "M2J 3E8", "MUNICIPALITY": "NY", "CITY": "NY", "PLACE_NAME": "Kingslake Public School", "GENERAL_USE_CODE": 115001, "CENTRELINE_ID": 437389, "LO_NUM": 90, "LO_NUM_SUF": "None", "HI_NUM": null, "HI_NUM_SUF": "None", "LINEAR_NAME_ID": 5972.0 }, "geometry": { "type": "MultiPoint", "coordinates": [ [ -79.345530247762596, 43.784781908272898 ] ] } },
{ "type": "Feature", "properties": { "_id": 527, "OBJECTID": 626, "GEO_ID": 8740071.0, "NAME": "KINGSLEY PRIMARY SCHOOL", "SCHOOL_LEVEL": "None", "SCHOOL_TYPE": "PR", "BOARD_NAME": "None", "SOURCE_ADDRESS": "3962 BLOOR ST W", "SCHOOL_TYPE_DESC": "Private", "ADDRESS_POINT_ID": 8740071, "ADDRESS_NUMBER": "3962", "LINEAR_NAME_FULL": "Bloor St W", "ADDRESS_FULL": "3962 Bloor St W", "POSTAL_CODE": "M9B 1M3", "MUNICIPALITY": "ET", "CITY": "ET", "PLACE_NAME": "St Matthews Anglican Church", "GENERAL_USE_CODE": 115001, "CENTRELINE_ID": 8740062, "LO_NUM": 3962, "LO_NUM_SUF": "None", "HI_NUM": null, "HI_NUM_SUF": "None", "LINEAR_NAME_ID": 458.0 }, "geometry": { "type": "MultiPoint", "coordinates": [ [ -79.548944102948994, 43.639381117648902 ] ] } },
{ "type": "Feature", "properties": { "_id": 528, "OBJECTID": 627, "GEO_ID": 1045581.0, "NAME": "KINGSVIEW VILLAGE JR SCHOOL", "SCHOOL_LEVEL": "None", "SCHOOL_TYPE": "EP", "BOARD_NAME": "Toronto District School Board", "SOURCE_ADDRESS": "1 YORK RD ", "SCHOOL_TYPE_DESC": "English Public", "ADDRESS_POINT_ID": 1045581, "ADDRESS_NUMBER": "1", "LINEAR_NAME_FULL": "York Rd", "ADDRESS_FULL": "1 York Rd", "POSTAL_CODE": "M9R 3C8", "MUNICIPALITY": "ET", "CITY": "ET", "PLACE_NAME": "Kingsview Village Junior School", "GENERAL_USE_CODE": 115001, "CENTRELINE_ID": 908522, "LO_NUM": 1, "LO_NUM_SUF": "None", "HI_NUM": null, "HI_NUM_SUF": "None", "LINEAR_NAME_ID": 2832.0 }, "geometry": { "type": "MultiPoint", "coordinates": [ [ -79.550789127897104, 43.697866658490902 ] ] } },
{ "type": "Feature", "properties": { "_id": 529, "OBJECTID": 628, "GEO_ID": 3125850.0, "NAME": "KINGSWAY COLLEGE SCHOOL", "SCHOOL_LEVEL": "None", "SCHOOL_TYPE": "PR", "BOARD_NAME": "None", "SOURCE_ADDRESS": "4600 DUNDAS ST W", "SCHOOL_TYPE_DESC": "Private", "ADDRESS_POINT_ID": 3125850, "ADDRESS_NUMBER": "4600", "LINEAR_NAME_FULL": "Dundas St W", "ADDRESS_FULL": "4600 Dundas St W", "POSTAL_CODE": "M9A 1A5", "MUNICIPALITY": "ET", "CITY": "ET", "PLACE_NAME": "St Georges Church", "GENERAL_USE_CODE": 115001, "CENTRELINE_ID": 3125849, "LO_NUM": 4600, "LO_NUM_SUF": "None", "HI_NUM": null, "HI_NUM_SUF": "None", "LINEAR_NAME_ID": 558.0 }, "geometry": { "type": "MultiPoint", "coordinates": [ [ -79.521230743939498, 43.656934840918801 ] ] } },
{ "type": "Feature", "properties": { "_id": 530, "OBJECTID": 629, "GEO_ID": 1037710.0, "NAME": "KIPLING COLLEGIATE INSTITUTE ", "SCHOOL_LEVEL": "None", "SCHOOL_TYPE": "EP", "BOARD_NAME": "Toronto District School Board", "SOURCE_ADDRESS": "380 THE WESTWAY  ", "SCHOOL_TYPE_DESC": "English Public", "ADDRESS_POINT_ID": 1037710, "ADDRESS_NUMBER": "380", "LINEAR_NAME_FULL": "The Westway", "ADDRESS_FULL": "380 The Westway", "POSTAL_CODE": "M9R 1H4", "MUNICIPALITY": "ET", "CITY": "ET", "PLACE_NAME": "Kipling Collegiate Institute", "GENERAL_USE_CODE": 115001, "CENTRELINE_ID": 909272, "LO_NUM": 380, "LO_NUM_SUF": "None", "HI_NUM": null, "HI_NUM_SUF": "None", "LINEAR_NAME_ID": 2606.0 }, "geometry": { "type": "MultiPoint", "coordinates": [ [ -79.562353717877699, 43.685288122964998 ] ] } },
{ "type": "Feature", "properties": { "_id": 531, "OBJECTID": 630, "GEO_ID": 8120790.0, "NAME": "KISOMO LEARNING CENTRE SCHOOL", "SCHOOL_LEVEL": "None", "SCHOOL_TYPE": "PR", "BOARD_NAME": "None", "SOURCE_ADDRESS": "15 BETHRIDGE RD ", "SCHOOL_TYPE_DESC": "Private", "ADDRESS_POINT_ID": 8120790, "ADDRESS_NUMBER": "15", "LINEAR_NAME_FULL": "Bethridge Rd", "ADDRESS_FULL": "15 Bethridge Rd", "POSTAL_CODE": "M9W 1M6", "MUNICIPALITY": "ET", "CITY": "ET", "PLACE_NAME": "None", "GENERAL_USE_CODE": 115001, "CENTRELINE_ID": 30107530, "LO_NUM": 15, "LO_NUM_SUF": "None", "HI_NUM": null, "HI_NUM_SUF": "None", "LINEAR_NAME_ID": 1165.0 }, "geometry": { "type": "MultiPoint", "coordinates": [ [ -79.568130284196698, 43.707442154282099 ] ] } },
{ "type": "Feature", "properties": { "_id": 532, "OBJECTID": 631, "GEO_ID": 384283.0, "NAME": "KNOB HILL PUBLIC SCHOOL", "SCHOOL_LEVEL": "None", "SCHOOL_TYPE": "EP", "BOARD_NAME": "Toronto District School Board", "SOURCE_ADDRESS": "25 SEMINOLE AVE ", "SCHOOL_TYPE_DESC": "English Public", "ADDRESS_POINT_ID": 384283, "ADDRESS_NUMBER": "25", "LINEAR_NAME_FULL": "Seminole Ave", "ADDRESS_FULL": "25 Seminole Ave", "POSTAL_CODE": "M1J 1M8", "MUNICIPALITY": "SC", "CITY": "SC", "PLACE_NAME": "Knob Hill Public School", "GENERAL_USE_CODE": 115001, "CENTRELINE_ID": 110291, "LO_NUM": 25, "LO_NUM_SUF": "None", "HI_NUM": null, "HI_NUM_SUF": "None", "LINEAR_NAME_ID": 8917.0 }, "geometry": { "type": "MultiPoint", "coordinates": [ [ -79.249785029199103, 43.745292284689398 ] ] } },
{ "type": "Feature", "properties": { "_id": 533, "OBJECTID": 632, "GEO_ID": 559929.0, "NAME": "LA CITADELLE INTERNATIONAL ACADEMY OF ARTS & SCIENCES", "SCHOOL_LEVEL": "None", "SCHOOL_TYPE": "PR", "BOARD_NAME": "None", "SOURCE_ADDRESS": "36 SCARSDALE RD ", "SCHOOL_TYPE_DESC": "Private", "ADDRESS_POINT_ID": 559929, "ADDRESS_NUMBER": "36", "LINEAR_NAME_FULL": "Scarsdale Rd", "ADDRESS_FULL": "36 Scarsdale Rd", "POSTAL_CODE": "M3B 2R7", "MUNICIPALITY": "NY", "CITY": "NY", "PLACE_NAME": "None", "GENERAL_USE_CODE": 115001, "CENTRELINE_ID": 30084194, "LO_NUM": 36, "LO_NUM_SUF": "None", "HI_NUM": null, "HI_NUM_SUF": "None", "LINEAR_NAME_ID": 6662.0 }, "geometry": { "type": "MultiPoint", "coordinates": [ [ -79.354707437107805, 43.747459293036002 ] ] } },
{ "type": "Feature", "properties": { "_id": 534, "OBJECTID": 633, "GEO_ID": 1011402.0, "NAME": "LAKESHORE COLLEGIATE INSTITUTE", "SCHOOL_LEVEL": "None", "SCHOOL_TYPE": "EP", "BOARD_NAME": "Toronto District School Board", "SOURCE_ADDRESS": "350 KIPLING AVE ", "SCHOOL_TYPE_DESC": "English Public", "ADDRESS_POINT_ID": 1011402, "ADDRESS_NUMBER": "350", "LINEAR_NAME_FULL": "Kipling Ave", "ADDRESS_FULL": "350 Kipling Ave", "POSTAL_CODE": "M8V 3L1", "MUNICIPALITY": "ET", "CITY": "ET", "PLACE_NAME": "Lakeshore Collegiate Institute", "GENERAL_USE_CODE": 115001, "CENTRELINE_ID": 914446, "LO_NUM": 350, "LO_NUM_SUF": "None", "HI_NUM": null, "HI_NUM_SUF": "None", "LINEAR_NAME_ID": 1935.0 }, "geometry": { "type": "MultiPoint", "coordinates": [ [ -79.519160637066804, 43.601563424231301 ] ] } },
{ "type": "Feature", "properties": { "_id": 535, "OBJECTID": 634, "GEO_ID": 2921932.0, "NAME": "LAKESHORE LINC CENTRE", "SCHOOL_LEVEL": "None", "SCHOOL_TYPE": "ES", "BOARD_NAME": "Toronto Catholic District School Board", "SOURCE_ADDRESS": "2275 LAKE SHORE BLVD W", "SCHOOL_TYPE_DESC": "English Separate", "ADDRESS_POINT_ID": 2921932, "ADDRESS_NUMBER": "2275", "LINEAR_NAME_FULL": "Lake Shore Blvd W", "ADDRESS_FULL": "2275 Lake Shore Blvd W", "POSTAL_CODE": "M8V 3Y3", "MUNICIPALITY": "ET", "CITY": "ET", "PLACE_NAME": "None", "GENERAL_USE_CODE": 115001, "CENTRELINE_ID": 30147305, "LO_NUM": 2275, "LO_NUM_SUF": "None", "HI_NUM": null, "HI_NUM_SUF": "None", "LINEAR_NAME_ID": 1962.0 }, "geometry": { "type": "MultiPoint", "coordinates": [ [ -79.485338048498804, 43.619566533109001 ] ] } },
{ "type": "Feature", "properties": { "_id": 536, "OBJECTID": 635, "GEO_ID": 534646.0, "NAME": "LAMBERTON PUBLIC SCHOOL ", "SCHOOL_LEVEL": "None", "SCHOOL_TYPE": "EP", "BOARD_NAME": "Toronto District School Board", "SOURCE_ADDRESS": "33 LAMBERTON BLVD ", "SCHOOL_TYPE_DESC": "English Public", "ADDRESS_POINT_ID": 534646, "ADDRESS_NUMBER": "33", "LINEAR_NAME_FULL": "Lamberton Blvd", "ADDRESS_FULL": "33 Lamberton Blvd", "POSTAL_CODE": "M3J 1G6", "MUNICIPALITY": "NY", "CITY": "NY", "PLACE_NAME": "Lamberton Public School", "GENERAL_USE_CODE": 115001, "CENTRELINE_ID": 440937, "LO_NUM": 33, "LO_NUM_SUF": "None", "HI_NUM": null, "HI_NUM_SUF": "None", "LINEAR_NAME_ID": 5999.0 }, "geometry": { "type": "MultiPoint", "coordinates": [ [ -79.502824489136799, 43.753654301827602 ] ] } },
{ "type": "Feature", "properties": { "_id": 537, "OBJECTID": 636, "GEO_ID": 7033947.0, "NAME": "LAMBTON KINGSWAY JR MDL SCHOOL", "SCHOOL_LEVEL": "None", "SCHOOL_TYPE": "EP", "BOARD_NAME": "Toronto District School Board", "SOURCE_ADDRESS": "525 PRINCE EDWARD DR N", "SCHOOL_TYPE_DESC": "English Public", "ADDRESS_POINT_ID": 7033947, "ADDRESS_NUMBER": "525", "LINEAR_NAME_FULL": "Prince Edward Dr N", "ADDRESS_FULL": "525 Prince Edward Dr N", "POSTAL_CODE": "M8X 2M6", "MUNICIPALITY": "ET", "CITY": "ET", "PLACE_NAME": "Lambton-Kingsway Junior Middle School", "GENERAL_USE_CODE": 115001, "CENTRELINE_ID": 7033940, "LO_NUM": 525, "LO_NUM_SUF": "None", "HI_NUM": null, "HI_NUM_SUF": "None", "LINEAR_NAME_ID": 10300.0 }, "geometry": { "type": "MultiPoint", "coordinates": [ [ -79.509314807334405, 43.658657220927402 ] ] } },
{ "type": "Feature", "properties": { "_id": 538, "OBJECTID": 637, "GEO_ID": 52404.0, "NAME": "LAMBTON PARK COMMUNITY SCHOOL", "SCHOOL_LEVEL": "None", "SCHOOL_TYPE": "EP", "BOARD_NAME": "Toronto District School Board", "SOURCE_ADDRESS": "50 BERNICE CRES ", "SCHOOL_TYPE_DESC": "English Public", "ADDRESS_POINT_ID": 52404, "ADDRESS_NUMBER": "50", "LINEAR_NAME_FULL": "Bernice Cres", "ADDRESS_FULL": "50 Bernice Cres", "POSTAL_CODE": "M6N 1W9", "MUNICIPALITY": "YK", "CITY": "YK", "PLACE_NAME": "Lambton Park Community School", "GENERAL_USE_CODE": 115001, "CENTRELINE_ID": 9328, "LO_NUM": 50, "LO_NUM_SUF": "None", "HI_NUM": null, "HI_NUM_SUF": "None", "LINEAR_NAME_ID": 445.0 }, "geometry": { "type": "MultiPoint", "coordinates": [ [ -79.4983074871366, 43.667575981723701 ] ] } },
{ "type": "Feature", "properties": { "_id": 539, "OBJECTID": 638, "GEO_ID": 312017.0, "NAME": "L'AMOREAUX COLLEGIATE INSTITUTE", "SCHOOL_LEVEL": "None", "SCHOOL_TYPE": "EP", "BOARD_NAME": "Toronto District School Board", "SOURCE_ADDRESS": "2501 BRIDLETOWNE CRCL ", "SCHOOL_TYPE_DESC": "English Public", "ADDRESS_POINT_ID": 312017, "ADDRESS_NUMBER": "2501", "LINEAR_NAME_FULL": "Bridletowne Crcl", "ADDRESS_FULL": "2501 Bridletowne Crcl", "POSTAL_CODE": "M1W 2K1", "MUNICIPALITY": "SC", "CITY": "SC", "PLACE_NAME": "L'Amoreaux Collegiate Institute", "GENERAL_USE_CODE": 115001, "CENTRELINE_ID": 104968, "LO_NUM": 2501, "LO_NUM_SUF": "None", "HI_NUM": null, "HI_NUM_SUF": "None", "LINEAR_NAME_ID": 7426.0 }, "geometry": { "type": "MultiPoint", "coordinates": [ [ -79.318073747170104, 43.802917768139999 ] ] } },
{ "type": "Feature", "properties": { "_id": 540, "OBJECTID": 639, "GEO_ID": 7641687.0, "NAME": "LANOR JR MDL SCHOOL ", "SCHOOL_LEVEL": "None", "SCHOOL_TYPE": "EP", "BOARD_NAME": "Toronto District School Board", "SOURCE_ADDRESS": "450 LANOR AVE ", "SCHOOL_TYPE_DESC": "English Public", "ADDRESS_POINT_ID": 7641687, "ADDRESS_NUMBER": "450", "LINEAR_NAME_FULL": "Lanor Ave", "ADDRESS_FULL": "450 Lanor Ave", "POSTAL_CODE": "M8W 2S1", "MUNICIPALITY": "ET", "CITY": "ET", "PLACE_NAME": "Lanor Junior Middle School", "GENERAL_USE_CODE": 115001, "CENTRELINE_ID": 7641688, "LO_NUM": 450, "LO_NUM_SUF": "None", "HI_NUM": null, "HI_NUM_SUF": "None", "LINEAR_NAME_ID": 1972.0 }, "geometry": { "type": "MultiPoint", "coordinates": [ [ -79.544792185004198, 43.609501486141298 ] ] } },
{ "type": "Feature", "properties": { "_id": 541, "OBJECTID": 640, "GEO_ID": 10379215.0, "NAME": "LAWRENCE HEIGHTS MDL SCHOOL", "SCHOOL_LEVEL": "None", "SCHOOL_TYPE": "EP", "BOARD_NAME": "Toronto District School Board", "SOURCE_ADDRESS": "50 HIGHLAND HILL ", "SCHOOL_TYPE_DESC": "English Public", "ADDRESS_POINT_ID": 10379215, "ADDRESS_NUMBER": "50", "LINEAR_NAME_FULL": "Highland Hill", "ADDRESS_FULL": "50 Highland Hill", "POSTAL_CODE": "M6A 2R1", "MUNICIPALITY": "NY", "CITY": "NY", "PLACE_NAME": "Lawrence Heights Middle School", "GENERAL_USE_CODE": 115001, "CENTRELINE_ID": 10379214, "LO_NUM": 50, "LO_NUM_SUF": "None", "HI_NUM": null, "HI_NUM_SUF": "None", "LINEAR_NAME_ID": 5833.0 }, "geometry": { "type": "MultiPoint", "coordinates": [ [ -79.451077250888204, 43.720832254382302 ] ] } },
{ "type": "Feature", "properties": { "_id": 542, "OBJECTID": 641, "GEO_ID": 8344129.0, "NAME": "LAWRENCE PARK COLLEGIATE INSTITUTE", "SCHOOL_LEVEL": "None", "SCHOOL_TYPE": "EP", "BOARD_NAME": "Toronto District School Board", "SOURCE_ADDRESS": "125 CHATSWORTH DR ", "SCHOOL_TYPE_DESC": "English Public", "ADDRESS_POINT_ID": 8344129, "ADDRESS_NUMBER": "125", "LINEAR_NAME_FULL": "Chatsworth Dr", "ADDRESS_FULL": "125 Chatsworth Dr", "POSTAL_CODE": "M4R 1S1", "MUNICIPALITY": "TO", "CITY": "TO", "PLACE_NAME": "Lawrence Park Collegiate Institute", "GENERAL_USE_CODE": 115001, "CENTRELINE_ID": 8344132, "LO_NUM": 125, "LO_NUM_SUF": "None", "HI_NUM": null, "HI_NUM_SUF": "None", "LINEAR_NAME_ID": 3149.0 }, "geometry": { "type": "MultiPoint", "coordinates": [ [ -79.410439077494203, 43.722222705164498 ] ] } },
{ "type": "Feature", "properties": { "_id": 543, "OBJECTID": 642, "GEO_ID": 12387710.0, "NAME": "LE COLLEGE FRANCAIS - CARLTON CAMPUS", "SCHOOL_LEVEL": "None", "SCHOOL_TYPE": "PR", "BOARD_NAME": "None", "SOURCE_ADDRESS": "100 CARLTON ST ", "SCHOOL_TYPE_DESC": "Private", "ADDRESS_POINT_ID": 12387710, "ADDRESS_NUMBER": "100", "LINEAR_NAME_FULL": "Carlton St", "ADDRESS_FULL": "100 Carlton St", "POSTAL_CODE": "M5B 1M3", "MUNICIPALITY": "TO", "CITY": "TO", "PLACE_NAME": "College Francais", "GENERAL_USE_CODE": 115001, "CENTRELINE_ID": 12387707, "LO_NUM": 100, "LO_NUM_SUF": "None", "HI_NUM": null, "HI_NUM_SUF": "None", "LINEAR_NAME_ID": 3116.0 }, "geometry": { "type": "MultiPoint", "coordinates": [ [ -79.377906956055597, 43.662488244490703 ] ] } },
{ "type": "Feature", "properties": { "_id": 544, "OBJECTID": 643, "GEO_ID": 3244917.0, "NAME": "LEASIDE HIGH SCHOOL ", "SCHOOL_LEVEL": "None", "SCHOOL_TYPE": "EP", "BOARD_NAME": "Toronto District School Board", "SOURCE_ADDRESS": "200 HANNA RD ", "SCHOOL_TYPE_DESC": "English Public", "ADDRESS_POINT_ID": 3244917, "ADDRESS_NUMBER": "200", "LINEAR_NAME_FULL": "Hanna Rd", "ADDRESS_FULL": "200 Hanna Rd", "POSTAL_CODE": "M4G 3N8", "MUNICIPALITY": "EY", "CITY": "EY", "PLACE_NAME": "Leaside High School", "GENERAL_USE_CODE": 115001, "CENTRELINE_ID": 347, "LO_NUM": 200, "LO_NUM_SUF": "None", "HI_NUM": null, "HI_NUM_SUF": "None", "LINEAR_NAME_ID": 187.0 }, "geometry": { "type": "MultiPoint", "coordinates": [ [ -79.372538747378201, 43.711042828916803 ] ] } },
{ "type": "Feature", "properties": { "_id": 545, "OBJECTID": 644, "GEO_ID": 7110840.0, "NAME": "LEDBURY PARK ELEMENTARY & MDL SCHOOL", "SCHOOL_LEVEL": "None", "SCHOOL_TYPE": "EP", "BOARD_NAME": "Toronto District School Board", "SOURCE_ADDRESS": "95 FALKIRK ST ", "SCHOOL_TYPE_DESC": "English Public", "ADDRESS_POINT_ID": 7110840, "ADDRESS_NUMBER": "95", "LINEAR_NAME_FULL": "Falkirk St", "ADDRESS_FULL": "95 Falkirk St", "POSTAL_CODE": "M5M 4K1", "MUNICIPALITY": "NY", "CITY": "NY", "PLACE_NAME": "Ledbury Park Elementary and Middle School", "GENERAL_USE_CODE": 115001, "CENTRELINE_ID": 7110841, "LO_NUM": 95, "LO_NUM_SUF": "None", "HI_NUM": null, "HI_NUM_SUF": "None", "LINEAR_NAME_ID": 5551.0 }, "geometry": { "type": "MultiPoint", "coordinates": [ [ -79.427182306503298, 43.727425308796498 ] ] } },
{ "type": "Feature", "properties": { "_id": 546, "OBJECTID": 645, "GEO_ID": 50614.0, "NAME": "LEO BAECK DAY SCHOOL - SOUTH CAMPUS", "SCHOOL_LEVEL": "None", "SCHOOL_TYPE": "PR", "BOARD_NAME": "None", "SOURCE_ADDRESS": "501 ARLINGTON AVE ", "SCHOOL_TYPE_DESC": "Private", "ADDRESS_POINT_ID": 50614, "ADDRESS_NUMBER": "501", "LINEAR_NAME_FULL": "Arlington Ave", "ADDRESS_FULL": "501 Arlington Ave", "POSTAL_CODE": "M6C 3A4", "MUNICIPALITY": "YK", "CITY": "YK", "PLACE_NAME": "Arlington Middle School", "GENERAL_USE_CODE": 115001, "CENTRELINE_ID": 30088089, "LO_NUM": 501, "LO_NUM_SUF": "None", "HI_NUM": null, "HI_NUM_SUF": "None", "LINEAR_NAME_ID": 412.0 }, "geometry": { "type": "MultiPoint", "coordinates": [ [ -79.432948038365296, 43.692286737992802 ] ] } },
{ "type": "Feature", "properties": { "_id": 547, "OBJECTID": 646, "GEO_ID": 5738233.0, "NAME": "LEONARDO DA VINCI ACADEMY", "SCHOOL_LEVEL": "None", "SCHOOL_TYPE": "PR", "BOARD_NAME": "None", "SOURCE_ADDRESS": "901 LAWRENCE AVE W", "SCHOOL_TYPE_DESC": "Private", "ADDRESS_POINT_ID": 5738233, "ADDRESS_NUMBER": "901", "LINEAR_NAME_FULL": "Lawrence Ave W", "ADDRESS_FULL": "901 Lawrence Ave W", "POSTAL_CODE": "M6A 1C3", "MUNICIPALITY": "NY", "CITY": "NY", "PLACE_NAME": "None", "GENERAL_USE_CODE": 115001, "CENTRELINE_ID": 5738167, "LO_NUM": 901, "LO_NUM_SUF": "None", "HI_NUM": null, "HI_NUM_SUF": "None", "LINEAR_NAME_ID": 732.0 }, "geometry": { "type": "MultiPoint", "coordinates": [ [ -79.456742402839197, 43.713004922206601 ] ] } },
{ "type": "Feature", "properties": { "_id": 548, "OBJECTID": 647, "GEO_ID": 536699.0, "NAME": "LESCON PUBLIC SCHOOL ", "SCHOOL_LEVEL": "None", "SCHOOL_TYPE": "EP", "BOARD_NAME": "Toronto District School Board", "SOURCE_ADDRESS": "34 LESCON RD ", "SCHOOL_TYPE_DESC": "English Public", "ADDRESS_POINT_ID": 536699, "ADDRESS_NUMBER": "34", "LINEAR_NAME_FULL": "Lescon Rd", "ADDRESS_FULL": "34 Lescon Rd", "POSTAL_CODE": "M2J 2G6", "MUNICIPALITY": "NY", "CITY": "NY", "PLACE_NAME": "Lescon Public School", "GENERAL_USE_CODE": 115001, "CENTRELINE_ID": 437795, "LO_NUM": 34, "LO_NUM_SUF": "None", "HI_NUM": null, "HI_NUM_SUF": "None", "LINEAR_NAME_ID": 6046.0 }, "geometry": { "type": "MultiPoint", "coordinates": [ [ -79.357738978240306, 43.780829626316098 ] ] } },
{ "type": "Feature", "properties": { "_id": 549, "OBJECTID": 648, "GEO_ID": 832942.0, "NAME": "LESLIEVILLE JR PUBLIC SCHOOL ", "SCHOOL_LEVEL": "None", "SCHOOL_TYPE": "EP", "BOARD_NAME": "Toronto District School Board", "SOURCE_ADDRESS": "254 LESLIE ST ", "SCHOOL_TYPE_DESC": "English Public", "ADDRESS_POINT_ID": 832942, "ADDRESS_NUMBER": "254", "LINEAR_NAME_FULL": "Leslie St", "ADDRESS_FULL": "254 Leslie St", "POSTAL_CODE": "M4M 3C9", "MUNICIPALITY": "TO", "CITY": "TO", "PLACE_NAME": "Leslieville Junior Public School", "GENERAL_USE_CODE": 115001, "CENTRELINE_ID": 1142529, "LO_NUM": 254, "LO_NUM_SUF": "None", "HI_NUM": null, "HI_NUM_SUF": "None", "LINEAR_NAME_ID": 225.0 }, "geometry": { "type": "MultiPoint", "coordinates": [ [ -79.332407723898697, 43.667320767912301 ] ] } },
{ "type": "Feature", "properties": { "_id": 550, "OBJECTID": 649, "GEO_ID": 390705.0, "NAME": "LESTER B PEARSON COLLEGIATE INSTITUTE", "SCHOOL_LEVEL": "None", "SCHOOL_TYPE": "EP", "BOARD_NAME": "Toronto District School Board", "SOURCE_ADDRESS": "150 TAPSCOTT RD ", "SCHOOL_TYPE_DESC": "English Public", "ADDRESS_POINT_ID": 390705, "ADDRESS_NUMBER": "150", "LINEAR_NAME_FULL": "Tapscott Rd", "ADDRESS_FULL": "150 Tapscott Rd", "POSTAL_CODE": "M1B 2L2", "MUNICIPALITY": "SC", "CITY": "SC", "PLACE_NAME": "Lester B Pearson Collegiate Institute", "GENERAL_USE_CODE": 115001, "CENTRELINE_ID": 30138121, "LO_NUM": 150, "LO_NUM_SUF": "None", "HI_NUM": null, "HI_NUM_SUF": "None", "LINEAR_NAME_ID": 9057.0 }, "geometry": { "type": "MultiPoint", "coordinates": [ [ -79.225858049340701, 43.803372784133799 ] ] } },
{ "type": "Feature", "properties": { "_id": 551, "OBJECTID": 650, "GEO_ID": 9487216.0, "NAME": "LESTER B PEARSON ELEMENTARY SCHOOL", "SCHOOL_LEVEL": "None", "SCHOOL_TYPE": "EP", "BOARD_NAME": "Toronto District School Board", "SOURCE_ADDRESS": "7 SNOWCREST AVE ", "SCHOOL_TYPE_DESC": "English Public", "ADDRESS_POINT_ID": 9487216, "ADDRESS_NUMBER": "7", "LINEAR_NAME_FULL": "Snowcrest Ave", "ADDRESS_FULL": "7 Snowcrest Ave", "POSTAL_CODE": "M2K 2K5", "MUNICIPALITY": "NY", "CITY": "NY", "PLACE_NAME": "Lester B Pearson Elementary School", "GENERAL_USE_CODE": 115001, "CENTRELINE_ID": 9487214, "LO_NUM": 7, "LO_NUM_SUF": "None", "HI_NUM": null, "HI_NUM_SUF": "None", "LINEAR_NAME_ID": 6738.0 }, "geometry": { "type": "MultiPoint", "coordinates": [ [ -79.3874623162842, 43.792319442535899 ] ] } },
{ "type": "Feature", "properties": { "_id": 552, "OBJECTID": 651, "GEO_ID": 8754456.0, "NAME": "LIBERTY PREP SCHOOL", "SCHOOL_LEVEL": "None", "SCHOOL_TYPE": "PR", "BOARD_NAME": "None", "SOURCE_ADDRESS": "162 PARLIAMENT ST ", "SCHOOL_TYPE_DESC": "Private", "ADDRESS_POINT_ID": 8754456, "ADDRESS_NUMBER": "162", "LINEAR_NAME_FULL": "Parliament St", "ADDRESS_FULL": "162 Parliament St", "POSTAL_CODE": "M5A 2Z1", "MUNICIPALITY": "TO", "CITY": "TO", "PLACE_NAME": "None", "GENERAL_USE_CODE": 115001, "CENTRELINE_ID": 8754429, "LO_NUM": 162, "LO_NUM_SUF": "None", "HI_NUM": null, "HI_NUM_SUF": "None", "LINEAR_NAME_ID": 4162.0 }, "geometry": { "type": "MultiPoint", "coordinates": [ [ -79.364740926109704, 43.655020110979798 ] ] } },
{ "type": "Feature", "properties": { "_id": 553, "OBJECTID": 652, "GEO_ID": 537109.0, "NAME": "LILLIAN PUBLIC SCHOOL", "SCHOOL_LEVEL": "None", "SCHOOL_TYPE": "EP", "BOARD_NAME": "Toronto District School Board", "SOURCE_ADDRESS": "1059 LILLIAN ST ", "SCHOOL_TYPE_DESC": "English Public", "ADDRESS_POINT_ID": 537109, "ADDRESS_NUMBER": "1059", "LINEAR_NAME_FULL": "Lillian St", "ADDRESS_FULL": "1059 Lillian St", "POSTAL_CODE": "M2M 3G1", "MUNICIPALITY": "NY", "CITY": "NY", "PLACE_NAME": "Lillian Public School", "GENERAL_USE_CODE": 115001, "CENTRELINE_ID": 3252289, "LO_NUM": 1059, "LO_NUM_SUF": "None", "HI_NUM": null, "HI_NUM_SUF": "None", "LINEAR_NAME_ID": 3850.0 }, "geometry": { "type": "MultiPoint", "coordinates": [ [ -79.410398502216907, 43.797821369662799 ] ] } },
{ "type": "Feature", "properties": { "_id": 554, "OBJECTID": 653, "GEO_ID": 14172941.0, "NAME": "LORD DUFFERIN JR & SR PUBLIC SCHOOL", "SCHOOL_LEVEL": "None", "SCHOOL_TYPE": "EP", "BOARD_NAME": "Toronto District School Board", "SOURCE_ADDRESS": "350 PARLIAMENT ST ", "SCHOOL_TYPE_DESC": "English Public", "ADDRESS_POINT_ID": 14172941, "ADDRESS_NUMBER": "350", "LINEAR_NAME_FULL": "Parliament St", "ADDRESS_FULL": "350 Parliament St", "POSTAL_CODE": "M5A 2Z7", "MUNICIPALITY": "TO", "CITY": "TO", "PLACE_NAME": "Lord Dufferin Junior and Senior Public School", "GENERAL_USE_CODE": 115001, "CENTRELINE_ID": 30073974, "LO_NUM": 350, "LO_NUM_SUF": "None", "HI_NUM": null, "HI_NUM_SUF": "None", "LINEAR_NAME_ID": 4162.0 }, "geometry": { "type": "MultiPoint", "coordinates": [ [ -79.3669550617347, 43.660824537333802 ] ] } },
{ "type": "Feature", "properties": { "_id": 555, "OBJECTID": 654, "GEO_ID": 8105948.0, "NAME": "LORD LANSDOWNE JR SR & DA VINCI", "SCHOOL_LEVEL": "None", "SCHOOL_TYPE": "EP", "BOARD_NAME": "Toronto District School Board", "SOURCE_ADDRESS": "33 ROBERT ST ", "SCHOOL_TYPE_DESC": "English Public", "ADDRESS_POINT_ID": 8105948, "ADDRESS_NUMBER": "33", "LINEAR_NAME_FULL": "Robert St", "ADDRESS_FULL": "33 Robert St", "POSTAL_CODE": "M5S 2K2", "MUNICIPALITY": "TO", "CITY": "TO", "PLACE_NAME": "Lord Lansdowne Junior Public School", "GENERAL_USE_CODE": 115001, "CENTRELINE_ID": 14022601, "LO_NUM": 33, "LO_NUM_SUF": "None", "HI_NUM": null, "HI_NUM_SUF": "None", "LINEAR_NAME_ID": 844.0 }, "geometry": { "type": "MultiPoint", "coordinates": [ [ -79.401909850978996, 43.658953039529898 ] ] } },
{ "type": "Feature", "properties": { "_id": 556, "OBJECTID": 655, "GEO_ID": 356987.0, "NAME": "LORD ROBERTS JR PUBLIC SCHOOL", "SCHOOL_LEVEL": "None", "SCHOOL_TYPE": "EP", "BOARD_NAME": "Toronto District School Board", "SOURCE_ADDRESS": "165 LORD ROBERTS DR ", "SCHOOL_TYPE_DESC": "English Public", "ADDRESS_POINT_ID": 356987, "ADDRESS_NUMBER": "165", "LINEAR_NAME_FULL": "Lord Roberts Dr", "ADDRESS_FULL": "165 Lord Roberts Dr", "POSTAL_CODE": "M1K 3W5", "MUNICIPALITY": "SC", "CITY": "SC", "PLACE_NAME": "Lord Roberts Junior Public School", "GENERAL_USE_CODE": 115001, "CENTRELINE_ID": 110705, "LO_NUM": 165, "LO_NUM_SUF": "None", "HI_NUM": null, "HI_NUM_SUF": "None", "LINEAR_NAME_ID": 8361.0 }, "geometry": { "type": "MultiPoint", "coordinates": [ [ -79.263637333298306, 43.741317779139401 ] ] } },
{ "type": "Feature", "properties": { "_id": 557, "OBJECTID": 656, "GEO_ID": 541018.0, "NAME": "LORETTO ABBEY CATHOLIC SECONDARY SCHOOL", "SCHOOL_LEVEL": "None", "SCHOOL_TYPE": "ES", "BOARD_NAME": "Toronto Catholic District School Board", "SOURCE_ADDRESS": "101 MASON BLVD ", "SCHOOL_TYPE_DESC": "English Separate", "ADDRESS_POINT_ID": 541018, "ADDRESS_NUMBER": "101", "LINEAR_NAME_FULL": "Mason Blvd", "ADDRESS_FULL": "101 Mason Blvd", "POSTAL_CODE": "M5M 3E2", "MUNICIPALITY": "NY", "CITY": "NY", "PLACE_NAME": "Loretto Abbey Catholic Secondary School", "GENERAL_USE_CODE": 115001, "CENTRELINE_ID": 442422, "LO_NUM": 101, "LO_NUM_SUF": "None", "HI_NUM": null, "HI_NUM_SUF": "None", "LINEAR_NAME_ID": 6178.0 }, "geometry": { "type": "MultiPoint", "coordinates": [ [ -79.411081826362704, 43.741225321247803 ] ] } },
{ "type": "Feature", "properties": { "_id": 558, "OBJECTID": 657, "GEO_ID": 10410585.0, "NAME": "LORETTO COLLEGE SCHOOL", "SCHOOL_LEVEL": "None", "SCHOOL_TYPE": "ES", "BOARD_NAME": "Toronto Catholic District School Board", "SOURCE_ADDRESS": "151 ROSEMOUNT AVE ", "SCHOOL_TYPE_DESC": "English Separate", "ADDRESS_POINT_ID": 10410585, "ADDRESS_NUMBER": "151", "LINEAR_NAME_FULL": "Rosemount Ave", "ADDRESS_FULL": "151 Rosemount Ave", "POSTAL_CODE": "M6H 2N1", "MUNICIPALITY": "TO", "CITY": "TO", "PLACE_NAME": "Loretto College Catholic School", "GENERAL_USE_CODE": 115001, "CENTRELINE_ID": 10410573, "LO_NUM": 151, "LO_NUM_SUF": "None", "HI_NUM": null, "HI_NUM_SUF": "None", "LINEAR_NAME_ID": 9755.0 }, "geometry": { "type": "MultiPoint", "coordinates": [ [ -79.443246939779399, 43.675736713658402 ] ] } },
{ "type": "Feature", "properties": { "_id": 559, "OBJECTID": 658, "GEO_ID": 11484484.0, "NAME": "LOWELL INTERNATIONAL ACADEMY SECONDARY SCHOOL", "SCHOOL_LEVEL": "None", "SCHOOL_TYPE": "PR", "BOARD_NAME": "None", "SOURCE_ADDRESS": "3601 VICTORIA PARK AVE ", "SCHOOL_TYPE_DESC": "Private", "ADDRESS_POINT_ID": 11484484, "ADDRESS_NUMBER": "3601", "LINEAR_NAME_FULL": "Victoria Park Ave", "ADDRESS_FULL": "3601 Victoria Park Ave", "POSTAL_CODE": "M1W 3Y3", "MUNICIPALITY": "SC", "CITY": "SC", "PLACE_NAME": "None", "GENERAL_USE_CODE": 115001, "CENTRELINE_ID": 11484483, "LO_NUM": 3601, "LO_NUM_SUF": "None", "HI_NUM": null, "HI_NUM_SUF": "None", "LINEAR_NAME_ID": 370.0 }, "geometry": { "type": "MultiPoint", "coordinates": [ [ -79.335685477195298, 43.803648692891002 ] ] } },
{ "type": "Feature", "properties": { "_id": 560, "OBJECTID": 659, "GEO_ID": 366470.0, "NAME": "LUCY MAUD MONTGOMERY PUBLIC SCHOOL ", "SCHOOL_LEVEL": "None", "SCHOOL_TYPE": "EP", "BOARD_NAME": "Toronto District School Board", "SOURCE_ADDRESS": "95 MURISON BLVD ", "SCHOOL_TYPE_DESC": "English Public", "ADDRESS_POINT_ID": 366470, "ADDRESS_NUMBER": "95", "LINEAR_NAME_FULL": "Murison Blvd", "ADDRESS_FULL": "95 Murison Blvd", "POSTAL_CODE": "M1B 2L6", "MUNICIPALITY": "SC", "CITY": "SC", "PLACE_NAME": "Lucy Maud Montgomery Public School", "GENERAL_USE_CODE": 115001, "CENTRELINE_ID": 105173, "LO_NUM": 95, "LO_NUM_SUF": "None", "HI_NUM": null, "HI_NUM_SUF": "None", "LINEAR_NAME_ID": 8552.0 }, "geometry": { "type": "MultiPoint", "coordinates": [ [ -79.209365718002701, 43.796916792744902 ] ] } },
{ "type": "Feature", "properties": { "_id": 561, "OBJECTID": 660, "GEO_ID": 13494198.0, "NAME": "LUCY MCCORMICK SR SCHOOL ", "SCHOOL_LEVEL": "None", "SCHOOL_TYPE": "EP", "BOARD_NAME": "Toronto District School Board", "SOURCE_ADDRESS": "2717 DUNDAS ST W", "SCHOOL_TYPE_DESC": "English Public", "ADDRESS_POINT_ID": 13494198, "ADDRESS_NUMBER": "2717", "LINEAR_NAME_FULL": "Dundas St W", "ADDRESS_FULL": "2717 Dundas St W", "POSTAL_CODE": "M6P 1Y1", "MUNICIPALITY": "TO", "CITY": "TO", "PLACE_NAME": "Lucy McCormick Senior School", "GENERAL_USE_CODE": 115001, "CENTRELINE_ID": 12189729, "LO_NUM": 2717, "LO_NUM_SUF": "None", "HI_NUM": null, "HI_NUM_SUF": "None", "LINEAR_NAME_ID": 558.0 }, "geometry": { "type": "MultiPoint", "coordinates": [ [ -79.460179967230602, 43.664632606773601 ] ] } },
{ "type": "Feature", "properties": { "_id": 562, "OBJECTID": 661, "GEO_ID": 9741281.0, "NAME": "LYCEE FRANCAIS DE TORONTO", "SCHOOL_LEVEL": "None", "SCHOOL_TYPE": "PR", "BOARD_NAME": "None", "SOURCE_ADDRESS": "2327 DUFFERIN ST ", "SCHOOL_TYPE_DESC": "Private", "ADDRESS_POINT_ID": 9741281, "ADDRESS_NUMBER": "2327", "LINEAR_NAME_FULL": "Dufferin St", "ADDRESS_FULL": "2327 Dufferin St", "POSTAL_CODE": "M6E 3S5", "MUNICIPALITY": "YK", "CITY": "YK", "PLACE_NAME": "D. B. Hood Community School", "GENERAL_USE_CODE": 115001, "CENTRELINE_ID": 9741259, "LO_NUM": 2327, "LO_NUM_SUF": "None", "HI_NUM": null, "HI_NUM_SUF": "None", "LINEAR_NAME_ID": 557.0 }, "geometry": { "type": "MultiPoint", "coordinates": [ [ -79.448875065406895, 43.693593569685703 ] ] } },
{ "type": "Feature", "properties": { "_id": 563, "OBJECTID": 662, "GEO_ID": 316950.0, "NAME": "LYNNGATE JR PUBLIC SCHOOL", "SCHOOL_LEVEL": "None", "SCHOOL_TYPE": "EP", "BOARD_NAME": "Toronto District School Board", "SOURCE_ADDRESS": "129 CASS AVE ", "SCHOOL_TYPE_DESC": "English Public", "ADDRESS_POINT_ID": 316950, "ADDRESS_NUMBER": "129", "LINEAR_NAME_FULL": "Cass Ave", "ADDRESS_FULL": "129 Cass Ave", "POSTAL_CODE": "M1T 2B5", "MUNICIPALITY": "SC", "CITY": "SC", "PLACE_NAME": "Lynngate Junior Public School", "GENERAL_USE_CODE": 115001, "CENTRELINE_ID": 30100525, "LO_NUM": 129, "LO_NUM_SUF": "None", "HI_NUM": null, "HI_NUM_SUF": "None", "LINEAR_NAME_ID": 7523.0 }, "geometry": { "type": "MultiPoint", "coordinates": [ [ -79.300660254809003, 43.776676642404901 ] ] } },
{ "type": "Feature", "properties": { "_id": 564, "OBJECTID": 663, "GEO_ID": 14174271.0, "NAME": "LYNNWOOD HEIGHTS JR PUBLIC SCHOOL", "SCHOOL_LEVEL": "None", "SCHOOL_TYPE": "EP", "BOARD_NAME": "Toronto District School Board", "SOURCE_ADDRESS": "50 SOUTHLAWN DR ", "SCHOOL_TYPE_DESC": "English Public", "ADDRESS_POINT_ID": 14174271, "ADDRESS_NUMBER": "50", "LINEAR_NAME_FULL": "Southlawn Dr", "ADDRESS_FULL": "50 Southlawn Dr", "POSTAL_CODE": "M1S 1J1", "MUNICIPALITY": "SC", "CITY": "SC", "PLACE_NAME": "Lynnwood Heights Junior Public School", "GENERAL_USE_CODE": 115001, "CENTRELINE_ID": 6332545, "LO_NUM": 50, "LO_NUM_SUF": "None", "HI_NUM": null, "HI_NUM_SUF": "None", "LINEAR_NAME_ID": 8981.0 }, "geometry": { "type": "MultiPoint", "coordinates": [ [ -79.291347866480194, 43.796580757564399 ] ] } },
{ "type": "Feature", "properties": { "_id": 565, "OBJECTID": 664, "GEO_ID": 20043689.0, "NAME": "MAC AL-FURQAN SCHOOL", "SCHOOL_LEVEL": "None", "SCHOOL_TYPE": "PR", "BOARD_NAME": "None", "SOURCE_ADDRESS": "60 TOWN CENTRE CRT ", "SCHOOL_TYPE_DESC": "Private", "ADDRESS_POINT_ID": 20043689, "ADDRESS_NUMBER": "60", "LINEAR_NAME_FULL": "Town Centre Crt", "ADDRESS_FULL": "60 Town Centre Crt", "POSTAL_CODE": "M1P 0B1", "MUNICIPALITY": "SC", "CITY": "SC", "PLACE_NAME": "None", "GENERAL_USE_CODE": 115001, "CENTRELINE_ID": 107849, "LO_NUM": 60, "LO_NUM_SUF": "None", "HI_NUM": null, "HI_NUM_SUF": "None", "LINEAR_NAME_ID": 9555.0 }, "geometry": { "type": "MultiPoint", "coordinates": [ [ -79.255861702530595, 43.773399934477801 ] ] } },
{ "type": "Feature", "properties": { "_id": 566, "OBJECTID": 665, "GEO_ID": 347260.0, "NAME": "MACKLIN PUBLIC SCHOOL ", "SCHOOL_LEVEL": "None", "SCHOOL_TYPE": "EP", "BOARD_NAME": "Toronto District School Board", "SOURCE_ADDRESS": "136 INGLETON BLVD ", "SCHOOL_TYPE_DESC": "English Public", "ADDRESS_POINT_ID": 347260, "ADDRESS_NUMBER": "136", "LINEAR_NAME_FULL": "Ingleton Blvd", "ADDRESS_FULL": "136 Ingleton Blvd", "POSTAL_CODE": "M1V 2Y4", "MUNICIPALITY": "SC", "CITY": "SC", "PLACE_NAME": "Macklin Public School", "GENERAL_USE_CODE": 115001, "CENTRELINE_ID": 30058455, "LO_NUM": 136, "LO_NUM_SUF": "None", "HI_NUM": null, "HI_NUM_SUF": "None", "LINEAR_NAME_ID": 8163.0 }, "geometry": { "type": "MultiPoint", "coordinates": [ [ -79.2674700420568, 43.821788456337003 ] ] } },
{ "type": "Feature", "properties": { "_id": 567, "OBJECTID": 666, "GEO_ID": 376319.0, "NAME": "MADINATUL ULOOM ACADEMY INC", "SCHOOL_LEVEL": "None", "SCHOOL_TYPE": "PR", "BOARD_NAME": "None", "SOURCE_ADDRESS": "710 PROGRESS AVE ", "SCHOOL_TYPE_DESC": "Private", "ADDRESS_POINT_ID": 376319, "ADDRESS_NUMBER": "710", "LINEAR_NAME_FULL": "Progress Ave", "ADDRESS_FULL": "710 Progress Ave", "POSTAL_CODE": "M1H 2X3", "MUNICIPALITY": "SC", "CITY": "SC", "PLACE_NAME": "None", "GENERAL_USE_CODE": 115001, "CENTRELINE_ID": 107416, "LO_NUM": 710, "LO_NUM_SUF": "None", "HI_NUM": null, "HI_NUM_SUF": "None", "LINEAR_NAME_ID": 8740.0 }, "geometry": { "type": "MultiPoint", "coordinates": [ [ -79.247474569559898, 43.778653564103003 ] ] } },
{ "type": "Feature", "properties": { "_id": 568, "OBJECTID": 667, "GEO_ID": 376313.0, "NAME": "MADINATUL ULOOM ISLAMIC ACADEMY & OXFORD COLLEGE & FH INTERNATIONAL", "SCHOOL_LEVEL": "None", "SCHOOL_TYPE": "PR", "BOARD_NAME": "None", "SOURCE_ADDRESS": "670 PROGRESS AVE ", "SCHOOL_TYPE_DESC": "Private", "ADDRESS_POINT_ID": 376313, "ADDRESS_NUMBER": "670", "LINEAR_NAME_FULL": "Progress Ave", "ADDRESS_FULL": "670 Progress Ave", "POSTAL_CODE": "M1H 3A4", "MUNICIPALITY": "SC", "CITY": "SC", "PLACE_NAME": "None", "GENERAL_USE_CODE": 115001, "CENTRELINE_ID": 107416, "LO_NUM": 670, "LO_NUM_SUF": "None", "HI_NUM": null, "HI_NUM_SUF": "None", "LINEAR_NAME_ID": 8740.0 }, "geometry": { "type": "MultiPoint", "coordinates": [ [ -79.250110001495997, 43.777743498003602 ] ] } },
{ "type": "Feature", "properties": { "_id": 569, "OBJECTID": 668, "GEO_ID": 376317.0, "NAME": "MADINATUL ULOOM ISLAMIC GIRLS ACADEMY", "SCHOOL_LEVEL": "None", "SCHOOL_TYPE": "PR", "BOARD_NAME": "None", "SOURCE_ADDRESS": "700 PROGRESS AVE ", "SCHOOL_TYPE_DESC": "Private", "ADDRESS_POINT_ID": 376317, "ADDRESS_NUMBER": "700", "LINEAR_NAME_FULL": "Progress Ave", "ADDRESS_FULL": "700 Progress Ave", "POSTAL_CODE": "M1H 2Z7", "MUNICIPALITY": "SC", "CITY": "SC", "PLACE_NAME": "None", "GENERAL_USE_CODE": 115001, "CENTRELINE_ID": 107416, "LO_NUM": 700, "LO_NUM_SUF": "None", "HI_NUM": null, "HI_NUM_SUF": "None", "LINEAR_NAME_ID": 8740.0 }, "geometry": { "type": "MultiPoint", "coordinates": [ [ -79.247910857957606, 43.778205990672099 ] ] } },
{ "type": "Feature", "properties": { "_id": 570, "OBJECTID": 669, "GEO_ID": 509514.0, "NAME": "MADONNA CATHOLIC SECONDARY SCHOOL", "SCHOOL_LEVEL": "None", "SCHOOL_TYPE": "ES", "BOARD_NAME": "Toronto Catholic District School Board", "SOURCE_ADDRESS": "20 DUBRAY AVE ", "SCHOOL_TYPE_DESC": "English Separate", "ADDRESS_POINT_ID": 509514, "ADDRESS_NUMBER": "20", "LINEAR_NAME_FULL": "Dubray Ave", "ADDRESS_FULL": "20 Dubray Ave", "POSTAL_CODE": "M3K 1V5", "MUNICIPALITY": "NY", "CITY": "NY", "PLACE_NAME": "Madonna Catholic Secondary School", "GENERAL_USE_CODE": 115001, "CENTRELINE_ID": 30105871, "LO_NUM": 20, "LO_NUM_SUF": "None", "HI_NUM": null, "HI_NUM_SUF": "None", "LINEAR_NAME_ID": 5441.0 }, "geometry": { "type": "MultiPoint", "coordinates": [ [ -79.4774829361901, 43.729416395538998 ] ] } },
{ "type": "Feature", "properties": { "_id": 571, "OBJECTID": 670, "GEO_ID": 1041845.0, "NAME": "MADRESATUL BANAAT ALMUSLIMAAT SCHOOL", "SCHOOL_LEVEL": "None", "SCHOOL_TYPE": "PR", "BOARD_NAME": "None", "SOURCE_ADDRESS": "10 VULCAN ST ", "SCHOOL_TYPE_DESC": "Private", "ADDRESS_POINT_ID": 1041845, "ADDRESS_NUMBER": "10", "LINEAR_NAME_FULL": "Vulcan St", "ADDRESS_FULL": "10 Vulcan St", "POSTAL_CODE": "M9W 1L2", "MUNICIPALITY": "ET", "CITY": "ET", "PLACE_NAME": "None", "GENERAL_USE_CODE": 115001, "CENTRELINE_ID": 908227, "LO_NUM": 10, "LO_NUM_SUF": "None", "HI_NUM": null, "HI_NUM_SUF": "None", "LINEAR_NAME_ID": 2724.0 }, "geometry": { "type": "MultiPoint", "coordinates": [ [ -79.578379368684907, 43.705308891349397 ] ] } },
{ "type": "Feature", "properties": { "_id": 572, "OBJECTID": 671, "GEO_ID": 563759.0, "NAME": "MAGNIFICENT MINDS SCHOOL", "SCHOOL_LEVEL": "None", "SCHOOL_TYPE": "PR", "BOARD_NAME": "None", "SOURCE_ADDRESS": "37 SOUTHBOURNE AVE ", "SCHOOL_TYPE_DESC": "Private", "ADDRESS_POINT_ID": 563759, "ADDRESS_NUMBER": "37", "LINEAR_NAME_FULL": "Southbourne Ave", "ADDRESS_FULL": "37 Southbourne Ave", "POSTAL_CODE": "M3H 1A4", "MUNICIPALITY": "NY", "CITY": "NY", "PLACE_NAME": "Adath Israel Congregation", "GENERAL_USE_CODE": 115001, "CENTRELINE_ID": 442635, "LO_NUM": 37, "LO_NUM_SUF": "None", "HI_NUM": null, "HI_NUM_SUF": "None", "LINEAR_NAME_ID": 6750.0 }, "geometry": { "type": "MultiPoint", "coordinates": [ [ -79.431222102765901, 43.738545257701098 ] ] } },
{ "type": "Feature", "properties": { "_id": 573, "OBJECTID": 672, "GEO_ID": 836897.0, "NAME": "MALVERN COLLEGIATE INSTITUTE", "SCHOOL_LEVEL": "None", "SCHOOL_TYPE": "EP", "BOARD_NAME": "Toronto District School Board", "SOURCE_ADDRESS": "55 MALVERN AVE ", "SCHOOL_TYPE_DESC": "English Public", "ADDRESS_POINT_ID": 836897, "ADDRESS_NUMBER": "55", "LINEAR_NAME_FULL": "Malvern Ave", "ADDRESS_FULL": "55 Malvern Ave", "POSTAL_CODE": "M4E 3E4", "MUNICIPALITY": "TO", "CITY": "TO", "PLACE_NAME": "Malvern Collegiate Institute", "GENERAL_USE_CODE": 115001, "CENTRELINE_ID": 1139888, "LO_NUM": 55, "LO_NUM_SUF": "None", "HI_NUM": null, "HI_NUM_SUF": "None", "LINEAR_NAME_ID": 3904.0 }, "geometry": { "type": "MultiPoint", "coordinates": [ [ -79.292936332051895, 43.682914149720801 ] ] } },
{ "type": "Feature", "properties": { "_id": 574, "OBJECTID": 673, "GEO_ID": 358756.0, "NAME": "MALVERN JR PUBLIC SCHOOL", "SCHOOL_LEVEL": "None", "SCHOOL_TYPE": "EP", "BOARD_NAME": "Toronto District School Board", "SOURCE_ADDRESS": "70 MAMMOTH HALL TRL ", "SCHOOL_TYPE_DESC": "English Public", "ADDRESS_POINT_ID": 358756, "ADDRESS_NUMBER": "70", "LINEAR_NAME_FULL": "Mammoth Hall Trl", "ADDRESS_FULL": "70 Mammoth Hall Trl", "POSTAL_CODE": "M1B 1P6", "MUNICIPALITY": "SC", "CITY": "SC", "PLACE_NAME": "Malvern Junior Public School", "GENERAL_USE_CODE": 115001, "CENTRELINE_ID": 30060555, "LO_NUM": 70, "LO_NUM_SUF": "None", "HI_NUM": null, "HI_NUM_SUF": "None", "LINEAR_NAME_ID": 8403.0 }, "geometry": { "type": "MultiPoint", "coordinates": [ [ -79.233251944134196, 43.797839461025099 ] ] } },
{ "type": "Feature", "properties": { "_id": 575, "OBJECTID": 674, "GEO_ID": 14190806.0, "NAME": "MALVERN MONTESSORI SCHOOL", "SCHOOL_LEVEL": "None", "SCHOOL_TYPE": "PR", "BOARD_NAME": "None", "SOURCE_ADDRESS": "10 SEWELLS RD ", "SCHOOL_TYPE_DESC": "Private", "ADDRESS_POINT_ID": 14190806, "ADDRESS_NUMBER": "10", "LINEAR_NAME_FULL": "Sewells Rd", "ADDRESS_FULL": "10 Sewells Rd", "POSTAL_CODE": "M1B 3G5", "MUNICIPALITY": "SC", "CITY": "SC", "PLACE_NAME": "None", "GENERAL_USE_CODE": 115001, "CENTRELINE_ID": 30013272, "LO_NUM": 10, "LO_NUM_SUF": "None", "HI_NUM": null, "HI_NUM_SUF": "None", "LINEAR_NAME_ID": 30032.0 }, "geometry": { "type": "MultiPoint", "coordinates": [ [ -79.217789418525101, 43.807242948780903 ] ] } },
{ "type": "Feature", "properties": { "_id": 576, "OBJECTID": 675, "GEO_ID": 359023.0, "NAME": "MANHATTAN PARK JR PUBLIC SCHOOL", "SCHOOL_LEVEL": "None", "SCHOOL_TYPE": "EP", "BOARD_NAME": "Toronto District School Board", "SOURCE_ADDRESS": "90 MANHATTAN DR ", "SCHOOL_TYPE_DESC": "English Public", "ADDRESS_POINT_ID": 359023, "ADDRESS_NUMBER": "90", "LINEAR_NAME_FULL": "Manhattan Dr", "ADDRESS_FULL": "90 Manhattan Dr", "POSTAL_CODE": "M1R 3V8", "MUNICIPALITY": "SC", "CITY": "SC", "PLACE_NAME": "Manhattan Park Junior Public School", "GENERAL_USE_CODE": 115001, "CENTRELINE_ID": 109829, "LO_NUM": 90, "LO_NUM_SUF": "None", "HI_NUM": null, "HI_NUM_SUF": "None", "LINEAR_NAME_ID": 8407.0 }, "geometry": { "type": "MultiPoint", "coordinates": [ [ -79.295301118666501, 43.753354003168802 ] ] } },
{ "type": "Feature", "properties": { "_id": 577, "OBJECTID": 676, "GEO_ID": 8947520.0, "NAME": "MANOR MONTESSORI - DE SAVERY SITE", "SCHOOL_LEVEL": "None", "SCHOOL_TYPE": "PR", "BOARD_NAME": "None", "SOURCE_ADDRESS": "14 DE-SAVERY CRES ", "SCHOOL_TYPE_DESC": "Private", "ADDRESS_POINT_ID": 8947520, "ADDRESS_NUMBER": "14", "LINEAR_NAME_FULL": "De-Savery Cres", "ADDRESS_FULL": "14 De-Savery Cres", "POSTAL_CODE": "M4S 2L2", "MUNICIPALITY": "TO", "CITY": "TO", "PLACE_NAME": "None", "GENERAL_USE_CODE": 115001, "CENTRELINE_ID": 8947513, "LO_NUM": 14, "LO_NUM_SUF": "None", "HI_NUM": null, "HI_NUM_SUF": "None", "LINEAR_NAME_ID": 3276.0 }, "geometry": { "type": "MultiPoint", "coordinates": [ [ -79.389838774017406, 43.703091994838502 ] ] } },
{ "type": "Feature", "properties": { "_id": 578, "OBJECTID": 677, "GEO_ID": 845017.0, "NAME": "MANOR MONTESSORI SCHOOL - MT PLEASANT", "SCHOOL_LEVEL": "None", "SCHOOL_TYPE": "PR", "BOARD_NAME": "None", "SOURCE_ADDRESS": "909 MOUNT PLEASANT RD ", "SCHOOL_TYPE_DESC": "Private", "ADDRESS_POINT_ID": 845017, "ADDRESS_NUMBER": "909", "LINEAR_NAME_FULL": "Mount Pleasant Rd", "ADDRESS_FULL": "909 Mount Pleasant Rd", "POSTAL_CODE": "M4P 2Z6", "MUNICIPALITY": "TO", "CITY": "TO", "PLACE_NAME": "None", "GENERAL_USE_CODE": 115001, "CENTRELINE_ID": 1138163, "LO_NUM": 909, "LO_NUM_SUF": "None", "HI_NUM": null, "HI_NUM_SUF": "None", "LINEAR_NAME_ID": 4022.0 }, "geometry": { "type": "MultiPoint", "coordinates": [ [ -79.391162417889404, 43.711604144091801 ] ] } },
{ "type": "Feature", "properties": { "_id": 579, "OBJECTID": 678, "GEO_ID": 385409.0, "NAME": "MAPLE LEAF COLLEGIATE SCHOOL", "SCHOOL_LEVEL": "None", "SCHOOL_TYPE": "PR", "BOARD_NAME": "None", "SOURCE_ADDRESS": "4002 SHEPPARD AVE E", "SCHOOL_TYPE_DESC": "Private", "ADDRESS_POINT_ID": 385409, "ADDRESS_NUMBER": "4002", "LINEAR_NAME_FULL": "Sheppard Ave E", "ADDRESS_FULL": "4002 Sheppard Ave E", "POSTAL_CODE": "M1S 4R5", "MUNICIPALITY": "SC", "CITY": "SC", "PLACE_NAME": "None", "GENERAL_USE_CODE": 115001, "CENTRELINE_ID": 106853, "LO_NUM": 4002, "LO_NUM_SUF": "None", "HI_NUM": null, "HI_NUM_SUF": "None", "LINEAR_NAME_ID": 6698.0 }, "geometry": { "type": "MultiPoint", "coordinates": [ [ -79.287905618385906, 43.7836906701136 ] ] } },
{ "type": "Feature", "properties": { "_id": 580, "OBJECTID": 679, "GEO_ID": 504683.0, "NAME": "MAPLE LEAF PUBLIC SCHOOL", "SCHOOL_LEVEL": "None", "SCHOOL_TYPE": "EP", "BOARD_NAME": "Toronto District School Board", "SOURCE_ADDRESS": "301 CULFORD RD ", "SCHOOL_TYPE_DESC": "English Public", "ADDRESS_POINT_ID": 504683, "ADDRESS_NUMBER": "301", "LINEAR_NAME_FULL": "Culford Rd", "ADDRESS_FULL": "301 Culford Rd", "POSTAL_CODE": "M6L 2V4", "MUNICIPALITY": "NY", "CITY": "NY", "PLACE_NAME": "Maple Leaf Public School", "GENERAL_USE_CODE": 115001, "CENTRELINE_ID": 445682, "LO_NUM": 301, "LO_NUM_SUF": "None", "HI_NUM": null, "HI_NUM_SUF": "None", "LINEAR_NAME_ID": 5309.0 }, "geometry": { "type": "MultiPoint", "coordinates": [ [ -79.490275208795197, 43.714850643192101 ] ] } },
{ "type": "Feature", "properties": { "_id": 581, "OBJECTID": 680, "GEO_ID": 336715.0, "NAME": "MAPLEWOOD HIGH SCHOOL", "SCHOOL_LEVEL": "None", "SCHOOL_TYPE": "EP", "BOARD_NAME": "Toronto District School Board", "SOURCE_ADDRESS": "120 GALLOWAY RD ", "SCHOOL_TYPE_DESC": "English Public", "ADDRESS_POINT_ID": 336715, "ADDRESS_NUMBER": "120", "LINEAR_NAME_FULL": "Galloway Rd", "ADDRESS_FULL": "120 Galloway Rd", "POSTAL_CODE": "M1E 1W7", "MUNICIPALITY": "SC", "CITY": "SC", "PLACE_NAME": "Maplewood High School", "GENERAL_USE_CODE": 115001, "CENTRELINE_ID": 109225, "LO_NUM": 120, "LO_NUM_SUF": "None", "HI_NUM": null, "HI_NUM_SUF": "None", "LINEAR_NAME_ID": 7948.0 }, "geometry": { "type": "MultiPoint", "coordinates": [ [ -79.194894634586205, 43.758897852797503 ] ] } },
{ "type": "Feature", "properties": { "_id": 582, "OBJECTID": 681, "GEO_ID": 10750672.0, "NAME": "MARC GARNEAU COLLEGIATE INSTITUTE", "SCHOOL_LEVEL": "None", "SCHOOL_TYPE": "EP", "BOARD_NAME": "Toronto District School Board", "SOURCE_ADDRESS": "135 OVERLEA BLVD ", "SCHOOL_TYPE_DESC": "English Public", "ADDRESS_POINT_ID": 10750672, "ADDRESS_NUMBER": "135", "LINEAR_NAME_FULL": "Overlea Blvd", "ADDRESS_FULL": "135 Overlea Blvd", "POSTAL_CODE": "M3C 1B3", "MUNICIPALITY": "NY", "CITY": "NY", "PLACE_NAME": "Marc Garneau Collegiate Institute", "GENERAL_USE_CODE": 115001, "CENTRELINE_ID": 10750670, "LO_NUM": 135, "LO_NUM_SUF": "None", "HI_NUM": null, "HI_NUM_SUF": "None", "LINEAR_NAME_ID": 278.0 }, "geometry": { "type": "MultiPoint", "coordinates": [ [ -79.334967946407801, 43.708975685371897 ] ] } },
{ "type": "Feature", "properties": { "_id": 583, "OBJECTID": 682, "GEO_ID": 3111592.0, "NAME": "MARIA MONTESSORI SCHOOL", "SCHOOL_LEVEL": "None", "SCHOOL_TYPE": "PR", "BOARD_NAME": "None", "SOURCE_ADDRESS": "125 BRENTCLIFFE RD ", "SCHOOL_TYPE_DESC": "Private", "ADDRESS_POINT_ID": 3111592, "ADDRESS_NUMBER": "125", "LINEAR_NAME_FULL": "Brentcliffe Rd", "ADDRESS_FULL": "125 Brentcliffe Rd", "POSTAL_CODE": "M4G 3Y7", "MUNICIPALITY": "EY", "CITY": "EY", "PLACE_NAME": "Northlea United Church", "GENERAL_USE_CODE": 115001, "CENTRELINE_ID": 3111593, "LO_NUM": 125, "LO_NUM_SUF": "None", "HI_NUM": null, "HI_NUM_SUF": "None", "LINEAR_NAME_ID": 42.0 }, "geometry": { "type": "MultiPoint", "coordinates": [ [ -79.363059110442705, 43.717378796991298 ] ] } },
{ "type": "Feature", "properties": { "_id": 584, "OBJECTID": 683, "GEO_ID": 14647878.0, "NAME": "MARKDALE PRESCHOOL", "SCHOOL_LEVEL": "None", "SCHOOL_TYPE": "PR", "BOARD_NAME": "None", "SOURCE_ADDRESS": "41 MARKDALE AVE ", "SCHOOL_TYPE_DESC": "Private", "ADDRESS_POINT_ID": 14647878, "ADDRESS_NUMBER": "41", "LINEAR_NAME_FULL": "Markdale Ave", "ADDRESS_FULL": "41 Markdale Ave", "POSTAL_CODE": "None", "MUNICIPALITY": "YK", "CITY": "YK", "PLACE_NAME": "Markdale Preschool Site", "GENERAL_USE_CODE": 115001, "CENTRELINE_ID": 8456990, "LO_NUM": 41, "LO_NUM_SUF": "None", "HI_NUM": null, "HI_NUM_SUF": "None", "LINEAR_NAME_ID": 760.0 }, "geometry": { "type": "MultiPoint", "coordinates": [ [ -79.430077042158402, 43.693421809246303 ] ] } },
{ "type": "Feature", "properties": { "_id": 585, "OBJECTID": 684, "GEO_ID": 8354441.0, "NAME": "MARKET LANE JR & SR PUBLIC SCHOOL ", "SCHOOL_LEVEL": "None", "SCHOOL_TYPE": "EP", "BOARD_NAME": "Toronto District School Board", "SOURCE_ADDRESS": "246 THE ESPLANADE  ", "SCHOOL_TYPE_DESC": "English Public", "ADDRESS_POINT_ID": 8354441, "ADDRESS_NUMBER": "246", "LINEAR_NAME_FULL": "The Esplanade", "ADDRESS_FULL": "246 The Esplanade", "POSTAL_CODE": "M5A 4J6", "MUNICIPALITY": "TO", "CITY": "TO", "PLACE_NAME": "Market Lane Junior and Senior Public School", "GENERAL_USE_CODE": 115001, "CENTRELINE_ID": 30126336, "LO_NUM": 246, "LO_NUM_SUF": "None", "HI_NUM": null, "HI_NUM_SUF": "None", "LINEAR_NAME_ID": 4541.0 }, "geometry": { "type": "MultiPoint", "coordinates": [ [ -79.364741395978299, 43.649850380264603 ] ] } },
{ "type": "Feature", "properties": { "_id": 586, "OBJECTID": 685, "GEO_ID": 14244594.0, "NAME": "MARSHALL MCLUHAN CATHOLIC SECONDARY SCHOOL", "SCHOOL_LEVEL": "None", "SCHOOL_TYPE": "ES", "BOARD_NAME": "Toronto Catholic District School Board", "SOURCE_ADDRESS": "1107 AVENUE RD ", "SCHOOL_TYPE_DESC": "English Separate", "ADDRESS_POINT_ID": 14244594, "ADDRESS_NUMBER": "1107", "LINEAR_NAME_FULL": "Avenue Rd", "ADDRESS_FULL": "1107 Avenue Rd", "POSTAL_CODE": "M5N 3B1", "MUNICIPALITY": "TO", "CITY": "TO", "PLACE_NAME": "Marshall McLuhan Catholic School", "GENERAL_USE_CODE": 115001, "CENTRELINE_ID": 1138318, "LO_NUM": 1107, "LO_NUM_SUF": "None", "HI_NUM": null, "HI_NUM_SUF": "None", "LINEAR_NAME_ID": 2924.0 }, "geometry": { "type": "MultiPoint", "coordinates": [ [ -79.409735162960601, 43.707600245665098 ] ] } },
{ "type": "Feature", "properties": { "_id": 587, "OBJECTID": 686, "GEO_ID": 8087277.0, "NAME": "MARTINGROVE COLLEGIATE INSTITUTE", "SCHOOL_LEVEL": "None", "SCHOOL_TYPE": "EP", "BOARD_NAME": "Toronto District School Board", "SOURCE_ADDRESS": "50 WINTERTON DR ", "SCHOOL_TYPE_DESC": "English Public", "ADDRESS_POINT_ID": 8087277, "ADDRESS_NUMBER": "50", "LINEAR_NAME_FULL": "Winterton Dr", "ADDRESS_FULL": "50 Winterton Dr", "POSTAL_CODE": "M9B 3G7", "MUNICIPALITY": "ET", "CITY": "ET", "PLACE_NAME": "Martingrove Collegiate Institute", "GENERAL_USE_CODE": 115001, "CENTRELINE_ID": 8087278, "LO_NUM": 50, "LO_NUM_SUF": "None", "HI_NUM": null, "HI_NUM_SUF": "None", "LINEAR_NAME_ID": 2813.0 }, "geometry": { "type": "MultiPoint", "coordinates": [ [ -79.560739640364901, 43.673382772251102 ] ] } },
{ "type": "Feature", "properties": { "_id": 588, "OBJECTID": 687, "GEO_ID": 14207557.0, "NAME": "MARY MOTHER OF GOD SCHOOL", "SCHOOL_LEVEL": "None", "SCHOOL_TYPE": "PR", "BOARD_NAME": "None", "SOURCE_ADDRESS": "1515A QUEEN ST W", "SCHOOL_TYPE_DESC": "Private", "ADDRESS_POINT_ID": 14207557, "ADDRESS_NUMBER": "1515A", "LINEAR_NAME_FULL": "Queen St W", "ADDRESS_FULL": "1515A Queen St W", "POSTAL_CODE": "M6R 1A5", "MUNICIPALITY": "TO", "CITY": "TO", "PLACE_NAME": "None", "GENERAL_USE_CODE": 115001, "CENTRELINE_ID": 10759863, "LO_NUM": 1515, "LO_NUM_SUF": "A", "HI_NUM": null, "HI_NUM_SUF": "None", "LINEAR_NAME_ID": 4238.0 }, "geometry": { "type": "MultiPoint", "coordinates": [ [ -79.441439943473299, 43.639285403257503 ] ] } },
{ "type": "Feature", "properties": { "_id": 589, "OBJECTID": 688, "GEO_ID": 6947413.0, "NAME": "MARY SHADD PUBLIC SCHOOL", "SCHOOL_LEVEL": "None", "SCHOOL_TYPE": "EP", "BOARD_NAME": "Toronto District School Board", "SOURCE_ADDRESS": "135 HUPFIELD TRL ", "SCHOOL_TYPE_DESC": "English Public", "ADDRESS_POINT_ID": 6947413, "ADDRESS_NUMBER": "135", "LINEAR_NAME_FULL": "Hupfield Trl", "ADDRESS_FULL": "135 Hupfield Trl", "POSTAL_CODE": "M1B 4R6", "MUNICIPALITY": "SC", "CITY": "SC", "PLACE_NAME": "Mary Shadd Public School", "GENERAL_USE_CODE": 115001, "CENTRELINE_ID": 6947409, "LO_NUM": 135, "LO_NUM_SUF": "None", "HI_NUM": null, "HI_NUM_SUF": "None", "LINEAR_NAME_ID": 11329.0 }, "geometry": { "type": "MultiPoint", "coordinates": [ [ -79.218324042867096, 43.8143956979563 ] ] } },
{ "type": "Feature", "properties": { "_id": 590, "OBJECTID": 689, "GEO_ID": 9467845.0, "NAME": "MARY WARD CATHOLIC SECONDARY SCHOOL", "SCHOOL_LEVEL": "None", "SCHOOL_TYPE": "ES", "BOARD_NAME": "Toronto Catholic District School Board", "SOURCE_ADDRESS": "3200 KENNEDY RD ", "SCHOOL_TYPE_DESC": "English Separate", "ADDRESS_POINT_ID": 9467845, "ADDRESS_NUMBER": "3200", "LINEAR_NAME_FULL": "Kennedy Rd", "ADDRESS_FULL": "3200 Kennedy Rd", "POSTAL_CODE": "M1V 3S8", "MUNICIPALITY": "SC", "CITY": "SC", "PLACE_NAME": "Mary Ward Catholic Secondary School", "GENERAL_USE_CODE": 115001, "CENTRELINE_ID": 9467832, "LO_NUM": 3200, "LO_NUM_SUF": "None", "HI_NUM": null, "HI_NUM_SUF": "None", "LINEAR_NAME_ID": 8224.0 }, "geometry": { "type": "MultiPoint", "coordinates": [ [ -79.303940065699507, 43.8157534238129 ] ] } },
{ "type": "Feature", "properties": { "_id": 591, "OBJECTID": 690, "GEO_ID": 349763.0, "NAME": "MARY WARD LINC AND ESL CENTRE", "SCHOOL_LEVEL": "None", "SCHOOL_TYPE": "ES", "BOARD_NAME": "Toronto Catholic District School Board", "SOURCE_ADDRESS": "44 KELVINWAY DR ", "SCHOOL_TYPE_DESC": "English Separate", "ADDRESS_POINT_ID": 349763, "ADDRESS_NUMBER": "44", "LINEAR_NAME_FULL": "Kelvinway Dr", "ADDRESS_FULL": "44 Kelvinway Dr", "POSTAL_CODE": "M1W 1N6", "MUNICIPALITY": "SC", "CITY": "SC", "PLACE_NAME": "Mary Ward Linc and Esl Centre", "GENERAL_USE_CODE": 115001, "CENTRELINE_ID": 106182, "LO_NUM": 44, "LO_NUM_SUF": "None", "HI_NUM": null, "HI_NUM_SUF": "None", "LINEAR_NAME_ID": 8215.0 }, "geometry": { "type": "MultiPoint", "coordinates": [ [ -79.324116454127093, 43.7918372535513 ] ] } },
{ "type": "Feature", "properties": { "_id": 592, "OBJECTID": 691, "GEO_ID": 2820814.0, "NAME": "MARYVALE PUBLIC SCHOOL", "SCHOOL_LEVEL": "None", "SCHOOL_TYPE": "EP", "BOARD_NAME": "Toronto District School Board", "SOURCE_ADDRESS": "1325 PHARMACY AVE ", "SCHOOL_TYPE_DESC": "English Public", "ADDRESS_POINT_ID": 2820814, "ADDRESS_NUMBER": "1325", "LINEAR_NAME_FULL": "Pharmacy Ave", "ADDRESS_FULL": "1325 Pharmacy Ave", "POSTAL_CODE": "M1R 2J1", "MUNICIPALITY": "SC", "CITY": "SC", "PLACE_NAME": "Maryvale Public School", "GENERAL_USE_CODE": 115001, "CENTRELINE_ID": 2820803, "LO_NUM": 1325, "LO_NUM_SUF": "None", "HI_NUM": null, "HI_NUM_SUF": "None", "LINEAR_NAME_ID": 8691.0 }, "geometry": { "type": "MultiPoint", "coordinates": [ [ -79.307836183234997, 43.754822068202003 ] ] } },
{ "type": "Feature", "properties": { "_id": 593, "OBJECTID": 692, "GEO_ID": 360667.0, "NAME": "MASON ROAD JR PUBLIC SCHOOL ", "SCHOOL_LEVEL": "None", "SCHOOL_TYPE": "EP", "BOARD_NAME": "Toronto District School Board", "SOURCE_ADDRESS": "78 MASON RD ", "SCHOOL_TYPE_DESC": "English Public", "ADDRESS_POINT_ID": 360667, "ADDRESS_NUMBER": "78", "LINEAR_NAME_FULL": "Mason Rd", "ADDRESS_FULL": "78 Mason Rd", "POSTAL_CODE": "M1M 3R2", "MUNICIPALITY": "SC", "CITY": "SC", "PLACE_NAME": "Mason Road Junior Public School", "GENERAL_USE_CODE": 115001, "CENTRELINE_ID": 110821, "LO_NUM": 78, "LO_NUM_SUF": "None", "HI_NUM": null, "HI_NUM_SUF": "None", "LINEAR_NAME_ID": 8442.0 }, "geometry": { "type": "MultiPoint", "coordinates": [ [ -79.225654593569104, 43.739056437952101 ] ] } },
{ "type": "Feature", "properties": { "_id": 594, "OBJECTID": 693, "GEO_ID": 13971288.0, "NAME": "MAURICE CODY JR PUBLIC SCHOOL", "SCHOOL_LEVEL": "None", "SCHOOL_TYPE": "EP", "BOARD_NAME": "Toronto District School Board", "SOURCE_ADDRESS": "364 BELSIZE DR ", "SCHOOL_TYPE_DESC": "English Public", "ADDRESS_POINT_ID": 13971288, "ADDRESS_NUMBER": "364", "LINEAR_NAME_FULL": "Belsize Dr", "ADDRESS_FULL": "364 Belsize Dr", "POSTAL_CODE": "M4S 1N2", "MUNICIPALITY": "TO", "CITY": "TO", "PLACE_NAME": "Maurice Cody Junior Public School", "GENERAL_USE_CODE": 115001, "CENTRELINE_ID": 1138442, "LO_NUM": 364, "LO_NUM_SUF": "None", "HI_NUM": null, "HI_NUM_SUF": "None", "LINEAR_NAME_ID": 2990.0 }, "geometry": { "type": "MultiPoint", "coordinates": [ [ -79.377679017660498, 43.704814319102198 ] ] } },
{ "type": "Feature", "properties": { "_id": 595, "OBJECTID": 694, "GEO_ID": 9311796.0, "NAME": "MCCANNY SECONDARY SCHOOL", "SCHOOL_LEVEL": "None", "SCHOOL_TYPE": "PR", "BOARD_NAME": "None", "SOURCE_ADDRESS": "1051 MCNICOLL AVE ", "SCHOOL_TYPE_DESC": "Private", "ADDRESS_POINT_ID": 9311796, "ADDRESS_NUMBER": "1051", "LINEAR_NAME_FULL": "McNicoll Ave", "ADDRESS_FULL": "1051 McNicoll Ave", "POSTAL_CODE": "M1W 3W6", "MUNICIPALITY": "SC", "CITY": "SC", "PLACE_NAME": "None", "GENERAL_USE_CODE": 115001, "CENTRELINE_ID": 9311781, "LO_NUM": 1051, "LO_NUM_SUF": "None", "HI_NUM": null, "HI_NUM_SUF": "None", "LINEAR_NAME_ID": 6195.0 }, "geometry": { "type": "MultiPoint", "coordinates": [ [ -79.3334180682278, 43.803772623340301 ] ] } },
{ "type": "Feature", "properties": { "_id": 596, "OBJECTID": 695, "GEO_ID": 8680076.0, "NAME": "MCDONALD INTERNATIONAL ACADEMY SCHOOL", "SCHOOL_LEVEL": "None", "SCHOOL_TYPE": "PR", "BOARD_NAME": "None", "SOURCE_ADDRESS": "920 YONGE ST ", "SCHOOL_TYPE_DESC": "Private", "ADDRESS_POINT_ID": 8680076, "ADDRESS_NUMBER": "920", "LINEAR_NAME_FULL": "Yonge St", "ADDRESS_FULL": "920 Yonge St", "POSTAL_CODE": "M4W 3C7", "MUNICIPALITY": "TO", "CITY": "TO", "PLACE_NAME": "None", "GENERAL_USE_CODE": 115001, "CENTRELINE_ID": 8680067, "LO_NUM": 920, "LO_NUM_SUF": "None", "HI_NUM": null, "HI_NUM_SUF": "None", "LINEAR_NAME_ID": 4733.0 }, "geometry": { "type": "MultiPoint", "coordinates": [ [ -79.388995216946, 43.674103229917201 ] ] } },
{ "type": "Feature", "properties": { "_id": 597, "OBJECTID": 696, "GEO_ID": 13973429.0, "NAME": "MCKEE PUBLIC SCHOOL ", "SCHOOL_LEVEL": "None", "SCHOOL_TYPE": "EP", "BOARD_NAME": "Toronto District School Board", "SOURCE_ADDRESS": "35 CHURCH AVE ", "SCHOOL_TYPE_DESC": "English Public", "ADDRESS_POINT_ID": 13973429, "ADDRESS_NUMBER": "35", "LINEAR_NAME_FULL": "Church Ave", "ADDRESS_FULL": "35 Church Ave", "POSTAL_CODE": "M2N 6X6", "MUNICIPALITY": "NY", "CITY": "NY", "PLACE_NAME": "McKee Public School", "GENERAL_USE_CODE": 115001, "CENTRELINE_ID": 438374, "LO_NUM": 35, "LO_NUM_SUF": "None", "HI_NUM": null, "HI_NUM_SUF": "None", "LINEAR_NAME_ID": 5197.0 }, "geometry": { "type": "MultiPoint", "coordinates": [ [ -79.411056249547002, 43.774107858981701 ] ] } },
{ "type": "Feature", "properties": { "_id": 598, "OBJECTID": 697, "GEO_ID": 6620127.0, "NAME": "MCMURRICH JR PUBLIC SCHOOL", "SCHOOL_LEVEL": "None", "SCHOOL_TYPE": "EP", "BOARD_NAME": "Toronto District School Board", "SOURCE_ADDRESS": "115 WINONA DR ", "SCHOOL_TYPE_DESC": "English Public", "ADDRESS_POINT_ID": 6620127, "ADDRESS_NUMBER": "115", "LINEAR_NAME_FULL": "Winona Dr", "ADDRESS_FULL": "115 Winona Dr", "POSTAL_CODE": "M6G 3S8", "MUNICIPALITY": "TO", "CITY": "TO", "PLACE_NAME": "McMurrich Junior Public School", "GENERAL_USE_CODE": 115001, "CENTRELINE_ID": 6620030, "LO_NUM": 115, "LO_NUM_SUF": "None", "HI_NUM": null, "HI_NUM_SUF": "None", "LINEAR_NAME_ID": 964.0 }, "geometry": { "type": "MultiPoint", "coordinates": [ [ -79.431061954675101, 43.6780763704772 ] ] } },
{ "type": "Feature", "properties": { "_id": 599, "OBJECTID": 698, "GEO_ID": 30033326.0, "NAME": "MCNICOLL AVENUE SCHOOL BLDG", "SCHOOL_LEVEL": "None", "SCHOOL_TYPE": "EP", "BOARD_NAME": "Toronto District School Board", "SOURCE_ADDRESS": "155 MCNICOLL AVE ", "SCHOOL_TYPE_DESC": "English Public", "ADDRESS_POINT_ID": 30033326, "ADDRESS_NUMBER": "155", "LINEAR_NAME_FULL": "McNicoll Ave", "ADDRESS_FULL": "155 McNicoll Ave", "POSTAL_CODE": "M2H 2C1", "MUNICIPALITY": "NY", "CITY": "NY", "PLACE_NAME": "None", "GENERAL_USE_CODE": 115001, "CENTRELINE_ID": 30076504, "LO_NUM": 155, "LO_NUM_SUF": "None", "HI_NUM": null, "HI_NUM_SUF": "None", "LINEAR_NAME_ID": 6195.0 }, "geometry": { "type": "MultiPoint", "coordinates": [ [ -79.358084392574, 43.798981672644402 ] ] } },
{ "type": "Feature", "properties": { "_id": 600, "OBJECTID": 699, "GEO_ID": 6349862.0, "NAME": "MEADOWVALE PUBLIC SCHOOL ", "SCHOOL_LEVEL": "None", "SCHOOL_TYPE": "EP", "BOARD_NAME": "Toronto District School Board", "SOURCE_ADDRESS": "761 MEADOWVALE RD ", "SCHOOL_TYPE_DESC": "English Public", "ADDRESS_POINT_ID": 6349862, "ADDRESS_NUMBER": "761", "LINEAR_NAME_FULL": "Meadowvale Rd", "ADDRESS_FULL": "761 Meadowvale Rd", "POSTAL_CODE": "M1C 1T1", "MUNICIPALITY": "SC", "CITY": "SC", "PLACE_NAME": "Meadowvale Public School", "GENERAL_USE_CODE": 115001, "CENTRELINE_ID": 6349870, "LO_NUM": 761, "LO_NUM_SUF": "None", "HI_NUM": null, "HI_NUM_SUF": "None", "LINEAR_NAME_ID": 8470.0 }, "geometry": { "type": "MultiPoint", "coordinates": [ [ -79.164068182379197, 43.795511010797199 ] ] } },
{ "type": "Feature", "properties": { "_id": 601, "OBJECTID": 700, "GEO_ID": 10154322.0, "NAME": "MELODY VILLAGE JR SCHOOL", "SCHOOL_LEVEL": "None", "SCHOOL_TYPE": "EP", "BOARD_NAME": "Toronto District School Board", "SOURCE_ADDRESS": "520 SILVERSTONE DR ", "SCHOOL_TYPE_DESC": "English Public", "ADDRESS_POINT_ID": 10154322, "ADDRESS_NUMBER": "520", "LINEAR_NAME_FULL": "Silverstone Dr", "ADDRESS_FULL": "520 Silverstone Dr", "POSTAL_CODE": "M9V 3L5", "MUNICIPALITY": "ET", "CITY": "ET", "PLACE_NAME": "Melody Village Junior School", "GENERAL_USE_CODE": 115001, "CENTRELINE_ID": 10154323, "LO_NUM": 520, "LO_NUM_SUF": "None", "HI_NUM": null, "HI_NUM_SUF": "None", "LINEAR_NAME_ID": 2485.0 }, "geometry": { "type": "MultiPoint", "coordinates": [ [ -79.594842583435707, 43.738134751802697 ] ] } },
{ "type": "Feature", "properties": { "_id": 602, "OBJECTID": 701, "GEO_ID": 559927.0, "NAME": "METAMORPHOSIS GREEK ORTHODOX SCHOOL", "SCHOOL_LEVEL": "None", "SCHOOL_TYPE": "PR", "BOARD_NAME": "None", "SOURCE_ADDRESS": "30 SCARSDALE RD ", "SCHOOL_TYPE_DESC": "Private", "ADDRESS_POINT_ID": 559927, "ADDRESS_NUMBER": "30", "LINEAR_NAME_FULL": "Scarsdale Rd", "ADDRESS_FULL": "30 Scarsdale Rd", "POSTAL_CODE": "M3B 2R7", "MUNICIPALITY": "NY", "CITY": "NY", "PLACE_NAME": "None", "GENERAL_USE_CODE": 115001, "CENTRELINE_ID": 30084194, "LO_NUM": 30, "LO_NUM_SUF": "None", "HI_NUM": null, "HI_NUM_SUF": "None", "LINEAR_NAME_ID": 6662.0 }, "geometry": { "type": "MultiPoint", "coordinates": [ [ -79.354869816204399, 43.746680111808701 ] ] } },
{ "type": "Feature", "properties": { "_id": 603, "OBJECTID": 702, "GEO_ID": 11414993.0, "NAME": "METROPOLITAN PREPARATORY ACADEMY SCHOOL", "SCHOOL_LEVEL": "None", "SCHOOL_TYPE": "PR", "BOARD_NAME": "None", "SOURCE_ADDRESS": "1 DUNCAN MILL RD ", "SCHOOL_TYPE_DESC": "Private", "ADDRESS_POINT_ID": 11414993, "ADDRESS_NUMBER": "1", "LINEAR_NAME_FULL": "Duncan Mill Rd", "ADDRESS_FULL": "1 Duncan Mill Rd", "POSTAL_CODE": "M3B 1Z2", "MUNICIPALITY": "NY", "CITY": "NY", "PLACE_NAME": "None", "GENERAL_USE_CODE": 115001, "CENTRELINE_ID": 11414992, "LO_NUM": 1, "LO_NUM_SUF": "None", "HI_NUM": null, "HI_NUM_SUF": "None", "LINEAR_NAME_ID": 5455.0 }, "geometry": { "type": "MultiPoint", "coordinates": [ [ -79.357812870994394, 43.7604868672328 ] ] } },
{ "type": "Feature", "properties": { "_id": 604, "OBJECTID": 703, "GEO_ID": 999998.0, "NAME": "MICHAEL POWER ST JOSEPH CATHOLIC HIGH SCHOOL", "SCHOOL_LEVEL": "None", "SCHOOL_TYPE": "ES", "BOARD_NAME": "Toronto Catholic District School Board", "SOURCE_ADDRESS": "105 ERINGATE DR ", "SCHOOL_TYPE_DESC": "English Separate", "ADDRESS_POINT_ID": 999998, "ADDRESS_NUMBER": "105", "LINEAR_NAME_FULL": "Eringate Dr", "ADDRESS_FULL": "105 Eringate Dr", "POSTAL_CODE": "M9C 3Z7", "MUNICIPALITY": "ET", "CITY": "ET", "PLACE_NAME": "Michael Power/St. Joseph Catholic School", "GENERAL_USE_CODE": 115001, "CENTRELINE_ID": 910560, "LO_NUM": 105, "LO_NUM_SUF": "None", "HI_NUM": null, "HI_NUM_SUF": "None", "LINEAR_NAME_ID": 1562.0 }, "geometry": { "type": "MultiPoint", "coordinates": [ [ -79.581984083139901, 43.659289989685099 ] ] } },
{ "type": "Feature", "properties": { "_id": 605, "OBJECTID": 704, "GEO_ID": 1001929.0, "NAME": "MICHELINE SAINT CYR ELEMENTARY SCHOOL", "SCHOOL_LEVEL": "None", "SCHOOL_TYPE": "ES", "BOARD_NAME": "Toronto Catholic District School Board", "SOURCE_ADDRESS": "85 FORTY FIRST ST ", "SCHOOL_TYPE_DESC": "English Separate", "ADDRESS_POINT_ID": 1001929, "ADDRESS_NUMBER": "85", "LINEAR_NAME_FULL": "Forty First St", "ADDRESS_FULL": "85 Forty First St", "POSTAL_CODE": "M8W 3P1", "MUNICIPALITY": "ET", "CITY": "ET", "PLACE_NAME": "Ecole Elementaire Micheline-Saint-Cyr", "GENERAL_USE_CODE": 115001, "CENTRELINE_ID": 914882, "LO_NUM": 85, "LO_NUM_SUF": "None", "HI_NUM": null, "HI_NUM_SUF": "None", "LINEAR_NAME_ID": 1630.0 }, "geometry": { "type": "MultiPoint", "coordinates": [ [ -79.543780991991099, 43.590218864838398 ] ] } },
{ "type": "Feature", "properties": { "_id": 606, "OBJECTID": 705, "GEO_ID": 845249.0, "NAME": "MICHELLE-O'BONSAWIN SECONDARY SCHOOL", "SCHOOL_LEVEL": "None", "SCHOOL_TYPE": "EP", "BOARD_NAME": "Toronto District School Board", "SOURCE_ADDRESS": "24 MOUNTJOY AVE ", "SCHOOL_TYPE_DESC": "English Public", "ADDRESS_POINT_ID": 845249, "ADDRESS_NUMBER": "24", "LINEAR_NAME_FULL": "Mountjoy Ave", "ADDRESS_FULL": "24 Mountjoy Ave", "POSTAL_CODE": "M4J 1J6", "MUNICIPALITY": "TO", "CITY": "TO", "PLACE_NAME": "Greenwood School", "GENERAL_USE_CODE": 115001, "CENTRELINE_ID": 30107983, "LO_NUM": 24, "LO_NUM_SUF": "None", "HI_NUM": null, "HI_NUM_SUF": "None", "LINEAR_NAME_ID": 4026.0 }, "geometry": { "type": "MultiPoint", "coordinates": [ [ -79.330589559541707, 43.680787648090401 ] ] } },
{ "type": "Feature", "properties": { "_id": 607, "OBJECTID": 706, "GEO_ID": 4304192.0, "NAME": "MIDLAND ADULT EDUCATION CENTRE", "SCHOOL_LEVEL": "None", "SCHOOL_TYPE": "ES", "BOARD_NAME": "Toronto Catholic District School Board", "SOURCE_ADDRESS": "3320 MIDLAND AVE ", "SCHOOL_TYPE_DESC": "English Separate", "ADDRESS_POINT_ID": 4304192, "ADDRESS_NUMBER": "3320", "LINEAR_NAME_FULL": "Midland Ave", "ADDRESS_FULL": "3320 Midland Ave", "POSTAL_CODE": "M1V 5E6", "MUNICIPALITY": "SC", "CITY": "SC", "PLACE_NAME": "None", "GENERAL_USE_CODE": 115001, "CENTRELINE_ID": 14669435, "LO_NUM": 3320, "LO_NUM_SUF": "None", "HI_NUM": null, "HI_NUM_SUF": "None", "LINEAR_NAME_ID": 8496.0 }, "geometry": { "type": "MultiPoint", "coordinates": [ [ -79.289353186941199, 43.807433501191603 ] ] } },
{ "type": "Feature", "properties": { "_id": 608, "OBJECTID": 707, "GEO_ID": 6942851.0, "NAME": "MILITARY TRAIL PUBLIC SCHOOL", "SCHOOL_LEVEL": "None", "SCHOOL_TYPE": "EP", "BOARD_NAME": "Toronto District School Board", "SOURCE_ADDRESS": "701 MILITARY TRL ", "SCHOOL_TYPE_DESC": "English Public", "ADDRESS_POINT_ID": 6942851, "ADDRESS_NUMBER": "701", "LINEAR_NAME_FULL": "Military Trl", "ADDRESS_FULL": "701 Military Trl", "POSTAL_CODE": "M1E 4P6", "MUNICIPALITY": "SC", "CITY": "SC", "PLACE_NAME": "Military Trail Public School", "GENERAL_USE_CODE": 115001, "CENTRELINE_ID": 14658974, "LO_NUM": 701, "LO_NUM_SUF": "None", "HI_NUM": null, "HI_NUM_SUF": "None", "LINEAR_NAME_ID": 8501.0 }, "geometry": { "type": "MultiPoint", "coordinates": [ [ -79.197116970430898, 43.789115491828703 ] ] } },
{ "type": "Feature", "properties": { "_id": 609, "OBJECTID": 708, "GEO_ID": 7471919.0, "NAME": "MILL VALLEY JR SCHOOL", "SCHOOL_LEVEL": "None", "SCHOOL_TYPE": "EP", "BOARD_NAME": "Toronto District School Board", "SOURCE_ADDRESS": "411 MILL RD ", "SCHOOL_TYPE_DESC": "English Public", "ADDRESS_POINT_ID": 7471919, "ADDRESS_NUMBER": "411", "LINEAR_NAME_FULL": "Mill Rd", "ADDRESS_FULL": "411 Mill Rd", "POSTAL_CODE": "M9C 1Y9", "MUNICIPALITY": "ET", "CITY": "ET", "PLACE_NAME": "Mill Valley Junior School", "GENERAL_USE_CODE": 115001, "CENTRELINE_ID": 60017912, "LO_NUM": 411, "LO_NUM_SUF": "None", "HI_NUM": null, "HI_NUM_SUF": "None", "LINEAR_NAME_ID": 2111.0 }, "geometry": { "type": "MultiPoint", "coordinates": [ [ -79.586971570854104, 43.644189387214702 ] ] } },
{ "type": "Feature", "properties": { "_id": 610, "OBJECTID": 709, "GEO_ID": 375326.0, "NAME": "MILLIKEN PUBLIC SCHOOL", "SCHOOL_LEVEL": "None", "SCHOOL_TYPE": "EP", "BOARD_NAME": "Toronto District School Board", "SOURCE_ADDRESS": "130 PORT ROYAL TRL ", "SCHOOL_TYPE_DESC": "English Public", "ADDRESS_POINT_ID": 375326, "ADDRESS_NUMBER": "130", "LINEAR_NAME_FULL": "Port Royal Trl", "ADDRESS_FULL": "130 Port Royal Trl", "POSTAL_CODE": "M1V 2T4", "MUNICIPALITY": "SC", "CITY": "SC", "PLACE_NAME": "Milliken Public School", "GENERAL_USE_CODE": 115001, "CENTRELINE_ID": 103623, "LO_NUM": 130, "LO_NUM_SUF": "None", "HI_NUM": null, "HI_NUM_SUF": "None", "LINEAR_NAME_ID": 8721.0 }, "geometry": { "type": "MultiPoint", "coordinates": [ [ -79.288496945785099, 43.816586545774797 ] ] } },
{ "type": "Feature", "properties": { "_id": 611, "OBJECTID": 710, "GEO_ID": 1018827.0, "NAME": "MILLWOOD JR SCHOOL ", "SCHOOL_LEVEL": "None", "SCHOOL_TYPE": "EP", "BOARD_NAME": "Toronto District School Board", "SOURCE_ADDRESS": "222 MILL RD ", "SCHOOL_TYPE_DESC": "English Public", "ADDRESS_POINT_ID": 1018827, "ADDRESS_NUMBER": "222", "LINEAR_NAME_FULL": "Mill Rd", "ADDRESS_FULL": "222 Mill Rd", "POSTAL_CODE": "M9C 1Y2", "MUNICIPALITY": "ET", "CITY": "ET", "PLACE_NAME": "None", "GENERAL_USE_CODE": 115001, "CENTRELINE_ID": 912833, "LO_NUM": 222, "LO_NUM_SUF": "None", "HI_NUM": null, "HI_NUM_SUF": "None", "LINEAR_NAME_ID": 2111.0 }, "geometry": { "type": "MultiPoint", "coordinates": [ [ -79.5769148190181, 43.6334096401878 ] ] } },
{ "type": "Feature", "properties": { "_id": 612, "OBJECTID": 711, "GEO_ID": 570770.0, "NAME": "MILNE VALLEY MDL SCHOOL", "SCHOOL_LEVEL": "None", "SCHOOL_TYPE": "EP", "BOARD_NAME": "Toronto District School Board", "SOURCE_ADDRESS": "100 UNDERHILL DR ", "SCHOOL_TYPE_DESC": "English Public", "ADDRESS_POINT_ID": 570770, "ADDRESS_NUMBER": "100", "LINEAR_NAME_FULL": "Underhill Dr", "ADDRESS_FULL": "100 Underhill Dr", "POSTAL_CODE": "M3A 2J9", "MUNICIPALITY": "NY", "CITY": "NY", "PLACE_NAME": "Milne Valley Middle School", "GENERAL_USE_CODE": 115001, "CENTRELINE_ID": 441523, "LO_NUM": 100, "LO_NUM_SUF": "None", "HI_NUM": null, "HI_NUM_SUF": "None", "LINEAR_NAME_ID": 6965.0 }, "geometry": { "type": "MultiPoint", "coordinates": [ [ -79.326709123692297, 43.747202048168901 ] ] } },
{ "type": "Feature", "properties": { "_id": 613, "OBJECTID": 712, "GEO_ID": 7890983.0, "NAME": "MIMICO ADULT CENTRE", "SCHOOL_LEVEL": "None", "SCHOOL_TYPE": "EP", "BOARD_NAME": "Toronto District School Board", "SOURCE_ADDRESS": "255 ROYAL YORK RD ", "SCHOOL_TYPE_DESC": "English Public", "ADDRESS_POINT_ID": 7890983, "ADDRESS_NUMBER": "255", "LINEAR_NAME_FULL": "Royal York Rd", "ADDRESS_FULL": "255 Royal York Rd", "POSTAL_CODE": "M8V 2V8", "MUNICIPALITY": "ET", "CITY": "ET", "PLACE_NAME": "None", "GENERAL_USE_CODE": 115001, "CENTRELINE_ID": 7846747, "LO_NUM": 255, "LO_NUM_SUF": "None", "HI_NUM": null, "HI_NUM_SUF": "None", "LINEAR_NAME_ID": 2413.0 }, "geometry": { "type": "MultiPoint", "coordinates": [ [ -79.496646229721406, 43.613076332637498 ] ] } },
{ "type": "Feature", "properties": { "_id": 614, "OBJECTID": 713, "GEO_ID": 9311721.0, "NAME": "MINDWERX4KIDS DAY SCHOOL", "SCHOOL_LEVEL": "None", "SCHOOL_TYPE": "PR", "BOARD_NAME": "None", "SOURCE_ADDRESS": "76 ANGLESEY BLVD ", "SCHOOL_TYPE_DESC": "Private", "ADDRESS_POINT_ID": 9311721, "ADDRESS_NUMBER": "76", "LINEAR_NAME_FULL": "Anglesey Blvd", "ADDRESS_FULL": "76 Anglesey Blvd", "POSTAL_CODE": "M9A 3C1", "MUNICIPALITY": "ET", "CITY": "ET", "PLACE_NAME": "Humber Valley United Church", "GENERAL_USE_CODE": 115001, "CENTRELINE_ID": 9311720, "LO_NUM": 76, "LO_NUM_SUF": "None", "HI_NUM": null, "HI_NUM_SUF": "None", "LINEAR_NAME_ID": 1045.0 }, "geometry": { "type": "MultiPoint", "coordinates": [ [ -79.528987008987599, 43.665137205608602 ] ] } },
{ "type": "Feature", "properties": { "_id": 615, "OBJECTID": 714, "GEO_ID": 8731056.0, "NAME": "MINDWERX4KIDS LEARNING CENTRE SCHOOL", "SCHOOL_LEVEL": "None", "SCHOOL_TYPE": "PR", "BOARD_NAME": "None", "SOURCE_ADDRESS": "3825 BLOOR ST W", "SCHOOL_TYPE_DESC": "Private", "ADDRESS_POINT_ID": 8731056, "ADDRESS_NUMBER": "3825", "LINEAR_NAME_FULL": "Bloor St W", "ADDRESS_FULL": "3825 Bloor St W", "POSTAL_CODE": "M9B 1K9", "MUNICIPALITY": "ET", "CITY": "ET", "PLACE_NAME": "None", "GENERAL_USE_CODE": 115001, "CENTRELINE_ID": 8731054, "LO_NUM": 3825, "LO_NUM_SUF": "None", "HI_NUM": null, "HI_NUM_SUF": "None", "LINEAR_NAME_ID": 458.0 }, "geometry": { "type": "MultiPoint", "coordinates": [ [ -79.537608528867807, 43.641080575245702 ] ] } },
{ "type": "Feature", "properties": { "_id": 616, "OBJECTID": 715, "GEO_ID": 4954982.0, "NAME": "MIRAJ ACADEMY", "SCHOOL_LEVEL": "None", "SCHOOL_TYPE": "PR", "BOARD_NAME": "None", "SOURCE_ADDRESS": "1080 TAPSCOTT RD ", "SCHOOL_TYPE_DESC": "Private", "ADDRESS_POINT_ID": 4954982, "ADDRESS_NUMBER": "1080", "LINEAR_NAME_FULL": "Tapscott Rd", "ADDRESS_FULL": "1080 Tapscott Rd", "POSTAL_CODE": "M1X 1E7", "MUNICIPALITY": "SC", "CITY": "SC", "PLACE_NAME": "None", "GENERAL_USE_CODE": 115001, "CENTRELINE_ID": 4954980, "LO_NUM": 1080, "LO_NUM_SUF": "None", "HI_NUM": null, "HI_NUM_SUF": "None", "LINEAR_NAME_ID": 9057.0 }, "geometry": { "type": "MultiPoint", "coordinates": [ [ -79.244490596750694, 43.827027905707297 ] ] } },
{ "type": "Feature", "properties": { "_id": 617, "OBJECTID": 716, "GEO_ID": 2565760.0, "NAME": "MONARCH PARK COLLEGIATE & SCHOOL OF LIFE EXPERIENCE", "SCHOOL_LEVEL": "None", "SCHOOL_TYPE": "EP", "BOARD_NAME": "Toronto District School Board", "SOURCE_ADDRESS": "1 HANSON ST ", "SCHOOL_TYPE_DESC": "English Public", "ADDRESS_POINT_ID": 2565760, "ADDRESS_NUMBER": "1", "LINEAR_NAME_FULL": "Hanson St", "ADDRESS_FULL": "1 Hanson St", "POSTAL_CODE": "M4J 1G6", "MUNICIPALITY": "TO", "CITY": "TO", "PLACE_NAME": "Monarch Park Collegiate Institute", "GENERAL_USE_CODE": 115001, "CENTRELINE_ID": 2565761, "LO_NUM": 1, "LO_NUM_SUF": "None", "HI_NUM": null, "HI_NUM_SUF": "None", "LINEAR_NAME_ID": 3604.0 }, "geometry": { "type": "MultiPoint", "coordinates": [ [ -79.322771892561803, 43.6792807307855 ] ] } },
{ "type": "Feature", "properties": { "_id": 618, "OBJECTID": 717, "GEO_ID": 7274128.0, "NAME": "MONSEIGNEUR DE CHARBONNEL CATHOLIC SECONDARY SCHOOL", "SCHOOL_LEVEL": "None", "SCHOOL_TYPE": "FS", "BOARD_NAME": "Conseil scolaire de district catholique Centre-Sud", "SOURCE_ADDRESS": "110 DREWRY AVE ", "SCHOOL_TYPE_DESC": "French Separate", "ADDRESS_POINT_ID": 7274128, "ADDRESS_NUMBER": "110", "LINEAR_NAME_FULL": "Drewry Ave", "ADDRESS_FULL": "110 Drewry Ave", "POSTAL_CODE": "M2M 1C8", "MUNICIPALITY": "NY", "CITY": "NY", "PLACE_NAME": "Monseigneur De Charbonnel Catholic Secondary School", "GENERAL_USE_CODE": 115001, "CENTRELINE_ID": 7274121, "LO_NUM": 110, "LO_NUM_SUF": "None", "HI_NUM": null, "HI_NUM_SUF": "None", "LINEAR_NAME_ID": 5435.0 }, "geometry": { "type": "MultiPoint", "coordinates": [ [ -79.423607135238399, 43.786624456450099 ] ] } },
{ "type": "Feature", "properties": { "_id": 619, "OBJECTID": 718, "GEO_ID": 865004.0, "NAME": "MONSIGNOR FRASER - ST MARTIN CAMPUS", "SCHOOL_LEVEL": "None", "SCHOOL_TYPE": "ES", "BOARD_NAME": "Toronto Catholic District School Board", "SOURCE_ADDRESS": "55 SALISBURY AVE ", "SCHOOL_TYPE_DESC": "English Separate", "ADDRESS_POINT_ID": 865004, "ADDRESS_NUMBER": "55", "LINEAR_NAME_FULL": "Salisbury Ave", "ADDRESS_FULL": "55 Salisbury Ave", "POSTAL_CODE": "M4X 1C5", "MUNICIPALITY": "TO", "CITY": "TO", "PLACE_NAME": "St. Martin Catholic School", "GENERAL_USE_CODE": 115001, "CENTRELINE_ID": 20037875, "LO_NUM": 55, "LO_NUM_SUF": "None", "HI_NUM": null, "HI_NUM_SUF": "None", "LINEAR_NAME_ID": 4355.0 }, "geometry": { "type": "MultiPoint", "coordinates": [ [ -79.364425845349402, 43.667174530430799 ] ] } },
{ "type": "Feature", "properties": { "_id": 620, "OBJECTID": 719, "GEO_ID": 839707.0, "NAME": "MONSIGNOR FRASER COLLEGE - ANNEX CAMPUS", "SCHOOL_LEVEL": "None", "SCHOOL_TYPE": "ES", "BOARD_NAME": "Toronto Catholic District School Board", "SOURCE_ADDRESS": "700 MARKHAM ST ", "SCHOOL_TYPE_DESC": "English Separate", "ADDRESS_POINT_ID": 839707, "ADDRESS_NUMBER": "700", "LINEAR_NAME_FULL": "Markham St", "ADDRESS_FULL": "700 Markham St", "POSTAL_CODE": "M6G 2M3", "MUNICIPALITY": "TO", "CITY": "TO", "PLACE_NAME": "MSGR Fraser College - Annex Campus", "GENERAL_USE_CODE": 115001, "CENTRELINE_ID": 1142809, "LO_NUM": 700, "LO_NUM_SUF": "None", "HI_NUM": null, "HI_NUM_SUF": "None", "LINEAR_NAME_ID": 3927.0 }, "geometry": { "type": "MultiPoint", "coordinates": [ [ -79.413751249548099, 43.667255054173602 ] ] } },
{ "type": "Feature", "properties": { "_id": 621, "OBJECTID": 720, "GEO_ID": 7753848.0, "NAME": "MONSIGNOR FRASER COLLEGE - ISABELLA CAMPUS", "SCHOOL_LEVEL": "None", "SCHOOL_TYPE": "ES", "BOARD_NAME": "Toronto Catholic District School Board", "SOURCE_ADDRESS": "146 ISABELLA ST ", "SCHOOL_TYPE_DESC": "English Separate", "ADDRESS_POINT_ID": 7753848, "ADDRESS_NUMBER": "146", "LINEAR_NAME_FULL": "Isabella St", "ADDRESS_FULL": "146 Isabella St", "POSTAL_CODE": "M4Y 1P6", "MUNICIPALITY": "TO", "CITY": "TO", "PLACE_NAME": "MSGR Fraser College - Isabella Campus", "GENERAL_USE_CODE": 115001, "CENTRELINE_ID": 7753839, "LO_NUM": 146, "LO_NUM_SUF": "None", "HI_NUM": null, "HI_NUM_SUF": "None", "LINEAR_NAME_ID": 3734.0 }, "geometry": { "type": "MultiPoint", "coordinates": [ [ -79.376958937298099, 43.669749163395601 ] ] } },
{ "type": "Feature", "properties": { "_id": 622, "OBJECTID": 721, "GEO_ID": 8540468.0, "NAME": "MONSIGNOR FRASER COLLEGE - ISABELLA NORTH", "SCHOOL_LEVEL": "None", "SCHOOL_TYPE": "ES", "BOARD_NAME": "Toronto Catholic District School Board", "SOURCE_ADDRESS": "25 LINDEN ST ", "SCHOOL_TYPE_DESC": "English Separate", "ADDRESS_POINT_ID": 8540468, "ADDRESS_NUMBER": "25", "LINEAR_NAME_FULL": "Linden St", "ADDRESS_FULL": "25 Linden St", "POSTAL_CODE": "M4Y 1V5", "MUNICIPALITY": "TO", "CITY": "TO", "PLACE_NAME": "MSGR Fraser College - Isabella North", "GENERAL_USE_CODE": 115001, "CENTRELINE_ID": 20154118, "LO_NUM": 25, "LO_NUM_SUF": "None", "HI_NUM": null, "HI_NUM_SUF": "None", "LINEAR_NAME_ID": 3853.0 }, "geometry": { "type": "MultiPoint", "coordinates": [ [ -79.377144642411395, 43.6702989122848 ] ] } },
{ "type": "Feature", "properties": { "_id": 623, "OBJECTID": 722, "GEO_ID": 7472039.0, "NAME": "MONSIGNOR FRASER COLLEGE - MIDLAND CAMPUS", "SCHOOL_LEVEL": "None", "SCHOOL_TYPE": "ES", "BOARD_NAME": "Toronto Catholic District School Board", "SOURCE_ADDRESS": "2900 MIDLAND AVE ", "SCHOOL_TYPE_DESC": "English Separate", "ADDRESS_POINT_ID": 7472039, "ADDRESS_NUMBER": "2900", "LINEAR_NAME_FULL": "Midland Ave", "ADDRESS_FULL": "2900 Midland Ave", "POSTAL_CODE": "M1S 3K8", "MUNICIPALITY": "SC", "CITY": "SC", "PLACE_NAME": "Msgr.  Fraser College Midland Campus", "GENERAL_USE_CODE": 115001, "CENTRELINE_ID": 7472038, "LO_NUM": 2900, "LO_NUM_SUF": "None", "HI_NUM": null, "HI_NUM_SUF": "None", "LINEAR_NAME_ID": 8496.0 }, "geometry": { "type": "MultiPoint", "coordinates": [ [ -79.285717491964107, 43.801069164655502 ] ] } },
{ "type": "Feature", "properties": { "_id": 624, "OBJECTID": 723, "GEO_ID": 4570683.0, "NAME": "MONSIGNOR FRASER COLLEGE - NORFINCH CAMPUS", "SCHOOL_LEVEL": "None", "SCHOOL_TYPE": "ES", "BOARD_NAME": "Toronto Catholic District School Board", "SOURCE_ADDRESS": "45 NORFINCH DR ", "SCHOOL_TYPE_DESC": "English Separate", "ADDRESS_POINT_ID": 4570683, "ADDRESS_NUMBER": "45", "LINEAR_NAME_FULL": "Norfinch Dr", "ADDRESS_FULL": "45 Norfinch Dr", "POSTAL_CODE": "M3N 1W8", "MUNICIPALITY": "NY", "CITY": "NY", "PLACE_NAME": "MSGR Fraser College - Norfinch Campus", "GENERAL_USE_CODE": 115001, "CENTRELINE_ID": 4570685, "LO_NUM": 45, "LO_NUM_SUF": "None", "HI_NUM": null, "HI_NUM_SUF": "None", "LINEAR_NAME_ID": 6297.0 }, "geometry": { "type": "MultiPoint", "coordinates": [ [ -79.527042951519107, 43.757809527480397 ] ] } },
{ "type": "Feature", "properties": { "_id": 625, "OBJECTID": 724, "GEO_ID": 8192155.0, "NAME": "MONSIGNOR JOHN CORRIGAN CATHOLIC ELEMENTARY SCHOOL", "SCHOOL_LEVEL": "None", "SCHOOL_TYPE": "ES", "BOARD_NAME": "Toronto Catholic District School Board", "SOURCE_ADDRESS": "100 ROYALCREST RD ", "SCHOOL_TYPE_DESC": "English Separate", "ADDRESS_POINT_ID": 8192155, "ADDRESS_NUMBER": "100", "LINEAR_NAME_FULL": "Royalcrest Rd", "ADDRESS_FULL": "100 Royalcrest Rd", "POSTAL_CODE": "M9V 5B4", "MUNICIPALITY": "ET", "CITY": "ET", "PLACE_NAME": "Msgr. John Corrigan Catholic School", "GENERAL_USE_CODE": 115001, "CENTRELINE_ID": 8192154, "LO_NUM": 100, "LO_NUM_SUF": "None", "HI_NUM": null, "HI_NUM_SUF": "None", "LINEAR_NAME_ID": 2415.0 }, "geometry": { "type": "MultiPoint", "coordinates": [ [ -79.605013693664105, 43.751570050788303 ] ] } },
{ "type": "Feature", "properties": { "_id": 626, "OBJECTID": 725, "GEO_ID": 9667012.0, "NAME": "MONSIGNOR PERCY JOHNSON CATHOLIC SECONDARY SCHOOL", "SCHOOL_LEVEL": "None", "SCHOOL_TYPE": "ES", "BOARD_NAME": "Toronto Catholic District School Board", "SOURCE_ADDRESS": "2170 KIPLING AVE ", "SCHOOL_TYPE_DESC": "English Separate", "ADDRESS_POINT_ID": 9667012, "ADDRESS_NUMBER": "2170", "LINEAR_NAME_FULL": "Kipling Ave", "ADDRESS_FULL": "2170 Kipling Ave", "POSTAL_CODE": "M9W 4K9", "MUNICIPALITY": "ET", "CITY": "ET", "PLACE_NAME": "Msgr. Percy Johnson Catholic High School", "GENERAL_USE_CODE": 115001, "CENTRELINE_ID": 9666999, "LO_NUM": 2170, "LO_NUM_SUF": "None", "HI_NUM": null, "HI_NUM_SUF": "None", "LINEAR_NAME_ID": 1935.0 }, "geometry": { "type": "MultiPoint", "coordinates": [ [ -79.5720168731971, 43.720694667523503 ] ] } },
{ "type": "Feature", "properties": { "_id": 627, "OBJECTID": 726, "GEO_ID": 8407358.0, "NAME": "MONTCREST ELEMENTARY SCHOOL", "SCHOOL_LEVEL": "None", "SCHOOL_TYPE": "PR", "BOARD_NAME": "None", "SOURCE_ADDRESS": "4 MONTCREST BLVD ", "SCHOOL_TYPE_DESC": "Private", "ADDRESS_POINT_ID": 8407358, "ADDRESS_NUMBER": "4", "LINEAR_NAME_FULL": "Montcrest Blvd", "ADDRESS_FULL": "4 Montcrest Blvd", "POSTAL_CODE": "M4K 1J7", "MUNICIPALITY": "TO", "CITY": "TO", "PLACE_NAME": "None", "GENERAL_USE_CODE": 115001, "CENTRELINE_ID": 30098074, "LO_NUM": 4, "LO_NUM_SUF": "None", "HI_NUM": null, "HI_NUM_SUF": "None", "LINEAR_NAME_ID": 4009.0 }, "geometry": { "type": "MultiPoint", "coordinates": [ [ -79.357464216512696, 43.6730879551492 ] ] } },
{ "type": "Feature", "properties": { "_id": 628, "OBJECTID": 727, "GEO_ID": 7994686.0, "NAME": "MONTESSORI JEWISH DAY SCHOOL", "SCHOOL_LEVEL": "None", "SCHOOL_TYPE": "PR", "BOARD_NAME": "None", "SOURCE_ADDRESS": "55 YEOMANS RD ", "SCHOOL_TYPE_DESC": "Private", "ADDRESS_POINT_ID": 7994686, "ADDRESS_NUMBER": "55", "LINEAR_NAME_FULL": "Yeomans Rd", "ADDRESS_FULL": "55 Yeomans Rd", "POSTAL_CODE": "M3H 3J7", "MUNICIPALITY": "NY", "CITY": "NY", "PLACE_NAME": "Beth David Bnai Israel Synagogue", "GENERAL_USE_CODE": 115001, "CENTRELINE_ID": 7994687, "LO_NUM": 55, "LO_NUM_SUF": "None", "HI_NUM": null, "HI_NUM_SUF": "None", "LINEAR_NAME_ID": 7138.0 }, "geometry": { "type": "MultiPoint", "coordinates": [ [ -79.439839827491397, 43.7492508686707 ] ] } },
{ "type": "Feature", "properties": { "_id": 629, "OBJECTID": 728, "GEO_ID": 844204.0, "NAME": "MONTROSE JR & DELTA ALTERNATIVE SR", "SCHOOL_LEVEL": "None", "SCHOOL_TYPE": "EP", "BOARD_NAME": "Toronto District School Board", "SOURCE_ADDRESS": "301 MONTROSE AVE ", "SCHOOL_TYPE_DESC": "English Public", "ADDRESS_POINT_ID": 844204, "ADDRESS_NUMBER": "301", "LINEAR_NAME_FULL": "Montrose Ave", "ADDRESS_FULL": "301 Montrose Ave", "POSTAL_CODE": "M6G 3G9", "MUNICIPALITY": "TO", "CITY": "TO", "PLACE_NAME": "Montrose Junior Public School", "GENERAL_USE_CODE": 115001, "CENTRELINE_ID": 1144176, "LO_NUM": 301, "LO_NUM_SUF": "None", "HI_NUM": null, "HI_NUM_SUF": "None", "LINEAR_NAME_ID": 4013.0 }, "geometry": { "type": "MultiPoint", "coordinates": [ [ -79.418843720825706, 43.658681585224798 ] ] } },
{ "type": "Feature", "properties": { "_id": 630, "OBJECTID": 729, "GEO_ID": 20037846.0, "NAME": "MORRISH PUBLIC SCHOOL", "SCHOOL_LEVEL": "None", "SCHOOL_TYPE": "EP", "BOARD_NAME": "Toronto District School Board", "SOURCE_ADDRESS": "61 CANMORE BLVD ", "SCHOOL_TYPE_DESC": "English Public", "ADDRESS_POINT_ID": 20037846, "ADDRESS_NUMBER": "61", "LINEAR_NAME_FULL": "Canmore Blvd", "ADDRESS_FULL": "61 Canmore Blvd", "POSTAL_CODE": "M1C 3T7", "MUNICIPALITY": "SC", "CITY": "SC", "PLACE_NAME": "Morrish Public School", "GENERAL_USE_CODE": 115001, "CENTRELINE_ID": 6444773, "LO_NUM": 61, "LO_NUM_SUF": "None", "HI_NUM": null, "HI_NUM_SUF": "None", "LINEAR_NAME_ID": 9526.0 }, "geometry": { "type": "MultiPoint", "coordinates": [ [ -79.179270031456596, 43.793187916894702 ] ] } },
{ "type": "Feature", "properties": { "_id": 631, "OBJECTID": 730, "GEO_ID": 779906.0, "NAME": "MORSE STREET JR PUBLIC SCHOOL ", "SCHOOL_LEVEL": "None", "SCHOOL_TYPE": "EP", "BOARD_NAME": "Toronto District School Board", "SOURCE_ADDRESS": "180 CARLAW AVE ", "SCHOOL_TYPE_DESC": "English Public", "ADDRESS_POINT_ID": 779906, "ADDRESS_NUMBER": "180", "LINEAR_NAME_FULL": "Carlaw Ave", "ADDRESS_FULL": "180 Carlaw Ave", "POSTAL_CODE": "M4M 2R9", "MUNICIPALITY": "TO", "CITY": "TO", "PLACE_NAME": "Morse Street Junior Public School", "GENERAL_USE_CODE": 115001, "CENTRELINE_ID": 14038008, "LO_NUM": 180, "LO_NUM_SUF": "None", "HI_NUM": null, "HI_NUM_SUF": "None", "LINEAR_NAME_ID": 56.0 }, "geometry": { "type": "MultiPoint", "coordinates": [ [ -79.340166694097704, 43.660166913540799 ] ] } },
{ "type": "Feature", "properties": { "_id": 632, "OBJECTID": 731, "GEO_ID": 1027151.0, "NAME": "MOTHER CABRINI CATHOLIC ELEMENTARY SCHOOL", "SCHOOL_LEVEL": "None", "SCHOOL_TYPE": "ES", "BOARD_NAME": "Toronto Catholic District School Board", "SOURCE_ADDRESS": "720 RENFORTH DR ", "SCHOOL_TYPE_DESC": "English Separate", "ADDRESS_POINT_ID": 1027151, "ADDRESS_NUMBER": "720", "LINEAR_NAME_FULL": "Renforth Dr", "ADDRESS_FULL": "720 Renforth Dr", "POSTAL_CODE": "M9C 2N9", "MUNICIPALITY": "ET", "CITY": "ET", "PLACE_NAME": "Mother Cabrini Catholic School", "GENERAL_USE_CODE": 115001, "CENTRELINE_ID": 910405, "LO_NUM": 720, "LO_NUM_SUF": "None", "HI_NUM": null, "HI_NUM_SUF": "None", "LINEAR_NAME_ID": 2353.0 }, "geometry": { "type": "MultiPoint", "coordinates": [ [ -79.586033913124496, 43.663664438722201 ] ] } },
{ "type": "Feature", "properties": { "_id": 633, "OBJECTID": 732, "GEO_ID": 544255.0, "NAME": "MUIRHEAD PUBLIC SCHOOL ", "SCHOOL_LEVEL": "None", "SCHOOL_TYPE": "EP", "BOARD_NAME": "Toronto District School Board", "SOURCE_ADDRESS": "25 MUIRHEAD RD ", "SCHOOL_TYPE_DESC": "English Public", "ADDRESS_POINT_ID": 544255, "ADDRESS_NUMBER": "25", "LINEAR_NAME_FULL": "Muirhead Rd", "ADDRESS_FULL": "25 Muirhead Rd", "POSTAL_CODE": "M2J 3W3", "MUNICIPALITY": "NY", "CITY": "NY", "PLACE_NAME": "Muirhead Public School", "GENERAL_USE_CODE": 115001, "CENTRELINE_ID": 437939, "LO_NUM": 25, "LO_NUM_SUF": "None", "HI_NUM": null, "HI_NUM_SUF": "None", "LINEAR_NAME_ID": 6256.0 }, "geometry": { "type": "MultiPoint", "coordinates": [ [ -79.337450177433197, 43.7788840209192 ] ] } },
{ "type": "Feature", "properties": { "_id": 634, "OBJECTID": 733, "GEO_ID": 772775.0, "NAME": "MUNK SCHOOL OF GLOBAL AFFAIRS AT THE OBSERVATORY - U OF T, BLDG 89", "SCHOOL_LEVEL": "None", "SCHOOL_TYPE": "U", "BOARD_NAME": "None", "SOURCE_ADDRESS": "315 BLOOR ST W", "SCHOOL_TYPE_DESC": "University", "ADDRESS_POINT_ID": 772775, "ADDRESS_NUMBER": "315", "LINEAR_NAME_FULL": "Bloor St W", "ADDRESS_FULL": "315 Bloor St W", "POSTAL_CODE": "M5S 0A7", "MUNICIPALITY": "TO", "CITY": "TO", "PLACE_NAME": "None", "GENERAL_USE_CODE": 115001, "CENTRELINE_ID": 1142564, "LO_NUM": 315, "LO_NUM_SUF": "None", "HI_NUM": null, "HI_NUM_SUF": "None", "LINEAR_NAME_ID": 458.0 }, "geometry": { "type": "MultiPoint", "coordinates": [ [ -79.398562450063494, 43.667446942430601 ] ] } },
{ "type": "Feature", "properties": { "_id": 635, "OBJECTID": 734, "GEO_ID": 8408608.0, "NAME": "MUNK SCHOOL OF GLOBAL AFFAIRS AT TRINITY - U OF T, BLDG 12A", "SCHOOL_LEVEL": "None", "SCHOOL_TYPE": "U", "BOARD_NAME": "None", "SOURCE_ADDRESS": "1 DEVONSHIRE PL ", "SCHOOL_TYPE_DESC": "University", "ADDRESS_POINT_ID": 8408608, "ADDRESS_NUMBER": "1", "LINEAR_NAME_FULL": "Devonshire Pl", "ADDRESS_FULL": "1 Devonshire Pl", "POSTAL_CODE": "M5S 3K7", "MUNICIPALITY": "TO", "CITY": "TO", "PLACE_NAME": "None", "GENERAL_USE_CODE": 115001, "CENTRELINE_ID": 8408578, "LO_NUM": 1, "LO_NUM_SUF": "None", "HI_NUM": null, "HI_NUM_SUF": "None", "LINEAR_NAME_ID": 3293.0 }, "geometry": { "type": "MultiPoint", "coordinates": [ [ -79.396636167239905, 43.665008933394198 ] ] } },
{ "type": "Feature", "properties": { "_id": 636, "OBJECTID": 735, "GEO_ID": 8408579.0, "NAME": "MUNK SCHOOL OF GLOBAL AFFAIRS GRAHAM LIBRARY - U OF T, BLDG 12C", "SCHOOL_LEVEL": "None", "SCHOOL_TYPE": "U", "BOARD_NAME": "None", "SOURCE_ADDRESS": "3 DEVONSHIRE PL ", "SCHOOL_TYPE_DESC": "University", "ADDRESS_POINT_ID": 8408579, "ADDRESS_NUMBER": "3", "LINEAR_NAME_FULL": "Devonshire Pl", "ADDRESS_FULL": "3 Devonshire Pl", "POSTAL_CODE": "None", "MUNICIPALITY": "TO", "CITY": "TO", "PLACE_NAME": "None", "GENERAL_USE_CODE": 115001, "CENTRELINE_ID": 8408578, "LO_NUM": 3, "LO_NUM_SUF": "None", "HI_NUM": null, "HI_NUM_SUF": "None", "LINEAR_NAME_ID": 3293.0 }, "geometry": { "type": "MultiPoint", "coordinates": [ [ -79.396607734675797, 43.665030825938103 ] ] } },
{ "type": "Feature", "properties": { "_id": 637, "OBJECTID": 736, "GEO_ID": 10924126.0, "NAME": "NATIONAL BALLET SCHOOL", "SCHOOL_LEVEL": "None", "SCHOOL_TYPE": "PR", "BOARD_NAME": "None", "SOURCE_ADDRESS": "400 JARVIS ST ", "SCHOOL_TYPE_DESC": "Private", "ADDRESS_POINT_ID": 10924126, "ADDRESS_NUMBER": "400", "LINEAR_NAME_FULL": "Jarvis St", "ADDRESS_FULL": "400 Jarvis St", "POSTAL_CODE": "M4Y 2G6", "MUNICIPALITY": "TO", "CITY": "TO", "PLACE_NAME": "National Ballet School", "GENERAL_USE_CODE": 115001, "CENTRELINE_ID": 20058417, "LO_NUM": 400, "LO_NUM_SUF": "None", "HI_NUM": null, "HI_NUM_SUF": "None", "LINEAR_NAME_ID": 3741.0 }, "geometry": { "type": "MultiPoint", "coordinates": [ [ -79.377583292903907, 43.663598141656998 ] ] } },
{ "type": "Feature", "properties": { "_id": 638, "OBJECTID": 737, "GEO_ID": 10924127.0, "NAME": "NATIONAL BALLET SCHOOL - BETTY OLIPHANT THEATRE", "SCHOOL_LEVEL": "None", "SCHOOL_TYPE": "PR", "BOARD_NAME": "None", "SOURCE_ADDRESS": "404 JARVIS ST ", "SCHOOL_TYPE_DESC": "Private", "ADDRESS_POINT_ID": 10924127, "ADDRESS_NUMBER": "404", "LINEAR_NAME_FULL": "Jarvis St", "ADDRESS_FULL": "404 Jarvis St", "POSTAL_CODE": "M4Y 2G6", "MUNICIPALITY": "TO", "CITY": "TO", "PLACE_NAME": "None", "GENERAL_USE_CODE": 115001, "CENTRELINE_ID": 20058417, "LO_NUM": 404, "LO_NUM_SUF": "None", "HI_NUM": null, "HI_NUM_SUF": "None", "LINEAR_NAME_ID": 3741.0 }, "geometry": { "type": "MultiPoint", "coordinates": [ [ -79.378081528834997, 43.664261757757799 ] ] } },
{ "type": "Feature", "properties": { "_id": 639, "OBJECTID": 738, "GEO_ID": 20041296.0, "NAME": "NATIONAL BALLET SCHOOL - MAISON STAINES HOUSE & SALLE CURRIE HALL", "SCHOOL_LEVEL": "None", "SCHOOL_TYPE": "PR", "BOARD_NAME": "None", "SOURCE_ADDRESS": "105 MAITLAND ST ", "SCHOOL_TYPE_DESC": "Private", "ADDRESS_POINT_ID": 20041296, "ADDRESS_NUMBER": "105", "LINEAR_NAME_FULL": "Maitland St", "ADDRESS_FULL": "105 Maitland St", "POSTAL_CODE": "M4Y 1E4", "MUNICIPALITY": "TO", "CITY": "TO", "PLACE_NAME": "The National Ballet School", "GENERAL_USE_CODE": 115001, "CENTRELINE_ID": 1143002, "LO_NUM": 105, "LO_NUM_SUF": "None", "HI_NUM": null, "HI_NUM_SUF": "None", "LINEAR_NAME_ID": 3899.0 }, "geometry": { "type": "MultiPoint", "coordinates": [ [ -79.379431449642397, 43.664659464430102 ] ] } },
{ "type": "Feature", "properties": { "_id": 640, "OBJECTID": 739, "GEO_ID": 20035160.0, "NAME": "NATIONAL BALLET SCHOOL - MARGARET MCCAIN ACEDEMIC CENTRE", "SCHOOL_LEVEL": "None", "SCHOOL_TYPE": "PR", "BOARD_NAME": "None", "SOURCE_ADDRESS": "354 JARVIS ST ", "SCHOOL_TYPE_DESC": "Private", "ADDRESS_POINT_ID": 20035160, "ADDRESS_NUMBER": "354", "LINEAR_NAME_FULL": "Jarvis St", "ADDRESS_FULL": "354 Jarvis St", "POSTAL_CODE": "M4Y 2G6", "MUNICIPALITY": "TO", "CITY": "TO", "PLACE_NAME": "None", "GENERAL_USE_CODE": 115001, "CENTRELINE_ID": 20058416, "LO_NUM": 354, "LO_NUM_SUF": "None", "HI_NUM": null, "HI_NUM_SUF": "None", "LINEAR_NAME_ID": 3741.0 }, "geometry": { "type": "MultiPoint", "coordinates": [ [ -79.377407637984703, 43.663229834626101 ] ] } },
{ "type": "Feature", "properties": { "_id": 641, "OBJECTID": 740, "GEO_ID": 14204941.0, "NAME": "NATIONAL BALLET SCHOOL - THE SHOE ROOM", "SCHOOL_LEVEL": "None", "SCHOOL_TYPE": "PR", "BOARD_NAME": "None", "SOURCE_ADDRESS": "406 JARVIS ST ", "SCHOOL_TYPE_DESC": "Private", "ADDRESS_POINT_ID": 14204941, "ADDRESS_NUMBER": "406", "LINEAR_NAME_FULL": "Jarvis St", "ADDRESS_FULL": "406 Jarvis St", "POSTAL_CODE": "M4Y 2G6", "MUNICIPALITY": "TO", "CITY": "TO", "PLACE_NAME": "None", "GENERAL_USE_CODE": 115001, "CENTRELINE_ID": 20058417, "LO_NUM": 406, "LO_NUM_SUF": "None", "HI_NUM": null, "HI_NUM_SUF": "None", "LINEAR_NAME_ID": 3741.0 }, "geometry": { "type": "MultiPoint", "coordinates": [ [ -79.377887765141097, 43.664407678663601 ] ] } },
{ "type": "Feature", "properties": { "_id": 642, "OBJECTID": 741, "GEO_ID": 3049684.0, "NAME": "NATIVITY OF OUR LORD CATHOLIC ELEMENTARY SCHOOL", "SCHOOL_LEVEL": "None", "SCHOOL_TYPE": "ES", "BOARD_NAME": "Toronto Catholic District School Board", "SOURCE_ADDRESS": "35 SAFFRON CRES ", "SCHOOL_TYPE_DESC": "English Separate", "ADDRESS_POINT_ID": 3049684, "ADDRESS_NUMBER": "35", "LINEAR_NAME_FULL": "Saffron Cres", "ADDRESS_FULL": "35 Saffron Cres", "POSTAL_CODE": "M9C 3T8", "MUNICIPALITY": "ET", "CITY": "ET", "PLACE_NAME": "Nativity of Our Lord Catholic School", "GENERAL_USE_CODE": 115001, "CENTRELINE_ID": 3049685, "LO_NUM": 35, "LO_NUM_SUF": "None", "HI_NUM": null, "HI_NUM_SUF": "None", "LINEAR_NAME_ID": 2425.0 }, "geometry": { "type": "MultiPoint", "coordinates": [ [ -79.575506466774002, 43.6534070908518 ] ] } },
{ "type": "Feature", "properties": { "_id": 643, "OBJECTID": 742, "GEO_ID": 11915543.0, "NAME": "NEIL MCNEIL CATHOLIC HIGH SCHOOL", "SCHOOL_LEVEL": "None", "SCHOOL_TYPE": "ES", "BOARD_NAME": "Toronto Catholic District School Board", "SOURCE_ADDRESS": "127 VICTORIA PARK AVE ", "SCHOOL_TYPE_DESC": "English Separate", "ADDRESS_POINT_ID": 11915543, "ADDRESS_NUMBER": "127", "LINEAR_NAME_FULL": "Victoria Park Ave", "ADDRESS_FULL": "127 Victoria Park Ave", "POSTAL_CODE": "M4E 3S2", "MUNICIPALITY": "SC", "CITY": "SC", "PLACE_NAME": "Neil McNeil Catholic High School", "GENERAL_USE_CODE": 115001, "CENTRELINE_ID": 30077402, "LO_NUM": 127, "LO_NUM_SUF": "None", "HI_NUM": null, "HI_NUM_SUF": "None", "LINEAR_NAME_ID": 370.0 }, "geometry": { "type": "MultiPoint", "coordinates": [ [ -79.282898161860899, 43.6792997723282 ] ] } },
{ "type": "Feature", "properties": { "_id": 644, "OBJECTID": 743, "GEO_ID": 7635592.0, "NAME": "NELSON MANDELA PARK PUBLIC SCHOOL", "SCHOOL_LEVEL": "None", "SCHOOL_TYPE": "EP", "BOARD_NAME": "Toronto District School Board", "SOURCE_ADDRESS": "440 SHUTER ST ", "SCHOOL_TYPE_DESC": "English Public", "ADDRESS_POINT_ID": 7635592, "ADDRESS_NUMBER": "440", "LINEAR_NAME_FULL": "Shuter St", "ADDRESS_FULL": "440 Shuter St", "POSTAL_CODE": "M5A 1X6", "MUNICIPALITY": "TO", "CITY": "TO", "PLACE_NAME": "Nelson Mandela Park Public School", "GENERAL_USE_CODE": 115001, "CENTRELINE_ID": 30137355, "LO_NUM": 440, "LO_NUM_SUF": "None", "HI_NUM": null, "HI_NUM_SUF": "None", "LINEAR_NAME_ID": 4403.0 }, "geometry": { "type": "MultiPoint", "coordinates": [ [ -79.360552775715703, 43.658251190149102 ] ] } },
{ "type": "Feature", "properties": { "_id": 645, "OBJECTID": 744, "GEO_ID": 331512.0, "NAME": "NEW COVENANT CHURCH SCHOOL", "SCHOOL_LEVEL": "None", "SCHOOL_TYPE": "PR", "BOARD_NAME": "None", "SOURCE_ADDRESS": "1800 ELLESMERE RD ", "SCHOOL_TYPE_DESC": "Private", "ADDRESS_POINT_ID": 331512, "ADDRESS_NUMBER": "1800", "LINEAR_NAME_FULL": "Ellesmere Rd", "ADDRESS_FULL": "1800 Ellesmere Rd", "POSTAL_CODE": "M1H 2V5", "MUNICIPALITY": "SC", "CITY": "SC", "PLACE_NAME": "None", "GENERAL_USE_CODE": 115001, "CENTRELINE_ID": 107745, "LO_NUM": 1800, "LO_NUM_SUF": "None", "HI_NUM": null, "HI_NUM_SUF": "None", "LINEAR_NAME_ID": 7835.0 }, "geometry": { "type": "MultiPoint", "coordinates": [ [ -79.244844601429605, 43.774535094068902 ] ] } },
{ "type": "Feature", "properties": { "_id": 646, "OBJECTID": 745, "GEO_ID": 30030968.0, "NAME": "NEW HAVEN LEARNING CENTRE FOR CHILDREN", "SCHOOL_LEVEL": "None", "SCHOOL_TYPE": "PR", "BOARD_NAME": "None", "SOURCE_ADDRESS": "301 LANOR AVE ", "SCHOOL_TYPE_DESC": "Private", "ADDRESS_POINT_ID": 30030968, "ADDRESS_NUMBER": "301", "LINEAR_NAME_FULL": "Lanor Ave", "ADDRESS_FULL": "301 Lanor Ave", "POSTAL_CODE": "M8W 2R1", "MUNICIPALITY": "ET", "CITY": "ET", "PLACE_NAME": "None", "GENERAL_USE_CODE": 115001, "CENTRELINE_ID": 7323710, "LO_NUM": 301, "LO_NUM_SUF": "None", "HI_NUM": null, "HI_NUM_SUF": "None", "LINEAR_NAME_ID": 1972.0 }, "geometry": { "type": "MultiPoint", "coordinates": [ [ -79.533610477371099, 43.611189675913202 ] ] } },
{ "type": "Feature", "properties": { "_id": 647, "OBJECTID": 746, "GEO_ID": 20357116.0, "NAME": "NEWTON INTERNATIONAL COLLEGE SCHOOL", "SCHOOL_LEVEL": "None", "SCHOOL_TYPE": "PR", "BOARD_NAME": "None", "SOURCE_ADDRESS": "143 WILLOWDALE AVE ", "SCHOOL_TYPE_DESC": "Private", "ADDRESS_POINT_ID": 20357116, "ADDRESS_NUMBER": "143", "LINEAR_NAME_FULL": "Willowdale Ave", "ADDRESS_FULL": "143 Willowdale Ave", "POSTAL_CODE": "M2N 4Y5", "MUNICIPALITY": "NY", "CITY": "NY", "PLACE_NAME": "None", "GENERAL_USE_CODE": 115001, "CENTRELINE_ID": 439319, "LO_NUM": 143, "LO_NUM_SUF": "None", "HI_NUM": null, "HI_NUM_SUF": "None", "LINEAR_NAME_ID": 7093.0 }, "geometry": { "type": "MultiPoint", "coordinates": [ [ -79.400175009344593, 43.766099613245601 ] ] } },
{ "type": "Feature", "properties": { "_id": 648, "OBJECTID": 747, "GEO_ID": 10335749.0, "NAME": "NEWTONBROOK SECONDARY SCHOOL", "SCHOOL_LEVEL": "None", "SCHOOL_TYPE": "EP", "BOARD_NAME": "Toronto District School Board", "SOURCE_ADDRESS": "155 HILDA AVE ", "SCHOOL_TYPE_DESC": "English Public", "ADDRESS_POINT_ID": 10335749, "ADDRESS_NUMBER": "155", "LINEAR_NAME_FULL": "Hilda Ave", "ADDRESS_FULL": "155 Hilda Ave", "POSTAL_CODE": "M2M 1V6", "MUNICIPALITY": "NY", "CITY": "NY", "PLACE_NAME": "Newtonbrook Secondary School", "GENERAL_USE_CODE": 115001, "CENTRELINE_ID": 10335742, "LO_NUM": 155, "LO_NUM_SUF": "None", "HI_NUM": null, "HI_NUM_SUF": "None", "LINEAR_NAME_ID": 5839.0 }, "geometry": { "type": "MultiPoint", "coordinates": [ [ -79.426242590056106, 43.793549135467202 ] ] } },
{ "type": "Feature", "properties": { "_id": 649, "OBJECTID": 748, "GEO_ID": 12267344.0, "NAME": "NIAGARA STREET JR PUBLIC SCHOOL", "SCHOOL_LEVEL": "None", "SCHOOL_TYPE": "EP", "BOARD_NAME": "Toronto District School Board", "SOURCE_ADDRESS": "222 NIAGARA ST ", "SCHOOL_TYPE_DESC": "English Public", "ADDRESS_POINT_ID": 12267344, "ADDRESS_NUMBER": "222", "LINEAR_NAME_FULL": "Niagara St", "ADDRESS_FULL": "222 Niagara St", "POSTAL_CODE": "M6J 2L3", "MUNICIPALITY": "TO", "CITY": "TO", "PLACE_NAME": "Niagara Street Junior Public School", "GENERAL_USE_CODE": 115001, "CENTRELINE_ID": 12267343, "LO_NUM": 222, "LO_NUM_SUF": "None", "HI_NUM": null, "HI_NUM_SUF": "None", "LINEAR_NAME_ID": 4060.0 }, "geometry": { "type": "MultiPoint", "coordinates": [ [ -79.408252925007105, 43.643937459485798 ] ] } },
{ "type": "Feature", "properties": { "_id": 650, "OBJECTID": 749, "GEO_ID": 11739450.0, "NAME": "NILE ACADEMY SCHOOL - BLUE HAVEN CAMPUS", "SCHOOL_LEVEL": "None", "SCHOOL_TYPE": "PR", "BOARD_NAME": "None", "SOURCE_ADDRESS": "5 BLUE HAVEN CRES ", "SCHOOL_TYPE_DESC": "Private", "ADDRESS_POINT_ID": 11739450, "ADDRESS_NUMBER": "5", "LINEAR_NAME_FULL": "Blue Haven Cres", "ADDRESS_FULL": "5 Blue Haven Cres", "POSTAL_CODE": "M9M 1W6", "MUNICIPALITY": "NY", "CITY": "NY", "PLACE_NAME": "Bambolino Preschool Montessori Academy", "GENERAL_USE_CODE": 115001, "CENTRELINE_ID": 30001654, "LO_NUM": 5, "LO_NUM_SUF": "None", "HI_NUM": null, "HI_NUM_SUF": "None", "LINEAR_NAME_ID": 11430.0 }, "geometry": { "type": "MultiPoint", "coordinates": [ [ -79.558263020546505, 43.744521608379003 ] ] } },
{ "type": "Feature", "properties": { "_id": 651, "OBJECTID": 750, "GEO_ID": 325679.0, "NAME": "NORMAN COOK JR PUBLIC SCHOOL", "SCHOOL_LEVEL": "None", "SCHOOL_TYPE": "EP", "BOARD_NAME": "Toronto District School Board", "SOURCE_ADDRESS": "725 DANFORTH RD ", "SCHOOL_TYPE_DESC": "English Public", "ADDRESS_POINT_ID": 325679, "ADDRESS_NUMBER": "725", "LINEAR_NAME_FULL": "Danforth Rd", "ADDRESS_FULL": "725 Danforth Rd", "POSTAL_CODE": "M1K 1G4", "MUNICIPALITY": "SC", "CITY": "SC", "PLACE_NAME": "Norman Cook Junior Public School", "GENERAL_USE_CODE": 115001, "CENTRELINE_ID": 30015906, "LO_NUM": 725, "LO_NUM_SUF": "None", "HI_NUM": null, "HI_NUM_SUF": "None", "LINEAR_NAME_ID": 7707.0 }, "geometry": { "type": "MultiPoint", "coordinates": [ [ -79.257795113445198, 43.719039130305497 ] ] } },
{ "type": "Feature", "properties": { "_id": 652, "OBJECTID": 751, "GEO_ID": 510159.0, "NAME": "NORMAN INGRAM PUBLIC SCHOOL", "SCHOOL_LEVEL": "None", "SCHOOL_TYPE": "EP", "BOARD_NAME": "Toronto District School Board", "SOURCE_ADDRESS": "50 DUNCAIRN RD ", "SCHOOL_TYPE_DESC": "English Public", "ADDRESS_POINT_ID": 510159, "ADDRESS_NUMBER": "50", "LINEAR_NAME_FULL": "Duncairn Rd", "ADDRESS_FULL": "50 Duncairn Rd", "POSTAL_CODE": "M3B 1C8", "MUNICIPALITY": "NY", "CITY": "NY", "PLACE_NAME": "Norman Ingram Public School", "GENERAL_USE_CODE": 115001, "CENTRELINE_ID": 442273, "LO_NUM": 50, "LO_NUM_SUF": "None", "HI_NUM": null, "HI_NUM_SUF": "None", "LINEAR_NAME_ID": 5453.0 }, "geometry": { "type": "MultiPoint", "coordinates": [ [ -79.349606148639396, 43.739952452433897 ] ] } },
{ "type": "Feature", "properties": { "_id": 653, "OBJECTID": 752, "GEO_ID": 7794390.0, "NAME": "NORSEMAN JR MDL SCHOOL", "SCHOOL_LEVEL": "None", "SCHOOL_TYPE": "EP", "BOARD_NAME": "Toronto District School Board", "SOURCE_ADDRESS": "105 NORSEMAN ST ", "SCHOOL_TYPE_DESC": "English Public", "ADDRESS_POINT_ID": 7794390, "ADDRESS_NUMBER": "105", "LINEAR_NAME_FULL": "Norseman St", "ADDRESS_FULL": "105 Norseman St", "POSTAL_CODE": "M8Z 2R1", "MUNICIPALITY": "ET", "CITY": "ET", "PLACE_NAME": "Norseman Junior Middle School", "GENERAL_USE_CODE": 115001, "CENTRELINE_ID": 7794393, "LO_NUM": 105, "LO_NUM_SUF": "None", "HI_NUM": null, "HI_NUM_SUF": "None", "LINEAR_NAME_ID": 2193.0 }, "geometry": { "type": "MultiPoint", "coordinates": [ [ -79.516329748886406, 43.634305259724698 ] ] } },
{ "type": "Feature", "properties": { "_id": 654, "OBJECTID": 753, "GEO_ID": 365117.0, "NAME": "NORTH AGINCOURT JR PUBLIC SCHOOL", "SCHOOL_LEVEL": "None", "SCHOOL_TYPE": "EP", "BOARD_NAME": "Toronto District School Board", "SOURCE_ADDRESS": "60 MORAN RD ", "SCHOOL_TYPE_DESC": "English Public", "ADDRESS_POINT_ID": 365117, "ADDRESS_NUMBER": "60", "LINEAR_NAME_FULL": "Moran Rd", "ADDRESS_FULL": "60 Moran Rd", "POSTAL_CODE": "M1S 2J3", "MUNICIPALITY": "SC", "CITY": "SC", "PLACE_NAME": "North Agincourt Junior Public School", "GENERAL_USE_CODE": 115001, "CENTRELINE_ID": 105519, "LO_NUM": 60, "LO_NUM_SUF": "None", "HI_NUM": null, "HI_NUM_SUF": "None", "LINEAR_NAME_ID": 8529.0 }, "geometry": { "type": "MultiPoint", "coordinates": [ [ -79.276212794940193, 43.796453706158303 ] ] } },
{ "type": "Feature", "properties": { "_id": 655, "OBJECTID": 754, "GEO_ID": 3497653.0, "NAME": "NORTH ALBION COLLEGIATE INSTITUTE ", "SCHOOL_LEVEL": "None", "SCHOOL_TYPE": "EP", "BOARD_NAME": "Toronto District School Board", "SOURCE_ADDRESS": "2580 KIPLING AVE ", "SCHOOL_TYPE_DESC": "English Public", "ADDRESS_POINT_ID": 3497653, "ADDRESS_NUMBER": "2580", "LINEAR_NAME_FULL": "Kipling Ave", "ADDRESS_FULL": "2580 Kipling Ave", "POSTAL_CODE": "M9V 3B2", "MUNICIPALITY": "ET", "CITY": "ET", "PLACE_NAME": "North Albion Collegiate Institute", "GENERAL_USE_CODE": 115001, "CENTRELINE_ID": 3497654, "LO_NUM": 2580, "LO_NUM_SUF": "None", "HI_NUM": null, "HI_NUM_SUF": "None", "LINEAR_NAME_ID": 1935.0 }, "geometry": { "type": "MultiPoint", "coordinates": [ [ -79.585142778825002, 43.747141578506898 ] ] } },
{ "type": "Feature", "properties": { "_id": 656, "OBJECTID": 755, "GEO_ID": 303840.0, "NAME": "NORTH BENDALE JR PUBLIC SCHOOL ", "SCHOOL_LEVEL": "None", "SCHOOL_TYPE": "EP", "BOARD_NAME": "Toronto District School Board", "SOURCE_ADDRESS": "29 AVELINE CRES ", "SCHOOL_TYPE_DESC": "English Public", "ADDRESS_POINT_ID": 303840, "ADDRESS_NUMBER": "29", "LINEAR_NAME_FULL": "Aveline Cres", "ADDRESS_FULL": "29 Aveline Cres", "POSTAL_CODE": "M1H 2P4", "MUNICIPALITY": "SC", "CITY": "SC", "PLACE_NAME": "North Bendale Junior Public School", "GENERAL_USE_CODE": 115001, "CENTRELINE_ID": 108255, "LO_NUM": 29, "LO_NUM_SUF": "None", "HI_NUM": null, "HI_NUM_SUF": "None", "LINEAR_NAME_ID": 7259.0 }, "geometry": { "type": "MultiPoint", "coordinates": [ [ -79.247802103081597, 43.7705721088236 ] ] } },
{ "type": "Feature", "properties": { "_id": 657, "OBJECTID": 756, "GEO_ID": 321476.0, "NAME": "NORTH BRIDLEWOOD JR PUBLIC SCHOOL", "SCHOOL_LEVEL": "None", "SCHOOL_TYPE": "EP", "BOARD_NAME": "Toronto District School Board", "SOURCE_ADDRESS": "50 COLLINGSBROOK BLVD ", "SCHOOL_TYPE_DESC": "English Public", "ADDRESS_POINT_ID": 321476, "ADDRESS_NUMBER": "50", "LINEAR_NAME_FULL": "Collingsbrook Blvd", "ADDRESS_FULL": "50 Collingsbrook Blvd", "POSTAL_CODE": "M1W 1L7", "MUNICIPALITY": "SC", "CITY": "SC", "PLACE_NAME": "North Bridlewood Junior Public School", "GENERAL_USE_CODE": 115001, "CENTRELINE_ID": 106384, "LO_NUM": 50, "LO_NUM_SUF": "None", "HI_NUM": null, "HI_NUM_SUF": "None", "LINEAR_NAME_ID": 7625.0 }, "geometry": { "type": "MultiPoint", "coordinates": [ [ -79.3185870835038, 43.788916355463002 ] ] } },
{ "type": "Feature", "properties": { "_id": 658, "OBJECTID": 757, "GEO_ID": 14073053.0, "NAME": "NORTH KIPLING JR MDL SCHOOL", "SCHOOL_LEVEL": "None", "SCHOOL_TYPE": "EP", "BOARD_NAME": "Toronto District School Board", "SOURCE_ADDRESS": "2 ROWNTREE RD ", "SCHOOL_TYPE_DESC": "English Public", "ADDRESS_POINT_ID": 14073053, "ADDRESS_NUMBER": "2", "LINEAR_NAME_FULL": "Rowntree Rd", "ADDRESS_FULL": "2 Rowntree Rd", "POSTAL_CODE": "M9V 5C7", "MUNICIPALITY": "ET", "CITY": "ET", "PLACE_NAME": "North Kipling Junior Middle School, North Kipling Community Centre", "GENERAL_USE_CODE": 115001, "CENTRELINE_ID": 30088407, "LO_NUM": 2, "LO_NUM_SUF": "None", "HI_NUM": null, "HI_NUM_SUF": "None", "LINEAR_NAME_ID": 2408.0 }, "geometry": { "type": "MultiPoint", "coordinates": [ [ -79.584471985909602, 43.752091901296197 ] ] } },
{ "type": "Feature", "properties": { "_id": 659, "OBJECTID": 758, "GEO_ID": 870542.0, "NAME": "NORTH PREPARATORY JR PUBLIC SCHOOL", "SCHOOL_LEVEL": "None", "SCHOOL_TYPE": "EP", "BOARD_NAME": "Toronto District School Board", "SOURCE_ADDRESS": "1100 SPADINA RD ", "SCHOOL_TYPE_DESC": "English Public", "ADDRESS_POINT_ID": 870542, "ADDRESS_NUMBER": "1100", "LINEAR_NAME_FULL": "Spadina Rd", "ADDRESS_FULL": "1100 Spadina Rd", "POSTAL_CODE": "M5N 2M6", "MUNICIPALITY": "TO", "CITY": "TO", "PLACE_NAME": "North Preparatory Junior Public School", "GENERAL_USE_CODE": 115001, "CENTRELINE_ID": 1138559, "LO_NUM": 1100, "LO_NUM_SUF": "None", "HI_NUM": null, "HI_NUM_SUF": "None", "LINEAR_NAME_ID": 4428.0 }, "geometry": { "type": "MultiPoint", "coordinates": [ [ -79.420374885360303, 43.705765583101197 ] ] } },
{ "type": "Feature", "properties": { "_id": 660, "OBJECTID": 759, "GEO_ID": 9602753.0, "NAME": "NORTH TORONTO CHRISTIAN SCHOOL", "SCHOOL_LEVEL": "None", "SCHOOL_TYPE": "PR", "BOARD_NAME": "None", "SOURCE_ADDRESS": "255 YORKLAND BLVD ", "SCHOOL_TYPE_DESC": "Private", "ADDRESS_POINT_ID": 9602753, "ADDRESS_NUMBER": "255", "LINEAR_NAME_FULL": "Yorkland Blvd", "ADDRESS_FULL": "255 Yorkland Blvd", "POSTAL_CODE": "M2J 1S3", "MUNICIPALITY": "NY", "CITY": "NY", "PLACE_NAME": "None", "GENERAL_USE_CODE": 115001, "CENTRELINE_ID": 9602752, "LO_NUM": 255, "LO_NUM_SUF": "None", "HI_NUM": null, "HI_NUM_SUF": "None", "LINEAR_NAME_ID": 7150.0 }, "geometry": { "type": "MultiPoint", "coordinates": [ [ -79.336750693691698, 43.773433010107503 ] ] } },
{ "type": "Feature", "properties": { "_id": 661, "OBJECTID": 760, "GEO_ID": 20097962.0, "NAME": "NORTH TORONTO COLLEGIATE INSTITUTE", "SCHOOL_LEVEL": "None", "SCHOOL_TYPE": "EP", "BOARD_NAME": "Toronto District School Board", "SOURCE_ADDRESS": "17 BROADWAY AVE ", "SCHOOL_TYPE_DESC": "English Public", "ADDRESS_POINT_ID": 20097962, "ADDRESS_NUMBER": "17", "LINEAR_NAME_FULL": "Broadway Ave", "ADDRESS_FULL": "17 Broadway Ave", "POSTAL_CODE": "M4P 1T7", "MUNICIPALITY": "TO", "CITY": "TO", "PLACE_NAME": "None", "GENERAL_USE_CODE": 115001, "CENTRELINE_ID": 7632816, "LO_NUM": 17, "LO_NUM_SUF": "None", "HI_NUM": null, "HI_NUM_SUF": "None", "LINEAR_NAME_ID": 45.0 }, "geometry": { "type": "MultiPoint", "coordinates": [ [ -79.396600075337801, 43.709806733960399 ] ] } },
{ "type": "Feature", "properties": { "_id": 662, "OBJECTID": 761, "GEO_ID": 11129857.0, "NAME": "NORTH YORK LINC ", "SCHOOL_LEVEL": "None", "SCHOOL_TYPE": "EP", "BOARD_NAME": "Toronto District School Board", "SOURCE_ADDRESS": "685 SHEPPARD AVE E", "SCHOOL_TYPE_DESC": "English Public", "ADDRESS_POINT_ID": 11129857, "ADDRESS_NUMBER": "685", "LINEAR_NAME_FULL": "Sheppard Ave E", "ADDRESS_FULL": "685 Sheppard Ave E", "POSTAL_CODE": "M2K 1B6", "MUNICIPALITY": "NY", "CITY": "NY", "PLACE_NAME": "None", "GENERAL_USE_CODE": 115001, "CENTRELINE_ID": 30133566, "LO_NUM": 685, "LO_NUM_SUF": "None", "HI_NUM": null, "HI_NUM_SUF": "None", "LINEAR_NAME_ID": 6698.0 }, "geometry": { "type": "MultiPoint", "coordinates": [ [ -79.378392577183106, 43.768316439371603 ] ] } },
{ "type": "Feature", "properties": { "_id": 663, "OBJECTID": 762, "GEO_ID": 845013.0, "NAME": "NORTHERN SECONDARY SCHOOL", "SCHOOL_LEVEL": "None", "SCHOOL_TYPE": "EP", "BOARD_NAME": "Toronto District School Board", "SOURCE_ADDRESS": "851 MOUNT PLEASANT RD ", "SCHOOL_TYPE_DESC": "English Public", "ADDRESS_POINT_ID": 845013, "ADDRESS_NUMBER": "851", "LINEAR_NAME_FULL": "Mount Pleasant Rd", "ADDRESS_FULL": "851 Mount Pleasant Rd", "POSTAL_CODE": "M4P 2L5", "MUNICIPALITY": "TO", "CITY": "TO", "PLACE_NAME": "Northern Secondary School", "GENERAL_USE_CODE": 115001, "CENTRELINE_ID": 1138214, "LO_NUM": 851, "LO_NUM_SUF": "None", "HI_NUM": null, "HI_NUM_SUF": "None", "LINEAR_NAME_ID": 4022.0 }, "geometry": { "type": "MultiPoint", "coordinates": [ [ -79.390164299839199, 43.710537097581103 ] ] } },
{ "type": "Feature", "properties": { "_id": 664, "OBJECTID": 763, "GEO_ID": 33244.0, "NAME": "NORTHLEA ELEMENTARY & MDL SCHOOL ", "SCHOOL_LEVEL": "None", "SCHOOL_TYPE": "EP", "BOARD_NAME": "Toronto District School Board", "SOURCE_ADDRESS": "305 RUMSEY RD ", "SCHOOL_TYPE_DESC": "English Public", "ADDRESS_POINT_ID": 33244, "ADDRESS_NUMBER": "305", "LINEAR_NAME_FULL": "Rumsey Rd", "ADDRESS_FULL": "305 Rumsey Rd", "POSTAL_CODE": "M4G 1R4", "MUNICIPALITY": "EY", "CITY": "EY", "PLACE_NAME": "Northlea Elementary and Middle School", "GENERAL_USE_CODE": 115001, "CENTRELINE_ID": 222, "LO_NUM": 305, "LO_NUM_SUF": "None", "HI_NUM": null, "HI_NUM_SUF": "None", "LINEAR_NAME_ID": 318.0 }, "geometry": { "type": "MultiPoint", "coordinates": [ [ -79.369662890061306, 43.714443664998598 ] ] } },
{ "type": "Feature", "properties": { "_id": 665, "OBJECTID": 764, "GEO_ID": 11541973.0, "NAME": "NORTHMOUNT ELEMENTARY SCHOOL", "SCHOOL_LEVEL": "None", "SCHOOL_TYPE": "PR", "BOARD_NAME": "None", "SOURCE_ADDRESS": "26 MALLARD RD ", "SCHOOL_TYPE_DESC": "Private", "ADDRESS_POINT_ID": 11541973, "ADDRESS_NUMBER": "26", "LINEAR_NAME_FULL": "Mallard Rd", "ADDRESS_FULL": "26 Mallard Rd", "POSTAL_CODE": "M3B 1S3", "MUNICIPALITY": "NY", "CITY": "NY", "PLACE_NAME": "None", "GENERAL_USE_CODE": 115001, "CENTRELINE_ID": 11541970, "LO_NUM": 26, "LO_NUM_SUF": "None", "HI_NUM": null, "HI_NUM_SUF": "None", "LINEAR_NAME_ID": 6135.0 }, "geometry": { "type": "MultiPoint", "coordinates": [ [ -79.349932213374501, 43.747722322272402 ] ] } },
{ "type": "Feature", "properties": { "_id": 666, "OBJECTID": 765, "GEO_ID": 30030280.0, "NAME": "NORTHVIEW HEIGHTS SECONDARY SCHOOL", "SCHOOL_LEVEL": "None", "SCHOOL_TYPE": "EP", "BOARD_NAME": "Toronto District School Board", "SOURCE_ADDRESS": "550 FINCH AVE W", "SCHOOL_TYPE_DESC": "English Public", "ADDRESS_POINT_ID": 30030280, "ADDRESS_NUMBER": "550", "LINEAR_NAME_FULL": "Finch Ave W", "ADDRESS_FULL": "550 Finch Ave W", "POSTAL_CODE": "M2R 1N6", "MUNICIPALITY": "NY", "CITY": "NY", "PLACE_NAME": "Northview Heights Secondary School", "GENERAL_USE_CODE": 115001, "CENTRELINE_ID": 20092034, "LO_NUM": 550, "LO_NUM_SUF": "None", "HI_NUM": null, "HI_NUM_SUF": "None", "LINEAR_NAME_ID": 1610.0 }, "geometry": { "type": "MultiPoint", "coordinates": [ [ -79.446117706998507, 43.773882773880899 ] ] } },
{ "type": "Feature", "properties": { "_id": 667, "OBJECTID": 766, "GEO_ID": 14198771.0, "NAME": "NORWAY JR PUBLIC SCHOOL ", "SCHOOL_LEVEL": "None", "SCHOOL_TYPE": "EP", "BOARD_NAME": "Toronto District School Board", "SOURCE_ADDRESS": "390 KINGSTON RD ", "SCHOOL_TYPE_DESC": "English Public", "ADDRESS_POINT_ID": 14198771, "ADDRESS_NUMBER": "390", "LINEAR_NAME_FULL": "Kingston Rd", "ADDRESS_FULL": "390 Kingston Rd", "POSTAL_CODE": "M4L 1T9", "MUNICIPALITY": "TO", "CITY": "TO", "PLACE_NAME": "Norway Junior Public School", "GENERAL_USE_CODE": 115001, "CENTRELINE_ID": 1140851, "LO_NUM": 390, "LO_NUM_SUF": "None", "HI_NUM": null, "HI_NUM_SUF": "None", "LINEAR_NAME_ID": 3786.0 }, "geometry": { "type": "MultiPoint", "coordinates": [ [ -79.306219826335607, 43.676372908811899 ] ] } },
{ "type": "Feature", "properties": { "_id": 668, "OBJECTID": 767, "GEO_ID": 6294727.0, "NAME": "NOTRE DAME CATHOLIC HIGH SCHOOL", "SCHOOL_LEVEL": "None", "SCHOOL_TYPE": "ES", "BOARD_NAME": "Toronto Catholic District School Board", "SOURCE_ADDRESS": "12 MALVERN AVE ", "SCHOOL_TYPE_DESC": "English Separate", "ADDRESS_POINT_ID": 6294727, "ADDRESS_NUMBER": "12", "LINEAR_NAME_FULL": "Malvern Ave", "ADDRESS_FULL": "12 Malvern Ave", "POSTAL_CODE": "M4E 3E1", "MUNICIPALITY": "TO", "CITY": "TO", "PLACE_NAME": "Notre Dame High School", "GENERAL_USE_CODE": 115001, "CENTRELINE_ID": 1140104, "LO_NUM": 12, "LO_NUM_SUF": "None", "HI_NUM": null, "HI_NUM_SUF": "None", "LINEAR_NAME_ID": 3904.0 }, "geometry": { "type": "MultiPoint", "coordinates": [ [ -79.293131377110697, 43.680685778797503 ] ] } },
{ "type": "Feature", "properties": { "_id": 669, "OBJECTID": 768, "GEO_ID": 993855.0, "NAME": "NOTRE DAME DE GRACE CATHOLIC ELEMENTARY SCHOOL", "SCHOOL_LEVEL": "None", "SCHOOL_TYPE": "ES", "BOARD_NAME": "Toronto Catholic District School Board", "SOURCE_ADDRESS": "59 CLEMENT RD ", "SCHOOL_TYPE_DESC": "English Separate", "ADDRESS_POINT_ID": 993855, "ADDRESS_NUMBER": "59", "LINEAR_NAME_FULL": "Clement Rd", "ADDRESS_FULL": "59 Clement Rd", "POSTAL_CODE": "M9R 1Y5", "MUNICIPALITY": "ET", "CITY": "ET", "PLACE_NAME": "Notre Dame De Grace Catholic Elementary School", "GENERAL_USE_CODE": 115001, "CENTRELINE_ID": 909476, "LO_NUM": 59, "LO_NUM_SUF": "None", "HI_NUM": null, "HI_NUM_SUF": "None", "LINEAR_NAME_ID": 1358.0 }, "geometry": { "type": "MultiPoint", "coordinates": [ [ -79.559809171924698, 43.6792638342705 ] ] } },
{ "type": "Feature", "properties": { "_id": 670, "OBJECTID": 769, "GEO_ID": 7576550.0, "NAME": "NYGH OUTPATIENT AND COMMUNITY SERVICES CENTRE/URBAN INTERNATIONAL", "SCHOOL_LEVEL": "None", "SCHOOL_TYPE": "PR", "BOARD_NAME": "None", "SOURCE_ADDRESS": "2 CHAMPAGNE DR ", "SCHOOL_TYPE_DESC": "Private", "ADDRESS_POINT_ID": 7576550, "ADDRESS_NUMBER": "2", "LINEAR_NAME_FULL": "Champagne Dr", "ADDRESS_FULL": "2 Champagne Dr", "POSTAL_CODE": "M3J 0K2", "MUNICIPALITY": "NY", "CITY": "NY", "PLACE_NAME": "None", "GENERAL_USE_CODE": 115001, "CENTRELINE_ID": 7576548, "LO_NUM": 2, "LO_NUM_SUF": "None", "HI_NUM": null, "HI_NUM_SUF": "None", "LINEAR_NAME_ID": 5164.0 }, "geometry": { "type": "MultiPoint", "coordinates": [ [ -79.472336977583097, 43.766418463102497 ] ] } },
{ "type": "Feature", "properties": { "_id": 671, "OBJECTID": 770, "GEO_ID": 7955771.0, "NAME": "OAK LEARNERS", "SCHOOL_LEVEL": "None", "SCHOOL_TYPE": "PR", "BOARD_NAME": "None", "SOURCE_ADDRESS": "394 ROYAL YORK RD ", "SCHOOL_TYPE_DESC": "Private", "ADDRESS_POINT_ID": 7955771, "ADDRESS_NUMBER": "394", "LINEAR_NAME_FULL": "Royal York Rd", "ADDRESS_FULL": "394 Royal York Rd", "POSTAL_CODE": "M8Y 2R3", "MUNICIPALITY": "ET", "CITY": "ET", "PLACE_NAME": "None", "GENERAL_USE_CODE": 115001, "CENTRELINE_ID": 7955692, "LO_NUM": 394, "LO_NUM_SUF": "None", "HI_NUM": null, "HI_NUM_SUF": "None", "LINEAR_NAME_ID": 2413.0 }, "geometry": { "type": "MultiPoint", "coordinates": [ [ -79.499864687655403, 43.619022104789998 ] ] } },
{ "type": "Feature", "properties": { "_id": 672, "OBJECTID": 771, "GEO_ID": 523032.0, "NAME": "OAKDALE PARK MDL SCHOOL", "SCHOOL_LEVEL": "None", "SCHOOL_TYPE": "EP", "BOARD_NAME": "Toronto District School Board", "SOURCE_ADDRESS": "315 GRANDRAVINE DR ", "SCHOOL_TYPE_DESC": "English Public", "ADDRESS_POINT_ID": 523032, "ADDRESS_NUMBER": "315", "LINEAR_NAME_FULL": "Grandravine Dr", "ADDRESS_FULL": "315 Grandravine Dr", "POSTAL_CODE": "M3N 1J5", "MUNICIPALITY": "NY", "CITY": "NY", "PLACE_NAME": "Oakdale Park Middle School", "GENERAL_USE_CODE": 115001, "CENTRELINE_ID": 30100304, "LO_NUM": 315, "LO_NUM_SUF": "None", "HI_NUM": null, "HI_NUM_SUF": "None", "LINEAR_NAME_ID": 5733.0 }, "geometry": { "type": "MultiPoint", "coordinates": [ [ -79.5119920580985, 43.747465074577498 ] ] } },
{ "type": "Feature", "properties": { "_id": 673, "OBJECTID": 772, "GEO_ID": 315052.0, "NAME": "OAKRIDGE JR PUBLIC SCHOOL", "SCHOOL_LEVEL": "None", "SCHOOL_TYPE": "EP", "BOARD_NAME": "Toronto District School Board", "SOURCE_ADDRESS": "110 BYNG AVE ", "SCHOOL_TYPE_DESC": "English Public", "ADDRESS_POINT_ID": 315052, "ADDRESS_NUMBER": "110", "LINEAR_NAME_FULL": "Byng Ave", "ADDRESS_FULL": "110 BYNG AVE ", "POSTAL_CODE": "None", "MUNICIPALITY": "SC", "CITY": "SC", "PLACE_NAME": "Oakridge Junior Public School", "GENERAL_USE_CODE": 115001, "CENTRELINE_ID": 112907, "LO_NUM": 110, "LO_NUM_SUF": "None", "HI_NUM": null, "HI_NUM_SUF": "None", "LINEAR_NAME_ID": 9832.0 }, "geometry": { "type": "MultiPoint", "coordinates": [ [ -79.281588750889895, 43.695467599784401 ] ] } },
{ "type": "Feature", "properties": { "_id": 674, "OBJECTID": 773, "GEO_ID": 12116136.0, "NAME": "OAKWOOD COLLEGIATE INSTITUTE", "SCHOOL_LEVEL": "None", "SCHOOL_TYPE": "EP", "BOARD_NAME": "Toronto District School Board", "SOURCE_ADDRESS": "991 ST CLAIR AVE W", "SCHOOL_TYPE_DESC": "English Public", "ADDRESS_POINT_ID": 12116136, "ADDRESS_NUMBER": "991", "LINEAR_NAME_FULL": "St Clair Ave W", "ADDRESS_FULL": "991 St Clair Ave W", "POSTAL_CODE": "M6E 1A3", "MUNICIPALITY": "TO", "CITY": "TO", "PLACE_NAME": "Oakwood Collegiate Institute", "GENERAL_USE_CODE": 115001, "CENTRELINE_ID": 12116129, "LO_NUM": 991, "LO_NUM_SUF": "None", "HI_NUM": null, "HI_NUM_SUF": "None", "LINEAR_NAME_ID": 890.0 }, "geometry": { "type": "MultiPoint", "coordinates": [ [ -79.436379005553903, 43.678655888732699 ] ] } },
{ "type": "Feature", "properties": { "_id": 675, "OBJECTID": 774, "GEO_ID": 12631087.0, "NAME": "OCAD UNIVERSITY - ABOVEGROUND ART SUPPLIES", "SCHOOL_LEVEL": "None", "SCHOOL_TYPE": "U", "BOARD_NAME": "None", "SOURCE_ADDRESS": "74 MC CAUL ST ", "SCHOOL_TYPE_DESC": "University", "ADDRESS_POINT_ID": 12631087, "ADDRESS_NUMBER": "74", "LINEAR_NAME_FULL": "Mc Caul St", "ADDRESS_FULL": "74 Mc Caul St", "POSTAL_CODE": "M5T 3K2", "MUNICIPALITY": "TO", "CITY": "TO", "PLACE_NAME": "None", "GENERAL_USE_CODE": 115001, "CENTRELINE_ID": 12631085, "LO_NUM": 74, "LO_NUM_SUF": "None", "HI_NUM": null, "HI_NUM_SUF": "None", "LINEAR_NAME_ID": 3951.0 }, "geometry": { "type": "MultiPoint", "coordinates": [ [ -79.390912964007995, 43.652463379081397 ] ] } },
{ "type": "Feature", "properties": { "_id": 676, "OBJECTID": 775, "GEO_ID": 12631093.0, "NAME": "OCAD UNIVERSITY - ANNEX BUILDING", "SCHOOL_LEVEL": "None", "SCHOOL_TYPE": "U", "BOARD_NAME": "None", "SOURCE_ADDRESS": "113 MC CAUL ST ", "SCHOOL_TYPE_DESC": "University", "ADDRESS_POINT_ID": 12631093, "ADDRESS_NUMBER": "113", "LINEAR_NAME_FULL": "Mc Caul St", "ADDRESS_FULL": "113 Mc Caul St", "POSTAL_CODE": "None", "MUNICIPALITY": "TO", "CITY": "TO", "PLACE_NAME": "None", "GENERAL_USE_CODE": 115001, "CENTRELINE_ID": 12631085, "LO_NUM": 113, "LO_NUM_SUF": "None", "HI_NUM": null, "HI_NUM_SUF": "None", "LINEAR_NAME_ID": 3951.0 }, "geometry": { "type": "MultiPoint", "coordinates": [ [ -79.391077198798897, 43.653917749768297 ] ] } },
{ "type": "Feature", "properties": { "_id": 677, "OBJECTID": 776, "GEO_ID": 10947998.0, "NAME": "OCAD UNIVERSITY - INCLUSIVE DESIGN INSTITUTE", "SCHOOL_LEVEL": "None", "SCHOOL_TYPE": "U", "BOARD_NAME": "None", "SOURCE_ADDRESS": "49 MC CAUL ST ", "SCHOOL_TYPE_DESC": "University", "ADDRESS_POINT_ID": 10947998, "ADDRESS_NUMBER": "49", "LINEAR_NAME_FULL": "Mc Caul St", "ADDRESS_FULL": "49 Mc Caul St", "POSTAL_CODE": "None", "MUNICIPALITY": "TO", "CITY": "TO", "PLACE_NAME": "None", "GENERAL_USE_CODE": 115001, "CENTRELINE_ID": 10947999, "LO_NUM": 49, "LO_NUM_SUF": "None", "HI_NUM": null, "HI_NUM_SUF": "None", "LINEAR_NAME_ID": 3951.0 }, "geometry": { "type": "MultiPoint", "coordinates": [ [ -79.390062457239793, 43.6515933301785 ] ] } },
{ "type": "Feature", "properties": { "_id": 678, "OBJECTID": 777, "GEO_ID": 14606896.0, "NAME": "OCAD UNIVERSITY - MAIN BUILDING 416 977-6000", "SCHOOL_LEVEL": "None", "SCHOOL_TYPE": "U", "BOARD_NAME": "None", "SOURCE_ADDRESS": "100 MC CAUL ST ", "SCHOOL_TYPE_DESC": "University", "ADDRESS_POINT_ID": 14606896, "ADDRESS_NUMBER": "100", "LINEAR_NAME_FULL": "Mc Caul St", "ADDRESS_FULL": "100 Mc Caul St", "POSTAL_CODE": "M5T 1W1", "MUNICIPALITY": "TO", "CITY": "TO", "PLACE_NAME": "None", "GENERAL_USE_CODE": 115001, "CENTRELINE_ID": 12631085, "LO_NUM": 100, "LO_NUM_SUF": "None", "HI_NUM": null, "HI_NUM_SUF": "None", "LINEAR_NAME_ID": 3951.0 }, "geometry": { "type": "MultiPoint", "coordinates": [ [ -79.391204979385805, 43.653003369721603 ] ] } },
{ "type": "Feature", "properties": { "_id": 679, "OBJECTID": 778, "GEO_ID": 12631086.0, "NAME": "OCAD UNIVERSITY - ROSALIE SHARP PAVILION", "SCHOOL_LEVEL": "None", "SCHOOL_TYPE": "U", "BOARD_NAME": "None", "SOURCE_ADDRESS": "115 MC CAUL ST ", "SCHOOL_TYPE_DESC": "University", "ADDRESS_POINT_ID": 12631086, "ADDRESS_NUMBER": "115", "LINEAR_NAME_FULL": "Mc Caul St", "ADDRESS_FULL": "115 Mc Caul St", "POSTAL_CODE": "None", "MUNICIPALITY": "TO", "CITY": "TO", "PLACE_NAME": "None", "GENERAL_USE_CODE": 115001, "CENTRELINE_ID": 12631085, "LO_NUM": 115, "LO_NUM_SUF": "None", "HI_NUM": null, "HI_NUM_SUF": "None", "LINEAR_NAME_ID": 3951.0 }, "geometry": { "type": "MultiPoint", "coordinates": [ [ -79.391155249129298, 43.654022329840302 ] ] } },
{ "type": "Feature", "properties": { "_id": 680, "OBJECTID": 779, "GEO_ID": 14208234.0, "NAME": "OCAD UNIVERSITY - STUDENT CENTRE", "SCHOOL_LEVEL": "None", "SCHOOL_TYPE": "U", "BOARD_NAME": "None", "SOURCE_ADDRESS": "51 MC CAUL ST ", "SCHOOL_TYPE_DESC": "University", "ADDRESS_POINT_ID": 14208234, "ADDRESS_NUMBER": "51", "LINEAR_NAME_FULL": "Mc Caul St", "ADDRESS_FULL": "51 Mc Caul St", "POSTAL_CODE": "M5T 2W7", "MUNICIPALITY": "TO", "CITY": "TO", "PLACE_NAME": "None", "GENERAL_USE_CODE": 115001, "CENTRELINE_ID": 10947999, "LO_NUM": 51, "LO_NUM_SUF": "None", "HI_NUM": null, "HI_NUM_SUF": "None", "LINEAR_NAME_ID": 3951.0 }, "geometry": { "type": "MultiPoint", "coordinates": [ [ -79.390149534133897, 43.651857612757503 ] ] } },
{ "type": "Feature", "properties": { "_id": 681, "OBJECTID": 780, "GEO_ID": 7796143.0, "NAME": "OCAD UNIVERSITY - THE LEARNING ZONE", "SCHOOL_LEVEL": "None", "SCHOOL_TYPE": "U", "BOARD_NAME": "None", "SOURCE_ADDRESS": "122 ST PATRICK ST ", "SCHOOL_TYPE_DESC": "University", "ADDRESS_POINT_ID": 7796143, "ADDRESS_NUMBER": "122", "LINEAR_NAME_FULL": "St Patrick St", "ADDRESS_FULL": "122 St Patrick St", "POSTAL_CODE": "M5T 2X8", "MUNICIPALITY": "TO", "CITY": "TO", "PLACE_NAME": "None", "GENERAL_USE_CODE": 115001, "CENTRELINE_ID": 14121645, "LO_NUM": 122, "LO_NUM_SUF": "None", "HI_NUM": null, "HI_NUM_SUF": "None", "LINEAR_NAME_ID": 4471.0 }, "geometry": { "type": "MultiPoint", "coordinates": [ [ -79.390143305641402, 43.653472351184 ] ] } },
{ "type": "Feature", "properties": { "_id": 682, "OBJECTID": 781, "GEO_ID": 8609165.0, "NAME": "O'CONNOR PUBLIC SCHOOL", "SCHOOL_LEVEL": "None", "SCHOOL_TYPE": "EP", "BOARD_NAME": "Toronto District School Board", "SOURCE_ADDRESS": "1665 O'CONNOR DR ", "SCHOOL_TYPE_DESC": "English Public", "ADDRESS_POINT_ID": 8609165, "ADDRESS_NUMBER": "1665", "LINEAR_NAME_FULL": "O'Connor Dr", "ADDRESS_FULL": "1665 O'Connor Dr", "POSTAL_CODE": "M4A 1W5", "MUNICIPALITY": "NY", "CITY": "NY", "PLACE_NAME": "O'Connor Public School", "GENERAL_USE_CODE": 115001, "CENTRELINE_ID": 8609163, "LO_NUM": 1665, "LO_NUM_SUF": "None", "HI_NUM": null, "HI_NUM_SUF": "None", "LINEAR_NAME_ID": 274.0 }, "geometry": { "type": "MultiPoint", "coordinates": [ [ -79.304152132862001, 43.716507325437703 ] ] } },
{ "type": "Feature", "properties": { "_id": 683, "OBJECTID": 782, "GEO_ID": 853889.0, "NAME": "OGDEN JR PUBLIC SCHOOL", "SCHOOL_LEVEL": "None", "SCHOOL_TYPE": "EP", "BOARD_NAME": "Toronto District School Board", "SOURCE_ADDRESS": "33 PHOEBE ST ", "SCHOOL_TYPE_DESC": "English Public", "ADDRESS_POINT_ID": 853889, "ADDRESS_NUMBER": "33", "LINEAR_NAME_FULL": "Phoebe St", "ADDRESS_FULL": "33 Phoebe St", "POSTAL_CODE": "M5T 1A8", "MUNICIPALITY": "TO", "CITY": "TO", "PLACE_NAME": "Ogden Junior Public School", "GENERAL_USE_CODE": 115001, "CENTRELINE_ID": 20089930, "LO_NUM": 33, "LO_NUM_SUF": "None", "HI_NUM": null, "HI_NUM_SUF": "None", "LINEAR_NAME_ID": 4188.0 }, "geometry": { "type": "MultiPoint", "coordinates": [ [ -79.395126856022003, 43.650013615080702 ] ] } },
{ "type": "Feature", "properties": { "_id": 684, "OBJECTID": 783, "GEO_ID": 990939.0, "NAME": "OLIVET NEW CHURCH ELEMENTARY SCHOOL", "SCHOOL_LEVEL": "None", "SCHOOL_TYPE": "PR", "BOARD_NAME": "None", "SOURCE_ADDRESS": "279 BURNHAMTHORPE RD ", "SCHOOL_TYPE_DESC": "Private", "ADDRESS_POINT_ID": 990939, "ADDRESS_NUMBER": "279", "LINEAR_NAME_FULL": "Burnhamthorpe Rd", "ADDRESS_FULL": "279 Burnhamthorpe Rd", "POSTAL_CODE": "M9B 1Z6", "MUNICIPALITY": "ET", "CITY": "ET", "PLACE_NAME": "None", "GENERAL_USE_CODE": 115001, "CENTRELINE_ID": 911255, "LO_NUM": 279, "LO_NUM_SUF": "None", "HI_NUM": null, "HI_NUM_SUF": "None", "LINEAR_NAME_ID": 1266.0 }, "geometry": { "type": "MultiPoint", "coordinates": [ [ -79.544871754543607, 43.650046720858398 ] ] } },
{ "type": "Feature", "properties": { "_id": 685, "OBJECTID": 784, "GEO_ID": 9947932.0, "NAME": "ORDE STREET JR PUBLIC SCHOOL ", "SCHOOL_LEVEL": "None", "SCHOOL_TYPE": "EP", "BOARD_NAME": "Toronto District School Board", "SOURCE_ADDRESS": "18 ORDE ST ", "SCHOOL_TYPE_DESC": "English Public", "ADDRESS_POINT_ID": 9947932, "ADDRESS_NUMBER": "18", "LINEAR_NAME_FULL": "Orde St", "ADDRESS_FULL": "18 Orde St", "POSTAL_CODE": "M5T 1N7", "MUNICIPALITY": "TO", "CITY": "TO", "PLACE_NAME": "Orde Street Public School", "GENERAL_USE_CODE": 115001, "CENTRELINE_ID": 30106991, "LO_NUM": 18, "LO_NUM_SUF": "None", "HI_NUM": null, "HI_NUM_SUF": "None", "LINEAR_NAME_ID": 4112.0 }, "geometry": { "type": "MultiPoint", "coordinates": [ [ -79.392183192802705, 43.658555790348103 ] ] } },
{ "type": "Feature", "properties": { "_id": 686, "OBJECTID": 785, "GEO_ID": 7323683.0, "NAME": "ORIOLE PARK JR PUBLIC SCHOOL ", "SCHOOL_LEVEL": "None", "SCHOOL_TYPE": "EP", "BOARD_NAME": "Toronto District School Board", "SOURCE_ADDRESS": "80 BRAEMAR AVE ", "SCHOOL_TYPE_DESC": "English Public", "ADDRESS_POINT_ID": 7323683, "ADDRESS_NUMBER": "80", "LINEAR_NAME_FULL": "Braemar Ave", "ADDRESS_FULL": "80 Braemar Ave", "POSTAL_CODE": "M5P 2L4", "MUNICIPALITY": "TO", "CITY": "TO", "PLACE_NAME": "Oriole Park Junior Public School", "GENERAL_USE_CODE": 115001, "CENTRELINE_ID": 7323668, "LO_NUM": 80, "LO_NUM_SUF": "None", "HI_NUM": null, "HI_NUM_SUF": "None", "LINEAR_NAME_ID": 3050.0 }, "geometry": { "type": "MultiPoint", "coordinates": [ [ -79.409693277457905, 43.702571551677899 ] ] } },
{ "type": "Feature", "properties": { "_id": 687, "OBJECTID": 786, "GEO_ID": 9486678.0, "NAME": "OSSINGTON OLD ORCHARD JR PUBLIC SCHOOL", "SCHOOL_LEVEL": "None", "SCHOOL_TYPE": "EP", "BOARD_NAME": "Toronto District School Board", "SOURCE_ADDRESS": "380 OSSINGTON AVE ", "SCHOOL_TYPE_DESC": "English Public", "ADDRESS_POINT_ID": 9486678, "ADDRESS_NUMBER": "380", "LINEAR_NAME_FULL": "Ossington Ave", "ADDRESS_FULL": "380 Ossington Ave", "POSTAL_CODE": "M6J 3A5", "MUNICIPALITY": "TO", "CITY": "TO", "PLACE_NAME": "Ossington/Old Orchard Junior Public School", "GENERAL_USE_CODE": 115001, "CENTRELINE_ID": 14019831, "LO_NUM": 380, "LO_NUM_SUF": "None", "HI_NUM": null, "HI_NUM_SUF": "None", "LINEAR_NAME_ID": 4125.0 }, "geometry": { "type": "MultiPoint", "coordinates": [ [ -79.422599759276494, 43.652707670077497 ] ] } },
{ "type": "Feature", "properties": { "_id": 688, "OBJECTID": 787, "GEO_ID": 388154.0, "NAME": "OUR LADY OF FATIMA CATHOLIC ELEMENTARY SCHOOL", "SCHOOL_LEVEL": "None", "SCHOOL_TYPE": "ES", "BOARD_NAME": "Toronto Catholic District School Board", "SOURCE_ADDRESS": "3176 ST CLAIR AVE E", "SCHOOL_TYPE_DESC": "English Separate", "ADDRESS_POINT_ID": 388154, "ADDRESS_NUMBER": "3176", "LINEAR_NAME_FULL": "St Clair Ave E", "ADDRESS_FULL": "3176 St Clair Ave E", "POSTAL_CODE": "M1L 1V6", "MUNICIPALITY": "SC", "CITY": "SC", "PLACE_NAME": "Our Lady Of Fatima Catholic School", "GENERAL_USE_CODE": 115001, "CENTRELINE_ID": 112339, "LO_NUM": 3176, "LO_NUM_SUF": "None", "HI_NUM": null, "HI_NUM_SUF": "None", "LINEAR_NAME_ID": 339.0 }, "geometry": { "type": "MultiPoint", "coordinates": [ [ -79.293615852524596, 43.710159938723301 ] ] } },
{ "type": "Feature", "properties": { "_id": 689, "OBJECTID": 788, "GEO_ID": 313294.0, "NAME": "OUR LADY OF GRACE CATHOLIC ELEMENTARY SCHOOL", "SCHOOL_LEVEL": "None", "SCHOOL_TYPE": "EP", "BOARD_NAME": "Toronto District School Board", "SOURCE_ADDRESS": "121 BRIMWOOD BLVD ", "SCHOOL_TYPE_DESC": "English Public", "ADDRESS_POINT_ID": 313294, "ADDRESS_NUMBER": "121", "LINEAR_NAME_FULL": "Brimwood Blvd", "ADDRESS_FULL": "121 Brimwood Blvd", "POSTAL_CODE": "M1V 1E5", "MUNICIPALITY": "SC", "CITY": "SC", "PLACE_NAME": "Our Lady Of Grace Catholic School", "GENERAL_USE_CODE": 115001, "CENTRELINE_ID": 103854, "LO_NUM": 121, "LO_NUM_SUF": "None", "HI_NUM": null, "HI_NUM_SUF": "None", "LINEAR_NAME_ID": 7438.0 }, "geometry": { "type": "MultiPoint", "coordinates": [ [ -79.275044466151002, 43.812479085372601 ] ] } },
{ "type": "Feature", "properties": { "_id": 690, "OBJECTID": 789, "GEO_ID": 10906432.0, "NAME": "OUR LADY OF GUADALUPE CATHOLIC ELEMENTARY SCHOOL", "SCHOOL_LEVEL": "None", "SCHOOL_TYPE": "ES", "BOARD_NAME": "Toronto Catholic District School Board", "SOURCE_ADDRESS": "3105 DON MILLS RD ", "SCHOOL_TYPE_DESC": "English Separate", "ADDRESS_POINT_ID": 10906432, "ADDRESS_NUMBER": "3105", "LINEAR_NAME_FULL": "Don Mills Rd", "ADDRESS_FULL": "3105 Don Mills Rd", "POSTAL_CODE": "M2J 3C2", "MUNICIPALITY": "NY", "CITY": "NY", "PLACE_NAME": "Our Lady of Guadalupe", "GENERAL_USE_CODE": 115001, "CENTRELINE_ID": 10906429, "LO_NUM": 3105, "LO_NUM_SUF": "None", "HI_NUM": null, "HI_NUM_SUF": "None", "LINEAR_NAME_ID": 100.0 }, "geometry": { "type": "MultiPoint", "coordinates": [ [ -79.353348230260593, 43.789874243690399 ] ] } },
{ "type": "Feature", "properties": { "_id": 691, "OBJECTID": 790, "GEO_ID": 10923487.0, "NAME": "OUR LADY OF LOURDES CATHOLIC ELEMENTARY SCHOOL", "SCHOOL_LEVEL": "None", "SCHOOL_TYPE": "ES", "BOARD_NAME": "Toronto Catholic District School Board", "SOURCE_ADDRESS": "444 SHERBOURNE ST ", "SCHOOL_TYPE_DESC": "English Separate", "ADDRESS_POINT_ID": 10923487, "ADDRESS_NUMBER": "444", "LINEAR_NAME_FULL": "Sherbourne St", "ADDRESS_FULL": "444 Sherbourne St", "POSTAL_CODE": "M4X 1K2", "MUNICIPALITY": "TO", "CITY": "TO", "PLACE_NAME": "Our Lady Of Lourdes Catholic School", "GENERAL_USE_CODE": 115001, "CENTRELINE_ID": 10923460, "LO_NUM": 444, "LO_NUM_SUF": "None", "HI_NUM": null, "HI_NUM_SUF": "None", "LINEAR_NAME_ID": 4391.0 }, "geometry": { "type": "MultiPoint", "coordinates": [ [ -79.374695562763307, 43.666043493542503 ] ] } },
{ "type": "Feature", "properties": { "_id": 692, "OBJECTID": 791, "GEO_ID": 9530460.0, "NAME": "OUR LADY OF PEACE CATHOLIC ELEMENTARY SCHOOL", "SCHOOL_LEVEL": "None", "SCHOOL_TYPE": "ES", "BOARD_NAME": "Toronto Catholic District School Board", "SOURCE_ADDRESS": "70 MATTICE AVE ", "SCHOOL_TYPE_DESC": "English Separate", "ADDRESS_POINT_ID": 9530460, "ADDRESS_NUMBER": "70", "LINEAR_NAME_FULL": "Mattice Ave", "ADDRESS_FULL": "70 Mattice Ave", "POSTAL_CODE": "M9B 1T6", "MUNICIPALITY": "ET", "CITY": "ET", "PLACE_NAME": "Our Lady Of Peace Catholic School", "GENERAL_USE_CODE": 115001, "CENTRELINE_ID": 9530456, "LO_NUM": 70, "LO_NUM_SUF": "None", "HI_NUM": null, "HI_NUM_SUF": "None", "LINEAR_NAME_ID": 2072.0 }, "geometry": { "type": "MultiPoint", "coordinates": [ [ -79.541078154679994, 43.646512248988799 ] ] } },
{ "type": "Feature", "properties": { "_id": 693, "OBJECTID": 792, "GEO_ID": 13971319.0, "NAME": "OUR LADY OF PERPETUAL HELP CATHOLIC ELEMENTARY SCHOOL", "SCHOOL_LEVEL": "None", "SCHOOL_TYPE": "ES", "BOARD_NAME": "Toronto Catholic District School Board", "SOURCE_ADDRESS": "1-1/2 GARFIELD AVE ", "SCHOOL_TYPE_DESC": "English Separate", "ADDRESS_POINT_ID": 13971319, "ADDRESS_NUMBER": "1 1/2", "LINEAR_NAME_FULL": "Garfield Ave", "ADDRESS_FULL": "1 1/2 Garfield Ave", "POSTAL_CODE": "M4T 1E6", "MUNICIPALITY": "TO", "CITY": "TO", "PLACE_NAME": "Our Lady Of Perpetual Help C S", "GENERAL_USE_CODE": 115001, "CENTRELINE_ID": 7944486, "LO_NUM": 1, "LO_NUM_SUF": "1/2", "HI_NUM": null, "HI_NUM_SUF": "None", "LINEAR_NAME_ID": 3483.0 }, "geometry": { "type": "MultiPoint", "coordinates": [ [ -79.383464649737505, 43.687105081372998 ] ] } },
{ "type": "Feature", "properties": { "_id": 694, "OBJECTID": 793, "GEO_ID": 1019749.0, "NAME": "OUR LADY OF SORROWS CATHOLIC ELEMENTARY SCHOOL", "SCHOOL_LEVEL": "None", "SCHOOL_TYPE": "ES", "BOARD_NAME": "Toronto Catholic District School Board", "SOURCE_ADDRESS": "32 MONTGOMERY RD ", "SCHOOL_TYPE_DESC": "English Separate", "ADDRESS_POINT_ID": 1019749, "ADDRESS_NUMBER": "32", "LINEAR_NAME_FULL": "Montgomery Rd", "ADDRESS_FULL": "32 Montgomery Rd", "POSTAL_CODE": "M8X 1Z4", "MUNICIPALITY": "ET", "CITY": "ET", "PLACE_NAME": "Our Lady of Sorrows", "GENERAL_USE_CODE": 115001, "CENTRELINE_ID": 911305, "LO_NUM": 32, "LO_NUM_SUF": "None", "HI_NUM": null, "HI_NUM_SUF": "None", "LINEAR_NAME_ID": 2136.0 }, "geometry": { "type": "MultiPoint", "coordinates": [ [ -79.518967033343401, 43.6482193681748 ] ] } },
{ "type": "Feature", "properties": { "_id": 695, "OBJECTID": 794, "GEO_ID": 521683.0, "NAME": "OUR LADY OF THE ASSUMPTION CATHOLIC ELEMENTARY SCHOOL", "SCHOOL_LEVEL": "None", "SCHOOL_TYPE": "ES", "BOARD_NAME": "Toronto Catholic District School Board", "SOURCE_ADDRESS": "125 GLENMOUNT AVE ", "SCHOOL_TYPE_DESC": "English Separate", "ADDRESS_POINT_ID": 521683, "ADDRESS_NUMBER": "125", "LINEAR_NAME_FULL": "Glenmount Ave", "ADDRESS_FULL": "125 Glenmount Ave", "POSTAL_CODE": "M6B 3C2", "MUNICIPALITY": "NY", "CITY": "NY", "PLACE_NAME": "Our Lady of the Assumption Catholic School", "GENERAL_USE_CODE": 115001, "CENTRELINE_ID": 445392, "LO_NUM": 125, "LO_NUM_SUF": "None", "HI_NUM": null, "HI_NUM_SUF": "None", "LINEAR_NAME_ID": 5702.0 }, "geometry": { "type": "MultiPoint", "coordinates": [ [ -79.431699386115199, 43.7163703521353 ] ] } },
{ "type": "Feature", "properties": { "_id": 696, "OBJECTID": 795, "GEO_ID": 9531820.0, "NAME": "OUR LADY OF VICTORY CATHOLIC ELEMENTARY SCHOOL", "SCHOOL_LEVEL": "None", "SCHOOL_TYPE": "ES", "BOARD_NAME": "Toronto Catholic District School Board", "SOURCE_ADDRESS": "70 GUESTVILLE AVE ", "SCHOOL_TYPE_DESC": "English Separate", "ADDRESS_POINT_ID": 9531820, "ADDRESS_NUMBER": "70", "LINEAR_NAME_FULL": "Guestville Ave", "ADDRESS_FULL": "70 Guestville Ave", "POSTAL_CODE": "M6N 4N3", "MUNICIPALITY": "YK", "CITY": "YK", "PLACE_NAME": "Our Lady Of Victory Catholic School", "GENERAL_USE_CODE": 115001, "CENTRELINE_ID": 8787, "LO_NUM": 70, "LO_NUM_SUF": "None", "HI_NUM": null, "HI_NUM_SUF": "None", "LINEAR_NAME_ID": 637.0 }, "geometry": { "type": "MultiPoint", "coordinates": [ [ -79.489830091839295, 43.683661002238303 ] ] } },
{ "type": "Feature", "properties": { "_id": 697, "OBJECTID": 796, "GEO_ID": 348652.0, "NAME": "OUR LADY OF WISDOM CATHOLIC ELEMENTARY SCHOOL", "SCHOOL_LEVEL": "None", "SCHOOL_TYPE": "EP", "BOARD_NAME": "Toronto District School Board", "SOURCE_ADDRESS": "10 JAPONICA RD ", "SCHOOL_TYPE_DESC": "English Public", "ADDRESS_POINT_ID": 348652, "ADDRESS_NUMBER": "10", "LINEAR_NAME_FULL": "Japonica Rd", "ADDRESS_FULL": "10 Japonica Rd", "POSTAL_CODE": "M1R 4R7", "MUNICIPALITY": "SC", "CITY": "SC", "PLACE_NAME": "Our Lady Of Wisdom Catholic School", "GENERAL_USE_CODE": 115001, "CENTRELINE_ID": 109091, "LO_NUM": 10, "LO_NUM_SUF": "None", "HI_NUM": null, "HI_NUM_SUF": "None", "LINEAR_NAME_ID": 8189.0 }, "geometry": { "type": "MultiPoint", "coordinates": [ [ -79.308346366318204, 43.761946582238501 ] ] } },
{ "type": "Feature", "properties": { "_id": 698, "OBJECTID": 797, "GEO_ID": 548156.0, "NAME": "OVERLAND LEARNING CENTRE", "SCHOOL_LEVEL": "None", "SCHOOL_TYPE": "EP", "BOARD_NAME": "Toronto District School Board", "SOURCE_ADDRESS": "55 OVERLAND DR ", "SCHOOL_TYPE_DESC": "English Public", "ADDRESS_POINT_ID": 548156, "ADDRESS_NUMBER": "55", "LINEAR_NAME_FULL": "Overland Dr", "ADDRESS_FULL": "55 Overland Dr", "POSTAL_CODE": "M3C 2C3", "MUNICIPALITY": "NY", "CITY": "NY", "PLACE_NAME": "Overland Learning Centre", "GENERAL_USE_CODE": 115001, "CENTRELINE_ID": 443301, "LO_NUM": 55, "LO_NUM_SUF": "None", "HI_NUM": null, "HI_NUM_SUF": "None", "LINEAR_NAME_ID": 6354.0 }, "geometry": { "type": "MultiPoint", "coordinates": [ [ -79.348483611452295, 43.731797723580002 ] ] } },
{ "type": "Feature", "properties": { "_id": 699, "OBJECTID": 798, "GEO_ID": 3244814.0, "NAME": "OVERLEA LINC", "SCHOOL_LEVEL": "None", "SCHOOL_TYPE": "EP", "BOARD_NAME": "Toronto District School Board", "SOURCE_ADDRESS": "14 OVERLEA BLVD ", "SCHOOL_TYPE_DESC": "English Public", "ADDRESS_POINT_ID": 3244814, "ADDRESS_NUMBER": "14", "LINEAR_NAME_FULL": "Overlea Blvd", "ADDRESS_FULL": "14 Overlea Blvd", "POSTAL_CODE": "M4H 1A4", "MUNICIPALITY": "EY", "CITY": "EY", "PLACE_NAME": "None", "GENERAL_USE_CODE": 115001, "CENTRELINE_ID": 60009917, "LO_NUM": 14, "LO_NUM_SUF": "None", "HI_NUM": null, "HI_NUM_SUF": "None", "LINEAR_NAME_ID": 278.0 }, "geometry": { "type": "MultiPoint", "coordinates": [ [ -79.351859210950394, 43.703782524918097 ] ] } },
{ "type": "Feature", "properties": { "_id": 700, "OBJECTID": 799, "GEO_ID": 548301.0, "NAME": "OWEN PUBLIC SCHOOL", "SCHOOL_LEVEL": "None", "SCHOOL_TYPE": "EP", "BOARD_NAME": "Toronto District School Board", "SOURCE_ADDRESS": "111 OWEN BLVD ", "SCHOOL_TYPE_DESC": "English Public", "ADDRESS_POINT_ID": 548301, "ADDRESS_NUMBER": "111", "LINEAR_NAME_FULL": "Owen Blvd", "ADDRESS_FULL": "111 Owen Blvd", "POSTAL_CODE": "M2P 1G6", "MUNICIPALITY": "NY", "CITY": "NY", "PLACE_NAME": "Owen Public School", "GENERAL_USE_CODE": 115001, "CENTRELINE_ID": 441294, "LO_NUM": 111, "LO_NUM_SUF": "None", "HI_NUM": null, "HI_NUM_SUF": "None", "LINEAR_NAME_ID": 6357.0 }, "geometry": { "type": "MultiPoint", "coordinates": [ [ -79.392516200424694, 43.7490561850855 ] ] } },
{ "type": "Feature", "properties": { "_id": 701, "OBJECTID": 800, "GEO_ID": 20237239.0, "NAME": "OXFORD COLLEGE OF CANADA SECONDARY SCHOOL ", "SCHOOL_LEVEL": "None", "SCHOOL_TYPE": "PR", "BOARD_NAME": "None", "SOURCE_ADDRESS": "155 CONSUMERS RD ", "SCHOOL_TYPE_DESC": "Private", "ADDRESS_POINT_ID": 20237239, "ADDRESS_NUMBER": "155", "LINEAR_NAME_FULL": "Consumers Rd", "ADDRESS_FULL": "155 Consumers Rd", "POSTAL_CODE": "M2J 0A3", "MUNICIPALITY": "NY", "CITY": "NY", "PLACE_NAME": "None", "GENERAL_USE_CODE": 115001, "CENTRELINE_ID": 438551, "LO_NUM": 155, "LO_NUM_SUF": "None", "HI_NUM": null, "HI_NUM_SUF": "None", "LINEAR_NAME_ID": 5264.0 }, "geometry": { "type": "MultiPoint", "coordinates": [ [ -79.332711612735906, 43.773210592606397 ] ] } },
{ "type": "Feature", "properties": { "_id": 702, "OBJECTID": 801, "GEO_ID": 2119861.0, "NAME": "P T MONTESSORI SCHOOL", "SCHOOL_LEVEL": "None", "SCHOOL_TYPE": "PR", "BOARD_NAME": "None", "SOURCE_ADDRESS": "280 CULFORD RD ", "SCHOOL_TYPE_DESC": "Private", "ADDRESS_POINT_ID": 2119861, "ADDRESS_NUMBER": "280", "LINEAR_NAME_FULL": "Culford Rd", "ADDRESS_FULL": "280 Culford Rd", "POSTAL_CODE": "M6L 2V3", "MUNICIPALITY": "NY", "CITY": "NY", "PLACE_NAME": "Elverston Trethewey United", "GENERAL_USE_CODE": 115001, "CENTRELINE_ID": 2119854, "LO_NUM": 280, "LO_NUM_SUF": "None", "HI_NUM": null, "HI_NUM_SUF": "None", "LINEAR_NAME_ID": 5309.0 }, "geometry": { "type": "MultiPoint", "coordinates": [ [ -79.490855822316504, 43.713171559936498 ] ] } },
{ "type": "Feature", "properties": { "_id": 703, "OBJECTID": 802, "GEO_ID": 6619760.0, "NAME": "PALMERSTON AVENUE JR PUBLIC SCHOOL", "SCHOOL_LEVEL": "None", "SCHOOL_TYPE": "EP", "BOARD_NAME": "Toronto District School Board", "SOURCE_ADDRESS": "734 PALMERSTON AVE ", "SCHOOL_TYPE_DESC": "English Public", "ADDRESS_POINT_ID": 6619760, "ADDRESS_NUMBER": "734", "LINEAR_NAME_FULL": "Palmerston Ave", "ADDRESS_FULL": "734 Palmerston Ave", "POSTAL_CODE": "M6G 2R4", "MUNICIPALITY": "TO", "CITY": "TO", "PLACE_NAME": "Palmerston Avenue Junior Public School", "GENERAL_USE_CODE": 115001, "CENTRELINE_ID": 6619772, "LO_NUM": 734, "LO_NUM_SUF": "None", "HI_NUM": null, "HI_NUM_SUF": "None", "LINEAR_NAME_ID": 4142.0 }, "geometry": { "type": "MultiPoint", "coordinates": [ [ -79.415204953439101, 43.6681449064113 ] ] } },
{ "type": "Feature", "properties": { "_id": 704, "OBJECTID": 803, "GEO_ID": 14615167.0, "NAME": "PAPE AVENUE JR PUBLIC SCHOOL", "SCHOOL_LEVEL": "None", "SCHOOL_TYPE": "EP", "BOARD_NAME": "Toronto District School Board", "SOURCE_ADDRESS": "220 LANGLEY AVE ", "SCHOOL_TYPE_DESC": "English Public", "ADDRESS_POINT_ID": 14615167, "ADDRESS_NUMBER": "220", "LINEAR_NAME_FULL": "Langley Ave", "ADDRESS_FULL": "220 Langley Ave", "POSTAL_CODE": "M4K 1B9", "MUNICIPALITY": "TO", "CITY": "TO", "PLACE_NAME": "Pape Avenue Junior Public School", "GENERAL_USE_CODE": 115001, "CENTRELINE_ID": 14022329, "LO_NUM": 220, "LO_NUM_SUF": "None", "HI_NUM": null, "HI_NUM_SUF": "None", "LINEAR_NAME_ID": 3812.0 }, "geometry": { "type": "MultiPoint", "coordinates": [ [ -79.341893617720302, 43.670351887553998 ] ] } },
{ "type": "Feature", "properties": { "_id": 705, "OBJECTID": 804, "GEO_ID": 7684096.0, "NAME": "PARK LANE PUBLIC SCHOOL", "SCHOOL_LEVEL": "None", "SCHOOL_TYPE": "EP", "BOARD_NAME": "Toronto District School Board", "SOURCE_ADDRESS": "60 PARK LANE CRCL ", "SCHOOL_TYPE_DESC": "English Public", "ADDRESS_POINT_ID": 7684096, "ADDRESS_NUMBER": "60", "LINEAR_NAME_FULL": "Park Lane Crcl", "ADDRESS_FULL": "60 Park Lane Crcl", "POSTAL_CODE": "M3C 2N2", "MUNICIPALITY": "NY", "CITY": "NY", "PLACE_NAME": "Park Lane Public School", "GENERAL_USE_CODE": 115001, "CENTRELINE_ID": 7683816, "LO_NUM": 60, "LO_NUM_SUF": "None", "HI_NUM": null, "HI_NUM_SUF": "None", "LINEAR_NAME_ID": 6377.0 }, "geometry": { "type": "MultiPoint", "coordinates": [ [ -79.366820060505503, 43.728923620267601 ] ] } },
{ "type": "Feature", "properties": { "_id": 706, "OBJECTID": 805, "GEO_ID": 985525.0, "NAME": "PARK LAWN JR MDL SCHOOL", "SCHOOL_LEVEL": "None", "SCHOOL_TYPE": "EP", "BOARD_NAME": "Toronto District School Board", "SOURCE_ADDRESS": "71 BALLACAINE DR ", "SCHOOL_TYPE_DESC": "English Public", "ADDRESS_POINT_ID": 985525, "ADDRESS_NUMBER": "71", "LINEAR_NAME_FULL": "Ballacaine Dr", "ADDRESS_FULL": "71 Ballacaine Dr", "POSTAL_CODE": "M8Y 4B6", "MUNICIPALITY": "ET", "CITY": "ET", "PLACE_NAME": "Park Lawn Junior Middle School", "GENERAL_USE_CODE": 115001, "CENTRELINE_ID": 912249, "LO_NUM": 71, "LO_NUM_SUF": "None", "HI_NUM": null, "HI_NUM_SUF": "None", "LINEAR_NAME_ID": 1101.0 }, "geometry": { "type": "MultiPoint", "coordinates": [ [ -79.496446916446104, 43.637706607630598 ] ] } },
{ "type": "Feature", "properties": { "_id": 707, "OBJECTID": 806, "GEO_ID": 8168404.0, "NAME": "PARKDALE COLLEGIATE INSTITUTE", "SCHOOL_LEVEL": "None", "SCHOOL_TYPE": "EP", "BOARD_NAME": "Toronto District School Board", "SOURCE_ADDRESS": "209 JAMESON AVE ", "SCHOOL_TYPE_DESC": "English Public", "ADDRESS_POINT_ID": 8168404, "ADDRESS_NUMBER": "209", "LINEAR_NAME_FULL": "Jameson Ave", "ADDRESS_FULL": "209 Jameson Ave", "POSTAL_CODE": "M6K 2Y3", "MUNICIPALITY": "TO", "CITY": "TO", "PLACE_NAME": "Parkdale Collegiate Institute", "GENERAL_USE_CODE": 115001, "CENTRELINE_ID": 8168402, "LO_NUM": 209, "LO_NUM_SUF": "None", "HI_NUM": null, "HI_NUM_SUF": "None", "LINEAR_NAME_ID": 3740.0 }, "geometry": { "type": "MultiPoint", "coordinates": [ [ -79.436068505084094, 43.639657513916298 ] ] } },
{ "type": "Feature", "properties": { "_id": 708, "OBJECTID": 807, "GEO_ID": 10180114.0, "NAME": "PARKDALE JR & SR PUBLIC SCHOOL", "SCHOOL_LEVEL": "None", "SCHOOL_TYPE": "EP", "BOARD_NAME": "Toronto District School Board", "SOURCE_ADDRESS": "78 SEAFORTH AVE ", "SCHOOL_TYPE_DESC": "English Public", "ADDRESS_POINT_ID": 10180114, "ADDRESS_NUMBER": "78", "LINEAR_NAME_FULL": "Seaforth Ave", "ADDRESS_FULL": "78 Seaforth Ave", "POSTAL_CODE": "M6K 3L2", "MUNICIPALITY": "TO", "CITY": "TO", "PLACE_NAME": "Parkdale Junior and Senior Public School", "GENERAL_USE_CODE": 115001, "CENTRELINE_ID": 10180125, "LO_NUM": 78, "LO_NUM_SUF": "None", "HI_NUM": null, "HI_NUM_SUF": "None", "LINEAR_NAME_ID": 4372.0 }, "geometry": { "type": "MultiPoint", "coordinates": [ [ -79.4367985750645, 43.6431872870807 ] ] } },
{ "type": "Feature", "properties": { "_id": 709, "OBJECTID": 808, "GEO_ID": 1026461.0, "NAME": "PARKFIELD JR SCHOOL ", "SCHOOL_LEVEL": "None", "SCHOOL_TYPE": "EP", "BOARD_NAME": "Toronto District School Board", "SOURCE_ADDRESS": "31 REDGRAVE DR ", "SCHOOL_TYPE_DESC": "English Public", "ADDRESS_POINT_ID": 1026461, "ADDRESS_NUMBER": "31", "LINEAR_NAME_FULL": "Redgrave Dr", "ADDRESS_FULL": "31 Redgrave Dr", "POSTAL_CODE": "M9R 3T9", "MUNICIPALITY": "ET", "CITY": "ET", "PLACE_NAME": "Parkfield Junior School", "GENERAL_USE_CODE": 115001, "CENTRELINE_ID": 909329, "LO_NUM": 31, "LO_NUM_SUF": "None", "HI_NUM": null, "HI_NUM_SUF": "None", "LINEAR_NAME_ID": 2345.0 }, "geometry": { "type": "MultiPoint", "coordinates": [ [ -79.569757851470897, 43.682287776924603 ] ] } },
{ "type": "Feature", "properties": { "_id": 710, "OBJECTID": 809, "GEO_ID": 6427685.0, "NAME": "PARKSIDE ELEMENTARY SCHOOL ", "SCHOOL_LEVEL": "None", "SCHOOL_TYPE": "EP", "BOARD_NAME": "Toronto District School Board", "SOURCE_ADDRESS": "401 CEDARVALE AVE ", "SCHOOL_TYPE_DESC": "English Public", "ADDRESS_POINT_ID": 6427685, "ADDRESS_NUMBER": "401", "LINEAR_NAME_FULL": "Cedarvale Ave", "ADDRESS_FULL": "401 Cedarvale Ave", "POSTAL_CODE": "M4C 4K7", "MUNICIPALITY": "EY", "CITY": "EY", "PLACE_NAME": "Parkside Elementary School", "GENERAL_USE_CODE": 115001, "CENTRELINE_ID": 30118988, "LO_NUM": 401, "LO_NUM_SUF": "None", "HI_NUM": null, "HI_NUM_SUF": "None", "LINEAR_NAME_ID": 58.0 }, "geometry": { "type": "MultiPoint", "coordinates": [ [ -79.316318386543301, 43.699443467836304 ] ] } },
{ "type": "Feature", "properties": { "_id": 711, "OBJECTID": 810, "GEO_ID": 373500.0, "NAME": "PARKVIEW ALTERNATIVE SCHOOL ", "SCHOOL_LEVEL": "None", "SCHOOL_TYPE": "EP", "BOARD_NAME": "Toronto District School Board", "SOURCE_ADDRESS": "1641 PHARMACY AVE ", "SCHOOL_TYPE_DESC": "English Public", "ADDRESS_POINT_ID": 373500, "ADDRESS_NUMBER": "1641", "LINEAR_NAME_FULL": "Pharmacy Ave", "ADDRESS_FULL": "1641 Pharmacy Ave", "POSTAL_CODE": "M1R 2L2", "MUNICIPALITY": "SC", "CITY": "SC", "PLACE_NAME": "Parkview Alternative School", "GENERAL_USE_CODE": 115001, "CENTRELINE_ID": 108595, "LO_NUM": 1641, "LO_NUM_SUF": "None", "HI_NUM": null, "HI_NUM_SUF": "None", "LINEAR_NAME_ID": 8691.0 }, "geometry": { "type": "MultiPoint", "coordinates": [ [ -79.313002607884997, 43.767377280037898 ] ] } },
{ "type": "Feature", "properties": { "_id": 712, "OBJECTID": 811, "GEO_ID": 8418224.0, "NAME": "PAUL PENNA DOWNTOWN JEWISH DAY SCHOOL & MILES NADAL JEWISH COMMUNITY CENTRE", "SCHOOL_LEVEL": "None", "SCHOOL_TYPE": "PR", "BOARD_NAME": "None", "SOURCE_ADDRESS": "750 SPADINA AVE ", "SCHOOL_TYPE_DESC": "Private", "ADDRESS_POINT_ID": 8418224, "ADDRESS_NUMBER": "750", "LINEAR_NAME_FULL": "Spadina Ave", "ADDRESS_FULL": "750 Spadina Ave", "POSTAL_CODE": "M5S 2J2", "MUNICIPALITY": "TO", "CITY": "TO", "PLACE_NAME": "Miles Nadal Jewish Community Centre", "GENERAL_USE_CODE": 115001, "CENTRELINE_ID": 8418213, "LO_NUM": 750, "LO_NUM_SUF": "None", "HI_NUM": null, "HI_NUM_SUF": "None", "LINEAR_NAME_ID": 4426.0 }, "geometry": { "type": "MultiPoint", "coordinates": [ [ -79.404062252946403, 43.666206589873397 ] ] } },
{ "type": "Feature", "properties": { "_id": 713, "OBJECTID": 812, "GEO_ID": 329105.0, "NAME": "PAULINE JOHNSON JR PUBLIC SCHOOL", "SCHOOL_LEVEL": "None", "SCHOOL_TYPE": "EP", "BOARD_NAME": "Toronto District School Board", "SOURCE_ADDRESS": "35 DUNMURRAY BLVD ", "SCHOOL_TYPE_DESC": "English Public", "ADDRESS_POINT_ID": 329105, "ADDRESS_NUMBER": "35", "LINEAR_NAME_FULL": "Dunmurray Blvd", "ADDRESS_FULL": "35 Dunmurray Blvd", "POSTAL_CODE": "M1T 2K2", "MUNICIPALITY": "SC", "CITY": "SC", "PLACE_NAME": "Pauline Johnson Junior Public School", "GENERAL_USE_CODE": 115001, "CENTRELINE_ID": 106690, "LO_NUM": 35, "LO_NUM_SUF": "None", "HI_NUM": null, "HI_NUM_SUF": "None", "LINEAR_NAME_ID": 7788.0 }, "geometry": { "type": "MultiPoint", "coordinates": [ [ -79.303571298141506, 43.785129858265101 ] ] } },
{ "type": "Feature", "properties": { "_id": 714, "OBJECTID": 813, "GEO_ID": 9638081.0, "NAME": "PAULINE JR PUBLIC SCHOOL", "SCHOOL_LEVEL": "None", "SCHOOL_TYPE": "EP", "BOARD_NAME": "Toronto District School Board", "SOURCE_ADDRESS": "100 PAULINE AVE ", "SCHOOL_TYPE_DESC": "English Public", "ADDRESS_POINT_ID": 9638081, "ADDRESS_NUMBER": "100", "LINEAR_NAME_FULL": "Pauline Ave", "ADDRESS_FULL": "100 Pauline Ave", "POSTAL_CODE": "M6H 3M8", "MUNICIPALITY": "TO", "CITY": "TO", "PLACE_NAME": "Pauline Junior Public School", "GENERAL_USE_CODE": 115001, "CENTRELINE_ID": 14012736, "LO_NUM": 100, "LO_NUM_SUF": "None", "HI_NUM": null, "HI_NUM_SUF": "None", "LINEAR_NAME_ID": 4168.0 }, "geometry": { "type": "MultiPoint", "coordinates": [ [ -79.439143670561705, 43.662489107582203 ] ] } },
{ "type": "Feature", "properties": { "_id": 715, "OBJECTID": 814, "GEO_ID": 519066.0, "NAME": "PELMO PARK PUBLIC SCHOOL ", "SCHOOL_LEVEL": "None", "SCHOOL_TYPE": "EP", "BOARD_NAME": "Toronto District School Board", "SOURCE_ADDRESS": "180 GARY DR ", "SCHOOL_TYPE_DESC": "English Public", "ADDRESS_POINT_ID": 519066, "ADDRESS_NUMBER": "180", "LINEAR_NAME_FULL": "Gary Dr", "ADDRESS_FULL": "180 Gary Dr", "POSTAL_CODE": "M9N 2M1", "MUNICIPALITY": "NY", "CITY": "NY", "PLACE_NAME": "Pelmo Park Public School", "GENERAL_USE_CODE": 115001, "CENTRELINE_ID": 445999, "LO_NUM": 180, "LO_NUM_SUF": "None", "HI_NUM": null, "HI_NUM_SUF": "None", "LINEAR_NAME_ID": 5666.0 }, "geometry": { "type": "MultiPoint", "coordinates": [ [ -79.518116160569207, 43.712056727816197 ] ] } },
{ "type": "Feature", "properties": { "_id": 716, "OBJECTID": 815, "GEO_ID": 60019169.0, "NAME": "PENGUIN PRIVATE SCHOOL", "SCHOOL_LEVEL": "None", "SCHOOL_TYPE": "PR", "BOARD_NAME": "None", "SOURCE_ADDRESS": "3461-3467 LAKE SHORE BLVD W", "SCHOOL_TYPE_DESC": "Private", "ADDRESS_POINT_ID": 60019169, "ADDRESS_NUMBER": "3467", "LINEAR_NAME_FULL": "Lake Shore Blvd W", "ADDRESS_FULL": "3467 Lake Shore Blvd W", "POSTAL_CODE": "M8W 1N2", "MUNICIPALITY": "ET", "CITY": "ET", "PLACE_NAME": "None", "GENERAL_USE_CODE": 115001, "CENTRELINE_ID": 7640791, "LO_NUM": 3467, "LO_NUM_SUF": "None", "HI_NUM": null, "HI_NUM_SUF": "None", "LINEAR_NAME_ID": 1962.0 }, "geometry": { "type": "MultiPoint", "coordinates": [ [ -79.529774882064501, 43.595130557325 ] ] } },
{ "type": "Feature", "properties": { "_id": 717, "OBJECTID": 816, "GEO_ID": 397655.0, "NAME": "PERCY WILLIAMS JR PUBLIC SCHOOL ", "SCHOOL_LEVEL": "None", "SCHOOL_TYPE": "EP", "BOARD_NAME": "Toronto District School Board", "SOURCE_ADDRESS": "35 WHITE HEATHER BLVD ", "SCHOOL_TYPE_DESC": "English Public", "ADDRESS_POINT_ID": 397655, "ADDRESS_NUMBER": "35", "LINEAR_NAME_FULL": "White Heather Blvd", "ADDRESS_FULL": "35 White Heather Blvd", "POSTAL_CODE": "M1V 1P6", "MUNICIPALITY": "SC", "CITY": "SC", "PLACE_NAME": "Percy Williams Junior Public School", "GENERAL_USE_CODE": 115001, "CENTRELINE_ID": 103968, "LO_NUM": 35, "LO_NUM_SUF": "None", "HI_NUM": null, "HI_NUM_SUF": "None", "LINEAR_NAME_ID": 9222.0 }, "geometry": { "type": "MultiPoint", "coordinates": [ [ -79.265658528120497, 43.812666881772302 ] ] } },
{ "type": "Feature", "properties": { "_id": 718, "OBJECTID": 817, "GEO_ID": 8985455.0, "NAME": "PERE PHILIPE LAMARCHE CATHOLIC SECONDARY SCHOOL", "SCHOOL_LEVEL": "None", "SCHOOL_TYPE": "FS", "BOARD_NAME": "Conseil scolaire de district catholique Centre-Sud", "SOURCE_ADDRESS": "2850 EGLINTON AVE E", "SCHOOL_TYPE_DESC": "French Separate", "ADDRESS_POINT_ID": 8985455, "ADDRESS_NUMBER": "2850", "LINEAR_NAME_FULL": "Eglinton Ave E", "ADDRESS_FULL": "2850 Eglinton Ave E", "POSTAL_CODE": "M1J 2C8", "MUNICIPALITY": "SC", "CITY": "SC", "PLACE_NAME": "Pere Philippe Lamarche High School", "GENERAL_USE_CODE": 115001, "CENTRELINE_ID": 8985453, "LO_NUM": 2850, "LO_NUM_SUF": "None", "HI_NUM": null, "HI_NUM_SUF": "None", "LINEAR_NAME_ID": 125.0 }, "geometry": { "type": "MultiPoint", "coordinates": [ [ -79.240705759890005, 43.738888532757798 ] ] } },
{ "type": "Feature", "properties": { "_id": 719, "OBJECTID": 818, "GEO_ID": 8431734.0, "NAME": "PERTH AVENUE JR PUBLIC SCHOOL", "SCHOOL_LEVEL": "None", "SCHOOL_TYPE": "EP", "BOARD_NAME": "Toronto District School Board", "SOURCE_ADDRESS": "14 RUSKIN AVE ", "SCHOOL_TYPE_DESC": "English Public", "ADDRESS_POINT_ID": 8431734, "ADDRESS_NUMBER": "14", "LINEAR_NAME_FULL": "Ruskin Ave", "ADDRESS_FULL": "14 Ruskin Ave", "POSTAL_CODE": "M6P 3P8", "MUNICIPALITY": "TO", "CITY": "TO", "PLACE_NAME": "Perth Avenue Junior Public School", "GENERAL_USE_CODE": 115001, "CENTRELINE_ID": 8431729, "LO_NUM": 14, "LO_NUM_SUF": "None", "HI_NUM": null, "HI_NUM_SUF": "None", "LINEAR_NAME_ID": 4342.0 }, "geometry": { "type": "MultiPoint", "coordinates": [ [ -79.4524196858968, 43.662831361416501 ] ] } },
{ "type": "Feature", "properties": { "_id": 720, "OBJECTID": 819, "GEO_ID": 7561629.0, "NAME": "PHOENIX MONTESSORI SCHOOL", "SCHOOL_LEVEL": "None", "SCHOOL_TYPE": "PR", "BOARD_NAME": "None", "SOURCE_ADDRESS": "2 STATION RD ", "SCHOOL_TYPE_DESC": "Private", "ADDRESS_POINT_ID": 7561629, "ADDRESS_NUMBER": "2", "LINEAR_NAME_FULL": "Station Rd", "ADDRESS_FULL": "2 Station Rd", "POSTAL_CODE": "M8V 2P9", "MUNICIPALITY": "ET", "CITY": "ET", "PLACE_NAME": "Wesley Mimico United Church", "GENERAL_USE_CODE": 115001, "CENTRELINE_ID": 7561397, "LO_NUM": 2, "LO_NUM_SUF": "None", "HI_NUM": null, "HI_NUM_SUF": "None", "LINEAR_NAME_ID": 344.0 }, "geometry": { "type": "MultiPoint", "coordinates": [ [ -79.493682086897394, 43.612986445090101 ] ] } },
{ "type": "Feature", "properties": { "_id": 721, "OBJECTID": 820, "GEO_ID": 576369.0, "NAME": "PIERRE LAPORTE MDL SCHOOL", "SCHOOL_LEVEL": "None", "SCHOOL_TYPE": "EP", "BOARD_NAME": "Toronto District School Board", "SOURCE_ADDRESS": "1270 WILSON AVE ", "SCHOOL_TYPE_DESC": "English Public", "ADDRESS_POINT_ID": 576369, "ADDRESS_NUMBER": "1270", "LINEAR_NAME_FULL": "Wilson Ave", "ADDRESS_FULL": "1270 Wilson Ave", "POSTAL_CODE": "M3M 1H5", "MUNICIPALITY": "NY", "CITY": "NY", "PLACE_NAME": "Pierre Laporte Middle School", "GENERAL_USE_CODE": 115001, "CENTRELINE_ID": 444500, "LO_NUM": 1270, "LO_NUM_SUF": "None", "HI_NUM": null, "HI_NUM_SUF": "None", "LINEAR_NAME_ID": 4693.0 }, "geometry": { "type": "MultiPoint", "coordinates": [ [ -79.492124312189304, 43.725074532802701 ] ] } },
{ "type": "Feature", "properties": { "_id": 722, "OBJECTID": 821, "GEO_ID": 551399.0, "NAME": "PINEWAY PUBLIC SCHOOL", "SCHOOL_LEVEL": "None", "SCHOOL_TYPE": "EP", "BOARD_NAME": "Toronto District School Board", "SOURCE_ADDRESS": "110 PINEWAY BLVD ", "SCHOOL_TYPE_DESC": "English Public", "ADDRESS_POINT_ID": 551399, "ADDRESS_NUMBER": "110", "LINEAR_NAME_FULL": "Pineway Blvd", "ADDRESS_FULL": "110 Pineway Blvd", "POSTAL_CODE": "M2H 1A8", "MUNICIPALITY": "NY", "CITY": "NY", "PLACE_NAME": "Pineway Public School,Pineway Park", "GENERAL_USE_CODE": 115001, "CENTRELINE_ID": 30108298, "LO_NUM": 110, "LO_NUM_SUF": "None", "HI_NUM": null, "HI_NUM_SUF": "None", "LINEAR_NAME_ID": 6436.0 }, "geometry": { "type": "MultiPoint", "coordinates": [ [ -79.374515523826105, 43.7964177776079 ] ] } },
{ "type": "Feature", "properties": { "_id": 723, "OBJECTID": 822, "GEO_ID": 30076180.0, "NAME": "PLEASANT PUBLIC SCHOOL", "SCHOOL_LEVEL": "None", "SCHOOL_TYPE": "EP", "BOARD_NAME": "Toronto District School Board", "SOURCE_ADDRESS": "288 PLEASANT AVE ", "SCHOOL_TYPE_DESC": "English Public", "ADDRESS_POINT_ID": 30076180, "ADDRESS_NUMBER": "288", "LINEAR_NAME_FULL": "Pleasant Ave", "ADDRESS_FULL": "288 Pleasant Ave", "POSTAL_CODE": "M2R 2R1", "MUNICIPALITY": "NY", "CITY": "NY", "PLACE_NAME": "None", "GENERAL_USE_CODE": 115001, "CENTRELINE_ID": 437127, "LO_NUM": 288, "LO_NUM_SUF": "None", "HI_NUM": null, "HI_NUM_SUF": "None", "LINEAR_NAME_ID": 6445.0 }, "geometry": { "type": "MultiPoint", "coordinates": [ [ -79.434557687074303, 43.789955418275703 ] ] } },
{ "type": "Feature", "properties": { "_id": 724, "OBJECTID": 823, "GEO_ID": 492072.0, "NAME": "PLEASANT VIEW JR HIGH SCHOOL", "SCHOOL_LEVEL": "None", "SCHOOL_TYPE": "EP", "BOARD_NAME": "Toronto District School Board", "SOURCE_ADDRESS": "175 BRIAN DR ", "SCHOOL_TYPE_DESC": "English Public", "ADDRESS_POINT_ID": 492072, "ADDRESS_NUMBER": "175", "LINEAR_NAME_FULL": "Brian Dr", "ADDRESS_FULL": "175 Brian Dr", "POSTAL_CODE": "M2J 3Y8", "MUNICIPALITY": "NY", "CITY": "NY", "PLACE_NAME": "Pleasant View Middle School", "GENERAL_USE_CODE": 115001, "CENTRELINE_ID": 437221, "LO_NUM": 175, "LO_NUM_SUF": "None", "HI_NUM": null, "HI_NUM_SUF": "None", "LINEAR_NAME_ID": 5028.0 }, "geometry": { "type": "MultiPoint", "coordinates": [ [ -79.333903214414306, 43.787487755923401 ] ] } },
{ "type": "Feature", "properties": { "_id": 725, "OBJECTID": 824, "GEO_ID": 9340702.0, "NAME": "POLARIS LEARNING CENTRE SCHOOL", "SCHOOL_LEVEL": "None", "SCHOOL_TYPE": "PR", "BOARD_NAME": "None", "SOURCE_ADDRESS": "1560 BAYVIEW AVE ", "SCHOOL_TYPE_DESC": "Private", "ADDRESS_POINT_ID": 9340702, "ADDRESS_NUMBER": "1560", "LINEAR_NAME_FULL": "Bayview Ave", "ADDRESS_FULL": "1560 Bayview Ave", "POSTAL_CODE": "M4G 3B8", "MUNICIPALITY": "TO", "CITY": "TO", "PLACE_NAME": "None", "GENERAL_USE_CODE": 115001, "CENTRELINE_ID": 9340683, "LO_NUM": 1560, "LO_NUM_SUF": "None", "HI_NUM": null, "HI_NUM_SUF": "None", "LINEAR_NAME_ID": 24.0 }, "geometry": { "type": "MultiPoint", "coordinates": [ [ -79.375337312174906, 43.705228089131097 ] ] } },
{ "type": "Feature", "properties": { "_id": 726, "OBJECTID": 825, "GEO_ID": 849784.0, "NAME": "POPE FRANCIS CATHOLIC ELEMENTARY SCHOOL", "SCHOOL_LEVEL": "None", "SCHOOL_TYPE": "ES", "BOARD_NAME": "Toronto Catholic District School Board", "SOURCE_ADDRESS": "319 OSSINGTON AVE ", "SCHOOL_TYPE_DESC": "English Separate", "ADDRESS_POINT_ID": 849784, "ADDRESS_NUMBER": "319", "LINEAR_NAME_FULL": "Ossington Ave", "ADDRESS_FULL": "319 Ossington Ave", "POSTAL_CODE": "M6J 3A6", "MUNICIPALITY": "TO", "CITY": "TO", "PLACE_NAME": "Pope Francis Catholic School", "GENERAL_USE_CODE": 115001, "CENTRELINE_ID": 1145355, "LO_NUM": 319, "LO_NUM_SUF": "None", "HI_NUM": null, "HI_NUM_SUF": "None", "LINEAR_NAME_ID": 4125.0 }, "geometry": { "type": "MultiPoint", "coordinates": [ [ -79.421016184960394, 43.651631365682199 ] ] } },
{ "type": "Feature", "properties": { "_id": 727, "OBJECTID": 826, "GEO_ID": 326920.0, "NAME": "POPLAR ROAD JR PUBLIC SCHOOL", "SCHOOL_LEVEL": "None", "SCHOOL_TYPE": "EP", "BOARD_NAME": "Toronto District School Board", "SOURCE_ADDRESS": "66 DEARHAM WOOD ", "SCHOOL_TYPE_DESC": "English Public", "ADDRESS_POINT_ID": 326920, "ADDRESS_NUMBER": "66", "LINEAR_NAME_FULL": "Dearham Wood", "ADDRESS_FULL": "66 Dearham Wood", "POSTAL_CODE": "M1E 1S4", "MUNICIPALITY": "SC", "CITY": "SC", "PLACE_NAME": "Poplar Road Junior Public School", "GENERAL_USE_CODE": 115001, "CENTRELINE_ID": 109624, "LO_NUM": 66, "LO_NUM_SUF": "None", "HI_NUM": null, "HI_NUM_SUF": "None", "LINEAR_NAME_ID": 7725.0 }, "geometry": { "type": "MultiPoint", "coordinates": [ [ -79.187240841852699, 43.7537306281654 ] ] } },
{ "type": "Feature", "properties": { "_id": 728, "OBJECTID": 827, "GEO_ID": 5024206.0, "NAME": "PORT ROYAL PUBLIC SCHOOL ", "SCHOOL_LEVEL": "None", "SCHOOL_TYPE": "EP", "BOARD_NAME": "Toronto District School Board", "SOURCE_ADDRESS": "408 PORT ROYAL TRL ", "SCHOOL_TYPE_DESC": "English Public", "ADDRESS_POINT_ID": 5024206, "ADDRESS_NUMBER": "408", "LINEAR_NAME_FULL": "Port Royal Trl", "ADDRESS_FULL": "408 Port Royal Trl", "POSTAL_CODE": "M1V 4R1", "MUNICIPALITY": "SC", "CITY": "SC", "PLACE_NAME": "Port Royal Public School", "GENERAL_USE_CODE": 115001, "CENTRELINE_ID": 5024208, "LO_NUM": 408, "LO_NUM_SUF": "None", "HI_NUM": null, "HI_NUM_SUF": "None", "LINEAR_NAME_ID": 8721.0 }, "geometry": { "type": "MultiPoint", "coordinates": [ [ -79.289966749967903, 43.824632404980697 ] ] } },
{ "type": "Feature", "properties": { "_id": 729, "OBJECTID": 828, "GEO_ID": 14171495.0, "NAME": "PORTAGE TRAIL COMMUNITYSCHOOL", "SCHOOL_LEVEL": "None", "SCHOOL_TYPE": "EP", "BOARD_NAME": "Toronto District School Board", "SOURCE_ADDRESS": "100 SIDNEY BELSEY CRES ", "SCHOOL_TYPE_DESC": "English Public", "ADDRESS_POINT_ID": 14171495, "ADDRESS_NUMBER": "100", "LINEAR_NAME_FULL": "Sidney Belsey Cres", "ADDRESS_FULL": "100 Sidney Belsey Cres", "POSTAL_CODE": "M6M 5H6", "MUNICIPALITY": "YK", "CITY": "YK", "PLACE_NAME": "Portage Trail Community School", "GENERAL_USE_CODE": 115001, "CENTRELINE_ID": 60007989, "LO_NUM": 100, "LO_NUM_SUF": "None", "HI_NUM": null, "HI_NUM_SUF": "None", "LINEAR_NAME_ID": 11205.0 }, "geometry": { "type": "MultiPoint", "coordinates": [ [ -79.509766883904106, 43.692296184295202 ] ] } },
{ "type": "Feature", "properties": { "_id": 730, "OBJECTID": 829, "GEO_ID": 373219.0, "NAME": "PRECIOUS BLOOD CATHOLIC ELEMENTARY SCHOOL", "SCHOOL_LEVEL": "None", "SCHOOL_TYPE": "ES", "BOARD_NAME": "Toronto Catholic District School Board", "SOURCE_ADDRESS": "1035 PHARMACY AVE ", "SCHOOL_TYPE_DESC": "English Separate", "ADDRESS_POINT_ID": 373219, "ADDRESS_NUMBER": "1035", "LINEAR_NAME_FULL": "Pharmacy Ave", "ADDRESS_FULL": "1035 Pharmacy Ave", "POSTAL_CODE": "M1R 2G8", "MUNICIPALITY": "SC", "CITY": "SC", "PLACE_NAME": "Precious Blood Catholic School", "GENERAL_USE_CODE": 115001, "CENTRELINE_ID": 110964, "LO_NUM": 1035, "LO_NUM_SUF": "None", "HI_NUM": null, "HI_NUM_SUF": "None", "LINEAR_NAME_ID": 8691.0 }, "geometry": { "type": "MultiPoint", "coordinates": [ [ -79.302237424507098, 43.739356430300298 ] ] } },
{ "type": "Feature", "properties": { "_id": 731, "OBJECTID": 830, "GEO_ID": 34673.0, "NAME": "PRESTEIGN HEIGHTS ELEMENTARY SCHOOL ", "SCHOOL_LEVEL": "None", "SCHOOL_TYPE": "EP", "BOARD_NAME": "Toronto District School Board", "SOURCE_ADDRESS": "2570 ST CLAIR AVE E", "SCHOOL_TYPE_DESC": "English Public", "ADDRESS_POINT_ID": 34673, "ADDRESS_NUMBER": "2570", "LINEAR_NAME_FULL": "St Clair Ave E", "ADDRESS_FULL": "2570 St Clair Ave E", "POSTAL_CODE": "M4B 1M3", "MUNICIPALITY": "EY", "CITY": "EY", "PLACE_NAME": "Presteign Heights Elementary School", "GENERAL_USE_CODE": 115001, "CENTRELINE_ID": 656, "LO_NUM": 2570, "LO_NUM_SUF": "None", "HI_NUM": null, "HI_NUM_SUF": "None", "LINEAR_NAME_ID": 339.0 }, "geometry": { "type": "MultiPoint", "coordinates": [ [ -79.317193975251499, 43.705543344508598 ] ] } },
{ "type": "Feature", "properties": { "_id": 732, "OBJECTID": 831, "GEO_ID": 7554003.0, "NAME": "PRINCE OF PEACE CATHOLIC ELEMENTARY SCHOOL", "SCHOOL_LEVEL": "None", "SCHOOL_TYPE": "ES", "BOARD_NAME": "Toronto Catholic District School Board", "SOURCE_ADDRESS": "255 ALTON TOWERS CRCL ", "SCHOOL_TYPE_DESC": "English Separate", "ADDRESS_POINT_ID": 7554003, "ADDRESS_NUMBER": "255", "LINEAR_NAME_FULL": "Alton Towers Crcl", "ADDRESS_FULL": "255 Alton Towers Crcl", "POSTAL_CODE": "M1V 4E7", "MUNICIPALITY": "SC", "CITY": "SC", "PLACE_NAME": "Prince Of Peace Catholic School", "GENERAL_USE_CODE": 115001, "CENTRELINE_ID": 30021288, "LO_NUM": 255, "LO_NUM_SUF": "None", "HI_NUM": null, "HI_NUM_SUF": "None", "LINEAR_NAME_ID": 9520.0 }, "geometry": { "type": "MultiPoint", "coordinates": [ [ -79.278944307191693, 43.825389067148699 ] ] } },
{ "type": "Feature", "properties": { "_id": 733, "OBJECTID": 832, "GEO_ID": 10513559.0, "NAME": "PRINCESS MARGARET JR SCHOOL", "SCHOOL_LEVEL": "None", "SCHOOL_TYPE": "EP", "BOARD_NAME": "Toronto District School Board", "SOURCE_ADDRESS": "65 TROMLEY DR ", "SCHOOL_TYPE_DESC": "English Public", "ADDRESS_POINT_ID": 10513559, "ADDRESS_NUMBER": "65", "LINEAR_NAME_FULL": "Tromley Dr", "ADDRESS_FULL": "65 Tromley Dr", "POSTAL_CODE": "M9B 5Y7", "MUNICIPALITY": "ET", "CITY": "ET", "PLACE_NAME": "Princess Margaret Junior School", "GENERAL_USE_CODE": 115001, "CENTRELINE_ID": 10513552, "LO_NUM": 65, "LO_NUM_SUF": "None", "HI_NUM": null, "HI_NUM_SUF": "None", "LINEAR_NAME_ID": 2659.0 }, "geometry": { "type": "MultiPoint", "coordinates": [ [ -79.5590577552409, 43.6712220300167 ] ] } },
{ "type": "Feature", "properties": { "_id": 734, "OBJECTID": 833, "GEO_ID": 487320.0, "NAME": "PROSSERMAN JEWISH COMMUNITY CENTRE & TORAH HIGH - PROSSERMAN JCC CAMPUS", "SCHOOL_LEVEL": "None", "SCHOOL_TYPE": "PR", "BOARD_NAME": "None", "SOURCE_ADDRESS": "4588 BATHURST ST ", "SCHOOL_TYPE_DESC": "Private", "ADDRESS_POINT_ID": 487320, "ADDRESS_NUMBER": "4588", "LINEAR_NAME_FULL": "Bathurst St", "ADDRESS_FULL": "4588 Bathurst St", "POSTAL_CODE": "M2R 1W6", "MUNICIPALITY": "NY", "CITY": "NY", "PLACE_NAME": "Prosserman Jewish Community Centre", "GENERAL_USE_CODE": 115001, "CENTRELINE_ID": 30007983, "LO_NUM": 4588, "LO_NUM_SUF": "None", "HI_NUM": null, "HI_NUM_SUF": "None", "LINEAR_NAME_ID": 436.0 }, "geometry": { "type": "MultiPoint", "coordinates": [ [ -79.441665617510196, 43.762823239404298 ] ] } },
{ "type": "Feature", "properties": { "_id": 735, "OBJECTID": 834, "GEO_ID": 30121873.0, "NAME": "PURE DEGREE MANDARIN SCHOOL", "SCHOOL_LEVEL": "None", "SCHOOL_TYPE": "PR", "BOARD_NAME": "None", "SOURCE_ADDRESS": "2760 VICTORIA PARK AVE ", "SCHOOL_TYPE_DESC": "Private", "ADDRESS_POINT_ID": 30121873, "ADDRESS_NUMBER": "2760", "LINEAR_NAME_FULL": "Victoria Park Ave", "ADDRESS_FULL": "2760 Victoria Park Ave", "POSTAL_CODE": "M2J 4A8", "MUNICIPALITY": "NY", "CITY": "NY", "PLACE_NAME": "None", "GENERAL_USE_CODE": 115001, "CENTRELINE_ID": 106670, "LO_NUM": 2760, "LO_NUM_SUF": "None", "HI_NUM": null, "HI_NUM_SUF": "None", "LINEAR_NAME_ID": 370.0 }, "geometry": { "type": "MultiPoint", "coordinates": [ [ -79.329097610911305, 43.786967254893703 ] ] } },
{ "type": "Feature", "properties": { "_id": 736, "OBJECTID": 835, "GEO_ID": 6350054.0, "NAME": "QUEEN ALEXANDRA MDL SCHOOL", "SCHOOL_LEVEL": "None", "SCHOOL_TYPE": "EP", "BOARD_NAME": "Toronto District School Board", "SOURCE_ADDRESS": "181 BROADVIEW AVE ", "SCHOOL_TYPE_DESC": "English Public", "ADDRESS_POINT_ID": 6350054, "ADDRESS_NUMBER": "181", "LINEAR_NAME_FULL": "Broadview Ave", "ADDRESS_FULL": "181 Broadview Ave", "POSTAL_CODE": "M4M 2G3", "MUNICIPALITY": "TO", "CITY": "TO", "PLACE_NAME": "Queen Alexandra Middle School", "GENERAL_USE_CODE": 115001, "CENTRELINE_ID": 1143632, "LO_NUM": 181, "LO_NUM_SUF": "None", "HI_NUM": null, "HI_NUM_SUF": "None", "LINEAR_NAME_ID": 44.0 }, "geometry": { "type": "MultiPoint", "coordinates": [ [ -79.350091132314901, 43.661642960344103 ] ] } },
{ "type": "Feature", "properties": { "_id": 737, "OBJECTID": 836, "GEO_ID": 1028738.0, "NAME": "QUEEN'S COLLEGIATE ", "SCHOOL_LEVEL": "None", "SCHOOL_TYPE": "PR", "BOARD_NAME": "None", "SOURCE_ADDRESS": "200 RONSON DR ", "SCHOOL_TYPE_DESC": "Private", "ADDRESS_POINT_ID": 1028738, "ADDRESS_NUMBER": "200", "LINEAR_NAME_FULL": "Ronson Dr", "ADDRESS_FULL": "200 Ronson Dr", "POSTAL_CODE": "M9W 5Z9", "MUNICIPALITY": "ET", "CITY": "ET", "PLACE_NAME": "None", "GENERAL_USE_CODE": 115001, "CENTRELINE_ID": 908764, "LO_NUM": 200, "LO_NUM_SUF": "None", "HI_NUM": null, "HI_NUM_SUF": "None", "LINEAR_NAME_ID": 2401.0 }, "geometry": { "type": "MultiPoint", "coordinates": [ [ -79.569637631911405, 43.693999479348598 ] ] } },
{ "type": "Feature", "properties": { "_id": 738, "OBJECTID": 837, "GEO_ID": 13226957.0, "NAME": "QUEEN'S ELITE ACADEMY OF CANADA", "SCHOOL_LEVEL": "None", "SCHOOL_TYPE": "PR", "BOARD_NAME": "None", "SOURCE_ADDRESS": "3650 VICTORIA PARK AVE ", "SCHOOL_TYPE_DESC": "Private", "ADDRESS_POINT_ID": 13226957, "ADDRESS_NUMBER": "3650", "LINEAR_NAME_FULL": "Victoria Park Ave", "ADDRESS_FULL": "3650 Victoria Park Ave", "POSTAL_CODE": "M2H 3P7", "MUNICIPALITY": "NY", "CITY": "NY", "PLACE_NAME": "None", "GENERAL_USE_CODE": 115001, "CENTRELINE_ID": 13226765, "LO_NUM": 3650, "LO_NUM_SUF": "None", "HI_NUM": null, "HI_NUM_SUF": "None", "LINEAR_NAME_ID": 370.0 }, "geometry": { "type": "MultiPoint", "coordinates": [ [ -79.338829329769993, 43.807951048494097 ] ] } },
{ "type": "Feature", "properties": { "_id": 739, "OBJECTID": 838, "GEO_ID": 5524348.0, "NAME": "QUO VADIS ELEMENTARY SCHOOL", "SCHOOL_LEVEL": "None", "SCHOOL_TYPE": "PR", "BOARD_NAME": "None", "SOURCE_ADDRESS": "4258 BLOOR ST W", "SCHOOL_TYPE_DESC": "Private", "ADDRESS_POINT_ID": 5524348, "ADDRESS_NUMBER": "4258", "LINEAR_NAME_FULL": "Bloor St W", "ADDRESS_FULL": "4258 Bloor St W", "POSTAL_CODE": "M9C 1Z7", "MUNICIPALITY": "ET", "CITY": "ET", "PLACE_NAME": "Bloordale United Church", "GENERAL_USE_CODE": 115001, "CENTRELINE_ID": 5524341, "LO_NUM": 4258, "LO_NUM_SUF": "None", "HI_NUM": null, "HI_NUM_SUF": "None", "LINEAR_NAME_ID": 458.0 }, "geometry": { "type": "MultiPoint", "coordinates": [ [ -79.568852320620806, 43.634619391020998 ] ] } },
{ "type": "Feature", "properties": { "_id": 740, "OBJECTID": 839, "GEO_ID": 388308.0, "NAME": "R H KING ACADEMY", "SCHOOL_LEVEL": "None", "SCHOOL_TYPE": "EP", "BOARD_NAME": "Toronto District School Board", "SOURCE_ADDRESS": "3800 ST CLAIR AVE E", "SCHOOL_TYPE_DESC": "English Public", "ADDRESS_POINT_ID": 388308, "ADDRESS_NUMBER": "3800", "LINEAR_NAME_FULL": "St Clair Ave E", "ADDRESS_FULL": "3800 St Clair Ave E", "POSTAL_CODE": "M1M 1V3", "MUNICIPALITY": "SC", "CITY": "SC", "PLACE_NAME": "R. H. King Academy", "GENERAL_USE_CODE": 115001, "CENTRELINE_ID": 111762, "LO_NUM": 3800, "LO_NUM_SUF": "None", "HI_NUM": null, "HI_NUM_SUF": "None", "LINEAR_NAME_ID": 339.0 }, "geometry": { "type": "MultiPoint", "coordinates": [ [ -79.237450034975694, 43.722622341098202 ] ] } },
{ "type": "Feature", "properties": { "_id": 741, "OBJECTID": 840, "GEO_ID": 29703.0, "NAME": "R H MCGREGOR ELEMENTARY SCHOOL", "SCHOOL_LEVEL": "None", "SCHOOL_TYPE": "EP", "BOARD_NAME": "Toronto District School Board", "SOURCE_ADDRESS": "555 MORTIMER AVE ", "SCHOOL_TYPE_DESC": "English Public", "ADDRESS_POINT_ID": 29703, "ADDRESS_NUMBER": "555", "LINEAR_NAME_FULL": "Mortimer Ave", "ADDRESS_FULL": "555 Mortimer Ave", "POSTAL_CODE": "M4J 2G9", "MUNICIPALITY": "EY", "CITY": "EY", "PLACE_NAME": "R. H. Mcgregor Public School", "GENERAL_USE_CODE": 115001, "CENTRELINE_ID": 1600, "LO_NUM": 555, "LO_NUM_SUF": "None", "HI_NUM": null, "HI_NUM_SUF": "None", "LINEAR_NAME_ID": 259.0 }, "geometry": { "type": "MultiPoint", "coordinates": [ [ -79.327135742125705, 43.689995257910098 ] ] } },
{ "type": "Feature", "properties": { "_id": 742, "OBJECTID": 841, "GEO_ID": 7274066.0, "NAME": "R J LANG ELEMENTARY & MDL SCHOOL", "SCHOOL_LEVEL": "None", "SCHOOL_TYPE": "EP", "BOARD_NAME": "Toronto District School Board", "SOURCE_ADDRESS": "227 DREWRY AVE ", "SCHOOL_TYPE_DESC": "English Public", "ADDRESS_POINT_ID": 7274066, "ADDRESS_NUMBER": "227", "LINEAR_NAME_FULL": "Drewry Ave", "ADDRESS_FULL": "227 Drewry Ave", "POSTAL_CODE": "M2M 1E3", "MUNICIPALITY": "NY", "CITY": "NY", "PLACE_NAME": "R. J. Lang Elementary and Middle School", "GENERAL_USE_CODE": 115001, "CENTRELINE_ID": 437473, "LO_NUM": 227, "LO_NUM_SUF": "None", "HI_NUM": null, "HI_NUM_SUF": "None", "LINEAR_NAME_ID": 5435.0 }, "geometry": { "type": "MultiPoint", "coordinates": [ [ -79.426510476538596, 43.783485382534401 ] ] } },
{ "type": "Feature", "properties": { "_id": 743, "OBJECTID": 842, "GEO_ID": 554092.0, "NAME": "RANCHDALE PUBLIC SCHOOL ", "SCHOOL_LEVEL": "None", "SCHOOL_TYPE": "EP", "BOARD_NAME": "Toronto District School Board", "SOURCE_ADDRESS": "60 RANCHDALE CRES ", "SCHOOL_TYPE_DESC": "English Public", "ADDRESS_POINT_ID": 554092, "ADDRESS_NUMBER": "60", "LINEAR_NAME_FULL": "Ranchdale Cres", "ADDRESS_FULL": "60 Ranchdale Cres", "POSTAL_CODE": "M3A 2M3", "MUNICIPALITY": "NY", "CITY": "NY", "PLACE_NAME": "Ranchdale Public School", "GENERAL_USE_CODE": 115001, "CENTRELINE_ID": 440998, "LO_NUM": 60, "LO_NUM_SUF": "None", "HI_NUM": null, "HI_NUM_SUF": "None", "LINEAR_NAME_ID": 6499.0 }, "geometry": { "type": "MultiPoint", "coordinates": [ [ -79.323291437588907, 43.7524580000985 ] ] } },
{ "type": "Feature", "properties": { "_id": 744, "OBJECTID": 843, "GEO_ID": 60867.0, "NAME": "RAWLINSON COMMUNITY SCHOOL ", "SCHOOL_LEVEL": "None", "SCHOOL_TYPE": "EP", "BOARD_NAME": "Toronto District School Board", "SOURCE_ADDRESS": "231 GLENHOLME AVE ", "SCHOOL_TYPE_DESC": "English Public", "ADDRESS_POINT_ID": 60867, "ADDRESS_NUMBER": "231", "LINEAR_NAME_FULL": "Glenholme Ave", "ADDRESS_FULL": "231 Glenholme Ave", "POSTAL_CODE": "M6E 3C7", "MUNICIPALITY": "YK", "CITY": "YK", "PLACE_NAME": "Rawlinson Community School", "GENERAL_USE_CODE": 115001, "CENTRELINE_ID": 8735, "LO_NUM": 231, "LO_NUM_SUF": "None", "HI_NUM": null, "HI_NUM_SUF": "None", "LINEAR_NAME_ID": 615.0 }, "geometry": { "type": "MultiPoint", "coordinates": [ [ -79.440043419087104, 43.683977068882697 ] ] } },
{ "type": "Feature", "properties": { "_id": 745, "OBJECTID": 844, "GEO_ID": 9270479.0, "NAME": "REGAL ROAD JR PUBLIC SCHOOL ", "SCHOOL_LEVEL": "None", "SCHOOL_TYPE": "EP", "BOARD_NAME": "Toronto District School Board", "SOURCE_ADDRESS": "95 REGAL RD ", "SCHOOL_TYPE_DESC": "English Public", "ADDRESS_POINT_ID": 9270479, "ADDRESS_NUMBER": "95", "LINEAR_NAME_FULL": "Regal Rd", "ADDRESS_FULL": "95 Regal Rd", "POSTAL_CODE": "M6H 2J6", "MUNICIPALITY": "TO", "CITY": "TO", "PLACE_NAME": "Regal Road Junior Public School", "GENERAL_USE_CODE": 115001, "CENTRELINE_ID": 9270480, "LO_NUM": 95, "LO_NUM_SUF": "None", "HI_NUM": null, "HI_NUM_SUF": "None", "LINEAR_NAME_ID": 4263.0 }, "geometry": { "type": "MultiPoint", "coordinates": [ [ -79.440063287057697, 43.6737751677408 ] ] } },
{ "type": "Feature", "properties": { "_id": 746, "OBJECTID": 845, "GEO_ID": 372953.0, "NAME": "REGENT HEIGHTS PUBLIC SCHOOL", "SCHOOL_LEVEL": "None", "SCHOOL_TYPE": "EP", "BOARD_NAME": "Toronto District School Board", "SOURCE_ADDRESS": "555 PHARMACY AVE ", "SCHOOL_TYPE_DESC": "English Public", "ADDRESS_POINT_ID": 372953, "ADDRESS_NUMBER": "555", "LINEAR_NAME_FULL": "Pharmacy Ave", "ADDRESS_FULL": "555 Pharmacy Ave", "POSTAL_CODE": "M1L 3H1", "MUNICIPALITY": "SC", "CITY": "SC", "PLACE_NAME": "Regent Heights Public School", "GENERAL_USE_CODE": 115001, "CENTRELINE_ID": 112465, "LO_NUM": 555, "LO_NUM_SUF": "None", "HI_NUM": null, "HI_NUM_SUF": "None", "LINEAR_NAME_ID": 8691.0 }, "geometry": { "type": "MultiPoint", "coordinates": [ [ -79.289132634850304, 43.7070156248448 ] ] } },
{ "type": "Feature", "properties": { "_id": 747, "OBJECTID": 846, "GEO_ID": 13971294.0, "NAME": "REGINA MUNDI CATHOLIC ELEMENTARY SCHOOL", "SCHOOL_LEVEL": "None", "SCHOOL_TYPE": "ES", "BOARD_NAME": "Toronto Catholic District School Board", "SOURCE_ADDRESS": "70 PLAYFAIR AVE ", "SCHOOL_TYPE_DESC": "English Separate", "ADDRESS_POINT_ID": 13971294, "ADDRESS_NUMBER": "70", "LINEAR_NAME_FULL": "Playfair Ave", "ADDRESS_FULL": "70 Playfair Ave", "POSTAL_CODE": "M6B 2P9", "MUNICIPALITY": "NY", "CITY": "NY", "PLACE_NAME": "Regina Mundi Catholic School", "GENERAL_USE_CODE": 115001, "CENTRELINE_ID": 446085, "LO_NUM": 70, "LO_NUM_SUF": "None", "HI_NUM": null, "HI_NUM_SUF": "None", "LINEAR_NAME_ID": 6444.0 }, "geometry": { "type": "MultiPoint", "coordinates": [ [ -79.459395876617094, 43.709919821009599 ] ] } },
{ "type": "Feature", "properties": { "_id": 748, "OBJECTID": 847, "GEO_ID": 532360.0, "NAME": "RENE GORDON HEALTH & WELLNESS ACADEMY ", "SCHOOL_LEVEL": "None", "SCHOOL_TYPE": "EP", "BOARD_NAME": "Toronto District School Board", "SOURCE_ADDRESS": "20 KAREN RD ", "SCHOOL_TYPE_DESC": "English Public", "ADDRESS_POINT_ID": 532360, "ADDRESS_NUMBER": "20", "LINEAR_NAME_FULL": "Karen Rd", "ADDRESS_FULL": "20 Karen Rd", "POSTAL_CODE": "M3A 3L6", "MUNICIPALITY": "NY", "CITY": "NY", "PLACE_NAME": "Rene Gordon Health and Wellness Academy", "GENERAL_USE_CODE": 115001, "CENTRELINE_ID": 30058561, "LO_NUM": 20, "LO_NUM_SUF": "None", "HI_NUM": null, "HI_NUM_SUF": "None", "LINEAR_NAME_ID": 5937.0 }, "geometry": { "type": "MultiPoint", "coordinates": [ [ -79.340143064843204, 43.761903043306603 ] ] } },
{ "type": "Feature", "properties": { "_id": 749, "OBJECTID": 848, "GEO_ID": 986007.0, "NAME": "REXDALE LEARNING CENTRE LINC", "SCHOOL_LEVEL": "None", "SCHOOL_TYPE": "EP", "BOARD_NAME": "Toronto District School Board", "SOURCE_ADDRESS": "30 BARRHEAD CRES ", "SCHOOL_TYPE_DESC": "English Public", "ADDRESS_POINT_ID": 986007, "ADDRESS_NUMBER": "30", "LINEAR_NAME_FULL": "Barrhead Cres", "ADDRESS_FULL": "30 Barrhead Cres", "POSTAL_CODE": "M9W 3Z7", "MUNICIPALITY": "ET", "CITY": "ET", "PLACE_NAME": "Caring and Safe School LC1", "GENERAL_USE_CODE": 115001, "CENTRELINE_ID": 907839, "LO_NUM": 30, "LO_NUM_SUF": "None", "HI_NUM": null, "HI_NUM_SUF": "None", "LINEAR_NAME_ID": 1110.0 }, "geometry": { "type": "MultiPoint", "coordinates": [ [ -79.566552191380495, 43.719313227467801 ] ] } },
{ "type": "Feature", "properties": { "_id": 750, "OBJECTID": 849, "GEO_ID": 1009103.0, "NAME": "RICHVIEW COLLEGIATE INSTITUTE ", "SCHOOL_LEVEL": "None", "SCHOOL_TYPE": "EP", "BOARD_NAME": "Toronto District School Board", "SOURCE_ADDRESS": "1738 ISLINGTON AVE ", "SCHOOL_TYPE_DESC": "English Public", "ADDRESS_POINT_ID": 1009103, "ADDRESS_NUMBER": "1738", "LINEAR_NAME_FULL": "Islington Ave", "ADDRESS_FULL": "1738 Islington Ave", "POSTAL_CODE": "M9A 3N2", "MUNICIPALITY": "ET", "CITY": "ET", "PLACE_NAME": "Richview Collegiate Institute", "GENERAL_USE_CODE": 115001, "CENTRELINE_ID": 30023253, "LO_NUM": 1738, "LO_NUM_SUF": "None", "HI_NUM": null, "HI_NUM_SUF": "None", "LINEAR_NAME_ID": 1863.0 }, "geometry": { "type": "MultiPoint", "coordinates": [ [ -79.5395009465865, 43.678646533371897 ] ] } },
{ "type": "Feature", "properties": { "_id": 751, "OBJECTID": 850, "GEO_ID": 556083.0, "NAME": "RIPPLETON PUBLIC SCHOOL", "SCHOOL_LEVEL": "None", "SCHOOL_TYPE": "EP", "BOARD_NAME": "Toronto District School Board", "SOURCE_ADDRESS": "21 RIPPLETON RD ", "SCHOOL_TYPE_DESC": "English Public", "ADDRESS_POINT_ID": 556083, "ADDRESS_NUMBER": "21", "LINEAR_NAME_FULL": "Rippleton Rd", "ADDRESS_FULL": "21 Rippleton Rd", "POSTAL_CODE": "M3B 1H4", "MUNICIPALITY": "NY", "CITY": "NY", "PLACE_NAME": "Rippleton Public School", "GENERAL_USE_CODE": 115001, "CENTRELINE_ID": 14186978, "LO_NUM": 21, "LO_NUM_SUF": "None", "HI_NUM": null, "HI_NUM_SUF": "None", "LINEAR_NAME_ID": 6551.0 }, "geometry": { "type": "MultiPoint", "coordinates": [ [ -79.360120466018898, 43.740904837399299 ] ] } },
{ "type": "Feature", "properties": { "_id": 752, "OBJECTID": 851, "GEO_ID": 1005812.0, "NAME": "RIVERCREST JR SCHOOL", "SCHOOL_LEVEL": "None", "SCHOOL_TYPE": "EP", "BOARD_NAME": "Toronto District School Board", "SOURCE_ADDRESS": "30 HAREFIELD DR ", "SCHOOL_TYPE_DESC": "English Public", "ADDRESS_POINT_ID": 1005812, "ADDRESS_NUMBER": "30", "LINEAR_NAME_FULL": "Harefield Dr", "ADDRESS_FULL": "30 Harefield Dr", "POSTAL_CODE": "M9W 4C9", "MUNICIPALITY": "ET", "CITY": "ET", "PLACE_NAME": "Rivercrest Junior School", "GENERAL_USE_CODE": 115001, "CENTRELINE_ID": 907426, "LO_NUM": 30, "LO_NUM_SUF": "None", "HI_NUM": null, "HI_NUM_SUF": "None", "LINEAR_NAME_ID": 1754.0 }, "geometry": { "type": "MultiPoint", "coordinates": [ [ -79.569517743571495, 43.729716180075002 ] ] } },
{ "type": "Feature", "properties": { "_id": 753, "OBJECTID": 852, "GEO_ID": 11585699.0, "NAME": "RIVERDALE COLLEGIATE INSTITUTE", "SCHOOL_LEVEL": "None", "SCHOOL_TYPE": "EP", "BOARD_NAME": "Toronto District School Board", "SOURCE_ADDRESS": "1094 GERRARD ST E", "SCHOOL_TYPE_DESC": "English Public", "ADDRESS_POINT_ID": 11585699, "ADDRESS_NUMBER": "1094", "LINEAR_NAME_FULL": "Gerrard St E", "ADDRESS_FULL": "1094 Gerrard St E", "POSTAL_CODE": "M4M 2A1", "MUNICIPALITY": "TO", "CITY": "TO", "PLACE_NAME": "Riverdale Collegiate Institute", "GENERAL_USE_CODE": 115001, "CENTRELINE_ID": 11585548, "LO_NUM": 1094, "LO_NUM_SUF": "None", "HI_NUM": null, "HI_NUM_SUF": "None", "LINEAR_NAME_ID": 3495.0 }, "geometry": { "type": "MultiPoint", "coordinates": [ [ -79.334859819172607, 43.670047698175701 ] ] } },
{ "type": "Feature", "properties": { "_id": 754, "OBJECTID": 853, "GEO_ID": 8855298.0, "NAME": "ROBBINS HEBREW ACADEMY", "SCHOOL_LEVEL": "None", "SCHOOL_TYPE": "PR", "BOARD_NAME": "None", "SOURCE_ADDRESS": "1700 BATHURST ST ", "SCHOOL_TYPE_DESC": "Private", "ADDRESS_POINT_ID": 8855298, "ADDRESS_NUMBER": "1700", "LINEAR_NAME_FULL": "Bathurst St", "ADDRESS_FULL": "1700 Bathurst St", "POSTAL_CODE": "M5P 3K3", "MUNICIPALITY": "YK", "CITY": "YK", "PLACE_NAME": "Beth Tzedec Synagogue", "GENERAL_USE_CODE": 115001, "CENTRELINE_ID": 8855299, "LO_NUM": 1700, "LO_NUM_SUF": "None", "HI_NUM": null, "HI_NUM_SUF": "None", "LINEAR_NAME_ID": 436.0 }, "geometry": { "type": "MultiPoint", "coordinates": [ [ -79.424400275879805, 43.695426572891797 ] ] } },
{ "type": "Feature", "properties": { "_id": 755, "OBJECTID": 854, "GEO_ID": 7359582.0, "NAME": "ROBERT SERVICE SR PUBLIC SCHOOL ", "SCHOOL_LEVEL": "None", "SCHOOL_TYPE": "EP", "BOARD_NAME": "Toronto District School Board", "SOURCE_ADDRESS": "945 DANFORTH RD ", "SCHOOL_TYPE_DESC": "English Public", "ADDRESS_POINT_ID": 7359582, "ADDRESS_NUMBER": "945", "LINEAR_NAME_FULL": "Danforth Rd", "ADDRESS_FULL": "945 Danforth Rd", "POSTAL_CODE": "M1K 1J2", "MUNICIPALITY": "SC", "CITY": "SC", "PLACE_NAME": "Robert Service Senior Public School", "GENERAL_USE_CODE": 115001, "CENTRELINE_ID": 7359575, "LO_NUM": 945, "LO_NUM_SUF": "None", "HI_NUM": null, "HI_NUM_SUF": "None", "LINEAR_NAME_ID": 7707.0 }, "geometry": { "type": "MultiPoint", "coordinates": [ [ -79.251178178780705, 43.7290251523698 ] ] } },
{ "type": "Feature", "properties": { "_id": 756, "OBJECTID": 855, "GEO_ID": 71840.0, "NAME": "ROCKCLIFFE MDL SCHOOL", "SCHOOL_LEVEL": "None", "SCHOOL_TYPE": "EP", "BOARD_NAME": "Toronto District School Board", "SOURCE_ADDRESS": "400 ROCKCLIFFE BLVD ", "SCHOOL_TYPE_DESC": "English Public", "ADDRESS_POINT_ID": 71840, "ADDRESS_NUMBER": "400", "LINEAR_NAME_FULL": "Rockcliffe Blvd", "ADDRESS_FULL": "400 Rockcliffe Blvd", "POSTAL_CODE": "M6N 4R8", "MUNICIPALITY": "YK", "CITY": "YK", "PLACE_NAME": "Rockcliffe Middle School", "GENERAL_USE_CODE": 115001, "CENTRELINE_ID": 30007274, "LO_NUM": 400, "LO_NUM_SUF": "None", "HI_NUM": null, "HI_NUM_SUF": "None", "LINEAR_NAME_ID": 847.0 }, "geometry": { "type": "MultiPoint", "coordinates": [ [ -79.488893817207796, 43.6738651424808 ] ] } },
{ "type": "Feature", "properties": { "_id": 757, "OBJECTID": 856, "GEO_ID": 9212874.0, "NAME": "ROCKFORD PUBLIC SCHOOL", "SCHOOL_LEVEL": "None", "SCHOOL_TYPE": "EP", "BOARD_NAME": "Toronto District School Board", "SOURCE_ADDRESS": "60 ROCKFORD RD ", "SCHOOL_TYPE_DESC": "English Public", "ADDRESS_POINT_ID": 9212874, "ADDRESS_NUMBER": "60", "LINEAR_NAME_FULL": "Rockford Rd", "ADDRESS_FULL": "60 Rockford Rd", "POSTAL_CODE": "M2R 3A7", "MUNICIPALITY": "NY", "CITY": "NY", "PLACE_NAME": "Rockford Public School", "GENERAL_USE_CODE": 115001, "CENTRELINE_ID": 9212590, "LO_NUM": 60, "LO_NUM_SUF": "None", "HI_NUM": null, "HI_NUM_SUF": "None", "LINEAR_NAME_ID": 6571.0 }, "geometry": { "type": "MultiPoint", "coordinates": [ [ -79.452441411005793, 43.785800519003601 ] ] } },
{ "type": "Feature", "properties": { "_id": 758, "OBJECTID": 857, "GEO_ID": 820061.0, "NAME": "RODEN PUBLIC & EQUINOX HOLISTIC ALTERNATIVE", "SCHOOL_LEVEL": "None", "SCHOOL_TYPE": "EP", "BOARD_NAME": "Toronto District School Board", "SOURCE_ADDRESS": "151 HIAWATHA RD ", "SCHOOL_TYPE_DESC": "English Public", "ADDRESS_POINT_ID": 820061, "ADDRESS_NUMBER": "151", "LINEAR_NAME_FULL": "Hiawatha Rd", "ADDRESS_FULL": "151 Hiawatha Rd", "POSTAL_CODE": "M4L 2Y1", "MUNICIPALITY": "TO", "CITY": "TO", "PLACE_NAME": "Roden Public School", "GENERAL_USE_CODE": 115001, "CENTRELINE_ID": 14022212, "LO_NUM": 151, "LO_NUM_SUF": "None", "HI_NUM": null, "HI_NUM_SUF": "None", "LINEAR_NAME_ID": 3656.0 }, "geometry": { "type": "MultiPoint", "coordinates": [ [ -79.323076473801606, 43.673873273858597 ] ] } },
{ "type": "Feature", "properties": { "_id": 759, "OBJECTID": 858, "GEO_ID": 3244674.0, "NAME": "ROLPH ROAD ELEMENTARY SCHOOL", "SCHOOL_LEVEL": "None", "SCHOOL_TYPE": "EP", "BOARD_NAME": "Toronto District School Board", "SOURCE_ADDRESS": "31 ROLPH RD ", "SCHOOL_TYPE_DESC": "English Public", "ADDRESS_POINT_ID": 3244674, "ADDRESS_NUMBER": "31", "LINEAR_NAME_FULL": "Rolph Rd", "ADDRESS_FULL": "31 Rolph Rd", "POSTAL_CODE": "M4G 3M5", "MUNICIPALITY": "EY", "CITY": "EY", "PLACE_NAME": "Rolph Road Elementary School", "GENERAL_USE_CODE": 115001, "CENTRELINE_ID": 3244642, "LO_NUM": 31, "LO_NUM_SUF": "None", "HI_NUM": null, "HI_NUM_SUF": "None", "LINEAR_NAME_ID": 311.0 }, "geometry": { "type": "MultiPoint", "coordinates": [ [ -79.366000715071294, 43.699854122957802 ] ] } },
{ "type": "Feature", "properties": { "_id": 760, "OBJECTID": 859, "GEO_ID": 30014412.0, "NAME": "RONALD MCDONALD HOUSE", "SCHOOL_LEVEL": "None", "SCHOOL_TYPE": "PR", "BOARD_NAME": "None", "SOURCE_ADDRESS": "240 MC CAUL ST ", "SCHOOL_TYPE_DESC": "Private", "ADDRESS_POINT_ID": 30014412, "ADDRESS_NUMBER": "240", "LINEAR_NAME_FULL": "Mc Caul St", "ADDRESS_FULL": "240 Mc Caul St", "POSTAL_CODE": "M5T 1W5", "MUNICIPALITY": "TO", "CITY": "TO", "PLACE_NAME": "Ronald McDonald House", "GENERAL_USE_CODE": 115001, "CENTRELINE_ID": 14022821, "LO_NUM": 240, "LO_NUM_SUF": "None", "HI_NUM": null, "HI_NUM_SUF": "None", "LINEAR_NAME_ID": 3951.0 }, "geometry": { "type": "MultiPoint", "coordinates": [ [ -79.393302291767995, 43.6582071469997 ] ] } },
{ "type": "Feature", "properties": { "_id": 761, "OBJECTID": 860, "GEO_ID": 6522577.0, "NAME": "ROSE AVENUE JR PUBLIC SCHOOL", "SCHOOL_LEVEL": "None", "SCHOOL_TYPE": "EP", "BOARD_NAME": "Toronto District School Board", "SOURCE_ADDRESS": "675 ONTARIO ST ", "SCHOOL_TYPE_DESC": "English Public", "ADDRESS_POINT_ID": 6522577, "ADDRESS_NUMBER": "675", "LINEAR_NAME_FULL": "Ontario St", "ADDRESS_FULL": "675 Ontario St", "POSTAL_CODE": "M4X 1N4", "MUNICIPALITY": "TO", "CITY": "TO", "PLACE_NAME": "Rose Avenue Junior Public School", "GENERAL_USE_CODE": 115001, "CENTRELINE_ID": 6522541, "LO_NUM": 675, "LO_NUM_SUF": "None", "HI_NUM": null, "HI_NUM_SUF": "None", "LINEAR_NAME_ID": 4108.0 }, "geometry": { "type": "MultiPoint", "coordinates": [ [ -79.372788096640505, 43.670316470415898 ] ] } },
{ "type": "Feature", "properties": { "_id": 762, "OBJECTID": 861, "GEO_ID": 772740.0, "NAME": "ROSEDALE DAY SCHOOL", "SCHOOL_LEVEL": "None", "SCHOOL_TYPE": "PR", "BOARD_NAME": "None", "SOURCE_ADDRESS": "131 BLOOR ST W", "SCHOOL_TYPE_DESC": "Private", "ADDRESS_POINT_ID": 772740, "ADDRESS_NUMBER": "131", "LINEAR_NAME_FULL": "Bloor St W", "ADDRESS_FULL": "131 Bloor St W", "POSTAL_CODE": "M5S 1R1", "MUNICIPALITY": "TO", "CITY": "TO", "PLACE_NAME": "None", "GENERAL_USE_CODE": 115001, "CENTRELINE_ID": 1142361, "LO_NUM": 131, "LO_NUM_SUF": "None", "HI_NUM": null, "HI_NUM_SUF": "None", "LINEAR_NAME_ID": 458.0 }, "geometry": { "type": "MultiPoint", "coordinates": [ [ -79.392394272703598, 43.6687534267963 ] ] } },
{ "type": "Feature", "properties": { "_id": 763, "OBJECTID": 862, "GEO_ID": 11462317.0, "NAME": "ROSEDALE HEIGHTS SCHOOL OF THE ARTS", "SCHOOL_LEVEL": "None", "SCHOOL_TYPE": "EP", "BOARD_NAME": "Toronto District School Board", "SOURCE_ADDRESS": "711 BLOOR ST E", "SCHOOL_TYPE_DESC": "English Public", "ADDRESS_POINT_ID": 11462317, "ADDRESS_NUMBER": "711", "LINEAR_NAME_FULL": "Bloor St E", "ADDRESS_FULL": "711 Bloor St E", "POSTAL_CODE": "M4W 1J4", "MUNICIPALITY": "TO", "CITY": "TO", "PLACE_NAME": "Rosedale Heights School of the Arts", "GENERAL_USE_CODE": 115001, "CENTRELINE_ID": 11462316, "LO_NUM": 711, "LO_NUM_SUF": "None", "HI_NUM": null, "HI_NUM_SUF": "None", "LINEAR_NAME_ID": 3020.0 }, "geometry": { "type": "MultiPoint", "coordinates": [ [ -79.366016337021904, 43.673939661665401 ] ] } },
{ "type": "Feature", "properties": { "_id": 764, "OBJECTID": 863, "GEO_ID": 869568.0, "NAME": "ROSEDALE JR PUBLIC SCHOOL ", "SCHOOL_LEVEL": "None", "SCHOOL_TYPE": "EP", "BOARD_NAME": "Toronto District School Board", "SOURCE_ADDRESS": "22 SOUTH DR ", "SCHOOL_TYPE_DESC": "English Public", "ADDRESS_POINT_ID": 869568, "ADDRESS_NUMBER": "22", "LINEAR_NAME_FULL": "South Dr", "ADDRESS_FULL": "22 South Dr", "POSTAL_CODE": "M4W 1R1", "MUNICIPALITY": "TO", "CITY": "TO", "PLACE_NAME": "Rosedale Junior Public School", "GENERAL_USE_CODE": 115001, "CENTRELINE_ID": 30124970, "LO_NUM": 22, "LO_NUM_SUF": "None", "HI_NUM": null, "HI_NUM_SUF": "None", "LINEAR_NAME_ID": 4421.0 }, "geometry": { "type": "MultiPoint", "coordinates": [ [ -79.381686026750003, 43.677655731532198 ] ] } },
{ "type": "Feature", "properties": { "_id": 765, "OBJECTID": 864, "GEO_ID": 9584890.0, "NAME": "ROSELANDS JR PUBLIC SCHOOL", "SCHOOL_LEVEL": "None", "SCHOOL_TYPE": "EP", "BOARD_NAME": "Toronto District School Board", "SOURCE_ADDRESS": "990 JANE ST ", "SCHOOL_TYPE_DESC": "English Public", "ADDRESS_POINT_ID": 9584890, "ADDRESS_NUMBER": "990", "LINEAR_NAME_FULL": "Jane St", "ADDRESS_FULL": "990 Jane St", "POSTAL_CODE": "M6N 4E2", "MUNICIPALITY": "YK", "CITY": "YK", "PLACE_NAME": "Roselands Junior Public School", "GENERAL_USE_CODE": 115001, "CENTRELINE_ID": 30006755, "LO_NUM": 990, "LO_NUM_SUF": "None", "HI_NUM": null, "HI_NUM_SUF": "None", "LINEAR_NAME_ID": 694.0 }, "geometry": { "type": "MultiPoint", "coordinates": [ [ -79.4990610012849, 43.681226794284598 ] ] } },
{ "type": "Feature", "properties": { "_id": 766, "OBJECTID": 865, "GEO_ID": 1026805.0, "NAME": "ROSETHORN JR SCHOOL", "SCHOOL_LEVEL": "None", "SCHOOL_TYPE": "EP", "BOARD_NAME": "Toronto District School Board", "SOURCE_ADDRESS": "2 REMINGTON DR ", "SCHOOL_TYPE_DESC": "English Public", "ADDRESS_POINT_ID": 1026805, "ADDRESS_NUMBER": "2", "LINEAR_NAME_FULL": "Remington Dr", "ADDRESS_FULL": "2 Remington Dr", "POSTAL_CODE": "M9A 2J1", "MUNICIPALITY": "ET", "CITY": "ET", "PLACE_NAME": "Rosethorn Junior School", "GENERAL_USE_CODE": 115001, "CENTRELINE_ID": 910530, "LO_NUM": 2, "LO_NUM_SUF": "None", "HI_NUM": null, "HI_NUM_SUF": "None", "LINEAR_NAME_ID": 2351.0 }, "geometry": { "type": "MultiPoint", "coordinates": [ [ -79.539451862476199, 43.660156609981399 ] ] } },
{ "type": "Feature", "properties": { "_id": 767, "OBJECTID": 866, "GEO_ID": 873386.0, "NAME": "ROTMAN SCHOOL OF MANAGEMENT - U OF T, BLDG 134", "SCHOOL_LEVEL": "None", "SCHOOL_TYPE": "U", "BOARD_NAME": "None", "SOURCE_ADDRESS": "105 ST GEORGE ST ", "SCHOOL_TYPE_DESC": "University", "ADDRESS_POINT_ID": 873386, "ADDRESS_NUMBER": "105", "LINEAR_NAME_FULL": "St George St", "ADDRESS_FULL": "105 St George St", "POSTAL_CODE": "M5S 3E6", "MUNICIPALITY": "TO", "CITY": "TO", "PLACE_NAME": "None", "GENERAL_USE_CODE": 115001, "CENTRELINE_ID": 1143163, "LO_NUM": 105, "LO_NUM_SUF": "None", "HI_NUM": null, "HI_NUM_SUF": "None", "LINEAR_NAME_ID": 9786.0 }, "geometry": { "type": "MultiPoint", "coordinates": [ [ -79.398492200919705, 43.665189525171598 ] ] } },
{ "type": "Feature", "properties": { "_id": 768, "OBJECTID": 867, "GEO_ID": 3431768.0, "NAME": "ROUGE VALLEY EDUCATION CENTRE", "SCHOOL_LEVEL": "None", "SCHOOL_TYPE": "PR", "BOARD_NAME": "None", "SOURCE_ADDRESS": "3351 ELLESMERE RD ", "SCHOOL_TYPE_DESC": "Private", "ADDRESS_POINT_ID": 3431768, "ADDRESS_NUMBER": "3351", "LINEAR_NAME_FULL": "Ellesmere Rd", "ADDRESS_FULL": "3351 Ellesmere Rd", "POSTAL_CODE": "M1C 1H1", "MUNICIPALITY": "SC", "CITY": "SC", "PLACE_NAME": "None", "GENERAL_USE_CODE": 115001, "CENTRELINE_ID": 3386795, "LO_NUM": 3351, "LO_NUM_SUF": "None", "HI_NUM": null, "HI_NUM_SUF": "None", "LINEAR_NAME_ID": 7835.0 }, "geometry": { "type": "MultiPoint", "coordinates": [ [ -79.184125174114897, 43.787132072742303 ] ] } },
{ "type": "Feature", "properties": { "_id": 769, "OBJECTID": 868, "GEO_ID": 9602601.0, "NAME": "ROUGE VALLEY PUBLIC SCHOOL", "SCHOOL_LEVEL": "None", "SCHOOL_TYPE": "EP", "BOARD_NAME": "Toronto District School Board", "SOURCE_ADDRESS": "30 DURNFORD RD ", "SCHOOL_TYPE_DESC": "English Public", "ADDRESS_POINT_ID": 9602601, "ADDRESS_NUMBER": "30", "LINEAR_NAME_FULL": "Durnford Rd", "ADDRESS_FULL": "30 Durnford Rd", "POSTAL_CODE": "M1B 4X3", "MUNICIPALITY": "SC", "CITY": "SC", "PLACE_NAME": "Rouge Valley Public School", "GENERAL_USE_CODE": 115001, "CENTRELINE_ID": 30100421, "LO_NUM": 30, "LO_NUM_SUF": "None", "HI_NUM": null, "HI_NUM_SUF": "None", "LINEAR_NAME_ID": 7794.0 }, "geometry": { "type": "MultiPoint", "coordinates": [ [ -79.151287393693707, 43.7993862553854 ] ] } },
{ "type": "Feature", "properties": { "_id": 770, "OBJECTID": 869, "GEO_ID": 20120908.0, "NAME": "ROYAL CROWN ACADEMIC SCHOOL", "SCHOOL_LEVEL": "None", "SCHOOL_TYPE": "PR", "BOARD_NAME": "None", "SOURCE_ADDRESS": "4620 FINCH AVE E", "SCHOOL_TYPE_DESC": "Private", "ADDRESS_POINT_ID": 20120908, "ADDRESS_NUMBER": "4620", "LINEAR_NAME_FULL": "Finch Ave E", "ADDRESS_FULL": "4620 Finch Ave E", "POSTAL_CODE": "M1S 4G2", "MUNICIPALITY": "SC", "CITY": "SC", "PLACE_NAME": "Charles O. Bick College", "GENERAL_USE_CODE": 115001, "CENTRELINE_ID": 104479, "LO_NUM": 4620, "LO_NUM_SUF": "None", "HI_NUM": null, "HI_NUM_SUF": "None", "LINEAR_NAME_ID": 5589.0 }, "geometry": { "type": "MultiPoint", "coordinates": [ [ -79.276018259263196, 43.806462191866601 ] ] } },
{ "type": "Feature", "properties": { "_id": 771, "OBJECTID": 870, "GEO_ID": 7974318.0, "NAME": "ROYAL ST GEORGES COLLEGE SCHOOL - ADVANCEMENT", "SCHOOL_LEVEL": "None", "SCHOOL_TYPE": "PR", "BOARD_NAME": "None", "SOURCE_ADDRESS": "128 HOWLAND AVE ", "SCHOOL_TYPE_DESC": "Private", "ADDRESS_POINT_ID": 7974318, "ADDRESS_NUMBER": "128", "LINEAR_NAME_FULL": "Howland Ave", "ADDRESS_FULL": "128 Howland Ave", "POSTAL_CODE": "M5R 3B5", "MUNICIPALITY": "TO", "CITY": "TO", "PLACE_NAME": "None", "GENERAL_USE_CODE": 115001, "CENTRELINE_ID": 14661556, "LO_NUM": 128, "LO_NUM_SUF": "None", "HI_NUM": null, "HI_NUM_SUF": "None", "LINEAR_NAME_ID": 3704.0 }, "geometry": { "type": "MultiPoint", "coordinates": [ [ -79.4105667539922, 43.669816609555703 ] ] } },
{ "type": "Feature", "properties": { "_id": 772, "OBJECTID": 871, "GEO_ID": 7974226.0, "NAME": "ROYAL ST GEORGE'S COLLEGE SCHOOL - JR SCHOOL", "SCHOOL_LEVEL": "None", "SCHOOL_TYPE": "PR", "BOARD_NAME": "None", "SOURCE_ADDRESS": "126 HOWLAND AVE ", "SCHOOL_TYPE_DESC": "Private", "ADDRESS_POINT_ID": 7974226, "ADDRESS_NUMBER": "126", "LINEAR_NAME_FULL": "Howland Ave", "ADDRESS_FULL": "126 Howland Ave", "POSTAL_CODE": "M5R 3B5", "MUNICIPALITY": "TO", "CITY": "TO", "PLACE_NAME": "None", "GENERAL_USE_CODE": 115001, "CENTRELINE_ID": 14661556, "LO_NUM": 126, "LO_NUM_SUF": "None", "HI_NUM": null, "HI_NUM_SUF": "None", "LINEAR_NAME_ID": 3704.0 }, "geometry": { "type": "MultiPoint", "coordinates": [ [ -79.410521329682496, 43.669642056218599 ] ] } },
{ "type": "Feature", "properties": { "_id": 773, "OBJECTID": 872, "GEO_ID": 822810.0, "NAME": "ROYAL ST GEORGES COLLEGE SCHOOL - MAIN ADDRESS", "SCHOOL_LEVEL": "None", "SCHOOL_TYPE": "PR", "BOARD_NAME": "None", "SOURCE_ADDRESS": "120 HOWLAND AVE ", "SCHOOL_TYPE_DESC": "Private", "ADDRESS_POINT_ID": 822810, "ADDRESS_NUMBER": "120", "LINEAR_NAME_FULL": "Howland Ave", "ADDRESS_FULL": "120 Howland Ave", "POSTAL_CODE": "M5R 3B5", "MUNICIPALITY": "TO", "CITY": "TO", "PLACE_NAME": "Royal St. George's College", "GENERAL_USE_CODE": 115001, "CENTRELINE_ID": 14661556, "LO_NUM": 120, "LO_NUM_SUF": "None", "HI_NUM": null, "HI_NUM_SUF": "None", "LINEAR_NAME_ID": 3704.0 }, "geometry": { "type": "MultiPoint", "coordinates": [ [ -79.410514314734598, 43.669339056938902 ] ] } },
{ "type": "Feature", "properties": { "_id": 774, "OBJECTID": 873, "GEO_ID": 822810.0, "NAME": "ROYAL ST GEORGES COLLEGE SCHOOL - SEE HOUSE", "SCHOOL_LEVEL": "None", "SCHOOL_TYPE": "PR", "BOARD_NAME": "None", "SOURCE_ADDRESS": "120 HOWLAND AVE ", "SCHOOL_TYPE_DESC": "Private", "ADDRESS_POINT_ID": 822810, "ADDRESS_NUMBER": "120", "LINEAR_NAME_FULL": "Howland Ave", "ADDRESS_FULL": "120 Howland Ave", "POSTAL_CODE": "M5R 3B5", "MUNICIPALITY": "TO", "CITY": "TO", "PLACE_NAME": "Royal St. George's College", "GENERAL_USE_CODE": 115001, "CENTRELINE_ID": 14661556, "LO_NUM": 120, "LO_NUM_SUF": "None", "HI_NUM": null, "HI_NUM_SUF": "None", "LINEAR_NAME_ID": 3704.0 }, "geometry": { "type": "MultiPoint", "coordinates": [ [ -79.410514314734598, 43.669339056938902 ] ] } },
{ "type": "Feature", "properties": { "_id": 775, "OBJECTID": 874, "GEO_ID": 822800.0, "NAME": "ROYAL ST GEORGE'S COLLEGE- SR SCHOOL", "SCHOOL_LEVEL": "None", "SCHOOL_TYPE": "PR", "BOARD_NAME": "None", "SOURCE_ADDRESS": "100 HOWLAND AVE ", "SCHOOL_TYPE_DESC": "Private", "ADDRESS_POINT_ID": 822800, "ADDRESS_NUMBER": "100", "LINEAR_NAME_FULL": "Howland Ave", "ADDRESS_FULL": "100 Howland Ave", "POSTAL_CODE": "M5R 3B5", "MUNICIPALITY": "TO", "CITY": "TO", "PLACE_NAME": "St Alban Anglican Church", "GENERAL_USE_CODE": 115001, "CENTRELINE_ID": 30082800, "LO_NUM": 100, "LO_NUM_SUF": "None", "HI_NUM": null, "HI_NUM_SUF": "None", "LINEAR_NAME_ID": 3704.0 }, "geometry": { "type": "MultiPoint", "coordinates": [ [ -79.410257510742795, 43.6689998744924 ] ] } },
{ "type": "Feature", "properties": { "_id": 776, "OBJECTID": 875, "GEO_ID": 6739507.0, "NAME": "ROYWOOD PUBLIC SCHOOL", "SCHOOL_LEVEL": "None", "SCHOOL_TYPE": "EP", "BOARD_NAME": "Toronto District School Board", "SOURCE_ADDRESS": "11 ROYWOOD DR ", "SCHOOL_TYPE_DESC": "English Public", "ADDRESS_POINT_ID": 6739507, "ADDRESS_NUMBER": "11", "LINEAR_NAME_FULL": "Roywood Dr", "ADDRESS_FULL": "11 Roywood Dr", "POSTAL_CODE": "M3A 2C7", "MUNICIPALITY": "NY", "CITY": "NY", "PLACE_NAME": "Roywood Public School", "GENERAL_USE_CODE": 115001, "CENTRELINE_ID": 6739504, "LO_NUM": 11, "LO_NUM_SUF": "None", "HI_NUM": null, "HI_NUM_SUF": "None", "LINEAR_NAME_ID": 6599.0 }, "geometry": { "type": "MultiPoint", "coordinates": [ [ -79.321773178362506, 43.764724073321602 ] ] } },
{ "type": "Feature", "properties": { "_id": 777, "OBJECTID": 876, "GEO_ID": 64159.0, "NAME": "RUNNYMEDE COLLEGIATE & MOUNTVIEW ALTERNATIVE", "SCHOOL_LEVEL": "None", "SCHOOL_TYPE": "EP", "BOARD_NAME": "Toronto District School Board", "SOURCE_ADDRESS": "569 JANE ST ", "SCHOOL_TYPE_DESC": "English Public", "ADDRESS_POINT_ID": 64159, "ADDRESS_NUMBER": "569", "LINEAR_NAME_FULL": "Jane St", "ADDRESS_FULL": "569 Jane St", "POSTAL_CODE": "M6S 4A3", "MUNICIPALITY": "YK", "CITY": "YK", "PLACE_NAME": "Runnymede Collegiate Institute", "GENERAL_USE_CODE": 115001, "CENTRELINE_ID": 9402, "LO_NUM": 569, "LO_NUM_SUF": "None", "HI_NUM": null, "HI_NUM_SUF": "None", "LINEAR_NAME_ID": 694.0 }, "geometry": { "type": "MultiPoint", "coordinates": [ [ -79.489811382524096, 43.663532265494801 ] ] } },
{ "type": "Feature", "properties": { "_id": 778, "OBJECTID": 877, "GEO_ID": 7973683.0, "NAME": "RUNNYMEDE JR & SR PUBLIC SCHOOL", "SCHOOL_LEVEL": "None", "SCHOOL_TYPE": "EP", "BOARD_NAME": "Toronto District School Board", "SOURCE_ADDRESS": "357 RUNNYMEDE RD ", "SCHOOL_TYPE_DESC": "English Public", "ADDRESS_POINT_ID": 7973683, "ADDRESS_NUMBER": "357", "LINEAR_NAME_FULL": "Runnymede Rd", "ADDRESS_FULL": "357 Runnymede Rd", "POSTAL_CODE": "M6S 2Y7", "MUNICIPALITY": "TO", "CITY": "TO", "PLACE_NAME": "Runnymede Junior and Senior Public School", "GENERAL_USE_CODE": 115001, "CENTRELINE_ID": 7973682, "LO_NUM": 357, "LO_NUM_SUF": "None", "HI_NUM": null, "HI_NUM_SUF": "None", "LINEAR_NAME_ID": 866.0 }, "geometry": { "type": "MultiPoint", "coordinates": [ [ -79.477481713339301, 43.655929305580102 ] ] } },
{ "type": "Feature", "properties": { "_id": 779, "OBJECTID": 878, "GEO_ID": 30013530.0, "NAME": "RUTHERFORD PRIVATE SCHOOL AND DAYCARE", "SCHOOL_LEVEL": "None", "SCHOOL_TYPE": "PR", "BOARD_NAME": "None", "SOURCE_ADDRESS": "4789 YONGE ST ", "SCHOOL_TYPE_DESC": "Private", "ADDRESS_POINT_ID": 30013530, "ADDRESS_NUMBER": "4789", "LINEAR_NAME_FULL": "Yonge St", "ADDRESS_FULL": "4789 Yonge St", "POSTAL_CODE": "M2N 0G3", "MUNICIPALITY": "NY", "CITY": "NY", "PLACE_NAME": "None", "GENERAL_USE_CODE": 115001, "CENTRELINE_ID": 9065947, "LO_NUM": 4789, "LO_NUM_SUF": "None", "HI_NUM": null, "HI_NUM_SUF": "None", "LINEAR_NAME_ID": 4733.0 }, "geometry": { "type": "MultiPoint", "coordinates": [ [ -79.410160491349501, 43.761337470034199 ] ] } },
{ "type": "Feature", "properties": { "_id": 780, "OBJECTID": 879, "GEO_ID": 10560819.0, "NAME": "RYERSON COMMUNITY SCHOOL & DOWNTOWN VOCAL MUSIC ACADEMY", "SCHOOL_LEVEL": "None", "SCHOOL_TYPE": "EP", "BOARD_NAME": "Toronto District School Board", "SOURCE_ADDRESS": "96 DENISON AVE ", "SCHOOL_TYPE_DESC": "English Public", "ADDRESS_POINT_ID": 10560819, "ADDRESS_NUMBER": "96", "LINEAR_NAME_FULL": "Denison Ave", "ADDRESS_FULL": "96 Denison Ave", "POSTAL_CODE": "M5T 1E4", "MUNICIPALITY": "TO", "CITY": "TO", "PLACE_NAME": "Ryerson Community School", "GENERAL_USE_CODE": 115001, "CENTRELINE_ID": 10560820, "LO_NUM": 96, "LO_NUM_SUF": "None", "HI_NUM": null, "HI_NUM_SUF": "None", "LINEAR_NAME_ID": 3287.0 }, "geometry": { "type": "MultiPoint", "coordinates": [ [ -79.402379726844799, 43.651281705449598 ] ] } },
{ "type": "Feature", "properties": { "_id": 781, "OBJECTID": 880, "GEO_ID": 363296.0, "NAME": "S/E YEAR ROUND ALTERNATIVE & SCARBOROUGH CENTRE", "SCHOOL_LEVEL": "None", "SCHOOL_TYPE": "EP", "BOARD_NAME": "Toronto District School Board", "SOURCE_ADDRESS": "720 MIDLAND AVE ", "SCHOOL_TYPE_DESC": "English Public", "ADDRESS_POINT_ID": 363296, "ADDRESS_NUMBER": "720", "LINEAR_NAME_FULL": "Midland Ave", "ADDRESS_FULL": "720 Midland Ave", "POSTAL_CODE": "M1K 4C9", "MUNICIPALITY": "SC", "CITY": "SC", "PLACE_NAME": "Scarborough Centre for Alternative Studies", "GENERAL_USE_CODE": 115001, "CENTRELINE_ID": 111524, "LO_NUM": 720, "LO_NUM_SUF": "None", "HI_NUM": null, "HI_NUM_SUF": "None", "LINEAR_NAME_ID": 8496.0 }, "geometry": { "type": "MultiPoint", "coordinates": [ [ -79.256586686331801, 43.7283605174473 ] ] } },
{ "type": "Feature", "properties": { "_id": 782, "OBJECTID": 881, "GEO_ID": 30024678.0, "NAME": "SACRE COEUR CATHOLIC ELEMENTARY SCHOOL", "SCHOOL_LEVEL": "None", "SCHOOL_TYPE": "FS", "BOARD_NAME": "Conseil scolaire de district catholique Centre-Sud", "SOURCE_ADDRESS": "98 ESSEX ST ", "SCHOOL_TYPE_DESC": "French Separate", "ADDRESS_POINT_ID": 30024678, "ADDRESS_NUMBER": "98", "LINEAR_NAME_FULL": "Essex St", "ADDRESS_FULL": "98 Essex St", "POSTAL_CODE": "M6G 1T3", "MUNICIPALITY": "TO", "CITY": "TO", "PLACE_NAME": "Sacre Coeur Catholic Elementary School", "GENERAL_USE_CODE": 115001, "CENTRELINE_ID": 14012280, "LO_NUM": 98, "LO_NUM_SUF": "None", "HI_NUM": null, "HI_NUM_SUF": "None", "LINEAR_NAME_ID": 3408.0 }, "geometry": { "type": "MultiPoint", "coordinates": [ [ -79.424213406634607, 43.667857556286002 ] ] } },
{ "type": "Feature", "properties": { "_id": 783, "OBJECTID": 882, "GEO_ID": 6947396.0, "NAME": "SACRED HEART CATHOLIC ELEMENTARY SCHOOL", "SCHOOL_LEVEL": "None", "SCHOOL_TYPE": "ES", "BOARD_NAME": "Toronto Catholic District School Board", "SOURCE_ADDRESS": "75 HUPFIELD TRL ", "SCHOOL_TYPE_DESC": "English Separate", "ADDRESS_POINT_ID": 6947396, "ADDRESS_NUMBER": "75", "LINEAR_NAME_FULL": "Hupfield Trl", "ADDRESS_FULL": "75 Hupfield Trl", "POSTAL_CODE": "M1B 4S3", "MUNICIPALITY": "SC", "CITY": "SC", "PLACE_NAME": "Sacred Heart Catholic School", "GENERAL_USE_CODE": 115001, "CENTRELINE_ID": 6947395, "LO_NUM": 75, "LO_NUM_SUF": "None", "HI_NUM": null, "HI_NUM_SUF": "None", "LINEAR_NAME_ID": 11329.0 }, "geometry": { "type": "MultiPoint", "coordinates": [ [ -79.220144004356797, 43.812183999368401 ] ] } },
{ "type": "Feature", "properties": { "_id": 784, "OBJECTID": 883, "GEO_ID": 8791751.0, "NAME": "SAINT FRERE ANDRE SECONDARY SCHOOL", "SCHOOL_LEVEL": "None", "SCHOOL_TYPE": "FS", "BOARD_NAME": "Conseil scolaire de district catholique Centre-Sud", "SOURCE_ADDRESS": "330 LANSDOWNE AVE", "SCHOOL_TYPE_DESC": "French Separate", "ADDRESS_POINT_ID": 8791751, "ADDRESS_NUMBER": "330", "LINEAR_NAME_FULL": "Lansdowne Ave", "ADDRESS_FULL": "330 Lansdowne Ave", "POSTAL_CODE": "M6H 3Y1", "MUNICIPALITY": "TO", "CITY": "TO", "PLACE_NAME": "Ecole Secondaire Toronto Ouest", "GENERAL_USE_CODE": 115001, "CENTRELINE_ID": 30102548, "LO_NUM": 330, "LO_NUM_SUF": "None", "HI_NUM": null, "HI_NUM_SUF": "None", "LINEAR_NAME_ID": 3814.0 }, "geometry": { "type": "MultiPoint", "coordinates": [ [ -79.441235424650202, 43.652383630341802 ] ] } },
{ "type": "Feature", "properties": { "_id": 785, "OBJECTID": 884, "GEO_ID": 2863419.0, "NAME": "SALAHEDDIN ISLAMIC SCHOOL", "SCHOOL_LEVEL": "None", "SCHOOL_TYPE": "PR", "BOARD_NAME": "None", "SOURCE_ADDRESS": "741 KENNEDY RD ", "SCHOOL_TYPE_DESC": "Private", "ADDRESS_POINT_ID": 2863419, "ADDRESS_NUMBER": "741", "LINEAR_NAME_FULL": "Kennedy Rd", "ADDRESS_FULL": "741 Kennedy Rd", "POSTAL_CODE": "M1K 2C6", "MUNICIPALITY": "SC", "CITY": "SC", "PLACE_NAME": "None", "GENERAL_USE_CODE": 115001, "CENTRELINE_ID": 2863415, "LO_NUM": 741, "LO_NUM_SUF": "None", "HI_NUM": null, "HI_NUM_SUF": "None", "LINEAR_NAME_ID": 8224.0 }, "geometry": { "type": "MultiPoint", "coordinates": [ [ -79.2660025416168, 43.730887699704098 ] ] } },
{ "type": "Feature", "properties": { "_id": 786, "OBJECTID": 885, "GEO_ID": 5386857.0, "NAME": "SAMUEL HEARNE MDL SCHOOL ", "SCHOOL_LEVEL": "None", "SCHOOL_TYPE": "EP", "BOARD_NAME": "Toronto District School Board", "SOURCE_ADDRESS": "21 NEWPORT AVE ", "SCHOOL_TYPE_DESC": "English Public", "ADDRESS_POINT_ID": 5386857, "ADDRESS_NUMBER": "21", "LINEAR_NAME_FULL": "Newport Ave", "ADDRESS_FULL": "21 Newport Ave", "POSTAL_CODE": "M1L 4N7", "MUNICIPALITY": "SC", "CITY": "SC", "PLACE_NAME": "Samuel Hearne Middle School", "GENERAL_USE_CODE": 115001, "CENTRELINE_ID": 112878, "LO_NUM": 21, "LO_NUM_SUF": "None", "HI_NUM": null, "HI_NUM_SUF": "None", "LINEAR_NAME_ID": 8586.0 }, "geometry": { "type": "MultiPoint", "coordinates": [ [ -79.283479957464806, 43.695005624156401 ] ] } },
{ "type": "Feature", "properties": { "_id": 787, "OBJECTID": 886, "GEO_ID": 6495082.0, "NAME": "SANTA MARIA CATHOLIC ELEMENTARY SCHOOL", "SCHOOL_LEVEL": "None", "SCHOOL_TYPE": "ES", "BOARD_NAME": "Toronto Catholic District School Board", "SOURCE_ADDRESS": "25 AVON AVE ", "SCHOOL_TYPE_DESC": "English Separate", "ADDRESS_POINT_ID": 6495082, "ADDRESS_NUMBER": "25", "LINEAR_NAME_FULL": "Avon Ave", "ADDRESS_FULL": "25 Avon Ave", "POSTAL_CODE": "M6N 4X8", "MUNICIPALITY": "YK", "CITY": "YK", "PLACE_NAME": "Santa Maria Catholic School", "GENERAL_USE_CODE": 115001, "CENTRELINE_ID": 14662434, "LO_NUM": 25, "LO_NUM_SUF": "None", "HI_NUM": null, "HI_NUM_SUF": "None", "LINEAR_NAME_ID": 421.0 }, "geometry": { "type": "MultiPoint", "coordinates": [ [ -79.477451584346994, 43.681541969503002 ] ] } },
{ "type": "Feature", "properties": { "_id": 788, "OBJECTID": 887, "GEO_ID": 2375151.0, "NAME": "SATEC AT W A PORTER COLLEGIATE INSTITUTE", "SCHOOL_LEVEL": "None", "SCHOOL_TYPE": "EP", "BOARD_NAME": "Toronto District School Board", "SOURCE_ADDRESS": "40 FAIRFAX CRES ", "SCHOOL_TYPE_DESC": "English Public", "ADDRESS_POINT_ID": 2375151, "ADDRESS_NUMBER": "40", "LINEAR_NAME_FULL": "Fairfax Cres", "ADDRESS_FULL": "40 Fairfax Cres", "POSTAL_CODE": "M1L 1Z9", "MUNICIPALITY": "SC", "CITY": "SC", "PLACE_NAME": "SATEC @ WA Porter Collegiate Institute", "GENERAL_USE_CODE": 115001, "CENTRELINE_ID": 30059892, "LO_NUM": 40, "LO_NUM_SUF": "None", "HI_NUM": null, "HI_NUM_SUF": "None", "LINEAR_NAME_ID": 7865.0 }, "geometry": { "type": "MultiPoint", "coordinates": [ [ -79.287269516428694, 43.7165934572119 ] ] } },
{ "type": "Feature", "properties": { "_id": 789, "OBJECTID": 888, "GEO_ID": 9779416.0, "NAME": "SATHYA SAI ELEMENTARY SCHOOL", "SCHOOL_LEVEL": "None", "SCHOOL_TYPE": "PR", "BOARD_NAME": "None", "SOURCE_ADDRESS": "451 ELLESMERE RD ", "SCHOOL_TYPE_DESC": "Private", "ADDRESS_POINT_ID": 9779416, "ADDRESS_NUMBER": "451", "LINEAR_NAME_FULL": "Ellesmere Rd", "ADDRESS_FULL": "451 Ellesmere Rd", "POSTAL_CODE": "M1R 4E5", "MUNICIPALITY": "SC", "CITY": "SC", "PLACE_NAME": "None", "GENERAL_USE_CODE": 115001, "CENTRELINE_ID": 30101335, "LO_NUM": 451, "LO_NUM_SUF": "None", "HI_NUM": null, "HI_NUM_SUF": "None", "LINEAR_NAME_ID": 7835.0 }, "geometry": { "type": "MultiPoint", "coordinates": [ [ -79.2963726971157, 43.7615025698396 ] ] } },
{ "type": "Feature", "properties": { "_id": 790, "OBJECTID": 889, "GEO_ID": 13515947.0, "NAME": "SCARBOROUGH VILLAGE PUBLIC SCHOOL", "SCHOOL_LEVEL": "None", "SCHOOL_TYPE": "EP", "BOARD_NAME": "Toronto District School Board", "SOURCE_ADDRESS": "15 LUELLA ST ", "SCHOOL_TYPE_DESC": "English Public", "ADDRESS_POINT_ID": 13515947, "ADDRESS_NUMBER": "15", "LINEAR_NAME_FULL": "Luella St", "ADDRESS_FULL": "15 Luella St", "POSTAL_CODE": "M1J 3P2", "MUNICIPALITY": "SC", "CITY": "SC", "PLACE_NAME": "Scarborough Village Public School", "GENERAL_USE_CODE": 115001, "CENTRELINE_ID": 110352, "LO_NUM": 15, "LO_NUM_SUF": "None", "HI_NUM": null, "HI_NUM_SUF": "None", "LINEAR_NAME_ID": 8372.0 }, "geometry": { "type": "MultiPoint", "coordinates": [ [ -79.222071793863606, 43.744119362296303 ] ] } },
{ "type": "Feature", "properties": { "_id": 791, "OBJECTID": 890, "GEO_ID": 873404.0, "NAME": "SCHOOL OF CONTINUING STUDIES - U OF T, BLDG 103", "SCHOOL_LEVEL": "None", "SCHOOL_TYPE": "U", "BOARD_NAME": "None", "SOURCE_ADDRESS": "158 ST GEORGE ST ", "SCHOOL_TYPE_DESC": "University", "ADDRESS_POINT_ID": 873404, "ADDRESS_NUMBER": "158", "LINEAR_NAME_FULL": "St George St", "ADDRESS_FULL": "158 St George St", "POSTAL_CODE": "M5S 2V8", "MUNICIPALITY": "TO", "CITY": "TO", "PLACE_NAME": "None", "GENERAL_USE_CODE": 115001, "CENTRELINE_ID": 30115388, "LO_NUM": 158, "LO_NUM_SUF": "None", "HI_NUM": null, "HI_NUM_SUF": "None", "LINEAR_NAME_ID": 9786.0 }, "geometry": { "type": "MultiPoint", "coordinates": [ [ -79.399983862344797, 43.666711624733402 ] ] } },
{ "type": "Feature", "properties": { "_id": 792, "OBJECTID": 891, "GEO_ID": 9980628.0, "NAME": "SCHOOL OF EXPERIENTIAL EDUCATION", "SCHOOL_LEVEL": "None", "SCHOOL_TYPE": "EP", "BOARD_NAME": "Toronto District School Board", "SOURCE_ADDRESS": "40 MCARTHUR ST ", "SCHOOL_TYPE_DESC": "English Public", "ADDRESS_POINT_ID": 9980628, "ADDRESS_NUMBER": "40", "LINEAR_NAME_FULL": "McArthur St", "ADDRESS_FULL": "40 McArthur St", "POSTAL_CODE": "M9P 3M7", "MUNICIPALITY": "ET", "CITY": "ET", "PLACE_NAME": "School of Experiential Education", "GENERAL_USE_CODE": 115001, "CENTRELINE_ID": 30108084, "LO_NUM": 40, "LO_NUM_SUF": "None", "HI_NUM": null, "HI_NUM_SUF": "None", "LINEAR_NAME_ID": 2079.0 }, "geometry": { "type": "MultiPoint", "coordinates": [ [ -79.546390975058699, 43.701635024978899 ] ] } },
{ "type": "Feature", "properties": { "_id": 793, "OBJECTID": 892, "GEO_ID": 11227032.0, "NAME": "SCHOOL OF GRADUATE STUDIES - U OF T, BLDG 43", "SCHOOL_LEVEL": "None", "SCHOOL_TYPE": "U", "BOARD_NAME": "None", "SOURCE_ADDRESS": "65 ST GEORGE ST ", "SCHOOL_TYPE_DESC": "University", "ADDRESS_POINT_ID": 11227032, "ADDRESS_NUMBER": "65", "LINEAR_NAME_FULL": "St George St", "ADDRESS_FULL": "65 St George St", "POSTAL_CODE": "M5S 2E5", "MUNICIPALITY": "TO", "CITY": "TO", "PLACE_NAME": "None", "GENERAL_USE_CODE": 115001, "CENTRELINE_ID": 11227023, "LO_NUM": 65, "LO_NUM_SUF": "None", "HI_NUM": null, "HI_NUM_SUF": "None", "LINEAR_NAME_ID": 9786.0 }, "geometry": { "type": "MultiPoint", "coordinates": [ [ -79.397243884939499, 43.662019443221702 ] ] } },
{ "type": "Feature", "properties": { "_id": 794, "OBJECTID": 893, "GEO_ID": 7389731.0, "NAME": "SECOND STREET JR MDL SCHOOL", "SCHOOL_LEVEL": "None", "SCHOOL_TYPE": "EP", "BOARD_NAME": "Toronto District School Board", "SOURCE_ADDRESS": "71 SECOND ST ", "SCHOOL_TYPE_DESC": "English Public", "ADDRESS_POINT_ID": 7389731, "ADDRESS_NUMBER": "71", "LINEAR_NAME_FULL": "Second St", "ADDRESS_FULL": "71 Second St", "POSTAL_CODE": "M8V 2X4", "MUNICIPALITY": "ET", "CITY": "ET", "PLACE_NAME": "Second Street Junior Middle School", "GENERAL_USE_CODE": 115001, "CENTRELINE_ID": 7389724, "LO_NUM": 71, "LO_NUM_SUF": "None", "HI_NUM": null, "HI_NUM_SUF": "None", "LINEAR_NAME_ID": 2447.0 }, "geometry": { "type": "MultiPoint", "coordinates": [ [ -79.500022903499897, 43.603725077660698 ] ] } },
{ "type": "Feature", "properties": { "_id": 795, "OBJECTID": 894, "GEO_ID": 10363878.0, "NAME": "SECORD ELEMENTARY SCHOOL ", "SCHOOL_LEVEL": "None", "SCHOOL_TYPE": "EP", "BOARD_NAME": "Toronto District School Board", "SOURCE_ADDRESS": "101 BARRINGTON AVE ", "SCHOOL_TYPE_DESC": "English Public", "ADDRESS_POINT_ID": 10363878, "ADDRESS_NUMBER": "101", "LINEAR_NAME_FULL": "Barrington Ave", "ADDRESS_FULL": "101 Barrington Ave", "POSTAL_CODE": "M4C 4Y9", "MUNICIPALITY": "EY", "CITY": "EY", "PLACE_NAME": "Secord Elementary School", "GENERAL_USE_CODE": 115001, "CENTRELINE_ID": 10363876, "LO_NUM": 101, "LO_NUM_SUF": "None", "HI_NUM": null, "HI_NUM_SUF": "None", "LINEAR_NAME_ID": 21.0 }, "geometry": { "type": "MultiPoint", "coordinates": [ [ -79.301831243315306, 43.6923788956395 ] ] } },
{ "type": "Feature", "properties": { "_id": 796, "OBJECTID": 895, "GEO_ID": 7576864.0, "NAME": "SEED ALTERNATIVE SCHOOL", "SCHOOL_LEVEL": "None", "SCHOOL_TYPE": "EP", "BOARD_NAME": "Toronto District School Board", "SOURCE_ADDRESS": "885 DUNDAS ST E", "SCHOOL_TYPE_DESC": "English Public", "ADDRESS_POINT_ID": 7576864, "ADDRESS_NUMBER": "885", "LINEAR_NAME_FULL": "Dundas St E", "ADDRESS_FULL": "885 Dundas St E", "POSTAL_CODE": "M4M 1R4", "MUNICIPALITY": "TO", "CITY": "TO", "PLACE_NAME": "None", "GENERAL_USE_CODE": 115001, "CENTRELINE_ID": 14047336, "LO_NUM": 885, "LO_NUM_SUF": "None", "HI_NUM": null, "HI_NUM_SUF": "None", "LINEAR_NAME_ID": 3334.0 }, "geometry": { "type": "MultiPoint", "coordinates": [ [ -79.3503749917097, 43.662272111951701 ] ] } },
{ "type": "Feature", "properties": { "_id": 797, "OBJECTID": 896, "GEO_ID": 9694433.0, "NAME": "SEERAH MISSION SCHOOL", "SCHOOL_LEVEL": "None", "SCHOOL_TYPE": "PR", "BOARD_NAME": "None", "SOURCE_ADDRESS": "43 RAILSIDE RD ", "SCHOOL_TYPE_DESC": "Private", "ADDRESS_POINT_ID": 9694433, "ADDRESS_NUMBER": "43", "LINEAR_NAME_FULL": "Railside Rd", "ADDRESS_FULL": "43 Railside Rd", "POSTAL_CODE": "M3A 3L9", "MUNICIPALITY": "NY", "CITY": "NY", "PLACE_NAME": "None", "GENERAL_USE_CODE": 115001, "CENTRELINE_ID": 9694426, "LO_NUM": 43, "LO_NUM_SUF": "None", "HI_NUM": null, "HI_NUM_SUF": "None", "LINEAR_NAME_ID": 6491.0 }, "geometry": { "type": "MultiPoint", "coordinates": [ [ -79.320584548425998, 43.738465598302398 ] ] } },
{ "type": "Feature", "properties": { "_id": 798, "OBJECTID": 897, "GEO_ID": 3259532.0, "NAME": "SELWYN ELEMENTARY SCHOOL", "SCHOOL_LEVEL": "None", "SCHOOL_TYPE": "EP", "BOARD_NAME": "Toronto District School Board", "SOURCE_ADDRESS": "1 SELWYN AVE ", "SCHOOL_TYPE_DESC": "English Public", "ADDRESS_POINT_ID": 3259532, "ADDRESS_NUMBER": "1", "LINEAR_NAME_FULL": "Selwyn Ave", "ADDRESS_FULL": "1 Selwyn Ave", "POSTAL_CODE": "M4B 3J9", "MUNICIPALITY": "EY", "CITY": "EY", "PLACE_NAME": "Selwyn Elementary School", "GENERAL_USE_CODE": 115001, "CENTRELINE_ID": 3259533, "LO_NUM": 1, "LO_NUM_SUF": "None", "HI_NUM": null, "HI_NUM_SUF": "None", "LINEAR_NAME_ID": 325.0 }, "geometry": { "type": "MultiPoint", "coordinates": [ [ -79.306325943317205, 43.708439652870197 ] ] } },
{ "type": "Feature", "properties": { "_id": 799, "OBJECTID": 898, "GEO_ID": 20040514.0, "NAME": "SENATOR O'CONNOR COLLEGE SCHOOL", "SCHOOL_LEVEL": "None", "SCHOOL_TYPE": "ES", "BOARD_NAME": "Toronto Catholic District School Board", "SOURCE_ADDRESS": "60 ROWENA DR ", "SCHOOL_TYPE_DESC": "English Separate", "ADDRESS_POINT_ID": 20040514, "ADDRESS_NUMBER": "60", "LINEAR_NAME_FULL": "Rowena Dr", "ADDRESS_FULL": "60 Rowena Dr", "POSTAL_CODE": "M3A 3R2", "MUNICIPALITY": "NY", "CITY": "NY", "PLACE_NAME": "Senator O'Connor College", "GENERAL_USE_CODE": 115001, "CENTRELINE_ID": 30099519, "LO_NUM": 60, "LO_NUM_SUF": "None", "HI_NUM": null, "HI_NUM_SUF": "None", "LINEAR_NAME_ID": 6593.0 }, "geometry": { "type": "MultiPoint", "coordinates": [ [ -79.317368545862607, 43.750827267638698 ] ] } },
{ "type": "Feature", "properties": { "_id": 800, "OBJECTID": 899, "GEO_ID": 20092290.0, "NAME": "SENECA COLLEGE (JANE CAMPUS)", "SCHOOL_LEVEL": "None", "SCHOOL_TYPE": "C", "BOARD_NAME": "None", "SOURCE_ADDRESS": "21 BEVERLY HILLS DR ", "SCHOOL_TYPE_DESC": "College", "ADDRESS_POINT_ID": 20092290, "ADDRESS_NUMBER": "21", "LINEAR_NAME_FULL": "Beverly Hills Dr", "ADDRESS_FULL": "21 Beverly Hills Dr", "POSTAL_CODE": "M3L 1A2", "MUNICIPALITY": "NY", "CITY": "NY", "PLACE_NAME": "None", "GENERAL_USE_CODE": 115001, "CENTRELINE_ID": 10145179, "LO_NUM": 21, "LO_NUM_SUF": "None", "HI_NUM": null, "HI_NUM_SUF": "None", "LINEAR_NAME_ID": 4949.0 }, "geometry": { "type": "MultiPoint", "coordinates": [ [ -79.509875326040401, 43.7182729620827 ] ] } },
{ "type": "Feature", "properties": { "_id": 801, "OBJECTID": 900, "GEO_ID": 515776.0, "NAME": "SENECA COLLEGE (NEWNHAM CAMPUS)", "SCHOOL_LEVEL": "None", "SCHOOL_TYPE": "C", "BOARD_NAME": "None", "SOURCE_ADDRESS": "1750 FINCH AVE E", "SCHOOL_TYPE_DESC": "College", "ADDRESS_POINT_ID": 515776, "ADDRESS_NUMBER": "1750", "LINEAR_NAME_FULL": "Finch Ave E", "ADDRESS_FULL": "1750 Finch Ave E", "POSTAL_CODE": "M2J 2X5", "MUNICIPALITY": "NY", "CITY": "NY", "PLACE_NAME": "None", "GENERAL_USE_CODE": 115001, "CENTRELINE_ID": 436731, "LO_NUM": 1750, "LO_NUM_SUF": "None", "HI_NUM": null, "HI_NUM_SUF": "None", "LINEAR_NAME_ID": 5589.0 }, "geometry": { "type": "MultiPoint", "coordinates": [ [ -79.348987644264099, 43.795780807635801 ] ] } },
{ "type": "Feature", "properties": { "_id": 802, "OBJECTID": 901, "GEO_ID": 14051471.0, "NAME": "SENECA COLLEGE (SENECA AT YORK CAMPUS)", "SCHOOL_LEVEL": "None", "SCHOOL_TYPE": "C", "BOARD_NAME": "None", "SOURCE_ADDRESS": "70 THE POND RD ", "SCHOOL_TYPE_DESC": "College", "ADDRESS_POINT_ID": 14051471, "ADDRESS_NUMBER": "70", "LINEAR_NAME_FULL": "The Pond Rd", "ADDRESS_FULL": "70 The Pond Rd", "POSTAL_CODE": "M3J 3M6", "MUNICIPALITY": "NY", "CITY": "NY", "PLACE_NAME": "York University-Seneca College", "GENERAL_USE_CODE": 115001, "CENTRELINE_ID": 20058479, "LO_NUM": 70, "LO_NUM_SUF": "None", "HI_NUM": null, "HI_NUM_SUF": "None", "LINEAR_NAME_ID": 11174.0 }, "geometry": { "type": "MultiPoint", "coordinates": [ [ -79.498854278760007, 43.771274895976603 ] ] } },
{ "type": "Feature", "properties": { "_id": 803, "OBJECTID": 902, "GEO_ID": 11297202.0, "NAME": "SENECA COLLEGE (YORKGATE CAMPUS) ", "SCHOOL_LEVEL": "None", "SCHOOL_TYPE": "C", "BOARD_NAME": "None", "SOURCE_ADDRESS": "1 YORK GATE BLVD ", "SCHOOL_TYPE_DESC": "College", "ADDRESS_POINT_ID": 11297202, "ADDRESS_NUMBER": "1", "LINEAR_NAME_FULL": "York Gate Blvd", "ADDRESS_FULL": "1 York Gate Blvd", "POSTAL_CODE": "M3N 3A1", "MUNICIPALITY": "NY", "CITY": "NY", "PLACE_NAME": "None", "GENERAL_USE_CODE": 115001, "CENTRELINE_ID": 30020932, "LO_NUM": 1, "LO_NUM_SUF": "None", "HI_NUM": null, "HI_NUM_SUF": "None", "LINEAR_NAME_ID": 7143.0 }, "geometry": { "type": "MultiPoint", "coordinates": [ [ -79.519439349330895, 43.758498548546001 ] ] } },
{ "type": "Feature", "properties": { "_id": 804, "OBJECTID": 903, "GEO_ID": 548155.0, "NAME": "SENECA HILL PRIVATE SCHOOL", "SCHOOL_LEVEL": "None", "SCHOOL_TYPE": "PR", "BOARD_NAME": "None", "SOURCE_ADDRESS": "33 OVERLAND DR ", "SCHOOL_TYPE_DESC": "Private", "ADDRESS_POINT_ID": 548155, "ADDRESS_NUMBER": "33", "LINEAR_NAME_FULL": "Overland Dr", "ADDRESS_FULL": "33 Overland Dr", "POSTAL_CODE": "M3C 2C3", "MUNICIPALITY": "NY", "CITY": "NY", "PLACE_NAME": "Church Of The Ascencion", "GENERAL_USE_CODE": 115001, "CENTRELINE_ID": 443296, "LO_NUM": 33, "LO_NUM_SUF": "None", "HI_NUM": null, "HI_NUM_SUF": "None", "LINEAR_NAME_ID": 6354.0 }, "geometry": { "type": "MultiPoint", "coordinates": [ [ -79.347458513146194, 43.7320689264007 ] ] } },
{ "type": "Feature", "properties": { "_id": 805, "OBJECTID": 904, "GEO_ID": 560551.0, "NAME": "SENECA HILL PUBLIC SCHOOL", "SCHOOL_LEVEL": "None", "SCHOOL_TYPE": "EP", "BOARD_NAME": "Toronto District School Board", "SOURCE_ADDRESS": "625 SENECA HILL DR ", "SCHOOL_TYPE_DESC": "English Public", "ADDRESS_POINT_ID": 560551, "ADDRESS_NUMBER": "625", "LINEAR_NAME_FULL": "Seneca Hill Dr", "ADDRESS_FULL": "625 Seneca Hill Dr", "POSTAL_CODE": "M2J 2W6", "MUNICIPALITY": "NY", "CITY": "NY", "PLACE_NAME": "Seneca Hill Public School", "GENERAL_USE_CODE": 115001, "CENTRELINE_ID": 436927, "LO_NUM": 625, "LO_NUM_SUF": "None", "HI_NUM": null, "HI_NUM_SUF": "None", "LINEAR_NAME_ID": 6676.0 }, "geometry": { "type": "MultiPoint", "coordinates": [ [ -79.350296987285702, 43.790870422335502 ] ] } },
{ "type": "Feature", "properties": { "_id": 806, "OBJECTID": 905, "GEO_ID": 6733591.0, "NAME": "SENECA SCHOOL", "SCHOOL_LEVEL": "None", "SCHOOL_TYPE": "EP", "BOARD_NAME": "Toronto District School Board", "SOURCE_ADDRESS": "580 RATHBURN RD ", "SCHOOL_TYPE_DESC": "English Public", "ADDRESS_POINT_ID": 6733591, "ADDRESS_NUMBER": "580", "LINEAR_NAME_FULL": "Rathburn Rd", "ADDRESS_FULL": "580 Rathburn Rd", "POSTAL_CODE": "M9C 3T3", "MUNICIPALITY": "ET", "CITY": "ET", "PLACE_NAME": "Seneca School", "GENERAL_USE_CODE": 115001, "CENTRELINE_ID": 6733590, "LO_NUM": 580, "LO_NUM_SUF": "None", "HI_NUM": null, "HI_NUM_SUF": "None", "LINEAR_NAME_ID": 2335.0 }, "geometry": { "type": "MultiPoint", "coordinates": [ [ -79.582545826113005, 43.650933953139003 ] ] } },
{ "type": "Feature", "properties": { "_id": 807, "OBJECTID": 906, "GEO_ID": 1031242.0, "NAME": "SEVENTH STREET JR SCHOOL", "SCHOOL_LEVEL": "None", "SCHOOL_TYPE": "EP", "BOARD_NAME": "Toronto District School Board", "SOURCE_ADDRESS": "101 SEVENTH ST ", "SCHOOL_TYPE_DESC": "English Public", "ADDRESS_POINT_ID": 1031242, "ADDRESS_NUMBER": "101", "LINEAR_NAME_FULL": "Seventh St", "ADDRESS_FULL": "101 Seventh St", "POSTAL_CODE": "M8V 3B5", "MUNICIPALITY": "ET", "CITY": "ET", "PLACE_NAME": "Seventh Street Junior School", "GENERAL_USE_CODE": 115001, "CENTRELINE_ID": 20048547, "LO_NUM": 101, "LO_NUM_SUF": "None", "HI_NUM": null, "HI_NUM_SUF": "None", "LINEAR_NAME_ID": 2455.0 }, "geometry": { "type": "MultiPoint", "coordinates": [ [ -79.504193838747398, 43.5999243685511 ] ] } },
{ "type": "Feature", "properties": { "_id": 808, "OBJECTID": 907, "GEO_ID": 10538488.0, "NAME": "SHAUGHNESSY PUBLIC SCHOOL", "SCHOOL_LEVEL": "None", "SCHOOL_TYPE": "EP", "BOARD_NAME": "Toronto District School Board", "SOURCE_ADDRESS": "30 SHAUGHNESSY BLVD ", "SCHOOL_TYPE_DESC": "English Public", "ADDRESS_POINT_ID": 10538488, "ADDRESS_NUMBER": "30", "LINEAR_NAME_FULL": "Shaughnessy Blvd", "ADDRESS_FULL": "30 Shaughnessy Blvd", "POSTAL_CODE": "M2J 1H5", "MUNICIPALITY": "NY", "CITY": "NY", "PLACE_NAME": "Shaughnessy Public School", "GENERAL_USE_CODE": 115001, "CENTRELINE_ID": 10538470, "LO_NUM": 30, "LO_NUM_SUF": "None", "HI_NUM": null, "HI_NUM_SUF": "None", "LINEAR_NAME_ID": 6691.0 }, "geometry": { "type": "MultiPoint", "coordinates": [ [ -79.351600869488806, 43.770284043953303 ] ] } },
{ "type": "Feature", "properties": { "_id": 809, "OBJECTID": 908, "GEO_ID": 10133016.0, "NAME": "SHEPPARD PUBLIC & AFRICENTRIC ALTERNATIVE", "SCHOOL_LEVEL": "None", "SCHOOL_TYPE": "EP", "BOARD_NAME": "Toronto District School Board", "SOURCE_ADDRESS": "1430 SHEPPARD AVE W", "SCHOOL_TYPE_DESC": "English Public", "ADDRESS_POINT_ID": 10133016, "ADDRESS_NUMBER": "1430", "LINEAR_NAME_FULL": "Sheppard Ave W", "ADDRESS_FULL": "1430 Sheppard Ave W", "POSTAL_CODE": "M3M 2W9", "MUNICIPALITY": "NY", "CITY": "NY", "PLACE_NAME": "Sheppard Public School", "GENERAL_USE_CODE": 115001, "CENTRELINE_ID": 10133008, "LO_NUM": 1430, "LO_NUM_SUF": "None", "HI_NUM": null, "HI_NUM_SUF": "None", "LINEAR_NAME_ID": 6699.0 }, "geometry": { "type": "MultiPoint", "coordinates": [ [ -79.488260657802897, 43.745424355611803 ] ] } },
{ "type": "Feature", "properties": { "_id": 810, "OBJECTID": 909, "GEO_ID": 20080838.0, "NAME": "SHIRDI SAI SCHOOL OF CANADA", "SCHOOL_LEVEL": "None", "SCHOOL_TYPE": "PR", "BOARD_NAME": "None", "SOURCE_ADDRESS": "2701 MARKHAM RD ", "SCHOOL_TYPE_DESC": "Private", "ADDRESS_POINT_ID": 20080838, "ADDRESS_NUMBER": "2701", "LINEAR_NAME_FULL": "Markham Rd", "ADDRESS_FULL": "2701 Markham Rd", "POSTAL_CODE": "M1X 1M4", "MUNICIPALITY": "SC", "CITY": "SC", "PLACE_NAME": "None", "GENERAL_USE_CODE": 115001, "CENTRELINE_ID": 14668401, "LO_NUM": 2701, "LO_NUM_SUF": "None", "HI_NUM": null, "HI_NUM_SUF": "None", "LINEAR_NAME_ID": 8429.0 }, "geometry": { "type": "MultiPoint", "coordinates": [ [ -79.245485469299695, 43.819854263518202 ] ] } },
{ "type": "Feature", "properties": { "_id": 811, "OBJECTID": 910, "GEO_ID": 10759447.0, "NAME": "SHIRLEY ST JR & CITY VIEW ALTERNATIVE", "SCHOOL_LEVEL": "None", "SCHOOL_TYPE": "EP", "BOARD_NAME": "Toronto District School Board", "SOURCE_ADDRESS": "38 SHIRLEY ST ", "SCHOOL_TYPE_DESC": "English Public", "ADDRESS_POINT_ID": 10759447, "ADDRESS_NUMBER": "38", "LINEAR_NAME_FULL": "Shirley St", "ADDRESS_FULL": "38 Shirley St", "POSTAL_CODE": "M6K 1S9", "MUNICIPALITY": "TO", "CITY": "TO", "PLACE_NAME": "Shirley Street Junior Public School", "GENERAL_USE_CODE": 115001, "CENTRELINE_ID": 14017192, "LO_NUM": 38, "LO_NUM_SUF": "None", "HI_NUM": null, "HI_NUM_SUF": "None", "LINEAR_NAME_ID": 4400.0 }, "geometry": { "type": "MultiPoint", "coordinates": [ [ -79.436722172500396, 43.648524237031502 ] ] } },
{ "type": "Feature", "properties": { "_id": 812, "OBJECTID": 911, "GEO_ID": 13969058.0, "NAME": "SHOREHAM PUBLIC SPORTS AND WELLNESS ACADEMY ", "SCHOOL_LEVEL": "None", "SCHOOL_TYPE": "EP", "BOARD_NAME": "Toronto District School Board", "SOURCE_ADDRESS": "31 SHOREHAM DR ", "SCHOOL_TYPE_DESC": "English Public", "ADDRESS_POINT_ID": 13969058, "ADDRESS_NUMBER": "31", "LINEAR_NAME_FULL": "Shoreham Dr", "ADDRESS_FULL": "31 Shoreham Dr", "POSTAL_CODE": "M3N 2S6", "MUNICIPALITY": "NY", "CITY": "NY", "PLACE_NAME": "Shoreham Public Sports and Wellness Academy", "GENERAL_USE_CODE": 115001, "CENTRELINE_ID": 439111, "LO_NUM": 31, "LO_NUM_SUF": "None", "HI_NUM": null, "HI_NUM_SUF": "None", "LINEAR_NAME_ID": 6708.0 }, "geometry": { "type": "MultiPoint", "coordinates": [ [ -79.517387969282396, 43.768799543921901 ] ] } },
{ "type": "Feature", "properties": { "_id": 813, "OBJECTID": 912, "GEO_ID": 4833176.0, "NAME": "SIDNEY LEDSON INSTITUTE FOR INTELL'L ADV'MT SCHOOL", "SCHOOL_LEVEL": "None", "SCHOOL_TYPE": "PR", "BOARD_NAME": "None", "SOURCE_ADDRESS": "220 DUNCAN MILL RD ", "SCHOOL_TYPE_DESC": "Private", "ADDRESS_POINT_ID": 4833176, "ADDRESS_NUMBER": "220", "LINEAR_NAME_FULL": "Duncan Mill Rd", "ADDRESS_FULL": "220 Duncan Mill Rd", "POSTAL_CODE": "M3B 3J5", "MUNICIPALITY": "NY", "CITY": "NY", "PLACE_NAME": "None", "GENERAL_USE_CODE": 115001, "CENTRELINE_ID": 30005251, "LO_NUM": 220, "LO_NUM_SUF": "None", "HI_NUM": null, "HI_NUM_SUF": "None", "LINEAR_NAME_ID": 5455.0 }, "geometry": { "type": "MultiPoint", "coordinates": [ [ -79.352803977631694, 43.762257837218399 ] ] } },
{ "type": "Feature", "properties": { "_id": 814, "OBJECTID": 913, "GEO_ID": 1006240.0, "NAME": "SILVER CREEK PRESCHOOL", "SCHOOL_LEVEL": "None", "SCHOOL_TYPE": "PR", "BOARD_NAME": "None", "SOURCE_ADDRESS": "65 HARTSDALE DR ", "SCHOOL_TYPE_DESC": "Private", "ADDRESS_POINT_ID": 1006240, "ADDRESS_NUMBER": "65", "LINEAR_NAME_FULL": "Hartsdale Dr", "ADDRESS_FULL": "65 Hartsdale Dr", "POSTAL_CODE": "M9R 2S8", "MUNICIPALITY": "ET", "CITY": "ET", "PLACE_NAME": "None", "GENERAL_USE_CODE": 115001, "CENTRELINE_ID": 909264, "LO_NUM": 65, "LO_NUM_SUF": "None", "HI_NUM": null, "HI_NUM_SUF": "None", "LINEAR_NAME_ID": 1766.0 }, "geometry": { "type": "MultiPoint", "coordinates": [ [ -79.545228019076504, 43.683228401461101 ] ] } },
{ "type": "Feature", "properties": { "_id": 815, "OBJECTID": 914, "GEO_ID": 386342.0, "NAME": "SILVER SPRINGS PUBLIC SCHOOL", "SCHOOL_LEVEL": "None", "SCHOOL_TYPE": "EP", "BOARD_NAME": "Toronto District School Board", "SOURCE_ADDRESS": "222 SILVER SPRINGS BLVD ", "SCHOOL_TYPE_DESC": "English Public", "ADDRESS_POINT_ID": 386342, "ADDRESS_NUMBER": "222", "LINEAR_NAME_FULL": "Silver Springs Blvd", "ADDRESS_FULL": "222 Silver Springs Blvd", "POSTAL_CODE": "M1V 1S4", "MUNICIPALITY": "SC", "CITY": "SC", "PLACE_NAME": "Silver Springs Public School", "GENERAL_USE_CODE": 115001, "CENTRELINE_ID": 14669334, "LO_NUM": 222, "LO_NUM_SUF": "None", "HI_NUM": null, "HI_NUM_SUF": "None", "LINEAR_NAME_ID": 8952.0 }, "geometry": { "type": "MultiPoint", "coordinates": [ [ -79.302376966009803, 43.804429508952403 ] ] } },
{ "type": "Feature", "properties": { "_id": 816, "OBJECTID": 915, "GEO_ID": 1018866.0, "NAME": "SILVERTHORN COLLEGIATE INSTITUTE", "SCHOOL_LEVEL": "None", "SCHOOL_TYPE": "EP", "BOARD_NAME": "Toronto District School Board", "SOURCE_ADDRESS": "291 MILL RD ", "SCHOOL_TYPE_DESC": "English Public", "ADDRESS_POINT_ID": 1018866, "ADDRESS_NUMBER": "291", "LINEAR_NAME_FULL": "Mill Rd", "ADDRESS_FULL": "291 Mill Rd", "POSTAL_CODE": "M9C 1Y5", "MUNICIPALITY": "ET", "CITY": "ET", "PLACE_NAME": "Silverthorn Collegiate Institute", "GENERAL_USE_CODE": 115001, "CENTRELINE_ID": 912488, "LO_NUM": 291, "LO_NUM_SUF": "None", "HI_NUM": null, "HI_NUM_SUF": "None", "LINEAR_NAME_ID": 2111.0 }, "geometry": { "type": "MultiPoint", "coordinates": [ [ -79.580388545511596, 43.637835913272099 ] ] } },
{ "type": "Feature", "properties": { "_id": 817, "OBJECTID": 916, "GEO_ID": 64913.0, "NAME": "SILVERTHORN COMMUNITY SCHOOL", "SCHOOL_LEVEL": "None", "SCHOOL_TYPE": "EP", "BOARD_NAME": "Toronto District School Board", "SOURCE_ADDRESS": "300 KANE AVE ", "SCHOOL_TYPE_DESC": "English Public", "ADDRESS_POINT_ID": 64913, "ADDRESS_NUMBER": "300", "LINEAR_NAME_FULL": "Kane Ave", "ADDRESS_FULL": "300 Kane Ave", "POSTAL_CODE": "M6M 3P1", "MUNICIPALITY": "YK", "CITY": "YK", "PLACE_NAME": "Silverthorn Community School", "GENERAL_USE_CODE": 115001, "CENTRELINE_ID": 8438, "LO_NUM": 300, "LO_NUM_SUF": "None", "HI_NUM": null, "HI_NUM_SUF": "None", "LINEAR_NAME_ID": 702.0 }, "geometry": { "type": "MultiPoint", "coordinates": [ [ -79.469415111163897, 43.687249424061498 ] ] } },
{ "type": "Feature", "properties": { "_id": 818, "OBJECTID": 917, "GEO_ID": 30114269.0, "NAME": "SIMRA ACADEMY PRIVATE SCHOOL", "SCHOOL_LEVEL": "None", "SCHOOL_TYPE": "PR", "BOARD_NAME": "None", "SOURCE_ADDRESS": "2929 LAWRENCE AVE E", "SCHOOL_TYPE_DESC": "Private", "ADDRESS_POINT_ID": 30114269, "ADDRESS_NUMBER": "2929", "LINEAR_NAME_FULL": "Lawrence Ave E", "ADDRESS_FULL": "2929 Lawrence Ave E", "POSTAL_CODE": "M1P 2S8", "MUNICIPALITY": "SC", "CITY": "SC", "PLACE_NAME": "None", "GENERAL_USE_CODE": 115001, "CENTRELINE_ID": 109685, "LO_NUM": 2929, "LO_NUM_SUF": "None", "HI_NUM": null, "HI_NUM_SUF": "None", "LINEAR_NAME_ID": 3828.0 }, "geometry": { "type": "MultiPoint", "coordinates": [ [ -79.251759225925895, 43.754014522154698 ] ] } },
{ "type": "Feature", "properties": { "_id": 819, "OBJECTID": 918, "GEO_ID": 6735862.0, "NAME": "SIR ADAM BECK JR SCHOOL", "SCHOOL_LEVEL": "None", "SCHOOL_TYPE": "EP", "BOARD_NAME": "Toronto District School Board", "SOURCE_ADDRESS": "544 HORNER AVE ", "SCHOOL_TYPE_DESC": "English Public", "ADDRESS_POINT_ID": 6735862, "ADDRESS_NUMBER": "544", "LINEAR_NAME_FULL": "Horner Ave", "ADDRESS_FULL": "544 Horner Ave", "POSTAL_CODE": "M8W 2C2", "MUNICIPALITY": "ET", "CITY": "ET", "PLACE_NAME": "Sir Adam Beck Junior School", "GENERAL_USE_CODE": 115001, "CENTRELINE_ID": 6735853, "LO_NUM": 544, "LO_NUM_SUF": "None", "HI_NUM": null, "HI_NUM_SUF": "None", "LINEAR_NAME_ID": 1823.0 }, "geometry": { "type": "MultiPoint", "coordinates": [ [ -79.5482756661428, 43.601781232373099 ] ] } },
{ "type": "Feature", "properties": { "_id": 820, "OBJECTID": 919, "GEO_ID": 343306.0, "NAME": "SIR ALEXANDER MACKENZIE SR PUBLIC SCHOOL", "SCHOOL_LEVEL": "None", "SCHOOL_TYPE": "EP", "BOARD_NAME": "Toronto District School Board", "SOURCE_ADDRESS": "33 HEATHER RD ", "SCHOOL_TYPE_DESC": "English Public", "ADDRESS_POINT_ID": 343306, "ADDRESS_NUMBER": "33", "LINEAR_NAME_FULL": "Heather Rd", "ADDRESS_FULL": "33 HEATHER RD ", "POSTAL_CODE": "None", "MUNICIPALITY": "SC", "CITY": "SC", "PLACE_NAME": "Sir Alexander Mackenzie Senior Public School", "GENERAL_USE_CODE": 115001, "CENTRELINE_ID": 20040265, "LO_NUM": 33, "LO_NUM_SUF": "None", "HI_NUM": null, "HI_NUM_SUF": "None", "LINEAR_NAME_ID": 9726.0 }, "geometry": { "type": "MultiPoint", "coordinates": [ [ -79.273172448655501, 43.789365036148503 ] ] } },
{ "type": "Feature", "properties": { "_id": 821, "OBJECTID": 920, "GEO_ID": 346660.0, "NAME": "SIR ERNEST MACMILLAN SR PUBLIC SCHOOL ", "SCHOOL_LEVEL": "None", "SCHOOL_TYPE": "EP", "BOARD_NAME": "Toronto District School Board", "SOURCE_ADDRESS": "149 HUNTSMILL BLVD ", "SCHOOL_TYPE_DESC": "English Public", "ADDRESS_POINT_ID": 346660, "ADDRESS_NUMBER": "149", "LINEAR_NAME_FULL": "Huntsmill Blvd", "ADDRESS_FULL": "149 Huntsmill Blvd", "POSTAL_CODE": "M1W 2Y2", "MUNICIPALITY": "SC", "CITY": "SC", "PLACE_NAME": "Sir Ernest MacMillan Senior Public School", "GENERAL_USE_CODE": 115001, "CENTRELINE_ID": 104516, "LO_NUM": 149, "LO_NUM_SUF": "None", "HI_NUM": null, "HI_NUM_SUF": "None", "LINEAR_NAME_ID": 8151.0 }, "geometry": { "type": "MultiPoint", "coordinates": [ [ -79.328638234677101, 43.806638325393898 ] ] } },
{ "type": "Feature", "properties": { "_id": 822, "OBJECTID": 921, "GEO_ID": 373578.0, "NAME": "SIR JOHN A MACDONALD COLLEGIATE INSTITUTE ", "SCHOOL_LEVEL": "None", "SCHOOL_TYPE": "EP", "BOARD_NAME": "Toronto District School Board", "SOURCE_ADDRESS": "2300 PHARMACY AVE ", "SCHOOL_TYPE_DESC": "English Public", "ADDRESS_POINT_ID": 373578, "ADDRESS_NUMBER": "2300", "LINEAR_NAME_FULL": "Pharmacy Ave", "ADDRESS_FULL": "2300 Pharmacy Ave", "POSTAL_CODE": "M1W 1H8", "MUNICIPALITY": "SC", "CITY": "SC", "PLACE_NAME": "Sir John A Macdonald Collegiate Institute", "GENERAL_USE_CODE": 115001, "CENTRELINE_ID": 106693, "LO_NUM": 2300, "LO_NUM_SUF": "None", "HI_NUM": null, "HI_NUM_SUF": "None", "LINEAR_NAME_ID": 8691.0 }, "geometry": { "type": "MultiPoint", "coordinates": [ [ -79.323670508956397, 43.787077357896898 ] ] } },
{ "type": "Feature", "properties": { "_id": 823, "OBJECTID": 922, "GEO_ID": 13497749.0, "NAME": "SIR OLIVER MOWAT COLLEGIATE INSTITUTE", "SCHOOL_LEVEL": "None", "SCHOOL_TYPE": "EP", "BOARD_NAME": "Toronto District School Board", "SOURCE_ADDRESS": "5400 LAWRENCE AVE E", "SCHOOL_TYPE_DESC": "English Public", "ADDRESS_POINT_ID": 13497749, "ADDRESS_NUMBER": "5400", "LINEAR_NAME_FULL": "Lawrence Ave E", "ADDRESS_FULL": "5400 Lawrence Ave E", "POSTAL_CODE": "M1C 2C6", "MUNICIPALITY": "SC", "CITY": "SC", "PLACE_NAME": "Sir Oliver Mowat Collegiate Institute", "GENERAL_USE_CODE": 115001, "CENTRELINE_ID": 13226450, "LO_NUM": 5400, "LO_NUM_SUF": "None", "HI_NUM": null, "HI_NUM_SUF": "None", "LINEAR_NAME_ID": 3828.0 }, "geometry": { "type": "MultiPoint", "coordinates": [ [ -79.142238309841503, 43.779301933632397 ] ] } },
{ "type": "Feature", "properties": { "_id": 824, "OBJECTID": 923, "GEO_ID": 6261352.0, "NAME": "SIR SAMUEL B STEELE JR PUBLIC SCHOOL", "SCHOOL_LEVEL": "None", "SCHOOL_TYPE": "EP", "BOARD_NAME": "Toronto District School Board", "SOURCE_ADDRESS": "131 HUNTSMILL BLVD ", "SCHOOL_TYPE_DESC": "English Public", "ADDRESS_POINT_ID": 6261352, "ADDRESS_NUMBER": "131", "LINEAR_NAME_FULL": "Huntsmill Blvd", "ADDRESS_FULL": "131 Huntsmill Blvd", "POSTAL_CODE": "M1W 2Y2", "MUNICIPALITY": "SC", "CITY": "SC", "PLACE_NAME": "Sir Samuel B Steele Junior Public School", "GENERAL_USE_CODE": 115001, "CENTRELINE_ID": 6261355, "LO_NUM": 131, "LO_NUM_SUF": "None", "HI_NUM": null, "HI_NUM_SUF": "None", "LINEAR_NAME_ID": 8151.0 }, "geometry": { "type": "MultiPoint", "coordinates": [ [ -79.327541825791599, 43.8070663083017 ] ] } },
{ "type": "Feature", "properties": { "_id": 825, "OBJECTID": 924, "GEO_ID": 341419.0, "NAME": "SIR WILFRID LAURIER & NATIVE LEARNING CTR EAST", "SCHOOL_LEVEL": "None", "SCHOOL_TYPE": "EP", "BOARD_NAME": "Toronto District School Board", "SOURCE_ADDRESS": "145 GUILDWOOD PKWY ", "SCHOOL_TYPE_DESC": "English Public", "ADDRESS_POINT_ID": 341419, "ADDRESS_NUMBER": "145", "LINEAR_NAME_FULL": "Guildwood Pkwy", "ADDRESS_FULL": "145 Guildwood Pkwy", "POSTAL_CODE": "M1E 1P5", "MUNICIPALITY": "SC", "CITY": "SC", "PLACE_NAME": "Sir Wilfrid Laurier Collegiate Institute", "GENERAL_USE_CODE": 115001, "CENTRELINE_ID": 110088, "LO_NUM": 145, "LO_NUM_SUF": "None", "HI_NUM": null, "HI_NUM_SUF": "None", "LINEAR_NAME_ID": 8047.0 }, "geometry": { "type": "MultiPoint", "coordinates": [ [ -79.196991478439102, 43.747033503166499 ] ] } },
{ "type": "Feature", "properties": { "_id": 826, "OBJECTID": 925, "GEO_ID": 14170901.0, "NAME": "SIR WILLIAM OSLER HIGH SCHOOL", "SCHOOL_LEVEL": "None", "SCHOOL_TYPE": "PR", "BOARD_NAME": "None", "SOURCE_ADDRESS": "1050 HUNTINGWOOD DR ", "SCHOOL_TYPE_DESC": "Private", "ADDRESS_POINT_ID": 14170901, "ADDRESS_NUMBER": "1050", "LINEAR_NAME_FULL": "Huntingwood Dr", "ADDRESS_FULL": "1050 Huntingwood Dr", "POSTAL_CODE": "M1S 3H5", "MUNICIPALITY": "SC", "CITY": "SC", "PLACE_NAME": "Sir William Osler High School", "GENERAL_USE_CODE": 115001, "CENTRELINE_ID": 30002264, "LO_NUM": 1050, "LO_NUM_SUF": "None", "HI_NUM": null, "HI_NUM_SUF": "None", "LINEAR_NAME_ID": 8150.0 }, "geometry": { "type": "MultiPoint", "coordinates": [ [ -79.287401332884897, 43.797566488838598 ] ] } },
{ "type": "Feature", "properties": { "_id": 827, "OBJECTID": 926, "GEO_ID": 563140.0, "NAME": "SLOANE PUBLIC SCHOOL", "SCHOOL_LEVEL": "None", "SCHOOL_TYPE": "EP", "BOARD_NAME": "Toronto District School Board", "SOURCE_ADDRESS": "110 SLOANE AVE ", "SCHOOL_TYPE_DESC": "English Public", "ADDRESS_POINT_ID": 563140, "ADDRESS_NUMBER": "110", "LINEAR_NAME_FULL": "Sloane Ave", "ADDRESS_FULL": "110 Sloane Ave", "POSTAL_CODE": "M4A 2B1", "MUNICIPALITY": "NY", "CITY": "NY", "PLACE_NAME": "Sloane Public School", "GENERAL_USE_CODE": 115001, "CENTRELINE_ID": 443411, "LO_NUM": 110, "LO_NUM_SUF": "None", "HI_NUM": null, "HI_NUM_SUF": "None", "LINEAR_NAME_ID": 6732.0 }, "geometry": { "type": "MultiPoint", "coordinates": [ [ -79.310339661140901, 43.731212225609099 ] ] } },
{ "type": "Feature", "properties": { "_id": 828, "OBJECTID": 927, "GEO_ID": 10537872.0, "NAME": "SMITHFIELD MDL SCHOOL", "SCHOOL_LEVEL": "None", "SCHOOL_TYPE": "EP", "BOARD_NAME": "Toronto District School Board", "SOURCE_ADDRESS": "175 MOUNT OLIVE DR ", "SCHOOL_TYPE_DESC": "English Public", "ADDRESS_POINT_ID": 10537872, "ADDRESS_NUMBER": "175", "LINEAR_NAME_FULL": "Mount Olive Dr", "ADDRESS_FULL": "175 Mount Olive Dr", "POSTAL_CODE": "M9V 2E3", "MUNICIPALITY": "ET", "CITY": "ET", "PLACE_NAME": "Smithfield Middle School", "GENERAL_USE_CODE": 115001, "CENTRELINE_ID": 30108313, "LO_NUM": 175, "LO_NUM_SUF": "None", "HI_NUM": null, "HI_NUM_SUF": "None", "LINEAR_NAME_ID": 2145.0 }, "geometry": { "type": "MultiPoint", "coordinates": [ [ -79.595751876544398, 43.750011129737402 ] ] } },
{ "type": "Feature", "properties": { "_id": 829, "OBJECTID": 928, "GEO_ID": 14203096.0, "NAME": "SOLID ROCK ACADEMY", "SCHOOL_LEVEL": "None", "SCHOOL_TYPE": "PR", "BOARD_NAME": "None", "SOURCE_ADDRESS": "19 WOODBINE DOWNS BLVD ", "SCHOOL_TYPE_DESC": "Private", "ADDRESS_POINT_ID": 14203096, "ADDRESS_NUMBER": "19", "LINEAR_NAME_FULL": "Woodbine Downs Blvd", "ADDRESS_FULL": "19 Woodbine Downs Blvd", "POSTAL_CODE": "M9W 6N5", "MUNICIPALITY": "ET", "CITY": "ET", "PLACE_NAME": "None", "GENERAL_USE_CODE": 115001, "CENTRELINE_ID": 907222, "LO_NUM": 19, "LO_NUM_SUF": "None", "HI_NUM": null, "HI_NUM_SUF": "None", "LINEAR_NAME_ID": 2815.0 }, "geometry": { "type": "MultiPoint", "coordinates": [ [ -79.605976280391502, 43.734594231821802 ] ] } },
{ "type": "Feature", "properties": { "_id": 830, "OBJECTID": 929, "GEO_ID": 7640178.0, "NAME": "SPRUCECOURT JR PUBLIC SCHOOL", "SCHOOL_LEVEL": "None", "SCHOOL_TYPE": "EP", "BOARD_NAME": "Toronto District School Board", "SOURCE_ADDRESS": "70 SPRUCE ST ", "SCHOOL_TYPE_DESC": "English Public", "ADDRESS_POINT_ID": 7640178, "ADDRESS_NUMBER": "70", "LINEAR_NAME_FULL": "Spruce St", "ADDRESS_FULL": "70 Spruce St", "POSTAL_CODE": "M5A 2J1", "MUNICIPALITY": "TO", "CITY": "TO", "PLACE_NAME": "Sprucecourt Public School", "GENERAL_USE_CODE": 115001, "CENTRELINE_ID": 7640173, "LO_NUM": 70, "LO_NUM_SUF": "None", "HI_NUM": null, "HI_NUM_SUF": "None", "LINEAR_NAME_ID": 4437.0 }, "geometry": { "type": "MultiPoint", "coordinates": [ [ -79.363829915008395, 43.664486005274902 ] ] } },
{ "type": "Feature", "properties": { "_id": 831, "OBJECTID": 930, "GEO_ID": 317417.0, "NAME": "ST AGATHA CATHOLIC ELEMENTARY SCHOOL", "SCHOOL_LEVEL": "None", "SCHOOL_TYPE": "ES", "BOARD_NAME": "Toronto Catholic District School Board", "SOURCE_ADDRESS": "49 CATHEDRAL BLUFFS DR ", "SCHOOL_TYPE_DESC": "English Separate", "ADDRESS_POINT_ID": 317417, "ADDRESS_NUMBER": "49", "LINEAR_NAME_FULL": "Cathedral Bluffs Dr", "ADDRESS_FULL": "49 Cathedral Bluffs Dr", "POSTAL_CODE": "M1M 2T6", "MUNICIPALITY": "SC", "CITY": "SC", "PLACE_NAME": "St. Agatha Catholic School", "GENERAL_USE_CODE": 115001, "CENTRELINE_ID": 111708, "LO_NUM": 49, "LO_NUM_SUF": "None", "HI_NUM": null, "HI_NUM_SUF": "None", "LINEAR_NAME_ID": 7533.0 }, "geometry": { "type": "MultiPoint", "coordinates": [ [ -79.229626560800199, 43.723553211949202 ] ] } },
{ "type": "Feature", "properties": { "_id": 832, "OBJECTID": 931, "GEO_ID": 547897.0, "NAME": "ST AGNES CATHOLIC ELEMENTARY SCHOOL", "SCHOOL_LEVEL": "None", "SCHOOL_TYPE": "ES", "BOARD_NAME": "Toronto Catholic District School Board", "SOURCE_ADDRESS": "280 OTONABEE AVE ", "SCHOOL_TYPE_DESC": "English Separate", "ADDRESS_POINT_ID": 547897, "ADDRESS_NUMBER": "280", "LINEAR_NAME_FULL": "Otonabee Ave", "ADDRESS_FULL": "280 Otonabee Ave", "POSTAL_CODE": "M2M 2T2", "MUNICIPALITY": "NY", "CITY": "NY", "PLACE_NAME": "St. Agnes Catholic School", "GENERAL_USE_CODE": 115001, "CENTRELINE_ID": 436548, "LO_NUM": 280, "LO_NUM_SUF": "None", "HI_NUM": null, "HI_NUM_SUF": "None", "LINEAR_NAME_ID": 6348.0 }, "geometry": { "type": "MultiPoint", "coordinates": [ [ -79.402604249677196, 43.7985754806081 ] ] } },
{ "type": "Feature", "properties": { "_id": 833, "OBJECTID": 932, "GEO_ID": 5237185.0, "NAME": "ST AIDAN CATHOLIC ELEMENTARY SCHOOL", "SCHOOL_LEVEL": "None", "SCHOOL_TYPE": "ES", "BOARD_NAME": "Toronto Catholic District School Board", "SOURCE_ADDRESS": "3521 FINCH AVE E", "SCHOOL_TYPE_DESC": "English Separate", "ADDRESS_POINT_ID": 5237185, "ADDRESS_NUMBER": "3521", "LINEAR_NAME_FULL": "Finch Ave E", "ADDRESS_FULL": "3521 Finch Ave E", "POSTAL_CODE": "M1W 2S2", "MUNICIPALITY": "SC", "CITY": "SC", "PLACE_NAME": "St. Aidan Catholic School", "GENERAL_USE_CODE": 115001, "CENTRELINE_ID": 30000632, "LO_NUM": 3521, "LO_NUM_SUF": "None", "HI_NUM": null, "HI_NUM_SUF": "None", "LINEAR_NAME_ID": 5589.0 }, "geometry": { "type": "MultiPoint", "coordinates": [ [ -79.309250779354002, 43.797523547484602 ] ] } },
{ "type": "Feature", "properties": { "_id": 834, "OBJECTID": 933, "GEO_ID": 363451.0, "NAME": "ST ALBERT CATHOLIC ELEMENTARY SCHOOL", "SCHOOL_LEVEL": "None", "SCHOOL_TYPE": "ES", "BOARD_NAME": "Toronto Catholic District School Board", "SOURCE_ADDRESS": "1125 MIDLAND AVE ", "SCHOOL_TYPE_DESC": "English Separate", "ADDRESS_POINT_ID": 363451, "ADDRESS_NUMBER": "1125", "LINEAR_NAME_FULL": "Midland Ave", "ADDRESS_FULL": "1125 Midland Ave", "POSTAL_CODE": "M1K 4H2", "MUNICIPALITY": "SC", "CITY": "SC", "PLACE_NAME": "St. Albert Catholic School", "GENERAL_USE_CODE": 115001, "CENTRELINE_ID": 110504, "LO_NUM": 1125, "LO_NUM_SUF": "None", "HI_NUM": null, "HI_NUM_SUF": "None", "LINEAR_NAME_ID": 8496.0 }, "geometry": { "type": "MultiPoint", "coordinates": [ [ -79.261510744805705, 43.743641039190202 ] ] } },
{ "type": "Feature", "properties": { "_id": 835, "OBJECTID": 934, "GEO_ID": 50835.0, "NAME": "ST ALPHONSUS CATHOLIC ELEMENTARY SCHOOL", "SCHOOL_LEVEL": "None", "SCHOOL_TYPE": "ES", "BOARD_NAME": "Toronto Catholic District School Board", "SOURCE_ADDRESS": "60 ATLAS AVE ", "SCHOOL_TYPE_DESC": "English Separate", "ADDRESS_POINT_ID": 50835, "ADDRESS_NUMBER": "60", "LINEAR_NAME_FULL": "Atlas Ave", "ADDRESS_FULL": "60 Atlas Ave", "POSTAL_CODE": "M6C 3N9", "MUNICIPALITY": "YK", "CITY": "YK", "PLACE_NAME": "St. Alphonsus Catholic School", "GENERAL_USE_CODE": 115001, "CENTRELINE_ID": 8704, "LO_NUM": 60, "LO_NUM_SUF": "None", "HI_NUM": null, "HI_NUM_SUF": "None", "LINEAR_NAME_ID": 417.0 }, "geometry": { "type": "MultiPoint", "coordinates": [ [ -79.432206444846798, 43.682913685687403 ] ] } },
{ "type": "Feature", "properties": { "_id": 836, "OBJECTID": 935, "GEO_ID": 8676980.0, "NAME": "ST AMBROSE CATHOLIC ELEMENTARY SCHOOL", "SCHOOL_LEVEL": "None", "SCHOOL_TYPE": "ES", "BOARD_NAME": "Toronto Catholic District School Board", "SOURCE_ADDRESS": "20 COULES CRT ", "SCHOOL_TYPE_DESC": "English Separate", "ADDRESS_POINT_ID": 8676980, "ADDRESS_NUMBER": "20", "LINEAR_NAME_FULL": "Coules Crt", "ADDRESS_FULL": "20 Coules Crt", "POSTAL_CODE": "M8W 2N9", "MUNICIPALITY": "ET", "CITY": "ET", "PLACE_NAME": "St. Ambrose Catholic School", "GENERAL_USE_CODE": 115001, "CENTRELINE_ID": 8676973, "LO_NUM": 20, "LO_NUM_SUF": "None", "HI_NUM": null, "HI_NUM_SUF": "None", "LINEAR_NAME_ID": 1394.0 }, "geometry": { "type": "MultiPoint", "coordinates": [ [ -79.5501228703137, 43.608370098307098 ] ] } },
{ "type": "Feature", "properties": { "_id": 837, "OBJECTID": 936, "GEO_ID": 579480.0, "NAME": "ST ANDRE CATHOLIC ELEMENTARY SCHOOL", "SCHOOL_LEVEL": "None", "SCHOOL_TYPE": "ES", "BOARD_NAME": "Toronto Catholic District School Board", "SOURCE_ADDRESS": "36 YVONNE AVE ", "SCHOOL_TYPE_DESC": "English Separate", "ADDRESS_POINT_ID": 579480, "ADDRESS_NUMBER": "36", "LINEAR_NAME_FULL": "Yvonne Ave", "ADDRESS_FULL": "36 Yvonne Ave", "POSTAL_CODE": "M3L 1C9", "MUNICIPALITY": "NY", "CITY": "NY", "PLACE_NAME": "St. Andre Catholic School", "GENERAL_USE_CODE": 115001, "CENTRELINE_ID": 444648, "LO_NUM": 36, "LO_NUM_SUF": "None", "HI_NUM": null, "HI_NUM_SUF": "None", "LINEAR_NAME_ID": 7154.0 }, "geometry": { "type": "MultiPoint", "coordinates": [ [ -79.517861118330302, 43.724023323496702 ] ] } },
{ "type": "Feature", "properties": { "_id": 838, "OBJECTID": 937, "GEO_ID": 8206173.0, "NAME": "ST ANDREW CATHOLIC ELEMENTARY SCHOOL", "SCHOOL_LEVEL": "None", "SCHOOL_TYPE": "ES", "BOARD_NAME": "Toronto Catholic District School Board", "SOURCE_ADDRESS": "2533 KIPLING AVE ", "SCHOOL_TYPE_DESC": "English Separate", "ADDRESS_POINT_ID": 8206173, "ADDRESS_NUMBER": "2533", "LINEAR_NAME_FULL": "Kipling Ave", "ADDRESS_FULL": "2533 Kipling Ave", "POSTAL_CODE": "M9V 3A8", "MUNICIPALITY": "ET", "CITY": "ET", "PLACE_NAME": "St. Andrew Catholic School", "GENERAL_USE_CODE": 115001, "CENTRELINE_ID": 8206167, "LO_NUM": 2533, "LO_NUM_SUF": "None", "HI_NUM": null, "HI_NUM_SUF": "None", "LINEAR_NAME_ID": 1935.0 }, "geometry": { "type": "MultiPoint", "coordinates": [ [ -79.582381781799398, 43.744931140529602 ] ] } },
{ "type": "Feature", "properties": { "_id": 839, "OBJECTID": 938, "GEO_ID": 312808.0, "NAME": "ST ANDREWS & ALTERNATIVE SCARBOROUGH", "SCHOOL_LEVEL": "None", "SCHOOL_TYPE": "EP", "BOARD_NAME": "Toronto District School Board", "SOURCE_ADDRESS": "60 BRIMORTON DR ", "SCHOOL_TYPE_DESC": "English Public", "ADDRESS_POINT_ID": 312808, "ADDRESS_NUMBER": "60", "LINEAR_NAME_FULL": "Brimorton Dr", "ADDRESS_FULL": "60 Brimorton Dr", "POSTAL_CODE": "M1P 3Z1", "MUNICIPALITY": "SC", "CITY": "SC", "PLACE_NAME": "St. Andrews Public School", "GENERAL_USE_CODE": 115001, "CENTRELINE_ID": 108579, "LO_NUM": 60, "LO_NUM_SUF": "None", "HI_NUM": null, "HI_NUM_SUF": "None", "LINEAR_NAME_ID": 7437.0 }, "geometry": { "type": "MultiPoint", "coordinates": [ [ -79.254796281657093, 43.766645247168 ] ] } },
{ "type": "Feature", "properties": { "_id": 840, "OBJECTID": 939, "GEO_ID": 515118.0, "NAME": "ST ANDREW'S MIDDLE SCHOOL", "SCHOOL_LEVEL": "None", "SCHOOL_TYPE": "ES", "BOARD_NAME": "Toronto Catholic District School Board", "SOURCE_ADDRESS": "131 FENN AVE ", "SCHOOL_TYPE_DESC": "English Separate", "ADDRESS_POINT_ID": 515118, "ADDRESS_NUMBER": "131", "LINEAR_NAME_FULL": "Fenn Ave", "ADDRESS_FULL": "131 Fenn Ave", "POSTAL_CODE": "M2P 1X7", "MUNICIPALITY": "NY", "CITY": "NY", "PLACE_NAME": "St Andrew's Middle School", "GENERAL_USE_CODE": 115001, "CENTRELINE_ID": 441207, "LO_NUM": 131, "LO_NUM_SUF": "None", "HI_NUM": null, "HI_NUM_SUF": "None", "LINEAR_NAME_ID": 5575.0 }, "geometry": { "type": "MultiPoint", "coordinates": [ [ -79.390329762812797, 43.751597352875699 ] ] } },
{ "type": "Feature", "properties": { "_id": 841, "OBJECTID": 940, "GEO_ID": 1020095.0, "NAME": "ST ANGELA CATHOLIC ELEMENTARY SCHOOL", "SCHOOL_LEVEL": "None", "SCHOOL_TYPE": "ES", "BOARD_NAME": "Toronto Catholic District School Board", "SOURCE_ADDRESS": "220 MOUNT OLIVE DR ", "SCHOOL_TYPE_DESC": "English Separate", "ADDRESS_POINT_ID": 1020095, "ADDRESS_NUMBER": "220", "LINEAR_NAME_FULL": "Mount Olive Dr", "ADDRESS_FULL": "220 Mount Olive Dr", "POSTAL_CODE": "M9V 3Z5", "MUNICIPALITY": "ET", "CITY": "ET", "PLACE_NAME": "St. Angela Catholic School", "GENERAL_USE_CODE": 115001, "CENTRELINE_ID": 906532, "LO_NUM": 220, "LO_NUM_SUF": "None", "HI_NUM": null, "HI_NUM_SUF": "None", "LINEAR_NAME_ID": 2145.0 }, "geometry": { "type": "MultiPoint", "coordinates": [ [ -79.596902842573101, 43.754521497995597 ] ] } },
{ "type": "Feature", "properties": { "_id": 842, "OBJECTID": 941, "GEO_ID": 30119667.0, "NAME": "ST ANNE CATHOLIC ACADEMY, SCHOOL OF VIRTUAL LEARNING", "SCHOOL_LEVEL": "None", "SCHOOL_TYPE": "ES", "BOARD_NAME": "Toronto Catholic District School Board", "SOURCE_ADDRESS": "3338 BAYVIEW AVE ", "SCHOOL_TYPE_DESC": "English Separate", "ADDRESS_POINT_ID": 30119667, "ADDRESS_NUMBER": "3338", "LINEAR_NAME_FULL": "Bayview Ave", "ADDRESS_FULL": "3338 Bayview Ave", "POSTAL_CODE": "M2M 3R9", "MUNICIPALITY": "NY", "CITY": "NY", "PLACE_NAME": "St. Joseph's Morrow Park Catholic Secondary School", "GENERAL_USE_CODE": 115001, "CENTRELINE_ID": 436853, "LO_NUM": 3338, "LO_NUM_SUF": "None", "HI_NUM": null, "HI_NUM_SUF": "None", "LINEAR_NAME_ID": 24.0 }, "geometry": { "type": "MultiPoint", "coordinates": [ [ -79.394588385888696, 43.792711746723498 ] ] } },
{ "type": "Feature", "properties": { "_id": 843, "OBJECTID": 942, "GEO_ID": 13991663.0, "NAME": "ST ANSELM CATHOLIC ELEMENTARY SCHOOL", "SCHOOL_LEVEL": "None", "SCHOOL_TYPE": "ES", "BOARD_NAME": "Toronto Catholic District School Board", "SOURCE_ADDRESS": "182 BESSBOROUGH DR ", "SCHOOL_TYPE_DESC": "English Separate", "ADDRESS_POINT_ID": 13991663, "ADDRESS_NUMBER": "182", "LINEAR_NAME_FULL": "Bessborough Dr", "ADDRESS_FULL": "182 Bessborough Dr", "POSTAL_CODE": "M4G 4H5", "MUNICIPALITY": "EY", "CITY": "EY", "PLACE_NAME": "St. Anselm Catholic School", "GENERAL_USE_CODE": 115001, "CENTRELINE_ID": 677, "LO_NUM": 182, "LO_NUM_SUF": "None", "HI_NUM": null, "HI_NUM_SUF": "None", "LINEAR_NAME_ID": 33.0 }, "geometry": { "type": "MultiPoint", "coordinates": [ [ -79.371595160476602, 43.705394385776003 ] ] } },
{ "type": "Feature", "properties": { "_id": 844, "OBJECTID": 943, "GEO_ID": 810559.0, "NAME": "ST ANTHONY CATHOLIC ELEMENTARY SCHOOL", "SCHOOL_LEVEL": "None", "SCHOOL_TYPE": "ES", "BOARD_NAME": "Toronto Catholic District School Board", "SOURCE_ADDRESS": "130 SHANLY ST ", "SCHOOL_TYPE_DESC": "English Separate", "ADDRESS_POINT_ID": 810559, "ADDRESS_NUMBER": "130", "LINEAR_NAME_FULL": "Shanly St", "ADDRESS_FULL": "130 Shanly St", "POSTAL_CODE": "M6H 1L9", "MUNICIPALITY": "TO", "CITY": "TO", "PLACE_NAME": "St. Anthony Catholic School", "GENERAL_USE_CODE": 115001, "CENTRELINE_ID": 8015567, "LO_NUM": 130, "LO_NUM_SUF": "None", "HI_NUM": null, "HI_NUM_SUF": "None", "LINEAR_NAME_ID": 4386.0 }, "geometry": { "type": "MultiPoint", "coordinates": [ [ -79.434920839904294, 43.663604793060898 ] ] } },
{ "type": "Feature", "properties": { "_id": 845, "OBJECTID": 944, "GEO_ID": 9065923.0, "NAME": "ST ANTOINE DANIEL CATHOLIC ELEMENTARY SCHOOL (CLOSED FOR RENO)", "SCHOOL_LEVEL": "None", "SCHOOL_TYPE": "ES", "BOARD_NAME": "Toronto Catholic District School Board", "SOURCE_ADDRESS": "160 FINCH AVE W", "SCHOOL_TYPE_DESC": "English Separate", "ADDRESS_POINT_ID": 9065923, "ADDRESS_NUMBER": "160", "LINEAR_NAME_FULL": "Finch Ave W", "ADDRESS_FULL": "160 Finch Ave W", "POSTAL_CODE": "M2N 2J2", "MUNICIPALITY": "NY", "CITY": "NY", "PLACE_NAME": "St. Antoine Daniel Catholic School", "GENERAL_USE_CODE": 115001, "CENTRELINE_ID": 9065918, "LO_NUM": 160, "LO_NUM_SUF": "None", "HI_NUM": null, "HI_NUM_SUF": "None", "LINEAR_NAME_ID": 1610.0 }, "geometry": { "type": "MultiPoint", "coordinates": [ [ -79.429844765319103, 43.777010831253797 ] ] } },
{ "type": "Feature", "properties": { "_id": 846, "OBJECTID": 945, "GEO_ID": 10145181.0, "NAME": "ST ANTOINE DANIEL CATHOLIC ELEMENTARY SCHOOL (TEMP LOC)", "SCHOOL_LEVEL": "None", "SCHOOL_TYPE": "ES", "BOARD_NAME": "Toronto Catholic District School Board", "SOURCE_ADDRESS": "20 BEVERLY HILLS DR ", "SCHOOL_TYPE_DESC": "English Separate", "ADDRESS_POINT_ID": 10145181, "ADDRESS_NUMBER": "20", "LINEAR_NAME_FULL": "Beverly Hills Dr", "ADDRESS_FULL": "20 Beverly Hills Dr", "POSTAL_CODE": "M3L 1A1", "MUNICIPALITY": "NY", "CITY": "NY", "PLACE_NAME": "None", "GENERAL_USE_CODE": 115001, "CENTRELINE_ID": 10145179, "LO_NUM": 20, "LO_NUM_SUF": "None", "HI_NUM": null, "HI_NUM_SUF": "None", "LINEAR_NAME_ID": 4949.0 }, "geometry": { "type": "MultiPoint", "coordinates": [ [ -79.510227041889195, 43.718863692423803 ] ] } },
{ "type": "Feature", "properties": { "_id": 847, "OBJECTID": 946, "GEO_ID": 7941400.0, "NAME": "ST AUGUSTINE CATHOLIC ELEMENTARY SCHOOL", "SCHOOL_LEVEL": "None", "SCHOOL_TYPE": "ES", "BOARD_NAME": "Toronto Catholic District School Board", "SOURCE_ADDRESS": "98 SHOREHAM DR ", "SCHOOL_TYPE_DESC": "English Separate", "ADDRESS_POINT_ID": 7941400, "ADDRESS_NUMBER": "98", "LINEAR_NAME_FULL": "Shoreham Dr", "ADDRESS_FULL": "98 Shoreham Dr", "POSTAL_CODE": "M3N 1S9", "MUNICIPALITY": "NY", "CITY": "NY", "PLACE_NAME": "St. Augustine Catholic School", "GENERAL_USE_CODE": 115001, "CENTRELINE_ID": 30054901, "LO_NUM": 98, "LO_NUM_SUF": "None", "HI_NUM": null, "HI_NUM_SUF": "None", "LINEAR_NAME_ID": 6708.0 }, "geometry": { "type": "MultiPoint", "coordinates": [ [ -79.525064285223806, 43.768236517056401 ] ] } },
{ "type": "Feature", "properties": { "_id": 848, "OBJECTID": 947, "GEO_ID": 348562.0, "NAME": "ST BARBARA CATHOLIC ELEMENTARY SCHOOL", "SCHOOL_LEVEL": "None", "SCHOOL_TYPE": "ES", "BOARD_NAME": "Toronto Catholic District School Board", "SOURCE_ADDRESS": "25 JANRAY DR ", "SCHOOL_TYPE_DESC": "English Separate", "ADDRESS_POINT_ID": 348562, "ADDRESS_NUMBER": "25", "LINEAR_NAME_FULL": "Janray Dr", "ADDRESS_FULL": "25 Janray Dr", "POSTAL_CODE": "M1G 1Y2", "MUNICIPALITY": "SC", "CITY": "SC", "PLACE_NAME": "St. Barbara Catholic School", "GENERAL_USE_CODE": 115001, "CENTRELINE_ID": 108833, "LO_NUM": 25, "LO_NUM_SUF": "None", "HI_NUM": null, "HI_NUM_SUF": "None", "LINEAR_NAME_ID": 8188.0 }, "geometry": { "type": "MultiPoint", "coordinates": [ [ -79.219060615253596, 43.762468729081398 ] ] } },
{ "type": "Feature", "properties": { "_id": 849, "OBJECTID": 948, "GEO_ID": 396328.0, "NAME": "ST BARNABAS CATHOLIC ELEMENTARY SCHOOL", "SCHOOL_LEVEL": "None", "SCHOOL_TYPE": "ES", "BOARD_NAME": "Toronto Catholic District School Board", "SOURCE_ADDRESS": "30 WASHBURN WAY ", "SCHOOL_TYPE_DESC": "English Separate", "ADDRESS_POINT_ID": 396328, "ADDRESS_NUMBER": "30", "LINEAR_NAME_FULL": "Washburn Way", "ADDRESS_FULL": "30 Washburn Way", "POSTAL_CODE": "M1B 1H3", "MUNICIPALITY": "SC", "CITY": "SC", "PLACE_NAME": "St. Barnabas Catholic School", "GENERAL_USE_CODE": 115001, "CENTRELINE_ID": 105391, "LO_NUM": 30, "LO_NUM_SUF": "None", "HI_NUM": null, "HI_NUM_SUF": "None", "LINEAR_NAME_ID": 9193.0 }, "geometry": { "type": "MultiPoint", "coordinates": [ [ -79.228511917451499, 43.797241219421402 ] ] } },
{ "type": "Feature", "properties": { "_id": 850, "OBJECTID": 949, "GEO_ID": 343314.0, "NAME": "ST BARTHOLOMEW CATHOLIC ELEMENTARY SCHOOL", "SCHOOL_LEVEL": "None", "SCHOOL_TYPE": "ES", "BOARD_NAME": "Toronto Catholic District School Board", "SOURCE_ADDRESS": "51 HEATHER RD ", "SCHOOL_TYPE_DESC": "English Separate", "ADDRESS_POINT_ID": 343314, "ADDRESS_NUMBER": "51", "LINEAR_NAME_FULL": "Heather Rd", "ADDRESS_FULL": "51 Heather Rd", "POSTAL_CODE": "M1S 2E2", "MUNICIPALITY": "SC", "CITY": "SC", "PLACE_NAME": "St. Bartholomew", "GENERAL_USE_CODE": 115001, "CENTRELINE_ID": 20040265, "LO_NUM": 51, "LO_NUM_SUF": "None", "HI_NUM": null, "HI_NUM_SUF": "None", "LINEAR_NAME_ID": 9726.0 }, "geometry": { "type": "MultiPoint", "coordinates": [ [ -79.271606901328298, 43.789872138897401 ] ] } },
{ "type": "Feature", "properties": { "_id": 851, "OBJECTID": 950, "GEO_ID": 14076257.0, "NAME": "ST BASIL THE GREAT COLLEGE SCHOOL", "SCHOOL_LEVEL": "None", "SCHOOL_TYPE": "ES", "BOARD_NAME": "Toronto Catholic District School Board", "SOURCE_ADDRESS": "20 STARVIEW LANE ", "SCHOOL_TYPE_DESC": "English Separate", "ADDRESS_POINT_ID": 14076257, "ADDRESS_NUMBER": "20", "LINEAR_NAME_FULL": "Starview Lane", "ADDRESS_FULL": "20 Starview Lane", "POSTAL_CODE": "M9M 3B2", "MUNICIPALITY": "NY", "CITY": "NY", "PLACE_NAME": "St. Basil-the-Great College School", "GENERAL_USE_CODE": 115001, "CENTRELINE_ID": 10527859, "LO_NUM": 20, "LO_NUM_SUF": "None", "HI_NUM": null, "HI_NUM_SUF": "None", "LINEAR_NAME_ID": 11393.0 }, "geometry": { "type": "MultiPoint", "coordinates": [ [ -79.533327475431307, 43.727707183070699 ] ] } },
{ "type": "Feature", "properties": { "_id": 852, "OBJECTID": 951, "GEO_ID": 11272303.0, "NAME": "ST BEDE CATHOLIC ELEMENTARY SCHOOL", "SCHOOL_LEVEL": "None", "SCHOOL_TYPE": "ES", "BOARD_NAME": "Toronto Catholic District School Board", "SOURCE_ADDRESS": "521 SEWELLS RD ", "SCHOOL_TYPE_DESC": "English Separate", "ADDRESS_POINT_ID": 11272303, "ADDRESS_NUMBER": "521", "LINEAR_NAME_FULL": "Sewells Rd", "ADDRESS_FULL": "521 Sewells Rd", "POSTAL_CODE": "M1B 5H3", "MUNICIPALITY": "SC", "CITY": "SC", "PLACE_NAME": "St. Bede Catholic School", "GENERAL_USE_CODE": 115001, "CENTRELINE_ID": 14669025, "LO_NUM": 521, "LO_NUM_SUF": "None", "HI_NUM": null, "HI_NUM_SUF": "None", "LINEAR_NAME_ID": 30032.0 }, "geometry": { "type": "MultiPoint", "coordinates": [ [ -79.206547703276001, 43.8179789081655 ] ] } },
{ "type": "Feature", "properties": { "_id": 853, "OBJECTID": 952, "GEO_ID": 6052172.0, "NAME": "ST BENEDICT CATHOLIC ELEMENTARY SCHOOL", "SCHOOL_LEVEL": "None", "SCHOOL_TYPE": "ES", "BOARD_NAME": "Toronto Catholic District School Board", "SOURCE_ADDRESS": "2202 KIPLING AVE ", "SCHOOL_TYPE_DESC": "English Separate", "ADDRESS_POINT_ID": 6052172, "ADDRESS_NUMBER": "2202", "LINEAR_NAME_FULL": "Kipling Ave", "ADDRESS_FULL": "2202 Kipling Ave", "POSTAL_CODE": "M9W 4K9", "MUNICIPALITY": "ET", "CITY": "ET", "PLACE_NAME": "St. Benedict Catholic School", "GENERAL_USE_CODE": 115001, "CENTRELINE_ID": 6052170, "LO_NUM": 2202, "LO_NUM_SUF": "None", "HI_NUM": null, "HI_NUM_SUF": "None", "LINEAR_NAME_ID": 1935.0 }, "geometry": { "type": "MultiPoint", "coordinates": [ [ -79.572923045254797, 43.723185251347701 ] ] } },
{ "type": "Feature", "properties": { "_id": 854, "OBJECTID": 953, "GEO_ID": 509553.0, "NAME": "ST BERNARD CATHOLIC ELEMENTARY SCHOOL", "SCHOOL_LEVEL": "None", "SCHOOL_TYPE": "ES", "BOARD_NAME": "Toronto Catholic District School Board", "SOURCE_ADDRESS": "12 DUCKWORTH ST ", "SCHOOL_TYPE_DESC": "English Separate", "ADDRESS_POINT_ID": 509553, "ADDRESS_NUMBER": "12", "LINEAR_NAME_FULL": "Duckworth St", "ADDRESS_FULL": "12 Duckworth St", "POSTAL_CODE": "M6M 4W4", "MUNICIPALITY": "NY", "CITY": "NY", "PLACE_NAME": "St. Bernard Catholic School", "GENERAL_USE_CODE": 115001, "CENTRELINE_ID": 446528, "LO_NUM": 12, "LO_NUM_SUF": "None", "HI_NUM": null, "HI_NUM_SUF": "None", "LINEAR_NAME_ID": 5443.0 }, "geometry": { "type": "MultiPoint", "coordinates": [ [ -79.500069989520696, 43.702525970079002 ] ] } },
{ "type": "Feature", "properties": { "_id": 855, "OBJECTID": 954, "GEO_ID": 4301082.0, "NAME": "ST BONAVENTURE CATHOLIC ELEMENTARY SCHOOL", "SCHOOL_LEVEL": "None", "SCHOOL_TYPE": "ES", "BOARD_NAME": "Toronto Catholic District School Board", "SOURCE_ADDRESS": "1340 LESLIE ST ", "SCHOOL_TYPE_DESC": "English Separate", "ADDRESS_POINT_ID": 4301082, "ADDRESS_NUMBER": "1340", "LINEAR_NAME_FULL": "Leslie St", "ADDRESS_FULL": "1340 Leslie St", "POSTAL_CODE": "M3C 2K9", "MUNICIPALITY": "NY", "CITY": "NY", "PLACE_NAME": "St. Bonaventure Catholic School", "GENERAL_USE_CODE": 115001, "CENTRELINE_ID": 60016040, "LO_NUM": 1340, "LO_NUM_SUF": "None", "HI_NUM": null, "HI_NUM_SUF": "None", "LINEAR_NAME_ID": 225.0 }, "geometry": { "type": "MultiPoint", "coordinates": [ [ -79.356054795552296, 43.732991089858899 ] ] } },
{ "type": "Feature", "properties": { "_id": 856, "OBJECTID": 955, "GEO_ID": 10258148.0, "NAME": "ST BONIFACE CATHOLIC ELEMENTARY SCHOOL", "SCHOOL_LEVEL": "None", "SCHOOL_TYPE": "ES", "BOARD_NAME": "Toronto Catholic District School Board", "SOURCE_ADDRESS": "20 MARKANNA DR ", "SCHOOL_TYPE_DESC": "English Separate", "ADDRESS_POINT_ID": 10258148, "ADDRESS_NUMBER": "20", "LINEAR_NAME_FULL": "Markanna Dr", "ADDRESS_FULL": "20 Markanna Dr", "POSTAL_CODE": "M1M 2J1", "MUNICIPALITY": "SC", "CITY": "SC", "PLACE_NAME": "St. Boniface Catholic School", "GENERAL_USE_CODE": 115001, "CENTRELINE_ID": 10258142, "LO_NUM": 20, "LO_NUM_SUF": "None", "HI_NUM": null, "HI_NUM_SUF": "None", "LINEAR_NAME_ID": 8428.0 }, "geometry": { "type": "MultiPoint", "coordinates": [ [ -79.219817648212498, 43.740550909545298 ] ] } },
{ "type": "Feature", "properties": { "_id": 857, "OBJECTID": 956, "GEO_ID": 317877.0, "NAME": "ST BRENDAN CATHOLIC ELEMENTARY SCHOOL", "SCHOOL_LEVEL": "None", "SCHOOL_TYPE": "ES", "BOARD_NAME": "Toronto Catholic District School Board", "SOURCE_ADDRESS": "186 CENTENNIAL RD ", "SCHOOL_TYPE_DESC": "English Separate", "ADDRESS_POINT_ID": 317877, "ADDRESS_NUMBER": "186", "LINEAR_NAME_FULL": "Centennial Rd", "ADDRESS_FULL": "186 Centennial Rd", "POSTAL_CODE": "M1C 1Z9", "MUNICIPALITY": "SC", "CITY": "SC", "PLACE_NAME": "St. Brendan Catholic School", "GENERAL_USE_CODE": 115001, "CENTRELINE_ID": 106787, "LO_NUM": 186, "LO_NUM_SUF": "None", "HI_NUM": null, "HI_NUM_SUF": "None", "LINEAR_NAME_ID": 7544.0 }, "geometry": { "type": "MultiPoint", "coordinates": [ [ -79.149250553243405, 43.782546952306397 ] ] } },
{ "type": "Feature", "properties": { "_id": 858, "OBJECTID": 957, "GEO_ID": 886268.0, "NAME": "ST BRIGID CATHOLIC ELEMENTARY SCHOOL", "SCHOOL_LEVEL": "None", "SCHOOL_TYPE": "ES", "BOARD_NAME": "Toronto Catholic District School Board", "SOURCE_ADDRESS": "50 WOODMOUNT AVE ", "SCHOOL_TYPE_DESC": "English Separate", "ADDRESS_POINT_ID": 886268, "ADDRESS_NUMBER": "50", "LINEAR_NAME_FULL": "Woodmount Ave", "ADDRESS_FULL": "50 Woodmount Ave", "POSTAL_CODE": "M4C 3X9", "MUNICIPALITY": "TO", "CITY": "TO", "PLACE_NAME": "St. Brigid Catholic School", "GENERAL_USE_CODE": 115001, "CENTRELINE_ID": 1139383, "LO_NUM": 50, "LO_NUM_SUF": "None", "HI_NUM": null, "HI_NUM_SUF": "None", "LINEAR_NAME_ID": 396.0 }, "geometry": { "type": "MultiPoint", "coordinates": [ [ -79.316847388895098, 43.686816764815298 ] ] } },
{ "type": "Feature", "properties": { "_id": 859, "OBJECTID": 958, "GEO_ID": 2448028.0, "NAME": "ST BRUNO & ST RAYMOND CATHOLIC ELEMENTARY SCHOOL (FUTURE SITE)", "SCHOOL_LEVEL": "None", "SCHOOL_TYPE": "ES", "BOARD_NAME": "Toronto Catholic District School Board", "SOURCE_ADDRESS": "270 BARTON AVE ", "SCHOOL_TYPE_DESC": "English Separate", "ADDRESS_POINT_ID": 2448028, "ADDRESS_NUMBER": "270", "LINEAR_NAME_FULL": "Barton Ave", "ADDRESS_FULL": "270 Barton Ave", "POSTAL_CODE": "M6G 1R4", "MUNICIPALITY": "TO", "CITY": "TO", "PLACE_NAME": "St. Raymond Catholic School", "GENERAL_USE_CODE": 115001, "CENTRELINE_ID": 30096532, "LO_NUM": 270, "LO_NUM_SUF": "None", "HI_NUM": null, "HI_NUM_SUF": "None", "LINEAR_NAME_ID": 2954.0 }, "geometry": { "type": "MultiPoint", "coordinates": [ [ -79.423015158734401, 43.665953531366902 ] ] } },
{ "type": "Feature", "properties": { "_id": 860, "OBJECTID": 959, "GEO_ID": 841367.0, "NAME": "ST BRUNO AND ST RAYMOND CATHOLIC ELEMENTARY SCHOOL", "SCHOOL_LEVEL": "None", "SCHOOL_TYPE": "ES", "BOARD_NAME": "Toronto Catholic District School Board", "SOURCE_ADDRESS": "402 MELITA CRES ", "SCHOOL_TYPE_DESC": "English Separate", "ADDRESS_POINT_ID": 841367, "ADDRESS_NUMBER": "402", "LINEAR_NAME_FULL": "Melita Cres", "ADDRESS_FULL": "402 Melita Cres", "POSTAL_CODE": "M6G 3X6", "MUNICIPALITY": "TO", "CITY": "TO", "PLACE_NAME": "St. Bruno / St. Raymond Catholic School", "GENERAL_USE_CODE": 115001, "CENTRELINE_ID": 1141684, "LO_NUM": 402, "LO_NUM_SUF": "None", "HI_NUM": null, "HI_NUM_SUF": "None", "LINEAR_NAME_ID": 3974.0 }, "geometry": { "type": "MultiPoint", "coordinates": [ [ -79.427062927756097, 43.673239954395697 ] ] } },
{ "type": "Feature", "properties": { "_id": 861, "OBJECTID": 960, "GEO_ID": 556417.0, "NAME": "ST CATHERINE CATHOLIC ELEMENTARY SCHOOL", "SCHOOL_LEVEL": "None", "SCHOOL_TYPE": "ES", "BOARD_NAME": "Toronto Catholic District School Board", "SOURCE_ADDRESS": "30 ROANOKE RD ", "SCHOOL_TYPE_DESC": "English Separate", "ADDRESS_POINT_ID": 556417, "ADDRESS_NUMBER": "30", "LINEAR_NAME_FULL": "Roanoke Rd", "ADDRESS_FULL": "30 Roanoke Rd", "POSTAL_CODE": "M3A 1E9", "MUNICIPALITY": "NY", "CITY": "NY", "PLACE_NAME": "St. Catherine Catholic School", "GENERAL_USE_CODE": 115001, "CENTRELINE_ID": 442048, "LO_NUM": 30, "LO_NUM_SUF": "None", "HI_NUM": null, "HI_NUM_SUF": "None", "LINEAR_NAME_ID": 6558.0 }, "geometry": { "type": "MultiPoint", "coordinates": [ [ -79.324739077471705, 43.742335267451899 ] ] } },
{ "type": "Feature", "properties": { "_id": 862, "OBJECTID": 961, "GEO_ID": 7987740.0, "NAME": "ST CECILIA CATHOLIC ELEMENTARY SCHOOL", "SCHOOL_LEVEL": "None", "SCHOOL_TYPE": "ES", "BOARD_NAME": "Toronto Catholic District School Board", "SOURCE_ADDRESS": "355 ANNETTE ST ", "SCHOOL_TYPE_DESC": "English Separate", "ADDRESS_POINT_ID": 7987740, "ADDRESS_NUMBER": "355", "LINEAR_NAME_FULL": "Annette St", "ADDRESS_FULL": "355 Annette St", "POSTAL_CODE": "M6P 1R3", "MUNICIPALITY": "TO", "CITY": "TO", "PLACE_NAME": "St. Cecilia Catholic School", "GENERAL_USE_CODE": 115001, "CENTRELINE_ID": 7987734, "LO_NUM": 355, "LO_NUM_SUF": "None", "HI_NUM": null, "HI_NUM_SUF": "None", "LINEAR_NAME_ID": 2890.0 }, "geometry": { "type": "MultiPoint", "coordinates": [ [ -79.474657940228994, 43.6607945735038 ] ] } },
{ "type": "Feature", "properties": { "_id": 863, "OBJECTID": 962, "GEO_ID": 500243.0, "NAME": "ST CHARLES CATHOLIC ELEMENTARY SCHOOL", "SCHOOL_LEVEL": "None", "SCHOOL_TYPE": "ES", "BOARD_NAME": "Toronto Catholic District School Board", "SOURCE_ADDRESS": "50 CLAVER AVE ", "SCHOOL_TYPE_DESC": "English Separate", "ADDRESS_POINT_ID": 500243, "ADDRESS_NUMBER": "50", "LINEAR_NAME_FULL": "Claver Ave", "ADDRESS_FULL": "50 Claver Ave", "POSTAL_CODE": "M6B 2W1", "MUNICIPALITY": "NY", "CITY": "NY", "PLACE_NAME": "St. Charles Catholic School", "GENERAL_USE_CODE": 115001, "CENTRELINE_ID": 445721, "LO_NUM": 50, "LO_NUM_SUF": "None", "HI_NUM": null, "HI_NUM_SUF": "None", "LINEAR_NAME_ID": 5215.0 }, "geometry": { "type": "MultiPoint", "coordinates": [ [ -79.451350694219897, 43.7132818927358 ] ] } },
{ "type": "Feature", "properties": { "_id": 864, "OBJECTID": 963, "GEO_ID": 565743.0, "NAME": "ST CHARLES GARNIER CATHOLIC ELEMENTARY SCHOOL", "SCHOOL_LEVEL": "None", "SCHOOL_TYPE": "ES", "BOARD_NAME": "Toronto Catholic District School Board", "SOURCE_ADDRESS": "20 STONG CRT ", "SCHOOL_TYPE_DESC": "English Separate", "ADDRESS_POINT_ID": 565743, "ADDRESS_NUMBER": "20", "LINEAR_NAME_FULL": "Stong Crt", "ADDRESS_FULL": "20 Stong Crt", "POSTAL_CODE": "M3N 2X9", "MUNICIPALITY": "NY", "CITY": "NY", "PLACE_NAME": "St. Charles Garnier Catholic School", "GENERAL_USE_CODE": 115001, "CENTRELINE_ID": 439892, "LO_NUM": 20, "LO_NUM_SUF": "None", "HI_NUM": null, "HI_NUM_SUF": "None", "LINEAR_NAME_ID": 6803.0 }, "geometry": { "type": "MultiPoint", "coordinates": [ [ -79.518064124605701, 43.762342128132701 ] ] } },
{ "type": "Feature", "properties": { "_id": 865, "OBJECTID": 964, "GEO_ID": 68935.0, "NAME": "ST CLARE CATHOLIC ELEMENTARY SCHOOL", "SCHOOL_LEVEL": "None", "SCHOOL_TYPE": "ES", "BOARD_NAME": "Toronto Catholic District School Board", "SOURCE_ADDRESS": "124 NORTHCLIFFE BLVD ", "SCHOOL_TYPE_DESC": "English Separate", "ADDRESS_POINT_ID": 68935, "ADDRESS_NUMBER": "124", "LINEAR_NAME_FULL": "Northcliffe Blvd", "ADDRESS_FULL": "124 Northcliffe Blvd", "POSTAL_CODE": "M6E 3K4", "MUNICIPALITY": "YK", "CITY": "YK", "PLACE_NAME": "St. Clare Catholic School", "GENERAL_USE_CODE": 115001, "CENTRELINE_ID": 8989, "LO_NUM": 124, "LO_NUM_SUF": "None", "HI_NUM": null, "HI_NUM_SUF": "None", "LINEAR_NAME_ID": 789.0 }, "geometry": { "type": "MultiPoint", "coordinates": [ [ -79.441551585718003, 43.6794114666125 ] ] } },
{ "type": "Feature", "properties": { "_id": 866, "OBJECTID": 965, "GEO_ID": 988595.0, "NAME": "ST CLEMENT CATHOLIC ELEMENTARY SCHOOL", "SCHOOL_LEVEL": "None", "SCHOOL_TYPE": "ES", "BOARD_NAME": "Toronto Catholic District School Board", "SOURCE_ADDRESS": "4319 BLOOR ST W", "SCHOOL_TYPE_DESC": "English Separate", "ADDRESS_POINT_ID": 988595, "ADDRESS_NUMBER": "4319", "LINEAR_NAME_FULL": "Bloor St W", "ADDRESS_FULL": "4319 Bloor St W", "POSTAL_CODE": "M9C 2A2", "MUNICIPALITY": "ET", "CITY": "ET", "PLACE_NAME": "St. Clement Catholic School", "GENERAL_USE_CODE": 115001, "CENTRELINE_ID": 912832, "LO_NUM": 4319, "LO_NUM_SUF": "None", "HI_NUM": null, "HI_NUM_SUF": "None", "LINEAR_NAME_ID": 458.0 }, "geometry": { "type": "MultiPoint", "coordinates": [ [ -79.573808191214596, 43.632247286515302 ] ] } },
{ "type": "Feature", "properties": { "_id": 867, "OBJECTID": 966, "GEO_ID": 30010979.0, "NAME": "ST CLEMENTS EARLY LEARNING", "SCHOOL_LEVEL": "None", "SCHOOL_TYPE": "PR", "BOARD_NAME": "None", "SOURCE_ADDRESS": "70 ST CLEMENTS AVE ", "SCHOOL_TYPE_DESC": "Private", "ADDRESS_POINT_ID": 30010979, "ADDRESS_NUMBER": "70", "LINEAR_NAME_FULL": "St Clements Ave", "ADDRESS_FULL": "70 St Clements Ave", "POSTAL_CODE": "M4R 1H2", "MUNICIPALITY": "TO", "CITY": "TO", "PLACE_NAME": "None", "GENERAL_USE_CODE": 115001, "CENTRELINE_ID": 1138155, "LO_NUM": 70, "LO_NUM_SUF": "None", "HI_NUM": null, "HI_NUM_SUF": "None", "LINEAR_NAME_ID": 4446.0 }, "geometry": { "type": "MultiPoint", "coordinates": [ [ -79.401793774806293, 43.712610878452601 ] ] } },
{ "type": "Feature", "properties": { "_id": 868, "OBJECTID": 967, "GEO_ID": 14200957.0, "NAME": "ST CLEMENTS SCHOOL", "SCHOOL_LEVEL": "None", "SCHOOL_TYPE": "PR", "BOARD_NAME": "None", "SOURCE_ADDRESS": "21 ST CLEMENTS AVE ", "SCHOOL_TYPE_DESC": "Private", "ADDRESS_POINT_ID": 14200957, "ADDRESS_NUMBER": "21", "LINEAR_NAME_FULL": "St Clements Ave", "ADDRESS_FULL": "21 St Clements Ave", "POSTAL_CODE": "M4R 1G8", "MUNICIPALITY": "TO", "CITY": "TO", "PLACE_NAME": "St. Clements School", "GENERAL_USE_CODE": 115001, "CENTRELINE_ID": 1138111, "LO_NUM": 21, "LO_NUM_SUF": "None", "HI_NUM": null, "HI_NUM_SUF": "None", "LINEAR_NAME_ID": 4446.0 }, "geometry": { "type": "MultiPoint", "coordinates": [ [ -79.400325066858201, 43.7126016230402 ] ] } },
{ "type": "Feature", "properties": { "_id": 869, "OBJECTID": 968, "GEO_ID": 349085.0, "NAME": "ST COLUMBA CATHOLIC ELEMENTARY SCHOOL", "SCHOOL_LEVEL": "None", "SCHOOL_TYPE": "ES", "BOARD_NAME": "Toronto Catholic District School Board", "SOURCE_ADDRESS": "10 JOHN TABOR TRL ", "SCHOOL_TYPE_DESC": "English Separate", "ADDRESS_POINT_ID": 349085, "ADDRESS_NUMBER": "10", "LINEAR_NAME_FULL": "John Tabor Trl", "ADDRESS_FULL": "10 John Tabor Trl", "POSTAL_CODE": "M1B 1M9", "MUNICIPALITY": "SC", "CITY": "SC", "PLACE_NAME": "St. Columba Catholic School", "GENERAL_USE_CODE": 115001, "CENTRELINE_ID": 104405, "LO_NUM": 10, "LO_NUM_SUF": "None", "HI_NUM": null, "HI_NUM_SUF": "None", "LINEAR_NAME_ID": 8200.0 }, "geometry": { "type": "MultiPoint", "coordinates": [ [ -79.211827405829297, 43.806193447928798 ] ] } },
{ "type": "Feature", "properties": { "_id": 870, "OBJECTID": 969, "GEO_ID": 557216.0, "NAME": "ST CONRAD CATHOLIC ELEMENTARY SCHOOL", "SCHOOL_LEVEL": "None", "SCHOOL_TYPE": "EP", "BOARD_NAME": "Toronto District School Board", "SOURCE_ADDRESS": "5 EXBURY RD ", "SCHOOL_TYPE_DESC": "English Public", "ADDRESS_POINT_ID": 557216, "ADDRESS_NUMBER": "5", "LINEAR_NAME_FULL": "Exbury Rd", "ADDRESS_FULL": "5 Exbury Rd", "POSTAL_CODE": "M3M 0A8", "MUNICIPALITY": "NY", "CITY": "NY", "PLACE_NAME": "St. Conrad Catholic School", "GENERAL_USE_CODE": 115001, "CENTRELINE_ID": 30037289, "LO_NUM": 5, "LO_NUM_SUF": "None", "HI_NUM": null, "HI_NUM_SUF": "None", "LINEAR_NAME_ID": 5541.0 }, "geometry": { "type": "MultiPoint", "coordinates": [ [ -79.494524308839999, 43.729722409005198 ] ] } },
{ "type": "Feature", "properties": { "_id": 871, "OBJECTID": 970, "GEO_ID": 532995.0, "NAME": "ST CYRIL CATHOLIC ELEMENTARY SCHOOL", "SCHOOL_LEVEL": "None", "SCHOOL_TYPE": "ES", "BOARD_NAME": "Toronto Catholic District School Board", "SOURCE_ADDRESS": "18 KEMPFORD BLVD ", "SCHOOL_TYPE_DESC": "English Separate", "ADDRESS_POINT_ID": 532995, "ADDRESS_NUMBER": "18", "LINEAR_NAME_FULL": "Kempford Blvd", "ADDRESS_FULL": "18 Kempford Blvd", "POSTAL_CODE": "M2N 2B9", "MUNICIPALITY": "NY", "CITY": "NY", "PLACE_NAME": "St. Cyril Catholic School", "GENERAL_USE_CODE": 115001, "CENTRELINE_ID": 30132110, "LO_NUM": 18, "LO_NUM_SUF": "None", "HI_NUM": null, "HI_NUM_SUF": "None", "LINEAR_NAME_ID": 5948.0 }, "geometry": { "type": "MultiPoint", "coordinates": [ [ -79.416627983330798, 43.776953519212299 ] ] } },
{ "type": "Feature", "properties": { "_id": 872, "OBJECTID": 971, "GEO_ID": 9345077.0, "NAME": "ST DEMETRIUS CATHOLIC ELEMENTARY SCHOOL", "SCHOOL_LEVEL": "None", "SCHOOL_TYPE": "ES", "BOARD_NAME": "Toronto Catholic District School Board", "SOURCE_ADDRESS": "125 LA ROSE AVE ", "SCHOOL_TYPE_DESC": "English Separate", "ADDRESS_POINT_ID": 9345077, "ADDRESS_NUMBER": "125", "LINEAR_NAME_FULL": "La Rose Ave", "ADDRESS_FULL": "125 La Rose Ave", "POSTAL_CODE": "M9P 1A6", "MUNICIPALITY": "ET", "CITY": "ET", "PLACE_NAME": "St. Demetrius Catholic School", "GENERAL_USE_CODE": 115001, "CENTRELINE_ID": 9345057, "LO_NUM": 125, "LO_NUM_SUF": "None", "HI_NUM": null, "HI_NUM_SUF": "None", "LINEAR_NAME_ID": 1949.0 }, "geometry": { "type": "MultiPoint", "coordinates": [ [ -79.521965942076406, 43.684654213685299 ] ] } },
{ "type": "Feature", "properties": { "_id": 873, "OBJECTID": 972, "GEO_ID": 10431199.0, "NAME": "ST DENIS CATHOLIC ELEMENTARY SCHOOL", "SCHOOL_LEVEL": "None", "SCHOOL_TYPE": "ES", "BOARD_NAME": "Toronto Catholic District School Board", "SOURCE_ADDRESS": "67 BALSAM AVE ", "SCHOOL_TYPE_DESC": "English Separate", "ADDRESS_POINT_ID": 10431199, "ADDRESS_NUMBER": "67", "LINEAR_NAME_FULL": "Balsam Ave", "ADDRESS_FULL": "67 Balsam Ave", "POSTAL_CODE": "M4E 3B8", "MUNICIPALITY": "TO", "CITY": "TO", "PLACE_NAME": "St. Denis Catholic School", "GENERAL_USE_CODE": 115001, "CENTRELINE_ID": 20043602, "LO_NUM": 67, "LO_NUM_SUF": "None", "HI_NUM": null, "HI_NUM_SUF": "None", "LINEAR_NAME_ID": 2944.0 }, "geometry": { "type": "MultiPoint", "coordinates": [ [ -79.289907616256698, 43.672998346690498 ] ] } },
{ "type": "Feature", "properties": { "_id": 874, "OBJECTID": 973, "GEO_ID": 14130020.0, "NAME": "ST DOMINIC SAVIO CATHOLIC ELEMENTARY SCHOOL", "SCHOOL_LEVEL": "None", "SCHOOL_TYPE": "ES", "BOARD_NAME": "Toronto Catholic District School Board", "SOURCE_ADDRESS": "50 TIDESWELL BLVD ", "SCHOOL_TYPE_DESC": "English Separate", "ADDRESS_POINT_ID": 14130020, "ADDRESS_NUMBER": "50", "LINEAR_NAME_FULL": "Tideswell Blvd", "ADDRESS_FULL": "50 Tideswell Blvd", "POSTAL_CODE": "M1B 5X3", "MUNICIPALITY": "SC", "CITY": "SC", "PLACE_NAME": "St. Dominic Savio Catholic School", "GENERAL_USE_CODE": 115001, "CENTRELINE_ID": 6349911, "LO_NUM": 50, "LO_NUM_SUF": "None", "HI_NUM": null, "HI_NUM_SUF": "None", "LINEAR_NAME_ID": 10209.0 }, "geometry": { "type": "MultiPoint", "coordinates": [ [ -79.156023870589607, 43.798284371023698 ] ] } },
{ "type": "Feature", "properties": { "_id": 875, "OBJECTID": 974, "GEO_ID": 1009961.0, "NAME": "ST DOROTHY CATHOLIC ELEMENTARY SCHOOL", "SCHOOL_LEVEL": "None", "SCHOOL_TYPE": "ES", "BOARD_NAME": "Toronto Catholic District School Board", "SOURCE_ADDRESS": "155 JOHN GARLAND BLVD ", "SCHOOL_TYPE_DESC": "English Separate", "ADDRESS_POINT_ID": 1009961, "ADDRESS_NUMBER": "155", "LINEAR_NAME_FULL": "John Garland Blvd", "ADDRESS_FULL": "155 John Garland Blvd", "POSTAL_CODE": "M9V 1N7", "MUNICIPALITY": "ET", "CITY": "ET", "PLACE_NAME": "St. Dorothy Catholic School", "GENERAL_USE_CODE": 115001, "CENTRELINE_ID": 907312, "LO_NUM": 155, "LO_NUM_SUF": "None", "HI_NUM": null, "HI_NUM_SUF": "None", "LINEAR_NAME_ID": 1880.0 }, "geometry": { "type": "MultiPoint", "coordinates": [ [ -79.591739733074903, 43.731492704350103 ] ] } },
{ "type": "Feature", "properties": { "_id": 876, "OBJECTID": 975, "GEO_ID": 372819.0, "NAME": "ST DUNSTAN CATHOLIC ELEMENTARY SCHOOL", "SCHOOL_LEVEL": "None", "SCHOOL_TYPE": "ES", "BOARD_NAME": "Toronto Catholic District School Board", "SOURCE_ADDRESS": "14 PHARMACY AVE ", "SCHOOL_TYPE_DESC": "English Separate", "ADDRESS_POINT_ID": 372819, "ADDRESS_NUMBER": "14", "LINEAR_NAME_FULL": "Pharmacy Ave", "ADDRESS_FULL": "14 Pharmacy Ave", "POSTAL_CODE": "M1L 3E4", "MUNICIPALITY": "SC", "CITY": "SC", "PLACE_NAME": "St. Dunstan Catholic School", "GENERAL_USE_CODE": 115001, "CENTRELINE_ID": 14666168, "LO_NUM": 14, "LO_NUM_SUF": "None", "HI_NUM": null, "HI_NUM_SUF": "None", "LINEAR_NAME_ID": 8691.0 }, "geometry": { "type": "MultiPoint", "coordinates": [ [ -79.284239195823304, 43.693429196828802 ] ] } },
{ "type": "Feature", "properties": { "_id": 877, "OBJECTID": 976, "GEO_ID": 6362645.0, "NAME": "ST EDMUND CAMPION CATHOLIC ELEMENTARY SCHOOL", "SCHOOL_LEVEL": "None", "SCHOOL_TYPE": "ES", "BOARD_NAME": "Toronto Catholic District School Board", "SOURCE_ADDRESS": "30 HIGHCASTLE RD ", "SCHOOL_TYPE_DESC": "English Separate", "ADDRESS_POINT_ID": 6362645, "ADDRESS_NUMBER": "30", "LINEAR_NAME_FULL": "Highcastle Rd", "ADDRESS_FULL": "30 Highcastle Rd", "POSTAL_CODE": "M1E 4N1", "MUNICIPALITY": "SC", "CITY": "SC", "PLACE_NAME": "St. Edmund Campion Catholic School", "GENERAL_USE_CODE": 115001, "CENTRELINE_ID": 6362435, "LO_NUM": 30, "LO_NUM_SUF": "None", "HI_NUM": null, "HI_NUM_SUF": "None", "LINEAR_NAME_ID": 8099.0 }, "geometry": { "type": "MultiPoint", "coordinates": [ [ -79.215715615198604, 43.788111015629198 ] ] } },
{ "type": "Feature", "properties": { "_id": 878, "OBJECTID": 977, "GEO_ID": 3121391.0, "NAME": "ST EDWARD CATHOLIC ELEMENTARY SCHOOL", "SCHOOL_LEVEL": "None", "SCHOOL_TYPE": "ES", "BOARD_NAME": "Toronto Catholic District School Board", "SOURCE_ADDRESS": "1 BOTHAM RD ", "SCHOOL_TYPE_DESC": "English Separate", "ADDRESS_POINT_ID": 3121391, "ADDRESS_NUMBER": "1", "LINEAR_NAME_FULL": "Botham Rd", "ADDRESS_FULL": "1 Botham Rd", "POSTAL_CODE": "M2N 2J6", "MUNICIPALITY": "NY", "CITY": "NY", "PLACE_NAME": "St. Edward Catholic School", "GENERAL_USE_CODE": 115001, "CENTRELINE_ID": 3121399, "LO_NUM": 1, "LO_NUM_SUF": "None", "HI_NUM": null, "HI_NUM_SUF": "None", "LINEAR_NAME_ID": 5001.0 }, "geometry": { "type": "MultiPoint", "coordinates": [ [ -79.413547174045206, 43.753400733736903 ] ] } },
{ "type": "Feature", "properties": { "_id": 879, "OBJECTID": 978, "GEO_ID": 8067837.0, "NAME": "ST ELIZABETH CATHOLIC ELEMENTARY SCHOOL", "SCHOOL_LEVEL": "None", "SCHOOL_TYPE": "ES", "BOARD_NAME": "Toronto Catholic District School Board", "SOURCE_ADDRESS": "5 REDCAR AVE ", "SCHOOL_TYPE_DESC": "English Separate", "ADDRESS_POINT_ID": 8067837, "ADDRESS_NUMBER": "5", "LINEAR_NAME_FULL": "Redcar Ave", "ADDRESS_FULL": "5 Redcar Ave", "POSTAL_CODE": "M9B 1J8", "MUNICIPALITY": "ET", "CITY": "ET", "PLACE_NAME": "St. Elizabeth Catholic School", "GENERAL_USE_CODE": 115001, "CENTRELINE_ID": 8067838, "LO_NUM": 5, "LO_NUM_SUF": "None", "HI_NUM": null, "HI_NUM_SUF": "None", "LINEAR_NAME_ID": 2343.0 }, "geometry": { "type": "MultiPoint", "coordinates": [ [ -79.557453675745293, 43.635155167495803 ] ] } },
{ "type": "Feature", "properties": { "_id": 880, "OBJECTID": 979, "GEO_ID": 342863.0, "NAME": "ST ELIZABETH SETON CATHOLIC ELEMENTARY SCHOOL", "SCHOOL_LEVEL": "None", "SCHOOL_TYPE": "ES", "BOARD_NAME": "Toronto Catholic District School Board", "SOURCE_ADDRESS": "25 HAVENVIEW RD ", "SCHOOL_TYPE_DESC": "English Separate", "ADDRESS_POINT_ID": 342863, "ADDRESS_NUMBER": "25", "LINEAR_NAME_FULL": "Havenview Rd", "ADDRESS_FULL": "25 Havenview Rd", "POSTAL_CODE": "M1S 3A4", "MUNICIPALITY": "SC", "CITY": "SC", "PLACE_NAME": "St. Elizabeth Seton Catholic School", "GENERAL_USE_CODE": 115001, "CENTRELINE_ID": 106284, "LO_NUM": 25, "LO_NUM_SUF": "None", "HI_NUM": null, "HI_NUM_SUF": "None", "LINEAR_NAME_ID": 8079.0 }, "geometry": { "type": "MultiPoint", "coordinates": [ [ -79.246705826295596, 43.788951244855497 ] ] } },
{ "type": "Feature", "properties": { "_id": 881, "OBJECTID": 980, "GEO_ID": 1043818.0, "NAME": "ST EUGENE CATHOLIC ELEMENTARY SCHOOL", "SCHOOL_LEVEL": "None", "SCHOOL_TYPE": "ES", "BOARD_NAME": "Toronto Catholic District School Board", "SOURCE_ADDRESS": "30 WESTROYAL RD ", "SCHOOL_TYPE_DESC": "English Separate", "ADDRESS_POINT_ID": 1043818, "ADDRESS_NUMBER": "30", "LINEAR_NAME_FULL": "Westroyal Rd", "ADDRESS_FULL": "30 Westroyal Rd", "POSTAL_CODE": "M9P 2C3", "MUNICIPALITY": "ET", "CITY": "ET", "PLACE_NAME": "St. Eugene Catholic School", "GENERAL_USE_CODE": 115001, "CENTRELINE_ID": 908891, "LO_NUM": 30, "LO_NUM_SUF": "None", "HI_NUM": null, "HI_NUM_SUF": "None", "LINEAR_NAME_ID": 2772.0 }, "geometry": { "type": "MultiPoint", "coordinates": [ [ -79.537175747204998, 43.692580136990998 ] ] } },
{ "type": "Feature", "properties": { "_id": 882, "OBJECTID": 981, "GEO_ID": 486267.0, "NAME": "ST FIDELIS CATHOLIC ELEMENTARY SCHOOL", "SCHOOL_LEVEL": "None", "SCHOOL_TYPE": "ES", "BOARD_NAME": "Toronto Catholic District School Board", "SOURCE_ADDRESS": "9 BANNERMAN ST ", "SCHOOL_TYPE_DESC": "English Separate", "ADDRESS_POINT_ID": 486267, "ADDRESS_NUMBER": "9", "LINEAR_NAME_FULL": "Bannerman St", "ADDRESS_FULL": "9 Bannerman St", "POSTAL_CODE": "M6L 2S5", "MUNICIPALITY": "NY", "CITY": "NY", "PLACE_NAME": "St. Fidelis Catholic School", "GENERAL_USE_CODE": 115001, "CENTRELINE_ID": 445368, "LO_NUM": 9, "LO_NUM_SUF": "None", "HI_NUM": null, "HI_NUM_SUF": "None", "LINEAR_NAME_ID": 4879.0 }, "geometry": { "type": "MultiPoint", "coordinates": [ [ -79.485306504373796, 43.717161527396499 ] ] } },
{ "type": "Feature", "properties": { "_id": 883, "OBJECTID": 982, "GEO_ID": 366471.0, "NAME": "ST FLORENCE CATHOLIC ELEMENTARY SCHOOL", "SCHOOL_LEVEL": "None", "SCHOOL_TYPE": "ES", "BOARD_NAME": "Toronto Catholic District School Board", "SOURCE_ADDRESS": "101 MURISON BLVD ", "SCHOOL_TYPE_DESC": "English Separate", "ADDRESS_POINT_ID": 366471, "ADDRESS_NUMBER": "101", "LINEAR_NAME_FULL": "Murison Blvd", "ADDRESS_FULL": "101 Murison Blvd", "POSTAL_CODE": "M1B 2L6", "MUNICIPALITY": "SC", "CITY": "SC", "PLACE_NAME": "St. Florence Catholic School", "GENERAL_USE_CODE": 115001, "CENTRELINE_ID": 30073171, "LO_NUM": 101, "LO_NUM_SUF": "None", "HI_NUM": null, "HI_NUM_SUF": "None", "LINEAR_NAME_ID": 8552.0 }, "geometry": { "type": "MultiPoint", "coordinates": [ [ -79.207002281708498, 43.798413963811001 ] ] } },
{ "type": "Feature", "properties": { "_id": 884, "OBJECTID": 983, "GEO_ID": 9035632.0, "NAME": "ST FRANCIS DE SALES CATHOLIC ELEMENTARY SCHOOL", "SCHOOL_LEVEL": "None", "SCHOOL_TYPE": "ES", "BOARD_NAME": "Toronto Catholic District School Board", "SOURCE_ADDRESS": "333 FIRGROVE CRES ", "SCHOOL_TYPE_DESC": "English Separate", "ADDRESS_POINT_ID": 9035632, "ADDRESS_NUMBER": "333", "LINEAR_NAME_FULL": "Firgrove Cres", "ADDRESS_FULL": "333 Firgrove Cres", "POSTAL_CODE": "M3N 1K9", "MUNICIPALITY": "NY", "CITY": "NY", "PLACE_NAME": "St. Francis de Sales Catholic School", "GENERAL_USE_CODE": 115001, "CENTRELINE_ID": 9035633, "LO_NUM": 333, "LO_NUM_SUF": "None", "HI_NUM": null, "HI_NUM_SUF": "None", "LINEAR_NAME_ID": 5594.0 }, "geometry": { "type": "MultiPoint", "coordinates": [ [ -79.519124507147893, 43.754132914648103 ] ] } },
{ "type": "Feature", "properties": { "_id": 885, "OBJECTID": 984, "GEO_ID": 9879576.0, "NAME": "ST FRANCIS OF ASSISI CATHOLIC ELEMENTARY SCHOOL", "SCHOOL_LEVEL": "None", "SCHOOL_TYPE": "ES", "BOARD_NAME": "Toronto Catholic District School Board", "SOURCE_ADDRESS": "80 CLINTON ST ", "SCHOOL_TYPE_DESC": "English Separate", "ADDRESS_POINT_ID": 9879576, "ADDRESS_NUMBER": "80", "LINEAR_NAME_FULL": "Clinton St", "ADDRESS_FULL": "80 Clinton St", "POSTAL_CODE": "M6G 2Y3", "MUNICIPALITY": "TO", "CITY": "TO", "PLACE_NAME": "St. Francis Of Assisi Catholic School", "GENERAL_USE_CODE": 115001, "CENTRELINE_ID": 30017239, "LO_NUM": 80, "LO_NUM_SUF": "None", "HI_NUM": null, "HI_NUM_SUF": "None", "LINEAR_NAME_ID": 3185.0 }, "geometry": { "type": "MultiPoint", "coordinates": [ [ -79.414628122428397, 43.656199867014301 ] ] } },
{ "type": "Feature", "properties": { "_id": 886, "OBJECTID": 985, "GEO_ID": 8896734.0, "NAME": "ST FRANCIS XAVIER CATHOLIC ELEMENTARY SCHOOL", "SCHOOL_LEVEL": "None", "SCHOOL_TYPE": "ES", "BOARD_NAME": "Toronto Catholic District School Board", "SOURCE_ADDRESS": "53 GRACEFIELD AVE ", "SCHOOL_TYPE_DESC": "English Separate", "ADDRESS_POINT_ID": 8896734, "ADDRESS_NUMBER": "53", "LINEAR_NAME_FULL": "Gracefield Ave", "ADDRESS_FULL": "53 Gracefield Ave", "POSTAL_CODE": "M6L 1L3", "MUNICIPALITY": "NY", "CITY": "NY", "PLACE_NAME": "St. Francis Xavier Catholic School", "GENERAL_USE_CODE": 115001, "CENTRELINE_ID": 8896732, "LO_NUM": 53, "LO_NUM_SUF": "None", "HI_NUM": null, "HI_NUM_SUF": "None", "LINEAR_NAME_ID": 5729.0 }, "geometry": { "type": "MultiPoint", "coordinates": [ [ -79.483407061155006, 43.710849511426701 ] ] } },
{ "type": "Feature", "properties": { "_id": 887, "OBJECTID": 986, "GEO_ID": 564348.0, "NAME": "ST GABRIEL CATHOLIC ELEMENTARY SCHOOL", "SCHOOL_LEVEL": "None", "SCHOOL_TYPE": "ES", "BOARD_NAME": "Toronto Catholic District School Board", "SOURCE_ADDRESS": "396 SPRING GARDEN AVE ", "SCHOOL_TYPE_DESC": "English Separate", "ADDRESS_POINT_ID": 564348, "ADDRESS_NUMBER": "396", "LINEAR_NAME_FULL": "Spring Garden Ave", "ADDRESS_FULL": "396 Spring Garden Ave", "POSTAL_CODE": "M2N 3H5", "MUNICIPALITY": "NY", "CITY": "NY", "PLACE_NAME": "St. Gabriel Catholic School", "GENERAL_USE_CODE": 115001, "CENTRELINE_ID": 438958, "LO_NUM": 396, "LO_NUM_SUF": "None", "HI_NUM": null, "HI_NUM_SUF": "None", "LINEAR_NAME_ID": 6767.0 }, "geometry": { "type": "MultiPoint", "coordinates": [ [ -79.390933315587105, 43.7690492872661 ] ] } },
{ "type": "Feature", "properties": { "_id": 888, "OBJECTID": 987, "GEO_ID": 324733.0, "NAME": "ST GABRIEL LALEMANT CATHOLIC ELEMENTARY SCHOOL", "SCHOOL_LEVEL": "None", "SCHOOL_TYPE": "ES", "BOARD_NAME": "Toronto Catholic District School Board", "SOURCE_ADDRESS": "160 CROW TRL ", "SCHOOL_TYPE_DESC": "English Separate", "ADDRESS_POINT_ID": 324733, "ADDRESS_NUMBER": "160", "LINEAR_NAME_FULL": "Crow Trl", "ADDRESS_FULL": "160 Crow Trl", "POSTAL_CODE": "M1B 1Y3", "MUNICIPALITY": "SC", "CITY": "SC", "PLACE_NAME": "St. Gabriel Lalemant Catholic School", "GENERAL_USE_CODE": 115001, "CENTRELINE_ID": 103862, "LO_NUM": 160, "LO_NUM_SUF": "None", "HI_NUM": null, "HI_NUM_SUF": "None", "LINEAR_NAME_ID": 7689.0 }, "geometry": { "type": "MultiPoint", "coordinates": [ [ -79.226727476445106, 43.812703632210699 ] ] } },
{ "type": "Feature", "properties": { "_id": 889, "OBJECTID": 988, "GEO_ID": 30070465.0, "NAME": "ST GEORGE ACADEMY", "SCHOOL_LEVEL": "None", "SCHOOL_TYPE": "PR", "BOARD_NAME": "None", "SOURCE_ADDRESS": "595 SHEPPARD AVE E", "SCHOOL_TYPE_DESC": "Private", "ADDRESS_POINT_ID": 30070465, "ADDRESS_NUMBER": "595", "LINEAR_NAME_FULL": "Sheppard Ave E", "ADDRESS_FULL": "595 Sheppard Ave E", "POSTAL_CODE": "M2K 0G3", "MUNICIPALITY": "NY", "CITY": "NY", "PLACE_NAME": "None", "GENERAL_USE_CODE": 115001, "CENTRELINE_ID": 439103, "LO_NUM": 595, "LO_NUM_SUF": "None", "HI_NUM": null, "HI_NUM_SUF": "None", "LINEAR_NAME_ID": 6698.0 }, "geometry": { "type": "MultiPoint", "coordinates": [ [ -79.383644507718799, 43.767311659759898 ] ] } },
{ "type": "Feature", "properties": { "_id": 890, "OBJECTID": 989, "GEO_ID": 1024923.0, "NAME": "ST GEORGE'S JR SCHOOL", "SCHOOL_LEVEL": "None", "SCHOOL_TYPE": "EP", "BOARD_NAME": "Toronto District School Board", "SOURCE_ADDRESS": "70 PRINCESS ANNE CRES ", "SCHOOL_TYPE_DESC": "English Public", "ADDRESS_POINT_ID": 1024923, "ADDRESS_NUMBER": "70", "LINEAR_NAME_FULL": "Princess Anne Cres", "ADDRESS_FULL": "70 Princess Anne Cres", "POSTAL_CODE": "M9A 2P7", "MUNICIPALITY": "ET", "CITY": "ET", "PLACE_NAME": "St. Georges Junior Public School", "GENERAL_USE_CODE": 115001, "CENTRELINE_ID": 909875, "LO_NUM": 70, "LO_NUM_SUF": "None", "HI_NUM": null, "HI_NUM_SUF": "None", "LINEAR_NAME_ID": 2300.0 }, "geometry": { "type": "MultiPoint", "coordinates": [ [ -79.541712193428694, 43.672600505496199 ] ] } },
{ "type": "Feature", "properties": { "_id": 891, "OBJECTID": 990, "GEO_ID": 547173.0, "NAME": "ST GERALD CATHOLIC ELEMENTARY SCHOOL", "SCHOOL_LEVEL": "None", "SCHOOL_TYPE": "ES", "BOARD_NAME": "Toronto Catholic District School Board", "SOURCE_ADDRESS": "200 OLD SHEPPARD AVE ", "SCHOOL_TYPE_DESC": "English Separate", "ADDRESS_POINT_ID": 547173, "ADDRESS_NUMBER": "200", "LINEAR_NAME_FULL": "Old Sheppard Ave", "ADDRESS_FULL": "200 Old Sheppard Ave", "POSTAL_CODE": "M2J 3L9", "MUNICIPALITY": "NY", "CITY": "NY", "PLACE_NAME": "St. Gerald Catholic School", "GENERAL_USE_CODE": 115001, "CENTRELINE_ID": 437780, "LO_NUM": 200, "LO_NUM_SUF": "None", "HI_NUM": null, "HI_NUM_SUF": "None", "LINEAR_NAME_ID": 6328.0 }, "geometry": { "type": "MultiPoint", "coordinates": [ [ -79.326379821151093, 43.780713274209802 ] ] } },
{ "type": "Feature", "properties": { "_id": 892, "OBJECTID": 991, "GEO_ID": 8115497.0, "NAME": "ST GREGORY CATHOLIC ELEMENTARY SCHOOL", "SCHOOL_LEVEL": "None", "SCHOOL_TYPE": "ES", "BOARD_NAME": "Toronto Catholic District School Board", "SOURCE_ADDRESS": "126 RATHBURN RD ", "SCHOOL_TYPE_DESC": "English Separate", "ADDRESS_POINT_ID": 8115497, "ADDRESS_NUMBER": "126", "LINEAR_NAME_FULL": "Rathburn Rd", "ADDRESS_FULL": "126 Rathburn Rd", "POSTAL_CODE": "M9B 2K6", "MUNICIPALITY": "ET", "CITY": "ET", "PLACE_NAME": "St. Gregory Catholic School", "GENERAL_USE_CODE": 115001, "CENTRELINE_ID": 8106365, "LO_NUM": 126, "LO_NUM_SUF": "None", "HI_NUM": null, "HI_NUM_SUF": "None", "LINEAR_NAME_ID": 2335.0 }, "geometry": { "type": "MultiPoint", "coordinates": [ [ -79.544898565535306, 43.660676066397599 ] ] } },
{ "type": "Feature", "properties": { "_id": 893, "OBJECTID": 992, "GEO_ID": 785703.0, "NAME": "ST HELEN CATHOLIC ELEMENTARY SCHOOL", "SCHOOL_LEVEL": "None", "SCHOOL_TYPE": "ES", "BOARD_NAME": "Toronto Catholic District School Board", "SOURCE_ADDRESS": "1196 COLLEGE ST ", "SCHOOL_TYPE_DESC": "English Separate", "ADDRESS_POINT_ID": 785703, "ADDRESS_NUMBER": "1196", "LINEAR_NAME_FULL": "College St", "ADDRESS_FULL": "1196 College St", "POSTAL_CODE": "M6H 1B8", "MUNICIPALITY": "TO", "CITY": "TO", "PLACE_NAME": "St. Helen Catholic School", "GENERAL_USE_CODE": 115001, "CENTRELINE_ID": 1145237, "LO_NUM": 1196, "LO_NUM_SUF": "None", "HI_NUM": null, "HI_NUM_SUF": "None", "LINEAR_NAME_ID": 9765.0 }, "geometry": { "type": "MultiPoint", "coordinates": [ [ -79.436156321892298, 43.652084572844302 ] ] } },
{ "type": "Feature", "properties": { "_id": 894, "OBJECTID": 993, "GEO_ID": 3054064.0, "NAME": "ST HENRY CATHOLIC ELEMENTARY SCHOOL", "SCHOOL_LEVEL": "None", "SCHOOL_TYPE": "EP", "BOARD_NAME": "Toronto District School Board", "SOURCE_ADDRESS": "100 BAMBURGH CRCL ", "SCHOOL_TYPE_DESC": "English Public", "ADDRESS_POINT_ID": 3054064, "ADDRESS_NUMBER": "100", "LINEAR_NAME_FULL": "Bamburgh Crcl", "ADDRESS_FULL": "100 Bamburgh Crcl", "POSTAL_CODE": "M1W 3R3", "MUNICIPALITY": "SC", "CITY": "SC", "PLACE_NAME": "St. Henry Secondary School", "GENERAL_USE_CODE": 115001, "CENTRELINE_ID": 30021623, "LO_NUM": 100, "LO_NUM_SUF": "None", "HI_NUM": null, "HI_NUM_SUF": "None", "LINEAR_NAME_ID": 7275.0 }, "geometry": { "type": "MultiPoint", "coordinates": [ [ -79.327830352986894, 43.813694303097201 ] ] } },
{ "type": "Feature", "properties": { "_id": 895, "OBJECTID": 994, "GEO_ID": 9780844.0, "NAME": "ST IGNATIUS OF LOYOLA CATHOLIC ELEMENTARY SCHOOL", "SCHOOL_LEVEL": "None", "SCHOOL_TYPE": "ES", "BOARD_NAME": "Toronto Catholic District School Board", "SOURCE_ADDRESS": "2350 MCCOWAN RD ", "SCHOOL_TYPE_DESC": "English Separate", "ADDRESS_POINT_ID": 9780844, "ADDRESS_NUMBER": "2350", "LINEAR_NAME_FULL": "McCowan Rd", "ADDRESS_FULL": "2350 McCowan Rd", "POSTAL_CODE": "M1S 4B4", "MUNICIPALITY": "SC", "CITY": "SC", "PLACE_NAME": "St. Ignatius Of Loyola Catholic School", "GENERAL_USE_CODE": 115001, "CENTRELINE_ID": 30000493, "LO_NUM": 2350, "LO_NUM_SUF": "None", "HI_NUM": null, "HI_NUM_SUF": "None", "LINEAR_NAME_ID": 8454.0 }, "geometry": { "type": "MultiPoint", "coordinates": [ [ -79.265248687408501, 43.803157971255402 ] ] } },
{ "type": "Feature", "properties": { "_id": 896, "OBJECTID": 995, "GEO_ID": 30079803.0, "NAME": "ST ISAAC JOGUES CATHOLIC ELEMENTARY SCHOOL", "SCHOOL_LEVEL": "None", "SCHOOL_TYPE": "ES", "BOARD_NAME": "Toronto Catholic District School Board", "SOURCE_ADDRESS": "1330 YORK MILLS RD ", "SCHOOL_TYPE_DESC": "English Separate", "ADDRESS_POINT_ID": 30079803, "ADDRESS_NUMBER": "1330", "LINEAR_NAME_FULL": "York Mills Rd", "ADDRESS_FULL": "1330 York Mills Rd", "POSTAL_CODE": "M3A 1Z8", "MUNICIPALITY": "NY", "CITY": "NY", "PLACE_NAME": "None", "GENERAL_USE_CODE": 115001, "CENTRELINE_ID": 439609, "LO_NUM": 1330, "LO_NUM_SUF": "None", "HI_NUM": null, "HI_NUM_SUF": "None", "LINEAR_NAME_ID": 7145.0 }, "geometry": { "type": "MultiPoint", "coordinates": [ [ -79.321801171568296, 43.762415017156499 ] ] } },
{ "type": "Feature", "properties": { "_id": 897, "OBJECTID": 996, "GEO_ID": 9467497.0, "NAME": "ST JAMES CATHOLIC ELEMENTARY SCHOOL", "SCHOOL_LEVEL": "None", "SCHOOL_TYPE": "ES", "BOARD_NAME": "Toronto Catholic District School Board", "SOURCE_ADDRESS": "230 HUMBERCREST BLVD ", "SCHOOL_TYPE_DESC": "English Separate", "ADDRESS_POINT_ID": 9467497, "ADDRESS_NUMBER": "230", "LINEAR_NAME_FULL": "Humbercrest Blvd", "ADDRESS_FULL": "230 Humbercrest Blvd", "POSTAL_CODE": "M6S 4L3", "MUNICIPALITY": "YK", "CITY": "YK", "PLACE_NAME": "St. James Catholic School", "GENERAL_USE_CODE": 115001, "CENTRELINE_ID": 20119895, "LO_NUM": 230, "LO_NUM_SUF": "None", "HI_NUM": null, "HI_NUM_SUF": "None", "LINEAR_NAME_ID": 678.0 }, "geometry": { "type": "MultiPoint", "coordinates": [ [ -79.495207533415197, 43.664690389388397 ] ] } },
{ "type": "Feature", "properties": { "_id": 898, "OBJECTID": 997, "GEO_ID": 10092854.0, "NAME": "ST JANE FRANCES CATHOLIC ELEMENTARY SCHOOL", "SCHOOL_LEVEL": "None", "SCHOOL_TYPE": "ES", "BOARD_NAME": "Toronto Catholic District School Board", "SOURCE_ADDRESS": "2745 JANE ST ", "SCHOOL_TYPE_DESC": "English Separate", "ADDRESS_POINT_ID": 10092854, "ADDRESS_NUMBER": "2745", "LINEAR_NAME_FULL": "Jane St", "ADDRESS_FULL": "2745 Jane St", "POSTAL_CODE": "M3L 2E8", "MUNICIPALITY": "NY", "CITY": "NY", "PLACE_NAME": "St. Jane Francis Catholic School", "GENERAL_USE_CODE": 115001, "CENTRELINE_ID": 10092803, "LO_NUM": 2745, "LO_NUM_SUF": "None", "HI_NUM": null, "HI_NUM_SUF": "None", "LINEAR_NAME_ID": 694.0 }, "geometry": { "type": "MultiPoint", "coordinates": [ [ -79.513165649140106, 43.742148163513903 ] ] } },
{ "type": "Feature", "properties": { "_id": 899, "OBJECTID": 998, "GEO_ID": 326651.0, "NAME": "ST JEAN DE BREBEUF CATHOLIC ELEMENTARY SCHOOL", "SCHOOL_LEVEL": "None", "SCHOOL_TYPE": "ES", "BOARD_NAME": "Toronto Catholic District School Board", "SOURCE_ADDRESS": "101 DEAN PARK RD ", "SCHOOL_TYPE_DESC": "English Separate", "ADDRESS_POINT_ID": 326651, "ADDRESS_NUMBER": "101", "LINEAR_NAME_FULL": "Dean Park Rd", "ADDRESS_FULL": "101 Dean Park Rd", "POSTAL_CODE": "M1B 2X2", "MUNICIPALITY": "SC", "CITY": "SC", "PLACE_NAME": "St. Jean De Brebeuf Catholic School", "GENERAL_USE_CODE": 115001, "CENTRELINE_ID": 104728, "LO_NUM": 101, "LO_NUM_SUF": "None", "HI_NUM": null, "HI_NUM_SUF": "None", "LINEAR_NAME_ID": 7721.0 }, "geometry": { "type": "MultiPoint", "coordinates": [ [ -79.174058557617897, 43.802268384022398 ] ] } },
{ "type": "Feature", "properties": { "_id": 900, "OBJECTID": 999, "GEO_ID": 382095.0, "NAME": "ST JEAN DE LALANDE CATHOLIC ELEMENTARY SCHOOL", "SCHOOL_LEVEL": "None", "SCHOOL_TYPE": "ES", "BOARD_NAME": "Toronto Catholic District School Board", "SOURCE_ADDRESS": "500 SANDHURST CRCL ", "SCHOOL_TYPE_DESC": "English Separate", "ADDRESS_POINT_ID": 382095, "ADDRESS_NUMBER": "500", "LINEAR_NAME_FULL": "Sandhurst Crcl", "ADDRESS_FULL": "500 Sandhurst Crcl", "POSTAL_CODE": "M1S 3Y7", "MUNICIPALITY": "SC", "CITY": "SC", "PLACE_NAME": "Ecole Saint-Jean-De-Lalande C S", "GENERAL_USE_CODE": 115001, "CENTRELINE_ID": 104519, "LO_NUM": 500, "LO_NUM_SUF": "None", "HI_NUM": null, "HI_NUM_SUF": "None", "LINEAR_NAME_ID": 8871.0 }, "geometry": { "type": "MultiPoint", "coordinates": [ [ -79.264088262744394, 43.804750021392699 ] ] } },
{ "type": "Feature", "properties": { "_id": 901, "OBJECTID": 1000, "GEO_ID": 7560969.0, "NAME": "ST JEROME CATHOLIC ELEMENTARY SCHOOL", "SCHOOL_LEVEL": "None", "SCHOOL_TYPE": "EP", "BOARD_NAME": "Toronto District School Board", "SOURCE_ADDRESS": "111 SHARPECROFT BLVD ", "SCHOOL_TYPE_DESC": "English Public", "ADDRESS_POINT_ID": 7560969, "ADDRESS_NUMBER": "111", "LINEAR_NAME_FULL": "Sharpecroft Blvd", "ADDRESS_FULL": "111 Sharpecroft Blvd", "POSTAL_CODE": "M3J 1P5", "MUNICIPALITY": "NY", "CITY": "NY", "PLACE_NAME": "St. Jerome Catholic School", "GENERAL_USE_CODE": 115001, "CENTRELINE_ID": 30092951, "LO_NUM": 111, "LO_NUM_SUF": "None", "HI_NUM": null, "HI_NUM_SUF": "None", "LINEAR_NAME_ID": 6690.0 }, "geometry": { "type": "MultiPoint", "coordinates": [ [ -79.488890307960901, 43.748834436317601 ] ] } },
{ "type": "Feature", "properties": { "_id": 902, "OBJECTID": 1001, "GEO_ID": 388184.0, "NAME": "ST JOACHIM CATHOLIC ELEMENTARY SCHOOL", "SCHOOL_LEVEL": "None", "SCHOOL_TYPE": "ES", "BOARD_NAME": "Toronto Catholic District School Board", "SOURCE_ADDRESS": "3395 ST CLAIR AVE E", "SCHOOL_TYPE_DESC": "English Separate", "ADDRESS_POINT_ID": 388184, "ADDRESS_NUMBER": "3395", "LINEAR_NAME_FULL": "St Clair Ave E", "ADDRESS_FULL": "3395 St Clair Ave E", "POSTAL_CODE": "M1L 1W3", "MUNICIPALITY": "SC", "CITY": "SC", "PLACE_NAME": "St. Joachim Catholic School", "GENERAL_USE_CODE": 115001, "CENTRELINE_ID": 112131, "LO_NUM": 3395, "LO_NUM_SUF": "None", "HI_NUM": null, "HI_NUM_SUF": "None", "LINEAR_NAME_ID": 339.0 }, "geometry": { "type": "MultiPoint", "coordinates": [ [ -79.275411346599796, 43.713008021644598 ] ] } },
{ "type": "Feature", "properties": { "_id": 903, "OBJECTID": 1002, "GEO_ID": 2917716.0, "NAME": "ST JOAN OF ARC CATHOLIC ACADEMY", "SCHOOL_LEVEL": "None", "SCHOOL_TYPE": "ES", "BOARD_NAME": "Toronto Catholic District School Board", "SOURCE_ADDRESS": "959 MIDLAND AVE ", "SCHOOL_TYPE_DESC": "English Separate", "ADDRESS_POINT_ID": 2917716, "ADDRESS_NUMBER": "959", "LINEAR_NAME_FULL": "Midland Ave", "ADDRESS_FULL": "959 Midland Ave", "POSTAL_CODE": "M1K 4G4", "MUNICIPALITY": "SC", "CITY": "SC", "PLACE_NAME": "St. Joan of Arc Catholic Academy", "GENERAL_USE_CODE": 115001, "CENTRELINE_ID": 14668296, "LO_NUM": 959, "LO_NUM_SUF": "None", "HI_NUM": null, "HI_NUM_SUF": "None", "LINEAR_NAME_ID": 8496.0 }, "geometry": { "type": "MultiPoint", "coordinates": [ [ -79.258973552503406, 43.737820833292297 ] ] } },
{ "type": "Feature", "properties": { "_id": 904, "OBJECTID": 1003, "GEO_ID": 63252.0, "NAME": "ST JOHN BOSCO CATHOLIC ELEMENTARY SCHOOL", "SCHOOL_LEVEL": "None", "SCHOOL_TYPE": "ES", "BOARD_NAME": "Toronto Catholic District School Board", "SOURCE_ADDRESS": "75 HOLMESDALE RD ", "SCHOOL_TYPE_DESC": "English Separate", "ADDRESS_POINT_ID": 63252, "ADDRESS_NUMBER": "75", "LINEAR_NAME_FULL": "Holmesdale Rd", "ADDRESS_FULL": "75 Holmesdale Rd", "POSTAL_CODE": "M6E 1Y2", "MUNICIPALITY": "YK", "CITY": "YK", "PLACE_NAME": "St. John Bosco Catholic School", "GENERAL_USE_CODE": 115001, "CENTRELINE_ID": 8266, "LO_NUM": 75, "LO_NUM_SUF": "None", "HI_NUM": null, "HI_NUM_SUF": "None", "LINEAR_NAME_ID": 668.0 }, "geometry": { "type": "MultiPoint", "coordinates": [ [ -79.450557740556306, 43.688715787104996 ] ] } },
{ "type": "Feature", "properties": { "_id": 905, "OBJECTID": 1004, "GEO_ID": 829026.0, "NAME": "ST JOHN CATHOLIC ELEMENTARY SCHOOL", "SCHOOL_LEVEL": "None", "SCHOOL_TYPE": "ES", "BOARD_NAME": "Toronto Catholic District School Board", "SOURCE_ADDRESS": "780 KINGSTON RD ", "SCHOOL_TYPE_DESC": "English Separate", "ADDRESS_POINT_ID": 829026, "ADDRESS_NUMBER": "780", "LINEAR_NAME_FULL": "Kingston Rd", "ADDRESS_FULL": "780 Kingston Rd", "POSTAL_CODE": "M4E 1R7", "MUNICIPALITY": "TO", "CITY": "TO", "PLACE_NAME": "St. John Catholic School", "GENERAL_USE_CODE": 115001, "CENTRELINE_ID": 30059637, "LO_NUM": 780, "LO_NUM_SUF": "None", "HI_NUM": null, "HI_NUM_SUF": "None", "LINEAR_NAME_ID": 3786.0 }, "geometry": { "type": "MultiPoint", "coordinates": [ [ -79.294568672894002, 43.680224380286099 ] ] } },
{ "type": "Feature", "properties": { "_id": 906, "OBJECTID": 1005, "GEO_ID": 14258325.0, "NAME": "ST JOHN HENRY NEWMAN CATHOLIC HIGH SCHOOL", "SCHOOL_LEVEL": "None", "SCHOOL_TYPE": "ES", "BOARD_NAME": "Toronto Catholic District School Board", "SOURCE_ADDRESS": "100 BRIMLEY RD S", "SCHOOL_TYPE_DESC": "English Separate", "ADDRESS_POINT_ID": 14258325, "ADDRESS_NUMBER": "100", "LINEAR_NAME_FULL": "Brimley Rd S", "ADDRESS_FULL": "100 Brimley Rd S", "POSTAL_CODE": "M1M 3X4", "MUNICIPALITY": "SC", "CITY": "SC", "PLACE_NAME": "St. John Henry Newman Catholic High School", "GENERAL_USE_CODE": 115001, "CENTRELINE_ID": 30029505, "LO_NUM": 100, "LO_NUM_SUF": "None", "HI_NUM": null, "HI_NUM_SUF": "None", "LINEAR_NAME_ID": 10496.0 }, "geometry": { "type": "MultiPoint", "coordinates": [ [ -79.240435372076405, 43.714778801057797 ] ] } },
{ "type": "Feature", "properties": { "_id": 907, "OBJECTID": 1006, "GEO_ID": 352127.0, "NAME": "ST JOHN HENRY NEWMAN CATHOLIC HIGH SCHOOL (FUTURE SITE)", "SCHOOL_LEVEL": "None", "SCHOOL_TYPE": "ES", "BOARD_NAME": "Toronto Catholic District School Board", "SOURCE_ADDRESS": "2685 KINGSTON RD ", "SCHOOL_TYPE_DESC": "English Separate", "ADDRESS_POINT_ID": 352127, "ADDRESS_NUMBER": "2685", "LINEAR_NAME_FULL": "Kingston Rd", "ADDRESS_FULL": "2685 Kingston Rd", "POSTAL_CODE": "M1M 1M2", "MUNICIPALITY": "SC", "CITY": "SC", "PLACE_NAME": "None", "GENERAL_USE_CODE": 115001, "CENTRELINE_ID": 112019, "LO_NUM": 2685, "LO_NUM_SUF": "None", "HI_NUM": null, "HI_NUM_SUF": "None", "LINEAR_NAME_ID": 3786.0 }, "geometry": { "type": "MultiPoint", "coordinates": [ [ -79.2408618204948, 43.716907511967499 ] ] } },
{ "type": "Feature", "properties": { "_id": 908, "OBJECTID": 1007, "GEO_ID": 6942850.0, "NAME": "ST JOHN PAUL II CATHOLIC SECONDARY SCHOOL", "SCHOOL_LEVEL": "None", "SCHOOL_TYPE": "ES", "BOARD_NAME": "Toronto Catholic District School Board", "SOURCE_ADDRESS": "685 MILITARY TRL ", "SCHOOL_TYPE_DESC": "English Separate", "ADDRESS_POINT_ID": 6942850, "ADDRESS_NUMBER": "685", "LINEAR_NAME_FULL": "Military Trl", "ADDRESS_FULL": "685 Military Trl", "POSTAL_CODE": "M1E 4P6", "MUNICIPALITY": "SC", "CITY": "SC", "PLACE_NAME": "Pope John Paul II Catholic Secondary School", "GENERAL_USE_CODE": 115001, "CENTRELINE_ID": 14658973, "LO_NUM": 685, "LO_NUM_SUF": "None", "HI_NUM": null, "HI_NUM_SUF": "None", "LINEAR_NAME_ID": 8501.0 }, "geometry": { "type": "MultiPoint", "coordinates": [ [ -79.199363089479107, 43.790075920616303 ] ] } },
{ "type": "Feature", "properties": { "_id": 909, "OBJECTID": 1008, "GEO_ID": 9950447.0, "NAME": "ST JOHN THE EVANGELIST CATHOLIC ELEMENTARY SCHOOL", "SCHOOL_LEVEL": "None", "SCHOOL_TYPE": "ES", "BOARD_NAME": "Toronto Catholic District School Board", "SOURCE_ADDRESS": "23 GEORGE ST ", "SCHOOL_TYPE_DESC": "English Separate", "ADDRESS_POINT_ID": 9950447, "ADDRESS_NUMBER": "23", "LINEAR_NAME_FULL": "George St", "ADDRESS_FULL": "23 GEORGE ST ", "POSTAL_CODE": "None", "MUNICIPALITY": "YK", "CITY": "YK", "PLACE_NAME": "St. John the Evangelist Catholic Elementary School", "GENERAL_USE_CODE": 115001, "CENTRELINE_ID": 9950436, "LO_NUM": 23, "LO_NUM_SUF": "None", "HI_NUM": null, "HI_NUM_SUF": "None", "LINEAR_NAME_ID": 9829.0 }, "geometry": { "type": "MultiPoint", "coordinates": [ [ -79.520362334566798, 43.7031479540398 ] ] } },
{ "type": "Feature", "properties": { "_id": 910, "OBJECTID": 1009, "GEO_ID": 9779709.0, "NAME": "ST JOHN VIANNEY CATHOLIC ELEMENTARY SCHOOL", "SCHOOL_LEVEL": "None", "SCHOOL_TYPE": "ES", "BOARD_NAME": "Toronto Catholic District School Board", "SOURCE_ADDRESS": "105 THISTLE DOWN BLVD ", "SCHOOL_TYPE_DESC": "English Separate", "ADDRESS_POINT_ID": 9779709, "ADDRESS_NUMBER": "105", "LINEAR_NAME_FULL": "Thistle Down Blvd", "ADDRESS_FULL": "105 Thistle Down Blvd", "POSTAL_CODE": "M9V 1J5", "MUNICIPALITY": "ET", "CITY": "ET", "PLACE_NAME": "St. John Vianney Catholic School", "GENERAL_USE_CODE": 115001, "CENTRELINE_ID": 9779703, "LO_NUM": 105, "LO_NUM_SUF": "None", "HI_NUM": null, "HI_NUM_SUF": "None", "LINEAR_NAME_ID": 2621.0 }, "geometry": { "type": "MultiPoint", "coordinates": [ [ -79.553953735033801, 43.738060840661902 ] ] } },
{ "type": "Feature", "properties": { "_id": 911, "OBJECTID": 1010, "GEO_ID": 523760.0, "NAME": "ST JOHN XXIII CATHOLIC ELEMENTARY SCHOOL", "SCHOOL_LEVEL": "None", "SCHOOL_TYPE": "ES", "BOARD_NAME": "Toronto Catholic District School Board", "SOURCE_ADDRESS": "175 GRENOBLE DR ", "SCHOOL_TYPE_DESC": "English Separate", "ADDRESS_POINT_ID": 523760, "ADDRESS_NUMBER": "175", "LINEAR_NAME_FULL": "Grenoble Dr", "ADDRESS_FULL": "175 Grenoble Dr", "POSTAL_CODE": "M3C 3E7", "MUNICIPALITY": "NY", "CITY": "NY", "PLACE_NAME": "St. John XXIII Catholic School", "GENERAL_USE_CODE": 115001, "CENTRELINE_ID": 445634, "LO_NUM": 175, "LO_NUM_SUF": "None", "HI_NUM": null, "HI_NUM_SUF": "None", "LINEAR_NAME_ID": 5756.0 }, "geometry": { "type": "MultiPoint", "coordinates": [ [ -79.329847890405105, 43.712453971962901 ] ] } },
{ "type": "Feature", "properties": { "_id": 912, "OBJECTID": 1011, "GEO_ID": 8823972.0, "NAME": "ST JOSAPHAT CATHOLIC ELEMENTARY SCHOOL", "SCHOOL_LEVEL": "None", "SCHOOL_TYPE": "ES", "BOARD_NAME": "Toronto Catholic District School Board", "SOURCE_ADDRESS": "110 TENTH ST ", "SCHOOL_TYPE_DESC": "English Separate", "ADDRESS_POINT_ID": 8823972, "ADDRESS_NUMBER": "110", "LINEAR_NAME_FULL": "Tenth St", "ADDRESS_FULL": "110 Tenth St", "POSTAL_CODE": "M8V 3G1", "MUNICIPALITY": "ET", "CITY": "ET", "PLACE_NAME": "St. Josaphat Catholic School", "GENERAL_USE_CODE": 115001, "CENTRELINE_ID": 20048481, "LO_NUM": 110, "LO_NUM_SUF": "None", "HI_NUM": null, "HI_NUM_SUF": "None", "LINEAR_NAME_ID": 2591.0 }, "geometry": { "type": "MultiPoint", "coordinates": [ [ -79.5090595341902, 43.599298558339498 ] ] } },
{ "type": "Feature", "properties": { "_id": 913, "OBJECTID": 1012, "GEO_ID": 832894.0, "NAME": "ST JOSEPH CATHOLIC ELEMENTARY SCHOOL", "SCHOOL_LEVEL": "None", "SCHOOL_TYPE": "ES", "BOARD_NAME": "Toronto Catholic District School Board", "SOURCE_ADDRESS": "176 LESLIE ST ", "SCHOOL_TYPE_DESC": "English Separate", "ADDRESS_POINT_ID": 832894, "ADDRESS_NUMBER": "176", "LINEAR_NAME_FULL": "Leslie St", "ADDRESS_FULL": "176 Leslie St", "POSTAL_CODE": "M4M 3C7", "MUNICIPALITY": "TO", "CITY": "TO", "PLACE_NAME": "St. Joseph Catholic School", "GENERAL_USE_CODE": 115001, "CENTRELINE_ID": 14023389, "LO_NUM": 176, "LO_NUM_SUF": "None", "HI_NUM": null, "HI_NUM_SUF": "None", "LINEAR_NAME_ID": 225.0 }, "geometry": { "type": "MultiPoint", "coordinates": [ [ -79.331890548898897, 43.665808072470902 ] ] } },
{ "type": "Feature", "properties": { "_id": 914, "OBJECTID": 1013, "GEO_ID": 8128878.0, "NAME": "ST JOSEPH'S COLLEGE SCHOOL", "SCHOOL_LEVEL": "None", "SCHOOL_TYPE": "ES", "BOARD_NAME": "Toronto Catholic District School Board", "SOURCE_ADDRESS": "74 WELLESLEY ST W", "SCHOOL_TYPE_DESC": "English Separate", "ADDRESS_POINT_ID": 8128878, "ADDRESS_NUMBER": "74", "LINEAR_NAME_FULL": "Wellesley St W", "ADDRESS_FULL": "74 Wellesley St W", "POSTAL_CODE": "M5S 1C4", "MUNICIPALITY": "TO", "CITY": "TO", "PLACE_NAME": "St. Joseph's College", "GENERAL_USE_CODE": 115001, "CENTRELINE_ID": 8128875, "LO_NUM": 74, "LO_NUM_SUF": "None", "HI_NUM": null, "HI_NUM_SUF": "None", "LINEAR_NAME_ID": 4649.0 }, "geometry": { "type": "MultiPoint", "coordinates": [ [ -79.388864658295702, 43.664436862134899 ] ] } },
{ "type": "Feature", "properties": { "_id": 915, "OBJECTID": 1014, "GEO_ID": 30119667.0, "NAME": "ST JOSEPH'S MORROW PARK CATHOLIC SECONDARY SCHOOL", "SCHOOL_LEVEL": "None", "SCHOOL_TYPE": "ES", "BOARD_NAME": "Toronto Catholic District School Board", "SOURCE_ADDRESS": "3338 BAYVIEW AVE ", "SCHOOL_TYPE_DESC": "English Separate", "ADDRESS_POINT_ID": 30119667, "ADDRESS_NUMBER": "3338", "LINEAR_NAME_FULL": "Bayview Ave", "ADDRESS_FULL": "3338 Bayview Ave", "POSTAL_CODE": "M2M 3R9", "MUNICIPALITY": "NY", "CITY": "NY", "PLACE_NAME": "St. Joseph's Morrow Park Catholic Secondary School", "GENERAL_USE_CODE": 115001, "CENTRELINE_ID": 436853, "LO_NUM": 3338, "LO_NUM_SUF": "None", "HI_NUM": null, "HI_NUM_SUF": "None", "LINEAR_NAME_ID": 24.0 }, "geometry": { "type": "MultiPoint", "coordinates": [ [ -79.394588385888696, 43.792711746723498 ] ] } },
{ "type": "Feature", "properties": { "_id": 916, "OBJECTID": 1015, "GEO_ID": 574322.0, "NAME": "ST JUDE CATHOLIC ELEMENTARY SCHOOL", "SCHOOL_LEVEL": "None", "SCHOOL_TYPE": "ES", "BOARD_NAME": "Toronto Catholic District School Board", "SOURCE_ADDRESS": "3251 WESTON RD ", "SCHOOL_TYPE_DESC": "English Separate", "ADDRESS_POINT_ID": 574322, "ADDRESS_NUMBER": "3251", "LINEAR_NAME_FULL": "Weston Rd", "ADDRESS_FULL": "3251 Weston Rd", "POSTAL_CODE": "M9M 2T9", "MUNICIPALITY": "NY", "CITY": "NY", "PLACE_NAME": "St. Jude Catholic School", "GENERAL_USE_CODE": 115001, "CENTRELINE_ID": 442805, "LO_NUM": 3251, "LO_NUM_SUF": "None", "HI_NUM": null, "HI_NUM_SUF": "None", "LINEAR_NAME_ID": 952.0 }, "geometry": { "type": "MultiPoint", "coordinates": [ [ -79.539256539650196, 43.740484480182403 ] ] } },
{ "type": "Feature", "properties": { "_id": 917, "OBJECTID": 1016, "GEO_ID": 540372.0, "NAME": "ST KATERI TEKAKWITHA CATHOLIC ELEMENTARY SCHOOL", "SCHOOL_LEVEL": "None", "SCHOOL_TYPE": "ES", "BOARD_NAME": "Toronto Catholic District School Board", "SOURCE_ADDRESS": "70 MARGARET AVE ", "SCHOOL_TYPE_DESC": "English Separate", "ADDRESS_POINT_ID": 540372, "ADDRESS_NUMBER": "70", "LINEAR_NAME_FULL": "Margaret Ave", "ADDRESS_FULL": "70 Margaret Ave", "POSTAL_CODE": "M2J 4C5", "MUNICIPALITY": "NY", "CITY": "NY", "PLACE_NAME": "St. Kateri Tekakwitha Catholic School", "GENERAL_USE_CODE": 115001, "CENTRELINE_ID": 30101247, "LO_NUM": 70, "LO_NUM_SUF": "None", "HI_NUM": null, "HI_NUM_SUF": "None", "LINEAR_NAME_ID": 6157.0 }, "geometry": { "type": "MultiPoint", "coordinates": [ [ -79.338051590899099, 43.785819712502402 ] ] } },
{ "type": "Feature", "properties": { "_id": 918, "OBJECTID": 1017, "GEO_ID": 366586.0, "NAME": "ST KEVIN CATHOLIC ELEMENTARY SCHOOL", "SCHOOL_LEVEL": "None", "SCHOOL_TYPE": "ES", "BOARD_NAME": "Toronto Catholic District School Board", "SOURCE_ADDRESS": "15 MURRAY GLEN DR ", "SCHOOL_TYPE_DESC": "English Separate", "ADDRESS_POINT_ID": 366586, "ADDRESS_NUMBER": "15", "LINEAR_NAME_FULL": "Murray Glen Dr", "ADDRESS_FULL": "15 Murray Glen Dr", "POSTAL_CODE": "M1R 3J6", "MUNICIPALITY": "SC", "CITY": "SC", "PLACE_NAME": "St. Kevin Catholic School", "GENERAL_USE_CODE": 115001, "CENTRELINE_ID": 110028, "LO_NUM": 15, "LO_NUM_SUF": "None", "HI_NUM": null, "HI_NUM_SUF": "None", "LINEAR_NAME_ID": 8555.0 }, "geometry": { "type": "MultiPoint", "coordinates": [ [ -79.306181766192196, 43.750760454941698 ] ] } },
{ "type": "Feature", "properties": { "_id": 919, "OBJECTID": 1018, "GEO_ID": 4605081.0, "NAME": "ST LAWRENCE CATHOLIC ELEMENTARY SCHOOL", "SCHOOL_LEVEL": "None", "SCHOOL_TYPE": "ES", "BOARD_NAME": "Toronto Catholic District School Board", "SOURCE_ADDRESS": "2216 LAWRENCE AVE E", "SCHOOL_TYPE_DESC": "English Separate", "ADDRESS_POINT_ID": 4605081, "ADDRESS_NUMBER": "2216", "LINEAR_NAME_FULL": "Lawrence Ave E", "ADDRESS_FULL": "2216 Lawrence Ave E", "POSTAL_CODE": "M1P 2P9", "MUNICIPALITY": "SC", "CITY": "SC", "PLACE_NAME": "St. Lawrence Catholic School", "GENERAL_USE_CODE": 115001, "CENTRELINE_ID": 4605094, "LO_NUM": 2216, "LO_NUM_SUF": "None", "HI_NUM": null, "HI_NUM_SUF": "None", "LINEAR_NAME_ID": 3828.0 }, "geometry": { "type": "MultiPoint", "coordinates": [ [ -79.279920844721005, 43.749306388177303 ] ] } },
{ "type": "Feature", "properties": { "_id": 920, "OBJECTID": 1019, "GEO_ID": 7570012.0, "NAME": "ST LEO CATHOLIC ELEMENTARY SCHOOL", "SCHOOL_LEVEL": "None", "SCHOOL_TYPE": "ES", "BOARD_NAME": "Toronto Catholic District School Board", "SOURCE_ADDRESS": "165 STANLEY AVE ", "SCHOOL_TYPE_DESC": "English Separate", "ADDRESS_POINT_ID": 7570012, "ADDRESS_NUMBER": "165", "LINEAR_NAME_FULL": "Stanley Ave", "ADDRESS_FULL": "165 Stanley Ave", "POSTAL_CODE": "M8V 1P1", "MUNICIPALITY": "ET", "CITY": "ET", "PLACE_NAME": "St. Leo Catholic School", "GENERAL_USE_CODE": 115001, "CENTRELINE_ID": 20052938, "LO_NUM": 165, "LO_NUM_SUF": "None", "HI_NUM": null, "HI_NUM_SUF": "None", "LINEAR_NAME_ID": 2520.0 }, "geometry": { "type": "MultiPoint", "coordinates": [ [ -79.496288451420597, 43.6142799913749 ] ] } },
{ "type": "Feature", "properties": { "_id": 921, "OBJECTID": 1020, "GEO_ID": 30113871.0, "NAME": "ST LEO CATHOLIC ELEMENTARY SCHOOL (FUTURE ADDRESS FOR MAIN ENTRANCE)", "SCHOOL_LEVEL": "None", "SCHOOL_TYPE": "ES", "BOARD_NAME": "Toronto Catholic District School Board", "SOURCE_ADDRESS": "271 ROYAL YORK RD ", "SCHOOL_TYPE_DESC": "English Separate", "ADDRESS_POINT_ID": 30113871, "ADDRESS_NUMBER": "271", "LINEAR_NAME_FULL": "Royal York Rd", "ADDRESS_FULL": "271 Royal York Rd", "POSTAL_CODE": "M8V 2V8", "MUNICIPALITY": "ET", "CITY": "ET", "PLACE_NAME": "None", "GENERAL_USE_CODE": 115001, "CENTRELINE_ID": 7847513, "LO_NUM": 271, "LO_NUM_SUF": "None", "HI_NUM": null, "HI_NUM_SUF": "None", "LINEAR_NAME_ID": 2413.0 }, "geometry": { "type": "MultiPoint", "coordinates": [ [ -79.496619332125107, 43.6133211884746 ] ] } },
{ "type": "Feature", "properties": { "_id": 922, "OBJECTID": 1021, "GEO_ID": 7664628.0, "NAME": "ST LEO CATHOLIC SCHOOL (TEMPORARY LOCATION)", "SCHOOL_LEVEL": "None", "SCHOOL_TYPE": "ES", "BOARD_NAME": "Toronto Catholic District School Board", "SOURCE_ADDRESS": "3672 LAKE SHORE BLVD W", "SCHOOL_TYPE_DESC": "English Separate", "ADDRESS_POINT_ID": 7664628, "ADDRESS_NUMBER": "3672", "LINEAR_NAME_FULL": "Lake Shore Blvd W", "ADDRESS_FULL": "3672 Lake Shore Blvd W", "POSTAL_CODE": "M8W 1N6", "MUNICIPALITY": "ET", "CITY": "ET", "PLACE_NAME": "None", "GENERAL_USE_CODE": 115001, "CENTRELINE_ID": 7664573, "LO_NUM": 3672, "LO_NUM_SUF": "None", "HI_NUM": null, "HI_NUM_SUF": "None", "LINEAR_NAME_ID": 1962.0 }, "geometry": { "type": "MultiPoint", "coordinates": [ [ -79.538179290197505, 43.594476741714402 ] ] } },
{ "type": "Feature", "properties": { "_id": 923, "OBJECTID": 1022, "GEO_ID": 6942666.0, "NAME": "ST LOUIS CATHOLIC ELEMENTARY SCHOOL", "SCHOOL_LEVEL": "None", "SCHOOL_TYPE": "ES", "BOARD_NAME": "Toronto Catholic District School Board", "SOURCE_ADDRESS": "11 MORGAN AVE ", "SCHOOL_TYPE_DESC": "English Separate", "ADDRESS_POINT_ID": 6942666, "ADDRESS_NUMBER": "11", "LINEAR_NAME_FULL": "Morgan Ave", "ADDRESS_FULL": "11 Morgan Ave", "POSTAL_CODE": "M8Y 2Z7", "MUNICIPALITY": "ET", "CITY": "ET", "PLACE_NAME": "St. Louis Catholic School", "GENERAL_USE_CODE": 115001, "CENTRELINE_ID": 20053158, "LO_NUM": 11, "LO_NUM_SUF": "None", "HI_NUM": null, "HI_NUM_SUF": "None", "LINEAR_NAME_ID": 2139.0 }, "geometry": { "type": "MultiPoint", "coordinates": [ [ -79.500955383607604, 43.625745124679902 ] ] } },
{ "type": "Feature", "properties": { "_id": 924, "OBJECTID": 1023, "GEO_ID": 8431736.0, "NAME": "ST LUIGI CATHOLIC ELEMENTARY SCHOOL", "SCHOOL_LEVEL": "None", "SCHOOL_TYPE": "ES", "BOARD_NAME": "Toronto Catholic District School Board", "SOURCE_ADDRESS": "2 RUSKIN AVE ", "SCHOOL_TYPE_DESC": "English Separate", "ADDRESS_POINT_ID": 8431736, "ADDRESS_NUMBER": "2", "LINEAR_NAME_FULL": "Ruskin Ave", "ADDRESS_FULL": "2 Ruskin Ave", "POSTAL_CODE": "M6P 3P8", "MUNICIPALITY": "TO", "CITY": "TO", "PLACE_NAME": "St. Luigi Catholic School", "GENERAL_USE_CODE": 115001, "CENTRELINE_ID": 8431729, "LO_NUM": 2, "LO_NUM_SUF": "None", "HI_NUM": null, "HI_NUM_SUF": "None", "LINEAR_NAME_ID": 4342.0 }, "geometry": { "type": "MultiPoint", "coordinates": [ [ -79.451470113912706, 43.6628755818843 ] ] } },
{ "type": "Feature", "properties": { "_id": 925, "OBJECTID": 1024, "GEO_ID": 30079804.0, "NAME": "ST MADELEINE CATHOLIC ELEMENTARY SCHOOL", "SCHOOL_LEVEL": "None", "SCHOOL_TYPE": "EP", "BOARD_NAME": "Toronto District School Board", "SOURCE_ADDRESS": "1 NESS DR ", "SCHOOL_TYPE_DESC": "English Public", "ADDRESS_POINT_ID": 30079804, "ADDRESS_NUMBER": "1", "LINEAR_NAME_FULL": "Ness Dr", "ADDRESS_FULL": "1 Ness Dr", "POSTAL_CODE": "M3A 2W1", "MUNICIPALITY": "NY", "CITY": "NY", "PLACE_NAME": "None", "GENERAL_USE_CODE": 115001, "CENTRELINE_ID": 439610, "LO_NUM": 1, "LO_NUM_SUF": "None", "HI_NUM": null, "HI_NUM_SUF": "None", "LINEAR_NAME_ID": 6276.0 }, "geometry": { "type": "MultiPoint", "coordinates": [ [ -79.322822126508697, 43.7624707284698 ] ] } },
{ "type": "Feature", "properties": { "_id": 926, "OBJECTID": 1025, "GEO_ID": 11901986.0, "NAME": "ST MALACHY CATHOLIC ELEMENTARY SCHOOL", "SCHOOL_LEVEL": "None", "SCHOOL_TYPE": "ES", "BOARD_NAME": "Toronto Catholic District School Board", "SOURCE_ADDRESS": "80 BENNETT RD ", "SCHOOL_TYPE_DESC": "English Separate", "ADDRESS_POINT_ID": 11901986, "ADDRESS_NUMBER": "80", "LINEAR_NAME_FULL": "Bennett Rd", "ADDRESS_FULL": "80 Bennett Rd", "POSTAL_CODE": "M1E 3Y3", "MUNICIPALITY": "SC", "CITY": "SC", "PLACE_NAME": "St. Malachy Catholic School", "GENERAL_USE_CODE": 115001, "CENTRELINE_ID": 11901984, "LO_NUM": 80, "LO_NUM_SUF": "None", "HI_NUM": null, "HI_NUM_SUF": "None", "LINEAR_NAME_ID": 7338.0 }, "geometry": { "type": "MultiPoint", "coordinates": [ [ -79.166350395013296, 43.771132911906903 ] ] } },
{ "type": "Feature", "properties": { "_id": 927, "OBJECTID": 1026, "GEO_ID": 996286.0, "NAME": "ST MARCELLUS CATHOLIC ELEMENTARY SCHOOL", "SCHOOL_LEVEL": "None", "SCHOOL_TYPE": "ES", "BOARD_NAME": "Toronto Catholic District School Board", "SOURCE_ADDRESS": "15 DENFIELD ST ", "SCHOOL_TYPE_DESC": "English Separate", "ADDRESS_POINT_ID": 996286, "ADDRESS_NUMBER": "15", "LINEAR_NAME_FULL": "Denfield St", "ADDRESS_FULL": "15 Denfield St", "POSTAL_CODE": "M9R 3H2", "MUNICIPALITY": "ET", "CITY": "ET", "PLACE_NAME": "St. Marcellus Catholic School", "GENERAL_USE_CODE": 115001, "CENTRELINE_ID": 909523, "LO_NUM": 15, "LO_NUM_SUF": "None", "HI_NUM": null, "HI_NUM_SUF": "None", "LINEAR_NAME_ID": 1457.0 }, "geometry": { "type": "MultiPoint", "coordinates": [ [ -79.554224952922297, 43.679791936376098 ] ] } },
{ "type": "Feature", "properties": { "_id": 928, "OBJECTID": 1027, "GEO_ID": 14120386.0, "NAME": "ST MARGARET - BEATRICE CAMPUS AND BAYCREST PUBLIC", "SCHOOL_LEVEL": "None", "SCHOOL_TYPE": "ES", "BOARD_NAME": "Toronto Catholic District School Board", "SOURCE_ADDRESS": "50 AMEER AVE ", "SCHOOL_TYPE_DESC": "English Separate", "ADDRESS_POINT_ID": 14120386, "ADDRESS_NUMBER": "50", "LINEAR_NAME_FULL": "Ameer Ave", "ADDRESS_FULL": "50 Ameer Ave", "POSTAL_CODE": "M6A 2L3", "MUNICIPALITY": "NY", "CITY": "NY", "PLACE_NAME": "Sir Sandford Fleming Academy", "GENERAL_USE_CODE": 115001, "CENTRELINE_ID": 30061212, "LO_NUM": 50, "LO_NUM_SUF": "None", "HI_NUM": null, "HI_NUM_SUF": "None", "LINEAR_NAME_ID": 4790.0 }, "geometry": { "type": "MultiPoint", "coordinates": [ [ -79.441705405455593, 43.728692182403201 ] ] } },
{ "type": "Feature", "properties": { "_id": 929, "OBJECTID": 1028, "GEO_ID": 496586.0, "NAME": "ST MARGARET CATHOLIC ELEMENTARY SCHOOL - CARMICHAEL SITE", "SCHOOL_LEVEL": "None", "SCHOOL_TYPE": "ES", "BOARD_NAME": "Toronto Catholic District School Board", "SOURCE_ADDRESS": "85 CARMICHAEL AVE ", "SCHOOL_TYPE_DESC": "English Separate", "ADDRESS_POINT_ID": 496586, "ADDRESS_NUMBER": "85", "LINEAR_NAME_FULL": "Carmichael Ave", "ADDRESS_FULL": "85 Carmichael Ave", "POSTAL_CODE": "M5M 2X1", "MUNICIPALITY": "NY", "CITY": "NY", "PLACE_NAME": "St. Margaret Catholic School", "GENERAL_USE_CODE": 115001, "CENTRELINE_ID": 443017, "LO_NUM": 85, "LO_NUM_SUF": "None", "HI_NUM": null, "HI_NUM_SUF": "None", "LINEAR_NAME_ID": 5123.0 }, "geometry": { "type": "MultiPoint", "coordinates": [ [ -79.426648415055993, 43.7359856885179 ] ] } },
{ "type": "Feature", "properties": { "_id": 930, "OBJECTID": 1029, "GEO_ID": 4650231.0, "NAME": "ST MARGARET'S PUBLIC SCHOOL", "SCHOOL_LEVEL": "None", "SCHOOL_TYPE": "EP", "BOARD_NAME": "Toronto District School Board", "SOURCE_ADDRESS": "235 GALLOWAY RD ", "SCHOOL_TYPE_DESC": "English Public", "ADDRESS_POINT_ID": 4650231, "ADDRESS_NUMBER": "235", "LINEAR_NAME_FULL": "Galloway Rd", "ADDRESS_FULL": "235 Galloway Rd", "POSTAL_CODE": "M1E 1X5", "MUNICIPALITY": "SC", "CITY": "SC", "PLACE_NAME": "St. Margaret's Public School", "GENERAL_USE_CODE": 115001, "CENTRELINE_ID": 30025638, "LO_NUM": 235, "LO_NUM_SUF": "None", "HI_NUM": null, "HI_NUM_SUF": "None", "LINEAR_NAME_ID": 7948.0 }, "geometry": { "type": "MultiPoint", "coordinates": [ [ -79.195821221174995, 43.767950555794698 ] ] } },
{ "type": "Feature", "properties": { "_id": 931, "OBJECTID": 1030, "GEO_ID": 300816.0, "NAME": "ST MARGUERITE BOURGEOYS CATHOLIC ELEMENTARY SCHOOL", "SCHOOL_LEVEL": "None", "SCHOOL_TYPE": "ES", "BOARD_NAME": "Toronto Catholic District School Board", "SOURCE_ADDRESS": "75 ALEXMUIR BLVD ", "SCHOOL_TYPE_DESC": "English Separate", "ADDRESS_POINT_ID": 300816, "ADDRESS_NUMBER": "75", "LINEAR_NAME_FULL": "Alexmuir Blvd", "ADDRESS_FULL": "75 Alexmuir Blvd", "POSTAL_CODE": "M1V 1H6", "MUNICIPALITY": "SC", "CITY": "SC", "PLACE_NAME": "St. Marguerite Bourgeoys Catholic School", "GENERAL_USE_CODE": 115001, "CENTRELINE_ID": 104354, "LO_NUM": 75, "LO_NUM_SUF": "None", "HI_NUM": null, "HI_NUM_SUF": "None", "LINEAR_NAME_ID": 7182.0 }, "geometry": { "type": "MultiPoint", "coordinates": [ [ -79.285091949112697, 43.808230663102698 ] ] } },
{ "type": "Feature", "properties": { "_id": 932, "OBJECTID": 1031, "GEO_ID": 10142951.0, "NAME": "ST MARGUERITE D'YOUVILLE CATHOLIC ELEMENTARY SCHOOL", "SCHOOL_LEVEL": "None", "SCHOOL_TYPE": "FS", "BOARD_NAME": "Conseil scolaire de district catholique Centre-Sud", "SOURCE_ADDRESS": "755 ROYAL YORK RD ", "SCHOOL_TYPE_DESC": "French Separate", "ADDRESS_POINT_ID": 10142951, "ADDRESS_NUMBER": "755", "LINEAR_NAME_FULL": "Royal York Rd", "ADDRESS_FULL": "755 Royal York Rd", "POSTAL_CODE": "M8Y 2T3", "MUNICIPALITY": "ET", "CITY": "ET", "PLACE_NAME": "None", "GENERAL_USE_CODE": 115001, "CENTRELINE_ID": 10142922, "LO_NUM": 755, "LO_NUM_SUF": "None", "HI_NUM": null, "HI_NUM_SUF": "None", "LINEAR_NAME_ID": 2413.0 }, "geometry": { "type": "MultiPoint", "coordinates": [ [ -79.506088063495895, 43.635957703097098 ] ] } },
{ "type": "Feature", "properties": { "_id": 933, "OBJECTID": 1032, "GEO_ID": 350045.0, "NAME": "ST MARIA GORETTI CATHOLIC ELEMENTARY SCHOOL", "SCHOOL_LEVEL": "None", "SCHOOL_TYPE": "ES", "BOARD_NAME": "Toronto Catholic District School Board", "SOURCE_ADDRESS": "21 KENMARK BLVD ", "SCHOOL_TYPE_DESC": "English Separate", "ADDRESS_POINT_ID": 350045, "ADDRESS_NUMBER": "21", "LINEAR_NAME_FULL": "Kenmark Blvd", "ADDRESS_FULL": "21 Kenmark Blvd", "POSTAL_CODE": "M1K 3N8", "MUNICIPALITY": "SC", "CITY": "SC", "PLACE_NAME": "St. Maria Goretti Catholic School", "GENERAL_USE_CODE": 115001, "CENTRELINE_ID": 111374, "LO_NUM": 21, "LO_NUM_SUF": "None", "HI_NUM": null, "HI_NUM_SUF": "None", "LINEAR_NAME_ID": 8220.0 }, "geometry": { "type": "MultiPoint", "coordinates": [ [ -79.265922106768798, 43.729835318062399 ] ] } },
{ "type": "Feature", "properties": { "_id": 934, "OBJECTID": 1033, "GEO_ID": 7940024.0, "NAME": "ST MARK CATHOLIC ELEMENTARY SCHOOL", "SCHOOL_LEVEL": "None", "SCHOOL_TYPE": "ES", "BOARD_NAME": "Toronto Catholic District School Board", "SOURCE_ADDRESS": "45 CLOVERHILL RD ", "SCHOOL_TYPE_DESC": "English Separate", "ADDRESS_POINT_ID": 7940024, "ADDRESS_NUMBER": "45", "LINEAR_NAME_FULL": "Cloverhill Rd", "ADDRESS_FULL": "45 Cloverhill Rd", "POSTAL_CODE": "M8Y 1T4", "MUNICIPALITY": "ET", "CITY": "ET", "PLACE_NAME": "St. Mark Catholic School", "GENERAL_USE_CODE": 115001, "CENTRELINE_ID": 60000288, "LO_NUM": 45, "LO_NUM_SUF": "None", "HI_NUM": null, "HI_NUM_SUF": "None", "LINEAR_NAME_ID": 1363.0 }, "geometry": { "type": "MultiPoint", "coordinates": [ [ -79.490197506268402, 43.6344998506233 ] ] } },
{ "type": "Feature", "properties": { "_id": 935, "OBJECTID": 1034, "GEO_ID": 10257820.0, "NAME": "ST MARTHA CATHOLIC ELEMENTARY SCHOOL", "SCHOOL_LEVEL": "None", "SCHOOL_TYPE": "ES", "BOARD_NAME": "Toronto Catholic District School Board", "SOURCE_ADDRESS": "1865 SHEPPARD AVE W", "SCHOOL_TYPE_DESC": "English Separate", "ADDRESS_POINT_ID": 10257820, "ADDRESS_NUMBER": "1865", "LINEAR_NAME_FULL": "Sheppard Ave W", "ADDRESS_FULL": "1865 Sheppard Ave W", "POSTAL_CODE": "M3L 1Y5", "MUNICIPALITY": "NY", "CITY": "NY", "PLACE_NAME": "St. Martha Catholic School", "GENERAL_USE_CODE": 115001, "CENTRELINE_ID": 10257821, "LO_NUM": 1865, "LO_NUM_SUF": "None", "HI_NUM": null, "HI_NUM_SUF": "None", "LINEAR_NAME_ID": 6699.0 }, "geometry": { "type": "MultiPoint", "coordinates": [ [ -79.502184631375002, 43.7409310902 ] ] } },
{ "type": "Feature", "properties": { "_id": 936, "OBJECTID": 1035, "GEO_ID": 365462.0, "NAME": "ST MARTIN DE PORRES CATHOLIC ELEMENTARY SCHOOL", "SCHOOL_LEVEL": "None", "SCHOOL_TYPE": "ES", "BOARD_NAME": "Toronto Catholic District School Board", "SOURCE_ADDRESS": "230 MORNINGSIDE AVE ", "SCHOOL_TYPE_DESC": "English Separate", "ADDRESS_POINT_ID": 365462, "ADDRESS_NUMBER": "230", "LINEAR_NAME_FULL": "Morningside Ave", "ADDRESS_FULL": "230 Morningside Ave", "POSTAL_CODE": "M1E 3E1", "MUNICIPALITY": "SC", "CITY": "SC", "PLACE_NAME": "St. Martin de Porres Catholic School", "GENERAL_USE_CODE": 115001, "CENTRELINE_ID": 108387, "LO_NUM": 230, "LO_NUM_SUF": "None", "HI_NUM": null, "HI_NUM_SUF": "None", "LINEAR_NAME_ID": 4015.0 }, "geometry": { "type": "MultiPoint", "coordinates": [ [ -79.186292459894901, 43.766982889741598 ] ] } },
{ "type": "Feature", "properties": { "_id": 937, "OBJECTID": 1036, "GEO_ID": 795079.0, "NAME": "ST MARY CATHOLIC ACADEMY SECONDARY SCHOOL ", "SCHOOL_LEVEL": "None", "SCHOOL_TYPE": "ES", "BOARD_NAME": "Toronto Catholic District School Board", "SOURCE_ADDRESS": "66 DUFFERIN PARK AVE ", "SCHOOL_TYPE_DESC": "English Separate", "ADDRESS_POINT_ID": 795079, "ADDRESS_NUMBER": "66", "LINEAR_NAME_FULL": "Dufferin Park Ave", "ADDRESS_FULL": "66 Dufferin Park Ave", "POSTAL_CODE": "M6H 1J6", "MUNICIPALITY": "TO", "CITY": "TO", "PLACE_NAME": "St. Mary Catholic Academy", "GENERAL_USE_CODE": 115001, "CENTRELINE_ID": 1144305, "LO_NUM": 66, "LO_NUM_SUF": "None", "HI_NUM": null, "HI_NUM_SUF": "None", "LINEAR_NAME_ID": 3328.0 }, "geometry": { "type": "MultiPoint", "coordinates": [ [ -79.432154287087698, 43.657793599683899 ] ] } },
{ "type": "Feature", "properties": { "_id": 938, "OBJECTID": 1037, "GEO_ID": 8457265.0, "NAME": "ST MARY CATHOLIC ELEMENTARY SCHOOL", "SCHOOL_LEVEL": "None", "SCHOOL_TYPE": "ES", "BOARD_NAME": "Toronto Catholic District School Board", "SOURCE_ADDRESS": "20 PORTUGAL SQ ", "SCHOOL_TYPE_DESC": "English Separate", "ADDRESS_POINT_ID": 8457265, "ADDRESS_NUMBER": "20", "LINEAR_NAME_FULL": "Portugal Sq", "ADDRESS_FULL": "20 Portugal Sq", "POSTAL_CODE": "M6J 3P2", "MUNICIPALITY": "TO", "CITY": "TO", "PLACE_NAME": "St. Mary Catholic School", "GENERAL_USE_CODE": 115001, "CENTRELINE_ID": 14674139, "LO_NUM": 20, "LO_NUM_SUF": "None", "HI_NUM": null, "HI_NUM_SUF": "None", "LINEAR_NAME_ID": 4211.0 }, "geometry": { "type": "MultiPoint", "coordinates": [ [ -79.40463496612, 43.6458438060303 ] ] } },
{ "type": "Feature", "properties": { "_id": 939, "OBJECTID": 1038, "GEO_ID": 10364883.0, "NAME": "ST MARY OF THE ANGELS CATHOLIC ELEMENTARY SCHOOL", "SCHOOL_LEVEL": "None", "SCHOOL_TYPE": "ES", "BOARD_NAME": "Toronto Catholic District School Board", "SOURCE_ADDRESS": "1477 DUFFERIN ST ", "SCHOOL_TYPE_DESC": "English Separate", "ADDRESS_POINT_ID": 10364883, "ADDRESS_NUMBER": "1477", "LINEAR_NAME_FULL": "Dufferin St", "ADDRESS_FULL": "1477 Dufferin St", "POSTAL_CODE": "M6H 4C7", "MUNICIPALITY": "TO", "CITY": "TO", "PLACE_NAME": "St. Mary Of The Angels Catholic School", "GENERAL_USE_CODE": 115001, "CENTRELINE_ID": 10364636, "LO_NUM": 1477, "LO_NUM_SUF": "None", "HI_NUM": null, "HI_NUM_SUF": "None", "LINEAR_NAME_ID": 557.0 }, "geometry": { "type": "MultiPoint", "coordinates": [ [ -79.440292705009497, 43.672118863900302 ] ] } },
{ "type": "Feature", "properties": { "_id": 940, "OBJECTID": 1039, "GEO_ID": 10635876.0, "NAME": "ST MATTHEW CATHOLIC ELEMENTARY SCHOOL", "SCHOOL_LEVEL": "None", "SCHOOL_TYPE": "ES", "BOARD_NAME": "Toronto Catholic District School Board", "SOURCE_ADDRESS": "18 LAVENDER RD ", "SCHOOL_TYPE_DESC": "English Separate", "ADDRESS_POINT_ID": 10635876, "ADDRESS_NUMBER": "18", "LINEAR_NAME_FULL": "Lavender Rd", "ADDRESS_FULL": "18 Lavender Rd", "POSTAL_CODE": "M6N 2B5", "MUNICIPALITY": "YK", "CITY": "YK", "PLACE_NAME": "St. Matthew Catholic School", "GENERAL_USE_CODE": 115001, "CENTRELINE_ID": 14072375, "LO_NUM": 18, "LO_NUM_SUF": "None", "HI_NUM": null, "HI_NUM_SUF": "None", "LINEAR_NAME_ID": 731.0 }, "geometry": { "type": "MultiPoint", "coordinates": [ [ -79.4679721851425, 43.680585261384898 ] ] } },
{ "type": "Feature", "properties": { "_id": 941, "OBJECTID": 1040, "GEO_ID": 571309.0, "NAME": "ST MATTHIAS C.S. (CLOSED FOR RENOVATION)", "SCHOOL_LEVEL": "None", "SCHOOL_TYPE": "ES", "BOARD_NAME": "Toronto Catholic District School Board", "SOURCE_ADDRESS": "101 VAN HORNE AVE ", "SCHOOL_TYPE_DESC": "English Separate", "ADDRESS_POINT_ID": 571309, "ADDRESS_NUMBER": "101", "LINEAR_NAME_FULL": "Van Horne Ave", "ADDRESS_FULL": "101 Van Horne Ave", "POSTAL_CODE": "M2J 2S8", "MUNICIPALITY": "NY", "CITY": "NY", "PLACE_NAME": "St. Matthias Catholic School", "GENERAL_USE_CODE": 115001, "CENTRELINE_ID": 437364, "LO_NUM": 101, "LO_NUM_SUF": "None", "HI_NUM": null, "HI_NUM_SUF": "None", "LINEAR_NAME_ID": 6984.0 }, "geometry": { "type": "MultiPoint", "coordinates": [ [ -79.359455632410601, 43.784890224953799 ] ] } },
{ "type": "Feature", "properties": { "_id": 942, "OBJECTID": 1041, "GEO_ID": 484639.0, "NAME": "ST MATTHIAS C.S. (TEMPORARY LOCATION)", "SCHOOL_LEVEL": "None", "SCHOOL_TYPE": "EP", "BOARD_NAME": "Toronto District School Board", "SOURCE_ADDRESS": "111 ASPENWOOD DR ", "SCHOOL_TYPE_DESC": "English Public", "ADDRESS_POINT_ID": 484639, "ADDRESS_NUMBER": "111", "LINEAR_NAME_FULL": "Aspenwood Dr", "ADDRESS_FULL": "111 Aspenwood Dr", "POSTAL_CODE": "M2H 2G2", "MUNICIPALITY": "NY", "CITY": "NY", "PLACE_NAME": "None", "GENERAL_USE_CODE": 115001, "CENTRELINE_ID": 30006216, "LO_NUM": 111, "LO_NUM_SUF": "None", "HI_NUM": null, "HI_NUM_SUF": "None", "LINEAR_NAME_ID": 4841.0 }, "geometry": { "type": "MultiPoint", "coordinates": [ [ -79.363158595864306, 43.807043718044802 ] ] } },
{ "type": "Feature", "properties": { "_id": 943, "OBJECTID": 1042, "GEO_ID": 1011124.0, "NAME": "ST MAURICE CATHOLIC ELEMENTARY SCHOOL", "SCHOOL_LEVEL": "None", "SCHOOL_TYPE": "ES", "BOARD_NAME": "Toronto Catholic District School Board", "SOURCE_ADDRESS": "45 KINGSVIEW BLVD ", "SCHOOL_TYPE_DESC": "English Separate", "ADDRESS_POINT_ID": 1011124, "ADDRESS_NUMBER": "45", "LINEAR_NAME_FULL": "Kingsview Blvd", "ADDRESS_FULL": "45 Kingsview Blvd", "POSTAL_CODE": "M9R 1T7", "MUNICIPALITY": "ET", "CITY": "ET", "PLACE_NAME": "St. Maurice Catholic School", "GENERAL_USE_CODE": 115001, "CENTRELINE_ID": 30092086, "LO_NUM": 45, "LO_NUM_SUF": "None", "HI_NUM": null, "HI_NUM_SUF": "None", "LINEAR_NAME_ID": 1929.0 }, "geometry": { "type": "MultiPoint", "coordinates": [ [ -79.553932868062404, 43.697812758935697 ] ] } },
{ "type": "Feature", "properties": { "_id": 944, "OBJECTID": 1043, "GEO_ID": 8351474.0, "NAME": "ST MICHAEL CATHOLIC ELEMENTARY SCHOOL - BLDG 1", "SCHOOL_LEVEL": "None", "SCHOOL_TYPE": "ES", "BOARD_NAME": "Toronto Catholic District School Board", "SOURCE_ADDRESS": "50 GEORGE ST S", "SCHOOL_TYPE_DESC": "English Separate", "ADDRESS_POINT_ID": 8351474, "ADDRESS_NUMBER": "50", "LINEAR_NAME_FULL": "George St S", "ADDRESS_FULL": "50 George St S", "POSTAL_CODE": "M5A 4B2", "MUNICIPALITY": "TO", "CITY": "TO", "PLACE_NAME": "St. Michael Catholic School", "GENERAL_USE_CODE": 115001, "CENTRELINE_ID": 30135837, "LO_NUM": 50, "LO_NUM_SUF": "None", "HI_NUM": null, "HI_NUM_SUF": "None", "LINEAR_NAME_ID": 3493.0 }, "geometry": { "type": "MultiPoint", "coordinates": [ [ -79.369669745880003, 43.6479370958046 ] ] } },
{ "type": "Feature", "properties": { "_id": 945, "OBJECTID": 1044, "GEO_ID": 773895.0, "NAME": "ST MICHAEL'S CHOIR SCHOOL - CHORAL BLDG", "SCHOOL_LEVEL": "None", "SCHOOL_TYPE": "ES", "BOARD_NAME": "Toronto Catholic District School Board", "SOURCE_ADDRESS": "66 BOND ST ", "SCHOOL_TYPE_DESC": "English Separate", "ADDRESS_POINT_ID": 773895, "ADDRESS_NUMBER": "66", "LINEAR_NAME_FULL": "Bond St", "ADDRESS_FULL": "66 Bond St", "POSTAL_CODE": "M5B 1X2", "MUNICIPALITY": "TO", "CITY": "TO", "PLACE_NAME": "St. Michael Choir Jr", "GENERAL_USE_CODE": 115001, "CENTRELINE_ID": 1144656, "LO_NUM": 66, "LO_NUM_SUF": "None", "HI_NUM": null, "HI_NUM_SUF": "None", "LINEAR_NAME_ID": 3029.0 }, "geometry": { "type": "MultiPoint", "coordinates": [ [ -79.378077078033897, 43.6550645830878 ] ] } },
{ "type": "Feature", "properties": { "_id": 946, "OBJECTID": 1045, "GEO_ID": 773896.0, "NAME": "ST MICHAEL'S CHOIR SCHOOL - ELEMENTARY", "SCHOOL_LEVEL": "None", "SCHOOL_TYPE": "ES", "BOARD_NAME": "Toronto Catholic District School Board", "SOURCE_ADDRESS": "67 BOND ST ", "SCHOOL_TYPE_DESC": "English Separate", "ADDRESS_POINT_ID": 773896, "ADDRESS_NUMBER": "67", "LINEAR_NAME_FULL": "Bond St", "ADDRESS_FULL": "67 Bond St", "POSTAL_CODE": "M5B 1X5", "MUNICIPALITY": "TO", "CITY": "TO", "PLACE_NAME": "St. Michael Choir Sr", "GENERAL_USE_CODE": 115001, "CENTRELINE_ID": 1144656, "LO_NUM": 67, "LO_NUM_SUF": "None", "HI_NUM": null, "HI_NUM_SUF": "None", "LINEAR_NAME_ID": 3029.0 }, "geometry": { "type": "MultiPoint", "coordinates": [ [ -79.377687258090603, 43.655445733995002 ] ] } },
{ "type": "Feature", "properties": { "_id": 947, "OBJECTID": 1046, "GEO_ID": 773893.0, "NAME": "ST MICHAEL'S CHOIR SCHOOL - GYMNASIUM BLDG", "SCHOOL_LEVEL": "None", "SCHOOL_TYPE": "ES", "BOARD_NAME": "Toronto Catholic District School Board", "SOURCE_ADDRESS": "56 BOND ST ", "SCHOOL_TYPE_DESC": "English Separate", "ADDRESS_POINT_ID": 773893, "ADDRESS_NUMBER": "56", "LINEAR_NAME_FULL": "Bond St", "ADDRESS_FULL": "56 Bond St", "POSTAL_CODE": "M5B 1X2", "MUNICIPALITY": "TO", "CITY": "TO", "PLACE_NAME": "St Michaels Parish Hall", "GENERAL_USE_CODE": 115001, "CENTRELINE_ID": 1144656, "LO_NUM": 56, "LO_NUM_SUF": "None", "HI_NUM": null, "HI_NUM_SUF": "None", "LINEAR_NAME_ID": 3029.0 }, "geometry": { "type": "MultiPoint", "coordinates": [ [ -79.378123626922005, 43.654802855373902 ] ] } },
{ "type": "Feature", "properties": { "_id": 948, "OBJECTID": 1047, "GEO_ID": 14205177.0, "NAME": "ST MICHAEL'S CHOIR SCHOOL - SECONDARY ", "SCHOOL_LEVEL": "None", "SCHOOL_TYPE": "ES", "BOARD_NAME": "Toronto Catholic District School Board", "SOURCE_ADDRESS": "69 BOND ST ", "SCHOOL_TYPE_DESC": "English Separate", "ADDRESS_POINT_ID": 14205177, "ADDRESS_NUMBER": "69", "LINEAR_NAME_FULL": "Bond St", "ADDRESS_FULL": "69 Bond St", "POSTAL_CODE": "M5B 1X4", "MUNICIPALITY": "TO", "CITY": "TO", "PLACE_NAME": "None", "GENERAL_USE_CODE": 115001, "CENTRELINE_ID": 1144656, "LO_NUM": 69, "LO_NUM_SUF": "None", "HI_NUM": null, "HI_NUM_SUF": "None", "LINEAR_NAME_ID": 3029.0 }, "geometry": { "type": "MultiPoint", "coordinates": [ [ -79.377729412385705, 43.655536161668799 ] ] } },
{ "type": "Feature", "properties": { "_id": 949, "OBJECTID": 1048, "GEO_ID": 8837322.0, "NAME": "ST MICHAEL'S COLLEGE SCHOOL", "SCHOOL_LEVEL": "None", "SCHOOL_TYPE": "PR", "BOARD_NAME": "None", "SOURCE_ADDRESS": "1515 BATHURST ST ", "SCHOOL_TYPE_DESC": "Private", "ADDRESS_POINT_ID": 8837322, "ADDRESS_NUMBER": "1515", "LINEAR_NAME_FULL": "Bathurst St", "ADDRESS_FULL": "1515 Bathurst St", "POSTAL_CODE": "M5P 3H4", "MUNICIPALITY": "YK", "CITY": "YK", "PLACE_NAME": "None", "GENERAL_USE_CODE": 115001, "CENTRELINE_ID": 60032937, "LO_NUM": 1515, "LO_NUM_SUF": "None", "HI_NUM": null, "HI_NUM_SUF": "None", "LINEAR_NAME_ID": 436.0 }, "geometry": { "type": "MultiPoint", "coordinates": [ [ -79.417930046294103, 43.684925435958903 ] ] } },
{ "type": "Feature", "properties": { "_id": 950, "OBJECTID": 1049, "GEO_ID": 7632822.0, "NAME": "ST MONICA CATHOLIC ELEMENTARY SCHOOL", "SCHOOL_LEVEL": "None", "SCHOOL_TYPE": "ES", "BOARD_NAME": "Toronto Catholic District School Board", "SOURCE_ADDRESS": "14 BROADWAY AVE ", "SCHOOL_TYPE_DESC": "English Separate", "ADDRESS_POINT_ID": 7632822, "ADDRESS_NUMBER": "14", "LINEAR_NAME_FULL": "Broadway Ave", "ADDRESS_FULL": "14 Broadway Ave", "POSTAL_CODE": "M4P 1T4", "MUNICIPALITY": "TO", "CITY": "TO", "PLACE_NAME": "St. Monica Catholic School", "GENERAL_USE_CODE": 115001, "CENTRELINE_ID": 7632816, "LO_NUM": 14, "LO_NUM_SUF": "None", "HI_NUM": null, "HI_NUM_SUF": "None", "LINEAR_NAME_ID": 45.0 }, "geometry": { "type": "MultiPoint", "coordinates": [ [ -79.397627704917497, 43.7101592663982 ] ] } },
{ "type": "Feature", "properties": { "_id": 951, "OBJECTID": 1050, "GEO_ID": 2133565.0, "NAME": "ST MOTHER TERESA CATHOLIC ACADEMY", "SCHOOL_LEVEL": "None", "SCHOOL_TYPE": "ES", "BOARD_NAME": "Toronto Catholic District School Board", "SOURCE_ADDRESS": "40 SEWELLS RD ", "SCHOOL_TYPE_DESC": "English Separate", "ADDRESS_POINT_ID": 2133565, "ADDRESS_NUMBER": "40", "LINEAR_NAME_FULL": "Sewells Rd", "ADDRESS_FULL": "40 Sewells Rd", "POSTAL_CODE": "M1B 3G5", "MUNICIPALITY": "SC", "CITY": "SC", "PLACE_NAME": "St. Mother Teresa Catholic Academy", "GENERAL_USE_CODE": 115001, "CENTRELINE_ID": 2133566, "LO_NUM": 40, "LO_NUM_SUF": "None", "HI_NUM": null, "HI_NUM_SUF": "None", "LINEAR_NAME_ID": 30032.0 }, "geometry": { "type": "MultiPoint", "coordinates": [ [ -79.214483488196805, 43.809723237626997 ] ] } },
{ "type": "Feature", "properties": { "_id": 952, "OBJECTID": 1051, "GEO_ID": 301461.0, "NAME": "ST NICHOLAS CATHOLIC ELEMENTARY SCHOOL", "SCHOOL_LEVEL": "None", "SCHOOL_TYPE": "ES", "BOARD_NAME": "Toronto Catholic District School Board", "SOURCE_ADDRESS": "33 AMARILLO DR ", "SCHOOL_TYPE_DESC": "English Separate", "ADDRESS_POINT_ID": 301461, "ADDRESS_NUMBER": "33", "LINEAR_NAME_FULL": "Amarillo Dr", "ADDRESS_FULL": "33 Amarillo Dr", "POSTAL_CODE": "M1J 2P7", "MUNICIPALITY": "SC", "CITY": "SC", "PLACE_NAME": "St. Nicholas Catholic School", "GENERAL_USE_CODE": 115001, "CENTRELINE_ID": 110175, "LO_NUM": 33, "LO_NUM_SUF": "None", "HI_NUM": null, "HI_NUM_SUF": "None", "LINEAR_NAME_ID": 7194.0 }, "geometry": { "type": "MultiPoint", "coordinates": [ [ -79.232893649722001, 43.747733287985398 ] ] } },
{ "type": "Feature", "properties": { "_id": 953, "OBJECTID": 1052, "GEO_ID": 71978.0, "NAME": "ST NICHOLAS OF BARI CATHOLIC ELEMENTARY SCHOOL", "SCHOOL_LEVEL": "None", "SCHOOL_TYPE": "ES", "BOARD_NAME": "Toronto Catholic District School Board", "SOURCE_ADDRESS": "363 ROGERS RD ", "SCHOOL_TYPE_DESC": "English Separate", "ADDRESS_POINT_ID": 71978, "ADDRESS_NUMBER": "363", "LINEAR_NAME_FULL": "Rogers Rd", "ADDRESS_FULL": "363 Rogers Rd", "POSTAL_CODE": "M6E 1R6", "MUNICIPALITY": "YK", "CITY": "YK", "PLACE_NAME": "St. Nicholas Of Bari Catholic School", "GENERAL_USE_CODE": 115001, "CENTRELINE_ID": 8745, "LO_NUM": 363, "LO_NUM_SUF": "None", "HI_NUM": null, "HI_NUM_SUF": "None", "LINEAR_NAME_ID": 849.0 }, "geometry": { "type": "MultiPoint", "coordinates": [ [ -79.460493199153305, 43.6828243738643 ] ] } },
{ "type": "Feature", "properties": { "_id": 954, "OBJECTID": 1053, "GEO_ID": 1038674.0, "NAME": "ST NOEL CHABANEL CATHOLIC ELEMENTARY SCHOOL", "SCHOOL_LEVEL": "None", "SCHOOL_TYPE": "FS", "BOARD_NAME": "Conseil scolaire de district catholique Centre-Sud", "SOURCE_ADDRESS": "30 THISTLE DOWN BLVD ", "SCHOOL_TYPE_DESC": "French Separate", "ADDRESS_POINT_ID": 1038674, "ADDRESS_NUMBER": "30", "LINEAR_NAME_FULL": "Thistle Down Blvd", "ADDRESS_FULL": "30 Thistle Down Blvd", "POSTAL_CODE": "M9V 1H8", "MUNICIPALITY": "ET", "CITY": "ET", "PLACE_NAME": "None", "GENERAL_USE_CODE": 115001, "CENTRELINE_ID": 907072, "LO_NUM": 30, "LO_NUM_SUF": "None", "HI_NUM": null, "HI_NUM_SUF": "None", "LINEAR_NAME_ID": 2621.0 }, "geometry": { "type": "MultiPoint", "coordinates": [ [ -79.560760938254901, 43.736775650508399 ] ] } },
{ "type": "Feature", "properties": { "_id": 955, "OBJECTID": 1054, "GEO_ID": 539709.0, "NAME": "ST NORBERT CATHOLIC ELEMENTARY SCHOOL", "SCHOOL_LEVEL": "None", "SCHOOL_TYPE": "ES", "BOARD_NAME": "Toronto Catholic District School Board", "SOURCE_ADDRESS": "60 MANIZA RD ", "SCHOOL_TYPE_DESC": "English Separate", "ADDRESS_POINT_ID": 539709, "ADDRESS_NUMBER": "60", "LINEAR_NAME_FULL": "Maniza Rd", "ADDRESS_FULL": "60 Maniza Rd", "POSTAL_CODE": "M3K 1R6", "MUNICIPALITY": "NY", "CITY": "NY", "PLACE_NAME": "St. Norbert Catholic School", "GENERAL_USE_CODE": 115001, "CENTRELINE_ID": 443285, "LO_NUM": 60, "LO_NUM_SUF": "None", "HI_NUM": null, "HI_NUM_SUF": "None", "LINEAR_NAME_ID": 6143.0 }, "geometry": { "type": "MultiPoint", "coordinates": [ [ -79.464522787652896, 43.734615036787297 ] ] } },
{ "type": "Feature", "properties": { "_id": 956, "OBJECTID": 1055, "GEO_ID": 2917611.0, "NAME": "ST OSCAR ROMERO CATHOLIC SECONDARY SCHOOL", "SCHOOL_LEVEL": "None", "SCHOOL_TYPE": "ES", "BOARD_NAME": "Toronto Catholic District School Board", "SOURCE_ADDRESS": "99 HUMBER BLVD ", "SCHOOL_TYPE_DESC": "English Separate", "ADDRESS_POINT_ID": 2917611, "ADDRESS_NUMBER": "99", "LINEAR_NAME_FULL": "Humber Blvd", "ADDRESS_FULL": "99 Humber Blvd", "POSTAL_CODE": "M6N 2H4", "MUNICIPALITY": "YK", "CITY": "YK", "PLACE_NAME": "St. Oscar Romero Catholic Secondary School", "GENERAL_USE_CODE": 115001, "CENTRELINE_ID": 2884873, "LO_NUM": 99, "LO_NUM_SUF": "None", "HI_NUM": null, "HI_NUM_SUF": "None", "LINEAR_NAME_ID": 9746.0 }, "geometry": { "type": "MultiPoint", "coordinates": [ [ -79.481017279616694, 43.680309005302902 ] ] } },
{ "type": "Feature", "properties": { "_id": 957, "OBJECTID": 1056, "GEO_ID": 564800.0, "NAME": "ST PASCHAL BAYLON CATHOLIC ELEMENTARY SCHOOL", "SCHOOL_LEVEL": "None", "SCHOOL_TYPE": "ES", "BOARD_NAME": "Toronto Catholic District School Board", "SOURCE_ADDRESS": "15 ST PASCHAL CRT ", "SCHOOL_TYPE_DESC": "English Separate", "ADDRESS_POINT_ID": 564800, "ADDRESS_NUMBER": "15", "LINEAR_NAME_FULL": "St Paschal Crt", "ADDRESS_FULL": "15 St Paschal Crt", "POSTAL_CODE": "M2M 1X6", "MUNICIPALITY": "NY", "CITY": "NY", "PLACE_NAME": "St. Paschal Baylon Catholic School", "GENERAL_USE_CODE": 115001, "CENTRELINE_ID": 436962, "LO_NUM": 15, "LO_NUM_SUF": "None", "HI_NUM": null, "HI_NUM_SUF": "None", "LINEAR_NAME_ID": 6777.0 }, "geometry": { "type": "MultiPoint", "coordinates": [ [ -79.4317032640691, 43.792111222150503 ] ] } },
{ "type": "Feature", "properties": { "_id": 958, "OBJECTID": 1057, "GEO_ID": 7777395.0, "NAME": "ST PATRICK CATHOLIC SECONDARY SCHOOL", "SCHOOL_LEVEL": "None", "SCHOOL_TYPE": "EP", "BOARD_NAME": "Toronto District School Board", "SOURCE_ADDRESS": "45 FELSTEAD AVE ", "SCHOOL_TYPE_DESC": "English Public", "ADDRESS_POINT_ID": 7777395, "ADDRESS_NUMBER": "45", "LINEAR_NAME_FULL": "Felstead Ave", "ADDRESS_FULL": "45 Felstead Ave", "POSTAL_CODE": "M4J 1G3", "MUNICIPALITY": "TO", "CITY": "TO", "PLACE_NAME": "St. Patrick Catholic Secondary School", "GENERAL_USE_CODE": 115001, "CENTRELINE_ID": 60012444, "LO_NUM": 45, "LO_NUM_SUF": "None", "HI_NUM": null, "HI_NUM_SUF": "None", "LINEAR_NAME_ID": 3430.0 }, "geometry": { "type": "MultiPoint", "coordinates": [ [ -79.328261392507898, 43.678173991123401 ] ] } },
{ "type": "Feature", "properties": { "_id": 959, "OBJECTID": 1058, "GEO_ID": 11070056.0, "NAME": "ST PAUL CATHOLIC ELEMENTARY SCHOOL", "SCHOOL_LEVEL": "None", "SCHOOL_TYPE": "ES", "BOARD_NAME": "Toronto Catholic District School Board", "SOURCE_ADDRESS": "80 SACKVILLE ST ", "SCHOOL_TYPE_DESC": "English Separate", "ADDRESS_POINT_ID": 11070056, "ADDRESS_NUMBER": "80", "LINEAR_NAME_FULL": "Sackville St", "ADDRESS_FULL": "80 Sackville St", "POSTAL_CODE": "M5A 3E5", "MUNICIPALITY": "TO", "CITY": "TO", "PLACE_NAME": "St. Paul Catholic School", "GENERAL_USE_CODE": 115001, "CENTRELINE_ID": 14661318, "LO_NUM": 80, "LO_NUM_SUF": "None", "HI_NUM": null, "HI_NUM_SUF": "None", "LINEAR_NAME_ID": 4353.0 }, "geometry": { "type": "MultiPoint", "coordinates": [ [ -79.361734187457898, 43.655488940782199 ] ] } },
{ "type": "Feature", "properties": { "_id": 960, "OBJECTID": 1059, "GEO_ID": 6709986.0, "NAME": "ST PAUL VI CATHOLIC ELEMENTARY SCHOOL", "SCHOOL_LEVEL": "None", "SCHOOL_TYPE": "ES", "BOARD_NAME": "Toronto Catholic District School Board", "SOURCE_ADDRESS": "270 LAUGHTON AVE ", "SCHOOL_TYPE_DESC": "English Separate", "ADDRESS_POINT_ID": 6709986, "ADDRESS_NUMBER": "270", "LINEAR_NAME_FULL": "Laughton Ave", "ADDRESS_FULL": "270 Laughton Ave", "POSTAL_CODE": "M6N 2X8", "MUNICIPALITY": "TO", "CITY": "TO", "PLACE_NAME": "St Paul VI Catholic School", "GENERAL_USE_CODE": 115001, "CENTRELINE_ID": 6709987, "LO_NUM": 270, "LO_NUM_SUF": "None", "HI_NUM": null, "HI_NUM_SUF": "None", "LINEAR_NAME_ID": 3823.0 }, "geometry": { "type": "MultiPoint", "coordinates": [ [ -79.457793028827794, 43.6740129018064 ] ] } },
{ "type": "Feature", "properties": { "_id": 961, "OBJECTID": 1060, "GEO_ID": 825426.0, "NAME": "ST PIUS X CATHOLIC ELEMENTARY SCHOOL", "SCHOOL_LEVEL": "None", "SCHOOL_TYPE": "ES", "BOARD_NAME": "Toronto Catholic District School Board", "SOURCE_ADDRESS": "71 JANE ST ", "SCHOOL_TYPE_DESC": "English Separate", "ADDRESS_POINT_ID": 825426, "ADDRESS_NUMBER": "71", "LINEAR_NAME_FULL": "Jane St", "ADDRESS_FULL": "71 Jane St", "POSTAL_CODE": "M6S 3Y3", "MUNICIPALITY": "TO", "CITY": "TO", "PLACE_NAME": "St. Pius X Catholic School", "GENERAL_USE_CODE": 115001, "CENTRELINE_ID": 1145511, "LO_NUM": 71, "LO_NUM_SUF": "None", "HI_NUM": null, "HI_NUM_SUF": "None", "LINEAR_NAME_ID": 694.0 }, "geometry": { "type": "MultiPoint", "coordinates": [ [ -79.484713338674595, 43.651277223272501 ] ] } },
{ "type": "Feature", "properties": { "_id": 962, "OBJECTID": 1061, "GEO_ID": 518696.0, "NAME": "ST RAPHAEL CATHOLIC ELEMENTARY SCHOOL", "SCHOOL_LEVEL": "None", "SCHOOL_TYPE": "ES", "BOARD_NAME": "Toronto Catholic District School Board", "SOURCE_ADDRESS": "3 GADE DR ", "SCHOOL_TYPE_DESC": "English Separate", "ADDRESS_POINT_ID": 518696, "ADDRESS_NUMBER": "3", "LINEAR_NAME_FULL": "Gade Dr", "ADDRESS_FULL": "3 Gade Dr", "POSTAL_CODE": "M3M 2K2", "MUNICIPALITY": "NY", "CITY": "NY", "PLACE_NAME": "St. Raphael Catholic School", "GENERAL_USE_CODE": 115001, "CENTRELINE_ID": 444040, "LO_NUM": 3, "LO_NUM_SUF": "None", "HI_NUM": null, "HI_NUM_SUF": "None", "LINEAR_NAME_ID": 5656.0 }, "geometry": { "type": "MultiPoint", "coordinates": [ [ -79.488718063683805, 43.728523585717198 ] ] } },
{ "type": "Feature", "properties": { "_id": 963, "OBJECTID": 1062, "GEO_ID": 375269.0, "NAME": "ST RENE GOUPIL CATHOLIC ELEMENTARY SCHOOL", "SCHOOL_LEVEL": "None", "SCHOOL_TYPE": "ES", "BOARD_NAME": "Toronto Catholic District School Board", "SOURCE_ADDRESS": "44 PORT ROYAL TRL ", "SCHOOL_TYPE_DESC": "English Separate", "ADDRESS_POINT_ID": 375269, "ADDRESS_NUMBER": "44", "LINEAR_NAME_FULL": "Port Royal Trl", "ADDRESS_FULL": "44 Port Royal Trl", "POSTAL_CODE": "M1V 2G8", "MUNICIPALITY": "SC", "CITY": "SC", "PLACE_NAME": "St. Rene Goupil Catholic School", "GENERAL_USE_CODE": 115001, "CENTRELINE_ID": 103481, "LO_NUM": 44, "LO_NUM_SUF": "None", "HI_NUM": null, "HI_NUM_SUF": "None", "LINEAR_NAME_ID": 8721.0 }, "geometry": { "type": "MultiPoint", "coordinates": [ [ -79.288303124367104, 43.819348370548099 ] ] } },
{ "type": "Feature", "properties": { "_id": 964, "OBJECTID": 1063, "GEO_ID": 6408660.0, "NAME": "ST RICHARD CATHOLIC ELEMENTARY SCHOOL", "SCHOOL_LEVEL": "None", "SCHOOL_TYPE": "ES", "BOARD_NAME": "Toronto Catholic District School Board", "SOURCE_ADDRESS": "960 BELLAMY RD N", "SCHOOL_TYPE_DESC": "English Separate", "ADDRESS_POINT_ID": 6408660, "ADDRESS_NUMBER": "960", "LINEAR_NAME_FULL": "Bellamy Rd N", "ADDRESS_FULL": "960 Bellamy Rd N", "POSTAL_CODE": "M1H 1H1", "MUNICIPALITY": "SC", "CITY": "SC", "PLACE_NAME": "St. Richard Catholic School", "GENERAL_USE_CODE": 115001, "CENTRELINE_ID": 108383, "LO_NUM": 960, "LO_NUM_SUF": "None", "HI_NUM": null, "HI_NUM_SUF": "None", "LINEAR_NAME_ID": 7313.0 }, "geometry": { "type": "MultiPoint", "coordinates": [ [ -79.239987223629299, 43.768310894291702 ] ] } },
{ "type": "Feature", "properties": { "_id": 965, "OBJECTID": 1064, "GEO_ID": 11405331.0, "NAME": "ST RITA CATHOLIC ELEMENTARY SCHOOL & MSGR FRASER SOUTHWEST", "SCHOOL_LEVEL": "None", "SCHOOL_TYPE": "ES", "BOARD_NAME": "Toronto Catholic District School Board", "SOURCE_ADDRESS": "178 EDWIN AVE ", "SCHOOL_TYPE_DESC": "English Separate", "ADDRESS_POINT_ID": 11405331, "ADDRESS_NUMBER": "178", "LINEAR_NAME_FULL": "Edwin Ave", "ADDRESS_FULL": "178 Edwin Ave", "POSTAL_CODE": "M6P 3Z9", "MUNICIPALITY": "TO", "CITY": "TO", "PLACE_NAME": "St. Rita Catholic School", "GENERAL_USE_CODE": 115001, "CENTRELINE_ID": 30119676, "LO_NUM": 178, "LO_NUM_SUF": "None", "HI_NUM": null, "HI_NUM_SUF": "None", "LINEAR_NAME_ID": 3375.0 }, "geometry": { "type": "MultiPoint", "coordinates": [ [ -79.456336898713403, 43.6661007528295 ] ] } },
{ "type": "Feature", "properties": { "_id": 966, "OBJECTID": 1065, "GEO_ID": 485543.0, "NAME": "ST ROBERT CATHOLIC ELEMENTARY SCHOOL", "SCHOOL_LEVEL": "None", "SCHOOL_TYPE": "ES", "BOARD_NAME": "Toronto Catholic District School Board", "SOURCE_ADDRESS": "70 BAINBRIDGE AVE ", "SCHOOL_TYPE_DESC": "English Separate", "ADDRESS_POINT_ID": 485543, "ADDRESS_NUMBER": "70", "LINEAR_NAME_FULL": "Bainbridge Ave", "ADDRESS_FULL": "70 Bainbridge Ave", "POSTAL_CODE": "M3H 2K2", "MUNICIPALITY": "NY", "CITY": "NY", "PLACE_NAME": "St. Robert Catholic School", "GENERAL_USE_CODE": 115001, "CENTRELINE_ID": 441352, "LO_NUM": 70, "LO_NUM_SUF": "None", "HI_NUM": null, "HI_NUM_SUF": "None", "LINEAR_NAME_ID": 4862.0 }, "geometry": { "type": "MultiPoint", "coordinates": [ [ -79.444145183656502, 43.749657531794803 ] ] } },
{ "type": "Feature", "properties": { "_id": 967, "OBJECTID": 1066, "GEO_ID": 10430603.0, "NAME": "ST ROCH CATHOLIC ELEMENTARY SCHOOL", "SCHOOL_LEVEL": "None", "SCHOOL_TYPE": "ES", "BOARD_NAME": "Toronto Catholic District School Board", "SOURCE_ADDRESS": "174 DUNCANWOODS DR ", "SCHOOL_TYPE_DESC": "English Separate", "ADDRESS_POINT_ID": 10430603, "ADDRESS_NUMBER": "174", "LINEAR_NAME_FULL": "Duncanwoods Dr", "ADDRESS_FULL": "174 Duncanwoods Dr", "POSTAL_CODE": "M9L 2E3", "MUNICIPALITY": "NY", "CITY": "NY", "PLACE_NAME": "St. Roch Catholic School", "GENERAL_USE_CODE": 115001, "CENTRELINE_ID": 10430565, "LO_NUM": 174, "LO_NUM_SUF": "None", "HI_NUM": null, "HI_NUM_SUF": "None", "LINEAR_NAME_ID": 5456.0 }, "geometry": { "type": "MultiPoint", "coordinates": [ [ -79.566749715853902, 43.753707971659203 ] ] } },
{ "type": "Feature", "properties": { "_id": 968, "OBJECTID": 1067, "GEO_ID": 354417.0, "NAME": "ST ROSE OF LIMA CATHOLIC ELEMENTARY SCHOOL", "SCHOOL_LEVEL": "None", "SCHOOL_TYPE": "ES", "BOARD_NAME": "Toronto Catholic District School Board", "SOURCE_ADDRESS": "3220 LAWRENCE AVE E", "SCHOOL_TYPE_DESC": "English Separate", "ADDRESS_POINT_ID": 354417, "ADDRESS_NUMBER": "3220", "LINEAR_NAME_FULL": "Lawrence Ave E", "ADDRESS_FULL": "3220 Lawrence Ave E", "POSTAL_CODE": "M1H 1A4", "MUNICIPALITY": "SC", "CITY": "SC", "PLACE_NAME": "St. Rose Of Lima Catholic School", "GENERAL_USE_CODE": 115001, "CENTRELINE_ID": 30061518, "LO_NUM": 3220, "LO_NUM_SUF": "None", "HI_NUM": null, "HI_NUM_SUF": "None", "LINEAR_NAME_ID": 3828.0 }, "geometry": { "type": "MultiPoint", "coordinates": [ [ -79.240559922870702, 43.7574823998592 ] ] } },
{ "type": "Feature", "properties": { "_id": 969, "OBJECTID": 1068, "GEO_ID": 9638114.0, "NAME": "ST SEBASTIAN CATHOLIC ELEMENTARY SCHOOL", "SCHOOL_LEVEL": "None", "SCHOOL_TYPE": "ES", "BOARD_NAME": "Toronto Catholic District School Board", "SOURCE_ADDRESS": "717 BROCK AVE ", "SCHOOL_TYPE_DESC": "English Separate", "ADDRESS_POINT_ID": 9638114, "ADDRESS_NUMBER": "717", "LINEAR_NAME_FULL": "Brock Ave", "ADDRESS_FULL": "717 Brock Ave", "POSTAL_CODE": "M6H 3P1", "MUNICIPALITY": "TO", "CITY": "TO", "PLACE_NAME": "St. Sebastian Catholic School", "GENERAL_USE_CODE": 115001, "CENTRELINE_ID": 14012744, "LO_NUM": 717, "LO_NUM_SUF": "None", "HI_NUM": null, "HI_NUM_SUF": "None", "LINEAR_NAME_ID": 3066.0 }, "geometry": { "type": "MultiPoint", "coordinates": [ [ -79.439926468149494, 43.662766150868897 ] ] } },
{ "type": "Feature", "properties": { "_id": 970, "OBJECTID": 1069, "GEO_ID": 30016433.0, "NAME": "ST SIMON CATHOLIC ELEMENTARY SCHOOL", "SCHOOL_LEVEL": "None", "SCHOOL_TYPE": "ES", "BOARD_NAME": "Toronto Catholic District School Board", "SOURCE_ADDRESS": "24 STRATHBURN BLVD ", "SCHOOL_TYPE_DESC": "English Separate", "ADDRESS_POINT_ID": 30016433, "ADDRESS_NUMBER": "24", "LINEAR_NAME_FULL": "Strathburn Blvd", "ADDRESS_FULL": "24 Strathburn Blvd", "POSTAL_CODE": "M9M 2K3", "MUNICIPALITY": "NY", "CITY": "NY", "PLACE_NAME": "St. Simon Catholic School", "GENERAL_USE_CODE": 115001, "CENTRELINE_ID": 445303, "LO_NUM": 24, "LO_NUM_SUF": "None", "HI_NUM": null, "HI_NUM_SUF": "None", "LINEAR_NAME_ID": 6808.0 }, "geometry": { "type": "MultiPoint", "coordinates": [ [ -79.532976166078399, 43.718862093577798 ] ] } },
{ "type": "Feature", "properties": { "_id": 971, "OBJECTID": 1070, "GEO_ID": 1003707.0, "NAME": "ST STEPHEN CATHOLIC ELEMENTARY SCHOOL", "SCHOOL_LEVEL": "None", "SCHOOL_TYPE": "ES", "BOARD_NAME": "Toronto Catholic District School Board", "SOURCE_ADDRESS": "55 GOLFDOWN DR ", "SCHOOL_TYPE_DESC": "English Separate", "ADDRESS_POINT_ID": 1003707, "ADDRESS_NUMBER": "55", "LINEAR_NAME_FULL": "Golfdown Dr", "ADDRESS_FULL": "55 Golfdown Dr", "POSTAL_CODE": "M9W 2H8", "MUNICIPALITY": "ET", "CITY": "ET", "PLACE_NAME": "St. Stephen Catholic School", "GENERAL_USE_CODE": 115001, "CENTRELINE_ID": 907698, "LO_NUM": 55, "LO_NUM_SUF": "None", "HI_NUM": null, "HI_NUM_SUF": "None", "LINEAR_NAME_ID": 1690.0 }, "geometry": { "type": "MultiPoint", "coordinates": [ [ -79.554473169542206, 43.722002516709303 ] ] } },
{ "type": "Feature", "properties": { "_id": 972, "OBJECTID": 1071, "GEO_ID": 386354.0, "NAME": "ST SYLVESTER CATHOLIC ELEMENTARY SCHOOL", "SCHOOL_LEVEL": "None", "SCHOOL_TYPE": "ES", "BOARD_NAME": "Toronto Catholic District School Board", "SOURCE_ADDRESS": "260 SILVER SPRINGS BLVD ", "SCHOOL_TYPE_DESC": "English Separate", "ADDRESS_POINT_ID": 386354, "ADDRESS_NUMBER": "260", "LINEAR_NAME_FULL": "Silver Springs Blvd", "ADDRESS_FULL": "260 Silver Springs Blvd", "POSTAL_CODE": "M1V 1S4", "MUNICIPALITY": "SC", "CITY": "SC", "PLACE_NAME": "St. Sylvester Catholic School", "GENERAL_USE_CODE": 115001, "CENTRELINE_ID": 104551, "LO_NUM": 260, "LO_NUM_SUF": "None", "HI_NUM": null, "HI_NUM_SUF": "None", "LINEAR_NAME_ID": 8952.0 }, "geometry": { "type": "MultiPoint", "coordinates": [ [ -79.302246399311102, 43.805358387168901 ] ] } },
{ "type": "Feature", "properties": { "_id": 973, "OBJECTID": 1072, "GEO_ID": 352125.0, "NAME": "ST THERESA SHRINE CATHOLIC ELEMENTARY SCHOOL", "SCHOOL_LEVEL": "None", "SCHOOL_TYPE": "ES", "BOARD_NAME": "Toronto Catholic District School Board", "SOURCE_ADDRESS": "2665 KINGSTON RD ", "SCHOOL_TYPE_DESC": "English Separate", "ADDRESS_POINT_ID": 352125, "ADDRESS_NUMBER": "2665", "LINEAR_NAME_FULL": "Kingston Rd", "ADDRESS_FULL": "2665 Kingston Rd", "POSTAL_CODE": "M1M 1M2", "MUNICIPALITY": "SC", "CITY": "SC", "PLACE_NAME": "St. Theresa Shrine", "GENERAL_USE_CODE": 115001, "CENTRELINE_ID": 112019, "LO_NUM": 2665, "LO_NUM_SUF": "None", "HI_NUM": null, "HI_NUM_SUF": "None", "LINEAR_NAME_ID": 3786.0 }, "geometry": { "type": "MultiPoint", "coordinates": [ [ -79.242475589194498, 43.715637859931697 ] ] } },
{ "type": "Feature", "properties": { "_id": 974, "OBJECTID": 1073, "GEO_ID": 8571075.0, "NAME": "ST THOMAS AQUINAS CATHOLIC ELEMENTARY SCHOOL", "SCHOOL_LEVEL": "None", "SCHOOL_TYPE": "ES", "BOARD_NAME": "Toronto Catholic District School Board", "SOURCE_ADDRESS": "636 GLENHOLME AVE ", "SCHOOL_TYPE_DESC": "English Separate", "ADDRESS_POINT_ID": 8571075, "ADDRESS_NUMBER": "636", "LINEAR_NAME_FULL": "Glenholme Ave", "ADDRESS_FULL": "636 Glenholme Ave", "POSTAL_CODE": "M6E 3G9", "MUNICIPALITY": "YK", "CITY": "YK", "PLACE_NAME": "St. Thomas Aquinas Catholic School", "GENERAL_USE_CODE": 115001, "CENTRELINE_ID": 8570974, "LO_NUM": 636, "LO_NUM_SUF": "None", "HI_NUM": null, "HI_NUM_SUF": "None", "LINEAR_NAME_ID": 615.0 }, "geometry": { "type": "MultiPoint", "coordinates": [ [ -79.445743783147805, 43.6958897058391 ] ] } },
{ "type": "Feature", "properties": { "_id": 975, "OBJECTID": 1074, "GEO_ID": 9234029.0, "NAME": "ST THOMAS MORE CATHOLIC ELEMENTARY SCHOOL", "SCHOOL_LEVEL": "None", "SCHOOL_TYPE": "ES", "BOARD_NAME": "Toronto Catholic District School Board", "SOURCE_ADDRESS": "2300 ELLESMERE RD ", "SCHOOL_TYPE_DESC": "English Separate", "ADDRESS_POINT_ID": 9234029, "ADDRESS_NUMBER": "2300", "LINEAR_NAME_FULL": "Ellesmere Rd", "ADDRESS_FULL": "2300 Ellesmere Rd", "POSTAL_CODE": "M1G 3M7", "MUNICIPALITY": "SC", "CITY": "SC", "PLACE_NAME": "St. Thomas More Catholic School", "GENERAL_USE_CODE": 115001, "CENTRELINE_ID": 9234028, "LO_NUM": 2300, "LO_NUM_SUF": "None", "HI_NUM": null, "HI_NUM_SUF": "None", "LINEAR_NAME_ID": 7835.0 }, "geometry": { "type": "MultiPoint", "coordinates": [ [ -79.225165018032001, 43.7783913599106 ] ] } },
{ "type": "Feature", "properties": { "_id": 976, "OBJECTID": 1075, "GEO_ID": 5145355.0, "NAME": "ST TIMOTHY CATHOLIC ELEMENTARY SCHOOL", "SCHOOL_LEVEL": "None", "SCHOOL_TYPE": "ES", "BOARD_NAME": "Toronto Catholic District School Board", "SOURCE_ADDRESS": "25 ROCHELLE CRES ", "SCHOOL_TYPE_DESC": "English Separate", "ADDRESS_POINT_ID": 5145355, "ADDRESS_NUMBER": "25", "LINEAR_NAME_FULL": "Rochelle Cres", "ADDRESS_FULL": "25 Rochelle Cres", "POSTAL_CODE": "M2J 1Y3", "MUNICIPALITY": "NY", "CITY": "NY", "PLACE_NAME": "St. Timothy Catholic School", "GENERAL_USE_CODE": 115001, "CENTRELINE_ID": 5145339, "LO_NUM": 25, "LO_NUM_SUF": "None", "HI_NUM": null, "HI_NUM_SUF": "None", "LINEAR_NAME_ID": 6567.0 }, "geometry": { "type": "MultiPoint", "coordinates": [ [ -79.351038234017807, 43.774938652465003 ] ] } },
{ "type": "Feature", "properties": { "_id": 977, "OBJECTID": 1076, "GEO_ID": 356351.0, "NAME": "ST URSULA CATHOLIC ELEMENTARY SCHOOL", "SCHOOL_LEVEL": "None", "SCHOOL_TYPE": "ES", "BOARD_NAME": "Toronto Catholic District School Board", "SOURCE_ADDRESS": "215 LIVINGSTON RD ", "SCHOOL_TYPE_DESC": "English Separate", "ADDRESS_POINT_ID": 356351, "ADDRESS_NUMBER": "215", "LINEAR_NAME_FULL": "Livingston Rd", "ADDRESS_FULL": "215 Livingston Rd", "POSTAL_CODE": "M1E 1L8", "MUNICIPALITY": "SC", "CITY": "SC", "PLACE_NAME": "St. Ursula Catholic School", "GENERAL_USE_CODE": 115001, "CENTRELINE_ID": 30059524, "LO_NUM": 215, "LO_NUM_SUF": "None", "HI_NUM": null, "HI_NUM_SUF": "None", "LINEAR_NAME_ID": 8348.0 }, "geometry": { "type": "MultiPoint", "coordinates": [ [ -79.199660399743195, 43.7497922144629 ] ] } },
{ "type": "Feature", "properties": { "_id": 978, "OBJECTID": 1077, "GEO_ID": 307269.0, "NAME": "ST VICTOR CATHOLIC ELEMENTARY SCHOOL", "SCHOOL_LEVEL": "None", "SCHOOL_TYPE": "ES", "BOARD_NAME": "Toronto Catholic District School Board", "SOURCE_ADDRESS": "20 BERNADINE ST ", "SCHOOL_TYPE_DESC": "English Separate", "ADDRESS_POINT_ID": 307269, "ADDRESS_NUMBER": "20", "LINEAR_NAME_FULL": "Bernadine St", "ADDRESS_FULL": "20 Bernadine St", "POSTAL_CODE": "M1P 4M2", "MUNICIPALITY": "SC", "CITY": "SC", "PLACE_NAME": "St. Victor Catholic School", "GENERAL_USE_CODE": 115001, "CENTRELINE_ID": 108321, "LO_NUM": 20, "LO_NUM_SUF": "None", "HI_NUM": null, "HI_NUM_SUF": "None", "LINEAR_NAME_ID": 7348.0 }, "geometry": { "type": "MultiPoint", "coordinates": [ [ -79.259105369471698, 43.769057156297002 ] ] } },
{ "type": "Feature", "properties": { "_id": 979, "OBJECTID": 1078, "GEO_ID": 804845.0, "NAME": "ST VINCENT DE PAUL CATHOLIC ELEMENTARY SCHOOL", "SCHOOL_LEVEL": "None", "SCHOOL_TYPE": "ES", "BOARD_NAME": "Toronto Catholic District School Board", "SOURCE_ADDRESS": "116 FERMANAGH AVE ", "SCHOOL_TYPE_DESC": "English Separate", "ADDRESS_POINT_ID": 804845, "ADDRESS_NUMBER": "116", "LINEAR_NAME_FULL": "Fermanagh Ave", "ADDRESS_FULL": "116 Fermanagh Ave", "POSTAL_CODE": "M6R 1M2", "MUNICIPALITY": "TO", "CITY": "TO", "PLACE_NAME": "St. Vincent De Paul Catholic School", "GENERAL_USE_CODE": 115001, "CENTRELINE_ID": 14017559, "LO_NUM": 116, "LO_NUM_SUF": "None", "HI_NUM": null, "HI_NUM_SUF": "None", "LINEAR_NAME_ID": 3433.0 }, "geometry": { "type": "MultiPoint", "coordinates": [ [ -79.4479230168876, 43.646829269393301 ] ] } },
{ "type": "Feature", "properties": { "_id": 980, "OBJECTID": 1079, "GEO_ID": 11574893.0, "NAME": "ST WILFRID CATHOLIC ELEMENTARY SCHOOL", "SCHOOL_LEVEL": "None", "SCHOOL_TYPE": "ES", "BOARD_NAME": "Toronto Catholic District School Board", "SOURCE_ADDRESS": "1685 FINCH AVE W", "SCHOOL_TYPE_DESC": "English Separate", "ADDRESS_POINT_ID": 11574893, "ADDRESS_NUMBER": "1685", "LINEAR_NAME_FULL": "Finch Ave W", "ADDRESS_FULL": "1685 Finch Ave W", "POSTAL_CODE": "M3J 2G8", "MUNICIPALITY": "NY", "CITY": "NY", "PLACE_NAME": "Saint Wilfrid Catholic School", "GENERAL_USE_CODE": 115001, "CENTRELINE_ID": 30016929, "LO_NUM": 1685, "LO_NUM_SUF": "None", "HI_NUM": null, "HI_NUM_SUF": "None", "LINEAR_NAME_ID": 1610.0 }, "geometry": { "type": "MultiPoint", "coordinates": [ [ -79.502594116141907, 43.760045946413598 ] ] } },
{ "type": "Feature", "properties": { "_id": 981, "OBJECTID": 1080, "GEO_ID": 20200382.0, "NAME": "STANLEY PUBLIC SCHOOL ", "SCHOOL_LEVEL": "None", "SCHOOL_TYPE": "EP", "BOARD_NAME": "Toronto District School Board", "SOURCE_ADDRESS": "75 STANLEY RD ", "SCHOOL_TYPE_DESC": "English Public", "ADDRESS_POINT_ID": 20200382, "ADDRESS_NUMBER": "75", "LINEAR_NAME_FULL": "Stanley Rd", "ADDRESS_FULL": "75 Stanley Rd", "POSTAL_CODE": "M3N 1C2", "MUNICIPALITY": "NY", "CITY": "NY", "PLACE_NAME": "Stanley Public School", "GENERAL_USE_CODE": 115001, "CENTRELINE_ID": 11271967, "LO_NUM": 75, "LO_NUM_SUF": "None", "HI_NUM": null, "HI_NUM_SUF": "None", "LINEAR_NAME_ID": 6783.0 }, "geometry": { "type": "MultiPoint", "coordinates": [ [ -79.517827042328605, 43.741831183788101 ] ] } },
{ "type": "Feature", "properties": { "_id": 982, "OBJECTID": 1081, "GEO_ID": 9467757.0, "NAME": "STEELESVIEW PUBLIC SCHOOL", "SCHOOL_LEVEL": "None", "SCHOOL_TYPE": "EP", "BOARD_NAME": "Toronto District School Board", "SOURCE_ADDRESS": "105 BESTVIEW DR ", "SCHOOL_TYPE_DESC": "English Public", "ADDRESS_POINT_ID": 9467757, "ADDRESS_NUMBER": "105", "LINEAR_NAME_FULL": "Bestview Dr", "ADDRESS_FULL": "105 Bestview Dr", "POSTAL_CODE": "M2M 2Y1", "MUNICIPALITY": "NY", "CITY": "NY", "PLACE_NAME": "Steelesview Public School", "GENERAL_USE_CODE": 115001, "CENTRELINE_ID": 9467747, "LO_NUM": 105, "LO_NUM_SUF": "None", "HI_NUM": null, "HI_NUM_SUF": "None", "LINEAR_NAME_ID": 4945.0 }, "geometry": { "type": "MultiPoint", "coordinates": [ [ -79.3856328580992, 43.802666088292099 ] ] } },
{ "type": "Feature", "properties": { "_id": 983, "OBJECTID": 1082, "GEO_ID": 9780035.0, "NAME": "STELLA MARIS CATHOLIC ELEMENTARY SCHOOL", "SCHOOL_LEVEL": "None", "SCHOOL_TYPE": "ES", "BOARD_NAME": "Toronto Catholic District School Board", "SOURCE_ADDRESS": "31 ASCOT AVE ", "SCHOOL_TYPE_DESC": "English Separate", "ADDRESS_POINT_ID": 9780035, "ADDRESS_NUMBER": "31", "LINEAR_NAME_FULL": "Ascot Ave", "ADDRESS_FULL": "31 Ascot Ave", "POSTAL_CODE": "M6E 1E6", "MUNICIPALITY": "TO", "CITY": "TO", "PLACE_NAME": "Stella Maris Catholic School", "GENERAL_USE_CODE": 115001, "CENTRELINE_ID": 14015702, "LO_NUM": 31, "LO_NUM_SUF": "None", "HI_NUM": null, "HI_NUM_SUF": "None", "LINEAR_NAME_ID": 2904.0 }, "geometry": { "type": "MultiPoint", "coordinates": [ [ -79.4448952342307, 43.679625981458699 ] ] } },
{ "type": "Feature", "properties": { "_id": 984, "OBJECTID": 1083, "GEO_ID": 7522835.0, "NAME": "STILECROFT PUBLIC SCHOOL", "SCHOOL_LEVEL": "None", "SCHOOL_TYPE": "EP", "BOARD_NAME": "Toronto District School Board", "SOURCE_ADDRESS": "50 STILECROFT DR ", "SCHOOL_TYPE_DESC": "English Public", "ADDRESS_POINT_ID": 7522835, "ADDRESS_NUMBER": "50", "LINEAR_NAME_FULL": "Stilecroft Dr", "ADDRESS_FULL": "50 Stilecroft Dr", "POSTAL_CODE": "M3J 1A7", "MUNICIPALITY": "NY", "CITY": "NY", "PLACE_NAME": "Stilecroft Public School", "GENERAL_USE_CODE": 115001, "CENTRELINE_ID": 30092975, "LO_NUM": 50, "LO_NUM_SUF": "None", "HI_NUM": null, "HI_NUM_SUF": "None", "LINEAR_NAME_ID": 6797.0 }, "geometry": { "type": "MultiPoint", "coordinates": [ [ -79.493205098708899, 43.7510558213298 ] ] } },
{ "type": "Feature", "properties": { "_id": 985, "OBJECTID": 1084, "GEO_ID": 9035656.0, "NAME": "STS COSMAS AND DAMIAN CATHOLIC ELEMENTARY SCHOOL", "SCHOOL_LEVEL": "None", "SCHOOL_TYPE": "ES", "BOARD_NAME": "Toronto Catholic District School Board", "SOURCE_ADDRESS": "111 DANESBURY AVE ", "SCHOOL_TYPE_DESC": "English Separate", "ADDRESS_POINT_ID": 9035656, "ADDRESS_NUMBER": "111", "LINEAR_NAME_FULL": "Danesbury Ave", "ADDRESS_FULL": "111 Danesbury Ave", "POSTAL_CODE": "M6B 3L3", "MUNICIPALITY": "NY", "CITY": "NY", "PLACE_NAME": "Sts. Cosmas and Damian Catholic School", "GENERAL_USE_CODE": 115001, "CENTRELINE_ID": 9035636, "LO_NUM": 111, "LO_NUM_SUF": "None", "HI_NUM": null, "HI_NUM_SUF": "None", "LINEAR_NAME_ID": 544.0 }, "geometry": { "type": "MultiPoint", "coordinates": [ [ -79.444425886557497, 43.7069342288817 ] ] } },
{ "type": "Feature", "properties": { "_id": 986, "OBJECTID": 1085, "GEO_ID": 11739461.0, "NAME": "SUCCESS ACADEMY", "SCHOOL_LEVEL": "None", "SCHOOL_TYPE": "PR", "BOARD_NAME": "None", "SOURCE_ADDRESS": "27 BLUE HAVEN CRES ", "SCHOOL_TYPE_DESC": "Private", "ADDRESS_POINT_ID": 11739461, "ADDRESS_NUMBER": "27", "LINEAR_NAME_FULL": "Blue Haven Cres", "ADDRESS_FULL": "27 Blue Haven Cres", "POSTAL_CODE": "M9M 1W6", "MUNICIPALITY": "NY", "CITY": "NY", "PLACE_NAME": "None", "GENERAL_USE_CODE": 115001, "CENTRELINE_ID": 30001655, "LO_NUM": 27, "LO_NUM_SUF": "None", "HI_NUM": null, "HI_NUM_SUF": "None", "LINEAR_NAME_ID": 11430.0 }, "geometry": { "type": "MultiPoint", "coordinates": [ [ -79.556122765405703, 43.746550175014903 ] ] } },
{ "type": "Feature", "properties": { "_id": 987, "OBJECTID": 1086, "GEO_ID": 484181.0, "NAME": "SUMMIT HEIGHTS PUBLIC SCHOOL", "SCHOOL_LEVEL": "None", "SCHOOL_TYPE": "EP", "BOARD_NAME": "Toronto District School Board", "SOURCE_ADDRESS": "139 ARMOUR BLVD ", "SCHOOL_TYPE_DESC": "English Public", "ADDRESS_POINT_ID": 484181, "ADDRESS_NUMBER": "139", "LINEAR_NAME_FULL": "Armour Blvd", "ADDRESS_FULL": "139 Armour Blvd", "POSTAL_CODE": "M3H 1M1", "MUNICIPALITY": "NY", "CITY": "NY", "PLACE_NAME": "Summit Heights Public School", "GENERAL_USE_CODE": 115001, "CENTRELINE_ID": 442284, "LO_NUM": 139, "LO_NUM_SUF": "None", "HI_NUM": null, "HI_NUM_SUF": "None", "LINEAR_NAME_ID": 4827.0 }, "geometry": { "type": "MultiPoint", "coordinates": [ [ -79.430036938368204, 43.741321774651503 ] ] } },
{ "type": "Feature", "properties": { "_id": 988, "OBJECTID": 1087, "GEO_ID": 7369607.0, "NAME": "SUMMIT MICRO SCHOOL", "SCHOOL_LEVEL": "None", "SCHOOL_TYPE": "PR", "BOARD_NAME": "None", "SOURCE_ADDRESS": "291 JANE ST ", "SCHOOL_TYPE_DESC": "Private", "ADDRESS_POINT_ID": 7369607, "ADDRESS_NUMBER": "291", "LINEAR_NAME_FULL": "Jane St", "ADDRESS_FULL": "291 Jane St", "POSTAL_CODE": "M6S 3Z3", "MUNICIPALITY": "TO", "CITY": "TO", "PLACE_NAME": "None", "GENERAL_USE_CODE": 115001, "CENTRELINE_ID": 7369263, "LO_NUM": 291, "LO_NUM_SUF": "None", "HI_NUM": null, "HI_NUM_SUF": "None", "LINEAR_NAME_ID": 694.0 }, "geometry": { "type": "MultiPoint", "coordinates": [ [ -79.4870298333676, 43.656329196517 ] ] } },
{ "type": "Feature", "properties": { "_id": 989, "OBJECTID": 1088, "GEO_ID": 2476346.0, "NAME": "SUNNY VIEW JR & SR PUBLIC SCHOOL", "SCHOOL_LEVEL": "None", "SCHOOL_TYPE": "EP", "BOARD_NAME": "Toronto District School Board", "SOURCE_ADDRESS": "450 BLYTHWOOD RD ", "SCHOOL_TYPE_DESC": "English Public", "ADDRESS_POINT_ID": 2476346, "ADDRESS_NUMBER": "450", "LINEAR_NAME_FULL": "Blythwood Rd", "ADDRESS_FULL": "450 Blythwood Rd", "POSTAL_CODE": "M4N 1A9", "MUNICIPALITY": "NY", "CITY": "NY", "PLACE_NAME": "Sunny View Junior and Senior Public School", "GENERAL_USE_CODE": 115001, "CENTRELINE_ID": 2476347, "LO_NUM": 450, "LO_NUM_SUF": "None", "HI_NUM": null, "HI_NUM_SUF": "None", "LINEAR_NAME_ID": 3024.0 }, "geometry": { "type": "MultiPoint", "coordinates": [ [ -79.3873376052873, 43.7198437625729 ] ] } },
{ "type": "Feature", "properties": { "_id": 990, "OBJECTID": 1089, "GEO_ID": 11272707.0, "NAME": "SUNNYBROOK SCHOOL", "SCHOOL_LEVEL": "None", "SCHOOL_TYPE": "PR", "BOARD_NAME": "None", "SOURCE_ADDRESS": "469 MERTON ST ", "SCHOOL_TYPE_DESC": "Private", "ADDRESS_POINT_ID": 11272707, "ADDRESS_NUMBER": "469", "LINEAR_NAME_FULL": "Merton St", "ADDRESS_FULL": "469 Merton St", "POSTAL_CODE": "M4S 1B4", "MUNICIPALITY": "TO", "CITY": "TO", "PLACE_NAME": "None", "GENERAL_USE_CODE": 115001, "CENTRELINE_ID": 30118231, "LO_NUM": 469, "LO_NUM_SUF": "None", "HI_NUM": null, "HI_NUM_SUF": "None", "LINEAR_NAME_ID": 3986.0 }, "geometry": { "type": "MultiPoint", "coordinates": [ [ -79.382599145921702, 43.698765262986399 ] ] } },
{ "type": "Feature", "properties": { "_id": 991, "OBJECTID": 1090, "GEO_ID": 6807238.0, "NAME": "SUNNYLEA JR SCHOOL ", "SCHOOL_LEVEL": "None", "SCHOOL_TYPE": "EP", "BOARD_NAME": "Toronto District School Board", "SOURCE_ADDRESS": "35 GLENROY AVE ", "SCHOOL_TYPE_DESC": "English Public", "ADDRESS_POINT_ID": 6807238, "ADDRESS_NUMBER": "35", "LINEAR_NAME_FULL": "Glenroy Ave", "ADDRESS_FULL": "35 Glenroy Ave", "POSTAL_CODE": "M8Y 2M2", "MUNICIPALITY": "ET", "CITY": "ET", "PLACE_NAME": "Sunnylea Junior School", "GENERAL_USE_CODE": 115001, "CENTRELINE_ID": 6807239, "LO_NUM": 35, "LO_NUM_SUF": "None", "HI_NUM": null, "HI_NUM_SUF": "None", "LINEAR_NAME_ID": 1682.0 }, "geometry": { "type": "MultiPoint", "coordinates": [ [ -79.506873254789198, 43.642443989270902 ] ] } },
{ "type": "Feature", "properties": { "_id": 992, "OBJECTID": 1091, "GEO_ID": 553701.0, "NAME": "SUON ACADEMY", "SCHOOL_LEVEL": "None", "SCHOOL_TYPE": "PR", "BOARD_NAME": "None", "SOURCE_ADDRESS": "5 QUEENSLEA AVE ", "SCHOOL_TYPE_DESC": "Private", "ADDRESS_POINT_ID": 553701, "ADDRESS_NUMBER": "5", "LINEAR_NAME_FULL": "Queenslea Ave", "ADDRESS_FULL": "5 Queenslea Ave", "POSTAL_CODE": "M9N 3X9", "MUNICIPALITY": "NY", "CITY": "NY", "PLACE_NAME": "None", "GENERAL_USE_CODE": 115001, "CENTRELINE_ID": 446049, "LO_NUM": 5, "LO_NUM_SUF": "None", "HI_NUM": null, "HI_NUM_SUF": "None", "LINEAR_NAME_ID": 827.0 }, "geometry": { "type": "MultiPoint", "coordinates": [ [ -79.511684551781997, 43.710570665257599 ] ] } },
{ "type": "Feature", "properties": { "_id": 993, "OBJECTID": 1092, "GEO_ID": 7635396.0, "NAME": "SWANSEA JR & SR PUBLIC SCHOOL", "SCHOOL_LEVEL": "None", "SCHOOL_TYPE": "EP", "BOARD_NAME": "Toronto District School Board", "SOURCE_ADDRESS": "207 WINDERMERE AVE ", "SCHOOL_TYPE_DESC": "English Public", "ADDRESS_POINT_ID": 7635396, "ADDRESS_NUMBER": "207", "LINEAR_NAME_FULL": "Windermere Ave", "ADDRESS_FULL": "207 Windermere Ave", "POSTAL_CODE": "M6S 3J9", "MUNICIPALITY": "TO", "CITY": "TO", "PLACE_NAME": "Swansea Junior and Senior Public School", "GENERAL_USE_CODE": 115001, "CENTRELINE_ID": 7632578, "LO_NUM": 207, "LO_NUM_SUF": "None", "HI_NUM": null, "HI_NUM_SUF": "None", "LINEAR_NAME_ID": 960.0 }, "geometry": { "type": "MultiPoint", "coordinates": [ [ -79.477042753037495, 43.643679291469198 ] ] } },
{ "type": "Feature", "properties": { "_id": 994, "OBJECTID": 1093, "GEO_ID": 10736648.0, "NAME": "TADDLE CREEK MONTESSORI SCHOOL", "SCHOOL_LEVEL": "None", "SCHOOL_TYPE": "PR", "BOARD_NAME": "None", "SOURCE_ADDRESS": "39 SPADINA RD ", "SCHOOL_TYPE_DESC": "Private", "ADDRESS_POINT_ID": 10736648, "ADDRESS_NUMBER": "39", "LINEAR_NAME_FULL": "Spadina Rd", "ADDRESS_FULL": "39 Spadina Rd", "POSTAL_CODE": "M5R 2S9", "MUNICIPALITY": "TO", "CITY": "TO", "PLACE_NAME": "None", "GENERAL_USE_CODE": 115001, "CENTRELINE_ID": 14239870, "LO_NUM": 39, "LO_NUM_SUF": "None", "HI_NUM": null, "HI_NUM_SUF": "None", "LINEAR_NAME_ID": 4428.0 }, "geometry": { "type": "MultiPoint", "coordinates": [ [ -79.404268204957603, 43.668529412713603 ] ] } },
{ "type": "Feature", "properties": { "_id": 995, "OBJECTID": 1094, "GEO_ID": 783049.0, "NAME": "TAIE INTERNATIONAL INSTITUTE SCHOOL", "SCHOOL_LEVEL": "None", "SCHOOL_TYPE": "PR", "BOARD_NAME": "None", "SOURCE_ADDRESS": "399 CHURCH ST ", "SCHOOL_TYPE_DESC": "Private", "ADDRESS_POINT_ID": 783049, "ADDRESS_NUMBER": "399", "LINEAR_NAME_FULL": "Church St", "ADDRESS_FULL": "399 Church St", "POSTAL_CODE": "M5B 2J6", "MUNICIPALITY": "TO", "CITY": "TO", "PLACE_NAME": "None", "GENERAL_USE_CODE": 115001, "CENTRELINE_ID": 1143593, "LO_NUM": 399, "LO_NUM_SUF": "None", "HI_NUM": null, "HI_NUM_SUF": "None", "LINEAR_NAME_ID": 503.0 }, "geometry": { "type": "MultiPoint", "coordinates": [ [ -79.3789333112516, 43.661784900085003 ] ] } },
{ "type": "Feature", "properties": { "_id": 996, "OBJECTID": 1095, "GEO_ID": 6793434.0, "NAME": "TALENTA ACADEMY", "SCHOOL_LEVEL": "None", "SCHOOL_TYPE": "PR", "BOARD_NAME": "None", "SOURCE_ADDRESS": "2020 ELLESMERE RD ", "SCHOOL_TYPE_DESC": "Private", "ADDRESS_POINT_ID": 6793434, "ADDRESS_NUMBER": "2020", "LINEAR_NAME_FULL": "Ellesmere Rd", "ADDRESS_FULL": "2020 Ellesmere Rd", "POSTAL_CODE": "M1H 2Z8", "MUNICIPALITY": "SC", "CITY": "SC", "PLACE_NAME": "None", "GENERAL_USE_CODE": 115001, "CENTRELINE_ID": 30098911, "LO_NUM": 2020, "LO_NUM_SUF": "None", "HI_NUM": null, "HI_NUM_SUF": "None", "LINEAR_NAME_ID": 7835.0 }, "geometry": { "type": "MultiPoint", "coordinates": [ [ -79.236135739226896, 43.776551076377501 ] ] } },
{ "type": "Feature", "properties": { "_id": 997, "OBJECTID": 1096, "GEO_ID": 351647.0, "NAME": "TAM O'SHANTER JR PUBLIC SCHOOL ", "SCHOOL_LEVEL": "None", "SCHOOL_TYPE": "EP", "BOARD_NAME": "Toronto District School Board", "SOURCE_ADDRESS": "21 KING HENRY'S BLVD ", "SCHOOL_TYPE_DESC": "English Public", "ADDRESS_POINT_ID": 351647, "ADDRESS_NUMBER": "21", "LINEAR_NAME_FULL": "King Henry's Blvd", "ADDRESS_FULL": "21 King Henry's Blvd", "POSTAL_CODE": "M1T 2V3", "MUNICIPALITY": "SC", "CITY": "SC", "PLACE_NAME": "Tam O'Shanter Junior Public School", "GENERAL_USE_CODE": 115001, "CENTRELINE_ID": 106768, "LO_NUM": 21, "LO_NUM_SUF": "None", "HI_NUM": null, "HI_NUM_SUF": "None", "LINEAR_NAME_ID": 8255.0 }, "geometry": { "type": "MultiPoint", "coordinates": [ [ -79.297661687089601, 43.785071635858799 ] ] } },
{ "type": "Feature", "properties": { "_id": 998, "OBJECTID": 1097, "GEO_ID": 8260326.0, "NAME": "TAMARACK WEST OUTDOOR SCHOOL", "SCHOOL_LEVEL": "None", "SCHOOL_TYPE": "PR", "BOARD_NAME": "None", "SOURCE_ADDRESS": "2480 DUNDAS ST W", "SCHOOL_TYPE_DESC": "Private", "ADDRESS_POINT_ID": 8260326, "ADDRESS_NUMBER": "2480", "LINEAR_NAME_FULL": "Dundas St W", "ADDRESS_FULL": "2480 Dundas St W", "POSTAL_CODE": "M6P 1W9", "MUNICIPALITY": "TO", "CITY": "TO", "PLACE_NAME": "None", "GENERAL_USE_CODE": 115001, "CENTRELINE_ID": 8260283, "LO_NUM": 2480, "LO_NUM_SUF": "None", "HI_NUM": null, "HI_NUM_SUF": "None", "LINEAR_NAME_ID": 558.0 }, "geometry": { "type": "MultiPoint", "coordinates": [ [ -79.453384300584901, 43.659897473788199 ] ] } },
{ "type": "Feature", "properties": { "_id": 999, "OBJECTID": 1098, "GEO_ID": 10318427.0, "NAME": "TANENBAUM CHAT WALLENBERG CAMPUS", "SCHOOL_LEVEL": "None", "SCHOOL_TYPE": "PR", "BOARD_NAME": "None", "SOURCE_ADDRESS": "200 WILMINGTON AVE ", "SCHOOL_TYPE_DESC": "Private", "ADDRESS_POINT_ID": 10318427, "ADDRESS_NUMBER": "200", "LINEAR_NAME_FULL": "Wilmington Ave", "ADDRESS_FULL": "200 Wilmington Ave", "POSTAL_CODE": "M3H 5J8", "MUNICIPALITY": "NY", "CITY": "NY", "PLACE_NAME": "Community Hebrew Academy Of Toronto", "GENERAL_USE_CODE": 115001, "CENTRELINE_ID": 30096465, "LO_NUM": 200, "LO_NUM_SUF": "None", "HI_NUM": null, "HI_NUM_SUF": "None", "LINEAR_NAME_ID": 7095.0 }, "geometry": { "type": "MultiPoint", "coordinates": [ [ -79.457213214766995, 43.7618954251163 ] ] } },
{ "type": "Feature", "properties": { "_id": 1000, "OBJECTID": 1099, "GEO_ID": 395722.0, "NAME": "TAYLOR CREEK PUBLIC SCHOOL", "SCHOOL_LEVEL": "None", "SCHOOL_TYPE": "EP", "BOARD_NAME": "Toronto District School Board", "SOURCE_ADDRESS": "644 WARDEN AVE ", "SCHOOL_TYPE_DESC": "English Public", "ADDRESS_POINT_ID": 395722, "ADDRESS_NUMBER": "644", "LINEAR_NAME_FULL": "Warden Ave", "ADDRESS_FULL": "644 Warden Ave", "POSTAL_CODE": "M1L 3Z3", "MUNICIPALITY": "SC", "CITY": "SC", "PLACE_NAME": "Taylor Creek Public School", "GENERAL_USE_CODE": 115001, "CENTRELINE_ID": 60007783, "LO_NUM": 644, "LO_NUM_SUF": "None", "HI_NUM": null, "HI_NUM_SUF": "None", "LINEAR_NAME_ID": 9187.0 }, "geometry": { "type": "MultiPoint", "coordinates": [ [ -79.277287743430705, 43.700037758463303 ] ] } },
{ "type": "Feature", "properties": { "_id": 1001, "OBJECTID": 1100, "GEO_ID": 2119588.0, "NAME": "TAYYIBAH ISLAMIC ACADEMY INC SCHOOL", "SCHOOL_LEVEL": "None", "SCHOOL_TYPE": "PR", "BOARD_NAME": "None", "SOURCE_ADDRESS": "100 MCLEVIN AVE ", "SCHOOL_TYPE_DESC": "Private", "ADDRESS_POINT_ID": 2119588, "ADDRESS_NUMBER": "100", "LINEAR_NAME_FULL": "McLevin Ave", "ADDRESS_FULL": "100 McLevin Ave", "POSTAL_CODE": "M1B 5K1", "MUNICIPALITY": "SC", "CITY": "SC", "PLACE_NAME": "None", "GENERAL_USE_CODE": 115001, "CENTRELINE_ID": 2119589, "LO_NUM": 100, "LO_NUM_SUF": "None", "HI_NUM": null, "HI_NUM_SUF": "None", "LINEAR_NAME_ID": 8463.0 }, "geometry": { "type": "MultiPoint", "coordinates": [ [ -79.236575079913294, 43.801553947417197 ] ] } },
{ "type": "Feature", "properties": { "_id": 1002, "OBJECTID": 1101, "GEO_ID": 3073688.0, "NAME": "TCDSB PROGRAM AND SPECIALS SERVICES - EAST BUILDING", "SCHOOL_LEVEL": "None", "SCHOOL_TYPE": "ES", "BOARD_NAME": "Toronto Catholic District School Board", "SOURCE_ADDRESS": "100 FUNDY BAY BLVD ", "SCHOOL_TYPE_DESC": "English Separate", "ADDRESS_POINT_ID": 3073688, "ADDRESS_NUMBER": "100", "LINEAR_NAME_FULL": "Fundy Bay Blvd", "ADDRESS_FULL": "100 Fundy Bay Blvd", "POSTAL_CODE": "M1W 3G1", "MUNICIPALITY": "SC", "CITY": "SC", "PLACE_NAME": "St. Maximilian Kolbe Catholic School", "GENERAL_USE_CODE": 115001, "CENTRELINE_ID": 3072730, "LO_NUM": 100, "LO_NUM_SUF": "None", "HI_NUM": null, "HI_NUM_SUF": "None", "LINEAR_NAME_ID": 7938.0 }, "geometry": { "type": "MultiPoint", "coordinates": [ [ -79.316603366661894, 43.809350538890797 ] ] } },
{ "type": "Feature", "properties": { "_id": 1003, "OBJECTID": 1102, "GEO_ID": 383206.0, "NAME": "TECUMSEH SR PUBLIC SCHOOL", "SCHOOL_LEVEL": "None", "SCHOOL_TYPE": "EP", "BOARD_NAME": "Toronto District School Board", "SOURCE_ADDRESS": "720 SCARBOROUGH GOLF CLUB RD ", "SCHOOL_TYPE_DESC": "English Public", "ADDRESS_POINT_ID": 383206, "ADDRESS_NUMBER": "720", "LINEAR_NAME_FULL": "Scarborough Golf Club Rd", "ADDRESS_FULL": "720 Scarborough Golf Club Rd", "POSTAL_CODE": "M1G 1H7", "MUNICIPALITY": "SC", "CITY": "SC", "PLACE_NAME": "Tecumseh Senior Public School", "GENERAL_USE_CODE": 115001, "CENTRELINE_ID": 108906, "LO_NUM": 720, "LO_NUM_SUF": "None", "HI_NUM": null, "HI_NUM_SUF": "None", "LINEAR_NAME_ID": 8891.0 }, "geometry": { "type": "MultiPoint", "coordinates": [ [ -79.216727028424998, 43.762907042455097 ] ] } },
{ "type": "Feature", "properties": { "_id": 1004, "OBJECTID": 1103, "GEO_ID": 373500.0, "NAME": "TERRAVIEW LEARNING CENTRE", "SCHOOL_LEVEL": "None", "SCHOOL_TYPE": "EP", "BOARD_NAME": "Toronto District School Board", "SOURCE_ADDRESS": "1641 PHARMACY AVE ", "SCHOOL_TYPE_DESC": "English Public", "ADDRESS_POINT_ID": 373500, "ADDRESS_NUMBER": "1641", "LINEAR_NAME_FULL": "Pharmacy Ave", "ADDRESS_FULL": "1641 Pharmacy Ave", "POSTAL_CODE": "M1R 2L2", "MUNICIPALITY": "SC", "CITY": "SC", "PLACE_NAME": "Parkview Alternative School", "GENERAL_USE_CODE": 115001, "CENTRELINE_ID": 108595, "LO_NUM": 1641, "LO_NUM_SUF": "None", "HI_NUM": null, "HI_NUM_SUF": "None", "LINEAR_NAME_ID": 8691.0 }, "geometry": { "type": "MultiPoint", "coordinates": [ [ -79.313002607884997, 43.767377280037898 ] ] } },
{ "type": "Feature", "properties": { "_id": 1005, "OBJECTID": 1104, "GEO_ID": 370058.0, "NAME": "TERRAVIEW WILLOWFIELD PUBLIC SCHOOL ", "SCHOOL_LEVEL": "None", "SCHOOL_TYPE": "EP", "BOARD_NAME": "Toronto District School Board", "SOURCE_ADDRESS": "95 PACHINO BLVD ", "SCHOOL_TYPE_DESC": "English Public", "ADDRESS_POINT_ID": 370058, "ADDRESS_NUMBER": "95", "LINEAR_NAME_FULL": "Pachino Blvd", "ADDRESS_FULL": "95 Pachino Blvd", "POSTAL_CODE": "M1R 4K1", "MUNICIPALITY": "SC", "CITY": "SC", "PLACE_NAME": "Terraview-Willowfield Public School", "GENERAL_USE_CODE": 115001, "CENTRELINE_ID": 108875, "LO_NUM": 95, "LO_NUM_SUF": "None", "HI_NUM": null, "HI_NUM_SUF": "None", "LINEAR_NAME_ID": 8636.0 }, "geometry": { "type": "MultiPoint", "coordinates": [ [ -79.308572744446806, 43.763782914538098 ] ] } },
{ "type": "Feature", "properties": { "_id": 1006, "OBJECTID": 1105, "GEO_ID": 399160.0, "NAME": "TERRY FOX PUBLIC SCHOOL ", "SCHOOL_LEVEL": "None", "SCHOOL_TYPE": "EP", "BOARD_NAME": "Toronto District School Board", "SOURCE_ADDRESS": "185 WINTERMUTE BLVD ", "SCHOOL_TYPE_DESC": "English Public", "ADDRESS_POINT_ID": 399160, "ADDRESS_NUMBER": "185", "LINEAR_NAME_FULL": "Wintermute Blvd", "ADDRESS_FULL": "185 Wintermute Blvd", "POSTAL_CODE": "M1W 3M9", "MUNICIPALITY": "SC", "CITY": "SC", "PLACE_NAME": "Terry Fox Public School", "GENERAL_USE_CODE": 115001, "CENTRELINE_ID": 20050681, "LO_NUM": 185, "LO_NUM_SUF": "None", "HI_NUM": null, "HI_NUM_SUF": "None", "LINEAR_NAME_ID": 9249.0 }, "geometry": { "type": "MultiPoint", "coordinates": [ [ -79.318686295022104, 43.815899356304698 ] ] } },
{ "type": "Feature", "properties": { "_id": 1007, "OBJECTID": 1106, "GEO_ID": 30114253.0, "NAME": "TFS", "SCHOOL_LEVEL": "None", "SCHOOL_TYPE": "PR", "BOARD_NAME": "None", "SOURCE_ADDRESS": "5635 YONGE ST ", "SCHOOL_TYPE_DESC": "Private", "ADDRESS_POINT_ID": 30114253, "ADDRESS_NUMBER": "5635", "LINEAR_NAME_FULL": "Yonge St", "ADDRESS_FULL": "5635 Yonge St", "POSTAL_CODE": "M2M 3S9", "MUNICIPALITY": "NY", "CITY": "NY", "PLACE_NAME": "None", "GENERAL_USE_CODE": 115001, "CENTRELINE_ID": 60030123, "LO_NUM": 5635, "LO_NUM_SUF": "None", "HI_NUM": null, "HI_NUM_SUF": "None", "LINEAR_NAME_ID": 4733.0 }, "geometry": { "type": "MultiPoint", "coordinates": [ [ -79.4154068585581, 43.780628955843397 ] ] } },
{ "type": "Feature", "properties": { "_id": 1008, "OBJECTID": 1107, "GEO_ID": 783098.0, "NAME": "THE ABELARD CENTRE FOR EDUCATION", "SCHOOL_LEVEL": "None", "SCHOOL_TYPE": "PR", "BOARD_NAME": "None", "SOURCE_ADDRESS": "557 CHURCH ST ", "SCHOOL_TYPE_DESC": "Private", "ADDRESS_POINT_ID": 783098, "ADDRESS_NUMBER": "557", "LINEAR_NAME_FULL": "Church St", "ADDRESS_FULL": "557 Church St", "POSTAL_CODE": "M4Y 2E2", "MUNICIPALITY": "TO", "CITY": "TO", "PLACE_NAME": "None", "GENERAL_USE_CODE": 115001, "CENTRELINE_ID": 1142636, "LO_NUM": 557, "LO_NUM_SUF": "None", "HI_NUM": null, "HI_NUM_SUF": "None", "LINEAR_NAME_ID": 503.0 }, "geometry": { "type": "MultiPoint", "coordinates": [ [ -79.381251539072295, 43.667222852751401 ] ] } },
{ "type": "Feature", "properties": { "_id": 1009, "OBJECTID": 1108, "GEO_ID": 14072150.0, "NAME": "THE AMBASSADORS OF GOD ACADEMY", "SCHOOL_LEVEL": "None", "SCHOOL_TYPE": "PR", "BOARD_NAME": "None", "SOURCE_ADDRESS": "807 ARROW RD ", "SCHOOL_TYPE_DESC": "Private", "ADDRESS_POINT_ID": 14072150, "ADDRESS_NUMBER": "807", "LINEAR_NAME_FULL": "Arrow Rd", "ADDRESS_FULL": "807 Arrow Rd", "POSTAL_CODE": "M9M 2L4", "MUNICIPALITY": "NY", "CITY": "NY", "PLACE_NAME": "None", "GENERAL_USE_CODE": 115001, "CENTRELINE_ID": 9038133, "LO_NUM": 807, "LO_NUM_SUF": "None", "HI_NUM": null, "HI_NUM_SUF": "None", "LINEAR_NAME_ID": 4829.0 }, "geometry": { "type": "MultiPoint", "coordinates": [ [ -79.531792143804395, 43.749140844314503 ] ] } },
{ "type": "Feature", "properties": { "_id": 1010, "OBJECTID": 1109, "GEO_ID": 30114272.0, "NAME": "THE CLAREMONT SCHOOL", "SCHOOL_LEVEL": "None", "SCHOOL_TYPE": "PR", "BOARD_NAME": "None", "SOURCE_ADDRESS": "70 SILVER BIRCH AVE ", "SCHOOL_TYPE_DESC": "Private", "ADDRESS_POINT_ID": 30114272, "ADDRESS_NUMBER": "70", "LINEAR_NAME_FULL": "Silver Birch Ave", "ADDRESS_FULL": "70 Silver Birch Ave", "POSTAL_CODE": "M4E 3K9", "MUNICIPALITY": "TO", "CITY": "TO", "PLACE_NAME": "None", "GENERAL_USE_CODE": 115001, "CENTRELINE_ID": 7684032, "LO_NUM": 70, "LO_NUM_SUF": "None", "HI_NUM": null, "HI_NUM_SUF": "None", "LINEAR_NAME_ID": 4409.0 }, "geometry": { "type": "MultiPoint", "coordinates": [ [ -79.285316583881396, 43.672357185648302 ] ] } },
{ "type": "Feature", "properties": { "_id": 1011, "OBJECTID": 1110, "GEO_ID": 30114271.0, "NAME": "THE COLE ACADEMY", "SCHOOL_LEVEL": "None", "SCHOOL_TYPE": "PR", "BOARD_NAME": "None", "SOURCE_ADDRESS": "2423 QUEEN ST E", "SCHOOL_TYPE_DESC": "Private", "ADDRESS_POINT_ID": 30114271, "ADDRESS_NUMBER": "2423", "LINEAR_NAME_FULL": "Queen St E", "ADDRESS_FULL": "2423 Queen St E", "POSTAL_CODE": "M4E 1H6", "MUNICIPALITY": "TO", "CITY": "TO", "PLACE_NAME": "None", "GENERAL_USE_CODE": 115001, "CENTRELINE_ID": 7683916, "LO_NUM": 2423, "LO_NUM_SUF": "None", "HI_NUM": null, "HI_NUM_SUF": "None", "LINEAR_NAME_ID": 4237.0 }, "geometry": { "type": "MultiPoint", "coordinates": [ [ -79.285498101572898, 43.672746239547799 ] ] } },
{ "type": "Feature", "properties": { "_id": 1012, "OBJECTID": 1111, "GEO_ID": 347231.0, "NAME": "THE DIVINE INFANT CATHOLIC ELEMENTARY SCHOOL & MSGR FRASIER NORTHEAST", "SCHOOL_LEVEL": "None", "SCHOOL_TYPE": "ES", "BOARD_NAME": "Toronto Catholic District School Board", "SOURCE_ADDRESS": "30 INGLETON BLVD ", "SCHOOL_TYPE_DESC": "English Separate", "ADDRESS_POINT_ID": 347231, "ADDRESS_NUMBER": "30", "LINEAR_NAME_FULL": "Ingleton Blvd", "ADDRESS_FULL": "30 Ingleton Blvd", "POSTAL_CODE": "M1V 3H7", "MUNICIPALITY": "SC", "CITY": "SC", "PLACE_NAME": "The Divine Infant Catholic School", "GENERAL_USE_CODE": 115001, "CENTRELINE_ID": 103236, "LO_NUM": 30, "LO_NUM_SUF": "None", "HI_NUM": null, "HI_NUM_SUF": "None", "LINEAR_NAME_ID": 8163.0 }, "geometry": { "type": "MultiPoint", "coordinates": [ [ -79.270331454500493, 43.8218114974729 ] ] } },
{ "type": "Feature", "properties": { "_id": 1013, "OBJECTID": 1112, "GEO_ID": 792821.0, "NAME": "THE DUNBLAINE SCHOOL", "SCHOOL_LEVEL": "None", "SCHOOL_TYPE": "PR", "BOARD_NAME": "None", "SOURCE_ADDRESS": "21 DELORAINE AVE ", "SCHOOL_TYPE_DESC": "Private", "ADDRESS_POINT_ID": 792821, "ADDRESS_NUMBER": "21", "LINEAR_NAME_FULL": "Deloraine Ave", "ADDRESS_FULL": "21 Deloraine Ave", "POSTAL_CODE": "M5M 2A8", "MUNICIPALITY": "TO", "CITY": "TO", "PLACE_NAME": "None", "GENERAL_USE_CODE": 115001, "CENTRELINE_ID": 14036780, "LO_NUM": 21, "LO_NUM_SUF": "None", "HI_NUM": null, "HI_NUM_SUF": "None", "LINEAR_NAME_ID": 3285.0 }, "geometry": { "type": "MultiPoint", "coordinates": [ [ -79.405560134142704, 43.733530121217299 ] ] } },
{ "type": "Feature", "properties": { "_id": 1014, "OBJECTID": 1113, "GEO_ID": 1003702.0, "NAME": "THE ELMS & BOYS LEADERSHIP", "SCHOOL_LEVEL": "None", "SCHOOL_TYPE": "EP", "BOARD_NAME": "Toronto District School Board", "SOURCE_ADDRESS": "45 GOLFDOWN DR ", "SCHOOL_TYPE_DESC": "English Public", "ADDRESS_POINT_ID": 1003702, "ADDRESS_NUMBER": "45", "LINEAR_NAME_FULL": "Golfdown Dr", "ADDRESS_FULL": "45 Golfdown Dr", "POSTAL_CODE": "M9W 2H8", "MUNICIPALITY": "ET", "CITY": "ET", "PLACE_NAME": "The Elms Junior Middle School", "GENERAL_USE_CODE": 115001, "CENTRELINE_ID": 907618, "LO_NUM": 45, "LO_NUM_SUF": "None", "HI_NUM": null, "HI_NUM_SUF": "None", "LINEAR_NAME_ID": 1690.0 }, "geometry": { "type": "MultiPoint", "coordinates": [ [ -79.5521137885613, 43.722227297768001 ] ] } },
{ "type": "Feature", "properties": { "_id": 1015, "OBJECTID": 1114, "GEO_ID": 13967405.0, "NAME": "THE GILES ELEMENTARY SCHOOL", "SCHOOL_LEVEL": "None", "SCHOOL_TYPE": "PR", "BOARD_NAME": "None", "SOURCE_ADDRESS": "80 SCARSDALE RD ", "SCHOOL_TYPE_DESC": "Private", "ADDRESS_POINT_ID": 13967405, "ADDRESS_NUMBER": "80", "LINEAR_NAME_FULL": "Scarsdale Rd", "ADDRESS_FULL": "80 Scarsdale Rd", "POSTAL_CODE": "M3B 2R7", "MUNICIPALITY": "NY", "CITY": "NY", "PLACE_NAME": "None", "GENERAL_USE_CODE": 115001, "CENTRELINE_ID": 30084194, "LO_NUM": 80, "LO_NUM_SUF": "None", "HI_NUM": null, "HI_NUM_SUF": "None", "LINEAR_NAME_ID": 6662.0 }, "geometry": { "type": "MultiPoint", "coordinates": [ [ -79.355659861931599, 43.750321937586698 ] ] } },
{ "type": "Feature", "properties": { "_id": 1016, "OBJECTID": 1115, "GEO_ID": 7583849.0, "NAME": "THE GREAT LAKES COLLEGE SCHOOL", "SCHOOL_LEVEL": "None", "SCHOOL_TYPE": "PR", "BOARD_NAME": "None", "SOURCE_ADDRESS": "323 KEELE ST ", "SCHOOL_TYPE_DESC": "Private", "ADDRESS_POINT_ID": 7583849, "ADDRESS_NUMBER": "323", "LINEAR_NAME_FULL": "Keele St", "ADDRESS_FULL": "323 Keele St", "POSTAL_CODE": "M6P 2K6", "MUNICIPALITY": "TO", "CITY": "TO", "PLACE_NAME": "None", "GENERAL_USE_CODE": 115001, "CENTRELINE_ID": 14014792, "LO_NUM": 323, "LO_NUM_SUF": "None", "HI_NUM": null, "HI_NUM_SUF": "None", "LINEAR_NAME_ID": 703.0 }, "geometry": { "type": "MultiPoint", "coordinates": [ [ -79.463693448017295, 43.664158307940198 ] ] } },
{ "type": "Feature", "properties": { "_id": 1017, "OBJECTID": 1116, "GEO_ID": 7665465.0, "NAME": "THE HANEY CENTRE SCHOOL", "SCHOOL_LEVEL": "None", "SCHOOL_TYPE": "EP", "BOARD_NAME": "Toronto District School Board", "SOURCE_ADDRESS": "64 HANEY AVE ", "SCHOOL_TYPE_DESC": "English Public", "ADDRESS_POINT_ID": 7665465, "ADDRESS_NUMBER": "64", "LINEAR_NAME_FULL": "Haney Ave", "ADDRESS_FULL": "64 Haney Ave", "POSTAL_CODE": "M6N 2E5", "MUNICIPALITY": "YK", "CITY": "YK", "PLACE_NAME": "Haney Centre", "GENERAL_USE_CODE": 115001, "CENTRELINE_ID": 7665456, "LO_NUM": 64, "LO_NUM_SUF": "None", "HI_NUM": null, "HI_NUM_SUF": "None", "LINEAR_NAME_ID": 641.0 }, "geometry": { "type": "MultiPoint", "coordinates": [ [ -79.499081453431103, 43.6731119433815 ] ] } },
{ "type": "Feature", "properties": { "_id": 1018, "OBJECTID": 1117, "GEO_ID": 14600949.0, "NAME": "THE HOLY TRINITY SCHOOL", "SCHOOL_LEVEL": "None", "SCHOOL_TYPE": "ES", "BOARD_NAME": "Toronto Catholic District School Board", "SOURCE_ADDRESS": "6 COLONEL SAMUEL SMITH PARK DR ", "SCHOOL_TYPE_DESC": "English Separate", "ADDRESS_POINT_ID": 14600949, "ADDRESS_NUMBER": "6", "LINEAR_NAME_FULL": "Colonel Samuel Smith Park Dr", "ADDRESS_FULL": "6 Colonel Samuel Smith Park Dr", "POSTAL_CODE": "M8V 4B7", "MUNICIPALITY": "ET", "CITY": "ET", "PLACE_NAME": "The Holy Trinity Catholic School", "GENERAL_USE_CODE": 115001, "CENTRELINE_ID": 60013885, "LO_NUM": 6, "LO_NUM_SUF": "None", "HI_NUM": null, "HI_NUM_SUF": "None", "LINEAR_NAME_ID": 15629.0 }, "geometry": { "type": "MultiPoint", "coordinates": [ [ -79.517286388866296, 43.597344648204299 ] ] } },
{ "type": "Feature", "properties": { "_id": 1019, "OBJECTID": 1118, "GEO_ID": 487645.0, "NAME": "THE JUNIOR ACADEMY INC SCHOOL", "SCHOOL_LEVEL": "None", "SCHOOL_TYPE": "PR", "BOARD_NAME": "None", "SOURCE_ADDRESS": "2454 BAYVIEW AVE ", "SCHOOL_TYPE_DESC": "Private", "ADDRESS_POINT_ID": 487645, "ADDRESS_NUMBER": "2454", "LINEAR_NAME_FULL": "Bayview Ave", "ADDRESS_FULL": "2454 Bayview Ave", "POSTAL_CODE": "M2L 1A6", "MUNICIPALITY": "NY", "CITY": "NY", "PLACE_NAME": "None", "GENERAL_USE_CODE": 115001, "CENTRELINE_ID": 30004745, "LO_NUM": 2454, "LO_NUM_SUF": "None", "HI_NUM": null, "HI_NUM_SUF": "None", "LINEAR_NAME_ID": 24.0 }, "geometry": { "type": "MultiPoint", "coordinates": [ [ -79.383465150842, 43.741517388754097 ] ] } },
{ "type": "Feature", "properties": { "_id": 1020, "OBJECTID": 1119, "GEO_ID": 570867.0, "NAME": "THE LAUREL SCHOOL", "SCHOOL_LEVEL": "None", "SCHOOL_TYPE": "PR", "BOARD_NAME": "None", "SOURCE_ADDRESS": "44 UPJOHN RD ", "SCHOOL_TYPE_DESC": "Private", "ADDRESS_POINT_ID": 570867, "ADDRESS_NUMBER": "44", "LINEAR_NAME_FULL": "Upjohn Rd", "ADDRESS_FULL": "44 Upjohn Rd", "POSTAL_CODE": "M3B 2W1", "MUNICIPALITY": "NY", "CITY": "NY", "PLACE_NAME": "None", "GENERAL_USE_CODE": 115001, "CENTRELINE_ID": 441038, "LO_NUM": 44, "LO_NUM_SUF": "None", "HI_NUM": null, "HI_NUM_SUF": "None", "LINEAR_NAME_ID": 6969.0 }, "geometry": { "type": "MultiPoint", "coordinates": [ [ -79.350003665968103, 43.751279439535701 ] ] } },
{ "type": "Feature", "properties": { "_id": 1021, "OBJECTID": 1120, "GEO_ID": 10144721.0, "NAME": "THE LEARNING COMMON", "SCHOOL_LEVEL": "None", "SCHOOL_TYPE": "PR", "BOARD_NAME": "None", "SOURCE_ADDRESS": "851 ROYAL YORK RD ", "SCHOOL_TYPE_DESC": "Private", "ADDRESS_POINT_ID": 10144721, "ADDRESS_NUMBER": "851", "LINEAR_NAME_FULL": "Royal York Rd", "ADDRESS_FULL": "851 Royal York Rd", "POSTAL_CODE": "M8Y 2V3", "MUNICIPALITY": "ET", "CITY": "ET", "PLACE_NAME": "Royal York Road United Church", "GENERAL_USE_CODE": 115001, "CENTRELINE_ID": 10144719, "LO_NUM": 851, "LO_NUM_SUF": "None", "HI_NUM": null, "HI_NUM_SUF": "None", "LINEAR_NAME_ID": 2413.0 }, "geometry": { "type": "MultiPoint", "coordinates": [ [ -79.508917678898001, 43.642738066967901 ] ] } },
{ "type": "Feature", "properties": { "_id": 1022, "OBJECTID": 1121, "GEO_ID": 861476.0, "NAME": "THE LINDEN SCHOOL", "SCHOOL_LEVEL": "None", "SCHOOL_TYPE": "PR", "BOARD_NAME": "None", "SOURCE_ADDRESS": "10 ROSEHILL AVE ", "SCHOOL_TYPE_DESC": "Private", "ADDRESS_POINT_ID": 861476, "ADDRESS_NUMBER": "10", "LINEAR_NAME_FULL": "Rosehill Ave", "ADDRESS_FULL": "10 Rosehill Ave", "POSTAL_CODE": "M4T 1G5", "MUNICIPALITY": "TO", "CITY": "TO", "PLACE_NAME": "None", "GENERAL_USE_CODE": 115001, "CENTRELINE_ID": 60014007, "LO_NUM": 10, "LO_NUM_SUF": "None", "HI_NUM": null, "HI_NUM_SUF": "None", "LINEAR_NAME_ID": 4320.0 }, "geometry": { "type": "MultiPoint", "coordinates": [ [ -79.392712614432995, 43.686523829912602 ] ] } },
{ "type": "Feature", "properties": { "_id": 1023, "OBJECTID": 1122, "GEO_ID": 854382.0, "NAME": "THE MABIN SCHOOL", "SCHOOL_LEVEL": "None", "SCHOOL_TYPE": "PR", "BOARD_NAME": "None", "SOURCE_ADDRESS": "50 POPLAR PLAINS RD ", "SCHOOL_TYPE_DESC": "Private", "ADDRESS_POINT_ID": 854382, "ADDRESS_NUMBER": "50", "LINEAR_NAME_FULL": "Poplar Plains Rd", "ADDRESS_FULL": "50 Poplar Plains Rd", "POSTAL_CODE": "M4V 2M8", "MUNICIPALITY": "TO", "CITY": "TO", "PLACE_NAME": "None", "GENERAL_USE_CODE": 115001, "CENTRELINE_ID": 30136391, "LO_NUM": 50, "LO_NUM_SUF": "None", "HI_NUM": null, "HI_NUM_SUF": "None", "LINEAR_NAME_ID": 4208.0 }, "geometry": { "type": "MultiPoint", "coordinates": [ [ -79.403380016290598, 43.679107408047003 ] ] } },
{ "type": "Feature", "properties": { "_id": 1024, "OBJECTID": 1123, "GEO_ID": 7955674.0, "NAME": "THE MILDENHALL MONTESSORI SCHOOL", "SCHOOL_LEVEL": "None", "SCHOOL_TYPE": "PR", "BOARD_NAME": "None", "SOURCE_ADDRESS": "35 OURLAND AVE ", "SCHOOL_TYPE_DESC": "Private", "ADDRESS_POINT_ID": 7955674, "ADDRESS_NUMBER": "35", "LINEAR_NAME_FULL": "Ourland Ave", "ADDRESS_FULL": "35 Ourland Ave", "POSTAL_CODE": "M8Z 4E1", "MUNICIPALITY": "ET", "CITY": "ET", "PLACE_NAME": "High Park Centennial Montessori School", "GENERAL_USE_CODE": 115001, "CENTRELINE_ID": 7955671, "LO_NUM": 35, "LO_NUM_SUF": "None", "HI_NUM": null, "HI_NUM_SUF": "None", "LINEAR_NAME_ID": 2233.0 }, "geometry": { "type": "MultiPoint", "coordinates": [ [ -79.507758623540497, 43.6162376775223 ] ] } },
{ "type": "Feature", "properties": { "_id": 1025, "OBJECTID": 1124, "GEO_ID": 9410112.0, "NAME": "THE ORCHARD MONTESSORI SCHOOL", "SCHOOL_LEVEL": "None", "SCHOOL_TYPE": "PR", "BOARD_NAME": "None", "SOURCE_ADDRESS": "375 DOVERCOURT RD ", "SCHOOL_TYPE_DESC": "Private", "ADDRESS_POINT_ID": 9410112, "ADDRESS_NUMBER": "375", "LINEAR_NAME_FULL": "Dovercourt Rd", "ADDRESS_FULL": "375 Dovercourt Rd", "POSTAL_CODE": "M6J 3E5", "MUNICIPALITY": "TO", "CITY": "TO", "PLACE_NAME": "None", "GENERAL_USE_CODE": 115001, "CENTRELINE_ID": 9410106, "LO_NUM": 375, "LO_NUM_SUF": "None", "HI_NUM": null, "HI_NUM_SUF": "None", "LINEAR_NAME_ID": 3317.0 }, "geometry": { "type": "MultiPoint", "coordinates": [ [ -79.425194328729305, 43.652331835418103 ] ] } },
{ "type": "Feature", "properties": { "_id": 1026, "OBJECTID": 1125, "GEO_ID": 510861.0, "NAME": "THE PRESTIGE SCHOOL", "SCHOOL_LEVEL": "None", "SCHOOL_TYPE": "PR", "BOARD_NAME": "None", "SOURCE_ADDRESS": "21 EDDFIELD AVE ", "SCHOOL_TYPE_DESC": "Private", "ADDRESS_POINT_ID": 510861, "ADDRESS_NUMBER": "21", "LINEAR_NAME_FULL": "Eddfield Ave", "ADDRESS_FULL": "21 Eddfield Ave", "POSTAL_CODE": "M2N 2M5", "MUNICIPALITY": "NY", "CITY": "NY", "PLACE_NAME": "The Prestige School", "GENERAL_USE_CODE": 115001, "CENTRELINE_ID": 439974, "LO_NUM": 21, "LO_NUM_SUF": "None", "HI_NUM": null, "HI_NUM_SUF": "None", "LINEAR_NAME_ID": 5476.0 }, "geometry": { "type": "MultiPoint", "coordinates": [ [ -79.428194207791293, 43.7612131701473 ] ] } },
{ "type": "Feature", "properties": { "_id": 1027, "OBJECTID": 1126, "GEO_ID": 7974530.0, "NAME": "THE SHIRE SCHOOL", "SCHOOL_LEVEL": "None", "SCHOOL_TYPE": "PR", "BOARD_NAME": "None", "SOURCE_ADDRESS": "35 PRINCE ARTHUR AVE ", "SCHOOL_TYPE_DESC": "Private", "ADDRESS_POINT_ID": 7974530, "ADDRESS_NUMBER": "35", "LINEAR_NAME_FULL": "Prince Arthur Ave", "ADDRESS_FULL": "35 Prince Arthur Ave", "POSTAL_CODE": "M5R 1B2", "MUNICIPALITY": "TO", "CITY": "TO", "PLACE_NAME": "None", "GENERAL_USE_CODE": 115001, "CENTRELINE_ID": 7974513, "LO_NUM": 35, "LO_NUM_SUF": "None", "HI_NUM": null, "HI_NUM_SUF": "None", "LINEAR_NAME_ID": 4223.0 }, "geometry": { "type": "MultiPoint", "coordinates": [ [ -79.397065595743001, 43.669199090890601 ] ] } },
{ "type": "Feature", "properties": { "_id": 1028, "OBJECTID": 1127, "GEO_ID": 8293071.0, "NAME": "THE STERLING HALL SCHOOL", "SCHOOL_LEVEL": "None", "SCHOOL_TYPE": "PR", "BOARD_NAME": "None", "SOURCE_ADDRESS": "99 CARTWRIGHT AVE ", "SCHOOL_TYPE_DESC": "Private", "ADDRESS_POINT_ID": 8293071, "ADDRESS_NUMBER": "99", "LINEAR_NAME_FULL": "Cartwright Ave", "ADDRESS_FULL": "99 Cartwright Ave", "POSTAL_CODE": "M6A 1V4", "MUNICIPALITY": "NY", "CITY": "NY", "PLACE_NAME": "None", "GENERAL_USE_CODE": 115001, "CENTRELINE_ID": 8293068, "LO_NUM": 99, "LO_NUM_SUF": "None", "HI_NUM": null, "HI_NUM_SUF": "None", "LINEAR_NAME_ID": 5136.0 }, "geometry": { "type": "MultiPoint", "coordinates": [ [ -79.463699474221201, 43.722238472299502 ] ] } },
{ "type": "Feature", "properties": { "_id": 1029, "OBJECTID": 1128, "GEO_ID": 30041280.0, "NAME": "THE STUDENT SCHOOL", "SCHOOL_LEVEL": "None", "SCHOOL_TYPE": "EP", "BOARD_NAME": "Toronto District School Board", "SOURCE_ADDRESS": "160 GLENDONWYNNE RD ", "SCHOOL_TYPE_DESC": "English Public", "ADDRESS_POINT_ID": 30041280, "ADDRESS_NUMBER": "160", "LINEAR_NAME_FULL": "Glendonwynne Rd", "ADDRESS_FULL": "160 Glendonwynne Rd", "POSTAL_CODE": "M6P 0A5", "MUNICIPALITY": "TO", "CITY": "TO", "PLACE_NAME": "THESTUDENTSCHOOL", "GENERAL_USE_CODE": 115001, "CENTRELINE_ID": 1144630, "LO_NUM": 160, "LO_NUM_SUF": "None", "HI_NUM": null, "HI_NUM_SUF": "None", "LINEAR_NAME_ID": 3537.0 }, "geometry": { "type": "MultiPoint", "coordinates": [ [ -79.474137798083504, 43.657050103371198 ] ] } },
{ "type": "Feature", "properties": { "_id": 1030, "OBJECTID": 1129, "GEO_ID": 13494039.0, "NAME": "THE STUDY ACADEMY", "SCHOOL_LEVEL": "None", "SCHOOL_TYPE": "PR", "BOARD_NAME": "None", "SOURCE_ADDRESS": "2040 YONGE ST ", "SCHOOL_TYPE_DESC": "Private", "ADDRESS_POINT_ID": 13494039, "ADDRESS_NUMBER": "2040", "LINEAR_NAME_FULL": "Yonge St", "ADDRESS_FULL": "2040 Yonge St", "POSTAL_CODE": "M4S 1Z9", "MUNICIPALITY": "TO", "CITY": "TO", "PLACE_NAME": "None", "GENERAL_USE_CODE": 115001, "CENTRELINE_ID": 10392225, "LO_NUM": 2040, "LO_NUM_SUF": "None", "HI_NUM": null, "HI_NUM_SUF": "None", "LINEAR_NAME_ID": 4733.0 }, "geometry": { "type": "MultiPoint", "coordinates": [ [ -79.397542469363202, 43.701321956113098 ] ] } },
{ "type": "Feature", "properties": { "_id": 1031, "OBJECTID": 1130, "GEO_ID": 7283706.0, "NAME": "THE STUDY ACADEMY SCHOOL", "SCHOOL_LEVEL": "None", "SCHOOL_TYPE": "PR", "BOARD_NAME": "None", "SOURCE_ADDRESS": "20 GLEBE RD E", "SCHOOL_TYPE_DESC": "Private", "ADDRESS_POINT_ID": 7283706, "ADDRESS_NUMBER": "20", "LINEAR_NAME_FULL": "Glebe Rd E", "ADDRESS_FULL": "20 Glebe Rd E", "POSTAL_CODE": "M4S 1N6", "MUNICIPALITY": "TO", "CITY": "TO", "PLACE_NAME": "Glebe Road United Church", "GENERAL_USE_CODE": 115001, "CENTRELINE_ID": 7283659, "LO_NUM": 20, "LO_NUM_SUF": "None", "HI_NUM": null, "HI_NUM_SUF": "None", "LINEAR_NAME_ID": 3509.0 }, "geometry": { "type": "MultiPoint", "coordinates": [ [ -79.396277274569201, 43.701566216961098 ] ] } },
{ "type": "Feature", "properties": { "_id": 1032, "OBJECTID": 1131, "GEO_ID": 7794894.0, "NAME": "THE THREE HIERARCHS ACADEMY", "SCHOOL_LEVEL": "None", "SCHOOL_TYPE": "PR", "BOARD_NAME": "None", "SOURCE_ADDRESS": "1108 GREENWOOD AVE ", "SCHOOL_TYPE_DESC": "Private", "ADDRESS_POINT_ID": 7794894, "ADDRESS_NUMBER": "1108", "LINEAR_NAME_FULL": "Greenwood Ave", "ADDRESS_FULL": "1108 Greenwood Ave", "POSTAL_CODE": "M4J 4E6", "MUNICIPALITY": "EY", "CITY": "EY", "PLACE_NAME": "None", "GENERAL_USE_CODE": 115001, "CENTRELINE_ID": 7794782, "LO_NUM": 1108, "LO_NUM_SUF": "None", "HI_NUM": null, "HI_NUM_SUF": "None", "LINEAR_NAME_ID": 181.0 }, "geometry": { "type": "MultiPoint", "coordinates": [ [ -79.338209957171401, 43.692407748362598 ] ] } },
{ "type": "Feature", "properties": { "_id": 1033, "OBJECTID": 1132, "GEO_ID": 9847310.0, "NAME": "THE TORONTO HESCHEL SCHOOL", "SCHOOL_LEVEL": "None", "SCHOOL_TYPE": "PR", "BOARD_NAME": "None", "SOURCE_ADDRESS": "819 SHEPPARD AVE W", "SCHOOL_TYPE_DESC": "Private", "ADDRESS_POINT_ID": 9847310, "ADDRESS_NUMBER": "819", "LINEAR_NAME_FULL": "Sheppard Ave W", "ADDRESS_FULL": "819 Sheppard Ave W", "POSTAL_CODE": "M3H 2T3", "MUNICIPALITY": "NY", "CITY": "NY", "PLACE_NAME": "The Toronto Heschel School", "GENERAL_USE_CODE": 115001, "CENTRELINE_ID": 9847309, "LO_NUM": 819, "LO_NUM_SUF": "None", "HI_NUM": null, "HI_NUM_SUF": "None", "LINEAR_NAME_ID": 6699.0 }, "geometry": { "type": "MultiPoint", "coordinates": [ [ -79.450848291971397, 43.752339566641297 ] ] } },
{ "type": "Feature", "properties": { "_id": 1034, "OBJECTID": 1133, "GEO_ID": 8608458.0, "NAME": "THE VILLAGE SHUL SYNAGOGUE & SUPPLMENTARY SCHOOL", "SCHOOL_LEVEL": "None", "SCHOOL_TYPE": "PR", "BOARD_NAME": "None", "SOURCE_ADDRESS": "1072 EGLINTON AVE W", "SCHOOL_TYPE_DESC": "Private", "ADDRESS_POINT_ID": 8608458, "ADDRESS_NUMBER": "1072", "LINEAR_NAME_FULL": "Eglinton Ave W", "ADDRESS_FULL": "1072 Eglinton Ave W", "POSTAL_CODE": "M6C 2E2", "MUNICIPALITY": "TO", "CITY": "TO", "PLACE_NAME": "None", "GENERAL_USE_CODE": 115001, "CENTRELINE_ID": 8608450, "LO_NUM": 1072, "LO_NUM_SUF": "None", "HI_NUM": null, "HI_NUM_SUF": "None", "LINEAR_NAME_ID": 571.0 }, "geometry": { "type": "MultiPoint", "coordinates": [ [ -79.431434529951005, 43.699986532638 ] ] } },
{ "type": "Feature", "properties": { "_id": 1035, "OBJECTID": 1134, "GEO_ID": 20056424.0, "NAME": "THE WATERFRONT SCHOOL ", "SCHOOL_LEVEL": "None", "SCHOOL_TYPE": "EP", "BOARD_NAME": "Toronto District School Board", "SOURCE_ADDRESS": "635 QUEENS QUAY  W", "SCHOOL_TYPE_DESC": "English Public", "ADDRESS_POINT_ID": 20056424, "ADDRESS_NUMBER": "635", "LINEAR_NAME_FULL": "Queens Quay W", "ADDRESS_FULL": "635 Queens Quay W", "POSTAL_CODE": "M5V 3G3", "MUNICIPALITY": "TO", "CITY": "TO", "PLACE_NAME": "The Waterfront School", "GENERAL_USE_CODE": 115001, "CENTRELINE_ID": 60031548, "LO_NUM": 635, "LO_NUM_SUF": "None", "HI_NUM": null, "HI_NUM_SUF": "None", "LINEAR_NAME_ID": 4244.0 }, "geometry": { "type": "MultiPoint", "coordinates": [ [ -79.397162896654805, 43.635694560215597 ] ] } },
{ "type": "Feature", "properties": { "_id": 1036, "OBJECTID": 1135, "GEO_ID": 7762681.0, "NAME": "THE YMCA ACADEMY SECONDARY SCHOOL", "SCHOOL_LEVEL": "None", "SCHOOL_TYPE": "PR", "BOARD_NAME": "None", "SOURCE_ADDRESS": "15 BREADALBANE ST ", "SCHOOL_TYPE_DESC": "Private", "ADDRESS_POINT_ID": 7762681, "ADDRESS_NUMBER": "15", "LINEAR_NAME_FULL": "Breadalbane St", "ADDRESS_FULL": "15 Breadalbane St", "POSTAL_CODE": "M4Y 1C2", "MUNICIPALITY": "TO", "CITY": "TO", "PLACE_NAME": "None", "GENERAL_USE_CODE": 115001, "CENTRELINE_ID": 14673181, "LO_NUM": 15, "LO_NUM_SUF": "None", "HI_NUM": null, "HI_NUM_SUF": "None", "LINEAR_NAME_ID": 3056.0 }, "geometry": { "type": "MultiPoint", "coordinates": [ [ -79.384841553964094, 43.6636229485974 ] ] } },
{ "type": "Feature", "properties": { "_id": 1037, "OBJECTID": 1136, "GEO_ID": 30029021.0, "NAME": "THE YORK SCHOOL - JR CAMPUS", "SCHOOL_LEVEL": "None", "SCHOOL_TYPE": "PR", "BOARD_NAME": "None", "SOURCE_ADDRESS": "1639 YONGE ST ", "SCHOOL_TYPE_DESC": "Private", "ADDRESS_POINT_ID": 30029021, "ADDRESS_NUMBER": "1639", "LINEAR_NAME_FULL": "Yonge St", "ADDRESS_FULL": "1639 Yonge St", "POSTAL_CODE": "M4T 2W6", "MUNICIPALITY": "TO", "CITY": "TO", "PLACE_NAME": "None", "GENERAL_USE_CODE": 115001, "CENTRELINE_ID": 30118756, "LO_NUM": 1639, "LO_NUM_SUF": "None", "HI_NUM": null, "HI_NUM_SUF": "None", "LINEAR_NAME_ID": 4733.0 }, "geometry": { "type": "MultiPoint", "coordinates": [ [ -79.394892401231402, 43.691746968676497 ] ] } },
{ "type": "Feature", "properties": { "_id": 1038, "OBJECTID": 1137, "GEO_ID": 887762.0, "NAME": "THE YORK SCHOOL - MDL AND SR CAMPUS", "SCHOOL_LEVEL": "None", "SCHOOL_TYPE": "PR", "BOARD_NAME": "None", "SOURCE_ADDRESS": "1320 YONGE ST ", "SCHOOL_TYPE_DESC": "Private", "ADDRESS_POINT_ID": 887762, "ADDRESS_NUMBER": "1320", "LINEAR_NAME_FULL": "Yonge St", "ADDRESS_FULL": "1320 Yonge St", "POSTAL_CODE": "M4T 1X2", "MUNICIPALITY": "TO", "CITY": "TO", "PLACE_NAME": "None", "GENERAL_USE_CODE": 115001, "CENTRELINE_ID": 1139757, "LO_NUM": 1320, "LO_NUM_SUF": "None", "HI_NUM": null, "HI_NUM_SUF": "None", "LINEAR_NAME_ID": 4733.0 }, "geometry": { "type": "MultiPoint", "coordinates": [ [ -79.393065103477895, 43.684600869380297 ] ] } },
{ "type": "Feature", "properties": { "_id": 1039, "OBJECTID": 1138, "GEO_ID": 1001687.0, "NAME": "THISTLETOWN COLLEGIATE INSTITUTE", "SCHOOL_LEVEL": "None", "SCHOOL_TYPE": "EP", "BOARD_NAME": "Toronto District School Board", "SOURCE_ADDRESS": "20 FORDWICH CRES ", "SCHOOL_TYPE_DESC": "English Public", "ADDRESS_POINT_ID": 1001687, "ADDRESS_NUMBER": "20", "LINEAR_NAME_FULL": "Fordwich Cres", "ADDRESS_FULL": "20 Fordwich Cres", "POSTAL_CODE": "M9W 2T4", "MUNICIPALITY": "ET", "CITY": "ET", "PLACE_NAME": "Thistletown Collegiate Institute", "GENERAL_USE_CODE": 115001, "CENTRELINE_ID": 907494, "LO_NUM": 20, "LO_NUM_SUF": "None", "HI_NUM": null, "HI_NUM_SUF": "None", "LINEAR_NAME_ID": 1624.0 }, "geometry": { "type": "MultiPoint", "coordinates": [ [ -79.562452648950696, 43.727726556638203 ] ] } },
{ "type": "Feature", "properties": { "_id": 1040, "OBJECTID": 1139, "GEO_ID": 14310229.0, "NAME": "THOMAS L WELLS PUBLIC SCHOOL", "SCHOOL_LEVEL": "None", "SCHOOL_TYPE": "EP", "BOARD_NAME": "Toronto District School Board", "SOURCE_ADDRESS": "69 NIGHTSTAR RD ", "SCHOOL_TYPE_DESC": "English Public", "ADDRESS_POINT_ID": 14310229, "ADDRESS_NUMBER": "69", "LINEAR_NAME_FULL": "Nightstar Rd", "ADDRESS_FULL": "69 Nightstar Rd", "POSTAL_CODE": "M1X 1V6", "MUNICIPALITY": "SC", "CITY": "SC", "PLACE_NAME": "Thomas L Wells Public School", "GENERAL_USE_CODE": 115001, "CENTRELINE_ID": 14310896, "LO_NUM": 69, "LO_NUM_SUF": "None", "HI_NUM": null, "HI_NUM_SUF": "None", "LINEAR_NAME_ID": 18022.0 }, "geometry": { "type": "MultiPoint", "coordinates": [ [ -79.226125416367594, 43.824299808867799 ] ] } },
{ "type": "Feature", "properties": { "_id": 1041, "OBJECTID": 1140, "GEO_ID": 3829444.0, "NAME": "THORNCLIFFE PARK PUBLIC SCHOOL", "SCHOOL_LEVEL": "None", "SCHOOL_TYPE": "EP", "BOARD_NAME": "Toronto District School Board", "SOURCE_ADDRESS": "80 THORNCLIFFE PARK DR ", "SCHOOL_TYPE_DESC": "English Public", "ADDRESS_POINT_ID": 3829444, "ADDRESS_NUMBER": "80", "LINEAR_NAME_FULL": "Thorncliffe Park Dr", "ADDRESS_FULL": "80 Thorncliffe Park Dr", "POSTAL_CODE": "M4H 1K3", "MUNICIPALITY": "EY", "CITY": "EY", "PLACE_NAME": "Thorncliffe Park Public School", "GENERAL_USE_CODE": 115001, "CENTRELINE_ID": 60009974, "LO_NUM": 80, "LO_NUM_SUF": "None", "HI_NUM": null, "HI_NUM_SUF": "None", "LINEAR_NAME_ID": 354.0 }, "geometry": { "type": "MultiPoint", "coordinates": [ [ -79.343436755110105, 43.705390043228199 ] ] } },
{ "type": "Feature", "properties": { "_id": 1042, "OBJECTID": 1141, "GEO_ID": 568636.0, "NAME": "THREE VALLEYS PUBLIC SCHOOL ", "SCHOOL_LEVEL": "None", "SCHOOL_TYPE": "EP", "BOARD_NAME": "Toronto District School Board", "SOURCE_ADDRESS": "76 THREE VALLEYS DR ", "SCHOOL_TYPE_DESC": "English Public", "ADDRESS_POINT_ID": 568636, "ADDRESS_NUMBER": "76", "LINEAR_NAME_FULL": "Three Valleys Dr", "ADDRESS_FULL": "76 Three Valleys Dr", "POSTAL_CODE": "M3A 3B7", "MUNICIPALITY": "NY", "CITY": "NY", "PLACE_NAME": "Three Valleys Public School", "GENERAL_USE_CODE": 115001, "CENTRELINE_ID": 441061, "LO_NUM": 76, "LO_NUM_SUF": "None", "HI_NUM": null, "HI_NUM_SUF": "None", "LINEAR_NAME_ID": 6895.0 }, "geometry": { "type": "MultiPoint", "coordinates": [ [ -79.337604395825906, 43.750680657524398 ] ] } },
{ "type": "Feature", "properties": { "_id": 1043, "OBJECTID": 1142, "GEO_ID": 565850.0, "NAME": "TIFERES BAIS YAAKOV HIGH SCHOOL", "SCHOOL_LEVEL": "None", "SCHOOL_TYPE": "PR", "BOARD_NAME": "None", "SOURCE_ADDRESS": "85 STORMONT AVE ", "SCHOOL_TYPE_DESC": "Private", "ADDRESS_POINT_ID": 565850, "ADDRESS_NUMBER": "85", "LINEAR_NAME_FULL": "Stormont Ave", "ADDRESS_FULL": "85 Stormont Ave", "POSTAL_CODE": "M5N 2C3", "MUNICIPALITY": "NY", "CITY": "NY", "PLACE_NAME": "None", "GENERAL_USE_CODE": 115001, "CENTRELINE_ID": 445031, "LO_NUM": 85, "LO_NUM_SUF": "None", "HI_NUM": null, "HI_NUM_SUF": "None", "LINEAR_NAME_ID": 6805.0 }, "geometry": { "type": "MultiPoint", "coordinates": [ [ -79.428727879565997, 43.7184091584611 ] ] } },
{ "type": "Feature", "properties": { "_id": 1044, "OBJECTID": 1143, "GEO_ID": 391661.0, "NAME": "TIMBERBANK JR PUBLIC SCHOOL ", "SCHOOL_LEVEL": "None", "SCHOOL_TYPE": "EP", "BOARD_NAME": "Toronto District School Board", "SOURCE_ADDRESS": "170 TIMBERBANK BLVD ", "SCHOOL_TYPE_DESC": "English Public", "ADDRESS_POINT_ID": 391661, "ADDRESS_NUMBER": "170", "LINEAR_NAME_FULL": "Timberbank Blvd", "ADDRESS_FULL": "170 Timberbank Blvd", "POSTAL_CODE": "M1W 2A3", "MUNICIPALITY": "SC", "CITY": "SC", "PLACE_NAME": "Timberbank Junior Public School", "GENERAL_USE_CODE": 115001, "CENTRELINE_ID": 106097, "LO_NUM": 170, "LO_NUM_SUF": "None", "HI_NUM": null, "HI_NUM_SUF": "None", "LINEAR_NAME_ID": 9087.0 }, "geometry": { "type": "MultiPoint", "coordinates": [ [ -79.307285388875997, 43.7914712561725 ] ] } },
{ "type": "Feature", "properties": { "_id": 1045, "OBJECTID": 1144, "GEO_ID": 999348.0, "NAME": "TIMOTHY CHRISTIAN SCHOOL", "SCHOOL_LEVEL": "None", "SCHOOL_TYPE": "PR", "BOARD_NAME": "None", "SOURCE_ADDRESS": "28 ELMHURST DR ", "SCHOOL_TYPE_DESC": "Private", "ADDRESS_POINT_ID": 999348, "ADDRESS_NUMBER": "28", "LINEAR_NAME_FULL": "Elmhurst Dr", "ADDRESS_FULL": "28 Elmhurst Dr", "POSTAL_CODE": "M9W 2J5", "MUNICIPALITY": "ET", "CITY": "ET", "PLACE_NAME": "None", "GENERAL_USE_CODE": 115001, "CENTRELINE_ID": 907576, "LO_NUM": 28, "LO_NUM_SUF": "None", "HI_NUM": null, "HI_NUM_SUF": "None", "LINEAR_NAME_ID": 1544.0 }, "geometry": { "type": "MultiPoint", "coordinates": [ [ -79.553692581627601, 43.724944736133502 ] ] } },
{ "type": "Feature", "properties": { "_id": 1046, "OBJECTID": 1145, "GEO_ID": 7642556.0, "NAME": "TMU - HEASLIP HOUSE", "SCHOOL_LEVEL": "None", "SCHOOL_TYPE": "U", "BOARD_NAME": "None", "SOURCE_ADDRESS": "297 VICTORIA ST ", "SCHOOL_TYPE_DESC": "University", "ADDRESS_POINT_ID": 7642556, "ADDRESS_NUMBER": "297", "LINEAR_NAME_FULL": "Victoria St", "ADDRESS_FULL": "297 Victoria St", "POSTAL_CODE": "M5B 1W1", "MUNICIPALITY": "TO", "CITY": "TO", "PLACE_NAME": "None", "GENERAL_USE_CODE": 115001, "CENTRELINE_ID": 30075809, "LO_NUM": 297, "LO_NUM_SUF": "None", "HI_NUM": null, "HI_NUM_SUF": "None", "LINEAR_NAME_ID": 9790.0 }, "geometry": { "type": "MultiPoint", "coordinates": [ [ -79.379661638608695, 43.657170517018798 ] ] } },
{ "type": "Feature", "properties": { "_id": 1047, "OBJECTID": 1146, "GEO_ID": 773912.0, "NAME": "TMU - HEIDELBERG CENTRE SCHOOL OF GRAPHIC COMM'NS MGMT", "SCHOOL_LEVEL": "None", "SCHOOL_TYPE": "U", "BOARD_NAME": "None", "SOURCE_ADDRESS": "125 BOND ST ", "SCHOOL_TYPE_DESC": "University", "ADDRESS_POINT_ID": 773912, "ADDRESS_NUMBER": "125", "LINEAR_NAME_FULL": "Bond St", "ADDRESS_FULL": "125 Bond St", "POSTAL_CODE": "M5B 1Y2", "MUNICIPALITY": "TO", "CITY": "TO", "PLACE_NAME": "None", "GENERAL_USE_CODE": 115001, "CENTRELINE_ID": 14021112, "LO_NUM": 125, "LO_NUM_SUF": "None", "HI_NUM": null, "HI_NUM_SUF": "None", "LINEAR_NAME_ID": 3029.0 }, "geometry": { "type": "MultiPoint", "coordinates": [ [ -79.378499705917605, 43.657568812836203 ] ] } },
{ "type": "Feature", "properties": { "_id": 1048, "OBJECTID": 1147, "GEO_ID": 324647.0, "NAME": "TOM LONGBOAT JR PUBLIC SCHOOL", "SCHOOL_LEVEL": "None", "SCHOOL_TYPE": "EP", "BOARD_NAME": "Toronto District School Board", "SOURCE_ADDRESS": "37 CROW TRL ", "SCHOOL_TYPE_DESC": "English Public", "ADDRESS_POINT_ID": 324647, "ADDRESS_NUMBER": "37", "LINEAR_NAME_FULL": "Crow Trl", "ADDRESS_FULL": "37 Crow Trl", "POSTAL_CODE": "M1B 1X6", "MUNICIPALITY": "SC", "CITY": "SC", "PLACE_NAME": "Tom Longboat Junior Public School", "GENERAL_USE_CODE": 115001, "CENTRELINE_ID": 104120, "LO_NUM": 37, "LO_NUM_SUF": "None", "HI_NUM": null, "HI_NUM_SUF": "None", "LINEAR_NAME_ID": 7689.0 }, "geometry": { "type": "MultiPoint", "coordinates": [ [ -79.231626965962306, 43.810446172440201 ] ] } },
{ "type": "Feature", "properties": { "_id": 1049, "OBJECTID": 1148, "GEO_ID": 7415223.0, "NAME": "TOPCLIFF PUBLIC SCHOOL", "SCHOOL_LEVEL": "None", "SCHOOL_TYPE": "EP", "BOARD_NAME": "Toronto District School Board", "SOURCE_ADDRESS": "65 TOPCLIFF AVE ", "SCHOOL_TYPE_DESC": "English Public", "ADDRESS_POINT_ID": 7415223, "ADDRESS_NUMBER": "65", "LINEAR_NAME_FULL": "Topcliff Ave", "ADDRESS_FULL": "65 Topcliff Ave", "POSTAL_CODE": "M3N 1L6", "MUNICIPALITY": "NY", "CITY": "NY", "PLACE_NAME": "Topcliff Public School", "GENERAL_USE_CODE": 115001, "CENTRELINE_ID": 7399132, "LO_NUM": 65, "LO_NUM_SUF": "None", "HI_NUM": null, "HI_NUM_SUF": "None", "LINEAR_NAME_ID": 6921.0 }, "geometry": { "type": "MultiPoint", "coordinates": [ [ -79.510658891843505, 43.755585100445899 ] ] } },
{ "type": "Feature", "properties": { "_id": 1050, "OBJECTID": 1149, "GEO_ID": 572137.0, "NAME": "TORAH EMETH JEWISH CENTRE & EITZ CHAIM HEBREW SCHOOL", "SCHOOL_LEVEL": "None", "SCHOOL_TYPE": "PR", "BOARD_NAME": "None", "SOURCE_ADDRESS": "1 VIEWMOUNT AVE ", "SCHOOL_TYPE_DESC": "Private", "ADDRESS_POINT_ID": 572137, "ADDRESS_NUMBER": "1", "LINEAR_NAME_FULL": "Viewmount Ave", "ADDRESS_FULL": "1 Viewmount Ave", "POSTAL_CODE": "M6B 1T2", "MUNICIPALITY": "NY", "CITY": "NY", "PLACE_NAME": "Synagogue", "GENERAL_USE_CODE": 115001, "CENTRELINE_ID": 445982, "LO_NUM": 1, "LO_NUM_SUF": "None", "HI_NUM": null, "HI_NUM_SUF": "None", "LINEAR_NAME_ID": 7007.0 }, "geometry": { "type": "MultiPoint", "coordinates": [ [ -79.428301476758307, 43.710124285121402 ] ] } },
{ "type": "Feature", "properties": { "_id": 1051, "OBJECTID": 1150, "GEO_ID": 5266268.0, "NAME": "TORONTO CENTRAL ACADEMY SECONDARY SCHOOL", "SCHOOL_LEVEL": "None", "SCHOOL_TYPE": "PR", "BOARD_NAME": "None", "SOURCE_ADDRESS": "200 SHEPPARD AVE E", "SCHOOL_TYPE_DESC": "Private", "ADDRESS_POINT_ID": 5266268, "ADDRESS_NUMBER": "200", "LINEAR_NAME_FULL": "Sheppard Ave E", "ADDRESS_FULL": "200 Sheppard Ave E", "POSTAL_CODE": "M2N 3A9", "MUNICIPALITY": "NY", "CITY": "NY", "PLACE_NAME": "None", "GENERAL_USE_CODE": 115001, "CENTRELINE_ID": 20041067, "LO_NUM": 200, "LO_NUM_SUF": "None", "HI_NUM": null, "HI_NUM_SUF": "None", "LINEAR_NAME_ID": 6698.0 }, "geometry": { "type": "MultiPoint", "coordinates": [ [ -79.401662243092105, 43.763862867226898 ] ] } },
{ "type": "Feature", "properties": { "_id": 1052, "OBJECTID": 1151, "GEO_ID": 20141250.0, "NAME": "TORONTO CHEDER BOYS SCHOOL ", "SCHOOL_LEVEL": "None", "SCHOOL_TYPE": "PR", "BOARD_NAME": "None", "SOURCE_ADDRESS": "475 PATRICIA AVE ", "SCHOOL_TYPE_DESC": "Private", "ADDRESS_POINT_ID": 20141250, "ADDRESS_NUMBER": "475", "LINEAR_NAME_FULL": "Patricia Ave", "ADDRESS_FULL": "475 Patricia Ave", "POSTAL_CODE": "M2R 2N1", "MUNICIPALITY": "NY", "CITY": "NY", "PLACE_NAME": "Eitz Chaim Day School", "GENERAL_USE_CODE": 115001, "CENTRELINE_ID": 30115595, "LO_NUM": 475, "LO_NUM_SUF": "None", "HI_NUM": null, "HI_NUM_SUF": "None", "LINEAR_NAME_ID": 6386.0 }, "geometry": { "type": "MultiPoint", "coordinates": [ [ -79.444404119191503, 43.783810518527702 ] ] } },
{ "type": "Feature", "properties": { "_id": 1053, "OBJECTID": 1152, "GEO_ID": 7130408.0, "NAME": "TORONTO DISTRICT SCHOOL BOARD - HEAD OFFICE", "SCHOOL_LEVEL": "None", "SCHOOL_TYPE": "EP", "BOARD_NAME": "Toronto District School Board", "SOURCE_ADDRESS": "5050 YONGE ST ", "SCHOOL_TYPE_DESC": "English Public", "ADDRESS_POINT_ID": 7130408, "ADDRESS_NUMBER": "5050", "LINEAR_NAME_FULL": "Yonge St", "ADDRESS_FULL": "5050 Yonge St", "POSTAL_CODE": "M2N 5N8", "MUNICIPALITY": "NY", "CITY": "NY", "PLACE_NAME": "None", "GENERAL_USE_CODE": 115001, "CENTRELINE_ID": 60030523, "LO_NUM": 5050, "LO_NUM_SUF": "None", "HI_NUM": null, "HI_NUM_SUF": "None", "LINEAR_NAME_ID": 4733.0 }, "geometry": { "type": "MultiPoint", "coordinates": [ [ -79.413419485723793, 43.767048597146299 ] ] } },
{ "type": "Feature", "properties": { "_id": 1054, "OBJECTID": 1153, "GEO_ID": 8905567.0, "NAME": "TORONTO DISTRICT SCHOOL BOARD - OAKBURN CENTRE", "SCHOOL_LEVEL": "None", "SCHOOL_TYPE": "EP", "BOARD_NAME": "Toronto District School Board", "SOURCE_ADDRESS": "15 OAKBURN CRES ", "SCHOOL_TYPE_DESC": "English Public", "ADDRESS_POINT_ID": 8905567, "ADDRESS_NUMBER": "15", "LINEAR_NAME_FULL": "Oakburn Cres", "ADDRESS_FULL": "15 Oakburn Cres", "POSTAL_CODE": "M2N 2T5", "MUNICIPALITY": "NY", "CITY": "NY", "PLACE_NAME": "None", "GENERAL_USE_CODE": 115001, "CENTRELINE_ID": 30075979, "LO_NUM": 15, "LO_NUM_SUF": "None", "HI_NUM": null, "HI_NUM_SUF": "None", "LINEAR_NAME_ID": 6315.0 }, "geometry": { "type": "MultiPoint", "coordinates": [ [ -79.402812631150894, 43.758874782251702 ] ] } },
{ "type": "Feature", "properties": { "_id": 1055, "OBJECTID": 1154, "GEO_ID": 993373.0, "NAME": "TORONTO DISTRICT SCHOOL BOARD - WEST EDUCATION OFFICE", "SCHOOL_LEVEL": "None", "SCHOOL_TYPE": "EP", "BOARD_NAME": "Toronto District School Board", "SOURCE_ADDRESS": "1 CIVIC CENTRE CRT ", "SCHOOL_TYPE_DESC": "English Public", "ADDRESS_POINT_ID": 993373, "ADDRESS_NUMBER": "1", "LINEAR_NAME_FULL": "Civic Centre Crt", "ADDRESS_FULL": "1 Civic Centre Crt", "POSTAL_CODE": "M9C 2B3", "MUNICIPALITY": "ET", "CITY": "ET", "PLACE_NAME": "None", "GENERAL_USE_CODE": 115001, "CENTRELINE_ID": 911898, "LO_NUM": 1, "LO_NUM_SUF": "None", "HI_NUM": null, "HI_NUM_SUF": "None", "LINEAR_NAME_ID": 1349.0 }, "geometry": { "type": "MultiPoint", "coordinates": [ [ -79.563710720063796, 43.6425600317489 ] ] } },
{ "type": "Feature", "properties": { "_id": 1056, "OBJECTID": 1155, "GEO_ID": 10071361.0, "NAME": "TORONTO FRENCH MONTESSORI", "SCHOOL_LEVEL": "None", "SCHOOL_TYPE": "PR", "BOARD_NAME": "None", "SOURCE_ADDRESS": "38 ELLERSLIE AVE ", "SCHOOL_TYPE_DESC": "Private", "ADDRESS_POINT_ID": 10071361, "ADDRESS_NUMBER": "38", "LINEAR_NAME_FULL": "Ellerslie Ave", "ADDRESS_FULL": "38 Ellerslie Ave", "POSTAL_CODE": "M2N 1X8", "MUNICIPALITY": "NY", "CITY": "NY", "PLACE_NAME": "Willowdale Presbyterian Church", "GENERAL_USE_CODE": 115001, "CENTRELINE_ID": 30098608, "LO_NUM": 38, "LO_NUM_SUF": "None", "HI_NUM": null, "HI_NUM_SUF": "None", "LINEAR_NAME_ID": 5496.0 }, "geometry": { "type": "MultiPoint", "coordinates": [ [ -79.416065316400505, 43.771727346088902 ] ] } },
{ "type": "Feature", "properties": { "_id": 1057, "OBJECTID": 1156, "GEO_ID": 13971545.0, "NAME": "TORONTO FRENCH SCHOOL - JR LAWRENCE", "SCHOOL_LEVEL": "None", "SCHOOL_TYPE": "PR", "BOARD_NAME": "None", "SOURCE_ADDRESS": "296 LAWRENCE AVE E", "SCHOOL_TYPE_DESC": "Private", "ADDRESS_POINT_ID": 13971545, "ADDRESS_NUMBER": "296", "LINEAR_NAME_FULL": "Lawrence Ave E", "ADDRESS_FULL": "296 Lawrence Ave E", "POSTAL_CODE": "M4N 1T7", "MUNICIPALITY": "NY", "CITY": "NY", "PLACE_NAME": "None", "GENERAL_USE_CODE": 115001, "CENTRELINE_ID": 10133024, "LO_NUM": 296, "LO_NUM_SUF": "None", "HI_NUM": null, "HI_NUM_SUF": "None", "LINEAR_NAME_ID": 3828.0 }, "geometry": { "type": "MultiPoint", "coordinates": [ [ -79.385009899141707, 43.728402275617299 ] ] } },
{ "type": "Feature", "properties": { "_id": 1058, "OBJECTID": 1157, "GEO_ID": 11541515.0, "NAME": "TORONTO FRENCH SCHOOL - JR MILDENHALL", "SCHOOL_LEVEL": "None", "SCHOOL_TYPE": "PR", "BOARD_NAME": "None", "SOURCE_ADDRESS": "101 MILDENHALL RD ", "SCHOOL_TYPE_DESC": "Private", "ADDRESS_POINT_ID": 11541515, "ADDRESS_NUMBER": "101", "LINEAR_NAME_FULL": "Mildenhall Rd", "ADDRESS_FULL": "101 Mildenhall Rd", "POSTAL_CODE": "M4N 3H4", "MUNICIPALITY": "NY", "CITY": "NY", "PLACE_NAME": "None", "GENERAL_USE_CODE": 115001, "CENTRELINE_ID": 11533943, "LO_NUM": 101, "LO_NUM_SUF": "None", "HI_NUM": null, "HI_NUM_SUF": "None", "LINEAR_NAME_ID": 6220.0 }, "geometry": { "type": "MultiPoint", "coordinates": [ [ -79.386595636654704, 43.729310500437897 ] ] } },
{ "type": "Feature", "properties": { "_id": 1059, "OBJECTID": 1158, "GEO_ID": 10133740.0, "NAME": "TORONTO FRENCH SCHOOL - SR LAWRENCE", "SCHOOL_LEVEL": "None", "SCHOOL_TYPE": "PR", "BOARD_NAME": "None", "SOURCE_ADDRESS": "318 LAWRENCE AVE E", "SCHOOL_TYPE_DESC": "Private", "ADDRESS_POINT_ID": 10133740, "ADDRESS_NUMBER": "318", "LINEAR_NAME_FULL": "Lawrence Ave E", "ADDRESS_FULL": "318 Lawrence Ave E", "POSTAL_CODE": "M4N 1T7", "MUNICIPALITY": "NY", "CITY": "NY", "PLACE_NAME": "None", "GENERAL_USE_CODE": 115001, "CENTRELINE_ID": 10133024, "LO_NUM": 318, "LO_NUM_SUF": "None", "HI_NUM": null, "HI_NUM_SUF": "None", "LINEAR_NAME_ID": 3828.0 }, "geometry": { "type": "MultiPoint", "coordinates": [ [ -79.383259017647802, 43.727964264815498 ] ] } },
{ "type": "Feature", "properties": { "_id": 1060, "OBJECTID": 1159, "GEO_ID": 10133036.0, "NAME": "TORONTO FRENCH SCHOOL, JARDIN D'EVEIL (CHILD CARE HOUSE) 416 484-6533", "SCHOOL_LEVEL": "None", "SCHOOL_TYPE": "PR", "BOARD_NAME": "None", "SOURCE_ADDRESS": "294 LAWRENCE AVE E", "SCHOOL_TYPE_DESC": "Private", "ADDRESS_POINT_ID": 10133036, "ADDRESS_NUMBER": "294", "LINEAR_NAME_FULL": "Lawrence Ave E", "ADDRESS_FULL": "294 Lawrence Ave E", "POSTAL_CODE": "M4N 1T7", "MUNICIPALITY": "NY", "CITY": "NY", "PLACE_NAME": "None", "GENERAL_USE_CODE": 115001, "CENTRELINE_ID": 10133024, "LO_NUM": 294, "LO_NUM_SUF": "None", "HI_NUM": null, "HI_NUM_SUF": "None", "LINEAR_NAME_ID": 3828.0 }, "geometry": { "type": "MultiPoint", "coordinates": [ [ -79.385546791878994, 43.728599464504903 ] ] } },
{ "type": "Feature", "properties": { "_id": 1061, "OBJECTID": 1160, "GEO_ID": 30113992.0, "NAME": "TORONTO HEURISTIC INTERNATIONAL ACADEMY", "SCHOOL_LEVEL": "None", "SCHOOL_TYPE": "PR", "BOARD_NAME": "None", "SOURCE_ADDRESS": "513 MCNICOLL AVE ", "SCHOOL_TYPE_DESC": "Private", "ADDRESS_POINT_ID": 30113992, "ADDRESS_NUMBER": "513", "LINEAR_NAME_FULL": "McNicoll Ave", "ADDRESS_FULL": "513 McNicoll Ave", "POSTAL_CODE": "M2H 2C9", "MUNICIPALITY": "NY", "CITY": "NY", "PLACE_NAME": "None", "GENERAL_USE_CODE": 115001, "CENTRELINE_ID": 11484469, "LO_NUM": 513, "LO_NUM_SUF": "None", "HI_NUM": null, "HI_NUM_SUF": "None", "LINEAR_NAME_ID": 6195.0 }, "geometry": { "type": "MultiPoint", "coordinates": [ [ -79.338839796040403, 43.803595874204603 ] ] } },
{ "type": "Feature", "properties": { "_id": 1062, "OBJECTID": 1161, "GEO_ID": 9270564.0, "NAME": "TORONTO INTERNATIONAL COLLEGE SECONDARY SCHOOL", "SCHOOL_LEVEL": "None", "SCHOOL_TYPE": "PR", "BOARD_NAME": "None", "SOURCE_ADDRESS": "3550 VICTORIA PARK AVE ", "SCHOOL_TYPE_DESC": "Private", "ADDRESS_POINT_ID": 9270564, "ADDRESS_NUMBER": "3550", "LINEAR_NAME_FULL": "Victoria Park Ave", "ADDRESS_FULL": "3550 Victoria Park Ave", "POSTAL_CODE": "M2H 2N5", "MUNICIPALITY": "NY", "CITY": "NY", "PLACE_NAME": "None", "GENERAL_USE_CODE": 115001, "CENTRELINE_ID": 9270561, "LO_NUM": 3550, "LO_NUM_SUF": "None", "HI_NUM": null, "HI_NUM_SUF": "None", "LINEAR_NAME_ID": 370.0 }, "geometry": { "type": "MultiPoint", "coordinates": [ [ -79.337415185310206, 43.805467429782603 ] ] } },
{ "type": "Feature", "properties": { "_id": 1063, "OBJECTID": 1162, "GEO_ID": 325461.0, "NAME": "TORONTO ISLAMIC ACADEMY SCHOOL", "SCHOOL_LEVEL": "None", "SCHOOL_TYPE": "PR", "BOARD_NAME": "None", "SOURCE_ADDRESS": "3334 DANFORTH AVE ", "SCHOOL_TYPE_DESC": "Private", "ADDRESS_POINT_ID": 325461, "ADDRESS_NUMBER": "3334", "LINEAR_NAME_FULL": "Danforth Ave", "ADDRESS_FULL": "3334 Danforth Ave", "POSTAL_CODE": "M1L 1C6", "MUNICIPALITY": "SC", "CITY": "SC", "PLACE_NAME": "None", "GENERAL_USE_CODE": 115001, "CENTRELINE_ID": 112943, "LO_NUM": 3334, "LO_NUM_SUF": "None", "HI_NUM": null, "HI_NUM_SUF": "None", "LINEAR_NAME_ID": 86.0 }, "geometry": { "type": "MultiPoint", "coordinates": [ [ -79.278137825115707, 43.693730213178398 ] ] } },
{ "type": "Feature", "properties": { "_id": 1064, "OBJECTID": 1163, "GEO_ID": 20040459.0, "NAME": "TORONTO METROPOLITAN UNIVERSITY - ENTR TO BUSINESS SCHOOL LOBBY", "SCHOOL_LEVEL": "None", "SCHOOL_TYPE": "U", "BOARD_NAME": "None", "SOURCE_ADDRESS": "55 DUNDAS ST W", "SCHOOL_TYPE_DESC": "University", "ADDRESS_POINT_ID": 20040459, "ADDRESS_NUMBER": "55", "LINEAR_NAME_FULL": "Dundas St W", "ADDRESS_FULL": "55 Dundas St W", "POSTAL_CODE": "M5G 2C3", "MUNICIPALITY": "TO", "CITY": "TO", "PLACE_NAME": "Ryerson Lobby", "GENERAL_USE_CODE": 115001, "CENTRELINE_ID": 7762832, "LO_NUM": 55, "LO_NUM_SUF": "None", "HI_NUM": null, "HI_NUM_SUF": "None", "LINEAR_NAME_ID": 558.0 }, "geometry": { "type": "MultiPoint", "coordinates": [ [ -79.382344073763406, 43.655784607953599 ] ] } },
{ "type": "Feature", "properties": { "_id": 1065, "OBJECTID": 1164, "GEO_ID": 773911.0, "NAME": "TORONTO METROPOLITAN UNIVERSITY - SCHOOL OF IMAGE ARTS", "SCHOOL_LEVEL": "None", "SCHOOL_TYPE": "U", "BOARD_NAME": "None", "SOURCE_ADDRESS": "122 BOND ST ", "SCHOOL_TYPE_DESC": "University", "ADDRESS_POINT_ID": 773911, "ADDRESS_NUMBER": "122", "LINEAR_NAME_FULL": "Bond St", "ADDRESS_FULL": "122 Bond St", "POSTAL_CODE": "M5B 1X8", "MUNICIPALITY": "TO", "CITY": "TO", "PLACE_NAME": "None", "GENERAL_USE_CODE": 115001, "CENTRELINE_ID": 14021112, "LO_NUM": 122, "LO_NUM_SUF": "None", "HI_NUM": null, "HI_NUM_SUF": "None", "LINEAR_NAME_ID": 3029.0 }, "geometry": { "type": "MultiPoint", "coordinates": [ [ -79.379138785181595, 43.657378121621697 ] ] } },
{ "type": "Feature", "properties": { "_id": 1066, "OBJECTID": 1165, "GEO_ID": 14210444.0, "NAME": "TORONTO METROPOLITAN UNIVERSITY - SCHOOL OF INTERIOR DESIGN", "SCHOOL_LEVEL": "None", "SCHOOL_TYPE": "U", "BOARD_NAME": "None", "SOURCE_ADDRESS": "302 CHURCH ST ", "SCHOOL_TYPE_DESC": "University", "ADDRESS_POINT_ID": 14210444, "ADDRESS_NUMBER": "302", "LINEAR_NAME_FULL": "Church St", "ADDRESS_FULL": "302 Church St", "POSTAL_CODE": "None", "MUNICIPALITY": "TO", "CITY": "TO", "PLACE_NAME": "None", "GENERAL_USE_CODE": 115001, "CENTRELINE_ID": 11462072, "LO_NUM": 302, "LO_NUM_SUF": "None", "HI_NUM": null, "HI_NUM_SUF": "None", "LINEAR_NAME_ID": 503.0 }, "geometry": { "type": "MultiPoint", "coordinates": [ [ -79.377848471261601, 43.657515478918398 ] ] } },
{ "type": "Feature", "properties": { "_id": 1067, "OBJECTID": 1166, "GEO_ID": 7641997.0, "NAME": "TORONTO METROPOLITAN UNIVERSITY - THEATRE SCHOOL", "SCHOOL_LEVEL": "None", "SCHOOL_TYPE": "U", "BOARD_NAME": "None", "SOURCE_ADDRESS": "44 GERRARD ST E", "SCHOOL_TYPE_DESC": "University", "ADDRESS_POINT_ID": 7641997, "ADDRESS_NUMBER": "44", "LINEAR_NAME_FULL": "Gerrard St E", "ADDRESS_FULL": "44 Gerrard St E", "POSTAL_CODE": "M5B 1G3", "MUNICIPALITY": "TO", "CITY": "TO", "PLACE_NAME": "None", "GENERAL_USE_CODE": 115001, "CENTRELINE_ID": 7642005, "LO_NUM": 44, "LO_NUM_SUF": "None", "HI_NUM": null, "HI_NUM_SUF": "None", "LINEAR_NAME_ID": 3495.0 }, "geometry": { "type": "MultiPoint", "coordinates": [ [ -79.379735312516203, 43.659795441502297 ] ] } },
{ "type": "Feature", "properties": { "_id": 1068, "OBJECTID": 1167, "GEO_ID": 8791751.0, "NAME": "TORONTO OUEST SECONDARY SCHOOL", "SCHOOL_LEVEL": "None", "SCHOOL_TYPE": "FP", "BOARD_NAME": "Conseil scolaire Viamonde", "SOURCE_ADDRESS": "330 LANSDOWNE AVE", "SCHOOL_TYPE_DESC": "French Public", "ADDRESS_POINT_ID": 8791751, "ADDRESS_NUMBER": "330", "LINEAR_NAME_FULL": "Lansdowne Ave", "ADDRESS_FULL": "330 Lansdowne Ave", "POSTAL_CODE": "M6H 3Y1", "MUNICIPALITY": "TO", "CITY": "TO", "PLACE_NAME": "Ecole Secondaire Toronto Ouest", "GENERAL_USE_CODE": 115001, "CENTRELINE_ID": 30102548, "LO_NUM": 330, "LO_NUM_SUF": "None", "HI_NUM": null, "HI_NUM_SUF": "None", "LINEAR_NAME_ID": 3814.0 }, "geometry": { "type": "MultiPoint", "coordinates": [ [ -79.441235424650202, 43.652383630341802 ] ] } },
{ "type": "Feature", "properties": { "_id": 1069, "OBJECTID": 1168, "GEO_ID": 7324226.0, "NAME": "TORONTO PREP SCHOOL", "SCHOOL_LEVEL": "None", "SCHOOL_TYPE": "PR", "BOARD_NAME": "None", "SOURCE_ADDRESS": "250 DAVISVILLE AVE ", "SCHOOL_TYPE_DESC": "Private", "ADDRESS_POINT_ID": 7324226, "ADDRESS_NUMBER": "250", "LINEAR_NAME_FULL": "Davisville Ave", "ADDRESS_FULL": "250 Davisville Ave", "POSTAL_CODE": "M4S 1H2", "MUNICIPALITY": "TO", "CITY": "TO", "PLACE_NAME": "None", "GENERAL_USE_CODE": 115001, "CENTRELINE_ID": 7324227, "LO_NUM": 250, "LO_NUM_SUF": "None", "HI_NUM": null, "HI_NUM_SUF": "None", "LINEAR_NAME_ID": 3271.0 }, "geometry": { "type": "MultiPoint", "coordinates": [ [ -79.386517190103802, 43.700610837325797 ] ] } },
{ "type": "Feature", "properties": { "_id": 1070, "OBJECTID": 1169, "GEO_ID": 20357828.0, "NAME": "TORONTO SCHOOL OF THEOLOGY - U OF T, BLDG 434", "SCHOOL_LEVEL": "None", "SCHOOL_TYPE": "U", "BOARD_NAME": "None", "SOURCE_ADDRESS": "47 QUEEN'S PARK CRES E", "SCHOOL_TYPE_DESC": "University", "ADDRESS_POINT_ID": 20357828, "ADDRESS_NUMBER": "47", "LINEAR_NAME_FULL": "Queen's Park Cres E", "ADDRESS_FULL": "47 Queen's Park Cres E", "POSTAL_CODE": "M5S 2C3", "MUNICIPALITY": "TO", "CITY": "TO", "PLACE_NAME": "None", "GENERAL_USE_CODE": 115001, "CENTRELINE_ID": 30030409, "LO_NUM": 47, "LO_NUM_SUF": "None", "HI_NUM": null, "HI_NUM_SUF": "None", "LINEAR_NAME_ID": 4241.0 }, "geometry": { "type": "MultiPoint", "coordinates": [ [ -79.390656599947903, 43.664731043694601 ] ] } },
{ "type": "Feature", "properties": { "_id": 1071, "OBJECTID": 1170, "GEO_ID": 9035772.0, "NAME": "TORONTO STEM SCHOOL", "SCHOOL_LEVEL": "None", "SCHOOL_TYPE": "PR", "BOARD_NAME": "None", "SOURCE_ADDRESS": "285 EGLINTON AVE E", "SCHOOL_TYPE_DESC": "Private", "ADDRESS_POINT_ID": 9035772, "ADDRESS_NUMBER": "285", "LINEAR_NAME_FULL": "Eglinton Ave E", "ADDRESS_FULL": "285 Eglinton Ave E", "POSTAL_CODE": "M4P 1L3", "MUNICIPALITY": "TO", "CITY": "TO", "PLACE_NAME": "None", "GENERAL_USE_CODE": 115001, "CENTRELINE_ID": 9035764, "LO_NUM": 285, "LO_NUM_SUF": "None", "HI_NUM": null, "HI_NUM_SUF": "None", "LINEAR_NAME_ID": 125.0 }, "geometry": { "type": "MultiPoint", "coordinates": [ [ -79.388154493164905, 43.708604565958602 ] ] } },
{ "type": "Feature", "properties": { "_id": 1072, "OBJECTID": 1171, "GEO_ID": 13974326.0, "NAME": "TOWN CENTRE LINC", "SCHOOL_LEVEL": "None", "SCHOOL_TYPE": "EP", "BOARD_NAME": "Toronto District School Board", "SOURCE_ADDRESS": "1457 MCCOWAN RD ", "SCHOOL_TYPE_DESC": "English Public", "ADDRESS_POINT_ID": 13974326, "ADDRESS_NUMBER": "1457", "LINEAR_NAME_FULL": "McCowan Rd", "ADDRESS_FULL": "1457 McCowan Rd", "POSTAL_CODE": "M1S 5K7", "MUNICIPALITY": "SC", "CITY": "SC", "PLACE_NAME": "None", "GENERAL_USE_CODE": 115001, "CENTRELINE_ID": 106751, "LO_NUM": 1457, "LO_NUM_SUF": "None", "HI_NUM": null, "HI_NUM_SUF": "None", "LINEAR_NAME_ID": 8454.0 }, "geometry": { "type": "MultiPoint", "coordinates": [ [ -79.256041986448295, 43.785220247616301 ] ] } },
{ "type": "Feature", "properties": { "_id": 1073, "OBJECTID": 1172, "GEO_ID": 1015960.0, "NAME": "TRANSFIGURATION OF OUR LORD CATHOLIC ELEMENTARY SCHOOL", "SCHOOL_LEVEL": "None", "SCHOOL_TYPE": "ES", "BOARD_NAME": "Toronto Catholic District School Board", "SOURCE_ADDRESS": "55 LUDSTONE DR ", "SCHOOL_TYPE_DESC": "English Separate", "ADDRESS_POINT_ID": 1015960, "ADDRESS_NUMBER": "55", "LINEAR_NAME_FULL": "Ludstone Dr", "ADDRESS_FULL": "55 Ludstone Dr", "POSTAL_CODE": "M9R 2J2", "MUNICIPALITY": "ET", "CITY": "ET", "PLACE_NAME": "Transfiguration Catholic School", "GENERAL_USE_CODE": 115001, "CENTRELINE_ID": 908869, "LO_NUM": 55, "LO_NUM_SUF": "None", "HI_NUM": null, "HI_NUM_SUF": "None", "LINEAR_NAME_ID": 2030.0 }, "geometry": { "type": "MultiPoint", "coordinates": [ [ -79.562870728600103, 43.691521258681803 ] ] } },
{ "type": "Feature", "properties": { "_id": 1074, "OBJECTID": 1173, "GEO_ID": 384158.0, "NAME": "TREDWAY WOODSWORTH PUBLIC SCHOOL", "SCHOOL_LEVEL": "None", "SCHOOL_TYPE": "EP", "BOARD_NAME": "Toronto District School Board", "SOURCE_ADDRESS": "112 SEDGEMOUNT DR ", "SCHOOL_TYPE_DESC": "English Public", "ADDRESS_POINT_ID": 384158, "ADDRESS_NUMBER": "112", "LINEAR_NAME_FULL": "Sedgemount Dr", "ADDRESS_FULL": "112 Sedgemount Dr", "POSTAL_CODE": "M1H 1X9", "MUNICIPALITY": "SC", "CITY": "SC", "PLACE_NAME": "Tredway Woodsworth Public School", "GENERAL_USE_CODE": 115001, "CENTRELINE_ID": 108752, "LO_NUM": 112, "LO_NUM_SUF": "None", "HI_NUM": null, "HI_NUM_SUF": "None", "LINEAR_NAME_ID": 8914.0 }, "geometry": { "type": "MultiPoint", "coordinates": [ [ -79.235265935663506, 43.765033215418697 ] ] } },
{ "type": "Feature", "properties": { "_id": 1075, "OBJECTID": 1174, "GEO_ID": 570542.0, "NAME": "TUMPANE PUBLIC SCHOOL", "SCHOOL_LEVEL": "None", "SCHOOL_TYPE": "EP", "BOARD_NAME": "Toronto District School Board", "SOURCE_ADDRESS": "48 TUMPANE ST ", "SCHOOL_TYPE_DESC": "English Public", "ADDRESS_POINT_ID": 570542, "ADDRESS_NUMBER": "48", "LINEAR_NAME_FULL": "Tumpane St", "ADDRESS_FULL": "48 Tumpane St", "POSTAL_CODE": "M3M 1L8", "MUNICIPALITY": "NY", "CITY": "NY", "PLACE_NAME": "Tumpane Public School", "GENERAL_USE_CODE": 115001, "CENTRELINE_ID": 444319, "LO_NUM": 48, "LO_NUM_SUF": "None", "HI_NUM": null, "HI_NUM_SUF": "None", "LINEAR_NAME_ID": 6955.0 }, "geometry": { "type": "MultiPoint", "coordinates": [ [ -79.5022550959971, 43.726595280686098 ] ] } },
{ "type": "Feature", "properties": { "_id": 1076, "OBJECTID": 1175, "GEO_ID": 6735913.0, "NAME": "TWENTIETH STREET JR SCHOOL ", "SCHOOL_LEVEL": "None", "SCHOOL_TYPE": "EP", "BOARD_NAME": "Toronto District School Board", "SOURCE_ADDRESS": "3190 LAKE SHORE BLVD W", "SCHOOL_TYPE_DESC": "English Public", "ADDRESS_POINT_ID": 6735913, "ADDRESS_NUMBER": "3190", "LINEAR_NAME_FULL": "Lake Shore Blvd W", "ADDRESS_FULL": "3190 Lake Shore Blvd W", "POSTAL_CODE": "M8V 1L8", "MUNICIPALITY": "ET", "CITY": "ET", "PLACE_NAME": "Twentieth Street Junior School", "GENERAL_USE_CODE": 115001, "CENTRELINE_ID": 6735911, "LO_NUM": 3190, "LO_NUM_SUF": "None", "HI_NUM": null, "HI_NUM_SUF": "None", "LINEAR_NAME_ID": 1962.0 }, "geometry": { "type": "MultiPoint", "coordinates": [ [ -79.519938242995195, 43.597977153056299 ] ] } },
{ "type": "Feature", "properties": { "_id": 1077, "OBJECTID": 1176, "GEO_ID": 9531675.0, "NAME": "TYNDALE UNIVERSITY COLLEGE AND SEMINARY SCHOOL - BAYVIEW", "SCHOOL_LEVEL": "None", "SCHOOL_TYPE": "PR", "BOARD_NAME": "None", "SOURCE_ADDRESS": "3377 BAYVIEW AVE ", "SCHOOL_TYPE_DESC": "Private", "ADDRESS_POINT_ID": 9531675, "ADDRESS_NUMBER": "3377", "LINEAR_NAME_FULL": "Bayview Ave", "ADDRESS_FULL": "3377 Bayview Ave", "POSTAL_CODE": "M2M 3S4", "MUNICIPALITY": "NY", "CITY": "NY", "PLACE_NAME": "St. Joseph's Convent", "GENERAL_USE_CODE": 115001, "CENTRELINE_ID": 9531674, "LO_NUM": 3377, "LO_NUM_SUF": "None", "HI_NUM": null, "HI_NUM_SUF": "None", "LINEAR_NAME_ID": 24.0 }, "geometry": { "type": "MultiPoint", "coordinates": [ [ -79.392080611000296, 43.797136928142201 ] ] } },
{ "type": "Feature", "properties": { "_id": 1078, "OBJECTID": 1177, "GEO_ID": 8016870.0, "NAME": "UCHENNA ACADEMY", "SCHOOL_LEVEL": "None", "SCHOOL_TYPE": "PR", "BOARD_NAME": "None", "SOURCE_ADDRESS": "950 DUPONT ST ", "SCHOOL_TYPE_DESC": "Private", "ADDRESS_POINT_ID": 8016870, "ADDRESS_NUMBER": "950", "LINEAR_NAME_FULL": "Dupont St", "ADDRESS_FULL": "950 Dupont St", "POSTAL_CODE": "M6H 1Z2", "MUNICIPALITY": "TO", "CITY": "TO", "PLACE_NAME": "None", "GENERAL_USE_CODE": 115001, "CENTRELINE_ID": 8016869, "LO_NUM": 950, "LO_NUM_SUF": "None", "HI_NUM": null, "HI_NUM_SUF": "None", "LINEAR_NAME_ID": 3343.0 }, "geometry": { "type": "MultiPoint", "coordinates": [ [ -79.4320119500657, 43.670105349332999 ] ] } },
{ "type": "Feature", "properties": { "_id": 1079, "OBJECTID": 1178, "GEO_ID": 20059227.0, "NAME": "UM AL-QURA ISLAMIC SCHOOL", "SCHOOL_LEVEL": "None", "SCHOOL_TYPE": "PR", "BOARD_NAME": "None", "SOURCE_ADDRESS": "41 METROPOLITAN RD ", "SCHOOL_TYPE_DESC": "Private", "ADDRESS_POINT_ID": 20059227, "ADDRESS_NUMBER": "41", "LINEAR_NAME_FULL": "Metropolitan Rd", "ADDRESS_FULL": "41 Metropolitan Rd", "POSTAL_CODE": "M1R 2T5", "MUNICIPALITY": "SC", "CITY": "SC", "PLACE_NAME": "None", "GENERAL_USE_CODE": 115001, "CENTRELINE_ID": 7497231, "LO_NUM": 41, "LO_NUM_SUF": "None", "HI_NUM": null, "HI_NUM_SUF": "None", "LINEAR_NAME_ID": 8489.0 }, "geometry": { "type": "MultiPoint", "coordinates": [ [ -79.299423033358806, 43.767412052518601 ] ] } },
{ "type": "Feature", "properties": { "_id": 1080, "OBJECTID": 1179, "GEO_ID": 6427800.0, "NAME": "UMC HIGH SCHOOL", "SCHOOL_LEVEL": "None", "SCHOOL_TYPE": "PR", "BOARD_NAME": "None", "SOURCE_ADDRESS": "425 MCCOWAN RD ", "SCHOOL_TYPE_DESC": "Private", "ADDRESS_POINT_ID": 6427800, "ADDRESS_NUMBER": "425", "LINEAR_NAME_FULL": "McCowan Rd", "ADDRESS_FULL": "425 McCowan Rd", "POSTAL_CODE": "M1J 1J1", "MUNICIPALITY": "SC", "CITY": "SC", "PLACE_NAME": "None", "GENERAL_USE_CODE": 115001, "CENTRELINE_ID": 14239688, "LO_NUM": 425, "LO_NUM_SUF": "None", "HI_NUM": null, "HI_NUM_SUF": "None", "LINEAR_NAME_ID": 8454.0 }, "geometry": { "type": "MultiPoint", "coordinates": [ [ -79.238941179053995, 43.743609820085297 ] ] } },
{ "type": "Feature", "properties": { "_id": 1081, "OBJECTID": 1180, "GEO_ID": 385455.0, "NAME": "UNIQUE CHINESE SCHOOL - MIDLAND CAMPUS", "SCHOOL_LEVEL": "None", "SCHOOL_TYPE": "PR", "BOARD_NAME": "None", "SOURCE_ADDRESS": "4271 SHEPPARD AVE E", "SCHOOL_TYPE_DESC": "Private", "ADDRESS_POINT_ID": 385455, "ADDRESS_NUMBER": "4271", "LINEAR_NAME_FULL": "Sheppard Ave E", "ADDRESS_FULL": "4271 Sheppard Ave E", "POSTAL_CODE": "M1S 4G4", "MUNICIPALITY": "SC", "CITY": "SC", "PLACE_NAME": "None", "GENERAL_USE_CODE": 115001, "CENTRELINE_ID": 106651, "LO_NUM": 4271, "LO_NUM_SUF": "None", "HI_NUM": null, "HI_NUM_SUF": "None", "LINEAR_NAME_ID": 6698.0 }, "geometry": { "type": "MultiPoint", "coordinates": [ [ -79.275656993712303, 43.785529332972402 ] ] } },
{ "type": "Feature", "properties": { "_id": 1082, "OBJECTID": 1181, "GEO_ID": 385358.0, "NAME": "UNIQUE CHINESE SCHOOL & GRACEPOINT CHURCH", "SCHOOL_LEVEL": "None", "SCHOOL_TYPE": "PR", "BOARD_NAME": "None", "SOURCE_ADDRESS": "3143 SHEPPARD AVE E", "SCHOOL_TYPE_DESC": "Private", "ADDRESS_POINT_ID": 385358, "ADDRESS_NUMBER": "3143", "LINEAR_NAME_FULL": "Sheppard Ave E", "ADDRESS_FULL": "3143 Sheppard Ave E", "POSTAL_CODE": "M1T 3J7", "MUNICIPALITY": "SC", "CITY": "SC", "PLACE_NAME": "Wishing Well Acres Baptist", "GENERAL_USE_CODE": 115001, "CENTRELINE_ID": 107506, "LO_NUM": 3143, "LO_NUM_SUF": "None", "HI_NUM": null, "HI_NUM_SUF": "None", "LINEAR_NAME_ID": 6698.0 }, "geometry": { "type": "MultiPoint", "coordinates": [ [ -79.316009448936597, 43.776496381649501 ] ] } },
{ "type": "Feature", "properties": { "_id": 1083, "OBJECTID": 1182, "GEO_ID": 772789.0, "NAME": "UNIVERSITY OF TORONTO SCHOOLS", "SCHOOL_LEVEL": "None", "SCHOOL_TYPE": "PR", "BOARD_NAME": "None", "SOURCE_ADDRESS": "371 BLOOR ST W", "SCHOOL_TYPE_DESC": "Private", "ADDRESS_POINT_ID": 772789, "ADDRESS_NUMBER": "371", "LINEAR_NAME_FULL": "Bloor St W", "ADDRESS_FULL": "371 Bloor St W", "POSTAL_CODE": "M5S 2R7", "MUNICIPALITY": "TO", "CITY": "TO", "PLACE_NAME": "None", "GENERAL_USE_CODE": 115001, "CENTRELINE_ID": 1142672, "LO_NUM": 371, "LO_NUM_SUF": "None", "HI_NUM": null, "HI_NUM_SUF": "None", "LINEAR_NAME_ID": 458.0 }, "geometry": { "type": "MultiPoint", "coordinates": [ [ -79.402505291009106, 43.666562193528698 ] ] } },
{ "type": "Feature", "properties": { "_id": 1084, "OBJECTID": 1183, "GEO_ID": 7254136.0, "NAME": "UPPER CANADA COLLEGE SCHOOL", "SCHOOL_LEVEL": "None", "SCHOOL_TYPE": "PR", "BOARD_NAME": "None", "SOURCE_ADDRESS": "200 LONSDALE RD ", "SCHOOL_TYPE_DESC": "Private", "ADDRESS_POINT_ID": 7254136, "ADDRESS_NUMBER": "200", "LINEAR_NAME_FULL": "Lonsdale Rd", "ADDRESS_FULL": "200 Lonsdale Rd", "POSTAL_CODE": "M4V 1W6", "MUNICIPALITY": "TO", "CITY": "TO", "PLACE_NAME": "None", "GENERAL_USE_CODE": 115001, "CENTRELINE_ID": 7254137, "LO_NUM": 200, "LO_NUM_SUF": "None", "HI_NUM": null, "HI_NUM_SUF": "None", "LINEAR_NAME_ID": 3870.0 }, "geometry": { "type": "MultiPoint", "coordinates": [ [ -79.402522706206597, 43.691947167982597 ] ] } },
{ "type": "Feature", "properties": { "_id": 1085, "OBJECTID": 1184, "GEO_ID": 7254159.0, "NAME": "UPPER CANADA PREP SCHOOL", "SCHOOL_LEVEL": "None", "SCHOOL_TYPE": "PR", "BOARD_NAME": "None", "SOURCE_ADDRESS": "220 LONSDALE RD ", "SCHOOL_TYPE_DESC": "Private", "ADDRESS_POINT_ID": 7254159, "ADDRESS_NUMBER": "220", "LINEAR_NAME_FULL": "Lonsdale Rd", "ADDRESS_FULL": "220 Lonsdale Rd", "POSTAL_CODE": "M4V 2X8", "MUNICIPALITY": "TO", "CITY": "TO", "PLACE_NAME": "None", "GENERAL_USE_CODE": 115001, "CENTRELINE_ID": 7254137, "LO_NUM": 220, "LO_NUM_SUF": "None", "HI_NUM": null, "HI_NUM_SUF": "None", "LINEAR_NAME_ID": 3870.0 }, "geometry": { "type": "MultiPoint", "coordinates": [ [ -79.404386972362403, 43.6908372355295 ] ] } },
{ "type": "Feature", "properties": { "_id": 1086, "OBJECTID": 1185, "GEO_ID": 14203310.0, "NAME": "URSULA FRANKLIN ACADEMY", "SCHOOL_LEVEL": "None", "SCHOOL_TYPE": "EP", "BOARD_NAME": "Toronto District School Board", "SOURCE_ADDRESS": "146 GLENDONWYNNE RD ", "SCHOOL_TYPE_DESC": "English Public", "ADDRESS_POINT_ID": 14203310, "ADDRESS_NUMBER": "146", "LINEAR_NAME_FULL": "Glendonwynne Rd", "ADDRESS_FULL": "146 Glendonwynne Rd", "POSTAL_CODE": "M6P 3J7", "MUNICIPALITY": "TO", "CITY": "TO", "PLACE_NAME": "None", "GENERAL_USE_CODE": 115001, "CENTRELINE_ID": 1144630, "LO_NUM": 146, "LO_NUM_SUF": "None", "HI_NUM": null, "HI_NUM_SUF": "None", "LINEAR_NAME_ID": 3537.0 }, "geometry": { "type": "MultiPoint", "coordinates": [ [ -79.474820694847097, 43.656707412371603 ] ] } },
{ "type": "Feature", "properties": { "_id": 1087, "OBJECTID": 1186, "GEO_ID": 30044868.0, "NAME": "UT PREPARATORY ACADEMY SECONDARY SCHOOL", "SCHOOL_LEVEL": "None", "SCHOOL_TYPE": "PR", "BOARD_NAME": "None", "SOURCE_ADDRESS": "205 SPARKS AVE ", "SCHOOL_TYPE_DESC": "Private", "ADDRESS_POINT_ID": 30044868, "ADDRESS_NUMBER": "205", "LINEAR_NAME_FULL": "Sparks Ave", "ADDRESS_FULL": "205 Sparks Ave", "POSTAL_CODE": "M2H 2S5", "MUNICIPALITY": "NY", "CITY": "NY", "PLACE_NAME": "None", "GENERAL_USE_CODE": 115001, "CENTRELINE_ID": 11890578, "LO_NUM": 205, "LO_NUM_SUF": "None", "HI_NUM": null, "HI_NUM_SUF": "None", "LINEAR_NAME_ID": 6758.0 }, "geometry": { "type": "MultiPoint", "coordinates": [ [ -79.340968042573095, 43.807673812906103 ] ] } },
{ "type": "Feature", "properties": { "_id": 1088, "OBJECTID": 1187, "GEO_ID": 10750671.0, "NAME": "VALLEY PARK MDL SCHOOL ", "SCHOOL_LEVEL": "None", "SCHOOL_TYPE": "EP", "BOARD_NAME": "Toronto District School Board", "SOURCE_ADDRESS": "130 OVERLEA BLVD ", "SCHOOL_TYPE_DESC": "English Public", "ADDRESS_POINT_ID": 10750671, "ADDRESS_NUMBER": "130", "LINEAR_NAME_FULL": "Overlea Blvd", "ADDRESS_FULL": "130 Overlea Blvd", "POSTAL_CODE": "M3C 1B2", "MUNICIPALITY": "NY", "CITY": "NY", "PLACE_NAME": "Valley Park Middle School", "GENERAL_USE_CODE": 115001, "CENTRELINE_ID": 10750670, "LO_NUM": 130, "LO_NUM_SUF": "None", "HI_NUM": null, "HI_NUM_SUF": "None", "LINEAR_NAME_ID": 278.0 }, "geometry": { "type": "MultiPoint", "coordinates": [ [ -79.335870522623594, 43.710440590751404 ] ] } },
{ "type": "Feature", "properties": { "_id": 1089, "OBJECTID": 1188, "GEO_ID": 1030369.0, "NAME": "VALLEYFIELD JR SCHOOL ", "SCHOOL_LEVEL": "None", "SCHOOL_TYPE": "EP", "BOARD_NAME": "Toronto District School Board", "SOURCE_ADDRESS": "35 SASKATOON DR ", "SCHOOL_TYPE_DESC": "English Public", "ADDRESS_POINT_ID": 1030369, "ADDRESS_NUMBER": "35", "LINEAR_NAME_FULL": "Saskatoon Dr", "ADDRESS_FULL": "35 Saskatoon Dr", "POSTAL_CODE": "M9P 2E8", "MUNICIPALITY": "ET", "CITY": "ET", "PLACE_NAME": "Valleyfield Junior School", "GENERAL_USE_CODE": 115001, "CENTRELINE_ID": 908699, "LO_NUM": 35, "LO_NUM_SUF": "None", "HI_NUM": null, "HI_NUM_SUF": "None", "LINEAR_NAME_ID": 2437.0 }, "geometry": { "type": "MultiPoint", "coordinates": [ [ -79.538444441759395, 43.694286515545102 ] ] } },
{ "type": "Feature", "properties": { "_id": 1090, "OBJECTID": 1189, "GEO_ID": 4616698.0, "NAME": "VEDIC ROOTS", "SCHOOL_LEVEL": "None", "SCHOOL_TYPE": "PR", "BOARD_NAME": "None", "SOURCE_ADDRESS": "5818 SHEPPARD AVE E", "SCHOOL_TYPE_DESC": "Private", "ADDRESS_POINT_ID": 4616698, "ADDRESS_NUMBER": "5818", "LINEAR_NAME_FULL": "Sheppard Ave E", "ADDRESS_FULL": "5818 Sheppard Ave E", "POSTAL_CODE": "M1B 4Z6", "MUNICIPALITY": "SC", "CITY": "SC", "PLACE_NAME": "None", "GENERAL_USE_CODE": 115001, "CENTRELINE_ID": 30002365, "LO_NUM": 5818, "LO_NUM_SUF": "None", "HI_NUM": null, "HI_NUM_SUF": "None", "LINEAR_NAME_ID": 6698.0 }, "geometry": { "type": "MultiPoint", "coordinates": [ [ -79.230216473973996, 43.796343378984702 ] ] } },
{ "type": "Feature", "properties": { "_id": 1091, "OBJECTID": 1190, "GEO_ID": 10335561.0, "NAME": "VEGA ACADEMY", "SCHOOL_LEVEL": "None", "SCHOOL_TYPE": "PR", "BOARD_NAME": "None", "SOURCE_ADDRESS": "700 LAWRENCE AVE W", "SCHOOL_TYPE_DESC": "Private", "ADDRESS_POINT_ID": 10335561, "ADDRESS_NUMBER": "700", "LINEAR_NAME_FULL": "Lawrence Ave W", "ADDRESS_FULL": "700 Lawrence Ave W", "POSTAL_CODE": "M6A 3B4", "MUNICIPALITY": "NY", "CITY": "NY", "PLACE_NAME": "None", "GENERAL_USE_CODE": 115001, "CENTRELINE_ID": 10335558, "LO_NUM": 700, "LO_NUM_SUF": "None", "HI_NUM": null, "HI_NUM_SUF": "None", "LINEAR_NAME_ID": 732.0 }, "geometry": { "type": "MultiPoint", "coordinates": [ [ -79.4474308939363, 43.716926333130402 ] ] } },
{ "type": "Feature", "properties": { "_id": 1092, "OBJECTID": 1191, "GEO_ID": 30015075.0, "NAME": "VENERABLE JOHN MERLINI CATHOLIC ELEMENTARY SCHOOL", "SCHOOL_LEVEL": "None", "SCHOOL_TYPE": "ES", "BOARD_NAME": "Toronto Catholic District School Board", "SOURCE_ADDRESS": "123 WHITFIELD AVE ", "SCHOOL_TYPE_DESC": "English Separate", "ADDRESS_POINT_ID": 30015075, "ADDRESS_NUMBER": "123", "LINEAR_NAME_FULL": "Whitfield Ave", "ADDRESS_FULL": "123 Whitfield Ave", "POSTAL_CODE": "M9L 1G9", "MUNICIPALITY": "NY", "CITY": "NY", "PLACE_NAME": "Venerable John Merlini Catholic School", "GENERAL_USE_CODE": 115001, "CENTRELINE_ID": 440664, "LO_NUM": 123, "LO_NUM_SUF": "None", "HI_NUM": null, "HI_NUM_SUF": "None", "LINEAR_NAME_ID": 7074.0 }, "geometry": { "type": "MultiPoint", "coordinates": [ [ -79.579383559858698, 43.756480589583198 ] ] } },
{ "type": "Feature", "properties": { "_id": 1093, "OBJECTID": 1192, "GEO_ID": 572815.0, "NAME": "VICTORIA PARK COLLEGIATE INSTITUTE", "SCHOOL_LEVEL": "None", "SCHOOL_TYPE": "EP", "BOARD_NAME": "Toronto District School Board", "SOURCE_ADDRESS": "15 WALLINGFORD RD ", "SCHOOL_TYPE_DESC": "English Public", "ADDRESS_POINT_ID": 572815, "ADDRESS_NUMBER": "15", "LINEAR_NAME_FULL": "Wallingford Rd", "ADDRESS_FULL": "15 Wallingford Rd", "POSTAL_CODE": "M3A 2V1", "MUNICIPALITY": "NY", "CITY": "NY", "PLACE_NAME": "Victoria Park Collegiate Institute", "GENERAL_USE_CODE": 115001, "CENTRELINE_ID": 30038855, "LO_NUM": 15, "LO_NUM_SUF": "None", "HI_NUM": null, "HI_NUM_SUF": "None", "LINEAR_NAME_ID": 7027.0 }, "geometry": { "type": "MultiPoint", "coordinates": [ [ -79.321464421707006, 43.756059338402203 ] ] } },
{ "type": "Feature", "properties": { "_id": 1094, "OBJECTID": 1193, "GEO_ID": 3259557.0, "NAME": "VICTORIA PARK ELEMENTARY SCHOOL", "SCHOOL_LEVEL": "None", "SCHOOL_TYPE": "EP", "BOARD_NAME": "Toronto District School Board", "SOURCE_ADDRESS": "145 TIAGO AVE ", "SCHOOL_TYPE_DESC": "English Public", "ADDRESS_POINT_ID": 3259557, "ADDRESS_NUMBER": "145", "LINEAR_NAME_FULL": "Tiago Ave", "ADDRESS_FULL": "145 Tiago Ave", "POSTAL_CODE": "M4B 2A6", "MUNICIPALITY": "EY", "CITY": "EY", "PLACE_NAME": "Victoria Park Elementary School", "GENERAL_USE_CODE": 115001, "CENTRELINE_ID": 3259538, "LO_NUM": 145, "LO_NUM_SUF": "None", "HI_NUM": null, "HI_NUM_SUF": "None", "LINEAR_NAME_ID": 357.0 }, "geometry": { "type": "MultiPoint", "coordinates": [ [ -79.298150756854497, 43.712689182329001 ] ] } },
{ "type": "Feature", "properties": { "_id": 1095, "OBJECTID": 1194, "GEO_ID": 534873.0, "NAME": "VICTORIA PARK LINC CENTRE ", "SCHOOL_LEVEL": "None", "SCHOOL_TYPE": "ES", "BOARD_NAME": "Toronto Catholic District School Board", "SOURCE_ADDRESS": "2 LANSING SQ ", "SCHOOL_TYPE_DESC": "English Separate", "ADDRESS_POINT_ID": 534873, "ADDRESS_NUMBER": "2", "LINEAR_NAME_FULL": "Lansing Sq", "ADDRESS_FULL": "2 Lansing Sq", "POSTAL_CODE": "M2J 4P8", "MUNICIPALITY": "NY", "CITY": "NY", "PLACE_NAME": "None", "GENERAL_USE_CODE": 115001, "CENTRELINE_ID": 438287, "LO_NUM": 2, "LO_NUM_SUF": "None", "HI_NUM": null, "HI_NUM_SUF": "None", "LINEAR_NAME_ID": 6007.0 }, "geometry": { "type": "MultiPoint", "coordinates": [ [ -79.326102108840701, 43.774240118908999 ] ] } },
{ "type": "Feature", "properties": { "_id": 1096, "OBJECTID": 1195, "GEO_ID": 8313283.0, "NAME": "VICTORIA STREET LINC", "SCHOOL_LEVEL": "None", "SCHOOL_TYPE": "EP", "BOARD_NAME": "Toronto District School Board", "SOURCE_ADDRESS": "74 VICTORIA ST ", "SCHOOL_TYPE_DESC": "English Public", "ADDRESS_POINT_ID": 8313283, "ADDRESS_NUMBER": "74", "LINEAR_NAME_FULL": "Victoria St", "ADDRESS_FULL": "74 Victoria St", "POSTAL_CODE": "M5C 2A5", "MUNICIPALITY": "TO", "CITY": "TO", "PLACE_NAME": "None", "GENERAL_USE_CODE": 115001, "CENTRELINE_ID": 8313344, "LO_NUM": 74, "LO_NUM_SUF": "None", "HI_NUM": null, "HI_NUM_SUF": "None", "LINEAR_NAME_ID": 9790.0 }, "geometry": { "type": "MultiPoint", "coordinates": [ [ -79.377626477577294, 43.651059704338401 ] ] } },
{ "type": "Feature", "properties": { "_id": 1097, "OBJECTID": 1196, "GEO_ID": 566907.0, "NAME": "VICTORIA VILLAGE PUBLIC SCHOOL ", "SCHOOL_LEVEL": "None", "SCHOOL_TYPE": "EP", "BOARD_NAME": "Toronto District School Board", "SOURCE_ADDRESS": "88 SWEENEY DR ", "SCHOOL_TYPE_DESC": "English Public", "ADDRESS_POINT_ID": 566907, "ADDRESS_NUMBER": "88", "LINEAR_NAME_FULL": "Sweeney Dr", "ADDRESS_FULL": "88 Sweeney Dr", "POSTAL_CODE": "M4A 1T7", "MUNICIPALITY": "NY", "CITY": "NY", "PLACE_NAME": "Victoria Village Public School", "GENERAL_USE_CODE": 115001, "CENTRELINE_ID": 442884, "LO_NUM": 88, "LO_NUM_SUF": "None", "HI_NUM": null, "HI_NUM_SUF": "None", "LINEAR_NAME_ID": 6834.0 }, "geometry": { "type": "MultiPoint", "coordinates": [ [ -79.314182077208898, 43.735959420307303 ] ] } },
{ "type": "Feature", "properties": { "_id": 1098, "OBJECTID": 1197, "GEO_ID": 30109738.0, "NAME": "VINCENT MASSEY ACADEMY", "SCHOOL_LEVEL": "None", "SCHOOL_TYPE": "PR", "BOARD_NAME": "None", "SOURCE_ADDRESS": "68 DAISY AVE ", "SCHOOL_TYPE_DESC": "Private", "ADDRESS_POINT_ID": 30109738, "ADDRESS_NUMBER": "68", "LINEAR_NAME_FULL": "Daisy Ave", "ADDRESS_FULL": "68 Daisy Ave", "POSTAL_CODE": "M8W 1S1", "MUNICIPALITY": "ET", "CITY": "ET", "PLACE_NAME": "None", "GENERAL_USE_CODE": 115001, "CENTRELINE_ID": 9109571, "LO_NUM": 68, "LO_NUM_SUF": "None", "HI_NUM": null, "HI_NUM_SUF": "None", "LINEAR_NAME_ID": 1422.0 }, "geometry": { "type": "MultiPoint", "coordinates": [ [ -79.528339978007907, 43.597813884161503 ] ] } },
{ "type": "Feature", "properties": { "_id": 1099, "OBJECTID": 1198, "GEO_ID": 30032157.0, "NAME": "VOICE INTEGRATIVE PRIVATE SCHOOL", "SCHOOL_LEVEL": "None", "SCHOOL_TYPE": "PR", "BOARD_NAME": "None", "SOURCE_ADDRESS": "50 GRISTMILL LANE ", "SCHOOL_TYPE_DESC": "Private", "ADDRESS_POINT_ID": 30032157, "ADDRESS_NUMBER": "50", "LINEAR_NAME_FULL": "Gristmill Lane", "ADDRESS_FULL": "50 Gristmill Lane", "POSTAL_CODE": "M5A 3C4", "MUNICIPALITY": "TO", "CITY": "TO", "PLACE_NAME": "None", "GENERAL_USE_CODE": 115001, "CENTRELINE_ID": 30029430, "LO_NUM": 50, "LO_NUM_SUF": "None", "HI_NUM": null, "HI_NUM_SUF": "None", "LINEAR_NAME_ID": 19554.0 }, "geometry": { "type": "MultiPoint", "coordinates": [ [ -79.359905248368904, 43.650057996073201 ] ] } },
{ "type": "Feature", "properties": { "_id": 1100, "OBJECTID": 1199, "GEO_ID": 395053.0, "NAME": "VRADENBURG JR PUBLIC SCHOOL", "SCHOOL_LEVEL": "None", "SCHOOL_TYPE": "EP", "BOARD_NAME": "Toronto District School Board", "SOURCE_ADDRESS": "50 VRADENBERG DR ", "SCHOOL_TYPE_DESC": "English Public", "ADDRESS_POINT_ID": 395053, "ADDRESS_NUMBER": "50", "LINEAR_NAME_FULL": "Vradenberg Dr", "ADDRESS_FULL": "50 Vradenberg Dr", "POSTAL_CODE": "M1T 1M6", "MUNICIPALITY": "SC", "CITY": "SC", "PLACE_NAME": "Vradenburg Junior Public School", "GENERAL_USE_CODE": 115001, "CENTRELINE_ID": 60008176, "LO_NUM": 50, "LO_NUM_SUF": "None", "HI_NUM": null, "HI_NUM_SUF": "None", "LINEAR_NAME_ID": 9171.0 }, "geometry": { "type": "MultiPoint", "coordinates": [ [ -79.308286286964503, 43.7743422576754 ] ] } },
{ "type": "Feature", "properties": { "_id": 1101, "OBJECTID": 1200, "GEO_ID": 7986350.0, "NAME": "WALDORF ACADEMY ELEMENTARY SCHOOL", "SCHOOL_LEVEL": "None", "SCHOOL_TYPE": "PR", "BOARD_NAME": "None", "SOURCE_ADDRESS": "250 MADISON AVE ", "SCHOOL_TYPE_DESC": "Private", "ADDRESS_POINT_ID": 7986350, "ADDRESS_NUMBER": "250", "LINEAR_NAME_FULL": "Madison Ave", "ADDRESS_FULL": "250 Madison Ave", "POSTAL_CODE": "M4V 2W6", "MUNICIPALITY": "TO", "CITY": "TO", "PLACE_NAME": "None", "GENERAL_USE_CODE": 115001, "CENTRELINE_ID": 7986341, "LO_NUM": 250, "LO_NUM_SUF": "None", "HI_NUM": null, "HI_NUM_SUF": "None", "LINEAR_NAME_ID": 3896.0 }, "geometry": { "type": "MultiPoint", "coordinates": [ [ -79.407066924686006, 43.6772326912183 ] ] } },
{ "type": "Feature", "properties": { "_id": 1102, "OBJECTID": 1201, "GEO_ID": 4304281.0, "NAME": "WALES COLLEGE SECONDARY SCHOOL", "SCHOOL_LEVEL": "None", "SCHOOL_TYPE": "PR", "BOARD_NAME": "None", "SOURCE_ADDRESS": "56 REDLEA AVE ", "SCHOOL_TYPE_DESC": "Private", "ADDRESS_POINT_ID": 4304281, "ADDRESS_NUMBER": "56", "LINEAR_NAME_FULL": "Redlea Ave", "ADDRESS_FULL": "56 Redlea Ave", "POSTAL_CODE": "M1V 4S3", "MUNICIPALITY": "SC", "CITY": "SC", "PLACE_NAME": "WALES COLLEGE", "GENERAL_USE_CODE": 115001, "CENTRELINE_ID": 30017746, "LO_NUM": 56, "LO_NUM_SUF": "None", "HI_NUM": null, "HI_NUM_SUF": "None", "LINEAR_NAME_ID": 8783.0 }, "geometry": { "type": "MultiPoint", "coordinates": [ [ -79.305419599976304, 43.823101014295602 ] ] } },
{ "type": "Feature", "properties": { "_id": 1103, "OBJECTID": 1202, "GEO_ID": 333402.0, "NAME": "WALTER PERRY JR PUBLIC SCHOOL ", "SCHOOL_LEVEL": "None", "SCHOOL_TYPE": "EP", "BOARD_NAME": "Toronto District School Board", "SOURCE_ADDRESS": "45 FALMOUTH AVE ", "SCHOOL_TYPE_DESC": "English Public", "ADDRESS_POINT_ID": 333402, "ADDRESS_NUMBER": "45", "LINEAR_NAME_FULL": "Falmouth Ave", "ADDRESS_FULL": "45 Falmouth Ave", "POSTAL_CODE": "M1K 4M7", "MUNICIPALITY": "SC", "CITY": "SC", "PLACE_NAME": "Walter Perry Junior Public School", "GENERAL_USE_CODE": 115001, "CENTRELINE_ID": 111243, "LO_NUM": 45, "LO_NUM_SUF": "None", "HI_NUM": null, "HI_NUM_SUF": "None", "LINEAR_NAME_ID": 7876.0 }, "geometry": { "type": "MultiPoint", "coordinates": [ [ -79.251245686697601, 43.733456127557403 ] ] } },
{ "type": "Feature", "properties": { "_id": 1104, "OBJECTID": 1203, "GEO_ID": 10663463.0, "NAME": "WARREN PARK JR PUBLIC SCHOOL", "SCHOOL_LEVEL": "None", "SCHOOL_TYPE": "EP", "BOARD_NAME": "Toronto District School Board", "SOURCE_ADDRESS": "135 VARSITY RD ", "SCHOOL_TYPE_DESC": "English Public", "ADDRESS_POINT_ID": 10663463, "ADDRESS_NUMBER": "135", "LINEAR_NAME_FULL": "Varsity Rd", "ADDRESS_FULL": "135 Varsity Rd", "POSTAL_CODE": "M6S 4P4", "MUNICIPALITY": "YK", "CITY": "YK", "PLACE_NAME": "Warren Park Junior Public School", "GENERAL_USE_CODE": 115001, "CENTRELINE_ID": 10663461, "LO_NUM": 135, "LO_NUM_SUF": "None", "HI_NUM": null, "HI_NUM_SUF": "None", "LINEAR_NAME_ID": 929.0 }, "geometry": { "type": "MultiPoint", "coordinates": [ [ -79.499437514187406, 43.662842765368701 ] ] } },
{ "type": "Feature", "properties": { "_id": 1105, "OBJECTID": 1204, "GEO_ID": 10536981.0, "NAME": "WEBTREE ACADEMY", "SCHOOL_LEVEL": "None", "SCHOOL_TYPE": "PR", "BOARD_NAME": "None", "SOURCE_ADDRESS": "220-260 LESMILL RD ", "SCHOOL_TYPE_DESC": "Private", "ADDRESS_POINT_ID": 10536981, "ADDRESS_NUMBER": "220", "LINEAR_NAME_FULL": "Lesmill Rd", "ADDRESS_FULL": "220 Lesmill Rd", "POSTAL_CODE": "M3B 2T5", "MUNICIPALITY": "NY", "CITY": "NY", "PLACE_NAME": "None", "GENERAL_USE_CODE": 115001, "CENTRELINE_ID": 10536977, "LO_NUM": 220, "LO_NUM_SUF": "None", "HI_NUM": null, "HI_NUM_SUF": "None", "LINEAR_NAME_ID": 6048.0 }, "geometry": { "type": "MultiPoint", "coordinates": [ [ -79.360018344854097, 43.761381877099701 ] ] } },
{ "type": "Feature", "properties": { "_id": 1106, "OBJECTID": 1205, "GEO_ID": 9531172.0, "NAME": "WEDGEWOOD JR SCHOOL", "SCHOOL_LEVEL": "None", "SCHOOL_TYPE": "EP", "BOARD_NAME": "Toronto District School Board", "SOURCE_ADDRESS": "5 SWAN AVE ", "SCHOOL_TYPE_DESC": "English Public", "ADDRESS_POINT_ID": 9531172, "ADDRESS_NUMBER": "5", "LINEAR_NAME_FULL": "Swan Ave", "ADDRESS_FULL": "5 Swan Ave", "POSTAL_CODE": "M9B 1V1", "MUNICIPALITY": "ET", "CITY": "ET", "PLACE_NAME": "Wedgewood Junior School", "GENERAL_USE_CODE": 115001, "CENTRELINE_ID": 9531166, "LO_NUM": 5, "LO_NUM_SUF": "None", "HI_NUM": null, "HI_NUM_SUF": "None", "LINEAR_NAME_ID": 2565.0 }, "geometry": { "type": "MultiPoint", "coordinates": [ [ -79.546252911272205, 43.645316951990303 ] ] } },
{ "type": "Feature", "properties": { "_id": 1107, "OBJECTID": 1206, "GEO_ID": 1042829.0, "NAME": "WELLESWORTH JR SCHOOL ", "SCHOOL_LEVEL": "None", "SCHOOL_TYPE": "EP", "BOARD_NAME": "Toronto District School Board", "SOURCE_ADDRESS": "225 WELLESWORTH DR ", "SCHOOL_TYPE_DESC": "English Public", "ADDRESS_POINT_ID": 1042829, "ADDRESS_NUMBER": "225", "LINEAR_NAME_FULL": "Wellesworth Dr", "ADDRESS_FULL": "225 Wellesworth Dr", "POSTAL_CODE": "M9C 4S5", "MUNICIPALITY": "ET", "CITY": "ET", "PLACE_NAME": "Wellesworth Junior School", "GENERAL_USE_CODE": 115001, "CENTRELINE_ID": 910913, "LO_NUM": 225, "LO_NUM_SUF": "None", "HI_NUM": null, "HI_NUM_SUF": "None", "LINEAR_NAME_ID": 2752.0 }, "geometry": { "type": "MultiPoint", "coordinates": [ [ -79.576718745420095, 43.656637346570697 ] ] } },
{ "type": "Feature", "properties": { "_id": 1108, "OBJECTID": 1207, "GEO_ID": 772989.0, "NAME": "WEST END ALTERNATIVE SCHOOL ", "SCHOOL_LEVEL": "None", "SCHOOL_TYPE": "EP", "BOARD_NAME": "Toronto District School Board", "SOURCE_ADDRESS": "777 BLOOR ST W", "SCHOOL_TYPE_DESC": "English Public", "ADDRESS_POINT_ID": 772989, "ADDRESS_NUMBER": "777", "LINEAR_NAME_FULL": "Bloor St W", "ADDRESS_FULL": "777 Bloor St W", "POSTAL_CODE": "M6G 1L6", "MUNICIPALITY": "TO", "CITY": "TO", "PLACE_NAME": "Bickford Centre", "GENERAL_USE_CODE": 115001, "CENTRELINE_ID": 30039622, "LO_NUM": 777, "LO_NUM_SUF": "None", "HI_NUM": null, "HI_NUM_SUF": "None", "LINEAR_NAME_ID": 458.0 }, "geometry": { "type": "MultiPoint", "coordinates": [ [ -79.419834016109107, 43.6624299848934 ] ] } },
{ "type": "Feature", "properties": { "_id": 1109, "OBJECTID": 1208, "GEO_ID": 994747.0, "NAME": "WEST GLEN JR SCHOOL", "SCHOOL_LEVEL": "None", "SCHOOL_TYPE": "EP", "BOARD_NAME": "Toronto District School Board", "SOURCE_ADDRESS": "47 COWLEY AVE ", "SCHOOL_TYPE_DESC": "English Public", "ADDRESS_POINT_ID": 994747, "ADDRESS_NUMBER": "47", "LINEAR_NAME_FULL": "Cowley Ave", "ADDRESS_FULL": "47 Cowley Ave", "POSTAL_CODE": "M9B 2E4", "MUNICIPALITY": "ET", "CITY": "ET", "PLACE_NAME": "West Glen Junior School", "GENERAL_USE_CODE": 115001, "CENTRELINE_ID": 911193, "LO_NUM": 47, "LO_NUM_SUF": "None", "HI_NUM": null, "HI_NUM_SUF": "None", "LINEAR_NAME_ID": 1400.0 }, "geometry": { "type": "MultiPoint", "coordinates": [ [ -79.560801624072695, 43.650471342392599 ] ] } },
{ "type": "Feature", "properties": { "_id": 1110, "OBJECTID": 1209, "GEO_ID": 365513.0, "NAME": "WEST HILL COLLEGIATE INSTITUTE", "SCHOOL_LEVEL": "None", "SCHOOL_TYPE": "EP", "BOARD_NAME": "Toronto District School Board", "SOURCE_ADDRESS": "350 MORNINGSIDE AVE ", "SCHOOL_TYPE_DESC": "English Public", "ADDRESS_POINT_ID": 365513, "ADDRESS_NUMBER": "350", "LINEAR_NAME_FULL": "Morningside Ave", "ADDRESS_FULL": "350 Morningside Ave", "POSTAL_CODE": "M1E 3G3", "MUNICIPALITY": "SC", "CITY": "SC", "PLACE_NAME": "West Hill Collegiate Institute", "GENERAL_USE_CODE": 115001, "CENTRELINE_ID": 60006976, "LO_NUM": 350, "LO_NUM_SUF": "None", "HI_NUM": null, "HI_NUM_SUF": "None", "LINEAR_NAME_ID": 4015.0 }, "geometry": { "type": "MultiPoint", "coordinates": [ [ -79.190587566191297, 43.775668425786201 ] ] } },
{ "type": "Feature", "properties": { "_id": 1111, "OBJECTID": 1210, "GEO_ID": 7017603.0, "NAME": "WEST HILL PUBLIC SCHOOL", "SCHOOL_LEVEL": "None", "SCHOOL_TYPE": "EP", "BOARD_NAME": "Toronto District School Board", "SOURCE_ADDRESS": "299 MORNINGSIDE AVE ", "SCHOOL_TYPE_DESC": "English Public", "ADDRESS_POINT_ID": 7017603, "ADDRESS_NUMBER": "299", "LINEAR_NAME_FULL": "Morningside Ave", "ADDRESS_FULL": "299 Morningside Ave", "POSTAL_CODE": "M1E 3G1", "MUNICIPALITY": "SC", "CITY": "SC", "PLACE_NAME": "West Hill Public School", "GENERAL_USE_CODE": 115001, "CENTRELINE_ID": 7017604, "LO_NUM": 299, "LO_NUM_SUF": "None", "HI_NUM": null, "HI_NUM_SUF": "None", "LINEAR_NAME_ID": 4015.0 }, "geometry": { "type": "MultiPoint", "coordinates": [ [ -79.186884442951794, 43.772679605053298 ] ] } },
{ "type": "Feature", "properties": { "_id": 1112, "OBJECTID": 1211, "GEO_ID": 10747541.0, "NAME": "WEST HUMBER COLLEGIATE INSTITUTE", "SCHOOL_LEVEL": "None", "SCHOOL_TYPE": "EP", "BOARD_NAME": "Toronto District School Board", "SOURCE_ADDRESS": "1675 MARTIN GROVE RD ", "SCHOOL_TYPE_DESC": "English Public", "ADDRESS_POINT_ID": 10747541, "ADDRESS_NUMBER": "1675", "LINEAR_NAME_FULL": "Martin Grove Rd", "ADDRESS_FULL": "1675 Martin Grove Rd", "POSTAL_CODE": "M9V 3S3", "MUNICIPALITY": "ET", "CITY": "ET", "PLACE_NAME": "West Humber Collegiate Institute", "GENERAL_USE_CODE": 115001, "CENTRELINE_ID": 10747534, "LO_NUM": 1675, "LO_NUM_SUF": "None", "HI_NUM": null, "HI_NUM_SUF": "None", "LINEAR_NAME_ID": 2066.0 }, "geometry": { "type": "MultiPoint", "coordinates": [ [ -79.586705392565804, 43.730922409436602 ] ] } },
{ "type": "Feature", "properties": { "_id": 1113, "OBJECTID": 1212, "GEO_ID": 10155258.0, "NAME": "WEST HUMBER JR MDL SCHOOL ", "SCHOOL_LEVEL": "None", "SCHOOL_TYPE": "EP", "BOARD_NAME": "Toronto District School Board", "SOURCE_ADDRESS": "15 DELSING DR ", "SCHOOL_TYPE_DESC": "English Public", "ADDRESS_POINT_ID": 10155258, "ADDRESS_NUMBER": "15", "LINEAR_NAME_FULL": "Delsing Dr", "ADDRESS_FULL": "15 Delsing Dr", "POSTAL_CODE": "M9W 4S7", "MUNICIPALITY": "ET", "CITY": "ET", "PLACE_NAME": "West Humber Junior Middle School", "GENERAL_USE_CODE": 115001, "CENTRELINE_ID": 10155252, "LO_NUM": 15, "LO_NUM_SUF": "None", "HI_NUM": null, "HI_NUM_SUF": "None", "LINEAR_NAME_ID": 1455.0 }, "geometry": { "type": "MultiPoint", "coordinates": [ [ -79.5807026757453, 43.723754977901201 ] ] } },
{ "type": "Feature", "properties": { "_id": 1114, "OBJECTID": 1213, "GEO_ID": 859183.0, "NAME": "WEST PREPARATORY JR PUBLIC SCHOOL", "SCHOOL_LEVEL": "None", "SCHOOL_TYPE": "EP", "BOARD_NAME": "Toronto District School Board", "SOURCE_ADDRESS": "70 RIDGE HILL DR ", "SCHOOL_TYPE_DESC": "English Public", "ADDRESS_POINT_ID": 859183, "ADDRESS_NUMBER": "70", "LINEAR_NAME_FULL": "Ridge Hill Dr", "ADDRESS_FULL": "70 Ridge Hill Dr", "POSTAL_CODE": "M6C 2J6", "MUNICIPALITY": "TO", "CITY": "TO", "PLACE_NAME": "West Preparatory Junior Public School", "GENERAL_USE_CODE": 115001, "CENTRELINE_ID": 1138683, "LO_NUM": 70, "LO_NUM_SUF": "None", "HI_NUM": null, "HI_NUM_SUF": "None", "LINEAR_NAME_ID": 4282.0 }, "geometry": { "type": "MultiPoint", "coordinates": [ [ -79.432944058332595, 43.7026161891079 ] ] } },
{ "type": "Feature", "properties": { "_id": 1115, "OBJECTID": 1214, "GEO_ID": 336198.0, "NAME": "WEST ROUGE JR PUBLIC SCHOOL", "SCHOOL_LEVEL": "None", "SCHOOL_TYPE": "EP", "BOARD_NAME": "Toronto District School Board", "SOURCE_ADDRESS": "401 FRIENDSHIP AVE ", "SCHOOL_TYPE_DESC": "English Public", "ADDRESS_POINT_ID": 336198, "ADDRESS_NUMBER": "401", "LINEAR_NAME_FULL": "Friendship Ave", "ADDRESS_FULL": "401 Friendship Ave", "POSTAL_CODE": "M1C 2X8", "MUNICIPALITY": "SC", "CITY": "SC", "PLACE_NAME": "West Rouge Junior Public School", "GENERAL_USE_CODE": 115001, "CENTRELINE_ID": 105359, "LO_NUM": 401, "LO_NUM_SUF": "None", "HI_NUM": null, "HI_NUM_SUF": "None", "LINEAR_NAME_ID": 7933.0 }, "geometry": { "type": "MultiPoint", "coordinates": [ [ -79.133715919913598, 43.795618419422098 ] ] } },
{ "type": "Feature", "properties": { "_id": 1116, "OBJECTID": 1215, "GEO_ID": 7986677.0, "NAME": "WESTERN TECHNICAL COMMERCIAL SCHOOL", "SCHOOL_LEVEL": "None", "SCHOOL_TYPE": "EP", "BOARD_NAME": "Toronto District School Board", "SOURCE_ADDRESS": "125 EVELYN CRES ", "SCHOOL_TYPE_DESC": "English Public", "ADDRESS_POINT_ID": 7986677, "ADDRESS_NUMBER": "125", "LINEAR_NAME_FULL": "Evelyn Cres", "ADDRESS_FULL": "125 Evelyn Cres", "POSTAL_CODE": "M6P 3E3", "MUNICIPALITY": "TO", "CITY": "TO", "PLACE_NAME": "Western Technical-Commercial School", "GENERAL_USE_CODE": 115001, "CENTRELINE_ID": 7986678, "LO_NUM": 125, "LO_NUM_SUF": "None", "HI_NUM": null, "HI_NUM_SUF": "None", "LINEAR_NAME_ID": 3415.0 }, "geometry": { "type": "MultiPoint", "coordinates": [ [ -79.474581514653806, 43.657091492091098 ] ] } },
{ "type": "Feature", "properties": { "_id": 1117, "OBJECTID": 1216, "GEO_ID": 11541969.0, "NAME": "WESTFIELD EDUCATION", "SCHOOL_LEVEL": "None", "SCHOOL_TYPE": "PR", "BOARD_NAME": "None", "SOURCE_ADDRESS": "33 MALLARD RD ", "SCHOOL_TYPE_DESC": "Private", "ADDRESS_POINT_ID": 11541969, "ADDRESS_NUMBER": "33", "LINEAR_NAME_FULL": "Mallard Rd", "ADDRESS_FULL": "33 Mallard Rd", "POSTAL_CODE": "M3B 1S4", "MUNICIPALITY": "NY", "CITY": "NY", "PLACE_NAME": "None", "GENERAL_USE_CODE": 115001, "CENTRELINE_ID": 11541970, "LO_NUM": 33, "LO_NUM_SUF": "None", "HI_NUM": null, "HI_NUM_SUF": "None", "LINEAR_NAME_ID": 6135.0 }, "geometry": { "type": "MultiPoint", "coordinates": [ [ -79.349583985419102, 43.747287520327603 ] ] } },
{ "type": "Feature", "properties": { "_id": 1118, "OBJECTID": 1217, "GEO_ID": 819847.0, "NAME": "WESTMINSTER CLASSICAL CHRISTIAN ACADEMY ELEMENTARY SCHOOL", "SCHOOL_LEVEL": "None", "SCHOOL_TYPE": "PR", "BOARD_NAME": "None", "SOURCE_ADDRESS": "9 HEWITT AVE ", "SCHOOL_TYPE_DESC": "Private", "ADDRESS_POINT_ID": 819847, "ADDRESS_NUMBER": "9", "LINEAR_NAME_FULL": "Hewitt Ave", "ADDRESS_FULL": "9 Hewitt Ave", "POSTAL_CODE": "M6R 1Y4", "MUNICIPALITY": "TO", "CITY": "TO", "PLACE_NAME": "High Park Baptist Church", "GENERAL_USE_CODE": 115001, "CENTRELINE_ID": 1145307, "LO_NUM": 9, "LO_NUM_SUF": "None", "HI_NUM": null, "HI_NUM_SUF": "None", "LINEAR_NAME_ID": 3652.0 }, "geometry": { "type": "MultiPoint", "coordinates": [ [ -79.451846393645198, 43.652228197327297 ] ] } },
{ "type": "Feature", "properties": { "_id": 1119, "OBJECTID": 1218, "GEO_ID": 9847243.0, "NAME": "WESTMOUNT JR SCHOOL", "SCHOOL_LEVEL": "None", "SCHOOL_TYPE": "EP", "BOARD_NAME": "Toronto District School Board", "SOURCE_ADDRESS": "95 CHAPMAN RD ", "SCHOOL_TYPE_DESC": "English Public", "ADDRESS_POINT_ID": 9847243, "ADDRESS_NUMBER": "95", "LINEAR_NAME_FULL": "Chapman Rd", "ADDRESS_FULL": "95 Chapman Rd", "POSTAL_CODE": "M9P 1E9", "MUNICIPALITY": "ET", "CITY": "ET", "PLACE_NAME": "Westmount Junior School", "GENERAL_USE_CODE": 115001, "CENTRELINE_ID": 14660658, "LO_NUM": 95, "LO_NUM_SUF": "None", "HI_NUM": null, "HI_NUM_SUF": "None", "LINEAR_NAME_ID": 1332.0 }, "geometry": { "type": "MultiPoint", "coordinates": [ [ -79.519659304979001, 43.689096128889901 ] ] } },
{ "type": "Feature", "properties": { "_id": 1120, "OBJECTID": 1219, "GEO_ID": 3202159.0, "NAME": "WESTON COLLEGIATE INSTITUTE", "SCHOOL_LEVEL": "None", "SCHOOL_TYPE": "EP", "BOARD_NAME": "Toronto District School Board", "SOURCE_ADDRESS": "100 PINE ST ", "SCHOOL_TYPE_DESC": "English Public", "ADDRESS_POINT_ID": 3202159, "ADDRESS_NUMBER": "100", "LINEAR_NAME_FULL": "Pine St", "ADDRESS_FULL": "100 Pine St", "POSTAL_CODE": "M9N 2Y9", "MUNICIPALITY": "YK", "CITY": "YK", "PLACE_NAME": "Weston Collegiate Institute", "GENERAL_USE_CODE": 115001, "CENTRELINE_ID": 3202160, "LO_NUM": 100, "LO_NUM_SUF": "None", "HI_NUM": null, "HI_NUM_SUF": "None", "LINEAR_NAME_ID": 816.0 }, "geometry": { "type": "MultiPoint", "coordinates": [ [ -79.509421751877298, 43.703816311041201 ] ] } },
{ "type": "Feature", "properties": { "_id": 1121, "OBJECTID": 1220, "GEO_ID": 64616.0, "NAME": "WESTON MEMORIAL JR PUBLIC SCHOOL", "SCHOOL_LEVEL": "None", "SCHOOL_TYPE": "EP", "BOARD_NAME": "Toronto District School Board", "SOURCE_ADDRESS": "200 JOHN ST ", "SCHOOL_TYPE_DESC": "English Public", "ADDRESS_POINT_ID": 64616, "ADDRESS_NUMBER": "200", "LINEAR_NAME_FULL": "John St", "ADDRESS_FULL": "200 John St", "POSTAL_CODE": "M9N 1K2", "MUNICIPALITY": "YK", "CITY": "YK", "PLACE_NAME": "Weston Memorial Junior Public School", "GENERAL_USE_CODE": 115001, "CENTRELINE_ID": 7261, "LO_NUM": 200, "LO_NUM_SUF": "None", "HI_NUM": null, "HI_NUM_SUF": "None", "LINEAR_NAME_ID": 9831.0 }, "geometry": { "type": "MultiPoint", "coordinates": [ [ -79.509329936239396, 43.705978154818098 ] ] } },
{ "type": "Feature", "properties": { "_id": 1122, "OBJECTID": 1221, "GEO_ID": 770025.0, "NAME": "WESTSIDE MONTESSORI ELEMENTARY SCHOOL", "SCHOOL_LEVEL": "None", "SCHOOL_TYPE": "PR", "BOARD_NAME": "None", "SOURCE_ADDRESS": "95 BELLEVUE AVE ", "SCHOOL_TYPE_DESC": "Private", "ADDRESS_POINT_ID": 770025, "ADDRESS_NUMBER": "95", "LINEAR_NAME_FULL": "Bellevue Ave", "ADDRESS_FULL": "95 Bellevue Ave", "POSTAL_CODE": "M5T 2N8", "MUNICIPALITY": "TO", "CITY": "TO", "PLACE_NAME": "None", "GENERAL_USE_CODE": 115001, "CENTRELINE_ID": 30017517, "LO_NUM": 95, "LO_NUM_SUF": "None", "HI_NUM": null, "HI_NUM_SUF": "None", "LINEAR_NAME_ID": 2983.0 }, "geometry": { "type": "MultiPoint", "coordinates": [ [ -79.4038394278911, 43.656449738530398 ] ] } },
{ "type": "Feature", "properties": { "_id": 1123, "OBJECTID": 1222, "GEO_ID": 10536933.0, "NAME": "WESTVIEW CENTENNIAL HIGH SCHOOL", "SCHOOL_LEVEL": "None", "SCHOOL_TYPE": "EP", "BOARD_NAME": "Toronto District School Board", "SOURCE_ADDRESS": "755 OAKDALE RD ", "SCHOOL_TYPE_DESC": "English Public", "ADDRESS_POINT_ID": 10536933, "ADDRESS_NUMBER": "755", "LINEAR_NAME_FULL": "Oakdale Rd", "ADDRESS_FULL": "755 Oakdale Rd", "POSTAL_CODE": "M3N 1W7", "MUNICIPALITY": "NY", "CITY": "NY", "PLACE_NAME": "Westview Centennial Secondary School", "GENERAL_USE_CODE": 115001, "CENTRELINE_ID": 10536929, "LO_NUM": 755, "LO_NUM_SUF": "None", "HI_NUM": null, "HI_NUM_SUF": "None", "LINEAR_NAME_ID": 6317.0 }, "geometry": { "type": "MultiPoint", "coordinates": [ [ -79.525090531015294, 43.752397634781303 ] ] } },
{ "type": "Feature", "properties": { "_id": 1124, "OBJECTID": 1223, "GEO_ID": 1024346.0, "NAME": "WESTWAY JR SCHOOL", "SCHOOL_LEVEL": "None", "SCHOOL_TYPE": "EP", "BOARD_NAME": "Toronto District School Board", "SOURCE_ADDRESS": "25 POYNTER DR ", "SCHOOL_TYPE_DESC": "English Public", "ADDRESS_POINT_ID": 1024346, "ADDRESS_NUMBER": "25", "LINEAR_NAME_FULL": "Poynter Dr", "ADDRESS_FULL": "25 Poynter Dr", "POSTAL_CODE": "M9R 1K8", "MUNICIPALITY": "ET", "CITY": "ET", "PLACE_NAME": "Westway Junior School", "GENERAL_USE_CODE": 115001, "CENTRELINE_ID": 908884, "LO_NUM": 25, "LO_NUM_SUF": "None", "HI_NUM": null, "HI_NUM_SUF": "None", "LINEAR_NAME_ID": 2291.0 }, "geometry": { "type": "MultiPoint", "coordinates": [ [ -79.548993308146507, 43.6908221223255 ] ] } },
{ "type": "Feature", "properties": { "_id": 1125, "OBJECTID": 1224, "GEO_ID": 3232918.0, "NAME": "WESTWOOD MDL SCHOOL ", "SCHOOL_LEVEL": "None", "SCHOOL_TYPE": "EP", "BOARD_NAME": "Toronto District School Board", "SOURCE_ADDRESS": "994 CARLAW AVE ", "SCHOOL_TYPE_DESC": "English Public", "ADDRESS_POINT_ID": 3232918, "ADDRESS_NUMBER": "994", "LINEAR_NAME_FULL": "Carlaw Ave", "ADDRESS_FULL": "994 Carlaw Ave", "POSTAL_CODE": "M4K 3M6", "MUNICIPALITY": "EY", "CITY": "EY", "PLACE_NAME": "Westwood Middle School", "GENERAL_USE_CODE": 115001, "CENTRELINE_ID": 1834, "LO_NUM": 994, "LO_NUM_SUF": "None", "HI_NUM": null, "HI_NUM_SUF": "None", "LINEAR_NAME_ID": 56.0 }, "geometry": { "type": "MultiPoint", "coordinates": [ [ -79.3509795618846, 43.686495386906103 ] ] } },
{ "type": "Feature", "properties": { "_id": 1126, "OBJECTID": 1225, "GEO_ID": 373269.0, "NAME": "WEXFORD COLLEGIATE SCHOOL FOR THE ARTS", "SCHOOL_LEVEL": "None", "SCHOOL_TYPE": "EP", "BOARD_NAME": "Toronto District School Board", "SOURCE_ADDRESS": "1176 PHARMACY AVE ", "SCHOOL_TYPE_DESC": "English Public", "ADDRESS_POINT_ID": 373269, "ADDRESS_NUMBER": "1176", "LINEAR_NAME_FULL": "Pharmacy Ave", "ADDRESS_FULL": "1176 Pharmacy Ave", "POSTAL_CODE": "M1R 2H7", "MUNICIPALITY": "SC", "CITY": "SC", "PLACE_NAME": "Wexford Collegiate School for the Arts", "GENERAL_USE_CODE": 115001, "CENTRELINE_ID": 14663380, "LO_NUM": 1176, "LO_NUM_SUF": "None", "HI_NUM": null, "HI_NUM_SUF": "None", "LINEAR_NAME_ID": 8691.0 }, "geometry": { "type": "MultiPoint", "coordinates": [ [ -79.306795375085898, 43.746159574293202 ] ] } },
{ "type": "Feature", "properties": { "_id": 1127, "OBJECTID": 1226, "GEO_ID": 6375087.0, "NAME": "WEXFORD PUBLIC SCHOOL", "SCHOOL_LEVEL": "None", "SCHOOL_TYPE": "EP", "BOARD_NAME": "Toronto District School Board", "SOURCE_ADDRESS": "1050 PHARMACY AVE ", "SCHOOL_TYPE_DESC": "English Public", "ADDRESS_POINT_ID": 6375087, "ADDRESS_NUMBER": "1050", "LINEAR_NAME_FULL": "Pharmacy Ave", "ADDRESS_FULL": "1050 Pharmacy Ave", "POSTAL_CODE": "M1R 2H1", "MUNICIPALITY": "SC", "CITY": "SC", "PLACE_NAME": "Wexford Public School", "GENERAL_USE_CODE": 115001, "CENTRELINE_ID": 6375088, "LO_NUM": 1050, "LO_NUM_SUF": "None", "HI_NUM": null, "HI_NUM_SUF": "None", "LINEAR_NAME_ID": 8691.0 }, "geometry": { "type": "MultiPoint", "coordinates": [ [ -79.304114888522193, 43.740153048601798 ] ] } },
{ "type": "Feature", "properties": { "_id": 1128, "OBJECTID": 1227, "GEO_ID": 3337385.0, "NAME": "WHITE HAVEN JR PUBLIC SCHOOL", "SCHOOL_LEVEL": "None", "SCHOOL_TYPE": "EP", "BOARD_NAME": "Toronto District School Board", "SOURCE_ADDRESS": "105 INVERGORDON AVE ", "SCHOOL_TYPE_DESC": "English Public", "ADDRESS_POINT_ID": 3337385, "ADDRESS_NUMBER": "105", "LINEAR_NAME_FULL": "Invergordon Ave", "ADDRESS_FULL": "105 Invergordon Ave", "POSTAL_CODE": "M1S 2Z1", "MUNICIPALITY": "SC", "CITY": "SC", "PLACE_NAME": "White Haven Public School", "GENERAL_USE_CODE": 115001, "CENTRELINE_ID": 3337339, "LO_NUM": 105, "LO_NUM_SUF": "None", "HI_NUM": null, "HI_NUM_SUF": "None", "LINEAR_NAME_ID": 8171.0 }, "geometry": { "type": "MultiPoint", "coordinates": [ [ -79.247205821198904, 43.787272100105497 ] ] } },
{ "type": "Feature", "properties": { "_id": 1129, "OBJECTID": 1228, "GEO_ID": 14074522.0, "NAME": "WHITEFIELD CHRISTIAN SCHOOLS - BLDG 1", "SCHOOL_LEVEL": "None", "SCHOOL_TYPE": "PR", "BOARD_NAME": "None", "SOURCE_ADDRESS": "5808 FINCH AVE E", "SCHOOL_TYPE_DESC": "Private", "ADDRESS_POINT_ID": 14074522, "ADDRESS_NUMBER": "5808", "LINEAR_NAME_FULL": "Finch Ave E", "ADDRESS_FULL": "5808 Finch Ave E", "POSTAL_CODE": "M1B 4Y6", "MUNICIPALITY": "SC", "CITY": "SC", "PLACE_NAME": "None", "GENERAL_USE_CODE": 115001, "CENTRELINE_ID": 30059933, "LO_NUM": 5808, "LO_NUM_SUF": "None", "HI_NUM": null, "HI_NUM_SUF": "None", "LINEAR_NAME_ID": 5589.0 }, "geometry": { "type": "MultiPoint", "coordinates": [ [ -79.229612463015798, 43.816325415800598 ] ] } },
{ "type": "Feature", "properties": { "_id": 1130, "OBJECTID": 1229, "GEO_ID": 14651579.0, "NAME": "WHITEFIELD CHRISTIAN SCHOOLS - BLDG 2", "SCHOOL_LEVEL": "None", "SCHOOL_TYPE": "PR", "BOARD_NAME": "None", "SOURCE_ADDRESS": "5810 FINCH AVE E", "SCHOOL_TYPE_DESC": "Private", "ADDRESS_POINT_ID": 14651579, "ADDRESS_NUMBER": "5810", "LINEAR_NAME_FULL": "Finch Ave E", "ADDRESS_FULL": "5810 Finch Ave E", "POSTAL_CODE": "M1B 4Y6", "MUNICIPALITY": "SC", "CITY": "SC", "PLACE_NAME": "Whitefield Christian Academy", "GENERAL_USE_CODE": 115001, "CENTRELINE_ID": 30059933, "LO_NUM": 5810, "LO_NUM_SUF": "None", "HI_NUM": null, "HI_NUM_SUF": "None", "LINEAR_NAME_ID": 5589.0 }, "geometry": { "type": "MultiPoint", "coordinates": [ [ -79.228859967961796, 43.816456237154902 ] ] } },
{ "type": "Feature", "properties": { "_id": 1131, "OBJECTID": 1230, "GEO_ID": 861261.0, "NAME": "WHITNEY JR PUBLIC SCHOOL", "SCHOOL_LEVEL": "None", "SCHOOL_TYPE": "EP", "BOARD_NAME": "Toronto District School Board", "SOURCE_ADDRESS": "119 ROSEDALE HEIGHTS DR ", "SCHOOL_TYPE_DESC": "English Public", "ADDRESS_POINT_ID": 861261, "ADDRESS_NUMBER": "119", "LINEAR_NAME_FULL": "Rosedale Heights Dr", "ADDRESS_FULL": "119 Rosedale Heights Dr", "POSTAL_CODE": "M4T 1C7", "MUNICIPALITY": "TO", "CITY": "TO", "PLACE_NAME": "Whitney Junior Public School", "GENERAL_USE_CODE": 115001, "CENTRELINE_ID": 1139397, "LO_NUM": 119, "LO_NUM_SUF": "None", "HI_NUM": null, "HI_NUM_SUF": "None", "LINEAR_NAME_ID": 4317.0 }, "geometry": { "type": "MultiPoint", "coordinates": [ [ -79.3783972733833, 43.687160336739197 ] ] } },
{ "type": "Feature", "properties": { "_id": 1132, "OBJECTID": 1231, "GEO_ID": 7807349.0, "NAME": "WILKINSON JR PUBLIC SCHOOL", "SCHOOL_LEVEL": "None", "SCHOOL_TYPE": "EP", "BOARD_NAME": "Toronto District School Board", "SOURCE_ADDRESS": "53 DONLANDS AVE ", "SCHOOL_TYPE_DESC": "English Public", "ADDRESS_POINT_ID": 7807349, "ADDRESS_NUMBER": "53", "LINEAR_NAME_FULL": "Donlands Ave", "ADDRESS_FULL": "53 Donlands Ave", "POSTAL_CODE": "M4J 3N7", "MUNICIPALITY": "TO", "CITY": "TO", "PLACE_NAME": "Wilkinson Junior Public School", "GENERAL_USE_CODE": 115001, "CENTRELINE_ID": 7807301, "LO_NUM": 53, "LO_NUM_SUF": "None", "HI_NUM": null, "HI_NUM_SUF": "None", "LINEAR_NAME_ID": 109.0 }, "geometry": { "type": "MultiPoint", "coordinates": [ [ -79.3374832389852, 43.682041628956298 ] ] } },
{ "type": "Feature", "properties": { "_id": 1133, "OBJECTID": 1232, "GEO_ID": 13497899.0, "NAME": "WILLIAM ACADEMY SCARBOROUGH CAMPUS", "SCHOOL_LEVEL": "None", "SCHOOL_TYPE": "PR", "BOARD_NAME": "None", "SOURCE_ADDRESS": "3761 VICTORIA PARK AVE ", "SCHOOL_TYPE_DESC": "Private", "ADDRESS_POINT_ID": 13497899, "ADDRESS_NUMBER": "3761", "LINEAR_NAME_FULL": "Victoria Park Ave", "ADDRESS_FULL": "3761 Victoria Park Ave", "POSTAL_CODE": "M1W 3S2", "MUNICIPALITY": "SC", "CITY": "SC", "PLACE_NAME": "None", "GENERAL_USE_CODE": 115001, "CENTRELINE_ID": 13226765, "LO_NUM": 3761, "LO_NUM_SUF": "None", "HI_NUM": null, "HI_NUM_SUF": "None", "LINEAR_NAME_ID": 370.0 }, "geometry": { "type": "MultiPoint", "coordinates": [ [ -79.336573785262104, 43.808042411139603 ] ] } },
{ "type": "Feature", "properties": { "_id": 1134, "OBJECTID": 1233, "GEO_ID": 35916.0, "NAME": "WILLIAM BURGESS ELEMENTARY SCHOOL", "SCHOOL_LEVEL": "None", "SCHOOL_TYPE": "EP", "BOARD_NAME": "Toronto District School Board", "SOURCE_ADDRESS": "100 TORRENS AVE ", "SCHOOL_TYPE_DESC": "English Public", "ADDRESS_POINT_ID": 35916, "ADDRESS_NUMBER": "100", "LINEAR_NAME_FULL": "Torrens Ave", "ADDRESS_FULL": "100 Torrens Ave", "POSTAL_CODE": "M4J 2P5", "MUNICIPALITY": "EY", "CITY": "EY", "PLACE_NAME": "William Burgess Elementary School", "GENERAL_USE_CODE": 115001, "CENTRELINE_ID": 1540, "LO_NUM": 100, "LO_NUM_SUF": "None", "HI_NUM": null, "HI_NUM_SUF": "None", "LINEAR_NAME_ID": 361.0 }, "geometry": { "type": "MultiPoint", "coordinates": [ [ -79.348157733050996, 43.691927728505199 ] ] } },
{ "type": "Feature", "properties": { "_id": 1135, "OBJECTID": 1234, "GEO_ID": 2375320.0, "NAME": "WILLIAM G DAVIS JR PUBLIC SCHOOL ", "SCHOOL_LEVEL": "None", "SCHOOL_TYPE": "EP", "BOARD_NAME": "Toronto District School Board", "SOURCE_ADDRESS": "128 EAST AVE ", "SCHOOL_TYPE_DESC": "English Public", "ADDRESS_POINT_ID": 2375320, "ADDRESS_NUMBER": "128", "LINEAR_NAME_FULL": "East Ave", "ADDRESS_FULL": "128 East Ave", "POSTAL_CODE": "M1C 3L6", "MUNICIPALITY": "SC", "CITY": "SC", "PLACE_NAME": "William G Davis Junior Public School", "GENERAL_USE_CODE": 115001, "CENTRELINE_ID": 60002910, "LO_NUM": 128, "LO_NUM_SUF": "None", "HI_NUM": null, "HI_NUM_SUF": "None", "LINEAR_NAME_ID": 3352.0 }, "geometry": { "type": "MultiPoint", "coordinates": [ [ -79.134474365025198, 43.785046425784799 ] ] } },
{ "type": "Feature", "properties": { "_id": 1136, "OBJECTID": 1235, "GEO_ID": 30032611.0, "NAME": "WILLIAM G MILLER JR PUBLIC SCHOOL", "SCHOOL_LEVEL": "None", "SCHOOL_TYPE": "EP", "BOARD_NAME": "Toronto District School Board", "SOURCE_ADDRESS": "60 BENNETT RD ", "SCHOOL_TYPE_DESC": "English Public", "ADDRESS_POINT_ID": 30032611, "ADDRESS_NUMBER": "60", "LINEAR_NAME_FULL": "Bennett Rd", "ADDRESS_FULL": "60 Bennett Rd", "POSTAL_CODE": "M1E 3Y3", "MUNICIPALITY": "SC", "CITY": "SC", "PLACE_NAME": "None", "GENERAL_USE_CODE": 115001, "CENTRELINE_ID": 108162, "LO_NUM": 60, "LO_NUM_SUF": "None", "HI_NUM": null, "HI_NUM_SUF": "None", "LINEAR_NAME_ID": 7338.0 }, "geometry": { "type": "MultiPoint", "coordinates": [ [ -79.165034005214196, 43.768513556803597 ] ] } },
{ "type": "Feature", "properties": { "_id": 1137, "OBJECTID": 1236, "GEO_ID": 766354.0, "NAME": "WILLIAM J MCCORDIC SCHOOL", "SCHOOL_LEVEL": "None", "SCHOOL_TYPE": "EP", "BOARD_NAME": "Toronto District School Board", "SOURCE_ADDRESS": "45 BALFOUR AVE ", "SCHOOL_TYPE_DESC": "English Public", "ADDRESS_POINT_ID": 766354, "ADDRESS_NUMBER": "45", "LINEAR_NAME_FULL": "Balfour Ave", "ADDRESS_FULL": "45 Balfour Ave", "POSTAL_CODE": "M4C 1T4", "MUNICIPALITY": "TO", "CITY": "TO", "PLACE_NAME": "William J. McCordic School", "GENERAL_USE_CODE": 115001, "CENTRELINE_ID": 14016715, "LO_NUM": 45, "LO_NUM_SUF": "None", "HI_NUM": null, "HI_NUM_SUF": "None", "LINEAR_NAME_ID": 2939.0 }, "geometry": { "type": "MultiPoint", "coordinates": [ [ -79.298983338047407, 43.690631839542398 ] ] } },
{ "type": "Feature", "properties": { "_id": 1138, "OBJECTID": 1237, "GEO_ID": 569008.0, "NAME": "WILLIAM LYON MACKENZIE COLLEGIATE INSTITUTE ", "SCHOOL_LEVEL": "None", "SCHOOL_TYPE": "EP", "BOARD_NAME": "Toronto District School Board", "SOURCE_ADDRESS": "20 TILLPLAIN RD ", "SCHOOL_TYPE_DESC": "English Public", "ADDRESS_POINT_ID": 569008, "ADDRESS_NUMBER": "20", "LINEAR_NAME_FULL": "Tillplain Rd", "ADDRESS_FULL": "20 Tillplain Rd", "POSTAL_CODE": "M3H 5R2", "MUNICIPALITY": "NY", "CITY": "NY", "PLACE_NAME": "William Lyon Mackenzie Collegiate Institute", "GENERAL_USE_CODE": 115001, "CENTRELINE_ID": 441008, "LO_NUM": 20, "LO_NUM_SUF": "None", "HI_NUM": null, "HI_NUM_SUF": "None", "LINEAR_NAME_ID": 6902.0 }, "geometry": { "type": "MultiPoint", "coordinates": [ [ -79.461894150124905, 43.753470958111897 ] ] } },
{ "type": "Feature", "properties": { "_id": 1139, "OBJECTID": 1238, "GEO_ID": 883096.0, "NAME": "WILLIAMSON ROAD JR PUBLIC SCHOOL ", "SCHOOL_LEVEL": "None", "SCHOOL_TYPE": "EP", "BOARD_NAME": "Toronto District School Board", "SOURCE_ADDRESS": "24 WILLIAMSON RD ", "SCHOOL_TYPE_DESC": "English Public", "ADDRESS_POINT_ID": 883096, "ADDRESS_NUMBER": "24", "LINEAR_NAME_FULL": "Williamson Rd", "ADDRESS_FULL": "24 Williamson Rd", "POSTAL_CODE": "M4E 1K5", "MUNICIPALITY": "TO", "CITY": "TO", "PLACE_NAME": "Williamson Road Junior Public School", "GENERAL_USE_CODE": 115001, "CENTRELINE_ID": 1141197, "LO_NUM": 24, "LO_NUM_SUF": "None", "HI_NUM": null, "HI_NUM_SUF": "None", "LINEAR_NAME_ID": 4686.0 }, "geometry": { "type": "MultiPoint", "coordinates": [ [ -79.297469803861105, 43.674511057207603 ] ] } },
{ "type": "Feature", "properties": { "_id": 1140, "OBJECTID": 1239, "GEO_ID": 398591.0, "NAME": "WILLOW PARK JR PUBLIC SCHOOL", "SCHOOL_LEVEL": "None", "SCHOOL_TYPE": "EP", "BOARD_NAME": "Toronto District School Board", "SOURCE_ADDRESS": "45 WINDOVER DR ", "SCHOOL_TYPE_DESC": "English Public", "ADDRESS_POINT_ID": 398591, "ADDRESS_NUMBER": "45", "LINEAR_NAME_FULL": "Windover Dr", "ADDRESS_FULL": "45 Windover Dr", "POSTAL_CODE": "M1G 1P1", "MUNICIPALITY": "SC", "CITY": "SC", "PLACE_NAME": "Willow Park Junior Public School", "GENERAL_USE_CODE": 115001, "CENTRELINE_ID": 108970, "LO_NUM": 45, "LO_NUM_SUF": "None", "HI_NUM": null, "HI_NUM_SUF": "None", "LINEAR_NAME_ID": 9241.0 }, "geometry": { "type": "MultiPoint", "coordinates": [ [ -79.209578536135695, 43.7611980953357 ] ] } },
{ "type": "Feature", "properties": { "_id": 1141, "OBJECTID": 1240, "GEO_ID": 526830.0, "NAME": "WILLOWDALE CHRISTIAN SCHOOL", "SCHOOL_LEVEL": "None", "SCHOOL_TYPE": "PR", "BOARD_NAME": "None", "SOURCE_ADDRESS": "60 HILDA AVE ", "SCHOOL_TYPE_DESC": "Private", "ADDRESS_POINT_ID": 526830, "ADDRESS_NUMBER": "60", "LINEAR_NAME_FULL": "Hilda Ave", "ADDRESS_FULL": "60 Hilda Ave", "POSTAL_CODE": "M2M 1V5", "MUNICIPALITY": "NY", "CITY": "NY", "PLACE_NAME": "None", "GENERAL_USE_CODE": 115001, "CENTRELINE_ID": 437393, "LO_NUM": 60, "LO_NUM_SUF": "None", "HI_NUM": null, "HI_NUM_SUF": "None", "LINEAR_NAME_ID": 5839.0 }, "geometry": { "type": "MultiPoint", "coordinates": [ [ -79.424885406416493, 43.786339724340102 ] ] } },
{ "type": "Feature", "properties": { "_id": 1142, "OBJECTID": 1241, "GEO_ID": 800606.0, "NAME": "WILLOWDALE HIGH SCHOOL", "SCHOOL_LEVEL": "None", "SCHOOL_TYPE": "PR", "BOARD_NAME": "None", "SOURCE_ADDRESS": "160 EGLINTON AVE E", "SCHOOL_TYPE_DESC": "Private", "ADDRESS_POINT_ID": 800606, "ADDRESS_NUMBER": "160", "LINEAR_NAME_FULL": "Eglinton Ave E", "ADDRESS_FULL": "160 Eglinton Ave E", "POSTAL_CODE": "M4P 3B5", "MUNICIPALITY": "TO", "CITY": "TO", "PLACE_NAME": "None", "GENERAL_USE_CODE": 115001, "CENTRELINE_ID": 1138280, "LO_NUM": 160, "LO_NUM_SUF": "None", "HI_NUM": null, "HI_NUM_SUF": "None", "LINEAR_NAME_ID": 125.0 }, "geometry": { "type": "MultiPoint", "coordinates": [ [ -79.393689140178694, 43.708027267372699 ] ] } },
{ "type": "Feature", "properties": { "_id": 1143, "OBJECTID": 1242, "GEO_ID": 14121615.0, "NAME": "WILLOWDALE MDL SCHOOL ", "SCHOOL_LEVEL": "None", "SCHOOL_TYPE": "EP", "BOARD_NAME": "Toronto District School Board", "SOURCE_ADDRESS": "225 SENLAC RD ", "SCHOOL_TYPE_DESC": "English Public", "ADDRESS_POINT_ID": 14121615, "ADDRESS_NUMBER": "225", "LINEAR_NAME_FULL": "Senlac Rd", "ADDRESS_FULL": "225 Senlac Rd", "POSTAL_CODE": "M2R 1P6", "MUNICIPALITY": "NY", "CITY": "NY", "PLACE_NAME": "Willowdale Middle School", "GENERAL_USE_CODE": 115001, "CENTRELINE_ID": 439018, "LO_NUM": 225, "LO_NUM_SUF": "None", "HI_NUM": null, "HI_NUM_SUF": "None", "LINEAR_NAME_ID": 6677.0 }, "geometry": { "type": "MultiPoint", "coordinates": [ [ -79.426088971570493, 43.7697752168093 ] ] } },
{ "type": "Feature", "properties": { "_id": 1144, "OBJECTID": 1243, "GEO_ID": 559932.0, "NAME": "WILLOWWOOD SCHOOL", "SCHOOL_LEVEL": "None", "SCHOOL_TYPE": "PR", "BOARD_NAME": "None", "SOURCE_ADDRESS": "55 SCARSDALE RD ", "SCHOOL_TYPE_DESC": "Private", "ADDRESS_POINT_ID": 559932, "ADDRESS_NUMBER": "55", "LINEAR_NAME_FULL": "Scarsdale Rd", "ADDRESS_FULL": "55 Scarsdale Rd", "POSTAL_CODE": "M3B 2R3", "MUNICIPALITY": "NY", "CITY": "NY", "PLACE_NAME": "None", "GENERAL_USE_CODE": 115001, "CENTRELINE_ID": 30084194, "LO_NUM": 55, "LO_NUM_SUF": "None", "HI_NUM": null, "HI_NUM_SUF": "None", "LINEAR_NAME_ID": 6662.0 }, "geometry": { "type": "MultiPoint", "coordinates": [ [ -79.353484466142802, 43.748381228606 ] ] } },
{ "type": "Feature", "properties": { "_id": 1145, "OBJECTID": 1244, "GEO_ID": 575941.0, "NAME": "WILMINGTON ELEMENTARY SCHOOL ", "SCHOOL_LEVEL": "None", "SCHOOL_TYPE": "EP", "BOARD_NAME": "Toronto District School Board", "SOURCE_ADDRESS": "330 WILMINGTON AVE ", "SCHOOL_TYPE_DESC": "English Public", "ADDRESS_POINT_ID": 575941, "ADDRESS_NUMBER": "330", "LINEAR_NAME_FULL": "Wilmington Ave", "ADDRESS_FULL": "330 Wilmington Ave", "POSTAL_CODE": "M3H 5L1", "MUNICIPALITY": "NY", "CITY": "NY", "PLACE_NAME": "Wilmington Elementary School", "GENERAL_USE_CODE": 115001, "CENTRELINE_ID": 439170, "LO_NUM": 330, "LO_NUM_SUF": "None", "HI_NUM": null, "HI_NUM_SUF": "None", "LINEAR_NAME_ID": 7095.0 }, "geometry": { "type": "MultiPoint", "coordinates": [ [ -79.460498024718405, 43.768558380631703 ] ] } },
{ "type": "Feature", "properties": { "_id": 1146, "OBJECTID": 1245, "GEO_ID": 6522886.0, "NAME": "WINCHESTER JR & SR PUBLIC SCHOOL ", "SCHOOL_LEVEL": "None", "SCHOOL_TYPE": "EP", "BOARD_NAME": "Toronto District School Board", "SOURCE_ADDRESS": "15 PROSPECT ST ", "SCHOOL_TYPE_DESC": "English Public", "ADDRESS_POINT_ID": 6522886, "ADDRESS_NUMBER": "15", "LINEAR_NAME_FULL": "Prospect St", "ADDRESS_FULL": "15 Prospect St", "POSTAL_CODE": "M4X 1C7", "MUNICIPALITY": "TO", "CITY": "TO", "PLACE_NAME": "Winchester Junior and Senior Public School", "GENERAL_USE_CODE": 115001, "CENTRELINE_ID": 6522916, "LO_NUM": 15, "LO_NUM_SUF": "None", "HI_NUM": null, "HI_NUM_SUF": "None", "LINEAR_NAME_ID": 4227.0 }, "geometry": { "type": "MultiPoint", "coordinates": [ [ -79.370896277299707, 43.666330675022401 ] ] } },
{ "type": "Feature", "properties": { "_id": 1147, "OBJECTID": 1246, "GEO_ID": 486113.0, "NAME": "WINDFIELDS MIDDLE SCHOOL ", "SCHOOL_LEVEL": "None", "SCHOOL_TYPE": "EP", "BOARD_NAME": "Toronto District School Board", "SOURCE_ADDRESS": "375 BANBURY RD ", "SCHOOL_TYPE_DESC": "English Public", "ADDRESS_POINT_ID": 486113, "ADDRESS_NUMBER": "375", "LINEAR_NAME_FULL": "Banbury Rd", "ADDRESS_FULL": "375 Banbury Rd", "POSTAL_CODE": "M2L 2V2", "MUNICIPALITY": "NY", "CITY": "NY", "PLACE_NAME": "Windfields Middle School", "GENERAL_USE_CODE": 115001, "CENTRELINE_ID": 440413, "LO_NUM": 375, "LO_NUM_SUF": "None", "HI_NUM": null, "HI_NUM_SUF": "None", "LINEAR_NAME_ID": 4876.0 }, "geometry": { "type": "MultiPoint", "coordinates": [ [ -79.370579290378203, 43.756111579620502 ] ] } },
{ "type": "Feature", "properties": { "_id": 1148, "OBJECTID": 1247, "GEO_ID": 6620126.0, "NAME": "WINONA DRIVE SR PUBLIC SCHOOL", "SCHOOL_LEVEL": "None", "SCHOOL_TYPE": "EP", "BOARD_NAME": "Toronto District School Board", "SOURCE_ADDRESS": "101 WINONA DR ", "SCHOOL_TYPE_DESC": "English Public", "ADDRESS_POINT_ID": 6620126, "ADDRESS_NUMBER": "101", "LINEAR_NAME_FULL": "Winona Dr", "ADDRESS_FULL": "101 Winona Dr", "POSTAL_CODE": "M6G 3S8", "MUNICIPALITY": "TO", "CITY": "TO", "PLACE_NAME": "Winona Drive Senior Public School", "GENERAL_USE_CODE": 115001, "CENTRELINE_ID": 6620030, "LO_NUM": 101, "LO_NUM_SUF": "None", "HI_NUM": null, "HI_NUM_SUF": "None", "LINEAR_NAME_ID": 964.0 }, "geometry": { "type": "MultiPoint", "coordinates": [ [ -79.430858786755905, 43.677002066478401 ] ] } },
{ "type": "Feature", "properties": { "_id": 1149, "OBJECTID": 1248, "GEO_ID": 6436450.0, "NAME": "WINSTON CHURCHILL COLLEGIATE INSTITUTE ", "SCHOOL_LEVEL": "None", "SCHOOL_TYPE": "EP", "BOARD_NAME": "Toronto District School Board", "SOURCE_ADDRESS": "2239 LAWRENCE AVE E", "SCHOOL_TYPE_DESC": "English Public", "ADDRESS_POINT_ID": 6436450, "ADDRESS_NUMBER": "2239", "LINEAR_NAME_FULL": "Lawrence Ave E", "ADDRESS_FULL": "2239 Lawrence Ave E", "POSTAL_CODE": "M1P 2P7", "MUNICIPALITY": "SC", "CITY": "SC", "PLACE_NAME": "Winston Churchill Collegiate Institute", "GENERAL_USE_CODE": 115001, "CENTRELINE_ID": 6436449, "LO_NUM": 2239, "LO_NUM_SUF": "None", "HI_NUM": null, "HI_NUM_SUF": "None", "LINEAR_NAME_ID": 3828.0 }, "geometry": { "type": "MultiPoint", "coordinates": [ [ -79.278377418693296, 43.748091483973099 ] ] } },
{ "type": "Feature", "properties": { "_id": 1150, "OBJECTID": 1249, "GEO_ID": 30114181.0, "NAME": "WISE OWL PRIVATE SCHOOL", "SCHOOL_LEVEL": "None", "SCHOOL_TYPE": "PR", "BOARD_NAME": "None", "SOURCE_ADDRESS": "99A SHEPPARD AVE W", "SCHOOL_TYPE_DESC": "Private", "ADDRESS_POINT_ID": 30114181, "ADDRESS_NUMBER": "99A", "LINEAR_NAME_FULL": "Sheppard Ave W", "ADDRESS_FULL": "99A Sheppard Ave W", "POSTAL_CODE": "None", "MUNICIPALITY": "NY", "CITY": "NY", "PLACE_NAME": "None", "GENERAL_USE_CODE": 115001, "CENTRELINE_ID": 439927, "LO_NUM": 99, "LO_NUM_SUF": "A", "HI_NUM": null, "HI_NUM_SUF": "None", "LINEAR_NAME_ID": 6699.0 }, "geometry": { "type": "MultiPoint", "coordinates": [ [ -79.416045335451997, 43.760125217763999 ] ] } },
{ "type": "Feature", "properties": { "_id": 1151, "OBJECTID": 1250, "GEO_ID": 765985.0, "NAME": "WITHROW AVE JR & QUEST ALTERNATIVE SR", "SCHOOL_LEVEL": "None", "SCHOOL_TYPE": "EP", "BOARD_NAME": "Toronto District School Board", "SOURCE_ADDRESS": "25 BAIN AVE ", "SCHOOL_TYPE_DESC": "English Public", "ADDRESS_POINT_ID": 765985, "ADDRESS_NUMBER": "25", "LINEAR_NAME_FULL": "Bain Ave", "ADDRESS_FULL": "25 Bain Ave", "POSTAL_CODE": "M4K 1E5", "MUNICIPALITY": "TO", "CITY": "TO", "PLACE_NAME": "Withrow Avenue Junior Public School", "GENERAL_USE_CODE": 115001, "CENTRELINE_ID": 14673415, "LO_NUM": 25, "LO_NUM_SUF": "None", "HI_NUM": null, "HI_NUM_SUF": "None", "LINEAR_NAME_ID": 2934.0 }, "geometry": { "type": "MultiPoint", "coordinates": [ [ -79.352129660097106, 43.670460460892002 ] ] } },
{ "type": "Feature", "properties": { "_id": 1152, "OBJECTID": 1251, "GEO_ID": 12789553.0, "NAME": "WOBURN COLLEGIATE INSTITUTE ", "SCHOOL_LEVEL": "None", "SCHOOL_TYPE": "EP", "BOARD_NAME": "Toronto District School Board", "SOURCE_ADDRESS": "2222 ELLESMERE RD ", "SCHOOL_TYPE_DESC": "English Public", "ADDRESS_POINT_ID": 12789553, "ADDRESS_NUMBER": "2222", "LINEAR_NAME_FULL": "Ellesmere Rd", "ADDRESS_FULL": "2222 Ellesmere Rd", "POSTAL_CODE": "M1G 3M3", "MUNICIPALITY": "SC", "CITY": "SC", "PLACE_NAME": "Woburn Collegiate Institute", "GENERAL_USE_CODE": 115001, "CENTRELINE_ID": 12789544, "LO_NUM": 2222, "LO_NUM_SUF": "None", "HI_NUM": null, "HI_NUM_SUF": "None", "LINEAR_NAME_ID": 7835.0 }, "geometry": { "type": "MultiPoint", "coordinates": [ [ -79.228458585898693, 43.778165112284398 ] ] } },
{ "type": "Feature", "properties": { "_id": 1153, "OBJECTID": 1252, "GEO_ID": 328365.0, "NAME": "WOBURN JR PUBLIC SCHOOL ", "SCHOOL_LEVEL": "None", "SCHOOL_TYPE": "EP", "BOARD_NAME": "Toronto District School Board", "SOURCE_ADDRESS": "40 DORMINGTON DR ", "SCHOOL_TYPE_DESC": "English Public", "ADDRESS_POINT_ID": 328365, "ADDRESS_NUMBER": "40", "LINEAR_NAME_FULL": "Dormington Dr", "ADDRESS_FULL": "40 Dormington Dr", "POSTAL_CODE": "M1G 3N2", "MUNICIPALITY": "SC", "CITY": "SC", "PLACE_NAME": "Woburn Junior Public School", "GENERAL_USE_CODE": 115001, "CENTRELINE_ID": 9234022, "LO_NUM": 40, "LO_NUM_SUF": "None", "HI_NUM": null, "HI_NUM_SUF": "None", "LINEAR_NAME_ID": 7766.0 }, "geometry": { "type": "MultiPoint", "coordinates": [ [ -79.227001664943401, 43.779502795504001 ] ] } },
{ "type": "Feature", "properties": { "_id": 1154, "OBJECTID": 1253, "GEO_ID": 9950376.0, "NAME": "WOODBINE JR HIGH & N/E SECONDARY ALTERNATIVE", "SCHOOL_LEVEL": "None", "SCHOOL_TYPE": "EP", "BOARD_NAME": "Toronto District School Board", "SOURCE_ADDRESS": "2900 DON MILLS RD E", "SCHOOL_TYPE_DESC": "English Public", "ADDRESS_POINT_ID": 9950376, "ADDRESS_NUMBER": "2900", "LINEAR_NAME_FULL": "Don Mills Rd E", "ADDRESS_FULL": "2900 Don Mills Rd E", "POSTAL_CODE": "M2J 3B6", "MUNICIPALITY": "NY", "CITY": "NY", "PLACE_NAME": "Woodbine Middle School", "GENERAL_USE_CODE": 115001, "CENTRELINE_ID": 9950377, "LO_NUM": 2900, "LO_NUM_SUF": "None", "HI_NUM": null, "HI_NUM_SUF": "None", "LINEAR_NAME_ID": 5398.0 }, "geometry": { "type": "MultiPoint", "coordinates": [ [ -79.349385410988006, 43.782428815492302 ] ] } },
{ "type": "Feature", "properties": { "_id": 1155, "OBJECTID": 1254, "GEO_ID": 30015214.0, "NAME": "YESHIVA BNEI TZION OF BOBOV SCHOOL", "SCHOOL_LEVEL": "None", "SCHOOL_TYPE": "PR", "BOARD_NAME": "None", "SOURCE_ADDRESS": "44 CHAMPLAIN BLVD ", "SCHOOL_TYPE_DESC": "Private", "ADDRESS_POINT_ID": 30015214, "ADDRESS_NUMBER": "44", "LINEAR_NAME_FULL": "Champlain Blvd", "ADDRESS_FULL": "44 Champlain Blvd", "POSTAL_CODE": "M3H 2Z1", "MUNICIPALITY": "NY", "CITY": "NY", "PLACE_NAME": "None", "GENERAL_USE_CODE": 115001, "CENTRELINE_ID": 10379163, "LO_NUM": 44, "LO_NUM_SUF": "None", "HI_NUM": null, "HI_NUM_SUF": "None", "LINEAR_NAME_ID": 5165.0 }, "geometry": { "type": "MultiPoint", "coordinates": [ [ -79.444005339919201, 43.732822909392901 ] ] } },
{ "type": "Feature", "properties": { "_id": 1156, "OBJECTID": 1255, "GEO_ID": 497886.0, "NAME": "YESHIVA DARCHEI TORAH SCHOOL", "SCHOOL_LEVEL": "None", "SCHOOL_TYPE": "PR", "BOARD_NAME": "None", "SOURCE_ADDRESS": "18 CHAMPLAIN BLVD ", "SCHOOL_TYPE_DESC": "Private", "ADDRESS_POINT_ID": 497886, "ADDRESS_NUMBER": "18", "LINEAR_NAME_FULL": "Champlain Blvd", "ADDRESS_FULL": "18 Champlain Blvd", "POSTAL_CODE": "M3H 2Z1", "MUNICIPALITY": "NY", "CITY": "NY", "PLACE_NAME": "None", "GENERAL_USE_CODE": 115001, "CENTRELINE_ID": 443323, "LO_NUM": 18, "LO_NUM_SUF": "None", "HI_NUM": null, "HI_NUM_SUF": "None", "LINEAR_NAME_ID": 5165.0 }, "geometry": { "type": "MultiPoint", "coordinates": [ [ -79.444840833441603, 43.733945426956801 ] ] } },
{ "type": "Feature", "properties": { "_id": 1157, "OBJECTID": 1256, "GEO_ID": 9234561.0, "NAME": "YESHIVA GEDOLAH OF TORONTO", "SCHOOL_LEVEL": "None", "SCHOOL_TYPE": "PR", "BOARD_NAME": "None", "SOURCE_ADDRESS": "567 LAWRENCE AVE W", "SCHOOL_TYPE_DESC": "Private", "ADDRESS_POINT_ID": 9234561, "ADDRESS_NUMBER": "567", "LINEAR_NAME_FULL": "Lawrence Ave W", "ADDRESS_FULL": "567 Lawrence Ave W", "POSTAL_CODE": "M6A 1A5", "MUNICIPALITY": "NY", "CITY": "NY", "PLACE_NAME": "Yeshiva Gedolah", "GENERAL_USE_CODE": 115001, "CENTRELINE_ID": 30085237, "LO_NUM": 567, "LO_NUM_SUF": "None", "HI_NUM": null, "HI_NUM_SUF": "None", "LINEAR_NAME_ID": 732.0 }, "geometry": { "type": "MultiPoint", "coordinates": [ [ -79.435626935858295, 43.717669334395097 ] ] } },
{ "type": "Feature", "properties": { "_id": 1158, "OBJECTID": 1257, "GEO_ID": 9694816.0, "NAME": "YESHIVA NACHALAS ZVI SCHOOL", "SCHOOL_LEVEL": "None", "SCHOOL_TYPE": "PR", "BOARD_NAME": "None", "SOURCE_ADDRESS": "475 LAWRENCE AVE W", "SCHOOL_TYPE_DESC": "Private", "ADDRESS_POINT_ID": 9694816, "ADDRESS_NUMBER": "475", "LINEAR_NAME_FULL": "Lawrence Ave W", "ADDRESS_FULL": "475 Lawrence Ave W", "POSTAL_CODE": "M5M 1C6", "MUNICIPALITY": "NY", "CITY": "NY", "PLACE_NAME": "Yeshivah Torath Chaim", "GENERAL_USE_CODE": 115001, "CENTRELINE_ID": 9694792, "LO_NUM": 475, "LO_NUM_SUF": "None", "HI_NUM": null, "HI_NUM_SUF": "None", "LINEAR_NAME_ID": 732.0 }, "geometry": { "type": "MultiPoint", "coordinates": [ [ -79.427877939254003, 43.719415037391101 ] ] } },
{ "type": "Feature", "properties": { "_id": 1159, "OBJECTID": 1258, "GEO_ID": 8016890.0, "NAME": "YESHIVA OR CHAIM BNEI AKIVA BOYS SCHOOL", "SCHOOL_LEVEL": "None", "SCHOOL_TYPE": "PR", "BOARD_NAME": "None", "SOURCE_ADDRESS": "159 ALMORE AVE ", "SCHOOL_TYPE_DESC": "Private", "ADDRESS_POINT_ID": 8016890, "ADDRESS_NUMBER": "159", "LINEAR_NAME_FULL": "Almore Ave", "ADDRESS_FULL": "159 Almore Ave", "POSTAL_CODE": "M3H 2H9", "MUNICIPALITY": "NY", "CITY": "NY", "PLACE_NAME": "None", "GENERAL_USE_CODE": 115001, "CENTRELINE_ID": 8016881, "LO_NUM": 159, "LO_NUM_SUF": "None", "HI_NUM": null, "HI_NUM_SUF": "None", "LINEAR_NAME_ID": 4782.0 }, "geometry": { "type": "MultiPoint", "coordinates": [ [ -79.448378251631397, 43.7454893525816 ] ] } },
{ "type": "Feature", "properties": { "_id": 1160, "OBJECTID": 1259, "GEO_ID": 520518.0, "NAME": "YESHIVA YESODEI HATORAH SCHOOL", "SCHOOL_LEVEL": "None", "SCHOOL_TYPE": "PR", "BOARD_NAME": "None", "SOURCE_ADDRESS": "77 GLEN RUSH BLVD ", "SCHOOL_TYPE_DESC": "Private", "ADDRESS_POINT_ID": 520518, "ADDRESS_NUMBER": "77", "LINEAR_NAME_FULL": "Glen Rush Blvd", "ADDRESS_FULL": "77 Glen Rush Blvd", "POSTAL_CODE": "M5N 2T8", "MUNICIPALITY": "NY", "CITY": "NY", "PLACE_NAME": "Yeshiva Yesodei Hatorah School", "GENERAL_USE_CODE": 115001, "CENTRELINE_ID": 445146, "LO_NUM": 77, "LO_NUM_SUF": "None", "HI_NUM": null, "HI_NUM_SUF": "None", "LINEAR_NAME_ID": 5693.0 }, "geometry": { "type": "MultiPoint", "coordinates": [ [ -79.425863935611005, 43.717992289011299 ] ] } },
{ "type": "Feature", "properties": { "_id": 1161, "OBJECTID": 1260, "GEO_ID": 565842.0, "NAME": "YESHIVAS NEFESH DOVID SCHOOL", "SCHOOL_LEVEL": "None", "SCHOOL_TYPE": "PR", "BOARD_NAME": "None", "SOURCE_ADDRESS": "77 STORMONT AVE ", "SCHOOL_TYPE_DESC": "Private", "ADDRESS_POINT_ID": 565842, "ADDRESS_NUMBER": "77", "LINEAR_NAME_FULL": "Stormont Ave", "ADDRESS_FULL": "77 Stormont Ave", "POSTAL_CODE": "M5N 2C3", "MUNICIPALITY": "NY", "CITY": "NY", "PLACE_NAME": "None", "GENERAL_USE_CODE": 115001, "CENTRELINE_ID": 445031, "LO_NUM": 77, "LO_NUM_SUF": "None", "HI_NUM": null, "HI_NUM_SUF": "None", "LINEAR_NAME_ID": 6805.0 }, "geometry": { "type": "MultiPoint", "coordinates": [ [ -79.427675726906202, 43.718633888949199 ] ] } },
{ "type": "Feature", "properties": { "_id": 1162, "OBJECTID": 1261, "GEO_ID": 9344875.0, "NAME": "YORK HUMBER HIGH SCHOOL ", "SCHOOL_LEVEL": "None", "SCHOOL_TYPE": "EP", "BOARD_NAME": "Toronto District School Board", "SOURCE_ADDRESS": "100 EMMETT AVE ", "SCHOOL_TYPE_DESC": "English Public", "ADDRESS_POINT_ID": 9344875, "ADDRESS_NUMBER": "100", "LINEAR_NAME_FULL": "Emmett Ave", "ADDRESS_FULL": "100 Emmett Ave", "POSTAL_CODE": "M6M 2E6", "MUNICIPALITY": "YK", "CITY": "YK", "PLACE_NAME": "York Humber High School", "GENERAL_USE_CODE": 115001, "CENTRELINE_ID": 9344876, "LO_NUM": 100, "LO_NUM_SUF": "None", "HI_NUM": null, "HI_NUM_SUF": "None", "LINEAR_NAME_ID": 580.0 }, "geometry": { "type": "MultiPoint", "coordinates": [ [ -79.506177459366, 43.688569195161399 ] ] } },
{ "type": "Feature", "properties": { "_id": 1163, "OBJECTID": 1262, "GEO_ID": 8152704.0, "NAME": "YORK MEMORIAL COLLEGIATE INSTITUTE", "SCHOOL_LEVEL": "None", "SCHOOL_TYPE": "EP", "BOARD_NAME": "Toronto District School Board", "SOURCE_ADDRESS": "1700 KEELE ST ", "SCHOOL_TYPE_DESC": "English Public", "ADDRESS_POINT_ID": 8152704, "ADDRESS_NUMBER": "1700", "LINEAR_NAME_FULL": "Keele St", "ADDRESS_FULL": "1700 Keele St", "POSTAL_CODE": "M6M 3W5", "MUNICIPALITY": "YK", "CITY": "YK", "PLACE_NAME": "George Harvey Collegiate Institute", "GENERAL_USE_CODE": 115001, "CENTRELINE_ID": 8128677, "LO_NUM": 1700, "LO_NUM_SUF": "None", "HI_NUM": null, "HI_NUM_SUF": "None", "LINEAR_NAME_ID": 703.0 }, "geometry": { "type": "MultiPoint", "coordinates": [ [ -79.473699193678002, 43.684546506987601 ] ] } },
{ "type": "Feature", "properties": { "_id": 1164, "OBJECTID": 1263, "GEO_ID": 59118.0, "NAME": "YORK MEMORIAL COLLEGIATE INSTITUTE (UNDER CONSTRUCTION)", "SCHOOL_LEVEL": "None", "SCHOOL_TYPE": "EP", "BOARD_NAME": "Toronto District School Board", "SOURCE_ADDRESS": "2690 EGLINTON AVE W", "SCHOOL_TYPE_DESC": "English Public", "ADDRESS_POINT_ID": 59118, "ADDRESS_NUMBER": "2690", "LINEAR_NAME_FULL": "Eglinton Ave W", "ADDRESS_FULL": "2690 Eglinton Ave W", "POSTAL_CODE": "M6M 1T9", "MUNICIPALITY": "YK", "CITY": "YK", "PLACE_NAME": "York Memorial Collegiate Institute", "GENERAL_USE_CODE": 115001, "CENTRELINE_ID": 8171, "LO_NUM": 2690, "LO_NUM_SUF": "None", "HI_NUM": null, "HI_NUM_SUF": "None", "LINEAR_NAME_ID": 571.0 }, "geometry": { "type": "MultiPoint", "coordinates": [ [ -79.476239802168607, 43.690278723834098 ] ] } },
{ "type": "Feature", "properties": { "_id": 1165, "OBJECTID": 1264, "GEO_ID": 579005.0, "NAME": "YORK MILLS COLLEGIATE INSTITUTE", "SCHOOL_LEVEL": "None", "SCHOOL_TYPE": "EP", "BOARD_NAME": "Toronto District School Board", "SOURCE_ADDRESS": "490 YORK MILLS RD ", "SCHOOL_TYPE_DESC": "English Public", "ADDRESS_POINT_ID": 579005, "ADDRESS_NUMBER": "490", "LINEAR_NAME_FULL": "York Mills Rd", "ADDRESS_FULL": "490 York Mills Rd", "POSTAL_CODE": "M3B 1W6", "MUNICIPALITY": "NY", "CITY": "NY", "PLACE_NAME": "York Mills Collegiate Institute", "GENERAL_USE_CODE": 115001, "CENTRELINE_ID": 441141, "LO_NUM": 490, "LO_NUM_SUF": "None", "HI_NUM": null, "HI_NUM_SUF": "None", "LINEAR_NAME_ID": 7145.0 }, "geometry": { "type": "MultiPoint", "coordinates": [ [ -79.373523895573101, 43.7515290541848 ] ] } },
{ "type": "Feature", "properties": { "_id": 1166, "OBJECTID": 1265, "GEO_ID": 3766809.0, "NAME": "YORK U - GLENDON CAMPUS ", "SCHOOL_LEVEL": "None", "SCHOOL_TYPE": "U", "BOARD_NAME": "None", "SOURCE_ADDRESS": "2275 BAYVIEW AVE ", "SCHOOL_TYPE_DESC": "University", "ADDRESS_POINT_ID": 3766809, "ADDRESS_NUMBER": "2275", "LINEAR_NAME_FULL": "Bayview Ave", "ADDRESS_FULL": "2275 Bayview Ave", "POSTAL_CODE": "M4N 3M6", "MUNICIPALITY": "NY", "CITY": "NY", "PLACE_NAME": "None", "GENERAL_USE_CODE": 115001, "CENTRELINE_ID": 3766807, "LO_NUM": 2275, "LO_NUM_SUF": "None", "HI_NUM": null, "HI_NUM_SUF": "None", "LINEAR_NAME_ID": 24.0 }, "geometry": { "type": "MultiPoint", "coordinates": [ [ -79.378060300988494, 43.727167961147202 ] ] } },
{ "type": "Feature", "properties": { "_id": 1167, "OBJECTID": 1266, "GEO_ID": 20029109.0, "NAME": "YORK U - KEELE CAMPUS", "SCHOOL_LEVEL": "None", "SCHOOL_TYPE": "U", "BOARD_NAME": "None", "SOURCE_ADDRESS": "4700 KEELE ST ", "SCHOOL_TYPE_DESC": "University", "ADDRESS_POINT_ID": 20029109, "ADDRESS_NUMBER": "4700", "LINEAR_NAME_FULL": "Keele St", "ADDRESS_FULL": "4700 Keele St", "POSTAL_CODE": "M3J 1P3", "MUNICIPALITY": "NY", "CITY": "NY", "PLACE_NAME": "York University-Keele Campus", "GENERAL_USE_CODE": 115001, "CENTRELINE_ID": 14064697, "LO_NUM": 4700, "LO_NUM_SUF": "None", "HI_NUM": null, "HI_NUM_SUF": "None", "LINEAR_NAME_ID": 703.0 }, "geometry": { "type": "MultiPoint", "coordinates": [ [ -79.5023381683704, 43.773410089986399 ] ] } },
{ "type": "Feature", "properties": { "_id": 1168, "OBJECTID": 1267, "GEO_ID": 12789760.0, "NAME": "YORKDALE SECONDARY SCHOOL & ADULT LEARNING CENTRE", "SCHOOL_LEVEL": "None", "SCHOOL_TYPE": "EP", "BOARD_NAME": "Toronto District School Board", "SOURCE_ADDRESS": "38 ORFUS RD ", "SCHOOL_TYPE_DESC": "English Public", "ADDRESS_POINT_ID": 12789760, "ADDRESS_NUMBER": "38", "LINEAR_NAME_FULL": "Orfus Rd", "ADDRESS_FULL": "38 Orfus Rd", "POSTAL_CODE": "M6A 1L6", "MUNICIPALITY": "NY", "CITY": "NY", "PLACE_NAME": "Yorkdale Secondary School", "GENERAL_USE_CODE": 115001, "CENTRELINE_ID": 12789755, "LO_NUM": 38, "LO_NUM_SUF": "None", "HI_NUM": null, "HI_NUM_SUF": "None", "LINEAR_NAME_ID": 6342.0 }, "geometry": { "type": "MultiPoint", "coordinates": [ [ -79.459725098003403, 43.7201620650265 ] ] } },
{ "type": "Feature", "properties": { "_id": 1169, "OBJECTID": 1268, "GEO_ID": 3369839.0, "NAME": "YORKLAND HIGH SCHOOL", "SCHOOL_LEVEL": "None", "SCHOOL_TYPE": "PR", "BOARD_NAME": "None", "SOURCE_ADDRESS": "3840 FINCH AVE E", "SCHOOL_TYPE_DESC": "Private", "ADDRESS_POINT_ID": 3369839, "ADDRESS_NUMBER": "3840", "LINEAR_NAME_FULL": "Finch Ave E", "ADDRESS_FULL": "3840 Finch Ave E", "POSTAL_CODE": "M1T 3T4", "MUNICIPALITY": "SC", "CITY": "SC", "PLACE_NAME": "St Nicholas Greek Orthodox", "GENERAL_USE_CODE": 115001, "CENTRELINE_ID": 3369767, "LO_NUM": 3840, "LO_NUM_SUF": "None", "HI_NUM": null, "HI_NUM_SUF": "None", "LINEAR_NAME_ID": 5589.0 }, "geometry": { "type": "MultiPoint", "coordinates": [ [ -79.301341957638797, 43.800615083861601 ] ] } },
{ "type": "Feature", "properties": { "_id": 1170, "OBJECTID": 1269, "GEO_ID": 579389.0, "NAME": "YORKVIEW PUBLIC SCHOOL", "SCHOOL_LEVEL": "None", "SCHOOL_TYPE": "EP", "BOARD_NAME": "Toronto District School Board", "SOURCE_ADDRESS": "130 YORKVIEW DR ", "SCHOOL_TYPE_DESC": "English Public", "ADDRESS_POINT_ID": 579389, "ADDRESS_NUMBER": "130", "LINEAR_NAME_FULL": "Yorkview Dr", "ADDRESS_FULL": "130 YORKVIEW DR ", "POSTAL_CODE": "None", "MUNICIPALITY": "NY", "CITY": "NY", "PLACE_NAME": "Yorkview Public School", "GENERAL_USE_CODE": 115001, "CENTRELINE_ID": 438673, "LO_NUM": 130, "LO_NUM_SUF": "None", "HI_NUM": null, "HI_NUM_SUF": "None", "LINEAR_NAME_ID": 9794.0 }, "geometry": { "type": "MultiPoint", "coordinates": [ [ -79.435566422190803, 43.772573610637501 ] ] } },
{ "type": "Feature", "properties": { "_id": 1171, "OBJECTID": 1270, "GEO_ID": 10258462.0, "NAME": "YORKWOODS PUBLIC SCHOOL", "SCHOOL_LEVEL": "None", "SCHOOL_TYPE": "EP", "BOARD_NAME": "Toronto District School Board", "SOURCE_ADDRESS": "25 YORKWOODS GT ", "SCHOOL_TYPE_DESC": "English Public", "ADDRESS_POINT_ID": 10258462, "ADDRESS_NUMBER": "25", "LINEAR_NAME_FULL": "Yorkwoods Gt", "ADDRESS_FULL": "25 Yorkwoods Gt", "POSTAL_CODE": "M3N 1K1", "MUNICIPALITY": "NY", "CITY": "NY", "PLACE_NAME": "Yorkwoods Public School", "GENERAL_USE_CODE": 115001, "CENTRELINE_ID": 30102680, "LO_NUM": 25, "LO_NUM_SUF": "None", "HI_NUM": null, "HI_NUM_SUF": "None", "LINEAR_NAME_ID": 7152.0 }, "geometry": { "type": "MultiPoint", "coordinates": [ [ -79.513884746330802, 43.750659838146497 ] ] } },
{ "type": "Feature", "properties": { "_id": 1172, "OBJECTID": 1271, "GEO_ID": 4498793.0, "NAME": "Z3 EDUCATION CENTRE SCHOOL", "SCHOOL_LEVEL": "None", "SCHOOL_TYPE": "PR", "BOARD_NAME": "None", "SOURCE_ADDRESS": "1200 MARKHAM RD ", "SCHOOL_TYPE_DESC": "Private", "ADDRESS_POINT_ID": 4498793, "ADDRESS_NUMBER": "1200", "LINEAR_NAME_FULL": "Markham Rd", "ADDRESS_FULL": "1200 Markham Rd", "POSTAL_CODE": "M1H 3C3", "MUNICIPALITY": "SC", "CITY": "SC", "PLACE_NAME": "None", "GENERAL_USE_CODE": 115001, "CENTRELINE_ID": 4476173, "LO_NUM": 1200, "LO_NUM_SUF": "None", "HI_NUM": null, "HI_NUM_SUF": "None", "LINEAR_NAME_ID": 8429.0 }, "geometry": { "type": "MultiPoint", "coordinates": [ [ -79.232558392128098, 43.7768587021679 ] ] } },
{ "type": "Feature", "properties": { "_id": 1173, "OBJECTID": 1272, "GEO_ID": 536807.0, "NAME": "ZION HEIGHTS JR HIGH SCHOOL", "SCHOOL_LEVEL": "None", "SCHOOL_TYPE": "EP", "BOARD_NAME": "Toronto District School Board", "SOURCE_ADDRESS": "5900 LESLIE ST ", "SCHOOL_TYPE_DESC": "English Public", "ADDRESS_POINT_ID": 536807, "ADDRESS_NUMBER": "5900", "LINEAR_NAME_FULL": "Leslie St", "ADDRESS_FULL": "5900 Leslie St", "POSTAL_CODE": "M2H 1J9", "MUNICIPALITY": "NY", "CITY": "NY", "PLACE_NAME": "Zion Heights Middle School", "GENERAL_USE_CODE": 115001, "CENTRELINE_ID": 436598, "LO_NUM": 5900, "LO_NUM_SUF": "None", "HI_NUM": null, "HI_NUM_SUF": "None", "LINEAR_NAME_ID": 225.0 }, "geometry": { "type": "MultiPoint", "coordinates": [ [ -79.371097237463701, 43.797914902564699 ] ] } }
]
}
