ct_id,ctuid,dguid,geo_name,census_year,population_total,population_18plus,citizen_canadian_18plus_count,land_area_km2,block1_age_18_34_share,block1_age_35_64_share,block1_age_65_plus_share,block1_median_age,block1_average_household_size,block1_bachelors_or_higher_25_64_share,block1_low_income_lim_at_share,block1_unemployment_rate_share,block2_renter_share,block2_owner_share,block2_same_address_1yr_share,block2_same_address_5yr_share,block2_condo_share,block2_apartment_share,block2_detached_share,block2_semi_detached_share,block2_population_density_per_km2,block3_immigrant_share,block3_recent_immigrant_share,block3_non_citizen_share,block3_citizen_adult_share,block3_visible_minority_share,block3_english_french_knowledge_share,block3_non_official_mother_tongue_share,block5_census_transit_commute_share,block5_school_age_5_17_share,outcome_municipal_participation_citizen_18plus,outcome_municipal_turnout_electors,municipal_estimated_total_votes,municipal_estimated_electors,outcome_provincial_participation_citizen_18plus,outcome_provincial_turnout_electors,provincial_estimated_total_votes,provincial_estimated_electors,outcome_federal_participation_citizen_18plus,outcome_federal_turnout_electors,federal_estimated_total_votes,federal_estimated_electors,outcome_mean_participation_citizen_18plus,block4_mayoral_top_two_margin,block4_mayoral_winner_margin,block4_effective_mayoral_candidates_5pct,block4_mayoral_candidate_count_5pct,block4_mayoral_vote_fragmentation,block4_provincial_margin,block4_effective_provincial_parties_5pct,block4_provincial_party_count_5pct,block4_provincial_vote_fragmentation,block4_federal_margin,block4_effective_federal_parties_5pct,block4_federal_party_count_5pct,block4_federal_vote_fragmentation,block5_tts_no_car_household_share,block5_tts_transit_trip_share,block5_tts_overlap_area_m2,block5_library_nearest_m,block5_library_count_1200m,block5_library_access_1200m,block5_community_centre_nearest_m,block5_community_centre_count_1200m,block5_community_centre_access_1200m,block5_park_nearest_m,block5_park_count_1200m,block5_park_access_1200m,block5_shelter_nearest_m,block5_shelter_count_1200m,block5_shelter_access_1200m,block5_ksi_collision_events_2021_2025,block5_development_applications_2021_2025,block5_ksi_collision_events_2021_2025_per_1000,block5_development_applications_2021_2025_per_1000,block5_requests_311_2023_2025_estimated_count,block5_requests_311_2023_2025_citywide_total,block5_requests_311_missing_ward_count,block5_requests_311_area_allocation_weight,block5_requests_311_per_1000,block5_requests_311_proxy_note,block5_transit_commute_share_preferred,block5_no_car_household_share,block5_social_housing_share,block5_social_housing_note
5350001.00,5350001.00,2021S05075350001.00,1,2021,599,480,430,6.82,0.2083333333,0.5166666667,0.0916666667,40.4,2.6,0.5903614458,0.0916666667,0.073,0.2244897959,0.7755102041,0.8305084746,0.5963302752,0,0.1914893617,0.0638297872,0.3617021277,87.8,0.2372881356,0.0169491525,0.0593220339,0.8958333333,0.313559322,0.975,0.2333333333,0.1388888889,0.1166666667,0.4619418743,0.4830196153,198.6350059,411.2358994,0.5246544735,0.5119974447,225.6014236,440.6299796,0.5805614808,0.9203014255,249.6414368,271.260513,0.5223859429,0.2725187167,0.2725187167,3.039936564,3,0.6710457673,0.2887892342,2.523032914,3,0.6036516232,0.5075243588,1.886896941,3,0.470029349,0.2120821623,0.102436849,7215004.207,1874.641871,0,0,1303.503593,0,0,103.8810633,28,1,1768.384215,0,0,9,95,15.02504174,158.5976628,26899.68655,1351594,24,0.3382149289,44907.657,Official 311 files provide ward/FSA but no coordinates; CT count is an area-weighted ward-to-CT allocation using the existing municipal ward-to-CT crosswalk.,0.102436849,0.2120821623,0,"Census Profile characteristic 1491: percent of tenant households in subsidized housing, converted to a 0-1 share. Denominator is tenant households, not all households."
5350002.00,5350002.00,2021S05075350002.00,2,2021,604,555,535,3.39,0.1404958678,0.3223140496,0.4132231405,62,2.1,0.5490196078,0.1196581197,0.14,0.1052631579,0.8771929825,0.925,0.775862069,0,0.0526315789,0.8771929825,0.0877192982,178,0.2083333333,0,0.0166666667,0.963963964,0.0166666667,1,0.0826446281,0.2173913043,0.0661157025,0.6654994415,0.6023029017,356.0422012,591.1347932,0.6203905286,0.5739346032,331.9089328,578.3044461,0.8936559769,0.9210931263,478.1059476,519.0636365,0.7265153157,0.682286096,0.682286096,1.625966045,3,0.3849810067,0.7189041711,1.543571833,3,0.3521519513,0.2129529022,2.492726905,3,0.5988329095,0.5628976826,0.2097487893,3561397.409,2386.607396,0,0,2135.279412,0,0,0,25,1,2672.368274,0,0,0,0,0,0,15867.18551,1351594,24,0.2639208515,26270.17469,Official 311 files provide ward/FSA but no coordinates; CT count is an area-weighted ward-to-CT allocation using the existing municipal ward-to-CT crosswalk.,0.2097487893,0.5628976826,0,"Census Profile characteristic 1491: percent of tenant households in subsidized housing, converted to a 0-1 share. Denominator is tenant households, not all households."
5350003.00,5350003.00,2021S05075350003.00,3,2021,457,410,350,0.95,0.2826086957,0.4673913043,0.097826087,38,1.7,0.6,0.1318681319,0.07,0.3148148148,0.6851851852,0.7378640777,0.3333333333,1,1,0,0,483.3,0.4134615385,0.1442307692,0.2211538462,0.8536585366,0.5238095238,0.978021978,0.3956043956,0.2051282051,0.0543478261,0.7260003639,0.3941522657,254.1001273,644.6750392,0.5045094525,0.4833436991,176.5783084,365.3265962,1.211840164,0.4282935677,424.1440572,990.3115274,0.81411666,0.1771162738,0.1771162738,3.301948649,4,0.6971485306,0.1543899303,3.018295577,3,0.6686871864,0.1668833762,2.662080433,3,0.6243539497,0.2359299555,0.3729035707,1001682.342,1133.502963,1,1,1377.150543,0,0,142.1738143,13,1,2708.777584,0,0,12,3,26.25820569,6.564551422,4193.505245,1351594,24,0.06131332585,9176.160274,Official 311 files provide ward/FSA but no coordinates; CT count is an area-weighted ward-to-CT allocation using the existing municipal ward-to-CT crosswalk.,0.3729035707,0.2359299555,0,"Census Profile characteristic 1491: percent of tenant households in subsidized housing, converted to a 0-1 share. Denominator is tenant households, not all households."
5350004.00,5350004.00,2021S05075350004.00,4,2021,6306,5595,4275,0.34,0.2797147385,0.4587955626,0.1331220285,40,1.8,0.3470374849,0.2284518828,0.192,0.9266055046,0.0733944954,0.850212766,0.6069868996,0.0107033639,0.9603053435,0.0213740458,0.0167938931,18525.3,0.4403048264,0.0897544454,0.1761219306,0.764075067,0.5055038103,0.9628406276,0.372419488,0.459057072,0.0800316957,0.3518318233,0.3431088664,1504.081045,4383.684573,0.4718871789,0.4362264427,2017.31769,4624.473649,0.67759553,0.697602995,2896.720891,4152.391706,0.5004381774,0.4400203915,0.4400203915,2.63912535,3,0.6210865846,0.2431835573,2.787271435,3,0.6412261872,0.2094411615,2.656839676,3,0.623612968,0.430178916,0.1555181534,458.681073,731.5368503,2,1,450.3211259,3,1,132.3610085,33,1,2403.439801,0,0,4,11,0.6343165239,1.744370441,1521.612596,1351594,24,0.02221461978,241.2960032,Official 311 files provide ward/FSA but no coordinates; CT count is an area-weighted ward-to-CT allocation using the existing municipal ward-to-CT crosswalk.,0.1555181534,0.430178916,0.097,"Census Profile characteristic 1491: percent of tenant households in subsidized housing, converted to a 0-1 share. Denominator is tenant households, not all households."
5350005.00,5350005.00,2021S05075350005.00,5,2021,6957,6190,5040,0.38,0.3611510791,0.3992805755,0.1244604317,36.4,1.8,0.4892933619,0.1976225854,0.147,0.7365591398,0.2634408602,0.8065720687,0.5183767228,0.3454301075,0.8924731183,0.0107526882,0.0107526882,18483,0.3751857355,0.0638930163,0.1441307578,0.8142164782,0.4769687964,0.974112426,0.324704142,0.382585752,0.0784172662,0.3319241725,0.3433706265,1672.897829,4871.988749,0.5199229021,0.392599584,2620.411427,6674.514017,0.6731712498,0.6496789911,3392.783099,5222.245364,0.5083394415,0.3623016431,0.3623016431,2.923392328,3,0.6579316466,0.2148158701,2.814813955,3,0.6447367336,0.3042920981,2.539825998,3,0.6062722405,0.5947067073,0.2470589561,394846.3465,236.0877241,1,1,243.2856701,6,1,156.5400245,35,1,1624.500312,0,0,3,18,0.4312203536,2.587322122,1711.577439,1351594,24,0.0259212801,246.0223428,Official 311 files provide ward/FSA but no coordinates; CT count is an area-weighted ward-to-CT allocation using the existing municipal ward-to-CT crosswalk.,0.2470589561,0.5947067073,0.257,"Census Profile characteristic 1491: percent of tenant households in subsidized housing, converted to a 0-1 share. Denominator is tenant households, not all households."
5350006.00,5350006.00,2021S05075350006.00,6,2021,119,120,,0.01,0,0.0833333333,0.875,84,,,,,,,,,,,,,9224.8,,,,,,,,,0,,,0,0,,,0,0,,,0,0,,,,,,,,,,,,,,,0.6416853083,0.3181200449,13451.68887,612.7856725,1,1,316.0220643,4,1,75.63749939,33,1,1935.913513,0,0,0,6,0,50.42016807,57.2998454,1351594,24,0.0008365429427,481.5113059,Official 311 files provide ward/FSA but no coordinates; CT count is an area-weighted ward-to-CT allocation using the existing municipal ward-to-CT crosswalk.,0.3181200449,0.6416853083,,"Census Profile characteristic 1491: percent of tenant households in subsidized housing, converted to a 0-1 share. Denominator is tenant households, not all households."
5350007.01,5350007.01,2021S05075350007.01,7.01,2021,3402,3055,2250,0.2,0.2661764706,0.4338235294,0.1808823529,42.4,1.8,0.4282460137,0.1652892562,0.153,0.8662790698,0.1308139535,0.8897763578,0.6176470588,0.0145348837,0.9212121212,0.0363636364,0.0333333333,17018.5,0.4025356577,0.0729001585,0.1679873217,0.736497545,0.5309033281,0.9770491803,0.3426229508,0.4372093023,0.0720588235,0.3576495065,0.3338794145,804.7113897,2410.185698,0.4893097917,0.4299255246,1100.947031,2560.785458,0.8196335251,0.6985515319,1844.175431,2639.999123,0.5555309411,0.438922237,0.438922237,2.634298071,3,0.6203922362,0.2037427977,2.850013695,3,0.649124493,0.1939883001,2.718805634,3,0.6321914346,0.6416863212,0.3181101148,209552.4569,653.3727485,1,1,384.1163344,4,1,131.5827095,31,1,1878.967484,0,0,2,2,0.5878894768,0.5878894768,892.6257141,1351594,24,0.0130317933,262.382632,Official 311 files provide ward/FSA but no coordinates; CT count is an area-weighted ward-to-CT allocation using the existing municipal ward-to-CT crosswalk.,0.3181101148,0.6416863212,0.054,"Census Profile characteristic 1491: percent of tenant households in subsidized housing, converted to a 0-1 share. Denominator is tenant households, not all households."
5350007.02,5350007.02,2021S05075350007.02,7.02,2021,4422,3955,3075,0.43,0.3265536723,0.4282485876,0.1265536723,38,1.8,0.3699324324,0.201622248,0.213,0.9696312364,0.032537961,0.8602409639,0.585,0.0043383948,0.9810126582,0.0147679325,0.0042194093,10174.9,0.4755077658,0.0800477897,0.1720430108,0.7774968394,0.5471923536,0.9640787949,0.3870220162,0.4296296296,0.0757062147,0.3757924985,0.338281119,1155.561933,3415.98117,0.4839745963,0.4479018424,1488.221884,3322.651846,0.712861143,0.642113109,2192.048015,3413.803556,0.5242094126,0.4487954293,0.4487954293,2.610940415,3,0.6169962384,0.2530773522,2.74301911,3,0.6354381942,0.269496991,2.610567605,3,0.6169415425,0.501446907,0.3632253357,455287.7831,790.2381104,1,1,298.4053769,3,1,142.4905251,35,1,1270.38901,0,0,1,65,0.2261420172,14.69923112,2006.780443,1351594,24,0.03188000742,453.8173774,Official 311 files provide ward/FSA but no coordinates; CT count is an area-weighted ward-to-CT allocation using the existing municipal ward-to-CT crosswalk.,0.3632253357,0.501446907,0.081,"Census Profile characteristic 1491: percent of tenant households in subsidized housing, converted to a 0-1 share. Denominator is tenant households, not all households."
5350008.01,5350008.01,2021S05075350008.01,8.01,2021,8480,8055,6500,0.31,0.5996462264,0.3260613208,0.0224056604,32,1.6,0.7239010989,0.0897284534,0.073,0.5166975881,0.4833024119,0.6198198198,0.2427781192,1,0.970749543,0,0,27425.6,0.3124253286,0.0890083632,0.1768219833,0.8069522036,0.4169653524,0.9929245283,0.2688679245,0.2233400402,0.0224056604,0.3979218869,0.3571362336,2586.492265,7242.312656,0.4184958211,0.4446031585,2720.222837,6118.316492,0.7655010427,0.6990672884,4975.756777,7117.707923,0.5273062502,0.2639354885,0.2639354885,3.290045371,4,0.6960528239,0.1114972667,2.910354151,3,0.656399205,0.2826808506,2.173610274,3,0.5399359251,0.3774279925,0.2093594738,324729.698,1321.756631,0,0,567.1610084,2,1,91.47166663,33,1,510.4237748,4,1,1,12,0.1179245283,1.41509434,1458.461905,1351594,24,0.02425875726,171.9884322,Official 311 files provide ward/FSA but no coordinates; CT count is an area-weighted ward-to-CT allocation using the existing municipal ward-to-CT crosswalk.,0.2093594738,0.3774279925,0,"Census Profile characteristic 1491: percent of tenant households in subsidized housing, converted to a 0-1 share. Denominator is tenant households, not all households."
5350008.02,5350008.02,2021S05075350008.02,8.02,2021,11591,10690,8605,1.92,0.4941785252,0.3686934023,0.0534713238,33.2,1.6,0.6761546724,0.1148180243,0.096,0.5477207977,0.4522792023,0.6636005256,0.3107319264,0.9045584046,0.9957264957,0.0007122507,0,6052.4,0.4081455806,0.1143847487,0.1837088388,0.8049579046,0.5071459506,0.9870073625,0.3295799047,0.2479608483,0.0431220354,0.3298058579,0.3187153633,2837.979407,8904.432399,0.4894746768,0.3988593827,4211.929594,10559.9361,0.7683086998,0.6896150027,6611.296362,9586.938126,0.5291964115,0.2407270288,0.2407270288,3.321037837,4,0.6988893084,0.1794476968,2.84153044,3,0.6480769708,0.2916877044,2.240125986,3,0.5535965361,0.4100627203,0.2060619526,2009282.837,1179.328687,1,1,1058.681409,1,1,224.3841831,23,1,655.6991471,3,1,16,15,1.38038133,1.294107497,8953.224688,1351594,24,0.1488183234,772.4290129,Official 311 files provide ward/FSA but no coordinates; CT count is an area-weighted ward-to-CT allocation using the existing municipal ward-to-CT crosswalk.,0.2060619526,0.4100627203,0.103,"Census Profile characteristic 1491: percent of tenant households in subsidized housing, converted to a 0-1 share. Denominator is tenant households, not all households."
5350009.00,5350009.00,2021S05075350009.00,9,2021,520,490,205,0.1,0.3173076923,0.4807692308,0.1442307692,39.6,1.7,0.35,0.2413793103,0.2,1,0,0.8571428571,0.5789473684,0,1,0,0,5038.8,0.4642857143,0.1071428571,0.1964285714,0.4183673469,0.5438596491,0.9482758621,0.3620689655,0.4666666667,0.0480769231,0.1015703984,1.461560883,20.82193168,14.24636628,0.3342155784,0.3406032802,68.51419356,201.1554132,0.4765427402,0.6101325727,97.69126174,160.1148113,0.3041095723,0.4301596052,0.4301596052,2.666117702,4,0.624922786,0.2493841444,2.638166889,3,0.6209489232,0.3563224125,2.164483033,3,0.5379959164,0.3812403805,0.2395282413,108390.7241,1179.442826,1,1,465.3515375,2,1,157.5103134,32,1,700.2400202,4,1,1,0,1.923076923,0,486.8159114,1351594,24,0.00809726903,936.1844449,Official 311 files provide ward/FSA but no coordinates; CT count is an area-weighted ward-to-CT allocation using the existing municipal ward-to-CT crosswalk.,0.2395282413,0.3812403805,0.571,"Census Profile characteristic 1491: percent of tenant households in subsidized housing, converted to a 0-1 share. Denominator is tenant households, not all households."
5350010.01,5350010.01,2021S05075350010.01,10.01,2021,5611,5045,4540,0.25,0.385026738,0.4349376114,0.0739750446,35.6,1.7,0.7015765766,0.088367899,0.067,0.4178187404,0.5821812596,0.7582811101,0.4430027804,0.8341013825,0.8948194662,0.0047095761,0.010989011,22661.6,0.2767462423,0.0468611848,0.1025641026,0.899900892,0.3404067197,0.9794826048,0.2363960749,0.2342657343,0.0588235294,0.3638188024,0.368328117,1651.737363,4484.41834,0.4133816784,0.3881689714,1876.75282,4834.886244,0.6510180414,0.5819971976,2955.621908,5078.412612,0.4760728408,0.2310156895,0.2310156895,3.165985752,4,0.6841426089,0.2064399014,2.743684709,3,0.6355266344,0.3640877233,2.084300001,3,0.5202226168,0.3841512052,0.2400082018,259457.1022,1313.061469,0,0,469.342483,2,1,91.3384758,35,1,435.8470989,5,1,2,13,0.3564427018,2.316877562,1165.460703,1351594,24,0.01938314361,207.709981,Official 311 files provide ward/FSA but no coordinates; CT count is an area-weighted ward-to-CT allocation using the existing municipal ward-to-CT crosswalk.,0.2400082018,0.3841512052,0.096,"Census Profile characteristic 1491: percent of tenant households in subsidized housing, converted to a 0-1 share. Denominator is tenant households, not all households."
5350010.02,5350010.02,2021S05075350010.02,10.02,2021,7468,6820,5690,0.54,0.3567603748,0.452476573,0.093038822,37.2,1.7,0.6576819407,0.1134163209,0.079,0.4612676056,0.5387323944,0.7931754875,0.5192857143,0.6408450704,0.8815943728,0.0058616647,0.0187573271,13875.9,0.3137525916,0.0552868003,0.1264685556,0.8343108504,0.3773324119,0.9731034483,0.2662068966,0.2424242424,0.0562248996,0.3917637754,0.3785676191,2229.135882,5888.342715,0.5138489191,0.4291832249,2923.800349,6812.475837,0.7113079853,0.6812809706,4047.342436,5940.783041,0.5389735599,0.2523155146,0.2523155146,3.07628194,3,0.6749322658,0.2017898141,2.757976358,3,0.637415311,0.358851275,2.126092374,3,0.5296535502,0.3973972145,0.1559007183,564459.2121,727.5811005,2,1,718.570053,3,1,141.8796808,42,1,377.8639662,7,1,5,77,0.6695232994,10.31065881,2535.159055,1351594,24,0.04216761289,339.4696109,Official 311 files provide ward/FSA but no coordinates; CT count is an area-weighted ward-to-CT allocation using the existing municipal ward-to-CT crosswalk.,0.1559007183,0.3973972145,0.089,"Census Profile characteristic 1491: percent of tenant households in subsidized housing, converted to a 0-1 share. Denominator is tenant households, not all households."
5350011.01,5350011.01,2021S05075350011.01,11.01,2021,9592,9070,7455,0.46,0.5677789364,0.3368091762,0.0375391032,32,1.5,0.7591656131,0.1213872832,0.067,0.5794831637,0.4212999217,0.6406166932,0.230227519,0.9107282694,0.9796238245,0,0.0086206897,20802.4,0.2936842105,0.0826315789,0.1694736842,0.8219404631,0.4036842105,0.9927007299,0.2612095933,0.2257383966,0.0224191867,0.3095013667,0.3405316275,2307.332689,6775.678094,0.4133473914,0.4698054017,3081.504803,6559.108923,0.7911824733,0.6343484627,5898.265339,9298.14713,0.5046770771,0.2542511257,0.2542511257,3.257871084,4,0.6930510833,0.1075768341,2.942147134,3,0.6601121717,0.2775310298,2.136355681,3,0.5319131506,0.5533026391,0.1568093938,483713.9619,647.8625474,2,1,707.4866933,3,1,143.5024412,54,1,390.440572,9,1,8,93,0.834028357,9.69557965,2172.507427,1351594,24,0.03613558368,226.4915999,Official 311 files provide ward/FSA but no coordinates; CT count is an area-weighted ward-to-CT allocation using the existing municipal ward-to-CT crosswalk.,0.1568093938,0.5533026391,0.03,"Census Profile characteristic 1491: percent of tenant households in subsidized housing, converted to a 0-1 share. Denominator is tenant households, not all households."
5350011.02,5350011.02,2021S05075350011.02,11.02,2021,9746,9375,6795,0.29,0.7003591585,0.2324268856,0.0266803489,29.8,1.5,0.8163134232,0.1445473251,0.083,0.6285500747,0.3714499253,0.5823108384,0.1771103055,0.9895366218,0.997716895,0.000761035,0,33875.6,0.3986795328,0.1330624683,0.2828847131,0.7248,0.5576434738,0.9856115108,0.3905447071,0.1970649895,0.0169317599,0.269061786,0.319474486,1828.274836,5722.756952,0.505647157,0.40794199,3435.872431,8422.453476,0.6910960824,0.6524324864,4695.99788,7197.676353,0.4886016751,0.2427811987,0.2427811987,3.329926063,3,0.6996930319,0.05047346246,3.032417791,3,0.6702301368,0.2933898491,2.126601088,3,0.5297660639,0.5975035189,0.1694523148,301574.3603,860.9351235,1,1,345.6561286,2,1,57.73720255,45,1,180.8527105,4,1,9,43,0.9234557767,4.412066489,1354.462739,1351594,24,0.0225289456,138.9762711,Official 311 files provide ward/FSA but no coordinates; CT count is an area-weighted ward-to-CT allocation using the existing municipal ward-to-CT crosswalk.,0.1694523148,0.5975035189,0.005,"Census Profile characteristic 1491: percent of tenant households in subsidized housing, converted to a 0-1 share. Denominator is tenant households, not all households."
5350011.03,5350011.03,2021S05075350011.03,11.03,2021,6391,6065,3990,0.23,0.6259780908,0.2856025039,0.034428795,30.8,1.5,0.7827411168,0.1602209945,0.085,0.6533166458,0.3454317897,0.5162601626,0.1931438127,0.9949937422,0.9987864078,0,0,27606.9,0.4093097913,0.1476725522,0.3154093098,0.657873042,0.5858747994,0.9843505477,0.3834115806,0.2007042254,0.0211267606,0.3260868072,0.2899569191,1301.086361,4487.171284,0.47060412,0.3841954965,1877.710439,4887.38274,0.7119642609,0.6518669742,2840.737401,4357.848324,0.5028850627,0.2125422102,0.2125422102,3.477769136,4,0.7124593494,0.06578195825,3.042931354,3,0.6713695172,0.2721938306,2.158954974,3,0.5368129433,0.5066829957,0.1671095214,243020.5921,1073.214169,2,1,684.7960981,2,1,165.2108418,47,1,491.2080138,4,1,4,94,0.625880144,14.70818338,1091.479847,1351594,24,0.01815471877,170.783891,Official 311 files provide ward/FSA but no coordinates; CT count is an area-weighted ward-to-CT allocation using the existing municipal ward-to-CT crosswalk.,0.1671095214,0.5066829957,0.008,"Census Profile characteristic 1491: percent of tenant households in subsidized housing, converted to a 0-1 share. Denominator is tenant households, not all households."
5350012.01,5350012.01,2021S05075350012.01,12.01,2021,13554,12270,8265,0.43,0.5702692733,0.28919218,0.0405754334,31.2,1.7,0.7008177008,0.1603843311,0.111,0.613679544,0.386320456,0.6020942408,0.2861538462,0.9499683344,0.9917669411,0,0,31484.3,0.4632162662,0.1715341959,0.3149722736,0.673594132,0.6329020333,0.9771386431,0.4229351032,0.2594840668,0.0564367392,0.2916461563,0.2688430159,2410.455482,8966.03348,0.5196130905,0.3582004695,4294.602193,11989.38181,0.6565989014,0.591829848,5426.78992,9169.510356,0.4892860494,0.27180084,0.27180084,3.343118172,4,0.700878058,0.1693231182,2.919735622,3,0.6575032367,0.2909454384,2.179397587,3,0.541157609,0.468113342,0.2175515617,451599.2853,327.294117,1,1,163.5688673,1,1,0,49,1,577.4065749,5,1,3,53,0.2213368747,3.910284787,2028.270587,1351594,24,0.03373647455,149.6436909,Official 311 files provide ward/FSA but no coordinates; CT count is an area-weighted ward-to-CT allocation using the existing municipal ward-to-CT crosswalk.,0.2175515617,0.468113342,0.044,"Census Profile characteristic 1491: percent of tenant households in subsidized housing, converted to a 0-1 share. Denominator is tenant households, not all households."
5350012.03,5350012.03,2021S05075350012.03,12.03,2021,8957,8320,5605,0.47,0.558347292,0.3232830821,0.0429927415,32,1.7,0.7930555556,0.143575419,0.086,0.5759615385,0.4240384615,0.643943662,0.2790966995,0.9990384615,1,0,0,19204.5,0.461154273,0.1725860155,0.3140954495,0.6736778846,0.6392896781,0.9787828029,0.414852038,0.2069767442,0.0323841429,0.3329844301,0.2893411006,1866.377731,6450.441112,0.2634180134,0.4337774622,1476.457965,3403.722171,0.6926629252,0.5693755584,3882.375696,6818.655346,0.4296884562,0.2385036035,0.2385036035,3.346646758,3,0.7011934416,0.08443250439,3.028158984,3,0.669766348,0.2741672803,2.152774466,3,0.5354831564,0.4133474451,0.1420346352,489241.7273,1117.539398,1,1,670.5983931,3,1,15.05878443,46,1,909.3099942,3,1,8,17,0.8931561907,1.897956905,2197.334313,1351594,24,0.03654853234,245.320343,Official 311 files provide ward/FSA but no coordinates; CT count is an area-weighted ward-to-CT allocation using the existing municipal ward-to-CT crosswalk.,0.1420346352,0.4133474451,0,"Census Profile characteristic 1491: percent of tenant households in subsidized housing, converted to a 0-1 share. Denominator is tenant households, not all households."
5350012.04,5350012.04,2021S05075350012.04,12.04,2021,5688,5380,3725,0.24,0.4516695958,0.3831282953,0.1028119508,34.8,1.6,0.7352601156,0.1111111111,0.108,0.6054913295,0.3945086705,0.6639712489,0.3559011894,0.8699421965,1,0,0,23631.1,0.4459338695,0.1501340483,0.2895442359,0.6923791822,0.54512958,0.9859278804,0.3790677221,0.2425373134,0.0263620387,0.2757423186,0.2804183403,1027.140137,3662.885015,0.4742474025,0.4485336618,1766.571574,3938.548486,0.7687208899,0.7372662774,2863.485315,3883.922814,0.5062368703,0.2374130267,0.2374130267,3.276047101,3,0.6947540834,0.05220788086,3.066475337,3,0.6738926976,0.3073567788,2.119500874,3,0.5281908056,0.5839831305,0.2547277348,252294.5824,1255.385079,0,0,789.4182649,2,1,12.47088208,37,1,1300.319558,0,0,6,2,1.054852321,0.3516174402,1133.132176,1351594,24,0.01884752708,199.2145175,Official 311 files provide ward/FSA but no coordinates; CT count is an area-weighted ward-to-CT allocation using the existing municipal ward-to-CT crosswalk.,0.2547277348,0.5839831305,0.029,"Census Profile characteristic 1491: percent of tenant households in subsidized housing, converted to a 0-1 share. Denominator is tenant households, not all households."
5350013.01,5350013.01,2021S05075350013.01,13.01,2021,6820,6350,4990,0.34,0.4545454545,0.3504398827,0.1173020528,34.4,1.6,0.7586891758,0.15,0.096,0.6581096849,0.3418903151,0.7351190476,0.4084291188,0.8004667445,0.9988207547,0,0,19877.6,0.4199706314,0.1196769457,0.1960352423,0.7858267717,0.5286343612,0.9875091844,0.3423952976,0.2142857143,0.0337243402,0.4054426488,0.3547659701,2023.158817,5702.79843,0.6241663904,0.4249321341,3114.590288,7329.618163,0.7754091558,0.7840195712,3869.291688,4935.197831,0.6016727316,0.2014720424,0.2014720424,3.315339451,3,0.6983717611,0.009829222081,3.06857873,3,0.6741162317,0.4090323844,2.066587532,3,0.5161105036,0.5761226534,0.2076112525,359878.5457,825.6687942,2,1,273.4284443,4,1,235.8093068,38,1,782.4425243,2,1,2,32,0.293255132,4.692082111,1861.282025,1351594,24,0.03309012845,272.915253,Official 311 files provide ward/FSA but no coordinates; CT count is an area-weighted ward-to-CT allocation using the existing municipal ward-to-CT crosswalk.,0.2076112525,0.5761226534,0.202,"Census Profile characteristic 1491: percent of tenant households in subsidized housing, converted to a 0-1 share. Denominator is tenant households, not all households."
5350013.02,5350013.02,2021S05075350013.02,13.02,2021,10439,9655,6845,0.42,0.4393866794,0.3502635362,0.1255390513,34.4,1.7,0.8010540184,0.1305182342,0.1,0.5530179445,0.4469820555,0.6957364341,0.3422222222,1,0.9991902834,0.0008097166,0,24707.7,0.4875120077,0.15129683,0.2776176753,0.7089590886,0.5850144092,0.981792046,0.4139913752,0.1818181818,0.0436032583,0.5215542185,0.3248892991,3570.038625,10988.47711,0.4734314416,0.4489824805,3240.638218,7217.738682,0.8531652834,0.6650591896,5839.916365,8781.047546,0.6160503145,0.08089459541,0.08089459541,3.545205746,3,0.7179289238,0.004080630371,3.140661949,3,0.6815957857,0.2720001372,2.160454269,3,0.5371343822,0.4211445683,0.1750651315,443398.022,1029.712961,1,1,176.877618,4,1,206.9418338,30,1,1139.617442,2,1,12,6,1.149535396,0.5747676981,1991.436203,1351594,24,0.03312380372,190.7688671,Official 311 files provide ward/FSA but no coordinates; CT count is an area-weighted ward-to-CT allocation using the existing municipal ward-to-CT crosswalk.,0.1750651315,0.4211445683,0,"Census Profile characteristic 1491: percent of tenant households in subsidized housing, converted to a 0-1 share. Denominator is tenant households, not all households."
5350014.00,5350014.00,2021S05075350014.00,14,2021,2382,2230,1470,0.47,0.5042016807,0.3340336134,0.0924369748,32.4,1.6,0.8255451713,0.2018561485,0.108,0.5917602996,0.4119850187,0.6357308585,0.2517647059,1,0.9961977186,0,0,5039.1,0.4620689655,0.1034482759,0.2643678161,0.6591928251,0.6252873563,0.9894957983,0.3991596639,0.1836734694,0.0378151261,0.2767930651,0.2600465833,406.8858057,1564.665071,0.4376621525,0.368767693,643.3633642,1744.630499,0.5900600038,0.5905388719,867.3882056,1468.807977,0.4348384071,0.305359287,0.305359287,3.12169854,5,0.679661573,0.04699212589,3.100783603,3,0.6775008746,0.2516062294,2.155037332,3,0.5359709156,0.5388577804,0.2390006763,495740.4504,561.8845188,2,1,772.373045,3,1,323.5427452,38,1,797.9392096,4,1,12,15,5.037783375,6.297229219,2718.135469,1351594,24,0.04948825175,1141.114806,Official 311 files provide ward/FSA but no coordinates; CT count is an area-weighted ward-to-CT allocation using the existing municipal ward-to-CT crosswalk.,0.2390006763,0.5388577804,0,"Census Profile characteristic 1491: percent of tenant households in subsidized housing, converted to a 0-1 share. Denominator is tenant households, not all households."
5350015.00,5350015.00,2021S05075350015.00,15,2021,4922,4610,3710,0.29,0.3969543147,0.3888324873,0.1431472081,36.8,1.6,0.756795422,0.1320949432,0.122,0.4991708126,0.4991708126,0.7512794268,0.4106583072,0.9087893864,0.9983579639,0,0,17209.8,0.3684210526,0.0748987854,0.1680161943,0.8047722343,0.4706477733,0.9856704197,0.2927328557,0.2044444444,0.0365482234,0.3796648452,0.3614646772,1408.556576,3896.802826,0.4502955439,0.3972479854,1670.596468,4205.424645,0.7939772822,0.6139960351,2945.655717,4797.515861,0.5413125571,0.1992722302,0.1992722302,3.242207158,4,0.6915681351,2.407215374e-05,2.982049818,3,0.6646601964,0.4112452373,2.060925757,3,0.5147811625,0.462737302,0.175001331,299918.5287,585.8574586,2,1,549.0113149,5,1,0,40,1,228.2075704,10,1,5,50,1.015847217,10.15847217,2387.157297,1351594,24,0.04875530609,484.9974191,Official 311 files provide ward/FSA but no coordinates; CT count is an area-weighted ward-to-CT allocation using the existing municipal ward-to-CT crosswalk.,0.175001331,0.462737302,0.086,"Census Profile characteristic 1491: percent of tenant households in subsidized housing, converted to a 0-1 share. Denominator is tenant households, not all households."
5350016.00,5350016.00,2021S05075350016.00,16,2021,11144,10325,8590,0.63,0.4181247196,0.4194706146,0.0816509646,35.2,1.6,0.7241784038,0.1184877824,0.108,0.4784514244,0.5208181154,0.7161470451,0.4146457442,0.869247626,0.9590942294,0.0007304602,0.0029218408,17641.3,0.3360995851,0.0746887967,0.1410788382,0.8319612591,0.4430613186,0.9894155545,0.279797515,0.2011494253,0.0430686406,0.4259247019,0.3897747056,3658.693189,9386.687071,0.529596263,0.4474134467,4549.231899,10167.84795,0.739783292,0.6622816777,6354.738478,9595.220119,0.565101419,0.3003664836,0.3003664836,3.106984145,4,0.6781444792,0.02849497528,2.953832356,3,0.661456752,0.4242929842,2.093230202,3,0.5222694576,0.5161664032,0.1977788824,664553.016,525.9445303,2,1,449.9731269,7,1,149.0880979,52,1,227.4825497,10,1,5,131,0.4486719311,11.75520459,5285.789424,1351594,24,0.1079315009,474.3170696,Official 311 files provide ward/FSA but no coordinates; CT count is an area-weighted ward-to-CT allocation using the existing municipal ward-to-CT crosswalk.,0.1977788824,0.5161664032,0.104,"Census Profile characteristic 1491: percent of tenant households in subsidized housing, converted to a 0-1 share. Denominator is tenant households, not all households."
5350017.01,5350017.01,2021S05075350017.01,17.01,2021,4787,4350,3595,0.8,0.4451410658,0.3981191223,0.0637408568,34.4,1.6,0.7,0.1327063741,0.089,0.4664371773,0.5335628227,0.67752443,0.2930077691,0.934595525,0.9983050847,0,0,5964.4,0.3444564047,0.0850376749,0.1474703983,0.8264367816,0.4051724138,0.993736952,0.2755741127,0.2375478927,0.0564263323,0.3591189741,0.3953357773,1291.032712,3265.661207,0.6001687306,0.454085622,2157.606586,4751.541299,0.8403080757,0.5869666015,3020.907532,5146.642968,0.5998652601,0.2984038396,0.2984038396,2.979867701,3,0.6644146317,0.08223344424,2.877722805,3,0.6525030144,0.3939627316,2.122988317,3,0.5289658487,0.4573054702,0.2097770909,589240.8711,1078.664581,2,1,748.0582317,4,1,235.5458494,59,1,855.7505745,3,1,11,56,2.297890119,11.6983497,5067.374692,1351594,24,0.0943019953,1058.570021,Official 311 files provide ward/FSA but no coordinates; CT count is an area-weighted ward-to-CT allocation using the existing municipal ward-to-CT crosswalk.,0.2097770909,0.4573054702,0.136,"Census Profile characteristic 1491: percent of tenant households in subsidized housing, converted to a 0-1 share. Denominator is tenant households, not all households."
5350017.02,5350017.02,2021S05075350017.02,17.02,2021,8710,7825,6455,0.57,0.3605051665,0.3765786452,0.1515499426,36.8,1.7,0.5793044953,0.1912442396,0.141,0.7174541948,0.2825458052,0.7166476625,0.4586024662,0.5612343298,0.9182879377,0,0.0009727626,15331.8,0.3858356941,0.0776203966,0.1728045326,0.8249201278,0.5201133144,0.9861830743,0.3091537133,0.252173913,0.0700344432,0.3724293182,0.3762421462,2404.031249,6389.585199,0.4404751309,0.4528029746,2843.26697,6279.258595,0.6851409491,0.6029433963,4422.584826,7334.991732,0.4993484661,0.2598650665,0.2598650665,3.18191121,3,0.6857234743,0.07288975622,2.959491886,3,0.6621041589,0.373369133,2.191244918,3,0.5436384169,0.4982735808,0.1744861034,595946.7301,390.7536809,1,1,295.1322301,6,1,78.98594499,37,1,802.2192346,6,1,5,86,0.5740528129,9.873708381,3090.244814,1351594,24,0.05499942606,354.7927455,Official 311 files provide ward/FSA but no coordinates; CT count is an area-weighted ward-to-CT allocation using the existing municipal ward-to-CT crosswalk.,0.1744861034,0.4982735808,0.335,"Census Profile characteristic 1491: percent of tenant households in subsidized housing, converted to a 0-1 share. Denominator is tenant households, not all households."
5350018.00,5350018.00,2021S05075350018.00,18,2021,3633,3190,2855,0.35,0.3774104683,0.4297520661,0.0674931129,35.2,1.8,0.6851851852,0.0883977901,0.103,0.5103092784,0.4922680412,0.7572674419,0.3779761905,0.6365979381,0.7763819095,0.0251256281,0.1005025126,10469.7,0.235042735,0.0413105413,0.0726495726,0.894984326,0.3219373219,0.9862068966,0.1944827586,0.1803278689,0.0702479339,0.4654400011,0.4956898834,1328.831203,2680.77128,0.558871814,0.5055366872,1595.579029,3156.208183,0.7634044994,0.7363131285,2179.519846,2960.044798,0.5959054382,0.2696531578,0.2696531578,3.081966539,3,0.6755318439,0.27096113,2.514830171,3,0.6023588346,0.500652809,1.888396187,3,0.4704501065,0.3652126295,0.2174150344,369075.6291,160.0831877,2,1,263.811155,1,1,34.12134932,68,1,342.0320039,2,1,5,19,1.376273053,5.2298376,1378.194281,1351594,24,0.01718146621,379.3543302,Official 311 files provide ward/FSA but no coordinates; CT count is an area-weighted ward-to-CT allocation using the existing municipal ward-to-CT crosswalk.,0.2174150344,0.3652126295,0.086,"Census Profile characteristic 1491: percent of tenant households in subsidized housing, converted to a 0-1 share. Denominator is tenant households, not all households."
5350019.00,5350019.00,2021S05075350019.00,19,2021,3269,2735,2435,0.25,0.2201834862,0.4434250765,0.1712538226,42,2.2,0.4892601432,0.1734197731,0.119,0.4558303887,0.5406360424,0.8864353312,0.6782752902,0.0954063604,0.6131386861,0.0401459854,0.299270073,13133.8,0.3082942097,0.0234741784,0.0860719875,0.8903107861,0.428125,0.9465153971,0.2674230146,0.2837837838,0.1131498471,0.4740116584,0.4648006095,1154.218388,2483.254894,0.522881129,0.486304133,1273.215549,2618.146676,0.7606061447,0.7301112613,1852.075962,2536.703733,0.5858329774,0.3021135773,0.3021135773,2.868786708,3,0.6514205823,0.3640940017,2.355176759,3,0.5754034189,0.5191992751,1.914805831,3,0.4777538359,0.2661558138,0.2235617733,261178.5831,587.1056161,2,1,671.9480356,4,1,217.7231955,30,1,390.257401,2,1,1,5,0.3059039462,1.529519731,975.2774284,1351594,24,0.01215829244,298.3412139,Official 311 files provide ward/FSA but no coordinates; CT count is an area-weighted ward-to-CT allocation using the existing municipal ward-to-CT crosswalk.,0.2235617733,0.2661558138,0.469,"Census Profile characteristic 1491: percent of tenant households in subsidized housing, converted to a 0-1 share. Denominator is tenant households, not all households."
5350020.00,5350020.00,2021S05075350020.00,20,2021,2298,1850,1830,0.73,0.1328976035,0.4226579521,0.2265795207,49.6,2.3,0.7372881356,0.0522875817,0.129,0.144278607,0.855721393,0.8731501057,0.6688311688,0.4825870647,0.4949494949,0.2272727273,0.1616161616,3153.6,0.237394958,0.0147058824,0.031512605,0.9891891892,0.2368972746,0.9956521739,0.1608695652,0.0813953488,0.1590413943,0.5093376701,0.4729145068,932.0879364,1970.943845,0.5666245553,0.4912303996,1036.922936,2110.868825,0.7883829502,0.706583897,1442.740799,2041.853494,0.6214483919,0.05458971583,0.05458971583,3.443557963,2,0.7096026811,0.238668085,2.855856051,3,0.6498422952,0.4752180119,1.819332332,3,0.4503478103,0.08226568872,0.1089663488,774521.8003,1102.154769,1,1,635.107231,2,1,8.831153451,23,1,1902.847135,0,0,3,44,1.305483029,19.14708442,3038.362242,1351594,24,0.04036209851,1322.176781,Official 311 files provide ward/FSA but no coordinates; CT count is an area-weighted ward-to-CT allocation using the existing municipal ward-to-CT crosswalk.,0.1089663488,0.08226568872,0,"Census Profile characteristic 1491: percent of tenant households in subsidized housing, converted to a 0-1 share. Denominator is tenant households, not all households."
5350021.00,5350021.00,2021S05075350021.00,21,2021,5192,4330,3955,0.91,0.1780558229,0.4427333975,0.198267565,45.6,2,0.5647058824,0.1088631985,0.115,0.5645472062,0.4354527938,0.8692232055,0.6400817996,0.119460501,0.7126436782,0.1494252874,0.0996168582,5693.6,0.2389813908,0.027424094,0.0773751224,0.9133949192,0.168627451,0.9980750722,0.1164581328,0.2322834646,0.1222329163,0.4934184867,0.4566396068,1951.470115,4273.545452,0.5201376757,0.4769170271,2057.144507,4313.422231,0.7290250055,0.7018489792,2883.293897,4108.140045,0.5808603893,0.04374425783,0.04374425783,3.654339669,6,0.7263527503,0.3340859339,2.602298055,3,0.6157242641,0.4541804846,1.889499789,3,0.4707594011,0.3151444684,0.1691252225,956609.2247,406.1174288,1,1,684.0528439,1,1,125.7934305,10,1,2315.691258,0,0,3,6,0.5778120185,1.155624037,3872.047248,1351594,24,0.05388470662,745.7718121,Official 311 files provide ward/FSA but no coordinates; CT count is an area-weighted ward-to-CT allocation using the existing municipal ward-to-CT crosswalk.,0.1691252225,0.3151444684,0.055,"Census Profile characteristic 1491: percent of tenant households in subsidized housing, converted to a 0-1 share. Denominator is tenant households, not all households."
5350022.00,5350022.00,2021S05075350022.00,22,2021,3847,2950,2765,0.55,0.1599479844,0.4525357607,0.1417425228,42.8,2.6,0.7095238095,0.0598958333,0.113,0.2440677966,0.7593220339,0.8888888889,0.6980874317,0.0372881356,0.3648648649,0.4054054054,0.1824324324,6936.5,0.1569390402,0.0181582361,0.0428015564,0.9372881356,0.1246753247,0.998696219,0.0886571056,0.0974025974,0.188556567,0.54406907,0.5034302341,1504.350978,2988.201496,0.6292003039,0.5422177856,1739.73884,3208.561,0.7750390865,0.68608888,2142.983074,3123.477347,0.6494361535,0.02875406492,0.02875406492,3.755900283,5,0.7337522499,0.3745421897,2.516779635,3,0.6026668421,0.4679420241,1.838133304,3,0.4559698157,0.1466707507,0.08962085865,581847.9932,1217.528158,0,0,775.7308868,3,1,221.5115743,26,1,1757.335269,0,0,1,0,0.2599428126,0,2375.187303,1351594,24,0.03305431759,617.4128679,Official 311 files provide ward/FSA but no coordinates; CT count is an area-weighted ward-to-CT allocation using the existing municipal ward-to-CT crosswalk.,0.08962085865,0.1466707507,0.056,"Census Profile characteristic 1491: percent of tenant households in subsidized housing, converted to a 0-1 share. Denominator is tenant households, not all households."
5350023.00,5350023.00,2021S05075350023.00,23,2021,3374,2695,2565,0.69,0.1659259259,0.4207407407,0.1925925926,44.4,2.4,0.7005649718,0.0668647845,0.116,0.2340425532,0.7659574468,0.9003021148,0.7284144427,0.1879432624,0.3936170213,0.5177304965,0.0744680851,4916.2,0.1853512706,0.0179372197,0.0418535127,0.9517625232,0.123880597,0.9985185185,0.1007407407,0.1838235294,0.1540740741,0.4891496413,0.4824413926,1254.66883,2600.6658,0.5132265046,0.4829693103,1316.425984,2725.692826,0.7141204319,0.7027587542,1831.718908,2606.469001,0.572165526,0.03074359632,0.03074359632,3.709843684,5,0.7304468637,0.3170003389,2.627681027,3,0.6194363053,0.454088856,1.84763222,2,0.4587667452,0.1470983466,0.08983183404,719427.5309,682.2522071,2,1,354.1614294,3,1,17.53477715,21,1,1583.634944,0,0,1,1,0.2963841138,0.2963841138,2937.010935,1351594,24,0.04087242806,870.4833833,Official 311 files provide ward/FSA but no coordinates; CT count is an area-weighted ward-to-CT allocation using the existing municipal ward-to-CT crosswalk.,0.08983183404,0.1470983466,0,"Census Profile characteristic 1491: percent of tenant households in subsidized housing, converted to a 0-1 share. Denominator is tenant households, not all households."
5350024.00,5350024.00,2021S05075350024.00,24,2021,6891,5400,4935,0.71,0.1798404641,0.4496011603,0.1443074692,40.8,2.3,0.6192893401,0.0835777126,0.098,0.3928571429,0.6071428571,0.8684992571,0.6156862745,0.0816326531,0.5323129252,0.2210884354,0.2278911565,9715.2,0.206744868,0.0263929619,0.0586510264,0.9138888889,0.1642228739,0.9963609898,0.1113537118,0.1903225806,0.1566352429,0.5037980112,0.4719221032,2486.243185,5268.333838,0.5349722354,0.4927173148,2640.087982,5358.22043,0.7633255896,0.7045514335,3767.011784,5346.68103,0.6006986121,0.041470425,0.041470425,3.558049209,2,0.7189471137,0.3129115569,2.696771413,3,0.6291862206,0.4826755634,1.834575234,3,0.4549146954,0.2716650279,0.1493250263,744153.1687,567.5496986,1,1,527.8703212,2,1,339.6673632,32,1,2010.700787,0,0,0,15,0,2.176752286,3037.951566,1351594,24,0.04227715169,440.8578677,Official 311 files provide ward/FSA but no coordinates; CT count is an area-weighted ward-to-CT allocation using the existing municipal ward-to-CT crosswalk.,0.1493250263,0.2716650279,0.074,"Census Profile characteristic 1491: percent of tenant households in subsidized housing, converted to a 0-1 share. Denominator is tenant households, not all households."
5350025.00,5350025.00,2021S05075350025.00,25,2021,3553,2835,2560,0.53,0.1887323944,0.4746478873,0.1197183099,41.2,2.2,0.5248868778,0.1123755334,0.113,0.4862385321,0.5137614679,0.8414285714,0.6837349398,0.122324159,0.5337423313,0.1349693252,0.1809815951,6724.1,0.2016925247,0.0197461213,0.0606488011,0.9029982363,0.2514124294,0.9928876245,0.1536273115,0.2617801047,0.1436619718,0.5409571576,0.4767186521,1384.850323,2904.963582,0.6289428588,0.5257556056,1610.093718,3062.437569,0.8604099853,0.7858072474,2202.649562,2803.040529,0.6767700005,0.1613036713,0.1613036713,3.547955962,4,0.7181475727,0.2991964836,2.692358134,3,0.6285783873,0.4609694783,1.922417461,3,0.4798216202,0.2470487095,0.1566237647,554296.5107,695.8609709,1,1,611.4424413,2,1,98.00255035,37,1,2271.273651,0,0,0,0,0,0,2262.875472,1351594,24,0.03149093311,636.8914921,Official 311 files provide ward/FSA but no coordinates; CT count is an area-weighted ward-to-CT allocation using the existing municipal ward-to-CT crosswalk.,0.1566237647,0.2470487095,0.277,"Census Profile characteristic 1491: percent of tenant households in subsidized housing, converted to a 0-1 share. Denominator is tenant households, not all households."
5350026.00,5350026.00,2021S05075350026.00,26,2021,6409,5120,4695,0.78,0.2028081123,0.4719188768,0.1115444618,39.2,2.3,0.4945054945,0.121875,0.113,0.3820840951,0.6197440585,0.8879173291,0.6585774059,0.0658135283,0.4616788321,0.204379562,0.2244525547,8246.3,0.25625,0.03046875,0.0734375,0.9169921875,0.35703125,0.9609679938,0.2427790788,0.2448979592,0.139625585,0.4621020999,0.4725405456,2169.569359,4591.287201,0.5486466247,0.5178503435,2575.895903,4974.209122,0.6927301249,0.6866608878,3252.367936,4736.498022,0.5678262832,0.3368519449,0.3368519449,2.900504232,2,0.6552323596,0.4294270101,2.210289457,3,0.5475705697,0.4884325109,1.996418318,3,0.4991029732,0.2183434817,0.1632647623,815117.7491,583.325622,2,1,164.5886512,2,1,68.82404117,31,1,1421.110408,0,0,2,12,0.312061164,1.872366984,3048.594433,1351594,24,0.03808738215,475.6739636,Official 311 files provide ward/FSA but no coordinates; CT count is an area-weighted ward-to-CT allocation using the existing municipal ward-to-CT crosswalk.,0.1632647623,0.2183434817,0.226,"Census Profile characteristic 1491: percent of tenant households in subsidized housing, converted to a 0-1 share. Denominator is tenant households, not all households."
5350027.00,5350027.00,2021S05075350027.00,27,2021,4405,3575,3340,0.49,0.2122587968,0.4335981839,0.1543700341,40.4,2.5,0.4943181818,0.110982659,0.153,0.3898305085,0.6073446328,0.9046511628,0.6886446886,0.0536723164,0.5681818182,0.1079545455,0.2556818182,9076.9,0.2837528604,0.0217391304,0.0560640732,0.9342657343,0.4057142857,0.9225512528,0.2642369021,0.2338308458,0.1282633371,0.474251618,0.4529494643,1584.000404,3497.07976,0.5739546248,0.512290392,1917.008447,3742.034746,0.7232972705,0.717857177,2415.812883,3365.311319,0.5905011711,0.3187980215,0.3187980215,2.774090989,3,0.6395215572,0.4003184988,2.286477162,3,0.5626459705,0.5064167353,1.952747635,3,0.487901057,0.2232563934,0.1440201388,508960.0223,349.409838,2,1,477.9545935,4,1,111.6989842,20,1,811.3078776,1,1,2,9,0.4540295119,2.043132804,1900.528044,1351594,24,0.02369292581,431.4479101,Official 311 files provide ward/FSA but no coordinates; CT count is an area-weighted ward-to-CT allocation using the existing municipal ward-to-CT crosswalk.,0.1440201388,0.2232563934,0.237,"Census Profile characteristic 1491: percent of tenant households in subsidized housing, converted to a 0-1 share. Denominator is tenant households, not all households."
5350028.01,5350028.01,2021S05075350028.01,28.01,2021,1290,1105,1050,0.21,0.2432432432,0.5135135135,0.0849420849,38.8,2,0.6871794872,0.0622568093,0.041,0.3703703704,0.6296296296,0.7709923664,0.536,0.4888888889,0.5923076923,0.0153846154,0.2538461538,6268.2,0.2631578947,0.0263157895,0.0789473684,0.9502262443,0.3632958801,0.976744186,0.1976744186,0.2179487179,0.0926640927,0.4501303402,0.4841144288,472.6368573,976.2916144,0.500849301,0.4882736102,525.8917661,1077.043189,0.7477568944,0.6358650076,785.1447391,1234.766389,0.5662455119,0.2686542694,0.2686542694,3.06025015,3,0.6732293274,0.3488714489,2.356904056,3,0.5757145916,0.5043100525,1.935314999,3,0.48328825,0.2985821594,0.1711061847,215731.4493,552.5570369,3,1,330.6074378,3,1,76.0675384,39,1,309.3949433,2,1,1,0,0.7751937984,0,805.5714622,1351594,24,0.01004265365,624.4740017,Official 311 files provide ward/FSA but no coordinates; CT count is an area-weighted ward-to-CT allocation using the existing municipal ward-to-CT crosswalk.,0.1711061847,0.2985821594,0,"Census Profile characteristic 1491: percent of tenant households in subsidized housing, converted to a 0-1 share. Denominator is tenant households, not all households."
5350028.02,5350028.02,2021S05075350028.02,28.02,2021,5868,4930,4340,0.46,0.2395566922,0.4757033248,0.1184995737,39.2,2.1,0.6150845254,0.0974137931,0.112,0.3696857671,0.6284658041,0.8536139067,0.5748331745,0.3992606285,0.6329113924,0.0867992767,0.1934900542,12665.7,0.2445848375,0.0225631769,0.0703971119,0.8803245436,0.3140794224,0.9427350427,0.2358974359,0.1888111888,0.1133844842,0.4409811856,0.4487245977,1913.858346,4265.106829,0.5478798695,0.4952498319,2377.798634,4801.210379,0.70555667,0.6938263386,3062.115948,4413.375189,0.5648059084,0.3112710449,0.3112710449,2.834730158,3,0.6472327367,0.3900218645,2.272307426,3,0.5599187026,0.5208302363,1.901153687,3,0.4740035975,0.2984131013,0.1710481231,485734.827,287.9550657,2,1,347.3124167,4,1,1.098389951,28,1,271.2452557,2,1,4,2,0.6816632584,0.3408316292,1813.80191,1351594,24,0.02261175479,309.1005301,Official 311 files provide ward/FSA but no coordinates; CT count is an area-weighted ward-to-CT allocation using the existing municipal ward-to-CT crosswalk.,0.1710481231,0.2984131013,0.21,"Census Profile characteristic 1491: percent of tenant households in subsidized housing, converted to a 0-1 share. Denominator is tenant households, not all households."
5350029.00,5350029.00,2021S05075350029.00,29,2021,6722,5685,4835,0.68,0.2483271375,0.4453531599,0.1449814126,40,2.3,0.5212121212,0.139412208,0.158,0.4785591767,0.5214408233,0.869266055,0.6616600791,0.1457975986,0.5127334465,0.0628183362,0.1137521222,9935,0.3459787557,0.0250379363,0.1069802731,0.8504837291,0.5041698256,0.9097744361,0.3383458647,0.3454545455,0.1115241636,0.4821616418,0.4565552272,2331.251538,5106.176426,0.5412330165,0.4699063872,2616.861635,5568.899904,0.7487595763,0.675849436,3620.252552,5356.596246,0.5907180782,0.3131141212,0.3131141212,2.877773194,3,0.652509099,0.4102964657,2.295244733,3,0.5643166126,0.5126872563,1.945828406,3,0.4860800692,0.2582596118,0.150926325,721605.4366,427.1730597,2,1,461.5572014,5,1,62.72036823,54,1,638.03336,2,1,6,7,0.8925914906,1.041356739,2696.164184,1351594,24,0.03363553064,401.0955347,Official 311 files provide ward/FSA but no coordinates; CT count is an area-weighted ward-to-CT allocation using the existing municipal ward-to-CT crosswalk.,0.150926325,0.2582596118,0.317,"Census Profile characteristic 1491: percent of tenant households in subsidized housing, converted to a 0-1 share. Denominator is tenant households, not all households."
5350030.00,5350030.00,2021S05075350030.00,30,2021,6926,5775,5025,0.38,0.3585858586,0.3737373737,0.0930735931,34,2.1,0.5064794816,0.1824127907,0.163,0.6255442671,0.3744557329,0.8488210818,0.3680805176,0.5602322206,0.8606431853,0.0030627871,0.0137825421,18192.8,0.4162087912,0.0700549451,0.1524725275,0.8701298701,0.6710164835,0.9608411893,0.3843364757,0.3057324841,0.1212121212,0.3448499045,0.4977047863,1732.87077,3481.724142,0.463301215,0.4197518947,2328.088605,5546.344483,0.6628806974,0.617095959,3330.975504,5397.824206,0.490343939,0.4144797495,0.4144797495,2.749050491,4,0.636238038,0.1383572932,2.721341452,3,0.6325341683,0.4370008596,2.148776684,3,0.5346189264,0.4395042937,0.2113661135,406390.396,750.1946734,4,1,142.926334,5,1,40.90519894,55,1,301.9375829,8,1,5,21,0.7219174126,3.032053133,3231.51839,1351594,24,0.06597883601,466.5778791,Official 311 files provide ward/FSA but no coordinates; CT count is an area-weighted ward-to-CT allocation using the existing municipal ward-to-CT crosswalk.,0.2113661135,0.4395042937,0.411,"Census Profile characteristic 1491: percent of tenant households in subsidized housing, converted to a 0-1 share. Denominator is tenant households, not all households."
5350031.00,5350031.00,2021S05075350031.00,31,2021,5871,4870,3740,0.26,0.2936170213,0.4178723404,0.1038297872,36.8,2.1,0.3935389134,0.2819420784,0.189,0.808988764,0.191011236,0.8436632747,0.5842155919,0.3108614232,0.9332161687,0,0,22729.4,0.5219378428,0.071297989,0.1718464351,0.7679671458,0.7568555759,0.936967632,0.4727427598,0.3962848297,0.1208510638,0.4193430735,0.4257867856,1568.343095,3683.400115,0.4782903206,0.4160954189,1788.805799,4299.027862,0.739488248,0.6265355451,2765.686047,4414.252422,0.5457072141,0.4797364581,0.4797364581,2.525515273,2,0.6040411988,0.1878858267,2.729680954,3,0.6336568204,0.4447892263,2.182344324,3,0.5417771665,0.6450116597,0.3798941088,276695.8651,569.2043594,3,1,76.59651566,4,1,9.338651215,50,1,608.1582739,8,1,1,5,0.1703287345,0.8516436723,2199.64131,1351594,24,0.04490664134,374.6621206,Official 311 files provide ward/FSA but no coordinates; CT count is an area-weighted ward-to-CT allocation using the existing municipal ward-to-CT crosswalk.,0.3798941088,0.6450116597,0.527,"Census Profile characteristic 1491: percent of tenant households in subsidized housing, converted to a 0-1 share. Denominator is tenant households, not all households."
5350032.00,5350032.00,2021S05075350032.00,32,2021,6042,5525,3995,0.42,0.363410596,0.3932119205,0.1473509934,38,1.6,0.4564315353,0.3086190918,0.204,0.8303571429,0.1696428571,0.7367475292,0.4666056725,0.2723214286,0.8870481928,0.015060241,0.0195783133,14396,0.3901785714,0.0741071429,0.2053571429,0.7230769231,0.5383928571,0.969858156,0.3209219858,0.3015873016,0.0604304636,0.3652570013,0.3190066678,1459.20172,4574.204453,0.4160168678,0.3873905907,1661.987387,4290.211035,0.6458218661,0.6068623391,2580.058355,4251.472185,0.4756985784,0.3459194645,0.3459194645,3.078734351,4,0.6751912032,0.09686915203,2.799940147,3,0.6428495084,0.4332578483,2.149161075,3,0.5347021628,0.7033014827,0.1451943778,440295.7543,299.0246416,2,1,623.6296468,5,1,95.81629413,41,1,28.10402441,13,1,8,50,1.324064879,8.275405495,3504.469122,1351594,24,0.07157528536,580.0180605,Official 311 files provide ward/FSA but no coordinates; CT count is an area-weighted ward-to-CT allocation using the existing municipal ward-to-CT crosswalk.,0.1451943778,0.7033014827,0.336,"Census Profile characteristic 1491: percent of tenant households in subsidized housing, converted to a 0-1 share. Denominator is tenant households, not all households."
5350033.00,5350033.00,2021S05075350033.00,33,2021,5515,4910,3355,0.32,0.3653671804,0.4043517679,0.1115140526,36.4,1.7,0.4165390505,0.3904761905,0.195,0.8314424635,0.1685575365,0.7669322709,0.5184804928,0.209076175,0.9086538462,0.0032051282,0.016025641,17255.9,0.4667988107,0.0882061447,0.2497522299,0.683299389,0.6303270565,0.9673202614,0.4117647059,0.3782771536,0.0716228468,0.3129591776,0.3398267407,1049.978041,3089.7452,0.3751901237,0.3507510982,1258.762865,3588.76386,0.6520595604,0.5917874928,2187.659825,3696.698312,0.4467362872,0.3525721989,0.3525721989,3.002615904,5,0.6669570694,0.09576376777,2.985692601,3,0.6650693378,0.4526596045,2.16687151,3,0.5385051697,0.6446500643,0.1599060614,335317.0504,614.048398,2,1,144.460303,6,1,77.36585195,52,1,151.5103409,12,1,5,34,0.9066183137,6.165004533,2668.90661,1351594,24,0.05450975471,483.935922,Official 311 files provide ward/FSA but no coordinates; CT count is an area-weighted ward-to-CT allocation using the existing municipal ward-to-CT crosswalk.,0.1599060614,0.6446500643,0.546,"Census Profile characteristic 1491: percent of tenant households in subsidized housing, converted to a 0-1 share. Denominator is tenant households, not all households."
5350034.01,5350034.01,2021S05075350034.01,34.01,2021,5337,5035,3215,0.12,0.5018761726,0.299249531,0.1360225141,32.4,1.6,0.7904290429,0.2373046875,0.128,0.6848874598,0.3167202572,0.7334004024,0.3958762887,0.6961414791,0.957278481,0.0015822785,0.003164557,42867.5,0.4265734266,0.0969030969,0.2967032967,0.638530288,0.641,0.9620253165,0.4537487829,0.2584745763,0.0290806754,0.3553837909,0.3174433735,1142.558888,3599.252601,0.5611016551,0.4305464083,1803.941821,4189.889373,0.7119784371,0.6333954631,2289.010675,3613.872863,0.5428212944,0.2981939082,0.2981939082,3.085784394,4,0.6759332888,0.1208405162,2.811386372,3,0.6443036041,0.4424262195,2.065038485,3,0.5157475238,0.5474688266,0.1454537975,130743.0982,873.2757641,3,1,888.4239328,3,1,73.55833301,39,1,112.7458805,11,1,2,0,0.3747423646,0,1040.630408,1351594,24,0.02125383783,194.9841499,Official 311 files provide ward/FSA but no coordinates; CT count is an area-weighted ward-to-CT allocation using the existing municipal ward-to-CT crosswalk.,0.1454537975,0.5474688266,0.138,"Census Profile characteristic 1491: percent of tenant households in subsidized housing, converted to a 0-1 share. Denominator is tenant households, not all households."
5350034.02,5350034.02,2021S05075350034.02,34.02,2021,7992,7470,5065,0.4,0.5319148936,0.3247809762,0.0725907384,31.8,1.6,0.6626838235,0.2484076433,0.147,0.6957403651,0.3032454361,0.6252427184,0.3232189974,0.7170385396,0.993877551,0.0020408163,0.0020408163,20070.3,0.4090322581,0.1006451613,0.2922580645,0.6780455154,0.611863314,0.9822672578,0.409119696,0.3092269327,0.0400500626,0.354072332,0.3517290114,1793.376362,5098.744498,0.506033929,0.4343488361,2563.06185,5900.929477,0.7036866041,0.6336289272,3564.17265,5625.015679,0.5212642884,0.3721866879,0.3721866879,2.849066572,4,0.6490078505,0.04908703978,2.816055114,3,0.6448933137,0.4283357511,2.104452089,3,0.5248169319,0.6400232847,0.2735069401,417589.6,619.6444556,3,1,612.0055921,3,1,87.33718356,35,1,428.1830791,11,1,7,90,0.8758758759,11.26126126,3323.742835,1351594,24,0.06788413126,415.8837381,Official 311 files provide ward/FSA but no coordinates; CT count is an area-weighted ward-to-CT allocation using the existing municipal ward-to-CT crosswalk.,0.2735069401,0.6400232847,0.171,"Census Profile characteristic 1491: percent of tenant households in subsidized housing, converted to a 0-1 share. Denominator is tenant households, not all households."
5350035.00,5350035.00,2021S05075350035.00,35,2021,10506,9600,5950,0.66,0.5599429115,0.2787821123,0.066603235,30.8,1.7,0.7958894401,0.251071939,0.139,0.6979591837,0.3020408163,0.6438953488,0.3042394015,0.8114285714,1,0,0,15853.3,0.4422158548,0.1232091691,0.3739255014,0.6197916667,0.7344794651,0.9743101808,0.5247383444,0.2137681159,0.0442435775,0.3697925541,0.3354093721,2200.265697,6559.941015,0.5620045566,0.4108014598,3343.927112,8140.00786,0.7681809371,0.6695063936,4570.676576,6826.934917,0.5666593492,0.3295296985,0.3295296985,3.019462736,3,0.6688152537,0.07039341878,3.003536623,3,0.6670591621,0.3825069762,2.086866716,3,0.5208127131,0.6017748609,0.1493146382,695422.9735,325.0033544,2,1,750.0087549,1,1,204.7587647,41,1,483.4047356,10,1,7,103,0.6662859318,9.803921569,3753.55949,1351594,24,0.06028626335,357.2776975,Official 311 files provide ward/FSA but no coordinates; CT count is an area-weighted ward-to-CT allocation using the existing municipal ward-to-CT crosswalk.,0.1493146382,0.6017748609,0.088,"Census Profile characteristic 1491: percent of tenant households in subsidized housing, converted to a 0-1 share. Denominator is tenant households, not all households."
5350036.00,5350036.00,2021S05075350036.00,36,2021,5685,5300,4260,0.38,0.4423922603,0.3394898857,0.1424802111,34.8,1.7,0.6617842876,0.2256637168,0.14,0.6773722628,0.3211678832,0.7664618086,0.4537286613,0.5737226277,0.9485294118,0.0014705882,0.0058823529,14827.9,0.4082167832,0.0681818182,0.1870629371,0.8037735849,0.5713035871,0.9243623571,0.4080914688,0.1956521739,0.0386983289,0.3773616387,0.3876984333,1607.560581,4146.420111,0.4561364661,0.3899288957,1943.141346,4983.32226,0.7888590217,0.7080785699,3360.539433,4745.997938,0.5407857089,0.4238969935,0.4238969935,2.515166911,3,0.6024120723,0.1614658025,2.863157568,3,0.6507352543,0.437169059,2.035743933,3,0.5087790837,0.6771924233,0.1425893997,402271.8735,734.7874612,3,1,159.6117713,2,1,13.17663142,33,1,85.63796863,6,1,4,24,0.7036059807,4.221635884,1806.726085,1351594,24,0.03005149757,317.8058197,Official 311 files provide ward/FSA but no coordinates; CT count is an area-weighted ward-to-CT allocation using the existing municipal ward-to-CT crosswalk.,0.1425893997,0.6771924233,0.192,"Census Profile characteristic 1491: percent of tenant households in subsidized housing, converted to a 0-1 share. Denominator is tenant households, not all households."
5350037.00,5350037.00,2021S05075350037.00,37,2021,4802,4480,2975,0.45,0.4677083333,0.2895833333,0.1645833333,33.2,1.9,0.6193078324,0.2152317881,0.201,0.7237687366,0.2740899358,0.7001127396,0.4091954023,0.3361884368,0.9279661017,0.0063559322,0.0233050847,10647.5,0.3968609865,0.0706278027,0.2746636771,0.6640625,0.6734006734,0.9385290889,0.4632272228,0.2333333333,0.0458333333,0.3643475378,0.248976639,1083.933925,4353.556742,0.5311538742,0.4047221455,1580.182776,3904.364496,0.6861821459,0.6235232614,2041.391884,3273.962674,0.5272278527,0.3532908182,0.3532908182,2.826920176,4,0.6462581404,0.1733870495,2.80289425,3,0.6432259263,0.4399742536,2.091322738,3,0.5218337266,0.6485144276,0.135827059,473279.3974,384.9601452,3,1,665.2294231,2,1,177.5751846,34,1,293.9383263,8,1,7,21,1.457725948,4.373177843,2403.119425,1351594,24,0.0331846707,500.441363,Official 311 files provide ward/FSA but no coordinates; CT count is an area-weighted ward-to-CT allocation using the existing municipal ward-to-CT crosswalk.,0.135827059,0.6485144276,0.15,"Census Profile characteristic 1491: percent of tenant households in subsidized housing, converted to a 0-1 share. Denominator is tenant households, not all households."
5350038.00,5350038.00,2021S05075350038.00,38,2021,3605,3370,2555,0.37,0.3725761773,0.364265928,0.1842105263,38.8,2,0.4866828087,0.2592592593,0.188,0.6435045317,0.3534743202,0.802413273,0.5337423313,0.2265861027,0.8255813953,0.023255814,0.0581395349,9844.3,0.4087481146,0.036199095,0.1719457014,0.7581602374,0.5361445783,0.8361581921,0.4604519774,0.2774193548,0.0484764543,0.360561903,0.3429771134,921.2356622,2685.997479,0.4746170349,0.3929352929,1212.646524,3086.122693,0.6748580052,0.6140346362,1724.262203,2808.086225,0.5033456477,0.4003967841,0.4003967841,2.722092573,5,0.6326355651,0.3080238547,2.506059082,3,0.6009671092,0.4343735472,2.192326466,3,0.5438635552,0.4682845745,0.1455108839,384434.0951,373.5396734,2,1,378.9347899,2,1,124.4334766,25,1,325.627651,10,1,3,8,0.8321775312,2.219140083,1952.007109,1351594,24,0.02695509231,541.4721522,Official 311 files provide ward/FSA but no coordinates; CT count is an area-weighted ward-to-CT allocation using the existing municipal ward-to-CT crosswalk.,0.1455108839,0.4682845745,0.23,"Census Profile characteristic 1491: percent of tenant households in subsidized housing, converted to a 0-1 share. Denominator is tenant households, not all households."
5350039.00,5350039.00,2021S05075350039.00,39,2021,4505,3995,3225,0.32,0.3640399556,0.3418423973,0.166481687,36,2.2,0.4068716094,0.2254791432,0.201,0.682464455,0.317535545,0.8520130577,0.5280269058,0.4502369668,0.8875305623,0.0048899756,0.0097799511,14180,0.4794816415,0.0518358531,0.1943844492,0.8072590738,0.7257019438,0.8337053571,0.484375,0.2760416667,0.0788013319,0.3229231141,0.3776164375,1041.427043,2757.896478,0.674543673,0.5514725542,2175.403345,3944.717337,0.6776212742,0.6571417153,2185.328609,3325.505836,0.5583626871,0.4217432816,0.4217432816,2.601060485,4,0.6155414279,0.265444047,2.559265354,3,0.6092628697,0.4022680701,2.197180303,3,0.5448712157,0.6610660043,0.2013567766,333289.3319,428.6262958,2,1,370.4093035,2,1,24.10807006,28,1,299.5146151,11,1,7,7,1.553829079,1.553829079,1496.904406,1351594,24,0.0248981948,332.2762277,Official 311 files provide ward/FSA but no coordinates; CT count is an area-weighted ward-to-CT allocation using the existing municipal ward-to-CT crosswalk.,0.2013567766,0.6610660043,0.439,"Census Profile characteristic 1491: percent of tenant households in subsidized housing, converted to a 0-1 share. Denominator is tenant households, not all households."
5350040.00,5350040.00,2021S05075350040.00,40,2021,4274,3755,2995,0.37,0.3099415205,0.4105263158,0.1450292398,38.4,2.4,0.4685816876,0.1179245283,0.123,0.386167147,0.613832853,0.8493475682,0.6236297199,0.0461095101,0.5488505747,0.0747126437,0.1293103448,11592.1,0.4112808461,0.0493537015,0.1727379553,0.7976031957,0.4700352526,0.8440797186,0.4185228605,0.2598039216,0.0830409357,0.3657324821,0.3720076221,1095.368784,2944.479411,0.530860567,0.4267999693,1589.927398,3725.228474,0.6828580607,0.6404738535,2045.159892,3193.1981,0.5264837033,0.3241050433,0.3241050433,2.793483477,3,0.6420240148,0.3130251915,2.481454472,3,0.5970105391,0.3965605253,2.155766986,3,0.5361279736,0.3997376811,0.09866771933,387054.3653,446.6343657,2,1,449.3303249,2,1,329.9043893,29,1,244.7287364,9,1,1,0,0.2339728591,0,1738.379599,1351594,24,0.02891468205,406.7336451,Official 311 files provide ward/FSA but no coordinates; CT count is an area-weighted ward-to-CT allocation using the existing municipal ward-to-CT crosswalk.,0.09866771933,0.3997376811,0.052,"Census Profile characteristic 1491: percent of tenant households in subsidized housing, converted to a 0-1 share. Denominator is tenant households, not all households."
5350041.00,5350041.00,2021S05075350041.00,41,2021,3324,2945,2515,0.32,0.3172932331,0.4030075188,0.1578947368,38.8,2.2,0.5581395349,0.0914634146,0.146,0.4054054054,0.597972973,0.8420245399,0.5799373041,0.2027027027,0.6283783784,0.0439189189,0.125,10482.5,0.374617737,0.0336391437,0.123853211,0.8539898132,0.3333333333,0.8909090909,0.3818181818,0.2134146341,0.0812030075,0.4528676124,0.4284124994,1138.962045,2658.563993,0.5357606319,0.484748837,1347.437989,2779.662139,0.7519504545,0.7056138518,1891.155393,2680.156276,0.5801928996,0.2777620406,0.2777620406,3.00234682,3,0.6669272207,0.2478511592,2.694025606,3,0.6288082794,0.3962794507,2.135407964,3,0.5317054086,0.2842516287,0.118082819,332665.2286,466.1553166,3,1,522.281941,2,1,390.1862816,28,1,553.9942198,6,1,1,2,0.3008423586,0.6016847172,1689.000627,1351594,24,0.02332638049,508.1229324,Official 311 files provide ward/FSA but no coordinates; CT count is an area-weighted ward-to-CT allocation using the existing municipal ward-to-CT crosswalk.,0.118082819,0.2842516287,0,"Census Profile characteristic 1491: percent of tenant households in subsidized housing, converted to a 0-1 share. Denominator is tenant households, not all households."
5350042.00,5350042.00,2021S05075350042.00,42,2021,4423,3875,3340,0.49,0.3107344633,0.3898305085,0.1604519774,37.6,2.2,0.5681003584,0.1,0.121,0.5038167939,0.4936386768,0.8429752066,0.609963548,0.0229007634,0.7091836735,0.0612244898,0.112244898,9028.4,0.328271028,0.0338785047,0.101635514,0.8619354839,0.2371495327,0.9345579793,0.3398392652,0.2212389381,0.0892655367,0.4561272092,0.4169269469,1523.464879,3654.033135,0.5642937765,0.4976292297,1884.741214,3787.440731,0.7534294629,0.6919639514,2516.454406,3636.684253,0.5912834829,0.2427971228,0.2427971228,2.886959496,3,0.6536148147,0.3048393228,2.563884527,3,0.6099668338,0.4224958544,2.171992727,3,0.5395933018,0.5373430764,0.1198407882,513624.0842,332.3555529,1,1,804.6832299,2,1,0,21,1,865.9878447,2,1,1,6,0.2260908885,1.356545331,2714.042828,1351594,24,0.03750913221,613.6203544,Official 311 files provide ward/FSA but no coordinates; CT count is an area-weighted ward-to-CT allocation using the existing municipal ward-to-CT crosswalk.,0.1198407882,0.5373430764,0.056,"Census Profile characteristic 1491: percent of tenant households in subsidized housing, converted to a 0-1 share. Denominator is tenant households, not all households."
5350043.00,5350043.00,2021S05075350043.00,43,2021,3670,3235,2825,0.55,0.2983651226,0.4059945504,0.1716621253,39.2,2.1,0.5651260504,0.1001410437,0.12,0.4698795181,0.5331325301,0.8603351955,0.6185714286,0.1837349398,0.7289156627,0.0361445783,0.0722891566,6625.7,0.3231622746,0.0374479889,0.1026352288,0.8732612056,0.2686980609,0.9270687237,0.3099579243,0.2270531401,0.091280654,0.3951884272,0.3805240136,1116.407307,2933.86821,0.4485639463,0.4160092919,1267.193148,3046.069338,0.66063755,0.6219992811,1866.301079,3000.487517,0.5014633078,0.226267293,0.226267293,2.917767899,2,0.6572722593,0.2318442078,2.652743967,3,0.6230318446,0.4134615438,2.185494755,3,0.5424377031,0.2690585811,0.2473359445,581026.8446,919.8517713,2,1,286.1733841,2,1,89.1022477,29,1,562.5934888,4,1,2,5,0.5449591281,1.36239782,2609.574221,1351594,24,0.04340530529,711.055646,Official 311 files provide ward/FSA but no coordinates; CT count is an area-weighted ward-to-CT allocation using the existing municipal ward-to-CT crosswalk.,0.2473359445,0.2690585811,0.045,"Census Profile characteristic 1491: percent of tenant households in subsidized housing, converted to a 0-1 share. Denominator is tenant households, not all households."
5350044.01,5350044.01,2021S05075350044.01,44.01,2021,5016,4425,3830,0.4,0.3217131474,0.3894422311,0.1593625498,37.6,2.1,0.5879699248,0.1001011122,0.125,0.5429769392,0.4570230608,0.8205128205,0.5464135021,0.2788259958,0.8112033195,0.0331950207,0.0497925311,12628.4,0.3102746694,0.0396744659,0.1078331638,0.8655367232,0.2571138211,0.9162462159,0.3249243189,0.2316602317,0.0826693227,0.3986703619,0.4165276203,1526.907486,3665.801286,0.5020538201,0.4907204986,1922.866131,3918.454877,0.6980521255,0.6860746202,2673.539641,3896.864222,0.5329254358,0.2308677549,0.2308677549,2.802114457,3,0.6431266405,0.3383281336,2.443630861,3,0.590772888,0.4192339923,2.238503396,3,0.5532729584,0.3663097126,0.1387333777,417018.2399,734.5682767,2,1,536.8877346,7,1,334.0266769,29,1,1299.728632,0,0,1,0,0.1993620415,0,2373.888792,1351594,24,0.03286340445,473.2633157,Official 311 files provide ward/FSA but no coordinates; CT count is an area-weighted ward-to-CT allocation using the existing municipal ward-to-CT crosswalk.,0.1387333777,0.3663097126,0.054,"Census Profile characteristic 1491: percent of tenant households in subsidized housing, converted to a 0-1 share. Denominator is tenant households, not all households."
5350044.02,5350044.02,2021S05075350044.02,44.02,2021,4255,3960,3305,0.09,0.5558166863,0.3443008226,0.027027027,32,1.6,0.6494252874,0.1175088132,0.118,0.6345083488,0.3654916512,0.6738351254,0.2659313725,0.7884972171,0.9925925926,0,0.0018518519,45654.5,0.2582938389,0.0663507109,0.1563981043,0.8345959596,0.3902728351,0.9894242068,0.2608695652,0.3016528926,0.0364277321,0.4903561974,0.441272906,1620.627232,3672.618941,0.5836998977,0.4880979838,1929.128162,3952.337904,0.6628073725,0.6356997976,2190.578366,3445.932143,0.5789544892,0.3444021126,0.3444021126,2.633063218,3,0.6202142079,0.3652232488,2.367894953,3,0.5776839684,0.3949024558,2.278520438,3,0.5611187053,0.5517762065,0.2715043125,97843.54683,712.3226859,1,1,352.163212,7,1,16.26162086,40,1,1102.900217,1,1,1,2,0.2350176263,0.4700352526,556.8568333,1351594,24,0.007710232625,130.8711712,Official 311 files provide ward/FSA but no coordinates; CT count is an area-weighted ward-to-CT allocation using the existing municipal ward-to-CT crosswalk.,0.2715043125,0.5517762065,0.085,"Census Profile characteristic 1491: percent of tenant households in subsidized housing, converted to a 0-1 share. Denominator is tenant households, not all households."
5350045.00,5350045.00,2021S05075350045.00,45,2021,3247,2860,2495,0.3,0.3143297381,0.4160246533,0.1463790447,38.4,2.2,0.535046729,0.1084529506,0.147,0.6317567568,0.3682432432,0.8534621578,0.6260434057,0.0236486486,0.7491408935,0.0652920962,0.0996563574,11003,0.3392282958,0.0321543408,0.0884244373,0.8723776224,0.2825040128,0.9175738725,0.3576982893,0.2918918919,0.0816640986,0.4449061997,0.4011324572,1110.040968,2767.26789,0.4788372922,0.425061024,1194.699044,2810.653004,0.6778590804,0.6218553809,1691.258406,2719.697308,0.5338675241,0.274668709,0.274668709,2.797351125,2,0.6425189562,0.3993915044,2.35248264,3,0.5749171607,0.3916789751,2.348763031,3,0.5742439801,0.4882491783,0.20618284,309499.9525,938.6768812,3,1,498.7299163,3,1,455.1080369,27,1,1360.510741,0,0,3,1,0.9239297813,0.3079765938,1762.32745,1351594,24,0.02439207928,542.7556051,Official 311 files provide ward/FSA but no coordinates; CT count is an area-weighted ward-to-CT allocation using the existing municipal ward-to-CT crosswalk.,0.20618284,0.4882491783,0,"Census Profile characteristic 1491: percent of tenant households in subsidized housing, converted to a 0-1 share. Denominator is tenant households, not all households."
5350046.00,5350046.00,2021S05075350046.00,46,2021,3151,2680,2320,0.42,0.253968254,0.4285714286,0.1555555556,39.6,2.4,0.4154228856,0.1095238095,0.127,0.4344569288,0.5655430712,0.8907956318,0.6930533118,0.0486891386,0.5757575758,0.0643939394,0.1325757576,7454.5,0.3508500773,0.029366306,0.1344667697,0.8656716418,0.3353941267,0.9031746032,0.3650793651,0.3459459459,0.1095238095,0.422305821,0.3845605294,979.7495048,2547.712076,0.5285221017,0.444981579,1226.171276,2755.555137,0.6678634129,0.576946208,1549.443118,2685.593728,0.5395637785,0.308987691,0.308987691,2.629128694,2,0.6196458537,0.3718966188,2.41152418,3,0.585324498,0.3860608578,2.373533284,3,0.5786871805,0.3588519088,0.226341989,443668.4755,735.0944447,2,1,90.13029534,5,1,37.78136933,27,1,1421.742712,0,0,5,7,1.586797842,2.221516979,2526.260064,1351594,24,0.03496553721,801.7328035,Official 311 files provide ward/FSA but no coordinates; CT count is an area-weighted ward-to-CT allocation using the existing municipal ward-to-CT crosswalk.,0.226341989,0.3588519088,0.157,"Census Profile characteristic 1491: percent of tenant households in subsidized housing, converted to a 0-1 share. Denominator is tenant households, not all households."
5350047.02,5350047.02,2021S05075350047.02,47.02,2021,3511,3000,2595,0.29,0.245014245,0.405982906,0.1951566952,41.2,2,0.3844339623,0.24,0.168,0.7563739377,0.2436260623,0.8733624454,0.6528189911,0.0736543909,0.8929577465,0.0309859155,0.0563380282,12233.4,0.4625360231,0.0634005764,0.1253602305,0.865,0.5079136691,0.9301994302,0.3732193732,0.3578947368,0.1096866097,0.4547453456,0.3983852577,1180.064172,2962.118073,0.5664292054,0.4759849818,1469.883788,3088.088583,0.7828423152,0.6883692863,2031.475808,2951.142429,0.6013389554,0.3850433792,0.3850433792,2.742126119,3,0.6353194724,0.2006264428,2.885239209,3,0.6534082869,0.2772399572,2.559702391,3,0.6093295832,0.3357153226,0.1132960193,300957.5889,302.5841586,2,1,199.7854281,6,1,149.081678,34,1,1845.592148,0,0,1,4,0.2848191398,1.139276559,1286.012967,1351594,24,0.01876324286,366.2811071,Official 311 files provide ward/FSA but no coordinates; CT count is an area-weighted ward-to-CT allocation using the existing municipal ward-to-CT crosswalk.,0.1132960193,0.3357153226,0.322,"Census Profile characteristic 1491: percent of tenant households in subsidized housing, converted to a 0-1 share. Denominator is tenant households, not all households."
5350047.03,5350047.03,2021S05075350047.03,47.03,2021,1014,885,895,0.12,0.2857142857,0.5024630542,0.0886699507,38,1.9,0.6708860759,0.078817734,0.077,0.4159292035,0.5752212389,0.7887323944,0.4223300971,0.6991150442,0.8909090909,0.0545454545,0.0363636364,8771.6,0.1944444444,0.0185185185,0.0509259259,1.011299435,0.2453703704,0.9852216749,0.2216748768,0.1666666667,0.0837438424,0.5522577275,0.4970115735,494.2706661,994.4852243,0.6229565354,0.6003158074,557.5460992,928.7546526,0.791518225,0.7810202028,708.4088114,907.0300728,0.655577496,0.322139637,0.322139637,2.761235322,3,0.6378432537,0.233806105,2.702931126,4,0.6300312685,0.3320753154,2.320649682,3,0.5690861883,0.3353947355,0.1135931475,121316.897,639.4040627,2,1,729.9715276,4,1,0,20,1,1140.311399,1,1,0,0,0,0,519.2065527,1351594,24,0.007572765731,512.0380204,Official 311 files provide ward/FSA but no coordinates; CT count is an area-weighted ward-to-CT allocation using the existing municipal ward-to-CT crosswalk.,0.1135931475,0.3353947355,0,"Census Profile characteristic 1491: percent of tenant households in subsidized housing, converted to a 0-1 share. Denominator is tenant households, not all households."
5350047.04,5350047.04,2021S05075350047.04,47.04,2021,2773,2235,2010,0.27,0.227027027,0.4522522523,0.1189189189,39.2,2.4,0.6115942029,0.0786106033,0.086,0.3744493392,0.6255506608,0.8990825688,0.7140115163,0.0088105727,0.4711111111,0.1733333333,0.2577777778,10127.8,0.2296564195,0.0235081374,0.0650994575,0.8993288591,0.1938405797,0.9781021898,0.1989051095,0.208,0.1405405405,0.4465755268,0.3956269553,897.6168089,2268.846439,0.5652062852,0.5370467628,1136.064633,2115.392387,0.719101156,0.7577549999,1445.393324,1907.46788,0.5769609893,0.4060193214,0.4060193214,2.65474477,3,0.6233159543,0.2430833572,2.727533751,3,0.6333684231,0.2940927389,2.457074163,3,0.5930118776,0.3357596746,0.1133470849,287425.329,664.2109315,2,1,246.9432284,5,1,195.4432642,31,1,1725.488557,0,0,2,1,0.7212405337,0.3606202669,1224.338971,1351594,24,0.0178746054,441.5214466,Official 311 files provide ward/FSA but no coordinates; CT count is an area-weighted ward-to-CT allocation using the existing municipal ward-to-CT crosswalk.,0.1133470849,0.3357596746,0.036,"Census Profile characteristic 1491: percent of tenant households in subsidized housing, converted to a 0-1 share. Denominator is tenant households, not all households."
5350048.00,5350048.00,2021S05075350048.00,48,2021,3353,2725,2395,0.33,0.2194029851,0.4746268657,0.1074626866,40,2.3,0.5944055944,0.0978915663,0.129,0.5257731959,0.4742268041,0.8904320988,0.6864951768,0.0137457045,0.6406779661,0.1389830508,0.1661016949,10011.9,0.2423312883,0.0214723926,0.0690184049,0.8788990826,0.2070552147,0.9819548872,0.2105263158,0.2333333333,0.1417910448,0.5292125988,0.4432553049,1267.464174,2859.445019,0.6165595709,0.5875223634,1476.660172,2513.368451,0.8068451819,0.7741577533,1932.394211,2496.124598,0.6508724505,0.3684411442,0.3684411442,2.691362025,3,0.6284409192,0.2726444718,2.641588197,3,0.6214398591,0.2928361856,2.465490598,3,0.5944012113,0.3624225609,0.1847491969,351095.0678,442.5747483,2,1,642.5662171,5,1,353.4881147,27,1,1809.542413,0,0,0,0,0,0,1495.551473,1351594,24,0.0218341432,446.0338421,Official 311 files provide ward/FSA but no coordinates; CT count is an area-weighted ward-to-CT allocation using the existing municipal ward-to-CT crosswalk.,0.1847491969,0.3624225609,0,"Census Profile characteristic 1491: percent of tenant households in subsidized housing, converted to a 0-1 share. Denominator is tenant households, not all households."
5350049.00,5350049.00,2021S05075350049.00,49,2021,3351,2795,2445,0.47,0.2429210134,0.4172876304,0.1669150522,40.4,2.3,0.6559405941,0.0765550239,0.106,0.5129151292,0.4833948339,0.8876404494,0.6573770492,0,0.652014652,0.1648351648,0.1758241758,7203.4,0.1939586645,0.0158982512,0.0588235294,0.8747763864,0.1507936508,0.9804216867,0.1701807229,0.2098765432,0.129657228,0.6038398833,0.4561130124,1476.388515,3236.891899,0.6720403712,0.5708189193,1643.138707,2878.563853,0.92428501,0.8211993505,2259.876849,2751.922354,0.7333884215,0.2812779324,0.2812779324,2.927109342,3,0.6583660249,0.2194001869,2.815955507,3,0.6448807527,0.3035990496,2.504970034,3,0.6007936277,0.1991741721,0.1622094307,3371.325284,376.4762004,1,1,1162.676141,1,1,329.6710553,19,1,1954.408248,0,0,0,0,0,0,2080.685984,1351594,24,0.0303767517,620.9149461,Official 311 files provide ward/FSA but no coordinates; CT count is an area-weighted ward-to-CT allocation using the existing municipal ward-to-CT crosswalk.,0.1622094307,0.1991741721,0,"Census Profile characteristic 1491: percent of tenant households in subsidized housing, converted to a 0-1 share. Denominator is tenant households, not all households."
5350050.01,5350050.01,2021S05075350050.01,50.01,2021,8648,7290,6500,1.3,0.2156069364,0.410982659,0.2023121387,42.8,2,0.6736736737,0.076433121,0.097,0.2659574468,0.7340425532,0.8711803475,0.6151945645,0.6643026005,0.7296340024,0.2231404959,0.0094451004,6662,0.3370786517,0.0496747487,0.0916617386,0.8916323731,0.2471910112,0.989017341,0.3410404624,0.2450980392,0.1161849711,0.5670273984,0.4838233329,3685.678089,7617.81799,0.6215679966,0.5006671063,4040.191978,8069.617371,0.7298822763,0.6464582366,4744.234796,7338.810966,0.6394925571,0.07126607588,0.07126607588,3.409433405,4,0.7066961336,0.01303535557,3.291206145,3,0.6961600228,0.3119032787,2.448016872,3,0.5915060834,0.1953034069,0.1614005429,1546701.282,649.3955425,1,1,390.9655041,1,1,93.27532213,39,1,3035.299925,0,0,5,20,0.5781683626,2.312673451,6584.998389,1351594,24,0.09613464957,761.4475473,Official 311 files provide ward/FSA but no coordinates; CT count is an area-weighted ward-to-CT allocation using the existing municipal ward-to-CT crosswalk.,0.1614005429,0.1953034069,0,"Census Profile characteristic 1491: percent of tenant households in subsidized housing, converted to a 0-1 share. Denominator is tenant households, not all households."
5350050.03,5350050.03,2021S05075350050.03,50.03,2021,1085,930,795,1.71,0.2073732719,0.465437788,0.1566820276,41.6,1.9,0.6737588652,0.0921658986,0.077,0.2051282051,0.7948717949,0.8490566038,0.5242718447,0.7435897436,0.592920354,0.2212389381,0,634.1,0.3981481481,0.1018518519,0.1435185185,0.8548387097,0.3425925926,0.9907834101,0.2949308756,0.2741935484,0.1059907834,0.6683822362,0.5109583704,531.3638778,1039.935753,0.4407085026,0.4931352253,350.3632596,710.4811046,0.6727437774,0.6727956201,534.831303,794.9387408,0.5939448387,0.09843598969,0.09843598969,3.518928724,5,0.7158226044,0.05655367948,3.269957896,3,0.6941856648,0.3704214729,2.39971118,3,0.5832831849,0.169249847,0.1554942702,2021350.891,1103.829518,2,1,1116.234363,1,1,0,17,1,2241.82767,0,0,2,27,1.843317972,24.88479263,8610.301254,1351594,24,0.125705169,7935.761524,Official 311 files provide ward/FSA but no coordinates; CT count is an area-weighted ward-to-CT allocation using the existing municipal ward-to-CT crosswalk.,0.1554942702,0.169249847,0,"Census Profile characteristic 1491: percent of tenant households in subsidized housing, converted to a 0-1 share. Denominator is tenant households, not all households."
5350050.04,5350050.04,2021S05075350050.04,50.04,2021,4907,3855,3640,0.76,0.1875637105,0.4220183486,0.1630988787,41.6,2.3,0.6185383244,0.1100917431,0.149,0.5128205128,0.4848484848,0.9176587302,0.7055785124,0.0652680653,0.5524475524,0.3776223776,0.0629370629,6485.6,0.2890855457,0.0275319567,0.0717797443,0.944228275,0.3015717092,0.9847094801,0.2721712538,0.2556053812,0.1681957187,0.4017279101,0.5427856481,1462.289593,2694.046163,0.4756560751,0.489165427,1731.388113,3539.473597,0.6985467591,0.6814611829,2542.710203,3731.261981,0.5253102481,0.09819219168,0.09819219168,3.388182152,5,0.704856482,0.04026534948,3.276049132,3,0.6947542727,0.3520355656,2.451606242,3,0.5921041548,0.1696599943,0.1554775884,816824.3996,369.0904687,2,1,315.8480495,1,1,0,29,1,2439.826747,0,0,3,3,0.6113715101,0.6113715101,3479.407847,1351594,24,0.05079724139,709.0702764,Official 311 files provide ward/FSA but no coordinates; CT count is an area-weighted ward-to-CT allocation using the existing municipal ward-to-CT crosswalk.,0.1554775884,0.1696599943,0.217,"Census Profile characteristic 1491: percent of tenant households in subsidized housing, converted to a 0-1 share. Denominator is tenant households, not all households."
5350051.00,5350051.00,2021S05075350051.00,51,2021,4979,4075,3605,0.69,0.2379518072,0.4287148594,0.1425702811,39.2,2.3,0.7094594595,0.0785714286,0.114,0.5433255269,0.4566744731,0.8458376156,0.6335470085,0.0046838407,0.6962616822,0.2476635514,0.0443925234,7203.4,0.215526047,0.0326864147,0.0786516854,0.8846625767,0.1532175689,0.9949083503,0.1843177189,0.3073770492,0.140562249,0.5790323398,0.4669706211,2087.411585,4470.113302,0.6815595709,0.5590165096,2457.022253,4395.258835,0.9658424894,0.8147858034,3481.862174,4273.346639,0.7421448,0.2851006556,0.2851006556,2.974621962,3,0.6638228277,0.1927506089,2.863231046,3,0.6507442173,0.3233678533,2.427725332,3,0.5880917882,0.3607708895,0.2226580231,725015.2355,774.6785652,1,1,994.7831653,1,1,235.610945,18,1,1291.562878,0,0,1,17,0.2008435429,3.414340229,3088.330491,1351594,24,0.04508774952,620.2712375,Official 311 files provide ward/FSA but no coordinates; CT count is an area-weighted ward-to-CT allocation using the existing municipal ward-to-CT crosswalk.,0.2226580231,0.3607708895,0.022,"Census Profile characteristic 1491: percent of tenant households in subsidized housing, converted to a 0-1 share. Denominator is tenant households, not all households."
5350052.00,5350052.00,2021S05075350052.00,52,2021,4074,3325,3120,0.5,0.2395577396,0.4619164619,0.1117936118,39.2,2.2,0.6698473282,0.0914709518,0.085,0.4664879357,0.5361930295,0.8381430364,0.6222222222,0.1930294906,0.6461126005,0.1045576408,0.1930294906,8139.9,0.2342007435,0.0185873606,0.053283767,0.9383458647,0.2057001239,0.9814585909,0.1928306551,0.2091836735,0.1339066339,0.5768503038,0.474031242,1799.772948,3796.739093,0.6669082398,0.5815583226,2080.753708,3577.893441,0.8806252909,0.8150411562,2747.550908,3371.057874,0.7081279448,0.3065609246,0.3065609246,2.866007933,3,0.6510826127,0.2261875173,2.751438859,3,0.6365537992,0.2847505529,2.446379818,3,0.5912327298,0.3698135704,0.2000687254,524890.798,663.3374531,1,1,1244.579566,0,0,133.9330148,20,1,944.6057314,1,1,2,37,0.4909180167,9.081983309,2238.979048,1351594,24,0.03267835762,549.5775768,Official 311 files provide ward/FSA but no coordinates; CT count is an area-weighted ward-to-CT allocation using the existing municipal ward-to-CT crosswalk.,0.2000687254,0.3698135704,0.069,"Census Profile characteristic 1491: percent of tenant households in subsidized housing, converted to a 0-1 share. Denominator is tenant households, not all households."
5350053.00,5350053.00,2021S05075350053.00,53,2021,5823,5065,4315,0.68,0.2878006873,0.4347079038,0.1340206186,38,2.2,0.5141388175,0.1100601892,0.136,0.4680451128,0.5319548872,0.8677110531,0.6045045045,0.25,0.7731568998,0.0491493384,0.1190926276,8514.4,0.3727351165,0.0414150129,0.1320103538,0.8519249753,0.3151986183,0.9321305842,0.3573883162,0.2787878788,0.0884879725,0.4796544198,0.4148760166,2069.708822,4988.740585,0.4346119143,0.4334538893,1875.35041,4326.528049,0.7176159389,0.6862784023,3096.512776,4512.035882,0.5439607577,0.249640758,0.249640758,2.707814027,2,0.6306984194,0.4170432375,2.315273835,3,0.5680856472,0.3979033455,2.343363304,3,0.5732629259,0.3715949473,0.2014843109,717698.2316,909.7212975,1,1,1051.862463,2,1,91.42820717,20,1,471.9866455,1,1,1,23,0.1717327838,3.949854027,4086.655099,1351594,24,0.05656270034,701.8126566,Official 311 files provide ward/FSA but no coordinates; CT count is an area-weighted ward-to-CT allocation using the existing municipal ward-to-CT crosswalk.,0.2014843109,0.3715949473,0.072,"Census Profile characteristic 1491: percent of tenant households in subsidized housing, converted to a 0-1 share. Denominator is tenant households, not all households."
5350054.00,5350054.00,2021S05075350054.00,54,2021,5453,4755,4125,0.7,0.2923923006,0.409715857,0.1558203483,38.4,2.1,0.5405405405,0.1232622799,0.152,0.7049808429,0.2969348659,0.8657407407,0.6312796209,0.0421455939,0.8403041825,0.066539924,0.072243346,7763.4,0.3431734317,0.0507380074,0.1153136531,0.8675078864,0.323800738,0.9529520295,0.3376383764,0.2743055556,0.0962419798,0.5096153918,0.4217249259,2102.163491,4984.679259,0.5343396751,0.4465824825,2204.15116,4935.596997,0.7811211568,0.6881175903,3222.124772,4682.520571,0.6083587413,0.3060291013,0.3060291013,2.624685557,2,0.6190019801,0.4481302773,2.225954428,3,0.5507545044,0.398302961,2.322026459,3,0.5693416859,0.6184788328,0.2348069469,737261.2166,412.0392381,2,1,1025.534924,2,1,0,21,1,896.6762676,1,1,7,24,1.283697047,4.40124702,4198.048954,1351594,24,0.05810448379,769.8604353,Official 311 files provide ward/FSA but no coordinates; CT count is an area-weighted ward-to-CT allocation using the existing municipal ward-to-CT crosswalk.,0.2348069469,0.6184788328,0.016,"Census Profile characteristic 1491: percent of tenant households in subsidized housing, converted to a 0-1 share. Denominator is tenant households, not all households."
5350055.00,5350055.00,2021S05075350055.00,55,2021,2691,2395,2180,0.28,0.3643122677,0.3810408922,0.1356877323,36.4,2.1,0.6191780822,0.1003717472,0.093,0.6106870229,0.3893129771,0.828358209,0.5703422053,0.0916030534,0.8084291188,0.0689655172,0.0957854406,9735.9,0.2369402985,0.026119403,0.0932835821,0.9102296451,0.1936685289,0.9646840149,0.2434944238,0.3006993007,0.0817843866,0.496712679,0.4437929888,1082.83364,2439.952112,0.5805572107,0.4951586541,1265.614719,2555.978187,0.7361430099,0.7662818021,1604.791762,2094.257957,0.6044709665,0.4137951659,0.4137951659,2.440817118,3,0.5903011362,0.4516461471,2.19937533,3,0.5453254448,0.3763984484,2.318849833,3,0.5687517209,0.6290863145,0.1364122791,289414.6881,570.9532341,2,1,705.8660042,2,1,430.1267983,21,1,1028.388693,1,1,2,0,0.7432181345,0,1647.795882,1351594,24,0.02280681372,612.3358907,Official 311 files provide ward/FSA but no coordinates; CT count is an area-weighted ward-to-CT allocation using the existing municipal ward-to-CT crosswalk.,0.1364122791,0.6290863145,0.025,"Census Profile characteristic 1491: percent of tenant households in subsidized housing, converted to a 0-1 share. Denominator is tenant households, not all households."
5350056.00,5350056.00,2021S05075350056.00,56,2021,4436,3925,3530,0.51,0.3427282976,0.373167982,0.1589627959,36.8,2.3,0.5926573427,0.0891647856,0.105,0.5166240409,0.4833759591,0.8377752028,0.6085409253,0,0.5739795918,0.0841836735,0.2448979592,8706.6,0.314516129,0.0207373272,0.0783410138,0.8993630573,0.2589182969,0.9379932356,0.3066516347,0.2321428571,0.0811724915,0.4880780458,0.4387218711,1722.915502,3927.124712,0.5473456959,0.4762496326,1932.130306,4056.969653,0.7836065131,0.7358274382,2766.130991,3759.211532,0.6063434182,0.2994755023,0.2994755023,2.762377835,3,0.6379930408,0.2593594811,2.639265015,3,0.6211066359,0.4462269527,2.110915579,3,0.5262719127,0.5002676573,0.189028335,534657.0966,426.3628668,3,1,403.3875717,2,1,164.5442742,23,1,734.5672598,3,1,5,0,1.127141569,0,2715.379356,1351594,24,0.03748349522,612.1233896,Official 311 files provide ward/FSA but no coordinates; CT count is an area-weighted ward-to-CT allocation using the existing municipal ward-to-CT crosswalk.,0.189028335,0.5002676573,0.03,"Census Profile characteristic 1491: percent of tenant households in subsidized housing, converted to a 0-1 share. Denominator is tenant households, not all households."
5350057.00,5350057.00,2021S05075350057.00,57,2021,2287,2030,1810,0.27,0.3771929825,0.3464912281,0.1535087719,35.6,2.1,0.6315789474,0.1145374449,0.145,0.6233183857,0.3766816143,0.7553648069,0.5055187638,0.0224215247,0.7407407407,0.0324074074,0.1666666667,8584.8,0.2698072805,0.0471092077,0.1241970021,0.8916256158,0.2398286938,0.9605263158,0.2565789474,0.2330827068,0.0745614035,0.5250094504,0.4391293829,950.2671053,2163.97978,0.5732399854,0.4975820887,1037.564373,2085.212464,0.7974786382,0.6990838764,1443.436335,2064.75415,0.631909358,0.3502532383,0.3502532383,2.700473865,4,0.6296946202,0.2929284121,2.49714261,3,0.5995422944,0.4596289037,2.112738457,3,0.5266806468,0.4620265046,0.1612975674,279614.4035,295.8924239,3,1,187.5700016,3,1,270.4335185,25,1,481.9681936,4,1,1,0,0.4372540446,0,1420.086123,1351594,24,0.01960307726,620.938401,Official 311 files provide ward/FSA but no coordinates; CT count is an area-weighted ward-to-CT allocation using the existing municipal ward-to-CT crosswalk.,0.1612975674,0.4620265046,0,"Census Profile characteristic 1491: percent of tenant households in subsidized housing, converted to a 0-1 share. Denominator is tenant households, not all households."
5350058.00,5350058.00,2021S05075350058.00,58,2021,3757,3375,2925,0.38,0.3457446809,0.3710106383,0.1728723404,37.6,2,0.6868475992,0.1342281879,0.112,0.6166666667,0.3833333333,0.8034759358,0.5342465753,0.0916666667,0.7786885246,0.0491803279,0.1092896175,9781.3,0.3005319149,0.0438829787,0.1143617021,0.8666666667,0.2616201859,0.952,0.2746666667,0.2078651685,0.0771276596,0.5039387465,0.4503620512,1474.020833,3272.968559,0.609199716,0.5101689427,1781.909169,3492.782528,0.8336531295,0.789893826,2438.435404,3087.041984,0.6489305307,0.3037832157,0.3037832157,2.924281518,3,0.6580356597,0.3096149051,2.516819138,3,0.6026730785,0.4368146266,2.134234528,3,0.5314479329,0.4621489578,0.1612166109,403106.8802,712.3122962,4,1,696.6516816,3,1,109.7137677,31,1,319.0989672,6,1,1,0,0.2661698163,0,2047.271097,1351594,24,0.02826083069,544.9217719,Official 311 files provide ward/FSA but no coordinates; CT count is an area-weighted ward-to-CT allocation using the existing municipal ward-to-CT crosswalk.,0.1612166109,0.4621489578,0.139,"Census Profile characteristic 1491: percent of tenant households in subsidized housing, converted to a 0-1 share. Denominator is tenant households, not all households."
5350059.00,5350059.00,2021S05075350059.00,59,2021,3843,3515,2410,0.37,0.3424479167,0.3138020833,0.2486979167,40.4,2.2,0.667539267,0.1011235955,0.134,0.534965035,0.458041958,0.7929936306,0.5235772358,0.0174825175,0.6857142857,0.05,0.1,10482.8,0.2961783439,0.0334394904,0.152866242,0.6856330014,0.3375796178,0.9594383775,0.2932917317,0.2448979592,0.0638020833,0.4702360031,0.3515180682,1133.268767,3223.927502,0.5765193991,0.4620520749,1389.411752,3007.045802,0.7839204494,0.6844433099,1889.248283,2760.269924,0.6102252839,0.3702982904,0.3702982904,2.745747731,3,0.6358004821,0.2953760571,2.542028698,3,0.6066134105,0.4438740603,2.145301796,3,0.5338651177,0.5159053828,0.2093002632,384564.9764,581.7198843,4,1,902.0254512,2,1,57.74545097,33,1,297.6533717,5,1,3,2,0.7806401249,0.5204267499,1953.10177,1351594,24,0.02696090348,508.2232032,Official 311 files provide ward/FSA but no coordinates; CT count is an area-weighted ward-to-CT allocation using the existing municipal ward-to-CT crosswalk.,0.2093002632,0.5159053828,0,"Census Profile characteristic 1491: percent of tenant households in subsidized housing, converted to a 0-1 share. Denominator is tenant households, not all households."
5350060.00,5350060.00,2021S05075350060.00,60,2021,2550,2310,1960,0.27,0.3980392157,0.3803921569,0.1294117647,35.2,1.9,0.75,0.1588235294,0.162,0.5601503759,0.4436090226,0.8116232465,0.5195876289,0.3984962406,0.8131868132,0.0366300366,0.0586080586,9388.8,0.2954091816,0.0459081836,0.125748503,0.8484848485,0.3512974052,0.9823529412,0.2784313725,0.2803738318,0.0725490196,0.4576060278,0.4245740364,896.9078145,2112.488607,0.4779047877,0.4555446695,936.6933838,2056.205344,0.6980474571,0.7290046954,1368.173016,1876.768455,0.5445194242,0.3462783837,0.3462783837,2.764929959,3,0.6383271855,0.239907139,2.659953347,3,0.6240535568,0.4516443239,2.065372926,3,0.5158259377,0.5828373314,0.2145939152,284867.7942,439.9353674,3,1,722.2070327,3,1,129.7131942,30,1,664.3088389,5,1,0,26,0,10.19607843,1446.766677,1351594,24,0.01997137955,567.3594813,Official 311 files provide ward/FSA but no coordinates; CT count is an area-weighted ward-to-CT allocation using the existing municipal ward-to-CT crosswalk.,0.2145939152,0.5828373314,0.041,"Census Profile characteristic 1491: percent of tenant households in subsidized housing, converted to a 0-1 share. Denominator is tenant households, not all households."
5350061.00,5350061.00,2021S05075350061.00,61,2021,1202,1075,460,0.77,0.4125,0.3375,0.1458333333,34,1.6,0.5769230769,0.2922077922,0.205,0.9587628866,0.0309278351,0.8481012658,0.5612903226,0.0206185567,0.9375,0.0208333333,0.0104166667,1566.5,0.5949367089,0.1202531646,0.3227848101,0.4279069767,0.6518987342,0.9791666667,0.4083333333,0.3783783784,0.0875,0.4025041457,0.31835656,185.151907,581.5865927,0.8900215065,0.3780866721,409.409893,1082.846668,0.8595578994,0.5428415597,395.3966337,728.3831289,0.7173611839,0.3743838899,0.3743838899,2.726157174,3,0.633183292,0.2573406783,2.617777025,3,0.6179964946,0.4606841615,2.010452034,3,0.5025994239,0.8049359205,0.2352998567,804705.2157,603.9047361,2,1,1440.144571,0,0,340.5021597,34,1,587.1157611,4,1,4,20,3.327787022,16.63893511,4086.880703,1351594,24,0.05641590104,3400.067141,Official 311 files provide ward/FSA but no coordinates; CT count is an area-weighted ward-to-CT allocation using the existing municipal ward-to-CT crosswalk.,0.2352998567,0.8049359205,0.404,"Census Profile characteristic 1491: percent of tenant households in subsidized housing, converted to a 0-1 share. Denominator is tenant households, not all households."
5350062.01,5350062.01,2021S05075350062.01,62.01,2021,4843,4500,2835,0.11,0.4876033058,0.257231405,0.180785124,32,1.5,0.7708779443,0.2192982456,0.146,0.786389414,0.213610586,0.683107275,0.3917396746,0.5122873346,0.9904580153,0,0,45346.4,0.4110429448,0.0858895706,0.263803681,0.63,0.5239263804,0.9896800826,0.350877193,0.2588235294,0.0526859504,0.4467399567,0.3797675999,1266.507777,3334.954792,0.5930637823,0.4345494654,1681.335823,3869.147144,0.7641300891,0.5992302904,2166.308803,3615.152366,0.601311276,0.1867497515,0.1867497515,3.243858825,4,0.6917251786,0.0251506652,2.993531675,3,0.665946411,0.4274594962,2.04214318,3,0.5103183706,0.6848600319,0.2142737966,111997.3758,462.0177841,3,1,1049.027137,1,1,24.62435723,48,1,703.395277,5,1,0,43,0,8.878794136,773.0546106,1351594,24,0.01440732022,159.6230871,Official 311 files provide ward/FSA but no coordinates; CT count is an area-weighted ward-to-CT allocation using the existing municipal ward-to-CT crosswalk.,0.2142737966,0.6848600319,0.012,"Census Profile characteristic 1491: percent of tenant households in subsidized housing, converted to a 0-1 share. Denominator is tenant households, not all households."
5350062.03,5350062.03,2021S05075350062.03,62.03,2021,4224,4005,2515,0.46,0.5521327014,0.2156398104,0.172985782,30,1.6,0.8207070707,0.2805755396,0.187,0.6646706587,0.3353293413,0.6161745828,0.2831168831,0.7345309381,0.9921875,0,0,9107.4,0.4125159642,0.1021711367,0.3384418902,0.6279650437,0.5734355045,0.9857988166,0.4674556213,0.2171052632,0.0379146919,0.3971223751,0.3414921995,998.7627734,2924.701574,0.475203455,0.3951993096,1195.136689,3024.136582,0.6886815087,0.6965917936,1732.033994,2486.440424,0.5203357796,0.03449198758,0.03449198758,3.451293017,4,0.7102535209,0.07201798166,2.89723561,3,0.6548433974,0.4259463371,1.96992155,3,0.4923655716,0.5412718153,0.09720747805,486621.0427,847.3133875,3,1,1345.497211,0,0,67.60910337,45,1,700.8464866,5,1,4,31,0.946969697,7.339015152,2473.368652,1351594,24,0.03417844178,585.5512908,Official 311 files provide ward/FSA but no coordinates; CT count is an area-weighted ward-to-CT allocation using the existing municipal ward-to-CT crosswalk.,0.09720747805,0.5412718153,0.027,"Census Profile characteristic 1491: percent of tenant households in subsidized housing, converted to a 0-1 share. Denominator is tenant households, not all households."
5350062.04,5350062.04,2021S05075350062.04,62.04,2021,8524,8070,4845,0.12,0.6545454545,0.2234604106,0.0633431085,28.4,1.6,0.7945736434,0.3276570757,0.137,0.667587477,0.332412523,0.588030215,0.2322695035,0.9125230203,0.9981515712,0,0,70156.4,0.4254461716,0.1116868164,0.390328152,0.6003717472,0.7373271889,0.9806451613,0.5583577713,0.2335025381,0.0281524927,0.3548832819,0.3342530413,1719.409501,5144.035472,0.450066927,0.428112842,2180.574261,5093.456789,0.6914572969,0.7135875821,3350.110603,4694.743417,0.498802502,0.3443055279,0.3443055279,2.830601439,4,0.6467181899,0.06957840955,2.88665864,3,0.6535787134,0.4141341874,1.999206256,3,0.4998014851,0.705854234,0.1958245348,127521.8485,973.3305035,4,1,1017.883755,1,1,0,41,1,555.9583883,8,1,2,120,0.2346316283,14.0778977,1014.282828,1351594,24,0.02070744551,118.9914158,Official 311 files provide ward/FSA but no coordinates; CT count is an area-weighted ward-to-CT allocation using the existing municipal ward-to-CT crosswalk.,0.1958245348,0.705854234,0.052,"Census Profile characteristic 1491: percent of tenant households in subsidized housing, converted to a 0-1 share. Denominator is tenant households, not all households."
5350063.03,5350063.03,2021S05075350063.03,63.03,2021,4869,4620,3260,0.09,0.4425051335,0.3973305955,0.0985626283,35.2,1.5,0.7009345794,0.1740473738,0.117,0.6959876543,0.3055555556,0.7426246185,0.4341004184,0.575617284,0.9905808477,0,0,52130.6,0.4456740443,0.1247484909,0.2957746479,0.7056277056,0.5171026157,0.9835728953,0.4229979466,0.3090909091,0.022587269,0.3986105382,0.3836746316,1299.470354,3386.907153,0.421020957,0.4125190821,1372.52832,3327.187467,0.7968152994,0.6950913917,2597.617876,3737.088255,0.5388155982,0.3136707269,0.3136707269,2.997149862,3,0.6663496835,0.1214048896,2.783131949,3,0.6406925657,0.4071603962,2.134693532,3,0.5315486813,0.600413338,0.2132327913,97750.3783,544.4239147,3,1,576.8314919,1,1,7.918094036,53,1,439.5368038,4,1,1,3,0.2053809817,0.6161429452,654.0307756,1351594,24,0.01191070349,134.3254828,Official 311 files provide ward/FSA but no coordinates; CT count is an area-weighted ward-to-CT allocation using the existing municipal ward-to-CT crosswalk.,0.2132327913,0.600413338,0.053,"Census Profile characteristic 1491: percent of tenant households in subsidized housing, converted to a 0-1 share. Denominator is tenant households, not all households."
5350063.04,5350063.04,2021S05075350063.04,63.04,2021,4778,4570,3590,0.14,0.4884937238,0.3608786611,0.0941422594,33.6,1.5,0.6237623762,0.2728237792,0.197,0.7947122862,0.2068429238,0.5871097684,0.3299389002,0.4432348367,0.9742765273,0,0.0048231511,33910.6,0.3963963964,0.0850850851,0.2502502503,0.7855579869,0.5265265265,0.981092437,0.4159663866,0.3215686275,0.0240585774,0.4690240721,0.3667671787,1683.796419,4590.913573,0.4827999842,0.4239400941,1733.251943,4088.436002,0.6440142383,0.6611046244,2312.011116,3497.193985,0.5319460982,0.4181565552,0.4181565552,2.601686233,2,0.6156338965,0.1411880588,2.696093765,3,0.6290930185,0.4701419722,2.04853428,3,0.511846099,0.6744976624,0.1831874418,148086.7488,493.3700311,4,1,498.2583293,1,1,193.4056063,44,1,111.9907726,8,1,4,43,0.8371703642,8.999581415,1178.674637,1351594,24,0.02407325349,246.6878688,Official 311 files provide ward/FSA but no coordinates; CT count is an area-weighted ward-to-CT allocation using the existing municipal ward-to-CT crosswalk.,0.1831874418,0.6744976624,0.219,"Census Profile characteristic 1491: percent of tenant households in subsidized housing, converted to a 0-1 share. Denominator is tenant households, not all households."
5350063.05,5350063.05,2021S05075350063.05,63.05,2021,6551,6225,3815,0.13,0.5748091603,0.3045801527,0.065648855,31,1.5,0.7376861397,0.2656370656,0.148,0.6960667461,0.3027413588,0.6500789889,0.2408,0.7556615018,0.9976470588,0,0,50431.1,0.4268867925,0.1328616352,0.3561320755,0.6128514056,0.6218553459,0.9823212913,0.4773251345,0.3415384615,0.0267175573,0.3602378197,0.3693531784,1374.307282,3720.848669,0.4715233043,0.3989782834,1798.861406,4508.669972,0.6768635518,0.6912183218,2582.23445,3735.772575,0.502874892,0.3155911534,0.3155911534,3.084500726,5,0.6757984229,0.08572849848,2.949856118,3,0.661000415,0.3751547458,2.153312399,3,0.5355992004,0.6957540746,0.2555385648,136565.9612,416.3489822,3,1,806.3314517,1,1,65.39549378,53,1,529.5287187,4,1,2,18,0.3052969012,2.747672111,915.4630649,1351594,24,0.01669564623,139.7440185,Official 311 files provide ward/FSA but no coordinates; CT count is an area-weighted ward-to-CT allocation using the existing municipal ward-to-CT crosswalk.,0.2555385648,0.6957540746,0,"Census Profile characteristic 1491: percent of tenant households in subsidized housing, converted to a 0-1 share. Denominator is tenant households, not all households."
5350063.06,5350063.06,2021S05075350063.06,63.06,2021,6217,5900,4065,0.19,0.4304102977,0.3829444891,0.1279163315,36,1.5,0.6388557807,0.2461413485,0.163,0.8407960199,0.157960199,0.7336683417,0.4202037351,0.328358209,0.9865196078,0.0012254902,0,32346.5,0.3505843072,0.0959933222,0.2904841402,0.6889830508,0.4854045038,0.9845779221,0.4074675325,0.3345588235,0.0297666935,0.3687424766,0.4210897362,1498.938167,3559.664458,0.4227698498,0.4616052075,1718.55944,3723.007045,0.7046515944,0.6798744156,2864.408731,4213.143877,0.498721307,0.4164741832,0.4164741832,2.546277444,3,0.6072698196,0.0710152824,2.760212573,3,0.6377090628,0.4649211469,2.051037622,3,0.5124419028,0.7495869352,0.2704474279,201359.394,749.6160748,3,1,750.7073129,1,1,79.8402106,44,1,314.1490228,9,1,2,57,0.3216985684,9.168409201,1602.6904,1351594,24,0.0327333524,257.7916037,Official 311 files provide ward/FSA but no coordinates; CT count is an area-weighted ward-to-CT allocation using the existing municipal ward-to-CT crosswalk.,0.2704474279,0.7495869352,0.179,"Census Profile characteristic 1491: percent of tenant households in subsidized housing, converted to a 0-1 share. Denominator is tenant households, not all households."
5350064.00,5350064.00,2021S05075350064.00,64,2021,4963,4710,3425,0.19,0.413897281,0.4259818731,0.1017119839,36.4,1.6,0.6505235602,0.1422594142,0.141,0.6908783784,0.3091216216,0.7536842105,0.4140875133,0.5625,0.9607508532,0.0034129693,0.0017064846,25490.5,0.3794549266,0.1111111111,0.2348008386,0.7271762208,0.4544502618,0.984423676,0.3551401869,0.3579335793,0.0271903323,0.4349379035,0.4333012399,1489.662319,3437.936895,0.513202197,0.4221208153,1757.717525,4164.01528,0.7328703868,0.6228643779,2510.081075,4029.899868,0.5603368291,0.3140444762,0.3140444762,2.898724576,2,0.6550206914,0.06907162439,2.865032606,3,0.6509638327,0.4421305299,2.084568631,3,0.520284444,0.7423050329,0.3665472413,204086.0603,330.4347724,4,1,305.8376392,1,1,182.8704937,50,1,408.8804465,7,1,1,96,0.2014910336,19.34313923,1591.448125,1351594,24,0.03211923349,320.6625277,Official 311 files provide ward/FSA but no coordinates; CT count is an area-weighted ward-to-CT allocation using the existing municipal ward-to-CT crosswalk.,0.3665472413,0.7423050329,0.095,"Census Profile characteristic 1491: percent of tenant households in subsidized housing, converted to a 0-1 share. Denominator is tenant households, not all households."
5350065.01,5350065.01,2021S05075350065.01,65.01,2021,2650,2385,1420,0.09,0.4150943396,0.3886792453,0.0867924528,34.8,1.8,0.5811518325,0.1701323251,0.164,0.9756097561,0.0243902439,0.8007590133,0.4716242661,0.0209059233,0.9931740614,0,0,30778.2,0.520754717,0.2037735849,0.4,0.5953878407,0.7024482109,0.9886792453,0.4660377358,0.3825136612,0.0641509434,0.2911100749,0.2790097165,413.3763064,1481.583909,0.4797354832,0.3993735458,681.2243862,1705.732373,0.5775453927,0.6467439803,820.1144576,1268.066627,0.4494636503,0.3974283966,0.3974283966,2.867330751,3,0.6512435826,0.06342219223,2.963115804,3,0.6625174087,0.4052823712,2.139686245,3,0.5326417589,0.7457647412,0.3703489623,90486.80188,361.4073518,4,1,337.4308791,1,1,61.32655795,52,1,157.6027289,4,1,1,15,0.3773584906,5.660377358,720.2163546,1351594,24,0.01470970047,271.7797564,Official 311 files provide ward/FSA but no coordinates; CT count is an area-weighted ward-to-CT allocation using the existing municipal ward-to-CT crosswalk.,0.3703489623,0.7457647412,0.05,"Census Profile characteristic 1491: percent of tenant households in subsidized housing, converted to a 0-1 share. Denominator is tenant households, not all households."
5350065.02,5350065.02,2021S05075350065.02,65.02,2021,11120,9085,6285,0.14,0.2684352518,0.4190647482,0.115557554,37.6,2.2,0.3882783883,0.2637263726,0.2,0.9795520935,0.0204479065,0.8772088808,0.651371807,0.0194741967,1,0,0,77545.3,0.5927092709,0.1341134113,0.2871287129,0.6917996698,0.8150315032,0.9662769784,0.5224820144,0.5229226361,0.1321942446,0.3563517395,0.3033991921,2239.670683,7381.926984,0.4641629225,0.4017856944,2917.263968,7260.746234,0.6860679877,0.6036862321,4311.937303,7142.679547,0.5021942166,0.3698158916,0.3698158916,2.955597297,3,0.6616589137,0.09353232352,2.957398688,3,0.6618650018,0.4139402311,2.163393246,3,0.5377631868,0.7456475449,0.3700684802,150463.7164,274.3422362,2,1,263.0162882,1,1,194.5050581,50,1,311.7043556,7,1,1,14,0.08992805755,1.258992806,1197.59376,1351594,24,0.0244596577,107.6972806,Official 311 files provide ward/FSA but no coordinates; CT count is an area-weighted ward-to-CT allocation using the existing municipal ward-to-CT crosswalk.,0.3700684802,0.7456475449,0.333,"Census Profile characteristic 1491: percent of tenant households in subsidized housing, converted to a 0-1 share. Denominator is tenant households, not all households."
5350066.00,5350066.00,2021S05075350066.00,66,2021,7062,6605,5570,0.33,0.2781316348,0.4600141543,0.1811748054,44.8,1.6,0.5494736842,0.1736918605,0.143,0.6233766234,0.3766233766,0.8309352518,0.5909090909,0.4344746163,0.9618138425,0.0047732697,0.0071599045,21497.7,0.3876967096,0.047925608,0.1473533619,0.8433005299,0.4220314735,0.974692697,0.2957339118,0.3052109181,0.042462845,0.4585654692,0.4286593643,2554.209664,5958.599943,0.5844906964,0.4822524719,3255.613179,6750.84809,0.7192146543,0.6264914758,4006.025625,6394.381695,0.5874236067,0.3355469269,0.3355469269,2.754854316,2,0.6370043984,0.120735205,2.725360978,3,0.6330761289,0.4867694486,2.086157212,3,0.520649741,0.597999642,0.1633385916,344415.9428,274.7696228,2,1,301.9027355,4,1,81.53856377,46,1,510.4560327,9,1,1,10,0.1416029453,1.416029453,2741.327903,1351594,24,0.05598888735,388.1801051,Official 311 files provide ward/FSA but no coordinates; CT count is an area-weighted ward-to-CT allocation using the existing municipal ward-to-CT crosswalk.,0.1633385916,0.597999642,0.246,"Census Profile characteristic 1491: percent of tenant households in subsidized housing, converted to a 0-1 share. Denominator is tenant households, not all households."
5350067.00,5350067.00,2021S05075350067.00,67,2021,1692,1430,1280,0.65,0.1627218935,0.4644970414,0.1982248521,46.4,2.2,0.72,0.0532544379,0.101,0.2272727273,0.7792207792,0.8588588589,0.6561514196,0.0519480519,0.3461538462,0.0961538462,0.2371794872,2597.5,0.2743362832,0.0324483776,0.0884955752,0.8951048951,0.1686390533,0.994100295,0.1445427729,0.1142857143,0.1124260355,0.5097321037,0.4758545103,652.4570928,1371.127264,0.6183536513,0.4640452672,791.4926737,1705.636777,0.7778183281,0.6386814008,995.6074599,1558.848369,0.635301361,0.1464761829,0.1464761829,3.085662209,3,0.6759204565,0.06398695457,3.029739002,3,0.6699385659,0.4897599411,1.961086267,3,0.4900785259,0.1757978519,0.1753902127,694063.5282,835.6585883,3,1,838.429342,2,1,0,51,1,754.5398932,1,1,2,0,1.182033097,0,4801.474929,1351594,24,0.08969595389,2837.75114,Official 311 files provide ward/FSA but no coordinates; CT count is an area-weighted ward-to-CT allocation using the existing municipal ward-to-CT crosswalk.,0.1753902127,0.1757978519,0,"Census Profile characteristic 1491: percent of tenant households in subsidized housing, converted to a 0-1 share. Denominator is tenant households, not all households."
5350068.00,5350068.00,2021S05075350068.00,68,2021,2451,2110,1880,0.42,0.1836734694,0.4612244898,0.2102040816,46.4,2,0.6619217082,0.1489795918,0.099,0.4979079498,0.5020920502,0.8943965517,0.6756152125,0.0460251046,0.5224489796,0.0530612245,0.1959183673,5870.7,0.2682403433,0.025751073,0.0686695279,0.8909952607,0.2141327623,0.9714285714,0.1857142857,0.2203389831,0.0959183673,0.5127709966,0.4592651544,964.0094737,2099.025943,0.5835937968,0.5093788355,1097.156338,2153.910335,0.8126448446,0.7496041616,1527.772308,2038.105424,0.636336546,0.1743144941,0.1743144941,3.038373058,3,0.6708764918,0.1131634099,2.64927402,3,0.622538102,0.4949266638,2.086448259,3,0.5207166074,0.4680802436,0.1788374633,451437.4253,614.6947967,3,1,464.9899868,3,1,65.96875139,48,1,926.075102,6,1,1,0,0.407996736,0,3590.99389,1351594,24,0.073327307,1465.113786,Official 311 files provide ward/FSA but no coordinates; CT count is an area-weighted ward-to-CT allocation using the existing municipal ward-to-CT crosswalk.,0.1788374633,0.4680802436,0.364,"Census Profile characteristic 1491: percent of tenant households in subsidized housing, converted to a 0-1 share. Denominator is tenant households, not all households."
5350069.00,5350069.00,2021S05075350069.00,69,2021,4847,3890,3515,0.86,0.1795665635,0.4437564499,0.1589267286,43.2,2.6,0.6734317343,0.078639745,0.086,0.2634408602,0.7365591398,0.9210810811,0.7606741573,0.0295698925,0.4657534247,0.1561643836,0.304109589,5619.7,0.2682403433,0.0182403433,0.0611587983,0.9035989717,0.3504823151,0.9481481481,0.2402116402,0.195,0.1506707946,0.5463759455,0.4604895533,1920.511448,4170.586357,0.5681651229,0.5186624184,1997.100407,3850.482195,0.6783452465,0.6575619069,2384.383542,3626.097431,0.5976287716,0.2816677923,0.2816677923,2.846736976,3,0.64872062,0.4211869176,2.174180344,3,0.5400565538,0.4971260108,1.956514747,3,0.4888870623,0.1542246185,0.1112989361,916098.7439,449.2319461,3,1,703.2635143,4,1,206.6714392,44,1,1205.306214,0,0,3,6,0.6189395502,1.2378791,3423.098368,1351594,24,0.04270830673,706.2303213,Official 311 files provide ward/FSA but no coordinates; CT count is an area-weighted ward-to-CT allocation using the existing municipal ward-to-CT crosswalk.,0.1112989361,0.1542246185,0.061,"Census Profile characteristic 1491: percent of tenant households in subsidized housing, converted to a 0-1 share. Denominator is tenant households, not all households."
5350070.00,5350070.00,2021S05075350070.00,70,2021,3302,2795,2515,0.44,0.1909090909,0.4545454545,0.1954545455,45.2,2,0.6632390746,0.0892307692,0.094,0.6330275229,0.3669724771,0.900621118,0.6937799043,0.006116208,0.6946107784,0.1107784431,0.1916167665,7445.3,0.2294573643,0.0248062016,0.0589147287,0.8998211091,0.2049689441,0.9923076923,0.1630769231,0.2787878788,0.1136363636,0.6038678049,0.521190672,1518.727529,2913.957618,0.6282822137,0.5701610681,1580.129767,2771.374364,0.8003002765,0.7583803275,2012.755196,2654.018205,0.6774834317,0.3093668843,0.3093668843,2.738955221,3,0.6348972805,0.3944786133,2.195065875,3,0.5444328065,0.5521559851,1.892044739,3,0.4714712715,0.4722064546,0.1919811195,470262.6378,991.5300745,2,1,591.8508232,1,1,108.4126767,42,1,1482.5038,0,0,2,14,0.6056935191,4.239854634,1756.212136,1351594,24,0.02189505224,531.8631543,Official 311 files provide ward/FSA but no coordinates; CT count is an area-weighted ward-to-CT allocation using the existing municipal ward-to-CT crosswalk.,0.1919811195,0.4722064546,0.063,"Census Profile characteristic 1491: percent of tenant households in subsidized housing, converted to a 0-1 share. Denominator is tenant households, not all households."
5350071.00,5350071.00,2021S05075350071.00,71,2021,3342,2650,2520,0.46,0.1689088191,0.4260089686,0.1793721973,43.6,2.4,0.7,0.0824587706,0.098,0.3687943262,0.6276595745,0.909495549,0.7480559876,0.0354609929,0.2597864769,0.2384341637,0.3167259786,7202.6,0.2143906021,0.0102790015,0.0396475771,0.9509433962,0.2187958884,0.9850074963,0.1544227886,0.2451612903,0.1659192825,0.5142897234,0.5077588233,1296.010103,2552.412767,0.5649980496,0.5128219618,1423.795085,2776.392571,0.7827583228,0.7359588401,1972.550973,2680.246321,0.6206820319,0.2432462167,0.2432462167,2.97828792,3,0.6642366263,0.3482148746,2.313378487,3,0.5677317804,0.5141026431,1.935233176,3,0.483266403,0.1236748659,0.251722808,486548.6715,466.5261023,2,1,335.1347059,3,1,0,28,1,1585.846405,0,0,2,10,0.5984440455,2.992220227,1816.84092,1351594,24,0.02264964059,543.638815,Official 311 files provide ward/FSA but no coordinates; CT count is an area-weighted ward-to-CT allocation using the existing municipal ward-to-CT crosswalk.,0.251722808,0.1236748659,0.324,"Census Profile characteristic 1491: percent of tenant households in subsidized housing, converted to a 0-1 share. Denominator is tenant households, not all households."
5350072.01,5350072.01,2021S05075350072.01,72.01,2021,4509,3560,3235,0.41,0.2239467849,0.4046563193,0.1463414634,38.8,2.4,0.5059055118,0.189578714,0.134,0.5517241379,0.4482758621,0.9199110122,0.7268518519,0.0291777188,0.4813829787,0.1063829787,0.2473404255,11103.2,0.3193370166,0.0309392265,0.0762430939,0.9087078652,0.4640883978,0.9422863485,0.2807991121,0.3755868545,0.1574279379,0.4906191201,0.4551987576,1587.152854,3486.724924,0.5208632486,0.4734051086,1684.992609,3559.303815,0.7569303399,0.7132773755,2448.66965,3432.983764,0.5894709029,0.3512869952,0.3512869952,2.707147581,2,0.6306075048,0.4784419734,2.047672924,3,0.5116407566,0.4764228896,2.095918248,3,0.522882154,0.5437386772,0.1983454924,425488.2212,524.3774513,2,1,537.9658013,3,1,13.59540237,21,1,1392.261217,0,0,2,1,0.4435573298,0.2217786649,1588.832642,1351594,24,0.01980717624,352.369182,Official 311 files provide ward/FSA but no coordinates; CT count is an area-weighted ward-to-CT allocation using the existing municipal ward-to-CT crosswalk.,0.1983454924,0.5437386772,0.587,"Census Profile characteristic 1491: percent of tenant households in subsidized housing, converted to a 0-1 share. Denominator is tenant households, not all households."
5350072.02,5350072.02,2021S05075350072.02,72.02,2021,2985,2430,2250,0.54,0.2093802345,0.4639865997,0.1306532663,40.8,2.4,0.544198895,0.0961214165,0.136,0.316872428,0.6872427984,0.897260274,0.7378815081,0,0.4262295082,0.2254098361,0.2868852459,5508.4,0.2881355932,0.0254237288,0.0661016949,0.9259259259,0.3627118644,0.9679595278,0.2259696459,0.2517482517,0.1373534338,0.4826969583,0.5042923273,1086.068156,2153.647988,0.513298149,0.4615146741,1154.920835,2502.457452,0.773533295,0.7454922195,1740.449914,2334.631896,0.5898428007,0.3646029442,0.3646029442,2.683714203,2,0.6273820815,0.466607905,2.067678039,3,0.5163657101,0.5348064017,1.935761722,3,0.4834074934,0.3573953872,0.1570032983,568383.9752,824.403414,2,1,971.6641057,2,1,84.34026389,21,1,1644.02772,0,0,3,13,1.005025126,4.355108878,2122.425411,1351594,24,0.02645920852,711.0302885,Official 311 files provide ward/FSA but no coordinates; CT count is an area-weighted ward-to-CT allocation using the existing municipal ward-to-CT crosswalk.,0.1570032983,0.3573953872,0.197,"Census Profile characteristic 1491: percent of tenant households in subsidized housing, converted to a 0-1 share. Denominator is tenant households, not all households."
5350073.00,5350073.00,2021S05075350073.00,73,2021,2478,2025,1910,0.35,0.2217741935,0.4536290323,0.1290322581,40,2.5,0.4831804281,0.1158536585,0.186,0.3894230769,0.6057692308,0.8688212928,0.6396039604,0.0144230769,0.5707070707,0.1565656566,0.2070707071,7065.9,0.3183520599,0.0280898876,0.0898876404,0.9432098765,0.446728972,0.8965517241,0.3326572008,0.2540983607,0.1189516129,0.4185179602,0.4161036819,799.369304,1921.082026,0.4999502062,0.4994253641,954.9048938,1912.007204,0.719233549,0.6958235651,1373.736078,1974.259205,0.5459005718,0.3479897565,0.3479897565,2.685149174,3,0.6275812124,0.4972489434,2.04173181,3,0.510219709,0.4959063687,2.002020918,3,0.5005047195,0.2338061571,0.1941035687,367988.1724,597.8014247,2,1,595.677793,4,1,335.3054599,21,1,1027.503779,1,1,1,0,0.403551251,0,1374.119402,1351594,24,0.01713045443,554.5276037,Official 311 files provide ward/FSA but no coordinates; CT count is an area-weighted ward-to-CT allocation using the existing municipal ward-to-CT crosswalk.,0.1941035687,0.2338061571,0.122,"Census Profile characteristic 1491: percent of tenant households in subsidized housing, converted to a 0-1 share. Denominator is tenant households, not all households."
5350074.00,5350074.00,2021S05075350074.00,74,2021,3723,2950,2730,0.39,0.2295302013,0.4456375839,0.111409396,37.6,2.4,0.4798301486,0.1253369272,0.12,0.4375,0.5625,0.8567708333,0.6657534247,0.028125,0.6153846154,0.1826923077,0.1666666667,9516.9,0.3036175711,0.0478036176,0.1085271318,0.9254237288,0.4503225806,0.939516129,0.2674731183,0.2258064516,0.1476510067,0.4545996874,0.45545637,1241.057147,2724.865055,0.554964189,0.5313835527,1515.052236,2851.146273,0.7955414542,0.754624817,2171.82817,2878.023782,0.6017017769,0.4054654521,0.4054654521,2.647015958,2,0.6222161045,0.4710118393,2.121676847,3,0.5286746888,0.4903333546,2.052350722,3,0.5127538441,0.2855302075,0.2372998245,410095.5712,283.6017224,2,1,830.5258567,2,1,224.3912871,30,1,1750.293522,0,0,2,1,0.5372011818,0.2686005909,1531.47874,1351594,24,0.01909428829,411.3560946,Official 311 files provide ward/FSA but no coordinates; CT count is an area-weighted ward-to-CT allocation using the existing municipal ward-to-CT crosswalk.,0.2372998245,0.2855302075,0.264,"Census Profile characteristic 1491: percent of tenant households in subsidized housing, converted to a 0-1 share. Denominator is tenant households, not all households."
5350075.00,5350075.00,2021S05075350075.00,75,2021,4014,3210,2785,0.51,0.1783042394,0.4226932668,0.1845386534,42,2.3,0.567816092,0.1209476309,0.133,0.4289940828,0.573964497,0.9155672823,0.7433751743,0.0088757396,0.5459770115,0.0689655172,0.3505747126,7914,0.2883116883,0.0220779221,0.0701298701,0.8676012461,0.3402597403,0.9513715711,0.2568578554,0.3170731707,0.1408977556,0.5535881628,0.4795553489,1541.743033,3214.942836,0.6350805053,0.5435341816,1768.699207,3254.071717,0.8567008969,0.787432985,2385.911998,3029.987368,0.681789855,0.3309011973,0.3309011973,2.79749323,2,0.6425371153,0.4387742959,2.15476345,3,0.5359119349,0.5334519601,1.936274419,3,0.4835442796,0.3648069756,0.2793514595,532163.7759,665.3406252,2,1,879.4541438,2,1,73.07240152,26,1,2118.002541,0,0,2,0,0.4982561036,0,1987.316773,1351594,24,0.02477730161,495.0963561,Official 311 files provide ward/FSA but no coordinates; CT count is an area-weighted ward-to-CT allocation using the existing municipal ward-to-CT crosswalk.,0.2793514595,0.3648069756,0.372,"Census Profile characteristic 1491: percent of tenant households in subsidized housing, converted to a 0-1 share. Denominator is tenant households, not all households."
5350076.00,5350076.00,2021S05075350076.00,76,2021,4237,3355,3040,0.47,0.1759149941,0.4710743802,0.1357733176,41.2,2.4,0.5971659919,0.122327791,0.098,0.3679775281,0.6264044944,0.8933500627,0.7022397892,0.0842696629,0.4664804469,0.1536312849,0.3547486034,9049.6,0.2973977695,0.0285006196,0.0520446097,0.9061102832,0.3477722772,0.9751184834,0.2085308057,0.347826087,0.1463990555,0.6310554723,0.5548740548,1918.408636,3457.376713,0.6818761042,0.5826235539,2072.903357,3557.877711,0.8184441112,0.7129404051,2488.070098,3489.871075,0.7104585626,0.2692305422,0.2692305422,3.17978438,2,0.6855132674,0.2539045567,2.647684376,3,0.6223114775,0.479791039,1.91867397,3,0.4788067095,0.4750737953,0.2856814217,490987.4752,358.1243152,2,1,524.1615827,3,1,179.5101661,35,1,1782.138566,0,0,1,17,0.2360160491,4.012272835,2004.420907,1351594,24,0.02789419281,473.0755031,Official 311 files provide ward/FSA but no coordinates; CT count is an area-weighted ward-to-CT allocation using the existing municipal ward-to-CT crosswalk.,0.2856814217,0.4750737953,0.402,"Census Profile characteristic 1491: percent of tenant households in subsidized housing, converted to a 0-1 share. Denominator is tenant households, not all households."
5350077.00,5350077.00,2021S05075350077.00,77,2021,4493,3395,3170,0.6,0.1624026696,0.467185762,0.1167964405,40,2.5,0.5876865672,0.0970982143,0.116,0.3561643836,0.6465753425,0.9090909091,0.7315668203,0.0136986301,0.4325068871,0.2093663912,0.3443526171,7492.1,0.2302702703,0.0302702703,0.0810810811,0.9337260677,0.2691891892,0.9855072464,0.1516164994,0.2361809045,0.1802002225,0.5394832603,0.5127573655,1710.161935,3335.226464,0.6086403576,0.5658740843,1929.389934,3409.574651,0.7252816182,0.672839039,2299.14273,3417.076888,0.6244684121,0.2211388719,0.2211388719,3.390945651,3,0.7050970134,0.3082414046,2.527145057,3,0.6042965571,0.4738201592,1.907739961,3,0.4758195453,0.2474594353,0.1570185992,628896.2224,791.4096504,2,1,68.53889174,2,1,14.9398788,37,1,1946.843383,0,0,3,1,0.6677053194,0.2225684398,2567.423407,1351594,24,0.0357291242,571.427422,Official 311 files provide ward/FSA but no coordinates; CT count is an area-weighted ward-to-CT allocation using the existing municipal ward-to-CT crosswalk.,0.1570185992,0.2474594353,0.248,"Census Profile characteristic 1491: percent of tenant households in subsidized housing, converted to a 0-1 share. Denominator is tenant households, not all households."
5350078.00,5350078.00,2021S05075350078.00,78,2021,6282,5105,4595,0.76,0.1823248408,0.4578025478,0.1608280255,42.8,2.1,0.5521557719,0.1366559486,0.112,0.4922010399,0.5077989601,0.925062448,0.6797900262,0.0571923744,0.5716723549,0.204778157,0.1945392491,8241.9,0.2190082645,0.0256198347,0.052892562,0.9000979432,0.2332506203,0.9927710843,0.1526104418,0.2324723247,0.1297770701,0.5215490302,0.4661080532,2396.517794,5141.549856,0.5716954823,0.5094921899,2626.940741,5155.998057,0.8269151724,0.7797378422,3799.675217,4873.016303,0.6400532283,0.1945555659,0.1945555659,3.433871288,2,0.7087834936,0.2898941704,2.615717379,3,0.6176957006,0.4974070243,1.827243417,3,0.4527275399,0.3088140352,0.1871809593,799629.0263,550.3669072,1,1,650.4966043,5,1,142.1301011,28,1,1134.639859,1,1,2,13,0.3183699459,2.069404648,3264.427748,1351594,24,0.0454288701,519.6478427,Official 311 files provide ward/FSA but no coordinates; CT count is an area-weighted ward-to-CT allocation using the existing municipal ward-to-CT crosswalk.,0.1871809593,0.3088140352,0.32,"Census Profile characteristic 1491: percent of tenant households in subsidized housing, converted to a 0-1 share. Denominator is tenant households, not all households."
5350079.00,5350079.00,2021S05075350079.00,79,2021,7424,5635,5145,1,0.1543126685,0.454851752,0.1401617251,41.6,2.5,0.6070559611,0.0772913817,0.117,0.2564102564,0.7418803419,0.9277854195,0.7274041938,0.1008547009,0.3147826087,0.2347826087,0.3113043478,7390.7,0.2024539877,0.0245398773,0.0593047035,0.9130434783,0.2222222222,0.9897400821,0.1415868673,0.207977208,0.179245283,0.5551282305,0.5104546387,2856.134746,5595.276307,0.6130193837,0.5522686398,3153.984729,5710.961119,0.8508500877,0.7573591889,4377.623701,5780.115651,0.672999234,0.1367845862,0.1367845862,3.581441098,4,0.7207827875,0.3679473806,2.486532237,3,0.5978334868,0.4714481867,1.861724946,3,0.4628637262,0.1152898915,0.1706353782,1053036.239,578.9780808,1,1,329.161664,4,1,138.7516188,41,1,781.5255351,1,1,3,27,0.4040948276,3.636853448,4297.949197,1351594,24,0.05981420538,578.9263465,Official 311 files provide ward/FSA but no coordinates; CT count is an area-weighted ward-to-CT allocation using the existing municipal ward-to-CT crosswalk.,0.1706353782,0.1152898915,0.338,"Census Profile characteristic 1491: percent of tenant households in subsidized housing, converted to a 0-1 share. Denominator is tenant households, not all households."
5350080.01,5350080.01,2021S05075350080.01,80.01,2021,3707,3015,2795,0.48,0.2132253711,0.4385964912,0.1430499325,39.6,2.3,0.5205183585,0.093495935,0.106,0.4233128834,0.5828220859,0.8522875817,0.633744856,0.1012269939,0.5015772871,0.2555205047,0.2208201893,7648,0.2794307891,0.0388098318,0.1009055627,0.9270315091,0.3234152652,0.987804878,0.1964769648,0.32,0.1228070175,0.5015160912,0.4807417192,1401.737475,2915.7808,0.5592527327,0.5109880002,1563.111388,3058.998229,0.8085695821,0.7100948328,2259.951982,3182.605868,0.623112802,0.2783082342,0.2783082342,3.212118486,2,0.688678981,0.2488596482,2.6384584,3,0.6209908028,0.4779323484,1.94656352,3,0.4862741494,0.491940186,0.2903865812,508199.8118,702.96512,1,1,238.3371554,6,1,172.8292948,32,1,774.2141275,1,1,7,7,1.888319396,1.888319396,2074.689028,1351594,24,0.02887206752,559.667933,Official 311 files provide ward/FSA but no coordinates; CT count is an area-weighted ward-to-CT allocation using the existing municipal ward-to-CT crosswalk.,0.2903865812,0.491940186,0.182,"Census Profile characteristic 1491: percent of tenant households in subsidized housing, converted to a 0-1 share. Denominator is tenant households, not all households."
5350080.02,5350080.02,2021S05075350080.02,80.02,2021,4642,3870,3105,0.4,0.2629310345,0.4385775862,0.1206896552,38.8,2.2,0.4156928214,0.1818181818,0.193,0.7046004843,0.2929782082,0.8671789243,0.6127562642,0.1937046005,0.8199052133,0.0497630332,0.0663507109,11478.7,0.4483133841,0.0631120783,0.1773667029,0.8023255814,0.6104461371,0.9675675676,0.3881081081,0.464028777,0.1131465517,0.3374898114,0.3847834341,1047.905864,2723.365331,0.4604072342,0.4088962849,1429.564462,3496.154196,0.693188215,0.6962112131,2152.349408,3091.517871,0.4970284202,0.3275903364,0.3275903364,3.326689077,4,0.6994008226,0.1721883981,2.936703951,3,0.6594821893,0.4388884153,1.983306011,3,0.4957913733,0.4970139472,0.3206879319,424113.1125,700.1094416,1,1,343.3220431,6,1,192.3034821,46,1,131.6620327,1,1,3,1,0.6462731581,0.215424386,1731.379886,1351594,24,0.02409454118,372.9814489,Official 311 files provide ward/FSA but no coordinates; CT count is an area-weighted ward-to-CT allocation using the existing municipal ward-to-CT crosswalk.,0.3206879319,0.4970139472,0.21,"Census Profile characteristic 1491: percent of tenant households in subsidized housing, converted to a 0-1 share. Denominator is tenant households, not all households."
5350081.00,5350081.00,2021S05075350081.00,81,2021,2848,2235,2025,0.37,0.2021089631,0.4323374341,0.144112478,40.4,2.6,0.5653495441,0.0658362989,0.13,0.2547169811,0.7452830189,0.9251336898,0.7518939394,0,0.3944954128,0.1743119266,0.4311926606,7739.1,0.2200704225,0.0123239437,0.0774647887,0.9060402685,0.2310405644,0.9644760213,0.2486678508,0.3982300885,0.1423550088,0.585709914,0.5107001562,1186.062576,2322.424541,0.6825113348,0.5814469594,1382.085453,2376.975975,0.7640336204,0.7313142077,1547.168081,2115.599649,0.6774182897,0.2299968095,0.2299968095,3.393963096,4,0.7053592006,0.2189817468,2.750552847,3,0.6364367254,0.4756809267,1.917401575,3,0.4784608435,0.4911982615,0.2041715494,386076.4162,348.3426907,2,1,178.615757,3,1,71.05908994,24,1,1751.314331,0,0,1,0,0.3511235955,0,1576.121118,1351594,24,0.02193370562,553.413314,Official 311 files provide ward/FSA but no coordinates; CT count is an area-weighted ward-to-CT allocation using the existing municipal ward-to-CT crosswalk.,0.2041715494,0.4911982615,0.074,"Census Profile characteristic 1491: percent of tenant households in subsidized housing, converted to a 0-1 share. Denominator is tenant households, not all households."
5350082.00,5350082.00,2021S05075350082.00,82,2021,2647,2050,1905,0.31,0.1830188679,0.4320754717,0.1433962264,40,2.6,0.6038961039,0.0625,0.127,0.3192488263,0.6854460094,0.9036608863,0.7248995984,0.0093896714,0.3774509804,0.2696078431,0.3480392157,8583,0.2447418738,0.0248565966,0.0879541109,0.9292682927,0.2538167939,0.9716446125,0.2192816635,0.3697478992,0.1735849057,0.5559161456,0.501463278,1059.020257,2111.860038,0.6166702713,0.5639048976,1174.756867,2083.253527,0.7564662972,0.7207241668,1441.068296,1999.472701,0.6430175714,0.2595560743,0.2595560743,3.02008735,2,0.6688837494,0.4220095492,2.220188528,3,0.5495877996,0.500370009,2.009299335,3,0.5023140741,0.2845088291,0.3033059139,322926.1733,607.9593024,2,1,648.2811927,1,1,370.3549282,20,1,1886.523108,0,0,1,0,0.377786173,0,1205.901393,1351594,24,0.01503421172,455.5728722,Official 311 files provide ward/FSA but no coordinates; CT count is an area-weighted ward-to-CT allocation using the existing municipal ward-to-CT crosswalk.,0.3033059139,0.2845088291,0.059,"Census Profile characteristic 1491: percent of tenant households in subsidized housing, converted to a 0-1 share. Denominator is tenant households, not all households."
5350083.00,5350083.00,2021S05075350083.00,83,2021,3869,3265,2915,0.45,0.1989664083,0.4056847545,0.2235142119,44.4,2.1,0.5971896956,0.1582360571,0.111,0.4621848739,0.5378151261,0.8861256545,0.7038043478,0.0588235294,0.6166666667,0.1222222222,0.2333333333,8667.1,0.3320363165,0.0168612192,0.0791180285,0.8928024502,0.3480519481,0.9457364341,0.3036175711,0.3542857143,0.1124031008,0.5059455748,0.4729593339,1474.83135,3118.304777,0.5465539531,0.4820653837,1593.204773,3304.955774,0.8097050651,0.7801949747,2360.290265,3025.256944,0.6207348643,0.2773747294,0.2773747294,2.984949218,2,0.6649859254,0.4512786137,2.140830002,3,0.5328914491,0.4802197884,2.101599584,3,0.5241719651,0.3387857543,0.1798808023,468516.8726,578.656284,1,1,1068.509343,1,1,209.2830158,19,1,1320.167175,0,0,2,1,0.5169294391,0.2584647196,1749.507656,1351594,24,0.0218102307,452.1860056,Official 311 files provide ward/FSA but no coordinates; CT count is an area-weighted ward-to-CT allocation using the existing municipal ward-to-CT crosswalk.,0.1798808023,0.3387857543,0.406,"Census Profile characteristic 1491: percent of tenant households in subsidized housing, converted to a 0-1 share. Denominator is tenant households, not all households."
5350084.00,5350084.00,2021S05075350084.00,84,2021,3552,2810,2720,0.41,0.1929577465,0.4267605634,0.1633802817,41.6,2.4,0.7506234414,0.0779036827,0.128,0.3366666667,0.6633333333,0.9359673025,0.7880512091,0.0133333333,0.5068493151,0.2260273973,0.2534246575,8684.6,0.2692828146,0.0297699594,0.0676589986,0.9679715302,0.1853856563,0.9830268741,0.2093352192,0.204379562,0.1605633803,0.554666888,0.5144259334,1508.693935,2932.771926,0.5132216241,0.4766788528,1395.962818,2928.518455,0.789946191,0.7281308939,2148.65364,2950.916734,0.6192782344,0.2098582996,0.2098582996,3.211817114,3,0.6886497691,0.352954046,2.385123694,3,0.5807345328,0.5129222718,1.919577085,3,0.4790519183,0.1823485651,0.1853274487,429009.3264,520.0999779,1,1,398.5474236,1,1,206.517955,33,1,1165.153086,1,1,0,1,0,0.2815315315,1601.980942,1351594,24,0.01997108947,451.0081481,Official 311 files provide ward/FSA but no coordinates; CT count is an area-weighted ward-to-CT allocation using the existing municipal ward-to-CT crosswalk.,0.1853274487,0.1823485651,0.108,"Census Profile characteristic 1491: percent of tenant households in subsidized housing, converted to a 0-1 share. Denominator is tenant households, not all households."
5350085.00,5350085.00,2021S05075350085.00,85,2021,4160,3575,3185,0.49,0.2043269231,0.4242788462,0.21875,44.8,1.9,0.6294736842,0.1313253012,0.15,0.6503496503,0.3496503497,0.9080604534,0.6822916667,0.0932400932,0.7437070938,0.1350114416,0.0961098398,8409.1,0.2747804266,0.0301129235,0.0639899624,0.8909090909,0.2045169385,0.9819277108,0.2084337349,0.2840909091,0.1081730769,0.5195243825,0.4614989267,1654.685158,3585.458303,0.5702819531,0.5119946577,1816.348021,3547.591744,0.7869601293,0.7662615818,2506.468012,3271.034424,0.6255888216,0.3115464792,0.3115464792,2.904112704,3,0.6556607467,0.402519825,2.21907311,3,0.5493613997,0.5341600959,1.916035841,3,0.4780890948,0.4807920132,0.2608959556,523709.0735,1178.280965,1,1,719.9696033,1,1,181.1829006,49,1,1480.069169,0,0,0,24,0,5.769230769,1956.394915,1351594,24,0.02439331986,470.2872392,Official 311 files provide ward/FSA but no coordinates; CT count is an area-weighted ward-to-CT allocation using the existing municipal ward-to-CT crosswalk.,0.2608959556,0.4807920132,0.129,"Census Profile characteristic 1491: percent of tenant households in subsidized housing, converted to a 0-1 share. Denominator is tenant households, not all households."
5350086.00,5350086.00,2021S05075350086.00,86,2021,2528,1965,1850,1.14,0.1702970297,0.403960396,0.1861386139,45.2,2.8,0.8024193548,0.0555555556,0.082,0.1264367816,0.8735632184,0.9094567404,0.7384937238,0.0114942529,0.2,0.75,0.0444444444,2219.5,0.218875502,0.0200803213,0.0542168675,0.941475827,0.2012072435,0.996039604,0.1445544554,0.1848739496,0.1683168317,0.4631147067,0.4190222367,856.7622074,2044.670025,0.5059409693,0.4176590109,935.9907932,2241.040582,0.6401477187,0.5191110008,1184.27328,2281.34884,0.5364011316,0.3024173895,0.3024173895,3.082432825,4,0.6755809269,0.04509229709,3.094655176,3,0.6768622211,0.3255384394,2.042191584,3,0.510329977,0.05983040561,0.09229177316,1197364.998,1640.646283,0,0,1829.179961,0,0,25.56985173,48,1,1326.32784,0,0,2,0,0.7911392405,0,6080.986392,1351594,24,0.08394302896,2405.453478,Official 311 files provide ward/FSA but no coordinates; CT count is an area-weighted ward-to-CT allocation using the existing municipal ward-to-CT crosswalk.,0.09229177316,0.05983040561,0,"Census Profile characteristic 1491: percent of tenant households in subsidized housing, converted to a 0-1 share. Denominator is tenant households, not all households."
5350087.00,5350087.00,2021S05075350087.00,87,2021,4814,4190,3935,1.6,0.1401869159,0.3478712357,0.3624091381,56.8,2,0.7511312217,0.0740354536,0.077,0.3106995885,0.6913580247,0.8816872428,0.6334033613,0.4156378601,0.64,0.2484210526,0.0947368421,3002.4,0.2471794872,0.0297435897,0.0676923077,0.9391408115,0.1147540984,0.9979231568,0.1630321911,0.1497326203,0.1090342679,0.5069295257,0.4619012582,1994.767684,4318.601971,0.5242316001,0.4548348717,2062.851346,4535.385202,0.6475676938,0.6367288258,2548.178875,4001.984474,0.5595762732,0.173262898,0.173262898,3.17143236,4,0.6846850614,0.07981009862,3.196881107,3,0.6871951235,0.329669469,2.05740414,3,0.5139506233,0.2681746565,0.1770507517,1690125.273,904.6645955,3,1,1121.729718,1,1,178.2441606,63,1,692.2664159,1,1,1,14,0.2077274616,2.908184462,8716.206717,1351594,24,0.1227694417,1810.595496,Official 311 files provide ward/FSA but no coordinates; CT count is an area-weighted ward-to-CT allocation using the existing municipal ward-to-CT crosswalk.,0.1770507517,0.2681746565,0,"Census Profile characteristic 1491: percent of tenant households in subsidized housing, converted to a 0-1 share. Denominator is tenant households, not all households."
5350088.00,5350088.00,2021S05075350088.00,88,2021,3127,2905,2280,0.23,0.2704,0.3648,0.2816,47.6,1.7,0.7341040462,0.1506410256,0.112,0.4822888283,0.5177111717,0.8295081967,0.5376884422,0.7302452316,0.9651474531,0,0.0134048257,13613.4,0.4511400651,0.0895765472,0.2117263844,0.7848537005,0.4406504065,0.9888,0.376,0.3728813559,0.0496,0.574921469,0.423220925,1310.820949,3097.249856,0.560962499,0.4458216074,1278.994498,2868.848159,0.7328851815,0.5363831062,1670.978214,3115.270027,0.6229230498,0.03781673733,0.03781673733,3.398058029,4,0.7057142663,0.03856347083,3.215914512,3,0.6890464606,0.3646072924,2.077202284,3,0.5185832368,0.4906239271,0.1445242339,240905.9175,239.5242224,3,1,953.2652291,1,1,29.11906863,54,1,827.5290179,2,1,5,5,1.598976655,1.598976655,1224.386537,1351594,24,0.01691789732,391.5530977,Official 311 files provide ward/FSA but no coordinates; CT count is an area-weighted ward-to-CT allocation using the existing municipal ward-to-CT crosswalk.,0.1445242339,0.4906239271,0.102,"Census Profile characteristic 1491: percent of tenant households in subsidized housing, converted to a 0-1 share. Denominator is tenant households, not all households."
5350089.00,5350089.00,2021S05075350089.00,89,2021,5349,5030,3640,0.33,0.3242990654,0.3420560748,0.2635514019,44,1.6,0.7169811321,0.2060843965,0.113,0.4878836834,0.5121163166,0.6531671859,0.3991507431,0.8804523425,0.9550387597,0.0062015504,0.0170542636,16223.8,0.397515528,0.0745341615,0.198757764,0.7236580517,0.384057971,0.9878618114,0.339869281,0.1603773585,0.0345794393,0.3917853358,0.4128371463,1426.098622,3454.385428,0.4504661372,0.3759212173,1639.696739,4361.809506,0.6647872889,0.5458028924,2419.825732,4433.515772,0.5023462539,0.0623292371,0.0623292371,3.389737788,4,0.7049919308,0.02559358441,3.150993703,3,0.6826397974,0.2356039357,2.193879646,3,0.5441864819,0.4379152695,0.2487873546,345440.4806,283.1543983,3,1,1521.445838,0,0,100.26628,51,1,1191.280875,1,1,8,44,1.495606655,8.225836605,1754.399011,1351594,24,0.02421798143,327.9863546,Official 311 files provide ward/FSA but no coordinates; CT count is an area-weighted ward-to-CT allocation using the existing municipal ward-to-CT crosswalk.,0.2487873546,0.4379152695,0,"Census Profile characteristic 1491: percent of tenant households in subsidized housing, converted to a 0-1 share. Denominator is tenant households, not all households."
5350090.00,5350090.00,2021S05075350090.00,90,2021,4020,3685,3245,0.39,0.2176616915,0.3793532338,0.3097014925,51.2,1.7,0.7489361702,0.1368421053,0.094,0.4505263158,0.5473684211,0.8461538462,0.6043256997,0.5010526316,0.7750556793,0.0311804009,0.0890868597,10231.6,0.3399014778,0.0517241379,0.1169950739,0.8805970149,0.2389162562,0.9845559846,0.2676962677,0.2,0.0584577114,0.4637152102,0.4737954065,1504.755857,3175.961262,0.5066260246,0.433461114,1644.00145,3792.731105,0.7460041399,0.6536600306,2420.783434,3703.428878,0.5721151249,0.02778661138,0.02778661138,3.62665941,5,0.7242641542,0.008844150471,3.153242081,3,0.6828660869,0.3444341975,2.08326057,3,0.5199832348,0.4522924529,0.1768315395,412345.8211,652.4413965,2,1,1167.928149,1,1,0,54,1,940.0843377,3,1,3,48,0.7462686567,11.94029851,2091.909832,1351594,24,0.02891590363,520.3755801,Official 311 files provide ward/FSA but no coordinates; CT count is an area-weighted ward-to-CT allocation using the existing municipal ward-to-CT crosswalk.,0.1768315395,0.4522924529,0.144,"Census Profile characteristic 1491: percent of tenant households in subsidized housing, converted to a 0-1 share. Denominator is tenant households, not all households."
5350091.01,5350091.01,2021S05075350091.01,91.01,2021,5739,5360,4160,0.51,0.3318815331,0.3162020906,0.2709059233,42.8,1.7,0.7676609105,0.1584342964,0.12,0.6574500768,0.3425499232,0.7731481481,0.48905804,0.3394777266,0.9090909091,0.0292758089,0.0477657935,11222.1,0.3397612489,0.0642791552,0.1597796143,0.776119403,0.303030303,0.9900722022,0.2626353791,0.2720588235,0.0479094077,0.4736138508,0.4379983377,1970.233619,4498.267345,0.4206690131,0.3677873695,1749.983094,4758.138097,0.719812227,0.6041252979,2994.418864,4956.618892,0.538031697,0.1213233165,0.1213233165,3.222528777,3,0.6896846951,0.08471005083,3.063805455,3,0.673608519,0.3976059437,2.073579833,3,0.5177422234,0.5564598581,0.2024050218,536455.9672,482.7266118,3,1,1248.92198,0,0,75.5230294,50,1,627.7887902,1,1,1,58,0.1742463844,10.10629029,2724.515137,1351594,24,0.03760960681,474.7369117,Official 311 files provide ward/FSA but no coordinates; CT count is an area-weighted ward-to-CT allocation using the existing municipal ward-to-CT crosswalk.,0.2024050218,0.5564598581,0.023,"Census Profile characteristic 1491: percent of tenant households in subsidized housing, converted to a 0-1 share. Denominator is tenant households, not all households."
5350091.02,5350091.02,2021S05075350091.02,91.02,2021,3421,3115,2650,0.32,0.3211678832,0.401459854,0.1722627737,40,1.7,0.6129807692,0.1843317972,0.13,0.719160105,0.2834645669,0.8199052133,0.5207006369,0.157480315,0.908616188,0.0313315927,0.0391644909,10591.3,0.3039370079,0.0377952756,0.094488189,0.8507223114,0.2818897638,0.9911111111,0.2488888889,0.2751677852,0.0656934307,0.460449416,0.4052767951,1220.190953,3010.759479,0.5477050411,0.4143359051,1451.418359,3502.999236,0.7079249227,0.6460080567,1876.001045,2903.990168,0.57202646,0.2123027879,0.2123027879,3.291807256,4,0.6962155065,0.1735543499,2.890099027,3,0.6539910949,0.387737802,2.10611045,3,0.5251910935,0.555112826,0.2030886295,338732.3881,854.1279608,2,1,1148.176633,2,1,209.1942825,53,1,405.0532215,1,1,6,7,1.753873137,2.046185326,1718.539583,1351594,24,0.02375346986,502.3500681,Official 311 files provide ward/FSA but no coordinates; CT count is an area-weighted ward-to-CT allocation using the existing municipal ward-to-CT crosswalk.,0.2030886295,0.555112826,0.281,"Census Profile characteristic 1491: percent of tenant households in subsidized housing, converted to a 0-1 share. Denominator is tenant households, not all households."
5350092.00,5350092.00,2021S05075350092.00,92,2021,6818,6085,5245,0.63,0.383431085,0.3570381232,0.146627566,35.6,1.9,0.7159090909,0.1081893313,0.122,0.7331420373,0.2668579627,0.7775297619,0.5007598784,0.0573888092,0.8721264368,0.0402298851,0.0560344828,10894.9,0.2426035503,0.0517751479,0.1153846154,0.8619556286,0.2840236686,0.9896983076,0.2155997057,0.298630137,0.0784457478,0.5010355693,0.4382705715,2627.931561,5996.139672,0.5630608561,0.44471226,2953.25419,6640.82027,0.7043741191,0.6389197417,3694.442255,5782.326031,0.5894901815,0.3970071738,0.3970071738,2.580073953,3,0.6124142105,0.292842262,2.489748824,3,0.5983530586,0.4378282755,2.124261831,3,0.529248238,0.5837663137,0.1966883319,656236.3961,485.8560433,2,1,501.2190093,3,1,89.63211225,43,1,451.8864975,2,1,3,22,0.4400117336,3.226752713,3332.578092,1351594,24,0.04600798573,488.7911546,Official 311 files provide ward/FSA but no coordinates; CT count is an area-weighted ward-to-CT allocation using the existing municipal ward-to-CT crosswalk.,0.1966883319,0.5837663137,0.012,"Census Profile characteristic 1491: percent of tenant households in subsidized housing, converted to a 0-1 share. Denominator is tenant households, not all households."
5350093.00,5350093.00,2021S05075350093.00,93,2021,5358,4505,3770,0.62,0.2751865672,0.3917910448,0.1707089552,39.2,2.3,0.6992,0.0972762646,0.111,0.4570135747,0.5452488688,0.8251256281,0.6270833333,0.0407239819,0.5878378378,0.0990990991,0.2342342342,8705.1,0.2693836978,0.0457256461,0.097415507,0.8368479467,0.2157057654,0.9747817653,0.2279340446,0.2288135593,0.1175373134,0.577842118,0.4715793075,2178.464785,4619.508851,0.6046812341,0.5052426421,2279.648253,4511.987039,0.7837508606,0.6882115442,2954.740744,4293.361205,0.6554247376,0.3545709318,0.3545709318,2.675855894,3,0.6262877973,0.3041643109,2.46199241,3,0.5938249054,0.4552603468,2.110019206,3,0.5260706646,0.3798266316,0.17406831,645783.7891,457.7277754,3,1,300.6716322,4,1,155.6559278,37,1,448.6595605,2,1,5,3,0.9331840239,0.5599104143,3279.759921,1351594,24,0.04527431675,612.1239121,Official 311 files provide ward/FSA but no coordinates; CT count is an area-weighted ward-to-CT allocation using the existing municipal ward-to-CT crosswalk.,0.17406831,0.3798266316,0.034,"Census Profile characteristic 1491: percent of tenant households in subsidized housing, converted to a 0-1 share. Denominator is tenant households, not all households."
5350094.00,5350094.00,2021S05075350094.00,94,2021,4699,4040,3660,0.64,0.2946808511,0.4138297872,0.1446808511,38,2.4,0.5405405405,0.098185699,0.149,0.455,0.5425,0.8546209761,0.6549145299,0.0075,0.556122449,0.1964285714,0.1913265306,7373.3,0.3583934089,0.0339855819,0.114315139,0.9059405941,0.3264675592,0.9287234043,0.3457446809,0.2568493151,0.1042553191,0.5314337085,0.476243277,1945.047373,4084.146627,0.5654932362,0.5021848487,2069.705244,4121.401213,0.6971323414,0.6493994739,2551.504369,3929.021307,0.598019762,0.3557160329,0.3557160329,2.631185961,3,0.6199432443,0.287664969,2.621990707,3,0.618610395,0.4274708052,2.134538216,3,0.5315145952,0.3550270393,0.1676184218,668422.8157,838.2343074,3,1,624.403688,3,1,200.7860881,23,1,475.2467513,1,1,1,7,0.2128112364,1.489678655,3394.739159,1351594,24,0.04686147758,722.4386377,Official 311 files provide ward/FSA but no coordinates; CT count is an area-weighted ward-to-CT allocation using the existing municipal ward-to-CT crosswalk.,0.1676184218,0.3550270393,0.071,"Census Profile characteristic 1491: percent of tenant households in subsidized housing, converted to a 0-1 share. Denominator is tenant households, not all households."
5350095.00,5350095.00,2021S05075350095.00,95,2021,2913,2545,2100,0.31,0.2915951973,0.4185248714,0.1595197256,38.8,2.3,0.6093294461,0.0963855422,0.136,0.4534412955,0.5465587045,0.876155268,0.6863117871,0,0.6023622047,0.1417322835,0.2125984252,9253.5,0.3558394161,0.0310218978,0.0948905109,0.8251473477,0.2877959927,0.9450171821,0.3298969072,0.2937062937,0.0977701544,0.5443623883,0.4386639835,1143.161015,2606.006097,0.557791532,0.4711929163,1171.362217,2485.950397,0.6863739543,0.6076646563,1441.385304,2372.007799,0.5961759582,0.3113517016,0.3113517016,2.627959077,2,0.6194765707,0.4482539622,2.24133633,3,0.5538375984,0.3589651557,2.424373492,3,0.5875223009,0.6909506412,0.2895043903,330106.912,799.0917026,2,1,838.0725537,3,1,265.226589,25,1,870.351007,1,1,1,2,0.3432887058,0.6865774116,1879.278977,1351594,24,0.02601066447,645.135248,Official 311 files provide ward/FSA but no coordinates; CT count is an area-weighted ward-to-CT allocation using the existing municipal ward-to-CT crosswalk.,0.2895043903,0.6909506412,0,"Census Profile characteristic 1491: percent of tenant households in subsidized housing, converted to a 0-1 share. Denominator is tenant households, not all households."
5350096.01,5350096.01,2021S05075350096.01,96.01,2021,1610,1375,1200,0.2,0.2453416149,0.4409937888,0.152173913,40.8,2.5,0.4020618557,0.0872274143,0.154,0.4135338346,0.5789473684,0.9003215434,0.6970684039,0.015037594,0.5968992248,0.1395348837,0.1317829457,8094.5,0.4230769231,0.0192307692,0.1153846154,0.8727272727,0.358974359,0.9378881988,0.400621118,0.2941176471,0.1055900621,0.5435848014,0.4496028632,652.3017616,1450.839875,0.5719605168,0.4739258854,686.3526202,1448.227753,0.6729466256,0.6181774926,807.5359507,1306.317296,0.5961639813,0.253250678,0.253250678,2.671589176,2,0.6256909524,0.4465171347,2.299220396,3,0.5650699681,0.3129489271,2.549804872,3,0.6078131269,0.4355360646,0.3327688036,208557.3044,922.7259433,3,1,328.4241129,1,1,260.1727566,28,1,889.0044587,1,1,1,0,0.6211180124,0,1187.548936,1351594,24,0.01643666348,737.6080349,Official 311 files provide ward/FSA but no coordinates; CT count is an area-weighted ward-to-CT allocation using the existing municipal ward-to-CT crosswalk.,0.3327688036,0.4355360646,0,"Census Profile characteristic 1491: percent of tenant households in subsidized housing, converted to a 0-1 share. Denominator is tenant households, not all households."
5350096.02,5350096.02,2021S05075350096.02,96.02,2021,3156,2765,2490,0.35,0.2995245642,0.4009508716,0.1664025357,38.8,2.3,0.5035460993,0.0961538462,0.116,0.4680851064,0.5319148936,0.8299531981,0.6181229773,0.0460992908,0.6630434783,0.1268115942,0.1086956522,9037.8,0.3312693498,0.0386996904,0.1068111455,0.9005424955,0.3007751938,0.9379968203,0.3386327504,0.2793296089,0.0903328051,0.515599997,0.460688957,1283.843993,2786.791333,0.527323862,0.4865133688,1313.036416,2698.870166,0.6524223658,0.6443371162,1624.531691,2521.244935,0.5651154083,0.250538132,0.250538132,2.666499218,2,0.624976451,0.4659871821,2.213623417,3,0.548251978,0.3345376764,2.471222196,3,0.5953419318,0.4376019798,0.3340431448,366120.3462,404.4316911,1,1,649.9161065,2,1,124.3346524,24,1,985.3326363,2,1,0,1,0,0.3168567807,2084.73076,1351594,24,0.02885440498,660.5610773,Official 311 files provide ward/FSA but no coordinates; CT count is an area-weighted ward-to-CT allocation using the existing municipal ward-to-CT crosswalk.,0.3340431448,0.4376019798,0.023,"Census Profile characteristic 1491: percent of tenant households in subsidized housing, converted to a 0-1 share. Denominator is tenant households, not all households."
5350097.01,5350097.01,2021S05075350097.01,97.01,2021,3929,3380,2750,0.38,0.2824427481,0.3893129771,0.1730279898,39.2,2.5,0.4989858012,0.1127320955,0.177,0.5245901639,0.4721311475,0.8670212766,0.7029972752,0.006557377,0.7425742574,0.1188118812,0.1155115512,10342.2,0.4546649146,0.0407358739,0.1406044678,0.8136094675,0.5006570302,0.9185750636,0.4185750636,0.3660714286,0.1005089059,0.427795585,0.4083108213,1176.437859,2881.231154,0.4802129769,0.425764806,1320.585687,3101.678833,0.638749966,0.6342928939,1756.562407,2769.323799,0.515586176,0.20832661,0.20832661,2.776367652,2,0.6398171548,0.433690136,2.291439554,3,0.5635931142,0.3367785565,2.451063614,3,0.592013853,0.4618058932,0.2556441549,398565.4742,596.7401223,2,1,752.705291,1,1,175.8069012,26,1,326.5419314,2,1,0,4,0,1.018070756,2269.476997,1351594,24,0.03141144633,577.6220405,Official 311 files provide ward/FSA but no coordinates; CT count is an area-weighted ward-to-CT allocation using the existing municipal ward-to-CT crosswalk.,0.2556441549,0.4618058932,0.145,"Census Profile characteristic 1491: percent of tenant households in subsidized housing, converted to a 0-1 share. Denominator is tenant households, not all households."
5350097.03,5350097.03,2021S05075350097.03,97.03,2021,2078,1840,1410,0.17,0.375,0.4014423077,0.0889423077,35.2,1.7,0.4466019417,0.229468599,0.171,0.6446280992,0.3512396694,0.7855477855,0.3516746411,0.4669421488,0.9421487603,0.020661157,0.020661157,12391.2,0.4331797235,0.0921658986,0.2580645161,0.7663043478,0.5046082949,0.9567307692,0.3918269231,0.4057971014,0.0721153846,0.4580632556,0.3997304892,645.8691905,1615.761639,0.5202849446,0.5099453232,733.6017719,1438.589077,0.6520314349,0.5362119205,919.3643231,1714.554056,0.5434598784,0.3878122761,0.3878122761,2.527144427,3,0.6042964584,0.3707966406,2.419645108,3,0.5867162516,0.3336677887,2.517639121,3,0.6028024861,0.460836318,0.2553818389,175770.3735,616.8787601,3,1,261.2912036,2,1,75.22644355,31,1,306.0490447,2,1,0,3,0,1.443695861,1000.856435,1351594,24,0.01385268422,481.6440976,Official 311 files provide ward/FSA but no coordinates; CT count is an area-weighted ward-to-CT allocation using the existing municipal ward-to-CT crosswalk.,0.2553818389,0.460836318,0.192,"Census Profile characteristic 1491: percent of tenant households in subsidized housing, converted to a 0-1 share. Denominator is tenant households, not all households."
5350097.04,5350097.04,2021S05075350097.04,97.04,2021,5031,4410,3435,0.32,0.3349900596,0.416500994,0.1133200795,36.4,2.2,0.4024205749,0.0958627649,0.155,0.5376106195,0.4646017699,0.8500517063,0.5862808146,0.3030973451,0.8074398249,0.0743982495,0.0787746171,15575.9,0.4139344262,0.0614754098,0.1782786885,0.7789115646,0.356557377,0.9174219537,0.4098690836,0.3234421365,0.0844930417,0.4288342198,0.3743145436,1473.045545,3935.314751,0.5151142853,0.446846818,1769.41757,3959.785544,0.6369104668,0.614648441,2187.787454,3559.412678,0.5269529906,0.2530025563,0.2530025563,2.751530127,2,0.6365658547,0.394771244,2.38239908,3,0.5802550427,0.3596951266,2.448325866,3,0.5915576378,0.4618714727,0.2556786141,338724.6618,536.5292098,2,1,458.280046,1,1,156.500991,33,1,282.8753103,2,1,4,9,0.7950705625,1.788908766,1928.736627,1351594,24,0.02669531664,383.3704287,Official 311 files provide ward/FSA but no coordinates; CT count is an area-weighted ward-to-CT allocation using the existing municipal ward-to-CT crosswalk.,0.2556786141,0.4618714727,0.025,"Census Profile characteristic 1491: percent of tenant households in subsidized housing, converted to a 0-1 share. Denominator is tenant households, not all households."
5350098.00,5350098.00,2021S05075350098.00,98,2021,6976,5785,5130,0.72,0.2516129032,0.4301075269,0.1326164875,38.8,2.3,0.5116537181,0.1211469534,0.128,0.4733333333,0.5266666667,0.8858381503,0.6681818182,0.1716666667,0.7433333333,0.05,0.1533333333,9734.9,0.3591397849,0.0258064516,0.0996415771,0.8867761452,0.3450502152,0.9477077364,0.3381088825,0.3042328042,0.1132616487,0.4991209811,0.4701679284,2560.490633,5445.906618,0.6154545639,0.5088114564,3157.281913,6205.209951,0.8218266434,0.7498880135,4215.970681,5622.133712,0.6454673961,0.2367807452,0.2367807452,2.749483758,2,0.6362953602,0.4276183849,2.247541896,3,0.555069473,0.4201284686,2.274202024,3,0.5602853267,0.4464525631,0.2427991896,751531.3478,356.9217275,1,1,1032.011605,2,1,108.0886316,32,1,597.2496281,3,1,1,33,0.1433486239,4.730504587,4278.128665,1351594,24,0.05921550264,613.2638568,Official 311 files provide ward/FSA but no coordinates; CT count is an area-weighted ward-to-CT allocation using the existing municipal ward-to-CT crosswalk.,0.2427991896,0.4464525631,0.3,"Census Profile characteristic 1491: percent of tenant households in subsidized housing, converted to a 0-1 share. Denominator is tenant households, not all households."
5350099.00,5350099.00,2021S05075350099.00,99,2021,6282,5315,4545,0.58,0.2673031026,0.4391408115,0.1264916468,38.4,2,0.6179640719,0.128,0.134,0.6461038961,0.3522727273,0.8508420209,0.6203473945,0.0665584416,0.786407767,0.1051779935,0.0987055016,10808.7,0.3179282869,0.0549800797,0.1378486056,0.8551269991,0.3107569721,0.9824980111,0.3221957041,0.3939393939,0.1042163882,0.4986679787,0.47343565,2266.445963,4787.231303,0.6171810248,0.5437930613,2805.087758,5158.373576,0.7274426184,0.7050185301,3306.226701,4689.560004,0.6144305407,0.2981506535,0.2981506535,2.997236377,3,0.6663593143,0.191782263,2.840445147,3,0.6479425061,0.3525480329,2.403060659,3,0.5838640211,0.4752245756,0.3711469823,609843.4431,926.1935141,2,1,410.3243018,1,1,170.171785,23,1,924.1189034,2,1,4,32,0.6367398918,5.093919134,2602.75439,1351594,24,0.03798352178,414.3193872,Official 311 files provide ward/FSA but no coordinates; CT count is an area-weighted ward-to-CT allocation using the existing municipal ward-to-CT crosswalk.,0.3711469823,0.4752245756,0.088,"Census Profile characteristic 1491: percent of tenant households in subsidized housing, converted to a 0-1 share. Denominator is tenant households, not all households."
5350100.00,5350100.00,2021S05075350100.00,100,2021,2961,2500,2160,0.29,0.2432432432,0.4662162162,0.1233108108,39.6,2,0.6147757256,0.1054481547,0.138,0.3568904594,0.6431095406,0.8398510242,0.6038461538,0.5088339223,0.875,0.0381944444,0.0625,10360.4,0.3339449541,0.0275229358,0.0697247706,0.864,0.328440367,0.9828473413,0.2212692967,0.2738853503,0.1013513514,0.5663755779,0.5175676766,1223.371248,2363.693297,0.5980059019,0.5630187056,1291.692748,2294.227057,0.8300967927,0.7280116736,1793.009072,2462.885057,0.6648260908,0.4227074176,0.4227074176,2.533668881,2,0.605315435,0.2022380149,2.726974191,3,0.6332931924,0.2846284879,2.485780322,3,0.5977118368,0.445017917,0.2249647988,299520.0909,457.5835666,3,1,800.1631229,2,1,70.40694133,27,1,211.8289529,1,1,1,17,0.337723742,5.741303614,1277.400812,1351594,24,0.01864463262,431.4085823,Official 311 files provide ward/FSA but no coordinates; CT count is an area-weighted ward-to-CT allocation using the existing municipal ward-to-CT crosswalk.,0.2249647988,0.445017917,0.049,"Census Profile characteristic 1491: percent of tenant households in subsidized housing, converted to a 0-1 share. Denominator is tenant households, not all households."
5350101.00,5350101.00,2021S05075350101.00,101,2021,3246,2740,2615,0.43,0.2881355932,0.43605547,0.1124807396,37.6,2.1,0.5950782998,0.0909090909,0.131,0.6185897436,0.3782051282,0.8674698795,0.5956112853,0.0352564103,0.7475083056,0.0996677741,0.0697674419,7603.7,0.1928783383,0.0148367953,0.0519287834,0.954379562,0.1810089021,0.9875,0.1984375,0.1914893617,0.1124807396,0.4385132486,0.4375157897,1146.712145,2620.96174,0.5636249769,0.5087249084,1473.879315,2897.202968,0.6622629778,0.6219566542,1731.817687,2784.466852,0.5548004011,0.3311236659,0.3311236659,2.871790889,3,0.6517852313,0.1597563944,2.940037865,3,0.6598683262,0.2809610125,2.520039146,3,0.6031807674,0.3143911642,0.1539474356,447679.1707,146.7686641,1,1,596.3570604,2,1,345.6957833,28,1,425.7976102,1,1,2,14,0.6161429452,4.313000616,1906.968524,1351594,24,0.02784058228,587.4826013,Official 311 files provide ward/FSA but no coordinates; CT count is an area-weighted ward-to-CT allocation using the existing municipal ward-to-CT crosswalk.,0.1539474356,0.3143911642,0,"Census Profile characteristic 1491: percent of tenant households in subsidized housing, converted to a 0-1 share. Denominator is tenant households, not all households."
5350102.02,5350102.02,2021S05075350102.02,102.02,2021,4561,4105,3285,0.12,0.3223684211,0.4100877193,0.1524122807,38,1.7,0.5922953451,0.1698113208,0.158,0.9547169811,0.0471698113,0.7691428571,0.5029308324,0.0698113208,0.9907063197,0,0,39420.9,0.4221218962,0.0744920993,0.1693002257,0.8002436054,0.3656884876,0.9833518313,0.384017758,0.4573643411,0.0657894737,0.5615947563,0.4849709797,1844.838774,3804.018903,0.7273375741,0.5560525529,2389.303931,4296.903086,0.7397008769,0.6951266186,2429.91738,3495.647146,0.6762110691,0.3500069416,0.3500069416,2.954009412,3,0.6614770434,0.2011471565,2.896652341,3,0.6547738968,0.2862926207,2.642380275,3,0.621553336,0.5013845608,0.2693388423,121302.8423,758.2390829,2,1,442.1592671,2,1,199.3779994,18,1,1194.378217,1,1,0,4,0,0.8770006578,516.7108886,1351594,24,0.007543665158,113.2889473,Official 311 files provide ward/FSA but no coordinates; CT count is an area-weighted ward-to-CT allocation using the existing municipal ward-to-CT crosswalk.,0.2693388423,0.5013845608,0.16,"Census Profile characteristic 1491: percent of tenant households in subsidized housing, converted to a 0-1 share. Denominator is tenant households, not all households."
5350102.03,5350102.03,2021S05075350102.03,102.03,2021,3576,3165,2565,0.13,0.3006993007,0.4447552448,0.1272727273,38,1.8,0.6581027668,0.149859944,0.125,0.8813559322,0.1186440678,0.7991631799,0.5172413793,0.181598063,0.972972973,0.0147420147,0.0049140049,27318.6,0.4511691884,0.0949105915,0.1856946355,0.8104265403,0.2902338377,0.9860335196,0.4231843575,0.4082568807,0.0811188811,0.5725047237,0.4844555559,1468.474616,3031.185417,0.6713762746,0.5685864813,1722.080144,3028.703989,0.7744361662,0.7042544372,1986.428766,2820.612355,0.6727723882,0.3148451837,0.3148451837,3.11143096,4,0.6786044708,0.1783906626,3.054074932,3,0.6725686101,0.2800205854,2.663430573,3,0.6245443714,0.501648805,0.2694442756,137077.3214,884.0852527,2,1,184.7914135,2,1,86.95340076,22,1,1086.756497,1,1,0,1,0,0.2796420582,583.9050693,1351594,24,0.008524659386,163.2844154,Official 311 files provide ward/FSA but no coordinates; CT count is an area-weighted ward-to-CT allocation using the existing municipal ward-to-CT crosswalk.,0.2694442756,0.501648805,0.019,"Census Profile characteristic 1491: percent of tenant households in subsidized housing, converted to a 0-1 share. Denominator is tenant households, not all households."
5350102.04,5350102.04,2021S05075350102.04,102.04,2021,706,550,515,0.1,0.1985815603,0.4184397163,0.1489361702,38.4,2.4,0.7159090909,0.085106383,0.161,0.5087719298,0.4912280702,0.7985074627,0.5234375,0,0.6206896552,0.2931034483,0.0862068966,6969.4,0.1791044776,0.0223880597,0.0671641791,0.9363636364,0.1555555556,0.9929078014,0.2056737589,0.34375,0.170212766,0.5007534884,0.4730749428,257.8880465,545.1314859,0.4280870012,0.5471896784,220.4648056,402.9038089,0.6876749698,0.6507013214,354.1526094,544.2629326,0.5388384865,0.2371439929,0.2371439929,3.004478475,3,0.6671635332,0.1741940046,2.915845572,3,0.6570463095,0.295986551,2.485128869,3,0.5976063807,0.5013057715,0.2693141667,106431.1174,528.0845462,2,1,501.3088755,2,1,253.2179406,23,1,854.4625423,1,1,0,0,0,0,453.3621487,1351594,24,0.006618812028,642.156018,Official 311 files provide ward/FSA but no coordinates; CT count is an area-weighted ward-to-CT allocation using the existing municipal ward-to-CT crosswalk.,0.2693141667,0.5013057715,0,"Census Profile characteristic 1491: percent of tenant households in subsidized housing, converted to a 0-1 share. Denominator is tenant households, not all households."
5350102.05,5350102.05,2021S05075350102.05,102.05,2021,842,655,540,0.12,0.224852071,0.4319526627,0.1065088757,37.2,2.4,0.724137931,0.0658682635,0.108,0.3538461538,0.6461538462,0.8851351351,0.5957446809,0,0.4637681159,0.2028985507,0.2608695652,7075.6,0.2416107383,0.033557047,0.0805369128,0.8244274809,0.1610738255,0.994011976,0.2095808383,0.2558139535,0.1656804734,0.2646813689,0.5876349761,142.9279392,243.2257184,0.3933953156,0.5641984077,212.4334704,376.5226337,0.7262415204,0.6652962859,392.170421,589.4673236,0.4614394016,0.3650924969,0.3650924969,2.847579061,3,0.6488245002,0.1820789625,2.897288522,3,0.6548497009,0.2351111859,2.584768029,3,0.613118087,0.5016673676,0.2694624935,124965.6455,473.6730364,2,1,301.1253308,2,1,54.01952431,24,1,695.4122588,1,1,0,1,0,1.187648456,532.3132458,1351594,24,0.007771450096,632.2010045,Official 311 files provide ward/FSA but no coordinates; CT count is an area-weighted ward-to-CT allocation using the existing municipal ward-to-CT crosswalk.,0.2694624935,0.5016673676,0,"Census Profile characteristic 1491: percent of tenant households in subsidized housing, converted to a 0-1 share. Denominator is tenant households, not all households."
5350103.00,5350103.00,2021S05075350103.00,103,2021,6195,5095,4750,0.84,0.1751412429,0.4059725585,0.2324455206,45.2,2.3,0.7204783259,0.0659983292,0.111,0.2918215613,0.7081784387,0.877076412,0.6536458333,0.3624535316,0.5897920605,0.3327032136,0.0642722117,7393.5,0.2303278689,0.0172131148,0.0360655738,0.9322865554,0.1714520098,0.9943502825,0.2179176755,0.2647058824,0.1291364003,0.5578549521,0.498309578,2649.811022,5317.600021,0.6382863424,0.5652794828,3031.860126,5363.471024,0.6920990325,0.6572920597,3287.470404,5001.536769,0.6294134423,0.1526175252,0.1526175252,3.147185073,3,0.6822557375,0.07658082999,3.068037645,3,0.6740587582,0.3936708011,2.294918037,3,0.5642545904,0.2525014075,0.2019032163,878615.8065,552.9180353,3,1,507.1270111,2,1,76.65238317,18,1,1322.216878,0,0,0,2,0,0.3228410008,3742.619262,1351594,24,0.0546399682,604.135474,Official 311 files provide ward/FSA but no coordinates; CT count is an area-weighted ward-to-CT allocation using the existing municipal ward-to-CT crosswalk.,0.2019032163,0.2525014075,0.057,"Census Profile characteristic 1491: percent of tenant households in subsidized housing, converted to a 0-1 share. Denominator is tenant households, not all households."
5350104.00,5350104.00,2021S05075350104.00,104,2021,5476,4170,4080,0.74,0.1616438356,0.4484018265,0.1388127854,41.6,2.7,0.7216981132,0.0429616088,0.104,0.2589928058,0.7410071942,0.9323843416,0.7481343284,0.0143884892,0.299270073,0.5523114355,0.1411192214,7427.1,0.2093227792,0.0219876869,0.0448548813,0.9784172662,0.1854130053,0.9954254346,0.186642269,0.2519379845,0.1844748858,0.5607116069,0.5043018295,2287.703356,4536.377269,0.5656194206,0.5331648545,2307.727236,4328.355886,0.7759644613,0.7347011399,3165.935002,4309.146713,0.6340984963,0.09912882453,0.09912882453,3.197917433,4,0.6872964919,0.03831919642,3.08933173,3,0.6763053995,0.4222548515,2.221937242,3,0.5499422842,0.2335578098,0.2237267314,773720.5442,771.588515,2,1,960.7686466,3,1,183.4304104,33,1,1999.760879,0,0,1,0,0.1826150475,0,3295.799359,1351594,24,0.04811666899,601.8625565,Official 311 files provide ward/FSA but no coordinates; CT count is an area-weighted ward-to-CT allocation using the existing municipal ward-to-CT crosswalk.,0.2237267314,0.2335578098,0,"Census Profile characteristic 1491: percent of tenant households in subsidized housing, converted to a 0-1 share. Denominator is tenant households, not all households."
5350105.00,5350105.00,2021S05075350105.00,105,2021,4318,3470,3190,0.55,0.2060185185,0.4444444444,0.1388888889,40,2.4,0.601980198,0.0790697674,0.095,0.3626062323,0.6402266289,0.8841099164,0.6695869837,0.0226628895,0.4859550562,0.2471910112,0.1825842697,7840.9,0.2269503546,0.011820331,0.0567375887,0.9193083573,0.1867612293,0.9849187935,0.2122969838,0.2677824268,0.1446759259,0.5040313707,0.4450179606,1607.860073,3613.022878,0.5989352364,0.5144417366,1910.603404,3713.935453,0.7582612003,0.6651858946,2418.853229,3636.356767,0.6204092692,0.1877607423,0.1877607423,3.180118694,4,0.6855463282,0.113540434,3.02292059,3,0.6691940889,0.3108611538,2.510437329,3,0.6016630297,0.04999174452,0.1157769577,577714.4161,885.9661645,1,1,416.2160998,2,1,155.5328543,26,1,1159.961975,1,1,2,25,0.4631773969,5.789717462,2460.876626,1351594,24,0.03592730416,569.9112149,Official 311 files provide ward/FSA but no coordinates; CT count is an area-weighted ward-to-CT allocation using the existing municipal ward-to-CT crosswalk.,0.1157769577,0.04999174452,0,"Census Profile characteristic 1491: percent of tenant households in subsidized housing, converted to a 0-1 share. Denominator is tenant households, not all households."
5350106.00,5350106.00,2021S05075350106.00,106,2021,3680,3090,2645,1.38,0.254076087,0.4524456522,0.1304347826,40.4,2.8,0.4021505376,0.0817438692,0.158,0.3255813953,0.6744186047,0.9163237311,0.6917613636,0.1782945736,0.3358778626,0.0763358779,0.3702290076,2669.2,0.4681139756,0.0488466757,0.1275440977,0.855987055,0.5799457995,0.9469387755,0.4789115646,0.3035714286,0.1154891304,0.3208916676,0.3352377917,848.7584609,2531.810202,0.3590437765,0.3473437713,949.6707887,2734.09477,0.63260347,0.5974958935,1673.236178,2800.414524,0.4375129714,0.03872268876,0.03872268876,3.624554141,3,0.7241039971,0.003122958988,3.23474262,3,0.6908563934,0.2550505904,2.539808939,3,0.6062695959,0.1586278536,0.1776917348,1445689.265,1030.720365,2,1,961.7635234,2,1,100.4188219,40,1,997.5923929,1,1,3,57,0.8152173913,15.48913043,3063.865022,1351594,24,0.0555974027,832.5720168,Official 311 files provide ward/FSA but no coordinates; CT count is an area-weighted ward-to-CT allocation using the existing municipal ward-to-CT crosswalk.,0.1776917348,0.1586278536,0.202,"Census Profile characteristic 1491: percent of tenant households in subsidized housing, converted to a 0-1 share. Denominator is tenant households, not all households."
5350107.00,5350107.00,2021S05075350107.00,107,2021,4851,3985,3365,0.72,0.2350515464,0.4412371134,0.1381443299,39.6,2.8,0.2905405405,0.0844490216,0.134,0.2708933718,0.7262247839,0.9467640919,0.7516339869,0.0345821326,0.3775216138,0.2132564841,0.3832853026,6713.3,0.4402061856,0.0422680412,0.1412371134,0.8444165621,0.3762886598,0.9164948454,0.4536082474,0.2822822823,0.1226804124,0.3871440577,0.3634236714,1302.739754,3584.630988,0.4866873672,0.4332296191,1637.702991,3780.219354,0.7149983287,0.6809454829,2405.969376,3533.277533,0.5296099179,0.05303135822,0.05303135822,3.434259194,2,0.708816387,0.2733279878,2.733423716,3,0.6341584387,0.2595048857,2.487939073,3,0.5980608967,0.1017512436,0.1489848742,757890.7934,418.3565867,1,1,666.031055,2,1,159.6612751,29,1,690.4529606,1,1,3,21,0.6184291899,4.329004329,4241.829973,1351594,24,0.05889855769,874.4238247,Official 311 files provide ward/FSA but no coordinates; CT count is an area-weighted ward-to-CT allocation using the existing municipal ward-to-CT crosswalk.,0.1489848742,0.1017512436,0.053,"Census Profile characteristic 1491: percent of tenant households in subsidized housing, converted to a 0-1 share. Denominator is tenant households, not all households."
5350108.00,5350108.00,2021S05075350108.00,108,2021,5829,4805,4135,0.74,0.2403433476,0.4343347639,0.1399141631,38.8,2.4,0.2998585573,0.1708154506,0.167,0.5,0.4979674797,0.8947826087,0.6939146231,0.0853658537,0.5833333333,0.0508130081,0.2540650407,7833.6,0.4206008584,0.0300429185,0.1167381974,0.8605619147,0.4339622642,0.9202401372,0.4005145798,0.3103448276,0.1193133047,0.4042041191,0.3904697518,1671.384033,4280.444324,0.4725379113,0.4377449959,1953.944263,4463.658709,0.7445734495,0.6762312176,3078.811214,4552.897195,0.5404384933,0.1669455186,0.1669455186,3.114450821,2,0.6789161051,0.3666413011,2.519752915,3,0.6031356908,0.3458822356,2.401846283,3,0.5836536221,0.5331654168,0.2536518497,780288.1272,507.9087735,3,1,703.5376953,1,1,117.9974949,34,1,762.7825854,3,1,1,32,0.171556013,5.489792417,4441.986298,1351594,24,0.06148348524,762.0494593,Official 311 files provide ward/FSA but no coordinates; CT count is an area-weighted ward-to-CT allocation using the existing municipal ward-to-CT crosswalk.,0.2536518497,0.5331654168,0.453,"Census Profile characteristic 1491: percent of tenant households in subsidized housing, converted to a 0-1 share. Denominator is tenant households, not all households."
5350109.00,5350109.00,2021S05075350109.00,109,2021,5470,4565,3885,0.63,0.2595978062,0.4296160878,0.1325411335,38,2.5,0.4366812227,0.0776965265,0.103,0.397260274,0.6050228311,0.8870967742,0.6215139442,0.3127853881,0.4134831461,0.1191011236,0.1640449438,8681.2,0.3417366947,0.0326797386,0.1055088702,0.8510405257,0.3099906629,0.9305301645,0.3802559415,0.3019480519,0.1078610603,0.4169441866,0.4025990704,1619.828165,4023.427485,0.4682164069,0.4192469021,1819.020741,4338.781591,0.6433363243,0.6092965342,2499.36162,4102.044702,0.5094989726,0.1444292973,0.1444292973,3.015749891,2,0.6684075152,0.3524414843,2.529448138,3,0.6046568478,0.3640721621,2.357689745,3,0.5758559828,0.2487899027,0.2086495269,661499.5608,719.794038,3,1,435.0474091,2,1,0,27,1,614.77788,1,1,1,1,0.1828153565,0.1828153565,3766.653496,1351594,24,0.0521336124,688.6021016,Official 311 files provide ward/FSA but no coordinates; CT count is an area-weighted ward-to-CT allocation using the existing municipal ward-to-CT crosswalk.,0.2086495269,0.2487899027,0.069,"Census Profile characteristic 1491: percent of tenant households in subsidized housing, converted to a 0-1 share. Denominator is tenant households, not all households."
5350110.00,5350110.00,2021S05075350110.00,110,2021,3491,2935,2500,0.54,0.2320916905,0.4383954155,0.1561604585,40.4,2.5,0.4829157175,0.1045845272,0.102,0.3568904594,0.6431095406,0.8708272859,0.6838124054,0.0459363958,0.5390070922,0.2021276596,0.2056737589,6416.1,0.3744619799,0.0286944046,0.1205164993,0.8517887564,0.2994269341,0.9269340974,0.4255014327,0.3157894737,0.1074498567,0.4245303634,0.38493627,1061.325909,2757.147069,0.5017083871,0.4839966442,1254.270968,2591.48691,0.6817309137,0.6542615039,1704.327284,2604.963419,0.5359898881,0.06159799617,0.06159799617,3.118421775,2,0.6793249688,0.2988152109,2.696444812,3,0.6291413066,0.320680179,2.429796186,3,0.5884428473,0.2420405061,0.2527017478,570511.8809,536.7464834,3,1,321.4013096,2,1,206.4399427,29,1,943.4517025,2,1,4,2,1.145803495,0.5729017474,3248.559331,1351594,24,0.04496275891,930.5526585,Official 311 files provide ward/FSA but no coordinates; CT count is an area-weighted ward-to-CT allocation using the existing municipal ward-to-CT crosswalk.,0.2527017478,0.2420405061,0.069,"Census Profile characteristic 1491: percent of tenant households in subsidized housing, converted to a 0-1 share. Denominator is tenant households, not all households."
5350111.00,5350111.00,2021S05075350111.00,111,2021,2442,2025,1695,0.45,0.2188139059,0.4253578732,0.1676891616,41.2,2.7,0.3195876289,0.0655737705,0.13,0.2430939227,0.7513812155,0.9107505071,0.7478813559,0.0110497238,0.3591160221,0.2209944751,0.3867403315,5388.3,0.4457831325,0.0421686747,0.1485943775,0.837037037,0.2394366197,0.8954918033,0.4713114754,0.2515337423,0.1104294479,0.4028768854,0.3597392075,682.8763207,1898.253809,0.4579300558,0.4364936781,776.1914445,1778.242123,0.6104448517,0.6205557417,1034.704024,1667.382886,0.4904172643,0.07381798474,0.07381798474,3.128257685,2,0.6803332396,0.2557238414,2.847133217,3,0.6487695082,0.2897771779,2.356907877,3,0.5757152794,0.1681193634,0.1880560019,475497.1901,742.9348287,2,1,516.4292419,2,1,31.92784417,27,1,251.8315418,1,1,0,2,0,0.819000819,2707.534909,1351594,24,0.03747453162,1108.736654,Official 311 files provide ward/FSA but no coordinates; CT count is an area-weighted ward-to-CT allocation using the existing municipal ward-to-CT crosswalk.,0.1880560019,0.1681193634,0,"Census Profile characteristic 1491: percent of tenant households in subsidized housing, converted to a 0-1 share. Denominator is tenant households, not all households."
5350112.00,5350112.00,2021S05075350112.00,112,2021,4761,3990,3255,0.5,0.237394958,0.4254201681,0.156512605,40,2.6,0.3936731107,0.0853530032,0.119,0.3306233062,0.6693766938,0.8900747065,0.6875699888,0,0.4119241192,0.2574525745,0.3035230352,9489.7,0.4021276596,0.0446808511,0.1521276596,0.8157894737,0.2790202343,0.9106203996,0.4637223975,0.3223684211,0.1081932773,0.4208375938,0.3865747331,1369.826368,3543.496899,0.477924047,0.4661920602,1555.642773,3336.913915,0.6887474661,0.678183302,2241.873002,3305.703628,0.5291697023,0.002315185907,0.002315185907,3.328107264,3,0.6995289152,0.2411731805,2.916103292,3,0.6570766191,0.2599620128,2.473929653,3,0.5957847877,0.1697033047,0.1887862442,525959.6928,584.2499727,2,1,694.3425979,2,1,382.7387197,22,1,766.7436861,1,1,2,0,0.4200798152,0,2994.874121,1351594,24,0.04145154493,629.0430836,Official 311 files provide ward/FSA but no coordinates; CT count is an area-weighted ward-to-CT allocation using the existing municipal ward-to-CT crosswalk.,0.1887862442,0.1697033047,0.033,"Census Profile characteristic 1491: percent of tenant households in subsidized housing, converted to a 0-1 share. Denominator is tenant households, not all households."
5350113.00,5350113.00,2021S05075350113.00,113,2021,2521,2110,1900,0.38,0.2777777778,0.3888888889,0.1567460317,39.2,2.4,0.4882943144,0.0838323353,0.099,0.5497630332,0.4549763033,0.8982035928,0.6935817805,0.0142180095,0.6826923077,0.2596153846,0.0528846154,6594.3,0.2712871287,0.0316831683,0.0930693069,0.9004739336,0.2396039604,0.9820359281,0.2674650699,0.2272727273,0.123015873,0.5064496094,0.4508915255,962.2542579,2134.114756,0.5796587122,0.5171847566,1101.351553,2129.512788,0.7514616556,0.7363712979,1427.777146,1938.936444,0.6125233258,0.1349695811,0.1349695811,3.250385697,3,0.6923442037,0.3631526493,2.494355867,3,0.5990948952,0.3873440632,2.301203509,3,0.5654447787,0.2423584062,0.252703519,400608.3398,327.668175,3,1,640.283361,3,1,306.2718621,29,1,693.134054,1,1,2,0,0.7933359778,0,2281.109305,1351594,24,0.03157244713,904.8430405,Official 311 files provide ward/FSA but no coordinates; CT count is an area-weighted ward-to-CT allocation using the existing municipal ward-to-CT crosswalk.,0.252703519,0.2423584062,0,"Census Profile characteristic 1491: percent of tenant households in subsidized housing, converted to a 0-1 share. Denominator is tenant households, not all households."
5350114.00,5350114.00,2021S05075350114.00,114,2021,5164,4350,3755,0.62,0.2120038722,0.3746369797,0.2468538238,43.6,2.1,0.5884543762,0.1238670695,0.122,0.5161290323,0.4838709677,0.8694758479,0.6837060703,0.152688172,0.6888412017,0.178111588,0.1287553648,8267.7,0.3204081633,0.0336734694,0.0755102041,0.8632183908,0.2349336057,0.9676470588,0.2735294118,0.2869565217,0.1132623427,0.5668813018,0.4756886484,2128.639288,4474.858282,0.5811307825,0.4788020393,2182.146088,4557.512102,0.8383571042,0.761642025,3148.030926,4133.215898,0.6621230628,0.1715999737,0.1715999737,3.73701035,3,0.7324064141,0.1330819928,2.842345967,3,0.6481779447,0.3498858718,2.134848469,3,0.5315826792,0.4210180942,0.2559731831,655269.6004,399.3706835,3,1,124.4619886,2,1,281.999384,23,1,302.2280105,3,1,2,15,0.3872966692,2.904725019,3091.885882,1351594,24,0.04885616131,598.7385519,Official 311 files provide ward/FSA but no coordinates; CT count is an area-weighted ward-to-CT allocation using the existing municipal ward-to-CT crosswalk.,0.2559731831,0.4210180942,0.204,"Census Profile characteristic 1491: percent of tenant households in subsidized housing, converted to a 0-1 share. Denominator is tenant households, not all households."
5350115.00,5350115.00,2021S05075350115.00,115,2021,4219,3650,3015,0.38,0.221563981,0.3981042654,0.2369668246,44.4,2.4,0.4361493124,0.1021992238,0.144,0.5045317221,0.4924471299,0.9217171717,0.7180500659,0.0211480363,0.5401234568,0.0864197531,0.2160493827,11170.2,0.4055415617,0.0302267003,0.0931989924,0.8260273973,0.4213836478,0.9276236429,0.353437877,0.2352941176,0.095971564,0.565219937,0.4629214916,1704.13811,3681.268079,0.5899378148,0.4828128374,1778.662512,3683.958615,0.7834824987,0.6572952804,2362.199733,3593.818188,0.6462134168,0.2624635822,0.2624635822,3.195436797,3,0.6870537383,0.1505440139,2.754655287,3,0.6369781713,0.3801512548,2.125707445,3,0.5295683786,0.3846265727,0.1482460205,395917.0003,176.4537064,1,1,612.8515967,3,1,164.8320422,27,1,852.0328824,2,1,0,0,0,0,1898.771731,1351594,24,0.02963706247,450.0525552,Official 311 files provide ward/FSA but no coordinates; CT count is an area-weighted ward-to-CT allocation using the existing municipal ward-to-CT crosswalk.,0.1482460205,0.3846265727,0.269,"Census Profile characteristic 1491: percent of tenant households in subsidized housing, converted to a 0-1 share. Denominator is tenant households, not all households."
5350116.00,5350116.00,2021S05075350116.00,116,2021,4445,3740,2880,0.68,0.2209695603,0.3675310034,0.2446448703,42.8,2.2,0.6573875803,0.1102756892,0.108,0.4540389972,0.5459610028,0.8930412371,0.66756393,0.1922005571,0.6430517711,0.1961852861,0.1307901907,6535.8,0.2917197452,0.0394904459,0.0904458599,0.7700534759,0.2675159236,0.9775,0.23625,0.3910614525,0.1104847802,0.5178111909,0.4959686375,1491.29623,3006.835749,0.5541657102,0.4977679318,1595.997245,3206.307886,0.9053751072,0.762132305,2607.480309,3421.296134,0.6591173361,0.1976988748,0.1976988748,3.624427782,3,0.7240943784,0.02808823959,2.912152645,3,0.6566114068,0.3341669414,2.016226489,2,0.5040239748,0.3115917062,0.2634936928,714723.3114,523.434356,2,1,371.0929947,3,1,237.3689994,39,1,420.3680536,3,1,3,55,0.6749156355,12.37345332,3062.727221,1351594,24,0.05193402667,689.0274963,Official 311 files provide ward/FSA but no coordinates; CT count is an area-weighted ward-to-CT allocation using the existing municipal ward-to-CT crosswalk.,0.2634936928,0.3115917062,0.129,"Census Profile characteristic 1491: percent of tenant households in subsidized housing, converted to a 0-1 share. Denominator is tenant households, not all households."
5350117.00,5350117.00,2021S05075350117.00,117,2021,2518,2150,2005,0.4,0.2837301587,0.4007936508,0.1626984127,38.8,2,0.7202572347,0.111332008,0.112,0.4509803922,0.5529411765,0.8642714571,0.5422680412,0.3019607843,0.6653543307,0.0984251969,0.125984252,6321.9,0.2450199203,0.0278884462,0.0557768924,0.9325581395,0.2410358566,0.994047619,0.1646825397,0.1944444444,0.1031746032,0.4759867033,0.477252995,954.3533402,1999.680149,0.5662709684,0.4869350778,1135.373292,2331.672831,0.728504295,0.7198992274,1460.651111,2028.966077,0.5902539889,0.05366994349,0.05366994349,3.809301204,3,0.7374846602,0.05962032868,3.018990062,3,0.6687634012,0.3370575075,1.95939679,2,0.4896388495,0.4229184383,0.251862557,417425.6508,1090.591921,2,1,846.11424,3,1,58.1102277,51,1,407.0957604,3,1,1,1,0.3971405878,0.3971405878,1788.35631,1351594,24,0.03033271668,710.2288762,Official 311 files provide ward/FSA but no coordinates; CT count is an area-weighted ward-to-CT allocation using the existing municipal ward-to-CT crosswalk.,0.251862557,0.4229184383,0.263,"Census Profile characteristic 1491: percent of tenant households in subsidized housing, converted to a 0-1 share. Denominator is tenant households, not all households."
5350118.00,5350118.00,2021S05075350118.00,118,2021,3995,3530,3325,0.7,0.2315394243,0.3178973717,0.3216520651,50,2,0.7481481481,0.0926395939,0.109,0.6454767726,0.3545232274,0.8806888069,0.6259445844,0.1980440098,0.797029703,0.1608910891,0.0297029703,5732.5,0.2570036541,0.0280146163,0.0742996346,0.9419263456,0.2070645554,0.9949302915,0.2053231939,0.2727272727,0.0788485607,0.4592624557,0.4866563217,1527.047665,3137.835875,0.5342972808,0.5208978587,1776.538459,3410.531314,0.834265246,0.8646512554,2773.931943,3208.151177,0.6092749942,0.02862830442,0.02862830442,3.978066069,4,0.7486215707,0.08422036827,2.981819062,3,0.6646342453,0.3194796031,1.986519426,2,0.4966069867,0.2562122439,0.1402020557,730551.9198,508.4881113,1,1,370.9774997,3,1,142.3175244,45,1,538.3874266,3,1,1,3,0.2503128911,0.7509386733,3129.867877,1351594,24,0.05308639841,783.4462772,Official 311 files provide ward/FSA but no coordinates; CT count is an area-weighted ward-to-CT allocation using the existing municipal ward-to-CT crosswalk.,0.1402020557,0.2562122439,0.045,"Census Profile characteristic 1491: percent of tenant households in subsidized housing, converted to a 0-1 share. Denominator is tenant households, not all households."
5350119.00,5350119.00,2021S05075350119.00,119,2021,4856,4255,3770,0.85,0.2276004119,0.3522142122,0.2790937178,48.8,2,0.677480916,0.1074035454,0.113,0.5502008032,0.4477911647,0.889596603,0.6110509209,0.3192771084,0.7922606925,0.1771894094,0.016293279,5720.3,0.3178458289,0.0348468849,0.1024287223,0.8860164512,0.2610993658,0.9937434828,0.2273201251,0.2468619247,0.096807415,0.4291077436,0.4441340132,1617.736193,3642.450578,0.5155587768,0.4570528529,1943.656589,4252.586055,0.7556567628,0.7476701042,2848.825996,3810.271375,0.5667744277,0.1183770992,0.1183770992,3.84189027,4,0.7397114624,0.1212965735,2.987775197,3,0.6653027976,0.2695056424,2.021485946,2,0.5053143941,0.364748338,0.2256528587,890225.2389,1020.277552,2,1,377.3795317,2,1,223.0511411,44,1,1106.190978,2,1,3,31,0.6177924217,6.383855025,3813.948473,1351594,24,0.06468924443,785.4094879,Official 311 files provide ward/FSA but no coordinates; CT count is an area-weighted ward-to-CT allocation using the existing municipal ward-to-CT crosswalk.,0.2256528587,0.364748338,0.011,"Census Profile characteristic 1491: percent of tenant households in subsidized housing, converted to a 0-1 share. Denominator is tenant households, not all households."
5350120.00,5350120.00,2021S05075350120.00,120,2021,1418,1125,1045,0.26,0.1590106007,0.4134275618,0.2155477032,44.8,2.3,0.7832167832,0.073943662,0.06,0.243902439,0.756097561,0.9233576642,0.7027027027,0.1544715447,0.3968253968,0.1111111111,0.2380952381,5483.4,0.2086330935,0.0143884892,0.0611510791,0.9288888889,0.1474820144,1,0.1342756184,0.1698113208,0.148409894,0.5804837122,0.451020014,606.6054793,1344.96355,0.562725453,0.4755681202,588.0480984,1236.51707,0.7245594678,0.594353834,757.1646439,1273.929098,0.6225895444,0.168515062,0.168515062,3.726931362,5,0.731682743,0.1241184013,3.010610352,3,0.6678414398,0.1616360927,2.075163207,2,0.5181101916,0.3426449398,0.2332683673,271150.0008,873.1312184,1,1,632.7434113,1,1,90.16204239,55,1,625.8729384,2,1,0,13,0,9.167842031,1161.871037,1351594,24,0.01970279543,819.373087,Official 311 files provide ward/FSA but no coordinates; CT count is an area-weighted ward-to-CT allocation using the existing municipal ward-to-CT crosswalk.,0.2332683673,0.3426449398,0,"Census Profile characteristic 1491: percent of tenant households in subsidized housing, converted to a 0-1 share. Denominator is tenant households, not all households."
5350121.00,5350121.00,2021S05075350121.00,121,2021,3183,2835,2425,0.3,0.2135007849,0.3485086342,0.3218210361,50.8,1.8,0.7588424437,0.0991869919,0.059,0.4298245614,0.567251462,0.7820945946,0.4429065744,0.5906432749,0.8579545455,0.0653409091,0.0710227273,10702.8,0.2878535774,0.0432612313,0.0881863561,0.8553791887,0.1983333333,0.995215311,0.1961722488,0.196969697,0.0800627943,0.5637904735,0.4761612204,1367.191898,2871.27939,0.5815721693,0.4870489948,1410.312511,2895.627597,0.8825865512,0.7482414025,2140.272387,2860.40358,0.6759830647,0.1473525108,0.1473525108,3.890051818,4,0.7429340156,0.1809784341,2.958465302,3,0.6619869094,0.2936979602,1.974794488,2,0.4936181937,0.3426401777,0.2332408997,311511.2949,533.5338949,1,1,367.8343435,1,1,23.95191351,40,1,597.9829184,2,1,2,60,0.6283380459,18.85014138,1334.660288,1351594,24,0.02263610982,419.3089186,Official 311 files provide ward/FSA but no coordinates; CT count is an area-weighted ward-to-CT allocation using the existing municipal ward-to-CT crosswalk.,0.2332408997,0.3426401777,0,"Census Profile characteristic 1491: percent of tenant households in subsidized housing, converted to a 0-1 share. Denominator is tenant households, not all households."
5350122.00,5350122.00,2021S05075350122.00,122,2021,6199,5460,4990,0.53,0.2201612903,0.3758064516,0.2741935484,47.2,1.8,0.7171145686,0.0943548387,0.089,0.6054519369,0.3945480631,0.8533440774,0.5808580858,0.2869440459,0.8413391557,0.0975254731,0.0494905386,11613,0.276,0.048,0.0984,0.9139194139,0.2248,0.9919354839,0.2258064516,0.277027027,0.0879032258,0.4524007964,0.4673947362,2257.479974,4829.92169,0.5106198028,0.4483353438,2547.992816,5683.229866,0.8221446108,0.7193100793,4102.501608,5703.384015,0.59505507,0.01077955481,0.01077955481,4.152933588,4,0.7592063589,0.09476913772,3.016580083,3,0.6684987726,0.3094223299,1.969509328,2,0.4922593227,0.4298645916,0.2637950946,559715.6877,687.9236449,1,1,779.6410684,2,1,324.8460568,17,1,1132.849868,2,1,5,34,0.8065817067,5.484755606,2397.962559,1351594,24,0.04067238643,386.8305468,Official 311 files provide ward/FSA but no coordinates; CT count is an area-weighted ward-to-CT allocation using the existing municipal ward-to-CT crosswalk.,0.2637950946,0.4298645916,0.017,"Census Profile characteristic 1491: percent of tenant households in subsidized housing, converted to a 0-1 share. Denominator is tenant households, not all households."
5350123.00,5350123.00,2021S05075350123.00,123,2021,2377,2145,1545,0.08,0.3578947368,0.3978947368,0.1494736842,36.8,1.6,0.573964497,0.1415929204,0.114,0.9714285714,0.0321428571,0.7539149888,0.4383561644,0.0214285714,0.9892857143,0.0071428571,0,31693.3,0.3783185841,0.1238938053,0.2345132743,0.7202797203,0.435840708,0.987394958,0.3403361345,0.3947368421,0.0589473684,0.4532696974,0.4386127889,700.3016825,1596.628507,0.438808417,0.4731769111,677.9590043,1432.781246,0.8374746504,0.7911487206,1293.898335,1635.467898,0.5765175883,0.1017179736,0.1017179736,4.195296376,3,0.7616378176,0.08474019337,2.981516375,3,0.6646001987,0.2974692787,2.06578876,3,0.5159233996,0.4286010537,0.2635877219,78726.24226,768.1443256,1,1,566.5596989,2,1,127.6732823,23,1,1258.141893,0,0,0,1,0,0.4206983593,337.2829912,1351594,24,0.005720733254,141.894401,Official 311 files provide ward/FSA but no coordinates; CT count is an area-weighted ward-to-CT allocation using the existing municipal ward-to-CT crosswalk.,0.2635877219,0.4286010537,0,"Census Profile characteristic 1491: percent of tenant households in subsidized housing, converted to a 0-1 share. Denominator is tenant households, not all households."
5350124.00,5350124.00,2021S05075350124.00,124,2021,5529,4990,4170,0.55,0.1943942134,0.3725135624,0.3191681736,50.8,1.7,0.6801405975,0.1023255814,0.111,0.676056338,0.323943662,0.8460803059,0.5596868885,0.2754303599,0.8953125,0.0359375,0.0203125,10027.2,0.3266666667,0.0638095238,0.1352380952,0.8356713427,0.2245480495,0.9927667269,0.2585895118,0.4,0.0660036166,0.4406316181,0.4487608594,1837.433847,4094.461023,0.4933404758,0.4785833694,2057.229784,4298.581847,0.8799058082,0.8076406954,3669.20722,4543.118297,0.6046259674,0.01077390736,0.01077390736,3.979357736,5,0.7487031661,0.1234997198,3.004311074,3,0.6671449875,0.3375903063,1.926122643,2,0.4808222605,0.4035910141,0.3930831775,578175.3261,272.217384,1,1,930.6629077,1,1,0,38,1,230.3116314,2,1,2,19,0.3617290649,3.436426117,2702.787327,1351594,24,0.04128678572,488.8383662,Official 311 files provide ward/FSA but no coordinates; CT count is an area-weighted ward-to-CT allocation using the existing municipal ward-to-CT crosswalk.,0.3930831775,0.4035910141,0,"Census Profile characteristic 1491: percent of tenant households in subsidized housing, converted to a 0-1 share. Denominator is tenant households, not all households."
5350125.00,5350125.00,2021S05075350125.00,125,2021,4270,3235,3005,1.12,0.1512309496,0.4067995311,0.184056272,43.2,2.8,0.8669950739,0.0574443142,0.08,0.1812297735,0.8220064725,0.9312714777,0.7604290822,0,0.2337662338,0.6785714286,0.0811688312,3812.2,0.181299886,0.0296465222,0.0661345496,0.9289026275,0.1651480638,0.9976580796,0.12529274,0.1470588235,0.1969519343,0.5492922812,0.4885739684,1650.623305,3378.45119,0.5715234004,0.479081285,1717.427818,3584.83596,0.7570821873,0.6520663827,2275.031973,3488.957617,0.6259659563,0.2725064872,0.2725064872,2.875845746,4,0.6522762039,0.02403649378,3.099969959,3,0.6774162288,0.2668390052,1.979791624,2,0.4948963376,0.04444005775,0.08943813902,1174785.529,951.923707,1,1,1531.75445,0,0,177.0593499,33,1,924.6376433,2,1,0,1,0,0.2341920375,5901.551977,1351594,24,0.08166333413,1382.096482,Official 311 files provide ward/FSA but no coordinates; CT count is an area-weighted ward-to-CT allocation using the existing municipal ward-to-CT crosswalk.,0.08943813902,0.04444005775,0,"Census Profile characteristic 1491: percent of tenant households in subsidized housing, converted to a 0-1 share. Denominator is tenant households, not all households."
5350126.00,5350126.00,2021S05075350126.00,126,2021,4164,3185,3060,1.45,0.1572629052,0.4321728691,0.1632653061,42.8,2.5,0.7416481069,0.0587529976,0.099,0.3020527859,0.6950146628,0.8984830805,0.7417380661,0.0381231672,0.2694610778,0.3473053892,0.3652694611,2873.1,0.2289017341,0.0265895954,0.0531791908,0.9607535322,0.2395833333,0.993997599,0.1788715486,0.1627906977,0.1728691477,0.5820062179,0.5241143236,1780.939027,3397.997243,0.5727050998,0.5019622316,1752.477605,3491.253913,0.7892100284,0.6926202669,2414.982687,3486.734077,0.647973782,0.1772883306,0.1772883306,3.667389041,4,0.727326447,0.3763040255,2.103328423,3,0.5245630739,0.308166611,1.957473349,2,0.4891373615,0.1660726304,0.1459846093,1519408.63,796.4660296,1,1,871.7415771,2,1,0,22,1,1625.678705,0,0,4,66,0.9606147935,15.85014409,3648.243809,1351594,24,0.06505586398,876.1392434,Official 311 files provide ward/FSA but no coordinates; CT count is an area-weighted ward-to-CT allocation using the existing municipal ward-to-CT crosswalk.,0.1459846093,0.1660726304,0.039,"Census Profile characteristic 1491: percent of tenant households in subsidized housing, converted to a 0-1 share. Denominator is tenant households, not all households."
5350127.00,5350127.00,2021S05075350127.00,127,2021,5293,4070,3595,0.74,0.1663516068,0.4480151229,0.145557656,42,2.5,0.7451669596,0.0566572238,0.101,0.3365155131,0.6634844869,0.9008832188,0.6965944272,0.0262529833,0.3176470588,0.3741176471,0.3082352941,7147.9,0.2551119766,0.0447906524,0.0866601753,0.8832923833,0.264849075,0.9924385633,0.213610586,0.1951219512,0.1805293006,0.5721549526,0.5189152896,2056.897054,3963.839755,0.5900655176,0.5045635745,2121.285536,4204.198724,0.8169295562,0.6888752703,2936.861755,4263.270698,0.6597166755,0.1529639934,0.1529639934,3.914603248,4,0.7445462703,0.3668776581,2.080509532,2,0.519348513,0.3126192923,1.971308181,2,0.492722645,0.1664638878,0.1460297973,776554.9762,562.8069338,1,1,455.712362,1,1,250.8227205,23,1,2566.405877,0,0,1,116,0.1889287739,21.91573777,1303.680281,1351594,24,0.02444907038,246.302717,Official 311 files provide ward/FSA but no coordinates; CT count is an area-weighted ward-to-CT allocation using the existing municipal ward-to-CT crosswalk.,0.1460297973,0.1664638878,0,"Census Profile characteristic 1491: percent of tenant households in subsidized housing, converted to a 0-1 share. Denominator is tenant households, not all households."
5350128.02,5350128.02,2021S05075350128.02,128.02,2021,12611,11185,7520,0.52,0.3754956384,0.3616177637,0.1407613006,35.2,1.8,0.7301587302,0.1542553191,0.103,0.6736765772,0.3248730964,0.6668053245,0.3364806867,0.5250181291,0.9195652174,0.0557971014,0.0195652174,24312.7,0.4106260297,0.1433278418,0.2940691928,0.6723290121,0.478583196,0.984055601,0.4010629599,0.4285714286,0.0733544806,0.4963076156,0.4428870309,3732.233269,8427.054777,0.4982709648,0.4329329392,3746.997655,8654.91469,0.8990682359,0.7341833365,6760.993134,9208.862144,0.6312156054,0.06246599496,0.06246599496,4.260786682,4,0.765301557,0.1398300393,2.959582075,3,0.6621144558,0.3005758658,2.001896218,2,0.5004736054,0.4768059138,0.286155046,543769.0052,428.8993883,2,1,613.4300205,3,1,112.6073214,20,1,2246.517514,0,0,4,126,0.3171834113,9.991277456,2328.741602,1351594,24,0.03949935525,184.6595514,Official 311 files provide ward/FSA but no coordinates; CT count is an area-weighted ward-to-CT allocation using the existing municipal ward-to-CT crosswalk.,0.286155046,0.4768059138,0.048,"Census Profile characteristic 1491: percent of tenant households in subsidized housing, converted to a 0-1 share. Denominator is tenant households, not all households."
5350128.04,5350128.04,2021S05075350128.04,128.04,2021,4772,4310,3710,0.16,0.2631027254,0.4056603774,0.2243186583,42.4,1.6,0.6661264182,0.1638297872,0.102,0.5742904841,0.4240400668,0.8265412748,0.5426105717,0.510851419,0.9642248722,0.0017035775,0,29456.8,0.3933747412,0.066252588,0.1480331263,0.8607888631,0.373319545,0.9780104712,0.3172774869,0.4032258065,0.0607966457,0.4931575946,0.4982103847,1829.614676,3672.373624,0.5721329391,0.4938765882,2122.613204,4297.861561,0.9439356679,0.9192850432,3502.001328,3809.483635,0.6697420672,0.04527013039,0.04527013039,4.171995242,3,0.7603065339,0.1798327261,2.905889536,3,0.655871296,0.3485684757,1.958008546,2,0.4892769994,0.4312207325,0.2973081119,169649.9937,787.0133734,2,1,322.2345556,1,1,85.50991143,24,1,1447.969759,0,0,0,13,0,2.724224644,726.311256,1351594,24,0.01231972107,152.2026941,Official 311 files provide ward/FSA but no coordinates; CT count is an area-weighted ward-to-CT allocation using the existing municipal ward-to-CT crosswalk.,0.2973081119,0.4312207325,0.212,"Census Profile characteristic 1491: percent of tenant households in subsidized housing, converted to a 0-1 share. Denominator is tenant households, not all households."
5350128.05,5350128.05,2021S05075350128.05,128.05,2021,1127,1020,715,0.18,0.3022222222,0.3111111111,0.2755555556,43.2,2,0.7575757576,0.0994764398,0.093,0.5408163265,0.4591836735,0.6256157635,0.4693877551,0.4387755102,0.7216494845,0.1855670103,0.0721649485,6205.9,0.2475728155,0.0631067961,0.1553398058,0.7009803922,0.2961165049,0.9901960784,0.2696078431,0.3191489362,0.0666666667,0.5227916943,0.4989783637,373.7960614,749.1227849,0.4909561155,0.3807517972,351.0336225,921.948695,0.870554204,0.7421855613,622.4462559,838.6666196,0.6281006712,0.04290290583,0.04290290583,4.125000219,3,0.7575757704,0.1401357546,2.959678874,3,0.6621255067,0.2998304808,1.975567618,2,0.493816364,0.4311882067,0.2972546792,190429.5443,518.6732774,2,1,264.548419,1,1,113.469084,23,1,1777.204477,0,0,2,11,1.774622893,9.760425909,815.3939006,1351594,24,0.01383060525,723.5083412,Official 311 files provide ward/FSA but no coordinates; CT count is an area-weighted ward-to-CT allocation using the existing municipal ward-to-CT crosswalk.,0.2972546792,0.4311882067,0,"Census Profile characteristic 1491: percent of tenant households in subsidized housing, converted to a 0-1 share. Denominator is tenant households, not all households."
5350128.06,5350128.06,2021S05075350128.06,128.06,2021,4870,4340,2670,0.09,0.3757700205,0.4055441478,0.1026694045,35.6,1.7,0.7050561798,0.1509240246,0.118,0.9023090586,0.0976909414,0.7051282051,0.365532382,0.1154529307,0.9930191972,0,0,56759.9,0.4693446089,0.1923890063,0.3720930233,0.6152073733,0.532769556,0.9845995893,0.4568788501,0.5147058824,0.0759753593,0.5063465313,0.4302977269,1351.945239,3141.883292,0.5057609034,0.4398592418,1350.381612,3070.031237,0.8569961236,0.8071161225,2288.17965,2835.006743,0.6230345194,0.1250350037,0.1250350037,4.170669736,4,0.7602303555,0.08797964287,2.957642986,3,0.6618929314,0.3080340563,2.019782112,2,0.5048970907,0.4312312779,0.2973176581,90162.64652,647.4683016,2,1,252.5061693,1,1,206.797422,24,1,1606.26149,0,0,1,0,0.205338809,0,386.0169566,1351594,24,0.006547624252,79.26426213,Official 311 files provide ward/FSA but no coordinates; CT count is an area-weighted ward-to-CT allocation using the existing municipal ward-to-CT crosswalk.,0.2973176581,0.4312312779,0.026,"Census Profile characteristic 1491: percent of tenant households in subsidized housing, converted to a 0-1 share. Denominator is tenant households, not all households."
5350129.00,5350129.00,2021S05075350129.00,129,2021,5642,4640,4110,0.93,0.2453498671,0.4012400354,0.1612046058,39.2,2.2,0.7286585366,0.0808170515,0.114,0.5623762376,0.4376237624,0.8613074205,0.6045454545,0.1742574257,0.6432748538,0.3118908382,0.037037037,6083.7,0.251975417,0.0517998244,0.1202809482,0.8857758621,0.2221246708,0.992014197,0.2218278616,0.2547528517,0.1381753764,0.46177664,0.4615347001,1897.90199,4112.154492,0.4636846066,0.4416885394,1905.743733,4314.677794,0.7358866451,0.6870925042,3024.494111,4401.873245,0.5537826306,0.07824702517,0.07824702517,4.005937502,4,0.7503705438,0.1275935813,3.003385083,3,0.6670423631,0.2704637678,2.036178042,2,0.5088838111,0.4006109438,0.2718867903,972341.336,821.5468025,1,1,556.4661825,3,1,404.7495497,16,1,2170.727773,0,0,3,147,0.5317263382,26.05459057,4165.754454,1351594,24,0.0706563054,738.3471205,Official 311 files provide ward/FSA but no coordinates; CT count is an area-weighted ward-to-CT allocation using the existing municipal ward-to-CT crosswalk.,0.2718867903,0.4006109438,0.028,"Census Profile characteristic 1491: percent of tenant households in subsidized housing, converted to a 0-1 share. Denominator is tenant households, not all households."
5350130.00,5350130.00,2021S05075350130.00,130,2021,3355,2705,2375,1.28,0.2086438152,0.3830104322,0.2011922504,46,2.7,0.7238372093,0.0736842105,0.088,0.310483871,0.6935483871,0.9124087591,0.6382660688,0.0201612903,0.312,0.66,0.028,2623.1,0.2666666667,0.047826087,0.1188405797,0.8780036969,0.2362318841,0.9895678092,0.2146050671,0.1401273885,0.1654247392,0.5036794171,0.4867301608,1196.238616,2457.703902,0.4750545254,0.4408818065,1128.254498,2559.086089,0.7740137709,0.6439807296,1838.282706,2854.561668,0.5842492378,0.229280114,0.229280114,3.572519909,4,0.7200855347,0.02662514358,3.008972492,3,0.6676606375,0.09201044971,2.140347311,2,0.5327861068,0.08617411075,0.1320420426,1340998.834,1121.702722,1,1,1244.575005,0,0,96.98633936,23,1,1750.954397,0,0,1,14,0.2980625931,4.172876304,5745.17575,1351594,24,0.09744522795,1712.421982,Official 311 files provide ward/FSA but no coordinates; CT count is an area-weighted ward-to-CT allocation using the existing municipal ward-to-CT crosswalk.,0.1320420426,0.08617411075,0,"Census Profile characteristic 1491: percent of tenant households in subsidized housing, converted to a 0-1 share. Denominator is tenant households, not all households."
5350131.00,5350131.00,2021S05075350131.00,131,2021,5258,4340,3740,1.04,0.1986692015,0.3792775665,0.2357414449,45.6,2.3,0.7046332046,0.0902184236,0.09,0.4295154185,0.5682819383,0.8975124378,0.6441717791,0.2577092511,0.6030042918,0.3669527897,0.0150214592,5034.5,0.2573964497,0.0532544379,0.1124260355,0.8617511521,0.2191510365,0.9885931559,0.2119771863,0.1865671642,0.1397338403,0.4944908158,0.4938159574,1849.395651,3745.111156,0.5164913069,0.4450642712,1931.677488,4340.221431,0.7339495606,0.6854518045,2744.971357,4004.616136,0.5816438944,0.172337734,0.172337734,3.712911583,4,0.7306695897,0.01055204082,3.005728118,3,0.6673019114,0.1758067639,2.116929402,2,0.5276176904,0.2470684516,0.1885295137,1095641.779,940.396912,1,1,1095.993931,2,1,177.2573761,24,1,1403.886866,0,0,2,4,0.3803727653,0.7607455306,4694.000881,1351594,24,0.07961600125,892.7350477,Official 311 files provide ward/FSA but no coordinates; CT count is an area-weighted ward-to-CT allocation using the existing municipal ward-to-CT crosswalk.,0.1885295137,0.2470684516,0,"Census Profile characteristic 1491: percent of tenant households in subsidized housing, converted to a 0-1 share. Denominator is tenant households, not all households."
5350132.00,5350132.00,2021S05075350132.00,132,2021,5350,4215,3535,0.92,0.1990654206,0.4056074766,0.1663551402,41.6,2.7,0.6612903226,0.0768509841,0.101,0.475,0.5225,0.918226601,0.7256908905,0.0725,0.5572139303,0.4278606965,0.0024875622,5786.3,0.3521400778,0.0622568093,0.1196498054,0.8386714116,0.2619279455,0.9868791003,0.2886597938,0.2719033233,0.1635514019,0.4848293242,0.4920207255,1713.871661,3483.33225,0.5114366392,0.4900390376,1807.92852,3689.356115,0.6948610837,0.6394281051,2456.333931,3841.454436,0.5637090157,0.3877747113,0.3877747113,2.814941892,5,0.64475288,0.1594092497,2.071106375,2,0.517166278,0.05789025802,2.07400861,2,0.5178419246,0.2250275747,0.2202911474,969273.5747,1012.115242,1,1,608.3324304,2,1,30.4778192,38,1,2621.894169,0,0,4,14,0.7476635514,2.61682243,2682.144135,1351594,24,0.04082937217,501.3353523,Official 311 files provide ward/FSA but no coordinates; CT count is an area-weighted ward-to-CT allocation using the existing municipal ward-to-CT crosswalk.,0.2202911474,0.2250275747,0.047,"Census Profile characteristic 1491: percent of tenant households in subsidized housing, converted to a 0-1 share. Denominator is tenant households, not all households."
5350133.00,5350133.00,2021S05075350133.00,133,2021,7082,5900,4795,0.67,0.196189132,0.4036697248,0.2166549047,44.4,2.2,0.5648267009,0.132183908,0.126,0.7569230769,0.2430769231,0.900070373,0.6590909091,0.1,0.8117283951,0.1851851852,0.0015432099,10609.7,0.4174825175,0.079020979,0.1951048951,0.8127118644,0.3410202655,0.9851694915,0.386299435,0.3263888889,0.1242060692,0.4480825101,0.4232693533,2148.555636,5076.095445,0.52850041,0.4728867452,2534.159466,5358.914141,0.7739805268,0.7093631459,3711.236626,5231.786635,0.583521149,0.1047323442,0.1047323442,3.936797813,5,0.745986447,0.04387156613,2.179039388,2,0.5410821826,0.03254290351,2.144976609,2,0.5337944498,0.3552608205,0.2621556605,699645.221,395.7271042,1,1,203.7347053,1,1,0,24,1,2731.092581,0,0,1,0,0.14120305,0,1935.785451,1351594,24,0.02946657246,273.3388098,Official 311 files provide ward/FSA but no coordinates; CT count is an area-weighted ward-to-CT allocation using the existing municipal ward-to-CT crosswalk.,0.2621556605,0.3552608205,0.093,"Census Profile characteristic 1491: percent of tenant households in subsidized housing, converted to a 0-1 share. Denominator is tenant households, not all households."
5350134.00,5350134.00,2021S05075350134.00,134,2021,2911,2200,1955,0.42,0.1749571184,0.4013722127,0.1578044597,40,2.8,0.7826086957,0.054290718,0.089,0.2836538462,0.7211538462,0.8941798942,0.6992481203,0.0096153846,0.25,0.7352941176,0.0049019608,6980.8,0.2251308901,0.0383944154,0.0820244328,0.8886363636,0.2160278746,0.9929947461,0.1891418564,0.1666666667,0.180102916,0.5449262855,0.4878427836,1065.330888,2183.758629,0.5148102994,0.5033681088,1006.454135,1999.439611,0.7718504129,0.6858181065,1508.967557,2200.244559,0.6105289993,0.2472656585,0.2472656585,3.266239021,4,0.6938374707,0.09421984761,2.123329018,2,0.5290414291,0.03842634008,2.091194201,2,0.5218043358,0.07796866237,0.09574250192,437215.3018,808.892491,2,1,645.0764749,3,1,305.0335121,22,1,2901.658607,0,0,0,8,0,2.748196496,1210.078718,1351594,24,0.01842174759,415.6917618,Official 311 files provide ward/FSA but no coordinates; CT count is an area-weighted ward-to-CT allocation using the existing municipal ward-to-CT crosswalk.,0.09574250192,0.07796866237,0,"Census Profile characteristic 1491: percent of tenant households in subsidized housing, converted to a 0-1 share. Denominator is tenant households, not all households."
5350135.00,5350135.00,2021S05075350135.00,135,2021,6782,5650,4470,0.72,0.2706489676,0.3989675516,0.1533923304,38.4,2,0.6923990499,0.1246312684,0.116,0.6757925072,0.3242074928,0.8006019564,0.5580670304,0.1195965418,0.7113702624,0.1705539359,0.1093294461,9469.4,0.3380491437,0.078183172,0.1816827997,0.7911504425,0.368852459,0.9867256637,0.2927728614,0.3619631902,0.1216814159,0.4513500378,0.428284515,2017.534669,4710.734566,0.5269780271,0.4723071178,2355.591781,4987.415376,0.7715135606,0.727769255,3448.665616,4738.680003,0.5832805418,0.05642836484,0.05642836484,3.918497932,4,0.7448001716,0.2589684196,2.030433414,2,0.5074943147,0.1370011202,2.091921322,2,0.5219705495,0.5777729865,0.2533725952,751051.167,413.0974777,1,1,238.5494915,2,1,0,13,1,3026.382471,0,0,0,32,0,4.718372162,2078.391905,1351594,24,0.03164263027,306.4570783,Official 311 files provide ward/FSA but no coordinates; CT count is an area-weighted ward-to-CT allocation using the existing municipal ward-to-CT crosswalk.,0.2533725952,0.5777729865,0.049,"Census Profile characteristic 1491: percent of tenant households in subsidized housing, converted to a 0-1 share. Denominator is tenant households, not all households."
5350136.01,5350136.01,2021S05075350136.01,136.01,2021,7267,6515,4935,0.19,0.3468685478,0.4308327598,0.1101169993,36.8,1.7,0.6501798561,0.1687327824,0.142,0.8962472406,0.1037527594,0.7244964263,0.4082998661,0.206401766,0.9906213365,0.0011723329,0,37849,0.4359304572,0.1320025757,0.2865421764,0.7574827322,0.4764971024,0.9834824501,0.4143152099,0.4180672269,0.0640055058,0.3846019799,0.402117316,1898.010771,4720.042374,0.491890492,0.4794012717,2427.479578,5063.565161,0.674632584,0.7592012359,3329.311802,4385.28238,0.5170416853,0.06830473745,0.06830473745,4.228075493,5,0.7634857747,0.3577858871,2.187593589,3,0.5428767003,0.3105813347,1.978827061,2,0.494650129,0.5070710555,0.276317225,200988.2677,528.8405172,2,1,920.2931159,2,1,78.37213037,18,1,3095.312572,0,0,2,9,0.2752167332,1.238475299,339.196392,1351594,24,0.006356011061,46.67626146,Official 311 files provide ward/FSA but no coordinates; CT count is an area-weighted ward-to-CT allocation using the existing municipal ward-to-CT crosswalk.,0.276317225,0.5070710555,0.055,"Census Profile characteristic 1491: percent of tenant households in subsidized housing, converted to a 0-1 share. Denominator is tenant households, not all households."
5350136.02,5350136.02,2021S05075350136.02,136.02,2021,8740,7875,4855,0.21,0.4244851259,0.352402746,0.1161327231,34.4,1.7,0.6712683348,0.1994202899,0.119,0.7395301328,0.2614913177,0.7003722084,0.2664974619,0.6455566905,0.9941916747,0,0.0019361084,41599.2,0.4618226601,0.1600985222,0.3343596059,0.6165079365,0.5492610837,0.9782608696,0.4691075515,0.4398148148,0.0675057208,0.4131128876,0.3666173306,2005.663069,5470.726292,0.4924842177,0.4171632444,2391.010877,5731.595267,0.8735023112,0.7011107524,4240.853721,6048.764345,0.5930331389,0.1629647306,0.1629647306,4.372933662,4,0.7713205648,0.1417950144,2.963116603,3,0.6625174997,0.2651266737,2.034912012,2,0.5085782609,0.5072612126,0.2764056926,220267.1708,428.8678102,2,1,844.7715729,3,1,359.9155273,18,1,2778.278363,0,0,1,28,0.114416476,3.203661327,942.8371336,1351594,24,0.01599266628,107.8761022,Official 311 files provide ward/FSA but no coordinates; CT count is an area-weighted ward-to-CT allocation using the existing municipal ward-to-CT crosswalk.,0.2764056926,0.5072612126,0.109,"Census Profile characteristic 1491: percent of tenant households in subsidized housing, converted to a 0-1 share. Denominator is tenant households, not all households."
5350137.00,5350137.00,2021S05075350137.00,137,2021,6916,5805,4925,0.91,0.2284887925,0.4085321764,0.1930585683,42.4,2.1,0.6927939317,0.1179450072,0.115,0.5940740741,0.4059259259,0.8613138686,0.5966641395,0.1155555556,0.642962963,0.2296296296,0.0992592593,7565.1,0.3357452967,0.0709117221,0.1382054993,0.8484065461,0.3400868307,0.981186686,0.2778581766,0.2767857143,0.1193058568,0.474727623,0.4511490982,2338.033543,5182.39658,0.5503451146,0.4770643413,2710.449689,5681.518099,0.7629081024,0.6305001382,3757.322404,5959.272927,0.5959936133,0.0463030681,0.0463030681,3.872377342,5,0.7417607037,0.3615900607,2.17623882,3,0.5404916083,0.2936901581,1.978466104,2,0.4945579315,0.3954289047,0.2016068273,958509.4684,1005.428393,2,1,1408.459119,0,0,125.8137609,20,1,3295.09914,0,0,4,37,0.5783689994,5.349913245,1609.090857,1351594,24,0.03017686615,232.6620672,Official 311 files provide ward/FSA but no coordinates; CT count is an area-weighted ward-to-CT allocation using the existing municipal ward-to-CT crosswalk.,0.2016068273,0.3954289047,0.133,"Census Profile characteristic 1491: percent of tenant households in subsidized housing, converted to a 0-1 share. Denominator is tenant households, not all households."
5350138.00,5350138.00,2021S05075350138.00,138,2021,3010,2395,2235,0.97,0.2093023256,0.3737541528,0.2059800664,45.6,2.7,0.7892976589,0.0865224626,0.101,0.3114035088,0.6885964912,0.8720538721,0.6421232877,0.0921052632,0.3480176211,0.6475770925,0.0044052863,3117.6,0.2336134454,0.0386554622,0.0672268908,0.9331941545,0.2218487395,0.9916943522,0.1976744186,0.3008130081,0.1744186047,0.5026767637,0.5109114867,1123.482567,2198.976919,0.4337789424,0.4573547451,969.4959362,2119.789828,0.761368891,0.7009801847,1701.659471,2427.542902,0.5659415324,0.3070635506,0.3070635506,2.970074299,5,0.6633080862,0.1443731782,2.274611366,2,0.5603644583,0.2564266019,1.995818533,2,0.498952443,0.2140796494,0.1153746503,1012044.776,619.4937297,1,1,765.7680616,1,1,247.9289012,20,1,4270.524563,0,0,2,12,0.6644518272,3.986710963,1698.962869,1351594,24,0.03186232453,564.4394913,Official 311 files provide ward/FSA but no coordinates; CT count is an area-weighted ward-to-CT allocation using the existing municipal ward-to-CT crosswalk.,0.1153746503,0.2140796494,0.239,"Census Profile characteristic 1491: percent of tenant households in subsidized housing, converted to a 0-1 share. Denominator is tenant households, not all households."
5350139.01,5350139.01,2021S05075350139.01,139.01,2021,4316,3505,3025,0.77,0.2094907407,0.4050925926,0.1840277778,43.2,2.2,0.7379912664,0.0984936269,0.097,0.431122449,0.5663265306,0.8854166667,0.6083333333,0.2933673469,0.6259541985,0.3536895674,0.0229007634,5579.1,0.2873563218,0.0793103448,0.1275862069,0.8630527817,0.2827586207,0.9872537659,0.2769409038,0.2717391304,0.15625,0.4757629663,0.467780894,1439.182973,3076.617689,0.5510067622,0.4907416812,1666.795456,3396.482344,0.7408125845,0.6956263644,2240.958068,3221.496744,0.5891941043,0.2397213659,0.2397213659,3.263766495,4,0.6936055317,0.1835179551,2.073868161,2,0.5178092711,0.08342966761,2.103492218,2,0.5246000954,0.1950254867,0.1950037583,811253.2586,704.3764153,1,1,1080.051139,1,1,0,22,1,4317.447526,0,0,3,3,0.6950880445,0.6950880445,2242.669775,1351594,24,0.03413556882,519.6176495,Official 311 files provide ward/FSA but no coordinates; CT count is an area-weighted ward-to-CT allocation using the existing municipal ward-to-CT crosswalk.,0.1950037583,0.1950254867,0,"Census Profile characteristic 1491: percent of tenant households in subsidized housing, converted to a 0-1 share. Denominator is tenant households, not all households."
5350139.02,5350139.02,2021S05075350139.02,139.02,2021,2440,1870,1755,0.51,0.1926229508,0.4180327869,0.1557377049,43.6,2.8,0.7658730159,0.0532786885,0.109,0.2369942197,0.7572254335,0.939516129,0.7181628392,0.0289017341,0.2865168539,0.6348314607,0.0674157303,4789,0.2,0.012,0.05,0.9385026738,0.2585170341,0.9918032787,0.1536885246,0.1978021978,0.2069672131,0.4947537471,0.4680473683,868.2928262,1855.138785,0.5682918895,0.4906131657,997.3522662,2032.86894,0.8377328737,0.7167609542,1470.221193,2051.201568,0.6335928368,0.2276583424,0.2276583424,3.275985762,4,0.6947483681,0.2284782752,2.055299977,2,0.5134530185,0.1375124266,2.053333711,2,0.5129871026,0.1951470957,0.1951763557,534009.2147,908.7337245,1,1,895.8234788,2,1,266.5527337,18,1,3670.473904,0,0,1,14,0.4098360656,5.737704918,1476.177318,1351594,24,0.02246917862,604.990704,Official 311 files provide ward/FSA but no coordinates; CT count is an area-weighted ward-to-CT allocation using the existing municipal ward-to-CT crosswalk.,0.1951763557,0.1951470957,0,"Census Profile characteristic 1491: percent of tenant households in subsidized housing, converted to a 0-1 share. Denominator is tenant households, not all households."
5350140.00,5350140.00,2021S05075350140.00,140,2021,2341,1850,1700,0.57,0.2051282051,0.4017094017,0.1752136752,45.2,3,0.7826086957,0.0448717949,0.106,0.1602564103,0.8461538462,0.8940397351,0.7556053812,0.0128205128,0.1538461538,0.8205128205,0,4092.7,0.2075055188,0.0264900662,0.0684326711,0.9189189189,0.1938325991,0.9957173448,0.1413276231,0.1458333333,0.1752136752,0.5440257468,0.473283179,924.8437695,1954.102344,0.3707044972,0.5306449888,630.1976453,1187.606891,0.724798235,0.6483768402,1232.157,1900.371702,0.546509493,0.3611208453,0.3611208453,2.748118941,4,0.636114731,0.05091616018,2.123404131,2,0.5290580886,0.01374016748,2.090109031,2,0.5215560599,0.001729513726,0.1532971584,599741.8583,1386.125605,0,0,1163.38335,1,1,344.963503,21,1,3679.565621,0,0,0,5,0,2.135839385,1658.455288,1351594,24,0.02524054559,708.4388246,Official 311 files provide ward/FSA but no coordinates; CT count is an area-weighted ward-to-CT allocation using the existing municipal ward-to-CT crosswalk.,0.1532971584,0.001729513726,0,"Census Profile characteristic 1491: percent of tenant households in subsidized housing, converted to a 0-1 share. Denominator is tenant households, not all households."
5350141.01,5350141.01,2021S05075350141.01,141.01,2021,4493,3350,3215,0.55,0.1590656285,0.4293659622,0.1446051168,41.6,2.7,0.7862903226,0.0522803115,0.101,0.2228739003,0.7771260997,0.9120521173,0.7440543601,0.0469208211,0.2072072072,0.5195195195,0.2672672673,8163.2,0.2607296137,0.0214592275,0.0686695279,0.9597014925,0.3036480687,0.9922048998,0.2249443207,0.2657004831,0.1946607341,0.5328692047,0.4914516824,1713.174493,3485.94695,0.5650998428,0.5450263298,1816.795995,3333.40959,0.7562632993,0.715148549,2431.386507,3399.834217,0.6180774489,0.2000568425,0.2000568425,3.34394664,4,0.7009521659,0.1762534415,2.076854326,2,0.5185025798,0.1000744423,2.078061886,2,0.5187823776,0.1084397757,0.1388132286,576877.4375,607.0038329,1,1,774.5610766,1,1,198.8355788,22,1,4938.818017,0,0,1,24,0.2225684398,5.341642555,1594.835931,1351594,24,0.02427444795,354.9601448,Official 311 files provide ward/FSA but no coordinates; CT count is an area-weighted ward-to-CT allocation using the existing municipal ward-to-CT crosswalk.,0.1388132286,0.1084397757,0,"Census Profile characteristic 1491: percent of tenant households in subsidized housing, converted to a 0-1 share. Denominator is tenant households, not all households."
5350141.02,5350141.02,2021S05075350141.02,141.02,2021,4653,3475,3145,0.69,0.1688172043,0.4365591398,0.1333333333,41.6,2.9,0.8265524625,0.0473627557,0.114,0.152866242,0.847133758,0.9357696567,0.741745283,0,0.1388888889,0.7037037037,0.1543209877,6767,0.218061674,0.031938326,0.0583700441,0.9050359712,0.2235682819,0.994612069,0.182112069,0.1475409836,0.1967741935,0.5212665183,0.4988747071,1639.3832,3286.16219,0.5654308942,0.5251535969,1778.280162,3386.209621,0.7637900615,0.6775638687,2402.119743,3545.229984,0.616829158,0.3105746229,0.3105746229,2.998743485,4,0.6665269953,0.07662486819,2.119084321,2,0.5280980611,0.1000881476,2.073052673,2,0.5176195893,0.1084769446,0.1388831619,720921.1668,1042.173591,1,1,959.4677819,1,1,431.8330781,21,1,4694.845629,0,0,0,2,0,0.4298302171,1992.978597,1351594,24,0.03033488143,428.3212115,Official 311 files provide ward/FSA but no coordinates; CT count is an area-weighted ward-to-CT allocation using the existing municipal ward-to-CT crosswalk.,0.1388831619,0.1084769446,0,"Census Profile characteristic 1491: percent of tenant households in subsidized housing, converted to a 0-1 share. Denominator is tenant households, not all households."
5350142.00,5350142.00,2021S05075350142.00,142,2021,5589,4290,3870,1.04,0.1663685152,0.4221824687,0.1699463327,43.6,2.6,0.7879310345,0.0659439928,0.11,0.3363844394,0.6613272311,0.8998161765,0.6977186312,0.0480549199,0.3517241379,0.5494252874,0.0896551724,5354,0.2611872146,0.0438356164,0.0785388128,0.9020979021,0.2812785388,0.9892665474,0.2084078712,0.2476635514,0.1923076923,0.541796749,0.4927412712,2096.753418,4255.282724,0.548557738,0.4964957619,2122.918446,4275.803761,0.7175720893,0.6474852945,2777.003986,4288.906651,0.6026421921,0.2426018851,0.2426018851,3.307194845,4,0.6976289433,0.2339635915,2.188529454,2,0.5430721766,0.2720937267,1.981708226,2,0.4953848468,0.1290594538,0.240266756,1094130.302,779.1919818,1,1,390.3463999,1,1,356.8410031,22,1,4753.211659,0,0,2,2,0.3578457685,0.3578457685,1836.763354,1351594,24,0.0344466328,328.638997,Official 311 files provide ward/FSA but no coordinates; CT count is an area-weighted ward-to-CT allocation using the existing municipal ward-to-CT crosswalk.,0.240266756,0.1290594538,0.122,"Census Profile characteristic 1491: percent of tenant households in subsidized housing, converted to a 0-1 share. Denominator is tenant households, not all households."
5350150.00,5350150.00,2021S05075350150.00,150,2021,4210,3255,3090,1.07,0.1686460808,0.4228028504,0.1698337292,42.8,2.7,0.7208237986,0.0570071259,0.098,0.2215189873,0.7784810127,0.9252110977,0.7939698492,0.0126582278,0.2397476341,0.7318611987,0.0283911672,3930.9,0.2134292566,0.0143884892,0.0467625899,0.9493087558,0.1548619448,0.9940617577,0.1983372922,0.1965317919,0.1722090261,0.5978607564,0.5129729155,1847.389737,3601.339723,0.5522226757,0.5127739356,1706.368068,3327.719975,0.7578267287,0.7542183653,2341.684592,3104.783309,0.6359700536,0.01643400035,0.01643400035,3.250524415,3,0.6923573331,0.01920707541,3.175123085,3,0.6850515797,0.4224904547,2.19255514,3,0.5439111283,0.05448146508,0.1287789525,1163607.6,1267.890623,0,0,702.8709602,2,1,103.9516475,32,1,2769.18946,0,0,2,0,0.4750593824,0,4952.112028,1351594,24,0.07229480452,1176.273641,Official 311 files provide ward/FSA but no coordinates; CT count is an area-weighted ward-to-CT allocation using the existing municipal ward-to-CT crosswalk.,0.1287789525,0.05448146508,0.056,"Census Profile characteristic 1491: percent of tenant households in subsidized housing, converted to a 0-1 share. Denominator is tenant households, not all households."
5350151.00,5350151.00,2021S05075350151.00,151,2021,3756,2855,2460,0.64,0.1914893617,0.4228723404,0.1329787234,39.6,2.5,0.3941605839,0.189081225,0.177,0.6013071895,0.3986928105,0.9412550067,0.736248237,0.0098039216,0.5822368421,0.0690789474,0.3289473684,5879.8,0.3921052632,0.05,0.1052631579,0.8616462347,0.4005270092,0.9773635153,0.310252996,0.2584269663,0.1861702128,0.4415873051,0.4301563806,1086.304771,2525.371748,0.5604187267,0.4966768251,1378.630068,2775.708465,0.8208134373,0.7355313611,2019.201056,2745.227685,0.6076064897,0.04285587856,0.04285587856,3.669389844,4,0.7274751273,0.04390959492,3.368322523,4,0.7031163158,0.3056373262,2.498644239,3,0.5997829605,0.1365185908,0.09292070331,695238.5288,879.6019117,1,1,470.4641444,3,1,79.15570954,42,1,3166.117348,0,0,2,10,0.5324813632,2.662406816,2957.812232,1351594,24,0.04318525362,787.4899447,Official 311 files provide ward/FSA but no coordinates; CT count is an area-weighted ward-to-CT allocation using the existing municipal ward-to-CT crosswalk.,0.09292070331,0.1365185908,0.478,"Census Profile characteristic 1491: percent of tenant households in subsidized housing, converted to a 0-1 share. Denominator is tenant households, not all households."
5350152.00,5350152.00,2021S05075350152.00,152,2021,4653,3585,3200,0.85,0.1537634409,0.4688172043,0.1387096774,41.2,2.6,0.6003937008,0.0537056928,0.089,0.1742857143,0.8257142857,0.9159090909,0.7283653846,0.0171428571,0.2128851541,0.4929971989,0.2661064426,5463.2,0.2164599775,0.0090191657,0.0496054115,0.8926080893,0.1758737317,0.9892473118,0.1978494624,0.2048780488,0.1677419355,0.5406781275,0.4762892964,1730.170008,3632.60317,0.5796924998,0.5071776375,1855.015999,3657.52719,0.8874314425,0.7669183478,2839.780616,3702.846104,0.6692673566,0.1271346237,0.1271346237,3.393068279,4,0.7052814981,0.08027731716,3.125569806,3,0.6800583375,0.366433756,2.422471241,3,0.5871984017,0.1869487246,0.1867513119,893928.0706,363.1495089,1,1,90.33104533,3,1,508.7624458,35,1,2118.964212,0,0,1,11,0.2149151085,2.364066194,3807.844556,1351594,24,0.05559221788,818.363326,Official 311 files provide ward/FSA but no coordinates; CT count is an area-weighted ward-to-CT allocation using the existing municipal ward-to-CT crosswalk.,0.1867513119,0.1869487246,0,"Census Profile characteristic 1491: percent of tenant households in subsidized housing, converted to a 0-1 share. Denominator is tenant households, not all households."
5350153.00,5350153.00,2021S05075350153.00,153,2021,4460,3750,3355,0.93,0.2511210762,0.4338565022,0.1502242152,41.2,2.7,0.2649253731,0.1020179372,0.164,0.2492492492,0.7537537538,0.9173184358,0.718424102,0.012012012,0.2746268657,0.5194029851,0.1880597015,4790,0.4464088398,0.0464088398,0.1093922652,0.8946666667,0.4723451327,0.9484304933,0.418161435,0.2624584718,0.1121076233,0.3301392919,0.3750444521,1107.617324,2953.296118,0.4075030873,0.447741954,1367.172858,3053.483922,0.7865416531,0.7619810505,2638.847246,3463.140251,0.5080613441,0.02492831061,0.02492831061,3.691418066,4,0.7291013962,0.01340650668,3.256097015,3,0.6928838436,0.30810495,2.508495704,3,0.601354709,0.08860757877,0.09478452112,976448.1027,387.2516,1,1,246.6143575,3,1,0,37,1,2341.639415,0,0,1,0,0.2242152466,0,2064.409196,1351594,24,0.03749287806,462.8720171,Official 311 files provide ward/FSA but no coordinates; CT count is an area-weighted ward-to-CT allocation using the existing municipal ward-to-CT crosswalk.,0.09478452112,0.08860757877,0.22,"Census Profile characteristic 1491: percent of tenant households in subsidized housing, converted to a 0-1 share. Denominator is tenant households, not all households."
5350154.00,5350154.00,2021S05075350154.00,154,2021,6192,5275,4480,2.09,0.191283293,0.3995157385,0.2421307506,46,2.2,0.2840236686,0.1050080775,0.115,0.2823741007,0.7194244604,0.901071723,0.6878216123,0.3902877698,0.6173285199,0.2996389892,0.0685920578,2962,0.4424489796,0.0424489796,0.1346938776,0.8492890995,0.3001631321,0.9588377724,0.4390637611,0.2551020408,0.1065375303,0.4883012158,0.4322452243,2187.589447,5060.991594,0.5733703534,0.4760012056,2568.699183,5396.413188,0.720011884,0.6815404137,3225.65324,4732.886232,0.5938944844,0.1776204613,0.1776204613,3.463125065,4,0.7112434633,0.006438547869,3.307877768,3,0.6976913688,0.1645859718,2.176505523,3,0.5405479152,0.1530926448,0.219255663,2262386.469,1434.161715,0,0,682.5374836,3,1,1.561987834,42,1,3497.130958,0,0,1,0,0.161498708,0,4737.168221,1351594,24,0.08634867094,765.0465473,Official 311 files provide ward/FSA but no coordinates; CT count is an area-weighted ward-to-CT allocation using the existing municipal ward-to-CT crosswalk.,0.219255663,0.1530926448,0.045,"Census Profile characteristic 1491: percent of tenant households in subsidized housing, converted to a 0-1 share. Denominator is tenant households, not all households."
5350155.00,5350155.00,2021S05075350155.00,155,2021,3080,2460,1975,0.81,0.2256493506,0.4172077922,0.1396103896,39.6,2.5,0.1891117479,0.209076175,0.168,0.4767932489,0.5147679325,0.9539249147,0.7881508079,0,0.5161290323,0.2620967742,0.1814516129,3816.1,0.4881355932,0.0237288136,0.1406779661,0.8028455285,0.5211505922,0.9366883117,0.4399350649,0.2681564246,0.1558441558,0.3044642053,0.2991461272,601.3168055,2010.110614,0.3238136863,0.3299085693,639.5320305,1938.51294,0.5412662738,0.5208457288,1069.000891,2052.432864,0.3898480551,0.03811622787,0.03811622787,3.829366481,4,0.7388601992,0.04536191517,3.218775032,3,0.6893228045,0.1688927426,2.188255907,3,0.5430150574,0.5160018524,0.2941644754,852401.3809,1198.981783,1,1,158.1518193,3,1,114.5832721,37,1,1929.656354,0,0,2,1,0.6493506494,0.3246753247,1784.905614,1351594,24,0.03253861295,579.5148096,Official 311 files provide ward/FSA but no coordinates; CT count is an area-weighted ward-to-CT allocation using the existing municipal ward-to-CT crosswalk.,0.2941644754,0.5160018524,0.632,"Census Profile characteristic 1491: percent of tenant households in subsidized housing, converted to a 0-1 share. Denominator is tenant households, not all households."
5350156.01,5350156.01,2021S05075350156.01,156.01,2021,5700,4500,3360,0.6,0.2254385965,0.3728070175,0.1807017544,39.6,2.5,0.1749174917,0.2440737489,0.159,0.7457264957,0.2521367521,0.9302528335,0.72760181,0.0170940171,0.7598253275,0.1484716157,0.0873362445,9451.2,0.5403087479,0.0728987993,0.2427101201,0.7466666667,0.7015437393,0.9114035088,0.5157894737,0.3197674419,0.1526315789,0.2875624015,0.2610674196,966.2096689,3700.996741,0.420946228,0.3546241648,1414.379326,3988.389586,0.5592326602,0.5024846041,1879.021738,3739.461315,0.4225804299,0.05121271584,0.05121271584,4.08635935,3,0.7552833918,0.01661333384,3.33611385,3,0.700250038,0.1549869679,2.186751402,3,0.5427006477,0.2722468919,0.1569598818,634701.5767,1188.523676,1,1,791.7639432,2,1,62.93231157,50,1,2725.100734,0,0,0,0,0,0,1329.048066,1351594,24,0.02422838513,233.1663275,Official 311 files provide ward/FSA but no coordinates; CT count is an area-weighted ward-to-CT allocation using the existing municipal ward-to-CT crosswalk.,0.1569598818,0.2722468919,0.338,"Census Profile characteristic 1491: percent of tenant households in subsidized housing, converted to a 0-1 share. Denominator is tenant households, not all households."
5350156.02,5350156.02,2021S05075350156.02,156.02,2021,2810,2295,1955,0.59,0.2263814617,0.4135472371,0.1639928699,41.6,2.6,0.2435897436,0.1298932384,0.109,0.4186046512,0.576744186,0.9425493716,0.742481203,0.0325581395,0.3896713615,0.3849765258,0.1267605634,4783.8,0.4634581105,0.0374331551,0.1426024955,0.8518518519,0.371886121,0.9377224199,0.4252669039,0.2341463415,0.128342246,0.2853210894,0.3203622495,557.8027298,1741.162483,0.4069144455,0.3695227109,795.5177409,2152.825029,0.5665590257,0.5554138646,1107.622895,1994.229827,0.4195981869,0.02002963676,0.02002963676,3.90375921,3,0.7438366594,0.01186972415,3.359228701,3,0.7023126173,0.1901359227,2.179498971,3,0.541178953,0.278432181,0.1638235348,620195.8119,711.4006595,1,1,637.309267,4,1,29.81797541,47,1,2170.596007,0,0,3,15,1.067615658,5.338078292,1298.673384,1351594,24,0.02367465836,462.1613467,Official 311 files provide ward/FSA but no coordinates; CT count is an area-weighted ward-to-CT allocation using the existing municipal ward-to-CT crosswalk.,0.1638235348,0.278432181,0.198,"Census Profile characteristic 1491: percent of tenant households in subsidized housing, converted to a 0-1 share. Denominator is tenant households, not all households."
5350157.00,5350157.00,2021S05075350157.00,157,2021,2716,2175,1605,0.46,0.2615101289,0.4143646409,0.1178637201,37.6,2.6,0.2128378378,0.1546961326,0.171,0.5373134328,0.4676616915,0.9166666667,0.6936758893,0.184079602,0.6231884058,0.2995169082,0.0628019324,5896.7,0.4888059701,0.0914179104,0.2070895522,0.7379310345,0.6082089552,0.9521178637,0.4438305709,0.3471502591,0.1491712707,0.3319619494,0.3373339469,532.7989288,1579.440592,0.369300145,0.3839013949,592.7267327,1543.955663,0.5940937471,0.6338630275,953.520464,1504.300492,0.4317852805,0.00028743547,0.00028743547,4.041902179,4,0.7525917363,0.09989105447,3.270709842,3,0.6942559725,0.1444115736,2.229548107,3,0.5514786173,0.3398774832,0.1484647487,508665.0926,350.886967,1,1,384.734817,3,1,0,38,1,2436.357253,0,0,0,72,0,26.5095729,1065.131052,1351594,24,0.01941720995,392.1690175,Official 311 files provide ward/FSA but no coordinates; CT count is an area-weighted ward-to-CT allocation using the existing municipal ward-to-CT crosswalk.,0.1484647487,0.3398774832,0.194,"Census Profile characteristic 1491: percent of tenant households in subsidized housing, converted to a 0-1 share. Denominator is tenant households, not all households."
5350158.00,5350158.00,2021S05075350158.00,158,2021,3036,2555,2080,0.64,0.23723229,0.3986820428,0.1993410214,43.2,2.3,0.2064896755,0.1824212272,0.18,0.5925925926,0.4111111111,0.8908794788,0.6434634975,0.1925925926,0.7045454545,0.2310606061,0.0568181818,4778.8,0.5762987013,0.0795454545,0.1866883117,0.8140900196,0.5364667747,0.9056291391,0.5016556291,0.345971564,0.1120263591,0.2628395409,0.3027298283,546.7062451,1805.9213,0.3931481205,0.3761832289,817.7480905,2173.802625,0.6023968115,0.6334471121,1252.985368,1978.042593,0.419461491,0.07932413227,0.07932413227,3.756102564,3,0.7337665884,0.04918400257,3.185659828,3,0.6860932887,0.3219713057,2.301425987,3,0.565486787,0.380426994,0.3693345685,672133.2994,415.6355427,2,1,284.674339,6,1,18.40420783,34,1,1288.588238,0,0,4,10,1.317523057,3.293807642,1407.487561,1351594,24,0.02565792171,463.5993285,Official 311 files provide ward/FSA but no coordinates; CT count is an area-weighted ward-to-CT allocation using the existing municipal ward-to-CT crosswalk.,0.3693345685,0.380426994,0.325,"Census Profile characteristic 1491: percent of tenant households in subsidized housing, converted to a 0-1 share. Denominator is tenant households, not all households."
5350159.01,5350159.01,2021S05075350159.01,159.01,2021,3506,2895,2135,0.49,0.2353780314,0.422253923,0.1626248217,40.8,2.8,0.1792207792,0.1084165478,0.149,0.3251028807,0.670781893,0.9402092676,0.7379844961,0.0205761317,0.3937007874,0.4803149606,0.1299212598,7118.8,0.5243722304,0.0265878877,0.2127031019,0.7374784111,0.4097633136,0.9044222539,0.5463623395,0.2489451477,0.1298145506,0.3070077679,0.3216760329,655.4615845,2037.645076,0.3809751422,0.3833645679,813.3819285,2121.693022,0.649101816,0.6194182711,1385.832377,2237.31272,0.4456949087,0.2013092207,0.2013092207,3.213267546,3,0.688790309,0.004426413939,3.22624683,3,0.6900423146,0.187947022,2.440104528,3,0.5901814907,0.1826187393,0.2158001517,516560.1586,195.8445212,1,1,747.8462335,6,1,210.2743167,37,1,799.823786,1,1,5,8,1.42612664,2.281802624,1183.068073,1351594,24,0.02086324653,337.4409793,Official 311 files provide ward/FSA but no coordinates; CT count is an area-weighted ward-to-CT allocation using the existing municipal ward-to-CT crosswalk.,0.2158001517,0.1826187393,0.076,"Census Profile characteristic 1491: percent of tenant households in subsidized housing, converted to a 0-1 share. Denominator is tenant households, not all households."
5350159.02,5350159.02,2021S05075350159.02,159.02,2021,4865,4000,3085,0.58,0.2404933196,0.4224049332,0.1551901336,40,2.7,0.2047377327,0.0996916752,0.133,0.3223140496,0.6776859504,0.8902564103,0.711827957,0.1074380165,0.4329608939,0.4413407821,0.1229050279,8409.7,0.4954314721,0.0710659898,0.2111675127,0.77125,0.3543147208,0.9157245632,0.5364850976,0.2584269663,0.1284686536,0.3073681419,0.2993158772,948.2307177,3167.993381,0.3998925141,0.3904376137,1233.668406,3159.706859,0.6384429564,0.6103184257,1969.59652,3227.162146,0.4485678708,0.1703040051,0.1703040051,3.443079058,4,0.7095622891,0.0192981237,3.251753588,3,0.6924736229,0.2220955112,2.466318182,3,0.5945373117,0.1806576675,0.2144958861,606598.1766,575.7670882,1,1,594.8821697,4,1,264.78945,25,1,399.1855237,2,1,1,11,0.2055498458,2.261048304,1577.016203,1351594,24,0.02661893525,324.1554374,Official 311 files provide ward/FSA but no coordinates; CT count is an area-weighted ward-to-CT allocation using the existing municipal ward-to-CT crosswalk.,0.2144958861,0.1806576675,0.042,"Census Profile characteristic 1491: percent of tenant households in subsidized housing, converted to a 0-1 share. Denominator is tenant households, not all households."
5350160.00,5350160.00,2021S05075350160.00,160,2021,3152,2610,2005,0.73,0.2206349206,0.4380952381,0.1492063492,40.4,2.7,0.2291105121,0.0958466454,0.14,0.3127753304,0.6872246696,0.9182389937,0.7149917628,0,0.3896103896,0.4242424242,0.1861471861,4310.7,0.5117370892,0.0500782473,0.2097026604,0.7681992337,0.3573667712,0.9106858054,0.5374800638,0.26171875,0.119047619,0.4303489971,0.3539106837,862.8497392,2438.043775,0.5069866608,0.4121957513,1016.508255,2466.08135,0.7314745883,0.6745712682,1466.60655,2174.131361,0.5562700821,0.09057707562,0.09057707562,3.170656849,3,0.6846079385,0.1224568898,3.038063439,3,0.6708429497,0.2338618723,2.414890363,3,0.5859025257,0.1967427422,0.1748673489,766599.0191,1114.042618,1,1,571.8487793,2,1,87.06092211,21,1,361.0799593,2,1,4,14,1.269035533,4.441624365,4365.101727,1351594,24,0.0604166329,1384.867299,Official 311 files provide ward/FSA but no coordinates; CT count is an area-weighted ward-to-CT allocation using the existing municipal ward-to-CT crosswalk.,0.1748673489,0.1967427422,0.155,"Census Profile characteristic 1491: percent of tenant households in subsidized housing, converted to a 0-1 share. Denominator is tenant households, not all households."
5350161.00,5350161.00,2021S05075350161.00,161,2021,6885,5675,4435,0.81,0.2403776325,0.4175744372,0.1503267974,40.4,2.7,0.2909090909,0.1111111111,0.123,0.3941747573,0.6058252427,0.9118518519,0.7109737249,0.027184466,0.4324853229,0.4677103718,0.0919765166,8486.4,0.4893772894,0.0505494505,0.1963369963,0.7814977974,0.4234432234,0.9193899782,0.5250544662,0.3319672131,0.1270878722,0.3655997446,0.3726143387,1621.434867,4351.509587,0.4728740374,0.4814706107,2097.196356,4355.813853,0.6751651808,0.6689324171,2994.357577,4476.323019,0.5045463209,0.05930518403,0.05930518403,3.300384533,2,0.6970050035,0.1293899512,3.091681644,3,0.6765514322,0.2642337581,2.384877035,3,0.5806911698,0.3020501777,0.3372673117,850804.3274,856.1453483,2,1,383.287292,2,1,167.601484,18,1,893.3368894,2,1,1,44,0.1452432825,6.39070443,4843.572643,1351594,24,0.06704858457,703.4963898,Official 311 files provide ward/FSA but no coordinates; CT count is an area-weighted ward-to-CT allocation using the existing municipal ward-to-CT crosswalk.,0.3372673117,0.3020501777,0.089,"Census Profile characteristic 1491: percent of tenant households in subsidized housing, converted to a 0-1 share. Denominator is tenant households, not all households."
5350162.00,5350162.00,2021S05075350162.00,162,2021,4846,4015,3265,0.58,0.2195876289,0.4030927835,0.1896907216,42,2.5,0.3327171904,0.1111111111,0.119,0.4516971279,0.5483028721,0.9023109244,0.7040261153,0.0287206266,0.4528795812,0.3848167539,0.1623036649,8417.6,0.4656964657,0.0332640333,0.1444906445,0.8132004981,0.4386694387,0.9308176101,0.4402515723,0.3613707165,0.124742268,0.4543081019,0.4195607078,1483.315953,3535.402446,0.506327725,0.4683088985,1653.160022,3530.063228,0.62404436,0.5890896288,2037.504836,3458.734861,0.528226729,0.07489059005,0.07489059005,4.214660119,4,0.7627329437,0.04339778027,3.106209912,3,0.6780642557,0.2315600716,2.471945197,3,0.5954602872,0.4661159898,0.247073601,603303.7372,660.5028527,2,1,319.8515141,3,1,182.4670372,22,1,1477.931385,0,0,4,70,0.8254230293,14.44490301,2585.383863,1351594,24,0.04384272256,533.508845,Official 311 files provide ward/FSA but no coordinates; CT count is an area-weighted ward-to-CT allocation using the existing municipal ward-to-CT crosswalk.,0.247073601,0.4661159898,0.132,"Census Profile characteristic 1491: percent of tenant households in subsidized housing, converted to a 0-1 share. Denominator is tenant households, not all households."
5350163.00,5350163.00,2021S05075350163.00,163,2021,4308,3520,2915,0.45,0.211136891,0.4280742459,0.1670533643,40.8,2.5,0.4610778443,0.1085180863,0.114,0.4712643678,0.525862069,0.8985680191,0.701120797,0.0201149425,0.5014326648,0.3495702006,0.1404011461,9484.8,0.3674911661,0.0400471143,0.1460541814,0.828125,0.3297997644,0.9358226371,0.3955659277,0.3100775194,0.13225058,0.4810255441,0.4076262458,1402.189461,3439.890035,0.566901428,0.4782860311,1652.517663,3455.08243,0.7862111293,0.7119681429,2291.805442,3218.971895,0.6113793672,0.172654003,0.172654003,3.31832167,3,0.6986428383,0.3239400128,2.648838347,3,0.6224760181,0.3184358564,2.400843406,3,0.5834797065,0.3587571067,0.2684306944,476532.7397,454.9760351,2,1,963.8268757,3,1,274.2095512,18,1,808.5441589,1,1,0,0,0,0,2713.343663,1351594,24,0.03755576197,629.8383619,Official 311 files provide ward/FSA but no coordinates; CT count is an area-weighted ward-to-CT allocation using the existing municipal ward-to-CT crosswalk.,0.2684306944,0.3587571067,0.03,"Census Profile characteristic 1491: percent of tenant households in subsidized housing, converted to a 0-1 share. Denominator is tenant households, not all households."
5350164.00,5350164.00,2021S05075350164.00,164,2021,6002,4885,4025,0.63,0.2173189009,0.4179850125,0.1673605329,40.4,2.5,0.5273775216,0.0918964077,0.13,0.4115226337,0.5884773663,0.9024186822,0.7125220459,0.0102880658,0.479338843,0.3119834711,0.2045454545,9554.3,0.3943661972,0.0588235294,0.149958575,0.82395087,0.3761391881,0.9623745819,0.3377926421,0.3691460055,0.1290591174,0.5079746904,0.4600427505,2044.598129,4444.3655,0.5797258101,0.5040933113,2333.396386,4628.897733,0.828700099,0.7589567268,3335.517898,4394.872304,0.6388001998,0.1639254235,0.1639254235,3.662746662,4,0.7269808446,0.1150705349,2.887207986,3,0.6536446266,0.3113120455,2.252614616,3,0.5560714234,0.2145388208,0.229855465,658633.8049,311.9659227,2,1,627.2372812,3,1,279.2722564,23,1,673.2108754,1,1,4,0,0.6664445185,0,3125.804883,1351594,24,0.04918564463,520.7938825,Official 311 files provide ward/FSA but no coordinates; CT count is an area-weighted ward-to-CT allocation using the existing municipal ward-to-CT crosswalk.,0.229855465,0.2145388208,0.065,"Census Profile characteristic 1491: percent of tenant households in subsidized housing, converted to a 0-1 share. Denominator is tenant households, not all households."
5350165.00,5350165.00,2021S05075350165.00,165,2021,4209,3375,3050,0.48,0.2187871581,0.4126040428,0.1640903686,40.4,2.3,0.6421663443,0.1026252983,0.101,0.5,0.5,0.9062133646,0.6913730255,0.0243243243,0.5737704918,0.3224043716,0.1038251366,8680.1,0.3159117305,0.0476190476,0.1103368177,0.9037037037,0.2845528455,0.9821002387,0.2303102625,0.3021276596,0.1486325803,0.4983939531,0.4825668892,1520.101557,3150.032857,0.5436280805,0.4785465673,1658.065646,3464.794774,0.7662826873,0.6629768551,2337.162196,3525.254582,0.6027682403,0.1302584891,0.1302584891,3.817559784,3,0.7380525632,0.04799527882,2.873067321,3,0.6519399345,0.3039329919,2.060689741,2,0.5147255891,0.4686975291,0.2652003736,508608.2664,822.6631546,2,1,790.9182818,4,1,155.4494888,33,1,732.9092049,3,1,0,6,0,1.42551675,2179.005533,1351594,24,0.03695860668,517.7014808,Official 311 files provide ward/FSA but no coordinates; CT count is an area-weighted ward-to-CT allocation using the existing municipal ward-to-CT crosswalk.,0.2652003736,0.4686975291,0.13,"Census Profile characteristic 1491: percent of tenant households in subsidized housing, converted to a 0-1 share. Denominator is tenant households, not all households."
5350166.00,5350166.00,2021S05075350166.00,166,2021,4024,3100,2795,0.79,0.1890547264,0.3905472637,0.1766169154,40.8,2.5,0.67695962,0.0889724311,0.079,0.4650455927,0.5319148936,0.9405940594,0.7324675325,0.094224924,0.4923076923,0.4984615385,0,5119.6,0.2276621787,0.0440636475,0.0917992656,0.9016129032,0.205630355,0.9925465839,0.1826086957,0.2264150943,0.1791044776,0.5892608402,0.5462155799,1646.984048,3015.26377,0.5976343943,0.5466225364,1670.388132,3055.834732,0.7831766598,0.6665912802,2188.978764,3283.839482,0.6566906315,0.2561681046,0.2561681046,3.29371782,4,0.6963917207,0.1385786907,2.861733295,3,0.6505614266,0.1057121039,2.162614549,2,0.5375967481,0.2290194211,0.1419295449,824205.7488,964.7860085,1,1,588.7968623,3,1,59.05877206,33,1,1781.689046,0,0,2,15,0.4970178926,3.727634195,3531.104399,1351594,24,0.05989186199,877.5110335,Official 311 files provide ward/FSA but no coordinates; CT count is an area-weighted ward-to-CT allocation using the existing municipal ward-to-CT crosswalk.,0.1419295449,0.2290194211,0.105,"Census Profile characteristic 1491: percent of tenant households in subsidized housing, converted to a 0-1 share. Denominator is tenant households, not all households."
5350167.01,5350167.01,2021S05075350167.01,167.01,2021,2446,2300,1950,0.13,0.2474437628,0.2944785276,0.3844580777,52.8,1.5,0.7136929461,0.143776824,0.092,0.7993630573,0.2006369427,0.8905579399,0.5163398693,0.2197452229,1,0,0,18240.1,0.3347547974,0.0618336887,0.1130063966,0.847826087,0.2063829787,0.9935622318,0.2467811159,0.3980582524,0.0388548057,0.6349410975,0.4551365215,1238.13514,2720.359896,0.5629179477,0.5108738025,1097.689998,2148.651962,0.8706187584,0.9600732335,1697.706579,1768.309458,0.6894926012,0.05852716534,0.05852716534,3.95930799,3,0.747430611,0.06865837864,2.987645,3,0.6652882119,0.2899698423,2.022587295,2,0.5055837626,0.4702401931,0.2652805467,140531.6605,406.6085488,1,1,725.5211084,2,1,63.50170884,40,1,493.7423129,2,1,0,35,0,14.30907604,602.0729233,1351594,24,0.0102118953,246.1459212,Official 311 files provide ward/FSA but no coordinates; CT count is an area-weighted ward-to-CT allocation using the existing municipal ward-to-CT crosswalk.,0.2652805467,0.4702401931,0.124,"Census Profile characteristic 1491: percent of tenant households in subsidized housing, converted to a 0-1 share. Denominator is tenant households, not all households."
5350167.02,5350167.02,2021S05075350167.02,167.02,2021,5745,4955,3920,0.6,0.3054830287,0.4038294169,0.1470844212,38,2,0.5471428571,0.1340388007,0.133,0.8137082601,0.1845342707,0.8708487085,0.6300191205,0.0579964851,0.84,0.1426086957,0.0173913043,9552.7,0.3937728938,0.0613553114,0.1529304029,0.7911200807,0.4262144821,0.9850483729,0.3166226913,0.4685534591,0.0957354221,0.5147403644,0.4602021209,2017.782228,4384.55656,0.5635103856,0.4958747268,2208.960711,4454.674925,0.7686874107,0.7350166628,3013.25465,4099.573251,0.6156460536,0.1377075878,0.1377075878,3.919461291,3,0.7448628968,0.001051225007,2.950898795,3,0.6611201978,0.3035189826,2.091903816,3,0.5219665491,0.4669256766,0.2633994478,630607.141,967.1235134,1,1,337.2543839,2,1,36.70415285,30,1,1199.201317,1,1,2,15,0.3481288077,2.610966057,2701.679347,1351594,24,0.04582379571,470.2662049,Official 311 files provide ward/FSA but no coordinates; CT count is an area-weighted ward-to-CT allocation using the existing municipal ward-to-CT crosswalk.,0.2633994478,0.4669256766,0.075,"Census Profile characteristic 1491: percent of tenant households in subsidized housing, converted to a 0-1 share. Denominator is tenant households, not all households."
5350168.00,5350168.00,2021S05075350168.00,168,2021,5674,4765,3860,0.57,0.2442680776,0.385361552,0.1948853616,41.6,2.2,0.4565217391,0.1665198238,0.137,0.62109375,0.376953125,0.8615107914,0.6663542643,0.091796875,0.656920078,0.261208577,0.0838206628,10033.6,0.5057880677,0.0837043633,0.1807658059,0.8100734523,0.5618878005,0.9480176211,0.4044052863,0.4855491329,0.1111111111,0.4634099918,0.4308471586,1788.762568,4151.733468,0.5227082189,0.4649378213,2017.653725,4339.620553,0.7948128448,0.7381100585,3067.977581,4156.531327,0.5936436852,0.05231794879,0.05231794879,4.20489548,4,0.7621819603,0.07428346812,3.017709856,3,0.6686228803,0.2778071278,2.102750651,2,0.5244324383,0.4993607183,0.3422013355,592957.6479,627.9385188,2,1,484.6874652,3,1,289.9449319,27,1,1770.670946,0,0,1,12,0.1762425097,2.114910116,2540.379464,1351594,24,0.04308795184,447.7228524,Official 311 files provide ward/FSA but no coordinates; CT count is an area-weighted ward-to-CT allocation using the existing municipal ward-to-CT crosswalk.,0.3422013355,0.4993607183,0.283,"Census Profile characteristic 1491: percent of tenant households in subsidized housing, converted to a 0-1 share. Denominator is tenant households, not all households."
5350169.01,5350169.01,2021S05075350169.01,169.01,2021,3587,3040,2275,0.38,0.2482566248,0.429567643,0.1589958159,42,2.5,0.3981042654,0.1087866109,0.125,0.5018050542,0.4981949458,0.8982808023,0.6805970149,0.0974729242,0.5915492958,0.3591549296,0.0457746479,9486.9,0.5368271955,0.0920679887,0.2209631728,0.7483552632,0.56718529,0.9484679666,0.4693593315,0.3625498008,0.1059972106,0.3923179526,0.3597579066,892.5233421,2480.899866,0.3593998497,0.4403133657,817.634658,1856.938085,0.8396749419,0.7437612209,1910.260493,2568.37872,0.530464248,0.03690914305,0.03690914305,4.175187497,4,0.7604897982,0.06791630785,2.117595015,2,0.527766172,0.09706620918,2.129451001,2,0.5303953932,0.3093237091,0.2813162231,396304.9661,320.052731,1,1,860.0976541,2,1,148.8741244,31,1,1758.944789,0,0,3,0,0.8363534987,0,1097.359963,1351594,24,0.01670825931,305.926948,Official 311 files provide ward/FSA but no coordinates; CT count is an area-weighted ward-to-CT allocation using the existing municipal ward-to-CT crosswalk.,0.2813162231,0.3093237091,0.043,"Census Profile characteristic 1491: percent of tenant households in subsidized housing, converted to a 0-1 share. Denominator is tenant households, not all households."
5350169.02,5350169.02,2021S05075350169.02,169.02,2021,7596,6365,5045,0.44,0.2317314022,0.4344963792,0.1599736669,41.2,2.3,0.4756871036,0.1226912929,0.143,0.5863636364,0.4151515152,0.9005270092,0.6662087912,0.3393939394,0.8648233487,0.1105990783,0.0015360983,17350.4,0.5798045603,0.0794788274,0.1960912052,0.792615868,0.467752443,0.9644502962,0.5029624753,0.3980582524,0.111915734,0.4426108929,0.3962988228,2232.971955,5634.566207,0.5195169889,0.4540541854,2620.963209,5772.357778,0.909880676,0.8170803903,4590.348011,5617.988224,0.6240028526,0.03393840731,0.03393840731,4.236250125,5,0.7639421728,0.08246462434,2.180651626,2,0.5414214778,0.04392246966,2.168380356,2,0.5388262963,0.3091740298,0.2812994988,458925.2745,737.815562,1,1,891.602012,2,1,200.5618295,30,1,2047.478066,0,0,4,45,0.5265929437,5.924170616,1269.057742,1351594,24,0.01931418352,167.069213,Official 311 files provide ward/FSA but no coordinates; CT count is an area-weighted ward-to-CT allocation using the existing municipal ward-to-CT crosswalk.,0.2812994988,0.3091740298,0.137,"Census Profile characteristic 1491: percent of tenant households in subsidized housing, converted to a 0-1 share. Denominator is tenant households, not all households."
5350170.00,5350170.00,2021S05075350170.00,170,2021,3407,2910,2275,1.01,0.2599118943,0.4140969163,0.1732745962,42,2.7,0.2857142857,0.1013215859,0.143,0.3665338645,0.6294820717,0.9071856287,0.7089783282,0.0199203187,0.3320158103,0.5889328063,0.0750988142,3365.3,0.528189911,0.0459940653,0.1869436202,0.7817869416,0.4622222222,0.9339207048,0.5183553598,0.2755905512,0.1027900147,0.3358364125,0.3186642178,764.0278385,2397.595324,0.4707752263,0.41456743,1071.01364,2583.448584,0.7571528761,0.7218385389,1722.522793,2386.29929,0.5212548383,0.09665262871,0.09665262871,4.188034351,5,0.7612244991,0.001621911813,2.13376688,2,0.5313452424,0.03104383961,2.140608302,2,0.5328430713,0.3047556392,0.3145501249,1061370.032,963.0319705,1,1,1146.096131,1,1,80.08920924,20,1,989.3659001,1,1,2,11,0.5870267097,3.228646903,2938.879115,1351594,24,0.04471728589,862.6002687,Official 311 files provide ward/FSA but no coordinates; CT count is an area-weighted ward-to-CT allocation using the existing municipal ward-to-CT crosswalk.,0.3145501249,0.3047556392,0,"Census Profile characteristic 1491: percent of tenant households in subsidized housing, converted to a 0-1 share. Denominator is tenant households, not all households."
5350171.00,5350171.00,2021S05075350171.00,171,2021,3914,3160,2270,0.61,0.2273307791,0.3665389527,0.1979565773,41.6,2.5,0.1619537275,0.1744340879,0.156,0.5709459459,0.4222972973,0.9172413793,0.7638691323,0.0912162162,0.6409395973,0.2919463087,0.0536912752,6416.4,0.5383561644,0.0465753425,0.198630137,0.7183544304,0.5616438356,0.9387483356,0.4420772304,0.3770491803,0.1430395913,0.359100862,0.2719991143,815.1589567,2996.917688,0.4913829293,0.3712505928,1115.43925,3004.54537,0.6957296304,0.5328532768,1579.306261,2963.867034,0.5154044739,0.07387486287,0.07387486287,4.226177766,3,0.7633795701,0.01029040815,3.284020168,3,0.6954951709,0.2372381803,2.098221195,3,0.5234058248,0.3372822431,0.3196988403,639519.1093,1001.266438,1,1,771.3303796,3,1,147.6582697,21,1,895.700561,1,1,4,4,1.021972407,1.021972407,1340.680924,1351594,24,0.02442121407,342.5347277,Official 311 files provide ward/FSA but no coordinates; CT count is an area-weighted ward-to-CT allocation using the existing municipal ward-to-CT crosswalk.,0.3196988403,0.3372822431,0.476,"Census Profile characteristic 1491: percent of tenant households in subsidized housing, converted to a 0-1 share. Denominator is tenant households, not all households."
5350172.00,5350172.00,2021S05075350172.00,172,2021,2505,2000,1525,1.21,0.2395209581,0.4311377246,0.123752495,38.8,2.3,0.1987179487,0.1896207585,0.196,0.7899543379,0.2054794521,0.8960784314,0.6211812627,0.0136986301,0.7880184332,0.2119815668,0,2075.4,0.4980842912,0.1168582375,0.2375478927,0.7625,0.6724137931,0.9720558882,0.3512974052,0.3409090909,0.1417165669,0.2923151677,0.292429531,445.7806307,1524.403603,0.3315735293,0.3216337037,505.6496323,1572.128873,0.5180068368,0.5533268085,789.9604262,1427.656159,0.3806318446,0.1309409094,0.1309409094,3.896739721,3,0.7433752132,0.07757241539,3.11999208,3,0.6794863659,0.182427185,2.114748185,2,0.5271304606,0.3812050447,0.3811164171,1274540.739,752.3168717,2,1,531.0326201,5,1,0,34,1,1782.36205,0,0,6,3,2.395209581,1.19760479,2668.854099,1351594,24,0.04865288669,1065.410818,Official 311 files provide ward/FSA but no coordinates; CT count is an area-weighted ward-to-CT allocation using the existing municipal ward-to-CT crosswalk.,0.3811164171,0.3812050447,0.046,"Census Profile characteristic 1491: percent of tenant households in subsidized housing, converted to a 0-1 share. Denominator is tenant households, not all households."
5350173.00,5350173.00,2021S05075350173.00,173,2021,3586,2810,2275,0.59,0.2395543175,0.4080779944,0.1239554318,38.4,2.6,0.2251184834,0.1910739191,0.208,0.5379061372,0.4657039711,0.9389204545,0.7162162162,0.0252707581,0.6285714286,0.3,0.0321428571,6035,0.5244755245,0.0797202797,0.1608391608,0.8096085409,0.7426573427,0.9567642957,0.3654114365,0.3474576271,0.1504178273,0.2417487828,0.2922394691,549.9784808,1881.944566,0.3654271215,0.3457953062,831.3467013,2404.158433,0.568297367,0.5918909311,1292.87651,2184.315457,0.3918244237,0.06896655274,0.06896655274,4.316313338,3,0.7683208049,0.06103514652,3.174807053,3,0.6850202285,0.2675693705,2.039974469,2,0.5097977866,0.1515072427,0.2198440779,622591.109,685.8551877,1,1,531.0498106,2,1,102.7912997,37,1,2749.130151,0,0,5,32,1.39431121,8.923591746,1303.689072,1351594,24,0.02376609374,363.5496576,Official 311 files provide ward/FSA but no coordinates; CT count is an area-weighted ward-to-CT allocation using the existing municipal ward-to-CT crosswalk.,0.2198440779,0.1515072427,0.268,"Census Profile characteristic 1491: percent of tenant households in subsidized housing, converted to a 0-1 share. Denominator is tenant households, not all households."
5350174.00,5350174.00,2021S05075350174.00,174,2021,7062,5765,4500,1.05,0.2300070771,0.3977353149,0.1740976645,41.2,2.6,0.213740458,0.1244444444,0.181,0.5169172932,0.4868421053,0.917037037,0.7270624518,0.3872180451,0.7958015267,0.0858778626,0.0114503817,6705.9,0.5705882353,0.0735294118,0.1845588235,0.7805724198,0.7477941176,0.9534023669,0.4171597633,0.2771084337,0.1394196745,0.3422257644,0.3047277523,1540.01594,5053.743639,0.3791342657,0.3599657339,1706.104196,4739.629456,0.6560676031,0.5725137756,2952.304214,5156.739173,0.4591425444,0.0009379163405,0.0009379163405,4.211737502,3,0.7625682988,0.01385068519,3.288381097,3,0.6958989939,0.2445413143,2.084237002,3,0.5202081149,0.2334779982,0.2243406261,1124033.823,1502.496722,0,0,1361.91244,0,0,158.6060132,49,1,3588.742198,0,0,3,14,0.424808836,1.982441235,2349.941107,1351594,24,0.04282830285,332.7585821,Official 311 files provide ward/FSA but no coordinates; CT count is an area-weighted ward-to-CT allocation using the existing municipal ward-to-CT crosswalk.,0.2243406261,0.2334779982,0.204,"Census Profile characteristic 1491: percent of tenant households in subsidized housing, converted to a 0-1 share. Denominator is tenant households, not all households."
5350175.01,5350175.01,2021S05075350175.01,175.01,2021,5963,4810,3580,0.79,0.2323825503,0.394295302,0.1661073826,40,2.5,0.1815431165,0.209019948,0.184,0.5864978903,0.4113924051,0.9478417266,0.7336492891,0.2215189873,0.7872340426,0.170212766,0.0382978723,7542.4,0.4982238011,0.0710479574,0.1856127886,0.7442827443,0.6918294849,0.954978355,0.3722943723,0.2857142857,0.1367449664,0.3277051054,0.3019518515,1173.184277,3885.335598,0.5098808647,0.3865949748,1825.373496,4721.668968,0.5905437242,0.4940034016,2114.146533,4279.619383,0.4760432314,0.03844823724,0.03844823724,4.473077276,3,0.7764402584,0.03727090405,3.262059914,3,0.6934452382,0.2782595697,2.056078444,3,0.5136372336,0.1809922142,0.2328347871,842723.1767,956.4800269,1,1,628.0148508,2,1,121.6742516,34,1,4051.79489,0,0,3,60,0.5031024652,10.0620493,1763.252494,1351594,24,0.03213987564,295.6988921,Official 311 files provide ward/FSA but no coordinates; CT count is an area-weighted ward-to-CT allocation using the existing municipal ward-to-CT crosswalk.,0.2328347871,0.1809922142,0.333,"Census Profile characteristic 1491: percent of tenant households in subsidized housing, converted to a 0-1 share. Denominator is tenant households, not all households."
5350175.02,5350175.02,2021S05075350175.02,175.02,2021,8672,6895,5020,0.72,0.2647058824,0.3858131488,0.1332179931,36.8,2.2,0.1886227545,0.2169648009,0.201,0.8278061224,0.1709183673,0.8994739918,0.5942295887,0.1045918367,0.9030612245,0.0471938776,0.0153061224,11996.1,0.5354875938,0.1229082516,0.2510098096,0.7280638144,0.7442263279,0.967704729,0.3448673587,0.3496240602,0.1430219146,0.2969499371,0.2805511604,1490.688684,5313.429046,0.4275473387,0.3804529442,2146.28764,5641.401054,0.5954347776,0.5209603504,2989.082583,5737.639306,0.4399773511,0.07081145222,0.07081145222,4.586695941,3,0.7819781357,0.001976905056,3.28818099,3,0.6958804874,0.2935276275,2.045480087,3,0.5111172157,0.3576526972,0.1926758374,784031.8939,500.8633033,1,1,894.7509809,1,1,86.39189041,37,1,5037.42142,0,0,7,3,0.807195572,0.3459409594,1639.706043,1351594,24,0.02989964957,189.0804939,Official 311 files provide ward/FSA but no coordinates; CT count is an area-weighted ward-to-CT allocation using the existing municipal ward-to-CT crosswalk.,0.1926758374,0.3576526972,0.209,"Census Profile characteristic 1491: percent of tenant households in subsidized housing, converted to a 0-1 share. Denominator is tenant households, not all households."
5350176.00,5350176.00,2021S05075350176.00,176,2021,4261,3490,3020,1,0.2089201878,0.4307511737,0.1690140845,42.4,2.6,0.3531827515,0.0895170789,0.118,0.2874617737,0.7125382263,0.9493670886,0.7657004831,0.0366972477,0.3272727273,0.6363636364,0.0333333333,4257.2,0.3333333333,0.0285388128,0.1232876712,0.8653295129,0.3899657925,0.970657277,0.3227699531,0.2103448276,0.1232394366,0.4086858194,0.3827975578,1234.231175,3224.23994,0.4738926245,0.4322490763,1431.155726,3310.951497,0.5830353267,0.5564909993,1760.766687,3164.052409,0.4885379236,0.1420848404,0.1420848404,3.898407426,4,0.7434849951,0.06542995526,3.154049925,3,0.6829473141,0.1256643212,2.155979238,2,0.5361736411,0.05813204067,0.07160073222,1049052.517,790.3187754,1,1,287.6273624,3,1,17.03640957,33,1,3944.040058,0,0,1,8,0.2346866933,1.877493546,2196.687814,1351594,24,0.04004535255,515.5333993,Official 311 files provide ward/FSA but no coordinates; CT count is an area-weighted ward-to-CT allocation using the existing municipal ward-to-CT crosswalk.,0.07160073222,0.05813204067,0.043,"Census Profile characteristic 1491: percent of tenant households in subsidized housing, converted to a 0-1 share. Denominator is tenant households, not all households."
5350180.00,5350180.00,2021S05075350180.00,180,2021,6462,5230,4265,0.61,0.2407120743,0.443498452,0.1137770898,38.8,2.3,0.4052369077,0.1700310559,0.177,0.724137931,0.275862069,0.9210320563,0.6886326194,0.0090744102,0.7005444646,0.1633393829,0.0671506352,10527.9,0.4378881988,0.0776397516,0.1653726708,0.8154875717,0.4968944099,0.9751745539,0.3708301009,0.4340659341,0.136996904,0.3766564925,0.3648113245,1606.43994,4403.48156,0.4511403559,0.44372532,1924.113618,4336.271858,0.7357375193,0.705399916,3137.92052,4448.427692,0.5211781226,0.2706824507,0.2706824507,3.684732854,4,0.7286099048,0.1711060252,3.043501501,3,0.6714310804,0.3920544888,2.064611468,3,0.5156473673,0.4569563955,0.3533981212,643476.8012,987.1931726,2,1,405.9623823,6,1,108.8694185,54,1,439.7013794,1,1,2,5,0.3095017023,0.7737542556,2626.041664,1351594,24,0.03654715535,406.3821826,Official 311 files provide ward/FSA but no coordinates; CT count is an area-weighted ward-to-CT allocation using the existing municipal ward-to-CT crosswalk.,0.3533981212,0.4569563955,0.204,"Census Profile characteristic 1491: percent of tenant households in subsidized housing, converted to a 0-1 share. Denominator is tenant households, not all households."
5350181.01,5350181.01,2021S05075350181.01,181.01,2021,4382,3535,3235,0.57,0.1872146119,0.4714611872,0.1415525114,41.2,2.4,0.5518518519,0.0684931507,0.088,0.2136986301,0.7835616438,0.892325315,0.6871980676,0.0246575342,0.239010989,0.6263736264,0.1263736264,7679.6,0.2890888639,0.025871766,0.0753655793,0.9151343706,0.3622047244,0.9748571429,0.2251428571,0.2991452991,0.1232876712,0.4896808105,0.4825996586,1584.117422,3282.466935,0.5222516056,0.4910997166,1689.483944,3440.205496,0.7853743161,0.7288878046,2540.685913,3485.702322,0.5991022441,0.2200322232,0.2200322232,3.40951753,3,0.7067033705,0.2500358669,2.762121032,3,0.637959384,0.4861294669,1.880799916,3,0.468311333,0.3280625406,0.2662186483,598376.7424,1210.321464,0,0,401.2417326,10,1,1.982315415,33,1,952.9542308,1,1,0,0,0,0,2442.829834,1351594,24,0.0339952383,557.4691542,Official 311 files provide ward/FSA but no coordinates; CT count is an area-weighted ward-to-CT allocation using the existing municipal ward-to-CT crosswalk.,0.2662186483,0.3280625406,0,"Census Profile characteristic 1491: percent of tenant households in subsidized housing, converted to a 0-1 share. Denominator is tenant households, not all households."
5350181.02,5350181.02,2021S05075350181.02,181.02,2021,3546,2910,2510,0.6,0.1901408451,0.423943662,0.1845070423,42.4,2.3,0.4348894349,0.1257062147,0.164,0.4790996785,0.5209003215,0.9231884058,0.6828528073,0.0064308682,0.4694533762,0.4694533762,0.0578778135,5892.3,0.3587896254,0.0504322767,0.1181556196,0.8625429553,0.3804034582,0.9717514124,0.2768361582,0.2826086957,0.1267605634,0.479180623,0.4699425292,1202.743364,2559.341385,0.5309502381,0.4836096453,1332.685098,2755.704132,0.7706280031,0.6916128389,1934.276288,2796.761684,0.5935862881,0.182411676,0.182411676,3.656856938,4,0.7265411207,0.2481860409,2.851016102,3,0.6492478597,0.4222690653,1.978567386,3,0.4945838049,0.3265348402,0.2661798981,631024.726,1408.941157,0,0,84.99008527,7,1,0,28,1,1452.3737,0,0,1,3,0.2820078962,0.8460236887,2576.112869,1351594,24,0.03585004967,726.4841706,Official 311 files provide ward/FSA but no coordinates; CT count is an area-weighted ward-to-CT allocation using the existing municipal ward-to-CT crosswalk.,0.2661798981,0.3265348402,0.257,"Census Profile characteristic 1491: percent of tenant households in subsidized housing, converted to a 0-1 share. Denominator is tenant households, not all households."
5350182.00,5350182.00,2021S05075350182.00,182,2021,5407,4240,3995,0.76,0.1563367253,0.4801110083,0.1415356152,42,2.5,0.5506134969,0.0712303423,0.093,0.1911421911,0.8088578089,0.9073900842,0.7446183953,0,0.203271028,0.5700934579,0.2196261682,7109.8,0.2838589981,0.0222634508,0.0528756957,0.9422169811,0.3163265306,0.9768732655,0.2386679001,0.2482993197,0.1554116559,0.5144051426,0.4821305864,2055.048545,4262.431389,0.5680289856,0.5322709439,2269.275797,4263.384698,0.7409206899,0.7143348105,2959.978156,4143.684604,0.6077849394,0.1818583741,0.1818583741,3.678729881,4,0.7281670488,0.2403545913,2.858011936,3,0.6501064298,0.4588969646,1.892554215,3,0.4716135517,0.1432504842,0.133883984,797401.541,715.9715209,2,1,644.2970628,7,1,142.0719954,26,1,1894.350125,0,0,2,0,0.3698908822,0,3255.334182,1351594,24,0.04530232071,602.0592162,Official 311 files provide ward/FSA but no coordinates; CT count is an area-weighted ward-to-CT allocation using the existing municipal ward-to-CT crosswalk.,0.133883984,0.1432504842,0.084,"Census Profile characteristic 1491: percent of tenant households in subsidized housing, converted to a 0-1 share. Denominator is tenant households, not all households."
5350183.01,5350183.01,2021S05075350183.01,183.01,2021,2623,2105,1895,0.52,0.1863117871,0.4353612167,0.1673003802,42.4,2.6,0.5089605735,0.0629770992,0.108,0.2512820513,0.7487179487,0.910331384,0.7489711934,0.0102564103,0.223880597,0.631840796,0.1343283582,5004.8,0.2895752896,0.0212355212,0.0598455598,0.9002375297,0.3036750484,0.9732824427,0.3034351145,0.1926605505,0.1368821293,0.5102091225,0.4730705874,966.8462872,2043.76749,0.5629897479,0.5110353417,1066.865572,2087.655168,0.7536551287,0.6781111708,1428.176469,2106.109633,0.6089513331,0.1121983094,0.1121983094,3.454543032,4,0.7105261128,0.3100868632,2.663904707,3,0.6246111967,0.3456389173,2.217658545,3,0.5490739535,0.1780771758,0.2156989289,549389.5121,353.019415,1,1,1146.94018,1,1,54.86498173,19,1,1332.815383,0,0,0,0,0,0,2051.628796,1351594,24,0.02557885534,782.168813,Official 311 files provide ward/FSA but no coordinates; CT count is an area-weighted ward-to-CT allocation using the existing municipal ward-to-CT crosswalk.,0.2156989289,0.1780771758,0,"Census Profile characteristic 1491: percent of tenant households in subsidized housing, converted to a 0-1 share. Denominator is tenant households, not all households."
5350183.02,5350183.02,2021S05075350183.02,183.02,2021,4035,3150,2840,0.43,0.1672862454,0.4535315985,0.1474597274,41.2,2.6,0.6074561404,0.0656753408,0.119,0.2006369427,0.7993630573,0.9302615193,0.740397351,0.0095541401,0.219047619,0.326984127,0.4507936508,9425.4,0.2983970407,0.0209617756,0.0727496917,0.9015873016,0.2888888889,0.9714993804,0.2366790582,0.2528089888,0.1548946716,0.5427852984,0.4913545088,1541.510247,3137.266922,0.5623713191,0.5185874717,1597.134546,3079.778501,0.7945427743,0.7292359696,2256.501479,3094.336502,0.6332331306,0.2155007246,0.2155007246,3.144563723,3,0.6819908616,0.3870026423,2.400120324,3,0.5833542219,0.4673975371,2.062769043,3,0.5152147531,0.180547648,0.2153970958,449017.7397,649.3565292,2,1,996.1069194,1,1,445.3464707,17,1,1424.086712,0,0,0,0,0,0,1676.751006,1351594,24,0.02090415922,415.5516742,Official 311 files provide ward/FSA but no coordinates; CT count is an area-weighted ward-to-CT allocation using the existing municipal ward-to-CT crosswalk.,0.2153970958,0.180547648,0.081,"Census Profile characteristic 1491: percent of tenant households in subsidized housing, converted to a 0-1 share. Denominator is tenant households, not all households."
5350184.01,5350184.01,2021S05075350184.01,184.01,2021,5008,4065,3670,0.47,0.1788211788,0.4145854146,0.2077922078,43.2,2.3,0.513464991,0.1568431568,0.125,0.5210643016,0.4789356984,0.9064386318,0.6951476793,0.0576496674,0.5784753363,0.235426009,0.1771300448,10563.2,0.3952333664,0.0307845084,0.1052631579,0.9028290283,0.3640873016,0.961038961,0.3726273726,0.3598484848,0.1328671329,0.437998741,0.4089061435,1607.455379,3931.110855,0.552884001,0.478311452,2029.084284,4242.182108,0.7812860448,0.7054894255,2867.319784,4064.298742,0.5907229289,0.2477394995,0.2477394995,3.310253871,3,0.6979083662,0.3664474416,2.473560493,3,0.5957244616,0.393864819,2.152550902,3,0.5354349117,0.3452391738,0.2314811318,497128.1265,717.4715815,2,1,720.4893815,1,1,250.4781097,26,1,671.0120754,1,1,2,1,0.3993610224,0.1996805112,1856.346087,1351594,24,0.02314213161,370.6761356,Official 311 files provide ward/FSA but no coordinates; CT count is an area-weighted ward-to-CT allocation using the existing municipal ward-to-CT crosswalk.,0.2314811318,0.3452391738,0.26,"Census Profile characteristic 1491: percent of tenant households in subsidized housing, converted to a 0-1 share. Denominator is tenant households, not all households."
5350184.02,5350184.02,2021S05075350184.02,184.02,2021,3671,3060,2650,0.56,0.2027210884,0.4557823129,0.1714285714,43.6,2.3,0.4617169374,0.1077762619,0.144,0.5046153846,0.4953846154,0.9392265193,0.7228571429,0.0061538462,0.5465838509,0.3664596273,0.0869565217,6589.5,0.3846153846,0.0576923077,0.1208791209,0.8660130719,0.3342503439,0.9781718963,0.3315143247,0.3585858586,0.1238095238,0.4007003763,0.404364021,1061.855997,2625.990301,0.4679604389,0.4558090562,1240.095163,2720.64617,0.7038579795,0.6913840403,1865.223646,2697.811256,0.5241729316,0.1675205397,0.1675205397,3.676105507,4,0.7279729872,0.3340946951,2.574075825,3,0.6115110556,0.3973740043,2.129764143,3,0.5304644397,0.345822345,0.2315889316,589071.6527,379.6164693,2,1,358.6459973,2,1,239.2005632,29,1,456.267302,1,1,7,0,1.906837374,0,2198.421923,1351594,24,0.02741305931,598.8618694,Official 311 files provide ward/FSA but no coordinates; CT count is an area-weighted ward-to-CT allocation using the existing municipal ward-to-CT crosswalk.,0.2315889316,0.345822345,0.024,"Census Profile characteristic 1491: percent of tenant households in subsidized housing, converted to a 0-1 share. Denominator is tenant households, not all households."
5350185.01,5350185.01,2021S05075350185.01,185.01,2021,6836,5725,4755,0.5,0.2106803219,0.4557425018,0.1631309437,41.6,2.1,0.4465558195,0.1463057791,0.134,0.7254601227,0.2745398773,0.8851603281,0.6581196581,0.0383435583,0.7637195122,0.0960365854,0.118902439,13693.9,0.4247787611,0.0803834808,0.1526548673,0.8305676856,0.3286661754,0.972201902,0.3767373811,0.4004796163,0.1133869788,0.43125382,0.3917633417,2050.611914,5234.312902,0.4805197744,0.4310908398,2284.871527,5300.208949,0.7099820151,0.7011831973,3375.964482,4814.668256,0.5405852032,0.2511291995,0.2511291995,3.241838815,3,0.6915330906,0.3544256281,2.470647227,3,0.5952477597,0.3884243172,2.154592073,3,0.5358750213,0.4139303007,0.2475282109,523626.9588,657.0905878,2,1,676.3368659,2,1,36.52503931,31,1,575.4664164,1,1,2,9,0.2925687537,1.316559391,1955.29644,1351594,24,0.02437569582,286.0293213,Official 311 files provide ward/FSA but no coordinates; CT count is an area-weighted ward-to-CT allocation using the existing municipal ward-to-CT crosswalk.,0.2475282109,0.4139303007,0.053,"Census Profile characteristic 1491: percent of tenant households in subsidized housing, converted to a 0-1 share. Denominator is tenant households, not all households."
5350185.02,5350185.02,2021S05075350185.02,185.02,2021,4244,3615,3165,1.19,0.2073027091,0.4440518257,0.1896348645,44.4,2.1,0.4666666667,0.145631068,0.171,0.6386138614,0.3613861386,0.8927710843,0.7180124224,0.1064356436,0.7067669173,0.2656641604,0.030075188,3553,0.4167664671,0.0419161677,0.1065868263,0.8755186722,0.3293413174,0.9745454545,0.3939393939,0.3675213675,0.1060070671,0.3919027527,0.3926013812,1240.372212,3159.367929,0.5316270557,0.4728118727,1682.599631,3558.708502,0.7462559355,0.6605653497,2361.900036,3575.573616,0.556595248,0.1878169918,0.1878169918,3.534020257,5,0.7170361437,0.3041345074,2.646095478,3,0.6220846873,0.3808511524,2.126649441,3,0.5297767554,0.4162659908,0.2483768003,1286240.862,657.5442451,1,1,675.7364138,1,1,50.1907359,32,1,621.8847929,1,1,7,0,1.64938737,0,4800.036003,1351594,24,0.05987936176,1131.016966,Official 311 files provide ward/FSA but no coordinates; CT count is an area-weighted ward-to-CT allocation using the existing municipal ward-to-CT crosswalk.,0.2483768003,0.4162659908,0.062,"Census Profile characteristic 1491: percent of tenant households in subsidized housing, converted to a 0-1 share. Denominator is tenant households, not all households."
5350186.00,5350186.00,2021S05075350186.00,186,2021,2382,1820,1715,1.87,0.1323529412,0.4159663866,0.1890756303,45.6,2.6,0.7160493827,0.0607966457,0.109,0.3770491803,0.6229508197,0.9232409382,0.7073170732,0.0382513661,0.3114754098,0.6448087432,0.0163934426,1275,0.1978947368,0.0273684211,0.0589473684,0.9423076923,0.2442105263,0.9978991597,0.1659663866,0.1153846154,0.1932773109,0.5602707043,0.4928606088,960.8642578,1949.565943,0.4639978304,0.46535081,795.7562791,1710.01374,0.7133487818,0.7373476488,1223.393161,1659.180934,0.5792057721,0.325359143,0.325359143,3.021398843,5,0.6690274764,0.1574066373,2.433684389,3,0.5891003762,0.2712085741,1.984127999,2,0.4960002579,0.1675367297,0.1237001096,2005686.824,1263.625596,0,0,859.4548807,3,1,4.933237802,31,1,1264.305175,0,0,2,6,0.8396305626,2.518891688,5535.078164,1351594,24,0.08771482312,2323.710396,Official 311 files provide ward/FSA but no coordinates; CT count is an area-weighted ward-to-CT allocation using the existing municipal ward-to-CT crosswalk.,0.1237001096,0.1675367297,0,"Census Profile characteristic 1491: percent of tenant households in subsidized housing, converted to a 0-1 share. Denominator is tenant households, not all households."
5350187.00,5350187.00,2021S05075350187.00,187,2021,3473,2770,2685,1.19,0.1657060519,0.4452449568,0.1729106628,44.4,2.6,0.4785894207,0.0589928058,0.118,0.1849056604,0.8150943396,0.9056603774,0.7946026987,0,0.2134831461,0.7715355805,0.0187265918,2907.5,0.2776978417,0.0158273381,0.0388489209,0.9693140794,0.2676258993,0.9855907781,0.3025936599,0.1215469613,0.1613832853,0.4802161542,0.494420266,1289.380374,2607.863113,0.5617412663,0.5209423091,1508.2753,2895.282786,0.7622804031,0.7297869356,2046.722882,2804.548537,0.6014126079,0.02830940832,0.02830940832,3.771959671,4,0.7348858187,0.258131728,2.762098926,3,0.6379564865,0.3006009532,2.190214468,3,0.5434237082,0.174426518,0.2004637378,1265785.238,771.0647025,2,1,873.2836309,1,1,84.149827,24,1,1341.645432,0,0,7,0,2.015548517,0,4719.521074,1351594,24,0.05890235932,1358.917672,Official 311 files provide ward/FSA but no coordinates; CT count is an area-weighted ward-to-CT allocation using the existing municipal ward-to-CT crosswalk.,0.2004637378,0.174426518,0,"Census Profile characteristic 1491: percent of tenant households in subsidized housing, converted to a 0-1 share. Denominator is tenant households, not all households."
5350188.00,5350188.00,2021S05075350188.00,188,2021,2031,1630,1475,0.55,0.1625615764,0.4187192118,0.2192118227,45.2,2.6,0.51,0.0792079208,0.083,0.264516129,0.735483871,0.9382716049,0.7642487047,0.0129032258,0.2356687898,0.7515923567,0.0063694268,3679.3,0.2689486553,0.0244498778,0.0415647922,0.9049079755,0.195599022,0.9852216749,0.2684729064,0.085106383,0.1428571429,0.4762121353,0.4505978481,702.4128996,1558.846547,0.550861385,0.5076739988,812.5205428,1600.476969,0.8078319565,0.7285753693,1191.552136,1635.45487,0.6116351589,0.1123886917,0.1123886917,4.094029448,4,0.7557418644,0.1587604507,2.930930196,3,0.6588113898,0.3276276604,2.056576509,3,0.5137550216,0.1299729006,0.1307398046,578566.4968,817.4767977,1,1,372.4596608,5,1,345.0533944,30,1,2272.391751,0,0,1,0,0.4923682915,0,2361.955937,1351594,24,0.03286977006,1162.952209,Official 311 files provide ward/FSA but no coordinates; CT count is an area-weighted ward-to-CT allocation using the existing municipal ward-to-CT crosswalk.,0.1307398046,0.1299729006,0.22,"Census Profile characteristic 1491: percent of tenant households in subsidized housing, converted to a 0-1 share. Denominator is tenant households, not all households."
5350189.00,5350189.00,2021S05075350189.00,189,2021,5655,4690,3820,1.23,0.2024756852,0.3899204244,0.2272325376,45.2,2.4,0.3224137931,0.1466165414,0.165,0.5844155844,0.4155844156,0.9283667622,0.7087857848,0.0887445887,0.6799116998,0.2626931567,0.0507726269,4612.2,0.4054562559,0.0714957667,0.1269990593,0.8144989339,0.4412041392,0.9763205829,0.3032786885,0.2721088435,0.1255526083,0.4229809162,0.4271060093,1615.7871,3783.105516,0.5212324947,0.4756293773,1991.10813,4186.259774,0.78125053,0.7475127041,2984.377024,3992.409772,0.575154647,0.07951193722,0.07951193722,4.389072439,4,0.7721614273,0.1893667273,2.973497653,3,0.6636957158,0.3848120398,2.03004588,3,0.5074002959,0.2577735995,0.2891303706,1299459.601,871.6548983,1,1,664.4030057,9,1,106.9483712,34,1,1543.037643,0,0,1,4,0.1768346596,0.7073386384,5304.94997,1351594,24,0.07382546091,938.0990221,Official 311 files provide ward/FSA but no coordinates; CT count is an area-weighted ward-to-CT allocation using the existing municipal ward-to-CT crosswalk.,0.2891303706,0.2577735995,0.119,"Census Profile characteristic 1491: percent of tenant households in subsidized housing, converted to a 0-1 share. Denominator is tenant households, not all households."
5350190.01,5350190.01,2021S05075350190.01,190.01,2021,8588,6660,4495,0.4,0.2550960978,0.3937099592,0.1170646476,36.4,2.6,0.5411167513,0.1840419336,0.197,0.6129032258,0.3870967742,0.823286052,0.5681104834,0.4393241167,0.9386503067,0.0490797546,0.0015337423,21550.8,0.6095571096,0.1666666667,0.3117715618,0.6749249249,0.8474082702,0.9679860303,0.5727590221,0.4702380952,0.1549213745,0.3768887762,0.3832161462,1694.115049,4420.78202,0.5621153286,0.4512958897,2526.708402,5598.784433,0.7451944722,0.6742880426,3349.649152,4967.682861,0.5613995256,0.3078626674,0.3078626674,3.295265905,4,0.696534353,0.2519242183,2.858452113,3,0.6501603104,0.4706073922,1.859213598,3,0.4621381852,0.258509303,0.2894232343,421890.4725,470.4083787,1,1,625.4060634,4,1,0,51,1,1064.712265,1,1,1,0,0.1164415463,0,1720.771721,1351594,24,0.02395077593,200.3693201,Official 311 files provide ward/FSA but no coordinates; CT count is an area-weighted ward-to-CT allocation using the existing municipal ward-to-CT crosswalk.,0.2894232343,0.258509303,0.04,"Census Profile characteristic 1491: percent of tenant households in subsidized housing, converted to a 0-1 share. Denominator is tenant households, not all households."
5350190.02,5350190.02,2021S05075350190.02,190.02,2021,4612,3720,2980,0.58,0.2242686891,0.4247020585,0.1408450704,41.2,2.3,0.2932604736,0.1800433839,0.169,0.7052896725,0.2947103275,0.9069003286,0.6862068966,0.0226700252,0.6852791878,0.2994923858,0.0050761421,7933.9,0.3856988082,0.0715059588,0.1700975081,0.8010752688,0.4869848156,0.978308026,0.3123644252,0.3546099291,0.1397616468,0.4018237027,0.4071041504,1197.434634,2941.347154,0.5077485527,0.4746102989,1513.090687,3188.069645,0.7238447354,0.7030982538,2157.057312,3067.931544,0.5444723303,0.09112805091,0.09112805091,4.165863149,5,0.7599537085,0.1532760313,2.97761316,3,0.6641605386,0.3676206536,2.046624458,3,0.5113905749,0.2568842002,0.2889222125,609479.8476,468.9236144,1,1,370.6540978,3,1,165.3861855,27,1,1812.820876,0,0,1,0,0.2168256722,0,2487.451508,1351594,24,0.03461798511,539.3433453,Official 311 files provide ward/FSA but no coordinates; CT count is an area-weighted ward-to-CT allocation using the existing municipal ward-to-CT crosswalk.,0.2889222125,0.2568842002,0.2,"Census Profile characteristic 1491: percent of tenant households in subsidized housing, converted to a 0-1 share. Denominator is tenant households, not all households."
5350191.00,5350191.00,2021S05075350191.00,191,2021,4372,3550,3100,0.82,0.1967963387,0.4416475973,0.1601830664,42,2.5,0.3902439024,0.0949656751,0.148,0.3610315186,0.6389684814,0.8846153846,0.6699147381,0.0601719198,0.3774647887,0.6084507042,0,5312.3,0.3394706559,0.0483314154,0.1093210587,0.8732394366,0.3774453395,0.9874141876,0.299771167,0.2307692308,0.1395881007,0.450416034,0.4370290754,1396.289705,3194.958377,0.5381788671,0.4729560999,1668.354488,3527.503902,0.8127555164,0.7203120122,2519.542101,3497.848235,0.6004501391,0.02459567142,0.02459567142,4.250902604,5,0.7647558429,0.1438833275,2.943816209,3,0.6603048802,0.3087855592,2.085171933,3,0.5204232399,0.1602431522,0.1051063675,862981.88,1172.138163,1,1,337.2699705,5,1,13.11591991,23,1,2485.132152,0,0,1,6,0.2287282708,1.372369625,3522.098916,1351594,24,0.04901713013,805.6035947,Official 311 files provide ward/FSA but no coordinates; CT count is an area-weighted ward-to-CT allocation using the existing municipal ward-to-CT crosswalk.,0.1051063675,0.1602431522,0.088,"Census Profile characteristic 1491: percent of tenant households in subsidized housing, converted to a 0-1 share. Denominator is tenant households, not all households."
5350192.00,5350192.00,2021S05075350192.00,192,2021,843,740,670,0.92,0.2071005917,0.4023668639,0.2485207101,50.4,2,0.375,0.1834319527,0.169,0.6395348837,0.3604651163,0.8720930233,0.7218934911,0.0813953488,0.6746987952,0.1204819277,0.0120481928,918.2,0.5,0.0348837209,0.0813953488,0.9054054054,0.5202312139,0.9642857143,0.4107142857,0.3720930233,0.100591716,0.5493337023,0.5015588463,368.0535806,733.819338,0.5334508766,0.455142093,357.4120874,785.2758354,0.7486214264,0.8667658754,501.5763557,578.675707,0.6104686685,0.04088288834,0.04088288834,4.627597534,5,0.7839051489,0.1353983336,2.785859827,3,0.6410443949,0.3541655393,2.050073013,3,0.512212495,0.1204891196,0.1856117478,964768.1367,1610.801471,0,0,680.1772824,5,1,304.2577949,31,1,2868.222039,0,0,0,3,0,3.558718861,3909.681414,1351594,24,0.05465129735,4637.818997,Official 311 files provide ward/FSA but no coordinates; CT count is an area-weighted ward-to-CT allocation using the existing municipal ward-to-CT crosswalk.,0.1856117478,0.1204891196,0.232,"Census Profile characteristic 1491: percent of tenant households in subsidized housing, converted to a 0-1 share. Denominator is tenant households, not all households."
5350193.00,5350193.00,2021S05075350193.00,193,2021,3264,2510,2050,1.38,0.222392638,0.3849693252,0.1518404908,39.6,3.2,0.4183976261,0.0949464012,0.216,0.3969849246,0.6030150754,0.9507692308,0.7025723473,0.0150753769,0.309178744,0.690821256,0,2357.4,0.4021406728,0.1085626911,0.1896024465,0.8167330677,0.4143730887,0.963190184,0.4463190184,0.1271676301,0.1871165644,0.4862147792,0.4348016866,996.7402974,2292.402095,0.692495248,0.439548873,1419.615258,3229.709699,0.8019477374,0.6702162346,1643.992862,2452.929035,0.6602192549,0.05135223856,0.05135223856,4.220340631,4,0.7630523014,0.0996865429,2.666217905,3,0.6249368823,0.2724348789,2.06945252,2,0.5167804091,0.01564323119,0.05932823558,1486182.694,1406.679425,0,0,808.5039704,3,1,43.71083973,37,1,2605.947257,0,0,1,0,0.306372549,0,4904.866384,1351594,24,0.0762669307,1502.716417,Official 311 files provide ward/FSA but no coordinates; CT count is an area-weighted ward-to-CT allocation using the existing municipal ward-to-CT crosswalk.,0.05932823558,0.01564323119,0,"Census Profile characteristic 1491: percent of tenant households in subsidized housing, converted to a 0-1 share. Denominator is tenant households, not all households."
5350194.01,5350194.01,2021S05075350194.01,194.01,2021,7821,4995,3200,0.27,0.2402555911,0.3380191693,0.054313099,28.2,3.8,0.3511348465,0.2949456174,0.213,0.972972973,0.0294840295,0.9379895561,0.6809421842,0.0294840295,1,0,0,28849.1,0.645659164,0.1627009646,0.2829581994,0.6406406406,0.9247588424,0.9341432225,0.7173913043,0.2710843373,0.2658146965,0.3422119561,0.2336691283,1095.078259,4686.448174,0.3416124491,0.2704408984,1093.159837,4042.139498,0.7300630516,0.5831800898,2336.201765,4005.969693,0.4712958189,0.2303892996,0.2303892996,4.421675685,3,0.7738413961,0.3498392697,2.337433476,4,0.5721803378,0.4419123423,1.945606809,2,0.4860215356,0.2883304107,0.1612851221,293887.1321,183.514232,1,1,207.9984082,1,1,0,29,1,1431.446318,0,0,0,0,0,0,493.799272,1351594,24,0.009255696859,63.13761309,Official 311 files provide ward/FSA but no coordinates; CT count is an area-weighted ward-to-CT allocation using the existing municipal ward-to-CT crosswalk.,0.1612851221,0.2883304107,0.038,"Census Profile characteristic 1491: percent of tenant households in subsidized housing, converted to a 0-1 share. Denominator is tenant households, not all households."
5350194.02,5350194.02,2021S05075350194.02,194.02,2021,4717,3460,2310,0.31,0.2351694915,0.3199152542,0.1694915254,34.8,3,0.410989011,0.228285078,0.184,0.99,0.01,0.9097995546,0.6990521327,0.01,0.9966555184,0,0,15399.9,0.6368653422,0.1810154525,0.2803532009,0.6676300578,0.821192053,0.9421579533,0.5984427141,0.3136363636,0.1970338983,0.313690607,0.2583577339,724.6253021,2804.736252,0.3417875385,0.3846490485,789.529214,2052.596301,0.870490797,0.6421420175,2010.833741,3131.447073,0.5086563142,0.1917809007,0.1917809007,3.993134935,4,0.7495701958,0.3579451026,2.144159469,2,0.5336167788,0.4568837832,1.871446272,2,0.465653909,0.288169705,0.1612278837,326123.4981,551.0215307,1,1,547.050039,1,1,52.88595034,25,1,2039.596399,0,0,0,1,0,0.211999152,547.2495476,1351594,24,0.0102736677,116.01644,Official 311 files provide ward/FSA but no coordinates; CT count is an area-weighted ward-to-CT allocation using the existing municipal ward-to-CT crosswalk.,0.1612278837,0.288169705,0.03,"Census Profile characteristic 1491: percent of tenant households in subsidized housing, converted to a 0-1 share. Denominator is tenant households, not all households."
5350194.03,5350194.03,2021S05075350194.03,194.03,2021,2700,2125,1630,0.25,0.2088724584,0.3604436229,0.2033271719,40.4,2.4,0.4007092199,0.25,0.196,0.9957264957,0.0085470085,0.8946395564,0.697495183,0.0085470085,1,0,0,10791.4,0.7109090909,0.1454545455,0.24,0.7670588235,0.8254545455,0.9556377079,0.5693160813,0.4304635762,0.157116451,0.2487157584,0.3627785706,405.4066862,1117.504503,0.4064804493,0.3035336136,662.5631324,2182.832816,0.6087962101,0.8254677528,992.3378225,1202.152136,0.421330806,0.1160925133,0.1160925133,4.331625595,4,0.7691397887,0.3365659124,2.35004494,3,0.5744762226,0.3570416319,1.914254603,2,0.4776034503,0.2883451973,0.1612931582,262008.4095,296.0631078,1,1,271.3803517,1,1,53.21001237,29,1,1611.917895,0,0,3,0,1.111111111,0,439.8447278,1351594,24,0.008248841524,162.9054547,Official 311 files provide ward/FSA but no coordinates; CT count is an area-weighted ward-to-CT allocation using the existing municipal ward-to-CT crosswalk.,0.1612931582,0.2883451973,0.254,"Census Profile characteristic 1491: percent of tenant households in subsidized housing, converted to a 0-1 share. Denominator is tenant households, not all households."
5350194.04,5350194.04,2021S05075350194.04,194.04,2021,5399,4275,3330,2.26,0.2296296296,0.412962963,0.1388888889,38,2.3,0.5588697017,0.1712962963,0.137,0.6144067797,0.3877118644,0.8589015152,0.5905905906,0.593220339,0.9622641509,0.0020964361,0,2384.1,0.5696913003,0.1028999065,0.1973807297,0.7789473684,0.6635514019,0.9638554217,0.5329008341,0.2395833333,0.1416666667,0.3780595596,0.3851074616,1258.938333,3269.057235,0.4844270113,0.4065119028,1613.141947,3968.252679,0.7542939732,0.7974917734,2511.798931,3149.623626,0.538926848,0.03380078877,0.03380078877,4.295381511,5,0.7671918088,0.3137916357,2.267539322,2,0.5589933148,0.3481638628,1.944006909,2,0.4855985361,0.2052345345,0.1552153487,2387821.289,1086.059573,1,1,1038.227258,4,1,115.8243339,20,1,2053.478224,0,0,3,42,0.5556584553,7.779218374,4009.333932,1351594,24,0.07520183865,742.6067665,Official 311 files provide ward/FSA but no coordinates; CT count is an area-weighted ward-to-CT allocation using the existing municipal ward-to-CT crosswalk.,0.1552153487,0.2052345345,0.073,"Census Profile characteristic 1491: percent of tenant households in subsidized housing, converted to a 0-1 share. Denominator is tenant households, not all households."
5350195.01,5350195.01,2021S05075350195.01,195.01,2021,4425,3395,3040,0.94,0.1728813559,0.4406779661,0.1423728814,42.8,2.7,0.6616052061,0.06271777,0.125,0.2834394904,0.7165605096,0.9293286219,0.7761377614,0,0.2310126582,0.4651898734,0.3006329114,4721,0.2429906542,0.023364486,0.0549065421,0.8954344624,0.2526315789,0.9930232558,0.1988372093,0.1625615764,0.1875706215,0.5538419623,0.4767938699,1683.679565,3531.252543,0.5991463119,0.4605877829,1821.404788,3954.522581,0.7871953398,0.6536599759,2393.073833,3661.037728,0.6467278714,0.1835357052,0.1835357052,3.525606862,4,0.7163608879,0.2958913703,2.159006534,2,0.5368240047,0.2731675095,1.98116945,2,0.4952476176,0.0985828496,0.09763345455,992675.5909,1221.264196,0,0,1301.80912,0,0,107.6533654,14,1,3101.343922,0,0,0,0,0,0,1666.443989,1351594,24,0.03125260491,376.5975116,Official 311 files provide ward/FSA but no coordinates; CT count is an area-weighted ward-to-CT allocation using the existing municipal ward-to-CT crosswalk.,0.09763345455,0.0985828496,0,"Census Profile characteristic 1491: percent of tenant households in subsidized housing, converted to a 0-1 share. Denominator is tenant households, not all households."
5350195.02,5350195.02,2021S05075350195.02,195.02,2021,2384,1840,1600,0.38,0.1719077568,0.4339622642,0.1509433962,43.2,2.5,0.7418032787,0.0504201681,0.091,0.1451612903,0.8548387097,0.9211711712,0.7089201878,0.247311828,0.3244680851,0.4042553191,0.2180851064,6305.2,0.2505592841,0.0223713647,0.0648769575,0.8695652174,0.2713004484,0.9958071279,0.1761006289,0.1351351351,0.1865828092,0.4903602739,0.5388259102,784.5764382,1456.085209,0.5338585301,0.4649699404,854.1736481,1837.051332,0.7646586361,0.6545383925,1223.453818,1869.185722,0.59629248,0.1472052562,0.1472052562,3.682744525,5,0.7284633801,0.2811069231,2.183691149,2,0.5420597824,0.2615088893,1.969867811,2,0.4923517231,0.0960152533,0.121018705,396526.8371,255.2323863,1,1,283.8147717,5,1,227.89967,15,1,2236.220868,0,0,0,13,0,5.453020134,665.6665679,1351594,24,0.01248390098,279.2225537,Official 311 files provide ward/FSA but no coordinates; CT count is an area-weighted ward-to-CT allocation using the existing municipal ward-to-CT crosswalk.,0.121018705,0.0960152533,0,"Census Profile characteristic 1491: percent of tenant households in subsidized housing, converted to a 0-1 share. Denominator is tenant households, not all households."
5350196.01,5350196.01,2021S05075350196.01,196.01,2021,1942,1560,1475,0.38,0.1748071979,0.4010282776,0.2133676093,46.4,2.5,0.7524271845,0.0515463918,0.129,0.2516129032,0.7483870968,0.971722365,0.7637795276,0.135483871,0.3311688312,0.6688311688,0.0064935065,5145.7,0.2315521628,0.0305343511,0.0559796438,0.9455128205,0.2569974555,0.9948586118,0.1953727506,0.0875,0.1568123393,0.6327641259,0.4815619852,933.3270858,1938.124508,0.65661229,0.4667329059,968.5031277,2075.069307,0.8021998314,0.7433717079,1183.244751,1591.72691,0.6971920824,0.2578201992,0.2578201992,3.201607508,4,0.6876569044,0.2815433344,2.10199577,2,0.5242616496,0.3313676904,1.897771252,2,0.4730661038,0.1017290359,0.09735038349,395610.4599,1003.738074,2,1,1122.692511,2,1,274.5981478,17,1,3338.060531,0,0,2,0,1.029866117,0,664.1282064,1351594,24,0.01245505057,341.9815687,Official 311 files provide ward/FSA but no coordinates; CT count is an area-weighted ward-to-CT allocation using the existing municipal ward-to-CT crosswalk.,0.09735038349,0.1017290359,0,"Census Profile characteristic 1491: percent of tenant households in subsidized housing, converted to a 0-1 share. Denominator is tenant households, not all households."
5350196.02,5350196.02,2021S05075350196.02,196.02,2021,5577,4395,4195,1.11,0.1630824373,0.4139784946,0.1926523297,46,2.5,0.7577854671,0.050678733,0.104,0.2946428571,0.7075892857,0.9001766784,0.7382246377,0.0669642857,0.3400447427,0.6040268456,0.0447427293,5044.8,0.1855760774,0.0263852243,0.0483729112,0.9544937429,0.1398416887,0.997311828,0.126344086,0.1072961373,0.1738351254,0.5211645578,0.5054538316,2186.28532,4325.390735,0.5135972852,0.4816768921,2154.540611,4472.999736,0.7255951407,0.654462298,3043.871615,4650.950291,0.5867856612,0.228965442,0.228965442,3.335694578,5,0.7002123616,0.2895192928,2.161140228,2,0.5372812985,0.2495763509,1.98596648,2,0.4964668285,0.09668446728,0.1212593631,1159113.841,312.0168952,1,1,274.9403095,5,1,195.0710139,19,1,2291.006602,0,0,1,5,0.1793078716,0.8965393581,1945.854,1351594,24,0.03649251716,348.9069392,Official 311 files provide ward/FSA but no coordinates; CT count is an area-weighted ward-to-CT allocation using the existing municipal ward-to-CT crosswalk.,0.1212593631,0.09668446728,0,"Census Profile characteristic 1491: percent of tenant households in subsidized housing, converted to a 0-1 share. Denominator is tenant households, not all households."
5350200.01,5350200.01,2021S05075350200.01,200.01,2021,5594,4865,4055,0.56,0.2066189624,0.4239713775,0.2236135957,46.4,1.9,0.3902798233,0.1612903226,0.158,0.6699507389,0.3300492611,0.8974583699,0.6338155515,0.4006568144,0.9733333333,0.0016666667,0,10028.7,0.5134899913,0.1070496084,0.1766753699,0.8335046249,0.3972125436,0.9660411081,0.4414655943,0.3085714286,0.0966010733,0.4175893642,0.4115761267,1693.324872,4114.244637,0.5996315041,0.4616905603,2431.505749,5266.526887,0.7780448659,0.7131259043,3154.971931,4424.144337,0.5984219114,0.03832627235,0.03832627235,3.846683063,4,0.7400357702,0.1131032475,2.548706883,3,0.6076441717,0.234050388,2.06513065,2,0.5157691355,0.2038924557,0.1668497037,591111.9487,935.503762,1,1,1115.335475,1,1,182.3663518,33,1,1229.844641,0,0,4,11,0.7150518413,1.966392563,1026.231593,1351594,24,0.0139901245,183.4521975,Official 311 files provide ward/FSA but no coordinates; CT count is an area-weighted ward-to-CT allocation using the existing municipal ward-to-CT crosswalk.,0.1668497037,0.2038924557,0.083,"Census Profile characteristic 1491: percent of tenant households in subsidized housing, converted to a 0-1 share. Denominator is tenant households, not all households."
5350200.02,5350200.02,2021S05075350200.02,200.02,2021,1049,955,785,0.15,0.2619047619,0.4619047619,0.1714285714,42.4,1.6,0.3382352941,0.1866028708,0.22,0.8625954198,0.1374045802,0.8689320388,0.58,0,0.875,0.109375,0.0078125,7126.4,0.4142857143,0.1142857143,0.1619047619,0.8219895288,0.319047619,0.9857142857,0.3095238095,0.3442622951,0.0523809524,0.3727259006,0.3802856472,292.589832,769.3948855,0.4687328797,0.4465958105,367.9553106,823.9112457,0.7723610024,0.6151730635,606.3033869,985.5818189,0.5379399276,0.008258697044,0.008258697044,3.661563349,4,0.7268926126,0.1356864192,2.617003508,3,0.6178835844,0.2486783951,2.101129526,2,0.5240655144,0.2195956444,0.1664778426,154586.8924,911.4091967,1,1,652.2569806,2,1,102.0770202,19,1,1384.128508,0,0,1,0,0.9532888465,0,269.6410277,1351594,24,0.003675887174,257.0457843,Official 311 files provide ward/FSA but no coordinates; CT count is an area-weighted ward-to-CT allocation using the existing municipal ward-to-CT crosswalk.,0.1664778426,0.2195956444,0.027,"Census Profile characteristic 1491: percent of tenant households in subsidized housing, converted to a 0-1 share. Denominator is tenant households, not all households."
5350201.00,5350201.00,2021S05075350201.00,201,2021,5528,4765,3850,0.76,0.2547425474,0.4263775971,0.1707317073,40,2,0.5640648012,0.1552680222,0.096,0.4908088235,0.5091911765,0.8600191755,0.5407554672,0.3529411765,0.7111517367,0.1371115174,0.0310786106,7267.9,0.4092627599,0.0746691871,0.145557656,0.8079748164,0.3465533522,0.9639556377,0.3733826248,0.1844660194,0.0894308943,0.3586563087,0.4003170854,1380.826788,3449.332639,0.4886718533,0.442298192,1881.386635,4253.661148,0.7160408629,0.7142281945,2756.757322,3859.77107,0.5211230083,0.0258146779,0.0258146779,4.006796195,4,0.7504240417,0.1627377512,2.531126821,3,0.6049190457,0.2289979804,2.075653134,2,0.5182239347,0.1450943212,0.1123639367,803436.2356,389.6075232,1,1,709.8894407,3,1,186.5832263,45,1,556.2713814,1,1,1,30,0.1808972504,5.426917511,1406.832753,1351594,24,0.0191786781,254.4921768,Official 311 files provide ward/FSA but no coordinates; CT count is an area-weighted ward-to-CT allocation using the existing municipal ward-to-CT crosswalk.,0.1123639367,0.1450943212,0.214,"Census Profile characteristic 1491: percent of tenant households in subsidized housing, converted to a 0-1 share. Denominator is tenant households, not all households."
5350202.00,5350202.00,2021S05075350202.00,202,2021,1640,1285,1255,0.34,0.1646341463,0.4481707317,0.1524390244,42.4,2.5,0.5473684211,0.0642201835,0.086,0.3082706767,0.6917293233,0.8885542169,0.7264150943,0,0.3178294574,0.6666666667,0.015503876,4882.4,0.2934131737,0.0089820359,0.0568862275,0.9766536965,0.2746268657,0.9908256881,0.2415902141,0.1553398058,0.1615853659,0.3742758719,0.3803858357,469.7162192,1234.841509,0.4772557773,0.4456384599,598.9560005,1344.04019,0.6553668333,0.7492290408,822.4853759,1097.775621,0.5022994942,0.008162291528,0.008162291528,3.661092708,4,0.7268575041,0.1408046142,2.615877986,3,0.617719173,0.2456157964,2.045469724,2,0.5111147389,0.1456327278,0.1120021307,352652.3782,662.321705,1,1,345.4648929,5,1,22.33315742,26,1,1100.382877,1,1,0,0,0,0,617.5012952,1351594,24,0.008418099834,376.52518,Official 311 files provide ward/FSA but no coordinates; CT count is an area-weighted ward-to-CT allocation using the existing municipal ward-to-CT crosswalk.,0.1120021307,0.1456327278,0,"Census Profile characteristic 1491: percent of tenant households in subsidized housing, converted to a 0-1 share. Denominator is tenant households, not all households."
5350203.00,5350203.00,2021S05075350203.00,203,2021,3425,2835,2500,0.6,0.2145985401,0.4496350365,0.1445255474,40.8,2.2,0.4311111111,0.0837004405,0.125,0.4366666667,0.56,0.9002932551,0.6553323029,0.0933333333,0.5230263158,0.4243421053,0.0361842105,5740.9,0.3362068966,0.0459770115,0.1048850575,0.8818342152,0.3381294964,0.9838235294,0.2911764706,0.2459016393,0.1065693431,0.4062181213,0.389448588,1015.545303,2607.649211,0.4714876288,0.4409155546,1178.719072,2673.344271,0.6486957998,0.7130320978,1621.739499,2274.427062,0.5088005166,0.04012483464,0.04012483464,3.858431634,4,0.7408273374,0.1233986835,2.568786329,3,0.6107111017,0.230682545,2.065190947,2,0.5157832735,0.1385663817,0.1101860844,625810.7449,817.5059522,1,1,469.7255682,6,1,166.9832306,27,1,1130.561761,1,1,1,13,0.2919708029,3.795620438,1095.667624,1351594,24,0.0149367127,319.9029558,Official 311 files provide ward/FSA but no coordinates; CT count is an area-weighted ward-to-CT allocation using the existing municipal ward-to-CT crosswalk.,0.1101860844,0.1385663817,0,"Census Profile characteristic 1491: percent of tenant households in subsidized housing, converted to a 0-1 share. Denominator is tenant households, not all households."
5350204.00,5350204.00,2021S05075350204.00,204,2021,4596,3765,3360,0.75,0.2013057671,0.4265505985,0.1806311208,42.8,2.1,0.4784313725,0.1218715996,0.134,0.5068807339,0.4931192661,0.8924259056,0.6670467503,0.0366972477,0.5276497696,0.4147465438,0.0576036866,6156.7,0.2702702703,0.0313513514,0.0940540541,0.8924302789,0.2673160173,0.9836956522,0.2195652174,0.1680327869,0.1305767138,0.4625998784,0.4140210882,1554.335591,3754.242564,0.5040222423,0.4487303063,1693.514734,3774.014615,0.73273982,0.6918014555,2462.005795,3558.832922,0.5664539802,0.02235341124,0.02235341124,3.731773561,4,0.7320309007,0.1748942536,2.473577673,3,0.5957272694,0.2868174191,2.0167597,2,0.5041551057,0.09912587463,0.1055342174,783546.8483,444.9203728,1,1,464.6050841,4,1,330.7907313,15,1,2393.695876,0,0,1,3,0.2175805048,0.6527415144,1370.368019,1351594,24,0.01868157181,298.1653653,Official 311 files provide ward/FSA but no coordinates; CT count is an area-weighted ward-to-CT allocation using the existing municipal ward-to-CT crosswalk.,0.1055342174,0.09912587463,0.159,"Census Profile characteristic 1491: percent of tenant households in subsidized housing, converted to a 0-1 share. Denominator is tenant households, not all households."
5350205.00,5350205.00,2021S05075350205.00,205,2021,144,145,,0.74,0,0.1034482759,0.8965517241,77.5,,,,,,,,,,,,,193.3,,,,,,1,0.2413793103,,0,,,0,0,,0.1341463415,11,82,,,0,0,,,,,,,0.3636363636,2.050847458,3,0.5123966942,,,,,0.09870416771,0.1050664097,791854.0637,743.279958,1,1,32.19080533,5,1,0,19,1,3149.600332,0,0,1,0,6.944444444,0,1377.484728,1351594,24,0.0187785905,9565.866166,Official 311 files provide ward/FSA but no coordinates; CT count is an area-weighted ward-to-CT allocation using the existing municipal ward-to-CT crosswalk.,0.1050664097,0.09870416771,,"Census Profile characteristic 1491: percent of tenant households in subsidized housing, converted to a 0-1 share. Denominator is tenant households, not all households."
5350206.01,5350206.01,2021S05075350206.01,206.01,2021,5106,4350,3705,1.14,0.2428991185,0.4358472086,0.1606268364,40.4,2.1,0.496194825,0.1062992126,0.09,0.4372469636,0.5647773279,0.8421578422,0.4979123173,0.4008097166,0.7344064386,0.2394366197,0.0221327968,4478.2,0.3330058939,0.0550098232,0.1277013752,0.8517241379,0.3398821218,0.9803343166,0.3215339233,0.2492753623,0.0940254652,0.3906163952,0.3912332602,1447.233744,3699.158256,0.4913157287,0.4466010261,1820.324775,4075.952961,0.6397852999,0.6136318258,2370.404536,3862.910032,0.5072391412,0.01913800795,0.01913800795,3.950424881,4,0.7468626717,0.1307996937,2.460293805,3,0.5935444792,0.2111035921,2.04638187,2,0.5113326526,0.1209804273,0.1649483578,1192765.53,875.4319031,1,1,874.6925055,2,1,262.4603276,19,1,4717.82007,0,0,4,15,0.7833920877,2.937720329,2085.605111,1351594,24,0.02843205702,408.4616355,Official 311 files provide ward/FSA but no coordinates; CT count is an area-weighted ward-to-CT allocation using the existing municipal ward-to-CT crosswalk.,0.1649483578,0.1209804273,0.065,"Census Profile characteristic 1491: percent of tenant households in subsidized housing, converted to a 0-1 share. Denominator is tenant households, not all households."
5350206.02,5350206.02,2021S05075350206.02,206.02,2021,6294,5200,4435,1.09,0.2456279809,0.4340222576,0.1351351351,39.6,2.2,0.4564369311,0.1161495625,0.136,0.5506216696,0.4511545293,0.8818327974,0.5984911987,0.0870337478,0.6120996441,0.3380782918,0.0177935943,5777,0.3298804781,0.0525896414,0.1394422311,0.8528846154,0.3229665072,0.9785544083,0.2946783161,0.1818181818,0.1200317965,0.3744426627,0.3599626194,1660.653209,4613.404614,0.4791142157,0.4419557629,2124.871547,4807.882881,0.6253107973,0.5994226629,2773.253386,4626.540766,0.4929558919,0.0096279805,0.0096279805,4.013643231,4,0.7508498034,0.152643083,2.46436338,3,0.5942156874,0.2019404171,2.088914314,2,0.5212824225,0.1048076542,0.05593085141,1143777.245,396.1155727,1,1,281.4262687,6,1,206.737705,19,1,3645.044611,0,0,1,6,0.1588814744,0.9532888465,2002.663505,1351594,24,0.02730135378,318.1861305,Official 311 files provide ward/FSA but no coordinates; CT count is an area-weighted ward-to-CT allocation using the existing municipal ward-to-CT crosswalk.,0.05593085141,0.1048076542,0.042,"Census Profile characteristic 1491: percent of tenant households in subsidized housing, converted to a 0-1 share. Denominator is tenant households, not all households."
5350207.00,5350207.00,2021S05075350207.00,207,2021,2597,2230,1745,0.68,0.3140655106,0.4065510597,0.1310211946,37.2,2.3,0.3738317757,0.119460501,0.113,0.400921659,0.5944700461,0.8609958506,0.5729613734,0.1843317972,0.548245614,0.4298245614,0.0131578947,3847.4,0.3783231084,0.0429447853,0.1554192229,0.7825112108,0.4265306122,0.9807321773,0.3371868979,0.2333333333,0.0963391137,0.360474915,0.3354277292,629.0287266,1875.303298,0.4313544775,0.4487202333,752.7135633,1677.4674,0.6387153918,0.6560830355,1114.558359,1698.806856,0.4768482614,0.03480640337,0.03480640337,3.927051852,4,0.7453560488,0.1183453825,2.516049994,3,0.6025516177,0.226621964,2.112713249,2,0.5266749993,0.2580786296,0.1070898661,708281.0494,776.3611014,1,1,194.1489239,5,1,163.1042112,20,1,2587.925235,0,0,1,0,0.3850596843,0,1240.223414,1351594,24,0.01690737266,477.5600364,Official 311 files provide ward/FSA but no coordinates; CT count is an area-weighted ward-to-CT allocation using the existing municipal ward-to-CT crosswalk.,0.1070898661,0.2580786296,0,"Census Profile characteristic 1491: percent of tenant households in subsidized housing, converted to a 0-1 share. Denominator is tenant households, not all households."
5350208.00,5350208.00,2021S05075350208.00,208,2021,4165,3450,2960,1.3,0.2533013205,0.4057623049,0.1536614646,39.6,2.1,0.3359528487,0.2214199759,0.146,0.7064676617,0.2935323383,0.8842975207,0.6155747837,0.171641791,0.75,0.0841836735,0.0331632653,3210.3,0.4304093567,0.0643274854,0.1625730994,0.8579710145,0.5415204678,0.9651860744,0.3541416567,0.3237410072,0.118847539,0.3523174598,0.3451214511,1042.859681,3021.717942,0.4758998177,0.4482968511,1408.66346,3142.255978,0.7145649852,0.5939094351,2115.112356,3561.338196,0.5142607543,0.1330295588,0.1330295588,4.072510117,4,0.7544511932,0.1307679051,2.575783901,3,0.6117686737,0.250764871,2.087650461,2,0.5209926093,0.3807527649,0.3192272411,1362186.456,786.8776071,1,1,347.2551985,5,1,15.64781457,19,1,1633.889862,0,0,3,7,0.7202881152,1.680672269,2385.243238,1351594,24,0.03251688031,572.6874521,Official 311 files provide ward/FSA but no coordinates; CT count is an area-weighted ward-to-CT allocation using the existing municipal ward-to-CT crosswalk.,0.3192272411,0.3807527649,0.43,"Census Profile characteristic 1491: percent of tenant households in subsidized housing, converted to a 0-1 share. Denominator is tenant households, not all households."
5350209.00,5350209.00,2021S05075350209.00,209,2021,2862,2465,2165,0.68,0.2325174825,0.4055944056,0.215034965,43.2,2.1,0.347826087,0.1845342707,0.136,0.5917602996,0.4082397004,0.9261261261,0.7062146893,0.0374531835,0.6125461255,0.3099630996,0.0442804428,4202.6,0.4592198582,0.030141844,0.0904255319,0.878296146,0.390070922,0.9543057996,0.4077328647,0.2171052632,0.0909090909,0.3873380765,0.3518257215,838.5869355,2383.529356,0.4603363861,0.4024628741,996.628276,2476.323507,0.8174364488,0.5820297189,1769.749912,3040.652142,0.5550369705,0.07553397146,0.07553397146,4.330342944,4,0.7690714078,0.07921040786,2.461402333,3,0.5937275322,0.1484119367,2.160545268,2,0.5371538774,0.1346207325,0.1625883436,714855.637,602.5198564,1,1,346.48698,4,1,206.6915497,43,1,117.5801737,1,1,2,26,0.6988120196,9.084556254,1251.726371,1351594,24,0.01706418698,437.3607168,Official 311 files provide ward/FSA but no coordinates; CT count is an area-weighted ward-to-CT allocation using the existing municipal ward-to-CT crosswalk.,0.1625883436,0.1346207325,0.386,"Census Profile characteristic 1491: percent of tenant households in subsidized housing, converted to a 0-1 share. Denominator is tenant households, not all households."
5350210.01,5350210.01,2021S05075350210.01,210.01,2021,3703,3165,1940,2.95,0.3040540541,0.4486486486,0.0945945946,37.2,2.8,0.4928366762,0.0535055351,0.105,0.15,0.855,0.9109461967,0.705078125,0.155,0.1269035533,0.4010152284,0.076142132,1253.8,0.3857404022,0.0383912249,0.0950639854,0.6129541864,0.4285714286,0.9667896679,0.3948339483,0.2451612903,0.0918918919,0.3404530184,0.3568086013,660.4788557,1851.073245,0.4506796798,0.4061187519,874.3185788,2152.86434,0.6278447621,0.6452364091,1218.018838,1887.709406,0.4729924868,0.09792835547,0.09792835547,4.160734479,4,0.7596578188,0.07818513206,2.472513341,3,0.5955532439,0.1971198039,2.046469343,2,0.51135354,0.1343582169,0.1616715678,3099458.433,1767.829127,0,0,574.4368904,1,1,422.213698,10,1,1558.744548,0,0,16,34,4.320820956,9.181744531,5427.203061,1351594,24,0.07398646374,1465.623295,Official 311 files provide ward/FSA but no coordinates; CT count is an area-weighted ward-to-CT allocation using the existing municipal ward-to-CT crosswalk.,0.1616715678,0.1343582169,0,"Census Profile characteristic 1491: percent of tenant households in subsidized housing, converted to a 0-1 share. Denominator is tenant households, not all households."
5350210.03,5350210.03,2021S05075350210.03,210.03,2021,6959,6360,5055,0.45,0.463362069,0.4015804598,0.0423850575,34,1.7,0.6284482759,0.1194244604,0.098,0.375147929,0.624852071,0.7521994135,0.266214178,0.9964497041,0.9903846154,0,0,15331.6,0.4276410999,0.1266280753,0.1960926194,0.7948113208,0.4822848879,0.9856218548,0.3968368081,0.152866242,0.0402298851,0.3773193934,0.3223686099,1907.349534,5916.672639,0.5624966355,0.4721532539,2843.420492,6022.240594,0.8706049996,0.786562515,4400.908273,5595.115695,0.6034736762,0.01201686519,0.01201686519,4.328612348,4,0.7689790816,0.06406808089,2.514881793,3,0.6023669969,0.1296247935,2.121039519,2,0.5285330654,0.1042979841,0.08801797715,482266.7617,813.1532036,1,1,1714.181263,0,0,247.1626205,43,1,1460.39122,0,0,4,0,0.5747952292,0,844.4586467,1351594,24,0.01151210086,121.3477003,Official 311 files provide ward/FSA but no coordinates; CT count is an area-weighted ward-to-CT allocation using the existing municipal ward-to-CT crosswalk.,0.08801797715,0.1042979841,0,"Census Profile characteristic 1491: percent of tenant households in subsidized housing, converted to a 0-1 share. Denominator is tenant households, not all households."
5350210.04,5350210.04,2021S05075350210.04,210.04,2021,10080,9435,7750,0.48,0.3293650794,0.3978174603,0.2003968254,40.4,1.6,0.5778597786,0.131082423,0.13,0.4108910891,0.5882838284,0.7497461929,0.329015544,1,0.9959481361,0,0,21216.6,0.4806435395,0.079436903,0.1618903972,0.8214096449,0.4263448969,0.9866071429,0.4017857143,0.1237113402,0.0367063492,0.4567931165,0.4262030873,3540.146653,8306.24357,0.5737091781,0.4716956877,4446.24613,9426.090265,0.8884952285,0.8239650663,6885.838021,8356.953835,0.639665841,0.1547150431,0.1547150431,3.581499536,4,0.7207873434,0.06215666138,2.449197687,3,0.5917030277,0.2014733991,2.056628927,2,0.5137674149,0.1397671265,0.1663328029,527015.1541,1361.686584,0,0,2044.270736,0,0,23.7638011,40,1,1984.528828,0,0,2,3,0.1984126984,0.2976190476,921.3005238,1351594,24,0.0125673624,91.39886148,Official 311 files provide ward/FSA but no coordinates; CT count is an area-weighted ward-to-CT allocation using the existing municipal ward-to-CT crosswalk.,0.1663328029,0.1397671265,0.01,"Census Profile characteristic 1491: percent of tenant households in subsidized housing, converted to a 0-1 share. Denominator is tenant households, not all households."
5350211.00,5350211.00,2021S05075350211.00,211,2021,6884,5710,5105,3.28,0.1968046478,0.4291938998,0.1924473493,43.2,2.6,0.3710292249,0.0661337209,0.115,0.2566539924,0.7433460076,0.9247787611,0.6986089645,0.0380228137,0.2699619772,0.5817490494,0.144486692,2101.2,0.3786337209,0.0327034884,0.0944767442,0.8940455342,0.2718023256,0.9694767442,0.386627907,0.1215932914,0.1118373275,0.3945939585,0.3909234017,2014.402158,5152.933157,0.5524713706,0.4643034799,2820.366347,6074.402774,0.7584424735,0.7367631529,3871.848827,5255.215074,0.5685026009,0.1922297219,0.1922297219,3.619898191,4,0.7237491368,0.029816246,2.513756178,3,0.602188944,0.09116740642,2.127397878,2,0.5299421841,0.1262966314,0.1255287721,3437517.798,1002.573189,1,1,846.5167342,4,1,233.952532,9,1,3544.449667,0,0,9,7,1.307379431,1.016850668,6019.189243,1351594,24,0.08205672824,874.3738006,Official 311 files provide ward/FSA but no coordinates; CT count is an area-weighted ward-to-CT allocation using the existing municipal ward-to-CT crosswalk.,0.1255287721,0.1262966314,0.052,"Census Profile characteristic 1491: percent of tenant households in subsidized housing, converted to a 0-1 share. Denominator is tenant households, not all households."
5350212.00,5350212.00,2021S05075350212.00,212,2021,5712,4560,4275,1.69,0.1812609457,0.4360770578,0.1672504378,42,2.7,0.4310077519,0.0586690018,0.122,0.2018561485,0.7981438515,0.9310954064,0.7407407407,0.0556844548,0.2412993039,0.6357308585,0.0858468677,3371.7,0.2895888014,0.0227471566,0.0516185477,0.9375,0.2399299475,0.9790026247,0.2957130359,0.1284916201,0.1409807356,0.4215139641,0.4431484411,1801.972196,4066.294788,0.5517673867,0.5417833175,2358.805578,4353.780381,0.7905867235,0.7612468417,3379.758243,4439.766522,0.5879560248,0.1680797399,0.1680797399,3.599967402,4,0.7222197069,0.03472057032,2.45038174,3,0.5919003216,0.1385078863,2.104164657,2,0.5247520213,0.05053050633,0.09854573414,1797780.194,256.319509,1,1,184.1930463,3,1,150.0855601,12,1,4760.861496,0,0,3,3,0.525210084,0.525210084,3142.663779,1351594,24,0.04284243231,550.1862359,Official 311 files provide ward/FSA but no coordinates; CT count is an area-weighted ward-to-CT allocation using the existing municipal ward-to-CT crosswalk.,0.09854573414,0.05053050633,0,"Census Profile characteristic 1491: percent of tenant households in subsidized housing, converted to a 0-1 share. Denominator is tenant households, not all households."
5350213.01,5350213.01,2021S05075350213.01,213.01,2021,2658,2200,1940,0.94,0.1958568738,0.4199623352,0.2052730697,45.6,2.7,0.5088967972,0.0564971751,0.123,0.1538461538,0.841025641,0.93359375,0.7898989899,0,0.0913705584,0.8984771574,0,2820.8,0.3871595331,0.0350194553,0.0680933852,0.8818181818,0.2645914397,0.979245283,0.4056603774,0.1958041958,0.131826742,0.3933853362,0.3937369271,763.1675522,1938.26766,0.3298127695,0.5406031738,639.8367728,1183.560889,0.9941587323,0.6558556051,1928.667941,2940.68988,0.5724522793,0.2019575176,0.2019575176,3.759827502,4,0.7340303512,0.02634286328,2.448716022,3,0.5916227153,0.06896641306,2.112290519,2,0.5265802735,0.1762720011,0.1291209061,988690.9366,1528.346137,0,0,1847.800399,0,0,224.3048143,25,1,4562.699152,0,0,3,21,1.128668172,7.900677201,1731.133965,1351594,24,0.02360139799,651.2919356,Official 311 files provide ward/FSA but no coordinates; CT count is an area-weighted ward-to-CT allocation using the existing municipal ward-to-CT crosswalk.,0.1291209061,0.1762720011,0,"Census Profile characteristic 1491: percent of tenant households in subsidized housing, converted to a 0-1 share. Denominator is tenant households, not all households."
5350213.02,5350213.02,2021S05075350213.02,213.02,2021,6301,5620,4420,7,0.3238095238,0.4166666667,0.1380952381,37.2,1.9,0.575147929,0.0970328789,0.108,0.3482810164,0.6502242152,0.8048780488,0.4527027027,0.9402092676,0.9561933535,0.0392749245,0,900,0.5032258065,0.1266129032,0.2024193548,0.7864768683,0.5302175665,0.9735364876,0.4522854852,0.2645011601,0.0571428571,0.6002039804,0.3951044019,2652.901593,6714.431884,0.6134171779,0.4974040689,2711.303927,5450.908217,0.9253246555,0.7460938129,4089.934978,5481.797204,0.712981938,0.06470603045,0.06470603045,3.98792345,4,0.7492429299,0.003124807716,2.506406806,3,0.6010224686,0.1391212587,2.09835977,2,0.5234372987,0.2117508306,0.2848412775,7397846.841,2382.243213,0,0,1637.838167,0,0,274.4836545,7,1,4216.981113,0,0,19,72,3.015394382,11.42675766,12901.77227,1351594,24,0.1759182906,2047.575348,Official 311 files provide ward/FSA but no coordinates; CT count is an area-weighted ward-to-CT allocation using the existing municipal ward-to-CT crosswalk.,0.2848412775,0.2117508306,0,"Census Profile characteristic 1491: percent of tenant households in subsidized housing, converted to a 0-1 share. Denominator is tenant households, not all households."
5350214.00,5350214.00,2021S05075350214.00,214,2021,6728,5725,4925,2.82,0.2778603269,0.4294205052,0.1307578009,38,2.1,0.5373626374,0.0736607143,0.09,0.2488114105,0.7511885895,0.8483483483,0.478021978,0.6212361331,0.5934065934,0.2794348509,0.0204081633,2383.2,0.3908216136,0.0518134715,0.1213915618,0.8602620087,0.3501110289,0.9710037175,0.3977695167,0.2031602709,0.0965824666,0.3513414542,0.4057817123,1730.356662,4264.254918,0.4625540674,0.4809188294,2278.078782,4736.929899,0.7453779511,0.6979027668,3670.986409,5260.025585,0.5197578242,0.1594235403,0.1594235403,3.779303075,4,0.7354009508,0.04228459399,2.441556212,3,0.5904251579,0.1363638483,2.110622923,2,0.5262062262,0.1560880224,0.1679590746,2963416.266,2028.585874,0,0,739.4532542,2,1,564.0836778,15,1,2687.357025,0,0,6,72,0.8917954816,10.70154578,5189.000546,1351594,24,0.07073916277,771.2545401,Official 311 files provide ward/FSA but no coordinates; CT count is an area-weighted ward-to-CT allocation using the existing municipal ward-to-CT crosswalk.,0.1679590746,0.1560880224,0,"Census Profile characteristic 1491: percent of tenant households in subsidized housing, converted to a 0-1 share. Denominator is tenant households, not all households."
5350215.00,5350215.00,2021S05075350215.00,215,2021,7151,5910,5240,2.57,0.1907756813,0.4409503843,0.1844863732,43.6,2.5,0.4751243781,0.0756718529,0.121,0.25,0.7517361111,0.9118718135,0.6674225246,0.1145833333,0.301559792,0.5355285962,0.0259965338,2778.8,0.3819095477,0.0373295047,0.0875807609,0.8866328257,0.3007896626,0.9745583039,0.3632508834,0.1438515081,0.1257861635,0.4377636659,0.3954739834,2293.881609,5800.335055,0.4982416501,0.4536067324,2610.786247,5755.616177,0.6814647312,0.6916066094,3570.875192,5163.159437,0.5391566824,0.1986656868,0.1986656868,3.539059829,4,0.7174390804,0.04935066682,2.445507118,3,0.5910868577,0.174846326,2.068763827,2,0.5166195451,0.1054848661,0.09266699115,2724839.016,915.7712632,1,1,1188.671744,1,1,129.0433434,29,1,1185.788281,1,1,6,18,0.8390434904,2.517130471,4773.037747,1351594,24,0.06507148071,667.4643751,Official 311 files provide ward/FSA but no coordinates; CT count is an area-weighted ward-to-CT allocation using the existing municipal ward-to-CT crosswalk.,0.09266699115,0.1054848661,0.119,"Census Profile characteristic 1491: percent of tenant households in subsidized housing, converted to a 0-1 share. Denominator is tenant households, not all households."
5350216.00,5350216.00,2021S05075350216.00,216,2021,5489,4350,4075,1.98,0.1494986326,0.4175022789,0.2078395624,45.6,2.6,0.6389380531,0.0493150685,0.096,0.1788235294,0.8235294118,0.9337626495,0.7860600194,0.0705882353,0.1920374707,0.7822014052,0,2774.7,0.2627272727,0.0181818182,0.0472727273,0.9367816092,0.186533212,0.9899726527,0.2625341841,0.1811320755,0.1567912489,0.4587297672,0.4652934539,1869.323801,4017.515797,0.422093919,0.4935207854,1720.03272,3485.228527,0.6813975411,0.6737726332,2776.69498,4121.115705,0.5207404091,0.2215353686,0.2215353686,3.266397067,4,0.6938522845,0.05681722957,2.429119471,3,0.5883281938,0.1899598969,2.073539554,2,0.5177328553,0.07760428442,0.1321389655,2102661.905,1192.643586,1,1,244.777256,1,1,97.31356283,30,1,2445.694201,0,0,0,3,0,0.5465476407,3688.097868,1351594,24,0.05028840952,671.9070628,Official 311 files provide ward/FSA but no coordinates; CT count is an area-weighted ward-to-CT allocation using the existing municipal ward-to-CT crosswalk.,0.1321389655,0.07760428442,0,"Census Profile characteristic 1491: percent of tenant households in subsidized housing, converted to a 0-1 share. Denominator is tenant households, not all households."
5350217.00,5350217.00,2021S05075350217.00,217,2021,5900,4875,3860,1.22,0.2245762712,0.4525423729,0.1389830508,40.4,2.1,0.4016172507,0.1764206955,0.136,0.8450704225,0.1549295775,0.8733850129,0.6615523466,0.051056338,0.8941798942,0.0987654321,0.0052910053,4824.2,0.5012765957,0.0842553191,0.1982978723,0.7917948718,0.2261904762,0.9584745763,0.5084745763,0.2388758782,0.1203389831,0.3411273308,0.3329541026,1316.751497,3954.753783,0.4039130546,0.4991439393,1559.104391,3123.556689,0.7761311095,0.7301017082,2995.866083,4103.354435,0.507057165,0.04582707185,0.04582707185,4.489110839,4,0.777238737,0.05295189177,2.450790386,3,0.5919683683,0.05363405536,2.187200165,2,0.5427944748,0.2753582867,0.3019507407,1386641.585,844.5317767,1,1,855.1847587,2,1,108.9601169,49,1,2303.012564,0,0,1,6,0.1694915254,1.016949153,2471.075439,1351594,24,0.03375764772,418.8263456,Official 311 files provide ward/FSA but no coordinates; CT count is an area-weighted ward-to-CT allocation using the existing municipal ward-to-CT crosswalk.,0.3019507407,0.2753582867,0.019,"Census Profile characteristic 1491: percent of tenant households in subsidized housing, converted to a 0-1 share. Denominator is tenant households, not all households."
5350218.00,5350218.00,2021S05075350218.00,218,2021,2674,2060,2020,0.68,0.1420560748,0.4093457944,0.2,45.2,2.6,0.7644927536,0.0374531835,0.083,0.1232227488,0.8720379147,0.9198542805,0.7490636704,0.1042654028,0.1527093596,0.842364532,0,3953.3,0.1742286751,0.0181488203,0.0508166969,0.9805825243,0.1654545455,0.9962616822,0.1887850467,0.24,0.1775700935,0.5684122894,0.4876441981,1148.192825,2354.570872,0.5302868346,0.4702215808,1071.179406,2278.031144,0.6788892972,0.6115869656,1371.35638,2242.291706,0.5925294737,0.2950494758,0.2950494758,2.953439113,4,0.6614116758,0.08706518622,2.326223599,2,0.5701187108,0.2511576489,1.991446968,2,0.4978525583,0.02073219528,0.1759933144,717436.8043,539.4900439,1,1,968.1828978,3,1,328.0258089,33,1,3127.206851,0,0,1,36,0.3739715782,13.46297681,1256.246047,1351594,24,0.01712580155,469.8003166,Official 311 files provide ward/FSA but no coordinates; CT count is an area-weighted ward-to-CT allocation using the existing municipal ward-to-CT crosswalk.,0.1759933144,0.02073219528,0,"Census Profile characteristic 1491: percent of tenant households in subsidized housing, converted to a 0-1 share. Denominator is tenant households, not all households."
5350219.00,5350219.00,2021S05075350219.00,219,2021,4531,3550,3210,1.35,0.1556291391,0.4205298013,0.1975717439,44.8,2.8,0.6173361522,0.0529801325,0.146,0.1739130435,0.8260869565,0.9262926293,0.7447795824,0.0124223602,0.1094224924,0.8875379939,0,3345.9,0.3040614709,0.041712404,0.0911086718,0.9042253521,0.2456140351,0.9834437086,0.3366445916,0.1827411168,0.1677704194,0.42515735,0.4065686532,1364.755093,3356.764184,0.4771143847,0.4755375647,1531.537175,3220.643938,0.6540851041,0.5859721584,2099.613184,3583.127891,0.5187856129,0.2042557527,0.2042557527,3.508557685,4,0.7149825969,0.03940493487,2.381800157,2,0.5801494944,0.2079697718,2.048052749,2,0.5117313259,0.05399705594,0.1036917599,1426066.858,1081.745554,1,1,402.9567748,2,1,0,26,1,2676.724509,0,0,6,2,1.324210991,0.4414036637,2497.071298,1351594,24,0.03404137877,551.1082098,Official 311 files provide ward/FSA but no coordinates; CT count is an area-weighted ward-to-CT allocation using the existing municipal ward-to-CT crosswalk.,0.1036917599,0.05399705594,0,"Census Profile characteristic 1491: percent of tenant households in subsidized housing, converted to a 0-1 share. Denominator is tenant households, not all households."
5350220.00,5350220.00,2021S05075350220.00,220,2021,4196,3475,3125,1.3,0.1728247914,0.400476758,0.2395709178,48,2.6,0.4253393665,0.0710723192,0.138,0.3936507937,0.6063492063,0.9495073892,0.7373737374,0.1428571429,0.4466019417,0.5048543689,0.003236246,3229.9,0.4259485924,0.0416156671,0.0905752754,0.8992805755,0.188494492,0.9737827715,0.4369538077,0.1321585903,0.1334922527,0.4124455536,0.4044557907,1288.892355,3186.732356,0.4587565149,0.4403954695,1433.614109,3255.28805,0.6763726578,0.7144143075,2113.664556,2958.59774,0.5158582421,0.2001081023,0.2001081023,3.844669932,4,0.7398996487,0.07148304336,2.489995978,3,0.5983929256,0.09017234073,2.076137158,2,0.5183362543,0.0749593701,0.09041927305,1389445.709,1937.020047,0,0,1058.084919,1,1,0,14,1,6012.902848,0,0,0,30,0,7.149666349,2065.745774,1351594,24,0.03526393827,492.3131016,Official 311 files provide ward/FSA but no coordinates; CT count is an area-weighted ward-to-CT allocation using the existing municipal ward-to-CT crosswalk.,0.09041927305,0.0749593701,0,"Census Profile characteristic 1491: percent of tenant households in subsidized housing, converted to a 0-1 share. Denominator is tenant households, not all households."
5350221.01,5350221.01,2021S05075350221.01,221.01,2021,6363,5430,4990,1.63,0.1571091909,0.3723487824,0.3063629222,53.2,2.4,0.5471380471,0.052672956,0.111,0.190926276,0.8071833648,0.9240607514,0.7394888706,0.4801512287,0.5551401869,0.3682242991,0,3905.8,0.3455414013,0.0318471338,0.0517515924,0.9189686924,0.1734287987,0.983490566,0.3529874214,0.1144781145,0.1139041634,0.5156796909,0.4753103811,2573.241658,5413.813289,0.5067645157,0.4810140026,2528.754933,5257.133721,0.6732115015,0.61256016,3359.325392,5484.074238,0.5652185694,0.27782656,0.27782656,3.317828917,4,0.6985980818,0.008228782319,2.425292746,2,0.5876786415,0.09013755762,2.073708309,2,0.5177721014,0.0624095052,0.07667166957,1727911.381,1930.42805,0,0,579.8854312,1,1,313.4235152,17,1,6957.245133,0,0,2,0,0.314317146,0,2567.239337,1351594,24,0.04383198458,403.4636707,Official 311 files provide ward/FSA but no coordinates; CT count is an area-weighted ward-to-CT allocation using the existing municipal ward-to-CT crosswalk.,0.07667166957,0.0624095052,0,"Census Profile characteristic 1491: percent of tenant households in subsidized housing, converted to a 0-1 share. Denominator is tenant households, not all households."
5350221.02,5350221.02,2021S05075350221.02,221.02,2021,5269,4315,3195,0.81,0.2687559354,0.3865147198,0.1519468186,37.6,2.5,0.4267515924,0.1187438665,0.145,0.6319612591,0.3704600484,0.8522954092,0.5552083333,0.2857142857,0.786407767,0.2111650485,0,6545.3,0.499510284,0.1224289912,0.2272282076,0.7404403244,0.5112634672,0.9636898921,0.4592737978,0.1994459834,0.1272554606,0.3395737861,0.3230921546,1084.938247,3357.983879,0.417437174,0.4188586442,1333.711771,3184.157208,0.6722570658,0.6497913568,2147.861325,3305.463058,0.4764226753,0.1069828302,0.1069828302,4.051463127,4,0.753175589,0.01294523227,2.499953813,2,0.59999261,0.069698887,2.103724845,2,0.5246526644,0.2352451366,0.09715145809,844318.7238,876.3941098,1,1,521.591455,2,1,0,18,1,6240.946124,0,0,2,3,0.3795786677,0.5693680015,1262.256942,1351594,24,0.02155125392,239.5629042,Official 311 files provide ward/FSA but no coordinates; CT count is an area-weighted ward-to-CT allocation using the existing municipal ward-to-CT crosswalk.,0.09715145809,0.2352451366,0.062,"Census Profile characteristic 1491: percent of tenant households in subsidized housing, converted to a 0-1 share. Denominator is tenant households, not all households."
5350222.01,5350222.01,2021S05075350222.01,222.01,2021,7105,5850,5205,1.28,0.2441942294,0.3976073188,0.1681914145,40,2.5,0.4951219512,0.0697183099,0.131,0.2459893048,0.7557932264,0.8863955119,0.6218978102,0.5811051693,0.6010733453,0.3291592129,0.0071556351,5530,0.4373259053,0.0626740947,0.1142061281,0.8897435897,0.3945720251,0.9760731879,0.4433497537,0.1488372093,0.1315974666,0.4064570622,0.3777653283,2115.609009,5600.326049,0.5175882552,0.437395456,2694.046868,6159.293223,0.7701409575,0.6542619915,4008.583684,6126.878431,0.5647287583,0.121615785,0.121615785,4.070067125,4,0.7543038064,0.01858048244,2.507022714,2,0.6011204868,0.05829746855,2.088907237,2,0.5212808007,0.1108000469,0.13696177,1347996.063,577.4938011,1,1,897.1874436,1,1,206.5627779,24,1,5456.088212,0,0,3,6,0.4222378607,0.8444757213,2015.438384,1351594,24,0.03440644306,283.6647971,Official 311 files provide ward/FSA but no coordinates; CT count is an area-weighted ward-to-CT allocation using the existing municipal ward-to-CT crosswalk.,0.13696177,0.1108000469,0,"Census Profile characteristic 1491: percent of tenant households in subsidized housing, converted to a 0-1 share. Denominator is tenant households, not all households."
5350222.02,5350222.02,2021S05075350222.02,222.02,2021,4985,3860,3020,1.2,0.1945837513,0.3921765296,0.1765295888,41.2,2.8,0.4734774067,0.1477627471,0.154,0.5014409222,0.4956772334,0.9151832461,0.7263843648,0.0432276657,0.5214899713,0.4641833811,0.0143266476,4153.5,0.4589823468,0.0695742471,0.1516095535,0.7823834197,0.445482866,0.9739583333,0.446875,0.1653846154,0.1705115346,0.3781359633,0.3782702147,1141.970609,3018.928176,0.4969833311,0.422992885,1500.88966,3548.262188,0.7657199361,0.6259920468,2312.474207,3694.095187,0.5469464101,0.2259833603,0.2259833603,3.663895817,4,0.7270664752,0.07190243225,2.474746119,3,0.595918146,0.06307723679,2.116603703,2,0.5275450013,0.09388021584,0.06847336915,1259331.45,605.2632617,1,1,482.0624267,1,1,350.538972,22,1,6292.317389,0,0,2,8,0.4012036108,1.604814443,1882.70119,1351594,24,0.03214446286,377.6732577,Official 311 files provide ward/FSA but no coordinates; CT count is an area-weighted ward-to-CT allocation using the existing municipal ward-to-CT crosswalk.,0.06847336915,0.09388021584,0.269,"Census Profile characteristic 1491: percent of tenant households in subsidized housing, converted to a 0-1 share. Denominator is tenant households, not all households."
5350223.01,5350223.01,2021S05075350223.01,223.01,2021,1522,1220,1135,0.86,0.1480263158,0.4111842105,0.2203947368,48,2.9,0.6078431373,0.0394736842,0.055,0.0654205607,0.9252336449,0.9566666667,0.7773972603,0,0.0666666667,0.9238095238,0,1774.3,0.3741721854,0.0364238411,0.0529801325,0.9303278689,0.1622516556,0.9836065574,0.3508196721,0.0813953488,0.1611842105,0.5049519082,0.4741620266,573.1204158,1208.701633,0.5029611777,0.4481751247,570.8609367,1273.745251,0.775625811,0.7335436588,880.3352955,1200.11302,0.5945129656,0.2851940087,0.2851940087,3.41273411,4,0.7069798092,0.1070534257,2.327111098,2,0.5702826561,0.06973337066,2.070629332,2,0.51705504,0.00603890111,0.08455101201,914769.6271,1408.845597,0,0,1462.303555,0,0,23.68643088,27,1,5780.734551,0,0,0,0,0,0,1367.619719,1351594,24,0.02334926511,898.5674898,Official 311 files provide ward/FSA but no coordinates; CT count is an area-weighted ward-to-CT allocation using the existing municipal ward-to-CT crosswalk.,0.08455101201,0.00603890111,0,"Census Profile characteristic 1491: percent of tenant households in subsidized housing, converted to a 0-1 share. Denominator is tenant households, not all households."
5350223.02,5350223.02,2021S05075350223.02,223.02,2021,2180,1750,1655,0.87,0.1926605505,0.4220183486,0.1743119266,44.4,2.9,0.5446808511,0.0504587156,0.121,0.1052631579,0.8947368421,0.9558139535,0.7639902676,0.0328947368,0.0657894737,0.9144736842,0.0065789474,2498.6,0.2678983834,0.0069284065,0.0323325635,0.9457142857,0.2355658199,0.9908256881,0.3188073394,0.099009901,0.1467889908,0.4887122473,0.458086998,808.8187692,1765.644458,0.5377258601,0.495557605,889.9362984,1795.828153,0.7487288312,0.7329634056,1239.146216,1690.597656,0.5917223129,0.2764060874,0.2764060874,3.456126405,4,0.710658731,0.03335479236,2.413215003,2,0.585615041,0.0826253654,2.06575906,2,0.51591644,0.008780545421,0.08636262544,915630.3629,1400.480531,0,0,1032.637838,1,1,4.758876437,36,1,4824.523176,0,0,2,2,0.9174311927,0.9174311927,1369.218341,1351594,24,0.02336922065,628.0818077,Official 311 files provide ward/FSA but no coordinates; CT count is an area-weighted ward-to-CT allocation using the existing municipal ward-to-CT crosswalk.,0.08636262544,0.008780545421,0,"Census Profile characteristic 1491: percent of tenant households in subsidized housing, converted to a 0-1 share. Denominator is tenant households, not all households."
5350224.00,5350224.00,2021S05075350224.00,224,2021,1650,1320,1295,1.04,0.1727272727,0.4242424242,0.1909090909,48.8,2.9,0.6666666667,0.0393939394,0.048,0.052173913,0.9391304348,0.9587020649,0.786377709,0,0.0263157895,0.9649122807,0,1589.4,0.2785923754,0,0.0263929619,0.9810606061,0.2609970674,0.9848484848,0.3,0.0322580645,0.1636363636,0.5673695095,0.5016296145,734.7435148,1464.713194,0.5178005681,0.4606175202,670.5517356,1455.766892,0.7263721179,0.7031064369,940.6518926,1337.851345,0.6038473985,0.3924820873,0.3924820873,2.897309151,4,0.6548521583,0.118046017,2.271050953,2,0.559675225,0.1034726272,2.041311832,2,0.5101189419,0.0001624912574,0.06412477223,1097200.298,1960.31001,0,0,910.2244835,3,1,0,36,1,5329.049929,0,0,1,0,0.6060606061,0,1640.821335,1351594,24,0.02800279028,994.4371728,Official 311 files provide ward/FSA but no coordinates; CT count is an area-weighted ward-to-CT allocation using the existing municipal ward-to-CT crosswalk.,0.06412477223,0.0001624912574,0,"Census Profile characteristic 1491: percent of tenant households in subsidized housing, converted to a 0-1 share. Denominator is tenant households, not all households."
5350225.01,5350225.01,2021S05075350225.01,225.01,2021,5209,4615,3925,0.92,0.2044145873,0.3656429942,0.3013435701,51.2,2.1,0.5139146568,0.0922190202,0.139,0.4444444444,0.5575757576,0.8745173745,0.6735700197,0.4323232323,0.7898989899,0.1818181818,0.0060606061,5669.4,0.4272030651,0.0641762452,0.1551724138,0.8504875406,0.2837967402,0.9731027858,0.4101825168,0.3033333333,0.0825335893,0.3475893709,0.365473071,1364.288281,3732.937907,0.6975179685,0.474427423,2737.758026,5770.657204,0.6397433261,0.8263297158,2510.992555,3038.729586,0.5616168885,0.0828168899,0.0828168899,3.780152973,4,0.7354604411,0.1311025024,2.318438022,3,0.5686751207,0.2015567874,1.998183179,2,0.4995453819,0.2248857499,0.181328294,977837.6002,1442.183468,0,0,154.3924494,5,1,122.139886,36,1,4462.367447,0,0,3,9,0.5759262814,1.727778844,1711.080909,1351594,24,0.02334909559,328.4854883,Official 311 files provide ward/FSA but no coordinates; CT count is an area-weighted ward-to-CT allocation using the existing municipal ward-to-CT crosswalk.,0.181328294,0.2248857499,0,"Census Profile characteristic 1491: percent of tenant households in subsidized housing, converted to a 0-1 share. Denominator is tenant households, not all households."
5350225.02,5350225.02,2021S05075350225.02,225.02,2021,10827,9355,6480,0.3,0.3490304709,0.3744228994,0.1325023084,35.6,2,0.5444915254,0.197461213,0.128,0.7403314917,0.2605893186,0.7641196013,0.4642147117,0.4650092081,0.9861878453,0.0009208103,0,35556.7,0.536906441,0.1551480959,0.2825575929,0.6926777125,0.587406015,0.9567039106,0.4995344507,0.3950276243,0.082179132,0.3994350562,0.3538071485,2588.339164,7315.677978,0.5503111276,0.4658796182,3566.016107,7654.372433,0.8898383978,0.7165447073,5766.152818,8047.164063,0.6131948605,0.004129291599,0.004129291599,4.079142211,4,0.7548504199,0.1317127692,2.534824717,3,0.6054954043,0.1995128913,2.058747079,2,0.5142676777,0.2761328367,0.2180891676,319636.2962,1219.365256,0,0,258.0625754,6,1,141.6145107,42,1,4027.066405,0,0,1,43,0.09236168837,3.9715526,559.6894821,1351594,24,0.007629979035,51.69386553,Official 311 files provide ward/FSA but no coordinates; CT count is an area-weighted ward-to-CT allocation using the existing municipal ward-to-CT crosswalk.,0.2180891676,0.2761328367,0.212,"Census Profile characteristic 1491: percent of tenant households in subsidized housing, converted to a 0-1 share. Denominator is tenant households, not all households."
5350226.00,5350226.00,2021S05075350226.00,226,2021,2813,2175,1990,0.95,0.1456483126,0.4120781528,0.190053286,44.4,2.8,0.7605633803,0.0355239787,0.084,0.0862944162,0.9187817259,0.9508196721,0.8091603053,0.0101522843,0.0348258706,0.8905472637,0.0646766169,2964.2,0.2218181818,0.0072727273,0.0418181818,0.9149425287,0.1290909091,0.9964476021,0.2078152753,0.1550387597,0.1687388988,0.5754413061,0.5012485224,1145.128199,2284.55177,0.5279917909,0.4834306069,1050.703664,2173.432234,0.6817559477,0.6191379003,1356.694336,2191.263586,0.5950630149,0.3438808273,0.3438808273,2.800452839,4,0.6429148936,0.06397705549,2.350198985,2,0.5745041137,0.2337611072,2.007376412,2,0.5018373267,0.01597422227,0.09914057982,1000700.865,604.1151587,1,1,388.9075568,5,1,33.56158276,30,1,4198.207252,0,0,1,5,0.3554923569,1.777461785,1656.676216,1351594,24,0.02450505329,588.9357326,Official 311 files provide ward/FSA but no coordinates; CT count is an area-weighted ward-to-CT allocation using the existing municipal ward-to-CT crosswalk.,0.09914057982,0.01597422227,0,"Census Profile characteristic 1491: percent of tenant households in subsidized housing, converted to a 0-1 share. Denominator is tenant households, not all households."
5350227.00,5350227.00,2021S05075350227.00,227,2021,1752,1390,1345,0.49,0.16,0.4057142857,0.2,48,2.7,0.7356321839,0.0427350427,0.047,0.1203007519,0.8646616541,0.9263456091,0.7550432277,0.0526315789,0.1603053435,0.8396946565,0,3562.4,0.2005649718,0.0169491525,0.0508474576,0.9676258993,0.1101694915,0.9971428571,0.1628571429,0.1666666667,0.1828571429,0.5181625687,0.5277543673,696.928655,1320.554974,0.4928220021,0.4518436313,662.8455928,1466.98005,0.7541829598,0.5871611369,1014.376081,1727.594041,0.5883891769,0.4292000025,0.4292000025,2.492151162,4,0.5987402308,0.08648118902,2.358109458,3,0.5759314748,0.2459585705,1.958496865,2,0.4894043396,0.05901622297,0.1657827117,515855.3593,618.1981477,1,1,954.5579913,2,1,204.2869702,33,1,3872.029517,0,0,1,0,0.5707762557,0,903.272946,1351594,24,0.01231388808,515.56675,Official 311 files provide ward/FSA but no coordinates; CT count is an area-weighted ward-to-CT allocation using the existing municipal ward-to-CT crosswalk.,0.1657827117,0.05901622297,0,"Census Profile characteristic 1491: percent of tenant households in subsidized housing, converted to a 0-1 share. Denominator is tenant households, not all households."
5350228.00,5350228.00,2021S05075350228.00,228,2021,3144,2625,2560,0.82,0.1478537361,0.3545310016,0.3147853736,52,2.2,0.7553191489,0.0525477707,0.093,0.3228070175,0.6736842105,0.8915470494,0.6661237785,0.4070175439,0.6083916084,0.3601398601,0.0034965035,3830.9,0.2689873418,0.0205696203,0.0363924051,0.9752380952,0.1695721078,0.9952305246,0.2082670906,0.1416666667,0.1351351351,0.4903186725,0.5168073915,1255.215802,2428.788408,0.5466768664,0.4926250619,1399.492778,2840.888307,0.6794210495,0.6576397616,1739.317887,2644.788208,0.5721388628,0.3004383474,0.3004383474,2.98171717,4,0.6646227851,0.02652339565,2.26703308,2,0.5588948353,0.2210741327,2.003398631,2,0.5008482165,0.1260293791,0.1798749323,921107.3722,1342.692208,0,0,1090.215261,2,1,0,46,1,3438.956223,0,0,1,11,0.3180661578,3.498727735,1641.092601,1351594,24,0.02241855279,521.9760181,Official 311 files provide ward/FSA but no coordinates; CT count is an area-weighted ward-to-CT allocation using the existing municipal ward-to-CT crosswalk.,0.1798749323,0.1260293791,0,"Census Profile characteristic 1491: percent of tenant households in subsidized housing, converted to a 0-1 share. Denominator is tenant households, not all households."
5350229.00,5350229.00,2021S05075350229.00,229,2021,1226,945,880,0.32,0.1260162602,0.418699187,0.2073170732,47.2,3,0.8333333333,0.0608695652,0.1,0.0625,0.9375,0.8898305085,0.7467248908,0,0.0519480519,0.9480519481,0,3827.7,0.1483050847,0,0.0084745763,0.9312169312,0.0970464135,0.9959183673,0.1469387755,0.0980392157,0.1869918699,0.4974925103,0.5418321708,437.793409,807.9871086,0.5682125489,0.4922559,500.027043,1015.786795,0.8516467341,0.655104734,749.449126,1144.014212,0.6391172644,0.3129847698,0.3129847698,3.003285368,4,0.6670313083,0.05195838036,2.300250551,2,0.5652647493,0.2353420047,2.002256412,2,0.5005634673,0.05922435743,0.1662420047,335637.9083,1054.736521,1,1,1060.574319,3,1,210.5408631,50,1,4104.909501,0,0,0,15,0,12.23491028,587.7086216,1351594,24,0.008011950563,479.370817,Official 311 files provide ward/FSA but no coordinates; CT count is an area-weighted ward-to-CT allocation using the existing municipal ward-to-CT crosswalk.,0.1662420047,0.05922435743,0,"Census Profile characteristic 1491: percent of tenant households in subsidized housing, converted to a 0-1 share. Denominator is tenant households, not all households."
5350230.01,5350230.01,2021S05075350230.01,230.01,2021,2649,2285,1915,1.45,0.1716981132,0.3773584906,0.2905660377,51.6,2.2,0.5884615385,0.0996015936,0.087,0.3811659193,0.6143497758,0.8911704312,0.6906779661,0.3004484305,0.6140350877,0.3815789474,0,1829.3,0.3380855397,0.0224032587,0.0610997963,0.8380743982,0.1710794297,0.9810964083,0.3724007561,0.1732283465,0.1094339623,0.5590429199,0.440202765,1070.567192,2431.986523,0.7151456943,0.489887965,1369.504005,2795.545313,0.7836197955,0.7487427313,1500.631908,2004.202306,0.6859361366,0.2568380431,0.2568380431,3.385188703,4,0.704595493,0.02265935488,2.470091911,3,0.595156765,0.1068927525,2.04555513,2,0.5111351508,0.07312042332,0.1142475333,1578851.203,2075.969494,0,0,125.5309966,3,1,0,44,1,4375.738189,0,0,3,0,1.132502831,0,2368.476759,1351594,24,0.04044220934,894.1022119,Official 311 files provide ward/FSA but no coordinates; CT count is an area-weighted ward-to-CT allocation using the existing municipal ward-to-CT crosswalk.,0.1142475333,0.07312042332,0,"Census Profile characteristic 1491: percent of tenant households in subsidized housing, converted to a 0-1 share. Denominator is tenant households, not all households."
5350230.02,5350230.02,2021S05075350230.02,230.02,2021,6558,5490,4790,0.99,0.1859756098,0.3894817073,0.2454268293,46.8,2.4,0.3527738265,0.0858704137,0.154,0.5120147874,0.4861367837,0.9219968799,0.7055510861,0.3160813309,0.7196261682,0.2074766355,0.0299065421,6652.5,0.5185758514,0.0557275542,0.1238390093,0.8724954463,0.3402938902,0.9641768293,0.4862804878,0.1796690307,0.1219512195,0.439622897,0.4325562011,2105.793677,4868.25451,0.4787148254,0.4922564662,2293.044014,4658.230356,0.6658233486,0.6349012672,3189.29384,5023.291029,0.5280536904,0.2180730862,0.2180730862,4.002572689,4,0.7501606897,0.1166471937,2.475490866,3,0.5960397132,0.05238669477,2.118989145,2,0.5280768651,0.1392681469,0.1361366547,1033691.928,2004.464224,0,0,626.9593715,2,1,174.6570414,52,1,4619.360001,0,0,3,3,0.4574565416,0.4574565416,1545.369983,1351594,24,0.0263850091,235.6465359,Official 311 files provide ward/FSA but no coordinates; CT count is an area-weighted ward-to-CT allocation using the existing municipal ward-to-CT crosswalk.,0.1361366547,0.1392681469,0.029,"Census Profile characteristic 1491: percent of tenant households in subsidized housing, converted to a 0-1 share. Denominator is tenant households, not all households."
5350231.00,5350231.00,2021S05075350231.00,231,2021,6273,5140,4775,3.02,0.187250996,0.3952191235,0.2183266932,46.4,2.5,0.6094488189,0.0661881978,0.102,0.3724696356,0.6275303644,0.9271417134,0.7481542248,0.0141700405,0.3582995951,0.6376518219,0,2075.3,0.2743221691,0.0263157895,0.0677830941,0.9289883268,0.1864541833,0.987250996,0.3027888446,0.1475903614,0.1474103586,0.4843037122,0.4538963824,2312.550226,5094.885783,0.5178997058,0.4938701976,2472.971095,5007.330078,0.8121859117,0.667479047,3878.187728,5810.201453,0.6047964432,0.3220012891,0.3220012891,3.149156767,4,0.6824546779,0.07574858833,2.298794728,2,0.5649894321,0.07932910297,2.072157862,2,0.5174112849,0.0970830249,0.1078154835,3175987.904,2062.634859,0,0,925.9031246,1,1,0,39,1,5310.861409,0,0,3,9,0.4782400765,1.43472023,4748.129653,1351594,24,0.08106699254,756.9152962,Official 311 files provide ward/FSA but no coordinates; CT count is an area-weighted ward-to-CT allocation using the existing municipal ward-to-CT crosswalk.,0.1078154835,0.0970830249,0,"Census Profile characteristic 1491: percent of tenant households in subsidized housing, converted to a 0-1 share. Denominator is tenant households, not all households."
5350232.00,5350232.00,2021S05075350232.00,232,2021,3820,3140,2915,2.05,0.1740837696,0.3913612565,0.2382198953,50,2.9,0.6573033708,0.0445026178,0.123,0.0544747082,0.9494163424,0.9345156889,0.770745429,0,0.0190114068,0.9505703422,0.0038022814,1865.8,0.2381596752,0.0121786198,0.0351826793,0.928343949,0.1529093369,0.9882044561,0.2739187418,0.078125,0.1505235602,0.5360317967,0.4931025021,1562.532687,3168.778663,0.5138355744,0.477976781,1497.830699,3133.689248,0.7031248153,0.6388431254,2049.608837,3208.313207,0.5843307288,0.3875996671,0.3875996671,2.902823179,4,0.6555077804,0.1842610278,2.163728231,2,0.5378347495,0.03318807287,2.04052834,2,0.5099308448,0.01729965343,0.07521178223,2146971.317,1551.067938,0,0,1088.202013,1,1,202.3294225,38,1,6447.848264,0,0,2,6,0.5235602094,1.570680628,3209.723264,1351594,24,0.0548014899,840.2416921,Official 311 files provide ward/FSA but no coordinates; CT count is an area-weighted ward-to-CT allocation using the existing municipal ward-to-CT crosswalk.,0.07521178223,0.01729965343,0,"Census Profile characteristic 1491: percent of tenant households in subsidized housing, converted to a 0-1 share. Denominator is tenant households, not all households."
5350233.00,5350233.00,2021S05075350233.00,233,2021,5707,4540,4165,2.08,0.1796669588,0.4084136722,0.1910604733,43.6,2.8,0.575,0.0596491228,0.128,0.2426470588,0.7598039216,0.9474605954,0.782967033,0.0098039216,0.2282878412,0.7593052109,0.0024813896,2746,0.354978355,0.0346320346,0.0926406926,0.9174008811,0.2816291161,0.9798422436,0.3707274321,0.1287128713,0.1560035057,0.4859036788,0.4675670603,2023.788822,4328.339171,0.5218637507,0.4771925253,2173.562522,4554.896412,0.7110509662,0.6450235427,2961.527274,4591.347569,0.5729394652,0.2752971886,0.2752971886,3.46804484,4,0.7116530938,0.0542596755,2.353834988,2,0.5751613834,0.07635268148,2.069643152,2,0.5168249178,0.0145232368,0.1086940055,2183084.723,2103.723187,0,0,144.0070068,1,1,94.50295564,35,1,7230.075872,0,0,6,2,1.051340459,0.3504468197,3263.712824,1351594,24,0.05572328536,571.8788897,Official 311 files provide ward/FSA but no coordinates; CT count is an area-weighted ward-to-CT allocation using the existing municipal ward-to-CT crosswalk.,0.1086940055,0.0145232368,0.041,"Census Profile characteristic 1491: percent of tenant households in subsidized housing, converted to a 0-1 share. Denominator is tenant households, not all households."
5350234.00,5350234.00,2021S05075350234.00,234,2021,4531,3600,3305,2.1,0.1909492274,0.4050772627,0.1909492274,43.6,2.8,0.5095137421,0.0640883978,0.113,0.1798107256,0.8233438486,0.9424778761,0.7763615295,0.0378548896,0.0849056604,0.786163522,0,2157.5,0.3854625551,0.0308370044,0.0693832599,0.9180555556,0.3204845815,0.9790055249,0.3922651934,0.1368821293,0.1600441501,0.4484865635,0.4336916195,1482.248092,3417.74668,0.5356268488,0.4961138776,1770.246735,3568.226601,0.7866423006,0.7326871292,2599.852803,3548.380611,0.5902519043,0.2179893945,0.2179893945,3.742600898,4,0.7328061347,0.03719327103,2.488262686,2,0.5981131713,0.1154271873,2.069345182,2,0.5167553443,0.08285774084,0.1654186307,2221098.977,1620.991076,0,0,1015.223206,1,1,0,27,1,7697.582303,0,0,0,0,0,0,3319.97322,1351594,24,0.05668879399,732.7241714,Official 311 files provide ward/FSA but no coordinates; CT count is an area-weighted ward-to-CT allocation using the existing municipal ward-to-CT crosswalk.,0.1654186307,0.08285774084,0.321,"Census Profile characteristic 1491: percent of tenant households in subsidized housing, converted to a 0-1 share. Denominator is tenant households, not all households."
5350235.01,5350235.01,2021S05075350235.01,235.01,2021,2902,2365,2135,1.41,0.1965517241,0.4275862069,0.1862068966,44.8,2.9,0.4352159468,0.0362068966,0.127,0.0609137056,0.9340101523,0.945553539,0.7746212121,0.0152284264,0.0343137255,0.8725490196,0.0392156863,2062.4,0.372972973,0.0198198198,0.0504504505,0.9027484144,0.2648648649,0.9776247849,0.3339070568,0.1151515152,0.1327586207,0.4691189645,0.4294393825,1001.568989,2332.270933,0.6215966366,0.517433139,1327.108819,2564.792858,0.8981764179,0.8058065792,1917.606652,2379.735661,0.6629640063,0.2436055745,0.2436055745,4.136502695,4,0.7582498855,0.1147895657,2.577630613,2,0.6120468174,0.03685310115,2.082064247,2,0.5197074244,0.04546821598,0.08965937961,1476046.124,957.5024115,1,1,1389.265697,0,0,236.0597651,20,1,7791.879164,0,0,0,0,0,0,2092.034479,1351594,24,0.03671056338,720.8940312,Official 311 files provide ward/FSA but no coordinates; CT count is an area-weighted ward-to-CT allocation using the existing municipal ward-to-CT crosswalk.,0.08965937961,0.04546821598,0,"Census Profile characteristic 1491: percent of tenant households in subsidized housing, converted to a 0-1 share. Denominator is tenant households, not all households."
5350235.02,5350235.02,2021S05075350235.02,235.02,2021,5166,4370,3990,1.08,0.1994191675,0.3939980639,0.229428848,47.6,2.6,0.3717472119,0.0640155189,0.13,0.195,0.8025,0.9400785855,0.7354709419,0.4225,0.5477386935,0.4045226131,0.0427135678,4792.2,0.4601167315,0.0379377432,0.0846303502,0.9130434783,0.3443579767,0.9699612403,0.4525193798,0.1574074074,0.119070668,0.458545889,0.3919638772,1829.598097,4667.77222,0.5933820515,0.4933828258,2367.594385,4798.696391,0.8267115735,0.7628517181,3298.579178,4324.010945,0.6262131714,0.1602573534,0.1602573534,4.044325656,4,0.7527399905,0.04601769177,2.515906563,3,0.6025289592,0.08279303298,2.083673219,2,0.5200782968,0.09005329312,0.08453136773,1130522.022,774.9575655,1,1,662.220556,4,1,0.5747127336,10,1,7837.990134,0,0,1,3,0.1935733643,0.5807200929,1690.131025,1351594,24,0.02885659937,327.1643487,Official 311 files provide ward/FSA but no coordinates; CT count is an area-weighted ward-to-CT allocation using the existing municipal ward-to-CT crosswalk.,0.08453136773,0.09005329312,0,"Census Profile characteristic 1491: percent of tenant households in subsidized housing, converted to a 0-1 share. Denominator is tenant households, not all households."
5350236.01,5350236.01,2021S05075350236.01,236.01,2021,6949,5750,4850,0.99,0.2179856115,0.3863309353,0.2086330935,43.6,2.5,0.3871829105,0.1041358936,0.138,0.2926829268,0.7073170732,0.9209545116,0.6783216783,0.5290806754,0.6772983114,0.200750469,0.0356472795,7042,0.5051775148,0.0517751479,0.1153846154,0.8434782609,0.425295858,0.9675516224,0.4668141593,0.1869369369,0.126618705,0.3486831016,0.3355137467,1691.113043,5040.368865,0.5258807704,0.4561868229,2550.521736,5590.95881,0.7638396312,0.6964791624,3704.622212,5319.071138,0.5461345011,0.1528447159,0.1528447159,4.129739713,4,0.7578539885,0.03994784403,2.625771495,3,0.6191595491,0.07069281698,2.093216546,2,0.5222663408,0.1135846108,0.07138414924,1035031.934,1035.186481,1,1,768.8040094,3,1,97.4185174,18,1,7021.078101,0,0,1,2,0.1439055979,0.2878111959,1547.373293,1351594,24,0.0264192128,222.675679,Official 311 files provide ward/FSA but no coordinates; CT count is an area-weighted ward-to-CT allocation using the existing municipal ward-to-CT crosswalk.,0.07138414924,0.1135846108,0.11,"Census Profile characteristic 1491: percent of tenant households in subsidized housing, converted to a 0-1 share. Denominator is tenant households, not all households."
5350236.02,5350236.02,2021S05075350236.02,236.02,2021,5902,4925,4730,3.96,0.1752751905,0.3988145639,0.2430143946,48.4,2.6,0.4927536232,0.0664961637,0.141,0.1626373626,0.8351648352,0.9417721519,0.8001752848,0.3032967033,0.3035714286,0.4308035714,0.1049107143,1490.8,0.4549248748,0.020033389,0.0575959933,0.9604060914,0.3046744574,0.9779661017,0.4347457627,0.1288515406,0.1236240474,0.374222144,0.3748395606,1770.070741,4722.208985,0.5618789913,0.4808320314,2657.687629,5527.268267,0.7343392427,0.6985692299,3473.424618,4972.198129,0.5568134593,0.165767994,0.165767994,4.101823896,4,0.7562060134,0.0869372979,2.51764627,3,0.6028036139,0.07726996575,2.093079089,2,0.5222349669,0.06787651462,0.1244994805,4277813.143,1127.514858,1,1,492.758987,4,1,0,7,1,8553.495881,0,0,6,4,1.016604541,0.6777363606,6347.628383,1351594,24,0.1084202365,1075.50464,Official 311 files provide ward/FSA but no coordinates; CT count is an area-weighted ward-to-CT allocation using the existing municipal ward-to-CT crosswalk.,0.1244994805,0.06787651462,0,"Census Profile characteristic 1491: percent of tenant households in subsidized housing, converted to a 0-1 share. Denominator is tenant households, not all households."
5350237.01,5350237.01,2021S05075350237.01,237.01,2021,6641,5125,3990,1.19,0.2281626506,0.359186747,0.1746987952,38.8,2.8,0.3568215892,0.1596385542,0.186,0.5798319328,0.4222689076,0.9045454545,0.6865552904,0.1113445378,0.6491596639,0.1344537815,0.1869747899,5602.8,0.580256217,0.0972117558,0.2260738508,0.7785365854,0.7221385542,0.968373494,0.4231927711,0.2225,0.1731927711,0.3539167759,0.3386580368,1412.127936,4169.775356,0.4180766431,0.3711504927,1668.125806,4494.472831,0.7558207208,0.6685356483,3015.724676,4510.940716,0.5092713799,0.02445634308,0.02445634308,4.290389838,3,0.7669209471,0.2035365288,2.362503254,3,0.5767201597,0.1691572976,2.050725945,2,0.512367802,0.1013650879,0.09774642324,1242746.627,2459.346392,0,0,1256.809913,0,0,111.6540717,36,1,6438.566324,0,0,2,0,0.3011594639,0,1039.131166,1351594,24,0.02482878605,156.4720925,Official 311 files provide ward/FSA but no coordinates; CT count is an area-weighted ward-to-CT allocation using the existing municipal ward-to-CT crosswalk.,0.09774642324,0.1013650879,0.261,"Census Profile characteristic 1491: percent of tenant households in subsidized housing, converted to a 0-1 share. Denominator is tenant households, not all households."
5350237.02,5350237.02,2021S05075350237.02,237.02,2021,3003,2430,2150,0.96,0.2079866889,0.4026622296,0.1880199667,42.8,2.9,0.3945783133,0.0616666667,0.141,0.1904761905,0.8047619048,0.9237147595,0.7351916376,0.0142857143,0.1778846154,0.7884615385,0,3144.5,0.4299835255,0.0362438221,0.1087314662,0.8847736626,0.3970345964,0.9666666667,0.4366666667,0.2010869565,0.1447587354,0.4099732459,0.4050931195,881.4424786,2175.900888,0.5622039467,0.5351340169,1208.738485,2258.758455,0.8001773464,0.776559174,1720.381295,2215.389828,0.5907848463,0.1962593948,0.1962593948,4.104164239,4,0.7563450335,0.1163052062,2.364433709,2,0.5770657488,0.05478250147,2.099800729,2,0.5237643334,0.03163225142,0.06579433988,1001518.692,1863.965019,0,0,1228.712977,0,0,0,24,1,5618.383899,0,0,2,0,0.666000666,0,1497.270978,1351594,24,0.02556378655,498.5917343,Official 311 files provide ward/FSA but no coordinates; CT count is an area-weighted ward-to-CT allocation using the existing municipal ward-to-CT crosswalk.,0.06579433988,0.03163225142,0.098,"Census Profile characteristic 1491: percent of tenant households in subsidized housing, converted to a 0-1 share. Denominator is tenant households, not all households."
5350237.03,5350237.03,2021S05075350237.03,237.03,2021,5935,4985,4360,1.07,0.1887110362,0.3614153328,0.2780117944,47.6,2.3,0.3417935702,0.1053074979,0.136,0.7180952381,0.2819047619,0.8883205456,0.6127886323,0.0666666667,0.7262357414,0.1673003802,0.0342205323,5555.6,0.4486853265,0.0500424088,0.1153519932,0.8746238716,0.4147582697,0.9789385004,0.3605728728,0.1823361823,0.1145745577,0.3971659322,0.3685518423,1731.643464,4698.507145,0.5458225021,0.5077559122,2379.786109,4686.870309,0.7621926041,0.7292184687,3323.159754,4557.152481,0.5683936795,0.1479582708,0.1479582708,4.023499679,4,0.7514601517,0.01696332313,2.559554539,3,0.6093070162,0.1559059223,2.067877378,2,0.5164123315,0.112897889,0.05033346693,1119933.573,1525.260413,0,0,331.0423459,2,1,85.89388238,38,1,6622.312775,0,0,0,0,0,0,1674.301288,1351594,24,0.02858632898,282.1063671,Official 311 files provide ward/FSA but no coordinates; CT count is an area-weighted ward-to-CT allocation using the existing municipal ward-to-CT crosswalk.,0.05033346693,0.112897889,0.098,"Census Profile characteristic 1491: percent of tenant households in subsidized housing, converted to a 0-1 share. Denominator is tenant households, not all households."
5350238.01,5350238.01,2021S05075350238.01,238.01,2021,3500,2880,2630,1.04,0.1831187411,0.3891273247,0.2360515021,47.2,2.7,0.4985422741,0.0428571429,0.106,0.2918287938,0.7042801556,0.9544787078,0.7709923664,0.0194552529,0.2230769231,0.7230769231,0,3375.8,0.3191800878,0.0219619327,0.0512445095,0.9131944444,0.1950146628,0.9857142857,0.36,0.1170212766,0.13018598,0.5095442941,0.4395960101,1340.101493,3048.484205,0.6484302502,0.5378075042,1705.371558,3170.970179,0.7930807556,0.6636402229,2085.802387,3142.971621,0.6503517666,0.3076089844,0.3076089844,3.263146843,4,0.6935473492,0.03536707588,2.392689634,2,0.582060295,0.1668002097,2.019162096,2,0.5047450614,0.113030775,0.1274493093,1087329.89,480.4921871,1,1,704.5070696,2,1,122.6753616,34,1,6671.446164,0,0,3,0,0.8571428571,0,1625.558765,1351594,24,0.02775411926,464.4453614,Official 311 files provide ward/FSA but no coordinates; CT count is an area-weighted ward-to-CT allocation using the existing municipal ward-to-CT crosswalk.,0.1274493093,0.113030775,0,"Census Profile characteristic 1491: percent of tenant households in subsidized housing, converted to a 0-1 share. Denominator is tenant households, not all households."
5350238.02,5350238.02,2021S05075350238.02,238.02,2021,5306,4240,3795,0.98,0.2101790763,0.3996229972,0.1771913289,41.2,2.7,0.2894736842,0.1131008483,0.166,0.460591133,0.539408867,0.9368231047,0.7402843602,0.1674876847,0.6071428571,0.3852040816,0.0076530612,5433.1,0.4673815907,0.0571939231,0.1215370867,0.8950471698,0.4892857143,0.9698397738,0.4505183789,0.1972222222,0.1479736098,0.3278480271,0.3497690404,1244.183263,3557.156635,0.4674811586,0.4591710505,1774.090997,3863.682162,0.6087791427,0.6196688048,2310.316846,3728.309104,0.4680361095,0.1565051599,0.1565051599,4.108215155,4,0.7565852902,0.06828170292,2.47729866,3,0.5963345008,0.09770528465,2.209942295,2,0.5474994971,0.1035204603,0.1711002215,1029270.163,1215.147394,0,0,704.1148619,2,1,0,13,1,5654.223174,0,0,1,1,0.1884658877,0.1884658877,1538.601674,1351594,24,0.0262708154,289.9739303,Official 311 files provide ward/FSA but no coordinates; CT count is an area-weighted ward-to-CT allocation using the existing municipal ward-to-CT crosswalk.,0.1711002215,0.1035204603,0.059,"Census Profile characteristic 1491: percent of tenant households in subsidized housing, converted to a 0-1 share. Denominator is tenant households, not all households."
5350239.00,5350239.00,2021S05075350239.00,239,2021,6715,5200,4250,2.53,0.2332339791,0.3859910581,0.1460506706,38,2.8,0.3072378139,0.1535022355,0.179,0.5536480687,0.4484978541,0.9221085759,0.7135802469,0.1094420601,0.5645833333,0.3166666667,0.03125,2659.3,0.4676539361,0.082618862,0.1348402182,0.8173076923,0.5588464536,0.9694485842,0.4217585693,0.2366412214,0.1669150522,0.3423516263,0.3382761594,1454.994412,4301.202942,0.4399456137,0.4186104598,1869.768858,4466.608071,0.6199616,0.5541974115,2634.8368,4754.328955,0.4674196133,0.20706363,0.20706363,4.103670255,4,0.7563157033,0.1735842856,2.535413814,3,0.6055870665,0.07763620422,2.202184379,2,0.5459054158,0.02359039002,0.06147936032,2675310.123,1720.667229,0,0,878.4098575,2,1,54.61734009,25,1,5103.153483,0,0,1,11,0.1489203276,1.638123604,2777.032453,1351594,24,0.05801732476,413.5565828,Official 311 files provide ward/FSA but no coordinates; CT count is an area-weighted ward-to-CT allocation using the existing municipal ward-to-CT crosswalk.,0.06147936032,0.02359039002,0.23,"Census Profile characteristic 1491: percent of tenant households in subsidized housing, converted to a 0-1 share. Denominator is tenant households, not all households."
5350240.01,5350240.01,2021S05075350240.01,240.01,2021,3377,2760,2695,1.27,0.16,0.3896296296,0.2637037037,48.8,2.7,0.5325443787,0.0428994083,0.114,0.0677290837,0.9362549801,0.9301310044,0.7469879518,0.0438247012,0.0441767068,0.9076305221,0,2656.5,0.3988439306,0.0216763006,0.0563583815,0.9764492754,0.1919191919,0.9748148148,0.4251851852,0.1317365269,0.1318518519,0.4968690818,0.467936323,1339.062175,2861.633324,0.5835626145,0.5604581245,1572.701246,2806.09947,0.7544500409,0.7313087249,2033.24286,2780.279779,0.6116272457,0.3717735413,0.3717735413,3.154998513,4,0.6830426399,0.1239762201,2.300595252,2,0.5653298862,0.00599054054,2.055265776,2,0.513444922,0.04266990904,0.113232184,1334911.489,645.3588109,1,1,316.8972137,1,1,24.86031054,34,1,5954.618529,0,0,2,2,0.5922416346,0.5922416346,1995.693387,1351594,24,0.03407364499,590.9663568,Official 311 files provide ward/FSA but no coordinates; CT count is an area-weighted ward-to-CT allocation using the existing municipal ward-to-CT crosswalk.,0.113232184,0.04266990904,0,"Census Profile characteristic 1491: percent of tenant households in subsidized housing, converted to a 0-1 share. Denominator is tenant households, not all households."
5350240.02,5350240.02,2021S05075350240.02,240.02,2021,6089,5235,4415,1.04,0.1551724138,0.3579638752,0.329228243,53.2,2.2,0.3961605585,0.0985048373,0.125,0.4682080925,0.5317919075,0.9246935201,0.7151898734,0.3468208092,0.7524557957,0.2082514735,0.0235756385,5871.2,0.5030250648,0.0276577355,0.0898876404,0.8433619866,0.2886776145,0.9554247267,0.5306980656,0.1873111782,0.105090312,0.4208475832,0.4081825083,1858.04208,4551.98849,0.6402030914,0.5042045346,2826.496648,5605.853288,0.754424491,0.6904386485,3330.784128,4824.156549,0.6051583885,0.2143415562,0.2143415562,4.045089653,4,0.7527866906,0.102999208,2.427740213,2,0.5880943131,0.08132214656,2.157882773,2,0.5365827965,0.1529673311,0.167051416,1093818.896,1601.234213,0,0,887.8885288,1,1,174.1338233,48,1,4950.684769,0,0,1,0,0.1642305797,0,1635.259832,1351594,24,0.02791975127,268.5596702,Official 311 files provide ward/FSA but no coordinates; CT count is an area-weighted ward-to-CT allocation using the existing municipal ward-to-CT crosswalk.,0.167051416,0.1529673311,0.091,"Census Profile characteristic 1491: percent of tenant households in subsidized housing, converted to a 0-1 share. Denominator is tenant households, not all households."
5350241.00,5350241.00,2021S05075350241.00,241,2021,2772,2280,2075,1.09,0.1895306859,0.4097472924,0.2039711191,45.6,2.8,0.3933333333,0.0598911071,0.095,0.1333333333,0.8666666667,0.9226519337,0.7348484848,0.0205128205,0.1161616162,0.8838383838,0,2551.8,0.3988970588,0.0220588235,0.0882352941,0.9100877193,0.2348623853,0.9711711712,0.4018018018,0.1326530612,0.1371841155,0.4184968883,0.3832415906,868.3810432,2265.884143,0.55498564,0.4743856069,1151.595203,2427.550892,0.6695188337,0.5911271118,1389.25158,2350.174019,0.5476671207,0.2361597261,0.2361597261,3.891315317,4,0.7430174842,0.1219895889,2.427740924,2,0.5880944337,0.05145810299,2.162290815,2,0.537527518,0.1433866195,0.07605658926,1151752.311,760.6530217,1,1,729.6021552,2,1,312.6329633,37,1,5331.898117,0,0,4,0,1.443001443,0,1616.357764,1351594,24,0.0285315631,583.1016465,Official 311 files provide ward/FSA but no coordinates; CT count is an area-weighted ward-to-CT allocation using the existing municipal ward-to-CT crosswalk.,0.07605658926,0.1433866195,0,"Census Profile characteristic 1491: percent of tenant households in subsidized housing, converted to a 0-1 share. Denominator is tenant households, not all households."
5350242.00,5350242.00,2021S05075350242.00,242,2021,1566,1215,1060,0.61,0.2236421725,0.3993610224,0.1437699681,38.4,2.7,0.3032258065,0.1884984026,0.225,0.5092592593,0.4907407407,0.9261744966,0.7595818815,0.037037037,0.5043478261,0.4608695652,0,2563.9,0.4782608696,0.0267558528,0.0802675585,0.8724279835,0.5666666667,0.9777070064,0.4171974522,0.1764705882,0.1725239617,0.4219316599,0.3900160996,447.2475595,1146.741275,0.5656897313,0.4315866007,599.6311152,1389.364531,0.6757266342,0.500934775,716.2702323,1429.867256,0.5544493418,0.2478793204,0.2478793204,3.855072329,4,0.7406014947,0.08331843861,2.464381637,2,0.5942186936,0.1050324603,2.116461947,2,0.5275133571,0.1517383477,0.117100028,691844.0533,1147.912769,1,1,738.0490974,1,1,44.75737652,45,1,4383.293123,0,0,0,16,0,10.21711367,1035.565159,1351594,24,0.01770283626,661.2804337,Official 311 files provide ward/FSA but no coordinates; CT count is an area-weighted ward-to-CT allocation using the existing municipal ward-to-CT crosswalk.,0.117100028,0.1517383477,0.655,"Census Profile characteristic 1491: percent of tenant households in subsidized housing, converted to a 0-1 share. Denominator is tenant households, not all households."
5350243.01,5350243.01,2021S05075350243.01,243.01,2021,6212,4840,3695,0.32,0.2614641995,0.3354786806,0.1697506034,36,2.9,0.2547770701,0.1884057971,0.209,0.3744075829,0.6279620853,0.9053728949,0.6264855688,0.9407582938,0.9691943128,0.0331753555,0,19708.1,0.5746031746,0.1126984127,0.2126984127,0.7634297521,0.8419380461,0.9573268921,0.53784219,0.1959064327,0.1584875302,0.243603341,0.2394004443,900.1143451,3759.86915,0.4107406549,0.3417332394,1517.68672,4441.144568,0.6233426667,0.4777920531,2303.251153,4820.614195,0.4258955542,0.08674691132,0.08674691132,4.457767319,4,0.7756724547,0.2502545208,2.373388511,3,0.5786614812,0.3268206135,2.04997416,2,0.5121889731,0.2545656161,0.2339628166,330736.2134,1840.01562,0,0,116.990752,2,1,120.5932645,13,1,5002.29458,0,0,2,0,0.3219575016,0,269.8543624,1351594,24,0.006551425769,43.44081817,Official 311 files provide ward/FSA but no coordinates; CT count is an area-weighted ward-to-CT allocation using the existing municipal ward-to-CT crosswalk.,0.2339628166,0.2545656161,0.089,"Census Profile characteristic 1491: percent of tenant households in subsidized housing, converted to a 0-1 share. Denominator is tenant households, not all households."
5350243.02,5350243.02,2021S05075350243.02,243.02,2021,3793,3070,2515,1.22,0.233201581,0.3807641634,0.1897233202,40.8,2.9,0.2614213198,0.1122853369,0.167,0.4980988593,0.5057034221,0.9058663029,0.6766381766,0.0456273764,0.427480916,0.4732824427,0.0267175573,3120.8,0.5148648649,0.0486486486,0.1648648649,0.819218241,0.5959459459,0.9550858653,0.4795244386,0.2090163934,0.1409749671,0.2840921056,0.3017697125,714.4916455,2367.671823,0.4053489738,0.3696148281,1019.452669,2758.148731,0.5245053136,0.6254406772,1319.130864,2109.122275,0.4046487976,0.1793000823,0.1793000823,4.228023058,4,0.7634828414,0.3892010136,2.122491721,3,0.5288556417,0.09383889819,2.230996116,2,0.5517697261,0.2553918124,0.2335258448,1273693.099,1367.85751,0,0,394.6505023,2,1,197.9540065,14,1,4508.712368,0,0,3,9,0.7909306617,2.372791985,1038.359519,1351594,24,0.02522274703,273.7567938,Official 311 files provide ward/FSA but no coordinates; CT count is an area-weighted ward-to-CT allocation using the existing municipal ward-to-CT crosswalk.,0.2335258448,0.2553918124,0.092,"Census Profile characteristic 1491: percent of tenant households in subsidized housing, converted to a 0-1 share. Denominator is tenant households, not all households."
5350244.01,5350244.01,2021S05075350244.01,244.01,2021,3663,3015,2670,1.42,0.2295081967,0.4057377049,0.1707650273,42.4,2.9,0.2720588235,0.0846994536,0.145,0.3176470588,0.6784313725,0.9337016575,0.7314285714,0,0.246031746,0.6031746032,0.0515873016,2573.6,0.4369863014,0.0301369863,0.095890411,0.8855721393,0.5267489712,0.9672131148,0.3907103825,0.1316872428,0.131147541,0.3585285283,0.2870579077,957.2711706,3334.766767,0.4106311656,0.3892491499,1096.385212,2816.666941,0.6315573304,0.6467873887,1686.258072,2607.128867,0.4669056748,0.1436157571,0.1436157571,4.516148937,4,0.7785724045,0.3341002006,2.34587342,3,0.5737195402,0.0435643332,2.310747147,2,0.5672395392,0.09435731931,0.09958826491,1506349.824,1504.409645,0,0,680.2236916,2,1,1.174067697,26,1,3442.265459,0,0,0,0,0,0,1228.455458,1351594,24,0.02986757427,335.3686755,Official 311 files provide ward/FSA but no coordinates; CT count is an area-weighted ward-to-CT allocation using the existing municipal ward-to-CT crosswalk.,0.09958826491,0.09435731931,0.074,"Census Profile characteristic 1491: percent of tenant households in subsidized housing, converted to a 0-1 share. Denominator is tenant households, not all households."
5350244.02,5350244.02,2021S05075350244.02,244.02,2021,5703,4345,3710,1.45,0.2464912281,0.3684210526,0.1342105263,36.4,3,0.1766666667,0.1502636204,0.212,0.5324675325,0.4675324675,0.9364518976,0.7024029575,0.4311688312,0.6865284974,0.1269430052,0,3940.4,0.5258545136,0.0639789658,0.1411042945,0.8538550058,0.7966695881,0.9692982456,0.4131578947,0.26,0.1859649123,0.1785205641,0.2181195013,662.3112927,3036.460696,0.3136036047,0.3034164554,1163.469373,3834.562538,0.5328437533,0.5194108496,1976.850325,3805.947309,0.341655974,0.04782196158,0.04782196158,5.448666553,5,0.8164688571,0.2638906573,2.420748051,3,0.5869045522,0.1779766463,2.241849312,2,0.5539396896,0.08877733015,0.2031375741,1551648.885,1766.508133,0,0,526.9997525,2,1,66.92493402,24,1,2831.106906,0,0,4,0,0.7013852358,0,1264.860159,1351594,24,0.03074659506,221.7885603,Official 311 files provide ward/FSA but no coordinates; CT count is an area-weighted ward-to-CT allocation using the existing municipal ward-to-CT crosswalk.,0.2031375741,0.08877733015,0.346,"Census Profile characteristic 1491: percent of tenant households in subsidized housing, converted to a 0-1 share. Denominator is tenant households, not all households."
5350245.00,5350245.00,2021S05075350245.00,245,2021,7033,5705,4715,1.42,0.2359630419,0.3930348259,0.171286425,40.8,2.6,0.244473342,0.1408250356,0.151,0.5609756098,0.4427767355,0.9344852412,0.7509377344,0.0318949343,0.5485074627,0.375,0.0055970149,4949,0.4789436117,0.0656673804,0.1556031406,0.8264680105,0.6128571429,0.9715504979,0.3982930299,0.2215568862,0.1400142146,0.2780554967,0.2742592257,1311.031667,4780.264597,0.3620408027,0.3374007882,1707.022385,5059.331349,0.5974791229,0.591231387,2817.114064,4764.824951,0.4125251408,0.139711416,0.139711416,4.581282291,4,0.7817205017,0.2871909582,2.363893759,3,0.5769691442,0.0971967682,2.284669464,2,0.5622999231,0.2969177688,0.2363785746,1489320.801,954.3544712,2,1,906.0969495,2,1,235.3728526,20,1,2396.579137,0,0,3,3,0.4265605005,0.4265605005,1213.710069,1351594,24,0.0294947769,172.5735916,Official 311 files provide ward/FSA but no coordinates; CT count is an area-weighted ward-to-CT allocation using the existing municipal ward-to-CT crosswalk.,0.2363785746,0.2969177688,0.151,"Census Profile characteristic 1491: percent of tenant households in subsidized housing, converted to a 0-1 share. Denominator is tenant households, not all households."
5350246.00,5350246.00,2021S05075350246.00,246,2021,3345,2775,2395,1.07,0.2197309417,0.3976083707,0.1913303438,43.6,2.7,0.3066666667,0.1210762332,0.118,0.3647058824,0.6352941176,0.9361069837,0.7332293292,0.0078431373,0.1976284585,0.6007905138,0.0118577075,3118.3,0.4355555556,0.0296296296,0.1288888889,0.8630630631,0.5007407407,0.9730941704,0.3841554559,0.2340425532,0.1240657698,0.3462087335,0.3502465174,829.1699168,2367.389469,0.4098795666,0.3992247511,981.6615619,2458.919592,0.7258942768,0.6621992727,1738.516793,2625.368019,0.4939941923,0.1418619322,0.1418619322,4.239108693,4,0.7641013542,0.2437293248,2.573446476,3,0.6114160488,0.08045670497,2.347103069,2,0.573942869,0.06044395527,0.05782826591,1119967.144,500.7786338,1,1,516.3011778,2,1,0,21,1,1155.896994,1,1,2,0,0.5979073244,0,916.0132053,1351594,24,0.02226034521,273.8455023,Official 311 files provide ward/FSA but no coordinates; CT count is an area-weighted ward-to-CT allocation using the existing municipal ward-to-CT crosswalk.,0.05782826591,0.06044395527,0.376,"Census Profile characteristic 1491: percent of tenant households in subsidized housing, converted to a 0-1 share. Denominator is tenant households, not all households."
5350247.01,5350247.01,2021S05075350247.01,247.01,2021,9027,7540,5675,17.24,0.3152354571,0.3590027701,0.1457063712,36,3,0.3809064609,0.1023489933,0.145,0.3604651163,0.6395348837,0.8904653802,0.6698224852,0.4069767442,0.7009966777,0.1727574751,0.0448504983,523.5,0.5601566872,0.0761052043,0.2143256855,0.7526525199,0.9127516779,0.956232687,0.4903047091,0.216954023,0.1135734072,0.2101708538,0.1993386006,1192.719595,5983.385011,0.3324030868,0.3005906445,1886.387518,6275.602892,0.5541128762,0.5472194989,3144.590573,5746.488527,0.3655622723,0.05025967423,0.05025967423,4.744577579,3,0.7892330806,0.2879109895,2.274152848,3,0.5602758184,0.1462483714,2.199401543,2,0.5453308636,0.08850493608,0.1333014789,18160167.41,2323.09151,0,0,3068.563579,0,0,408.224492,11,1,3990.419807,0,0,33,26,3.655699568,2.880248144,14784.49153,1351594,24,0.3592006423,1637.807858,Official 311 files provide ward/FSA but no coordinates; CT count is an area-weighted ward-to-CT allocation using the existing municipal ward-to-CT crosswalk.,0.1333014789,0.08850493608,0.226,"Census Profile characteristic 1491: percent of tenant households in subsidized housing, converted to a 0-1 share. Denominator is tenant households, not all households."
5350247.02,5350247.02,2021S05075350247.02,247.02,2021,7213,5975,4795,3.23,0.2598752599,0.3825363825,0.1746361746,40,3,0.3304347826,0.0741510742,0.137,0.2792607803,0.7207392197,0.9396491228,0.7047272727,0.1170431211,0.3744855967,0.6255144033,0.0020576132,2234,0.5232155232,0.0644490644,0.1725571726,0.8025104603,0.6299376299,0.9646324549,0.4625520111,0.1740812379,0.1261261261,0.3100906472,0.3098595981,1486.884653,4798.575427,0.4116528508,0.4138033472,1973.875419,4770.080844,0.6402661464,0.6252998759,3070.076172,4909.766162,0.4540032148,0.1463767457,0.1463767457,4.574439578,4,0.7813939865,0.3700334561,2.292785106,3,0.5638492253,0.009458160421,2.274874163,2,0.5604152458,0.2650744152,0.110260661,1189412.676,916.4150821,1,1,1037.511765,1,1,205.4942463,16,1,1748.813003,0,0,3,0,0.4159157077,0,2757.22836,1351594,24,0.0670043344,382.258195,Official 311 files provide ward/FSA but no coordinates; CT count is an area-weighted ward-to-CT allocation using the existing municipal ward-to-CT crosswalk.,0.110260661,0.2650744152,0.029,"Census Profile characteristic 1491: percent of tenant households in subsidized housing, converted to a 0-1 share. Denominator is tenant households, not all households."
5350248.02,5350248.02,2021S05075350248.02,248.02,2021,5538,4130,3430,1.21,0.2698555957,0.3411552347,0.1218411552,32,3.1,0.2357274401,0.226691042,0.248,0.6507042254,0.3492957746,0.9428571429,0.7719465649,0.1887323944,0.3848314607,0.1685393258,0.0028089888,4563.7,0.5365630713,0.0274223035,0.1325411335,0.8305084746,0.8765996344,0.9652650823,0.3784277879,0.2779661017,0.2111913357,0.1698447661,0.1665079176,582.5675478,3498.737814,0.3061858776,0.2776902046,1050.21756,3781.975534,0.5346305923,0.5133923613,1833.782931,3571.893682,0.3368870786,0.09315155488,0.09315155488,4.772089369,3,0.7904481826,0.2557067177,2.294515177,3,0.5641780842,0.2380703948,2.165863178,2,0.5382903177,0.3809775434,0.1562128798,1295106.95,550.0550525,1,1,280.1419265,3,1,0,35,1,421.9580291,1,1,2,0,0.3611412062,0,1055.126925,1351594,24,0.02564099454,190.5249053,Official 311 files provide ward/FSA but no coordinates; CT count is an area-weighted ward-to-CT allocation using the existing municipal ward-to-CT crosswalk.,0.1562128798,0.3809775434,0.784,"Census Profile characteristic 1491: percent of tenant households in subsidized housing, converted to a 0-1 share. Denominator is tenant households, not all households."
5350248.03,5350248.03,2021S05075350248.03,248.03,2021,2651,2255,1700,3.73,0.3050847458,0.3860640301,0.1506591337,38.8,3.4,0.3203883495,0.0608365019,0.164,0.1910828025,0.8089171975,0.8900900901,0.685767098,0.3121019108,0.2614379085,0.3529411765,0.0392156863,710.2,0.6007194245,0.0845323741,0.273381295,0.7538802661,0.9156193896,0.9640831758,0.4669187146,0.2478991597,0.1186440678,0.2492731827,0.2340422128,423.7644106,1810.632388,0.3204430493,0.3230814182,544.7531838,1686.117347,0.5442720705,0.5980399697,925.2625199,1547.158328,0.3713294342,0.06809514379,0.06809514379,5.278242288,3,0.8105429904,0.3508979946,2.121456384,3,0.5286257086,0.1532134839,2.242031345,2,0.5539759057,0.01571585933,0.1926172085,3982415.808,1399.318554,0,0,1302.387531,0,0,578.3084096,12,1,2960.39809,0,0,5,14,1.886080724,5.281026028,3240.52288,1351594,24,0.07874903719,1222.377548,Official 311 files provide ward/FSA but no coordinates; CT count is an area-weighted ward-to-CT allocation using the existing municipal ward-to-CT crosswalk.,0.1926172085,0.01571585933,0,"Census Profile characteristic 1491: percent of tenant households in subsidized housing, converted to a 0-1 share. Denominator is tenant households, not all households."
5350248.04,5350248.04,2021S05075350248.04,248.04,2021,4945,4235,3055,1.48,0.3346814965,0.3235591507,0.1860465116,36.4,3,0.3176691729,0.1028331584,0.135,0.4952681388,0.5015772871,0.8994764398,0.6906552095,0.1703470032,0.6,0.3047619048,0,3347.8,0.5794392523,0.0820353063,0.2336448598,0.7213695396,0.9356178609,0.9645833333,0.4604166667,0.2908163265,0.105156724,0.1785298611,0.1816143638,545.4087256,3003.114479,0.3152118959,0.3095985124,962.9723419,3110.390727,0.477066563,0.4337093593,1457.43835,3360.403272,0.3236027733,0.02927339001,0.02927339001,4.932501764,3,0.7972631237,0.2844127244,2.282480648,3,0.5618801848,0.1837302226,2.233085582,2,0.5521891289,0.3624241134,0.4306835997,1600677.629,730.0710046,1,1,190.5838145,2,1,0,20,1,2602.394229,0,0,4,3,0.8088978766,0.6066734075,1304.076135,1351594,24,0.03169079308,263.7161042,Official 311 files provide ward/FSA but no coordinates; CT count is an area-weighted ward-to-CT allocation using the existing municipal ward-to-CT crosswalk.,0.4306835997,0.3624241134,0.108,"Census Profile characteristic 1491: percent of tenant households in subsidized housing, converted to a 0-1 share. Denominator is tenant households, not all households."
5350248.05,5350248.05,2021S05075350248.05,248.05,2021,4285,3735,2630,1.13,0.3022170362,0.3477246208,0.2088681447,41.6,3.2,0.297235023,0.0943847073,0.126,0.3204633205,0.6795366795,0.9102402023,0.6976439791,0.1583011583,0.3471698113,0.3660377358,0.0641509434,3789.7,0.5759096612,0.0577164366,0.2107904642,0.7041499331,0.8456712673,0.9534606205,0.4832935561,0.3418530351,0.1015169195,0.2653492661,0.2745979882,697.8685698,2541.419092,0.3643369238,0.3265268827,958.2061097,2934.539728,0.5829164269,0.589102701,1533.070203,2602.381894,0.4042008723,0.01379963054,0.01379963054,4.812150895,3,0.7921927176,0.2883332368,2.287424601,3,0.5628271202,0.1792006425,2.211672392,2,0.5478534688,0.1103819474,0.07888047213,1209469.338,1407.077919,0,0,732.3835202,2,1,114.3053542,30,1,1383.896386,0,0,1,0,0.2333722287,0,985.3577456,1351594,24,0.02394551022,229.9551332,Official 311 files provide ward/FSA but no coordinates; CT count is an area-weighted ward-to-CT allocation using the existing municipal ward-to-CT crosswalk.,0.07888047213,0.1103819474,0.169,"Census Profile characteristic 1491: percent of tenant households in subsidized housing, converted to a 0-1 share. Denominator is tenant households, not all households."
5350249.01,5350249.01,2021S05075350249.01,249.01,2021,4598,3925,3225,0.83,0.2578890098,0.3460282916,0.239390642,44.4,3.4,0.2912205567,0.0598476605,0.131,0.156133829,0.843866171,0.9576837416,0.8055235903,0.029739777,0.2740740741,0.5888888889,0.0518518519,5541.1,0.651214128,0.0629139073,0.1490066225,0.821656051,0.8543046358,0.9423913043,0.5086956522,0.1586826347,0.1088139282,0.2504912092,0.2500062897,807.8341498,3231.255305,0.3834371798,0.3764012395,1236.584905,3285.283828,0.582674783,0.5824887427,1879.126175,3226.030029,0.4055343907,0.01350681769,0.01350681769,4.313831184,3,0.768187498,0.4142238731,2.059508085,3,0.5144471599,0.1775890341,2.221426482,2,0.5498388049,0.04691914811,0.1452191682,869620.1385,1941.054743,0,0,321.1259305,3,1,0,25,1,2528.405951,0,0,1,0,0.2174858634,0,708.3652605,1351594,24,0.01721422261,154.0594303,Official 311 files provide ward/FSA but no coordinates; CT count is an area-weighted ward-to-CT allocation using the existing municipal ward-to-CT crosswalk.,0.1452191682,0.04691914811,0.071,"Census Profile characteristic 1491: percent of tenant households in subsidized housing, converted to a 0-1 share. Denominator is tenant households, not all households."
5350249.03,5350249.03,2021S05075350249.03,249.03,2021,5569,4615,3535,2.96,0.307277628,0.3647798742,0.1509433962,37.2,3.5,0.2838283828,0.0728417266,0.156,0.3647798742,0.6352201258,0.9104882459,0.7378277154,0.1383647799,0.3040752351,0.4137931034,0.0282131661,1878.3,0.589028777,0.0584532374,0.2032374101,0.7659804984,0.881294964,0.9496402878,0.4649280576,0.2359813084,0.1302785265,0.2108573171,0.2164298661,745.380616,3443.982245,0.3221670944,0.3231208573,1138.860679,3524.565664,0.6137212309,0.5900186203,2169.504551,3677.010312,0.3822485475,0.1105443882,0.1105443882,5.059841582,3,0.802365354,0.3511899816,2.120738395,3,0.5284661217,0.1286563583,2.246189766,2,0.55480164,0.1055921062,0.2209731969,3110446.342,2488.474393,0,0,1344.965817,0,0,0,14,1,3027.323739,0,0,7,3,1.256958161,0.5386963548,2534.113604,1351594,24,0.0615823476,455.0392537,Official 311 files provide ward/FSA but no coordinates; CT count is an area-weighted ward-to-CT allocation using the existing municipal ward-to-CT crosswalk.,0.2209731969,0.1055921062,0.112,"Census Profile characteristic 1491: percent of tenant households in subsidized housing, converted to a 0-1 share. Denominator is tenant households, not all households."
5350249.04,5350249.04,2021S05075350249.04,249.04,2021,2709,2260,1660,0.69,0.2896678967,0.3597785978,0.1771217712,38.8,3.3,0.3333333333,0.0905730129,0.152,0.2160493827,0.7839506173,0.8896925859,0.6824196597,0.024691358,0.3333333333,0.5864197531,0.0864197531,3943.8,0.5585585586,0.0558558559,0.2432432432,0.7345132743,0.8669064748,0.9354243542,0.5498154982,0.1921182266,0.1328413284,0.1913543601,0.2159246219,317.6482378,1471.10707,0.3265719176,0.3089198901,542.1093832,1754.854254,0.4806839555,0.5375131755,797.9353662,1484.494525,0.3328700777,0.02612624096,0.02612624096,4.812180196,3,0.7921939829,0.3898843417,2.010347024,3,0.5025734422,0.1422514874,2.160431103,2,0.5371294189,0.04704493181,0.1452807968,720049.1397,1204.572873,0,0,382.1222168,3,1,203.29699,28,1,1731.960993,0,0,0,0,0,0,586.6258652,1351594,24,0.01425579259,216.5470156,Official 311 files provide ward/FSA but no coordinates; CT count is an area-weighted ward-to-CT allocation using the existing municipal ward-to-CT crosswalk.,0.1452807968,0.04704493181,0,"Census Profile characteristic 1491: percent of tenant households in subsidized housing, converted to a 0-1 share. Denominator is tenant households, not all households."
5350249.05,5350249.05,2021S05075350249.05,249.05,2021,5606,4200,2650,0.64,0.2774308653,0.3586083854,0.0999107939,32.8,3.5,0.337860781,0.1944692239,0.158,0.762345679,0.237654321,0.9070397112,0.6406101049,0.2067901235,0.8549382716,0.0462962963,0.0092592593,8717.2,0.6529884032,0.1409455843,0.320249777,0.630952381,0.9179304193,0.9001782531,0.6122994652,0.2637681159,0.1926851026,0.1483853342,0.1414008874,393.2211356,2780.895811,0.3284919706,0.3089217421,870.503722,2817.87781,0.5611804983,0.4907055526,1487.12832,3030.591997,0.3460192677,0.1950064465,0.1950064465,5.795028444,3,0.8274382931,0.3896250216,2.010977866,3,0.5027294846,0.007871315176,2.246745935,2,0.5549118463,0.1450855934,0.1990601491,673675.9372,513.0779614,1,1,640.0354025,5,1,0,31,1,1048.16724,1,1,2,0,0.3567606136,0,548.8454992,1351594,24,0.0133376792,97.90322853,Official 311 files provide ward/FSA but no coordinates; CT count is an area-weighted ward-to-CT allocation using the existing municipal ward-to-CT crosswalk.,0.1990601491,0.1450855934,0.174,"Census Profile characteristic 1491: percent of tenant households in subsidized housing, converted to a 0-1 share. Denominator is tenant households, not all households."
5350250.01,5350250.01,2021S05075350250.01,250.01,2021,5047,4135,2950,1.39,0.2666005946,0.3706640238,0.1744301288,39.6,3.3,0.3160813309,0.1130346232,0.174,0.3771043771,0.6296296296,0.928125,0.7384284177,0.0101010101,0.3846153846,0.4381270903,0.1404682274,3634.6,0.5583075335,0.0825593395,0.2363261094,0.7134220073,0.7574819401,0.9318413021,0.5432349949,0.2123076923,0.1387512389,0.250541664,0.2379402698,739.0979089,3106.232961,0.3800724767,0.3232170055,1121.213806,3468.919603,0.6258487254,0.5659350509,1846.25374,3262.306756,0.4188209554,0.08671215046,0.08671215046,4.748879767,4,0.7894240223,0.3477566885,2.186006383,3,0.542544794,0.07792871753,2.29866792,2,0.5649654344,0.2013455708,0.1583941803,11439.37686,973.5167846,1,1,695.0413217,4,1,0,30,1,739.6983833,1,1,3,3,0.5944125223,0.5944125223,1203.465347,1351594,24,0.02924581646,238.4516242,Official 311 files provide ward/FSA but no coordinates; CT count is an area-weighted ward-to-CT allocation using the existing municipal ward-to-CT crosswalk.,0.1583941803,0.2013455708,0.135,"Census Profile characteristic 1491: percent of tenant households in subsidized housing, converted to a 0-1 share. Denominator is tenant households, not all households."
5350250.02,5350250.02,2021S05075350250.02,250.02,2021,4958,4040,3440,1.94,0.2338709677,0.3760080645,0.1945564516,41.6,2.8,0.2658959538,0.1225937183,0.16,0.3789173789,0.6239316239,0.9220647773,0.729787234,0.037037037,0.4154727794,0.5300859599,0.0515759312,2557.4,0.500998004,0.0489021956,0.1317365269,0.8514851485,0.6073926074,0.95951417,0.4342105263,0.1810344828,0.1310483871,0.3307036574,0.3431186003,1137.620582,3315.531657,0.369673419,0.4339607914,1271.676561,2930.395064,0.5761603033,0.5902358479,1981.991443,3357.965211,0.4255124599,0.1359573149,0.1359573149,4.442840088,4,0.7749187501,0.317899819,2.342722533,3,0.5731462066,0.05794850379,2.293053638,2,0.5639003016,0.1321647093,0.09463507178,2075756.966,1600.527594,0,0,452.8607305,1,1,203.2680688,15,1,1905.827728,0,0,1,7,0.2016942315,1.411859621,1700.05374,1351594,24,0.04133768878,342.8910327,Official 311 files provide ward/FSA but no coordinates; CT count is an area-weighted ward-to-CT allocation using the existing municipal ward-to-CT crosswalk.,0.09463507178,0.1321647093,0.295,"Census Profile characteristic 1491: percent of tenant households in subsidized housing, converted to a 0-1 share. Denominator is tenant households, not all households."
5350250.04,5350250.04,2021S05075350250.04,250.04,2021,5939,4385,2785,0.49,0.2558922559,0.3930976431,0.0833333333,34,3,0.2410575428,0.1305812974,0.17,0.5954198473,0.4045801527,0.90472103,0.5950864422,0.524173028,1,0,0,12245.4,0.612244898,0.1403061224,0.3290816327,0.6351197263,0.9344680851,0.9604377104,0.3846801347,0.2742316785,0.1902356902,0.1623672365,0.1831785864,452.1927538,2468.589603,0.3685963535,0.3120142226,1026.540844,3290.045037,0.5311512403,0.4903344559,1479.256204,3016.831036,0.3540382768,0.1087126231,0.1087126231,5.54741567,3,0.8197358807,0.3047721534,2.240915272,3,0.5537537663,0.3058438946,2.065498097,2,0.5158552789,0.1307574003,0.1480492461,526014.4298,1106.010895,1,1,753.9344461,2,1,48.88113303,17,1,2588.557728,0,0,3,0,0.5051355447,0,429.6251021,1351594,24,0.01045350317,72.33963666,Official 311 files provide ward/FSA but no coordinates; CT count is an area-weighted ward-to-CT allocation using the existing municipal ward-to-CT crosswalk.,0.1480492461,0.1307574003,0.055,"Census Profile characteristic 1491: percent of tenant households in subsidized housing, converted to a 0-1 share. Denominator is tenant households, not all households."
5350250.05,5350250.05,2021S05075350250.05,250.05,2021,7031,5400,3550,0.67,0.2503556188,0.3862019915,0.1201991465,36.4,3.2,0.2094508301,0.1770981508,0.185,0.5914221219,0.4108352144,0.8947368421,0.625,0.5372460497,0.9954648526,0,0.0022675737,10511.3,0.7226534933,0.179957657,0.3105151729,0.6574074074,0.8836389281,0.8940256046,0.5825035562,0.1556603774,0.1742532006,0.2015594044,0.2007271848,715.5358857,3564.718384,0.3798714563,0.3175508907,1348.54367,4246.700952,0.6170656655,0.5379579923,2190.583113,4072.033772,0.3994988421,0.0866339631,0.0866339631,5.45979417,5,0.8168429122,0.3512793205,2.134507399,3,0.5315078316,0.08768302619,2.245108746,2,0.554587277,0.1310545849,0.1476937369,720377.7887,1052.085487,1,1,595.8035616,4,1,0,27,1,1387.841089,0,0,1,0,0.1422272792,0,587.4962541,1351594,24,0.01428426248,83.55799375,Official 311 files provide ward/FSA but no coordinates; CT count is an area-weighted ward-to-CT allocation using the existing municipal ward-to-CT crosswalk.,0.1476937369,0.1310545849,0.073,"Census Profile characteristic 1491: percent of tenant households in subsidized housing, converted to a 0-1 share. Denominator is tenant households, not all households."
5350260.01,5350260.01,2021S05075350260.01,260.01,2021,6590,5340,4095,0.71,0.253414264,0.3694992413,0.1737481032,39.2,2.8,0.4123563218,0.1564160972,0.157,0.2207792208,0.7770562771,0.883252818,0.6846089151,0.9978354978,0.9914893617,0,0,9236.2,0.6326693227,0.0964143426,0.1737051793,0.7668539326,0.8533864542,0.9529590288,0.5789074355,0.3480392157,0.1403641882,0.3475663564,0.342520024,1423.28423,4155.331454,0.6488829667,0.319518246,2657.175749,8316.194089,0.7963674175,0.6702041741,3261.124575,4865.867299,0.5976055802,0.144239168,0.144239168,3.790430444,3,0.7361777205,0.3589626003,2.20357624,3,0.5461922387,0.4096310192,1.889547552,2,0.470772779,0.2323436774,0.2117609926,762569.6626,727.5996656,1,1,166.8007045,3,1,59.99642155,27,1,2946.520983,0,0,3,0,0.4552352049,0,1116.013105,1351594,24,0.03180566603,169.3494849,Official 311 files provide ward/FSA but no coordinates; CT count is an area-weighted ward-to-CT allocation using the existing municipal ward-to-CT crosswalk.,0.2117609926,0.2323436774,0.049,"Census Profile characteristic 1491: percent of tenant households in subsidized housing, converted to a 0-1 share. Denominator is tenant households, not all households."
5350260.04,5350260.04,2021S05075350260.04,260.04,2021,3879,2870,1765,0.19,0.2448453608,0.3324742268,0.1469072165,34.4,2.8,0.355721393,0.2580645161,0.165,0.9819494585,0.0216606498,0.9157372986,0.6236702128,0.0216606498,1,0,0,20622,0.6735688185,0.2241169306,0.3373934227,0.6149825784,0.8353658537,0.904516129,0.6503225806,0.29,0.1894329897,0.2498965299,0.2138010801,441.0673752,2062.980108,0.2226429112,0.3884509328,392.9647383,1011.620015,0.7351790968,0.5857583135,1297.591106,2215.232931,0.402572846,0.2223904514,0.2223904514,4.638133846,4,0.7843960452,0.3623481159,2.221893119,3,0.5499333467,0.3541909375,1.97732907,2,0.4942672845,0.2322945235,0.2118022378,197454.4666,345.2567788,1,1,328.7021628,3,1,169.0911201,24,1,3075.584255,0,0,0,6,0,1.54679041,259.4529894,1351594,24,0.008201972288,66.88656596,Official 311 files provide ward/FSA but no coordinates; CT count is an area-weighted ward-to-CT allocation using the existing municipal ward-to-CT crosswalk.,0.2118022378,0.2322945235,0.224,"Census Profile characteristic 1491: percent of tenant households in subsidized housing, converted to a 0-1 share. Denominator is tenant households, not all households."
5350260.05,5350260.05,2021S05075350260.05,260.05,2021,4139,2800,1725,0.25,0.2765700483,0.3285024155,0.0640096618,28.8,3.1,0.2756097561,0.3188405797,0.224,0.9809885932,0.0190114068,0.9119170984,0.6754507628,0.0114068441,0.7180451128,0,0,16276.1,0.5452229299,0.1694267516,0.3401273885,0.6160714286,0.7108280255,0.8876811594,0.5966183575,0.3563218391,0.2342995169,0.2038427968,0.1992577024,351.6288244,1764.693762,0.2270691093,0.39001868,391.6942136,1004.296034,0.627009934,0.6967453599,1081.592136,1552.349249,0.3526406133,0.2970680491,0.2970680491,4.129127855,4,0.7578181071,0.3570208828,2.22987975,3,0.5515453244,0.3816197872,1.972209773,2,0.492954546,0.2322945235,0.2118022378,266592.7575,310.9898183,1,1,306.1145508,3,1,74.47910003,22,1,3302.423977,0,0,2,7,0.4832085045,1.691229766,350.2999405,1351594,24,0.01107387666,84.63395518,Official 311 files provide ward/FSA but no coordinates; CT count is an area-weighted ward-to-CT allocation using the existing municipal ward-to-CT crosswalk.,0.2118022378,0.2322945235,0.409,"Census Profile characteristic 1491: percent of tenant households in subsidized housing, converted to a 0-1 share. Denominator is tenant households, not all households."
5350260.06,5350260.06,2021S05075350260.06,260.06,2021,4354,3465,2405,0.92,0.337543054,0.3765786452,0.0757749713,32.8,2.6,0.456928839,0.170310702,0.147,0.6948640483,0.3051359517,0.7885514019,0.5122249389,0.4380664653,0.8090909091,0,0.1090909091,4731.6,0.6055363322,0.1649365629,0.2929642445,0.6940836941,0.830449827,0.9655568312,0.5499425947,0.3298611111,0.1481056257,0.1979229296,0.2855715855,476.0046458,1666.848769,0.2213572805,0.4489176841,532.3642597,1185.883913,0.7306733696,0.6379105271,1757.269454,2754.727159,0.3833178599,0.2455062283,0.2455062283,4.259041176,4,0.7652053693,0.3502503944,2.201509875,3,0.5457662891,0.2791881966,2.065238988,2,0.5157945371,0.2322593873,0.2117520711,1001152.719,595.0089037,1,1,585.150496,3,1,78.71455166,21,1,3148.42947,0,0,5,33,1.148369316,7.579237483,1318.528789,1351594,24,0.04150303552,302.8316007,Official 311 files provide ward/FSA but no coordinates; CT count is an area-weighted ward-to-CT allocation using the existing municipal ward-to-CT crosswalk.,0.2117520711,0.2322593873,0.117,"Census Profile characteristic 1491: percent of tenant households in subsidized housing, converted to a 0-1 share. Denominator is tenant households, not all households."
5350260.07,5350260.07,2021S05075350260.07,260.07,2021,3591,3065,2885,0.34,0.1866295265,0.3941504178,0.2618384401,48.4,2.4,0.459057072,0.1128133705,0.16,0.2124183007,0.7875816993,0.9020887728,0.6875834446,0.9934640523,0.9697986577,0,0,10420.8,0.6379974326,0.0629011553,0.1219512195,0.9412724307,0.7483953787,0.9568245125,0.5278551532,0.2924528302,0.1100278552,0.3619229523,0.3812837448,1044.147717,2738.505724,0.3700233216,0.5299202655,1067.517283,2014.486617,0.8338182741,0.7929924677,2405.565721,3033.529092,0.521921516,0.03621267701,0.03621267701,4.105573275,4,0.7564286561,0.2948211491,2.174584168,3,0.5401419661,0.3792789483,1.902272784,2,0.4743130384,0.2298885661,0.2096159288,373817.7321,558.5830546,1,1,573.4523352,4,1,0,21,1,3902.297955,0,0,2,3,0.5569479254,0.8354218881,491.1923734,1351594,24,0.01552784666,136.7842867,Official 311 files provide ward/FSA but no coordinates; CT count is an area-weighted ward-to-CT allocation using the existing municipal ward-to-CT crosswalk.,0.2096159288,0.2298885661,0,"Census Profile characteristic 1491: percent of tenant households in subsidized housing, converted to a 0-1 share. Denominator is tenant households, not all households."
5350261.00,5350261.00,2021S05075350261.00,261,2021,5547,4650,3785,1.91,0.1990990991,0.3558558559,0.272972973,47.6,2.4,0.3333333333,0.2246445498,0.196,0.4512471655,0.5510204082,0.9257142857,0.7159647405,0.4580498866,0.7505668934,0.0340136054,0.0498866213,2899.8,0.5909090909,0.0577651515,0.1287878788,0.8139784946,0.7793560606,0.9517502365,0.4626300851,0.3169811321,0.1225225225,0.3928030226,0.3837854186,1486.759441,3873.934153,0.4628308296,0.4151700255,1751.81469,4219.511483,0.7234835486,0.6278752459,2738.385231,4361.352433,0.5263724669,0.1137154749,0.1137154749,3.969384009,4,0.7480717417,0.2939743759,2.475272314,3,0.596004046,0.3905522646,1.95957425,3,0.489685068,0.2818486911,0.2019391128,2019189.093,948.2722544,1,1,384.3842952,3,1,168.4897905,27,1,3759.285682,0,0,1,25,0.1802776275,4.506940689,3493.778621,1351594,24,0.08848154109,629.8501209,Official 311 files provide ward/FSA but no coordinates; CT count is an area-weighted ward-to-CT allocation using the existing municipal ward-to-CT crosswalk.,0.2019391128,0.2818486911,0.724,"Census Profile characteristic 1491: percent of tenant households in subsidized housing, converted to a 0-1 share. Denominator is tenant households, not all households."
5350262.01,5350262.01,2021S05075350262.01,262.01,2021,5848,4775,3750,0.67,0.2207014542,0.4011976048,0.1822070145,41.2,2.2,0.3981762918,0.1618150685,0.146,0.669793621,0.330206379,0.8790252393,0.6143250689,0.2120075047,0.8301886792,0.1641509434,0,8716.6,0.5198961938,0.134083045,0.2093425606,0.7853403141,0.5916955017,0.9692044482,0.4029084688,0.2931506849,0.124037639,0.3133736676,0.3491187611,1175.151254,3366.050137,0.4204409337,0.3826288696,1576.653501,4120.581657,0.6786379284,0.6513416748,2544.892231,3907.154002,0.4708175099,0.03260410382,0.03260410382,4.309318326,4,0.7679447364,0.1405036874,2.554931203,3,0.6086000285,0.2302496957,2.09679138,2,0.5230808321,0.2367678721,0.1212249182,703732.153,708.6778325,2,1,191.9297893,2,1,275.6694074,23,1,3443.272864,0,0,2,4,0.341997264,0.683994528,926.3019271,1351594,24,0.02920451416,158.3963624,Official 311 files provide ward/FSA but no coordinates; CT count is an area-weighted ward-to-CT allocation using the existing municipal ward-to-CT crosswalk.,0.1212249182,0.2367678721,0.098,"Census Profile characteristic 1491: percent of tenant households in subsidized housing, converted to a 0-1 share. Denominator is tenant households, not all households."
5350262.02,5350262.02,2021S05075350262.02,262.02,2021,6252,4980,4185,2.15,0.209432454,0.4060751399,0.1662669864,41.6,2.6,0.3580980684,0.1472,0.169,0.6237006237,0.3762993763,0.9207365893,0.7163299663,0,0.617768595,0.2975206612,0.0805785124,2913.3,0.4976228209,0.1212361331,0.1576862124,0.8403614458,0.5356576862,0.9568,0.4576,0.2301369863,0.1510791367,0.2793783866,0.3542872777,1169.198548,3300.142629,0.3533841988,0.3667816384,1478.912872,4032.134429,0.6032611968,0.5720521813,2524.648109,4413.31786,0.4120079274,0.07121656693,0.07121656693,4.407054358,4,0.7730910675,0.1414421261,2.456025601,3,0.5928381205,0.1602205985,2.148837281,2,0.5346320502,0.1666414152,0.1597198342,2272643.634,531.775433,1,1,806.4239497,1,1,126.2034383,11,1,4388.851375,0,0,2,2,0.3198976328,0.3198976328,2986.354708,1351594,24,0.09440016287,477.6639009,Official 311 files provide ward/FSA but no coordinates; CT count is an area-weighted ward-to-CT allocation using the existing municipal ward-to-CT crosswalk.,0.1597198342,0.1666414152,0.027,"Census Profile characteristic 1491: percent of tenant households in subsidized housing, converted to a 0-1 share. Denominator is tenant households, not all households."
5350263.02,5350263.02,2021S05075350263.02,263.02,2021,3873,3360,2810,2,0.1806451613,0.4025806452,0.2748387097,50,2,0.5808823529,0.1122994652,0.107,0.3116531165,0.6910569106,0.8821081831,0.6036931818,0.6151761518,0.6434316354,0.1528150134,0.0750670241,1937.1,0.4692202462,0.0424076607,0.098495212,0.8363095238,0.4199726402,0.968,0.4386666667,0.1005025126,0.1019354839,0.4554178541,0.398992629,1279.72417,3207.387999,0.4559780798,0.4196122218,1281.298404,3053.529753,1.004890552,0.6794953611,2823.74245,4155.646398,0.6387621618,0.0556332425,0.0556332425,4.147340188,5,0.7588816074,0.2147538712,2.308070596,3,0.5667376892,0.1708397259,2.086629531,2,0.5207582443,0.1416156987,0.1455309008,2105900.089,1093.328506,1,1,743.4154153,1,1,59.23432626,20,1,4119.312008,0,0,5,22,1.290988897,5.680351149,2870.824556,1351594,24,0.08461739924,741.2405257,Official 311 files provide ward/FSA but no coordinates; CT count is an area-weighted ward-to-CT allocation using the existing municipal ward-to-CT crosswalk.,0.1455309008,0.1416156987,0.167,"Census Profile characteristic 1491: percent of tenant households in subsidized housing, converted to a 0-1 share. Denominator is tenant households, not all households."
5350263.03,5350263.03,2021S05075350263.03,263.03,2021,4635,3845,3270,1.56,0.2146709817,0.4228694714,0.1812297735,43.6,2.2,0.5073260073,0.1003236246,0.108,0.6043165468,0.4004796163,0.9171974522,0.7043956044,0.175059952,0.7146282974,0.1127098321,0.0215827338,2978.6,0.5078864353,0.0715036803,0.1545741325,0.8504551365,0.5730809674,0.978425027,0.4207119741,0.2451612903,0.1305285868,0.3730134088,0.3679370303,1219.753847,3315.115757,0.5315388531,0.4467604136,1738.13205,3890.523862,0.7194010698,0.6967910948,2352.441498,3376.107295,0.5413177772,0.008422551321,0.008422551321,4.25313364,5,0.7648792433,0.3261087477,2.192038405,3,0.5438036132,0.2804373214,2.009570207,2,0.5023811576,0.2192868503,0.1356351639,1635832.623,1164.490201,1,1,702.9854043,1,1,103.4335947,19,1,4268.014981,0,0,2,10,0.4314994606,2.157497303,2149.466009,1351594,24,0.06795011567,463.7467118,Official 311 files provide ward/FSA but no coordinates; CT count is an area-weighted ward-to-CT allocation using the existing municipal ward-to-CT crosswalk.,0.1356351639,0.2192868503,0.072,"Census Profile characteristic 1491: percent of tenant households in subsidized housing, converted to a 0-1 share. Denominator is tenant households, not all households."
5350263.04,5350263.04,2021S05075350263.04,263.04,2021,6464,5705,4680,0.68,0.1763341067,0.3557617943,0.3356535189,52,1.9,0.5346687211,0.133963751,0.12,0.5722627737,0.4277372263,0.8683788122,0.5869205298,0.6204379562,1,0,0,9574.9,0.5773195876,0.0904044409,0.165741475,0.8203330412,0.5749405234,0.973704563,0.4439288476,0.2026578073,0.0726991493,0.6666472866,0.4329385942,3119.909301,7206.355226,0.7101018483,0.480074849,3323.27665,6922.413571,1.011162987,0.8583950026,4732.24278,5512.89647,0.7959707074,0.03867161673,0.03867161673,3.905430448,4,0.7439462786,0.3006741495,2.187804665,3,0.5429208028,0.3668515597,1.892371,2,0.4715623944,0.1311045726,0.08497660217,730148.7846,1347.693121,0,0,1166.693449,1,1,29.44092291,18,1,4754.250084,0,0,2,10,0.3094059406,1.547029703,959.4074429,1351594,24,0.030329322,148.4231811,Official 311 files provide ward/FSA but no coordinates; CT count is an area-weighted ward-to-CT allocation using the existing municipal ward-to-CT crosswalk.,0.08497660217,0.1311045726,0.066,"Census Profile characteristic 1491: percent of tenant households in subsidized housing, converted to a 0-1 share. Denominator is tenant households, not all households."
5350264.00,5350264.00,2021S05075350264.00,264,2021,1260,1060,975,3.43,0.1706349206,0.3492063492,0.3015873016,54.4,2.9,0.747826087,0.1265822785,0.045,0.1176470588,0.8823529412,0.9211618257,0.8445378151,0.1411764706,0.1084337349,0.8915662651,0,367.4,0.531120332,0.020746888,0.0788381743,0.9198113208,0.5601659751,0.9390243902,0.4512195122,0.0454545455,0.123015873,0.2143246933,0.3685706896,208.966576,566.964715,0.2974544706,0.3331528709,290.0181089,870.5256181,0.6553445849,0.6698070283,638.9609702,953.9478435,0.3890412496,0.3547783169,0.3547783169,3.032328334,5,0.6702204083,0.05985133629,2.356059742,2,0.5755625453,0.2067050747,2.014433914,2,0.5035826228,0.001181845458,0.01537373348,3628243.991,1131.251073,1,1,1225.793496,0,0,360.4129974,14,1,3615.95595,0,0,1,12,0.7936507937,9.523809524,6090.888431,1351594,24,0.1142284316,4834.038438,Official 311 files provide ward/FSA but no coordinates; CT count is an area-weighted ward-to-CT allocation using the existing municipal ward-to-CT crosswalk.,0.01537373348,0.001181845458,0,"Census Profile characteristic 1491: percent of tenant households in subsidized housing, converted to a 0-1 share. Denominator is tenant households, not all households."
5350265.00,5350265.00,2021S05075350265.00,265,2021,5555,4495,3460,2.66,0.1368136814,0.3474347435,0.3105310531,51.2,2.6,0.8116591928,0.0826180258,0.1,0.1349862259,0.8650137741,0.9033613445,0.6449511401,0.4462809917,0.35,0.5083333333,0.025,2085.1,0.286163522,0.0293501048,0.0649895178,0.7697441602,0.2837696335,0.9903536977,0.255091104,0.0714285714,0.1539153915,0.4385527253,0.4967054292,1517.392429,3054.914121,0.4447139079,0.4503336791,1538.710121,3416.822221,0.814253839,0.7010886578,2817.318283,4018.490745,0.5658401574,0.3360176461,0.3360176461,2.923599132,5,0.6579558431,0.1174560074,2.298129783,2,0.5648635654,0.1974539588,2.017382575,2,0.5043081999,0.09731474346,0.08085840293,2810197.671,342.5542119,1,1,1903.349609,0,0,65.54920469,17,1,4227.857513,0,0,2,5,0.3600360036,0.900090009,4717.599073,1351594,24,0.08847378329,849.2527583,Official 311 files provide ward/FSA but no coordinates; CT count is an area-weighted ward-to-CT allocation using the existing municipal ward-to-CT crosswalk.,0.08085840293,0.09731474346,0,"Census Profile characteristic 1491: percent of tenant households in subsidized housing, converted to a 0-1 share. Denominator is tenant households, not all households."
5350266.00,5350266.00,2021S05075350266.00,266,2021,3094,2560,2130,2.73,0.2084006462,0.3828756058,0.2229402262,49.6,2.9,0.7083333333,0.0920840065,0.071,0.0849056604,0.9150943396,0.913559322,0.6777003484,0.141509434,0.0783410138,0.9078341014,0,1135.2,0.4350758853,0.0387858347,0.1146711636,0.83203125,0.4222972973,0.9773828756,0.3634894992,0.1076923077,0.1486268174,0.4606388673,0.4627058195,981.1607874,2120.485082,0.4056845266,0.3914510703,864.1080416,2207.448407,0.6803516509,0.575266399,1449.149016,2519.092057,0.5155583483,0.3699289974,0.3699289974,2.903439971,4,0.6555809626,0.008936729818,2.267685345,2,0.5590217125,0.1171408517,2.068335194,2,0.5165193712,0.001383979861,0.05807036954,2895699.104,1762.716795,0,0,1241.484227,0,0,0,20,1,3795.16406,0,0,2,17,0.6464124111,5.494505495,4861.133986,1351594,24,0.09116563494,1571.14867,Official 311 files provide ward/FSA but no coordinates; CT count is an area-weighted ward-to-CT allocation using the existing municipal ward-to-CT crosswalk.,0.05807036954,0.001383979861,0,"Census Profile characteristic 1491: percent of tenant households in subsidized housing, converted to a 0-1 share. Denominator is tenant households, not all households."
5350267.00,5350267.00,2021S05075350267.00,267,2021,6042,4855,4150,2.71,0.1819685691,0.3937138131,0.2133995037,47.6,3,0.7479270315,0.1042183623,0.1,0.1691176471,0.8308823529,0.9059689289,0.7365771812,0.0294117647,0.1326781327,0.8427518428,0,2233.5,0.5122349103,0.0391517129,0.1411092985,0.8547888774,0.6582381729,0.9528145695,0.505794702,0.0942028986,0.170388751,0.4528732833,0.427445572,1879.424125,4396.873541,0.4004588276,0.3654959887,1661.904134,4546.983239,0.6338905007,0.5947010952,2630.645578,4423.475254,0.4957408705,0.330693476,0.330693476,3.074189768,5,0.6747110376,0.005958043095,2.252587186,2,0.5560660176,0.1331073078,2.093015391,2,0.522220427,0.04223114391,0.07644241157,2847355.896,1759.383144,0,0,285.6638749,2,1,203.3054197,17,1,2275.590518,0,0,1,4,0.1655081099,0.6620324396,4779.244214,1351594,24,0.08966387512,791.0036765,Official 311 files provide ward/FSA but no coordinates; CT count is an area-weighted ward-to-CT allocation using the existing municipal ward-to-CT crosswalk.,0.07644241157,0.04223114391,0,"Census Profile characteristic 1491: percent of tenant households in subsidized housing, converted to a 0-1 share. Denominator is tenant households, not all households."
5350268.00,5350268.00,2021S05075350268.00,268,2021,6458,5420,4685,3.03,0.1517027864,0.386996904,0.2817337461,51.2,2.3,0.5849358974,0.1016419077,0.09,0.2765957447,0.7216312057,0.9052547771,0.7142857143,0.3386524823,0.4814159292,0.4283185841,0.0318584071,2134.5,0.4385408406,0.0650277557,0.1221252974,0.8643911439,0.4310618067,0.9758001561,0.3895394223,0.1637010676,0.1238390093,0.4210603482,0.3883813686,1972.667731,5079.20279,0.4525804292,0.4489055338,2120.339311,4723.353025,0.7183365312,0.6448860382,3365.406648,5218.606775,0.5306591029,0.1297345587,0.1297345587,3.78930153,4,0.7360991222,0.1943873847,2.276861129,3,0.5607988615,0.2022848597,2.049278464,2,0.5120233694,0.09511698001,0.08069999713,3198208.063,925.8825567,1,1,1386.194569,0,0,0,17,1,2340.900376,0,0,4,12,0.6193868071,1.858160421,4202.421148,1351594,24,0.1328486216,650.7310541,Official 311 files provide ward/FSA but no coordinates; CT count is an area-weighted ward-to-CT allocation using the existing municipal ward-to-CT crosswalk.,0.08069999713,0.09511698001,0,"Census Profile characteristic 1491: percent of tenant households in subsidized housing, converted to a 0-1 share. Denominator is tenant households, not all households."
5350269.01,5350269.01,2021S05075350269.01,269.01,2021,5284,4405,3195,0.75,0.3254493851,0.3727530747,0.1267738884,35.2,2.4,0.4548286604,0.1685606061,0.16,0.8520179372,0.1479820628,0.8893203883,0.5393145161,0.2376681614,0.995505618,0,0,7074.6,0.5822906641,0.1203079885,0.2454282964,0.7253121453,0.7680461983,0.9678030303,0.4829545455,0.2935779817,0.119205298,0.2885554426,0.2931914826,921.9346391,3144.479611,0.4628667189,0.3559816511,1478.859167,4154.312904,0.6248810904,0.640338738,1996.495084,3117.873346,0.4587677507,0.07694399584,0.07694399584,4.347718607,3,0.7699943142,0.2590867795,2.383246363,3,0.580404269,0.242114675,2.121210064,2,0.5285709714,0.2310333532,0.2619211211,790453.54,1599.677808,0,0,886.0779192,1,1,52.88226177,17,1,1084.333064,1,1,1,0,0.1892505678,0,1038.647226,1351594,24,0.03283429412,196.5645772,Official 311 files provide ward/FSA but no coordinates; CT count is an area-weighted ward-to-CT allocation using the existing municipal ward-to-CT crosswalk.,0.2619211211,0.2310333532,0.15,"Census Profile characteristic 1491: percent of tenant households in subsidized housing, converted to a 0-1 share. Denominator is tenant households, not all households."
5350269.02,5350269.02,2021S05075350269.02,269.02,2021,2562,2090,1910,1.75,0.18359375,0.4140625,0.2109375,46,2.8,0.6884057971,0.0782778865,0.17,0.0994475138,0.8895027624,0.931166348,0.6956521739,0.0607734807,0.043956044,0.6868131868,0.1978021978,1460.7,0.4715909091,0.0397727273,0.0984848485,0.9138755981,0.5435606061,0.9726027397,0.4168297456,0.1023622047,0.13671875,0.3735591314,0.4061815459,713.497941,1756.598615,0.4488166974,0.4370248866,857.239892,1961.535643,0.7416618435,0.6340867807,1416.574121,2234.038249,0.5213458908,0.132747757,0.132747757,3.86426126,4,0.7412183254,0.1538756995,2.283462686,3,0.5620686048,0.2085643035,2.036384521,2,0.5089336078,0.1592550565,0.1743070207,1861930.674,1317.778083,0,0,1504.497206,0,0,20.75507827,20,1,2124.978959,0,0,3,2,1.170960187,0.7806401249,2446.556352,1351594,24,0.07734190092,954.9400281,Official 311 files provide ward/FSA but no coordinates; CT count is an area-weighted ward-to-CT allocation using the existing municipal ward-to-CT crosswalk.,0.1743070207,0.1592550565,0,"Census Profile characteristic 1491: percent of tenant households in subsidized housing, converted to a 0-1 share. Denominator is tenant households, not all households."
5350270.01,5350270.01,2021S05075350270.01,270.01,2021,4763,3835,3100,1.12,0.2237394958,0.4044117647,0.1659663866,41.2,2.5,0.4395393474,0.1071428571,0.175,0.648,0.352,0.8962264151,0.6411378556,0.1253333333,0.5877659574,0.1861702128,0.0824468085,4240.2,0.4365904366,0.0696465696,0.1746361746,0.8083441982,0.5343035343,0.9716386555,0.4023109244,0.1870229008,0.1460084034,0.330887082,0.3436365872,1025.749954,2984.984697,0.4144459643,0.3876017149,1284.782489,3314.697639,0.6866408964,0.5875030355,2128.586779,3623.107712,0.4773246476,0.029269061,0.029269061,4.309992836,4,0.7679810529,0.1711228816,2.46789381,3,0.5947961797,0.1485606801,2.133924329,2,0.5313798215,0.0885364132,0.1488816245,1177928.419,340.0754678,2,1,380.8680604,2,1,48.65636377,18,1,2799.313545,0,0,2,6,0.4199034222,1.259710267,1547.843244,1351594,24,0.04892844032,324.9723377,Official 311 files provide ward/FSA but no coordinates; CT count is an area-weighted ward-to-CT allocation using the existing municipal ward-to-CT crosswalk.,0.1488816245,0.0885364132,0.012,"Census Profile characteristic 1491: percent of tenant households in subsidized housing, converted to a 0-1 share. Denominator is tenant households, not all households."
5350270.02,5350270.02,2021S05075350270.02,270.02,2021,4263,3300,2905,0.76,0.2100938967,0.4037558685,0.1525821596,40,2.7,0.3883928571,0.1081081081,0.17,0.7307692308,0.2692307692,0.9330143541,0.7080745342,0.0224358974,0.5320512821,0.2083333333,0.0576923077,5634.4,0.4066587396,0.0558858502,0.1010701546,0.8803030303,0.4726840855,0.9765258216,0.3368544601,0.2107438017,0.1795774648,0.2863024756,0.3485761672,831.7086915,2386.017088,0.4364398453,0.4621085193,1267.857751,2743.636392,0.6213343019,0.6023349189,1804.976147,2996.63209,0.4480255409,0.01070325228,0.01070325228,4.310289732,4,0.7679970345,0.1698829092,2.320985935,3,0.5691486169,0.1767786561,2.096699914,2,0.5230600271,0.1924556692,0.1233063313,794087.8974,1490.434334,0,0,549.1886084,1,1,117.5368442,14,1,3223.37208,0,0,1,0,0.2345765893,0,1043.422731,1351594,24,0.03298526005,244.7625455,Official 311 files provide ward/FSA but no coordinates; CT count is an area-weighted ward-to-CT allocation using the existing municipal ward-to-CT crosswalk.,0.1233063313,0.1924556692,0.053,"Census Profile characteristic 1491: percent of tenant households in subsidized housing, converted to a 0-1 share. Denominator is tenant households, not all households."
5350271.01,5350271.01,2021S05075350271.01,271.01,2021,2394,1960,1785,0.89,0.1941544885,0.4070981211,0.1983298539,45.6,2.7,0.4980842912,0.0709812109,0.147,0.2429378531,0.7514124294,0.9230769231,0.8102345416,0.1412429379,0.1542857143,0.6514285714,0,2679.4,0.377593361,0.0456431535,0.0850622407,0.9107142857,0.4522821577,0.9769874477,0.359832636,0.0873015873,0.1461377871,0.3595030618,0.3852284792,641.7129652,1665.798351,0.3735229607,0.4782965952,666.7384848,1393.98543,0.6094741964,0.5585516462,1087.911441,1947.736521,0.4475000729,0.1098361783,0.1098361783,3.937929505,4,0.746059446,0.1628802321,2.383895458,3,0.5805185178,0.1303612449,2.136216822,2,0.5318827239,0.1925298026,0.1233206716,936384.4212,1061.717749,1,1,422.6755305,2,1,163.468518,14,1,4134.815141,0,0,2,2,0.8354218881,0.8354218881,1230.659739,1351594,24,0.03889158224,514.0600413,Official 311 files provide ward/FSA but no coordinates; CT count is an area-weighted ward-to-CT allocation using the existing municipal ward-to-CT crosswalk.,0.1233206716,0.1925298026,0,"Census Profile characteristic 1491: percent of tenant households in subsidized housing, converted to a 0-1 share. Denominator is tenant households, not all households."
5350271.02,5350271.02,2021S05075350271.02,271.02,2021,4724,3730,3080,0.71,0.2158730159,0.4,0.1587301587,41.2,2.8,0.4166666667,0.1440677966,0.158,0.7126099707,0.2873900293,0.9054779807,0.7062780269,0.0175953079,0.5614035088,0.2777777778,0.0029239766,6661,0.4739638682,0.0743889479,0.1551540914,0.8257372654,0.5456475584,0.9661375661,0.3862433862,0.2482014388,0.1682539683,0.356985784,0.3384349461,1099.516215,3248.825889,0.4145860625,0.3796410166,1276.925073,3363.50662,0.7149949592,0.6350532449,2202.184474,3467.716278,0.4955222686,0.1495691485,0.1495691485,3.822515613,4,0.7383921738,0.1978760839,2.384997524,3,0.580712353,0.1857225117,2.107820673,2,0.5255763393,0.1925346462,0.1233153863,743381.7496,1010.729143,2,1,591.8696016,2,1,183.5396146,14,1,3615.92905,0,0,0,0,0,0,976.8960446,1351594,24,0.0308772767,206.7942516,Official 311 files provide ward/FSA but no coordinates; CT count is an area-weighted ward-to-CT allocation using the existing municipal ward-to-CT crosswalk.,0.1233153863,0.1925346462,0.058,"Census Profile characteristic 1491: percent of tenant households in subsidized housing, converted to a 0-1 share. Denominator is tenant households, not all households."
5350272.01,5350272.01,2021S05075350272.01,272.01,2021,5945,4805,3470,0.46,0.2565180824,0.4137931034,0.126156434,38.4,2.6,0.3515151515,0.1414141414,0.162,0.8698481562,0.1301518438,0.8983774552,0.6788581624,0.0065075922,0.8639308855,0.0129589633,0.0993520518,13060.2,0.5476190476,0.1164965986,0.2534013605,0.7221644121,0.7244897959,0.9713804714,0.4318181818,0.3250620347,0.1446593776,0.301717171,0.3060433874,1046.958583,3420.948227,0.3960130969,0.3473853825,1374.165446,3955.737678,0.6039496779,0.5633246456,2095.705382,3720.244443,0.4338933153,0.06904640437,0.06904640437,4.540196938,4,0.7797452371,0.1910670256,2.457850461,3,0.5931404225,0.1927951733,2.144801034,2,0.5337562859,0.1468437197,0.1410702212,477267.0979,142.2355536,2,1,461.7646473,2,1,69.54310121,20,1,2547.042298,0,0,0,0,0,0,627.2788196,1351594,24,0.01982232787,105.5136786,Official 311 files provide ward/FSA but no coordinates; CT count is an area-weighted ward-to-CT allocation using the existing municipal ward-to-CT crosswalk.,0.1410702212,0.1468437197,0.127,"Census Profile characteristic 1491: percent of tenant households in subsidized housing, converted to a 0-1 share. Denominator is tenant households, not all households."
5350272.02,5350272.02,2021S05075350272.02,272.02,2021,4623,3905,3420,1,0.2186147186,0.3993506494,0.2207792208,46.4,2.6,0.4971644612,0.0964912281,0.129,0.1695402299,0.8304597701,0.9037199125,0.726042841,0.3764367816,0.4434782609,0.0927536232,0.4,4628.6,0.5822510823,0.0703463203,0.1374458874,0.8758002561,0.6302702703,0.9675675676,0.5005405405,0.1944444444,0.117965368,0.309528852,0.3238909377,1058.588674,3268.349158,0.4013640386,0.3582595606,1372.665012,3831.481873,0.6747163183,0.6534440612,2307.529809,3531.334885,0.4618697363,0.05602846335,0.05602846335,4.335325575,4,0.7693368162,0.1746973633,2.3866942,3,0.5810104201,0.1459718622,2.135190079,2,0.5316576216,0.146978611,0.1410109992,1046323.419,653.3991202,1,1,99.05471135,2,1,0,16,1,2069.868456,0,0,0,0,0,0,1377.06472,1351594,24,0.04342495445,297.8725331,Official 311 files provide ward/FSA but no coordinates; CT count is an area-weighted ward-to-CT allocation using the existing municipal ward-to-CT crosswalk.,0.1410109992,0.146978611,0.102,"Census Profile characteristic 1491: percent of tenant households in subsidized housing, converted to a 0-1 share. Denominator is tenant households, not all households."
5350273.01,5350273.01,2021S05075350273.01,273.01,2021,3703,3035,2530,3.19,0.1997300945,0.3778677463,0.2145748988,46.8,3,0.6811594203,0.118046133,0.077,0.1975308642,0.7983539095,0.9139344262,0.7401685393,0.0082304527,0.1044176707,0.6827309237,0.1485943775,1160.7,0.461852861,0.0313351499,0.1226158038,0.8336079077,0.568119891,0.9634146341,0.472899729,0.1306818182,0.1497975709,0.4823561371,0.4013971899,1220.361027,3040.282936,0.4680264691,0.3720626943,1184.106967,3182.54688,0.711544086,0.6053460396,1800.206538,2973.847056,0.5539755641,0.1857605983,0.1857605983,3.579319652,4,0.7206172968,0.06762598591,2.311661558,2,0.5674107239,0.06632561009,2.127849527,2,0.5300419567,0.04246626046,0.09254140395,3355510.812,1225.106844,0,0,1159.730169,2,1,63.3434559,22,1,570.2516522,1,1,2,44,0.5401026195,11.88225763,5140.231855,1351594,24,0.1192275282,1388.126345,Official 311 files provide ward/FSA but no coordinates; CT count is an area-weighted ward-to-CT allocation using the existing municipal ward-to-CT crosswalk.,0.09254140395,0.04246626046,0.083,"Census Profile characteristic 1491: percent of tenant households in subsidized housing, converted to a 0-1 share. Denominator is tenant households, not all households."
5350273.02,5350273.02,2021S05075350273.02,273.02,2021,4032,3305,2765,1.29,0.1960297767,0.3771712159,0.2394540943,47.2,2.7,0.6829268293,0.1310861423,0.11,0.3187919463,0.6812080537,0.8925,0.6849489796,0.2248322148,0.2705479452,0.4828767123,0,3128.5,0.5435323383,0.0609452736,0.1666666667,0.8366111952,0.5509950249,0.9525593009,0.5043695381,0.1891891892,0.1538461538,0.4175129953,0.4320069926,1154.423432,2672.233208,0.3978731616,0.3375777191,1100.119292,3258.86227,0.5538664523,0.5306994958,1531.440741,2885.702272,0.4564175364,0.2973291498,0.2973291498,3.13372187,4,0.6808906338,0.01592109724,2.291035846,2,0.5635162139,0.06090228,2.151572109,2,0.5352235718,0.03267105058,0.09083090641,1350859.644,1699.187854,0,0,270.2474293,2,1,316.2024307,16,1,1479.283133,0,0,2,2,0.496031746,0.496031746,2267.553663,1351594,24,0.04253457195,562.3893014,Official 311 files provide ward/FSA but no coordinates; CT count is an area-weighted ward-to-CT allocation using the existing municipal ward-to-CT crosswalk.,0.09083090641,0.03267105058,0,"Census Profile characteristic 1491: percent of tenant households in subsidized housing, converted to a 0-1 share. Denominator is tenant households, not all households."
5350274.01,5350274.01,2021S05075350274.01,274.01,2021,4712,3750,2935,1.52,0.2271762208,0.3874734607,0.1666666667,41.6,2.8,0.5842217484,0.1433121019,0.136,0.5045592705,0.4984802432,0.8901098901,0.69327252,0.0425531915,0.4940828402,0.5,0.0029585799,3090.2,0.4978118162,0.0623632385,0.1695842451,0.7826666667,0.5700218818,0.9649681529,0.4564755839,0.1680327869,0.1656050955,0.4098499146,0.4041751559,1202.909499,2976.208414,0.4278481883,0.3656345204,1255.734433,3434.39791,0.6721669203,0.6143406718,1972.809911,3211.26372,0.5032883411,0.211360886,0.211360886,3.622865952,4,0.7239754346,0.04065112503,2.380809454,2,0.5799747862,0.0925226348,2.14907191,2,0.5346828575,0.146984447,0.1900006788,1597807.063,2117.23084,0,0,274.2771592,3,1,55.5255846,20,1,2710.120196,0,0,1,18,0.2122241087,3.820033956,2682.307083,1351594,24,0.05030394739,569.2502298,Official 311 files provide ward/FSA but no coordinates; CT count is an area-weighted ward-to-CT allocation using the existing municipal ward-to-CT crosswalk.,0.1900006788,0.146984447,0.03,"Census Profile characteristic 1491: percent of tenant households in subsidized housing, converted to a 0-1 share. Denominator is tenant households, not all households."
5350274.02,5350274.02,2021S05075350274.02,274.02,2021,4558,3805,3315,1.33,0.1888035126,0.392974753,0.2305159166,47.6,2.3,0.6882352941,0.124039517,0.101,0.3768844221,0.6231155779,0.8971061093,0.6322722283,0.4120603015,0.5038560411,0.4267352185,0.0077120823,3423.5,0.4952076677,0.0575079872,0.1661341853,0.8712220762,0.5079872204,0.9703947368,0.4649122807,0.1652542373,0.1284302964,0.4589019642,0.4577675945,1521.260011,3323.214726,0.4937026655,0.3941184182,1636.624336,4152.620788,0.6548594874,0.6003404192,2170.859201,3616.047048,0.5358213724,0.2515789855,0.2515789855,3.23336181,4,0.6907243734,0.04765611259,2.267776542,2,0.5590394461,0.07887246086,2.157645408,2,0.5365318154,0.04807540665,0.1464642085,1395488.653,2169.86234,0,0,915.6424194,2,1,54.30004569,33,1,2648.537338,0,0,2,0,0.4387889425,0,2342.666512,1351594,24,0.04393433315,513.9680808,Official 311 files provide ward/FSA but no coordinates; CT count is an area-weighted ward-to-CT allocation using the existing municipal ward-to-CT crosswalk.,0.1464642085,0.04807540665,0,"Census Profile characteristic 1491: percent of tenant households in subsidized housing, converted to a 0-1 share. Denominator is tenant households, not all households."
5350275.00,5350275.00,2021S05075350275.00,275,2021,5567,4575,4270,1.96,0.1752021563,0.3872416891,0.2506738544,48.8,2.4,0.6777777778,0.0727762803,0.099,0.3653846154,0.6346153846,0.9019607843,0.7197802198,0.1666666667,0.5032679739,0.4989106754,0,2838.1,0.2741792369,0.0390417036,0.0905057675,0.9333333333,0.2795031056,0.9937106918,0.2210242588,0.2218181818,0.1437556155,0.4749219968,0.440769784,2027.916926,4600.852871,0.5329192383,0.4865190095,2275.565147,4677.237894,0.838255682,0.8142494678,3579.351762,4395.890822,0.615365639,0.340581465,0.340581465,2.937611439,5,0.6595873822,0.01309328074,2.136494754,2,0.5319436201,0.02770964103,2.065784162,2,0.5159223222,0.1067662447,0.1487608086,2070422.177,755.5769833,1,1,758.6318791,1,1,99.82904737,23,1,3534.940729,0,0,2,7,0.3592599246,1.257409736,5720.957552,1351594,24,0.08709274795,1027.655389,Official 311 files provide ward/FSA but no coordinates; CT count is an area-weighted ward-to-CT allocation using the existing municipal ward-to-CT crosswalk.,0.1487608086,0.1067662447,0,"Census Profile characteristic 1491: percent of tenant households in subsidized housing, converted to a 0-1 share. Denominator is tenant households, not all households."
5350276.01,5350276.01,2021S05075350276.01,276.01,2021,6317,4965,4280,1.23,0.1623119557,0.4014251781,0.2090261283,45.2,2.5,0.6375838926,0.0834014718,0.113,0.3524590164,0.6454918033,0.9230769231,0.7375328084,0.2028688525,0.4899598394,0.5,0.0060240964,5152.1,0.3076923077,0.0388751034,0.0827129859,0.8620342397,0.2685950413,0.9813463098,0.2562854826,0.1619047619,0.1631037213,0.4358968327,0.4040153525,1865.638444,4617.74146,0.5105914735,0.4390849312,2185.331507,4977.013219,0.7537769844,0.618675226,3226.165493,5214.63501,0.5667550969,0.3989935854,0.3989935854,2.78386757,5,0.6407875106,0.2065282268,2.021523607,2,0.5053236102,0.09975396644,2.082240175,2,0.5197480042,0.1561706642,0.1285616439,1285102.961,635.265126,1,1,645.5058775,1,1,436.1510129,19,1,4001.819663,0,0,4,2,0.6332119677,0.3166059839,3553.671921,1351594,24,0.05408443553,562.5568974,Official 311 files provide ward/FSA but no coordinates; CT count is an area-weighted ward-to-CT allocation using the existing municipal ward-to-CT crosswalk.,0.1285616439,0.1561706642,0.145,"Census Profile characteristic 1491: percent of tenant households in subsidized housing, converted to a 0-1 share. Denominator is tenant households, not all households."
5350276.02,5350276.02,2021S05075350276.02,276.02,2021,6567,5000,4530,1.28,0.1660319878,0.4150799695,0.1713632902,42.8,2.8,0.7291981846,0.068597561,0.1,0.2584745763,0.7415254237,0.922247883,0.7201283079,0.1334745763,0.3036093418,0.6645435244,0.0063694268,5120.1,0.2928134557,0.0412844037,0.0978593272,0.906,0.2475171887,0.9916158537,0.2446646341,0.1575562701,0.1865955826,0.4936241195,0.4680431492,2236.117261,4777.587847,0.5079804069,0.4928904709,2301.151243,4668.686817,0.7346683656,0.6460019722,3328.047696,5151.760891,0.5787576307,0.3852614073,0.3852614073,2.773584409,5,0.6394557177,0.1643644531,2.035596725,2,0.5087435602,0.09187126186,2.064757775,2,0.5156816882,0.07622228301,0.09055995328,1344381.286,910.0354011,1,1,906.395554,1,1,223.6483165,16,1,3776.293986,0,0,2,23,0.3045530684,3.502360286,3717.5932,1351594,24,0.05657920433,566.102208,Official 311 files provide ward/FSA but no coordinates; CT count is an area-weighted ward-to-CT allocation using the existing municipal ward-to-CT crosswalk.,0.09055995328,0.07622228301,0.033,"Census Profile characteristic 1491: percent of tenant households in subsidized housing, converted to a 0-1 share. Denominator is tenant households, not all households."
5350277.00,5350277.00,2021S05075350277.00,277,2021,3925,2815,2300,1.03,0.2012738854,0.3464968153,0.1579617834,36.8,3.3,0.638121547,0.0641025641,0.111,0.2761506276,0.7238493724,0.9021879022,0.7166212534,0.0209205021,0.3041666667,0.6833333333,0.0083333333,3818.8,0.2873563218,0.0651340996,0.1366538953,0.8170515098,0.2040816327,0.9936305732,0.1936305732,0.1927083333,0.2178343949,0.4954719027,0.4354121367,1139.585376,2617.256801,0.3845830089,0.5242887217,884.5409205,1687.125593,0.7185426255,0.5128723418,1652.648039,3222.338005,0.5328658457,0.4569905367,0.4569905367,2.460553964,4,0.5935874545,0.03252963615,2.125064933,2,0.5294261438,0.1747433394,2.00665184,2,0.5016574475,0.2542589434,0.1039548322,1077442.926,928.9086596,1,1,937.0530416,1,1,344.98266,24,1,3628.829162,0,0,1,3,0.2547770701,0.7643312102,2979.43339,1351594,24,0.04534492116,759.0913095,Official 311 files provide ward/FSA but no coordinates; CT count is an area-weighted ward-to-CT allocation using the existing municipal ward-to-CT crosswalk.,0.1039548322,0.2542589434,0,"Census Profile characteristic 1491: percent of tenant households in subsidized housing, converted to a 0-1 share. Denominator is tenant households, not all households."
5350278.00,5350278.00,2021S05075350278.00,278,2021,7734,5715,4615,1.33,0.2165481577,0.3303167421,0.1809954751,36.8,2.8,0.5149359886,0.1077222583,0.115,0.5148148148,0.4851851852,0.9233378562,0.6789056875,0.1407407407,0.6247755835,0.368043088,0.0035906643,5798.9,0.3703457447,0.0551861702,0.1482712766,0.8075240595,0.25415835,0.9779220779,0.2779220779,0.2777777778,0.1822882999,0.4503647426,0.4227458222,2078.433287,4916.508167,0.6204688118,0.3884155576,2863.463566,7372.164967,0.7597721446,0.62592099,3506.348447,5601.902641,0.6102018997,0.4179229354,0.4179229354,2.641075769,5,0.62136641,0.3383281612,1.874167798,2,0.4664298462,0.1540099184,2.045514051,2,0.5111253333,0.1286668911,0.1298120795,1398136.006,958.6050658,1,1,601.8530161,3,1,175.4682761,29,1,2647.420855,0,0,3,41,0.387897595,5.301267132,3866.240152,1351594,24,0.05884150842,499.9017523,Official 311 files provide ward/FSA but no coordinates; CT count is an area-weighted ward-to-CT allocation using the existing municipal ward-to-CT crosswalk.,0.1298120795,0.1286668911,0.223,"Census Profile characteristic 1491: percent of tenant households in subsidized housing, converted to a 0-1 share. Denominator is tenant households, not all households."
5350279.01,5350279.01,2021S05075350279.01,279.01,2021,4135,3465,2845,1.21,0.2224909311,0.407496977,0.1983071342,45.2,2.6,0.4200426439,0.0933333333,0.113,0.3611111111,0.6388888889,0.901826484,0.7290930506,0.0617283951,0.4313099042,0.552715655,0.0063897764,3405,0.492081448,0.0746606335,0.213800905,0.8210678211,0.3988700565,0.9466019417,0.5084951456,0.3076923077,0.1160822249,0.4153108984,0.3668646974,1181.559506,3220.695571,0.5947823722,0.4125319002,1692.155849,4101.878783,0.8206280063,0.7513875964,2334.686678,3107.166912,0.6102404256,0.1898577548,0.1898577548,3.836473754,5,0.7393439746,0.05635729598,2.108234176,2,0.5256693913,0.04124539828,2.112868466,2,0.5267097712,0.160157499,0.271439841,1273436.027,1517.370638,0,0,698.1013648,4,1,200.1624786,27,1,1751.470429,0,0,3,95,0.7255139057,22.97460701,3521.40956,1351594,24,0.05359342464,851.6105344,Official 311 files provide ward/FSA but no coordinates; CT count is an area-weighted ward-to-CT allocation using the existing municipal ward-to-CT crosswalk.,0.271439841,0.160157499,0,"Census Profile characteristic 1491: percent of tenant households in subsidized housing, converted to a 0-1 share. Denominator is tenant households, not all households."
5350279.02,5350279.02,2021S05075350279.02,279.02,2021,6140,5265,4045,1.58,0.2127139364,0.3594132029,0.2673186634,48,2.6,0.2684563758,0.1085069444,0.218,0.4557522124,0.5442477876,0.9299474606,0.7342342342,0.314159292,0.6216814159,0.3274336283,0.0132743363,3896.9,0.5529513889,0.0477430556,0.1519097222,0.7682811016,0.5434027778,0.9245446661,0.5065047702,0.2853333333,0.1075794621,0.4171336342,0.3717659978,1687.30555,4538.622575,0.5263949833,0.4727195022,2129.267707,4504.294191,0.824961945,0.7036233271,3336.971067,4742.553208,0.5894968541,0.1540223952,0.1540223952,4.067847025,3,0.7541697134,0.01806420454,2.189502482,2,0.543275238,0.08287186509,2.119861798,2,0.528271135,0.1840151466,0.1726122243,1652021.93,1668.688667,0,0,392.6371244,2,1,316.5625488,12,1,1107.760548,1,1,4,14,0.651465798,2.280130293,4568.306295,1351594,24,0.06952647087,744.0238266,Official 311 files provide ward/FSA but no coordinates; CT count is an area-weighted ward-to-CT allocation using the existing municipal ward-to-CT crosswalk.,0.1726122243,0.1840151466,0.165,"Census Profile characteristic 1491: percent of tenant households in subsidized housing, converted to a 0-1 share. Denominator is tenant households, not all households."
5350280.00,5350280.00,2021S05075350280.00,280,2021,7217,5785,4525,2.14,0.2196812197,0.4137214137,0.1586971587,40.8,2.5,0.2347826087,0.1281337047,0.171,0.6539130435,0.3443478261,0.9423347398,0.7579102281,0.1234782609,0.7443478261,0.2226086957,0.0330434783,3378,0.5456445993,0.0773519164,0.1867595819,0.7821953328,0.6093314763,0.9464161447,0.4954766875,0.2954990215,0.1462231462,0.3067999775,0.3016701535,1388.269898,4601.946472,0.3858289864,0.3656749721,1745.876163,4774.393372,0.5717055091,0.5242802288,2586.967429,4934.321926,0.4214448243,0.1677061921,0.1677061921,3.723919794,3,0.7314657524,0.01160661489,3.051449267,3,0.6722868668,0.08111170433,2.164032088,2,0.5378996431,0.2340089718,0.1470522094,2248433.387,699.5812269,1,1,569.7246007,2,1,226.5621906,20,1,1749.467675,0,0,7,8,0.9699321048,1.108493834,4710.297499,1351594,24,0.08584163436,652.6669667,Official 311 files provide ward/FSA but no coordinates; CT count is an area-weighted ward-to-CT allocation using the existing municipal ward-to-CT crosswalk.,0.1470522094,0.2340089718,0.058,"Census Profile characteristic 1491: percent of tenant households in subsidized housing, converted to a 0-1 share. Denominator is tenant households, not all households."
5350281.01,5350281.01,2021S05075350281.01,281.01,2021,6403,5065,4185,0.97,0.23671875,0.40703125,0.1359375,38.8,2.9,0.2066473988,0.15078125,0.15,0.5033860045,0.4988713318,0.9482484076,0.7836700337,0.0180586907,0.4865470852,0.4304932735,0.0717488789,6630.4,0.5400943396,0.0518867925,0.1336477987,0.8262586377,0.7610062893,0.92890625,0.47578125,0.2535885167,0.15078125,0.2655388614,0.2590591672,1111.280135,4289.676938,0.3577772142,0.361549613,1497.297641,4141.333824,0.6327424602,0.5874015475,2648.027196,4508.035784,0.4186861786,0.02357177353,0.02357177353,4.287032189,3,0.7667383971,0.004740159173,3.192847545,3,0.6867999533,0.2208001479,2.086556076,2,0.5207413731,0.2168012586,0.2613197237,1012688.959,1384.224522,0,0,1151.558972,1,1,73.6115987,33,1,3102.141978,0,0,4,4,0.6247071685,0.6247071685,2120.5435,1351594,24,0.03865725093,331.1796814,Official 311 files provide ward/FSA but no coordinates; CT count is an area-weighted ward-to-CT allocation using the existing municipal ward-to-CT crosswalk.,0.2613197237,0.2168012586,0.392,"Census Profile characteristic 1491: percent of tenant households in subsidized housing, converted to a 0-1 share. Denominator is tenant households, not all households."
5350281.02,5350281.02,2021S05075350281.02,281.02,2021,3921,2935,2400,0.41,0.2461734694,0.375,0.1084183673,34.8,3,0.1448598131,0.1326530612,0.209,0.5977011494,0.4022988506,0.9206145967,0.7091633466,0.2643678161,0.8262548263,0.1621621622,0.0077220077,9496.2,0.5271807838,0.0809102402,0.1845764855,0.8177172061,0.7474747475,0.9604591837,0.3443877551,0.308,0.193877551,0.321783596,0.303036985,772.2806305,2548.469886,0.4615749501,0.3949838999,1107.77988,2804.620341,0.6464394252,0.6420804625,1551.454621,2416.293146,0.4765993238,0.0006536137781,0.0006536137781,4.227187761,3,0.7634361054,0.01371124539,3.236800922,3,0.6910529798,0.2540335002,2.032476517,2,0.5079893954,0.2175480223,0.2606377989,436491.6595,868.5218594,1,1,786.0388023,2,1,122.5055979,25,1,2663.314778,0,0,1,0,0.2550369804,0,914.0018198,1351594,24,0.01666214237,233.1042642,Official 311 files provide ward/FSA but no coordinates; CT count is an area-weighted ward-to-CT allocation using the existing municipal ward-to-CT crosswalk.,0.2606377989,0.2175480223,0.115,"Census Profile characteristic 1491: percent of tenant households in subsidized housing, converted to a 0-1 share. Denominator is tenant households, not all households."
5350282.00,5350282.00,2021S05075350282.00,282,2021,4588,3795,3245,2.22,0.2254901961,0.417211329,0.1732026144,42.4,2.8,0.2549019608,0.0557413601,0.132,0.1451104101,0.8548895899,0.9326599327,0.7464953271,0.119873817,0.2358490566,0.5974842767,0.1006289308,2067.5,0.4008908686,0.0289532294,0.1002227171,0.8550724638,0.386845039,0.9520174482,0.4231188659,0.1056105611,0.128540305,0.4324855382,0.4136945522,1403.415571,3392.395583,0.4705553589,0.4103185059,1526.95214,3721.382579,0.7047630718,0.6967244518,2286.956168,3282.439941,0.5359346563,0.2441488443,0.2441488443,3.595447333,3,0.7218704914,0.02389497937,3.046705905,3,0.6717766561,0.02979432747,2.16973803,2,0.5391148672,0.02219321768,0.1258974861,2337826.125,1159.802997,1,1,304.7963678,2,1,165.2339978,23,1,4513.861005,0,0,2,4,0.4359197908,0.8718395815,4893.575796,1351594,24,0.08921614044,1066.603269,Official 311 files provide ward/FSA but no coordinates; CT count is an area-weighted ward-to-CT allocation using the existing municipal ward-to-CT crosswalk.,0.1258974861,0.02219321768,0,"Census Profile characteristic 1491: percent of tenant households in subsidized housing, converted to a 0-1 share. Denominator is tenant households, not all households."
5350283.01,5350283.01,2021S05075350283.01,283.01,2021,5153,4115,3235,0.92,0.2269641125,0.3811833172,0.1774975752,41.2,2.7,0.2,0.1656686627,0.193,0.7180851064,0.2819148936,0.9518304432,0.754527163,0.0345744681,0.7317073171,0.1734417344,0.0921409214,5607.2,0.5420650096,0.0659655832,0.1816443595,0.7861482382,0.7390057361,0.9533527697,0.3965014577,0.3565217391,0.1513094083,0.30941386,0.301895247,1000.953837,3315.566732,0.4522656904,0.3611722337,1463.079508,4050.919124,0.6157660095,0.537927682,1992.003041,3703.105654,0.45914852,0.161676492,0.161676492,4.052176667,3,0.7532190518,0.02281509507,3.146845066,3,0.6822214062,0.141439253,2.175632258,3,0.5403634983,0.3121551535,0.2225344249,972845.3518,922.8190168,1,1,853.5657866,4,1,92.9719583,26,1,2636.262404,0,0,2,0,0.3881234232,0,2037.112056,1351594,24,0.03713630582,395.3254524,Official 311 files provide ward/FSA but no coordinates; CT count is an area-weighted ward-to-CT allocation using the existing municipal ward-to-CT crosswalk.,0.2225344249,0.3121551535,0.316,"Census Profile characteristic 1491: percent of tenant households in subsidized housing, converted to a 0-1 share. Denominator is tenant households, not all households."
5350283.02,5350283.02,2021S05075350283.02,283.02,2021,4390,3440,3015,1.16,0.2141230068,0.3439635535,0.2118451025,42,2.6,0.1546134663,0.2212086659,0.176,0.5152439024,0.4847560976,0.9515151515,0.7825537295,0.012195122,0.4985074627,0.4805970149,0.023880597,3768.6,0.4795673077,0.0264423077,0.0817307692,0.8764534884,0.512605042,0.937286203,0.4389965792,0.1846846847,0.1628701595,0.3207353875,0.308041567,967.0171933,3139.242547,0.4153429857,0.411694307,1252.259102,3041.720716,0.5847993176,0.5673756548,1763.169943,3107.588293,0.4402925636,0.1444888573,0.1444888573,4.270022185,3,0.7658091793,0.03666814791,2.987527191,3,0.6652750131,0.1297199107,2.139783396,2,0.5326629781,0.2890677259,0.1823752707,1223781.012,1274.046704,0,0,446.8185343,1,1,267.5134908,24,1,2650.87803,0,0,1,0,0.2277904328,0,2562.564594,1351594,24,0.04671524189,583.7276979,Official 311 files provide ward/FSA but no coordinates; CT count is an area-weighted ward-to-CT allocation using the existing municipal ward-to-CT crosswalk.,0.1823752707,0.2890677259,0.811,"Census Profile characteristic 1491: percent of tenant households in subsidized housing, converted to a 0-1 share. Denominator is tenant households, not all households."
5350284.00,5350284.00,2021S05075350284.00,284,2021,6762,5535,4165,1.41,0.2181952663,0.3868343195,0.198964497,42.8,2.7,0.2707482993,0.0928462709,0.133,0.5010309278,0.5030927835,0.9319571865,0.7298804781,0.0824742268,0.5124481328,0.4066390041,0.0435684647,4786.6,0.5117691724,0.0744115414,0.2012148823,0.7524841915,0.5155656796,0.9425801641,0.5227442207,0.2703862661,0.1338757396,0.3674807024,0.3224806168,1530.557125,4746.198827,0.4379720324,0.3864722349,1824.153515,4720.011816,0.6328644135,0.5710976759,2635.880282,4615.463157,0.4794390494,0.3293611279,0.3293611279,3.196727415,4,0.6871800844,0.03933685788,3.074179032,3,0.6747099015,0.05867030444,2.164591934,2,0.53801916,0.2992386177,0.1911723434,1481089.024,922.0149895,1,1,864.8398645,2,1,194.574703,12,1,1493.953569,0,0,3,1,0.4436557232,0.1478852411,3101.360664,1351594,24,0.05653742892,458.6454693,Official 311 files provide ward/FSA but no coordinates; CT count is an area-weighted ward-to-CT allocation using the existing municipal ward-to-CT crosswalk.,0.1911723434,0.2992386177,0.045,"Census Profile characteristic 1491: percent of tenant households in subsidized housing, converted to a 0-1 share. Denominator is tenant households, not all households."
5350285.00,5350285.00,2021S05075350285.00,285,2021,3278,2755,2370,1.11,0.2317073171,0.3948170732,0.2057926829,45.2,2.7,0.3229461756,0.0856269113,0.179,0.3617021277,0.6382978723,0.9319938176,0.7387820513,0.0382978723,0.3958333333,0.5333333333,0.0625,2942.8,0.4938650307,0.0506134969,0.1365030675,0.8602540835,0.3895705521,0.9297709924,0.4885496183,0.2119815668,0.1143292683,0.3574486955,0.3517900187,847.1534084,2408.122355,0.432859083,0.4197929573,1025.876027,2443.766644,0.6086417678,0.6467291034,1442.48099,2230.425354,0.4663165154,0.3217721357,0.3217721357,3.293149501,4,0.6963393251,0.06085053088,2.893349496,3,0.6543798109,0.03050712741,2.156017752,2,0.5361819265,0.20162117,0.1053040441,1167489.83,1465.045531,0,0,1262.409747,0,0,126.7860003,10,1,715.0958053,1,1,3,0,0.9151921904,0,2447.33407,1351594,24,0.04458184301,746.5936761,Official 311 files provide ward/FSA but no coordinates; CT count is an area-weighted ward-to-CT allocation using the existing municipal ward-to-CT crosswalk.,0.1053040441,0.20162117,0.059,"Census Profile characteristic 1491: percent of tenant households in subsidized housing, converted to a 0-1 share. Denominator is tenant households, not all households."
5350286.00,5350286.00,2021S05075350286.00,286,2021,6768,5745,4120,3.24,0.3673318551,0.3422025129,0.1263858093,34,2.2,0.4738124239,0.1497405486,0.145,0.5237288136,0.4762711864,0.8132387707,0.4315012305,0.6559322034,0.4179104478,0.1857379768,0.0116086235,2086.2,0.4561675718,0.1024049651,0.2335143522,0.7171453438,0.5678820791,0.9592592593,0.4814814815,0.2853535354,0.1042128603,0.3666154729,0.3464183634,1510.455748,4360.206929,0.516193691,0.4453696005,2126.718007,4775.175505,0.866685146,0.7805856982,3570.742802,4574.440462,0.58316477,0.08183295312,0.08183295312,4.310403955,4,0.7680031824,0.1035118834,2.132241012,2,0.531009865,0.05553928846,2.151519279,2,0.5352121592,0.1431824238,0.2271514298,3400737.903,2144.995895,0,0,1167.249707,1,1,324.0446898,15,1,862.1142999,1,1,2,67,0.2955082742,9.899527187,9403.998873,1351594,24,0.1431223765,1389.479739,Official 311 files provide ward/FSA but no coordinates; CT count is an area-weighted ward-to-CT allocation using the existing municipal ward-to-CT crosswalk.,0.2271514298,0.1431824238,0.229,"Census Profile characteristic 1491: percent of tenant households in subsidized housing, converted to a 0-1 share. Denominator is tenant households, not all households."
5350287.02,5350287.02,2021S05075350287.02,287.02,2021,6471,4960,3405,1.06,0.2146718147,0.3799227799,0.1644787645,39.6,2.8,0.3761755486,0.1079590229,0.122,0.6688741722,0.3289183223,0.9181240064,0.6400336417,0.1721854305,0.8333333333,0.1577777778,0.0022222222,6116.3,0.5504731861,0.1151419558,0.2507886435,0.6864919355,0.5788643533,0.9810874704,0.4523246651,0.3676470588,0.1752895753,0.3883498207,0.3692338517,1322.33114,3581.283605,0.6459823442,0.501044301,2199.569882,4389.970862,0.9738350317,0.739087946,3315.908283,4486.486758,0.6693890655,0.1200015567,0.1200015567,3.762081687,5,0.7341897164,0.08496591983,2.149035605,2,0.5346749967,0.02975348424,2.134708499,2,0.5315519659,0.3485202098,0.2100457239,1109141.67,1133.42343,1,1,286.3015308,2,1,131.819536,22,1,2716.658752,0,0,1,19,0.1545356205,2.936176789,3067.089352,1351594,24,0.04667898445,473.974556,Official 311 files provide ward/FSA but no coordinates; CT count is an area-weighted ward-to-CT allocation using the existing municipal ward-to-CT crosswalk.,0.2100457239,0.3485202098,0.112,"Census Profile characteristic 1491: percent of tenant households in subsidized housing, converted to a 0-1 share. Denominator is tenant households, not all households."
5350287.03,5350287.03,2021S05075350287.03,287.03,2021,2699,2020,1680,0.48,0.2222222222,0.3814814815,0.1388888889,37.2,2.4,0.2857142857,0.2555555556,0.25,0.6371681416,0.3628318584,0.908411215,0.6881091618,0.389380531,0.8391304348,0.0739130435,0,5574.1,0.5249537893,0.0794824399,0.1589648799,0.8316831683,0.7504621072,0.9722735675,0.3678373383,0.4285714286,0.1981481481,0.3127668992,0.3167321167,525.4483907,1658.967825,0.526192664,0.4488902208,884.0036754,1969.309275,0.9000130734,0.6956708512,1512.021963,2173.473217,0.5796575455,0.007965959033,0.007965959033,4.602906658,5,0.7827459746,0.191915836,2.084337457,2,0.5202312387,0.1524410604,2.135491835,2,0.5317238008,0.2562881605,0.2070707002,507445.8447,811.614854,1,1,276.3887673,3,1,13.79550286,24,1,2129.347774,0,0,1,119,0.3705075954,44.09040385,1403.230795,1351594,24,0.02135620484,519.9076677,Official 311 files provide ward/FSA but no coordinates; CT count is an area-weighted ward-to-CT allocation using the existing municipal ward-to-CT crosswalk.,0.2070707002,0.2562881605,0.639,"Census Profile characteristic 1491: percent of tenant households in subsidized housing, converted to a 0-1 share. Denominator is tenant households, not all households."
5350287.04,5350287.04,2021S05075350287.04,287.04,2021,4551,3505,3080,0.59,0.1835164835,0.3846153846,0.1967032967,41.6,2.3,0.5581395349,0.1431718062,0.077,0.4866828087,0.5157384988,0.9239013934,0.7075365579,0.3220338983,0.7601010101,0.2247474747,0.0025252525,7662.9,0.4264550265,0.0603174603,0.1248677249,0.8787446505,0.3583509514,0.9703296703,0.3549450549,0.3358778626,0.1758241758,0.4781141077,0.4707339845,1472.591452,3128.287951,0.6392400321,0.4612186162,1968.859299,4268.820099,0.8424224898,0.737072137,2594.661269,3520.227042,0.6532588765,0.2083897386,0.2083897386,3.661437049,4,0.7268831918,0.1388746653,2.101272222,2,0.5240978349,0.02462128,2.146834715,2,0.5341979552,0.2562745805,0.2070909104,622454.1817,293.9038264,1,1,285.2641401,3,1,44.89305086,19,1,2752.989399,0,0,0,0,0,0,1721.261265,1351594,24,0.02619640923,378.2160546,Official 311 files provide ward/FSA but no coordinates; CT count is an area-weighted ward-to-CT allocation using the existing municipal ward-to-CT crosswalk.,0.2070909104,0.2562745805,0.363,"Census Profile characteristic 1491: percent of tenant households in subsidized housing, converted to a 0-1 share. Denominator is tenant households, not all households."
5350288.00,5350288.00,2021S05075350288.00,288,2021,11027,8940,6855,2.63,0.2702947846,0.4117913832,0.1206349206,37.6,2.4,0.5095785441,0.107419208,0.123,0.4989154013,0.5010845987,0.7792088316,0.5816080886,0.3947939262,0.7537960954,0.2429501085,0,4191.7,0.4622040073,0.0942622951,0.2026411658,0.7667785235,0.523441056,0.9827036868,0.3827947201,0.3446969697,0.135600907,0.4022483667,0.3588994605,2757.412554,7682.96656,0.5039493311,0.4054794773,3454.572665,8519.722596,0.768644038,0.6122250121,5269.05488,8606.402509,0.5582805786,0.2229924368,0.2229924368,3.517339895,4,0.7156942377,0.1784306407,2.313662827,3,0.5677849043,0.1146287792,2.077339403,2,0.5186150137,0.2331375595,0.2059808264,2756827.29,2000.265561,0,0,253.9981284,2,1,238.8032015,21,1,3049.430136,0,0,13,18,1.178924458,1.632356942,3698.891321,1351594,24,0.07442498337,335.4394959,Official 311 files provide ward/FSA but no coordinates; CT count is an area-weighted ward-to-CT allocation using the existing municipal ward-to-CT crosswalk.,0.2059808264,0.2331375595,0.102,"Census Profile characteristic 1491: percent of tenant households in subsidized housing, converted to a 0-1 share. Denominator is tenant households, not all households."
5350289.00,5350289.00,2021S05075350289.00,289,2021,4885,4060,3100,1.3,0.2364380757,0.4114636643,0.1699078813,42,2.7,0.3224043716,0.0843621399,0.145,0.3846153846,0.6181318681,0.9020833333,0.6713513514,0.1153846154,0.4273972603,0.5397260274,0.0328767123,3752.8,0.4876796715,0.0841889117,0.1991786448,0.763546798,0.430626927,0.9496402878,0.5149023638,0.2968299712,0.1248720573,0.3415535133,0.3034306053,1058.815891,3489.482843,0.3474205623,0.4602408856,1077.003743,2340.087065,0.6070146484,0.6406764383,1881.74541,2937.122856,0.4319962413,0.1898951951,0.1898951951,4.262282693,4,0.7653839334,0.1185220377,2.404875136,3,0.5841779953,0.1307893934,2.079489688,2,0.5191127873,0.02891679183,0.181512051,1364463.066,1361.834322,0,0,133.651242,1,1,98.21985178,12,1,1794.647022,0,0,1,3,0.2047082907,0.6141248721,1830.952816,1351594,24,0.03683825756,374.8112213,Official 311 files provide ward/FSA but no coordinates; CT count is an area-weighted ward-to-CT allocation using the existing municipal ward-to-CT crosswalk.,0.181512051,0.02891679183,0,"Census Profile characteristic 1491: percent of tenant households in subsidized housing, converted to a 0-1 share. Denominator is tenant households, not all households."
5350290.01,5350290.01,2021S05075350290.01,290.01,2021,3748,3065,2255,0.94,0.220293725,0.4392523364,0.1535380507,42.4,2.6,0.1913875598,0.1255006676,0.169,0.7167832168,0.2797202797,0.9138888889,0.7217391304,0.0454545455,0.76816609,0.1522491349,0.0795847751,3970.3,0.5972413793,0.1117241379,0.2372413793,0.735725938,0.703038674,0.9453333333,0.492,0.3605442177,0.1255006676,0.2705513365,0.2828284081,610.0932639,2157.114513,0.382396174,0.3857439231,862.3033725,2235.429571,0.7036086007,0.6759505223,1586.637395,2347.268539,0.4521853704,0.0698963323,0.0698963323,4.361656223,3,0.7707292944,0.1318905013,2.534839807,3,0.6054977529,0.05436079924,2.095031747,2,0.5226802642,0.2957032342,0.2292306838,989428.9721,1291.618441,0,0,842.0846771,2,1,109.3115145,16,1,2376.359503,0,0,4,5,1.067235859,1.334044824,1328.066071,1351594,24,0.02672378181,354.3399336,Official 311 files provide ward/FSA but no coordinates; CT count is an area-weighted ward-to-CT allocation using the existing municipal ward-to-CT crosswalk.,0.2292306838,0.2957032342,0.039,"Census Profile characteristic 1491: percent of tenant households in subsidized housing, converted to a 0-1 share. Denominator is tenant households, not all households."
5350290.02,5350290.02,2021S05075350290.02,290.02,2021,1652,1395,1125,0.35,0.2878787879,0.4424242424,0.1121212121,38,2.2,0.3616071429,0.103030303,0.146,0.3096774194,0.6838709677,0.8231707317,0.5158227848,0.864516129,0.8421052632,0.1184210526,0,4771.8,0.5060240964,0.0662650602,0.1837349398,0.8064516129,0.5675675676,0.9637462236,0.4682779456,0.2923076923,0.1060606061,0.2056929473,0.2753271367,231.4045657,840.4713334,0.4492747458,0.3741883586,505.434089,1350.747765,0.5650068081,0.6015172604,635.6326592,1056.715577,0.4066581671,0.03547518078,0.03547518078,4.506327313,4,0.7780897989,0.06269446065,2.547564723,3,0.6074682653,0.1066298011,2.112730136,2,0.5266787827,0.1932996025,0.2396280879,362845.5124,513.4918479,1,1,1215.219353,0,0,183.3759667,14,1,1450.138999,0,0,4,1,2.421307506,0.6053268765,486.9883837,1351594,24,0.009799549672,294.7871572,Official 311 files provide ward/FSA but no coordinates; CT count is an area-weighted ward-to-CT allocation using the existing municipal ward-to-CT crosswalk.,0.2396280879,0.1932996025,0,"Census Profile characteristic 1491: percent of tenant households in subsidized housing, converted to a 0-1 share. Denominator is tenant households, not all households."
5350291.02,5350291.02,2021S05075350291.02,291.02,2021,4881,4050,3355,1.15,0.2038934426,0.4067622951,0.2079918033,45.2,2.5,0.1948998179,0.1435897436,0.164,0.5,0.5,0.954045954,0.7445482866,0.0233160622,0.4611398964,0.4170984456,0.1191709845,4257.7,0.5416666667,0.0654761905,0.1775793651,0.8283950617,0.5510406343,0.9385245902,0.4795081967,0.2708933718,0.1331967213,0.3277223961,0.3317650791,1099.508639,3314.118056,0.4246047745,0.39116408,1424.549018,3641.819612,0.6266904275,0.6370988954,2102.546384,3300.1884,0.4596725327,0.2278070763,0.2278070763,3.984996225,4,0.7490587335,0.0796513361,2.478673094,3,0.596558335,0.05599257038,2.105868448,2,0.5251365293,0.3585627255,0.2149718232,1201992.883,1161.392587,1,1,606.1033227,3,1,301.7306275,20,1,2873.498261,0,0,3,0,0.61462815,0,1611.395409,1351594,24,0.03243549535,330.1363263,Official 311 files provide ward/FSA but no coordinates; CT count is an area-weighted ward-to-CT allocation using the existing municipal ward-to-CT crosswalk.,0.2149718232,0.3585627255,0.356,"Census Profile characteristic 1491: percent of tenant households in subsidized housing, converted to a 0-1 share. Denominator is tenant households, not all households."
5350291.03,5350291.03,2021S05075350291.03,291.03,2021,2721,2290,1760,0.42,0.2587155963,0.3963302752,0.176146789,41.2,2.5,0.3061889251,0.1360294118,0.153,0.5357142857,0.46875,0.8832391714,0.6200787402,0.2276785714,0.6318181818,0.3363636364,0.0272727273,6518.9,0.5634328358,0.125,0.2220149254,0.768558952,0.4776119403,0.9485294118,0.5055147059,0.2487309645,0.1100917431,0.3102681107,0.2833060814,546.0718748,1927.497893,0.365959643,0.3862766662,644.0889716,1667.429146,0.5557690521,0.5916490629,978.1535317,1653.266426,0.4106656019,0.1426311839,0.1426311839,4.281880327,3,0.766457742,0.02324570027,2.445778331,3,0.5911322022,0.09460115646,2.138330015,2,0.5323453383,0.2062436551,0.3066520374,437658.1684,448.4853177,1,1,462.2484961,1,1,419.3967331,15,1,2338.645329,0,0,0,0,0,0,586.7259058,1351594,24,0.01181010277,215.6287783,Official 311 files provide ward/FSA but no coordinates; CT count is an area-weighted ward-to-CT allocation using the existing municipal ward-to-CT crosswalk.,0.3066520374,0.2062436551,0,"Census Profile characteristic 1491: percent of tenant households in subsidized housing, converted to a 0-1 share. Denominator is tenant households, not all households."
5350291.04,5350291.04,2021S05075350291.04,291.04,2021,1572,1325,935,0.51,0.2285714286,0.4285714286,0.1714285714,43.2,2.4,0.3099415205,0.1337579618,0.15,0.5967741935,0.4032258065,0.9198606272,0.6642857143,0.2419354839,0.6615384615,0.2923076923,0.0615384615,3063.7,0.6219931271,0.1374570447,0.2439862543,0.7056603774,0.5965517241,0.9428571429,0.5142857143,0.3333333333,0.1174603175,0.2182274009,0.273183944,204.0426199,746.9056082,0.5491009479,0.3732242378,513.4093863,1375.605693,0.6235339036,0.6204805507,583.0041998,939.6010869,0.4636207508,0.04929540644,0.04929540644,4.47440848,4,0.7765067708,0.03325467687,2.567145538,3,0.6104622877,0.1056890654,2.120480954,2,0.5284088744,0.2055619666,0.3067066515,537749.091,304.6445021,1,1,1108.942908,2,1,129.3164574,15,1,2010.072641,0,0,1,7,0.6361323155,4.452926209,720.9081088,1351594,24,0.01451103278,458.5929445,Official 311 files provide ward/FSA but no coordinates; CT count is an area-weighted ward-to-CT allocation using the existing municipal ward-to-CT crosswalk.,0.3067066515,0.2055619666,0,"Census Profile characteristic 1491: percent of tenant households in subsidized housing, converted to a 0-1 share. Denominator is tenant households, not all households."
5350292.00,5350292.00,2021S05075350292.00,292,2021,8580,6495,4590,3.73,0.2389277389,0.4085081585,0.1002331002,36,3.1,0.2288135593,0.1412726211,0.174,0.517921147,0.482078853,0.9096812279,0.6154328733,0.0716845878,0.5537634409,0.1827956989,0.1308243728,2297.5,0.5143023935,0.0899007589,0.2802101576,0.7066974596,0.8131932283,0.9516317016,0.4085081585,0.2908242613,0.1724941725,0.2521211169,0.2378900368,1157.235927,4864.583412,0.3827388846,0.3281683813,1756.77148,5353.262473,0.5732188258,0.5204115956,2631.07441,5055.756698,0.4026929425,0.03672365959,0.03672365959,4.856850826,4,0.7941052678,0.05358121126,3.145184676,3,0.6820536461,0.2096917211,2.184200156,2,0.542166501,0.2301834408,0.2651931638,3916352.387,938.876365,1,1,372.7414658,3,1,138.1842778,17,1,4565.356736,0,0,7,6,0.8158508159,0.6993006993,4404.858746,1351594,24,0.1217257907,513.3868002,Official 311 files provide ward/FSA but no coordinates; CT count is an area-weighted ward-to-CT allocation using the existing municipal ward-to-CT crosswalk.,0.2651931638,0.2301834408,0.079,"Census Profile characteristic 1491: percent of tenant households in subsidized housing, converted to a 0-1 share. Denominator is tenant households, not all households."
5350293.00,5350293.00,2021S05075350293.00,293,2021,6808,5495,4760,2.01,0.234948605,0.4118942731,0.1439060206,40,2.9,0.3227040816,0.0903747245,0.141,0.2145922747,0.7854077253,0.9190794358,0.6979813665,0.2360515021,0.3935483871,0.3784946237,0.1591397849,3389.8,0.5080882353,0.0573529412,0.1286764706,0.8662420382,0.6102941176,0.9537444934,0.4500734214,0.1855010661,0.1424375918,0.2721954315,0.3067786188,1295.650254,4223.404678,0.3689764286,0.398563318,1756.3278,4406.646876,0.5487841891,0.5571347178,2612.21274,4688.655467,0.3966520164,0.1613587339,0.1613587339,4.652454595,5,0.7850596971,0.03551689398,2.989095376,3,0.6654506216,0.1027712925,2.268846481,3,0.5592473935,0.1092714301,0.08587399745,2162321.592,1855.764557,0,0,1199.085527,1,1,210.031401,17,1,3965.634006,0,0,6,22,0.8813160987,3.231492362,2428.551871,1351594,24,0.06709656051,356.7203101,Official 311 files provide ward/FSA but no coordinates; CT count is an area-weighted ward-to-CT allocation using the existing municipal ward-to-CT crosswalk.,0.08587399745,0.1092714301,0.18,"Census Profile characteristic 1491: percent of tenant households in subsidized housing, converted to a 0-1 share. Denominator is tenant households, not all households."
5350294.01,5350294.01,2021S05075350294.01,294.01,2021,4177,3350,2690,0.86,0.2215568862,0.3928143713,0.1724550898,40.8,2.7,0.1763341067,0.1305389222,0.159,0.6026490066,0.3973509934,0.944645006,0.7884130982,0.0132450331,0.5588235294,0.408496732,0.0032679739,4846.8,0.5023866348,0.0632458234,0.1527446301,0.8029850746,0.6105137395,0.9425837321,0.4688995215,0.2482014388,0.1520958084,0.3002015898,0.2903059157,807.5422766,2781.694181,0.4298173654,0.3858280517,1156.208713,2996.694273,0.7321683708,0.6593423096,1969.532917,2987.117448,0.4873957753,0.1428782075,0.1428782075,4.369432661,3,0.7711373357,0.04270984866,2.573792274,3,0.6114682564,0.00656873698,2.141533349,2,0.5330448623,0.08877333397,0.1623918491,903050.5196,1129.61389,1,1,786.2384503,3,1,8.174720227,16,1,3522.982191,0,0,0,1,0,0.2394062724,1210.632343,1351594,24,0.02436860595,289.8329766,Official 311 files provide ward/FSA but no coordinates; CT count is an area-weighted ward-to-CT allocation using the existing municipal ward-to-CT crosswalk.,0.1623918491,0.08877333397,0.066,"Census Profile characteristic 1491: percent of tenant households in subsidized housing, converted to a 0-1 share. Denominator is tenant households, not all households."
5350294.02,5350294.02,2021S05075350294.02,294.02,2021,4449,3675,3075,1.02,0.2303370787,0.395505618,0.1853932584,43.2,3.2,0.1965065502,0.0742407199,0.158,0.176056338,0.823943662,0.9389400922,0.7883472057,0.1690140845,0.1985559567,0.0144404332,0.714801444,4362.2,0.5735461802,0.0399087799,0.1402508552,0.8367346939,0.6605922551,0.9157303371,0.5168539326,0.2709677419,0.1348314607,0.3325220921,0.3312373686,1022.505433,3086.926568,0.4685171267,0.4247590738,1440.690165,3391.781962,0.7798348187,0.7384400564,2397.992067,3247.375392,0.5269580125,0.03462750307,0.03462750307,5.156431514,3,0.806067433,0.07010833407,2.588480352,3,0.6136729416,0.01216655361,2.094913901,2,0.5226534134,0.08916629217,0.1628908842,1069011.394,609.6901187,1,1,42.07062585,3,1,64.90444178,18,1,3916.623892,0,0,2,0,0.4495392223,0,1433.115248,1351594,24,0.02884711127,322.1207569,Official 311 files provide ward/FSA but no coordinates; CT count is an area-weighted ward-to-CT allocation using the existing municipal ward-to-CT crosswalk.,0.1628908842,0.08916629217,0.327,"Census Profile characteristic 1491: percent of tenant households in subsidized housing, converted to a 0-1 share. Denominator is tenant households, not all households."
5350295.00,5350295.00,2021S05075350295.00,295,2021,5481,4410,3550,1.09,0.2208029197,0.4105839416,0.1587591241,40.8,2.8,0.2784810127,0.101369863,0.156,0.5659898477,0.4340101523,0.9425393883,0.7408477842,0.076142132,0.5435897436,0.2769230769,0.041025641,5049.8,0.5558608059,0.0805860806,0.1877289377,0.8049886621,0.6395242452,0.9442922374,0.5114155251,0.2881355932,0.1405109489,0.2819863827,0.3039993989,1001.051659,3292.939598,0.3812776835,0.3796311796,1353.535776,3565.396756,0.6369928504,0.6126365241,2261.324619,3691.13582,0.4334189722,0.09832057916,0.09832057916,4.572893297,4,0.7813200669,0.1088103343,2.519709926,3,0.6031289198,0.06273009684,2.121015152,2,0.5285276492,0.1098917663,0.1709572875,1138043.629,1237.045334,0,0,1019.510261,3,1,56.10730391,18,1,3184.246535,0,0,2,0,0.3648969166,0,1525.664839,1351594,24,0.03070983975,278.3551977,Official 311 files provide ward/FSA but no coordinates; CT count is an area-weighted ward-to-CT allocation using the existing municipal ward-to-CT crosswalk.,0.1709572875,0.1098917663,0.027,"Census Profile characteristic 1491: percent of tenant households in subsidized housing, converted to a 0-1 share. Denominator is tenant households, not all households."
5350296.00,5350296.00,2021S05075350296.00,296,2021,1744,1370,1045,4.65,0.3638968481,0.3868194842,0.0401146132,32,2.7,0.5637860082,0.1005747126,0.106,0.4285714286,0.5789473684,0.6850828729,0.1117647059,0.4661654135,0.4769230769,0.2615384615,0.1538461538,375.3,0.4673913043,0.1413043478,0.2608695652,0.7627737226,0.7010869565,0.9770773639,0.452722063,0.2258064516,0.1404011461,0.2417323429,0.286530932,252.6102983,881.6161543,0.3832673101,0.4365000228,400.5143391,917.5585753,0.8591799654,0.5643981685,897.8430638,1590.797267,0.4947265395,0.0835152117,0.0835152117,4.234999605,4,0.7638724691,0.09353929656,2.417304262,2,0.5863160398,0.007369689509,2.102465673,2,0.5243679776,0.1461280896,0.2215509269,4869556.086,1913.640152,0,0,1318.122933,0,0,468.2805689,15,1,3191.017727,0,0,10,15,5.733944954,8.600917431,6528.142079,1351594,24,0.1314038261,3743.200733,Official 311 files provide ward/FSA but no coordinates; CT count is an area-weighted ward-to-CT allocation using the existing municipal ward-to-CT crosswalk.,0.2215509269,0.1461280896,0.143,"Census Profile characteristic 1491: percent of tenant households in subsidized housing, converted to a 0-1 share. Denominator is tenant households, not all households."
5350297.01,5350297.01,2021S05075350297.01,297.01,2021,7239,6110,4775,1.13,0.2189226519,0.4157458564,0.1995856354,43.6,2.4,0.5036585366,0.1297335203,0.122,0.5247863248,0.4752136752,0.9074858757,0.6746900073,0.3111111111,0.7811965812,0.1965811966,0.011965812,6385.3,0.5610098177,0.0890603086,0.1886395512,0.7815057283,0.4403927069,0.9488078541,0.538569425,0.2845188285,0.1153314917,0.3178522987,0.3174787455,1517.744726,4780.61838,0.5511467807,0.4036471242,2631.725878,6519.867776,0.6941311963,0.5828567718,3314.476463,5686.605394,0.5210434253,0.1470110741,0.1470110741,4.527286657,5,0.7791171455,0.1923187733,2.336899689,3,0.5720826166,0.1422447512,2.080984354,2,0.5194581844,0.160895432,0.1542442346,1192593.95,1989.453678,0,0,913.3029626,2,1,684.355751,24,1,3414.883904,0,0,3,0,0.4144218815,0,1599.531035,1351594,24,0.03220681754,220.9602204,Official 311 files provide ward/FSA but no coordinates; CT count is an area-weighted ward-to-CT allocation using the existing municipal ward-to-CT crosswalk.,0.1542442346,0.160895432,0.208,"Census Profile characteristic 1491: percent of tenant households in subsidized housing, converted to a 0-1 share. Denominator is tenant households, not all households."
5350297.02,5350297.02,2021S05075350297.02,297.02,2021,6646,5305,4505,1.51,0.2024078254,0.3995485327,0.1828442438,42,2.6,0.5140449438,0.1024868124,0.119,0.3772102161,0.6247544204,0.8917682927,0.6457505957,0.2711198428,0.5058823529,0.4921568627,0,4402.5,0.4626978146,0.0776186888,0.13639789,0.849198869,0.3629518072,0.9713855422,0.4081325301,0.2110552764,0.1519939804,0.3890135045,0.3615378736,1752.505838,4847.364455,0.4915390394,0.4122792767,2214.383372,5371.076107,0.7059425951,0.6393223908,3180.271391,4974.440809,0.528831713,0.3433657834,0.3433657834,3.04245302,4,0.67131785,0.2758356029,2.171119843,2,0.5394081984,0.2215767919,1.981405752,2,0.4953078142,0.142882507,0.205774999,1581610.123,2368.564356,0,0,1051.974234,2,1,272.6717613,17,1,3754.914059,0,0,5,52,0.7523322299,7.824255191,2120.311465,1351594,24,0.04267937731,319.0357305,Official 311 files provide ward/FSA but no coordinates; CT count is an area-weighted ward-to-CT allocation using the existing municipal ward-to-CT crosswalk.,0.205774999,0.142882507,0.104,"Census Profile characteristic 1491: percent of tenant households in subsidized housing, converted to a 0-1 share. Denominator is tenant households, not all households."
5350298.00,5350298.00,2021S05075350298.00,298,2021,4561,3460,3005,2.26,0.1853070175,0.4353070175,0.1260964912,40.8,3,0.6147540984,0.0788608981,0.108,0.4677419355,0.5290322581,0.9423503326,0.7768786127,0.0129032258,0.4673202614,0.5261437908,0,2016.5,0.3693495039,0.0683572216,0.1378169791,0.8684971098,0.2723263506,0.985745614,0.3004385965,0.2250922509,0.1864035088,0.4260608818,0.4397994488,1280.31295,2911.129046,0.4926961331,0.4684825,1480.55188,3160.314163,0.6917745869,0.6422683948,2078.782634,3236.626075,0.5368438673,0.4581450345,0.4581450345,2.517471895,4,0.6027761018,0.4107759205,1.925070588,2,0.4805385286,0.2779444115,1.908267788,2,0.4759645336,0.07195371318,0.09503843878,2380218.48,1110.258326,1,1,907.5449677,3,1,0,24,1,3088.14517,0,0,1,1,0.2192501644,0.2192501644,3197.730204,1351594,24,0.06435836645,701.1028732,Official 311 files provide ward/FSA but no coordinates; CT count is an area-weighted ward-to-CT allocation using the existing municipal ward-to-CT crosswalk.,0.09503843878,0.07195371318,0.041,"Census Profile characteristic 1491: percent of tenant households in subsidized housing, converted to a 0-1 share. Denominator is tenant households, not all households."
5350299.01,5350299.01,2021S05075350299.01,299.01,2021,6289,5085,4040,2.88,0.2162162162,0.4236883943,0.1573926868,41.6,2.8,0.6589041096,0.0826645265,0.12,0.3624161074,0.6353467562,0.8792965627,0.6589211618,0,0.2796420582,0.7046979866,0.0134228188,2181.8,0.4106012658,0.0735759494,0.1598101266,0.7944936087,0.4577075099,0.9705882353,0.4292527822,0.2664670659,0.1494435612,0.4235962991,0.3910874901,1711.329048,4375.821502,0.4113473109,0.4022590259,1661.843136,4131.276191,0.6511118607,0.6782797865,2630.491917,3878.181201,0.4953518236,0.2024252057,0.2024252057,3.328344527,4,0.6995503345,0.008293095544,2.393959753,3,0.5822820334,0.1049371783,2.063462406,2,0.5153776502,0.2329503814,0.1965294357,3034119.022,1227.97101,0,0,1089.080321,2,1,139.9061264,27,1,1693.337622,0,0,2,46,0.3180155828,7.314358404,6085.621586,1351594,24,0.1464478283,967.6612475,Official 311 files provide ward/FSA but no coordinates; CT count is an area-weighted ward-to-CT allocation using the existing municipal ward-to-CT crosswalk.,0.1965294357,0.2329503814,0.037,"Census Profile characteristic 1491: percent of tenant households in subsidized housing, converted to a 0-1 share. Denominator is tenant households, not all households."
5350299.02,5350299.02,2021S05075350299.02,299.02,2021,5130,4625,2915,0.16,0.3645224172,0.3499025341,0.179337232,36.8,1.8,0.7083993661,0.1943359375,0.115,0.4720720721,0.5261261261,0.765936255,0.4288659794,0.9063063063,0.9964157706,0,0,32203.4,0.5731225296,0.1492094862,0.347826087,0.6302702703,0.6894164194,0.9619883041,0.6091617934,0.34375,0.0565302144,0.4143688745,0.3473576237,1207.885269,3477.353559,0.6303742538,0.4408275313,1837.54095,4168.389721,0.9617193486,0.7194666575,2803.411901,3896.513997,0.6688208256,0.0186944506,0.0186944506,3.768011444,4,0.7346080248,0.02104146169,2.395621381,3,0.5825717669,0.1618009984,2.04999276,2,0.5121933993,0.3143127522,0.2654908486,166943.024,554.2725395,1,1,466.2410671,2,1,207.419636,43,1,1073.734263,1,1,1,8,0.1949317739,1.559454191,335.1292645,1351594,24,0.008066462825,65.32734201,Official 311 files provide ward/FSA but no coordinates; CT count is an area-weighted ward-to-CT allocation using the existing municipal ward-to-CT crosswalk.,0.2654908486,0.3143127522,0,"Census Profile characteristic 1491: percent of tenant households in subsidized housing, converted to a 0-1 share. Denominator is tenant households, not all households."
5350300.01,5350300.01,2021S05075350300.01,300.01,2021,3850,3510,1945,0.12,0.474025974,0.3441558442,0.0818181818,32.8,1.8,0.7578947368,0.2691807542,0.109,0.5125858124,0.4874141876,0.6803594352,0.3267195767,0.9725400458,0.9719626168,0.0163551402,0,31870.9,0.596692112,0.1743002545,0.451653944,0.5541310541,0.8513341804,0.9531859558,0.7256176853,0.3432835821,0.0506493506,0.2593736964,0.2448268373,504.4818396,2060.565929,0.4453171744,0.3837072365,866.1419042,2257.298851,0.6881878366,0.6361627849,1338.525342,2104.061058,0.4642929025,0.2033968074,0.2033968074,3.685886907,3,0.7286948772,0.103387274,2.367191304,3,0.5775584346,0.164316918,2.031507095,2,0.5077546111,0.2406491532,0.2582494825,126245.3697,1022.786207,1,1,682.7653988,2,1,278.9570021,38,1,1512.286595,0,0,2,1,0.5194805195,0.2597402597,253.3169654,1351594,24,0.006097264848,65.79661438,Official 311 files provide ward/FSA but no coordinates; CT count is an area-weighted ward-to-CT allocation using the existing municipal ward-to-CT crosswalk.,0.2582494825,0.2406491532,0,"Census Profile characteristic 1491: percent of tenant households in subsidized housing, converted to a 0-1 share. Denominator is tenant households, not all households."
5350300.02,5350300.02,2021S05075350300.02,300.02,2021,7505,6560,4430,0.21,0.3584277149,0.4203864091,0.0872751499,35.6,1.9,0.7306273063,0.1746666667,0.123,0.4200260078,0.5812743823,0.7467665078,0.375,0.9960988296,0.9447300771,0,0,36379.1,0.5940860215,0.1700268817,0.310483871,0.675304878,0.7271505376,0.9680213191,0.580946036,0.2708860759,0.0739506995,0.3689781537,0.3614277038,1634.573221,4522.545459,0.5245699903,0.4036557459,2323.845057,5756.997344,0.8362204457,0.727144562,3704.456574,5094.525584,0.5765895299,0.05355812635,0.05355812635,3.877686986,4,0.7421143059,0.09710116041,2.399759244,3,0.5832915311,0.1398744324,2.064793249,2,0.5156900088,0.2406905534,0.2583041291,216312.2767,1439.940716,0,0,604.9011889,1,1,32.59239752,32,1,1931.148128,0,0,0,72,0,9.593604264,433.782748,1351594,24,0.0104340137,57.79916696,Official 311 files provide ward/FSA but no coordinates; CT count is an area-weighted ward-to-CT allocation using the existing municipal ward-to-CT crosswalk.,0.2583041291,0.2406905534,0.028,"Census Profile characteristic 1491: percent of tenant households in subsidized housing, converted to a 0-1 share. Denominator is tenant households, not all households."
5350300.03,5350300.03,2021S05075350300.03,300.03,2021,2448,1960,1620,0.71,0.2065439673,0.4233128834,0.1676891616,42.4,2.5,0.6640926641,0.0918367347,0.089,0.2538860104,0.7461139896,0.9248434238,0.670235546,0.3834196891,0.381443299,0.4639175258,0,3465,0.4844720497,0.0579710145,0.1594202899,0.8265306122,0.5785123967,0.963190184,0.4989775051,0.2719298246,0.1615541922,0.2919630671,0.3769450984,472.9801687,1254.772036,0.3045581764,0.3889135652,493.3842457,1268.621848,0.6033814774,0.6791379728,977.4779934,1439.29221,0.3999675736,0.02823749801,0.02823749801,3.670976898,4,0.7275929466,0.04579674884,2.377842865,3,0.5794507641,0.1269200078,2.031477001,2,0.507747319,0.2245304104,0.2116945381,740468.9033,1534.301042,0,0,376.9624316,1,1,62.4383963,22,1,1840.838117,0,0,0,17,0,6.944444444,1484.035742,1351594,24,0.03570869316,606.2237507,Official 311 files provide ward/FSA but no coordinates; CT count is an area-weighted ward-to-CT allocation using the existing municipal ward-to-CT crosswalk.,0.2116945381,0.2245304104,0,"Census Profile characteristic 1491: percent of tenant households in subsidized housing, converted to a 0-1 share. Denominator is tenant households, not all households."
5350301.01,5350301.01,2021S05075350301.01,301.01,2021,2863,2305,1830,0.9,0.201048951,0.4108391608,0.1835664336,42,2.7,0.568627451,0.0963222417,0.145,0.4549763033,0.5402843602,0.917562724,0.6925925926,0.0947867299,0.3714285714,0.4714285714,0,3188.9,0.5176678445,0.0848056537,0.1925795053,0.7939262473,0.6307420495,0.9685314685,0.4440559441,0.21875,0.1451048951,0.4422374731,0.4195889504,809.2945758,1928.779523,0.4500052388,0.5095346616,823.509587,1616.199346,0.7715794006,0.7429717343,1411.990303,1900.463016,0.5546073708,0.1970579568,0.1970579568,3.334795316,4,0.7001315207,0.08046979849,2.811897849,4,0.6443683043,0.1617900342,2.114946896,2,0.5271748894,0.161302901,0.1205944481,945022.0067,1140.927504,1,1,853.3919536,1,1,261.2646922,27,1,563.2087775,2,1,1,7,0.3492839679,2.444987775,1384.508914,1351594,24,0.03694005636,483.5867671,Official 311 files provide ward/FSA but no coordinates; CT count is an area-weighted ward-to-CT allocation using the existing municipal ward-to-CT crosswalk.,0.1205944481,0.161302901,0.052,"Census Profile characteristic 1491: percent of tenant households in subsidized housing, converted to a 0-1 share. Denominator is tenant households, not all households."
5350301.03,5350301.03,2021S05075350301.03,301.03,2021,8324,6875,3245,0.27,0.4258258258,0.3219219219,0.0732732733,31.6,2.4,0.6471680594,0.188214071,0.129,0.6771428571,0.3228571429,0.7630473905,0.3291298865,0.6642857143,1,0,0,30424,0.5837292162,0.2054631829,0.5035629454,0.472,0.889483066,0.9561561562,0.639039039,0.4468937876,0.1165165165,0.303767093,0.2644371612,985.7242168,3727.631216,0.482607827,0.3738832806,1566.062399,4188.639824,0.7108752498,0.5640840165,2306.790186,4089.444335,0.4990833899,0.1560557354,0.1560557354,4.253946223,4,0.7649241557,0.0687133957,2.858704251,4,0.6501911663,0.09289375975,2.212659589,2,0.5480551978,0.2941539008,0.2066075702,286773.6302,804.4333544,1,1,34.49923926,1,1,6.03939958,14,1,507.6820477,1,1,0,4,0,0.4805382028,420.2026256,1351594,24,0.01120869123,50.48085362,Official 311 files provide ward/FSA but no coordinates; CT count is an area-weighted ward-to-CT allocation using the existing municipal ward-to-CT crosswalk.,0.2066075702,0.2941539008,0.021,"Census Profile characteristic 1491: percent of tenant households in subsidized housing, converted to a 0-1 share. Denominator is tenant households, not all households."
5350301.04,5350301.04,2021S05075350301.04,301.04,2021,8766,7460,4120,1.43,0.4264538198,0.3358038769,0.0832383124,32.4,2.2,0.6652360515,0.1807159353,0.141,0.587863464,0.4134007585,0.6935294118,0.3034398034,0.7749683944,0.9318181818,0,0,6146.4,0.5681024447,0.1915017462,0.4324796275,0.5522788204,0.8358556461,0.9566704675,0.5923603193,0.3159922929,0.0969213227,0.3326168701,0.295657016,1370.381505,4635.038003,0.4405065446,0.3658282702,1814.886964,4961.035304,0.6856569407,0.6298994057,2824.906596,4484.69481,0.4862601185,0.124160315,0.124160315,4.267116756,3,0.7656497215,0.0739848817,2.835087103,4,0.647277151,0.1287728169,2.140384647,2,0.5327942567,0.2197070015,0.1777723429,1494063.119,1439.795323,0,0,896.7143523,3,1,392.3739699,17,1,1403.117975,0,0,4,28,0.4563084645,3.194159252,2189.366526,1351594,24,0.05845084103,249.7566194,Official 311 files provide ward/FSA but no coordinates; CT count is an area-weighted ward-to-CT allocation using the existing municipal ward-to-CT crosswalk.,0.1777723429,0.2197070015,0.043,"Census Profile characteristic 1491: percent of tenant households in subsidized housing, converted to a 0-1 share. Denominator is tenant households, not all households."
5350302.01,5350302.01,2021S05075350302.01,302.01,2021,6114,5225,4450,1.23,0.1978740801,0.3924775143,0.2510220769,48.4,2.6,0.5274725275,0.093289689,0.175,0.1495726496,0.8525641026,0.9093904448,0.7269653423,0.3504273504,0.3653846154,0.2307692308,0.3205128205,4974,0.562193126,0.0531914894,0.1448445172,0.8516746411,0.5711947627,0.9411283729,0.5731807032,0.1666666667,0.1087489779,0.3690883175,0.3879470859,1642.443013,4233.677923,0.4074682591,0.4099055649,1813.233753,4423.540221,0.6241627895,0.5825231729,2777.524413,4768.092571,0.4669064554,0.06255538185,0.06255538185,3.931805425,4,0.7456639147,0.1373131264,2.777816246,4,0.6400049855,0.1105201774,2.125378325,2,0.529495531,0.06668178038,0.08323227695,1287471.249,947.1394831,1,1,486.6921067,2,1,114.3283486,15,1,1550.580981,0,0,1,4,0.1635590448,0.6542361793,1886.561762,1351594,24,0.05032792963,308.5642398,Official 311 files provide ward/FSA but no coordinates; CT count is an area-weighted ward-to-CT allocation using the existing municipal ward-to-CT crosswalk.,0.08323227695,0.06668178038,0,"Census Profile characteristic 1491: percent of tenant households in subsidized housing, converted to a 0-1 share. Denominator is tenant households, not all households."
5350302.02,5350302.02,2021S05075350302.02,302.02,2021,5867,4925,3615,1.08,0.2412617221,0.3964194373,0.1926683717,42.8,2.9,0.4517184943,0.0981228669,0.157,0.4249363868,0.5750636132,0.9095744681,0.6690843155,0.1246819338,0.4974874372,0.2386934673,0.2261306533,5412.9,0.6325088339,0.1086572438,0.2340989399,0.7340101523,0.703180212,0.9232081911,0.6177474403,0.2457912458,0.1295822677,0.3567349255,0.3421222327,1289.596756,3769.403542,0.4012295814,0.3691199783,1450.444937,3929.467441,0.6059466485,0.5816327727,2190.497134,3766.117105,0.4546370518,0.03770450833,0.03770450833,4.475466171,4,0.7765595891,0.01786268724,3.027250503,3,0.6696672446,0.07221133147,2.104028134,2,0.5247211842,0.06396096821,0.08372238338,1135944.161,175.5875636,1,1,227.1838085,1,1,149.2153231,14,1,1980.667937,0,0,2,2,0.3408897222,0.3408897222,1664.510733,1351594,24,0.04440307045,283.7073007,Official 311 files provide ward/FSA but no coordinates; CT count is an area-weighted ward-to-CT allocation using the existing municipal ward-to-CT crosswalk.,0.08372238338,0.06396096821,0.024,"Census Profile characteristic 1491: percent of tenant households in subsidized housing, converted to a 0-1 share. Denominator is tenant households, not all households."
5350302.03,5350302.03,2021S05075350302.03,302.03,2021,3267,2810,1975,0.69,0.2679938744,0.3782542113,0.2098009188,42.8,2.9,0.5129533679,0.1153846154,0.175,0.2599118943,0.7400881057,0.8793604651,0.6716196137,0.0220264317,0.4570135747,0,0.5429864253,4708.2,0.6188405797,0.0797101449,0.3014492754,0.7028469751,0.7901591896,0.9082568807,0.6605504587,0.264573991,0.1102603369,0.3650746451,0.3350367553,721.0224241,2152.069624,0.4401160205,0.394852099,869.2291406,2201.404381,0.6425538346,0.6267862136,1269.043823,2024.683689,0.4825815001,0.008004173032,0.008004173032,4.634892281,4,0.7842452555,0.02908312859,3.267214282,4,0.69392886,0.05793975428,2.091965786,2,0.5219807099,0.08762301142,0.189699378,726799.5273,1138.199447,1,1,1169.241912,2,1,0,17,1,2800.57228,0,0,0,2,0,0.6121824304,1065.015031,1351594,24,0.02841297114,325.9917451,Official 311 files provide ward/FSA but no coordinates; CT count is an area-weighted ward-to-CT allocation using the existing municipal ward-to-CT crosswalk.,0.189699378,0.08762301142,0,"Census Profile characteristic 1491: percent of tenant households in subsidized housing, converted to a 0-1 share. Denominator is tenant households, not all households."
5350303.00,5350303.00,2021S05075350303.00,303,2021,6080,5030,3130,1.06,0.3248355263,0.3782894737,0.1184210526,35.2,2.7,0.4904371585,0.1636513158,0.184,0.7288888889,0.2711111111,0.855,0.5631487889,0.2422222222,0.7833698031,0.1575492341,0,5718,0.6298433636,0.1475680132,0.3487221764,0.6222664016,0.8268755153,0.9473251029,0.6222222222,0.414507772,0.1307565789,0.253544408,0.2554449671,793.593997,3106.712205,0.3873440753,0.3306092602,1212.386956,3667.129453,0.7057436919,0.5549259836,2208.977756,3980.670974,0.4488773917,0.0809834929,0.0809834929,4.536455227,4,0.7795635689,0.09803114886,2.99533872,4,0.6661479407,0.09007861997,2.192186746,2,0.5438344832,0.1874677888,0.2265873108,1113890.122,332.4259367,2,1,429.4463726,4,1,138.7559469,22,1,913.6181508,1,1,5,3,0.8223684211,0.4934210526,1632.161688,1351594,24,0.04353708257,268.4476461,Official 311 files provide ward/FSA but no coordinates; CT count is an area-weighted ward-to-CT allocation using the existing municipal ward-to-CT crosswalk.,0.2265873108,0.1874677888,0.055,"Census Profile characteristic 1491: percent of tenant households in subsidized housing, converted to a 0-1 share. Denominator is tenant households, not all households."
5350304.01,5350304.01,2021S05075350304.01,304.01,2021,4404,3445,2425,0.25,0.2602272727,0.4068181818,0.1034090909,36.4,2.8,0.4589178357,0.1454545455,0.177,0.8709677419,0.1258064516,0.9122807018,0.650617284,0.1,0.7579617834,0.0414012739,0.0063694268,17665.5,0.6335260116,0.1260115607,0.2670520231,0.7039187228,0.7505773672,0.9500567537,0.5868331442,0.2716981132,0.1590909091,0.2610451233,0.2556262097,633.0344241,2476.406566,0.4153898549,0.3180371702,1007.320398,3167.30399,0.6139433091,0.6090484929,1488.812525,2444.489301,0.4301260958,0.08714120474,0.08714120474,4.670302917,4,0.7858811264,0.1697252685,2.865489767,4,0.651019518,0.09244608397,2.220270922,2,0.5496045145,0.1704026593,0.1896423256,261182.7366,708.1618433,1,1,218.8684382,3,1,136.6777027,24,1,1026.936712,1,1,0,0,0,0,382.7048937,1351594,24,0.01020845831,86.89938549,Official 311 files provide ward/FSA but no coordinates; CT count is an area-weighted ward-to-CT allocation using the existing municipal ward-to-CT crosswalk.,0.1896423256,0.1704026593,0.059,"Census Profile characteristic 1491: percent of tenant households in subsidized housing, converted to a 0-1 share. Denominator is tenant households, not all households."
5350304.02,5350304.02,2021S05075350304.02,304.02,2021,4595,3930,3255,1.21,0.1664853101,0.3928182807,0.281828074,48.8,2.4,0.7178423237,0.0925507901,0.074,0.1643835616,0.8356164384,0.8883928571,0.6789413119,0.4054794521,0.3250688705,0.5179063361,0,3790.6,0.5853658537,0.0587583149,0.1419068736,0.8282442748,0.665559247,0.9548532731,0.5688487585,0.1769911504,0.1131664853,0.4035809282,0.3375164663,1313.655921,3892.123948,0.3913620107,0.3247802753,1273.883345,3922.292829,0.7518126292,0.6251366772,2447.150108,3914.584118,0.5155851894,0.02845753974,0.02845753974,3.850893462,4,0.7403200037,0.1486490281,2.810557616,3,0.6441987191,0.1353124203,2.125816396,2,0.5295924889,0.1703731672,0.1895194366,1269693.726,1080.407894,1,1,783.1553472,3,1,104.0868988,27,1,987.6297928,1,1,1,0,0.2176278564,0,1860.452221,1351594,24,0.04962661636,404.8862287,Official 311 files provide ward/FSA but no coordinates; CT count is an area-weighted ward-to-CT allocation using the existing municipal ward-to-CT crosswalk.,0.1895194366,0.1703731672,0,"Census Profile characteristic 1491: percent of tenant households in subsidized housing, converted to a 0-1 share. Denominator is tenant households, not all households."
5350304.03,5350304.03,2021S05075350304.03,304.03,2021,2484,2050,1670,0.98,0.2016129032,0.3991935484,0.2157258065,45.6,2.9,0.5353159851,0.0945674044,0.151,0.186746988,0.8192771084,0.9262295082,0.6814345992,0.3855421687,0.0411764706,0.3823529412,0,2523.6,0.6313645621,0.0488798371,0.1690427699,0.8146341463,0.7469387755,0.9597585513,0.5895372233,0.2394366197,0.1370967742,0.3257808528,0.3447848418,544.0540242,1577.952271,0.3670678144,0.3220240566,613.0032501,1903.594584,0.7184812245,0.5458768783,1199.863645,2198.048118,0.4704432972,0.06437258832,0.06437258832,3.732410111,4,0.7320766019,0.06496356455,2.913303072,4,0.6567470067,0.1367067722,2.133973918,2,0.5313907113,0.1214594111,0.197252421,1055380.408,1606.156788,0,0,1071.233748,1,1,60.49976117,25,1,1996.163323,0,0,1,1,0.4025764895,0.4025764895,1546.423979,1351594,24,0.0412500728,622.5539368,Official 311 files provide ward/FSA but no coordinates; CT count is an area-weighted ward-to-CT allocation using the existing municipal ward-to-CT crosswalk.,0.197252421,0.1214594111,0,"Census Profile characteristic 1491: percent of tenant households in subsidized housing, converted to a 0-1 share. Denominator is tenant households, not all households."
5350304.04,5350304.04,2021S05075350304.04,304.04,2021,3482,2805,1900,0.23,0.2668579627,0.4031563845,0.1219512195,37.2,2.6,0.5285714286,0.1637931034,0.169,0.8464419476,0.1535580524,0.8583941606,0.5823170732,0.1123595506,0.8377358491,0.0339622642,0.0037735849,14854.9,0.618705036,0.1366906475,0.309352518,0.6773618538,0.6786743516,0.9612625538,0.5853658537,0.3896103896,0.1420373027,0.2666702888,0.3186063903,506.6735488,1590.28056,0.3524798053,0.364400766,669.7116301,1837.84364,0.6415408944,0.694518789,1218.927699,1755.067996,0.4202303295,0.1121694755,0.1121694755,4.09996755,4,0.7560956306,0.1646979022,2.876439324,4,0.6523479596,0.1180706741,2.167330836,2,0.5386029749,0.1704340704,0.1895088799,245766.1069,441.7735792,1,1,597.0880535,3,1,190.2051255,19,1,278.1682075,1,1,0,2,0,0.5743825388,360.1152703,1351594,24,0.009605891603,103.4219616,Official 311 files provide ward/FSA but no coordinates; CT count is an area-weighted ward-to-CT allocation using the existing municipal ward-to-CT crosswalk.,0.1895088799,0.1704340704,0.022,"Census Profile characteristic 1491: percent of tenant households in subsidized housing, converted to a 0-1 share. Denominator is tenant households, not all households."
5350304.05,5350304.05,2021S05075350304.05,304.05,2021,2686,2355,1925,0.7,0.1769087523,0.3296089385,0.355679702,54,2.5,0.6140350877,0.1102803738,0.123,0.1441441441,0.8558558559,0.9104477612,0.7,0.4954954955,0.5093457944,0.4299065421,0.0607476636,3820.8,0.6424581006,0.0558659218,0.1824953445,0.8174097665,0.748603352,0.936329588,0.6011235955,0.2118644068,0.104283054,0.4526284243,0.429635437,871.3097168,2028.021066,0.501831039,0.4406954277,966.02475,2192.046228,0.8157183709,0.7472162934,1570.257864,2101.477013,0.5900592781,0.07995441423,0.07995441423,3.444036222,3,0.7096430074,0.08685574114,2.910750656,3,0.6564460106,0.1997139463,2.077458773,2,0.5186426739,0.1451672029,0.1412233793,736372.6371,1062.947102,1,1,500.510728,5,1,44.91667997,22,1,1861.719438,0,0,2,1,0.7446016381,0.3723008191,1078.989429,1351594,24,0.02878149401,401.7086481,Official 311 files provide ward/FSA but no coordinates; CT count is an area-weighted ward-to-CT allocation using the existing municipal ward-to-CT crosswalk.,0.1412233793,0.1451672029,0,"Census Profile characteristic 1491: percent of tenant households in subsidized housing, converted to a 0-1 share. Denominator is tenant households, not all households."
5350304.06,5350304.06,2021S05075350304.06,304.06,2021,5725,4775,3735,0.75,0.2052401747,0.4052401747,0.2209606987,44.4,2.6,0.6006493506,0.1243432574,0.151,0.2165898618,0.7834101382,0.9040492958,0.6782768103,0.569124424,0.5391705069,0.1152073733,0.1267281106,7644.5,0.6760070053,0.0945709282,0.2127845884,0.7821989529,0.7462817148,0.9291958042,0.6267482517,0.1943462898,0.1248908297,0.3206235718,0.3044948146,1197.529041,3932.838863,0.4490490122,0.4170079273,1677.19806,4021.98124,0.7171453087,0.6887351342,2678.537728,3889.067938,0.4956059642,0.03412075891,0.03412075891,3.887151574,3,0.742742216,0.06327626686,3.17557251,4,0.685096153,0.1270763228,2.212045096,2,0.5479296504,0.1223274576,0.2294322942,784461.0177,1218.744277,0,0,75.98332751,4,1,170.118653,34,1,1836.460337,0,0,1,0,0.1746724891,0,1149.452197,1351594,24,0.03066105249,200.7776763,Official 311 files provide ward/FSA but no coordinates; CT count is an area-weighted ward-to-CT allocation using the existing municipal ward-to-CT crosswalk.,0.2294322942,0.1223274576,0,"Census Profile characteristic 1491: percent of tenant households in subsidized housing, converted to a 0-1 share. Denominator is tenant households, not all households."
5350305.01,5350305.01,2021S05075350305.01,305.01,2021,4421,3765,3355,2.41,0.185520362,0.3914027149,0.2601809955,50,2.8,0.7046979866,0.1109852775,0.126,0.1261829653,0.8738170347,0.8890134529,0.7196796339,0.0757097792,0.075,0.859375,0.003125,1836.3,0.5496098105,0.0401337793,0.1192865106,0.8911022576,0.6614699332,0.9456398641,0.5764439411,0.1383647799,0.121040724,0.360248392,0.3883653095,1208.633355,3112.104314,0.4132059487,0.392850006,1386.305958,3528.842909,0.6206898222,0.6151990374,2082.414354,3384.944103,0.464714721,0.1327269854,0.1327269854,3.661568515,4,0.7268929979,0.01139393532,2.743211156,3,0.6354637164,0.0929737728,2.143527863,2,0.5334793555,0.0836909233,0.1606566788,2548397.021,1183.795721,1,1,1223.246755,0,0,0,19,1,2334.122628,0,0,0,6,0,1.357159014,3734.10595,1351594,24,0.09960537625,844.6292581,Official 311 files provide ward/FSA but no coordinates; CT count is an area-weighted ward-to-CT allocation using the existing municipal ward-to-CT crosswalk.,0.1606566788,0.0836909233,0,"Census Profile characteristic 1491: percent of tenant households in subsidized housing, converted to a 0-1 share. Denominator is tenant households, not all households."
5350305.03,5350305.03,2021S05075350305.03,305.03,2021,4766,4015,3040,0.71,0.222455404,0.4060860441,0.2025183631,42.4,2.2,0.6605504587,0.1512605042,0.147,0.6018518519,0.3958333333,0.8046958378,0.5332594235,0.4421296296,0.8164705882,0.1435294118,0.0070588235,6700.4,0.5673382821,0.0965005302,0.2332979852,0.7571606476,0.6299045599,0.9674369748,0.5588235294,0.2418032787,0.1238195173,0.3848325898,0.3752496486,1169.891073,3117.634027,0.4286474816,0.3774550576,1303.088344,3452.300659,0.6779005721,0.6328738883,2060.817739,3256.284984,0.4971268812,0.04715531293,0.04715531293,3.923971773,4,0.7451561688,0.082354151,2.817704869,4,0.6451012273,0.1095036323,2.150819874,2,0.5350610192,0.09448022687,0.1345511184,745576.8966,681.7813454,1,1,704.887274,1,1,0,22,1,2044.458614,0,0,2,0,0.4196391104,0,1092.476213,1351594,24,0.02914124711,229.222873,Official 311 files provide ward/FSA but no coordinates; CT count is an area-weighted ward-to-CT allocation using the existing municipal ward-to-CT crosswalk.,0.1345511184,0.09448022687,0.023,"Census Profile characteristic 1491: percent of tenant households in subsidized housing, converted to a 0-1 share. Denominator is tenant households, not all households."
5350305.05,5350305.05,2021S05075350305.05,305.05,2021,6580,5895,4140,0.37,0.287993921,0.3974164134,0.1990881459,39.6,1.8,0.7208237986,0.1814580032,0.113,0.4154929577,0.5845070423,0.7727272727,0.3972821743,0.9042253521,0.9489795918,0.0014577259,0.0204081633,17560.7,0.6079328757,0.1548436308,0.298245614,0.7022900763,0.7566742944,0.9604117181,0.6057007126,0.2678062678,0.0623100304,0.3236638335,0.367222267,1339.968271,3648.929793,0.4945861572,0.3919755668,2047.586691,5223.76103,0.743377381,0.64964576,3077.582357,4737.323857,0.5205424572,0.006989848073,0.006989848073,3.95839977,4,0.7473726612,0.104733809,2.734728962,4,0.6343330495,0.164975433,2.106353506,2,0.5252458824,0.182679977,0.1458307851,392486.4301,577.2782008,1,1,564.8582172,1,1,1.029471504,19,1,1749.948688,0,0,1,35,0.1519756839,5.319148936,575.3889466,1351594,24,0.01533027748,87.44512867,Official 311 files provide ward/FSA but no coordinates; CT count is an area-weighted ward-to-CT allocation using the existing municipal ward-to-CT crosswalk.,0.1458307851,0.182679977,0.014,"Census Profile characteristic 1491: percent of tenant households in subsidized housing, converted to a 0-1 share. Denominator is tenant households, not all households."
5350305.06,5350305.06,2021S05075350305.06,305.06,2021,4366,3990,2165,0.63,0.5246277205,0.313860252,0.067583047,32,1.8,0.6890343699,0.2439862543,0.162,0.4699570815,0.5278969957,0.6960784314,0.1977329975,0.9871244635,0.9755600815,0,0.0081466395,6940.1,0.5800970874,0.1638349515,0.4065533981,0.5426065163,0.8288834951,0.9553264605,0.6735395189,0.2338709677,0.0515463918,0.3690261924,0.2883222568,798.9417066,2771.002542,0.5373248254,0.3769193558,1163.308247,3086.358471,0.873259879,0.6495974529,1890.607638,2910.429574,0.5932036323,0.135656362,0.135656362,3.870225874,3,0.7416171478,0.06244445637,2.7400376,4,0.6350415045,0.0808545232,2.179277955,2,0.5411324206,0.2115981813,0.1420556385,665248.2694,626.1780145,1,1,618.152525,1,1,103.7477439,29,1,822.3924734,1,1,0,28,0,6.413192854,975.0157617,1351594,24,0.02599184008,223.320147,Official 311 files provide ward/FSA but no coordinates; CT count is an area-weighted ward-to-CT allocation using the existing municipal ward-to-CT crosswalk.,0.1420556385,0.2115981813,0,"Census Profile characteristic 1491: percent of tenant households in subsidized housing, converted to a 0-1 share. Denominator is tenant households, not all households."
5350306.01,5350306.01,2021S05075350306.01,306.01,2021,4612,3705,2835,1.17,0.241603467,0.3824485374,0.1679306609,40.8,3.1,0.6229508197,0.1854663774,0.149,0.2508250825,0.7524752475,0.860745614,0.6435079727,0.0264026403,0.1589403974,0.7152317881,0.0066225166,3934.8,0.6026200873,0.0742358079,0.2074235808,0.7651821862,0.7958515284,0.9284940412,0.6240520043,0.2430939227,0.1581798483,0.2921152051,0.306593726,828.1466063,2701.120526,0.2990928693,0.3179713537,847.9282844,2666.681368,0.5599925723,0.4993974431,1587.578943,3178.988928,0.3837335489,0.001153522928,0.001153522928,3.659454137,4,0.7267352008,0.09283996461,2.365141446,2,0.5771923063,0.02388583434,2.10606331,2,0.5251804658,0.02195315602,0.08176392073,1228303.838,1820.21422,0,0,971.3289257,3,1,378.5653826,28,1,1530.998219,0,0,3,12,0.6504770165,2.601908066,2464.293929,1351594,24,0.05931731575,534.3221876,Official 311 files provide ward/FSA but no coordinates; CT count is an area-weighted ward-to-CT allocation using the existing municipal ward-to-CT crosswalk.,0.08176392073,0.02195315602,0.467,"Census Profile characteristic 1491: percent of tenant households in subsidized housing, converted to a 0-1 share. Denominator is tenant households, not all households."
5350306.02,5350306.02,2021S05075350306.02,306.02,2021,4686,3855,3010,1.12,0.2292110874,0.3923240938,0.1908315565,42,2.7,0.71875,0.1488222698,0.098,0.2046783626,0.7953216374,0.8660235798,0.6324022346,0.3713450292,0.368115942,0.5652173913,0,4189.5,0.601487779,0.0775770457,0.211477152,0.7808041505,0.7832093518,0.9272727273,0.6374331551,0.2086956522,0.1332622601,0.3798881937,0.3598673605,1143.463463,3177.458109,0.4066277372,0.3642589578,1223.949489,3360.10814,0.617283137,0.5342799005,1858.022242,3477.619579,0.4679330226,0.08249959835,0.08249959835,3.626298243,4,0.7242366918,0.06047894013,2.361482987,2,0.5765372837,0.06004994911,2.100996637,2,0.5240354114,0.0423744838,0.08438717991,1171766.909,1590.653745,0,0,1195.193351,1,1,347.3861714,22,1,1625.452165,0,0,1,9,0.2134016219,1.920614597,2350.697432,1351594,24,0.05658415832,501.6426444,Official 311 files provide ward/FSA but no coordinates; CT count is an area-weighted ward-to-CT allocation using the existing municipal ward-to-CT crosswalk.,0.08438717991,0.0423744838,0,"Census Profile characteristic 1491: percent of tenant households in subsidized housing, converted to a 0-1 share. Denominator is tenant households, not all households."
5350307.03,5350307.03,2021S05075350307.03,307.03,2021,4957,4255,2730,0.11,0.2885973764,0.385469223,0.1715438951,39.2,2.1,0.7128547579,0.2502522704,0.111,0.4231578947,0.5768421053,0.7796780684,0.4969072165,0.9978947368,0.9957173448,0.0021413276,0.0021413276,45022.7,0.665004985,0.1405782652,0.3659022931,0.6415981199,0.8424725823,0.927346115,0.717457114,0.3393665158,0.1059535822,0.3223239565,0.3359890646,879.9444012,2618.967383,0.5593368339,0.3546168613,1526.989557,4306.026372,0.6454957136,0.5821168677,1762.203298,3027.232839,0.509052168,0.07646352714,0.07646352714,3.702881325,4,0.7299400352,0.02035571248,2.402593193,2,0.5837830546,0.1312049159,2.098668442,2,0.5235073916,0.2501292947,0.1568284164,115296.3713,329.8369584,1,1,429.1365452,3,1,46.55888435,46,1,331.1727988,1,1,1,0,0.2017349203,0,231.3810986,1351594,24,0.005569274986,46.67764748,Official 311 files provide ward/FSA but no coordinates; CT count is an area-weighted ward-to-CT allocation using the existing municipal ward-to-CT crosswalk.,0.1568284164,0.2501292947,0,"Census Profile characteristic 1491: percent of tenant households in subsidized housing, converted to a 0-1 share. Denominator is tenant households, not all households."
5350307.04,5350307.04,2021S05075350307.04,307.04,2021,6919,6080,3985,0.15,0.3143063584,0.3764450867,0.1791907514,38.4,2,0.7211201867,0.1995661605,0.13,0.528358209,0.471641791,0.7820324006,0.4935459377,0.723880597,0.9940915805,0.0014771049,0,45222.2,0.6221735959,0.1560904449,0.3377097009,0.6554276316,0.7454412837,0.948699422,0.6387283237,0.3566878981,0.0765895954,0.3675089073,0.3886089299,1464.522996,3768.62929,0.5182576864,0.3960002021,2065.25688,5215.292491,0.8375499506,0.6269135469,3337.636553,5323.918377,0.5744388481,0.06923874109,0.06923874109,3.621042234,4,0.7238364163,0.01320067835,2.408018717,3,0.5847208358,0.1108260098,2.079148366,2,0.5190338428,0.2597977296,0.2098584501,160393.7473,523.069451,1,1,494.4423874,4,1,145.9882329,42,1,987.8299343,1,1,0,0,0,0,321.8372082,1351594,24,0.007746526938,46.5149889,Official 311 files provide ward/FSA but no coordinates; CT count is an area-weighted ward-to-CT allocation using the existing municipal ward-to-CT crosswalk.,0.2098584501,0.2597977296,0.023,"Census Profile characteristic 1491: percent of tenant households in subsidized housing, converted to a 0-1 share. Denominator is tenant households, not all households."
5350307.05,5350307.05,2021S05075350307.05,307.05,2021,3365,3055,1675,0.1,0.3937592868,0.3878157504,0.1158989599,35.6,1.8,0.7120879121,0.2291666667,0.111,0.4498644986,0.5528455285,0.736677116,0.3772070626,0.9756097561,0.9545454545,0.0053475936,0,32170.2,0.6108527132,0.1798449612,0.4310077519,0.5482815057,0.8699690402,0.9301634473,0.7043090639,0.4065420561,0.0534918276,0.2878739473,0.2432322803,482.1888617,1982.421335,0.5764739578,0.3490952859,965.5938793,2765.989454,0.578420192,0.5382492822,968.8538217,1800.0095,0.480922699,0.2020094186,0.2020094186,3.590414794,4,0.7214806485,0.01146509884,2.514094148,3,0.6022424217,0.1080058349,2.086925428,2,0.5208261941,0.2798936998,0.2278251423,109817.2465,1180.126879,1,1,552.8941588,3,1,63.25472005,51,1,659.9399764,1,1,3,16,0.8915304606,4.754829123,220.3532035,1351594,24,0.005303836795,65.48386434,Official 311 files provide ward/FSA but no coordinates; CT count is an area-weighted ward-to-CT allocation using the existing municipal ward-to-CT crosswalk.,0.2278251423,0.2798936998,0,"Census Profile characteristic 1491: percent of tenant households in subsidized housing, converted to a 0-1 share. Denominator is tenant households, not all households."
5350307.06,5350307.06,2021S05075350307.06,307.06,2021,5057,4325,2975,0.1,0.2739861523,0.3887240356,0.1839762611,40,2.2,0.746388443,0.2312373225,0.152,0.3392070485,0.6629955947,0.8137450199,0.4959016393,0.9625550661,1,0.0022222222,0,48531.7,0.6581027668,0.1077075099,0.3023715415,0.6878612717,0.8418972332,0.9307616222,0.7121661721,0.2288135593,0.1088031652,0.4237229846,0.3502429758,1260.575879,3599.146782,0.5355100462,0.3731959582,1593.142388,4268.91651,0.8133241894,0.6202383622,2419.639464,3901.144481,0.5908524068,0.116534927,0.116534927,3.734068506,4,0.7321955935,0.002694464608,2.41903596,2,0.5866121808,0.1409508385,2.065300785,2,0.5158090254,0.2800098227,0.2277075106,109184.8158,859.1769524,1,1,226.0425157,4,1,0,50,1,369.4130993,1,1,0,1,0,0.197745699,219.0842029,1351594,24,0.005273292325,43.32295886,Official 311 files provide ward/FSA but no coordinates; CT count is an area-weighted ward-to-CT allocation using the existing municipal ward-to-CT crosswalk.,0.2277075106,0.2800098227,0.033,"Census Profile characteristic 1491: percent of tenant households in subsidized housing, converted to a 0-1 share. Denominator is tenant households, not all households."
5350307.07,5350307.07,2021S05075350307.07,307.07,2021,6216,5255,3745,1.22,0.2765273312,0.3794212219,0.1760450161,40,2.6,0.7057142857,0.1725806452,0.153,0.4054621849,0.5945378151,0.8434712084,0.605704698,0.2794117647,0.5441176471,0.3844537815,0.0210084034,5075.9,0.5959677419,0.0903225806,0.264516129,0.7126546147,0.7548387097,0.9419354839,0.6330645161,0.2552447552,0.1189710611,0.3485856723,0.3564355611,1305.453343,3662.522725,0.3905717295,0.3922828172,1462.691127,3728.664787,0.544346656,0.6471109377,2038.578227,3150.276263,0.4278346859,0.06720848608,0.06720848608,3.657831219,4,0.7266139578,0.05840519466,2.402707867,3,0.5838029194,0.1374160447,2.096906875,2,0.5231071003,0.2012078496,0.1717405901,1282223.738,727.3332796,1,1,419.0671817,3,1,318.4186719,47,1,684.8176362,1,1,2,4,0.3217503218,0.6435006435,2573.122232,1351594,24,0.06193429529,413.951453,Official 311 files provide ward/FSA but no coordinates; CT count is an area-weighted ward-to-CT allocation using the existing municipal ward-to-CT crosswalk.,0.1717405901,0.2012078496,0,"Census Profile characteristic 1491: percent of tenant households in subsidized housing, converted to a 0-1 share. Denominator is tenant households, not all households."
5350308.02,5350308.02,2021S05075350308.02,308.02,2021,4327,3565,3115,1.42,0.207852194,0.3949191686,0.1986143187,45.2,2.8,0.6386036961,0.1202312139,0.131,0.2610062893,0.7389937107,0.8851727982,0.648,0.0157232704,0.1936507937,0.7650793651,0,3037.1,0.4666666667,0.0611111111,0.1677777778,0.873772791,0.4493882091,0.9594907407,0.5046296296,0.2362869198,0.1374133949,0.3270318059,0.3524123825,1018.704075,2890.659142,0.3959804378,0.389565198,1233.479064,3166.296861,0.6018195224,0.5859717501,1874.667812,3199.246059,0.4416105887,0.1562756046,0.1562756046,3.658998339,4,0.7267011604,0.02775435328,2.382415141,2,0.5802578724,0.06047382746,2.092612073,2,0.5221283423,0.0471944279,0.1287789845,1492675.815,1290.208726,0,0,1053.501132,3,1,253.7105936,26,1,1687.29407,0,0,0,77,0,17.7952392,2995.114743,1351594,24,0.07209148441,692.1919904,Official 311 files provide ward/FSA but no coordinates; CT count is an area-weighted ward-to-CT allocation using the existing municipal ward-to-CT crosswalk.,0.1287789845,0.0471944279,0.229,"Census Profile characteristic 1491: percent of tenant households in subsidized housing, converted to a 0-1 share. Denominator is tenant households, not all households."
5350308.03,5350308.03,2021S05075350308.03,308.03,2021,1115,890,740,0.4,0.1883408072,0.4080717489,0.1793721973,45.6,2.9,0.6776859504,0.067264574,0.093,0.2133333333,0.7866666667,0.9262672811,0.6872037915,0,0.1298701299,0.8701298701,0,2810.7,0.4520547945,0.0547945205,0.1780821918,0.8314606742,0.5433789954,0.9641255605,0.4484304933,0.1929824561,0.1659192825,0.3136960885,0.340780284,232.1351055,681.1870182,0.330641157,0.3980746432,244.6744562,614.6446662,0.5603313021,0.5473833279,414.6451635,757.5041883,0.4015561826,0.06710699212,0.06710699212,3.841733017,4,0.739700808,0.04361298804,2.392000467,3,0.5819398809,0.1511857127,2.071898437,2,0.5173508595,0.0203221402,0.09253317425,415903.7959,1038.505139,1,1,493.0331329,2,1,191.3405753,39,1,885.7251681,1,1,0,4,0,3.587443946,834.5295178,1351594,24,0.02008688003,748.4569666,Official 311 files provide ward/FSA but no coordinates; CT count is an area-weighted ward-to-CT allocation using the existing municipal ward-to-CT crosswalk.,0.09253317425,0.0203221402,0,"Census Profile characteristic 1491: percent of tenant households in subsidized housing, converted to a 0-1 share. Denominator is tenant households, not all households."
5350308.05,5350308.05,2021S05075350308.05,308.05,2021,2386,2020,1670,0.74,0.2405857741,0.4037656904,0.1924686192,43.6,2.8,0.6993006993,0.1155462185,0.141,0.1929824561,0.8070175439,0.88,0.6275720165,0.0760233918,0.1169590643,0.5614035088,0.1695906433,3226.5,0.5288270378,0.0675944334,0.1669980119,0.8267326733,0.5487077535,0.9473684211,0.5557894737,0.2,0.1192468619,0.3009490653,0.33131743,502.5849391,1516.928763,0.3496385993,0.3631628566,583.8964608,1607.808866,0.5433778977,0.6536395409,907.4410891,1388.289772,0.3979885208,0.007366070707,0.007366070707,3.893237766,4,0.74314438,0.03607561452,2.394655488,3,0.5824033959,0.1455390701,2.080013018,2,0.5192337783,0.1285326585,0.134750986,774428.5229,735.5734633,1,1,661.6421935,4,1,130.7997364,47,1,505.9830148,1,1,0,36,0,15.08801341,1553.925374,1351594,24,0.0374025267,651.2679691,Official 311 files provide ward/FSA but no coordinates; CT count is an area-weighted ward-to-CT allocation using the existing municipal ward-to-CT crosswalk.,0.134750986,0.1285326585,0,"Census Profile characteristic 1491: percent of tenant households in subsidized housing, converted to a 0-1 share. Denominator is tenant households, not all households."
5350308.06,5350308.06,2021S05075350308.06,308.06,2021,5585,5080,3230,0.19,0.3348254252,0.3187108326,0.2435094002,38.8,1.9,0.7208931419,0.2453703704,0.098,0.4088495575,0.5911504425,0.7561904762,0.4630350195,0.9061946903,0.9789473684,0,0.001754386,29225.5,0.6169201521,0.1169201521,0.325095057,0.6358267717,0.7699619772,0.9272890485,0.6867145422,0.3298969072,0.0581915846,0.3640140302,0.334244085,1175.765318,3517.684741,0.4871096625,0.3679755289,1573.36421,4275.730548,0.7796665411,0.5790066625,2518.322928,4349.385061,0.5435967446,0.01171434435,0.01171434435,3.933851739,4,0.7457962154,0.004944638572,2.469982066,3,0.5951387608,0.1295277699,2.077686117,2,0.5186953449,0.2097247346,0.2348870649,200056.2305,850.3596132,1,1,469.2943985,4,1,77.16657238,52,1,330.2588357,1,1,2,15,0.3581020591,2.685765443,401.4217499,1351594,24,0.009662103448,71.87497759,Official 311 files provide ward/FSA but no coordinates; CT count is an area-weighted ward-to-CT allocation using the existing municipal ward-to-CT crosswalk.,0.2348870649,0.2097247346,0.185,"Census Profile characteristic 1491: percent of tenant households in subsidized housing, converted to a 0-1 share. Denominator is tenant households, not all households."
5350308.07,5350308.07,2021S05075350308.07,308.07,2021,3797,3485,2120,0.15,0.375,0.3263157895,0.2026315789,36.8,1.8,0.6714876033,0.2875989446,0.129,0.6164383562,0.3835616438,0.7653333333,0.3931034483,0.6529680365,0.9953917051,0,0,24576.1,0.6376811594,0.1554677207,0.3689064559,0.6083213773,0.7628458498,0.9013157895,0.7065789474,0.2411764706,0.0460526316,0.3389233939,0.3220208193,718.517595,2231.276836,0.4841691802,0.3394810068,1026.438662,3023.552545,0.6915448038,0.592802908,1466.074984,2473.123806,0.504879126,0.06224455667,0.06224455667,3.815492308,4,0.7379106235,0.007673764834,2.512536914,3,0.6019958973,0.1146592856,2.091015633,2,0.521763499,0.329800464,0.2502412509,161931.1003,98.5336577,1,1,226.4829399,3,1,3.880152865,46,1,427.8380514,1,1,0,19,0,5.003950487,324.9203771,1351594,24,0.007820737908,85.57291997,Official 311 files provide ward/FSA but no coordinates; CT count is an area-weighted ward-to-CT allocation using the existing municipal ward-to-CT crosswalk.,0.2502412509,0.329800464,0.212,"Census Profile characteristic 1491: percent of tenant households in subsidized housing, converted to a 0-1 share. Denominator is tenant households, not all households."
5350309.00,5350309.00,2021S05075350309.00,309,2021,6361,5245,3265,0.74,0.2303459119,0.4253144654,0.1580188679,41.6,2.7,0.4275362319,0.1265108783,0.152,0.8733624454,0.1244541485,0.8758389262,0.6402116402,0.0742358079,0.9192139738,0.0327510917,0.0109170306,8635.6,0.699751861,0.1654259719,0.3184449959,0.6224976168,0.6774193548,0.9653225806,0.5669354839,0.4166666667,0.1226415094,0.2709657876,0.2827812967,884.7032966,3128.577833,0.504544237,0.3768855416,1647.336934,4370.921014,0.8368931878,0.6667373374,2732.456258,4098.249948,0.5374677375,0.08259726547,0.08259726547,4.397851534,5,0.772616244,0.1868681595,2.410669597,3,0.5851774954,0.1079126084,2.048408344,2,0.5118160874,0.1838239985,0.3284930302,779163.6861,561.3940578,1,1,639.8425469,4,1,0,29,1,2627.436606,0,0,1,4,0.1572079862,0.6288319447,1045.193969,1351594,24,0.02104617904,164.312839,Official 311 files provide ward/FSA but no coordinates; CT count is an area-weighted ward-to-CT allocation using the existing municipal ward-to-CT crosswalk.,0.3284930302,0.1838239985,0.088,"Census Profile characteristic 1491: percent of tenant households in subsidized housing, converted to a 0-1 share. Denominator is tenant households, not all households."
5350310.01,5350310.01,2021S05075350310.01,310.01,2021,3609,2920,2400,1.41,0.20110957,0.3814147018,0.213592233,43.6,2.9,0.5865921788,0.0765957447,0.126,0.2166666667,0.7833333333,0.8942598187,0.6851265823,0.025,0.2551440329,0.6666666667,0.0576131687,2554,0.3925373134,0.0447761194,0.1044776119,0.8219178082,0.2840059791,0.9705882353,0.4075630252,0.1297297297,0.1414701803,0.3756825409,0.3730361857,901.638098,2417.025834,0.3879620631,0.4011095847,931.1089515,2321.33309,0.6111214854,0.6102543419,1466.691565,2403.41029,0.4582553631,0.3073885999,0.3073885999,3.428765243,5,0.7083498201,0.2637101546,2.198541571,2,0.5451530172,0.1511152874,2.037574293,2,0.5092203492,0.07336421674,0.1921513696,1493338.351,1080.43802,1,1,446.6455302,2,1,220.3752079,24,1,3179.934149,0,0,0,4,0,1.10834026,2001.974201,1351594,24,0.04029738908,554.7171518,Official 311 files provide ward/FSA but no coordinates; CT count is an area-weighted ward-to-CT allocation using the existing municipal ward-to-CT crosswalk.,0.1921513696,0.07336421674,0,"Census Profile characteristic 1491: percent of tenant households in subsidized housing, converted to a 0-1 share. Denominator is tenant households, not all households."
5350310.02,5350310.02,2021S05075350310.02,310.02,2021,5328,4335,3600,2.1,0.2260787992,0.425891182,0.1472795497,41.2,2.8,0.4532019704,0.1188679245,0.133,0.5077319588,0.4922680412,0.9144434223,0.6967370441,0.0180412371,0.6015625,0.3697916667,0.0286458333,2532.7,0.5251141553,0.0831050228,0.1762557078,0.830449827,0.4945255474,0.9622997172,0.4844486334,0.293956044,0.1350844278,0.2918617571,0.2974619692,1050.702326,3532.224063,0.4198157547,0.386827926,1511.336717,3907.000027,0.5952015179,0.6223474734,2142.725465,3442.972866,0.4356263433,0.188931401,0.188931401,4.119256357,4,0.7572377358,0.1833576578,2.395902834,3,0.5826208034,0.1256811989,2.089878581,2,0.521503302,0.08007771223,0.1226546681,2338709.491,1138.252854,1,1,1117.358928,2,1,0,21,1,3984.447289,0,0,5,4,0.9384384384,0.7507507508,3135.283995,1351594,24,0.06310958122,588.4542033,Official 311 files provide ward/FSA but no coordinates; CT count is an area-weighted ward-to-CT allocation using the existing municipal ward-to-CT crosswalk.,0.1226546681,0.08007771223,0.102,"Census Profile characteristic 1491: percent of tenant households in subsidized housing, converted to a 0-1 share. Denominator is tenant households, not all households."
5350311.02,5350311.02,2021S05075350311.02,311.02,2021,6010,5020,3940,0.89,0.2329450915,0.4093178037,0.1788685524,42.8,2.7,0.2449856734,0.1480865225,0.176,0.5518018018,0.4481981982,0.9366368806,0.7273489933,0.1193693694,0.5530474041,0.1760722348,0.1715575621,6749,0.5946601942,0.0930420712,0.2305825243,0.7848605578,0.7178658044,0.9376039933,0.5074875208,0.2922374429,0.1247920133,0.2499776403,0.2599926526,984.9119028,3788.229756,0.3741892049,0.3520783327,1474.305467,4187.435949,0.5802127518,0.5472057728,2286.038242,4177.657393,0.4014598657,0.04185903335,0.04185903335,5.820574105,4,0.8281956415,0.1193337253,3.004599789,3,0.667176972,0.1909263892,2.348424455,3,0.574182598,0.3498391788,0.2403057393,932974.907,1089.043467,1,1,504.9044546,2,1,61.31030348,21,1,5233.053754,0,0,0,8,0,1.331114809,1049.168859,1351594,24,0.02899139177,174.5705256,Official 311 files provide ward/FSA but no coordinates; CT count is an area-weighted ward-to-CT allocation using the existing municipal ward-to-CT crosswalk.,0.2403057393,0.3498391788,0.224,"Census Profile characteristic 1491: percent of tenant households in subsidized housing, converted to a 0-1 share. Denominator is tenant households, not all households."
5350311.03,5350311.03,2021S05075350311.03,311.03,2021,2672,2205,1735,0.8,0.2373831776,0.3831775701,0.1962616822,43.2,3.1,0.3243243243,0.0994371482,0.154,0.2931034483,0.7068965517,0.9393939394,0.7188160677,0.0114942529,0.1771428571,0.6114285714,0.1485714286,3340,0.4979919679,0.0481927711,0.1445783133,0.7868480726,0.6084337349,0.936329588,0.5056179775,0.2411347518,0.1364485981,0.2872132273,0.2554378873,498.3149494,1950.826303,0.4376226095,0.3986722562,759.2752274,1904.509821,0.5656309822,0.5467339977,981.3697542,1794.967495,0.4301556063,0.07344240895,0.07344240895,5.41959131,5,0.8154842417,0.2537755104,2.629205505,3,0.6196569655,0.1348172939,2.42258771,3,0.5872182477,0.05618693326,0.1189792497,838505.6267,638.0049862,1,1,506.0316994,6,1,190.9170768,26,1,5306.80182,0,0,1,4,0.374251497,1.497005988,942.9367507,1351594,24,0.02605579286,352.8954905,Official 311 files provide ward/FSA but no coordinates; CT count is an area-weighted ward-to-CT allocation using the existing municipal ward-to-CT crosswalk.,0.1189792497,0.05618693326,0.137,"Census Profile characteristic 1491: percent of tenant households in subsidized housing, converted to a 0-1 share. Denominator is tenant households, not all households."
5350311.04,5350311.04,2021S05075350311.04,311.04,2021,6517,5295,4030,0.96,0.2409823484,0.3944742901,0.1650038373,40.8,3,0.2585227273,0.0937019969,0.167,0.4976851852,0.5,0.9316770186,0.7308003234,0.1180555556,0.5694444444,0.0694444444,0.287037037,6789.2,0.6167434716,0.1121351767,0.2265745008,0.761095373,0.7380952381,0.9439754413,0.5049884881,0.3130434783,0.1396776669,0.296255779,0.287195341,1193.910789,4157.138431,0.4091567447,0.3874390441,1648.901681,4255.899621,0.6096331618,0.5827736562,2456.821642,4215.73902,0.4383485618,0.02404395836,0.02404395836,4.410620273,4,0.7732745197,0.05948555041,2.515300012,3,0.6024331112,0.05011022698,2.110824254,2,0.5262514166,0.2044411409,0.2201660122,1005577.313,1612.401984,0,0,533.4641404,2,1,75.06026195,23,1,4283.064431,0,0,1,7,0.1534448366,1.074113856,1347.897532,1351594,24,0.02713872248,206.8279166,Official 311 files provide ward/FSA but no coordinates; CT count is an area-weighted ward-to-CT allocation using the existing municipal ward-to-CT crosswalk.,0.2201660122,0.2044411409,0.051,"Census Profile characteristic 1491: percent of tenant households in subsidized housing, converted to a 0-1 share. Denominator is tenant households, not all households."
5350311.05,5350311.05,2021S05075350311.05,311.05,2021,6698,5545,3395,0.35,0.3791044776,0.3410447761,0.1052238806,32,2.7,0.3476005188,0.1360239163,0.146,0.5967741935,0.4032258065,0.8680351906,0.5802752294,0.4939516129,0.9222903885,0,0,19375.2,0.5401882694,0.1086169442,0.3482983345,0.6122633003,0.8269370022,0.9626865672,0.4895522388,0.4247311828,0.1134328358,0.2643780992,0.2318791709,897.5636468,3870.824806,0.4097895713,0.3470275911,1391.235595,4009.005711,0.5728756855,0.5808030212,1944.912952,3348.661907,0.4156811187,0.1274946591,0.1274946591,5.372106018,4,0.8138532641,0.1118507537,3.080557149,3,0.675383396,0.2193049002,2.268564128,3,0.5591925361,0.2555313779,0.2965267466,362318.4837,833.5502366,1,1,543.4145079,1,1,20.32403147,22,1,5962.48051,0,0,0,7,0,1.045088086,407.7084381,1351594,24,0.01125369421,60.87017589,Official 311 files provide ward/FSA but no coordinates; CT count is an area-weighted ward-to-CT allocation using the existing municipal ward-to-CT crosswalk.,0.2965267466,0.2555313779,0.058,"Census Profile characteristic 1491: percent of tenant households in subsidized housing, converted to a 0-1 share. Denominator is tenant households, not all households."
5350311.06,5350311.06,2021S05075350311.06,311.06,2021,6660,5795,3160,10.24,0.454954955,0.3303303303,0.0773273273,31.2,2.4,0.4908136483,0.1904388715,0.173,0.570610687,0.429389313,0.7874080131,0.3838383838,0.5057251908,0.7080979284,0.077212806,0.1167608286,650.7,0.4858069749,0.103811841,0.3836171938,0.5452976704,0.799675588,0.975975976,0.4481981982,0.3548387097,0.0900900901,0.3177403813,0.2060278943,1004.059605,4873.415846,0.4608764045,0.3061561943,1456.369438,4756.949118,0.8331145,0.5395938754,2632.64182,4878.931989,0.5372437619,0.08075219263,0.08075219263,4.801395586,4,0.7917272214,0.07511989739,3.234741988,3,0.690856333,0.1408699208,2.249622515,3,0.5554809782,0.4303619419,0.2996400269,10738619.59,2077.159443,0,0,1700.872288,0,0,93.86672065,8,1,5926.655197,0,0,16,19,2.402402402,2.852852853,13701.47093,1351594,24,0.3018932083,2057.277917,Official 311 files provide ward/FSA but no coordinates; CT count is an area-weighted ward-to-CT allocation using the existing municipal ward-to-CT crosswalk.,0.2996400269,0.4303619419,0.094,"Census Profile characteristic 1491: percent of tenant households in subsidized housing, converted to a 0-1 share. Denominator is tenant households, not all households."
5350312.02,5350312.02,2021S05075350312.02,312.02,2021,3505,2795,2060,0.52,0.2253922967,0.4151212553,0.1483594864,40,3.1,0.1884816754,0.1257142857,0.183,0.389380531,0.6061946903,0.9375907112,0.7119155354,0.2787610619,0.4355555556,0.0044444444,0.3066666667,6724.9,0.612625538,0.0817790531,0.2195121951,0.7370304114,0.8263988522,0.9144079886,0.4721825963,0.3063829787,0.1597717546,0.20167643,0.2167907923,415.4534458,1916.379573,0.3503906686,0.3542022477,721.8047773,2037.832289,0.5620500645,0.5859930451,1157.823133,1975.830844,0.3713723877,0.1737109966,0.1737109966,5.31359143,4,0.8118033701,0.09233987746,3.002797362,3,0.6669771951,0.1841216126,2.283001663,3,0.5619801702,0.2758944153,0.2492048979,546090.0777,515.7431404,1,1,117.3990928,4,1,19.56532149,33,1,5671.086711,0,0,0,0,0,0,613.9399196,1351594,24,0.0169723252,175.1611754,Official 311 files provide ward/FSA but no coordinates; CT count is an area-weighted ward-to-CT allocation using the existing municipal ward-to-CT crosswalk.,0.2492048979,0.2758944153,0.112,"Census Profile characteristic 1491: percent of tenant households in subsidized housing, converted to a 0-1 share. Denominator is tenant households, not all households."
5350312.03,5350312.03,2021S05075350312.03,312.03,2021,6374,5090,4130,1.49,0.2315541601,0.3908948195,0.1671899529,40.4,3,0.1676470588,0.1291338583,0.172,0.5058548009,0.4941451991,0.9264240506,0.7450657895,0.1100702576,0.5390070922,0.1442080378,0.2174940898,4285.6,0.5743348983,0.0579029734,0.1658841941,0.8113948919,0.7605633803,0.9245875884,0.4626865672,0.3040540541,0.1530612245,0.2157037834,0.2102951695,890.8566255,4236.220107,0.34398378,0.339227271,1420.653011,4187.909206,0.5477601509,0.5229645816,2262.249423,4325.817661,0.3691492381,0.07954959893,0.07954959893,5.313691563,4,0.8118069165,0.05941774753,3.132085748,3,0.6807239391,0.2205722794,2.216282577,3,0.5487939985,0.3535935434,0.1678292083,1559087.109,1124.140924,1,1,495.5406146,4,1,26.14949559,11,1,4894.832246,0,0,1,2,0.1568873549,0.3137747098,1752.798551,1351594,24,0.04845598363,274.9919283,Official 311 files provide ward/FSA but no coordinates; CT count is an area-weighted ward-to-CT allocation using the existing municipal ward-to-CT crosswalk.,0.1678292083,0.3535935434,0.153,"Census Profile characteristic 1491: percent of tenant households in subsidized housing, converted to a 0-1 share. Denominator is tenant households, not all households."
5350312.04,5350312.04,2021S05075350312.04,312.04,2021,5234,4080,3030,0.73,0.2349570201,0.3696275072,0.1671442216,38.8,3.2,0.0825515947,0.1689587426,0.209,0.603125,0.39375,0.9322709163,0.7178683386,0.1125,0.7616099071,0,0.2229102167,7214.3,0.5865479723,0.0633036597,0.193867458,0.7426470588,0.8803165183,0.8949950932,0.4553483808,0.2514285714,0.1700095511,0.1637007117,0.2019668462,496.0131564,2455.91376,0.3214818118,0.3017345357,974.0898897,3228.300955,0.6102977396,0.5912003514,1849.202151,3127.877287,0.3651600877,0.1407909302,0.1407909302,5.125298551,4,0.8048894147,0.08409318024,3.092102695,3,0.6765954761,0.2557187869,2.210406294,2,0.5475944841,0.1674294571,0.1923007138,760034.1081,1414.850539,0,0,818.3733858,5,1,3.48894739,22,1,5181.941303,0,0,5,6,0.9552923194,1.146350783,854.4657708,1351594,24,0.02362164517,163.2529176,Official 311 files provide ward/FSA but no coordinates; CT count is an area-weighted ward-to-CT allocation using the existing municipal ward-to-CT crosswalk.,0.1923007138,0.1674294571,0.242,"Census Profile characteristic 1491: percent of tenant households in subsidized housing, converted to a 0-1 share. Denominator is tenant households, not all households."
5350312.05,5350312.05,2021S05075350312.05,312.05,2021,3685,2655,2090,0.35,0.2472826087,0.370923913,0.0951086957,33.2,2.9,0.112565445,0.2404891304,0.247,0.811023622,0.188976378,0.9442934783,0.7846820809,0.1299212598,0.6653543307,0,0.0196850394,10653.4,0.5662162162,0.05,0.1878378378,0.7871939736,0.9553450609,0.9416553596,0.3310719132,0.3846153846,0.2092391304,0.2001148435,0.1968820006,418.240023,2124.31823,0.3857493394,0.3148913347,806.2161193,2560.299476,0.5474377059,0.4834949909,1144.144805,2366.404672,0.3777672963,0.16439293,0.16439293,5.338363833,4,0.8126766868,0.06151976486,3.105960642,3,0.6780384186,0.3379423297,2.102582295,3,0.5243943591,0.2755017291,0.2488132449,362380.9673,948.5665631,1,1,468.4735296,4,1,85.41289931,27,1,5736.155541,0,0,5,1,1.356852103,0.2713704206,407.4055746,1351594,24,0.011262698,110.5578222,Official 311 files provide ward/FSA but no coordinates; CT count is an area-weighted ward-to-CT allocation using the existing municipal ward-to-CT crosswalk.,0.2488132449,0.2755017291,0.362,"Census Profile characteristic 1491: percent of tenant households in subsidized housing, converted to a 0-1 share. Denominator is tenant households, not all households."
5350312.06,5350312.06,2021S05075350312.06,312.06,2021,3415,2705,2330,0.46,0.2489019034,0.3689604685,0.1625183016,38.8,3.2,0.1417112299,0.1319648094,0.18,0.4258373206,0.5693779904,0.9394366197,0.7407952872,0.0526315789,0.3428571429,0.0142857143,0.4571428571,7449.8,0.5762237762,0.0475524476,0.1412587413,0.8613678373,0.7916083916,0.9048316252,0.5475841874,0.1991701245,0.1595900439,0.2041588478,0.2118036725,475.6901155,2245.901168,0.3463605146,0.3433918313,807.0199991,2350.143263,0.4830745685,0.5198135226,1125.563745,2165.32217,0.3445313103,0.02260279414,0.02260279414,5.648034461,4,0.8229472559,0.107068738,2.975227612,3,0.6638912613,0.1129255681,2.326096227,3,0.5700951714,0.2764859723,0.2987035418,480384.291,458.5491318,1,1,416.0022877,6,1,318.348432,19,1,4864.391403,0,0,5,1,1.464128843,0.2928257687,540.2120393,1351594,24,0.01492752062,158.1880056,Official 311 files provide ward/FSA but no coordinates; CT count is an area-weighted ward-to-CT allocation using the existing municipal ward-to-CT crosswalk.,0.2987035418,0.2764859723,0.337,"Census Profile characteristic 1491: percent of tenant households in subsidized housing, converted to a 0-1 share. Denominator is tenant households, not all households."
5350312.07,5350312.07,2021S05075350312.07,312.07,2021,3535,3045,2480,0.62,0.1951909477,0.3465346535,0.3083451202,51.6,2.5,0.2,0.1909476662,0.217,0.4306049822,0.5693950178,0.9265785609,0.7342342342,0.1316725979,0.4230769231,0.0384615385,0.465034965,5680.5,0.6180758017,0.0510204082,0.1413994169,0.8144499179,0.6200873362,0.8811881188,0.5643564356,0.1956521739,0.1074964639,0.2872235668,0.2773031466,712.3144457,2568.721107,0.4062083144,0.3764253605,1007.39662,2676.218782,0.6161123564,0.5757918616,1527.958644,2653.664884,0.4365147459,0.06930046014,0.06930046014,5.570846703,4,0.8204940733,0.01958423181,3.072350715,3,0.6745163256,0.2320813686,2.217996723,3,0.5491427062,0.275168542,0.3297146375,652123.9912,743.585813,1,1,321.98545,6,1,120.5422671,21,1,4485.125066,0,0,0,0,0,0,733.9739167,1351594,24,0.02025203567,207.6305281,Official 311 files provide ward/FSA but no coordinates; CT count is an area-weighted ward-to-CT allocation using the existing municipal ward-to-CT crosswalk.,0.3297146375,0.275168542,0.736,"Census Profile characteristic 1491: percent of tenant households in subsidized housing, converted to a 0-1 share. Denominator is tenant households, not all households."
5350313.00,5350313.00,2021S05075350313.00,313,2021,5554,4460,3645,2.87,0.2232223222,0.401440144,0.1629162916,40.8,3,0.254180602,0.0846084608,0.149,0.3506849315,0.6493150685,0.9282470481,0.7123935667,0.0191780822,0.4219178082,0.2082191781,0.3616438356,1935.2,0.5238523852,0.0594059406,0.1575157516,0.817264574,0.6921692169,0.9450945095,0.4653465347,0.205655527,0.1530153015,0.2390612826,0.2711661236,871.3783752,3213.448508,0.3639148685,0.3781298868,1326.469696,3507.973694,0.5808203958,0.5758837574,2117.090343,3676.245971,0.394598849,0.03423036714,0.03423036714,5.636891081,4,0.8225972463,0.02816243021,3.094493005,3,0.6768452867,0.137057902,2.313287853,3,0.5677148442,0.2161636053,0.1206514445,3038449.4,250.7329759,1,1,635.4939824,3,1,271.4184397,14,1,3618.758099,0,0,9,11,1.620453727,1.980554555,3414.726059,1351594,24,0.09438894231,614.822841,Official 311 files provide ward/FSA but no coordinates; CT count is an area-weighted ward-to-CT allocation using the existing municipal ward-to-CT crosswalk.,0.1206514445,0.2161636053,0.039,"Census Profile characteristic 1491: percent of tenant households in subsidized housing, converted to a 0-1 share. Denominator is tenant households, not all households."
5350314.01,5350314.01,2021S05075350314.01,314.01,2021,6275,4705,3060,0.43,0.2675159236,0.3734076433,0.1003184713,34,2.8,0.1974431818,0.1800796813,0.159,0.8672566372,0.1349557522,0.9256,0.5889361702,0.1261061947,0.9207048458,0,0.0550660793,14657.8,0.6125984252,0.1291338583,0.3094488189,0.6503719447,0.9150275374,0.9442675159,0.4331210191,0.2597402597,0.1719745223,0.2713586087,0.2635341988,830.3573425,3150.852324,0.3593180243,0.303010469,1099.513154,3628.630911,0.6438491279,0.5613398986,1970.178331,3509.77783,0.4248419203,0.05138081146,0.05138081146,5.899683298,4,0.8304993761,0.02143957381,3.189141639,3,0.6864360028,0.2123498778,2.23554207,3,0.5526811983,0.3003937579,0.2823031871,448120.0605,1244.575157,0,0,501.5729217,2,1,0,13,1,3272.528738,0,0,1,10,0.1593625498,1.593625498,503.7974597,1351594,24,0.01392744477,80.28644777,Official 311 files provide ward/FSA but no coordinates; CT count is an area-weighted ward-to-CT allocation using the existing municipal ward-to-CT crosswalk.,0.2823031871,0.3003937579,0.113,"Census Profile characteristic 1491: percent of tenant households in subsidized housing, converted to a 0-1 share. Denominator is tenant households, not all households."
5350314.02,5350314.02,2021S05075350314.02,314.02,2021,5130,4195,3110,1.09,0.2631578947,0.3723196881,0.1705653021,39.2,3.2,0.3018867925,0.1268292683,0.183,0.2955974843,0.7012578616,0.9259259259,0.6867845994,0.2201257862,0.3753943218,0.1324921136,0.2271293375,4705.1,0.6303270565,0.0991080278,0.2319127849,0.7413587604,0.8047571853,0.9248780488,0.5658536585,0.2346041056,0.1325536062,0.238506013,0.2309320214,741.7537003,3212.000206,0.4368609947,0.3941686436,1358.637694,3446.843669,0.6872840901,0.6215502275,2137.45352,3438.907148,0.4542170326,0.0009755555404,0.0009755555404,4.763717279,4,0.7900799016,0.07906729546,3.085579303,3,0.6759117489,0.2667757901,2.163538107,3,0.537794136,0.3126158337,0.2311769077,1184747.683,1469.371673,0,0,1019.555466,2,1,0,18,1,2365.051798,0,0,1,2,0.1949317739,0.3898635478,1298.522504,1351594,24,0.03560344934,253.1232951,Official 311 files provide ward/FSA but no coordinates; CT count is an area-weighted ward-to-CT allocation using the existing municipal ward-to-CT crosswalk.,0.2311769077,0.3126158337,0.305,"Census Profile characteristic 1491: percent of tenant households in subsidized housing, converted to a 0-1 share. Denominator is tenant households, not all households."
5350315.01,5350315.01,2021S05075350315.01,315.01,2021,3267,2765,2460,1.5,0.2251148545,0.3583460949,0.2496171516,46.8,2.9,0.2782874618,0.0644171779,0.152,0.1090909091,0.8909090909,0.9476190476,0.7954545455,0.0136363636,0.1628959276,0.4343891403,0.3981900452,2172.8,0.4881516588,0.0157977883,0.0947867299,0.8896925859,0.3753943218,0.9294478528,0.5383435583,0.1674208145,0.1194486983,0.3252316515,0.3186633514,800.0698626,2510.705606,0.4727802887,0.4192560228,1163.03951,2774.055582,0.5791205775,0.5784760766,1424.636621,2462.740774,0.4590441725,0.2717309111,0.2717309111,4.601370199,5,0.7826734306,0.05846212222,2.917873754,3,0.6572846928,0.07167065634,2.315224857,2,0.5680765101,0.17606287,0.07630282744,1613125.785,533.5810453,1,1,819.3671166,2,1,63.14410617,21,1,2203.925203,0,0,3,11,0.9182736455,3.367003367,1811.157463,1351594,24,0.05005332517,554.3793888,Official 311 files provide ward/FSA but no coordinates; CT count is an area-weighted ward-to-CT allocation using the existing municipal ward-to-CT crosswalk.,0.07630282744,0.17606287,0,"Census Profile characteristic 1491: percent of tenant households in subsidized housing, converted to a 0-1 share. Denominator is tenant households, not all households."
5350315.02,5350315.02,2021S05075350315.02,315.02,2021,3365,2650,1965,0.43,0.2466567608,0.3640416048,0.1708766716,38.4,3.2,0.2476780186,0.1634472511,0.199,0.3482587065,0.6517412935,0.92,0.7051926298,0.3134328358,0.5283018868,0,0.4150943396,7864,0.6139240506,0.0648734177,0.1772151899,0.741509434,0.8199052133,0.9078751857,0.5913818722,0.2204301075,0.1485884101,0.2682259004,0.2529851395,527.0638943,2083.378871,0.4109081088,0.3857488194,807.4344338,2093.161128,0.6574366144,0.6131927294,1291.862947,2106.781254,0.4455235412,0.01543034397,0.01543034397,5.009980882,4,0.8003984399,0.1018162577,3.076318453,3,0.6749361241,0.1690188097,2.279622217,3,0.5613308239,0.1780077479,0.1793599642,448489.7101,1159.216942,1,1,345.6645009,1,1,144.8603338,17,1,2045.866567,0,0,2,0,0.5943536404,0,504.2129209,1351594,24,0.01393892914,149.8403925,Official 311 files provide ward/FSA but no coordinates; CT count is an area-weighted ward-to-CT allocation using the existing municipal ward-to-CT crosswalk.,0.1793599642,0.1780077479,0.13,"Census Profile characteristic 1491: percent of tenant households in subsidized housing, converted to a 0-1 share. Denominator is tenant households, not all households."
5350315.03,5350315.03,2021S05075350315.03,315.03,2021,5562,4495,3560,6.01,0.256294964,0.3543165468,0.184352518,39.6,3.2,0.24,0.1303956835,0.175,0.3479452055,0.6493150685,0.8812392427,0.6883928571,0.1287671233,0.4700854701,0.0256410256,0.4928774929,925.5,0.5622866894,0.0981228669,0.2201365188,0.7919911012,0.7201365188,0.9199640288,0.5485611511,0.1901041667,0.148381295,0.2740056801,0.2523251608,975.460221,3865.885661,0.3738208513,0.3799917652,1330.80223,3502.187027,0.5644787822,0.5773444412,2009.544464,3480.668248,0.4041017712,0.0871940994,0.0871940994,4.979139091,4,0.7991620676,0.07875174148,3.000096167,3,0.6666773515,0.1256492714,2.282277671,3,0.56184122,0.176363116,0.1808223456,6298092.253,1738.440212,0,0,1679.311295,0,0,527.1787837,3,1,3691.033231,0,0,13,10,2.337288745,1.797914419,7074.207515,1351594,24,0.1955659612,1271.88197,Official 311 files provide ward/FSA but no coordinates; CT count is an area-weighted ward-to-CT allocation using the existing municipal ward-to-CT crosswalk.,0.1808223456,0.176363116,0.102,"Census Profile characteristic 1491: percent of tenant households in subsidized housing, converted to a 0-1 share. Denominator is tenant households, not all households."
5350316.01,5350316.01,2021S05075350316.01,316.01,2021,3970,3345,2760,1.77,0.2153652393,0.3652392947,0.2544080605,46.8,3.1,0.1781170483,0.0984251969,0.176,0.1625,0.8333333333,0.9177545692,0.7590847914,0.0166666667,0.2016460905,0.366255144,0.4115226337,2237.1,0.5844155844,0.0376623377,0.1324675325,0.8251121076,0.6727272727,0.9003931848,0.5412844037,0.1679389313,0.120906801,0.2175387025,0.2245898359,600.4068189,2673.348135,0.350972169,0.3382639635,968.6831864,2863.690168,0.5791375111,0.5623138507,1598.419531,2842.575421,0.3825494609,0.009374871018,0.009374871018,5.450707178,4,0.8165375671,0.05191424369,3.145504289,3,0.6820859524,0.1684496793,2.323278569,3,0.5695737854,0.2967018414,0.2168655999,1859377.719,1783.947228,0,0,443.6316365,4,1,22.48006786,22,1,5442.460603,0,0,1,5,0.2518891688,1.259445844,2090.395555,1351594,24,0.05778883572,526.5479987,Official 311 files provide ward/FSA but no coordinates; CT count is an area-weighted ward-to-CT allocation using the existing municipal ward-to-CT crosswalk.,0.2168655999,0.2967018414,0,"Census Profile characteristic 1491: percent of tenant households in subsidized housing, converted to a 0-1 share. Denominator is tenant households, not all households."
5350316.03,5350316.03,2021S05075350316.03,316.03,2021,5761,4325,2940,0.4,0.2439236111,0.3975694444,0.0980902778,35.2,3,0.1165354331,0.1987847222,0.202,0.9270833333,0.0703125,0.9197860963,0.6995260664,0.0625,0.8010335917,0.0025839793,0.0051679587,14377.3,0.608428446,0.146619842,0.2835820896,0.6797687861,0.8673110721,0.921875,0.4427083333,0.3223140496,0.1848958333,0.2146919002,0.2156961674,631.1941867,2926.311553,0.3640290927,0.3294756105,1070.245532,3248.330069,0.5949506499,0.5447652234,1749.154911,3210.841727,0.3912238809,0.003008621814,0.003008621814,5.327899223,4,0.8123087622,0.05394713943,3.06156391,3,0.6733695492,0.05276154181,2.337427987,3,0.5721793331,0.2966069604,0.2168489288,419637.7337,1403.260153,0,0,213.8299763,4,1,149.8421452,27,1,5948.916048,0,0,3,4,0.5207429266,0.6943239021,471.5468039,1351594,24,0.0130358777,81.85155422,Official 311 files provide ward/FSA but no coordinates; CT count is an area-weighted ward-to-CT allocation using the existing municipal ward-to-CT crosswalk.,0.2168489288,0.2966069604,0.174,"Census Profile characteristic 1491: percent of tenant households in subsidized housing, converted to a 0-1 share. Denominator is tenant households, not all households."
5350316.04,5350316.04,2021S05075350316.04,316.04,2021,4105,3145,2615,0.46,0.2350791717,0.3556638246,0.1632155907,37.6,2.5,0.1435523114,0.2984165652,0.198,0.728358209,0.2686567164,0.9401709402,0.7268106734,0.3492537313,0.7781155015,0,0,8904.6,0.5816203144,0.068923821,0.1511487304,0.8314785374,0.8644067797,0.9330085262,0.3946406821,0.3232758621,0.1814859927,0.1981142669,0.198564583,518.0688079,2609.069553,0.375774878,0.2914742007,982.6513061,3371.314866,0.4959438112,0.4962947107,1296.893066,2613.151094,0.3566109854,0.1844146745,0.1844146745,5.415245764,4,0.8153361743,0.08351318657,3.122019352,3,0.6796944902,0.2826206179,2.182016551,3,0.5417083341,0.3663854124,0.2643384647,483307.623,1373.069306,0,0,466.1963016,5,1,0,26,1,6477.368139,0,0,2,0,0.4872107186,0,543.3569576,1351594,24,0.01502106426,132.3646669,Official 311 files provide ward/FSA but no coordinates; CT count is an area-weighted ward-to-CT allocation using the existing municipal ward-to-CT crosswalk.,0.2643384647,0.3663854124,0.559,"Census Profile characteristic 1491: percent of tenant households in subsidized housing, converted to a 0-1 share. Denominator is tenant households, not all households."
5350316.05,5350316.05,2021S05075350316.05,316.05,2021,4104,3155,2325,0.4,0.2484774665,0.3836784409,0.1266747868,36.4,3,0.157079646,0.1619975639,0.194,0.7189781022,0.2810218978,0.9574209246,0.7583120205,0.1751824818,0.7555555556,0.0777777778,0.0777777778,10140.8,0.5869565217,0.0821256039,0.2451690821,0.7369255151,0.8888888889,0.9427527406,0.4031668697,0.3091603053,0.1741778319,0.1952508273,0.2195537505,453.9581734,2067.640258,0.3150170595,0.3034158547,732.4146633,2413.897138,0.5684737721,0.5470065048,1321.70152,2416.244612,0.359580553,0.1331519626,0.1331519626,5.89369928,5,0.8303272779,0.04693384256,3.14401112,3,0.6819349672,0.2986804486,2.248966842,3,0.5553513811,0.3661593414,0.264287303,423768.6679,688.6400858,1,1,593.8398429,4,1,0,34,1,6063.131534,0,0,1,0,0.2436647173,0,476.420489,1351594,24,0.01317061037,116.0868638,Official 311 files provide ward/FSA but no coordinates; CT count is an area-weighted ward-to-CT allocation using the existing municipal ward-to-CT crosswalk.,0.264287303,0.3661593414,0.162,"Census Profile characteristic 1491: percent of tenant households in subsidized housing, converted to a 0-1 share. Denominator is tenant households, not all households."
5350316.06,5350316.06,2021S05075350316.06,316.06,2021,3367,2490,1910,0.41,0.2640949555,0.3471810089,0.118694362,32.8,3.1,0.1640378549,0.2050520059,0.202,0.6431924883,0.3615023474,0.9575113809,0.7408585056,0.2535211268,0.6036866359,0.1198156682,0.0322580645,8309.5,0.5562218891,0.0749625187,0.1844077961,0.7670682731,0.9205397301,0.940652819,0.4213649852,0.3475935829,0.2077151335,0.195596069,0.2117841525,373.5884918,1764.005887,0.2650272719,0.3175252745,506.2020892,1594.210382,0.576579854,0.5374628509,1101.267521,2049.011423,0.3457343983,0.157455424,0.157455424,5.3179453,4,0.8119574491,0.02431621553,3.112720881,3,0.678737658,0.3789084686,2.0694642,3,0.5167831364,0.3668558101,0.2647411391,424669.6455,652.465097,1,1,600.7717679,5,1,0,33,1,6450.200543,0,0,1,0,0.297000297,0,477.4334101,1351594,24,0.0131986125,141.7978646,Official 311 files provide ward/FSA but no coordinates; CT count is an area-weighted ward-to-CT allocation using the existing municipal ward-to-CT crosswalk.,0.2647411391,0.3668558101,0.596,"Census Profile characteristic 1491: percent of tenant households in subsidized housing, converted to a 0-1 share. Denominator is tenant households, not all households."
5350317.02,5350317.02,2021S05075350317.02,317.02,2021,7242,6215,4300,0.43,0.1973775017,0.3857832988,0.2615596963,46.8,2.3,0.408616188,0.2002762431,0.161,0.712962963,0.2854938272,0.894183602,0.6627822287,0.2808641975,0.9425465839,0.051242236,0.0046583851,16752.3,0.7017301038,0.1397923875,0.2989619377,0.6918744972,0.4809688581,0.9074585635,0.6629834254,0.3571428571,0.0966183575,0.3305238891,0.3261834225,1421.252723,4357.219359,0.4918897377,0.4206316034,2115.125872,5028.452106,0.7896996335,0.7268377244,3395.708424,4671.893478,0.5373710868,0.1412908548,0.1412908548,4.65664499,5,0.7852531163,0.2872726042,2.250826694,3,0.5557187932,0.2315765586,1.973509549,2,0.4932884919,0.2936195268,0.3006995982,452351.2888,1677.998425,0,0,738.9304717,2,1,272.5786513,18,1,3285.553528,0,0,2,1,0.2761668048,0.1380834024,606.828443,1351594,24,0.01221955103,83.79293606,Official 311 files provide ward/FSA but no coordinates; CT count is an area-weighted ward-to-CT allocation using the existing municipal ward-to-CT crosswalk.,0.3006995982,0.2936195268,0.194,"Census Profile characteristic 1491: percent of tenant households in subsidized housing, converted to a 0-1 share. Denominator is tenant households, not all households."
5350317.03,5350317.03,2021S05075350317.03,317.03,2021,3531,3030,2560,1.19,0.2223796034,0.3923512748,0.2223796034,46.4,2.9,0.6015831135,0.0849858357,0.136,0.2520661157,0.7479338843,0.9146514936,0.7274052478,0.1570247934,0.2571428571,0.4897959184,0.0897959184,2978.7,0.6169014085,0.0605633803,0.1535211268,0.8448844884,0.4626234133,0.954738331,0.6082036775,0.2216981132,0.104815864,0.287179534,0.3230663678,735.1796071,2275.630274,0.308315686,0.3470292614,789.2881562,2274.413844,0.772701579,0.6510715383,1978.116042,3038.246838,0.4560655997,0.1592621856,0.1592621856,4.229000729,4,0.7635375201,0.2914716568,2.221996005,3,0.5499541863,0.2341511687,1.967044756,2,0.4916231587,0.2715013485,0.256120901,1253190.818,1481.731985,0,0,963.0622126,1,1,0,16,1,3782.137667,0,0,0,0,0,0,1680.016009,1351594,24,0.03381674737,475.7904303,Official 311 files provide ward/FSA but no coordinates; CT count is an area-weighted ward-to-CT allocation using the existing municipal ward-to-CT crosswalk.,0.256120901,0.2715013485,0.082,"Census Profile characteristic 1491: percent of tenant households in subsidized housing, converted to a 0-1 share. Denominator is tenant households, not all households."
5350317.04,5350317.04,2021S05075350317.04,317.04,2021,6731,5550,4205,0.72,0.2249443207,0.414996288,0.1714922049,41.2,2.7,0.3905013193,0.1136701337,0.17,0.4750499002,0.5269461078,0.9020926756,0.6134060795,0.5508982036,0.858,0.02,0.072,9382.5,0.6740740741,0.1066666667,0.237037037,0.7576576577,0.5062916358,0.9554565702,0.6325167038,0.3326133909,0.1306607275,0.3343614813,0.352196443,1405.990029,3992.061979,0.4262043656,0.3864263324,1792.189358,4637.855154,0.6139786092,0.6423756066,2581.780052,4019.112845,0.4581814854,0.1010980704,0.1010980704,4.366816444,4,0.7710002211,0.3001693692,2.182229462,3,0.5417530477,0.1993825821,2.017626913,2,0.504368229,0.2607655452,0.2561972694,754041.031,598.5594773,1,1,523.2965471,5,1,17.99109236,26,1,3106.045859,0,0,0,5,0,0.7428316743,1011.210376,1351594,24,0.02035852073,150.2318193,Official 311 files provide ward/FSA but no coordinates; CT count is an area-weighted ward-to-CT allocation using the existing municipal ward-to-CT crosswalk.,0.2561972694,0.2607655452,0.05,"Census Profile characteristic 1491: percent of tenant households in subsidized housing, converted to a 0-1 share. Denominator is tenant households, not all households."
5350317.05,5350317.05,2021S05075350317.05,317.05,2021,2162,1905,1615,0.49,0.1986143187,0.4064665127,0.2655889145,50,2.7,0.4565217391,0.1111111111,0.126,0.2893081761,0.7169811321,0.8638497653,0.7373493976,0.2641509434,0.6625,0.00625,0.275,4369.4,0.6518691589,0.0700934579,0.1308411215,0.8477690289,0.4847775176,0.9630484988,0.6050808314,0.3661971831,0.0900692841,0.2308902732,0.2904205957,372.8877913,1283.957807,0.4246936893,0.3879369387,685.8803082,1768.020108,0.7550245006,0.6510307661,1219.364568,1872.975337,0.4702028211,0.06843398426,0.06843398426,4.542938275,4,0.779878145,0.2663980835,2.326231872,3,0.5701202394,0.1562193876,2.039158052,2,0.5096015246,0.08493486071,0.08951855279,570105.7836,279.215517,1,1,223.6884764,4,1,101.1152368,26,1,3141.209571,0,0,1,1,0.4625346901,0.4625346901,764.4919613,1351594,24,0.01539077499,353.6040524,Official 311 files provide ward/FSA but no coordinates; CT count is an area-weighted ward-to-CT allocation using the existing municipal ward-to-CT crosswalk.,0.08951855279,0.08493486071,0.277,"Census Profile characteristic 1491: percent of tenant households in subsidized housing, converted to a 0-1 share. Denominator is tenant households, not all households."
5350318.01,5350318.01,2021S05075350318.01,318.01,2021,4762,4090,2905,1.42,0.2731092437,0.4117647059,0.1691176471,41.2,2.8,0.527145359,0.1189473684,0.13,0.3823529412,0.6176470588,0.8811261731,0.6248648649,0.1441176471,0.35,0.5235294118,0,3365.4,0.5894519131,0.1023784902,0.271975181,0.7102689487,0.698757764,0.96,0.5694736842,0.3734177215,0.1008403361,0.2565387471,0.2930810259,745.2450602,2542.795317,0.3186960359,0.3449730768,925.8119844,2683.722431,0.5910308916,0.5123921307,1716.94474,3350.841352,0.3887552249,0.06056766523,0.06056766523,4.045156467,4,0.7527907738,0.05895948478,2.407483146,3,0.5846284525,0.08628287914,2.096971733,2,0.5231218503,0.1016060034,0.2810630352,1481976.698,1513.71237,0,0,678.7531666,5,1,0,23,1,1747.21468,0,0,0,7,0,1.469970601,2973.648716,1351594,24,0.07157482114,624.4537413,Official 311 files provide ward/FSA but no coordinates; CT count is an area-weighted ward-to-CT allocation using the existing municipal ward-to-CT crosswalk.,0.2810630352,0.1016060034,0,"Census Profile characteristic 1491: percent of tenant households in subsidized housing, converted to a 0-1 share. Denominator is tenant households, not all households."
5350318.02,5350318.02,2021S05075350318.02,318.02,2021,4137,3705,2065,0.49,0.3929866989,0.3700120919,0.1185006046,35.2,2.3,0.6308851224,0.2179176755,0.128,0.5817174515,0.4182825485,0.7194513716,0.4603580563,0.5817174515,0.85,0.0916666667,0,8418.8,0.6489493201,0.1582200247,0.4079110012,0.5573549258,0.8306551298,0.9455205811,0.715496368,0.4169741697,0.0652962515,0.2472552096,0.2592398184,510.5820078,1969.535432,0.4010032373,0.3184231299,828.0716851,2600.53874,0.6224541947,0.5709271571,1285.367912,2251.369366,0.4235708805,0.0696047858,0.0696047858,4.305382575,4,0.7677326039,0.007784704593,2.389641123,3,0.5815271212,0.06868778212,2.118237648,2,0.5279094388,0.3360113127,0.3475352036,514487.2347,1696.977188,0,0,828.4321191,2,1,60.56242368,38,1,1190.956762,1,1,2,24,0.4834421078,5.801305294,1032.341585,1351594,24,0.0248481583,249.5386959,Official 311 files provide ward/FSA but no coordinates; CT count is an area-weighted ward-to-CT allocation using the existing municipal ward-to-CT crosswalk.,0.3475352036,0.3360113127,0.076,"Census Profile characteristic 1491: percent of tenant households in subsidized housing, converted to a 0-1 share. Denominator is tenant households, not all households."
5350319.00,5350319.00,2021S05075350319.00,319,2021,4099,3535,2745,1.2,0.2414634146,0.4170731707,0.1914634146,45.2,2.7,0.5239043825,0.1564792176,0.133,0.3720930233,0.6245847176,0.8797619048,0.6199756395,0.0531561462,0.3046357616,0.6854304636,0,3411.3,0.6378698225,0.099408284,0.2556213018,0.7765205092,0.6402366864,0.9339853301,0.6332518337,0.2983870968,0.1073170732,0.2938733137,0.2792901776,806.6822461,2888.33017,0.3721613633,0.3337467719,1021.582942,3060.95228,0.5206865066,0.5541089776,1429.284461,2579.428449,0.3955737279,0.07495370214,0.07495370214,4.192882612,4,0.7615005969,0.04164984757,2.418081719,3,0.5864490468,0.06055446273,2.091959971,2,0.5219793812,0.1931015892,0.1648449181,1259248.403,2503.478891,0,0,535.2119732,2,1,225.9688393,19,1,2060.581855,0,0,0,19,0,4.635276897,2526.738088,1351594,24,0.06081784259,616.4279308,Official 311 files provide ward/FSA but no coordinates; CT count is an area-weighted ward-to-CT allocation using the existing municipal ward-to-CT crosswalk.,0.1648449181,0.1931015892,0,"Census Profile characteristic 1491: percent of tenant households in subsidized housing, converted to a 0-1 share. Denominator is tenant households, not all households."
5350320.01,5350320.01,2021S05075350320.01,320.01,2021,5178,4390,2835,0.74,0.1971014493,0.4048309179,0.2338164251,45.6,2.5,0.4542190305,0.1676587302,0.16,0.7086419753,0.2938271605,0.9034205231,0.6285414481,0.0567901235,0.7722772277,0.1361386139,0.0767326733,7027.7,0.6938369781,0.1461232604,0.3091451292,0.645785877,0.4895522388,0.9384920635,0.6428571429,0.3844011142,0.1072463768,0.3002442638,0.3145812721,851.1924879,2705.795174,0.4088492418,0.3403794866,1159.0876,3405.280418,0.7010045297,0.5779918068,1987.347842,3438.366804,0.4700326784,0.1301717907,0.1301717907,4.286902303,4,0.7667313297,0.200922577,2.397893404,3,0.5829672835,0.1583804718,2.055537439,2,0.5135092258,0.1417555497,0.04860015811,771926.7767,1705.62535,0,0,290.1465355,2,1,52.80151378,25,1,2775.718004,0,0,3,0,0.5793742758,0,1548.96474,1351594,24,0.03728309875,299.1434415,Official 311 files provide ward/FSA but no coordinates; CT count is an area-weighted ward-to-CT allocation using the existing municipal ward-to-CT crosswalk.,0.04860015811,0.1417555497,0.192,"Census Profile characteristic 1491: percent of tenant households in subsidized housing, converted to a 0-1 share. Denominator is tenant households, not all households."
5350320.02,5350320.02,2021S05075350320.02,320.02,2021,5802,4980,3405,0.85,0.2267241379,0.4198275862,0.1974137931,44.8,2.8,0.4855769231,0.1190681622,0.137,0.412195122,0.587804878,0.8918439716,0.6303751144,0.4024390244,0.5888077859,0.0900243309,0.2214111922,6803.5,0.6977973568,0.1207048458,0.2748898678,0.6837349398,0.6593309859,0.9431034483,0.6405172414,0.3488943489,0.1051724138,0.3148539988,0.2908813697,1072.077866,3685.618872,0.4857790353,0.4083206263,1654.077615,4050.928385,0.6869418827,0.571537248,2339.037111,4092.536608,0.4958583056,0.004714507841,0.004714507841,4.130705078,4,0.7579105792,0.1267219923,2.441035738,3,0.590337829,0.0004358898358,2.100445979,2,0.5239106313,0.0703013236,0.1617907689,892912.7534,2829.061756,0,0,731.5191474,1,1,216.9537538,13,1,2668.547218,0,0,1,12,0.1723543606,2.068252327,1791.679568,1351594,24,0.04312520021,308.8037863,Official 311 files provide ward/FSA but no coordinates; CT count is an area-weighted ward-to-CT allocation using the existing municipal ward-to-CT crosswalk.,0.1617907689,0.0703013236,0.03,"Census Profile characteristic 1491: percent of tenant households in subsidized housing, converted to a 0-1 share. Denominator is tenant households, not all households."
5350321.01,5350321.01,2021S05075350321.01,321.01,2021,3808,3245,2565,1.26,0.217847769,0.3963254593,0.2244094488,46.4,3,0.5945945946,0.1366622865,0.156,0.219123506,0.780876494,0.8885976409,0.6508152174,0.0199203187,0.1673151751,0.8287937743,0.0038910506,3030.2,0.6171875,0.0703125,0.19921875,0.7904468413,0.7395833333,0.9302631579,0.6631578947,0.2304147465,0.1115485564,0.3282078667,0.3488847503,841.8531781,2412.983593,0.4421773048,0.3679877383,1134.184787,3082.126573,0.6674878777,0.6187366793,1712.106406,2767.100228,0.4792910164,0.05705623768,0.05705623768,3.982255846,4,0.7488860489,0.1496572835,2.256300927,2,0.5567967074,0.05887308957,2.052315392,2,0.5127454562,0.05604250988,0.1176741066,1317501.853,3130.423133,0,0,1491.916142,0,0,35.29875026,15,1,954.7582863,1,1,4,42,1.050420168,11.02941176,2638.900638,1351594,24,0.06351822935,692.9886129,Official 311 files provide ward/FSA but no coordinates; CT count is an area-weighted ward-to-CT allocation using the existing municipal ward-to-CT crosswalk.,0.1176741066,0.05604250988,0,"Census Profile characteristic 1491: percent of tenant households in subsidized housing, converted to a 0-1 share. Denominator is tenant households, not all households."
5350321.02,5350321.02,2021S05075350321.02,321.02,2021,3879,3365,2510,1.22,0.2371134021,0.418814433,0.199742268,44.4,2.7,0.600877193,0.1452658885,0.123,0.4163822526,0.5870307167,0.864116095,0.6327913279,0.0853242321,0.3529411765,0.6366782007,0,3186.8,0.5976408912,0.1035386632,0.2398427261,0.7459138187,0.7038007864,0.938961039,0.638961039,0.212962963,0.0953608247,0.3015085905,0.3343513541,756.7865621,2263.446978,0.4117304023,0.3617184421,1033.44331,2857.037932,0.6316599214,0.5652275946,1585.466403,2805.005307,0.4482996381,0.02940325741,0.02940325741,4.051827719,4,0.7531977988,0.1446428213,2.274541352,2,0.5603509256,0.07685464317,2.065478655,2,0.5158507217,0.07440145444,0.1305399054,1275210.612,2824.683753,0,0,1166.088039,1,1,139.6511084,21,1,1123.493545,1,1,5,26,1.288992008,6.702758443,2558.59636,1351594,24,0.0615858649,659.6020522,Official 311 files provide ward/FSA but no coordinates; CT count is an area-weighted ward-to-CT allocation using the existing municipal ward-to-CT crosswalk.,0.1305399054,0.07440145444,0.066,"Census Profile characteristic 1491: percent of tenant households in subsidized housing, converted to a 0-1 share. Denominator is tenant households, not all households."
5350322.01,5350322.01,2021S05075350322.01,322.01,2021,4495,4010,2565,0.21,0.3659621802,0.3715239155,0.1434927697,36,2.1,0.678807947,0.2229654404,0.124,0.4340909091,0.5636363636,0.7731277533,0.4610169492,0.9727272727,0.9977220957,0,0,21600.2,0.6644808743,0.1770491803,0.3683060109,0.6396508728,0.8349726776,0.9310344828,0.6974416018,0.3900414938,0.0745272525,0.3548711272,0.3116349225,910.2444412,2920.867898,0.5772530142,0.3995422476,1480.653981,3705.875887,0.7791800806,0.5606453469,1998.596907,3564.814936,0.5704347407,0.1587995764,0.1587995764,3.641646337,4,0.7253989247,0.02536709786,2.460337729,3,0.5935517356,0.1400828568,2.079685805,2,0.5191581355,0.2145397484,0.2929408242,217889.7167,1728.635275,0,0,1050.126609,3,1,170.0772464,38,1,1203.244081,0,0,0,0,0,0,437.2054355,1351594,24,0.01052340624,97.26483548,Official 311 files provide ward/FSA but no coordinates; CT count is an area-weighted ward-to-CT allocation using the existing municipal ward-to-CT crosswalk.,0.2929408242,0.2145397484,0.057,"Census Profile characteristic 1491: percent of tenant households in subsidized housing, converted to a 0-1 share. Denominator is tenant households, not all households."
5350322.02,5350322.02,2021S05075350322.02,322.02,2021,3814,3455,2080,1.41,0.2175622543,0.2975098296,0.373525557,54.8,2.6,0.6265822785,0.1987480438,0.118,0.3975903614,0.5983935743,0.8309178744,0.6414473684,0,0.316,0.648,0.016,2712.5,0.6479099678,0.0723472669,0.2411575563,0.6020260492,0.7491961415,0.8992248062,0.6744186047,0.2814371257,0.0681520315,0.359573236,0.3622698539,747.9123308,2064.517162,0.3700357525,0.3754037753,769.6743651,2050.257392,0.6842340207,0.6289621377,1423.206763,2262.786069,0.471281003,0.007273152082,0.007273152082,4.266110291,4,0.7655944334,0.09973858812,2.393850757,3,0.582263014,0.1055215443,2.088450968,2,0.5211762137,0.1717611166,0.1659363067,1474209.631,2269.666057,0,0,806.5451903,1,1,100.0233316,29,1,1480.229821,0,0,2,2,0.524383849,0.524383849,2957.845567,1351594,24,0.07119603691,775.5232215,Official 311 files provide ward/FSA but no coordinates; CT count is an area-weighted ward-to-CT allocation using the existing municipal ward-to-CT crosswalk.,0.1659363067,0.1717611166,0.48,"Census Profile characteristic 1491: percent of tenant households in subsidized housing, converted to a 0-1 share. Denominator is tenant households, not all households."
5350323.01,5350323.01,2021S05075350323.01,323.01,2021,4274,3670,3020,1.03,0.2058479532,0.3719298246,0.2561403509,48,2.4,0.5894495413,0.1194379391,0.136,0.5842696629,0.4129213483,0.8712753278,0.6350364964,0.2050561798,0.7182320442,0.2790055249,0,4130.7,0.5931198102,0.0699881376,0.1850533808,0.8228882834,0.6532066508,0.9625730994,0.5497076023,0.2489082969,0.1099415205,0.3141481523,0.3370227443,948.7274198,2815.024908,0.4593491948,0.3483073643,1387.234568,3982.78851,0.6941255403,0.6378082913,2096.259132,3286.660208,0.4892076291,0.04705171751,0.04705171751,3.834253024,4,0.7391930074,0.08427129592,2.849047935,4,0.6490055545,0.1445359256,2.149335739,2,0.5347399749,0.02056571751,0.08258009502,1089430.419,1541.941269,0,0,744.1572579,1,1,13.50004369,22,1,1225.871576,0,0,3,1,0.7019185774,0.2339728591,1596.320459,1351594,24,0.04258099928,373.4956619,Official 311 files provide ward/FSA but no coordinates; CT count is an area-weighted ward-to-CT allocation using the existing municipal ward-to-CT crosswalk.,0.08258009502,0.02056571751,0.053,"Census Profile characteristic 1491: percent of tenant households in subsidized housing, converted to a 0-1 share. Denominator is tenant households, not all households."
5350323.02,5350323.02,2021S05075350323.02,323.02,2021,4950,4440,3485,1.83,0.1585858586,0.3131313131,0.404040404,58.4,2.5,0.6856435644,0.102310231,0.117,0.4070080863,0.5929919137,0.9427942794,0.7204058625,0.0458221024,0.4316939891,0.4043715847,0.1147540984,2705.7,0.5936473165,0.0405257393,0.1281489595,0.7849099099,0.6597374179,0.9407894737,0.5789473684,0.1502347418,0.0818181818,0.4467241278,0.3805004869,1556.833585,4091.541638,0.5228021939,0.3887952172,1821.965646,4686.183279,0.7555044292,0.6103896331,2632.932936,4313.528266,0.5750102503,0.1430522231,0.1430522231,3.502436,4,0.7144844331,0.01443849001,2.750123955,3,0.6363800263,0.0994462047,2.139255284,2,0.5325476079,0.07970277423,0.08542696444,1944779.74,1406.723292,0,0,1159.604328,1,1,99.89433457,20,1,888.6962636,1,1,2,2,0.404040404,0.404040404,2842.534022,1351594,24,0.07582284643,574.2492973,Official 311 files provide ward/FSA but no coordinates; CT count is an area-weighted ward-to-CT allocation using the existing municipal ward-to-CT crosswalk.,0.08542696444,0.07970277423,0,"Census Profile characteristic 1491: percent of tenant households in subsidized housing, converted to a 0-1 share. Denominator is tenant households, not all households."
5350324.01,5350324.01,2021S05075350324.01,324.01,2021,3275,2700,2130,1.18,0.2381679389,0.3511450382,0.213740458,43.2,2.9,0.5596590909,0.1422018349,0.153,0.2723214286,0.7276785714,0.8873668189,0.677672956,0.1071428571,0.3901345291,0.269058296,0.2421524664,2765.3,0.5642965204,0.0635400908,0.1981845688,0.7888888889,0.7579425113,0.9235474006,0.5718654434,0.2302631579,0.134351145,0.3591133375,0.3429165233,764.9114089,2230.605284,0.4039161291,0.3785870412,860.3413551,2272.506086,0.6997882082,0.6163670251,1490.548883,2418.281353,0.4876058916,0.01067655689,0.01067655689,3.757077192,4,0.7338356523,0.01003137885,2.958750971,3,0.6620195448,0.06101211062,2.202924263,2,0.54605793,0.2263540166,0.2013569479,1257188.259,453.3095981,1,1,506.6326049,1,1,31.16563293,26,1,1742.735327,0,0,1,1,0.3053435115,0.3053435115,1842.128255,1351594,24,0.0491378339,562.4819099,Official 311 files provide ward/FSA but no coordinates; CT count is an area-weighted ward-to-CT allocation using the existing municipal ward-to-CT crosswalk.,0.2013569479,0.2263540166,0.5,"Census Profile characteristic 1491: percent of tenant households in subsidized housing, converted to a 0-1 share. Denominator is tenant households, not all households."
5350324.02,5350324.02,2021S05075350324.02,324.02,2021,5925,5020,3970,1.89,0.2329113924,0.3864978903,0.2185654008,46.4,2.7,0.5968,0.1656804734,0.163,0.2993039443,0.7006960557,0.8936708861,0.716017316,0.1044083527,0.2909930716,0.5311778291,0.0300230947,3133.8,0.6277310924,0.0470588235,0.1890756303,0.7908366534,0.8134453782,0.9248310811,0.6393581081,0.2185185185,0.1240506329,0.3064863925,0.34333607,1216.750978,3543.906641,0.3929198271,0.3562517647,1559.891714,4378.621717,0.6095711482,0.6137503035,2419.997458,3942.967433,0.4363257893,0.04851133483,0.04851133483,3.775881618,4,0.7351611885,0.0339050493,2.949484295,3,0.6609576794,0.1087433763,2.155211213,2,0.5360083531,0.09903070261,0.1646454144,1982031.279,490.9643089,1,1,660.575497,3,1,0,30,1,2631.458147,0,0,1,0,0.1687763713,0,2904.223608,1351594,24,0.07746868704,490.1643221,Official 311 files provide ward/FSA but no coordinates; CT count is an area-weighted ward-to-CT allocation using the existing municipal ward-to-CT crosswalk.,0.1646454144,0.09903070261,0.523,"Census Profile characteristic 1491: percent of tenant households in subsidized housing, converted to a 0-1 share. Denominator is tenant households, not all households."
5350324.03,5350324.03,2021S05075350324.03,324.03,2021,3671,3325,2900,2.17,0.1496598639,0.2693877551,0.474829932,62.8,2.2,0.638225256,0.1693989071,0.107,0.2434017595,0.7565982405,0.9193548387,0.7479452055,0.4457478006,0.6955223881,0.0925373134,0.2059701493,1694.2,0.6711409396,0.0617449664,0.1570469799,0.8721804511,0.688590604,0.8978201635,0.6035422343,0.1268656716,0.0775510204,0.4892387004,0.4298528168,1418.792231,3300.646583,0.4693384187,0.4480669217,1361.081414,3037.674393,0.8332332123,0.6949605747,2416.376316,3476.997694,0.5972701104,0.09662505888,0.09662505888,3.578322705,4,0.7205394587,0.02466269813,2.879325157,3,0.6526963975,0.1244529016,2.14054113,2,0.5328284116,0.05304674748,0.07207271742,2272912.603,2023.195511,0,0,1160.508625,1,1,91.97599191,14,1,3349.724852,0,0,2,5,0.5448106783,1.362026696,3328.838998,1351594,24,0.08879857661,906.7935163,Official 311 files provide ward/FSA but no coordinates; CT count is an area-weighted ward-to-CT allocation using the existing municipal ward-to-CT crosswalk.,0.07207271742,0.05304674748,0.583,"Census Profile characteristic 1491: percent of tenant households in subsidized housing, converted to a 0-1 share. Denominator is tenant households, not all households."
5350324.05,5350324.05,2021S05075350324.05,324.05,2021,3336,2840,2245,0.66,0.1604197901,0.371814093,0.311844078,51.2,2.4,0.6380952381,0.1909774436,0.117,0.3550724638,0.6449275362,0.9176829268,0.7096273292,0.3297101449,0.4363636364,0.2472727273,0.0290909091,5087.7,0.7066869301,0.0547112462,0.1990881459,0.7904929577,0.8252279635,0.8528528529,0.6906906907,0.2422360248,0.1244377811,0.3755406554,0.3663021565,843.0887715,2301.621097,0.4437613026,0.3870038392,996.2441244,2574.248686,0.7579566846,0.6841397039,1701.612757,2487.229943,0.5257528809,0.0588059957,0.0588059957,3.667542729,4,0.7273378734,0.03288782741,3.038018694,3,0.6708381019,0.05777440211,2.225596565,2,0.5506822683,0.3389254457,0.1648144475,687919.5111,1268.538821,0,0,1126.707018,1,1,20.41271785,17,1,3005.273587,0,0,0,0,0,0,1001.159061,1351594,24,0.02670540855,300.1076322,Official 311 files provide ward/FSA but no coordinates; CT count is an area-weighted ward-to-CT allocation using the existing municipal ward-to-CT crosswalk.,0.1648144475,0.3389254457,0.687,"Census Profile characteristic 1491: percent of tenant households in subsidized housing, converted to a 0-1 share. Denominator is tenant households, not all households."
5350324.06,5350324.06,2021S05075350324.06,324.06,2021,3442,2750,2025,0.66,0.1889534884,0.4127906977,0.1802325581,43.6,2.9,0.6104972376,0.0899854862,0.13,0.1754385965,0.8245614035,0.8968609865,0.6795069337,0.4912280702,0.3617021277,0,0.3234042553,5246.2,0.6607407407,0.0755555556,0.2311111111,0.7363636364,0.8284023669,0.9389534884,0.636627907,0.2085889571,0.1671511628,0.4193032871,0.3562748896,849.0891563,2383.241651,0.563742301,0.4275126387,1141.578159,2670.279323,0.8635433221,0.7169216658,1748.675227,2439.144067,0.6155296367,0.02062468063,0.02062468063,3.892216152,4,0.7430769616,0.0183832719,2.967650792,3,0.6630331296,0.03481569762,2.203315442,2,0.5461385233,0.03540385916,0.06886346142,688555.8459,1978.316108,0,0,1797.054116,0,0,131.0456447,7,1,3757.061858,0,0,1,0,0.2905287623,0,998.7969969,1351594,24,0.02664240169,290.1792553,Official 311 files provide ward/FSA but no coordinates; CT count is an area-weighted ward-to-CT allocation using the existing municipal ward-to-CT crosswalk.,0.06886346142,0.03540385916,0,"Census Profile characteristic 1491: percent of tenant households in subsidized housing, converted to a 0-1 share. Denominator is tenant households, not all households."
5350330.00,5350330.00,2021S05075350330.00,330,2021,4252,3560,3330,2.24,0.1633372503,0.3889541716,0.2702702703,49.6,2.5,0.4606205251,0.0576470588,0.127,0.2536023055,0.7492795389,0.8950403691,0.710653753,0.0057636888,0.269005848,0.6900584795,0.0409356725,1901,0.2980437284,0.0138089758,0.0586881473,0.9353932584,0.33141542,0.9917647059,0.2329411765,0.1724137931,0.1233842538,0.4298519304,0.4273546585,1431.406928,3349.459049,0.4001465968,0.4087545579,1332.488167,3259.873539,0.673811708,0.6736956473,2243.792988,3330.573675,0.5012700784,0.09773764621,0.09773764621,4.387490372,5,0.772079272,0.2471657177,2.336611994,3,0.5720299294,0.3277241117,1.97495636,2,0.4936596979,0.04028141786,0.0732451595,2343637.045,1035.937561,1,1,846.6408003,1,1,221.149856,15,1,1210.840052,0,0,1,3,0.2351834431,0.7055503293,3350.498647,1351594,24,0.07808001797,787.9818078,Official 311 files provide ward/FSA but no coordinates; CT count is an area-weighted ward-to-CT allocation using the existing municipal ward-to-CT crosswalk.,0.0732451595,0.04028141786,0,"Census Profile characteristic 1491: percent of tenant households in subsidized housing, converted to a 0-1 share. Denominator is tenant households, not all households."
5350331.01,5350331.01,2021S05075350331.01,331.01,2021,5545,4620,4165,1.57,0.1740306583,0.3733092876,0.2732191163,49.6,2.4,0.4722222222,0.0580110497,0.14,0.1894977169,0.8127853881,0.9497630332,0.744346116,0.3744292237,0.391011236,0.4404494382,0.0292134831,3522.9,0.3818011257,0.0272045028,0.0722326454,0.9015151515,0.4155722326,0.9898710866,0.2532228361,0.2206896552,0.1226330027,0.4527416419,0.4363541393,1885.668938,4321.418702,0.5604752474,0.4598984458,2334.379405,5075.858435,0.7503691875,0.6436152313,3125.287666,4855.832358,0.5878620256,0.1362839958,0.1362839958,4.14753226,5,0.7588927735,0.2520185081,2.282687648,3,0.5619199146,0.2963644926,2.015643337,2,0.5038804824,0.1081270828,0.1545371044,1649700.229,448.3099718,1,1,645.5396842,4,1,133.4269829,31,1,1909.154304,0,0,0,2,0,0.3606853021,2529.549349,1351594,24,0.06024170872,456.1856356,Official 311 files provide ward/FSA but no coordinates; CT count is an area-weighted ward-to-CT allocation using the existing municipal ward-to-CT crosswalk.,0.1545371044,0.1081270828,0,"Census Profile characteristic 1491: percent of tenant households in subsidized housing, converted to a 0-1 share. Denominator is tenant households, not all households."
5350331.03,5350331.03,2021S05075350331.03,331.03,2021,6065,4305,2950,0.51,0.2456718879,0.3693322341,0.0824402308,32,3.3,0.3225806452,0.1848184818,0.215,0.7574123989,0.2425876011,0.9272419628,0.6672629696,0.1886792453,0.9164420485,0.0862533693,0,11899.2,0.6093489149,0.1594323873,0.2938230384,0.6852497096,0.8956594324,0.9653465347,0.4867986799,0.3719512195,0.2201154163,0.2193227309,0.2630814968,647.002056,2459.321784,0.3699907277,0.3251245505,1091.472647,3357.090829,0.6552622781,0.629899424,1933.02372,3068.781534,0.4148585789,0.1783763665,0.1783763665,4.926717204,5,0.7970250862,0.2401124137,2.369468031,3,0.5779643419,0.3660540097,2.049386709,3,0.5120491435,0.2764783836,0.2719743212,534158.3619,1278.527613,0,0,59.45731941,2,1,37.1173886,43,1,2168.816856,0,0,2,6,0.3297609233,0.98928277,819.7027083,1351594,24,0.0195213791,135.152961,Official 311 files provide ward/FSA but no coordinates; CT count is an area-weighted ward-to-CT allocation using the existing municipal ward-to-CT crosswalk.,0.2719743212,0.2764783836,0.057,"Census Profile characteristic 1491: percent of tenant households in subsidized housing, converted to a 0-1 share. Denominator is tenant households, not all households."
5350331.04,5350331.04,2021S05075350331.04,331.04,2021,3372,2905,2315,1.11,0.2151335312,0.3887240356,0.2433234421,48,2.4,0.4853333333,0.0787037037,0.136,0.1048689139,0.8951310861,0.8610687023,0.63125,0.6479400749,0.6268656716,0.3358208955,0.0037313433,3050.2,0.5204236006,0.0665658094,0.1709531014,0.7969018933,0.6096822995,0.9792592593,0.3555555556,0.3041474654,0.0994065282,0.4065080407,0.3321140123,941.0661143,2833.563414,0.4393750623,0.3866838547,1017.153269,2630.451872,0.6913443542,0.5824466283,1600.46218,2747.826328,0.5124091524,0.002678704262,0.002678704262,4.681922797,5,0.7864125396,0.1941386151,2.330156377,3,0.5708442532,0.3068472874,2.046827692,2,0.5114390899,0.1215616813,0.2320197427,1159232.536,1462.255591,0,0,460.6638748,3,1,413.2314953,22,1,1781.466637,0,0,5,6,1.482799526,1.779359431,1777.538971,1351594,24,0.04232347352,527.1467886,Official 311 files provide ward/FSA but no coordinates; CT count is an area-weighted ward-to-CT allocation using the existing municipal ward-to-CT crosswalk.,0.2320197427,0.1215616813,0,"Census Profile characteristic 1491: percent of tenant households in subsidized housing, converted to a 0-1 share. Denominator is tenant households, not all households."
5350332.00,5350332.00,2021S05075350332.00,332,2021,7337,5780,4820,1.53,0.2201772324,0.3926380368,0.1629175187,40.4,2.6,0.2986022872,0.201384083,0.169,0.6286231884,0.3731884058,0.9191637631,0.6817518248,0.1847826087,0.7287522604,0.1754068716,0.0108499096,4795.4,0.5176470588,0.0657439446,0.1453287197,0.8339100346,0.7543252595,0.9730476849,0.402902557,0.3007159905,0.1588275392,0.328471144,0.3233400293,1583.230914,4896.489053,0.4132386491,0.3862176338,1991.810289,5157.222546,0.6685684519,0.6218251758,3222.499938,5182.324653,0.4700927483,0.1129698582,0.1129698582,4.632610229,5,0.7841389734,0.04067189986,3.175867663,3,0.6851254189,0.3127122317,2.117957678,2,0.5278470338,0.3802575347,0.2754229773,1603691.137,1464.927653,0,0,547.7407504,1,1,235.127978,36,1,1164.934632,1,1,3,23,0.4088864659,3.134796238,3195.478088,1351594,24,0.05503975402,435.5292474,Official 311 files provide ward/FSA but no coordinates; CT count is an area-weighted ward-to-CT allocation using the existing municipal ward-to-CT crosswalk.,0.2754229773,0.3802575347,0.434,"Census Profile characteristic 1491: percent of tenant households in subsidized housing, converted to a 0-1 share. Denominator is tenant households, not all households."
5350333.00,5350333.00,2021S05075350333.00,333,2021,4717,3825,3510,2.45,0.2152704136,0.3955461294,0.1802757158,43.2,2.9,0.4015748031,0.0710498409,0.153,0.2363636364,0.7606060606,0.9200426439,0.7361419069,0.0454545455,0.1376146789,0.6850152905,0.003058104,1927.5,0.3410770855,0.0306230201,0.0918690602,0.9176470588,0.4789029536,0.98621421,0.2884411453,0.2114695341,0.1495227996,0.4518204703,0.4127244766,1585.889851,3842.490428,0.470788573,0.4417837751,1652.467891,3740.444952,0.6089890585,0.6451113067,2137.551595,3313.461682,0.5105327006,0.06990735346,0.06990735346,4.24666581,4,0.7645211456,0.0356773479,3.054223457,3,0.6725845328,0.2388282552,2.162853595,2,0.5376478546,0.007694536505,0.09270538464,2565362.86,337.9972837,1,1,1147.662787,1,1,159.88406,20,1,124.8761598,1,1,1,10,0.211999152,2.11999152,5317.228336,1351594,24,0.08696105516,1127.247898,Official 311 files provide ward/FSA but no coordinates; CT count is an area-weighted ward-to-CT allocation using the existing municipal ward-to-CT crosswalk.,0.09270538464,0.007694536505,0.266,"Census Profile characteristic 1491: percent of tenant households in subsidized housing, converted to a 0-1 share. Denominator is tenant households, not all households."
5350334.00,5350334.00,2021S05075350334.00,334,2021,3610,2840,2565,2.45,0.1828254848,0.4238227147,0.1703601108,44.4,2.8,0.56167979,0.0835654596,0.113,0.1541501976,0.8498023715,0.8956276446,0.6847507331,0.0158102767,0.1284046693,0.8677042802,0,1474.7,0.2703081232,0.0210084034,0.0700280112,0.9031690141,0.270687237,0.987534626,0.2326869806,0.1711229947,0.1703601108,0.4825733974,0.4421500705,1237.800764,2799.503713,0.5126422943,0.4368022258,1314.927485,3010.349781,0.6935419803,0.6134527815,1778.93518,2899.873035,0.562919224,0.1174318273,0.1174318273,4.118920281,4,0.7572179281,0.1116791663,3.038387509,3,0.6708780571,0.2724737887,2.124590424,2,0.5293210453,0.01687366556,0.0869951587,2566372.838,1671.913977,0,0,410.540858,1,1,96.90242029,20,1,1813.996831,0,0,7,8,1.939058172,2.216066482,5293.674575,1351594,24,0.08656018338,1466.391849,Official 311 files provide ward/FSA but no coordinates; CT count is an area-weighted ward-to-CT allocation using the existing municipal ward-to-CT crosswalk.,0.0869951587,0.01687366556,0,"Census Profile characteristic 1491: percent of tenant households in subsidized housing, converted to a 0-1 share. Denominator is tenant households, not all households."
5350335.00,5350335.00,2021S05075350335.00,335,2021,7857,6350,5450,2.23,0.2124681934,0.3893129771,0.1908396947,43.2,2.6,0.4191980559,0.1418530351,0.174,0.527027027,0.4712837838,0.9103803997,0.6984656438,0.0337837838,0.5168918919,0.3918918919,0.0185810811,3523.5,0.4555910543,0.0530351438,0.1309904153,0.8582677165,0.6019169329,0.972611465,0.4038216561,0.2742980562,0.1475826972,0.357875057,0.3760627986,1950.419061,5186.418513,0.4338163732,0.4376396,2364.299234,5402.388709,0.6816022464,0.65737436,3714.732243,5650.862688,0.4910978922,0.03578368139,0.03578368139,4.373081684,5,0.7713283052,0.1314233173,3.005309466,3,0.6672555651,0.2951397859,2.125430881,3,0.5295071653,0.1479352707,0.1233630251,2337926.827,1025.853337,1,1,266.3978957,1,1,22.10706699,23,1,1237.864128,0,0,1,2,0.1272750414,0.2545500827,4850.627141,1351594,24,0.07931563773,617.36377,Official 311 files provide ward/FSA but no coordinates; CT count is an area-weighted ward-to-CT allocation using the existing municipal ward-to-CT crosswalk.,0.1233630251,0.1479352707,0.23,"Census Profile characteristic 1491: percent of tenant households in subsidized housing, converted to a 0-1 share. Denominator is tenant households, not all households."
5350336.00,5350336.00,2021S05075350336.00,336,2021,6901,5710,4895,1.61,0.2282608696,0.4231884058,0.1630434783,42.4,2.8,0.3614303959,0.073800738,0.153,0.179916318,0.820083682,0.8994748687,0.6924882629,0.0167364017,0.256147541,0.6782786885,0.0614754098,4283.4,0.3699851412,0.0371471025,0.0891530461,0.857267951,0.4814264487,0.9719764012,0.3362831858,0.2352941176,0.1253623188,0.401211353,0.3885497338,1963.929573,5054.512723,0.4968273982,0.4244966003,2431.970114,5729.06853,0.6703314119,0.631703902,3281.272261,5194.320078,0.5227900544,0.01948886284,0.01948886284,4.468770502,4,0.7762248029,0.1845332078,2.890402878,3,0.6540274687,0.2482829468,2.195355882,2,0.544492987,0.07850272014,0.1916928281,1688611.412,970.7990574,1,1,1312.695667,0,0,327.5156021,30,1,1231.540438,0,0,0,1,0,0.1449065353,3503.456247,1351594,24,0.05728720398,507.6737062,Official 311 files provide ward/FSA but no coordinates; CT count is an area-weighted ward-to-CT allocation using the existing municipal ward-to-CT crosswalk.,0.1916928281,0.07850272014,0.046,"Census Profile characteristic 1491: percent of tenant households in subsidized housing, converted to a 0-1 share. Denominator is tenant households, not all households."
5350337.01,5350337.01,2021S05075350337.01,337.01,2021,1177,970,920,0.2,0.2978723404,0.3914893617,0.1191489362,36.4,2.1,0.3076923077,0.1914893617,0.203,0.5491803279,0.4590163934,0.8401639344,0.4242424242,0.4426229508,0.8672566372,0.1415929204,0.0088495575,5835.4,0.3183673469,0.0408163265,0.1142857143,0.9484536082,0.3918367347,0.9872340426,0.3021276596,0.1764705882,0.114893617,0.3688119088,0.3539241662,339.3069561,958.6995988,0.4808613699,0.4212816123,442.3924603,1050.111012,0.6690268055,0.6546275066,615.504661,940.2364777,0.5062333614,0.01187639813,0.01187639813,4.520407191,4,0.7787809908,0.151076506,2.985755399,3,0.6650763822,0.236415829,2.189726816,3,0.5433220288,0.2068751591,0.1647948015,211461.4477,1539.860394,0,0,770.4069373,1,1,259.8810999,31,1,1282.675535,0,0,2,9,1.699235344,7.646559048,438.7308557,1351594,24,0.007173962582,372.7534883,Official 311 files provide ward/FSA but no coordinates; CT count is an area-weighted ward-to-CT allocation using the existing municipal ward-to-CT crosswalk.,0.1647948015,0.2068751591,0.134,"Census Profile characteristic 1491: percent of tenant households in subsidized housing, converted to a 0-1 share. Denominator is tenant households, not all households."
5350337.02,5350337.02,2021S05075350337.02,337.02,2021,2008,1680,1270,0.65,0.1791044776,0.3880597015,0.2512437811,48.4,2.2,0.3135135135,0.173553719,0.186,0.6606060606,0.3333333333,0.880952381,0.670846395,0.0424242424,0.625,0.369047619,0,3105,0.2580645161,0.0469208211,0.0879765396,0.755952381,0.2719298246,0.9900249377,0.1795511222,0.1960784314,0.1169154229,0.365547923,0.3211632906,464.2458622,1445.513469,0.5555134221,0.3643793958,705.502046,1936.174367,0.8819298214,0.5422510862,1120.050873,2065.557639,0.6009970555,0.001382724117,0.001382724117,4.638482257,5,0.7844122399,0.1111197145,3.115842368,3,0.6790595025,0.269814675,2.25637675,3,0.5568116008,0.2071501048,0.1648136996,678007.0766,1764.427735,0,0,1134.419238,1,1,164.1265993,32,1,1665.347349,0,0,0,10,0,4.980079681,1405.377012,1351594,24,0.02298019837,699.88895,Official 311 files provide ward/FSA but no coordinates; CT count is an area-weighted ward-to-CT allocation using the existing municipal ward-to-CT crosswalk.,0.1648136996,0.2071501048,0.191,"Census Profile characteristic 1491: percent of tenant households in subsidized housing, converted to a 0-1 share. Denominator is tenant households, not all households."
5350338.00,5350338.00,2021S05075350338.00,338,2021,6092,4990,4580,1.68,0.1691297209,0.4515599343,0.1830870279,45.6,2.2,0.420979021,0.1141666667,0.154,0.3469387755,0.6530612245,0.9189412738,0.69527897,0.0556586271,0.3955223881,0.5541044776,0.0242537313,3616.5,0.2391482391,0.0212940213,0.0737100737,0.9178356713,0.2366912367,0.9942528736,0.1486042693,0.1621621622,0.132183908,0.4053727482,0.4074750798,1856.607187,4556.369895,0.4127503186,0.4232226516,1890.396459,4466.671272,0.5980754371,0.6353411335,2739.185502,4311.361814,0.472066168,0.04339777282,0.04339777282,3.999805372,4,0.7499878352,0.1483442349,2.999130482,3,0.6665700256,0.2953823682,2.13186121,3,0.5309263121,0.2420608603,0.1532496594,1766375.53,666.1995735,1,1,425.5943532,3,1,142.2631099,52,1,123.8390176,1,1,4,21,0.6565988181,3.447143795,3659.256127,1351594,24,0.05983478526,600.6658121,Official 311 files provide ward/FSA but no coordinates; CT count is an area-weighted ward-to-CT allocation using the existing municipal ward-to-CT crosswalk.,0.1532496594,0.2420608603,0.422,"Census Profile characteristic 1491: percent of tenant households in subsidized housing, converted to a 0-1 share. Denominator is tenant households, not all households."
5350339.00,5350339.00,2021S05075350339.00,339,2021,6937,5605,5210,1.82,0.1478010094,0.4260994953,0.2155731795,46.8,2.2,0.5720108696,0.0742074928,0.125,0.3424878837,0.6575121163,0.9003636364,0.6754518072,0.1437802908,0.4765751212,0.4555735057,0.0646203554,3817,0.1997116078,0.0209084355,0.0555155011,0.9295272079,0.1867339582,0.9942321557,0.1326604182,0.1536231884,0.151405912,0.4987320802,0.4655155859,2598.394138,5581.755405,0.555783945,0.5052812065,2895.634353,5730.738282,0.6701255256,0.6354992451,3491.353988,5493.875901,0.5748805169,0.05576813117,0.05576813117,3.681677458,4,0.7283846802,0.1115059481,3.159152525,3,0.6834594113,0.3714954612,2.022870155,2,0.5056528974,0.1739041046,0.1273208388,1905628.575,833.7352532,1,1,511.8177633,2,1,89.87932458,43,1,1558.480421,0,0,3,39,0.432463601,5.622026813,4084.794226,1351594,24,0.06613687964,588.8416067,Official 311 files provide ward/FSA but no coordinates; CT count is an area-weighted ward-to-CT allocation using the existing municipal ward-to-CT crosswalk.,0.1273208388,0.1739041046,0.038,"Census Profile characteristic 1491: percent of tenant households in subsidized housing, converted to a 0-1 share. Denominator is tenant households, not all households."
5350340.00,5350340.00,2021S05075350340.00,340,2021,6931,5375,4160,1.27,0.2299927902,0.4152847873,0.1240086518,37.6,2.8,0.4238993711,0.1581227437,0.147,0.4969072165,0.5030927835,0.8927259368,0.6723735409,0.0144329897,0.5193482688,0.4358452138,0.0366598778,5466.5,0.5217706821,0.1306240929,0.2256894049,0.7739534884,0.6751269036,0.9667870036,0.4512635379,0.3410138249,0.1586157174,0.3490111003,0.3426541782,1451.886177,4237.176341,0.3573082781,0.4142944435,1486.402437,3587.792354,0.6149598445,0.6161965494,2558.232953,4151.65089,0.4404264076,0.02309652928,0.02309652928,4.194882829,4,0.761614319,0.157788053,2.85451249,3,0.6496774831,0.2826695409,2.186049909,3,0.5425539023,0.1852623678,0.2406306244,1335714.325,846.0204631,1,1,1030.186362,3,1,236.1544137,45,1,1984.538532,0,0,3,0,0.4328379743,0,2771.280983,1351594,24,0.04531494838,399.838549,Official 311 files provide ward/FSA but no coordinates; CT count is an area-weighted ward-to-CT allocation using the existing municipal ward-to-CT crosswalk.,0.2406306244,0.1852623678,0.054,"Census Profile characteristic 1491: percent of tenant households in subsidized housing, converted to a 0-1 share. Denominator is tenant households, not all households."
5350341.02,5350341.02,2021S05075350341.02,341.02,2021,4576,3820,2860,0.8,0.2196721311,0.3846994536,0.2153005464,43.2,2.4,0.3764940239,0.168,0.194,0.4617563739,0.5410764873,0.9111111111,0.6223862239,0.1926345609,0.6100278552,0.3203342618,0.0557103064,5688.7,0.4790697674,0.0755813953,0.1813953488,0.7486910995,0.6593023256,0.9519450801,0.442791762,0.3278688525,0.1169398907,0.3444590364,0.385049353,985.152844,2558.510582,0.4783016639,0.3651261309,1367.942759,3746.493727,0.6145948791,0.5904360627,1757.741354,2977.022349,0.4791185265,0.1880672356,0.1880672356,3.88678603,4,0.7427180214,0.2635152108,2.735636053,3,0.6344542985,0.3469505715,2.125579189,3,0.529539993,0.3613327965,0.2951388496,843036.8504,915.558502,1,1,497.7331837,2,1,174.2407613,63,1,1160.393733,1,1,9,6,1.966783217,1.311188811,1749.122932,1351594,24,0.02860100288,382.2384029,Official 311 files provide ward/FSA but no coordinates; CT count is an area-weighted ward-to-CT allocation using the existing municipal ward-to-CT crosswalk.,0.2951388496,0.3613327965,0.278,"Census Profile characteristic 1491: percent of tenant households in subsidized housing, converted to a 0-1 share. Denominator is tenant households, not all households."
5350341.03,5350341.03,2021S05075350341.03,341.03,2021,3185,2205,1730,0.4,0.2087912088,0.4128728414,0.0627943485,33.6,2.7,0.3529411765,0.3453689168,0.26,0.9915611814,0.0084388186,0.8935108153,0.7199281867,0.0084388186,0.9957081545,0,0,7962.5,0.6062602965,0.1103789127,0.1779242175,0.7845804989,0.90625,0.9733124019,0.5431711146,0.4338235294,0.2276295133,0.3664705781,0.343428416,633.9941001,1846.073507,0.4161611088,0.3854250975,719.9587182,1867.960138,0.7590345225,0.5765861867,1313.129724,2277.421406,0.5138887365,0.271898015,0.271898015,4.166292587,3,0.7599784511,0.2533482992,2.689227079,3,0.6281459428,0.4253081877,1.987459163,3,0.4968450075,0.3589801064,0.2932600744,426087.3996,1057.016972,1,1,661.4952203,2,1,0,52,1,1753.346324,0,0,1,2,0.3139717425,0.6279434851,884.0282591,1351594,24,0.01445529889,277.559893,Official 311 files provide ward/FSA but no coordinates; CT count is an area-weighted ward-to-CT allocation using the existing municipal ward-to-CT crosswalk.,0.2932600744,0.3589801064,0.555,"Census Profile characteristic 1491: percent of tenant households in subsidized housing, converted to a 0-1 share. Denominator is tenant households, not all households."
5350341.04,5350341.04,2021S05075350341.04,341.04,2021,6152,4800,3810,0.67,0.2518277823,0.4069861901,0.1137286759,36.4,2.6,0.3762376238,0.2034174125,0.204,0.7161016949,0.2838983051,0.9129746835,0.6872937294,0.0233050847,0.686440678,0.2118644068,0.0211864407,9168.4,0.5255302435,0.0871956009,0.1971720346,0.79375,0.7847604085,0.9650406504,0.4227642276,0.4563380282,0.1681559708,0.3237891171,0.3404081832,1233.636536,3623.992011,0.4403849187,0.3670571318,1677.86654,4571.131834,0.6558682762,0.613529723,2498.858132,4072.921064,0.4733474373,0.2410238253,0.2410238253,4.001425839,4,0.7500890832,0.2673735091,2.678633817,3,0.6266753621,0.3674823511,2.035638653,3,0.5087536787,0.3618533225,0.2955139482,703309.5698,1400.712046,0,0,500.2654804,2,1,55.54481828,63,1,1529.835401,0,0,2,7,0.3250975293,1.137841352,1459.195578,1351594,24,0.02386021941,237.1904386,Official 311 files provide ward/FSA but no coordinates; CT count is an area-weighted ward-to-CT allocation using the existing municipal ward-to-CT crosswalk.,0.2955139482,0.3618533225,0.369,"Census Profile characteristic 1491: percent of tenant households in subsidized housing, converted to a 0-1 share. Denominator is tenant households, not all households."
5350342.00,5350342.00,2021S05075350342.00,342,2021,7329,5835,4975,1.24,0.2332878581,0.4242837653,0.1268758527,39.2,3.1,0.3981797497,0.1025641026,0.155,0.4032586558,0.5967413442,0.9266802444,0.720452937,0.0753564155,0.44092827,0.0949367089,0.2088607595,5925.8,0.5587837838,0.0668918919,0.1466216216,0.852613539,0.7586206897,0.9633217993,0.4761245675,0.3627254509,0.153478854,0.302001284,0.3194458643,1502.456388,4703.320831,0.4031300015,0.3465265896,2005.571757,5787.64175,0.6526920827,0.6483316874,3247.143111,5008.459674,0.4526077894,0.1436389777,0.1436389777,4.201862086,4,0.7620102756,0.1854167766,2.881189199,3,0.6529210923,0.3286197019,2.110048811,2,0.526077314,0.3574208988,0.2894772034,1296647.8,374.7156824,1,1,729.5284302,2,1,71.57764241,34,1,1755.033335,0,0,3,157,0.4093327876,21.42174922,2690.248874,1351594,24,0.04398994169,367.0690236,Official 311 files provide ward/FSA but no coordinates; CT count is an area-weighted ward-to-CT allocation using the existing municipal ward-to-CT crosswalk.,0.2894772034,0.3574208988,0.111,"Census Profile characteristic 1491: percent of tenant households in subsidized housing, converted to a 0-1 share. Denominator is tenant households, not all households."
5350343.00,5350343.00,2021S05075350343.00,343,2021,4260,3475,2775,1.11,0.2406103286,0.3943661972,0.1701877934,41.2,2.8,0.3046511628,0.1478873239,0.171,0.4109589041,0.5856164384,0.9055900621,0.7046632124,0,0.4193548387,0.4387096774,0.1322580645,3828.9,0.4650306748,0.0662576687,0.1349693252,0.7985611511,0.626993865,0.9530516432,0.4424882629,0.298245614,0.1431924883,0.3558523294,0.3421548606,987.490214,2886.091439,0.3499830796,0.3672117001,971.2030459,2644.804197,0.676068039,0.6247407737,1876.088808,3002.987618,0.4606344827,0.07645494735,0.07645494735,4.296861639,4,0.7672720036,0.1117212636,2.981764473,3,0.6646281056,0.2740085371,2.162248127,3,0.5375183877,0.2595627103,0.2303400536,1166386.862,565.4378198,1,1,994.318009,1,1,258.0652526,25,1,865.2751362,1,1,0,5,0,1.17370892,2419.967856,1351594,24,0.03957040774,568.0675718,Official 311 files provide ward/FSA but no coordinates; CT count is an area-weighted ward-to-CT allocation using the existing municipal ward-to-CT crosswalk.,0.2303400536,0.2595627103,0.289,"Census Profile characteristic 1491: percent of tenant households in subsidized housing, converted to a 0-1 share. Denominator is tenant households, not all households."
5350344.01,5350344.01,2021S05075350344.01,344.01,2021,5183,4330,3405,1.06,0.2526518804,0.3789778206,0.1909353905,41.6,2.8,0.3030852995,0.1342995169,0.165,0.4808743169,0.5163934426,0.9256360078,0.7023445464,0.0109289617,0.4538043478,0.4239130435,0.0461956522,4878.6,0.5549076774,0.0534499514,0.1865889213,0.7863741339,0.786407767,0.9642512077,0.4618357488,0.3556231003,0.1205400193,0.2950684791,0.3558051717,1004.708171,2823.759325,0.4336116016,0.4196974114,1476.447504,3517.885656,0.5863479214,0.6742562502,1996.514672,2961.062165,0.4383426674,0.09344398146,0.09344398146,4.442528236,4,0.7749029501,0.022666169,3.118253111,3,0.6793076238,0.2809641354,2.140118893,2,0.5327362404,0.2522333764,0.1880217474,1113691.619,1369.430006,0,0,320.5165985,4,1,9.367526692,28,1,1104.728394,1,1,7,0,1.350569168,0,2309.780406,1351594,24,0.03778241283,445.6454574,Official 311 files provide ward/FSA but no coordinates; CT count is an area-weighted ward-to-CT allocation using the existing municipal ward-to-CT crosswalk.,0.1880217474,0.2522333764,0.254,"Census Profile characteristic 1491: percent of tenant households in subsidized housing, converted to a 0-1 share. Denominator is tenant households, not all households."
5350344.02,5350344.02,2021S05075350344.02,344.02,2021,3301,2750,2425,0.22,0.1694402421,0.4402420575,0.208774584,49.2,1.9,0.2538461538,0.3196969697,0.237,0.547752809,0.452247191,0.9170437406,0.6923076923,0.558988764,0.9943661972,0,0,14816,0.6006006006,0.0675675676,0.1216216216,0.8818181818,0.769924812,0.9575757576,0.4348484848,0.3313253012,0.1225416036,0.410162315,0.3662793466,994.6436139,2715.532893,0.3618507444,0.4370460258,877.4880553,2007.770357,0.8501608237,0.7091632279,2061.639998,2907.144528,0.5407246277,0.06821206537,0.06821206537,4.13595802,3,0.7582180488,0.05881062702,3.11900368,3,0.6793847963,0.3913725987,2.024395783,3,0.5060254481,0.250625684,0.1866777189,233564.9595,1716.169242,0,0,842.6443441,4,1,0,23,1,1095.100901,1,1,0,0,0,0,484.5902442,1351594,24,0.007923838122,146.8010434,Official 311 files provide ward/FSA but no coordinates; CT count is an area-weighted ward-to-CT allocation using the existing municipal ward-to-CT crosswalk.,0.1866777189,0.250625684,0.754,"Census Profile characteristic 1491: percent of tenant households in subsidized housing, converted to a 0-1 share. Denominator is tenant households, not all households."
5350345.00,5350345.00,2021S05075350345.00,345,2021,4042,3340,2845,0.79,0.254950495,0.4047029703,0.1608910891,41.2,2.9,0.4213973799,0.1011235955,0.164,0.2352941176,0.7647058824,0.8994974874,0.7103896104,0.1029411765,0.3529411765,0.4852941176,0.1286764706,5121,0.54,0.05125,0.13125,0.8517964072,0.7153558052,0.9538077403,0.4769038702,0.3511450382,0.1287128713,0.3352068405,0.3562590677,953.6634612,2676.881931,0.4410411181,0.4261350241,1254.761981,2944.517371,0.6423092701,0.6380743129,1827.369874,2863.882524,0.4728524096,0.09621441828,0.09621441828,4.216574132,4,0.7628406453,0.1157000897,2.8937457,3,0.6544271323,0.2912578403,2.100015714,2,0.5238130871,0.1511972612,0.2800800284,827643.6405,1527.748554,0,0,599.0929377,1,1,416.8976776,28,1,506.4953093,2,1,3,0,0.7422068283,0,1717.158407,1351594,24,0.02807833094,424.8288983,Official 311 files provide ward/FSA but no coordinates; CT count is an area-weighted ward-to-CT allocation using the existing municipal ward-to-CT crosswalk.,0.2800800284,0.1511972612,0,"Census Profile characteristic 1491: percent of tenant households in subsidized housing, converted to a 0-1 share. Denominator is tenant households, not all households."
5350346.01,5350346.01,2021S05075350346.01,346.01,2021,4630,3595,2920,1.51,0.2408207343,0.4049676026,0.1241900648,38,2.9,0.312,0.1621621622,0.19,0.602484472,0.400621118,0.9293478261,0.6715575621,0.0807453416,0.6965944272,0.2291021672,0.0588235294,3059.5,0.5501618123,0.0722761597,0.1682847896,0.8122392211,0.7861771058,0.9740820734,0.4600431965,0.4152249135,0.1749460043,0.3123751146,0.3361143217,912.1353347,2713.765156,0.4486562167,0.4411928636,1310.076153,2969.39561,0.6807049059,0.6909370951,1987.658325,2876.75729,0.4805787457,0.08793535328,0.08793535328,4.249483488,4,0.7646772831,0.07258445471,3.16496832,3,0.6840410712,0.3439003865,2.059859635,2,0.5145300278,0.3693927593,0.2917824295,1593233.774,1043.575025,1,1,552.2115863,2,1,33.11874315,23,1,561.4774799,2,1,5,10,1.079913607,2.159827214,3304.767254,1351594,24,0.05405119935,713.772625,Official 311 files provide ward/FSA but no coordinates; CT count is an area-weighted ward-to-CT allocation using the existing municipal ward-to-CT crosswalk.,0.2917824295,0.3693927593,0.275,"Census Profile characteristic 1491: percent of tenant households in subsidized housing, converted to a 0-1 share. Denominator is tenant households, not all households."
5350346.02,5350346.02,2021S05075350346.02,346.02,2021,5323,4130,2940,0.4,0.2328638498,0.4169014085,0.1201877934,37.2,2.7,0.375,0.1353383459,0.165,0.7091836735,0.2882653061,0.900952381,0.6747474747,0.1326530612,0.7040816327,0,0.181122449,13307.5,0.6221804511,0.1428571429,0.2706766917,0.7118644068,0.8571428571,0.9746240602,0.4436090226,0.4226519337,0.1624413146,0.3369015898,0.3264182854,990.4906741,3034.421533,0.4475063326,0.4005936834,1315.668618,3284.296963,0.6680798888,0.6867204622,1964.154873,2860.195642,0.4841626037,0.1243991481,0.1243991481,4.157893191,3,0.7594935815,0.02404471722,3.16111822,3,0.6836562475,0.3263802771,2.071066983,2,0.5171570942,0.4249915992,0.3065798905,419119.2262,490.4447839,1,1,935.2212094,2,1,125.9810982,25,1,543.6102974,1,1,1,1,0.1878639865,0.1878639865,869.1887342,1351594,24,0.01421876075,163.2892606,Official 311 files provide ward/FSA but no coordinates; CT count is an area-weighted ward-to-CT allocation using the existing municipal ward-to-CT crosswalk.,0.3065798905,0.4249915992,0.097,"Census Profile characteristic 1491: percent of tenant households in subsidized housing, converted to a 0-1 share. Denominator is tenant households, not all households."
5350347.00,5350347.00,2021S05075350347.00,347,2021,3390,2745,2200,1.5,0.2713864307,0.4247787611,0.104719764,37.2,2.9,0.5039370079,0.0814696486,0.152,0.1809954751,0.8190045249,0.859399684,0.5612582781,0.3257918552,0.2407407407,0.0740740741,0.2407407407,2261.2,0.5341614907,0.0574534161,0.1459627329,0.8014571949,0.7356143079,0.976076555,0.4481658692,0.3551401869,0.1312684366,0.3300692587,0.3455168607,726.152369,2101.640908,0.5249500455,0.4952587709,1154.8901,2331.892271,0.6538969933,0.570050471,1438.573385,2523.589503,0.5029720991,0.1431488812,0.1431488812,4.114859654,3,0.7569783458,0.1329139882,3.009154361,3,0.6676807235,0.325022241,2.066817004,2,0.5161642283,0.03176390144,0.1348396723,1576803.184,1472.614757,0,0,719.4327624,2,1,314.2493164,27,1,1343.152016,0,0,0,23,0,6.784660767,3269.869721,1351594,24,0.05349352154,964.5633396,Official 311 files provide ward/FSA but no coordinates; CT count is an area-weighted ward-to-CT allocation using the existing municipal ward-to-CT crosswalk.,0.1348396723,0.03176390144,0,"Census Profile characteristic 1491: percent of tenant households in subsidized housing, converted to a 0-1 share. Denominator is tenant households, not all households."
5350348.00,5350348.00,2021S05075350348.00,348,2021,5780,4840,3735,2.32,0.1998269896,0.3910034602,0.2335640138,46,2.7,0.4438687392,0.065913371,0.123,0.2071611253,0.7928388747,0.8983700863,0.7450199203,0.26342711,0.3717948718,0.5769230769,0,2495.8,0.4266666667,0.0361904762,0.1028571429,0.7716942149,0.5385347288,0.9774011299,0.3907721281,0.275,0.1202422145,0.430735855,0.4227584037,1608.798418,3805.479452,0.5770574477,0.4680222186,2155.309567,4605.143691,0.7796117913,0.6777485893,2911.850041,4296.357213,0.595801698,0.01213282746,0.01213282746,3.849460312,4,0.7402233251,0.07332411065,3.10395164,3,0.6778300322,0.2521567927,2.16602078,2,0.5383239121,0.2541060656,0.1759317208,2431157.805,1010.879214,1,1,828.8918056,3,1,361.4573536,12,1,2368.202595,0,0,6,43,1.038062284,7.439446367,5041.035792,1351594,24,0.08247758577,872.1515212,Official 311 files provide ward/FSA but no coordinates; CT count is an area-weighted ward-to-CT allocation using the existing municipal ward-to-CT crosswalk.,0.1759317208,0.2541060656,0,"Census Profile characteristic 1491: percent of tenant households in subsidized housing, converted to a 0-1 share. Denominator is tenant households, not all households."
5350349.00,5350349.00,2021S05075350349.00,349,2021,5633,4540,3440,0.88,0.243339254,0.4147424512,0.1376554174,39.2,2.5,0.2768532526,0.1518650089,0.221,0.6833712984,0.3189066059,0.9107303877,0.7088487155,0.0683371298,0.7635135135,0.2342342342,0,6428.9,0.5313059034,0.091234347,0.2209302326,0.7577092511,0.6788908766,0.9689440994,0.4356699201,0.3535620053,0.1447602131,0.2802264007,0.3068978215,963.9788185,3141.041582,0.3798444059,0.3550435737,1306.664756,3680.294062,0.6568321114,0.6180618779,2259.502463,3655.786814,0.4389676393,0.03017523887,0.03017523887,4.426460204,4,0.7740858488,0.005192401526,2.720440482,3,0.632412469,0.2024288523,2.102008498,2,0.5242645304,0.4020819294,0.2305350301,918359.4988,801.643342,2,1,632.9714709,1,1,459.3488538,21,1,3124.978317,0,0,2,20,0.3550505947,3.550505947,1620.278815,1351594,24,0.03106436804,287.6404784,Official 311 files provide ward/FSA but no coordinates; CT count is an area-weighted ward-to-CT allocation using the existing municipal ward-to-CT crosswalk.,0.2305350301,0.4020819294,0.067,"Census Profile characteristic 1491: percent of tenant households in subsidized housing, converted to a 0-1 share. Denominator is tenant households, not all households."
5350350.00,5350350.00,2021S05075350350.00,350,2021,5228,4305,3790,3.36,0.2227533461,0.3929254302,0.1950286807,43.6,2.7,0.3513513514,0.1233269598,0.146,0.3494897959,0.6530612245,0.9243295019,0.7554455446,0.0331632653,0.412371134,0.5902061856,0,1555.5,0.4848197343,0.0464895636,0.114800759,0.8803716609,0.5601895735,0.9703632887,0.4541108987,0.1993957704,0.1309751434,0.3941656137,0.3633292084,1493.887676,4111.664136,0.4990709449,0.3885478185,1891.478881,4868.072323,0.727542549,0.6182484675,2757.386261,4459.99692,0.5402597025,0.06661256945,0.06661256945,4.576690488,4,0.7815015014,0.05133939102,2.667112247,3,0.6250626493,0.149999821,2.191599119,2,0.5437121729,0.2069038806,0.1325328123,3522982.31,1542.579962,0,0,1539.625326,0,0,114.3047763,25,1,2242.412267,0,0,7,27,1.338944147,5.164498852,6215.684628,1351594,24,0.1191679077,1188.922079,Official 311 files provide ward/FSA but no coordinates; CT count is an area-weighted ward-to-CT allocation using the existing municipal ward-to-CT crosswalk.,0.1325328123,0.2069038806,0.404,"Census Profile characteristic 1491: percent of tenant households in subsidized housing, converted to a 0-1 share. Denominator is tenant households, not all households."
5350351.01,5350351.01,2021S05075350351.01,351.01,2021,5376,4360,3505,0.97,0.2369888476,0.3782527881,0.1840148699,40,2.7,0.3168141593,0.1397949674,0.158,0.5388601036,0.4585492228,0.9156279962,0.7088733799,0.0544041451,0.6315789474,0.3558897243,0.0100250627,5514.4,0.4933586338,0.0910815939,0.1612903226,0.8038990826,0.6701421801,0.9664492078,0.4641192917,0.3323442136,0.1366171004,0.3041520247,0.3172768773,1066.052846,3360.008001,0.3683316508,0.3661560087,1291.002436,3525.826166,0.6358510301,0.6833555538,2228.657861,3261.344476,0.4361115685,0.06152041972,0.06152041972,4.33145811,4,0.769130862,0.01093018156,2.658180965,3,0.6238028889,0.2289726167,2.082673166,2,0.5198478491,0.2698836194,0.1872283,1021780.237,581.2278749,1,1,1096.716946,2,1,268.9955702,37,1,1131.742409,1,1,0,0,0,0,1803.040338,1351594,24,0.03456268824,335.3869677,Official 311 files provide ward/FSA but no coordinates; CT count is an area-weighted ward-to-CT allocation using the existing municipal ward-to-CT crosswalk.,0.1872283,0.2698836194,0.211,"Census Profile characteristic 1491: percent of tenant households in subsidized housing, converted to a 0-1 share. Denominator is tenant households, not all households."
5350351.02,5350351.02,2021S05075350351.02,351.02,2021,2683,2220,1810,0.57,0.2388059701,0.4067164179,0.1753731343,41.6,2.7,0.3115264798,0.1361940299,0.174,0.576744186,0.4279069767,0.884057971,0.6722846442,0.1906976744,0.6881188119,0.297029703,0,4732.8,0.5451263538,0.09566787,0.225631769,0.8153153153,0.7315315315,0.9683426443,0.4618249534,0.3891891892,0.1287313433,0.2874487112,0.2945276585,520.2821672,1766.496803,0.3109228991,0.3849493798,562.7704473,1461.933638,0.5842567305,0.5608419203,1057.504682,1885.566403,0.3942094469,0.086545335,0.086545335,4.429001655,4,0.7742154829,0.0740355083,2.699569567,3,0.6295705759,0.1987193672,2.172157959,2,0.539628324,0.2689488564,0.1866212229,593758.2061,767.5989578,1,1,468.828927,3,1,137.9663107,32,1,1191.509491,1,1,1,0,0.3727171077,0,1047.581273,1351594,24,0.02008438185,390.4514621,Official 311 files provide ward/FSA but no coordinates; CT count is an area-weighted ward-to-CT allocation using the existing municipal ward-to-CT crosswalk.,0.1866212229,0.2689488564,0.056,"Census Profile characteristic 1491: percent of tenant households in subsidized housing, converted to a 0-1 share. Denominator is tenant households, not all households."
5350352.00,5350352.00,2021S05075350352.00,352,2021,5278,4365,3485,1.13,0.2473933649,0.3876777251,0.1848341232,41.6,2.8,0.3834196891,0.0985507246,0.142,0.3169398907,0.6830601093,0.9189453125,0.6881287726,0.4016393443,0.6136986301,0.2520547945,0.002739726,4684.1,0.5874396135,0.0724637681,0.1700483092,0.7983963345,0.7895752896,0.9652173913,0.4966183575,0.339031339,0.1327014218,0.2742088642,0.2800866705,955.6178917,3411.864942,0.430679688,0.3632665764,1500.918713,4131.728076,0.7090403935,0.6080203633,2471.005771,4064.018116,0.4713096486,0.07994240224,0.07994240224,4.480982465,3,0.7768346545,0.01887993499,2.681542399,3,0.6270802951,0.2808736669,2.030659659,2,0.507549187,0.1219843982,0.2717709298,1181099.262,516.3888054,1,1,313.4005665,3,1,223.390839,28,1,2147.235711,0,0,0,5,0,0.9473285335,2083.840619,1351594,24,0.03995169807,394.8163356,Official 311 files provide ward/FSA but no coordinates; CT count is an area-weighted ward-to-CT allocation using the existing municipal ward-to-CT crosswalk.,0.2717709298,0.1219843982,0,"Census Profile characteristic 1491: percent of tenant households in subsidized housing, converted to a 0-1 share. Denominator is tenant households, not all households."
5350353.02,5350353.02,2021S05075350353.02,353.02,2021,5464,4350,3495,1.21,0.2570905764,0.3696248856,0.1546203111,38.8,3.3,0.3392857143,0.0898258478,0.163,0.3695652174,0.6304347826,0.9327014218,0.7478005865,0.0217391304,0.4024390244,0.5670731707,0,4511.6,0.5188323917,0.0649717514,0.1468926554,0.8034482759,0.72667295,0.9624542125,0.4679487179,0.2558823529,0.1610247027,0.3310595196,0.3206641086,1157.053021,3608.302239,0.401673297,0.399353772,1403.848173,3515.299646,0.6126366921,0.588515036,2141.165239,3638.250695,0.4484565029,0.02257634313,0.02257634313,4.380524062,4,0.7717168115,0.02957270344,2.520622154,3,0.6032725498,0.272999393,2.024271293,2,0.5059950693,0.187082526,0.2728914868,1271632.67,1338.35786,0,0,723.8597631,3,1,9.548161697,18,1,2205.753625,0,0,6,9,1.098096633,1.647144949,2243.570796,1351594,24,0.04301406844,410.6095893,Official 311 files provide ward/FSA but no coordinates; CT count is an area-weighted ward-to-CT allocation using the existing municipal ward-to-CT crosswalk.,0.2728914868,0.187082526,0.076,"Census Profile characteristic 1491: percent of tenant households in subsidized housing, converted to a 0-1 share. Denominator is tenant households, not all households."
5350353.03,5350353.03,2021S05075350353.03,353.03,2021,3000,2475,1840,0.41,0.245,0.3966666667,0.18,40.8,2.9,0.4584615385,0.0918196995,0.169,0.280952381,0.719047619,0.9019264448,0.664246824,0.6,0.6459330144,0.3253588517,0,7351.1,0.6280276817,0.0830449827,0.2179930796,0.7434343434,0.8613518198,0.9533333333,0.5233333333,0.3777777778,0.1333333333,0.4285772733,0.38338093,788.5821829,2056.915514,0.5403171395,0.4535259819,994.1835367,2192.120356,0.7321205456,0.6760048316,1347.101804,1992.739905,0.5670049861,0.1620365004,0.1620365004,4.099660579,3,0.7560773677,0.01327747623,2.626048163,3,0.6191996727,0.2594305833,2.04296768,2,0.5105159959,0.2268965705,0.2605131257,427448.6024,961.8773922,1,1,358.6032395,4,1,231.5795214,25,1,1195.678016,1,1,0,0,0,0,754.1574102,1351594,24,0.01445881651,251.3858034,Official 311 files provide ward/FSA but no coordinates; CT count is an area-weighted ward-to-CT allocation using the existing municipal ward-to-CT crosswalk.,0.2605131257,0.2268965705,0,"Census Profile characteristic 1491: percent of tenant households in subsidized housing, converted to a 0-1 share. Denominator is tenant households, not all households."
5350353.04,5350353.04,2021S05075350353.04,353.04,2021,4255,3345,2890,0.63,0.2256169213,0.392479436,0.1504112808,39.2,2.8,0.3172866521,0.1750881316,0.206,0.4951456311,0.501618123,0.937720329,0.7432762836,0.2297734628,0.7091503268,0.2516339869,0.0032679739,6758.3,0.5817757009,0.0514018692,0.1460280374,0.8639760837,0.808411215,0.9694477086,0.4535840188,0.3513513514,0.1680376028,0.2703759222,0.2875138666,781.3864153,2717.734712,0.4028951237,0.3951538534,1164.366908,2946.616609,0.5308725388,0.5452188804,1534.221637,2813.955445,0.4013811949,0.1363371433,0.1363371433,4.771693024,4,0.7904307769,0.06245863998,2.722115859,3,0.6326387076,0.2206436459,2.127435237,2,0.5299504387,0.2270454575,0.2603477716,660259.7336,1481.6951,0,0,97.73578513,4,1,33.87860962,23,1,1537.472143,0,0,4,2,0.9400705053,0.4700352526,1165.207159,1351594,24,0.02233394823,273.8442206,Official 311 files provide ward/FSA but no coordinates; CT count is an area-weighted ward-to-CT allocation using the existing municipal ward-to-CT crosswalk.,0.2603477716,0.2270454575,0.359,"Census Profile characteristic 1491: percent of tenant households in subsidized housing, converted to a 0-1 share. Denominator is tenant households, not all households."
5350354.00,5350354.00,2021S05075350354.00,354,2021,5421,4545,3460,1.32,0.2675276753,0.3643911439,0.1937269373,41.2,3.1,0.3860232945,0.1044634378,0.143,0.2942857143,0.7028571429,0.8931226766,0.6605593057,0.0114285714,0.4052478134,0.5976676385,0,4098.1,0.5429362881,0.0609418283,0.215143121,0.7612761276,0.783010157,0.9715099715,0.4662867996,0.271978022,0.1199261993,0.3114655783,0.3456979858,1077.670901,3117.376859,0.4129648466,0.3841124747,1428.858369,3719.895769,0.5428678406,0.5466473507,1878.322729,3436.077621,0.4224327552,0.06608397236,0.06608397236,4.161453178,4,0.7596993268,0.06266471988,2.586167527,3,0.6133274471,0.2293939422,2.057508006,2,0.5139751596,0.02686062594,0.1448117686,1395428.879,209.0724674,1,1,1142.240015,1,1,486.4157419,17,1,2694.062636,0,0,1,3,0.1844678104,0.5534034311,2461.987298,1351594,24,0.04720158166,454.157406,Official 311 files provide ward/FSA but no coordinates; CT count is an area-weighted ward-to-CT allocation using the existing municipal ward-to-CT crosswalk.,0.1448117686,0.02686062594,0.038,"Census Profile characteristic 1491: percent of tenant households in subsidized housing, converted to a 0-1 share. Denominator is tenant households, not all households."
5350355.02,5350355.02,2021S05075350355.02,355.02,2021,5097,4230,3570,1.1,0.233562316,0.3807654563,0.2060843965,43.2,2.7,0.3215613383,0.1208251473,0.163,0.3693931398,0.6306068602,0.9276511397,0.7366803279,0.3034300792,0.617414248,0.2638522427,0.0316622691,4630.3,0.6015701668,0.0726202159,0.142296369,0.8439716312,0.8074656189,0.9754661433,0.4023552502,0.2911392405,0.1295387635,0.3212963474,0.3146808584,1147.02796,3645.05158,0.5196590922,0.4283684215,1855.182959,4330.811671,0.5930433432,0.5277591002,2117.164735,4011.611992,0.4779995943,0.05428251517,0.05428251517,4.549591232,4,0.7802000336,0.03315015101,2.720146384,3,0.632372726,0.2917870508,2.000958389,2,0.5002394826,0.1735744511,0.2980270649,1159708.726,1004.549239,1,1,390.2045573,1,1,238.2058102,37,1,2001.684043,0,0,3,4,0.5885815185,0.7847753581,2079.423079,1351594,24,0.03924169701,407.9699977,Official 311 files provide ward/FSA but no coordinates; CT count is an area-weighted ward-to-CT allocation using the existing municipal ward-to-CT crosswalk.,0.2980270649,0.1735744511,0.216,"Census Profile characteristic 1491: percent of tenant households in subsidized housing, converted to a 0-1 share. Denominator is tenant households, not all households."
5350355.04,5350355.04,2021S05075350355.04,355.04,2021,5152,4075,2890,0.58,0.2330097087,0.3766990291,0.1708737864,39.2,2.8,0.3118081181,0.1230769231,0.146,0.7285714286,0.2742857143,0.9286432161,0.6440677966,0.2114285714,0.8534482759,0.0373563218,0,8956.9,0.5660377358,0.1092353525,0.2363455809,0.709202454,0.7926587302,0.971,0.407,0.3824362606,0.1524271845,0.3615411937,0.3075577588,1044.85405,3397.261229,0.5321660448,0.3797243413,1537.95987,4050.200902,0.6811889291,0.5528927137,1968.636005,3560.611229,0.5249653892,0.1011972464,0.1011972464,4.275241767,4,0.7660950995,0.0244867404,3.067767923,3,0.674030101,0.2737955246,2.108361196,2,0.5256979677,0.3938396813,0.2339764183,602663.0015,1604.887909,0,0,781.9571017,3,1,0,27,1,1522.292538,0,0,5,5,0.9704968944,0.9704968944,1195.414692,1351594,24,0.02042805664,232.0292492,Official 311 files provide ward/FSA but no coordinates; CT count is an area-weighted ward-to-CT allocation using the existing municipal ward-to-CT crosswalk.,0.2339764183,0.3938396813,0.059,"Census Profile characteristic 1491: percent of tenant households in subsidized housing, converted to a 0-1 share. Denominator is tenant households, not all households."
5350355.05,5350355.05,2021S05075350355.05,355.05,2021,3525,2730,2005,0.31,0.2255319149,0.3843971631,0.1489361702,38,2.5,0.2782152231,0.1661931818,0.15,0.6981818182,0.3018181818,0.9271708683,0.5781021898,0.1963636364,0.8853046595,0.1146953405,0,11283.6,0.5927977839,0.1246537396,0.2396121884,0.7344322344,0.8044382802,0.9744680851,0.3546099291,0.3456221198,0.1716312057,0.3298612202,0.3504724219,661.3717465,1887.086416,0.4265951921,0.3841818479,855.3233601,2226.350268,0.5571407372,0.5081830021,1117.067178,2198.159272,0.4378657165,0.07377634707,0.07377634707,4.388609742,4,0.772137406,0.03229445993,2.717041567,3,0.6319526311,0.2509722788,2.148638827,2,0.5345890676,0.4669900212,0.3015574247,329280.0076,1137.039192,1,1,655.1686358,2,1,69.15438382,16,1,2173.388447,0,0,4,0,1.134751773,0,581.0143054,1351594,24,0.01113819802,164.8267533,Official 311 files provide ward/FSA but no coordinates; CT count is an area-weighted ward-to-CT allocation using the existing municipal ward-to-CT crosswalk.,0.3015574247,0.4669900212,0.161,"Census Profile characteristic 1491: percent of tenant households in subsidized housing, converted to a 0-1 share. Denominator is tenant households, not all households."
5350355.06,5350355.06,2021S05075350355.06,355.06,2021,1791,1340,1035,0.19,0.2625698324,0.374301676,0.0977653631,33.6,3.1,0.2748538012,0.1977715877,0.229,0.6869565217,0.3130434783,0.9320987654,0.7564102564,0,0.6271186441,0.1525423729,0.1355932203,9337.9,0.5613496933,0.0858895706,0.1564417178,0.7723880597,0.8588957055,0.969273743,0.3966480447,0.3444444444,0.1843575419,0.3453764704,0.3164345184,357.4646468,1129.663883,0.3886067268,0.3735312822,402.2079622,1076.77183,0.5057091091,0.4625531152,523.4089279,1131.565026,0.4132307687,0.08533687432,0.08533687432,4.208675413,4,0.7623955516,0.01749972381,2.630816373,3,0.6198898524,0.3092486487,2.005496669,2,0.5013704008,0.4674636333,0.3016815759,201707.2959,953.8686472,1,1,977.7337427,2,1,140.4460879,21,1,2033.243139,0,0,0,0,0,0,355.8768259,1351594,24,0.006822922716,198.7028621,Official 311 files provide ward/FSA but no coordinates; CT count is an area-weighted ward-to-CT allocation using the existing municipal ward-to-CT crosswalk.,0.3016815759,0.4674636333,0.532,"Census Profile characteristic 1491: percent of tenant households in subsidized housing, converted to a 0-1 share. Denominator is tenant households, not all households."
5350356.00,5350356.00,2021S05075350356.00,356,2021,4962,4090,3135,1.54,0.2298387097,0.3699596774,0.2147177419,43.6,3.1,0.3058823529,0.064893617,0.162,0.2033333333,0.7933333333,0.9181721573,0.7287761852,0.01,0.3300330033,0.6468646865,0.0264026403,3218.1,0.476340694,0.0483701367,0.1461619348,0.7665036675,0.6919032597,0.9759162304,0.4104712042,0.2250803859,0.1350806452,0.2981880966,0.3100109905,934.8196828,3015.440457,0.4539152135,0.3563026115,1423.024194,3993.864059,0.6728202671,0.6090631402,2109.291537,3463.173845,0.4749745257,0.02086897709,0.02086897709,4.805203878,5,0.7918922848,0.1382364853,2.487431599,3,0.5979788949,0.2298109014,2.426036889,3,0.5878051136,0.1300506425,0.1498489394,1630819.725,758.1518391,1,1,439.0624582,3,1,77.4882886,31,1,2732.882834,0,0,5,7,1.007658202,1.410721483,2548.235122,1351594,24,0.05905978007,513.5500044,Official 311 files provide ward/FSA but no coordinates; CT count is an area-weighted ward-to-CT allocation using the existing municipal ward-to-CT crosswalk.,0.1498489394,0.1300506425,0,"Census Profile characteristic 1491: percent of tenant households in subsidized housing, converted to a 0-1 share. Denominator is tenant households, not all households."
5350357.01,5350357.01,2021S05075350357.01,357.01,2021,6706,5030,4010,1.04,0.235645041,0.3266219239,0.1819537658,36.4,2.9,0.2710280374,0.2423564504,0.205,0.7873684211,0.2126315789,0.9264164827,0.7327652982,0.0568421053,0.8531914894,0.1234042553,0.0042553191,6465.5,0.5750543872,0.076142132,0.1965192168,0.7972166998,0.8527918782,0.9358687547,0.5257270694,0.2884615385,0.1886651752,0.3291983761,0.3093642995,1320.085488,4267.09058,0.2905029163,0.3612176637,1164.916694,3224.971565,0.6119783192,0.5993016755,2454.03306,4094.820956,0.4105598705,0.1044648324,0.1044648324,4.676411123,4,0.7861608029,0.2154067309,2.374130132,3,0.5787930971,0.4500640686,1.823794965,2,0.451692751,0.2490293151,0.1210796047,1101819.468,530.2267628,1,1,484.2926535,4,1,0,35,1,1911.454384,0,0,4,1,0.5964807635,0.1491201909,1690.81768,1351594,24,0.04026715123,252.1350552,Official 311 files provide ward/FSA but no coordinates; CT count is an area-weighted ward-to-CT allocation using the existing municipal ward-to-CT crosswalk.,0.1210796047,0.2490293151,0.326,"Census Profile characteristic 1491: percent of tenant households in subsidized housing, converted to a 0-1 share. Denominator is tenant households, not all households."
5350357.02,5350357.02,2021S05075350357.02,357.02,2021,5001,3600,2785,1.09,0.2367632368,0.3506493506,0.1198801199,33.6,2.9,0.2024793388,0.250501002,0.197,0.693452381,0.3095238095,0.9589041096,0.6993318486,0.0267857143,0.7272727273,0.2580645161,0.0029325513,4579.3,0.49375,0.0645833333,0.1645833333,0.7736111111,0.7947916667,0.962962963,0.3603603604,0.2341269841,0.2157842158,0.2606576244,0.3054364268,725.9314839,2376.702385,0.3477657213,0.3414146407,968.5275338,2836.807267,0.6037690609,0.5677807971,1681.496835,2961.524665,0.4040641355,0.1222845751,0.1222845751,5.291378955,4,0.8110133467,0.2180857491,2.440192014,3,0.5901961836,0.3759752229,1.926641774,2,0.4809621521,0.2490044479,0.1209393486,1161538.268,1295.452941,0,0,798.4172977,1,1,30.94390686,23,1,995.0099577,1,1,1,0,0.199960008,0,1782.460282,1351594,24,0.04244963758,356.4207723,Official 311 files provide ward/FSA but no coordinates; CT count is an area-weighted ward-to-CT allocation using the existing municipal ward-to-CT crosswalk.,0.1209393486,0.2490044479,0.539,"Census Profile characteristic 1491: percent of tenant households in subsidized housing, converted to a 0-1 share. Denominator is tenant households, not all households."
5350358.01,5350358.01,2021S05075350358.01,358.01,2021,3504,2855,2610,1.12,0.245363766,0.3694721826,0.1883024251,40.8,3.1,0.2739361702,0.0771428571,0.193,0.1528384279,0.8515283843,0.8977591036,0.7321688501,0.0131004367,0.2321428571,0.6428571429,0.125,3125.2,0.4515235457,0.0166204986,0.095567867,0.9141856392,0.5975103734,0.9828815977,0.3395149786,0.2146118721,0.1369472183,0.2912543934,0.3071275783,760.1739668,2475.108133,0.3766672973,0.3800059104,983.1016459,2587.069356,0.6433986272,0.6944862526,1679.270417,2418.003827,0.4371067726,0.005284406556,0.005284406556,5.252698792,5,0.8096216746,0.1848914804,2.441387745,3,0.5903968954,0.2666505809,2.03042593,2,0.5074924994,0.009009787921,0.1672677156,1175116.853,1346.343807,0,0,1295.507052,0,0,215.3574974,20,1,872.4096631,1,1,0,6,0,1.712328767,1543.579641,1351594,24,0.03488606794,440.519304,Official 311 files provide ward/FSA but no coordinates; CT count is an area-weighted ward-to-CT allocation using the existing municipal ward-to-CT crosswalk.,0.1672677156,0.009009787921,0.389,"Census Profile characteristic 1491: percent of tenant households in subsidized housing, converted to a 0-1 share. Denominator is tenant households, not all households."
5350358.02,5350358.02,2021S05075350358.02,358.02,2021,5280,4165,3520,0.62,0.240530303,0.3731060606,0.1666666667,39.2,2.6,0.3138686131,0.1859582543,0.197,0.47,0.53,0.9225556631,0.6585858586,0.3775,0.6593137255,0.1519607843,0.0343137255,8545.1,0.5067178503,0.0403071017,0.1458733205,0.8451380552,0.711409396,0.9791271347,0.3216318786,0.3127035831,0.1609848485,0.2976989301,0.2981905978,1047.900234,3514.196094,0.4203807055,0.4039055085,1479.740083,3663.579852,0.611175706,0.598940609,2151.338485,3591.906197,0.4430851138,0.06606194966,0.06606194966,4.867645724,5,0.7945618772,0.04306716365,2.627822991,3,0.6194568648,0.2986727962,2.027361444,2,0.506748043,0.4333734709,0.2725682759,647238.2578,425.3308647,1,1,366.3841872,1,1,22.47532209,27,1,846.8511906,1,1,1,2,0.1893939394,0.3787878788,599.9228633,1351594,24,0.01144847264,113.6217544,Official 311 files provide ward/FSA but no coordinates; CT count is an area-weighted ward-to-CT allocation using the existing municipal ward-to-CT crosswalk.,0.2725682759,0.4333734709,0.463,"Census Profile characteristic 1491: percent of tenant households in subsidized housing, converted to a 0-1 share. Denominator is tenant households, not all households."
5350358.03,5350358.03,2021S05075350358.03,358.03,2021,5718,4585,3755,1.09,0.236013986,0.4047202797,0.1407342657,40.4,2.5,0.2967741935,0.208781362,0.171,0.5778781038,0.4243792325,0.9099181074,0.7150997151,0.1015801354,0.5452488688,0.1628959276,0.0791855204,5233.4,0.5171790235,0.0569620253,0.1365280289,0.8189749182,0.763800905,0.9811996419,0.345568487,0.3461538462,0.1520979021,0.2978274464,0.2791556861,1118.342061,4006.158989,0.4288398072,0.3615526183,1610.293476,4453.828832,0.6268771797,0.6173543433,2353.92381,3812.921761,0.4511814778,0.02420533755,0.02420533755,5.553073824,5,0.819919556,0.1658457534,2.533206317,3,0.6052433657,0.349084902,1.931746504,2,0.4823337337,0.2728405335,0.2387784068,1150392.596,1573.730487,0,0,1457.392381,0,0,344.8557989,19,1,279.2669221,1,1,4,8,0.6995452956,1.399090591,1765.076122,1351594,24,0.04203360686,308.6876744,Official 311 files provide ward/FSA but no coordinates; CT count is an area-weighted ward-to-CT allocation using the existing municipal ward-to-CT crosswalk.,0.2387784068,0.2728405335,0.703,"Census Profile characteristic 1491: percent of tenant households in subsidized housing, converted to a 0-1 share. Denominator is tenant households, not all households."
5350359.00,5350359.00,2021S05075350359.00,359,2021,7681,6130,5125,2.21,0.259765625,0.3717447917,0.15625,38,2.7,0.2570036541,0.1908850727,0.15,0.5036231884,0.4963768116,0.8872581721,0.6509040334,0.2952898551,0.6449275362,0.222826087,0.0108695652,3479.3,0.5240924092,0.0673267327,0.1458745875,0.8360522023,0.7813738441,0.9716171617,0.3663366337,0.280876494,0.1516927083,0.2772756307,0.2923806989,1421.037608,4860.230558,0.3727036617,0.3581974008,1910.106266,5332.552001,0.6461815801,0.6506924301,3311.680598,5089.47153,0.4320536242,0.03684299827,0.03684299827,5.130825283,5,0.8050995805,0.1192414659,2.557413021,3,0.608979859,0.3028928392,2.027787738,2,0.5068517373,0.2969733127,0.1973393555,2337845.961,929.0649074,1,1,336.3689192,2,1,473.9522199,20,1,233.7919886,1,1,6,8,0.781148288,1.041531051,2894.268714,1351594,24,0.06392338072,376.8088418,Official 311 files provide ward/FSA but no coordinates; CT count is an area-weighted ward-to-CT allocation using the existing municipal ward-to-CT crosswalk.,0.1973393555,0.2969733127,0.39,"Census Profile characteristic 1491: percent of tenant households in subsidized housing, converted to a 0-1 share. Denominator is tenant households, not all households."
5350360.00,5350360.00,2021S05075350360.00,360,2021,6231,5120,4535,4.52,0.2389735365,0.3945469126,0.1740176423,42,3,0.3668122271,0.0643086817,0.154,0.1756097561,0.8243902439,0.9193548387,0.7271966527,0.156097561,0.1317073171,0.6219512195,0.0292682927,1377.7,0.4448913918,0.0337892196,0.1021721641,0.8857421875,0.6254019293,0.9839228296,0.3223472669,0.1695760599,0.1371291099,0.332207359,0.3290839543,1506.560373,4578.042635,0.4601782342,0.4146679284,2086.908292,5032.721726,0.6781929594,0.6271967338,3075.605071,4903.732601,0.4901928509,0.02914290295,0.02914290295,4.44286966,5,0.7749202483,0.00106725745,2.537409766,3,0.6058973156,0.2939848299,2.004525217,2,0.5011287504,0.06144199424,0.1113756097,4785313.02,1232.39405,0,0,1123.418822,1,1,55.46926473,24,1,1319.674305,0,0,2,13,0.3209757663,2.086342481,4427.101025,1351594,24,0.08448343622,710.496072,Official 311 files provide ward/FSA but no coordinates; CT count is an area-weighted ward-to-CT allocation using the existing municipal ward-to-CT crosswalk.,0.1113756097,0.06144199424,0.208,"Census Profile characteristic 1491: percent of tenant households in subsidized housing, converted to a 0-1 share. Denominator is tenant households, not all households."
5350361.01,5350361.01,2021S05075350361.01,361.01,2021,6037,4905,4560,2.93,0.1888980944,0.3761391881,0.2328086164,46.4,3,0.5298126065,0.0418760469,0.12,0.0939086294,0.9060913706,0.9298986486,0.7663469922,0.0406091371,0.0659898477,0.8375634518,0,2057.3,0.3400335008,0.0217755444,0.0510887772,0.9296636086,0.4388609715,0.9866108787,0.2652719665,0.1211072664,0.1483015742,0.4291568583,0.4120769001,1956.955274,4749.005036,0.4972849013,0.4461761906,2267.61915,5082.34011,0.7203897691,0.6727141047,3284.977347,4883.170018,0.5489438429,0.2031760594,0.2031760594,3.636872991,5,0.7250385145,0.05912651355,2.448754389,3,0.5916291138,0.2605433904,2.022649953,2,0.5055990787,0.1126505734,0.07868586915,3102851.87,1369.132275,0,0,1201.72992,0,0,322.7829338,27,1,1395.769378,0,0,1,25,0.165645188,4.1411297,2876.022479,1351594,24,0.05488383037,476.3992842,Official 311 files provide ward/FSA but no coordinates; CT count is an area-weighted ward-to-CT allocation using the existing municipal ward-to-CT crosswalk.,0.07868586915,0.1126505734,0.184,"Census Profile characteristic 1491: percent of tenant households in subsidized housing, converted to a 0-1 share. Denominator is tenant households, not all households."
5350361.02,5350361.02,2021S05075350361.02,361.02,2021,7416,5910,5635,2.47,0.1908293999,0.4052596089,0.186109238,43.2,3,0.4782051282,0.04048583,0.115,0.0653061224,0.9326530612,0.9510204082,0.7887624467,0.0408163265,0.0408163265,0.7714285714,0.0653061224,3001.7,0.3906882591,0.012145749,0.0465587045,0.9534686971,0.5236167341,0.987862441,0.2703978422,0.1682926829,0.1517194875,0.45508306,0.4260045477,2564.393043,6019.637717,0.4891810742,0.4486321871,2756.535353,6144.310267,0.6810088274,0.645793014,3837.484743,5942.282836,0.5417576539,0.1410592315,0.1410592315,3.805807627,5,0.7372436817,0.01031139913,2.478391124,3,0.5965124349,0.2733897559,2.025477763,2,0.5062893217,0.01361349408,0.06213207178,2591981.057,584.7025429,1,1,257.4064371,3,1,175.3851991,31,1,2479.560127,0,0,3,1,0.4045307443,0.1348435814,2400.720197,1351594,24,0.04581352232,323.7217094,Official 311 files provide ward/FSA but no coordinates; CT count is an area-weighted ward-to-CT allocation using the existing municipal ward-to-CT crosswalk.,0.06213207178,0.01361349408,0.125,"Census Profile characteristic 1491: percent of tenant households in subsidized housing, converted to a 0-1 share. Denominator is tenant households, not all households."
5350362.01,5350362.01,2021S05075350362.01,362.01,2021,6291,5130,4645,2.49,0.2217806041,0.3823529412,0.2011128776,42.4,3,0.36,0.0843277645,0.154,0.338902148,0.661097852,0.9248238058,0.7532467532,0.1551312649,0.4196642686,0.4340527578,0.0407673861,2523.3,0.5089355089,0.0303030303,0.108003108,0.9054580897,0.8097826087,0.9832935561,0.3190135243,0.1736842105,0.1446740859,0.3268124907,0.3498778233,1518.044019,4338.783193,0.4545691209,0.4626281272,2111.473567,4564.083856,0.6826151351,0.7191049875,3170.747303,4409.296776,0.4879989156,0.04161032941,0.04161032941,4.588225837,5,0.7820508328,0.06690391064,2.498462195,3,0.5997537997,0.3352935078,1.966706029,2,0.4915356006,0.06928571072,0.1687765141,2648654.487,2172.583366,0,0,748.6948385,2,1,90.53268509,23,1,3251.631035,0,0,1,3,0.1589572405,0.4768717215,2455.028523,1351594,24,0.04684990121,390.2445594,Official 311 files provide ward/FSA but no coordinates; CT count is an area-weighted ward-to-CT allocation using the existing municipal ward-to-CT crosswalk.,0.1687765141,0.06928571072,0.199,"Census Profile characteristic 1491: percent of tenant households in subsidized housing, converted to a 0-1 share. Denominator is tenant households, not all households."
5350362.02,5350362.02,2021S05075350362.02,362.02,2021,5803,4905,4205,1.94,0.2560344828,0.3663793103,0.2060344828,43.2,3.4,0.3784665579,0.0519031142,0.154,0.1474926254,0.8554572271,0.9216027875,0.749551167,0.0088495575,0.185840708,0.802359882,0.0029498525,2990.8,0.5657439446,0.0371972318,0.1288927336,0.8572884811,0.7826839827,0.977566868,0.4331320104,0.1583113456,0.1172413793,0.3680871597,0.3482042955,1547.806507,4445.110318,0.4871984241,0.4412260838,2048.669373,4643.128429,0.7368394985,0.6830099425,3098.410091,4536.405546,0.5307083608,0.05176106355,0.05176106355,4.271658016,5,0.7658988626,0.1735965497,2.305331843,3,0.56622297,0.3378958268,1.929703748,2,0.4817857399,0.0602679328,0.1036148448,2036473.522,804.5527155,1,1,316.5262399,1,1,0,41,1,1851.923865,0,0,3,0,0.516973979,0,1887.600141,1351594,24,0.03602152858,325.2800518,Official 311 files provide ward/FSA but no coordinates; CT count is an area-weighted ward-to-CT allocation using the existing municipal ward-to-CT crosswalk.,0.1036148448,0.0602679328,0,"Census Profile characteristic 1491: percent of tenant households in subsidized housing, converted to a 0-1 share. Denominator is tenant households, not all households."
5350362.03,5350362.03,2021S05075350362.03,362.03,2021,6875,5925,5065,3.28,0.256,0.3461818182,0.2443636364,45.6,3.3,0.411589896,0.0781021898,0.146,0.1288782816,0.8711217184,0.889214967,0.7379518072,0.0190930788,0.130952381,0.8642857143,0.0023809524,2098.8,0.5788321168,0.0364963504,0.1313868613,0.8548523207,0.7883211679,0.9745083758,0.4333576111,0.1552511416,0.1047272727,0.3593574557,0.3439506729,1820.145513,5291.879494,0.4882714084,0.4450744688,2473.094684,5556.586273,0.6688392868,0.6373738832,3387.670988,5315.045183,0.5054893836,0.03629861601,0.03629861601,4.376677354,5,0.771516171,0.1419331102,2.336865846,3,0.5720764194,0.3275399536,1.936444522,2,0.4835896465,0.04160483036,0.083792118,3460397.149,717.5797113,1,1,832.8675331,1,1,263.5985031,33,1,1584.298868,0,0,2,13,0.2909090909,1.890909091,3207.453034,1351594,24,0.06120887554,466.5386232,Official 311 files provide ward/FSA but no coordinates; CT count is an area-weighted ward-to-CT allocation using the existing municipal ward-to-CT crosswalk.,0.083792118,0.04160483036,0,"Census Profile characteristic 1491: percent of tenant households in subsidized housing, converted to a 0-1 share. Denominator is tenant households, not all households."
5350362.04,5350362.04,2021S05075350362.04,362.04,2021,5240,4475,3715,1.35,0.2299618321,0.3501908397,0.2604961832,46,2.8,0.2934362934,0.0768472906,0.165,0.2841530055,0.7158469945,0.9323770492,0.7701993704,0.2923497268,0.527173913,0.3016304348,0.1032608696,3889,0.5401015228,0.0446700508,0.1197969543,0.8301675978,0.7898477157,0.982300885,0.2940019666,0.2401215805,0.1097328244,0.3434047065,0.3491228581,1275.748485,3654.153416,0.486066527,0.4509286168,1805.737148,4004.485589,0.6991844597,0.6338454928,2597.470268,4097.954939,0.5095518977,0.009199355893,0.009199355893,4.505818918,5,0.7780647607,0.02311277474,2.543935823,3,0.6069083225,0.3323101009,1.948766409,2,0.4868548661,0.09798050557,0.1386513017,1417147.753,1477.08115,0,0,993.6331241,1,1,56.16104612,51,1,2882.969871,0,0,1,3,0.1908396947,0.572519084,1313.549265,1351594,24,0.02506677731,250.6773406,Official 311 files provide ward/FSA but no coordinates; CT count is an area-weighted ward-to-CT allocation using the existing municipal ward-to-CT crosswalk.,0.1386513017,0.09798050557,0,"Census Profile characteristic 1491: percent of tenant households in subsidized housing, converted to a 0-1 share. Denominator is tenant households, not all households."
5350363.02,5350363.02,2021S05075350363.02,363.02,2021,3270,2700,2330,1.19,0.2217125382,0.374617737,0.2064220183,43.2,3,0.3475609756,0.0689127106,0.151,0.2523809524,0.7476190476,0.9390048154,0.747107438,0.2428571429,0.2064220183,0.5091743119,0,2749.1,0.5311004785,0.038277512,0.0877192982,0.862962963,0.6831210191,0.97856049,0.3644716692,0.2315270936,0.1314984709,0.3344543711,0.3613856095,779.2786847,2156.363353,0.4570374026,0.4185137446,1064.897148,2544.473537,0.627864124,0.6382520053,1462.923409,2292.078045,0.4731186326,0.06362893631,0.06362893631,4.653723941,5,0.785118324,0.08467539281,2.436227292,3,0.589529268,0.2815439352,2.030329457,2,0.5074690975,0.1846133501,0.1334517849,1258228.392,1756.47408,0,0,206.1666662,3,1,150.7057019,25,1,2911.58598,0,0,1,0,0.3058103976,0,1930.83792,1351594,24,0.04598327982,590.4703119,Official 311 files provide ward/FSA but no coordinates; CT count is an area-weighted ward-to-CT allocation using the existing municipal ward-to-CT crosswalk.,0.1334517849,0.1846133501,0,"Census Profile characteristic 1491: percent of tenant households in subsidized housing, converted to a 0-1 share. Denominator is tenant households, not all households."
5350363.04,5350363.04,2021S05075350363.04,363.04,2021,3908,3205,2675,1.13,0.2659846547,0.3797953964,0.1649616368,40,3.4,0.3755656109,0.0629011553,0.145,0.2255319149,0.7744680851,0.9168765743,0.6870925684,0.2425531915,0.2347826087,0.5043478261,0.0043478261,3471.3,0.5930087391,0.0711610487,0.1760299625,0.8346333853,0.8639200999,0.9704749679,0.4249037227,0.2552447552,0.1368286445,0.2878396743,0.3298882362,769.9711286,2334.036332,0.4387326553,0.410026686,1173.609853,2862.276756,0.6391055469,0.7348070648,1709.607338,2326.607105,0.4552259588,0.014211398,0.014211398,4.821362086,5,0.7925897325,0.1298139738,2.417358815,3,0.5863253756,0.3532784173,1.92821031,2,0.4813843724,0.2129416515,0.1458954042,1178536.838,2209.50011,0,0,483.1366461,3,1,31.1833389,35,1,2593.360558,0,0,0,0,0,0,1806.963509,1351594,24,0.04302176641,462.375514,Official 311 files provide ward/FSA but no coordinates; CT count is an area-weighted ward-to-CT allocation using the existing municipal ward-to-CT crosswalk.,0.1458954042,0.2129416515,0.113,"Census Profile characteristic 1491: percent of tenant households in subsidized housing, converted to a 0-1 share. Denominator is tenant households, not all households."
5350363.05,5350363.05,2021S05075350363.05,363.05,2021,4665,3500,2485,0.5,0.2872454448,0.3569131833,0.100750268,32.4,2.8,0.3173652695,0.2368703108,0.176,0.7038123167,0.2961876833,0.8617710583,0.6366742597,0.3460410557,0.8849557522,0.0235988201,0.0147492625,9244.9,0.5790598291,0.1164529915,0.2628205128,0.71,0.8985042735,0.9657020364,0.4565916399,0.3267973856,0.1875669882,0.3250092153,0.3208351527,807.6479001,2517.329829,0.3903720319,0.3533003663,970.0744992,2745.750052,0.7064039694,0.6062675402,1755.413864,2895.444251,0.4739284055,0.1311036295,0.1311036295,4.844286557,4,0.7935712539,0.1143611455,2.47926233,3,0.5966542193,0.3796917937,1.886461943,2,0.4699071436,0.3197234078,0.2166241911,528764.0044,1882.611998,0,0,268.7594306,2,1,158.3420923,34,1,2125.782079,0,0,2,2,0.4287245445,0.4287245445,810.5039594,1351594,24,0.01929566345,173.7414704,Official 311 files provide ward/FSA but no coordinates; CT count is an area-weighted ward-to-CT allocation using the existing municipal ward-to-CT crosswalk.,0.2166241911,0.3197234078,0.314,"Census Profile characteristic 1491: percent of tenant households in subsidized housing, converted to a 0-1 share. Denominator is tenant households, not all households."
5350363.06,5350363.06,2021S05075350363.06,363.06,2021,7176,6125,4430,0.82,0.3091922006,0.3809192201,0.151810585,37.2,2.2,0.5320584927,0.1673640167,0.136,0.3235294118,0.6780185759,0.822191592,0.5094614265,0.9582043344,0.996941896,0,0,8740.6,0.6410081744,0.1423705722,0.2683923706,0.7232653061,0.9059945504,0.9421602787,0.5602787456,0.2813186813,0.0926183844,0.3309155224,0.2828459889,1465.955764,5182.876272,0.5108291555,0.4251870185,2262.973159,5322.300683,0.7805797759,0.7107998832,3457.968407,4864.897264,0.5407748179,0.1198602096,0.1198602096,4.713266385,4,0.7878329128,0.03914555857,2.534812347,3,0.6054934791,0.1783832169,2.129548721,2,0.5304169423,0.1767838572,0.1559723456,868262.1678,951.0944357,1,1,984.9673236,2,1,52.26338135,27,1,1914.495906,0,0,3,6,0.4180602007,0.8361204013,1332.407955,1351594,24,0.03173155405,185.675579,Official 311 files provide ward/FSA but no coordinates; CT count is an area-weighted ward-to-CT allocation using the existing municipal ward-to-CT crosswalk.,0.1559723456,0.1767838572,0.077,"Census Profile characteristic 1491: percent of tenant households in subsidized housing, converted to a 0-1 share. Denominator is tenant households, not all households."
5350363.07,5350363.07,2021S05075350363.07,363.07,2021,5164,4050,2835,2.24,0.2826718296,0.3649564376,0.1287512101,35.2,2.7,0.3457446809,0.254368932,0.219,0.8197969543,0.1802030457,0.9072375127,0.6652542373,0.0507614213,0.850129199,0.1524547804,0,2303.1,0.5618090452,0.1025125628,0.2572864322,0.7,0.8351758794,0.9515503876,0.5339147287,0.3139931741,0.1655372701,0.2477631624,0.2755226083,702.4085654,2549.368162,0.3688572771,0.3160531177,1045.710381,3308.6539,0.6018650116,0.552512267,1706.287308,3088.234253,0.406161817,0.1366241347,0.1366241347,4.968576158,4,0.7987350967,0.1040314305,2.458804153,3,0.5932982304,0.2753476857,2.276021235,3,0.5606367881,0.2275772355,0.1127076389,2381159.13,1448.144203,0,0,408.7538651,3,1,17.99789707,26,1,3410.290132,0,0,3,9,0.5809450039,1.742835012,3654.051393,1351594,24,0.08702195522,707.6009669,Official 311 files provide ward/FSA but no coordinates; CT count is an area-weighted ward-to-CT allocation using the existing municipal ward-to-CT crosswalk.,0.1127076389,0.2275772355,0.455,"Census Profile characteristic 1491: percent of tenant households in subsidized housing, converted to a 0-1 share. Denominator is tenant households, not all households."
5350364.01,5350364.01,2021S05075350364.01,364.01,2021,5865,4780,3915,2.86,0.2444633731,0.3654173765,0.1882453152,40.8,3,0.3634868421,0.1113967438,0.155,0.3324742268,0.6675257732,0.9068965517,0.7127468582,0.0979381443,0.3273195876,0.5644329897,0,2048.6,0.5338474722,0.058269066,0.1662382177,0.8190376569,0.7600685518,0.9734361611,0.4061696658,0.2209944751,0.1413969336,0.3860454713,0.3511153831,1511.36802,4304.476798,0.4431614731,0.4102697104,1734.977167,4228.86975,0.6923734758,0.6121093433,2710.642158,4428.362657,0.5071934734,0.02811156554,0.02811156554,5.224666058,5,0.8086002074,0.1315450663,2.453676618,3,0.5924483313,0.2626644256,2.041710724,2,0.5102146507,0.1933017993,0.1758587643,3050305.546,2391.781583,0,0,416.0685968,3,1,0,20,1,1703.029409,0,0,2,7,0.3410059676,1.193520887,4680.411813,1351594,24,0.1114613673,798.0241795,Official 311 files provide ward/FSA but no coordinates; CT count is an area-weighted ward-to-CT allocation using the existing municipal ward-to-CT crosswalk.,0.1758587643,0.1933017993,0.285,"Census Profile characteristic 1491: percent of tenant households in subsidized housing, converted to a 0-1 share. Denominator is tenant households, not all households."
5350364.02,5350364.02,2021S05075350364.02,364.02,2021,3110,2555,1860,0.74,0.2363344051,0.3697749196,0.1945337621,42,3.1,0.4053156146,0.0903010033,0.111,0.2849462366,0.7150537634,0.9073426573,0.6876122083,0,0.2315789474,0.7631578947,0.0052631579,4211.8,0.5224137931,0.0396551724,0.1810344828,0.7279843444,0.7564766839,0.9715719064,0.4515050167,0.265,0.1366559486,0.3383357633,0.3339183393,629.3045197,1884.606042,0.4388187187,0.4202277142,816.2028168,1942.286977,0.6416497145,0.6408040628,1193.468469,1862.454591,0.4729347322,0.06579004887,0.06579004887,4.857253526,5,0.7941223379,0.1081537506,2.487006172,3,0.5979101254,0.2819937014,1.99505335,2,0.4987602711,0.2491730579,0.2564738175,779432.528,1441.362874,0,0,589.3310267,2,1,0,14,1,1454.850861,0,0,2,0,0.6430868167,0,1196.092769,1351594,24,0.02848518145,384.5957457,Official 311 files provide ward/FSA but no coordinates; CT count is an area-weighted ward-to-CT allocation using the existing municipal ward-to-CT crosswalk.,0.2564738175,0.2491730579,0.094,"Census Profile characteristic 1491: percent of tenant households in subsidized housing, converted to a 0-1 share. Denominator is tenant households, not all households."
5350365.00,5350365.00,2021S05075350365.00,365,2021,7650,6255,4650,1.57,0.3222222222,0.345751634,0.139869281,34.8,3.3,0.4030023095,0.1078431373,0.15,0.3510638298,0.6468085106,0.8478118877,0.6179469748,0.170212766,0.4656652361,0.5300429185,0.0021459227,4880.7,0.5406976744,0.09625323,0.2409560724,0.7434052758,0.8365633075,0.9699149771,0.5173315893,0.2613430127,0.1339869281,0.2933769535,0.2942824565,1364.202834,4635.692014,0.3940127993,0.3869855905,1832.159517,4734.4386,0.5602696441,0.5636879325,2605.253845,4621.801701,0.4158864656,0.06718437427,0.06718437427,5.05458738,4,0.8021599144,0.0444402408,2.473861084,3,0.5957735839,0.2441602726,2.075446228,2,0.5181759053,0.1205979791,0.1415619365,1642264.785,1320.418465,0,0,1072.521669,2,1,171.168217,16,1,2420.678228,0,0,4,3,0.522875817,0.3921568627,2520.168152,1351594,24,0.0600182937,329.4337454,Official 311 files provide ward/FSA but no coordinates; CT count is an area-weighted ward-to-CT allocation using the existing municipal ward-to-CT crosswalk.,0.1415619365,0.1205979791,0.042,"Census Profile characteristic 1491: percent of tenant households in subsidized housing, converted to a 0-1 share. Denominator is tenant households, not all households."
5350366.00,5350366.00,2021S05075350366.00,366,2021,6228,5100,4150,1.44,0.2584269663,0.3772070626,0.1717495987,40.4,3,0.3397913562,0.1286173633,0.153,0.3928571429,0.6071428571,0.8719412724,0.6929530201,0.019047619,0.4375,0.4975961538,0.0408653846,4329.8,0.551417004,0.0753036437,0.1821862348,0.8137254902,0.765802269,0.9710843373,0.4409638554,0.3035294118,0.1420545746,0.3110202208,0.3116138157,1290.733916,4142.094643,0.4090563736,0.3922965475,1697.583951,4327.297708,0.6247957375,0.59868646,2592.902311,4330.985388,0.4482907773,0.01805445253,0.01805445253,4.738533362,4,0.7889642378,0.03897613608,2.48891454,3,0.5982184266,0.2556775545,2.040269867,2,0.5098687599,0.2968189682,0.1986444554,1509026.104,1052.229094,1,1,325.3907919,3,1,162.1569634,19,1,2747.994368,0,0,2,1,0.3211303789,0.1605651895,2315.941814,1351594,24,0.05514613323,371.8596362,Official 311 files provide ward/FSA but no coordinates; CT count is an area-weighted ward-to-CT allocation using the existing municipal ward-to-CT crosswalk.,0.1986444554,0.2968189682,0.309,"Census Profile characteristic 1491: percent of tenant households in subsidized housing, converted to a 0-1 share. Denominator is tenant households, not all households."
5350367.01,5350367.01,2021S05075350367.01,367.01,2021,4534,3530,2410,0.71,0.2913907285,0.3653421634,0.1081677704,34,3.4,0.4762886598,0.1324503311,0.169,0.641025641,0.358974359,0.9152348225,0.596176822,0.0183150183,0.557195572,0.295202952,0.0442804428,6357.3,0.592760181,0.1447963801,0.2692307692,0.6827195467,0.850678733,0.9381898455,0.5794701987,0.2795698925,0.1710816777,0.2444082866,0.3395780145,589.0239707,1734.576285,0.4308466037,0.3706264344,1038.340315,2801.581912,0.5455587305,0.5457751704,1314.79654,2409.044258,0.4069378736,0.0711681417,0.0711681417,5.094245045,4,0.8037000593,0.05111208345,2.346713938,2,0.5738722203,0.1909525655,2.072144024,2,0.5174080621,0.08207865718,0.132761104,747796.0102,1754.697419,0,0,356.5220231,4,1,124.6394842,24,1,2633.897292,0,0,1,9,0.2205558006,1.985002206,1147.544359,1351594,24,0.02732899163,253.0975648,Official 311 files provide ward/FSA but no coordinates; CT count is an area-weighted ward-to-CT allocation using the existing municipal ward-to-CT crosswalk.,0.132761104,0.08207865718,0.183,"Census Profile characteristic 1491: percent of tenant households in subsidized housing, converted to a 0-1 share. Denominator is tenant households, not all households."
5350367.02,5350367.02,2021S05075350367.02,367.02,2021,3560,2940,2590,1.03,0.2401685393,0.3609550562,0.2148876404,43.2,3,0.3463541667,0.0744382022,0.141,0.1465517241,0.8534482759,0.9258241758,0.7605633803,0.0172413793,0.1709401709,0.764957265,0.0641025641,3454,0.5054495913,0.0354223433,0.1280653951,0.880952381,0.6784741144,0.9578651685,0.4691011236,0.2105263158,0.1348314607,0.3873095456,0.3921966046,1003.131723,2557.72669,0.3918662183,0.4580482386,1014.933505,2215.778645,0.6453918928,0.6543519403,1671.565002,2554.535105,0.4748558856,0.09620302505,0.09620302505,4.536206759,5,0.7795514946,0.00101968487,2.49966653,3,0.5999466377,0.1648320057,2.142955862,2,0.5333548311,0.08219070373,0.1328260671,1079882.86,1142.5001,1,1,839.5746452,2,1,67.06951555,23,1,1866.49539,0,0,2,12,0.5617977528,3.370786517,1657.159421,1351594,24,0.03946539592,465.4942194,Official 311 files provide ward/FSA but no coordinates; CT count is an area-weighted ward-to-CT allocation using the existing municipal ward-to-CT crosswalk.,0.1328260671,0.08219070373,0,"Census Profile characteristic 1491: percent of tenant households in subsidized housing, converted to a 0-1 share. Denominator is tenant households, not all households."
5350368.01,5350368.01,2021S05075350368.01,368.01,2021,6624,5890,3945,0.89,0.3700906344,0.3429003021,0.163897281,36,1.9,0.5743073048,0.2333836858,0.123,0.3888888889,0.6096866097,0.7767653759,0.4791174153,0.9985754986,0.9680232558,0,0,7455.3,0.5858964741,0.1312828207,0.3218304576,0.6697792869,0.872468117,0.9403773585,0.5909433962,0.3011049724,0.0619335347,0.3207711353,0.3211879511,1265.442129,3939.880448,0.5127339502,0.4242888859,2022.735433,4767.354274,0.6684764346,0.6908645772,2637.139535,3817.158415,0.5006605067,0.137897933,0.137897933,3.607376871,3,0.7227902613,0.01031055186,2.646565519,3,0.6221518066,0.2212809165,2.09148023,2,0.5218697334,0.2888815552,0.2554165282,930728.6326,384.7731895,1,1,979.5993575,1,1,194.3614564,25,1,1147.817367,1,1,3,14,0.4528985507,2.11352657,1638.548367,1351594,24,0.03152242967,247.3653935,Official 311 files provide ward/FSA but no coordinates; CT count is an area-weighted ward-to-CT allocation using the existing municipal ward-to-CT crosswalk.,0.2554165282,0.2888815552,0,"Census Profile characteristic 1491: percent of tenant households in subsidized housing, converted to a 0-1 share. Denominator is tenant households, not all households."
5350368.02,5350368.02,2021S05075350368.02,368.02,2021,4365,3800,2915,1.56,0.2199312715,0.3195876289,0.3184421535,51.2,2.6,0.3442211055,0.1327649208,0.167,0.3511705686,0.6488294314,0.916976456,0.7046894804,0.0133779264,0.338658147,0.6517571885,0,2793.2,0.5541871921,0.0480295567,0.1551724138,0.7671052632,0.709001233,0.946406821,0.4823386114,0.2307692308,0.1042382589,0.4301279229,0.3817412765,1253.822895,3284.483425,0.4703122945,0.4593811077,1370.960338,2984.363779,0.6123315953,0.5765015883,1784.9466,3096.169441,0.5042572709,0.01290300576,0.01290300576,4.684916917,4,0.7865490429,0.1369904534,2.4652475,3,0.5943612153,0.2147372117,2.104213577,2,0.5247630703,0.08323133527,0.1513392842,1648378.794,1134.816718,1,1,1071.281871,2,1,0,17,1,1325.605919,0,0,3,3,0.6872852234,0.6872852234,2907.981,1351594,24,0.05576128309,666.2041237,Official 311 files provide ward/FSA but no coordinates; CT count is an area-weighted ward-to-CT allocation using the existing municipal ward-to-CT crosswalk.,0.1513392842,0.08323133527,0.481,"Census Profile characteristic 1491: percent of tenant households in subsidized housing, converted to a 0-1 share. Denominator is tenant households, not all households."
5350369.00,5350369.00,2021S05075350369.00,369,2021,8145,6195,4795,2.45,0.2430939227,0.364640884,0.1424186618,36.4,3.3,0.3361753959,0.1363065327,0.167,0.4306418219,0.5714285714,0.9231257942,0.7075596817,0.0289855072,0.4347826087,0.3706004141,0.1221532091,3325.4,0.5247959824,0.0665411174,0.1870684244,0.7740112994,0.7512562814,0.9504080352,0.5021971124,0.2421052632,0.1786372007,0.3115192977,0.3091577679,1493.735033,4831.627045,0.3704589598,0.3681291555,1776.350712,4825.346446,0.6880784688,0.6291928995,3299.336258,5243.759522,0.4566855754,0.0202546643,0.0202546643,4.194125665,4,0.7615712833,0.1331748569,2.489679785,3,0.5983419209,0.3449657599,1.978876636,2,0.4946627891,0.05559599239,0.1572801496,2585070.974,1016.747461,1,1,323.5983088,2,1,0,15,1,382.1271325,1,1,4,9,0.4910988336,1.104972376,4560.673271,1351594,24,0.08744148161,559.935331,Official 311 files provide ward/FSA but no coordinates; CT count is an area-weighted ward-to-CT allocation using the existing municipal ward-to-CT crosswalk.,0.1572801496,0.05559599239,0.068,"Census Profile characteristic 1491: percent of tenant households in subsidized housing, converted to a 0-1 share. Denominator is tenant households, not all households."
5350370.01,5350370.01,2021S05075350370.01,370.01,2021,9656,7760,5870,1.76,0.2204968944,0.4026915114,0.1677018634,40.8,2.6,0.353974122,0.1703586498,0.145,0.5,0.5013586957,0.9173333333,0.6545148626,0.5489130435,0.6100543478,0.1114130435,0.0448369565,5499.2,0.6455696203,0.1002109705,0.207278481,0.756443299,0.8829113924,0.9415173867,0.5326659642,0.2871287129,0.1438923395,0.2880204913,0.2792950694,1690.680284,6053.383926,0.4767747326,0.3820502889,2798.66768,7325.390823,0.7526388565,0.6673856794,4417.990088,6619.845501,0.5058113601,0.1141280096,0.1141280096,4.185362373,3,0.7610720624,0.05990187106,2.619521196,3,0.6182508462,0.2348386967,2.054164859,2,0.5131841557,0.185546884,0.2013695897,1850352.344,1905.019267,0,0,568.3786046,2,1,325.9699104,17,1,1281.146271,0,0,2,6,0.2071251036,0.6213753107,3264.799019,1351594,24,0.06259328255,338.1109175,Official 311 files provide ward/FSA but no coordinates; CT count is an area-weighted ward-to-CT allocation using the existing municipal ward-to-CT crosswalk.,0.2013695897,0.185546884,0.202,"Census Profile characteristic 1491: percent of tenant households in subsidized housing, converted to a 0-1 share. Denominator is tenant households, not all households."
5350370.02,5350370.02,2021S05075350370.02,370.02,2021,5574,4540,3330,2.27,0.2457399103,0.3793721973,0.1784753363,40.4,2.9,0.3717105263,0.1166666667,0.149,0.3157894737,0.6842105263,0.9168241966,0.6286836935,0.3767313019,0.485013624,0.280653951,0.0272479564,2451.4,0.5975723623,0.0830999066,0.2072829132,0.7334801762,0.822761194,0.9416666667,0.5407407407,0.34,0.13632287,0.3175576941,0.2823820557,1057.467121,3744.809913,0.409845981,0.3667293333,1364.787117,3721.510643,0.6531675311,0.6367341232,2175.047879,3415.94364,0.4601904021,0.03907176499,0.03907176499,4.215425086,3,0.7627760001,0.04526578523,2.622259637,3,0.6186495091,0.2257696482,2.069154145,2,0.5167107281,0.1718445063,0.158608861,2382752.108,1353.59034,0,0,1016.359902,2,1,334.9916009,16,1,1259.368399,0,0,3,4,0.5382131324,0.7176175099,4203.997962,1351594,24,0.08059966568,754.2156373,Official 311 files provide ward/FSA but no coordinates; CT count is an area-weighted ward-to-CT allocation using the existing municipal ward-to-CT crosswalk.,0.158608861,0.1718445063,0.035,"Census Profile characteristic 1491: percent of tenant households in subsidized housing, converted to a 0-1 share. Denominator is tenant households, not all households."
5350370.03,5350370.03,2021S05075350370.03,370.03,2021,4262,3470,2955,0.86,0.2461899179,0.4009378664,0.1500586166,40.8,3.1,0.3168103448,0.0964705882,0.144,0.3380782918,0.6619217082,0.9152941176,0.7151515152,0.0320284698,0.2826086957,0.5362318841,0.0869565217,4972,0.5011655012,0.0442890443,0.1491841492,0.8515850144,0.6635622817,0.9636150235,0.4507042254,0.2822299652,0.141852286,0.2797777589,0.2981243909,826.7432776,2773.148735,0.3515661118,0.3203502582,1038.87786,3242.943727,0.6263234949,0.6244781369,1850.785927,2963.732144,0.4192224552,0.009649530741,0.009649530741,4.346431485,3,0.7699262019,0.05478505545,2.582507194,3,0.6127793942,0.1521417201,2.144069673,2,0.533597246,0.07434131374,0.1702937503,898153.0939,585.8801508,1,1,629.0536442,2,1,457.5145676,24,1,2126.217561,0,0,2,1,0.4692632567,0.2346316283,1584.632181,1351594,24,0.03038080065,371.804829,Official 311 files provide ward/FSA but no coordinates; CT count is an area-weighted ward-to-CT allocation using the existing municipal ward-to-CT crosswalk.,0.1702937503,0.07434131374,0.158,"Census Profile characteristic 1491: percent of tenant households in subsidized housing, converted to a 0-1 share. Denominator is tenant households, not all households."
5350371.00,5350371.00,2021S05075350371.00,371,2021,8463,6940,5555,3.72,0.2387706856,0.3871158392,0.1802600473,40.8,2.8,0.3723628692,0.1082725061,0.145,0.3027681661,0.6972318339,0.8916105328,0.6015276894,0.2093425606,0.3408304498,0.5778546713,0.0017301038,2272.5,0.5060827251,0.0736009732,0.1733576642,0.8004322767,0.6192214112,0.9659574468,0.4680851064,0.2340036563,0.1329787234,0.322899614,0.3270462724,1793.707356,5484.567498,0.4013171972,0.3622211967,2229.31703,6154.573644,0.6619135226,0.5946379117,3676.929618,6183.47661,0.4620434446,0.03725828528,0.03725828528,4.369678868,4,0.7711502309,0.06245317908,2.59146751,3,0.6141182568,0.1414976056,2.122717296,2,0.5289057087,0.09166333583,0.1254638447,3902591.459,1176.160867,1,1,611.634746,1,1,39.43915654,37,1,2877.11954,0,0,5,13,0.5908070424,1.53609831,6885.423994,1351594,24,0.1320088252,813.5913971,Official 311 files provide ward/FSA but no coordinates; CT count is an area-weighted ward-to-CT allocation using the existing municipal ward-to-CT crosswalk.,0.1254638447,0.09166333583,0.051,"Census Profile characteristic 1491: percent of tenant households in subsidized housing, converted to a 0-1 share. Denominator is tenant households, not all households."
5350372.00,5350372.00,2021S05075350372.00,372,2021,4333,3665,3230,1.32,0.2367205543,0.3949191686,0.1974595843,44.8,3,0.3823529412,0.0705202312,0.167,0.1632653061,0.8401360544,0.9108571429,0.7300469484,0.0340136054,0.1875,0.7743055556,0.0034722222,3287.8,0.5102272727,0.0511363636,0.1329545455,0.8813096862,0.5920454545,0.9653579677,0.4780600462,0.154676259,0.1143187067,0.3039361997,0.356827651,981.7139249,2751.22716,0.4016079902,0.4171484941,1297.193808,3109.669163,0.6183094409,0.6643761427,1997.139494,3006.037342,0.4412845436,0.07674146132,0.07674146132,4.552781329,4,0.7803540457,0.0165924949,2.556710346,3,0.6088723928,0.1487786141,2.110717011,2,0.5262273461,0.1619424881,0.1149243335,1389089.296,684.8020822,1,1,641.4807988,1,1,1.154362912,35,1,3324.64583,0,0,4,0,0.9231479345,0,2450.802225,1351594,24,0.0469871398,565.6132529,Official 311 files provide ward/FSA but no coordinates; CT count is an area-weighted ward-to-CT allocation using the existing municipal ward-to-CT crosswalk.,0.1149243335,0.1619424881,0,"Census Profile characteristic 1491: percent of tenant households in subsidized housing, converted to a 0-1 share. Denominator is tenant households, not all households."
5350373.00,5350373.00,2021S05075350373.00,373,2021,4934,4045,3200,0.96,0.2441742655,0.4012158055,0.1631205674,40.4,2.8,0.3492647059,0.1195542047,0.126,0.5287356322,0.4712643678,0.9305699482,0.6433941998,0.0172413793,0.4617563739,0.4589235127,0,5147.1,0.5087358684,0.0750256937,0.1788283659,0.7911001236,0.6532921811,0.9665314402,0.4310344828,0.2716049383,0.134751773,0.3481979831,0.3578830579,1114.233546,3113.401211,0.4217386526,0.3966954686,1349.563688,3402.014379,0.6351029428,0.6246103698,2032.329417,3253.755485,0.4683465262,0.0280581031,0.0280581031,4.472914864,4,0.7764321409,0.0001683747278,2.643833987,3,0.6217614249,0.135556268,2.133165942,2,0.5312132167,0.1578764781,0.1156888381,1004186.175,193.3172503,2,1,741.210173,2,1,489.7884011,32,1,3490.032355,0,0,3,2,0.6080259424,0.4053506283,1771.701061,1351594,24,0.03396759312,359.080069,Official 311 files provide ward/FSA but no coordinates; CT count is an area-weighted ward-to-CT allocation using the existing municipal ward-to-CT crosswalk.,0.1156888381,0.1578764781,0.033,"Census Profile characteristic 1491: percent of tenant households in subsidized housing, converted to a 0-1 share. Denominator is tenant households, not all households."
5350374.01,5350374.01,2021S05075350374.01,374.01,2021,5150,4345,3365,1.19,0.2533980583,0.4106796117,0.1689320388,42.4,2.9,0.4492753623,0.0951456311,0.136,0.3083333333,0.6916666667,0.8679962013,0.6778989098,0.2833333333,0.4222222222,0.4666666667,0.0027777778,4339.8,0.5664794007,0.0842696629,0.2247191011,0.7744533947,0.7144194757,0.9359223301,0.5553398058,0.2228571429,0.1165048544,0.3569321168,0.3630452385,1201.076573,3308.338592,0.4412102031,0.4335352353,1484.672333,3424.57132,0.7596117578,0.7111617915,2556.093565,3594.250416,0.5192513592,0.03099438402,0.03099438402,4.084579506,3,0.7551767572,0.07512106733,2.395658539,3,0.5825782416,0.07451880078,2.108436197,2,0.5257148394,0.1190542492,0.1246980313,1244951.917,1811.460294,0,0,432.4955658,1,1,230.2141623,19,1,2973.032958,0,0,1,11,0.1941747573,2.13592233,1888.950782,1351594,24,0.05552867832,366.7865596,Official 311 files provide ward/FSA but no coordinates; CT count is an area-weighted ward-to-CT allocation using the existing municipal ward-to-CT crosswalk.,0.1246980313,0.1190542492,0,"Census Profile characteristic 1491: percent of tenant households in subsidized housing, converted to a 0-1 share. Denominator is tenant households, not all households."
5350374.02,5350374.02,2021S05075350374.02,374.02,2021,3171,2695,2280,0.8,0.2330708661,0.3716535433,0.2236220472,45.6,3,0.4046920821,0.0963665087,0.172,0.1064814815,0.8935185185,0.9317460317,0.7131011609,0.287037037,0.1361502347,0.5117370892,0.0704225352,3952.4,0.6248037677,0.0502354788,0.1428571429,0.8460111317,0.7425431711,0.9164037855,0.5646687697,0.2259615385,0.1133858268,0.377128791,0.3775081118,859.8536434,2277.709052,0.4237250929,0.4017315098,966.0932119,2404.823093,0.6095721946,0.5896152773,1389.824604,2357.171968,0.4701420262,0.03404827037,0.03404827037,3.917859723,3,0.7447586002,0.02190376121,2.514317382,3,0.6022777367,0.1247737886,2.084663129,2,0.5203061896,0.07165016863,0.1105650172,840622.6009,1243.947361,0,0,625.7045582,2,1,112.573959,19,1,2900.230698,0,0,1,9,0.3153579313,2.838221381,1275.357692,1351594,24,0.03749910509,402.1941632,Official 311 files provide ward/FSA but no coordinates; CT count is an area-weighted ward-to-CT allocation using the existing municipal ward-to-CT crosswalk.,0.1105650172,0.07165016863,0,"Census Profile characteristic 1491: percent of tenant households in subsidized housing, converted to a 0-1 share. Denominator is tenant households, not all households."
5350374.03,5350374.03,2021S05075350374.03,374.03,2021,4053,3450,2530,0.81,0.2133168927,0.3810110974,0.2453760789,46.8,2.5,0.3589108911,0.1839506173,0.189,0.6175548589,0.3793103448,0.9031413613,0.7115902965,0.0501567398,0.6697819315,0.2897196262,0.0280373832,5016.1,0.6592977893,0.0871261378,0.2366710013,0.7333333333,0.78515625,0.8618988903,0.5967940814,0.2592592593,0.1122071517,0.2801016264,0.3018378434,708.6571148,2347.807375,0.4285589251,0.3934049565,1084.25408,2756.076309,0.6516260547,0.6761813852,1648.613918,2438.123785,0.4534288687,0.2247752368,0.2247752368,3.805618821,3,0.7372306458,0.004439549659,2.431499138,3,0.5887310901,0.1854601711,2.061249632,2,0.5148574029,0.2811525682,0.2429723589,846537.4924,839.114239,1,1,769.983365,1,1,0,21,1,2252.731412,0,0,4,19,0.9869232667,4.687885517,1284.400394,1351594,24,0.03775995613,316.9011581,Official 311 files provide ward/FSA but no coordinates; CT count is an area-weighted ward-to-CT allocation using the existing municipal ward-to-CT crosswalk.,0.2429723589,0.2811525682,0.299,"Census Profile characteristic 1491: percent of tenant households in subsidized housing, converted to a 0-1 share. Denominator is tenant households, not all households."
5350375.01,5350375.01,2021S05075350375.01,375.01,2021,6266,5350,4160,0.95,0.2011173184,0.3591380686,0.2777334397,49.6,2.3,0.4089456869,0.2300319489,0.186,0.6,0.3981481481,0.8973322555,0.67,0.1925925926,0.728440367,0.1743119266,0.0458715596,6574.3,0.6538461538,0.0929487179,0.2131410256,0.7775700935,0.6351242983,0.875399361,0.6110223642,0.2259036145,0.1117318436,0.3870729373,0.3429145007,1610.223419,4695.699412,0.4406796982,0.3741500553,1833.227544,4899.712077,0.5863627071,0.5489032976,2439.268862,4443.895441,0.4713717809,0.001493168146,0.001493168146,4.279046354,4,0.7663030692,0.1574952507,2.315899126,2,0.5682022638,0.04364666976,2.110450742,2,0.5261675717,0.2006639118,0.07405828311,998370.42,946.6551793,1,1,505.514031,2,1,182.9571146,16,1,2377.833873,0,0,2,8,0.3191828918,1.276731567,1514.547679,1351594,24,0.04454107566,241.7088539,Official 311 files provide ward/FSA but no coordinates; CT count is an area-weighted ward-to-CT allocation using the existing municipal ward-to-CT crosswalk.,0.07405828311,0.2006639118,0.44,"Census Profile characteristic 1491: percent of tenant households in subsidized housing, converted to a 0-1 share. Denominator is tenant households, not all households."
5350375.02,5350375.02,2021S05075350375.02,375.02,2021,1887,1565,1415,0.61,0.198938992,0.3846153846,0.2334217507,48.4,2.8,0.5111111111,0.0505319149,0.126,0.2814814815,0.7185185185,0.9696132597,0.88,0,0.1407407407,0.7407407407,0,3074.3,0.3753424658,0.0164383562,0.0657534247,0.9041533546,0.5521978022,0.9707446809,0.3962765957,0.18,0.1405835544,0.3230831067,0.401908738,457.162596,1137.478618,0.5379553484,0.4450752146,761.2068179,1710.288043,0.8882770388,0.7345267474,1256.91201,1711.186168,0.5831051646,0.02059918202,0.02059918202,4.033517083,4,0.7520774105,0.0474872123,2.372702758,3,0.5785397069,0.1743307355,2.045815165,2,0.5111972884,0.2209361985,0.06684348613,643652.2817,1770.694218,0,0,875.3863752,3,1,192.4824778,17,1,3001.242299,0,0,2,0,1.059883413,0,976.4375261,1351594,24,0.02871621698,517.4549688,Official 311 files provide ward/FSA but no coordinates; CT count is an area-weighted ward-to-CT allocation using the existing municipal ward-to-CT crosswalk.,0.06684348613,0.2209361985,0.316,"Census Profile characteristic 1491: percent of tenant households in subsidized housing, converted to a 0-1 share. Denominator is tenant households, not all households."
5350375.03,5350375.03,2021S05075350375.03,375.03,2021,5221,4150,3055,0.81,0.2471264368,0.3745210728,0.1637931034,38.4,2.8,0.378330373,0.1610738255,0.164,0.6124661247,0.3875338753,0.9100478469,0.6590229312,0.1490514905,0.6216216216,0.2324324324,0.027027027,6436.9,0.5639810427,0.0909952607,0.2436018957,0.7361445783,0.8312796209,0.9310344828,0.5153256705,0.2884615385,0.1503831418,0.2648676597,0.2702461502,809.1707004,2994.198806,0.4117748581,0.314687496,1257.972192,3997.528366,0.5326646465,0.5422139572,1627.290495,3001.19625,0.4031023881,0.06811986377,0.06811986377,4.118043679,4,0.7571662474,0.01550832961,2.503547894,3,0.6005668585,0.1298182532,2.11489627,2,0.5271635709,0.05400946635,0.1450293182,852330.1237,923.8732907,1,1,320.0241052,3,1,58.15605615,16,1,3560.134459,0,0,0,2,0,0.3830683777,1293.007329,1351594,24,0.03802627206,247.6551099,Official 311 files provide ward/FSA but no coordinates; CT count is an area-weighted ward-to-CT allocation using the existing municipal ward-to-CT crosswalk.,0.1450293182,0.05400946635,0.267,"Census Profile characteristic 1491: percent of tenant households in subsidized housing, converted to a 0-1 share. Denominator is tenant households, not all households."
5350375.04,5350375.04,2021S05075350375.04,375.04,2021,5785,4855,3600,0.92,0.2428694901,0.4019014693,0.1797752809,42.8,3.1,0.4009287926,0.103030303,0.165,0.2058047493,0.7941952507,0.9340277778,0.6517857143,0.4617414248,0.3448275862,0.275862069,0.0450928382,6279.2,0.6346320346,0.0692640693,0.2346320346,0.7415036045,0.8468858131,0.8753246753,0.6285714286,0.2257142857,0.1270527226,0.3300883983,0.326430979,1188.318234,3640.335355,0.3938965744,0.3614927617,1418.027668,3922.700032,0.5769615502,0.5661953839,2077.061581,3668.453752,0.433648841,0.06630145383,0.06630145383,3.84730133,3,0.7400775468,0.06138657105,2.423569349,3,0.5873854403,0.09627593567,2.078774356,2,0.518947308,0.04299372337,0.07190973828,968044.015,1113.941,1,1,867.0030951,2,1,0,25,1,3937.221531,0,0,1,3,0.172860847,0.5185825411,1468.548361,1351594,24,0.04318878807,253.8545135,Official 311 files provide ward/FSA but no coordinates; CT count is an area-weighted ward-to-CT allocation using the existing municipal ward-to-CT crosswalk.,0.07190973828,0.04299372337,0,"Census Profile characteristic 1491: percent of tenant households in subsidized housing, converted to a 0-1 share. Denominator is tenant households, not all households."
5350375.05,5350375.05,2021S05075350375.05,375.05,2021,6915,5795,4740,1.13,0.2060737527,0.3832248735,0.2349963847,47.2,2.6,0.4375857339,0.1354091238,0.128,0.5268022181,0.4750462107,0.9121278141,0.7072442121,0.1109057301,0.5391791045,0.3563432836,0.0018656716,6122.7,0.5841155235,0.0700361011,0.1711191336,0.8179465056,0.70995671,0.9094858798,0.5336712527,0.2088452088,0.1250903832,0.3216554241,0.3137697316,1524.64671,4859.126157,0.3881354798,0.3673351851,1839.762174,5008.401723,0.6373786547,0.583352205,3021.174823,5178.989292,0.4490565195,0.07241451503,0.07241451503,3.943561831,4,0.7464221324,0.07205310183,2.382100176,2,0.5802023736,0.08509854907,2.100588256,2,0.5239428779,0.1878817259,0.07848648805,1184511.561,1145.602246,1,1,1091.862199,1,1,28.23841511,20,1,3100.32101,0,0,0,5,0,0.723065799,1796.93535,1351594,24,0.0528463768,259.860499,Official 311 files provide ward/FSA but no coordinates; CT count is an area-weighted ward-to-CT allocation using the existing municipal ward-to-CT crosswalk.,0.07848648805,0.1878817259,0.157,"Census Profile characteristic 1491: percent of tenant households in subsidized housing, converted to a 0-1 share. Denominator is tenant households, not all households."
5350376.01,5350376.01,2021S05075350376.01,376.01,2021,5025,4070,3145,1.05,0.2427860697,0.3721393035,0.1781094527,40.4,3.1,0.2973484848,0.1758241758,0.234,0.334384858,0.665615142,0.9166666667,0.6955161627,0.0820189274,0.321875,0.4375,0.05,4804,0.5924075924,0.0669330669,0.2047952048,0.7727272727,0.8351648352,0.8487562189,0.6089552239,0.2310756972,0.1452736318,0.2905364819,0.3429948921,913.7372355,2663.996627,0.3728592139,0.3355156173,1172.642228,3495.045141,0.6058507679,0.6052048663,1905.400665,3148.356484,0.4230821546,0.09366317185,0.09366317185,4.068366514,3,0.7542011034,0.06582552299,2.440013656,3,0.5901662281,0.1303802611,2.057716784,2,0.5140244722,0.04505468567,0.1024405183,1095326.449,1374.138083,0,0,1112.223741,1,1,62.74542158,21,1,4094.201172,0,0,1,4,0.1990049751,0.7960199005,1661.639178,1351594,24,0.0488674287,330.6744633,Official 311 files provide ward/FSA but no coordinates; CT count is an area-weighted ward-to-CT allocation using the existing municipal ward-to-CT crosswalk.,0.1024405183,0.04505468567,0.594,"Census Profile characteristic 1491: percent of tenant households in subsidized housing, converted to a 0-1 share. Denominator is tenant households, not all households."
5350376.02,5350376.02,2021S05075350376.02,376.02,2021,4667,3830,2740,0.86,0.2291220557,0.3961456103,0.187366167,42.4,3,0.3087121212,0.1405579399,0.144,0.371875,0.625,0.9141039236,0.6968026461,0.328125,0.6485623003,0.1118210863,0.1533546326,5437.5,0.6726504752,0.0918690602,0.2703273495,0.7154046997,0.9344608879,0.8349410504,0.6280814577,0.2565789474,0.1338329764,0.317515542,0.3147599081,869.9925852,2763.987925,0.3346578274,0.3798672891,916.9624471,2413.902101,0.6180471975,0.629857256,1693.449321,2688.623978,0.4234068556,0.2013103857,0.2013103857,3.800367619,3,0.7368675611,0.1071473549,2.466575047,3,0.5945795361,0.1723404533,2.076977315,2,0.5185310918,0.09668029835,0.2197976557,899327.3202,1347.231356,0,0,263.2315515,3,1,0,25,1,5092.805431,0,0,2,12,0.4285408185,2.571244911,1364.303318,1351594,24,0.04012302791,292.3298303,Official 311 files provide ward/FSA but no coordinates; CT count is an area-weighted ward-to-CT allocation using the existing municipal ward-to-CT crosswalk.,0.2197976557,0.09668029835,0.1,"Census Profile characteristic 1491: percent of tenant households in subsidized housing, converted to a 0-1 share. Denominator is tenant households, not all households."
5350376.04,5350376.04,2021S05075350376.04,376.04,2021,5296,4525,3475,1.19,0.191509434,0.3330188679,0.3094339623,50.8,2.7,0.4174950298,0.1461988304,0.147,0.3213367609,0.676092545,0.8937799043,0.657480315,0.3367609254,0.5298701299,0.3584415584,0.0103896104,4435.1,0.7019047619,0.0923809524,0.22,0.7679558011,0.8914285714,0.8497109827,0.6743737958,0.1928571429,0.1169811321,0.3643005263,0.3489676225,1265.944329,3627.684196,0.4101379411,0.3518465157,1425.229345,4050.713256,0.6106824346,0.5503994181,2122.12146,3855.602659,0.4617069673,0.156407581,0.156407581,3.539512497,3,0.7174752171,0.1051390379,2.248706061,2,0.5552998156,0.1223165866,2.07345054,2,0.5177121513,0.1538785951,0.09235420947,1250304.058,1048.818485,1,1,197.8099349,2,1,13.00325643,24,1,4165.925574,0,0,1,1,0.1888217523,0.1888217523,1896.744307,1351594,24,0.05578167536,358.1465837,Official 311 files provide ward/FSA but no coordinates; CT count is an area-weighted ward-to-CT allocation using the existing municipal ward-to-CT crosswalk.,0.09235420947,0.1538785951,0.087,"Census Profile characteristic 1491: percent of tenant households in subsidized housing, converted to a 0-1 share. Denominator is tenant households, not all households."
5350376.05,5350376.05,2021S05075350376.05,376.05,2021,6299,5305,3965,1.29,0.1953931692,0.3868149325,0.2446386021,46.8,3.2,0.3328290469,0.1446740859,0.229,0.0987341772,0.9037974684,0.9102564103,0.7316267547,0.3164556962,0.3358585859,0.6641414141,0,4879.9,0.6756756757,0.0453100159,0.2305246423,0.7474081056,0.9491255962,0.7275615568,0.7664813344,0.1140065147,0.1215250199,0.3034559358,0.297873823,1203.202785,4039.303532,0.4075572185,0.3295594921,1615.964371,4903.407153,0.6257600789,0.556537364,2481.138713,4458.170957,0.4455910777,0.1616145403,0.1616145403,3.386665074,3,0.7047242706,0.117780813,2.282930628,2,0.5619665408,0.1128505042,2.071342193,2,0.5172212474,0.07315826597,0.1023550147,1369174.835,1110.12635,1,1,481.3995969,2,1,29.08929787,24,1,5774.208491,0,0,2,0,0.317510716,0,2077.080673,1351594,24,0.06108521816,329.7476858,Official 311 files provide ward/FSA but no coordinates; CT count is an area-weighted ward-to-CT allocation using the existing municipal ward-to-CT crosswalk.,0.1023550147,0.07315826597,0,"Census Profile characteristic 1491: percent of tenant households in subsidized housing, converted to a 0-1 share. Denominator is tenant households, not all households."
5350376.06,5350376.06,2021S05075350376.06,376.06,2021,428,430,245,2.19,0,0.0581395349,0.9186046512,85,1.4,0.25,0.4516129032,0,0.1666666667,0.8095238095,0.8928571429,0.6071428571,0.9761904762,0.9555555556,0,0,195.3,0.9454545455,0,0.1272727273,0.5697674419,0.9642857143,0.564516129,0.935483871,,0,0.8268358397,0.3521812871,202.5747807,575.2002964,0.9733586464,0.3963779194,238.4728684,601.6300523,1.137564585,0.663992413,278.7033233,419.7387166,0.9792530237,0.206276709,0.206276709,3.05223168,3,0.6723708732,0.1509724151,2.272581138,2,0.5599717065,0.2433975329,2.013820037,2,0.5034312988,0.2148536252,0.01171152025,2295930.008,1975.193122,0,0,665.3727329,3,1,8.565961951,23,1,5690.645924,0,0,6,6,14.01869159,14.01869159,3481.066856,1351594,24,0.1023769754,8133.333775,Official 311 files provide ward/FSA but no coordinates; CT count is an area-weighted ward-to-CT allocation using the existing municipal ward-to-CT crosswalk.,0.01171152025,0.2148536252,0,"Census Profile characteristic 1491: percent of tenant households in subsidized housing, converted to a 0-1 share. Denominator is tenant households, not all households."
5350376.08,5350376.08,2021S05075350376.08,376.08,2021,6056,5175,3970,0.88,0.2237819983,0.3583815029,0.2601156069,47.6,2.8,0.373553719,0.1296449216,0.179,0.1364705882,0.8635294118,0.8856181665,0.6845289542,0.7105882353,0.587962963,0.1319444444,0.0648148148,6891.2,0.6555183946,0.0744147157,0.2023411371,0.7671497585,0.8443514644,0.8703550784,0.6284062758,0.2319277108,0.1106523534,0.3734798153,0.3736227649,1482.714867,3968.481061,0.4698705998,0.4247423419,1865.386281,4391.806742,0.6856137935,0.6294956429,2721.88676,4323.916759,0.5096547362,0.1289955915,0.1289955915,3.914352233,3,0.7445298888,0.07160850659,2.377258161,2,0.579347327,0.1423995775,2.059677919,2,0.5144871969,0.09670317029,0.2189219891,920877.4834,524.6793671,1,1,381.4825212,3,1,46.80603511,31,1,4348.799092,0,0,1,0,0.1651254954,0,1396.995485,1351594,24,0.04108447741,230.6795716,Official 311 files provide ward/FSA but no coordinates; CT count is an area-weighted ward-to-CT allocation using the existing municipal ward-to-CT crosswalk.,0.2189219891,0.09670317029,0,"Census Profile characteristic 1491: percent of tenant households in subsidized housing, converted to a 0-1 share. Denominator is tenant households, not all households."
5350376.09,5350376.09,2021S05075350376.09,376.09,2021,4250,3700,2745,0.8,0.1776470588,0.3811764706,0.2929411765,51.2,2.7,0.3940092166,0.1672555948,0.186,0.1656050955,0.8312101911,0.8867235079,0.6729088639,0.5350318471,0.596214511,0.3217665615,0.0378548896,5305.9,0.7118644068,0.0690072639,0.2360774818,0.7418918919,0.8909090909,0.7858823529,0.7517647059,0.1116504854,0.0988235294,0.31826411,0.3260120282,873.6349818,2679.763034,0.4350411643,0.3799235845,1194.187996,3143.232073,0.7179406025,0.6790336674,1970.746954,2902.281652,0.4904152923,0.1945682384,0.1945682384,3.429284659,3,0.7083939949,0.1679439777,2.23110167,2,0.551790932,0.07835419297,2.078404536,2,0.5188617122,0.1489200038,0.09286203297,838389.4058,814.7656214,1,1,999.2388387,1,1,162.5242179,10,1,4841.717466,0,0,0,1,0,0.2352941176,1272.170017,1351594,24,0.03741346401,299.3341216,Official 311 files provide ward/FSA but no coordinates; CT count is an area-weighted ward-to-CT allocation using the existing municipal ward-to-CT crosswalk.,0.09286203297,0.1489200038,0,"Census Profile characteristic 1491: percent of tenant households in subsidized housing, converted to a 0-1 share. Denominator is tenant households, not all households."
5350376.11,5350376.11,2021S05075350376.11,376.11,2021,3313,2610,1845,0.47,0.2488687783,0.3785822021,0.1478129713,38.4,3.2,0.296735905,0.1575757576,0.163,0.4773869347,0.527638191,0.8830963665,0.6229508197,0.2211055276,0.3512195122,0.0780487805,0.1024390244,7042.9,0.6338028169,0.1001564945,0.2456964006,0.7068965517,0.8390625,0.9033232628,0.5422960725,0.25,0.1674208145,0.2881504285,0.2962978381,531.6375405,1794.267363,0.3784118492,0.3289373818,698.1698617,2122.500817,0.6762596137,0.6276367421,1247.698987,1987.931718,0.4476072971,0.1712757263,0.1712757263,4.024283667,3,0.7515085708,0.07712652266,2.371947826,3,0.5784055666,0.1912230429,2.033981738,2,0.5083535011,0.1948894056,0.07576251627,492664.4265,1010.293365,1,1,637.9584551,3,1,0,24,1,3125.40358,0,0,0,1,0,0.3018412315,747.3849584,1351594,24,0.02197997113,225.5915962,Official 311 files provide ward/FSA but no coordinates; CT count is an area-weighted ward-to-CT allocation using the existing municipal ward-to-CT crosswalk.,0.07576251627,0.1948894056,0.351,"Census Profile characteristic 1491: percent of tenant households in subsidized housing, converted to a 0-1 share. Denominator is tenant households, not all households."
5350376.12,5350376.12,2021S05075350376.12,376.12,2021,5081,4455,3720,0.91,0.1978346457,0.3720472441,0.2893700787,51.6,2.7,0.4737864078,0.0974409449,0.168,0.1428571429,0.8571428571,0.9205426357,0.7061752988,0.5264550265,0.5174262735,0.2680965147,0.0750670241,5570.1,0.6325940212,0.0607521697,0.1697203472,0.835016835,0.7405978785,0.8966535433,0.6151574803,0.1793103448,0.093503937,0.3760681935,0.3981648045,1398.97368,3513.554347,0.4573314181,0.4365556507,1701.272875,3897.035516,0.6703110748,0.693024044,2493.557198,3598.081798,0.5012368954,0.021548036,0.021548036,4.333250765,5,0.769226372,0.07533765695,2.345063057,2,0.5735722342,0.1038045037,2.093775541,2,0.5223938858,0.1947911397,0.0754397701,954800.585,373.1851895,1,1,151.6864388,3,1,92.87504702,31,1,3625.591048,0,0,0,0,0,0,1448.457727,1351594,24,0.04259793922,285.0733571,Official 311 files provide ward/FSA but no coordinates; CT count is an area-weighted ward-to-CT allocation using the existing municipal ward-to-CT crosswalk.,0.0754397701,0.1947911397,0,"Census Profile characteristic 1491: percent of tenant households in subsidized housing, converted to a 0-1 share. Denominator is tenant households, not all households."
5350376.13,5350376.13,2021S05075350376.13,376.13,2021,3626,3130,2470,0.51,0.1682758621,0.3531034483,0.324137931,52.4,2.7,0.423566879,0.1781767956,0.159,0.1283018868,0.8716981132,0.9216255443,0.7551622419,0.5471698113,0.5283018868,0.3132075472,0.0377358491,7095.9,0.7413294798,0.0520231214,0.1560693642,0.7891373802,0.9191919192,0.7889655172,0.7406896552,0.0993377483,0.1103448276,0.440919189,0.3475574443,1089.070397,3133.49754,0.4548378327,0.3783152202,1123.449447,2969.612077,0.7372948001,0.5880043876,1821.118156,3097.116611,0.5443506073,0.1626693164,0.1626693164,3.305822773,3,0.6975034451,0.09419571016,2.264092328,2,0.558321899,0.12570091,2.072379561,2,0.5174629114,0.07322652254,0.1015278358,535271.7627,528.613971,1,1,922.2451812,2,1,23.29927139,29,1,4873.461116,0,0,1,0,0.2757859901,0,812.0236992,1351594,24,0.02388094283,223.9447598,Official 311 files provide ward/FSA but no coordinates; CT count is an area-weighted ward-to-CT allocation using the existing municipal ward-to-CT crosswalk.,0.1015278358,0.07322652254,0,"Census Profile characteristic 1491: percent of tenant households in subsidized housing, converted to a 0-1 share. Denominator is tenant households, not all households."
5350376.14,5350376.14,2021S05075350376.14,376.14,2021,3472,2895,2270,0.74,0.2143884892,0.3798561151,0.2244604317,46.4,3.3,0.3514211886,0.1023054755,0.193,0.0900473934,0.9052132701,0.9085872576,0.7814285714,0.0473933649,0.1047619048,0.7380952381,0.0571428571,4716.1,0.6574965612,0.0646492435,0.22696011,0.7841105354,0.9159779614,0.7913669065,0.7208633094,0.1444444444,0.1323741007,0.3045038828,0.3030924238,691.223814,2280.571072,0.3223130764,0.3415653059,731.6506834,2142.052108,0.5031954042,0.592636759,1142.253568,1927.409244,0.3766707878,0.1832980645,0.1832980645,3.466069304,3,0.7114887464,0.06264170783,2.288955749,2,0.5631195577,0.1044509439,2.103290961,2,0.5245546057,0.07298024637,0.101558872,771142.0027,401.1647264,1,1,1067.82562,1,1,82.11335673,29,1,5288.026372,0,0,1,0,0.2880184332,0,1169.842803,1351594,24,0.03440410561,336.9362912,Official 311 files provide ward/FSA but no coordinates; CT count is an area-weighted ward-to-CT allocation using the existing municipal ward-to-CT crosswalk.,0.101558872,0.07298024637,0,"Census Profile characteristic 1491: percent of tenant households in subsidized housing, converted to a 0-1 share. Denominator is tenant households, not all households."
5350376.15,5350376.15,2021S05075350376.15,376.15,2021,3560,3235,2875,0.91,0.1657303371,0.3244382022,0.3988764045,59.2,2.4,0.5030674847,0.1802816901,0.138,0.142384106,0.8609271523,0.9157303371,0.7142857143,0.7715231788,0.7541528239,0.1827242525,0.0033222591,3898.8,0.752433936,0.0389429764,0.1154381085,0.8887171561,0.8857938719,0.8539325843,0.7036516854,0.1533333333,0.0716292135,0.3058966663,0.3500391567,879.4529155,2512.441533,0.3829540424,0.4070248927,1100.992872,2704.976751,0.7313245183,0.6705178152,2102.55799,3135.722784,0.4733917423,0.1751112333,0.1751112333,3.658051689,3,0.7266304347,0.06556796733,2.286989729,2,0.5627439916,0.1603269884,2.054466586,2,0.5132556515,0.2312168721,0.1513187451,966460.0447,531.7214202,1,1,617.4255462,2,1,0,19,1,3321.905872,0,0,4,0,1.123595506,0,1466.145436,1351594,24,0.04311812004,411.8386056,Official 311 files provide ward/FSA but no coordinates; CT count is an area-weighted ward-to-CT allocation using the existing municipal ward-to-CT crosswalk.,0.1513187451,0.2312168721,0,"Census Profile characteristic 1491: percent of tenant households in subsidized housing, converted to a 0-1 share. Denominator is tenant households, not all households."
5350376.16,5350376.16,2021S05075350376.16,376.16,2021,4484,3630,2280,0.27,0.231884058,0.3076923077,0.2619843924,40.4,2.3,0.4514563107,0.1933174224,0.163,0.7336956522,0.2690217391,0.8639125152,0.510230179,0.3695652174,0.9756097561,0,0,16515.7,0.6,0.1325301205,0.3012048193,0.6280991736,0.8262967431,0.9220023283,0.5122235157,0.2954545455,0.1337792642,0.4422358799,0.347175139,1008.297806,2904.291503,0.4273950343,0.4163444528,974.4606782,2340.51558,0.669316506,0.5790340638,1526.041634,2635.495438,0.5129824734,0.1068347168,0.1068347168,4.008339108,3,0.7505201099,0.01640047813,2.478783922,2,0.5965763732,0.170632518,2.123385528,2,0.5290539626,0.2530953996,0.1598791625,284297.0416,186.1224674,1,1,789.7756565,2,1,156.1913079,19,1,2778.368246,0,0,3,1,0.6690454951,0.223015165,431.2861274,1351594,24,0.01268376694,96.18334687,Official 311 files provide ward/FSA but no coordinates; CT count is an area-weighted ward-to-CT allocation using the existing municipal ward-to-CT crosswalk.,0.1598791625,0.2530953996,0.056,"Census Profile characteristic 1491: percent of tenant households in subsidized housing, converted to a 0-1 share. Denominator is tenant households, not all households."
5350377.02,5350377.02,2021S05075350377.02,377.02,2021,4356,3710,2960,1.91,0.2275862069,0.375862069,0.2298850575,47.6,3.1,0.372246696,0.1173762946,0.156,0.1948529412,0.8051470588,0.9110854503,0.7130952381,0.0147058824,0.1841155235,0.7725631769,0.0180505415,2285.4,0.5931034483,0.0482758621,0.1712643678,0.7978436658,0.8218390805,0.8356321839,0.6402298851,0.1625,0.1114942529,0.3539568996,0.3473841599,1047.712423,3016.005171,0.3554089483,0.3113414976,1052.010487,3378.960065,0.5277829798,0.4839230636,1562.23762,3228.276843,0.4123829425,0.1323863824,0.1323863824,3.59004031,3,0.7214515956,0.2405892137,2.322785112,3,0.5694823448,0.2336975229,2.000984165,2,0.5002459203,0.0144058058,0.08119331328,1996193.835,1628.828663,0,0,146.0477921,3,1,0,22,1,2309.198002,0,0,1,15,0.2295684114,3.443526171,2072.145622,1351594,24,0.06262492839,475.6991785,Official 311 files provide ward/FSA but no coordinates; CT count is an area-weighted ward-to-CT allocation using the existing municipal ward-to-CT crosswalk.,0.08119331328,0.0144058058,0,"Census Profile characteristic 1491: percent of tenant households in subsidized housing, converted to a 0-1 share. Denominator is tenant households, not all households."
5350377.03,5350377.03,2021S05075350377.03,377.03,2021,2682,2295,1880,0.65,0.2309124767,0.3873370577,0.2234636872,48,3.2,0.4028268551,0.1044776119,0.174,0.1686746988,0.8313253012,0.9330783939,0.7914230019,0.1084337349,0.1547619048,0.619047619,0.0297619048,4125.5,0.6223908918,0.0360531309,0.1707779886,0.8191721133,0.8288973384,0.8190298507,0.6529850746,0.1746031746,0.1117318436,0.350522075,0.3701378874,658.9815011,1780.367597,0.4126999229,0.3889017317,775.8758551,1995.043457,0.6096393002,0.6145628228,1146.121884,1864.938525,0.4576204327,0.06126050105,0.06126050105,3.537105979,3,0.7172829975,0.1763879416,2.344944947,3,0.5735507559,0.2468724382,1.998424751,2,0.4996058773,5.913413893e-05,0.07932735795,680620.1964,1162.481883,1,1,874.1391347,3,1,161.9351207,20,1,3888.219423,0,0,0,2,0,0.7457121551,706.3197236,1351594,24,0.02135186589,263.3556016,Official 311 files provide ward/FSA but no coordinates; CT count is an area-weighted ward-to-CT allocation using the existing municipal ward-to-CT crosswalk.,0.07932735795,5.913413893e-05,0,"Census Profile characteristic 1491: percent of tenant households in subsidized housing, converted to a 0-1 share. Denominator is tenant households, not all households."
5350377.04,5350377.04,2021S05075350377.04,377.04,2021,5466,4645,3580,0.88,0.231261426,0.3957952468,0.2065813528,46,3.3,0.2692307692,0.1108058608,0.188,0.1201201201,0.8828828829,0.9253187614,0.7354596623,0.0930930931,0.2145015106,0.3051359517,0.250755287,6188.2,0.6869328494,0.0735027223,0.2177858439,0.7707212056,0.9328493648,0.7548032937,0.7026532479,0.1415662651,0.1197440585,0.3560294942,0.3510392627,1274.585589,3630.891825,0.4114981957,0.3948196877,1473.163541,3731.231209,0.6618575485,0.6829743174,2369.450024,3469.310577,0.4764617461,0.2712905252,0.2712905252,3.262694886,3,0.6935048986,0.188237593,2.37064015,3,0.5781730095,0.2866441594,2.07331157,3,0.5176798246,0.03188201776,0.1252929348,925231.1716,1155.57753,1,1,120.1301903,2,1,15.55402259,24,1,4872.013279,0,0,1,4,0.1829491401,0.7317965606,960.1797501,1351594,24,0.02902595681,175.6640597,Official 311 files provide ward/FSA but no coordinates; CT count is an area-weighted ward-to-CT allocation using the existing municipal ward-to-CT crosswalk.,0.1252929348,0.03188201776,0,"Census Profile characteristic 1491: percent of tenant households in subsidized housing, converted to a 0-1 share. Denominator is tenant households, not all households."
5350377.06,5350377.06,2021S05075350377.06,377.06,2021,3408,2880,2000,0.51,0.2302052786,0.3929618768,0.2008797654,44.4,3.6,0.2441558442,0.137829912,0.221,0.1111111111,0.8888888889,0.9167927383,0.7543035994,0.0846560847,0.0989583333,0.7083333333,0.0364583333,6660.2,0.6827067669,0.0541353383,0.2676691729,0.6944444444,0.9759036145,0.671071953,0.7694566814,0.1016042781,0.1173020528,0.3447260301,0.3234495109,689.4520601,2131.560064,0.3513347026,0.3223991107,702.6694051,2179.501685,0.5984654746,0.5973279422,1196.930949,2003.808736,0.4315087357,0.3184770963,0.3184770963,2.854635392,3,0.6496925658,0.2883382301,2.159030814,3,0.5368292135,0.2979320254,2.077000547,3,0.5185364772,0.06459607512,0.09496399819,535734.009,1087.034288,1,1,1200.638982,0,0,150.0097636,11,1,6677.053562,0,0,0,0,0,0,556.1407782,1351594,24,0.01681197874,163.1868481,Official 311 files provide ward/FSA but no coordinates; CT count is an area-weighted ward-to-CT allocation using the existing municipal ward-to-CT crosswalk.,0.09496399819,0.06459607512,0,"Census Profile characteristic 1491: percent of tenant households in subsidized housing, converted to a 0-1 share. Denominator is tenant households, not all households."
5350377.07,5350377.07,2021S05075350377.07,377.07,2021,4556,3860,2570,0.76,0.2052689352,0.3710208562,0.2524698134,47.6,3.3,0.2790697674,0.132231405,0.195,0.1307692308,0.8653846154,0.8926096998,0.6953405018,0.0230769231,0.1411764706,0.5529411765,0.1803921569,5958.7,0.6494252874,0.0586206897,0.2586206897,0.6658031088,0.9298850575,0.7485843715,0.6976217441,0.1471861472,0.1163556531,0.3519479377,0.3436127714,904.5061998,2632.341621,0.4240183457,0.3736118198,1089.727148,2916.736277,0.6722651517,0.6185391176,1727.72144,2793.229063,0.4827438117,0.2268113555,0.2268113555,3.258867367,3,0.693144922,0.2140011559,2.275236949,3,0.5604853374,0.2559962552,1.970088207,2,0.4924085144,0.0645894528,0.09497988841,800329.7699,1098.996411,1,1,805.0579534,2,1,0,21,1,5889.930222,0,0,3,0,0.6584723442,0,830.549409,1351594,24,0.02510729773,182.2979388,Official 311 files provide ward/FSA but no coordinates; CT count is an area-weighted ward-to-CT allocation using the existing municipal ward-to-CT crosswalk.,0.09497988841,0.0645894528,0.206,"Census Profile characteristic 1491: percent of tenant households in subsidized housing, converted to a 0-1 share. Denominator is tenant households, not all households."
5350377.08,5350377.08,2021S05075350377.08,377.08,2021,4912,4155,3370,1.27,0.2166836216,0.3916581892,0.2217700916,47.6,2.9,0.3666666667,0.1306122449,0.154,0.1988304094,0.8011695906,0.8798798799,0.7251282051,0.3099415205,0.4041916168,0.3832335329,0.0299401198,3873.2,0.6453546454,0.0659340659,0.1898101898,0.8110709988,0.8521478521,0.8246687054,0.6503567788,0.204778157,0.1139369278,0.2759809294,0.3253235945,930.0557322,2858.863445,0.3261387251,0.3329417752,1099.087504,3301.140276,0.5224455398,0.5932521701,1760.641469,2967.779231,0.3748550648,0.1617370598,0.1617370598,3.985353327,3,0.7490812187,0.08319589625,2.366454639,2,0.5774269308,0.1092281919,2.087218748,2,0.5208935332,0.01071625984,0.04714142585,1333596.142,1018.504646,1,1,677.064393,2,1,120.4574842,23,1,3103.672123,0,0,2,0,0.4071661238,0,2021.793744,1351594,24,0.05946159753,411.6029609,Official 311 files provide ward/FSA but no coordinates; CT count is an area-weighted ward-to-CT allocation using the existing municipal ward-to-CT crosswalk.,0.04714142585,0.01071625984,0.058,"Census Profile characteristic 1491: percent of tenant households in subsidized housing, converted to a 0-1 share. Denominator is tenant households, not all households."
5350377.09,5350377.09,2021S05075350377.09,377.09,2021,5506,4780,3000,0.78,0.4069028156,0.3623978202,0.0917347866,33.6,2,0.5146276596,0.1727272727,0.115,0.4154411765,0.5845588235,0.7302631579,0.2992125984,0.9742647059,0.9616087751,0.012797075,0,7052.6,0.5838739574,0.1334569045,0.3401297498,0.6276150628,0.9017608897,0.9173478656,0.5849227975,0.2057291667,0.0717529519,0.3350849986,0.3048547772,1005.254996,3297.488086,0.3188044931,0.3272607182,956.4134793,2922.481759,0.7406318381,0.6093796285,2221.895514,3646.159816,0.4648404433,0.113571851,0.113571851,4.091887561,3,0.7556140082,0.03695058262,2.524261624,3,0.6038445498,0.09602120063,2.124420601,2,0.5292834199,0.1389656629,0.1496460894,826575.6572,1143.516461,1,1,992.2691702,2,1,52.67849493,20,1,1781.870372,0,0,2,9,0.3632401017,1.634580458,1252.795829,1351594,24,0.0368273041,227.5328422,Official 311 files provide ward/FSA but no coordinates; CT count is an area-weighted ward-to-CT allocation using the existing municipal ward-to-CT crosswalk.,0.1496460894,0.1389656629,0.022,"Census Profile characteristic 1491: percent of tenant households in subsidized housing, converted to a 0-1 share. Denominator is tenant households, not all households."
5350378.02,5350378.02,2021S05075350378.02,378.02,2021,2970,2490,1760,1.06,0.2857142857,0.3512605042,0.1966386555,40,3.3,0.3429487179,0.1077441077,0.168,0.3715846995,0.6229508197,0.9034369885,0.6823529412,0.0163934426,0.4555555556,0.4,0.1166666667,2806.1,0.5739837398,0.0943089431,0.2975609756,0.7068273092,0.8617886179,0.8636363636,0.6498316498,0.2814070352,0.1294117647,0.3310521488,0.285268568,582.6517818,2042.46751,0.3382920066,0.312419172,595.3939316,1905.753503,0.554023869,0.5237809072,975.0820094,1861.621903,0.4077893414,0.09808233746,0.09808233746,4.004358342,3,0.7502720999,0.219646189,2.264469185,3,0.5583954039,0.2607310634,1.984382399,2,0.4960648711,0.05845482673,0.1574027555,1108676.393,1588.007927,0,0,1149.451998,2,1,81.43928109,17,1,2046.933493,0,0,3,3,1.01010101,1.01010101,1150.897301,1351594,24,0.03478174767,387.5075087,Official 311 files provide ward/FSA but no coordinates; CT count is an area-weighted ward-to-CT allocation using the existing municipal ward-to-CT crosswalk.,0.1574027555,0.05845482673,0.145,"Census Profile characteristic 1491: percent of tenant households in subsidized housing, converted to a 0-1 share. Denominator is tenant households, not all households."
5350378.03,5350378.03,2021S05075350378.03,378.03,2021,7948,6635,5335,2.2,0.2844556325,0.3876651982,0.1516677155,38,3,0.3410087719,0.0962869729,0.144,0.2216014898,0.7783985102,0.866371121,0.6329612607,0.5232774674,0.3500931099,0.1415270019,0.1117318436,3616,0.5978602895,0.0849590938,0.1843926998,0.8040693293,0.8892385148,0.9490566038,0.4465408805,0.2361359571,0.1202013845,0.2746084391,0.2794421046,1465.036023,5242.717537,0.3632680746,0.350744588,1938.035178,5525.488473,0.5806657062,0.558459411,3097.851543,5547.13822,0.40618074,0.162277847,0.162277847,4.165687225,4,0.7599435709,0.1084404412,2.513233916,3,0.6021062769,0.2617847003,2.029050854,2,0.50715873,0.1322219239,0.1596939035,2312425.625,1180.983467,1,1,787.2022835,5,1,331.3765565,25,1,3743.137543,0,0,8,4,1.006542526,0.5032712632,2300.743254,1351594,24,0.06006103478,289.4744909,Official 311 files provide ward/FSA but no coordinates; CT count is an area-weighted ward-to-CT allocation using the existing municipal ward-to-CT crosswalk.,0.1596939035,0.1322219239,0.244,"Census Profile characteristic 1491: percent of tenant households in subsidized housing, converted to a 0-1 share. Denominator is tenant households, not all households."
5350378.04,5350378.04,2021S05075350378.04,378.04,2021,5958,4645,3890,1.28,0.2586062133,0.3576826196,0.1511335013,36.4,3.4,0.345971564,0.1084945332,0.171,0.2997118156,0.6974063401,0.8934563758,0.6959578207,0.2737752161,0.386167147,0.2997118156,0.0720461095,4657.2,0.5868661679,0.0689941812,0.1546134663,0.837459634,0.9144518272,0.9513422819,0.5100671141,0.2139037433,0.1637279597,0.2610869707,0.2668591539,1015.628316,3805.859013,0.3541812757,0.3375006833,1377.765162,4082.258883,0.5470437165,0.5228212947,2128.000057,4070.224527,0.3874373209,0.2349558637,0.2349558637,3.7478262,4,0.7331786623,0.08952701359,2.600573592,3,0.6154694475,0.37266905,1.913408405,3,0.4773724222,0.1312570043,0.1823172349,1345077.38,730.4237505,1,1,530.9566379,4,1,23.1333336,30,1,4599.737984,0,0,2,2,0.3356831151,0.3356831151,1395.866136,1351594,24,0.04219667883,234.2843464,Official 311 files provide ward/FSA but no coordinates; CT count is an area-weighted ward-to-CT allocation using the existing municipal ward-to-CT crosswalk.,0.1823172349,0.1312570043,0.095,"Census Profile characteristic 1491: percent of tenant households in subsidized housing, converted to a 0-1 share. Denominator is tenant households, not all households."
5350378.05,5350378.05,2021S05075350378.05,378.05,2021,3905,3150,2665,0.73,0.2432778489,0.3738796415,0.171574904,39.6,3.3,0.2623762376,0.0845070423,0.178,0.3670886076,0.6286919831,0.9638069705,0.8174273859,0.0843881857,0.179916318,0.3723849372,0.0669456067,5367,0.5976095618,0.0478087649,0.1208499336,0.846031746,0.828685259,0.9731113956,0.3354673496,0.2388663968,0.1498079385,0.2346818869,0.2586507973,625.4272286,2418.037119,0.3592835216,0.3467405574,957.4905851,2761.403489,0.563964482,0.5536020631,1502.965344,2714.883929,0.3859766302,0.2142967445,0.2142967445,4.137617697,4,0.7583150322,0.1180648936,2.487459886,3,0.5979834668,0.3523114807,1.921845892,2,0.479666916,0.2142788206,0.1664015944,762094.7064,822.268518,1,1,847.0369466,1,1,0,36,1,4159.218267,0,0,0,0,0,0,706.3829013,1351594,24,0.01348007521,180.8919082,Official 311 files provide ward/FSA but no coordinates; CT count is an area-weighted ward-to-CT allocation using the existing municipal ward-to-CT crosswalk.,0.1664015944,0.2142788206,0.352,"Census Profile characteristic 1491: percent of tenant households in subsidized housing, converted to a 0-1 share. Denominator is tenant households, not all households."
5350378.06,5350378.06,2021S05075350378.06,378.06,2021,5763,4680,3860,1.78,0.2714657415,0.3824804857,0.1474414571,38.8,3.5,0.2943037975,0.0844212359,0.174,0.2256097561,0.7774390244,0.8927943761,0.6986425339,0.2652439024,0.3597560976,0.2225609756,0.1920731707,3234.2,0.6222802437,0.0617928634,0.1549173194,0.8247863248,0.9225413403,0.9505208333,0.4748263889,0.2412935323,0.1491760624,0.2527314977,0.287535752,975.5435812,3392.773157,0.3824078602,0.3695416602,1476.09434,3994.392241,0.5797628677,0.6411831317,2237.884669,3490.242582,0.4049674086,0.2593147294,0.2593147294,3.667058199,4,0.7273018464,0.1305142094,2.519406379,3,0.6030811035,0.3361357363,1.914587971,2,0.4776944098,0.07777568466,0.1882369615,1865655.063,1404.986596,0,0,1049.084902,1,1,198.7202522,25,1,5600.165896,0,0,2,4,0.3470414715,0.6940829429,1899.500567,1351594,24,0.05401056659,329.6027358,Official 311 files provide ward/FSA but no coordinates; CT count is an area-weighted ward-to-CT allocation using the existing municipal ward-to-CT crosswalk.,0.1882369615,0.07777568466,0.135,"Census Profile characteristic 1491: percent of tenant households in subsidized housing, converted to a 0-1 share. Denominator is tenant households, not all households."
5350378.07,5350378.07,2021S05075350378.07,378.07,2021,6694,5675,4350,2.8,0.2301943199,0.3759342302,0.2286995516,46.4,2.9,0.3464235624,0.1140418929,0.149,0.2853881279,0.7168949772,0.9356120827,0.7054963084,0.3858447489,0.5795454545,0.2954545455,0.0636363636,2386.7,0.6577287066,0.072555205,0.177444795,0.7665198238,0.8967691095,0.8662182362,0.5650224215,0.2345360825,0.1143497758,0.3444036773,0.293979672,1498.155996,5096.121055,0.4320659845,0.3496387142,1879.487033,5375.511796,0.6384229078,0.5973844125,2777.139649,4648.831792,0.4716308565,0.218028245,0.218028245,3.613867294,3,0.7232881236,0.1959982569,2.391900973,3,0.5819224913,0.2918802889,1.966949041,2,0.4915984201,0.1434725748,0.1075240126,2948512.727,1178.018604,1,1,227.7515748,3,1,81.76881182,14,1,3028.908142,0,0,5,2,0.746937556,0.2987750224,3060.840266,1351594,24,0.09250871557,457.2513095,Official 311 files provide ward/FSA but no coordinates; CT count is an area-weighted ward-to-CT allocation using the existing municipal ward-to-CT crosswalk.,0.1075240126,0.1434725748,0.121,"Census Profile characteristic 1491: percent of tenant households in subsidized housing, converted to a 0-1 share. Denominator is tenant households, not all households."
5350378.08,5350378.08,2021S05075350378.08,378.08,2021,6275,5285,4130,0.89,0.2342629482,0.3689243028,0.2215139442,44.4,3.1,0.2911010558,0.1157222666,0.166,0.2807881773,0.7167487685,0.8797725426,0.7066219614,0.2044334975,0.4083129584,0.4572127139,0.0366748166,7084.8,0.6599353796,0.0549273021,0.1890145396,0.7814569536,0.9322033898,0.8349282297,0.6180223285,0.1906005222,0.1139442231,0.2764422746,0.3100566497,1141.706594,3682.251599,0.4267107143,0.4126284461,1762.31525,4270.949487,0.6861536186,0.6967374556,2833.814445,4067.262958,0.4631022025,0.2505398162,0.2505398162,3.402513547,3,0.7060996272,0.1593906404,2.506217647,3,0.6009923554,0.2955785833,1.983128565,2,0.4957462579,0.08564388268,0.05971510693,927870.3799,729.4316212,1,1,812.8498833,1,1,69.85298108,22,1,5166.604295,0,0,2,0,0.3187250996,0,962.9058229,1351594,24,0.02910839852,153.4511272,Official 311 files provide ward/FSA but no coordinates; CT count is an area-weighted ward-to-CT allocation using the existing municipal ward-to-CT crosswalk.,0.05971510693,0.08564388268,0.211,"Census Profile characteristic 1491: percent of tenant households in subsidized housing, converted to a 0-1 share. Denominator is tenant households, not all households."
5350378.11,5350378.11,2021S05075350378.11,378.11,2021,5633,4515,3585,0.96,0.2670807453,0.3753327418,0.1437444543,37.6,3.3,0.3572593801,0.1039076377,0.177,0.2622478386,0.7377521614,0.9140271493,0.7000946074,0.4034582133,0.2968299712,0.1930835735,0.1181556196,5872,0.6043165468,0.0584532374,0.1744604317,0.7940199336,0.9216921692,0.9529724933,0.4800354925,0.2757731959,0.1526175688,0.2582380357,0.2782856963,925.7833579,3326.737127,0.3657098234,0.3501413648,1311.069717,3744.401115,0.6356636324,0.6038296394,2278.854122,3774.001761,0.4198704972,0.2520601183,0.2520601183,3.825554188,4,0.7385999647,0.08859259011,2.646255593,3,0.6221075536,0.3591722825,1.89348832,2,0.4718742177,0.1249555222,0.1839552983,1009191.754,793.4212267,1,1,214.8812973,4,1,49.6141394,33,1,4624.429046,0,0,1,1,0.1775252974,0.1775252974,1045.948599,1351594,24,0.03149302298,185.6823361,Official 311 files provide ward/FSA but no coordinates; CT count is an area-weighted ward-to-CT allocation using the existing municipal ward-to-CT crosswalk.,0.1839552983,0.1249555222,0.1,"Census Profile characteristic 1491: percent of tenant households in subsidized housing, converted to a 0-1 share. Denominator is tenant households, not all households."
5350378.12,5350378.12,2021S05075350378.12,378.12,2021,5300,4235,3480,0.78,0.2518867925,0.3367924528,0.1905660377,38.8,2.8,0.3180147059,0.1632075472,0.166,0.4788359788,0.5211640212,0.9121996303,0.6702230844,0.2777777778,0.5984042553,0.1276595745,0.0558510638,6761.1,0.597976081,0.0827966881,0.1849126035,0.8217237308,0.867525299,0.9604147031,0.3788878417,0.2810650888,0.1528301887,0.2977916211,0.2782396478,1036.314841,3724.540516,0.4401288136,0.3829446273,1531.648271,3999.659904,0.6307794629,0.6043420089,2195.112531,3632.235553,0.4562332992,0.139424698,0.139424698,4.629027472,4,0.7839719021,0.0828096987,2.533906024,3,0.6053523728,0.3039981795,2.003177167,3,0.500793032,0.2138652196,0.1663966042,821332.3338,504.3980515,1,1,543.4092255,3,1,0,35,1,4286.84655,0,0,0,4,0,0.7547169811,761.2949978,1351594,24,0.01452849227,143.6405656,Official 311 files provide ward/FSA but no coordinates; CT count is an area-weighted ward-to-CT allocation using the existing municipal ward-to-CT crosswalk.,0.1663966042,0.2138652196,0.376,"Census Profile characteristic 1491: percent of tenant households in subsidized housing, converted to a 0-1 share. Denominator is tenant households, not all households."
5350378.14,5350378.14,2021S05075350378.14,378.14,2021,3707,3005,2175,0.93,0.2375168691,0.3738191633,0.1808367072,40.8,3.3,0.3524590164,0.1214574899,0.146,0.4469026549,0.5530973451,0.926286509,0.6603773585,0.2300884956,0.4342105263,0.2412280702,0,3989.9,0.653259362,0.0735090153,0.2288488211,0.7237936772,0.9168975069,0.8556005398,0.6126855601,0.2247706422,0.1443994602,0.3141900684,0.3023907203,683.3633989,2259.868947,0.458589419,0.4293009569,997.4319862,2323.386357,0.6458720537,0.6591590077,1404.771717,2131.157582,0.472883847,0.1806207818,0.1806207818,3.529942885,3,0.7167092974,0.1623161735,2.444754893,3,0.5909610396,0.297650629,1.974146485,2,0.4934519765,0.03198987902,0.1256351584,973284.1554,441.6402521,1,1,282.7301218,4,1,145.7292449,26,1,4930.663751,0,0,3,2,0.809279741,0.5395198274,1010.034376,1351594,24,0.03053308272,272.4667862,Official 311 files provide ward/FSA but no coordinates; CT count is an area-weighted ward-to-CT allocation using the existing municipal ward-to-CT crosswalk.,0.1256351584,0.03198987902,0.03,"Census Profile characteristic 1491: percent of tenant households in subsidized housing, converted to a 0-1 share. Denominator is tenant households, not all households."
5350378.16,5350378.16,2021S05075350378.16,378.16,2021,5695,4755,4025,0.64,0.2370500439,0.3748902546,0.2063213345,43.2,3,0.2972536349,0.1152154793,0.175,0.1675531915,0.8324468085,0.9236172081,0.7407071623,0.4627659574,0.579787234,0.414893617,0,8924.9,0.6515283843,0.03930131,0.143231441,0.8464773922,0.9668122271,0.9542656113,0.4925241865,0.2067988669,0.1211589113,0.300940808,0.2880842165,1211.286752,4204.627268,0.4338892547,0.3960651368,1746.40425,4409.386456,0.6589055012,0.6604286375,2652.094642,4015.717205,0.4645785213,0.1676392941,0.1676392941,4.462643602,4,0.7759175751,0.1885570593,2.358122509,3,0.5759338219,0.3738156095,1.873525562,2,0.466246941,0.04430269283,0.1313797441,668483.3407,685.0531934,1,1,646.4629294,1,1,59.30032411,53,1,5417.895804,0,0,2,0,0.3511852502,0,619.6148559,1351594,24,0.01182425968,108.7997991,Official 311 files provide ward/FSA but no coordinates; CT count is an area-weighted ward-to-CT allocation using the existing municipal ward-to-CT crosswalk.,0.1313797441,0.04430269283,0,"Census Profile characteristic 1491: percent of tenant households in subsidized housing, converted to a 0-1 share. Denominator is tenant households, not all households."
5350378.17,5350378.17,2021S05075350378.17,378.17,2021,3265,2585,2260,0.47,0.2664624809,0.3644716692,0.1439509954,37.2,3.5,0.2781065089,0.1087289433,0.163,0.3243243243,0.6756756757,0.9188767551,0.7770597738,0.0756756757,0.1358695652,0.4456521739,0.152173913,6888.2,0.5448916409,0.0247678019,0.100619195,0.8742746615,0.8837209302,0.9709035222,0.3813169985,0.2136363636,0.1653905054,0.2532656233,0.2524218565,572.3803087,2267.554469,0.3547461823,0.3447949099,801.726372,2325.22682,0.5913392921,0.5723598217,1336.4268,2334.941674,0.3997836993,0.1043123654,0.1043123654,4.537347821,5,0.7796069335,0.1296702948,2.476558701,3,0.5962138916,0.3484397144,1.91899712,2,0.4788944759,0.04528256065,0.1313641505,496414.6371,734.4830275,1,1,724.7741635,1,1,8.33316537,51,1,4861.078911,0,0,1,0,0.3062787136,0,460.1249801,1351594,24,0.00878067593,140.926487,Official 311 files provide ward/FSA but no coordinates; CT count is an area-weighted ward-to-CT allocation using the existing municipal ward-to-CT crosswalk.,0.1313641505,0.04528256065,0.443,"Census Profile characteristic 1491: percent of tenant households in subsidized housing, converted to a 0-1 share. Denominator is tenant households, not all households."
5350378.18,5350378.18,2021S05075350378.18,378.18,2021,2587,2145,1730,0.09,0.164410058,0.3945841393,0.2669245648,48.8,2.4,0.2480620155,0.2630560928,0.159,0.2283105023,0.7716894977,0.92,0.688,0.9086757991,0.9074074074,0,0,28459.8,0.6873822976,0.0602636535,0.1751412429,0.8065268065,0.9548022599,0.7717601547,0.6750483559,0.1958041958,0.1257253385,0.2624338885,0.2449500336,454.0106271,1853.482608,0.522392025,0.4073657801,903.7382033,2218.493176,0.7518207021,0.6724827084,1300.649815,1934.101499,0.5122155385,0.2871097234,0.2871097234,3.073746315,3,0.6746641077,0.3299758981,2.196204502,3,0.5446689963,0.2388352741,2.040587611,2,0.5099450792,0.1290666645,0.07925488539,95149.12151,355.4864917,1,1,552.5181758,2,1,208.9689783,14,1,6456.529458,0,0,0,0,0,0,98.74185569,1351594,24,0.002984941224,38.1684792,Official 311 files provide ward/FSA but no coordinates; CT count is an area-weighted ward-to-CT allocation using the existing municipal ward-to-CT crosswalk.,0.07925488539,0.1290666645,0.14,"Census Profile characteristic 1491: percent of tenant households in subsidized housing, converted to a 0-1 share. Denominator is tenant households, not all households."
5350378.19,5350378.19,2021S05075350378.19,378.19,2021,4808,3995,3165,4.5,0.2255717256,0.3887733888,0.2027027027,43.6,3.5,0.2533589251,0.1050988554,0.18,0.0722021661,0.9241877256,0.9207507821,0.7874865156,0.0144404332,0.1083032491,0.7509025271,0.0794223827,1067.9,0.6424116424,0.0436590437,0.1891891892,0.7922403004,0.9646569647,0.7871235722,0.6635514019,0.1677852349,0.130977131,0.3142130541,0.2887018987,994.4843161,3444.675357,0.403728372,0.3796921423,1277.800297,3365.358813,0.5671581367,0.5537643943,1795.055503,3241.550957,0.4283665209,0.2770590228,0.2770590228,3.293180621,3,0.6963421947,0.1824973042,2.403093043,3,0.5838696287,0.2880022784,1.948664656,2,0.4868280713,0.1292721117,0.07894327634,4729045.766,1583.25363,0,0,1448.772068,0,0,364.9705313,17,1,6323.818076,0,0,4,13,0.8319467554,2.703826955,4907.610696,1351594,24,0.1483558251,1020.717699,Official 311 files provide ward/FSA but no coordinates; CT count is an area-weighted ward-to-CT allocation using the existing municipal ward-to-CT crosswalk.,0.07894327634,0.1292721117,0,"Census Profile characteristic 1491: percent of tenant households in subsidized housing, converted to a 0-1 share. Denominator is tenant households, not all households."
5350378.20,5350378.20,2021S05075350378.20,378.2,2021,1918,1670,1340,0.11,0.1770833333,0.359375,0.3151041667,53.2,2.5,0.3081081081,0.2193211488,0.177,0.1390728477,0.8543046358,0.9155313351,0.6890756303,0.9867549669,0.9934210526,0,0,17516,0.7804878049,0.054200542,0.1517615176,0.8023952096,0.9159891599,0.7447916667,0.7213541667,0.1595744681,0.0963541667,0.2826263612,0.2711645556,378.719324,1396.640218,0.5528969234,0.3706464615,740.8818774,1998.891004,0.8112608065,0.6468627889,1087.089481,1680.556525,0.5489280304,0.2988494388,0.2988494388,3.115169956,3,0.6789902272,0.2964368538,2.180527057,3,0.5413952801,0.2572489167,1.997350354,2,0.4993367097,0.06447731768,0.0949849637,114433.3358,151.77319,1,1,623.5995848,2,1,134.0888324,14,1,6428.694701,0,0,0,0,0,0,118.7542223,1351594,24,0.003589909986,61.91565293,Official 311 files provide ward/FSA but no coordinates; CT count is an area-weighted ward-to-CT allocation using the existing municipal ward-to-CT crosswalk.,0.0949849637,0.06447731768,0,"Census Profile characteristic 1491: percent of tenant households in subsidized housing, converted to a 0-1 share. Denominator is tenant households, not all households."
5350378.21,5350378.21,2021S05075350378.21,378.21,2021,3612,3000,2185,0.7,0.2309820194,0.3845089903,0.2047026279,44,3.5,0.2903225806,0.1011080332,0.192,0.0724637681,0.922705314,0.9281690141,0.7157584683,0.0193236715,0.0579710145,0.6425120773,0.1690821256,5146.8,0.6690042076,0.0757363254,0.2244039271,0.7283333333,0.9340813464,0.7797783934,0.7022160665,0.1220930233,0.1244813278,0.373522965,0.335617912,816.1476786,2431.776283,0.43408459,0.3624909242,948.4748292,2616.547797,0.6537476236,0.5885018344,1428.438558,2427.245718,0.4871183929,0.2639927584,0.2639927584,3.167240156,3,0.684267706,0.1704878537,2.39119262,3,0.5817986424,0.2468530935,2.000739239,2,0.5001847414,0.06428430553,0.0951619783,735017.5995,496.0993119,1,1,70.00203527,2,1,116.9536657,22,1,5915.839718,0,0,3,0,0.8305647841,0,762.7711174,1351594,24,0.02305837719,211.1769428,Official 311 files provide ward/FSA but no coordinates; CT count is an area-weighted ward-to-CT allocation using the existing municipal ward-to-CT crosswalk.,0.0951619783,0.06428430553,0,"Census Profile characteristic 1491: percent of tenant households in subsidized housing, converted to a 0-1 share. Denominator is tenant households, not all households."
5350378.22,5350378.22,2021S05075350378.22,378.22,2021,3114,2650,2060,0.53,0.2118780096,0.3739967897,0.2359550562,46.4,3.6,0.2849002849,0.1189710611,0.195,0.0685714286,0.9257142857,0.9346092504,0.7582236842,0,0.0747126437,0.9195402299,0.0057471264,5852.3,0.6962025316,0.0585443038,0.2183544304,0.7773584906,0.9651347068,0.7126805778,0.7528089888,0.134502924,0.1107544141,0.2998143686,0.2869920844,617.6175994,2152.037052,0.2792293879,0.3300806972,575.2125391,1742.64216,0.4815082589,0.5558986917,991.9070134,1784.330541,0.3535173385,0.2929155091,0.2929155091,3.153141252,3,0.6828559459,0.2409505831,2.309638928,3,0.5670318907,0.2530494864,2.005643069,2,0.501406798,0.06448545847,0.09492684548,557677.2029,425.9793336,1,1,657.0376015,2,1,124.4099419,9,1,6768.783674,0,0,1,1,0.3211303789,0.3211303789,578.3820113,1351594,24,0.01748434133,185.7360345,Official 311 files provide ward/FSA but no coordinates; CT count is an area-weighted ward-to-CT allocation using the existing municipal ward-to-CT crosswalk.,0.09492684548,0.06448545847,0,"Census Profile characteristic 1491: percent of tenant households in subsidized housing, converted to a 0-1 share. Denominator is tenant households, not all households."
5350378.23,5350378.23,2021S05075350378.23,378.23,2021,3840,3355,2640,1.53,0.20703125,0.3854166667,0.2682291667,51.2,3,0.4081145585,0.0939947781,0.165,0.138996139,0.8648648649,0.917843389,0.7321899736,0.2857142857,0.3671875,0.49609375,0.07421875,2507.5,0.6828025478,0.0878980892,0.2038216561,0.7868852459,0.9031847134,0.8,0.6928104575,0.1990740741,0.0950520833,0.2964821833,0.3423878247,782.7129638,2286.042047,0.3470737029,0.331313749,916.2745756,2765.579691,0.5235608189,0.5066442794,1382.200562,2728.147969,0.3890389017,0.09931704317,0.09931704317,3.526390727,3,0.7164239367,0.2336904621,2.24259476,3,0.5540879619,0.2431406515,1.993609552,2,0.4983972668,0.1236399046,0.1635996472,1604094.059,1109.5276,1,1,411.4521745,2,1,372.6562434,19,1,3507.442965,0,0,4,2,1.041666667,0.5208333333,1664.663022,1351594,24,0.05032234043,433.5059952,Official 311 files provide ward/FSA but no coordinates; CT count is an area-weighted ward-to-CT allocation using the existing municipal ward-to-CT crosswalk.,0.1635996472,0.1236399046,0,"Census Profile characteristic 1491: percent of tenant households in subsidized housing, converted to a 0-1 share. Denominator is tenant households, not all households."
5350378.24,5350378.24,2021S05075350378.24,378.24,2021,5820,5080,4040,2.51,0.1975945017,0.3427835052,0.3170103093,52.4,2.6,0.3563636364,0.1751563896,0.187,0.1705607477,0.8317757009,0.9308510638,0.742935278,0.5280373832,0.5694117647,0.2117647059,0.0917647059,2316,0.7283950617,0.0546737213,0.1675485009,0.7952755906,0.9611650485,0.7883928571,0.7160714286,0.193442623,0.0962199313,0.3426319865,0.349976838,1384.233225,3955.213817,0.4212870869,0.4216339085,1701.999831,4036.676834,0.7029838836,0.6885358838,2840.05489,4124.773968,0.4889676523,0.3151746033,0.3151746033,3.020148024,3,0.6688904013,0.2386589743,2.29270517,3,0.5638340189,0.249705468,2.029480087,2,0.5072629652,0.2268058254,0.1644698912,2633634.787,1445.556985,0,0,1283.65388,0,0,527.2118416,10,1,4220.887115,0,0,6,4,1.030927835,0.6872852234,2733.078162,1351594,24,0.08262025882,469.6010587,Official 311 files provide ward/FSA but no coordinates; CT count is an area-weighted ward-to-CT allocation using the existing municipal ward-to-CT crosswalk.,0.1644698912,0.2268058254,0,"Census Profile characteristic 1491: percent of tenant households in subsidized housing, converted to a 0-1 share. Denominator is tenant households, not all households."
5350378.25,5350378.25,2021S05075350378.25,378.25,2021,7612,5940,4975,4.73,0.2508207485,0.3873933027,0.1293499672,37.2,4.1,0.3014888337,0.0558108995,0.152,0.1226158038,0.8773841962,0.9515803631,0.8082575227,0.0245231608,0.0750670241,0.6434316354,0.1608579088,1610.7,0.6117021277,0.0525265957,0.1356382979,0.8375420875,0.9886968085,0.9409061064,0.56664478,0.1121856867,0.1746552856,0.3566009509,0.3497552256,1774.089731,5072.375195,0.4881060021,0.4488842699,2428.32736,5409.695823,0.6944299991,0.5997654299,3454.789245,5760.23404,0.5130456507,0.2218719321,0.2218719321,3.817087231,3,0.7380201343,0.2166945787,2.393647403,3,0.5822275249,0.4001342795,1.822218525,2,0.4512183987,0.03606808882,0.1422375181,4975182.827,2592.639685,0,0,2556.536631,0,0,38.2260224,52,1,7012.583571,0,0,2,4,0.2627430373,0.5254860746,5055.963547,1351594,24,0.1428376268,664.2096094,Official 311 files provide ward/FSA but no coordinates; CT count is an area-weighted ward-to-CT allocation using the existing municipal ward-to-CT crosswalk.,0.1422375181,0.03606808882,0,"Census Profile characteristic 1491: percent of tenant households in subsidized housing, converted to a 0-1 share. Denominator is tenant households, not all households."
5350378.26,5350378.26,2021S05075350378.26,378.26,2021,4867,3930,3430,1.63,0.2682425488,0.3884892086,0.1377183967,38.8,4,0.3223443223,0.0483042138,0.143,0.1129032258,0.8870967742,0.9512690355,0.7652631579,0.0362903226,0.0205761317,0.8189300412,0,2991.9,0.625,0.0413306452,0.127016129,0.8727735369,0.9717741935,0.9331963001,0.5673175745,0.128358209,0.147995889,0.2312184301,0.2710787071,793.0792151,2925.641869,0.4927644315,0.4448196803,1690.182,3799.701486,0.5666839691,0.5908057841,1943.726014,3289.957658,0.4302222769,0.2575559366,0.2575559366,3.695936544,3,0.7294325841,0.1790250551,2.511251366,3,0.6017921528,0.3466224726,1.899223438,2,0.4734690084,0.02739089611,0.1319052549,1751073.133,2890.570371,0,0,2851.611516,0,0,52.32728996,60,1,7591.538929,0,0,0,1,0,0.2054653791,1758.870965,1351594,24,0.04774155237,361.3870897,Official 311 files provide ward/FSA but no coordinates; CT count is an area-weighted ward-to-CT allocation using the existing municipal ward-to-CT crosswalk.,0.1319052549,0.02739089611,0,"Census Profile characteristic 1491: percent of tenant households in subsidized housing, converted to a 0-1 share. Denominator is tenant households, not all households."
5350378.27,5350378.27,2021S05075350378.27,378.27,2021,5547,4380,3755,19.91,0.254954955,0.4036036036,0.1189189189,37.2,3.6,0.3285486443,0.0496838302,0.14,0.1639344262,0.8360655738,0.9165154265,0.7729422895,0.1836065574,0.1241830065,0.3790849673,0.1666666667,278.6,0.6037906137,0.0315884477,0.1146209386,0.8573059361,0.9494128275,0.9531109107,0.5004508566,0.190821256,0.1630630631,0.3155455421,0.2885351435,1184.87351,4106.513668,0.4676008505,0.4187132693,1755.841193,4193.421423,0.7732348677,0.7347519272,2903.496928,3951.669701,0.5187937534,0.1975151898,0.1975151898,4.115086589,4,0.7569917477,0.2493120184,2.209581891,3,0.54742569,0.3589031449,1.888868686,2,0.4705825728,0.01437303104,0.09707445871,21176338.97,3449.311495,0,0,2709.897274,0,0,0,36,1,5924.278742,0,0,7,11,1.261943393,1.983053903,19624.7751,1351594,24,0.3745281001,3537.907896,Official 311 files provide ward/FSA but no coordinates; CT count is an area-weighted ward-to-CT allocation using the existing municipal ward-to-CT crosswalk.,0.09707445871,0.01437303104,0,"Census Profile characteristic 1491: percent of tenant households in subsidized housing, converted to a 0-1 share. Denominator is tenant households, not all households."
5350378.28,5350378.28,2021S05075350378.28,378.28,2021,6946,5690,4955,2.23,0.2496402878,0.3625899281,0.1920863309,41.2,3.6,0.2606896552,0.0722021661,0.159,0.207253886,0.7953367876,0.9446467589,0.7758224943,0.0621761658,0.2357512953,0.5725388601,0.0621761658,3117.9,0.5898916968,0.038267148,0.1126353791,0.8708260105,0.9451263538,0.9646209386,0.4072202166,0.1913439636,0.135971223,0.2828718921,0.297346584,1401.630226,4713.792931,0.398900985,0.3982210469,1976.55438,4963.46036,0.6566827324,0.6528284099,3253.862939,4984.254499,0.4461518698,0.1059982641,0.1059982641,4.435806352,4,0.774561845,0.1761268007,2.287412702,3,0.562824846,0.4060788094,1.842346531,2,0.4572139479,0.03225373646,0.1063694616,2364762.188,1621.530274,0,0,1602.749556,0,0,217.8196703,51,1,5265.900638,0,0,1,0,0.1439677512,0,2191.889558,1351594,24,0.0418283569,315.5614107,Official 311 files provide ward/FSA but no coordinates; CT count is an area-weighted ward-to-CT allocation using the existing municipal ward-to-CT crosswalk.,0.1063694616,0.03225373646,0.278,"Census Profile characteristic 1491: percent of tenant households in subsidized housing, converted to a 0-1 share. Denominator is tenant households, not all households."
5350802.01,5350802.01,2021S05075350802.01,802.01,2021,4011,3260,2855,2.17,0.195516812,0.400996264,0.199252802,43.2,3,0.4507389163,0.0494923858,0.121,0.0501930502,0.9498069498,0.9566929134,0.815468114,0.027027027,0.0536398467,0.6206896552,0.1187739464,1844.8,0.4402597403,0.0246753247,0.0714285714,0.8757668712,0.5961038961,0.9860228717,0.3062261753,0.2092050209,0.1407222914,0.4305952132,0.4004561463,1229.349334,3069.872556,0.4968636473,0.4255350748,1418.545713,3333.557671,0.7431108607,0.6049333321,2121.581507,3507.132761,0.5568565737,0.05455798045,0.05455798045,4.161341577,5,0.7596928823,0.0186836158,2.495904204,3,0.5993435973,0.2813990823,2.017334256,2,0.5042963272,0.01714059484,0.08845619948,2309250.041,1926.124877,0,0,1024.357376,1,1,141.1744084,29,1,3445.550281,0,0,3,1,0.7479431563,0.2493143854,2129.232227,1351594,24,0.04063265194,530.8482242,Official 311 files provide ward/FSA but no coordinates; CT count is an area-weighted ward-to-CT allocation using the existing municipal ward-to-CT crosswalk.,0.08845619948,0.01714059484,0,"Census Profile characteristic 1491: percent of tenant households in subsidized housing, converted to a 0-1 share. Denominator is tenant households, not all households."
5350802.02,5350802.02,2021S05075350802.02,802.02,2021,5373,4390,4215,2.26,0.191627907,0.4,0.208372093,45.2,3,0.548951049,0.04,0.134,0.0831024931,0.91966759,0.9289667897,0.7669531996,0.0304709141,0.05,0.8416666667,0.025,2380.6,0.3388278388,0.0210622711,0.0503663004,0.9601366743,0.4527956004,0.9897579143,0.2476722533,0.1612903226,0.1413953488,0.5045564302,0.4459752928,2126.705353,4768.661824,0.5166784697,0.4822350997,2177.79975,4516.053998,0.6485880579,0.6461356909,2733.798664,4230.997765,0.5566076526,0.1739589622,0.1739589622,3.608984968,5,0.7229137808,0.04138243196,2.422868873,3,0.5872661492,0.2913727307,1.997432429,2,0.499357282,0.01521556224,0.08549303178,2578658.581,1767.082872,0,0,367.585366,1,1,187.9225347,24,1,3973.533886,0,0,3,0,0.558347292,0,2373.956471,1351594,24,0.04530278369,441.8307223,Official 311 files provide ward/FSA but no coordinates; CT count is an area-weighted ward-to-CT allocation using the existing municipal ward-to-CT crosswalk.,0.08549303178,0.01521556224,0,"Census Profile characteristic 1491: percent of tenant households in subsidized housing, converted to a 0-1 share. Denominator is tenant households, not all households."
