{"type":"FeatureCollection","features":[{"type":"Feature","properties":{"num":1,"name":"Etobicoke North"},"geometry":{"type":"Polygon","coordinates":[[[-79.63149,43.73755],[-79.63323,43.74053],[-79.63413,43.74209],[-79.63567,43.74463],[-79.63603,43.7453],[-79.63664,43.7465],[-79.63674,43.74661],[-79.63682,43.7467],[-79.63687,43.74679],[-79.6369,43.74685],[-79.63692,43.74693],[-79.63692,43.74702],[-79.63691,43.74715],[-79.63762,43.74831],[-79.63785,43.7485],[-79.63836,43.74898],[-79.63927,43.74988],[-79.63829,43.75038],[-79.63771,43.75062],[-79.63737,43.75077],[-79.63705,43.75088],[-79.63674,43.75099],[-79.63646,43.75107],[-79.63612,43.75112],[-79.63594,43.75114],[-79.63555,43.75121],[-79.63526,43.75125],[-79.6349,43.75126],[-79.63453,43.75127],[-79.63417,43.75127],[-79.63386,43.75129],[-79.63358,43.75129],[-79.63315,43.75132],[-79.63279,43.75135],[-79.63266,43.75137],[-79.63256,43.75138],[-79.63241,43.75141],[-79.63224,43.75143],[-79.63199,43.75147],[-79.63173,43.75152],[-79.63121,43.75164],[-79.63091,43.7517],[-79.63015,43.75186],[-79.62961,43.75198],[-79.62513,43.75301],[-79.62491,43.75306],[-79.61984,43.75419],[-79.61709,43.75481],[-79.61425,43.75544],[-79.61409,43.75547],[-79.61386,43.75552],[-79.61123,43.75612],[-79.60856,43.75671],[-79.60812,43.75681],[-79.60489,43.75754],[-79.60338,43.75787],[-79.60205,43.75816],[-79.59967,43.75871],[-79.59702,43.7593],[-79.59608,43.75951],[-79.59292,43.76023],[-79.59042,43.76079],[-79.58065,43.76303],[-79.58048,43.76289],[-79.58043,43.76286],[-79.58035,43.76282],[-79.58027,43.76278],[-79.58018,43.76274],[-79.5801,43.76269],[-79.58001,43.76262],[-79.57992,43.76256],[-79.57982,43.76248],[-79.57978,43.76243],[-79.57963,43.76234],[-79.57959,43.76231],[-79.57953,43.76228],[-79.57948,43.76226],[-79.57939,43.76223],[-79.57925,43.76222],[-79.57907,43.76223],[-79.57891,43.76224],[-79.57872,43.76227],[-79.57866,43.76228],[-79.57857,43.76231],[-79.57844,43.76234],[-79.57832,43.76238],[-79.57816,43.76241],[-79.57805,43.76243],[-79.57794,43.76243],[-79.57779,43.76242],[-79.57758,43.76227],[-79.57754,43.76214],[-79.57768,43.76202],[-79.57786,43.76194],[-79.57804,43.76188],[-79.57821,43.7618],[-79.57839,43.7617],[-79.57858,43.7616],[-79.57876,43.76147],[-79.57893,43.76133],[-79.57906,43.76118],[-79.57919,43.76099],[-79.57933,43.76085],[-79.57953,43.76074],[-79.57975,43.76066],[-79.57995,43.76061],[-79.5802,43.76057],[-79.5804,43.7605],[-79.58063,43.76037],[-79.58074,43.76021],[-79.58078,43.76001],[-79.58078,43.7598],[-79.5807,43.75959],[-79.58064,43.75943],[-79.58058,43.75925],[-79.58062,43.75909],[-79.58077,43.75894],[-79.58099,43.75883],[-79.58122,43.75874],[-79.58151,43.75866],[-79.5818,43.7586],[-79.58208,43.75855],[-79.58241,43.75852],[-79.58271,43.75853],[-79.58298,43.75864],[-79.58326,43.75871],[-79.58355,43.75876],[-79.58382,43.75871],[-79.584,43.75857],[-79.58409,43.7584],[-79.58407,43.75821],[-79.58399,43.75802],[-79.5839,43.75783],[-79.58382,43.75762],[-79.58386,43.75745],[-79.58403,43.7573],[-79.58426,43.75724],[-79.58451,43.7572],[-79.58479,43.75716],[-79.585,43.75712],[-79.58512,43.75696],[-79.5852,43.75674],[-79.58521,43.75651],[-79.58512,43.7563],[-79.58499,43.75611],[-79.5848,43.75595],[-79.5846,43.75583],[-79.58443,43.75565],[-79.58428,43.75547],[-79.58417,43.75525],[-79.58421,43.75502],[-79.58429,43.75482],[-79.58425,43.75463],[-79.58414,43.75441],[-79.58394,43.75421],[-79.58365,43.75406],[-79.58334,43.75392],[-79.58313,43.75373],[-79.58311,43.75351],[-79.58313,43.75325],[-79.58315,43.753],[-79.58311,43.75276],[-79.58286,43.75256],[-79.58266,43.75246],[-79.58256,43.75241],[-79.58223,43.75229],[-79.58186,43.75218],[-79.58149,43.75206],[-79.58111,43.75193],[-79.58079,43.75183],[-79.58075,43.75182],[-79.58037,43.75171],[-79.58001,43.75158],[-79.57972,43.75141],[-79.57947,43.75119],[-79.5792,43.75097],[-79.57891,43.7508],[-79.57857,43.75067],[-79.57827,43.75049],[-79.5779,43.75037],[-79.5775,43.75029],[-79.57711,43.7502],[-79.57671,43.75017],[-79.57631,43.75013],[-79.57593,43.75008],[-79.57552,43.75004],[-79.57514,43.75006],[-79.57482,43.75012],[-79.57441,43.75017],[-79.57401,43.75025],[-79.57362,43.75035],[-79.57327,43.75037],[-79.57297,43.75021],[-79.57278,43.74998],[-79.5727,43.74972],[-79.57276,43.74947],[-79.57289,43.7492],[-79.57302,43.74893],[-79.57313,43.74866],[-79.57322,43.74835],[-79.57335,43.74801],[-79.57338,43.7477],[-79.57331,43.74743],[-79.57312,43.74718],[-79.57285,43.74697],[-79.57247,43.74685],[-79.57206,43.74681],[-79.57166,43.74682],[-79.57127,43.74681],[-79.57093,43.74674],[-79.57058,43.74665],[-79.57016,43.74658],[-79.56975,43.74647],[-79.5694,43.7464],[-79.56913,43.74638],[-79.56862,43.74626],[-79.56764,43.74608],[-79.56727,43.74602],[-79.56688,43.74596],[-79.56652,43.7459],[-79.56612,43.74586],[-79.56568,43.74578],[-79.56522,43.74569],[-79.5648,43.74556],[-79.56439,43.74542],[-79.56398,43.74527],[-79.56368,43.74505],[-79.56341,43.74481],[-79.56305,43.74466],[-79.56273,43.7445],[-79.56236,43.74432],[-79.56217,43.74409],[-79.56224,43.74377],[-79.56245,43.74346],[-79.56246,43.74316],[-79.5623,43.74287],[-79.5619,43.74271],[-79.56146,43.74267],[-79.561,43.74264],[-79.56098,43.74264],[-79.561,43.74259],[-79.56115,43.74231],[-79.56138,43.74219],[-79.56175,43.74212],[-79.56207,43.74212],[-79.56272,43.74204],[-79.56304,43.74186],[-79.5633,43.74166],[-79.56337,43.74132],[-79.56335,43.7409],[-79.56318,43.74065],[-79.56294,43.74044],[-79.56253,43.74018],[-79.56218,43.74008],[-79.56174,43.73996],[-79.5614,43.73989],[-79.56105,43.73982],[-79.56061,43.73979],[-79.56025,43.7398],[-79.55989,43.73982],[-79.55928,43.73989],[-79.5589,43.74007],[-79.55868,43.74027],[-79.55864,43.74047],[-79.5587,43.74069],[-79.55931,43.74105],[-79.55959,43.74128],[-79.55973,43.74142],[-79.56006,43.74196],[-79.56025,43.74224],[-79.56038,43.74249],[-79.56038,43.74258],[-79.56036,43.74261],[-79.56003,43.74255],[-79.55977,43.74251],[-79.55957,43.74253],[-79.55943,43.74263],[-79.55939,43.7428],[-79.55928,43.74298],[-79.55915,43.74301],[-79.55876,43.74293],[-79.55839,43.74274],[-79.55807,43.74251],[-79.55789,43.74223],[-79.55785,43.74214],[-79.55787,43.74206],[-79.55796,43.74199],[-79.55811,43.74196],[-79.55834,43.74185],[-79.5584,43.74177],[-79.55838,43.74147],[-79.55818,43.74118],[-79.55784,43.74098],[-79.55764,43.74097],[-79.55746,43.74102],[-79.55718,43.74121],[-79.55697,43.74133],[-79.55682,43.74139],[-79.5568,43.74142],[-79.5568,43.74149],[-79.55693,43.74194],[-79.55698,43.74227],[-79.5569,43.74259],[-79.55674,43.74287],[-79.55646,43.74311],[-79.55604,43.74322],[-79.55563,43.74324],[-79.5552,43.74322],[-79.55476,43.74322],[-79.55438,43.74323],[-79.55398,43.74333],[-79.55365,43.74344],[-79.55334,43.74351],[-79.55295,43.7436],[-79.55256,43.74374],[-79.55253,43.74376],[-79.55226,43.74388],[-79.55194,43.74407],[-79.55156,43.7442],[-79.55121,43.74425],[-79.5508,43.74421],[-79.55037,43.74409],[-79.55001,43.74387],[-79.54984,43.7436],[-79.54983,43.74329],[-79.54994,43.74296],[-79.55023,43.74273],[-79.55041,43.74255],[-79.55043,43.74242],[-79.5504,43.74235],[-79.55022,43.7423],[-79.54999,43.7423],[-79.54984,43.74238],[-79.54949,43.74254],[-79.54934,43.74255],[-79.54923,43.74247],[-79.54921,43.74234],[-79.54931,43.74221],[-79.54935,43.74196],[-79.54913,43.74177],[-79.54878,43.74171],[-79.54841,43.74177],[-79.548,43.74182],[-79.54762,43.74175],[-79.54733,43.74157],[-79.54703,43.74139],[-79.54671,43.74118],[-79.54641,43.74096],[-79.5464,43.74095],[-79.54618,43.7407],[-79.54617,43.74066],[-79.54614,43.74053],[-79.5461,43.74037],[-79.54619,43.74007],[-79.54643,43.7398],[-79.54678,43.73962],[-79.54695,43.73954],[-79.54713,43.73945],[-79.54748,43.73925],[-79.54758,43.7392],[-79.54784,43.73907],[-79.54822,43.739],[-79.54836,43.73878],[-79.54837,43.7385],[-79.54858,43.73825],[-79.54888,43.73804],[-79.54928,43.73793],[-79.5495,43.73793],[-79.54967,43.73797],[-79.54976,43.738],[-79.54988,43.73799],[-79.54994,43.73793],[-79.55,43.73781],[-79.55009,43.73751],[-79.55006,43.7372],[-79.55025,43.73692],[-79.55045,43.7367],[-79.55052,43.73657],[-79.55056,43.73642],[-79.55053,43.73622],[-79.55046,43.73602],[-79.55029,43.73588],[-79.55001,43.73587],[-79.54984,43.7359],[-79.54958,43.73595],[-79.54943,43.73595],[-79.54916,43.73594],[-79.54911,43.73591],[-79.54909,43.73581],[-79.54912,43.73572],[-79.54937,43.73549],[-79.54964,43.73529],[-79.55004,43.73506],[-79.55034,43.7349],[-79.55048,43.73482],[-79.55056,43.73473],[-79.55056,43.73462],[-79.55048,43.73443],[-79.55044,43.73425],[-79.55045,43.73412],[-79.5505,43.73396],[-79.55049,43.73388],[-79.55046,43.73374],[-79.55036,43.73355],[-79.55002,43.73331],[-79.54961,43.73324],[-79.54919,43.73311],[-79.54904,43.73299],[-79.54895,43.73288],[-79.54915,43.73281],[-79.54924,43.73278],[-79.54928,43.73274],[-79.5493,43.73267],[-79.54927,43.73257],[-79.54921,43.73237],[-79.54927,43.73215],[-79.54945,43.73195],[-79.54963,43.73187],[-79.54972,43.73184],[-79.54981,43.73181],[-79.54988,43.73177],[-79.54989,43.7317],[-79.54987,43.73162],[-79.54977,43.7314],[-79.54966,43.73115],[-79.54962,43.7309],[-79.54971,43.73068],[-79.55,43.73052],[-79.55031,43.7304],[-79.55062,43.73027],[-79.55103,43.73017],[-79.55139,43.73008],[-79.55175,43.73003],[-79.55215,43.72998],[-79.55249,43.72993],[-79.55281,43.7299],[-79.55312,43.72984],[-79.55343,43.7298],[-79.55371,43.72973],[-79.55375,43.72972],[-79.55403,43.72965],[-79.55427,43.72957],[-79.55435,43.72954],[-79.55468,43.72944],[-79.55498,43.72929],[-79.55523,43.72908],[-79.55537,43.72884],[-79.55542,43.72862],[-79.55552,43.72838],[-79.55567,43.72815],[-79.55591,43.72798],[-79.5562,43.72786],[-79.55657,43.72777],[-79.55699,43.72774],[-79.55739,43.72779],[-79.55776,43.7279],[-79.55807,43.72811],[-79.55841,43.72833],[-79.55881,43.72853],[-79.55897,43.72864],[-79.55917,43.72878],[-79.55956,43.729],[-79.56,43.72919],[-79.56042,43.72937],[-79.56086,43.72956],[-79.56134,43.72974],[-79.56178,43.72993],[-79.56213,43.73007],[-79.56222,43.73011],[-79.56268,43.73028],[-79.5631,43.73046],[-79.56351,43.73065],[-79.56399,43.7308],[-79.56443,43.73098],[-79.56487,43.73119],[-79.56533,43.73138],[-79.56577,43.73156],[-79.5662,43.73172],[-79.56658,43.73192],[-79.56691,43.73217],[-79.56714,43.73248],[-79.56731,43.73279],[-79.56732,43.7328],[-79.56746,43.73312],[-79.56757,43.73343],[-79.56767,43.73374],[-79.56779,43.73405],[-79.56795,43.73434],[-79.56819,43.73464],[-79.56846,43.73492],[-79.56874,43.73518],[-79.56908,43.73542],[-79.56943,43.73565],[-79.56981,43.73584],[-79.5702,43.73599],[-79.57054,43.73607],[-79.57057,43.73608],[-79.57098,43.73608],[-79.5714,43.73607],[-79.57179,43.73606],[-79.57227,43.73606],[-79.57268,43.73602],[-79.57304,43.73594],[-79.57348,43.73583],[-79.57387,43.73574],[-79.57421,43.73555],[-79.57452,43.73532],[-79.57478,43.73514],[-79.57506,43.73493],[-79.57536,43.73474],[-79.57566,43.73455],[-79.57602,43.73437],[-79.57638,43.73419],[-79.57678,43.73405],[-79.57726,43.73392],[-79.57752,43.73385],[-79.57764,43.73381],[-79.57804,43.73372],[-79.57842,43.73363],[-79.57865,43.73357],[-79.57885,43.73353],[-79.57927,43.73343],[-79.57949,43.73334],[-79.57982,43.73323],[-79.58003,43.73308],[-79.58009,43.73303],[-79.58029,43.7328],[-79.58044,43.73254],[-79.58053,43.73229],[-79.58053,43.7322],[-79.58054,43.73218],[-79.58054,43.73208],[-79.58054,43.73202],[-79.58054,43.73187],[-79.58039,43.73153],[-79.58029,43.73136],[-79.58024,43.73127],[-79.5801,43.73101],[-79.57978,43.73041],[-79.57971,43.73024],[-79.57961,43.72997],[-79.57951,43.72973],[-79.57935,43.72952],[-79.57927,43.72928],[-79.57921,43.72903],[-79.57924,43.72896],[-79.5793,43.72881],[-79.57951,43.72864],[-79.58091,43.72834],[-79.58124,43.72833],[-79.58166,43.72842],[-79.58207,43.72855],[-79.58255,43.72863],[-79.58294,43.72871],[-79.58335,43.72884],[-79.5838,43.72891],[-79.58414,43.72897],[-79.58452,43.72902],[-79.58494,43.72906],[-79.58534,43.72907],[-79.58575,43.72907],[-79.58612,43.72899],[-79.58645,43.72888],[-79.58674,43.72873],[-79.58702,43.72852],[-79.58736,43.7283],[-79.58765,43.72809],[-79.58768,43.72807],[-79.58788,43.72793],[-79.58812,43.72772],[-79.58842,43.72752],[-79.58868,43.7273],[-79.58889,43.72711],[-79.58918,43.72692],[-79.58941,43.72673],[-79.58963,43.72655],[-79.58991,43.72632],[-79.59018,43.72616],[-79.59047,43.72604],[-79.59076,43.72595],[-79.59106,43.72589],[-79.59134,43.72587],[-79.59172,43.72587],[-79.59204,43.7258],[-79.59215,43.72555],[-79.59219,43.72527],[-79.59214,43.72493],[-79.59212,43.72461],[-79.59225,43.72432],[-79.59254,43.72405],[-79.59292,43.72388],[-79.59331,43.72374],[-79.59372,43.72365],[-79.59393,43.72358],[-79.59415,43.72351],[-79.59456,43.72343],[-79.59492,43.72337],[-79.59525,43.72341],[-79.59537,43.72342],[-79.59549,43.72346],[-79.59553,43.72347],[-79.59568,43.72347],[-79.59599,43.72351],[-79.59626,43.72365],[-79.59656,43.72381],[-79.59684,43.72393],[-79.59709,43.72406],[-79.59735,43.72423],[-79.59757,43.7244],[-79.59771,43.72452],[-79.59787,43.72468],[-79.59807,43.72484],[-79.59828,43.72501],[-79.59842,43.72525],[-79.59846,43.72548],[-79.59847,43.72574],[-79.59836,43.72597],[-79.59828,43.72618],[-79.59819,43.72642],[-79.5982,43.72664],[-79.59828,43.72683],[-79.59845,43.72701],[-79.59857,43.7272],[-79.59868,43.72741],[-79.5989,43.72758],[-79.59914,43.72769],[-79.59942,43.72779],[-79.59974,43.72778],[-79.60007,43.72774],[-79.60023,43.7277],[-79.60037,43.72768],[-79.60049,43.72764],[-79.60066,43.72752],[-79.60086,43.72735],[-79.60094,43.72715],[-79.60108,43.72696],[-79.60121,43.72678],[-79.60135,43.72661],[-79.60157,43.72646],[-79.60175,43.72637],[-79.60195,43.72624],[-79.60226,43.72614],[-79.60261,43.72606],[-79.60293,43.72606],[-79.60324,43.72613],[-79.60353,43.72628],[-79.60386,43.72633],[-79.60418,43.72631],[-79.60446,43.72624],[-79.60475,43.72616],[-79.605,43.72609],[-79.60521,43.72598],[-79.60539,43.7258],[-79.60549,43.72563],[-79.60556,43.72541],[-79.60566,43.72523],[-79.60573,43.72503],[-79.60575,43.72484],[-79.60576,43.72464],[-79.60573,43.72449],[-79.60577,43.72434],[-79.60583,43.72414],[-79.60596,43.72395],[-79.60611,43.72378],[-79.60625,43.72365],[-79.60644,43.72352],[-79.60667,43.72341],[-79.60689,43.72332],[-79.60711,43.72327],[-79.60735,43.72323],[-79.60765,43.72321],[-79.6079,43.72325],[-79.60812,43.7233],[-79.60842,43.72332],[-79.6087,43.72331],[-79.60883,43.72314],[-79.60899,43.72299],[-79.6092,43.72291],[-79.60946,43.72285],[-79.60972,43.72281],[-79.60997,43.72281],[-79.61018,43.72273],[-79.61039,43.72262],[-79.61066,43.72253],[-79.61097,43.72256],[-79.61128,43.72258],[-79.61155,43.72262],[-79.61183,43.72274],[-79.61206,43.7229],[-79.61229,43.72307],[-79.61248,43.72324],[-79.61267,43.72339],[-79.61285,43.72357],[-79.61311,43.72372],[-79.61343,43.72377],[-79.61374,43.7238],[-79.61402,43.7239],[-79.61422,43.72408],[-79.61423,43.72423],[-79.61415,43.72441],[-79.61406,43.72461],[-79.61398,43.72484],[-79.61388,43.72504],[-79.61382,43.72529],[-79.61376,43.72548],[-79.61379,43.72569],[-79.6138,43.72593],[-79.61384,43.72617],[-79.61395,43.7263],[-79.61409,43.7265],[-79.61421,43.72669],[-79.61433,43.72687],[-79.61427,43.72706],[-79.6143,43.72724],[-79.61448,43.72733],[-79.61455,43.72749],[-79.61457,43.7276],[-79.61474,43.72774],[-79.61499,43.72788],[-79.6152,43.72795],[-79.61543,43.72807],[-79.61568,43.72814],[-79.61595,43.72822],[-79.61619,43.72837],[-79.61643,43.72852],[-79.61658,43.72871],[-79.61671,43.72887],[-79.61682,43.72907],[-79.61694,43.72925],[-79.61703,43.72942],[-79.61718,43.7296],[-79.61728,43.7298],[-79.61748,43.72996],[-79.61767,43.73011],[-79.61784,43.73025],[-79.61802,43.73034],[-79.61835,43.73053],[-79.61849,43.73063],[-79.61858,43.73067],[-79.61872,43.73072],[-79.61891,43.7308],[-79.619,43.73082],[-79.6192,43.73088],[-79.6194,43.73093],[-79.61966,43.731],[-79.61976,43.73102],[-79.61994,43.73106],[-79.62018,43.73111],[-79.62042,43.73115],[-79.62069,43.73123],[-79.62092,43.73131],[-79.62117,43.73138],[-79.62137,43.73145],[-79.62149,43.7315],[-79.62158,43.73155],[-79.62179,43.7317],[-79.6219,43.73182],[-79.62202,43.73197],[-79.6221,43.73212],[-79.62221,43.73223],[-79.6223,43.7324],[-79.62238,43.73258],[-79.62245,43.73274],[-79.62248,43.7329],[-79.62243,43.73304],[-79.62237,43.7332],[-79.62243,43.73335],[-79.62251,43.73347],[-79.62256,43.73357],[-79.62261,43.73368],[-79.62267,43.73375],[-79.62273,43.73385],[-79.62277,43.73394],[-79.62282,43.73409],[-79.62284,43.73412],[-79.62292,43.73422],[-79.62308,43.73444],[-79.62325,43.73473],[-79.6234,43.73492],[-79.62341,43.73502],[-79.62345,43.73512],[-79.6235,43.73521],[-79.62356,43.73529],[-79.6236,43.73535],[-79.62372,43.73542],[-79.62382,43.73547],[-79.62397,43.73554],[-79.62411,43.73556],[-79.62429,43.73558],[-79.62441,43.7356],[-79.62462,43.73564],[-79.62479,43.7357],[-79.62497,43.73574],[-79.62518,43.73578],[-79.62533,43.73578],[-79.62547,43.73583],[-79.62555,43.7359],[-79.62567,43.73596],[-79.62574,43.736],[-79.62581,43.73608],[-79.62596,43.73615],[-79.62604,43.73619],[-79.62617,43.73624],[-79.62629,43.73627],[-79.62644,43.73635],[-79.62661,43.73643],[-79.62672,43.73647],[-79.62691,43.73653],[-79.6271,43.73654],[-79.6274,43.73658],[-79.62751,43.73661],[-79.62765,43.73664],[-79.62806,43.73674],[-79.62835,43.7368],[-79.62888,43.73696],[-79.62903,43.737],[-79.6293,43.737],[-79.62942,43.737],[-79.63018,43.73718],[-79.63064,43.73729],[-79.63149,43.73755]]]}},{"type":"Feature","properties":{"num":2,"name":"Etobicoke North"},"geometry":{"type":"Polygon","coordinates":[[[-79.51142,43.68711],[-79.51315,43.68686],[-79.51344,43.68681],[-79.51417,43.6867],[-79.51467,43.68665],[-79.51573,43.68655],[-79.51655,43.68648],[-79.51689,43.68647],[-79.51701,43.68647],[-79.51728,43.68644],[-79.51763,43.68636],[-79.51957,43.68591],[-79.51999,43.68582],[-79.52425,43.68487],[-79.52742,43.68417],[-79.52817,43.68588],[-79.52894,43.68759],[-79.52928,43.68836],[-79.53018,43.69041],[-79.53036,43.69076],[-79.53086,43.69188],[-79.53141,43.69315],[-79.53163,43.69367],[-79.53191,43.6943],[-79.53237,43.69532],[-79.53274,43.69617],[-79.53376,43.69861],[-79.53427,43.69983],[-79.53725,43.69917],[-79.53989,43.69858],[-79.5416,43.69822],[-79.54285,43.69793],[-79.54341,43.6978],[-79.54417,43.69763],[-79.54516,43.69744],[-79.54673,43.69706],[-79.54764,43.69688],[-79.54876,43.69663],[-79.54964,43.6964],[-79.55034,43.69622],[-79.55216,43.69581],[-79.55406,43.69535],[-79.55529,43.69505],[-79.55792,43.69443],[-79.55865,43.69426],[-79.56173,43.69358],[-79.56252,43.69341],[-79.56293,43.69331],[-79.56401,43.69304],[-79.56616,43.69257],[-79.56625,43.69255],[-79.56657,43.69249],[-79.56689,43.69242],[-79.56721,43.69235],[-79.56753,43.69228],[-79.56773,43.69224],[-79.56881,43.69202],[-79.56901,43.69197],[-79.56946,43.69188],[-79.56951,43.69182],[-79.56958,43.69172],[-79.56964,43.69163],[-79.56971,43.69153],[-79.56977,43.69144],[-79.56983,43.69134],[-79.5699,43.69124],[-79.56996,43.69115],[-79.57002,43.69105],[-79.57008,43.69096],[-79.57014,43.69086],[-79.5702,43.69076],[-79.57026,43.69067],[-79.57032,43.69057],[-79.57034,43.69053],[-79.57037,43.69047],[-79.57039,43.69045],[-79.57043,43.69037],[-79.57048,43.69028],[-79.57054,43.69018],[-79.57059,43.69008],[-79.57064,43.68998],[-79.5707,43.68988],[-79.57075,43.68979],[-79.5708,43.68969],[-79.57085,43.68959],[-79.57183,43.68789],[-79.57215,43.68733],[-79.57294,43.68605],[-79.57373,43.68473],[-79.5744,43.68356],[-79.57442,43.68352],[-79.57514,43.68206],[-79.57528,43.68179],[-79.57611,43.68021],[-79.57652,43.67942],[-79.57673,43.67901],[-79.57761,43.67736],[-79.57773,43.67715],[-79.57797,43.67669],[-79.57799,43.67665],[-79.57801,43.67662],[-79.57804,43.67658],[-79.57806,43.6765],[-79.57809,43.67645],[-79.57812,43.6764],[-79.57814,43.67634],[-79.57817,43.67629],[-79.5782,43.67624],[-79.57823,43.67618],[-79.57826,43.67613],[-79.57829,43.67608],[-79.57832,43.67603],[-79.57836,43.67597],[-79.57839,43.67592],[-79.57842,43.67587],[-79.57846,43.67582],[-79.57849,43.67577],[-79.57853,43.67572],[-79.57857,43.67567],[-79.5786,43.67562],[-79.57864,43.67557],[-79.57867,43.67553],[-79.57869,43.67549],[-79.57872,43.67545],[-79.57875,43.6754],[-79.57878,43.67536],[-79.57881,43.67532],[-79.57884,43.67527],[-79.57887,43.67523],[-79.5789,43.6752],[-79.57893,43.67516],[-79.57896,43.67512],[-79.579,43.67508],[-79.57903,43.67504],[-79.57907,43.675],[-79.5791,43.67496],[-79.57914,43.67492],[-79.57917,43.67488],[-79.57921,43.67484],[-79.57925,43.67481],[-79.57929,43.67477],[-79.57938,43.67468],[-79.57945,43.67459],[-79.5795,43.67453],[-79.57955,43.67447],[-79.57961,43.67441],[-79.57966,43.67435],[-79.57972,43.67429],[-79.57978,43.67423],[-79.57983,43.67418],[-79.57989,43.67412],[-79.57995,43.67406],[-79.58001,43.674],[-79.58007,43.67395],[-79.58013,43.67389],[-79.58019,43.67383],[-79.58025,43.67378],[-79.58032,43.67372],[-79.58038,43.67367],[-79.58044,43.67361],[-79.58051,43.67356],[-79.58057,43.6735],[-79.58064,43.67345],[-79.5807,43.6734],[-79.58077,43.67335],[-79.58084,43.67329],[-79.5809,43.67324],[-79.58097,43.67319],[-79.58104,43.67314],[-79.58111,43.67309],[-79.58118,43.67304],[-79.58125,43.67299],[-79.58132,43.67294],[-79.58139,43.67289],[-79.58146,43.67284],[-79.58154,43.67278],[-79.58162,43.67273],[-79.5817,43.67268],[-79.58177,43.67263],[-79.58185,43.67258],[-79.58193,43.67253],[-79.58201,43.67247],[-79.58209,43.67242],[-79.58217,43.67237],[-79.58218,43.67237],[-79.58225,43.67232],[-79.58234,43.67227],[-79.58242,43.67223],[-79.58249,43.67218],[-79.5825,43.67218],[-79.58258,43.67213],[-79.58267,43.67208],[-79.58275,43.67204],[-79.58284,43.67199],[-79.58285,43.67198],[-79.58292,43.67195],[-79.58301,43.6719],[-79.58309,43.67186],[-79.58318,43.67181],[-79.58327,43.67177],[-79.58336,43.67172],[-79.58344,43.67168],[-79.58353,43.67163],[-79.58363,43.67159],[-79.58371,43.67155],[-79.5838,43.67151],[-79.58389,43.67147],[-79.58398,43.67143],[-79.58408,43.67139],[-79.58417,43.67135],[-79.58426,43.67131],[-79.58435,43.67127],[-79.58439,43.67126],[-79.58444,43.67124],[-79.58454,43.6712],[-79.58463,43.67117],[-79.58473,43.67113],[-79.58482,43.67109],[-79.58491,43.67106],[-79.58523,43.67094],[-79.58555,43.67082],[-79.58587,43.6707],[-79.58618,43.67059],[-79.5865,43.67047],[-79.58682,43.67035],[-79.58709,43.67026],[-79.58714,43.67024],[-79.58734,43.67017],[-79.58746,43.67012],[-79.58778,43.67001],[-79.5881,43.6699],[-79.58842,43.66979],[-79.58874,43.66967],[-79.58878,43.66966],[-79.58894,43.6696],[-79.58913,43.66952],[-79.58933,43.66945],[-79.58952,43.66938],[-79.58972,43.6693],[-79.58992,43.66923],[-79.59011,43.66916],[-79.59031,43.66909],[-79.59051,43.66902],[-79.59071,43.66895],[-79.59091,43.66887],[-79.59111,43.66881],[-79.5912,43.66878],[-79.59129,43.66894],[-79.59138,43.66908],[-79.59144,43.66918],[-79.59158,43.66942],[-79.5919,43.66992],[-79.5933,43.6722],[-79.59388,43.67313],[-79.59455,43.67422],[-79.59466,43.67445],[-79.59471,43.67459],[-79.59475,43.67476],[-79.59475,43.67503],[-79.59822,43.68084],[-79.59996,43.68374],[-79.60008,43.68457],[-79.60015,43.68512],[-79.60017,43.68513],[-79.60022,43.68518],[-79.60027,43.68523],[-79.60032,43.68527],[-79.60036,43.68532],[-79.60041,43.68537],[-79.60046,43.68542],[-79.6005,43.68546],[-79.60058,43.68556],[-79.60066,43.68565],[-79.60073,43.68575],[-79.60081,43.68584],[-79.60088,43.68594],[-79.60096,43.68603],[-79.60101,43.6861],[-79.60103,43.68613],[-79.6011,43.68623],[-79.60117,43.68632],[-79.60123,43.6864],[-79.60125,43.68642],[-79.60132,43.68649],[-79.6014,43.68661],[-79.60147,43.6867],[-79.60151,43.68677],[-79.60153,43.6868],[-79.60162,43.68695],[-79.60167,43.68703],[-79.60172,43.68709],[-79.6018,43.68722],[-79.6019,43.68735],[-79.602,43.68751],[-79.60209,43.68765],[-79.60219,43.68781],[-79.60227,43.68795],[-79.60236,43.68809],[-79.60244,43.68824],[-79.60253,43.68839],[-79.60261,43.68854],[-79.60269,43.68869],[-79.60277,43.68884],[-79.60285,43.68899],[-79.60293,43.68914],[-79.603,43.68928],[-79.6044,43.69203],[-79.60485,43.69286],[-79.60493,43.69301],[-79.6054,43.69383],[-79.60589,43.69469],[-79.60721,43.69687],[-79.60725,43.69694],[-79.60729,43.69699],[-79.60738,43.69713],[-79.60748,43.69728],[-79.60796,43.69801],[-79.60869,43.69914],[-79.60975,43.70078],[-79.6101,43.70134],[-79.61018,43.70146],[-79.61098,43.70273],[-79.61203,43.70439],[-79.61206,43.70443],[-79.61265,43.70537],[-79.61323,43.70628],[-79.61388,43.70737],[-79.61453,43.70845],[-79.61557,43.71018],[-79.61738,43.71326],[-79.61788,43.7141],[-79.61845,43.71507],[-79.61915,43.71626],[-79.62034,43.71839],[-79.62268,43.72252],[-79.62297,43.72301],[-79.62362,43.72417],[-79.62366,43.72424],[-79.62441,43.72557],[-79.62543,43.72736],[-79.62594,43.7282],[-79.62613,43.72856],[-79.62633,43.72905],[-79.62664,43.73007],[-79.62695,43.73144],[-79.62759,43.73272],[-79.6276,43.73276],[-79.62762,43.7328],[-79.62764,43.73285],[-79.62766,43.7329],[-79.62768,43.73295],[-79.6277,43.73299],[-79.62772,43.73304],[-79.62774,43.73309],[-79.62776,43.73313],[-79.62777,43.73314],[-79.62777,43.73315],[-79.62778,43.73317],[-79.62779,43.73319],[-79.6278,43.73321],[-79.62782,43.73323],[-79.62783,43.73324],[-79.62784,43.73327],[-79.62786,43.73328],[-79.62787,43.7333],[-79.62789,43.73332],[-79.6279,43.73333],[-79.62798,43.73341],[-79.62799,43.73341],[-79.628,43.73343],[-79.62801,43.73344],[-79.62803,43.73345],[-79.62804,43.73346],[-79.62806,43.73347],[-79.62807,43.73348],[-79.62809,43.73349],[-79.6281,43.7335],[-79.62815,43.73352],[-79.62818,43.73354],[-79.62825,43.73356],[-79.62831,43.73358],[-79.62836,43.7336],[-79.6284,43.73361],[-79.62842,43.73362],[-79.62844,43.73362],[-79.62846,43.73363],[-79.62848,43.73363],[-79.62851,43.73363],[-79.62853,43.73364],[-79.62855,43.73364],[-79.62857,43.73365],[-79.62869,43.73366],[-79.62871,43.73366],[-79.62874,43.73366],[-79.62877,43.73366],[-79.62879,43.73367],[-79.62882,43.73367],[-79.62897,43.73382],[-79.6292,43.73441],[-79.62921,43.73443],[-79.62922,43.73445],[-79.62923,43.73446],[-79.62924,43.73448],[-79.62924,43.7345],[-79.62925,43.73452],[-79.62925,43.73454],[-79.62926,43.73456],[-79.62926,43.73458],[-79.62926,43.7346],[-79.62926,43.73462],[-79.62926,43.73464],[-79.62926,43.73465],[-79.63032,43.73545],[-79.63036,43.73548],[-79.63135,43.73704],[-79.63149,43.73755],[-79.63064,43.73729],[-79.63018,43.73718],[-79.62942,43.737],[-79.6293,43.737],[-79.62903,43.737],[-79.62888,43.73696],[-79.62835,43.7368],[-79.62806,43.73674],[-79.62765,43.73664],[-79.62751,43.73661],[-79.6274,43.73658],[-79.6271,43.73654],[-79.62691,43.73653],[-79.62672,43.73647],[-79.62661,43.73643],[-79.62644,43.73635],[-79.62629,43.73627],[-79.62617,43.73624],[-79.62604,43.73619],[-79.62596,43.73615],[-79.62581,43.73608],[-79.62574,43.736],[-79.62567,43.73596],[-79.62555,43.7359],[-79.62547,43.73583],[-79.62533,43.73578],[-79.62518,43.73578],[-79.62497,43.73574],[-79.62479,43.7357],[-79.62462,43.73564],[-79.62441,43.7356],[-79.62429,43.73558],[-79.62411,43.73556],[-79.62397,43.73554],[-79.62382,43.73547],[-79.62372,43.73542],[-79.6236,43.73535],[-79.62356,43.73529],[-79.6235,43.73521],[-79.62345,43.73512],[-79.62341,43.73502],[-79.6234,43.73492],[-79.62325,43.73473],[-79.62308,43.73444],[-79.62292,43.73422],[-79.62284,43.73412],[-79.62282,43.73409],[-79.62277,43.73394],[-79.62273,43.73385],[-79.62267,43.73375],[-79.62261,43.73368],[-79.62256,43.73357],[-79.62251,43.73347],[-79.62243,43.73335],[-79.62237,43.7332],[-79.62243,43.73304],[-79.62248,43.7329],[-79.62245,43.73274],[-79.62238,43.73258],[-79.6223,43.7324],[-79.62221,43.73223],[-79.6221,43.73212],[-79.62202,43.73197],[-79.6219,43.73182],[-79.62179,43.7317],[-79.62158,43.73155],[-79.62149,43.7315],[-79.62137,43.73145],[-79.62117,43.73138],[-79.62092,43.73131],[-79.62069,43.73123],[-79.62042,43.73115],[-79.62018,43.73111],[-79.61994,43.73106],[-79.61976,43.73102],[-79.61966,43.731],[-79.6194,43.73093],[-79.6192,43.73088],[-79.619,43.73082],[-79.61891,43.7308],[-79.61872,43.73072],[-79.61858,43.73067],[-79.61849,43.73063],[-79.61835,43.73053],[-79.61802,43.73034],[-79.61784,43.73025],[-79.61767,43.73011],[-79.61748,43.72996],[-79.61728,43.7298],[-79.61718,43.7296],[-79.61703,43.72942],[-79.61694,43.72925],[-79.61682,43.72907],[-79.61671,43.72887],[-79.61658,43.72871],[-79.61643,43.72852],[-79.61619,43.72837],[-79.61595,43.72822],[-79.61568,43.72814],[-79.61543,43.72807],[-79.6152,43.72795],[-79.61499,43.72788],[-79.61474,43.72774],[-79.61457,43.7276],[-79.61455,43.72749],[-79.61448,43.72733],[-79.6143,43.72724],[-79.61427,43.72706],[-79.61433,43.72687],[-79.61421,43.72669],[-79.61409,43.7265],[-79.61395,43.7263],[-79.61384,43.72617],[-79.6138,43.72593],[-79.61379,43.72569],[-79.61376,43.72548],[-79.61382,43.72529],[-79.61388,43.72504],[-79.61398,43.72484],[-79.61406,43.72461],[-79.61415,43.72441],[-79.61423,43.72423],[-79.61422,43.72408],[-79.61402,43.7239],[-79.61374,43.7238],[-79.61343,43.72377],[-79.61311,43.72372],[-79.61285,43.72357],[-79.61267,43.72339],[-79.61248,43.72324],[-79.61229,43.72307],[-79.61206,43.7229],[-79.61183,43.72274],[-79.61155,43.72262],[-79.61128,43.72258],[-79.61097,43.72256],[-79.61066,43.72253],[-79.61039,43.72262],[-79.61018,43.72273],[-79.60997,43.72281],[-79.60972,43.72281],[-79.60946,43.72285],[-79.6092,43.72291],[-79.60899,43.72299],[-79.60883,43.72314],[-79.6087,43.72331],[-79.60842,43.72332],[-79.60812,43.7233],[-79.6079,43.72325],[-79.60765,43.72321],[-79.60735,43.72323],[-79.60711,43.72327],[-79.60689,43.72332],[-79.60667,43.72341],[-79.60644,43.72352],[-79.60625,43.72365],[-79.60611,43.72378],[-79.60596,43.72395],[-79.60583,43.72414],[-79.60577,43.72434],[-79.60573,43.72449],[-79.60576,43.72464],[-79.60575,43.72484],[-79.60573,43.72503],[-79.60566,43.72523],[-79.60556,43.72541],[-79.60549,43.72563],[-79.60539,43.7258],[-79.60521,43.72598],[-79.605,43.72609],[-79.60475,43.72616],[-79.60446,43.72624],[-79.60418,43.72631],[-79.60386,43.72633],[-79.60353,43.72628],[-79.60324,43.72613],[-79.60293,43.72606],[-79.60261,43.72606],[-79.60226,43.72614],[-79.60195,43.72624],[-79.60175,43.72637],[-79.60157,43.72646],[-79.60135,43.72661],[-79.60121,43.72678],[-79.60108,43.72696],[-79.60094,43.72715],[-79.60086,43.72735],[-79.60066,43.72752],[-79.60049,43.72764],[-79.60037,43.72768],[-79.60023,43.7277],[-79.60007,43.72774],[-79.59974,43.72778],[-79.59942,43.72779],[-79.59914,43.72769],[-79.5989,43.72758],[-79.59868,43.72741],[-79.59857,43.7272],[-79.59845,43.72701],[-79.59828,43.72683],[-79.5982,43.72664],[-79.59819,43.72642],[-79.59828,43.72618],[-79.59836,43.72597],[-79.59847,43.72574],[-79.59846,43.72548],[-79.59842,43.72525],[-79.59828,43.72501],[-79.59807,43.72484],[-79.59787,43.72468],[-79.59771,43.72452],[-79.59757,43.7244],[-79.59735,43.72423],[-79.59709,43.72406],[-79.59684,43.72393],[-79.59656,43.72381],[-79.59626,43.72365],[-79.59599,43.72351],[-79.59568,43.72347],[-79.59553,43.72347],[-79.59549,43.72346],[-79.59537,43.72342],[-79.59525,43.72341],[-79.59492,43.72337],[-79.59456,43.72343],[-79.59415,43.72351],[-79.59393,43.72358],[-79.59372,43.72365],[-79.59331,43.72374],[-79.59292,43.72388],[-79.59254,43.72405],[-79.59225,43.72432],[-79.59212,43.72461],[-79.59214,43.72493],[-79.59219,43.72527],[-79.59215,43.72555],[-79.59204,43.7258],[-79.59172,43.72587],[-79.59134,43.72587],[-79.59106,43.72589],[-79.59076,43.72595],[-79.59047,43.72604],[-79.59018,43.72616],[-79.58991,43.72632],[-79.58963,43.72655],[-79.58941,43.72673],[-79.58918,43.72692],[-79.58889,43.72711],[-79.58868,43.7273],[-79.58842,43.72752],[-79.58812,43.72772],[-79.58788,43.72793],[-79.58768,43.72807],[-79.58765,43.72809],[-79.58736,43.7283],[-79.58702,43.72852],[-79.58674,43.72873],[-79.58645,43.72888],[-79.58612,43.72899],[-79.58575,43.72907],[-79.58534,43.72907],[-79.58494,43.72906],[-79.58452,43.72902],[-79.58414,43.72897],[-79.5838,43.72891],[-79.58335,43.72884],[-79.58294,43.72871],[-79.58255,43.72863],[-79.58207,43.72855],[-79.58166,43.72842],[-79.58124,43.72833],[-79.58091,43.72834],[-79.57951,43.72864],[-79.5793,43.72881],[-79.57924,43.72896],[-79.57921,43.72903],[-79.57927,43.72928],[-79.57935,43.72952],[-79.57951,43.72973],[-79.57961,43.72997],[-79.57971,43.73024],[-79.57978,43.73041],[-79.5801,43.73101],[-79.58024,43.73127],[-79.58029,43.73136],[-79.58039,43.73153],[-79.58054,43.73187],[-79.58054,43.73202],[-79.58054,43.73208],[-79.58054,43.73218],[-79.58053,43.7322],[-79.58053,43.73229],[-79.58044,43.73254],[-79.58029,43.7328],[-79.58009,43.73303],[-79.58003,43.73308],[-79.57982,43.73323],[-79.57949,43.73334],[-79.57927,43.73343],[-79.57885,43.73353],[-79.57865,43.73357],[-79.57842,43.73363],[-79.57804,43.73372],[-79.57764,43.73381],[-79.57752,43.73385],[-79.57726,43.73392],[-79.57678,43.73405],[-79.57638,43.73419],[-79.57602,43.73437],[-79.57566,43.73455],[-79.57536,43.73474],[-79.57506,43.73493],[-79.57478,43.73514],[-79.57452,43.73532],[-79.57421,43.73555],[-79.57387,43.73574],[-79.57348,43.73583],[-79.57304,43.73594],[-79.57268,43.73602],[-79.57227,43.73606],[-79.57179,43.73606],[-79.5714,43.73607],[-79.57098,43.73608],[-79.57057,43.73608],[-79.57054,43.73607],[-79.5702,43.73599],[-79.56981,43.73584],[-79.56943,43.73565],[-79.56908,43.73542],[-79.56874,43.73518],[-79.56846,43.73492],[-79.56819,43.73464],[-79.56795,43.73434],[-79.56779,43.73405],[-79.56767,43.73374],[-79.56757,43.73343],[-79.56746,43.73312],[-79.56732,43.7328],[-79.56731,43.73279],[-79.56714,43.73248],[-79.56691,43.73217],[-79.56658,43.73192],[-79.5662,43.73172],[-79.56577,43.73156],[-79.56533,43.73138],[-79.56487,43.73119],[-79.56443,43.73098],[-79.56399,43.7308],[-79.56351,43.73065],[-79.5631,43.73046],[-79.56268,43.73028],[-79.56222,43.73011],[-79.56213,43.73007],[-79.56178,43.72993],[-79.56134,43.72974],[-79.56086,43.72956],[-79.56042,43.72937],[-79.56,43.72919],[-79.55956,43.729],[-79.55917,43.72878],[-79.55897,43.72864],[-79.55881,43.72853],[-79.55841,43.72833],[-79.55807,43.72811],[-79.55776,43.7279],[-79.55739,43.72779],[-79.55699,43.72774],[-79.55657,43.72777],[-79.5562,43.72786],[-79.55591,43.72798],[-79.55567,43.72815],[-79.55552,43.72838],[-79.55542,43.72862],[-79.55537,43.72884],[-79.55523,43.72908],[-79.55498,43.72929],[-79.55468,43.72944],[-79.55435,43.72954],[-79.55427,43.72957],[-79.55403,43.72965],[-79.55375,43.72972],[-79.55371,43.72973],[-79.55343,43.7298],[-79.55312,43.72984],[-79.55281,43.7299],[-79.55249,43.72993],[-79.55215,43.72998],[-79.55175,43.73003],[-79.55139,43.73008],[-79.55103,43.73017],[-79.55062,43.73027],[-79.55031,43.7304],[-79.55,43.73052],[-79.54971,43.73068],[-79.54962,43.7309],[-79.54966,43.73115],[-79.54977,43.7314],[-79.54987,43.73162],[-79.54989,43.7317],[-79.54988,43.73177],[-79.54981,43.73181],[-79.54972,43.73184],[-79.54963,43.73187],[-79.54945,43.73195],[-79.54927,43.73215],[-79.54921,43.73237],[-79.54927,43.73257],[-79.5493,43.73267],[-79.54928,43.73274],[-79.54924,43.73278],[-79.54915,43.73281],[-79.54895,43.73288],[-79.54887,43.73284],[-79.54856,43.73272],[-79.54822,43.73258],[-79.54781,43.7324],[-79.5477,43.73216],[-79.54756,43.73196],[-79.54719,43.73177],[-79.54677,43.73157],[-79.54633,43.73145],[-79.54586,43.73146],[-79.54559,43.73149],[-79.5455,43.73154],[-79.54534,43.73186],[-79.54513,43.73216],[-79.54499,43.73228],[-79.5448,43.73238],[-79.5446,43.73242],[-79.54441,43.73239],[-79.54408,43.73229],[-79.54389,43.73206],[-79.54385,43.73179],[-79.54401,43.73156],[-79.54427,43.73137],[-79.54457,43.7312],[-79.54486,43.73103],[-79.54483,43.73081],[-79.54456,43.73058],[-79.54424,43.73038],[-79.54391,43.73021],[-79.5436,43.73005],[-79.54322,43.72993],[-79.54279,43.72985],[-79.54238,43.72981],[-79.54199,43.72972],[-79.54156,43.72966],[-79.54115,43.7296],[-79.54082,43.72959],[-79.54047,43.72967],[-79.54015,43.72979],[-79.53996,43.72997],[-79.53979,43.7302],[-79.5396,43.73044],[-79.53944,43.73068],[-79.53929,43.7309],[-79.53924,43.73113],[-79.53931,43.7314],[-79.53942,43.73167],[-79.53949,43.73196],[-79.53924,43.73209],[-79.53893,43.73208],[-79.53863,43.73195],[-79.53847,43.73178],[-79.53843,43.73163],[-79.53846,43.73141],[-79.53847,43.73134],[-79.53851,43.73113],[-79.53854,43.73083],[-79.53854,43.73052],[-79.53857,43.73016],[-79.53862,43.72985],[-79.53874,43.72955],[-79.53887,43.72927],[-79.5388,43.72896],[-79.53867,43.72863],[-79.53854,43.7283],[-79.53844,43.72797],[-79.53832,43.72762],[-79.53823,43.72727],[-79.53828,43.72692],[-79.53848,43.72665],[-79.53882,43.72646],[-79.5392,43.72633],[-79.53961,43.72624],[-79.54004,43.72626],[-79.54047,43.72624],[-79.54087,43.72614],[-79.54115,43.72594],[-79.54131,43.72564],[-79.54134,43.72529],[-79.54128,43.72494],[-79.54113,43.72459],[-79.54097,43.72424],[-79.54077,43.72392],[-79.54071,43.72357],[-79.54075,43.72331],[-79.54076,43.72325],[-79.54074,43.72319],[-79.54073,43.72297],[-79.54072,43.72262],[-79.54079,43.72228],[-79.54097,43.72196],[-79.54123,43.72169],[-79.54156,43.72146],[-79.5417,43.72135],[-79.54192,43.7212],[-79.54227,43.72098],[-79.54243,43.72082],[-79.54256,43.72069],[-79.54281,43.72037],[-79.54295,43.72004],[-79.54304,43.71977],[-79.54308,43.71973],[-79.54318,43.7196],[-79.54323,43.71948],[-79.54331,43.71933],[-79.54341,43.71914],[-79.54346,43.71907],[-79.54348,43.71901],[-79.54371,43.71863],[-79.54385,43.71835],[-79.54398,43.71814],[-79.54404,43.71804],[-79.54408,43.71772],[-79.54393,43.71743],[-79.54386,43.71736],[-79.54386,43.71735],[-79.54365,43.71716],[-79.54327,43.71695],[-79.54318,43.71692],[-79.54256,43.7168],[-79.54244,43.71678],[-79.54242,43.71678],[-79.54204,43.71679],[-79.54169,43.71683],[-79.54149,43.71685],[-79.5413,43.71687],[-79.54092,43.71675],[-79.54069,43.71655],[-79.54062,43.7162],[-79.54066,43.71602],[-79.5407,43.71593],[-79.54077,43.71564],[-79.54074,43.71537],[-79.54048,43.71515],[-79.54026,43.71507],[-79.53985,43.71499],[-79.53944,43.71494],[-79.53903,43.71486],[-79.5386,43.71474],[-79.53821,43.71459],[-79.53801,43.71432],[-79.53794,43.71402],[-79.53785,43.71372],[-79.53783,43.71352],[-79.53783,43.71324],[-79.53784,43.71307],[-79.53784,43.713],[-79.53785,43.71283],[-79.53786,43.71272],[-79.53789,43.71263],[-79.53794,43.71241],[-79.53812,43.7121],[-79.53818,43.71205],[-79.53841,43.71183],[-79.53877,43.71162],[-79.53913,43.71139],[-79.5394,43.71108],[-79.5396,43.71072],[-79.53958,43.71035],[-79.53946,43.71001],[-79.53933,43.70967],[-79.53913,43.70933],[-79.5389,43.70901],[-79.53853,43.70875],[-79.53813,43.7085],[-79.53765,43.70833],[-79.53742,43.70827],[-79.53718,43.70828],[-79.53676,43.70834],[-79.5363,43.70835],[-79.53591,43.70821],[-79.53584,43.70813],[-79.53566,43.70791],[-79.53556,43.70756],[-79.53547,43.70716],[-79.53545,43.70686],[-79.53545,43.70679],[-79.5355,43.70639],[-79.53551,43.70629],[-79.53554,43.7061],[-79.5356,43.7057],[-79.53573,43.70533],[-79.53595,43.705],[-79.53602,43.70479],[-79.53596,43.7046],[-79.53579,43.70452],[-79.53544,43.70449],[-79.53502,43.70456],[-79.53458,43.70469],[-79.53413,43.70484],[-79.53366,43.70495],[-79.53317,43.70502],[-79.53271,43.70501],[-79.53219,43.70498],[-79.53194,43.70494],[-79.53171,43.70491],[-79.53116,43.70479],[-79.53074,43.7046],[-79.53039,43.70431],[-79.5301,43.70404],[-79.52972,43.70384],[-79.52941,43.70356],[-79.52917,43.70326],[-79.52903,43.70291],[-79.52878,43.70257],[-79.52857,43.70243],[-79.52826,43.70233],[-79.52774,43.70224],[-79.52722,43.70209],[-79.52718,43.70208],[-79.52665,43.7019],[-79.5261,43.70166],[-79.52558,43.70143],[-79.52497,43.70125],[-79.52445,43.70106],[-79.52386,43.70087],[-79.52333,43.7007],[-79.52282,43.70047],[-79.52236,43.70029],[-79.52214,43.7002],[-79.5221,43.70017],[-79.52181,43.70005],[-79.52144,43.69988],[-79.52118,43.69973],[-79.52105,43.69954],[-79.52094,43.6993],[-79.52094,43.69929],[-79.5208,43.69899],[-79.52069,43.69876],[-79.52032,43.69826],[-79.52004,43.69798],[-79.51976,43.69773],[-79.51949,43.69748],[-79.51915,43.69729],[-79.51882,43.69713],[-79.51801,43.69696],[-79.51761,43.69693],[-79.5172,43.69685],[-79.51678,43.69682],[-79.51634,43.69681],[-79.51588,43.6969],[-79.5157,43.69693],[-79.51548,43.69697],[-79.51505,43.69703],[-79.51466,43.69705],[-79.5143,43.6971],[-79.51391,43.69721],[-79.51354,43.69726],[-79.51311,43.69724],[-79.51266,43.69712],[-79.51225,43.69696],[-79.51197,43.6967],[-79.51193,43.69651],[-79.5119,43.6964],[-79.51203,43.6961],[-79.51224,43.69579],[-79.51245,43.6955],[-79.51265,43.69518],[-79.51275,43.69483],[-79.51277,43.69453],[-79.51282,43.69425],[-79.51293,43.69398],[-79.51329,43.69339],[-79.5133,43.6924],[-79.51332,43.69199],[-79.51328,43.69158],[-79.5132,43.69117],[-79.51312,43.69079],[-79.51301,43.69053],[-79.51296,43.6904],[-79.51288,43.69002],[-79.51275,43.68962],[-79.51274,43.6896],[-79.51264,43.68923],[-79.51256,43.68883],[-79.51239,43.68849],[-79.51215,43.68814],[-79.51186,43.68783],[-79.51162,43.68749],[-79.51144,43.68716],[-79.51142,43.68711]]]}},{"type":"Feature","properties":{"num":3,"name":"Etobicoke Centre"},"geometry":{"type":"Polygon","coordinates":[[[-79.56376,43.62704],[-79.56379,43.62708],[-79.5638,43.62717],[-79.56383,43.62726],[-79.56388,43.62738],[-79.5639,43.62752],[-79.5639,43.62764],[-79.56391,43.62779],[-79.56396,43.6279],[-79.56411,43.628],[-79.56434,43.62806],[-79.56454,43.62813],[-79.5648,43.62817],[-79.56503,43.62818],[-79.56528,43.62819],[-79.56553,43.6282],[-79.56577,43.62823],[-79.56601,43.62825],[-79.56622,43.62824],[-79.56644,43.62824],[-79.56666,43.62823],[-79.56686,43.62823],[-79.56697,43.62821],[-79.56708,43.62818],[-79.56727,43.62812],[-79.56736,43.62808],[-79.56744,43.62802],[-79.56749,43.62792],[-79.56753,43.62777],[-79.56752,43.62768],[-79.56754,43.62763],[-79.56761,43.62751],[-79.56771,43.62733],[-79.56785,43.62717],[-79.56801,43.62704],[-79.56818,43.62692],[-79.56837,43.62681],[-79.56859,43.62676],[-79.5688,43.62676],[-79.56898,43.62682],[-79.56915,43.62689],[-79.56937,43.62693],[-79.56959,43.62695],[-79.5698,43.62699],[-79.57001,43.627],[-79.57022,43.62697],[-79.57039,43.62688],[-79.57057,43.6268],[-79.57079,43.62673],[-79.57098,43.62667],[-79.57119,43.6266],[-79.5714,43.62653],[-79.5716,43.62647],[-79.57182,43.62639],[-79.57203,43.62632],[-79.57208,43.6263],[-79.57225,43.62624],[-79.57246,43.62616],[-79.57267,43.62611],[-79.5729,43.62608],[-79.5731,43.62606],[-79.5733,43.62607],[-79.5735,43.62604],[-79.5737,43.62599],[-79.57388,43.62591],[-79.57404,43.62583],[-79.5742,43.62573],[-79.57435,43.62562],[-79.57451,43.62554],[-79.57468,43.6255],[-79.57488,43.62545],[-79.57507,43.62545],[-79.57525,43.62548],[-79.57542,43.62552],[-79.57558,43.62557],[-79.57574,43.62563],[-79.57588,43.62571],[-79.57604,43.62579],[-79.57618,43.62587],[-79.57634,43.62595],[-79.57648,43.62602],[-79.57662,43.62608],[-79.57676,43.62615],[-79.5769,43.6262],[-79.57707,43.62625],[-79.57724,43.6263],[-79.5774,43.62635],[-79.57756,43.62638],[-79.57772,43.62643],[-79.57789,43.62647],[-79.57808,43.62652],[-79.57826,43.62656],[-79.57845,43.62661],[-79.57863,43.62666],[-79.57879,43.62669],[-79.57899,43.62673],[-79.5792,43.62678],[-79.57939,43.62684],[-79.57957,43.62688],[-79.57971,43.62693],[-79.57977,43.62698],[-79.57982,43.62701],[-79.57993,43.6271],[-79.58002,43.6272],[-79.58013,43.62728],[-79.58025,43.62737],[-79.58035,43.62746],[-79.58046,43.62754],[-79.58059,43.62762],[-79.58076,43.62768],[-79.58085,43.62772],[-79.58095,43.62776],[-79.58111,43.62781],[-79.58132,43.62785],[-79.58136,43.62786],[-79.58141,43.62789],[-79.58153,43.62793],[-79.58167,43.62796],[-79.58173,43.62796],[-79.58178,43.62797],[-79.58191,43.62797],[-79.58207,43.62796],[-79.58223,43.62794],[-79.58242,43.62796],[-79.58261,43.628],[-79.58279,43.62805],[-79.58297,43.6281],[-79.58316,43.62815],[-79.5833,43.62819],[-79.58335,43.6282],[-79.58354,43.62825],[-79.58374,43.6283],[-79.5839,43.62836],[-79.58407,43.62841],[-79.58409,43.62842],[-79.58497,43.62868],[-79.58514,43.62873],[-79.5853,43.6288],[-79.58539,43.62883],[-79.58559,43.62893],[-79.58572,43.62905],[-79.58584,43.62917],[-79.58593,43.6293],[-79.586,43.62942],[-79.58603,43.62959],[-79.58601,43.62975],[-79.58594,43.62989],[-79.58584,43.63006],[-79.58573,43.63024],[-79.58566,43.63035],[-79.58557,43.63051],[-79.58555,43.63057],[-79.58541,43.63074],[-79.58534,43.63085],[-79.58528,43.63097],[-79.5852,43.6311],[-79.58514,43.63123],[-79.58511,43.63137],[-79.58508,43.63151],[-79.58506,43.63165],[-79.58507,43.63179],[-79.58509,43.63195],[-79.58512,43.63209],[-79.58515,43.63223],[-79.58518,43.63237],[-79.58521,43.63252],[-79.58525,43.63265],[-79.5853,43.63278],[-79.58535,43.63291],[-79.58542,43.63304],[-79.58551,43.63315],[-79.58562,43.63326],[-79.58571,43.63335],[-79.58576,43.63346],[-79.58582,43.63355],[-79.58584,43.63365],[-79.58581,43.63377],[-79.58576,43.63388],[-79.58566,43.63399],[-79.5856,43.63409],[-79.58554,43.6342],[-79.58551,43.63432],[-79.58554,43.63444],[-79.5856,43.63454],[-79.58569,43.63463],[-79.5858,43.63472],[-79.58592,43.63484],[-79.58599,43.63495],[-79.58603,43.63508],[-79.58605,43.63521],[-79.58606,43.63534],[-79.58606,43.63546],[-79.586,43.63558],[-79.58594,43.6357],[-79.58588,43.63581],[-79.58581,43.63593],[-79.58574,43.63605],[-79.58569,43.63616],[-79.58562,43.63628],[-79.58554,43.63638],[-79.58547,43.63648],[-79.58541,43.63659],[-79.58535,43.63671],[-79.58531,43.63683],[-79.58527,43.63697],[-79.58527,43.6371],[-79.58529,43.63722],[-79.58529,43.63724],[-79.58531,43.63729],[-79.58535,43.6374],[-79.58544,43.6375],[-79.5855,43.6376],[-79.58555,43.63771],[-79.58562,43.63781],[-79.58569,43.6379],[-79.5857,43.6379],[-79.58575,43.63795],[-79.58582,43.63802],[-79.58591,43.63811],[-79.58602,43.63824],[-79.58615,43.63838],[-79.58629,43.63851],[-79.5864,43.63866],[-79.58648,43.63878],[-79.58659,43.63893],[-79.58668,43.63906],[-79.58679,43.63921],[-79.58687,43.63935],[-79.58694,43.6395],[-79.58696,43.63965],[-79.58697,43.63978],[-79.58702,43.63993],[-79.58708,43.64006],[-79.58715,43.64021],[-79.58723,43.64034],[-79.5873,43.64051],[-79.58738,43.64066],[-79.58748,43.64078],[-79.5876,43.6409],[-79.58774,43.641],[-79.58789,43.64111],[-79.58802,43.64122],[-79.58811,43.64135],[-79.58822,43.64147],[-79.58827,43.64158],[-79.58824,43.64171],[-79.58814,43.64182],[-79.58808,43.64196],[-79.58813,43.64207],[-79.58818,43.64221],[-79.58825,43.64234],[-79.58836,43.64249],[-79.58844,43.64262],[-79.58856,43.64274],[-79.58871,43.64284],[-79.58888,43.64293],[-79.58903,43.64301],[-79.58917,43.64308],[-79.58931,43.64316],[-79.58941,43.64325],[-79.58954,43.64336],[-79.58966,43.64346],[-79.5898,43.6436],[-79.58994,43.6437],[-79.59007,43.64382],[-79.59022,43.64391],[-79.59038,43.64401],[-79.59058,43.64409],[-79.59075,43.64417],[-79.59094,43.64424],[-79.59113,43.64431],[-79.59129,43.6444],[-79.59147,43.64447],[-79.5915,43.64448],[-79.59164,43.64455],[-79.59181,43.64462],[-79.59203,43.64466],[-79.59222,43.6447],[-79.59246,43.64473],[-79.59267,43.6447],[-79.59291,43.64466],[-79.59312,43.6446],[-79.59331,43.64452],[-79.59351,43.64442],[-79.59368,43.64432],[-79.59385,43.6442],[-79.59403,43.64411],[-79.59421,43.64401],[-79.59439,43.6439],[-79.59454,43.64379],[-79.59472,43.6437],[-79.59487,43.6436],[-79.59505,43.64348],[-79.59524,43.64339],[-79.59542,43.6433],[-79.59563,43.64322],[-79.59584,43.64316],[-79.59607,43.64311],[-79.59628,43.64308],[-79.5965,43.64307],[-79.59673,43.64305],[-79.59694,43.64307],[-79.59715,43.64307],[-79.59732,43.64309],[-79.59753,43.64309],[-79.59771,43.6431],[-79.59791,43.64312],[-79.59807,43.64313],[-79.59824,43.6431],[-79.59838,43.64311],[-79.5985,43.64316],[-79.59862,43.64321],[-79.59872,43.64329],[-79.59879,43.64338],[-79.59884,43.64346],[-79.59894,43.64354],[-79.59908,43.64362],[-79.59922,43.6437],[-79.59943,43.64375],[-79.59963,43.6438],[-79.59983,43.64385],[-79.60004,43.64387],[-79.60028,43.64389],[-79.6005,43.64391],[-79.60074,43.64393],[-79.60199,43.64414],[-79.60228,43.64439],[-79.60234,43.64444],[-79.60248,43.64454],[-79.60269,43.64463],[-79.60294,43.6447],[-79.60316,43.64473],[-79.60334,43.64472],[-79.60353,43.64468],[-79.60374,43.6446],[-79.60398,43.64452],[-79.6042,43.6445],[-79.60443,43.64448],[-79.60464,43.64446],[-79.60469,43.64445],[-79.60479,43.64444],[-79.60501,43.64448],[-79.6052,43.64459],[-79.6054,43.64474],[-79.60561,43.64484],[-79.60582,43.64484],[-79.60606,43.64482],[-79.60629,43.64478],[-79.60648,43.64475],[-79.6067,43.64471],[-79.60696,43.64468],[-79.60716,43.64471],[-79.60736,43.64478],[-79.60755,43.64487],[-79.60769,43.64495],[-79.60782,43.64506],[-79.6079,43.6452],[-79.60798,43.64534],[-79.60804,43.64549],[-79.6081,43.64565],[-79.60817,43.64583],[-79.60829,43.64605],[-79.60842,43.6462],[-79.6086,43.64635],[-79.60874,43.64646],[-79.60635,43.64863],[-79.6031,43.65159],[-79.59841,43.65585],[-79.59568,43.6583],[-79.59413,43.65973],[-79.59407,43.65978],[-79.59373,43.66009],[-79.59325,43.66053],[-79.59256,43.66117],[-79.59115,43.66246],[-79.59111,43.6625],[-79.58878,43.66463],[-79.5897,43.66634],[-79.58996,43.66683],[-79.5902,43.66715],[-79.59023,43.66718],[-79.59025,43.66721],[-79.59028,43.66724],[-79.59031,43.66727],[-79.59033,43.6673],[-79.59036,43.66733],[-79.59038,43.66736],[-79.5904,43.66739],[-79.59043,43.66743],[-79.59045,43.66746],[-79.59047,43.66749],[-79.59049,43.66752],[-79.59051,43.66756],[-79.59053,43.66759],[-79.59055,43.66762],[-79.59056,43.66766],[-79.59058,43.66769],[-79.59059,43.6677],[-79.5906,43.66772],[-79.59061,43.66775],[-79.59063,43.66779],[-79.59064,43.66782],[-79.59065,43.66786],[-79.59067,43.66789],[-79.59077,43.66806],[-79.59087,43.66824],[-79.59109,43.6686],[-79.5912,43.66878],[-79.59111,43.66881],[-79.59091,43.66887],[-79.59071,43.66895],[-79.59051,43.66902],[-79.59031,43.66909],[-79.59011,43.66916],[-79.58992,43.66923],[-79.58972,43.6693],[-79.58952,43.66938],[-79.58933,43.66945],[-79.58913,43.66952],[-79.58894,43.6696],[-79.58878,43.66966],[-79.58874,43.66967],[-79.58842,43.66979],[-79.5881,43.6699],[-79.58778,43.67001],[-79.58746,43.67012],[-79.58734,43.67017],[-79.58714,43.67024],[-79.58709,43.67026],[-79.58682,43.67035],[-79.5865,43.67047],[-79.58618,43.67059],[-79.58587,43.6707],[-79.58555,43.67082],[-79.58523,43.67094],[-79.58491,43.67106],[-79.58482,43.67109],[-79.58473,43.67113],[-79.58463,43.67117],[-79.58454,43.6712],[-79.58444,43.67124],[-79.58439,43.67126],[-79.58433,43.67126],[-79.58424,43.67127],[-79.58414,43.67127],[-79.58404,43.67128],[-79.58395,43.67128],[-79.58385,43.67129],[-79.58378,43.67128],[-79.58375,43.67129],[-79.58366,43.67129],[-79.58357,43.67129],[-79.58348,43.6713],[-79.58339,43.6713],[-79.58331,43.6713],[-79.58322,43.67131],[-79.58313,43.67131],[-79.58305,43.67131],[-79.58296,43.67132],[-79.58287,43.67132],[-79.58279,43.67133],[-79.5827,43.67134],[-79.58261,43.67134],[-79.58252,43.67135],[-79.58244,43.67136],[-79.58235,43.67137],[-79.58227,43.67138],[-79.58218,43.67139],[-79.58209,43.67141],[-79.58201,43.67142],[-79.58192,43.67143],[-79.58184,43.67144],[-79.58175,43.67146],[-79.58167,43.67147],[-79.58158,43.67148],[-79.5815,43.6715],[-79.58141,43.67151],[-79.58133,43.67153],[-79.58124,43.67155],[-79.58116,43.67157],[-79.5808,43.67166],[-79.58044,43.67175],[-79.58007,43.67184],[-79.57971,43.67193],[-79.57935,43.67201],[-79.57899,43.6721],[-79.57862,43.67219],[-79.57824,43.67228],[-79.57796,43.67235],[-79.57717,43.67254],[-79.57707,43.67256],[-79.57697,43.67258],[-79.57687,43.6726],[-79.57677,43.67263],[-79.57667,43.67264],[-79.57657,43.67267],[-79.57647,43.67269],[-79.57638,43.67272],[-79.57628,43.67274],[-79.57618,43.67276],[-79.57589,43.67283],[-79.57579,43.67286],[-79.57569,43.67288],[-79.57558,43.67291],[-79.57522,43.67299],[-79.57484,43.67307],[-79.57448,43.67315],[-79.57411,43.67322],[-79.57382,43.67328],[-79.57373,43.67329],[-79.57358,43.67332],[-79.57356,43.67332],[-79.57338,43.67335],[-79.57266,43.67346],[-79.57249,43.67349],[-79.57231,43.67352],[-79.57213,43.67356],[-79.57195,43.67359],[-79.57177,43.67362],[-79.57144,43.67367],[-79.57139,43.67369],[-79.57111,43.67373],[-79.57078,43.67378],[-79.57045,43.67384],[-79.57012,43.67389],[-79.56988,43.67392],[-79.56979,43.67393],[-79.56946,43.67398],[-79.56933,43.67401],[-79.56919,43.67403],[-79.56905,43.67404],[-79.56892,43.67406],[-79.56878,43.67408],[-79.56876,43.67408],[-79.56865,43.6741],[-79.56851,43.67411],[-79.56837,43.67413],[-79.56823,43.67414],[-79.5681,43.67416],[-79.56796,43.67417],[-79.56782,43.67418],[-79.56778,43.67419],[-79.56777,43.67419],[-79.56769,43.6742],[-79.56755,43.6742],[-79.56741,43.6742],[-79.56728,43.67421],[-79.56714,43.67422],[-79.567,43.67422],[-79.56686,43.67423],[-79.5654,43.67433],[-79.56519,43.67434],[-79.56504,43.67435],[-79.56488,43.67436],[-79.56473,43.67437],[-79.56458,43.67437],[-79.56443,43.67438],[-79.56427,43.67439],[-79.56412,43.67441],[-79.56397,43.67442],[-79.56382,43.67442],[-79.56366,43.67444],[-79.56354,43.67445],[-79.56351,43.67445],[-79.56318,43.67449],[-79.56132,43.6748],[-79.5613,43.6748],[-79.56126,43.67481],[-79.56122,43.67482],[-79.56011,43.67507],[-79.55767,43.67563],[-79.55089,43.67719],[-79.55017,43.67552],[-79.54996,43.67503],[-79.54932,43.6736],[-79.54775,43.67009],[-79.54666,43.66766],[-79.54612,43.66643],[-79.54574,43.66557],[-79.54541,43.66479],[-79.54498,43.66383],[-79.54434,43.6624],[-79.54392,43.66141],[-79.54323,43.65987],[-79.54292,43.65914],[-79.54277,43.65885],[-79.54233,43.65787],[-79.54224,43.65766],[-79.54178,43.65659],[-79.54083,43.65437],[-79.54048,43.65357],[-79.53997,43.65241],[-79.53973,43.65187],[-79.5394,43.65099],[-79.53962,43.65097],[-79.53977,43.65095],[-79.54078,43.65072],[-79.54219,43.65039],[-79.54243,43.65034],[-79.54364,43.65005],[-79.54384,43.65],[-79.54435,43.6499],[-79.54512,43.64971],[-79.54622,43.64946],[-79.54738,43.64919],[-79.54763,43.64913],[-79.54898,43.64882],[-79.55018,43.64853],[-79.5517,43.64819],[-79.55354,43.64775],[-79.55502,43.64742],[-79.55559,43.64729],[-79.55741,43.64686],[-79.55794,43.64673],[-79.55839,43.64664],[-79.55857,43.6466],[-79.56,43.64631],[-79.56114,43.64604],[-79.56159,43.64594],[-79.56168,43.64592],[-79.56291,43.64564],[-79.56315,43.64559],[-79.56313,43.64553],[-79.56268,43.6445],[-79.56225,43.64346],[-79.5621,43.64308],[-79.56175,43.64222],[-79.56116,43.64077],[-79.56114,43.64073],[-79.56079,43.63984],[-79.56064,43.63945],[-79.56057,43.63924],[-79.5605,43.63904],[-79.56043,43.63884],[-79.56035,43.63863],[-79.56028,43.63843],[-79.5602,43.63822],[-79.56012,43.63802],[-79.56004,43.63777],[-79.55999,43.63761],[-79.55998,43.63757],[-79.55997,43.63751],[-79.55994,43.63741],[-79.55992,43.63731],[-79.55989,43.63722],[-79.55986,43.63712],[-79.55984,43.63702],[-79.55981,43.63692],[-79.55978,43.63682],[-79.55975,43.63672],[-79.55972,43.63663],[-79.55968,43.63653],[-79.55965,43.63643],[-79.55962,43.63633],[-79.55959,43.63625],[-79.55958,43.63621],[-79.55953,43.63605],[-79.55948,43.6359],[-79.55944,43.63574],[-79.55939,43.63559],[-79.55934,43.63543],[-79.55929,43.63528],[-79.55924,43.63515],[-79.55924,43.63512],[-79.55918,43.63497],[-79.55913,43.63481],[-79.55908,43.63466],[-79.55902,43.6345],[-79.55897,43.63435],[-79.55891,43.6342],[-79.55886,43.63404],[-79.5588,43.63389],[-79.55874,43.63373],[-79.55868,43.63358],[-79.55862,43.63343],[-79.55857,43.63328],[-79.55852,43.63313],[-79.55848,43.63301],[-79.55844,43.63289],[-79.5584,43.63276],[-79.55836,43.63264],[-79.55832,43.63252],[-79.55828,43.6324],[-79.55824,43.63227],[-79.55819,43.63215],[-79.55816,43.63204],[-79.55815,43.63203],[-79.55811,43.63191],[-79.55806,43.63178],[-79.55802,43.63166],[-79.55797,43.63154],[-79.55792,43.63142],[-79.55787,43.6313],[-79.55783,43.63118],[-79.55778,43.63106],[-79.55772,43.63094],[-79.55767,43.63082],[-79.55762,43.63069],[-79.55757,43.63057],[-79.55749,43.63037],[-79.55741,43.63016],[-79.55733,43.62995],[-79.55725,43.62975],[-79.55717,43.62954],[-79.55709,43.62933],[-79.55701,43.62912],[-79.55693,43.62892],[-79.55684,43.62871],[-79.55679,43.62859],[-79.55677,43.62854],[-79.55698,43.62849],[-79.55713,43.62845],[-79.55726,43.62842],[-79.55728,43.62842],[-79.55734,43.6284],[-79.55744,43.62838],[-79.55759,43.62834],[-79.55775,43.6283],[-79.5579,43.62827],[-79.55806,43.62823],[-79.55822,43.6282],[-79.55837,43.62817],[-79.55853,43.62813],[-79.55868,43.6281],[-79.55884,43.62807],[-79.5589,43.62806],[-79.559,43.62803],[-79.55915,43.628],[-79.55931,43.62797],[-79.55947,43.62794],[-79.55963,43.62791],[-79.55979,43.62788],[-79.55994,43.62785],[-79.5606,43.62773],[-79.561,43.62764],[-79.56238,43.62735],[-79.56376,43.62704]]]}},{"type":"Feature","properties":{"num":4,"name":"Etobicoke Centre"},"geometry":{"type":"Polygon","coordinates":[[[-79.50553,43.66282],[-79.50559,43.66278],[-79.50632,43.6624],[-79.5072,43.66194],[-79.50756,43.66178],[-79.50825,43.6615],[-79.50862,43.66136],[-79.50948,43.66102],[-79.51046,43.66064],[-79.51205,43.66004],[-79.51414,43.65924],[-79.51456,43.65908],[-79.51463,43.65905],[-79.51468,43.65903],[-79.51471,43.65902],[-79.51478,43.65899],[-79.51485,43.65896],[-79.51493,43.65893],[-79.515,43.6589],[-79.51507,43.65887],[-79.51514,43.65884],[-79.51521,43.6588],[-79.51529,43.65877],[-79.51536,43.65874],[-79.51543,43.65871],[-79.5155,43.65867],[-79.51557,43.65864],[-79.51563,43.6586],[-79.5157,43.65857],[-79.51571,43.65856],[-79.51575,43.65854],[-79.51581,43.65852],[-79.51586,43.6585],[-79.51591,43.65848],[-79.51596,43.65845],[-79.51602,43.65843],[-79.51607,43.65841],[-79.51613,43.65839],[-79.51618,43.65837],[-79.51624,43.65835],[-79.51631,43.65832],[-79.51749,43.65788],[-79.51879,43.6545],[-79.51996,43.6514],[-79.52021,43.65069],[-79.52038,43.6504],[-79.52049,43.65023],[-79.52067,43.64994],[-79.52099,43.64955],[-79.52108,43.64945],[-79.5212,43.64933],[-79.52132,43.64921],[-79.52141,43.64912],[-79.52241,43.64828],[-79.52253,43.64836],[-79.52282,43.64858],[-79.52312,43.64876],[-79.52347,43.64889],[-79.52375,43.64909],[-79.52399,43.64933],[-79.52426,43.64954],[-79.5245,43.64978],[-79.52475,43.64999],[-79.52502,43.65018],[-79.52531,43.65036],[-79.52556,43.65054],[-79.52586,43.65069],[-79.52615,43.65079],[-79.5262,43.65081],[-79.52656,43.6509],[-79.5268,43.65094],[-79.52688,43.65096],[-79.52722,43.65098],[-79.52759,43.65097],[-79.52791,43.65097],[-79.52826,43.65103],[-79.52864,43.65111],[-79.529,43.65118],[-79.52935,43.65116],[-79.52966,43.6511],[-79.52999,43.65101],[-79.53034,43.65097],[-79.53074,43.65091],[-79.53085,43.65085],[-79.5309,43.65078],[-79.53096,43.65069],[-79.53098,43.65059],[-79.531,43.65038],[-79.53098,43.65017],[-79.53103,43.6501],[-79.53111,43.65005],[-79.53127,43.65003],[-79.5315,43.65003],[-79.53199,43.65005],[-79.5322,43.6502],[-79.53229,43.65039],[-79.53228,43.65062],[-79.53223,43.65083],[-79.53225,43.65107],[-79.53233,43.65133],[-79.53235,43.65163],[-79.53241,43.65188],[-79.53258,43.65209],[-79.53289,43.65215],[-79.53323,43.65214],[-79.5336,43.65213],[-79.53395,43.65213],[-79.53431,43.65215],[-79.53465,43.65217],[-79.53498,43.65226],[-79.53523,43.65243],[-79.53551,43.65251],[-79.53594,43.65251],[-79.53627,43.65263],[-79.53643,43.65262],[-79.5366,43.65259],[-79.53678,43.65258],[-79.53696,43.65259],[-79.53716,43.65264],[-79.53744,43.6528],[-79.53752,43.65292],[-79.53754,43.65304],[-79.53752,43.65317],[-79.53749,43.6533],[-79.53745,43.65343],[-79.53739,43.65356],[-79.53735,43.65366],[-79.5373,43.65378],[-79.53724,43.6539],[-79.53717,43.654],[-79.53717,43.65422],[-79.53723,43.65431],[-79.53733,43.65441],[-79.53744,43.65449],[-79.53754,43.65458],[-79.53762,43.65469],[-79.53769,43.65479],[-79.53778,43.6549],[-79.53787,43.65499],[-79.538,43.65509],[-79.53817,43.65516],[-79.53834,43.6552],[-79.53854,43.65522],[-79.53871,43.65522],[-79.5389,43.65522],[-79.53907,43.65523],[-79.53923,43.65521],[-79.5394,43.65518],[-79.53958,43.65514],[-79.53976,43.65507],[-79.53991,43.65498],[-79.54005,43.6549],[-79.54016,43.65482],[-79.54022,43.65471],[-79.54022,43.6546],[-79.54018,43.6545],[-79.54011,43.65439],[-79.54003,43.65429],[-79.53995,43.65418],[-79.53984,43.65408],[-79.53975,43.65398],[-79.53968,43.65388],[-79.53965,43.65378],[-79.53966,43.65368],[-79.53976,43.6536],[-79.5399,43.65357],[-79.54002,43.65357],[-79.54013,43.65358],[-79.54023,43.65359],[-79.54034,43.6536],[-79.54046,43.65358],[-79.54048,43.65357],[-79.54083,43.65437],[-79.54178,43.65659],[-79.54224,43.65766],[-79.54233,43.65787],[-79.54277,43.65885],[-79.54292,43.65914],[-79.54323,43.65987],[-79.54392,43.66141],[-79.54434,43.6624],[-79.54498,43.66383],[-79.54541,43.66479],[-79.54574,43.66557],[-79.54612,43.66643],[-79.54666,43.66766],[-79.54775,43.67009],[-79.54932,43.6736],[-79.54996,43.67503],[-79.55017,43.67552],[-79.55089,43.67719],[-79.55767,43.67563],[-79.56011,43.67507],[-79.56122,43.67482],[-79.56126,43.67481],[-79.5613,43.6748],[-79.56132,43.6748],[-79.56318,43.67449],[-79.56351,43.67445],[-79.56354,43.67445],[-79.56366,43.67444],[-79.56382,43.67442],[-79.56397,43.67442],[-79.56412,43.67441],[-79.56427,43.67439],[-79.56443,43.67438],[-79.56458,43.67437],[-79.56473,43.67437],[-79.56488,43.67436],[-79.56504,43.67435],[-79.56519,43.67434],[-79.5654,43.67433],[-79.56686,43.67423],[-79.567,43.67422],[-79.56714,43.67422],[-79.56728,43.67421],[-79.56741,43.6742],[-79.56755,43.6742],[-79.56769,43.6742],[-79.56777,43.67419],[-79.56778,43.67419],[-79.56782,43.67418],[-79.56796,43.67417],[-79.5681,43.67416],[-79.56823,43.67414],[-79.56837,43.67413],[-79.56851,43.67411],[-79.56865,43.6741],[-79.56876,43.67408],[-79.56878,43.67408],[-79.56892,43.67406],[-79.56905,43.67404],[-79.56919,43.67403],[-79.56933,43.67401],[-79.56946,43.67398],[-79.56979,43.67393],[-79.56988,43.67392],[-79.57012,43.67389],[-79.57045,43.67384],[-79.57078,43.67378],[-79.57111,43.67373],[-79.57139,43.67369],[-79.57144,43.67367],[-79.57177,43.67362],[-79.57195,43.67359],[-79.57213,43.67356],[-79.57231,43.67352],[-79.57249,43.67349],[-79.57266,43.67346],[-79.57338,43.67335],[-79.57356,43.67332],[-79.57358,43.67332],[-79.57373,43.67329],[-79.57382,43.67328],[-79.57411,43.67322],[-79.57448,43.67315],[-79.57484,43.67307],[-79.57522,43.67299],[-79.57558,43.67291],[-79.57569,43.67288],[-79.57579,43.67286],[-79.57589,43.67283],[-79.57618,43.67276],[-79.57628,43.67274],[-79.57638,43.67272],[-79.57647,43.67269],[-79.57657,43.67267],[-79.57667,43.67264],[-79.57677,43.67263],[-79.57687,43.6726],[-79.57697,43.67258],[-79.57707,43.67256],[-79.57717,43.67254],[-79.57796,43.67235],[-79.57824,43.67228],[-79.57862,43.67219],[-79.57899,43.6721],[-79.57935,43.67201],[-79.57971,43.67193],[-79.58007,43.67184],[-79.58044,43.67175],[-79.5808,43.67166],[-79.58116,43.67157],[-79.58124,43.67155],[-79.58133,43.67153],[-79.58141,43.67151],[-79.5815,43.6715],[-79.58158,43.67148],[-79.58167,43.67147],[-79.58175,43.67146],[-79.58184,43.67144],[-79.58192,43.67143],[-79.58201,43.67142],[-79.58209,43.67141],[-79.58218,43.67139],[-79.58227,43.67138],[-79.58235,43.67137],[-79.58244,43.67136],[-79.58252,43.67135],[-79.58261,43.67134],[-79.5827,43.67134],[-79.58279,43.67133],[-79.58287,43.67132],[-79.58296,43.67132],[-79.58305,43.67131],[-79.58313,43.67131],[-79.58322,43.67131],[-79.58331,43.6713],[-79.58339,43.6713],[-79.58348,43.6713],[-79.58357,43.67129],[-79.58366,43.67129],[-79.58375,43.67129],[-79.58378,43.67128],[-79.58385,43.67129],[-79.58395,43.67128],[-79.58404,43.67128],[-79.58414,43.67127],[-79.58424,43.67127],[-79.58433,43.67126],[-79.58439,43.67126],[-79.58435,43.67127],[-79.58426,43.67131],[-79.58417,43.67135],[-79.58408,43.67139],[-79.58398,43.67143],[-79.58389,43.67147],[-79.5838,43.67151],[-79.58371,43.67155],[-79.58363,43.67159],[-79.58353,43.67163],[-79.58344,43.67168],[-79.58336,43.67172],[-79.58327,43.67177],[-79.58318,43.67181],[-79.58309,43.67186],[-79.58301,43.6719],[-79.58292,43.67195],[-79.58285,43.67198],[-79.58284,43.67199],[-79.58275,43.67204],[-79.58267,43.67208],[-79.58258,43.67213],[-79.5825,43.67218],[-79.58249,43.67218],[-79.58242,43.67223],[-79.58234,43.67227],[-79.58225,43.67232],[-79.58218,43.67237],[-79.58217,43.67237],[-79.58209,43.67242],[-79.58201,43.67247],[-79.58193,43.67253],[-79.58185,43.67258],[-79.58177,43.67263],[-79.5817,43.67268],[-79.58162,43.67273],[-79.58154,43.67278],[-79.58146,43.67284],[-79.58139,43.67289],[-79.58132,43.67294],[-79.58125,43.67299],[-79.58118,43.67304],[-79.58111,43.67309],[-79.58104,43.67314],[-79.58097,43.67319],[-79.5809,43.67324],[-79.58084,43.67329],[-79.58077,43.67335],[-79.5807,43.6734],[-79.58064,43.67345],[-79.58057,43.6735],[-79.58051,43.67356],[-79.58044,43.67361],[-79.58038,43.67367],[-79.58032,43.67372],[-79.58025,43.67378],[-79.58019,43.67383],[-79.58013,43.67389],[-79.58007,43.67395],[-79.58001,43.674],[-79.57995,43.67406],[-79.57989,43.67412],[-79.57983,43.67418],[-79.57978,43.67423],[-79.57972,43.67429],[-79.57966,43.67435],[-79.57961,43.67441],[-79.57955,43.67447],[-79.5795,43.67453],[-79.57945,43.67459],[-79.57938,43.67468],[-79.57929,43.67477],[-79.57925,43.67481],[-79.57921,43.67484],[-79.57917,43.67488],[-79.57914,43.67492],[-79.5791,43.67496],[-79.57907,43.675],[-79.57903,43.67504],[-79.579,43.67508],[-79.57896,43.67512],[-79.57893,43.67516],[-79.5789,43.6752],[-79.57887,43.67523],[-79.57884,43.67527],[-79.57881,43.67532],[-79.57878,43.67536],[-79.57875,43.6754],[-79.57872,43.67545],[-79.57869,43.67549],[-79.57867,43.67553],[-79.57864,43.67557],[-79.5786,43.67562],[-79.57857,43.67567],[-79.57853,43.67572],[-79.57849,43.67577],[-79.57846,43.67582],[-79.57842,43.67587],[-79.57839,43.67592],[-79.57836,43.67597],[-79.57832,43.67603],[-79.57829,43.67608],[-79.57826,43.67613],[-79.57823,43.67618],[-79.5782,43.67624],[-79.57817,43.67629],[-79.57814,43.67634],[-79.57812,43.6764],[-79.57809,43.67645],[-79.57806,43.6765],[-79.57804,43.67658],[-79.57801,43.67662],[-79.57799,43.67665],[-79.57797,43.67669],[-79.57773,43.67715],[-79.57761,43.67736],[-79.57673,43.67901],[-79.57652,43.67942],[-79.57611,43.68021],[-79.57528,43.68179],[-79.57514,43.68206],[-79.57442,43.68352],[-79.5744,43.68356],[-79.57373,43.68473],[-79.57294,43.68605],[-79.57215,43.68733],[-79.57183,43.68789],[-79.57085,43.68959],[-79.5708,43.68969],[-79.57075,43.68979],[-79.5707,43.68988],[-79.57064,43.68998],[-79.57059,43.69008],[-79.57054,43.69018],[-79.57048,43.69028],[-79.57043,43.69037],[-79.57039,43.69045],[-79.57037,43.69047],[-79.57034,43.69053],[-79.57032,43.69057],[-79.57026,43.69067],[-79.5702,43.69076],[-79.57014,43.69086],[-79.57008,43.69096],[-79.57002,43.69105],[-79.56996,43.69115],[-79.5699,43.69124],[-79.56983,43.69134],[-79.56977,43.69144],[-79.56971,43.69153],[-79.56964,43.69163],[-79.56958,43.69172],[-79.56951,43.69182],[-79.56946,43.69188],[-79.56901,43.69197],[-79.56881,43.69202],[-79.56773,43.69224],[-79.56753,43.69228],[-79.56721,43.69235],[-79.56689,43.69242],[-79.56657,43.69249],[-79.56625,43.69255],[-79.56616,43.69257],[-79.56401,43.69304],[-79.56293,43.69331],[-79.56252,43.69341],[-79.56173,43.69358],[-79.55865,43.69426],[-79.55792,43.69443],[-79.55529,43.69505],[-79.55406,43.69535],[-79.55216,43.69581],[-79.55034,43.69622],[-79.54964,43.6964],[-79.54876,43.69663],[-79.54764,43.69688],[-79.54673,43.69706],[-79.54516,43.69744],[-79.54417,43.69763],[-79.54341,43.6978],[-79.54285,43.69793],[-79.5416,43.69822],[-79.53989,43.69858],[-79.53725,43.69917],[-79.53427,43.69983],[-79.53376,43.69861],[-79.53274,43.69617],[-79.53237,43.69532],[-79.53191,43.6943],[-79.53163,43.69367],[-79.53141,43.69315],[-79.53086,43.69188],[-79.53036,43.69076],[-79.53018,43.69041],[-79.52928,43.68836],[-79.52894,43.68759],[-79.52817,43.68588],[-79.52742,43.68417],[-79.52425,43.68487],[-79.51999,43.68582],[-79.51957,43.68591],[-79.51763,43.68636],[-79.51728,43.68644],[-79.51701,43.68647],[-79.51689,43.68647],[-79.51655,43.68648],[-79.51573,43.68655],[-79.51467,43.68665],[-79.51417,43.6867],[-79.51344,43.68681],[-79.51315,43.68686],[-79.51142,43.68711],[-79.51127,43.68681],[-79.51111,43.68647],[-79.51098,43.68609],[-79.51088,43.68571],[-79.51087,43.68567],[-79.51077,43.68534],[-79.51065,43.68499],[-79.51048,43.68467],[-79.51037,43.68446],[-79.51029,43.68428],[-79.51024,43.68414],[-79.51012,43.68383],[-79.51001,43.68353],[-79.50978,43.68323],[-79.50954,43.68292],[-79.50925,43.68264],[-79.50889,43.68245],[-79.50845,43.68238],[-79.50842,43.68238],[-79.50795,43.68241],[-79.50745,43.68244],[-79.50692,43.68241],[-79.50641,43.68235],[-79.50597,43.68224],[-79.50571,43.68197],[-79.50564,43.68166],[-79.50555,43.6813],[-79.50547,43.68093],[-79.50553,43.68058],[-79.50577,43.68025],[-79.50612,43.68002],[-79.50656,43.67985],[-79.50694,43.67961],[-79.50717,43.67936],[-79.50725,43.67928],[-79.50744,43.67892],[-79.50746,43.67888],[-79.50769,43.67846],[-79.5079,43.67805],[-79.50808,43.67761],[-79.50828,43.67717],[-79.50852,43.67676],[-79.50884,43.6764],[-79.50925,43.67605],[-79.5097,43.67578],[-79.50986,43.6757],[-79.51022,43.67552],[-79.51073,43.67524],[-79.51122,43.67498],[-79.51166,43.67466],[-79.51205,43.67433],[-79.5123,43.67395],[-79.51242,43.67359],[-79.51244,43.67353],[-79.51243,43.67307],[-79.51236,43.67259],[-79.51225,43.67213],[-79.51209,43.67169],[-79.51197,43.67124],[-79.51187,43.6708],[-79.51185,43.67062],[-79.51181,43.67035],[-79.51174,43.6699],[-79.51164,43.66949],[-79.51151,43.66913],[-79.51149,43.66907],[-79.51135,43.66867],[-79.51128,43.66829],[-79.51146,43.66791],[-79.51179,43.6676],[-79.51217,43.66737],[-79.51253,43.66715],[-79.5128,43.66687],[-79.51299,43.66656],[-79.51308,43.66618],[-79.51308,43.66577],[-79.51305,43.66535],[-79.51296,43.66495],[-79.51287,43.66453],[-79.51281,43.66412],[-79.5127,43.66372],[-79.51259,43.66333],[-79.51241,43.66293],[-79.51222,43.66264],[-79.51213,43.66258],[-79.51202,43.6625],[-79.51199,43.66248],[-79.51196,43.66246],[-79.51184,43.6624],[-79.51169,43.66232],[-79.51154,43.66223],[-79.5115,43.66221],[-79.51131,43.66213],[-79.51109,43.66208],[-79.51098,43.66206],[-79.51058,43.66198],[-79.51025,43.66195],[-79.50979,43.66201],[-79.50929,43.66213],[-79.50885,43.66233],[-79.50838,43.66249],[-79.50794,43.66263],[-79.5075,43.6628],[-79.50709,43.66292],[-79.5066,43.66303],[-79.50617,43.66302],[-79.50577,43.66292],[-79.50553,43.66282]]]}},{"type":"Feature","properties":{"num":5,"name":"Etobicoke-Lakeshore"},"geometry":{"type":"Polygon","coordinates":[[[-79.55979,43.60506],[-79.55984,43.60508],[-79.56002,43.6052],[-79.56013,43.60524],[-79.56022,43.6053],[-79.56046,43.60547],[-79.56061,43.60553],[-79.56083,43.60562],[-79.56104,43.60569],[-79.56108,43.60571],[-79.56124,43.60577],[-79.56145,43.60585],[-79.5617,43.60596],[-79.56187,43.60606],[-79.56203,43.60622],[-79.56214,43.60638],[-79.56227,43.60651],[-79.56243,43.60663],[-79.56252,43.60668],[-79.56264,43.60673],[-79.56291,43.6068],[-79.56316,43.60685],[-79.56343,43.60688],[-79.5637,43.60692],[-79.56395,43.60696],[-79.56409,43.60698],[-79.56423,43.607],[-79.56448,43.60705],[-79.56471,43.60712],[-79.56488,43.60723],[-79.56491,43.60736],[-79.56486,43.60752],[-79.56474,43.60765],[-79.56464,43.60781],[-79.56461,43.60796],[-79.56464,43.60812],[-79.56467,43.60826],[-79.56481,43.60839],[-79.56505,43.60848],[-79.56534,43.60858],[-79.56555,43.60865],[-79.56566,43.60868],[-79.56579,43.60867],[-79.56592,43.60865],[-79.5662,43.6086],[-79.56641,43.60861],[-79.56665,43.60869],[-79.56685,43.60882],[-79.567,43.60896],[-79.56709,43.60912],[-79.56718,43.60929],[-79.56725,43.60944],[-79.56728,43.60961],[-79.56728,43.60966],[-79.56729,43.60978],[-79.5673,43.60993],[-79.56734,43.6101],[-79.56734,43.61023],[-79.5673,43.6104],[-79.56723,43.61058],[-79.56717,43.61068],[-79.56708,43.61075],[-79.56696,43.6108],[-79.56686,43.61081],[-79.56665,43.61084],[-79.56656,43.61089],[-79.56635,43.61097],[-79.56615,43.61108],[-79.56598,43.61122],[-79.56579,43.61134],[-79.56574,43.61137],[-79.56563,43.61146],[-79.56545,43.61163],[-79.56529,43.61177],[-79.56511,43.61187],[-79.56489,43.61198],[-79.56467,43.61206],[-79.56445,43.61216],[-79.56422,43.61225],[-79.56406,43.61239],[-79.56395,43.61254],[-79.56397,43.61269],[-79.56403,43.61284],[-79.56409,43.61299],[-79.5642,43.61312],[-79.56438,43.61325],[-79.56461,43.61333],[-79.56487,43.61339],[-79.56512,43.61343],[-79.56536,43.61343],[-79.56559,43.61341],[-79.56581,43.61339],[-79.56606,43.61338],[-79.56631,43.6134],[-79.56654,43.61344],[-79.56678,43.61351],[-79.567,43.61358],[-79.56726,43.61364],[-79.56751,43.61371],[-79.56772,43.61379],[-79.56789,43.6139],[-79.56796,43.61395],[-79.56804,43.61401],[-79.56819,43.61413],[-79.5683,43.61423],[-79.56836,43.61438],[-79.56834,43.61451],[-79.56828,43.61468],[-79.56823,43.61482],[-79.56822,43.61497],[-79.56819,43.61511],[-79.56813,43.61527],[-79.56808,43.61542],[-79.568,43.61558],[-79.56795,43.61572],[-79.56791,43.61588],[-79.56786,43.61603],[-79.56783,43.6162],[-79.56782,43.61634],[-79.56783,43.6165],[-79.56786,43.61663],[-79.56785,43.61679],[-79.56772,43.61693],[-79.56755,43.61705],[-79.56734,43.61713],[-79.56715,43.6172],[-79.56697,43.6173],[-79.56683,43.61742],[-79.5667,43.61755],[-79.56662,43.61768],[-79.56655,43.61783],[-79.56651,43.61796],[-79.56657,43.61811],[-79.56662,43.61826],[-79.56669,43.61842],[-79.56674,43.61857],[-79.56678,43.61873],[-79.56683,43.61888],[-79.56679,43.61902],[-79.56674,43.61917],[-79.56672,43.61933],[-79.56672,43.6195],[-79.56674,43.61965],[-79.56674,43.61981],[-79.56675,43.61994],[-79.56677,43.62008],[-79.56681,43.62019],[-79.56683,43.6203],[-79.56683,43.62032],[-79.56684,43.62034],[-79.56688,43.62042],[-79.56693,43.62056],[-79.56691,43.62072],[-79.56682,43.62088],[-79.56665,43.621],[-79.56645,43.6211],[-79.56622,43.62118],[-79.566,43.62127],[-79.56581,43.62137],[-79.56566,43.62149],[-79.56558,43.62164],[-79.56555,43.62179],[-79.56559,43.62193],[-79.56566,43.62208],[-79.56575,43.62223],[-79.56584,43.62237],[-79.56591,43.62253],[-79.5659,43.62269],[-79.56587,43.62286],[-79.5658,43.62303],[-79.56577,43.62321],[-79.56576,43.62339],[-79.56572,43.62357],[-79.56568,43.62375],[-79.56565,43.6239],[-79.56561,43.62405],[-79.56554,43.62422],[-79.56543,43.62438],[-79.56527,43.62452],[-79.56509,43.62459],[-79.56488,43.62459],[-79.56468,43.62452],[-79.56446,43.62445],[-79.56426,43.6244],[-79.56409,43.62443],[-79.56394,43.62451],[-79.56381,43.62464],[-79.5637,43.62476],[-79.56361,43.6249],[-79.56357,43.62504],[-79.56356,43.62519],[-79.56361,43.62566],[-79.56358,43.62577],[-79.56354,43.6259],[-79.5635,43.62603],[-79.56348,43.62612],[-79.56345,43.62617],[-79.56344,43.62632],[-79.56346,43.62645],[-79.56351,43.62656],[-79.56357,43.62669],[-79.56362,43.6268],[-79.56369,43.62692],[-79.56373,43.62699],[-79.56376,43.62704],[-79.56238,43.62735],[-79.561,43.62764],[-79.5606,43.62773],[-79.55994,43.62785],[-79.55979,43.62788],[-79.55963,43.62791],[-79.55947,43.62794],[-79.55931,43.62797],[-79.55915,43.628],[-79.559,43.62803],[-79.5589,43.62806],[-79.55884,43.62807],[-79.55868,43.6281],[-79.55853,43.62813],[-79.55837,43.62817],[-79.55822,43.6282],[-79.55806,43.62823],[-79.5579,43.62827],[-79.55775,43.6283],[-79.55759,43.62834],[-79.55744,43.62838],[-79.55734,43.6284],[-79.55728,43.62842],[-79.55726,43.62842],[-79.55713,43.62845],[-79.55698,43.62849],[-79.55677,43.62854],[-79.55679,43.62859],[-79.55684,43.62871],[-79.55693,43.62892],[-79.55701,43.62912],[-79.55709,43.62933],[-79.55717,43.62954],[-79.55725,43.62975],[-79.55733,43.62995],[-79.55741,43.63016],[-79.55749,43.63037],[-79.55757,43.63057],[-79.55762,43.63069],[-79.55767,43.63082],[-79.55772,43.63094],[-79.55778,43.63106],[-79.55783,43.63118],[-79.55787,43.6313],[-79.55792,43.63142],[-79.55797,43.63154],[-79.55802,43.63166],[-79.55806,43.63178],[-79.55811,43.63191],[-79.55815,43.63203],[-79.55816,43.63204],[-79.55819,43.63215],[-79.55824,43.63227],[-79.55828,43.6324],[-79.55832,43.63252],[-79.55836,43.63264],[-79.5584,43.63276],[-79.55844,43.63289],[-79.55848,43.63301],[-79.55852,43.63313],[-79.55857,43.63328],[-79.55862,43.63343],[-79.55868,43.63358],[-79.55874,43.63373],[-79.5588,43.63389],[-79.55886,43.63404],[-79.55891,43.6342],[-79.55897,43.63435],[-79.55902,43.6345],[-79.55908,43.63466],[-79.55913,43.63481],[-79.55918,43.63497],[-79.55924,43.63512],[-79.55924,43.63515],[-79.55929,43.63528],[-79.55934,43.63543],[-79.55939,43.63559],[-79.55944,43.63574],[-79.55948,43.6359],[-79.55953,43.63605],[-79.55958,43.63621],[-79.55959,43.63625],[-79.55962,43.63633],[-79.55965,43.63643],[-79.55968,43.63653],[-79.55972,43.63663],[-79.55975,43.63672],[-79.55978,43.63682],[-79.55981,43.63692],[-79.55984,43.63702],[-79.55986,43.63712],[-79.55989,43.63722],[-79.55992,43.63731],[-79.55994,43.63741],[-79.55997,43.63751],[-79.55998,43.63757],[-79.55999,43.63761],[-79.56004,43.63777],[-79.56012,43.63802],[-79.5602,43.63822],[-79.56028,43.63843],[-79.56035,43.63863],[-79.56043,43.63884],[-79.5605,43.63904],[-79.56057,43.63924],[-79.56064,43.63945],[-79.56079,43.63984],[-79.56114,43.64073],[-79.56116,43.64077],[-79.56175,43.64222],[-79.5621,43.64308],[-79.56225,43.64346],[-79.56268,43.6445],[-79.56313,43.64553],[-79.56315,43.64559],[-79.56291,43.64564],[-79.56168,43.64592],[-79.56159,43.64594],[-79.56114,43.64604],[-79.56,43.64631],[-79.55857,43.6466],[-79.55839,43.64664],[-79.55794,43.64673],[-79.55741,43.64686],[-79.55559,43.64729],[-79.55502,43.64742],[-79.55354,43.64775],[-79.5517,43.64819],[-79.55018,43.64853],[-79.54898,43.64882],[-79.54763,43.64913],[-79.54738,43.64919],[-79.54622,43.64946],[-79.54512,43.64971],[-79.54435,43.6499],[-79.54384,43.65],[-79.54364,43.65005],[-79.54243,43.65034],[-79.54219,43.65039],[-79.54078,43.65072],[-79.53977,43.65095],[-79.53962,43.65097],[-79.5394,43.65099],[-79.53973,43.65187],[-79.53997,43.65241],[-79.54048,43.65357],[-79.54046,43.65358],[-79.54034,43.6536],[-79.54023,43.65359],[-79.54013,43.65358],[-79.54002,43.65357],[-79.5399,43.65357],[-79.53976,43.6536],[-79.53966,43.65368],[-79.53965,43.65378],[-79.53968,43.65388],[-79.53975,43.65398],[-79.53984,43.65408],[-79.53995,43.65418],[-79.54003,43.65429],[-79.54011,43.65439],[-79.54018,43.6545],[-79.54022,43.6546],[-79.54022,43.65471],[-79.54016,43.65482],[-79.54005,43.6549],[-79.53991,43.65498],[-79.53976,43.65507],[-79.53958,43.65514],[-79.5394,43.65518],[-79.53923,43.65521],[-79.53907,43.65523],[-79.5389,43.65522],[-79.53871,43.65522],[-79.53854,43.65522],[-79.53834,43.6552],[-79.53817,43.65516],[-79.538,43.65509],[-79.53787,43.65499],[-79.53778,43.6549],[-79.53769,43.65479],[-79.53762,43.65469],[-79.53754,43.65458],[-79.53744,43.65449],[-79.53733,43.65441],[-79.53723,43.65431],[-79.53717,43.65422],[-79.53717,43.654],[-79.53724,43.6539],[-79.5373,43.65378],[-79.53735,43.65366],[-79.53739,43.65356],[-79.53745,43.65343],[-79.53749,43.6533],[-79.53752,43.65317],[-79.53754,43.65304],[-79.53752,43.65292],[-79.53744,43.6528],[-79.53716,43.65264],[-79.53696,43.65259],[-79.53678,43.65258],[-79.5366,43.65259],[-79.53643,43.65262],[-79.53627,43.65263],[-79.53594,43.65251],[-79.53551,43.65251],[-79.53523,43.65243],[-79.53498,43.65226],[-79.53465,43.65217],[-79.53431,43.65215],[-79.53395,43.65213],[-79.5336,43.65213],[-79.53323,43.65214],[-79.53289,43.65215],[-79.53258,43.65209],[-79.53241,43.65188],[-79.53235,43.65163],[-79.53233,43.65133],[-79.53225,43.65107],[-79.53223,43.65083],[-79.53228,43.65062],[-79.53229,43.65039],[-79.5322,43.6502],[-79.53199,43.65005],[-79.5315,43.65003],[-79.53127,43.65003],[-79.53111,43.65005],[-79.53103,43.6501],[-79.53098,43.65017],[-79.531,43.65038],[-79.53098,43.65059],[-79.53096,43.65069],[-79.5309,43.65078],[-79.53085,43.65085],[-79.53074,43.65091],[-79.53034,43.65097],[-79.52999,43.65101],[-79.52966,43.6511],[-79.52935,43.65116],[-79.529,43.65118],[-79.52864,43.65111],[-79.52826,43.65103],[-79.52791,43.65097],[-79.52759,43.65097],[-79.52722,43.65098],[-79.52688,43.65096],[-79.5268,43.65094],[-79.52656,43.6509],[-79.5262,43.65081],[-79.52615,43.65079],[-79.52586,43.65069],[-79.52556,43.65054],[-79.52531,43.65036],[-79.52502,43.65018],[-79.52475,43.64999],[-79.5245,43.64978],[-79.52426,43.64954],[-79.52399,43.64933],[-79.52375,43.64909],[-79.52347,43.64889],[-79.52312,43.64876],[-79.52282,43.64858],[-79.52253,43.64836],[-79.52241,43.64828],[-79.52141,43.64912],[-79.52132,43.64921],[-79.5212,43.64933],[-79.52108,43.64945],[-79.52099,43.64955],[-79.52067,43.64994],[-79.52049,43.65023],[-79.52038,43.6504],[-79.52021,43.65069],[-79.51996,43.6514],[-79.51879,43.6545],[-79.51749,43.65788],[-79.51631,43.65832],[-79.51624,43.65835],[-79.51618,43.65837],[-79.51613,43.65839],[-79.51607,43.65841],[-79.51602,43.65843],[-79.51596,43.65845],[-79.51591,43.65848],[-79.51586,43.6585],[-79.51581,43.65852],[-79.51575,43.65854],[-79.51571,43.65856],[-79.5157,43.65857],[-79.51563,43.6586],[-79.51557,43.65864],[-79.5155,43.65867],[-79.51543,43.65871],[-79.51536,43.65874],[-79.51529,43.65877],[-79.51521,43.6588],[-79.51514,43.65884],[-79.51507,43.65887],[-79.515,43.6589],[-79.51493,43.65893],[-79.51485,43.65896],[-79.51478,43.65899],[-79.51471,43.65902],[-79.51468,43.65903],[-79.51463,43.65905],[-79.51456,43.65908],[-79.51414,43.65924],[-79.51205,43.66004],[-79.51046,43.66064],[-79.50948,43.66102],[-79.50862,43.66136],[-79.50825,43.6615],[-79.50756,43.66178],[-79.5072,43.66194],[-79.50632,43.6624],[-79.50559,43.66278],[-79.50553,43.66282],[-79.50541,43.66276],[-79.50515,43.66256],[-79.50486,43.66235],[-79.50447,43.66215],[-79.50421,43.66201],[-79.5041,43.66196],[-79.50376,43.66171],[-79.50345,43.66142],[-79.50309,43.66113],[-79.5027,43.66086],[-79.50246,43.66069],[-79.50229,43.66057],[-79.50192,43.66029],[-79.50148,43.66001],[-79.50142,43.65998],[-79.50106,43.65978],[-79.50061,43.65957],[-79.50015,43.65936],[-79.49978,43.65905],[-79.49952,43.6587],[-79.49944,43.65832],[-79.49947,43.65821],[-79.49953,43.65792],[-79.49956,43.65787],[-79.49974,43.65754],[-79.50003,43.65718],[-79.50041,43.65688],[-79.50082,43.65664],[-79.50124,43.65637],[-79.50161,43.65609],[-79.50194,43.6558],[-79.50226,43.65548],[-79.50251,43.65515],[-79.50264,43.65492],[-79.50269,43.65481],[-79.5028,43.65446],[-79.50286,43.65406],[-79.50287,43.65364],[-79.50278,43.65323],[-79.50249,43.65289],[-79.50207,43.6526],[-79.50153,43.65241],[-79.50095,43.65228],[-79.50034,43.65218],[-79.49972,43.65215],[-79.49908,43.65213],[-79.49847,43.65207],[-79.49786,43.652],[-79.49777,43.65199],[-79.49726,43.65198],[-79.49665,43.65199],[-79.49638,43.65202],[-79.49603,43.65207],[-79.49545,43.65211],[-79.49484,43.65221],[-79.49427,43.6523],[-79.49365,43.65232],[-79.49306,43.65227],[-79.49248,43.65213],[-79.49196,43.65192],[-79.4915,43.65164],[-79.49136,43.65144],[-79.49124,43.65127],[-79.49109,43.65088],[-79.49097,43.65055],[-79.49094,43.65046],[-79.49088,43.65006],[-79.49103,43.64969],[-79.49129,43.6494],[-79.49154,43.64907],[-79.49178,43.64872],[-79.49197,43.64848],[-79.49204,43.6484],[-79.49227,43.64811],[-79.49242,43.64787],[-79.49262,43.64745],[-79.49277,43.64713],[-79.4928,43.64692],[-79.49282,43.64674],[-79.49281,43.64647],[-79.49279,43.64622],[-79.49271,43.64591],[-79.49267,43.64584],[-79.49255,43.64569],[-79.49252,43.64563],[-79.49244,43.64554],[-79.49236,43.64548],[-79.49221,43.64536],[-79.492,43.6452],[-79.49189,43.6451],[-79.49174,43.64496],[-79.49155,43.64472],[-79.49144,43.64456],[-79.49136,43.64443],[-79.4912,43.64421],[-79.49099,43.64384],[-79.49079,43.64348],[-79.49059,43.64309],[-79.49046,43.6427],[-79.49036,43.6424],[-79.49023,43.64207],[-79.4902,43.64201],[-79.4901,43.64185],[-79.48997,43.64165],[-79.48991,43.64156],[-79.4898,43.64147],[-79.48966,43.64137],[-79.48944,43.64124],[-79.48929,43.64121],[-79.48911,43.64122],[-79.489,43.64125],[-79.48821,43.64153],[-79.48795,43.64165],[-79.48751,43.64182],[-79.4871,43.64194],[-79.48667,43.64204],[-79.48635,43.64208],[-79.48598,43.64212],[-79.48571,43.64212],[-79.48544,43.6421],[-79.48522,43.64204],[-79.48507,43.64193],[-79.48499,43.64175],[-79.485,43.64158],[-79.48501,43.6414],[-79.48501,43.64124],[-79.48503,43.64088],[-79.48507,43.64063],[-79.48512,43.64029],[-79.48511,43.64007],[-79.48513,43.63965],[-79.4851,43.63912],[-79.48505,43.63883],[-79.48492,43.63859],[-79.48484,43.63849],[-79.48474,43.63842],[-79.48468,43.63838],[-79.48454,43.6383],[-79.4844,43.63823],[-79.48425,43.63816],[-79.48406,43.6381],[-79.48386,43.63806],[-79.48362,43.63805],[-79.48338,43.63803],[-79.48325,43.63802],[-79.48301,43.63801],[-79.48248,43.63798],[-79.48233,43.63798],[-79.48189,43.638],[-79.4814,43.63804],[-79.48086,43.6381],[-79.4804,43.63812],[-79.47985,43.63815],[-79.47936,43.63814],[-79.47885,43.63813],[-79.47846,43.63808],[-79.47812,43.638],[-79.47784,43.63788],[-79.4775,43.63774],[-79.4773,43.63754],[-79.47722,43.63742],[-79.47709,43.63722],[-79.47698,43.637],[-79.47687,43.63676],[-79.47683,43.63645],[-79.47674,43.63628],[-79.47672,43.63624],[-79.47653,43.63598],[-79.47634,43.63565],[-79.47625,43.63549],[-79.47618,43.63536],[-79.47601,43.63505],[-79.47584,43.63477],[-79.4757,43.63445],[-79.4755,43.63412],[-79.47513,43.63387],[-79.47436,43.63349],[-79.47425,43.63345],[-79.47396,43.6333],[-79.47382,43.63325],[-79.47408,43.63311],[-79.47464,43.63279],[-79.4747,43.63275],[-79.47477,43.63271],[-79.47483,43.63267],[-79.47489,43.63264],[-79.47495,43.6326],[-79.47502,43.63256],[-79.47508,43.63252],[-79.47514,43.63248],[-79.4752,43.63244],[-79.47526,43.6324],[-79.47532,43.63236],[-79.47537,43.63232],[-79.47543,43.63228],[-79.47549,43.63224],[-79.47555,43.6322],[-79.4756,43.63215],[-79.47566,43.63211],[-79.47571,43.63207],[-79.47577,43.63202],[-79.47582,43.63198],[-79.47651,43.63143],[-79.47689,43.63113],[-79.47803,43.63019],[-79.4802,43.62852],[-79.48026,43.62847],[-79.48033,43.62843],[-79.4804,43.62838],[-79.48046,43.62834],[-79.48048,43.62834],[-79.48055,43.62829],[-79.48062,43.62825],[-79.48069,43.6282],[-79.48076,43.62816],[-79.48084,43.62812],[-79.48091,43.62808],[-79.48098,43.62804],[-79.48106,43.628],[-79.48114,43.62796],[-79.48121,43.62792],[-79.48126,43.6279],[-79.48132,43.62787],[-79.48138,43.62784],[-79.48144,43.62781],[-79.48151,43.62779],[-79.48157,43.62776],[-79.48164,43.62773],[-79.4817,43.6277],[-79.48177,43.62768],[-79.48183,43.62765],[-79.4819,43.62762],[-79.48196,43.6276],[-79.48203,43.62758],[-79.4821,43.62755],[-79.48216,43.62753],[-79.48223,43.62751],[-79.4823,43.62749],[-79.48237,43.62746],[-79.48244,43.62744],[-79.48251,43.62742],[-79.48258,43.6274],[-79.48678,43.62638],[-79.48683,43.62637],[-79.48871,43.62591],[-79.49319,43.62482],[-79.49453,43.6245],[-79.50102,43.62295],[-79.50109,43.62294],[-79.50229,43.62269],[-79.50508,43.6221],[-79.50849,43.62142],[-79.51065,43.62099],[-79.51313,43.6205],[-79.51317,43.6205],[-79.51506,43.62013],[-79.5167,43.61979],[-79.52047,43.61906],[-79.52203,43.61875],[-79.52578,43.61802],[-79.52831,43.61755],[-79.53025,43.61716],[-79.5305,43.61712],[-79.53067,43.61708],[-79.53281,43.61667],[-79.53338,43.61656],[-79.53516,43.6162],[-79.53538,43.61616],[-79.53554,43.61612],[-79.53574,43.61609],[-79.53594,43.61605],[-79.53614,43.61601],[-79.53641,43.61596],[-79.53657,43.61592],[-79.53677,43.61588],[-79.53695,43.61584],[-79.53715,43.61579],[-79.53732,43.61576],[-79.5375,43.61572],[-79.5377,43.61568],[-79.5379,43.61564],[-79.53809,43.61561],[-79.53829,43.61558],[-79.53849,43.61554],[-79.53869,43.6155],[-79.53888,43.61547],[-79.53908,43.61544],[-79.53928,43.61541],[-79.53948,43.61538],[-79.53968,43.61534],[-79.53988,43.61531],[-79.54007,43.61528],[-79.54027,43.61526],[-79.54047,43.61522],[-79.54067,43.6152],[-79.54082,43.61518],[-79.54093,43.61517],[-79.54108,43.61514],[-79.54118,43.61513],[-79.54119,43.61513],[-79.54128,43.61512],[-79.54139,43.6151],[-79.54149,43.61509],[-79.5416,43.61507],[-79.5417,43.61506],[-79.54181,43.61505],[-79.54191,43.61503],[-79.54201,43.61502],[-79.54212,43.61501],[-79.54222,43.615],[-79.54241,43.61498],[-79.5426,43.61496],[-79.54278,43.61494],[-79.54297,43.61492],[-79.54316,43.61489],[-79.54334,43.61487],[-79.54353,43.61484],[-79.54371,43.61482],[-79.5439,43.6148],[-79.54409,43.61477],[-79.54421,43.61476],[-79.54433,43.61475],[-79.54446,43.61473],[-79.54458,43.61472],[-79.5447,43.6147],[-79.54483,43.61469],[-79.54495,43.61468],[-79.54507,43.61466],[-79.54519,43.61465],[-79.54523,43.61464],[-79.54532,43.61463],[-79.54544,43.61461],[-79.54556,43.61459],[-79.54568,43.61457],[-79.5458,43.61456],[-79.54593,43.61453],[-79.54605,43.61452],[-79.54617,43.61449],[-79.54629,43.61447],[-79.54641,43.61445],[-79.54653,43.61443],[-79.54661,43.61441],[-79.54669,43.6144],[-79.54676,43.61439],[-79.54684,43.61437],[-79.54692,43.61436],[-79.54699,43.61434],[-79.54707,43.61433],[-79.54714,43.61431],[-79.54722,43.61429],[-79.54729,43.61428],[-79.54737,43.61426],[-79.54744,43.61424],[-79.54752,43.61422],[-79.54759,43.6142],[-79.54767,43.61418],[-79.54774,43.61416],[-79.54781,43.61414],[-79.54789,43.61411],[-79.54796,43.61409],[-79.54803,43.61407],[-79.5481,43.61405],[-79.54818,43.61402],[-79.54825,43.614],[-79.54832,43.61397],[-79.54839,43.61395],[-79.54847,43.61392],[-79.54855,43.6139],[-79.54863,43.61387],[-79.54871,43.61384],[-79.54875,43.61383],[-79.54879,43.61382],[-79.54887,43.61379],[-79.54888,43.61378],[-79.54893,43.61376],[-79.54901,43.61373],[-79.54902,43.61373],[-79.5491,43.6137],[-79.54918,43.61367],[-79.54925,43.61364],[-79.54933,43.61361],[-79.5494,43.61358],[-79.54943,43.61357],[-79.5495,43.61353],[-79.54955,43.61351],[-79.5496,43.61349],[-79.54966,43.61347],[-79.54971,43.61344],[-79.54976,43.61342],[-79.54981,43.61339],[-79.54986,43.61337],[-79.54991,43.61334],[-79.54997,43.61332],[-79.55002,43.61329],[-79.55007,43.61327],[-79.55012,43.61324],[-79.55017,43.61322],[-79.55022,43.61319],[-79.55027,43.61316],[-79.55032,43.61313],[-79.55037,43.61311],[-79.55042,43.61309],[-79.55047,43.61306],[-79.55052,43.61304],[-79.55058,43.61301],[-79.55063,43.61299],[-79.55067,43.61295],[-79.55077,43.6129],[-79.55082,43.61287],[-79.55087,43.61285],[-79.55092,43.61282],[-79.55096,43.61279],[-79.55101,43.61276],[-79.55106,43.61273],[-79.55111,43.6127],[-79.55115,43.61267],[-79.5512,43.61264],[-79.55124,43.61261],[-79.55129,43.61258],[-79.55133,43.61255],[-79.55138,43.61252],[-79.55142,43.61249],[-79.55146,43.61245],[-79.55151,43.61242],[-79.55155,43.61239],[-79.55159,43.61236],[-79.55163,43.61232],[-79.55168,43.61229],[-79.55172,43.61226],[-79.55177,43.61222],[-79.55181,43.6122],[-79.55185,43.61216],[-79.55189,43.61213],[-79.55193,43.6121],[-79.55197,43.61206],[-79.55202,43.61203],[-79.55206,43.61199],[-79.5521,43.61196],[-79.55214,43.61193],[-79.55219,43.6119],[-79.55223,43.61186],[-79.55227,43.61183],[-79.55231,43.61179],[-79.55235,43.61176],[-79.55239,43.61173],[-79.55243,43.61169],[-79.55247,43.61166],[-79.55251,43.61162],[-79.55255,43.61159],[-79.55258,43.61155],[-79.55262,43.61152],[-79.55266,43.61148],[-79.5527,43.61145],[-79.55274,43.61141],[-79.55278,43.61137],[-79.55282,43.61134],[-79.55285,43.61131],[-79.55289,43.61127],[-79.55293,43.61123],[-79.55297,43.6112],[-79.55301,43.61116],[-79.55304,43.61112],[-79.55308,43.61109],[-79.55311,43.61105],[-79.55315,43.61102],[-79.55319,43.61098],[-79.55322,43.61094],[-79.55327,43.61091],[-79.55331,43.61088],[-79.55335,43.61084],[-79.55339,43.61081],[-79.55343,43.61077],[-79.55347,43.61074],[-79.55351,43.6107],[-79.55355,43.61067],[-79.55359,43.61064],[-79.55363,43.6106],[-79.55367,43.61057],[-79.55371,43.61054],[-79.55375,43.6105],[-79.55379,43.61047],[-79.55383,43.61043],[-79.55387,43.6104],[-79.55391,43.61036],[-79.55395,43.61033],[-79.55399,43.6103],[-79.55403,43.61026],[-79.55407,43.61023],[-79.55411,43.61019],[-79.55415,43.61016],[-79.55419,43.61012],[-79.55423,43.61009],[-79.55427,43.61005],[-79.55431,43.61002],[-79.55435,43.60998],[-79.55439,43.60995],[-79.55443,43.60992],[-79.55447,43.60988],[-79.55451,43.60985],[-79.55455,43.60981],[-79.55458,43.60978],[-79.55462,43.60974],[-79.55466,43.60971],[-79.5547,43.60967],[-79.55474,43.60964],[-79.55478,43.6096],[-79.55482,43.60956],[-79.55486,43.60953],[-79.5549,43.60949],[-79.55494,43.60946],[-79.55498,43.60943],[-79.55501,43.60939],[-79.55505,43.60936],[-79.55509,43.60932],[-79.55513,43.60929],[-79.55528,43.60914],[-79.55634,43.60818],[-79.55713,43.60745],[-79.55763,43.607],[-79.55979,43.60506]]]}},{"type":"Feature","properties":{"num":6,"name":"Etobicoke-Lakeshore"},"geometry":{"type":"Polygon","coordinates":[[[-79.48165,43.61873],[-79.4818,43.6187],[-79.48195,43.61863],[-79.48211,43.61859],[-79.48226,43.61854],[-79.48241,43.61847],[-79.48254,43.61845],[-79.48265,43.61842],[-79.48282,43.61841],[-79.483,43.61841],[-79.48316,43.61839],[-79.48328,43.61831],[-79.48343,43.61821],[-79.48358,43.61812],[-79.48373,43.61802],[-79.4839,43.618],[-79.48409,43.61799],[-79.48427,43.61798],[-79.4844,43.6179],[-79.48452,43.6178],[-79.48463,43.6177],[-79.48475,43.61758],[-79.48486,43.61746],[-79.48496,43.61734],[-79.48503,43.61721],[-79.48509,43.61708],[-79.48516,43.61695],[-79.4852,43.61682],[-79.48527,43.6167],[-79.48533,43.61657],[-79.48538,43.61644],[-79.48543,43.6163],[-79.48545,43.61618],[-79.48547,43.61606],[-79.48543,43.61598],[-79.48541,43.61591],[-79.4854,43.61582],[-79.48542,43.61571],[-79.48546,43.61565],[-79.48551,43.61557],[-79.48553,43.61549],[-79.48558,43.61539],[-79.48564,43.61528],[-79.48575,43.61515],[-79.48584,43.61502],[-79.48582,43.61493],[-79.48583,43.61482],[-79.48591,43.6147],[-79.48602,43.61463],[-79.48608,43.61455],[-79.4861,43.61445],[-79.48615,43.61433],[-79.48617,43.61428],[-79.4862,43.61421],[-79.48618,43.6141],[-79.48626,43.61397],[-79.48639,43.61386],[-79.48652,43.61376],[-79.48667,43.61374],[-79.48683,43.61373],[-79.48699,43.61377],[-79.48716,43.61375],[-79.48729,43.61365],[-79.48741,43.61354],[-79.48751,43.61341],[-79.48758,43.61327],[-79.48765,43.61315],[-79.48768,43.61301],[-79.4876,43.61291],[-79.48749,43.6128],[-79.48738,43.61271],[-79.48726,43.61262],[-79.4872,43.61258],[-79.48723,43.61248],[-79.48728,43.61236],[-79.48733,43.61222],[-79.48738,43.6121],[-79.48739,43.61199],[-79.48732,43.6119],[-79.48723,43.61184],[-79.48712,43.61177],[-79.487,43.61171],[-79.48692,43.61163],[-79.48689,43.61153],[-79.48691,43.61142],[-79.48693,43.6113],[-79.48691,43.61117],[-79.48685,43.61105],[-79.48677,43.61095],[-79.48667,43.61089],[-79.48654,43.61088],[-79.48657,43.61081],[-79.48671,43.61079],[-79.48681,43.61078],[-79.4868,43.61074],[-79.48677,43.61067],[-79.48674,43.61062],[-79.48673,43.61056],[-79.48671,43.6105],[-79.4867,43.61043],[-79.48669,43.61036],[-79.48667,43.61034],[-79.48663,43.61032],[-79.4866,43.61032],[-79.48648,43.61035],[-79.48645,43.61035],[-79.48643,43.61035],[-79.48642,43.61033],[-79.48642,43.61031],[-79.48643,43.61026],[-79.48645,43.61021],[-79.48651,43.61013],[-79.48652,43.61006],[-79.48651,43.60997],[-79.48653,43.60989],[-79.48654,43.60985],[-79.48652,43.60975],[-79.48654,43.6097],[-79.48657,43.60965],[-79.48661,43.6096],[-79.48666,43.60957],[-79.48672,43.60951],[-79.4868,43.60947],[-79.48691,43.60942],[-79.48695,43.60938],[-79.48698,43.60935],[-79.48701,43.60924],[-79.48705,43.6091],[-79.4871,43.60896],[-79.48715,43.60883],[-79.48716,43.60874],[-79.48716,43.60872],[-79.48714,43.6086],[-79.48721,43.60847],[-79.4873,43.60834],[-79.48743,43.60827],[-79.48757,43.60822],[-79.48766,43.60811],[-79.48775,43.608],[-79.48781,43.60788],[-79.48783,43.60777],[-79.48791,43.6077],[-79.48795,43.60758],[-79.48796,43.60748],[-79.488,43.6074],[-79.48812,43.60731],[-79.48819,43.60722],[-79.4884,43.60689],[-79.48842,43.60681],[-79.48847,43.60685],[-79.48855,43.60676],[-79.48868,43.60675],[-79.48881,43.60671],[-79.48892,43.60664],[-79.489,43.60653],[-79.48912,43.60639],[-79.48921,43.60623],[-79.48936,43.6059],[-79.48935,43.60582],[-79.48932,43.60577],[-79.4894,43.60566],[-79.48947,43.60554],[-79.48958,43.60553],[-79.48968,43.60544],[-79.48976,43.6053],[-79.48988,43.60516],[-79.49002,43.60506],[-79.49019,43.60497],[-79.49045,43.6047],[-79.49051,43.60457],[-79.49058,43.60447],[-79.4907,43.60438],[-79.49081,43.60427],[-79.49096,43.60414],[-79.49121,43.60388],[-79.49128,43.60375],[-79.49138,43.60362],[-79.49154,43.60352],[-79.49169,43.6034],[-79.49181,43.60328],[-79.49209,43.60307],[-79.49221,43.60295],[-79.49225,43.60283],[-79.49244,43.60273],[-79.4925,43.60267],[-79.49254,43.60255],[-79.49252,43.60241],[-79.49251,43.60228],[-79.49253,43.60222],[-79.49259,43.60215],[-79.49273,43.60208],[-79.49291,43.60203],[-79.49307,43.60202],[-79.49326,43.60208],[-79.49347,43.60213],[-79.49367,43.60212],[-79.49386,43.60212],[-79.49407,43.60211],[-79.49426,43.6021],[-79.49443,43.60215],[-79.49456,43.60223],[-79.49476,43.60223],[-79.49494,43.60221],[-79.49513,43.60217],[-79.49532,43.60213],[-79.49554,43.60208],[-79.49574,43.60202],[-79.49596,43.60196],[-79.49614,43.60188],[-79.49629,43.60177],[-79.49641,43.60166],[-79.49654,43.60156],[-79.49666,43.60145],[-79.49678,43.60134],[-79.49688,43.60124],[-79.49689,43.60123],[-79.49698,43.6011],[-79.49711,43.601],[-79.49723,43.60089],[-79.49736,43.60081],[-79.4974,43.60078],[-79.49748,43.60072],[-79.49758,43.6006],[-79.49768,43.60048],[-79.49779,43.60035],[-79.49792,43.60022],[-79.49801,43.60008],[-79.49808,43.59994],[-79.49816,43.59979],[-79.49819,43.59966],[-79.49819,43.59951],[-79.49814,43.5994],[-79.49806,43.5993],[-79.49798,43.59921],[-79.498,43.59912],[-79.49797,43.59898],[-79.49794,43.59886],[-79.4979,43.59873],[-79.49784,43.59862],[-79.49787,43.59852],[-79.498,43.59844],[-79.49807,43.59841],[-79.49812,43.59838],[-79.49821,43.59829],[-79.49829,43.59817],[-79.49837,43.59807],[-79.49835,43.59795],[-79.49832,43.59784],[-79.4984,43.5978],[-79.49848,43.59789],[-79.49858,43.59796],[-79.49876,43.59794],[-79.49886,43.5979],[-79.49888,43.59784],[-79.49899,43.59783],[-79.49916,43.59783],[-79.49931,43.59776],[-79.49945,43.59767],[-79.49957,43.59754],[-79.49966,43.59742],[-79.49974,43.59729],[-79.4998,43.59715],[-79.49984,43.59703],[-79.49991,43.59694],[-79.49993,43.59691],[-79.50001,43.59677],[-79.5001,43.59663],[-79.50017,43.5965],[-79.50024,43.59639],[-79.50031,43.59626],[-79.50036,43.59613],[-79.50037,43.59598],[-79.50043,43.59586],[-79.50049,43.59577],[-79.50048,43.59565],[-79.50044,43.59554],[-79.50039,43.59541],[-79.50044,43.59536],[-79.50048,43.59532],[-79.5006,43.59524],[-79.50072,43.59518],[-79.50087,43.59509],[-79.50092,43.595],[-79.50119,43.59491],[-79.50128,43.59488],[-79.50132,43.59487],[-79.50144,43.59484],[-79.50155,43.59481],[-79.50161,43.59479],[-79.50172,43.59475],[-79.50184,43.59471],[-79.50192,43.59468],[-79.50197,43.59465],[-79.5021,43.5946],[-79.50221,43.59455],[-79.50232,43.5945],[-79.50251,43.59444],[-79.50267,43.59442],[-79.50268,43.59442],[-79.50286,43.59438],[-79.50302,43.59436],[-79.50316,43.59433],[-79.50322,43.59432],[-79.50327,43.59431],[-79.50338,43.59429],[-79.50357,43.59427],[-79.50374,43.59423],[-79.50392,43.59422],[-79.50403,43.59426],[-79.50412,43.59426],[-79.50415,43.59427],[-79.50422,43.59427],[-79.50438,43.59428],[-79.50455,43.59427],[-79.50471,43.59427],[-79.50486,43.59426],[-79.50497,43.59423],[-79.50502,43.59415],[-79.50505,43.59406],[-79.50507,43.59397],[-79.50519,43.5939],[-79.50534,43.59383],[-79.50547,43.59375],[-79.50557,43.59365],[-79.50566,43.59353],[-79.5058,43.59347],[-79.50592,43.59345],[-79.50605,43.59346],[-79.50619,43.59349],[-79.50627,43.59356],[-79.50631,43.59365],[-79.50632,43.59374],[-79.50633,43.59381],[-79.50632,43.59388],[-79.50633,43.59397],[-79.50636,43.59405],[-79.50642,43.59413],[-79.50652,43.59416],[-79.50664,43.59418],[-79.50675,43.59418],[-79.50683,43.59419],[-79.50693,43.59418],[-79.50706,43.59417],[-79.50719,43.59414],[-79.5073,43.59411],[-79.50742,43.59406],[-79.50743,43.59406],[-79.50755,43.59402],[-79.50763,43.594],[-79.50772,43.59399],[-79.50779,43.59397],[-79.50781,43.59397],[-79.5079,43.59395],[-79.50801,43.59393],[-79.50815,43.59392],[-79.50827,43.59389],[-79.50837,43.59386],[-79.50844,43.59381],[-79.50846,43.5938],[-79.50854,43.59377],[-79.50863,43.59375],[-79.50872,43.59378],[-79.5088,43.59383],[-79.50886,43.59388],[-79.50894,43.59392],[-79.50902,43.59393],[-79.5091,43.59392],[-79.50917,43.59388],[-79.50927,43.59384],[-79.50938,43.59381],[-79.50948,43.5938],[-79.50958,43.59378],[-79.50969,43.59376],[-79.50976,43.59378],[-79.50984,43.5938],[-79.50992,43.59382],[-79.51,43.59381],[-79.51008,43.59381],[-79.51016,43.59382],[-79.51023,43.5938],[-79.5103,43.59378],[-79.51037,43.59376],[-79.51044,43.59374],[-79.51047,43.59373],[-79.51058,43.59378],[-79.51064,43.59373],[-79.51073,43.59366],[-79.51081,43.59353],[-79.51085,43.5934],[-79.51085,43.59332],[-79.51078,43.59325],[-79.51074,43.59311],[-79.5107,43.59305],[-79.51059,43.59297],[-79.51046,43.59289],[-79.51034,43.59285],[-79.51025,43.59284],[-79.51014,43.59284],[-79.51005,43.59283],[-79.50995,43.59281],[-79.50981,43.59277],[-79.50978,43.59274],[-79.50976,43.5927],[-79.50979,43.59268],[-79.50985,43.59266],[-79.51,43.59268],[-79.51012,43.59269],[-79.51025,43.59269],[-79.51043,43.59268],[-79.51058,43.59268],[-79.51062,43.59269],[-79.51066,43.59268],[-79.51068,43.59265],[-79.51068,43.59261],[-79.51066,43.59259],[-79.51063,43.59258],[-79.51055,43.59259],[-79.51042,43.59259],[-79.51024,43.59257],[-79.51003,43.59256],[-79.50984,43.59253],[-79.50976,43.5925],[-79.50972,43.59247],[-79.5097,43.59244],[-79.50968,43.59241],[-79.5097,43.59239],[-79.50975,43.59238],[-79.50982,43.59237],[-79.50989,43.59238],[-79.51006,43.59242],[-79.51016,43.59242],[-79.51026,43.5924],[-79.51033,43.59238],[-79.51037,43.59234],[-79.51045,43.59226],[-79.51052,43.59218],[-79.51059,43.59211],[-79.51063,43.59205],[-79.51068,43.59199],[-79.51071,43.59193],[-79.51078,43.59184],[-79.51083,43.59174],[-79.51088,43.59161],[-79.51091,43.59152],[-79.51094,43.59142],[-79.51095,43.59133],[-79.51095,43.59123],[-79.51092,43.59114],[-79.51088,43.59105],[-79.51073,43.59097],[-79.51053,43.5909],[-79.51031,43.59083],[-79.5101,43.59077],[-79.50989,43.59074],[-79.50969,43.59068],[-79.50948,43.59065],[-79.50928,43.59061],[-79.50907,43.59058],[-79.50885,43.59055],[-79.50876,43.5905],[-79.50873,43.59046],[-79.50869,43.5904],[-79.50868,43.59033],[-79.5087,43.59029],[-79.50873,43.59025],[-79.50879,43.59022],[-79.50886,43.5902],[-79.50907,43.5902],[-79.50929,43.59017],[-79.50948,43.59013],[-79.50954,43.5901],[-79.50959,43.59005],[-79.50967,43.58996],[-79.50983,43.58983],[-79.50996,43.58969],[-79.51007,43.58957],[-79.51018,43.58946],[-79.51026,43.58935],[-79.51036,43.58918],[-79.51042,43.58903],[-79.51044,43.58887],[-79.51046,43.58873],[-79.51048,43.58865],[-79.51048,43.58857],[-79.51051,43.58843],[-79.51049,43.58825],[-79.51043,43.5881],[-79.51031,43.58795],[-79.51016,43.58784],[-79.50997,43.58776],[-79.50978,43.58769],[-79.50961,43.58766],[-79.5095,43.58765],[-79.50938,43.58763],[-79.50933,43.5876],[-79.50927,43.58757],[-79.50921,43.58751],[-79.50919,43.58747],[-79.50919,43.58743],[-79.50921,43.5874],[-79.50924,43.58736],[-79.50928,43.58733],[-79.50936,43.58728],[-79.50941,43.58726],[-79.50948,43.58724],[-79.50962,43.58722],[-79.50998,43.58722],[-79.51017,43.58725],[-79.51051,43.58734],[-79.51067,43.58737],[-79.51102,43.5874],[-79.51123,43.58739],[-79.51215,43.58727],[-79.51251,43.5872],[-79.51287,43.58715],[-79.51325,43.58711],[-79.51345,43.58711],[-79.51366,43.58711],[-79.51391,43.58713],[-79.51403,43.58714],[-79.51413,43.58717],[-79.51428,43.58721],[-79.51446,43.58728],[-79.51479,43.58747],[-79.51515,43.58765],[-79.51564,43.58786],[-79.51593,43.58799],[-79.51604,43.58803],[-79.51625,43.58808],[-79.51674,43.58824],[-79.51681,43.58825],[-79.51694,43.58826],[-79.51699,43.58827],[-79.51726,43.58839],[-79.51732,43.58844],[-79.51734,43.58847],[-79.51734,43.5885],[-79.51731,43.58853],[-79.51727,43.58854],[-79.51673,43.5884],[-79.5165,43.58834],[-79.51639,43.58833],[-79.51609,43.58827],[-79.51603,43.58825],[-79.51595,43.58818],[-79.51583,43.58814],[-79.51573,43.58812],[-79.5155,43.58805],[-79.51546,43.58804],[-79.51536,43.58805],[-79.51531,43.58804],[-79.51528,43.58801],[-79.51521,43.58789],[-79.51517,43.58786],[-79.51506,43.58779],[-79.51467,43.58764],[-79.51463,43.58764],[-79.51457,43.58765],[-79.51426,43.58782],[-79.51411,43.58788],[-79.51354,43.58801],[-79.51345,43.58801],[-79.51342,43.58801],[-79.51337,43.588],[-79.51334,43.58797],[-79.51331,43.58794],[-79.5133,43.58792],[-79.51328,43.5878],[-79.51327,43.58778],[-79.51325,43.58775],[-79.51323,43.58774],[-79.5132,43.58773],[-79.51315,43.58772],[-79.51308,43.58772],[-79.51283,43.5878],[-79.51272,43.58782],[-79.51246,43.58788],[-79.51229,43.58792],[-79.5122,43.58795],[-79.5122,43.58796],[-79.51219,43.58798],[-79.51219,43.58801],[-79.51229,43.5882],[-79.51229,43.58823],[-79.51228,43.58826],[-79.51226,43.58828],[-79.51221,43.58831],[-79.51215,43.58833],[-79.5117,43.58845],[-79.51151,43.58853],[-79.51131,43.58863],[-79.51124,43.58868],[-79.51117,43.58874],[-79.51114,43.5888],[-79.51112,43.58885],[-79.51109,43.58891],[-79.51108,43.58898],[-79.51108,43.58904],[-79.51108,43.5891],[-79.51153,43.59014],[-79.51152,43.59018],[-79.51146,43.59021],[-79.51145,43.59023],[-79.51145,43.59026],[-79.5115,43.59034],[-79.51156,43.59041],[-79.51165,43.59048],[-79.51177,43.59054],[-79.51192,43.59056],[-79.51214,43.59064],[-79.51228,43.59067],[-79.51258,43.59073],[-79.51293,43.59085],[-79.51302,43.59086],[-79.51308,43.59086],[-79.51318,43.59081],[-79.51337,43.59075],[-79.51357,43.59069],[-79.51377,43.59064],[-79.51399,43.59059],[-79.51421,43.59056],[-79.51441,43.59051],[-79.5146,43.59047],[-79.51466,43.59046],[-79.51473,43.59046],[-79.5148,43.59047],[-79.51489,43.59056],[-79.51494,43.59066],[-79.51493,43.59068],[-79.51494,43.59068],[-79.51497,43.59068],[-79.51503,43.59066],[-79.51509,43.5908],[-79.51512,43.59081],[-79.51514,43.59081],[-79.51516,43.5908],[-79.51529,43.59061],[-79.51531,43.5906],[-79.51531,43.59058],[-79.5153,43.59057],[-79.51527,43.59056],[-79.51509,43.59051],[-79.51505,43.59049],[-79.51503,43.59047],[-79.51502,43.59038],[-79.51501,43.59036],[-79.51499,43.59034],[-79.51497,43.59032],[-79.51495,43.59012],[-79.51495,43.59008],[-79.51497,43.59006],[-79.51499,43.59004],[-79.51501,43.59003],[-79.51504,43.59003],[-79.5151,43.59003],[-79.51532,43.59009],[-79.51539,43.59012],[-79.51542,43.59014],[-79.51544,43.59017],[-79.51545,43.59021],[-79.51548,43.59079],[-79.51549,43.59081],[-79.5155,43.59083],[-79.51553,43.59085],[-79.51556,43.59085],[-79.51559,43.59085],[-79.51566,43.59083],[-79.51576,43.59079],[-79.51581,43.59075],[-79.51585,43.59072],[-79.51588,43.59068],[-79.51589,43.59063],[-79.51591,43.59054],[-79.5159,43.59046],[-79.51587,43.59035],[-79.51583,43.59023],[-79.51581,43.59014],[-79.51578,43.59012],[-79.51571,43.59009],[-79.51569,43.59007],[-79.5157,43.59005],[-79.51572,43.59],[-79.51572,43.58996],[-79.51569,43.58992],[-79.51567,43.58989],[-79.51565,43.58986],[-79.51566,43.58982],[-79.51569,43.58973],[-79.5157,43.58963],[-79.5157,43.58951],[-79.51568,43.58946],[-79.51566,43.58942],[-79.51563,43.5894],[-79.51559,43.58939],[-79.51546,43.58938],[-79.51531,43.5894],[-79.51518,43.58941],[-79.5151,43.58942],[-79.51507,43.58941],[-79.51505,43.5894],[-79.51501,43.58932],[-79.51498,43.58922],[-79.51495,43.58915],[-79.51492,43.58906],[-79.51491,43.58901],[-79.51492,43.58898],[-79.51497,43.58896],[-79.5151,43.58894],[-79.51525,43.58891],[-79.51538,43.5889],[-79.51548,43.58892],[-79.51555,43.58894],[-79.5156,43.58897],[-79.51568,43.589],[-79.5158,43.58904],[-79.51596,43.58908],[-79.5161,43.58912],[-79.51618,43.58913],[-79.51623,43.58912],[-79.51628,43.58909],[-79.51635,43.58896],[-79.51639,43.58891],[-79.51641,43.58889],[-79.51645,43.58888],[-79.51649,43.5889],[-79.51652,43.58894],[-79.51652,43.58898],[-79.51649,43.58905],[-79.51642,43.58916],[-79.51638,43.58924],[-79.51633,43.58934],[-79.51627,43.58945],[-79.51624,43.58955],[-79.51628,43.58969],[-79.51634,43.5898],[-79.51641,43.58991],[-79.51647,43.59001],[-79.51654,43.5901],[-79.51663,43.5902],[-79.51673,43.59029],[-79.51682,43.59035],[-79.51692,43.59041],[-79.51702,43.59048],[-79.51712,43.59054],[-79.51724,43.59057],[-79.51733,43.59055],[-79.51743,43.59052],[-79.51758,43.59049],[-79.51775,43.59047],[-79.51792,43.59043],[-79.51808,43.5904],[-79.51821,43.5904],[-79.51829,43.59047],[-79.51836,43.59054],[-79.51844,43.59062],[-79.5185,43.5907],[-79.51857,43.59073],[-79.51866,43.59073],[-79.51871,43.59073],[-79.51877,43.59071],[-79.51883,43.59067],[-79.51888,43.59065],[-79.51891,43.59064],[-79.51894,43.59063],[-79.51898,43.59063],[-79.51902,43.59063],[-79.51904,43.59062],[-79.51906,43.59059],[-79.51904,43.59054],[-79.51905,43.59049],[-79.51906,43.59048],[-79.51908,43.59047],[-79.51917,43.59045],[-79.51934,43.59041],[-79.51937,43.59037],[-79.51941,43.59034],[-79.51945,43.59032],[-79.51949,43.5903],[-79.51954,43.59029],[-79.5197,43.59025],[-79.51984,43.59022],[-79.52,43.59021],[-79.52016,43.59019],[-79.52032,43.59017],[-79.52044,43.59017],[-79.52057,43.59016],[-79.52075,43.59015],[-79.52093,43.59013],[-79.52096,43.59013],[-79.52113,43.59012],[-79.52132,43.59012],[-79.5215,43.59013],[-79.52168,43.59012],[-79.52185,43.59011],[-79.52203,43.5901],[-79.52219,43.59008],[-79.52236,43.59008],[-79.52251,43.59006],[-79.52268,43.59004],[-79.52285,43.59003],[-79.52303,43.59003],[-79.5232,43.59002],[-79.52334,43.59001],[-79.5234,43.59004],[-79.52349,43.59004],[-79.5236,43.59002],[-79.52372,43.58999],[-79.52381,43.58995],[-79.52392,43.58992],[-79.52403,43.58989],[-79.52412,43.58989],[-79.52421,43.58988],[-79.52431,43.58986],[-79.52441,43.58984],[-79.52448,43.58986],[-79.52455,43.58983],[-79.52464,43.58977],[-79.52478,43.58976],[-79.52487,43.58981],[-79.52496,43.58985],[-79.52502,43.58984],[-79.52509,43.58983],[-79.52523,43.5898],[-79.52536,43.58976],[-79.52546,43.58976],[-79.52562,43.58977],[-79.52574,43.58976],[-79.52585,43.58974],[-79.52598,43.58973],[-79.52608,43.58976],[-79.52618,43.58973],[-79.52627,43.58968],[-79.5264,43.58965],[-79.52656,43.58963],[-79.52674,43.58963],[-79.52691,43.58963],[-79.52709,43.58963],[-79.52724,43.58962],[-79.52739,43.58961],[-79.52755,43.58958],[-79.52769,43.58954],[-79.52784,43.58947],[-79.52797,43.58939],[-79.52811,43.58932],[-79.52825,43.58924],[-79.5284,43.58918],[-79.52853,43.58911],[-79.52864,43.58903],[-79.52873,43.58892],[-79.52879,43.5888],[-79.52889,43.58868],[-79.52899,43.58857],[-79.52907,43.58844],[-79.52916,43.58834],[-79.52925,43.58825],[-79.52934,43.58816],[-79.52943,43.58808],[-79.52954,43.588],[-79.52962,43.58795],[-79.52972,43.58792],[-79.52983,43.5879],[-79.52996,43.58791],[-79.53008,43.58791],[-79.53022,43.58791],[-79.53035,43.58793],[-79.53048,43.58792],[-79.53058,43.5879],[-79.53067,43.58788],[-79.53074,43.5879],[-79.53078,43.58797],[-79.53082,43.58804],[-79.53084,43.58809],[-79.53085,43.58812],[-79.53085,43.58815],[-79.53088,43.58817],[-79.53086,43.58822],[-79.5308,43.58826],[-79.53074,43.58825],[-79.53072,43.58822],[-79.53067,43.58819],[-79.53061,43.5882],[-79.53057,43.58825],[-79.53054,43.5883],[-79.53054,43.58836],[-79.53055,43.58841],[-79.53056,43.58849],[-79.53058,43.58854],[-79.53062,43.58856],[-79.53071,43.58858],[-79.53084,43.5886],[-79.53098,43.58859],[-79.53111,43.58858],[-79.53123,43.58856],[-79.53138,43.58852],[-79.53151,43.5885],[-79.53164,43.58848],[-79.53176,43.58846],[-79.5319,43.58842],[-79.53204,43.58838],[-79.53219,43.58833],[-79.53236,43.58831],[-79.53253,43.58829],[-79.53269,43.58826],[-79.53284,43.58823],[-79.53298,43.5882],[-79.53311,43.58819],[-79.53325,43.58816],[-79.53338,43.58814],[-79.53349,43.58812],[-79.53358,43.58808],[-79.53368,43.58804],[-79.53377,43.58799],[-79.53385,43.58795],[-79.53391,43.58789],[-79.53396,43.58783],[-79.53399,43.58782],[-79.53401,43.5878],[-79.53401,43.58778],[-79.53397,43.58768],[-79.53396,43.58765],[-79.53394,43.58763],[-79.53393,43.58761],[-79.53393,43.58758],[-79.53394,43.58757],[-79.53396,43.58755],[-79.53399,43.58756],[-79.53402,43.58757],[-79.53403,43.58761],[-79.53406,43.58764],[-79.53416,43.58783],[-79.53419,43.58792],[-79.53426,43.58798],[-79.53438,43.58797],[-79.5345,43.58797],[-79.53459,43.58796],[-79.53467,43.58798],[-79.53478,43.58801],[-79.5349,43.58803],[-79.53503,43.58805],[-79.53517,43.58806],[-79.53527,43.58808],[-79.53536,43.5881],[-79.53543,43.58813],[-79.5355,43.58813],[-79.53557,43.5881],[-79.53567,43.58811],[-79.53573,43.58814],[-79.53579,43.58816],[-79.53588,43.58818],[-79.53601,43.58819],[-79.53615,43.58818],[-79.5363,43.58817],[-79.53633,43.58817],[-79.53633,43.58818],[-79.53639,43.58817],[-79.5365,43.58816],[-79.53661,43.58813],[-79.53672,43.5881],[-79.53684,43.58811],[-79.53697,43.58809],[-79.53711,43.58804],[-79.53721,43.58798],[-79.53734,43.58791],[-79.53746,43.58783],[-79.53758,43.58773],[-79.5377,43.58766],[-79.53782,43.5876],[-79.53793,43.58753],[-79.53803,43.58746],[-79.53813,43.58739],[-79.53822,43.58732],[-79.53833,43.58727],[-79.53845,43.58723],[-79.53856,43.58718],[-79.53863,43.58711],[-79.53871,43.58704],[-79.53882,43.58696],[-79.53893,43.58688],[-79.53904,43.58682],[-79.53915,43.58675],[-79.53927,43.58668],[-79.53936,43.58661],[-79.53943,43.58654],[-79.53948,43.58647],[-79.53955,43.58641],[-79.53962,43.58633],[-79.53968,43.58624],[-79.53978,43.58619],[-79.5398,43.58619],[-79.5399,43.58616],[-79.53997,43.58609],[-79.54003,43.58598],[-79.54011,43.58589],[-79.54021,43.5858],[-79.54027,43.5857],[-79.54036,43.58559],[-79.54044,43.58552],[-79.54052,43.58544],[-79.54058,43.58535],[-79.54066,43.58527],[-79.54074,43.58518],[-79.54083,43.58509],[-79.54094,43.58499],[-79.54102,43.5849],[-79.54111,43.58465],[-79.54134,43.58457],[-79.54138,43.58455],[-79.54142,43.5845],[-79.54144,43.58443],[-79.54149,43.58434],[-79.54157,43.58425],[-79.54168,43.58416],[-79.54178,43.58407],[-79.54189,43.58397],[-79.542,43.58388],[-79.54211,43.58379],[-79.54222,43.58367],[-79.54231,43.58354],[-79.54237,43.58341],[-79.54245,43.58328],[-79.54251,43.58316],[-79.54257,43.58305],[-79.54262,43.58293],[-79.54268,43.58281],[-79.54273,43.58269],[-79.54279,43.58258],[-79.54284,43.58247],[-79.54286,43.58236],[-79.5429,43.58225],[-79.54294,43.58214],[-79.543,43.58204],[-79.54305,43.58194],[-79.54309,43.58184],[-79.54313,43.58175],[-79.54317,43.58167],[-79.54322,43.58159],[-79.54323,43.5815],[-79.54325,43.58143],[-79.54327,43.58135],[-79.54331,43.58129],[-79.54334,43.58122],[-79.54336,43.58115],[-79.54338,43.58108],[-79.5434,43.58103],[-79.54341,43.58101],[-79.54389,43.5814],[-79.54465,43.58529],[-79.54816,43.58701],[-79.54786,43.58733],[-79.54651,43.58883],[-79.54641,43.58894],[-79.54648,43.589],[-79.54668,43.58913],[-79.54689,43.58925],[-79.54711,43.58937],[-79.54733,43.5895],[-79.54756,43.58963],[-79.54778,43.58977],[-79.54801,43.5899],[-79.54822,43.59005],[-79.54848,43.59018],[-79.54866,43.59023],[-79.54877,43.59027],[-79.54891,43.5903],[-79.54897,43.5903],[-79.54905,43.59029],[-79.54914,43.59027],[-79.54921,43.59028],[-79.54935,43.59035],[-79.54943,43.59043],[-79.54949,43.59053],[-79.54955,43.59063],[-79.54958,43.59074],[-79.5496,43.59091],[-79.54962,43.59111],[-79.5496,43.59133],[-79.54961,43.59152],[-79.54959,43.5917],[-79.54957,43.59189],[-79.54954,43.59207],[-79.5495,43.59227],[-79.54943,43.59245],[-79.54931,43.59264],[-79.54921,43.59284],[-79.5491,43.59304],[-79.549,43.59323],[-79.54887,43.59344],[-79.54877,43.59364],[-79.54872,43.59383],[-79.54869,43.59402],[-79.54866,43.59422],[-79.54866,43.59443],[-79.54868,43.59465],[-79.54874,43.59486],[-79.54881,43.59496],[-79.54888,43.59502],[-79.54898,43.5951],[-79.54904,43.59514],[-79.54912,43.59517],[-79.54943,43.59522],[-79.54974,43.59524],[-79.55002,43.59527],[-79.55032,43.59528],[-79.55063,43.5953],[-79.55094,43.59533],[-79.55123,43.59534],[-79.55153,43.59532],[-79.55181,43.59532],[-79.55211,43.59531],[-79.55239,43.59533],[-79.55268,43.59538],[-79.55297,43.59543],[-79.55325,43.59551],[-79.55351,43.59562],[-79.55371,43.59578],[-79.55381,43.59595],[-79.5539,43.59614],[-79.55396,43.59634],[-79.55393,43.59654],[-79.55386,43.59673],[-79.55378,43.59694],[-79.55374,43.59713],[-79.55368,43.59732],[-79.5536,43.59752],[-79.55353,43.59771],[-79.55349,43.59791],[-79.5535,43.59801],[-79.55352,43.59812],[-79.55359,43.5983],[-79.55367,43.59848],[-79.55379,43.59867],[-79.55392,43.59884],[-79.55408,43.599],[-79.55429,43.59913],[-79.55455,43.59921],[-79.55483,43.59929],[-79.55511,43.59935],[-79.55539,43.59943],[-79.55557,43.59954],[-79.55569,43.59969],[-79.5557,43.5997],[-79.55578,43.59985],[-79.55584,43.6],[-79.55588,43.60017],[-79.55591,43.60034],[-79.55594,43.60052],[-79.55597,43.60071],[-79.55601,43.6009],[-79.55606,43.60105],[-79.5561,43.60117],[-79.55612,43.6012],[-79.55615,43.60125],[-79.55619,43.6013],[-79.55626,43.60142],[-79.55627,43.60151],[-79.55626,43.60159],[-79.55621,43.60172],[-79.55616,43.60187],[-79.55613,43.60205],[-79.55615,43.60222],[-79.55622,43.6024],[-79.55631,43.60258],[-79.55646,43.60272],[-79.55668,43.60285],[-79.55689,43.60297],[-79.55713,43.60306],[-79.55737,43.60318],[-79.55761,43.60327],[-79.55782,43.60339],[-79.55802,43.6035],[-79.5582,43.60364],[-79.55834,43.60378],[-79.55844,43.60392],[-79.55855,43.60409],[-79.55866,43.60423],[-79.55882,43.60437],[-79.55897,43.60452],[-79.5591,43.60464],[-79.55927,43.60477],[-79.5593,43.60479],[-79.55945,43.60487],[-79.55953,43.60492],[-79.55963,43.60499],[-79.55979,43.60506],[-79.55763,43.607],[-79.55713,43.60745],[-79.55634,43.60818],[-79.55528,43.60914],[-79.55513,43.60929],[-79.55509,43.60932],[-79.55505,43.60936],[-79.55501,43.60939],[-79.55498,43.60943],[-79.55494,43.60946],[-79.5549,43.60949],[-79.55486,43.60953],[-79.55482,43.60956],[-79.55478,43.6096],[-79.55474,43.60964],[-79.5547,43.60967],[-79.55466,43.60971],[-79.55462,43.60974],[-79.55458,43.60978],[-79.55455,43.60981],[-79.55451,43.60985],[-79.55447,43.60988],[-79.55443,43.60992],[-79.55439,43.60995],[-79.55435,43.60998],[-79.55431,43.61002],[-79.55427,43.61005],[-79.55423,43.61009],[-79.55419,43.61012],[-79.55415,43.61016],[-79.55411,43.61019],[-79.55407,43.61023],[-79.55403,43.61026],[-79.55399,43.6103],[-79.55395,43.61033],[-79.55391,43.61036],[-79.55387,43.6104],[-79.55383,43.61043],[-79.55379,43.61047],[-79.55375,43.6105],[-79.55371,43.61054],[-79.55367,43.61057],[-79.55363,43.6106],[-79.55359,43.61064],[-79.55355,43.61067],[-79.55351,43.6107],[-79.55347,43.61074],[-79.55343,43.61077],[-79.55339,43.61081],[-79.55335,43.61084],[-79.55331,43.61088],[-79.55327,43.61091],[-79.55322,43.61094],[-79.55319,43.61098],[-79.55315,43.61102],[-79.55311,43.61105],[-79.55308,43.61109],[-79.55304,43.61112],[-79.55301,43.61116],[-79.55297,43.6112],[-79.55293,43.61123],[-79.55289,43.61127],[-79.55285,43.61131],[-79.55282,43.61134],[-79.55278,43.61137],[-79.55274,43.61141],[-79.5527,43.61145],[-79.55266,43.61148],[-79.55262,43.61152],[-79.55258,43.61155],[-79.55255,43.61159],[-79.55251,43.61162],[-79.55247,43.61166],[-79.55243,43.61169],[-79.55239,43.61173],[-79.55235,43.61176],[-79.55231,43.61179],[-79.55227,43.61183],[-79.55223,43.61186],[-79.55219,43.6119],[-79.55214,43.61193],[-79.5521,43.61196],[-79.55206,43.61199],[-79.55202,43.61203],[-79.55197,43.61206],[-79.55193,43.6121],[-79.55189,43.61213],[-79.55185,43.61216],[-79.55181,43.6122],[-79.55177,43.61222],[-79.55172,43.61226],[-79.55168,43.61229],[-79.55163,43.61232],[-79.55159,43.61236],[-79.55155,43.61239],[-79.55151,43.61242],[-79.55146,43.61245],[-79.55142,43.61249],[-79.55138,43.61252],[-79.55133,43.61255],[-79.55129,43.61258],[-79.55124,43.61261],[-79.5512,43.61264],[-79.55115,43.61267],[-79.55111,43.6127],[-79.55106,43.61273],[-79.55101,43.61276],[-79.55096,43.61279],[-79.55092,43.61282],[-79.55087,43.61285],[-79.55082,43.61287],[-79.55077,43.6129],[-79.55067,43.61295],[-79.55063,43.61299],[-79.55058,43.61301],[-79.55052,43.61304],[-79.55047,43.61306],[-79.55042,43.61309],[-79.55037,43.61311],[-79.55032,43.61313],[-79.55027,43.61316],[-79.55022,43.61319],[-79.55017,43.61322],[-79.55012,43.61324],[-79.55007,43.61327],[-79.55002,43.61329],[-79.54997,43.61332],[-79.54991,43.61334],[-79.54986,43.61337],[-79.54981,43.61339],[-79.54976,43.61342],[-79.54971,43.61344],[-79.54966,43.61347],[-79.5496,43.61349],[-79.54955,43.61351],[-79.5495,43.61353],[-79.54943,43.61357],[-79.5494,43.61358],[-79.54933,43.61361],[-79.54925,43.61364],[-79.54918,43.61367],[-79.5491,43.6137],[-79.54902,43.61373],[-79.54901,43.61373],[-79.54893,43.61376],[-79.54888,43.61378],[-79.54887,43.61379],[-79.54879,43.61382],[-79.54875,43.61383],[-79.54871,43.61384],[-79.54863,43.61387],[-79.54855,43.6139],[-79.54847,43.61392],[-79.54839,43.61395],[-79.54832,43.61397],[-79.54825,43.614],[-79.54818,43.61402],[-79.5481,43.61405],[-79.54803,43.61407],[-79.54796,43.61409],[-79.54789,43.61411],[-79.54781,43.61414],[-79.54774,43.61416],[-79.54767,43.61418],[-79.54759,43.6142],[-79.54752,43.61422],[-79.54744,43.61424],[-79.54737,43.61426],[-79.54729,43.61428],[-79.54722,43.61429],[-79.54714,43.61431],[-79.54707,43.61433],[-79.54699,43.61434],[-79.54692,43.61436],[-79.54684,43.61437],[-79.54676,43.61439],[-79.54669,43.6144],[-79.54661,43.61441],[-79.54653,43.61443],[-79.54641,43.61445],[-79.54629,43.61447],[-79.54617,43.61449],[-79.54605,43.61452],[-79.54593,43.61453],[-79.5458,43.61456],[-79.54568,43.61457],[-79.54556,43.61459],[-79.54544,43.61461],[-79.54532,43.61463],[-79.54523,43.61464],[-79.54519,43.61465],[-79.54507,43.61466],[-79.54495,43.61468],[-79.54483,43.61469],[-79.5447,43.6147],[-79.54458,43.61472],[-79.54446,43.61473],[-79.54433,43.61475],[-79.54421,43.61476],[-79.54409,43.61477],[-79.5439,43.6148],[-79.54371,43.61482],[-79.54353,43.61484],[-79.54334,43.61487],[-79.54316,43.61489],[-79.54297,43.61492],[-79.54278,43.61494],[-79.5426,43.61496],[-79.54241,43.61498],[-79.54222,43.615],[-79.54212,43.61501],[-79.54201,43.61502],[-79.54191,43.61503],[-79.54181,43.61505],[-79.5417,43.61506],[-79.5416,43.61507],[-79.54149,43.61509],[-79.54139,43.6151],[-79.54128,43.61512],[-79.54119,43.61513],[-79.54118,43.61513],[-79.54108,43.61514],[-79.54093,43.61517],[-79.54082,43.61518],[-79.54067,43.6152],[-79.54047,43.61522],[-79.54027,43.61526],[-79.54007,43.61528],[-79.53988,43.61531],[-79.53968,43.61534],[-79.53948,43.61538],[-79.53928,43.61541],[-79.53908,43.61544],[-79.53888,43.61547],[-79.53869,43.6155],[-79.53849,43.61554],[-79.53829,43.61558],[-79.53809,43.61561],[-79.5379,43.61564],[-79.5377,43.61568],[-79.5375,43.61572],[-79.53732,43.61576],[-79.53715,43.61579],[-79.53695,43.61584],[-79.53677,43.61588],[-79.53657,43.61592],[-79.53641,43.61596],[-79.53614,43.61601],[-79.53594,43.61605],[-79.53574,43.61609],[-79.53554,43.61612],[-79.53538,43.61616],[-79.53516,43.6162],[-79.53338,43.61656],[-79.53281,43.61667],[-79.53067,43.61708],[-79.5305,43.61712],[-79.53025,43.61716],[-79.52831,43.61755],[-79.52578,43.61802],[-79.52203,43.61875],[-79.52047,43.61906],[-79.5167,43.61979],[-79.51506,43.62013],[-79.51317,43.6205],[-79.51313,43.6205],[-79.51065,43.62099],[-79.50849,43.62142],[-79.50508,43.6221],[-79.50229,43.62269],[-79.50109,43.62294],[-79.50102,43.62295],[-79.49453,43.6245],[-79.49319,43.62482],[-79.48871,43.62591],[-79.48683,43.62637],[-79.48678,43.62638],[-79.48258,43.6274],[-79.48251,43.62742],[-79.48244,43.62744],[-79.48237,43.62746],[-79.4823,43.62749],[-79.48223,43.62751],[-79.48216,43.62753],[-79.4821,43.62755],[-79.48203,43.62758],[-79.48196,43.6276],[-79.4819,43.62762],[-79.48183,43.62765],[-79.48177,43.62768],[-79.4817,43.6277],[-79.48164,43.62773],[-79.48157,43.62776],[-79.48151,43.62779],[-79.48144,43.62781],[-79.48138,43.62784],[-79.48132,43.62787],[-79.48126,43.6279],[-79.48121,43.62792],[-79.48114,43.62796],[-79.48106,43.628],[-79.48098,43.62804],[-79.48091,43.62808],[-79.48084,43.62812],[-79.48076,43.62816],[-79.48069,43.6282],[-79.48062,43.62825],[-79.48055,43.62829],[-79.48048,43.62834],[-79.48046,43.62834],[-79.4804,43.62838],[-79.48033,43.62843],[-79.48026,43.62847],[-79.4802,43.62852],[-79.47803,43.63019],[-79.47689,43.63113],[-79.47651,43.63143],[-79.47582,43.63198],[-79.47577,43.63202],[-79.47571,43.63207],[-79.47566,43.63211],[-79.4756,43.63215],[-79.47555,43.6322],[-79.47549,43.63224],[-79.47543,43.63228],[-79.47537,43.63232],[-79.47532,43.63236],[-79.47526,43.6324],[-79.4752,43.63244],[-79.47514,43.63248],[-79.47508,43.63252],[-79.47502,43.63256],[-79.47495,43.6326],[-79.47489,43.63264],[-79.47483,43.63267],[-79.47477,43.63271],[-79.4747,43.63275],[-79.47464,43.63279],[-79.47408,43.63311],[-79.47382,43.63325],[-79.47363,43.63318],[-79.47348,43.63312],[-79.47333,43.63305],[-79.47326,43.63302],[-79.4728,43.63283],[-79.47243,43.63264],[-79.47203,43.63238],[-79.47071,43.63127],[-79.47077,43.63086],[-79.47079,43.63075],[-79.47084,43.63068],[-79.471,43.63061],[-79.47125,43.63061],[-79.47154,43.63065],[-79.47182,43.63067],[-79.47204,43.63063],[-79.47206,43.63063],[-79.47226,43.63049],[-79.47236,43.6303],[-79.47243,43.6301],[-79.47248,43.6299],[-79.47257,43.62971],[-79.47276,43.62959],[-79.47293,43.6296],[-79.47311,43.62942],[-79.47317,43.62942],[-79.47323,43.62948],[-79.47316,43.62962],[-79.47328,43.62971],[-79.47356,43.62971],[-79.47374,43.62961],[-79.47412,43.62931],[-79.474,43.62913],[-79.47416,43.62899],[-79.47447,43.6291],[-79.47465,43.62896],[-79.47492,43.62853],[-79.4747,43.62837],[-79.47486,43.62822],[-79.47516,43.62827],[-79.47534,43.62805],[-79.47545,43.62779],[-79.4756,43.62733],[-79.47541,43.62721],[-79.47545,43.62705],[-79.47579,43.627],[-79.47612,43.62628],[-79.47613,43.62609],[-79.47624,43.62576],[-79.47603,43.62578],[-79.47594,43.62579],[-79.47593,43.62536],[-79.47606,43.6253],[-79.4764,43.62549],[-79.47639,43.62537],[-79.4766,43.62473],[-79.47617,43.62497],[-79.47607,43.62494],[-79.4762,43.62447],[-79.4759,43.6241],[-79.47593,43.62401],[-79.4766,43.62416],[-79.47681,43.62387],[-79.47664,43.62364],[-79.47649,43.62349],[-79.4766,43.62343],[-79.47667,43.62343],[-79.47691,43.62356],[-79.47733,43.62362],[-79.47752,43.62357],[-79.47758,43.62355],[-79.4778,43.62353],[-79.47796,43.62338],[-79.47806,43.62319],[-79.47823,43.62299],[-79.47836,43.62279],[-79.47846,43.62257],[-79.47866,43.6224],[-79.47884,43.62227],[-79.47886,43.62213],[-79.47879,43.62209],[-79.47873,43.62203],[-79.47851,43.62201],[-79.4783,43.62208],[-79.47807,43.62216],[-79.47786,43.62223],[-79.47765,43.6223],[-79.47749,43.62241],[-79.47735,43.62253],[-79.47724,43.62268],[-79.47709,43.6228],[-79.47699,43.6229],[-79.47686,43.62302],[-79.47667,43.62311],[-79.47644,43.6232],[-79.47619,43.62331],[-79.47596,43.62342],[-79.47573,43.62348],[-79.47554,43.62342],[-79.47544,43.62329],[-79.47537,43.62315],[-79.47525,43.62302],[-79.47503,43.62292],[-79.4748,43.62283],[-79.47469,43.6227],[-79.47452,43.62256],[-79.47425,43.62249],[-79.474,43.62249],[-79.47381,43.62257],[-79.47371,43.62272],[-79.47362,43.62289],[-79.47348,43.62303],[-79.4733,43.62316],[-79.47317,43.62327],[-79.47316,43.62337],[-79.47321,43.62342],[-79.47331,43.62352],[-79.47342,43.62368],[-79.47353,43.62384],[-79.47363,43.62394],[-79.47371,43.624],[-79.47379,43.62413],[-79.47379,43.62423],[-79.47369,43.62413],[-79.47355,43.62399],[-79.47348,43.62388],[-79.47339,43.62386],[-79.47334,43.62379],[-79.4732,43.62365],[-79.47303,43.62351],[-79.47282,43.62341],[-79.47261,43.62344],[-79.4724,43.6235],[-79.47224,43.62366],[-79.47207,43.62383],[-79.47192,43.62399],[-79.47178,43.62416],[-79.47166,43.62424],[-79.47156,43.62435],[-79.47163,43.62449],[-79.47168,43.62467],[-79.47181,43.62483],[-79.47198,43.62498],[-79.472,43.62518],[-79.47203,43.62536],[-79.47184,43.62533],[-79.47162,43.6252],[-79.47135,43.62512],[-79.47111,43.62516],[-79.47091,43.62528],[-79.47067,43.62534],[-79.47046,43.62525],[-79.4703,43.62507],[-79.47021,43.62486],[-79.47017,43.62464],[-79.47012,43.62441],[-79.47008,43.62417],[-79.47001,43.62395],[-79.46991,43.62373],[-79.46978,43.62352],[-79.46962,43.6233],[-79.46945,43.62312],[-79.46923,43.62296],[-79.46913,43.62278],[-79.4692,43.62257],[-79.46939,43.62243],[-79.46962,43.62239],[-79.46988,43.62248],[-79.47017,43.62254],[-79.47047,43.62257],[-79.47078,43.62255],[-79.4711,43.62253],[-79.47139,43.62249],[-79.47169,43.62245],[-79.47196,43.62242],[-79.47225,43.6224],[-79.47254,43.62241],[-79.47278,43.62234],[-79.47301,43.62222],[-79.47324,43.62207],[-79.47343,43.62188],[-79.47364,43.62168],[-79.47384,43.62147],[-79.47403,43.62125],[-79.47421,43.62103],[-79.47439,43.62082],[-79.47455,43.62061],[-79.47469,43.6204],[-79.47482,43.62019],[-79.47482,43.61999],[-79.47474,43.61981],[-79.47463,43.61962],[-79.47446,43.61945],[-79.47435,43.61926],[-79.47432,43.61906],[-79.47441,43.61886],[-79.47464,43.61874],[-79.4749,43.61873],[-79.47513,43.61881],[-79.47531,43.61894],[-79.47535,43.61912],[-79.47544,43.61928],[-79.47552,43.61946],[-79.47562,43.61965],[-79.47577,43.61978],[-79.47598,43.61983],[-79.4762,43.61986],[-79.47638,43.61986],[-79.47655,43.61996],[-79.47681,43.62002],[-79.47706,43.62012],[-79.47722,43.62025],[-79.47721,43.62041],[-79.47714,43.62058],[-79.47716,43.62074],[-79.47705,43.62082],[-79.47706,43.62094],[-79.47715,43.62109],[-79.47729,43.62127],[-79.47742,43.62145],[-79.47755,43.62159],[-79.47778,43.62162],[-79.47805,43.62158],[-79.4783,43.62155],[-79.47856,43.62151],[-79.47883,43.62154],[-79.47909,43.6216],[-79.47935,43.62167],[-79.47959,43.62169],[-79.47982,43.62167],[-79.48006,43.62169],[-79.48031,43.62178],[-79.48056,43.62182],[-79.48082,43.62188],[-79.48108,43.62194],[-79.48103,43.62189],[-79.48082,43.62183],[-79.4806,43.62178],[-79.48049,43.62171],[-79.48061,43.62165],[-79.48084,43.62165],[-79.48107,43.62168],[-79.4813,43.62176],[-79.48158,43.62183],[-79.48143,43.62156],[-79.48143,43.6214],[-79.48156,43.62123],[-79.48162,43.62105],[-79.48163,43.62086],[-79.48146,43.62073],[-79.48122,43.62069],[-79.481,43.62072],[-79.48081,43.6208],[-79.48068,43.62094],[-79.48054,43.62108],[-79.48033,43.62108],[-79.48012,43.62099],[-79.47994,43.62088],[-79.4798,43.62074],[-79.47968,43.6206],[-79.47953,43.62054],[-79.47945,43.62048],[-79.47956,43.62038],[-79.47947,43.6203],[-79.47934,43.62031],[-79.47923,43.62036],[-79.47912,43.62028],[-79.47899,43.62017],[-79.47877,43.62011],[-79.47854,43.62001],[-79.47834,43.61988],[-79.47808,43.61978],[-79.47784,43.61973],[-79.47758,43.61972],[-79.47735,43.61968],[-79.47713,43.61962],[-79.47697,43.6195],[-79.47678,43.6194],[-79.47664,43.61926],[-79.47652,43.61909],[-79.47648,43.61891],[-79.47654,43.61873],[-79.47667,43.61856],[-79.47687,43.61846],[-79.47707,43.61838],[-79.47727,43.61833],[-79.47748,43.61833],[-79.47768,43.61842],[-79.47782,43.61856],[-79.47786,43.61871],[-79.47796,43.61883],[-79.4781,43.61892],[-79.47812,43.61904],[-79.47817,43.61911],[-79.47833,43.61912],[-79.47838,43.61901],[-79.47844,43.61891],[-79.47861,43.61881],[-79.47877,43.61871],[-79.47884,43.61861],[-79.47878,43.61849],[-79.47874,43.61835],[-79.47866,43.61819],[-79.47851,43.61805],[-79.47834,43.61793],[-79.47813,43.61783],[-79.47793,43.61774],[-79.47776,43.61763],[-79.47759,43.61756],[-79.4775,43.6175],[-79.4774,43.61742],[-79.47727,43.61736],[-79.47709,43.6174],[-79.47691,43.61741],[-79.47673,43.61747],[-79.47659,43.61756],[-79.47647,43.61767],[-79.47632,43.61776],[-79.47617,43.61786],[-79.47606,43.61796],[-79.47603,43.61805],[-79.47595,43.61815],[-79.47583,43.61815],[-79.47566,43.61808],[-79.47546,43.61804],[-79.4753,43.61802],[-79.47515,43.618],[-79.47503,43.6179],[-79.47497,43.61781],[-79.47512,43.61769],[-79.47528,43.61769],[-79.47551,43.61763],[-79.47574,43.61752],[-79.4759,43.61736],[-79.47602,43.6172],[-79.47612,43.61705],[-79.47614,43.61696],[-79.47624,43.61688],[-79.47638,43.61675],[-79.47652,43.61659],[-79.47665,43.61643],[-79.47678,43.61628],[-79.4769,43.61609],[-79.47703,43.6159],[-79.47716,43.6157],[-79.47726,43.61552],[-79.47735,43.61532],[-79.47745,43.61514],[-79.47751,43.61497],[-79.47742,43.61484],[-79.4773,43.61476],[-79.47721,43.61466],[-79.47705,43.61456],[-79.47693,43.61446],[-79.47701,43.61433],[-79.47715,43.61425],[-79.47729,43.6142],[-79.47746,43.61424],[-79.4776,43.61429],[-79.47781,43.61434],[-79.47801,43.61437],[-79.47819,43.61441],[-79.47828,43.61445],[-79.47831,43.61445],[-79.47832,43.61444],[-79.47849,43.61437],[-79.47862,43.61425],[-79.47874,43.61409],[-79.47884,43.61394],[-79.47893,43.61377],[-79.47902,43.61362],[-79.47908,43.61345],[-79.47918,43.6133],[-79.47923,43.61315],[-79.47928,43.61304],[-79.47923,43.61292],[-79.47914,43.61279],[-79.47908,43.61265],[-79.47901,43.61252],[-79.47891,43.6124],[-79.47889,43.61225],[-79.47893,43.6121],[-79.47907,43.61198],[-79.47924,43.61193],[-79.47944,43.61193],[-79.47961,43.61202],[-79.4798,43.61213],[-79.47996,43.6123],[-79.48004,43.6125],[-79.48013,43.61269],[-79.48022,43.61288],[-79.48029,43.61307],[-79.48043,43.61323],[-79.48058,43.61337],[-79.4808,43.61343],[-79.48104,43.61345],[-79.48129,43.61344],[-79.48155,43.6134],[-79.48179,43.61338],[-79.48204,43.61333],[-79.48226,43.61324],[-79.48245,43.61316],[-79.48262,43.61307],[-79.48271,43.61293],[-79.48269,43.61281],[-79.48267,43.61267],[-79.4827,43.61253],[-79.48279,43.6124],[-79.48292,43.61234],[-79.48307,43.61238],[-79.4832,43.61248],[-79.48329,43.61259],[-79.48334,43.61272],[-79.48343,43.61283],[-79.48358,43.61293],[-79.48373,43.613],[-79.48389,43.61304],[-79.48403,43.61307],[-79.48413,43.61313],[-79.48418,43.61322],[-79.48415,43.61331],[-79.48408,43.6134],[-79.484,43.6135],[-79.48392,43.61361],[-79.48383,43.61372],[-79.48374,43.61381],[-79.48368,43.61392],[-79.48362,43.61405],[-79.48354,43.61416],[-79.48349,43.61428],[-79.48346,43.61441],[-79.48343,43.61453],[-79.48338,43.61465],[-79.48333,43.61475],[-79.48325,43.61479],[-79.48315,43.61477],[-79.4831,43.61471],[-79.4831,43.6146],[-79.4831,43.61448],[-79.48309,43.61437],[-79.48306,43.61426],[-79.48295,43.61419],[-79.48283,43.61419],[-79.48283,43.61412],[-79.48284,43.61401],[-79.4827,43.61397],[-79.48253,43.61396],[-79.48234,43.61398],[-79.48217,43.61398],[-79.48203,43.61405],[-79.48193,43.61411],[-79.48178,43.61412],[-79.48162,43.61409],[-79.48147,43.61408],[-79.4813,43.61406],[-79.48116,43.61406],[-79.48102,43.61405],[-79.48084,43.61404],[-79.48068,43.61405],[-79.48053,43.61406],[-79.48043,43.61412],[-79.48038,43.61423],[-79.48036,43.61435],[-79.48033,43.6145],[-79.48029,43.61463],[-79.48026,43.61477],[-79.4802,43.61489],[-79.48018,43.61503],[-79.48012,43.61515],[-79.48011,43.61528],[-79.48011,43.6154],[-79.48013,43.61547],[-79.48025,43.61549],[-79.48037,43.61552],[-79.48047,43.61555],[-79.48053,43.61561],[-79.48055,43.61571],[-79.48053,43.61581],[-79.48049,43.6159],[-79.48046,43.616],[-79.48045,43.61612],[-79.48043,43.6162],[-79.48036,43.61622],[-79.48028,43.61622],[-79.48018,43.61618],[-79.48006,43.61618],[-79.47996,43.61624],[-79.47987,43.61632],[-79.47977,43.61641],[-79.47967,43.61649],[-79.47954,43.61657],[-79.47944,43.61666],[-79.47934,43.61675],[-79.47921,43.61684],[-79.47907,43.61691],[-79.47895,43.61701],[-79.47885,43.6171],[-79.47888,43.61716],[-79.479,43.61725],[-79.47913,43.61734],[-79.47925,43.61744],[-79.47939,43.61755],[-79.47953,43.61764],[-79.47966,43.61775],[-79.47979,43.61784],[-79.47994,43.61796],[-79.48008,43.61806],[-79.48022,43.61815],[-79.48035,43.61823],[-79.48046,43.61833],[-79.48056,43.61839],[-79.48063,43.61835],[-79.48073,43.61829],[-79.48084,43.61824],[-79.48094,43.61819],[-79.48105,43.61812],[-79.48118,43.61805],[-79.48124,43.61798],[-79.48123,43.61793],[-79.48123,43.61785],[-79.48131,43.61784],[-79.48138,43.61792],[-79.48145,43.61799],[-79.48156,43.61805],[-79.48165,43.61811],[-79.48162,43.61816],[-79.48155,43.61821],[-79.48147,43.61826],[-79.48137,43.61831],[-79.48126,43.61839],[-79.4812,43.6185],[-79.48124,43.61859],[-79.48136,43.61865],[-79.48149,43.61864],[-79.48158,43.61865],[-79.48165,43.61873]]]}},{"type":"Feature","properties":{"num":7,"name":"York West"},"geometry":{"type":"Polygon","coordinates":[[[-79.53783,43.71324],[-79.53783,43.71352],[-79.53785,43.71372],[-79.53794,43.71402],[-79.53801,43.71432],[-79.53821,43.71459],[-79.5386,43.71474],[-79.53903,43.71486],[-79.53944,43.71494],[-79.53985,43.71499],[-79.54026,43.71507],[-79.54048,43.71515],[-79.54074,43.71537],[-79.54077,43.71564],[-79.5407,43.71593],[-79.54066,43.71602],[-79.54062,43.7162],[-79.54069,43.71655],[-79.54092,43.71675],[-79.5413,43.71687],[-79.54149,43.71685],[-79.54169,43.71683],[-79.54204,43.71679],[-79.54242,43.71678],[-79.54244,43.71678],[-79.54256,43.7168],[-79.54318,43.71692],[-79.54327,43.71695],[-79.54365,43.71716],[-79.54386,43.71735],[-79.54386,43.71736],[-79.54393,43.71743],[-79.54408,43.71772],[-79.54404,43.71804],[-79.54398,43.71814],[-79.54385,43.71835],[-79.54371,43.71863],[-79.54348,43.71901],[-79.54346,43.71907],[-79.54341,43.71914],[-79.54331,43.71933],[-79.54323,43.71948],[-79.54318,43.7196],[-79.54308,43.71973],[-79.54304,43.71977],[-79.54295,43.72004],[-79.54281,43.72037],[-79.54256,43.72069],[-79.54243,43.72082],[-79.54227,43.72098],[-79.54192,43.7212],[-79.5417,43.72135],[-79.54156,43.72146],[-79.54123,43.72169],[-79.54097,43.72196],[-79.54079,43.72228],[-79.54072,43.72262],[-79.54073,43.72297],[-79.54074,43.72319],[-79.54076,43.72325],[-79.54075,43.72331],[-79.54071,43.72357],[-79.54077,43.72392],[-79.54097,43.72424],[-79.54113,43.72459],[-79.54128,43.72494],[-79.54134,43.72529],[-79.54131,43.72564],[-79.54115,43.72594],[-79.54087,43.72614],[-79.54047,43.72624],[-79.54004,43.72626],[-79.53961,43.72624],[-79.5392,43.72633],[-79.53882,43.72646],[-79.53848,43.72665],[-79.53828,43.72692],[-79.53823,43.72727],[-79.53832,43.72762],[-79.53844,43.72797],[-79.53854,43.7283],[-79.53867,43.72863],[-79.5388,43.72896],[-79.53887,43.72927],[-79.53874,43.72955],[-79.53862,43.72985],[-79.53857,43.73016],[-79.53854,43.73052],[-79.53854,43.73083],[-79.53851,43.73113],[-79.53847,43.73134],[-79.53846,43.73141],[-79.53843,43.73163],[-79.53847,43.73178],[-79.53863,43.73195],[-79.53893,43.73208],[-79.53924,43.73209],[-79.53949,43.73196],[-79.53942,43.73167],[-79.53931,43.7314],[-79.53924,43.73113],[-79.53929,43.7309],[-79.53944,43.73068],[-79.5396,43.73044],[-79.53979,43.7302],[-79.53996,43.72997],[-79.54015,43.72979],[-79.54047,43.72967],[-79.54082,43.72959],[-79.54115,43.7296],[-79.54156,43.72966],[-79.54199,43.72972],[-79.54238,43.72981],[-79.54279,43.72985],[-79.54322,43.72993],[-79.5436,43.73005],[-79.54391,43.73021],[-79.54424,43.73038],[-79.54456,43.73058],[-79.54483,43.73081],[-79.54486,43.73103],[-79.54457,43.7312],[-79.54427,43.73137],[-79.54401,43.73156],[-79.54385,43.73179],[-79.54389,43.73206],[-79.54408,43.73229],[-79.54441,43.73239],[-79.5446,43.73242],[-79.5448,43.73238],[-79.54499,43.73228],[-79.54513,43.73216],[-79.54534,43.73186],[-79.5455,43.73154],[-79.54559,43.73149],[-79.54586,43.73146],[-79.54633,43.73145],[-79.54677,43.73157],[-79.54719,43.73177],[-79.54756,43.73196],[-79.5477,43.73216],[-79.54781,43.7324],[-79.54822,43.73258],[-79.54856,43.73272],[-79.54887,43.73284],[-79.54895,43.73288],[-79.54904,43.73299],[-79.54919,43.73311],[-79.54961,43.73324],[-79.55002,43.73331],[-79.55036,43.73355],[-79.55046,43.73374],[-79.55049,43.73388],[-79.5505,43.73396],[-79.55045,43.73412],[-79.55044,43.73425],[-79.55048,43.73443],[-79.55056,43.73462],[-79.55056,43.73473],[-79.55048,43.73482],[-79.55034,43.7349],[-79.55004,43.73506],[-79.54964,43.73529],[-79.54937,43.73549],[-79.54912,43.73572],[-79.54909,43.73581],[-79.54911,43.73591],[-79.54916,43.73594],[-79.54943,43.73595],[-79.54958,43.73595],[-79.54984,43.7359],[-79.55001,43.73587],[-79.55029,43.73588],[-79.55046,43.73602],[-79.55053,43.73622],[-79.55056,43.73642],[-79.55052,43.73657],[-79.55045,43.7367],[-79.55025,43.73692],[-79.55006,43.7372],[-79.55009,43.73751],[-79.55,43.73781],[-79.54994,43.73793],[-79.54988,43.73799],[-79.54976,43.738],[-79.54967,43.73797],[-79.5495,43.73793],[-79.54928,43.73793],[-79.54888,43.73804],[-79.54858,43.73825],[-79.54837,43.7385],[-79.54836,43.73878],[-79.54822,43.739],[-79.54784,43.73907],[-79.54758,43.7392],[-79.54748,43.73925],[-79.54713,43.73945],[-79.54695,43.73954],[-79.54678,43.73962],[-79.54643,43.7398],[-79.54619,43.74007],[-79.5461,43.74037],[-79.54614,43.74053],[-79.54617,43.74066],[-79.54618,43.7407],[-79.5464,43.74095],[-79.54641,43.74096],[-79.54671,43.74118],[-79.54703,43.74139],[-79.54733,43.74157],[-79.54762,43.74175],[-79.548,43.74182],[-79.54841,43.74177],[-79.54878,43.74171],[-79.54913,43.74177],[-79.54935,43.74196],[-79.54931,43.74221],[-79.54921,43.74234],[-79.54923,43.74247],[-79.54934,43.74255],[-79.54949,43.74254],[-79.54984,43.74238],[-79.54999,43.7423],[-79.55022,43.7423],[-79.5504,43.74235],[-79.55043,43.74242],[-79.55041,43.74255],[-79.55023,43.74273],[-79.54994,43.74296],[-79.54983,43.74329],[-79.54984,43.7436],[-79.55001,43.74387],[-79.55037,43.74409],[-79.5508,43.74421],[-79.55121,43.74425],[-79.55156,43.7442],[-79.55194,43.74407],[-79.55226,43.74388],[-79.55253,43.74376],[-79.55256,43.74374],[-79.55295,43.7436],[-79.55334,43.74351],[-79.55365,43.74344],[-79.55398,43.74333],[-79.55438,43.74323],[-79.55476,43.74322],[-79.5552,43.74322],[-79.55563,43.74324],[-79.55604,43.74322],[-79.55646,43.74311],[-79.55674,43.74287],[-79.5569,43.74259],[-79.55698,43.74227],[-79.55693,43.74194],[-79.5568,43.74149],[-79.5568,43.74142],[-79.55682,43.74139],[-79.55697,43.74133],[-79.55718,43.74121],[-79.55746,43.74102],[-79.55764,43.74097],[-79.55784,43.74098],[-79.55818,43.74118],[-79.55838,43.74147],[-79.5584,43.74177],[-79.55834,43.74185],[-79.55811,43.74196],[-79.55796,43.74199],[-79.55787,43.74206],[-79.55785,43.74214],[-79.55789,43.74223],[-79.55807,43.74251],[-79.55839,43.74274],[-79.55876,43.74293],[-79.55915,43.74301],[-79.55928,43.74298],[-79.55939,43.7428],[-79.55943,43.74263],[-79.55957,43.74253],[-79.55977,43.74251],[-79.56003,43.74255],[-79.56036,43.74261],[-79.56038,43.74258],[-79.56038,43.74249],[-79.56025,43.74224],[-79.56006,43.74196],[-79.55973,43.74142],[-79.55959,43.74128],[-79.55931,43.74105],[-79.5587,43.74069],[-79.55864,43.74047],[-79.55868,43.74027],[-79.5589,43.74007],[-79.55928,43.73989],[-79.55989,43.73982],[-79.56025,43.7398],[-79.56061,43.73979],[-79.56105,43.73982],[-79.5614,43.73989],[-79.56174,43.73996],[-79.56218,43.74008],[-79.56253,43.74018],[-79.56294,43.74044],[-79.56318,43.74065],[-79.56335,43.7409],[-79.56337,43.74132],[-79.5633,43.74166],[-79.56304,43.74186],[-79.56272,43.74204],[-79.56207,43.74212],[-79.56175,43.74212],[-79.56138,43.74219],[-79.56115,43.74231],[-79.561,43.74259],[-79.56098,43.74264],[-79.561,43.74264],[-79.56146,43.74267],[-79.5619,43.74271],[-79.5623,43.74287],[-79.56246,43.74316],[-79.56245,43.74346],[-79.56224,43.74377],[-79.56217,43.74409],[-79.56236,43.74432],[-79.56273,43.7445],[-79.56305,43.74466],[-79.56341,43.74481],[-79.56368,43.74505],[-79.56398,43.74527],[-79.56439,43.74542],[-79.5648,43.74556],[-79.56522,43.74569],[-79.56568,43.74578],[-79.56612,43.74586],[-79.56652,43.7459],[-79.56688,43.74596],[-79.56727,43.74602],[-79.56764,43.74608],[-79.56862,43.74626],[-79.56913,43.74638],[-79.5694,43.7464],[-79.56975,43.74647],[-79.57016,43.74658],[-79.57058,43.74665],[-79.57093,43.74674],[-79.57127,43.74681],[-79.57166,43.74682],[-79.57206,43.74681],[-79.57247,43.74685],[-79.57285,43.74697],[-79.57312,43.74718],[-79.57331,43.74743],[-79.57338,43.7477],[-79.57335,43.74801],[-79.57322,43.74835],[-79.57313,43.74866],[-79.57302,43.74893],[-79.57289,43.7492],[-79.57276,43.74947],[-79.5727,43.74972],[-79.57278,43.74998],[-79.57297,43.75021],[-79.57327,43.75037],[-79.57362,43.75035],[-79.57401,43.75025],[-79.57441,43.75017],[-79.57482,43.75012],[-79.57514,43.75006],[-79.57552,43.75004],[-79.57593,43.75008],[-79.57631,43.75013],[-79.57671,43.75017],[-79.57711,43.7502],[-79.5775,43.75029],[-79.5779,43.75037],[-79.57827,43.75049],[-79.57857,43.75067],[-79.57891,43.7508],[-79.5792,43.75097],[-79.57947,43.75119],[-79.57972,43.75141],[-79.58001,43.75158],[-79.58037,43.75171],[-79.58075,43.75182],[-79.58079,43.75183],[-79.58111,43.75193],[-79.58149,43.75206],[-79.58186,43.75218],[-79.58223,43.75229],[-79.58256,43.75241],[-79.58266,43.75246],[-79.58286,43.75256],[-79.58311,43.75276],[-79.58315,43.753],[-79.58313,43.75325],[-79.58311,43.75351],[-79.58313,43.75373],[-79.58334,43.75392],[-79.58365,43.75406],[-79.58394,43.75421],[-79.58414,43.75441],[-79.58425,43.75463],[-79.58429,43.75482],[-79.58421,43.75502],[-79.58417,43.75525],[-79.58428,43.75547],[-79.58443,43.75565],[-79.5846,43.75583],[-79.5848,43.75595],[-79.58499,43.75611],[-79.58512,43.7563],[-79.58521,43.75651],[-79.5852,43.75674],[-79.58512,43.75696],[-79.585,43.75712],[-79.58479,43.75716],[-79.58451,43.7572],[-79.58426,43.75724],[-79.58403,43.7573],[-79.58386,43.75745],[-79.58382,43.75762],[-79.5839,43.75783],[-79.58399,43.75802],[-79.58407,43.75821],[-79.58409,43.7584],[-79.584,43.75857],[-79.58382,43.75871],[-79.58355,43.75876],[-79.58326,43.75871],[-79.58298,43.75864],[-79.58271,43.75853],[-79.58241,43.75852],[-79.58208,43.75855],[-79.5818,43.7586],[-79.58151,43.75866],[-79.58122,43.75874],[-79.58099,43.75883],[-79.58077,43.75894],[-79.58062,43.75909],[-79.58058,43.75925],[-79.58064,43.75943],[-79.5807,43.75959],[-79.58078,43.7598],[-79.58078,43.76001],[-79.58074,43.76021],[-79.58063,43.76037],[-79.5804,43.7605],[-79.5802,43.76057],[-79.57995,43.76061],[-79.57975,43.76066],[-79.57953,43.76074],[-79.57933,43.76085],[-79.57919,43.76099],[-79.57906,43.76118],[-79.57893,43.76133],[-79.57876,43.76147],[-79.57858,43.7616],[-79.57839,43.7617],[-79.57821,43.7618],[-79.57804,43.76188],[-79.57786,43.76194],[-79.57768,43.76202],[-79.57754,43.76214],[-79.57758,43.76227],[-79.57779,43.76242],[-79.57794,43.76243],[-79.57805,43.76243],[-79.57816,43.76241],[-79.57832,43.76238],[-79.57844,43.76234],[-79.57857,43.76231],[-79.57866,43.76228],[-79.57872,43.76227],[-79.57891,43.76224],[-79.57907,43.76223],[-79.57925,43.76222],[-79.57939,43.76223],[-79.57948,43.76226],[-79.57953,43.76228],[-79.57959,43.76231],[-79.57963,43.76234],[-79.57978,43.76243],[-79.57982,43.76248],[-79.57992,43.76256],[-79.58001,43.76262],[-79.5801,43.76269],[-79.58018,43.76274],[-79.58027,43.76278],[-79.58035,43.76282],[-79.58043,43.76286],[-79.58048,43.76289],[-79.58065,43.76303],[-79.57754,43.76371],[-79.57733,43.76377],[-79.57715,43.76383],[-79.577,43.76387],[-79.57676,43.76392],[-79.57657,43.76395],[-79.57622,43.76403],[-79.57608,43.76406],[-79.57589,43.7641],[-79.57587,43.7641],[-79.57548,43.76419],[-79.57488,43.76435],[-79.57115,43.76517],[-79.571,43.76521],[-79.56902,43.76563],[-79.56479,43.76656],[-79.56063,43.76741],[-79.56056,43.76743],[-79.55781,43.76799],[-79.55499,43.76858],[-79.5522,43.76913],[-79.5496,43.76968],[-79.54653,43.77029],[-79.54345,43.77093],[-79.54066,43.7715],[-79.53796,43.77207],[-79.5378,43.7721],[-79.53773,43.77211],[-79.53541,43.77259],[-79.53508,43.77265],[-79.53488,43.7727],[-79.53419,43.76982],[-79.53397,43.76887],[-79.53227,43.76171],[-79.5317,43.75939],[-79.53139,43.75804],[-79.53132,43.75777],[-79.53126,43.75747],[-79.53114,43.75696],[-79.53079,43.75549],[-79.53057,43.75452],[-79.53042,43.75455],[-79.52853,43.75497],[-79.52691,43.75532],[-79.52429,43.75594],[-79.52251,43.75636],[-79.5207,43.75674],[-79.51955,43.75702],[-79.51933,43.75706],[-79.51897,43.75714],[-79.51857,43.75717],[-79.51808,43.75722],[-79.51773,43.75725],[-79.51708,43.75487],[-79.51649,43.75252],[-79.51648,43.75247],[-79.51635,43.7519],[-79.51633,43.75183],[-79.51608,43.75075],[-79.51569,43.74916],[-79.51513,43.74711],[-79.51502,43.74647],[-79.5147,43.74527],[-79.51459,43.7449],[-79.51441,43.74413],[-79.51415,43.74313],[-79.51369,43.74125],[-79.51322,43.7394],[-79.51245,43.7367],[-79.51231,43.7362],[-79.51225,43.73594],[-79.51193,43.73458],[-79.51154,43.7329],[-79.51128,43.73183],[-79.51107,43.7309],[-79.51071,43.72931],[-79.50961,43.7249],[-79.50925,43.72346],[-79.50898,43.72237],[-79.50889,43.72196],[-79.50864,43.72093],[-79.50816,43.71909],[-79.50798,43.71841],[-79.50788,43.71799],[-79.50929,43.71782],[-79.51008,43.71773],[-79.51174,43.71752],[-79.51377,43.71728],[-79.51566,43.71706],[-79.51832,43.71679],[-79.51849,43.71677],[-79.51854,43.71677],[-79.51871,43.71675],[-79.51921,43.71669],[-79.52025,43.71657],[-79.52048,43.71654],[-79.5205,43.71654],[-79.52421,43.71618],[-79.52422,43.71618],[-79.52435,43.71616],[-79.52449,43.71615],[-79.52462,43.71613],[-79.52476,43.71611],[-79.5249,43.71609],[-79.52503,43.71607],[-79.52517,43.71605],[-79.52531,43.71603],[-79.52544,43.71601],[-79.52558,43.71599],[-79.52572,43.71596],[-79.52585,43.71594],[-79.52599,43.71592],[-79.52609,43.7159],[-79.52619,43.71588],[-79.52628,43.71587],[-79.52638,43.71585],[-79.52648,43.71583],[-79.52658,43.71581],[-79.52666,43.7158],[-79.52668,43.71579],[-79.52678,43.71577],[-79.52688,43.71575],[-79.52697,43.71573],[-79.52707,43.71571],[-79.52717,43.71569],[-79.52727,43.71567],[-79.52736,43.71564],[-79.52746,43.71562],[-79.52756,43.71559],[-79.52765,43.71557],[-79.52775,43.71554],[-79.52823,43.71544],[-79.5296,43.71512],[-79.5308,43.71485],[-79.53368,43.71418],[-79.53529,43.71381],[-79.53625,43.71359],[-79.53769,43.71327],[-79.53783,43.71324]]]}},{"type":"Feature","properties":{"num":8,"name":"York West"},"geometry":{"type":"Polygon","coordinates":[[[-79.51513,43.74711],[-79.51569,43.74916],[-79.51608,43.75075],[-79.51633,43.75183],[-79.51635,43.7519],[-79.51648,43.75247],[-79.51649,43.75252],[-79.51708,43.75487],[-79.51773,43.75725],[-79.51808,43.75722],[-79.51857,43.75717],[-79.51897,43.75714],[-79.51933,43.75706],[-79.51955,43.75702],[-79.5207,43.75674],[-79.52251,43.75636],[-79.52429,43.75594],[-79.52691,43.75532],[-79.52853,43.75497],[-79.53042,43.75455],[-79.53057,43.75452],[-79.53079,43.75549],[-79.53114,43.75696],[-79.53126,43.75747],[-79.53132,43.75777],[-79.53139,43.75804],[-79.5317,43.75939],[-79.53227,43.76171],[-79.53397,43.76887],[-79.53419,43.76982],[-79.53488,43.7727],[-79.53441,43.77279],[-79.53332,43.77298],[-79.53178,43.77332],[-79.52978,43.77373],[-79.52976,43.77373],[-79.52684,43.77431],[-79.52345,43.775],[-79.52301,43.7751],[-79.52231,43.77529],[-79.52174,43.77548],[-79.52162,43.77552],[-79.52134,43.77556],[-79.5211,43.77563],[-79.5208,43.77571],[-79.52057,43.77576],[-79.5204,43.77579],[-79.52016,43.77583],[-79.51995,43.77588],[-79.5196,43.77591],[-79.51928,43.77596],[-79.51901,43.77599],[-79.51876,43.77603],[-79.51701,43.77637],[-79.5111,43.77773],[-79.50434,43.77925],[-79.49737,43.78091],[-79.49451,43.78159],[-79.49013,43.78259],[-79.48731,43.78323],[-79.48446,43.78391],[-79.48106,43.78471],[-79.47472,43.7862],[-79.47009,43.78729],[-79.47007,43.7868],[-79.47007,43.78647],[-79.47008,43.78611],[-79.47018,43.78293],[-79.47019,43.78274],[-79.47018,43.78264],[-79.47016,43.78242],[-79.47012,43.7822],[-79.47008,43.78197],[-79.47004,43.7818],[-79.46982,43.78085],[-79.46912,43.77795],[-79.46847,43.7752],[-79.46779,43.77237],[-79.46772,43.77209],[-79.46765,43.77179],[-79.46693,43.76886],[-79.46626,43.76582],[-79.46613,43.76523],[-79.4657,43.7633],[-79.46521,43.76105],[-79.46521,43.76103],[-79.46516,43.7609],[-79.46512,43.7608],[-79.46509,43.76063],[-79.46508,43.76056],[-79.46503,43.76029],[-79.465,43.76002],[-79.46497,43.75971],[-79.46496,43.75948],[-79.46495,43.75942],[-79.46495,43.75937],[-79.46496,43.75913],[-79.46498,43.75894],[-79.46498,43.75888],[-79.46497,43.75867],[-79.465,43.75839],[-79.465,43.75829],[-79.46501,43.75802],[-79.46502,43.75777],[-79.46497,43.75754],[-79.46495,43.7574],[-79.46494,43.75729],[-79.46491,43.75716],[-79.46486,43.75691],[-79.4648,43.75656],[-79.4646,43.75564],[-79.46433,43.7544],[-79.46339,43.75026],[-79.46396,43.75015],[-79.46402,43.75015],[-79.4643,43.75013],[-79.46453,43.75016],[-79.46483,43.75019],[-79.46499,43.75022],[-79.46513,43.75027],[-79.46526,43.75031],[-79.46538,43.75035],[-79.4655,43.75041],[-79.46564,43.75047],[-79.46572,43.75052],[-79.46722,43.75194],[-79.46816,43.75284],[-79.46854,43.75321],[-79.46886,43.75349],[-79.46919,43.75374],[-79.46966,43.75404],[-79.4699,43.75419],[-79.47036,43.75438],[-79.47097,43.75462],[-79.47171,43.75491],[-79.47243,43.75519],[-79.47297,43.75539],[-79.4731,43.75542],[-79.47329,43.75546],[-79.47377,43.75553],[-79.4743,43.75555],[-79.47455,43.75555],[-79.47471,43.75554],[-79.47494,43.75552],[-79.47519,43.75548],[-79.47858,43.75471],[-79.4795,43.7545],[-79.48029,43.75433],[-79.48062,43.75425],[-79.48071,43.75423],[-79.48098,43.75416],[-79.4811,43.75413],[-79.48129,43.75406],[-79.48158,43.75391],[-79.4817,43.75384],[-79.48194,43.7537],[-79.482,43.75366],[-79.48211,43.75357],[-79.48226,43.75345],[-79.48239,43.75331],[-79.48246,43.75324],[-79.48254,43.75314],[-79.4826,43.75307],[-79.48264,43.75303],[-79.48274,43.75286],[-79.4828,43.75274],[-79.48287,43.75253],[-79.4829,43.75241],[-79.48292,43.75222],[-79.48287,43.75081],[-79.48279,43.7483],[-79.48272,43.74772],[-79.48272,43.74756],[-79.48274,43.74736],[-79.48274,43.7472],[-79.48278,43.74699],[-79.48281,43.74683],[-79.48288,43.74665],[-79.48298,43.74639],[-79.48308,43.74624],[-79.48329,43.74599],[-79.48337,43.74592],[-79.48349,43.74581],[-79.48363,43.74568],[-79.48382,43.74558],[-79.48392,43.7455],[-79.484,43.74545],[-79.48418,43.74535],[-79.48435,43.74528],[-79.4846,43.74517],[-79.48484,43.74509],[-79.48501,43.74505],[-79.48646,43.74479],[-79.48759,43.74962],[-79.48818,43.75203],[-79.48947,43.75184],[-79.48952,43.7519],[-79.48957,43.75194],[-79.48966,43.75197],[-79.48971,43.75201],[-79.48978,43.75205],[-79.48984,43.7521],[-79.4899,43.75215],[-79.48996,43.75218],[-79.49009,43.75231],[-79.49024,43.75244],[-79.49035,43.75252],[-79.49043,43.75258],[-79.49045,43.7526],[-79.49052,43.75267],[-79.49063,43.75275],[-79.49089,43.75287],[-79.49094,43.75288],[-79.491,43.7529],[-79.49104,43.75291],[-79.49112,43.75294],[-79.49118,43.75295],[-79.49126,43.75297],[-79.49137,43.75298],[-79.49144,43.75299],[-79.49153,43.75301],[-79.49173,43.75303],[-79.49207,43.75299],[-79.49219,43.75296],[-79.49229,43.75295],[-79.4924,43.75293],[-79.49368,43.75264],[-79.49378,43.75262],[-79.49389,43.7526],[-79.494,43.75256],[-79.49413,43.75252],[-79.49421,43.75249],[-79.49429,43.75247],[-79.49439,43.75242],[-79.4946,43.75235],[-79.49471,43.75228],[-79.49491,43.75219],[-79.49511,43.75206],[-79.49527,43.75196],[-79.49541,43.75187],[-79.49566,43.75169],[-79.49578,43.75157],[-79.49593,43.75147],[-79.49604,43.7514],[-79.49615,43.75131],[-79.49626,43.75123],[-79.49637,43.75115],[-79.49649,43.75107],[-79.49663,43.75096],[-79.49676,43.75089],[-79.49687,43.75083],[-79.49696,43.75079],[-79.49704,43.75074],[-79.49713,43.7507],[-79.49723,43.75066],[-79.49735,43.75062],[-79.49745,43.75058],[-79.49755,43.75055],[-79.49764,43.75053],[-79.49777,43.7505],[-79.49998,43.75],[-79.50132,43.7497],[-79.50223,43.7495],[-79.50252,43.74943],[-79.50275,43.74939],[-79.50291,43.74935],[-79.50306,43.74932],[-79.50326,43.74931],[-79.50338,43.74929],[-79.50353,43.74927],[-79.50366,43.74926],[-79.50384,43.74924],[-79.50412,43.74922],[-79.50434,43.74921],[-79.50449,43.7492],[-79.50464,43.74918],[-79.50474,43.74916],[-79.50494,43.74913],[-79.50528,43.74907],[-79.50545,43.74904],[-79.5056,43.74901],[-79.5058,43.74896],[-79.50594,43.74893],[-79.50604,43.74891],[-79.50616,43.74887],[-79.50626,43.74884],[-79.50634,43.74882],[-79.50645,43.74878],[-79.50654,43.74875],[-79.50684,43.74864],[-79.50702,43.74857],[-79.5072,43.74848],[-79.50806,43.74809],[-79.51045,43.74924],[-79.51244,43.74778],[-79.51252,43.74774],[-79.51258,43.74769],[-79.51268,43.74765],[-79.51279,43.7476],[-79.51291,43.74757],[-79.51304,43.74755],[-79.51317,43.74752],[-79.51513,43.74711]]]}},{"type":"Feature","properties":{"num":9,"name":"York Centre"},"geometry":{"type":"Polygon","coordinates":[[[-79.47261,43.72506],[-79.47368,43.7248],[-79.47435,43.72463],[-79.47731,43.72391],[-79.48132,43.72293],[-79.48136,43.72292],[-79.48392,43.72229],[-79.48898,43.72107],[-79.489,43.72107],[-79.49059,43.72068],[-79.49072,43.72065],[-79.49084,43.72062],[-79.49096,43.72059],[-79.49109,43.72057],[-79.49121,43.72054],[-79.49134,43.72051],[-79.49146,43.72048],[-79.49159,43.72046],[-79.49171,43.72043],[-79.49184,43.72041],[-79.49196,43.72038],[-79.49209,43.72036],[-79.49222,43.72034],[-79.49234,43.72032],[-79.49247,43.72029],[-79.49255,43.72028],[-79.4926,43.72027],[-79.49272,43.72025],[-79.49285,43.72023],[-79.49298,43.72021],[-79.4931,43.72019],[-79.49323,43.72017],[-79.49335,43.72016],[-79.49336,43.72016],[-79.49353,43.72015],[-79.49371,43.72014],[-79.49389,43.72014],[-79.49406,43.72013],[-79.49424,43.72012],[-79.49442,43.72012],[-79.4946,43.72011],[-79.49478,43.72011],[-79.49495,43.72011],[-79.49513,43.7201],[-79.49531,43.7201],[-79.4954,43.7201],[-79.49548,43.72011],[-79.49552,43.72011],[-79.49557,43.72011],[-79.49566,43.72011],[-79.49575,43.72011],[-79.49583,43.72011],[-79.49592,43.72011],[-79.49601,43.72011],[-79.49609,43.72011],[-79.49618,43.7201],[-79.49627,43.7201],[-79.49635,43.7201],[-79.49644,43.72009],[-79.49653,43.72009],[-79.49661,43.72008],[-79.4967,43.72008],[-79.49678,43.72007],[-79.49687,43.72007],[-79.49695,43.72006],[-79.49704,43.72006],[-79.49712,43.72005],[-79.49721,43.72004],[-79.49729,43.72004],[-79.49738,43.72003],[-79.49746,43.72002],[-79.49754,43.72001],[-79.49763,43.72],[-79.49771,43.71999],[-79.4978,43.71998],[-79.49788,43.71997],[-79.49796,43.71995],[-79.49804,43.71994],[-79.49813,43.71993],[-79.49821,43.71991],[-79.49829,43.7199],[-79.49837,43.71989],[-79.49846,43.71987],[-79.49854,43.71986],[-79.49862,43.71984],[-79.4987,43.71983],[-79.49878,43.71981],[-79.49886,43.71979],[-79.49894,43.71978],[-79.49902,43.71976],[-79.4991,43.71974],[-79.49918,43.71972],[-79.49926,43.7197],[-79.49933,43.71968],[-79.49941,43.71966],[-79.49949,43.71964],[-79.49957,43.71962],[-79.49965,43.71959],[-79.49972,43.71957],[-79.4998,43.71955],[-79.49988,43.71952],[-79.49995,43.7195],[-79.50003,43.71947],[-79.50011,43.71945],[-79.50081,43.71924],[-79.50218,43.71883],[-79.50224,43.71881],[-79.50231,43.7188],[-79.50237,43.71878],[-79.50243,43.71876],[-79.5025,43.71874],[-79.50256,43.71872],[-79.50263,43.71871],[-79.50269,43.71869],[-79.50276,43.71867],[-79.50282,43.71866],[-79.50289,43.71864],[-79.50296,43.71863],[-79.50302,43.71862],[-79.50309,43.7186],[-79.50315,43.71859],[-79.50322,43.71858],[-79.50329,43.71857],[-79.50336,43.71856],[-79.50342,43.71855],[-79.50349,43.71854],[-79.50356,43.71853],[-79.50363,43.71852],[-79.5037,43.71852],[-79.50385,43.71849],[-79.504,43.71847],[-79.50415,43.71844],[-79.5043,43.71842],[-79.50446,43.7184],[-79.50461,43.71838],[-79.50473,43.71835],[-79.50651,43.71815],[-79.50757,43.71803],[-79.50788,43.71799],[-79.50798,43.71841],[-79.50816,43.71909],[-79.50864,43.72093],[-79.50889,43.72196],[-79.50898,43.72237],[-79.50925,43.72346],[-79.50961,43.7249],[-79.51071,43.72931],[-79.51107,43.7309],[-79.51128,43.73183],[-79.51154,43.7329],[-79.51193,43.73458],[-79.51225,43.73594],[-79.51231,43.7362],[-79.51245,43.7367],[-79.51322,43.7394],[-79.51369,43.74125],[-79.51415,43.74313],[-79.51441,43.74413],[-79.51459,43.7449],[-79.5147,43.74527],[-79.51502,43.74647],[-79.51513,43.74711],[-79.51317,43.74752],[-79.51304,43.74755],[-79.51291,43.74757],[-79.51279,43.7476],[-79.51268,43.74765],[-79.51258,43.74769],[-79.51252,43.74774],[-79.51244,43.74778],[-79.51045,43.74924],[-79.50806,43.74809],[-79.5072,43.74848],[-79.50702,43.74857],[-79.50684,43.74864],[-79.50654,43.74875],[-79.50645,43.74878],[-79.50634,43.74882],[-79.50626,43.74884],[-79.50616,43.74887],[-79.50604,43.74891],[-79.50594,43.74893],[-79.5058,43.74896],[-79.5056,43.74901],[-79.50545,43.74904],[-79.50528,43.74907],[-79.50494,43.74913],[-79.50474,43.74916],[-79.50464,43.74918],[-79.50449,43.7492],[-79.50434,43.74921],[-79.50412,43.74922],[-79.50384,43.74924],[-79.50366,43.74926],[-79.50353,43.74927],[-79.50338,43.74929],[-79.50326,43.74931],[-79.50306,43.74932],[-79.50291,43.74935],[-79.50275,43.74939],[-79.50252,43.74943],[-79.50223,43.7495],[-79.50132,43.7497],[-79.49998,43.75],[-79.49777,43.7505],[-79.49764,43.75053],[-79.49755,43.75055],[-79.49745,43.75058],[-79.49735,43.75062],[-79.49723,43.75066],[-79.49713,43.7507],[-79.49704,43.75074],[-79.49696,43.75079],[-79.49687,43.75083],[-79.49676,43.75089],[-79.49663,43.75096],[-79.49649,43.75107],[-79.49637,43.75115],[-79.49626,43.75123],[-79.49615,43.75131],[-79.49604,43.7514],[-79.49593,43.75147],[-79.49578,43.75157],[-79.49566,43.75169],[-79.49541,43.75187],[-79.49527,43.75196],[-79.49511,43.75206],[-79.49491,43.75219],[-79.49471,43.75228],[-79.4946,43.75235],[-79.49439,43.75242],[-79.49429,43.75247],[-79.49421,43.75249],[-79.49413,43.75252],[-79.494,43.75256],[-79.49389,43.7526],[-79.49378,43.75262],[-79.49368,43.75264],[-79.4924,43.75293],[-79.49229,43.75295],[-79.49219,43.75296],[-79.49207,43.75299],[-79.49173,43.75303],[-79.49153,43.75301],[-79.49144,43.75299],[-79.49137,43.75298],[-79.49126,43.75297],[-79.49118,43.75295],[-79.49112,43.75294],[-79.49104,43.75291],[-79.491,43.7529],[-79.49094,43.75288],[-79.49089,43.75287],[-79.49063,43.75275],[-79.49052,43.75267],[-79.49045,43.7526],[-79.49043,43.75258],[-79.49035,43.75252],[-79.49024,43.75244],[-79.49009,43.75231],[-79.48996,43.75218],[-79.4899,43.75215],[-79.48984,43.7521],[-79.48978,43.75205],[-79.48971,43.75201],[-79.48966,43.75197],[-79.48957,43.75194],[-79.48952,43.7519],[-79.48947,43.75184],[-79.48818,43.75203],[-79.48759,43.74962],[-79.48646,43.74479],[-79.48501,43.74505],[-79.48484,43.74509],[-79.4846,43.74517],[-79.48435,43.74528],[-79.48418,43.74535],[-79.484,43.74545],[-79.48392,43.7455],[-79.48382,43.74558],[-79.48363,43.74568],[-79.48349,43.74581],[-79.48337,43.74592],[-79.48329,43.74599],[-79.48308,43.74624],[-79.48298,43.74639],[-79.48288,43.74665],[-79.48281,43.74683],[-79.48278,43.74699],[-79.48274,43.7472],[-79.48274,43.74736],[-79.48272,43.74756],[-79.48272,43.74772],[-79.48279,43.7483],[-79.48287,43.75081],[-79.48292,43.75222],[-79.4829,43.75241],[-79.48287,43.75253],[-79.4828,43.75274],[-79.48274,43.75286],[-79.48264,43.75303],[-79.4826,43.75307],[-79.48254,43.75314],[-79.48246,43.75324],[-79.48239,43.75331],[-79.48226,43.75345],[-79.48211,43.75357],[-79.482,43.75366],[-79.48194,43.7537],[-79.4817,43.75384],[-79.48158,43.75391],[-79.48129,43.75406],[-79.4811,43.75413],[-79.48098,43.75416],[-79.48071,43.75423],[-79.48062,43.75425],[-79.48029,43.75433],[-79.4795,43.7545],[-79.47858,43.75471],[-79.47519,43.75548],[-79.47494,43.75552],[-79.47471,43.75554],[-79.47455,43.75555],[-79.4743,43.75555],[-79.47377,43.75553],[-79.47329,43.75546],[-79.4731,43.75542],[-79.47297,43.75539],[-79.47243,43.75519],[-79.47171,43.75491],[-79.47097,43.75462],[-79.47036,43.75438],[-79.4699,43.75419],[-79.46966,43.75404],[-79.46919,43.75374],[-79.46886,43.75349],[-79.46854,43.75321],[-79.46816,43.75284],[-79.46722,43.75194],[-79.46572,43.75052],[-79.46564,43.75047],[-79.4655,43.75041],[-79.46538,43.75035],[-79.46526,43.75031],[-79.46513,43.75027],[-79.46499,43.75022],[-79.46483,43.75019],[-79.46453,43.75016],[-79.4643,43.75013],[-79.46402,43.75015],[-79.46396,43.75015],[-79.46339,43.75026],[-79.4633,43.74986],[-79.46328,43.74973],[-79.46324,43.74953],[-79.4632,43.74936],[-79.46316,43.74919],[-79.46312,43.74904],[-79.46305,43.74884],[-79.46294,43.74863],[-79.46284,43.74848],[-79.4627,43.7483],[-79.46257,43.74813],[-79.46243,43.74799],[-79.46231,43.74789],[-79.46225,43.74783],[-79.4621,43.74772],[-79.46193,43.74759],[-79.46176,43.74748],[-79.46149,43.74733],[-79.46127,43.74721],[-79.46103,43.7471],[-79.4608,43.74697],[-79.46059,43.74686],[-79.46039,43.74675],[-79.4603,43.7467],[-79.46021,43.74665],[-79.46005,43.74656],[-79.45988,43.74647],[-79.45972,43.74638],[-79.45958,43.7463],[-79.45936,43.74616],[-79.45921,43.74604],[-79.45905,43.74591],[-79.45887,43.74578],[-79.45865,43.74564],[-79.45848,43.7455],[-79.4583,43.74535],[-79.45812,43.74519],[-79.45799,43.74508],[-79.45784,43.74496],[-79.45768,43.74481],[-79.45754,43.74469],[-79.4574,43.74457],[-79.45729,43.74446],[-79.45718,43.74436],[-79.45705,43.74424],[-79.45691,43.74413],[-79.45677,43.74401],[-79.45667,43.7439],[-79.45654,43.74378],[-79.45639,43.74367],[-79.4563,43.74357],[-79.45618,43.74347],[-79.45605,43.74334],[-79.45593,43.74322],[-79.45579,43.7431],[-79.45551,43.74289],[-79.45475,43.7422],[-79.45429,43.74185],[-79.45392,43.7415],[-79.45373,43.74133],[-79.45346,43.74104],[-79.45318,43.7408],[-79.45293,43.74054],[-79.45266,43.74026],[-79.45242,43.73998],[-79.45217,43.73966],[-79.45196,43.73932],[-79.45167,43.73873],[-79.4514,43.73812],[-79.45121,43.73759],[-79.45094,43.73682],[-79.45069,43.73611],[-79.45044,43.7354],[-79.45015,43.73465],[-79.44992,43.73403],[-79.44941,43.73256],[-79.44928,43.73221],[-79.44912,43.73167],[-79.44899,43.73109],[-79.44888,43.73035],[-79.44885,43.73023],[-79.44913,43.73018],[-79.44931,43.73013],[-79.44948,43.7301],[-79.44956,43.73008],[-79.44965,43.73006],[-79.44973,43.73004],[-79.44981,43.73003],[-79.4499,43.73001],[-79.44998,43.73],[-79.45006,43.72998],[-79.45015,43.72997],[-79.45023,43.72996],[-79.45032,43.72994],[-79.4504,43.72993],[-79.45048,43.72992],[-79.45057,43.72991],[-79.45065,43.7299],[-79.45074,43.72989],[-79.45082,43.72988],[-79.45091,43.72987],[-79.451,43.72986],[-79.45108,43.72986],[-79.45117,43.72985],[-79.45125,43.72985],[-79.45156,43.72982],[-79.45257,43.72972],[-79.45294,43.72968],[-79.45303,43.72967],[-79.45312,43.72965],[-79.4532,43.72964],[-79.45329,43.72962],[-79.45338,43.72961],[-79.45346,43.72959],[-79.45355,43.72957],[-79.45364,43.72956],[-79.45372,43.72954],[-79.45381,43.72952],[-79.45389,43.7295],[-79.45391,43.7295],[-79.45398,43.72948],[-79.45406,43.72946],[-79.45415,43.72944],[-79.45423,43.72942],[-79.45431,43.7294],[-79.4544,43.72937],[-79.45448,43.72935],[-79.45456,43.72933],[-79.45464,43.72931],[-79.45472,43.72928],[-79.4548,43.72926],[-79.45488,43.72923],[-79.45496,43.72921],[-79.45504,43.72918],[-79.45512,43.72916],[-79.4552,43.72913],[-79.45528,43.7291],[-79.45536,43.72908],[-79.45543,43.72905],[-79.45551,43.72902],[-79.45624,43.72874],[-79.45631,43.72872],[-79.45638,43.72869],[-79.4564,43.72868],[-79.45645,43.72867],[-79.45652,43.72864],[-79.45659,43.72862],[-79.45666,43.7286],[-79.45673,43.72858],[-79.45681,43.72856],[-79.45688,43.72854],[-79.45695,43.72852],[-79.45702,43.7285],[-79.4571,43.72848],[-79.45717,43.72846],[-79.45724,43.72844],[-79.45732,43.72842],[-79.45739,43.72841],[-79.45794,43.72829],[-79.46094,43.72763],[-79.46272,43.72723],[-79.46526,43.72669],[-79.46648,43.72644],[-79.46917,43.72585],[-79.46942,43.72579],[-79.46966,43.72574],[-79.4699,43.72569],[-79.47014,43.72563],[-79.47038,43.72558],[-79.47063,43.72553],[-79.47087,43.72548],[-79.47111,43.72543],[-79.47136,43.72538],[-79.47258,43.72507],[-79.47261,43.72506]]]}},{"type":"Feature","properties":{"num":10,"name":"York Centre"},"geometry":{"type":"Polygon","coordinates":[[[-79.43376,43.73637],[-79.43586,43.73512],[-79.4361,43.73498],[-79.43615,43.73495],[-79.4362,43.73492],[-79.43625,43.73489],[-79.4363,43.73485],[-79.43636,43.73482],[-79.43641,43.73479],[-79.43646,43.73476],[-79.43652,43.73473],[-79.43656,43.73471],[-79.43663,43.73468],[-79.43668,43.73465],[-79.43674,43.73462],[-79.4368,43.7346],[-79.43685,43.73457],[-79.43691,43.73454],[-79.43697,43.73452],[-79.43703,43.73449],[-79.43709,43.73447],[-79.43715,43.73445],[-79.4372,43.73442],[-79.43726,43.7344],[-79.43736,43.73436],[-79.43745,43.73432],[-79.43754,43.73428],[-79.43764,43.73425],[-79.43773,43.73421],[-79.43783,43.73417],[-79.43792,43.73414],[-79.43802,43.7341],[-79.43811,43.73407],[-79.43821,43.73403],[-79.43831,43.734],[-79.4384,43.73397],[-79.4385,43.73394],[-79.4385,43.73393],[-79.43858,43.73391],[-79.43868,43.73387],[-79.43873,43.73386],[-79.43881,43.73383],[-79.43889,43.7338],[-79.43897,43.73377],[-79.43904,43.73374],[-79.43912,43.73371],[-79.4392,43.73368],[-79.43927,43.73365],[-79.43935,43.73362],[-79.43942,43.73359],[-79.4395,43.73355],[-79.43957,43.73352],[-79.43963,43.7335],[-79.43969,43.73347],[-79.43974,43.73345],[-79.4398,43.73342],[-79.43985,43.73339],[-79.43991,43.73337],[-79.43996,43.73334],[-79.44001,43.73331],[-79.44007,43.73329],[-79.44012,43.73326],[-79.44017,43.73323],[-79.44022,43.7332],[-79.44028,43.73317],[-79.44033,43.73314],[-79.44038,43.73311],[-79.44043,43.73308],[-79.44048,43.73305],[-79.44052,43.73302],[-79.44057,43.73298],[-79.44069,43.73291],[-79.44081,43.73283],[-79.44085,43.73281],[-79.44093,43.73276],[-79.44105,43.73268],[-79.44117,43.73261],[-79.44129,43.73253],[-79.44137,43.73248],[-79.44144,43.73244],[-79.44152,43.73238],[-79.4416,43.73234],[-79.44167,43.73229],[-79.44175,43.73224],[-79.44183,43.73219],[-79.44191,43.73215],[-79.44199,43.7321],[-79.44207,43.73206],[-79.44215,43.73201],[-79.44223,43.73197],[-79.44231,43.73192],[-79.4424,43.73188],[-79.44248,43.73184],[-79.44255,43.73181],[-79.44261,43.73177],[-79.44268,43.73174],[-79.44275,43.73171],[-79.44282,43.73168],[-79.44289,43.73166],[-79.44295,43.73163],[-79.44302,43.7316],[-79.44309,43.73157],[-79.44316,43.73154],[-79.44324,43.73152],[-79.44331,43.73149],[-79.44338,43.73147],[-79.44345,43.73144],[-79.44352,43.73142],[-79.4436,43.73139],[-79.44367,43.73137],[-79.44374,43.73135],[-79.44382,43.73133],[-79.44389,43.73131],[-79.44396,43.73128],[-79.44404,43.73126],[-79.44411,43.73124],[-79.44419,43.73122],[-79.44426,43.73121],[-79.44434,43.73119],[-79.44441,43.73117],[-79.44449,43.73115],[-79.44457,43.73114],[-79.44464,43.73112],[-79.44472,43.73111],[-79.44657,43.73071],[-79.44858,43.73029],[-79.44885,43.73023],[-79.44888,43.73035],[-79.44899,43.73109],[-79.44912,43.73167],[-79.44928,43.73221],[-79.44941,43.73256],[-79.44992,43.73403],[-79.45015,43.73465],[-79.45044,43.7354],[-79.45069,43.73611],[-79.45094,43.73682],[-79.45121,43.73759],[-79.4514,43.73812],[-79.45167,43.73873],[-79.45196,43.73932],[-79.45217,43.73966],[-79.45242,43.73998],[-79.45266,43.74026],[-79.45293,43.74054],[-79.45318,43.7408],[-79.45346,43.74104],[-79.45373,43.74133],[-79.45392,43.7415],[-79.45429,43.74185],[-79.45475,43.7422],[-79.45551,43.74289],[-79.45579,43.7431],[-79.45593,43.74322],[-79.45605,43.74334],[-79.45618,43.74347],[-79.4563,43.74357],[-79.45639,43.74367],[-79.45654,43.74378],[-79.45667,43.7439],[-79.45677,43.74401],[-79.45691,43.74413],[-79.45705,43.74424],[-79.45718,43.74436],[-79.45729,43.74446],[-79.4574,43.74457],[-79.45754,43.74469],[-79.45768,43.74481],[-79.45784,43.74496],[-79.45799,43.74508],[-79.45812,43.74519],[-79.4583,43.74535],[-79.45848,43.7455],[-79.45865,43.74564],[-79.45887,43.74578],[-79.45905,43.74591],[-79.45921,43.74604],[-79.45936,43.74616],[-79.45958,43.7463],[-79.45972,43.74638],[-79.45988,43.74647],[-79.46005,43.74656],[-79.46021,43.74665],[-79.4603,43.7467],[-79.46039,43.74675],[-79.46059,43.74686],[-79.4608,43.74697],[-79.46103,43.7471],[-79.46127,43.74721],[-79.46149,43.74733],[-79.46176,43.74748],[-79.46193,43.74759],[-79.4621,43.74772],[-79.46225,43.74783],[-79.46231,43.74789],[-79.46243,43.74799],[-79.46257,43.74813],[-79.4627,43.7483],[-79.46284,43.74848],[-79.46294,43.74863],[-79.46305,43.74884],[-79.46312,43.74904],[-79.46316,43.74919],[-79.4632,43.74936],[-79.46324,43.74953],[-79.46328,43.74973],[-79.4633,43.74986],[-79.46339,43.75026],[-79.46433,43.7544],[-79.4646,43.75564],[-79.4648,43.75656],[-79.46486,43.75691],[-79.46491,43.75716],[-79.46494,43.75729],[-79.46495,43.7574],[-79.46497,43.75754],[-79.46502,43.75777],[-79.46501,43.75802],[-79.465,43.75829],[-79.465,43.75839],[-79.46497,43.75867],[-79.46498,43.75888],[-79.46498,43.75894],[-79.46496,43.75913],[-79.46495,43.75937],[-79.46495,43.75942],[-79.46496,43.75948],[-79.46497,43.75971],[-79.465,43.76002],[-79.46503,43.76029],[-79.46508,43.76056],[-79.46509,43.76063],[-79.46512,43.7608],[-79.46516,43.7609],[-79.46521,43.76103],[-79.46521,43.76105],[-79.4657,43.7633],[-79.46613,43.76523],[-79.46626,43.76582],[-79.46693,43.76886],[-79.46765,43.77179],[-79.46772,43.77209],[-79.46779,43.77237],[-79.46847,43.7752],[-79.46912,43.77795],[-79.46982,43.78085],[-79.47004,43.7818],[-79.47008,43.78197],[-79.47012,43.7822],[-79.47016,43.78242],[-79.47018,43.78264],[-79.47019,43.78274],[-79.47018,43.78293],[-79.47008,43.78611],[-79.47007,43.78647],[-79.47007,43.7868],[-79.47009,43.78729],[-79.46848,43.78761],[-79.46688,43.78793],[-79.46592,43.78813],[-79.46515,43.78828],[-79.46319,43.78866],[-79.45925,43.78951],[-79.45839,43.7897],[-79.45764,43.78986],[-79.45581,43.79023],[-79.45514,43.79037],[-79.45304,43.79082],[-79.44759,43.79203],[-79.44576,43.79242],[-79.44335,43.79297],[-79.44106,43.79346],[-79.44064,43.79248],[-79.43977,43.79261],[-79.43969,43.79231],[-79.43947,43.79145],[-79.43937,43.7911],[-79.43936,43.79095],[-79.43937,43.79085],[-79.43939,43.79076],[-79.43944,43.79064],[-79.43952,43.79048],[-79.43956,43.79034],[-79.43958,43.79022],[-79.43959,43.79016],[-79.43958,43.79006],[-79.43957,43.78997],[-79.43952,43.78985],[-79.43932,43.78935],[-79.43895,43.7885],[-79.43821,43.78678],[-79.43783,43.7859],[-79.43747,43.78504],[-79.43704,43.78404],[-79.43655,43.78289],[-79.4376,43.78267],[-79.43958,43.78223],[-79.44076,43.78197],[-79.44154,43.78179],[-79.44343,43.78138],[-79.44484,43.78105],[-79.44463,43.78022],[-79.44447,43.77957],[-79.44408,43.77808],[-79.444,43.77773],[-79.44395,43.77753],[-79.44389,43.77726],[-79.44381,43.77692],[-79.44359,43.77607],[-79.44319,43.77456],[-79.44301,43.77387],[-79.44261,43.77233],[-79.44254,43.77201],[-79.44214,43.77039],[-79.44191,43.76949],[-79.4417,43.76858],[-79.44145,43.76771],[-79.44124,43.76683],[-79.44094,43.76548],[-79.4406,43.76409],[-79.44053,43.76377],[-79.43999,43.76157],[-79.43967,43.76161],[-79.43934,43.76156],[-79.43902,43.76146],[-79.43874,43.76133],[-79.43856,43.76115],[-79.43847,43.76092],[-79.43833,43.76072],[-79.4381,43.7607],[-79.43784,43.76065],[-79.43766,43.76046],[-79.43762,43.76021],[-79.43774,43.76],[-79.43798,43.75984],[-79.43811,43.75964],[-79.43814,43.75941],[-79.43797,43.7592],[-79.43771,43.75904],[-79.4374,43.759],[-79.43713,43.75906],[-79.43687,43.75913],[-79.43655,43.75913],[-79.43624,43.7591],[-79.43591,43.75905],[-79.43557,43.75899],[-79.43526,43.75887],[-79.43508,43.75871],[-79.435,43.7586],[-79.43484,43.75848],[-79.4347,43.7584],[-79.43461,43.75828],[-79.4344,43.75821],[-79.43413,43.75813],[-79.43387,43.75806],[-79.43369,43.75796],[-79.43373,43.75776],[-79.43369,43.75755],[-79.43348,43.75735],[-79.43323,43.75725],[-79.43299,43.7572],[-79.43275,43.75721],[-79.43249,43.75724],[-79.43222,43.75729],[-79.43196,43.75734],[-79.43174,43.75739],[-79.43151,43.75744],[-79.43135,43.75747],[-79.43128,43.7575],[-79.43103,43.75754],[-79.4308,43.75758],[-79.43055,43.75759],[-79.43032,43.75753],[-79.43028,43.7575],[-79.43012,43.75739],[-79.43003,43.7573],[-79.42995,43.75721],[-79.42982,43.757],[-79.42966,43.75676],[-79.42952,43.75655],[-79.42939,43.75636],[-79.42924,43.75614],[-79.42906,43.75595],[-79.42887,43.75578],[-79.42867,43.7556],[-79.42854,43.75542],[-79.42848,43.75522],[-79.42846,43.755],[-79.42841,43.75477],[-79.42833,43.75455],[-79.42824,43.75434],[-79.42806,43.75414],[-79.42777,43.75403],[-79.42749,43.75395],[-79.42724,43.75383],[-79.42694,43.75366],[-79.42664,43.75349],[-79.42637,43.75335],[-79.42609,43.75319],[-79.42583,43.75301],[-79.42559,43.75285],[-79.42536,43.75268],[-79.42511,43.7525],[-79.42488,43.75234],[-79.42464,43.75218],[-79.4244,43.75201],[-79.4242,43.75184],[-79.42398,43.75169],[-79.42372,43.75151],[-79.42347,43.75132],[-79.42327,43.75113],[-79.42317,43.75102],[-79.42308,43.75093],[-79.42294,43.7507],[-79.42282,43.7505],[-79.42273,43.75028],[-79.42267,43.75005],[-79.42258,43.74988],[-79.42245,43.74973],[-79.42229,43.74962],[-79.42206,43.74958],[-79.4218,43.74953],[-79.42153,43.74948],[-79.42127,43.74941],[-79.421,43.74936],[-79.42071,43.74932],[-79.42055,43.74931],[-79.4204,43.7493],[-79.42013,43.74932],[-79.41987,43.74939],[-79.41966,43.74948],[-79.41949,43.74961],[-79.41926,43.74969],[-79.41897,43.74971],[-79.41867,43.74973],[-79.4184,43.74974],[-79.41815,43.74973],[-79.41789,43.74976],[-79.41764,43.74983],[-79.41741,43.74993],[-79.41719,43.75003],[-79.41694,43.75012],[-79.4167,43.75023],[-79.41651,43.75033],[-79.41635,43.75045],[-79.41619,43.75059],[-79.41612,43.75076],[-79.41608,43.75098],[-79.41601,43.7512],[-79.41595,43.75142],[-79.41582,43.75159],[-79.4157,43.75176],[-79.4155,43.75191],[-79.41524,43.75199],[-79.41495,43.75195],[-79.41468,43.75183],[-79.41452,43.75172],[-79.41444,43.75168],[-79.41419,43.75157],[-79.41393,43.75153],[-79.41366,43.75155],[-79.4134,43.75157],[-79.41315,43.75161],[-79.41296,43.75164],[-79.4129,43.75165],[-79.41267,43.75168],[-79.4124,43.75174],[-79.41213,43.75179],[-79.41193,43.75181],[-79.41173,43.7518],[-79.41166,43.75177],[-79.41459,43.74991],[-79.41465,43.74986],[-79.41472,43.74982],[-79.41478,43.74977],[-79.41485,43.74972],[-79.41491,43.74968],[-79.41497,43.74963],[-79.41503,43.74958],[-79.41509,43.74954],[-79.41515,43.74949],[-79.41521,43.74944],[-79.41527,43.74939],[-79.41533,43.74934],[-79.41539,43.74929],[-79.41544,43.74924],[-79.4155,43.74919],[-79.41556,43.74914],[-79.41561,43.74909],[-79.41567,43.74904],[-79.41572,43.74899],[-79.41577,43.74894],[-79.41582,43.74888],[-79.41588,43.74883],[-79.41593,43.74878],[-79.41598,43.74872],[-79.41603,43.74867],[-79.41608,43.74862],[-79.41613,43.74856],[-79.41617,43.74851],[-79.41622,43.74845],[-79.41627,43.7484],[-79.41631,43.74833],[-79.41635,43.74827],[-79.41639,43.74821],[-79.41643,43.74815],[-79.41648,43.74808],[-79.41652,43.74802],[-79.41657,43.74796],[-79.41661,43.7479],[-79.41666,43.74783],[-79.41672,43.74775],[-79.41677,43.74768],[-79.41682,43.74761],[-79.41687,43.74754],[-79.41693,43.74746],[-79.41698,43.74739],[-79.41704,43.74732],[-79.4171,43.74725],[-79.41715,43.74718],[-79.41721,43.74711],[-79.41724,43.74707],[-79.41727,43.74704],[-79.41733,43.74697],[-79.41739,43.7469],[-79.41745,43.74683],[-79.41751,43.74676],[-79.41757,43.74669],[-79.41762,43.74664],[-79.41766,43.74659],[-79.41771,43.74654],[-79.41775,43.74649],[-79.4178,43.74645],[-79.41785,43.7464],[-79.41789,43.74635],[-79.41794,43.7463],[-79.41799,43.74626],[-79.41804,43.74621],[-79.41809,43.74617],[-79.41814,43.74612],[-79.41819,43.74607],[-79.41824,43.74603],[-79.4183,43.74598],[-79.41835,43.74594],[-79.4184,43.7459],[-79.41846,43.74585],[-79.41851,43.74581],[-79.41857,43.74577],[-79.41862,43.74573],[-79.41868,43.74568],[-79.41874,43.74564],[-79.41879,43.7456],[-79.41885,43.74556],[-79.41891,43.74552],[-79.41897,43.74548],[-79.41903,43.74544],[-79.41956,43.7451],[-79.42009,43.74476],[-79.42168,43.74374],[-79.42327,43.7427],[-79.42329,43.74269],[-79.42446,43.74195],[-79.42585,43.74107],[-79.42723,43.74024],[-79.42768,43.73997],[-79.42795,43.73981],[-79.42934,43.739],[-79.43075,43.73818],[-79.43122,43.73791],[-79.43185,43.73755],[-79.43376,43.73637]]]}},{"type":"Feature","properties":{"num":11,"name":"York South-Weston"},"geometry":{"type":"Polygon","coordinates":[[[-79.47242,43.67923],[-79.47216,43.67903],[-79.47173,43.6787],[-79.47134,43.67839],[-79.47097,43.6781],[-79.47059,43.67778],[-79.47022,43.67747],[-79.46981,43.67713],[-79.46953,43.67688],[-79.46944,43.67681],[-79.46908,43.67649],[-79.46871,43.67615],[-79.4683,43.67571],[-79.46615,43.67344],[-79.46568,43.67296],[-79.46449,43.67176],[-79.46176,43.66897],[-79.46092,43.66812],[-79.46005,43.66724],[-79.46117,43.66726],[-79.46298,43.66728],[-79.463,43.66728],[-79.46379,43.66729],[-79.46537,43.66731],[-79.46616,43.66728],[-79.46935,43.66731],[-79.47183,43.66734],[-79.47289,43.66737],[-79.47293,43.66737],[-79.47397,43.66734],[-79.47498,43.6673],[-79.47833,43.66712],[-79.48053,43.667],[-79.48263,43.66684],[-79.48264,43.66684],[-79.48278,43.66683],[-79.48527,43.66668],[-79.48634,43.66662],[-79.48818,43.66651],[-79.49145,43.6663],[-79.49924,43.66587],[-79.49929,43.66587],[-79.49936,43.66586],[-79.49943,43.66585],[-79.4995,43.66585],[-79.49957,43.66584],[-79.49964,43.66584],[-79.49972,43.66583],[-79.49979,43.66583],[-79.49986,43.66582],[-79.49993,43.66582],[-79.50001,43.66582],[-79.50008,43.66582],[-79.50015,43.66582],[-79.50022,43.66582],[-79.50563,43.66549],[-79.50597,43.66546],[-79.50623,43.66543],[-79.50654,43.6654],[-79.50686,43.66535],[-79.50717,43.66531],[-79.5074,43.66527],[-79.50762,43.66523],[-79.50779,43.66519],[-79.50815,43.6651],[-79.50841,43.66502],[-79.50856,43.66498],[-79.50878,43.6649],[-79.50908,43.66479],[-79.50938,43.66464],[-79.50969,43.66449],[-79.50998,43.66434],[-79.51013,43.66425],[-79.51038,43.66409],[-79.51069,43.66389],[-79.51093,43.66371],[-79.51115,43.66356],[-79.51135,43.66336],[-79.51154,43.6632],[-79.51172,43.66303],[-79.51222,43.66264],[-79.51241,43.66293],[-79.51259,43.66333],[-79.5127,43.66372],[-79.51281,43.66412],[-79.51287,43.66453],[-79.51296,43.66495],[-79.51305,43.66535],[-79.51308,43.66577],[-79.51308,43.66618],[-79.51299,43.66656],[-79.5128,43.66687],[-79.51253,43.66715],[-79.51217,43.66737],[-79.51179,43.6676],[-79.51146,43.66791],[-79.51128,43.66829],[-79.51135,43.66867],[-79.51149,43.66907],[-79.51151,43.66913],[-79.51164,43.66949],[-79.51174,43.6699],[-79.51181,43.67035],[-79.51185,43.67062],[-79.51187,43.6708],[-79.51197,43.67124],[-79.51209,43.67169],[-79.51225,43.67213],[-79.51236,43.67259],[-79.51243,43.67307],[-79.51244,43.67353],[-79.51242,43.67359],[-79.5123,43.67395],[-79.51205,43.67433],[-79.51166,43.67466],[-79.51122,43.67498],[-79.51073,43.67524],[-79.51022,43.67552],[-79.50986,43.6757],[-79.5097,43.67578],[-79.50925,43.67605],[-79.50884,43.6764],[-79.50852,43.67676],[-79.50828,43.67717],[-79.50808,43.67761],[-79.5079,43.67805],[-79.50769,43.67846],[-79.50746,43.67888],[-79.50744,43.67892],[-79.50725,43.67928],[-79.50717,43.67936],[-79.50694,43.67961],[-79.50656,43.67985],[-79.50612,43.68002],[-79.50577,43.68025],[-79.50553,43.68058],[-79.50547,43.68093],[-79.50555,43.6813],[-79.50564,43.68166],[-79.50571,43.68197],[-79.50597,43.68224],[-79.50641,43.68235],[-79.50692,43.68241],[-79.50745,43.68244],[-79.50795,43.68241],[-79.50842,43.68238],[-79.50845,43.68238],[-79.50889,43.68245],[-79.50925,43.68264],[-79.50954,43.68292],[-79.50978,43.68323],[-79.51001,43.68353],[-79.51012,43.68383],[-79.51024,43.68414],[-79.51029,43.68428],[-79.51037,43.68446],[-79.51048,43.68467],[-79.51065,43.68499],[-79.51077,43.68534],[-79.51087,43.68567],[-79.51088,43.68571],[-79.51098,43.68609],[-79.51111,43.68647],[-79.51127,43.68681],[-79.51142,43.68711],[-79.51144,43.68716],[-79.51162,43.68749],[-79.51186,43.68783],[-79.51215,43.68814],[-79.51239,43.68849],[-79.51256,43.68883],[-79.51264,43.68923],[-79.51274,43.6896],[-79.51275,43.68962],[-79.51288,43.69002],[-79.51296,43.6904],[-79.51301,43.69053],[-79.51312,43.69079],[-79.5132,43.69117],[-79.51328,43.69158],[-79.51332,43.69199],[-79.5133,43.6924],[-79.51329,43.69339],[-79.51293,43.69398],[-79.51282,43.69425],[-79.51277,43.69453],[-79.51275,43.69483],[-79.51265,43.69518],[-79.51245,43.6955],[-79.51224,43.69579],[-79.51203,43.6961],[-79.5119,43.6964],[-79.51193,43.69651],[-79.51197,43.6967],[-79.51225,43.69696],[-79.51266,43.69712],[-79.51311,43.69724],[-79.51354,43.69726],[-79.51391,43.69721],[-79.5143,43.6971],[-79.51466,43.69705],[-79.51505,43.69703],[-79.51548,43.69697],[-79.5157,43.69693],[-79.51588,43.6969],[-79.51634,43.69681],[-79.51678,43.69682],[-79.5172,43.69685],[-79.51761,43.69693],[-79.51801,43.69696],[-79.51882,43.69713],[-79.51915,43.69729],[-79.51949,43.69748],[-79.51976,43.69773],[-79.52004,43.69798],[-79.52032,43.69826],[-79.52069,43.69876],[-79.5208,43.69899],[-79.52094,43.69929],[-79.52094,43.6993],[-79.52105,43.69954],[-79.52118,43.69973],[-79.52144,43.69988],[-79.52181,43.70005],[-79.5221,43.70017],[-79.52214,43.7002],[-79.52236,43.70029],[-79.52282,43.70047],[-79.52333,43.7007],[-79.52386,43.70087],[-79.52445,43.70106],[-79.52497,43.70125],[-79.52558,43.70143],[-79.5261,43.70166],[-79.52665,43.7019],[-79.52718,43.70208],[-79.52722,43.70209],[-79.52774,43.70224],[-79.52826,43.70233],[-79.52857,43.70243],[-79.52878,43.70257],[-79.52903,43.70291],[-79.52917,43.70326],[-79.52941,43.70356],[-79.52972,43.70384],[-79.5301,43.70404],[-79.53039,43.70431],[-79.53074,43.7046],[-79.53116,43.70479],[-79.53171,43.70491],[-79.53194,43.70494],[-79.53219,43.70498],[-79.53271,43.70501],[-79.53317,43.70502],[-79.53366,43.70495],[-79.53413,43.70484],[-79.53458,43.70469],[-79.53502,43.70456],[-79.53544,43.70449],[-79.53579,43.70452],[-79.53596,43.7046],[-79.53602,43.70479],[-79.53595,43.705],[-79.53573,43.70533],[-79.5356,43.7057],[-79.53554,43.7061],[-79.53551,43.70629],[-79.5355,43.70639],[-79.53545,43.70679],[-79.53545,43.70686],[-79.53547,43.70716],[-79.53556,43.70756],[-79.53566,43.70791],[-79.53584,43.70813],[-79.53591,43.70821],[-79.5363,43.70835],[-79.53676,43.70834],[-79.53718,43.70828],[-79.53742,43.70827],[-79.53765,43.70833],[-79.53813,43.7085],[-79.53853,43.70875],[-79.5389,43.70901],[-79.53913,43.70933],[-79.53933,43.70967],[-79.53946,43.71001],[-79.53958,43.71035],[-79.5396,43.71072],[-79.5394,43.71108],[-79.53913,43.71139],[-79.53877,43.71162],[-79.53841,43.71183],[-79.53818,43.71205],[-79.53812,43.7121],[-79.53794,43.71241],[-79.53789,43.71263],[-79.53786,43.71272],[-79.53785,43.71283],[-79.53784,43.713],[-79.53784,43.71307],[-79.53783,43.71324],[-79.53769,43.71327],[-79.53625,43.71359],[-79.53529,43.71381],[-79.53368,43.71418],[-79.5308,43.71485],[-79.5296,43.71512],[-79.52823,43.71544],[-79.52775,43.71554],[-79.52765,43.71557],[-79.52756,43.71559],[-79.52746,43.71562],[-79.52736,43.71564],[-79.52727,43.71567],[-79.52717,43.71569],[-79.52707,43.71571],[-79.52697,43.71573],[-79.52688,43.71575],[-79.52678,43.71577],[-79.52668,43.71579],[-79.52666,43.7158],[-79.52658,43.71581],[-79.52648,43.71583],[-79.52638,43.71585],[-79.52628,43.71587],[-79.52619,43.71588],[-79.52609,43.7159],[-79.52599,43.71592],[-79.52585,43.71594],[-79.52572,43.71596],[-79.52558,43.71599],[-79.52544,43.71601],[-79.52531,43.71603],[-79.52517,43.71605],[-79.52503,43.71607],[-79.5249,43.71609],[-79.52476,43.71611],[-79.52462,43.71613],[-79.52449,43.71615],[-79.52435,43.71616],[-79.52422,43.71618],[-79.52421,43.71618],[-79.5205,43.71654],[-79.52049,43.71652],[-79.52048,43.71648],[-79.52046,43.71645],[-79.52045,43.71641],[-79.52043,43.71638],[-79.52043,43.71637],[-79.52041,43.71634],[-79.5204,43.71631],[-79.52038,43.71627],[-79.52036,43.71624],[-79.52035,43.71622],[-79.52023,43.71623],[-79.52015,43.71624],[-79.52013,43.71622],[-79.52012,43.71619],[-79.5201,43.71616],[-79.52009,43.71613],[-79.52007,43.7161],[-79.52005,43.71608],[-79.52002,43.71604],[-79.51998,43.71598],[-79.51991,43.71589],[-79.51984,43.71579],[-79.51977,43.7157],[-79.51969,43.71561],[-79.51962,43.71551],[-79.51954,43.71542],[-79.51947,43.71533],[-79.51934,43.71515],[-79.51932,43.71512],[-79.51927,43.71509],[-79.51923,43.71505],[-79.51918,43.71502],[-79.51913,43.71499],[-79.51909,43.71495],[-79.51904,43.71492],[-79.51899,43.71489],[-79.51894,43.71486],[-79.51889,43.71483],[-79.51885,43.7148],[-79.5188,43.71477],[-79.51875,43.71474],[-79.51869,43.71471],[-79.51864,43.71468],[-79.51859,43.71465],[-79.51854,43.71462],[-79.51849,43.71459],[-79.51843,43.71457],[-79.51838,43.71454],[-79.51832,43.71451],[-79.51824,43.71447],[-79.51815,43.71443],[-79.51806,43.7144],[-79.51797,43.71436],[-79.51788,43.71432],[-79.51779,43.71428],[-79.5177,43.71424],[-79.51761,43.71421],[-79.51752,43.71417],[-79.51743,43.71414],[-79.51733,43.7141],[-79.51724,43.71407],[-79.51715,43.71403],[-79.51706,43.714],[-79.51696,43.71397],[-79.51687,43.71394],[-79.51678,43.7139],[-79.51668,43.71387],[-79.51659,43.71384],[-79.51649,43.71381],[-79.5164,43.71378],[-79.51527,43.71341],[-79.51478,43.71324],[-79.51273,43.71264],[-79.51261,43.7126],[-79.51248,43.71257],[-79.51236,43.71254],[-79.51223,43.71251],[-79.51211,43.71248],[-79.51198,43.71245],[-79.51186,43.71243],[-79.51173,43.7124],[-79.51161,43.71237],[-79.51148,43.71234],[-79.51136,43.71232],[-79.51123,43.71229],[-79.5111,43.71227],[-79.51108,43.71226],[-79.51098,43.71224],[-79.51085,43.71222],[-79.51072,43.7122],[-79.51059,43.71217],[-79.51047,43.71215],[-79.51034,43.71213],[-79.51021,43.71211],[-79.51008,43.71209],[-79.50858,43.71185],[-79.50608,43.71143],[-79.50597,43.71105],[-79.50579,43.71021],[-79.50557,43.70926],[-79.50535,43.70843],[-79.50512,43.70756],[-79.50506,43.70738],[-79.50484,43.70666],[-79.5046,43.70584],[-79.50441,43.70517],[-79.50425,43.70448],[-79.50384,43.70289],[-79.50364,43.70229],[-79.50346,43.70158],[-79.50325,43.70086],[-79.5029,43.69956],[-79.50262,43.69843],[-79.50238,43.6976],[-79.5022,43.69677],[-79.50179,43.69512],[-79.50173,43.6949],[-79.50167,43.69467],[-79.50166,43.69464],[-79.49799,43.69283],[-79.49306,43.69041],[-79.49003,43.68892],[-79.48899,43.68841],[-79.48708,43.68747],[-79.48289,43.68536],[-79.48071,43.68426],[-79.47971,43.68376],[-79.47796,43.68287],[-79.47751,43.68261],[-79.47719,43.68243],[-79.47703,43.68234],[-79.47658,43.68206],[-79.47612,43.68177],[-79.47607,43.68173],[-79.47559,43.68144],[-79.47516,43.68116],[-79.47468,43.68086],[-79.47426,43.68057],[-79.47384,43.6803],[-79.47338,43.67997],[-79.47277,43.6795],[-79.47242,43.67923]]]}},{"type":"Feature","properties":{"num":12,"name":"York South-Weston"},"geometry":{"type":"Polygon","coordinates":[[[-79.5205,43.71654],[-79.52048,43.71654],[-79.52025,43.71657],[-79.51921,43.71669],[-79.51871,43.71675],[-79.51854,43.71677],[-79.51849,43.71677],[-79.51832,43.71679],[-79.51566,43.71706],[-79.51377,43.71728],[-79.51174,43.71752],[-79.51008,43.71773],[-79.50929,43.71782],[-79.50788,43.71799],[-79.50757,43.71803],[-79.50651,43.71815],[-79.50473,43.71835],[-79.50461,43.71838],[-79.50446,43.7184],[-79.5043,43.71842],[-79.50415,43.71844],[-79.504,43.71847],[-79.50385,43.71849],[-79.5037,43.71852],[-79.50363,43.71852],[-79.50356,43.71853],[-79.50349,43.71854],[-79.50342,43.71855],[-79.50336,43.71856],[-79.50329,43.71857],[-79.50322,43.71858],[-79.50315,43.71859],[-79.50309,43.7186],[-79.50302,43.71862],[-79.50296,43.71863],[-79.50289,43.71864],[-79.50282,43.71866],[-79.50276,43.71867],[-79.50269,43.71869],[-79.50263,43.71871],[-79.50256,43.71872],[-79.5025,43.71874],[-79.50243,43.71876],[-79.50237,43.71878],[-79.50231,43.7188],[-79.50224,43.71881],[-79.50218,43.71883],[-79.50081,43.71924],[-79.50011,43.71945],[-79.50003,43.71947],[-79.49995,43.7195],[-79.49988,43.71952],[-79.4998,43.71955],[-79.49972,43.71957],[-79.49965,43.71959],[-79.49957,43.71962],[-79.49949,43.71964],[-79.49941,43.71966],[-79.49933,43.71968],[-79.49926,43.7197],[-79.49918,43.71972],[-79.4991,43.71974],[-79.49902,43.71976],[-79.49894,43.71978],[-79.49886,43.71979],[-79.49878,43.71981],[-79.4987,43.71983],[-79.49862,43.71984],[-79.49854,43.71986],[-79.49846,43.71987],[-79.49837,43.71989],[-79.49829,43.7199],[-79.49821,43.71991],[-79.49813,43.71993],[-79.49804,43.71994],[-79.49796,43.71995],[-79.49788,43.71997],[-79.4978,43.71998],[-79.49771,43.71999],[-79.49763,43.72],[-79.49754,43.72001],[-79.49746,43.72002],[-79.49738,43.72003],[-79.49729,43.72004],[-79.49721,43.72004],[-79.49712,43.72005],[-79.49704,43.72006],[-79.49695,43.72006],[-79.49687,43.72007],[-79.49678,43.72007],[-79.4967,43.72008],[-79.49661,43.72008],[-79.49653,43.72009],[-79.49644,43.72009],[-79.49635,43.7201],[-79.49627,43.7201],[-79.49618,43.7201],[-79.49609,43.72011],[-79.49601,43.72011],[-79.49592,43.72011],[-79.49583,43.72011],[-79.49575,43.72011],[-79.49566,43.72011],[-79.49557,43.72011],[-79.49552,43.72011],[-79.49548,43.72011],[-79.4954,43.7201],[-79.49531,43.7201],[-79.49513,43.7201],[-79.49495,43.72011],[-79.49478,43.72011],[-79.4946,43.72011],[-79.49442,43.72012],[-79.49424,43.72012],[-79.49406,43.72013],[-79.49389,43.72014],[-79.49371,43.72014],[-79.49353,43.72015],[-79.49336,43.72016],[-79.49335,43.72016],[-79.49323,43.72017],[-79.4931,43.72019],[-79.49298,43.72021],[-79.49285,43.72023],[-79.49272,43.72025],[-79.4926,43.72027],[-79.49255,43.72028],[-79.49247,43.72029],[-79.49234,43.72032],[-79.49222,43.72034],[-79.49209,43.72036],[-79.49196,43.72038],[-79.49184,43.72041],[-79.49171,43.72043],[-79.49159,43.72046],[-79.49146,43.72048],[-79.49134,43.72051],[-79.49121,43.72054],[-79.49109,43.72057],[-79.49096,43.72059],[-79.49084,43.72062],[-79.49072,43.72065],[-79.49059,43.72068],[-79.489,43.72107],[-79.48898,43.72107],[-79.48392,43.72229],[-79.48136,43.72292],[-79.48132,43.72293],[-79.47731,43.72391],[-79.47435,43.72463],[-79.47368,43.7248],[-79.47261,43.72506],[-79.47257,43.72488],[-79.47253,43.7247],[-79.4725,43.72451],[-79.47231,43.72357],[-79.47207,43.72238],[-79.47175,43.72077],[-79.4709,43.71645],[-79.47011,43.71243],[-79.46982,43.71101],[-79.46978,43.71082],[-79.46935,43.70869],[-79.46888,43.7063],[-79.46884,43.7061],[-79.46879,43.7059],[-79.46875,43.7057],[-79.4687,43.70549],[-79.46866,43.70529],[-79.46861,43.70509],[-79.46856,43.70489],[-79.46852,43.70473],[-79.46851,43.70469],[-79.46846,43.70448],[-79.46841,43.70428],[-79.46836,43.70408],[-79.46831,43.70388],[-79.46825,43.70368],[-79.4682,43.70348],[-79.46814,43.70328],[-79.46809,43.70308],[-79.46803,43.70287],[-79.46797,43.70267],[-79.46792,43.70247],[-79.46786,43.70227],[-79.46711,43.69968],[-79.46655,43.69778],[-79.46655,43.69777],[-79.46611,43.69617],[-79.46604,43.69593],[-79.46598,43.6957],[-79.46592,43.69547],[-79.46585,43.69523],[-79.46579,43.695],[-79.46572,43.69477],[-79.46566,43.69454],[-79.4656,43.69435],[-79.46559,43.6943],[-79.46552,43.69407],[-79.4655,43.694],[-79.46548,43.69393],[-79.46546,43.69386],[-79.46544,43.69379],[-79.46541,43.69372],[-79.46539,43.69365],[-79.46536,43.69358],[-79.46534,43.69351],[-79.46531,43.69345],[-79.46528,43.69338],[-79.46525,43.69331],[-79.46522,43.69324],[-79.46519,43.69317],[-79.46516,43.69311],[-79.46513,43.69304],[-79.4651,43.69297],[-79.46507,43.6929],[-79.46503,43.69284],[-79.46499,43.69277],[-79.46496,43.6927],[-79.46493,43.69264],[-79.46489,43.69257],[-79.46485,43.6925],[-79.46481,43.69244],[-79.46477,43.69237],[-79.46473,43.69231],[-79.46462,43.69217],[-79.46441,43.69181],[-79.46435,43.69171],[-79.46429,43.69162],[-79.46423,43.69153],[-79.46417,43.69143],[-79.46411,43.69134],[-79.46405,43.69124],[-79.46399,43.69114],[-79.46393,43.69104],[-79.46387,43.69095],[-79.46382,43.69085],[-79.46376,43.69076],[-79.46371,43.69066],[-79.46365,43.69056],[-79.4636,43.69046],[-79.46355,43.69036],[-79.4635,43.69027],[-79.46345,43.69016],[-79.46339,43.69007],[-79.46335,43.68997],[-79.4633,43.68987],[-79.46325,43.68977],[-79.4632,43.68967],[-79.46315,43.68957],[-79.46313,43.6895],[-79.4631,43.68942],[-79.46307,43.68935],[-79.46304,43.68928],[-79.46301,43.6892],[-79.46299,43.68913],[-79.46296,43.68906],[-79.46294,43.68899],[-79.46291,43.68891],[-79.46289,43.68884],[-79.46287,43.68876],[-79.46284,43.68869],[-79.46282,43.68862],[-79.4628,43.68854],[-79.46278,43.68847],[-79.46277,43.68839],[-79.46275,43.68832],[-79.46273,43.68824],[-79.46272,43.68817],[-79.4627,43.6881],[-79.46248,43.68723],[-79.46223,43.68626],[-79.46197,43.68522],[-79.46184,43.68469],[-79.46182,43.68463],[-79.46181,43.68457],[-79.46179,43.68451],[-79.46178,43.68444],[-79.46176,43.68438],[-79.46174,43.68432],[-79.46172,43.68426],[-79.4617,43.68419],[-79.46168,43.68413],[-79.46166,43.68407],[-79.46164,43.68401],[-79.46162,43.68395],[-79.4616,43.68389],[-79.46157,43.68382],[-79.46155,43.68377],[-79.46152,43.68371],[-79.4615,43.68364],[-79.46147,43.68359],[-79.46144,43.68352],[-79.46141,43.68346],[-79.46138,43.68341],[-79.46135,43.68335],[-79.46132,43.68329],[-79.4613,43.68325],[-79.46226,43.68303],[-79.46332,43.68279],[-79.4644,43.68255],[-79.46547,43.68232],[-79.46655,43.68207],[-79.46745,43.6819],[-79.46758,43.68189],[-79.46768,43.68191],[-79.46767,43.68185],[-79.46766,43.6818],[-79.46761,43.68172],[-79.46646,43.68061],[-79.46601,43.68021],[-79.46609,43.68021],[-79.46668,43.68008],[-79.46834,43.67973],[-79.47039,43.6793],[-79.47048,43.67928],[-79.47057,43.6795],[-79.47178,43.67925],[-79.47242,43.67923],[-79.47277,43.6795],[-79.47338,43.67997],[-79.47384,43.6803],[-79.47426,43.68057],[-79.47468,43.68086],[-79.47516,43.68116],[-79.47559,43.68144],[-79.47607,43.68173],[-79.47612,43.68177],[-79.47658,43.68206],[-79.47703,43.68234],[-79.47719,43.68243],[-79.47751,43.68261],[-79.47796,43.68287],[-79.47971,43.68376],[-79.48071,43.68426],[-79.48289,43.68536],[-79.48708,43.68747],[-79.48899,43.68841],[-79.49003,43.68892],[-79.49306,43.69041],[-79.49799,43.69283],[-79.50166,43.69464],[-79.50167,43.69467],[-79.50173,43.6949],[-79.50179,43.69512],[-79.5022,43.69677],[-79.50238,43.6976],[-79.50262,43.69843],[-79.5029,43.69956],[-79.50325,43.70086],[-79.50346,43.70158],[-79.50364,43.70229],[-79.50384,43.70289],[-79.50425,43.70448],[-79.50441,43.70517],[-79.5046,43.70584],[-79.50484,43.70666],[-79.50506,43.70738],[-79.50512,43.70756],[-79.50535,43.70843],[-79.50557,43.70926],[-79.50579,43.71021],[-79.50597,43.71105],[-79.50608,43.71143],[-79.50858,43.71185],[-79.51008,43.71209],[-79.51021,43.71211],[-79.51034,43.71213],[-79.51047,43.71215],[-79.51059,43.71217],[-79.51072,43.7122],[-79.51085,43.71222],[-79.51098,43.71224],[-79.51108,43.71226],[-79.5111,43.71227],[-79.51123,43.71229],[-79.51136,43.71232],[-79.51148,43.71234],[-79.51161,43.71237],[-79.51173,43.7124],[-79.51186,43.71243],[-79.51198,43.71245],[-79.51211,43.71248],[-79.51223,43.71251],[-79.51236,43.71254],[-79.51248,43.71257],[-79.51261,43.7126],[-79.51273,43.71264],[-79.51478,43.71324],[-79.51527,43.71341],[-79.5164,43.71378],[-79.51649,43.71381],[-79.51659,43.71384],[-79.51668,43.71387],[-79.51678,43.7139],[-79.51687,43.71394],[-79.51696,43.71397],[-79.51706,43.714],[-79.51715,43.71403],[-79.51724,43.71407],[-79.51733,43.7141],[-79.51743,43.71414],[-79.51752,43.71417],[-79.51761,43.71421],[-79.5177,43.71424],[-79.51779,43.71428],[-79.51788,43.71432],[-79.51797,43.71436],[-79.51806,43.7144],[-79.51815,43.71443],[-79.51824,43.71447],[-79.51832,43.71451],[-79.51838,43.71454],[-79.51843,43.71457],[-79.51849,43.71459],[-79.51854,43.71462],[-79.51859,43.71465],[-79.51864,43.71468],[-79.51869,43.71471],[-79.51875,43.71474],[-79.5188,43.71477],[-79.51885,43.7148],[-79.51889,43.71483],[-79.51894,43.71486],[-79.51899,43.71489],[-79.51904,43.71492],[-79.51909,43.71495],[-79.51913,43.71499],[-79.51918,43.71502],[-79.51923,43.71505],[-79.51927,43.71509],[-79.51932,43.71512],[-79.51934,43.71515],[-79.51947,43.71533],[-79.51954,43.71542],[-79.51962,43.71551],[-79.51969,43.71561],[-79.51977,43.7157],[-79.51984,43.71579],[-79.51991,43.71589],[-79.51998,43.71598],[-79.52002,43.71604],[-79.52005,43.71608],[-79.52007,43.7161],[-79.52009,43.71613],[-79.5201,43.71616],[-79.52012,43.71619],[-79.52013,43.71622],[-79.52015,43.71624],[-79.52023,43.71623],[-79.52035,43.71622],[-79.52036,43.71624],[-79.52038,43.71627],[-79.5204,43.71631],[-79.52041,43.71634],[-79.52043,43.71637],[-79.52043,43.71638],[-79.52045,43.71641],[-79.52046,43.71645],[-79.52048,43.71648],[-79.52049,43.71652],[-79.5205,43.71654]]]}},{"type":"Feature","properties":{"num":13,"name":"Parkdale-High Park"},"geometry":{"type":"Polygon","coordinates":[[[-79.45553,43.64313],[-79.45519,43.64231],[-79.45477,43.6413],[-79.45466,43.641],[-79.45464,43.64095],[-79.4544,43.64041],[-79.45406,43.63971],[-79.45404,43.63968],[-79.454,43.63958],[-79.45395,43.63949],[-79.45393,43.63946],[-79.4539,43.63942],[-79.45388,43.63938],[-79.45386,43.63934],[-79.45383,43.6393],[-79.45381,43.63926],[-79.45379,43.63921],[-79.45377,43.63917],[-79.45375,43.63913],[-79.45374,43.63909],[-79.45372,43.63905],[-79.4537,43.63901],[-79.45369,43.63897],[-79.45367,43.63893],[-79.45366,43.63888],[-79.45365,43.63884],[-79.45364,43.63882],[-79.45362,43.63876],[-79.45361,43.63871],[-79.4536,43.63867],[-79.45359,43.63863],[-79.45358,43.63859],[-79.45357,43.63854],[-79.45357,43.6385],[-79.45356,43.63848],[-79.45356,43.63846],[-79.45356,43.63845],[-79.45355,43.63843],[-79.45354,43.63841],[-79.45354,43.6384],[-79.45353,43.63838],[-79.45352,43.63836],[-79.45351,43.63833],[-79.45349,43.63832],[-79.45348,43.6383],[-79.45347,43.63828],[-79.45345,43.63827],[-79.45344,43.63826],[-79.45343,43.63824],[-79.45341,43.63822],[-79.4534,43.63822],[-79.45338,43.6382],[-79.45336,43.63819],[-79.45335,43.63818],[-79.45333,43.63816],[-79.45331,43.63815],[-79.45329,43.63814],[-79.45327,43.63813],[-79.45325,43.63812],[-79.45323,43.63811],[-79.45321,43.6381],[-79.45319,43.63809],[-79.45317,43.63809],[-79.45315,43.63808],[-79.45313,43.63807],[-79.4531,43.63806],[-79.45308,43.63806],[-79.45306,43.63805],[-79.45303,43.63805],[-79.45301,43.63804],[-79.45299,43.63804],[-79.45291,43.63802],[-79.45283,43.638],[-79.45276,43.63799],[-79.45268,43.63797],[-79.45261,43.63795],[-79.45253,43.63793],[-79.45225,43.63783],[-79.45276,43.63681],[-79.45289,43.63685],[-79.45296,43.63687],[-79.4532,43.63698],[-79.45344,43.6371],[-79.45368,43.63722],[-79.45391,43.63727],[-79.45416,43.63732],[-79.45438,43.63736],[-79.45464,43.63737],[-79.45485,43.6374],[-79.455,43.63742],[-79.4552,43.63743],[-79.45544,43.63738],[-79.45568,43.63733],[-79.45574,43.63734],[-79.45582,43.63735],[-79.45613,43.63731],[-79.45644,43.63727],[-79.45677,43.63723],[-79.45709,43.63722],[-79.4574,43.6372],[-79.4577,43.63715],[-79.45799,43.63707],[-79.45824,43.63694],[-79.45848,43.6368],[-79.45869,43.63671],[-79.45894,43.63678],[-79.45918,43.63679],[-79.45946,43.63676],[-79.45974,43.63676],[-79.46003,43.63675],[-79.46029,43.6367],[-79.46057,43.63663],[-79.46084,43.63653],[-79.46108,43.63642],[-79.4613,43.63634],[-79.46156,43.63632],[-79.46168,43.63627],[-79.46175,43.63624],[-79.46193,43.63616],[-79.46217,43.63604],[-79.46236,43.63589],[-79.46256,43.63578],[-79.46285,43.63578],[-79.46315,43.63578],[-79.46346,43.63574],[-79.46375,43.63569],[-79.46403,43.63564],[-79.46428,43.63555],[-79.46452,43.63544],[-79.46477,43.63533],[-79.46501,43.6352],[-79.46517,43.63504],[-79.46529,43.63491],[-79.46552,43.63484],[-79.46576,43.63472],[-79.466,43.6346],[-79.46627,43.63454],[-79.46657,43.6345],[-79.46682,43.63442],[-79.46708,43.63435],[-79.46721,43.6343],[-79.46737,43.6342],[-79.46762,43.6341],[-79.46789,43.63402],[-79.46813,43.63391],[-79.46837,43.63375],[-79.46846,43.63353],[-79.46859,43.63333],[-79.46878,43.63314],[-79.46898,43.63297],[-79.46917,43.6328],[-79.46933,43.63266],[-79.46958,43.63257],[-79.46982,43.63242],[-79.47008,43.63228],[-79.47033,43.63218],[-79.47057,43.6321],[-79.47063,43.63203],[-79.4707,43.63197],[-79.47075,43.63194],[-79.47081,43.63193],[-79.47071,43.63127],[-79.47203,43.63238],[-79.47243,43.63264],[-79.4728,43.63283],[-79.47326,43.63302],[-79.47333,43.63305],[-79.47348,43.63312],[-79.47363,43.63318],[-79.47382,43.63325],[-79.47396,43.6333],[-79.47425,43.63345],[-79.47436,43.63349],[-79.47513,43.63387],[-79.4755,43.63412],[-79.4757,43.63445],[-79.47584,43.63477],[-79.47597,43.63497],[-79.47601,43.63505],[-79.47618,43.63536],[-79.47625,43.63549],[-79.47634,43.63565],[-79.47653,43.63598],[-79.47672,43.63624],[-79.47674,43.63628],[-79.47683,43.63645],[-79.47687,43.63676],[-79.47698,43.637],[-79.47709,43.63722],[-79.47722,43.63742],[-79.4773,43.63754],[-79.4775,43.63774],[-79.47784,43.63788],[-79.47812,43.638],[-79.47846,43.63808],[-79.47885,43.63813],[-79.47936,43.63814],[-79.47985,43.63815],[-79.4804,43.63812],[-79.48086,43.6381],[-79.4814,43.63804],[-79.48189,43.638],[-79.48233,43.63798],[-79.48248,43.63798],[-79.48301,43.63801],[-79.48325,43.63802],[-79.48338,43.63803],[-79.48362,43.63805],[-79.48386,43.63806],[-79.48406,43.6381],[-79.48425,43.63816],[-79.4844,43.63823],[-79.48454,43.6383],[-79.48468,43.63838],[-79.48474,43.63842],[-79.48484,43.63849],[-79.48492,43.63859],[-79.48505,43.63883],[-79.4851,43.63912],[-79.48513,43.63965],[-79.48511,43.64007],[-79.48512,43.64029],[-79.48507,43.64063],[-79.48503,43.64088],[-79.48501,43.64124],[-79.48501,43.6414],[-79.485,43.64158],[-79.48499,43.64175],[-79.48507,43.64193],[-79.48522,43.64204],[-79.48544,43.6421],[-79.48571,43.64212],[-79.48598,43.64212],[-79.48635,43.64208],[-79.48667,43.64204],[-79.4871,43.64194],[-79.48751,43.64182],[-79.48795,43.64165],[-79.48821,43.64153],[-79.489,43.64125],[-79.48911,43.64122],[-79.48929,43.64121],[-79.48944,43.64124],[-79.48966,43.64137],[-79.4898,43.64147],[-79.48991,43.64156],[-79.48997,43.64165],[-79.49005,43.64178],[-79.4901,43.64185],[-79.4902,43.64201],[-79.49023,43.64207],[-79.49036,43.6424],[-79.49046,43.6427],[-79.49059,43.64309],[-79.49079,43.64348],[-79.49099,43.64384],[-79.4912,43.64421],[-79.49136,43.64443],[-79.49144,43.64456],[-79.49155,43.64472],[-79.49174,43.64496],[-79.49189,43.6451],[-79.492,43.6452],[-79.49221,43.64536],[-79.49236,43.64548],[-79.49244,43.64554],[-79.49252,43.64563],[-79.49255,43.64569],[-79.49267,43.64584],[-79.49271,43.64591],[-79.49279,43.64622],[-79.49281,43.64647],[-79.49282,43.64674],[-79.4928,43.64692],[-79.49277,43.64713],[-79.49262,43.64745],[-79.49249,43.64773],[-79.49242,43.64787],[-79.49227,43.64811],[-79.49204,43.6484],[-79.49197,43.64848],[-79.49178,43.64872],[-79.49154,43.64907],[-79.49129,43.6494],[-79.49103,43.64969],[-79.49088,43.65006],[-79.49094,43.65046],[-79.49097,43.65055],[-79.49109,43.65088],[-79.49124,43.65127],[-79.49136,43.65144],[-79.4915,43.65164],[-79.49196,43.65192],[-79.49248,43.65213],[-79.49306,43.65227],[-79.49365,43.65232],[-79.49427,43.6523],[-79.49484,43.65221],[-79.49545,43.65211],[-79.49603,43.65207],[-79.49638,43.65202],[-79.49665,43.65199],[-79.49726,43.65198],[-79.49777,43.65199],[-79.49786,43.652],[-79.49847,43.65207],[-79.49908,43.65213],[-79.49972,43.65215],[-79.50034,43.65218],[-79.50095,43.65228],[-79.50153,43.65241],[-79.50207,43.6526],[-79.50249,43.65289],[-79.50278,43.65323],[-79.50287,43.65364],[-79.50286,43.65406],[-79.5028,43.65446],[-79.50269,43.65481],[-79.50264,43.65492],[-79.50251,43.65515],[-79.50226,43.65548],[-79.50194,43.6558],[-79.50161,43.65609],[-79.50124,43.65637],[-79.50082,43.65664],[-79.50041,43.65688],[-79.50003,43.65718],[-79.49974,43.65754],[-79.49956,43.65787],[-79.49953,43.65792],[-79.49947,43.65821],[-79.49944,43.65832],[-79.49952,43.6587],[-79.49978,43.65905],[-79.50015,43.65936],[-79.50061,43.65957],[-79.50106,43.65978],[-79.50142,43.65998],[-79.50148,43.66001],[-79.50192,43.66029],[-79.50229,43.66057],[-79.50246,43.66069],[-79.5027,43.66086],[-79.50309,43.66113],[-79.50345,43.66142],[-79.50376,43.66171],[-79.50381,43.66175],[-79.5041,43.66196],[-79.50421,43.66201],[-79.50447,43.66215],[-79.50486,43.66235],[-79.50515,43.66256],[-79.50541,43.66276],[-79.50553,43.66282],[-79.50577,43.66292],[-79.50617,43.66302],[-79.5066,43.66303],[-79.50709,43.66292],[-79.5075,43.6628],[-79.50794,43.66263],[-79.50838,43.66249],[-79.50885,43.66233],[-79.50929,43.66213],[-79.50979,43.66201],[-79.51025,43.66195],[-79.51058,43.66198],[-79.51098,43.66206],[-79.51109,43.66208],[-79.51131,43.66213],[-79.5115,43.66221],[-79.51154,43.66223],[-79.51169,43.66232],[-79.51184,43.6624],[-79.51196,43.66246],[-79.51199,43.66248],[-79.51202,43.6625],[-79.51213,43.66258],[-79.51222,43.66264],[-79.51172,43.66303],[-79.51154,43.6632],[-79.51135,43.66336],[-79.51115,43.66356],[-79.51093,43.66371],[-79.51069,43.66389],[-79.51038,43.66409],[-79.51013,43.66425],[-79.50998,43.66434],[-79.50969,43.66449],[-79.50938,43.66464],[-79.50912,43.66477],[-79.50908,43.66479],[-79.50878,43.6649],[-79.50856,43.66498],[-79.50841,43.66502],[-79.50815,43.6651],[-79.50779,43.66519],[-79.50762,43.66523],[-79.5074,43.66527],[-79.50717,43.66531],[-79.50686,43.66535],[-79.50654,43.6654],[-79.50623,43.66543],[-79.50597,43.66546],[-79.50563,43.66549],[-79.50372,43.6656],[-79.50022,43.66582],[-79.50015,43.66582],[-79.50008,43.66582],[-79.50001,43.66582],[-79.49993,43.66582],[-79.49986,43.66582],[-79.49979,43.66583],[-79.49972,43.66583],[-79.49964,43.66584],[-79.49957,43.66584],[-79.4995,43.66585],[-79.49943,43.66585],[-79.49936,43.66586],[-79.49929,43.66587],[-79.49924,43.66587],[-79.49145,43.6663],[-79.48943,43.66643],[-79.48818,43.66651],[-79.48634,43.66662],[-79.48527,43.66668],[-79.48278,43.66683],[-79.48264,43.66684],[-79.48263,43.66684],[-79.48053,43.667],[-79.47833,43.66712],[-79.47515,43.66729],[-79.47498,43.6673],[-79.47397,43.66734],[-79.47293,43.66737],[-79.47289,43.66737],[-79.47183,43.66734],[-79.46935,43.66731],[-79.46616,43.66728],[-79.46537,43.66731],[-79.46534,43.66725],[-79.46507,43.66662],[-79.46506,43.66659],[-79.46481,43.66601],[-79.46474,43.66583],[-79.46471,43.66575],[-79.46456,43.66542],[-79.46439,43.66502],[-79.46437,43.66497],[-79.46403,43.66417],[-79.46398,43.66406],[-79.46381,43.66366],[-79.46296,43.66167],[-79.46279,43.66126],[-79.46239,43.66031],[-79.46189,43.65919],[-79.46149,43.65832],[-79.46114,43.65739],[-79.46111,43.6573],[-79.46108,43.65723],[-79.46092,43.65681],[-79.46049,43.65576],[-79.46044,43.65564],[-79.46005,43.65472],[-79.45908,43.65245],[-79.45877,43.65175],[-79.45851,43.65115],[-79.45841,43.65088],[-79.4583,43.65058],[-79.45813,43.64992],[-79.45804,43.64947],[-79.45798,43.64918],[-79.45791,43.64893],[-79.45781,43.64864],[-79.45766,43.64829],[-79.45733,43.6475],[-79.45723,43.64726],[-79.45699,43.64666],[-79.45664,43.64583],[-79.45626,43.6449],[-79.45589,43.64401],[-79.45553,43.64313]]]}},{"type":"Feature","properties":{"num":14,"name":"Parkdale-High Park"},"geometry":{"type":"Polygon","coordinates":[[[-79.42129,43.64019],[-79.42101,43.63948],[-79.42076,43.63881],[-79.42058,43.63832],[-79.42035,43.63775],[-79.41975,43.6362],[-79.41957,43.63583],[-79.4194,43.63551],[-79.41993,43.63536],[-79.41995,43.63535],[-79.42043,43.63522],[-79.42114,43.63503],[-79.42235,43.63472],[-79.42297,43.63455],[-79.42337,43.63444],[-79.42422,43.63419],[-79.42445,43.63412],[-79.42539,43.6339],[-79.42543,43.63389],[-79.4272,43.63339],[-79.42728,43.63337],[-79.42735,43.63335],[-79.42743,43.63332],[-79.42751,43.63331],[-79.42759,43.63328],[-79.42766,43.63327],[-79.42774,43.63324],[-79.42779,43.63323],[-79.42782,43.63323],[-79.4279,43.63321],[-79.42798,43.63319],[-79.42806,43.63317],[-79.42814,43.63315],[-79.42822,43.63314],[-79.4283,43.63312],[-79.42838,43.63311],[-79.42846,43.6331],[-79.42854,43.63308],[-79.42862,43.63307],[-79.4287,43.63305],[-79.42876,43.63304],[-79.42871,43.63292],[-79.42865,43.63279],[-79.42831,43.63152],[-79.42817,43.63096],[-79.42786,43.63004],[-79.4278,43.62988],[-79.42777,43.62977],[-79.42784,43.62978],[-79.42818,43.62982],[-79.42852,43.62987],[-79.42886,43.62992],[-79.42918,43.62997],[-79.42949,43.63003],[-79.42967,43.63006],[-79.42981,43.63008],[-79.43013,43.63013],[-79.43043,43.63016],[-79.43073,43.63022],[-79.43106,43.6303],[-79.43118,43.63032],[-79.4315,43.63038],[-79.43184,43.63044],[-79.43215,43.63052],[-79.43246,43.63059],[-79.43276,43.63064],[-79.43307,43.63072],[-79.43331,43.63077],[-79.43338,43.63079],[-79.43365,43.63087],[-79.43382,43.63095],[-79.43391,43.63098],[-79.4342,43.63108],[-79.43447,43.63119],[-79.43476,43.63127],[-79.43506,43.63137],[-79.4353,43.6315],[-79.43554,43.63162],[-79.43572,43.63177],[-79.43589,43.63184],[-79.43598,43.63179],[-79.43609,43.63182],[-79.43611,43.63188],[-79.43617,43.63187],[-79.43631,43.63191],[-79.4364,43.632],[-79.43663,43.63206],[-79.43688,43.63215],[-79.43711,43.63225],[-79.43736,43.63234],[-79.43757,43.63248],[-79.43784,43.63258],[-79.43811,43.63266],[-79.43836,43.63276],[-79.43859,43.63287],[-79.43882,43.63298],[-79.439,43.63307],[-79.43917,43.6331],[-79.43932,43.63319],[-79.43934,43.6333],[-79.43932,43.63343],[-79.43929,43.63356],[-79.43942,43.63361],[-79.43958,43.63369],[-79.43971,43.63377],[-79.43977,43.63383],[-79.43991,43.63387],[-79.44003,43.63397],[-79.44005,43.6341],[-79.43998,43.6342],[-79.44012,43.63432],[-79.44034,43.63444],[-79.44057,43.6346],[-79.44083,43.63473],[-79.44111,43.63482],[-79.44141,43.63489],[-79.44171,43.63494],[-79.44198,43.63497],[-79.44225,43.63493],[-79.44248,43.63485],[-79.4427,43.63476],[-79.44291,43.63471],[-79.44311,43.6347],[-79.44328,43.63474],[-79.44347,43.63481],[-79.44368,43.63489],[-79.44386,43.63496],[-79.44393,43.63502],[-79.44392,43.63511],[-79.44398,43.63516],[-79.44416,43.63523],[-79.44436,43.63531],[-79.44455,43.6354],[-79.44475,43.63551],[-79.44498,43.63559],[-79.44523,43.63569],[-79.44547,43.6358],[-79.44572,43.6359],[-79.44594,43.636],[-79.44615,43.6361],[-79.44637,43.63612],[-79.44663,43.6362],[-79.44689,43.63628],[-79.44718,43.63635],[-79.44742,43.63642],[-79.44744,43.63643],[-79.44769,43.63649],[-79.44793,43.63647],[-79.44815,43.63642],[-79.44838,43.63637],[-79.44862,43.63629],[-79.44886,43.6362],[-79.44911,43.6362],[-79.44936,43.63628],[-79.44953,43.63643],[-79.44976,43.63652],[-79.44997,43.63649],[-79.45022,43.6365],[-79.45041,43.63654],[-79.45064,43.63655],[-79.45089,43.63651],[-79.45118,43.63655],[-79.45149,43.63659],[-79.4518,43.63664],[-79.4521,43.63667],[-79.4524,43.63672],[-79.45276,43.63681],[-79.45225,43.63783],[-79.45253,43.63793],[-79.45261,43.63795],[-79.45268,43.63797],[-79.45276,43.63799],[-79.45283,43.638],[-79.45291,43.63802],[-79.45299,43.63804],[-79.45301,43.63804],[-79.45303,43.63805],[-79.45306,43.63805],[-79.45308,43.63806],[-79.4531,43.63806],[-79.45313,43.63807],[-79.45315,43.63808],[-79.45317,43.63809],[-79.45319,43.63809],[-79.45321,43.6381],[-79.45323,43.63811],[-79.45325,43.63812],[-79.45327,43.63813],[-79.45329,43.63814],[-79.45331,43.63815],[-79.45333,43.63816],[-79.45335,43.63818],[-79.45336,43.63819],[-79.45338,43.6382],[-79.4534,43.63822],[-79.45341,43.63822],[-79.45343,43.63824],[-79.45344,43.63826],[-79.45345,43.63827],[-79.45347,43.63828],[-79.45348,43.6383],[-79.45349,43.63832],[-79.45351,43.63833],[-79.45352,43.63836],[-79.45353,43.63838],[-79.45354,43.6384],[-79.45354,43.63841],[-79.45355,43.63843],[-79.45356,43.63845],[-79.45356,43.63846],[-79.45356,43.63848],[-79.45357,43.6385],[-79.45357,43.63854],[-79.45358,43.63859],[-79.45359,43.63863],[-79.4536,43.63867],[-79.45361,43.63871],[-79.45362,43.63876],[-79.45364,43.63882],[-79.45365,43.63884],[-79.45366,43.63888],[-79.45367,43.63893],[-79.45369,43.63897],[-79.4537,43.63901],[-79.45372,43.63905],[-79.45374,43.63909],[-79.45375,43.63913],[-79.45377,43.63917],[-79.45379,43.63921],[-79.45381,43.63926],[-79.45383,43.6393],[-79.45386,43.63934],[-79.45388,43.63938],[-79.4539,43.63942],[-79.45393,43.63946],[-79.45395,43.63949],[-79.454,43.63958],[-79.45404,43.63968],[-79.45406,43.63971],[-79.4544,43.64041],[-79.45464,43.64095],[-79.45466,43.641],[-79.45477,43.6413],[-79.45519,43.64231],[-79.45553,43.64313],[-79.45589,43.64401],[-79.45626,43.6449],[-79.45664,43.64583],[-79.45699,43.64666],[-79.45723,43.64726],[-79.45733,43.6475],[-79.45766,43.64829],[-79.45781,43.64864],[-79.45791,43.64893],[-79.45798,43.64918],[-79.45804,43.64947],[-79.45813,43.64992],[-79.4583,43.65058],[-79.45841,43.65088],[-79.45851,43.65115],[-79.45877,43.65175],[-79.45908,43.65245],[-79.46005,43.65472],[-79.46044,43.65564],[-79.46049,43.65576],[-79.46092,43.65681],[-79.46108,43.65723],[-79.46111,43.6573],[-79.46114,43.65739],[-79.46149,43.65832],[-79.46189,43.65919],[-79.46239,43.66031],[-79.46279,43.66126],[-79.46296,43.66167],[-79.46381,43.66366],[-79.46398,43.66406],[-79.46403,43.66417],[-79.46437,43.66497],[-79.46439,43.66502],[-79.46456,43.66542],[-79.46471,43.66575],[-79.46474,43.66583],[-79.46481,43.66601],[-79.46506,43.66659],[-79.46507,43.66662],[-79.46534,43.66725],[-79.46537,43.66731],[-79.46379,43.66729],[-79.463,43.66728],[-79.46298,43.66728],[-79.46117,43.66726],[-79.46089,43.66725],[-79.46005,43.66724],[-79.45932,43.6665],[-79.45782,43.66497],[-79.45728,43.66442],[-79.45694,43.66408],[-79.45602,43.66314],[-79.45455,43.66164],[-79.45354,43.66062],[-79.4534,43.66048],[-79.45203,43.65908],[-79.45135,43.65838],[-79.44987,43.65689],[-79.44779,43.65476],[-79.44755,43.65451],[-79.44697,43.65392],[-79.44643,43.65337],[-79.44405,43.65093],[-79.44405,43.65092],[-79.44397,43.65085],[-79.44389,43.65077],[-79.4438,43.6507],[-79.44372,43.65062],[-79.44363,43.65054],[-79.44354,43.65047],[-79.44346,43.65039],[-79.44337,43.65032],[-79.44328,43.65024],[-79.44319,43.65017],[-79.4431,43.65009],[-79.44301,43.65002],[-79.44292,43.64994],[-79.44283,43.64987],[-79.44275,43.6498],[-79.44267,43.64973],[-79.44258,43.64967],[-79.4425,43.6496],[-79.44242,43.64953],[-79.44233,43.64946],[-79.44225,43.6494],[-79.44216,43.64933],[-79.44207,43.64926],[-79.44199,43.6492],[-79.4419,43.64913],[-79.44181,43.64907],[-79.44172,43.649],[-79.44163,43.64894],[-79.44154,43.64888],[-79.44145,43.64881],[-79.44136,43.64875],[-79.44127,43.64869],[-79.44118,43.64863],[-79.44116,43.64862],[-79.44108,43.64857],[-79.44099,43.6485],[-79.4409,43.64844],[-79.4408,43.64838],[-79.44071,43.64832],[-79.44061,43.64826],[-79.44051,43.64821],[-79.44042,43.64815],[-79.44032,43.64809],[-79.44022,43.64803],[-79.44013,43.64798],[-79.44003,43.64792],[-79.43993,43.64786],[-79.43983,43.64781],[-79.43973,43.64775],[-79.43963,43.6477],[-79.43953,43.64764],[-79.43943,43.64759],[-79.43932,43.64753],[-79.43922,43.64749],[-79.43912,43.64743],[-79.43889,43.64731],[-79.43865,43.6472],[-79.43842,43.64709],[-79.43824,43.647],[-79.43819,43.64698],[-79.43795,43.64686],[-79.43772,43.64676],[-79.43762,43.64671],[-79.43748,43.64664],[-79.43725,43.64653],[-79.43701,43.64642],[-79.43693,43.64639],[-79.43677,43.64631],[-79.43654,43.6462],[-79.4363,43.6461],[-79.43606,43.64598],[-79.43605,43.64598],[-79.43582,43.64588],[-79.43559,43.64577],[-79.43443,43.64525],[-79.43366,43.64489],[-79.43295,43.64456],[-79.43094,43.64362],[-79.43047,43.6434],[-79.43032,43.64333],[-79.43017,43.64325],[-79.43001,43.64318],[-79.42986,43.64311],[-79.42971,43.64304],[-79.42966,43.64301],[-79.42956,43.64297],[-79.42941,43.64289],[-79.42926,43.64282],[-79.42911,43.64274],[-79.42896,43.64267],[-79.42881,43.64259],[-79.42875,43.64256],[-79.42866,43.64252],[-79.42851,43.64244],[-79.42837,43.64236],[-79.42821,43.64232],[-79.42805,43.64224],[-79.4279,43.64215],[-79.42749,43.64195],[-79.4272,43.64182],[-79.42695,43.64172],[-79.4267,43.64162],[-79.42641,43.64152],[-79.42602,43.6414],[-79.42563,43.64129],[-79.42544,43.64125],[-79.42537,43.64123],[-79.42527,43.64121],[-79.42508,43.64116],[-79.42488,43.64111],[-79.42439,43.641],[-79.42399,43.64091],[-79.42359,43.64084],[-79.42323,43.64079],[-79.42318,43.64078],[-79.42308,43.64077],[-79.42298,43.64075],[-79.42288,43.64074],[-79.42278,43.64073],[-79.42267,43.64072],[-79.42257,43.64071],[-79.42247,43.6407],[-79.42237,43.64068],[-79.42227,43.64067],[-79.42216,43.64067],[-79.42206,43.64066],[-79.42196,43.64065],[-79.42185,43.64064],[-79.42175,43.64063],[-79.42165,43.64063],[-79.42155,43.64062],[-79.42146,43.64062],[-79.42129,43.64019]]]}},{"type":"Feature","properties":{"num":15,"name":"Eglinton-Lawrence"},"geometry":{"type":"Polygon","coordinates":[[[-79.47261,43.72506],[-79.47258,43.72507],[-79.47136,43.72538],[-79.47111,43.72543],[-79.47087,43.72548],[-79.47063,43.72553],[-79.47038,43.72558],[-79.47014,43.72563],[-79.4699,43.72569],[-79.46966,43.72574],[-79.46942,43.72579],[-79.46917,43.72585],[-79.46648,43.72644],[-79.46526,43.72669],[-79.46272,43.72723],[-79.46094,43.72763],[-79.45794,43.72829],[-79.45739,43.72841],[-79.45732,43.72842],[-79.45724,43.72844],[-79.45717,43.72846],[-79.4571,43.72848],[-79.45702,43.7285],[-79.45695,43.72852],[-79.45688,43.72854],[-79.45681,43.72856],[-79.45673,43.72858],[-79.45666,43.7286],[-79.45659,43.72862],[-79.45652,43.72864],[-79.45645,43.72867],[-79.4564,43.72868],[-79.45638,43.72869],[-79.45631,43.72872],[-79.45624,43.72874],[-79.45551,43.72902],[-79.45543,43.72905],[-79.45536,43.72908],[-79.45528,43.7291],[-79.4552,43.72913],[-79.45512,43.72916],[-79.45504,43.72918],[-79.45496,43.72921],[-79.45488,43.72923],[-79.4548,43.72926],[-79.45472,43.72928],[-79.45464,43.72931],[-79.45456,43.72933],[-79.45448,43.72935],[-79.4544,43.72937],[-79.45431,43.7294],[-79.45423,43.72942],[-79.45415,43.72944],[-79.45406,43.72946],[-79.45398,43.72948],[-79.45391,43.7295],[-79.45389,43.7295],[-79.45381,43.72952],[-79.45372,43.72954],[-79.45364,43.72956],[-79.45355,43.72957],[-79.45346,43.72959],[-79.45338,43.72961],[-79.45329,43.72962],[-79.4532,43.72964],[-79.45312,43.72965],[-79.45303,43.72967],[-79.45294,43.72968],[-79.45257,43.72972],[-79.45156,43.72982],[-79.45125,43.72985],[-79.45117,43.72985],[-79.45108,43.72986],[-79.451,43.72986],[-79.45091,43.72987],[-79.45082,43.72988],[-79.45074,43.72989],[-79.45065,43.7299],[-79.45057,43.72991],[-79.45048,43.72992],[-79.4504,43.72993],[-79.45032,43.72994],[-79.45023,43.72996],[-79.45015,43.72997],[-79.45006,43.72998],[-79.44998,43.73],[-79.4499,43.73001],[-79.44981,43.73003],[-79.44973,43.73004],[-79.44965,43.73006],[-79.44956,43.73008],[-79.44948,43.7301],[-79.44931,43.73013],[-79.44913,43.73018],[-79.44885,43.73023],[-79.44858,43.73029],[-79.44657,43.73071],[-79.44472,43.73111],[-79.44464,43.73112],[-79.44457,43.73114],[-79.44449,43.73115],[-79.44441,43.73117],[-79.44434,43.73119],[-79.44426,43.73121],[-79.44419,43.73122],[-79.44411,43.73124],[-79.44404,43.73126],[-79.44396,43.73128],[-79.44389,43.73131],[-79.44382,43.73133],[-79.44374,43.73135],[-79.44367,43.73137],[-79.4436,43.73139],[-79.44352,43.73142],[-79.44345,43.73144],[-79.44338,43.73147],[-79.44331,43.73149],[-79.44324,43.73152],[-79.44316,43.73154],[-79.44309,43.73157],[-79.44302,43.7316],[-79.44295,43.73163],[-79.44289,43.73166],[-79.44282,43.73168],[-79.44275,43.73171],[-79.44268,43.73174],[-79.44261,43.73177],[-79.44255,43.73181],[-79.44248,43.73184],[-79.4424,43.73188],[-79.44231,43.73192],[-79.44223,43.73197],[-79.44215,43.73201],[-79.44207,43.73206],[-79.44199,43.7321],[-79.44191,43.73215],[-79.44183,43.73219],[-79.44175,43.73224],[-79.44167,43.73229],[-79.4416,43.73234],[-79.44152,43.73238],[-79.44144,43.73244],[-79.44137,43.73248],[-79.44129,43.73253],[-79.44117,43.73261],[-79.44105,43.73268],[-79.44093,43.73276],[-79.44085,43.73281],[-79.44081,43.73283],[-79.44069,43.73291],[-79.44057,43.73298],[-79.44052,43.73302],[-79.44048,43.73305],[-79.44043,43.73308],[-79.44038,43.73311],[-79.44033,43.73314],[-79.44028,43.73317],[-79.44022,43.7332],[-79.44017,43.73323],[-79.44012,43.73326],[-79.44007,43.73329],[-79.44001,43.73331],[-79.43996,43.73334],[-79.43991,43.73337],[-79.43985,43.73339],[-79.4398,43.73342],[-79.43974,43.73345],[-79.43969,43.73347],[-79.43963,43.7335],[-79.43957,43.73352],[-79.4395,43.73355],[-79.43942,43.73359],[-79.43935,43.73362],[-79.43927,43.73365],[-79.4392,43.73368],[-79.43912,43.73371],[-79.43904,43.73374],[-79.43897,43.73377],[-79.43889,43.7338],[-79.43881,43.73383],[-79.43873,43.73386],[-79.43868,43.73387],[-79.43858,43.73391],[-79.4385,43.73393],[-79.4385,43.73394],[-79.4384,43.73397],[-79.43831,43.734],[-79.43821,43.73403],[-79.43811,43.73407],[-79.43802,43.7341],[-79.43792,43.73414],[-79.43783,43.73417],[-79.43773,43.73421],[-79.43764,43.73425],[-79.43754,43.73428],[-79.43745,43.73432],[-79.43736,43.73436],[-79.43726,43.7344],[-79.4372,43.73442],[-79.43715,43.73445],[-79.43709,43.73447],[-79.43703,43.73449],[-79.43697,43.73452],[-79.43691,43.73454],[-79.43685,43.73457],[-79.4368,43.7346],[-79.43674,43.73462],[-79.43668,43.73465],[-79.43663,43.73468],[-79.43656,43.73471],[-79.43652,43.73473],[-79.43646,43.73476],[-79.43641,43.73479],[-79.43636,43.73482],[-79.4363,43.73485],[-79.43625,43.73489],[-79.4362,43.73492],[-79.43615,43.73495],[-79.4361,43.73498],[-79.43586,43.73512],[-79.43376,43.73637],[-79.43371,43.73616],[-79.43367,43.73599],[-79.43362,43.73578],[-79.43343,43.73503],[-79.4334,43.73489],[-79.43335,43.73471],[-79.4332,43.7341],[-79.43318,43.7339],[-79.43302,43.73319],[-79.43297,43.73306],[-79.43276,43.73217],[-79.43261,43.73151],[-79.43254,43.73128],[-79.43235,43.73039],[-79.43216,43.72965],[-79.43203,43.72908],[-79.43196,43.72875],[-79.43183,43.72822],[-79.43174,43.72784],[-79.43163,43.72741],[-79.43152,43.72695],[-79.43143,43.72663],[-79.43126,43.72581],[-79.4311,43.72502],[-79.43107,43.72486],[-79.43091,43.72423],[-79.43074,43.72344],[-79.43066,43.72309],[-79.43054,43.72257],[-79.43031,43.72163],[-79.43018,43.72095],[-79.43014,43.7208],[-79.42998,43.72004],[-79.42982,43.71927],[-79.4296,43.71843],[-79.42942,43.71764],[-79.42923,43.71682],[-79.42901,43.71596],[-79.42879,43.71507],[-79.4286,43.71422],[-79.42837,43.71325],[-79.42821,43.71261],[-79.42815,43.71234],[-79.42795,43.71155],[-79.42794,43.71143],[-79.42773,43.71064],[-79.4277,43.7105],[-79.42749,43.70975],[-79.42747,43.70961],[-79.42728,43.70878],[-79.42716,43.7083],[-79.42728,43.70825],[-79.43429,43.70678],[-79.43616,43.70639],[-79.43797,43.70599],[-79.43855,43.70587],[-79.43878,43.70582],[-79.43903,43.70577],[-79.43969,43.70562],[-79.43961,43.70526],[-79.4394,43.70437],[-79.439,43.70269],[-79.4389,43.70231],[-79.43884,43.70205],[-79.44069,43.70162],[-79.44001,43.69995],[-79.44015,43.69992],[-79.44002,43.69958],[-79.43972,43.69884],[-79.43954,43.69841],[-79.43939,43.69805],[-79.43925,43.69808],[-79.43906,43.69812],[-79.4389,43.69772],[-79.43872,43.69728],[-79.4384,43.69656],[-79.43837,43.69646],[-79.43803,43.69562],[-79.43782,43.69512],[-79.43771,43.6948],[-79.43721,43.69356],[-79.43683,43.69257],[-79.43637,43.69141],[-79.43611,43.69072],[-79.43577,43.68993],[-79.43551,43.68928],[-79.43536,43.68891],[-79.43494,43.68783],[-79.43464,43.68711],[-79.43551,43.68691],[-79.43562,43.68689],[-79.43569,43.68689],[-79.43578,43.6869],[-79.43582,43.68691],[-79.4364,43.68678],[-79.43742,43.68656],[-79.43826,43.68637],[-79.43842,43.68638],[-79.4387,43.68714],[-79.43967,43.68693],[-79.44063,43.68672],[-79.44162,43.68652],[-79.44285,43.68626],[-79.44398,43.68605],[-79.44503,43.68581],[-79.44612,43.68558],[-79.44643,43.68626],[-79.44664,43.6868],[-79.44682,43.68728],[-79.44738,43.68862],[-79.44742,43.68875],[-79.44809,43.6904],[-79.44831,43.69097],[-79.44881,43.69219],[-79.44896,43.69256],[-79.44975,43.69445],[-79.45012,43.69533],[-79.45028,43.6957],[-79.4512,43.69549],[-79.45157,43.69543],[-79.45233,43.69525],[-79.4528,43.69516],[-79.4535,43.69499],[-79.45396,43.69489],[-79.4551,43.69464],[-79.4559,43.69445],[-79.45624,43.69437],[-79.45719,43.69416],[-79.45739,43.69412],[-79.45853,43.69385],[-79.45968,43.69362],[-79.46083,43.69336],[-79.46099,43.69331],[-79.46222,43.69304],[-79.46282,43.69291],[-79.46291,43.69289],[-79.46306,43.69285],[-79.46327,43.69279],[-79.46335,43.69275],[-79.46343,43.69272],[-79.46348,43.69269],[-79.46364,43.6926],[-79.464,43.69242],[-79.46423,43.69231],[-79.46446,43.69223],[-79.46462,43.69217],[-79.46473,43.69231],[-79.46477,43.69237],[-79.46481,43.69244],[-79.46485,43.6925],[-79.46489,43.69257],[-79.46493,43.69264],[-79.46496,43.6927],[-79.46499,43.69277],[-79.46503,43.69284],[-79.46507,43.6929],[-79.4651,43.69297],[-79.46513,43.69304],[-79.46516,43.69311],[-79.46519,43.69317],[-79.46522,43.69324],[-79.46525,43.69331],[-79.46528,43.69338],[-79.46531,43.69345],[-79.46534,43.69351],[-79.46536,43.69358],[-79.46539,43.69365],[-79.46541,43.69372],[-79.46544,43.69379],[-79.46546,43.69386],[-79.46548,43.69393],[-79.4655,43.694],[-79.46552,43.69407],[-79.46559,43.6943],[-79.4656,43.69435],[-79.46566,43.69454],[-79.46572,43.69477],[-79.46579,43.695],[-79.46585,43.69523],[-79.46592,43.69547],[-79.46598,43.6957],[-79.46604,43.69593],[-79.46611,43.69617],[-79.46655,43.69777],[-79.46655,43.69778],[-79.46711,43.69968],[-79.46786,43.70227],[-79.46792,43.70247],[-79.46797,43.70267],[-79.46803,43.70287],[-79.46809,43.70308],[-79.46814,43.70328],[-79.4682,43.70348],[-79.46825,43.70368],[-79.46831,43.70388],[-79.46836,43.70408],[-79.46841,43.70428],[-79.46846,43.70448],[-79.46851,43.70469],[-79.46852,43.70473],[-79.46856,43.70489],[-79.46861,43.70509],[-79.46866,43.70529],[-79.4687,43.70549],[-79.46875,43.7057],[-79.46879,43.7059],[-79.46884,43.7061],[-79.46888,43.7063],[-79.46935,43.70869],[-79.46978,43.71082],[-79.46982,43.71101],[-79.47011,43.71243],[-79.4709,43.71645],[-79.47175,43.72077],[-79.47207,43.72238],[-79.47231,43.72357],[-79.4725,43.72451],[-79.47253,43.7247],[-79.47257,43.72488],[-79.47261,43.72506]]]}},{"type":"Feature","properties":{"num":16,"name":"Eglinton-Lawrence"},"geometry":{"type":"Polygon","coordinates":[[[-79.42716,43.7083],[-79.42728,43.70878],[-79.42747,43.70961],[-79.42749,43.70975],[-79.4277,43.7105],[-79.42773,43.71064],[-79.42794,43.71143],[-79.42795,43.71155],[-79.42815,43.71234],[-79.42821,43.71261],[-79.42837,43.71325],[-79.4286,43.71422],[-79.42879,43.71507],[-79.42901,43.71596],[-79.42923,43.71682],[-79.42942,43.71764],[-79.4296,43.71843],[-79.42982,43.71927],[-79.42998,43.72004],[-79.43014,43.7208],[-79.43018,43.72095],[-79.43031,43.72163],[-79.43054,43.72257],[-79.43066,43.72309],[-79.43074,43.72344],[-79.43091,43.72423],[-79.43107,43.72486],[-79.4311,43.72502],[-79.43126,43.72581],[-79.43143,43.72663],[-79.43152,43.72695],[-79.43163,43.72741],[-79.43174,43.72784],[-79.43183,43.72822],[-79.43196,43.72875],[-79.43203,43.72908],[-79.43216,43.72965],[-79.43235,43.73039],[-79.43254,43.73128],[-79.43261,43.73151],[-79.43276,43.73217],[-79.43297,43.73306],[-79.43302,43.73319],[-79.43318,43.7339],[-79.4332,43.7341],[-79.43335,43.73471],[-79.4334,43.73489],[-79.43343,43.73503],[-79.43362,43.73578],[-79.43367,43.73599],[-79.43371,43.73616],[-79.43376,43.73637],[-79.43185,43.73755],[-79.43122,43.73791],[-79.43075,43.73818],[-79.42934,43.739],[-79.42795,43.73981],[-79.42768,43.73997],[-79.42723,43.74024],[-79.42585,43.74107],[-79.42446,43.74195],[-79.42329,43.74269],[-79.42327,43.7427],[-79.42168,43.74374],[-79.42009,43.74476],[-79.41956,43.7451],[-79.41903,43.74544],[-79.41897,43.74548],[-79.41891,43.74552],[-79.41885,43.74556],[-79.41879,43.7456],[-79.41874,43.74564],[-79.41868,43.74568],[-79.41862,43.74573],[-79.41857,43.74577],[-79.41851,43.74581],[-79.41846,43.74585],[-79.4184,43.7459],[-79.41835,43.74594],[-79.4183,43.74598],[-79.41824,43.74603],[-79.41819,43.74607],[-79.41814,43.74612],[-79.41809,43.74617],[-79.41804,43.74621],[-79.41799,43.74626],[-79.41794,43.7463],[-79.41789,43.74635],[-79.41785,43.7464],[-79.4178,43.74645],[-79.41775,43.74649],[-79.41771,43.74654],[-79.41766,43.74659],[-79.41762,43.74664],[-79.41757,43.74669],[-79.41751,43.74676],[-79.41745,43.74683],[-79.41739,43.7469],[-79.41733,43.74697],[-79.41727,43.74704],[-79.41724,43.74707],[-79.41721,43.74711],[-79.41715,43.74718],[-79.4171,43.74725],[-79.41704,43.74732],[-79.41698,43.74739],[-79.41693,43.74746],[-79.41687,43.74754],[-79.41682,43.74761],[-79.41677,43.74768],[-79.41672,43.74775],[-79.41666,43.74783],[-79.41661,43.7479],[-79.41657,43.74796],[-79.41652,43.74802],[-79.41648,43.74808],[-79.41643,43.74815],[-79.41639,43.74821],[-79.41635,43.74827],[-79.41631,43.74833],[-79.41627,43.7484],[-79.41622,43.74845],[-79.41617,43.74851],[-79.41613,43.74856],[-79.41608,43.74862],[-79.41603,43.74867],[-79.41598,43.74872],[-79.41593,43.74878],[-79.41588,43.74883],[-79.41582,43.74888],[-79.41577,43.74894],[-79.41572,43.74899],[-79.41567,43.74904],[-79.41561,43.74909],[-79.41556,43.74914],[-79.4155,43.74919],[-79.41544,43.74924],[-79.41539,43.74929],[-79.41533,43.74934],[-79.41527,43.74939],[-79.41521,43.74944],[-79.41515,43.74949],[-79.41509,43.74954],[-79.41503,43.74958],[-79.41497,43.74963],[-79.41491,43.74968],[-79.41485,43.74972],[-79.41478,43.74977],[-79.41472,43.74982],[-79.41465,43.74986],[-79.41459,43.74991],[-79.41166,43.75177],[-79.40844,43.75382],[-79.40839,43.75363],[-79.40834,43.75341],[-79.40829,43.7532],[-79.40828,43.75317],[-79.40827,43.75314],[-79.40826,43.75311],[-79.40825,43.75307],[-79.40824,43.75304],[-79.40823,43.75301],[-79.40822,43.75298],[-79.40821,43.75294],[-79.40821,43.75291],[-79.4082,43.75288],[-79.4082,43.75284],[-79.4082,43.75282],[-79.40819,43.75281],[-79.40819,43.75278],[-79.40819,43.75274],[-79.40819,43.75271],[-79.40819,43.7527],[-79.40818,43.75262],[-79.40816,43.75256],[-79.40815,43.75251],[-79.40815,43.75247],[-79.40813,43.75239],[-79.40813,43.75233],[-79.40812,43.75228],[-79.40811,43.75222],[-79.40811,43.75216],[-79.4081,43.75211],[-79.4081,43.75205],[-79.40809,43.75199],[-79.40809,43.75194],[-79.4081,43.75185],[-79.4081,43.75177],[-79.40811,43.75169],[-79.40811,43.7516],[-79.40811,43.75152],[-79.40811,43.75144],[-79.40812,43.75136],[-79.40812,43.75127],[-79.40811,43.75119],[-79.40811,43.75111],[-79.40811,43.75102],[-79.40811,43.75094],[-79.40812,43.7509],[-79.40813,43.75085],[-79.40813,43.75081],[-79.40814,43.75077],[-79.40815,43.75072],[-79.40815,43.75068],[-79.40816,43.75064],[-79.40816,43.75059],[-79.40817,43.75055],[-79.40817,43.7505],[-79.40817,43.75046],[-79.40817,43.75042],[-79.40817,43.75037],[-79.40817,43.75033],[-79.40817,43.75028],[-79.40817,43.75024],[-79.40816,43.7502],[-79.40816,43.75015],[-79.40816,43.75011],[-79.40815,43.75006],[-79.40814,43.75002],[-79.40814,43.75001],[-79.40814,43.74998],[-79.40811,43.7498],[-79.40805,43.74957],[-79.40798,43.74929],[-79.40788,43.74894],[-79.40784,43.74882],[-79.40778,43.74855],[-79.40766,43.74812],[-79.40745,43.74731],[-79.40723,43.74643],[-79.40712,43.74607],[-79.40704,43.74571],[-79.40704,43.7457],[-79.407,43.74537],[-79.40694,43.74503],[-79.40686,43.74466],[-79.40673,43.74416],[-79.4065,43.74331],[-79.40646,43.74303],[-79.40625,43.74187],[-79.40592,43.74039],[-79.40562,43.73903],[-79.40543,43.73821],[-79.40514,43.73699],[-79.40494,43.73602],[-79.40484,43.73554],[-79.40458,43.73437],[-79.40455,43.73427],[-79.40453,43.73418],[-79.40446,43.73391],[-79.4044,43.73368],[-79.40422,43.73301],[-79.40421,43.73291],[-79.40401,43.73199],[-79.40398,43.73189],[-79.40377,43.73114],[-79.40372,43.73088],[-79.40356,43.73028],[-79.40347,43.72994],[-79.40335,43.72944],[-79.4033,43.72917],[-79.40313,43.72859],[-79.40307,43.72833],[-79.40295,43.72785],[-79.40284,43.72744],[-79.40252,43.7263],[-79.40237,43.72569],[-79.4022,43.72511],[-79.40219,43.72497],[-79.40207,43.72434],[-79.40194,43.7238],[-79.40185,43.72347],[-79.40181,43.72311],[-79.4016,43.72198],[-79.4014,43.72099],[-79.40119,43.71999],[-79.40114,43.71956],[-79.40095,43.71876],[-79.40085,43.71835],[-79.40063,43.71726],[-79.40048,43.71662],[-79.40045,43.71639],[-79.40023,43.71547],[-79.40011,43.71496],[-79.40004,43.71458],[-79.39984,43.71366],[-79.39982,43.71354],[-79.39972,43.71301],[-79.39957,43.7123],[-79.39948,43.71185],[-79.39932,43.71109],[-79.39929,43.71092],[-79.399,43.70959],[-79.39887,43.7091],[-79.39868,43.70822],[-79.39863,43.708],[-79.39837,43.70674],[-79.40029,43.70636],[-79.40145,43.70611],[-79.40174,43.70604],[-79.40277,43.70583],[-79.40375,43.70561],[-79.4049,43.70537],[-79.40614,43.70512],[-79.40653,43.70504],[-79.40741,43.70485],[-79.40852,43.70461],[-79.40962,43.70437],[-79.41096,43.70409],[-79.41165,43.70395],[-79.41208,43.70386],[-79.41323,43.70362],[-79.41389,43.70348],[-79.4144,43.70337],[-79.41495,43.70326],[-79.41551,43.70313],[-79.41597,43.70304],[-79.4171,43.70279],[-79.41738,43.70273],[-79.41811,43.70258],[-79.42279,43.70436],[-79.42629,43.70488],[-79.42636,43.70516],[-79.42638,43.7052],[-79.42644,43.70544],[-79.42664,43.70623],[-79.42686,43.70712],[-79.42706,43.70794],[-79.42716,43.7083]]]}},{"type":"Feature","properties":{"num":17,"name":"Davenport"},"geometry":{"type":"Polygon","coordinates":[[[-79.47039,43.6793],[-79.46834,43.67973],[-79.46668,43.68008],[-79.46609,43.68021],[-79.46601,43.68021],[-79.46646,43.68061],[-79.46689,43.68103],[-79.46761,43.68172],[-79.46766,43.6818],[-79.46767,43.68185],[-79.46768,43.68191],[-79.46758,43.68189],[-79.46745,43.6819],[-79.46655,43.68207],[-79.46547,43.68232],[-79.4644,43.68255],[-79.46332,43.68279],[-79.46226,43.68303],[-79.4613,43.68325],[-79.46132,43.68329],[-79.46135,43.68335],[-79.46138,43.68341],[-79.46141,43.68346],[-79.46144,43.68352],[-79.46147,43.68359],[-79.4615,43.68364],[-79.46152,43.68371],[-79.46155,43.68377],[-79.46157,43.68382],[-79.4616,43.68389],[-79.46162,43.68395],[-79.46164,43.68401],[-79.46166,43.68407],[-79.46168,43.68413],[-79.4617,43.68419],[-79.46172,43.68426],[-79.46174,43.68432],[-79.46176,43.68438],[-79.46178,43.68444],[-79.46179,43.68451],[-79.46181,43.68457],[-79.46182,43.68463],[-79.46184,43.68469],[-79.46197,43.68522],[-79.46223,43.68626],[-79.46248,43.68723],[-79.4627,43.6881],[-79.46272,43.68817],[-79.46273,43.68824],[-79.46275,43.68832],[-79.46277,43.68839],[-79.46278,43.68847],[-79.4628,43.68854],[-79.46282,43.68862],[-79.46284,43.68869],[-79.46287,43.68876],[-79.46289,43.68884],[-79.46291,43.68891],[-79.46294,43.68899],[-79.46296,43.68906],[-79.46299,43.68913],[-79.46301,43.6892],[-79.46304,43.68928],[-79.46307,43.68935],[-79.46308,43.68939],[-79.4631,43.68942],[-79.46313,43.6895],[-79.46315,43.68957],[-79.4632,43.68967],[-79.46325,43.68977],[-79.4633,43.68987],[-79.46335,43.68997],[-79.46339,43.69007],[-79.46345,43.69016],[-79.4635,43.69027],[-79.46355,43.69036],[-79.4636,43.69046],[-79.46365,43.69056],[-79.46371,43.69066],[-79.46376,43.69076],[-79.46382,43.69085],[-79.46387,43.69095],[-79.46393,43.69104],[-79.46399,43.69114],[-79.46405,43.69124],[-79.46411,43.69134],[-79.46417,43.69143],[-79.46423,43.69153],[-79.46429,43.69162],[-79.46435,43.69171],[-79.46441,43.69181],[-79.46462,43.69217],[-79.46446,43.69223],[-79.46423,43.69231],[-79.464,43.69242],[-79.46364,43.6926],[-79.46348,43.69269],[-79.46343,43.69272],[-79.46335,43.69275],[-79.46327,43.69279],[-79.46306,43.69285],[-79.46291,43.69289],[-79.46282,43.69291],[-79.46222,43.69304],[-79.46099,43.69331],[-79.46083,43.69336],[-79.46022,43.6935],[-79.45968,43.69362],[-79.45853,43.69385],[-79.45739,43.69412],[-79.45719,43.69416],[-79.45624,43.69437],[-79.4559,43.69445],[-79.4551,43.69464],[-79.45396,43.69489],[-79.4535,43.69499],[-79.4528,43.69516],[-79.45233,43.69525],[-79.45157,43.69543],[-79.4512,43.69549],[-79.45028,43.6957],[-79.45012,43.69533],[-79.44975,43.69445],[-79.44896,43.69256],[-79.44881,43.69219],[-79.44831,43.69097],[-79.44809,43.6904],[-79.44742,43.68875],[-79.44738,43.68862],[-79.44682,43.68728],[-79.44664,43.6868],[-79.44643,43.68626],[-79.44615,43.68564],[-79.44612,43.68558],[-79.44503,43.68581],[-79.44398,43.68605],[-79.44285,43.68626],[-79.44162,43.68652],[-79.44063,43.68672],[-79.43967,43.68693],[-79.4387,43.68714],[-79.43842,43.68638],[-79.43826,43.68637],[-79.43742,43.68656],[-79.4364,43.68678],[-79.43582,43.68691],[-79.43578,43.6869],[-79.43569,43.68689],[-79.43562,43.68689],[-79.43551,43.68691],[-79.43464,43.68711],[-79.43445,43.68663],[-79.4343,43.68625],[-79.43394,43.68533],[-79.43378,43.68492],[-79.43379,43.68451],[-79.43331,43.68335],[-79.43326,43.6833],[-79.43373,43.68319],[-79.43379,43.68317],[-79.43382,43.68313],[-79.43383,43.6831],[-79.43383,43.68307],[-79.43382,43.68304],[-79.43361,43.68253],[-79.43356,43.68244],[-79.43328,43.68169],[-79.43298,43.68098],[-79.43295,43.68092],[-79.43292,43.68088],[-79.43288,43.68085],[-79.43282,43.68082],[-79.4327,43.68081],[-79.43261,43.68057],[-79.43251,43.68029],[-79.43205,43.67915],[-79.43183,43.67862],[-79.43106,43.67677],[-79.43032,43.67497],[-79.43023,43.67475],[-79.43099,43.67473],[-79.43084,43.67437],[-79.43081,43.6743],[-79.43071,43.67405],[-79.43022,43.67295],[-79.42967,43.67161],[-79.4296,43.67144],[-79.4294,43.67098],[-79.43228,43.67043],[-79.43295,43.6703],[-79.43301,43.67028],[-79.43338,43.67022],[-79.43355,43.67019],[-79.43372,43.67016],[-79.43388,43.67013],[-79.43405,43.67009],[-79.43422,43.67006],[-79.43438,43.67002],[-79.43455,43.66999],[-79.43471,43.66995],[-79.43488,43.66991],[-79.43504,43.66988],[-79.4352,43.66984],[-79.43596,43.66968],[-79.43629,43.66961],[-79.43662,43.66954],[-79.43664,43.66953],[-79.43929,43.66902],[-79.44327,43.66823],[-79.44445,43.66802],[-79.44563,43.6678],[-79.44661,43.66762],[-79.44673,43.6676],[-79.44681,43.66759],[-79.44684,43.66758],[-79.44695,43.66756],[-79.44705,43.66754],[-79.44716,43.66752],[-79.44727,43.6675],[-79.44738,43.66748],[-79.44749,43.66746],[-79.44759,43.66745],[-79.4477,43.66743],[-79.44781,43.66741],[-79.44792,43.6674],[-79.44803,43.66738],[-79.44814,43.66737],[-79.44825,43.66736],[-79.44836,43.66734],[-79.44847,43.66733],[-79.44858,43.66732],[-79.44869,43.66731],[-79.4488,43.66729],[-79.44891,43.66728],[-79.44902,43.66727],[-79.44913,43.66727],[-79.44924,43.66726],[-79.44935,43.66725],[-79.44946,43.66724],[-79.44957,43.66723],[-79.44968,43.66723],[-79.44979,43.66722],[-79.44999,43.6672],[-79.45009,43.66719],[-79.45019,43.66719],[-79.45028,43.66718],[-79.45038,43.66718],[-79.45047,43.66717],[-79.45049,43.66717],[-79.45057,43.66716],[-79.45067,43.66715],[-79.45076,43.66715],[-79.45086,43.66715],[-79.45096,43.66714],[-79.45105,43.66714],[-79.45115,43.66714],[-79.45125,43.66714],[-79.45134,43.66713],[-79.45144,43.66713],[-79.45154,43.66713],[-79.45163,43.66713],[-79.45173,43.66713],[-79.45179,43.66714],[-79.45183,43.66714],[-79.45192,43.66714],[-79.45202,43.66714],[-79.45212,43.66715],[-79.45221,43.66715],[-79.4531,43.66715],[-79.45497,43.66718],[-79.45643,43.6672],[-79.45808,43.66722],[-79.45856,43.66722],[-79.45947,43.66724],[-79.46005,43.66724],[-79.46087,43.66807],[-79.46092,43.66812],[-79.46176,43.66897],[-79.46449,43.67176],[-79.46568,43.67296],[-79.46615,43.67344],[-79.4683,43.67571],[-79.46871,43.67615],[-79.46908,43.67649],[-79.46944,43.67681],[-79.46953,43.67688],[-79.46981,43.67713],[-79.47022,43.67747],[-79.47059,43.67778],[-79.47097,43.6781],[-79.47134,43.67839],[-79.47173,43.6787],[-79.47216,43.67903],[-79.47242,43.67923],[-79.47178,43.67925],[-79.47057,43.6795],[-79.47048,43.67928],[-79.47039,43.6793]]]}},{"type":"Feature","properties":{"num":18,"name":"Davenport"},"geometry":{"type":"Polygon","coordinates":[[[-79.46005,43.66724],[-79.45947,43.66724],[-79.45856,43.66722],[-79.45808,43.66722],[-79.45643,43.6672],[-79.45497,43.66718],[-79.4531,43.66715],[-79.45221,43.66715],[-79.45212,43.66715],[-79.45202,43.66714],[-79.45192,43.66714],[-79.45183,43.66714],[-79.45179,43.66714],[-79.45173,43.66713],[-79.45163,43.66713],[-79.45154,43.66713],[-79.45144,43.66713],[-79.45134,43.66713],[-79.45125,43.66714],[-79.45115,43.66714],[-79.45105,43.66714],[-79.45096,43.66714],[-79.45086,43.66715],[-79.45076,43.66715],[-79.45067,43.66715],[-79.45057,43.66716],[-79.45049,43.66717],[-79.45047,43.66717],[-79.45038,43.66718],[-79.45028,43.66718],[-79.45019,43.66719],[-79.45009,43.66719],[-79.44999,43.6672],[-79.44979,43.66722],[-79.44968,43.66723],[-79.44957,43.66723],[-79.44946,43.66724],[-79.44935,43.66725],[-79.44924,43.66726],[-79.44913,43.66727],[-79.44902,43.66727],[-79.44891,43.66728],[-79.4488,43.66729],[-79.44869,43.66731],[-79.44858,43.66732],[-79.44847,43.66733],[-79.44836,43.66734],[-79.44825,43.66736],[-79.44814,43.66737],[-79.44803,43.66738],[-79.44792,43.6674],[-79.44781,43.66741],[-79.4477,43.66743],[-79.44759,43.66745],[-79.44749,43.66746],[-79.44738,43.66748],[-79.44727,43.6675],[-79.44716,43.66752],[-79.44705,43.66754],[-79.44695,43.66756],[-79.44684,43.66758],[-79.44681,43.66759],[-79.44673,43.6676],[-79.44563,43.6678],[-79.44445,43.66802],[-79.44327,43.66823],[-79.43929,43.66902],[-79.43664,43.66953],[-79.43662,43.66954],[-79.43629,43.66961],[-79.43596,43.66968],[-79.4352,43.66984],[-79.43504,43.66988],[-79.43488,43.66991],[-79.43471,43.66995],[-79.43455,43.66999],[-79.43438,43.67002],[-79.43422,43.67006],[-79.43405,43.67009],[-79.43388,43.67013],[-79.43372,43.67016],[-79.43355,43.67019],[-79.43338,43.67022],[-79.43301,43.67028],[-79.43276,43.66971],[-79.43258,43.66927],[-79.43172,43.66719],[-79.4312,43.66595],[-79.43052,43.66432],[-79.42992,43.66285],[-79.42967,43.66225],[-79.42967,43.66182],[-79.42967,43.66172],[-79.42966,43.66169],[-79.42964,43.66161],[-79.42963,43.66158],[-79.42962,43.66155],[-79.42958,43.66146],[-79.4295,43.66129],[-79.42944,43.66116],[-79.42928,43.66077],[-79.42856,43.65898],[-79.42744,43.65618],[-79.42641,43.65361],[-79.42607,43.65274],[-79.42589,43.65227],[-79.42588,43.65225],[-79.42567,43.65172],[-79.42556,43.65147],[-79.42507,43.65025],[-79.42495,43.64996],[-79.4249,43.64981],[-79.42475,43.64945],[-79.42412,43.64783],[-79.42382,43.64709],[-79.42363,43.64662],[-79.42347,43.6462],[-79.42315,43.64537],[-79.42255,43.64385],[-79.42241,43.6435],[-79.42224,43.64305],[-79.42169,43.64156],[-79.42166,43.64148],[-79.42142,43.64083],[-79.42134,43.64062],[-79.4214,43.64062],[-79.42144,43.64062],[-79.42146,43.64062],[-79.42155,43.64062],[-79.42165,43.64063],[-79.42175,43.64063],[-79.42185,43.64064],[-79.42196,43.64065],[-79.42206,43.64066],[-79.42216,43.64067],[-79.42227,43.64067],[-79.42237,43.64068],[-79.42247,43.6407],[-79.42257,43.64071],[-79.42267,43.64072],[-79.42278,43.64073],[-79.42288,43.64074],[-79.42298,43.64075],[-79.42308,43.64077],[-79.42318,43.64078],[-79.42323,43.64079],[-79.42359,43.64084],[-79.42399,43.64091],[-79.42439,43.641],[-79.42488,43.64111],[-79.42508,43.64116],[-79.42527,43.64121],[-79.42537,43.64123],[-79.42544,43.64125],[-79.42563,43.64129],[-79.42602,43.6414],[-79.42641,43.64152],[-79.4267,43.64162],[-79.42695,43.64172],[-79.4272,43.64182],[-79.42749,43.64195],[-79.4279,43.64215],[-79.42805,43.64224],[-79.42821,43.64232],[-79.42837,43.64236],[-79.42851,43.64244],[-79.42866,43.64252],[-79.42875,43.64256],[-79.42881,43.64259],[-79.42896,43.64267],[-79.42911,43.64274],[-79.42926,43.64282],[-79.42941,43.64289],[-79.42956,43.64297],[-79.42966,43.64301],[-79.42971,43.64304],[-79.42986,43.64311],[-79.43001,43.64318],[-79.43017,43.64325],[-79.43032,43.64333],[-79.43047,43.6434],[-79.43094,43.64362],[-79.43366,43.64489],[-79.43443,43.64525],[-79.43559,43.64577],[-79.43582,43.64588],[-79.43605,43.64598],[-79.43606,43.64598],[-79.4363,43.6461],[-79.43654,43.6462],[-79.43677,43.64631],[-79.43693,43.64639],[-79.43701,43.64642],[-79.43725,43.64653],[-79.43748,43.64664],[-79.43762,43.64671],[-79.43772,43.64676],[-79.43795,43.64686],[-79.43819,43.64698],[-79.43842,43.64709],[-79.43865,43.6472],[-79.43889,43.64731],[-79.43912,43.64743],[-79.43922,43.64749],[-79.43932,43.64753],[-79.43943,43.64759],[-79.43953,43.64764],[-79.43963,43.6477],[-79.43973,43.64775],[-79.43983,43.64781],[-79.43993,43.64786],[-79.44003,43.64792],[-79.44013,43.64798],[-79.44022,43.64803],[-79.44032,43.64809],[-79.44042,43.64815],[-79.44051,43.64821],[-79.44061,43.64826],[-79.44071,43.64832],[-79.4408,43.64838],[-79.4409,43.64844],[-79.44099,43.6485],[-79.44108,43.64857],[-79.44116,43.64862],[-79.44118,43.64863],[-79.44127,43.64869],[-79.44136,43.64875],[-79.44145,43.64881],[-79.44154,43.64888],[-79.44163,43.64894],[-79.44172,43.649],[-79.44181,43.64907],[-79.4419,43.64913],[-79.44199,43.6492],[-79.44207,43.64926],[-79.44216,43.64933],[-79.44225,43.6494],[-79.44233,43.64946],[-79.44242,43.64953],[-79.4425,43.6496],[-79.44258,43.64967],[-79.44267,43.64973],[-79.44275,43.6498],[-79.44283,43.64987],[-79.44292,43.64994],[-79.44301,43.65002],[-79.4431,43.65009],[-79.44319,43.65017],[-79.44328,43.65024],[-79.44337,43.65032],[-79.44346,43.65039],[-79.44354,43.65047],[-79.44363,43.65054],[-79.44372,43.65062],[-79.4438,43.6507],[-79.44389,43.65077],[-79.44397,43.65085],[-79.44405,43.65092],[-79.44405,43.65093],[-79.44643,43.65337],[-79.44755,43.65451],[-79.44779,43.65476],[-79.44987,43.65689],[-79.45135,43.65838],[-79.45203,43.65908],[-79.4534,43.66048],[-79.45354,43.66062],[-79.45455,43.66164],[-79.45602,43.66314],[-79.45728,43.66442],[-79.45782,43.66497],[-79.45932,43.6665],[-79.46005,43.66724]]]}},{"type":"Feature","properties":{"num":19,"name":"Trinity-Spadina"},"geometry":{"type":"Polygon","coordinates":[[[-79.40792,43.63297],[-79.40861,43.63305],[-79.40879,43.63169],[-79.40952,43.63126],[-79.40958,43.63123],[-79.40975,43.6312],[-79.40991,43.63117],[-79.41003,43.63115],[-79.41001,43.63103],[-79.40999,43.63095],[-79.40987,43.63097],[-79.4097,43.63099],[-79.40946,43.63103],[-79.40946,43.63099],[-79.40946,43.63094],[-79.40948,43.6309],[-79.40948,43.63083],[-79.40945,43.63071],[-79.40939,43.63053],[-79.40934,43.63038],[-79.40928,43.63022],[-79.40921,43.63006],[-79.40914,43.62993],[-79.40905,43.62979],[-79.40905,43.62978],[-79.40906,43.62966],[-79.40915,43.62953],[-79.40936,43.62946],[-79.40954,43.62945],[-79.40971,43.62943],[-79.40988,43.6294],[-79.41004,43.62932],[-79.4102,43.62925],[-79.41024,43.62915],[-79.41019,43.62905],[-79.41015,43.62892],[-79.41016,43.62881],[-79.41012,43.62868],[-79.41006,43.62858],[-79.41004,43.62845],[-79.41003,43.62834],[-79.41006,43.62821],[-79.41013,43.62807],[-79.41025,43.62794],[-79.41038,43.62781],[-79.41054,43.6277],[-79.4107,43.6276],[-79.41087,43.62749],[-79.41105,43.62738],[-79.41124,43.62732],[-79.41146,43.62731],[-79.41166,43.62733],[-79.41186,43.62735],[-79.41205,43.62738],[-79.41226,43.6274],[-79.41245,43.62739],[-79.41264,43.62738],[-79.41281,43.62736],[-79.41297,43.62732],[-79.41309,43.62726],[-79.41319,43.62715],[-79.41332,43.62703],[-79.41349,43.62698],[-79.41366,43.627],[-79.41382,43.62706],[-79.414,43.62712],[-79.41419,43.62716],[-79.41437,43.62718],[-79.41454,43.62718],[-79.4147,43.62717],[-79.41486,43.62715],[-79.41501,43.62712],[-79.41516,43.62709],[-79.41528,43.62709],[-79.41539,43.62709],[-79.41546,43.62707],[-79.41554,43.62693],[-79.41559,43.62688],[-79.41565,43.62689],[-79.41567,43.62695],[-79.41555,43.62714],[-79.41555,43.62719],[-79.41557,43.62727],[-79.41552,43.62733],[-79.41563,43.62765],[-79.41577,43.62771],[-79.4161,43.62787],[-79.41615,43.62803],[-79.41624,43.62807],[-79.4162,43.62811],[-79.41734,43.62793],[-79.41784,43.62735],[-79.41776,43.62692],[-79.41812,43.62708],[-79.41838,43.62704],[-79.41864,43.62676],[-79.41833,43.62661],[-79.41818,43.62662],[-79.4168,43.62644],[-79.41652,43.62641],[-79.41526,43.62654],[-79.41508,43.62656],[-79.41501,43.62656],[-79.41492,43.62656],[-79.41484,43.62652],[-79.41484,43.62647],[-79.41489,43.62644],[-79.41498,43.62642],[-79.41502,43.62641],[-79.41639,43.6263],[-79.41641,43.6263],[-79.4165,43.62628],[-79.41659,43.62627],[-79.41668,43.62629],[-79.41791,43.62646],[-79.41822,43.6265],[-79.41828,43.62657],[-79.41843,43.62655],[-79.41946,43.6269],[-79.41951,43.62688],[-79.41959,43.62683],[-79.4197,43.62677],[-79.41985,43.62674],[-79.42002,43.62677],[-79.42024,43.62694],[-79.42026,43.62702],[-79.42029,43.62711],[-79.42036,43.62718],[-79.42046,43.62724],[-79.42057,43.62729],[-79.4207,43.62735],[-79.42083,43.6274],[-79.42097,43.62744],[-79.42113,43.62749],[-79.42126,43.62753],[-79.42138,43.62755],[-79.42148,43.62753],[-79.42163,43.6275],[-79.42183,43.62747],[-79.42202,43.62743],[-79.42221,43.62742],[-79.42239,43.62747],[-79.42248,43.62755],[-79.42253,43.62764],[-79.42255,43.62774],[-79.42246,43.62783],[-79.42236,43.62791],[-79.42227,43.62799],[-79.42218,43.62808],[-79.42212,43.62814],[-79.42209,43.62822],[-79.42208,43.6283],[-79.42206,43.6284],[-79.42206,43.62848],[-79.42209,43.62855],[-79.42213,43.62862],[-79.42217,43.62869],[-79.42222,43.62875],[-79.42227,43.62881],[-79.42233,43.62888],[-79.42238,43.62893],[-79.42243,43.62898],[-79.42249,43.62901],[-79.42249,43.62905],[-79.42247,43.62907],[-79.42151,43.62915],[-79.42097,43.6292],[-79.42031,43.62925],[-79.42006,43.62926],[-79.42005,43.62926],[-79.41963,43.62933],[-79.4194,43.6292],[-79.41942,43.62917],[-79.41934,43.629],[-79.41949,43.62889],[-79.41958,43.62887],[-79.41965,43.62883],[-79.41966,43.6288],[-79.41972,43.62876],[-79.41971,43.62871],[-79.41968,43.62865],[-79.41969,43.62858],[-79.41972,43.62852],[-79.41976,43.62845],[-79.41982,43.6284],[-79.41988,43.62835],[-79.41982,43.62832],[-79.41977,43.62835],[-79.4197,43.6284],[-79.41962,43.62845],[-79.4196,43.62851],[-79.41961,43.62857],[-79.4196,43.62865],[-79.41951,43.6287],[-79.41942,43.62871],[-79.41935,43.6287],[-79.41929,43.62866],[-79.41925,43.6286],[-79.41919,43.62854],[-79.41915,43.6285],[-79.41917,43.62844],[-79.4192,43.62838],[-79.41926,43.6283],[-79.41931,43.62823],[-79.41935,43.62816],[-79.41935,43.62807],[-79.41933,43.62799],[-79.41924,43.62794],[-79.41913,43.6279],[-79.41904,43.62788],[-79.41893,43.62788],[-79.41878,43.62792],[-79.41872,43.62794],[-79.41867,43.62797],[-79.41864,43.62802],[-79.41863,43.62808],[-79.41862,43.62814],[-79.41859,43.62819],[-79.41857,43.62824],[-79.41854,43.62826],[-79.41847,43.62826],[-79.41842,43.62823],[-79.41841,43.62817],[-79.41803,43.62824],[-79.41841,43.62948],[-79.41869,43.62943],[-79.41869,43.62949],[-79.41969,43.62992],[-79.42011,43.63011],[-79.42096,43.63004],[-79.42208,43.62996],[-79.42377,43.62982],[-79.42436,43.62978],[-79.42609,43.62964],[-79.42716,43.62969],[-79.42777,43.62977],[-79.4278,43.62988],[-79.42786,43.63004],[-79.42817,43.63096],[-79.42831,43.63152],[-79.42865,43.63279],[-79.42871,43.63292],[-79.42876,43.63304],[-79.4287,43.63305],[-79.42862,43.63307],[-79.42854,43.63308],[-79.42846,43.6331],[-79.42838,43.63311],[-79.4283,43.63312],[-79.42822,43.63314],[-79.42814,43.63315],[-79.42806,43.63317],[-79.42798,43.63319],[-79.4279,43.63321],[-79.42782,43.63323],[-79.42779,43.63323],[-79.42774,43.63324],[-79.42766,43.63327],[-79.42759,43.63328],[-79.42751,43.63331],[-79.42743,43.63332],[-79.42735,43.63335],[-79.42728,43.63337],[-79.4272,43.63339],[-79.42543,43.63389],[-79.42539,43.6339],[-79.42445,43.63412],[-79.42422,43.63419],[-79.42337,43.63444],[-79.42297,43.63455],[-79.42235,43.63472],[-79.42114,43.63503],[-79.42043,43.63522],[-79.41995,43.63535],[-79.41993,43.63536],[-79.4194,43.63551],[-79.41957,43.63583],[-79.41975,43.6362],[-79.42035,43.63775],[-79.42058,43.63832],[-79.42076,43.63881],[-79.42101,43.63948],[-79.42129,43.64019],[-79.42146,43.64062],[-79.42144,43.64062],[-79.4214,43.64062],[-79.42134,43.64062],[-79.42142,43.64083],[-79.42166,43.64148],[-79.42169,43.64156],[-79.42224,43.64305],[-79.42241,43.6435],[-79.42255,43.64385],[-79.42315,43.64537],[-79.42347,43.6462],[-79.42363,43.64662],[-79.42371,43.6468],[-79.42382,43.64709],[-79.42412,43.64783],[-79.42475,43.64945],[-79.4249,43.64981],[-79.42495,43.64996],[-79.42507,43.65025],[-79.42556,43.65147],[-79.42567,43.65172],[-79.42588,43.65225],[-79.42589,43.65227],[-79.42607,43.65274],[-79.42641,43.65361],[-79.42744,43.65618],[-79.42856,43.65898],[-79.42928,43.66077],[-79.42944,43.66116],[-79.4295,43.66129],[-79.42958,43.66146],[-79.42962,43.66155],[-79.42963,43.66158],[-79.42964,43.66161],[-79.42966,43.66169],[-79.42967,43.66172],[-79.42967,43.66182],[-79.42967,43.66225],[-79.42992,43.66285],[-79.43027,43.66371],[-79.43052,43.66432],[-79.4312,43.66595],[-79.43172,43.66719],[-79.43232,43.66865],[-79.43258,43.66927],[-79.43276,43.66971],[-79.43301,43.67028],[-79.43295,43.6703],[-79.43228,43.67043],[-79.4294,43.67098],[-79.42698,43.67145],[-79.42293,43.67222],[-79.42186,43.67243],[-79.42155,43.67163],[-79.42123,43.67079],[-79.42109,43.67043],[-79.42094,43.67002],[-79.42064,43.66926],[-79.4203,43.66835],[-79.4202,43.66813],[-79.41994,43.6674],[-79.41975,43.66692],[-79.41963,43.66658],[-79.41947,43.66618],[-79.41879,43.66445],[-79.41858,43.66396],[-79.41842,43.6636],[-79.41819,43.66364],[-79.41722,43.66384],[-79.41612,43.66408],[-79.41599,43.6641],[-79.41486,43.66435],[-79.41365,43.66463],[-79.41244,43.6649],[-79.41185,43.66501],[-79.41178,43.66502],[-79.41122,43.66513],[-79.41072,43.66384],[-79.41056,43.66344],[-79.41025,43.66268],[-79.40977,43.66152],[-79.40944,43.66072],[-79.40909,43.65982],[-79.40847,43.6583],[-79.40773,43.65649],[-79.40754,43.65604],[-79.40684,43.6543],[-79.40602,43.65232],[-79.40565,43.65138],[-79.4055,43.65101],[-79.4047,43.64898],[-79.40465,43.64884],[-79.4046,43.64872],[-79.40459,43.64869],[-79.40434,43.64807],[-79.40434,43.64806],[-79.40433,43.64804],[-79.40419,43.64769],[-79.40401,43.6472],[-79.4039,43.64686],[-79.40378,43.64652],[-79.40376,43.64648],[-79.40337,43.64553],[-79.40324,43.6452],[-79.40311,43.6449],[-79.40296,43.64454],[-79.4029,43.64442],[-79.40271,43.64394],[-79.4024,43.6432],[-79.4022,43.64266],[-79.4019,43.64192],[-79.40174,43.64153],[-79.40168,43.6414],[-79.40142,43.64076],[-79.40135,43.64057],[-79.40127,43.64038],[-79.40066,43.63888],[-79.40065,43.63885],[-79.40044,43.63832],[-79.40031,43.63803],[-79.40029,43.63797],[-79.40024,43.63787],[-79.40002,43.63735],[-79.39982,43.63684],[-79.39972,43.63664],[-79.39965,43.63649],[-79.39993,43.63639],[-79.40021,43.63629],[-79.40064,43.63616],[-79.40096,43.63609],[-79.4012,43.63603],[-79.40165,43.63596],[-79.40199,43.63591],[-79.40238,43.63584],[-79.40279,43.63579],[-79.40315,43.63576],[-79.40467,43.63565],[-79.40509,43.63562],[-79.40565,43.6356],[-79.40618,43.63555],[-79.40668,43.6355],[-79.40672,43.63549],[-79.40701,43.63544],[-79.40748,43.63533],[-79.40762,43.63528],[-79.40782,43.6352],[-79.40798,43.63511],[-79.40812,43.63502],[-79.40826,43.63492],[-79.40852,43.63469],[-79.40875,43.63445],[-79.40862,43.63443],[-79.40845,43.63435],[-79.40792,43.63297]]]}},{"type":"Feature","properties":{"num":20,"name":"Trinity-Spadina"},"geometry":{"type":"Polygon","coordinates":[[[-79.40792,43.63297],[-79.40845,43.63435],[-79.40862,43.63443],[-79.40875,43.63445],[-79.40852,43.63469],[-79.40826,43.63492],[-79.40812,43.63502],[-79.40798,43.63511],[-79.40782,43.6352],[-79.40762,43.63528],[-79.40748,43.63533],[-79.40701,43.63544],[-79.40672,43.63549],[-79.40668,43.6355],[-79.40618,43.63555],[-79.40565,43.6356],[-79.40509,43.63562],[-79.40315,43.63576],[-79.40279,43.63579],[-79.40238,43.63584],[-79.40199,43.63591],[-79.40165,43.63596],[-79.4012,43.63603],[-79.40096,43.63609],[-79.40064,43.63616],[-79.40021,43.63629],[-79.39993,43.63639],[-79.39965,43.63649],[-79.39972,43.63664],[-79.39982,43.63684],[-79.40002,43.63735],[-79.40024,43.63787],[-79.40029,43.63797],[-79.40031,43.63803],[-79.40044,43.63832],[-79.40065,43.63885],[-79.40066,43.63888],[-79.40127,43.64038],[-79.40135,43.64057],[-79.40142,43.64076],[-79.40168,43.6414],[-79.40174,43.64153],[-79.4019,43.64192],[-79.4022,43.64266],[-79.4024,43.6432],[-79.40271,43.64394],[-79.4029,43.64442],[-79.40296,43.64454],[-79.40311,43.6449],[-79.40324,43.6452],[-79.40337,43.64553],[-79.40376,43.64648],[-79.4039,43.64686],[-79.40401,43.6472],[-79.40419,43.64769],[-79.40433,43.64804],[-79.40434,43.64807],[-79.40459,43.64869],[-79.4046,43.64872],[-79.40465,43.64884],[-79.4047,43.64898],[-79.4055,43.65101],[-79.40565,43.65138],[-79.40602,43.65232],[-79.40684,43.6543],[-79.40754,43.65604],[-79.40773,43.65649],[-79.40847,43.6583],[-79.40909,43.65982],[-79.40944,43.66072],[-79.40977,43.66152],[-79.41025,43.66268],[-79.41072,43.66384],[-79.41122,43.66513],[-79.41178,43.66502],[-79.41185,43.66501],[-79.41244,43.6649],[-79.41365,43.66463],[-79.41486,43.66435],[-79.41599,43.6641],[-79.41612,43.66408],[-79.41722,43.66384],[-79.41842,43.6636],[-79.41858,43.66396],[-79.41879,43.66445],[-79.41947,43.66618],[-79.41963,43.66658],[-79.41975,43.66692],[-79.41994,43.6674],[-79.4202,43.66813],[-79.4203,43.66835],[-79.42064,43.66926],[-79.42094,43.67002],[-79.42109,43.67043],[-79.42123,43.67079],[-79.42155,43.67163],[-79.42186,43.67243],[-79.42182,43.67244],[-79.41963,43.67289],[-79.41711,43.67341],[-79.41675,43.67348],[-79.4147,43.67392],[-79.41468,43.67392],[-79.41372,43.67412],[-79.41219,43.67444],[-79.41136,43.67461],[-79.40785,43.67533],[-79.40734,43.67544],[-79.40497,43.67593],[-79.40315,43.67631],[-79.40303,43.67634],[-79.40292,43.67636],[-79.40289,43.67636],[-79.40281,43.67638],[-79.40269,43.67641],[-79.40258,43.67643],[-79.40247,43.67646],[-79.40236,43.67648],[-79.40225,43.67651],[-79.40213,43.67653],[-79.40202,43.67657],[-79.40191,43.67659],[-79.4018,43.67662],[-79.40169,43.67665],[-79.40158,43.67668],[-79.40147,43.67671],[-79.40136,43.67674],[-79.40125,43.67677],[-79.40114,43.6768],[-79.40103,43.67684],[-79.40094,43.67686],[-79.40084,43.67689],[-79.40075,43.67692],[-79.40066,43.67695],[-79.40056,43.67697],[-79.40047,43.67701],[-79.40038,43.67703],[-79.40029,43.67706],[-79.40019,43.67709],[-79.4001,43.67713],[-79.40001,43.67716],[-79.39992,43.67719],[-79.39983,43.67722],[-79.39974,43.67725],[-79.39965,43.67729],[-79.39956,43.67732],[-79.39947,43.67736],[-79.39938,43.67739],[-79.39929,43.67743],[-79.39921,43.67747],[-79.39912,43.6775],[-79.399,43.67755],[-79.39889,43.67759],[-79.39878,43.67764],[-79.39867,43.67768],[-79.39855,43.67773],[-79.39844,43.67778],[-79.39833,43.67783],[-79.39822,43.67788],[-79.39811,43.67793],[-79.398,43.67798],[-79.39793,43.67801],[-79.39777,43.67761],[-79.39763,43.67721],[-79.39743,43.6767],[-79.39728,43.67639],[-79.39694,43.67556],[-79.39677,43.67514],[-79.39661,43.67474],[-79.39631,43.67401],[-79.39615,43.67365],[-79.39603,43.67336],[-79.39575,43.67267],[-79.39544,43.67191],[-79.39507,43.67101],[-79.39482,43.6704],[-79.39464,43.66994],[-79.39451,43.66962],[-79.39414,43.66873],[-79.39353,43.66728],[-79.39315,43.66638],[-79.39317,43.66626],[-79.39317,43.66621],[-79.39317,43.66617],[-79.39318,43.66612],[-79.3932,43.66607],[-79.39321,43.66602],[-79.39325,43.66596],[-79.39328,43.66592],[-79.39332,43.66587],[-79.39336,43.66584],[-79.39339,43.6658],[-79.3934,43.6658],[-79.39342,43.66579],[-79.39344,43.66577],[-79.39347,43.66576],[-79.39349,43.66574],[-79.39351,43.66573],[-79.39353,43.66571],[-79.39356,43.6657],[-79.39358,43.66568],[-79.3936,43.66566],[-79.39362,43.66564],[-79.39364,43.66563],[-79.39365,43.66561],[-79.39367,43.66559],[-79.39369,43.66557],[-79.3937,43.66555],[-79.39372,43.66553],[-79.39374,43.66551],[-79.39375,43.66549],[-79.39376,43.66547],[-79.39378,43.66545],[-79.39379,43.66543],[-79.3938,43.66541],[-79.39381,43.66539],[-79.39382,43.66537],[-79.39383,43.66535],[-79.39383,43.66534],[-79.39384,43.66532],[-79.39385,43.6653],[-79.39386,43.66528],[-79.39387,43.66526],[-79.39387,43.66523],[-79.39388,43.66521],[-79.39389,43.66519],[-79.39389,43.66517],[-79.39389,43.66514],[-79.3939,43.66512],[-79.3939,43.6651],[-79.3939,43.66507],[-79.3939,43.66505],[-79.3939,43.66502],[-79.3939,43.665],[-79.3939,43.66498],[-79.39389,43.66496],[-79.39389,43.66493],[-79.39389,43.66491],[-79.39388,43.66488],[-79.39388,43.66486],[-79.39387,43.66484],[-79.39386,43.66482],[-79.39359,43.66409],[-79.39321,43.66308],[-79.39311,43.66278],[-79.39295,43.66248],[-79.39291,43.66243],[-79.3925,43.66191],[-79.39241,43.66173],[-79.3923,43.66149],[-79.39228,43.66146],[-79.39222,43.66134],[-79.39214,43.66122],[-79.39205,43.66113],[-79.39193,43.66101],[-79.39174,43.66088],[-79.3917,43.66085],[-79.39165,43.66083],[-79.3916,43.6608],[-79.39155,43.66078],[-79.3915,43.66075],[-79.39145,43.66073],[-79.3914,43.6607],[-79.39135,43.66068],[-79.3913,43.66066],[-79.39122,43.66063],[-79.3912,43.66063],[-79.39117,43.66062],[-79.39114,43.66061],[-79.39112,43.6606],[-79.39109,43.66059],[-79.39107,43.66058],[-79.39104,43.66057],[-79.39102,43.66056],[-79.391,43.66055],[-79.39098,43.66053],[-79.39095,43.66052],[-79.39093,43.66051],[-79.39091,43.66049],[-79.39089,43.66048],[-79.39087,43.66047],[-79.39085,43.66045],[-79.39083,43.66043],[-79.39082,43.66042],[-79.3908,43.6604],[-79.39078,43.66038],[-79.39076,43.66037],[-79.39075,43.66035],[-79.39073,43.66034],[-79.39072,43.66032],[-79.39071,43.6603],[-79.39069,43.66028],[-79.39068,43.66027],[-79.39064,43.66019],[-79.39063,43.66017],[-79.3905,43.65987],[-79.39031,43.65946],[-79.38999,43.65871],[-79.38994,43.6586],[-79.38965,43.65793],[-79.38949,43.65754],[-79.38933,43.65714],[-79.38897,43.65637],[-79.38897,43.65636],[-79.38869,43.65569],[-79.3886,43.65548],[-79.38832,43.65481],[-79.38832,43.6548],[-79.38794,43.65398],[-79.38758,43.65312],[-79.38755,43.65305],[-79.38725,43.65232],[-79.387,43.65177],[-79.38663,43.65086],[-79.38629,43.6501],[-79.38556,43.64888],[-79.38536,43.64857],[-79.38519,43.64829],[-79.38481,43.64767],[-79.3841,43.64639],[-79.38386,43.64598],[-79.38379,43.64588],[-79.38369,43.64571],[-79.38343,43.64509],[-79.38254,43.64529],[-79.38247,43.6453],[-79.38242,43.64516],[-79.38227,43.64483],[-79.38216,43.64458],[-79.38212,43.64447],[-79.38185,43.64382],[-79.38164,43.64331],[-79.38148,43.64292],[-79.38111,43.64207],[-79.38099,43.64177],[-79.38096,43.6417],[-79.38092,43.64161],[-79.38091,43.64158],[-79.38087,43.64147],[-79.38069,43.64101],[-79.38066,43.64093],[-79.38065,43.64091],[-79.38064,43.64088],[-79.38055,43.64062],[-79.38054,43.64058],[-79.38053,43.64054],[-79.38052,43.64051],[-79.3805,43.64048],[-79.38049,43.64045],[-79.38048,43.64042],[-79.38046,43.64039],[-79.38044,43.64035],[-79.38043,43.64032],[-79.38041,43.64029],[-79.38039,43.64026],[-79.38037,43.64023],[-79.38035,43.6402],[-79.38033,43.64017],[-79.38031,43.64014],[-79.38029,43.64012],[-79.38027,43.64008],[-79.3802,43.63997],[-79.38005,43.63961],[-79.37767,43.6339],[-79.39521,43.63418],[-79.39786,43.63269],[-79.39685,43.63393],[-79.39714,43.63377],[-79.39737,43.63367],[-79.39739,43.63368],[-79.39741,43.63369],[-79.39746,43.63373],[-79.39753,43.63378],[-79.39755,43.63381],[-79.39762,43.63386],[-79.39769,43.63383],[-79.39774,43.63379],[-79.39767,43.63373],[-79.3976,43.63365],[-79.39757,43.63361],[-79.39755,43.63358],[-79.39756,43.63355],[-79.39757,43.63354],[-79.39821,43.63318],[-79.39882,43.63286],[-79.3991,43.63271],[-79.40041,43.63201],[-79.40092,43.63172],[-79.40168,43.63134],[-79.40232,43.63101],[-79.40257,43.63108],[-79.40281,43.63117],[-79.40293,43.63122],[-79.403,43.63128],[-79.40301,43.63129],[-79.40301,43.63132],[-79.40299,43.6314],[-79.40296,43.63149],[-79.40506,43.63308],[-79.40664,43.63281],[-79.40792,43.63297]]]}},{"type":"Feature","properties":{"num":21,"name":"St. Paul's"},"geometry":{"type":"Polygon","coordinates":[[[-79.4294,43.67098],[-79.4296,43.67144],[-79.42967,43.67161],[-79.43022,43.67295],[-79.43071,43.67405],[-79.43081,43.6743],[-79.43084,43.67437],[-79.43099,43.67473],[-79.43023,43.67475],[-79.43032,43.67497],[-79.43106,43.67677],[-79.43183,43.67862],[-79.43251,43.68029],[-79.4327,43.68081],[-79.43282,43.68082],[-79.43288,43.68085],[-79.43292,43.68088],[-79.43295,43.68092],[-79.43298,43.68098],[-79.43328,43.68169],[-79.43356,43.68244],[-79.43361,43.68253],[-79.43382,43.68304],[-79.43383,43.68307],[-79.43383,43.6831],[-79.43382,43.68313],[-79.43379,43.68317],[-79.43373,43.68319],[-79.43326,43.6833],[-79.43331,43.68335],[-79.43379,43.68451],[-79.43378,43.68492],[-79.43394,43.68533],[-79.4343,43.68625],[-79.43445,43.68663],[-79.43464,43.68711],[-79.43494,43.68783],[-79.43536,43.68891],[-79.43551,43.68928],[-79.43577,43.68993],[-79.43611,43.69072],[-79.43637,43.69141],[-79.43683,43.69257],[-79.43721,43.69356],[-79.43771,43.6948],[-79.43782,43.69512],[-79.43803,43.69562],[-79.43837,43.69646],[-79.4384,43.69656],[-79.43872,43.69728],[-79.4389,43.69772],[-79.43906,43.69812],[-79.43925,43.69808],[-79.43939,43.69805],[-79.43954,43.69841],[-79.43972,43.69884],[-79.44002,43.69958],[-79.44015,43.69992],[-79.44001,43.69995],[-79.44069,43.70162],[-79.43884,43.70205],[-79.4389,43.70231],[-79.439,43.70269],[-79.4394,43.70437],[-79.43961,43.70526],[-79.43969,43.70562],[-79.43903,43.70577],[-79.43878,43.70582],[-79.43855,43.70587],[-79.43797,43.70599],[-79.43616,43.70639],[-79.43429,43.70678],[-79.42728,43.70825],[-79.42716,43.7083],[-79.42706,43.70794],[-79.42686,43.70712],[-79.42664,43.70623],[-79.42644,43.70544],[-79.42638,43.7052],[-79.42636,43.70516],[-79.42629,43.70488],[-79.42279,43.70436],[-79.41811,43.70258],[-79.41911,43.70236],[-79.41871,43.70198],[-79.4181,43.7014],[-79.41804,43.70133],[-79.41798,43.70125],[-79.41792,43.70115],[-79.41769,43.70057],[-79.41735,43.69977],[-79.41704,43.69903],[-79.41668,43.69822],[-79.41635,43.69743],[-79.41604,43.69672],[-79.4158,43.6961],[-79.41574,43.69598],[-79.41543,43.69522],[-79.4151,43.69447],[-79.41503,43.69434],[-79.41448,43.69294],[-79.41443,43.69284],[-79.41412,43.69206],[-79.41366,43.69099],[-79.41335,43.69023],[-79.41318,43.68983],[-79.41301,43.68944],[-79.41267,43.68868],[-79.41265,43.68853],[-79.41263,43.68844],[-79.41263,43.68835],[-79.41261,43.68821],[-79.41258,43.68811],[-79.41245,43.68778],[-79.41231,43.68744],[-79.41228,43.68735],[-79.41205,43.68679],[-79.41162,43.68571],[-79.41135,43.68507],[-79.41117,43.68464],[-79.41106,43.68455],[-79.41024,43.68251],[-79.41009,43.68215],[-79.41001,43.68195],[-79.40994,43.68177],[-79.40943,43.68058],[-79.40903,43.67957],[-79.40876,43.67894],[-79.40875,43.67889],[-79.40876,43.67886],[-79.41026,43.6785],[-79.41072,43.67838],[-79.4108,43.67835],[-79.41085,43.67832],[-79.41091,43.67827],[-79.41037,43.67685],[-79.41014,43.67689],[-79.40926,43.67713],[-79.40813,43.67743],[-79.4075,43.67588],[-79.40735,43.67548],[-79.40734,43.67544],[-79.40785,43.67533],[-79.41136,43.67461],[-79.41219,43.67444],[-79.41372,43.67412],[-79.41468,43.67392],[-79.4147,43.67392],[-79.41675,43.67348],[-79.41711,43.67341],[-79.41963,43.67289],[-79.42182,43.67244],[-79.42186,43.67243],[-79.42293,43.67222],[-79.42698,43.67145],[-79.4294,43.67098]]]}},{"type":"Feature","properties":{"num":22,"name":"St. Paul's"},"geometry":{"type":"Polygon","coordinates":[[[-79.41811,43.70258],[-79.41738,43.70273],[-79.4171,43.70279],[-79.41597,43.70304],[-79.41551,43.70313],[-79.41495,43.70326],[-79.4144,43.70337],[-79.41389,43.70348],[-79.41323,43.70362],[-79.41208,43.70386],[-79.41165,43.70395],[-79.41096,43.70409],[-79.40962,43.70437],[-79.40852,43.70461],[-79.40741,43.70485],[-79.40653,43.70504],[-79.40614,43.70512],[-79.4049,43.70537],[-79.40375,43.70561],[-79.40277,43.70583],[-79.40174,43.70604],[-79.40145,43.70611],[-79.40029,43.70636],[-79.39837,43.70674],[-79.39863,43.708],[-79.39868,43.70822],[-79.39887,43.7091],[-79.399,43.70959],[-79.3939,43.7106],[-79.39123,43.71114],[-79.38866,43.71165],[-79.38749,43.71188],[-79.38618,43.71215],[-79.38603,43.71218],[-79.38571,43.71137],[-79.38462,43.7116],[-79.38448,43.71162],[-79.38397,43.71171],[-79.38383,43.7117],[-79.38295,43.71189],[-79.38198,43.71209],[-79.3815,43.71219],[-79.38151,43.71224],[-79.38105,43.71233],[-79.38006,43.71252],[-79.37899,43.71274],[-79.37892,43.71277],[-79.37887,43.71279],[-79.37821,43.71294],[-79.37749,43.7131],[-79.37739,43.71241],[-79.37731,43.71204],[-79.37716,43.71105],[-79.3771,43.7109],[-79.37706,43.71067],[-79.37701,43.71051],[-79.37696,43.71031],[-79.37634,43.70872],[-79.37601,43.70782],[-79.37565,43.70695],[-79.37494,43.70512],[-79.37462,43.70428],[-79.37414,43.70301],[-79.37379,43.70207],[-79.37338,43.70095],[-79.37314,43.70037],[-79.37285,43.69958],[-79.37251,43.69874],[-79.37195,43.6973],[-79.37174,43.69676],[-79.37204,43.69671],[-79.37257,43.69663],[-79.37262,43.69662],[-79.37322,43.69651],[-79.37382,43.69638],[-79.37445,43.69623],[-79.37635,43.69584],[-79.37854,43.69538],[-79.37885,43.69532],[-79.37937,43.69521],[-79.37973,43.69513],[-79.37995,43.69508],[-79.38008,43.69504],[-79.38028,43.69498],[-79.38038,43.69495],[-79.38049,43.6949],[-79.3806,43.69484],[-79.38075,43.69476],[-79.3808,43.69472],[-79.38102,43.69487],[-79.38136,43.6951],[-79.38181,43.69473],[-79.38189,43.69467],[-79.38485,43.69404],[-79.38913,43.69312],[-79.38892,43.69265],[-79.38889,43.69257],[-79.38907,43.69253],[-79.38874,43.69174],[-79.38953,43.69156],[-79.38955,43.6916],[-79.39017,43.69147],[-79.39022,43.69146],[-79.39079,43.69134],[-79.39058,43.69107],[-79.39047,43.69095],[-79.3904,43.69086],[-79.39032,43.69079],[-79.39023,43.69073],[-79.39012,43.69064],[-79.39008,43.69059],[-79.39004,43.69053],[-79.39002,43.69034],[-79.39001,43.69025],[-79.38998,43.69009],[-79.38988,43.68993],[-79.38978,43.6898],[-79.38961,43.68968],[-79.38945,43.68959],[-79.38898,43.6892],[-79.38893,43.68916],[-79.38872,43.68898],[-79.38866,43.68895],[-79.38849,43.68881],[-79.38822,43.68865],[-79.38797,43.68854],[-79.38774,43.68847],[-79.3875,43.68842],[-79.38728,43.68828],[-79.3872,43.68804],[-79.38704,43.68788],[-79.3868,43.68775],[-79.38665,43.68771],[-79.38835,43.68735],[-79.38838,43.68733],[-79.38845,43.6873],[-79.38909,43.68716],[-79.39085,43.68678],[-79.39039,43.68558],[-79.39024,43.68516],[-79.38883,43.68545],[-79.38856,43.68478],[-79.38887,43.68469],[-79.3908,43.68429],[-79.39239,43.68395],[-79.39204,43.68311],[-79.39194,43.68289],[-79.39163,43.68216],[-79.39156,43.68198],[-79.39134,43.68144],[-79.3912,43.68109],[-79.39141,43.68098],[-79.39323,43.68018],[-79.39581,43.67899],[-79.39735,43.67829],[-79.39746,43.67824],[-79.39757,43.67818],[-79.39767,43.67813],[-79.39778,43.67808],[-79.39789,43.67802],[-79.39793,43.67801],[-79.398,43.67798],[-79.39811,43.67793],[-79.39822,43.67788],[-79.39833,43.67783],[-79.39844,43.67778],[-79.39855,43.67773],[-79.39867,43.67768],[-79.39878,43.67764],[-79.39889,43.67759],[-79.399,43.67755],[-79.39912,43.6775],[-79.39921,43.67747],[-79.39929,43.67743],[-79.39938,43.67739],[-79.39947,43.67736],[-79.39956,43.67732],[-79.39965,43.67729],[-79.39974,43.67725],[-79.39983,43.67722],[-79.39992,43.67719],[-79.40001,43.67716],[-79.4001,43.67713],[-79.40019,43.67709],[-79.40029,43.67706],[-79.40038,43.67703],[-79.40047,43.67701],[-79.40056,43.67697],[-79.40066,43.67695],[-79.40075,43.67692],[-79.40084,43.67689],[-79.40094,43.67686],[-79.40103,43.67684],[-79.40114,43.6768],[-79.40125,43.67677],[-79.40136,43.67674],[-79.40147,43.67671],[-79.40158,43.67668],[-79.40169,43.67665],[-79.4018,43.67662],[-79.40191,43.67659],[-79.40202,43.67657],[-79.40213,43.67653],[-79.40225,43.67651],[-79.40236,43.67648],[-79.40247,43.67646],[-79.40258,43.67643],[-79.40269,43.67641],[-79.40281,43.67638],[-79.40289,43.67636],[-79.40292,43.67636],[-79.40303,43.67634],[-79.40315,43.67631],[-79.40497,43.67593],[-79.40734,43.67544],[-79.40735,43.67548],[-79.4075,43.67588],[-79.40813,43.67743],[-79.40926,43.67713],[-79.41014,43.67689],[-79.41037,43.67685],[-79.41091,43.67827],[-79.41085,43.67832],[-79.4108,43.67835],[-79.41072,43.67838],[-79.41026,43.6785],[-79.40876,43.67886],[-79.40875,43.67889],[-79.40876,43.67894],[-79.40903,43.67957],[-79.40943,43.68058],[-79.40994,43.68177],[-79.41001,43.68195],[-79.41009,43.68215],[-79.41024,43.68251],[-79.41106,43.68455],[-79.41117,43.68464],[-79.41135,43.68507],[-79.41162,43.68571],[-79.41205,43.68679],[-79.41228,43.68735],[-79.41231,43.68744],[-79.41245,43.68778],[-79.41258,43.68811],[-79.41261,43.68821],[-79.41263,43.68835],[-79.41263,43.68844],[-79.41265,43.68853],[-79.41267,43.68868],[-79.41301,43.68944],[-79.41318,43.68983],[-79.41335,43.69023],[-79.41366,43.69099],[-79.41412,43.69206],[-79.41443,43.69284],[-79.41448,43.69294],[-79.41503,43.69434],[-79.4151,43.69447],[-79.41543,43.69522],[-79.41574,43.69598],[-79.4158,43.6961],[-79.41604,43.69672],[-79.41635,43.69743],[-79.41668,43.69822],[-79.41704,43.69903],[-79.41735,43.69977],[-79.41769,43.70057],[-79.41792,43.70115],[-79.41798,43.70125],[-79.41804,43.70133],[-79.4181,43.7014],[-79.41871,43.70198],[-79.41911,43.70236],[-79.41811,43.70258]]]}},{"type":"Feature","properties":{"num":23,"name":"Willowdale"},"geometry":{"type":"Polygon","coordinates":[[[-79.40844,43.75382],[-79.41166,43.75177],[-79.41173,43.7518],[-79.41193,43.75181],[-79.41213,43.75179],[-79.4124,43.75174],[-79.41267,43.75168],[-79.4129,43.75165],[-79.41296,43.75164],[-79.41315,43.75161],[-79.4134,43.75157],[-79.41366,43.75155],[-79.41393,43.75153],[-79.41419,43.75157],[-79.41444,43.75168],[-79.41452,43.75172],[-79.41468,43.75183],[-79.41495,43.75195],[-79.41524,43.75199],[-79.4155,43.75191],[-79.4157,43.75176],[-79.41582,43.75159],[-79.41595,43.75142],[-79.41601,43.7512],[-79.41608,43.75098],[-79.41612,43.75076],[-79.41619,43.75059],[-79.41635,43.75045],[-79.41651,43.75033],[-79.4167,43.75023],[-79.41694,43.75012],[-79.41719,43.75003],[-79.41741,43.74993],[-79.41764,43.74983],[-79.41789,43.74976],[-79.41815,43.74973],[-79.4184,43.74974],[-79.41867,43.74973],[-79.41897,43.74971],[-79.41926,43.74969],[-79.41949,43.74961],[-79.41966,43.74948],[-79.41987,43.74939],[-79.42013,43.74932],[-79.4204,43.7493],[-79.42055,43.74931],[-79.42071,43.74932],[-79.421,43.74936],[-79.42127,43.74941],[-79.42153,43.74948],[-79.4218,43.74953],[-79.42206,43.74958],[-79.42229,43.74962],[-79.42245,43.74973],[-79.42258,43.74988],[-79.42267,43.75005],[-79.42273,43.75028],[-79.42282,43.7505],[-79.42294,43.7507],[-79.42308,43.75093],[-79.42317,43.75102],[-79.42327,43.75113],[-79.42347,43.75132],[-79.42372,43.75151],[-79.42398,43.75169],[-79.4242,43.75184],[-79.4244,43.75201],[-79.42464,43.75218],[-79.42488,43.75234],[-79.42511,43.7525],[-79.42536,43.75268],[-79.42559,43.75285],[-79.42583,43.75301],[-79.42609,43.75319],[-79.42637,43.75335],[-79.42664,43.75349],[-79.42694,43.75366],[-79.42724,43.75383],[-79.42749,43.75395],[-79.42777,43.75403],[-79.42806,43.75414],[-79.42824,43.75434],[-79.42833,43.75455],[-79.42841,43.75477],[-79.42846,43.755],[-79.42848,43.75522],[-79.42854,43.75542],[-79.42867,43.7556],[-79.42887,43.75578],[-79.42906,43.75595],[-79.42924,43.75614],[-79.42939,43.75636],[-79.42952,43.75655],[-79.42966,43.75676],[-79.42982,43.757],[-79.42995,43.75721],[-79.43003,43.7573],[-79.43012,43.75739],[-79.43028,43.7575],[-79.43032,43.75753],[-79.43055,43.75759],[-79.4308,43.75758],[-79.43103,43.75754],[-79.43128,43.7575],[-79.43135,43.75747],[-79.43151,43.75744],[-79.43174,43.75739],[-79.43196,43.75734],[-79.43222,43.75729],[-79.43249,43.75724],[-79.43275,43.75721],[-79.43299,43.7572],[-79.43323,43.75725],[-79.43348,43.75735],[-79.43369,43.75755],[-79.43373,43.75776],[-79.43369,43.75796],[-79.43387,43.75806],[-79.43413,43.75813],[-79.4344,43.75821],[-79.43461,43.75828],[-79.4347,43.7584],[-79.43484,43.75848],[-79.435,43.7586],[-79.43508,43.75871],[-79.43526,43.75887],[-79.43557,43.75899],[-79.43591,43.75905],[-79.43624,43.7591],[-79.43655,43.75913],[-79.43687,43.75913],[-79.43713,43.75906],[-79.4374,43.759],[-79.43771,43.75904],[-79.43797,43.7592],[-79.43814,43.75941],[-79.43811,43.75964],[-79.43798,43.75984],[-79.43774,43.76],[-79.43762,43.76021],[-79.43766,43.76046],[-79.43784,43.76065],[-79.4381,43.7607],[-79.43833,43.76072],[-79.43847,43.76092],[-79.43856,43.76115],[-79.43874,43.76133],[-79.43902,43.76146],[-79.43934,43.76156],[-79.43967,43.76161],[-79.43999,43.76157],[-79.44053,43.76377],[-79.4406,43.76409],[-79.44094,43.76548],[-79.44124,43.76683],[-79.44145,43.76771],[-79.4417,43.76858],[-79.44191,43.76949],[-79.44214,43.77039],[-79.44254,43.77201],[-79.44261,43.77233],[-79.44301,43.77387],[-79.44319,43.77456],[-79.44359,43.77607],[-79.44381,43.77692],[-79.44389,43.77726],[-79.44395,43.77753],[-79.444,43.77773],[-79.44408,43.77808],[-79.44447,43.77957],[-79.44463,43.78022],[-79.44484,43.78105],[-79.44343,43.78138],[-79.44154,43.78179],[-79.44076,43.78197],[-79.43958,43.78223],[-79.4376,43.78267],[-79.43655,43.78289],[-79.43704,43.78404],[-79.43747,43.78504],[-79.43783,43.7859],[-79.43821,43.78678],[-79.43895,43.7885],[-79.43932,43.78935],[-79.43952,43.78985],[-79.43957,43.78997],[-79.43958,43.79006],[-79.43959,43.79016],[-79.43958,43.79022],[-79.43956,43.79034],[-79.43952,43.79048],[-79.43944,43.79064],[-79.43939,43.79076],[-79.43937,43.79085],[-79.43936,43.79095],[-79.43937,43.7911],[-79.43947,43.79145],[-79.43969,43.79231],[-79.43977,43.79261],[-79.44064,43.79248],[-79.44106,43.79346],[-79.43895,43.79393],[-79.43657,43.79443],[-79.43273,43.79526],[-79.42927,43.79602],[-79.42638,43.79663],[-79.42316,43.79735],[-79.42009,43.79801],[-79.41982,43.79717],[-79.41963,43.79633],[-79.41943,43.79549],[-79.41921,43.79463],[-79.41902,43.79382],[-79.4188,43.79297],[-79.41858,43.79208],[-79.41848,43.79166],[-79.41836,43.79119],[-79.41814,43.79026],[-79.41792,43.78937],[-79.41783,43.78899],[-79.41735,43.78708],[-79.41713,43.78618],[-79.41698,43.78556],[-79.41685,43.78498],[-79.41672,43.78452],[-79.41662,43.7841],[-79.41648,43.78355],[-79.41646,43.78344],[-79.41635,43.78302],[-79.41633,43.78293],[-79.41616,43.78227],[-79.416,43.78165],[-79.41579,43.78074],[-79.41558,43.77978],[-79.41414,43.78009],[-79.41232,43.78049],[-79.40972,43.78107],[-79.40711,43.78164],[-79.40448,43.78221],[-79.40188,43.78277],[-79.3993,43.78335],[-79.39769,43.7837],[-79.39634,43.78399],[-79.39596,43.78409],[-79.3947,43.78436],[-79.39361,43.7846],[-79.39328,43.78467],[-79.39296,43.78476],[-79.39259,43.78486],[-79.39241,43.7849],[-79.39215,43.78502],[-79.39211,43.78478],[-79.39192,43.78388],[-79.39171,43.78293],[-79.3915,43.78194],[-79.39138,43.78142],[-79.39127,43.78091],[-79.39125,43.78081],[-79.39121,43.78064],[-79.39115,43.78038],[-79.3911,43.78016],[-79.39104,43.7799],[-79.391,43.77972],[-79.39092,43.77939],[-79.39062,43.77805],[-79.39047,43.77742],[-79.3904,43.77707],[-79.39019,43.77611],[-79.38998,43.77525],[-79.38979,43.77434],[-79.38959,43.77349],[-79.38939,43.77256],[-79.38919,43.77166],[-79.38898,43.77075],[-79.38883,43.77011],[-79.38867,43.76939],[-79.38858,43.76907],[-79.38842,43.7682],[-79.38827,43.76757],[-79.38822,43.76738],[-79.38811,43.76691],[-79.38806,43.7666],[-79.38784,43.76576],[-79.38761,43.76489],[-79.38759,43.76483],[-79.38753,43.76466],[-79.38749,43.76453],[-79.38745,43.7644],[-79.38741,43.76427],[-79.38737,43.76414],[-79.38733,43.764],[-79.3873,43.76387],[-79.38726,43.76374],[-79.3872,43.76348],[-79.3898,43.76294],[-79.38993,43.76291],[-79.39007,43.76289],[-79.39021,43.76286],[-79.39035,43.76284],[-79.39049,43.76281],[-79.39062,43.76278],[-79.39076,43.76275],[-79.3909,43.76273],[-79.39103,43.7627],[-79.39117,43.76267],[-79.39131,43.76264],[-79.39144,43.76261],[-79.39158,43.76258],[-79.39171,43.76254],[-79.39185,43.76251],[-79.39199,43.76248],[-79.39212,43.76245],[-79.39225,43.76241],[-79.39239,43.76238],[-79.39249,43.76235],[-79.39252,43.76234],[-79.39266,43.76231],[-79.39279,43.76227],[-79.39292,43.76223],[-79.39306,43.7622],[-79.39319,43.76216],[-79.39332,43.76212],[-79.39345,43.76208],[-79.39358,43.76204],[-79.39371,43.762],[-79.39383,43.76197],[-79.39394,43.76193],[-79.39405,43.7619],[-79.39416,43.76187],[-79.39427,43.76183],[-79.39438,43.7618],[-79.39449,43.76176],[-79.3946,43.76173],[-79.39471,43.76169],[-79.39482,43.76165],[-79.39493,43.76162],[-79.39504,43.76158],[-79.39515,43.76154],[-79.39526,43.7615],[-79.39537,43.76146],[-79.39547,43.76142],[-79.39558,43.76138],[-79.39569,43.76134],[-79.39579,43.7613],[-79.3959,43.76126],[-79.39594,43.76124],[-79.39601,43.76121],[-79.39611,43.76117],[-79.39622,43.76113],[-79.39632,43.76108],[-79.39642,43.76104],[-79.39653,43.76099],[-79.39663,43.76095],[-79.39673,43.7609],[-79.39684,43.76086],[-79.39694,43.76081],[-79.39704,43.76076],[-79.39714,43.76071],[-79.39724,43.76066],[-79.39734,43.76062],[-79.39744,43.76057],[-79.39754,43.76052],[-79.39764,43.76047],[-79.39775,43.76041],[-79.39786,43.76036],[-79.39788,43.76034],[-79.39797,43.7603],[-79.39807,43.76025],[-79.39818,43.76019],[-79.39829,43.76013],[-79.39839,43.76008],[-79.3985,43.76002],[-79.3986,43.75996],[-79.39871,43.7599],[-79.39881,43.75984],[-79.39892,43.75978],[-79.39902,43.75972],[-79.39912,43.75966],[-79.39922,43.7596],[-79.39933,43.75954],[-79.39943,43.75948],[-79.39953,43.75941],[-79.39963,43.75935],[-79.39973,43.75929],[-79.39982,43.75923],[-79.39992,43.75916],[-79.40002,43.7591],[-79.40012,43.75903],[-79.40326,43.75711],[-79.40356,43.75693],[-79.40683,43.75484],[-79.40844,43.75382]]]}},{"type":"Feature","properties":{"num":24,"name":"Willowdale"},"geometry":{"type":"Polygon","coordinates":[[[-79.3872,43.76348],[-79.38726,43.76374],[-79.3873,43.76387],[-79.38733,43.764],[-79.38737,43.76414],[-79.38741,43.76427],[-79.38745,43.7644],[-79.38749,43.76453],[-79.38753,43.76466],[-79.38759,43.76483],[-79.38761,43.76489],[-79.38784,43.76576],[-79.38806,43.7666],[-79.38811,43.76691],[-79.38822,43.76738],[-79.38827,43.76757],[-79.38842,43.7682],[-79.38858,43.76907],[-79.38867,43.76939],[-79.38883,43.77011],[-79.38898,43.77075],[-79.38919,43.77166],[-79.38939,43.77256],[-79.38959,43.77349],[-79.38979,43.77434],[-79.38998,43.77525],[-79.39019,43.77611],[-79.3904,43.77707],[-79.39047,43.77742],[-79.39062,43.77805],[-79.39092,43.77939],[-79.391,43.77972],[-79.39104,43.7799],[-79.3911,43.78016],[-79.39115,43.78038],[-79.39121,43.78064],[-79.39125,43.78081],[-79.39127,43.78091],[-79.39138,43.78142],[-79.3915,43.78194],[-79.39171,43.78293],[-79.39192,43.78388],[-79.39211,43.78478],[-79.39215,43.78502],[-79.39241,43.7849],[-79.39259,43.78486],[-79.39296,43.78476],[-79.39328,43.78467],[-79.39361,43.7846],[-79.3947,43.78436],[-79.39596,43.78409],[-79.39634,43.78399],[-79.39769,43.7837],[-79.3993,43.78335],[-79.40188,43.78277],[-79.40448,43.78221],[-79.40711,43.78164],[-79.40972,43.78107],[-79.41232,43.78049],[-79.41414,43.78009],[-79.41558,43.77978],[-79.41579,43.78074],[-79.416,43.78165],[-79.41616,43.78227],[-79.41633,43.78293],[-79.41635,43.78302],[-79.41646,43.78344],[-79.41648,43.78355],[-79.41662,43.7841],[-79.41672,43.78452],[-79.41685,43.78498],[-79.41698,43.78556],[-79.41713,43.78618],[-79.41735,43.78708],[-79.41783,43.78899],[-79.41792,43.78937],[-79.41814,43.79026],[-79.41836,43.79119],[-79.41848,43.79166],[-79.41858,43.79208],[-79.4188,43.79297],[-79.41902,43.79382],[-79.41921,43.79463],[-79.41943,43.79549],[-79.41963,43.79633],[-79.41982,43.79717],[-79.42009,43.79801],[-79.41974,43.79811],[-79.41894,43.79829],[-79.41709,43.79868],[-79.41447,43.79926],[-79.41186,43.79984],[-79.40926,43.80041],[-79.40625,43.80107],[-79.40368,43.80164],[-79.40248,43.8019],[-79.4017,43.80208],[-79.4009,43.80226],[-79.39912,43.80265],[-79.3985,43.80278],[-79.3978,43.80294],[-79.39731,43.80305],[-79.39686,43.80314],[-79.39623,43.80328],[-79.39443,43.80366],[-79.39274,43.80405],[-79.39271,43.80405],[-79.39159,43.80431],[-79.3894,43.80477],[-79.38825,43.80503],[-79.38711,43.80529],[-79.38579,43.80558],[-79.38487,43.80579],[-79.38471,43.80582],[-79.3834,43.8061],[-79.38191,43.80642],[-79.38046,43.80675],[-79.37868,43.80714],[-79.37664,43.8076],[-79.3761,43.80772],[-79.37448,43.80808],[-79.37251,43.80852],[-79.37176,43.80866],[-79.37091,43.80886],[-79.37044,43.80898],[-79.36927,43.80925],[-79.36776,43.80961],[-79.36592,43.81002],[-79.36508,43.81021],[-79.36488,43.81025],[-79.36475,43.81028],[-79.36458,43.81032],[-79.36278,43.81073],[-79.36078,43.8112],[-79.3586,43.81169],[-79.35756,43.81193],[-79.35512,43.8125],[-79.35362,43.81285],[-79.35272,43.81305],[-79.35247,43.81311],[-79.35197,43.81323],[-79.34899,43.81389],[-79.34856,43.81398],[-79.34677,43.81439],[-79.345,43.8148],[-79.3422,43.81543],[-79.34132,43.81566],[-79.34089,43.81463],[-79.34019,43.81302],[-79.33979,43.81211],[-79.33921,43.81067],[-79.33886,43.80981],[-79.33842,43.80876],[-79.33831,43.80854],[-79.33765,43.80706],[-79.33736,43.80641],[-79.33719,43.80603],[-79.33672,43.80499],[-79.33632,43.8041],[-79.33587,43.80308],[-79.33554,43.80234],[-79.34329,43.79978],[-79.3441,43.79957],[-79.34433,43.79952],[-79.3444,43.7995],[-79.34435,43.79922],[-79.34359,43.79586],[-79.34346,43.79518],[-79.34351,43.79517],[-79.34359,43.79517],[-79.34366,43.79516],[-79.34374,43.79514],[-79.34376,43.79514],[-79.34442,43.79503],[-79.34567,43.79475],[-79.3474,43.79437],[-79.34746,43.79436],[-79.34805,43.79421],[-79.3485,43.79411],[-79.35044,43.79364],[-79.35059,43.7936],[-79.35082,43.79354],[-79.35147,43.79337],[-79.35202,43.79324],[-79.35229,43.79317],[-79.35246,43.79313],[-79.35284,43.79304],[-79.35364,43.79288],[-79.35474,43.79267],[-79.35808,43.79197],[-79.36055,43.7914],[-79.36308,43.79085],[-79.36352,43.79075],[-79.36534,43.79035],[-79.36559,43.7903],[-79.36588,43.79024],[-79.36627,43.79015],[-79.36659,43.7901],[-79.36681,43.79007],[-79.36706,43.79005],[-79.36729,43.79003],[-79.36749,43.79003],[-79.36769,43.79003],[-79.36788,43.79003],[-79.36807,43.79002],[-79.36839,43.79005],[-79.36897,43.79007],[-79.36952,43.79],[-79.37033,43.78981],[-79.37153,43.78955],[-79.37306,43.78923],[-79.37329,43.78916],[-79.37462,43.78888],[-79.3759,43.7886],[-79.37591,43.7885],[-79.37598,43.78829],[-79.37608,43.78808],[-79.37619,43.7879],[-79.37629,43.78772],[-79.37641,43.78756],[-79.37657,43.7874],[-79.37678,43.78726],[-79.377,43.78715],[-79.37719,43.78706],[-79.37726,43.7869],[-79.37741,43.78675],[-79.37754,43.78659],[-79.37761,43.78641],[-79.37768,43.78622],[-79.37771,43.78611],[-79.3777,43.78611],[-79.37772,43.78603],[-79.37776,43.78588],[-79.37786,43.78573],[-79.37799,43.78555],[-79.37806,43.78537],[-79.37799,43.78522],[-79.37786,43.78504],[-79.37772,43.78488],[-79.37761,43.78472],[-79.37752,43.78458],[-79.37746,43.78445],[-79.37742,43.78431],[-79.37738,43.78422],[-79.37733,43.78414],[-79.37711,43.78411],[-79.37688,43.78407],[-79.3767,43.78399],[-79.3766,43.78384],[-79.37657,43.78365],[-79.3765,43.78349],[-79.37642,43.78332],[-79.37645,43.78316],[-79.37657,43.78304],[-79.37677,43.78293],[-79.37694,43.78279],[-79.37707,43.78263],[-79.37724,43.78248],[-79.37741,43.78233],[-79.37759,43.78218],[-79.37762,43.78202],[-79.37748,43.78188],[-79.37725,43.78187],[-79.37701,43.78183],[-79.37685,43.78172],[-79.37665,43.78173],[-79.37642,43.78172],[-79.37624,43.78161],[-79.37616,43.78143],[-79.37601,43.78129],[-79.37582,43.78128],[-79.37565,43.78137],[-79.3755,43.78148],[-79.37531,43.78152],[-79.37513,43.78163],[-79.37496,43.78176],[-79.37482,43.78185],[-79.37469,43.78195],[-79.37454,43.78205],[-79.37437,43.78212],[-79.37417,43.78224],[-79.37402,43.78235],[-79.37385,43.78241],[-79.37363,43.78243],[-79.37337,43.78237],[-79.37317,43.78227],[-79.37298,43.78212],[-79.37278,43.782],[-79.37263,43.78185],[-79.37251,43.78168],[-79.37236,43.78151],[-79.37217,43.78142],[-79.37195,43.78143],[-79.37173,43.78133],[-79.37158,43.78121],[-79.37136,43.78115],[-79.37115,43.78119],[-79.37091,43.78124],[-79.37067,43.78126],[-79.37045,43.78123],[-79.37048,43.78106],[-79.37049,43.78087],[-79.37035,43.7807],[-79.37028,43.78052],[-79.37025,43.78032],[-79.37024,43.78011],[-79.37026,43.7799],[-79.37028,43.7797],[-79.37031,43.7795],[-79.37034,43.77932],[-79.37034,43.7791],[-79.37025,43.77898],[-79.37008,43.77887],[-79.37006,43.77869],[-79.37011,43.77856],[-79.3703,43.77856],[-79.37045,43.7787],[-79.37064,43.77874],[-79.37082,43.77859],[-79.37087,43.7784],[-79.37077,43.77817],[-79.37061,43.77798],[-79.37049,43.7778],[-79.37046,43.77773],[-79.37037,43.77754],[-79.37032,43.77734],[-79.37023,43.77716],[-79.37009,43.77706],[-79.36989,43.77706],[-79.36966,43.77706],[-79.36942,43.77703],[-79.36929,43.7769],[-79.36924,43.77672],[-79.36923,43.77654],[-79.36933,43.77638],[-79.36954,43.77628],[-79.36977,43.77621],[-79.36998,43.77608],[-79.37013,43.77591],[-79.3701,43.77573],[-79.36994,43.77559],[-79.36971,43.77556],[-79.36948,43.77561],[-79.36924,43.77568],[-79.36903,43.77578],[-79.36886,43.77591],[-79.36871,43.77604],[-79.36849,43.77609],[-79.36834,43.77597],[-79.36824,43.77582],[-79.36815,43.77573],[-79.36807,43.77565],[-79.36799,43.77555],[-79.36788,43.77544],[-79.36778,43.77531],[-79.36766,43.7752],[-79.36754,43.7751],[-79.36739,43.77504],[-79.36721,43.77501],[-79.36702,43.77501],[-79.3668,43.77503],[-79.36661,43.77504],[-79.36644,43.77503],[-79.36626,43.77498],[-79.36612,43.77486],[-79.3661,43.77474],[-79.36615,43.77461],[-79.36627,43.77446],[-79.36646,43.77424],[-79.36657,43.77411],[-79.36663,43.77395],[-79.36662,43.77379],[-79.36661,43.77374],[-79.36657,43.77364],[-79.36653,43.77353],[-79.36643,43.77343],[-79.36629,43.77334],[-79.36611,43.77327],[-79.36594,43.7732],[-79.36572,43.77308],[-79.36552,43.77297],[-79.36534,43.77289],[-79.36518,43.77282],[-79.36501,43.77274],[-79.3649,43.77261],[-79.36487,43.77242],[-79.36492,43.77225],[-79.36486,43.77212],[-79.36472,43.772],[-79.36461,43.77194],[-79.36414,43.77166],[-79.3639,43.7715],[-79.36388,43.77148],[-79.36378,43.77143],[-79.36368,43.77135],[-79.36357,43.77129],[-79.36349,43.77122],[-79.36332,43.77113],[-79.36319,43.77105],[-79.36304,43.77098],[-79.36292,43.7709],[-79.36278,43.77083],[-79.36266,43.77077],[-79.36256,43.77073],[-79.36245,43.77068],[-79.36232,43.77065],[-79.3622,43.77062],[-79.36212,43.77058],[-79.36203,43.77052],[-79.36189,43.7704],[-79.36177,43.77031],[-79.36165,43.77019],[-79.36153,43.77009],[-79.3614,43.77002],[-79.36128,43.76994],[-79.36117,43.76986],[-79.36108,43.76976],[-79.36099,43.76963],[-79.36091,43.76946],[-79.3609,43.76933],[-79.36091,43.76921],[-79.3609,43.76905],[-79.36087,43.76888],[-79.36085,43.76871],[-79.36085,43.76855],[-79.36085,43.76842],[-79.36083,43.76829],[-79.36079,43.76818],[-79.36072,43.76805],[-79.36063,43.76795],[-79.36053,43.76785],[-79.36038,43.76773],[-79.36023,43.7676],[-79.36007,43.76748],[-79.36,43.76743],[-79.35993,43.76737],[-79.35987,43.7673],[-79.35984,43.76726],[-79.35979,43.76716],[-79.35975,43.76706],[-79.35971,43.76695],[-79.35971,43.76694],[-79.35969,43.76682],[-79.35967,43.76669],[-79.35978,43.76668],[-79.36276,43.76655],[-79.36307,43.76654],[-79.36434,43.76648],[-79.36459,43.76647],[-79.36531,43.76644],[-79.36541,43.76644],[-79.36777,43.7663],[-79.37063,43.76619],[-79.37189,43.7661],[-79.37245,43.76606],[-79.37269,43.76604],[-79.37394,43.76593],[-79.37483,43.76583],[-79.37499,43.76581],[-79.37515,43.7658],[-79.37532,43.76578],[-79.37548,43.76576],[-79.37557,43.76575],[-79.37564,43.76575],[-79.3758,43.76573],[-79.37597,43.76571],[-79.37613,43.76569],[-79.37629,43.76567],[-79.37645,43.76565],[-79.37661,43.76563],[-79.37677,43.7656],[-79.37694,43.76558],[-79.3771,43.76556],[-79.37724,43.76554],[-79.37739,43.76552],[-79.37753,43.76549],[-79.37768,43.76547],[-79.37782,43.76545],[-79.37796,43.76543],[-79.37811,43.7654],[-79.37825,43.76538],[-79.37839,43.76535],[-79.37854,43.76533],[-79.37868,43.7653],[-79.37882,43.76527],[-79.37896,43.76524],[-79.37911,43.76522],[-79.37925,43.76519],[-79.38021,43.76501],[-79.38063,43.76492],[-79.38322,43.76433],[-79.38599,43.76374],[-79.3872,43.76348]]]}},{"type":"Feature","properties":{"num":25,"name":"Don Valley West"},"geometry":{"type":"Polygon","coordinates":[[[-79.399,43.70959],[-79.39929,43.71092],[-79.39932,43.71109],[-79.39948,43.71185],[-79.39957,43.7123],[-79.39972,43.71301],[-79.39982,43.71354],[-79.39984,43.71366],[-79.40004,43.71458],[-79.40011,43.71496],[-79.40023,43.71547],[-79.40045,43.71639],[-79.40048,43.71662],[-79.40063,43.71726],[-79.40085,43.71835],[-79.40095,43.71876],[-79.40114,43.71956],[-79.40119,43.71999],[-79.4014,43.72099],[-79.4016,43.72198],[-79.40181,43.72311],[-79.40185,43.72347],[-79.40194,43.7238],[-79.40207,43.72434],[-79.40219,43.72497],[-79.4022,43.72511],[-79.40237,43.72569],[-79.40252,43.7263],[-79.40284,43.72744],[-79.40295,43.72785],[-79.40307,43.72833],[-79.40313,43.72859],[-79.4033,43.72917],[-79.40335,43.72944],[-79.40347,43.72994],[-79.40356,43.73028],[-79.40372,43.73088],[-79.40377,43.73114],[-79.40398,43.73189],[-79.40401,43.73199],[-79.40421,43.73291],[-79.40422,43.73301],[-79.4044,43.73368],[-79.40446,43.73391],[-79.40453,43.73418],[-79.40455,43.73427],[-79.40458,43.73437],[-79.40484,43.73554],[-79.40494,43.73602],[-79.40514,43.73699],[-79.40543,43.73821],[-79.40562,43.73903],[-79.40592,43.74039],[-79.40625,43.74187],[-79.40646,43.74303],[-79.4065,43.74331],[-79.40673,43.74416],[-79.40686,43.74466],[-79.40694,43.74503],[-79.407,43.74537],[-79.40704,43.7457],[-79.40704,43.74571],[-79.40712,43.74607],[-79.40723,43.74643],[-79.40745,43.74731],[-79.40766,43.74812],[-79.40778,43.74855],[-79.40784,43.74882],[-79.40788,43.74894],[-79.40798,43.74929],[-79.40805,43.74957],[-79.40811,43.7498],[-79.40814,43.74998],[-79.40814,43.75001],[-79.40814,43.75002],[-79.40815,43.75006],[-79.40816,43.75011],[-79.40816,43.75015],[-79.40816,43.7502],[-79.40817,43.75024],[-79.40817,43.75028],[-79.40817,43.75033],[-79.40817,43.75037],[-79.40817,43.75042],[-79.40817,43.75046],[-79.40817,43.7505],[-79.40817,43.75055],[-79.40816,43.75059],[-79.40816,43.75064],[-79.40815,43.75068],[-79.40815,43.75072],[-79.40814,43.75077],[-79.40813,43.75081],[-79.40813,43.75085],[-79.40812,43.7509],[-79.40811,43.75094],[-79.40811,43.75102],[-79.40811,43.75111],[-79.40811,43.75119],[-79.40812,43.75127],[-79.40812,43.75136],[-79.40811,43.75144],[-79.40811,43.75152],[-79.40811,43.7516],[-79.40811,43.75169],[-79.4081,43.75177],[-79.4081,43.75185],[-79.40809,43.75194],[-79.40809,43.75199],[-79.4081,43.75205],[-79.4081,43.75211],[-79.40811,43.75216],[-79.40811,43.75222],[-79.40812,43.75228],[-79.40813,43.75233],[-79.40813,43.75239],[-79.40815,43.75247],[-79.40815,43.75251],[-79.40816,43.75256],[-79.40818,43.75262],[-79.40819,43.7527],[-79.40819,43.75271],[-79.40819,43.75274],[-79.40819,43.75278],[-79.40819,43.75281],[-79.4082,43.75282],[-79.4082,43.75284],[-79.4082,43.75288],[-79.40821,43.75291],[-79.40821,43.75294],[-79.40822,43.75298],[-79.40823,43.75301],[-79.40824,43.75304],[-79.40825,43.75307],[-79.40826,43.75311],[-79.40827,43.75314],[-79.40828,43.75317],[-79.40829,43.7532],[-79.40834,43.75341],[-79.40839,43.75363],[-79.40844,43.75382],[-79.40683,43.75484],[-79.40356,43.75693],[-79.40326,43.75711],[-79.40012,43.75903],[-79.40002,43.7591],[-79.39992,43.75916],[-79.39982,43.75923],[-79.39973,43.75929],[-79.39963,43.75935],[-79.39953,43.75941],[-79.39943,43.75948],[-79.39933,43.75954],[-79.39922,43.7596],[-79.39912,43.75966],[-79.39902,43.75972],[-79.39892,43.75978],[-79.39881,43.75984],[-79.39871,43.7599],[-79.3986,43.75996],[-79.3985,43.76002],[-79.39839,43.76008],[-79.39829,43.76013],[-79.39818,43.76019],[-79.39807,43.76025],[-79.39797,43.7603],[-79.39788,43.76034],[-79.39786,43.76036],[-79.39775,43.76041],[-79.39764,43.76047],[-79.39754,43.76052],[-79.39744,43.76057],[-79.39734,43.76062],[-79.39724,43.76066],[-79.39714,43.76071],[-79.39704,43.76076],[-79.39694,43.76081],[-79.39684,43.76086],[-79.39673,43.7609],[-79.39663,43.76095],[-79.39653,43.76099],[-79.39642,43.76104],[-79.39632,43.76108],[-79.39622,43.76113],[-79.39611,43.76117],[-79.39601,43.76121],[-79.39594,43.76124],[-79.3959,43.76126],[-79.39579,43.7613],[-79.39569,43.76134],[-79.39558,43.76138],[-79.39547,43.76142],[-79.39537,43.76146],[-79.39526,43.7615],[-79.39515,43.76154],[-79.39504,43.76158],[-79.39493,43.76162],[-79.39482,43.76165],[-79.39471,43.76169],[-79.3946,43.76173],[-79.39449,43.76176],[-79.39438,43.7618],[-79.39427,43.76183],[-79.39416,43.76187],[-79.39405,43.7619],[-79.39394,43.76193],[-79.39383,43.76197],[-79.39371,43.762],[-79.39358,43.76204],[-79.39345,43.76208],[-79.39332,43.76212],[-79.39319,43.76216],[-79.39306,43.7622],[-79.39292,43.76223],[-79.39279,43.76227],[-79.39266,43.76231],[-79.39252,43.76234],[-79.39249,43.76235],[-79.39239,43.76238],[-79.39225,43.76241],[-79.39212,43.76245],[-79.39199,43.76248],[-79.39185,43.76251],[-79.39171,43.76254],[-79.39158,43.76258],[-79.39144,43.76261],[-79.39131,43.76264],[-79.39117,43.76267],[-79.39103,43.7627],[-79.3909,43.76273],[-79.39076,43.76275],[-79.39062,43.76278],[-79.39049,43.76281],[-79.39035,43.76284],[-79.39021,43.76286],[-79.39007,43.76289],[-79.38993,43.76291],[-79.3898,43.76294],[-79.3872,43.76348],[-79.38599,43.76374],[-79.38322,43.76433],[-79.38063,43.76492],[-79.38021,43.76501],[-79.37925,43.76519],[-79.37911,43.76522],[-79.37896,43.76524],[-79.37882,43.76527],[-79.37868,43.7653],[-79.37854,43.76533],[-79.37839,43.76535],[-79.37825,43.76538],[-79.37811,43.7654],[-79.37796,43.76543],[-79.37782,43.76545],[-79.37768,43.76547],[-79.37753,43.76549],[-79.37739,43.76552],[-79.37724,43.76554],[-79.3771,43.76556],[-79.37694,43.76558],[-79.37677,43.7656],[-79.37661,43.76563],[-79.37645,43.76565],[-79.37629,43.76567],[-79.37613,43.76569],[-79.37597,43.76571],[-79.3758,43.76573],[-79.37564,43.76575],[-79.37557,43.76575],[-79.37548,43.76576],[-79.37532,43.76578],[-79.37515,43.7658],[-79.37499,43.76581],[-79.37483,43.76583],[-79.37394,43.76593],[-79.37269,43.76604],[-79.37245,43.76606],[-79.37189,43.7661],[-79.37063,43.76619],[-79.36777,43.7663],[-79.36541,43.76644],[-79.36531,43.76644],[-79.36459,43.76647],[-79.36434,43.76648],[-79.36307,43.76654],[-79.36293,43.76635],[-79.36281,43.7662],[-79.36268,43.76603],[-79.36262,43.76595],[-79.36258,43.7659],[-79.36255,43.76587],[-79.36253,43.76584],[-79.3625,43.7658],[-79.36247,43.76576],[-79.36244,43.76573],[-79.36242,43.76569],[-79.36239,43.76565],[-79.36237,43.76562],[-79.36235,43.76558],[-79.36232,43.76554],[-79.3623,43.76551],[-79.36228,43.76547],[-79.36226,43.76543],[-79.36224,43.76539],[-79.36222,43.76535],[-79.3622,43.76531],[-79.36218,43.76527],[-79.36216,43.76523],[-79.36214,43.76519],[-79.36212,43.76515],[-79.36211,43.76511],[-79.36209,43.76507],[-79.36207,43.76503],[-79.36206,43.76499],[-79.36204,43.76494],[-79.36203,43.7649],[-79.36202,43.76486],[-79.362,43.76482],[-79.36199,43.76478],[-79.36198,43.76474],[-79.36197,43.76469],[-79.36196,43.76465],[-79.36195,43.76461],[-79.36195,43.76457],[-79.36192,43.76376],[-79.36191,43.76357],[-79.36191,43.76262],[-79.36192,43.76208],[-79.36192,43.762],[-79.36011,43.7597],[-79.35804,43.75709],[-79.35556,43.75393],[-79.35437,43.75241],[-79.35338,43.75117],[-79.35301,43.7507],[-79.35296,43.75063],[-79.35293,43.75059],[-79.3529,43.75056],[-79.35287,43.75052],[-79.35284,43.75048],[-79.35282,43.75045],[-79.35279,43.75041],[-79.35276,43.75037],[-79.35274,43.75034],[-79.34924,43.74595],[-79.3492,43.74589],[-79.34916,43.74584],[-79.34911,43.74579],[-79.34907,43.74574],[-79.34904,43.7457],[-79.34903,43.74569],[-79.34898,43.74563],[-79.34893,43.74558],[-79.34889,43.74553],[-79.34884,43.74548],[-79.34879,43.74543],[-79.34874,43.74538],[-79.3487,43.74533],[-79.34865,43.74528],[-79.34859,43.74524],[-79.34854,43.74519],[-79.34849,43.74514],[-79.34844,43.74509],[-79.34839,43.74504],[-79.34833,43.745],[-79.34828,43.74495],[-79.34822,43.74491],[-79.34817,43.74486],[-79.34811,43.74481],[-79.34805,43.74477],[-79.348,43.74473],[-79.34794,43.74468],[-79.34788,43.74464],[-79.34782,43.74459],[-79.34776,43.74455],[-79.3477,43.74451],[-79.34764,43.74447],[-79.34758,43.74443],[-79.34752,43.74438],[-79.34746,43.74435],[-79.3474,43.74431],[-79.34735,43.74427],[-79.34729,43.74423],[-79.34723,43.7442],[-79.34717,43.74416],[-79.34711,43.74412],[-79.34705,43.74409],[-79.34699,43.74405],[-79.34693,43.74402],[-79.34687,43.74398],[-79.3468,43.74395],[-79.34674,43.74392],[-79.34668,43.74388],[-79.34662,43.74385],[-79.34655,43.74382],[-79.34649,43.74379],[-79.34642,43.74376],[-79.34636,43.74373],[-79.34629,43.7437],[-79.34622,43.74367],[-79.34616,43.74364],[-79.34609,43.74361],[-79.34602,43.74358],[-79.34596,43.74355],[-79.34589,43.74353],[-79.34582,43.7435],[-79.34575,43.74347],[-79.34568,43.74345],[-79.34561,43.74342],[-79.34554,43.7434],[-79.34547,43.74337],[-79.3454,43.74335],[-79.34533,43.74333],[-79.34526,43.74331],[-79.34519,43.74328],[-79.34511,43.74326],[-79.34507,43.74327],[-79.34492,43.74267],[-79.34446,43.74085],[-79.34402,43.73923],[-79.34345,43.73718],[-79.34338,43.73704],[-79.34319,43.73633],[-79.34288,43.73507],[-79.34255,43.73381],[-79.34211,43.73223],[-79.34185,43.73121],[-79.34144,43.72967],[-79.34086,43.72767],[-79.34061,43.72672],[-79.34019,43.72518],[-79.34244,43.7239],[-79.34252,43.72386],[-79.34261,43.72382],[-79.3427,43.72377],[-79.34278,43.72373],[-79.34287,43.72368],[-79.34295,43.72364],[-79.34304,43.72359],[-79.34312,43.72355],[-79.3432,43.7235],[-79.34329,43.72345],[-79.34337,43.72341],[-79.34345,43.72336],[-79.34353,43.72331],[-79.34361,43.72326],[-79.34369,43.72321],[-79.34377,43.72316],[-79.34385,43.72311],[-79.34393,43.72306],[-79.34401,43.72301],[-79.34408,43.72296],[-79.34416,43.72291],[-79.34424,43.72285],[-79.34431,43.7228],[-79.34439,43.72275],[-79.34446,43.72269],[-79.34454,43.72264],[-79.34461,43.72258],[-79.34468,43.72253],[-79.34476,43.72247],[-79.34483,43.72242],[-79.3449,43.72236],[-79.34497,43.72231],[-79.34504,43.72225],[-79.34511,43.72219],[-79.34518,43.72213],[-79.34525,43.72208],[-79.34531,43.72202],[-79.34538,43.72196],[-79.34545,43.7219],[-79.34551,43.72184],[-79.34558,43.72178],[-79.34564,43.72172],[-79.3457,43.72166],[-79.34575,43.7216],[-79.3458,43.72154],[-79.34586,43.72148],[-79.34591,43.72143],[-79.34596,43.72137],[-79.34601,43.72131],[-79.34607,43.72125],[-79.34612,43.72118],[-79.34617,43.72112],[-79.34621,43.72106],[-79.34626,43.721],[-79.34631,43.72094],[-79.34636,43.72088],[-79.3464,43.72082],[-79.34644,43.72076],[-79.34645,43.72075],[-79.34649,43.72069],[-79.34653,43.72063],[-79.34658,43.72056],[-79.34662,43.7205],[-79.34666,43.72044],[-79.3467,43.72037],[-79.34674,43.72031],[-79.34678,43.72024],[-79.34682,43.72018],[-79.34686,43.72011],[-79.34689,43.72005],[-79.34693,43.71998],[-79.34696,43.71992],[-79.347,43.71985],[-79.34703,43.71978],[-79.34707,43.71972],[-79.3471,43.71965],[-79.34713,43.71958],[-79.34716,43.71952],[-79.34719,43.71945],[-79.34722,43.71938],[-79.34725,43.71931],[-79.34728,43.71925],[-79.3473,43.71918],[-79.34733,43.71911],[-79.34735,43.71904],[-79.34775,43.71774],[-79.34813,43.71764],[-79.34884,43.71743],[-79.34998,43.71711],[-79.35045,43.71694],[-79.35113,43.7167],[-79.35179,43.71649],[-79.35263,43.71624],[-79.35297,43.71642],[-79.35308,43.71663],[-79.35296,43.7169],[-79.35277,43.71714],[-79.3527,43.7173],[-79.35264,43.71743],[-79.35267,43.71772],[-79.35271,43.71779],[-79.35286,43.71802],[-79.35306,43.7183],[-79.35322,43.7186],[-79.35328,43.71892],[-79.35329,43.71921],[-79.35333,43.71949],[-79.35326,43.71975],[-79.35299,43.71997],[-79.35294,43.72],[-79.35267,43.72018],[-79.35242,43.72039],[-79.3523,43.7206],[-79.35241,43.72078],[-79.35262,43.72094],[-79.35276,43.72097],[-79.3529,43.721],[-79.35313,43.72094],[-79.35315,43.72094],[-79.35334,43.72073],[-79.35345,43.72052],[-79.35377,43.72036],[-79.35383,43.72034],[-79.35413,43.72021],[-79.3544,43.72],[-79.35457,43.71974],[-79.35473,43.71948],[-79.35502,43.71928],[-79.35539,43.71919],[-79.35577,43.71919],[-79.35611,43.71916],[-79.35626,43.71931],[-79.35625,43.71955],[-79.35603,43.71971],[-79.35581,43.71985],[-79.35585,43.72009],[-79.35619,43.72024],[-79.35654,43.72026],[-79.35687,43.72021],[-79.35715,43.72013],[-79.35741,43.72006],[-79.35742,43.72006],[-79.35758,43.72002],[-79.35788,43.7199],[-79.35816,43.71975],[-79.35844,43.71966],[-79.35876,43.71965],[-79.35905,43.71966],[-79.35938,43.71964],[-79.35969,43.71964],[-79.35998,43.71969],[-79.36034,43.71971],[-79.36069,43.71973],[-79.36103,43.71978],[-79.36137,43.71978],[-79.3617,43.71978],[-79.36197,43.71988],[-79.36213,43.72001],[-79.36218,43.72006],[-79.36244,43.72016],[-79.36313,43.72015],[-79.36325,43.72031],[-79.3635,43.72038],[-79.36372,43.72055],[-79.36383,43.72077],[-79.36403,43.72089],[-79.36418,43.72079],[-79.36433,43.72063],[-79.36457,43.72058],[-79.36486,43.72054],[-79.36518,43.72045],[-79.36546,43.72049],[-79.36555,43.72056],[-79.36564,43.72064],[-79.36589,43.7207],[-79.36616,43.72076],[-79.3664,43.72085],[-79.36666,43.72094],[-79.3669,43.72107],[-79.36715,43.7211],[-79.36742,43.72104],[-79.36754,43.72091],[-79.36757,43.7209],[-79.36769,43.72088],[-79.36773,43.7209],[-79.36786,43.72106],[-79.36811,43.72111],[-79.36839,43.72111],[-79.36867,43.72113],[-79.36891,43.72114],[-79.36897,43.72112],[-79.36901,43.72108],[-79.36915,43.72071],[-79.36917,43.72067],[-79.36938,43.72056],[-79.36962,43.72043],[-79.36985,43.72029],[-79.37015,43.72021],[-79.37045,43.72017],[-79.37075,43.72015],[-79.37111,43.72018],[-79.37142,43.72021],[-79.37178,43.72021],[-79.37213,43.72024],[-79.37246,43.72025],[-79.37276,43.72026],[-79.373,43.72028],[-79.37324,43.72022],[-79.37349,43.7202],[-79.37378,43.72019],[-79.37399,43.72006],[-79.37423,43.71992],[-79.37448,43.71984],[-79.37477,43.71982],[-79.37503,43.71985],[-79.37529,43.71991],[-79.37562,43.71993],[-79.37579,43.7199],[-79.37595,43.71996],[-79.37609,43.72009],[-79.37639,43.72016],[-79.37664,43.72011],[-79.37677,43.71995],[-79.37694,43.71979],[-79.37715,43.71962],[-79.37741,43.71947],[-79.37767,43.71934],[-79.37791,43.71925],[-79.37858,43.71905],[-79.37821,43.71727],[-79.3781,43.71673],[-79.37798,43.71608],[-79.37763,43.71386],[-79.37749,43.7131],[-79.37821,43.71294],[-79.37887,43.71279],[-79.37892,43.71277],[-79.37899,43.71274],[-79.38006,43.71252],[-79.38105,43.71233],[-79.38151,43.71224],[-79.3815,43.71219],[-79.38198,43.71209],[-79.38295,43.71189],[-79.38383,43.7117],[-79.38397,43.71171],[-79.38448,43.71162],[-79.38462,43.7116],[-79.38571,43.71137],[-79.38603,43.71218],[-79.38618,43.71215],[-79.38749,43.71188],[-79.38866,43.71165],[-79.39123,43.71114],[-79.3939,43.7106],[-79.399,43.70959]]]}},{"type":"Feature","properties":{"num":26,"name":"Don Valley West"},"geometry":{"type":"Polygon","coordinates":[[[-79.38008,43.69504],[-79.37995,43.69508],[-79.37973,43.69513],[-79.37937,43.69521],[-79.37885,43.69532],[-79.37854,43.69538],[-79.37635,43.69584],[-79.37445,43.69623],[-79.37382,43.69638],[-79.37322,43.69651],[-79.37262,43.69662],[-79.37257,43.69663],[-79.37204,43.69671],[-79.37174,43.69676],[-79.37195,43.6973],[-79.37251,43.69874],[-79.37285,43.69958],[-79.37314,43.70037],[-79.37338,43.70095],[-79.37379,43.70207],[-79.37414,43.70301],[-79.37462,43.70428],[-79.37494,43.70512],[-79.37565,43.70695],[-79.37601,43.70782],[-79.37634,43.70872],[-79.37696,43.71031],[-79.37701,43.71051],[-79.37706,43.71067],[-79.3771,43.7109],[-79.37716,43.71105],[-79.37731,43.71204],[-79.37739,43.71241],[-79.37749,43.7131],[-79.37763,43.71386],[-79.37798,43.71608],[-79.3781,43.71673],[-79.37821,43.71727],[-79.37858,43.71905],[-79.37791,43.71925],[-79.37767,43.71934],[-79.37741,43.71947],[-79.37715,43.71962],[-79.37694,43.71979],[-79.37677,43.71995],[-79.37664,43.72011],[-79.37639,43.72016],[-79.37609,43.72009],[-79.37595,43.71996],[-79.37579,43.7199],[-79.37562,43.71993],[-79.37529,43.71991],[-79.37503,43.71985],[-79.37477,43.71982],[-79.37448,43.71984],[-79.37423,43.71992],[-79.37399,43.72006],[-79.37378,43.72019],[-79.37349,43.7202],[-79.37324,43.72022],[-79.373,43.72028],[-79.37276,43.72026],[-79.37246,43.72025],[-79.37213,43.72024],[-79.37178,43.72021],[-79.37142,43.72021],[-79.37111,43.72018],[-79.37075,43.72015],[-79.37045,43.72017],[-79.37015,43.72021],[-79.36985,43.72029],[-79.36962,43.72043],[-79.36938,43.72056],[-79.36917,43.72067],[-79.36915,43.72071],[-79.36901,43.72108],[-79.36897,43.72112],[-79.36891,43.72114],[-79.36867,43.72113],[-79.36839,43.72111],[-79.36811,43.72111],[-79.36786,43.72106],[-79.36773,43.7209],[-79.36769,43.72088],[-79.36757,43.7209],[-79.36754,43.72091],[-79.36742,43.72104],[-79.36715,43.7211],[-79.3669,43.72107],[-79.36666,43.72094],[-79.3664,43.72085],[-79.36616,43.72076],[-79.36589,43.7207],[-79.36564,43.72064],[-79.36555,43.72056],[-79.36546,43.72049],[-79.36518,43.72045],[-79.36486,43.72054],[-79.36457,43.72058],[-79.36433,43.72063],[-79.36418,43.72079],[-79.36403,43.72089],[-79.36383,43.72077],[-79.36372,43.72055],[-79.3635,43.72038],[-79.36325,43.72031],[-79.36313,43.72015],[-79.36244,43.72016],[-79.36218,43.72006],[-79.36213,43.72001],[-79.36197,43.71988],[-79.3617,43.71978],[-79.36137,43.71978],[-79.36103,43.71978],[-79.36069,43.71973],[-79.36034,43.71971],[-79.35998,43.71969],[-79.35969,43.71964],[-79.35938,43.71964],[-79.35905,43.71966],[-79.35876,43.71965],[-79.35844,43.71966],[-79.35816,43.71975],[-79.35788,43.7199],[-79.35758,43.72002],[-79.35742,43.72006],[-79.35741,43.72006],[-79.35715,43.72013],[-79.35687,43.72021],[-79.35654,43.72026],[-79.35619,43.72024],[-79.35585,43.72009],[-79.35581,43.71985],[-79.35603,43.71971],[-79.35625,43.71955],[-79.35626,43.71931],[-79.35611,43.71916],[-79.35577,43.71919],[-79.35539,43.71919],[-79.35502,43.71928],[-79.35473,43.71948],[-79.35457,43.71974],[-79.3544,43.72],[-79.35413,43.72021],[-79.35383,43.72034],[-79.35377,43.72036],[-79.35345,43.72052],[-79.35334,43.72073],[-79.35315,43.72094],[-79.35313,43.72094],[-79.3529,43.721],[-79.35276,43.72097],[-79.35262,43.72094],[-79.35241,43.72078],[-79.3523,43.7206],[-79.35242,43.72039],[-79.35267,43.72018],[-79.35294,43.72],[-79.35299,43.71997],[-79.35326,43.71975],[-79.35333,43.71949],[-79.35329,43.71921],[-79.35328,43.71892],[-79.35322,43.7186],[-79.35306,43.7183],[-79.35286,43.71802],[-79.35271,43.71779],[-79.35267,43.71772],[-79.35264,43.71743],[-79.3527,43.7173],[-79.35277,43.71714],[-79.35296,43.7169],[-79.35308,43.71663],[-79.35297,43.71642],[-79.35263,43.71624],[-79.35179,43.71649],[-79.35113,43.7167],[-79.35045,43.71694],[-79.34998,43.71711],[-79.34884,43.71743],[-79.34813,43.71764],[-79.34775,43.71774],[-79.34735,43.71904],[-79.34733,43.71911],[-79.3473,43.71918],[-79.34728,43.71925],[-79.34725,43.71931],[-79.34722,43.71938],[-79.34719,43.71945],[-79.34716,43.71952],[-79.34713,43.71958],[-79.3471,43.71965],[-79.34707,43.71972],[-79.34703,43.71978],[-79.347,43.71985],[-79.34696,43.71992],[-79.34693,43.71998],[-79.34689,43.72005],[-79.34686,43.72011],[-79.34682,43.72018],[-79.34678,43.72024],[-79.34674,43.72031],[-79.3467,43.72037],[-79.34666,43.72044],[-79.34662,43.7205],[-79.34658,43.72056],[-79.34653,43.72063],[-79.34649,43.72069],[-79.34645,43.72075],[-79.34644,43.72076],[-79.3464,43.72082],[-79.34636,43.72088],[-79.34631,43.72094],[-79.34626,43.721],[-79.34621,43.72106],[-79.34617,43.72112],[-79.34612,43.72118],[-79.34607,43.72125],[-79.34601,43.72131],[-79.34596,43.72137],[-79.34591,43.72143],[-79.34586,43.72148],[-79.3458,43.72154],[-79.34575,43.7216],[-79.3457,43.72166],[-79.34564,43.72172],[-79.34558,43.72178],[-79.34551,43.72184],[-79.34545,43.7219],[-79.34538,43.72196],[-79.34531,43.72202],[-79.34525,43.72208],[-79.34518,43.72213],[-79.34511,43.72219],[-79.34504,43.72225],[-79.34497,43.72231],[-79.3449,43.72236],[-79.34483,43.72242],[-79.34476,43.72247],[-79.34468,43.72253],[-79.34461,43.72258],[-79.34454,43.72264],[-79.34446,43.72269],[-79.34439,43.72275],[-79.34431,43.7228],[-79.34424,43.72285],[-79.34416,43.72291],[-79.34408,43.72296],[-79.34401,43.72301],[-79.34393,43.72306],[-79.34385,43.72311],[-79.34377,43.72316],[-79.34369,43.72321],[-79.34361,43.72326],[-79.34353,43.72331],[-79.34345,43.72336],[-79.34337,43.72341],[-79.34329,43.72345],[-79.3432,43.7235],[-79.34312,43.72355],[-79.34304,43.72359],[-79.34295,43.72364],[-79.34287,43.72368],[-79.34278,43.72373],[-79.3427,43.72377],[-79.34261,43.72382],[-79.34252,43.72386],[-79.34244,43.7239],[-79.34019,43.72518],[-79.34019,43.72519],[-79.33804,43.7264],[-79.33805,43.7264],[-79.33498,43.72814],[-79.33262,43.72949],[-79.33092,43.73045],[-79.33069,43.73058],[-79.33036,43.73076],[-79.32968,43.73115],[-79.32736,43.73247],[-79.32682,43.73278],[-79.32655,43.73258],[-79.3263,43.73233],[-79.32607,43.7321],[-79.32574,43.73201],[-79.32535,43.73195],[-79.32503,43.73181],[-79.32475,43.73156],[-79.32469,43.73123],[-79.32472,43.73095],[-79.32473,43.7309],[-79.32479,43.73058],[-79.32487,43.73025],[-79.32501,43.72994],[-79.3252,43.72967],[-79.32513,43.72946],[-79.32471,43.72947],[-79.32428,43.72944],[-79.32386,43.72939],[-79.32342,43.72939],[-79.32302,43.72948],[-79.32266,43.72968],[-79.32234,43.72992],[-79.32205,43.73019],[-79.32188,43.73035],[-79.32176,43.73047],[-79.32148,43.73073],[-79.32115,43.73096],[-79.32077,43.73113],[-79.3205,43.73137],[-79.32012,43.73152],[-79.31972,43.7314],[-79.31962,43.73111],[-79.31976,43.7308],[-79.32006,43.73052],[-79.32031,43.7302],[-79.32042,43.72984],[-79.32023,43.72955],[-79.31979,43.72946],[-79.31929,43.72942],[-79.31891,43.72928],[-79.31877,43.72916],[-79.31867,43.72908],[-79.31887,43.72893],[-79.31932,43.72885],[-79.3197,43.72868],[-79.31997,43.72847],[-79.32026,43.72827],[-79.32042,43.72804],[-79.32068,43.72794],[-79.32075,43.72791],[-79.32113,43.72783],[-79.3215,43.72771],[-79.3219,43.72756],[-79.32227,43.72744],[-79.32268,43.72735],[-79.32305,43.72722],[-79.32321,43.72696],[-79.32325,43.72664],[-79.3232,43.72634],[-79.323,43.72608],[-79.32276,43.72583],[-79.32251,43.72561],[-79.32234,43.72535],[-79.32234,43.7252],[-79.32234,43.72509],[-79.32253,43.72485],[-79.32265,43.7246],[-79.32277,43.72433],[-79.32294,43.72404],[-79.32311,43.72371],[-79.32323,43.72338],[-79.32326,43.72306],[-79.32327,43.72262],[-79.32329,43.72241],[-79.32332,43.72219],[-79.32335,43.72209],[-79.32336,43.72206],[-79.3234,43.72202],[-79.3235,43.72198],[-79.32366,43.72194],[-79.32383,43.72192],[-79.32404,43.72189],[-79.32437,43.72185],[-79.32449,43.72183],[-79.32466,43.72178],[-79.32504,43.72166],[-79.3252,43.7216],[-79.32542,43.72148],[-79.32558,43.7214],[-79.32569,43.72137],[-79.32586,43.72133],[-79.32613,43.72129],[-79.3264,43.72124],[-79.32656,43.72121],[-79.32664,43.72119],[-79.32669,43.72116],[-79.32672,43.72112],[-79.32674,43.72106],[-79.32673,43.72098],[-79.32673,43.7209],[-79.32671,43.72079],[-79.32661,43.72063],[-79.32646,43.72051],[-79.32608,43.72041],[-79.32564,43.72034],[-79.32526,43.72044],[-79.32484,43.72057],[-79.32466,43.72063],[-79.32445,43.72067],[-79.32423,43.72063],[-79.32404,43.72057],[-79.32364,43.72035],[-79.32327,43.72011],[-79.32325,43.7201],[-79.32286,43.71984],[-79.32257,43.71958],[-79.32249,43.71948],[-79.32246,43.71941],[-79.32248,43.7193],[-79.32255,43.71922],[-79.32313,43.71901],[-79.32345,43.71887],[-79.32361,43.71873],[-79.32376,43.71854],[-79.32394,43.71814],[-79.32387,43.71773],[-79.32367,43.71733],[-79.32362,43.7171],[-79.32358,43.71697],[-79.32357,43.71695],[-79.32336,43.71664],[-79.32294,43.71644],[-79.32289,43.71643],[-79.32277,43.7164],[-79.32249,43.71634],[-79.32208,43.71617],[-79.32158,43.71604],[-79.3211,43.71593],[-79.32102,43.71592],[-79.32085,43.71592],[-79.32068,43.71595],[-79.32054,43.71597],[-79.32039,43.71599],[-79.32034,43.71598],[-79.32029,43.71596],[-79.32021,43.71585],[-79.32008,43.71557],[-79.31984,43.7156],[-79.3195,43.71564],[-79.31953,43.71343],[-79.31934,43.71331],[-79.31929,43.7127],[-79.31944,43.71257],[-79.3199,43.71167],[-79.32033,43.71159],[-79.32191,43.71125],[-79.32353,43.71088],[-79.32711,43.71011],[-79.32902,43.70968],[-79.32939,43.70958],[-79.32948,43.70952],[-79.32957,43.70945],[-79.32966,43.70938],[-79.32975,43.70931],[-79.32983,43.70924],[-79.32992,43.70917],[-79.33001,43.7091],[-79.33009,43.70903],[-79.33018,43.70896],[-79.33026,43.70889],[-79.33031,43.70885],[-79.33035,43.70881],[-79.33039,43.70877],[-79.33043,43.70873],[-79.33048,43.7087],[-79.33051,43.70866],[-79.33055,43.70862],[-79.33059,43.70858],[-79.33063,43.70854],[-79.33067,43.7085],[-79.3307,43.70846],[-79.33074,43.70841],[-79.33077,43.70837],[-79.33081,43.70833],[-79.33084,43.70829],[-79.33088,43.70825],[-79.33091,43.7082],[-79.33094,43.70816],[-79.33097,43.70812],[-79.331,43.70808],[-79.33103,43.70803],[-79.33106,43.70799],[-79.33109,43.70794],[-79.33111,43.7079],[-79.33114,43.70785],[-79.33116,43.70781],[-79.33119,43.70776],[-79.33121,43.70772],[-79.33124,43.70767],[-79.33126,43.70763],[-79.33128,43.70758],[-79.3313,43.70754],[-79.33132,43.70749],[-79.33134,43.70744],[-79.33136,43.7074],[-79.33138,43.70735],[-79.3314,43.7073],[-79.33141,43.70726],[-79.33143,43.70721],[-79.33144,43.70716],[-79.33146,43.70711],[-79.33147,43.70707],[-79.33148,43.70702],[-79.33149,43.70697],[-79.3315,43.70692],[-79.33151,43.70687],[-79.33152,43.70683],[-79.33153,43.70678],[-79.33154,43.70673],[-79.33155,43.70668],[-79.33159,43.70645],[-79.33165,43.70617],[-79.3317,43.70594],[-79.33201,43.70447],[-79.33202,43.70443],[-79.33202,43.70438],[-79.33203,43.70434],[-79.33204,43.70429],[-79.33206,43.70424],[-79.33207,43.7042],[-79.33208,43.70415],[-79.33209,43.70411],[-79.33211,43.70406],[-79.33212,43.70402],[-79.33214,43.70397],[-79.33215,43.70393],[-79.33217,43.70389],[-79.33219,43.70384],[-79.33221,43.7038],[-79.33223,43.70375],[-79.33225,43.70371],[-79.33227,43.70367],[-79.33229,43.70362],[-79.33231,43.70358],[-79.33233,43.70354],[-79.33236,43.70349],[-79.33238,43.70345],[-79.33241,43.70341],[-79.33243,43.70337],[-79.33246,43.70333],[-79.33249,43.70329],[-79.3326,43.70332],[-79.3329,43.70337],[-79.33309,43.70338],[-79.3331,43.70338],[-79.33321,43.70325],[-79.33344,43.70308],[-79.33379,43.70303],[-79.33416,43.70302],[-79.33452,43.70305],[-79.3347,43.70309],[-79.3349,43.70313],[-79.33542,43.70321],[-79.33573,43.70309],[-79.33617,43.70291],[-79.33659,43.70273],[-79.33692,43.70247],[-79.33725,43.70217],[-79.33771,43.70194],[-79.3382,43.70173],[-79.33865,43.7015],[-79.33909,43.70127],[-79.33944,43.70097],[-79.33973,43.70064],[-79.3401,43.70031],[-79.34049,43.7],[-79.34093,43.69974],[-79.34138,43.69948],[-79.34184,43.69925],[-79.34237,43.69914],[-79.34287,43.69904],[-79.3433,43.69882],[-79.34344,43.6987],[-79.34356,43.69862],[-79.34365,43.69856],[-79.34375,43.6985],[-79.34388,43.69844],[-79.34401,43.6984],[-79.34416,43.69835],[-79.34433,43.6983],[-79.34445,43.69828],[-79.34458,43.69827],[-79.34472,43.69828],[-79.34482,43.69829],[-79.3449,43.69831],[-79.34506,43.69831],[-79.34547,43.69837],[-79.34582,43.69849],[-79.34603,43.69865],[-79.34631,43.69882],[-79.34661,43.69896],[-79.34697,43.69902],[-79.34735,43.69916],[-79.34763,43.69935],[-79.34787,43.69957],[-79.3481,43.69977],[-79.34837,43.69994],[-79.34871,43.70001],[-79.34905,43.70002],[-79.34938,43.69999],[-79.34976,43.69994],[-79.35013,43.69987],[-79.35041,43.69966],[-79.35057,43.69942],[-79.35092,43.7],[-79.35143,43.7009],[-79.35149,43.70098],[-79.35154,43.70104],[-79.3516,43.70112],[-79.35168,43.70119],[-79.35175,43.70126],[-79.35183,43.70134],[-79.35195,43.70144],[-79.35207,43.70152],[-79.35218,43.70159],[-79.35226,43.70164],[-79.35237,43.70171],[-79.35249,43.70176],[-79.35261,43.70182],[-79.35271,43.70187],[-79.35278,43.7019],[-79.35284,43.70193],[-79.35315,43.70201],[-79.35337,43.70205],[-79.35364,43.70207],[-79.35398,43.70207],[-79.35441,43.70206],[-79.35506,43.70203],[-79.35554,43.70197],[-79.35572,43.70195],[-79.35584,43.70194],[-79.35597,43.70192],[-79.35613,43.70191],[-79.35629,43.70189],[-79.35647,43.70187],[-79.35667,43.70187],[-79.35686,43.70185],[-79.35704,43.70184],[-79.35722,43.70184],[-79.35733,43.70184],[-79.35746,43.70186],[-79.35771,43.70187],[-79.35794,43.70188],[-79.35811,43.7019],[-79.35818,43.7019],[-79.35828,43.70191],[-79.35841,43.70193],[-79.35847,43.70194],[-79.35852,43.70195],[-79.35854,43.70196],[-79.35866,43.702],[-79.35876,43.70204],[-79.35884,43.70207],[-79.36353,43.69758],[-79.36688,43.69437],[-79.36837,43.69301],[-79.36932,43.69215],[-79.37,43.69148],[-79.37008,43.69139],[-79.37068,43.69081],[-79.37082,43.69095],[-79.37339,43.69235],[-79.37378,43.69255],[-79.3741,43.69268],[-79.37445,43.69281],[-79.37481,43.69292],[-79.3764,43.6934],[-79.37674,43.69336],[-79.3773,43.69356],[-79.37754,43.69366],[-79.37996,43.69474],[-79.38008,43.69504]]]}},{"type":"Feature","properties":{"num":27,"name":"Toronto Centre-Rosedale"},"geometry":{"type":"Polygon","coordinates":[[[-79.38663,43.65086],[-79.387,43.65177],[-79.38725,43.65232],[-79.38755,43.65305],[-79.38758,43.65312],[-79.38794,43.65398],[-79.38832,43.6548],[-79.38832,43.65481],[-79.3886,43.65548],[-79.38869,43.65569],[-79.38897,43.65636],[-79.38897,43.65637],[-79.38933,43.65714],[-79.38949,43.65754],[-79.38965,43.65793],[-79.38994,43.6586],[-79.38999,43.65871],[-79.39031,43.65946],[-79.3905,43.65987],[-79.39063,43.66017],[-79.39064,43.66019],[-79.39068,43.66027],[-79.39069,43.66028],[-79.39071,43.6603],[-79.39072,43.66032],[-79.39073,43.66034],[-79.39075,43.66035],[-79.39076,43.66037],[-79.39078,43.66038],[-79.3908,43.6604],[-79.39082,43.66042],[-79.39083,43.66043],[-79.39085,43.66045],[-79.39087,43.66047],[-79.39089,43.66048],[-79.39091,43.66049],[-79.39093,43.66051],[-79.39095,43.66052],[-79.39098,43.66053],[-79.391,43.66055],[-79.39102,43.66056],[-79.39104,43.66057],[-79.39107,43.66058],[-79.39109,43.66059],[-79.39112,43.6606],[-79.39114,43.66061],[-79.39117,43.66062],[-79.3912,43.66063],[-79.39122,43.66063],[-79.3913,43.66066],[-79.39135,43.66068],[-79.3914,43.6607],[-79.39145,43.66073],[-79.3915,43.66075],[-79.39155,43.66078],[-79.3916,43.6608],[-79.39165,43.66083],[-79.3917,43.66085],[-79.39174,43.66088],[-79.39193,43.66101],[-79.39205,43.66113],[-79.39214,43.66122],[-79.39222,43.66134],[-79.39228,43.66146],[-79.3923,43.66149],[-79.39241,43.66173],[-79.3925,43.66191],[-79.39291,43.66243],[-79.39295,43.66248],[-79.39311,43.66278],[-79.39321,43.66308],[-79.39359,43.66409],[-79.39386,43.66482],[-79.39387,43.66484],[-79.39388,43.66486],[-79.39388,43.66488],[-79.39389,43.66491],[-79.39389,43.66493],[-79.39389,43.66496],[-79.3939,43.66498],[-79.3939,43.665],[-79.3939,43.66502],[-79.3939,43.66505],[-79.3939,43.66507],[-79.3939,43.6651],[-79.3939,43.66512],[-79.39389,43.66514],[-79.39389,43.66517],[-79.39389,43.66519],[-79.39388,43.66521],[-79.39387,43.66523],[-79.39387,43.66526],[-79.39386,43.66528],[-79.39385,43.6653],[-79.39384,43.66532],[-79.39383,43.66534],[-79.39383,43.66535],[-79.39382,43.66537],[-79.39381,43.66539],[-79.3938,43.66541],[-79.39379,43.66543],[-79.39378,43.66545],[-79.39376,43.66547],[-79.39375,43.66549],[-79.39374,43.66551],[-79.39372,43.66553],[-79.3937,43.66555],[-79.39369,43.66557],[-79.39367,43.66559],[-79.39365,43.66561],[-79.39364,43.66563],[-79.39362,43.66564],[-79.3936,43.66566],[-79.39358,43.66568],[-79.39356,43.6657],[-79.39353,43.66571],[-79.39351,43.66573],[-79.39349,43.66574],[-79.39347,43.66576],[-79.39344,43.66577],[-79.39342,43.66579],[-79.3934,43.6658],[-79.39339,43.6658],[-79.39336,43.66584],[-79.39332,43.66587],[-79.39328,43.66592],[-79.39325,43.66596],[-79.39321,43.66602],[-79.3932,43.66607],[-79.39318,43.66612],[-79.39317,43.66617],[-79.39317,43.66621],[-79.39317,43.66626],[-79.39315,43.66638],[-79.39353,43.66728],[-79.39414,43.66873],[-79.39451,43.66962],[-79.39464,43.66994],[-79.39482,43.6704],[-79.39507,43.67101],[-79.39544,43.67191],[-79.39575,43.67267],[-79.39603,43.67336],[-79.39615,43.67365],[-79.39631,43.67401],[-79.39661,43.67474],[-79.39677,43.67514],[-79.39694,43.67556],[-79.39728,43.67639],[-79.39743,43.6767],[-79.39763,43.67721],[-79.39777,43.67761],[-79.39793,43.67801],[-79.39789,43.67802],[-79.39778,43.67808],[-79.39767,43.67813],[-79.39757,43.67818],[-79.39746,43.67824],[-79.39735,43.67829],[-79.39581,43.67899],[-79.39323,43.68018],[-79.39141,43.68098],[-79.3912,43.68109],[-79.39134,43.68144],[-79.39156,43.68198],[-79.39163,43.68216],[-79.39194,43.68289],[-79.39204,43.68311],[-79.39239,43.68395],[-79.3908,43.68429],[-79.38887,43.68469],[-79.38856,43.68478],[-79.38883,43.68545],[-79.39024,43.68516],[-79.39039,43.68558],[-79.39085,43.68678],[-79.38909,43.68716],[-79.38845,43.6873],[-79.38838,43.68733],[-79.38835,43.68735],[-79.38665,43.68771],[-79.3868,43.68775],[-79.38704,43.68788],[-79.3872,43.68804],[-79.38728,43.68828],[-79.3875,43.68842],[-79.38774,43.68847],[-79.38797,43.68854],[-79.38822,43.68865],[-79.38849,43.68881],[-79.38866,43.68895],[-79.38872,43.68898],[-79.38893,43.68916],[-79.38898,43.6892],[-79.38945,43.68959],[-79.38961,43.68968],[-79.38978,43.6898],[-79.38988,43.68993],[-79.38998,43.69009],[-79.39001,43.69025],[-79.39002,43.69034],[-79.39004,43.69053],[-79.39008,43.69059],[-79.39012,43.69064],[-79.39023,43.69073],[-79.39032,43.69079],[-79.3904,43.69086],[-79.39047,43.69095],[-79.39058,43.69107],[-79.39079,43.69134],[-79.39022,43.69146],[-79.39017,43.69147],[-79.38955,43.6916],[-79.38953,43.69156],[-79.38874,43.69174],[-79.38907,43.69253],[-79.38889,43.69257],[-79.38892,43.69265],[-79.38913,43.69312],[-79.38485,43.69404],[-79.38189,43.69467],[-79.38181,43.69473],[-79.38136,43.6951],[-79.38102,43.69487],[-79.3808,43.69472],[-79.38075,43.69476],[-79.3806,43.69484],[-79.38049,43.6949],[-79.38038,43.69495],[-79.38028,43.69498],[-79.38008,43.69504],[-79.37996,43.69474],[-79.37754,43.69366],[-79.3773,43.69356],[-79.37674,43.69336],[-79.3764,43.6934],[-79.37481,43.69292],[-79.37445,43.69281],[-79.3741,43.69268],[-79.37378,43.69255],[-79.37339,43.69235],[-79.37082,43.69095],[-79.37068,43.69081],[-79.3706,43.69072],[-79.36999,43.69051],[-79.3695,43.69034],[-79.36916,43.69019],[-79.36891,43.69007],[-79.36858,43.68991],[-79.36835,43.68978],[-79.36822,43.68969],[-79.36802,43.68955],[-79.36787,43.68941],[-79.36773,43.68926],[-79.36763,43.68913],[-79.36753,43.68899],[-79.36748,43.68889],[-79.36741,43.68876],[-79.36737,43.68865],[-79.36733,43.68851],[-79.3673,43.68836],[-79.36728,43.68822],[-79.36729,43.68809],[-79.36729,43.688],[-79.36755,43.68657],[-79.36648,43.68407],[-79.36786,43.68151],[-79.36793,43.68128],[-79.36795,43.68119],[-79.36793,43.68094],[-79.36789,43.68069],[-79.36771,43.68016],[-79.3676,43.67983],[-79.36752,43.67959],[-79.36726,43.67926],[-79.36719,43.67918],[-79.36727,43.67914],[-79.36677,43.67852],[-79.36655,43.67857],[-79.36445,43.67904],[-79.36426,43.67919],[-79.36427,43.6792],[-79.36419,43.67921],[-79.36405,43.6791],[-79.36373,43.67881],[-79.3636,43.67844],[-79.3636,43.67807],[-79.36384,43.6778],[-79.36411,43.67749],[-79.36445,43.67724],[-79.36483,43.67702],[-79.36496,43.67674],[-79.36469,43.67647],[-79.36433,43.67624],[-79.36403,43.67595],[-79.36376,43.67566],[-79.36347,43.67541],[-79.36339,43.67533],[-79.3631,43.67493],[-79.36303,43.67488],[-79.36299,43.67482],[-79.36295,43.67474],[-79.36291,43.67466],[-79.36289,43.67459],[-79.36288,43.6745],[-79.36288,43.67441],[-79.3629,43.67432],[-79.36293,43.67423],[-79.36294,43.67413],[-79.36297,43.67404],[-79.36299,43.67396],[-79.36301,43.67388],[-79.36303,43.67378],[-79.36304,43.6737],[-79.36305,43.67365],[-79.36305,43.67362],[-79.36306,43.67355],[-79.36306,43.67347],[-79.36304,43.67341],[-79.36301,43.67333],[-79.36295,43.67325],[-79.36287,43.6732],[-79.36286,43.67319],[-79.36279,43.67314],[-79.36269,43.67309],[-79.36258,43.67304],[-79.36245,43.67301],[-79.36233,43.67299],[-79.36224,43.67298],[-79.36217,43.67295],[-79.3621,43.67293],[-79.36205,43.67292],[-79.36196,43.67287],[-79.36185,43.67284],[-79.36176,43.67279],[-79.36167,43.67274],[-79.36157,43.67269],[-79.36147,43.67263],[-79.36137,43.67256],[-79.36126,43.6725],[-79.36117,43.67244],[-79.36107,43.67238],[-79.36097,43.67231],[-79.36088,43.67225],[-79.36079,43.67219],[-79.3607,43.67212],[-79.36062,43.67205],[-79.36053,43.67198],[-79.36046,43.6719],[-79.3604,43.67182],[-79.36035,43.67175],[-79.36028,43.67166],[-79.36023,43.67158],[-79.36018,43.67149],[-79.36013,43.6714],[-79.36009,43.67131],[-79.36005,43.67122],[-79.36001,43.67113],[-79.35997,43.67103],[-79.35992,43.67094],[-79.35988,43.67084],[-79.35984,43.67075],[-79.3598,43.67066],[-79.35975,43.67056],[-79.35972,43.67048],[-79.35971,43.67047],[-79.35995,43.67033],[-79.36015,43.67021],[-79.36044,43.67006],[-79.36047,43.67005],[-79.36049,43.67004],[-79.36051,43.67004],[-79.36054,43.67003],[-79.36056,43.67003],[-79.36058,43.67002],[-79.36061,43.67002],[-79.36063,43.67001],[-79.36065,43.67001],[-79.36068,43.67001],[-79.3607,43.67001],[-79.36073,43.67001],[-79.36075,43.67001],[-79.36078,43.67001],[-79.36079,43.67001],[-79.3608,43.67001],[-79.36083,43.67001],[-79.36085,43.67001],[-79.36087,43.67001],[-79.3609,43.67001],[-79.36092,43.67002],[-79.36095,43.67002],[-79.36097,43.67003],[-79.36101,43.67003],[-79.36104,43.67003],[-79.36108,43.67004],[-79.36112,43.67004],[-79.36115,43.67005],[-79.36119,43.67006],[-79.36123,43.67006],[-79.36126,43.67006],[-79.3613,43.67007],[-79.36133,43.67008],[-79.36137,43.67009],[-79.36141,43.6701],[-79.36144,43.67011],[-79.36147,43.67012],[-79.36151,43.67013],[-79.36154,43.67015],[-79.36158,43.67016],[-79.36161,43.67017],[-79.36171,43.67025],[-79.36174,43.67026],[-79.36176,43.67026],[-79.36179,43.67027],[-79.36181,43.67028],[-79.36184,43.67029],[-79.36186,43.6703],[-79.36188,43.6703],[-79.36191,43.67031],[-79.36264,43.67056],[-79.36342,43.67083],[-79.36407,43.67105],[-79.36422,43.6711],[-79.36435,43.67115],[-79.36436,43.67115],[-79.36464,43.67125],[-79.36468,43.67126],[-79.36498,43.67136],[-79.36587,43.67165],[-79.36605,43.67169],[-79.36622,43.67172],[-79.3664,43.67173],[-79.36655,43.67173],[-79.36666,43.67173],[-79.36674,43.67172],[-79.36686,43.67171],[-79.36703,43.6717],[-79.36723,43.6717],[-79.3674,43.6717],[-79.36758,43.67169],[-79.36776,43.6717],[-79.36789,43.67172],[-79.36804,43.67174],[-79.36808,43.67175],[-79.36826,43.67181],[-79.3684,43.67188],[-79.36853,43.67192],[-79.36864,43.67197],[-79.36865,43.67198],[-79.36876,43.67204],[-79.36884,43.6721],[-79.36886,43.67211],[-79.36894,43.67216],[-79.36903,43.67222],[-79.36913,43.67228],[-79.36924,43.67233],[-79.36938,43.67239],[-79.3695,43.67244],[-79.36959,43.67248],[-79.3697,43.67251],[-79.36992,43.67259],[-79.3707,43.67202],[-79.37073,43.67201],[-79.37076,43.672],[-79.3708,43.67198],[-79.37083,43.67198],[-79.37087,43.67197],[-79.3709,43.67196],[-79.37094,43.67195],[-79.37098,43.67194],[-79.37101,43.67194],[-79.37105,43.67193],[-79.37109,43.67193],[-79.37112,43.67192],[-79.37116,43.67191],[-79.3712,43.67191],[-79.37123,43.6719],[-79.37127,43.6719],[-79.37131,43.6719],[-79.37135,43.6719],[-79.37138,43.6719],[-79.37142,43.6719],[-79.37146,43.6719],[-79.37318,43.67216],[-79.37361,43.67222],[-79.37491,43.67238],[-79.3759,43.67248],[-79.37596,43.67248],[-79.37605,43.67249],[-79.37617,43.67249],[-79.37632,43.67248],[-79.37646,43.67246],[-79.37686,43.67237],[-79.37652,43.67147],[-79.37645,43.67128],[-79.37625,43.6708],[-79.37579,43.66967],[-79.3754,43.66876],[-79.3752,43.66831],[-79.37469,43.6671],[-79.37396,43.66533],[-79.37306,43.6632],[-79.37224,43.66124],[-79.37204,43.66072],[-79.37193,43.66046],[-79.37136,43.65908],[-79.37103,43.6583],[-79.37013,43.65617],[-79.36959,43.65487],[-79.36953,43.65473],[-79.36946,43.65454],[-79.36997,43.65443],[-79.3701,43.65441],[-79.37208,43.65397],[-79.37326,43.65374],[-79.37429,43.65351],[-79.37516,43.65332],[-79.37578,43.65318],[-79.37672,43.65298],[-79.37695,43.65293],[-79.37809,43.65269],[-79.37926,43.65245],[-79.38076,43.65214],[-79.38172,43.6519],[-79.38238,43.65178],[-79.38243,43.65177],[-79.38497,43.65123],[-79.38663,43.65086]]]}},{"type":"Feature","properties":{"num":28,"name":"Toronto Centre-Rosedale"},"geometry":{"type":"Polygon","coordinates":[[[-79.39786,43.63269],[-79.39521,43.63418],[-79.37767,43.6339],[-79.38005,43.63961],[-79.3802,43.63997],[-79.38027,43.64008],[-79.38029,43.64012],[-79.38031,43.64014],[-79.38033,43.64017],[-79.38035,43.6402],[-79.38037,43.64023],[-79.38039,43.64026],[-79.38041,43.64029],[-79.38043,43.64032],[-79.38044,43.64035],[-79.38046,43.64039],[-79.38048,43.64042],[-79.38049,43.64045],[-79.3805,43.64048],[-79.38052,43.64051],[-79.38053,43.64054],[-79.38054,43.64058],[-79.38055,43.64062],[-79.38064,43.64088],[-79.38065,43.64091],[-79.38066,43.64093],[-79.38069,43.64101],[-79.38087,43.64147],[-79.38091,43.64158],[-79.38092,43.64161],[-79.38096,43.6417],[-79.38099,43.64177],[-79.38111,43.64207],[-79.38148,43.64292],[-79.38164,43.64331],[-79.38185,43.64382],[-79.38212,43.64447],[-79.38216,43.64458],[-79.38227,43.64483],[-79.38242,43.64516],[-79.38247,43.6453],[-79.38254,43.64529],[-79.38343,43.64509],[-79.38369,43.64571],[-79.38379,43.64588],[-79.38386,43.64598],[-79.3841,43.64639],[-79.38481,43.64767],[-79.38519,43.64829],[-79.38536,43.64857],[-79.38556,43.64888],[-79.38629,43.6501],[-79.38663,43.65086],[-79.38497,43.65123],[-79.38243,43.65177],[-79.38238,43.65178],[-79.38172,43.6519],[-79.38076,43.65214],[-79.37926,43.65245],[-79.37809,43.65269],[-79.37695,43.65293],[-79.37672,43.65298],[-79.37578,43.65318],[-79.37516,43.65332],[-79.37429,43.65351],[-79.37326,43.65374],[-79.37208,43.65397],[-79.3701,43.65441],[-79.36997,43.65443],[-79.36946,43.65454],[-79.36953,43.65473],[-79.36959,43.65487],[-79.37013,43.65617],[-79.37103,43.6583],[-79.37136,43.65908],[-79.37193,43.66046],[-79.37204,43.66072],[-79.37224,43.66124],[-79.37306,43.6632],[-79.37396,43.66533],[-79.37469,43.6671],[-79.3752,43.66831],[-79.3754,43.66876],[-79.37579,43.66967],[-79.37625,43.6708],[-79.37645,43.67128],[-79.37652,43.67147],[-79.37686,43.67237],[-79.37646,43.67246],[-79.37632,43.67248],[-79.37617,43.67249],[-79.37605,43.67249],[-79.37596,43.67248],[-79.3759,43.67248],[-79.37491,43.67238],[-79.37361,43.67222],[-79.37318,43.67216],[-79.37146,43.6719],[-79.37142,43.6719],[-79.37138,43.6719],[-79.37135,43.6719],[-79.37131,43.6719],[-79.37127,43.6719],[-79.37123,43.6719],[-79.3712,43.67191],[-79.37116,43.67191],[-79.37112,43.67192],[-79.37109,43.67193],[-79.37105,43.67193],[-79.37101,43.67194],[-79.37098,43.67194],[-79.37094,43.67195],[-79.3709,43.67196],[-79.37087,43.67197],[-79.37083,43.67198],[-79.3708,43.67198],[-79.37076,43.672],[-79.37073,43.67201],[-79.3707,43.67202],[-79.36992,43.67259],[-79.3697,43.67251],[-79.36959,43.67248],[-79.3695,43.67244],[-79.36938,43.67239],[-79.36924,43.67233],[-79.36913,43.67228],[-79.36903,43.67222],[-79.36894,43.67216],[-79.36886,43.67211],[-79.36884,43.6721],[-79.36876,43.67204],[-79.36865,43.67198],[-79.36864,43.67197],[-79.36853,43.67192],[-79.3684,43.67188],[-79.36826,43.67181],[-79.36808,43.67175],[-79.36804,43.67174],[-79.36789,43.67172],[-79.36776,43.6717],[-79.36758,43.67169],[-79.3674,43.6717],[-79.36723,43.6717],[-79.36703,43.6717],[-79.36686,43.67171],[-79.36674,43.67172],[-79.36666,43.67173],[-79.36655,43.67173],[-79.3664,43.67173],[-79.36622,43.67172],[-79.36605,43.67169],[-79.36587,43.67165],[-79.36498,43.67136],[-79.36468,43.67126],[-79.36464,43.67125],[-79.36436,43.67115],[-79.36435,43.67115],[-79.36422,43.6711],[-79.36407,43.67105],[-79.36342,43.67083],[-79.36264,43.67056],[-79.36191,43.67031],[-79.36188,43.6703],[-79.36186,43.6703],[-79.36184,43.67029],[-79.36181,43.67028],[-79.36179,43.67027],[-79.36176,43.67026],[-79.36174,43.67026],[-79.36171,43.67025],[-79.36161,43.67017],[-79.36158,43.67016],[-79.36154,43.67015],[-79.36151,43.67013],[-79.36147,43.67012],[-79.36144,43.67011],[-79.36141,43.6701],[-79.36137,43.67009],[-79.36133,43.67008],[-79.3613,43.67007],[-79.36126,43.67006],[-79.36123,43.67006],[-79.36119,43.67006],[-79.36115,43.67005],[-79.36112,43.67004],[-79.36108,43.67004],[-79.36104,43.67003],[-79.36101,43.67003],[-79.36097,43.67003],[-79.36095,43.67002],[-79.36092,43.67002],[-79.3609,43.67001],[-79.36087,43.67001],[-79.36085,43.67001],[-79.36083,43.67001],[-79.3608,43.67001],[-79.36079,43.67001],[-79.36078,43.67001],[-79.36075,43.67001],[-79.36073,43.67001],[-79.3607,43.67001],[-79.36068,43.67001],[-79.36065,43.67001],[-79.36063,43.67001],[-79.36061,43.67002],[-79.36058,43.67002],[-79.36056,43.67003],[-79.36054,43.67003],[-79.36051,43.67004],[-79.36049,43.67004],[-79.36047,43.67005],[-79.36044,43.67006],[-79.36015,43.67021],[-79.35995,43.67033],[-79.35971,43.67047],[-79.35966,43.67039],[-79.3596,43.67029],[-79.35951,43.67022],[-79.35942,43.67013],[-79.35933,43.67007],[-79.35924,43.67001],[-79.35913,43.66995],[-79.35903,43.66988],[-79.35894,43.66982],[-79.35885,43.66975],[-79.35875,43.66968],[-79.35864,43.66963],[-79.35854,43.66958],[-79.35846,43.66951],[-79.35839,43.66945],[-79.35832,43.6694],[-79.35823,43.66934],[-79.35819,43.6693],[-79.35814,43.66927],[-79.35806,43.66921],[-79.35797,43.66916],[-79.35789,43.66909],[-79.35781,43.66903],[-79.35775,43.66896],[-79.35775,43.66894],[-79.35769,43.66887],[-79.35761,43.6688],[-79.35756,43.66873],[-79.35751,43.66866],[-79.35747,43.66856],[-79.35743,43.66848],[-79.35739,43.66838],[-79.35735,43.66828],[-79.35732,43.6682],[-79.35658,43.66553],[-79.35653,43.6654],[-79.3565,43.66528],[-79.35647,43.66516],[-79.35643,43.66504],[-79.3564,43.66491],[-79.35638,43.6648],[-79.35635,43.66468],[-79.35631,43.66455],[-79.35631,43.66454],[-79.35627,43.66443],[-79.35623,43.6643],[-79.3562,43.66419],[-79.35616,43.66406],[-79.35613,43.66394],[-79.35609,43.66381],[-79.35605,43.66369],[-79.356,43.66355],[-79.35596,43.66343],[-79.35592,43.66328],[-79.35588,43.66315],[-79.35586,43.66306],[-79.35584,43.663],[-79.35581,43.66287],[-79.35576,43.66271],[-79.35572,43.66258],[-79.35567,43.66242],[-79.35562,43.66229],[-79.35561,43.66228],[-79.35557,43.66215],[-79.35552,43.662],[-79.35548,43.66186],[-79.35545,43.66174],[-79.35545,43.66172],[-79.35542,43.66159],[-79.35538,43.66144],[-79.35534,43.66131],[-79.3553,43.66116],[-79.35526,43.66102],[-79.35522,43.66089],[-79.35521,43.66086],[-79.35517,43.66072],[-79.35512,43.66057],[-79.35508,43.66043],[-79.35503,43.66029],[-79.35503,43.66027],[-79.35499,43.66015],[-79.35494,43.66001],[-79.3549,43.65987],[-79.35485,43.65974],[-79.35481,43.65959],[-79.35477,43.65946],[-79.35473,43.65932],[-79.35473,43.65931],[-79.35471,43.6592],[-79.35468,43.65906],[-79.35465,43.65894],[-79.35461,43.6588],[-79.35456,43.65868],[-79.35452,43.65854],[-79.35448,43.65842],[-79.35445,43.65829],[-79.35443,43.65816],[-79.3544,43.65804],[-79.35435,43.65792],[-79.35433,43.65788],[-79.35428,43.6578],[-79.35421,43.65767],[-79.35411,43.65758],[-79.35399,43.65746],[-79.35388,43.65737],[-79.35376,43.65726],[-79.35365,43.65716],[-79.35354,43.65706],[-79.35342,43.65697],[-79.35338,43.65694],[-79.35331,43.65689],[-79.3532,43.6568],[-79.3531,43.65672],[-79.353,43.65662],[-79.35294,43.65658],[-79.3529,43.65654],[-79.3528,43.65646],[-79.35269,43.65637],[-79.35261,43.6563],[-79.35252,43.65622],[-79.35242,43.65614],[-79.35234,43.65607],[-79.35225,43.65599],[-79.35215,43.6559],[-79.35207,43.65583],[-79.35198,43.65575],[-79.35174,43.65558],[-79.35084,43.65478],[-79.34966,43.65374],[-79.34953,43.65361],[-79.34952,43.6536],[-79.34865,43.65254],[-79.34818,43.65196],[-79.34814,43.65193],[-79.348,43.65176],[-79.34786,43.65159],[-79.34773,43.65143],[-79.34762,43.65127],[-79.3475,43.65111],[-79.34742,43.651],[-79.34732,43.65081],[-79.3473,43.65076],[-79.34747,43.65052],[-79.34766,43.65043],[-79.35435,43.64766],[-79.35936,43.64551],[-79.35986,43.64531],[-79.35369,43.63808],[-79.34965,43.6334],[-79.35252,43.63372],[-79.35204,43.63331],[-79.3512,43.63257],[-79.35118,43.63255],[-79.35029,43.63178],[-79.34939,43.63103],[-79.34948,43.63099],[-79.34954,43.63092],[-79.34955,43.63078],[-79.34959,43.63061],[-79.34963,43.63043],[-79.34963,43.63025],[-79.34964,43.63009],[-79.34965,43.62991],[-79.34967,43.62975],[-79.34968,43.62957],[-79.3497,43.62895],[-79.34975,43.62895],[-79.34973,43.62959],[-79.34987,43.62963],[-79.34997,43.62969],[-79.35016,43.62973],[-79.35038,43.62973],[-79.35061,43.62973],[-79.35078,43.62975],[-79.35094,43.62977],[-79.35101,43.6298],[-79.35114,43.62982],[-79.35137,43.62982],[-79.3516,43.62984],[-79.35184,43.62985],[-79.35208,43.62985],[-79.35231,43.62985],[-79.35254,43.62983],[-79.35274,43.62981],[-79.35294,43.6298],[-79.35315,43.62979],[-79.35339,43.62977],[-79.35362,43.62976],[-79.35383,43.62972],[-79.35405,43.6297],[-79.35424,43.62967],[-79.35442,43.62964],[-79.35455,43.62959],[-79.35461,43.62949],[-79.35468,43.62936],[-79.35476,43.62921],[-79.35483,43.62906],[-79.35492,43.62891],[-79.35501,43.62876],[-79.35509,43.6286],[-79.35518,43.62843],[-79.35529,43.62827],[-79.35539,43.62811],[-79.35583,43.62748],[-79.35594,43.62732],[-79.35607,43.62716],[-79.35619,43.62703],[-79.35633,43.62688],[-79.35647,43.62673],[-79.35663,43.62657],[-79.35678,43.62642],[-79.35694,43.62628],[-79.35782,43.62546],[-79.35893,43.62464],[-79.35953,43.62422],[-79.35999,43.62394],[-79.36018,43.62377],[-79.36137,43.62291],[-79.36209,43.62241],[-79.36332,43.6216],[-79.36452,43.6207],[-79.36565,43.61993],[-79.36646,43.61935],[-79.36706,43.61906],[-79.36753,43.61887],[-79.36791,43.61874],[-79.36832,43.61853],[-79.36866,43.61839],[-79.36903,43.61823],[-79.36924,43.61811],[-79.36958,43.61794],[-79.36985,43.61776],[-79.36989,43.6177],[-79.36999,43.61766],[-79.37022,43.61765],[-79.3704,43.6176],[-79.37055,43.61753],[-79.37069,43.61745],[-79.3708,43.61735],[-79.37081,43.61733],[-79.37085,43.61727],[-79.3709,43.61726],[-79.371,43.6172],[-79.37114,43.61712],[-79.37128,43.61701],[-79.37139,43.61688],[-79.3715,43.61675],[-79.37155,43.6166],[-79.37161,43.61648],[-79.37174,43.61641],[-79.37188,43.61636],[-79.37197,43.61634],[-79.37211,43.61637],[-79.3723,43.6164],[-79.37254,43.61635],[-79.37273,43.61627],[-79.37296,43.61616],[-79.37319,43.61605],[-79.37342,43.61595],[-79.37365,43.61584],[-79.37387,43.61571],[-79.3741,43.6156],[-79.37431,43.61549],[-79.37453,43.61537],[-79.37475,43.61524],[-79.37494,43.61513],[-79.37515,43.61502],[-79.37535,43.6149],[-79.37553,43.61478],[-79.3757,43.61466],[-79.37584,43.61454],[-79.37598,43.61441],[-79.37617,43.61438],[-79.37636,43.6144],[-79.37656,43.61444],[-79.37679,43.61442],[-79.377,43.61442],[-79.37723,43.61438],[-79.37745,43.61431],[-79.37765,43.61421],[-79.37783,43.61412],[-79.37804,43.61404],[-79.37826,43.61395],[-79.37849,43.61386],[-79.37872,43.61378],[-79.37894,43.6137],[-79.37921,43.61363],[-79.37947,43.61354],[-79.37971,43.61348],[-79.37993,43.61341],[-79.38013,43.61334],[-79.38032,43.61328],[-79.38049,43.61322],[-79.38058,43.61318],[-79.38079,43.61308],[-79.38096,43.61299],[-79.38115,43.61289],[-79.38136,43.6128],[-79.38155,43.61271],[-79.38173,43.61262],[-79.38188,43.61256],[-79.38205,43.61248],[-79.3822,43.61243],[-79.38209,43.61216],[-79.38245,43.61208],[-79.38291,43.61202],[-79.38339,43.61198],[-79.38378,43.61192],[-79.38403,43.61189],[-79.38452,43.61189],[-79.38461,43.61188],[-79.38477,43.61188],[-79.3849,43.61188],[-79.38505,43.61187],[-79.3852,43.61187],[-79.38534,43.61186],[-79.38562,43.61191],[-79.38576,43.61192],[-79.38617,43.61192],[-79.38658,43.61193],[-79.3869,43.61197],[-79.38729,43.612],[-79.38761,43.61202],[-79.38774,43.61201],[-79.3878,43.61195],[-79.38791,43.61196],[-79.38803,43.612],[-79.38816,43.612],[-79.38832,43.61195],[-79.38835,43.61192],[-79.38825,43.61187],[-79.38823,43.61181],[-79.38842,43.61177],[-79.38862,43.61179],[-79.38885,43.61183],[-79.38887,43.61184],[-79.38901,43.61184],[-79.38916,43.61184],[-79.38929,43.61189],[-79.38938,43.61196],[-79.3894,43.61203],[-79.38948,43.61211],[-79.38959,43.61216],[-79.38978,43.61228],[-79.38996,43.61238],[-79.39014,43.6125],[-79.39032,43.6126],[-79.39053,43.61271],[-79.3907,43.6128],[-79.39088,43.61292],[-79.39106,43.61302],[-79.39126,43.61313],[-79.39144,43.61324],[-79.39157,43.61337],[-79.3917,43.61351],[-79.39178,43.61362],[-79.39187,43.61375],[-79.39194,43.61387],[-79.39202,43.61402],[-79.39206,43.61415],[-79.39213,43.61429],[-79.39215,43.61438],[-79.39212,43.61446],[-79.39198,43.6146],[-79.39188,43.61475],[-79.39183,43.6149],[-79.39185,43.61502],[-79.39196,43.61515],[-79.39199,43.61529],[-79.39192,43.61552],[-79.39182,43.61586],[-79.3918,43.61614],[-79.39185,43.61647],[-79.39196,43.61676],[-79.39225,43.6176],[-79.39233,43.6179],[-79.39243,43.61811],[-79.39274,43.61868],[-79.39278,43.61873],[-79.3929,43.61886],[-79.39303,43.619],[-79.39315,43.61916],[-79.39327,43.61931],[-79.3934,43.61947],[-79.39354,43.61963],[-79.39364,43.61977],[-79.39375,43.61992],[-79.39387,43.62007],[-79.39401,43.6202],[-79.39415,43.62034],[-79.39429,43.62046],[-79.39444,43.62058],[-79.39458,43.6207],[-79.39469,43.62084],[-79.39485,43.62096],[-79.39493,43.62104],[-79.39496,43.62108],[-79.39505,43.62117],[-79.39517,43.62127],[-79.39528,43.62136],[-79.39539,43.62146],[-79.3955,43.62154],[-79.39562,43.62162],[-79.39572,43.62169],[-79.39581,43.62175],[-79.39591,43.62183],[-79.39601,43.6219],[-79.39606,43.62194],[-79.39613,43.622],[-79.39617,43.62203],[-79.39621,43.62206],[-79.39625,43.62209],[-79.39629,43.62212],[-79.39633,43.62216],[-79.39637,43.6222],[-79.39641,43.62225],[-79.39645,43.62228],[-79.39653,43.62233],[-79.39686,43.62248],[-79.39691,43.62253],[-79.397,43.62261],[-79.39715,43.62272],[-79.39717,43.62274],[-79.39731,43.62284],[-79.39749,43.62298],[-79.39764,43.62314],[-79.39775,43.62326],[-79.3979,43.62341],[-79.39806,43.62355],[-79.39822,43.6237],[-79.39841,43.62384],[-79.3986,43.62396],[-79.39878,43.6241],[-79.399,43.62424],[-79.39916,43.62438],[-79.39933,43.62454],[-79.3995,43.62471],[-79.39967,43.62484],[-79.39986,43.62499],[-79.40008,43.62513],[-79.40028,43.62526],[-79.40045,43.6254],[-79.40064,43.62555],[-79.40082,43.62566],[-79.40101,43.6258],[-79.40117,43.62593],[-79.40134,43.62604],[-79.40152,43.62615],[-79.40169,43.62625],[-79.40188,43.62636],[-79.40205,43.62645],[-79.40223,43.62655],[-79.4024,43.62664],[-79.40257,43.62673],[-79.40273,43.62677],[-79.40291,43.62674],[-79.40311,43.62669],[-79.40332,43.62664],[-79.40353,43.6266],[-79.40371,43.62656],[-79.40387,43.62653],[-79.40389,43.62652],[-79.40427,43.62641],[-79.40464,43.62716],[-79.4047,43.62729],[-79.40476,43.62744],[-79.4048,43.62754],[-79.40484,43.62765],[-79.40489,43.62775],[-79.4049,43.62785],[-79.40482,43.62792],[-79.4047,43.62799],[-79.40459,43.62807],[-79.40447,43.62815],[-79.40437,43.62825],[-79.40423,43.62833],[-79.40411,43.62841],[-79.40398,43.6285],[-79.40385,43.62859],[-79.40375,43.62868],[-79.40363,43.62876],[-79.40352,43.62883],[-79.40342,43.6289],[-79.40331,43.62899],[-79.40321,43.62908],[-79.40309,43.62917],[-79.40297,43.62923],[-79.40288,43.62929],[-79.4028,43.62935],[-79.40269,43.62941],[-79.40266,43.62942],[-79.4026,43.62946],[-79.40142,43.63013],[-79.4008,43.63046],[-79.39877,43.63156],[-79.39786,43.63269]]]}},{"type":"Feature","properties":{"num":29,"name":"Toronto-Danforth"},"geometry":{"type":"Polygon","coordinates":[[[-79.37068,43.69081],[-79.37008,43.69139],[-79.37,43.69148],[-79.36932,43.69215],[-79.36837,43.69301],[-79.36688,43.69437],[-79.36353,43.69758],[-79.35884,43.70207],[-79.35876,43.70204],[-79.35866,43.702],[-79.35854,43.70196],[-79.35852,43.70195],[-79.35847,43.70194],[-79.35841,43.70193],[-79.35828,43.70191],[-79.35818,43.7019],[-79.35811,43.7019],[-79.35794,43.70188],[-79.35771,43.70187],[-79.35746,43.70186],[-79.35733,43.70184],[-79.35722,43.70184],[-79.35704,43.70184],[-79.35686,43.70185],[-79.35667,43.70187],[-79.35647,43.70187],[-79.35629,43.70189],[-79.35613,43.70191],[-79.35597,43.70192],[-79.35584,43.70194],[-79.35572,43.70195],[-79.35554,43.70197],[-79.35506,43.70203],[-79.35441,43.70206],[-79.35398,43.70207],[-79.35364,43.70207],[-79.35337,43.70205],[-79.35315,43.70201],[-79.35284,43.70193],[-79.35278,43.7019],[-79.35271,43.70187],[-79.35261,43.70182],[-79.35249,43.70176],[-79.35237,43.70171],[-79.35226,43.70164],[-79.35218,43.70159],[-79.35207,43.70152],[-79.35195,43.70144],[-79.35183,43.70134],[-79.35175,43.70126],[-79.35168,43.70119],[-79.3516,43.70112],[-79.35154,43.70104],[-79.35149,43.70098],[-79.35143,43.7009],[-79.35092,43.7],[-79.35057,43.69942],[-79.35041,43.69966],[-79.35013,43.69987],[-79.34976,43.69994],[-79.34938,43.69999],[-79.34905,43.70002],[-79.34871,43.70001],[-79.34837,43.69994],[-79.3481,43.69977],[-79.34787,43.69957],[-79.34763,43.69935],[-79.34735,43.69916],[-79.34697,43.69902],[-79.34661,43.69896],[-79.34631,43.69882],[-79.34603,43.69865],[-79.34582,43.69849],[-79.34547,43.69837],[-79.34506,43.69831],[-79.3449,43.69831],[-79.34482,43.69829],[-79.34472,43.69828],[-79.34458,43.69827],[-79.34445,43.69828],[-79.34433,43.6983],[-79.34416,43.69835],[-79.34401,43.6984],[-79.34388,43.69844],[-79.34375,43.6985],[-79.34365,43.69856],[-79.34356,43.69862],[-79.34344,43.6987],[-79.3433,43.69882],[-79.34287,43.69904],[-79.34237,43.69914],[-79.34184,43.69925],[-79.34138,43.69948],[-79.34093,43.69974],[-79.34049,43.7],[-79.3401,43.70031],[-79.33973,43.70064],[-79.33944,43.70097],[-79.33909,43.70127],[-79.33865,43.7015],[-79.3382,43.70173],[-79.33771,43.70194],[-79.33725,43.70217],[-79.33692,43.70247],[-79.33659,43.70273],[-79.33617,43.70291],[-79.33573,43.70309],[-79.33542,43.70321],[-79.3349,43.70313],[-79.3347,43.70309],[-79.33452,43.70305],[-79.33416,43.70302],[-79.33379,43.70303],[-79.33344,43.70308],[-79.33321,43.70325],[-79.3331,43.70338],[-79.33309,43.70338],[-79.3329,43.70337],[-79.3326,43.70332],[-79.33249,43.70329],[-79.33236,43.70323],[-79.33223,43.70313],[-79.33212,43.70305],[-79.33199,43.70281],[-79.33189,43.70254],[-79.33187,43.70225],[-79.33182,43.702],[-79.33162,43.70178],[-79.33131,43.70167],[-79.33094,43.70165],[-79.33061,43.70165],[-79.33029,43.70158],[-79.32999,43.70165],[-79.32965,43.70168],[-79.32929,43.70164],[-79.32896,43.70155],[-79.32856,43.70153],[-79.32823,43.70153],[-79.32817,43.70153],[-79.32776,43.70148],[-79.32736,43.70145],[-79.3271,43.70152],[-79.32845,43.69973],[-79.32893,43.69909],[-79.3296,43.69828],[-79.32959,43.69814],[-79.32956,43.69795],[-79.32949,43.69778],[-79.32878,43.69595],[-79.32802,43.69415],[-79.32729,43.69236],[-79.32712,43.69194],[-79.32658,43.6906],[-79.3262,43.68968],[-79.32586,43.68879],[-79.3256,43.68806],[-79.32529,43.68736],[-79.32513,43.68698],[-79.32497,43.68661],[-79.32466,43.6858],[-79.32431,43.68499],[-79.32398,43.68418],[-79.32381,43.68378],[-79.32364,43.68338],[-79.32477,43.68313],[-79.32562,43.68295],[-79.32621,43.68282],[-79.32717,43.6826],[-79.32827,43.68237],[-79.32934,43.68216],[-79.32978,43.68207],[-79.32994,43.68204],[-79.33135,43.68172],[-79.33239,43.68149],[-79.33486,43.68096],[-79.33537,43.68086],[-79.33732,43.68043],[-79.33782,43.68032],[-79.33944,43.68002],[-79.34011,43.6799],[-79.34061,43.6798],[-79.34178,43.67958],[-79.34309,43.67931],[-79.34437,43.67906],[-79.34484,43.67896],[-79.34612,43.67871],[-79.34627,43.67868],[-79.34735,43.67847],[-79.34831,43.67828],[-79.34849,43.67825],[-79.34851,43.67824],[-79.34963,43.67802],[-79.34973,43.678],[-79.35075,43.6778],[-79.35197,43.67757],[-79.35279,43.6774],[-79.35326,43.67731],[-79.35406,43.67716],[-79.35506,43.67695],[-79.35637,43.6767],[-79.35887,43.67621],[-79.35942,43.67611],[-79.36045,43.67591],[-79.36147,43.6757],[-79.36149,43.6757],[-79.36163,43.67568],[-79.36173,43.67566],[-79.36182,43.67565],[-79.36207,43.67561],[-79.36339,43.67533],[-79.36347,43.67541],[-79.36376,43.67566],[-79.36403,43.67595],[-79.36433,43.67624],[-79.36469,43.67647],[-79.36496,43.67674],[-79.36483,43.67702],[-79.36445,43.67724],[-79.36411,43.67749],[-79.36384,43.6778],[-79.3636,43.67807],[-79.3636,43.67844],[-79.36373,43.67881],[-79.36405,43.6791],[-79.36419,43.67921],[-79.36427,43.6792],[-79.36426,43.67919],[-79.36445,43.67904],[-79.36655,43.67857],[-79.36677,43.67852],[-79.36727,43.67914],[-79.36719,43.67918],[-79.36726,43.67926],[-79.36752,43.67959],[-79.3676,43.67983],[-79.36771,43.68016],[-79.36789,43.68069],[-79.36793,43.68094],[-79.36795,43.68119],[-79.36793,43.68128],[-79.36786,43.68151],[-79.36648,43.68407],[-79.36755,43.68657],[-79.36729,43.688],[-79.36729,43.68809],[-79.36728,43.68822],[-79.3673,43.68836],[-79.36733,43.68851],[-79.36737,43.68865],[-79.36741,43.68876],[-79.36748,43.68889],[-79.36753,43.68899],[-79.36763,43.68913],[-79.36773,43.68926],[-79.36787,43.68941],[-79.36802,43.68955],[-79.36822,43.68969],[-79.36835,43.68978],[-79.36858,43.68991],[-79.36891,43.69007],[-79.36916,43.69019],[-79.3695,43.69034],[-79.36999,43.69051],[-79.3706,43.69072],[-79.37068,43.69081]]]}},{"type":"Feature","properties":{"num":30,"name":"Toronto-Danforth"},"geometry":{"type":"Polygon","coordinates":[[[-79.34965,43.6334],[-79.35369,43.63808],[-79.35986,43.64531],[-79.35936,43.64551],[-79.35435,43.64766],[-79.34766,43.65043],[-79.34747,43.65052],[-79.3473,43.65076],[-79.34732,43.65081],[-79.34742,43.651],[-79.3475,43.65111],[-79.34762,43.65127],[-79.34773,43.65143],[-79.34786,43.65159],[-79.348,43.65176],[-79.34814,43.65193],[-79.34818,43.65196],[-79.34865,43.65254],[-79.34952,43.6536],[-79.34953,43.65361],[-79.34966,43.65374],[-79.35084,43.65478],[-79.35174,43.65558],[-79.35198,43.65575],[-79.35207,43.65583],[-79.35215,43.6559],[-79.35225,43.65599],[-79.35234,43.65607],[-79.35242,43.65614],[-79.35252,43.65622],[-79.35261,43.6563],[-79.35269,43.65637],[-79.3528,43.65646],[-79.3529,43.65654],[-79.35294,43.65658],[-79.353,43.65662],[-79.3531,43.65672],[-79.3532,43.6568],[-79.35331,43.65689],[-79.35338,43.65694],[-79.35342,43.65697],[-79.35354,43.65706],[-79.35365,43.65716],[-79.35376,43.65726],[-79.35388,43.65737],[-79.35399,43.65746],[-79.35411,43.65758],[-79.35421,43.65767],[-79.35428,43.6578],[-79.35433,43.65788],[-79.35435,43.65792],[-79.3544,43.65804],[-79.35443,43.65816],[-79.35445,43.65829],[-79.35448,43.65842],[-79.35452,43.65854],[-79.35456,43.65868],[-79.35461,43.6588],[-79.35465,43.65894],[-79.35468,43.65906],[-79.35471,43.6592],[-79.35473,43.65931],[-79.35473,43.65932],[-79.35477,43.65946],[-79.35481,43.65959],[-79.35485,43.65974],[-79.3549,43.65987],[-79.35494,43.66001],[-79.35499,43.66015],[-79.35503,43.66027],[-79.35503,43.66029],[-79.35508,43.66043],[-79.35512,43.66057],[-79.35517,43.66072],[-79.35521,43.66086],[-79.35522,43.66089],[-79.35526,43.66102],[-79.3553,43.66116],[-79.35534,43.66131],[-79.35538,43.66144],[-79.35542,43.66159],[-79.35545,43.66172],[-79.35545,43.66174],[-79.35548,43.66186],[-79.35552,43.662],[-79.35557,43.66215],[-79.35561,43.66228],[-79.35562,43.66229],[-79.35567,43.66242],[-79.35572,43.66258],[-79.35576,43.66271],[-79.35581,43.66287],[-79.35584,43.663],[-79.35586,43.66306],[-79.35588,43.66315],[-79.35592,43.66328],[-79.35596,43.66343],[-79.356,43.66355],[-79.35605,43.66369],[-79.35609,43.66381],[-79.35613,43.66394],[-79.35616,43.66406],[-79.3562,43.66419],[-79.35623,43.6643],[-79.35627,43.66443],[-79.35631,43.66454],[-79.35631,43.66455],[-79.35635,43.66468],[-79.35638,43.6648],[-79.3564,43.66491],[-79.35643,43.66504],[-79.35647,43.66516],[-79.3565,43.66528],[-79.35653,43.6654],[-79.35658,43.66553],[-79.35732,43.6682],[-79.35735,43.66828],[-79.35739,43.66838],[-79.35743,43.66848],[-79.35747,43.66856],[-79.35751,43.66866],[-79.35756,43.66873],[-79.35761,43.6688],[-79.35769,43.66887],[-79.35775,43.66894],[-79.35775,43.66896],[-79.35781,43.66903],[-79.35789,43.66909],[-79.35797,43.66916],[-79.35806,43.66921],[-79.35814,43.66927],[-79.35819,43.6693],[-79.35823,43.66934],[-79.35832,43.6694],[-79.35839,43.66945],[-79.35846,43.66951],[-79.35854,43.66958],[-79.35864,43.66963],[-79.35875,43.66968],[-79.35885,43.66975],[-79.35894,43.66982],[-79.35903,43.66988],[-79.35913,43.66995],[-79.35924,43.67001],[-79.35933,43.67007],[-79.35942,43.67013],[-79.35951,43.67022],[-79.3596,43.67029],[-79.35966,43.67039],[-79.35971,43.67047],[-79.35972,43.67048],[-79.35975,43.67056],[-79.3598,43.67066],[-79.35984,43.67075],[-79.35988,43.67084],[-79.35992,43.67094],[-79.35997,43.67103],[-79.36001,43.67113],[-79.36005,43.67122],[-79.36009,43.67131],[-79.36013,43.6714],[-79.36018,43.67149],[-79.36023,43.67158],[-79.36028,43.67166],[-79.36035,43.67175],[-79.3604,43.67182],[-79.36046,43.6719],[-79.36053,43.67198],[-79.36062,43.67205],[-79.3607,43.67212],[-79.36079,43.67219],[-79.36088,43.67225],[-79.36097,43.67231],[-79.36107,43.67238],[-79.36117,43.67244],[-79.36126,43.6725],[-79.36137,43.67256],[-79.36147,43.67263],[-79.36157,43.67269],[-79.36167,43.67274],[-79.36176,43.67279],[-79.36185,43.67284],[-79.36196,43.67287],[-79.36205,43.67292],[-79.3621,43.67293],[-79.36217,43.67295],[-79.36224,43.67298],[-79.36233,43.67299],[-79.36245,43.67301],[-79.36258,43.67304],[-79.36269,43.67309],[-79.36279,43.67314],[-79.36286,43.67319],[-79.36287,43.6732],[-79.36295,43.67325],[-79.36301,43.67333],[-79.36304,43.67341],[-79.36306,43.67347],[-79.36306,43.67355],[-79.36305,43.67362],[-79.36305,43.67365],[-79.36304,43.6737],[-79.36303,43.67378],[-79.36301,43.67388],[-79.36299,43.67396],[-79.36297,43.67404],[-79.36294,43.67413],[-79.36293,43.67423],[-79.3629,43.67432],[-79.36288,43.67441],[-79.36288,43.6745],[-79.36289,43.67459],[-79.36291,43.67466],[-79.36295,43.67474],[-79.36299,43.67482],[-79.36303,43.67488],[-79.3631,43.67493],[-79.36339,43.67533],[-79.36207,43.67561],[-79.36182,43.67565],[-79.36173,43.67566],[-79.36163,43.67568],[-79.36149,43.6757],[-79.36147,43.6757],[-79.36045,43.67591],[-79.35942,43.67611],[-79.35887,43.67621],[-79.35637,43.6767],[-79.35506,43.67695],[-79.35406,43.67716],[-79.35326,43.67731],[-79.35279,43.6774],[-79.35197,43.67757],[-79.35075,43.6778],[-79.34973,43.678],[-79.34963,43.67802],[-79.34851,43.67824],[-79.34849,43.67825],[-79.34831,43.67828],[-79.34735,43.67847],[-79.34627,43.67868],[-79.34612,43.67871],[-79.34484,43.67896],[-79.34437,43.67906],[-79.34309,43.67931],[-79.34178,43.67958],[-79.34061,43.6798],[-79.34011,43.6799],[-79.33944,43.68002],[-79.33782,43.68032],[-79.33732,43.68043],[-79.33537,43.68086],[-79.33486,43.68096],[-79.33239,43.68149],[-79.33135,43.68172],[-79.32994,43.68204],[-79.32978,43.68207],[-79.32934,43.68216],[-79.32827,43.68237],[-79.32717,43.6826],[-79.32621,43.68282],[-79.32562,43.68295],[-79.32477,43.68313],[-79.32364,43.68338],[-79.32342,43.68285],[-79.32303,43.68192],[-79.32274,43.68123],[-79.32246,43.68053],[-79.32215,43.67984],[-79.32184,43.67912],[-79.32147,43.67818],[-79.32146,43.67815],[-79.3208,43.67654],[-79.32052,43.67585],[-79.3203,43.67535],[-79.32021,43.67508],[-79.31931,43.67292],[-79.3204,43.67268],[-79.32124,43.67248],[-79.32186,43.67232],[-79.32292,43.67209],[-79.32399,43.67185],[-79.32494,43.67162],[-79.32508,43.67159],[-79.32594,43.67141],[-79.32693,43.6712],[-79.32802,43.67093],[-79.32785,43.67053],[-79.32771,43.67019],[-79.32741,43.66946],[-79.32664,43.66761],[-79.32611,43.66632],[-79.32602,43.66611],[-79.32559,43.66507],[-79.32547,43.66479],[-79.32531,43.66441],[-79.32599,43.66423],[-79.32622,43.66418],[-79.32735,43.66392],[-79.32788,43.66382],[-79.32791,43.66381],[-79.329,43.66354],[-79.33023,43.66325],[-79.33003,43.66281],[-79.32999,43.66272],[-79.32974,43.66212],[-79.32948,43.66156],[-79.3293,43.66112],[-79.32906,43.66056],[-79.3286,43.65952],[-79.32844,43.65925],[-79.32843,43.65922],[-79.32835,43.65905],[-79.3283,43.659],[-79.32822,43.65889],[-79.32786,43.65844],[-79.32709,43.65746],[-79.32634,43.65652],[-79.32411,43.65386],[-79.32307,43.6526],[-79.323,43.65251],[-79.32297,43.65246],[-79.32296,43.6524],[-79.3228,43.65222],[-79.32227,43.65157],[-79.32212,43.65139],[-79.32162,43.6508],[-79.32157,43.65074],[-79.32153,43.65068],[-79.32149,43.6506],[-79.32014,43.64895],[-79.32017,43.64887],[-79.3202,43.64856],[-79.32021,43.64842],[-79.32015,43.6483],[-79.32002,43.64825],[-79.31991,43.64816],[-79.31988,43.64803],[-79.31994,43.6479],[-79.31999,43.64764],[-79.32003,43.64738],[-79.32007,43.64698],[-79.32005,43.64674],[-79.32002,43.64659],[-79.31995,43.64644],[-79.31989,43.64628],[-79.31977,43.6462],[-79.31959,43.64615],[-79.3196,43.64608],[-79.31971,43.64596],[-79.31985,43.64585],[-79.31998,43.64577],[-79.32013,43.64569],[-79.32023,43.64567],[-79.32034,43.64555],[-79.32039,43.6454],[-79.32045,43.64525],[-79.32051,43.64509],[-79.32054,43.64493],[-79.32058,43.64482],[-79.32066,43.64462],[-79.32077,43.64434],[-79.32119,43.64254],[-79.32121,43.64243],[-79.32122,43.64232],[-79.3212,43.64224],[-79.32113,43.64215],[-79.32098,43.64209],[-79.32081,43.64204],[-79.32071,43.64196],[-79.32064,43.64184],[-79.32065,43.64175],[-79.32073,43.64164],[-79.32086,43.64151],[-79.32099,43.64142],[-79.3211,43.64134],[-79.32119,43.64126],[-79.32127,43.64113],[-79.32129,43.64106],[-79.32134,43.64092],[-79.32142,43.64078],[-79.32151,43.64066],[-79.32157,43.64053],[-79.32161,43.64039],[-79.32168,43.64027],[-79.32172,43.64013],[-79.32177,43.63999],[-79.32183,43.63986],[-79.32187,43.6397],[-79.32191,43.63959],[-79.32195,43.63944],[-79.32202,43.63929],[-79.32206,43.63913],[-79.32212,43.63897],[-79.32216,43.63881],[-79.3222,43.63865],[-79.32224,43.63849],[-79.32228,43.63833],[-79.32232,43.63816],[-79.32237,43.63801],[-79.32242,43.63783],[-79.32246,43.63766],[-79.3225,43.6375],[-79.32253,43.63734],[-79.32257,43.63717],[-79.32261,43.63701],[-79.32266,43.63685],[-79.32271,43.63668],[-79.32276,43.63651],[-79.32281,43.63635],[-79.32285,43.63618],[-79.32289,43.63602],[-79.32293,43.63587],[-79.32295,43.63572],[-79.32301,43.63557],[-79.32307,43.63542],[-79.32312,43.63526],[-79.32313,43.6351],[-79.32314,43.63495],[-79.32314,43.63479],[-79.32312,43.63465],[-79.32308,43.6345],[-79.323,43.63438],[-79.32289,43.63427],[-79.32278,43.63418],[-79.32264,43.63409],[-79.32252,43.63399],[-79.32238,43.63389],[-79.32221,43.63382],[-79.32205,43.63374],[-79.32186,43.63367],[-79.3217,43.63361],[-79.32154,43.63355],[-79.32144,43.63347],[-79.32143,43.63339],[-79.32149,43.63331],[-79.32157,43.63322],[-79.32163,43.63308],[-79.32177,43.63304],[-79.32198,43.63299],[-79.3221,43.63293],[-79.32222,43.63286],[-79.32232,43.63274],[-79.32237,43.63259],[-79.32241,43.63245],[-79.32246,43.63229],[-79.32252,43.63214],[-79.32256,43.63199],[-79.3226,43.63185],[-79.32266,43.63169],[-79.32272,43.63154],[-79.32275,43.63138],[-79.32277,43.63122],[-79.3228,43.63106],[-79.32283,43.63092],[-79.32286,43.63076],[-79.32287,43.63061],[-79.32289,43.63045],[-79.32289,43.63031],[-79.32286,43.63016],[-79.32282,43.63003],[-79.32277,43.62991],[-79.32268,43.62982],[-79.32258,43.62974],[-79.32248,43.62969],[-79.32236,43.62959],[-79.32235,43.62946],[-79.32235,43.62936],[-79.3224,43.62922],[-79.32252,43.62906],[-79.32265,43.62903],[-79.32277,43.62897],[-79.32289,43.62887],[-79.32296,43.62873],[-79.323,43.62857],[-79.32303,43.62842],[-79.32308,43.62826],[-79.3231,43.62811],[-79.32314,43.62794],[-79.32317,43.62778],[-79.32319,43.62762],[-79.3232,43.62746],[-79.32324,43.62731],[-79.32328,43.62716],[-79.32328,43.62701],[-79.32328,43.62686],[-79.32327,43.62672],[-79.32323,43.62657],[-79.3232,43.62644],[-79.32313,43.62631],[-79.32301,43.62623],[-79.32289,43.62615],[-79.3228,43.62608],[-79.32279,43.626],[-79.32281,43.62595],[-79.32284,43.6259],[-79.32288,43.62587],[-79.32286,43.62584],[-79.32284,43.6258],[-79.32286,43.62576],[-79.32291,43.6257],[-79.32304,43.62559],[-79.32315,43.62548],[-79.32323,43.62535],[-79.32328,43.62519],[-79.32332,43.62502],[-79.32336,43.62485],[-79.3234,43.62465],[-79.32346,43.62447],[-79.32352,43.62425],[-79.32361,43.62379],[-79.32359,43.62357],[-79.32366,43.62312],[-79.32357,43.62294],[-79.32332,43.62284],[-79.3231,43.6227],[-79.32299,43.6225],[-79.32299,43.6224],[-79.32304,43.6223],[-79.32318,43.62223],[-79.3235,43.62218],[-79.32369,43.6221],[-79.32383,43.62191],[-79.32392,43.62165],[-79.32406,43.62086],[-79.32426,43.61889],[-79.32423,43.61837],[-79.32411,43.61814],[-79.32391,43.61796],[-79.32323,43.61762],[-79.3232,43.61757],[-79.32322,43.61745],[-79.32339,43.61725],[-79.32351,43.61717],[-79.3237,43.61711],[-79.32383,43.61714],[-79.32443,43.61741],[-79.32507,43.61775],[-79.3254,43.61779],[-79.3257,43.61778],[-79.32625,43.61766],[-79.32649,43.61756],[-79.32679,43.61748],[-79.32701,43.61757],[-79.32714,43.6177],[-79.32707,43.61786],[-79.32689,43.61797],[-79.32632,43.61812],[-79.32585,43.61838],[-79.32565,43.61853],[-79.32545,43.6189],[-79.3253,43.61907],[-79.32506,43.61943],[-79.32503,43.61962],[-79.32511,43.6202],[-79.32502,43.62062],[-79.32484,43.62102],[-79.32478,43.6214],[-79.32483,43.62159],[-79.32548,43.62199],[-79.32574,43.62206],[-79.32604,43.62209],[-79.32657,43.62208],[-79.32717,43.62194],[-79.32838,43.62178],[-79.32866,43.62171],[-79.32883,43.6216],[-79.32883,43.62121],[-79.32874,43.62101],[-79.32807,43.62049],[-79.32779,43.62038],[-79.32713,43.61999],[-79.32694,43.6198],[-79.32687,43.61961],[-79.3269,43.61943],[-79.32698,43.61925],[-79.32725,43.61913],[-79.32758,43.61913],[-79.3279,43.61925],[-79.32832,43.61956],[-79.3291,43.61984],[-79.32952,43.6201],[-79.33012,43.62024],[-79.33044,43.62026],[-79.33091,43.62022],[-79.33209,43.62035],[-79.33271,43.62036],[-79.33307,43.6203],[-79.33388,43.62001],[-79.33448,43.61984],[-79.3348,43.6196],[-79.33506,43.61947],[-79.33535,43.61946],[-79.33568,43.61948],[-79.3359,43.61955],[-79.33608,43.61965],[-79.33617,43.61976],[-79.33623,43.61996],[-79.33613,43.62011],[-79.33589,43.62034],[-79.33566,43.62065],[-79.33545,43.62084],[-79.3353,43.62104],[-79.33559,43.62115],[-79.33598,43.62138],[-79.33605,43.6214],[-79.33633,43.62129],[-79.33647,43.62129],[-79.33696,43.62138],[-79.33713,43.62122],[-79.33725,43.62103],[-79.33755,43.61988],[-79.33751,43.61965],[-79.33753,43.61942],[-79.33772,43.61925],[-79.33803,43.61919],[-79.33835,43.61923],[-79.33873,43.61949],[-79.33902,43.61951],[-79.33987,43.61947],[-79.3401,43.61939],[-79.3403,43.61924],[-79.34083,43.61894],[-79.34151,43.61833],[-79.34227,43.6172],[-79.34262,43.61626],[-79.34258,43.61604],[-79.34245,43.61583],[-79.34225,43.61567],[-79.3418,43.61541],[-79.34184,43.6152],[-79.34226,43.61483],[-79.34242,43.61463],[-79.3427,43.6139],[-79.34279,43.6134],[-79.34291,43.61317],[-79.34314,43.61305],[-79.34343,43.61302],[-79.34368,43.6131],[-79.34382,43.61324],[-79.34392,43.61342],[-79.34396,43.61384],[-79.34383,43.61487],[-79.3437,43.61534],[-79.34369,43.61623],[-79.34377,43.61674],[-79.34436,43.61773],[-79.34446,43.61781],[-79.3446,43.61785],[-79.34469,43.61792],[-79.34468,43.61803],[-79.34445,43.61836],[-79.34405,43.61871],[-79.34389,43.6189],[-79.34355,43.61952],[-79.34345,43.61973],[-79.34336,43.62014],[-79.34338,43.62036],[-79.34356,43.62076],[-79.34442,43.62164],[-79.3445,43.6217],[-79.34459,43.62171],[-79.34483,43.62162],[-79.34493,43.62162],[-79.34495,43.62167],[-79.34491,43.62174],[-79.34479,43.62184],[-79.34466,43.62189],[-79.34416,43.62206],[-79.34389,43.62212],[-79.34332,43.6221],[-79.34309,43.62201],[-79.34307,43.62194],[-79.34319,43.62185],[-79.34324,43.62176],[-79.34325,43.62158],[-79.34297,43.62104],[-79.34281,43.62045],[-79.34278,43.62025],[-79.34281,43.62005],[-79.34288,43.61987],[-79.34285,43.61968],[-79.34272,43.61952],[-79.34246,43.61943],[-79.34213,43.61937],[-79.34123,43.61951],[-79.34069,43.61973],[-79.34045,43.61988],[-79.34005,43.62019],[-79.33975,43.62052],[-79.33965,43.6207],[-79.33965,43.62088],[-79.33976,43.62122],[-79.33988,43.62138],[-79.34006,43.6215],[-79.34058,43.62166],[-79.34096,43.62188],[-79.34112,43.62201],[-79.34122,43.62216],[-79.34131,43.62249],[-79.34212,43.62277],[-79.34239,43.62284],[-79.34258,43.62275],[-79.34279,43.62279],[-79.343,43.62291],[-79.34319,43.62306],[-79.3433,43.62324],[-79.34326,43.62343],[-79.343,43.62353],[-79.34237,43.62355],[-79.34212,43.62362],[-79.34192,43.62379],[-79.34179,43.62397],[-79.34172,43.62435],[-79.34179,43.6245],[-79.34171,43.62461],[-79.34109,43.62459],[-79.34111,43.62447],[-79.34125,43.62446],[-79.34129,43.62443],[-79.34111,43.62415],[-79.34079,43.62382],[-79.34056,43.62367],[-79.3403,43.62355],[-79.33986,43.62326],[-79.33945,43.6229],[-79.33931,43.62272],[-79.33901,43.62214],[-79.33872,43.62207],[-79.33839,43.6221],[-79.33814,43.62221],[-79.33799,43.62239],[-79.33758,43.62272],[-79.33747,43.62308],[-79.33743,43.62359],[-79.33708,43.62395],[-79.33694,43.62416],[-79.33675,43.62455],[-79.3367,43.62475],[-79.33671,43.62495],[-79.33683,43.62536],[-79.33701,43.62551],[-79.33735,43.62565],[-79.3375,43.62575],[-79.33784,43.62635],[-79.33797,43.62639],[-79.33816,43.62652],[-79.33826,43.62668],[-79.33845,43.62699],[-79.33855,43.62736],[-79.33879,43.62798],[-79.33921,43.6289],[-79.33942,43.62923],[-79.33965,43.62921],[-79.33991,43.62912],[-79.34,43.62915],[-79.33995,43.62922],[-79.33961,43.62934],[-79.33937,43.62936],[-79.3387,43.62906],[-79.33841,43.62904],[-79.33763,43.62908],[-79.33746,43.62901],[-79.33741,43.62896],[-79.33753,43.62886],[-79.338,43.62882],[-79.33818,43.62877],[-79.33853,43.62867],[-79.33868,43.62854],[-79.33868,43.62838],[-79.33852,43.62832],[-79.33817,43.62861],[-79.33796,43.62874],[-79.33772,43.62878],[-79.33751,43.6287],[-79.3376,43.6286],[-79.33861,43.62816],[-79.33855,43.62807],[-79.33858,43.62797],[-79.33783,43.62834],[-79.33769,43.62847],[-79.33753,43.62854],[-79.33741,43.62803],[-79.33733,43.62783],[-79.33689,43.62752],[-79.33654,43.62749],[-79.33591,43.62758],[-79.33527,43.62753],[-79.33499,43.62744],[-79.33488,43.62729],[-79.33491,43.62709],[-79.33511,43.62689],[-79.33561,43.62655],[-79.33576,43.62636],[-79.33572,43.62618],[-79.33543,43.6257],[-79.33512,43.62541],[-79.33487,43.62526],[-79.33459,43.62517],[-79.33428,43.62513],[-79.33422,43.62527],[-79.33423,43.62545],[-79.33414,43.6256],[-79.33393,43.62571],[-79.33367,43.62572],[-79.33317,43.62585],[-79.33267,43.62585],[-79.33244,43.62596],[-79.33215,43.62618],[-79.3318,43.626],[-79.33131,43.6258],[-79.33133,43.62572],[-79.33153,43.62566],[-79.33177,43.62563],[-79.33198,43.62554],[-79.33213,43.62533],[-79.33229,43.62511],[-79.33258,43.62469],[-79.33272,43.62447],[-79.33284,43.62426],[-79.33296,43.62407],[-79.33305,43.62386],[-79.33314,43.62365],[-79.33322,43.62344],[-79.33327,43.62323],[-79.33335,43.62302],[-79.33331,43.62282],[-79.33333,43.62262],[-79.33325,43.62242],[-79.33304,43.6223],[-79.33271,43.62227],[-79.33239,43.62224],[-79.33205,43.62221],[-79.33172,43.62224],[-79.33137,43.62228],[-79.33103,43.62232],[-79.33067,43.62234],[-79.33031,43.62237],[-79.32994,43.6224],[-79.32957,43.62245],[-79.3292,43.62246],[-79.32884,43.62248],[-79.32851,43.62253],[-79.3282,43.62258],[-79.32785,43.62263],[-79.32749,43.62265],[-79.32715,43.62265],[-79.3268,43.62265],[-79.32642,43.62264],[-79.32606,43.62264],[-79.3257,43.62263],[-79.32534,43.62262],[-79.325,43.62263],[-79.32468,43.6226],[-79.32444,43.62268],[-79.32428,43.62285],[-79.3242,43.62304],[-79.32418,43.62326],[-79.32414,43.62349],[-79.32414,43.62371],[-79.32412,43.62393],[-79.32408,43.62416],[-79.32409,43.62439],[-79.32404,43.62462],[-79.32399,43.62483],[-79.32397,43.62504],[-79.32399,43.62526],[-79.324,43.62549],[-79.32404,43.62568],[-79.32418,43.62584],[-79.32446,43.62597],[-79.3247,43.62612],[-79.32495,43.62625],[-79.32524,43.62639],[-79.32557,43.62649],[-79.32591,43.62656],[-79.32626,43.62662],[-79.32659,43.62667],[-79.3269,43.62678],[-79.32718,43.62688],[-79.32728,43.62705],[-79.32733,43.62724],[-79.32711,43.62732],[-79.32683,43.62728],[-79.32656,43.6272],[-79.32627,43.62711],[-79.32601,43.62701],[-79.32573,43.62691],[-79.32545,43.62684],[-79.32518,43.62676],[-79.32489,43.62668],[-79.3246,43.62657],[-79.32432,43.62645],[-79.32404,43.62639],[-79.32385,43.62645],[-79.32377,43.62666],[-79.32375,43.62688],[-79.32374,43.62712],[-79.32375,43.62735],[-79.32374,43.62756],[-79.32375,43.62763],[-79.32376,43.62769],[-79.32375,43.62777],[-79.32374,43.62781],[-79.32374,43.62792],[-79.32373,43.62803],[-79.32371,43.62817],[-79.32369,43.62828],[-79.32367,43.6284],[-79.32366,43.62853],[-79.32364,43.62864],[-79.32363,43.62876],[-79.3236,43.62887],[-79.32358,43.62898],[-79.32357,43.62909],[-79.32358,43.62918],[-79.32363,43.62928],[-79.32364,43.62936],[-79.32363,43.62941],[-79.32362,43.62944],[-79.32362,43.62953],[-79.32366,43.62961],[-79.32372,43.62967],[-79.32382,43.62971],[-79.32395,43.62974],[-79.32409,43.62975],[-79.32422,43.62976],[-79.32434,43.62973],[-79.3244,43.62967],[-79.32448,43.62959],[-79.32458,43.62953],[-79.32471,43.62948],[-79.32484,43.62946],[-79.32498,43.62945],[-79.3251,43.62942],[-79.32515,43.62937],[-79.32523,43.62932],[-79.32534,43.62929],[-79.32546,43.62932],[-79.32558,43.62936],[-79.32565,43.62943],[-79.32572,43.6295],[-79.3257,43.62957],[-79.32561,43.62963],[-79.32545,43.62968],[-79.3253,43.62973],[-79.32515,43.62977],[-79.325,43.62981],[-79.32485,43.62985],[-79.3247,43.62989],[-79.32457,43.62993],[-79.32444,43.62997],[-79.32432,43.63003],[-79.32419,43.63007],[-79.32408,43.63013],[-79.32398,43.63019],[-79.32393,43.63026],[-79.32385,43.63035],[-79.32376,43.63044],[-79.32367,43.63051],[-79.3236,43.63059],[-79.32355,43.63068],[-79.32356,43.63077],[-79.32359,43.63083],[-79.32362,43.63088],[-79.32363,43.63093],[-79.32364,43.63101],[-79.32365,43.6311],[-79.32368,43.63119],[-79.3237,43.6313],[-79.32365,43.6314],[-79.32357,43.6315],[-79.32348,43.63159],[-79.32342,43.63169],[-79.32336,43.63179],[-79.32331,43.63189],[-79.32328,43.63201],[-79.32324,43.63211],[-79.32321,43.63223],[-79.32318,43.63235],[-79.32315,43.63245],[-79.32312,43.63256],[-79.3231,43.63264],[-79.32307,43.6327],[-79.32306,43.63274],[-79.32303,43.63283],[-79.323,43.63294],[-79.32298,43.63303],[-79.32298,43.63313],[-79.323,43.63323],[-79.32302,43.63332],[-79.32305,43.63339],[-79.32314,43.63339],[-79.32326,43.63339],[-79.3234,43.63339],[-79.32354,43.63341],[-79.32367,43.63344],[-79.32381,43.63348],[-79.32394,43.63351],[-79.32407,43.63354],[-79.32415,43.6335],[-79.32424,43.63343],[-79.32434,43.63336],[-79.32442,43.63325],[-79.32449,43.63315],[-79.32459,43.63306],[-79.32467,43.63296],[-79.32476,43.63287],[-79.32483,43.63281],[-79.32489,43.63274],[-79.32496,43.63267],[-79.32503,43.6326],[-79.32511,43.63252],[-79.32521,43.63238],[-79.32534,43.63227],[-79.32548,43.63211],[-79.32562,43.63194],[-79.32576,43.63175],[-79.32591,43.63157],[-79.32604,43.63138],[-79.32621,43.63121],[-79.32638,43.63102],[-79.32658,43.63085],[-79.32673,43.63065],[-79.32688,43.63047],[-79.327,43.63028],[-79.32715,43.6301],[-79.3273,43.62992],[-79.32739,43.62975],[-79.3274,43.62958],[-79.32731,43.62947],[-79.32704,43.62942],[-79.32675,43.62943],[-79.32652,43.62938],[-79.32652,43.6292],[-79.32671,43.62904],[-79.32693,43.62901],[-79.32713,43.62909],[-79.32739,43.62911],[-79.32763,43.62906],[-79.3278,43.62901],[-79.32783,43.62891],[-79.32788,43.62886],[-79.32797,43.62878],[-79.32809,43.62862],[-79.32821,43.62846],[-79.32826,43.62825],[-79.32832,43.62806],[-79.32821,43.62789],[-79.32804,43.62773],[-79.32794,43.62756],[-79.32818,43.62744],[-79.32845,43.62739],[-79.32871,43.62746],[-79.32902,43.6275],[-79.32933,43.62751],[-79.32959,43.62742],[-79.32981,43.62727],[-79.33004,43.62712],[-79.33024,43.62696],[-79.33042,43.62678],[-79.33053,43.6266],[-79.33065,43.62642],[-79.33076,43.62625],[-79.33089,43.62611],[-79.33101,43.6262],[-79.33112,43.62628],[-79.33127,43.62639],[-79.33149,43.62652],[-79.33176,43.62664],[-79.33188,43.62671],[-79.33182,43.6268],[-79.33163,43.62677],[-79.33147,43.6268],[-79.33146,43.62696],[-79.3315,43.6271],[-79.33147,43.62728],[-79.33135,43.62742],[-79.33122,43.62756],[-79.33109,43.62768],[-79.33091,43.62777],[-79.33081,43.62785],[-79.3307,43.628],[-79.33063,43.62813],[-79.33042,43.62814],[-79.33024,43.62821],[-79.33006,43.62833],[-79.32991,43.62849],[-79.32978,43.62867],[-79.32971,43.62887],[-79.3296,43.62906],[-79.32951,43.62926],[-79.32939,43.62945],[-79.32926,43.62964],[-79.3291,43.62982],[-79.32895,43.63],[-79.3288,43.63019],[-79.32871,43.63037],[-79.32867,43.63057],[-79.32865,43.63072],[-79.3287,43.63087],[-79.32886,43.63095],[-79.32912,43.63102],[-79.32937,43.6311],[-79.32963,43.63118],[-79.32987,43.63124],[-79.33015,43.63125],[-79.33042,43.63123],[-79.33067,43.63125],[-79.33095,43.63125],[-79.33123,43.63126],[-79.33148,43.63122],[-79.3316,43.63108],[-79.33167,43.63092],[-79.33182,43.63076],[-79.33181,43.63064],[-79.33192,43.63049],[-79.33218,43.63044],[-79.33242,43.63046],[-79.33243,43.63037],[-79.33244,43.63021],[-79.33263,43.63016],[-79.33271,43.63026],[-79.33259,43.63041],[-79.33252,43.63052],[-79.33261,43.63063],[-79.33285,43.6307],[-79.33312,43.63069],[-79.3334,43.63064],[-79.33364,43.63055],[-79.33381,43.63043],[-79.33395,43.6303],[-79.33387,43.63016],[-79.33379,43.62998],[-79.33371,43.62979],[-79.33372,43.62962],[-79.33393,43.62947],[-79.33415,43.62938],[-79.33441,43.62941],[-79.33459,43.6295],[-79.33478,43.62963],[-79.33501,43.6297],[-79.33526,43.62969],[-79.3355,43.6296],[-79.33571,43.62947],[-79.33593,43.62934],[-79.33613,43.6292],[-79.33631,43.62917],[-79.33648,43.62924],[-79.33662,43.62935],[-79.33664,43.62948],[-79.33655,43.62964],[-79.33647,43.62979],[-79.33635,43.62994],[-79.3362,43.63004],[-79.33603,43.63014],[-79.33592,43.63028],[-79.33584,43.63043],[-79.33568,43.63057],[-79.33547,43.6307],[-79.33525,43.63084],[-79.33501,43.63092],[-79.33483,43.63104],[-79.33477,43.63119],[-79.33472,43.63135],[-79.33463,43.63149],[-79.33451,43.63158],[-79.33429,43.63157],[-79.33409,43.63151],[-79.33384,43.63149],[-79.33363,43.63149],[-79.33344,43.63154],[-79.33324,43.63164],[-79.33307,43.63175],[-79.33285,43.63185],[-79.3326,43.63194],[-79.33236,43.632],[-79.33211,43.63208],[-79.33185,43.63216],[-79.33163,43.63223],[-79.33141,43.6323],[-79.3312,43.6324],[-79.33107,43.63253],[-79.33088,43.63264],[-79.33065,43.63272],[-79.3304,43.63277],[-79.33016,43.63285],[-79.32993,43.63294],[-79.3297,43.63301],[-79.32946,43.63307],[-79.32919,43.63308],[-79.32894,43.63312],[-79.32871,43.63317],[-79.32866,43.63311],[-79.32879,43.633],[-79.32894,43.63286],[-79.32906,43.63271],[-79.32918,43.63256],[-79.32926,43.63243],[-79.32924,43.63228],[-79.32916,43.63215],[-79.32898,43.63205],[-79.32875,43.632],[-79.32851,43.63198],[-79.32826,43.63194],[-79.32804,43.63188],[-79.3278,43.6318],[-79.32756,43.63173],[-79.32728,43.63168],[-79.32699,43.63165],[-79.32676,43.63168],[-79.3266,43.63178],[-79.32648,43.63192],[-79.32642,43.63205],[-79.32641,43.63218],[-79.3264,43.63231],[-79.32643,43.63243],[-79.32646,43.63255],[-79.32642,43.63267],[-79.32631,43.63279],[-79.32618,43.6329],[-79.32603,43.63303],[-79.32592,43.63316],[-79.32581,43.63329],[-79.3257,43.63341],[-79.32558,43.63353],[-79.3255,43.63367],[-79.32541,43.6338],[-79.32542,43.63397],[-79.32545,43.63409],[-79.32551,43.63424],[-79.32557,43.6344],[-79.32567,43.63454],[-79.3258,43.63468],[-79.32593,43.6348],[-79.3261,43.63489],[-79.32624,43.6349],[-79.32625,43.635],[-79.32622,43.63511],[-79.32622,43.63522],[-79.32622,43.63535],[-79.32621,43.63547],[-79.32609,43.63573],[-79.32594,43.63578],[-79.32573,43.63582],[-79.32552,43.63584],[-79.32532,43.63589],[-79.32511,43.63603],[-79.32496,43.6361],[-79.32485,43.63618],[-79.32471,43.63628],[-79.3246,43.63636],[-79.32447,43.63647],[-79.32437,43.63659],[-79.3243,43.63671],[-79.3242,43.63683],[-79.3241,43.63695],[-79.32397,43.63705],[-79.32383,43.63714],[-79.32372,43.63723],[-79.32363,43.63737],[-79.32353,43.63747],[-79.3234,43.63754],[-79.32334,43.63765],[-79.32327,43.63778],[-79.32319,43.6379],[-79.3231,43.63802],[-79.32303,43.63816],[-79.32298,43.63829],[-79.32298,43.63845],[-79.32296,43.63858],[-79.32299,43.63873],[-79.323,43.63884],[-79.323,43.63899],[-79.32294,43.63912],[-79.32289,43.63925],[-79.32285,43.63938],[-79.32281,43.63951],[-79.32279,43.63965],[-79.32275,43.63977],[-79.32274,43.63989],[-79.3227,43.64001],[-79.3227,43.6401],[-79.32269,43.64024],[-79.32265,43.64036],[-79.3226,43.64048],[-79.32261,43.64061],[-79.32262,43.64071],[-79.32264,43.64084],[-79.32263,43.64096],[-79.32262,43.64109],[-79.32263,43.64122],[-79.32255,43.64131],[-79.32244,43.64139],[-79.32236,43.64147],[-79.32232,43.64157],[-79.3223,43.64168],[-79.32228,43.6418],[-79.32224,43.6419],[-79.32222,43.64203],[-79.32219,43.64217],[-79.32214,43.64229],[-79.32211,43.64243],[-79.32211,43.64254],[-79.32211,43.64266],[-79.32208,43.64278],[-79.32203,43.64288],[-79.32199,43.643],[-79.32198,43.6431],[-79.32198,43.6432],[-79.32195,43.64331],[-79.32189,43.64342],[-79.32186,43.64351],[-79.32182,43.64361],[-79.32176,43.64369],[-79.32175,43.64376],[-79.32175,43.64384],[-79.32176,43.64394],[-79.32172,43.64405],[-79.32168,43.64414],[-79.32166,43.64425],[-79.32165,43.64436],[-79.32163,43.64445],[-79.32161,43.64454],[-79.3216,43.64462],[-79.32158,43.64468],[-79.32158,43.64473],[-79.32166,43.64476],[-79.32168,43.64477],[-79.32169,43.64483],[-79.32432,43.64522],[-79.32458,43.64441],[-79.32446,43.64426],[-79.32533,43.64228],[-79.3263,43.64081],[-79.32545,43.64049],[-79.32543,43.64049],[-79.32536,43.64046],[-79.32528,43.64041],[-79.32518,43.64038],[-79.32509,43.64033],[-79.32499,43.64029],[-79.32487,43.64024],[-79.32475,43.64021],[-79.32469,43.64016],[-79.32471,43.64008],[-79.32479,43.64002],[-79.32486,43.63995],[-79.32496,43.63991],[-79.32506,43.63991],[-79.32517,43.63996],[-79.32527,43.64],[-79.32538,43.64004],[-79.32549,43.64007],[-79.32559,43.64008],[-79.32571,43.64013],[-79.32584,43.64019],[-79.32597,43.64023],[-79.3261,43.64026],[-79.32624,43.64029],[-79.32636,43.64035],[-79.32647,43.64042],[-79.3266,43.64047],[-79.32671,43.64044],[-79.32679,43.64037],[-79.32686,43.64028],[-79.32693,43.64018],[-79.327,43.64008],[-79.32707,43.63998],[-79.32714,43.63987],[-79.32723,43.63977],[-79.32733,43.6397],[-79.32743,43.63961],[-79.32752,43.63951],[-79.32758,43.63941],[-79.32766,43.63932],[-79.32773,43.63923],[-79.32782,43.63913],[-79.32792,43.63904],[-79.32803,43.63896],[-79.32813,43.63888],[-79.32822,43.63879],[-79.32831,43.63869],[-79.32839,43.63859],[-79.32847,43.6385],[-79.32857,43.63841],[-79.32866,43.63833],[-79.32874,43.63825],[-79.32882,43.63817],[-79.32882,43.6381],[-79.32877,43.63802],[-79.32864,43.63793],[-79.32849,43.63781],[-79.32842,43.63769],[-79.3285,43.63754],[-79.32863,43.63741],[-79.3288,43.63732],[-79.32893,43.63727],[-79.32908,43.63719],[-79.32922,43.63712],[-79.32938,43.63708],[-79.32948,43.63708],[-79.32959,43.63715],[-79.32971,43.63729],[-79.32984,43.63744],[-79.32999,43.63758],[-79.3301,43.6377],[-79.33019,43.63776],[-79.33026,43.63782],[-79.33031,43.63788],[-79.33032,43.63798],[-79.33029,43.63806],[-79.33028,43.63814],[-79.33029,43.6382],[-79.33033,43.63827],[-79.33047,43.63835],[-79.33066,43.63847],[-79.33088,43.63855],[-79.33104,43.63862],[-79.33104,43.63868],[-79.33099,43.63871],[-79.33088,43.63872],[-79.33069,43.63872],[-79.33056,43.63873],[-79.33048,43.63875],[-79.3304,43.63878],[-79.33032,43.63883],[-79.3302,43.63886],[-79.3301,43.63889],[-79.33,43.63894],[-79.32992,43.639],[-79.32984,43.63906],[-79.32979,43.63913],[-79.32977,43.63922],[-79.3298,43.63935],[-79.32986,43.63946],[-79.32993,43.63961],[-79.32996,43.63967],[-79.32993,43.63974],[-79.32985,43.63978],[-79.32969,43.63978],[-79.32943,43.63984],[-79.32914,43.63996],[-79.32898,43.64006],[-79.32878,43.64022],[-79.32869,43.64035],[-79.32861,43.64051],[-79.32856,43.64066],[-79.32863,43.64073],[-79.32869,43.64075],[-79.32873,43.64079],[-79.32874,43.64082],[-79.32871,43.64084],[-79.32859,43.64086],[-79.32851,43.64086],[-79.32835,43.64087],[-79.32816,43.6409],[-79.32804,43.64095],[-79.32786,43.64107],[-79.32776,43.64115],[-79.32765,43.64126],[-79.32753,43.64144],[-79.32746,43.64168],[-79.32747,43.64191],[-79.32757,43.64202],[-79.32757,43.64213],[-79.32753,43.64218],[-79.32745,43.64222],[-79.32737,43.64226],[-79.32731,43.64232],[-79.32727,43.64239],[-79.32723,43.64246],[-79.32719,43.64252],[-79.32715,43.64267],[-79.3271,43.64282],[-79.32711,43.64299],[-79.32721,43.64317],[-79.32738,43.64335],[-79.32751,43.64347],[-79.32778,43.6436],[-79.32813,43.64368],[-79.32831,43.64371],[-79.32848,43.64375],[-79.32867,43.64378],[-79.32871,43.64387],[-79.32865,43.64393],[-79.3285,43.64398],[-79.32836,43.64399],[-79.32813,43.64396],[-79.32761,43.64389],[-79.32729,43.64386],[-79.32722,43.64386],[-79.32712,43.64389],[-79.32704,43.64393],[-79.32694,43.64395],[-79.32683,43.64398],[-79.32674,43.64403],[-79.32668,43.64411],[-79.32666,43.64419],[-79.32658,43.64426],[-79.32649,43.64435],[-79.3264,43.64442],[-79.32633,43.6445],[-79.32623,43.64459],[-79.32614,43.64467],[-79.32607,43.64475],[-79.32598,43.64483],[-79.3259,43.64492],[-79.32585,43.64499],[-79.32579,43.64507],[-79.32572,43.64515],[-79.32565,43.64524],[-79.32558,43.64531],[-79.3255,43.64539],[-79.32543,43.64546],[-79.32536,43.64552],[-79.32534,43.64558],[-79.32534,43.64566],[-79.3254,43.64576],[-79.32552,43.64595],[-79.32562,43.64612],[-79.32572,43.64628],[-79.32578,43.64646],[-79.32581,43.64659],[-79.32584,43.64671],[-79.32584,43.64682],[-79.32591,43.64689],[-79.32601,43.64692],[-79.32611,43.64691],[-79.32628,43.6469],[-79.32643,43.64692],[-79.32658,43.64697],[-79.32661,43.64697],[-79.32687,43.64686],[-79.3269,43.64684],[-79.32695,43.64684],[-79.32698,43.64686],[-79.32707,43.64693],[-79.32715,43.64696],[-79.32722,43.64699],[-79.32739,43.64704],[-79.32743,43.64705],[-79.32745,43.64707],[-79.32745,43.64711],[-79.32743,43.64713],[-79.32732,43.64726],[-79.32746,43.64731],[-79.32758,43.64736],[-79.32769,43.6474],[-79.32777,43.64746],[-79.32786,43.64748],[-79.32795,43.64751],[-79.32807,43.64757],[-79.32821,43.64759],[-79.32826,43.6476],[-79.32836,43.64762],[-79.32871,43.64745],[-79.32865,43.64742],[-79.32869,43.6474],[-79.32877,43.64741],[-79.32886,43.64736],[-79.32899,43.6473],[-79.32916,43.64722],[-79.32934,43.64712],[-79.32953,43.64702],[-79.32971,43.64694],[-79.3299,43.64684],[-79.3301,43.64676],[-79.33029,43.64669],[-79.33046,43.6466],[-79.33057,43.64646],[-79.33067,43.64631],[-79.33075,43.64616],[-79.33085,43.64603],[-79.33096,43.64589],[-79.33111,43.64577],[-79.33128,43.64564],[-79.33147,43.64554],[-79.33166,43.64542],[-79.33181,43.64529],[-79.33198,43.64518],[-79.33216,43.64507],[-79.33234,43.64497],[-79.33249,43.64484],[-79.33264,43.64471],[-79.33278,43.64458],[-79.33292,43.64444],[-79.33307,43.6443],[-79.33322,43.64417],[-79.33338,43.64405],[-79.33353,43.64396],[-79.33365,43.64385],[-79.33376,43.64372],[-79.33386,43.64357],[-79.33401,43.64345],[-79.33416,43.64332],[-79.33429,43.64319],[-79.33444,43.64307],[-79.33458,43.64295],[-79.3347,43.64283],[-79.33483,43.64272],[-79.33493,43.64262],[-79.33503,43.64253],[-79.33511,43.64244],[-79.33519,43.64237],[-79.33527,43.6423],[-79.33528,43.64218],[-79.33532,43.64204],[-79.33549,43.64197],[-79.33563,43.64193],[-79.33575,43.64191],[-79.33579,43.64183],[-79.33581,43.6418],[-79.33584,43.64179],[-79.3359,43.64169],[-79.33597,43.64157],[-79.33609,43.64152],[-79.33622,43.64148],[-79.33632,43.64135],[-79.33634,43.64124],[-79.33644,43.64119],[-79.33657,43.64112],[-79.33671,43.64099],[-79.33683,43.64085],[-79.33697,43.64071],[-79.3371,43.64057],[-79.33724,43.64046],[-79.33738,43.64035],[-79.33744,43.64021],[-79.33745,43.64008],[-79.33735,43.63997],[-79.33721,43.63986],[-79.33705,43.63974],[-79.3369,43.63962],[-79.33668,43.6395],[-79.33644,43.63942],[-79.33619,43.63943],[-79.33602,43.63953],[-79.33586,43.63967],[-79.33565,43.6398],[-79.33543,43.63992],[-79.33518,43.64002],[-79.33496,43.64002],[-79.33499,43.63988],[-79.33516,43.63974],[-79.33537,43.63964],[-79.33555,43.63955],[-79.3357,43.63945],[-79.33586,43.63935],[-79.33611,43.63927],[-79.33633,43.63923],[-79.3365,43.63924],[-79.3365,43.63915],[-79.33664,43.6392],[-79.33687,43.63923],[-79.33712,43.63929],[-79.33739,43.63936],[-79.33765,43.6394],[-79.33781,43.63934],[-79.338,43.63932],[-79.33822,43.63932],[-79.3385,43.63935],[-79.33878,43.63938],[-79.33904,43.63938],[-79.33932,43.63931],[-79.33961,43.63925],[-79.33989,43.63918],[-79.34015,43.63914],[-79.34041,43.6391],[-79.34066,43.63905],[-79.34088,43.63893],[-79.34102,43.63878],[-79.34118,43.63863],[-79.34136,43.63848],[-79.34151,43.63834],[-79.34151,43.63818],[-79.34155,43.63801],[-79.34172,43.63786],[-79.342,43.63778],[-79.34227,43.6377],[-79.3425,43.63759],[-79.34272,43.63745],[-79.34294,43.63731],[-79.34314,43.63717],[-79.34332,43.63702],[-79.3435,43.63686],[-79.34367,43.6367],[-79.34381,43.63655],[-79.3439,43.63644],[-79.34398,43.63636],[-79.34402,43.63632],[-79.34417,43.63617],[-79.34436,43.63601],[-79.34457,43.63586],[-79.34476,43.63572],[-79.34494,43.63558],[-79.34513,43.63542],[-79.34529,43.63524],[-79.34543,43.63507],[-79.34558,43.63494],[-79.34571,43.63485],[-79.34574,43.63483],[-79.34578,43.6348],[-79.34598,43.6347],[-79.34621,43.63461],[-79.34646,43.63454],[-79.34667,43.63444],[-79.34687,43.63434],[-79.34696,43.63421],[-79.34701,43.63405],[-79.34704,43.63389],[-79.34705,43.63372],[-79.34706,43.63355],[-79.34707,43.63338],[-79.34708,43.63321],[-79.34712,43.63312],[-79.34965,43.6334]]]}},{"type":"Feature","properties":{"num":31,"name":"Beaches-East York"},"geometry":{"type":"Polygon","coordinates":[[[-79.32364,43.68338],[-79.32381,43.68378],[-79.32398,43.68418],[-79.32431,43.68499],[-79.32466,43.6858],[-79.32497,43.68661],[-79.32513,43.68698],[-79.32529,43.68736],[-79.3256,43.68806],[-79.32586,43.68879],[-79.3262,43.68968],[-79.32658,43.6906],[-79.32712,43.69194],[-79.32729,43.69236],[-79.32802,43.69415],[-79.32878,43.69595],[-79.32949,43.69778],[-79.32956,43.69795],[-79.32959,43.69814],[-79.3296,43.69828],[-79.32893,43.69909],[-79.32845,43.69973],[-79.3271,43.70152],[-79.32736,43.70145],[-79.32776,43.70148],[-79.32817,43.70153],[-79.32823,43.70153],[-79.32856,43.70153],[-79.32896,43.70155],[-79.32929,43.70164],[-79.32965,43.70168],[-79.32999,43.70165],[-79.33029,43.70158],[-79.33061,43.70165],[-79.33094,43.70165],[-79.33131,43.70167],[-79.33162,43.70178],[-79.33182,43.702],[-79.33187,43.70225],[-79.33189,43.70254],[-79.33199,43.70281],[-79.33212,43.70305],[-79.33223,43.70313],[-79.33236,43.70323],[-79.33249,43.70329],[-79.33246,43.70333],[-79.33243,43.70337],[-79.33241,43.70341],[-79.33238,43.70345],[-79.33236,43.70349],[-79.33233,43.70354],[-79.33231,43.70358],[-79.33229,43.70362],[-79.33227,43.70367],[-79.33225,43.70371],[-79.33223,43.70375],[-79.33221,43.7038],[-79.33219,43.70384],[-79.33217,43.70389],[-79.33215,43.70393],[-79.33214,43.70397],[-79.33212,43.70402],[-79.33211,43.70406],[-79.33209,43.70411],[-79.33208,43.70415],[-79.33207,43.7042],[-79.33206,43.70424],[-79.33204,43.70429],[-79.33203,43.70434],[-79.33202,43.70438],[-79.33202,43.70443],[-79.33201,43.70447],[-79.3317,43.70594],[-79.33165,43.70617],[-79.33159,43.70645],[-79.33155,43.70668],[-79.33154,43.70673],[-79.33153,43.70678],[-79.33152,43.70683],[-79.33151,43.70687],[-79.3315,43.70692],[-79.33149,43.70697],[-79.33148,43.70702],[-79.33147,43.70707],[-79.33146,43.70711],[-79.33144,43.70716],[-79.33143,43.70721],[-79.33141,43.70726],[-79.3314,43.7073],[-79.33138,43.70735],[-79.33136,43.7074],[-79.33134,43.70744],[-79.33132,43.70749],[-79.3313,43.70754],[-79.33128,43.70758],[-79.33126,43.70763],[-79.33124,43.70767],[-79.33121,43.70772],[-79.33119,43.70776],[-79.33116,43.70781],[-79.33114,43.70785],[-79.33111,43.7079],[-79.33109,43.70794],[-79.33106,43.70799],[-79.33103,43.70803],[-79.331,43.70808],[-79.33097,43.70812],[-79.33094,43.70816],[-79.33091,43.7082],[-79.33088,43.70825],[-79.33084,43.70829],[-79.33081,43.70833],[-79.33077,43.70837],[-79.33074,43.70841],[-79.3307,43.70846],[-79.33067,43.7085],[-79.33063,43.70854],[-79.33059,43.70858],[-79.33055,43.70862],[-79.33051,43.70866],[-79.33048,43.7087],[-79.33043,43.70873],[-79.33039,43.70877],[-79.33035,43.70881],[-79.33031,43.70885],[-79.33026,43.70889],[-79.33018,43.70896],[-79.33009,43.70903],[-79.33001,43.7091],[-79.32992,43.70917],[-79.32983,43.70924],[-79.32975,43.70931],[-79.32966,43.70938],[-79.32957,43.70945],[-79.32948,43.70952],[-79.32939,43.70958],[-79.32902,43.70968],[-79.32711,43.71011],[-79.32353,43.71088],[-79.32191,43.71125],[-79.32033,43.71159],[-79.3199,43.71167],[-79.31944,43.71257],[-79.31929,43.7127],[-79.31934,43.71331],[-79.31953,43.71343],[-79.3195,43.71564],[-79.31335,43.717],[-79.31199,43.71728],[-79.3112,43.71546],[-79.31006,43.71571],[-79.30902,43.71594],[-79.30647,43.7165],[-79.30539,43.71674],[-79.30481,43.71686],[-79.30484,43.71672],[-79.30487,43.7166],[-79.30489,43.71643],[-79.30491,43.71628],[-79.30492,43.71615],[-79.30494,43.716],[-79.30496,43.71593],[-79.30499,43.71585],[-79.30502,43.71575],[-79.30506,43.71564],[-79.30515,43.71542],[-79.3052,43.71532],[-79.30527,43.71521],[-79.30533,43.71512],[-79.30534,43.71511],[-79.30376,43.71542],[-79.30178,43.71583],[-79.29916,43.71638],[-79.29896,43.71592],[-79.29866,43.71521],[-79.29864,43.71516],[-79.29837,43.71452],[-79.29806,43.71379],[-79.29778,43.71313],[-79.29771,43.71297],[-79.29741,43.71225],[-79.29708,43.71148],[-79.29682,43.71085],[-79.29676,43.71071],[-79.29645,43.70993],[-79.29619,43.70929],[-79.29599,43.70879],[-79.29572,43.7082],[-79.29529,43.70724],[-79.29498,43.70651],[-79.29475,43.70595],[-79.2945,43.70537],[-79.29422,43.70472],[-79.29383,43.70383],[-79.29367,43.70348],[-79.29348,43.70303],[-79.29314,43.70223],[-79.29286,43.7016],[-79.29279,43.70143],[-79.29244,43.70063],[-79.29233,43.70035],[-79.29223,43.70012],[-79.29208,43.69982],[-79.29191,43.69949],[-79.29171,43.69912],[-79.29149,43.69872],[-79.2913,43.69836],[-79.29116,43.69808],[-79.29096,43.69767],[-79.29077,43.69724],[-79.29049,43.69656],[-79.29023,43.69599],[-79.28999,43.69537],[-79.28982,43.69496],[-79.28969,43.69454],[-79.28968,43.69452],[-79.28944,43.69385],[-79.28918,43.69324],[-79.28902,43.69288],[-79.2887,43.6921],[-79.28836,43.69124],[-79.28936,43.691],[-79.29028,43.6908],[-79.29149,43.69052],[-79.29269,43.69023],[-79.29328,43.69009],[-79.2938,43.68998],[-79.29492,43.68973],[-79.29607,43.68946],[-79.29677,43.68932],[-79.2979,43.68905],[-79.29841,43.68893],[-79.30055,43.68846],[-79.30101,43.68835],[-79.30183,43.68816],[-79.30298,43.68793],[-79.305,43.68749],[-79.30525,43.68745],[-79.30683,43.68707],[-79.30734,43.68695],[-79.30857,43.68665],[-79.31067,43.68617],[-79.31094,43.68612],[-79.31168,43.68596],[-79.31278,43.6857],[-79.31409,43.68542],[-79.31527,43.68516],[-79.31623,43.68496],[-79.31718,43.68475],[-79.31767,43.68464],[-79.31822,43.68453],[-79.31924,43.6843],[-79.32021,43.68409],[-79.32089,43.68395],[-79.32119,43.68388],[-79.32364,43.68338]]]}},{"type":"Feature","properties":{"num":32,"name":"Beaches-East York"},"geometry":{"type":"Polygon","coordinates":[[[-79.32014,43.64895],[-79.32149,43.6506],[-79.32153,43.65068],[-79.32157,43.65074],[-79.32162,43.6508],[-79.32212,43.65139],[-79.32227,43.65157],[-79.3228,43.65222],[-79.32296,43.6524],[-79.32297,43.65246],[-79.323,43.65251],[-79.32307,43.6526],[-79.32411,43.65386],[-79.32634,43.65652],[-79.32709,43.65746],[-79.32786,43.65844],[-79.32822,43.65889],[-79.3283,43.659],[-79.32835,43.65905],[-79.32843,43.65922],[-79.32844,43.65925],[-79.3286,43.65952],[-79.32906,43.66056],[-79.3293,43.66112],[-79.32948,43.66156],[-79.32974,43.66212],[-79.32999,43.66272],[-79.33003,43.66281],[-79.33023,43.66325],[-79.329,43.66354],[-79.32791,43.66381],[-79.32788,43.66382],[-79.32735,43.66392],[-79.32622,43.66418],[-79.32599,43.66423],[-79.32531,43.66441],[-79.32547,43.66479],[-79.32559,43.66507],[-79.32602,43.66611],[-79.32611,43.66632],[-79.32664,43.66761],[-79.32741,43.66946],[-79.32771,43.67019],[-79.32785,43.67053],[-79.32802,43.67093],[-79.32693,43.6712],[-79.32594,43.67141],[-79.32508,43.67159],[-79.32494,43.67162],[-79.32399,43.67185],[-79.32292,43.67209],[-79.32186,43.67232],[-79.32124,43.67248],[-79.3204,43.67268],[-79.31931,43.67292],[-79.32021,43.67508],[-79.3203,43.67535],[-79.32052,43.67585],[-79.3208,43.67654],[-79.32146,43.67815],[-79.32147,43.67818],[-79.32184,43.67912],[-79.32215,43.67984],[-79.32246,43.68053],[-79.32274,43.68123],[-79.32303,43.68192],[-79.32342,43.68285],[-79.32364,43.68338],[-79.32119,43.68388],[-79.32089,43.68395],[-79.32021,43.68409],[-79.31924,43.6843],[-79.31822,43.68453],[-79.31767,43.68464],[-79.31718,43.68475],[-79.31623,43.68496],[-79.31527,43.68516],[-79.31409,43.68542],[-79.31278,43.6857],[-79.31168,43.68596],[-79.31094,43.68612],[-79.31067,43.68617],[-79.30857,43.68665],[-79.30734,43.68695],[-79.30683,43.68707],[-79.30525,43.68745],[-79.305,43.68749],[-79.30298,43.68793],[-79.30183,43.68816],[-79.30101,43.68835],[-79.30055,43.68846],[-79.29841,43.68893],[-79.2979,43.68905],[-79.29677,43.68932],[-79.29607,43.68946],[-79.29492,43.68973],[-79.2938,43.68998],[-79.29328,43.69009],[-79.29269,43.69023],[-79.29149,43.69052],[-79.29028,43.6908],[-79.28936,43.691],[-79.28836,43.69124],[-79.28793,43.69019],[-79.28776,43.68979],[-79.28756,43.6893],[-79.287,43.68795],[-79.28658,43.68692],[-79.28625,43.68611],[-79.28586,43.68517],[-79.28528,43.68379],[-79.28511,43.68336],[-79.28498,43.68305],[-79.28468,43.68232],[-79.28438,43.68161],[-79.28421,43.68117],[-79.28406,43.68082],[-79.28391,43.68046],[-79.28316,43.67865],[-79.28122,43.67397],[-79.2812,43.67388],[-79.28106,43.67391],[-79.28002,43.67139],[-79.28013,43.67136],[-79.28005,43.67117],[-79.28008,43.67116],[-79.28004,43.67106],[-79.28002,43.67101],[-79.28003,43.671],[-79.28006,43.67103],[-79.28012,43.67115],[-79.28015,43.67123],[-79.28019,43.67124],[-79.28031,43.67121],[-79.28048,43.67118],[-79.28063,43.67115],[-79.28075,43.67109],[-79.28088,43.67103],[-79.28104,43.67097],[-79.28124,43.67099],[-79.28123,43.67089],[-79.28124,43.67086],[-79.28134,43.67088],[-79.2814,43.67092],[-79.28158,43.67094],[-79.28178,43.67083],[-79.28193,43.67067],[-79.28198,43.67062],[-79.28209,43.67065],[-79.28226,43.67067],[-79.28249,43.67063],[-79.28269,43.6705],[-79.2827,43.6704],[-79.28284,43.67038],[-79.28294,43.67041],[-79.28304,43.67044],[-79.28323,43.67043],[-79.28347,43.67036],[-79.28354,43.67026],[-79.28353,43.67015],[-79.28363,43.67015],[-79.28378,43.67018],[-79.28397,43.67015],[-79.28413,43.67013],[-79.28433,43.6701],[-79.28448,43.67007],[-79.2846,43.67],[-79.28477,43.66988],[-79.28494,43.66976],[-79.28509,43.66974],[-79.28514,43.66981],[-79.2852,43.66984],[-79.2853,43.66982],[-79.28537,43.66981],[-79.28553,43.66979],[-79.28569,43.66974],[-79.28585,43.66967],[-79.28596,43.66961],[-79.28609,43.66946],[-79.28622,43.66946],[-79.2864,43.66948],[-79.28667,43.66945],[-79.28695,43.66942],[-79.28715,43.66938],[-79.28729,43.66935],[-79.28736,43.66931],[-79.28741,43.66928],[-79.2875,43.66926],[-79.28756,43.66924],[-79.28761,43.66921],[-79.2877,43.66918],[-79.2878,43.66913],[-79.28787,43.66906],[-79.28794,43.669],[-79.28803,43.66895],[-79.28821,43.66889],[-79.28832,43.66883],[-79.28843,43.66877],[-79.28856,43.66874],[-79.28867,43.66876],[-79.28889,43.66875],[-79.28912,43.66873],[-79.28929,43.6687],[-79.28942,43.66865],[-79.28966,43.66855],[-79.28988,43.66851],[-79.29009,43.66845],[-79.29036,43.66834],[-79.29059,43.66824],[-79.29074,43.66817],[-79.29092,43.66808],[-79.29107,43.66801],[-79.29115,43.66798],[-79.29126,43.668],[-79.29142,43.66802],[-79.29156,43.66802],[-79.29178,43.66797],[-79.292,43.66791],[-79.29217,43.66785],[-79.29233,43.66776],[-79.29256,43.66765],[-79.29275,43.66756],[-79.29292,43.66747],[-79.2931,43.66736],[-79.29328,43.66725],[-79.29341,43.66715],[-79.29354,43.66704],[-79.2937,43.66693],[-79.29377,43.66687],[-79.29392,43.66675],[-79.29399,43.66668],[-79.29411,43.66657],[-79.29423,43.66647],[-79.29427,43.66645],[-79.29434,43.66637],[-79.29442,43.66627],[-79.29451,43.66617],[-79.29461,43.66607],[-79.29472,43.666],[-79.29482,43.66604],[-79.29495,43.66608],[-79.29514,43.66603],[-79.29518,43.66594],[-79.29527,43.66591],[-79.29538,43.66588],[-79.29561,43.66581],[-79.2958,43.66571],[-79.29592,43.66562],[-79.29619,43.66556],[-79.29627,43.66555],[-79.29642,43.66549],[-79.29673,43.6654],[-79.29698,43.66532],[-79.29721,43.6653],[-79.29734,43.6653],[-79.29746,43.66528],[-79.29771,43.66526],[-79.29788,43.6653],[-79.29808,43.66539],[-79.29824,43.66547],[-79.29832,43.66551],[-79.29849,43.66555],[-79.29877,43.66552],[-79.29898,43.6655],[-79.29919,43.6655],[-79.29925,43.6656],[-79.29932,43.66566],[-79.29945,43.66568],[-79.29964,43.66565],[-79.29981,43.66559],[-79.29996,43.66553],[-79.30013,43.66546],[-79.30029,43.66538],[-79.30039,43.66542],[-79.30052,43.66549],[-79.30069,43.6655],[-79.30086,43.66548],[-79.30109,43.6654],[-79.30126,43.66532],[-79.30141,43.66525],[-79.30152,43.66522],[-79.30166,43.66519],[-79.30196,43.66512],[-79.30211,43.66505],[-79.30213,43.66495],[-79.30215,43.66491],[-79.30221,43.66488],[-79.30227,43.66489],[-79.30239,43.66492],[-79.30243,43.66493],[-79.30249,43.66492],[-79.30254,43.66491],[-79.30261,43.6649],[-79.30271,43.66488],[-79.30288,43.66483],[-79.30309,43.66477],[-79.30326,43.66469],[-79.30344,43.66461],[-79.30353,43.66457],[-79.3036,43.66453],[-79.30371,43.66446],[-79.30386,43.66439],[-79.30407,43.66425],[-79.30446,43.66412],[-79.30466,43.66401],[-79.30485,43.6639],[-79.30503,43.66376],[-79.30522,43.66364],[-79.30538,43.66352],[-79.30559,43.6634],[-79.30581,43.66331],[-79.30602,43.66321],[-79.30625,43.66313],[-79.30645,43.66303],[-79.30661,43.66288],[-79.30677,43.66273],[-79.30691,43.66258],[-79.30704,43.66243],[-79.30717,43.66226],[-79.30731,43.66211],[-79.30743,43.66195],[-79.30755,43.66178],[-79.30764,43.66162],[-79.3077,43.66145],[-79.30776,43.6613],[-79.30777,43.66113],[-79.30776,43.66098],[-79.30772,43.66082],[-79.3077,43.66065],[-79.30767,43.6605],[-79.30763,43.66035],[-79.30751,43.66022],[-79.30735,43.66011],[-79.30717,43.66001],[-79.30696,43.65997],[-79.30676,43.6599],[-79.30657,43.65992],[-79.30641,43.65998],[-79.3063,43.66005],[-79.30634,43.66014],[-79.30641,43.66023],[-79.30639,43.66031],[-79.30627,43.66039],[-79.3061,43.66042],[-79.30589,43.66042],[-79.30568,43.66039],[-79.30547,43.66033],[-79.30529,43.66023],[-79.30514,43.66013],[-79.30502,43.66],[-79.30497,43.65987],[-79.30501,43.65972],[-79.30511,43.65957],[-79.30522,43.65943],[-79.30538,43.65937],[-79.30554,43.65934],[-79.30564,43.65924],[-79.30574,43.65909],[-79.30583,43.65892],[-79.3059,43.65874],[-79.30599,43.65857],[-79.30602,43.6584],[-79.30599,43.65823],[-79.30598,43.65807],[-79.30593,43.65791],[-79.3058,43.65778],[-79.30565,43.65763],[-79.30549,43.65748],[-79.30534,43.65734],[-79.30519,43.65717],[-79.30506,43.65702],[-79.30497,43.65686],[-79.30497,43.65667],[-79.3051,43.65653],[-79.30529,43.65645],[-79.30551,43.65641],[-79.30573,43.65644],[-79.30596,43.65646],[-79.30618,43.65653],[-79.30639,43.65659],[-79.30659,43.65662],[-79.30677,43.65661],[-79.30693,43.65657],[-79.30708,43.65651],[-79.30724,43.65642],[-79.30739,43.65634],[-79.30751,43.65624],[-79.30763,43.6562],[-79.30772,43.65614],[-79.30779,43.656],[-79.30789,43.65586],[-79.30797,43.65569],[-79.30804,43.65555],[-79.30811,43.65537],[-79.3082,43.6552],[-79.3083,43.65505],[-79.30839,43.65491],[-79.30839,43.65475],[-79.30835,43.65457],[-79.30831,43.65439],[-79.30832,43.65422],[-79.3085,43.65414],[-79.30866,43.65415],[-79.30874,43.65425],[-79.30881,43.65436],[-79.30888,43.65449],[-79.30895,43.65461],[-79.30905,43.65475],[-79.30913,43.65487],[-79.30921,43.65502],[-79.3093,43.65512],[-79.30943,43.65523],[-79.30956,43.65531],[-79.30972,43.65539],[-79.3099,43.65542],[-79.31008,43.65544],[-79.31023,43.65543],[-79.31024,43.65534],[-79.31029,43.65521],[-79.31047,43.65516],[-79.31067,43.65517],[-79.31085,43.65524],[-79.31104,43.6553],[-79.31118,43.6554],[-79.31126,43.65551],[-79.31131,43.65564],[-79.31129,43.65576],[-79.31122,43.65588],[-79.31109,43.65598],[-79.31092,43.65602],[-79.31078,43.65602],[-79.31064,43.65602],[-79.31049,43.65605],[-79.31033,43.65608],[-79.31019,43.6561],[-79.31006,43.65614],[-79.30991,43.65611],[-79.30976,43.65609],[-79.3096,43.65607],[-79.30948,43.65602],[-79.30938,43.65596],[-79.30928,43.65591],[-79.30912,43.65591],[-79.30895,43.65591],[-79.30877,43.65592],[-79.30863,43.65595],[-79.3085,43.65598],[-79.30839,43.65602],[-79.3083,43.6561],[-79.30831,43.65617],[-79.3083,43.65626],[-79.30822,43.65635],[-79.30814,43.65644],[-79.30806,43.65653],[-79.30795,43.65663],[-79.30785,43.65672],[-79.30773,43.65678],[-79.30758,43.65683],[-79.30744,43.65687],[-79.3073,43.6569],[-79.30718,43.65693],[-79.30712,43.65693],[-79.30706,43.65692],[-79.30699,43.6569],[-79.30691,43.65687],[-79.30682,43.65687],[-79.30676,43.65697],[-79.30676,43.65708],[-79.30681,43.6572],[-79.30692,43.65729],[-79.30708,43.65738],[-79.30721,43.65748],[-79.30736,43.65758],[-79.30749,43.6577],[-79.30769,43.65775],[-79.30793,43.65779],[-79.30816,43.65783],[-79.30838,43.65789],[-79.30859,43.65797],[-79.3088,43.65804],[-79.309,43.65814],[-79.30919,43.65819],[-79.30939,43.65824],[-79.30957,43.65827],[-79.3096,43.65824],[-79.30954,43.6582],[-79.30954,43.65818],[-79.30957,43.65815],[-79.30961,43.65808],[-79.30972,43.65808],[-79.30999,43.65817],[-79.3102,43.65833],[-79.31035,43.65841],[-79.31041,43.65837],[-79.31057,43.65826],[-79.31093,43.65794],[-79.31109,43.65754],[-79.31117,43.65729],[-79.31121,43.65727],[-79.31119,43.65723],[-79.31115,43.65721],[-79.31025,43.65696],[-79.31023,43.65694],[-79.31027,43.65688],[-79.31034,43.65681],[-79.31042,43.6567],[-79.31057,43.65661],[-79.31075,43.65663],[-79.31086,43.65669],[-79.31095,43.65678],[-79.31108,43.65685],[-79.31126,43.65689],[-79.31145,43.65691],[-79.31164,43.65693],[-79.31182,43.65693],[-79.31196,43.6569],[-79.31206,43.65683],[-79.31217,43.65676],[-79.3123,43.65675],[-79.31244,43.65679],[-79.31257,43.65686],[-79.31265,43.65699],[-79.31262,43.65709],[-79.31252,43.65714],[-79.31239,43.6572],[-79.31225,43.65724],[-79.31219,43.65733],[-79.31212,43.65741],[-79.31203,43.65749],[-79.31197,43.65754],[-79.31188,43.65757],[-79.31174,43.65755],[-79.31168,43.65779],[-79.3117,43.65779],[-79.31181,43.65783],[-79.31185,43.65797],[-79.31177,43.65812],[-79.31172,43.65822],[-79.3117,43.65835],[-79.31172,43.65839],[-79.31178,43.65847],[-79.31181,43.65858],[-79.31193,43.65855],[-79.31204,43.65876],[-79.31194,43.6588],[-79.31198,43.65882],[-79.31205,43.65881],[-79.31215,43.65886],[-79.31187,43.65902],[-79.31198,43.65909],[-79.31219,43.65892],[-79.3124,43.65908],[-79.31215,43.65924],[-79.31223,43.65932],[-79.31247,43.65913],[-79.31266,43.65928],[-79.31244,43.65942],[-79.31242,43.65945],[-79.31246,43.65946],[-79.31249,43.6595],[-79.31257,43.65945],[-79.31265,43.65942],[-79.31271,43.65949],[-79.31276,43.65957],[-79.31285,43.65958],[-79.31297,43.65966],[-79.31312,43.65979],[-79.31325,43.65991],[-79.31327,43.65993],[-79.31363,43.6602],[-79.31376,43.6603],[-79.31386,43.66038],[-79.3139,43.66046],[-79.31385,43.66053],[-79.3139,43.66056],[-79.31399,43.66056],[-79.31404,43.66061],[-79.31405,43.66065],[-79.31409,43.6607],[-79.31416,43.66075],[-79.31426,43.6608],[-79.31436,43.66087],[-79.31441,43.66093],[-79.31441,43.66094],[-79.31413,43.66114],[-79.31404,43.66106],[-79.31399,43.66109],[-79.31408,43.66118],[-79.31404,43.6612],[-79.3139,43.66117],[-79.31379,43.66125],[-79.31375,43.66129],[-79.31368,43.66129],[-79.31356,43.6613],[-79.31341,43.66134],[-79.31332,43.66142],[-79.31328,43.66152],[-79.31334,43.66161],[-79.31349,43.66162],[-79.31367,43.66161],[-79.31386,43.66158],[-79.31405,43.66157],[-79.31424,43.66157],[-79.31435,43.66163],[-79.31435,43.66171],[-79.3144,43.66175],[-79.31447,43.66176],[-79.31454,43.66175],[-79.31464,43.66179],[-79.31473,43.66188],[-79.31477,43.66196],[-79.31484,43.66198],[-79.31493,43.66196],[-79.31547,43.66182],[-79.3161,43.66168],[-79.31707,43.66146],[-79.31711,43.66146],[-79.31706,43.66096],[-79.3172,43.66092],[-79.31768,43.66088],[-79.3179,43.66107],[-79.31793,43.66106],[-79.31788,43.6609],[-79.31799,43.66093],[-79.31806,43.66091],[-79.31806,43.66087],[-79.31767,43.66081],[-79.31721,43.66079],[-79.31604,43.65992],[-79.31562,43.6596],[-79.31532,43.65944],[-79.31515,43.65935],[-79.31499,43.65924],[-79.31477,43.65911],[-79.31454,43.65902],[-79.3143,43.65892],[-79.3141,43.65878],[-79.31391,43.65863],[-79.3137,43.6585],[-79.31351,43.65836],[-79.31332,43.65822],[-79.31314,43.65808],[-79.31314,43.65793],[-79.31332,43.65782],[-79.31352,43.6577],[-79.31372,43.65758],[-79.31395,43.65752],[-79.3142,43.65746],[-79.31443,43.65741],[-79.31467,43.65739],[-79.31488,43.65738],[-79.3151,43.6574],[-79.31535,43.65744],[-79.3156,43.6575],[-79.31586,43.65756],[-79.31611,43.65759],[-79.31626,43.65761],[-79.31627,43.65761],[-79.31681,43.65733],[-79.31682,43.65733],[-79.31678,43.65731],[-79.31667,43.65728],[-79.31651,43.65725],[-79.31634,43.65731],[-79.31621,43.65743],[-79.31605,43.65747],[-79.31599,43.65738],[-79.31605,43.65726],[-79.31618,43.65715],[-79.31637,43.65705],[-79.31643,43.65692],[-79.31631,43.65684],[-79.31623,43.65671],[-79.31617,43.65655],[-79.31609,43.65638],[-79.31605,43.65618],[-79.31616,43.65599],[-79.31636,43.65582],[-79.31661,43.65569],[-79.31683,43.65557],[-79.31695,43.65539],[-79.31714,43.65522],[-79.31732,43.65503],[-79.31754,43.65488],[-79.31771,43.65472],[-79.31786,43.65453],[-79.31801,43.65433],[-79.31813,43.65414],[-79.31823,43.65392],[-79.31827,43.65373],[-79.31833,43.65355],[-79.31842,43.65334],[-79.31852,43.65313],[-79.31861,43.65292],[-79.31876,43.6527],[-79.3189,43.65249],[-79.31902,43.65227],[-79.31914,43.65206],[-79.31925,43.65186],[-79.31933,43.65164],[-79.31943,43.65142],[-79.31945,43.65134],[-79.31953,43.65117],[-79.31955,43.65101],[-79.31961,43.65085],[-79.31963,43.65069],[-79.31964,43.65053],[-79.31965,43.65038],[-79.31971,43.65021],[-79.31977,43.65006],[-79.31981,43.64991],[-79.31987,43.64976],[-79.31994,43.64961],[-79.31996,43.64947],[-79.32001,43.64932],[-79.32006,43.64917],[-79.32012,43.64903],[-79.32014,43.64895]]]}},{"type":"Feature","properties":{"num":33,"name":"Don Valley East"},"geometry":{"type":"Polygon","coordinates":[[[-79.31989,43.76857],[-79.32035,43.76859],[-79.32166,43.76858],[-79.32262,43.76857],[-79.32305,43.76858],[-79.32423,43.76859],[-79.32589,43.76859],[-79.32754,43.76856],[-79.32797,43.76856],[-79.32895,43.76855],[-79.33033,43.76852],[-79.33145,43.76851],[-79.33212,43.7685],[-79.33282,43.76845],[-79.33288,43.76845],[-79.3342,43.76837],[-79.33719,43.76815],[-79.33743,43.76814],[-79.33865,43.76805],[-79.33886,43.76804],[-79.33907,43.76803],[-79.34007,43.76796],[-79.34275,43.76777],[-79.34352,43.76772],[-79.34674,43.76751],[-79.35107,43.76719],[-79.35404,43.76698],[-79.35423,43.76697],[-79.35693,43.7668],[-79.35967,43.76669],[-79.35969,43.76682],[-79.35971,43.76694],[-79.35971,43.76695],[-79.35975,43.76706],[-79.35979,43.76716],[-79.35984,43.76726],[-79.35987,43.7673],[-79.35993,43.76737],[-79.36,43.76743],[-79.36007,43.76748],[-79.36023,43.7676],[-79.36038,43.76773],[-79.36053,43.76785],[-79.36063,43.76795],[-79.36072,43.76805],[-79.36079,43.76818],[-79.36083,43.76829],[-79.36085,43.76842],[-79.36085,43.76855],[-79.36085,43.76871],[-79.36087,43.76888],[-79.3609,43.76905],[-79.36091,43.76921],[-79.3609,43.76933],[-79.36091,43.76946],[-79.36099,43.76963],[-79.36108,43.76976],[-79.36117,43.76986],[-79.36128,43.76994],[-79.3614,43.77002],[-79.36153,43.77009],[-79.36165,43.77019],[-79.36177,43.77031],[-79.36189,43.7704],[-79.36203,43.77052],[-79.36212,43.77058],[-79.3622,43.77062],[-79.36232,43.77065],[-79.36245,43.77068],[-79.36256,43.77073],[-79.36266,43.77077],[-79.36278,43.77083],[-79.36292,43.7709],[-79.36304,43.77098],[-79.36319,43.77105],[-79.36332,43.77113],[-79.36349,43.77122],[-79.36357,43.77129],[-79.36368,43.77135],[-79.36378,43.77143],[-79.36388,43.77148],[-79.3639,43.7715],[-79.36414,43.77166],[-79.36461,43.77194],[-79.36472,43.772],[-79.36486,43.77212],[-79.36492,43.77225],[-79.36487,43.77242],[-79.3649,43.77261],[-79.36501,43.77274],[-79.36518,43.77282],[-79.36534,43.77289],[-79.36552,43.77297],[-79.36572,43.77308],[-79.36594,43.7732],[-79.36611,43.77327],[-79.36629,43.77334],[-79.36643,43.77343],[-79.36653,43.77353],[-79.36657,43.77364],[-79.36661,43.77374],[-79.36662,43.77379],[-79.36663,43.77395],[-79.36657,43.77411],[-79.36646,43.77424],[-79.36627,43.77446],[-79.36615,43.77461],[-79.3661,43.77474],[-79.36612,43.77486],[-79.36626,43.77498],[-79.36644,43.77503],[-79.36661,43.77504],[-79.3668,43.77503],[-79.36702,43.77501],[-79.36721,43.77501],[-79.36739,43.77504],[-79.36754,43.7751],[-79.36766,43.7752],[-79.36778,43.77531],[-79.36788,43.77544],[-79.36799,43.77555],[-79.36807,43.77565],[-79.36815,43.77573],[-79.36824,43.77582],[-79.36834,43.77597],[-79.36849,43.77609],[-79.36871,43.77604],[-79.36886,43.77591],[-79.36903,43.77578],[-79.36924,43.77568],[-79.36948,43.77561],[-79.36971,43.77556],[-79.36994,43.77559],[-79.3701,43.77573],[-79.37013,43.77591],[-79.36998,43.77608],[-79.36977,43.77621],[-79.36954,43.77628],[-79.36933,43.77638],[-79.36923,43.77654],[-79.36924,43.77672],[-79.36929,43.7769],[-79.36942,43.77703],[-79.36966,43.77706],[-79.36989,43.77706],[-79.37009,43.77706],[-79.37023,43.77716],[-79.37032,43.77734],[-79.37037,43.77754],[-79.37046,43.77773],[-79.37049,43.7778],[-79.37061,43.77798],[-79.37077,43.77817],[-79.37087,43.7784],[-79.37082,43.77859],[-79.37064,43.77874],[-79.37045,43.7787],[-79.3703,43.77856],[-79.37011,43.77856],[-79.37006,43.77869],[-79.37008,43.77887],[-79.37025,43.77898],[-79.37034,43.7791],[-79.37034,43.77932],[-79.37031,43.7795],[-79.37028,43.7797],[-79.37026,43.7799],[-79.37024,43.78011],[-79.37025,43.78032],[-79.37028,43.78052],[-79.37035,43.7807],[-79.37049,43.78087],[-79.37048,43.78106],[-79.37045,43.78123],[-79.37067,43.78126],[-79.37091,43.78124],[-79.37115,43.78119],[-79.37136,43.78115],[-79.37158,43.78121],[-79.37173,43.78133],[-79.37195,43.78143],[-79.37217,43.78142],[-79.37236,43.78151],[-79.37251,43.78168],[-79.37263,43.78185],[-79.37278,43.782],[-79.37298,43.78212],[-79.37317,43.78227],[-79.37337,43.78237],[-79.37363,43.78243],[-79.37385,43.78241],[-79.37402,43.78235],[-79.37417,43.78224],[-79.37437,43.78212],[-79.37454,43.78205],[-79.37469,43.78195],[-79.37482,43.78185],[-79.37496,43.78176],[-79.37513,43.78163],[-79.37531,43.78152],[-79.3755,43.78148],[-79.37565,43.78137],[-79.37582,43.78128],[-79.37601,43.78129],[-79.37616,43.78143],[-79.37624,43.78161],[-79.37642,43.78172],[-79.37665,43.78173],[-79.37685,43.78172],[-79.37701,43.78183],[-79.37725,43.78187],[-79.37748,43.78188],[-79.37762,43.78202],[-79.37759,43.78218],[-79.37741,43.78233],[-79.37724,43.78248],[-79.37707,43.78263],[-79.37694,43.78279],[-79.37677,43.78293],[-79.37657,43.78304],[-79.37645,43.78316],[-79.37642,43.78332],[-79.3765,43.78349],[-79.37657,43.78365],[-79.3766,43.78384],[-79.3767,43.78399],[-79.37688,43.78407],[-79.37711,43.78411],[-79.37733,43.78414],[-79.37738,43.78422],[-79.37742,43.78431],[-79.37746,43.78445],[-79.37752,43.78458],[-79.37761,43.78472],[-79.37772,43.78488],[-79.37786,43.78504],[-79.37799,43.78522],[-79.37806,43.78537],[-79.37799,43.78555],[-79.37786,43.78573],[-79.37776,43.78588],[-79.37772,43.78603],[-79.3777,43.78611],[-79.37771,43.78611],[-79.37768,43.78622],[-79.37761,43.78641],[-79.37754,43.78659],[-79.37741,43.78675],[-79.37726,43.7869],[-79.37719,43.78706],[-79.377,43.78715],[-79.37678,43.78726],[-79.37657,43.7874],[-79.37641,43.78756],[-79.37629,43.78772],[-79.37619,43.7879],[-79.37608,43.78808],[-79.37598,43.78829],[-79.37591,43.7885],[-79.3759,43.7886],[-79.37462,43.78888],[-79.37329,43.78916],[-79.37306,43.78923],[-79.37153,43.78955],[-79.37033,43.78981],[-79.36952,43.79],[-79.36897,43.79007],[-79.36839,43.79005],[-79.36807,43.79002],[-79.36788,43.79003],[-79.36769,43.79003],[-79.36749,43.79003],[-79.36729,43.79003],[-79.36706,43.79005],[-79.36681,43.79007],[-79.36659,43.7901],[-79.36627,43.79015],[-79.36588,43.79024],[-79.36559,43.7903],[-79.36534,43.79035],[-79.36352,43.79075],[-79.36308,43.79085],[-79.36055,43.7914],[-79.35808,43.79197],[-79.35474,43.79267],[-79.35364,43.79288],[-79.35284,43.79304],[-79.35246,43.79313],[-79.35229,43.79317],[-79.35202,43.79324],[-79.35147,43.79337],[-79.35082,43.79354],[-79.35059,43.7936],[-79.35044,43.79364],[-79.3485,43.79411],[-79.34805,43.79421],[-79.34746,43.79436],[-79.3474,43.79437],[-79.34567,43.79475],[-79.34442,43.79503],[-79.34376,43.79514],[-79.34374,43.79514],[-79.34366,43.79516],[-79.34359,43.79517],[-79.34351,43.79517],[-79.34346,43.79518],[-79.34359,43.79586],[-79.34435,43.79922],[-79.3444,43.7995],[-79.34433,43.79952],[-79.3441,43.79957],[-79.34329,43.79978],[-79.33554,43.80234],[-79.33539,43.80202],[-79.33512,43.80139],[-79.33486,43.80081],[-79.3347,43.80044],[-79.3342,43.79933],[-79.33364,43.79806],[-79.33341,43.79758],[-79.33295,43.79654],[-79.3327,43.79598],[-79.33229,43.79507],[-79.33183,43.79403],[-79.33142,43.79312],[-79.33079,43.79178],[-79.32959,43.78926],[-79.32901,43.78801],[-79.328,43.78588],[-79.32794,43.78574],[-79.32723,43.78425],[-79.32706,43.78389],[-79.32696,43.78366],[-79.32641,43.7825],[-79.32629,43.78225],[-79.3254,43.78036],[-79.32505,43.7796],[-79.32423,43.77789],[-79.32417,43.77775],[-79.32302,43.77526],[-79.32255,43.77422],[-79.32221,43.77351],[-79.32207,43.77318],[-79.32152,43.77195],[-79.32114,43.77113],[-79.32112,43.77107],[-79.32107,43.77097],[-79.32103,43.77086],[-79.32098,43.77076],[-79.32093,43.77066],[-79.32088,43.77056],[-79.32083,43.77045],[-79.32078,43.77035],[-79.32073,43.77025],[-79.32067,43.77015],[-79.32062,43.77005],[-79.32058,43.76997],[-79.32056,43.76995],[-79.32051,43.76985],[-79.32045,43.76975],[-79.32041,43.76966],[-79.32036,43.76958],[-79.32034,43.76954],[-79.32032,43.7695],[-79.32027,43.76941],[-79.32023,43.76933],[-79.32019,43.76924],[-79.32015,43.76916],[-79.32011,43.76907],[-79.32007,43.76899],[-79.32003,43.7689],[-79.31999,43.76882],[-79.31995,43.76873],[-79.31993,43.76868],[-79.31992,43.76865],[-79.31989,43.76857]]]}},{"type":"Feature","properties":{"num":34,"name":"Don Valley East"},"geometry":{"type":"Polygon","coordinates":[[[-79.3195,43.71564],[-79.31984,43.7156],[-79.32008,43.71557],[-79.32021,43.71585],[-79.32029,43.71596],[-79.32034,43.71598],[-79.32039,43.71599],[-79.32054,43.71597],[-79.32068,43.71595],[-79.32085,43.71592],[-79.32102,43.71592],[-79.3211,43.71593],[-79.32158,43.71604],[-79.32208,43.71617],[-79.32249,43.71634],[-79.32277,43.7164],[-79.32289,43.71643],[-79.32294,43.71644],[-79.32336,43.71664],[-79.32357,43.71695],[-79.32358,43.71697],[-79.32362,43.7171],[-79.32367,43.71733],[-79.32387,43.71773],[-79.32394,43.71814],[-79.32376,43.71854],[-79.32361,43.71873],[-79.32345,43.71887],[-79.32313,43.71901],[-79.32255,43.71922],[-79.32248,43.7193],[-79.32246,43.71941],[-79.32249,43.71948],[-79.32257,43.71958],[-79.32286,43.71984],[-79.32325,43.7201],[-79.32327,43.72011],[-79.32364,43.72035],[-79.32404,43.72057],[-79.32423,43.72063],[-79.32445,43.72067],[-79.32466,43.72063],[-79.32484,43.72057],[-79.32526,43.72044],[-79.32564,43.72034],[-79.32608,43.72041],[-79.32646,43.72051],[-79.32661,43.72063],[-79.32671,43.72079],[-79.32673,43.7209],[-79.32673,43.72098],[-79.32674,43.72106],[-79.32672,43.72112],[-79.32669,43.72116],[-79.32664,43.72119],[-79.32656,43.72121],[-79.3264,43.72124],[-79.32613,43.72129],[-79.32586,43.72133],[-79.32569,43.72137],[-79.32558,43.7214],[-79.32542,43.72148],[-79.3252,43.7216],[-79.32504,43.72166],[-79.32466,43.72178],[-79.32449,43.72183],[-79.32437,43.72185],[-79.32404,43.72189],[-79.32383,43.72192],[-79.32366,43.72194],[-79.3235,43.72198],[-79.3234,43.72202],[-79.32336,43.72206],[-79.32335,43.72209],[-79.32332,43.72219],[-79.32329,43.72241],[-79.32327,43.72262],[-79.32326,43.72306],[-79.32323,43.72338],[-79.32311,43.72371],[-79.32294,43.72404],[-79.32277,43.72433],[-79.32265,43.7246],[-79.32253,43.72485],[-79.32234,43.72509],[-79.32234,43.7252],[-79.32234,43.72535],[-79.32251,43.72561],[-79.32276,43.72583],[-79.323,43.72608],[-79.3232,43.72634],[-79.32325,43.72664],[-79.32321,43.72696],[-79.32305,43.72722],[-79.32268,43.72735],[-79.32227,43.72744],[-79.3219,43.72756],[-79.3215,43.72771],[-79.32113,43.72783],[-79.32075,43.72791],[-79.32068,43.72794],[-79.32042,43.72804],[-79.32026,43.72827],[-79.31997,43.72847],[-79.3197,43.72868],[-79.31932,43.72885],[-79.31887,43.72893],[-79.31867,43.72908],[-79.31877,43.72916],[-79.31891,43.72928],[-79.31929,43.72942],[-79.31979,43.72946],[-79.32023,43.72955],[-79.32042,43.72984],[-79.32031,43.7302],[-79.32006,43.73052],[-79.31976,43.7308],[-79.31962,43.73111],[-79.31972,43.7314],[-79.32012,43.73152],[-79.3205,43.73137],[-79.32077,43.73113],[-79.32115,43.73096],[-79.32148,43.73073],[-79.32176,43.73047],[-79.32188,43.73035],[-79.32205,43.73019],[-79.32234,43.72992],[-79.32266,43.72968],[-79.32302,43.72948],[-79.32342,43.72939],[-79.32386,43.72939],[-79.32428,43.72944],[-79.32471,43.72947],[-79.32513,43.72946],[-79.3252,43.72967],[-79.32501,43.72994],[-79.32487,43.73025],[-79.32479,43.73058],[-79.32473,43.7309],[-79.32472,43.73095],[-79.32469,43.73123],[-79.32475,43.73156],[-79.32503,43.73181],[-79.32535,43.73195],[-79.32574,43.73201],[-79.32607,43.7321],[-79.3263,43.73233],[-79.32655,43.73258],[-79.32682,43.73278],[-79.32736,43.73247],[-79.32968,43.73115],[-79.33036,43.73076],[-79.33069,43.73058],[-79.33092,43.73045],[-79.33262,43.72949],[-79.33498,43.72814],[-79.33805,43.7264],[-79.33804,43.7264],[-79.34019,43.72519],[-79.34019,43.72518],[-79.34061,43.72672],[-79.34086,43.72767],[-79.34144,43.72967],[-79.34185,43.73121],[-79.34211,43.73223],[-79.34255,43.73381],[-79.34288,43.73507],[-79.34319,43.73633],[-79.34338,43.73704],[-79.34345,43.73718],[-79.34402,43.73923],[-79.34446,43.74085],[-79.34492,43.74267],[-79.34507,43.74327],[-79.34511,43.74326],[-79.34519,43.74328],[-79.34526,43.74331],[-79.34533,43.74333],[-79.3454,43.74335],[-79.34547,43.74337],[-79.34554,43.7434],[-79.34561,43.74342],[-79.34568,43.74345],[-79.34575,43.74347],[-79.34582,43.7435],[-79.34589,43.74353],[-79.34596,43.74355],[-79.34602,43.74358],[-79.34609,43.74361],[-79.34616,43.74364],[-79.34622,43.74367],[-79.34629,43.7437],[-79.34636,43.74373],[-79.34642,43.74376],[-79.34649,43.74379],[-79.34655,43.74382],[-79.34662,43.74385],[-79.34668,43.74388],[-79.34674,43.74392],[-79.3468,43.74395],[-79.34687,43.74398],[-79.34693,43.74402],[-79.34699,43.74405],[-79.34705,43.74409],[-79.34711,43.74412],[-79.34717,43.74416],[-79.34723,43.7442],[-79.34729,43.74423],[-79.34735,43.74427],[-79.3474,43.74431],[-79.34746,43.74435],[-79.34752,43.74438],[-79.34758,43.74443],[-79.34764,43.74447],[-79.3477,43.74451],[-79.34776,43.74455],[-79.34782,43.74459],[-79.34788,43.74464],[-79.34794,43.74468],[-79.348,43.74473],[-79.34805,43.74477],[-79.34811,43.74481],[-79.34817,43.74486],[-79.34822,43.74491],[-79.34828,43.74495],[-79.34833,43.745],[-79.34839,43.74504],[-79.34844,43.74509],[-79.34849,43.74514],[-79.34854,43.74519],[-79.34859,43.74524],[-79.34865,43.74528],[-79.3487,43.74533],[-79.34874,43.74538],[-79.34879,43.74543],[-79.34884,43.74548],[-79.34889,43.74553],[-79.34893,43.74558],[-79.34898,43.74563],[-79.34903,43.74569],[-79.34904,43.7457],[-79.34907,43.74574],[-79.34911,43.74579],[-79.34916,43.74584],[-79.3492,43.74589],[-79.34924,43.74595],[-79.35274,43.75034],[-79.35276,43.75037],[-79.35279,43.75041],[-79.35282,43.75045],[-79.35284,43.75048],[-79.35287,43.75052],[-79.3529,43.75056],[-79.35293,43.75059],[-79.35296,43.75063],[-79.35301,43.7507],[-79.35338,43.75117],[-79.35437,43.75241],[-79.35556,43.75393],[-79.35804,43.75709],[-79.36011,43.7597],[-79.36192,43.762],[-79.36192,43.76208],[-79.36191,43.76262],[-79.36191,43.76357],[-79.36192,43.76376],[-79.36195,43.76457],[-79.36195,43.76461],[-79.36196,43.76465],[-79.36197,43.76469],[-79.36198,43.76474],[-79.36199,43.76478],[-79.362,43.76482],[-79.36202,43.76486],[-79.36203,43.7649],[-79.36204,43.76494],[-79.36206,43.76499],[-79.36207,43.76503],[-79.36209,43.76507],[-79.36211,43.76511],[-79.36212,43.76515],[-79.36214,43.76519],[-79.36216,43.76523],[-79.36218,43.76527],[-79.3622,43.76531],[-79.36222,43.76535],[-79.36224,43.76539],[-79.36226,43.76543],[-79.36228,43.76547],[-79.3623,43.76551],[-79.36232,43.76554],[-79.36235,43.76558],[-79.36237,43.76562],[-79.36239,43.76565],[-79.36242,43.76569],[-79.36244,43.76573],[-79.36247,43.76576],[-79.3625,43.7658],[-79.36253,43.76584],[-79.36255,43.76587],[-79.36258,43.7659],[-79.36262,43.76595],[-79.36268,43.76603],[-79.36281,43.7662],[-79.36293,43.76635],[-79.36307,43.76654],[-79.36276,43.76655],[-79.35978,43.76668],[-79.35967,43.76669],[-79.35693,43.7668],[-79.35423,43.76697],[-79.35404,43.76698],[-79.35107,43.76719],[-79.34674,43.76751],[-79.34352,43.76772],[-79.34275,43.76777],[-79.34007,43.76796],[-79.33907,43.76803],[-79.33886,43.76804],[-79.33865,43.76805],[-79.33743,43.76814],[-79.33719,43.76815],[-79.3342,43.76837],[-79.33288,43.76845],[-79.33282,43.76845],[-79.33212,43.7685],[-79.33145,43.76851],[-79.33033,43.76852],[-79.32895,43.76855],[-79.32797,43.76856],[-79.32754,43.76856],[-79.32589,43.76859],[-79.32423,43.76859],[-79.32305,43.76858],[-79.32262,43.76857],[-79.32166,43.76858],[-79.32035,43.76859],[-79.31989,43.76857],[-79.31988,43.76856],[-79.3198,43.76837],[-79.31971,43.7682],[-79.31963,43.76802],[-79.31963,43.768],[-79.3196,43.76794],[-79.31954,43.76782],[-79.31946,43.76763],[-79.31938,43.76745],[-79.31931,43.76728],[-79.31925,43.76711],[-79.31918,43.76694],[-79.31912,43.76677],[-79.31906,43.7666],[-79.31883,43.76602],[-79.3186,43.76543],[-79.31817,43.76453],[-79.31812,43.76442],[-79.31804,43.76423],[-79.31796,43.76398],[-79.31753,43.76303],[-79.31724,43.76239],[-79.31709,43.76203],[-79.31705,43.76194],[-79.3169,43.76161],[-79.31662,43.761],[-79.31633,43.76035],[-79.31618,43.75997],[-79.31609,43.75976],[-79.3159,43.75938],[-79.31563,43.75878],[-79.31525,43.75788],[-79.31484,43.75673],[-79.31462,43.75607],[-79.3145,43.75572],[-79.31402,43.75435],[-79.31381,43.75374],[-79.31354,43.75302],[-79.31327,43.75222],[-79.31303,43.75151],[-79.31276,43.75069],[-79.31244,43.74975],[-79.31211,43.74885],[-79.31197,43.74844],[-79.31182,43.74797],[-79.31171,43.74763],[-79.31142,43.74674],[-79.31118,43.74605],[-79.31113,43.74596],[-79.31094,43.74542],[-79.31079,43.74497],[-79.31058,43.74439],[-79.31031,43.74356],[-79.31003,43.74273],[-79.3098,43.74215],[-79.30935,43.74093],[-79.30923,43.74068],[-79.3089,43.73984],[-79.30847,43.73881],[-79.30834,43.7385],[-79.30774,43.73705],[-79.30765,43.73684],[-79.30743,43.73628],[-79.30676,43.73467],[-79.30623,43.73337],[-79.30589,43.73256],[-79.30561,43.73188],[-79.30512,43.73067],[-79.305,43.7304],[-79.30451,43.7292],[-79.30439,43.7289],[-79.30414,43.72828],[-79.30399,43.72791],[-79.30395,43.72783],[-79.30347,43.7267],[-79.30265,43.72473],[-79.3021,43.72339],[-79.30166,43.72228],[-79.30103,43.72082],[-79.30059,43.7198],[-79.30056,43.71972],[-79.30018,43.71878],[-79.29979,43.71787],[-79.29929,43.71668],[-79.29916,43.71638],[-79.30178,43.71583],[-79.30376,43.71542],[-79.30534,43.71511],[-79.30533,43.71512],[-79.30527,43.71521],[-79.3052,43.71532],[-79.30515,43.71542],[-79.30506,43.71564],[-79.30502,43.71575],[-79.30499,43.71585],[-79.30496,43.71593],[-79.30494,43.716],[-79.30492,43.71615],[-79.30491,43.71628],[-79.30489,43.71643],[-79.30487,43.7166],[-79.30484,43.71672],[-79.30481,43.71686],[-79.30539,43.71674],[-79.30647,43.7165],[-79.30902,43.71594],[-79.31006,43.71571],[-79.3112,43.71546],[-79.31199,43.71728],[-79.31335,43.717],[-79.3195,43.71564]]]}},{"type":"Feature","properties":{"num":35,"name":"Scarborough Southwest"},"geometry":{"type":"Polygon","coordinates":[[[-79.29916,43.71638],[-79.29929,43.71668],[-79.29979,43.71787],[-79.30018,43.71878],[-79.30056,43.71972],[-79.30059,43.7198],[-79.30103,43.72082],[-79.30166,43.72228],[-79.3021,43.72339],[-79.30265,43.72473],[-79.3023,43.72472],[-79.30199,43.72475],[-79.30141,43.72483],[-79.30126,43.72485],[-79.30054,43.72498],[-79.30029,43.72503],[-79.29942,43.72522],[-79.29812,43.72552],[-79.29752,43.72566],[-79.29743,43.72568],[-79.29432,43.72637],[-79.29423,43.72639],[-79.29147,43.72701],[-79.28994,43.72735],[-79.28762,43.72786],[-79.28616,43.72819],[-79.28483,43.72848],[-79.28287,43.72892],[-79.28124,43.72927],[-79.28073,43.72938],[-79.27923,43.72971],[-79.27786,43.72997],[-79.27596,43.73038],[-79.27422,43.73078],[-79.27396,43.73084],[-79.27389,43.73086],[-79.27283,43.7311],[-79.27198,43.73128],[-79.27121,43.73145],[-79.26984,43.73177],[-79.26793,43.73221],[-79.26684,43.73249],[-79.26606,43.73269],[-79.26485,43.73298],[-79.26467,43.73302],[-79.26329,43.73335],[-79.26313,43.73339],[-79.26297,43.73342],[-79.26238,43.73356],[-79.26179,43.7337],[-79.26095,43.73391],[-79.26019,43.73408],[-79.25917,43.73432],[-79.25811,43.73454],[-79.25743,43.73468],[-79.25684,43.73482],[-79.25561,43.73509],[-79.25437,43.73535],[-79.25319,43.73559],[-79.25205,43.73586],[-79.25023,43.73624],[-79.24809,43.73671],[-79.24617,43.73711],[-79.24374,43.73764],[-79.24157,43.73814],[-79.23836,43.73886],[-79.23526,43.73954],[-79.23206,43.74027],[-79.23017,43.74069],[-79.23012,43.7407],[-79.23248,43.73923],[-79.23423,43.73814],[-79.23598,43.73704],[-79.23714,43.73632],[-79.23993,43.73458],[-79.23998,43.73455],[-79.24199,43.73328],[-79.2421,43.73322],[-79.2422,43.73315],[-79.24231,43.73308],[-79.24242,43.73302],[-79.24252,43.73295],[-79.24262,43.73288],[-79.24273,43.73281],[-79.24283,43.73274],[-79.24293,43.73268],[-79.24304,43.73261],[-79.24314,43.73254],[-79.24324,43.73246],[-79.24334,43.73239],[-79.24344,43.73232],[-79.24354,43.73225],[-79.24364,43.73218],[-79.24373,43.7321],[-79.24383,43.73203],[-79.24393,43.73196],[-79.24402,43.73188],[-79.24412,43.73181],[-79.24422,43.73173],[-79.24431,43.73166],[-79.2444,43.73158],[-79.2445,43.73151],[-79.24459,43.73143],[-79.24468,43.73135],[-79.24477,43.73128],[-79.24486,43.7312],[-79.24495,43.73112],[-79.24504,43.73104],[-79.24512,43.73096],[-79.24521,43.73088],[-79.2453,43.7308],[-79.24538,43.73072],[-79.24547,43.73064],[-79.24549,43.73061],[-79.24555,43.73056],[-79.24563,43.73048],[-79.24571,43.7304],[-79.2458,43.73032],[-79.24588,43.73023],[-79.24596,43.73015],[-79.24604,43.73007],[-79.24612,43.72999],[-79.2462,43.7299],[-79.24627,43.72982],[-79.24635,43.72973],[-79.24643,43.72965],[-79.2465,43.72956],[-79.24658,43.72948],[-79.24665,43.72939],[-79.24672,43.72931],[-79.2468,43.72922],[-79.24687,43.72913],[-79.24695,43.72903],[-79.24703,43.72892],[-79.24711,43.72881],[-79.24719,43.72871],[-79.24727,43.7286],[-79.24735,43.72849],[-79.24743,43.72839],[-79.24751,43.72828],[-79.24759,43.72817],[-79.24766,43.72806],[-79.24774,43.72795],[-79.24781,43.72784],[-79.24789,43.72773],[-79.24796,43.72762],[-79.24803,43.72751],[-79.2481,43.7274],[-79.24817,43.72729],[-79.24825,43.72718],[-79.24886,43.72627],[-79.25043,43.72393],[-79.25135,43.72254],[-79.25232,43.72108],[-79.25263,43.7206],[-79.25323,43.71969],[-79.25338,43.71946],[-79.25402,43.71849],[-79.25423,43.71817],[-79.25428,43.7181],[-79.25539,43.71643],[-79.25653,43.71474],[-79.25654,43.71474],[-79.25658,43.71467],[-79.25747,43.71339],[-79.25762,43.71316],[-79.25892,43.71113],[-79.25917,43.71076],[-79.26254,43.70569],[-79.26269,43.70547],[-79.26563,43.701],[-79.26578,43.70082],[-79.26583,43.70072],[-79.26593,43.70057],[-79.26626,43.70006],[-79.26674,43.69932],[-79.26738,43.69846],[-79.26842,43.69723],[-79.2691,43.69655],[-79.26986,43.69585],[-79.27009,43.69567],[-79.27062,43.69526],[-79.27107,43.69492],[-79.27127,43.69478],[-79.27166,43.69452],[-79.2721,43.69421],[-79.27258,43.69393],[-79.27305,43.69366],[-79.2733,43.69353],[-79.2737,43.6933],[-79.27447,43.69291],[-79.27534,43.69252],[-79.2763,43.69212],[-79.27702,43.69186],[-79.27724,43.69178],[-79.27748,43.6917],[-79.27788,43.69156],[-79.2781,43.6915],[-79.27849,43.69139],[-79.27913,43.6912],[-79.27974,43.69105],[-79.27997,43.69099],[-79.2803,43.69091],[-79.28064,43.69084],[-79.28103,43.69075],[-79.28157,43.69063],[-79.28229,43.69046],[-79.28261,43.69039],[-79.28288,43.69033],[-79.28326,43.69024],[-79.28346,43.6902],[-79.28408,43.69005],[-79.28494,43.68985],[-79.28559,43.6897],[-79.28591,43.68963],[-79.28603,43.68961],[-79.28654,43.68949],[-79.28736,43.68932],[-79.28756,43.6893],[-79.28776,43.68979],[-79.28793,43.69019],[-79.28836,43.69124],[-79.2887,43.6921],[-79.28902,43.69288],[-79.28918,43.69324],[-79.28944,43.69385],[-79.28968,43.69452],[-79.28969,43.69454],[-79.28982,43.69496],[-79.28999,43.69537],[-79.29023,43.69599],[-79.29049,43.69656],[-79.29077,43.69724],[-79.29096,43.69767],[-79.29116,43.69808],[-79.2913,43.69836],[-79.29149,43.69872],[-79.29171,43.69912],[-79.29191,43.69949],[-79.29208,43.69982],[-79.29223,43.70012],[-79.29233,43.70035],[-79.29244,43.70063],[-79.29279,43.70143],[-79.29286,43.7016],[-79.29314,43.70223],[-79.29348,43.70303],[-79.29367,43.70348],[-79.29383,43.70383],[-79.29422,43.70472],[-79.2945,43.70537],[-79.29475,43.70595],[-79.29498,43.70651],[-79.29529,43.70724],[-79.29572,43.7082],[-79.29599,43.70879],[-79.29619,43.70929],[-79.29645,43.70993],[-79.29676,43.71071],[-79.29682,43.71085],[-79.29708,43.71148],[-79.29741,43.71225],[-79.29771,43.71297],[-79.29778,43.71313],[-79.29806,43.71379],[-79.29837,43.71452],[-79.29864,43.71516],[-79.29866,43.71521],[-79.29896,43.71592],[-79.29916,43.71638]]]}},{"type":"Feature","properties":{"num":36,"name":"Scarborough Southwest"},"geometry":{"type":"Polygon","coordinates":[[[-79.23319,43.7069],[-79.23326,43.7069],[-79.23334,43.70688],[-79.2334,43.70683],[-79.23347,43.7068],[-79.23356,43.7068],[-79.23365,43.70682],[-79.23374,43.70688],[-79.23382,43.7069],[-79.23386,43.70685],[-79.23383,43.70682],[-79.23376,43.70678],[-79.23377,43.70675],[-79.23383,43.7067],[-79.23389,43.70665],[-79.23394,43.70665],[-79.234,43.70669],[-79.23406,43.70673],[-79.23412,43.70671],[-79.23414,43.70666],[-79.23409,43.70663],[-79.23404,43.70658],[-79.234,43.70654],[-79.23398,43.70648],[-79.23398,43.70641],[-79.23405,43.7064],[-79.23414,43.70641],[-79.23424,43.70643],[-79.23434,43.70643],[-79.23438,43.70636],[-79.23434,43.70632],[-79.2343,43.70626],[-79.23423,43.70621],[-79.23415,43.70617],[-79.23405,43.70613],[-79.23396,43.70611],[-79.23392,43.70606],[-79.23382,43.706],[-79.23374,43.70594],[-79.23365,43.70589],[-79.23361,43.70583],[-79.23365,43.70577],[-79.23374,43.70574],[-79.23381,43.70571],[-79.23385,43.70563],[-79.23388,43.70555],[-79.23391,43.70546],[-79.23397,43.70539],[-79.23404,43.7054],[-79.23412,43.70544],[-79.23416,43.7054],[-79.23424,43.70535],[-79.23434,43.70531],[-79.23445,43.70526],[-79.23457,43.70519],[-79.23468,43.70515],[-79.23481,43.70509],[-79.23493,43.70503],[-79.23503,43.70498],[-79.23515,43.70492],[-79.23523,43.70487],[-79.23527,43.70485],[-79.23537,43.70478],[-79.23548,43.7047],[-79.23558,43.70463],[-79.23568,43.70456],[-79.23578,43.7045],[-79.23587,43.70442],[-79.23592,43.70435],[-79.23598,43.70427],[-79.23604,43.70418],[-79.2361,43.70409],[-79.23616,43.70401],[-79.2362,43.70392],[-79.23625,43.70384],[-79.23631,43.70377],[-79.23636,43.70369],[-79.2364,43.70361],[-79.23643,43.70352],[-79.23646,43.70343],[-79.2365,43.70336],[-79.23654,43.70329],[-79.23657,43.7032],[-79.23659,43.70312],[-79.2366,43.70303],[-79.23658,43.70294],[-79.23658,43.70285],[-79.23655,43.70279],[-79.23652,43.7027],[-79.2365,43.70262],[-79.23648,43.70255],[-79.23644,43.70249],[-79.2364,43.70242],[-79.23635,43.70236],[-79.23628,43.70231],[-79.23621,43.70226],[-79.23615,43.70219],[-79.23611,43.70211],[-79.23604,43.70206],[-79.23596,43.70204],[-79.23589,43.70204],[-79.2358,43.702],[-79.23571,43.70196],[-79.23564,43.70192],[-79.23556,43.70191],[-79.23553,43.70188],[-79.23551,43.70182],[-79.23548,43.70174],[-79.23543,43.70168],[-79.23548,43.7016],[-79.23549,43.70152],[-79.23554,43.70145],[-79.23557,43.70138],[-79.23559,43.70132],[-79.23565,43.70126],[-79.23574,43.70124],[-79.23584,43.70123],[-79.23593,43.70122],[-79.23602,43.70121],[-79.23612,43.70121],[-79.23621,43.70124],[-79.2363,43.70128],[-79.23639,43.70132],[-79.23648,43.70137],[-79.23654,43.70142],[-79.2366,43.70148],[-79.23662,43.70154],[-79.23663,43.70162],[-79.23666,43.7017],[-79.23672,43.70177],[-79.23679,43.70183],[-79.23686,43.7019],[-79.23693,43.70196],[-79.23701,43.70203],[-79.23708,43.70209],[-79.23717,43.70214],[-79.23727,43.70218],[-79.23735,43.70221],[-79.23745,43.70223],[-79.23757,43.70224],[-79.23769,43.70224],[-79.23778,43.70225],[-79.23787,43.70225],[-79.23798,43.70225],[-79.23809,43.70225],[-79.23819,43.70223],[-79.23826,43.7022],[-79.23829,43.70215],[-79.23829,43.7021],[-79.23834,43.70205],[-79.2384,43.702],[-79.23846,43.70196],[-79.23854,43.70193],[-79.23862,43.70191],[-79.23871,43.7019],[-79.23876,43.7019],[-79.23883,43.70193],[-79.23892,43.70195],[-79.23901,43.70197],[-79.2391,43.702],[-79.23915,43.70206],[-79.23917,43.70212],[-79.2392,43.70219],[-79.23921,43.70227],[-79.23922,43.70233],[-79.23917,43.70239],[-79.23913,43.70244],[-79.23906,43.7025],[-79.23899,43.70253],[-79.2389,43.70254],[-79.23883,43.70254],[-79.23875,43.70252],[-79.23868,43.70248],[-79.2386,43.70247],[-79.2385,43.70248],[-79.2384,43.70251],[-79.23829,43.70254],[-79.2382,43.70259],[-79.23814,43.70265],[-79.23809,43.70271],[-79.23801,43.70275],[-79.23794,43.70278],[-79.23788,43.70281],[-79.23783,43.70283],[-79.23779,43.70285],[-79.23776,43.70288],[-79.23773,43.70293],[-79.23768,43.70298],[-79.23765,43.70305],[-79.23765,43.70314],[-79.23765,43.70321],[-79.23765,43.70328],[-79.23764,43.70337],[-79.23763,43.70344],[-79.23761,43.70352],[-79.23756,43.70359],[-79.2375,43.70366],[-79.23741,43.70372],[-79.23733,43.70378],[-79.23724,43.70384],[-79.23716,43.7039],[-79.23708,43.70396],[-79.23699,43.704],[-79.23691,43.70405],[-79.23686,43.70411],[-79.23679,43.70417],[-79.23677,43.70424],[-79.23677,43.70432],[-79.23674,43.70439],[-79.2367,43.70448],[-79.23667,43.70456],[-79.23668,43.70465],[-79.23674,43.70473],[-79.23683,43.70481],[-79.23693,43.70488],[-79.23705,43.70495],[-79.23718,43.705],[-79.23728,43.70505],[-79.2374,43.70507],[-79.23752,43.70505],[-79.2376,43.70499],[-79.23769,43.70494],[-79.23779,43.7049],[-79.23791,43.70486],[-79.23802,43.70483],[-79.23812,43.70479],[-79.23823,43.70474],[-79.23831,43.70471],[-79.23842,43.70468],[-79.23855,43.70467],[-79.2386,43.70461],[-79.23858,43.70455],[-79.23854,43.70449],[-79.23848,43.70443],[-79.23842,43.70438],[-79.23833,43.70434],[-79.23823,43.70433],[-79.23813,43.70432],[-79.23801,43.70432],[-79.23787,43.70434],[-79.23775,43.70435],[-79.23767,43.70436],[-79.2376,43.70434],[-79.23756,43.70429],[-79.23759,43.70423],[-79.23767,43.70418],[-79.23777,43.70416],[-79.23787,43.70416],[-79.23797,43.70417],[-79.23806,43.70419],[-79.23816,43.70421],[-79.23828,43.70423],[-79.2384,43.70424],[-79.2385,43.70426],[-79.23861,43.70427],[-79.23871,43.70424],[-79.2388,43.7042],[-79.23889,43.70416],[-79.23899,43.70413],[-79.2391,43.70411],[-79.23922,43.70409],[-79.23932,43.70407],[-79.23941,43.70401],[-79.2395,43.70395],[-79.23958,43.7039],[-79.23966,43.70384],[-79.23973,43.70376],[-79.23973,43.70368],[-79.23963,43.70365],[-79.23953,43.70367],[-79.23943,43.70366],[-79.23934,43.70366],[-79.23924,43.70365],[-79.23913,43.70364],[-79.23904,43.70362],[-79.23899,43.70358],[-79.23896,43.70353],[-79.2389,43.70349],[-79.23883,43.70348],[-79.23876,43.70345],[-79.23871,43.70342],[-79.23867,43.70337],[-79.23863,43.70332],[-79.23857,43.70328],[-79.23852,43.70324],[-79.23845,43.7032],[-79.2384,43.70316],[-79.23833,43.70313],[-79.23828,43.70308],[-79.23822,43.70306],[-79.23815,43.70305],[-79.23816,43.70301],[-79.23821,43.703],[-79.23827,43.70302],[-79.23835,43.70307],[-79.23845,43.70311],[-79.23855,43.70317],[-79.23865,43.70323],[-79.23875,43.70329],[-79.23887,43.70335],[-79.239,43.70339],[-79.23913,43.70342],[-79.23927,43.70345],[-79.23938,43.70349],[-79.23953,43.70351],[-79.23969,43.70352],[-79.23983,43.70353],[-79.23999,43.70353],[-79.24013,43.7035],[-79.24024,43.70345],[-79.24035,43.70339],[-79.24039,43.70337],[-79.24044,43.70333],[-79.24051,43.70328],[-79.24058,43.70321],[-79.24067,43.70314],[-79.24077,43.70307],[-79.2409,43.70301],[-79.24102,43.70296],[-79.24112,43.70288],[-79.24122,43.7028],[-79.2413,43.70272],[-79.24139,43.70265],[-79.2415,43.70259],[-79.24159,43.70255],[-79.24166,43.70248],[-79.24174,43.70242],[-79.24183,43.70238],[-79.2419,43.70233],[-79.24192,43.70227],[-79.24203,43.70221],[-79.24217,43.70216],[-79.2423,43.70211],[-79.24244,43.70205],[-79.24258,43.70199],[-79.24271,43.70191],[-79.24284,43.70185],[-79.24298,43.70179],[-79.24311,43.70174],[-79.24323,43.70169],[-79.24333,43.70163],[-79.24347,43.70158],[-79.24358,43.7015],[-79.24368,43.70142],[-79.24381,43.70133],[-79.24393,43.70126],[-79.24406,43.7012],[-79.24416,43.70112],[-79.2442,43.70109],[-79.24426,43.70104],[-79.24435,43.70094],[-79.24442,43.70084],[-79.24451,43.70073],[-79.24462,43.70065],[-79.24476,43.70058],[-79.24492,43.70054],[-79.24508,43.70048],[-79.24523,43.70042],[-79.24535,43.70034],[-79.24546,43.70025],[-79.24555,43.70017],[-79.24562,43.70008],[-79.24572,43.7],[-79.24584,43.69995],[-79.24597,43.69989],[-79.24612,43.69982],[-79.24625,43.69976],[-79.24633,43.6997],[-79.24636,43.69963],[-79.24633,43.69956],[-79.2463,43.69953],[-79.24622,43.6995],[-79.24619,43.69944],[-79.24626,43.69937],[-79.24672,43.69906],[-79.24677,43.69903],[-79.24683,43.69901],[-79.24688,43.69898],[-79.24694,43.69896],[-79.24702,43.69893],[-79.24707,43.6989],[-79.24712,43.69888],[-79.24718,43.69883],[-79.24722,43.69881],[-79.24728,43.69877],[-79.24732,43.69873],[-79.2474,43.6987],[-79.24745,43.69868],[-79.24752,43.69866],[-79.24757,43.69865],[-79.24763,43.69864],[-79.24778,43.6986],[-79.24833,43.6984],[-79.24845,43.69836],[-79.2485,43.69834],[-79.24861,43.6983],[-79.24881,43.69825],[-79.24901,43.69821],[-79.24921,43.69814],[-79.24942,43.69809],[-79.24958,43.698],[-79.24976,43.69791],[-79.24993,43.69781],[-79.25011,43.6977],[-79.25028,43.69759],[-79.25046,43.69748],[-79.25062,43.69737],[-79.25081,43.69728],[-79.25098,43.6972],[-79.25112,43.69709],[-79.25126,43.69698],[-79.25142,43.6969],[-79.25159,43.69683],[-79.25174,43.69677],[-79.25187,43.69673],[-79.25202,43.69671],[-79.25215,43.69664],[-79.25228,43.69655],[-79.2524,43.69654],[-79.25255,43.69655],[-79.25271,43.69647],[-79.25285,43.69638],[-79.25303,43.69631],[-79.2531,43.6963],[-79.2532,43.69628],[-79.25337,43.69619],[-79.25346,43.6961],[-79.25353,43.69599],[-79.2537,43.69595],[-79.25387,43.69587],[-79.25406,43.69579],[-79.25426,43.6957],[-79.25445,43.69561],[-79.25464,43.69554],[-79.25474,43.69548],[-79.2548,43.69545],[-79.25497,43.69538],[-79.25513,43.6953],[-79.25532,43.69522],[-79.2555,43.69513],[-79.25567,43.69503],[-79.2558,43.69494],[-79.25583,43.69489],[-79.25588,43.69482],[-79.256,43.69472],[-79.25617,43.69463],[-79.2563,43.69453],[-79.25643,43.69442],[-79.25647,43.6943],[-79.25659,43.69421],[-79.25677,43.69415],[-79.25692,43.69406],[-79.25705,43.69393],[-79.25715,43.69379],[-79.25722,43.69365],[-79.25731,43.69355],[-79.25749,43.69354],[-79.2576,43.69349],[-79.25767,43.69346],[-79.25783,43.69336],[-79.25795,43.69323],[-79.25805,43.69309],[-79.25811,43.69294],[-79.25815,43.6928],[-79.25825,43.69272],[-79.25841,43.69265],[-79.25855,43.69255],[-79.25867,43.69241],[-79.25877,43.69227],[-79.25883,43.69214],[-79.25885,43.69202],[-79.25891,43.69193],[-79.25907,43.69189],[-79.2592,43.6918],[-79.25931,43.69167],[-79.25937,43.69154],[-79.25942,43.69141],[-79.25944,43.69128],[-79.25945,43.69119],[-79.25957,43.69111],[-79.25971,43.69101],[-79.25982,43.69089],[-79.2599,43.69076],[-79.25994,43.69062],[-79.25998,43.69052],[-79.26011,43.69047],[-79.26026,43.6904],[-79.26037,43.69029],[-79.26047,43.69017],[-79.26059,43.69004],[-79.26065,43.68993],[-79.26065,43.68983],[-79.26076,43.6898],[-79.26087,43.68975],[-79.26097,43.68964],[-79.26106,43.68953],[-79.26107,43.68952],[-79.26119,43.68941],[-79.26133,43.68927],[-79.26146,43.68914],[-79.26158,43.689],[-79.2617,43.68888],[-79.26185,43.68879],[-79.26195,43.68871],[-79.26198,43.68868],[-79.26209,43.68857],[-79.26219,43.68845],[-79.26229,43.68834],[-79.26237,43.68823],[-79.26242,43.68813],[-79.26249,43.68805],[-79.2626,43.688],[-79.26267,43.68806],[-79.26274,43.68816],[-79.26292,43.68815],[-79.26308,43.68805],[-79.26321,43.68793],[-79.26331,43.6878],[-79.26342,43.68767],[-79.26351,43.68753],[-79.26358,43.6874],[-79.26364,43.68727],[-79.26368,43.68716],[-79.26367,43.68707],[-79.26357,43.68705],[-79.26348,43.68708],[-79.26347,43.68703],[-79.26356,43.68694],[-79.26364,43.68685],[-79.26375,43.68673],[-79.26388,43.68661],[-79.26403,43.6865],[-79.26417,43.68638],[-79.26434,43.68627],[-79.26446,43.68619],[-79.26451,43.68617],[-79.26467,43.68605],[-79.26483,43.68593],[-79.265,43.68582],[-79.26504,43.68579],[-79.26515,43.68572],[-79.26528,43.68559],[-79.26543,43.68546],[-79.26556,43.68534],[-79.26571,43.68522],[-79.26587,43.68511],[-79.26601,43.68499],[-79.26614,43.68486],[-79.26626,43.68474],[-79.26639,43.68462],[-79.26653,43.68458],[-79.26664,43.68448],[-79.26674,43.68437],[-79.26685,43.68425],[-79.26692,43.68412],[-79.26697,43.68399],[-79.2671,43.68393],[-79.26727,43.68389],[-79.2674,43.68381],[-79.2675,43.68368],[-79.2676,43.68355],[-79.26767,43.68343],[-79.26769,43.68331],[-79.26782,43.68325],[-79.26797,43.68318],[-79.26811,43.68309],[-79.26821,43.68296],[-79.26829,43.68284],[-79.26831,43.68272],[-79.26833,43.68262],[-79.26842,43.68254],[-79.26855,43.68246],[-79.26866,43.68236],[-79.26877,43.68226],[-79.26889,43.68214],[-79.26891,43.68212],[-79.269,43.68201],[-79.26913,43.68189],[-79.26924,43.68178],[-79.26936,43.68167],[-79.26941,43.68158],[-79.26952,43.6815],[-79.26965,43.6814],[-79.26971,43.68132],[-79.26973,43.68125],[-79.26983,43.68121],[-79.26995,43.68116],[-79.27001,43.68107],[-79.27002,43.68097],[-79.27009,43.68087],[-79.27022,43.6808],[-79.27036,43.68073],[-79.27039,43.68064],[-79.27032,43.68056],[-79.27047,43.68052],[-79.27059,43.68047],[-79.27072,43.68038],[-79.27083,43.68027],[-79.27091,43.68015],[-79.27098,43.68004],[-79.271,43.67993],[-79.27108,43.67984],[-79.2712,43.67979],[-79.27133,43.67971],[-79.27142,43.67964],[-79.2715,43.67958],[-79.27155,43.67951],[-79.27161,43.67941],[-79.2717,43.67931],[-79.27183,43.67924],[-79.27193,43.67914],[-79.27202,43.679],[-79.27209,43.67889],[-79.27212,43.67879],[-79.27223,43.67874],[-79.27237,43.6787],[-79.2725,43.67862],[-79.27264,43.67853],[-79.27272,43.6784],[-79.27283,43.67826],[-79.27294,43.67813],[-79.27302,43.67801],[-79.27304,43.67788],[-79.27306,43.67776],[-79.27316,43.67763],[-79.27328,43.67753],[-79.27337,43.67742],[-79.27342,43.67732],[-79.27344,43.67722],[-79.27354,43.67714],[-79.27366,43.67705],[-79.27379,43.67697],[-79.27389,43.67687],[-79.27398,43.67675],[-79.27399,43.67674],[-79.27408,43.67666],[-79.27414,43.67657],[-79.27421,43.67648],[-79.27491,43.67572],[-79.27511,43.67539],[-79.27545,43.67507],[-79.27551,43.67493],[-79.27568,43.67469],[-79.27583,43.67454],[-79.27598,43.6743],[-79.27603,43.67418],[-79.2761,43.67415],[-79.27619,43.67412],[-79.27632,43.67402],[-79.27644,43.67392],[-79.27654,43.67379],[-79.27661,43.67365],[-79.27672,43.67353],[-79.27682,43.67342],[-79.27687,43.67332],[-79.27691,43.67323],[-79.27701,43.67313],[-79.27711,43.67301],[-79.27722,43.67287],[-79.2773,43.67274],[-79.27739,43.67263],[-79.27748,43.67249],[-79.27756,43.67234],[-79.27762,43.67221],[-79.27766,43.6721],[-79.27778,43.67209],[-79.27787,43.6721],[-79.27802,43.67215],[-79.27819,43.67219],[-79.27833,43.67219],[-79.27966,43.67118],[-79.27967,43.67113],[-79.27973,43.67108],[-79.27985,43.67107],[-79.27988,43.67111],[-79.27991,43.67113],[-79.27994,43.67119],[-79.27994,43.6712],[-79.28005,43.67117],[-79.28013,43.67136],[-79.28002,43.67139],[-79.28106,43.67391],[-79.2812,43.67388],[-79.28122,43.67397],[-79.28316,43.67865],[-79.28391,43.68046],[-79.28406,43.68082],[-79.28421,43.68117],[-79.28438,43.68161],[-79.28468,43.68232],[-79.28498,43.68305],[-79.28511,43.68336],[-79.28528,43.68379],[-79.28586,43.68517],[-79.28625,43.68611],[-79.28658,43.68692],[-79.287,43.68795],[-79.28756,43.6893],[-79.28736,43.68932],[-79.28654,43.68949],[-79.28603,43.68961],[-79.28591,43.68963],[-79.28559,43.6897],[-79.28494,43.68985],[-79.28408,43.69005],[-79.28346,43.6902],[-79.28326,43.69024],[-79.28288,43.69033],[-79.28261,43.69039],[-79.28229,43.69046],[-79.28157,43.69063],[-79.28103,43.69075],[-79.28064,43.69084],[-79.2803,43.69091],[-79.27997,43.69099],[-79.27974,43.69105],[-79.27913,43.6912],[-79.27849,43.69139],[-79.2781,43.6915],[-79.27788,43.69156],[-79.27748,43.6917],[-79.27724,43.69178],[-79.27702,43.69186],[-79.2763,43.69212],[-79.27534,43.69252],[-79.27447,43.69291],[-79.2737,43.6933],[-79.2733,43.69353],[-79.27305,43.69366],[-79.27258,43.69393],[-79.2721,43.69421],[-79.27166,43.69452],[-79.27127,43.69478],[-79.27107,43.69492],[-79.27062,43.69526],[-79.27009,43.69567],[-79.26986,43.69585],[-79.2691,43.69655],[-79.26842,43.69723],[-79.26738,43.69846],[-79.26674,43.69932],[-79.26626,43.70006],[-79.26593,43.70057],[-79.26583,43.70072],[-79.26578,43.70082],[-79.26563,43.701],[-79.26269,43.70547],[-79.26254,43.70569],[-79.25917,43.71076],[-79.25892,43.71113],[-79.25762,43.71316],[-79.25747,43.71339],[-79.25658,43.71467],[-79.25654,43.71474],[-79.25653,43.71474],[-79.25539,43.71643],[-79.25428,43.7181],[-79.25423,43.71817],[-79.25402,43.71849],[-79.25338,43.71946],[-79.25323,43.71969],[-79.25263,43.7206],[-79.25232,43.72108],[-79.25135,43.72254],[-79.25043,43.72393],[-79.24886,43.72627],[-79.24825,43.72718],[-79.24817,43.72729],[-79.2481,43.7274],[-79.24803,43.72751],[-79.24796,43.72762],[-79.24789,43.72773],[-79.24781,43.72784],[-79.24774,43.72795],[-79.24766,43.72806],[-79.24759,43.72817],[-79.24751,43.72828],[-79.24743,43.72839],[-79.24735,43.72849],[-79.24727,43.7286],[-79.24719,43.72871],[-79.24711,43.72881],[-79.24703,43.72892],[-79.24695,43.72903],[-79.24687,43.72913],[-79.2468,43.72922],[-79.24672,43.72931],[-79.24665,43.72939],[-79.24658,43.72948],[-79.2465,43.72956],[-79.24643,43.72965],[-79.24635,43.72973],[-79.24627,43.72982],[-79.2462,43.7299],[-79.24612,43.72999],[-79.24604,43.73007],[-79.24596,43.73015],[-79.24588,43.73023],[-79.2458,43.73032],[-79.24571,43.7304],[-79.24563,43.73048],[-79.24555,43.73056],[-79.24549,43.73061],[-79.24547,43.73064],[-79.24538,43.73072],[-79.2453,43.7308],[-79.24521,43.73088],[-79.24512,43.73096],[-79.24504,43.73104],[-79.24495,43.73112],[-79.24486,43.7312],[-79.24477,43.73128],[-79.24468,43.73135],[-79.24459,43.73143],[-79.2445,43.73151],[-79.2444,43.73158],[-79.24431,43.73166],[-79.24422,43.73173],[-79.24412,43.73181],[-79.24402,43.73188],[-79.24393,43.73196],[-79.24383,43.73203],[-79.24373,43.7321],[-79.24364,43.73218],[-79.24354,43.73225],[-79.24344,43.73232],[-79.24334,43.73239],[-79.24324,43.73246],[-79.24314,43.73254],[-79.24304,43.73261],[-79.24293,43.73268],[-79.24283,43.73274],[-79.24273,43.73281],[-79.24262,43.73288],[-79.24252,43.73295],[-79.24242,43.73302],[-79.24231,43.73308],[-79.2422,43.73315],[-79.2421,43.73322],[-79.24199,43.73328],[-79.23998,43.73455],[-79.23993,43.73458],[-79.23714,43.73632],[-79.23598,43.73704],[-79.23423,43.73814],[-79.23248,43.73923],[-79.23012,43.7407],[-79.22868,43.74103],[-79.22517,43.7418],[-79.22211,43.7425],[-79.22057,43.74285],[-79.21892,43.74319],[-79.2197,43.74503],[-79.21973,43.74511],[-79.22033,43.74655],[-79.2209,43.74785],[-79.22066,43.748],[-79.22059,43.74804],[-79.22051,43.74809],[-79.22043,43.74813],[-79.22035,43.74818],[-79.22027,43.74822],[-79.22019,43.74826],[-79.22011,43.74831],[-79.22003,43.74835],[-79.21995,43.74839],[-79.21987,43.74843],[-79.21979,43.74847],[-79.21971,43.74851],[-79.21962,43.74855],[-79.21954,43.74859],[-79.21946,43.74863],[-79.21938,43.74866],[-79.2193,43.7487],[-79.21922,43.74874],[-79.21914,43.74877],[-79.21906,43.7488],[-79.21898,43.74884],[-79.2189,43.74887],[-79.21882,43.7489],[-79.21873,43.74894],[-79.21865,43.74897],[-79.21857,43.749],[-79.21849,43.74903],[-79.2184,43.74906],[-79.21832,43.74909],[-79.21823,43.74912],[-79.21815,43.74915],[-79.21806,43.74917],[-79.21798,43.7492],[-79.21789,43.74923],[-79.21781,43.74925],[-79.21772,43.74928],[-79.21764,43.7493],[-79.21755,43.74933],[-79.21746,43.74935],[-79.21737,43.74938],[-79.21729,43.7494],[-79.2172,43.74942],[-79.21711,43.74944],[-79.21702,43.74947],[-79.21693,43.74949],[-79.21685,43.74951],[-79.21676,43.74953],[-79.21667,43.74955],[-79.21411,43.7502],[-79.214,43.75022],[-79.2139,43.75025],[-79.21381,43.75027],[-79.21371,43.7503],[-79.21361,43.75033],[-79.21351,43.75035],[-79.21342,43.75038],[-79.21332,43.75041],[-79.21323,43.75044],[-79.21313,43.75047],[-79.21303,43.75049],[-79.21294,43.75052],[-79.21284,43.75056],[-79.21275,43.75059],[-79.21266,43.75062],[-79.21256,43.75065],[-79.21247,43.75068],[-79.21238,43.75072],[-79.21228,43.75075],[-79.21219,43.75079],[-79.2121,43.75082],[-79.21201,43.75086],[-79.21192,43.75089],[-79.2118,43.75094],[-79.21169,43.75098],[-79.21158,43.75102],[-79.21147,43.75107],[-79.21136,43.75111],[-79.21128,43.75114],[-79.21124,43.75116],[-79.21113,43.75121],[-79.21102,43.75125],[-79.21091,43.7513],[-79.2108,43.75135],[-79.2107,43.7514],[-79.21059,43.75145],[-79.21048,43.7515],[-79.21029,43.75158],[-79.2101,43.75167],[-79.20991,43.75176],[-79.20971,43.75184],[-79.20952,43.75193],[-79.20933,43.75201],[-79.20913,43.7521],[-79.20894,43.75218],[-79.20874,43.75226],[-79.20855,43.75235],[-79.20835,43.75243],[-79.20825,43.75247],[-79.20815,43.75252],[-79.20804,43.75256],[-79.20794,43.7526],[-79.20783,43.75264],[-79.20773,43.75269],[-79.20762,43.75273],[-79.20752,43.75277],[-79.20741,43.75281],[-79.20731,43.75285],[-79.2072,43.75289],[-79.20709,43.75292],[-79.20699,43.75296],[-79.20688,43.753],[-79.20677,43.75304],[-79.20666,43.75307],[-79.20655,43.75311],[-79.20645,43.75314],[-79.20634,43.75318],[-79.20633,43.75318],[-79.20623,43.75321],[-79.20612,43.75325],[-79.20601,43.75328],[-79.2059,43.75331],[-79.20578,43.75334],[-79.20567,43.75337],[-79.20556,43.7534],[-79.20545,43.75343],[-79.20534,43.75346],[-79.20523,43.75349],[-79.20511,43.75352],[-79.205,43.75355],[-79.20489,43.75358],[-79.20477,43.7536],[-79.20466,43.75363],[-79.20454,43.75366],[-79.20431,43.7537],[-79.20408,43.75375],[-79.20385,43.75379],[-79.20362,43.75384],[-79.20341,43.75388],[-79.20339,43.75388],[-79.20316,43.75393],[-79.20293,43.75398],[-79.2027,43.75403],[-79.20247,43.75408],[-79.20199,43.75419],[-79.20277,43.75331],[-79.20398,43.75188],[-79.20441,43.7514],[-79.20509,43.75063],[-79.20546,43.75022],[-79.20596,43.74967],[-79.20764,43.74787],[-79.20813,43.74734],[-79.20935,43.74601],[-79.209,43.74516],[-79.20789,43.74254],[-79.20803,43.74246],[-79.20813,43.74239],[-79.2082,43.74234],[-79.20826,43.74227],[-79.2083,43.7422],[-79.20833,43.74215],[-79.20836,43.74209],[-79.20837,43.74201],[-79.20842,43.74164],[-79.20847,43.74147],[-79.2085,43.74128],[-79.20858,43.74112],[-79.20877,43.74083],[-79.20886,43.74066],[-79.20994,43.73893],[-79.21059,43.73789],[-79.21068,43.73778],[-79.21075,43.73766],[-79.21082,43.73755],[-79.21088,43.73746],[-79.21093,43.73737],[-79.21099,43.73729],[-79.21106,43.7372],[-79.21114,43.7371],[-79.21124,43.73701],[-79.21134,43.73691],[-79.21145,43.7368],[-79.21157,43.73671],[-79.21172,43.73661],[-79.21201,43.73642],[-79.21218,43.73632],[-79.21235,43.73619],[-79.21247,43.73609],[-79.21249,43.73607],[-79.21251,43.73605],[-79.21254,43.73603],[-79.21256,43.736],[-79.21258,43.73597],[-79.21261,43.73594],[-79.21263,43.73592],[-79.21265,43.73589],[-79.21267,43.73586],[-79.21269,43.73584],[-79.2127,43.73581],[-79.21272,43.73578],[-79.21274,43.73575],[-79.21275,43.73572],[-79.21277,43.7357],[-79.21278,43.73567],[-79.2128,43.73564],[-79.21281,43.73561],[-79.21282,43.73558],[-79.21283,43.73554],[-79.21285,43.7355],[-79.21286,43.73547],[-79.21288,43.73543],[-79.21289,43.7354],[-79.21291,43.73536],[-79.21293,43.73533],[-79.21295,43.73529],[-79.21296,43.73526],[-79.21298,43.73523],[-79.21301,43.73519],[-79.21303,43.73515],[-79.21306,43.73511],[-79.21309,43.73507],[-79.21311,43.73504],[-79.21314,43.735],[-79.21317,43.73496],[-79.2132,43.73492],[-79.21324,43.73488],[-79.21327,43.73485],[-79.2133,43.73481],[-79.21333,43.73478],[-79.21337,43.73474],[-79.2134,43.7347],[-79.21344,43.73467],[-79.21347,43.73463],[-79.21351,43.7346],[-79.21355,43.73457],[-79.21358,43.73453],[-79.21362,43.7345],[-79.21366,43.73446],[-79.2137,43.73443],[-79.21374,43.73439],[-79.21378,43.73436],[-79.21382,43.73433],[-79.21386,43.7343],[-79.21391,43.73427],[-79.21395,43.73424],[-79.21396,43.73423],[-79.21399,43.73421],[-79.21405,43.73417],[-79.21407,43.73416],[-79.21409,43.73415],[-79.21411,43.73413],[-79.21413,43.73412],[-79.21414,43.7341],[-79.21416,43.73409],[-79.21417,43.73407],[-79.21419,43.73406],[-79.2142,43.73404],[-79.21422,43.73402],[-79.21428,43.73397],[-79.21478,43.7334],[-79.21482,43.73331],[-79.21485,43.73328],[-79.21493,43.73324],[-79.21501,43.7332],[-79.21514,43.73315],[-79.21528,43.73308],[-79.21539,43.73302],[-79.21549,43.73296],[-79.21563,43.73288],[-79.21576,43.73279],[-79.21588,43.73271],[-79.216,43.73263],[-79.21609,43.73253],[-79.21613,43.73244],[-79.2162,43.73235],[-79.21626,43.73226],[-79.21634,43.73216],[-79.21641,43.73203],[-79.21648,43.73189],[-79.21657,43.73169],[-79.21663,43.73154],[-79.2167,43.7314],[-79.21679,43.73125],[-79.21688,43.73112],[-79.21702,43.73095],[-79.21719,43.73079],[-79.21736,43.73065],[-79.21744,43.73055],[-79.21764,43.73035],[-79.21786,43.73013],[-79.218,43.72998],[-79.21807,43.7299],[-79.21813,43.72983],[-79.2182,43.72979],[-79.21837,43.72962],[-79.21843,43.72955],[-79.21884,43.72915],[-79.2196,43.72842],[-79.21963,43.72839],[-79.21961,43.72838],[-79.21946,43.72834],[-79.21929,43.72828],[-79.21912,43.72823],[-79.21899,43.72819],[-79.21876,43.72816],[-79.21853,43.72813],[-79.21841,43.7281],[-79.21824,43.72804],[-79.21811,43.728],[-79.21798,43.72796],[-79.21791,43.72793],[-79.21776,43.72786],[-79.21764,43.72786],[-79.2175,43.72785],[-79.21735,43.72784],[-79.21721,43.72782],[-79.21707,43.72781],[-79.21693,43.7278],[-79.21681,43.72777],[-79.21669,43.72774],[-79.21654,43.72771],[-79.21639,43.72769],[-79.21625,43.72768],[-79.21611,43.72766],[-79.21597,43.72764],[-79.21581,43.72761],[-79.21566,43.72759],[-79.2155,43.72759],[-79.21536,43.72758],[-79.21522,43.72757],[-79.21507,43.72755],[-79.21494,43.72752],[-79.21479,43.72749],[-79.21466,43.72746],[-79.21453,43.72743],[-79.21441,43.72739],[-79.2143,43.72734],[-79.21421,43.72728],[-79.21415,43.7272],[-79.2141,43.72711],[-79.21406,43.72702],[-79.21404,43.72693],[-79.21401,43.72685],[-79.21399,43.72677],[-79.21399,43.72674],[-79.21402,43.72673],[-79.2142,43.72669],[-79.21441,43.72667],[-79.21457,43.72662],[-79.21474,43.72651],[-79.21485,43.7264],[-79.21486,43.72639],[-79.215,43.72624],[-79.21513,43.72611],[-79.21526,43.72596],[-79.2154,43.72585],[-79.21542,43.72579],[-79.2154,43.72577],[-79.21555,43.72568],[-79.21569,43.72554],[-79.21583,43.7254],[-79.21597,43.72525],[-79.21611,43.7251],[-79.21624,43.72495],[-79.21636,43.72481],[-79.21651,43.72469],[-79.21663,43.72454],[-79.21676,43.72439],[-79.21686,43.72424],[-79.21698,43.7241],[-79.21708,43.72396],[-79.21718,43.72381],[-79.21729,43.72366],[-79.21739,43.72353],[-79.21746,43.72343],[-79.2174,43.72337],[-79.21742,43.72332],[-79.21753,43.7233],[-79.21764,43.72319],[-79.21779,43.72307],[-79.2179,43.72291],[-79.21803,43.72277],[-79.21815,43.7226],[-79.21826,43.72246],[-79.2184,43.72232],[-79.2185,43.72219],[-79.21853,43.72209],[-79.21864,43.72201],[-79.21881,43.72199],[-79.219,43.72194],[-79.21916,43.72189],[-79.21933,43.72182],[-79.21935,43.72181],[-79.21952,43.72171],[-79.2197,43.72159],[-79.21985,43.72147],[-79.22,43.72135],[-79.22012,43.72126],[-79.22022,43.72116],[-79.22023,43.72115],[-79.22026,43.72113],[-79.2204,43.72105],[-79.22057,43.72093],[-79.2207,43.7208],[-79.22084,43.72066],[-79.221,43.72054],[-79.22118,43.72042],[-79.22132,43.72029],[-79.22148,43.72017],[-79.22165,43.72008],[-79.22183,43.71997],[-79.222,43.71989],[-79.22218,43.71978],[-79.22232,43.71964],[-79.22248,43.71953],[-79.22264,43.71941],[-79.2227,43.71936],[-79.22278,43.71927],[-79.22292,43.71914],[-79.22304,43.719],[-79.22314,43.71891],[-79.22314,43.71884],[-79.2232,43.71874],[-79.22325,43.71871],[-79.22334,43.71871],[-79.22345,43.71862],[-79.22358,43.71851],[-79.22369,43.71838],[-79.22381,43.71822],[-79.22394,43.71809],[-79.22406,43.71794],[-79.22419,43.7178],[-79.22429,43.71764],[-79.2244,43.71748],[-79.22449,43.71733],[-79.22456,43.71718],[-79.22464,43.717],[-79.22474,43.71685],[-79.22487,43.7167],[-79.22497,43.71656],[-79.22506,43.71641],[-79.22515,43.71627],[-79.22525,43.71611],[-79.22538,43.71596],[-79.22549,43.7158],[-79.22559,43.71564],[-79.2257,43.71549],[-79.22575,43.71534],[-79.22583,43.71518],[-79.22591,43.71502],[-79.22596,43.71488],[-79.226,43.71473],[-79.22611,43.71463],[-79.22621,43.71452],[-79.2263,43.71438],[-79.22638,43.71425],[-79.22644,43.7141],[-79.2265,43.71396],[-79.22652,43.71381],[-79.22655,43.71368],[-79.22662,43.71354],[-79.22665,43.7134],[-79.22665,43.71325],[-79.22665,43.71311],[-79.22664,43.71297],[-79.22652,43.71289],[-79.22635,43.71284],[-79.22617,43.71277],[-79.22598,43.71269],[-79.22582,43.7126],[-79.22569,43.71254],[-79.22556,43.71259],[-79.22544,43.71259],[-79.22532,43.71252],[-79.22522,43.7124],[-79.22522,43.71228],[-79.22535,43.7122],[-79.2255,43.71218],[-79.22563,43.71213],[-79.22572,43.71199],[-79.22579,43.71184],[-79.22579,43.71171],[-79.22568,43.7116],[-79.22554,43.71151],[-79.22541,43.71141],[-79.22526,43.71128],[-79.22511,43.71119],[-79.22502,43.71108],[-79.22505,43.71095],[-79.22515,43.71083],[-79.22529,43.71078],[-79.22545,43.71076],[-79.2256,43.71069],[-79.22569,43.71056],[-79.22575,43.71042],[-79.22579,43.71027],[-79.22587,43.71013],[-79.22592,43.70999],[-79.22599,43.70984],[-79.22606,43.70967],[-79.22615,43.70953],[-79.22623,43.70937],[-79.22631,43.70923],[-79.22638,43.70906],[-79.22648,43.70892],[-79.22649,43.70877],[-79.22643,43.70863],[-79.22633,43.7085],[-79.22619,43.70845],[-79.22605,43.70836],[-79.22593,43.70825],[-79.22584,43.70812],[-79.22586,43.70798],[-79.22587,43.70782],[-79.22591,43.70767],[-79.22594,43.70752],[-79.226,43.70738],[-79.2261,43.70729],[-79.22625,43.70726],[-79.22632,43.70737],[-79.22636,43.70752],[-79.22638,43.70765],[-79.22642,43.70781],[-79.22643,43.70794],[-79.22652,43.70806],[-79.22668,43.70811],[-79.22687,43.70813],[-79.22705,43.70813],[-79.22724,43.70814],[-79.22744,43.70813],[-79.22763,43.7081],[-79.22782,43.70808],[-79.22796,43.70811],[-79.22806,43.70821],[-79.2281,43.70833],[-79.22798,43.70844],[-79.22782,43.70851],[-79.22764,43.70855],[-79.22749,43.70861],[-79.22733,43.70869],[-79.2272,43.70878],[-79.22711,43.70889],[-79.22705,43.70903],[-79.22701,43.70917],[-79.22695,43.70932],[-79.22689,43.70947],[-79.22682,43.7096],[-79.22675,43.70975],[-79.2267,43.7099],[-79.22665,43.71006],[-79.2266,43.71021],[-79.22659,43.71037],[-79.22656,43.71053],[-79.22649,43.71068],[-79.22641,43.71082],[-79.22637,43.71097],[-79.22633,43.71112],[-79.2263,43.71127],[-79.22635,43.71142],[-79.22641,43.71156],[-79.22645,43.71171],[-79.22644,43.71186],[-79.22645,43.71202],[-79.22645,43.71216],[-79.22647,43.7123],[-79.22661,43.7124],[-79.22681,43.71244],[-79.22703,43.71248],[-79.22725,43.71252],[-79.22747,43.71254],[-79.2277,43.71259],[-79.22786,43.71263],[-79.22791,43.71264],[-79.22815,43.71266],[-79.22837,43.71267],[-79.22861,43.71267],[-79.22883,43.71267],[-79.22903,43.71264],[-79.22923,43.71262],[-79.22941,43.71259],[-79.22958,43.7125],[-79.22973,43.71241],[-79.22986,43.71231],[-79.22999,43.7122],[-79.23011,43.71207],[-79.23023,43.71193],[-79.23032,43.7118],[-79.23042,43.71167],[-79.23052,43.71154],[-79.23059,43.71141],[-79.2306,43.71127],[-79.23058,43.71113],[-79.23053,43.71099],[-79.23046,43.71085],[-79.23038,43.71073],[-79.23029,43.71064],[-79.23023,43.71058],[-79.23016,43.71051],[-79.23014,43.71049],[-79.22989,43.71037],[-79.22966,43.71034],[-79.22955,43.71033],[-79.22943,43.71034],[-79.22932,43.71035],[-79.22924,43.7104],[-79.22918,43.71047],[-79.22915,43.71056],[-79.22914,43.71065],[-79.22914,43.71076],[-79.22915,43.71087],[-79.22917,43.71098],[-79.22919,43.7111],[-79.22921,43.7112],[-79.22923,43.71131],[-79.22924,43.71142],[-79.22924,43.71153],[-79.22924,43.71162],[-79.2292,43.7117],[-79.22912,43.71175],[-79.22902,43.71177],[-79.22893,43.71174],[-79.22883,43.71172],[-79.22869,43.71173],[-79.22855,43.71175],[-79.22839,43.71177],[-79.22824,43.71178],[-79.22808,43.71177],[-79.22792,43.71174],[-79.22778,43.71172],[-79.22763,43.7117],[-79.22748,43.71167],[-79.22736,43.71164],[-79.22725,43.7116],[-79.2272,43.71153],[-79.22721,43.71144],[-79.22725,43.71134],[-79.22728,43.71125],[-79.22738,43.71121],[-79.2275,43.71121],[-79.2276,43.7112],[-79.2277,43.71116],[-79.22783,43.71112],[-79.22797,43.71108],[-79.22806,43.71105],[-79.22805,43.711],[-79.22808,43.71097],[-79.22818,43.71095],[-79.22825,43.71095],[-79.22825,43.71093],[-79.22822,43.71092],[-79.22813,43.71092],[-79.22806,43.71093],[-79.22806,43.71091],[-79.22807,43.71084],[-79.22806,43.71073],[-79.22805,43.71061],[-79.22805,43.71049],[-79.22809,43.71037],[-79.22815,43.71026],[-79.22822,43.71015],[-79.22829,43.71004],[-79.2283,43.70998],[-79.22821,43.70993],[-79.22812,43.70986],[-79.22803,43.70979],[-79.22792,43.70973],[-79.22782,43.70966],[-79.22779,43.70957],[-79.22784,43.70947],[-79.22791,43.70939],[-79.228,43.70931],[-79.22811,43.70927],[-79.22823,43.70929],[-79.22837,43.70933],[-79.2285,43.70939],[-79.22864,43.70945],[-79.22878,43.70951],[-79.22888,43.70955],[-79.22898,43.70961],[-79.22905,43.70965],[-79.22912,43.70963],[-79.22917,43.70966],[-79.22924,43.70963],[-79.22933,43.70957],[-79.22936,43.70953],[-79.22938,43.70949],[-79.22946,43.70943],[-79.22952,43.70939],[-79.22955,43.70939],[-79.22959,43.70937],[-79.22964,43.70931],[-79.2297,43.70923],[-79.22967,43.70916],[-79.2296,43.70908],[-79.22951,43.709],[-79.2294,43.70892],[-79.2293,43.70884],[-79.22916,43.7088],[-79.22906,43.70884],[-79.22893,43.70893],[-79.22879,43.709],[-79.22867,43.70907],[-79.22853,43.7091],[-79.22847,43.70906],[-79.22847,43.70898],[-79.2285,43.70891],[-79.22849,43.70886],[-79.22843,43.7088],[-79.22849,43.70877],[-79.22856,43.70879],[-79.22867,43.70877],[-79.22879,43.70872],[-79.22891,43.70866],[-79.22903,43.7086],[-79.22915,43.70853],[-79.22924,43.70845],[-79.22931,43.70836],[-79.22939,43.70827],[-79.22946,43.70819],[-79.22948,43.7081],[-79.2295,43.708],[-79.22952,43.70791],[-79.22951,43.70784],[-79.22949,43.70776],[-79.22949,43.70771],[-79.22954,43.70773],[-79.22962,43.70773],[-79.22971,43.70773],[-79.22978,43.70778],[-79.22983,43.70786],[-79.22986,43.70793],[-79.22986,43.70802],[-79.22985,43.70812],[-79.22983,43.70822],[-79.22982,43.70831],[-79.22984,43.70841],[-79.22992,43.70848],[-79.23004,43.70851],[-79.23019,43.70855],[-79.23033,43.70859],[-79.23048,43.70863],[-79.23063,43.70868],[-79.23077,43.70874],[-79.2309,43.70878],[-79.23103,43.70879],[-79.23113,43.70876],[-79.2312,43.7087],[-79.23123,43.70862],[-79.23125,43.70854],[-79.23132,43.70848],[-79.23142,43.70845],[-79.23155,43.70845],[-79.23167,43.70846],[-79.23176,43.70848],[-79.23182,43.70846],[-79.23183,43.70848],[-79.23185,43.70853],[-79.23186,43.70861],[-79.23181,43.70866],[-79.23178,43.70868],[-79.23177,43.70873],[-79.23173,43.70884],[-79.2317,43.70896],[-79.23167,43.70907],[-79.2316,43.7092],[-79.23154,43.70932],[-79.23146,43.70942],[-79.23138,43.70952],[-79.23129,43.70959],[-79.23117,43.70964],[-79.23102,43.7097],[-79.23088,43.70974],[-79.23073,43.70978],[-79.2306,43.70982],[-79.23047,43.70985],[-79.23038,43.70988],[-79.23031,43.70991],[-79.23024,43.70994],[-79.23016,43.71],[-79.23012,43.71007],[-79.23014,43.71017],[-79.23021,43.71025],[-79.23032,43.71029],[-79.23036,43.71032],[-79.23043,43.71037],[-79.23052,43.71043],[-79.23065,43.7105],[-79.23081,43.71055],[-79.23099,43.7106],[-79.23114,43.71061],[-79.23131,43.71058],[-79.23145,43.71051],[-79.23162,43.71044],[-79.23176,43.71035],[-79.2319,43.71027],[-79.23204,43.71018],[-79.23219,43.71009],[-79.23234,43.71],[-79.23246,43.70991],[-79.23256,43.70981],[-79.23267,43.70971],[-79.23277,43.70961],[-79.23287,43.70951],[-79.23295,43.7094],[-79.23305,43.70932],[-79.2331,43.70923],[-79.23307,43.70915],[-79.23304,43.70906],[-79.23305,43.70897],[-79.23313,43.7089],[-79.23319,43.70881],[-79.2332,43.7087],[-79.23321,43.70868],[-79.23323,43.70862],[-79.23327,43.70854],[-79.2333,43.70845],[-79.23333,43.70837],[-79.23327,43.70833],[-79.23323,43.70829],[-79.23323,43.70823],[-79.23323,43.70819],[-79.23321,43.70813],[-79.23325,43.70805],[-79.23329,43.70795],[-79.23333,43.70783],[-79.23337,43.70774],[-79.23342,43.70764],[-79.23347,43.70761],[-79.23341,43.70756],[-79.23333,43.7075],[-79.23322,43.70745],[-79.2331,43.70739],[-79.23299,43.70733],[-79.23287,43.70727],[-79.23274,43.7072],[-79.23261,43.70714],[-79.23249,43.70707],[-79.23237,43.707],[-79.23227,43.70694],[-79.23224,43.70693],[-79.23224,43.70692],[-79.23219,43.70689],[-79.23207,43.70685],[-79.23198,43.70679],[-79.23187,43.70674],[-79.23175,43.7067],[-79.23163,43.70667],[-79.23153,43.70664],[-79.23144,43.70663],[-79.23135,43.70664],[-79.23124,43.70666],[-79.23115,43.70665],[-79.23113,43.70665],[-79.2311,43.70664],[-79.23106,43.7066],[-79.23105,43.70654],[-79.23104,43.70648],[-79.23107,43.70642],[-79.23099,43.70639],[-79.23089,43.70635],[-79.23076,43.70631],[-79.23064,43.70626],[-79.23049,43.7062],[-79.23035,43.70613],[-79.23022,43.70608],[-79.23008,43.70602],[-79.22992,43.70596],[-79.22978,43.7059],[-79.22966,43.70588],[-79.22958,43.70594],[-79.22953,43.70599],[-79.22948,43.70607],[-79.22941,43.70616],[-79.22934,43.70625],[-79.22928,43.70633],[-79.2292,43.70642],[-79.22913,43.70652],[-79.22904,43.70661],[-79.22897,43.70671],[-79.22886,43.70681],[-79.22878,43.7069],[-79.22872,43.707],[-79.22865,43.70711],[-79.22861,43.7072],[-79.22862,43.7073],[-79.22863,43.70739],[-79.22852,43.70745],[-79.22838,43.70742],[-79.22831,43.70735],[-79.22818,43.70732],[-79.22803,43.70733],[-79.22788,43.70736],[-79.22772,43.7074],[-79.22759,43.7074],[-79.22753,43.70732],[-79.22756,43.70722],[-79.22768,43.70713],[-79.22782,43.70707],[-79.22794,43.70704],[-79.22807,43.70704],[-79.22822,43.70701],[-79.22831,43.70696],[-79.22837,43.70689],[-79.22843,43.70681],[-79.22846,43.70673],[-79.22853,43.70668],[-79.22852,43.70665],[-79.22852,43.70664],[-79.22871,43.7063],[-79.22873,43.70627],[-79.22877,43.7062],[-79.22882,43.70612],[-79.22886,43.70604],[-79.22888,43.70596],[-79.22893,43.70587],[-79.22897,43.7058],[-79.22901,43.70571],[-79.22908,43.70564],[-79.22912,43.70556],[-79.22915,43.70547],[-79.22917,43.7054],[-79.22915,43.70533],[-79.22911,43.70524],[-79.22905,43.70515],[-79.22899,43.70508],[-79.22893,43.70499],[-79.2289,43.70491],[-79.2289,43.70483],[-79.22896,43.70478],[-79.22903,43.70472],[-79.22912,43.70468],[-79.22921,43.7047],[-79.22928,43.70474],[-79.22936,43.70478],[-79.22945,43.70483],[-79.22955,43.70488],[-79.22964,43.70492],[-79.22967,43.70495],[-79.22969,43.70495],[-79.22976,43.70498],[-79.22984,43.70502],[-79.22993,43.70506],[-79.23004,43.7051],[-79.23015,43.70514],[-79.23026,43.70517],[-79.23038,43.70519],[-79.23051,43.70521],[-79.23063,43.70524],[-79.23076,43.70528],[-79.23089,43.7053],[-79.23101,43.70532],[-79.23113,43.70534],[-79.23124,43.70535],[-79.23134,43.70534],[-79.23144,43.70532],[-79.23154,43.70529],[-79.23164,43.70524],[-79.23171,43.70517],[-79.23176,43.7051],[-79.2318,43.70501],[-79.23187,43.70495],[-79.23197,43.70492],[-79.23207,43.70488],[-79.23217,43.70485],[-79.23227,43.70486],[-79.23234,43.70491],[-79.23238,43.70499],[-79.23238,43.70506],[-79.23238,43.70513],[-79.2324,43.70519],[-79.23247,43.70525],[-79.23255,43.70529],[-79.23265,43.70532],[-79.23276,43.70534],[-79.23285,43.70533],[-79.23294,43.7053],[-79.23304,43.70528],[-79.23313,43.70526],[-79.23323,43.70526],[-79.23329,43.7053],[-79.23333,43.70536],[-79.23332,43.70542],[-79.23329,43.70549],[-79.23322,43.70554],[-79.23314,43.70557],[-79.23306,43.70561],[-79.23301,43.70565],[-79.23298,43.7057],[-79.23302,43.70575],[-79.23308,43.7058],[-79.23312,43.70584],[-79.23311,43.70588],[-79.23307,43.70592],[-79.233,43.70594],[-79.23297,43.70598],[-79.23294,43.70603],[-79.23289,43.70609],[-79.23286,43.70615],[-79.23283,43.70621],[-79.23277,43.70626],[-79.23273,43.70633],[-79.23269,43.70639],[-79.23266,43.70647],[-79.23265,43.70654],[-79.23265,43.70663],[-79.23267,43.7067],[-79.23272,43.70677],[-79.2328,43.70681],[-79.23289,43.70684],[-79.23298,43.70686],[-79.23307,43.70689],[-79.23317,43.7069],[-79.23319,43.7069]]]}},{"type":"Feature","properties":{"num":37,"name":"Scarborough Centre"},"geometry":{"type":"Polygon","coordinates":[[[-79.30265,43.72473],[-79.30347,43.7267],[-79.30395,43.72783],[-79.30399,43.72791],[-79.30414,43.72828],[-79.30439,43.7289],[-79.30451,43.7292],[-79.305,43.7304],[-79.30512,43.73067],[-79.30561,43.73188],[-79.30589,43.73256],[-79.30623,43.73337],[-79.30676,43.73467],[-79.30743,43.73628],[-79.30765,43.73684],[-79.30774,43.73705],[-79.30834,43.7385],[-79.30847,43.73881],[-79.3089,43.73984],[-79.30923,43.74068],[-79.30935,43.74093],[-79.3098,43.74215],[-79.31003,43.74273],[-79.31031,43.74356],[-79.31058,43.74439],[-79.31079,43.74497],[-79.31094,43.74542],[-79.31113,43.74596],[-79.31118,43.74605],[-79.31142,43.74674],[-79.31171,43.74763],[-79.31182,43.74797],[-79.31197,43.74844],[-79.31211,43.74885],[-79.31244,43.74975],[-79.31276,43.75069],[-79.31303,43.75151],[-79.31327,43.75222],[-79.31354,43.75302],[-79.31381,43.75374],[-79.31402,43.75435],[-79.3145,43.75572],[-79.31462,43.75607],[-79.31484,43.75673],[-79.31525,43.75788],[-79.31407,43.75815],[-79.31293,43.75843],[-79.31177,43.75868],[-79.31019,43.75904],[-79.30919,43.75928],[-79.3083,43.7595],[-79.3079,43.75957],[-79.30708,43.75975],[-79.30644,43.75992],[-79.30581,43.76005],[-79.30547,43.76011],[-79.30502,43.76023],[-79.30446,43.76036],[-79.30337,43.76059],[-79.30246,43.7608],[-79.30198,43.76092],[-79.30075,43.7612],[-79.30008,43.76133],[-79.30006,43.76134],[-79.2981,43.76181],[-79.29625,43.76225],[-79.29471,43.7626],[-79.29341,43.76293],[-79.29295,43.76305],[-79.29273,43.76309],[-79.29137,43.76344],[-79.28968,43.76382],[-79.28859,43.76407],[-79.28772,43.76427],[-79.28758,43.7643],[-79.28651,43.76455],[-79.28588,43.76471],[-79.28402,43.76513],[-79.2836,43.76524],[-79.2827,43.76544],[-79.28176,43.76569],[-79.28139,43.76577],[-79.28108,43.76581],[-79.27944,43.76616],[-79.27937,43.76618],[-79.27902,43.76625],[-79.27697,43.76668],[-79.2764,43.7668],[-79.27629,43.76683],[-79.2763,43.76684],[-79.27656,43.76757],[-79.27658,43.76761],[-79.2766,43.76765],[-79.27661,43.76769],[-79.27663,43.76773],[-79.27664,43.76777],[-79.27665,43.76782],[-79.27667,43.76786],[-79.27668,43.7679],[-79.27669,43.76794],[-79.2767,43.76798],[-79.27671,43.76802],[-79.27672,43.76807],[-79.27673,43.76811],[-79.27673,43.76815],[-79.27674,43.76819],[-79.27674,43.76822],[-79.27675,43.76825],[-79.27675,43.76827],[-79.27676,43.7683],[-79.27676,43.76833],[-79.27676,43.76835],[-79.27676,43.76838],[-79.27677,43.76841],[-79.27676,43.76843],[-79.27676,43.76846],[-79.27676,43.76848],[-79.27676,43.76851],[-79.27676,43.76854],[-79.27676,43.76856],[-79.27676,43.76858],[-79.27756,43.77066],[-79.27756,43.77067],[-79.27793,43.77163],[-79.27794,43.77164],[-79.27843,43.77292],[-79.27845,43.77296],[-79.27904,43.7745],[-79.27952,43.77577],[-79.27955,43.77585],[-79.27962,43.77601],[-79.27969,43.77617],[-79.27974,43.77632],[-79.27975,43.77634],[-79.27922,43.77646],[-79.27747,43.77687],[-79.2772,43.77693],[-79.27642,43.77712],[-79.27485,43.77747],[-79.27482,43.77748],[-79.27256,43.77798],[-79.27099,43.77831],[-79.27004,43.77851],[-79.26971,43.77858],[-79.26815,43.77896],[-79.26805,43.77899],[-79.26794,43.77902],[-79.26784,43.77904],[-79.26773,43.77906],[-79.26763,43.77909],[-79.26752,43.77911],[-79.26741,43.77913],[-79.26731,43.77916],[-79.2672,43.77918],[-79.26709,43.7792],[-79.26698,43.77922],[-79.26688,43.77924],[-79.26677,43.77926],[-79.26666,43.77927],[-79.26655,43.77929],[-79.26644,43.77931],[-79.26634,43.77933],[-79.26623,43.77934],[-79.26612,43.77936],[-79.26495,43.77954],[-79.26486,43.77956],[-79.2648,43.77941],[-79.26477,43.77934],[-79.26469,43.77914],[-79.26461,43.77896],[-79.26455,43.77881],[-79.26448,43.77864],[-79.26429,43.77814],[-79.26394,43.77724],[-79.26393,43.77721],[-79.26372,43.77666],[-79.26319,43.77529],[-79.26243,43.77335],[-79.26231,43.77306],[-79.26228,43.77299],[-79.26191,43.77196],[-79.26183,43.77182],[-79.26162,43.77129],[-79.26156,43.77112],[-79.26151,43.77095],[-79.26148,43.77081],[-79.26143,43.77068],[-79.26139,43.77055],[-79.26123,43.7701],[-79.26133,43.77008],[-79.2613,43.76999],[-79.26129,43.76991],[-79.26127,43.76982],[-79.26125,43.76971],[-79.26121,43.76959],[-79.26117,43.76946],[-79.2611,43.7692],[-79.26099,43.76889],[-79.26091,43.76866],[-79.26079,43.76834],[-79.26011,43.76662],[-79.25955,43.76521],[-79.25903,43.76385],[-79.25836,43.76212],[-79.25811,43.76148],[-79.25773,43.76049],[-79.25772,43.76047],[-79.25758,43.76014],[-79.25715,43.75897],[-79.25706,43.75874],[-79.25686,43.75825],[-79.25648,43.75728],[-79.25623,43.75664],[-79.25609,43.75626],[-79.25603,43.75609],[-79.25598,43.756],[-79.25594,43.75592],[-79.25592,43.75583],[-79.2559,43.75574],[-79.25587,43.75565],[-79.25584,43.75553],[-79.25583,43.75543],[-79.2558,43.75531],[-79.25578,43.75515],[-79.25575,43.755],[-79.25573,43.75489],[-79.25572,43.7548],[-79.2557,43.7547],[-79.25568,43.75462],[-79.25567,43.75454],[-79.25565,43.75447],[-79.25564,43.75439],[-79.25562,43.7543],[-79.2556,43.75422],[-79.25557,43.75411],[-79.25554,43.75403],[-79.25552,43.75396],[-79.25547,43.75384],[-79.25543,43.75376],[-79.25537,43.75354],[-79.25528,43.75334],[-79.25512,43.75294],[-79.25481,43.7522],[-79.25459,43.75169],[-79.25447,43.75138],[-79.25427,43.75092],[-79.25412,43.75054],[-79.25393,43.7501],[-79.25372,43.74956],[-79.25343,43.74886],[-79.25314,43.74817],[-79.25275,43.74722],[-79.25245,43.74652],[-79.25204,43.7455],[-79.2519,43.74516],[-79.25162,43.74449],[-79.25128,43.74367],[-79.25118,43.74345],[-79.251,43.74301],[-79.25085,43.74265],[-79.25064,43.74218],[-79.25055,43.74194],[-79.2504,43.74157],[-79.25023,43.74115],[-79.25009,43.74083],[-79.24988,43.74035],[-79.24973,43.73996],[-79.24953,43.73953],[-79.2492,43.73872],[-79.24885,43.7379],[-79.24866,43.73757],[-79.24852,43.73735],[-79.24825,43.73692],[-79.24809,43.73671],[-79.25023,43.73624],[-79.25205,43.73586],[-79.25319,43.73559],[-79.25437,43.73535],[-79.25561,43.73509],[-79.25684,43.73482],[-79.25743,43.73468],[-79.25811,43.73454],[-79.25917,43.73432],[-79.26019,43.73408],[-79.26095,43.73391],[-79.26179,43.7337],[-79.26238,43.73356],[-79.26297,43.73342],[-79.26313,43.73339],[-79.26329,43.73335],[-79.26467,43.73302],[-79.26485,43.73298],[-79.26606,43.73269],[-79.26684,43.73249],[-79.26793,43.73221],[-79.26984,43.73177],[-79.27121,43.73145],[-79.27198,43.73128],[-79.27283,43.7311],[-79.27389,43.73086],[-79.27396,43.73084],[-79.27422,43.73078],[-79.27596,43.73038],[-79.27786,43.72997],[-79.27923,43.72971],[-79.28073,43.72938],[-79.28124,43.72927],[-79.28287,43.72892],[-79.28483,43.72848],[-79.28616,43.72819],[-79.28762,43.72786],[-79.28994,43.72735],[-79.29147,43.72701],[-79.29423,43.72639],[-79.29432,43.72637],[-79.29743,43.72568],[-79.29752,43.72566],[-79.29812,43.72552],[-79.29942,43.72522],[-79.30029,43.72503],[-79.30054,43.72498],[-79.30126,43.72485],[-79.30141,43.72483],[-79.30199,43.72475],[-79.3023,43.72472],[-79.30265,43.72473]]]}},{"type":"Feature","properties":{"num":38,"name":"Scarborough Centre"},"geometry":{"type":"Polygon","coordinates":[[[-79.24809,43.73671],[-79.24825,43.73692],[-79.24852,43.73735],[-79.24866,43.73757],[-79.24885,43.7379],[-79.2492,43.73872],[-79.24953,43.73953],[-79.24973,43.73996],[-79.24988,43.74035],[-79.25009,43.74083],[-79.25023,43.74115],[-79.2504,43.74157],[-79.25055,43.74194],[-79.25064,43.74218],[-79.25085,43.74265],[-79.251,43.74301],[-79.25118,43.74345],[-79.25128,43.74367],[-79.25162,43.74449],[-79.2519,43.74516],[-79.25204,43.7455],[-79.25245,43.74652],[-79.25275,43.74722],[-79.25314,43.74817],[-79.25343,43.74886],[-79.25372,43.74956],[-79.25393,43.7501],[-79.25412,43.75054],[-79.25427,43.75092],[-79.25447,43.75138],[-79.25459,43.75169],[-79.25481,43.7522],[-79.25512,43.75294],[-79.25528,43.75334],[-79.25537,43.75354],[-79.25543,43.75376],[-79.25547,43.75384],[-79.25552,43.75396],[-79.25554,43.75403],[-79.25557,43.75411],[-79.2556,43.75422],[-79.25562,43.7543],[-79.25564,43.75439],[-79.25565,43.75447],[-79.25567,43.75454],[-79.25568,43.75462],[-79.2557,43.7547],[-79.25572,43.7548],[-79.25573,43.75489],[-79.25575,43.755],[-79.25578,43.75515],[-79.2558,43.75531],[-79.25583,43.75543],[-79.25584,43.75553],[-79.25587,43.75565],[-79.2559,43.75574],[-79.25592,43.75583],[-79.25594,43.75592],[-79.25598,43.756],[-79.25603,43.75609],[-79.25609,43.75626],[-79.25623,43.75664],[-79.25648,43.75728],[-79.25686,43.75825],[-79.25706,43.75874],[-79.25715,43.75897],[-79.25758,43.76014],[-79.25772,43.76047],[-79.25773,43.76049],[-79.25811,43.76148],[-79.25836,43.76212],[-79.25903,43.76385],[-79.25955,43.76521],[-79.26011,43.76662],[-79.26079,43.76834],[-79.26091,43.76866],[-79.26099,43.76889],[-79.2611,43.7692],[-79.26117,43.76946],[-79.26121,43.76959],[-79.26125,43.76971],[-79.26127,43.76982],[-79.26129,43.76991],[-79.2613,43.76999],[-79.26133,43.77008],[-79.26123,43.7701],[-79.26139,43.77055],[-79.26143,43.77068],[-79.26148,43.77081],[-79.26151,43.77095],[-79.26156,43.77112],[-79.26162,43.77129],[-79.26183,43.77182],[-79.26191,43.77196],[-79.26228,43.77299],[-79.26231,43.77306],[-79.26243,43.77335],[-79.26319,43.77529],[-79.26372,43.77666],[-79.26393,43.77721],[-79.26394,43.77724],[-79.26429,43.77814],[-79.26448,43.77864],[-79.26455,43.77881],[-79.26461,43.77896],[-79.26469,43.77914],[-79.26477,43.77934],[-79.2648,43.77941],[-79.26486,43.77956],[-79.26454,43.77961],[-79.2644,43.77963],[-79.26426,43.77965],[-79.26412,43.77967],[-79.26398,43.77969],[-79.26384,43.77972],[-79.2637,43.77974],[-79.26355,43.77977],[-79.26341,43.77979],[-79.26327,43.77982],[-79.26313,43.77985],[-79.26299,43.77987],[-79.26285,43.7799],[-79.26276,43.77992],[-79.26271,43.77993],[-79.26257,43.77996],[-79.26244,43.77999],[-79.25771,43.78093],[-79.25506,43.78145],[-79.24977,43.7825],[-79.24933,43.78259],[-79.24731,43.78302],[-79.24531,43.78341],[-79.24517,43.78344],[-79.24416,43.78363],[-79.24408,43.78364],[-79.244,43.78365],[-79.24392,43.78366],[-79.24385,43.78368],[-79.24377,43.78369],[-79.24369,43.78371],[-79.24361,43.78372],[-79.24354,43.78374],[-79.24346,43.78376],[-79.24339,43.78377],[-79.24331,43.78379],[-79.24323,43.78381],[-79.24308,43.78384],[-79.24292,43.78387],[-79.24276,43.7839],[-79.24261,43.78393],[-79.24245,43.78396],[-79.24229,43.78399],[-79.24214,43.78402],[-79.24163,43.78412],[-79.24157,43.78413],[-79.24139,43.78418],[-79.24114,43.78424],[-79.24089,43.7843],[-79.24065,43.78436],[-79.2404,43.78442],[-79.24015,43.78448],[-79.24002,43.78452],[-79.23991,43.78455],[-79.23966,43.78461],[-79.23942,43.78467],[-79.23917,43.78474],[-79.23893,43.7848],[-79.23724,43.78526],[-79.23717,43.78528],[-79.23537,43.7858],[-79.23327,43.7864],[-79.23271,43.78658],[-79.23106,43.78712],[-79.23072,43.78723],[-79.23014,43.78743],[-79.23001,43.78748],[-79.22987,43.78753],[-79.22983,43.78755],[-79.22973,43.78758],[-79.22959,43.78763],[-79.22946,43.78769],[-79.22932,43.78774],[-79.22919,43.78779],[-79.22905,43.78784],[-79.22892,43.7879],[-79.22878,43.78795],[-79.22865,43.788],[-79.22851,43.78806],[-79.22838,43.78812],[-79.22825,43.78817],[-79.22812,43.78823],[-79.22798,43.78828],[-79.22785,43.78834],[-79.22772,43.7884],[-79.22759,43.78846],[-79.22746,43.78852],[-79.22733,43.78858],[-79.22722,43.78863],[-79.2271,43.78868],[-79.22699,43.78873],[-79.22688,43.78879],[-79.22677,43.78884],[-79.22666,43.7889],[-79.22655,43.78895],[-79.22644,43.78901],[-79.22633,43.78906],[-79.22622,43.78912],[-79.22611,43.78917],[-79.226,43.78923],[-79.22589,43.78929],[-79.22579,43.78935],[-79.22568,43.7894],[-79.22552,43.78926],[-79.22534,43.78909],[-79.2252,43.78897],[-79.22481,43.78862],[-79.22478,43.78857],[-79.22462,43.78843],[-79.22442,43.78836],[-79.22418,43.78843],[-79.22396,43.7885],[-79.2239,43.78851],[-79.22374,43.7885],[-79.22345,43.78843],[-79.22318,43.78834],[-79.22284,43.78827],[-79.22251,43.78817],[-79.2222,43.78805],[-79.222,43.78786],[-79.22213,43.78762],[-79.22239,43.78744],[-79.22245,43.78739],[-79.22263,43.78724],[-79.22283,43.78703],[-79.22286,43.78677],[-79.22287,43.7865],[-79.2229,43.78625],[-79.22299,43.786],[-79.22296,43.78577],[-79.22282,43.78572],[-79.22268,43.78567],[-79.22237,43.78573],[-79.22199,43.78569],[-79.22159,43.7856],[-79.22121,43.78546],[-79.22112,43.78543],[-79.22085,43.78534],[-79.22048,43.7852],[-79.22033,43.78489],[-79.22027,43.78463],[-79.22048,43.78449],[-79.22055,43.78424],[-79.22049,43.7842],[-79.22023,43.78402],[-79.21998,43.78378],[-79.21969,43.78351],[-79.21963,43.78323],[-79.21958,43.78293],[-79.21938,43.78266],[-79.21909,43.78263],[-79.21874,43.78274],[-79.21846,43.78295],[-79.21818,43.78314],[-79.21789,43.78334],[-79.21779,43.7836],[-79.21788,43.78385],[-79.21792,43.78411],[-79.21774,43.78424],[-79.21774,43.78423],[-79.21769,43.78422],[-79.21738,43.7842],[-79.21706,43.78405],[-79.21666,43.78395],[-79.21606,43.78385],[-79.21591,43.78369],[-79.21573,43.78349],[-79.21558,43.78327],[-79.21539,43.78312],[-79.21515,43.78316],[-79.21496,43.78332],[-79.21481,43.7835],[-79.21455,43.78356],[-79.21435,43.78369],[-79.21403,43.78372],[-79.21374,43.78361],[-79.21369,43.78332],[-79.21364,43.78305],[-79.21356,43.78276],[-79.21343,43.78259],[-79.21336,43.78256],[-79.21311,43.78256],[-79.21293,43.78256],[-79.21277,43.78255],[-79.21252,43.78238],[-79.21236,43.78213],[-79.21208,43.78197],[-79.21183,43.7818],[-79.21156,43.78161],[-79.21117,43.78119],[-79.21263,43.78084],[-79.21477,43.78034],[-79.21715,43.77976],[-79.22222,43.77857],[-79.22147,43.77671],[-79.22143,43.77662],[-79.22106,43.77569],[-79.22066,43.77473],[-79.22008,43.77327],[-79.21948,43.7718],[-79.21869,43.76982],[-79.21831,43.76891],[-79.21774,43.76757],[-79.21668,43.7649],[-79.21644,43.76433],[-79.2164,43.76421],[-79.21629,43.76393],[-79.21617,43.7637],[-79.21607,43.76341],[-79.21601,43.76323],[-79.21597,43.76311],[-79.21594,43.763],[-79.21591,43.76288],[-79.21589,43.76276],[-79.21588,43.76265],[-79.21587,43.76253],[-79.21586,43.76242],[-79.21585,43.76233],[-79.21585,43.76221],[-79.21584,43.76206],[-79.21583,43.76196],[-79.21584,43.76186],[-79.21977,43.76102],[-79.22299,43.76032],[-79.22385,43.76014],[-79.22533,43.75983],[-79.22471,43.75785],[-79.22437,43.75672],[-79.22406,43.75569],[-79.22395,43.75537],[-79.22375,43.75474],[-79.22365,43.75443],[-79.22355,43.75417],[-79.22341,43.75379],[-79.22284,43.75241],[-79.22226,43.75104],[-79.22161,43.74949],[-79.22129,43.74874],[-79.22093,43.74791],[-79.2209,43.74785],[-79.22033,43.74655],[-79.21973,43.74511],[-79.2197,43.74503],[-79.21892,43.74319],[-79.22057,43.74285],[-79.22211,43.7425],[-79.22517,43.7418],[-79.22868,43.74103],[-79.23012,43.7407],[-79.23017,43.74069],[-79.23206,43.74027],[-79.23526,43.73954],[-79.23836,43.73886],[-79.24157,43.73814],[-79.24374,43.73764],[-79.24617,43.73711],[-79.24809,43.73671]]]}},{"type":"Feature","properties":{"num":39,"name":"Scarborough-Agincourt"},"geometry":{"type":"Polygon","coordinates":[[[-79.33142,43.79312],[-79.33183,43.79403],[-79.33229,43.79507],[-79.3327,43.79598],[-79.33295,43.79654],[-79.33341,43.79758],[-79.33364,43.79806],[-79.3342,43.79933],[-79.3347,43.80044],[-79.33486,43.80081],[-79.33512,43.80139],[-79.33539,43.80202],[-79.33554,43.80234],[-79.33587,43.80308],[-79.33632,43.8041],[-79.33672,43.80499],[-79.33719,43.80603],[-79.33736,43.80641],[-79.33765,43.80706],[-79.33831,43.80854],[-79.33842,43.80876],[-79.33886,43.80981],[-79.33921,43.81067],[-79.33979,43.81211],[-79.34019,43.81302],[-79.34089,43.81463],[-79.34132,43.81566],[-79.33988,43.81603],[-79.33909,43.81624],[-79.33748,43.81664],[-79.33647,43.81687],[-79.3358,43.81703],[-79.3347,43.81727],[-79.33209,43.81789],[-79.33162,43.818],[-79.33133,43.81806],[-79.32977,43.81842],[-79.32968,43.81844],[-79.32847,43.81871],[-79.32669,43.81911],[-79.32657,43.81913],[-79.32444,43.81964],[-79.32293,43.81999],[-79.32046,43.82058],[-79.32038,43.8206],[-79.31857,43.82101],[-79.31693,43.8214],[-79.31587,43.82165],[-79.31409,43.82207],[-79.31227,43.82249],[-79.30981,43.82307],[-79.30707,43.8237],[-79.30549,43.82409],[-79.30443,43.82433],[-79.3023,43.82481],[-79.30144,43.82294],[-79.30064,43.82117],[-79.29992,43.81956],[-79.29882,43.81718],[-79.29706,43.81336],[-79.29704,43.81333],[-79.29612,43.81132],[-79.29609,43.81126],[-79.29463,43.80807],[-79.29316,43.80488],[-79.29295,43.80443],[-79.29291,43.80433],[-79.29287,43.80424],[-79.29282,43.80416],[-79.29275,43.80405],[-79.29269,43.80394],[-79.2926,43.80381],[-79.2925,43.80368],[-79.29238,43.80351],[-79.29223,43.8033],[-79.29197,43.80295],[-79.29161,43.80248],[-79.29139,43.80216],[-79.2912,43.80186],[-79.29108,43.80165],[-79.29088,43.80133],[-79.29056,43.80063],[-79.29005,43.79944],[-79.28922,43.79753],[-79.28858,43.79608],[-79.28802,43.79479],[-79.28792,43.79456],[-79.28715,43.79273],[-79.2869,43.79216],[-79.2861,43.79038],[-79.28537,43.78865],[-79.28522,43.7883],[-79.28477,43.78725],[-79.28437,43.7863],[-79.28432,43.7862],[-79.28406,43.78558],[-79.28404,43.78553],[-79.28402,43.78549],[-79.284,43.78544],[-79.28397,43.78539],[-79.28395,43.78535],[-79.28393,43.7853],[-79.2839,43.78525],[-79.28388,43.78521],[-79.28385,43.78516],[-79.28382,43.78511],[-79.2838,43.78507],[-79.28377,43.78502],[-79.28374,43.78498],[-79.28371,43.78493],[-79.28367,43.78489],[-79.28364,43.78484],[-79.28361,43.78479],[-79.28358,43.78474],[-79.28355,43.7847],[-79.28352,43.78465],[-79.28349,43.7846],[-79.28346,43.78455],[-79.28344,43.7845],[-79.28341,43.78445],[-79.28338,43.7844],[-79.28336,43.78436],[-79.28333,43.78432],[-79.28329,43.78428],[-79.28325,43.78423],[-79.28322,43.78418],[-79.28318,43.78414],[-79.28314,43.78409],[-79.28311,43.78404],[-79.28308,43.78399],[-79.28304,43.78394],[-79.28301,43.7839],[-79.28298,43.78385],[-79.28295,43.7838],[-79.28292,43.78375],[-79.28289,43.7837],[-79.28286,43.78365],[-79.28283,43.7836],[-79.28281,43.78355],[-79.28278,43.7835],[-79.28276,43.78345],[-79.28273,43.78338],[-79.2827,43.78331],[-79.28266,43.78325],[-79.28263,43.78318],[-79.2826,43.78311],[-79.28257,43.78305],[-79.28253,43.78298],[-79.2825,43.78292],[-79.28233,43.78252],[-79.28219,43.7822],[-79.28185,43.78141],[-79.28187,43.78143],[-79.28193,43.78147],[-79.28201,43.78154],[-79.28218,43.78169],[-79.28243,43.78184],[-79.2827,43.78196],[-79.28299,43.78207],[-79.28326,43.78221],[-79.28329,43.78224],[-79.28349,43.78237],[-79.28373,43.78253],[-79.28399,43.78269],[-79.28426,43.78282],[-79.28452,43.78295],[-79.28481,43.78305],[-79.28511,43.78314],[-79.2854,43.78325],[-79.2857,43.78336],[-79.28595,43.78348],[-79.2861,43.78359],[-79.2862,43.7837],[-79.28622,43.78373],[-79.28625,43.78374],[-79.28642,43.78389],[-79.28655,43.784],[-79.28675,43.7842],[-79.28698,43.7844],[-79.28724,43.7846],[-79.28747,43.78482],[-79.28768,43.78508],[-79.2879,43.78532],[-79.28814,43.78551],[-79.2884,43.78568],[-79.28865,43.78581],[-79.28869,43.78585],[-79.2888,43.78591],[-79.2889,43.78599],[-79.28906,43.78609],[-79.28922,43.78622],[-79.28943,43.78632],[-79.28952,43.78632],[-79.28967,43.78632],[-79.28971,43.78631],[-79.2899,43.78636],[-79.28998,43.78638],[-79.29013,43.78645],[-79.29025,43.78659],[-79.29039,43.78676],[-79.29057,43.78692],[-79.2908,43.78711],[-79.29106,43.78723],[-79.29127,43.78733],[-79.29149,43.7874],[-79.29177,43.78741],[-79.29209,43.78735],[-79.29237,43.7873],[-79.29267,43.78724],[-79.29303,43.78717],[-79.29336,43.7871],[-79.29369,43.78702],[-79.29402,43.78695],[-79.29428,43.78688],[-79.29457,43.78682],[-79.29492,43.78673],[-79.29526,43.78665],[-79.29563,43.78657],[-79.2959,43.78651],[-79.29598,43.78652],[-79.29623,43.78656],[-79.29659,43.78667],[-79.29696,43.78678],[-79.2973,43.78685],[-79.29796,43.78707],[-79.2983,43.78717],[-79.29864,43.78728],[-79.29897,43.78736],[-79.29926,43.78743],[-79.29957,43.78752],[-79.29987,43.78762],[-79.30019,43.7877],[-79.3005,43.78779],[-79.30082,43.78789],[-79.30105,43.78795],[-79.30127,43.78803],[-79.30171,43.78906],[-79.30213,43.79006],[-79.3023,43.79045],[-79.30271,43.79138],[-79.30331,43.79281],[-79.30353,43.79335],[-79.30405,43.79454],[-79.30475,43.79617],[-79.30516,43.79713],[-79.30559,43.79811],[-79.30598,43.79901],[-79.30724,43.7987],[-79.30805,43.7985],[-79.30908,43.79826],[-79.30951,43.79817],[-79.3106,43.79791],[-79.31171,43.79765],[-79.31232,43.7975],[-79.31385,43.79719],[-79.31498,43.79695],[-79.31577,43.79678],[-79.31627,43.79665],[-79.31686,43.79651],[-79.31729,43.79638],[-79.31789,43.79619],[-79.31844,43.79607],[-79.31932,43.79586],[-79.32022,43.79567],[-79.32167,43.79533],[-79.32363,43.79488],[-79.32498,43.79457],[-79.32597,43.79434],[-79.32653,43.79421],[-79.32798,43.79388],[-79.32982,43.79347],[-79.33086,43.79325],[-79.33142,43.79312]]]}},{"type":"Feature","properties":{"num":40,"name":"Scarborough-Agincourt"},"geometry":{"type":"Polygon","coordinates":[[[-79.31525,43.75788],[-79.31563,43.75878],[-79.3159,43.75938],[-79.31609,43.75976],[-79.31618,43.75997],[-79.31633,43.76035],[-79.31662,43.761],[-79.3169,43.76161],[-79.31705,43.76194],[-79.31709,43.76203],[-79.31724,43.76239],[-79.31753,43.76303],[-79.31796,43.76398],[-79.31804,43.76423],[-79.31812,43.76442],[-79.31817,43.76453],[-79.3186,43.76543],[-79.31883,43.76602],[-79.31906,43.7666],[-79.31912,43.76677],[-79.31918,43.76694],[-79.31925,43.76711],[-79.31931,43.76728],[-79.31938,43.76745],[-79.31946,43.76763],[-79.31954,43.76782],[-79.3196,43.76794],[-79.31963,43.768],[-79.31963,43.76802],[-79.31971,43.7682],[-79.3198,43.76837],[-79.31988,43.76856],[-79.31989,43.76857],[-79.31992,43.76865],[-79.31993,43.76868],[-79.31995,43.76873],[-79.31999,43.76882],[-79.32003,43.7689],[-79.32007,43.76899],[-79.32011,43.76907],[-79.32015,43.76916],[-79.32019,43.76924],[-79.32023,43.76933],[-79.32027,43.76941],[-79.32032,43.7695],[-79.32034,43.76954],[-79.32036,43.76958],[-79.32041,43.76966],[-79.32045,43.76975],[-79.32051,43.76985],[-79.32056,43.76995],[-79.32058,43.76997],[-79.32062,43.77005],[-79.32067,43.77015],[-79.32073,43.77025],[-79.32078,43.77035],[-79.32083,43.77045],[-79.32088,43.77056],[-79.32093,43.77066],[-79.32098,43.77076],[-79.32103,43.77086],[-79.32107,43.77097],[-79.32112,43.77107],[-79.32114,43.77113],[-79.32152,43.77195],[-79.32207,43.77318],[-79.32221,43.77351],[-79.32255,43.77422],[-79.32302,43.77526],[-79.32417,43.77775],[-79.32423,43.77789],[-79.32505,43.7796],[-79.3254,43.78036],[-79.32629,43.78225],[-79.32641,43.7825],[-79.32696,43.78366],[-79.32706,43.78389],[-79.32723,43.78425],[-79.32794,43.78574],[-79.328,43.78588],[-79.32901,43.78801],[-79.32959,43.78926],[-79.33079,43.79178],[-79.33142,43.79312],[-79.33086,43.79325],[-79.32982,43.79347],[-79.32798,43.79388],[-79.32653,43.79421],[-79.32597,43.79434],[-79.32498,43.79457],[-79.32363,43.79488],[-79.32167,43.79533],[-79.32022,43.79567],[-79.31932,43.79586],[-79.31844,43.79607],[-79.31789,43.79619],[-79.31729,43.79638],[-79.31686,43.79651],[-79.31627,43.79665],[-79.31577,43.79678],[-79.31498,43.79695],[-79.31385,43.79719],[-79.31232,43.7975],[-79.31171,43.79765],[-79.3106,43.79791],[-79.30951,43.79817],[-79.30908,43.79826],[-79.30805,43.7985],[-79.30724,43.7987],[-79.30598,43.79901],[-79.30559,43.79811],[-79.30516,43.79713],[-79.30475,43.79617],[-79.30405,43.79454],[-79.30353,43.79335],[-79.30331,43.79281],[-79.30271,43.79138],[-79.3023,43.79045],[-79.30213,43.79006],[-79.30171,43.78906],[-79.30127,43.78803],[-79.30105,43.78795],[-79.30082,43.78789],[-79.3005,43.78779],[-79.30019,43.7877],[-79.29987,43.78762],[-79.29957,43.78752],[-79.29926,43.78743],[-79.29897,43.78736],[-79.29864,43.78728],[-79.2983,43.78717],[-79.29796,43.78707],[-79.2973,43.78685],[-79.29696,43.78678],[-79.29659,43.78667],[-79.29623,43.78656],[-79.29598,43.78652],[-79.2959,43.78651],[-79.29563,43.78657],[-79.29526,43.78665],[-79.29492,43.78673],[-79.29457,43.78682],[-79.29428,43.78688],[-79.29402,43.78695],[-79.29369,43.78702],[-79.29336,43.7871],[-79.29303,43.78717],[-79.29267,43.78724],[-79.29237,43.7873],[-79.29209,43.78735],[-79.29177,43.78741],[-79.29149,43.7874],[-79.29127,43.78733],[-79.29106,43.78723],[-79.2908,43.78711],[-79.29057,43.78692],[-79.29039,43.78676],[-79.29025,43.78659],[-79.29013,43.78645],[-79.28998,43.78638],[-79.2899,43.78636],[-79.28971,43.78631],[-79.28967,43.78632],[-79.28952,43.78632],[-79.28943,43.78632],[-79.28922,43.78622],[-79.28906,43.78609],[-79.2889,43.78599],[-79.2888,43.78591],[-79.28869,43.78585],[-79.28865,43.78581],[-79.2884,43.78568],[-79.28814,43.78551],[-79.2879,43.78532],[-79.28768,43.78508],[-79.28747,43.78482],[-79.28724,43.7846],[-79.28698,43.7844],[-79.28675,43.7842],[-79.28655,43.784],[-79.28642,43.78389],[-79.28625,43.78374],[-79.28622,43.78373],[-79.2862,43.7837],[-79.2861,43.78359],[-79.28595,43.78348],[-79.2857,43.78336],[-79.2854,43.78325],[-79.28511,43.78314],[-79.28481,43.78305],[-79.28452,43.78295],[-79.28426,43.78282],[-79.28399,43.78269],[-79.28373,43.78253],[-79.28349,43.78237],[-79.28329,43.78224],[-79.28326,43.78221],[-79.28299,43.78207],[-79.2827,43.78196],[-79.28243,43.78184],[-79.28218,43.78169],[-79.28201,43.78154],[-79.28193,43.78147],[-79.28187,43.78143],[-79.28185,43.78141],[-79.28179,43.78128],[-79.28178,43.78125],[-79.28123,43.78003],[-79.28024,43.77764],[-79.27978,43.77645],[-79.27978,43.77644],[-79.27975,43.77634],[-79.27974,43.77632],[-79.27969,43.77617],[-79.27962,43.77601],[-79.27955,43.77585],[-79.27952,43.77577],[-79.27904,43.7745],[-79.27845,43.77296],[-79.27843,43.77292],[-79.27794,43.77164],[-79.27793,43.77163],[-79.27756,43.77067],[-79.27756,43.77066],[-79.27676,43.76858],[-79.27676,43.76856],[-79.27676,43.76854],[-79.27676,43.76851],[-79.27676,43.76848],[-79.27676,43.76846],[-79.27676,43.76843],[-79.27677,43.76841],[-79.27676,43.76838],[-79.27676,43.76835],[-79.27676,43.76833],[-79.27676,43.7683],[-79.27675,43.76827],[-79.27675,43.76825],[-79.27674,43.76822],[-79.27674,43.76819],[-79.27673,43.76815],[-79.27673,43.76811],[-79.27672,43.76807],[-79.27671,43.76802],[-79.2767,43.76798],[-79.27669,43.76794],[-79.27668,43.7679],[-79.27667,43.76786],[-79.27665,43.76782],[-79.27664,43.76777],[-79.27663,43.76773],[-79.27661,43.76769],[-79.2766,43.76765],[-79.27658,43.76761],[-79.27656,43.76757],[-79.2763,43.76684],[-79.27629,43.76683],[-79.2764,43.7668],[-79.27697,43.76668],[-79.27902,43.76625],[-79.27937,43.76618],[-79.27944,43.76616],[-79.28108,43.76581],[-79.28139,43.76577],[-79.28176,43.76569],[-79.2827,43.76544],[-79.2836,43.76524],[-79.28402,43.76513],[-79.28588,43.76471],[-79.28651,43.76455],[-79.28758,43.7643],[-79.28772,43.76427],[-79.28859,43.76407],[-79.28968,43.76382],[-79.29137,43.76344],[-79.29273,43.76309],[-79.29295,43.76305],[-79.29341,43.76293],[-79.29471,43.7626],[-79.29625,43.76225],[-79.2981,43.76181],[-79.30006,43.76134],[-79.30008,43.76133],[-79.30075,43.7612],[-79.30198,43.76092],[-79.30246,43.7608],[-79.30337,43.76059],[-79.30446,43.76036],[-79.30502,43.76023],[-79.30547,43.76011],[-79.30581,43.76005],[-79.30644,43.75992],[-79.30708,43.75975],[-79.3079,43.75957],[-79.3083,43.7595],[-79.30919,43.75928],[-79.31019,43.75904],[-79.31177,43.75868],[-79.31293,43.75843],[-79.31407,43.75815],[-79.31525,43.75788]]]}},{"type":"Feature","properties":{"num":41,"name":"Scarborough-Rouge River"},"geometry":{"type":"Polygon","coordinates":[[[-79.26486,43.77956],[-79.26495,43.77954],[-79.26612,43.77936],[-79.26623,43.77934],[-79.26634,43.77933],[-79.26644,43.77931],[-79.26655,43.77929],[-79.26666,43.77927],[-79.26677,43.77926],[-79.26688,43.77924],[-79.26698,43.77922],[-79.26709,43.7792],[-79.2672,43.77918],[-79.26731,43.77916],[-79.26741,43.77913],[-79.26752,43.77911],[-79.26763,43.77909],[-79.26773,43.77906],[-79.26784,43.77904],[-79.26794,43.77902],[-79.26805,43.77899],[-79.26815,43.77896],[-79.26971,43.77858],[-79.27004,43.77851],[-79.27099,43.77831],[-79.27256,43.77798],[-79.27482,43.77748],[-79.27485,43.77747],[-79.27642,43.77712],[-79.2772,43.77693],[-79.27747,43.77687],[-79.27922,43.77646],[-79.27975,43.77634],[-79.27978,43.77644],[-79.27978,43.77645],[-79.28024,43.77764],[-79.28123,43.78003],[-79.28178,43.78125],[-79.28179,43.78128],[-79.28185,43.78141],[-79.28219,43.7822],[-79.28233,43.78252],[-79.2825,43.78292],[-79.28253,43.78298],[-79.28257,43.78305],[-79.2826,43.78311],[-79.28263,43.78318],[-79.28266,43.78325],[-79.2827,43.78331],[-79.28273,43.78338],[-79.28276,43.78345],[-79.28278,43.7835],[-79.28281,43.78355],[-79.28283,43.7836],[-79.28286,43.78365],[-79.28289,43.7837],[-79.28292,43.78375],[-79.28295,43.7838],[-79.28298,43.78385],[-79.28301,43.7839],[-79.28304,43.78394],[-79.28308,43.78399],[-79.28311,43.78404],[-79.28314,43.78409],[-79.28318,43.78414],[-79.28322,43.78418],[-79.28325,43.78423],[-79.28329,43.78428],[-79.28333,43.78432],[-79.28336,43.78436],[-79.28338,43.7844],[-79.28341,43.78445],[-79.28344,43.7845],[-79.28346,43.78455],[-79.28349,43.7846],[-79.28352,43.78465],[-79.28355,43.7847],[-79.28358,43.78474],[-79.28361,43.78479],[-79.28364,43.78484],[-79.28367,43.78489],[-79.28371,43.78493],[-79.28374,43.78498],[-79.28377,43.78502],[-79.2838,43.78507],[-79.28382,43.78511],[-79.28385,43.78516],[-79.28388,43.78521],[-79.2839,43.78525],[-79.28393,43.7853],[-79.28395,43.78535],[-79.28397,43.78539],[-79.284,43.78544],[-79.28402,43.78549],[-79.28404,43.78553],[-79.28406,43.78558],[-79.28432,43.7862],[-79.28437,43.7863],[-79.28477,43.78725],[-79.28522,43.7883],[-79.28537,43.78865],[-79.2861,43.79038],[-79.2869,43.79216],[-79.28715,43.79273],[-79.28792,43.79456],[-79.28802,43.79479],[-79.28858,43.79608],[-79.28922,43.79753],[-79.29005,43.79944],[-79.29056,43.80063],[-79.29088,43.80133],[-79.29108,43.80165],[-79.2912,43.80186],[-79.29139,43.80216],[-79.29161,43.80248],[-79.29197,43.80295],[-79.29223,43.8033],[-79.29238,43.80351],[-79.2925,43.80368],[-79.2926,43.80381],[-79.29269,43.80394],[-79.29275,43.80405],[-79.29282,43.80416],[-79.29287,43.80424],[-79.29291,43.80433],[-79.29295,43.80443],[-79.29316,43.80488],[-79.29463,43.80807],[-79.29609,43.81126],[-79.29612,43.81132],[-79.29704,43.81333],[-79.29706,43.81336],[-79.29882,43.81718],[-79.29992,43.81956],[-79.30064,43.82117],[-79.30144,43.82294],[-79.3023,43.82481],[-79.30154,43.82499],[-79.3007,43.82518],[-79.30008,43.82533],[-79.29887,43.82561],[-79.29734,43.82596],[-79.29659,43.82614],[-79.296,43.82628],[-79.29546,43.82641],[-79.29414,43.82671],[-79.29398,43.82675],[-79.29312,43.82695],[-79.29175,43.82726],[-79.29135,43.82736],[-79.28948,43.82778],[-79.28754,43.82821],[-79.2872,43.82831],[-79.28472,43.82887],[-79.28311,43.82924],[-79.2804,43.82985],[-79.27926,43.83012],[-79.27775,43.83045],[-79.27678,43.83068],[-79.27553,43.83098],[-79.2752,43.83106],[-79.27207,43.83177],[-79.2695,43.83236],[-79.26797,43.83272],[-79.26635,43.83311],[-79.2636,43.83374],[-79.26115,43.83431],[-79.26004,43.83458],[-79.25615,43.83547],[-79.25525,43.83568],[-79.25434,43.83589],[-79.25216,43.8364],[-79.25119,43.83661],[-79.25116,43.83614],[-79.25111,43.83525],[-79.25105,43.83393],[-79.251,43.83313],[-79.25097,43.83245],[-79.25094,43.8318],[-79.25088,43.83138],[-79.25076,43.83079],[-79.25072,43.83056],[-79.25063,43.83031],[-79.25049,43.82998],[-79.25014,43.82923],[-79.24976,43.82837],[-79.24951,43.82779],[-79.24931,43.82732],[-79.24899,43.8266],[-79.24831,43.82506],[-79.24782,43.82401],[-79.2478,43.82397],[-79.24761,43.8235],[-79.24726,43.82268],[-79.24706,43.8222],[-79.24701,43.82208],[-79.24696,43.82195],[-79.24666,43.82127],[-79.24632,43.82052],[-79.24619,43.82025],[-79.24605,43.81995],[-79.24581,43.81942],[-79.24546,43.8186],[-79.24525,43.81812],[-79.24487,43.81724],[-79.24431,43.81594],[-79.24382,43.81477],[-79.24341,43.81379],[-79.24308,43.81298],[-79.24305,43.81288],[-79.24302,43.81282],[-79.24299,43.81275],[-79.24296,43.81268],[-79.24294,43.8126],[-79.24292,43.81252],[-79.2429,43.81242],[-79.24289,43.81237],[-79.24288,43.81232],[-79.24287,43.81223],[-79.24286,43.81215],[-79.24285,43.81211],[-79.24284,43.81204],[-79.24284,43.81197],[-79.24283,43.8119],[-79.24283,43.81183],[-79.24283,43.8118],[-79.24283,43.81175],[-79.24285,43.81167],[-79.24285,43.81159],[-79.24285,43.81151],[-79.24286,43.81143],[-79.24287,43.81137],[-79.24287,43.81129],[-79.24288,43.8112],[-79.24289,43.81113],[-79.2429,43.81103],[-79.24291,43.81096],[-79.24291,43.81089],[-79.24293,43.81082],[-79.24294,43.81074],[-79.24296,43.81067],[-79.24298,43.81058],[-79.243,43.8105],[-79.24302,43.81041],[-79.24305,43.81033],[-79.24308,43.81025],[-79.24313,43.81013],[-79.24315,43.81007],[-79.24317,43.81002],[-79.24319,43.80996],[-79.24322,43.8099],[-79.24324,43.80984],[-79.24327,43.80978],[-79.24328,43.80973],[-79.2433,43.80969],[-79.24332,43.80963],[-79.24334,43.80958],[-79.24336,43.80954],[-79.24338,43.80951],[-79.2434,43.80945],[-79.24342,43.80941],[-79.24343,43.80936],[-79.24345,43.8093],[-79.24348,43.80924],[-79.24351,43.80918],[-79.24352,43.80913],[-79.24354,43.80908],[-79.24357,43.80902],[-79.24359,43.80897],[-79.24362,43.8089],[-79.24364,43.80883],[-79.24367,43.80877],[-79.2437,43.80869],[-79.24372,43.80862],[-79.24375,43.80854],[-79.24377,43.80846],[-79.2438,43.80836],[-79.24382,43.80829],[-79.24384,43.80821],[-79.24385,43.80819],[-79.24386,43.80812],[-79.24388,43.80804],[-79.24389,43.80799],[-79.2439,43.80793],[-79.24392,43.80784],[-79.24393,43.80778],[-79.24394,43.80772],[-79.24396,43.80764],[-79.24397,43.80757],[-79.24398,43.8075],[-79.24398,43.8074],[-79.24399,43.80732],[-79.24399,43.80722],[-79.24399,43.80711],[-79.24398,43.80702],[-79.24398,43.80696],[-79.24397,43.80688],[-79.24396,43.8068],[-79.24394,43.8067],[-79.24392,43.80662],[-79.24388,43.8065],[-79.24383,43.80633],[-79.24375,43.8061],[-79.24367,43.8059],[-79.2436,43.80573],[-79.24353,43.80555],[-79.24339,43.80524],[-79.24315,43.8047],[-79.24296,43.80428],[-79.24266,43.80363],[-79.24221,43.80263],[-79.24213,43.80248],[-79.24202,43.80221],[-79.24192,43.80193],[-79.24185,43.80171],[-79.24165,43.80097],[-79.24138,43.79985],[-79.24118,43.79906],[-79.24108,43.79866],[-79.24105,43.79857],[-79.24089,43.79815],[-79.24076,43.79777],[-79.2404,43.79691],[-79.24024,43.79651],[-79.23992,43.79573],[-79.23984,43.79552],[-79.23968,43.79519],[-79.23949,43.7948],[-79.23947,43.79476],[-79.23936,43.79462],[-79.23913,43.79435],[-79.23892,43.79409],[-79.23882,43.79394],[-79.23876,43.79388],[-79.24003,43.79362],[-79.24155,43.7933],[-79.24287,43.79302],[-79.24379,43.79283],[-79.24521,43.79254],[-79.24673,43.79222],[-79.24849,43.79186],[-79.24898,43.79175],[-79.25351,43.79078],[-79.25571,43.79031],[-79.25884,43.78963],[-79.25877,43.78952],[-79.25869,43.78933],[-79.25863,43.7892],[-79.25857,43.78906],[-79.2585,43.78893],[-79.25841,43.78879],[-79.2583,43.78864],[-79.25819,43.78851],[-79.25807,43.78837],[-79.2579,43.78822],[-79.2578,43.78811],[-79.25768,43.78799],[-79.25756,43.78783],[-79.25746,43.78768],[-79.25735,43.78754],[-79.25728,43.7874],[-79.25713,43.78703],[-79.25684,43.78629],[-79.25664,43.7858],[-79.25648,43.78539],[-79.25645,43.78528],[-79.25628,43.78488],[-79.25627,43.78485],[-79.25597,43.78409],[-79.25582,43.78371],[-79.25564,43.78323],[-79.25559,43.78311],[-79.25555,43.78299],[-79.25551,43.78288],[-79.25547,43.78276],[-79.25547,43.78275],[-79.25543,43.78264],[-79.25539,43.78252],[-79.25535,43.7824],[-79.25531,43.78228],[-79.25528,43.78216],[-79.25524,43.78204],[-79.2552,43.78192],[-79.25517,43.7818],[-79.25514,43.78168],[-79.25511,43.7816],[-79.25509,43.78153],[-79.25508,43.78151],[-79.25506,43.78145],[-79.25771,43.78093],[-79.26244,43.77999],[-79.26257,43.77996],[-79.26271,43.77993],[-79.26276,43.77992],[-79.26285,43.7799],[-79.26299,43.77987],[-79.26313,43.77985],[-79.26327,43.77982],[-79.26341,43.77979],[-79.26355,43.77977],[-79.2637,43.77974],[-79.26384,43.77972],[-79.26398,43.77969],[-79.26412,43.77967],[-79.26426,43.77965],[-79.2644,43.77963],[-79.26454,43.77961],[-79.26486,43.77956]]]}},{"type":"Feature","properties":{"num":42,"name":"Scarborough-Rouge River"},"geometry":{"type":"Polygon","coordinates":[[[-79.22568,43.7894],[-79.22579,43.78935],[-79.22589,43.78929],[-79.226,43.78923],[-79.22611,43.78917],[-79.22622,43.78912],[-79.22633,43.78906],[-79.22644,43.78901],[-79.22655,43.78895],[-79.22666,43.7889],[-79.22677,43.78884],[-79.22688,43.78879],[-79.22699,43.78873],[-79.2271,43.78868],[-79.22722,43.78863],[-79.22733,43.78858],[-79.22746,43.78852],[-79.22759,43.78846],[-79.22772,43.7884],[-79.22785,43.78834],[-79.22798,43.78828],[-79.22812,43.78823],[-79.22825,43.78817],[-79.22838,43.78812],[-79.22851,43.78806],[-79.22865,43.788],[-79.22878,43.78795],[-79.22892,43.7879],[-79.22905,43.78784],[-79.22919,43.78779],[-79.22932,43.78774],[-79.22946,43.78769],[-79.22959,43.78763],[-79.22973,43.78758],[-79.22983,43.78755],[-79.22987,43.78753],[-79.23001,43.78748],[-79.23014,43.78743],[-79.23072,43.78723],[-79.23106,43.78712],[-79.23271,43.78658],[-79.23327,43.7864],[-79.23537,43.7858],[-79.23717,43.78528],[-79.23724,43.78526],[-79.23893,43.7848],[-79.23917,43.78474],[-79.23942,43.78467],[-79.23966,43.78461],[-79.23991,43.78455],[-79.24002,43.78452],[-79.24015,43.78448],[-79.2404,43.78442],[-79.24065,43.78436],[-79.24089,43.7843],[-79.24114,43.78424],[-79.24139,43.78418],[-79.24157,43.78413],[-79.24163,43.78412],[-79.24214,43.78402],[-79.24229,43.78399],[-79.24245,43.78396],[-79.24261,43.78393],[-79.24276,43.7839],[-79.24292,43.78387],[-79.24308,43.78384],[-79.24323,43.78381],[-79.24331,43.78379],[-79.24339,43.78377],[-79.24346,43.78376],[-79.24354,43.78374],[-79.24361,43.78372],[-79.24369,43.78371],[-79.24377,43.78369],[-79.24385,43.78368],[-79.24392,43.78366],[-79.244,43.78365],[-79.24408,43.78364],[-79.24416,43.78363],[-79.24517,43.78344],[-79.24531,43.78341],[-79.24731,43.78302],[-79.24933,43.78259],[-79.24977,43.7825],[-79.25506,43.78145],[-79.25508,43.78151],[-79.25509,43.78153],[-79.25511,43.7816],[-79.25514,43.78168],[-79.25517,43.7818],[-79.2552,43.78192],[-79.25524,43.78204],[-79.25528,43.78216],[-79.25531,43.78228],[-79.25535,43.7824],[-79.25539,43.78252],[-79.25543,43.78264],[-79.25547,43.78275],[-79.25547,43.78276],[-79.25551,43.78288],[-79.25555,43.78299],[-79.25559,43.78311],[-79.25564,43.78323],[-79.25582,43.78371],[-79.25597,43.78409],[-79.25627,43.78485],[-79.25628,43.78488],[-79.25645,43.78528],[-79.25648,43.78539],[-79.25664,43.7858],[-79.25684,43.78629],[-79.25713,43.78703],[-79.25728,43.7874],[-79.25735,43.78754],[-79.25746,43.78768],[-79.25756,43.78783],[-79.25768,43.78799],[-79.2578,43.78811],[-79.2579,43.78822],[-79.25807,43.78837],[-79.25819,43.78851],[-79.2583,43.78864],[-79.25841,43.78879],[-79.2585,43.78893],[-79.25857,43.78906],[-79.25863,43.7892],[-79.25869,43.78933],[-79.25877,43.78952],[-79.25884,43.78963],[-79.25571,43.79031],[-79.25351,43.79078],[-79.24898,43.79175],[-79.24849,43.79186],[-79.24673,43.79222],[-79.24521,43.79254],[-79.24379,43.79283],[-79.24287,43.79302],[-79.24155,43.7933],[-79.24003,43.79362],[-79.23876,43.79388],[-79.23882,43.79394],[-79.23892,43.79409],[-79.23913,43.79435],[-79.23936,43.79462],[-79.23947,43.79476],[-79.23949,43.7948],[-79.23968,43.79519],[-79.23984,43.79552],[-79.23992,43.79573],[-79.24024,43.79651],[-79.2404,43.79691],[-79.24076,43.79777],[-79.24089,43.79815],[-79.24105,43.79857],[-79.24108,43.79866],[-79.24118,43.79906],[-79.24138,43.79985],[-79.24165,43.80097],[-79.24185,43.80171],[-79.24192,43.80193],[-79.24202,43.80221],[-79.24213,43.80248],[-79.24221,43.80263],[-79.24266,43.80363],[-79.24296,43.80428],[-79.24315,43.8047],[-79.24339,43.80524],[-79.24353,43.80555],[-79.2436,43.80573],[-79.24367,43.8059],[-79.24375,43.8061],[-79.24383,43.80633],[-79.24388,43.8065],[-79.24392,43.80662],[-79.24394,43.8067],[-79.24396,43.8068],[-79.24397,43.80688],[-79.24398,43.80696],[-79.24398,43.80702],[-79.24399,43.80711],[-79.24399,43.80722],[-79.24399,43.80732],[-79.24398,43.8074],[-79.24398,43.8075],[-79.24397,43.80757],[-79.24396,43.80764],[-79.24394,43.80772],[-79.24393,43.80778],[-79.24392,43.80784],[-79.2439,43.80793],[-79.24389,43.80799],[-79.24388,43.80804],[-79.24386,43.80812],[-79.24385,43.80819],[-79.24384,43.80821],[-79.24382,43.80829],[-79.2438,43.80836],[-79.24377,43.80846],[-79.24375,43.80854],[-79.24372,43.80862],[-79.2437,43.80869],[-79.24367,43.80877],[-79.24364,43.80883],[-79.24362,43.8089],[-79.24359,43.80897],[-79.24357,43.80902],[-79.24354,43.80908],[-79.24352,43.80913],[-79.24351,43.80918],[-79.24348,43.80924],[-79.24345,43.8093],[-79.24343,43.80936],[-79.24342,43.80941],[-79.2434,43.80945],[-79.24338,43.80951],[-79.24336,43.80954],[-79.24334,43.80958],[-79.24332,43.80963],[-79.2433,43.80969],[-79.24328,43.80973],[-79.24327,43.80978],[-79.24324,43.80984],[-79.24322,43.8099],[-79.24319,43.80996],[-79.24317,43.81002],[-79.24315,43.81007],[-79.24313,43.81013],[-79.24308,43.81025],[-79.24305,43.81033],[-79.24302,43.81041],[-79.243,43.8105],[-79.24298,43.81058],[-79.24296,43.81067],[-79.24294,43.81074],[-79.24293,43.81082],[-79.24291,43.81089],[-79.24291,43.81096],[-79.2429,43.81103],[-79.24289,43.81113],[-79.24288,43.8112],[-79.24287,43.81129],[-79.24287,43.81137],[-79.24286,43.81143],[-79.24285,43.81151],[-79.24285,43.81159],[-79.24285,43.81167],[-79.24283,43.81175],[-79.24283,43.8118],[-79.24283,43.81183],[-79.24283,43.8119],[-79.24284,43.81197],[-79.24284,43.81204],[-79.24285,43.81211],[-79.24286,43.81215],[-79.24287,43.81223],[-79.24288,43.81232],[-79.24289,43.81237],[-79.2429,43.81242],[-79.24292,43.81252],[-79.24294,43.8126],[-79.24296,43.81268],[-79.24299,43.81275],[-79.24302,43.81282],[-79.24305,43.81288],[-79.24308,43.81298],[-79.24341,43.81379],[-79.24382,43.81477],[-79.24431,43.81594],[-79.24487,43.81724],[-79.24525,43.81812],[-79.24546,43.8186],[-79.24581,43.81942],[-79.24605,43.81995],[-79.24619,43.82025],[-79.24632,43.82052],[-79.24666,43.82127],[-79.24696,43.82195],[-79.24701,43.82208],[-79.24706,43.8222],[-79.24726,43.82268],[-79.24761,43.8235],[-79.2478,43.82397],[-79.24782,43.82401],[-79.24831,43.82506],[-79.24899,43.8266],[-79.24931,43.82732],[-79.24951,43.82779],[-79.24976,43.82837],[-79.25014,43.82923],[-79.25049,43.82998],[-79.25063,43.83031],[-79.25072,43.83056],[-79.25076,43.83079],[-79.25088,43.83138],[-79.25094,43.8318],[-79.25097,43.83245],[-79.251,43.83313],[-79.25105,43.83393],[-79.25111,43.83525],[-79.25116,43.83614],[-79.25119,43.83661],[-79.24947,43.83704],[-79.24849,43.83725],[-79.24575,43.83789],[-79.24185,43.8388],[-79.23946,43.83935],[-79.23925,43.8394],[-79.23722,43.83988],[-79.23685,43.83997],[-79.2345,43.84052],[-79.232,43.84112],[-79.22974,43.84167],[-79.22875,43.84189],[-79.22827,43.842],[-79.22782,43.8421],[-79.2267,43.84234],[-79.22587,43.84253],[-79.22534,43.84265],[-79.22344,43.84307],[-79.22041,43.84374],[-79.21913,43.84403],[-79.21714,43.84447],[-79.21484,43.84498],[-79.21264,43.84548],[-79.21199,43.84562],[-79.2116,43.84571],[-79.21041,43.84597],[-79.2093,43.84622],[-79.20733,43.84664],[-79.2045,43.84727],[-79.20058,43.8482],[-79.20012,43.84832],[-79.19937,43.8485],[-79.19928,43.84853],[-79.19893,43.84861],[-79.19833,43.84874],[-79.19682,43.84909],[-79.19503,43.84951],[-79.1933,43.84993],[-79.19192,43.85027],[-79.19135,43.85041],[-79.1899,43.85076],[-79.18974,43.8508],[-79.18639,43.85162],[-79.18601,43.85171],[-79.18526,43.8519],[-79.1824,43.8526],[-79.18145,43.85284],[-79.18003,43.85318],[-79.17758,43.85377],[-79.17695,43.85392],[-79.17663,43.85399],[-79.17615,43.8541],[-79.17114,43.85527],[-79.17029,43.85547],[-79.16746,43.84926],[-79.16744,43.84922],[-79.16685,43.84796],[-79.16659,43.8474],[-79.16622,43.8466],[-79.16591,43.84592],[-79.16495,43.84373],[-79.16478,43.84334],[-79.1625,43.83825],[-79.16247,43.83818],[-79.16206,43.8373],[-79.16199,43.83715],[-79.1617,43.83649],[-79.16157,43.83621],[-79.16095,43.83485],[-79.16079,43.83449],[-79.1607,43.8343],[-79.1605,43.83386],[-79.16043,43.83371],[-79.16041,43.83365],[-79.15998,43.83268],[-79.15986,43.83242],[-79.15957,43.83174],[-79.1589,43.83023],[-79.15803,43.82828],[-79.15678,43.82547],[-79.1555,43.82259],[-79.1548,43.82107],[-79.15404,43.81945],[-79.15312,43.81743],[-79.1528,43.81673],[-79.15269,43.81634],[-79.15259,43.81598],[-79.15253,43.81576],[-79.15241,43.81544],[-79.15226,43.81499],[-79.15216,43.8147],[-79.15209,43.81455],[-79.15327,43.81452],[-79.15368,43.81446],[-79.15421,43.81441],[-79.15489,43.81434],[-79.1549,43.81434],[-79.15494,43.81433],[-79.15498,43.81433],[-79.15502,43.81433],[-79.15507,43.81433],[-79.15511,43.81432],[-79.15516,43.81432],[-79.1552,43.81432],[-79.15524,43.81432],[-79.15529,43.81432],[-79.15533,43.81432],[-79.15537,43.81432],[-79.15542,43.81433],[-79.15546,43.81433],[-79.15551,43.81433],[-79.15555,43.81434],[-79.15559,43.81434],[-79.15564,43.81434],[-79.15568,43.81435],[-79.15572,43.81436],[-79.15576,43.81436],[-79.15581,43.81437],[-79.15585,43.81438],[-79.15589,43.81439],[-79.15593,43.8144],[-79.15598,43.8144],[-79.15602,43.81441],[-79.15606,43.81443],[-79.1561,43.81444],[-79.15614,43.81445],[-79.15618,43.81446],[-79.15622,43.81447],[-79.15626,43.81449],[-79.1563,43.8145],[-79.15634,43.81451],[-79.15638,43.81453],[-79.15642,43.81454],[-79.15644,43.81455],[-79.15646,43.81456],[-79.15648,43.81457],[-79.1565,43.81458],[-79.15651,43.81458],[-79.15653,43.81459],[-79.15655,43.8146],[-79.15657,43.8146],[-79.15659,43.81461],[-79.15661,43.81461],[-79.15664,43.81462],[-79.15666,43.81462],[-79.15668,43.81462],[-79.1567,43.81462],[-79.15672,43.81462],[-79.15674,43.81463],[-79.15676,43.81463],[-79.15678,43.81463],[-79.15679,43.81463],[-79.15681,43.81463],[-79.15682,43.81462],[-79.15684,43.81462],[-79.15685,43.81462],[-79.15687,43.81462],[-79.15688,43.81461],[-79.1569,43.81461],[-79.15691,43.81461],[-79.15693,43.8146],[-79.15694,43.81459],[-79.15695,43.81459],[-79.15696,43.81458],[-79.15698,43.81458],[-79.15699,43.81457],[-79.157,43.81456],[-79.15701,43.81455],[-79.15702,43.81454],[-79.15703,43.81453],[-79.15703,43.81452],[-79.15704,43.81452],[-79.15705,43.81451],[-79.15706,43.8145],[-79.15706,43.81448],[-79.15707,43.81447],[-79.15707,43.81446],[-79.15707,43.81445],[-79.15707,43.81444],[-79.15708,43.81443],[-79.15708,43.81442],[-79.15708,43.81441],[-79.15708,43.8144],[-79.15707,43.81439],[-79.15707,43.81438],[-79.15681,43.81373],[-79.15671,43.81347],[-79.1567,43.81345],[-79.15669,43.81343],[-79.15669,43.81341],[-79.15668,43.81339],[-79.15667,43.81337],[-79.15667,43.81335],[-79.15666,43.81333],[-79.15666,43.81331],[-79.15665,43.81329],[-79.15665,43.81327],[-79.15665,43.81324],[-79.15664,43.81322],[-79.15664,43.8132],[-79.15664,43.81318],[-79.15663,43.81316],[-79.15663,43.81314],[-79.15663,43.81312],[-79.15663,43.8131],[-79.15663,43.81308],[-79.15663,43.81306],[-79.15664,43.81304],[-79.15665,43.813],[-79.15667,43.81294],[-79.1567,43.81286],[-79.15671,43.81284],[-79.15672,43.81282],[-79.15673,43.8128],[-79.15674,43.81279],[-79.15675,43.81277],[-79.15676,43.81275],[-79.15677,43.81273],[-79.15677,43.81271],[-79.15678,43.81269],[-79.15678,43.81267],[-79.15679,43.81265],[-79.15679,43.81264],[-79.1568,43.81262],[-79.1568,43.8126],[-79.1568,43.81258],[-79.1568,43.81256],[-79.1568,43.81254],[-79.1568,43.81252],[-79.15679,43.8125],[-79.15679,43.81248],[-79.15679,43.81246],[-79.15678,43.81244],[-79.15678,43.81242],[-79.15677,43.8124],[-79.15676,43.81238],[-79.15676,43.81236],[-79.15647,43.81177],[-79.15647,43.81176],[-79.15646,43.81175],[-79.15646,43.81174],[-79.15646,43.81173],[-79.15646,43.81171],[-79.15646,43.8117],[-79.15646,43.81169],[-79.15647,43.81168],[-79.15647,43.81167],[-79.15647,43.81166],[-79.15648,43.81165],[-79.15649,43.81164],[-79.15649,43.81163],[-79.15651,43.81161],[-79.15657,43.81159],[-79.15666,43.81157],[-79.15799,43.81128],[-79.15982,43.81087],[-79.15988,43.81085],[-79.16083,43.81064],[-79.16139,43.81052],[-79.16171,43.81045],[-79.16195,43.8104],[-79.16213,43.81034],[-79.16226,43.81032],[-79.16236,43.81028],[-79.16241,43.81026],[-79.16247,43.81023],[-79.16264,43.81012],[-79.16271,43.81007],[-79.16276,43.81003],[-79.1628,43.81],[-79.16287,43.80998],[-79.16293,43.80996],[-79.163,43.80995],[-79.16306,43.80995],[-79.16315,43.80994],[-79.16354,43.80994],[-79.16368,43.80994],[-79.16379,43.80993],[-79.16388,43.80993],[-79.16398,43.80992],[-79.16407,43.80992],[-79.16416,43.80991],[-79.16424,43.80989],[-79.16432,43.80987],[-79.16439,43.80985],[-79.16592,43.80949],[-79.16656,43.80935],[-79.1672,43.8092],[-79.16833,43.80894],[-79.17081,43.80839],[-79.1739,43.80771],[-79.17555,43.80735],[-79.17852,43.80671],[-79.18016,43.80635],[-79.1804,43.8063],[-79.18274,43.8058],[-79.18521,43.80527],[-79.18661,43.80499],[-79.18736,43.80481],[-79.18799,43.80465],[-79.18851,43.80454],[-79.19016,43.80417],[-79.18964,43.80302],[-79.18879,43.80114],[-79.18859,43.80068],[-79.18832,43.80004],[-79.18748,43.79811],[-79.18741,43.79794],[-79.18733,43.79774],[-79.18732,43.79772],[-79.1911,43.79717],[-79.19222,43.79701],[-79.19277,43.79693],[-79.19304,43.79689],[-79.19422,43.79672],[-79.19694,43.79633],[-79.19702,43.79632],[-79.19736,43.79627],[-79.19807,43.79617],[-79.19976,43.79593],[-79.19988,43.79591],[-79.2,43.7959],[-79.20012,43.79588],[-79.20024,43.79587],[-79.20036,43.79585],[-79.20048,43.79584],[-79.2006,43.79583],[-79.20072,43.79581],[-79.20079,43.79581],[-79.20084,43.7958],[-79.20093,43.7958],[-79.20096,43.79579],[-79.20108,43.79578],[-79.2012,43.79577],[-79.20132,43.79576],[-79.20144,43.79576],[-79.20156,43.79575],[-79.20169,43.79574],[-79.20181,43.79573],[-79.20193,43.79573],[-79.20205,43.79572],[-79.20217,43.79572],[-79.20238,43.7957],[-79.20258,43.79569],[-79.20279,43.79567],[-79.203,43.79566],[-79.20317,43.79564],[-79.2032,43.79564],[-79.20341,43.79563],[-79.20362,43.79562],[-79.20382,43.7956],[-79.20403,43.79559],[-79.20424,43.79558],[-79.20437,43.79557],[-79.2045,43.79556],[-79.20464,43.79555],[-79.20477,43.79554],[-79.2049,43.79553],[-79.20504,43.79551],[-79.20517,43.7955],[-79.2053,43.79548],[-79.20544,43.79547],[-79.20557,43.79545],[-79.2057,43.79544],[-79.20584,43.79542],[-79.20597,43.7954],[-79.2061,43.79539],[-79.20623,43.79537],[-79.20636,43.79535],[-79.20637,43.79535],[-79.20648,43.79534],[-79.20666,43.79532],[-79.20766,43.79516],[-79.20924,43.79495],[-79.20962,43.7949],[-79.21241,43.79448],[-79.21331,43.79435],[-79.2135,43.79432],[-79.21434,43.7942],[-79.21445,43.79418],[-79.21456,43.79417],[-79.21467,43.79416],[-79.21478,43.79414],[-79.21488,43.79412],[-79.21499,43.79411],[-79.2151,43.79409],[-79.21521,43.79407],[-79.21532,43.79406],[-79.21542,43.79404],[-79.21553,43.79402],[-79.21564,43.794],[-79.21575,43.79398],[-79.21585,43.79395],[-79.21589,43.79395],[-79.21596,43.79393],[-79.21606,43.7939],[-79.21617,43.79388],[-79.21628,43.79385],[-79.21638,43.79383],[-79.21649,43.7938],[-79.21659,43.79377],[-79.21669,43.79374],[-79.2168,43.79371],[-79.2169,43.79368],[-79.21701,43.79365],[-79.21711,43.79362],[-79.21721,43.79359],[-79.21731,43.79356],[-79.21742,43.79353],[-79.21752,43.7935],[-79.21762,43.79346],[-79.21772,43.79343],[-79.21782,43.79339],[-79.21794,43.79335],[-79.21806,43.79331],[-79.21818,43.79327],[-79.2183,43.79323],[-79.21842,43.79318],[-79.21854,43.79314],[-79.21865,43.7931],[-79.21877,43.79305],[-79.21889,43.79301],[-79.21901,43.79296],[-79.21912,43.79292],[-79.21924,43.79287],[-79.21935,43.79282],[-79.21947,43.79277],[-79.21958,43.79273],[-79.21969,43.79268],[-79.21981,43.79263],[-79.21992,43.79258],[-79.22003,43.79253],[-79.22015,43.79248],[-79.22025,43.79243],[-79.22036,43.79239],[-79.22046,43.79234],[-79.22056,43.79229],[-79.22067,43.79225],[-79.22077,43.7922],[-79.22087,43.79215],[-79.22098,43.7921],[-79.22108,43.79205],[-79.22118,43.792],[-79.22128,43.79195],[-79.22138,43.7919],[-79.22148,43.79185],[-79.22158,43.7918],[-79.22168,43.79174],[-79.22178,43.79169],[-79.22188,43.79164],[-79.22191,43.79162],[-79.22198,43.79158],[-79.22207,43.79153],[-79.22217,43.79148],[-79.22227,43.79142],[-79.22236,43.79137],[-79.22246,43.79131],[-79.22271,43.79116],[-79.22296,43.79101],[-79.22321,43.79085],[-79.22347,43.7907],[-79.22372,43.79055],[-79.22398,43.7904],[-79.22423,43.79025],[-79.22445,43.79013],[-79.22449,43.79011],[-79.22474,43.78996],[-79.22484,43.78989],[-79.22495,43.78983],[-79.22505,43.78977],[-79.22515,43.78971],[-79.22526,43.78965],[-79.22536,43.78959],[-79.22547,43.78953],[-79.22557,43.78947],[-79.22568,43.78941],[-79.22568,43.7894]]]}},{"type":"Feature","properties":{"num":43,"name":"Scarborough East"},"geometry":{"type":"Polygon","coordinates":[[[-79.21399,43.72674],[-79.21399,43.72677],[-79.21401,43.72685],[-79.21404,43.72693],[-79.21406,43.72702],[-79.2141,43.72711],[-79.21415,43.7272],[-79.21421,43.72728],[-79.2143,43.72734],[-79.21441,43.72739],[-79.21453,43.72743],[-79.21466,43.72746],[-79.21479,43.72749],[-79.21494,43.72752],[-79.21507,43.72755],[-79.21522,43.72757],[-79.21536,43.72758],[-79.2155,43.72759],[-79.21566,43.72759],[-79.21581,43.72761],[-79.21597,43.72764],[-79.21611,43.72766],[-79.21625,43.72768],[-79.21639,43.72769],[-79.21654,43.72771],[-79.21669,43.72774],[-79.21681,43.72777],[-79.21693,43.7278],[-79.21707,43.72781],[-79.21721,43.72782],[-79.21735,43.72784],[-79.2175,43.72785],[-79.21764,43.72786],[-79.21776,43.72786],[-79.21791,43.72793],[-79.21798,43.72796],[-79.21811,43.728],[-79.21824,43.72804],[-79.21841,43.7281],[-79.21853,43.72813],[-79.21876,43.72816],[-79.21899,43.72819],[-79.21912,43.72823],[-79.21929,43.72828],[-79.21946,43.72834],[-79.21961,43.72838],[-79.21963,43.72839],[-79.2196,43.72842],[-79.21884,43.72915],[-79.21843,43.72955],[-79.21837,43.72962],[-79.2182,43.72979],[-79.21813,43.72983],[-79.21807,43.7299],[-79.218,43.72998],[-79.21786,43.73013],[-79.21764,43.73035],[-79.21744,43.73055],[-79.21736,43.73065],[-79.21719,43.73079],[-79.21702,43.73095],[-79.21688,43.73112],[-79.21679,43.73125],[-79.2167,43.7314],[-79.21663,43.73154],[-79.21657,43.73169],[-79.21648,43.73189],[-79.21641,43.73203],[-79.21634,43.73216],[-79.21626,43.73226],[-79.2162,43.73235],[-79.21613,43.73244],[-79.21609,43.73253],[-79.216,43.73263],[-79.21588,43.73271],[-79.21576,43.73279],[-79.21563,43.73288],[-79.21549,43.73296],[-79.21539,43.73302],[-79.21528,43.73308],[-79.21514,43.73315],[-79.21501,43.7332],[-79.21493,43.73324],[-79.21485,43.73328],[-79.21482,43.73331],[-79.21478,43.7334],[-79.21428,43.73397],[-79.21422,43.73402],[-79.2142,43.73404],[-79.21419,43.73406],[-79.21417,43.73407],[-79.21416,43.73409],[-79.21414,43.7341],[-79.21413,43.73412],[-79.21411,43.73413],[-79.21409,43.73415],[-79.21407,43.73416],[-79.21405,43.73417],[-79.21399,43.73421],[-79.21396,43.73423],[-79.21395,43.73424],[-79.21391,43.73427],[-79.21386,43.7343],[-79.21382,43.73433],[-79.21378,43.73436],[-79.21374,43.73439],[-79.2137,43.73443],[-79.21366,43.73446],[-79.21362,43.7345],[-79.21358,43.73453],[-79.21355,43.73457],[-79.21351,43.7346],[-79.21347,43.73463],[-79.21344,43.73467],[-79.2134,43.7347],[-79.21337,43.73474],[-79.21333,43.73478],[-79.2133,43.73481],[-79.21327,43.73485],[-79.21324,43.73488],[-79.2132,43.73492],[-79.21317,43.73496],[-79.21314,43.735],[-79.21311,43.73504],[-79.21309,43.73507],[-79.21306,43.73511],[-79.21303,43.73515],[-79.21301,43.73519],[-79.21298,43.73523],[-79.21296,43.73526],[-79.21295,43.73529],[-79.21293,43.73533],[-79.21291,43.73536],[-79.21289,43.7354],[-79.21288,43.73543],[-79.21286,43.73547],[-79.21285,43.7355],[-79.21283,43.73554],[-79.21282,43.73558],[-79.21281,43.73561],[-79.2128,43.73564],[-79.21278,43.73567],[-79.21277,43.7357],[-79.21275,43.73572],[-79.21274,43.73575],[-79.21272,43.73578],[-79.2127,43.73581],[-79.21269,43.73584],[-79.21267,43.73586],[-79.21265,43.73589],[-79.21263,43.73592],[-79.21261,43.73594],[-79.21258,43.73597],[-79.21256,43.736],[-79.21254,43.73603],[-79.21251,43.73605],[-79.21249,43.73607],[-79.21247,43.73609],[-79.21235,43.73619],[-79.21218,43.73632],[-79.21201,43.73642],[-79.21172,43.73661],[-79.21157,43.73671],[-79.21145,43.7368],[-79.21134,43.73691],[-79.21124,43.73701],[-79.21114,43.7371],[-79.21106,43.7372],[-79.21099,43.73729],[-79.21093,43.73737],[-79.21088,43.73746],[-79.21082,43.73755],[-79.21075,43.73766],[-79.21068,43.73778],[-79.21059,43.73789],[-79.20994,43.73893],[-79.20886,43.74066],[-79.20877,43.74083],[-79.20858,43.74112],[-79.2085,43.74128],[-79.20847,43.74147],[-79.20842,43.74164],[-79.20837,43.74201],[-79.20836,43.74209],[-79.20833,43.74215],[-79.2083,43.7422],[-79.20826,43.74227],[-79.2082,43.74234],[-79.20813,43.74239],[-79.20803,43.74246],[-79.20789,43.74254],[-79.209,43.74516],[-79.20935,43.74601],[-79.20813,43.74734],[-79.20764,43.74787],[-79.20596,43.74967],[-79.20546,43.75022],[-79.20509,43.75063],[-79.20441,43.7514],[-79.20398,43.75188],[-79.20277,43.75331],[-79.20199,43.75419],[-79.20247,43.75408],[-79.2027,43.75403],[-79.20293,43.75398],[-79.20316,43.75393],[-79.20339,43.75388],[-79.20341,43.75388],[-79.20362,43.75384],[-79.20385,43.75379],[-79.20408,43.75375],[-79.20431,43.7537],[-79.20454,43.75366],[-79.20466,43.75363],[-79.20477,43.7536],[-79.20489,43.75358],[-79.205,43.75355],[-79.20511,43.75352],[-79.20523,43.75349],[-79.20534,43.75346],[-79.20545,43.75343],[-79.20556,43.7534],[-79.20567,43.75337],[-79.20578,43.75334],[-79.2059,43.75331],[-79.20601,43.75328],[-79.20612,43.75325],[-79.20623,43.75321],[-79.20633,43.75318],[-79.20634,43.75318],[-79.20645,43.75314],[-79.20655,43.75311],[-79.20666,43.75307],[-79.20677,43.75304],[-79.20688,43.753],[-79.20699,43.75296],[-79.20709,43.75292],[-79.2072,43.75289],[-79.20731,43.75285],[-79.20741,43.75281],[-79.20752,43.75277],[-79.20762,43.75273],[-79.20773,43.75269],[-79.20783,43.75264],[-79.20794,43.7526],[-79.20804,43.75256],[-79.20815,43.75252],[-79.20825,43.75247],[-79.20835,43.75243],[-79.20855,43.75235],[-79.20874,43.75226],[-79.20894,43.75218],[-79.20913,43.7521],[-79.20933,43.75201],[-79.20952,43.75193],[-79.20971,43.75184],[-79.20991,43.75176],[-79.2101,43.75167],[-79.21029,43.75158],[-79.21048,43.7515],[-79.21059,43.75145],[-79.2107,43.7514],[-79.2108,43.75135],[-79.21091,43.7513],[-79.21102,43.75125],[-79.21113,43.75121],[-79.21124,43.75116],[-79.21128,43.75114],[-79.21136,43.75111],[-79.21147,43.75107],[-79.21158,43.75102],[-79.21169,43.75098],[-79.2118,43.75094],[-79.21192,43.75089],[-79.21201,43.75086],[-79.2121,43.75082],[-79.21219,43.75079],[-79.21228,43.75075],[-79.21238,43.75072],[-79.21247,43.75068],[-79.21256,43.75065],[-79.21266,43.75062],[-79.21275,43.75059],[-79.21284,43.75056],[-79.21294,43.75052],[-79.21303,43.75049],[-79.21313,43.75047],[-79.21323,43.75044],[-79.21332,43.75041],[-79.21342,43.75038],[-79.21351,43.75035],[-79.21361,43.75033],[-79.21371,43.7503],[-79.21381,43.75027],[-79.2139,43.75025],[-79.214,43.75022],[-79.21411,43.7502],[-79.21667,43.74955],[-79.21676,43.74953],[-79.21685,43.74951],[-79.21693,43.74949],[-79.21702,43.74947],[-79.21711,43.74944],[-79.2172,43.74942],[-79.21729,43.7494],[-79.21737,43.74938],[-79.21746,43.74935],[-79.21755,43.74933],[-79.21764,43.7493],[-79.21772,43.74928],[-79.21781,43.74925],[-79.21789,43.74923],[-79.21798,43.7492],[-79.21806,43.74917],[-79.21815,43.74915],[-79.21823,43.74912],[-79.21832,43.74909],[-79.2184,43.74906],[-79.21849,43.74903],[-79.21857,43.749],[-79.21865,43.74897],[-79.21873,43.74894],[-79.21882,43.7489],[-79.2189,43.74887],[-79.21898,43.74884],[-79.21906,43.7488],[-79.21914,43.74877],[-79.21922,43.74874],[-79.2193,43.7487],[-79.21938,43.74866],[-79.21946,43.74863],[-79.21954,43.74859],[-79.21962,43.74855],[-79.21971,43.74851],[-79.21979,43.74847],[-79.21987,43.74843],[-79.21995,43.74839],[-79.22003,43.74835],[-79.22011,43.74831],[-79.22019,43.74826],[-79.22027,43.74822],[-79.22035,43.74818],[-79.22043,43.74813],[-79.22051,43.74809],[-79.22059,43.74804],[-79.22066,43.748],[-79.2209,43.74785],[-79.22093,43.74791],[-79.22129,43.74874],[-79.22161,43.74949],[-79.22226,43.75104],[-79.22284,43.75241],[-79.22341,43.75379],[-79.22355,43.75417],[-79.22365,43.75443],[-79.22375,43.75474],[-79.22395,43.75537],[-79.22406,43.75569],[-79.22437,43.75672],[-79.22471,43.75785],[-79.22533,43.75983],[-79.22385,43.76014],[-79.22299,43.76032],[-79.21977,43.76102],[-79.21584,43.76186],[-79.21583,43.76196],[-79.21584,43.76206],[-79.21585,43.76221],[-79.21585,43.76233],[-79.21586,43.76242],[-79.21587,43.76253],[-79.21588,43.76265],[-79.21589,43.76276],[-79.21591,43.76288],[-79.21594,43.763],[-79.21597,43.76311],[-79.21601,43.76323],[-79.21607,43.76341],[-79.21617,43.7637],[-79.21629,43.76393],[-79.2164,43.76421],[-79.21644,43.76433],[-79.21668,43.7649],[-79.21774,43.76757],[-79.21831,43.76891],[-79.21869,43.76982],[-79.21948,43.7718],[-79.22008,43.77327],[-79.22066,43.77473],[-79.22106,43.77569],[-79.22143,43.77662],[-79.22147,43.77671],[-79.22222,43.77857],[-79.21715,43.77976],[-79.21477,43.78034],[-79.21263,43.78084],[-79.21117,43.78119],[-79.21156,43.78161],[-79.21183,43.7818],[-79.21208,43.78197],[-79.21236,43.78213],[-79.21252,43.78238],[-79.21277,43.78255],[-79.21293,43.78256],[-79.21311,43.78256],[-79.21336,43.78256],[-79.21343,43.78259],[-79.21356,43.78276],[-79.21364,43.78305],[-79.21369,43.78332],[-79.21374,43.78361],[-79.21403,43.78372],[-79.21435,43.78369],[-79.21455,43.78356],[-79.21481,43.7835],[-79.21496,43.78332],[-79.21515,43.78316],[-79.21539,43.78312],[-79.21558,43.78327],[-79.21573,43.78349],[-79.21591,43.78369],[-79.21606,43.78385],[-79.21666,43.78395],[-79.21706,43.78405],[-79.21738,43.7842],[-79.21769,43.78422],[-79.21774,43.78423],[-79.21774,43.78424],[-79.21792,43.78411],[-79.21788,43.78385],[-79.21779,43.7836],[-79.21789,43.78334],[-79.21818,43.78314],[-79.21846,43.78295],[-79.21874,43.78274],[-79.21909,43.78263],[-79.21938,43.78266],[-79.21958,43.78293],[-79.21963,43.78323],[-79.21969,43.78351],[-79.21998,43.78378],[-79.22023,43.78402],[-79.22049,43.7842],[-79.22055,43.78424],[-79.22048,43.78449],[-79.22027,43.78463],[-79.22033,43.78489],[-79.22048,43.7852],[-79.22085,43.78534],[-79.22112,43.78543],[-79.22121,43.78546],[-79.22159,43.7856],[-79.22199,43.78569],[-79.22237,43.78573],[-79.22268,43.78567],[-79.22282,43.78572],[-79.22296,43.78577],[-79.22299,43.786],[-79.2229,43.78625],[-79.22287,43.7865],[-79.22286,43.78677],[-79.22283,43.78703],[-79.22263,43.78724],[-79.22245,43.78739],[-79.22239,43.78744],[-79.22213,43.78762],[-79.222,43.78786],[-79.2222,43.78805],[-79.22251,43.78817],[-79.22284,43.78827],[-79.22318,43.78834],[-79.22345,43.78843],[-79.22374,43.7885],[-79.2239,43.78851],[-79.22396,43.7885],[-79.22418,43.78843],[-79.22442,43.78836],[-79.22462,43.78843],[-79.22478,43.78857],[-79.22481,43.78862],[-79.2252,43.78897],[-79.22534,43.78909],[-79.22552,43.78926],[-79.22568,43.7894],[-79.22568,43.78941],[-79.22557,43.78947],[-79.22547,43.78953],[-79.22536,43.78959],[-79.22526,43.78965],[-79.22515,43.78971],[-79.22505,43.78977],[-79.22495,43.78983],[-79.22484,43.78989],[-79.22474,43.78996],[-79.22449,43.79011],[-79.22445,43.79013],[-79.22423,43.79025],[-79.22398,43.7904],[-79.22372,43.79055],[-79.22347,43.7907],[-79.22321,43.79085],[-79.22296,43.79101],[-79.22271,43.79116],[-79.22246,43.79131],[-79.22236,43.79137],[-79.22227,43.79142],[-79.22217,43.79148],[-79.22207,43.79153],[-79.22198,43.79158],[-79.22191,43.79162],[-79.22188,43.79164],[-79.22178,43.79169],[-79.22168,43.79174],[-79.22158,43.7918],[-79.22148,43.79185],[-79.22138,43.7919],[-79.22128,43.79195],[-79.22118,43.792],[-79.22108,43.79205],[-79.22098,43.7921],[-79.22087,43.79215],[-79.22077,43.7922],[-79.22067,43.79225],[-79.22056,43.79229],[-79.22046,43.79234],[-79.22036,43.79239],[-79.22025,43.79243],[-79.22015,43.79248],[-79.22003,43.79253],[-79.21992,43.79258],[-79.21981,43.79263],[-79.21969,43.79268],[-79.21958,43.79273],[-79.21947,43.79277],[-79.21935,43.79282],[-79.21924,43.79287],[-79.21912,43.79292],[-79.21901,43.79296],[-79.21889,43.79301],[-79.21877,43.79305],[-79.21865,43.7931],[-79.21854,43.79314],[-79.21842,43.79318],[-79.2183,43.79323],[-79.21818,43.79327],[-79.21806,43.79331],[-79.21794,43.79335],[-79.21782,43.79339],[-79.21772,43.79343],[-79.21762,43.79346],[-79.21752,43.7935],[-79.21742,43.79353],[-79.21731,43.79356],[-79.21721,43.79359],[-79.21711,43.79362],[-79.21701,43.79365],[-79.2169,43.79368],[-79.2168,43.79371],[-79.21669,43.79374],[-79.21659,43.79377],[-79.21649,43.7938],[-79.21638,43.79383],[-79.21628,43.79385],[-79.21617,43.79388],[-79.21606,43.7939],[-79.21596,43.79393],[-79.21589,43.79395],[-79.21585,43.79395],[-79.21575,43.79398],[-79.21564,43.794],[-79.21553,43.79402],[-79.21542,43.79404],[-79.21532,43.79406],[-79.21521,43.79407],[-79.2151,43.79409],[-79.21499,43.79411],[-79.21488,43.79412],[-79.21478,43.79414],[-79.21467,43.79416],[-79.21456,43.79417],[-79.21445,43.79418],[-79.21434,43.7942],[-79.2135,43.79432],[-79.21331,43.79435],[-79.21241,43.79448],[-79.20962,43.7949],[-79.20924,43.79495],[-79.20766,43.79516],[-79.20666,43.79532],[-79.20648,43.79534],[-79.20637,43.79535],[-79.20636,43.79535],[-79.20623,43.79537],[-79.2061,43.79539],[-79.20597,43.7954],[-79.20584,43.79542],[-79.2057,43.79544],[-79.20557,43.79545],[-79.20544,43.79547],[-79.2053,43.79548],[-79.20517,43.7955],[-79.20504,43.79551],[-79.2049,43.79553],[-79.20477,43.79554],[-79.20464,43.79555],[-79.2045,43.79556],[-79.20437,43.79557],[-79.20424,43.79558],[-79.20403,43.79559],[-79.20382,43.7956],[-79.20362,43.79562],[-79.20341,43.79563],[-79.2032,43.79564],[-79.20317,43.79564],[-79.203,43.79566],[-79.20279,43.79567],[-79.20258,43.79569],[-79.20238,43.7957],[-79.20217,43.79572],[-79.20205,43.79572],[-79.20193,43.79573],[-79.20181,43.79573],[-79.20169,43.79574],[-79.20156,43.79575],[-79.20144,43.79576],[-79.20132,43.79576],[-79.2012,43.79577],[-79.20108,43.79578],[-79.20096,43.79579],[-79.20093,43.7958],[-79.20084,43.7958],[-79.20079,43.79581],[-79.20072,43.79581],[-79.2006,43.79583],[-79.20048,43.79584],[-79.20036,43.79585],[-79.20024,43.79587],[-79.20012,43.79588],[-79.2,43.7959],[-79.19988,43.79591],[-79.19976,43.79593],[-79.19807,43.79617],[-79.19736,43.79627],[-79.19734,43.79623],[-79.19731,43.79615],[-79.19725,43.79602],[-79.1972,43.79591],[-79.19693,43.79529],[-79.19681,43.79501],[-79.19674,43.79486],[-79.19651,43.79431],[-79.19643,43.7941],[-79.19588,43.79282],[-79.19555,43.79206],[-79.19436,43.78929],[-79.19383,43.7881],[-79.19377,43.788],[-79.19373,43.78786],[-79.19369,43.78771],[-79.19367,43.78759],[-79.19365,43.78749],[-79.19363,43.78738],[-79.19362,43.78728],[-79.19362,43.78719],[-79.19362,43.78712],[-79.19363,43.78701],[-79.19363,43.78693],[-79.19362,43.78684],[-79.19362,43.78676],[-79.19364,43.78668],[-79.19364,43.78659],[-79.19364,43.78649],[-79.19363,43.78636],[-79.19361,43.78625],[-79.1936,43.78614],[-79.1936,43.78605],[-79.19359,43.78593],[-79.19355,43.78579],[-79.19352,43.78566],[-79.19346,43.78553],[-79.19335,43.78536],[-79.19219,43.78259],[-79.19068,43.77901],[-79.19062,43.77886],[-79.18996,43.77733],[-79.18987,43.77711],[-79.1898,43.77699],[-79.18973,43.77684],[-79.18966,43.77672],[-79.18959,43.77658],[-79.18952,43.77646],[-79.18946,43.77635],[-79.18939,43.77621],[-79.18931,43.77606],[-79.1892,43.7759],[-79.18913,43.7758],[-79.18866,43.77475],[-79.18843,43.77421],[-79.18778,43.77271],[-79.18687,43.77062],[-79.18682,43.77047],[-79.18679,43.77036],[-79.18674,43.77024],[-79.18666,43.77008],[-79.1866,43.76993],[-79.18653,43.76977],[-79.18646,43.76956],[-79.18639,43.76938],[-79.18634,43.76925],[-79.18631,43.76909],[-79.18627,43.7689],[-79.18625,43.76874],[-79.18623,43.76859],[-79.18623,43.76842],[-79.18619,43.76824],[-79.18616,43.7681],[-79.18614,43.76798],[-79.1861,43.76781],[-79.18607,43.76766],[-79.18601,43.76747],[-79.18593,43.76726],[-79.18566,43.76662],[-79.18533,43.76585],[-79.18489,43.76488],[-79.18432,43.76361],[-79.18361,43.76192],[-79.18311,43.76082],[-79.18281,43.7601],[-79.18193,43.75811],[-79.18094,43.7583],[-79.17912,43.75864],[-79.17871,43.75872],[-79.17721,43.75902],[-79.17481,43.75773],[-79.1748,43.75772],[-79.17468,43.75768],[-79.17451,43.75773],[-79.1743,43.75772],[-79.17419,43.75759],[-79.17402,43.75748],[-79.17384,43.75738],[-79.17365,43.75732],[-79.17347,43.75719],[-79.17327,43.75707],[-79.17305,43.75697],[-79.17285,43.75689],[-79.17266,43.75689],[-79.17248,43.75695],[-79.17225,43.75696],[-79.17216,43.75685],[-79.17199,43.75678],[-79.17197,43.75677],[-79.17186,43.75669],[-79.17173,43.7566],[-79.17162,43.75644],[-79.17151,43.7563],[-79.17136,43.75619],[-79.17118,43.7561],[-79.17109,43.75595],[-79.17093,43.75583],[-79.1708,43.75572],[-79.17077,43.75564],[-79.17095,43.75558],[-79.17116,43.75551],[-79.17134,43.7554],[-79.17153,43.75532],[-79.17174,43.75526],[-79.17193,43.75519],[-79.17214,43.75512],[-79.17234,43.75505],[-79.17255,43.75496],[-79.17275,43.75488],[-79.17294,43.75484],[-79.17314,43.7548],[-79.17332,43.75474],[-79.17354,43.75468],[-79.17373,43.7546],[-79.17393,43.75452],[-79.17412,43.75445],[-79.1743,43.75437],[-79.17451,43.7543],[-79.17469,43.75423],[-79.17489,43.75416],[-79.17508,43.75409],[-79.17526,43.754],[-79.17545,43.75392],[-79.17564,43.75384],[-79.17582,43.75375],[-79.17584,43.75374],[-79.17599,43.75365],[-79.17617,43.75355],[-79.17651,43.7534],[-79.17667,43.7533],[-79.17685,43.75321],[-79.17702,43.75312],[-79.17722,43.75304],[-79.17741,43.75296],[-79.17759,43.75287],[-79.17777,43.75278],[-79.17795,43.7527],[-79.17815,43.75263],[-79.17832,43.75255],[-79.1785,43.75248],[-79.17864,43.75241],[-79.17881,43.75235],[-79.17896,43.75228],[-79.17909,43.75222],[-79.1793,43.75212],[-79.17937,43.75208],[-79.17951,43.75201],[-79.17963,43.75193],[-79.17976,43.75185],[-79.17987,43.75178],[-79.17991,43.7517],[-79.17999,43.75161],[-79.18011,43.75153],[-79.18024,43.75144],[-79.18038,43.75137],[-79.18048,43.75137],[-79.18061,43.75132],[-79.1807,43.75133],[-79.18081,43.75129],[-79.18095,43.75125],[-79.18106,43.75118],[-79.18122,43.75113],[-79.18138,43.75104],[-79.18153,43.75095],[-79.18169,43.75086],[-79.18183,43.75076],[-79.18198,43.75065],[-79.1821,43.75056],[-79.18221,43.75051],[-79.18231,43.75043],[-79.18243,43.75036],[-79.18245,43.75031],[-79.18254,43.75025],[-79.18267,43.75019],[-79.18278,43.75009],[-79.18289,43.74997],[-79.18302,43.74985],[-79.18309,43.74974],[-79.18305,43.74964],[-79.18311,43.74953],[-79.18328,43.74943],[-79.18348,43.74934],[-79.18368,43.74925],[-79.18387,43.74916],[-79.18408,43.74906],[-79.18428,43.74896],[-79.18448,43.74886],[-79.18468,43.74877],[-79.18485,43.74868],[-79.18504,43.74856],[-79.18522,43.74847],[-79.18542,43.74839],[-79.18559,43.74831],[-79.18571,43.74823],[-79.18579,43.74821],[-79.18586,43.74813],[-79.18592,43.74804],[-79.18599,43.74795],[-79.18608,43.74785],[-79.18621,43.74778],[-79.18636,43.7477],[-79.18652,43.74768],[-79.18687,43.74762],[-79.18704,43.74759],[-79.18719,43.74757],[-79.18738,43.74751],[-79.18756,43.74744],[-79.18775,43.74736],[-79.18791,43.74727],[-79.18807,43.74716],[-79.18824,43.74706],[-79.18841,43.74696],[-79.1885,43.7469],[-79.18859,43.74685],[-79.18876,43.74674],[-79.18894,43.74665],[-79.18908,43.74655],[-79.18916,43.74642],[-79.18927,43.74635],[-79.18935,43.74629],[-79.18966,43.74611],[-79.18977,43.74599],[-79.18979,43.74585],[-79.18986,43.74572],[-79.19,43.74565],[-79.19014,43.74556],[-79.19032,43.74549],[-79.19046,43.7454],[-79.19054,43.74528],[-79.19069,43.74519],[-79.19078,43.74507],[-79.19091,43.74497],[-79.19106,43.74487],[-79.19122,43.74476],[-79.19133,43.74462],[-79.19146,43.7445],[-79.19159,43.74439],[-79.19174,43.74429],[-79.19189,43.74419],[-79.19204,43.74408],[-79.19219,43.74397],[-79.19234,43.74385],[-79.19249,43.74374],[-79.19261,43.74361],[-79.19276,43.74349],[-79.19291,43.7434],[-79.19305,43.74328],[-79.19318,43.74318],[-79.1932,43.74316],[-79.19332,43.74309],[-79.19342,43.74299],[-79.19352,43.74291],[-79.19363,43.74287],[-79.19374,43.74281],[-79.19379,43.74285],[-79.19393,43.74285],[-79.1941,43.74281],[-79.19425,43.74272],[-79.19439,43.74262],[-79.19452,43.74252],[-79.19463,43.7424],[-79.19474,43.74228],[-79.19485,43.74215],[-79.19489,43.74204],[-79.19493,43.74193],[-79.19507,43.74177],[-79.19507,43.74166],[-79.19511,43.74155],[-79.19521,43.74143],[-79.19535,43.74133],[-79.19548,43.74125],[-79.19558,43.74118],[-79.19566,43.74122],[-79.19578,43.74126],[-79.19589,43.74119],[-79.19601,43.74107],[-79.19615,43.74094],[-79.19627,43.7408],[-79.19637,43.74071],[-79.19641,43.74067],[-79.19651,43.74053],[-79.19658,43.74039],[-79.19665,43.74025],[-79.19677,43.74014],[-79.1969,43.74],[-79.19701,43.73986],[-79.1971,43.73971],[-79.1972,43.73956],[-79.19732,43.73942],[-79.19744,43.73929],[-79.19755,43.73916],[-79.19771,43.73904],[-79.19789,43.73893],[-79.19805,43.73881],[-79.19806,43.73881],[-79.19823,43.73868],[-79.1984,43.73857],[-79.19857,43.73845],[-79.19871,43.73834],[-79.19886,43.73824],[-79.19899,43.73814],[-79.19906,43.73808],[-79.19921,43.73799],[-79.19936,43.73787],[-79.19946,43.73779],[-79.19989,43.7375],[-79.19999,43.73745],[-79.20012,43.73733],[-79.2003,43.73721],[-79.20048,43.73711],[-79.20066,43.73698],[-79.20083,43.73685],[-79.20102,43.73674],[-79.20119,43.73662],[-79.20135,43.73648],[-79.20153,43.73636],[-79.20169,43.73623],[-79.20187,43.7361],[-79.20204,43.73599],[-79.20221,43.73585],[-79.20238,43.73574],[-79.20257,43.73566],[-79.20278,43.73559],[-79.20299,43.73554],[-79.2032,43.73548],[-79.2034,43.73542],[-79.20362,43.73535],[-79.20383,43.73529],[-79.20403,43.73523],[-79.20423,43.73517],[-79.20442,43.73511],[-79.2046,43.73504],[-79.20471,43.73502],[-79.20475,43.73501],[-79.20491,43.73502],[-79.20504,43.73509],[-79.20502,43.7352],[-79.20498,43.73529],[-79.20513,43.73533],[-79.2053,43.73535],[-79.20549,43.73534],[-79.20565,43.73528],[-79.20582,43.73521],[-79.20596,43.73513],[-79.20607,43.73509],[-79.20618,43.73503],[-79.20632,43.73494],[-79.20648,43.73482],[-79.20664,43.73471],[-79.20682,43.7346],[-79.20697,43.73449],[-79.20714,43.73437],[-79.20733,43.73428],[-79.20749,43.73417],[-79.20765,43.73405],[-79.20778,43.73393],[-79.2079,43.73384],[-79.20796,43.73373],[-79.2081,43.73363],[-79.20826,43.73353],[-79.2084,43.73341],[-79.20856,43.73328],[-79.2087,43.73317],[-79.20874,43.73305],[-79.20878,43.73292],[-79.20893,43.7328],[-79.20909,43.73271],[-79.20925,43.73259],[-79.20938,43.73245],[-79.20954,43.7323],[-79.20969,43.73216],[-79.20983,43.73202],[-79.20996,43.73186],[-79.2101,43.73171],[-79.21024,43.73154],[-79.21037,43.73139],[-79.21051,43.73124],[-79.21068,43.7311],[-79.21084,43.73096],[-79.21098,43.73081],[-79.21112,43.73066],[-79.21121,43.73049],[-79.21132,43.73034],[-79.21147,43.73019],[-79.21159,43.73005],[-79.21172,43.72988],[-79.21184,43.72974],[-79.21197,43.72957],[-79.2121,43.72942],[-79.21225,43.72925],[-79.21239,43.72911],[-79.21254,43.72895],[-79.21268,43.7288],[-79.21281,43.72864],[-79.21291,43.72854],[-79.21292,43.7285],[-79.21303,43.72834],[-79.21312,43.72818],[-79.21323,43.72803],[-79.21331,43.72789],[-79.21335,43.72777],[-79.21336,43.72766],[-79.21338,43.72753],[-79.21342,43.72738],[-79.21341,43.72731],[-79.21337,43.72732],[-79.21337,43.72727],[-79.21344,43.72716],[-79.21355,43.72703],[-79.21368,43.7269],[-79.21384,43.7268],[-79.21399,43.72674]]]}},{"type":"Feature","properties":{"num":44,"name":"Scarborough East"},"geometry":{"type":"Polygon","coordinates":[[[-79.17077,43.75564],[-79.1708,43.75572],[-79.17093,43.75583],[-79.17109,43.75595],[-79.17118,43.7561],[-79.17136,43.75619],[-79.17151,43.7563],[-79.17162,43.75644],[-79.17173,43.7566],[-79.17186,43.75669],[-79.17197,43.75677],[-79.17199,43.75678],[-79.17216,43.75685],[-79.17225,43.75696],[-79.17248,43.75695],[-79.17266,43.75689],[-79.17285,43.75689],[-79.17305,43.75697],[-79.17327,43.75707],[-79.17347,43.75719],[-79.17365,43.75732],[-79.17384,43.75738],[-79.17402,43.75748],[-79.17419,43.75759],[-79.1743,43.75772],[-79.17451,43.75773],[-79.17468,43.75768],[-79.1748,43.75772],[-79.17481,43.75773],[-79.17721,43.75902],[-79.17871,43.75872],[-79.17912,43.75864],[-79.18094,43.7583],[-79.18193,43.75811],[-79.18281,43.7601],[-79.18311,43.76082],[-79.18361,43.76192],[-79.18432,43.76361],[-79.18489,43.76488],[-79.18533,43.76585],[-79.18566,43.76662],[-79.18593,43.76726],[-79.18601,43.76747],[-79.18607,43.76766],[-79.1861,43.76781],[-79.18614,43.76798],[-79.18616,43.7681],[-79.18619,43.76824],[-79.18623,43.76842],[-79.18623,43.76859],[-79.18625,43.76874],[-79.18627,43.7689],[-79.18631,43.76909],[-79.18634,43.76925],[-79.18639,43.76938],[-79.18646,43.76956],[-79.18653,43.76977],[-79.1866,43.76993],[-79.18666,43.77008],[-79.18674,43.77024],[-79.18679,43.77036],[-79.18682,43.77047],[-79.18687,43.77062],[-79.18778,43.77271],[-79.18843,43.77421],[-79.18866,43.77475],[-79.18913,43.7758],[-79.1892,43.7759],[-79.18931,43.77606],[-79.18939,43.77621],[-79.18946,43.77635],[-79.18952,43.77646],[-79.18959,43.77658],[-79.18966,43.77672],[-79.18973,43.77684],[-79.1898,43.77699],[-79.18987,43.77711],[-79.18996,43.77733],[-79.19062,43.77886],[-79.19068,43.77901],[-79.19219,43.78259],[-79.19335,43.78536],[-79.19346,43.78553],[-79.19352,43.78566],[-79.19355,43.78579],[-79.19359,43.78593],[-79.1936,43.78605],[-79.1936,43.78614],[-79.19361,43.78625],[-79.19363,43.78636],[-79.19364,43.78649],[-79.19364,43.78659],[-79.19364,43.78668],[-79.19362,43.78676],[-79.19362,43.78684],[-79.19363,43.78693],[-79.19363,43.78701],[-79.19362,43.78712],[-79.19362,43.78719],[-79.19362,43.78728],[-79.19363,43.78738],[-79.19365,43.78749],[-79.19367,43.78759],[-79.19369,43.78771],[-79.19373,43.78786],[-79.19377,43.788],[-79.19383,43.7881],[-79.19436,43.78929],[-79.19555,43.79206],[-79.19588,43.79282],[-79.19643,43.7941],[-79.19651,43.79431],[-79.19674,43.79486],[-79.19681,43.79501],[-79.19693,43.79529],[-79.1972,43.79591],[-79.19725,43.79602],[-79.19731,43.79615],[-79.19734,43.79623],[-79.19736,43.79627],[-79.19702,43.79632],[-79.19694,43.79633],[-79.19422,43.79672],[-79.19304,43.79689],[-79.19277,43.79693],[-79.19222,43.79701],[-79.1911,43.79717],[-79.18732,43.79772],[-79.18733,43.79774],[-79.18741,43.79794],[-79.18748,43.79811],[-79.18832,43.80004],[-79.18859,43.80068],[-79.18879,43.80114],[-79.18964,43.80302],[-79.19016,43.80417],[-79.18851,43.80454],[-79.18799,43.80465],[-79.18736,43.80481],[-79.18661,43.80499],[-79.18521,43.80527],[-79.18274,43.8058],[-79.1804,43.8063],[-79.18016,43.80635],[-79.17852,43.80671],[-79.17555,43.80735],[-79.1739,43.80771],[-79.17081,43.80839],[-79.16833,43.80894],[-79.1672,43.8092],[-79.16656,43.80935],[-79.16592,43.80949],[-79.16439,43.80985],[-79.16432,43.80987],[-79.16424,43.80989],[-79.16416,43.80991],[-79.16407,43.80992],[-79.16398,43.80992],[-79.16388,43.80993],[-79.16379,43.80993],[-79.16368,43.80994],[-79.16354,43.80994],[-79.16315,43.80994],[-79.16306,43.80995],[-79.163,43.80995],[-79.16293,43.80996],[-79.16287,43.80998],[-79.1628,43.81],[-79.16276,43.81003],[-79.16271,43.81007],[-79.16264,43.81012],[-79.16247,43.81023],[-79.16241,43.81026],[-79.16236,43.81028],[-79.16226,43.81032],[-79.16213,43.81034],[-79.16195,43.8104],[-79.16171,43.81045],[-79.16139,43.81052],[-79.16083,43.81064],[-79.15988,43.81085],[-79.15982,43.81087],[-79.15799,43.81128],[-79.15666,43.81157],[-79.15657,43.81159],[-79.15651,43.81161],[-79.15649,43.81163],[-79.15649,43.81164],[-79.15648,43.81165],[-79.15647,43.81166],[-79.15647,43.81167],[-79.15647,43.81168],[-79.15646,43.81169],[-79.15646,43.8117],[-79.15646,43.81171],[-79.15646,43.81173],[-79.15646,43.81174],[-79.15646,43.81175],[-79.15647,43.81176],[-79.15647,43.81177],[-79.15676,43.81236],[-79.15676,43.81238],[-79.15677,43.8124],[-79.15678,43.81242],[-79.15678,43.81244],[-79.15679,43.81246],[-79.15679,43.81248],[-79.15679,43.8125],[-79.1568,43.81252],[-79.1568,43.81254],[-79.1568,43.81256],[-79.1568,43.81258],[-79.1568,43.8126],[-79.1568,43.81262],[-79.15679,43.81264],[-79.15679,43.81265],[-79.15678,43.81267],[-79.15678,43.81269],[-79.15677,43.81271],[-79.15677,43.81273],[-79.15676,43.81275],[-79.15675,43.81277],[-79.15674,43.81279],[-79.15673,43.8128],[-79.15672,43.81282],[-79.15671,43.81284],[-79.1567,43.81286],[-79.15667,43.81294],[-79.15665,43.813],[-79.15664,43.81304],[-79.15663,43.81306],[-79.15663,43.81308],[-79.15663,43.8131],[-79.15663,43.81312],[-79.15663,43.81314],[-79.15663,43.81316],[-79.15664,43.81318],[-79.15664,43.8132],[-79.15664,43.81322],[-79.15665,43.81324],[-79.15665,43.81327],[-79.15665,43.81329],[-79.15666,43.81331],[-79.15666,43.81333],[-79.15667,43.81335],[-79.15667,43.81337],[-79.15668,43.81339],[-79.15669,43.81341],[-79.15669,43.81343],[-79.1567,43.81345],[-79.15671,43.81347],[-79.15681,43.81373],[-79.15707,43.81438],[-79.15707,43.81439],[-79.15708,43.8144],[-79.15708,43.81441],[-79.15708,43.81442],[-79.15708,43.81443],[-79.15707,43.81444],[-79.15707,43.81445],[-79.15707,43.81446],[-79.15707,43.81447],[-79.15706,43.81448],[-79.15706,43.8145],[-79.15705,43.81451],[-79.15704,43.81452],[-79.15703,43.81452],[-79.15703,43.81453],[-79.15702,43.81454],[-79.15701,43.81455],[-79.157,43.81456],[-79.15699,43.81457],[-79.15698,43.81458],[-79.15696,43.81458],[-79.15695,43.81459],[-79.15694,43.81459],[-79.15693,43.8146],[-79.15691,43.81461],[-79.1569,43.81461],[-79.15688,43.81461],[-79.15687,43.81462],[-79.15685,43.81462],[-79.15684,43.81462],[-79.15682,43.81462],[-79.15681,43.81463],[-79.15679,43.81463],[-79.15678,43.81463],[-79.15676,43.81463],[-79.15674,43.81463],[-79.15672,43.81462],[-79.1567,43.81462],[-79.15668,43.81462],[-79.15666,43.81462],[-79.15664,43.81462],[-79.15661,43.81461],[-79.15659,43.81461],[-79.15657,43.8146],[-79.15655,43.8146],[-79.15653,43.81459],[-79.15651,43.81458],[-79.1565,43.81458],[-79.15648,43.81457],[-79.15646,43.81456],[-79.15644,43.81455],[-79.15642,43.81454],[-79.15638,43.81453],[-79.15634,43.81451],[-79.1563,43.8145],[-79.15626,43.81449],[-79.15622,43.81447],[-79.15618,43.81446],[-79.15614,43.81445],[-79.1561,43.81444],[-79.15606,43.81443],[-79.15602,43.81441],[-79.15598,43.8144],[-79.15593,43.8144],[-79.15589,43.81439],[-79.15585,43.81438],[-79.15581,43.81437],[-79.15576,43.81436],[-79.15572,43.81436],[-79.15568,43.81435],[-79.15564,43.81434],[-79.15559,43.81434],[-79.15555,43.81434],[-79.15551,43.81433],[-79.15546,43.81433],[-79.15542,43.81433],[-79.15537,43.81432],[-79.15533,43.81432],[-79.15529,43.81432],[-79.15524,43.81432],[-79.1552,43.81432],[-79.15516,43.81432],[-79.15511,43.81432],[-79.15507,43.81433],[-79.15502,43.81433],[-79.15498,43.81433],[-79.15494,43.81433],[-79.1549,43.81434],[-79.15489,43.81434],[-79.15421,43.81441],[-79.15368,43.81446],[-79.15327,43.81452],[-79.15209,43.81455],[-79.15179,43.8141],[-79.15175,43.814],[-79.15161,43.81401],[-79.15123,43.81389],[-79.15101,43.81368],[-79.15076,43.81345],[-79.15042,43.81323],[-79.15019,43.81307],[-79.15008,43.81299],[-79.14977,43.81273],[-79.14948,43.81249],[-79.14908,43.81243],[-79.14864,43.81242],[-79.14823,43.81233],[-79.14795,43.81214],[-79.14773,43.81196],[-79.14737,43.81178],[-79.14706,43.81156],[-79.14667,43.81135],[-79.14635,43.81111],[-79.14613,43.81085],[-79.14614,43.8106],[-79.14641,43.81049],[-79.14634,43.81027],[-79.1461,43.81008],[-79.14569,43.81003],[-79.14528,43.81],[-79.14486,43.81001],[-79.14445,43.81002],[-79.14406,43.81005],[-79.14364,43.81007],[-79.14346,43.81027],[-79.14353,43.81045],[-79.14343,43.81063],[-79.14314,43.81073],[-79.143,43.81051],[-79.14296,43.81026],[-79.14288,43.81009],[-79.14311,43.8099],[-79.14315,43.80964],[-79.14291,43.80949],[-79.14264,43.80955],[-79.14247,43.80946],[-79.14219,43.80953],[-79.14198,43.80965],[-79.14184,43.80945],[-79.14158,43.8092],[-79.14137,43.80907],[-79.14125,43.80892],[-79.14096,43.80885],[-79.1407,43.80879],[-79.1406,43.80867],[-79.14064,43.80846],[-79.14039,43.80836],[-79.1401,43.80835],[-79.13984,43.80842],[-79.13958,43.80846],[-79.13933,43.80836],[-79.13914,43.80826],[-79.13912,43.80825],[-79.1391,43.80822],[-79.13898,43.80812],[-79.13895,43.808],[-79.13869,43.80798],[-79.13841,43.80797],[-79.13826,43.80781],[-79.13831,43.80763],[-79.13817,43.80751],[-79.13789,43.80751],[-79.13771,43.80769],[-79.13761,43.80787],[-79.13732,43.80784],[-79.13705,43.80772],[-79.13679,43.8078],[-79.13657,43.80799],[-79.13626,43.80808],[-79.1359,43.80805],[-79.13559,43.80793],[-79.13531,43.80776],[-79.13503,43.80753],[-79.13476,43.80732],[-79.13449,43.80712],[-79.13422,43.80695],[-79.1341,43.80687],[-79.13404,43.8068],[-79.13401,43.80672],[-79.13401,43.80663],[-79.13399,43.80655],[-79.13395,43.80647],[-79.13393,43.80641],[-79.13391,43.80622],[-79.13395,43.80596],[-79.13405,43.8057],[-79.1342,43.80546],[-79.13431,43.80523],[-79.13436,43.80497],[-79.13436,43.80496],[-79.1344,43.80471],[-79.1344,43.80463],[-79.1344,43.8045],[-79.13439,43.80444],[-79.13437,43.80437],[-79.13431,43.80418],[-79.13429,43.80416],[-79.13418,43.80393],[-79.13408,43.8038],[-79.13389,43.80352],[-79.1337,43.80328],[-79.13367,43.80297],[-79.13374,43.80281],[-79.13377,43.80273],[-79.13399,43.80248],[-79.13418,43.80223],[-79.13441,43.80199],[-79.13466,43.80175],[-79.13495,43.80155],[-79.13522,43.80133],[-79.13541,43.80109],[-79.13544,43.80084],[-79.13526,43.80068],[-79.13495,43.80073],[-79.13461,43.8008],[-79.13427,43.80088],[-79.13392,43.801],[-79.13357,43.80115],[-79.13324,43.80128],[-79.13284,43.80139],[-79.1325,43.8015],[-79.13217,43.80165],[-79.13179,43.80174],[-79.13162,43.80176],[-79.13143,43.80179],[-79.13103,43.80179],[-79.13064,43.80172],[-79.13023,43.80162],[-79.12987,43.80146],[-79.12951,43.80128],[-79.12916,43.80108],[-79.12881,43.80085],[-79.12847,43.80065],[-79.12809,43.80045],[-79.12769,43.8003],[-79.12725,43.8002],[-79.1268,43.80016],[-79.1264,43.80017],[-79.12598,43.80022],[-79.12558,43.80023],[-79.12518,43.80014],[-79.12502,43.80002],[-79.12488,43.79994],[-79.1246,43.79965],[-79.12439,43.79935],[-79.12423,43.79902],[-79.12418,43.7987],[-79.1242,43.79836],[-79.12426,43.79806],[-79.12436,43.79774],[-79.12423,43.79744],[-79.12385,43.79729],[-79.12357,43.79722],[-79.12348,43.79719],[-79.12311,43.79725],[-79.12274,43.79734],[-79.12235,43.79744],[-79.12193,43.79741],[-79.12151,43.79726],[-79.12118,43.79703],[-79.12088,43.79674],[-79.12059,43.79646],[-79.12031,43.79616],[-79.12018,43.79587],[-79.12027,43.79563],[-79.12063,43.79551],[-79.12111,43.79534],[-79.12123,43.79521],[-79.12121,43.79496],[-79.12101,43.79475],[-79.12068,43.79474],[-79.12033,43.79477],[-79.12,43.79483],[-79.11968,43.79483],[-79.11932,43.79481],[-79.11898,43.79473],[-79.11864,43.7946],[-79.11841,43.79449],[-79.11824,43.79444],[-79.11812,43.79441],[-79.11774,43.79436],[-79.11744,43.79435],[-79.11714,43.79438],[-79.11676,43.7945],[-79.11646,43.79461],[-79.11624,43.79472],[-79.11602,43.79482],[-79.11581,43.79485],[-79.11559,43.79484],[-79.11544,43.79475],[-79.11525,43.79462],[-79.11536,43.79458],[-79.11563,43.79444],[-79.11593,43.79428],[-79.11623,43.79409],[-79.11624,43.79408],[-79.11643,43.79402],[-79.11667,43.79392],[-79.11686,43.79379],[-79.11701,43.79366],[-79.1172,43.79358],[-79.11741,43.79345],[-79.11763,43.79328],[-79.11787,43.79315],[-79.11814,43.79303],[-79.11837,43.79287],[-79.11852,43.7927],[-79.1187,43.79256],[-79.1189,43.79242],[-79.11908,43.79223],[-79.11924,43.79207],[-79.11941,43.79191],[-79.11961,43.79174],[-79.11983,43.79157],[-79.12,43.79139],[-79.12019,43.79122],[-79.12035,43.79102],[-79.12053,43.79079],[-79.12065,43.79057],[-79.12078,43.79035],[-79.12094,43.79016],[-79.1211,43.78993],[-79.12125,43.78974],[-79.12127,43.78971],[-79.12142,43.78951],[-79.12159,43.78931],[-79.12172,43.7891],[-79.12189,43.78891],[-79.12205,43.7887],[-79.12223,43.78849],[-79.12238,43.78827],[-79.12248,43.78805],[-79.12262,43.7879],[-79.1228,43.78773],[-79.12293,43.78753],[-79.12311,43.78732],[-79.12328,43.78711],[-79.12346,43.78693],[-79.12361,43.78673],[-79.12376,43.78654],[-79.1239,43.78643],[-79.12402,43.78621],[-79.12417,43.78601],[-79.12432,43.78577],[-79.12448,43.78554],[-79.12461,43.7853],[-79.12478,43.78507],[-79.12515,43.78463],[-79.12533,43.78444],[-79.12555,43.78423],[-79.12568,43.78409],[-79.12574,43.78402],[-79.1259,43.78381],[-79.12605,43.7836],[-79.12623,43.78339],[-79.12653,43.78307],[-79.12667,43.78285],[-79.12681,43.78265],[-79.1269,43.78246],[-79.12683,43.78228],[-79.12669,43.7822],[-79.12672,43.78216],[-79.12684,43.78218],[-79.12698,43.7822],[-79.12712,43.78216],[-79.12728,43.78205],[-79.12741,43.78188],[-79.12756,43.78173],[-79.12771,43.78159],[-79.12787,43.78142],[-79.12801,43.78123],[-79.12813,43.78102],[-79.12827,43.78084],[-79.12836,43.78074],[-79.12858,43.78073],[-79.12876,43.78058],[-79.12877,43.78057],[-79.12897,43.78041],[-79.12916,43.78024],[-79.12935,43.78007],[-79.12952,43.77989],[-79.12974,43.77974],[-79.12992,43.77958],[-79.13004,43.77941],[-79.13021,43.77927],[-79.13031,43.77907],[-79.13048,43.77887],[-79.13065,43.77871],[-79.13082,43.77853],[-79.13099,43.77837],[-79.13121,43.77822],[-79.1314,43.77806],[-79.13159,43.77787],[-79.1318,43.7777],[-79.13196,43.7775],[-79.13216,43.77732],[-79.13231,43.77715],[-79.13245,43.77699],[-79.13263,43.77684],[-79.13277,43.77669],[-79.13291,43.77653],[-79.13306,43.7764],[-79.13324,43.77631],[-79.13379,43.77586],[-79.13419,43.77553],[-79.13473,43.77512],[-79.13502,43.77478],[-79.13509,43.77472],[-79.13519,43.77464],[-79.13529,43.77458],[-79.13532,43.77451],[-79.1354,43.77442],[-79.13549,43.77432],[-79.13559,43.77424],[-79.13565,43.77416],[-79.13573,43.77406],[-79.13581,43.77394],[-79.13591,43.77384],[-79.13602,43.77372],[-79.13611,43.77361],[-79.13623,43.77352],[-79.13633,43.77344],[-79.1364,43.77332],[-79.13646,43.77321],[-79.13654,43.77313],[-79.13665,43.77305],[-79.13676,43.77295],[-79.1369,43.77286],[-79.13702,43.77274],[-79.13712,43.77265],[-79.13721,43.77254],[-79.13736,43.77243],[-79.13749,43.77232],[-79.13761,43.77219],[-79.13774,43.77205],[-79.13788,43.77193],[-79.13799,43.77181],[-79.13813,43.77171],[-79.13825,43.7716],[-79.1384,43.77148],[-79.13851,43.77136],[-79.13867,43.77126],[-79.13879,43.77115],[-79.13892,43.77104],[-79.13904,43.77093],[-79.13919,43.77082],[-79.13934,43.77073],[-79.13951,43.77062],[-79.13969,43.77053],[-79.13987,43.77043],[-79.14001,43.77032],[-79.14016,43.77022],[-79.14032,43.77012],[-79.14047,43.77001],[-79.14061,43.76991],[-79.14078,43.7698],[-79.14094,43.7697],[-79.14109,43.7696],[-79.14123,43.76951],[-79.14137,43.7694],[-79.14148,43.76929],[-79.14159,43.76918],[-79.14166,43.76908],[-79.14174,43.76898],[-79.14186,43.76887],[-79.14199,43.76877],[-79.14214,43.76866],[-79.14226,43.76853],[-79.1424,43.76842],[-79.14252,43.76831],[-79.14262,43.76817],[-79.14273,43.76803],[-79.14286,43.76791],[-79.14292,43.76785],[-79.14301,43.76778],[-79.14315,43.76767],[-79.14332,43.76756],[-79.14348,43.76743],[-79.14362,43.7673],[-79.14379,43.76719],[-79.14394,43.76709],[-79.14412,43.76697],[-79.14429,43.76689],[-79.14462,43.7667],[-79.14502,43.76647],[-79.14513,43.76637],[-79.14527,43.76629],[-79.14541,43.76626],[-79.1455,43.76616],[-79.14567,43.76607],[-79.14583,43.76598],[-79.14601,43.76588],[-79.14616,43.76578],[-79.14631,43.76566],[-79.14646,43.76555],[-79.14662,43.76542],[-79.14676,43.76529],[-79.14691,43.76516],[-79.14704,43.76503],[-79.14718,43.76489],[-79.14731,43.76477],[-79.14745,43.76465],[-79.14761,43.76452],[-79.14776,43.76439],[-79.14789,43.76426],[-79.14804,43.76412],[-79.14819,43.76398],[-79.14833,43.76383],[-79.14848,43.76368],[-79.14863,43.76356],[-79.14875,43.76343],[-79.14887,43.76328],[-79.149,43.76314],[-79.14914,43.76297],[-79.14929,43.76283],[-79.14945,43.76269],[-79.14962,43.76255],[-79.14975,43.76241],[-79.14986,43.7623],[-79.14996,43.76215],[-79.15004,43.76202],[-79.15014,43.76188],[-79.15024,43.76174],[-79.15036,43.76161],[-79.15046,43.76149],[-79.15056,43.76134],[-79.15057,43.76133],[-79.15064,43.7612],[-79.15072,43.76109],[-79.15082,43.76098],[-79.15092,43.76086],[-79.15102,43.76074],[-79.15113,43.76062],[-79.15123,43.7605],[-79.15132,43.76038],[-79.15142,43.76028],[-79.15152,43.76016],[-79.15163,43.76006],[-79.15176,43.75997],[-79.15188,43.7599],[-79.15201,43.75982],[-79.15213,43.75975],[-79.15223,43.75967],[-79.15234,43.75959],[-79.1524,43.75951],[-79.15248,43.75943],[-79.15257,43.75936],[-79.15267,43.7593],[-79.15278,43.75922],[-79.1529,43.75916],[-79.15301,43.7591],[-79.15313,43.75905],[-79.15342,43.759],[-79.15357,43.759],[-79.15371,43.75901],[-79.15387,43.759],[-79.15404,43.75899],[-79.15419,43.75899],[-79.15434,43.759],[-79.15448,43.759],[-79.15462,43.75901],[-79.15476,43.75901],[-79.15489,43.759],[-79.15502,43.75898],[-79.15517,43.75898],[-79.15532,43.759],[-79.15549,43.759],[-79.15564,43.75899],[-79.1558,43.75898],[-79.15597,43.75896],[-79.15613,43.75893],[-79.15643,43.7589],[-79.15658,43.7589],[-79.15672,43.75889],[-79.15688,43.75887],[-79.15705,43.75885],[-79.15721,43.75884],[-79.15739,43.75883],[-79.15754,43.75883],[-79.15771,43.75882],[-79.15787,43.75879],[-79.15804,43.75876],[-79.1582,43.75874],[-79.15836,43.75872],[-79.15853,43.7587],[-79.15869,43.75868],[-79.15885,43.75866],[-79.15899,43.75863],[-79.15915,43.7586],[-79.1593,43.75859],[-79.15946,43.75858],[-79.15961,43.75856],[-79.15975,43.75854],[-79.1599,43.7585],[-79.16005,43.75845],[-79.16019,43.75839],[-79.16032,43.75833],[-79.16033,43.75832],[-79.16045,43.75827],[-79.16061,43.75823],[-79.16077,43.75821],[-79.16094,43.75818],[-79.16109,43.75814],[-79.16126,43.7581],[-79.16142,43.75807],[-79.16159,43.75804],[-79.16175,43.75801],[-79.16192,43.75796],[-79.16208,43.7579],[-79.16224,43.75784],[-79.16241,43.7578],[-79.16257,43.75776],[-79.16272,43.7577],[-79.16287,43.75767],[-79.16304,43.75763],[-79.16319,43.75759],[-79.16335,43.75754],[-79.16352,43.75752],[-79.16369,43.75751],[-79.16387,43.75749],[-79.16404,43.75747],[-79.16421,43.75743],[-79.16439,43.7574],[-79.16457,43.75736],[-79.16475,43.75732],[-79.16493,43.75727],[-79.16511,43.75723],[-79.16528,43.7572],[-79.16547,43.75718],[-79.16564,43.75713],[-79.16582,43.75709],[-79.16599,43.75705],[-79.16617,43.75701],[-79.16635,43.75698],[-79.16728,43.75685],[-79.16739,43.75681],[-79.16756,43.75675],[-79.16775,43.75668],[-79.16791,43.75659],[-79.16809,43.7565],[-79.16827,43.75641],[-79.16846,43.75634],[-79.16868,43.75628],[-79.16889,43.75623],[-79.16911,43.75616],[-79.16932,43.75611],[-79.16952,43.75605],[-79.16972,43.75598],[-79.16992,43.75594],[-79.17013,43.75587],[-79.17032,43.7558],[-79.17053,43.75572],[-79.17075,43.75564],[-79.17077,43.75564]]]}}]}