{"type":"FeatureCollection","features":[{"type":"Feature","properties":{"name":"City of Toronto"},"geometry":{"type":"Polygon","coordinates":[[[-79.53633,43.58816],[-79.53633,43.58817],[-79.53638,43.58816],[-79.5365,43.58815],[-79.53661,43.58812],[-79.53672,43.58809],[-79.53683,43.5881],[-79.53696,43.58808],[-79.53711,43.58803],[-79.53721,43.58797],[-79.53734,43.5879],[-79.53746,43.58782],[-79.53758,43.58772],[-79.5377,43.58765],[-79.53782,43.58759],[-79.53793,43.58752],[-79.53803,43.58745],[-79.53813,43.58738],[-79.53822,43.58731],[-79.53833,43.58726],[-79.53844,43.58722],[-79.53856,43.58717],[-79.53862,43.5871],[-79.53871,43.58703],[-79.53882,43.58695],[-79.53893,43.58687],[-79.53903,43.58681],[-79.53915,43.58674],[-79.53926,43.58667],[-79.53936,43.5866],[-79.53943,43.58653],[-79.53948,43.58646],[-79.53954,43.5864],[-79.53962,43.58631],[-79.53967,43.58623],[-79.53978,43.58618],[-79.5398,43.58618],[-79.53989,43.58615],[-79.53996,43.58608],[-79.54002,43.58597],[-79.54011,43.58588],[-79.54021,43.58579],[-79.54027,43.58569],[-79.54036,43.58558],[-79.54044,43.58551],[-79.54051,43.58543],[-79.54058,43.58534],[-79.54066,43.58526],[-79.54074,43.58517],[-79.54083,43.58508],[-79.54093,43.58498],[-79.54102,43.58489],[-79.5411,43.58464],[-79.54134,43.58456],[-79.54137,43.58454],[-79.54142,43.58449],[-79.54144,43.58441],[-79.54148,43.58433],[-79.54157,43.58423],[-79.54167,43.58415],[-79.54177,43.58405],[-79.54188,43.58396],[-79.54199,43.58387],[-79.54211,43.58378],[-79.54222,43.58366],[-79.5423,43.58353],[-79.54237,43.5834],[-79.54245,43.58327],[-79.54251,43.58315],[-79.54257,43.58304],[-79.54261,43.58292],[-79.54266,43.58281],[-79.54271,43.58269],[-79.54275,43.58258],[-79.5428,43.58247],[-79.54285,43.58235],[-79.5429,43.58224],[-79.54294,43.58213],[-79.543,43.58203],[-79.54304,43.58193],[-79.54309,43.58183],[-79.54313,43.58174],[-79.54317,43.58166],[-79.54318,43.58159],[-79.54323,43.58149],[-79.54324,43.58142],[-79.54327,43.58134],[-79.54331,43.58128],[-79.54334,43.58121],[-79.54336,43.58114],[-79.54337,43.58107],[-79.5434,43.58102],[-79.54341,43.581],[-79.54388,43.58139],[-79.54405,43.58225],[-79.54465,43.58528],[-79.54816,43.587],[-79.54786,43.58732],[-79.54651,43.58882],[-79.54641,43.58893],[-79.54648,43.58899],[-79.54668,43.58912],[-79.54688,43.58924],[-79.54711,43.58936],[-79.54733,43.58948],[-79.54756,43.58962],[-79.54778,43.58976],[-79.548,43.58989],[-79.54822,43.59004],[-79.54848,43.59017],[-79.54866,43.59022],[-79.54876,43.59026],[-79.54891,43.59029],[-79.54897,43.59029],[-79.54905,43.59028],[-79.54914,43.59026],[-79.54921,43.59027],[-79.54935,43.59034],[-79.54943,43.59042],[-79.54949,43.59052],[-79.54955,43.59062],[-79.54958,43.59073],[-79.5496,43.5909],[-79.54961,43.5911],[-79.54959,43.59132],[-79.5496,43.5915],[-79.54959,43.59169],[-79.54957,43.59188],[-79.54954,43.59206],[-79.54949,43.59226],[-79.54942,43.59244],[-79.54931,43.59263],[-79.54921,43.59283],[-79.54909,43.59303],[-79.54899,43.59322],[-79.54887,43.59343],[-79.54877,43.59362],[-79.54871,43.59382],[-79.54869,43.59401],[-79.54866,43.59421],[-79.54866,43.59442],[-79.54868,43.59464],[-79.54873,43.59485],[-79.54881,43.59495],[-79.54888,43.59501],[-79.54897,43.59509],[-79.54903,43.59513],[-79.54911,43.59516],[-79.54942,43.59521],[-79.54974,43.59523],[-79.55002,43.59526],[-79.55032,43.59527],[-79.55063,43.59529],[-79.55094,43.59532],[-79.55123,43.59533],[-79.55152,43.59531],[-79.55211,43.5953],[-79.55238,43.59532],[-79.55268,43.59537],[-79.55297,43.59542],[-79.55324,43.5955],[-79.55351,43.59561],[-79.55371,43.59576],[-79.55381,43.59594],[-79.5539,43.59613],[-79.55395,43.59633],[-79.55393,43.59653],[-79.55385,43.59672],[-79.55378,43.59693],[-79.55373,43.59712],[-79.55367,43.59731],[-79.5536,43.59751],[-79.55353,43.5977],[-79.55348,43.5979],[-79.5535,43.598],[-79.55352,43.59811],[-79.55359,43.59829],[-79.55367,43.59847],[-79.55379,43.59866],[-79.55392,43.59883],[-79.55408,43.59899],[-79.55429,43.59912],[-79.55455,43.5992],[-79.55483,43.59927],[-79.55511,43.59934],[-79.55538,43.59942],[-79.55557,43.59953],[-79.55569,43.59967],[-79.5557,43.59969],[-79.55577,43.59984],[-79.55583,43.59999],[-79.55588,43.60016],[-79.5559,43.60033],[-79.55593,43.60051],[-79.55597,43.6007],[-79.55601,43.60089],[-79.55606,43.60104],[-79.5561,43.60116],[-79.55612,43.60119],[-79.55614,43.60124],[-79.55618,43.60129],[-79.55625,43.60141],[-79.55627,43.6015],[-79.55626,43.60158],[-79.55621,43.60171],[-79.55615,43.60186],[-79.55613,43.60204],[-79.55615,43.60221],[-79.55622,43.60239],[-79.55631,43.60257],[-79.55646,43.60271],[-79.55667,43.60284],[-79.55689,43.60296],[-79.55712,43.60305],[-79.55737,43.60317],[-79.5576,43.60326],[-79.55781,43.60338],[-79.55802,43.60349],[-79.55819,43.60363],[-79.55834,43.60377],[-79.55844,43.60391],[-79.55855,43.60408],[-79.55866,43.60422],[-79.55882,43.60436],[-79.55896,43.60451],[-79.5591,43.60463],[-79.55926,43.60475],[-79.5593,43.60478],[-79.55945,43.60486],[-79.55952,43.60491],[-79.55963,43.60498],[-79.55978,43.60505],[-79.55983,43.60507],[-79.56002,43.60519],[-79.56012,43.60523],[-79.56022,43.60529],[-79.56046,43.60546],[-79.5606,43.60552],[-79.56082,43.60561],[-79.56103,43.60568],[-79.56108,43.6057],[-79.56124,43.60576],[-79.56145,43.60584],[-79.56169,43.60595],[-79.56187,43.60604],[-79.56203,43.60621],[-79.56214,43.60637],[-79.56227,43.6065],[-79.56242,43.60662],[-79.56252,43.60667],[-79.56264,43.60672],[-79.56291,43.60679],[-79.56316,43.60684],[-79.56343,43.60687],[-79.5637,43.60691],[-79.56395,43.60695],[-79.56408,43.60697],[-79.56423,43.60699],[-79.56448,43.60704],[-79.56449,43.60704],[-79.56471,43.60711],[-79.56487,43.60722],[-79.56491,43.60735],[-79.56485,43.60751],[-79.56473,43.60764],[-79.56464,43.6078],[-79.56461,43.60795],[-79.56463,43.6081],[-79.56467,43.60825],[-79.5648,43.60838],[-79.56505,43.60847],[-79.56533,43.60857],[-79.56555,43.60864],[-79.56566,43.60867],[-79.56578,43.60866],[-79.56592,43.60863],[-79.5662,43.60859],[-79.5664,43.6086],[-79.56664,43.60868],[-79.56685,43.60881],[-79.567,43.60895],[-79.56708,43.60911],[-79.56718,43.60928],[-79.56724,43.60943],[-79.56727,43.6096],[-79.56728,43.60964],[-79.56729,43.60977],[-79.5673,43.60992],[-79.56733,43.61009],[-79.56733,43.61022],[-79.5673,43.61039],[-79.56722,43.61057],[-79.56717,43.61066],[-79.56708,43.61074],[-79.56696,43.61079],[-79.56686,43.6108],[-79.56665,43.61083],[-79.56656,43.61088],[-79.56634,43.61096],[-79.56615,43.61107],[-79.56598,43.61121],[-79.56578,43.61133],[-79.56574,43.61136],[-79.56562,43.61145],[-79.56544,43.61162],[-79.56528,43.61176],[-79.5651,43.61186],[-79.56488,43.61197],[-79.56467,43.61205],[-79.56444,43.61215],[-79.56422,43.61224],[-79.56406,43.61238],[-79.56395,43.61253],[-79.56397,43.61268],[-79.56402,43.61283],[-79.56409,43.61298],[-79.56419,43.61311],[-79.56438,43.61324],[-79.56461,43.61332],[-79.56486,43.61338],[-79.56512,43.61342],[-79.56536,43.61342],[-79.56559,43.6134],[-79.56581,43.61338],[-79.56606,43.61337],[-79.56631,43.61339],[-79.56654,43.61343],[-79.56678,43.6135],[-79.567,43.61357],[-79.56726,43.61363],[-79.5675,43.6137],[-79.56771,43.61378],[-79.56789,43.61389],[-79.56796,43.61394],[-79.56804,43.614],[-79.56819,43.61412],[-79.56829,43.61422],[-79.56835,43.61437],[-79.56834,43.6145],[-79.56828,43.61467],[-79.56823,43.61481],[-79.56822,43.61491],[-79.56822,43.61496],[-79.56818,43.6151],[-79.56813,43.61526],[-79.56808,43.61541],[-79.568,43.61557],[-79.56794,43.61571],[-79.56791,43.61587],[-79.56786,43.61601],[-79.56783,43.61619],[-79.56782,43.61633],[-79.56783,43.61649],[-79.56786,43.61662],[-79.56785,43.61678],[-79.56772,43.61692],[-79.56755,43.61704],[-79.56734,43.61712],[-79.56715,43.61719],[-79.56697,43.61729],[-79.56683,43.61741],[-79.5667,43.61754],[-79.56661,43.61767],[-79.56654,43.61782],[-79.56651,43.61795],[-79.56657,43.6181],[-79.56662,43.61825],[-79.56668,43.61841],[-79.56674,43.61856],[-79.56678,43.61872],[-79.56682,43.61886],[-79.56679,43.61901],[-79.56674,43.61916],[-79.56672,43.61931],[-79.56672,43.61949],[-79.56674,43.61964],[-79.56674,43.6198],[-79.56675,43.61993],[-79.56677,43.62007],[-79.56681,43.62018],[-79.56683,43.62029],[-79.56683,43.6203],[-79.56684,43.62033],[-79.56687,43.62041],[-79.56693,43.62055],[-79.56691,43.62071],[-79.56682,43.62087],[-79.56665,43.62099],[-79.56645,43.62109],[-79.56621,43.62117],[-79.56599,43.62126],[-79.56581,43.62136],[-79.56565,43.62148],[-79.56558,43.62162],[-79.56555,43.62178],[-79.56558,43.62192],[-79.56566,43.62207],[-79.56575,43.62222],[-79.56584,43.62236],[-79.5659,43.62252],[-79.5659,43.62268],[-79.56587,43.62285],[-79.5658,43.62302],[-79.56576,43.62319],[-79.56575,43.62338],[-79.56572,43.62356],[-79.56568,43.62374],[-79.56565,43.62389],[-79.56561,43.62404],[-79.56553,43.62421],[-79.56543,43.62437],[-79.56526,43.6245],[-79.56509,43.62458],[-79.56488,43.62458],[-79.56468,43.62451],[-79.56446,43.62444],[-79.56426,43.62439],[-79.56408,43.62442],[-79.56394,43.6245],[-79.5638,43.62463],[-79.5637,43.62475],[-79.5636,43.62489],[-79.56356,43.62503],[-79.56356,43.62518],[-79.5636,43.62564],[-79.56357,43.62576],[-79.56354,43.62589],[-79.5635,43.62602],[-79.56347,43.62611],[-79.56345,43.62616],[-79.56344,43.62631],[-79.56346,43.62644],[-79.5635,43.62655],[-79.56356,43.62668],[-79.56362,43.62679],[-79.56368,43.62691],[-79.56373,43.62698],[-79.56376,43.62703],[-79.56378,43.62707],[-79.5638,43.62715],[-79.56383,43.62725],[-79.56388,43.62737],[-79.56389,43.6275],[-79.5639,43.62763],[-79.5639,43.62778],[-79.56395,43.62789],[-79.56411,43.62799],[-79.56434,43.62805],[-79.56454,43.62812],[-79.56479,43.62816],[-79.56503,43.62817],[-79.56528,43.62818],[-79.56553,43.62819],[-79.56576,43.62822],[-79.566,43.62824],[-79.56622,43.62823],[-79.56644,43.62823],[-79.56666,43.62822],[-79.56686,43.62822],[-79.56697,43.6282],[-79.56708,43.62817],[-79.56727,43.62811],[-79.56736,43.62806],[-79.56744,43.62801],[-79.56749,43.62791],[-79.56752,43.62776],[-79.56752,43.62767],[-79.56753,43.62761],[-79.56761,43.6275],[-79.5677,43.62732],[-79.56784,43.62716],[-79.568,43.62703],[-79.56817,43.62691],[-79.56837,43.6268],[-79.56859,43.62674],[-79.5688,43.62675],[-79.56897,43.62681],[-79.56915,43.62688],[-79.56937,43.62692],[-79.56959,43.62694],[-79.56979,43.62698],[-79.57,43.62699],[-79.57022,43.62696],[-79.57039,43.62687],[-79.57057,43.62679],[-79.57079,43.62672],[-79.57097,43.62666],[-79.57119,43.62659],[-79.5714,43.62652],[-79.5716,43.62646],[-79.57182,43.62638],[-79.57203,43.62631],[-79.57207,43.62629],[-79.57224,43.62623],[-79.57246,43.62615],[-79.57266,43.6261],[-79.57289,43.62607],[-79.5731,43.62605],[-79.57329,43.62606],[-79.5735,43.62603],[-79.57369,43.62598],[-79.57387,43.62589],[-79.57403,43.62582],[-79.5742,43.62572],[-79.57434,43.62561],[-79.57451,43.62553],[-79.57468,43.62548],[-79.57487,43.62544],[-79.57506,43.62544],[-79.57525,43.62547],[-79.57541,43.62551],[-79.57558,43.62556],[-79.57573,43.62561],[-79.57588,43.6257],[-79.57603,43.62578],[-79.57618,43.62586],[-79.57634,43.62594],[-79.57648,43.62601],[-79.57662,43.62607],[-79.57675,43.62614],[-79.5769,43.62619],[-79.57707,43.62623],[-79.57723,43.62629],[-79.57739,43.62634],[-79.57756,43.62637],[-79.57772,43.62642],[-79.57789,43.62646],[-79.57807,43.62651],[-79.57826,43.62655],[-79.57845,43.6266],[-79.57862,43.62665],[-79.57879,43.62668],[-79.57899,43.62672],[-79.5792,43.62677],[-79.57939,43.62683],[-79.57956,43.62687],[-79.57971,43.62692],[-79.57977,43.62697],[-79.57982,43.627],[-79.57993,43.62709],[-79.58001,43.62719],[-79.58013,43.62727],[-79.58024,43.62736],[-79.58035,43.62745],[-79.58046,43.62753],[-79.58059,43.62761],[-79.58076,43.62767],[-79.58085,43.62771],[-79.58095,43.62775],[-79.58111,43.6278],[-79.58132,43.62784],[-79.58136,43.62785],[-79.58141,43.62788],[-79.58152,43.62792],[-79.58166,43.62795],[-79.58173,43.62795],[-79.58178,43.62796],[-79.5819,43.62796],[-79.58207,43.62795],[-79.58223,43.62793],[-79.58241,43.62795],[-79.5826,43.62799],[-79.58279,43.62804],[-79.58297,43.62808],[-79.58315,43.62814],[-79.5833,43.62818],[-79.58334,43.62819],[-79.58353,43.62824],[-79.58374,43.62829],[-79.5839,43.62835],[-79.58407,43.6284],[-79.58409,43.62841],[-79.58497,43.62867],[-79.58514,43.62872],[-79.58529,43.62879],[-79.58539,43.62882],[-79.58559,43.62892],[-79.58571,43.62904],[-79.58583,43.62916],[-79.58593,43.62928],[-79.586,43.62941],[-79.58603,43.62958],[-79.586,43.62974],[-79.58594,43.62988],[-79.58584,43.63005],[-79.58573,43.63023],[-79.58566,43.63034],[-79.58557,43.6305],[-79.58555,43.63056],[-79.58541,43.63072],[-79.58534,43.63084],[-79.58527,43.63096],[-79.5852,43.63109],[-79.58514,43.63122],[-79.58511,43.63136],[-79.58508,43.63149],[-79.58506,43.63164],[-79.58507,43.63178],[-79.58509,43.63194],[-79.58511,43.63208],[-79.58515,43.63222],[-79.58518,43.63236],[-79.58521,43.63251],[-79.58529,43.63277],[-79.58535,43.6329],[-79.58542,43.63303],[-79.5855,43.63314],[-79.58561,43.63325],[-79.5857,43.63334],[-79.58576,43.63345],[-79.58581,43.63354],[-79.58583,43.63364],[-79.58581,43.63376],[-79.58575,43.63387],[-79.58566,43.63397],[-79.58554,43.63419],[-79.58551,43.63431],[-79.58553,43.63442],[-79.58559,43.63453],[-79.58569,43.63462],[-79.5858,43.63471],[-79.58591,43.63483],[-79.58599,43.63494],[-79.58602,43.63507],[-79.58604,43.6352],[-79.58606,43.63532],[-79.58605,43.63545],[-79.58599,43.63557],[-79.58594,43.63568],[-79.58587,43.6358],[-79.58581,43.63592],[-79.58574,43.63604],[-79.58569,43.63615],[-79.58562,43.63627],[-79.58553,43.63637],[-79.58546,43.63647],[-79.5854,43.63658],[-79.58534,43.6367],[-79.5853,43.63682],[-79.58526,43.63696],[-79.58527,43.63708],[-79.58529,43.63721],[-79.58529,43.63723],[-79.5853,43.63728],[-79.58535,43.63739],[-79.58543,43.63749],[-79.58549,43.63759],[-79.58555,43.6377],[-79.58562,43.6378],[-79.58569,43.63789],[-79.5857,43.63789],[-79.58575,43.63793],[-79.58582,43.63801],[-79.58591,43.6381],[-79.58602,43.63823],[-79.58614,43.63837],[-79.58629,43.6385],[-79.5864,43.63865],[-79.58648,43.63877],[-79.58658,43.63892],[-79.58667,43.63905],[-79.58678,43.6392],[-79.58687,43.63934],[-79.58694,43.63949],[-79.58696,43.63964],[-79.58697,43.63977],[-79.58702,43.63992],[-79.58707,43.64005],[-79.58715,43.6402],[-79.58722,43.64033],[-79.58738,43.64065],[-79.58748,43.64077],[-79.58759,43.64089],[-79.58774,43.64099],[-79.58789,43.6411],[-79.58801,43.64121],[-79.58811,43.64134],[-79.58822,43.64146],[-79.58827,43.64157],[-79.58824,43.6417],[-79.58813,43.64181],[-79.58808,43.64195],[-79.58812,43.64206],[-79.58818,43.6422],[-79.58824,43.64233],[-79.58835,43.64248],[-79.58844,43.6426],[-79.58856,43.64273],[-79.5887,43.64282],[-79.58888,43.64291],[-79.58902,43.643],[-79.58917,43.64307],[-79.58931,43.64315],[-79.5894,43.64324],[-79.58953,43.64335],[-79.58965,43.64345],[-79.5898,43.64358],[-79.58994,43.64369],[-79.59007,43.64381],[-79.59022,43.6439],[-79.59038,43.644],[-79.59057,43.64407],[-79.59075,43.64416],[-79.59094,43.64423],[-79.59112,43.6443],[-79.59129,43.64439],[-79.59147,43.64446],[-79.5915,43.64447],[-79.59164,43.64454],[-79.59181,43.6446],[-79.59202,43.64464],[-79.59222,43.64469],[-79.59245,43.64472],[-79.59267,43.64469],[-79.5929,43.64465],[-79.59312,43.64459],[-79.59331,43.64451],[-79.59351,43.64441],[-79.59368,43.64431],[-79.59371,43.64428],[-79.59375,43.64426],[-79.59385,43.64419],[-79.59403,43.6441],[-79.59421,43.644],[-79.59438,43.64389],[-79.59454,43.64378],[-79.59471,43.64369],[-79.59487,43.64358],[-79.59505,43.64347],[-79.59524,43.64338],[-79.59542,43.64329],[-79.59563,43.64321],[-79.59583,43.64315],[-79.59606,43.6431],[-79.59627,43.64307],[-79.5965,43.64306],[-79.59673,43.64304],[-79.59694,43.64306],[-79.59715,43.64306],[-79.59732,43.64307],[-79.59753,43.64308],[-79.59771,43.64309],[-79.5979,43.64311],[-79.59807,43.64311],[-79.59823,43.64309],[-79.59838,43.6431],[-79.5985,43.64315],[-79.59861,43.6432],[-79.59872,43.64328],[-79.59879,43.64337],[-79.59884,43.64345],[-79.59893,43.64353],[-79.59907,43.64361],[-79.59922,43.64369],[-79.59962,43.64379],[-79.59983,43.64384],[-79.60004,43.64386],[-79.60027,43.64388],[-79.60046,43.6439],[-79.60049,43.6439],[-79.60073,43.64392],[-79.60199,43.64413],[-79.60228,43.64438],[-79.60234,43.64443],[-79.60248,43.64453],[-79.60269,43.64462],[-79.60293,43.64469],[-79.60316,43.64472],[-79.60334,43.64471],[-79.60353,43.64466],[-79.60374,43.64458],[-79.60397,43.64451],[-79.6042,43.64449],[-79.60443,43.64447],[-79.60464,43.64445],[-79.60469,43.64444],[-79.60478,43.64443],[-79.60501,43.64447],[-79.6052,43.64458],[-79.6054,43.64473],[-79.60561,43.64483],[-79.60582,43.64483],[-79.60606,43.64481],[-79.60629,43.64477],[-79.60648,43.64474],[-79.6067,43.64469],[-79.60696,43.64467],[-79.60716,43.6447],[-79.60736,43.64477],[-79.60754,43.64485],[-79.60768,43.64494],[-79.60781,43.64505],[-79.6079,43.64519],[-79.60797,43.64533],[-79.60803,43.64548],[-79.60809,43.64564],[-79.60817,43.64582],[-79.60829,43.64604],[-79.60842,43.64619],[-79.60859,43.64633],[-79.60873,43.64645],[-79.60806,43.64707],[-79.60635,43.64862],[-79.6031,43.65158],[-79.59841,43.65583],[-79.59568,43.65829],[-79.59412,43.65972],[-79.59406,43.65977],[-79.59373,43.66008],[-79.59325,43.66052],[-79.59256,43.66116],[-79.59115,43.66245],[-79.59111,43.66249],[-79.58878,43.66462],[-79.58969,43.66632],[-79.58996,43.66682],[-79.5902,43.66714],[-79.59022,43.66717],[-79.59023,43.66718],[-79.59025,43.6672],[-79.59028,43.66723],[-79.5903,43.66726],[-79.59033,43.66729],[-79.59035,43.66732],[-79.59038,43.66735],[-79.5904,43.66738],[-79.59042,43.66742],[-79.59045,43.66745],[-79.59047,43.66748],[-79.59049,43.66751],[-79.59051,43.66755],[-79.59053,43.66758],[-79.59054,43.66761],[-79.59056,43.66764],[-79.59058,43.66768],[-79.59059,43.66771],[-79.59061,43.66774],[-79.59062,43.66778],[-79.59064,43.66781],[-79.59065,43.66785],[-79.59066,43.66788],[-79.59077,43.66805],[-79.59087,43.66823],[-79.59109,43.66859],[-79.59119,43.66877],[-79.59129,43.66893],[-79.59138,43.66907],[-79.59143,43.66917],[-79.59158,43.66941],[-79.59189,43.66991],[-79.5933,43.67219],[-79.59388,43.67312],[-79.59455,43.67421],[-79.59466,43.67444],[-79.5947,43.67458],[-79.59475,43.67475],[-79.59475,43.67502],[-79.59822,43.68083],[-79.59995,43.68373],[-79.60007,43.68456],[-79.60015,43.68511],[-79.60017,43.68512],[-79.60022,43.68517],[-79.60026,43.68522],[-79.60031,43.68526],[-79.6005,43.68545],[-79.60058,43.68554],[-79.60065,43.68564],[-79.60073,43.68574],[-79.6008,43.68583],[-79.60088,43.68593],[-79.60095,43.68602],[-79.60101,43.68609],[-79.60103,43.68612],[-79.6011,43.68621],[-79.60117,43.68631],[-79.60123,43.68639],[-79.60124,43.68641],[-79.60132,43.68648],[-79.60139,43.6866],[-79.60146,43.68669],[-79.60151,43.68676],[-79.60153,43.68679],[-79.60162,43.68694],[-79.60172,43.68708],[-79.6018,43.68721],[-79.6019,43.68734],[-79.602,43.6875],[-79.60209,43.68764],[-79.60219,43.6878],[-79.60227,43.68794],[-79.60236,43.68808],[-79.60244,43.68823],[-79.60252,43.68838],[-79.60261,43.68853],[-79.60269,43.68868],[-79.60277,43.68883],[-79.60285,43.68898],[-79.60292,43.68913],[-79.60299,43.68927],[-79.60439,43.69202],[-79.60485,43.69285],[-79.60493,43.693],[-79.60539,43.69381],[-79.60588,43.69468],[-79.60721,43.69686],[-79.60725,43.69692],[-79.60728,43.69698],[-79.60738,43.69712],[-79.60748,43.69727],[-79.60795,43.698],[-79.60868,43.69912],[-79.60974,43.70077],[-79.6101,43.70133],[-79.61018,43.70145],[-79.61098,43.70272],[-79.61203,43.70438],[-79.61206,43.70442],[-79.61265,43.70536],[-79.61322,43.70627],[-79.61388,43.70736],[-79.61453,43.70844],[-79.61556,43.71017],[-79.61738,43.71325],[-79.61787,43.71409],[-79.61844,43.71505],[-79.61915,43.71625],[-79.62034,43.71838],[-79.62268,43.72251],[-79.62296,43.723],[-79.62361,43.72416],[-79.62365,43.72423],[-79.62441,43.72555],[-79.62543,43.72735],[-79.62594,43.72819],[-79.62613,43.72855],[-79.62632,43.72903],[-79.62664,43.73006],[-79.62695,43.73142],[-79.62758,43.73271],[-79.6276,43.73275],[-79.62762,43.73279],[-79.62763,43.73284],[-79.62765,43.73289],[-79.62767,43.73294],[-79.62769,43.73298],[-79.62772,43.73303],[-79.62774,43.73307],[-79.62776,43.73312],[-79.62779,43.73318],[-79.6278,43.7332],[-79.62781,43.73321],[-79.62783,43.73323],[-79.62784,43.73325],[-79.62785,43.73327],[-79.62788,43.7333],[-79.6279,43.73332],[-79.62798,43.73339],[-79.62799,43.7334],[-79.628,43.73342],[-79.62801,43.73343],[-79.62802,43.73344],[-79.62804,43.73345],[-79.62805,43.73346],[-79.62807,43.73347],[-79.62808,43.73348],[-79.6281,43.73349],[-79.62815,43.73351],[-79.62818,43.73353],[-79.62825,43.73355],[-79.62835,43.73359],[-79.6284,43.7336],[-79.62842,43.73361],[-79.62846,43.73361],[-79.62848,43.73362],[-79.6285,43.73362],[-79.62852,43.73363],[-79.62855,43.73363],[-79.62857,43.73364],[-79.62868,43.73365],[-79.62882,43.73365],[-79.62897,43.73381],[-79.6292,43.7344],[-79.62921,43.73441],[-79.62922,43.73444],[-79.62922,43.73445],[-79.62923,43.73447],[-79.62924,43.73449],[-79.62924,43.73451],[-79.62925,43.73453],[-79.62925,43.73455],[-79.62926,43.73457],[-79.62926,43.73464],[-79.6302,43.73535],[-79.63032,43.73544],[-79.63035,43.73547],[-79.63135,43.73703],[-79.63149,43.73753],[-79.63323,43.74052],[-79.63413,43.74207],[-79.63566,43.74462],[-79.63603,43.74529],[-79.63664,43.74648],[-79.63674,43.74659],[-79.63682,43.74669],[-79.63687,43.74678],[-79.6369,43.74683],[-79.63691,43.74691],[-79.63692,43.74701],[-79.63691,43.74714],[-79.63761,43.7483],[-79.63785,43.74848],[-79.63836,43.74897],[-79.63926,43.74987],[-79.63829,43.75037],[-79.63771,43.75061],[-79.63737,43.75076],[-79.63704,43.75087],[-79.63674,43.75098],[-79.63645,43.75106],[-79.63612,43.75111],[-79.63593,43.75113],[-79.63554,43.7512],[-79.63525,43.75123],[-79.6349,43.75125],[-79.63453,43.75125],[-79.63417,43.75126],[-79.63386,43.75128],[-79.63358,43.75128],[-79.63314,43.75131],[-79.63278,43.75134],[-79.63265,43.75136],[-79.63256,43.75137],[-79.63241,43.75139],[-79.63224,43.75141],[-79.63172,43.75151],[-79.63121,43.75162],[-79.63091,43.75169],[-79.63015,43.75185],[-79.6296,43.75197],[-79.62513,43.753],[-79.62491,43.75305],[-79.61984,43.75418],[-79.61709,43.7548],[-79.61425,43.75543],[-79.61409,43.75545],[-79.61386,43.75551],[-79.61123,43.75611],[-79.60856,43.7567],[-79.60812,43.7568],[-79.60488,43.75753],[-79.60338,43.75786],[-79.60205,43.75815],[-79.59966,43.75869],[-79.59702,43.75929],[-79.59607,43.7595],[-79.59291,43.76021],[-79.59042,43.76078],[-79.58064,43.76302],[-79.57754,43.7637],[-79.57733,43.76376],[-79.57715,43.76382],[-79.577,43.76386],[-79.57676,43.76391],[-79.57657,43.76394],[-79.57622,43.76402],[-79.57607,43.76405],[-79.57589,43.76409],[-79.57587,43.76409],[-79.57548,43.76418],[-79.57487,43.76434],[-79.57115,43.76516],[-79.57112,43.76517],[-79.571,43.76519],[-79.56902,43.76562],[-79.56478,43.76655],[-79.56062,43.7674],[-79.56056,43.76742],[-79.5578,43.76798],[-79.55499,43.76857],[-79.5522,43.76912],[-79.5496,43.76967],[-79.54653,43.77028],[-79.54345,43.77092],[-79.54066,43.77149],[-79.53796,43.77206],[-79.5378,43.77209],[-79.53773,43.7721],[-79.53541,43.77258],[-79.53508,43.77264],[-79.53488,43.77269],[-79.53441,43.77277],[-79.53331,43.77297],[-79.53178,43.77331],[-79.52978,43.77372],[-79.52976,43.77372],[-79.52683,43.7743],[-79.52345,43.77499],[-79.523,43.77509],[-79.5223,43.77528],[-79.52174,43.77547],[-79.52162,43.7755],[-79.52133,43.77555],[-79.5211,43.77562],[-79.52079,43.7757],[-79.52057,43.77575],[-79.5204,43.77578],[-79.52015,43.77582],[-79.51994,43.77586],[-79.5196,43.7759],[-79.51927,43.77595],[-79.51901,43.77598],[-79.51875,43.77602],[-79.51701,43.77636],[-79.51109,43.77772],[-79.50434,43.77924],[-79.5017,43.77987],[-79.49877,43.78056],[-79.49737,43.7809],[-79.49451,43.78158],[-79.49013,43.78257],[-79.48731,43.78322],[-79.48446,43.78389],[-79.48106,43.7847],[-79.47476,43.78618],[-79.47472,43.78619],[-79.47009,43.78728],[-79.46847,43.7876],[-79.46715,43.78786],[-79.46688,43.78792],[-79.46591,43.78812],[-79.46515,43.78826],[-79.46319,43.78865],[-79.46014,43.78931],[-79.45925,43.7895],[-79.45839,43.78968],[-79.45764,43.78985],[-79.45581,43.79022],[-79.45514,43.79036],[-79.45303,43.79081],[-79.44759,43.79201],[-79.44576,43.79241],[-79.44335,43.79296],[-79.44106,43.79345],[-79.43895,43.79392],[-79.43839,43.79404],[-79.43656,43.79441],[-79.43272,43.79525],[-79.42927,43.79601],[-79.42638,43.79662],[-79.42316,43.79734],[-79.42008,43.798],[-79.41973,43.7981],[-79.41943,43.79817],[-79.41894,43.79828],[-79.41709,43.79867],[-79.41447,43.79925],[-79.41186,43.79982],[-79.40926,43.8004],[-79.40625,43.80106],[-79.40368,43.80162],[-79.40248,43.80189],[-79.4017,43.80207],[-79.40089,43.80225],[-79.39948,43.80256],[-79.39912,43.80263],[-79.3985,43.80277],[-79.3978,43.80293],[-79.39731,43.80303],[-79.39686,43.80313],[-79.39623,43.80327],[-79.39443,43.80365],[-79.39273,43.80403],[-79.39271,43.80404],[-79.39159,43.80429],[-79.3894,43.80476],[-79.38825,43.80502],[-79.38711,43.80528],[-79.38578,43.80557],[-79.38486,43.80577],[-79.38471,43.80581],[-79.3834,43.80609],[-79.3819,43.8064],[-79.38046,43.80674],[-79.37867,43.80713],[-79.37664,43.80759],[-79.3761,43.80771],[-79.37448,43.80807],[-79.37251,43.80851],[-79.37176,43.80865],[-79.37091,43.80885],[-79.37044,43.80896],[-79.36927,43.80924],[-79.36776,43.8096],[-79.36591,43.81001],[-79.36508,43.8102],[-79.36488,43.81024],[-79.36474,43.81027],[-79.36458,43.81031],[-79.36278,43.81072],[-79.36078,43.81118],[-79.3586,43.81168],[-79.35756,43.81192],[-79.35512,43.81248],[-79.35361,43.81283],[-79.35272,43.81304],[-79.35246,43.8131],[-79.35197,43.81322],[-79.34898,43.81387],[-79.34856,43.81397],[-79.34677,43.81438],[-79.345,43.81479],[-79.3422,43.81542],[-79.34132,43.81565],[-79.33988,43.81602],[-79.33908,43.81623],[-79.33748,43.81663],[-79.33647,43.81686],[-79.33579,43.81702],[-79.3347,43.81726],[-79.33208,43.81788],[-79.33161,43.81799],[-79.33133,43.81805],[-79.33088,43.81815],[-79.33087,43.81815],[-79.32977,43.8184],[-79.32967,43.81842],[-79.32847,43.8187],[-79.32774,43.81886],[-79.32669,43.81909],[-79.32657,43.81912],[-79.32444,43.81963],[-79.32292,43.81998],[-79.32045,43.82057],[-79.32037,43.82059],[-79.31857,43.821],[-79.31809,43.82111],[-79.31693,43.82139],[-79.31586,43.82163],[-79.31409,43.82205],[-79.31226,43.82247],[-79.30981,43.82306],[-79.30707,43.82369],[-79.30549,43.82407],[-79.30508,43.82417],[-79.30442,43.82432],[-79.3023,43.8248],[-79.30153,43.82498],[-79.3007,43.82517],[-79.30008,43.82532],[-79.29886,43.8256],[-79.29733,43.82595],[-79.29659,43.82613],[-79.29599,43.82627],[-79.29546,43.8264],[-79.29413,43.8267],[-79.29397,43.82674],[-79.29311,43.82694],[-79.29175,43.82725],[-79.29135,43.82734],[-79.28948,43.82777],[-79.28754,43.8282],[-79.2872,43.82829],[-79.28595,43.82858],[-79.28472,43.82886],[-79.2831,43.82922],[-79.2804,43.82984],[-79.27926,43.8301],[-79.27775,43.83044],[-79.27678,43.83067],[-79.27552,43.83097],[-79.2752,43.83105],[-79.27207,43.83176],[-79.27113,43.83198],[-79.2695,43.83235],[-79.26796,43.8327],[-79.26635,43.83309],[-79.26359,43.83373],[-79.26115,43.8343],[-79.26004,43.83457],[-79.25615,43.83546],[-79.25525,43.83567],[-79.25434,43.83588],[-79.25216,43.83639],[-79.25119,43.8366],[-79.24947,43.83703],[-79.24849,43.83724],[-79.24575,43.83788],[-79.24528,43.83799],[-79.24519,43.83801],[-79.24185,43.83879],[-79.23945,43.83934],[-79.23925,43.83939],[-79.23722,43.83987],[-79.23685,43.83996],[-79.2345,43.84051],[-79.2322,43.84106],[-79.22974,43.84165],[-79.22874,43.84188],[-79.22827,43.84198],[-79.22781,43.84209],[-79.22669,43.84233],[-79.22586,43.84252],[-79.22534,43.84263],[-79.22344,43.84306],[-79.22041,43.84373],[-79.21913,43.84402],[-79.21714,43.84446],[-79.21484,43.84497],[-79.21263,43.84547],[-79.21199,43.84561],[-79.21159,43.8457],[-79.21041,43.84595],[-79.21012,43.84602],[-79.2093,43.8462],[-79.20733,43.84663],[-79.2045,43.84725],[-79.20057,43.84819],[-79.20012,43.84831],[-79.19937,43.84849],[-79.19928,43.84852],[-79.19893,43.8486],[-79.19833,43.84873],[-79.19682,43.84908],[-79.19503,43.84949],[-79.1933,43.84992],[-79.19192,43.85026],[-79.19134,43.8504],[-79.18989,43.85075],[-79.18974,43.85078],[-79.18639,43.85161],[-79.18601,43.8517],[-79.18526,43.85189],[-79.1824,43.85259],[-79.18144,43.85283],[-79.18002,43.85317],[-79.17757,43.85376],[-79.17695,43.85391],[-79.17663,43.85398],[-79.17615,43.85409],[-79.17114,43.85526],[-79.17029,43.85546],[-79.16746,43.84925],[-79.16744,43.84921],[-79.16685,43.84795],[-79.16659,43.84739],[-79.16622,43.84659],[-79.16591,43.84591],[-79.16528,43.84448],[-79.16495,43.84372],[-79.16478,43.84333],[-79.1625,43.83824],[-79.16247,43.83817],[-79.16206,43.83729],[-79.16199,43.83714],[-79.16169,43.83648],[-79.16157,43.8362],[-79.16095,43.83484],[-79.16079,43.83448],[-79.1607,43.83428],[-79.1605,43.83385],[-79.16043,43.8337],[-79.1604,43.83364],[-79.15998,43.83267],[-79.15986,43.8324],[-79.15956,43.83173],[-79.1589,43.83021],[-79.15803,43.82827],[-79.15678,43.82546],[-79.15589,43.82346],[-79.1555,43.82258],[-79.1548,43.82106],[-79.15404,43.81943],[-79.15312,43.81742],[-79.1528,43.81672],[-79.15268,43.81632],[-79.15259,43.81596],[-79.15252,43.81575],[-79.15241,43.81542],[-79.15226,43.81498],[-79.15216,43.81469],[-79.15208,43.81453],[-79.15179,43.81409],[-79.15174,43.81398],[-79.15161,43.814],[-79.15123,43.81388],[-79.151,43.81367],[-79.15076,43.81344],[-79.15041,43.81322],[-79.15018,43.81306],[-79.15007,43.81298],[-79.14977,43.81272],[-79.14947,43.81248],[-79.14907,43.81241],[-79.14864,43.81241],[-79.14823,43.81232],[-79.14794,43.81213],[-79.14773,43.81195],[-79.14737,43.81177],[-79.14705,43.81155],[-79.14667,43.81134],[-79.14635,43.8111],[-79.14613,43.81084],[-79.14613,43.81059],[-79.1464,43.81048],[-79.14633,43.81026],[-79.1461,43.81007],[-79.14569,43.81002],[-79.14528,43.80999],[-79.14485,43.81],[-79.14445,43.81001],[-79.14405,43.81004],[-79.14364,43.81006],[-79.14346,43.81025],[-79.14353,43.81044],[-79.14343,43.81062],[-79.14314,43.81072],[-79.143,43.81049],[-79.14296,43.81025],[-79.14288,43.81008],[-79.14311,43.80989],[-79.14315,43.80963],[-79.14291,43.80948],[-79.14264,43.80954],[-79.14246,43.80945],[-79.14219,43.80952],[-79.14197,43.80964],[-79.14184,43.80944],[-79.14158,43.80919],[-79.14136,43.80906],[-79.14124,43.80891],[-79.14096,43.80884],[-79.1407,43.80878],[-79.1406,43.80865],[-79.14064,43.80845],[-79.14039,43.80835],[-79.1401,43.80834],[-79.13984,43.8084],[-79.13958,43.80844],[-79.13933,43.80835],[-79.13914,43.80825],[-79.13912,43.80824],[-79.1391,43.80821],[-79.13898,43.80811],[-79.13895,43.80799],[-79.13869,43.80796],[-79.13841,43.80796],[-79.13826,43.8078],[-79.13831,43.80762],[-79.13816,43.80749],[-79.13788,43.8075],[-79.13771,43.80768],[-79.13761,43.80786],[-79.13732,43.80783],[-79.13705,43.80771],[-79.13679,43.80779],[-79.13657,43.80798],[-79.13626,43.80807],[-79.13589,43.80804],[-79.13559,43.80792],[-79.13531,43.80775],[-79.13503,43.80752],[-79.13475,43.80731],[-79.13448,43.80711],[-79.13422,43.80694],[-79.1341,43.80686],[-79.13404,43.80679],[-79.13401,43.8067],[-79.13401,43.80662],[-79.13399,43.80654],[-79.13395,43.80646],[-79.13393,43.8064],[-79.13391,43.80621],[-79.13395,43.80595],[-79.13405,43.80569],[-79.13419,43.80545],[-79.1343,43.80522],[-79.13436,43.80496],[-79.13436,43.80495],[-79.1344,43.8047],[-79.1344,43.80462],[-79.13439,43.80449],[-79.13439,43.80443],[-79.13437,43.80436],[-79.1343,43.80417],[-79.13429,43.80415],[-79.13418,43.80392],[-79.13408,43.80379],[-79.13388,43.80351],[-79.13369,43.80327],[-79.13367,43.80296],[-79.13374,43.8028],[-79.13377,43.80272],[-79.13399,43.80247],[-79.13418,43.80222],[-79.13441,43.80198],[-79.13466,43.80174],[-79.13495,43.80154],[-79.13521,43.80132],[-79.13541,43.80108],[-79.13543,43.80083],[-79.13526,43.80067],[-79.13494,43.80072],[-79.13461,43.80079],[-79.13427,43.80087],[-79.13392,43.80099],[-79.13357,43.80114],[-79.13324,43.80126],[-79.13283,43.80138],[-79.13249,43.80149],[-79.13216,43.80163],[-79.13179,43.80173],[-79.13162,43.80175],[-79.13142,43.80178],[-79.13103,43.80178],[-79.13064,43.80171],[-79.13023,43.80161],[-79.12986,43.80145],[-79.12951,43.80127],[-79.12915,43.80107],[-79.12881,43.80084],[-79.12846,43.80063],[-79.12808,43.80044],[-79.12768,43.80029],[-79.12725,43.80019],[-79.12679,43.80015],[-79.1264,43.80016],[-79.12597,43.80021],[-79.12557,43.80022],[-79.12518,43.80013],[-79.12501,43.80001],[-79.12487,43.79993],[-79.1246,43.79964],[-79.12439,43.79934],[-79.12423,43.79901],[-79.12418,43.79869],[-79.1242,43.79835],[-79.12426,43.79805],[-79.12436,43.79773],[-79.12423,43.79743],[-79.12385,43.79728],[-79.12357,43.7972],[-79.12347,43.79718],[-79.12311,43.79723],[-79.12273,43.79733],[-79.12234,43.79743],[-79.12193,43.7974],[-79.12151,43.79725],[-79.12117,43.79702],[-79.12088,43.79673],[-79.12059,43.79645],[-79.12031,43.79615],[-79.12018,43.79586],[-79.12027,43.79562],[-79.12063,43.7955],[-79.12111,43.79533],[-79.12123,43.7952],[-79.12121,43.79495],[-79.121,43.79474],[-79.12067,43.79473],[-79.12033,43.79476],[-79.11999,43.79482],[-79.11967,43.79482],[-79.11932,43.7948],[-79.11898,43.79472],[-79.11864,43.79459],[-79.11863,43.79459],[-79.11841,43.79448],[-79.11824,43.79443],[-79.11811,43.7944],[-79.11774,43.79435],[-79.11744,43.79434],[-79.11714,43.79437],[-79.11676,43.79449],[-79.11667,43.79454],[-79.11645,43.79466],[-79.11622,43.79475],[-79.11602,43.79479],[-79.11579,43.79477],[-79.11564,43.79469],[-79.11545,43.79456],[-79.11602,43.79446],[-79.11625,43.79437],[-79.11702,43.79425],[-79.11697,43.79421],[-79.11695,43.79417],[-79.11702,43.79412],[-79.11727,43.79391],[-79.11757,43.79358],[-79.11791,43.79331],[-79.11817,43.79312],[-79.11853,43.79282],[-79.1188,43.79249],[-79.11899,43.79232],[-79.11934,43.792],[-79.11957,43.79181],[-79.11975,43.79164],[-79.11994,43.79143],[-79.12008,43.79127],[-79.12017,43.79115],[-79.12028,43.79101],[-79.12034,43.79086],[-79.12039,43.79072],[-79.12042,43.7906],[-79.12043,43.79059],[-79.12043,43.79057],[-79.12042,43.79056],[-79.12038,43.79047],[-79.12033,43.79041],[-79.12028,43.79035],[-79.1202,43.79028],[-79.12009,43.79022],[-79.12006,43.79021],[-79.11992,43.7904],[-79.11991,43.7904],[-79.11987,43.79042],[-79.11985,43.79042],[-79.11982,43.79041],[-79.1198,43.7904],[-79.1198,43.79039],[-79.11979,43.79038],[-79.11979,43.79035],[-79.1198,43.79033],[-79.12001,43.79005],[-79.12021,43.78978],[-79.12022,43.78978],[-79.12024,43.78977],[-79.12025,43.78977],[-79.12027,43.78978],[-79.12029,43.78979],[-79.1203,43.7898],[-79.12031,43.78981],[-79.12032,43.78982],[-79.12032,43.78986],[-79.12031,43.78987],[-79.12029,43.78988],[-79.12025,43.78996],[-79.12033,43.78994],[-79.1204,43.78993],[-79.12046,43.78991],[-79.12052,43.78989],[-79.12057,43.78987],[-79.12062,43.78984],[-79.12067,43.78979],[-79.12072,43.78975],[-79.12081,43.78966],[-79.12083,43.78962],[-79.12086,43.78957],[-79.12089,43.7895],[-79.12091,43.78946],[-79.12099,43.7893],[-79.12103,43.7892],[-79.12104,43.78915],[-79.12102,43.78909],[-79.12101,43.78903],[-79.12098,43.78896],[-79.12096,43.78894],[-79.12093,43.78894],[-79.12087,43.789],[-79.12081,43.78903],[-79.12078,43.78903],[-79.12077,43.78902],[-79.12075,43.78901],[-79.12075,43.78896],[-79.1208,43.78891],[-79.12088,43.78882],[-79.121,43.78869],[-79.12118,43.78849],[-79.12119,43.78848],[-79.12125,43.78848],[-79.12126,43.78849],[-79.12127,43.7885],[-79.12128,43.78851],[-79.12128,43.78854],[-79.12127,43.78856],[-79.12124,43.78858],[-79.12128,43.7886],[-79.12138,43.78862],[-79.12141,43.78863],[-79.12144,43.78862],[-79.1215,43.7886],[-79.12155,43.78858],[-79.1216,43.78854],[-79.12164,43.7885],[-79.12172,43.7884],[-79.12185,43.78824],[-79.12194,43.78813],[-79.12197,43.78809],[-79.122,43.78801],[-79.12202,43.78795],[-79.12203,43.7879],[-79.12202,43.78785],[-79.12201,43.78781],[-79.12199,43.78778],[-79.12196,43.78773],[-79.12193,43.78771],[-79.1219,43.78768],[-79.1218,43.78778],[-79.12179,43.78779],[-79.12178,43.7878],[-79.12174,43.7878],[-79.12172,43.78779],[-79.12171,43.78779],[-79.12169,43.78778],[-79.12168,43.78776],[-79.12168,43.78773],[-79.12169,43.78772],[-79.12175,43.78766],[-79.12206,43.78737],[-79.12218,43.78727],[-79.12219,43.78726],[-79.12221,43.78725],[-79.12222,43.78725],[-79.12224,43.78726],[-79.12227,43.78727],[-79.12228,43.78728],[-79.12229,43.78729],[-79.12229,43.78732],[-79.12227,43.78735],[-79.12241,43.78741],[-79.12248,43.7874],[-79.1226,43.78738],[-79.1227,43.78731],[-79.12279,43.78723],[-79.12282,43.78717],[-79.12292,43.78702],[-79.12301,43.78688],[-79.12305,43.7868],[-79.12309,43.78671],[-79.12309,43.78666],[-79.1231,43.7866],[-79.12308,43.78656],[-79.12307,43.78652],[-79.12303,43.78645],[-79.12293,43.78654],[-79.12292,43.78654],[-79.1229,43.78653],[-79.12287,43.78653],[-79.12286,43.78652],[-79.12285,43.7865],[-79.12284,43.78649],[-79.12284,43.78647],[-79.12325,43.78609],[-79.12328,43.78607],[-79.12336,43.78607],[-79.12338,43.78609],[-79.12338,43.78613],[-79.12333,43.78616],[-79.12349,43.7862],[-79.12365,43.78613],[-79.12375,43.78603],[-79.12384,43.78589],[-79.12396,43.7857],[-79.124,43.78557],[-79.12399,43.78541],[-79.12391,43.78539],[-79.12388,43.78543],[-79.12386,43.78545],[-79.12383,43.78547],[-79.12379,43.78547],[-79.12377,43.78546],[-79.12375,43.78545],[-79.12375,43.78542],[-79.12376,43.78541],[-79.12406,43.785],[-79.12409,43.78497],[-79.12411,43.78496],[-79.12416,43.78496],[-79.12417,43.78497],[-79.12419,43.78498],[-79.1242,43.78499],[-79.1242,43.785],[-79.12419,43.78502],[-79.12411,43.78514],[-79.12415,43.78515],[-79.1242,43.78516],[-79.12424,43.78516],[-79.12428,43.78515],[-79.12436,43.78512],[-79.12445,43.78509],[-79.12454,43.78502],[-79.12463,43.78496],[-79.12473,43.78483],[-79.12482,43.78467],[-79.1249,43.78454],[-79.12494,43.78437],[-79.12493,43.78425],[-79.12487,43.78415],[-79.12468,43.78432],[-79.12462,43.78432],[-79.1246,43.78431],[-79.12459,43.7843],[-79.12459,43.78426],[-79.12511,43.78377],[-79.12514,43.78376],[-79.12516,43.78376],[-79.12518,43.78377],[-79.1252,43.78379],[-79.12521,43.7838],[-79.12521,43.78381],[-79.1252,43.78382],[-79.12519,43.78383],[-79.12517,43.78385],[-79.12514,43.78389],[-79.12509,43.78394],[-79.12513,43.78396],[-79.12518,43.78398],[-79.12522,43.784],[-79.12531,43.784],[-79.12536,43.78399],[-79.12543,43.78398],[-79.12545,43.78398],[-79.1255,43.78396],[-79.12558,43.78394],[-79.12567,43.78392],[-79.12568,43.78391],[-79.12571,43.78389],[-79.12578,43.78384],[-79.12589,43.78374],[-79.12611,43.78353],[-79.12624,43.78338],[-79.12638,43.78321],[-79.12656,43.78301],[-79.12669,43.78284],[-79.12677,43.78273],[-79.12682,43.78261],[-79.12686,43.78251],[-79.12687,43.78248],[-79.12688,43.78244],[-79.12684,43.78233],[-79.12676,43.78227],[-79.12669,43.78223],[-79.12668,43.78221],[-79.12669,43.7822],[-79.12675,43.7822],[-79.12681,43.78222],[-79.12689,43.78224],[-79.12694,43.78223],[-79.12703,43.78221],[-79.12717,43.78213],[-79.12724,43.78207],[-79.12725,43.78204],[-79.12728,43.78202],[-79.12732,43.78199],[-79.12769,43.78163],[-79.1279,43.78138],[-79.12799,43.78126],[-79.12802,43.78123],[-79.12805,43.78117],[-79.12809,43.78109],[-79.12813,43.78102],[-79.12817,43.78096],[-79.12821,43.78091],[-79.12827,43.78086],[-79.12829,43.78083],[-79.12824,43.78081],[-79.12823,43.7808],[-79.12821,43.78079],[-79.1282,43.78077],[-79.12821,43.78076],[-79.12821,43.78075],[-79.12825,43.78075],[-79.12827,43.78076],[-79.12829,43.78077],[-79.12833,43.78079],[-79.12836,43.78082],[-79.12839,43.78083],[-79.12844,43.78083],[-79.12848,43.78082],[-79.12853,43.7808],[-79.12859,43.7808],[-79.12864,43.78078],[-79.12871,43.78076],[-79.12874,43.78074],[-79.12876,43.78072],[-79.12877,43.78069],[-79.12878,43.78067],[-79.1288,43.78065],[-79.12886,43.78061],[-79.12893,43.78057],[-79.12901,43.78054],[-79.12908,43.7805],[-79.12912,43.78049],[-79.12915,43.78046],[-79.12917,43.78043],[-79.12919,43.78041],[-79.1292,43.7804],[-79.12924,43.78037],[-79.12925,43.78035],[-79.12928,43.78032],[-79.1293,43.78029],[-79.12931,43.78026],[-79.12931,43.78013],[-79.12938,43.78007],[-79.12943,43.78002],[-79.1295,43.77997],[-79.1296,43.7799],[-79.12974,43.77981],[-79.12983,43.77973],[-79.1299,43.77962],[-79.12997,43.77951],[-79.13005,43.77943],[-79.13016,43.77936],[-79.13023,43.77929],[-79.1303,43.7792],[-79.13036,43.77912],[-79.13043,43.77901],[-79.13059,43.77884],[-79.13073,43.77864],[-79.13089,43.77848],[-79.13105,43.77833],[-79.13115,43.77826],[-79.13135,43.77811],[-79.13151,43.77801],[-79.13165,43.77788],[-79.13181,43.77774],[-79.13195,43.7776],[-79.13198,43.77759],[-79.13201,43.77757],[-79.13202,43.77756],[-79.13205,43.77752],[-79.132,43.77752],[-79.132,43.77751],[-79.13199,43.7775],[-79.13199,43.77749],[-79.132,43.77749],[-79.13201,43.77748],[-79.13202,43.77746],[-79.13205,43.77744],[-79.13206,43.77745],[-79.13207,43.77746],[-79.13211,43.77749],[-79.13213,43.77748],[-79.13218,43.7774],[-79.13228,43.77727],[-79.13234,43.77719],[-79.13242,43.7771],[-79.13252,43.777],[-79.13259,43.77692],[-79.13264,43.77686],[-79.13264,43.77685],[-79.13266,43.77684],[-79.13268,43.77678],[-79.13271,43.77675],[-79.13275,43.77671],[-79.13277,43.77666],[-79.1328,43.77662],[-79.13281,43.77659],[-79.13281,43.77657],[-79.13272,43.77652],[-79.13271,43.77651],[-79.13271,43.77649],[-79.13272,43.77648],[-79.13275,43.77648],[-79.13279,43.77649],[-79.13288,43.77653],[-79.13292,43.77655],[-79.13295,43.77655],[-79.13296,43.77654],[-79.13298,43.77653],[-79.13302,43.77651],[-79.13315,43.77642],[-79.13319,43.77639],[-79.13324,43.77634],[-79.13379,43.77585],[-79.13387,43.77576],[-79.13398,43.77564],[-79.13406,43.77553],[-79.13405,43.77548],[-79.13399,43.77545],[-79.13393,43.77543],[-79.13388,43.7754],[-79.13381,43.77536],[-79.13377,43.77532],[-79.13377,43.7753],[-79.13376,43.77526],[-79.13374,43.77518],[-79.13373,43.77512],[-79.13374,43.77506],[-79.13375,43.77502],[-79.13377,43.77497],[-79.1338,43.77493],[-79.13385,43.77486],[-79.13391,43.77481],[-79.13395,43.77477],[-79.13397,43.77475],[-79.13399,43.77476],[-79.13402,43.77477],[-79.13413,43.77481],[-79.13403,43.77472],[-79.13401,43.77471],[-79.13404,43.77468],[-79.13406,43.77463],[-79.13407,43.77446],[-79.13404,43.77439],[-79.134,43.77426],[-79.13399,43.77422],[-79.134,43.77417],[-79.13401,43.77414],[-79.13404,43.7741],[-79.13406,43.77406],[-79.13409,43.77401],[-79.13414,43.77397],[-79.13419,43.77394],[-79.13422,43.77392],[-79.13429,43.7739],[-79.13433,43.77389],[-79.13437,43.77388],[-79.13443,43.77387],[-79.13451,43.77387],[-79.13458,43.77389],[-79.13463,43.7739],[-79.13469,43.77393],[-79.13472,43.77396],[-79.13476,43.77401],[-79.13478,43.77405],[-79.1348,43.77408],[-79.13481,43.77411],[-79.13482,43.77416],[-79.13486,43.77417],[-79.13493,43.77417],[-79.135,43.77416],[-79.13507,43.77415],[-79.13515,43.77413],[-79.13525,43.77408],[-79.13541,43.77398],[-79.1356,43.77377],[-79.13579,43.7735],[-79.13587,43.77337],[-79.13591,43.77323],[-79.13589,43.77317],[-79.13582,43.77309],[-79.13576,43.77308],[-79.1357,43.77313],[-79.13567,43.77315],[-79.13564,43.77316],[-79.13561,43.77315],[-79.13558,43.77313],[-79.13557,43.77312],[-79.13559,43.77309],[-79.13596,43.7727],[-79.13598,43.77269],[-79.13601,43.77268],[-79.13604,43.77269],[-79.13607,43.7727],[-79.13608,43.77272],[-79.13607,43.77275],[-79.13599,43.77284],[-79.1361,43.77288],[-79.1362,43.7729],[-79.13631,43.77289],[-79.13643,43.77287],[-79.13657,43.77281],[-79.13679,43.77265],[-79.13695,43.77245],[-79.13709,43.77226],[-79.13721,43.77206],[-79.13724,43.77196],[-79.13725,43.77189],[-79.13724,43.77184],[-79.13719,43.77179],[-79.13713,43.77175],[-79.13705,43.77183],[-79.13702,43.77184],[-79.13699,43.77184],[-79.13695,43.77182],[-79.13694,43.77181],[-79.13693,43.7718],[-79.13694,43.77177],[-79.13735,43.77134],[-79.13739,43.77132],[-79.13742,43.77131],[-79.13744,43.77132],[-79.13745,43.77133],[-79.13747,43.77134],[-79.13748,43.77136],[-79.13747,43.77137],[-79.13746,43.7714],[-79.13734,43.77152],[-79.13744,43.77157],[-79.13754,43.77159],[-79.13764,43.77161],[-79.13779,43.7716],[-79.138,43.77152],[-79.13811,43.77146],[-79.1382,43.7714],[-79.13832,43.7713],[-79.13843,43.77116],[-79.13851,43.77104],[-79.13857,43.77094],[-79.13858,43.77088],[-79.1386,43.77081],[-79.13858,43.77074],[-79.13854,43.77068],[-79.13843,43.77062],[-79.13833,43.77071],[-79.13831,43.77073],[-79.13827,43.77073],[-79.13825,43.77072],[-79.13823,43.77072],[-79.13822,43.77071],[-79.13821,43.77071],[-79.1382,43.77069],[-79.1382,43.77067],[-79.13821,43.77065],[-79.13879,43.7701],[-79.13881,43.77009],[-79.13883,43.77008],[-79.13884,43.77007],[-79.13889,43.77007],[-79.13891,43.77008],[-79.13892,43.77009],[-79.13893,43.7701],[-79.13894,43.77011],[-79.13894,43.77013],[-79.13893,43.77016],[-79.13867,43.77039],[-79.1387,43.77043],[-79.13879,43.7705],[-79.1389,43.77049],[-79.13897,43.77045],[-79.13907,43.77043],[-79.13918,43.77042],[-79.13929,43.77039],[-79.13943,43.77033],[-79.13972,43.77019],[-79.14005,43.76998],[-79.14018,43.76982],[-79.14046,43.7693],[-79.14048,43.76923],[-79.14052,43.76918],[-79.14056,43.76918],[-79.14062,43.7692],[-79.14057,43.76911],[-79.14055,43.7691],[-79.14039,43.76921],[-79.14038,43.76922],[-79.14035,43.76923],[-79.14033,43.76922],[-79.14031,43.76921],[-79.1403,43.7692],[-79.14029,43.76918],[-79.14029,43.76916],[-79.14087,43.76869],[-79.14089,43.76868],[-79.14095,43.76868],[-79.14096,43.76869],[-79.14098,43.76871],[-79.14098,43.76873],[-79.14097,43.76875],[-79.14074,43.76894],[-79.14085,43.76903],[-79.141,43.76909],[-79.14117,43.76912],[-79.14129,43.76912],[-79.14141,43.76911],[-79.14155,43.76909],[-79.14167,43.76906],[-79.14182,43.76899],[-79.142,43.7689],[-79.14213,43.7688],[-79.14234,43.76866],[-79.14244,43.76853],[-79.14257,43.7684],[-79.14271,43.76829],[-79.14281,43.76814],[-79.143,43.76804],[-79.14317,43.7679],[-79.14329,43.7678],[-79.14347,43.76765],[-79.14355,43.76755],[-79.14362,43.76748],[-79.14376,43.76742],[-79.1439,43.7673],[-79.14402,43.76719],[-79.14414,43.76701],[-79.1442,43.76696],[-79.14447,43.76676],[-79.14457,43.76669],[-79.14464,43.76665],[-79.14475,43.76659],[-79.14511,43.76637],[-79.14541,43.7662],[-79.14541,43.76618],[-79.14543,43.76616],[-79.14547,43.76613],[-79.14551,43.7661],[-79.14554,43.76607],[-79.14556,43.76605],[-79.14559,43.76602],[-79.14564,43.766],[-79.14568,43.76599],[-79.14573,43.76598],[-79.14579,43.76597],[-79.14584,43.76596],[-79.14606,43.7659],[-79.14616,43.76588],[-79.14622,43.76585],[-79.14628,43.76581],[-79.14635,43.76578],[-79.14641,43.76574],[-79.1465,43.76566],[-79.1466,43.76557],[-79.14673,43.76547],[-79.14682,43.76538],[-79.14692,43.76529],[-79.147,43.76524],[-79.14712,43.76512],[-79.14722,43.76503],[-79.14731,43.76492],[-79.14739,43.76479],[-79.14744,43.7647],[-79.14749,43.76466],[-79.14755,43.76462],[-79.1476,43.76459],[-79.14765,43.76452],[-79.14771,43.76442],[-79.14775,43.76438],[-79.14789,43.76425],[-79.14803,43.76411],[-79.14819,43.76397],[-79.14833,43.76382],[-79.14848,43.76367],[-79.14862,43.76355],[-79.14874,43.76342],[-79.14886,43.76327],[-79.149,43.76313],[-79.14913,43.76296],[-79.14914,43.76295],[-79.14933,43.76274],[-79.14942,43.76262],[-79.14949,43.76247],[-79.14966,43.76227],[-79.14982,43.76211],[-79.14994,43.762],[-79.15012,43.7618],[-79.15032,43.76155],[-79.15057,43.76132],[-79.15064,43.76119],[-79.15072,43.76108],[-79.15082,43.76097],[-79.15092,43.76085],[-79.15102,43.76073],[-79.15113,43.76061],[-79.15123,43.76049],[-79.15132,43.76037],[-79.15142,43.76027],[-79.15152,43.76015],[-79.15163,43.76005],[-79.15175,43.75996],[-79.15188,43.75989],[-79.15201,43.75981],[-79.15213,43.75974],[-79.15223,43.75966],[-79.15232,43.75959],[-79.15253,43.75946],[-79.15277,43.75928],[-79.15296,43.75919],[-79.15323,43.7591],[-79.15366,43.7591],[-79.15383,43.75908],[-79.15413,43.7591],[-79.15446,43.75909],[-79.15482,43.75911],[-79.15531,43.75913],[-79.15572,43.75912],[-79.15612,43.75907],[-79.15644,43.75905],[-79.15687,43.75902],[-79.1571,43.75898],[-79.15719,43.75891],[-79.15747,43.75891],[-79.15768,43.75889],[-79.15793,43.75885],[-79.15826,43.75878],[-79.15863,43.75874],[-79.15898,43.75869],[-79.15923,43.75862],[-79.15949,43.75856],[-79.15979,43.75851],[-79.16007,43.75845],[-79.16033,43.75831],[-79.16044,43.75826],[-79.16061,43.75822],[-79.16076,43.7582],[-79.16094,43.75817],[-79.16109,43.75813],[-79.16141,43.75805],[-79.16158,43.75803],[-79.16175,43.758],[-79.16192,43.75795],[-79.16208,43.75789],[-79.16224,43.75783],[-79.16241,43.75779],[-79.16256,43.75775],[-79.16272,43.75769],[-79.16286,43.75766],[-79.16304,43.75762],[-79.16318,43.75758],[-79.16335,43.75753],[-79.16351,43.75751],[-79.16369,43.75749],[-79.16386,43.75748],[-79.16403,43.75746],[-79.16421,43.75742],[-79.16439,43.75739],[-79.16457,43.75735],[-79.16475,43.75731],[-79.16492,43.75726],[-79.1651,43.75722],[-79.16528,43.75719],[-79.16546,43.75717],[-79.16563,43.75712],[-79.16599,43.75704],[-79.16617,43.757],[-79.16634,43.75697],[-79.16728,43.75683],[-79.16739,43.7568],[-79.16756,43.75674],[-79.16774,43.75666],[-79.16791,43.75658],[-79.16827,43.7564],[-79.16846,43.75633],[-79.16868,43.75627],[-79.16888,43.75622],[-79.16911,43.75615],[-79.16932,43.7561],[-79.16952,43.75604],[-79.16972,43.75597],[-79.16991,43.75593],[-79.17012,43.75586],[-79.17032,43.75579],[-79.17052,43.75571],[-79.17074,43.75563],[-79.17076,43.75563],[-79.17094,43.75557],[-79.17116,43.7555],[-79.17133,43.75539],[-79.17153,43.75531],[-79.17173,43.75525],[-79.17192,43.75518],[-79.17214,43.75511],[-79.17234,43.75504],[-79.17254,43.75495],[-79.17275,43.75487],[-79.17313,43.75479],[-79.17332,43.75473],[-79.17353,43.75467],[-79.17373,43.75458],[-79.17393,43.75451],[-79.17412,43.75444],[-79.1743,43.75436],[-79.1745,43.75429],[-79.17468,43.75422],[-79.17489,43.75415],[-79.17507,43.75408],[-79.17526,43.75399],[-79.17545,43.75391],[-79.17564,43.75382],[-79.17582,43.75374],[-79.17584,43.75373],[-79.17589,43.75367],[-79.17596,43.75361],[-79.17606,43.75354],[-79.17615,43.75349],[-79.17628,43.75342],[-79.17642,43.75333],[-79.17677,43.7531],[-79.17696,43.75299],[-79.1773,43.75282],[-79.17736,43.75276],[-79.17734,43.75274],[-79.1773,43.75272],[-79.17729,43.7527],[-79.17729,43.75269],[-79.17731,43.75268],[-79.17735,43.75268],[-79.17743,43.75272],[-79.17753,43.75272],[-79.17762,43.7527],[-79.17775,43.75268],[-79.17788,43.75263],[-79.17795,43.7526],[-79.17807,43.75254],[-79.17822,43.75246],[-79.1783,43.75238],[-79.17829,43.75236],[-79.17827,43.75234],[-79.17825,43.75231],[-79.17826,43.7523],[-79.17828,43.75229],[-79.1783,43.75229],[-79.17832,43.75231],[-79.17837,43.75234],[-79.17845,43.75236],[-79.17847,43.75237],[-79.1785,43.75238],[-79.17856,43.75239],[-79.17867,43.75239],[-79.17867,43.75235],[-79.17869,43.75231],[-79.17872,43.7523],[-79.17875,43.75228],[-79.17883,43.75225],[-79.17894,43.75221],[-79.17901,43.75218],[-79.17908,43.75213],[-79.17915,43.75208],[-79.17923,43.75202],[-79.17921,43.75194],[-79.17918,43.75189],[-79.1792,43.75188],[-79.17922,43.75187],[-79.17926,43.75187],[-79.17933,43.75186],[-79.17939,43.75186],[-79.17948,43.75184],[-79.17957,43.75181],[-79.17963,43.75177],[-79.17969,43.75173],[-79.17975,43.75168],[-79.17978,43.75165],[-79.17981,43.75161],[-79.1798,43.75159],[-79.17978,43.75158],[-79.17977,43.75158],[-79.17976,43.75157],[-79.17975,43.75155],[-79.17975,43.75151],[-79.18003,43.75133],[-79.18009,43.75131],[-79.18013,43.7513],[-79.18016,43.7513],[-79.18017,43.75131],[-79.18017,43.75133],[-79.18016,43.75134],[-79.18015,43.75134],[-79.18009,43.75137],[-79.18016,43.75139],[-79.18019,43.7514],[-79.1803,43.7514],[-79.18037,43.75138],[-79.18041,43.75137],[-79.18044,43.75136],[-79.18049,43.75134],[-79.18053,43.75131],[-79.18059,43.75127],[-79.18062,43.75125],[-79.18065,43.7512],[-79.18069,43.75115],[-79.18071,43.7511],[-79.18074,43.75102],[-79.18071,43.75102],[-79.18067,43.75101],[-79.18064,43.751],[-79.18062,43.75099],[-79.1806,43.75096],[-79.1806,43.75094],[-79.18061,43.75092],[-79.18064,43.7509],[-79.18067,43.75091],[-79.18072,43.75092],[-79.18077,43.7509],[-79.18084,43.75086],[-79.18101,43.75075],[-79.18119,43.75064],[-79.1813,43.75057],[-79.18141,43.7505],[-79.18151,43.75044],[-79.18167,43.75034],[-79.18177,43.75027],[-79.1819,43.75019],[-79.18203,43.75012],[-79.18221,43.75003],[-79.18238,43.74993],[-79.18252,43.74985],[-79.18271,43.74974],[-79.18291,43.74963],[-79.18311,43.74951],[-79.18328,43.74943],[-79.18347,43.74933],[-79.18367,43.74924],[-79.18387,43.74915],[-79.18408,43.74905],[-79.18428,43.74895],[-79.18448,43.74886],[-79.18467,43.74877],[-79.18486,43.74867],[-79.18505,43.74856],[-79.18524,43.74847],[-79.18541,43.74838],[-79.18558,43.7483],[-79.18568,43.74824],[-79.18573,43.74821],[-79.18575,43.7482],[-79.18577,43.74817],[-79.1858,43.74813],[-79.18584,43.74806],[-79.18591,43.74796],[-79.18598,43.74788],[-79.18606,43.74781],[-79.18614,43.74775],[-79.18623,43.7477],[-79.18635,43.74765],[-79.18648,43.74761],[-79.1867,43.74756],[-79.18693,43.74748],[-79.18709,43.74741],[-79.18718,43.74735],[-79.18732,43.74726],[-79.18766,43.74704],[-79.18782,43.74694],[-79.18799,43.74686],[-79.18804,43.74684],[-79.18806,43.74683],[-79.1881,43.74683],[-79.18813,43.74684],[-79.18816,43.74686],[-79.1882,43.74688],[-79.18822,43.74692],[-79.18823,43.74695],[-79.18821,43.74698],[-79.18818,43.747],[-79.18816,43.747],[-79.1881,43.74699],[-79.18807,43.74701],[-79.18789,43.7471],[-79.18784,43.74713],[-79.18778,43.74717],[-79.18771,43.74723],[-79.18768,43.74727],[-79.18766,43.7473],[-79.18769,43.74737],[-79.18782,43.74731],[-79.18791,43.74727],[-79.18805,43.7472],[-79.18816,43.74715],[-79.18825,43.7471],[-79.18836,43.74702],[-79.18851,43.74695],[-79.18863,43.74688],[-79.18869,43.74685],[-79.18877,43.74678],[-79.18887,43.74671],[-79.18897,43.74662],[-79.18907,43.74654],[-79.18916,43.74641],[-79.18927,43.74634],[-79.18935,43.74627],[-79.18952,43.74617],[-79.18953,43.74616],[-79.18954,43.74612],[-79.18954,43.74609],[-79.18953,43.74607],[-79.18952,43.74605],[-79.1895,43.74604],[-79.18947,43.74603],[-79.18947,43.74601],[-79.18948,43.746],[-79.18949,43.74598],[-79.18954,43.74597],[-79.18964,43.74593],[-79.18969,43.74592],[-79.18978,43.74587],[-79.18985,43.74578],[-79.18991,43.74573],[-79.19002,43.74565],[-79.19014,43.74556],[-79.19032,43.74549],[-79.19045,43.74541],[-79.19068,43.74518],[-79.19079,43.74507],[-79.19092,43.74497],[-79.19106,43.74486],[-79.19121,43.74474],[-79.19134,43.74461],[-79.19146,43.7445],[-79.19162,43.74439],[-79.19175,43.74432],[-79.19189,43.74418],[-79.19204,43.74407],[-79.19219,43.74396],[-79.19234,43.74384],[-79.19249,43.74373],[-79.19261,43.7436],[-79.19278,43.7435],[-79.19291,43.74339],[-79.19303,43.74335],[-79.19312,43.74327],[-79.19318,43.74322],[-79.19322,43.74318],[-79.19334,43.74306],[-79.19349,43.74295],[-79.19358,43.74289],[-79.19371,43.74281],[-79.19385,43.7427],[-79.19407,43.74257],[-79.19436,43.74231],[-79.19468,43.742],[-79.19496,43.74173],[-79.19503,43.74165],[-79.19507,43.74158],[-79.19513,43.74149],[-79.19522,43.74139],[-79.1953,43.74133],[-79.19536,43.7413],[-79.19541,43.74128],[-79.1955,43.74125],[-79.19553,43.74123],[-79.19556,43.74123],[-79.19559,43.74125],[-79.19562,43.74126],[-79.19568,43.74127],[-79.19575,43.74127],[-79.1958,43.74125],[-79.19584,43.74123],[-79.19589,43.74119],[-79.19595,43.74113],[-79.19604,43.74103],[-79.19613,43.74093],[-79.19626,43.7408],[-79.19637,43.7407],[-79.1964,43.74066],[-79.1965,43.74052],[-79.19657,43.74038],[-79.19665,43.74024],[-79.19677,43.74013],[-79.1969,43.73999],[-79.197,43.73985],[-79.19709,43.7397],[-79.1972,43.73955],[-79.19732,43.73941],[-79.19743,43.73928],[-79.19754,43.73914],[-79.19771,43.73903],[-79.19789,43.73892],[-79.19805,43.7388],[-79.19805,43.73879],[-79.19823,43.73867],[-79.1984,43.73856],[-79.19857,43.73844],[-79.19871,43.73833],[-79.19886,43.73823],[-79.19899,43.73813],[-79.19906,43.73807],[-79.1992,43.73797],[-79.19936,43.73786],[-79.19946,43.73778],[-79.19989,43.73749],[-79.19998,43.73744],[-79.20012,43.73732],[-79.2003,43.7372],[-79.20048,43.7371],[-79.20066,43.73697],[-79.20082,43.73684],[-79.20101,43.73673],[-79.20119,43.73661],[-79.20134,43.73647],[-79.20152,43.73635],[-79.20169,43.73622],[-79.20187,43.73609],[-79.20204,43.73598],[-79.20221,43.73584],[-79.20238,43.73573],[-79.20257,43.73565],[-79.20278,43.73558],[-79.20298,43.73553],[-79.2032,43.73547],[-79.2034,43.73541],[-79.20362,43.73534],[-79.20383,43.73528],[-79.20403,43.73522],[-79.20423,43.73516],[-79.20441,43.7351],[-79.2046,43.73503],[-79.20471,43.735],[-79.20488,43.73495],[-79.205,43.73491],[-79.20513,43.73488],[-79.20524,43.73484],[-79.2053,43.7348],[-79.20547,43.73471],[-79.20561,43.73462],[-79.20568,43.73456],[-79.20569,43.73455],[-79.2057,43.73453],[-79.20572,43.73448],[-79.20573,43.73446],[-79.20572,43.73444],[-79.20572,43.73442],[-79.20571,43.73441],[-79.2057,43.73438],[-79.2057,43.73436],[-79.20569,43.73435],[-79.20569,43.73432],[-79.2057,43.7343],[-79.20572,43.73426],[-79.20574,43.73425],[-79.20576,43.73424],[-79.20578,43.73423],[-79.20581,43.73422],[-79.20586,43.73422],[-79.20587,43.73423],[-79.20589,43.73424],[-79.20591,43.73426],[-79.20597,43.7343],[-79.206,43.73432],[-79.20602,43.73433],[-79.20608,43.73434],[-79.2062,43.73431],[-79.20643,43.73419],[-79.2066,43.73403],[-79.20677,43.73383],[-79.20681,43.73376],[-79.20683,43.73372],[-79.20686,43.73367],[-79.20686,43.73365],[-79.20684,43.73363],[-79.20683,43.7336],[-79.20681,43.73356],[-79.20678,43.7335],[-79.20679,43.73347],[-79.20679,43.73345],[-79.2068,43.73342],[-79.20682,43.73339],[-79.20684,43.73338],[-79.20687,43.73336],[-79.20691,43.73334],[-79.20695,43.73333],[-79.20703,43.73332],[-79.20706,43.73331],[-79.20709,43.73331],[-79.20713,43.73332],[-79.20714,43.73333],[-79.20718,43.73335],[-79.20722,43.73338],[-79.20728,43.73344],[-79.20738,43.73344],[-79.20743,43.73342],[-79.20749,43.7334],[-79.20754,43.73338],[-79.20759,43.73335],[-79.20768,43.73328],[-79.2078,43.73318],[-79.20785,43.73314],[-79.2079,43.73307],[-79.20794,43.733],[-79.20797,43.73295],[-79.20797,43.73291],[-79.20796,43.73289],[-79.2079,43.73285],[-79.20787,43.73283],[-79.20785,43.73281],[-79.20783,43.73278],[-79.20781,43.73275],[-79.2078,43.73274],[-79.20778,43.7327],[-79.20777,43.73269],[-79.20778,43.73267],[-79.20778,43.73266],[-79.20779,43.73264],[-79.20779,43.73262],[-79.20782,43.7326],[-79.20783,43.73259],[-79.20786,43.73258],[-79.20789,43.73256],[-79.20793,43.73255],[-79.208,43.73255],[-79.20804,43.73256],[-79.20807,43.73258],[-79.20813,43.73258],[-79.20821,43.73256],[-79.20833,43.73252],[-79.20844,43.73248],[-79.20851,43.73244],[-79.20862,43.73236],[-79.20872,43.73228],[-79.20879,43.73221],[-79.20886,43.73213],[-79.20891,43.73207],[-79.20893,43.73203],[-79.20896,43.73197],[-79.20899,43.73191],[-79.20898,43.7319],[-79.20896,43.73188],[-79.20894,43.73187],[-79.20892,43.73185],[-79.20889,43.73182],[-79.20887,43.7318],[-79.20885,43.73178],[-79.20884,43.73176],[-79.20883,43.73173],[-79.20884,43.73171],[-79.20885,43.73169],[-79.20886,43.73166],[-79.20888,43.73165],[-79.20892,43.73161],[-79.20895,43.7316],[-79.209,43.73158],[-79.20911,43.73158],[-79.20914,43.73159],[-79.20917,43.7316],[-79.20921,43.73163],[-79.20925,43.73165],[-79.20929,43.73166],[-79.20931,43.73166],[-79.20934,43.73165],[-79.20948,43.7316],[-79.20962,43.73154],[-79.20979,43.73144],[-79.20995,43.7313],[-79.21009,43.73111],[-79.21016,43.73093],[-79.21014,43.73087],[-79.21007,43.73078],[-79.21,43.73075],[-79.20994,43.73072],[-79.20989,43.7307],[-79.20985,43.73067],[-79.20981,43.73065],[-79.20978,43.73062],[-79.20977,43.73058],[-79.20976,43.73055],[-79.20976,43.73054],[-79.20977,43.7305],[-79.20979,43.73047],[-79.20981,43.73045],[-79.20985,43.73042],[-79.2099,43.7304],[-79.20994,43.73039],[-79.20998,43.7304],[-79.21003,43.73041],[-79.21005,43.73041],[-79.21007,43.73042],[-79.21011,43.73042],[-79.21012,43.73041],[-79.21014,43.7304],[-79.21017,43.73037],[-79.21019,43.73035],[-79.21019,43.73031],[-79.21018,43.73028],[-79.21018,43.73022],[-79.21019,43.7302],[-79.21019,43.73019],[-79.21024,43.73016],[-79.21027,43.73014],[-79.21031,43.73013],[-79.21034,43.73012],[-79.21036,43.73011],[-79.21041,43.73011],[-79.21043,43.73012],[-79.21046,43.73013],[-79.21049,43.73015],[-79.21051,43.73016],[-79.21057,43.73016],[-79.21062,43.73014],[-79.21074,43.7301],[-79.21081,43.73008],[-79.21088,43.73006],[-79.21094,43.73004],[-79.21104,43.72999],[-79.21111,43.72995],[-79.21115,43.72992],[-79.2112,43.72987],[-79.21125,43.72983],[-79.21131,43.72977],[-79.21136,43.7297],[-79.2114,43.72961],[-79.21143,43.72957],[-79.21141,43.72955],[-79.2114,43.72954],[-79.2114,43.72952],[-79.21138,43.72949],[-79.21137,43.72947],[-79.21137,43.72941],[-79.21138,43.7294],[-79.2114,43.72937],[-79.21142,43.72934],[-79.21148,43.7293],[-79.21151,43.72928],[-79.21154,43.72927],[-79.21158,43.72926],[-79.21163,43.72925],[-79.21171,43.72925],[-79.21175,43.72926],[-79.21177,43.72927],[-79.21178,43.72927],[-79.21196,43.72918],[-79.21199,43.72915],[-79.21206,43.72911],[-79.21212,43.72905],[-79.21217,43.72901],[-79.21222,43.72896],[-79.21225,43.72892],[-79.2123,43.72887],[-79.21232,43.72885],[-79.21238,43.72877],[-79.21242,43.72872],[-79.21244,43.72869],[-79.21249,43.72865],[-79.21252,43.72861],[-79.21254,43.72858],[-79.21256,43.72854],[-79.21257,43.72851],[-79.2126,43.72843],[-79.21263,43.72835],[-79.21268,43.72824],[-79.2127,43.72819],[-79.21273,43.72815],[-79.21276,43.72809],[-79.21279,43.72805],[-79.21287,43.72789],[-79.21291,43.72784],[-79.21297,43.72776],[-79.21301,43.7277],[-79.21309,43.72762],[-79.21314,43.72755],[-79.2132,43.72749],[-79.21325,43.72743],[-79.21332,43.72736],[-79.21323,43.72738],[-79.21319,43.7274],[-79.21316,43.72741],[-79.21314,43.72741],[-79.21313,43.72742],[-79.21312,43.72741],[-79.21311,43.72741],[-79.2131,43.7274],[-79.21309,43.7274],[-79.21309,43.72736],[-79.2131,43.72735],[-79.21311,43.72734],[-79.21314,43.72732],[-79.21322,43.7273],[-79.21337,43.72726],[-79.21343,43.72716],[-79.21347,43.7271],[-79.2135,43.72705],[-79.21356,43.72699],[-79.21365,43.7269],[-79.2137,43.72686],[-79.21376,43.72682],[-79.21381,43.72679],[-79.21388,43.72678],[-79.21397,43.72676],[-79.21399,43.72672],[-79.21386,43.72624],[-79.21391,43.72619],[-79.21395,43.72614],[-79.21401,43.72611],[-79.21405,43.72612],[-79.21407,43.72613],[-79.21407,43.72615],[-79.21408,43.72615],[-79.21408,43.72616],[-79.21407,43.72617],[-79.21403,43.72621],[-79.21398,43.72627],[-79.21401,43.72637],[-79.21414,43.72636],[-79.2142,43.72635],[-79.21425,43.72634],[-79.21429,43.72633],[-79.21434,43.72631],[-79.21438,43.72629],[-79.21441,43.72628],[-79.21444,43.72625],[-79.21449,43.72622],[-79.21461,43.72612],[-79.21467,43.72605],[-79.21474,43.72596],[-79.2148,43.72585],[-79.21489,43.72568],[-79.21495,43.72555],[-79.21499,43.72544],[-79.21502,43.72531],[-79.21503,43.72521],[-79.21502,43.72519],[-79.215,43.72516],[-79.21498,43.72515],[-79.21495,43.72513],[-79.21493,43.72513],[-79.21491,43.72514],[-79.21484,43.7252],[-79.21481,43.72521],[-79.21479,43.72521],[-79.21477,43.7252],[-79.21476,43.72519],[-79.21474,43.72517],[-79.21474,43.72513],[-79.21525,43.72466],[-79.2153,43.72466],[-79.21532,43.72467],[-79.21535,43.72469],[-79.21535,43.72471],[-79.21534,43.72472],[-79.21513,43.72493],[-79.2152,43.72496],[-79.21525,43.72498],[-79.21544,43.72498],[-79.21555,43.72497],[-79.21565,43.72493],[-79.21574,43.72487],[-79.21584,43.72479],[-79.21597,43.72465],[-79.21609,43.7245],[-79.21617,43.72437],[-79.21624,43.72422],[-79.2163,43.7241],[-79.21634,43.724],[-79.21635,43.72392],[-79.21637,43.72383],[-79.21634,43.72378],[-79.21623,43.72363],[-79.21617,43.7237],[-79.21611,43.72377],[-79.21608,43.72378],[-79.21602,43.72378],[-79.21599,43.72377],[-79.21597,43.72376],[-79.21596,43.72374],[-79.21596,43.72372],[-79.21597,43.7237],[-79.216,43.72367],[-79.21611,43.72358],[-79.21626,43.72344],[-79.21632,43.7234],[-79.21649,43.72322],[-79.21656,43.72322],[-79.21658,43.72323],[-79.21659,43.72324],[-79.21661,43.72326],[-79.21661,43.72327],[-79.2166,43.72329],[-79.21643,43.72345],[-79.21647,43.72346],[-79.21656,43.72348],[-79.21666,43.72349],[-79.21681,43.72343],[-79.21687,43.72338],[-79.21699,43.72327],[-79.21708,43.72316],[-79.21713,43.72307],[-79.21717,43.72296],[-79.21722,43.72288],[-79.2173,43.72274],[-79.21734,43.72263],[-79.21742,43.72245],[-79.21745,43.72236],[-79.21745,43.72221],[-79.21742,43.72215],[-79.21736,43.72211],[-79.21727,43.72218],[-79.21719,43.72225],[-79.21714,43.72225],[-79.21708,43.72222],[-79.21708,43.7222],[-79.21709,43.72217],[-79.21712,43.72214],[-79.2172,43.72207],[-79.2175,43.72179],[-79.21761,43.7217],[-79.21765,43.72168],[-79.21768,43.72169],[-79.21771,43.72171],[-79.21772,43.72173],[-79.21772,43.72175],[-79.21769,43.72178],[-79.21805,43.72193],[-79.21809,43.72189],[-79.21815,43.72183],[-79.21817,43.72181],[-79.21821,43.72181],[-79.21824,43.72182],[-79.21826,43.72184],[-79.21827,43.72187],[-79.21823,43.72191],[-79.21819,43.72199],[-79.21844,43.72209],[-79.21862,43.72217],[-79.21877,43.72225],[-79.21886,43.72221],[-79.21897,43.72218],[-79.21905,43.72214],[-79.21913,43.72209],[-79.21919,43.72206],[-79.21924,43.72203],[-79.21931,43.72198],[-79.2194,43.72192],[-79.21945,43.72189],[-79.21952,43.72184],[-79.2196,43.72175],[-79.2197,43.72166],[-79.21977,43.7216],[-79.21984,43.72156],[-79.21992,43.72151],[-79.22005,43.72141],[-79.22015,43.72133],[-79.22018,43.72129],[-79.2202,43.72127],[-79.22026,43.72127],[-79.22029,43.72126],[-79.22031,43.72123],[-79.22035,43.72119],[-79.22041,43.72116],[-79.22046,43.72113],[-79.22051,43.72109],[-79.22053,43.72106],[-79.22055,43.72103],[-79.22057,43.72101],[-79.22063,43.72097],[-79.22068,43.72092],[-79.22074,43.72087],[-79.22079,43.72084],[-79.2208,43.7208],[-79.22084,43.72076],[-79.22091,43.72071],[-79.22093,43.72066],[-79.22096,43.72063],[-79.22113,43.72052],[-79.22118,43.72046],[-79.22127,43.72037],[-79.22134,43.72034],[-79.22142,43.72031],[-79.22146,43.72026],[-79.22151,43.72021],[-79.22158,43.72015],[-79.22165,43.72011],[-79.22169,43.72006],[-79.22173,43.72],[-79.22177,43.71994],[-79.22183,43.71984],[-79.22187,43.71975],[-79.22194,43.7197],[-79.22202,43.71963],[-79.22211,43.71954],[-79.22224,43.71944],[-79.22233,43.7194],[-79.2224,43.71933],[-79.22249,43.71923],[-79.22258,43.71914],[-79.2228,43.71892],[-79.22295,43.71877],[-79.2232,43.71849],[-79.22339,43.71822],[-79.22355,43.71803],[-79.22366,43.7178],[-79.22387,43.71746],[-79.22409,43.71706],[-79.22419,43.71677],[-79.2244,43.7164],[-79.22457,43.71608],[-79.22475,43.7156],[-79.22495,43.71526],[-79.2251,43.71498],[-79.22523,43.71478],[-79.22534,43.71457],[-79.22542,43.71438],[-79.22551,43.71418],[-79.22553,43.71402],[-79.22559,43.71389],[-79.22564,43.71378],[-79.22567,43.71364],[-79.22573,43.71348],[-79.22579,43.71329],[-79.22586,43.71314],[-79.22592,43.71301],[-79.22597,43.71289],[-79.22597,43.71276],[-79.22601,43.71269],[-79.22598,43.71268],[-79.22582,43.71259],[-79.22567,43.71255],[-79.22559,43.71257],[-79.22555,43.71259],[-79.22552,43.71258],[-79.22547,43.71258],[-79.22543,43.71256],[-79.2254,43.71255],[-79.22537,43.71253],[-79.22532,43.71251],[-79.22527,43.71248],[-79.22525,43.71245],[-79.22521,43.7124],[-79.22521,43.71233],[-79.22522,43.7123],[-79.22524,43.71228],[-79.22526,43.71225],[-79.2253,43.71222],[-79.22535,43.7122],[-79.2254,43.71219],[-79.22546,43.71218],[-79.22553,43.71217],[-79.22559,43.71218],[-79.22564,43.7121],[-79.22572,43.71198],[-79.22578,43.71183],[-79.22578,43.7117],[-79.22568,43.71159],[-79.22554,43.71149],[-79.22541,43.7114],[-79.22526,43.71127],[-79.2251,43.71118],[-79.2251,43.71117],[-79.22507,43.71115],[-79.22505,43.71113],[-79.22504,43.71111],[-79.22503,43.71109],[-79.22502,43.71106],[-79.22502,43.71103],[-79.22503,43.71102],[-79.22503,43.71094],[-79.22504,43.71092],[-79.22505,43.7109],[-79.22507,43.71088],[-79.2251,43.71086],[-79.22513,43.71083],[-79.22516,43.71081],[-79.2252,43.7108],[-79.22522,43.71078],[-79.22525,43.71077],[-79.22534,43.71077],[-79.22541,43.71076],[-79.22548,43.71076],[-79.22552,43.71075],[-79.22556,43.71074],[-79.22559,43.71072],[-79.22563,43.71068],[-79.22568,43.71062],[-79.22572,43.71053],[-79.22576,43.71045],[-79.22624,43.70949],[-79.22647,43.70891],[-79.22649,43.70887],[-79.22651,43.70882],[-79.22649,43.70878],[-79.22649,43.70873],[-79.22647,43.70869],[-79.22646,43.70864],[-79.22644,43.70859],[-79.22641,43.70855],[-79.22639,43.70851],[-79.22637,43.70849],[-79.22634,43.70848],[-79.22632,43.70847],[-79.2263,43.70845],[-79.22627,43.70843],[-79.22618,43.70843],[-79.22612,43.7084],[-79.22607,43.70836],[-79.22604,43.70834],[-79.22604,43.70832],[-79.22603,43.7083],[-79.22601,43.7083],[-79.226,43.70829],[-79.22598,43.70828],[-79.22598,43.70827],[-79.22597,43.70825],[-79.22594,43.70824],[-79.22592,43.70822],[-79.22591,43.7082],[-79.22589,43.70818],[-79.22587,43.70816],[-79.22587,43.70808],[-79.22585,43.70804],[-79.22584,43.708],[-79.22584,43.70795],[-79.22586,43.70792],[-79.22586,43.70789],[-79.22587,43.70783],[-79.22588,43.7078],[-79.2259,43.70778],[-79.22592,43.70774],[-79.22593,43.70769],[-79.22593,43.70758],[-79.22596,43.70747],[-79.22598,43.70744],[-79.226,43.70743],[-79.22601,43.70742],[-79.22601,43.70738],[-79.22602,43.70736],[-79.22603,43.70734],[-79.22604,43.70733],[-79.22604,43.70731],[-79.22607,43.7073],[-79.22609,43.70729],[-79.22612,43.70727],[-79.22615,43.70726],[-79.22623,43.70726],[-79.22624,43.70727],[-79.22626,43.70728],[-79.22627,43.7073],[-79.22629,43.70731],[-79.22629,43.70733],[-79.22631,43.70737],[-79.22633,43.70741],[-79.22634,43.70746],[-79.22637,43.70755],[-79.22638,43.70764],[-79.22642,43.7078],[-79.22643,43.70793],[-79.22652,43.70805],[-79.22668,43.7081],[-79.22687,43.70812],[-79.22705,43.70812],[-79.22724,43.70813],[-79.22744,43.70812],[-79.22752,43.70811],[-79.22771,43.7081],[-79.22787,43.7081],[-79.22791,43.70811],[-79.22794,43.70811],[-79.22797,43.70813],[-79.228,43.70815],[-79.22803,43.70816],[-79.22805,43.70819],[-79.22806,43.70821],[-79.22807,43.70824],[-79.22807,43.70833],[-79.22806,43.70836],[-79.22805,43.70838],[-79.22803,43.7084],[-79.22801,43.70842],[-79.22795,43.70845],[-79.22786,43.70847],[-79.22769,43.70853],[-79.22764,43.70854],[-79.22748,43.7086],[-79.22733,43.70868],[-79.2272,43.70877],[-79.2271,43.70888],[-79.22705,43.70902],[-79.22701,43.70916],[-79.22695,43.70931],[-79.22689,43.70945],[-79.22682,43.70959],[-79.22675,43.70974],[-79.2267,43.70989],[-79.22664,43.71005],[-79.22662,43.71013],[-79.22663,43.71015],[-79.22663,43.71018],[-79.22661,43.71022],[-79.22659,43.71026],[-79.22657,43.71034],[-79.22656,43.71035],[-79.22656,43.71039],[-79.22654,43.71043],[-79.22652,43.71049],[-79.2265,43.71056],[-79.22648,43.71063],[-79.22647,43.71064],[-79.22646,43.71065],[-79.22645,43.71066],[-79.22641,43.71069],[-79.22642,43.71071],[-79.22642,43.71079],[-79.22641,43.71081],[-79.22633,43.71111],[-79.22631,43.71119],[-79.22633,43.7112],[-79.22634,43.71122],[-79.22633,43.71124],[-79.22633,43.71125],[-79.22634,43.71129],[-79.22634,43.71131],[-79.22635,43.71132],[-79.22637,43.71138],[-79.22638,43.7114],[-79.22638,43.71146],[-79.2264,43.71149],[-79.2264,43.71152],[-79.22641,43.71156],[-79.22645,43.71174],[-79.22643,43.71174],[-79.22643,43.71185],[-79.22641,43.71187],[-79.2264,43.71189],[-79.2264,43.71191],[-79.22639,43.71194],[-79.2264,43.71198],[-79.22641,43.71199],[-79.22642,43.71202],[-79.22642,43.71209],[-79.22644,43.71212],[-79.22648,43.71215],[-79.22649,43.71217],[-79.2265,43.71221],[-79.22652,43.71224],[-79.22656,43.71228],[-79.22659,43.71231],[-79.2266,43.71235],[-79.22661,43.71236],[-79.22667,43.7124],[-79.22676,43.71242],[-79.22688,43.71245],[-79.22701,43.71247],[-79.22713,43.7125],[-79.22725,43.71252],[-79.22734,43.71253],[-79.22745,43.71255],[-79.22759,43.71257],[-79.22775,43.71259],[-79.22786,43.71261],[-79.22817,43.71265],[-79.22828,43.71266],[-79.22837,43.71267],[-79.22864,43.71267],[-79.22878,43.71266],[-79.22882,43.71265],[-79.22903,43.71263],[-79.2291,43.71262],[-79.22922,43.7126],[-79.22929,43.71259],[-79.22936,43.71257],[-79.22944,43.71255],[-79.2295,43.71253],[-79.22955,43.71251],[-79.22959,43.71249],[-79.22962,43.71246],[-79.22968,43.71243],[-79.22975,43.71238],[-79.22981,43.71233],[-79.22984,43.7123],[-79.22994,43.71221],[-79.22999,43.71216],[-79.23004,43.71211],[-79.23007,43.71207],[-79.23012,43.71201],[-79.23015,43.71197],[-79.23022,43.7119],[-79.2303,43.71181],[-79.23032,43.71179],[-79.23042,43.71166],[-79.23052,43.71153],[-79.23054,43.71149],[-79.23057,43.71141],[-79.23059,43.71135],[-79.23059,43.71125],[-79.23057,43.71118],[-79.23056,43.71111],[-79.23053,43.71103],[-79.2305,43.71097],[-79.23044,43.71084],[-79.23038,43.71073],[-79.23038,43.71072],[-79.23029,43.71063],[-79.23023,43.71057],[-79.2302,43.71054],[-79.23015,43.71049],[-79.23012,43.71047],[-79.2301,43.71045],[-79.2301,43.71042],[-79.23012,43.7104],[-79.23001,43.71034],[-79.23,43.71036],[-79.22998,43.71037],[-79.22992,43.71037],[-79.22989,43.71036],[-79.22981,43.71033],[-79.22975,43.71032],[-79.22962,43.71032],[-79.22957,43.71031],[-79.22957,43.71033],[-79.22949,43.71033],[-79.22939,43.71031],[-79.22933,43.71031],[-79.22928,43.71033],[-79.2292,43.71041],[-79.22918,43.71046],[-79.22915,43.71051],[-79.22914,43.71055],[-79.22913,43.71063],[-79.22913,43.71066],[-79.22914,43.7107],[-79.22915,43.71072],[-79.22915,43.71076],[-79.22916,43.71082],[-79.22918,43.71093],[-79.2292,43.71107],[-79.22921,43.71119],[-79.22923,43.71133],[-79.22923,43.71166],[-79.2292,43.71169],[-79.22918,43.71172],[-79.22917,43.71174],[-79.22913,43.71175],[-79.22907,43.71177],[-79.22905,43.71177],[-79.229,43.71176],[-79.22894,43.71175],[-79.22891,43.71173],[-79.22888,43.71171],[-79.22881,43.71172],[-79.22873,43.71174],[-79.22869,43.71174],[-79.22858,43.71175],[-79.22841,43.71177],[-79.22825,43.71178],[-79.22821,43.71178],[-79.22814,43.71177],[-79.2281,43.71177],[-79.22793,43.71174],[-79.22767,43.71169],[-79.22763,43.71169],[-79.22748,43.71166],[-79.22746,43.71166],[-79.22736,43.71164],[-79.22732,43.71163],[-79.22728,43.71161],[-79.22723,43.71159],[-79.2272,43.71152],[-79.22719,43.71148],[-79.22718,43.71145],[-79.22718,43.71139],[-79.2272,43.71136],[-79.2272,43.71134],[-79.22722,43.71131],[-79.22728,43.71123],[-79.22731,43.7112],[-79.2276,43.7112],[-79.22762,43.71119],[-79.22766,43.71118],[-79.22773,43.71116],[-79.22781,43.71114],[-79.22788,43.71112],[-79.2279,43.71111],[-79.22793,43.7111],[-79.22795,43.71109],[-79.22804,43.71107],[-79.22804,43.71103],[-79.22805,43.71099],[-79.22804,43.71096],[-79.22813,43.71095],[-79.22821,43.71095],[-79.22822,43.71094],[-79.22823,43.71094],[-79.22823,43.71093],[-79.22823,43.71091],[-79.22822,43.71091],[-79.22822,43.7109],[-79.22817,43.71091],[-79.22808,43.71091],[-79.22804,43.71092],[-79.22804,43.7109],[-79.22803,43.71087],[-79.22803,43.71071],[-79.22802,43.71063],[-79.22803,43.71053],[-79.22803,43.71046],[-79.22806,43.71041],[-79.22808,43.71034],[-79.22812,43.71025],[-79.2282,43.71011],[-79.22824,43.71005],[-79.2283,43.70997],[-79.22824,43.70994],[-79.22821,43.7099],[-79.22813,43.70984],[-79.22803,43.70977],[-79.22798,43.70975],[-79.22793,43.70972],[-79.22787,43.70968],[-79.22783,43.70965],[-79.22781,43.70963],[-79.2278,43.7096],[-79.2278,43.7095],[-79.22783,43.70946],[-79.22785,43.70941],[-79.2279,43.70935],[-79.22793,43.70932],[-79.22797,43.70929],[-79.228,43.70928],[-79.22805,43.70926],[-79.22816,43.70926],[-79.22821,43.70928],[-79.22827,43.7093],[-79.22836,43.70934],[-79.22845,43.70937],[-79.22852,43.7094],[-79.22859,43.70943],[-79.22868,43.70947],[-79.22878,43.70951],[-79.22886,43.70955],[-79.22891,43.70958],[-79.22895,43.7096],[-79.22903,43.70965],[-79.22905,43.70964],[-79.22909,43.70961],[-79.22914,43.70964],[-79.22916,43.70963],[-79.22917,43.70964],[-79.2292,43.70961],[-79.22921,43.70962],[-79.22924,43.7096],[-79.22929,43.70956],[-79.22934,43.70951],[-79.22938,43.70948],[-79.22938,43.70947],[-79.22941,43.70944],[-79.22943,43.70943],[-79.22945,43.70941],[-79.22949,43.70937],[-79.22952,43.70935],[-79.22953,43.70935],[-79.22956,43.70933],[-79.22962,43.70927],[-79.22963,43.70926],[-79.22963,43.70921],[-79.22966,43.70918],[-79.22963,43.70918],[-79.22963,43.70916],[-79.22961,43.70912],[-79.22959,43.7091],[-79.22957,43.70908],[-79.22956,43.70906],[-79.22952,43.70904],[-79.22951,43.70902],[-79.2295,43.70902],[-79.22946,43.70899],[-79.22944,43.70897],[-79.22938,43.70893],[-79.22935,43.7089],[-79.22933,43.70889],[-79.22931,43.70888],[-79.22929,43.70887],[-79.22928,43.70886],[-79.22923,43.70883],[-79.22919,43.70881],[-79.22915,43.7088],[-79.22909,43.7088],[-79.22906,43.70881],[-79.22903,43.70883],[-79.22899,43.70886],[-79.22889,43.70892],[-79.22879,43.70899],[-79.22869,43.70904],[-79.22866,43.70905],[-79.22864,43.70905],[-79.22861,43.70906],[-79.22859,43.70907],[-79.22853,43.70907],[-79.22851,43.70906],[-79.22848,43.70906],[-79.22846,43.70904],[-79.22846,43.70903],[-79.22845,43.70902],[-79.22845,43.70896],[-79.22846,43.70895],[-79.22846,43.70893],[-79.22847,43.70892],[-79.22848,43.7089],[-79.22849,43.70889],[-79.2285,43.70888],[-79.2285,43.70886],[-79.22849,43.70885],[-79.22849,43.70884],[-79.22847,43.70883],[-79.22846,43.70882],[-79.22844,43.7088],[-79.22843,43.70879],[-79.22844,43.70878],[-79.22844,43.70877],[-79.22848,43.70877],[-79.2285,43.70878],[-79.22855,43.70878],[-79.22857,43.70879],[-79.22861,43.70878],[-79.22864,43.70878],[-79.22867,43.70877],[-79.22869,43.70876],[-79.22874,43.70875],[-79.22878,43.70873],[-79.22883,43.70871],[-79.22888,43.70869],[-79.22893,43.70866],[-79.22898,43.70863],[-79.22904,43.7086],[-79.2291,43.70856],[-79.22913,43.70853],[-79.22919,43.7085],[-79.22922,43.70847],[-79.22925,43.70844],[-79.22928,43.70841],[-79.22933,43.70836],[-79.22935,43.70833],[-79.22937,43.70829],[-79.22939,43.70825],[-79.22946,43.70812],[-79.2295,43.70804],[-79.22951,43.70798],[-79.22953,43.70792],[-79.22954,43.70784],[-79.22955,43.70779],[-79.22954,43.70778],[-79.22953,43.70776],[-79.22951,43.70775],[-79.22951,43.70772],[-79.22952,43.70772],[-79.22953,43.70771],[-79.22956,43.70771],[-79.22959,43.70772],[-79.22965,43.70773],[-79.2297,43.70774],[-79.22973,43.70775],[-79.22977,43.70775],[-79.22979,43.70776],[-79.2298,43.70777],[-79.2298,43.70778],[-79.22981,43.7078],[-79.22981,43.70782],[-79.22982,43.70785],[-79.22982,43.70794],[-79.2298,43.70808],[-79.22978,43.70827],[-79.22981,43.70828],[-79.22982,43.70831],[-79.2298,43.70842],[-79.22982,43.70844],[-79.22991,43.70846],[-79.2299,43.70848],[-79.23007,43.70852],[-79.23024,43.70855],[-79.23025,43.70856],[-79.2303,43.70857],[-79.23034,43.70858],[-79.23038,43.70859],[-79.23041,43.7086],[-79.23046,43.70862],[-79.23049,43.70863],[-79.23052,43.70864],[-79.23064,43.70868],[-79.23073,43.70871],[-79.23075,43.70872],[-79.23078,43.70873],[-79.2308,43.70874],[-79.23083,43.70875],[-79.2309,43.70878],[-79.23092,43.70878],[-79.23094,43.70879],[-79.23101,43.70879],[-79.23103,43.70878],[-79.23105,43.70878],[-79.23108,43.70877],[-79.23111,43.70876],[-79.23113,43.70874],[-79.23115,43.70873],[-79.23117,43.70872],[-79.23119,43.7087],[-79.2312,43.70869],[-79.2312,43.70867],[-79.23121,43.70866],[-79.23123,43.70861],[-79.23124,43.70856],[-79.23126,43.70853],[-79.23127,43.70851],[-79.23129,43.70849],[-79.2313,43.70847],[-79.23133,43.70846],[-79.23135,43.70845],[-79.23138,43.70844],[-79.2314,43.70843],[-79.23159,43.70843],[-79.23162,43.70844],[-79.23167,43.70845],[-79.23172,43.70846],[-79.23174,43.70847],[-79.2318,43.70844],[-79.23187,43.70852],[-79.23184,43.70863],[-79.23184,43.70865],[-79.23179,43.70865],[-79.23177,43.70871],[-79.23177,43.70872],[-79.23173,43.70883],[-79.2317,43.70892],[-79.23167,43.70902],[-79.23165,43.70906],[-79.23163,43.70911],[-79.23159,43.70918],[-79.23155,43.70925],[-79.23151,43.70931],[-79.23148,43.70936],[-79.23144,43.70941],[-79.23136,43.7095],[-79.2313,43.70955],[-79.23123,43.7096],[-79.23116,43.70963],[-79.23109,43.70966],[-79.23099,43.70969],[-79.23091,43.7097],[-79.23083,43.70973],[-79.23074,43.70975],[-79.23064,43.70979],[-79.23055,43.70981],[-79.23046,43.70985],[-79.23033,43.70989],[-79.23025,43.70993],[-79.23023,43.70995],[-79.23022,43.70997],[-79.23021,43.70998],[-79.2302,43.70999],[-79.23018,43.71],[-79.23015,43.71006],[-79.23014,43.71007],[-79.23014,43.71015],[-79.23013,43.71018],[-79.23011,43.71022],[-79.23009,43.71024],[-79.23007,43.71026],[-79.23017,43.71032],[-79.2302,43.7103],[-79.23022,43.71029],[-79.23024,43.71028],[-79.23027,43.71028],[-79.23029,43.71029],[-79.23031,43.7103],[-79.23034,43.71032],[-79.2304,43.71036],[-79.23045,43.7104],[-79.23049,43.71043],[-79.23054,43.71047],[-79.23058,43.71049],[-79.23064,43.71052],[-79.23068,43.71054],[-79.23074,43.71055],[-79.23078,43.71057],[-79.23084,43.71058],[-79.23089,43.71059],[-79.23097,43.7106],[-79.23116,43.7106],[-79.23119,43.71059],[-79.23123,43.71059],[-79.23128,43.71057],[-79.23132,43.71056],[-79.23138,43.71053],[-79.23146,43.7105],[-79.23154,43.71047],[-79.23159,43.71045],[-79.23163,43.71042],[-79.23178,43.71035],[-79.23184,43.71031],[-79.23187,43.71029],[-79.23194,43.71024],[-79.23203,43.71018],[-79.23216,43.7101],[-79.23228,43.71003],[-79.23237,43.70996],[-79.23242,43.70993],[-79.23248,43.70989],[-79.23253,43.70984],[-79.23258,43.7098],[-79.23268,43.7097],[-79.23275,43.70963],[-79.23282,43.70954],[-79.23293,43.70943],[-79.23299,43.70936],[-79.233,43.70935],[-79.23302,43.70933],[-79.23306,43.70929],[-79.23308,43.70926],[-79.23309,43.70924],[-79.2331,43.70922],[-79.2331,43.70917],[-79.23309,43.70916],[-79.23308,43.70914],[-79.23306,43.70915],[-79.23305,43.70913],[-79.23304,43.70913],[-79.23298,43.70904],[-79.23306,43.70895],[-79.23309,43.70891],[-79.23311,43.70889],[-79.23313,43.70886],[-79.23316,43.7088],[-79.23317,43.70879],[-79.23318,43.70874],[-79.23319,43.70866],[-79.2332,43.70863],[-79.23322,43.70863],[-79.23327,43.70851],[-79.23333,43.70835],[-79.23323,43.70832],[-79.23324,43.70828],[-79.23316,43.70827],[-79.23321,43.70814],[-79.23325,43.70805],[-79.23327,43.70801],[-79.23332,43.70788],[-79.23335,43.70779],[-79.2334,43.70768],[-79.23344,43.70759],[-79.23335,43.70754],[-79.23309,43.70741],[-79.23272,43.70721],[-79.23247,43.70707],[-79.23213,43.70688],[-79.23182,43.7067],[-79.23169,43.70668],[-79.23164,43.70667],[-79.2316,43.70666],[-79.2315,43.70664],[-79.23146,43.70664],[-79.23146,43.70662],[-79.23136,43.70662],[-79.23131,43.70663],[-79.23124,43.70664],[-79.23118,43.70665],[-79.23116,43.70665],[-79.23113,43.70663],[-79.2311,43.70663],[-79.23109,43.70662],[-79.23108,43.70662],[-79.23108,43.70658],[-79.23107,43.70655],[-79.23106,43.70654],[-79.23106,43.70651],[-79.23105,43.70649],[-79.23105,43.70647],[-79.23106,43.70646],[-79.23106,43.70645],[-79.23109,43.70642],[-79.23097,43.70636],[-79.23088,43.70632],[-79.23076,43.70627],[-79.23066,43.70623],[-79.23054,43.70618],[-79.23042,43.70613],[-79.23028,43.70607],[-79.23014,43.70601],[-79.22993,43.70592],[-79.22982,43.70587],[-79.2298,43.70588],[-79.22959,43.70592],[-79.22955,43.70598],[-79.22951,43.70597],[-79.22948,43.70602],[-79.22942,43.70609],[-79.2293,43.70627],[-79.22913,43.70647],[-79.22902,43.70663],[-79.22895,43.70672],[-79.22886,43.70682],[-79.22876,43.70695],[-79.22866,43.70708],[-79.22863,43.70714],[-79.22861,43.70718],[-79.22861,43.7072],[-79.22862,43.70721],[-79.22862,43.70722],[-79.22863,43.70725],[-79.22864,43.70727],[-79.22865,43.7073],[-79.22866,43.70733],[-79.22866,43.70738],[-79.22864,43.7074],[-79.22862,43.70742],[-79.22858,43.70744],[-79.22855,43.70744],[-79.22852,43.70743],[-79.22848,43.70743],[-79.22844,43.70742],[-79.22839,43.70741],[-79.22836,43.70739],[-79.22833,43.70736],[-79.2283,43.70734],[-79.22824,43.70732],[-79.22819,43.70731],[-79.22801,43.70731],[-79.22799,43.70733],[-79.22796,43.70734],[-79.22794,43.70735],[-79.2279,43.70736],[-79.22785,43.70737],[-79.22782,43.70737],[-79.22775,43.70738],[-79.22771,43.70738],[-79.22768,43.70739],[-79.22762,43.70739],[-79.22759,43.70738],[-79.22755,43.70734],[-79.22753,43.70731],[-79.22753,43.70728],[-79.22754,43.70726],[-79.22756,43.70723],[-79.22758,43.70721],[-79.2276,43.70719],[-79.22763,43.70716],[-79.22767,43.70713],[-79.22772,43.70711],[-79.22778,43.70709],[-79.22786,43.70706],[-79.22792,43.70705],[-79.22806,43.70705],[-79.22814,43.70704],[-79.22817,43.70703],[-79.22823,43.70701],[-79.22828,43.70699],[-79.22834,43.70698],[-79.2284,43.70695],[-79.22844,43.70692],[-79.22846,43.70688],[-79.22849,43.70682],[-79.22853,43.70674],[-79.22856,43.70669],[-79.22862,43.7066],[-79.22872,43.70644],[-79.22887,43.7062],[-79.22897,43.70607],[-79.22903,43.706],[-79.22909,43.70591],[-79.22915,43.70585],[-79.22916,43.70578],[-79.22919,43.7057],[-79.22922,43.70564],[-79.22924,43.70557],[-79.22924,43.70553],[-79.22921,43.70549],[-79.22919,43.70543],[-79.22916,43.70534],[-79.22915,43.70532],[-79.22911,43.70523],[-79.2291,43.70521],[-79.22908,43.70518],[-79.22905,43.70513],[-79.22903,43.70511],[-79.229,43.7051],[-79.22898,43.70508],[-79.22896,43.70505],[-79.22892,43.705],[-79.2289,43.70497],[-79.22889,43.70493],[-79.22889,43.70486],[-79.2289,43.70482],[-79.22891,43.7048],[-79.22892,43.70477],[-79.22894,43.70475],[-79.22896,43.70474],[-79.22899,43.70472],[-79.22902,43.7047],[-79.22906,43.70469],[-79.2291,43.70468],[-79.22918,43.70468],[-79.22919,43.70469],[-79.22922,43.70471],[-79.22925,43.70472],[-79.22929,43.70474],[-79.22932,43.70476],[-79.22936,43.70478],[-79.2294,43.70482],[-79.22944,43.70485],[-79.2295,43.70488],[-79.22954,43.70489],[-79.22962,43.70492],[-79.22969,43.70496],[-79.22979,43.70498],[-79.22982,43.70501],[-79.22985,43.70504],[-79.22988,43.70506],[-79.22992,43.7051],[-79.22995,43.70512],[-79.22999,43.70513],[-79.23003,43.70515],[-79.23009,43.70516],[-79.23014,43.70517],[-79.23019,43.70518],[-79.23026,43.7052],[-79.23033,43.70522],[-79.2304,43.70524],[-79.2305,43.70525],[-79.23055,43.70526],[-79.2306,43.70527],[-79.23065,43.70528],[-79.23073,43.7053],[-79.2308,43.70532],[-79.23088,43.70533],[-79.23096,43.70535],[-79.23105,43.70536],[-79.23121,43.70536],[-79.23134,43.70535],[-79.23141,43.70534],[-79.23148,43.70533],[-79.23155,43.7053],[-79.23161,43.70527],[-79.23164,43.70522],[-79.23167,43.70519],[-79.23169,43.70517],[-79.2317,43.70515],[-79.2317,43.70512],[-79.23173,43.70511],[-79.23175,43.7051],[-79.23176,43.70509],[-79.23176,43.70506],[-79.23177,43.70504],[-79.23179,43.70501],[-79.23184,43.70497],[-79.23188,43.70493],[-79.23194,43.70489],[-79.23197,43.70488],[-79.23201,43.70486],[-79.23203,43.70485],[-79.23213,43.70485],[-79.23217,43.70484],[-79.23223,43.70484],[-79.23228,43.70486],[-79.23231,43.70487],[-79.23233,43.70489],[-79.23233,43.70493],[-79.23234,43.70494],[-79.23235,43.70495],[-79.23235,43.70497],[-79.23236,43.70499],[-79.23236,43.70501],[-79.23237,43.70505],[-79.23237,43.70507],[-79.23234,43.70513],[-79.23233,43.70515],[-79.23233,43.70516],[-79.23234,43.70518],[-79.23236,43.70519],[-79.23238,43.70518],[-79.23239,43.70518],[-79.2324,43.70519],[-79.23242,43.7052],[-79.23243,43.70522],[-79.23245,43.70523],[-79.23248,43.70525],[-79.23251,43.70527],[-79.23253,43.70528],[-79.23256,43.70529],[-79.2326,43.7053],[-79.23262,43.70531],[-79.23264,43.70531],[-79.23267,43.70532],[-79.2327,43.70533],[-79.23278,43.70533],[-79.23281,43.70532],[-79.23286,43.70531],[-79.2329,43.7053],[-79.23295,43.70529],[-79.23302,43.70528],[-79.23306,43.70527],[-79.23315,43.70527],[-79.23318,43.70528],[-79.23324,43.70528],[-79.23327,43.7053],[-79.23329,43.70532],[-79.23331,43.70533],[-79.23331,43.70542],[-79.2333,43.70543],[-79.23329,43.70546],[-79.23329,43.70547],[-79.23327,43.70549],[-79.23326,43.70551],[-79.23323,43.70553],[-79.2332,43.70554],[-79.23317,43.70555],[-79.23313,43.70556],[-79.23311,43.70556],[-79.23308,43.70557],[-79.23305,43.70557],[-79.23302,43.70559],[-79.23299,43.70562],[-79.23297,43.70564],[-79.23296,43.70565],[-79.23296,43.70569],[-79.23297,43.70571],[-79.23298,43.70573],[-79.23299,43.70574],[-79.23302,43.70576],[-79.23305,43.70578],[-79.23308,43.7058],[-79.2331,43.70581],[-79.23311,43.70583],[-79.23311,43.70587],[-79.2331,43.70588],[-79.23307,43.7059],[-79.23304,43.70591],[-79.23302,43.70591],[-79.23298,43.70593],[-79.23295,43.70597],[-79.23291,43.70603],[-79.23289,43.70605],[-79.23287,43.70606],[-79.23285,43.70609],[-79.23284,43.70612],[-79.23276,43.70626],[-79.23273,43.70632],[-79.23268,43.70644],[-79.23266,43.70649],[-79.23265,43.70654],[-79.23264,43.70658],[-79.23263,43.70661],[-79.23263,43.70664],[-79.23264,43.70668],[-79.23265,43.7067],[-79.23267,43.70672],[-79.23269,43.70674],[-79.23271,43.70676],[-79.23277,43.70678],[-79.2328,43.7068],[-79.23288,43.70683],[-79.23295,43.70685],[-79.23297,43.70688],[-79.23299,43.70689],[-79.23314,43.70693],[-79.23316,43.70689],[-79.23319,43.7069],[-79.23329,43.70692],[-79.2333,43.70689],[-79.23332,43.70687],[-79.23333,43.70686],[-79.23336,43.70683],[-79.23334,43.70682],[-79.23342,43.70677],[-79.23351,43.70679],[-79.23362,43.70681],[-79.23364,43.70683],[-79.23375,43.70692],[-79.23384,43.70686],[-79.23382,43.70684],[-79.23377,43.7068],[-79.23371,43.70676],[-79.23376,43.70672],[-79.2338,43.7067],[-79.23389,43.70663],[-79.2339,43.70664],[-79.23403,43.70674],[-79.23411,43.70668],[-79.23398,43.70658],[-79.23393,43.70642],[-79.234,43.70638],[-79.23404,43.70639],[-79.23415,43.70642],[-79.23425,43.70646],[-79.23426,43.70644],[-79.23427,43.70642],[-79.23431,43.70639],[-79.23434,43.70636],[-79.23429,43.70632],[-79.23425,43.70626],[-79.23421,43.70622],[-79.23419,43.7062],[-79.23417,43.70619],[-79.23414,43.70618],[-79.23412,43.70617],[-79.23408,43.70616],[-79.23402,43.70614],[-79.23398,43.70613],[-79.23394,43.70612],[-79.23392,43.7061],[-79.23391,43.7061],[-79.23385,43.70605],[-79.23379,43.70601],[-79.23373,43.70596],[-79.23364,43.70588],[-79.23357,43.70582],[-79.23359,43.7058],[-79.23361,43.70578],[-79.23364,43.70576],[-79.23368,43.70575],[-79.23374,43.70575],[-79.23375,43.70574],[-79.23376,43.70573],[-79.23377,43.70571],[-79.23378,43.70569],[-79.23379,43.70566],[-79.2338,43.70562],[-79.23382,43.70559],[-79.23385,43.70553],[-79.23386,43.70548],[-79.23387,43.70545],[-79.23389,43.70541],[-79.23391,43.70539],[-79.23394,43.70538],[-79.23396,43.70537],[-79.23399,43.70538],[-79.234,43.70538],[-79.23402,43.70539],[-79.23404,43.70541],[-79.23407,43.70544],[-79.23411,43.70543],[-79.23413,43.7054],[-79.23415,43.70538],[-79.23416,43.70536],[-79.2342,43.70535],[-79.23426,43.70533],[-79.2343,43.70531],[-79.23439,43.70527],[-79.23451,43.70521],[-79.23462,43.70516],[-79.2348,43.70508],[-79.23493,43.70502],[-79.23504,43.70496],[-79.23512,43.70492],[-79.23522,43.70486],[-79.23526,43.70484],[-79.23537,43.70477],[-79.23548,43.70469],[-79.23557,43.70461],[-79.23568,43.70455],[-79.23578,43.70449],[-79.23586,43.70441],[-79.23592,43.70434],[-79.23597,43.70425],[-79.23604,43.70417],[-79.23609,43.70408],[-79.23616,43.704],[-79.2362,43.70391],[-79.23625,43.70383],[-79.23631,43.70376],[-79.23635,43.70368],[-79.2364,43.70359],[-79.23643,43.70351],[-79.23645,43.70342],[-79.2365,43.70335],[-79.23654,43.70328],[-79.23657,43.70319],[-79.23659,43.7031],[-79.23659,43.70302],[-79.23657,43.70284],[-79.23655,43.70278],[-79.23652,43.70269],[-79.2365,43.70261],[-79.23648,43.70254],[-79.23643,43.70248],[-79.2364,43.70241],[-79.23634,43.70235],[-79.23628,43.7023],[-79.23621,43.70225],[-79.23615,43.70218],[-79.23611,43.7021],[-79.23604,43.70205],[-79.23602,43.70204],[-79.23598,43.70204],[-79.23595,43.70205],[-79.2359,43.70206],[-79.23584,43.70206],[-79.23583,43.70205],[-79.2358,43.70203],[-79.23578,43.70203],[-79.23575,43.70201],[-79.23571,43.702],[-79.23567,43.70197],[-79.23565,43.70195],[-79.23563,43.70195],[-79.23562,43.70194],[-79.23553,43.70187],[-79.23549,43.70185],[-79.23548,43.70182],[-79.23548,43.7018],[-79.23547,43.70177],[-79.23545,43.70177],[-79.23543,43.70175],[-79.23542,43.70173],[-79.23542,43.70167],[-79.23541,43.70165],[-79.23542,43.70161],[-79.23542,43.70157],[-79.23544,43.70153],[-79.23546,43.70147],[-79.23548,43.70143],[-79.23551,43.70139],[-79.23554,43.70134],[-79.2356,43.70129],[-79.23567,43.70125],[-79.23575,43.70123],[-79.23584,43.70122],[-79.23593,43.70121],[-79.23602,43.7012],[-79.23612,43.7012],[-79.23621,43.70123],[-79.23639,43.70131],[-79.23647,43.70136],[-79.23654,43.70141],[-79.2366,43.70147],[-79.23662,43.70153],[-79.23663,43.70161],[-79.23666,43.70169],[-79.23672,43.70176],[-79.23679,43.70182],[-79.23683,43.70187],[-79.23686,43.70192],[-79.23689,43.70195],[-79.23693,43.70199],[-79.23697,43.70202],[-79.23701,43.70205],[-79.23706,43.70208],[-79.23712,43.70212],[-79.23721,43.70217],[-79.23729,43.70221],[-79.23731,43.70223],[-79.23732,43.70225],[-79.23732,43.70226],[-79.23736,43.70228],[-79.2374,43.70229],[-79.23752,43.70232],[-79.23766,43.70232],[-79.23774,43.70231],[-79.23782,43.7023],[-79.23792,43.70229],[-79.23801,43.70227],[-79.23812,43.70224],[-79.23821,43.70221],[-79.23826,43.70219],[-79.23828,43.70214],[-79.23829,43.70209],[-79.23834,43.70204],[-79.23839,43.70199],[-79.23846,43.70195],[-79.23853,43.70192],[-79.23861,43.7019],[-79.2387,43.70189],[-79.23876,43.70189],[-79.23883,43.70192],[-79.23891,43.70193],[-79.239,43.70196],[-79.2391,43.70198],[-79.23915,43.70205],[-79.23917,43.70211],[-79.2392,43.70218],[-79.23921,43.70225],[-79.23921,43.70232],[-79.23917,43.70238],[-79.23912,43.70243],[-79.23906,43.70248],[-79.23898,43.70252],[-79.23892,43.70253],[-79.23889,43.70254],[-79.23884,43.70255],[-79.2388,43.70255],[-79.23877,43.70254],[-79.23875,43.70253],[-79.23873,43.70252],[-79.23873,43.7025],[-79.2387,43.70249],[-79.23868,43.70248],[-79.23864,43.70248],[-79.23858,43.70249],[-79.23854,43.7025],[-79.2385,43.7025],[-79.23846,43.70252],[-79.2384,43.70253],[-79.23831,43.70253],[-79.23828,43.70255],[-79.23826,43.70256],[-79.23826,43.70261],[-79.23827,43.70263],[-79.23826,43.70266],[-79.23824,43.70268],[-79.23823,43.7027],[-79.23818,43.70274],[-79.23815,43.70275],[-79.23812,43.70276],[-79.23807,43.70279],[-79.23804,43.70279],[-79.23799,43.70281],[-79.23796,43.70284],[-79.23793,43.70287],[-79.23789,43.7029],[-79.23787,43.70295],[-79.23785,43.70299],[-79.23791,43.703],[-79.23792,43.70301],[-79.23792,43.70308],[-79.23793,43.70313],[-79.23793,43.70321],[-79.23764,43.70316],[-79.23764,43.7032],[-79.23765,43.70327],[-79.23764,43.70336],[-79.23763,43.70342],[-79.2376,43.70345],[-79.23757,43.70349],[-79.23755,43.70352],[-79.23753,43.70354],[-79.23751,43.70357],[-79.23748,43.7036],[-79.23744,43.70364],[-79.2374,43.70368],[-79.23738,43.7037],[-79.23734,43.70373],[-79.23728,43.70377],[-79.2372,43.70383],[-79.23715,43.70388],[-79.23704,43.70395],[-79.23698,43.70399],[-79.2369,43.70404],[-79.23685,43.70408],[-79.23682,43.7041],[-79.23679,43.70413],[-79.23675,43.70419],[-79.23674,43.70421],[-79.23674,43.70425],[-79.23673,43.70429],[-79.23672,43.70432],[-79.23671,43.70434],[-79.2367,43.70438],[-79.23668,43.70444],[-79.23666,43.70448],[-79.23666,43.70463],[-79.23669,43.70466],[-79.23673,43.70472],[-79.23682,43.7048],[-79.23693,43.70487],[-79.23704,43.70494],[-79.23714,43.70498],[-79.23716,43.705],[-79.23723,43.70504],[-79.23725,43.70505],[-79.23728,43.70506],[-79.23731,43.70506],[-79.23733,43.70505],[-79.23735,43.70505],[-79.23738,43.70504],[-79.23744,43.70504],[-79.23747,43.70503],[-79.23748,43.70502],[-79.23749,43.70502],[-79.23751,43.705],[-79.23757,43.70498],[-79.23762,43.70497],[-79.23765,43.70497],[-79.23768,43.70496],[-79.23769,43.70495],[-79.23772,43.70494],[-79.23774,43.70493],[-79.23777,43.70492],[-79.2378,43.70491],[-79.23783,43.70491],[-79.23787,43.70489],[-79.23788,43.70488],[-79.23798,43.70488],[-79.238,43.70487],[-79.23803,43.70487],[-79.23804,43.70486],[-79.23806,43.70486],[-79.23807,43.70485],[-79.23808,43.70484],[-79.2381,43.70483],[-79.23811,43.70482],[-79.23812,43.7048],[-79.23814,43.7048],[-79.23816,43.70479],[-79.23818,43.70479],[-79.2382,43.70478],[-79.23822,43.70475],[-79.23824,43.70473],[-79.23831,43.70471],[-79.2384,43.70468],[-79.23842,43.70467],[-79.23844,43.70467],[-79.23846,43.70468],[-79.23848,43.7047],[-79.23849,43.70471],[-79.23851,43.70471],[-79.23853,43.7047],[-79.23854,43.70469],[-79.23854,43.70468],[-79.23855,43.70466],[-79.23857,43.70464],[-79.23855,43.70462],[-79.23855,43.70459],[-79.23851,43.70452],[-79.2385,43.7045],[-79.2385,43.70447],[-79.23849,43.70443],[-79.23843,43.70443],[-79.23842,43.70441],[-79.23842,43.7044],[-79.23841,43.70438],[-79.23839,43.70436],[-79.23835,43.70434],[-79.2383,43.70432],[-79.23824,43.70432],[-79.23815,43.70431],[-79.23791,43.70431],[-79.23783,43.70432],[-79.23774,43.70433],[-79.23768,43.70434],[-79.23764,43.70434],[-79.23762,43.70433],[-79.23759,43.70432],[-79.23756,43.70431],[-79.23755,43.70428],[-79.23755,43.70427],[-79.23756,43.70425],[-79.23758,43.70424],[-79.23762,43.70422],[-79.23765,43.70422],[-79.23766,43.7042],[-79.23768,43.70419],[-79.23772,43.70418],[-79.23779,43.70418],[-79.23782,43.70417],[-79.23796,43.70417],[-79.23801,43.70418],[-79.23807,43.70418],[-79.23813,43.7042],[-79.23819,43.70421],[-79.23825,43.70422],[-79.2383,43.70423],[-79.23835,43.70425],[-79.23838,43.70425],[-79.23842,43.70426],[-79.23845,43.70428],[-79.23856,43.70428],[-79.23861,43.70427],[-79.23864,43.70427],[-79.23866,43.70426],[-79.23869,43.70424],[-79.23873,43.70421],[-79.2388,43.70419],[-79.23889,43.70415],[-79.23895,43.70413],[-79.23899,43.70411],[-79.23906,43.70411],[-79.23909,43.7041],[-79.23912,43.70408],[-79.23915,43.70405],[-79.23919,43.70403],[-79.23922,43.70402],[-79.2393,43.70402],[-79.23933,43.704],[-79.23935,43.70398],[-79.23939,43.70397],[-79.23942,43.70395],[-79.23939,43.70392],[-79.23939,43.7039],[-79.23941,43.70389],[-79.23944,43.70385],[-79.23946,43.70383],[-79.23952,43.70383],[-79.23953,43.70382],[-79.23955,43.70378],[-79.23951,43.70374],[-79.2395,43.70372],[-79.23947,43.7037],[-79.23943,43.70367],[-79.23938,43.70365],[-79.23932,43.70365],[-79.23925,43.70362],[-79.23925,43.70358],[-79.23919,43.70361],[-79.23912,43.70359],[-79.23902,43.70357],[-79.23891,43.70354],[-79.23883,43.70352],[-79.23879,43.70351],[-79.23877,43.70348],[-79.23873,43.70348],[-79.23869,43.70349],[-79.23868,43.70348],[-79.23866,43.70346],[-79.23859,43.70341],[-79.23853,43.70337],[-79.23848,43.70336],[-79.23845,43.70335],[-79.23841,43.70334],[-79.23835,43.70333],[-79.23832,43.70331],[-79.23828,43.7033],[-79.23821,43.70328],[-79.23806,43.70328],[-79.23805,43.70327],[-79.23805,43.70325],[-79.23804,43.70323],[-79.23802,43.70319],[-79.23801,43.70315],[-79.23799,43.70311],[-79.23799,43.70307],[-79.23798,43.70302],[-79.23798,43.70299],[-79.23799,43.70296],[-79.23801,43.70292],[-79.23804,43.70289],[-79.23807,43.70286],[-79.2381,43.70284],[-79.23813,43.70283],[-79.23823,43.70283],[-79.23826,43.7028],[-79.2383,43.70275],[-79.23833,43.70271],[-79.23835,43.70268],[-79.23837,43.70264],[-79.23841,43.70261],[-79.23844,43.70258],[-79.23849,43.70257],[-79.23852,43.70257],[-79.23856,43.70258],[-79.23857,43.70259],[-79.2386,43.70261],[-79.23863,43.70263],[-79.23866,43.70267],[-79.2387,43.70272],[-79.23875,43.70278],[-79.23881,43.70284],[-79.23889,43.7029],[-79.23895,43.70295],[-79.23904,43.703],[-79.23913,43.70303],[-79.23921,43.70305],[-79.2394,43.7031],[-79.23951,43.70311],[-79.23963,43.70314],[-79.23971,43.70315],[-79.23983,43.70316],[-79.2399,43.70317],[-79.24008,43.70317],[-79.2402,43.70316],[-79.24037,43.70316],[-79.24059,43.70312],[-79.24082,43.70309],[-79.24102,43.70303],[-79.24114,43.70299],[-79.24123,43.70295],[-79.24138,43.70291],[-79.24145,43.70287],[-79.24149,43.70285],[-79.24159,43.70282],[-79.24169,43.70276],[-79.24184,43.70269],[-79.24194,43.70262],[-79.24205,43.70255],[-79.24215,43.70248],[-79.24223,43.70244],[-79.24241,43.70235],[-79.24256,43.70227],[-79.24259,43.70226],[-79.24263,43.70223],[-79.24266,43.70221],[-79.2427,43.70219],[-79.24276,43.70217],[-79.24279,43.70215],[-79.24291,43.70206],[-79.24299,43.702],[-79.24305,43.70195],[-79.24308,43.70192],[-79.24312,43.70191],[-79.24315,43.70191],[-79.24321,43.70184],[-79.24328,43.70177],[-79.24328,43.70176],[-79.2433,43.70172],[-79.2433,43.70166],[-79.24332,43.70161],[-79.24334,43.70153],[-79.24336,43.70151],[-79.24341,43.70144],[-79.24347,43.70138],[-79.24355,43.70133],[-79.24361,43.70127],[-79.24365,43.70122],[-79.24382,43.70103],[-79.24385,43.70097],[-79.24388,43.70091],[-79.2439,43.70088],[-79.2439,43.70083],[-79.24392,43.70073],[-79.24395,43.70065],[-79.24393,43.70061],[-79.24386,43.70056],[-79.24381,43.70053],[-79.24381,43.70049],[-79.24384,43.70044],[-79.24387,43.70039],[-79.24394,43.70038],[-79.24404,43.70034],[-79.24413,43.70028],[-79.24432,43.7002],[-79.24444,43.70012],[-79.2445,43.7001],[-79.24454,43.70007],[-79.24466,43.70001],[-79.24474,43.69995],[-79.24484,43.69989],[-79.24491,43.69983],[-79.24496,43.69981],[-79.24499,43.69979],[-79.24507,43.69976],[-79.24514,43.69971],[-79.24523,43.69969],[-79.2453,43.69964],[-79.24537,43.69963],[-79.24545,43.69957],[-79.24558,43.6995],[-79.24565,43.69948],[-79.24574,43.69944],[-79.24577,43.69941],[-79.24584,43.69937],[-79.24599,43.69932],[-79.24609,43.69927],[-79.24618,43.69923],[-79.24627,43.6992],[-79.2464,43.69915],[-79.24644,43.69912],[-79.24651,43.69909],[-79.24654,43.69908],[-79.24659,43.69906],[-79.24663,43.69904],[-79.24665,43.69903],[-79.24672,43.69902],[-79.24671,43.69898],[-79.24673,43.69897],[-79.24679,43.69897],[-79.24682,43.69896],[-79.2469,43.69892],[-79.24701,43.69887],[-79.2471,43.69884],[-79.24716,43.6988],[-79.24721,43.69877],[-79.24728,43.69874],[-79.24735,43.69872],[-79.24741,43.69868],[-79.2475,43.69865],[-79.24758,43.69862],[-79.24766,43.6986],[-79.24783,43.69854],[-79.24792,43.69851],[-79.24799,43.69848],[-79.24805,43.69848],[-79.24814,43.69846],[-79.24819,43.69844],[-79.24823,43.69843],[-79.24826,43.6984],[-79.24831,43.69836],[-79.24835,43.69832],[-79.24836,43.69828],[-79.24834,43.69824],[-79.24822,43.69812],[-79.24819,43.69808],[-79.24819,43.69806],[-79.2482,43.69805],[-79.24822,43.69804],[-79.24825,43.69804],[-79.24828,43.69805],[-79.2483,43.69808],[-79.24834,43.69814],[-79.24841,43.69822],[-79.2485,43.69833],[-79.24864,43.69829],[-79.24871,43.69828],[-79.24879,43.69826],[-79.24887,43.69823],[-79.24892,43.6982],[-79.24897,43.69818],[-79.24901,43.69815],[-79.24907,43.6981],[-79.24914,43.69804],[-79.24921,43.69798],[-79.24923,43.69796],[-79.24922,43.69792],[-79.24917,43.69787],[-79.24913,43.69782],[-79.24909,43.69778],[-79.24907,43.69775],[-79.24908,43.69774],[-79.24908,43.69773],[-79.2491,43.69772],[-79.24911,43.69771],[-79.24913,43.69771],[-79.24914,43.69772],[-79.24915,43.69772],[-79.24916,43.69773],[-79.24917,43.69775],[-79.24919,43.69779],[-79.24925,43.69786],[-79.24934,43.69796],[-79.24935,43.69797],[-79.24943,43.69797],[-79.24948,43.69796],[-79.24954,43.69795],[-79.24964,43.69791],[-79.24973,43.69787],[-79.24976,43.69785],[-79.24984,43.6978],[-79.2499,43.69775],[-79.25001,43.69765],[-79.25007,43.6976],[-79.25005,43.69756],[-79.25001,43.69752],[-79.24999,43.69748],[-79.24994,43.69742],[-79.24992,43.69739],[-79.24991,43.69737],[-79.24992,43.69735],[-79.24994,43.69734],[-79.24998,43.69734],[-79.25003,43.69739],[-79.25009,43.69747],[-79.25011,43.6975],[-79.25019,43.6975],[-79.25022,43.69748],[-79.25029,43.69745],[-79.25039,43.6974],[-79.25059,43.6973],[-79.25101,43.69707],[-79.25137,43.69689],[-79.25146,43.69683],[-79.25157,43.69678],[-79.25166,43.69674],[-79.25178,43.69671],[-79.25188,43.69667],[-79.25199,43.69664],[-79.25214,43.6966],[-79.25228,43.69654],[-79.25241,43.6965],[-79.25255,43.69647],[-79.25263,43.69645],[-79.2527,43.69642],[-79.25278,43.6964],[-79.25283,43.69638],[-79.2529,43.69635],[-79.253,43.69631],[-79.25311,43.69633],[-79.25315,43.69632],[-79.25318,43.69631],[-79.25321,43.69629],[-79.25326,43.69623],[-79.25333,43.69616],[-79.2534,43.69609],[-79.25344,43.69601],[-79.2534,43.69596],[-79.25337,43.69591],[-79.25335,43.69589],[-79.25333,43.69587],[-79.25331,43.69583],[-79.25331,43.6958],[-79.25332,43.69578],[-79.25334,43.69577],[-79.25338,43.69577],[-79.2534,43.69578],[-79.25342,43.69582],[-79.25347,43.6959],[-79.25352,43.69596],[-79.25353,43.69598],[-79.25363,43.69598],[-79.25367,43.69597],[-79.2537,43.69596],[-79.25375,43.69593],[-79.25381,43.6959],[-79.25389,43.69587],[-79.25395,43.69584],[-79.25402,43.69581],[-79.25411,43.69577],[-79.25429,43.69568],[-79.25446,43.69561],[-79.2548,43.69544],[-79.25497,43.69537],[-79.25513,43.69529],[-79.25532,43.69521],[-79.2555,43.69512],[-79.2556,43.69506],[-79.25568,43.69502],[-79.2558,43.69493],[-79.25583,43.69488],[-79.25586,43.69486],[-79.25587,43.69485],[-79.25589,43.69483],[-79.25593,43.69481],[-79.25593,43.69479],[-79.25594,43.69477],[-79.25598,43.69473],[-79.25601,43.69469],[-79.25604,43.69466],[-79.25607,43.69461],[-79.25611,43.69455],[-79.25614,43.6945],[-79.25616,43.69446],[-79.25618,43.69441],[-79.2562,43.69437],[-79.25623,43.69434],[-79.25625,43.69431],[-79.2563,43.69427],[-79.25631,43.69425],[-79.25632,43.69423],[-79.25632,43.69421],[-79.25631,43.69419],[-79.25627,43.69415],[-79.25625,43.69413],[-79.25623,43.69412],[-79.25623,43.69411],[-79.25624,43.6941],[-79.25624,43.69409],[-79.25629,43.69409],[-79.25631,43.6941],[-79.25634,43.69412],[-79.25643,43.69418],[-79.25649,43.69422],[-79.25655,43.69425],[-79.25661,43.69425],[-79.25666,43.69424],[-79.2567,43.69422],[-79.25675,43.6942],[-79.2568,43.69416],[-79.25685,43.69413],[-79.25688,43.69409],[-79.25691,43.69405],[-79.25695,43.69398],[-79.25699,43.69392],[-79.25703,43.69386],[-79.25707,43.69378],[-79.25711,43.69371],[-79.25715,43.69364],[-79.25718,43.69351],[-79.25714,43.6935],[-79.25708,43.69346],[-79.25706,43.69344],[-79.25705,43.69343],[-79.25704,43.69341],[-79.25704,43.6934],[-79.25709,43.6934],[-79.25712,43.69341],[-79.25715,43.69344],[-79.25719,43.69345],[-79.25726,43.69348],[-79.25736,43.69354],[-79.25744,43.69358],[-79.2575,43.69357],[-79.25755,43.69355],[-79.25761,43.69351],[-79.25764,43.6935],[-79.25767,43.69349],[-79.25771,43.69347],[-79.25777,43.69343],[-79.25782,43.69339],[-79.25785,43.69335],[-79.25789,43.6933],[-79.25794,43.69323],[-79.25796,43.6932],[-79.25799,43.69314],[-79.25803,43.69307],[-79.25809,43.69295],[-79.25812,43.69289],[-79.25811,43.69285],[-79.25809,43.69279],[-79.25807,43.69278],[-79.25804,43.69276],[-79.258,43.69274],[-79.25797,43.69272],[-79.25795,43.69271],[-79.25792,43.69269],[-79.2579,43.69267],[-79.25789,43.69267],[-79.25789,43.69265],[-79.2579,43.69264],[-79.25795,43.69264],[-79.25797,43.69265],[-79.25801,43.69266],[-79.25805,43.69268],[-79.2581,43.69271],[-79.25819,43.69275],[-79.25828,43.69275],[-79.25832,43.69274],[-79.25838,43.69272],[-79.25844,43.69269],[-79.25848,43.69266],[-79.25854,43.69261],[-79.2586,43.69254],[-79.25867,43.69243],[-79.25872,43.69232],[-79.25874,43.69228],[-79.25877,43.69224],[-79.25878,43.69221],[-79.2588,43.69217],[-79.25882,43.69213],[-79.25882,43.69199],[-79.25879,43.69197],[-79.25876,43.69195],[-79.25873,43.69194],[-79.25872,43.69194],[-79.25869,43.69192],[-79.25867,43.69191],[-79.25864,43.6919],[-79.25862,43.69188],[-79.2586,43.69187],[-79.25859,43.69185],[-79.25858,43.69184],[-79.25857,43.69183],[-79.25857,43.69182],[-79.25859,43.69181],[-79.25865,43.69181],[-79.25867,43.69182],[-79.25871,43.69183],[-79.25875,43.69185],[-79.25878,43.69187],[-79.2589,43.69193],[-79.25895,43.69195],[-79.25899,43.69194],[-79.25905,43.69193],[-79.25911,43.6919],[-79.25916,43.69186],[-79.25923,43.69179],[-79.2593,43.69169],[-79.25932,43.69166],[-79.25934,43.69162],[-79.25937,43.69154],[-79.2594,43.69147],[-79.25942,43.6914],[-79.25943,43.69133],[-79.25942,43.69127],[-79.25938,43.69126],[-79.25937,43.69124],[-79.25935,43.69124],[-79.25932,43.69123],[-79.25931,43.69122],[-79.25929,43.69122],[-79.25926,43.69121],[-79.25924,43.6912],[-79.25923,43.6912],[-79.25916,43.69117],[-79.2591,43.69115],[-79.25908,43.69113],[-79.25907,43.69111],[-79.25907,43.69109],[-79.25916,43.69109],[-79.2592,43.6911],[-79.25925,43.69112],[-79.25932,43.69115],[-79.25946,43.69117],[-79.25951,43.69118],[-79.25957,43.6912],[-79.2596,43.69121],[-79.25962,43.6912],[-79.25964,43.69118],[-79.25965,43.69115],[-79.25967,43.69113],[-79.25969,43.69108],[-79.25974,43.69104],[-79.25977,43.691],[-79.25981,43.69096],[-79.25985,43.69091],[-79.2599,43.69086],[-79.25993,43.69081],[-79.25995,43.69076],[-79.25996,43.69072],[-79.25997,43.69069],[-79.25997,43.69059],[-79.25995,43.69058],[-79.25991,43.69056],[-79.25989,43.69055],[-79.25987,43.69054],[-79.25985,43.69054],[-79.25982,43.69053],[-79.25978,43.69051],[-79.25975,43.6905],[-79.25971,43.69049],[-79.25969,43.69047],[-79.25968,43.69046],[-79.25966,43.69044],[-79.25966,43.6904],[-79.25967,43.6904],[-79.25969,43.69039],[-79.25971,43.6904],[-79.25979,43.69042],[-79.25985,43.69044],[-79.25992,43.69046],[-79.25997,43.69048],[-79.26003,43.69049],[-79.26007,43.6905],[-79.26008,43.69049],[-79.26012,43.69047],[-79.26018,43.69043],[-79.26025,43.69036],[-79.2603,43.69027],[-79.26036,43.69017],[-79.26046,43.68996],[-79.26052,43.68983],[-79.2605,43.68981],[-79.2604,43.68976],[-79.26039,43.68976],[-79.26039,43.68973],[-79.2604,43.68972],[-79.26045,43.68972],[-79.26048,43.68971],[-79.2605,43.68972],[-79.26054,43.68973],[-79.2606,43.68975],[-79.26072,43.6898],[-79.26077,43.68982],[-79.26081,43.68983],[-79.261,43.68963],[-79.261,43.68962],[-79.26101,43.6896],[-79.26103,43.68957],[-79.26107,43.68951],[-79.26111,43.68947],[-79.26123,43.68936],[-79.26139,43.6892],[-79.26148,43.68909],[-79.26155,43.68902],[-79.26163,43.68896],[-79.26168,43.68891],[-79.26173,43.68888],[-79.26178,43.68884],[-79.26186,43.68879],[-79.26195,43.68869],[-79.26206,43.6886],[-79.26213,43.68849],[-79.26221,43.6884],[-79.26226,43.68829],[-79.26237,43.68817],[-79.26247,43.68804],[-79.26249,43.68799],[-79.26256,43.68794],[-79.26269,43.6878],[-79.2628,43.68767],[-79.26292,43.68755],[-79.26306,43.68742],[-79.26327,43.68718],[-79.26335,43.68708],[-79.26345,43.68696],[-79.26357,43.68686],[-79.26365,43.68675],[-79.26378,43.68665],[-79.26392,43.68655],[-79.26404,43.68647],[-79.26415,43.68639],[-79.26432,43.68627],[-79.26446,43.68618],[-79.2645,43.68616],[-79.26466,43.68604],[-79.26482,43.68592],[-79.26499,43.68581],[-79.26504,43.68578],[-79.26514,43.68571],[-79.26528,43.68558],[-79.26543,43.68545],[-79.26556,43.68533],[-79.2657,43.68521],[-79.26586,43.6851],[-79.26601,43.68498],[-79.26614,43.68485],[-79.26626,43.68473],[-79.26638,43.68461],[-79.26644,43.6846],[-79.26646,43.6846],[-79.26648,43.68461],[-79.2665,43.68462],[-79.26652,43.68461],[-79.26654,43.6846],[-79.26656,43.68458],[-79.26657,43.68456],[-79.26661,43.68451],[-79.26665,43.68444],[-79.26669,43.68436],[-79.26673,43.68425],[-79.26675,43.68418],[-79.26678,43.68413],[-79.26682,43.68405],[-79.26686,43.68399],[-79.26689,43.68394],[-79.2669,43.68391],[-79.26689,43.6839],[-79.26687,43.68389],[-79.26685,43.68387],[-79.26683,43.68386],[-79.26683,43.68385],[-79.26682,43.68384],[-79.26683,43.68383],[-79.26684,43.68382],[-79.26688,43.68382],[-79.2669,43.68383],[-79.26691,43.68384],[-79.26693,43.68385],[-79.26696,43.68386],[-79.26699,43.68388],[-79.26703,43.6839],[-79.26706,43.68391],[-79.26709,43.68393],[-79.26714,43.68393],[-79.26717,43.68392],[-79.26719,43.68391],[-79.26725,43.68389],[-79.26728,43.68388],[-79.26729,43.68387],[-79.26732,43.68384],[-79.26735,43.6838],[-79.26738,43.68375],[-79.26742,43.68368],[-79.26745,43.68362],[-79.26749,43.68352],[-79.26754,43.68341],[-79.26758,43.68335],[-79.26761,43.68331],[-79.26763,43.68329],[-79.26761,43.68325],[-79.26757,43.68323],[-79.26754,43.6832],[-79.26753,43.68318],[-79.26753,43.68317],[-79.26754,43.68316],[-79.26757,43.68316],[-79.26758,43.68317],[-79.26759,43.68318],[-79.26762,43.68319],[-79.26764,43.68321],[-79.26769,43.68324],[-79.26772,43.68325],[-79.26776,43.68326],[-79.26778,43.68327],[-79.26781,43.68328],[-79.26785,43.68328],[-79.26788,43.68327],[-79.26791,43.68324],[-79.26799,43.68316],[-79.268,43.68314],[-79.26801,43.68311],[-79.26804,43.68307],[-79.26806,43.68303],[-79.26808,43.683],[-79.2681,43.68297],[-79.26811,43.68294],[-79.26812,43.68291],[-79.26812,43.68288],[-79.26813,43.68285],[-79.26815,43.68281],[-79.26816,43.68279],[-79.26817,43.68276],[-79.26819,43.68272],[-79.26823,43.68265],[-79.26824,43.68264],[-79.26824,43.68261],[-79.26823,43.6826],[-79.2682,43.68257],[-79.26818,43.68255],[-79.26818,43.68252],[-79.2682,43.6825],[-79.26822,43.68249],[-79.26824,43.6825],[-79.26826,43.6825],[-79.26828,43.68251],[-79.2683,43.68253],[-79.26834,43.68254],[-79.26839,43.68256],[-79.26842,43.68253],[-79.26855,43.68245],[-79.26866,43.68235],[-79.26877,43.68225],[-79.26889,43.68213],[-79.26891,43.68211],[-79.26893,43.68213],[-79.26896,43.68214],[-79.26899,43.68214],[-79.26901,43.68213],[-79.26903,43.6821],[-79.26906,43.68206],[-79.26908,43.68201],[-79.2691,43.68196],[-79.26912,43.68194],[-79.26914,43.68191],[-79.26917,43.68189],[-79.26919,43.68187],[-79.26921,43.68184],[-79.26926,43.68179],[-79.26932,43.6817],[-79.26938,43.68162],[-79.26953,43.6813],[-79.26963,43.68111],[-79.26968,43.68098],[-79.2697,43.68093],[-79.26977,43.68085],[-79.26972,43.68082],[-79.2697,43.6808],[-79.2697,43.68075],[-79.26971,43.68074],[-79.2698,43.68074],[-79.26984,43.68076],[-79.26988,43.68079],[-79.26993,43.68081],[-79.27003,43.68087],[-79.27006,43.68087],[-79.27009,43.68086],[-79.27016,43.68082],[-79.27021,43.6808],[-79.27025,43.68078],[-79.27028,43.68075],[-79.27036,43.68061],[-79.27032,43.68056],[-79.27038,43.68056],[-79.27042,43.68048],[-79.27046,43.68034],[-79.27056,43.68006],[-79.27065,43.67991],[-79.27072,43.67985],[-79.27072,43.67982],[-79.27068,43.67979],[-79.27066,43.67978],[-79.27065,43.67976],[-79.27065,43.67974],[-79.27076,43.67974],[-79.27083,43.67976],[-79.27089,43.67978],[-79.27096,43.67981],[-79.27106,43.67985],[-79.2711,43.67988],[-79.27113,43.67989],[-79.27117,43.67989],[-79.2712,43.67988],[-79.27123,43.67986],[-79.27127,43.67983],[-79.27135,43.67978],[-79.2714,43.67974],[-79.27146,43.67967],[-79.27152,43.67958],[-79.27158,43.67948],[-79.27162,43.67938],[-79.27165,43.67932],[-79.27168,43.67926],[-79.27172,43.67916],[-79.27182,43.67888],[-79.27191,43.67866],[-79.27192,43.67865],[-79.27188,43.67861],[-79.27185,43.67859],[-79.27183,43.67857],[-79.27182,43.67855],[-79.2718,43.67853],[-79.2718,43.67851],[-79.27181,43.6785],[-79.27188,43.6785],[-79.27189,43.67851],[-79.27193,43.67853],[-79.27198,43.67856],[-79.27214,43.67866],[-79.27225,43.67872],[-79.27238,43.67872],[-79.27243,43.6787],[-79.27253,43.67865],[-79.27261,43.6786],[-79.27268,43.67854],[-79.27274,43.67848],[-79.27279,43.67837],[-79.27287,43.67828],[-79.27296,43.67813],[-79.27303,43.67801],[-79.27302,43.678],[-79.27307,43.6779],[-79.27314,43.67773],[-79.27323,43.67756],[-79.27328,43.6774],[-79.27335,43.67721],[-79.27328,43.67718],[-79.27324,43.67716],[-79.2732,43.67713],[-79.27318,43.67711],[-79.27317,43.67709],[-79.27316,43.67708],[-79.27316,43.67706],[-79.27322,43.67706],[-79.27325,43.67708],[-79.27328,43.67709],[-79.27334,43.67713],[-79.27339,43.67716],[-79.27347,43.67718],[-79.27351,43.67718],[-79.27356,43.67716],[-79.27362,43.67715],[-79.27368,43.67712],[-79.27375,43.67707],[-79.2738,43.67702],[-79.27385,43.67696],[-79.2739,43.67687],[-79.27399,43.67675],[-79.27399,43.67673],[-79.27408,43.67663],[-79.27414,43.67651],[-79.27421,43.67638],[-79.27424,43.67629],[-79.27425,43.67624],[-79.27424,43.67623],[-79.27422,43.67622],[-79.27419,43.67621],[-79.27414,43.67619],[-79.27412,43.67618],[-79.27408,43.67615],[-79.27405,43.67613],[-79.27403,43.67611],[-79.27403,43.67607],[-79.27406,43.67607],[-79.27409,43.67608],[-79.2741,43.67609],[-79.27413,43.67611],[-79.27417,43.67612],[-79.27424,43.67615],[-79.2743,43.67618],[-79.27436,43.67621],[-79.27439,43.67622],[-79.27445,43.67622],[-79.27449,43.67621],[-79.27451,43.67621],[-79.27455,43.67618],[-79.27459,43.67615],[-79.27465,43.67609],[-79.27473,43.67601],[-79.27479,43.67595],[-79.27483,43.6759],[-79.27486,43.67584],[-79.27492,43.67574],[-79.27501,43.67555],[-79.27505,43.67546],[-79.27508,43.67537],[-79.27509,43.67533],[-79.27509,43.67525],[-79.27504,43.67523],[-79.275,43.67522],[-79.27495,43.67519],[-79.27491,43.67517],[-79.27488,43.67515],[-79.27485,43.67513],[-79.27484,43.67512],[-79.27484,43.6751],[-79.27485,43.67509],[-79.27486,43.67508],[-79.27491,43.67508],[-79.27494,43.67509],[-79.27498,43.67511],[-79.27503,43.67513],[-79.27513,43.67517],[-79.27527,43.67523],[-79.27537,43.67523],[-79.27542,43.67522],[-79.27548,43.67518],[-79.27553,43.67513],[-79.27559,43.67506],[-79.27566,43.67494],[-79.27575,43.67482],[-79.27582,43.6747],[-79.27587,43.67453],[-79.27593,43.67437],[-79.27593,43.67431],[-79.27594,43.67426],[-79.27589,43.67424],[-79.27585,43.67422],[-79.2758,43.6742],[-79.27576,43.67417],[-79.27573,43.67416],[-79.2757,43.67414],[-79.27569,43.67412],[-79.27568,43.67412],[-79.27568,43.67411],[-79.27569,43.6741],[-79.27569,43.67409],[-79.2757,43.67409],[-79.27571,43.67408],[-79.27572,43.67408],[-79.27573,43.67407],[-79.27576,43.67407],[-79.27578,43.67408],[-79.27584,43.6741],[-79.27602,43.67419],[-79.27611,43.67419],[-79.27615,43.6742],[-79.27621,43.6742],[-79.27629,43.67418],[-79.27635,43.67415],[-79.27641,43.6741],[-79.27648,43.67406],[-79.27651,43.67401],[-79.27655,43.67397],[-79.27658,43.67393],[-79.27663,43.67385],[-79.27669,43.67374],[-79.27672,43.67366],[-79.27679,43.6735],[-79.27683,43.67344],[-79.27687,43.67342],[-79.27691,43.67341],[-79.27688,43.67333],[-79.27687,43.67331],[-79.27687,43.6733],[-79.27689,43.67327],[-79.27689,43.67326],[-79.2769,43.67325],[-79.27691,43.67324],[-79.27693,43.67323],[-79.27696,43.67322],[-79.27699,43.67322],[-79.27702,43.67323],[-79.27723,43.67308],[-79.27724,43.67305],[-79.2773,43.67295],[-79.27735,43.67287],[-79.27739,43.67275],[-79.27745,43.67263],[-79.2775,43.6725],[-79.27753,43.67241],[-79.27757,43.67229],[-79.27766,43.67213],[-79.27766,43.67207],[-79.27765,43.67206],[-79.27762,43.67204],[-79.2776,43.67202],[-79.27759,43.672],[-79.27758,43.67199],[-79.2776,43.67197],[-79.27755,43.67194],[-79.27758,43.67192],[-79.27763,43.67196],[-79.27767,43.67196],[-79.27771,43.67197],[-79.27774,43.67198],[-79.27776,43.672],[-79.27779,43.67202],[-79.27784,43.67204],[-79.27788,43.67207],[-79.27792,43.67211],[-79.278,43.67215],[-79.27804,43.67217],[-79.2781,43.67218],[-79.27819,43.67219],[-79.27827,43.67218],[-79.27837,43.67218],[-79.27853,43.67205],[-79.27903,43.67167],[-79.27916,43.67158],[-79.27966,43.67119],[-79.27966,43.67114],[-79.27967,43.67112],[-79.27968,43.6711],[-79.2797,43.67109],[-79.27971,43.67108],[-79.27973,43.67107],[-79.27976,43.67106],[-79.27978,43.67106],[-79.2798,43.67107],[-79.27983,43.67107],[-79.27984,43.67108],[-79.27986,43.67109],[-79.27988,43.67111],[-79.27989,43.67113],[-79.2799,43.67115],[-79.27992,43.67119],[-79.28005,43.67116],[-79.28008,43.67115],[-79.28003,43.67102],[-79.28006,43.67101],[-79.28006,43.67104],[-79.28026,43.67084],[-79.28028,43.67083],[-79.28031,43.67083],[-79.28034,43.67084],[-79.28035,43.67085],[-79.28035,43.67088],[-79.28034,43.67089],[-79.28033,43.67091],[-79.2803,43.67093],[-79.28027,43.67097],[-79.28024,43.671],[-79.2803,43.67102],[-79.28042,43.67106],[-79.28054,43.67106],[-79.28058,43.67105],[-79.28062,43.67104],[-79.28066,43.67103],[-79.2807,43.67102],[-79.28075,43.67098],[-79.28083,43.67094],[-79.2809,43.6709],[-79.28092,43.67088],[-79.28095,43.67085],[-79.28091,43.67084],[-79.28089,43.6708],[-79.28089,43.67077],[-79.28091,43.67076],[-79.28097,43.67076],[-79.28099,43.67077],[-79.28103,43.67077],[-79.28105,43.67076],[-79.28107,43.67073],[-79.2811,43.67067],[-79.28117,43.67058],[-79.28121,43.67054],[-79.28125,43.67049],[-79.28128,43.67046],[-79.28135,43.67039],[-79.2814,43.67035],[-79.28142,43.67033],[-79.28149,43.67033],[-79.2815,43.67034],[-79.2815,43.67038],[-79.28149,43.67039],[-79.28147,43.6704],[-79.28146,43.67043],[-79.28142,43.67047],[-79.28133,43.67058],[-79.28137,43.67061],[-79.28141,43.67063],[-79.28144,43.67065],[-79.28149,43.67067],[-79.28156,43.67069],[-79.28161,43.6707],[-79.2817,43.67072],[-79.28187,43.67072],[-79.2819,43.67073],[-79.28196,43.67072],[-79.28202,43.67071],[-79.28208,43.6707],[-79.28215,43.67068],[-79.28221,43.67066],[-79.28224,43.67064],[-79.28228,43.67062],[-79.28232,43.67059],[-79.28235,43.67057],[-79.28239,43.67054],[-79.28242,43.67051],[-79.2825,43.67044],[-79.28261,43.67033],[-79.28271,43.67021],[-79.28262,43.67017],[-79.28258,43.67014],[-79.28258,43.67011],[-79.28259,43.67009],[-79.28261,43.67008],[-79.28265,43.67008],[-79.28266,43.67009],[-79.28271,43.6701],[-79.28277,43.67012],[-79.28279,43.67013],[-79.28281,43.67013],[-79.28284,43.67011],[-79.28287,43.67009],[-79.28305,43.66994],[-79.28313,43.66987],[-79.28318,43.66984],[-79.28321,43.66984],[-79.28324,43.66985],[-79.28325,43.66986],[-79.28325,43.66989],[-79.28323,43.66991],[-79.28319,43.66995],[-79.2831,43.67002],[-79.283,43.67012],[-79.28304,43.67014],[-79.28309,43.67016],[-79.28313,43.67019],[-79.2832,43.67022],[-79.28325,43.67025],[-79.28332,43.67026],[-79.28339,43.67028],[-79.28344,43.67028],[-79.28352,43.67027],[-79.28363,43.67027],[-79.28368,43.67026],[-79.28375,43.67025],[-79.28382,43.67024],[-79.28392,43.67022],[-79.28412,43.67017],[-79.28422,43.67016],[-79.28431,43.67014],[-79.28437,43.67012],[-79.28443,43.67009],[-79.28447,43.67007],[-79.2845,43.67005],[-79.28456,43.67],[-79.2846,43.66997],[-79.28465,43.66993],[-79.28469,43.66988],[-79.28473,43.66984],[-79.28478,43.6698],[-79.28482,43.66978],[-79.28486,43.66975],[-79.28493,43.66972],[-79.28499,43.66971],[-79.285,43.66974],[-79.28509,43.66995],[-79.28517,43.66994],[-79.28525,43.66992],[-79.28535,43.66989],[-79.28544,43.66988],[-79.28552,43.66985],[-79.28559,43.66983],[-79.28564,43.66981],[-79.28569,43.66978],[-79.28576,43.66974],[-79.28581,43.66971],[-79.28589,43.66964],[-79.28596,43.66956],[-79.28608,43.66943],[-79.28615,43.66938],[-79.28623,43.66934],[-79.28631,43.66931],[-79.28638,43.66929],[-79.28647,43.66927],[-79.28655,43.66925],[-79.28662,43.66922],[-79.2867,43.66918],[-79.28675,43.66913],[-79.28684,43.66904],[-79.28685,43.669],[-79.28686,43.66897],[-79.28686,43.66892],[-79.28685,43.6689],[-79.28679,43.66892],[-79.28676,43.66893],[-79.28673,43.66893],[-79.28672,43.66892],[-79.28671,43.6689],[-79.28671,43.66889],[-79.28672,43.66888],[-79.28673,43.66888],[-79.28674,43.66887],[-79.28687,43.66883],[-79.28709,43.66874],[-79.28726,43.66866],[-79.28732,43.66866],[-79.28733,43.66867],[-79.28733,43.66869],[-79.28732,43.6687],[-79.28716,43.66877],[-79.28701,43.66885],[-79.28703,43.6689],[-79.28704,43.66894],[-79.28706,43.66897],[-79.28707,43.66899],[-79.2871,43.66902],[-79.28714,43.66906],[-79.28723,43.66913],[-79.2873,43.66914],[-79.28734,43.66916],[-79.28741,43.66918],[-79.28749,43.66919],[-79.28761,43.6692],[-79.2877,43.6692],[-79.28788,43.66916],[-79.28799,43.66913],[-79.28809,43.66909],[-79.28817,43.66905],[-79.28823,43.66902],[-79.28829,43.66898],[-79.28839,43.6689],[-79.28848,43.6688],[-79.28855,43.66873],[-79.28855,43.66872],[-79.28857,43.6687],[-79.28858,43.66866],[-79.28859,43.66864],[-79.28861,43.66863],[-79.28869,43.66862],[-79.28884,43.66862],[-79.28892,43.6686],[-79.28903,43.66856],[-79.28912,43.66852],[-79.28917,43.66848],[-79.28926,43.66839],[-79.28929,43.66834],[-79.2893,43.66832],[-79.2893,43.66827],[-79.28928,43.66823],[-79.28927,43.6682],[-79.28916,43.66825],[-79.28912,43.66825],[-79.28911,43.66824],[-79.2891,43.66823],[-79.2891,43.66822],[-79.28911,43.6682],[-79.28912,43.66819],[-79.28955,43.668],[-79.28961,43.668],[-79.28962,43.66801],[-79.28963,43.66802],[-79.28961,43.66806],[-79.2896,43.66807],[-79.28955,43.66809],[-79.28951,43.66811],[-79.28948,43.66814],[-79.28956,43.66834],[-79.28958,43.66835],[-79.28959,43.66836],[-79.28961,43.6684],[-79.28966,43.66854],[-79.28967,43.66858],[-79.28973,43.66857],[-79.28987,43.66857],[-79.28994,43.66856],[-79.29002,43.66854],[-79.29015,43.66853],[-79.29019,43.66852],[-79.29028,43.66849],[-79.29039,43.66846],[-79.29049,43.66843],[-79.29055,43.66841],[-79.29064,43.66837],[-79.29073,43.66832],[-79.2908,43.66827],[-79.29086,43.66824],[-79.29119,43.6681],[-79.29138,43.66801],[-79.29145,43.66797],[-79.29149,43.66793],[-79.29152,43.66789],[-79.29156,43.66782],[-79.29159,43.66778],[-79.29161,43.66774],[-79.29161,43.66771],[-79.29163,43.6677],[-79.29164,43.6677],[-79.29168,43.66769],[-79.2917,43.6677],[-79.29175,43.66771],[-79.2918,43.66772],[-79.29192,43.66776],[-79.29198,43.66777],[-79.2921,43.66777],[-79.29217,43.66776],[-79.29223,43.66774],[-79.29228,43.66772],[-79.29235,43.66767],[-79.29243,43.66762],[-79.29249,43.66757],[-79.29254,43.66752],[-79.29261,43.66743],[-79.29264,43.66737],[-79.2927,43.66731],[-79.29273,43.6673],[-79.29277,43.6673],[-79.29281,43.66731],[-79.29287,43.66732],[-79.29295,43.66734],[-79.29309,43.66736],[-79.29314,43.66736],[-79.29319,43.66737],[-79.29327,43.66736],[-79.29337,43.66734],[-79.29345,43.66732],[-79.29353,43.66729],[-79.29363,43.66723],[-79.29373,43.66717],[-79.29384,43.66708],[-79.29392,43.66703],[-79.29398,43.66696],[-79.29412,43.66684],[-79.29431,43.66663],[-79.29454,43.66638],[-79.29468,43.66621],[-79.29468,43.6661],[-79.29469,43.66607],[-79.29469,43.66605],[-79.29471,43.66604],[-79.29473,43.66605],[-79.29477,43.66607],[-79.29478,43.66608],[-79.29476,43.66612],[-79.29476,43.66616],[-79.29475,43.66621],[-79.29479,43.66623],[-79.29484,43.66624],[-79.29491,43.66626],[-79.29501,43.66628],[-79.29505,43.66628],[-79.29511,43.66627],[-79.29518,43.66625],[-79.29523,43.66621],[-79.29527,43.66616],[-79.29529,43.66611],[-79.29529,43.66608],[-79.29528,43.66607],[-79.29525,43.66606],[-79.29521,43.66605],[-79.29519,43.66605],[-79.29516,43.66606],[-79.29513,43.66606],[-79.29509,43.66605],[-79.29507,43.66604],[-79.29507,43.66598],[-79.29511,43.66596],[-79.29518,43.66596],[-79.29528,43.66591],[-79.29537,43.66587],[-79.29547,43.66584],[-79.29558,43.6658],[-79.29571,43.66575],[-79.29594,43.66565],[-79.29611,43.66562],[-79.29629,43.66557],[-79.29658,43.66547],[-79.29665,43.66544],[-79.29666,43.66547],[-79.29669,43.66547],[-79.29674,43.66546],[-79.2968,43.66544],[-79.29686,43.66541],[-79.29687,43.66539],[-79.29687,43.66538],[-79.29688,43.66536],[-79.29692,43.66535],[-79.29696,43.66534],[-79.29701,43.66533],[-79.29706,43.66533],[-79.2971,43.66534],[-79.29712,43.66534],[-79.29716,43.66533],[-79.29718,43.66533],[-79.29728,43.66534],[-79.29747,43.66535],[-79.29762,43.66534],[-79.29772,43.66533],[-79.29779,43.66532],[-79.29782,43.66529],[-79.29787,43.66527],[-79.29792,43.66526],[-79.29797,43.66525],[-79.29801,43.66526],[-79.29805,43.66526],[-79.2981,43.66529],[-79.29814,43.66532],[-79.2982,43.66535],[-79.29825,43.66539],[-79.29829,43.66544],[-79.29837,43.6655],[-79.2984,43.66552],[-79.29846,43.66553],[-79.29871,43.66553],[-79.2988,43.66551],[-79.2989,43.66549],[-79.29899,43.66547],[-79.299,43.66549],[-79.29901,43.66552],[-79.29905,43.66552],[-79.29909,43.66551],[-79.29915,43.66551],[-79.29916,43.66553],[-79.29916,43.66556],[-79.29915,43.66557],[-79.29913,43.66559],[-79.29921,43.66563],[-79.29928,43.66566],[-79.29932,43.66567],[-79.29935,43.66566],[-79.29942,43.66566],[-79.29953,43.66564],[-79.2997,43.66561],[-79.29982,43.66558],[-79.29997,43.66552],[-79.30004,43.66548],[-79.30013,43.66543],[-79.30022,43.66539],[-79.30027,43.66538],[-79.30033,43.66536],[-79.30035,43.66535],[-79.30037,43.66535],[-79.3004,43.66536],[-79.30042,43.66537],[-79.30042,43.6654],[-79.30064,43.6654],[-79.30069,43.66539],[-79.30075,43.66537],[-79.30093,43.66528],[-79.301,43.66524],[-79.30106,43.66521],[-79.30115,43.66515],[-79.30118,43.66514],[-79.30121,43.66514],[-79.30125,43.66515],[-79.30127,43.66519],[-79.3013,43.66519],[-79.30135,43.66518],[-79.30143,43.66515],[-79.30149,43.66512],[-79.30169,43.66502],[-79.30174,43.66498],[-79.30189,43.66487],[-79.30198,43.6648],[-79.30208,43.66475],[-79.30221,43.66475],[-79.30223,43.66476],[-79.30224,43.66477],[-79.30224,43.66478],[-79.30223,43.66479],[-79.3022,43.66481],[-79.30228,43.66486],[-79.30236,43.66491],[-79.3024,43.66493],[-79.30244,43.66494],[-79.30248,43.66494],[-79.30253,43.66493],[-79.30259,43.66491],[-79.30265,43.66489],[-79.30273,43.66485],[-79.3028,43.66481],[-79.30287,43.66475],[-79.30293,43.66467],[-79.30298,43.66463],[-79.30303,43.66459],[-79.30307,43.66457],[-79.3031,43.66456],[-79.30313,43.66456],[-79.30315,43.66457],[-79.30316,43.66458],[-79.30316,43.66459],[-79.30314,43.66463],[-79.30319,43.66463],[-79.30324,43.66462],[-79.3033,43.6646],[-79.30338,43.66455],[-79.30342,43.6645],[-79.30346,43.66444],[-79.30352,43.66436],[-79.3036,43.66426],[-79.30366,43.66419],[-79.30374,43.66412],[-79.30383,43.66404],[-79.30393,43.66397],[-79.30399,43.66394],[-79.30405,43.66387],[-79.30419,43.66375],[-79.30433,43.6636],[-79.30435,43.66354],[-79.3044,43.66352],[-79.30463,43.66338],[-79.30501,43.66302],[-79.3053,43.66265],[-79.30558,43.66226],[-79.30587,43.66184],[-79.30608,43.6614],[-79.30631,43.66097],[-79.3064,43.66072],[-79.30642,43.66059],[-79.30641,43.66054],[-79.30638,43.66047],[-79.30627,43.66038],[-79.3061,43.66041],[-79.30589,43.66041],[-79.30567,43.66038],[-79.30547,43.66032],[-79.30529,43.66022],[-79.30513,43.66012],[-79.30502,43.65999],[-79.30497,43.65986],[-79.30501,43.65971],[-79.30508,43.6596],[-79.30513,43.65957],[-79.30518,43.65953],[-79.30523,43.6595],[-79.30526,43.65945],[-79.30527,43.6594],[-79.30532,43.65938],[-79.30546,43.65938],[-79.30556,43.65936],[-79.30561,43.65934],[-79.30563,43.65931],[-79.30569,43.65924],[-79.30574,43.65917],[-79.30584,43.65903],[-79.30591,43.65892],[-79.306,43.65878],[-79.30608,43.65866],[-79.30612,43.65856],[-79.30612,43.65839],[-79.30607,43.65831],[-79.30603,43.65821],[-79.30602,43.65814],[-79.306,43.658],[-79.30597,43.65793],[-79.30593,43.65789],[-79.30584,43.65781],[-79.3058,43.65777],[-79.30565,43.65762],[-79.30549,43.65747],[-79.30534,43.65733],[-79.30519,43.65716],[-79.30506,43.65701],[-79.30499,43.65689],[-79.30499,43.65679],[-79.305,43.65674],[-79.30501,43.65669],[-79.30503,43.65664],[-79.30507,43.6566],[-79.30515,43.65654],[-79.30523,43.65649],[-79.3053,43.65646],[-79.30539,43.65644],[-79.30549,43.65645],[-79.30559,43.65646],[-79.30569,43.65648],[-79.30582,43.65649],[-79.30592,43.65651],[-79.30607,43.65653],[-79.30618,43.65656],[-79.30627,43.65659],[-79.30637,43.65662],[-79.30645,43.65662],[-79.30653,43.65663],[-79.30665,43.65662],[-79.30679,43.6566],[-79.30689,43.65658],[-79.30702,43.65654],[-79.30712,43.65651],[-79.3072,43.65647],[-79.30728,43.65642],[-79.30737,43.65634],[-79.30743,43.6563],[-79.30749,43.65628],[-79.30758,43.65625],[-79.30769,43.65619],[-79.30777,43.65612],[-79.30783,43.65605],[-79.30789,43.65595],[-79.30796,43.65584],[-79.30801,43.65573],[-79.30805,43.65567],[-79.30812,43.65559],[-79.30821,43.65546],[-79.30829,43.65533],[-79.30832,43.65526],[-79.30834,43.65517],[-79.30839,43.65504],[-79.30842,43.65498],[-79.30843,43.65492],[-79.30843,43.65488],[-79.30839,43.65482],[-79.30841,43.65475],[-79.30841,43.65466],[-79.3084,43.65456],[-79.30836,43.65443],[-79.30835,43.65436],[-79.30837,43.6543],[-79.30839,43.65426],[-79.30844,43.65421],[-79.30849,43.65418],[-79.30856,43.65416],[-79.30862,43.65416],[-79.30866,43.65418],[-79.30869,43.65422],[-79.30871,43.65426],[-79.30874,43.65432],[-79.30876,43.6544],[-79.30878,43.65444],[-79.30883,43.65449],[-79.30887,43.65454],[-79.30893,43.65461],[-79.30897,43.65469],[-79.30907,43.65484],[-79.3092,43.65501],[-79.30923,43.65505],[-79.30926,43.65508],[-79.30929,43.65511],[-79.30932,43.65514],[-79.30933,43.65517],[-79.30935,43.6552],[-79.30937,43.65523],[-79.3094,43.65525],[-79.30943,43.65527],[-79.30947,43.65529],[-79.30952,43.6553],[-79.30955,43.65532],[-79.30959,43.65534],[-79.30965,43.65538],[-79.30971,43.65541],[-79.30979,43.65543],[-79.30986,43.65544],[-79.31009,43.65544],[-79.31023,43.65542],[-79.31025,43.6554],[-79.31026,43.65539],[-79.31027,43.65536],[-79.31027,43.65533],[-79.31028,43.65529],[-79.31029,43.65525],[-79.31031,43.65522],[-79.31033,43.6552],[-79.31037,43.65518],[-79.31041,43.65517],[-79.31046,43.65517],[-79.31051,43.65516],[-79.31065,43.65516],[-79.3107,43.65517],[-79.31074,43.65519],[-79.31079,43.6552],[-79.31086,43.65522],[-79.31095,43.65525],[-79.31104,43.65529],[-79.31112,43.65536],[-79.31118,43.65544],[-79.31121,43.65547],[-79.31122,43.65551],[-79.31123,43.65556],[-79.31123,43.65557],[-79.31124,43.65564],[-79.31125,43.65567],[-79.31125,43.65576],[-79.31123,43.6558],[-79.31121,43.65585],[-79.31119,43.65589],[-79.31116,43.65592],[-79.31113,43.65596],[-79.31109,43.65598],[-79.31103,43.656],[-79.31097,43.65602],[-79.3109,43.65605],[-79.31084,43.65606],[-79.31083,43.65605],[-79.31082,43.65603],[-79.31077,43.65602],[-79.31072,43.65601],[-79.31063,43.65601],[-79.31057,43.65603],[-79.31052,43.65604],[-79.31045,43.65606],[-79.31039,43.65607],[-79.31032,43.65608],[-79.31025,43.6561],[-79.31022,43.65611],[-79.31015,43.65614],[-79.31008,43.65614],[-79.31,43.65613],[-79.30993,43.65613],[-79.30985,43.65611],[-79.30978,43.6561],[-79.3097,43.65608],[-79.30964,43.65607],[-79.30956,43.65604],[-79.30948,43.65601],[-79.30941,43.65598],[-79.30941,43.65596],[-79.30934,43.65594],[-79.30925,43.65594],[-79.30916,43.65592],[-79.30909,43.65591],[-79.30903,43.6559],[-79.30888,43.6559],[-79.30877,43.65591],[-79.30872,43.65593],[-79.30866,43.65594],[-79.30859,43.65596],[-79.30854,43.65597],[-79.3085,43.65599],[-79.30846,43.65602],[-79.30842,43.65604],[-79.30839,43.65608],[-79.30836,43.65611],[-79.30831,43.65617],[-79.30833,43.65621],[-79.30831,43.65625],[-79.30829,43.65629],[-79.30825,43.65635],[-79.3082,43.65642],[-79.30815,43.65648],[-79.3081,43.65653],[-79.30805,43.65657],[-79.308,43.65661],[-79.30788,43.65669],[-79.30782,43.65672],[-79.30772,43.65677],[-79.30764,43.6568],[-79.3076,43.65682],[-79.30754,43.65684],[-79.30742,43.65688],[-79.30736,43.65689],[-79.3073,43.6569],[-79.30723,43.65691],[-79.30718,43.65692],[-79.30712,43.65693],[-79.30707,43.65693],[-79.307,43.65689],[-79.30696,43.65691],[-79.30693,43.65691],[-79.30691,43.6569],[-79.30688,43.6569],[-79.30686,43.65691],[-79.30685,43.65694],[-79.30683,43.65697],[-79.30683,43.65709],[-79.30684,43.65715],[-79.30688,43.65723],[-79.30693,43.65727],[-79.307,43.65731],[-79.30708,43.65735],[-79.30716,43.65741],[-79.30723,43.65746],[-79.30734,43.65756],[-79.30742,43.65762],[-79.3075,43.65767],[-79.3076,43.65772],[-79.30769,43.65774],[-79.30793,43.65778],[-79.30816,43.65782],[-79.30837,43.65788],[-79.30859,43.65796],[-79.3088,43.65803],[-79.309,43.65812],[-79.30919,43.65818],[-79.30939,43.65823],[-79.30956,43.65826],[-79.3096,43.65823],[-79.30954,43.65819],[-79.30954,43.65817],[-79.30956,43.65813],[-79.3096,43.65807],[-79.30972,43.65807],[-79.30999,43.65816],[-79.3102,43.65832],[-79.31034,43.6584],[-79.31041,43.65836],[-79.31057,43.65825],[-79.31092,43.65793],[-79.31109,43.65753],[-79.31117,43.65728],[-79.3112,43.65726],[-79.31118,43.65722],[-79.31115,43.6572],[-79.31025,43.65695],[-79.31023,43.65693],[-79.31027,43.65687],[-79.31034,43.65679],[-79.31042,43.65669],[-79.31056,43.6566],[-79.31075,43.65662],[-79.31086,43.65668],[-79.31095,43.65677],[-79.31108,43.65684],[-79.31126,43.65688],[-79.31145,43.6569],[-79.31164,43.65692],[-79.31181,43.65692],[-79.31196,43.65689],[-79.31206,43.65682],[-79.31217,43.65675],[-79.31229,43.65674],[-79.31244,43.65678],[-79.31257,43.65685],[-79.31264,43.65698],[-79.31262,43.65708],[-79.31252,43.65713],[-79.31239,43.65719],[-79.31225,43.65723],[-79.31219,43.65732],[-79.31212,43.6574],[-79.31202,43.65748],[-79.31196,43.65753],[-79.31188,43.65756],[-79.31174,43.65754],[-79.31167,43.65778],[-79.3117,43.65778],[-79.31181,43.65782],[-79.31184,43.65796],[-79.31177,43.65811],[-79.31172,43.65821],[-79.3117,43.65834],[-79.31172,43.65838],[-79.31177,43.65846],[-79.31181,43.65857],[-79.31193,43.65853],[-79.31204,43.65875],[-79.3119,43.6588],[-79.31191,43.65882],[-79.31205,43.6588],[-79.31215,43.65885],[-79.31187,43.65901],[-79.31198,43.65908],[-79.31219,43.65891],[-79.3124,43.65907],[-79.31214,43.65923],[-79.31223,43.65931],[-79.31247,43.65912],[-79.31266,43.65927],[-79.31244,43.65941],[-79.31242,43.65944],[-79.31246,43.65945],[-79.31249,43.65949],[-79.31257,43.65944],[-79.31265,43.65941],[-79.3127,43.65948],[-79.31275,43.65956],[-79.31285,43.65957],[-79.31297,43.65965],[-79.31312,43.65978],[-79.31325,43.6599],[-79.31326,43.65992],[-79.31363,43.66019],[-79.31376,43.66029],[-79.31386,43.66037],[-79.3139,43.66045],[-79.31385,43.66052],[-79.31389,43.66055],[-79.31399,43.66055],[-79.31403,43.6606],[-79.31405,43.66064],[-79.31409,43.66069],[-79.31416,43.66073],[-79.31426,43.66079],[-79.31436,43.66086],[-79.31441,43.66092],[-79.31441,43.66093],[-79.31413,43.66113],[-79.31404,43.66105],[-79.31399,43.66108],[-79.31408,43.66117],[-79.31404,43.66119],[-79.3139,43.66116],[-79.31379,43.66124],[-79.31375,43.66128],[-79.31367,43.66128],[-79.31355,43.66129],[-79.3134,43.66132],[-79.31332,43.66141],[-79.31328,43.66151],[-79.31336,43.66165],[-79.31352,43.66162],[-79.31367,43.6616],[-79.31394,43.66158],[-79.31419,43.66162],[-79.31426,43.6616],[-79.31435,43.66162],[-79.31437,43.66176],[-79.31442,43.66178],[-79.31447,43.66176],[-79.31454,43.66176],[-79.31463,43.66178],[-79.31473,43.66187],[-79.31477,43.66195],[-79.3148,43.66198],[-79.31481,43.66198],[-79.31482,43.66199],[-79.31485,43.66198],[-79.31492,43.66197],[-79.31711,43.66147],[-79.31708,43.66095],[-79.31726,43.66092],[-79.3176,43.66089],[-79.31768,43.66089],[-79.31777,43.66099],[-79.31781,43.66103],[-79.31783,43.66103],[-79.31788,43.66108],[-79.31793,43.66107],[-79.31787,43.66091],[-79.31788,43.66091],[-79.31799,43.66093],[-79.31811,43.66089],[-79.31767,43.66083],[-79.31759,43.66083],[-79.31726,43.66081],[-79.31707,43.66079],[-79.31626,43.66007],[-79.31605,43.65989],[-79.31581,43.65973],[-79.31561,43.65959],[-79.31534,43.65942],[-79.31518,43.65932],[-79.31507,43.65925],[-79.31477,43.6591],[-79.31454,43.659],[-79.31434,43.65891],[-79.31412,43.65875],[-79.31391,43.65862],[-79.3137,43.65849],[-79.31351,43.65835],[-79.31332,43.65821],[-79.31314,43.65807],[-79.31314,43.65792],[-79.31332,43.65781],[-79.31352,43.65769],[-79.31372,43.65757],[-79.31395,43.65751],[-79.3142,43.65745],[-79.31443,43.6574],[-79.31467,43.65738],[-79.31475,43.65737],[-79.31478,43.65739],[-79.31483,43.65739],[-79.31488,43.6574],[-79.3149,43.65739],[-79.31495,43.65739],[-79.31498,43.65741],[-79.31502,43.65742],[-79.31504,43.65743],[-79.31511,43.65743],[-79.31515,43.65744],[-79.31517,43.65745],[-79.31519,43.65745],[-79.3152,43.65746],[-79.31523,43.65748],[-79.31526,43.65749],[-79.31528,43.65751],[-79.31529,43.65753],[-79.31572,43.65758],[-79.31573,43.65757],[-79.3158,43.65757],[-79.31587,43.65755],[-79.31591,43.65753],[-79.31599,43.65753],[-79.31602,43.65754],[-79.31607,43.65755],[-79.3161,43.65755],[-79.31613,43.65756],[-79.31615,43.65757],[-79.31615,43.65761],[-79.31675,43.6573],[-79.31672,43.65727],[-79.31669,43.65726],[-79.31667,43.65725],[-79.31664,43.65722],[-79.3166,43.65717],[-79.31655,43.6571],[-79.31651,43.65704],[-79.31646,43.65699],[-79.31642,43.65695],[-79.31638,43.65691],[-79.31631,43.65683],[-79.31628,43.65679],[-79.31623,43.65672],[-79.3162,43.65664],[-79.31612,43.65648],[-79.31604,43.65638],[-79.31599,43.6562],[-79.316,43.65613],[-79.316,43.65609],[-79.31604,43.65604],[-79.31611,43.65603],[-79.31623,43.65595],[-79.31637,43.6559],[-79.3166,43.65572],[-79.31683,43.65557],[-79.31693,43.65545],[-79.31698,43.65537],[-79.31729,43.6551],[-79.31751,43.65492],[-79.3177,43.65471],[-79.31801,43.65433],[-79.31811,43.65415],[-79.31824,43.65387],[-79.31834,43.65364],[-79.3184,43.65346],[-79.31858,43.65316],[-79.31871,43.65291],[-79.31885,43.65266],[-79.31896,43.65247],[-79.31909,43.65227],[-79.31919,43.65212],[-79.31932,43.65187],[-79.31946,43.6516],[-79.31956,43.65128],[-79.31963,43.65112],[-79.31967,43.65097],[-79.31973,43.65071],[-79.3198,43.65047],[-79.31982,43.65032],[-79.31988,43.65007],[-79.31999,43.64973],[-79.32006,43.64951],[-79.3201,43.64939],[-79.3201,43.64931],[-79.32011,43.64921],[-79.32012,43.64906],[-79.32014,43.64894],[-79.32017,43.64891],[-79.32018,43.64889],[-79.32018,43.64879],[-79.32021,43.6485],[-79.32022,43.64841],[-79.32018,43.64837],[-79.32015,43.64831],[-79.3201,43.64828],[-79.32004,43.64825],[-79.32,43.64823],[-79.31999,43.64819],[-79.31999,43.64808],[-79.31997,43.64803],[-79.31994,43.64796],[-79.31995,43.64792],[-79.31996,43.64785],[-79.31998,43.64775],[-79.31998,43.64763],[-79.32003,43.64737],[-79.32007,43.64697],[-79.32005,43.64673],[-79.32002,43.64658],[-79.31995,43.64643],[-79.31989,43.64627],[-79.31986,43.64625],[-79.31981,43.6462],[-79.31978,43.64614],[-79.31978,43.64611],[-79.3198,43.64607],[-79.31981,43.64604],[-79.31983,43.64599],[-79.31985,43.64592],[-79.31988,43.64587],[-79.31994,43.64582],[-79.32,43.64575],[-79.32012,43.64568],[-79.32023,43.64566],[-79.32034,43.64554],[-79.32039,43.64539],[-79.32045,43.64524],[-79.3205,43.64508],[-79.32054,43.64492],[-79.32058,43.64481],[-79.32066,43.64461],[-79.32075,43.64438],[-79.32084,43.6442],[-79.32091,43.64399],[-79.32101,43.64367],[-79.32115,43.64317],[-79.32125,43.64285],[-79.3213,43.64269],[-79.3213,43.64249],[-79.32127,43.64239],[-79.32121,43.64234],[-79.32115,43.64229],[-79.32104,43.64221],[-79.32077,43.64208],[-79.32068,43.64202],[-79.32064,43.64194],[-79.32064,43.64178],[-79.32067,43.6417],[-79.32076,43.6416],[-79.32086,43.64151],[-79.32097,43.64143],[-79.32108,43.64131],[-79.32114,43.64121],[-79.3212,43.6411],[-79.3213,43.64087],[-79.32133,43.64074],[-79.32137,43.64068],[-79.32144,43.64052],[-79.32152,43.64035],[-79.32165,43.63998],[-79.32173,43.63982],[-79.32178,43.63968],[-79.32183,43.63946],[-79.32189,43.63928],[-79.322,43.63902],[-79.32206,43.63891],[-79.32205,43.63875],[-79.32197,43.63862],[-79.3219,43.63849],[-79.3218,43.63837],[-79.32171,43.63824],[-79.3216,43.63811],[-79.32155,43.638],[-79.32157,43.63788],[-79.32161,43.63777],[-79.32164,43.63771],[-79.32171,43.63769],[-79.32182,43.63763],[-79.32194,43.63756],[-79.3221,43.63744],[-79.32222,43.63734],[-79.32234,43.63716],[-79.32243,43.63704],[-79.32251,43.63689],[-79.32261,43.63653],[-79.32272,43.63618],[-79.32283,43.63586],[-79.32295,43.6357],[-79.32301,43.63547],[-79.32306,43.63528],[-79.32311,43.63509],[-79.32315,43.63492],[-79.32317,43.63477],[-79.32316,43.63468],[-79.32314,43.63457],[-79.32311,43.63446],[-79.32304,43.63436],[-79.32293,43.63426],[-79.32283,43.63418],[-79.32268,43.63408],[-79.32251,43.63398],[-79.32232,43.63389],[-79.32201,43.63377],[-79.32145,43.63359],[-79.32117,43.63347],[-79.32101,43.63338],[-79.32092,43.63334],[-79.32088,43.63329],[-79.32086,43.63321],[-79.32093,43.63314],[-79.32103,43.63307],[-79.32118,43.63302],[-79.32136,43.63298],[-79.32153,43.63293],[-79.32172,43.63285],[-79.32181,43.6328],[-79.32189,43.63274],[-79.32194,43.63262],[-79.32199,43.63247],[-79.32205,43.63223],[-79.32211,43.63184],[-79.32219,43.6314],[-79.32227,43.63085],[-79.32236,43.63039],[-79.32237,43.6301],[-79.32231,43.62986],[-79.3222,43.6297],[-79.32201,43.62962],[-79.32177,43.62954],[-79.32144,43.6295],[-79.32119,43.62947],[-79.3211,43.62942],[-79.32109,43.62935],[-79.32114,43.62929],[-79.32121,43.62923],[-79.32129,43.62921],[-79.32148,43.62921],[-79.32163,43.6292],[-79.32183,43.62919],[-79.32203,43.62915],[-79.32211,43.62913],[-79.32228,43.62895],[-79.32234,43.62882],[-79.32237,43.62872],[-79.32241,43.62854],[-79.32248,43.62827],[-79.32266,43.62703],[-79.3227,43.6267],[-79.32267,43.62647],[-79.32257,43.62629],[-79.32246,43.62621],[-79.32235,43.62618],[-79.32224,43.62615],[-79.3221,43.62611],[-79.32197,43.6261],[-79.32183,43.62609],[-79.32167,43.62608],[-79.32157,43.62607],[-79.32151,43.62604],[-79.32146,43.62599],[-79.32142,43.62594],[-79.32142,43.62589],[-79.32144,43.62584],[-79.32151,43.62578],[-79.32159,43.62576],[-79.32171,43.62574],[-79.32183,43.62574],[-79.32204,43.6257],[-79.32223,43.62568],[-79.32243,43.62566],[-79.32255,43.62562],[-79.32262,43.62556],[-79.32276,43.6254],[-79.32282,43.62532],[-79.32286,43.62516],[-79.32295,43.62493],[-79.32301,43.62467],[-79.32308,43.62433],[-79.32314,43.62399],[-79.32315,43.62372],[-79.32316,43.6234],[-79.32312,43.62307],[-79.32292,43.62288],[-79.32274,43.62277],[-79.32254,43.62269],[-79.32237,43.62264],[-79.32213,43.62261],[-79.3219,43.62261],[-79.32183,43.62257],[-79.32178,43.62248],[-79.32179,43.62238],[-79.32182,43.62228],[-79.32195,43.62225],[-79.32222,43.62226],[-79.32256,43.62226],[-79.32294,43.62228],[-79.32318,43.62222],[-79.32337,43.62214],[-79.32348,43.62206],[-79.32371,43.62189],[-79.32385,43.62166],[-79.32406,43.62085],[-79.32426,43.61888],[-79.32423,43.61836],[-79.32411,43.61813],[-79.32391,43.61795],[-79.32372,43.61786],[-79.32362,43.61779],[-79.32353,43.61771],[-79.32349,43.61763],[-79.32349,43.61742],[-79.32354,43.61734],[-79.32365,43.61729],[-79.32378,43.61725],[-79.32394,43.61725],[-79.32405,43.61727],[-79.32419,43.61731],[-79.32432,43.61737],[-79.32443,43.61743],[-79.32449,43.61749],[-79.32452,43.61754],[-79.32461,43.61759],[-79.32476,43.61765],[-79.32498,43.61773],[-79.32515,43.61777],[-79.32531,43.61779],[-79.32558,43.61779],[-79.32576,43.61776],[-79.3259,43.61771],[-79.32605,43.61767],[-79.32618,43.61763],[-79.32628,43.61759],[-79.32644,43.61754],[-79.32665,43.61749],[-79.32682,43.61747],[-79.32707,43.61747],[-79.32717,43.6175],[-79.32723,43.61753],[-79.32726,43.61759],[-79.32729,43.61765],[-79.32728,43.61771],[-79.32726,43.61775],[-79.32723,43.61781],[-79.32717,43.61787],[-79.32711,43.61792],[-79.32703,43.61798],[-79.32693,43.61802],[-79.32683,43.61804],[-79.32669,43.61806],[-79.32656,43.61808],[-79.32631,43.61812],[-79.32584,43.61837],[-79.32565,43.61852],[-79.32544,43.61889],[-79.3253,43.61906],[-79.32505,43.61942],[-79.32503,43.61961],[-79.32504,43.6197],[-79.32508,43.61986],[-79.32512,43.62005],[-79.32517,43.62018],[-79.32518,43.62023],[-79.32515,43.62026],[-79.32513,43.62028],[-79.32512,43.62032],[-79.32513,43.62035],[-79.32515,43.62039],[-79.32516,43.62045],[-79.32516,43.62049],[-79.32512,43.62054],[-79.32507,43.62064],[-79.32503,43.62071],[-79.32497,43.62082],[-79.32488,43.62096],[-79.32481,43.62122],[-79.32478,43.62139],[-79.32483,43.62158],[-79.32548,43.62198],[-79.32573,43.62205],[-79.32603,43.62208],[-79.32657,43.62207],[-79.32743,43.62191],[-79.3277,43.62192],[-79.32838,43.62178],[-79.32864,43.62167],[-79.32869,43.62148],[-79.32866,43.62132],[-79.32738,43.62051],[-79.32698,43.62033],[-79.32684,43.62021],[-79.32679,43.62011],[-79.32669,43.61972],[-79.32671,43.61957],[-79.32696,43.61904],[-79.3272,43.61884],[-79.32749,43.6188],[-79.32772,43.61891],[-79.32797,43.61945],[-79.32825,43.61963],[-79.32952,43.62009],[-79.33012,43.62024],[-79.33067,43.62033],[-79.33186,43.62041],[-79.33243,43.62042],[-79.33271,43.62035],[-79.33306,43.62029],[-79.33389,43.62014],[-79.33455,43.61988],[-79.33481,43.61967],[-79.33485,43.61944],[-79.33499,43.61937],[-79.33513,43.61934],[-79.33541,43.61941],[-79.33572,43.61943],[-79.33594,43.61942],[-79.33607,43.61943],[-79.3362,43.6194],[-79.33651,43.61932],[-79.3371,43.61914],[-79.33752,43.61889],[-79.33823,43.61832],[-79.33895,43.61764],[-79.33908,43.61742],[-79.33929,43.61723],[-79.33946,43.61703],[-79.33968,43.61684],[-79.33983,43.61664],[-79.33995,43.61649],[-79.3401,43.61628],[-79.34024,43.61615],[-79.34028,43.61605],[-79.34042,43.61591],[-79.34056,43.61573],[-79.34065,43.6156],[-79.34076,43.6154],[-79.34089,43.61523],[-79.34095,43.61513],[-79.34104,43.61506],[-79.34122,43.615],[-79.3414,43.61495],[-79.34162,43.61487],[-79.34184,43.61472],[-79.34206,43.61446],[-79.34252,43.61364],[-79.34258,43.61342],[-79.34267,43.61322],[-79.34273,43.6131],[-79.34281,43.61298],[-79.3429,43.61289],[-79.34297,43.61282],[-79.34301,43.6128],[-79.34307,43.61278],[-79.34314,43.61277],[-79.34319,43.61276],[-79.34326,43.61275],[-79.34334,43.61273],[-79.34343,43.61273],[-79.34348,43.61277],[-79.34353,43.61278],[-79.34357,43.61278],[-79.34361,43.61277],[-79.34364,43.61279],[-79.3437,43.61281],[-79.34374,43.61285],[-79.34383,43.61291],[-79.34392,43.61298],[-79.34401,43.61308],[-79.34408,43.61319],[-79.34412,43.61326],[-79.34412,43.6133],[-79.34411,43.61334],[-79.34409,43.61339],[-79.34408,43.61345],[-79.34408,43.61353],[-79.34407,43.61363],[-79.34405,43.61373],[-79.344,43.61383],[-79.34394,43.61391],[-79.34383,43.61486],[-79.34369,43.61533],[-79.34369,43.61622],[-79.34377,43.61673],[-79.34436,43.61772],[-79.34445,43.6178],[-79.3446,43.61784],[-79.34462,43.61786],[-79.34468,43.61795],[-79.34474,43.61799],[-79.34477,43.61803],[-79.34477,43.61809],[-79.34478,43.61815],[-79.34477,43.6182],[-79.34477,43.61828],[-79.34475,43.61833],[-79.3447,43.61839],[-79.34467,43.61843],[-79.34461,43.61845],[-79.34453,43.61849],[-79.34446,43.61851],[-79.34442,43.61854],[-79.34439,43.61859],[-79.34433,43.61866],[-79.34429,43.61873],[-79.34423,43.61879],[-79.34415,43.61885],[-79.34394,43.61902],[-79.34373,43.61923],[-79.34358,43.61944],[-79.34354,43.61951],[-79.34344,43.61972],[-79.34336,43.62013],[-79.34338,43.62035],[-79.34356,43.62075],[-79.34369,43.62089],[-79.34394,43.62113],[-79.34413,43.62125],[-79.34433,43.62138],[-79.34452,43.62148],[-79.34478,43.62163],[-79.34494,43.62163],[-79.345,43.62164],[-79.34504,43.62165],[-79.34506,43.62167],[-79.34506,43.62169],[-79.34508,43.62171],[-79.34507,43.62173],[-79.34507,43.62175],[-79.34503,43.62179],[-79.34498,43.62182],[-79.34495,43.62183],[-79.34491,43.62184],[-79.34483,43.62187],[-79.34479,43.62188],[-79.34473,43.62191],[-79.34468,43.62193],[-79.34464,43.62196],[-79.34458,43.622],[-79.34455,43.62203],[-79.34452,43.62205],[-79.34449,43.62209],[-79.34447,43.62211],[-79.34441,43.62216],[-79.34436,43.6222],[-79.34431,43.62223],[-79.34429,43.62227],[-79.34427,43.62229],[-79.34422,43.6223],[-79.34412,43.62232],[-79.34407,43.62233],[-79.34403,43.62232],[-79.34399,43.62231],[-79.34396,43.6223],[-79.34388,43.62228],[-79.34382,43.62228],[-79.34373,43.62224],[-79.34365,43.6222],[-79.34362,43.62218],[-79.34357,43.62218],[-79.3435,43.62219],[-79.34346,43.6222],[-79.34342,43.62219],[-79.34338,43.62216],[-79.34333,43.62216],[-79.34329,43.62215],[-79.34328,43.62213],[-79.34328,43.62209],[-79.34327,43.62206],[-79.34324,43.62203],[-79.3432,43.62202],[-79.34314,43.622],[-79.34311,43.62197],[-79.3431,43.62194],[-79.3431,43.6219],[-79.34312,43.62187],[-79.34322,43.62183],[-79.34326,43.62182],[-79.34329,43.62177],[-79.34332,43.62171],[-79.34332,43.62165],[-79.3433,43.6216],[-79.34326,43.62152],[-79.34321,43.62145],[-79.34312,43.62137],[-79.34303,43.62129],[-79.34298,43.62122],[-79.34296,43.62116],[-79.34295,43.62103],[-79.34291,43.62091],[-79.34291,43.62081],[-79.34281,43.62044],[-79.34278,43.62024],[-79.34281,43.62004],[-79.34287,43.61986],[-79.34285,43.61967],[-79.34271,43.61951],[-79.34245,43.61942],[-79.34213,43.61936],[-79.34123,43.6195],[-79.34069,43.61972],[-79.34044,43.61987],[-79.34005,43.62018],[-79.33975,43.62051],[-79.33965,43.62069],[-79.33965,43.62087],[-79.33976,43.62121],[-79.33988,43.62137],[-79.34006,43.62149],[-79.34058,43.62165],[-79.34096,43.62187],[-79.34103,43.62193],[-79.34106,43.62196],[-79.3411,43.622],[-79.34111,43.62203],[-79.34112,43.62207],[-79.34112,43.6222],[-79.34113,43.6223],[-79.34114,43.62245],[-79.34126,43.6225],[-79.34141,43.62255],[-79.34153,43.6226],[-79.34168,43.62266],[-79.34178,43.62269],[-79.34188,43.62273],[-79.34195,43.62275],[-79.34201,43.62278],[-79.34206,43.6228],[-79.34216,43.62283],[-79.34224,43.62286],[-79.34231,43.62288],[-79.34236,43.62288],[-79.3424,43.62287],[-79.34243,43.62286],[-79.34245,43.62284],[-79.34248,43.62282],[-79.34252,43.62279],[-79.34256,43.62276],[-79.3426,43.62275],[-79.34263,43.62276],[-79.34269,43.62279],[-79.34276,43.62281],[-79.34283,43.62283],[-79.34289,43.62287],[-79.34295,43.62291],[-79.34303,43.62298],[-79.34307,43.62303],[-79.34315,43.62311],[-79.34319,43.62318],[-79.34322,43.62326],[-79.34323,43.6233],[-79.34323,43.62334],[-79.3432,43.62339],[-79.34315,43.6234],[-79.34313,43.62339],[-79.34306,43.62338],[-79.34304,43.62341],[-79.34298,43.62344],[-79.34296,43.62344],[-79.34294,43.62345],[-79.34285,43.62345],[-79.34282,43.62343],[-79.34277,43.62342],[-79.34272,43.6234],[-79.34264,43.62332],[-79.3426,43.62329],[-79.34257,43.62327],[-79.34253,43.62326],[-79.34248,43.62324],[-79.34242,43.62324],[-79.34238,43.62323],[-79.34229,43.62323],[-79.34222,43.62324],[-79.34206,43.62327],[-79.34188,43.6233],[-79.34181,43.62333],[-79.34174,43.62334],[-79.34168,43.62337],[-79.34161,43.62341],[-79.34152,43.62347],[-79.34145,43.62352],[-79.34139,43.62357],[-79.34135,43.62359],[-79.34126,43.62365],[-79.34114,43.62371],[-79.34103,43.62377],[-79.34088,43.62383],[-79.34074,43.62389],[-79.34072,43.6239],[-79.34069,43.62391],[-79.34065,43.62394],[-79.3406,43.62396],[-79.34055,43.624],[-79.34051,43.62402],[-79.34045,43.62404],[-79.3404,43.62406],[-79.34036,43.62407],[-79.34028,43.62407],[-79.34023,43.62406],[-79.34018,43.62406],[-79.34016,43.62405],[-79.34015,43.62404],[-79.34015,43.62403],[-79.34017,43.62402],[-79.34019,43.62402],[-79.34024,43.624],[-79.34027,43.62399],[-79.34029,43.62398],[-79.34031,43.62395],[-79.34033,43.62393],[-79.34037,43.62391],[-79.34046,43.62391],[-79.34047,43.6239],[-79.34049,43.62388],[-79.34053,43.62384],[-79.34053,43.62377],[-79.34052,43.62375],[-79.3405,43.62372],[-79.34048,43.62368],[-79.34045,43.62364],[-79.34042,43.62361],[-79.34038,43.62358],[-79.34036,43.62355],[-79.34027,43.6235],[-79.3402,43.62345],[-79.34005,43.62334],[-79.33992,43.62326],[-79.33981,43.62318],[-79.33961,43.62303],[-79.33947,43.62299],[-79.33938,43.62298],[-79.33926,43.62297],[-79.33913,43.62298],[-79.33901,43.62301],[-79.33892,43.62303],[-79.33888,43.62302],[-79.33887,43.623],[-79.33886,43.62297],[-79.33885,43.62296],[-79.33885,43.62293],[-79.33886,43.62292],[-79.33887,43.62291],[-79.33888,43.6229],[-79.33889,43.62289],[-79.3389,43.62287],[-79.33891,43.62284],[-79.33894,43.62283],[-79.33897,43.62283],[-79.33898,43.62281],[-79.339,43.62277],[-79.33902,43.62274],[-79.33902,43.62272],[-79.33903,43.6227],[-79.33902,43.62268],[-79.33902,43.62265],[-79.33901,43.62262],[-79.33899,43.6226],[-79.33897,43.62258],[-79.33893,43.62257],[-79.33891,43.62255],[-79.3389,43.62254],[-79.33891,43.62253],[-79.33891,43.62252],[-79.33892,43.62251],[-79.33895,43.62251],[-79.33898,43.62252],[-79.33904,43.62253],[-79.33904,43.62254],[-79.33905,43.62255],[-79.33905,43.62264],[-79.33909,43.62262],[-79.33911,43.62261],[-79.33912,43.6226],[-79.33916,43.62256],[-79.33917,43.62253],[-79.33917,43.62251],[-79.33918,43.62248],[-79.33917,43.62245],[-79.33917,43.62243],[-79.33916,43.62242],[-79.33914,43.62239],[-79.33912,43.62236],[-79.3391,43.62233],[-79.33908,43.62231],[-79.33905,43.62228],[-79.33901,43.62223],[-79.33893,43.62218],[-79.33888,43.62216],[-79.33882,43.62215],[-79.33867,43.62214],[-79.33856,43.62215],[-79.33849,43.62216],[-79.33833,43.62224],[-79.33826,43.62226],[-79.33814,43.62232],[-79.33797,43.62241],[-79.3379,43.62247],[-79.33784,43.62253],[-79.33775,43.62257],[-79.33775,43.62263],[-79.33771,43.62266],[-79.33765,43.6227],[-79.33755,43.62275],[-79.33745,43.62284],[-79.33737,43.62292],[-79.33736,43.62301],[-79.33736,43.62309],[-79.33737,43.62313],[-79.33729,43.62313],[-79.33727,43.62312],[-79.33726,43.62311],[-79.33726,43.62302],[-79.33729,43.62296],[-79.33722,43.62296],[-79.33715,43.62297],[-79.33706,43.62301],[-79.33703,43.62305],[-79.33701,43.62306],[-79.33701,43.62307],[-79.337,43.62309],[-79.33701,43.6231],[-79.33701,43.62312],[-79.33702,43.62314],[-79.337,43.62316],[-79.337,43.62315],[-79.33697,43.62316],[-79.33687,43.62319],[-79.33688,43.6232],[-79.337,43.6232],[-79.337,43.62318],[-79.33704,43.62318],[-79.33706,43.62319],[-79.33707,43.62319],[-79.33709,43.6232],[-79.33709,43.62324],[-79.33707,43.62328],[-79.33711,43.62328],[-79.33712,43.62329],[-79.33714,43.62327],[-79.33715,43.62326],[-79.33717,43.62325],[-79.33719,43.62325],[-79.3372,43.62326],[-79.33721,43.62327],[-79.33729,43.62327],[-79.33726,43.62324],[-79.33726,43.62323],[-79.33723,43.62321],[-79.33722,43.62321],[-79.33721,43.6232],[-79.3372,43.6232],[-79.3372,43.62318],[-79.33723,43.62318],[-79.33724,43.62319],[-79.33727,43.62319],[-79.33729,43.6232],[-79.33738,43.6232],[-79.33739,43.62318],[-79.33744,43.62313],[-79.33744,43.62304],[-79.33743,43.62301],[-79.33742,43.62297],[-79.33742,43.62296],[-79.33743,43.62295],[-79.33748,43.62295],[-79.33751,43.62296],[-79.33753,43.62296],[-79.33754,43.62297],[-79.3376,43.62297],[-79.33763,43.62298],[-79.33765,43.62298],[-79.33766,43.62299],[-79.33767,43.623],[-79.33773,43.62306],[-79.33774,43.62307],[-79.33774,43.62308],[-79.33775,43.6231],[-79.33776,43.62311],[-79.33777,43.62313],[-79.33777,43.62316],[-79.33769,43.62313],[-79.33767,43.62312],[-79.33766,43.62312],[-79.33762,43.62311],[-79.33762,43.62312],[-79.33758,43.62312],[-79.33768,43.62317],[-79.33769,43.62317],[-79.33771,43.62318],[-79.33778,43.62318],[-79.33783,43.62319],[-79.33787,43.62318],[-79.33793,43.62318],[-79.33798,43.62317],[-79.33803,43.62316],[-79.3381,43.62315],[-79.33818,43.62312],[-79.33822,43.62312],[-79.33823,43.62314],[-79.33824,43.62316],[-79.33822,43.62316],[-79.33818,43.62317],[-79.33811,43.6232],[-79.33806,43.62321],[-79.33798,43.62326],[-79.33795,43.62327],[-79.33787,43.62335],[-79.33784,43.62339],[-79.33783,43.6234],[-79.33778,43.62344],[-79.33772,43.6235],[-79.33757,43.62366],[-79.3374,43.62386],[-79.33734,43.62397],[-79.33724,43.62414],[-79.33713,43.62433],[-79.33708,43.62448],[-79.33703,43.62459],[-79.33703,43.62484],[-79.33705,43.62492],[-79.33709,43.62508],[-79.33715,43.62531],[-79.33725,43.6256],[-79.33727,43.6258],[-79.33731,43.62592],[-79.33743,43.62615],[-79.33764,43.62651],[-79.3378,43.62683],[-79.3379,43.62698],[-79.33798,43.62701],[-79.33803,43.62707],[-79.33808,43.62713],[-79.33815,43.62722],[-79.33824,43.62739],[-79.33831,43.62754],[-79.33836,43.62765],[-79.33838,43.62774],[-79.33843,43.62779],[-79.33855,43.62795],[-79.33863,43.62815],[-79.33866,43.62818],[-79.3388,43.62832],[-79.33886,43.62843],[-79.33896,43.62856],[-79.33907,43.62874],[-79.33929,43.62902],[-79.3394,43.62918],[-79.33945,43.62924],[-79.33948,43.62926],[-79.33951,43.62928],[-79.33956,43.62927],[-79.33964,43.62924],[-79.33971,43.62922],[-79.33978,43.6292],[-79.33982,43.62919],[-79.33983,43.62922],[-79.33984,43.62924],[-79.33983,43.62925],[-79.3397,43.6293],[-79.33964,43.62934],[-79.33954,43.62936],[-79.33947,43.62939],[-79.33935,43.62939],[-79.3393,43.62941],[-79.33923,43.62941],[-79.33914,43.62937],[-79.33908,43.62933],[-79.33902,43.6293],[-79.33897,43.62925],[-79.33891,43.62921],[-79.33886,43.62917],[-79.33875,43.62914],[-79.33867,43.62911],[-79.33861,43.6291],[-79.33861,43.62908],[-79.33864,43.62908],[-79.33867,43.62909],[-79.33867,43.62904],[-79.33865,43.629],[-79.3386,43.62896],[-79.3385,43.62893],[-79.33844,43.62892],[-79.33838,43.6289],[-79.33831,43.62889],[-79.33818,43.62889],[-79.3381,43.62892],[-79.33802,43.62894],[-79.33791,43.62899],[-79.33786,43.62902],[-79.33777,43.62906],[-79.33769,43.62908],[-79.33762,43.62908],[-79.33758,43.62907],[-79.33752,43.62907],[-79.33748,43.62905],[-79.33744,43.62902],[-79.33741,43.62898],[-79.33738,43.62895],[-79.33736,43.6289],[-79.33736,43.62881],[-79.33738,43.62877],[-79.3374,43.62874],[-79.33745,43.62871],[-79.33748,43.62865],[-79.3375,43.6286],[-79.3375,43.6284],[-79.33741,43.62802],[-79.33732,43.62782],[-79.33689,43.62751],[-79.33654,43.62748],[-79.3359,43.62757],[-79.33527,43.62752],[-79.33499,43.62743],[-79.33487,43.62728],[-79.33491,43.62708],[-79.33511,43.62688],[-79.33561,43.62654],[-79.33576,43.62635],[-79.33571,43.62617],[-79.33543,43.62569],[-79.33511,43.6254],[-79.33487,43.62525],[-79.33459,43.62516],[-79.33444,43.62514],[-79.3344,43.62515],[-79.33437,43.62514],[-79.33434,43.62516],[-79.33435,43.62521],[-79.33433,43.62523],[-79.3343,43.62525],[-79.33427,43.62528],[-79.33424,43.62531],[-79.33423,43.62537],[-79.33423,43.62545],[-79.33424,43.62546],[-79.33425,43.62549],[-79.33429,43.62551],[-79.33431,43.62553],[-79.33431,43.62555],[-79.33429,43.62557],[-79.33426,43.62561],[-79.33422,43.62564],[-79.33424,43.62566],[-79.33427,43.62567],[-79.33429,43.6257],[-79.33431,43.62578],[-79.33436,43.62584],[-79.33439,43.6259],[-79.33439,43.62593],[-79.33437,43.62595],[-79.33431,43.62598],[-79.33428,43.62599],[-79.33425,43.62598],[-79.33423,43.62597],[-79.33419,43.62593],[-79.33409,43.62585],[-79.334,43.62577],[-79.33397,43.62575],[-79.33393,43.62574],[-79.33385,43.62573],[-79.33371,43.62573],[-79.33363,43.62572],[-79.33352,43.62575],[-79.33346,43.62577],[-79.33352,43.6258],[-79.33352,43.62582],[-79.33351,43.62582],[-79.33347,43.62584],[-79.33344,43.62585],[-79.33339,43.62586],[-79.33336,43.62587],[-79.33325,43.62587],[-79.33318,43.62589],[-79.33316,43.62591],[-79.33312,43.62593],[-79.33309,43.62593],[-79.33303,43.62594],[-79.33299,43.62593],[-79.33276,43.62593],[-79.33275,43.6259],[-79.33272,43.62589],[-79.33267,43.6259],[-79.33264,43.62591],[-79.33258,43.62592],[-79.33245,43.62599],[-79.33231,43.62605],[-79.33227,43.62607],[-79.33221,43.6261],[-79.33221,43.62614],[-79.3322,43.62614],[-79.33218,43.62615],[-79.33217,43.62617],[-79.33216,43.62618],[-79.33215,43.62619],[-79.33213,43.62619],[-79.33211,43.6262],[-79.33209,43.6262],[-79.33208,43.62619],[-79.33208,43.62618],[-79.33207,43.62617],[-79.33206,43.62615],[-79.33205,43.62614],[-79.33204,43.62612],[-79.33203,43.6261],[-79.33201,43.62609],[-79.33198,43.62608],[-79.33195,43.62607],[-79.33194,43.62606],[-79.33192,43.62604],[-79.33189,43.62602],[-79.33185,43.62599],[-79.3318,43.62597],[-79.33177,43.62596],[-79.33176,43.62595],[-79.33174,43.62594],[-79.33169,43.62592],[-79.33161,43.62588],[-79.33154,43.62585],[-79.33148,43.62584],[-79.33143,43.62582],[-79.33143,43.62584],[-79.33136,43.62584],[-79.33136,43.62581],[-79.33129,43.62585],[-79.33116,43.62597],[-79.33096,43.62616],[-79.331,43.62616],[-79.33101,43.62618],[-79.33101,43.62621],[-79.33103,43.62623],[-79.33104,43.62625],[-79.33108,43.62629],[-79.33112,43.62631],[-79.33116,43.62634],[-79.33121,43.62637],[-79.33123,43.62638],[-79.33124,43.62639],[-79.33125,43.62641],[-79.33126,43.62642],[-79.33127,43.62644],[-79.33134,43.62647],[-79.3314,43.62647],[-79.33141,43.62648],[-79.33141,43.6265],[-79.33145,43.62652],[-79.3315,43.62655],[-79.33154,43.62658],[-79.33158,43.6266],[-79.33163,43.62665],[-79.33166,43.62667],[-79.33167,43.62672],[-79.33166,43.62676],[-79.33165,43.62678],[-79.33163,43.62678],[-79.33161,43.62679],[-79.33157,43.62682],[-79.33152,43.62685],[-79.33148,43.62688],[-79.33145,43.6269],[-79.33143,43.62694],[-79.33143,43.627],[-79.33147,43.62702],[-79.33149,43.62704],[-79.33149,43.6271],[-79.3315,43.62713],[-79.33152,43.62715],[-79.33153,43.62718],[-79.33153,43.6272],[-79.33154,43.62723],[-79.33154,43.62724],[-79.33153,43.62726],[-79.33152,43.62727],[-79.3315,43.62727],[-79.33148,43.62728],[-79.33144,43.62729],[-79.33142,43.62729],[-79.33139,43.62732],[-79.33137,43.62734],[-79.33135,43.62736],[-79.33134,43.62738],[-79.33133,43.62741],[-79.3313,43.62745],[-79.33129,43.62746],[-79.33127,43.62748],[-79.33127,43.6275],[-79.33126,43.62752],[-79.33125,43.62754],[-79.33122,43.62756],[-79.33122,43.62758],[-79.33118,43.62762],[-79.33116,43.62764],[-79.33114,43.62767],[-79.33111,43.62769],[-79.33108,43.62771],[-79.33104,43.62772],[-79.331,43.62775],[-79.33094,43.62778],[-79.3309,43.62779],[-79.33085,43.62781],[-79.33085,43.62785],[-79.33084,43.62786],[-79.33083,43.62787],[-79.33083,43.62788],[-79.33082,43.6279],[-79.33081,43.62792],[-79.3308,43.62793],[-79.33077,43.62795],[-79.33075,43.62797],[-79.33073,43.62799],[-79.33072,43.628],[-79.3307,43.62802],[-79.33069,43.62805],[-79.33069,43.62807],[-79.33067,43.62811],[-79.33065,43.62815],[-79.33064,43.62816],[-79.33055,43.62816],[-79.33053,43.62815],[-79.33048,43.62815],[-79.33044,43.62816],[-79.33036,43.62816],[-79.33034,43.62817],[-79.33033,43.62818],[-79.3303,43.62824],[-79.33028,43.62826],[-79.33025,43.62827],[-79.33021,43.62828],[-79.33017,43.62829],[-79.33005,43.62829],[-79.33003,43.6283],[-79.33,43.62831],[-79.32997,43.62833],[-79.32996,43.62834],[-79.32994,43.62837],[-79.32993,43.62839],[-79.32992,43.6284],[-79.32991,43.62841],[-79.32991,43.62843],[-79.3299,43.62844],[-79.32989,43.62845],[-79.32987,43.62846],[-79.32987,43.62849],[-79.32986,43.6285],[-79.32984,43.62851],[-79.32984,43.62853],[-79.32983,43.62854],[-79.32982,43.62857],[-79.3298,43.62861],[-79.32978,43.62865],[-79.32974,43.62866],[-79.32974,43.62868],[-79.32972,43.62871],[-79.32971,43.62872],[-79.3297,43.62875],[-79.32968,43.62877],[-79.32965,43.62879],[-79.32965,43.62881],[-79.32964,43.62882],[-79.32963,43.62884],[-79.32961,43.62886],[-79.3296,43.62887],[-79.32959,43.62889],[-79.32959,43.6289],[-79.32958,43.62892],[-79.32957,43.62895],[-79.32954,43.629],[-79.32953,43.62904],[-79.32951,43.62907],[-79.3295,43.62909],[-79.32949,43.62911],[-79.32948,43.62913],[-79.32947,43.62915],[-79.32946,43.62919],[-79.32946,43.62923],[-79.32945,43.62925],[-79.32943,43.62927],[-79.3294,43.6293],[-79.32937,43.62933],[-79.32936,43.62938],[-79.32936,43.62942],[-79.32935,43.62945],[-79.32934,43.62947],[-79.32931,43.62949],[-79.32929,43.62952],[-79.32924,43.62956],[-79.3292,43.62962],[-79.32917,43.62966],[-79.32914,43.62969],[-79.32913,43.62971],[-79.32912,43.62973],[-79.3291,43.62976],[-79.32908,43.62978],[-79.32904,43.62981],[-79.32902,43.62983],[-79.32901,43.62985],[-79.32899,43.62988],[-79.32895,43.62994],[-79.32891,43.62999],[-79.32887,43.63005],[-79.32884,43.63009],[-79.32882,43.63011],[-79.32882,43.63013],[-79.32879,43.63017],[-79.32878,43.63021],[-79.32876,43.63027],[-79.32874,43.63028],[-79.32873,43.63029],[-79.32872,43.6303],[-79.32872,43.63033],[-79.32871,43.63035],[-79.32869,43.63038],[-79.32868,43.63041],[-79.32868,43.63047],[-79.32867,43.63049],[-79.32867,43.63051],[-79.32866,43.63053],[-79.32865,43.63056],[-79.32865,43.63064],[-79.32866,43.63067],[-79.32868,43.63071],[-79.32872,43.63077],[-79.32874,43.6308],[-79.32879,43.63084],[-79.32883,43.63088],[-79.32891,43.63094],[-79.32894,43.63096],[-79.32899,43.63097],[-79.32908,43.631],[-79.32911,43.63101],[-79.32936,43.63109],[-79.32963,43.63117],[-79.32986,43.63123],[-79.32991,43.63125],[-79.32993,43.63126],[-79.32998,43.63127],[-79.33003,43.63129],[-79.33008,43.63129],[-79.33013,43.6313],[-79.33018,43.6313],[-79.33022,43.63129],[-79.33025,43.63127],[-79.33035,43.63126],[-79.3304,43.63125],[-79.33047,43.63125],[-79.33063,43.63126],[-79.33068,43.63125],[-79.33073,43.63125],[-79.33079,43.63124],[-79.33084,43.63123],[-79.33086,43.63123],[-79.33086,43.63125],[-79.33088,43.63125],[-79.33095,43.63126],[-79.33102,43.63127],[-79.33126,43.63127],[-79.33131,43.63126],[-79.33135,43.63126],[-79.3314,43.63124],[-79.33145,43.63123],[-79.33148,43.6312],[-79.33152,43.63119],[-79.33154,43.63117],[-79.33156,43.63114],[-79.33158,43.63112],[-79.33159,43.6311],[-79.33162,43.63104],[-79.33164,43.63098],[-79.33165,43.63093],[-79.33167,43.6309],[-79.33169,43.63086],[-79.33173,43.63083],[-79.33177,43.63078],[-79.33179,43.63076],[-79.33181,43.63073],[-79.33181,43.63067],[-79.33182,43.63063],[-79.33183,43.6306],[-79.33185,43.63057],[-79.33188,43.63054],[-79.33192,43.63052],[-79.33195,43.63049],[-79.33199,43.63047],[-79.33203,43.63046],[-79.33211,43.63045],[-79.33216,43.63044],[-79.33223,43.63044],[-79.33228,43.63043],[-79.33234,43.6304],[-79.33238,43.63038],[-79.33241,43.63035],[-79.33244,43.63031],[-79.33245,43.63028],[-79.33247,43.63024],[-79.33248,43.63019],[-79.3325,43.63017],[-79.33254,43.63016],[-79.33257,43.63016],[-79.3326,43.63018],[-79.33263,43.6302],[-79.33266,43.63022],[-79.33266,43.63031],[-79.33264,43.63034],[-79.33261,43.63037],[-79.33258,43.63038],[-79.33257,43.63039],[-79.33255,43.63041],[-79.33253,43.63043],[-79.33252,43.63045],[-79.33252,43.6305],[-79.33251,43.63052],[-79.33251,43.63056],[-79.33252,43.63058],[-79.33254,43.6306],[-79.33256,43.63062],[-79.3326,43.63063],[-79.33263,43.63065],[-79.33267,43.63066],[-79.3327,43.63067],[-79.33274,43.63068],[-79.33279,43.63069],[-79.33284,43.6307],[-79.3329,43.6307],[-79.33295,43.63069],[-79.33297,43.63069],[-79.33306,43.63068],[-79.33316,43.63065],[-79.33335,43.63062],[-79.33352,43.63057],[-79.33363,43.63054],[-79.3337,43.63051],[-79.33374,43.63049],[-79.33382,43.63043],[-79.33385,43.63041],[-79.33387,43.63038],[-79.33389,43.63035],[-79.33389,43.63034],[-79.33392,43.63028],[-79.33392,43.63025],[-79.33391,43.63021],[-79.33391,43.63018],[-79.33389,43.63016],[-79.33384,43.63007],[-79.3338,43.63003],[-79.33378,43.63],[-79.33377,43.62996],[-79.33375,43.62992],[-79.33374,43.62988],[-79.33372,43.62983],[-79.33372,43.62966],[-79.33373,43.62963],[-79.33375,43.6296],[-79.33379,43.62956],[-79.33383,43.62952],[-79.33388,43.62949],[-79.33392,43.62946],[-79.33398,43.62942],[-79.33401,43.6294],[-79.33405,43.62939],[-79.33409,43.62938],[-79.33417,43.62938],[-79.33422,43.62939],[-79.33427,43.6294],[-79.33433,43.62941],[-79.33437,43.62941],[-79.33442,43.62943],[-79.33446,43.62944],[-79.33451,43.62946],[-79.33462,43.62952],[-79.33478,43.62962],[-79.33486,43.62967],[-79.33491,43.62969],[-79.33498,43.62972],[-79.33503,43.62973],[-79.33508,43.62974],[-79.33515,43.62973],[-79.33519,43.62973],[-79.33524,43.62972],[-79.33528,43.6297],[-79.33537,43.62967],[-79.33542,43.62965],[-79.33552,43.6296],[-79.33568,43.62952],[-79.33581,43.62945],[-79.33589,43.6294],[-79.33597,43.62935],[-79.33604,43.62928],[-79.33608,43.62922],[-79.3361,43.6292],[-79.33611,43.62918],[-79.3361,43.62916],[-79.33611,43.62913],[-79.33612,43.6291],[-79.33613,43.62909],[-79.33616,43.62909],[-79.3362,43.62911],[-79.33625,43.62914],[-79.33629,43.62916],[-79.33632,43.62919],[-79.33635,43.62924],[-79.33638,43.62924],[-79.33639,43.62925],[-79.33642,43.62927],[-79.33643,43.6293],[-79.33645,43.62933],[-79.33646,43.62937],[-79.33643,43.62938],[-79.33643,43.62941],[-79.33642,43.62946],[-79.33642,43.6295],[-79.3364,43.62957],[-79.33639,43.6296],[-79.33636,43.62966],[-79.33634,43.62972],[-79.33634,43.62992],[-79.33632,43.62994],[-79.3363,43.62995],[-79.33626,43.62996],[-79.33621,43.62996],[-79.33617,43.62998],[-79.33612,43.63],[-79.33605,43.63004],[-79.336,43.63005],[-79.33596,43.63007],[-79.33594,43.6301],[-79.33588,43.63015],[-79.33581,43.63022],[-79.33575,43.63028],[-79.33571,43.63033],[-79.33567,43.63037],[-79.33565,43.6304],[-79.3356,43.63044],[-79.33557,43.63049],[-79.33556,43.63051],[-79.33554,43.63054],[-79.33551,43.63056],[-79.33549,43.63057],[-79.33547,43.63059],[-79.33546,43.63061],[-79.33542,43.63063],[-79.33537,43.63065],[-79.3353,43.63066],[-79.33521,43.6307],[-79.33515,43.63073],[-79.33511,43.63077],[-79.33506,43.63084],[-79.33501,43.63084],[-79.33499,43.63085],[-79.33495,43.63086],[-79.33493,43.63087],[-79.3349,43.63088],[-79.33487,43.6309],[-79.33486,43.63092],[-79.33484,43.63095],[-79.33481,43.631],[-79.33477,43.63108],[-79.33473,43.63115],[-79.33471,43.63121],[-79.33469,43.63128],[-79.33466,43.63143],[-79.33462,43.63151],[-79.33459,43.63156],[-79.33456,43.63161],[-79.33452,43.63163],[-79.33447,43.63165],[-79.33441,43.63166],[-79.33437,43.63166],[-79.33429,43.63167],[-79.33423,43.63166],[-79.33417,43.63165],[-79.3341,43.63164],[-79.33403,43.63163],[-79.33393,43.63161],[-79.33385,43.6316],[-79.33377,43.63158],[-79.3337,43.63158],[-79.33362,43.63157],[-79.33341,43.63157],[-79.33334,43.63158],[-79.33326,43.63158],[-79.33321,43.63159],[-79.33317,43.63161],[-79.33314,43.63163],[-79.33312,43.63164],[-79.33309,43.63166],[-79.33304,43.63167],[-79.33292,43.63171],[-79.33276,43.63177],[-79.33271,43.63179],[-79.33265,43.63181],[-79.33258,43.63183],[-79.33245,43.63186],[-79.33239,43.63188],[-79.33229,43.63192],[-79.33225,43.63194],[-79.33216,43.63199],[-79.33204,43.63206],[-79.3319,43.63213],[-79.33173,43.63218],[-79.33157,43.63223],[-79.33144,43.63228],[-79.33136,43.63235],[-79.33132,43.63237],[-79.33129,43.63238],[-79.33125,43.63239],[-79.33114,43.63247],[-79.33103,43.63255],[-79.33089,43.63263],[-79.33075,43.63268],[-79.33065,43.63274],[-79.33056,43.63278],[-79.33051,43.6328],[-79.33043,43.63282],[-79.33036,43.63284],[-79.3303,43.63285],[-79.32998,43.63285],[-79.32986,43.63291],[-79.32965,43.63301],[-79.32963,43.63304],[-79.32962,43.63309],[-79.32961,43.63313],[-79.32961,43.63326],[-79.32963,43.63331],[-79.32964,43.63336],[-79.32965,43.63341],[-79.32965,43.63347],[-79.32964,43.63352],[-79.32962,43.63357],[-79.3296,43.63362],[-79.32958,43.63364],[-79.32954,43.63367],[-79.32951,43.63369],[-79.32949,43.63369],[-79.32948,43.63368],[-79.32947,43.63367],[-79.32946,43.63365],[-79.32947,43.63363],[-79.3295,43.63359],[-79.32952,43.63351],[-79.32952,43.63349],[-79.32951,43.63342],[-79.32951,43.63335],[-79.32949,43.63326],[-79.32949,43.63318],[-79.32944,43.63321],[-79.32942,43.63323],[-79.3294,43.63325],[-79.3294,43.63326],[-79.32939,43.63328],[-79.32938,43.63329],[-79.32936,43.6333],[-79.32928,43.6333],[-79.32921,43.63331],[-79.32918,43.63334],[-79.32917,43.63336],[-79.32917,43.63339],[-79.32916,43.63339],[-79.3291,43.63342],[-79.32907,43.63343],[-79.32905,43.63346],[-79.32904,43.63346],[-79.32903,43.63352],[-79.32904,43.63354],[-79.32907,43.63357],[-79.32909,43.63363],[-79.32904,43.63365],[-79.32891,43.63372],[-79.32882,43.6338],[-79.32874,43.63384],[-79.32867,43.63388],[-79.32858,43.63392],[-79.32855,43.63397],[-79.32854,43.63399],[-79.32852,43.63401],[-79.3285,43.63402],[-79.32842,43.63406],[-79.32834,43.63412],[-79.32829,43.63417],[-79.32826,43.63423],[-79.32817,43.63428],[-79.3281,43.63435],[-79.32807,43.63437],[-79.32801,43.63441],[-79.32797,43.63442],[-79.32794,43.63443],[-79.32786,43.63444],[-79.32773,43.63446],[-79.32751,43.63451],[-79.32743,43.63454],[-79.32737,43.63456],[-79.32735,43.6346],[-79.32733,43.63463],[-79.32731,43.63465],[-79.32728,43.63468],[-79.32725,43.63469],[-79.32719,43.63473],[-79.32712,43.6348],[-79.32709,43.63481],[-79.32706,43.63483],[-79.32704,43.63487],[-79.32703,43.63488],[-79.32701,43.63489],[-79.32696,43.63489],[-79.3269,43.63486],[-79.32682,43.63484],[-79.3266,43.63489],[-79.32653,43.63491],[-79.32642,43.63495],[-79.32637,43.63497],[-79.32634,43.63499],[-79.32632,43.635],[-79.32631,43.63506],[-79.3263,43.63509],[-79.3263,43.63518],[-79.3264,43.6352],[-79.32644,43.6352],[-79.32652,43.63521],[-79.3266,43.6352],[-79.32667,43.63519],[-79.32671,43.63518],[-79.32676,43.63517],[-79.3268,43.63517],[-79.32684,43.63518],[-79.32686,43.6352],[-79.32687,43.63521],[-79.32687,43.63523],[-79.32686,43.63525],[-79.32684,43.63526],[-79.32681,43.63527],[-79.32676,43.63527],[-79.32667,43.63528],[-79.32654,43.63529],[-79.32633,43.63529],[-79.32629,43.63531],[-79.32622,43.63539],[-79.3262,43.63548],[-79.32619,43.63551],[-79.32618,43.63554],[-79.32618,43.63558],[-79.32616,43.63562],[-79.32611,43.63566],[-79.32602,43.63571],[-79.32598,43.63574],[-79.32591,43.63578],[-79.32583,43.6358],[-79.32574,43.63581],[-79.32558,43.63583],[-79.32544,43.63585],[-79.32533,43.63588],[-79.32519,43.63596],[-79.32511,43.63602],[-79.32496,43.63609],[-79.32484,43.63617],[-79.32471,43.63627],[-79.32459,43.63635],[-79.32447,43.63646],[-79.32437,43.63658],[-79.3243,43.6367],[-79.32419,43.63682],[-79.32409,43.63694],[-79.32396,43.63704],[-79.32383,43.63713],[-79.32371,43.63722],[-79.32363,43.63736],[-79.32353,43.63746],[-79.3234,43.63753],[-79.32333,43.63764],[-79.32327,43.63777],[-79.32318,43.63789],[-79.3231,43.63801],[-79.32303,43.63815],[-79.32297,43.63828],[-79.32297,43.63844],[-79.32296,43.63857],[-79.32299,43.63872],[-79.323,43.63883],[-79.32299,43.63898],[-79.32294,43.63911],[-79.32289,43.63924],[-79.32281,43.6395],[-79.32278,43.63964],[-79.32275,43.63976],[-79.32274,43.63988],[-79.3227,43.64],[-79.3227,43.64009],[-79.32269,43.64023],[-79.32265,43.64035],[-79.3226,43.64047],[-79.32261,43.6406],[-79.32261,43.6407],[-79.32264,43.64083],[-79.32263,43.64095],[-79.32262,43.64108],[-79.32262,43.64121],[-79.32255,43.6413],[-79.32244,43.64138],[-79.32236,43.64146],[-79.32232,43.64156],[-79.3223,43.64167],[-79.32228,43.64179],[-79.32224,43.64189],[-79.32221,43.64202],[-79.32219,43.64216],[-79.32214,43.64228],[-79.32211,43.64242],[-79.3221,43.64253],[-79.32211,43.64265],[-79.32208,43.64277],[-79.32203,43.64287],[-79.32199,43.64299],[-79.32197,43.64309],[-79.32198,43.64319],[-79.32195,43.6433],[-79.32189,43.64341],[-79.32185,43.6435],[-79.32182,43.6436],[-79.32176,43.64368],[-79.32174,43.64375],[-79.32175,43.64383],[-79.32176,43.64393],[-79.32172,43.64404],[-79.32168,43.64413],[-79.32166,43.64424],[-79.32165,43.64435],[-79.32163,43.64444],[-79.32161,43.64453],[-79.32159,43.64461],[-79.32158,43.64467],[-79.32158,43.64472],[-79.32166,43.64475],[-79.32168,43.64476],[-79.32168,43.64482],[-79.32432,43.64521],[-79.32458,43.6444],[-79.32446,43.64425],[-79.32533,43.64227],[-79.3263,43.6408],[-79.32545,43.64048],[-79.32542,43.64048],[-79.32535,43.64045],[-79.32528,43.6404],[-79.32518,43.64037],[-79.32508,43.64032],[-79.32498,43.64028],[-79.32486,43.64023],[-79.32475,43.6402],[-79.32469,43.64015],[-79.32471,43.64007],[-79.32479,43.64001],[-79.32486,43.63994],[-79.32495,43.6399],[-79.32506,43.6399],[-79.32517,43.63995],[-79.32527,43.63999],[-79.32538,43.64003],[-79.32549,43.64006],[-79.32559,43.64007],[-79.32571,43.64012],[-79.32584,43.64018],[-79.32596,43.64022],[-79.3261,43.64025],[-79.32624,43.64028],[-79.32636,43.64034],[-79.32647,43.64041],[-79.32659,43.64046],[-79.32671,43.64043],[-79.32679,43.64036],[-79.32686,43.64027],[-79.32693,43.64017],[-79.327,43.64007],[-79.32706,43.63997],[-79.32714,43.63986],[-79.32723,43.63976],[-79.32732,43.63969],[-79.32743,43.6396],[-79.32751,43.6395],[-79.32758,43.6394],[-79.32765,43.63931],[-79.32773,43.63922],[-79.32782,43.63912],[-79.32792,43.63903],[-79.32803,43.63895],[-79.32812,43.63887],[-79.32822,43.63878],[-79.32831,43.63868],[-79.32838,43.63858],[-79.32847,43.63849],[-79.32857,43.6384],[-79.32866,43.63832],[-79.32876,43.63822],[-79.32886,43.63811],[-79.32886,43.63806],[-79.32884,43.63801],[-79.32881,43.63794],[-79.32878,43.63787],[-79.32873,43.63781],[-79.32868,43.63776],[-79.32862,43.63772],[-79.32859,43.63767],[-79.32858,43.63763],[-79.32858,43.63759],[-79.32861,43.63754],[-79.32866,43.63748],[-79.32871,43.63743],[-79.32883,43.63733],[-79.32892,43.63726],[-79.32914,43.63718],[-79.32929,43.63711],[-79.32943,43.63707],[-79.32948,43.63706],[-79.32955,43.63706],[-79.32959,43.63708],[-79.32962,43.63711],[-79.32965,43.63715],[-79.32966,43.63723],[-79.32969,43.63732],[-79.32971,43.63739],[-79.32977,43.63749],[-79.32986,43.63759],[-79.32999,43.63772],[-79.33009,43.6378],[-79.33013,43.63784],[-79.33017,43.63785],[-79.33023,43.63789],[-79.33027,43.63799],[-79.33026,43.63806],[-79.33028,43.63815],[-79.3303,43.63827],[-79.33033,43.63836],[-79.33037,43.63844],[-79.33042,43.63848],[-79.33046,43.6385],[-79.33051,43.63853],[-79.33057,43.63855],[-79.33066,43.63859],[-79.33077,43.63862],[-79.33091,43.63866],[-79.33094,43.63869],[-79.33095,43.63872],[-79.33095,43.63878],[-79.33091,43.63879],[-79.33086,43.6388],[-79.3308,43.6388],[-79.33065,43.63879],[-79.33053,43.6388],[-79.33041,43.63881],[-79.33035,43.63883],[-79.3303,43.63885],[-79.33022,43.6389],[-79.33015,43.63893],[-79.33008,43.63896],[-79.33004,43.63899],[-79.32998,43.63905],[-79.3299,43.63913],[-79.32982,43.63921],[-79.32979,43.63928],[-79.32975,43.63934],[-79.32973,43.6394],[-79.32973,43.63945],[-79.32975,43.63953],[-79.32977,43.63958],[-79.3298,43.63961],[-79.32981,43.63964],[-79.32988,43.63975],[-79.32989,43.63979],[-79.32987,43.6398],[-79.32984,43.63981],[-79.32979,43.63982],[-79.3296,43.63984],[-79.32942,43.63986],[-79.3293,43.6399],[-79.32918,43.63994],[-79.32905,43.64002],[-79.32891,43.64011],[-79.32878,43.64022],[-79.32871,43.64031],[-79.32864,43.64043],[-79.32861,43.6405],[-79.32858,43.64056],[-79.32856,43.64063],[-79.32858,43.64066],[-79.32863,43.64072],[-79.32864,43.64077],[-79.32866,43.64082],[-79.32866,43.64086],[-79.32863,43.64088],[-79.3286,43.6409],[-79.32851,43.64093],[-79.3284,43.64096],[-79.32829,43.64097],[-79.328,43.64102],[-79.32786,43.64107],[-79.32779,43.64111],[-79.32773,43.64115],[-79.32768,43.64119],[-79.32761,43.64128],[-79.32753,43.64138],[-79.32749,43.64145],[-79.32747,43.6415],[-79.32744,43.64154],[-79.32743,43.64161],[-79.32741,43.64171],[-79.32741,43.64177],[-79.32742,43.64183],[-79.32745,43.6419],[-79.3275,43.64196],[-79.32756,43.64203],[-79.32758,43.64208],[-79.3276,43.6421],[-79.32761,43.64212],[-79.32761,43.64214],[-79.3276,43.64217],[-79.32756,43.64219],[-79.32753,43.64221],[-79.32749,43.64222],[-79.32745,43.64224],[-79.32743,43.64226],[-79.32739,43.64228],[-79.32735,43.64231],[-79.32727,43.64239],[-79.32724,43.64244],[-79.3272,43.64249],[-79.32717,43.64256],[-79.32715,43.64266],[-79.3271,43.64281],[-79.32711,43.64298],[-79.32712,43.64311],[-79.32713,43.64317],[-79.32716,43.64328],[-79.32723,43.64336],[-79.32729,43.64346],[-79.32735,43.64355],[-79.32746,43.64362],[-79.32757,43.64371],[-79.32775,43.64385],[-79.32788,43.64394],[-79.32803,43.64399],[-79.3282,43.64408],[-79.32836,43.64412],[-79.32845,43.64416],[-79.32849,43.64421],[-79.32851,43.64426],[-79.32851,43.6443],[-79.32847,43.64434],[-79.32838,43.64437],[-79.32833,43.64437],[-79.32824,43.64435],[-79.32808,43.64428],[-79.32783,43.64417],[-79.32757,43.64409],[-79.32737,43.64404],[-79.3273,43.644],[-79.32723,43.64399],[-79.32709,43.64397],[-79.32692,43.64398],[-79.32682,43.64398],[-79.32674,43.64402],[-79.32668,43.6441],[-79.32665,43.64418],[-79.32658,43.64425],[-79.32648,43.64434],[-79.32641,43.6444],[-79.3263,43.64453],[-79.32619,43.64466],[-79.3261,43.64475],[-79.32603,43.64483],[-79.32596,43.6449],[-79.32589,43.64497],[-79.32582,43.64507],[-79.32577,43.64514],[-79.32572,43.6452],[-79.32569,43.64526],[-79.32562,43.64533],[-79.32556,43.6454],[-79.32552,43.64543],[-79.32546,43.64546],[-79.32541,43.64549],[-79.3254,43.64552],[-79.32538,43.64556],[-79.32537,43.6456],[-79.32536,43.64563],[-79.32538,43.64569],[-79.32541,43.64576],[-79.32544,43.64583],[-79.32548,43.64596],[-79.3255,43.64604],[-79.32552,43.64611],[-79.32553,43.64615],[-79.32554,43.64621],[-79.32555,43.64627],[-79.32555,43.64633],[-79.32557,43.6464],[-79.32558,43.64649],[-79.3256,43.64657],[-79.32562,43.64664],[-79.32564,43.64668],[-79.32567,43.64673],[-79.32571,43.64677],[-79.32575,43.64681],[-79.3258,43.64684],[-79.3259,43.6469],[-79.32596,43.64692],[-79.32601,43.64691],[-79.3261,43.6469],[-79.32627,43.64689],[-79.32643,43.64691],[-79.32655,43.64695],[-79.32659,43.64696],[-79.32666,43.64689],[-79.32674,43.64685],[-79.32687,43.64685],[-79.32691,43.64687],[-79.32696,43.6469],[-79.32702,43.64693],[-79.32709,43.64695],[-79.32714,43.64696],[-79.32718,43.64697],[-79.32728,43.64701],[-79.32735,43.64703],[-79.32739,43.64705],[-79.32739,43.64708],[-79.32738,43.64711],[-79.32737,43.64714],[-79.32733,43.6472],[-79.32731,43.64722],[-79.3273,43.64725],[-79.32736,43.6473],[-79.32747,43.64735],[-79.32782,43.64748],[-79.32818,43.64762],[-79.32821,43.64764],[-79.32825,43.64762],[-79.32824,43.64761],[-79.32834,43.64757],[-79.32836,43.64761],[-79.32868,43.64745],[-79.32867,43.64743],[-79.32876,43.6474],[-79.32879,43.64743],[-79.3288,43.64742],[-79.32883,43.64742],[-79.32887,43.64741],[-79.32889,43.6474],[-79.32891,43.64738],[-79.32893,43.64737],[-79.329,43.64734],[-79.32906,43.64731],[-79.32915,43.64726],[-79.3293,43.64717],[-79.32946,43.64708],[-79.32955,43.64703],[-79.32963,43.64701],[-79.32967,43.64699],[-79.32971,43.64696],[-79.32995,43.64685],[-79.33016,43.64676],[-79.33032,43.64667],[-79.33044,43.64659],[-79.33045,43.64659],[-79.33056,43.64645],[-79.33067,43.6463],[-79.33074,43.64615],[-79.33085,43.64602],[-79.33096,43.64588],[-79.33111,43.64576],[-79.33128,43.64563],[-79.33147,43.64553],[-79.33166,43.64541],[-79.33181,43.64528],[-79.33198,43.64517],[-79.33216,43.64506],[-79.33234,43.64496],[-79.33249,43.64483],[-79.33263,43.6447],[-79.33278,43.64457],[-79.33292,43.64443],[-79.33307,43.64429],[-79.33322,43.64416],[-79.33338,43.64404],[-79.33353,43.64395],[-79.33364,43.64384],[-79.33375,43.64371],[-79.33386,43.64356],[-79.33401,43.64344],[-79.33415,43.64331],[-79.33429,43.64318],[-79.33444,43.64306],[-79.33458,43.64294],[-79.3347,43.64282],[-79.33483,43.64271],[-79.33493,43.64261],[-79.33503,43.64252],[-79.3351,43.64243],[-79.33519,43.64236],[-79.33522,43.64234],[-79.33529,43.64227],[-79.33525,43.64225],[-79.33525,43.64224],[-79.33526,43.64223],[-79.33528,43.64223],[-79.33533,43.64216],[-79.33525,43.6421],[-79.3354,43.64199],[-79.33545,43.64202],[-79.33554,43.64192],[-79.33557,43.64195],[-79.33565,43.64185],[-79.33569,43.64181],[-79.33574,43.64182],[-79.33591,43.64168],[-79.33589,43.64166],[-79.33591,43.64165],[-79.33589,43.64164],[-79.33603,43.64152],[-79.33607,43.64154],[-79.33613,43.6415],[-79.33618,43.64145],[-79.33622,43.64142],[-79.3363,43.64136],[-79.33631,43.64134],[-79.33633,43.64132],[-79.33633,43.64129],[-79.33644,43.64117],[-79.33646,43.64118],[-79.33647,43.64117],[-79.33649,43.64117],[-79.33656,43.64111],[-79.33657,43.64111],[-79.33671,43.64098],[-79.33683,43.64084],[-79.33696,43.6407],[-79.3371,43.64056],[-79.33723,43.64045],[-79.33737,43.64034],[-79.33741,43.64025],[-79.33742,43.64023],[-79.33741,43.64021],[-79.3374,43.64016],[-79.33738,43.64012],[-79.33735,43.64007],[-79.3373,43.63999],[-79.33725,43.63993],[-79.33722,43.63991],[-79.33715,43.63991],[-79.33707,43.63984],[-79.33702,43.63981],[-79.337,43.63979],[-79.33699,43.63978],[-79.33699,43.63976],[-79.33697,43.63974],[-79.33688,43.63968],[-79.33671,43.63957],[-79.33654,43.63947],[-79.33639,43.63941],[-79.33619,43.63942],[-79.33601,43.63952],[-79.33585,43.63966],[-79.33564,43.63979],[-79.33543,43.63991],[-79.33527,43.63997],[-79.33517,43.64003],[-79.3351,43.64007],[-79.33503,43.64011],[-79.33497,43.64015],[-79.33491,43.64021],[-79.33488,43.64026],[-79.33486,43.64028],[-79.33483,43.6403],[-79.3348,43.64031],[-79.33479,43.64033],[-79.33476,43.64035],[-79.33474,43.64036],[-79.3347,43.64039],[-79.33464,43.64043],[-79.33459,43.64047],[-79.33456,43.64051],[-79.33454,43.64052],[-79.33448,43.64052],[-79.33447,43.64051],[-79.33445,43.6405],[-79.33443,43.64048],[-79.33442,43.64045],[-79.33443,43.6404],[-79.33445,43.64037],[-79.33449,43.64032],[-79.33452,43.64029],[-79.33494,43.64008],[-79.33504,43.64001],[-79.33508,43.63999],[-79.33517,43.63993],[-79.33524,43.63988],[-79.33533,43.63982],[-79.33544,43.63976],[-79.33555,43.63968],[-79.33561,43.63964],[-79.33567,43.63959],[-79.33572,43.63955],[-79.33574,43.63951],[-79.33577,43.63947],[-79.33578,43.63942],[-79.3358,43.63938],[-79.33584,43.63937],[-79.33585,43.63936],[-79.33598,43.63936],[-79.33603,43.63937],[-79.33612,43.63935],[-79.33613,43.63934],[-79.33614,43.63932],[-79.33616,43.6393],[-79.33628,43.6393],[-79.33634,43.63929],[-79.33638,43.63928],[-79.33648,43.63923],[-79.33648,43.63919],[-79.3365,43.63918],[-79.33653,43.63918],[-79.33658,43.63919],[-79.3366,43.63921],[-79.33661,43.63921],[-79.33663,43.63922],[-79.33671,43.63923],[-79.33688,43.63927],[-79.33703,43.63931],[-79.33716,43.63935],[-79.33731,43.63938],[-79.33741,43.6394],[-79.33752,43.63941],[-79.33761,43.63942],[-79.33765,43.63943],[-79.33767,43.63941],[-79.33773,43.63942],[-79.33776,43.6394],[-79.33778,43.63938],[-79.33781,43.63938],[-79.33786,43.63936],[-79.33795,43.63935],[-79.33801,43.63934],[-79.33811,43.63934],[-79.33812,43.63935],[-79.33814,43.63936],[-79.33817,43.63936],[-79.33825,43.63937],[-79.33832,43.63937],[-79.33844,43.63938],[-79.33856,43.63939],[-79.33867,43.63939],[-79.33881,43.6394],[-79.33891,43.6394],[-79.33905,43.63939],[-79.33921,43.63938],[-79.3393,43.63937],[-79.33937,43.63935],[-79.33957,43.63932],[-79.33979,43.63928],[-79.33996,43.63926],[-79.34016,43.63923],[-79.3404,43.6392],[-79.34049,43.63918],[-79.34054,43.63917],[-79.3406,43.63914],[-79.34065,43.63911],[-79.3407,43.63907],[-79.34077,43.63902],[-79.34088,43.63892],[-79.34093,43.63888],[-79.34107,43.63881],[-79.34113,43.63877],[-79.34122,43.63871],[-79.34131,43.63866],[-79.34138,43.63861],[-79.34143,43.63855],[-79.34151,43.63848],[-79.34158,43.63841],[-79.3416,43.63835],[-79.34162,43.63828],[-79.34163,43.63825],[-79.34163,43.63822],[-79.34162,43.63819],[-79.3416,43.63815],[-79.34158,43.63812],[-79.34157,43.6381],[-79.34156,43.63809],[-79.34156,43.63805],[-79.34157,43.63803],[-79.3416,43.638],[-79.34164,43.63799],[-79.34171,43.63796],[-79.34195,43.63788],[-79.34211,43.63783],[-79.34226,43.63778],[-79.34242,43.63772],[-79.34258,43.63765],[-79.34276,43.63755],[-79.34283,43.63752],[-79.34293,43.63747],[-79.34303,43.63741],[-79.34315,43.63731],[-79.34324,43.63724],[-79.34336,43.6371],[-79.34339,43.63705],[-79.34343,43.63702],[-79.34351,43.63697],[-79.34359,43.6369],[-79.3437,43.6368],[-79.34382,43.63671],[-79.34385,43.63667],[-79.34387,43.63664],[-79.34387,43.63657],[-79.34388,43.63653],[-79.34402,43.63639],[-79.34406,43.63636],[-79.34413,43.63631],[-79.34416,43.63626],[-79.3442,43.63621],[-79.34429,43.63613],[-79.34443,43.63601],[-79.34451,43.63595],[-79.34457,43.63589],[-79.34471,43.63579],[-79.34488,43.63567],[-79.34498,43.6356],[-79.34506,43.63554],[-79.34511,43.6355],[-79.34521,43.6354],[-79.34527,43.63533],[-79.34535,43.63522],[-79.34544,43.6351],[-79.34551,43.63499],[-79.3457,43.63494],[-79.34587,43.6349],[-79.34607,43.63485],[-79.34635,43.63478],[-79.34656,43.63472],[-79.34666,43.63469],[-79.34676,43.63464],[-79.34685,43.63458],[-79.34691,43.63453],[-79.34693,43.63449],[-79.34697,43.63439],[-79.347,43.63429],[-79.34703,43.63417],[-79.34704,43.63405],[-79.34704,43.6337],[-79.34705,43.63366],[-79.34704,43.63365],[-79.34701,43.63362],[-79.34699,43.63359],[-79.34697,43.63357],[-79.34696,43.63354],[-79.34698,43.63348],[-79.34701,43.63344],[-79.34704,43.63343],[-79.34705,43.63341],[-79.34705,43.63336],[-79.34704,43.63332],[-79.34702,43.63329],[-79.34702,43.63326],[-79.34704,43.63322],[-79.34706,43.63321],[-79.34708,43.6332],[-79.34965,43.63339],[-79.35252,43.63371],[-79.35204,43.6333],[-79.3512,43.63256],[-79.35118,43.63254],[-79.35028,43.63177],[-79.34939,43.63102],[-79.34948,43.63098],[-79.34953,43.63091],[-79.34955,43.63077],[-79.34959,43.6306],[-79.34961,43.63048],[-79.34968,43.63013],[-79.34969,43.6299],[-79.34972,43.62974],[-79.34976,43.62964],[-79.34977,43.62946],[-79.34978,43.62931],[-79.34982,43.62904],[-79.34988,43.62905],[-79.34988,43.62917],[-79.34987,43.62927],[-79.34987,43.62943],[-79.34983,43.62953],[-79.34983,43.62964],[-79.34994,43.62968],[-79.35021,43.62973],[-79.35047,43.62976],[-79.35099,43.62982],[-79.3514,43.62983],[-79.35212,43.62988],[-79.3526,43.62989],[-79.35327,43.62988],[-79.35382,43.62984],[-79.35422,43.62981],[-79.35441,43.62977],[-79.35451,43.6296],[-79.35455,43.62958],[-79.35461,43.62948],[-79.35468,43.62935],[-79.35476,43.6292],[-79.35483,43.62905],[-79.35492,43.6289],[-79.35501,43.62875],[-79.35509,43.62859],[-79.35518,43.62842],[-79.35528,43.62826],[-79.35538,43.6281],[-79.35583,43.62747],[-79.35594,43.62731],[-79.35607,43.62715],[-79.35619,43.62702],[-79.35632,43.62687],[-79.35647,43.62672],[-79.35662,43.62656],[-79.35678,43.62641],[-79.35694,43.62627],[-79.35782,43.62545],[-79.35893,43.62463],[-79.35953,43.62421],[-79.35998,43.62393],[-79.36018,43.62376],[-79.36136,43.6229],[-79.36209,43.6224],[-79.36332,43.62159],[-79.36452,43.6207],[-79.36564,43.61992],[-79.36645,43.61934],[-79.36662,43.61927],[-79.36672,43.6192],[-79.36681,43.61913],[-79.36698,43.61905],[-79.36707,43.61904],[-79.36714,43.61902],[-79.36718,43.61905],[-79.36759,43.6189],[-79.36788,43.61878],[-79.36797,43.61874],[-79.36836,43.61856],[-79.36864,43.61843],[-79.36886,43.61834],[-79.36889,43.61831],[-79.3689,43.61828],[-79.36901,43.61823],[-79.3691,43.6182],[-79.3692,43.61818],[-79.36963,43.61799],[-79.36986,43.61783],[-79.36986,43.61779],[-79.36992,43.61777],[-79.3701,43.61774],[-79.37025,43.61771],[-79.37049,43.6176],[-79.37056,43.61754],[-79.37064,43.61747],[-79.37072,43.61739],[-79.37076,43.61735],[-79.37081,43.61732],[-79.37097,43.61726],[-79.37104,43.61723],[-79.37112,43.61718],[-79.37117,43.61715],[-79.37123,43.6171],[-79.37128,43.61707],[-79.37134,43.61701],[-79.37138,43.61696],[-79.37142,43.61692],[-79.37145,43.61688],[-79.37149,43.61682],[-79.37153,43.61674],[-79.37155,43.61664],[-79.37156,43.61661],[-79.37157,43.61654],[-79.37157,43.61648],[-79.37158,43.61647],[-79.37162,43.61646],[-79.3717,43.61646],[-79.37172,43.61643],[-79.37176,43.61641],[-79.37194,43.61634],[-79.37204,43.61636],[-79.37223,43.61645],[-79.37228,43.61647],[-79.37234,43.61647],[-79.37251,43.61641],[-79.37263,43.61635],[-79.3727,43.61632],[-79.37278,43.61628],[-79.37287,43.61622],[-79.373,43.61617],[-79.37316,43.61611],[-79.37324,43.61607],[-79.37333,43.61601],[-79.3734,43.61597],[-79.37349,43.61594],[-79.37371,43.61585],[-79.37388,43.61575],[-79.37395,43.6157],[-79.37409,43.61563],[-79.3742,43.61557],[-79.37433,43.61547],[-79.37447,43.61539],[-79.37458,43.61533],[-79.37467,43.61529],[-79.37474,43.61526],[-79.37478,43.61523],[-79.37479,43.6152],[-79.37483,43.61519],[-79.37492,43.61516],[-79.375,43.61513],[-79.3751,43.61507],[-79.37523,43.61499],[-79.37533,43.61493],[-79.3754,43.61487],[-79.37549,43.61479],[-79.37556,43.61471],[-79.37565,43.61464],[-79.37584,43.61453],[-79.37593,43.6145],[-79.376,43.61448],[-79.37602,43.61447],[-79.37604,43.61445],[-79.37608,43.61444],[-79.37616,43.61444],[-79.37631,43.61446],[-79.3764,43.61447],[-79.37648,43.61448],[-79.3767,43.61447],[-79.37687,43.61446],[-79.37701,43.61447],[-79.37708,43.61447],[-79.3771,43.61446],[-79.37717,43.61443],[-79.37719,43.61441],[-79.37736,43.61435],[-79.37757,43.61425],[-79.37789,43.61412],[-79.37796,43.61406],[-79.37823,43.61398],[-79.37837,43.61393],[-79.37849,43.6139],[-79.37861,43.61386],[-79.37874,43.61382],[-79.37884,43.6138],[-79.37899,43.61377],[-79.37918,43.61376],[-79.37936,43.61376],[-79.37952,43.61374],[-79.37963,43.61374],[-79.3797,43.61373],[-79.37976,43.6137],[-79.37989,43.61361],[-79.37999,43.61354],[-79.38012,43.61345],[-79.38021,43.61341],[-79.3803,43.61335],[-79.38045,43.61327],[-79.38049,43.61322],[-79.38054,43.6132],[-79.38062,43.61318],[-79.38068,43.61317],[-79.38075,43.61315],[-79.38082,43.61313],[-79.38087,43.61311],[-79.38094,43.61305],[-79.38109,43.61291],[-79.38128,43.61278],[-79.38137,43.61274],[-79.38145,43.61269],[-79.38153,43.6126],[-79.38159,43.61253],[-79.38164,43.61248],[-79.3817,43.61247],[-79.38177,43.61244],[-79.38188,43.61238],[-79.382,43.6123],[-79.38206,43.61226],[-79.38212,43.61224],[-79.38218,43.61223],[-79.38223,43.61233],[-79.38229,43.61228],[-79.3824,43.61225],[-79.38267,43.61224],[-79.3828,43.61224],[-79.38291,43.61223],[-79.38303,43.61221],[-79.38334,43.61213],[-79.38346,43.61211],[-79.38357,43.6121],[-79.38377,43.6121],[-79.38381,43.61209],[-79.3839,43.61205],[-79.38402,43.61201],[-79.38417,43.612],[-79.38432,43.61202],[-79.3845,43.61201],[-79.3847,43.61199],[-79.38481,43.61197],[-79.3849,43.61196],[-79.38504,43.61198],[-79.38532,43.612],[-79.38557,43.61201],[-79.38593,43.61201],[-79.38605,43.61202],[-79.38623,43.61203],[-79.38648,43.61206],[-79.38663,43.61208],[-79.38681,43.6121],[-79.387,43.61211],[-79.38728,43.61211],[-79.38755,43.61212],[-79.38807,43.61212],[-79.38811,43.6121],[-79.38818,43.61208],[-79.38822,43.61205],[-79.38825,43.612],[-79.38831,43.61199],[-79.38835,43.61199],[-79.38837,43.612],[-79.38838,43.61201],[-79.38841,43.61203],[-79.38845,43.61204],[-79.38849,43.61204],[-79.38852,43.61203],[-79.38853,43.61201],[-79.38856,43.612],[-79.3886,43.612],[-79.38862,43.61201],[-79.38865,43.61201],[-79.38867,43.612],[-79.38868,43.612],[-79.3887,43.61196],[-79.38871,43.61196],[-79.38873,43.61195],[-79.38877,43.61195],[-79.3888,43.61196],[-79.38886,43.61196],[-79.38896,43.61198],[-79.38905,43.612],[-79.38913,43.61202],[-79.38918,43.61205],[-79.38921,43.61206],[-79.38925,43.61206],[-79.38927,43.61207],[-79.3893,43.61208],[-79.38932,43.61209],[-79.38934,43.61209],[-79.38936,43.6121],[-79.38939,43.61211],[-79.38941,43.61213],[-79.38943,43.61214],[-79.38945,43.61215],[-79.38948,43.61215],[-79.38951,43.61217],[-79.38954,43.61218],[-79.38958,43.6122],[-79.38968,43.61224],[-79.38976,43.6123],[-79.38985,43.6124],[-79.38986,43.61247],[-79.38986,43.61255],[-79.3898,43.6126],[-79.38968,43.61264],[-79.38968,43.61269],[-79.38971,43.61275],[-79.38967,43.61284],[-79.38964,43.61288],[-79.38961,43.61297],[-79.38961,43.61304],[-79.38966,43.61313],[-79.38971,43.61319],[-79.38981,43.61324],[-79.38984,43.61326],[-79.3899,43.6133],[-79.38991,43.61341],[-79.38991,43.61357],[-79.38994,43.61366],[-79.39007,43.61378],[-79.39022,43.61392],[-79.39032,43.61399],[-79.39046,43.61406],[-79.39062,43.61421],[-79.3907,43.61431],[-79.39075,43.61436],[-79.3908,43.61441],[-79.39085,43.61451],[-79.39099,43.61459],[-79.39112,43.61469],[-79.3913,43.61481],[-79.39144,43.61491],[-79.39154,43.61499],[-79.39161,43.61506],[-79.39164,43.61509],[-79.39165,43.61513],[-79.39166,43.61518],[-79.39165,43.61521],[-79.39165,43.61522],[-79.39162,43.61529],[-79.39156,43.61548],[-79.39155,43.61565],[-79.39156,43.61585],[-79.39159,43.616],[-79.39161,43.61611],[-79.39167,43.6162],[-79.39179,43.61639],[-79.39187,43.61652],[-79.39192,43.61665],[-79.39212,43.61692],[-79.39234,43.61723],[-79.39258,43.61755],[-79.39284,43.61788],[-79.3932,43.61827],[-79.39336,43.61847],[-79.39342,43.61855],[-79.39343,43.61871],[-79.39369,43.61894],[-79.39386,43.6192],[-79.39414,43.61948],[-79.39442,43.61976],[-79.39447,43.61986],[-79.39486,43.62017],[-79.39511,43.62037],[-79.3952,43.62045],[-79.3953,43.62054],[-79.3955,43.62073],[-79.39589,43.62102],[-79.39618,43.62124],[-79.39639,43.62142],[-79.39673,43.62167],[-79.39713,43.62195],[-79.39761,43.62229],[-79.39802,43.62258],[-79.39814,43.6227],[-79.39826,43.62286],[-79.39843,43.6231],[-79.39851,43.62318],[-79.3988,43.62342],[-79.39909,43.62367],[-79.39931,43.62381],[-79.39942,43.62389],[-79.39961,43.62403],[-79.39977,43.62422],[-79.39989,43.62433],[-79.40009,43.62449],[-79.40038,43.62469],[-79.40074,43.62494],[-79.40136,43.62539],[-79.40167,43.6256],[-79.40195,43.62577],[-79.40233,43.62603],[-79.40287,43.62638],[-79.40329,43.62664],[-79.40335,43.62666],[-79.40375,43.62656],[-79.40392,43.62653],[-79.40429,43.62644],[-79.40463,43.62715],[-79.40469,43.62728],[-79.40476,43.62743],[-79.4048,43.62753],[-79.40484,43.62764],[-79.40488,43.62774],[-79.4049,43.62784],[-79.40482,43.62791],[-79.4047,43.62798],[-79.40459,43.62806],[-79.40447,43.62814],[-79.40437,43.62824],[-79.40423,43.62832],[-79.40411,43.6284],[-79.40385,43.62858],[-79.40375,43.62867],[-79.40363,43.62875],[-79.40352,43.62882],[-79.40342,43.62889],[-79.40331,43.62898],[-79.40321,43.62907],[-79.40309,43.62916],[-79.40297,43.62922],[-79.40288,43.62928],[-79.4028,43.62934],[-79.40269,43.6294],[-79.40266,43.62941],[-79.4026,43.62945],[-79.40141,43.63012],[-79.4008,43.63045],[-79.39877,43.63155],[-79.39785,43.63268],[-79.39809,43.63285],[-79.39828,43.63296],[-79.39793,43.63335],[-79.39825,43.63319],[-79.39886,43.63288],[-79.40167,43.63136],[-79.40201,43.63118],[-79.40203,43.6312],[-79.40216,43.63114],[-79.40219,43.6311],[-79.40224,43.63108],[-79.40224,43.63105],[-79.40232,43.63102],[-79.40233,43.63104],[-79.40288,43.63119],[-79.40285,43.63124],[-79.40303,43.63128],[-79.40294,43.63147],[-79.40506,43.63312],[-79.40665,43.63285],[-79.40793,43.63299],[-79.40862,43.63307],[-79.40879,43.6317],[-79.40963,43.63122],[-79.40999,43.63115],[-79.41,43.63112],[-79.40999,43.63111],[-79.41,43.63107],[-79.41,43.63103],[-79.40999,43.63094],[-79.40991,43.63095],[-79.40987,43.63096],[-79.4097,43.63098],[-79.40946,43.63102],[-79.40946,43.63093],[-79.40947,43.63089],[-79.40947,43.63082],[-79.40945,43.6307],[-79.40939,43.63052],[-79.40934,43.63037],[-79.40928,43.63021],[-79.40921,43.63005],[-79.40914,43.62992],[-79.40905,43.62978],[-79.40905,43.62965],[-79.40915,43.62952],[-79.40936,43.62945],[-79.40954,43.62944],[-79.4097,43.62942],[-79.40988,43.62939],[-79.41004,43.62931],[-79.41019,43.62924],[-79.41024,43.62914],[-79.41019,43.62904],[-79.41015,43.62891],[-79.41016,43.6288],[-79.41012,43.62867],[-79.41006,43.62857],[-79.41004,43.62844],[-79.41003,43.62833],[-79.41006,43.6282],[-79.41013,43.62806],[-79.41025,43.62793],[-79.41038,43.6278],[-79.41053,43.62769],[-79.4107,43.62759],[-79.41087,43.62748],[-79.41105,43.62738],[-79.41124,43.62731],[-79.41146,43.6273],[-79.41166,43.62732],[-79.41185,43.62734],[-79.41205,43.62737],[-79.41226,43.62739],[-79.41245,43.62738],[-79.41264,43.62737],[-79.41281,43.62735],[-79.41297,43.62731],[-79.41309,43.62725],[-79.41318,43.62714],[-79.41331,43.62702],[-79.41349,43.62697],[-79.41366,43.62699],[-79.41382,43.62705],[-79.414,43.62711],[-79.41418,43.62715],[-79.41437,43.62718],[-79.41454,43.62717],[-79.4147,43.62716],[-79.41486,43.62714],[-79.41501,43.62711],[-79.41516,43.62708],[-79.41539,43.62708],[-79.41546,43.62706],[-79.41554,43.62692],[-79.41559,43.62687],[-79.41565,43.62688],[-79.41567,43.62694],[-79.41555,43.62713],[-79.41554,43.62718],[-79.41557,43.62726],[-79.41552,43.62732],[-79.41563,43.62764],[-79.41577,43.6277],[-79.4161,43.62786],[-79.41615,43.62802],[-79.41623,43.62806],[-79.4162,43.6281],[-79.41733,43.62792],[-79.41783,43.62734],[-79.41775,43.62691],[-79.41812,43.62707],[-79.41838,43.62703],[-79.41863,43.62675],[-79.41833,43.6266],[-79.41818,43.62661],[-79.4168,43.62643],[-79.41652,43.6264],[-79.41526,43.62653],[-79.41508,43.62655],[-79.41492,43.62655],[-79.41484,43.62651],[-79.41484,43.62646],[-79.41489,43.62643],[-79.41498,43.62641],[-79.41502,43.6264],[-79.41639,43.62629],[-79.4164,43.62629],[-79.4165,43.62627],[-79.41659,43.62626],[-79.41668,43.62628],[-79.41791,43.62645],[-79.41822,43.62649],[-79.41827,43.62656],[-79.41843,43.62654],[-79.41946,43.62689],[-79.41951,43.62687],[-79.41959,43.62682],[-79.4197,43.62676],[-79.41985,43.62673],[-79.42001,43.62676],[-79.42024,43.62693],[-79.42026,43.62701],[-79.42029,43.6271],[-79.42036,43.62717],[-79.42046,43.62723],[-79.42057,43.62728],[-79.42069,43.62734],[-79.42083,43.62739],[-79.42096,43.62743],[-79.42113,43.62748],[-79.42126,43.62752],[-79.42138,43.62754],[-79.42148,43.62752],[-79.42163,43.62749],[-79.42182,43.62746],[-79.42201,43.62742],[-79.42221,43.62741],[-79.42239,43.62746],[-79.42248,43.62754],[-79.42253,43.62763],[-79.42254,43.62773],[-79.42245,43.62782],[-79.42236,43.6279],[-79.42226,43.62798],[-79.42218,43.62807],[-79.42212,43.62813],[-79.42209,43.62821],[-79.42207,43.62829],[-79.42205,43.62839],[-79.42206,43.62847],[-79.42209,43.62854],[-79.42217,43.62868],[-79.42221,43.62874],[-79.42227,43.6288],[-79.42233,43.62887],[-79.42238,43.62892],[-79.42242,43.62897],[-79.42249,43.629],[-79.42248,43.62904],[-79.42247,43.62906],[-79.42151,43.62914],[-79.42097,43.62919],[-79.4203,43.62924],[-79.42006,43.62925],[-79.42005,43.62925],[-79.41963,43.62932],[-79.4194,43.62919],[-79.41942,43.62916],[-79.41933,43.62899],[-79.41949,43.62888],[-79.41957,43.62886],[-79.41964,43.62882],[-79.41966,43.62879],[-79.41971,43.62875],[-79.41971,43.6287],[-79.41968,43.62864],[-79.41969,43.62857],[-79.41972,43.62851],[-79.41976,43.62844],[-79.41982,43.62839],[-79.41987,43.62834],[-79.41982,43.62831],[-79.41977,43.62834],[-79.4197,43.62839],[-79.41962,43.62844],[-79.4196,43.6285],[-79.41961,43.62856],[-79.4196,43.62864],[-79.41951,43.62869],[-79.41942,43.6287],[-79.41935,43.62869],[-79.41929,43.62865],[-79.41925,43.62859],[-79.41915,43.62849],[-79.41917,43.62843],[-79.4192,43.62837],[-79.41926,43.62829],[-79.41931,43.62822],[-79.41935,43.62815],[-79.41935,43.62806],[-79.41932,43.62798],[-79.41924,43.62793],[-79.41913,43.62789],[-79.41903,43.62787],[-79.41893,43.62787],[-79.41877,43.62791],[-79.41872,43.62793],[-79.41867,43.62796],[-79.41864,43.62801],[-79.41863,43.62807],[-79.41862,43.62813],[-79.41859,43.62818],[-79.41857,43.62823],[-79.41853,43.62825],[-79.41847,43.62825],[-79.41842,43.62822],[-79.4184,43.62816],[-79.41803,43.62823],[-79.41843,43.6295],[-79.41868,43.62945],[-79.4187,43.6295],[-79.42014,43.63013],[-79.42023,43.63012],[-79.42036,43.63011],[-79.42051,43.63009],[-79.42081,43.63007],[-79.4237,43.62985],[-79.42377,43.62984],[-79.42386,43.62983],[-79.42418,43.6298],[-79.42419,43.6298],[-79.42429,43.62979],[-79.4244,43.62978],[-79.42445,43.62978],[-79.42457,43.62977],[-79.42582,43.62968],[-79.42596,43.62966],[-79.42721,43.62972],[-79.42778,43.62979],[-79.42948,43.63002],[-79.43042,43.6302],[-79.43172,43.63043],[-79.43316,43.63075],[-79.4332,43.63076],[-79.43348,43.63083],[-79.43352,43.63082],[-79.43356,43.63083],[-79.43359,43.63084],[-79.43362,43.63085],[-79.43366,43.63086],[-79.43365,43.63089],[-79.43383,43.63095],[-79.43447,43.63118],[-79.43486,43.63132],[-79.43508,43.6314],[-79.43513,43.63142],[-79.43519,43.63145],[-79.43526,43.63149],[-79.43535,43.63155],[-79.43552,43.63164],[-79.43567,43.63172],[-79.43584,43.63181],[-79.43589,43.63185],[-79.43593,43.63185],[-79.43597,43.6318],[-79.43635,43.63194],[-79.43634,43.63196],[-79.43637,43.63198],[-79.43636,43.63199],[-79.43665,43.63207],[-79.4368,43.63212],[-79.43694,43.63217],[-79.43705,43.63225],[-79.43708,43.63226],[-79.43713,43.63228],[-79.43718,43.63229],[-79.43729,43.63234],[-79.43753,43.63244],[-79.4376,43.63247],[-79.43761,43.63249],[-79.43773,43.63254],[-79.43783,43.63257],[-79.43802,43.63263],[-79.4382,43.63269],[-79.43847,43.63281],[-79.43862,43.63288],[-79.43869,43.6329],[-79.43888,43.633],[-79.43901,43.63307],[-79.43905,43.63307],[-79.43917,43.63311],[-79.43926,43.63314],[-79.43936,43.63322],[-79.43936,43.63323],[-79.43932,43.63342],[-79.43929,43.63355],[-79.43931,43.63356],[-79.43929,43.63357],[-79.43939,43.63363],[-79.43941,43.63361],[-79.43975,43.63379],[-79.43972,43.63382],[-79.43978,43.63385],[-79.4398,43.63382],[-79.43991,43.63386],[-79.43993,43.63386],[-79.43996,43.63387],[-79.44001,43.63391],[-79.44007,43.63414],[-79.44004,43.63418],[-79.44001,43.63421],[-79.44001,43.63424],[-79.44006,43.63427],[-79.4402,43.63439],[-79.44032,43.63447],[-79.44047,43.63457],[-79.44054,43.6346],[-79.44072,43.6347],[-79.44088,43.63476],[-79.44097,43.63479],[-79.441,43.63481],[-79.44104,43.63483],[-79.44114,43.63487],[-79.44127,43.6349],[-79.44144,43.63493],[-79.44162,43.63494],[-79.44179,43.63494],[-79.44191,43.63495],[-79.442,43.63495],[-79.44218,43.63493],[-79.44245,43.63489],[-79.44253,43.63487],[-79.44268,43.63481],[-79.44278,43.63478],[-79.44282,43.63477],[-79.44283,43.63476],[-79.44292,43.63473],[-79.44297,43.63472],[-79.44302,43.63472],[-79.44303,43.63474],[-79.44322,43.63472],[-79.4436,43.63488],[-79.44392,43.63501],[-79.44392,43.63508],[-79.44391,43.63515],[-79.44422,43.63528],[-79.44476,43.63551],[-79.44534,43.63576],[-79.44574,43.63593],[-79.44599,43.63603],[-79.44602,43.63603],[-79.44616,43.63604],[-79.44636,43.63611],[-79.44639,43.63613],[-79.44643,43.63614],[-79.44647,43.63615],[-79.44652,43.63616],[-79.44652,43.63619],[-79.44658,43.63622],[-79.44665,43.63625],[-79.4467,43.63629],[-79.44675,43.63632],[-79.44684,43.63635],[-79.4469,43.63636],[-79.44696,43.63635],[-79.447,43.63634],[-79.44704,43.63635],[-79.44711,43.63637],[-79.44719,43.6364],[-79.44731,43.63644],[-79.44749,43.63649],[-79.44764,43.63653],[-79.44772,43.63654],[-79.44783,43.63654],[-79.44794,43.63653],[-79.44804,43.63651],[-79.44819,43.63648],[-79.4483,43.63645],[-79.44838,43.63643],[-79.44847,43.6364],[-79.44858,43.63636],[-79.44874,43.63628],[-79.44894,43.63619],[-79.44903,43.63617],[-79.44918,43.63617],[-79.44924,43.63618],[-79.44929,43.6362],[-79.44933,43.63622],[-79.44936,43.63624],[-79.44942,43.6363],[-79.44952,43.63638],[-79.4496,43.63644],[-79.44972,43.63649],[-79.44976,43.63652],[-79.44981,43.63654],[-79.44988,43.63655],[-79.44999,43.63654],[-79.45009,43.63654],[-79.45025,43.63656],[-79.45029,43.63655],[-79.45036,43.63655],[-79.4504,43.63657],[-79.45042,43.63656],[-79.45045,43.63656],[-79.45047,43.63658],[-79.45049,43.63659],[-79.45051,43.63659],[-79.45057,43.63658],[-79.45062,43.63657],[-79.45074,43.63654],[-79.45092,43.6365],[-79.45098,43.6365],[-79.45104,43.63649],[-79.45109,43.6365],[-79.45125,43.63652],[-79.45152,43.63656],[-79.45175,43.63659],[-79.45188,43.63661],[-79.45198,43.63661],[-79.45212,43.63663],[-79.45228,43.63665],[-79.45244,43.63669],[-79.45259,43.63673],[-79.45276,43.6368],[-79.45294,43.63696],[-79.45307,43.63702],[-79.45331,43.63709],[-79.45339,43.63712],[-79.45349,43.63716],[-79.45366,43.63724],[-79.45375,43.63727],[-79.45383,43.6373],[-79.45391,43.6373],[-79.45404,43.63732],[-79.45416,43.63735],[-79.45425,43.63738],[-79.45436,43.63739],[-79.45446,43.63741],[-79.45489,43.63744],[-79.45523,43.63748],[-79.45545,43.6374],[-79.45577,43.63734],[-79.45594,43.63729],[-79.45614,43.63725],[-79.45628,43.63722],[-79.45637,43.6372],[-79.45672,43.6372],[-79.45687,43.63722],[-79.45694,43.63723],[-79.45742,43.63723],[-79.45756,43.63722],[-79.45768,43.63721],[-79.45782,43.63719],[-79.4579,43.63718],[-79.45798,43.63716],[-79.45807,43.63713],[-79.45817,43.63709],[-79.45831,43.63702],[-79.45845,43.63694],[-79.45854,43.63688],[-79.45866,43.63679],[-79.4587,43.63677],[-79.45873,43.63676],[-79.45877,43.63676],[-79.4588,43.63677],[-79.45882,43.63678],[-79.45892,43.63681],[-79.45899,43.63683],[-79.45903,43.63684],[-79.4591,43.63683],[-79.45918,43.63681],[-79.45929,43.6368],[-79.45936,43.63678],[-79.4597,43.63678],[-79.45974,43.63677],[-79.45977,43.63676],[-79.45982,43.63676],[-79.45997,43.63677],[-79.46009,43.63677],[-79.46019,43.63676],[-79.46029,43.63674],[-79.46037,43.63673],[-79.46048,43.6367],[-79.46056,43.63667],[-79.46066,43.63663],[-79.46075,43.6366],[-79.46082,43.63657],[-79.46089,43.63653],[-79.46094,43.63651],[-79.46099,43.63648],[-79.46106,43.63644],[-79.46115,43.6364],[-79.46119,43.63639],[-79.46126,43.63636],[-79.46133,43.63634],[-79.46136,43.63633],[-79.46145,43.63633],[-79.46147,43.63634],[-79.46148,43.63635],[-79.46148,43.63637],[-79.46149,43.63638],[-79.4615,43.63639],[-79.46154,43.63641],[-79.46163,43.63641],[-79.46166,43.6364],[-79.46169,43.63638],[-79.46174,43.63635],[-79.46183,43.63631],[-79.46186,43.63629],[-79.46192,43.63624],[-79.46197,43.6362],[-79.46203,43.63614],[-79.4621,43.63606],[-79.46214,43.63602],[-79.4622,43.63595],[-79.46227,43.63588],[-79.46233,43.63582],[-79.46243,43.63575],[-79.46249,43.63573],[-79.46257,43.63569],[-79.46261,43.63567],[-79.46272,43.63567],[-79.46274,43.63568],[-79.46282,43.63571],[-79.46291,43.63574],[-79.463,43.63577],[-79.46304,43.63578],[-79.46308,43.63579],[-79.46315,43.63578],[-79.46321,43.63578],[-79.46329,43.63577],[-79.46341,43.63575],[-79.4635,43.63574],[-79.46355,43.63573],[-79.4637,43.63573],[-79.46384,43.63571],[-79.46391,43.63571],[-79.46394,43.6357],[-79.46398,43.63568],[-79.46402,43.63565],[-79.46408,43.63563],[-79.46416,43.6356],[-79.46433,43.63554],[-79.46437,43.63553],[-79.4644,43.63551],[-79.46445,43.63549],[-79.46449,43.63547],[-79.46452,43.63546],[-79.46453,43.63545],[-79.46457,43.63543],[-79.4646,43.63541],[-79.46464,43.6354],[-79.46469,43.63537],[-79.46479,43.63533],[-79.46486,43.6353],[-79.46492,43.63527],[-79.46495,43.63526],[-79.46499,43.63526],[-79.46501,43.63525],[-79.46504,43.63523],[-79.46508,43.63518],[-79.46514,43.63512],[-79.46522,43.63502],[-79.46527,43.63498],[-79.46531,43.63497],[-79.46534,43.63496],[-79.46538,43.63493],[-79.46542,43.63492],[-79.46548,43.63488],[-79.46554,43.63485],[-79.46561,43.6348],[-79.46566,43.63476],[-79.46567,43.63475],[-79.46573,43.6347],[-79.46577,43.63467],[-79.46581,43.63464],[-79.46586,43.63461],[-79.46589,43.6346],[-79.46593,43.63458],[-79.46597,43.63457],[-79.46605,43.63453],[-79.46615,43.63449],[-79.4662,43.63446],[-79.46624,43.63445],[-79.46628,43.63443],[-79.46631,43.63442],[-79.4664,43.63442],[-79.46641,43.63443],[-79.46643,43.63443],[-79.46648,43.63445],[-79.46654,43.63446],[-79.46662,43.63447],[-79.46664,43.63448],[-79.46674,43.63448],[-79.46677,43.63447],[-79.46683,43.63447],[-79.46686,43.63446],[-79.46689,43.63446],[-79.46694,43.63445],[-79.467,43.63444],[-79.46707,43.63442],[-79.46712,43.63441],[-79.46716,43.6344],[-79.46721,43.63438],[-79.46723,43.63437],[-79.46724,43.63435],[-79.46724,43.63432],[-79.46725,43.63431],[-79.46725,43.63429],[-79.46726,43.63429],[-79.46728,43.63427],[-79.46731,43.63425],[-79.46742,43.63422],[-79.46743,43.63421],[-79.4675,43.63419],[-79.46761,43.63416],[-79.46766,43.63414],[-79.46767,43.63414],[-79.4677,43.63415],[-79.46772,43.63416],[-79.46775,43.63416],[-79.46779,43.63415],[-79.46783,43.63413],[-79.46791,43.6341],[-79.46798,43.63406],[-79.46805,43.63403],[-79.46809,43.634],[-79.46815,43.63397],[-79.4682,43.63392],[-79.46826,43.63388],[-79.46831,43.63384],[-79.46835,43.6338],[-79.46839,43.63375],[-79.46842,43.63372],[-79.46845,43.63368],[-79.46847,43.63365],[-79.46848,43.63362],[-79.4685,43.63354],[-79.46852,43.6335],[-79.46854,43.63347],[-79.46859,43.6334],[-79.46863,43.63335],[-79.4687,43.63327],[-79.46873,43.63322],[-79.46877,43.63317],[-79.46882,43.63312],[-79.46886,43.6331],[-79.4689,43.63307],[-79.46899,43.63301],[-79.46904,43.63296],[-79.46913,43.63288],[-79.46924,43.63278],[-79.46929,43.63274],[-79.46937,43.6327],[-79.46943,43.63266],[-79.46948,43.63263],[-79.46955,43.63259],[-79.46959,43.63258],[-79.46962,43.63257],[-79.46964,43.63255],[-79.46967,43.63253],[-79.46971,43.63252],[-79.46974,43.63252],[-79.46976,43.6325],[-79.46981,43.63248],[-79.46989,43.63244],[-79.46995,43.63241],[-79.47,43.63238],[-79.47003,43.63236],[-79.47006,43.63234],[-79.47011,43.63232],[-79.47018,43.63229],[-79.47023,43.63226],[-79.47027,43.63224],[-79.47027,43.63223],[-79.4703,43.63222],[-79.47031,43.63221],[-79.47035,43.63221],[-79.4704,43.63219],[-79.47044,43.63218],[-79.47046,43.63217],[-79.47049,43.63215],[-79.47052,43.63213],[-79.47055,43.63213],[-79.47057,43.63212],[-79.47059,43.63212],[-79.4706,43.63211],[-79.47062,43.6321],[-79.47065,43.63209],[-79.47068,43.63207],[-79.47069,43.63206],[-79.4707,43.63204],[-79.47071,43.63202],[-79.47073,43.63201],[-79.47075,43.63199],[-79.47077,43.63197],[-79.47079,43.63196],[-79.4708,43.63195],[-79.47085,43.63195],[-79.47086,43.63196],[-79.47088,43.63197],[-79.47089,43.63198],[-79.4709,43.63199],[-79.47092,43.632],[-79.47123,43.6317],[-79.47145,43.63144],[-79.47131,43.63136],[-79.47134,43.63133],[-79.47127,43.63129],[-79.47123,43.63125],[-79.47113,43.63118],[-79.47097,43.63107],[-79.47089,43.63102],[-79.47084,43.63098],[-79.47081,43.63096],[-79.4708,43.63094],[-79.47079,43.63091],[-79.47077,43.63087],[-79.47077,43.63083],[-79.47078,43.6308],[-79.4708,43.63076],[-79.47081,43.63073],[-79.47083,43.63071],[-79.47086,43.63069],[-79.47092,43.63066],[-79.47097,43.63064],[-79.47104,43.63062],[-79.4711,43.63062],[-79.47115,43.63061],[-79.47123,43.63061],[-79.47131,43.63062],[-79.4714,43.63063],[-79.47157,43.63065],[-79.47175,43.63067],[-79.47179,43.63068],[-79.47189,43.63068],[-79.47195,43.63069],[-79.47198,43.63068],[-79.47202,43.63067],[-79.47204,43.63067],[-79.47206,43.63066],[-79.47211,43.63063],[-79.47217,43.6306],[-79.47218,43.63058],[-79.47222,43.63055],[-79.4723,43.63049],[-79.47234,43.63046],[-79.47237,43.63042],[-79.47239,43.63039],[-79.4724,43.63035],[-79.47241,43.63032],[-79.47242,43.6303],[-79.47242,43.63028],[-79.47243,43.63022],[-79.47245,43.63006],[-79.47248,43.62989],[-79.47251,43.62983],[-79.47254,43.62976],[-79.47258,43.62971],[-79.47261,43.62968],[-79.47269,43.62964],[-79.47272,43.62962],[-79.47278,43.62961],[-79.47282,43.6296],[-79.47286,43.6296],[-79.47289,43.62961],[-79.4729,43.62962],[-79.47293,43.62962],[-79.47295,43.62961],[-79.47296,43.6296],[-79.473,43.62957],[-79.4731,43.62947],[-79.47315,43.62944],[-79.47317,43.62942],[-79.47325,43.62942],[-79.47326,43.62944],[-79.47327,43.62945],[-79.47328,43.62946],[-79.47329,43.62947],[-79.47329,43.62948],[-79.47328,43.62949],[-79.47322,43.62955],[-79.47318,43.62958],[-79.47323,43.6296],[-79.47326,43.62961],[-79.4733,43.62962],[-79.47334,43.62964],[-79.47339,43.62965],[-79.47344,43.62966],[-79.47359,43.62966],[-79.47362,43.62965],[-79.47364,43.62965],[-79.47367,43.62964],[-79.47371,43.62962],[-79.47374,43.62961],[-79.47377,43.6296],[-79.4738,43.62958],[-79.47385,43.62955],[-79.47395,43.62949],[-79.47398,43.62947],[-79.47403,43.62943],[-79.47407,43.62939],[-79.4741,43.62936],[-79.47414,43.62932],[-79.47416,43.62929],[-79.47417,43.62927],[-79.47419,43.62926],[-79.4742,43.62925],[-79.47421,43.62923],[-79.47422,43.6292],[-79.47421,43.62914],[-79.4742,43.62912],[-79.47419,43.62911],[-79.47417,43.6291],[-79.47415,43.62912],[-79.47413,43.62912],[-79.47411,43.62914],[-79.47409,43.62914],[-79.47408,43.62913],[-79.47406,43.62913],[-79.47405,43.62911],[-79.47404,43.62911],[-79.47404,43.62909],[-79.47405,43.62908],[-79.47406,43.62906],[-79.47407,43.62905],[-79.47408,43.62904],[-79.47411,43.62902],[-79.47414,43.629],[-79.47416,43.62898],[-79.47422,43.62898],[-79.47423,43.62899],[-79.47425,43.62899],[-79.47425,43.62904],[-79.47424,43.62904],[-79.47424,43.62905],[-79.47421,43.62907],[-79.47427,43.62911],[-79.47429,43.62911],[-79.4743,43.62912],[-79.47442,43.62912],[-79.47446,43.6291],[-79.47449,43.62909],[-79.47452,43.62907],[-79.47454,43.62906],[-79.47456,43.62904],[-79.4746,43.62901],[-79.47464,43.62897],[-79.47468,43.62893],[-79.47472,43.62889],[-79.47475,43.62885],[-79.47477,43.62884],[-79.47478,43.62882],[-79.4748,43.62879],[-79.47483,43.62875],[-79.47488,43.62869],[-79.47492,43.62864],[-79.47496,43.62858],[-79.47497,43.62857],[-79.47498,43.62855],[-79.47499,43.62852],[-79.475,43.62849],[-79.47501,43.62847],[-79.47501,43.62839],[-79.475,43.62838],[-79.47499,43.62837],[-79.47499,43.62836],[-79.47488,43.62832],[-79.47487,43.62833],[-79.47486,43.62833],[-79.47485,43.62834],[-79.47484,43.62835],[-79.47484,43.62836],[-79.4748,43.62836],[-79.47479,43.62835],[-79.47478,43.62835],[-79.47478,43.62834],[-79.47476,43.62833],[-79.47476,43.6283],[-79.47477,43.62829],[-79.47478,43.62828],[-79.47479,43.62827],[-79.47481,43.62826],[-79.47481,43.62825],[-79.47482,43.62824],[-79.47482,43.62823],[-79.47483,43.62823],[-79.47483,43.62822],[-79.47484,43.62822],[-79.47485,43.62821],[-79.47491,43.62821],[-79.47492,43.62822],[-79.47493,43.62822],[-79.47493,43.62826],[-79.47491,43.62828],[-79.47507,43.62834],[-79.47509,43.62833],[-79.4751,43.62832],[-79.47512,43.62832],[-79.47514,43.62831],[-79.47515,43.6283],[-79.47516,43.62829],[-79.4752,43.62826],[-79.47522,43.62824],[-79.47524,43.62821],[-79.47526,43.62819],[-79.47528,43.62816],[-79.47533,43.62809],[-79.47537,43.62802],[-79.4754,43.62794],[-79.47543,43.62785],[-79.47548,43.6277],[-79.47552,43.6276],[-79.47555,43.6275],[-79.47559,43.62737],[-79.47559,43.62725],[-79.47558,43.62722],[-79.47556,43.62718],[-79.47554,43.62716],[-79.47551,43.62716],[-79.4755,43.62717],[-79.47549,43.62719],[-79.47548,43.6272],[-79.47546,43.62721],[-79.47541,43.62721],[-79.47541,43.6272],[-79.4754,43.62719],[-79.47539,43.62718],[-79.47538,43.62717],[-79.47538,43.62716],[-79.47539,43.62712],[-79.47541,43.62707],[-79.47543,43.62704],[-79.47545,43.62703],[-79.47549,43.62701],[-79.47551,43.62701],[-79.47553,43.62702],[-79.47554,43.62703],[-79.47554,43.62704],[-79.47555,43.62705],[-79.47555,43.62706],[-79.47553,43.6271],[-79.47559,43.6271],[-79.47564,43.62711],[-79.47569,43.62712],[-79.47572,43.62712],[-79.47574,43.62711],[-79.47576,43.62711],[-79.47577,43.6271],[-79.47578,43.62706],[-79.4758,43.62702],[-79.47581,43.62699],[-79.47585,43.62691],[-79.47592,43.62678],[-79.47598,43.62665],[-79.47607,43.62647],[-79.4761,43.62637],[-79.47612,43.62632],[-79.47614,43.62623],[-79.47615,43.62614],[-79.47617,43.62604],[-79.4762,43.6259],[-79.47624,43.62575],[-79.47615,43.62575],[-79.47614,43.62577],[-79.47614,43.62578],[-79.47612,43.6258],[-79.4761,43.62581],[-79.47602,43.62581],[-79.47598,43.62579],[-79.47596,43.62577],[-79.47595,43.62575],[-79.47595,43.62568],[-79.47594,43.62562],[-79.47594,43.62553],[-79.47595,43.62551],[-79.47596,43.62547],[-79.47597,43.62545],[-79.47596,43.62543],[-79.47595,43.6254],[-79.47594,43.62538],[-79.47593,43.62537],[-79.47593,43.62535],[-79.47594,43.62534],[-79.47595,43.62532],[-79.47596,43.62531],[-79.47598,43.62529],[-79.47608,43.62529],[-79.4761,43.6253],[-79.47611,43.62533],[-79.47613,43.62535],[-79.47613,43.62537],[-79.47614,43.62539],[-79.47614,43.62546],[-79.47636,43.62554],[-79.4764,43.62548],[-79.47642,43.62547],[-79.47643,43.62546],[-79.47643,43.62544],[-79.47642,43.62543],[-79.47642,43.62536],[-79.47643,43.62531],[-79.47643,43.62527],[-79.47644,43.62524],[-79.47645,43.62521],[-79.47647,43.62517],[-79.47648,43.62515],[-79.47651,43.6251],[-79.47653,43.62506],[-79.47655,43.62502],[-79.47656,43.62499],[-79.47658,43.62495],[-79.47661,43.62489],[-79.47663,43.62483],[-79.47664,43.62479],[-79.47665,43.62477],[-79.47663,43.62476],[-79.47661,43.62473],[-79.4766,43.62472],[-79.47635,43.62473],[-79.47635,43.62476],[-79.47633,43.62478],[-79.47632,43.62481],[-79.47632,43.62487],[-79.47631,43.6249],[-79.47631,43.62493],[-79.4763,43.62496],[-79.47626,43.62498],[-79.47623,43.62499],[-79.47619,43.62499],[-79.47616,43.62498],[-79.47615,43.62497],[-79.47613,43.62493],[-79.47613,43.6249],[-79.47612,43.62487],[-79.47612,43.62484],[-79.47614,43.62476],[-79.47615,43.62473],[-79.47617,43.62468],[-79.47621,43.62459],[-79.47623,43.62454],[-79.47624,43.62452],[-79.47625,43.62452],[-79.47625,43.6245],[-79.47626,43.62448],[-79.47626,43.62446],[-79.47624,43.62443],[-79.47623,43.62441],[-79.4762,43.62437],[-79.47618,43.62432],[-79.47615,43.62428],[-79.47614,43.62427],[-79.47611,43.62425],[-79.47609,43.62424],[-79.47602,43.62419],[-79.47597,43.62415],[-79.47592,43.6241],[-79.47592,43.62404],[-79.47594,43.62403],[-79.47595,43.62402],[-79.47602,43.62402],[-79.47604,43.62403],[-79.47605,43.62404],[-79.47607,43.62405],[-79.47608,43.62405],[-79.4761,43.62406],[-79.47612,43.62407],[-79.47614,43.62408],[-79.47615,43.62409],[-79.47617,43.6241],[-79.47619,43.62414],[-79.4762,43.62415],[-79.47623,43.62417],[-79.47627,43.62421],[-79.4763,43.62423],[-79.47632,43.62424],[-79.47633,43.62426],[-79.47635,43.62428],[-79.47658,43.62427],[-79.47657,43.62424],[-79.47656,43.62422],[-79.47656,43.6242],[-79.47657,43.62419],[-79.47658,43.62419],[-79.47662,43.62418],[-79.47667,43.62416],[-79.47667,43.62413],[-79.47672,43.62408],[-79.47678,43.624],[-79.47684,43.62392],[-79.47685,43.6239],[-79.47685,43.62388],[-79.47684,43.62386],[-79.4768,43.62385],[-79.47678,43.62383],[-79.47677,43.62382],[-79.47676,43.62381],[-79.47674,43.62379],[-79.47673,43.62377],[-79.47671,43.62374],[-79.47669,43.62371],[-79.47667,43.62368],[-79.47666,43.62365],[-79.47664,43.62364],[-79.47662,43.62361],[-79.4766,43.62359],[-79.47658,43.62357],[-79.47657,43.62355],[-79.47657,43.62347],[-79.47658,43.62346],[-79.47661,43.62344],[-79.47653,43.6234],[-79.47649,43.62344],[-79.47645,43.62344],[-79.47642,43.62345],[-79.47631,43.62343],[-79.47625,43.62341],[-79.47621,43.6234],[-79.47616,43.62339],[-79.47614,43.62338],[-79.47609,43.62338],[-79.47606,43.62339],[-79.47585,43.62348],[-79.4758,43.62349],[-79.47571,43.62349],[-79.47556,43.62346],[-79.47529,43.62346],[-79.47504,43.62348],[-79.475,43.62345],[-79.47503,43.62342],[-79.47529,43.62337],[-79.47538,43.6232],[-79.47526,43.62304],[-79.47494,43.62294],[-79.47457,43.62269],[-79.47428,43.62258],[-79.47406,43.62257],[-79.47383,43.62281],[-79.47358,43.62303],[-79.47344,43.62312],[-79.47339,43.62322],[-79.47349,43.62341],[-79.47344,43.62363],[-79.47348,43.62372],[-79.4737,43.62399],[-79.47421,43.62379],[-79.47425,43.62382],[-79.47383,43.62417],[-79.47386,43.62419],[-79.47379,43.62422],[-79.47368,43.62412],[-79.47355,43.62398],[-79.47348,43.62387],[-79.47338,43.62385],[-79.47334,43.62378],[-79.47319,43.62364],[-79.47302,43.6235],[-79.47282,43.6234],[-79.4726,43.62343],[-79.4724,43.62349],[-79.47224,43.62365],[-79.47207,43.62382],[-79.47192,43.62398],[-79.47178,43.62415],[-79.47165,43.62423],[-79.47156,43.62434],[-79.47163,43.62448],[-79.47168,43.62466],[-79.47181,43.62482],[-79.47198,43.62497],[-79.472,43.62517],[-79.47203,43.62535],[-79.47184,43.62532],[-79.47162,43.62519],[-79.47135,43.6251],[-79.47111,43.62515],[-79.4709,43.62527],[-79.47067,43.62533],[-79.47045,43.62524],[-79.4703,43.62506],[-79.47021,43.62485],[-79.47016,43.62463],[-79.47012,43.6244],[-79.47007,43.62416],[-79.47001,43.62394],[-79.46991,43.62372],[-79.46978,43.62351],[-79.46962,43.62329],[-79.46945,43.62311],[-79.46923,43.62295],[-79.46913,43.62277],[-79.4692,43.62256],[-79.46939,43.62242],[-79.46962,43.62238],[-79.46988,43.62247],[-79.47017,43.62253],[-79.47047,43.62256],[-79.47078,43.62254],[-79.4711,43.62252],[-79.47139,43.62248],[-79.47168,43.62244],[-79.47196,43.6224],[-79.47225,43.62239],[-79.47253,43.6224],[-79.47278,43.62233],[-79.47301,43.62221],[-79.47324,43.62206],[-79.47343,43.62186],[-79.47364,43.62167],[-79.47384,43.62146],[-79.47403,43.62124],[-79.47421,43.62102],[-79.47439,43.62081],[-79.47455,43.6206],[-79.47469,43.62039],[-79.47482,43.62018],[-79.47481,43.61998],[-79.47474,43.6198],[-79.47463,43.61961],[-79.47446,43.61943],[-79.47435,43.61925],[-79.47432,43.61905],[-79.4744,43.61885],[-79.47464,43.61873],[-79.4749,43.61871],[-79.47513,43.6188],[-79.47531,43.61893],[-79.47535,43.61911],[-79.47544,43.61927],[-79.47551,43.61945],[-79.47562,43.61964],[-79.47577,43.61977],[-79.47598,43.61982],[-79.47619,43.61985],[-79.47637,43.61985],[-79.47655,43.61995],[-79.47681,43.62001],[-79.47706,43.62011],[-79.47722,43.62024],[-79.47726,43.62028],[-79.4773,43.62031],[-79.47737,43.62035],[-79.47742,43.62038],[-79.47746,43.62041],[-79.47752,43.62043],[-79.4777,43.62052],[-79.47772,43.62052],[-79.47773,43.62053],[-79.47773,43.62054],[-79.47772,43.62055],[-79.47772,43.62056],[-79.4777,43.62056],[-79.47769,43.62057],[-79.47765,43.62057],[-79.47763,43.62056],[-79.47759,43.62054],[-79.47755,43.62053],[-79.47751,43.62051],[-79.47747,43.62048],[-79.47743,43.62046],[-79.47741,43.62046],[-79.4774,43.62045],[-79.47736,43.62043],[-79.47733,43.62041],[-79.4773,43.6204],[-79.47725,43.6204],[-79.47724,43.62041],[-79.47722,43.62045],[-79.47721,43.62048],[-79.47718,43.62057],[-79.47715,43.62061],[-79.47716,43.62073],[-79.47705,43.62081],[-79.47706,43.62093],[-79.47715,43.62108],[-79.47729,43.62126],[-79.47742,43.62144],[-79.47754,43.62158],[-79.47778,43.6216],[-79.47804,43.62157],[-79.4783,43.62154],[-79.47856,43.6215],[-79.47883,43.62153],[-79.47909,43.62159],[-79.47935,43.62166],[-79.47941,43.62166],[-79.47951,43.62169],[-79.47958,43.62169],[-79.47961,43.62168],[-79.47965,43.62167],[-79.47969,43.62166],[-79.47973,43.62165],[-79.47978,43.62163],[-79.47987,43.62163],[-79.47988,43.62162],[-79.47989,43.6216],[-79.4799,43.6216],[-79.47991,43.62161],[-79.47993,43.62159],[-79.47994,43.62158],[-79.47994,43.62151],[-79.47991,43.62151],[-79.47991,43.62146],[-79.4799,43.62145],[-79.47987,43.62144],[-79.47984,43.62143],[-79.47981,43.62142],[-79.47979,43.62142],[-79.47975,43.62144],[-79.47973,43.62146],[-79.4797,43.62147],[-79.47969,43.62145],[-79.47968,43.62144],[-79.47964,43.62142],[-79.47961,43.62142],[-79.47958,43.62143],[-79.47953,43.62143],[-79.47951,43.62142],[-79.47947,43.62142],[-79.47945,43.62141],[-79.47945,43.6214],[-79.47947,43.62136],[-79.47947,43.62134],[-79.47946,43.62132],[-79.47946,43.62131],[-79.4795,43.62129],[-79.47945,43.62126],[-79.47945,43.62124],[-79.47943,43.62123],[-79.47942,43.6212],[-79.47941,43.62118],[-79.47938,43.62118],[-79.47935,43.62121],[-79.47932,43.62122],[-79.47928,43.62123],[-79.4792,43.62125],[-79.47918,43.62124],[-79.47915,43.62124],[-79.47913,43.62123],[-79.47913,43.62121],[-79.47911,43.62119],[-79.4791,43.62118],[-79.47912,43.62116],[-79.47914,43.62114],[-79.4792,43.62111],[-79.4792,43.6211],[-79.47921,43.62109],[-79.47919,43.62107],[-79.47918,43.62106],[-79.47916,43.62105],[-79.47913,43.62104],[-79.47909,43.62102],[-79.47906,43.62101],[-79.47902,43.62099],[-79.47899,43.62098],[-79.47893,43.62097],[-79.4789,43.62096],[-79.47888,43.62096],[-79.47887,43.62095],[-79.47883,43.62094],[-79.47878,43.62092],[-79.47876,43.62091],[-79.47875,43.6209],[-79.47873,43.6209],[-79.47867,43.62087],[-79.47862,43.62085],[-79.47859,43.62083],[-79.47853,43.62082],[-79.47849,43.6208],[-79.47846,43.62079],[-79.47842,43.62078],[-79.47837,43.62076],[-79.47834,43.62075],[-79.47832,43.62076],[-79.47831,43.62075],[-79.47829,43.62073],[-79.47828,43.62072],[-79.47824,43.6207],[-79.47822,43.6207],[-79.47818,43.62069],[-79.47814,43.62069],[-79.47813,43.62068],[-79.4781,43.62066],[-79.47806,43.62063],[-79.47804,43.62062],[-79.47801,43.62061],[-79.47799,43.6206],[-79.47796,43.62059],[-79.47792,43.62058],[-79.4779,43.62057],[-79.47788,43.62057],[-79.47786,43.62056],[-79.47784,43.62055],[-79.47781,43.62054],[-79.47778,43.62054],[-79.47776,43.62053],[-79.47776,43.62051],[-79.47777,43.6205],[-79.47779,43.62049],[-79.47781,43.62048],[-79.47782,43.62047],[-79.47785,43.62047],[-79.47786,43.62048],[-79.47788,43.62048],[-79.4779,43.62049],[-79.47793,43.6205],[-79.47797,43.62052],[-79.478,43.62054],[-79.47803,43.62055],[-79.47807,43.62056],[-79.47812,43.62058],[-79.47817,43.6206],[-79.47822,43.62062],[-79.47825,43.62063],[-79.47829,43.62065],[-79.47835,43.62067],[-79.47836,43.62067],[-79.47838,43.62068],[-79.47839,43.62069],[-79.47842,43.6207],[-79.47843,43.6207],[-79.47848,43.62072],[-79.47851,43.62073],[-79.47852,43.62074],[-79.47853,43.62074],[-79.47854,43.62075],[-79.47857,43.62076],[-79.4786,43.62077],[-79.47867,43.6208],[-79.47896,43.62091],[-79.47898,43.62091],[-79.47904,43.62094],[-79.47908,43.62095],[-79.4791,43.62096],[-79.47916,43.62098],[-79.47921,43.621],[-79.47925,43.62102],[-79.4793,43.62104],[-79.47936,43.62104],[-79.47941,43.62103],[-79.47946,43.62105],[-79.47953,43.62107],[-79.47961,43.6211],[-79.47962,43.62111],[-79.47967,43.62113],[-79.47973,43.62116],[-79.47978,43.62118],[-79.47985,43.62122],[-79.47988,43.62125],[-79.47988,43.62127],[-79.4799,43.62128],[-79.47993,43.62127],[-79.48013,43.62138],[-79.48022,43.62139],[-79.48033,43.62139],[-79.48035,43.62132],[-79.4804,43.62107],[-79.48033,43.62107],[-79.48026,43.62104],[-79.48012,43.62098],[-79.47994,43.62087],[-79.4798,43.62073],[-79.47968,43.62059],[-79.47952,43.62053],[-79.47945,43.62047],[-79.47956,43.62037],[-79.47946,43.62029],[-79.47934,43.6203],[-79.47922,43.62035],[-79.47912,43.62027],[-79.47898,43.62016],[-79.47877,43.6201],[-79.47854,43.62],[-79.47833,43.61987],[-79.47808,43.61977],[-79.47783,43.61971],[-79.47758,43.61971],[-79.47735,43.61967],[-79.47713,43.61961],[-79.47697,43.61948],[-79.47678,43.61939],[-79.47663,43.61925],[-79.47651,43.61908],[-79.47648,43.6189],[-79.47653,43.61871],[-79.47667,43.61855],[-79.47686,43.61844],[-79.47707,43.61837],[-79.47727,43.61831],[-79.47748,43.61832],[-79.47768,43.61841],[-79.47782,43.61855],[-79.47786,43.6187],[-79.47795,43.61882],[-79.4781,43.61891],[-79.47812,43.61903],[-79.47817,43.6191],[-79.47832,43.61911],[-79.47837,43.61899],[-79.47844,43.6189],[-79.47861,43.6188],[-79.47877,43.6187],[-79.47884,43.6186],[-79.47878,43.61848],[-79.47873,43.61834],[-79.47866,43.61818],[-79.47851,43.61804],[-79.47834,43.61792],[-79.47813,43.61782],[-79.47793,43.61773],[-79.47775,43.61762],[-79.47759,43.61755],[-79.4775,43.61749],[-79.4774,43.61741],[-79.4773,43.61737],[-79.47727,43.61735],[-79.4771,43.61739],[-79.47691,43.6174],[-79.47673,43.61746],[-79.47662,43.61755],[-79.47654,43.61761],[-79.47649,43.61766],[-79.47644,43.61769],[-79.4762,43.61785],[-79.4761,43.61795],[-79.47607,43.61799],[-79.47606,43.61804],[-79.47606,43.61808],[-79.47605,43.6181],[-79.47603,43.61813],[-79.476,43.61816],[-79.47596,43.61818],[-79.47591,43.6182],[-79.47582,43.6182],[-79.47577,43.61818],[-79.47568,43.61815],[-79.47556,43.61811],[-79.47545,43.61808],[-79.47535,43.61804],[-79.47529,43.61802],[-79.47519,43.61799],[-79.47513,43.61795],[-79.47506,43.6179],[-79.47499,43.61783],[-79.47493,43.61778],[-79.47492,43.61774],[-79.47492,43.6177],[-79.47493,43.61768],[-79.47494,43.61765],[-79.47496,43.61761],[-79.475,43.61759],[-79.47506,43.61758],[-79.47512,43.61759],[-79.47517,43.6176],[-79.4752,43.61761],[-79.47525,43.61763],[-79.47532,43.61767],[-79.47546,43.61767],[-79.47555,43.61765],[-79.47564,43.6176],[-79.47576,43.61752],[-79.47591,43.61738],[-79.47604,43.61721],[-79.47617,43.61705],[-79.47624,43.61696],[-79.47634,43.61686],[-79.47649,43.61673],[-79.47675,43.61643],[-79.47704,43.61607],[-79.47719,43.61581],[-79.47735,43.61555],[-79.4775,43.61526],[-79.47755,43.61511],[-79.4775,43.61496],[-79.47742,43.61483],[-79.4773,43.61475],[-79.47721,43.61465],[-79.47705,43.61455],[-79.47692,43.61445],[-79.47701,43.61432],[-79.47715,43.61424],[-79.47728,43.61419],[-79.47746,43.61423],[-79.47759,43.61428],[-79.4778,43.61433],[-79.47801,43.61436],[-79.47819,43.6144],[-79.47828,43.61444],[-79.4783,43.61443],[-79.47831,43.61443],[-79.47849,43.61436],[-79.47862,43.61424],[-79.47874,43.61407],[-79.47883,43.61393],[-79.47892,43.61376],[-79.47901,43.61361],[-79.47908,43.61344],[-79.47917,43.61329],[-79.47922,43.61314],[-79.47928,43.61303],[-79.47923,43.61291],[-79.47914,43.61278],[-79.47908,43.61264],[-79.479,43.6125],[-79.47891,43.61239],[-79.47888,43.61224],[-79.47893,43.61209],[-79.47906,43.61197],[-79.47924,43.61192],[-79.47944,43.61192],[-79.4796,43.612],[-79.4798,43.61212],[-79.47996,43.61229],[-79.48004,43.61249],[-79.48013,43.61268],[-79.48022,43.61287],[-79.48029,43.61306],[-79.48043,43.61322],[-79.48058,43.61336],[-79.4808,43.61342],[-79.48104,43.61344],[-79.48129,43.61343],[-79.48154,43.61339],[-79.48179,43.61337],[-79.48204,43.61331],[-79.48226,43.61323],[-79.48244,43.61315],[-79.48262,43.61306],[-79.48271,43.61292],[-79.48269,43.6128],[-79.48267,43.61266],[-79.4827,43.61252],[-79.48279,43.61239],[-79.48292,43.61233],[-79.48307,43.61237],[-79.4832,43.61246],[-79.48329,43.61258],[-79.48334,43.61271],[-79.48343,43.61282],[-79.48357,43.61291],[-79.48373,43.61299],[-79.48388,43.61303],[-79.48403,43.61306],[-79.48413,43.61312],[-79.48418,43.61321],[-79.48414,43.6133],[-79.48407,43.61339],[-79.484,43.61349],[-79.48392,43.61359],[-79.48382,43.61371],[-79.48373,43.6138],[-79.48367,43.61391],[-79.48362,43.61404],[-79.48354,43.61415],[-79.48348,43.61427],[-79.48346,43.6144],[-79.48343,43.61452],[-79.48338,43.61464],[-79.48332,43.61474],[-79.48324,43.61478],[-79.48315,43.61476],[-79.4831,43.6147],[-79.4831,43.61459],[-79.48309,43.61447],[-79.48308,43.61435],[-79.48306,43.61425],[-79.48295,43.61418],[-79.48283,43.61418],[-79.48283,43.61411],[-79.48284,43.614],[-79.4827,43.61396],[-79.48253,43.61395],[-79.48234,43.61397],[-79.48217,43.61397],[-79.48203,43.61403],[-79.48193,43.6141],[-79.48178,43.61411],[-79.48161,43.61408],[-79.48147,43.61407],[-79.4813,43.61405],[-79.48116,43.61405],[-79.48102,43.61403],[-79.48068,43.61403],[-79.48052,43.61405],[-79.48042,43.61411],[-79.48038,43.61421],[-79.48035,43.61434],[-79.48033,43.61448],[-79.48029,43.61462],[-79.48025,43.61475],[-79.4802,43.61488],[-79.48017,43.61502],[-79.48012,43.61514],[-79.48011,43.61527],[-79.4801,43.61539],[-79.48013,43.61546],[-79.48025,43.61548],[-79.48037,43.61551],[-79.48047,43.61554],[-79.48053,43.6156],[-79.48055,43.6157],[-79.48053,43.61579],[-79.48048,43.61588],[-79.48046,43.61599],[-79.48045,43.61611],[-79.48043,43.61619],[-79.48036,43.61621],[-79.48028,43.61621],[-79.48018,43.61617],[-79.48006,43.61617],[-79.47996,43.61623],[-79.47987,43.61631],[-79.47977,43.6164],[-79.47967,43.61648],[-79.47954,43.61656],[-79.47944,43.61664],[-79.47934,43.61674],[-79.47921,43.61682],[-79.47907,43.6169],[-79.47895,43.617],[-79.47885,43.61709],[-79.47887,43.61715],[-79.47913,43.61733],[-79.47925,43.61743],[-79.47939,43.61754],[-79.47953,43.61763],[-79.47966,43.61774],[-79.47979,43.61783],[-79.47994,43.61795],[-79.48008,43.61804],[-79.48022,43.61814],[-79.48035,43.61822],[-79.48046,43.61831],[-79.48056,43.61838],[-79.48063,43.61834],[-79.48073,43.61828],[-79.48084,43.61822],[-79.48094,43.61818],[-79.48105,43.61811],[-79.48118,43.61804],[-79.48124,43.61797],[-79.48123,43.61791],[-79.48123,43.61784],[-79.48131,43.61783],[-79.48137,43.61791],[-79.48145,43.61798],[-79.48156,43.61804],[-79.48165,43.61809],[-79.48165,43.6181],[-79.48167,43.61813],[-79.48149,43.61825],[-79.48144,43.61829],[-79.48139,43.61833],[-79.48128,43.61845],[-79.48124,43.6185],[-79.48122,43.61853],[-79.48139,43.61868],[-79.48147,43.61863],[-79.48149,43.61863],[-79.48153,43.61862],[-79.48155,43.61862],[-79.48158,43.61864],[-79.4816,43.61866],[-79.48161,43.61867],[-79.4816,43.6187],[-79.48163,43.61877],[-79.48226,43.61854],[-79.48253,43.61844],[-79.48314,43.6184],[-79.48329,43.6183],[-79.48333,43.61828],[-79.48342,43.61823],[-79.48355,43.61816],[-79.48355,43.61813],[-79.48359,43.61809],[-79.48361,43.61807],[-79.48363,43.61804],[-79.48367,43.61801],[-79.4837,43.61798],[-79.4838,43.61792],[-79.48392,43.61785],[-79.48396,43.61783],[-79.48398,43.61782],[-79.48415,43.61782],[-79.48441,43.6177],[-79.48439,43.61763],[-79.48472,43.61725],[-79.4848,43.61723],[-79.48493,43.61689],[-79.48489,43.61683],[-79.48493,43.61672],[-79.48495,43.61669],[-79.48503,43.61657],[-79.48506,43.61648],[-79.48509,43.61645],[-79.48511,43.61642],[-79.48516,43.6164],[-79.48521,43.61638],[-79.48534,43.61591],[-79.48533,43.61588],[-79.48531,43.61583],[-79.4853,43.61579],[-79.4853,43.61575],[-79.48531,43.6157],[-79.48533,43.61565],[-79.48539,43.61555],[-79.48548,43.6154],[-79.48558,43.61525],[-79.48565,43.61514],[-79.4857,43.61505],[-79.4857,43.61491],[-79.48573,43.6149],[-79.48575,43.61487],[-79.48577,43.61483],[-79.4858,43.61475],[-79.48582,43.61469],[-79.48592,43.61453],[-79.48597,43.61435],[-79.48595,43.6143],[-79.48593,43.61423],[-79.48593,43.61419],[-79.48595,43.61417],[-79.48594,43.61414],[-79.48593,43.6141],[-79.48593,43.61405],[-79.48594,43.61399],[-79.48595,43.61395],[-79.48597,43.61388],[-79.486,43.61383],[-79.48602,43.61379],[-79.4861,43.61372],[-79.48617,43.61367],[-79.48625,43.61363],[-79.48627,43.61361],[-79.48629,43.6136],[-79.48634,43.61359],[-79.4864,43.61359],[-79.48647,43.6136],[-79.48654,43.6136],[-79.4866,43.61361],[-79.48667,43.61361],[-79.48669,43.6136],[-79.48672,43.61354],[-79.48673,43.61351],[-79.48674,43.6135],[-79.48675,43.61348],[-79.48676,43.61347],[-79.48679,43.61345],[-79.4868,43.61343],[-79.48682,43.61341],[-79.48683,43.61339],[-79.48685,43.61337],[-79.48686,43.61334],[-79.48687,43.61333],[-79.48687,43.61329],[-79.48686,43.61327],[-79.48683,43.61327],[-79.48685,43.61323],[-79.48681,43.61323],[-79.48687,43.61308],[-79.4869,43.61308],[-79.48692,43.61305],[-79.48697,43.61305],[-79.48698,43.61304],[-79.48699,43.61304],[-79.487,43.61303],[-79.48701,43.613],[-79.48702,43.61298],[-79.48703,43.61295],[-79.48703,43.61293],[-79.48701,43.61287],[-79.487,43.61281],[-79.48697,43.61272],[-79.48697,43.61271],[-79.48695,43.6127],[-79.48694,43.61269],[-79.48668,43.61269],[-79.48665,43.61268],[-79.48662,43.61267],[-79.48655,43.6126],[-79.48655,43.61281],[-79.48656,43.61284],[-79.48655,43.61287],[-79.48654,43.61289],[-79.48652,43.6129],[-79.48647,43.61292],[-79.48644,43.61294],[-79.48641,43.61294],[-79.48639,43.61293],[-79.48636,43.61292],[-79.4863,43.61289],[-79.48627,43.61287],[-79.48623,43.61283],[-79.48619,43.61278],[-79.48617,43.61275],[-79.48617,43.61272],[-79.48618,43.61265],[-79.48618,43.61258],[-79.48617,43.61244],[-79.48617,43.61238],[-79.48618,43.61235],[-79.4862,43.61232],[-79.48623,43.61229],[-79.48626,43.61227],[-79.48633,43.61224],[-79.4864,43.61223],[-79.48655,43.61223],[-79.48664,43.61225],[-79.48667,43.61226],[-79.48668,43.61224],[-79.4867,43.61221],[-79.48673,43.61217],[-79.48676,43.61213],[-79.48678,43.61209],[-79.48679,43.61202],[-79.48681,43.61197],[-79.48681,43.6119],[-79.4868,43.61184],[-79.48678,43.61181],[-79.48675,43.6118],[-79.48673,43.6118],[-79.48667,43.61178],[-79.48657,43.61177],[-79.48654,43.61176],[-79.48651,43.61176],[-79.48648,43.61175],[-79.48644,43.61173],[-79.48642,43.61171],[-79.48641,43.6117],[-79.4864,43.61168],[-79.4864,43.61165],[-79.48641,43.61164],[-79.48641,43.61161],[-79.48642,43.6116],[-79.48644,43.61157],[-79.48646,43.61156],[-79.48654,43.61156],[-79.48658,43.61157],[-79.4866,43.61157],[-79.48662,43.61158],[-79.48666,43.61158],[-79.48667,43.61157],[-79.48669,43.61156],[-79.48669,43.61154],[-79.48671,43.6115],[-79.48672,43.61147],[-79.48674,43.6114],[-79.48676,43.61135],[-79.48678,43.61128],[-79.48679,43.61125],[-79.48679,43.61123],[-79.48678,43.61119],[-79.48678,43.61117],[-79.48677,43.61114],[-79.48674,43.61112],[-79.48671,43.6111],[-79.48669,43.61107],[-79.48665,43.61105],[-79.48663,43.61103],[-79.48657,43.61101],[-79.48639,43.61101],[-79.48633,43.611],[-79.48631,43.61098],[-79.48629,43.61097],[-79.48628,43.61096],[-79.48627,43.61095],[-79.48627,43.61087],[-79.48629,43.61085],[-79.48632,43.61083],[-79.48633,43.61082],[-79.48639,43.61082],[-79.48641,43.61081],[-79.48646,43.61082],[-79.48663,43.61082],[-79.48665,43.61081],[-79.48668,43.61081],[-79.4867,43.6108],[-79.48672,43.61076],[-79.48673,43.61074],[-79.48674,43.61066],[-79.48677,43.61057],[-79.4868,43.61048],[-79.48679,43.61045],[-79.48674,43.61041],[-79.48668,43.61035],[-79.48666,43.61033],[-79.48663,43.61031],[-79.48658,43.61027],[-79.48655,43.61028],[-79.48653,43.61028],[-79.48651,43.61027],[-79.48651,43.61025],[-79.48647,43.61021],[-79.4865,43.61018],[-79.48652,43.61016],[-79.48653,43.61013],[-79.48652,43.61005],[-79.48651,43.60996],[-79.48653,43.60988],[-79.48654,43.60984],[-79.48652,43.60974],[-79.48654,43.60969],[-79.48657,43.60963],[-79.48661,43.60959],[-79.48665,43.60955],[-79.48672,43.6095],[-79.4868,43.60946],[-79.48691,43.60941],[-79.48695,43.60937],[-79.48697,43.60933],[-79.48701,43.60922],[-79.48705,43.60908],[-79.4871,43.60895],[-79.48714,43.60881],[-79.48716,43.60873],[-79.48716,43.60871],[-79.48713,43.60859],[-79.4872,43.60846],[-79.4873,43.60833],[-79.48743,43.60826],[-79.48756,43.60821],[-79.48765,43.6081],[-79.48775,43.60799],[-79.4878,43.60787],[-79.48783,43.60776],[-79.48791,43.60769],[-79.48794,43.60757],[-79.48795,43.60747],[-79.48799,43.60739],[-79.48811,43.6073],[-79.48819,43.60721],[-79.4884,43.60688],[-79.48842,43.6068],[-79.48847,43.60683],[-79.48854,43.60675],[-79.48868,43.60674],[-79.4888,43.6067],[-79.48892,43.60663],[-79.489,43.60652],[-79.48912,43.60638],[-79.48921,43.60622],[-79.48936,43.60589],[-79.48935,43.60581],[-79.48931,43.60576],[-79.4894,43.60565],[-79.48946,43.60553],[-79.48957,43.60552],[-79.48967,43.60543],[-79.48976,43.60529],[-79.48988,43.60515],[-79.49002,43.60505],[-79.49019,43.60496],[-79.49045,43.60469],[-79.49051,43.60456],[-79.49058,43.60446],[-79.4907,43.60437],[-79.4908,43.60426],[-79.49095,43.60413],[-79.4912,43.60387],[-79.49127,43.60374],[-79.49138,43.60361],[-79.49154,43.60351],[-79.49169,43.60339],[-79.49181,43.60327],[-79.49208,43.60306],[-79.49221,43.60294],[-79.49225,43.60282],[-79.49244,43.60272],[-79.4925,43.60266],[-79.49253,43.60254],[-79.49251,43.6024],[-79.49251,43.60227],[-79.49252,43.60221],[-79.49259,43.60214],[-79.49273,43.60206],[-79.4929,43.60202],[-79.49307,43.60201],[-79.49326,43.60206],[-79.49346,43.60212],[-79.49367,43.6021],[-79.49407,43.6021],[-79.49426,43.60209],[-79.49442,43.60214],[-79.49456,43.60222],[-79.49476,43.60222],[-79.49493,43.6022],[-79.49513,43.60216],[-79.49532,43.60212],[-79.49553,43.60206],[-79.49574,43.60201],[-79.49595,43.60195],[-79.49613,43.60187],[-79.49629,43.60176],[-79.4964,43.60165],[-79.49654,43.60155],[-79.49665,43.60144],[-79.49677,43.60133],[-79.49688,43.60123],[-79.49689,43.60122],[-79.49697,43.60109],[-79.4971,43.60098],[-79.49722,43.60088],[-79.49736,43.6008],[-79.4974,43.60077],[-79.49748,43.60071],[-79.49758,43.60059],[-79.49768,43.60047],[-79.49779,43.60034],[-79.49792,43.60021],[-79.49801,43.60007],[-79.49808,43.59993],[-79.49816,43.59978],[-79.49818,43.59965],[-79.49819,43.5995],[-79.49813,43.59939],[-79.49806,43.59929],[-79.49798,43.5992],[-79.49799,43.59911],[-79.49796,43.59897],[-79.49794,43.59885],[-79.4979,43.59872],[-79.49784,43.59861],[-79.49786,43.59851],[-79.498,43.59843],[-79.49806,43.5984],[-79.49812,43.59836],[-79.49821,43.59828],[-79.49829,43.59816],[-79.49836,43.59805],[-79.49835,43.59794],[-79.49832,43.59782],[-79.49839,43.59779],[-79.49848,43.59788],[-79.49858,43.59795],[-79.49875,43.59793],[-79.49886,43.59789],[-79.49887,43.59782],[-79.49915,43.59782],[-79.49931,43.59775],[-79.49944,43.59766],[-79.49956,43.59753],[-79.49965,43.59741],[-79.49973,43.59728],[-79.49979,43.59714],[-79.49983,43.59701],[-79.49991,43.59693],[-79.49993,43.5969],[-79.5,43.59676],[-79.5001,43.59662],[-79.50016,43.59649],[-79.50024,43.59638],[-79.50031,43.59625],[-79.50035,43.59611],[-79.50037,43.59597],[-79.50042,43.59584],[-79.50048,43.59576],[-79.50048,43.59564],[-79.50044,43.59552],[-79.50039,43.5954],[-79.50044,43.59535],[-79.50048,43.59531],[-79.5006,43.59523],[-79.50071,43.59517],[-79.50086,43.59508],[-79.50092,43.59499],[-79.50118,43.5949],[-79.50128,43.59487],[-79.50131,43.59485],[-79.50144,43.59483],[-79.50155,43.5948],[-79.50161,43.59478],[-79.50171,43.59474],[-79.50184,43.5947],[-79.50192,43.59467],[-79.50197,43.59464],[-79.50209,43.59459],[-79.5022,43.59454],[-79.50232,43.59449],[-79.50251,43.59443],[-79.50267,43.59441],[-79.50286,43.59437],[-79.50302,43.59435],[-79.50315,43.59432],[-79.50321,43.59431],[-79.50327,43.5943],[-79.50338,43.59428],[-79.50356,43.59426],[-79.50373,43.59422],[-79.50391,43.59421],[-79.50402,43.59425],[-79.50412,43.59425],[-79.50414,43.59426],[-79.50471,43.59426],[-79.50486,43.59425],[-79.50496,43.59422],[-79.50502,43.59414],[-79.50504,43.59405],[-79.50506,43.59396],[-79.50518,43.59389],[-79.50533,43.59382],[-79.50547,43.59374],[-79.50557,43.59363],[-79.50566,43.59352],[-79.50579,43.59345],[-79.50592,43.59344],[-79.50605,43.59345],[-79.50619,43.59348],[-79.50627,43.59355],[-79.50631,43.59364],[-79.50632,43.59373],[-79.50632,43.59396],[-79.50636,43.59404],[-79.50641,43.59412],[-79.50651,43.59415],[-79.50664,43.59417],[-79.50693,43.59417],[-79.50706,43.59416],[-79.50718,43.59413],[-79.5073,43.5941],[-79.50742,43.59405],[-79.50754,43.59401],[-79.50763,43.59399],[-79.50772,43.59398],[-79.50779,43.59396],[-79.50781,43.59396],[-79.50789,43.59394],[-79.50801,43.59392],[-79.50814,43.5939],[-79.50826,43.59388],[-79.50836,43.59385],[-79.50844,43.5938],[-79.50846,43.59379],[-79.50853,43.59376],[-79.50863,43.59374],[-79.50872,43.59377],[-79.5088,43.59381],[-79.50886,43.59387],[-79.50893,43.59391],[-79.50902,43.59392],[-79.50909,43.5939],[-79.50917,43.59387],[-79.50927,43.59383],[-79.50938,43.5938],[-79.50947,43.59379],[-79.50958,43.59377],[-79.50968,43.59375],[-79.50976,43.59377],[-79.50983,43.59379],[-79.50991,43.59381],[-79.50999,43.5938],[-79.51008,43.5938],[-79.5101,43.59383],[-79.51025,43.59379],[-79.51046,43.59374],[-79.51058,43.59371],[-79.51064,43.59367],[-79.51069,43.59361],[-79.51073,43.59351],[-79.51076,43.59342],[-79.51076,43.59333],[-79.51074,43.59323],[-79.51072,43.59317],[-79.51069,43.5931],[-79.51063,43.59304],[-79.51057,43.59298],[-79.5105,43.59294],[-79.51044,43.59291],[-79.51035,43.59288],[-79.51026,43.59286],[-79.51012,43.59283],[-79.51006,43.59283],[-79.51003,43.59282],[-79.50998,43.59282],[-79.5099,43.59281],[-79.50982,43.59279],[-79.50977,43.59279],[-79.50974,43.59278],[-79.50973,43.59277],[-79.50972,43.59275],[-79.50971,43.59274],[-79.5097,43.59272],[-79.5097,43.59271],[-79.50972,43.59269],[-79.50973,43.59268],[-79.50976,43.59268],[-79.50979,43.59267],[-79.50982,43.59268],[-79.50987,43.59269],[-79.50991,43.59269],[-79.50997,43.5927],[-79.51001,43.5927],[-79.51006,43.59271],[-79.51011,43.59271],[-79.51016,43.5927],[-79.5102,43.5927],[-79.51023,43.59269],[-79.51034,43.59269],[-79.51037,43.5927],[-79.51047,43.5927],[-79.51052,43.59271],[-79.51055,43.59271],[-79.51058,43.5927],[-79.51059,43.59269],[-79.5106,43.59267],[-79.51059,43.59266],[-79.51059,43.59264],[-79.51057,43.59263],[-79.5105,43.59263],[-79.51042,43.59261],[-79.51035,43.5926],[-79.51025,43.5926],[-79.51022,43.59259],[-79.51019,43.59258],[-79.51013,43.59257],[-79.51004,43.59256],[-79.50995,43.59254],[-79.50984,43.59252],[-79.50976,43.59252],[-79.50972,43.59251],[-79.50969,43.5925],[-79.50965,43.59246],[-79.50964,43.59245],[-79.50963,43.59243],[-79.50963,43.59241],[-79.50965,43.59239],[-79.50967,43.59238],[-79.5097,43.59237],[-79.50975,43.59236],[-79.50981,43.59236],[-79.50988,43.59237],[-79.51006,43.59241],[-79.51016,43.59241],[-79.51026,43.59239],[-79.51033,43.59237],[-79.51037,43.59233],[-79.51045,43.59225],[-79.51052,43.59217],[-79.51059,43.5921],[-79.51063,43.59204],[-79.51068,43.59198],[-79.51071,43.59192],[-79.51077,43.59183],[-79.51083,43.59173],[-79.51087,43.5916],[-79.51091,43.59151],[-79.51094,43.59141],[-79.51095,43.59132],[-79.51094,43.59122],[-79.51092,43.59113],[-79.51087,43.59104],[-79.51072,43.59096],[-79.51053,43.59089],[-79.51031,43.59082],[-79.5101,43.59076],[-79.50989,43.59073],[-79.50968,43.59067],[-79.50947,43.59064],[-79.50927,43.5906],[-79.50907,43.59057],[-79.50885,43.59054],[-79.50876,43.59049],[-79.50872,43.59045],[-79.50869,43.59039],[-79.50868,43.59032],[-79.50869,43.59028],[-79.50873,43.59024],[-79.50879,43.59021],[-79.50886,43.59019],[-79.50907,43.59019],[-79.50928,43.59016],[-79.50947,43.59012],[-79.50951,43.5901],[-79.50958,43.59008],[-79.50968,43.59005],[-79.50974,43.59003],[-79.50979,43.58997],[-79.50985,43.5899],[-79.50992,43.5898],[-79.51004,43.58968],[-79.51017,43.5895],[-79.51026,43.58936],[-79.51036,43.58917],[-79.51039,43.58906],[-79.51039,43.58901],[-79.51037,43.58896],[-79.51036,43.58893],[-79.51034,43.58891],[-79.51022,43.5889],[-79.51016,43.5889],[-79.51013,43.58887],[-79.51012,43.58885],[-79.51012,43.58883],[-79.51015,43.5888],[-79.51018,43.58879],[-79.51033,43.58879],[-79.51037,43.58878],[-79.51039,43.58875],[-79.5104,43.5887],[-79.51042,43.5886],[-79.51045,43.58843],[-79.51047,43.58833],[-79.51046,43.58821],[-79.51043,43.58814],[-79.51036,43.58801],[-79.51032,43.58795],[-79.51027,43.58791],[-79.51016,43.58783],[-79.51007,43.58778],[-79.50995,43.58774],[-79.50985,43.58771],[-79.5098,43.58777],[-79.50973,43.58775],[-79.5096,43.58773],[-79.50953,43.58771],[-79.50945,43.58767],[-79.50938,43.58763],[-79.50932,43.58758],[-79.50929,43.58755],[-79.50927,43.58751],[-79.50925,43.58747],[-79.50925,43.58738],[-79.50926,43.58734],[-79.5093,43.58731],[-79.50935,43.58727],[-79.50943,43.58723],[-79.50951,43.58721],[-79.50962,43.5872],[-79.5098,43.5872],[-79.50997,43.58721],[-79.51011,43.58719],[-79.51022,43.58718],[-79.51024,43.58714],[-79.51026,43.58711],[-79.51032,43.5871],[-79.51035,43.58711],[-79.51039,43.58713],[-79.5104,43.58715],[-79.51038,43.58719],[-79.51039,43.58721],[-79.51042,43.58722],[-79.51043,43.58724],[-79.51047,43.58724],[-79.5105,43.58725],[-79.51054,43.58726],[-79.51064,43.58727],[-79.51066,43.5873],[-79.5107,43.58731],[-79.51078,43.58731],[-79.5108,43.58732],[-79.51088,43.58733],[-79.51102,43.58733],[-79.51108,43.58731],[-79.51114,43.58729],[-79.51114,43.58722],[-79.51116,43.5872],[-79.51121,43.58719],[-79.51125,43.58719],[-79.51127,43.5872],[-79.51128,43.58723],[-79.51128,43.58728],[-79.51154,43.58728],[-79.51159,43.58729],[-79.51168,43.58731],[-79.51172,43.58731],[-79.5118,43.5873],[-79.51191,43.58729],[-79.51203,43.58725],[-79.51209,43.58722],[-79.51209,43.58718],[-79.51208,43.58715],[-79.51209,43.58711],[-79.51211,43.58709],[-79.51217,43.58709],[-79.51219,43.58711],[-79.51221,43.58714],[-79.51224,43.58719],[-79.51251,43.58719],[-79.51271,43.58717],[-79.51287,43.58715],[-79.513,43.58712],[-79.513,43.58704],[-79.51302,43.58701],[-79.51304,43.58699],[-79.51311,43.58699],[-79.51314,43.587],[-79.51315,43.58703],[-79.51316,43.58707],[-79.51327,43.58708],[-79.51348,43.58706],[-79.51364,43.58705],[-79.51385,43.58706],[-79.51403,43.58706],[-79.5142,43.58709],[-79.51435,43.58712],[-79.51449,43.58716],[-79.51458,43.58719],[-79.51467,43.58724],[-79.51479,43.5873],[-79.51489,43.58735],[-79.51497,43.58742],[-79.51515,43.58754],[-79.5153,43.58762],[-79.51541,43.58768],[-79.51554,43.58776],[-79.51567,43.58784],[-79.51577,43.58791],[-79.51585,43.58793],[-79.51596,43.58795],[-79.51612,43.588],[-79.51635,43.58807],[-79.51655,43.58813],[-79.51663,43.58815],[-79.51667,43.58815],[-79.51673,43.58817],[-79.51678,43.58818],[-79.51688,43.58822],[-79.51697,43.58824],[-79.51705,43.58826],[-79.5171,43.58828],[-79.51715,43.58831],[-79.51721,43.58835],[-79.51726,43.58839],[-79.51728,43.58842],[-79.5173,43.58846],[-79.5173,43.58849],[-79.51729,43.5885],[-79.51727,43.58852],[-79.51723,43.58854],[-79.51716,43.58854],[-79.5171,43.58852],[-79.51703,43.5885],[-79.51697,43.58847],[-79.51686,43.58842],[-79.51673,43.58839],[-79.5165,43.58833],[-79.51639,43.58832],[-79.51609,43.58826],[-79.51603,43.58824],[-79.51594,43.58817],[-79.51583,43.58813],[-79.51573,43.58811],[-79.5155,43.58804],[-79.51545,43.58803],[-79.51535,43.58804],[-79.51531,43.58803],[-79.51527,43.58799],[-79.5152,43.58788],[-79.51517,43.58785],[-79.51506,43.58778],[-79.51466,43.58763],[-79.51463,43.58762],[-79.51457,43.58764],[-79.51426,43.58781],[-79.5141,43.58787],[-79.51353,43.588],[-79.51341,43.588],[-79.51337,43.58799],[-79.51333,43.58796],[-79.51331,43.58793],[-79.5133,43.58791],[-79.51328,43.58779],[-79.51326,43.58776],[-79.51325,43.58774],[-79.51323,43.58773],[-79.5132,43.58772],[-79.51314,43.58771],[-79.51308,43.58771],[-79.51282,43.58779],[-79.51272,43.58781],[-79.51246,43.58787],[-79.51229,43.58791],[-79.5122,43.58794],[-79.51219,43.58795],[-79.51218,43.58797],[-79.51219,43.588],[-79.51228,43.58819],[-79.51228,43.58822],[-79.51227,43.58825],[-79.51226,43.58827],[-79.51221,43.5883],[-79.51215,43.58832],[-79.5117,43.58844],[-79.5115,43.58852],[-79.51131,43.58862],[-79.51123,43.58867],[-79.51117,43.58873],[-79.51113,43.58879],[-79.51111,43.58884],[-79.51109,43.5889],[-79.51107,43.58897],[-79.51107,43.58903],[-79.51108,43.58909],[-79.51153,43.59013],[-79.51155,43.59021],[-79.51162,43.59029],[-79.51299,43.59067],[-79.51482,43.59025],[-79.51482,43.59019],[-79.51484,43.59013],[-79.51521,43.59005],[-79.51531,43.59008],[-79.51538,43.5901],[-79.51542,43.59013],[-79.51544,43.59016],[-79.51544,43.5902],[-79.51548,43.59078],[-79.5155,43.59082],[-79.51553,43.59084],[-79.51555,43.59084],[-79.51559,43.59083],[-79.51566,43.59082],[-79.51575,43.59078],[-79.51581,43.59074],[-79.51585,43.59071],[-79.51587,43.59067],[-79.51589,43.59062],[-79.51591,43.59053],[-79.5159,43.59045],[-79.51587,43.59033],[-79.51583,43.59022],[-79.5158,43.59013],[-79.51578,43.59011],[-79.5157,43.59008],[-79.51569,43.59006],[-79.51569,43.59003],[-79.51571,43.58999],[-79.51572,43.58995],[-79.51569,43.58991],[-79.51566,43.58988],[-79.51565,43.58985],[-79.51566,43.58981],[-79.51569,43.58972],[-79.5157,43.58962],[-79.5157,43.5895],[-79.51568,43.58945],[-79.51565,43.58941],[-79.51562,43.58939],[-79.51558,43.58938],[-79.51546,43.58937],[-79.5153,43.58939],[-79.51517,43.5894],[-79.51509,43.58941],[-79.51506,43.5894],[-79.51505,43.58939],[-79.51501,43.5893],[-79.51498,43.58921],[-79.51495,43.58914],[-79.51491,43.58905],[-79.51491,43.58897],[-79.51496,43.58895],[-79.5151,43.58893],[-79.51524,43.5889],[-79.51538,43.58889],[-79.51548,43.58891],[-79.51555,43.58893],[-79.5156,43.58896],[-79.51568,43.58899],[-79.5158,43.58903],[-79.51596,43.58907],[-79.5161,43.58911],[-79.51617,43.58912],[-79.51623,43.58911],[-79.51627,43.58908],[-79.51635,43.58895],[-79.51638,43.5889],[-79.51641,43.58888],[-79.51645,43.58887],[-79.51649,43.58889],[-79.51652,43.58893],[-79.51652,43.58897],[-79.51648,43.58904],[-79.51642,43.58915],[-79.51637,43.58923],[-79.51633,43.58933],[-79.51627,43.58944],[-79.51624,43.58954],[-79.51628,43.58968],[-79.51633,43.58979],[-79.5164,43.5899],[-79.51647,43.59],[-79.51653,43.59009],[-79.51662,43.59018],[-79.51673,43.59028],[-79.51682,43.59034],[-79.51692,43.5904],[-79.51701,43.59047],[-79.51712,43.59053],[-79.51723,43.59056],[-79.51733,43.59054],[-79.51743,43.59051],[-79.51758,43.59048],[-79.51775,43.59046],[-79.51792,43.59042],[-79.51807,43.59039],[-79.5182,43.59039],[-79.51828,43.59046],[-79.51836,43.59053],[-79.51844,43.59061],[-79.5185,43.59069],[-79.51857,43.59072],[-79.51871,43.59072],[-79.51876,43.5907],[-79.51883,43.59066],[-79.51888,43.59064],[-79.5189,43.59063],[-79.51894,43.59062],[-79.51901,43.59062],[-79.51904,43.59061],[-79.51905,43.59058],[-79.51904,43.59053],[-79.51904,43.59048],[-79.51905,43.59047],[-79.51908,43.59046],[-79.51917,43.59044],[-79.51934,43.5904],[-79.51937,43.59036],[-79.51941,43.59033],[-79.51944,43.59031],[-79.51949,43.59029],[-79.51954,43.59028],[-79.51969,43.59024],[-79.51984,43.59021],[-79.51999,43.5902],[-79.52016,43.59018],[-79.52032,43.59016],[-79.52044,43.59016],[-79.52056,43.59015],[-79.52075,43.59014],[-79.52093,43.59012],[-79.52096,43.59012],[-79.52112,43.59011],[-79.52132,43.59011],[-79.5215,43.59012],[-79.52168,43.59011],[-79.52185,43.5901],[-79.52203,43.59009],[-79.52219,43.59007],[-79.52235,43.59007],[-79.52251,43.59005],[-79.52268,43.59003],[-79.52285,43.59002],[-79.52303,43.59002],[-79.5232,43.59001],[-79.52333,43.59],[-79.5234,43.59003],[-79.52349,43.59003],[-79.52359,43.59001],[-79.52371,43.58998],[-79.52381,43.58994],[-79.52391,43.58991],[-79.52403,43.58988],[-79.52412,43.58988],[-79.5242,43.58987],[-79.5243,43.58985],[-79.52441,43.58983],[-79.52448,43.58985],[-79.52454,43.58982],[-79.52464,43.58976],[-79.52478,43.58975],[-79.52487,43.5898],[-79.52496,43.58984],[-79.52501,43.58983],[-79.52508,43.58982],[-79.52523,43.58979],[-79.52535,43.58975],[-79.52546,43.58975],[-79.52561,43.58976],[-79.52574,43.58975],[-79.52585,43.58973],[-79.52597,43.58972],[-79.52607,43.58975],[-79.52618,43.58972],[-79.52627,43.58967],[-79.5264,43.58964],[-79.52656,43.58962],[-79.52709,43.58962],[-79.52723,43.58961],[-79.52738,43.58959],[-79.52755,43.58957],[-79.52769,43.58953],[-79.52784,43.58946],[-79.52797,43.58938],[-79.5281,43.58931],[-79.52825,43.58923],[-79.5284,43.58917],[-79.52853,43.5891],[-79.52864,43.58902],[-79.52872,43.58891],[-79.52879,43.58879],[-79.52889,43.58867],[-79.52898,43.58855],[-79.52907,43.58843],[-79.52916,43.58833],[-79.52934,43.58815],[-79.52943,43.58807],[-79.52954,43.58799],[-79.52962,43.58794],[-79.52971,43.58791],[-79.52983,43.58789],[-79.52995,43.5879],[-79.53022,43.5879],[-79.53035,43.58792],[-79.53047,43.58791],[-79.53058,43.58789],[-79.53067,43.58787],[-79.53074,43.58789],[-79.53078,43.58796],[-79.53081,43.58803],[-79.53084,43.58808],[-79.53085,43.58811],[-79.53085,43.58814],[-79.53088,43.58816],[-79.53086,43.58821],[-79.5308,43.58825],[-79.53073,43.58824],[-79.53071,43.58821],[-79.53067,43.58818],[-79.53061,43.58819],[-79.53057,43.58823],[-79.53054,43.58829],[-79.53054,43.58835],[-79.53055,43.5884],[-79.53056,43.58848],[-79.53058,43.58853],[-79.53062,43.58855],[-79.53071,43.58857],[-79.53084,43.58859],[-79.53098,43.58858],[-79.53111,43.58857],[-79.53123,43.58855],[-79.53138,43.58851],[-79.5315,43.58849],[-79.53163,43.58847],[-79.53176,43.58845],[-79.5319,43.58841],[-79.53204,43.58837],[-79.53219,43.58832],[-79.53236,43.5883],[-79.53253,43.58827],[-79.53269,43.58825],[-79.53284,43.58822],[-79.53298,43.58819],[-79.53311,43.58818],[-79.53325,43.58815],[-79.53337,43.58813],[-79.53349,43.58811],[-79.53358,43.58807],[-79.53368,43.58803],[-79.53377,43.58798],[-79.53384,43.58794],[-79.5339,43.58788],[-79.53396,43.58782],[-79.53399,43.58781],[-79.534,43.58779],[-79.534,43.58777],[-79.53396,43.58767],[-79.53396,43.58764],[-79.53394,43.58762],[-79.53393,43.5876],[-79.53393,43.58757],[-79.53394,43.58756],[-79.53396,43.58754],[-79.53398,43.58755],[-79.53401,43.58756],[-79.53403,43.5876],[-79.53406,43.58763],[-79.53416,43.58782],[-79.53419,43.58791],[-79.53426,43.58797],[-79.53438,43.58796],[-79.53449,43.58796],[-79.53459,43.58795],[-79.53467,43.58797],[-79.53478,43.588],[-79.5349,43.58802],[-79.53503,43.58804],[-79.53517,43.58805],[-79.53527,43.58807],[-79.53535,43.58809],[-79.53542,43.58812],[-79.5355,43.58812],[-79.53557,43.58809],[-79.53566,43.5881],[-79.53573,43.58813],[-79.53578,43.58815],[-79.53588,43.58817],[-79.53615,43.58817],[-79.5363,43.58816],[-79.53633,43.58816]]]}}]}