{
"type": "FeatureCollection",
"name": "tracts",
"features": [
{ "type": "Feature", "properties": { "ct": "5350128.04", "nname": "South Eglinton-Davisville", "oldcity": "Toronto", "name": "0128.04", "ward": "12", "wardname": "Toronto-St. Paul's" }, "geometry": { "type": "Polygon", "coordinates": [ [ [ -79.3961, 43.69566 ], [ -79.39373, 43.69602 ], [ -79.38627, 43.69763 ], [ -79.38673, 43.69931 ], [ -79.39646, 43.69737 ], [ -79.3961, 43.69566 ] ] ] } },
{ "type": "Feature", "properties": { "ct": "5350363.06", "nname": "Woburn North", "oldcity": "Scarborough", "name": "0363.06", "ward": "24", "wardname": "Scarborough-Guildwood" }, "geometry": { "type": "Polygon", "coordinates": [ [ [ -79.25147, 43.77209 ], [ -79.24175, 43.77434 ], [ -79.24216, 43.77591 ], [ -79.24505, 43.78315 ], [ -79.2548, 43.78126 ], [ -79.25371, 43.77902 ], [ -79.252, 43.77436 ], [ -79.25147, 43.77209 ] ] ] } },
{ "type": "Feature", "properties": { "ct": "5350363.07", "nname": "Woburn North", "oldcity": "Scarborough", "name": "0363.07", "ward": "24", "wardname": "Scarborough-Guildwood" }, "geometry": { "type": "Polygon", "coordinates": [ [ [ -79.21113, 43.78119 ], [ -79.21361, 43.78355 ], [ -79.21522, 43.78309 ], [ -79.2176, 43.78426 ], [ -79.21889, 43.78268 ], [ -79.22041, 43.78403 ], [ -79.22048, 43.78524 ], [ -79.22301, 43.78563 ], [ -79.22296, 43.78698 ], [ -79.22207, 43.78799 ], [ -79.22453, 43.78843 ], [ -79.22555, 43.78923 ], [ -79.22947, 43.78746 ], [ -79.23528, 43.78561 ], [ -79.24045, 43.7842 ], [ -79.24505, 43.78315 ], [ -79.24216, 43.77591 ], [ -79.24175, 43.77434 ], [ -79.23175, 43.77644 ], [ -79.22221, 43.77856 ], [ -79.21113, 43.78119 ] ] ] } },
{ "type": "Feature", "properties": { "ct": "5350378.23", "nname": "Agincourt North", "oldcity": "Scarborough", "name": "0378.23", "ward": "23", "wardname": "Scarborough North" }, "geometry": { "type": "Polygon", "coordinates": [ [ [ -79.2693, 43.78907 ], [ -79.26043, 43.7935 ], [ -79.2665, 43.80803 ], [ -79.27739, 43.80571 ], [ -79.27574, 43.80387 ], [ -79.27336, 43.79841 ], [ -79.2693, 43.78907 ] ] ] } },
{ "type": "Feature", "properties": { "ct": "5350378.24", "nname": "Agincourt North", "oldcity": "Scarborough", "name": "0378.24", "ward": "23", "wardname": "Scarborough North" }, "geometry": { "type": "Polygon", "coordinates": [ [ [ -79.26043, 43.7935 ], [ -79.24561, 43.8007 ], [ -79.2419, 43.80231 ], [ -79.24397, 43.80695 ], [ -79.24281, 43.81066 ], [ -79.24296, 43.81306 ], [ -79.25769, 43.80989 ], [ -79.2665, 43.80803 ], [ -79.26043, 43.7935 ] ] ] } },
{ "type": "Feature", "properties": { "ct": "5350010.01", "nname": "West Queen West", "oldcity": "Toronto", "name": "0010.01", "ward": "10", "wardname": "Spadina-Fort York" }, "geometry": { "type": "Polygon", "coordinates": [ [ [ -79.41128, 43.64029 ], [ -79.41318, 43.64537 ], [ -79.41629, 43.64472 ], [ -79.4155, 43.64271 ], [ -79.4211, 43.64175 ], [ -79.42179, 43.64362 ], [ -79.4224, 43.64349 ], [ -79.42141, 43.64068 ], [ -79.41128, 43.64029 ] ] ] } },
{ "type": "Feature", "properties": { "ct": "5350010.02", "nname": "West Queen West", "oldcity": "Toronto", "name": "0010.02", "ward": "10", "wardname": "Spadina-Fort York" }, "geometry": { "type": "Polygon", "coordinates": [ [ [ -79.41128, 43.64029 ], [ -79.40643, 43.64016 ], [ -79.40133, 43.64054 ], [ -79.40142, 43.64075 ], [ -79.404, 43.64719 ], [ -79.41148, 43.6457 ], [ -79.41318, 43.64537 ], [ -79.41128, 43.64029 ] ] ] } },
{ "type": "Feature", "properties": { "ct": "5350001.00", "nname": "South Riverdale", "oldcity": "Toronto", "name": "0001.00", "ward": "14", "wardname": "Toronto-Danforth" }, "geometry": { "type": "MultiPolygon", "coordinates": [ [ [ [ -79.33903, 43.62931 ], [ -79.33928, 43.62904 ], [ -79.3369, 43.62502 ], [ -79.33888, 43.62219 ], [ -79.34142, 43.62444 ], [ -79.34225, 43.62287 ], [ -79.33966, 43.62102 ], [ -79.3402, 43.62012 ], [ -79.34275, 43.61963 ], [ -79.34316, 43.62208 ], [ -79.34459, 43.62162 ], [ -79.3433, 43.62044 ], [ -79.34484, 43.61818 ], [ -79.34375, 43.61607 ], [ -79.34415, 43.61325 ], [ -79.34265, 43.61309 ], [ -79.34212, 43.61473 ], [ -79.34098, 43.61549 ], [ -79.33828, 43.61827 ], [ -79.33618, 43.61939 ], [ -79.33176, 43.62039 ], [ -79.32981, 43.62241 ], [ -79.33315, 43.62237 ], [ -79.33299, 43.62404 ], [ -79.33212, 43.62621 ], [ -79.33489, 43.62524 ], [ -79.33692, 43.62756 ], [ -79.33742, 43.62904 ], [ -79.33903, 43.62931 ] ] ], [ [ [ -79.35452, 43.64757 ], [ -79.35399, 43.6458 ], [ -79.35811, 43.64403 ], [ -79.35659, 43.64217 ], [ -79.35248, 43.64394 ], [ -79.35223, 43.64343 ], [ -79.35622, 43.64172 ], [ -79.35406, 43.6391 ], [ -79.3337, 43.65068 ], [ -79.33503, 43.65233 ], [ -79.33148, 43.65385 ], [ -79.33012, 43.65221 ], [ -79.32536, 43.65362 ], [ -79.32499, 43.65315 ], [ -79.333, 43.64973 ], [ -79.35333, 43.63815 ], [ -79.35072, 43.63499 ], [ -79.3481, 43.6336 ], [ -79.3455, 43.63504 ], [ -79.34319, 43.63722 ], [ -79.34066, 43.63911 ], [ -79.33766, 43.63943 ], [ -79.33654, 43.64117 ], [ -79.33043, 43.64662 ], [ -79.32834, 43.64757 ], [ -79.32572, 43.64678 ], [ -79.32537, 43.64565 ], [ -79.32685, 43.64399 ], [ -79.32748, 43.64144 ], [ -79.32989, 43.63982 ], [ -79.33038, 43.63846 ], [ -79.32883, 43.63816 ], [ -79.32626, 43.64083 ], [ -79.3253, 43.64234 ], [ -79.32431, 43.64523 ], [ -79.32157, 43.64472 ], [ -79.32262, 43.64126 ], [ -79.32299, 43.63822 ], [ -79.32476, 43.63622 ], [ -79.32618, 43.63561 ], [ -79.32558, 43.63376 ], [ -79.32667, 43.63182 ], [ -79.32889, 43.63204 ], [ -79.32945, 43.63311 ], [ -79.33486, 43.63096 ], [ -79.33637, 43.6299 ], [ -79.33446, 43.62943 ], [ -79.3337, 43.63052 ], [ -79.3319, 43.63053 ], [ -79.32998, 43.63127 ], [ -79.32868, 43.63044 ], [ -79.33002, 43.62832 ], [ -79.33171, 43.62668 ], [ -79.33091, 43.62612 ], [ -79.3283, 43.62813 ], [ -79.32684, 43.63056 ], [ -79.32416, 43.63355 ], [ -79.32305, 43.63345 ], [ -79.32363, 43.63132 ], [ -79.32386, 43.62646 ], [ -79.32306, 43.62687 ], [ -79.32207, 43.62948 ], [ -79.3227, 43.63077 ], [ -79.32155, 43.63362 ], [ -79.32312, 43.6349 ], [ -79.32243, 43.63699 ], [ -79.32149, 43.63782 ], [ -79.32194, 43.63894 ], [ -79.32051, 43.64182 ], [ -79.32124, 43.64286 ], [ -79.32, 43.64655 ], [ -79.32011, 43.64877 ], [ -79.31967, 43.65086 ], [ -79.31801, 43.65435 ], [ -79.31598, 43.65608 ], [ -79.3167, 43.65728 ], [ -79.3144, 43.65739 ], [ -79.31309, 43.65797 ], [ -79.316, 43.65988 ], [ -79.31708, 43.66148 ], [ -79.31483, 43.66199 ], [ -79.31443, 43.66095 ], [ -79.31171, 43.65838 ], [ -79.31028, 43.65841 ], [ -79.30733, 43.65757 ], [ -79.30696, 43.65659 ], [ -79.30536, 43.65645 ], [ -79.30589, 43.659 ], [ -79.30501, 43.66001 ], [ -79.30683, 43.66111 ], [ -79.30388, 43.66421 ], [ -79.30484, 43.66592 ], [ -79.30752, 43.66394 ], [ -79.32843, 43.65924 ], [ -79.32946, 43.66155 ], [ -79.3309, 43.66017 ], [ -79.33895, 43.6584 ], [ -79.35127, 43.65572 ], [ -79.35164, 43.65548 ], [ -79.34958, 43.65366 ], [ -79.34729, 43.6506 ], [ -79.35452, 43.64757 ] ] ] ] } },
{ "type": "Feature", "properties": { "ct": "5350002.00", "nname": "St Lawrence-East Bayfront-The Islands", "oldcity": "Toronto", "name": "0002.00", "ward": "10", "wardname": "Spadina-Fort York" }, "geometry": { "type": "MultiPolygon", "coordinates": [ [ [ [ -79.36317, 43.62477 ], [ -79.36579, 43.62428 ], [ -79.36387, 43.62318 ], [ -79.36317, 43.62477 ] ] ], [ [ [ -79.36767, 43.62262 ], [ -79.37086, 43.62273 ], [ -79.37128, 43.62164 ], [ -79.36668, 43.62176 ], [ -79.36767, 43.62262 ] ] ], [ [ [ -79.37335, 43.62369 ], [ -79.3773, 43.62312 ], [ -79.37593, 43.62166 ], [ -79.37218, 43.62163 ], [ -79.3721, 43.62309 ], [ -79.37335, 43.62369 ] ] ], [ [ [ -79.35792, 43.63005 ], [ -79.35904, 43.63006 ], [ -79.36234, 43.62699 ], [ -79.3632, 43.62553 ], [ -79.36214, 43.62475 ], [ -79.35919, 43.6262 ], [ -79.35747, 43.62824 ], [ -79.35792, 43.63005 ] ] ], [ [ [ -79.38572, 43.62691 ], [ -79.38784, 43.62603 ], [ -79.38783, 43.62509 ], [ -79.38643, 43.62154 ], [ -79.38303, 43.62111 ], [ -79.38464, 43.62472 ], [ -79.3844, 43.62569 ], [ -79.38572, 43.62691 ] ] ], [ [ [ -79.38263, 43.62562 ], [ -79.38407, 43.62493 ], [ -79.38327, 43.62354 ], [ -79.38098, 43.62273 ], [ -79.38126, 43.62103 ], [ -79.38031, 43.62037 ], [ -79.37443, 43.61925 ], [ -79.37468, 43.61992 ], [ -79.37053, 43.6197 ], [ -79.37192, 43.62109 ], [ -79.37404, 43.62105 ], [ -79.37672, 43.62152 ], [ -79.37879, 43.62293 ], [ -79.37937, 43.62424 ], [ -79.38085, 43.62365 ], [ -79.38324, 43.62376 ], [ -79.38263, 43.62562 ] ] ], [ [ [ -79.35203, 43.6333 ], [ -79.353, 43.63414 ], [ -79.35447, 43.63342 ], [ -79.35672, 43.63329 ], [ -79.35721, 43.63045 ], [ -79.35633, 43.62903 ], [ -79.35832, 43.6265 ], [ -79.35996, 43.62516 ], [ -79.36237, 43.62393 ], [ -79.36586, 43.62146 ], [ -79.37061, 43.6205 ], [ -79.36993, 43.61925 ], [ -79.37145, 43.61862 ], [ -79.37359, 43.6191 ], [ -79.37706, 43.61826 ], [ -79.37771, 43.61667 ], [ -79.37916, 43.61702 ], [ -79.38165, 43.61959 ], [ -79.38514, 43.61893 ], [ -79.38642, 43.62049 ], [ -79.38939, 43.62085 ], [ -79.38886, 43.61719 ], [ -79.38447, 43.61582 ], [ -79.38475, 43.61403 ], [ -79.38619, 43.61415 ], [ -79.38801, 43.61349 ], [ -79.38922, 43.61506 ], [ -79.38724, 43.61588 ], [ -79.38951, 43.61659 ], [ -79.39033, 43.61823 ], [ -79.39021, 43.62226 ], [ -79.38894, 43.62445 ], [ -79.38956, 43.6258 ], [ -79.38915, 43.62813 ], [ -79.38964, 43.62976 ], [ -79.38742, 43.63054 ], [ -79.38808, 43.63196 ], [ -79.39214, 43.6313 ], [ -79.39492, 43.63369 ], [ -79.40269, 43.62947 ], [ -79.40494, 43.62784 ], [ -79.4043, 43.62644 ], [ -79.403, 43.62672 ], [ -79.40101, 43.62598 ], [ -79.39916, 43.62404 ], [ -79.39455, 43.62023 ], [ -79.39195, 43.61692 ], [ -79.39186, 43.61486 ], [ -79.38983, 43.61314 ], [ -79.38954, 43.61213 ], [ -79.38306, 43.61211 ], [ -79.3795, 43.61364 ], [ -79.37607, 43.61444 ], [ -79.37363, 43.61592 ], [ -79.36759, 43.61891 ], [ -79.36694, 43.61894 ], [ -79.3578, 43.62549 ], [ -79.35536, 43.62799 ], [ -79.35442, 43.62975 ], [ -79.34984, 43.62965 ], [ -79.34943, 43.63105 ], [ -79.35203, 43.6333 ] ] ] ] } },
{ "type": "Feature", "properties": { "ct": "5350003.00", "nname": "South Parkdale", "oldcity": "Toronto", "name": "0003.00", "ward": "04", "wardname": "Parkdale-High Park" }, "geometry": { "type": "Polygon", "coordinates": [ [ [ -79.43467, 43.6337 ], [ -79.43751, 43.63454 ], [ -79.44443, 43.63744 ], [ -79.44821, 43.63848 ], [ -79.45379, 43.63922 ], [ -79.45736, 43.63923 ], [ -79.46134, 43.63867 ], [ -79.46527, 43.63755 ], [ -79.46887, 43.63604 ], [ -79.47428, 43.63342 ], [ -79.47327, 43.6329 ], [ -79.47086, 43.63196 ], [ -79.46788, 43.6341 ], [ -79.4662, 43.63448 ], [ -79.464, 43.63568 ], [ -79.46266, 43.63568 ], [ -79.46031, 43.63674 ], [ -79.45515, 43.63748 ], [ -79.45215, 43.63666 ], [ -79.44908, 43.63618 ], [ -79.44681, 43.63635 ], [ -79.44321, 43.6347 ], [ -79.44098, 43.63479 ], [ -79.43922, 43.63313 ], [ -79.43365, 43.63088 ], [ -79.42703, 43.62972 ], [ -79.42889, 43.63347 ], [ -79.43155, 43.63332 ], [ -79.43467, 43.6337 ] ] ] } },
{ "type": "Feature", "properties": { "ct": "5350004.00", "nname": "South Parkdale", "oldcity": "Toronto", "name": "0004.00", "ward": "04", "wardname": "Parkdale-High Park" }, "geometry": { "type": "Polygon", "coordinates": [ [ [ -79.43603, 43.63718 ], [ -79.43727, 43.64045 ], [ -79.44095, 43.63974 ], [ -79.44621, 43.63872 ], [ -79.44821, 43.63848 ], [ -79.44443, 43.63744 ], [ -79.43751, 43.63454 ], [ -79.43467, 43.6337 ], [ -79.43603, 43.63718 ] ] ] } },
{ "type": "Feature", "properties": { "ct": "5350005.00", "nname": "South Parkdale", "oldcity": "Toronto", "name": "0005.00", "ward": "04", "wardname": "Parkdale-High Park" }, "geometry": { "type": "Polygon", "coordinates": [ [ [ -79.42141, 43.64068 ], [ -79.42495, 43.64117 ], [ -79.42813, 43.64233 ], [ -79.43666, 43.64058 ], [ -79.43727, 43.64045 ], [ -79.43603, 43.63718 ], [ -79.4309, 43.63821 ], [ -79.42128, 43.64018 ], [ -79.42141, 43.64068 ] ] ] } },
{ "type": "Feature", "properties": { "ct": "5350006.00", "nname": "South Parkdale", "oldcity": "Toronto", "name": "0006.00", "ward": "04", "wardname": "Parkdale-High Park" }, "geometry": { "type": "Polygon", "coordinates": [ [ [ -79.43242, 43.6355 ], [ -79.43279, 43.63648 ], [ -79.43426, 43.63628 ], [ -79.43392, 43.6354 ], [ -79.43242, 43.6355 ] ] ] } },
{ "type": "Feature", "properties": { "ct": "5350009.00", "nname": "West Queen West", "oldcity": "Toronto", "name": "0009.00", "ward": "10", "wardname": "Spadina-Fort York" }, "geometry": { "type": "Polygon", "coordinates": [ [ [ -79.42179, 43.64362 ], [ -79.4211, 43.64175 ], [ -79.4155, 43.64271 ], [ -79.41629, 43.64472 ], [ -79.42179, 43.64362 ] ] ] } },
{ "type": "Feature", "properties": { "ct": "5350014.00", "nname": "Yonge-Bay Corridor", "oldcity": "Toronto", "name": "0014.00", "ward": "10", "wardname": "Spadina-Fort York" }, "geometry": { "type": "Polygon", "coordinates": [ [ [ -79.38502, 43.64477 ], [ -79.38246, 43.6453 ], [ -79.37846, 43.6461 ], [ -79.37696, 43.64688 ], [ -79.37926, 43.65244 ], [ -79.38661, 43.65086 ], [ -79.38751, 43.65068 ], [ -79.3861, 43.6474 ], [ -79.38502, 43.64477 ] ] ] } },
{ "type": "Feature", "properties": { "ct": "5350015.00", "nname": "Downtown Yonge East", "oldcity": "Toronto", "name": "0015.00", "ward": "13", "wardname": "Toronto Centre" }, "geometry": { "type": "Polygon", "coordinates": [ [ [ -79.37696, 43.64688 ], [ -79.37145, 43.64945 ], [ -79.37324, 43.65373 ], [ -79.37926, 43.65244 ], [ -79.37696, 43.64688 ] ] ] } },
{ "type": "Feature", "properties": { "ct": "5350016.00", "nname": "Moss Park", "oldcity": "Toronto", "name": "0016.00", "ward": "13", "wardname": "Toronto Centre" }, "geometry": { "type": "Polygon", "coordinates": [ [ [ -79.36272, 43.65157 ], [ -79.36125, 43.65192 ], [ -79.36006, 43.65303 ], [ -79.35707, 43.65476 ], [ -79.35298, 43.65666 ], [ -79.35427, 43.65789 ], [ -79.36445, 43.65562 ], [ -79.37324, 43.65373 ], [ -79.37145, 43.64945 ], [ -79.36272, 43.65157 ] ] ] } },
{ "type": "Feature", "properties": { "ct": "5350018.00", "nname": "South Riverdale", "oldcity": "Toronto", "name": "0018.00", "ward": "14", "wardname": "Toronto-Danforth" }, "geometry": { "type": "Polygon", "coordinates": [ [ [ -79.35164, 43.65548 ], [ -79.35127, 43.65572 ], [ -79.33895, 43.6584 ], [ -79.34008, 43.66107 ], [ -79.34575, 43.65981 ], [ -79.35427, 43.65789 ], [ -79.35298, 43.65666 ], [ -79.35164, 43.65548 ] ] ] } },
{ "type": "Feature", "properties": { "ct": "5350019.00", "nname": "South Riverdale", "oldcity": "Toronto", "name": "0019.00", "ward": "14", "wardname": "Toronto-Danforth" }, "geometry": { "type": "Polygon", "coordinates": [ [ [ -79.33895, 43.6584 ], [ -79.3309, 43.66017 ], [ -79.32946, 43.66155 ], [ -79.33021, 43.66324 ], [ -79.33281, 43.66267 ], [ -79.34008, 43.66107 ], [ -79.33895, 43.6584 ] ] ] } },
{ "type": "Feature", "properties": { "ct": "5350020.00", "nname": "The Beaches", "oldcity": "Toronto", "name": "0020.00", "ward": "19", "wardname": "Beaches-East York" }, "geometry": { "type": "Polygon", "coordinates": [ [ [ -79.32946, 43.66155 ], [ -79.32843, 43.65924 ], [ -79.30752, 43.66394 ], [ -79.30484, 43.66592 ], [ -79.30577, 43.66876 ], [ -79.31258, 43.66725 ], [ -79.31484, 43.66674 ], [ -79.31494, 43.66578 ], [ -79.31805, 43.66506 ], [ -79.31985, 43.66373 ], [ -79.32946, 43.66155 ] ] ] } },
{ "type": "Feature", "properties": { "ct": "5350021.00", "nname": "The Beaches", "oldcity": "Toronto", "name": "0021.00", "ward": "19", "wardname": "Beaches-East York" }, "geometry": { "type": "Polygon", "coordinates": [ [ [ -79.27983, 43.67108 ], [ -79.28096, 43.67402 ], [ -79.28992, 43.67215 ], [ -79.29801, 43.67047 ], [ -79.30577, 43.66876 ], [ -79.30484, 43.66592 ], [ -79.30388, 43.66421 ], [ -79.29957, 43.66562 ], [ -79.29803, 43.66523 ], [ -79.29506, 43.666 ], [ -79.29354, 43.66729 ], [ -79.28612, 43.66935 ], [ -79.28434, 43.67014 ], [ -79.27983, 43.67108 ] ] ] } },
{ "type": "Feature", "properties": { "ct": "5350022.00", "nname": "The Beaches", "oldcity": "Toronto", "name": "0022.00", "ward": "19", "wardname": "Beaches-East York" }, "geometry": { "type": "Polygon", "coordinates": [ [ [ -79.28992, 43.67215 ], [ -79.28096, 43.67402 ], [ -79.28406, 43.68081 ], [ -79.28919, 43.68037 ], [ -79.29064, 43.67865 ], [ -79.29063, 43.67695 ], [ -79.29146, 43.67591 ], [ -79.28992, 43.67215 ] ] ] } },
{ "type": "Feature", "properties": { "ct": "5350023.00", "nname": "The Beaches", "oldcity": "Toronto", "name": "0023.00", "ward": "19", "wardname": "Beaches-East York" }, "geometry": { "type": "Polygon", "coordinates": [ [ [ -79.29801, 43.67047 ], [ -79.28992, 43.67215 ], [ -79.29146, 43.67591 ], [ -79.29063, 43.67695 ], [ -79.29064, 43.67865 ], [ -79.28919, 43.68037 ], [ -79.29303, 43.68006 ], [ -79.29801, 43.67889 ], [ -79.30118, 43.67813 ], [ -79.29801, 43.67047 ] ] ] } },
{ "type": "Feature", "properties": { "ct": "5350024.00", "nname": "The Beaches", "oldcity": "Toronto", "name": "0024.00", "ward": "19", "wardname": "Beaches-East York" }, "geometry": { "type": "Polygon", "coordinates": [ [ [ -79.31258, 43.66725 ], [ -79.30577, 43.66876 ], [ -79.29801, 43.67047 ], [ -79.30118, 43.67813 ], [ -79.30488, 43.67653 ], [ -79.30792, 43.67393 ], [ -79.31012, 43.67191 ], [ -79.31258, 43.66725 ] ] ] } },
{ "type": "Feature", "properties": { "ct": "5350025.00", "nname": "Woodbine Corridor", "oldcity": "Toronto", "name": "0025.00", "ward": "19", "wardname": "Beaches-East York" }, "geometry": { "type": "Polygon", "coordinates": [ [ [ -79.31484, 43.66674 ], [ -79.31258, 43.66725 ], [ -79.31012, 43.67191 ], [ -79.30792, 43.67393 ], [ -79.30895, 43.67647 ], [ -79.31236, 43.67513 ], [ -79.3125, 43.67463 ], [ -79.3193, 43.67291 ], [ -79.31659, 43.66636 ], [ -79.31484, 43.66674 ] ] ] } },
{ "type": "Feature", "properties": { "ct": "5350026.00", "nname": "Greenwood-Coxwell", "oldcity": "Toronto", "name": "0026.00", "ward": "14", "wardname": "Toronto-Danforth" }, "geometry": { "type": "Polygon", "coordinates": [ [ [ -79.31484, 43.66674 ], [ -79.31659, 43.66636 ], [ -79.3193, 43.67291 ], [ -79.32801, 43.67093 ], [ -79.3253, 43.6644 ], [ -79.33021, 43.66324 ], [ -79.32946, 43.66155 ], [ -79.31985, 43.66373 ], [ -79.31805, 43.66506 ], [ -79.31494, 43.66578 ], [ -79.31484, 43.66674 ] ] ] } },
{ "type": "Feature", "properties": { "ct": "5350027.00", "nname": "South Riverdale", "oldcity": "Toronto", "name": "0027.00", "ward": "14", "wardname": "Toronto-Danforth" }, "geometry": { "type": "Polygon", "coordinates": [ [ [ -79.33281, 43.66267 ], [ -79.33021, 43.66324 ], [ -79.3253, 43.6644 ], [ -79.32801, 43.67093 ], [ -79.3356, 43.66926 ], [ -79.33281, 43.66267 ] ] ] } },
{ "type": "Feature", "properties": { "ct": "5350029.00", "nname": "South Riverdale", "oldcity": "Toronto", "name": "0029.00", "ward": "14", "wardname": "Toronto-Danforth" }, "geometry": { "type": "Polygon", "coordinates": [ [ [ -79.35427, 43.65789 ], [ -79.34575, 43.65981 ], [ -79.3449, 43.66366 ], [ -79.34262, 43.66732 ], [ -79.34225, 43.66777 ], [ -79.35277, 43.66548 ], [ -79.35629, 43.66453 ], [ -79.35548, 43.66173 ], [ -79.35427, 43.65789 ] ] ] } },
{ "type": "Feature", "properties": { "ct": "5350030.00", "nname": "Regent Park", "oldcity": "Toronto", "name": "0030.00", "ward": "13", "wardname": "Toronto Centre" }, "geometry": { "type": "Polygon", "coordinates": [ [ [ -79.36445, 43.65562 ], [ -79.35427, 43.65789 ], [ -79.35548, 43.66173 ], [ -79.36601, 43.65944 ], [ -79.36445, 43.65562 ] ] ] } },
{ "type": "Feature", "properties": { "ct": "5350031.00", "nname": "Regent Park", "oldcity": "Toronto", "name": "0031.00", "ward": "13", "wardname": "Toronto Centre" }, "geometry": { "type": "Polygon", "coordinates": [ [ [ -79.36601, 43.65944 ], [ -79.35548, 43.66173 ], [ -79.35629, 43.66453 ], [ -79.35962, 43.66358 ], [ -79.36703, 43.66195 ], [ -79.36601, 43.65944 ] ] ] } },
{ "type": "Feature", "properties": { "ct": "5350032.00", "nname": "Moss Park", "oldcity": "Toronto", "name": "0032.00", "ward": "13", "wardname": "Toronto Centre" }, "geometry": { "type": "Polygon", "coordinates": [ [ [ -79.37456, 43.65707 ], [ -79.37224, 43.65822 ], [ -79.36601, 43.65944 ], [ -79.36703, 43.66195 ], [ -79.36797, 43.66429 ], [ -79.37671, 43.66242 ], [ -79.37589, 43.66045 ], [ -79.37456, 43.65707 ] ] ] } },
{ "type": "Feature", "properties": { "ct": "5350033.00", "nname": "Moss Park", "oldcity": "Toronto", "name": "0033.00", "ward": "13", "wardname": "Toronto Centre" }, "geometry": { "type": "Polygon", "coordinates": [ [ [ -79.37324, 43.65373 ], [ -79.36445, 43.65562 ], [ -79.36601, 43.65944 ], [ -79.37224, 43.65822 ], [ -79.37456, 43.65707 ], [ -79.37324, 43.65373 ] ] ] } },
{ "type": "Feature", "properties": { "ct": "5350035.00", "nname": "Yonge-Bay Corridor", "oldcity": "Toronto", "name": "0035.00", "ward": "11", "wardname": "University-Rosedale" }, "geometry": { "type": "Polygon", "coordinates": [ [ [ -79.38661, 43.65086 ], [ -79.37926, 43.65244 ], [ -79.3821, 43.6591 ], [ -79.3831, 43.66138 ], [ -79.38585, 43.66082 ], [ -79.39063, 43.65983 ], [ -79.38852, 43.65482 ], [ -79.38661, 43.65086 ] ] ] } },
{ "type": "Feature", "properties": { "ct": "5350036.00", "nname": "Kensington-Chinatown", "oldcity": "Toronto", "name": "0036.00", "ward": "10", "wardname": "Spadina-Fort York" }, "geometry": { "type": "Polygon", "coordinates": [ [ [ -79.39639, 43.64876 ], [ -79.38751, 43.65068 ], [ -79.38661, 43.65086 ], [ -79.38852, 43.65482 ], [ -79.39804, 43.65294 ], [ -79.39639, 43.64876 ] ] ] } },
{ "type": "Feature", "properties": { "ct": "5350037.00", "nname": "Kensington-Chinatown", "oldcity": "Toronto", "name": "0037.00", "ward": "11", "wardname": "University-Rosedale" }, "geometry": { "type": "Polygon", "coordinates": [ [ [ -79.39804, 43.65294 ], [ -79.38852, 43.65482 ], [ -79.39063, 43.65983 ], [ -79.40004, 43.65795 ], [ -79.39804, 43.65294 ] ] ] } },
{ "type": "Feature", "properties": { "ct": "5350038.00", "nname": "Kensington-Chinatown", "oldcity": "Toronto", "name": "0038.00", "ward": "11", "wardname": "University-Rosedale" }, "geometry": { "type": "Polygon", "coordinates": [ [ [ -79.40602, 43.65232 ], [ -79.40374, 43.65174 ], [ -79.39804, 43.65294 ], [ -79.40004, 43.65795 ], [ -79.4077, 43.65642 ], [ -79.40602, 43.65232 ] ] ] } },
{ "type": "Feature", "properties": { "ct": "5350039.00", "nname": "Kensington-Chinatown", "oldcity": "Toronto", "name": "0039.00", "ward": "10", "wardname": "Spadina-Fort York" }, "geometry": { "type": "Polygon", "coordinates": [ [ [ -79.39639, 43.64876 ], [ -79.39804, 43.65294 ], [ -79.40374, 43.65174 ], [ -79.40602, 43.65232 ], [ -79.404, 43.64719 ], [ -79.39639, 43.64876 ] ] ] } },
{ "type": "Feature", "properties": { "ct": "5350040.00", "nname": "Trinity-Bellwoods", "oldcity": "Toronto", "name": "0040.00", "ward": "10", "wardname": "Spadina-Fort York" }, "geometry": { "type": "Polygon", "coordinates": [ [ [ -79.41148, 43.6457 ], [ -79.404, 43.64719 ], [ -79.40602, 43.65232 ], [ -79.41349, 43.65078 ], [ -79.41148, 43.6457 ] ] ] } },
{ "type": "Feature", "properties": { "ct": "5350041.00", "nname": "Trinity-Bellwoods", "oldcity": "Toronto", "name": "0041.00", "ward": "11", "wardname": "University-Rosedale" }, "geometry": { "type": "Polygon", "coordinates": [ [ [ -79.40602, 43.65232 ], [ -79.4077, 43.65642 ], [ -79.4156, 43.65495 ], [ -79.41393, 43.65071 ], [ -79.41349, 43.65078 ], [ -79.40602, 43.65232 ] ] ] } },
{ "type": "Feature", "properties": { "ct": "5350042.00", "nname": "Trinity-Bellwoods", "oldcity": "Toronto", "name": "0042.00", "ward": "11", "wardname": "University-Rosedale" }, "geometry": { "type": "Polygon", "coordinates": [ [ [ -79.42474, 43.64944 ], [ -79.42077, 43.64933 ], [ -79.41393, 43.65071 ], [ -79.4156, 43.65495 ], [ -79.41858, 43.65524 ], [ -79.42269, 43.6544 ], [ -79.4264, 43.6536 ], [ -79.42474, 43.64944 ] ] ] } },
{ "type": "Feature", "properties": { "ct": "5350043.00", "nname": "Trinity-Bellwoods", "oldcity": "Toronto", "name": "0043.00", "ward": "10", "wardname": "Spadina-Fort York" }, "geometry": { "type": "Polygon", "coordinates": [ [ [ -79.4224, 43.64349 ], [ -79.42179, 43.64362 ], [ -79.41629, 43.64472 ], [ -79.41318, 43.64537 ], [ -79.41148, 43.6457 ], [ -79.41349, 43.65078 ], [ -79.41393, 43.65071 ], [ -79.42077, 43.64933 ], [ -79.42474, 43.64944 ], [ -79.4224, 43.64349 ] ] ] } },
{ "type": "Feature", "properties": { "ct": "5350045.00", "nname": "Little Portugal", "oldcity": "Toronto", "name": "0045.00", "ward": "09", "wardname": "Davenport" }, "geometry": { "type": "Polygon", "coordinates": [ [ [ -79.42474, 43.64944 ], [ -79.4264, 43.6536 ], [ -79.43635, 43.65182 ], [ -79.4356, 43.64989 ], [ -79.43145, 43.64965 ], [ -79.42474, 43.64944 ] ] ] } },
{ "type": "Feature", "properties": { "ct": "5350046.00", "nname": "Little Portugal", "oldcity": "Toronto", "name": "0046.00", "ward": "09", "wardname": "Davenport" }, "geometry": { "type": "Polygon", "coordinates": [ [ [ -79.43145, 43.64965 ], [ -79.4356, 43.64989 ], [ -79.44144, 43.65032 ], [ -79.44397, 43.6509 ], [ -79.44124, 43.6487 ], [ -79.4391, 43.64745 ], [ -79.42851, 43.64251 ], [ -79.42888, 43.64303 ], [ -79.43145, 43.64965 ] ] ] } },
{ "type": "Feature", "properties": { "ct": "5350048.00", "nname": "Roncesvalles", "oldcity": "Toronto", "name": "0048.00", "ward": "04", "wardname": "Parkdale-High Park" }, "geometry": { "type": "Polygon", "coordinates": [ [ [ -79.44621, 43.63872 ], [ -79.44095, 43.63974 ], [ -79.44352, 43.64647 ], [ -79.4487, 43.64545 ], [ -79.44621, 43.63872 ] ] ] } },
{ "type": "Feature", "properties": { "ct": "5350049.00", "nname": "High Park-Swansea", "oldcity": "Toronto", "name": "0049.00", "ward": "04", "wardname": "Parkdale-High Park" }, "geometry": { "type": "Polygon", "coordinates": [ [ [ -79.44821, 43.63848 ], [ -79.44621, 43.63872 ], [ -79.4487, 43.64545 ], [ -79.44905, 43.64634 ], [ -79.45625, 43.64488 ], [ -79.45379, 43.63922 ], [ -79.44821, 43.63848 ] ] ] } },
{ "type": "Feature", "properties": { "ct": "5350051.00", "nname": "High Park-Swansea", "oldcity": "Toronto", "name": "0051.00", "ward": "04", "wardname": "Parkdale-High Park" }, "geometry": { "type": "Polygon", "coordinates": [ [ [ -79.45625, 43.64488 ], [ -79.44905, 43.64634 ], [ -79.45138, 43.65235 ], [ -79.45245, 43.65632 ], [ -79.46004, 43.65471 ], [ -79.4584, 43.65087 ], [ -79.4579, 43.64892 ], [ -79.45625, 43.64488 ] ] ] } },
{ "type": "Feature", "properties": { "ct": "5350052.00", "nname": "Roncesvalles", "oldcity": "Toronto", "name": "0052.00", "ward": "04", "wardname": "Parkdale-High Park" }, "geometry": { "type": "Polygon", "coordinates": [ [ [ -79.44397, 43.6509 ], [ -79.44983, 43.65688 ], [ -79.45245, 43.65632 ], [ -79.45138, 43.65235 ], [ -79.44905, 43.64634 ], [ -79.4487, 43.64545 ], [ -79.44352, 43.64647 ], [ -79.44532, 43.6512 ], [ -79.44397, 43.6509 ] ] ] } },
{ "type": "Feature", "properties": { "ct": "5350053.00", "nname": "Dufferin Grove", "oldcity": "Toronto", "name": "0053.00", "ward": "09", "wardname": "Davenport" }, "geometry": { "type": "Polygon", "coordinates": [ [ [ -79.4356, 43.64989 ], [ -79.43635, 43.65182 ], [ -79.43916, 43.6591 ], [ -79.44519, 43.65784 ], [ -79.44983, 43.65688 ], [ -79.44397, 43.6509 ], [ -79.44144, 43.65032 ], [ -79.4356, 43.64989 ] ] ] } },
{ "type": "Feature", "properties": { "ct": "5350054.00", "nname": "Dufferin Grove", "oldcity": "Toronto", "name": "0054.00", "ward": "09", "wardname": "Davenport" }, "geometry": { "type": "Polygon", "coordinates": [ [ [ -79.43635, 43.65182 ], [ -79.4264, 43.6536 ], [ -79.42942, 43.66115 ], [ -79.43536, 43.65989 ], [ -79.43916, 43.6591 ], [ -79.43635, 43.65182 ] ] ] } },
{ "type": "Feature", "properties": { "ct": "5350055.00", "nname": "Palmerston-Little Italy", "oldcity": "Toronto", "name": "0055.00", "ward": "09", "wardname": "Davenport" }, "geometry": { "type": "Polygon", "coordinates": [ [ [ -79.4264, 43.6536 ], [ -79.42269, 43.6544 ], [ -79.42566, 43.66199 ], [ -79.42942, 43.66115 ], [ -79.4264, 43.6536 ] ] ] } },
{ "type": "Feature", "properties": { "ct": "5350056.00", "nname": "Palmerston-Little Italy", "oldcity": "Toronto", "name": "0056.00", "ward": "11", "wardname": "University-Rosedale" }, "geometry": { "type": "Polygon", "coordinates": [ [ [ -79.4156, 43.65495 ], [ -79.4175, 43.65994 ], [ -79.41886, 43.66347 ], [ -79.42566, 43.66199 ], [ -79.42269, 43.6544 ], [ -79.41858, 43.65524 ], [ -79.4156, 43.65495 ] ] ] } },
{ "type": "Feature", "properties": { "ct": "5350057.00", "nname": "Palmerston-Little Italy", "oldcity": "Toronto", "name": "0057.00", "ward": "11", "wardname": "University-Rosedale" }, "geometry": { "type": "Polygon", "coordinates": [ [ [ -79.4175, 43.65994 ], [ -79.40976, 43.66152 ], [ -79.4112, 43.66512 ], [ -79.41841, 43.66359 ], [ -79.41886, 43.66347 ], [ -79.4175, 43.65994 ] ] ] } },
{ "type": "Feature", "properties": { "ct": "5350058.00", "nname": "Palmerston-Little Italy", "oldcity": "Toronto", "name": "0058.00", "ward": "11", "wardname": "University-Rosedale" }, "geometry": { "type": "Polygon", "coordinates": [ [ [ -79.4156, 43.65495 ], [ -79.4077, 43.65642 ], [ -79.40976, 43.66152 ], [ -79.4175, 43.65994 ], [ -79.4156, 43.65495 ] ] ] } },
{ "type": "Feature", "properties": { "ct": "5350059.00", "nname": "University", "oldcity": "Toronto", "name": "0059.00", "ward": "11", "wardname": "University-Rosedale" }, "geometry": { "type": "Polygon", "coordinates": [ [ [ -79.40004, 43.65795 ], [ -79.4021, 43.66306 ], [ -79.40976, 43.66152 ], [ -79.4077, 43.65642 ], [ -79.40004, 43.65795 ] ] ] } },
{ "type": "Feature", "properties": { "ct": "5350060.00", "nname": "University", "oldcity": "Toronto", "name": "0060.00", "ward": "11", "wardname": "University-Rosedale" }, "geometry": { "type": "Polygon", "coordinates": [ [ [ -79.40976, 43.66152 ], [ -79.4021, 43.66306 ], [ -79.40295, 43.66555 ], [ -79.40387, 43.66666 ], [ -79.4112, 43.66512 ], [ -79.40976, 43.66152 ] ] ] } },
{ "type": "Feature", "properties": { "ct": "5350061.00", "nname": "University", "oldcity": "Toronto", "name": "0061.00", "ward": "11", "wardname": "University-Rosedale" }, "geometry": { "type": "Polygon", "coordinates": [ [ [ -79.40004, 43.65795 ], [ -79.39063, 43.65983 ], [ -79.39213, 43.66122 ], [ -79.39389, 43.66501 ], [ -79.39314, 43.66637 ], [ -79.39414, 43.66873 ], [ -79.40387, 43.66666 ], [ -79.40295, 43.66555 ], [ -79.4021, 43.66306 ], [ -79.40004, 43.65795 ] ] ] } },
{ "type": "Feature", "properties": { "ct": "5350064.00", "nname": "North St.James Town", "oldcity": "Toronto", "name": "0064.00", "ward": "13", "wardname": "Toronto Centre" }, "geometry": { "type": "Polygon", "coordinates": [ [ [ -79.37834, 43.66629 ], [ -79.37584, 43.66649 ], [ -79.37467, 43.6671 ], [ -79.37685, 43.67236 ], [ -79.38056, 43.67161 ], [ -79.37904, 43.66794 ], [ -79.37834, 43.66629 ] ] ] } },
{ "type": "Feature", "properties": { "ct": "5350066.00", "nname": "Cabbagetown-South St.James Town", "oldcity": "Toronto", "name": "0066.00", "ward": "13", "wardname": "Toronto Centre" }, "geometry": { "type": "Polygon", "coordinates": [ [ [ -79.36862, 43.66588 ], [ -79.36955, 43.66818 ], [ -79.37377, 43.66729 ], [ -79.37467, 43.6671 ], [ -79.37584, 43.66649 ], [ -79.37834, 43.66629 ], [ -79.37671, 43.66242 ], [ -79.36797, 43.66429 ], [ -79.36862, 43.66588 ] ] ] } },
{ "type": "Feature", "properties": { "ct": "5350067.00", "nname": "Cabbagetown-South St.James Town", "oldcity": "Toronto", "name": "0067.00", "ward": "13", "wardname": "Toronto Centre" }, "geometry": { "type": "Polygon", "coordinates": [ [ [ -79.36862, 43.66588 ], [ -79.36032, 43.66773 ], [ -79.35798, 43.66927 ], [ -79.3595, 43.67023 ], [ -79.36055, 43.67206 ], [ -79.36292, 43.67326 ], [ -79.36344, 43.67531 ], [ -79.36699, 43.67458 ], [ -79.37069, 43.67201 ], [ -79.37144, 43.67189 ], [ -79.37086, 43.67141 ], [ -79.36955, 43.66818 ], [ -79.36862, 43.66588 ] ] ] } },
{ "type": "Feature", "properties": { "ct": "5350068.00", "nname": "Cabbagetown-South St.James Town", "oldcity": "Toronto", "name": "0068.00", "ward": "13", "wardname": "Toronto Centre" }, "geometry": { "type": "Polygon", "coordinates": [ [ [ -79.36703, 43.66195 ], [ -79.35962, 43.66358 ], [ -79.35629, 43.66453 ], [ -79.35734, 43.66833 ], [ -79.35798, 43.66927 ], [ -79.36032, 43.66773 ], [ -79.36862, 43.66588 ], [ -79.36797, 43.66429 ], [ -79.36703, 43.66195 ] ] ] } },
{ "type": "Feature", "properties": { "ct": "5350069.00", "nname": "North Riverdale", "oldcity": "Toronto", "name": "0069.00", "ward": "14", "wardname": "Toronto-Danforth" }, "geometry": { "type": "Polygon", "coordinates": [ [ [ -79.34225, 43.66777 ], [ -79.34082, 43.66915 ], [ -79.34238, 43.67298 ], [ -79.35029, 43.67131 ], [ -79.35392, 43.67049 ], [ -79.35611, 43.67325 ], [ -79.36055, 43.67206 ], [ -79.3595, 43.67023 ], [ -79.35798, 43.66927 ], [ -79.35734, 43.66833 ], [ -79.35629, 43.66453 ], [ -79.35277, 43.66548 ], [ -79.34225, 43.66777 ] ] ] } },
{ "type": "Feature", "properties": { "ct": "5350070.00", "nname": "North Riverdale", "oldcity": "Toronto", "name": "0070.00", "ward": "14", "wardname": "Toronto-Danforth" }, "geometry": { "type": "Polygon", "coordinates": [ [ [ -79.35029, 43.67131 ], [ -79.35278, 43.67739 ], [ -79.35325, 43.67731 ], [ -79.36344, 43.67531 ], [ -79.36292, 43.67326 ], [ -79.36055, 43.67206 ], [ -79.35611, 43.67325 ], [ -79.35392, 43.67049 ], [ -79.35029, 43.67131 ] ] ] } },
{ "type": "Feature", "properties": { "ct": "5350071.00", "nname": "North Riverdale", "oldcity": "Toronto", "name": "0071.00", "ward": "14", "wardname": "Toronto-Danforth" }, "geometry": { "type": "Polygon", "coordinates": [ [ [ -79.35029, 43.67131 ], [ -79.34238, 43.67298 ], [ -79.34484, 43.67895 ], [ -79.35278, 43.67739 ], [ -79.35029, 43.67131 ] ] ] } },
{ "type": "Feature", "properties": { "ct": "5350073.00", "nname": "South Riverdale", "oldcity": "Toronto", "name": "0073.00", "ward": "14", "wardname": "Toronto-Danforth" }, "geometry": { "type": "Polygon", "coordinates": [ [ [ -79.34225, 43.66777 ], [ -79.3356, 43.66926 ], [ -79.32801, 43.67093 ], [ -79.32964, 43.67489 ], [ -79.33674, 43.67193 ], [ -79.34082, 43.66915 ], [ -79.34225, 43.66777 ] ] ] } },
{ "type": "Feature", "properties": { "ct": "5350074.00", "nname": "Greenwood-Coxwell", "oldcity": "Toronto", "name": "0074.00", "ward": "14", "wardname": "Toronto-Danforth" }, "geometry": { "type": "Polygon", "coordinates": [ [ [ -79.32801, 43.67093 ], [ -79.3193, 43.67291 ], [ -79.32142, 43.67809 ], [ -79.32964, 43.67489 ], [ -79.32801, 43.67093 ] ] ] } },
{ "type": "Feature", "properties": { "ct": "5350075.00", "nname": "Greenwood-Coxwell", "oldcity": "Toronto", "name": "0075.00", "ward": "14", "wardname": "Toronto-Danforth" }, "geometry": { "type": "Polygon", "coordinates": [ [ [ -79.32964, 43.67489 ], [ -79.32142, 43.67809 ], [ -79.32363, 43.68337 ], [ -79.33237, 43.68148 ], [ -79.32964, 43.67489 ] ] ] } },
{ "type": "Feature", "properties": { "ct": "5350076.00", "nname": "Woodbine Corridor", "oldcity": "Toronto", "name": "0076.00", "ward": "19", "wardname": "Beaches-East York" }, "geometry": { "type": "Polygon", "coordinates": [ [ [ -79.32142, 43.67809 ], [ -79.31127, 43.68209 ], [ -79.31278, 43.68569 ], [ -79.32363, 43.68337 ], [ -79.32142, 43.67809 ] ] ] } },
{ "type": "Feature", "properties": { "ct": "5350077.00", "nname": "Woodbine Corridor", "oldcity": "Toronto", "name": "0077.00", "ward": "19", "wardname": "Beaches-East York" }, "geometry": { "type": "Polygon", "coordinates": [ [ [ -79.3193, 43.67291 ], [ -79.3125, 43.67463 ], [ -79.31236, 43.67513 ], [ -79.30895, 43.67647 ], [ -79.31127, 43.68209 ], [ -79.32142, 43.67809 ], [ -79.3193, 43.67291 ] ] ] } },
{ "type": "Feature", "properties": { "ct": "5350078.00", "nname": "East End-Danforth", "oldcity": "Toronto", "name": "0078.00", "ward": "19", "wardname": "Beaches-East York" }, "geometry": { "type": "Polygon", "coordinates": [ [ [ -79.30792, 43.67393 ], [ -79.30488, 43.67653 ], [ -79.30118, 43.67813 ], [ -79.29801, 43.67889 ], [ -79.30091, 43.68606 ], [ -79.31127, 43.68209 ], [ -79.30895, 43.67647 ], [ -79.30792, 43.67393 ] ] ] } },
{ "type": "Feature", "properties": { "ct": "5350079.00", "nname": "East End-Danforth", "oldcity": "Toronto", "name": "0079.00", "ward": "19", "wardname": "Beaches-East York" }, "geometry": { "type": "Polygon", "coordinates": [ [ [ -79.29801, 43.67889 ], [ -79.29303, 43.68006 ], [ -79.28919, 43.68037 ], [ -79.28406, 43.68081 ], [ -79.28752, 43.68922 ], [ -79.29692, 43.6871 ], [ -79.30091, 43.68606 ], [ -79.29801, 43.67889 ] ] ] } },
{ "type": "Feature", "properties": { "ct": "5350081.00", "nname": "Danforth", "oldcity": "Toronto", "name": "0081.00", "ward": "19", "wardname": "Beaches-East York" }, "geometry": { "type": "Polygon", "coordinates": [ [ [ -79.31308, 43.6864 ], [ -79.31492, 43.68916 ], [ -79.32511, 43.68698 ], [ -79.32363, 43.68337 ], [ -79.31278, 43.68569 ], [ -79.31308, 43.6864 ] ] ] } },
{ "type": "Feature", "properties": { "ct": "5350082.00", "nname": "Danforth", "oldcity": "Toronto", "name": "0082.00", "ward": "14", "wardname": "Toronto-Danforth" }, "geometry": { "type": "Polygon", "coordinates": [ [ [ -79.33237, 43.68148 ], [ -79.32363, 43.68337 ], [ -79.32511, 43.68698 ], [ -79.3339, 43.68509 ], [ -79.33237, 43.68148 ] ] ] } },
{ "type": "Feature", "properties": { "ct": "5350083.00", "nname": "Danforth", "oldcity": "Toronto", "name": "0083.00", "ward": "14", "wardname": "Toronto-Danforth" }, "geometry": { "type": "Polygon", "coordinates": [ [ [ -79.34484, 43.67895 ], [ -79.34011, 43.67988 ], [ -79.33237, 43.68148 ], [ -79.3339, 43.68509 ], [ -79.33889, 43.68429 ], [ -79.34627, 43.68273 ], [ -79.34484, 43.67895 ] ] ] } },
{ "type": "Feature", "properties": { "ct": "5350084.00", "nname": "Playter Estates-Danforth", "oldcity": "Toronto", "name": "0084.00", "ward": "14", "wardname": "Toronto-Danforth" }, "geometry": { "type": "Polygon", "coordinates": [ [ [ -79.34627, 43.68273 ], [ -79.34808, 43.68249 ], [ -79.3487, 43.68408 ], [ -79.35519, 43.68284 ], [ -79.35325, 43.67731 ], [ -79.35278, 43.67739 ], [ -79.34484, 43.67895 ], [ -79.34627, 43.68273 ] ] ] } },
{ "type": "Feature", "properties": { "ct": "5350085.00", "nname": "Playter Estates-Danforth", "oldcity": "Toronto", "name": "0085.00", "ward": "14", "wardname": "Toronto-Danforth" }, "geometry": { "type": "Polygon", "coordinates": [ [ [ -79.36344, 43.67531 ], [ -79.35325, 43.67731 ], [ -79.35519, 43.68284 ], [ -79.35738, 43.6824 ], [ -79.36234, 43.68216 ], [ -79.36165, 43.67957 ], [ -79.36419, 43.67924 ], [ -79.36393, 43.67901 ], [ -79.36363, 43.67785 ], [ -79.36495, 43.6768 ], [ -79.36344, 43.67531 ] ] ] } },
{ "type": "Feature", "properties": { "ct": "5350086.00", "nname": "Rosedale-Moore Park", "oldcity": "Toronto", "name": "0086.00", "ward": "11", "wardname": "University-Rosedale" }, "geometry": { "type": "Polygon", "coordinates": [ [ [ -79.38372, 43.68452 ], [ -79.38241, 43.68074 ], [ -79.38074, 43.68007 ], [ -79.37622, 43.6799 ], [ -79.37469, 43.67926 ], [ -79.36819, 43.67866 ], [ -79.36725, 43.67925 ], [ -79.36792, 43.68128 ], [ -79.36664, 43.68442 ], [ -79.36712, 43.68701 ], [ -79.36686, 43.68849 ], [ -79.36817, 43.68968 ], [ -79.37085, 43.6907 ], [ -79.37345, 43.68811 ], [ -79.37545, 43.68684 ], [ -79.37762, 43.68599 ], [ -79.38372, 43.68452 ] ] ] } },
{ "type": "Feature", "properties": { "ct": "5350087.00", "nname": "Rosedale-Moore Park", "oldcity": "Toronto", "name": "0087.00", "ward": "11", "wardname": "University-Rosedale" }, "geometry": { "type": "Polygon", "coordinates": [ [ [ -79.36725, 43.67925 ], [ -79.36819, 43.67866 ], [ -79.37469, 43.67926 ], [ -79.37622, 43.6799 ], [ -79.38074, 43.68007 ], [ -79.38241, 43.68074 ], [ -79.38372, 43.68452 ], [ -79.38481, 43.68403 ], [ -79.3912, 43.68112 ], [ -79.38898, 43.67559 ], [ -79.38767, 43.67572 ], [ -79.38612, 43.67378 ], [ -79.37974, 43.67315 ], [ -79.37714, 43.67315 ], [ -79.37685, 43.67236 ], [ -79.37144, 43.67189 ], [ -79.37069, 43.67201 ], [ -79.36699, 43.67458 ], [ -79.36344, 43.67531 ], [ -79.36495, 43.6768 ], [ -79.36363, 43.67785 ], [ -79.36393, 43.67901 ], [ -79.36691, 43.67879 ], [ -79.36725, 43.67925 ] ] ] } },
{ "type": "Feature", "properties": { "ct": "5350088.00", "nname": "Rosedale-Moore Park", "oldcity": "Toronto", "name": "0088.00", "ward": "11", "wardname": "University-Rosedale" }, "geometry": { "type": "Polygon", "coordinates": [ [ [ -79.37685, 43.67236 ], [ -79.37714, 43.67315 ], [ -79.37974, 43.67315 ], [ -79.38612, 43.67378 ], [ -79.38767, 43.67572 ], [ -79.38898, 43.67559 ], [ -79.38786, 43.67288 ], [ -79.38678, 43.67023 ], [ -79.38315, 43.67105 ], [ -79.38056, 43.67161 ], [ -79.37685, 43.67236 ] ] ] } },
{ "type": "Feature", "properties": { "ct": "5350089.00", "nname": "Annex", "oldcity": "Toronto", "name": "0089.00", "ward": "11", "wardname": "University-Rosedale" }, "geometry": { "type": "Polygon", "coordinates": [ [ [ -79.38786, 43.67288 ], [ -79.39034, 43.67299 ], [ -79.39393, 43.67519 ], [ -79.39659, 43.67473 ], [ -79.39629, 43.67401 ], [ -79.39414, 43.66873 ], [ -79.3895, 43.66967 ], [ -79.38678, 43.67023 ], [ -79.38786, 43.67288 ] ] ] } },
{ "type": "Feature", "properties": { "ct": "5350090.00", "nname": "Annex", "oldcity": "Toronto", "name": "0090.00", "ward": "11", "wardname": "University-Rosedale" }, "geometry": { "type": "Polygon", "coordinates": [ [ [ -79.38786, 43.67288 ], [ -79.38898, 43.67559 ], [ -79.3912, 43.68112 ], [ -79.39794, 43.67805 ], [ -79.39659, 43.67473 ], [ -79.39393, 43.67519 ], [ -79.39034, 43.67299 ], [ -79.38786, 43.67288 ] ] ] } },
{ "type": "Feature", "properties": { "ct": "5350092.00", "nname": "Annex", "oldcity": "Toronto", "name": "0092.00", "ward": "11", "wardname": "University-Rosedale" }, "geometry": { "type": "Polygon", "coordinates": [ [ [ -79.4112, 43.66512 ], [ -79.40387, 43.66666 ], [ -79.40604, 43.67219 ], [ -79.40734, 43.67545 ], [ -79.41469, 43.67392 ], [ -79.4112, 43.66512 ] ] ] } },
{ "type": "Feature", "properties": { "ct": "5350093.00", "nname": "Annex", "oldcity": "Toronto", "name": "0093.00", "ward": "11", "wardname": "University-Rosedale" }, "geometry": { "type": "Polygon", "coordinates": [ [ [ -79.41841, 43.66359 ], [ -79.4112, 43.66512 ], [ -79.41469, 43.67392 ], [ -79.42183, 43.67238 ], [ -79.41841, 43.66359 ] ] ] } },
{ "type": "Feature", "properties": { "ct": "5350094.00", "nname": "Dovercourt Village", "oldcity": "Toronto", "name": "0094.00", "ward": "11", "wardname": "University-Rosedale" }, "geometry": { "type": "Polygon", "coordinates": [ [ [ -79.42566, 43.66199 ], [ -79.41886, 43.66347 ], [ -79.41841, 43.66359 ], [ -79.42183, 43.67238 ], [ -79.42937, 43.67093 ], [ -79.42566, 43.66199 ] ] ] } },
{ "type": "Feature", "properties": { "ct": "5350095.00", "nname": "Dovercourt Village", "oldcity": "Toronto", "name": "0095.00", "ward": "09", "wardname": "Davenport" }, "geometry": { "type": "Polygon", "coordinates": [ [ [ -79.42942, 43.66115 ], [ -79.42566, 43.66199 ], [ -79.42937, 43.67093 ], [ -79.433, 43.67026 ], [ -79.43171, 43.66719 ], [ -79.42966, 43.66224 ], [ -79.42942, 43.66115 ] ] ] } },
{ "type": "Feature", "properties": { "ct": "5350098.00", "nname": "Junction-Wallace Emerson", "oldcity": "Toronto", "name": "0098.00", "ward": "09", "wardname": "Davenport" }, "geometry": { "type": "Polygon", "coordinates": [ [ [ -79.44983, 43.65688 ], [ -79.44519, 43.65784 ], [ -79.44678, 43.66185 ], [ -79.44859, 43.6663 ], [ -79.44898, 43.66724 ], [ -79.45064, 43.66713 ], [ -79.46005, 43.6672 ], [ -79.45591, 43.6631 ], [ -79.44983, 43.65688 ] ] ] } },
{ "type": "Feature", "properties": { "ct": "5350099.00", "nname": "High Park North", "oldcity": "Toronto", "name": "0099.00", "ward": "04", "wardname": "Parkdale-High Park" }, "geometry": { "type": "Polygon", "coordinates": [ [ [ -79.46004, 43.65471 ], [ -79.45245, 43.65632 ], [ -79.44983, 43.65688 ], [ -79.45591, 43.6631 ], [ -79.46295, 43.66166 ], [ -79.46148, 43.65831 ], [ -79.46004, 43.65471 ] ] ] } },
{ "type": "Feature", "properties": { "ct": "5350100.00", "nname": "Junction Area", "oldcity": "Toronto", "name": "0100.00", "ward": "04", "wardname": "Parkdale-High Park" }, "geometry": { "type": "Polygon", "coordinates": [ [ [ -79.46295, 43.66166 ], [ -79.45591, 43.6631 ], [ -79.46005, 43.6672 ], [ -79.46533, 43.66724 ], [ -79.46295, 43.66166 ] ] ] } },
{ "type": "Feature", "properties": { "ct": "5350101.00", "nname": "Junction Area", "oldcity": "Toronto", "name": "0101.00", "ward": "04", "wardname": "Parkdale-High Park" }, "geometry": { "type": "Polygon", "coordinates": [ [ [ -79.46927, 43.66027 ], [ -79.46663, 43.66086 ], [ -79.46295, 43.66166 ], [ -79.46533, 43.66724 ], [ -79.4729, 43.66731 ], [ -79.47081, 43.66255 ], [ -79.46927, 43.66027 ] ] ] } },
{ "type": "Feature", "properties": { "ct": "5350103.00", "nname": "High Park North", "oldcity": "Toronto", "name": "0103.00", "ward": "04", "wardname": "Parkdale-High Park" }, "geometry": { "type": "Polygon", "coordinates": [ [ [ -79.4763, 43.65114 ], [ -79.47117, 43.65226 ], [ -79.4669, 43.6532 ], [ -79.46846, 43.65689 ], [ -79.46964, 43.65949 ], [ -79.46927, 43.66027 ], [ -79.47081, 43.66255 ], [ -79.47338, 43.66201 ], [ -79.47478, 43.66123 ], [ -79.48, 43.66006 ], [ -79.4763, 43.65114 ] ] ] } },
{ "type": "Feature", "properties": { "ct": "5350104.00", "nname": "Runnymede-Bloor West Village", "oldcity": "Toronto", "name": "0104.00", "ward": "04", "wardname": "Parkdale-High Park" }, "geometry": { "type": "Polygon", "coordinates": [ [ [ -79.48448, 43.64933 ], [ -79.48046, 43.65021 ], [ -79.4763, 43.65114 ], [ -79.48, 43.66006 ], [ -79.48072, 43.6603 ], [ -79.48545, 43.65936 ], [ -79.48819, 43.65845 ], [ -79.48448, 43.64933 ] ] ] } },
{ "type": "Feature", "properties": { "ct": "5350105.00", "nname": "Junction Area", "oldcity": "Toronto", "name": "0105.00", "ward": "04", "wardname": "Parkdale-High Park" }, "geometry": { "type": "Polygon", "coordinates": [ [ [ -79.48, 43.66006 ], [ -79.47478, 43.66123 ], [ -79.47338, 43.66201 ], [ -79.47081, 43.66255 ], [ -79.4729, 43.66731 ], [ -79.4826, 43.66679 ], [ -79.48248, 43.66475 ], [ -79.48072, 43.6603 ], [ -79.48, 43.66006 ] ] ] } },
{ "type": "Feature", "properties": { "ct": "5350106.00", "nname": "Junction Area", "oldcity": "Toronto", "name": "0106.00", "ward": "05", "wardname": "York South-Weston" }, "geometry": { "type": "Polygon", "coordinates": [ [ [ -79.4719, 43.67925 ], [ -79.4738, 43.67937 ], [ -79.47602, 43.67887 ], [ -79.47365, 43.67666 ], [ -79.47362, 43.67518 ], [ -79.47818, 43.67416 ], [ -79.47871, 43.67372 ], [ -79.48064, 43.67261 ], [ -79.48004, 43.67076 ], [ -79.48393, 43.66991 ], [ -79.4826, 43.66679 ], [ -79.4729, 43.66731 ], [ -79.46533, 43.66724 ], [ -79.46005, 43.6672 ], [ -79.46564, 43.67296 ], [ -79.4719, 43.67925 ] ] ] } },
{ "type": "Feature", "properties": { "ct": "5350107.00", "nname": "Weston-Pelham Park", "oldcity": "Toronto", "name": "0107.00", "ward": "09", "wardname": "Davenport" }, "geometry": { "type": "Polygon", "coordinates": [ [ [ -79.45593, 43.67511 ], [ -79.46016, 43.68154 ], [ -79.4604, 43.6819 ], [ -79.4656, 43.68069 ], [ -79.46609, 43.68029 ], [ -79.47043, 43.67941 ], [ -79.4719, 43.67925 ], [ -79.46564, 43.67296 ], [ -79.45593, 43.67511 ] ] ] } },
{ "type": "Feature", "properties": { "ct": "5350108.00", "nname": "Weston-Pelham Park", "oldcity": "Toronto", "name": "0108.00", "ward": "09", "wardname": "Davenport" }, "geometry": { "type": "Polygon", "coordinates": [ [ [ -79.46005, 43.6672 ], [ -79.45064, 43.66713 ], [ -79.44898, 43.66724 ], [ -79.45135, 43.67105 ], [ -79.45234, 43.67222 ], [ -79.45593, 43.67511 ], [ -79.46564, 43.67296 ], [ -79.46005, 43.6672 ] ] ] } },
{ "type": "Feature", "properties": { "ct": "5350109.00", "nname": "Junction-Wallace Emerson", "oldcity": "Toronto", "name": "0109.00", "ward": "09", "wardname": "Davenport" }, "geometry": { "type": "Polygon", "coordinates": [ [ [ -79.44898, 43.66724 ], [ -79.43928, 43.66899 ], [ -79.433, 43.67026 ], [ -79.43464, 43.67429 ], [ -79.43746, 43.67395 ], [ -79.44099, 43.67299 ], [ -79.44509, 43.6721 ], [ -79.45135, 43.67105 ], [ -79.44898, 43.66724 ] ] ] } },
{ "type": "Feature", "properties": { "ct": "5350110.00", "nname": "Corso Italia-Davenport", "oldcity": "Toronto", "name": "0110.00", "ward": "09", "wardname": "Davenport" }, "geometry": { "type": "Polygon", "coordinates": [ [ [ -79.45135, 43.67105 ], [ -79.44509, 43.6721 ], [ -79.44099, 43.67299 ], [ -79.44307, 43.67796 ], [ -79.44982, 43.67647 ], [ -79.45593, 43.67511 ], [ -79.45234, 43.67222 ], [ -79.45135, 43.67105 ] ] ] } },
{ "type": "Feature", "properties": { "ct": "5350111.00", "nname": "Corso Italia-Davenport", "oldcity": "Toronto", "name": "0111.00", "ward": "09", "wardname": "Davenport" }, "geometry": { "type": "Polygon", "coordinates": [ [ [ -79.45593, 43.67511 ], [ -79.44982, 43.67647 ], [ -79.4526, 43.68322 ], [ -79.45324, 43.68303 ], [ -79.46016, 43.68154 ], [ -79.45593, 43.67511 ] ] ] } },
{ "type": "Feature", "properties": { "ct": "5350112.00", "nname": "Corso Italia-Davenport", "oldcity": "Toronto", "name": "0112.00", "ward": "09", "wardname": "Davenport" }, "geometry": { "type": "Polygon", "coordinates": [ [ [ -79.44217, 43.67882 ], [ -79.44252, 43.67876 ], [ -79.44496, 43.68474 ], [ -79.44576, 43.68471 ], [ -79.4526, 43.68322 ], [ -79.44982, 43.67647 ], [ -79.44307, 43.67796 ], [ -79.44217, 43.67882 ] ] ] } },
{ "type": "Feature", "properties": { "ct": "5350113.00", "nname": "Corso Italia-Davenport", "oldcity": "Toronto", "name": "0113.00", "ward": "09", "wardname": "Davenport" }, "geometry": { "type": "Polygon", "coordinates": [ [ [ -79.44099, 43.67299 ], [ -79.43746, 43.67395 ], [ -79.43464, 43.67429 ], [ -79.43378, 43.67441 ], [ -79.4359, 43.67955 ], [ -79.43591, 43.68015 ], [ -79.44217, 43.67882 ], [ -79.44307, 43.67796 ], [ -79.44099, 43.67299 ] ] ] } },
{ "type": "Feature", "properties": { "ct": "5350114.00", "nname": "Wychwood", "oldcity": "Toronto", "name": "0114.00", "ward": "12", "wardname": "Toronto-St. Paul's" }, "geometry": { "type": "Polygon", "coordinates": [ [ [ -79.43378, 43.67441 ], [ -79.42716, 43.67479 ], [ -79.42308, 43.67557 ], [ -79.426, 43.68209 ], [ -79.42903, 43.68145 ], [ -79.43241, 43.68097 ], [ -79.43591, 43.68015 ], [ -79.4359, 43.67955 ], [ -79.43378, 43.67441 ] ] ] } },
{ "type": "Feature", "properties": { "ct": "5350115.00", "nname": "Wychwood", "oldcity": "Toronto", "name": "0115.00", "ward": "12", "wardname": "Toronto-St. Paul's" }, "geometry": { "type": "Polygon", "coordinates": [ [ [ -79.433, 43.67026 ], [ -79.42937, 43.67093 ], [ -79.42183, 43.67238 ], [ -79.42308, 43.67557 ], [ -79.42716, 43.67479 ], [ -79.43378, 43.67441 ], [ -79.43464, 43.67429 ], [ -79.433, 43.67026 ] ] ] } },
{ "type": "Feature", "properties": { "ct": "5350116.00", "nname": "Wychwood", "oldcity": "Toronto", "name": "0116.00", "ward": "12", "wardname": "Toronto-St. Paul's" }, "geometry": { "type": "Polygon", "coordinates": [ [ [ -79.42183, 43.67238 ], [ -79.41469, 43.67392 ], [ -79.41578, 43.67674 ], [ -79.41855, 43.6838 ], [ -79.42069, 43.68313 ], [ -79.426, 43.68209 ], [ -79.42308, 43.67557 ], [ -79.42183, 43.67238 ] ] ] } },
{ "type": "Feature", "properties": { "ct": "5350117.00", "nname": "Casa Loma", "oldcity": "Toronto", "name": "0117.00", "ward": "12", "wardname": "Toronto-St. Paul's" }, "geometry": { "type": "Polygon", "coordinates": [ [ [ -79.40734, 43.67545 ], [ -79.40219, 43.67654 ], [ -79.39794, 43.67805 ], [ -79.39921, 43.68113 ], [ -79.40254, 43.68053 ], [ -79.40381, 43.67803 ], [ -79.40617, 43.67796 ], [ -79.41036, 43.67684 ], [ -79.41578, 43.67674 ], [ -79.41469, 43.67392 ], [ -79.40734, 43.67545 ] ] ] } },
{ "type": "Feature", "properties": { "ct": "5350118.00", "nname": "Casa Loma", "oldcity": "Toronto", "name": "0118.00", "ward": "12", "wardname": "Toronto-St. Paul's" }, "geometry": { "type": "Polygon", "coordinates": [ [ [ -79.40381, 43.67803 ], [ -79.40374, 43.68064 ], [ -79.40669, 43.68103 ], [ -79.40775, 43.68165 ], [ -79.40993, 43.68177 ], [ -79.41146, 43.68533 ], [ -79.41206, 43.68521 ], [ -79.41855, 43.6838 ], [ -79.41578, 43.67674 ], [ -79.41036, 43.67684 ], [ -79.40617, 43.67796 ], [ -79.40381, 43.67803 ] ] ] } },
{ "type": "Feature", "properties": { "ct": "5350119.00", "nname": "Casa Loma", "oldcity": "Toronto", "name": "0119.00", "ward": "12", "wardname": "Toronto-St. Paul's" }, "geometry": { "type": "Polygon", "coordinates": [ [ [ -79.3998, 43.68255 ], [ -79.40149, 43.68664 ], [ -79.40301, 43.69078 ], [ -79.41266, 43.68867 ], [ -79.41283, 43.68723 ], [ -79.41206, 43.68521 ], [ -79.41146, 43.68533 ], [ -79.40993, 43.68177 ], [ -79.40775, 43.68165 ], [ -79.40669, 43.68103 ], [ -79.40374, 43.68064 ], [ -79.40381, 43.67803 ], [ -79.40254, 43.68053 ], [ -79.39921, 43.68113 ], [ -79.3998, 43.68255 ] ] ] } },
{ "type": "Feature", "properties": { "ct": "5350120.00", "nname": "Yonge-St.Clair", "oldcity": "Toronto", "name": "0120.00", "ward": "12", "wardname": "Toronto-St. Paul's" }, "geometry": { "type": "Polygon", "coordinates": [ [ [ -79.39794, 43.67805 ], [ -79.3912, 43.68112 ], [ -79.39238, 43.68394 ], [ -79.3998, 43.68255 ], [ -79.39921, 43.68113 ], [ -79.39794, 43.67805 ] ] ] } },
{ "type": "Feature", "properties": { "ct": "5350121.00", "nname": "Yonge-St.Clair", "oldcity": "Toronto", "name": "0121.00", "ward": "12", "wardname": "Toronto-St. Paul's" }, "geometry": { "type": "Polygon", "coordinates": [ [ [ -79.3998, 43.68255 ], [ -79.39238, 43.68394 ], [ -79.39413, 43.68808 ], [ -79.40149, 43.68664 ], [ -79.3998, 43.68255 ] ] ] } },
{ "type": "Feature", "properties": { "ct": "5350122.00", "nname": "Yonge-St.Clair", "oldcity": "Toronto", "name": "0122.00", "ward": "12", "wardname": "Toronto-St. Paul's" }, "geometry": { "type": "Polygon", "coordinates": [ [ [ -79.39505, 43.69079 ], [ -79.39694, 43.69334 ], [ -79.39734, 43.6951 ], [ -79.39937, 43.6947 ], [ -79.40008, 43.69639 ], [ -79.40586, 43.69815 ], [ -79.40466, 43.69502 ], [ -79.40239, 43.69549 ], [ -79.40086, 43.6912 ], [ -79.40301, 43.69078 ], [ -79.40149, 43.68664 ], [ -79.39413, 43.68808 ], [ -79.39505, 43.69079 ] ] ] } },
{ "type": "Feature", "properties": { "ct": "5350123.00", "nname": "Yonge-St.Clair", "oldcity": "Toronto", "name": "0123.00", "ward": "12", "wardname": "Toronto-St. Paul's" }, "geometry": { "type": "Polygon", "coordinates": [ [ [ -79.3961, 43.69566 ], [ -79.40008, 43.69639 ], [ -79.39937, 43.6947 ], [ -79.39734, 43.6951 ], [ -79.39694, 43.69334 ], [ -79.39505, 43.69079 ], [ -79.39534, 43.6921 ], [ -79.3961, 43.69566 ] ] ] } },
{ "type": "Feature", "properties": { "ct": "5350124.00", "nname": "Rosedale-Moore Park", "oldcity": "Toronto", "name": "0124.00", "ward": "11", "wardname": "University-Rosedale" }, "geometry": { "type": "Polygon", "coordinates": [ [ [ -79.39084, 43.69132 ], [ -79.39226, 43.69082 ], [ -79.39329, 43.69244 ], [ -79.39534, 43.6921 ], [ -79.39505, 43.69079 ], [ -79.39413, 43.68808 ], [ -79.39238, 43.68394 ], [ -79.3912, 43.68112 ], [ -79.38481, 43.68403 ], [ -79.38591, 43.68493 ], [ -79.38536, 43.68668 ], [ -79.38756, 43.68853 ], [ -79.38979, 43.68972 ], [ -79.39084, 43.69132 ] ] ] } },
{ "type": "Feature", "properties": { "ct": "5350125.00", "nname": "Rosedale-Moore Park", "oldcity": "Toronto", "name": "0125.00", "ward": "11", "wardname": "University-Rosedale" }, "geometry": { "type": "Polygon", "coordinates": [ [ [ -79.38372, 43.68452 ], [ -79.37762, 43.68599 ], [ -79.37545, 43.68684 ], [ -79.37345, 43.68811 ], [ -79.37085, 43.6907 ], [ -79.37382, 43.69255 ], [ -79.38079, 43.69471 ], [ -79.38878, 43.69314 ], [ -79.38865, 43.6919 ], [ -79.39084, 43.69132 ], [ -79.38979, 43.68972 ], [ -79.38756, 43.68853 ], [ -79.38536, 43.68668 ], [ -79.38591, 43.68493 ], [ -79.38481, 43.68403 ], [ -79.38372, 43.68452 ] ] ] } },
{ "type": "Feature", "properties": { "ct": "5350126.00", "nname": "Mount Pleasant East", "oldcity": "Toronto", "name": "0126.00", "ward": "15", "wardname": "Don Valley West" }, "geometry": { "type": "Polygon", "coordinates": [ [ [ -79.39084, 43.69132 ], [ -79.38865, 43.6919 ], [ -79.38878, 43.69314 ], [ -79.38079, 43.69471 ], [ -79.37972, 43.69512 ], [ -79.37173, 43.69675 ], [ -79.37493, 43.70511 ], [ -79.38782, 43.70247 ], [ -79.38696, 43.70032 ], [ -79.38673, 43.69931 ], [ -79.38627, 43.69763 ], [ -79.39373, 43.69602 ], [ -79.3961, 43.69566 ], [ -79.39534, 43.6921 ], [ -79.39329, 43.69244 ], [ -79.39226, 43.69082 ], [ -79.39084, 43.69132 ] ] ] } },
{ "type": "Feature", "properties": { "ct": "5350127.00", "nname": "Mount Pleasant East", "oldcity": "Toronto", "name": "0127.00", "ward": "15", "wardname": "Don Valley West" }, "geometry": { "type": "Polygon", "coordinates": [ [ [ -79.38782, 43.70247 ], [ -79.37493, 43.70511 ], [ -79.37715, 43.71104 ], [ -79.39018, 43.70841 ], [ -79.38782, 43.70247 ] ] ] } },
{ "type": "Feature", "properties": { "ct": "5350129.00", "nname": "Yonge-Eglinton", "oldcity": "Toronto", "name": "0129.00", "ward": "12", "wardname": "Toronto-St. Paul's" }, "geometry": { "type": "Polygon", "coordinates": [ [ [ -79.3961, 43.69566 ], [ -79.39646, 43.69737 ], [ -79.39664, 43.6983 ], [ -79.39703, 43.7003 ], [ -79.39836, 43.70674 ], [ -79.40851, 43.7046 ], [ -79.41095, 43.70409 ], [ -79.40903, 43.69926 ], [ -79.40586, 43.69815 ], [ -79.40008, 43.69639 ], [ -79.3961, 43.69566 ] ] ] } },
{ "type": "Feature", "properties": { "ct": "5350130.00", "nname": "Forest Hill South", "oldcity": "Toronto", "name": "0130.00", "ward": "12", "wardname": "Toronto-St. Paul's" }, "geometry": { "type": "Polygon", "coordinates": [ [ [ -79.40301, 43.69078 ], [ -79.40086, 43.6912 ], [ -79.40239, 43.69549 ], [ -79.40466, 43.69502 ], [ -79.40586, 43.69815 ], [ -79.40903, 43.69926 ], [ -79.41095, 43.70409 ], [ -79.41596, 43.70303 ], [ -79.4191, 43.70235 ], [ -79.41791, 43.70114 ], [ -79.41266, 43.68867 ], [ -79.40301, 43.69078 ] ] ] } },
{ "type": "Feature", "properties": { "ct": "5350131.00", "nname": "Forest Hill South", "oldcity": "Toronto", "name": "0131.00", "ward": "12", "wardname": "Toronto-St. Paul's" }, "geometry": { "type": "Polygon", "coordinates": [ [ [ -79.41949, 43.68607 ], [ -79.41283, 43.68723 ], [ -79.41266, 43.68867 ], [ -79.41791, 43.70114 ], [ -79.4191, 43.70235 ], [ -79.42555, 43.70099 ], [ -79.42125, 43.69047 ], [ -79.41949, 43.68607 ] ] ] } },
{ "type": "Feature", "properties": { "ct": "5350132.00", "nname": "Forest Hill North", "oldcity": "Toronto", "name": "0132.00", "ward": "08", "wardname": "Eglinton-Lawrence" }, "geometry": { "type": "Polygon", "coordinates": [ [ [ -79.43938, 43.69804 ], [ -79.43719, 43.69851 ], [ -79.43601, 43.69877 ], [ -79.42555, 43.70099 ], [ -79.42587, 43.70321 ], [ -79.42719, 43.70847 ], [ -79.43692, 43.70619 ], [ -79.43863, 43.70603 ], [ -79.43938, 43.70568 ], [ -79.43898, 43.70191 ], [ -79.44081, 43.70157 ], [ -79.43938, 43.69804 ] ] ] } },
{ "type": "Feature", "properties": { "ct": "5350133.00", "nname": "Forest Hill North", "oldcity": "Toronto", "name": "0133.00", "ward": "08", "wardname": "Eglinton-Lawrence" }, "geometry": { "type": "Polygon", "coordinates": [ [ [ -79.42555, 43.70099 ], [ -79.4191, 43.70235 ], [ -79.41596, 43.70303 ], [ -79.41709, 43.70716 ], [ -79.41622, 43.70736 ], [ -79.41736, 43.70995 ], [ -79.41937, 43.71003 ], [ -79.42719, 43.70847 ], [ -79.42587, 43.70321 ], [ -79.42555, 43.70099 ] ] ] } },
{ "type": "Feature", "properties": { "ct": "5350134.00", "nname": "Lawrence Park South", "oldcity": "Toronto", "name": "0134.00", "ward": "08", "wardname": "Eglinton-Lawrence" }, "geometry": { "type": "Polygon", "coordinates": [ [ [ -79.41596, 43.70303 ], [ -79.41095, 43.70409 ], [ -79.40851, 43.7046 ], [ -79.40969, 43.70583 ], [ -79.41026, 43.70818 ], [ -79.41149, 43.71119 ], [ -79.41736, 43.70995 ], [ -79.41622, 43.70736 ], [ -79.41709, 43.70716 ], [ -79.41596, 43.70303 ] ] ] } },
{ "type": "Feature", "properties": { "ct": "5350135.00", "nname": "Yonge-Eglinton", "oldcity": "Toronto", "name": "0135.00", "ward": "08", "wardname": "Eglinton-Lawrence" }, "geometry": { "type": "Polygon", "coordinates": [ [ [ -79.40851, 43.7046 ], [ -79.39836, 43.70674 ], [ -79.39899, 43.70959 ], [ -79.39955, 43.71229 ], [ -79.39983, 43.71365 ], [ -79.41149, 43.71119 ], [ -79.41026, 43.70818 ], [ -79.40969, 43.70583 ], [ -79.40851, 43.7046 ] ] ] } },
{ "type": "Feature", "properties": { "ct": "5350137.00", "nname": "Mount Pleasant East", "oldcity": "Toronto", "name": "0137.00", "ward": "15", "wardname": "Don Valley West" }, "geometry": { "type": "Polygon", "coordinates": [ [ [ -79.37749, 43.7131 ], [ -79.3857, 43.71136 ], [ -79.38638, 43.71368 ], [ -79.38844, 43.71905 ], [ -79.40047, 43.71661 ], [ -79.39983, 43.71365 ], [ -79.39955, 43.71229 ], [ -79.39219, 43.71379 ], [ -79.39122, 43.71113 ], [ -79.39018, 43.70841 ], [ -79.37715, 43.71104 ], [ -79.37749, 43.7131 ] ] ] } },
{ "type": "Feature", "properties": { "ct": "5350138.00", "nname": "Lawrence Park South", "oldcity": "Toronto", "name": "0138.00", "ward": "15", "wardname": "Don Valley West" }, "geometry": { "type": "Polygon", "coordinates": [ [ [ -79.40047, 43.71661 ], [ -79.38844, 43.71905 ], [ -79.38965, 43.72463 ], [ -79.39007, 43.72768 ], [ -79.40219, 43.7251 ], [ -79.40084, 43.71834 ], [ -79.40047, 43.71661 ] ] ] } },
{ "type": "Feature", "properties": { "ct": "5350140.00", "nname": "Lawrence Park South", "oldcity": "Toronto", "name": "0140.00", "ward": "08", "wardname": "Eglinton-Lawrence" }, "geometry": { "type": "Polygon", "coordinates": [ [ [ -79.41736, 43.70995 ], [ -79.41149, 43.71119 ], [ -79.41233, 43.71599 ], [ -79.41462, 43.71835 ], [ -79.41554, 43.71836 ], [ -79.42208, 43.71693 ], [ -79.41937, 43.71003 ], [ -79.41736, 43.70995 ] ] ] } },
{ "type": "Feature", "properties": { "ct": "5350142.00", "nname": "Lawrence Park North", "oldcity": "Toronto", "name": "0142.00", "ward": "15", "wardname": "Don Valley West" }, "geometry": { "type": "Polygon", "coordinates": [ [ [ -79.40219, 43.7251 ], [ -79.39007, 43.72768 ], [ -79.39081, 43.731 ], [ -79.39282, 43.73679 ], [ -79.39896, 43.73542 ], [ -79.40456, 43.73437 ], [ -79.40345, 43.72993 ], [ -79.40219, 43.7251 ] ] ] } },
{ "type": "Feature", "properties": { "ct": "5350150.00", "nname": "Lambton Baby Point", "oldcity": "York", "name": "0150.00", "ward": "04", "wardname": "Parkdale-High Park" }, "geometry": { "type": "Polygon", "coordinates": [ [ [ -79.48448, 43.64933 ], [ -79.48819, 43.65845 ], [ -79.48902, 43.66041 ], [ -79.49496, 43.65937 ], [ -79.49493, 43.65845 ], [ -79.49948, 43.65783 ], [ -79.50256, 43.65515 ], [ -79.50294, 43.65357 ], [ -79.50148, 43.65241 ], [ -79.49745, 43.652 ], [ -79.49231, 43.6522 ], [ -79.49088, 43.65098 ], [ -79.49077, 43.64985 ], [ -79.49184, 43.64843 ], [ -79.49276, 43.64734 ], [ -79.48448, 43.64933 ] ] ] } },
{ "type": "Feature", "properties": { "ct": "5350151.00", "nname": "Lambton Baby Point", "oldcity": "York", "name": "0151.00", "ward": "04", "wardname": "Parkdale-High Park" }, "geometry": { "type": "Polygon", "coordinates": [ [ [ -79.49496, 43.65937 ], [ -79.4942, 43.66103 ], [ -79.49473, 43.66279 ], [ -79.49628, 43.66443 ], [ -79.49852, 43.66586 ], [ -79.50759, 43.66522 ], [ -79.51003, 43.66431 ], [ -79.51222, 43.66263 ], [ -79.51005, 43.66193 ], [ -79.50688, 43.66303 ], [ -79.50556, 43.66279 ], [ -79.50187, 43.66027 ], [ -79.49953, 43.65901 ], [ -79.49948, 43.65783 ], [ -79.49493, 43.65845 ], [ -79.49496, 43.65937 ] ] ] } },
{ "type": "Feature", "properties": { "ct": "5350152.00", "nname": "Runnymede-Bloor West Village", "oldcity": "York", "name": "0152.00", "ward": "04", "wardname": "Parkdale-High Park" }, "geometry": { "type": "Polygon", "coordinates": [ [ [ -79.48819, 43.65845 ], [ -79.48545, 43.65936 ], [ -79.48072, 43.6603 ], [ -79.48248, 43.66475 ], [ -79.4826, 43.66679 ], [ -79.49852, 43.66586 ], [ -79.49628, 43.66443 ], [ -79.49473, 43.66279 ], [ -79.4942, 43.66103 ], [ -79.49496, 43.65937 ], [ -79.48902, 43.66041 ], [ -79.48819, 43.65845 ] ] ] } },
{ "type": "Feature", "properties": { "ct": "5350153.00", "nname": "Rockcliffe-Smythe", "oldcity": "York", "name": "0153.00", "ward": "05", "wardname": "York South-Weston" }, "geometry": { "type": "Polygon", "coordinates": [ [ [ -79.4826, 43.66679 ], [ -79.48393, 43.66991 ], [ -79.48004, 43.67076 ], [ -79.48064, 43.67261 ], [ -79.47871, 43.67372 ], [ -79.48103, 43.67363 ], [ -79.48671, 43.6722 ], [ -79.48745, 43.67234 ], [ -79.4934, 43.67081 ], [ -79.50266, 43.66785 ], [ -79.50759, 43.66522 ], [ -79.49852, 43.66586 ], [ -79.4826, 43.66679 ] ] ] } },
{ "type": "Feature", "properties": { "ct": "5350154.00", "nname": "Rockcliffe-Smythe", "oldcity": "York", "name": "0154.00", "ward": "05", "wardname": "York South-Weston" }, "geometry": { "type": "Polygon", "coordinates": [ [ [ -79.49882, 43.68448 ], [ -79.50179, 43.68399 ], [ -79.50623, 43.68466 ], [ -79.51025, 43.68422 ], [ -79.50951, 43.68285 ], [ -79.50574, 43.6821 ], [ -79.50545, 43.68066 ], [ -79.50741, 43.67888 ], [ -79.50904, 43.67615 ], [ -79.51219, 43.6742 ], [ -79.5125, 43.67266 ], [ -79.51129, 43.66838 ], [ -79.51305, 43.66664 ], [ -79.51292, 43.66463 ], [ -79.51222, 43.66263 ], [ -79.51003, 43.66431 ], [ -79.50759, 43.66522 ], [ -79.50266, 43.66785 ], [ -79.4934, 43.67081 ], [ -79.49773, 43.6811 ], [ -79.49882, 43.68448 ] ] ] } },
{ "type": "Feature", "properties": { "ct": "5350155.00", "nname": "Rockcliffe-Smythe", "oldcity": "York", "name": "0155.00", "ward": "05", "wardname": "York South-Weston" }, "geometry": { "type": "Polygon", "coordinates": [ [ [ -79.47871, 43.67372 ], [ -79.47818, 43.67416 ], [ -79.47362, 43.67518 ], [ -79.47365, 43.67666 ], [ -79.47602, 43.67887 ], [ -79.4738, 43.67937 ], [ -79.4719, 43.67925 ], [ -79.47541, 43.68168 ], [ -79.4795, 43.68386 ], [ -79.48298, 43.67914 ], [ -79.48422, 43.67673 ], [ -79.48873, 43.6754 ], [ -79.48745, 43.67234 ], [ -79.48671, 43.6722 ], [ -79.48103, 43.67363 ], [ -79.47871, 43.67372 ] ] ] } },
{ "type": "Feature", "properties": { "ct": "5350157.00", "nname": "Mount Dennis", "oldcity": "York", "name": "0157.00", "ward": "05", "wardname": "York South-Weston" }, "geometry": { "type": "Polygon", "coordinates": [ [ [ -79.48296, 43.68559 ], [ -79.48672, 43.68744 ], [ -79.49121, 43.6866 ], [ -79.49882, 43.68448 ], [ -79.49773, 43.6811 ], [ -79.49172, 43.68246 ], [ -79.484, 43.68423 ], [ -79.48296, 43.68559 ] ] ] } },
{ "type": "Feature", "properties": { "ct": "5350158.00", "nname": "Keelesdale-Eglinton West", "oldcity": "York", "name": "0158.00", "ward": "05", "wardname": "York South-Weston" }, "geometry": { "type": "Polygon", "coordinates": [ [ [ -79.47043, 43.67941 ], [ -79.47506, 43.69017 ], [ -79.48646, 43.68749 ], [ -79.48672, 43.68744 ], [ -79.48296, 43.68559 ], [ -79.4795, 43.68386 ], [ -79.47541, 43.68168 ], [ -79.4719, 43.67925 ], [ -79.47043, 43.67941 ] ] ] } },
{ "type": "Feature", "properties": { "ct": "5350160.00", "nname": "Caledonia-Fairbank", "oldcity": "York", "name": "0160.00", "ward": "09", "wardname": "Davenport" }, "geometry": { "type": "Polygon", "coordinates": [ [ [ -79.46016, 43.68154 ], [ -79.45324, 43.68303 ], [ -79.45789, 43.69399 ], [ -79.46304, 43.69284 ], [ -79.4646, 43.69216 ], [ -79.46307, 43.68944 ], [ -79.46168, 43.68421 ], [ -79.4604, 43.6819 ], [ -79.46016, 43.68154 ] ] ] } },
{ "type": "Feature", "properties": { "ct": "5350161.00", "nname": "Caledonia-Fairbank", "oldcity": "York", "name": "0161.00", "ward": "09", "wardname": "Davenport" }, "geometry": { "type": "Polygon", "coordinates": [ [ [ -79.4526, 43.68322 ], [ -79.44576, 43.68471 ], [ -79.44611, 43.68557 ], [ -79.45027, 43.69569 ], [ -79.45789, 43.69399 ], [ -79.45324, 43.68303 ], [ -79.4526, 43.68322 ] ] ] } },
{ "type": "Feature", "properties": { "ct": "5350162.00", "nname": "Oakwood Village", "oldcity": "York", "name": "0162.00", "ward": "12", "wardname": "Toronto-St. Paul's" }, "geometry": { "type": "Polygon", "coordinates": [ [ [ -79.44611, 43.68557 ], [ -79.43868, 43.68713 ], [ -79.44084, 43.69266 ], [ -79.4424, 43.69328 ], [ -79.45027, 43.69569 ], [ -79.44611, 43.68557 ] ] ] } },
{ "type": "Feature", "properties": { "ct": "5350163.00", "nname": "Oakwood Village", "oldcity": "York", "name": "0163.00", "ward": "09", "wardname": "Davenport" }, "geometry": { "type": "Polygon", "coordinates": [ [ [ -79.43591, 43.68015 ], [ -79.43868, 43.68713 ], [ -79.44611, 43.68557 ], [ -79.44576, 43.68471 ], [ -79.44496, 43.68474 ], [ -79.44252, 43.67876 ], [ -79.44217, 43.67882 ], [ -79.43591, 43.68015 ] ] ] } },
{ "type": "Feature", "properties": { "ct": "5350164.00", "nname": "Oakwood Village", "oldcity": "York", "name": "0164.00", "ward": "09", "wardname": "Davenport" }, "geometry": { "type": "Polygon", "coordinates": [ [ [ -79.43183, 43.68881 ], [ -79.43334, 43.68905 ], [ -79.4349, 43.68947 ], [ -79.44084, 43.69266 ], [ -79.43868, 43.68713 ], [ -79.43591, 43.68015 ], [ -79.43241, 43.68097 ], [ -79.42903, 43.68145 ], [ -79.43183, 43.68881 ] ] ] } },
{ "type": "Feature", "properties": { "ct": "5350165.00", "nname": "Humewood-Cedarvale", "oldcity": "York", "name": "0165.00", "ward": "12", "wardname": "Toronto-St. Paul's" }, "geometry": { "type": "Polygon", "coordinates": [ [ [ -79.42903, 43.68145 ], [ -79.426, 43.68209 ], [ -79.42069, 43.68313 ], [ -79.42234, 43.68664 ], [ -79.42307, 43.68735 ], [ -79.42659, 43.68876 ], [ -79.43183, 43.68881 ], [ -79.42903, 43.68145 ] ] ] } },
{ "type": "Feature", "properties": { "ct": "5350166.00", "nname": "Humewood-Cedarvale", "oldcity": "York", "name": "0166.00", "ward": "12", "wardname": "Toronto-St. Paul's" }, "geometry": { "type": "Polygon", "coordinates": [ [ [ -79.42125, 43.69047 ], [ -79.42555, 43.70099 ], [ -79.43601, 43.69877 ], [ -79.4347, 43.6955 ], [ -79.4293, 43.69262 ], [ -79.42886, 43.69111 ], [ -79.42751, 43.69152 ], [ -79.42432, 43.69128 ], [ -79.42125, 43.69047 ] ] ] } },
{ "type": "Feature", "properties": { "ct": "5350168.00", "nname": "Oakwood Village", "oldcity": "York", "name": "0168.00", "ward": "12", "wardname": "Toronto-St. Paul's" }, "geometry": { "type": "Polygon", "coordinates": [ [ [ -79.43334, 43.68905 ], [ -79.43719, 43.69851 ], [ -79.43938, 43.69804 ], [ -79.45027, 43.69569 ], [ -79.4424, 43.69328 ], [ -79.44084, 43.69266 ], [ -79.4349, 43.68947 ], [ -79.43334, 43.68905 ] ] ] } },
{ "type": "Feature", "properties": { "ct": "5350170.00", "nname": "Briar Hill-Belgravia", "oldcity": "York", "name": "0170.00", "ward": "08", "wardname": "Eglinton-Lawrence" }, "geometry": { "type": "Polygon", "coordinates": [ [ [ -79.4646, 43.69216 ], [ -79.46304, 43.69284 ], [ -79.45789, 43.69399 ], [ -79.45027, 43.69569 ], [ -79.45143, 43.69928 ], [ -79.45226, 43.70298 ], [ -79.46709, 43.69973 ], [ -79.46541, 43.6938 ], [ -79.4646, 43.69216 ] ] ] } },
{ "type": "Feature", "properties": { "ct": "5350171.00", "nname": "Beechborough-Greenbrook", "oldcity": "York", "name": "0171.00", "ward": "05", "wardname": "York South-Weston" }, "geometry": { "type": "Polygon", "coordinates": [ [ [ -79.4739, 43.69042 ], [ -79.47039, 43.69123 ], [ -79.4646, 43.69216 ], [ -79.46541, 43.6938 ], [ -79.46709, 43.69973 ], [ -79.47554, 43.69769 ], [ -79.4739, 43.69042 ] ] ] } },
{ "type": "Feature", "properties": { "ct": "5350172.00", "nname": "Beechborough-Greenbrook", "oldcity": "York", "name": "0172.00", "ward": "05", "wardname": "York South-Weston" }, "geometry": { "type": "Polygon", "coordinates": [ [ [ -79.48646, 43.68749 ], [ -79.47506, 43.69017 ], [ -79.4739, 43.69042 ], [ -79.47554, 43.69769 ], [ -79.48646, 43.69528 ], [ -79.48732, 43.69513 ], [ -79.49383, 43.6938 ], [ -79.49764, 43.69285 ], [ -79.48698, 43.68757 ], [ -79.48646, 43.68749 ] ] ] } },
{ "type": "Feature", "properties": { "ct": "5350173.00", "nname": "Mount Dennis", "oldcity": "York", "name": "0173.00", "ward": "05", "wardname": "York South-Weston" }, "geometry": { "type": "Polygon", "coordinates": [ [ [ -79.48646, 43.68749 ], [ -79.48698, 43.68757 ], [ -79.49764, 43.69285 ], [ -79.50166, 43.69483 ], [ -79.50037, 43.68928 ], [ -79.49882, 43.68448 ], [ -79.49121, 43.6866 ], [ -79.48672, 43.68744 ], [ -79.48646, 43.68749 ] ] ] } },
{ "type": "Feature", "properties": { "ct": "5350174.00", "nname": "Mount Dennis", "oldcity": "York", "name": "0174.00", "ward": "05", "wardname": "York South-Weston" }, "geometry": { "type": "Polygon", "coordinates": [ [ [ -79.49882, 43.68448 ], [ -79.50037, 43.68928 ], [ -79.50166, 43.69483 ], [ -79.503, 43.6955 ], [ -79.50638, 43.69471 ], [ -79.50561, 43.69405 ], [ -79.50907, 43.69327 ], [ -79.50949, 43.694 ], [ -79.51209, 43.69356 ], [ -79.51287, 43.6941 ], [ -79.51334, 43.69154 ], [ -79.51263, 43.68837 ], [ -79.5115, 43.68731 ], [ -79.51025, 43.68422 ], [ -79.50623, 43.68466 ], [ -79.50179, 43.68399 ], [ -79.49882, 43.68448 ] ] ] } },
{ "type": "Feature", "properties": { "ct": "5350176.00", "nname": "Weston", "oldcity": "York", "name": "0176.00", "ward": "05", "wardname": "York South-Weston" }, "geometry": { "type": "Polygon", "coordinates": [ [ [ -79.50383, 43.70288 ], [ -79.50556, 43.70925 ], [ -79.50578, 43.71021 ], [ -79.52028, 43.7068 ], [ -79.52084, 43.70804 ], [ -79.52371, 43.70755 ], [ -79.52263, 43.70589 ], [ -79.52509, 43.70584 ], [ -79.51782, 43.70287 ], [ -79.51356, 43.70077 ], [ -79.50499, 43.70277 ], [ -79.50383, 43.70288 ] ] ] } },
{ "type": "Feature", "properties": { "ct": "5350180.00", "nname": "Taylor-Massey", "oldcity": "East York", "name": "0180.00", "ward": "19", "wardname": "Beaches-East York" }, "geometry": { "type": "Polygon", "coordinates": [ [ [ -79.29736, 43.69511 ], [ -79.30054, 43.69561 ], [ -79.30581, 43.69732 ], [ -79.30476, 43.69484 ], [ -79.30283, 43.69041 ], [ -79.29429, 43.69247 ], [ -79.29276, 43.68905 ], [ -79.28792, 43.69018 ], [ -79.28901, 43.69287 ], [ -79.28967, 43.69451 ], [ -79.29123, 43.69431 ], [ -79.29736, 43.69511 ] ] ] } },
{ "type": "Feature", "properties": { "ct": "5350182.00", "nname": "Danforth East York", "oldcity": "East York", "name": "0182.00", "ward": "19", "wardname": "Beaches-East York" }, "geometry": { "type": "Polygon", "coordinates": [ [ [ -79.31308, 43.6864 ], [ -79.31585, 43.69281 ], [ -79.31743, 43.69644 ], [ -79.32801, 43.69414 ], [ -79.32585, 43.68878 ], [ -79.32511, 43.68698 ], [ -79.31492, 43.68916 ], [ -79.31308, 43.6864 ] ] ] } },
{ "type": "Feature", "properties": { "ct": "5350186.00", "nname": "Leaside-Bennington", "oldcity": "East York", "name": "0186.00", "ward": "15", "wardname": "Don Valley West" }, "geometry": { "type": "Polygon", "coordinates": [ [ [ -79.35057, 43.69943 ], [ -79.35159, 43.70111 ], [ -79.35397, 43.70206 ], [ -79.3584, 43.70192 ], [ -79.36055, 43.70314 ], [ -79.36156, 43.70246 ], [ -79.36418, 43.69997 ], [ -79.36709, 43.69774 ], [ -79.37173, 43.69675 ], [ -79.37972, 43.69512 ], [ -79.38079, 43.69471 ], [ -79.37382, 43.69255 ], [ -79.37085, 43.6907 ], [ -79.36817, 43.68968 ], [ -79.36686, 43.68849 ], [ -79.36712, 43.68701 ], [ -79.36664, 43.68442 ], [ -79.36792, 43.68128 ], [ -79.36725, 43.67925 ], [ -79.36691, 43.67879 ], [ -79.36393, 43.67901 ], [ -79.36419, 43.67924 ], [ -79.36642, 43.68132 ], [ -79.36486, 43.68266 ], [ -79.36323, 43.68329 ], [ -79.36161, 43.68566 ], [ -79.36261, 43.68812 ], [ -79.36129, 43.68929 ], [ -79.35984, 43.69187 ], [ -79.36132, 43.69289 ], [ -79.36183, 43.6941 ], [ -79.35984, 43.6954 ], [ -79.35673, 43.69555 ], [ -79.35496, 43.69814 ], [ -79.35122, 43.69876 ], [ -79.35057, 43.69943 ] ] ] } },
{ "type": "Feature", "properties": { "ct": "5350187.00", "nname": "Old East York", "oldcity": "East York", "name": "0187.00", "ward": "14", "wardname": "Toronto-Danforth" }, "geometry": { "type": "Polygon", "coordinates": [ [ [ -79.32704, 43.70129 ], [ -79.33156, 43.70167 ], [ -79.33209, 43.70307 ], [ -79.33537, 43.70319 ], [ -79.33925, 43.70123 ], [ -79.34148, 43.69944 ], [ -79.34503, 43.6983 ], [ -79.34331, 43.69525 ], [ -79.34168, 43.69117 ], [ -79.32801, 43.69414 ], [ -79.32959, 43.69827 ], [ -79.32704, 43.70129 ] ] ] } },
{ "type": "Feature", "properties": { "ct": "5350188.00", "nname": "Old East York", "oldcity": "East York", "name": "0188.00", "ward": "19", "wardname": "Beaches-East York" }, "geometry": { "type": "Polygon", "coordinates": [ [ [ -79.32801, 43.69414 ], [ -79.31743, 43.69644 ], [ -79.3192, 43.70085 ], [ -79.32704, 43.70129 ], [ -79.32959, 43.69827 ], [ -79.32801, 43.69414 ] ] ] } },
{ "type": "Feature", "properties": { "ct": "5350189.00", "nname": "O'Connor-Parkview", "oldcity": "East York", "name": "0189.00", "ward": "19", "wardname": "Beaches-East York" }, "geometry": { "type": "Polygon", "coordinates": [ [ [ -79.29692, 43.70226 ], [ -79.29901, 43.70185 ], [ -79.29946, 43.70287 ], [ -79.30431, 43.70175 ], [ -79.30544, 43.7044 ], [ -79.30712, 43.70665 ], [ -79.31283, 43.7054 ], [ -79.31537, 43.70515 ], [ -79.32053, 43.70405 ], [ -79.3192, 43.70085 ], [ -79.31383, 43.70017 ], [ -79.30581, 43.69732 ], [ -79.30054, 43.69561 ], [ -79.29736, 43.69511 ], [ -79.29692, 43.70226 ] ] ] } },
{ "type": "Feature", "properties": { "ct": "5350191.00", "nname": "O'Connor-Parkview", "oldcity": "East York", "name": "0191.00", "ward": "19", "wardname": "Beaches-East York" }, "geometry": { "type": "Polygon", "coordinates": [ [ [ -79.29598, 43.70878 ], [ -79.29915, 43.71638 ], [ -79.30536, 43.71506 ], [ -79.31283, 43.7054 ], [ -79.30712, 43.70665 ], [ -79.29738, 43.70886 ], [ -79.29598, 43.70878 ] ] ] } },
{ "type": "Feature", "properties": { "ct": "5350192.00", "nname": "O'Connor-Parkview", "oldcity": "East York", "name": "0192.00", "ward": "19", "wardname": "Beaches-East York" }, "geometry": { "type": "Polygon", "coordinates": [ [ [ -79.31283, 43.7054 ], [ -79.30536, 43.71506 ], [ -79.3048, 43.71685 ], [ -79.31111, 43.71547 ], [ -79.31198, 43.71727 ], [ -79.31944, 43.71568 ], [ -79.3193, 43.71271 ], [ -79.31989, 43.71168 ], [ -79.31645, 43.71018 ], [ -79.31756, 43.70822 ], [ -79.31644, 43.70768 ], [ -79.31537, 43.70515 ], [ -79.31283, 43.7054 ] ] ] } },
{ "type": "Feature", "properties": { "ct": "5350193.00", "nname": "O'Connor-Parkview", "oldcity": "East York", "name": "0193.00", "ward": "19", "wardname": "Beaches-East York" }, "geometry": { "type": "Polygon", "coordinates": [ [ [ -79.3192, 43.70085 ], [ -79.32053, 43.70405 ], [ -79.31537, 43.70515 ], [ -79.31644, 43.70768 ], [ -79.31756, 43.70822 ], [ -79.31645, 43.71018 ], [ -79.31989, 43.71168 ], [ -79.32901, 43.70967 ], [ -79.33395, 43.70889 ], [ -79.33791, 43.70772 ], [ -79.33717, 43.7068 ], [ -79.33819, 43.70536 ], [ -79.33543, 43.7043 ], [ -79.33537, 43.70319 ], [ -79.33209, 43.70307 ], [ -79.33156, 43.70167 ], [ -79.32704, 43.70129 ], [ -79.3192, 43.70085 ] ] ] } },
{ "type": "Feature", "properties": { "ct": "5350201.00", "nname": "Mimico-Queensway", "oldcity": "Etobicoke", "name": "0201.00", "ward": "03", "wardname": "Etobicoke-Lakeshore" }, "geometry": { "type": "Polygon", "coordinates": [ [ [ -79.48695, 43.62394 ], [ -79.49499, 43.61787 ], [ -79.49818, 43.61581 ], [ -79.49675, 43.61224 ], [ -79.49186, 43.61329 ], [ -79.49027, 43.60967 ], [ -79.49013, 43.61047 ], [ -79.48962, 43.61322 ], [ -79.48622, 43.61928 ], [ -79.48307, 43.62064 ], [ -79.48188, 43.6221 ], [ -79.48542, 43.62286 ], [ -79.48695, 43.62394 ] ] ] } },
{ "type": "Feature", "properties": { "ct": "5350202.00", "nname": "Mimico-Queensway", "oldcity": "Etobicoke", "name": "0202.00", "ward": "03", "wardname": "Etobicoke-Lakeshore" }, "geometry": { "type": "Polygon", "coordinates": [ [ [ -79.49316, 43.60365 ], [ -79.49162, 43.60472 ], [ -79.49055, 43.60675 ], [ -79.49027, 43.60967 ], [ -79.49186, 43.61329 ], [ -79.49675, 43.61224 ], [ -79.49316, 43.60365 ] ] ] } },
{ "type": "Feature", "properties": { "ct": "5350203.00", "nname": "Mimico-Queensway", "oldcity": "Etobicoke", "name": "0203.00", "ward": "03", "wardname": "Etobicoke-Lakeshore" }, "geometry": { "type": "Polygon", "coordinates": [ [ [ -79.49248, 43.60265 ], [ -79.49316, 43.60365 ], [ -79.49675, 43.61224 ], [ -79.49818, 43.61581 ], [ -79.50261, 43.61327 ], [ -79.5016, 43.61137 ], [ -79.49795, 43.60237 ], [ -79.4969, 43.60117 ], [ -79.49464, 43.60225 ], [ -79.49248, 43.60265 ] ] ] } },
{ "type": "Feature", "properties": { "ct": "5350204.00", "nname": "New Toronto", "oldcity": "Etobicoke", "name": "0204.00", "ward": "03", "wardname": "Etobicoke-Lakeshore" }, "geometry": { "type": "Polygon", "coordinates": [ [ [ -79.51002, 43.59382 ], [ -79.50332, 43.59431 ], [ -79.50105, 43.59488 ], [ -79.49957, 43.59757 ], [ -79.49785, 43.59854 ], [ -79.49818, 43.59981 ], [ -79.4969, 43.60117 ], [ -79.49795, 43.60237 ], [ -79.51291, 43.59909 ], [ -79.51135, 43.5969 ], [ -79.51002, 43.59382 ] ] ] } },
{ "type": "Feature", "properties": { "ct": "5350205.00", "nname": "New Toronto", "oldcity": "Etobicoke", "name": "0205.00", "ward": "03", "wardname": "Etobicoke-Lakeshore" }, "geometry": { "type": "Polygon", "coordinates": [ [ [ -79.51002, 43.59382 ], [ -79.51135, 43.5969 ], [ -79.51291, 43.59909 ], [ -79.52172, 43.59713 ], [ -79.51895, 43.59064 ], [ -79.51538, 43.59014 ], [ -79.51092, 43.59118 ], [ -79.51002, 43.59382 ] ] ] } },
{ "type": "Feature", "properties": { "ct": "5350207.00", "nname": "New Toronto", "oldcity": "Etobicoke", "name": "0207.00", "ward": "03", "wardname": "Etobicoke-Lakeshore" }, "geometry": { "type": "Polygon", "coordinates": [ [ [ -79.51291, 43.59909 ], [ -79.51391, 43.60159 ], [ -79.51282, 43.60184 ], [ -79.51522, 43.60701 ], [ -79.5264, 43.60144 ], [ -79.5242, 43.60114 ], [ -79.52249, 43.59696 ], [ -79.52172, 43.59713 ], [ -79.51291, 43.59909 ] ] ] } },
{ "type": "Feature", "properties": { "ct": "5350208.00", "nname": "New Toronto", "oldcity": "Etobicoke", "name": "0208.00", "ward": "03", "wardname": "Etobicoke-Lakeshore" }, "geometry": { "type": "Polygon", "coordinates": [ [ [ -79.51291, 43.59909 ], [ -79.49795, 43.60237 ], [ -79.5016, 43.61137 ], [ -79.50261, 43.61327 ], [ -79.51522, 43.60701 ], [ -79.51282, 43.60184 ], [ -79.51391, 43.60159 ], [ -79.51291, 43.59909 ] ] ] } },
{ "type": "Feature", "properties": { "ct": "5350209.00", "nname": "Mimico-Queensway", "oldcity": "Etobicoke", "name": "0209.00", "ward": "03", "wardname": "Etobicoke-Lakeshore" }, "geometry": { "type": "Polygon", "coordinates": [ [ [ -79.49818, 43.61581 ], [ -79.49499, 43.61787 ], [ -79.48695, 43.62394 ], [ -79.48664, 43.62457 ], [ -79.49253, 43.62336 ], [ -79.4922, 43.62254 ], [ -79.50028, 43.62074 ], [ -79.50038, 43.62102 ], [ -79.50675, 43.61961 ], [ -79.50525, 43.61707 ], [ -79.50414, 43.61731 ], [ -79.50261, 43.61327 ], [ -79.49818, 43.61581 ] ] ] } },
{ "type": "Feature", "properties": { "ct": "5350211.00", "nname": "Alderwood", "oldcity": "Etobicoke", "name": "0211.00", "ward": "03", "wardname": "Etobicoke-Lakeshore" }, "geometry": { "type": "Polygon", "coordinates": [ [ [ -79.54169, 43.59377 ], [ -79.53261, 43.59829 ], [ -79.52779, 43.60075 ], [ -79.52645, 43.60153 ], [ -79.52508, 43.60352 ], [ -79.52503, 43.6047 ], [ -79.53021, 43.61716 ], [ -79.53867, 43.61549 ], [ -79.54675, 43.61438 ], [ -79.54874, 43.61382 ], [ -79.54883, 43.61126 ], [ -79.54831, 43.60901 ], [ -79.54169, 43.59377 ] ] ] } },
{ "type": "Feature", "properties": { "ct": "5350212.00", "nname": "Alderwood", "oldcity": "Etobicoke", "name": "0212.00", "ward": "03", "wardname": "Etobicoke-Lakeshore" }, "geometry": { "type": "Polygon", "coordinates": [ [ [ -79.54169, 43.59377 ], [ -79.54831, 43.60901 ], [ -79.54883, 43.61126 ], [ -79.54874, 43.61382 ], [ -79.55213, 43.61192 ], [ -79.55981, 43.60503 ], [ -79.5583, 43.60367 ], [ -79.55638, 43.60264 ], [ -79.55583, 43.59973 ], [ -79.55421, 43.59915 ], [ -79.55351, 43.59812 ], [ -79.55379, 43.59586 ], [ -79.55285, 43.59544 ], [ -79.54903, 43.59524 ], [ -79.54878, 43.59335 ], [ -79.54962, 43.59214 ], [ -79.5486, 43.59019 ], [ -79.54169, 43.59377 ] ] ] } },
{ "type": "Feature", "properties": { "ct": "5350214.00", "nname": "Etobicoke City Centre", "oldcity": "Etobicoke", "name": "0214.00", "ward": "03", "wardname": "Etobicoke-Lakeshore" }, "geometry": { "type": "Polygon", "coordinates": [ [ [ -79.52563, 43.61803 ], [ -79.51304, 43.62052 ], [ -79.51497, 43.6241 ], [ -79.51775, 43.63088 ], [ -79.52336, 43.64467 ], [ -79.53273, 43.64256 ], [ -79.53522, 43.64146 ], [ -79.53298, 43.63582 ], [ -79.52884, 43.62631 ], [ -79.52827, 43.62446 ], [ -79.52606, 43.61969 ], [ -79.52563, 43.61803 ] ] ] } },
{ "type": "Feature", "properties": { "ct": "5350215.00", "nname": "Stonegate-Queensway", "oldcity": "Etobicoke", "name": "0215.00", "ward": "03", "wardname": "Etobicoke-Lakeshore" }, "geometry": { "type": "Polygon", "coordinates": [ [ [ -79.48426, 43.63038 ], [ -79.49283, 43.62848 ], [ -79.49384, 43.63066 ], [ -79.49608, 43.63154 ], [ -79.49789, 43.63093 ], [ -79.49911, 43.63164 ], [ -79.49921, 43.63382 ], [ -79.5019, 43.63352 ], [ -79.50329, 43.63454 ], [ -79.50326, 43.63597 ], [ -79.50517, 43.63592 ], [ -79.50548, 43.63806 ], [ -79.50777, 43.63833 ], [ -79.50825, 43.63939 ], [ -79.50781, 43.64093 ], [ -79.50892, 43.64134 ], [ -79.5085, 43.63896 ], [ -79.50704, 43.63695 ], [ -79.50529, 43.63272 ], [ -79.50717, 43.63231 ], [ -79.50889, 43.63269 ], [ -79.51775, 43.63088 ], [ -79.51497, 43.6241 ], [ -79.51304, 43.62052 ], [ -79.50102, 43.62294 ], [ -79.49318, 43.62481 ], [ -79.48224, 43.62749 ], [ -79.47428, 43.63342 ], [ -79.47511, 43.63404 ], [ -79.47692, 43.63248 ], [ -79.48151, 43.63097 ], [ -79.48426, 43.63038 ] ] ] } },
{ "type": "Feature", "properties": { "ct": "5350216.00", "nname": "Stonegate-Queensway", "oldcity": "Etobicoke", "name": "0216.00", "ward": "03", "wardname": "Etobicoke-Lakeshore" }, "geometry": { "type": "Polygon", "coordinates": [ [ [ -79.48426, 43.63038 ], [ -79.48549, 43.63326 ], [ -79.4917, 43.63219 ], [ -79.49511, 43.64003 ], [ -79.49319, 43.6407 ], [ -79.4942, 43.64196 ], [ -79.49393, 43.64365 ], [ -79.49443, 43.64486 ], [ -79.49203, 43.64526 ], [ -79.49276, 43.64734 ], [ -79.49184, 43.64843 ], [ -79.49543, 43.64961 ], [ -79.49921, 43.65007 ], [ -79.50545, 43.64869 ], [ -79.50274, 43.64225 ], [ -79.50728, 43.64125 ], [ -79.50623, 43.63974 ], [ -79.50777, 43.63833 ], [ -79.50548, 43.63806 ], [ -79.50517, 43.63592 ], [ -79.50326, 43.63597 ], [ -79.50329, 43.63454 ], [ -79.5019, 43.63352 ], [ -79.49921, 43.63382 ], [ -79.49911, 43.63164 ], [ -79.49789, 43.63093 ], [ -79.49608, 43.63154 ], [ -79.49384, 43.63066 ], [ -79.49283, 43.62848 ], [ -79.48426, 43.63038 ] ] ] } },
{ "type": "Feature", "properties": { "ct": "5350217.00", "nname": "Stonegate-Queensway", "oldcity": "Etobicoke", "name": "0217.00", "ward": "03", "wardname": "Etobicoke-Lakeshore" }, "geometry": { "type": "Polygon", "coordinates": [ [ [ -79.47511, 43.63404 ], [ -79.47734, 43.63791 ], [ -79.47839, 43.63832 ], [ -79.48227, 43.638 ], [ -79.48471, 43.63841 ], [ -79.48502, 43.64178 ], [ -79.48579, 43.64217 ], [ -79.48894, 43.64127 ], [ -79.48988, 43.64151 ], [ -79.49058, 43.64335 ], [ -79.49203, 43.64526 ], [ -79.49443, 43.64486 ], [ -79.49393, 43.64365 ], [ -79.4942, 43.64196 ], [ -79.49319, 43.6407 ], [ -79.49511, 43.64003 ], [ -79.4917, 43.63219 ], [ -79.48549, 43.63326 ], [ -79.48426, 43.63038 ], [ -79.48151, 43.63097 ], [ -79.47692, 43.63248 ], [ -79.47511, 43.63404 ] ] ] } },
{ "type": "Feature", "properties": { "ct": "5350218.00", "nname": "Stonegate-Queensway", "oldcity": "Etobicoke", "name": "0218.00", "ward": "03", "wardname": "Etobicoke-Lakeshore" }, "geometry": { "type": "Polygon", "coordinates": [ [ [ -79.50777, 43.63833 ], [ -79.50623, 43.63974 ], [ -79.50728, 43.64125 ], [ -79.50274, 43.64225 ], [ -79.50545, 43.64869 ], [ -79.51138, 43.64742 ], [ -79.51704, 43.64611 ], [ -79.51482, 43.64385 ], [ -79.5148, 43.64187 ], [ -79.51094, 43.6405 ], [ -79.50892, 43.64134 ], [ -79.50781, 43.64093 ], [ -79.50825, 43.63939 ], [ -79.50777, 43.63833 ] ] ] } },
{ "type": "Feature", "properties": { "ct": "5350219.00", "nname": "Stonegate-Queensway", "oldcity": "Etobicoke", "name": "0219.00", "ward": "03", "wardname": "Etobicoke-Lakeshore" }, "geometry": { "type": "Polygon", "coordinates": [ [ [ -79.50892, 43.64134 ], [ -79.51094, 43.6405 ], [ -79.5148, 43.64187 ], [ -79.51482, 43.64385 ], [ -79.51704, 43.64611 ], [ -79.52336, 43.64467 ], [ -79.51775, 43.63088 ], [ -79.50889, 43.63269 ], [ -79.50717, 43.63231 ], [ -79.50529, 43.63272 ], [ -79.50704, 43.63695 ], [ -79.5085, 43.63896 ], [ -79.50892, 43.64134 ] ] ] } },
{ "type": "Feature", "properties": { "ct": "5350220.00", "nname": "Markland Wood", "oldcity": "Etobicoke", "name": "0220.00", "ward": "02", "wardname": "Etobicoke Centre" }, "geometry": { "type": "Polygon", "coordinates": [ [ [ -79.56381, 43.62702 ], [ -79.55682, 43.62867 ], [ -79.55962, 43.63636 ], [ -79.56365, 43.63531 ], [ -79.56961, 43.63391 ], [ -79.57372, 43.63267 ], [ -79.57748, 43.63096 ], [ -79.58162, 43.62802 ], [ -79.57994, 43.62696 ], [ -79.57686, 43.62623 ], [ -79.57504, 43.6254 ], [ -79.57011, 43.62696 ], [ -79.56848, 43.6267 ], [ -79.56707, 43.62817 ], [ -79.5641, 43.628 ], [ -79.56381, 43.62702 ] ] ] } },
{ "type": "Feature", "properties": { "ct": "5350224.00", "nname": "Princess-Rosethorn", "oldcity": "Etobicoke", "name": "0224.00", "ward": "02", "wardname": "Etobicoke Centre" }, "geometry": { "type": "Polygon", "coordinates": [ [ [ -79.52639, 43.65136 ], [ -79.53118, 43.66241 ], [ -79.54322, 43.65986 ], [ -79.54049, 43.6536 ], [ -79.54021, 43.65483 ], [ -79.53856, 43.65525 ], [ -79.53715, 43.65421 ], [ -79.53748, 43.65281 ], [ -79.53268, 43.65214 ], [ -79.53232, 43.65034 ], [ -79.52944, 43.65118 ], [ -79.52673, 43.651 ], [ -79.52639, 43.65136 ] ] ] } },
{ "type": "Feature", "properties": { "ct": "5350226.00", "nname": "Kingsway South", "oldcity": "Etobicoke", "name": "0226.00", "ward": "03", "wardname": "Etobicoke-Lakeshore" }, "geometry": { "type": "Polygon", "coordinates": [ [ [ -79.51138, 43.64742 ], [ -79.51618, 43.65805 ], [ -79.5163, 43.65831 ], [ -79.52188, 43.65626 ], [ -79.52639, 43.65136 ], [ -79.52673, 43.651 ], [ -79.52525, 43.65036 ], [ -79.52241, 43.64826 ], [ -79.51835, 43.64719 ], [ -79.51704, 43.64611 ], [ -79.51138, 43.64742 ] ] ] } },
{ "type": "Feature", "properties": { "ct": "5350227.00", "nname": "Kingsway South", "oldcity": "Etobicoke", "name": "0227.00", "ward": "03", "wardname": "Etobicoke-Lakeshore" }, "geometry": { "type": "Polygon", "coordinates": [ [ [ -79.50718, 43.65269 ], [ -79.51092, 43.65322 ], [ -79.51314, 43.65474 ], [ -79.51479, 43.65798 ], [ -79.51618, 43.65805 ], [ -79.51138, 43.64742 ], [ -79.50545, 43.64869 ], [ -79.49921, 43.65007 ], [ -79.50245, 43.65102 ], [ -79.50446, 43.6526 ], [ -79.50718, 43.65269 ] ] ] } },
{ "type": "Feature", "properties": { "ct": "5350228.00", "nname": "Kingsway South", "oldcity": "Etobicoke", "name": "0228.00", "ward": "03", "wardname": "Etobicoke-Lakeshore" }, "geometry": { "type": "Polygon", "coordinates": [ [ [ -79.49184, 43.64843 ], [ -79.49077, 43.64985 ], [ -79.49088, 43.65098 ], [ -79.49231, 43.6522 ], [ -79.49745, 43.652 ], [ -79.50148, 43.65241 ], [ -79.50294, 43.65357 ], [ -79.50256, 43.65515 ], [ -79.49948, 43.65783 ], [ -79.49953, 43.65901 ], [ -79.50187, 43.66027 ], [ -79.50556, 43.66279 ], [ -79.51045, 43.66063 ], [ -79.50718, 43.65269 ], [ -79.50446, 43.6526 ], [ -79.50245, 43.65102 ], [ -79.49921, 43.65007 ], [ -79.49543, 43.64961 ], [ -79.49184, 43.64843 ] ] ] } },
{ "type": "Feature", "properties": { "ct": "5350229.00", "nname": "Kingsway South", "oldcity": "Etobicoke", "name": "0229.00", "ward": "03", "wardname": "Etobicoke-Lakeshore" }, "geometry": { "type": "Polygon", "coordinates": [ [ [ -79.50718, 43.65269 ], [ -79.51045, 43.66063 ], [ -79.5163, 43.65831 ], [ -79.51618, 43.65805 ], [ -79.51479, 43.65798 ], [ -79.51314, 43.65474 ], [ -79.51092, 43.65322 ], [ -79.50718, 43.65269 ] ] ] } },
{ "type": "Feature", "properties": { "ct": "5350231.00", "nname": "Edenbridge-Humber Valley", "oldcity": "Etobicoke", "name": "0231.00", "ward": "02", "wardname": "Etobicoke Centre" }, "geometry": { "type": "Polygon", "coordinates": [ [ [ -79.52639, 43.65136 ], [ -79.52188, 43.65626 ], [ -79.5163, 43.65831 ], [ -79.52431, 43.67698 ], [ -79.5266, 43.68234 ], [ -79.53901, 43.67984 ], [ -79.53118, 43.66241 ], [ -79.52639, 43.65136 ] ] ] } },
{ "type": "Feature", "properties": { "ct": "5350232.00", "nname": "Princess-Rosethorn", "oldcity": "Etobicoke", "name": "0232.00", "ward": "02", "wardname": "Etobicoke Centre" }, "geometry": { "type": "Polygon", "coordinates": [ [ [ -79.54322, 43.65986 ], [ -79.53118, 43.66241 ], [ -79.53901, 43.67984 ], [ -79.5509, 43.6772 ], [ -79.54322, 43.65986 ] ] ] } },
{ "type": "Feature", "properties": { "ct": "5350233.00", "nname": "Princess-Rosethorn", "oldcity": "Etobicoke", "name": "0233.00", "ward": "02", "wardname": "Etobicoke Centre" }, "geometry": { "type": "Polygon", "coordinates": [ [ [ -79.54322, 43.65986 ], [ -79.5509, 43.6772 ], [ -79.56129, 43.6748 ], [ -79.5632, 43.67455 ], [ -79.55524, 43.65704 ], [ -79.54322, 43.65986 ] ] ] } },
{ "type": "Feature", "properties": { "ct": "5350234.00", "nname": "Eringate-Centennial-West Deane", "oldcity": "Etobicoke", "name": "0234.00", "ward": "02", "wardname": "Etobicoke Centre" }, "geometry": { "type": "Polygon", "coordinates": [ [ [ -79.56727, 43.65419 ], [ -79.55524, 43.65704 ], [ -79.5632, 43.67455 ], [ -79.56864, 43.67409 ], [ -79.57357, 43.67331 ], [ -79.57319, 43.67247 ], [ -79.57365, 43.66916 ], [ -79.57145, 43.66339 ], [ -79.56969, 43.65907 ], [ -79.56727, 43.65419 ] ] ] } },
{ "type": "Feature", "properties": { "ct": "5350239.00", "nname": "Kingsview Village-The Westway", "oldcity": "Etobicoke", "name": "0239.00", "ward": "01", "wardname": "Etobicoke North" }, "geometry": { "type": "Polygon", "coordinates": [ [ [ -79.53581, 43.70805 ], [ -79.53885, 43.70905 ], [ -79.53958, 43.71098 ], [ -79.53783, 43.71299 ], [ -79.55228, 43.7095 ], [ -79.54796, 43.69973 ], [ -79.54673, 43.69705 ], [ -79.54287, 43.68862 ], [ -79.54126, 43.68903 ], [ -79.5361, 43.69125 ], [ -79.53489, 43.69354 ], [ -79.53484, 43.69496 ], [ -79.53273, 43.69616 ], [ -79.53438, 43.70033 ], [ -79.53187, 43.70321 ], [ -79.53194, 43.70497 ], [ -79.53594, 43.70471 ], [ -79.53546, 43.70699 ], [ -79.53581, 43.70805 ] ] ] } },
{ "type": "Feature", "properties": { "ct": "5350241.00", "nname": "Humber Heights-Westmount", "oldcity": "Etobicoke", "name": "0241.00", "ward": "02", "wardname": "Etobicoke Centre" }, "geometry": { "type": "Polygon", "coordinates": [ [ [ -79.51507, 43.68994 ], [ -79.52002, 43.69536 ], [ -79.52648, 43.70099 ], [ -79.52641, 43.70177 ], [ -79.52874, 43.70266 ], [ -79.53044, 43.70443 ], [ -79.53194, 43.70497 ], [ -79.53187, 43.70321 ], [ -79.53438, 43.70033 ], [ -79.53273, 43.69616 ], [ -79.5314, 43.69314 ], [ -79.52783, 43.69242 ], [ -79.52526, 43.69297 ], [ -79.52456, 43.69177 ], [ -79.52268, 43.69148 ], [ -79.52125, 43.6902 ], [ -79.51917, 43.69055 ], [ -79.51584, 43.68977 ], [ -79.51507, 43.68994 ] ] ] } },
{ "type": "Feature", "properties": { "ct": "5350242.00", "nname": "Humber Heights-Westmount", "oldcity": "Etobicoke", "name": "0242.00", "ward": "02", "wardname": "Etobicoke Centre" }, "geometry": { "type": "Polygon", "coordinates": [ [ [ -79.52083, 43.69897 ], [ -79.52149, 43.69992 ], [ -79.52641, 43.70177 ], [ -79.52648, 43.70099 ], [ -79.52002, 43.69536 ], [ -79.51507, 43.68994 ], [ -79.5141, 43.68874 ], [ -79.51248, 43.68552 ], [ -79.50885, 43.68077 ], [ -79.50741, 43.67888 ], [ -79.50545, 43.68066 ], [ -79.50574, 43.6821 ], [ -79.50951, 43.68285 ], [ -79.51025, 43.68422 ], [ -79.5115, 43.68731 ], [ -79.51263, 43.68837 ], [ -79.51334, 43.69154 ], [ -79.51287, 43.6941 ], [ -79.51199, 43.69612 ], [ -79.51251, 43.69717 ], [ -79.51663, 43.69679 ], [ -79.51878, 43.6971 ], [ -79.52083, 43.69897 ] ] ] } },
{ "type": "Feature", "properties": { "ct": "5350245.00", "nname": "Rexdale-Kipling", "oldcity": "Etobicoke", "name": "0245.00", "ward": "01", "wardname": "Etobicoke North" }, "geometry": { "type": "Polygon", "coordinates": [ [ [ -79.5667, 43.71171 ], [ -79.56321, 43.71263 ], [ -79.55496, 43.71448 ], [ -79.55512, 43.7151 ], [ -79.55813, 43.72149 ], [ -79.56075, 43.72703 ], [ -79.56525, 43.72598 ], [ -79.56487, 43.72518 ], [ -79.57236, 43.72344 ], [ -79.5667, 43.71171 ] ] ] } },
{ "type": "Feature", "properties": { "ct": "5350246.00", "nname": "Rexdale-Kipling", "oldcity": "Etobicoke", "name": "0246.00", "ward": "01", "wardname": "Etobicoke North" }, "geometry": { "type": "Polygon", "coordinates": [ [ [ -79.56211, 43.73005 ], [ -79.56699, 43.73209 ], [ -79.56837, 43.73485 ], [ -79.57025, 43.73601 ], [ -79.57337, 43.73577 ], [ -79.57747, 43.73377 ], [ -79.57236, 43.72344 ], [ -79.56487, 43.72518 ], [ -79.56525, 43.72598 ], [ -79.56075, 43.72703 ], [ -79.56211, 43.73005 ] ] ] } },
{ "type": "Feature", "properties": { "ct": "5350261.00", "nname": "Victoria Village", "oldcity": "North York", "name": "0261.00", "ward": "16", "wardname": "Don Valley East" }, "geometry": { "type": "Polygon", "coordinates": [ [ [ -79.29915, 43.71638 ], [ -79.30258, 43.7248 ], [ -79.30554, 43.7249 ], [ -79.31349, 43.7261 ], [ -79.31768, 43.7263 ], [ -79.32234, 43.72525 ], [ -79.32345, 43.72212 ], [ -79.32685, 43.72113 ], [ -79.32573, 43.72036 ], [ -79.32415, 43.72068 ], [ -79.32262, 43.71987 ], [ -79.32394, 43.71829 ], [ -79.32292, 43.71645 ], [ -79.31944, 43.71568 ], [ -79.31198, 43.71727 ], [ -79.31111, 43.71547 ], [ -79.3048, 43.71685 ], [ -79.30536, 43.71506 ], [ -79.29915, 43.71638 ] ] ] } },
{ "type": "Feature", "properties": { "ct": "5350264.00", "nname": "Bridle Path-Sunnybrook-York Mills", "oldcity": "North York", "name": "0264.00", "ward": "15", "wardname": "Don Valley West" }, "geometry": { "type": "Polygon", "coordinates": [ [ [ -79.355, 43.72964 ], [ -79.35719, 43.72998 ], [ -79.35757, 43.7312 ], [ -79.35941, 43.73191 ], [ -79.35928, 43.7332 ], [ -79.36086, 43.73336 ], [ -79.3633, 43.73456 ], [ -79.36458, 43.73653 ], [ -79.36746, 43.73687 ], [ -79.36963, 43.73802 ], [ -79.37097, 43.73924 ], [ -79.37069, 43.74068 ], [ -79.37302, 43.74052 ], [ -79.37738, 43.74329 ], [ -79.37883, 43.74489 ], [ -79.37843, 43.74597 ], [ -79.38124, 43.7475 ], [ -79.38267, 43.74881 ], [ -79.38415, 43.74806 ], [ -79.3811, 43.732 ], [ -79.38144, 43.73027 ], [ -79.37997, 43.72895 ], [ -79.37867, 43.72957 ], [ -79.37754, 43.72896 ], [ -79.37589, 43.73037 ], [ -79.37374, 43.72863 ], [ -79.37058, 43.72664 ], [ -79.36845, 43.7271 ], [ -79.36655, 43.72671 ], [ -79.36468, 43.72441 ], [ -79.36475, 43.7221 ], [ -79.36307, 43.72008 ], [ -79.3616, 43.7198 ], [ -79.35367, 43.72107 ], [ -79.3536, 43.72038 ], [ -79.35185, 43.72224 ], [ -79.34992, 43.723 ], [ -79.3508, 43.72425 ], [ -79.35002, 43.72531 ], [ -79.35269, 43.72619 ], [ -79.355, 43.72964 ] ] ] } },
{ "type": "Feature", "properties": { "ct": "5350265.00", "nname": "Bridle Path-Sunnybrook-York Mills", "oldcity": "North York", "name": "0265.00", "ward": "15", "wardname": "Don Valley West" }, "geometry": { "type": "Polygon", "coordinates": [ [ [ -79.3616, 43.7198 ], [ -79.36307, 43.72008 ], [ -79.36475, 43.7221 ], [ -79.36468, 43.72441 ], [ -79.36655, 43.72671 ], [ -79.36845, 43.7271 ], [ -79.37058, 43.72664 ], [ -79.37374, 43.72863 ], [ -79.37589, 43.73037 ], [ -79.37754, 43.72896 ], [ -79.37867, 43.72957 ], [ -79.37997, 43.72895 ], [ -79.38144, 43.73027 ], [ -79.38188, 43.72749 ], [ -79.38605, 43.72842 ], [ -79.39007, 43.72768 ], [ -79.38965, 43.72463 ], [ -79.38844, 43.71905 ], [ -79.38638, 43.71368 ], [ -79.3857, 43.71136 ], [ -79.37749, 43.7131 ], [ -79.37808, 43.71672 ], [ -79.37183, 43.71796 ], [ -79.36895, 43.71834 ], [ -79.3658, 43.71924 ], [ -79.3616, 43.7198 ] ] ] } },
{ "type": "Feature", "properties": { "ct": "5350266.00", "nname": "Bridle Path-Sunnybrook-York Mills", "oldcity": "North York", "name": "0266.00", "ward": "15", "wardname": "Don Valley West" }, "geometry": { "type": "Polygon", "coordinates": [ [ [ -79.38144, 43.73027 ], [ -79.3811, 43.732 ], [ -79.38415, 43.74806 ], [ -79.39643, 43.74545 ], [ -79.40649, 43.74331 ], [ -79.40493, 43.73601 ], [ -79.40456, 43.73437 ], [ -79.39896, 43.73542 ], [ -79.39282, 43.73679 ], [ -79.39081, 43.731 ], [ -79.39007, 43.72768 ], [ -79.38605, 43.72842 ], [ -79.38188, 43.72749 ], [ -79.38144, 43.73027 ] ] ] } },
{ "type": "Feature", "properties": { "ct": "5350267.00", "nname": "Banbury-Don Mills", "oldcity": "North York", "name": "0267.00", "ward": "15", "wardname": "Don Valley West" }, "geometry": { "type": "Polygon", "coordinates": [ [ [ -79.35597, 43.73454 ], [ -79.35996, 43.75296 ], [ -79.36414, 43.75279 ], [ -79.38065, 43.74935 ], [ -79.38267, 43.74881 ], [ -79.38124, 43.7475 ], [ -79.37843, 43.74597 ], [ -79.37883, 43.74489 ], [ -79.37738, 43.74329 ], [ -79.37302, 43.74052 ], [ -79.37069, 43.74068 ], [ -79.37097, 43.73924 ], [ -79.36963, 43.73802 ], [ -79.36746, 43.73687 ], [ -79.36458, 43.73653 ], [ -79.3633, 43.73456 ], [ -79.36086, 43.73336 ], [ -79.35928, 43.7332 ], [ -79.35941, 43.73191 ], [ -79.35757, 43.7312 ], [ -79.35719, 43.72998 ], [ -79.355, 43.72964 ], [ -79.35597, 43.73454 ] ] ] } },
{ "type": "Feature", "properties": { "ct": "5350268.00", "nname": "Banbury-Don Mills", "oldcity": "North York", "name": "0268.00", "ward": "16", "wardname": "Don Valley East" }, "geometry": { "type": "Polygon", "coordinates": [ [ [ -79.33209, 43.74154 ], [ -79.33328, 43.7409 ], [ -79.33576, 43.74091 ], [ -79.33666, 43.74219 ], [ -79.33641, 43.74344 ], [ -79.33907, 43.74352 ], [ -79.34015, 43.74448 ], [ -79.33919, 43.7466 ], [ -79.34208, 43.74743 ], [ -79.3426, 43.75082 ], [ -79.34636, 43.75149 ], [ -79.34531, 43.75279 ], [ -79.34556, 43.75439 ], [ -79.34369, 43.75514 ], [ -79.34391, 43.7565 ], [ -79.35996, 43.75296 ], [ -79.35597, 43.73454 ], [ -79.34337, 43.73719 ], [ -79.33208, 43.7395 ], [ -79.33054, 43.73979 ], [ -79.33104, 43.74153 ], [ -79.33209, 43.74154 ] ] ] } },
{ "type": "Feature", "properties": { "ct": "5350275.00", "nname": "Bedford Park-Nortown", "oldcity": "North York", "name": "0275.00", "ward": "08", "wardname": "Eglinton-Lawrence" }, "geometry": { "type": "Polygon", "coordinates": [ [ [ -79.41689, 43.73294 ], [ -79.41632, 43.73348 ], [ -79.40493, 43.73601 ], [ -79.40649, 43.74331 ], [ -79.4081, 43.74979 ], [ -79.40838, 43.75361 ], [ -79.4114, 43.75168 ], [ -79.41475, 43.74947 ], [ -79.41831, 43.74569 ], [ -79.42311, 43.74257 ], [ -79.42247, 43.74182 ], [ -79.4203, 43.73702 ], [ -79.41941, 43.73239 ], [ -79.41689, 43.73294 ] ] ] } },
{ "type": "Feature", "properties": { "ct": "5350277.00", "nname": "Bedford Park-Nortown", "oldcity": "North York", "name": "0277.00", "ward": "08", "wardname": "Eglinton-Lawrence" }, "geometry": { "type": "Polygon", "coordinates": [ [ [ -79.42719, 43.70847 ], [ -79.41937, 43.71003 ], [ -79.42208, 43.71693 ], [ -79.41554, 43.71836 ], [ -79.41462, 43.71835 ], [ -79.4138, 43.71885 ], [ -79.4142, 43.72257 ], [ -79.42981, 43.71926 ], [ -79.42719, 43.70847 ] ] ] } },
{ "type": "Feature", "properties": { "ct": "5350278.00", "nname": "Englemount-Lawrence", "oldcity": "North York", "name": "0278.00", "ward": "08", "wardname": "Eglinton-Lawrence" }, "geometry": { "type": "Polygon", "coordinates": [ [ [ -79.43863, 43.70603 ], [ -79.43692, 43.70619 ], [ -79.42719, 43.70847 ], [ -79.42981, 43.71926 ], [ -79.43509, 43.71804 ], [ -79.44401, 43.71615 ], [ -79.44186, 43.71099 ], [ -79.43863, 43.70603 ] ] ] } },
{ "type": "Feature", "properties": { "ct": "5350280.00", "nname": "Brookhaven-Amesbury", "oldcity": "North York", "name": "0280.00", "ward": "05", "wardname": "York South-Weston" }, "geometry": { "type": "Polygon", "coordinates": [ [ [ -79.48646, 43.69528 ], [ -79.47554, 43.69769 ], [ -79.46709, 43.69973 ], [ -79.46848, 43.7047 ], [ -79.46977, 43.71087 ], [ -79.47661, 43.70933 ], [ -79.47805, 43.70866 ], [ -79.48766, 43.70638 ], [ -79.49399, 43.70498 ], [ -79.49272, 43.70391 ], [ -79.48989, 43.70249 ], [ -79.48828, 43.70073 ], [ -79.48761, 43.69733 ], [ -79.48646, 43.69528 ] ] ] } },
{ "type": "Feature", "properties": { "ct": "5350282.00", "nname": "Pelmo Park-Humberlea", "oldcity": "North York", "name": "0282.00", "ward": "05", "wardname": "York South-Weston" }, "geometry": { "type": "Polygon", "coordinates": [ [ [ -79.52509, 43.70584 ], [ -79.52263, 43.70589 ], [ -79.52371, 43.70755 ], [ -79.52084, 43.70804 ], [ -79.52028, 43.7068 ], [ -79.50578, 43.71021 ], [ -79.50782, 43.71776 ], [ -79.5247, 43.71591 ], [ -79.52964, 43.71491 ], [ -79.53783, 43.71299 ], [ -79.53958, 43.71098 ], [ -79.53885, 43.70905 ], [ -79.53581, 43.70805 ], [ -79.53077, 43.7093 ], [ -79.52976, 43.70771 ], [ -79.52848, 43.70684 ], [ -79.52509, 43.70584 ] ] ] } },
{ "type": "Feature", "properties": { "ct": "5350284.00", "nname": "Maple Leaf", "oldcity": "North York", "name": "0284.00", "ward": "05", "wardname": "York South-Weston" }, "geometry": { "type": "Polygon", "coordinates": [ [ [ -79.48766, 43.70638 ], [ -79.47805, 43.70866 ], [ -79.48121, 43.72276 ], [ -79.48983, 43.72062 ], [ -79.49248, 43.7201 ], [ -79.49137, 43.71703 ], [ -79.49015, 43.71236 ], [ -79.48952, 43.7099 ], [ -79.48766, 43.70638 ] ] ] } },
{ "type": "Feature", "properties": { "ct": "5350285.00", "nname": "Maple Leaf", "oldcity": "North York", "name": "0285.00", "ward": "05", "wardname": "York South-Weston" }, "geometry": { "type": "Polygon", "coordinates": [ [ [ -79.47805, 43.70866 ], [ -79.47661, 43.70933 ], [ -79.46977, 43.71087 ], [ -79.47254, 43.72488 ], [ -79.48121, 43.72276 ], [ -79.47805, 43.70866 ] ] ] } },
{ "type": "Feature", "properties": { "ct": "5350286.00", "nname": "Yorkdale-Glen Park", "oldcity": "North York", "name": "0286.00", "ward": "08", "wardname": "Eglinton-Lawrence" }, "geometry": { "type": "Polygon", "coordinates": [ [ [ -79.46977, 43.71087 ], [ -79.45474, 43.71409 ], [ -79.45243, 43.71433 ], [ -79.44401, 43.71615 ], [ -79.4469, 43.72367 ], [ -79.44797, 43.7268 ], [ -79.44854, 43.73009 ], [ -79.45788, 43.72807 ], [ -79.47254, 43.72488 ], [ -79.46977, 43.71087 ] ] ] } },
{ "type": "Feature", "properties": { "ct": "5350288.00", "nname": "Clanton Park", "oldcity": "North York", "name": "0288.00", "ward": "06", "wardname": "York Centre" }, "geometry": { "type": "Polygon", "coordinates": [ [ [ -79.4337, 43.73615 ], [ -79.43646, 43.74725 ], [ -79.44049, 43.74667 ], [ -79.44202, 43.74527 ], [ -79.45258, 43.74301 ], [ -79.4528, 43.74353 ], [ -79.45826, 43.74238 ], [ -79.45747, 43.74049 ], [ -79.45562, 43.73999 ], [ -79.45634, 43.73783 ], [ -79.4529, 43.73395 ], [ -79.45766, 43.73236 ], [ -79.45891, 43.73209 ], [ -79.45788, 43.72807 ], [ -79.44854, 43.73009 ], [ -79.44336, 43.7312 ], [ -79.43991, 43.73253 ], [ -79.4337, 43.73615 ] ] ] } },
{ "type": "Feature", "properties": { "ct": "5350289.00", "nname": "Downsview", "oldcity": "North York", "name": "0289.00", "ward": "06", "wardname": "York Centre" }, "geometry": { "type": "Polygon", "coordinates": [ [ [ -79.45766, 43.73236 ], [ -79.45799, 43.7343 ], [ -79.45958, 43.73462 ], [ -79.46349, 43.73822 ], [ -79.46469, 43.73866 ], [ -79.46822, 43.73791 ], [ -79.46771, 43.73613 ], [ -79.46891, 43.73586 ], [ -79.46958, 43.7338 ], [ -79.47412, 43.73275 ], [ -79.47339, 43.72916 ], [ -79.47254, 43.72488 ], [ -79.45788, 43.72807 ], [ -79.45891, 43.73209 ], [ -79.45766, 43.73236 ] ] ] } },
{ "type": "Feature", "properties": { "ct": "5350292.00", "nname": "Oakdale-Beverley Heights", "oldcity": "North York", "name": "0292.00", "ward": "07", "wardname": "Humber River-Black Creek" }, "geometry": { "type": "Polygon", "coordinates": [ [ [ -79.52964, 43.71491 ], [ -79.5247, 43.71591 ], [ -79.50782, 43.71776 ], [ -79.50864, 43.721 ], [ -79.5096, 43.7249 ], [ -79.51154, 43.73289 ], [ -79.51321, 43.73939 ], [ -79.52624, 43.73631 ], [ -79.53221, 43.73502 ], [ -79.5285, 43.72019 ], [ -79.52856, 43.71863 ], [ -79.52964, 43.71491 ] ] ] } },
{ "type": "Feature", "properties": { "ct": "5350293.00", "nname": "Pelmo Park-Humberlea", "oldcity": "North York", "name": "0293.00", "ward": "07", "wardname": "Humber River-Black Creek" }, "geometry": { "type": "Polygon", "coordinates": [ [ [ -79.52964, 43.71491 ], [ -79.52856, 43.71863 ], [ -79.5285, 43.72019 ], [ -79.53221, 43.73502 ], [ -79.54426, 43.73236 ], [ -79.54493, 43.73088 ], [ -79.54366, 43.73 ], [ -79.53884, 43.72907 ], [ -79.53854, 43.72658 ], [ -79.54135, 43.72579 ], [ -79.5407, 43.72251 ], [ -79.54264, 43.72063 ], [ -79.54348, 43.71917 ], [ -79.54393, 43.71735 ], [ -79.54268, 43.71674 ], [ -79.54053, 43.71665 ], [ -79.54072, 43.7153 ], [ -79.53819, 43.71469 ], [ -79.53783, 43.71299 ], [ -79.52964, 43.71491 ] ] ] } },
{ "type": "Feature", "properties": { "ct": "5350295.00", "nname": "Downsview", "oldcity": "North York", "name": "0295.00", "ward": "06", "wardname": "York Centre" }, "geometry": { "type": "Polygon", "coordinates": [ [ [ -79.48397, 43.73465 ], [ -79.48644, 43.74478 ], [ -79.49703, 43.74251 ], [ -79.49716, 43.74163 ], [ -79.4944, 43.73912 ], [ -79.49462, 43.73619 ], [ -79.49627, 43.73489 ], [ -79.49824, 43.73454 ], [ -79.49511, 43.7334 ], [ -79.49407, 43.73365 ], [ -79.49307, 43.73143 ], [ -79.48532, 43.73302 ], [ -79.48372, 43.73358 ], [ -79.48397, 43.73465 ] ] ] } },
{ "type": "Feature", "properties": { "ct": "5350296.00", "nname": "Downsview", "oldcity": "North York", "name": "0296.00", "ward": "06", "wardname": "York Centre" }, "geometry": { "type": "Polygon", "coordinates": [ [ [ -79.46276, 43.75045 ], [ -79.46535, 43.7504 ], [ -79.46965, 43.75403 ], [ -79.47308, 43.75542 ], [ -79.47493, 43.75551 ], [ -79.48029, 43.75441 ], [ -79.48225, 43.75344 ], [ -79.4829, 43.7524 ], [ -79.48263, 43.74786 ], [ -79.48375, 43.74553 ], [ -79.48644, 43.74478 ], [ -79.48397, 43.73465 ], [ -79.47918, 43.73521 ], [ -79.47772, 43.73224 ], [ -79.47412, 43.73275 ], [ -79.46958, 43.7338 ], [ -79.46891, 43.73586 ], [ -79.46771, 43.73613 ], [ -79.46822, 43.73791 ], [ -79.46469, 43.73866 ], [ -79.46349, 43.73822 ], [ -79.45958, 43.73462 ], [ -79.45799, 43.7343 ], [ -79.45766, 43.73236 ], [ -79.4529, 43.73395 ], [ -79.45634, 43.73783 ], [ -79.45562, 43.73999 ], [ -79.45747, 43.74049 ], [ -79.45826, 43.74238 ], [ -79.4528, 43.74353 ], [ -79.4549, 43.74871 ], [ -79.45822, 43.748 ], [ -79.45951, 43.75109 ], [ -79.46276, 43.75045 ] ] ] } },
{ "type": "Feature", "properties": { "ct": "5350298.00", "nname": "Lansing-Westgate", "oldcity": "North York", "name": "0298.00", "ward": "06", "wardname": "York Centre" }, "geometry": { "type": "Polygon", "coordinates": [ [ [ -79.4114, 43.75168 ], [ -79.41408, 43.75155 ], [ -79.41534, 43.752 ], [ -79.41616, 43.75066 ], [ -79.41765, 43.74981 ], [ -79.42046, 43.74932 ], [ -79.42243, 43.74968 ], [ -79.42384, 43.75168 ], [ -79.42822, 43.75429 ], [ -79.43002, 43.75728 ], [ -79.43847, 43.75546 ], [ -79.43646, 43.74725 ], [ -79.4337, 43.73615 ], [ -79.42311, 43.74257 ], [ -79.41831, 43.74569 ], [ -79.41475, 43.74947 ], [ -79.4114, 43.75168 ] ] ] } },
{ "type": "Feature", "properties": { "ct": "5350303.00", "nname": "Don Valley Village", "oldcity": "North York", "name": "0303.00", "ward": "17", "wardname": "Don Valley North" }, "geometry": { "type": "Polygon", "coordinates": [ [ [ -79.34158, 43.78659 ], [ -79.34471, 43.7864 ], [ -79.34767, 43.78771 ], [ -79.35017, 43.78798 ], [ -79.35302, 43.78735 ], [ -79.35348, 43.78499 ], [ -79.35191, 43.78119 ], [ -79.34873, 43.77909 ], [ -79.34703, 43.77511 ], [ -79.34371, 43.77584 ], [ -79.34164, 43.77622 ], [ -79.33964, 43.77604 ], [ -79.34076, 43.78286 ], [ -79.34158, 43.78659 ] ] ] } },
{ "type": "Feature", "properties": { "ct": "5350309.00", "nname": "Westminster-Branson", "oldcity": "North York", "name": "0309.00", "ward": "06", "wardname": "York Centre" }, "geometry": { "type": "Polygon", "coordinates": [ [ [ -79.44025, 43.7627 ], [ -79.443, 43.77386 ], [ -79.4453, 43.77352 ], [ -79.45607, 43.77125 ], [ -79.45531, 43.76933 ], [ -79.45265, 43.76959 ], [ -79.45205, 43.76883 ], [ -79.45019, 43.76855 ], [ -79.44584, 43.76674 ], [ -79.44532, 43.76444 ], [ -79.44383, 43.76359 ], [ -79.44231, 43.76151 ], [ -79.43998, 43.76157 ], [ -79.44025, 43.7627 ] ] ] } },
{ "type": "Feature", "properties": { "ct": "5350313.00", "nname": "Humbermede", "oldcity": "North York", "name": "0313.00", "ward": "07", "wardname": "Humber River-Black Creek" }, "geometry": { "type": "Polygon", "coordinates": [ [ [ -79.53221, 43.73502 ], [ -79.52624, 43.73631 ], [ -79.53057, 43.75458 ], [ -79.53774, 43.75305 ], [ -79.53914, 43.75156 ], [ -79.54079, 43.74831 ], [ -79.54226, 43.74599 ], [ -79.54641, 43.74095 ], [ -79.54626, 43.73994 ], [ -79.55012, 43.73768 ], [ -79.55053, 43.73659 ], [ -79.54931, 43.73545 ], [ -79.55053, 43.73468 ], [ -79.55044, 43.73352 ], [ -79.54882, 43.7329 ], [ -79.54719, 43.73172 ], [ -79.54537, 43.73153 ], [ -79.54426, 43.73236 ], [ -79.53221, 43.73502 ] ] ] } },
{ "type": "Feature", "properties": { "ct": "5350319.00", "nname": "Newtonbrook West", "oldcity": "North York", "name": "0319.00", "ward": "18", "wardname": "Willowdale" }, "geometry": { "type": "Polygon", "coordinates": [ [ [ -79.43654, 43.78289 ], [ -79.42412, 43.78564 ], [ -79.41734, 43.78707 ], [ -79.41879, 43.79296 ], [ -79.41901, 43.79381 ], [ -79.43349, 43.79063 ], [ -79.43331, 43.78974 ], [ -79.43893, 43.78849 ], [ -79.43654, 43.78289 ] ] ] } },
{ "type": "Feature", "properties": { "ct": "5350330.00", "nname": "Guildwood", "oldcity": "Scarborough", "name": "0330.00", "ward": "24", "wardname": "Scarborough-Guildwood" }, "geometry": { "type": "Polygon", "coordinates": [ [ [ -79.17061, 43.75561 ], [ -79.17179, 43.75679 ], [ -79.17516, 43.75791 ], [ -79.17714, 43.75901 ], [ -79.20194, 43.75422 ], [ -79.20162, 43.75312 ], [ -79.19643, 43.74059 ], [ -79.18863, 43.74685 ], [ -79.18185, 43.75023 ], [ -79.17926, 43.75208 ], [ -79.17486, 43.75411 ], [ -79.17061, 43.75561 ] ] ] } },
{ "type": "Feature", "properties": { "ct": "5350332.00", "nname": "Scarborough Village", "oldcity": "Scarborough", "name": "0332.00", "ward": "20", "wardname": "Scarborough Southwest" }, "geometry": { "type": "Polygon", "coordinates": [ [ [ -79.21289, 43.72855 ], [ -79.2189, 43.74318 ], [ -79.22089, 43.74782 ], [ -79.22463, 43.74455 ], [ -79.22894, 43.74142 ], [ -79.22836, 43.74114 ], [ -79.22462, 43.7322 ], [ -79.22543, 43.73147 ], [ -79.2246, 43.73038 ], [ -79.2181, 43.72789 ], [ -79.21469, 43.72749 ], [ -79.21362, 43.72691 ], [ -79.21289, 43.72855 ] ] ] } },
{ "type": "Feature", "properties": { "ct": "5350333.00", "nname": "Cliffcrest", "oldcity": "Scarborough", "name": "0333.00", "ward": "20", "wardname": "Scarborough Southwest" }, "geometry": { "type": "Polygon", "coordinates": [ [ [ -79.21362, 43.72691 ], [ -79.21469, 43.72749 ], [ -79.2181, 43.72789 ], [ -79.2246, 43.73038 ], [ -79.22543, 43.73147 ], [ -79.22462, 43.7322 ], [ -79.22836, 43.74114 ], [ -79.22894, 43.74142 ], [ -79.23707, 43.73632 ], [ -79.23248, 43.72528 ], [ -79.23342, 43.72447 ], [ -79.23274, 43.72397 ], [ -79.23118, 43.72032 ], [ -79.2278, 43.7144 ], [ -79.22795, 43.71397 ], [ -79.22507, 43.71086 ], [ -79.22579, 43.71172 ], [ -79.22607, 43.71389 ], [ -79.22367, 43.71801 ], [ -79.22206, 43.7199 ], [ -79.21833, 43.7224 ], [ -79.21531, 43.7263 ], [ -79.21362, 43.72691 ] ] ] } },
{ "type": "Feature", "properties": { "ct": "5350334.00", "nname": "Cliffcrest", "oldcity": "Scarborough", "name": "0334.00", "ward": "20", "wardname": "Scarborough Southwest" }, "geometry": { "type": "Polygon", "coordinates": [ [ [ -79.22507, 43.71086 ], [ -79.22795, 43.71397 ], [ -79.2278, 43.7144 ], [ -79.23118, 43.72032 ], [ -79.23274, 43.72397 ], [ -79.23342, 43.72447 ], [ -79.24516, 43.71417 ], [ -79.24822, 43.71125 ], [ -79.24741, 43.70922 ], [ -79.24676, 43.70769 ], [ -79.24743, 43.70716 ], [ -79.24673, 43.7049 ], [ -79.24532, 43.70425 ], [ -79.24392, 43.70064 ], [ -79.24316, 43.70184 ], [ -79.23734, 43.70507 ], [ -79.23677, 43.70419 ], [ -79.23828, 43.70259 ], [ -79.23696, 43.70201 ], [ -79.23589, 43.70442 ], [ -79.23359, 43.70577 ], [ -79.23203, 43.70482 ], [ -79.22926, 43.70559 ], [ -79.23346, 43.70762 ], [ -79.2331, 43.70922 ], [ -79.23117, 43.7106 ], [ -79.22955, 43.71251 ], [ -79.22651, 43.71222 ], [ -79.22507, 43.71086 ] ] ] } },
{ "type": "Feature", "properties": { "ct": "5350335.00", "nname": "Cliffcrest", "oldcity": "Scarborough", "name": "0335.00", "ward": "20", "wardname": "Scarborough Southwest" }, "geometry": { "type": "Polygon", "coordinates": [ [ [ -79.24822, 43.71125 ], [ -79.24516, 43.71417 ], [ -79.23342, 43.72447 ], [ -79.23248, 43.72528 ], [ -79.23707, 43.73632 ], [ -79.24299, 43.7326 ], [ -79.24547, 43.73057 ], [ -79.2477, 43.72791 ], [ -79.2522, 43.72104 ], [ -79.25414, 43.71818 ], [ -79.25125, 43.71884 ], [ -79.24851, 43.71195 ], [ -79.24822, 43.71125 ] ] ] } },
{ "type": "Feature", "properties": { "ct": "5350336.00", "nname": "Birchcliffe-Cliffside", "oldcity": "Scarborough", "name": "0336.00", "ward": "20", "wardname": "Scarborough Southwest" }, "geometry": { "type": "Polygon", "coordinates": [ [ [ -79.25386, 43.70211 ], [ -79.25501, 43.70274 ], [ -79.25403, 43.70441 ], [ -79.24964, 43.71167 ], [ -79.24851, 43.71195 ], [ -79.25125, 43.71884 ], [ -79.25414, 43.71818 ], [ -79.26558, 43.70089 ], [ -79.26793, 43.69766 ], [ -79.27085, 43.69496 ], [ -79.268, 43.69558 ], [ -79.25858, 43.69914 ], [ -79.25496, 43.70103 ], [ -79.25386, 43.70211 ] ] ] } },
{ "type": "Feature", "properties": { "ct": "5350338.00", "nname": "Birchcliffe-Cliffside", "oldcity": "Scarborough", "name": "0338.00", "ward": "20", "wardname": "Scarborough Southwest" }, "geometry": { "type": "Polygon", "coordinates": [ [ [ -79.25318, 43.69624 ], [ -79.25499, 43.7002 ], [ -79.25386, 43.70211 ], [ -79.25496, 43.70103 ], [ -79.25858, 43.69914 ], [ -79.268, 43.69558 ], [ -79.27085, 43.69496 ], [ -79.27325, 43.69344 ], [ -79.27657, 43.69065 ], [ -79.27438, 43.6854 ], [ -79.27202, 43.68702 ], [ -79.27047, 43.68392 ], [ -79.26951, 43.68433 ], [ -79.2689, 43.68214 ], [ -79.26732, 43.68384 ], [ -79.26363, 43.68675 ], [ -79.25945, 43.69157 ], [ -79.25569, 43.69502 ], [ -79.25318, 43.69624 ] ] ] } },
{ "type": "Feature", "properties": { "ct": "5350339.00", "nname": "Birchcliffe-Cliffside", "oldcity": "Scarborough", "name": "0339.00", "ward": "20", "wardname": "Scarborough Southwest" }, "geometry": { "type": "Polygon", "coordinates": [ [ [ -79.2689, 43.68214 ], [ -79.26951, 43.68433 ], [ -79.27047, 43.68392 ], [ -79.27202, 43.68702 ], [ -79.27438, 43.6854 ], [ -79.27657, 43.69065 ], [ -79.27325, 43.69344 ], [ -79.27782, 43.69151 ], [ -79.28752, 43.68922 ], [ -79.28406, 43.68081 ], [ -79.28096, 43.67402 ], [ -79.27983, 43.67108 ], [ -79.27688, 43.67328 ], [ -79.27655, 43.67404 ], [ -79.27336, 43.67736 ], [ -79.27278, 43.67843 ], [ -79.2689, 43.68214 ] ] ] } },
{ "type": "Feature", "properties": { "ct": "5350340.00", "nname": "Clairlea-Birchmount", "oldcity": "Scarborough", "name": "0340.00", "ward": "20", "wardname": "Scarborough Southwest" }, "geometry": { "type": "Polygon", "coordinates": [ [ [ -79.29095, 43.69765 ], [ -79.2887, 43.69859 ], [ -79.28659, 43.69821 ], [ -79.28181, 43.69958 ], [ -79.28304, 43.70281 ], [ -79.28203, 43.70601 ], [ -79.28099, 43.70687 ], [ -79.28128, 43.70803 ], [ -79.28098, 43.71071 ], [ -79.28242, 43.71172 ], [ -79.29598, 43.70878 ], [ -79.29346, 43.70302 ], [ -79.29095, 43.69765 ] ] ] } },
{ "type": "Feature", "properties": { "ct": "5350342.00", "nname": "Clairlea-Birchmount", "oldcity": "Scarborough", "name": "0342.00", "ward": "20", "wardname": "Scarborough Southwest" }, "geometry": { "type": "Polygon", "coordinates": [ [ [ -79.26558, 43.70089 ], [ -79.27111, 43.71416 ], [ -79.28094, 43.71213 ], [ -79.27942, 43.70818 ], [ -79.27608, 43.7002 ], [ -79.27237, 43.70065 ], [ -79.26938, 43.70129 ], [ -79.26765, 43.6996 ], [ -79.26793, 43.69766 ], [ -79.26558, 43.70089 ] ] ] } },
{ "type": "Feature", "properties": { "ct": "5350343.00", "nname": "Clairlea-Birchmount", "oldcity": "Scarborough", "name": "0343.00", "ward": "20", "wardname": "Scarborough Southwest" }, "geometry": { "type": "Polygon", "coordinates": [ [ [ -79.26558, 43.70089 ], [ -79.25414, 43.71818 ], [ -79.26133, 43.71653 ], [ -79.27111, 43.71416 ], [ -79.26558, 43.70089 ] ] ] } },
{ "type": "Feature", "properties": { "ct": "5350345.00", "nname": "Kennedy Park", "oldcity": "Scarborough", "name": "0345.00", "ward": "20", "wardname": "Scarborough Southwest" }, "geometry": { "type": "Polygon", "coordinates": [ [ [ -79.25395, 43.72483 ], [ -79.25715, 43.7269 ], [ -79.26498, 43.72526 ], [ -79.26133, 43.71653 ], [ -79.25414, 43.71818 ], [ -79.2522, 43.72104 ], [ -79.25395, 43.72483 ] ] ] } },
{ "type": "Feature", "properties": { "ct": "5350347.00", "nname": "Clairlea-Birchmount", "oldcity": "Scarborough", "name": "0347.00", "ward": "20", "wardname": "Scarborough Southwest" }, "geometry": { "type": "Polygon", "coordinates": [ [ [ -79.28094, 43.71213 ], [ -79.27111, 43.71416 ], [ -79.27486, 43.72265 ], [ -79.2776, 43.729 ], [ -79.27787, 43.73006 ], [ -79.28764, 43.72794 ], [ -79.28094, 43.71213 ] ] ] } },
{ "type": "Feature", "properties": { "ct": "5350348.00", "nname": "Clairlea-Birchmount", "oldcity": "Scarborough", "name": "0348.00", "ward": "20", "wardname": "Scarborough Southwest" }, "geometry": { "type": "Polygon", "coordinates": [ [ [ -79.29598, 43.70878 ], [ -79.28242, 43.71172 ], [ -79.28094, 43.71213 ], [ -79.28764, 43.72794 ], [ -79.2975, 43.72574 ], [ -79.30258, 43.7248 ], [ -79.29915, 43.71638 ], [ -79.29598, 43.70878 ] ] ] } },
{ "type": "Feature", "properties": { "ct": "5350349.00", "nname": "Wexford/Maryvale", "oldcity": "Scarborough", "name": "0349.00", "ward": "21", "wardname": "Scarborough Centre" }, "geometry": { "type": "Polygon", "coordinates": [ [ [ -79.30258, 43.7248 ], [ -79.2975, 43.72574 ], [ -79.30464, 43.74324 ], [ -79.30978, 43.74215 ], [ -79.30845, 43.7388 ], [ -79.30258, 43.7248 ] ] ] } },
{ "type": "Feature", "properties": { "ct": "5350350.00", "nname": "Wexford/Maryvale", "oldcity": "Scarborough", "name": "0350.00", "ward": "21", "wardname": "Scarborough Centre" }, "geometry": { "type": "Polygon", "coordinates": [ [ [ -79.2975, 43.72574 ], [ -79.28764, 43.72794 ], [ -79.27787, 43.73006 ], [ -79.28151, 43.73934 ], [ -79.28483, 43.74752 ], [ -79.30464, 43.74324 ], [ -79.2975, 43.72574 ] ] ] } },
{ "type": "Feature", "properties": { "ct": "5350352.00", "nname": "Dorset Park", "oldcity": "Scarborough", "name": "0352.00", "ward": "21", "wardname": "Scarborough Centre" }, "geometry": { "type": "Polygon", "coordinates": [ [ [ -79.28151, 43.73934 ], [ -79.2725, 43.74328 ], [ -79.26828, 43.74592 ], [ -79.26398, 43.74858 ], [ -79.26509, 43.75164 ], [ -79.27496, 43.74959 ], [ -79.28483, 43.74752 ], [ -79.28151, 43.73934 ] ] ] } },
{ "type": "Feature", "properties": { "ct": "5350354.00", "nname": "Bendale South", "oldcity": "Scarborough", "name": "0354.00", "ward": "21", "wardname": "Scarborough Centre" }, "geometry": { "type": "Polygon", "coordinates": [ [ [ -79.23768, 43.75338 ], [ -79.23999, 43.75512 ], [ -79.24322, 43.756 ], [ -79.24541, 43.75555 ], [ -79.25536, 43.75353 ], [ -79.25099, 43.74301 ], [ -79.24837, 43.74468 ], [ -79.2446, 43.74575 ], [ -79.24139, 43.74529 ], [ -79.24019, 43.74597 ], [ -79.23963, 43.74859 ], [ -79.23792, 43.75118 ], [ -79.23768, 43.75338 ] ] ] } },
{ "type": "Feature", "properties": { "ct": "5350356.00", "nname": "Golfdale-Cedarbrae-Woburn", "oldcity": "Scarborough", "name": "0356.00", "ward": "24", "wardname": "Scarborough-Guildwood" }, "geometry": { "type": "Polygon", "coordinates": [ [ [ -79.22091, 43.74787 ], [ -79.22365, 43.75442 ], [ -79.22541, 43.7598 ], [ -79.24322, 43.756 ], [ -79.23999, 43.75512 ], [ -79.23768, 43.75338 ], [ -79.23385, 43.75318 ], [ -79.22894, 43.74142 ], [ -79.22463, 43.74455 ], [ -79.22089, 43.74782 ], [ -79.22091, 43.74787 ] ] ] } },
{ "type": "Feature", "properties": { "ct": "5350359.00", "nname": "West Hill", "oldcity": "Scarborough", "name": "0359.00", "ward": "24", "wardname": "Scarborough-Guildwood" }, "geometry": { "type": "Polygon", "coordinates": [ [ [ -79.17524, 43.78022 ], [ -79.1813, 43.78131 ], [ -79.18301, 43.78024 ], [ -79.18559, 43.78119 ], [ -79.1865, 43.77959 ], [ -79.19062, 43.77889 ], [ -79.19287, 43.7783 ], [ -79.19361, 43.77676 ], [ -79.19509, 43.77718 ], [ -79.19667, 43.77625 ], [ -79.19819, 43.77617 ], [ -79.19855, 43.77443 ], [ -79.19975, 43.7731 ], [ -79.1988, 43.77174 ], [ -79.20135, 43.76749 ], [ -79.20348, 43.7667 ], [ -79.20205, 43.76487 ], [ -79.18622, 43.76841 ], [ -79.17627, 43.77065 ], [ -79.17838, 43.77588 ], [ -79.18116, 43.77602 ], [ -79.17903, 43.77733 ], [ -79.17524, 43.78022 ] ] ] } },
{ "type": "Feature", "properties": { "ct": "5350360.00", "nname": "West Hill", "oldcity": "Scarborough", "name": "0360.00", "ward": "25", "wardname": "Scarborough-Rouge Park" }, "geometry": { "type": "Polygon", "coordinates": [ [ [ -79.14529, 43.76936 ], [ -79.14953, 43.77105 ], [ -79.15142, 43.77102 ], [ -79.15451, 43.77244 ], [ -79.1587, 43.77588 ], [ -79.16024, 43.77681 ], [ -79.16302, 43.77706 ], [ -79.16306, 43.77862 ], [ -79.1659, 43.77828 ], [ -79.16567, 43.77965 ], [ -79.16738, 43.7802 ], [ -79.16804, 43.7789 ], [ -79.16977, 43.77946 ], [ -79.17411, 43.77937 ], [ -79.17524, 43.78022 ], [ -79.17903, 43.77733 ], [ -79.18116, 43.77602 ], [ -79.17838, 43.77588 ], [ -79.17627, 43.77065 ], [ -79.17373, 43.76446 ], [ -79.17182, 43.76004 ], [ -79.17714, 43.75901 ], [ -79.17516, 43.75791 ], [ -79.17179, 43.75679 ], [ -79.17061, 43.75561 ], [ -79.16741, 43.75676 ], [ -79.15971, 43.75854 ], [ -79.15507, 43.75914 ], [ -79.15298, 43.75917 ], [ -79.15107, 43.7606 ], [ -79.14701, 43.76537 ], [ -79.14463, 43.76658 ], [ -79.14556, 43.76847 ], [ -79.14529, 43.76936 ] ] ] } },
{ "type": "Feature", "properties": { "ct": "5350365.00", "nname": "Golfdale-Cedarbrae-Woburn", "oldcity": "Scarborough", "name": "0365.00", "ward": "24", "wardname": "Scarborough-Guildwood" }, "geometry": { "type": "Polygon", "coordinates": [ [ [ -79.22541, 43.7598 ], [ -79.21583, 43.76185 ], [ -79.21605, 43.7634 ], [ -79.21868, 43.76981 ], [ -79.22221, 43.77856 ], [ -79.23175, 43.77644 ], [ -79.22966, 43.77091 ], [ -79.22551, 43.76039 ], [ -79.22541, 43.7598 ] ] ] } },
{ "type": "Feature", "properties": { "ct": "5350366.00", "nname": "Woburn North", "oldcity": "Scarborough", "name": "0366.00", "ward": "24", "wardname": "Scarborough-Guildwood" }, "geometry": { "type": "Polygon", "coordinates": [ [ [ -79.24541, 43.75555 ], [ -79.24322, 43.756 ], [ -79.22541, 43.7598 ], [ -79.22551, 43.76039 ], [ -79.22966, 43.77091 ], [ -79.23821, 43.76518 ], [ -79.24228, 43.76234 ], [ -79.24666, 43.75962 ], [ -79.24541, 43.75555 ] ] ] } },
{ "type": "Feature", "properties": { "ct": "5350369.00", "nname": "Bendale-Glen Andrew", "oldcity": "Scarborough", "name": "0369.00", "ward": "21", "wardname": "Scarborough Centre" }, "geometry": { "type": "Polygon", "coordinates": [ [ [ -79.26509, 43.75164 ], [ -79.26382, 43.75177 ], [ -79.25536, 43.75353 ], [ -79.25601, 43.75608 ], [ -79.26129, 43.76997 ], [ -79.26161, 43.77128 ], [ -79.26467, 43.77938 ], [ -79.27477, 43.7773 ], [ -79.27164, 43.76966 ], [ -79.27112, 43.76798 ], [ -79.27084, 43.76667 ], [ -79.26509, 43.75164 ] ] ] } },
{ "type": "Feature", "properties": { "ct": "5350371.00", "nname": "Wexford/Maryvale", "oldcity": "Scarborough", "name": "0371.00", "ward": "21", "wardname": "Scarborough Centre" }, "geometry": { "type": "Polygon", "coordinates": [ [ [ -79.30978, 43.74215 ], [ -79.30464, 43.74324 ], [ -79.28483, 43.74752 ], [ -79.28906, 43.7579 ], [ -79.29135, 43.76343 ], [ -79.29133, 43.76548 ], [ -79.29441, 43.77273 ], [ -79.30403, 43.77049 ], [ -79.30336, 43.76836 ], [ -79.30094, 43.76285 ], [ -79.30053, 43.7607 ], [ -79.30752, 43.75042 ], [ -79.31119, 43.7461 ], [ -79.30978, 43.74215 ] ] ] } },
{ "type": "Feature", "properties": { "ct": "5350372.00", "nname": "Wexford/Maryvale", "oldcity": "Scarborough", "name": "0372.00", "ward": "21", "wardname": "Scarborough Centre" }, "geometry": { "type": "Polygon", "coordinates": [ [ [ -79.30752, 43.75042 ], [ -79.30053, 43.7607 ], [ -79.30094, 43.76285 ], [ -79.30336, 43.76836 ], [ -79.30403, 43.77049 ], [ -79.31085, 43.76893 ], [ -79.31407, 43.76848 ], [ -79.31018, 43.75903 ], [ -79.31013, 43.75693 ], [ -79.30752, 43.75042 ] ] ] } },
{ "type": "Feature", "properties": { "ct": "5350373.00", "nname": "Wexford/Maryvale", "oldcity": "Scarborough", "name": "0373.00", "ward": "21", "wardname": "Scarborough Centre" }, "geometry": { "type": "Polygon", "coordinates": [ [ [ -79.31119, 43.7461 ], [ -79.30752, 43.75042 ], [ -79.31013, 43.75693 ], [ -79.31018, 43.75903 ], [ -79.31407, 43.76848 ], [ -79.31966, 43.76837 ], [ -79.31752, 43.76302 ], [ -79.31524, 43.75787 ], [ -79.31401, 43.75434 ], [ -79.31211, 43.74884 ], [ -79.31119, 43.7461 ] ] ] } },
{ "type": "Feature", "properties": { "ct": "5350012.01", "nname": "Harbourfront-CityPlace", "oldcity": "Toronto", "name": "0012.01", "ward": "10", "wardname": "Spadina-Fort York" }, "geometry": { "type": "Polygon", "coordinates": [ [ [ -79.39649, 43.63415 ], [ -79.39547, 43.6347 ], [ -79.39694, 43.63644 ], [ -79.39187, 43.63692 ], [ -79.39182, 43.63753 ], [ -79.39233, 43.63874 ], [ -79.39396, 43.64273 ], [ -79.40142, 43.64075 ], [ -79.40133, 43.64054 ], [ -79.39964, 43.63649 ], [ -79.39649, 43.63415 ] ] ] } },
{ "type": "Feature", "properties": { "ct": "5350034.01", "nname": "Downtown Yonge East", "oldcity": "Toronto", "name": "0034.01", "ward": "13", "wardname": "Toronto Centre" }, "geometry": { "type": "Polygon", "coordinates": [ [ [ -79.3821, 43.6591 ], [ -79.37589, 43.66045 ], [ -79.37671, 43.66242 ], [ -79.37936, 43.66188 ], [ -79.3831, 43.66138 ], [ -79.3821, 43.6591 ] ] ] } },
{ "type": "Feature", "properties": { "ct": "5350034.02", "nname": "Downtown Yonge East", "oldcity": "Toronto", "name": "0034.02", "ward": "13", "wardname": "Toronto Centre" }, "geometry": { "type": "Polygon", "coordinates": [ [ [ -79.37926, 43.65244 ], [ -79.37324, 43.65373 ], [ -79.37456, 43.65707 ], [ -79.37589, 43.66045 ], [ -79.3821, 43.6591 ], [ -79.37926, 43.65244 ] ] ] } },
{ "type": "Feature", "properties": { "ct": "5350299.01", "nname": "Lansing-Westgate", "oldcity": "North York", "name": "0299.01", "ward": "18", "wardname": "Willowdale" }, "geometry": { "type": "Polygon", "coordinates": [ [ [ -79.41055, 43.75995 ], [ -79.41214, 43.75962 ], [ -79.41315, 43.76103 ], [ -79.41537, 43.76634 ], [ -79.41612, 43.76809 ], [ -79.42556, 43.76598 ], [ -79.43793, 43.76308 ], [ -79.44025, 43.7627 ], [ -79.43998, 43.76157 ], [ -79.43892, 43.76147 ], [ -79.43743, 43.75901 ], [ -79.4355, 43.75904 ], [ -79.4332, 43.75723 ], [ -79.43002, 43.75728 ], [ -79.42822, 43.75429 ], [ -79.42384, 43.75168 ], [ -79.42243, 43.74968 ], [ -79.42046, 43.74932 ], [ -79.41765, 43.74981 ], [ -79.41616, 43.75066 ], [ -79.41534, 43.752 ], [ -79.41408, 43.75155 ], [ -79.4114, 43.75168 ], [ -79.40838, 43.75361 ], [ -79.41012, 43.75823 ], [ -79.41055, 43.75995 ] ] ] } },
{ "type": "Feature", "properties": { "ct": "5350299.02", "nname": "Lansing-Westgate", "oldcity": "North York", "name": "0299.02", "ward": "18", "wardname": "Willowdale" }, "geometry": { "type": "Polygon", "coordinates": [ [ [ -79.41093, 43.76151 ], [ -79.41224, 43.76669 ], [ -79.41537, 43.76634 ], [ -79.41315, 43.76103 ], [ -79.41214, 43.75962 ], [ -79.41055, 43.75995 ], [ -79.41093, 43.76151 ] ] ] } },
{ "type": "Feature", "properties": { "ct": "5350305.03", "nname": "Bayview Village", "oldcity": "North York", "name": "0305.03", "ward": "17", "wardname": "Don Valley North" }, "geometry": { "type": "Polygon", "coordinates": [ [ [ -79.37664, 43.7692 ], [ -79.37748, 43.77393 ], [ -79.37816, 43.7756 ], [ -79.3809, 43.77516 ], [ -79.38293, 43.77417 ], [ -79.38498, 43.77385 ], [ -79.38773, 43.77452 ], [ -79.38977, 43.77433 ], [ -79.38805, 43.76659 ], [ -79.38656, 43.76708 ], [ -79.37664, 43.7692 ] ] ] } },
{ "type": "Feature", "properties": { "ct": "5350307.03", "nname": "Yonge-Doris", "oldcity": "North York", "name": "0307.03", "ward": "18", "wardname": "Willowdale" }, "geometry": { "type": "Polygon", "coordinates": [ [ [ -79.41244, 43.76747 ], [ -79.41007, 43.76799 ], [ -79.41203, 43.77246 ], [ -79.41247, 43.7741 ], [ -79.41402, 43.77378 ], [ -79.41357, 43.77199 ], [ -79.41244, 43.76747 ] ] ] } },
{ "type": "Feature", "properties": { "ct": "5350307.04", "nname": "Yonge-Doris", "oldcity": "North York", "name": "0307.04", "ward": "18", "wardname": "Willowdale" }, "geometry": { "type": "Polygon", "coordinates": [ [ [ -79.41093, 43.76151 ], [ -79.40826, 43.7621 ], [ -79.40838, 43.7644 ], [ -79.41007, 43.76799 ], [ -79.41244, 43.76747 ], [ -79.41224, 43.76669 ], [ -79.41093, 43.76151 ] ] ] } },
{ "type": "Feature", "properties": { "ct": "5350307.05", "nname": "Yonge-Doris", "oldcity": "North York", "name": "0307.05", "ward": "18", "wardname": "Willowdale" }, "geometry": { "type": "Polygon", "coordinates": [ [ [ -79.41475, 43.77659 ], [ -79.41105, 43.7774 ], [ -79.41231, 43.78048 ], [ -79.41557, 43.77977 ], [ -79.41475, 43.77659 ] ] ] } },
{ "type": "Feature", "properties": { "ct": "5350307.06", "nname": "Yonge-Doris", "oldcity": "North York", "name": "0307.06", "ward": "18", "wardname": "Willowdale" }, "geometry": { "type": "Polygon", "coordinates": [ [ [ -79.41402, 43.77378 ], [ -79.41247, 43.7741 ], [ -79.40989, 43.77468 ], [ -79.41105, 43.7774 ], [ -79.41475, 43.77659 ], [ -79.41402, 43.77378 ] ] ] } },
{ "type": "Feature", "properties": { "ct": "5350307.07", "nname": "East Willowdale", "oldcity": "North York", "name": "0307.07", "ward": "18", "wardname": "Willowdale" }, "geometry": { "type": "Polygon", "coordinates": [ [ [ -79.40716, 43.76233 ], [ -79.39968, 43.764 ], [ -79.40355, 43.77315 ], [ -79.4071, 43.78163 ], [ -79.41231, 43.78048 ], [ -79.41105, 43.7774 ], [ -79.40989, 43.77468 ], [ -79.41247, 43.7741 ], [ -79.41203, 43.77246 ], [ -79.41007, 43.76799 ], [ -79.40838, 43.7644 ], [ -79.40826, 43.7621 ], [ -79.40716, 43.76233 ] ] ] } },
{ "type": "Feature", "properties": { "ct": "5350368.01", "nname": "Bendale-Glen Andrew", "oldcity": "Scarborough", "name": "0368.01", "ward": "21", "wardname": "Scarborough Centre" }, "geometry": { "type": "Polygon", "coordinates": [ [ [ -79.26129, 43.76997 ], [ -79.25147, 43.77209 ], [ -79.252, 43.77436 ], [ -79.25371, 43.77902 ], [ -79.2548, 43.78126 ], [ -79.26467, 43.77938 ], [ -79.26161, 43.77128 ], [ -79.26129, 43.76997 ] ] ] } },
{ "type": "Feature", "properties": { "ct": "5350368.02", "nname": "Bendale-Glen Andrew", "oldcity": "Scarborough", "name": "0368.02", "ward": "21", "wardname": "Scarborough Centre" }, "geometry": { "type": "Polygon", "coordinates": [ [ [ -79.25536, 43.75353 ], [ -79.24541, 43.75555 ], [ -79.24666, 43.75962 ], [ -79.25147, 43.77209 ], [ -79.26129, 43.76997 ], [ -79.25601, 43.75608 ], [ -79.25536, 43.75353 ] ] ] } },
{ "type": "Feature", "properties": { "ct": "5350013.01", "nname": "St Lawrence-East Bayfront-The Islands", "oldcity": "Toronto", "name": "0013.01", "ward": "10", "wardname": "Spadina-Fort York" }, "geometry": { "type": "Polygon", "coordinates": [ [ [ -79.38095, 43.64169 ], [ -79.37485, 43.64472 ], [ -79.36995, 43.64584 ], [ -79.37145, 43.64945 ], [ -79.37696, 43.64688 ], [ -79.37846, 43.6461 ], [ -79.38246, 43.6453 ], [ -79.38095, 43.64169 ] ] ] } },
{ "type": "Feature", "properties": { "ct": "5350013.02", "nname": "St Lawrence-East Bayfront-The Islands", "oldcity": "Toronto", "name": "0013.02", "ward": "10", "wardname": "Spadina-Fort York" }, "geometry": { "type": "Polygon", "coordinates": [ [ [ -79.37997, 43.63964 ], [ -79.37716, 43.639 ], [ -79.36828, 43.6423 ], [ -79.3685, 43.64379 ], [ -79.36995, 43.64584 ], [ -79.37485, 43.64472 ], [ -79.38095, 43.64169 ], [ -79.37997, 43.63964 ] ] ] } },
{ "type": "Feature", "properties": { "ct": "5350012.03", "nname": "Harbourfront-CityPlace", "oldcity": "Toronto", "name": "0012.03", "ward": "10", "wardname": "Spadina-Fort York" }, "geometry": { "type": "Polygon", "coordinates": [ [ [ -79.39233, 43.63874 ], [ -79.38446, 43.64025 ], [ -79.38095, 43.64169 ], [ -79.38246, 43.6453 ], [ -79.38502, 43.64477 ], [ -79.39396, 43.64273 ], [ -79.39233, 43.63874 ] ] ] } },
{ "type": "Feature", "properties": { "ct": "5350012.04", "nname": "Harbourfront-CityPlace", "oldcity": "Toronto", "name": "0012.04", "ward": "10", "wardname": "Spadina-Fort York" }, "geometry": { "type": "Polygon", "coordinates": [ [ [ -79.37997, 43.63964 ], [ -79.38095, 43.64169 ], [ -79.38446, 43.64025 ], [ -79.39233, 43.63874 ], [ -79.39182, 43.63753 ], [ -79.39104, 43.63699 ], [ -79.3796, 43.63808 ], [ -79.37997, 43.63964 ] ] ] } },
{ "type": "Feature", "properties": { "ct": "5350376.15", "nname": "Tam O'Shanter-Sullivan", "oldcity": "Scarborough", "name": "0376.15", "ward": "22", "wardname": "Scarborough-Agincourt" }, "geometry": { "type": "Polygon", "coordinates": [ [ [ -79.28946, 43.78576 ], [ -79.2917, 43.7911 ], [ -79.28684, 43.79216 ], [ -79.28853, 43.79608 ], [ -79.29556, 43.79458 ], [ -79.29809, 43.79152 ], [ -79.30229, 43.79044 ], [ -79.29934, 43.7836 ], [ -79.29458, 43.7847 ], [ -79.29361, 43.78565 ], [ -79.29141, 43.78614 ], [ -79.28946, 43.78576 ] ] ] } },
{ "type": "Feature", "properties": { "ct": "5350376.16", "nname": "Tam O'Shanter-Sullivan", "oldcity": "Scarborough", "name": "0376.16", "ward": "22", "wardname": "Scarborough-Agincourt" }, "geometry": { "type": "Polygon", "coordinates": [ [ [ -79.28946, 43.78576 ], [ -79.29141, 43.78614 ], [ -79.29361, 43.78565 ], [ -79.29458, 43.7847 ], [ -79.29934, 43.7836 ], [ -79.2981, 43.78106 ], [ -79.28825, 43.78329 ], [ -79.28946, 43.78576 ] ] ] } },
{ "type": "Feature", "properties": { "ct": "5350237.01", "nname": "Willowridge-Martingrove-Richview", "oldcity": "Etobicoke", "name": "0237.01", "ward": "01", "wardname": "Etobicoke North" }, "geometry": { "type": "Polygon", "coordinates": [ [ [ -79.57357, 43.67331 ], [ -79.56864, 43.67409 ], [ -79.5632, 43.67455 ], [ -79.56716, 43.68334 ], [ -79.57, 43.68981 ], [ -79.56629, 43.69253 ], [ -79.56953, 43.69176 ], [ -79.57441, 43.68351 ], [ -79.5776, 43.67735 ], [ -79.57357, 43.67331 ] ] ] } },
{ "type": "Feature", "properties": { "ct": "5350237.02", "nname": "Willowridge-Martingrove-Richview", "oldcity": "Etobicoke", "name": "0237.02", "ward": "02", "wardname": "Etobicoke Centre" }, "geometry": { "type": "Polygon", "coordinates": [ [ [ -79.56716, 43.68334 ], [ -79.55879, 43.68525 ], [ -79.5547, 43.68563 ], [ -79.55864, 43.69425 ], [ -79.56629, 43.69253 ], [ -79.57, 43.68981 ], [ -79.56716, 43.68334 ] ] ] } },
{ "type": "Feature", "properties": { "ct": "5350237.03", "nname": "Willowridge-Martingrove-Richview", "oldcity": "Etobicoke", "name": "0237.03", "ward": "02", "wardname": "Etobicoke Centre" }, "geometry": { "type": "Polygon", "coordinates": [ [ [ -79.5632, 43.67455 ], [ -79.56129, 43.6748 ], [ -79.5509, 43.6772 ], [ -79.5547, 43.68563 ], [ -79.55879, 43.68525 ], [ -79.56716, 43.68334 ], [ -79.5632, 43.67455 ] ] ] } },
{ "type": "Feature", "properties": { "ct": "5350249.01", "nname": "Mount Olive-Silverstone-Jamestown", "oldcity": "Etobicoke", "name": "0249.01", "ward": "01", "wardname": "Etobicoke North" }, "geometry": { "type": "Polygon", "coordinates": [ [ [ -79.59859, 43.7509 ], [ -79.5952, 43.75236 ], [ -79.59082, 43.75275 ], [ -79.58709, 43.75362 ], [ -79.59041, 43.76078 ], [ -79.60337, 43.75786 ], [ -79.60047, 43.75466 ], [ -79.59859, 43.7509 ] ] ] } },
{ "type": "Feature", "properties": { "ct": "5350260.01", "nname": "Flemingdon Park", "oldcity": "North York", "name": "0260.01", "ward": "16", "wardname": "Don Valley East" }, "geometry": { "type": "Polygon", "coordinates": [ [ [ -79.31944, 43.71568 ], [ -79.32292, 43.71645 ], [ -79.32505, 43.71491 ], [ -79.3313, 43.71319 ], [ -79.33541, 43.7125 ], [ -79.34024, 43.71133 ], [ -79.34005, 43.71101 ], [ -79.3382, 43.70951 ], [ -79.33791, 43.70772 ], [ -79.33395, 43.70889 ], [ -79.32901, 43.70967 ], [ -79.31989, 43.71168 ], [ -79.3193, 43.71271 ], [ -79.31944, 43.71568 ] ] ] } },
{ "type": "Feature", "properties": { "ct": "5350301.01", "nname": "Henry Farm", "oldcity": "North York", "name": "0301.01", "ward": "17", "wardname": "Don Valley North" }, "geometry": { "type": "Polygon", "coordinates": [ [ [ -79.35965, 43.76649 ], [ -79.34677, 43.76714 ], [ -79.34652, 43.76957 ], [ -79.34631, 43.77259 ], [ -79.34703, 43.77511 ], [ -79.35332, 43.77373 ], [ -79.36107, 43.77203 ], [ -79.36413, 43.77165 ], [ -79.36091, 43.76956 ], [ -79.36082, 43.76822 ], [ -79.35965, 43.76649 ] ] ] } },
{ "type": "Feature", "properties": { "ct": "5350304.01", "nname": "Don Valley Village", "oldcity": "North York", "name": "0304.01", "ward": "17", "wardname": "Don Valley North" }, "geometry": { "type": "Polygon", "coordinates": [ [ [ -79.35387, 43.77937 ], [ -79.35132, 43.77884 ], [ -79.34873, 43.77909 ], [ -79.35191, 43.78119 ], [ -79.35348, 43.78499 ], [ -79.35302, 43.78735 ], [ -79.35546, 43.78672 ], [ -79.35734, 43.78575 ], [ -79.35668, 43.78433 ], [ -79.35531, 43.78306 ], [ -79.35523, 43.78156 ], [ -79.35387, 43.77937 ] ] ] } },
{ "type": "Feature", "properties": { "ct": "5350304.02", "nname": "Don Valley Village", "oldcity": "North York", "name": "0304.02", "ward": "17", "wardname": "Don Valley North" }, "geometry": { "type": "Polygon", "coordinates": [ [ [ -79.36413, 43.77165 ], [ -79.36107, 43.77203 ], [ -79.35332, 43.77373 ], [ -79.35388, 43.77527 ], [ -79.35283, 43.77718 ], [ -79.35387, 43.77937 ], [ -79.35523, 43.78156 ], [ -79.35531, 43.78306 ], [ -79.35668, 43.78433 ], [ -79.35734, 43.78575 ], [ -79.36655, 43.78375 ], [ -79.36458, 43.77485 ], [ -79.36413, 43.77165 ] ] ] } },
{ "type": "Feature", "properties": { "ct": "5350304.03", "nname": "Bayview Village", "oldcity": "North York", "name": "0304.03", "ward": "17", "wardname": "Don Valley North" }, "geometry": { "type": "Polygon", "coordinates": [ [ [ -79.36413, 43.77165 ], [ -79.36458, 43.77485 ], [ -79.36655, 43.78375 ], [ -79.36806, 43.79001 ], [ -79.36951, 43.78999 ], [ -79.3759, 43.78859 ], [ -79.37809, 43.78543 ], [ -79.3764, 43.78325 ], [ -79.37766, 43.78204 ], [ -79.3758, 43.78126 ], [ -79.37346, 43.78244 ], [ -79.37229, 43.78145 ], [ -79.37046, 43.78126 ], [ -79.37031, 43.77919 ], [ -79.37087, 43.7783 ], [ -79.36736, 43.77494 ], [ -79.36603, 43.77489 ], [ -79.36641, 43.77339 ], [ -79.36413, 43.77165 ] ] ] } },
{ "type": "Feature", "properties": { "ct": "5350304.04", "nname": "Don Valley Village", "oldcity": "North York", "name": "0304.04", "ward": "17", "wardname": "Don Valley North" }, "geometry": { "type": "Polygon", "coordinates": [ [ [ -79.34703, 43.77511 ], [ -79.34873, 43.77909 ], [ -79.35132, 43.77884 ], [ -79.35387, 43.77937 ], [ -79.35283, 43.77718 ], [ -79.35388, 43.77527 ], [ -79.35332, 43.77373 ], [ -79.34703, 43.77511 ] ] ] } },
{ "type": "Feature", "properties": { "ct": "5350311.02", "nname": "York University Heights", "oldcity": "North York", "name": "0311.02", "ward": "07", "wardname": "Humber River-Black Creek" }, "geometry": { "type": "Polygon", "coordinates": [ [ [ -79.48816, 43.75202 ], [ -79.49105, 43.7635 ], [ -79.49429, 43.76234 ], [ -79.5, 43.76106 ], [ -79.49905, 43.75745 ], [ -79.50011, 43.7552 ], [ -79.4985, 43.75263 ], [ -79.49565, 43.75168 ], [ -79.49412, 43.75251 ], [ -79.49172, 43.75302 ], [ -79.48946, 43.75183 ], [ -79.48816, 43.75202 ] ] ] } },
{ "type": "Feature", "properties": { "ct": "5350311.03", "nname": "York University Heights", "oldcity": "North York", "name": "0311.03", "ward": "07", "wardname": "Humber River-Black Creek" }, "geometry": { "type": "Polygon", "coordinates": [ [ [ -79.49565, 43.75168 ], [ -79.4985, 43.75263 ], [ -79.50011, 43.7552 ], [ -79.49905, 43.75745 ], [ -79.5, 43.76106 ], [ -79.50481, 43.75999 ], [ -79.5042, 43.75798 ], [ -79.50619, 43.75713 ], [ -79.50789, 43.75409 ], [ -79.50969, 43.75379 ], [ -79.50958, 43.75119 ], [ -79.50478, 43.74914 ], [ -79.5029, 43.74934 ], [ -79.49754, 43.75054 ], [ -79.49565, 43.75168 ] ] ] } },
{ "type": "Feature", "properties": { "ct": "5350311.04", "nname": "York University Heights", "oldcity": "North York", "name": "0311.04", "ward": "06", "wardname": "York Centre" }, "geometry": { "type": "Polygon", "coordinates": [ [ [ -79.48816, 43.75202 ], [ -79.48946, 43.75183 ], [ -79.49172, 43.75302 ], [ -79.49412, 43.75251 ], [ -79.49565, 43.75168 ], [ -79.49754, 43.75054 ], [ -79.5029, 43.74934 ], [ -79.50478, 43.74914 ], [ -79.50175, 43.74709 ], [ -79.49796, 43.74601 ], [ -79.49792, 43.74418 ], [ -79.49703, 43.74251 ], [ -79.48644, 43.74478 ], [ -79.48816, 43.75202 ] ] ] } },
{ "type": "Feature", "properties": { "ct": "5350312.02", "nname": "Glenfield-Jane Heights", "oldcity": "North York", "name": "0312.02", "ward": "07", "wardname": "Humber River-Black Creek" }, "geometry": { "type": "Polygon", "coordinates": [ [ [ -79.50478, 43.74914 ], [ -79.50958, 43.75119 ], [ -79.50969, 43.75379 ], [ -79.50789, 43.75409 ], [ -79.50619, 43.75713 ], [ -79.5042, 43.75798 ], [ -79.50481, 43.75999 ], [ -79.50883, 43.75908 ], [ -79.51344, 43.75806 ], [ -79.51312, 43.75697 ], [ -79.51409, 43.7551 ], [ -79.5128, 43.75147 ], [ -79.51044, 43.74923 ], [ -79.50805, 43.74808 ], [ -79.50478, 43.74914 ] ] ] } },
{ "type": "Feature", "properties": { "ct": "5350312.03", "nname": "Glenfield-Jane Heights", "oldcity": "North York", "name": "0312.03", "ward": "07", "wardname": "Humber River-Black Creek" }, "geometry": { "type": "Polygon", "coordinates": [ [ [ -79.51568, 43.74915 ], [ -79.52641, 43.74674 ], [ -79.52706, 43.74949 ], [ -79.52633, 43.75121 ], [ -79.52658, 43.75263 ], [ -79.52443, 43.75398 ], [ -79.52431, 43.75599 ], [ -79.53057, 43.75458 ], [ -79.52624, 43.73631 ], [ -79.51321, 43.73939 ], [ -79.51512, 43.74709 ], [ -79.51568, 43.74915 ] ] ] } },
{ "type": "Feature", "properties": { "ct": "5350315.01", "nname": "Humber Summit", "oldcity": "North York", "name": "0315.01", "ward": "07", "wardname": "Humber River-Black Creek" }, "geometry": { "type": "Polygon", "coordinates": [ [ [ -79.56886, 43.75471 ], [ -79.56936, 43.75658 ], [ -79.57449, 43.76385 ], [ -79.57474, 43.76445 ], [ -79.58061, 43.76301 ], [ -79.57848, 43.76163 ], [ -79.58058, 43.76038 ], [ -79.58106, 43.75881 ], [ -79.5838, 43.75875 ], [ -79.58382, 43.75742 ], [ -79.58516, 43.75695 ], [ -79.58322, 43.75389 ], [ -79.58287, 43.75254 ], [ -79.57996, 43.75157 ], [ -79.57721, 43.75019 ], [ -79.57263, 43.74979 ], [ -79.5732, 43.74717 ], [ -79.56861, 43.74625 ], [ -79.56799, 43.75009 ], [ -79.56886, 43.75471 ] ] ] } },
{ "type": "Feature", "properties": { "ct": "5350315.02", "nname": "Humber Summit", "oldcity": "North York", "name": "0315.02", "ward": "07", "wardname": "Humber River-Black Creek" }, "geometry": { "type": "Polygon", "coordinates": [ [ [ -79.55763, 43.7488 ], [ -79.5582, 43.74991 ], [ -79.55989, 43.75093 ], [ -79.56408, 43.75103 ], [ -79.56515, 43.75343 ], [ -79.56654, 43.75517 ], [ -79.56886, 43.75471 ], [ -79.56799, 43.75009 ], [ -79.56861, 43.74625 ], [ -79.55763, 43.7488 ] ] ] } },
{ "type": "Feature", "properties": { "ct": "5350316.01", "nname": "Black Creek", "oldcity": "North York", "name": "0316.01", "ward": "07", "wardname": "Humber River-Black Creek" }, "geometry": { "type": "Polygon", "coordinates": [ [ [ -79.5207, 43.75673 ], [ -79.52157, 43.75871 ], [ -79.52064, 43.76039 ], [ -79.52144, 43.76229 ], [ -79.52092, 43.76475 ], [ -79.52145, 43.76628 ], [ -79.52276, 43.76778 ], [ -79.52338, 43.76953 ], [ -79.52257, 43.77075 ], [ -79.52285, 43.773 ], [ -79.52481, 43.77339 ], [ -79.52636, 43.77311 ], [ -79.52683, 43.7743 ], [ -79.53483, 43.7727 ], [ -79.53057, 43.75458 ], [ -79.52431, 43.75599 ], [ -79.5207, 43.75673 ] ] ] } },
{ "type": "Feature", "properties": { "ct": "5350324.01", "nname": "Bayview Woods-Steeles", "oldcity": "North York", "name": "0324.01", "ward": "17", "wardname": "Don Valley North" }, "geometry": { "type": "Polygon", "coordinates": [ [ [ -79.36806, 43.79001 ], [ -79.37184, 43.80593 ], [ -79.37322, 43.80554 ], [ -79.37421, 43.80317 ], [ -79.37878, 43.80059 ], [ -79.38087, 43.80002 ], [ -79.38204, 43.79818 ], [ -79.38191, 43.7964 ], [ -79.38054, 43.79561 ], [ -79.3801, 43.79417 ], [ -79.37683, 43.79313 ], [ -79.37763, 43.79095 ], [ -79.37588, 43.78985 ], [ -79.37596, 43.78857 ], [ -79.3759, 43.78859 ], [ -79.36951, 43.78999 ], [ -79.36806, 43.79001 ] ] ] } },
{ "type": "Feature", "properties": { "ct": "5350324.02", "nname": "Hillcrest Village", "oldcity": "North York", "name": "0324.02", "ward": "17", "wardname": "Don Valley North" }, "geometry": { "type": "Polygon", "coordinates": [ [ [ -79.35379, 43.8005 ], [ -79.35696, 43.80194 ], [ -79.35845, 43.8022 ], [ -79.35877, 43.8034 ], [ -79.36041, 43.80351 ], [ -79.36233, 43.80511 ], [ -79.36672, 43.80727 ], [ -79.37037, 43.80836 ], [ -79.37155, 43.8082 ], [ -79.37184, 43.80593 ], [ -79.36806, 43.79001 ], [ -79.36625, 43.79014 ], [ -79.35473, 43.79266 ], [ -79.35522, 43.79629 ], [ -79.35379, 43.8005 ] ] ] } },
{ "type": "Feature", "properties": { "ct": "5350324.03", "nname": "Hillcrest Village", "oldcity": "North York", "name": "0324.03", "ward": "17", "wardname": "Don Valley North" }, "geometry": { "type": "Polygon", "coordinates": [ [ [ -79.3392, 43.81066 ], [ -79.34131, 43.81565 ], [ -79.34858, 43.81405 ], [ -79.34642, 43.80938 ], [ -79.34669, 43.80761 ], [ -79.35415, 43.80651 ], [ -79.35568, 43.806 ], [ -79.35349, 43.80309 ], [ -79.35379, 43.8005 ], [ -79.35522, 43.79629 ], [ -79.35473, 43.79266 ], [ -79.34346, 43.79523 ], [ -79.34444, 43.79973 ], [ -79.33737, 43.80222 ], [ -79.33565, 43.8026 ], [ -79.3392, 43.81066 ] ] ] } },
{ "type": "Feature", "properties": { "ct": "5350375.01", "nname": "L'Amoreaux West", "oldcity": "Scarborough", "name": "0375.01", "ward": "22", "wardname": "Scarborough-Agincourt" }, "geometry": { "type": "Polygon", "coordinates": [ [ [ -79.32291, 43.77527 ], [ -79.31776, 43.77652 ], [ -79.32016, 43.78168 ], [ -79.32497, 43.7928 ], [ -79.32596, 43.79433 ], [ -79.3314, 43.79311 ], [ -79.32792, 43.78573 ], [ -79.32291, 43.77527 ] ] ] } },
{ "type": "Feature", "properties": { "ct": "5350375.02", "nname": "Tam O'Shanter-Sullivan", "oldcity": "Scarborough", "name": "0375.02", "ward": "22", "wardname": "Scarborough-Agincourt" }, "geometry": { "type": "Polygon", "coordinates": [ [ [ -79.31776, 43.77652 ], [ -79.3079, 43.77873 ], [ -79.31094, 43.78548 ], [ -79.31608, 43.78422 ], [ -79.31908, 43.78205 ], [ -79.32016, 43.78168 ], [ -79.31776, 43.77652 ] ] ] } },
{ "type": "Feature", "properties": { "ct": "5350375.03", "nname": "Tam O'Shanter-Sullivan", "oldcity": "Scarborough", "name": "0375.03", "ward": "22", "wardname": "Scarborough-Agincourt" }, "geometry": { "type": "Polygon", "coordinates": [ [ [ -79.3079, 43.77873 ], [ -79.2981, 43.78106 ], [ -79.29934, 43.7836 ], [ -79.30229, 43.79044 ], [ -79.30689, 43.78927 ], [ -79.30805, 43.78677 ], [ -79.31094, 43.78548 ], [ -79.3079, 43.77873 ] ] ] } },
{ "type": "Feature", "properties": { "ct": "5350376.01", "nname": "East L'Amoreaux", "oldcity": "Scarborough", "name": "0376.01", "ward": "22", "wardname": "Scarborough-Agincourt" }, "geometry": { "type": "Polygon", "coordinates": [ [ [ -79.30229, 43.79044 ], [ -79.29809, 43.79152 ], [ -79.29556, 43.79458 ], [ -79.28853, 43.79608 ], [ -79.29061, 43.80093 ], [ -79.29157, 43.80247 ], [ -79.29659, 43.80127 ], [ -79.30597, 43.799 ], [ -79.30229, 43.79044 ] ] ] } },
{ "type": "Feature", "properties": { "ct": "5350376.02", "nname": "East L'Amoreaux", "oldcity": "Scarborough", "name": "0376.02", "ward": "22", "wardname": "Scarborough-Agincourt" }, "geometry": { "type": "Polygon", "coordinates": [ [ [ -79.30597, 43.799 ], [ -79.29659, 43.80127 ], [ -79.29745, 43.80229 ], [ -79.301, 43.81009 ], [ -79.31082, 43.80794 ], [ -79.308, 43.80173 ], [ -79.30597, 43.799 ] ] ] } },
{ "type": "Feature", "properties": { "ct": "5350322.01", "nname": "Newtonbrook East", "oldcity": "North York", "name": "0322.01", "ward": "18", "wardname": "Willowdale" }, "geometry": { "type": "Polygon", "coordinates": [ [ [ -79.41231, 43.78048 ], [ -79.41307, 43.78232 ], [ -79.40787, 43.78345 ], [ -79.40819, 43.78426 ], [ -79.41411, 43.78297 ], [ -79.41514, 43.78659 ], [ -79.41465, 43.78762 ], [ -79.41734, 43.78707 ], [ -79.41557, 43.77977 ], [ -79.41231, 43.78048 ] ] ] } },
{ "type": "Feature", "properties": { "ct": "5350322.02", "nname": "Newtonbrook East", "oldcity": "North York", "name": "0322.02", "ward": "18", "wardname": "Willowdale" }, "geometry": { "type": "Polygon", "coordinates": [ [ [ -79.4071, 43.78163 ], [ -79.39214, 43.78501 ], [ -79.39359, 43.7923 ], [ -79.41465, 43.78762 ], [ -79.41514, 43.78659 ], [ -79.41411, 43.78297 ], [ -79.40819, 43.78426 ], [ -79.40787, 43.78345 ], [ -79.41307, 43.78232 ], [ -79.41231, 43.78048 ], [ -79.4071, 43.78163 ] ] ] } },
{ "type": "Feature", "properties": { "ct": "5350378.25", "nname": "Morningside Heights", "oldcity": "Scarborough", "name": "0378.25", "ward": "23", "wardname": "Scarborough North" }, "geometry": { "type": "Polygon", "coordinates": [ [ [ -79.21688, 43.8209 ], [ -79.21832, 43.82243 ], [ -79.22083, 43.82345 ], [ -79.22185, 43.82608 ], [ -79.22311, 43.82741 ], [ -79.2247, 43.82804 ], [ -79.22586, 43.83094 ], [ -79.22909, 43.83235 ], [ -79.2329, 43.83356 ], [ -79.2344, 43.83342 ], [ -79.23542, 43.83674 ], [ -79.23784, 43.83764 ], [ -79.23949, 43.83933 ], [ -79.25103, 43.83664 ], [ -79.25078, 43.83223 ], [ -79.25043, 43.83029 ], [ -79.24296, 43.81306 ], [ -79.22128, 43.81766 ], [ -79.22106, 43.8197 ], [ -79.21764, 43.81983 ], [ -79.21688, 43.8209 ] ] ] } },
{ "type": "Feature", "properties": { "ct": "5350378.26", "nname": "Morningside Heights", "oldcity": "Scarborough", "name": "0378.26", "ward": "23", "wardname": "Scarborough North" }, "geometry": { "type": "Polygon", "coordinates": [ [ [ -79.21146, 43.82624 ], [ -79.21354, 43.82714 ], [ -79.21544, 43.8265 ], [ -79.21744, 43.82712 ], [ -79.21665, 43.82894 ], [ -79.21746, 43.83041 ], [ -79.21943, 43.83254 ], [ -79.22154, 43.83235 ], [ -79.22387, 43.83403 ], [ -79.22403, 43.83532 ], [ -79.22182, 43.83652 ], [ -79.22288, 43.83757 ], [ -79.22268, 43.83864 ], [ -79.226, 43.83961 ], [ -79.22782, 43.84209 ], [ -79.23949, 43.83933 ], [ -79.23784, 43.83764 ], [ -79.23542, 43.83674 ], [ -79.2344, 43.83342 ], [ -79.2329, 43.83356 ], [ -79.22909, 43.83235 ], [ -79.22586, 43.83094 ], [ -79.2247, 43.82804 ], [ -79.22311, 43.82741 ], [ -79.22185, 43.82608 ], [ -79.22083, 43.82345 ], [ -79.21832, 43.82243 ], [ -79.21688, 43.8209 ], [ -79.21518, 43.8228 ], [ -79.21146, 43.82624 ] ] ] } },
{ "type": "Feature", "properties": { "ct": "5350378.27", "nname": "Morningside Heights", "oldcity": "Scarborough", "name": "0378.27", "ward": "25", "wardname": "Scarborough-Rouge Park" }, "geometry": { "type": "Polygon", "coordinates": [ [ [ -79.15191, 43.81405 ], [ -79.15391, 43.81884 ], [ -79.1565, 43.82444 ], [ -79.16094, 43.83486 ], [ -79.17025, 43.85547 ], [ -79.20448, 43.84726 ], [ -79.22782, 43.84209 ], [ -79.226, 43.83961 ], [ -79.22268, 43.83864 ], [ -79.22288, 43.83757 ], [ -79.22182, 43.83652 ], [ -79.22403, 43.83532 ], [ -79.22387, 43.83403 ], [ -79.22154, 43.83235 ], [ -79.21943, 43.83254 ], [ -79.21746, 43.83041 ], [ -79.21665, 43.82894 ], [ -79.21744, 43.82712 ], [ -79.21544, 43.8265 ], [ -79.21354, 43.82714 ], [ -79.21146, 43.82624 ], [ -79.20971, 43.82438 ], [ -79.20666, 43.82397 ], [ -79.20607, 43.82568 ], [ -79.20341, 43.82608 ], [ -79.19957, 43.82525 ], [ -79.19821, 43.82396 ], [ -79.19678, 43.82406 ], [ -79.19458, 43.82298 ], [ -79.19489, 43.8212 ], [ -79.19669, 43.82116 ], [ -79.19375, 43.81897 ], [ -79.19496, 43.8168 ], [ -79.19326, 43.81487 ], [ -79.1882, 43.81265 ], [ -79.1894, 43.81076 ], [ -79.1916, 43.80993 ], [ -79.19576, 43.8123 ], [ -79.19757, 43.81203 ], [ -79.20129, 43.81212 ], [ -79.20406, 43.8132 ], [ -79.20639, 43.81334 ], [ -79.20405, 43.8119 ], [ -79.20261, 43.80896 ], [ -79.2003, 43.80394 ], [ -79.19976, 43.80198 ], [ -79.19689, 43.79654 ], [ -79.1874, 43.79793 ], [ -79.19015, 43.80416 ], [ -79.1708, 43.80838 ], [ -79.1512, 43.81279 ], [ -79.15191, 43.81405 ] ] ] } },
{ "type": "Feature", "properties": { "ct": "5350378.28", "nname": "Morningside Heights", "oldcity": "Scarborough", "name": "0378.28", "ward": "25", "wardname": "Scarborough-Rouge Park" }, "geometry": { "type": "Polygon", "coordinates": [ [ [ -79.20639, 43.81334 ], [ -79.20406, 43.8132 ], [ -79.20129, 43.81212 ], [ -79.19757, 43.81203 ], [ -79.19576, 43.8123 ], [ -79.1916, 43.80993 ], [ -79.1894, 43.81076 ], [ -79.1882, 43.81265 ], [ -79.19326, 43.81487 ], [ -79.19496, 43.8168 ], [ -79.19375, 43.81897 ], [ -79.19669, 43.82116 ], [ -79.19489, 43.8212 ], [ -79.19458, 43.82298 ], [ -79.19678, 43.82406 ], [ -79.19821, 43.82396 ], [ -79.19957, 43.82525 ], [ -79.20341, 43.82608 ], [ -79.20607, 43.82568 ], [ -79.20666, 43.82397 ], [ -79.20971, 43.82438 ], [ -79.21146, 43.82624 ], [ -79.21518, 43.8228 ], [ -79.21688, 43.8209 ], [ -79.21764, 43.81983 ], [ -79.21539, 43.81895 ], [ -79.21117, 43.81633 ], [ -79.20639, 43.81334 ] ] ] } },
{ "type": "Feature", "properties": { "ct": "5350355.05", "nname": "Eglinton East", "oldcity": "Scarborough", "name": "0355.05", "ward": "21", "wardname": "Scarborough Centre" }, "geometry": { "type": "Polygon", "coordinates": [ [ [ -79.24541, 43.74151 ], [ -79.2446, 43.74575 ], [ -79.24837, 43.74468 ], [ -79.25099, 43.74301 ], [ -79.25064, 43.74217 ], [ -79.24884, 43.73788 ], [ -79.24808, 43.7367 ], [ -79.24616, 43.7371 ], [ -79.24559, 43.73839 ], [ -79.24541, 43.74151 ] ] ] } },
{ "type": "Feature", "properties": { "ct": "5350355.06", "nname": "Eglinton East", "oldcity": "Scarborough", "name": "0355.06", "ward": "21", "wardname": "Scarborough Centre" }, "geometry": { "type": "Polygon", "coordinates": [ [ [ -79.24139, 43.74529 ], [ -79.2446, 43.74575 ], [ -79.24541, 43.74151 ], [ -79.24207, 43.7407 ], [ -79.23929, 43.74059 ], [ -79.24139, 43.74529 ] ] ] } },
{ "type": "Feature", "properties": { "ct": "5350337.01", "nname": "Birchcliffe-Cliffside", "oldcity": "Scarborough", "name": "0337.01", "ward": "20", "wardname": "Scarborough Southwest" }, "geometry": { "type": "Polygon", "coordinates": [ [ [ -79.25403, 43.70441 ], [ -79.25161, 43.70365 ], [ -79.25038, 43.70603 ], [ -79.24967, 43.70579 ], [ -79.24741, 43.70922 ], [ -79.24822, 43.71125 ], [ -79.24851, 43.71195 ], [ -79.24964, 43.71167 ], [ -79.25403, 43.70441 ] ] ] } },
{ "type": "Feature", "properties": { "ct": "5350337.02", "nname": "Birchcliffe-Cliffside", "oldcity": "Scarborough", "name": "0337.02", "ward": "20", "wardname": "Scarborough Southwest" }, "geometry": { "type": "Polygon", "coordinates": [ [ [ -79.24392, 43.70064 ], [ -79.24532, 43.70425 ], [ -79.24673, 43.7049 ], [ -79.24743, 43.70716 ], [ -79.24676, 43.70769 ], [ -79.24741, 43.70922 ], [ -79.24967, 43.70579 ], [ -79.25038, 43.70603 ], [ -79.25161, 43.70365 ], [ -79.25403, 43.70441 ], [ -79.25501, 43.70274 ], [ -79.25386, 43.70211 ], [ -79.25499, 43.7002 ], [ -79.25318, 43.69624 ], [ -79.24971, 43.69789 ], [ -79.24688, 43.69892 ], [ -79.24383, 43.70043 ], [ -79.2439, 43.7006 ], [ -79.24392, 43.70064 ] ] ] } },
{ "type": "Feature", "properties": { "ct": "5350260.06", "nname": "Flemingdon Park", "oldcity": "North York", "name": "0260.06", "ward": "16", "wardname": "Don Valley East" }, "geometry": { "type": "Polygon", "coordinates": [ [ [ -79.33541, 43.7125 ], [ -79.33723, 43.71657 ], [ -79.33415, 43.7177 ], [ -79.3314, 43.71837 ], [ -79.32828, 43.7191 ], [ -79.32948, 43.72117 ], [ -79.33007, 43.72323 ], [ -79.33881, 43.72059 ], [ -79.35001, 43.71719 ], [ -79.35254, 43.71626 ], [ -79.35015, 43.7158 ], [ -79.34865, 43.71634 ], [ -79.34708, 43.71613 ], [ -79.34677, 43.71516 ], [ -79.34487, 43.71522 ], [ -79.34286, 43.71338 ], [ -79.33949, 43.71253 ], [ -79.34024, 43.71133 ], [ -79.33541, 43.7125 ] ] ] } },
{ "type": "Feature", "properties": { "ct": "5350260.07", "nname": "Victoria Village", "oldcity": "North York", "name": "0260.07", "ward": "16", "wardname": "Don Valley East" }, "geometry": { "type": "Polygon", "coordinates": [ [ [ -79.32292, 43.71645 ], [ -79.32394, 43.71829 ], [ -79.32262, 43.71987 ], [ -79.32415, 43.72068 ], [ -79.32573, 43.72036 ], [ -79.32685, 43.72113 ], [ -79.32345, 43.72212 ], [ -79.32234, 43.72525 ], [ -79.33007, 43.72323 ], [ -79.32948, 43.72117 ], [ -79.32828, 43.7191 ], [ -79.32561, 43.71612 ], [ -79.32505, 43.71491 ], [ -79.32292, 43.71645 ] ] ] } },
{ "type": "Feature", "properties": { "ct": "5350183.01", "nname": "Danforth East York", "oldcity": "East York", "name": "0183.01", "ward": "14", "wardname": "Toronto-Danforth" }, "geometry": { "type": "Polygon", "coordinates": [ [ [ -79.32585, 43.68878 ], [ -79.32801, 43.69414 ], [ -79.34168, 43.69117 ], [ -79.34025, 43.68763 ], [ -79.32942, 43.68995 ], [ -79.32865, 43.6882 ], [ -79.32585, 43.68878 ] ] ] } },
{ "type": "Feature", "properties": { "ct": "5350183.02", "nname": "Danforth East York", "oldcity": "East York", "name": "0183.02", "ward": "14", "wardname": "Toronto-Danforth" }, "geometry": { "type": "Polygon", "coordinates": [ [ [ -79.32585, 43.68878 ], [ -79.32865, 43.6882 ], [ -79.32942, 43.68995 ], [ -79.34025, 43.68763 ], [ -79.33889, 43.68429 ], [ -79.3339, 43.68509 ], [ -79.32511, 43.68698 ], [ -79.32585, 43.68878 ] ] ] } },
{ "type": "Feature", "properties": { "ct": "5350028.01", "nname": "South Riverdale", "oldcity": "Toronto", "name": "0028.01", "ward": "14", "wardname": "Toronto-Danforth" }, "geometry": { "type": "Polygon", "coordinates": [ [ [ -79.34575, 43.65981 ], [ -79.34008, 43.66107 ], [ -79.34262, 43.66732 ], [ -79.3449, 43.66366 ], [ -79.34575, 43.65981 ] ] ] } },
{ "type": "Feature", "properties": { "ct": "5350028.02", "nname": "South Riverdale", "oldcity": "Toronto", "name": "0028.02", "ward": "14", "wardname": "Toronto-Danforth" }, "geometry": { "type": "Polygon", "coordinates": [ [ [ -79.34008, 43.66107 ], [ -79.33281, 43.66267 ], [ -79.3356, 43.66926 ], [ -79.34225, 43.66777 ], [ -79.34262, 43.66732 ], [ -79.34008, 43.66107 ] ] ] } },
{ "type": "Feature", "properties": { "ct": "5350063.03", "nname": "Church-Wellesley", "oldcity": "Toronto", "name": "0063.03", "ward": "13", "wardname": "Toronto Centre" }, "geometry": { "type": "Polygon", "coordinates": [ [ [ -79.38163, 43.66737 ], [ -79.37904, 43.66794 ], [ -79.38056, 43.67161 ], [ -79.38315, 43.67105 ], [ -79.38163, 43.66737 ] ] ] } },
{ "type": "Feature", "properties": { "ct": "5350063.04", "nname": "Church-Wellesley", "oldcity": "Toronto", "name": "0063.04", "ward": "13", "wardname": "Toronto Centre" }, "geometry": { "type": "Polygon", "coordinates": [ [ [ -79.37936, 43.66188 ], [ -79.37671, 43.66242 ], [ -79.37834, 43.66629 ], [ -79.37904, 43.66794 ], [ -79.38163, 43.66737 ], [ -79.37936, 43.66188 ] ] ] } },
{ "type": "Feature", "properties": { "ct": "5350065.01", "nname": "North St.James Town", "oldcity": "Toronto", "name": "0065.01", "ward": "13", "wardname": "Toronto Centre" }, "geometry": { "type": "Polygon", "coordinates": [ [ [ -79.37144, 43.67189 ], [ -79.37685, 43.67236 ], [ -79.37467, 43.6671 ], [ -79.37377, 43.66729 ], [ -79.37541, 43.67128 ], [ -79.37086, 43.67141 ], [ -79.37144, 43.67189 ] ] ] } },
{ "type": "Feature", "properties": { "ct": "5350050.01", "nname": "High Park-Swansea", "oldcity": "Toronto", "name": "0050.01", "ward": "04", "wardname": "Parkdale-High Park" }, "geometry": { "type": "Polygon", "coordinates": [ [ [ -79.47006, 43.63735 ], [ -79.47297, 43.64013 ], [ -79.47782, 43.64372 ], [ -79.48046, 43.65021 ], [ -79.48448, 43.64933 ], [ -79.49276, 43.64734 ], [ -79.49203, 43.64526 ], [ -79.49058, 43.64335 ], [ -79.48988, 43.64151 ], [ -79.48894, 43.64127 ], [ -79.48579, 43.64217 ], [ -79.48502, 43.64178 ], [ -79.48471, 43.63841 ], [ -79.48227, 43.638 ], [ -79.47839, 43.63832 ], [ -79.47734, 43.63791 ], [ -79.47511, 43.63404 ], [ -79.47428, 43.63342 ], [ -79.46887, 43.63604 ], [ -79.47006, 43.63735 ] ] ] } },
{ "type": "Feature", "properties": { "ct": "5350097.01", "nname": "Junction-Wallace Emerson", "oldcity": "Toronto", "name": "0097.01", "ward": "09", "wardname": "Davenport" }, "geometry": { "type": "Polygon", "coordinates": [ [ [ -79.44519, 43.65784 ], [ -79.43916, 43.6591 ], [ -79.43536, 43.65989 ], [ -79.43706, 43.66386 ], [ -79.44678, 43.66185 ], [ -79.44519, 43.65784 ] ] ] } },
{ "type": "Feature", "properties": { "ct": "5350065.02", "nname": "North St.James Town", "oldcity": "Toronto", "name": "0065.02", "ward": "13", "wardname": "Toronto Centre" }, "geometry": { "type": "Polygon", "coordinates": [ [ [ -79.37086, 43.67141 ], [ -79.37541, 43.67128 ], [ -79.37377, 43.66729 ], [ -79.36955, 43.66818 ], [ -79.37086, 43.67141 ] ] ] } },
{ "type": "Feature", "properties": { "ct": "5350128.02", "nname": "South Eglinton-Davisville", "oldcity": "Toronto", "name": "0128.02", "ward": "12", "wardname": "Toronto-St. Paul's" }, "geometry": { "type": "Polygon", "coordinates": [ [ [ -79.39703, 43.7003 ], [ -79.39013, 43.7017 ], [ -79.38782, 43.70247 ], [ -79.39018, 43.70841 ], [ -79.39836, 43.70674 ], [ -79.39703, 43.7003 ] ] ] } },
{ "type": "Feature", "properties": { "ct": "5350156.01", "nname": "Rockcliffe-Smythe", "oldcity": "York", "name": "0156.01", "ward": "05", "wardname": "York South-Weston" }, "geometry": { "type": "Polygon", "coordinates": [ [ [ -79.4934, 43.67081 ], [ -79.48745, 43.67234 ], [ -79.48873, 43.6754 ], [ -79.49172, 43.68246 ], [ -79.49773, 43.6811 ], [ -79.4934, 43.67081 ] ] ] } },
{ "type": "Feature", "properties": { "ct": "5350156.02", "nname": "Rockcliffe-Smythe", "oldcity": "York", "name": "0156.02", "ward": "05", "wardname": "York South-Weston" }, "geometry": { "type": "Polygon", "coordinates": [ [ [ -79.48873, 43.6754 ], [ -79.48422, 43.67673 ], [ -79.48298, 43.67914 ], [ -79.4795, 43.68386 ], [ -79.48296, 43.68559 ], [ -79.484, 43.68423 ], [ -79.49172, 43.68246 ], [ -79.48873, 43.6754 ] ] ] } },
{ "type": "Feature", "properties": { "ct": "5350169.01", "nname": "Briar Hill-Belgravia", "oldcity": "York", "name": "0169.01", "ward": "08", "wardname": "Eglinton-Lawrence" }, "geometry": { "type": "Polygon", "coordinates": [ [ [ -79.45027, 43.69569 ], [ -79.43938, 43.69804 ], [ -79.44081, 43.70157 ], [ -79.45143, 43.69928 ], [ -79.45027, 43.69569 ] ] ] } },
{ "type": "Feature", "properties": { "ct": "5350169.02", "nname": "Briar Hill-Belgravia", "oldcity": "York", "name": "0169.02", "ward": "08", "wardname": "Eglinton-Lawrence" }, "geometry": { "type": "Polygon", "coordinates": [ [ [ -79.44081, 43.70157 ], [ -79.43898, 43.70191 ], [ -79.43938, 43.70568 ], [ -79.44227, 43.70518 ], [ -79.45226, 43.70298 ], [ -79.45143, 43.69928 ], [ -79.44081, 43.70157 ] ] ] } },
{ "type": "Feature", "properties": { "ct": "5350175.01", "nname": "Weston", "oldcity": "York", "name": "0175.01", "ward": "05", "wardname": "York South-Weston" }, "geometry": { "type": "Polygon", "coordinates": [ [ [ -79.503, 43.6955 ], [ -79.50232, 43.69759 ], [ -79.50571, 43.69684 ], [ -79.50711, 43.69829 ], [ -79.50288, 43.69955 ], [ -79.50383, 43.70288 ], [ -79.50499, 43.70277 ], [ -79.51356, 43.70077 ], [ -79.52083, 43.69897 ], [ -79.51878, 43.6971 ], [ -79.51663, 43.69679 ], [ -79.51251, 43.69717 ], [ -79.51199, 43.69612 ], [ -79.51287, 43.6941 ], [ -79.51209, 43.69356 ], [ -79.50949, 43.694 ], [ -79.50907, 43.69327 ], [ -79.50561, 43.69405 ], [ -79.50638, 43.69471 ], [ -79.503, 43.6955 ] ] ] } },
{ "type": "Feature", "properties": { "ct": "5350175.02", "nname": "Weston", "oldcity": "York", "name": "0175.02", "ward": "05", "wardname": "York South-Weston" }, "geometry": { "type": "Polygon", "coordinates": [ [ [ -79.52509, 43.70584 ], [ -79.52848, 43.70684 ], [ -79.52976, 43.70771 ], [ -79.53077, 43.7093 ], [ -79.53581, 43.70805 ], [ -79.53546, 43.70699 ], [ -79.53594, 43.70471 ], [ -79.53194, 43.70497 ], [ -79.53044, 43.70443 ], [ -79.52874, 43.70266 ], [ -79.52641, 43.70177 ], [ -79.52149, 43.69992 ], [ -79.52083, 43.69897 ], [ -79.51356, 43.70077 ], [ -79.51782, 43.70287 ], [ -79.52509, 43.70584 ] ] ] } },
{ "type": "Feature", "properties": { "ct": "5350184.01", "nname": "Danforth East York", "oldcity": "East York", "name": "0184.01", "ward": "14", "wardname": "Toronto-Danforth" }, "geometry": { "type": "Polygon", "coordinates": [ [ [ -79.34627, 43.68273 ], [ -79.33889, 43.68429 ], [ -79.34025, 43.68763 ], [ -79.34168, 43.69117 ], [ -79.34234, 43.69069 ], [ -79.3488, 43.68944 ], [ -79.34627, 43.68273 ] ] ] } },
{ "type": "Feature", "properties": { "ct": "5350184.02", "nname": "Old East York", "oldcity": "East York", "name": "0184.02", "ward": "14", "wardname": "Toronto-Danforth" }, "geometry": { "type": "Polygon", "coordinates": [ [ [ -79.3488, 43.68944 ], [ -79.34234, 43.69069 ], [ -79.34168, 43.69117 ], [ -79.34331, 43.69525 ], [ -79.34503, 43.6983 ], [ -79.34587, 43.69852 ], [ -79.34826, 43.69993 ], [ -79.35057, 43.69943 ], [ -79.34927, 43.69705 ], [ -79.35103, 43.69512 ], [ -79.34916, 43.69041 ], [ -79.3488, 43.68944 ] ] ] } },
{ "type": "Feature", "properties": { "ct": "5350185.01", "nname": "Broadview North", "oldcity": "East York", "name": "0185.01", "ward": "14", "wardname": "Toronto-Danforth" }, "geometry": { "type": "Polygon", "coordinates": [ [ [ -79.34627, 43.68273 ], [ -79.3488, 43.68944 ], [ -79.34916, 43.69041 ], [ -79.35497, 43.68932 ], [ -79.35656, 43.68521 ], [ -79.35738, 43.6824 ], [ -79.35519, 43.68284 ], [ -79.3487, 43.68408 ], [ -79.34808, 43.68249 ], [ -79.34627, 43.68273 ] ] ] } },
{ "type": "Feature", "properties": { "ct": "5350185.02", "nname": "Broadview North", "oldcity": "East York", "name": "0185.02", "ward": "14", "wardname": "Toronto-Danforth" }, "geometry": { "type": "Polygon", "coordinates": [ [ [ -79.34916, 43.69041 ], [ -79.35103, 43.69512 ], [ -79.34927, 43.69705 ], [ -79.35057, 43.69943 ], [ -79.35122, 43.69876 ], [ -79.35496, 43.69814 ], [ -79.35673, 43.69555 ], [ -79.35984, 43.6954 ], [ -79.36183, 43.6941 ], [ -79.36132, 43.69289 ], [ -79.35984, 43.69187 ], [ -79.36129, 43.68929 ], [ -79.36261, 43.68812 ], [ -79.36161, 43.68566 ], [ -79.36323, 43.68329 ], [ -79.36486, 43.68266 ], [ -79.36642, 43.68132 ], [ -79.36419, 43.67924 ], [ -79.36165, 43.67957 ], [ -79.36234, 43.68216 ], [ -79.35738, 43.6824 ], [ -79.35656, 43.68521 ], [ -79.35497, 43.68932 ], [ -79.34916, 43.69041 ] ] ] } },
{ "type": "Feature", "properties": { "ct": "5350190.01", "nname": "Taylor-Massey", "oldcity": "East York", "name": "0190.01", "ward": "19", "wardname": "Beaches-East York" }, "geometry": { "type": "Polygon", "coordinates": [ [ [ -79.29095, 43.69765 ], [ -79.29346, 43.70302 ], [ -79.29692, 43.70226 ], [ -79.29736, 43.69511 ], [ -79.29123, 43.69431 ], [ -79.28967, 43.69451 ], [ -79.29095, 43.69765 ] ] ] } },
{ "type": "Feature", "properties": { "ct": "5350190.02", "nname": "O'Connor-Parkview", "oldcity": "East York", "name": "0190.02", "ward": "19", "wardname": "Beaches-East York" }, "geometry": { "type": "Polygon", "coordinates": [ [ [ -79.29692, 43.70226 ], [ -79.29346, 43.70302 ], [ -79.29598, 43.70878 ], [ -79.29738, 43.70886 ], [ -79.30712, 43.70665 ], [ -79.30544, 43.7044 ], [ -79.30431, 43.70175 ], [ -79.29946, 43.70287 ], [ -79.29901, 43.70185 ], [ -79.29692, 43.70226 ] ] ] } },
{ "type": "Feature", "properties": { "ct": "5350221.01", "nname": "Markland Wood", "oldcity": "Etobicoke", "name": "0221.01", "ward": "02", "wardname": "Etobicoke Centre" }, "geometry": { "type": "Polygon", "coordinates": [ [ [ -79.56365, 43.63531 ], [ -79.56536, 43.63655 ], [ -79.56844, 43.63626 ], [ -79.57033, 43.63854 ], [ -79.57164, 43.64129 ], [ -79.57385, 43.64077 ], [ -79.57589, 43.64256 ], [ -79.57682, 43.64356 ], [ -79.57892, 43.64438 ], [ -79.5858, 43.63782 ], [ -79.58534, 43.63702 ], [ -79.58613, 43.63558 ], [ -79.58598, 43.63368 ], [ -79.58517, 43.63176 ], [ -79.58613, 43.62965 ], [ -79.58525, 43.62873 ], [ -79.58313, 43.62799 ], [ -79.58162, 43.62802 ], [ -79.57748, 43.63096 ], [ -79.57372, 43.63267 ], [ -79.56961, 43.63391 ], [ -79.56365, 43.63531 ] ] ] } },
{ "type": "Feature", "properties": { "ct": "5350221.02", "nname": "Etobicoke West Mall", "oldcity": "Etobicoke", "name": "0221.02", "ward": "02", "wardname": "Etobicoke Centre" }, "geometry": { "type": "Polygon", "coordinates": [ [ [ -79.55962, 43.63636 ], [ -79.56063, 43.63944 ], [ -79.56319, 43.64567 ], [ -79.57248, 43.64334 ], [ -79.57589, 43.64256 ], [ -79.57385, 43.64077 ], [ -79.57164, 43.64129 ], [ -79.57033, 43.63854 ], [ -79.56844, 43.63626 ], [ -79.56536, 43.63655 ], [ -79.56365, 43.63531 ], [ -79.55962, 43.63636 ] ] ] } },
{ "type": "Feature", "properties": { "ct": "5350222.01", "nname": "Islington", "oldcity": "Etobicoke", "name": "0222.01", "ward": "02", "wardname": "Etobicoke Centre" }, "geometry": { "type": "Polygon", "coordinates": [ [ [ -79.55675, 43.63703 ], [ -79.55627, 43.63703 ], [ -79.54504, 43.63967 ], [ -79.54898, 43.64881 ], [ -79.55793, 43.64673 ], [ -79.56319, 43.64567 ], [ -79.56063, 43.63944 ], [ -79.55962, 43.63636 ], [ -79.55675, 43.63703 ] ] ] } },
{ "type": "Feature", "properties": { "ct": "5350222.02", "nname": "Islington", "oldcity": "Etobicoke", "name": "0222.02", "ward": "02", "wardname": "Etobicoke Centre" }, "geometry": { "type": "Polygon", "coordinates": [ [ [ -79.56319, 43.64567 ], [ -79.55793, 43.64673 ], [ -79.54898, 43.64881 ], [ -79.55163, 43.65481 ], [ -79.55524, 43.65704 ], [ -79.56727, 43.65419 ], [ -79.56319, 43.64567 ] ] ] } },
{ "type": "Feature", "properties": { "ct": "5350230.01", "nname": "Edenbridge-Humber Valley", "oldcity": "Etobicoke", "name": "0230.01", "ward": "02", "wardname": "Etobicoke Centre" }, "geometry": { "type": "Polygon", "coordinates": [ [ [ -79.51222, 43.66263 ], [ -79.51292, 43.66463 ], [ -79.51305, 43.66664 ], [ -79.51129, 43.66838 ], [ -79.5125, 43.67266 ], [ -79.51219, 43.6742 ], [ -79.50904, 43.67615 ], [ -79.50741, 43.67888 ], [ -79.50885, 43.68077 ], [ -79.50973, 43.68006 ], [ -79.51032, 43.67815 ], [ -79.51306, 43.67653 ], [ -79.51411, 43.67496 ], [ -79.51931, 43.67804 ], [ -79.52431, 43.67698 ], [ -79.5163, 43.65831 ], [ -79.51045, 43.66063 ], [ -79.50556, 43.66279 ], [ -79.50688, 43.66303 ], [ -79.51005, 43.66193 ], [ -79.51222, 43.66263 ] ] ] } },
{ "type": "Feature", "properties": { "ct": "5350230.02", "nname": "Edenbridge-Humber Valley", "oldcity": "Etobicoke", "name": "0230.02", "ward": "02", "wardname": "Etobicoke Centre" }, "geometry": { "type": "Polygon", "coordinates": [ [ [ -79.52431, 43.67698 ], [ -79.51931, 43.67804 ], [ -79.51411, 43.67496 ], [ -79.51306, 43.67653 ], [ -79.51032, 43.67815 ], [ -79.50973, 43.68006 ], [ -79.50885, 43.68077 ], [ -79.51248, 43.68552 ], [ -79.51964, 43.68391 ], [ -79.52071, 43.68338 ], [ -79.5266, 43.68234 ], [ -79.52431, 43.67698 ] ] ] } },
{ "type": "Feature", "properties": { "ct": "5350235.01", "nname": "Eringate-Centennial-West Deane", "oldcity": "Etobicoke", "name": "0235.01", "ward": "02", "wardname": "Etobicoke Centre" }, "geometry": { "type": "Polygon", "coordinates": [ [ [ -79.58332, 43.65991 ], [ -79.57953, 43.6614 ], [ -79.57145, 43.66339 ], [ -79.57365, 43.66916 ], [ -79.57319, 43.67247 ], [ -79.57357, 43.67331 ], [ -79.5776, 43.67735 ], [ -79.57886, 43.67522 ], [ -79.58096, 43.67318 ], [ -79.58352, 43.67163 ], [ -79.58707, 43.67025 ], [ -79.58569, 43.66586 ], [ -79.58595, 43.66535 ], [ -79.58332, 43.65991 ] ] ] } },
{ "type": "Feature", "properties": { "ct": "5350235.02", "nname": "Eringate-Centennial-West Deane", "oldcity": "Etobicoke", "name": "0235.02", "ward": "02", "wardname": "Etobicoke Centre" }, "geometry": { "type": "Polygon", "coordinates": [ [ [ -79.57949, 43.65141 ], [ -79.56727, 43.65419 ], [ -79.56969, 43.65907 ], [ -79.57145, 43.66339 ], [ -79.57953, 43.6614 ], [ -79.58332, 43.65991 ], [ -79.57949, 43.65141 ] ] ] } },
{ "type": "Feature", "properties": { "ct": "5350236.01", "nname": "Etobicoke West Mall", "oldcity": "Etobicoke", "name": "0236.01", "ward": "02", "wardname": "Etobicoke Centre" }, "geometry": { "type": "Polygon", "coordinates": [ [ [ -79.57248, 43.64334 ], [ -79.56319, 43.64567 ], [ -79.56727, 43.65419 ], [ -79.57949, 43.65141 ], [ -79.5781, 43.64808 ], [ -79.57643, 43.64596 ], [ -79.57368, 43.64523 ], [ -79.57248, 43.64334 ] ] ] } },
{ "type": "Feature", "properties": { "ct": "5350236.02", "nname": "Eringate-Centennial-West Deane", "oldcity": "Etobicoke", "name": "0236.02", "ward": "02", "wardname": "Etobicoke Centre" }, "geometry": { "type": "Polygon", "coordinates": [ [ [ -79.57248, 43.64334 ], [ -79.57368, 43.64523 ], [ -79.57643, 43.64596 ], [ -79.5781, 43.64808 ], [ -79.57949, 43.65141 ], [ -79.58332, 43.65991 ], [ -79.58595, 43.66535 ], [ -79.58569, 43.66586 ], [ -79.58707, 43.67025 ], [ -79.5912, 43.66876 ], [ -79.58877, 43.66462 ], [ -79.60886, 43.64644 ], [ -79.60775, 43.64489 ], [ -79.60508, 43.64437 ], [ -79.60291, 43.64467 ], [ -79.60202, 43.64406 ], [ -79.5963, 43.64302 ], [ -79.59306, 43.6446 ], [ -79.59056, 43.64397 ], [ -79.58807, 43.64193 ], [ -79.58708, 43.63953 ], [ -79.5858, 43.63782 ], [ -79.57892, 43.64438 ], [ -79.57682, 43.64356 ], [ -79.57589, 43.64256 ], [ -79.57248, 43.64334 ] ] ] } },
{ "type": "Feature", "properties": { "ct": "5350238.01", "nname": "Willowridge-Martingrove-Richview", "oldcity": "Etobicoke", "name": "0238.01", "ward": "02", "wardname": "Etobicoke Centre" }, "geometry": { "type": "Polygon", "coordinates": [ [ [ -79.5509, 43.6772 ], [ -79.53901, 43.67984 ], [ -79.54287, 43.68862 ], [ -79.54915, 43.68756 ], [ -79.5547, 43.68563 ], [ -79.5509, 43.6772 ] ] ] } },
{ "type": "Feature", "properties": { "ct": "5350238.02", "nname": "Kingsview Village-The Westway", "oldcity": "Etobicoke", "name": "0238.02", "ward": "02", "wardname": "Etobicoke Centre" }, "geometry": { "type": "Polygon", "coordinates": [ [ [ -79.5547, 43.68563 ], [ -79.54915, 43.68756 ], [ -79.54287, 43.68862 ], [ -79.54673, 43.69705 ], [ -79.55864, 43.69425 ], [ -79.5547, 43.68563 ] ] ] } },
{ "type": "Feature", "properties": { "ct": "5350240.01", "nname": "Willowridge-Martingrove-Richview", "oldcity": "Etobicoke", "name": "0240.01", "ward": "02", "wardname": "Etobicoke Centre" }, "geometry": { "type": "Polygon", "coordinates": [ [ [ -79.53901, 43.67984 ], [ -79.5266, 43.68234 ], [ -79.5314, 43.69314 ], [ -79.53273, 43.69616 ], [ -79.53484, 43.69496 ], [ -79.53489, 43.69354 ], [ -79.5361, 43.69125 ], [ -79.54126, 43.68903 ], [ -79.54287, 43.68862 ], [ -79.53901, 43.67984 ] ] ] } },
{ "type": "Feature", "properties": { "ct": "5350240.02", "nname": "Humber Heights-Westmount", "oldcity": "Etobicoke", "name": "0240.02", "ward": "02", "wardname": "Etobicoke Centre" }, "geometry": { "type": "Polygon", "coordinates": [ [ [ -79.51507, 43.68994 ], [ -79.51584, 43.68977 ], [ -79.51917, 43.69055 ], [ -79.52125, 43.6902 ], [ -79.52268, 43.69148 ], [ -79.52456, 43.69177 ], [ -79.52526, 43.69297 ], [ -79.52783, 43.69242 ], [ -79.5314, 43.69314 ], [ -79.5266, 43.68234 ], [ -79.52071, 43.68338 ], [ -79.51964, 43.68391 ], [ -79.51248, 43.68552 ], [ -79.5141, 43.68874 ], [ -79.51507, 43.68994 ] ] ] } },
{ "type": "Feature", "properties": { "ct": "5350243.01", "nname": "Kingsview Village-The Westway", "oldcity": "Etobicoke", "name": "0243.01", "ward": "01", "wardname": "Etobicoke North" }, "geometry": { "type": "Polygon", "coordinates": [ [ [ -79.55864, 43.69425 ], [ -79.54673, 43.69705 ], [ -79.54796, 43.69973 ], [ -79.55986, 43.69693 ], [ -79.55864, 43.69425 ] ] ] } },
{ "type": "Feature", "properties": { "ct": "5350243.02", "nname": "Kingsview Village-The Westway", "oldcity": "Etobicoke", "name": "0243.02", "ward": "01", "wardname": "Etobicoke North" }, "geometry": { "type": "Polygon", "coordinates": [ [ [ -79.56953, 43.69176 ], [ -79.56629, 43.69253 ], [ -79.55864, 43.69425 ], [ -79.55986, 43.69693 ], [ -79.54796, 43.69973 ], [ -79.55228, 43.7095 ], [ -79.55584, 43.70731 ], [ -79.56702, 43.69479 ], [ -79.56953, 43.69176 ] ] ] } },
{ "type": "Feature", "properties": { "ct": "5350063.05", "nname": "Church-Wellesley", "oldcity": "Toronto", "name": "0063.05", "ward": "13", "wardname": "Toronto Centre" }, "geometry": { "type": "Polygon", "coordinates": [ [ [ -79.38525, 43.66655 ], [ -79.38163, 43.66737 ], [ -79.38315, 43.67105 ], [ -79.38678, 43.67023 ], [ -79.38525, 43.66655 ] ] ] } },
{ "type": "Feature", "properties": { "ct": "5350248.02", "nname": "Mount Olive-Silverstone-Jamestown", "oldcity": "Etobicoke", "name": "0248.02", "ward": "01", "wardname": "Etobicoke North" }, "geometry": { "type": "Polygon", "coordinates": [ [ [ -79.5804, 43.73973 ], [ -79.5942, 43.74193 ], [ -79.5917, 43.73677 ], [ -79.5876, 43.72797 ], [ -79.5856, 43.72904 ], [ -79.58121, 43.72822 ], [ -79.57917, 43.72932 ], [ -79.58047, 43.73173 ], [ -79.57975, 43.7332 ], [ -79.57747, 43.73377 ], [ -79.5804, 43.73973 ] ] ] } },
{ "type": "Feature", "properties": { "ct": "5350250.01", "nname": "Thistletown-Beaumond Heights", "oldcity": "Etobicoke", "name": "0250.01", "ward": "01", "wardname": "Etobicoke North" }, "geometry": { "type": "Polygon", "coordinates": [ [ [ -79.56211, 43.73005 ], [ -79.56802, 43.7431 ], [ -79.56861, 43.74625 ], [ -79.58271, 43.74451 ], [ -79.5804, 43.73973 ], [ -79.57747, 43.73377 ], [ -79.57337, 43.73577 ], [ -79.57025, 43.73601 ], [ -79.56837, 43.73485 ], [ -79.56699, 43.73209 ], [ -79.56211, 43.73005 ] ] ] } },
{ "type": "Feature", "properties": { "ct": "5350250.02", "nname": "Thistletown-Beaumond Heights", "oldcity": "Etobicoke", "name": "0250.02", "ward": "01", "wardname": "Etobicoke North" }, "geometry": { "type": "Polygon", "coordinates": [ [ [ -79.54641, 43.74095 ], [ -79.55036, 43.74239 ], [ -79.5501, 43.74392 ], [ -79.55146, 43.7442 ], [ -79.55424, 43.74319 ], [ -79.55843, 43.74282 ], [ -79.5599, 43.74189 ], [ -79.55842, 43.74086 ], [ -79.55912, 43.73984 ], [ -79.56058, 43.73963 ], [ -79.56322, 43.74047 ], [ -79.56334, 43.74176 ], [ -79.562, 43.74267 ], [ -79.56224, 43.74423 ], [ -79.56448, 43.74549 ], [ -79.56861, 43.74625 ], [ -79.56802, 43.7431 ], [ -79.56211, 43.73005 ], [ -79.55731, 43.72771 ], [ -79.55557, 43.72814 ], [ -79.55471, 43.72948 ], [ -79.55158, 43.72996 ], [ -79.54959, 43.73062 ], [ -79.54976, 43.7318 ], [ -79.54882, 43.7329 ], [ -79.55044, 43.73352 ], [ -79.55053, 43.73468 ], [ -79.54931, 43.73545 ], [ -79.55053, 43.73659 ], [ -79.55012, 43.73768 ], [ -79.54626, 43.73994 ], [ -79.54641, 43.74095 ] ] ] } },
{ "type": "Feature", "properties": { "ct": "5350262.01", "nname": "Victoria Village", "oldcity": "North York", "name": "0262.01", "ward": "16", "wardname": "Don Valley East" }, "geometry": { "type": "Polygon", "coordinates": [ [ [ -79.31349, 43.7261 ], [ -79.30554, 43.7249 ], [ -79.30258, 43.7248 ], [ -79.30845, 43.7388 ], [ -79.31193, 43.73779 ], [ -79.31275, 43.73693 ], [ -79.31191, 43.73464 ], [ -79.31079, 43.73347 ], [ -79.30964, 43.72942 ], [ -79.31133, 43.72749 ], [ -79.31349, 43.7261 ] ] ] } },
{ "type": "Feature", "properties": { "ct": "5350262.02", "nname": "Victoria Village", "oldcity": "North York", "name": "0262.02", "ward": "16", "wardname": "Don Valley East" }, "geometry": { "type": "Polygon", "coordinates": [ [ [ -79.31349, 43.7261 ], [ -79.31133, 43.72749 ], [ -79.30964, 43.72942 ], [ -79.31079, 43.73347 ], [ -79.31191, 43.73464 ], [ -79.31275, 43.73693 ], [ -79.31193, 43.73779 ], [ -79.30845, 43.7388 ], [ -79.30978, 43.74215 ], [ -79.31372, 43.74154 ], [ -79.3247, 43.74079 ], [ -79.33054, 43.73979 ], [ -79.33019, 43.7385 ], [ -79.33155, 43.73715 ], [ -79.3307, 43.73637 ], [ -79.3312, 43.73503 ], [ -79.32945, 43.73395 ], [ -79.32487, 43.73179 ], [ -79.32518, 43.72951 ], [ -79.32286, 43.72953 ], [ -79.32011, 43.73161 ], [ -79.32038, 43.7297 ], [ -79.31863, 43.72909 ], [ -79.32048, 43.72801 ], [ -79.32315, 43.72719 ], [ -79.32234, 43.72525 ], [ -79.31768, 43.7263 ], [ -79.31349, 43.7261 ] ] ] } },
{ "type": "Feature", "properties": { "ct": "5350270.01", "nname": "Fenside-Parkwoods", "oldcity": "North York", "name": "0270.01", "ward": "16", "wardname": "Don Valley East" }, "geometry": { "type": "Polygon", "coordinates": [ [ [ -79.31524, 43.75787 ], [ -79.31737, 43.7576 ], [ -79.31941, 43.75818 ], [ -79.32199, 43.76011 ], [ -79.32453, 43.76131 ], [ -79.33269, 43.75952 ], [ -79.33559, 43.75832 ], [ -79.3337, 43.75198 ], [ -79.33015, 43.75253 ], [ -79.32784, 43.7534 ], [ -79.32643, 43.75277 ], [ -79.31972, 43.75432 ], [ -79.31659, 43.75386 ], [ -79.31401, 43.75434 ], [ -79.31524, 43.75787 ] ] ] } },
{ "type": "Feature", "properties": { "ct": "5350270.02", "nname": "Parkwoods-O'Connor Hills", "oldcity": "North York", "name": "0270.02", "ward": "16", "wardname": "Don Valley East" }, "geometry": { "type": "Polygon", "coordinates": [ [ [ -79.3247, 43.74079 ], [ -79.32615, 43.74422 ], [ -79.32603, 43.74695 ], [ -79.32659, 43.74936 ], [ -79.32592, 43.75158 ], [ -79.32643, 43.75277 ], [ -79.32784, 43.7534 ], [ -79.33015, 43.75253 ], [ -79.3337, 43.75198 ], [ -79.33319, 43.74719 ], [ -79.33209, 43.74154 ], [ -79.33104, 43.74153 ], [ -79.33054, 43.73979 ], [ -79.3247, 43.74079 ] ] ] } },
{ "type": "Feature", "properties": { "ct": "5350273.01", "nname": "St.Andrew-Windfields", "oldcity": "North York", "name": "0273.01", "ward": "15", "wardname": "Don Valley West" }, "geometry": { "type": "Polygon", "coordinates": [ [ [ -79.34985, 43.76143 ], [ -79.34938, 43.76333 ], [ -79.35423, 43.76369 ], [ -79.35495, 43.76464 ], [ -79.35793, 43.76488 ], [ -79.35965, 43.76649 ], [ -79.37178, 43.76593 ], [ -79.37546, 43.76559 ], [ -79.37954, 43.76491 ], [ -79.38705, 43.76333 ], [ -79.38552, 43.75483 ], [ -79.38419, 43.75592 ], [ -79.37782, 43.7572 ], [ -79.37677, 43.75438 ], [ -79.37109, 43.75503 ], [ -79.37194, 43.75744 ], [ -79.3681, 43.7583 ], [ -79.36599, 43.75905 ], [ -79.36525, 43.75795 ], [ -79.36126, 43.75872 ], [ -79.35996, 43.75296 ], [ -79.34391, 43.7565 ], [ -79.34591, 43.75843 ], [ -79.3465, 43.75955 ], [ -79.34831, 43.75992 ], [ -79.34985, 43.76143 ] ] ] } },
{ "type": "Feature", "properties": { "ct": "5350273.02", "nname": "St.Andrew-Windfields", "oldcity": "North York", "name": "0273.02", "ward": "15", "wardname": "Don Valley West" }, "geometry": { "type": "Polygon", "coordinates": [ [ [ -79.35996, 43.75296 ], [ -79.36126, 43.75872 ], [ -79.36525, 43.75795 ], [ -79.36599, 43.75905 ], [ -79.3681, 43.7583 ], [ -79.37194, 43.75744 ], [ -79.37109, 43.75503 ], [ -79.37677, 43.75438 ], [ -79.37782, 43.7572 ], [ -79.38419, 43.75592 ], [ -79.38552, 43.75483 ], [ -79.38415, 43.74806 ], [ -79.38267, 43.74881 ], [ -79.38065, 43.74935 ], [ -79.36414, 43.75279 ], [ -79.35996, 43.75296 ] ] ] } },
{ "type": "Feature", "properties": { "ct": "5350276.01", "nname": "Bedford Park-Nortown", "oldcity": "North York", "name": "0276.01", "ward": "08", "wardname": "Eglinton-Lawrence" }, "geometry": { "type": "Polygon", "coordinates": [ [ [ -79.41689, 43.73294 ], [ -79.41941, 43.73239 ], [ -79.4203, 43.73702 ], [ -79.42247, 43.74182 ], [ -79.42311, 43.74257 ], [ -79.4337, 43.73615 ], [ -79.43182, 43.72822 ], [ -79.41661, 43.73138 ], [ -79.41689, 43.73294 ] ] ] } },
{ "type": "Feature", "properties": { "ct": "5350276.02", "nname": "Bedford Park-Nortown", "oldcity": "North York", "name": "0276.02", "ward": "08", "wardname": "Eglinton-Lawrence" }, "geometry": { "type": "Polygon", "coordinates": [ [ [ -79.42981, 43.71926 ], [ -79.4142, 43.72257 ], [ -79.41572, 43.72738 ], [ -79.41661, 43.73138 ], [ -79.43182, 43.72822 ], [ -79.43152, 43.72694 ], [ -79.42981, 43.71926 ] ] ] } },
{ "type": "Feature", "properties": { "ct": "5350279.01", "nname": "Yorkdale-Glen Park", "oldcity": "North York", "name": "0279.01", "ward": "08", "wardname": "Eglinton-Lawrence" }, "geometry": { "type": "Polygon", "coordinates": [ [ [ -79.45226, 43.70298 ], [ -79.44227, 43.70518 ], [ -79.43938, 43.70568 ], [ -79.43863, 43.70603 ], [ -79.44186, 43.71099 ], [ -79.44401, 43.71615 ], [ -79.45243, 43.71433 ], [ -79.45474, 43.71409 ], [ -79.45226, 43.70298 ] ] ] } },
{ "type": "Feature", "properties": { "ct": "5350279.02", "nname": "Yorkdale-Glen Park", "oldcity": "North York", "name": "0279.02", "ward": "08", "wardname": "Eglinton-Lawrence" }, "geometry": { "type": "Polygon", "coordinates": [ [ [ -79.46709, 43.69973 ], [ -79.45226, 43.70298 ], [ -79.45474, 43.71409 ], [ -79.46977, 43.71087 ], [ -79.46848, 43.7047 ], [ -79.46709, 43.69973 ] ] ] } },
{ "type": "Feature", "properties": { "ct": "5350283.01", "nname": "Rustic", "oldcity": "North York", "name": "0283.01", "ward": "05", "wardname": "York South-Weston" }, "geometry": { "type": "Polygon", "coordinates": [ [ [ -79.48766, 43.70638 ], [ -79.48952, 43.7099 ], [ -79.49015, 43.71236 ], [ -79.50556, 43.70925 ], [ -79.50383, 43.70288 ], [ -79.49667, 43.70437 ], [ -79.49399, 43.70498 ], [ -79.48766, 43.70638 ] ] ] } },
{ "type": "Feature", "properties": { "ct": "5350283.02", "nname": "Rustic", "oldcity": "North York", "name": "0283.02", "ward": "05", "wardname": "York South-Weston" }, "geometry": { "type": "Polygon", "coordinates": [ [ [ -79.50556, 43.70925 ], [ -79.49015, 43.71236 ], [ -79.49137, 43.71703 ], [ -79.49248, 43.7201 ], [ -79.50197, 43.71843 ], [ -79.50782, 43.71776 ], [ -79.50578, 43.71021 ], [ -79.50556, 43.70925 ] ] ] } },
{ "type": "Feature", "properties": { "ct": "5350287.02", "nname": "Englemount-Lawrence", "oldcity": "North York", "name": "0287.02", "ward": "08", "wardname": "Eglinton-Lawrence" }, "geometry": { "type": "Polygon", "coordinates": [ [ [ -79.4469, 43.72367 ], [ -79.4396, 43.72522 ], [ -79.43152, 43.72694 ], [ -79.43182, 43.72822 ], [ -79.4337, 43.73615 ], [ -79.43991, 43.73253 ], [ -79.44336, 43.7312 ], [ -79.44854, 43.73009 ], [ -79.44797, 43.7268 ], [ -79.4469, 43.72367 ] ] ] } },
{ "type": "Feature", "properties": { "ct": "5350294.01", "nname": "Oakdale-Beverley Heights", "oldcity": "North York", "name": "0294.01", "ward": "06", "wardname": "York Centre" }, "geometry": { "type": "Polygon", "coordinates": [ [ [ -79.49824, 43.73454 ], [ -79.5004, 43.73427 ], [ -79.50594, 43.73489 ], [ -79.50776, 43.73403 ], [ -79.51154, 43.73289 ], [ -79.5096, 43.7249 ], [ -79.50755, 43.72618 ], [ -79.50477, 43.72684 ], [ -79.50301, 43.72918 ], [ -79.49307, 43.73143 ], [ -79.49407, 43.73365 ], [ -79.49511, 43.7334 ], [ -79.49824, 43.73454 ] ] ] } },
{ "type": "Feature", "properties": { "ct": "5350294.02", "nname": "Glenfield-Jane Heights", "oldcity": "North York", "name": "0294.02", "ward": "06", "wardname": "York Centre" }, "geometry": { "type": "Polygon", "coordinates": [ [ [ -79.49824, 43.73454 ], [ -79.49627, 43.73489 ], [ -79.49462, 43.73619 ], [ -79.4944, 43.73912 ], [ -79.49716, 43.74163 ], [ -79.49703, 43.74251 ], [ -79.50687, 43.74032 ], [ -79.51037, 43.73953 ], [ -79.51321, 43.73939 ], [ -79.51154, 43.73289 ], [ -79.50776, 43.73403 ], [ -79.50594, 43.73489 ], [ -79.5004, 43.73427 ], [ -79.49824, 43.73454 ] ] ] } },
{ "type": "Feature", "properties": { "ct": "5350297.01", "nname": "Bathurst Manor", "oldcity": "North York", "name": "0297.01", "ward": "06", "wardname": "York Centre" }, "geometry": { "type": "Polygon", "coordinates": [ [ [ -79.43002, 43.75728 ], [ -79.4332, 43.75723 ], [ -79.4355, 43.75904 ], [ -79.43743, 43.75901 ], [ -79.43892, 43.76147 ], [ -79.43998, 43.76157 ], [ -79.43955, 43.75987 ], [ -79.44305, 43.75898 ], [ -79.4543, 43.75653 ], [ -79.46373, 43.75449 ], [ -79.46276, 43.75045 ], [ -79.45951, 43.75109 ], [ -79.43847, 43.75546 ], [ -79.43002, 43.75728 ] ] ] } },
{ "type": "Feature", "properties": { "ct": "5350297.02", "nname": "Clanton Park", "oldcity": "North York", "name": "0297.02", "ward": "06", "wardname": "York Centre" }, "geometry": { "type": "Polygon", "coordinates": [ [ [ -79.4528, 43.74353 ], [ -79.45258, 43.74301 ], [ -79.44202, 43.74527 ], [ -79.44049, 43.74667 ], [ -79.43646, 43.74725 ], [ -79.43847, 43.75546 ], [ -79.45951, 43.75109 ], [ -79.45822, 43.748 ], [ -79.4549, 43.74871 ], [ -79.4528, 43.74353 ] ] ] } },
{ "type": "Feature", "properties": { "ct": "5350302.01", "nname": "Pleasant View", "oldcity": "North York", "name": "0302.01", "ward": "17", "wardname": "Don Valley North" }, "geometry": { "type": "Polygon", "coordinates": [ [ [ -79.33964, 43.77604 ], [ -79.32771, 43.7747 ], [ -79.32291, 43.77527 ], [ -79.32792, 43.78573 ], [ -79.34076, 43.78286 ], [ -79.33964, 43.77604 ] ] ] } },
{ "type": "Feature", "properties": { "ct": "5350302.02", "nname": "Pleasant View", "oldcity": "North York", "name": "0302.02", "ward": "17", "wardname": "Don Valley North" }, "geometry": { "type": "Polygon", "coordinates": [ [ [ -79.3314, 43.79311 ], [ -79.33359, 43.79271 ], [ -79.33597, 43.79305 ], [ -79.33965, 43.79485 ], [ -79.34346, 43.79523 ], [ -79.34158, 43.78659 ], [ -79.34076, 43.78286 ], [ -79.32792, 43.78573 ], [ -79.3314, 43.79311 ] ] ] } },
{ "type": "Feature", "properties": { "ct": "5350304.05", "nname": "Don Valley Village", "oldcity": "North York", "name": "0304.05", "ward": "17", "wardname": "Don Valley North" }, "geometry": { "type": "Polygon", "coordinates": [ [ [ -79.34158, 43.78659 ], [ -79.34346, 43.79523 ], [ -79.35473, 43.79266 ], [ -79.35395, 43.78956 ], [ -79.35302, 43.78735 ], [ -79.35017, 43.78798 ], [ -79.34767, 43.78771 ], [ -79.34471, 43.7864 ], [ -79.34158, 43.78659 ] ] ] } },
{ "type": "Feature", "properties": { "ct": "5350304.06", "nname": "Don Valley Village", "oldcity": "North York", "name": "0304.06", "ward": "17", "wardname": "Don Valley North" }, "geometry": { "type": "Polygon", "coordinates": [ [ [ -79.36655, 43.78375 ], [ -79.35734, 43.78575 ], [ -79.35546, 43.78672 ], [ -79.35302, 43.78735 ], [ -79.35395, 43.78956 ], [ -79.35473, 43.79266 ], [ -79.36625, 43.79014 ], [ -79.36806, 43.79001 ], [ -79.36655, 43.78375 ] ] ] } },
{ "type": "Feature", "properties": { "ct": "5350308.02", "nname": "Willowdale West", "oldcity": "North York", "name": "0308.02", "ward": "18", "wardname": "Willowdale" }, "geometry": { "type": "Polygon", "coordinates": [ [ [ -79.44025, 43.7627 ], [ -79.43793, 43.76308 ], [ -79.42556, 43.76598 ], [ -79.42666, 43.76862 ], [ -79.42735, 43.76975 ], [ -79.43025, 43.7765 ], [ -79.44103, 43.77411 ], [ -79.443, 43.77386 ], [ -79.44025, 43.7627 ] ] ] } },
{ "type": "Feature", "properties": { "ct": "5350312.04", "nname": "Glenfield-Jane Heights", "oldcity": "North York", "name": "0312.04", "ward": "07", "wardname": "Humber River-Black Creek" }, "geometry": { "type": "Polygon", "coordinates": [ [ [ -79.51772, 43.75724 ], [ -79.5207, 43.75673 ], [ -79.52431, 43.75599 ], [ -79.52443, 43.75398 ], [ -79.52658, 43.75263 ], [ -79.52633, 43.75121 ], [ -79.52706, 43.74949 ], [ -79.52641, 43.74674 ], [ -79.51568, 43.74915 ], [ -79.51772, 43.75724 ] ] ] } },
{ "type": "Feature", "properties": { "ct": "5350063.06", "nname": "Church-Wellesley", "oldcity": "Toronto", "name": "0063.06", "ward": "13", "wardname": "Toronto Centre" }, "geometry": { "type": "Polygon", "coordinates": [ [ [ -79.3831, 43.66138 ], [ -79.37936, 43.66188 ], [ -79.38163, 43.66737 ], [ -79.38525, 43.66655 ], [ -79.38504, 43.66607 ], [ -79.3831, 43.66138 ] ] ] } },
{ "type": "Feature", "properties": { "ct": "5350317.02", "nname": "Westminster-Branson", "oldcity": "North York", "name": "0317.02", "ward": "06", "wardname": "York Centre" }, "geometry": { "type": "Polygon", "coordinates": [ [ [ -79.4505, 43.78285 ], [ -79.44554, 43.78393 ], [ -79.44667, 43.78859 ], [ -79.44543, 43.79057 ], [ -79.44575, 43.79241 ], [ -79.45303, 43.79081 ], [ -79.45102, 43.78593 ], [ -79.45128, 43.7835 ], [ -79.4505, 43.78285 ] ] ] } },
{ "type": "Feature", "properties": { "ct": "5350320.01", "nname": "Newtonbrook West", "oldcity": "North York", "name": "0320.01", "ward": "18", "wardname": "Willowdale" }, "geometry": { "type": "Polygon", "coordinates": [ [ [ -79.44104, 43.79346 ], [ -79.44575, 43.79241 ], [ -79.44543, 43.79057 ], [ -79.44667, 43.78859 ], [ -79.44554, 43.78393 ], [ -79.44483, 43.78104 ], [ -79.43654, 43.78289 ], [ -79.43893, 43.78849 ], [ -79.43957, 43.79005 ], [ -79.43976, 43.7926 ], [ -79.44104, 43.79346 ] ] ] } },
{ "type": "Feature", "properties": { "ct": "5350320.02", "nname": "Newtonbrook West", "oldcity": "North York", "name": "0320.02", "ward": "18", "wardname": "Willowdale" }, "geometry": { "type": "Polygon", "coordinates": [ [ [ -79.43893, 43.78849 ], [ -79.43331, 43.78974 ], [ -79.43349, 43.79063 ], [ -79.41901, 43.79381 ], [ -79.42008, 43.798 ], [ -79.44104, 43.79346 ], [ -79.43976, 43.7926 ], [ -79.43957, 43.79005 ], [ -79.43893, 43.78849 ] ] ] } },
{ "type": "Feature", "properties": { "ct": "5350323.01", "nname": "Bayview Woods-Steeles", "oldcity": "North York", "name": "0323.01", "ward": "17", "wardname": "Don Valley North" }, "geometry": { "type": "Polygon", "coordinates": [ [ [ -79.37596, 43.78857 ], [ -79.37588, 43.78985 ], [ -79.37763, 43.79095 ], [ -79.37683, 43.79313 ], [ -79.3801, 43.79417 ], [ -79.38054, 43.79561 ], [ -79.38217, 43.79487 ], [ -79.392, 43.79278 ], [ -79.39359, 43.7923 ], [ -79.39214, 43.78501 ], [ -79.37596, 43.78857 ] ] ] } },
{ "type": "Feature", "properties": { "ct": "5350323.02", "nname": "Bayview Woods-Steeles", "oldcity": "North York", "name": "0323.02", "ward": "17", "wardname": "Don Valley North" }, "geometry": { "type": "Polygon", "coordinates": [ [ [ -79.37184, 43.80593 ], [ -79.37155, 43.8082 ], [ -79.37175, 43.8087 ], [ -79.3805, 43.80682 ], [ -79.39622, 43.80327 ], [ -79.39517, 43.79915 ], [ -79.39359, 43.7923 ], [ -79.392, 43.79278 ], [ -79.38217, 43.79487 ], [ -79.38054, 43.79561 ], [ -79.38191, 43.7964 ], [ -79.38204, 43.79818 ], [ -79.38087, 43.80002 ], [ -79.37878, 43.80059 ], [ -79.37421, 43.80317 ], [ -79.37322, 43.80554 ], [ -79.37184, 43.80593 ] ] ] } },
{ "type": "Feature", "properties": { "ct": "5350128.05", "nname": "South Eglinton-Davisville", "oldcity": "Toronto", "name": "0128.05", "ward": "12", "wardname": "Toronto-St. Paul's" }, "geometry": { "type": "Polygon", "coordinates": [ [ [ -79.39664, 43.6983 ], [ -79.38696, 43.70032 ], [ -79.38782, 43.70247 ], [ -79.39013, 43.7017 ], [ -79.39703, 43.7003 ], [ -79.39664, 43.6983 ] ] ] } },
{ "type": "Feature", "properties": { "ct": "5350331.01", "nname": "Guildwood", "oldcity": "Scarborough", "name": "0331.01", "ward": "24", "wardname": "Scarborough-Guildwood" }, "geometry": { "type": "Polygon", "coordinates": [ [ [ -79.20471, 43.735 ], [ -79.20232, 43.73576 ], [ -79.19747, 43.73919 ], [ -79.19643, 43.74059 ], [ -79.20162, 43.75312 ], [ -79.20194, 43.75422 ], [ -79.20341, 43.75391 ], [ -79.20703, 43.75297 ], [ -79.21128, 43.75117 ], [ -79.2112, 43.75027 ], [ -79.20939, 43.74611 ], [ -79.20788, 43.74253 ], [ -79.20885, 43.74065 ], [ -79.20826, 43.73758 ], [ -79.2076, 43.73607 ], [ -79.20587, 43.7377 ], [ -79.20471, 43.735 ] ] ] } },
{ "type": "Feature", "properties": { "ct": "5350128.06", "nname": "South Eglinton-Davisville", "oldcity": "Toronto", "name": "0128.06", "ward": "12", "wardname": "Toronto-St. Paul's" }, "geometry": { "type": "Polygon", "coordinates": [ [ [ -79.39646, 43.69737 ], [ -79.38673, 43.69931 ], [ -79.38696, 43.70032 ], [ -79.39664, 43.6983 ], [ -79.39646, 43.69737 ] ] ] } },
{ "type": "Feature", "properties": { "ct": "5350196.01", "nname": "Leaside-Bennington", "oldcity": "East York", "name": "0196.01", "ward": "15", "wardname": "Don Valley West" }, "geometry": { "type": "Polygon", "coordinates": [ [ [ -79.36929, 43.71168 ], [ -79.37183, 43.71796 ], [ -79.37808, 43.71672 ], [ -79.37749, 43.7131 ], [ -79.37715, 43.71104 ], [ -79.37206, 43.7121 ], [ -79.37097, 43.71132 ], [ -79.36929, 43.71168 ] ] ] } },
{ "type": "Feature", "properties": { "ct": "5350341.02", "nname": "Oakridge", "oldcity": "Scarborough", "name": "0341.02", "ward": "20", "wardname": "Scarborough Southwest" }, "geometry": { "type": "Polygon", "coordinates": [ [ [ -79.27325, 43.69344 ], [ -79.27085, 43.69496 ], [ -79.26793, 43.69766 ], [ -79.26765, 43.6996 ], [ -79.26938, 43.70129 ], [ -79.27237, 43.70065 ], [ -79.27442, 43.69789 ], [ -79.27678, 43.69556 ], [ -79.288, 43.69308 ], [ -79.28901, 43.69287 ], [ -79.28792, 43.69018 ], [ -79.28752, 43.68922 ], [ -79.27782, 43.69151 ], [ -79.27325, 43.69344 ] ] ] } },
{ "type": "Feature", "properties": { "ct": "5350346.01", "nname": "Kennedy Park", "oldcity": "Scarborough", "name": "0346.01", "ward": "20", "wardname": "Scarborough Southwest" }, "geometry": { "type": "Polygon", "coordinates": [ [ [ -79.27111, 43.71416 ], [ -79.26133, 43.71653 ], [ -79.26498, 43.72526 ], [ -79.25715, 43.7269 ], [ -79.25955, 43.7278 ], [ -79.26121, 43.72946 ], [ -79.26296, 43.73347 ], [ -79.26796, 43.73229 ], [ -79.26745, 43.73097 ], [ -79.27385, 43.72416 ], [ -79.27486, 43.72265 ], [ -79.27111, 43.71416 ] ] ] } },
{ "type": "Feature", "properties": { "ct": "5350346.02", "nname": "Ionview", "oldcity": "Scarborough", "name": "0346.02", "ward": "20", "wardname": "Scarborough Southwest" }, "geometry": { "type": "Polygon", "coordinates": [ [ [ -79.27486, 43.72265 ], [ -79.27385, 43.72416 ], [ -79.26745, 43.73097 ], [ -79.26796, 43.73229 ], [ -79.2712, 43.73144 ], [ -79.27787, 43.73006 ], [ -79.2776, 43.729 ], [ -79.27486, 43.72265 ] ] ] } },
{ "type": "Feature", "properties": { "ct": "5350196.02", "nname": "Leaside-Bennington", "oldcity": "East York", "name": "0196.02", "ward": "15", "wardname": "Don Valley West" }, "geometry": { "type": "Polygon", "coordinates": [ [ [ -79.36929, 43.71168 ], [ -79.37097, 43.71132 ], [ -79.37206, 43.7121 ], [ -79.37715, 43.71104 ], [ -79.37493, 43.70511 ], [ -79.37173, 43.69675 ], [ -79.36709, 43.69774 ], [ -79.36418, 43.69997 ], [ -79.36156, 43.70246 ], [ -79.36668, 43.70448 ], [ -79.36689, 43.70576 ], [ -79.36892, 43.71079 ], [ -79.36929, 43.71168 ] ] ] } },
{ "type": "Feature", "properties": { "ct": "5350353.02", "nname": "Bendale South", "oldcity": "Scarborough", "name": "0353.02", "ward": "21", "wardname": "Scarborough Centre" }, "geometry": { "type": "Polygon", "coordinates": [ [ [ -79.25099, 43.74301 ], [ -79.25536, 43.75353 ], [ -79.26382, 43.75177 ], [ -79.26509, 43.75164 ], [ -79.26398, 43.74858 ], [ -79.26828, 43.74592 ], [ -79.26663, 43.74207 ], [ -79.26172, 43.74313 ], [ -79.26145, 43.74254 ], [ -79.2577, 43.74211 ], [ -79.25598, 43.74234 ], [ -79.25451, 43.7417 ], [ -79.25064, 43.74217 ], [ -79.25099, 43.74301 ] ] ] } },
{ "type": "Feature", "properties": { "ct": "5350195.01", "nname": "Leaside-Bennington", "oldcity": "East York", "name": "0195.01", "ward": "15", "wardname": "Don Valley West" }, "geometry": { "type": "Polygon", "coordinates": [ [ [ -79.35254, 43.71626 ], [ -79.35306, 43.71684 ], [ -79.3536, 43.72038 ], [ -79.35367, 43.72107 ], [ -79.3616, 43.7198 ], [ -79.3658, 43.71924 ], [ -79.36895, 43.71834 ], [ -79.37183, 43.71796 ], [ -79.36929, 43.71168 ], [ -79.36892, 43.71079 ], [ -79.36409, 43.71182 ], [ -79.3648, 43.71357 ], [ -79.35495, 43.71563 ], [ -79.35254, 43.71626 ] ] ] } },
{ "type": "Feature", "properties": { "ct": "5350355.02", "nname": "Eglinton East", "oldcity": "Scarborough", "name": "0355.02", "ward": "21", "wardname": "Scarborough Centre" }, "geometry": { "type": "Polygon", "coordinates": [ [ [ -79.22894, 43.74142 ], [ -79.23385, 43.75318 ], [ -79.23768, 43.75338 ], [ -79.23792, 43.75118 ], [ -79.23963, 43.74859 ], [ -79.24019, 43.74597 ], [ -79.24139, 43.74529 ], [ -79.23929, 43.74059 ], [ -79.23707, 43.73632 ], [ -79.22894, 43.74142 ] ] ] } },
{ "type": "Feature", "properties": { "ct": "5350357.01", "nname": "Golfdale-Cedarbrae-Woburn", "oldcity": "Scarborough", "name": "0357.01", "ward": "24", "wardname": "Scarborough-Guildwood" }, "geometry": { "type": "Polygon", "coordinates": [ [ [ -79.22091, 43.74787 ], [ -79.21805, 43.7492 ], [ -79.21128, 43.75117 ], [ -79.21352, 43.75496 ], [ -79.21362, 43.75582 ], [ -79.21575, 43.76076 ], [ -79.21583, 43.76185 ], [ -79.22541, 43.7598 ], [ -79.22365, 43.75442 ], [ -79.22091, 43.74787 ] ] ] } },
{ "type": "Feature", "properties": { "ct": "5350357.02", "nname": "Golfdale-Cedarbrae-Woburn", "oldcity": "Scarborough", "name": "0357.02", "ward": "24", "wardname": "Scarborough-Guildwood" }, "geometry": { "type": "Polygon", "coordinates": [ [ [ -79.21128, 43.75117 ], [ -79.20703, 43.75297 ], [ -79.20341, 43.75391 ], [ -79.20398, 43.75566 ], [ -79.20289, 43.75602 ], [ -79.20348, 43.75774 ], [ -79.20269, 43.75861 ], [ -79.2024, 43.76069 ], [ -79.2028, 43.76259 ], [ -79.20154, 43.76307 ], [ -79.20205, 43.76487 ], [ -79.20562, 43.76405 ], [ -79.21583, 43.76185 ], [ -79.21575, 43.76076 ], [ -79.21362, 43.75582 ], [ -79.21352, 43.75496 ], [ -79.21128, 43.75117 ] ] ] } },
{ "type": "Feature", "properties": { "ct": "5350358.01", "nname": "West Hill", "oldcity": "Scarborough", "name": "0358.01", "ward": "24", "wardname": "Scarborough-Guildwood" }, "geometry": { "type": "Polygon", "coordinates": [ [ [ -79.17714, 43.75901 ], [ -79.17182, 43.76004 ], [ -79.17373, 43.76446 ], [ -79.17887, 43.7633 ], [ -79.1836, 43.76191 ], [ -79.18648, 43.76231 ], [ -79.18922, 43.76175 ], [ -79.19143, 43.76074 ], [ -79.1939, 43.76018 ], [ -79.19476, 43.7621 ], [ -79.20194, 43.75422 ], [ -79.17714, 43.75901 ] ] ] } },
{ "type": "Feature", "properties": { "ct": "5350358.02", "nname": "West Hill", "oldcity": "Scarborough", "name": "0358.02", "ward": "25", "wardname": "Scarborough-Rouge Park" }, "geometry": { "type": "Polygon", "coordinates": [ [ [ -79.1836, 43.76191 ], [ -79.17887, 43.7633 ], [ -79.17373, 43.76446 ], [ -79.17627, 43.77065 ], [ -79.18622, 43.76841 ], [ -79.18591, 43.76725 ], [ -79.1836, 43.76191 ] ] ] } },
{ "type": "Feature", "properties": { "ct": "5350358.03", "nname": "West Hill", "oldcity": "Scarborough", "name": "0358.03", "ward": "24", "wardname": "Scarborough-Guildwood" }, "geometry": { "type": "Polygon", "coordinates": [ [ [ -79.1836, 43.76191 ], [ -79.18591, 43.76725 ], [ -79.18622, 43.76841 ], [ -79.20205, 43.76487 ], [ -79.20154, 43.76307 ], [ -79.2028, 43.76259 ], [ -79.2024, 43.76069 ], [ -79.20269, 43.75861 ], [ -79.20348, 43.75774 ], [ -79.20289, 43.75602 ], [ -79.20398, 43.75566 ], [ -79.20341, 43.75391 ], [ -79.20194, 43.75422 ], [ -79.19476, 43.7621 ], [ -79.1939, 43.76018 ], [ -79.19143, 43.76074 ], [ -79.18922, 43.76175 ], [ -79.18648, 43.76231 ], [ -79.1836, 43.76191 ] ] ] } },
{ "type": "Feature", "properties": { "ct": "5350195.02", "nname": "Leaside-Bennington", "oldcity": "East York", "name": "0195.02", "ward": "15", "wardname": "Don Valley West" }, "geometry": { "type": "Polygon", "coordinates": [ [ [ -79.36156, 43.70246 ], [ -79.36055, 43.70314 ], [ -79.36409, 43.71182 ], [ -79.36892, 43.71079 ], [ -79.36689, 43.70576 ], [ -79.36668, 43.70448 ], [ -79.36156, 43.70246 ] ] ] } },
{ "type": "Feature", "properties": { "ct": "5350363.02", "nname": "Morningside", "oldcity": "Scarborough", "name": "0363.02", "ward": "24", "wardname": "Scarborough-Guildwood" }, "geometry": { "type": "Polygon", "coordinates": [ [ [ -79.20497, 43.7826 ], [ -79.20653, 43.78613 ], [ -79.20955, 43.78892 ], [ -79.21363, 43.79123 ], [ -79.21563, 43.7937 ], [ -79.21823, 43.79294 ], [ -79.22197, 43.79134 ], [ -79.22555, 43.78923 ], [ -79.22453, 43.78843 ], [ -79.22207, 43.78799 ], [ -79.22296, 43.78698 ], [ -79.22301, 43.78563 ], [ -79.22048, 43.78524 ], [ -79.22041, 43.78403 ], [ -79.21889, 43.78268 ], [ -79.2176, 43.78426 ], [ -79.21522, 43.78309 ], [ -79.21361, 43.78355 ], [ -79.21113, 43.78119 ], [ -79.20497, 43.7826 ] ] ] } },
{ "type": "Feature", "properties": { "ct": "5350139.01", "nname": "Lawrence Park South", "oldcity": "Toronto", "name": "0139.01", "ward": "08", "wardname": "Eglinton-Lawrence" }, "geometry": { "type": "Polygon", "coordinates": [ [ [ -79.41233, 43.71599 ], [ -79.40084, 43.71834 ], [ -79.40219, 43.7251 ], [ -79.4142, 43.72257 ], [ -79.4138, 43.71885 ], [ -79.41462, 43.71835 ], [ -79.41233, 43.71599 ] ] ] } },
{ "type": "Feature", "properties": { "ct": "5350364.01", "nname": "Morningside", "oldcity": "Scarborough", "name": "0364.01", "ward": "24", "wardname": "Scarborough-Guildwood" }, "geometry": { "type": "Polygon", "coordinates": [ [ [ -79.20205, 43.76487 ], [ -79.20348, 43.7667 ], [ -79.20135, 43.76749 ], [ -79.1988, 43.77174 ], [ -79.19975, 43.7731 ], [ -79.19855, 43.77443 ], [ -79.19819, 43.77617 ], [ -79.19667, 43.77625 ], [ -79.19509, 43.77718 ], [ -79.19361, 43.77676 ], [ -79.19287, 43.7783 ], [ -79.19062, 43.77889 ], [ -79.19333, 43.78535 ], [ -79.19684, 43.7845 ], [ -79.20497, 43.7826 ], [ -79.21113, 43.78119 ], [ -79.22221, 43.77856 ], [ -79.21868, 43.76981 ], [ -79.21277, 43.77114 ], [ -79.20874, 43.77145 ], [ -79.20562, 43.76405 ], [ -79.20205, 43.76487 ] ] ] } },
{ "type": "Feature", "properties": { "ct": "5350364.02", "nname": "Golfdale-Cedarbrae-Woburn", "oldcity": "Scarborough", "name": "0364.02", "ward": "24", "wardname": "Scarborough-Guildwood" }, "geometry": { "type": "Polygon", "coordinates": [ [ [ -79.21583, 43.76185 ], [ -79.20562, 43.76405 ], [ -79.20874, 43.77145 ], [ -79.21277, 43.77114 ], [ -79.21868, 43.76981 ], [ -79.21605, 43.7634 ], [ -79.21583, 43.76185 ] ] ] } },
{ "type": "Feature", "properties": { "ct": "5350367.01", "nname": "Woburn North", "oldcity": "Scarborough", "name": "0367.01", "ward": "24", "wardname": "Scarborough-Guildwood" }, "geometry": { "type": "Polygon", "coordinates": [ [ [ -79.23821, 43.76518 ], [ -79.22966, 43.77091 ], [ -79.23175, 43.77644 ], [ -79.24175, 43.77434 ], [ -79.24135, 43.77293 ], [ -79.23821, 43.76518 ] ] ] } },
{ "type": "Feature", "properties": { "ct": "5350367.02", "nname": "Woburn North", "oldcity": "Scarborough", "name": "0367.02", "ward": "24", "wardname": "Scarborough-Guildwood" }, "geometry": { "type": "Polygon", "coordinates": [ [ [ -79.24666, 43.75962 ], [ -79.24228, 43.76234 ], [ -79.23821, 43.76518 ], [ -79.24135, 43.77293 ], [ -79.24175, 43.77434 ], [ -79.25147, 43.77209 ], [ -79.24666, 43.75962 ] ] ] } },
{ "type": "Feature", "properties": { "ct": "5350370.01", "nname": "Dorset Park", "oldcity": "Scarborough", "name": "0370.01", "ward": "21", "wardname": "Scarborough Centre" }, "geometry": { "type": "Polygon", "coordinates": [ [ [ -79.29135, 43.76343 ], [ -79.2815, 43.7658 ], [ -79.27112, 43.76798 ], [ -79.27164, 43.76966 ], [ -79.27477, 43.7773 ], [ -79.28453, 43.77503 ], [ -79.29441, 43.77273 ], [ -79.29133, 43.76548 ], [ -79.29135, 43.76343 ] ] ] } },
{ "type": "Feature", "properties": { "ct": "5350370.02", "nname": "Dorset Park", "oldcity": "Scarborough", "name": "0370.02", "ward": "21", "wardname": "Scarborough Centre" }, "geometry": { "type": "Polygon", "coordinates": [ [ [ -79.26509, 43.75164 ], [ -79.27084, 43.76667 ], [ -79.27112, 43.76798 ], [ -79.2815, 43.7658 ], [ -79.29135, 43.76343 ], [ -79.28906, 43.7579 ], [ -79.28582, 43.75874 ], [ -79.2778, 43.75527 ], [ -79.27714, 43.75541 ], [ -79.27496, 43.74959 ], [ -79.26509, 43.75164 ] ] ] } },
{ "type": "Feature", "properties": { "ct": "5350370.03", "nname": "Dorset Park", "oldcity": "Scarborough", "name": "0370.03", "ward": "21", "wardname": "Scarborough Centre" }, "geometry": { "type": "Polygon", "coordinates": [ [ [ -79.27496, 43.74959 ], [ -79.27714, 43.75541 ], [ -79.2778, 43.75527 ], [ -79.28582, 43.75874 ], [ -79.28906, 43.7579 ], [ -79.28483, 43.74752 ], [ -79.27496, 43.74959 ] ] ] } },
{ "type": "Feature", "properties": { "ct": "5350374.01", "nname": "Tam O'Shanter-Sullivan", "oldcity": "Scarborough", "name": "0374.01", "ward": "22", "wardname": "Scarborough-Agincourt" }, "geometry": { "type": "Polygon", "coordinates": [ [ [ -79.31966, 43.76837 ], [ -79.31407, 43.76848 ], [ -79.31085, 43.76893 ], [ -79.30403, 43.77049 ], [ -79.3079, 43.77873 ], [ -79.31776, 43.77652 ], [ -79.32291, 43.77527 ], [ -79.31966, 43.76837 ] ] ] } },
{ "type": "Feature", "properties": { "ct": "5350374.02", "nname": "Tam O'Shanter-Sullivan", "oldcity": "Scarborough", "name": "0374.02", "ward": "22", "wardname": "Scarborough-Agincourt" }, "geometry": { "type": "Polygon", "coordinates": [ [ [ -79.30403, 43.77049 ], [ -79.29441, 43.77273 ], [ -79.2975, 43.78003 ], [ -79.2981, 43.78106 ], [ -79.3079, 43.77873 ], [ -79.30403, 43.77049 ] ] ] } },
{ "type": "Feature", "properties": { "ct": "5350374.03", "nname": "Tam O'Shanter-Sullivan", "oldcity": "Scarborough", "name": "0374.03", "ward": "22", "wardname": "Scarborough-Agincourt" }, "geometry": { "type": "Polygon", "coordinates": [ [ [ -79.29441, 43.77273 ], [ -79.28453, 43.77503 ], [ -79.28653, 43.77982 ], [ -79.28825, 43.78329 ], [ -79.2981, 43.78106 ], [ -79.2975, 43.78003 ], [ -79.29441, 43.77273 ] ] ] } },
{ "type": "Feature", "properties": { "ct": "5350375.04", "nname": "East L'Amoreaux", "oldcity": "Scarborough", "name": "0375.04", "ward": "22", "wardname": "Scarborough-Agincourt" }, "geometry": { "type": "Polygon", "coordinates": [ [ [ -79.31094, 43.78548 ], [ -79.30805, 43.78677 ], [ -79.30689, 43.78927 ], [ -79.30229, 43.79044 ], [ -79.30597, 43.799 ], [ -79.31576, 43.79677 ], [ -79.31094, 43.78548 ] ] ] } },
{ "type": "Feature", "properties": { "ct": "5350375.05", "nname": "L'Amoreaux West", "oldcity": "Scarborough", "name": "0375.05", "ward": "22", "wardname": "Scarborough-Agincourt" }, "geometry": { "type": "Polygon", "coordinates": [ [ [ -79.32016, 43.78168 ], [ -79.31908, 43.78205 ], [ -79.31608, 43.78422 ], [ -79.31094, 43.78548 ], [ -79.31576, 43.79677 ], [ -79.32596, 43.79433 ], [ -79.32497, 43.7928 ], [ -79.32016, 43.78168 ] ] ] } },
{ "type": "Feature", "properties": { "ct": "5350139.02", "nname": "Lawrence Park South", "oldcity": "Toronto", "name": "0139.02", "ward": "08", "wardname": "Eglinton-Lawrence" }, "geometry": { "type": "Polygon", "coordinates": [ [ [ -79.41149, 43.71119 ], [ -79.39983, 43.71365 ], [ -79.40047, 43.71661 ], [ -79.40084, 43.71834 ], [ -79.41233, 43.71599 ], [ -79.41149, 43.71119 ] ] ] } },
{ "type": "Feature", "properties": { "ct": "5350377.02", "nname": "Agincourt South-Malvern West", "oldcity": "Scarborough", "name": "0377.02", "ward": "23", "wardname": "Scarborough North" }, "geometry": { "type": "Polygon", "coordinates": [ [ [ -79.27477, 43.7773 ], [ -79.26467, 43.77938 ], [ -79.26754, 43.78636 ], [ -79.2693, 43.78907 ], [ -79.27336, 43.79841 ], [ -79.27851, 43.79808 ], [ -79.28343, 43.79706 ], [ -79.27847, 43.78537 ], [ -79.27693, 43.78281 ], [ -79.27477, 43.7773 ] ] ] } },
{ "type": "Feature", "properties": { "ct": "5350377.03", "nname": "Agincourt North", "oldcity": "Scarborough", "name": "0377.03", "ward": "23", "wardname": "Scarborough North" }, "geometry": { "type": "Polygon", "coordinates": [ [ [ -79.28343, 43.79706 ], [ -79.27851, 43.79808 ], [ -79.27336, 43.79841 ], [ -79.27574, 43.80387 ], [ -79.27739, 43.80571 ], [ -79.28628, 43.80375 ], [ -79.28343, 43.79706 ] ] ] } },
{ "type": "Feature", "properties": { "ct": "5350287.03", "nname": "Englemount-Lawrence", "oldcity": "North York", "name": "0287.03", "ward": "08", "wardname": "Eglinton-Lawrence" }, "geometry": { "type": "Polygon", "coordinates": [ [ [ -79.43509, 43.71804 ], [ -79.43548, 43.71895 ], [ -79.43742, 43.71911 ], [ -79.43964, 43.72069 ], [ -79.4404, 43.72253 ], [ -79.43926, 43.72439 ], [ -79.4396, 43.72522 ], [ -79.4469, 43.72367 ], [ -79.44401, 43.71615 ], [ -79.43509, 43.71804 ] ] ] } },
{ "type": "Feature", "properties": { "ct": "5350378.02", "nname": "Agincourt South-Malvern West", "oldcity": "Scarborough", "name": "0378.02", "ward": "23", "wardname": "Scarborough North" }, "geometry": { "type": "Polygon", "coordinates": [ [ [ -79.26467, 43.77938 ], [ -79.2548, 43.78126 ], [ -79.25646, 43.78575 ], [ -79.25856, 43.78905 ], [ -79.26043, 43.7935 ], [ -79.2693, 43.78907 ], [ -79.26754, 43.78636 ], [ -79.26467, 43.77938 ] ] ] } },
{ "type": "Feature", "properties": { "ct": "5350378.03", "nname": "Malvern East", "oldcity": "Scarborough", "name": "0378.03", "ward": "23", "wardname": "Scarborough North" }, "geometry": { "type": "Polygon", "coordinates": [ [ [ -79.23528, 43.78561 ], [ -79.22947, 43.78746 ], [ -79.22555, 43.78923 ], [ -79.22197, 43.79134 ], [ -79.21823, 43.79294 ], [ -79.21563, 43.7937 ], [ -79.2134, 43.79415 ], [ -79.19689, 43.79654 ], [ -79.19976, 43.80198 ], [ -79.20689, 43.80048 ], [ -79.21755, 43.79814 ], [ -79.22753, 43.79615 ], [ -79.23874, 43.79387 ], [ -79.23633, 43.7878 ], [ -79.23528, 43.78561 ] ] ] } },
{ "type": "Feature", "properties": { "ct": "5350287.04", "nname": "Englemount-Lawrence", "oldcity": "North York", "name": "0287.04", "ward": "08", "wardname": "Eglinton-Lawrence" }, "geometry": { "type": "Polygon", "coordinates": [ [ [ -79.43509, 43.71804 ], [ -79.42981, 43.71926 ], [ -79.43152, 43.72694 ], [ -79.4396, 43.72522 ], [ -79.43926, 43.72439 ], [ -79.4404, 43.72253 ], [ -79.43964, 43.72069 ], [ -79.43742, 43.71911 ], [ -79.43548, 43.71895 ], [ -79.43509, 43.71804 ] ] ] } },
{ "type": "Feature", "properties": { "ct": "5350308.03", "nname": "Willowdale West", "oldcity": "North York", "name": "0308.03", "ward": "18", "wardname": "Willowdale" }, "geometry": { "type": "Polygon", "coordinates": [ [ [ -79.42666, 43.76862 ], [ -79.41961, 43.77018 ], [ -79.42035, 43.77192 ], [ -79.42278, 43.77139 ], [ -79.42405, 43.77441 ], [ -79.42165, 43.77496 ], [ -79.422, 43.77582 ], [ -79.4261, 43.7749 ], [ -79.42706, 43.77721 ], [ -79.43025, 43.7765 ], [ -79.42735, 43.76975 ], [ -79.42666, 43.76862 ] ] ] } },
{ "type": "Feature", "properties": { "ct": "5350291.03", "nname": "Downsview", "oldcity": "North York", "name": "0291.03", "ward": "06", "wardname": "York Centre" }, "geometry": { "type": "Polygon", "coordinates": [ [ [ -79.48369, 43.72629 ], [ -79.48449, 43.72811 ], [ -79.48252, 43.72856 ], [ -79.48372, 43.73358 ], [ -79.48532, 43.73302 ], [ -79.49307, 43.73143 ], [ -79.49144, 43.72794 ], [ -79.48805, 43.7273 ], [ -79.48628, 43.7277 ], [ -79.48547, 43.72588 ], [ -79.48369, 43.72629 ] ] ] } },
{ "type": "Feature", "properties": { "ct": "5350291.04", "nname": "Downsview", "oldcity": "North York", "name": "0291.04", "ward": "06", "wardname": "York Centre" }, "geometry": { "type": "Polygon", "coordinates": [ [ [ -79.47412, 43.73275 ], [ -79.47772, 43.73224 ], [ -79.47918, 43.73521 ], [ -79.48397, 43.73465 ], [ -79.48372, 43.73358 ], [ -79.48252, 43.72856 ], [ -79.48449, 43.72811 ], [ -79.48369, 43.72629 ], [ -79.48206, 43.72664 ], [ -79.47934, 43.72779 ], [ -79.47339, 43.72916 ], [ -79.47412, 43.73275 ] ] ] } },
{ "type": "Feature", "properties": { "ct": "5350290.01", "nname": "Oakdale-Beverley Heights", "oldcity": "North York", "name": "0290.01", "ward": "06", "wardname": "York Centre" }, "geometry": { "type": "Polygon", "coordinates": [ [ [ -79.50782, 43.71776 ], [ -79.50197, 43.71843 ], [ -79.49248, 43.7201 ], [ -79.48983, 43.72062 ], [ -79.48121, 43.72276 ], [ -79.48206, 43.72664 ], [ -79.48369, 43.72629 ], [ -79.48547, 43.72588 ], [ -79.50627, 43.72124 ], [ -79.50864, 43.721 ], [ -79.50782, 43.71776 ] ] ] } },
{ "type": "Feature", "properties": { "ct": "5350290.02", "nname": "Downsview", "oldcity": "North York", "name": "0290.02", "ward": "06", "wardname": "York Centre" }, "geometry": { "type": "Polygon", "coordinates": [ [ [ -79.48121, 43.72276 ], [ -79.47254, 43.72488 ], [ -79.47339, 43.72916 ], [ -79.47934, 43.72779 ], [ -79.48206, 43.72664 ], [ -79.48121, 43.72276 ] ] ] } },
{ "type": "Feature", "properties": { "ct": "5350096.01", "nname": "Dovercourt Village", "oldcity": "Toronto", "name": "0096.01", "ward": "09", "wardname": "Davenport" }, "geometry": { "type": "Polygon", "coordinates": [ [ [ -79.43792, 43.66585 ], [ -79.43171, 43.66719 ], [ -79.433, 43.67026 ], [ -79.43928, 43.66899 ], [ -79.43818, 43.66643 ], [ -79.43792, 43.66585 ] ] ] } },
{ "type": "Feature", "properties": { "ct": "5350096.02", "nname": "Dovercourt Village", "oldcity": "Toronto", "name": "0096.02", "ward": "09", "wardname": "Davenport" }, "geometry": { "type": "Polygon", "coordinates": [ [ [ -79.42942, 43.66115 ], [ -79.42966, 43.66224 ], [ -79.43171, 43.66719 ], [ -79.43792, 43.66585 ], [ -79.43706, 43.66386 ], [ -79.43536, 43.65989 ], [ -79.42942, 43.66115 ] ] ] } },
{ "type": "Feature", "properties": { "ct": "5350097.03", "nname": "Junction-Wallace Emerson", "oldcity": "Toronto", "name": "0097.03", "ward": "09", "wardname": "Davenport" }, "geometry": { "type": "Polygon", "coordinates": [ [ [ -79.43818, 43.66643 ], [ -79.43928, 43.66899 ], [ -79.44898, 43.66724 ], [ -79.44859, 43.6663 ], [ -79.44418, 43.66721 ], [ -79.44344, 43.66537 ], [ -79.43818, 43.66643 ] ] ] } },
{ "type": "Feature", "properties": { "ct": "5350097.04", "nname": "Junction-Wallace Emerson", "oldcity": "Toronto", "name": "0097.04", "ward": "09", "wardname": "Davenport" }, "geometry": { "type": "Polygon", "coordinates": [ [ [ -79.43706, 43.66386 ], [ -79.43792, 43.66585 ], [ -79.43818, 43.66643 ], [ -79.44344, 43.66537 ], [ -79.44418, 43.66721 ], [ -79.44859, 43.6663 ], [ -79.44678, 43.66185 ], [ -79.43706, 43.66386 ] ] ] } },
{ "type": "Feature", "properties": { "ct": "5350008.01", "nname": "Fort York-Liberty Village", "oldcity": "Toronto", "name": "0008.01", "ward": "10", "wardname": "Spadina-Fort York" }, "geometry": { "type": "Polygon", "coordinates": [ [ [ -79.41953, 43.63584 ], [ -79.41044, 43.6383 ], [ -79.41128, 43.64029 ], [ -79.42141, 43.64068 ], [ -79.42128, 43.64018 ], [ -79.41953, 43.63584 ] ] ] } },
{ "type": "Feature", "properties": { "ct": "5350008.02", "nname": "Fort York-Liberty Village", "oldcity": "Toronto", "name": "0008.02", "ward": "10", "wardname": "Spadina-Fort York" }, "geometry": { "type": "Polygon", "coordinates": [ [ [ -79.39649, 43.63415 ], [ -79.39964, 43.63649 ], [ -79.40133, 43.64054 ], [ -79.40643, 43.64016 ], [ -79.41128, 43.64029 ], [ -79.41044, 43.6383 ], [ -79.41953, 43.63584 ], [ -79.42687, 43.63381 ], [ -79.42889, 43.63347 ], [ -79.42703, 43.62972 ], [ -79.42013, 43.63013 ], [ -79.4187, 43.62944 ], [ -79.4174, 43.62992 ], [ -79.41174, 43.63061 ], [ -79.4121, 43.62942 ], [ -79.41388, 43.63013 ], [ -79.41459, 43.62772 ], [ -79.41572, 43.6283 ], [ -79.41873, 43.62755 ], [ -79.41967, 43.62936 ], [ -79.42517, 43.6289 ], [ -79.42669, 43.62898 ], [ -79.42667, 43.62892 ], [ -79.42518, 43.62884 ], [ -79.42265, 43.62903 ], [ -79.42255, 43.62772 ], [ -79.41861, 43.62679 ], [ -79.41625, 43.62813 ], [ -79.41483, 43.62717 ], [ -79.4112, 43.62736 ], [ -79.40909, 43.62963 ], [ -79.40962, 43.63121 ], [ -79.4086, 43.63306 ], [ -79.40664, 43.63285 ], [ -79.4034, 43.63339 ], [ -79.40161, 43.63419 ], [ -79.40033, 43.63294 ], [ -79.40294, 43.63153 ], [ -79.40232, 43.631 ], [ -79.39649, 43.63415 ] ] ] } },
{ "type": "Feature", "properties": { "ct": "5350047.03", "nname": "Roncesvalles", "oldcity": "Toronto", "name": "0047.03", "ward": "04", "wardname": "Parkdale-High Park" }, "geometry": { "type": "Polygon", "coordinates": [ [ [ -79.43914, 43.64697 ], [ -79.4391, 43.64745 ], [ -79.44124, 43.6487 ], [ -79.44397, 43.6509 ], [ -79.44532, 43.6512 ], [ -79.44352, 43.64647 ], [ -79.4405, 43.64707 ], [ -79.43914, 43.64697 ] ] ] } },
{ "type": "Feature", "properties": { "ct": "5350047.04", "nname": "Roncesvalles", "oldcity": "Toronto", "name": "0047.04", "ward": "04", "wardname": "Parkdale-High Park" }, "geometry": { "type": "Polygon", "coordinates": [ [ [ -79.43914, 43.64697 ], [ -79.4405, 43.64707 ], [ -79.44352, 43.64647 ], [ -79.44095, 43.63974 ], [ -79.43727, 43.64045 ], [ -79.43666, 43.64058 ], [ -79.43914, 43.64697 ] ] ] } },
{ "type": "Feature", "properties": { "ct": "5350102.04", "nname": "High Park North", "oldcity": "Toronto", "name": "0102.04", "ward": "04", "wardname": "Parkdale-High Park" }, "geometry": { "type": "Polygon", "coordinates": [ [ [ -79.46846, 43.65689 ], [ -79.46523, 43.65755 ], [ -79.46663, 43.66086 ], [ -79.46927, 43.66027 ], [ -79.46964, 43.65949 ], [ -79.46846, 43.65689 ] ] ] } },
{ "type": "Feature", "properties": { "ct": "5350102.05", "nname": "High Park North", "oldcity": "Toronto", "name": "0102.05", "ward": "04", "wardname": "Parkdale-High Park" }, "geometry": { "type": "Polygon", "coordinates": [ [ [ -79.46148, 43.65831 ], [ -79.46295, 43.66166 ], [ -79.46663, 43.66086 ], [ -79.46523, 43.65755 ], [ -79.46148, 43.65831 ] ] ] } },
{ "type": "Feature", "properties": { "ct": "5350050.03", "nname": "High Park-Swansea", "oldcity": "Toronto", "name": "0050.03", "ward": "04", "wardname": "Parkdale-High Park" }, "geometry": { "type": "Polygon", "coordinates": [ [ [ -79.45379, 43.63922 ], [ -79.45625, 43.64488 ], [ -79.4579, 43.64892 ], [ -79.4584, 43.65087 ], [ -79.46004, 43.65471 ], [ -79.4637, 43.6539 ], [ -79.4669, 43.6532 ], [ -79.47117, 43.65226 ], [ -79.47071, 43.65001 ], [ -79.47119, 43.64635 ], [ -79.47263, 43.64621 ], [ -79.47106, 43.6427 ], [ -79.46905, 43.64024 ], [ -79.4672, 43.63868 ], [ -79.47006, 43.63735 ], [ -79.46887, 43.63604 ], [ -79.46527, 43.63755 ], [ -79.46134, 43.63867 ], [ -79.45736, 43.63923 ], [ -79.45379, 43.63922 ] ] ] } },
{ "type": "Feature", "properties": { "ct": "5350050.04", "nname": "High Park-Swansea", "oldcity": "Toronto", "name": "0050.04", "ward": "04", "wardname": "Parkdale-High Park" }, "geometry": { "type": "Polygon", "coordinates": [ [ [ -79.47006, 43.63735 ], [ -79.4672, 43.63868 ], [ -79.46905, 43.64024 ], [ -79.47106, 43.6427 ], [ -79.47263, 43.64621 ], [ -79.47119, 43.64635 ], [ -79.47071, 43.65001 ], [ -79.47117, 43.65226 ], [ -79.4763, 43.65114 ], [ -79.48046, 43.65021 ], [ -79.47782, 43.64372 ], [ -79.47297, 43.64013 ], [ -79.47006, 43.63735 ] ] ] } },
{ "type": "Feature", "properties": { "ct": "5350210.01", "nname": "Mimico-Queensway", "oldcity": "Etobicoke", "name": "0210.01", "ward": "03", "wardname": "Etobicoke-Lakeshore" }, "geometry": { "type": "Polygon", "coordinates": [ [ [ -79.50261, 43.61327 ], [ -79.50414, 43.61731 ], [ -79.50525, 43.61707 ], [ -79.50675, 43.61961 ], [ -79.50038, 43.62102 ], [ -79.50028, 43.62074 ], [ -79.4922, 43.62254 ], [ -79.49253, 43.62336 ], [ -79.49318, 43.62481 ], [ -79.50102, 43.62294 ], [ -79.51304, 43.62052 ], [ -79.52563, 43.61803 ], [ -79.53021, 43.61716 ], [ -79.52503, 43.6047 ], [ -79.52508, 43.60352 ], [ -79.52645, 43.60153 ], [ -79.52779, 43.60075 ], [ -79.5264, 43.60144 ], [ -79.51522, 43.60701 ], [ -79.50261, 43.61327 ] ] ] } },
{ "type": "Feature", "properties": { "ct": "5350200.01", "nname": "Humber Bay Shores", "oldcity": "Etobicoke", "name": "0200.01", "ward": "03", "wardname": "Etobicoke-Lakeshore" }, "geometry": { "type": "MultiPolygon", "coordinates": [ [ [ [ -79.47706, 43.621 ], [ -79.47571, 43.61978 ], [ -79.47443, 43.62091 ], [ -79.47706, 43.621 ] ] ], [ [ [ -79.48116, 43.6218 ], [ -79.48188, 43.6221 ], [ -79.48307, 43.62064 ], [ -79.48622, 43.61928 ], [ -79.48962, 43.61322 ], [ -79.49013, 43.61047 ], [ -79.48665, 43.61039 ], [ -79.48717, 43.61262 ], [ -79.48625, 43.61393 ], [ -79.48516, 43.61694 ], [ -79.48431, 43.61799 ], [ -79.48161, 43.61877 ], [ -79.47885, 43.61718 ], [ -79.48007, 43.6162 ], [ -79.48047, 43.61408 ], [ -79.47934, 43.61308 ], [ -79.47523, 43.61803 ], [ -79.48116, 43.6218 ] ] ] ] } },
{ "type": "Feature", "properties": { "ct": "5350200.02", "nname": "Mimico-Queensway", "oldcity": "Etobicoke", "name": "0200.02", "ward": "03", "wardname": "Etobicoke-Lakeshore" }, "geometry": { "type": "Polygon", "coordinates": [ [ [ -79.49248, 43.60265 ], [ -79.48988, 43.60511 ], [ -79.48717, 43.60852 ], [ -79.48665, 43.61039 ], [ -79.49013, 43.61047 ], [ -79.49027, 43.60967 ], [ -79.49055, 43.60675 ], [ -79.49162, 43.60472 ], [ -79.49316, 43.60365 ], [ -79.49248, 43.60265 ] ] ] } },
{ "type": "Feature", "properties": { "ct": "5350213.01", "nname": "Islington", "oldcity": "Etobicoke", "name": "0213.01", "ward": "03", "wardname": "Etobicoke-Lakeshore" }, "geometry": { "type": "Polygon", "coordinates": [ [ [ -79.55675, 43.63703 ], [ -79.55678, 43.63441 ], [ -79.55471, 43.6328 ], [ -79.5533, 43.63387 ], [ -79.54977, 43.63471 ], [ -79.54857, 43.63197 ], [ -79.54915, 43.63051 ], [ -79.54658, 43.63118 ], [ -79.54368, 43.63268 ], [ -79.54073, 43.63536 ], [ -79.53632, 43.64047 ], [ -79.53733, 43.64139 ], [ -79.54504, 43.63967 ], [ -79.55627, 43.63703 ], [ -79.55675, 43.63703 ] ] ] } },
{ "type": "Feature", "properties": { "ct": "5350213.02", "nname": "Etobicoke City Centre", "oldcity": "Etobicoke", "name": "0213.02", "ward": "03", "wardname": "Etobicoke-Lakeshore" }, "geometry": { "type": "Polygon", "coordinates": [ [ [ -79.52563, 43.61803 ], [ -79.52606, 43.61969 ], [ -79.52827, 43.62446 ], [ -79.52884, 43.62631 ], [ -79.53298, 43.63582 ], [ -79.53522, 43.64146 ], [ -79.53536, 43.6418 ], [ -79.53733, 43.64139 ], [ -79.53632, 43.64047 ], [ -79.54073, 43.63536 ], [ -79.54368, 43.63268 ], [ -79.54658, 43.63118 ], [ -79.54915, 43.63051 ], [ -79.54857, 43.63197 ], [ -79.54977, 43.63471 ], [ -79.5533, 43.63387 ], [ -79.55471, 43.6328 ], [ -79.55678, 43.63441 ], [ -79.55675, 43.63703 ], [ -79.55962, 43.63636 ], [ -79.55682, 43.62867 ], [ -79.56381, 43.62702 ], [ -79.56373, 43.6249 ], [ -79.56557, 43.62442 ], [ -79.56603, 43.62279 ], [ -79.5656, 43.62161 ], [ -79.56702, 43.62085 ], [ -79.56661, 43.61781 ], [ -79.56795, 43.6168 ], [ -79.5685, 43.61439 ], [ -79.56663, 43.61338 ], [ -79.56486, 43.61333 ], [ -79.56404, 43.61243 ], [ -79.5673, 43.61072 ], [ -79.56675, 43.60873 ], [ -79.56465, 43.60816 ], [ -79.56484, 43.60723 ], [ -79.56269, 43.60683 ], [ -79.55981, 43.60503 ], [ -79.55213, 43.61192 ], [ -79.54874, 43.61382 ], [ -79.54675, 43.61438 ], [ -79.53867, 43.61549 ], [ -79.53021, 43.61716 ], [ -79.52563, 43.61803 ] ] ] } },
{ "type": "Feature", "properties": { "ct": "5350223.01", "nname": "Islington", "oldcity": "Etobicoke", "name": "0223.01", "ward": "02", "wardname": "Etobicoke Centre" }, "geometry": { "type": "Polygon", "coordinates": [ [ [ -79.54898, 43.64881 ], [ -79.53939, 43.65098 ], [ -79.54049, 43.6536 ], [ -79.54322, 43.65986 ], [ -79.55524, 43.65704 ], [ -79.55163, 43.65481 ], [ -79.54898, 43.64881 ] ] ] } },
{ "type": "Feature", "properties": { "ct": "5350223.02", "nname": "Islington", "oldcity": "Etobicoke", "name": "0223.02", "ward": "02", "wardname": "Etobicoke Centre" }, "geometry": { "type": "Polygon", "coordinates": [ [ [ -79.54504, 43.63967 ], [ -79.53733, 43.64139 ], [ -79.53536, 43.6418 ], [ -79.53939, 43.65098 ], [ -79.54898, 43.64881 ], [ -79.54504, 43.63967 ] ] ] } },
{ "type": "Feature", "properties": { "ct": "5350007.01", "nname": "South Parkdale", "oldcity": "Toronto", "name": "0007.01", "ward": "04", "wardname": "Parkdale-High Park" }, "geometry": { "type": "Polygon", "coordinates": [ [ [ -79.42889, 43.63347 ], [ -79.4309, 43.63821 ], [ -79.43603, 43.63718 ], [ -79.43467, 43.6337 ], [ -79.43155, 43.63332 ], [ -79.42889, 43.63347 ] ], [ [ -79.43242, 43.6355 ], [ -79.43392, 43.6354 ], [ -79.43426, 43.63628 ], [ -79.43279, 43.63648 ], [ -79.43242, 43.6355 ] ] ] } },
{ "type": "Feature", "properties": { "ct": "5350007.02", "nname": "South Parkdale", "oldcity": "Toronto", "name": "0007.02", "ward": "10", "wardname": "Spadina-Fort York" }, "geometry": { "type": "Polygon", "coordinates": [ [ [ -79.42889, 43.63347 ], [ -79.42687, 43.63381 ], [ -79.41953, 43.63584 ], [ -79.42128, 43.64018 ], [ -79.4309, 43.63821 ], [ -79.42889, 43.63347 ] ] ] } },
{ "type": "Feature", "properties": { "ct": "5350091.01", "nname": "Annex", "oldcity": "Toronto", "name": "0091.01", "ward": "11", "wardname": "University-Rosedale" }, "geometry": { "type": "Polygon", "coordinates": [ [ [ -79.40387, 43.66666 ], [ -79.39414, 43.66873 ], [ -79.39629, 43.67401 ], [ -79.40604, 43.67219 ], [ -79.40387, 43.66666 ] ] ] } },
{ "type": "Feature", "properties": { "ct": "5350091.02", "nname": "Annex", "oldcity": "Toronto", "name": "0091.02", "ward": "11", "wardname": "University-Rosedale" }, "geometry": { "type": "Polygon", "coordinates": [ [ [ -79.40604, 43.67219 ], [ -79.39629, 43.67401 ], [ -79.39659, 43.67473 ], [ -79.39794, 43.67805 ], [ -79.40219, 43.67654 ], [ -79.40734, 43.67545 ], [ -79.40604, 43.67219 ] ] ] } },
{ "type": "Feature", "properties": { "ct": "5350141.01", "nname": "Lawrence Park North", "oldcity": "Toronto", "name": "0141.01", "ward": "08", "wardname": "Eglinton-Lawrence" }, "geometry": { "type": "Polygon", "coordinates": [ [ [ -79.4142, 43.72257 ], [ -79.40219, 43.7251 ], [ -79.40345, 43.72993 ], [ -79.41572, 43.72738 ], [ -79.4142, 43.72257 ] ] ] } },
{ "type": "Feature", "properties": { "ct": "5350141.02", "nname": "Lawrence Park North", "oldcity": "Toronto", "name": "0141.02", "ward": "08", "wardname": "Eglinton-Lawrence" }, "geometry": { "type": "Polygon", "coordinates": [ [ [ -79.41572, 43.72738 ], [ -79.40345, 43.72993 ], [ -79.40456, 43.73437 ], [ -79.40493, 43.73601 ], [ -79.41632, 43.73348 ], [ -79.41689, 43.73294 ], [ -79.41661, 43.73138 ], [ -79.41572, 43.72738 ] ] ] } },
{ "type": "Feature", "properties": { "ct": "5350181.01", "nname": "Woodbine-Lumsden", "oldcity": "East York", "name": "0181.01", "ward": "19", "wardname": "Beaches-East York" }, "geometry": { "type": "Polygon", "coordinates": [ [ [ -79.30283, 43.69041 ], [ -79.30476, 43.69484 ], [ -79.30601, 43.69493 ], [ -79.31366, 43.69313 ], [ -79.31585, 43.69281 ], [ -79.31308, 43.6864 ], [ -79.30808, 43.68754 ], [ -79.30886, 43.68934 ], [ -79.3035, 43.69056 ], [ -79.30283, 43.69041 ] ] ] } },
{ "type": "Feature", "properties": { "ct": "5350181.02", "nname": "Woodbine-Lumsden", "oldcity": "East York", "name": "0181.02", "ward": "19", "wardname": "Beaches-East York" }, "geometry": { "type": "Polygon", "coordinates": [ [ [ -79.30581, 43.69732 ], [ -79.31383, 43.70017 ], [ -79.3192, 43.70085 ], [ -79.31743, 43.69644 ], [ -79.31585, 43.69281 ], [ -79.31366, 43.69313 ], [ -79.30601, 43.69493 ], [ -79.30476, 43.69484 ], [ -79.30581, 43.69732 ] ] ] } },
{ "type": "Feature", "properties": { "ct": "5350206.01", "nname": "Long Branch", "oldcity": "Etobicoke", "name": "0206.01", "ward": "03", "wardname": "Etobicoke-Lakeshore" }, "geometry": { "type": "Polygon", "coordinates": [ [ [ -79.5486, 43.59019 ], [ -79.54643, 43.58889 ], [ -79.54785, 43.58732 ], [ -79.54446, 43.58545 ], [ -79.54387, 43.5814 ], [ -79.53792, 43.57921 ], [ -79.54112, 43.58163 ], [ -79.54341, 43.58135 ], [ -79.54224, 43.58365 ], [ -79.53943, 43.58664 ], [ -79.53711, 43.5881 ], [ -79.53426, 43.58802 ], [ -79.5317, 43.58853 ], [ -79.5316, 43.58893 ], [ -79.53401, 43.59436 ], [ -79.53098, 43.59506 ], [ -79.53261, 43.59829 ], [ -79.54169, 43.59377 ], [ -79.5486, 43.59019 ] ] ] } },
{ "type": "Feature", "properties": { "ct": "5350206.02", "nname": "Long Branch", "oldcity": "Etobicoke", "name": "0206.02", "ward": "03", "wardname": "Etobicoke-Lakeshore" }, "geometry": { "type": "Polygon", "coordinates": [ [ [ -79.52172, 43.59713 ], [ -79.52249, 43.59696 ], [ -79.5242, 43.60114 ], [ -79.5264, 43.60144 ], [ -79.52779, 43.60075 ], [ -79.53261, 43.59829 ], [ -79.53098, 43.59506 ], [ -79.53401, 43.59436 ], [ -79.5316, 43.58893 ], [ -79.5317, 43.58853 ], [ -79.52941, 43.58816 ], [ -79.52756, 43.58965 ], [ -79.51895, 43.59064 ], [ -79.52172, 43.59713 ] ] ] } },
{ "type": "Feature", "properties": { "ct": "5350244.01", "nname": "Elms-Old Rexdale", "oldcity": "Etobicoke", "name": "0244.01", "ward": "01", "wardname": "Etobicoke North" }, "geometry": { "type": "Polygon", "coordinates": [ [ [ -79.54348, 43.71917 ], [ -79.54527, 43.72091 ], [ -79.54888, 43.72368 ], [ -79.55813, 43.72149 ], [ -79.55512, 43.7151 ], [ -79.55228, 43.7095 ], [ -79.53783, 43.71299 ], [ -79.53819, 43.71469 ], [ -79.54072, 43.7153 ], [ -79.54053, 43.71665 ], [ -79.54268, 43.71674 ], [ -79.54393, 43.71735 ], [ -79.54348, 43.71917 ] ] ] } },
{ "type": "Feature", "properties": { "ct": "5350244.02", "nname": "Elms-Old Rexdale", "oldcity": "Etobicoke", "name": "0244.02", "ward": "01", "wardname": "Etobicoke North" }, "geometry": { "type": "Polygon", "coordinates": [ [ [ -79.54348, 43.71917 ], [ -79.54264, 43.72063 ], [ -79.5407, 43.72251 ], [ -79.54135, 43.72579 ], [ -79.53854, 43.72658 ], [ -79.53884, 43.72907 ], [ -79.54366, 43.73 ], [ -79.54493, 43.73088 ], [ -79.54426, 43.73236 ], [ -79.54537, 43.73153 ], [ -79.54719, 43.73172 ], [ -79.54882, 43.7329 ], [ -79.54976, 43.7318 ], [ -79.54959, 43.73062 ], [ -79.55158, 43.72996 ], [ -79.55471, 43.72948 ], [ -79.55557, 43.72814 ], [ -79.55731, 43.72771 ], [ -79.56211, 43.73005 ], [ -79.56075, 43.72703 ], [ -79.55813, 43.72149 ], [ -79.54888, 43.72368 ], [ -79.54527, 43.72091 ], [ -79.54348, 43.71917 ] ] ] } },
{ "type": "Feature", "properties": { "ct": "5350263.02", "nname": "Banbury-Don Mills", "oldcity": "North York", "name": "0263.02", "ward": "16", "wardname": "Don Valley East" }, "geometry": { "type": "Polygon", "coordinates": [ [ [ -79.33881, 43.72059 ], [ -79.34143, 43.72966 ], [ -79.34337, 43.73719 ], [ -79.35597, 43.73454 ], [ -79.355, 43.72964 ], [ -79.35269, 43.72619 ], [ -79.35002, 43.72531 ], [ -79.3508, 43.72425 ], [ -79.34992, 43.723 ], [ -79.35185, 43.72224 ], [ -79.3536, 43.72038 ], [ -79.35306, 43.71684 ], [ -79.35254, 43.71626 ], [ -79.35001, 43.71719 ], [ -79.33881, 43.72059 ] ] ] } },
{ "type": "Feature", "properties": { "ct": "5350271.01", "nname": "Parkwoods-O'Connor Hills", "oldcity": "North York", "name": "0271.01", "ward": "16", "wardname": "Don Valley East" }, "geometry": { "type": "Polygon", "coordinates": [ [ [ -79.31211, 43.74884 ], [ -79.31392, 43.74849 ], [ -79.31432, 43.74951 ], [ -79.31692, 43.74917 ], [ -79.31847, 43.74782 ], [ -79.32246, 43.74691 ], [ -79.32303, 43.74646 ], [ -79.32603, 43.74695 ], [ -79.32615, 43.74422 ], [ -79.3247, 43.74079 ], [ -79.31372, 43.74154 ], [ -79.30978, 43.74215 ], [ -79.31119, 43.7461 ], [ -79.31211, 43.74884 ] ] ] } },
{ "type": "Feature", "properties": { "ct": "5350271.02", "nname": "Parkwoods-O'Connor Hills", "oldcity": "North York", "name": "0271.02", "ward": "16", "wardname": "Don Valley East" }, "geometry": { "type": "Polygon", "coordinates": [ [ [ -79.31211, 43.74884 ], [ -79.31401, 43.75434 ], [ -79.31659, 43.75386 ], [ -79.31972, 43.75432 ], [ -79.32643, 43.75277 ], [ -79.32592, 43.75158 ], [ -79.32659, 43.74936 ], [ -79.32603, 43.74695 ], [ -79.32303, 43.74646 ], [ -79.32246, 43.74691 ], [ -79.31847, 43.74782 ], [ -79.31692, 43.74917 ], [ -79.31432, 43.74951 ], [ -79.31392, 43.74849 ], [ -79.31211, 43.74884 ] ] ] } },
{ "type": "Feature", "properties": { "ct": "5350272.01", "nname": "Fenside-Parkwoods", "oldcity": "North York", "name": "0272.01", "ward": "16", "wardname": "Don Valley East" }, "geometry": { "type": "Polygon", "coordinates": [ [ [ -79.31524, 43.75787 ], [ -79.31752, 43.76302 ], [ -79.32289, 43.76179 ], [ -79.32367, 43.763 ], [ -79.32637, 43.76198 ], [ -79.33085, 43.76229 ], [ -79.33349, 43.76118 ], [ -79.3353, 43.76259 ], [ -79.33659, 43.76229 ], [ -79.33559, 43.75832 ], [ -79.33269, 43.75952 ], [ -79.32453, 43.76131 ], [ -79.32199, 43.76011 ], [ -79.31941, 43.75818 ], [ -79.31737, 43.7576 ], [ -79.31524, 43.75787 ] ] ] } },
{ "type": "Feature", "properties": { "ct": "5350272.02", "nname": "Fenside-Parkwoods", "oldcity": "North York", "name": "0272.02", "ward": "16", "wardname": "Don Valley East" }, "geometry": { "type": "Polygon", "coordinates": [ [ [ -79.33659, 43.76229 ], [ -79.3353, 43.76259 ], [ -79.33349, 43.76118 ], [ -79.33085, 43.76229 ], [ -79.32637, 43.76198 ], [ -79.32367, 43.763 ], [ -79.32289, 43.76179 ], [ -79.31752, 43.76302 ], [ -79.31966, 43.76837 ], [ -79.32887, 43.76823 ], [ -79.33725, 43.76772 ], [ -79.33659, 43.76229 ] ] ] } },
{ "type": "Feature", "properties": { "ct": "5350274.01", "nname": "St.Andrew-Windfields", "oldcity": "North York", "name": "0274.01", "ward": "15", "wardname": "Don Valley West" }, "geometry": { "type": "Polygon", "coordinates": [ [ [ -79.38552, 43.75483 ], [ -79.38705, 43.76333 ], [ -79.39391, 43.76176 ], [ -79.39793, 43.76012 ], [ -79.39352, 43.75775 ], [ -79.39342, 43.75697 ], [ -79.39541, 43.75454 ], [ -79.39564, 43.75339 ], [ -79.39829, 43.75277 ], [ -79.39766, 43.75202 ], [ -79.3983, 43.75011 ], [ -79.39643, 43.74545 ], [ -79.38415, 43.74806 ], [ -79.38552, 43.75483 ] ] ] } },
{ "type": "Feature", "properties": { "ct": "5350274.02", "nname": "St.Andrew-Windfields", "oldcity": "North York", "name": "0274.02", "ward": "15", "wardname": "Don Valley West" }, "geometry": { "type": "Polygon", "coordinates": [ [ [ -79.39643, 43.74545 ], [ -79.3983, 43.75011 ], [ -79.39766, 43.75202 ], [ -79.39829, 43.75277 ], [ -79.39564, 43.75339 ], [ -79.39541, 43.75454 ], [ -79.39342, 43.75697 ], [ -79.39352, 43.75775 ], [ -79.39793, 43.76012 ], [ -79.40247, 43.75735 ], [ -79.40838, 43.75361 ], [ -79.4081, 43.74979 ], [ -79.40649, 43.74331 ], [ -79.39643, 43.74545 ] ] ] } },
{ "type": "Feature", "properties": { "ct": "5350291.02", "nname": "Oakdale-Beverley Heights", "oldcity": "North York", "name": "0291.02", "ward": "06", "wardname": "York Centre" }, "geometry": { "type": "Polygon", "coordinates": [ [ [ -79.48547, 43.72588 ], [ -79.48628, 43.7277 ], [ -79.48805, 43.7273 ], [ -79.49144, 43.72794 ], [ -79.49307, 43.73143 ], [ -79.50301, 43.72918 ], [ -79.50477, 43.72684 ], [ -79.50755, 43.72618 ], [ -79.5096, 43.7249 ], [ -79.50864, 43.721 ], [ -79.50627, 43.72124 ], [ -79.48547, 43.72588 ] ] ] } },
{ "type": "Feature", "properties": { "ct": "5350302.03", "nname": "Pleasant View", "oldcity": "North York", "name": "0302.03", "ward": "17", "wardname": "Don Valley North" }, "geometry": { "type": "Polygon", "coordinates": [ [ [ -79.3314, 43.79311 ], [ -79.33553, 43.80233 ], [ -79.33565, 43.8026 ], [ -79.33737, 43.80222 ], [ -79.34444, 43.79973 ], [ -79.34346, 43.79523 ], [ -79.33965, 43.79485 ], [ -79.33597, 43.79305 ], [ -79.33359, 43.79271 ], [ -79.3314, 43.79311 ] ] ] } },
{ "type": "Feature", "properties": { "ct": "5350310.01", "nname": "Bathurst Manor", "oldcity": "North York", "name": "0310.01", "ward": "06", "wardname": "York Centre" }, "geometry": { "type": "Polygon", "coordinates": [ [ [ -79.43998, 43.76157 ], [ -79.44231, 43.76151 ], [ -79.44383, 43.76359 ], [ -79.44532, 43.76444 ], [ -79.44584, 43.76674 ], [ -79.45019, 43.76855 ], [ -79.45205, 43.76883 ], [ -79.45265, 43.76959 ], [ -79.45531, 43.76933 ], [ -79.45607, 43.77125 ], [ -79.46071, 43.77025 ], [ -79.45908, 43.76625 ], [ -79.45766, 43.7647 ], [ -79.4543, 43.75653 ], [ -79.44305, 43.75898 ], [ -79.43955, 43.75987 ], [ -79.43998, 43.76157 ] ] ] } },
{ "type": "Feature", "properties": { "ct": "5350310.02", "nname": "Bathurst Manor", "oldcity": "North York", "name": "0310.02", "ward": "06", "wardname": "York Centre" }, "geometry": { "type": "Polygon", "coordinates": [ [ [ -79.45804, 43.77748 ], [ -79.45663, 43.77869 ], [ -79.45784, 43.77984 ], [ -79.46209, 43.78219 ], [ -79.46369, 43.78414 ], [ -79.46727, 43.78494 ], [ -79.46601, 43.78601 ], [ -79.46685, 43.78792 ], [ -79.47008, 43.78728 ], [ -79.47016, 43.78241 ], [ -79.46373, 43.75449 ], [ -79.4543, 43.75653 ], [ -79.45766, 43.7647 ], [ -79.45908, 43.76625 ], [ -79.46071, 43.77025 ], [ -79.45607, 43.77125 ], [ -79.45803, 43.77131 ], [ -79.46046, 43.77216 ], [ -79.46418, 43.77173 ], [ -79.46519, 43.77318 ], [ -79.46131, 43.77499 ], [ -79.461, 43.77614 ], [ -79.45868, 43.77664 ], [ -79.45804, 43.77748 ] ] ] } },
{ "type": "Feature", "properties": { "ct": "5350312.05", "nname": "Glenfield-Jane Heights", "oldcity": "North York", "name": "0312.05", "ward": "07", "wardname": "Humber River-Black Creek" }, "geometry": { "type": "Polygon", "coordinates": [ [ [ -79.51512, 43.74709 ], [ -79.51258, 43.74768 ], [ -79.51044, 43.74923 ], [ -79.5128, 43.75147 ], [ -79.51409, 43.7551 ], [ -79.51312, 43.75697 ], [ -79.51344, 43.75806 ], [ -79.51772, 43.75724 ], [ -79.51568, 43.74915 ], [ -79.51512, 43.74709 ] ] ] } },
{ "type": "Feature", "properties": { "ct": "5350314.01", "nname": "Humbermede", "oldcity": "North York", "name": "0314.01", "ward": "07", "wardname": "Humber River-Black Creek" }, "geometry": { "type": "Polygon", "coordinates": [ [ [ -79.55231, 43.74995 ], [ -79.5516, 43.74816 ], [ -79.5501, 43.74848 ], [ -79.54866, 43.74634 ], [ -79.54506, 43.74705 ], [ -79.54079, 43.74831 ], [ -79.53914, 43.75156 ], [ -79.53774, 43.75305 ], [ -79.55231, 43.74995 ] ] ] } },
{ "type": "Feature", "properties": { "ct": "5350314.02", "nname": "Humbermede", "oldcity": "North York", "name": "0314.02", "ward": "07", "wardname": "Humber River-Black Creek" }, "geometry": { "type": "Polygon", "coordinates": [ [ [ -79.54641, 43.74095 ], [ -79.54226, 43.74599 ], [ -79.54079, 43.74831 ], [ -79.54506, 43.74705 ], [ -79.54866, 43.74634 ], [ -79.5501, 43.74848 ], [ -79.5516, 43.74816 ], [ -79.55231, 43.74995 ], [ -79.55763, 43.7488 ], [ -79.56861, 43.74625 ], [ -79.56448, 43.74549 ], [ -79.56224, 43.74423 ], [ -79.562, 43.74267 ], [ -79.56334, 43.74176 ], [ -79.56322, 43.74047 ], [ -79.56058, 43.73963 ], [ -79.55912, 43.73984 ], [ -79.55842, 43.74086 ], [ -79.5599, 43.74189 ], [ -79.55843, 43.74282 ], [ -79.55424, 43.74319 ], [ -79.55146, 43.7442 ], [ -79.5501, 43.74392 ], [ -79.55036, 43.74239 ], [ -79.54641, 43.74095 ] ] ] } },
{ "type": "Feature", "properties": { "ct": "5350315.03", "nname": "Humber Summit", "oldcity": "North York", "name": "0315.03", "ward": "07", "wardname": "Humber River-Black Creek" }, "geometry": { "type": "Polygon", "coordinates": [ [ [ -79.53057, 43.75458 ], [ -79.53483, 43.7727 ], [ -79.56482, 43.7666 ], [ -79.57474, 43.76445 ], [ -79.57449, 43.76385 ], [ -79.56936, 43.75658 ], [ -79.56886, 43.75471 ], [ -79.56654, 43.75517 ], [ -79.56515, 43.75343 ], [ -79.56408, 43.75103 ], [ -79.55989, 43.75093 ], [ -79.5582, 43.74991 ], [ -79.55763, 43.7488 ], [ -79.55231, 43.74995 ], [ -79.53774, 43.75305 ], [ -79.53057, 43.75458 ] ] ] } },
{ "type": "Feature", "properties": { "ct": "5350316.03", "nname": "Black Creek", "oldcity": "North York", "name": "0316.03", "ward": "07", "wardname": "Humber River-Black Creek" }, "geometry": { "type": "Polygon", "coordinates": [ [ [ -79.51968, 43.76591 ], [ -79.52164, 43.77408 ], [ -79.52173, 43.7754 ], [ -79.52171, 43.77554 ], [ -79.52683, 43.7743 ], [ -79.52636, 43.77311 ], [ -79.52481, 43.77339 ], [ -79.52285, 43.773 ], [ -79.52257, 43.77075 ], [ -79.52338, 43.76953 ], [ -79.52276, 43.76778 ], [ -79.52145, 43.76628 ], [ -79.52092, 43.76475 ], [ -79.52144, 43.76229 ], [ -79.52064, 43.76039 ], [ -79.52157, 43.75871 ], [ -79.5207, 43.75673 ], [ -79.51772, 43.75724 ], [ -79.51942, 43.76473 ], [ -79.51968, 43.76591 ] ] ] } },
{ "type": "Feature", "properties": { "ct": "5350316.04", "nname": "Black Creek", "oldcity": "North York", "name": "0316.04", "ward": "07", "wardname": "Humber River-Black Creek" }, "geometry": { "type": "Polygon", "coordinates": [ [ [ -79.50716, 43.76431 ], [ -79.509, 43.76581 ], [ -79.51223, 43.7698 ], [ -79.51393, 43.77016 ], [ -79.51485, 43.76944 ], [ -79.51688, 43.7709 ], [ -79.51708, 43.77193 ], [ -79.51847, 43.77258 ], [ -79.51897, 43.77395 ], [ -79.52173, 43.7754 ], [ -79.52164, 43.77408 ], [ -79.51968, 43.76591 ], [ -79.51443, 43.76731 ], [ -79.5127, 43.7671 ], [ -79.51153, 43.76522 ], [ -79.50716, 43.76431 ] ] ] } },
{ "type": "Feature", "properties": { "ct": "5350317.03", "nname": "Westminster-Branson", "oldcity": "North York", "name": "0317.03", "ward": "06", "wardname": "York Centre" }, "geometry": { "type": "Polygon", "coordinates": [ [ [ -79.4505, 43.78285 ], [ -79.45128, 43.7835 ], [ -79.45102, 43.78593 ], [ -79.45303, 43.79081 ], [ -79.46685, 43.78792 ], [ -79.46601, 43.78601 ], [ -79.46727, 43.78494 ], [ -79.46369, 43.78414 ], [ -79.46209, 43.78219 ], [ -79.45784, 43.77984 ], [ -79.45663, 43.77869 ], [ -79.45804, 43.77748 ], [ -79.45419, 43.77737 ], [ -79.45174, 43.78073 ], [ -79.4504, 43.78197 ], [ -79.4505, 43.78285 ] ] ] } },
{ "type": "Feature", "properties": { "ct": "5350361.01", "nname": "Centennial Scarborough", "oldcity": "Scarborough", "name": "0361.01", "ward": "25", "wardname": "Scarborough-Rouge Park" }, "geometry": { "type": "Polygon", "coordinates": [ [ [ -79.14529, 43.76936 ], [ -79.14449, 43.77051 ], [ -79.1425, 43.77087 ], [ -79.14261, 43.77254 ], [ -79.14495, 43.77349 ], [ -79.15363, 43.79418 ], [ -79.17063, 43.78331 ], [ -79.17524, 43.78022 ], [ -79.17411, 43.77937 ], [ -79.16977, 43.77946 ], [ -79.16804, 43.7789 ], [ -79.16738, 43.7802 ], [ -79.16567, 43.77965 ], [ -79.1659, 43.77828 ], [ -79.16306, 43.77862 ], [ -79.16302, 43.77706 ], [ -79.16024, 43.77681 ], [ -79.1587, 43.77588 ], [ -79.15451, 43.77244 ], [ -79.15142, 43.77102 ], [ -79.14953, 43.77105 ], [ -79.14529, 43.76936 ] ] ] } },
{ "type": "Feature", "properties": { "ct": "5350361.02", "nname": "Centennial Scarborough", "oldcity": "Scarborough", "name": "0361.02", "ward": "25", "wardname": "Scarborough-Rouge Park" }, "geometry": { "type": "Polygon", "coordinates": [ [ [ -79.14463, 43.76658 ], [ -79.14146, 43.76941 ], [ -79.13846, 43.7714 ], [ -79.13472, 43.77502 ], [ -79.14267, 43.79387 ], [ -79.14336, 43.79597 ], [ -79.14446, 43.79762 ], [ -79.14607, 43.799 ], [ -79.15122, 43.79566 ], [ -79.15363, 43.79418 ], [ -79.14495, 43.77349 ], [ -79.14261, 43.77254 ], [ -79.1425, 43.77087 ], [ -79.14449, 43.77051 ], [ -79.14529, 43.76936 ], [ -79.14556, 43.76847 ], [ -79.14463, 43.76658 ] ] ] } },
{ "type": "Feature", "properties": { "ct": "5350362.01", "nname": "West Rouge", "oldcity": "Scarborough", "name": "0362.01", "ward": "25", "wardname": "Scarborough-Rouge Park" }, "geometry": { "type": "Polygon", "coordinates": [ [ [ -79.1512, 43.81279 ], [ -79.1708, 43.80838 ], [ -79.16834, 43.80329 ], [ -79.16617, 43.7996 ], [ -79.15611, 43.79618 ], [ -79.1534, 43.79567 ], [ -79.15122, 43.79566 ], [ -79.14607, 43.799 ], [ -79.1448, 43.79983 ], [ -79.14549, 43.80153 ], [ -79.14671, 43.80264 ], [ -79.1512, 43.81279 ] ] ] } },
{ "type": "Feature", "properties": { "ct": "5350362.02", "nname": "Highland Creek", "oldcity": "Scarborough", "name": "0362.02", "ward": "25", "wardname": "Scarborough-Rouge Park" }, "geometry": { "type": "Polygon", "coordinates": [ [ [ -79.15122, 43.79566 ], [ -79.1534, 43.79567 ], [ -79.15611, 43.79618 ], [ -79.16617, 43.7996 ], [ -79.16879, 43.80002 ], [ -79.17324, 43.79998 ], [ -79.17734, 43.79938 ], [ -79.17369, 43.79117 ], [ -79.17316, 43.78931 ], [ -79.17063, 43.78331 ], [ -79.15363, 43.79418 ], [ -79.15122, 43.79566 ] ] ] } },
{ "type": "Feature", "properties": { "ct": "5350362.03", "nname": "Highland Creek", "oldcity": "Scarborough", "name": "0362.03", "ward": "25", "wardname": "Scarborough-Rouge Park" }, "geometry": { "type": "Polygon", "coordinates": [ [ [ -79.17524, 43.78022 ], [ -79.17063, 43.78331 ], [ -79.17316, 43.78931 ], [ -79.17369, 43.79117 ], [ -79.17734, 43.79938 ], [ -79.1874, 43.79793 ], [ -79.19689, 43.79654 ], [ -79.19628, 43.79438 ], [ -79.19587, 43.79281 ], [ -79.19376, 43.78799 ], [ -79.19333, 43.78535 ], [ -79.19062, 43.77889 ], [ -79.1865, 43.77959 ], [ -79.18559, 43.78119 ], [ -79.18301, 43.78024 ], [ -79.1813, 43.78131 ], [ -79.17524, 43.78022 ] ] ] } },
{ "type": "Feature", "properties": { "ct": "5350376.05", "nname": "Steeles", "oldcity": "Scarborough", "name": "0376.05", "ward": "22", "wardname": "Scarborough-Agincourt" }, "geometry": { "type": "Polygon", "coordinates": [ [ [ -79.31082, 43.80794 ], [ -79.301, 43.81009 ], [ -79.30706, 43.82369 ], [ -79.31692, 43.82139 ], [ -79.31212, 43.81077 ], [ -79.31082, 43.80794 ] ] ] } },
{ "type": "Feature", "properties": { "ct": "5350376.06", "nname": "Milliken", "oldcity": "Scarborough", "name": "0376.06", "ward": "22", "wardname": "Scarborough-Agincourt" }, "geometry": { "type": "Polygon", "coordinates": [ [ [ -79.29659, 43.80127 ], [ -79.29157, 43.80247 ], [ -79.28628, 43.80375 ], [ -79.28862, 43.80674 ], [ -79.29144, 43.8129 ], [ -79.29492, 43.82071 ], [ -79.29732, 43.82595 ], [ -79.30706, 43.82369 ], [ -79.301, 43.81009 ], [ -79.29745, 43.80229 ], [ -79.29659, 43.80127 ] ] ] } },
{ "type": "Feature", "properties": { "ct": "5350376.04", "nname": "Steeles", "oldcity": "Scarborough", "name": "0376.04", "ward": "22", "wardname": "Scarborough-Agincourt" }, "geometry": { "type": "Polygon", "coordinates": [ [ [ -79.32069, 43.80575 ], [ -79.32445, 43.81397 ], [ -79.32713, 43.81322 ], [ -79.3392, 43.81066 ], [ -79.33565, 43.8026 ], [ -79.33553, 43.80233 ], [ -79.33048, 43.80356 ], [ -79.32069, 43.80575 ] ] ] } },
{ "type": "Feature", "properties": { "ct": "5350377.04", "nname": "Agincourt North", "oldcity": "Scarborough", "name": "0377.04", "ward": "23", "wardname": "Scarborough North" }, "geometry": { "type": "Polygon", "coordinates": [ [ [ -79.28628, 43.80375 ], [ -79.27739, 43.80571 ], [ -79.28157, 43.81503 ], [ -79.29144, 43.8129 ], [ -79.28862, 43.80674 ], [ -79.28628, 43.80375 ] ] ] } },
{ "type": "Feature", "properties": { "ct": "5350378.06", "nname": "Malvern West", "oldcity": "Scarborough", "name": "0378.06", "ward": "23", "wardname": "Scarborough North" }, "geometry": { "type": "Polygon", "coordinates": [ [ [ -79.21764, 43.81983 ], [ -79.22106, 43.8197 ], [ -79.22128, 43.81766 ], [ -79.24296, 43.81306 ], [ -79.24281, 43.81066 ], [ -79.24397, 43.80695 ], [ -79.2419, 43.80231 ], [ -79.2331, 43.80544 ], [ -79.22999, 43.80682 ], [ -79.22705, 43.80852 ], [ -79.22446, 43.81067 ], [ -79.22275, 43.81265 ], [ -79.21764, 43.81983 ] ] ] } },
{ "type": "Feature", "properties": { "ct": "5350378.08", "nname": "Agincourt North", "oldcity": "Scarborough", "name": "0378.08", "ward": "23", "wardname": "Scarborough North" }, "geometry": { "type": "Polygon", "coordinates": [ [ [ -79.2665, 43.80803 ], [ -79.25769, 43.80989 ], [ -79.2618, 43.81936 ], [ -79.27165, 43.81725 ], [ -79.2691, 43.81142 ], [ -79.26721, 43.80945 ], [ -79.2665, 43.80803 ] ] ] } },
{ "type": "Feature", "properties": { "ct": "5350378.07", "nname": "Agincourt South-Malvern West", "oldcity": "Scarborough", "name": "0378.07", "ward": "23", "wardname": "Scarborough North" }, "geometry": { "type": "Polygon", "coordinates": [ [ [ -79.2548, 43.78126 ], [ -79.24505, 43.78315 ], [ -79.24045, 43.7842 ], [ -79.23528, 43.78561 ], [ -79.23633, 43.7878 ], [ -79.23874, 43.79387 ], [ -79.24015, 43.79635 ], [ -79.2419, 43.80231 ], [ -79.24561, 43.8007 ], [ -79.26043, 43.7935 ], [ -79.25856, 43.78905 ], [ -79.25646, 43.78575 ], [ -79.2548, 43.78126 ] ] ] } },
{ "type": "Feature", "properties": { "ct": "5350378.04", "nname": "Malvern West", "oldcity": "Scarborough", "name": "0378.04", "ward": "23", "wardname": "Scarborough North" }, "geometry": { "type": "Polygon", "coordinates": [ [ [ -79.22753, 43.79615 ], [ -79.22811, 43.79783 ], [ -79.22737, 43.7999 ], [ -79.22447, 43.80251 ], [ -79.22422, 43.80449 ], [ -79.22583, 43.80476 ], [ -79.22999, 43.80682 ], [ -79.2331, 43.80544 ], [ -79.2419, 43.80231 ], [ -79.24015, 43.79635 ], [ -79.23874, 43.79387 ], [ -79.22753, 43.79615 ] ] ] } },
{ "type": "Feature", "properties": { "ct": "5350378.05", "nname": "Malvern East", "oldcity": "Scarborough", "name": "0378.05", "ward": "25", "wardname": "Scarborough-Rouge Park" }, "geometry": { "type": "Polygon", "coordinates": [ [ [ -79.19976, 43.80198 ], [ -79.2003, 43.80394 ], [ -79.20261, 43.80896 ], [ -79.20523, 43.80831 ], [ -79.20669, 43.80838 ], [ -79.21153, 43.81015 ], [ -79.21393, 43.81055 ], [ -79.2141, 43.80896 ], [ -79.21559, 43.8078 ], [ -79.21424, 43.80655 ], [ -79.21006, 43.80498 ], [ -79.20795, 43.80308 ], [ -79.20689, 43.80048 ], [ -79.19976, 43.80198 ] ] ] } },
{ "type": "Feature", "properties": { "ct": "5350362.04", "nname": "West Rouge", "oldcity": "Scarborough", "name": "0362.04", "ward": "25", "wardname": "Scarborough-Rouge Park" }, "geometry": { "type": "Polygon", "coordinates": [ [ [ -79.16617, 43.7996 ], [ -79.16834, 43.80329 ], [ -79.1708, 43.80838 ], [ -79.19015, 43.80416 ], [ -79.1874, 43.79793 ], [ -79.17734, 43.79938 ], [ -79.17324, 43.79998 ], [ -79.16879, 43.80002 ], [ -79.16617, 43.7996 ] ] ] } },
{ "type": "Feature", "properties": { "ct": "5350376.08", "nname": "East L'Amoreaux", "oldcity": "Scarborough", "name": "0376.08", "ward": "22", "wardname": "Scarborough-Agincourt" }, "geometry": { "type": "Polygon", "coordinates": [ [ [ -79.31576, 43.79677 ], [ -79.30597, 43.799 ], [ -79.308, 43.80173 ], [ -79.31082, 43.80794 ], [ -79.32069, 43.80575 ], [ -79.31832, 43.80065 ], [ -79.31674, 43.79885 ], [ -79.31576, 43.79677 ] ] ] } },
{ "type": "Feature", "properties": { "ct": "5350376.09", "nname": "Steeles", "oldcity": "Scarborough", "name": "0376.09", "ward": "22", "wardname": "Scarborough-Agincourt" }, "geometry": { "type": "Polygon", "coordinates": [ [ [ -79.32445, 43.81397 ], [ -79.3247, 43.81507 ], [ -79.32428, 43.81803 ], [ -79.32443, 43.81963 ], [ -79.34131, 43.81565 ], [ -79.3392, 43.81066 ], [ -79.32713, 43.81322 ], [ -79.32445, 43.81397 ] ] ] } },
{ "type": "Feature", "properties": { "ct": "5350249.03", "nname": "West Humber-Clairville", "oldcity": "Etobicoke", "name": "0249.03", "ward": "01", "wardname": "Etobicoke North" }, "geometry": { "type": "Polygon", "coordinates": [ [ [ -79.5942, 43.74193 ], [ -79.59655, 43.74668 ], [ -79.59859, 43.7509 ], [ -79.60047, 43.75466 ], [ -79.60337, 43.75786 ], [ -79.63171, 43.75151 ], [ -79.63645, 43.75105 ], [ -79.63931, 43.74985 ], [ -79.63341, 43.74896 ], [ -79.63116, 43.74805 ], [ -79.62796, 43.74805 ], [ -79.60994, 43.74468 ], [ -79.5942, 43.74193 ] ] ] } },
{ "type": "Feature", "properties": { "ct": "5350248.03", "nname": "West Humber-Clairville", "oldcity": "Etobicoke", "name": "0248.03", "ward": "01", "wardname": "Etobicoke North" }, "geometry": { "type": "Polygon", "coordinates": [ [ [ -79.5942, 43.74193 ], [ -79.60994, 43.74468 ], [ -79.62796, 43.74805 ], [ -79.63116, 43.74805 ], [ -79.63341, 43.74896 ], [ -79.63931, 43.74985 ], [ -79.6376, 43.7483 ], [ -79.63669, 43.74616 ], [ -79.63071, 43.73667 ], [ -79.62859, 43.73687 ], [ -79.62344, 43.73499 ], [ -79.61944, 43.73529 ], [ -79.60596, 43.73375 ], [ -79.60311, 43.73424 ], [ -79.5917, 43.73677 ], [ -79.5942, 43.74193 ] ] ] } },
{ "type": "Feature", "properties": { "ct": "5350167.01", "nname": "Forest Hill South", "oldcity": "York", "name": "0167.01", "ward": "12", "wardname": "Toronto-St. Paul's" }, "geometry": { "type": "Polygon", "coordinates": [ [ [ -79.41855, 43.6838 ], [ -79.41206, 43.68521 ], [ -79.41283, 43.68723 ], [ -79.41949, 43.68607 ], [ -79.41855, 43.6838 ] ] ] } },
{ "type": "Feature", "properties": { "ct": "5350167.02", "nname": "Humewood-Cedarvale", "oldcity": "York", "name": "0167.02", "ward": "12", "wardname": "Toronto-St. Paul's" }, "geometry": { "type": "Polygon", "coordinates": [ [ [ -79.42125, 43.69047 ], [ -79.42432, 43.69128 ], [ -79.42751, 43.69152 ], [ -79.42886, 43.69111 ], [ -79.4293, 43.69262 ], [ -79.4347, 43.6955 ], [ -79.43601, 43.69877 ], [ -79.43719, 43.69851 ], [ -79.43334, 43.68905 ], [ -79.43183, 43.68881 ], [ -79.42659, 43.68876 ], [ -79.42307, 43.68735 ], [ -79.42234, 43.68664 ], [ -79.42069, 43.68313 ], [ -79.41855, 43.6838 ], [ -79.41949, 43.68607 ], [ -79.42125, 43.69047 ] ] ] } },
{ "type": "Feature", "properties": { "ct": "5350378.11", "nname": "Malvern West", "oldcity": "Scarborough", "name": "0378.11", "ward": "23", "wardname": "Scarborough North" }, "geometry": { "type": "Polygon", "coordinates": [ [ [ -79.21755, 43.79814 ], [ -79.21826, 43.80012 ], [ -79.21715, 43.80326 ], [ -79.21726, 43.80476 ], [ -79.21964, 43.80784 ], [ -79.22159, 43.80923 ], [ -79.22446, 43.81067 ], [ -79.22705, 43.80852 ], [ -79.22999, 43.80682 ], [ -79.22583, 43.80476 ], [ -79.22422, 43.80449 ], [ -79.22447, 43.80251 ], [ -79.22737, 43.7999 ], [ -79.22811, 43.79783 ], [ -79.22753, 43.79615 ], [ -79.21755, 43.79814 ] ] ] } },
{ "type": "Feature", "properties": { "ct": "5350378.12", "nname": "Malvern East", "oldcity": "Scarborough", "name": "0378.12", "ward": "25", "wardname": "Scarborough-Rouge Park" }, "geometry": { "type": "Polygon", "coordinates": [ [ [ -79.21755, 43.79814 ], [ -79.20689, 43.80048 ], [ -79.20795, 43.80308 ], [ -79.21006, 43.80498 ], [ -79.21424, 43.80655 ], [ -79.21559, 43.8078 ], [ -79.2141, 43.80896 ], [ -79.21393, 43.81055 ], [ -79.21951, 43.81048 ], [ -79.22159, 43.80923 ], [ -79.21964, 43.80784 ], [ -79.21726, 43.80476 ], [ -79.21715, 43.80326 ], [ -79.21826, 43.80012 ], [ -79.21755, 43.79814 ] ] ] } },
{ "type": "Feature", "properties": { "ct": "5350378.14", "nname": "Agincourt North", "oldcity": "Scarborough", "name": "0378.14", "ward": "23", "wardname": "Scarborough North" }, "geometry": { "type": "Polygon", "coordinates": [ [ [ -79.27739, 43.80571 ], [ -79.2665, 43.80803 ], [ -79.26721, 43.80945 ], [ -79.2691, 43.81142 ], [ -79.27165, 43.81725 ], [ -79.28157, 43.81503 ], [ -79.27739, 43.80571 ] ] ] } },
{ "type": "Feature", "properties": { "ct": "5350062.01", "nname": "Bay-Cloverhill", "oldcity": "Toronto", "name": "0062.01", "ward": "13", "wardname": "Toronto Centre" }, "geometry": { "type": "Polygon", "coordinates": [ [ [ -79.38771, 43.66565 ], [ -79.38504, 43.66607 ], [ -79.38525, 43.66655 ], [ -79.38678, 43.67023 ], [ -79.3895, 43.66967 ], [ -79.38771, 43.66565 ] ] ] } },
{ "type": "Feature", "properties": { "ct": "5350377.06", "nname": "Milliken", "oldcity": "Scarborough", "name": "0377.06", "ward": "23", "wardname": "Scarborough North" }, "geometry": { "type": "Polygon", "coordinates": [ [ [ -79.29492, 43.82071 ], [ -79.28512, 43.82294 ], [ -79.28701, 43.82709 ], [ -79.28719, 43.8283 ], [ -79.29732, 43.82595 ], [ -79.29492, 43.82071 ] ] ] } },
{ "type": "Feature", "properties": { "ct": "5350377.07", "nname": "Milliken", "oldcity": "Scarborough", "name": "0377.07", "ward": "23", "wardname": "Scarborough North" }, "geometry": { "type": "Polygon", "coordinates": [ [ [ -79.28157, 43.81503 ], [ -79.28512, 43.82294 ], [ -79.29492, 43.82071 ], [ -79.29144, 43.8129 ], [ -79.28157, 43.81503 ] ] ] } },
{ "type": "Feature", "properties": { "ct": "5350047.02", "nname": "Roncesvalles", "oldcity": "Toronto", "name": "0047.02", "ward": "04", "wardname": "Parkdale-High Park" }, "geometry": { "type": "Polygon", "coordinates": [ [ [ -79.43666, 43.64058 ], [ -79.42813, 43.64233 ], [ -79.42851, 43.64251 ], [ -79.4391, 43.64745 ], [ -79.43914, 43.64697 ], [ -79.43666, 43.64058 ] ] ] } },
{ "type": "Feature", "properties": { "ct": "5350102.02", "nname": "High Park North", "oldcity": "Toronto", "name": "0102.02", "ward": "04", "wardname": "Parkdale-High Park" }, "geometry": { "type": "Polygon", "coordinates": [ [ [ -79.4669, 43.6532 ], [ -79.4637, 43.6539 ], [ -79.46523, 43.65755 ], [ -79.46846, 43.65689 ], [ -79.4669, 43.6532 ] ] ] } },
{ "type": "Feature", "properties": { "ct": "5350102.03", "nname": "High Park North", "oldcity": "Toronto", "name": "0102.03", "ward": "04", "wardname": "Parkdale-High Park" }, "geometry": { "type": "Polygon", "coordinates": [ [ [ -79.46148, 43.65831 ], [ -79.46523, 43.65755 ], [ -79.4637, 43.6539 ], [ -79.46004, 43.65471 ], [ -79.46148, 43.65831 ] ] ] } },
{ "type": "Feature", "properties": { "ct": "5350136.01", "nname": "North Toronto", "oldcity": "Toronto", "name": "0136.01", "ward": "15", "wardname": "Don Valley West" }, "geometry": { "type": "Polygon", "coordinates": [ [ [ -79.39899, 43.70959 ], [ -79.39122, 43.71113 ], [ -79.39219, 43.71379 ], [ -79.39955, 43.71229 ], [ -79.39899, 43.70959 ] ] ] } },
{ "type": "Feature", "properties": { "ct": "5350136.02", "nname": "North Toronto", "oldcity": "Toronto", "name": "0136.02", "ward": "12", "wardname": "Toronto-St. Paul's" }, "geometry": { "type": "Polygon", "coordinates": [ [ [ -79.39836, 43.70674 ], [ -79.39018, 43.70841 ], [ -79.39122, 43.71113 ], [ -79.39899, 43.70959 ], [ -79.39836, 43.70674 ] ] ] } },
{ "type": "Feature", "properties": { "ct": "5350249.04", "nname": "Mount Olive-Silverstone-Jamestown", "oldcity": "Etobicoke", "name": "0249.04", "ward": "01", "wardname": "Etobicoke North" }, "geometry": { "type": "Polygon", "coordinates": [ [ [ -79.58665, 43.75269 ], [ -79.58709, 43.75362 ], [ -79.59082, 43.75275 ], [ -79.5952, 43.75236 ], [ -79.59859, 43.7509 ], [ -79.59655, 43.74668 ], [ -79.59386, 43.74688 ], [ -79.59035, 43.74601 ], [ -79.58551, 43.7464 ], [ -79.5838, 43.74682 ], [ -79.58665, 43.75269 ] ] ] } },
{ "type": "Feature", "properties": { "ct": "5350249.05", "nname": "Mount Olive-Silverstone-Jamestown", "oldcity": "Etobicoke", "name": "0249.05", "ward": "01", "wardname": "Etobicoke North" }, "geometry": { "type": "Polygon", "coordinates": [ [ [ -79.5838, 43.74682 ], [ -79.58551, 43.7464 ], [ -79.59035, 43.74601 ], [ -79.59386, 43.74688 ], [ -79.59655, 43.74668 ], [ -79.5942, 43.74193 ], [ -79.5804, 43.73973 ], [ -79.58271, 43.74451 ], [ -79.5838, 43.74682 ] ] ] } },
{ "type": "Feature", "properties": { "ct": "5350080.01", "nname": "East End-Danforth", "oldcity": "Toronto", "name": "0080.01", "ward": "19", "wardname": "Beaches-East York" }, "geometry": { "type": "Polygon", "coordinates": [ [ [ -79.30283, 43.69041 ], [ -79.3035, 43.69056 ], [ -79.30886, 43.68934 ], [ -79.30808, 43.68754 ], [ -79.31308, 43.6864 ], [ -79.31278, 43.68569 ], [ -79.31127, 43.68209 ], [ -79.30091, 43.68606 ], [ -79.30283, 43.69041 ] ] ] } },
{ "type": "Feature", "properties": { "ct": "5350080.02", "nname": "East End-Danforth", "oldcity": "Toronto", "name": "0080.02", "ward": "19", "wardname": "Beaches-East York" }, "geometry": { "type": "Polygon", "coordinates": [ [ [ -79.28792, 43.69018 ], [ -79.29276, 43.68905 ], [ -79.29429, 43.69247 ], [ -79.30283, 43.69041 ], [ -79.30091, 43.68606 ], [ -79.29692, 43.6871 ], [ -79.28752, 43.68922 ], [ -79.28792, 43.69018 ] ] ] } },
{ "type": "Feature", "properties": { "ct": "5350072.01", "nname": "Blake-Jones", "oldcity": "Toronto", "name": "0072.01", "ward": "14", "wardname": "Toronto-Danforth" }, "geometry": { "type": "Polygon", "coordinates": [ [ [ -79.34082, 43.66915 ], [ -79.33674, 43.67193 ], [ -79.34011, 43.67988 ], [ -79.34484, 43.67895 ], [ -79.34238, 43.67298 ], [ -79.34082, 43.66915 ] ] ] } },
{ "type": "Feature", "properties": { "ct": "5350072.02", "nname": "Blake-Jones", "oldcity": "Toronto", "name": "0072.02", "ward": "14", "wardname": "Toronto-Danforth" }, "geometry": { "type": "Polygon", "coordinates": [ [ [ -79.33674, 43.67193 ], [ -79.32964, 43.67489 ], [ -79.33237, 43.68148 ], [ -79.34011, 43.67988 ], [ -79.33674, 43.67193 ] ] ] } },
{ "type": "Feature", "properties": { "ct": "5350159.01", "nname": "Keelesdale-Eglinton West", "oldcity": "York", "name": "0159.01", "ward": "05", "wardname": "York South-Weston" }, "geometry": { "type": "Polygon", "coordinates": [ [ [ -79.47043, 43.67941 ], [ -79.46609, 43.68029 ], [ -79.46709, 43.68349 ], [ -79.47039, 43.69123 ], [ -79.4739, 43.69042 ], [ -79.47506, 43.69017 ], [ -79.47043, 43.67941 ] ] ] } },
{ "type": "Feature", "properties": { "ct": "5350159.02", "nname": "Keelesdale-Eglinton West", "oldcity": "York", "name": "0159.02", "ward": "05", "wardname": "York South-Weston" }, "geometry": { "type": "Polygon", "coordinates": [ [ [ -79.46609, 43.68029 ], [ -79.4656, 43.68069 ], [ -79.4604, 43.6819 ], [ -79.46168, 43.68421 ], [ -79.46307, 43.68944 ], [ -79.4646, 43.69216 ], [ -79.47039, 43.69123 ], [ -79.46709, 43.68349 ], [ -79.46609, 43.68029 ] ] ] } },
{ "type": "Feature", "properties": { "ct": "5350225.01", "nname": "Islington", "oldcity": "Etobicoke", "name": "0225.01", "ward": "03", "wardname": "Etobicoke-Lakeshore" }, "geometry": { "type": "Polygon", "coordinates": [ [ [ -79.52673, 43.651 ], [ -79.52944, 43.65118 ], [ -79.53232, 43.65034 ], [ -79.53268, 43.65214 ], [ -79.53748, 43.65281 ], [ -79.53715, 43.65421 ], [ -79.53856, 43.65525 ], [ -79.54021, 43.65483 ], [ -79.54049, 43.6536 ], [ -79.53939, 43.65098 ], [ -79.53536, 43.6418 ], [ -79.53522, 43.64146 ], [ -79.53399, 43.64303 ], [ -79.52875, 43.64878 ], [ -79.52503, 43.64696 ], [ -79.52336, 43.64467 ], [ -79.51704, 43.64611 ], [ -79.51835, 43.64719 ], [ -79.52241, 43.64826 ], [ -79.52525, 43.65036 ], [ -79.52673, 43.651 ] ] ] } },
{ "type": "Feature", "properties": { "ct": "5350225.02", "nname": "Etobicoke City Centre", "oldcity": "Etobicoke", "name": "0225.02", "ward": "03", "wardname": "Etobicoke-Lakeshore" }, "geometry": { "type": "Polygon", "coordinates": [ [ [ -79.52336, 43.64467 ], [ -79.52503, 43.64696 ], [ -79.52875, 43.64878 ], [ -79.53399, 43.64303 ], [ -79.53522, 43.64146 ], [ -79.53273, 43.64256 ], [ -79.52336, 43.64467 ] ] ] } },
{ "type": "Feature", "properties": { "ct": "5350260.04", "nname": "Flemingdon Park", "oldcity": "North York", "name": "0260.04", "ward": "16", "wardname": "Don Valley East" }, "geometry": { "type": "Polygon", "coordinates": [ [ [ -79.3313, 43.71319 ], [ -79.33393, 43.71571 ], [ -79.33037, 43.71658 ], [ -79.3314, 43.71837 ], [ -79.33415, 43.7177 ], [ -79.33723, 43.71657 ], [ -79.33541, 43.7125 ], [ -79.3313, 43.71319 ] ] ] } },
{ "type": "Feature", "properties": { "ct": "5350260.05", "nname": "Flemingdon Park", "oldcity": "North York", "name": "0260.05", "ward": "16", "wardname": "Don Valley East" }, "geometry": { "type": "Polygon", "coordinates": [ [ [ -79.3313, 43.71319 ], [ -79.32505, 43.71491 ], [ -79.32561, 43.71612 ], [ -79.32828, 43.7191 ], [ -79.3314, 43.71837 ], [ -79.33037, 43.71658 ], [ -79.33393, 43.71571 ], [ -79.3313, 43.71319 ] ] ] } },
{ "type": "Feature", "properties": { "ct": "5350247.01", "nname": "West Humber-Clairville", "oldcity": "Etobicoke", "name": "0247.01", "ward": "01", "wardname": "Etobicoke North" }, "geometry": { "type": "Polygon", "coordinates": [ [ [ -79.62344, 43.73499 ], [ -79.62859, 43.73687 ], [ -79.63071, 43.73667 ], [ -79.62895, 43.73367 ], [ -79.62582, 43.72906 ], [ -79.62219, 43.72239 ], [ -79.61378, 43.70788 ], [ -79.60471, 43.69342 ], [ -79.60187, 43.68796 ], [ -79.6006, 43.68613 ], [ -79.59997, 43.6838 ], [ -79.59463, 43.67428 ], [ -79.5912, 43.66876 ], [ -79.58707, 43.67025 ], [ -79.58352, 43.67163 ], [ -79.58096, 43.67318 ], [ -79.57886, 43.67522 ], [ -79.5776, 43.67735 ], [ -79.57441, 43.68351 ], [ -79.56953, 43.69176 ], [ -79.56702, 43.69479 ], [ -79.55584, 43.70731 ], [ -79.55228, 43.7095 ], [ -79.55512, 43.7151 ], [ -79.55496, 43.71448 ], [ -79.56321, 43.71263 ], [ -79.5667, 43.71171 ], [ -79.56913, 43.71131 ], [ -79.57136, 43.71155 ], [ -79.59566, 43.71734 ], [ -79.60022, 43.72768 ], [ -79.60117, 43.7266 ], [ -79.60289, 43.72587 ], [ -79.6052, 43.72588 ], [ -79.60571, 43.72409 ], [ -79.6072, 43.72315 ], [ -79.61158, 43.7226 ], [ -79.61423, 43.72433 ], [ -79.61381, 43.72599 ], [ -79.61473, 43.72768 ], [ -79.61653, 43.72849 ], [ -79.61859, 43.73062 ], [ -79.62162, 43.73146 ], [ -79.62344, 43.73499 ] ] ] } },
{ "type": "Feature", "properties": { "ct": "5350247.02", "nname": "West Humber-Clairville", "oldcity": "Etobicoke", "name": "0247.02", "ward": "01", "wardname": "Etobicoke North" }, "geometry": { "type": "Polygon", "coordinates": [ [ [ -79.57236, 43.72344 ], [ -79.57747, 43.73377 ], [ -79.57975, 43.7332 ], [ -79.58047, 43.73173 ], [ -79.57917, 43.72932 ], [ -79.58121, 43.72822 ], [ -79.5856, 43.72904 ], [ -79.5876, 43.72797 ], [ -79.58977, 43.72631 ], [ -79.59136, 43.72571 ], [ -79.59266, 43.72387 ], [ -79.59612, 43.72349 ], [ -79.59847, 43.72522 ], [ -79.59823, 43.72659 ], [ -79.60022, 43.72768 ], [ -79.59566, 43.71734 ], [ -79.57136, 43.71155 ], [ -79.56913, 43.71131 ], [ -79.5667, 43.71171 ], [ -79.57236, 43.72344 ] ] ] } },
{ "type": "Feature", "properties": { "ct": "5350248.04", "nname": "West Humber-Clairville", "oldcity": "Etobicoke", "name": "0248.04", "ward": "01", "wardname": "Etobicoke North" }, "geometry": { "type": "Polygon", "coordinates": [ [ [ -79.60022, 43.72768 ], [ -79.60311, 43.73424 ], [ -79.60596, 43.73375 ], [ -79.61944, 43.73529 ], [ -79.62344, 43.73499 ], [ -79.62162, 43.73146 ], [ -79.61859, 43.73062 ], [ -79.61653, 43.72849 ], [ -79.61473, 43.72768 ], [ -79.61381, 43.72599 ], [ -79.61423, 43.72433 ], [ -79.61158, 43.7226 ], [ -79.6072, 43.72315 ], [ -79.60571, 43.72409 ], [ -79.6052, 43.72588 ], [ -79.60289, 43.72587 ], [ -79.60117, 43.7266 ], [ -79.60022, 43.72768 ] ] ] } },
{ "type": "Feature", "properties": { "ct": "5350248.05", "nname": "West Humber-Clairville", "oldcity": "Etobicoke", "name": "0248.05", "ward": "01", "wardname": "Etobicoke North" }, "geometry": { "type": "Polygon", "coordinates": [ [ [ -79.5876, 43.72797 ], [ -79.5917, 43.73677 ], [ -79.60311, 43.73424 ], [ -79.60022, 43.72768 ], [ -79.59823, 43.72659 ], [ -79.59847, 43.72522 ], [ -79.59612, 43.72349 ], [ -79.59266, 43.72387 ], [ -79.59136, 43.72571 ], [ -79.58977, 43.72631 ], [ -79.5876, 43.72797 ] ] ] } },
{ "type": "Feature", "properties": { "ct": "5350281.01", "nname": "Brookhaven-Amesbury", "oldcity": "North York", "name": "0281.01", "ward": "05", "wardname": "York South-Weston" }, "geometry": { "type": "Polygon", "coordinates": [ [ [ -79.48732, 43.69513 ], [ -79.49053, 43.69662 ], [ -79.49386, 43.69694 ], [ -79.49377, 43.69756 ], [ -79.49518, 43.70343 ], [ -79.49667, 43.70437 ], [ -79.50383, 43.70288 ], [ -79.50288, 43.69955 ], [ -79.50711, 43.69829 ], [ -79.50571, 43.69684 ], [ -79.50232, 43.69759 ], [ -79.503, 43.6955 ], [ -79.50166, 43.69483 ], [ -79.49764, 43.69285 ], [ -79.49383, 43.6938 ], [ -79.48732, 43.69513 ] ] ] } },
{ "type": "Feature", "properties": { "ct": "5350281.02", "nname": "Brookhaven-Amesbury", "oldcity": "North York", "name": "0281.02", "ward": "05", "wardname": "York South-Weston" }, "geometry": { "type": "Polygon", "coordinates": [ [ [ -79.48646, 43.69528 ], [ -79.48761, 43.69733 ], [ -79.48828, 43.70073 ], [ -79.48989, 43.70249 ], [ -79.49272, 43.70391 ], [ -79.49399, 43.70498 ], [ -79.49667, 43.70437 ], [ -79.49518, 43.70343 ], [ -79.49377, 43.69756 ], [ -79.49386, 43.69694 ], [ -79.49053, 43.69662 ], [ -79.48732, 43.69513 ], [ -79.48646, 43.69528 ] ] ] } },
{ "type": "Feature", "properties": { "ct": "5350301.03", "nname": "Henry Farm", "oldcity": "North York", "name": "0301.03", "ward": "17", "wardname": "Don Valley North" }, "geometry": { "type": "Polygon", "coordinates": [ [ [ -79.34652, 43.76957 ], [ -79.34391, 43.76939 ], [ -79.34149, 43.7698 ], [ -79.34063, 43.77151 ], [ -79.34137, 43.77402 ], [ -79.34321, 43.77489 ], [ -79.34371, 43.77584 ], [ -79.34703, 43.77511 ], [ -79.34631, 43.77259 ], [ -79.34652, 43.76957 ] ] ] } },
{ "type": "Feature", "properties": { "ct": "5350301.04", "nname": "Henry Farm", "oldcity": "North York", "name": "0301.04", "ward": "17", "wardname": "Don Valley North" }, "geometry": { "type": "Polygon", "coordinates": [ [ [ -79.31966, 43.76837 ], [ -79.32291, 43.77527 ], [ -79.32771, 43.7747 ], [ -79.33964, 43.77604 ], [ -79.34164, 43.77622 ], [ -79.34371, 43.77584 ], [ -79.34321, 43.77489 ], [ -79.34137, 43.77402 ], [ -79.34063, 43.77151 ], [ -79.34149, 43.7698 ], [ -79.34391, 43.76939 ], [ -79.34652, 43.76957 ], [ -79.34677, 43.76714 ], [ -79.33725, 43.76772 ], [ -79.32887, 43.76823 ], [ -79.31966, 43.76837 ] ] ] } },
{ "type": "Feature", "properties": { "ct": "5350263.03", "nname": "Banbury-Don Mills", "oldcity": "North York", "name": "0263.03", "ward": "16", "wardname": "Don Valley East" }, "geometry": { "type": "Polygon", "coordinates": [ [ [ -79.33881, 43.72059 ], [ -79.33007, 43.72323 ], [ -79.33053, 43.72963 ], [ -79.33203, 43.73716 ], [ -79.33208, 43.7395 ], [ -79.34337, 43.73719 ], [ -79.34143, 43.72966 ], [ -79.33881, 43.72059 ] ] ] } },
{ "type": "Feature", "properties": { "ct": "5350263.04", "nname": "Banbury-Don Mills", "oldcity": "North York", "name": "0263.04", "ward": "16", "wardname": "Don Valley East" }, "geometry": { "type": "Polygon", "coordinates": [ [ [ -79.32234, 43.72525 ], [ -79.32315, 43.72719 ], [ -79.32048, 43.72801 ], [ -79.31863, 43.72909 ], [ -79.32038, 43.7297 ], [ -79.32011, 43.73161 ], [ -79.32286, 43.72953 ], [ -79.32518, 43.72951 ], [ -79.32487, 43.73179 ], [ -79.32945, 43.73395 ], [ -79.3312, 43.73503 ], [ -79.3307, 43.73637 ], [ -79.33155, 43.73715 ], [ -79.33019, 43.7385 ], [ -79.33054, 43.73979 ], [ -79.33208, 43.7395 ], [ -79.33203, 43.73716 ], [ -79.33053, 43.72963 ], [ -79.33007, 43.72323 ], [ -79.32234, 43.72525 ] ] ] } },
{ "type": "Feature", "properties": { "ct": "5350305.01", "nname": "Bayview Village", "oldcity": "North York", "name": "0305.01", "ward": "17", "wardname": "Don Valley North" }, "geometry": { "type": "Polygon", "coordinates": [ [ [ -79.36413, 43.77165 ], [ -79.36641, 43.77339 ], [ -79.36603, 43.77489 ], [ -79.36736, 43.77494 ], [ -79.37087, 43.7783 ], [ -79.37031, 43.77919 ], [ -79.37046, 43.78126 ], [ -79.37229, 43.78145 ], [ -79.37346, 43.78244 ], [ -79.3758, 43.78126 ], [ -79.37766, 43.78204 ], [ -79.3764, 43.78325 ], [ -79.37809, 43.78543 ], [ -79.3759, 43.78859 ], [ -79.37596, 43.78857 ], [ -79.39214, 43.78501 ], [ -79.39018, 43.77609 ], [ -79.38977, 43.77433 ], [ -79.38773, 43.77452 ], [ -79.38498, 43.77385 ], [ -79.38293, 43.77417 ], [ -79.3809, 43.77516 ], [ -79.37816, 43.7756 ], [ -79.37748, 43.77393 ], [ -79.37664, 43.7692 ], [ -79.36627, 43.77144 ], [ -79.36413, 43.77165 ] ] ] } },
{ "type": "Feature", "properties": { "ct": "5350306.01", "nname": "East Willowdale", "oldcity": "North York", "name": "0306.01", "ward": "18", "wardname": "Willowdale" }, "geometry": { "type": "Polygon", "coordinates": [ [ [ -79.40355, 43.77315 ], [ -79.39018, 43.77609 ], [ -79.39214, 43.78501 ], [ -79.4071, 43.78163 ], [ -79.40355, 43.77315 ] ] ] } },
{ "type": "Feature", "properties": { "ct": "5350306.02", "nname": "East Willowdale", "oldcity": "North York", "name": "0306.02", "ward": "18", "wardname": "Willowdale" }, "geometry": { "type": "Polygon", "coordinates": [ [ [ -79.39968, 43.764 ], [ -79.38805, 43.76659 ], [ -79.38977, 43.77433 ], [ -79.39018, 43.77609 ], [ -79.40355, 43.77315 ], [ -79.39968, 43.764 ] ] ] } },
{ "type": "Feature", "properties": { "ct": "5350312.06", "nname": "Glenfield-Jane Heights", "oldcity": "North York", "name": "0312.06", "ward": "07", "wardname": "Humber River-Black Creek" }, "geometry": { "type": "Polygon", "coordinates": [ [ [ -79.51321, 43.73939 ], [ -79.51037, 43.73953 ], [ -79.50687, 43.74032 ], [ -79.5098, 43.74691 ], [ -79.50805, 43.74808 ], [ -79.51044, 43.74923 ], [ -79.51258, 43.74768 ], [ -79.51512, 43.74709 ], [ -79.51321, 43.73939 ] ] ] } },
{ "type": "Feature", "properties": { "ct": "5350312.07", "nname": "Glenfield-Jane Heights", "oldcity": "North York", "name": "0312.07", "ward": "07", "wardname": "Humber River-Black Creek" }, "geometry": { "type": "Polygon", "coordinates": [ [ [ -79.49703, 43.74251 ], [ -79.49792, 43.74418 ], [ -79.49796, 43.74601 ], [ -79.50175, 43.74709 ], [ -79.50478, 43.74914 ], [ -79.50805, 43.74808 ], [ -79.5098, 43.74691 ], [ -79.50687, 43.74032 ], [ -79.49703, 43.74251 ] ] ] } },
{ "type": "Feature", "properties": { "ct": "5350316.05", "nname": "Black Creek", "oldcity": "North York", "name": "0316.05", "ward": "07", "wardname": "Humber River-Black Creek" }, "geometry": { "type": "Polygon", "coordinates": [ [ [ -79.50883, 43.75908 ], [ -79.51176, 43.76111 ], [ -79.5124, 43.76203 ], [ -79.51562, 43.76412 ], [ -79.51636, 43.76503 ], [ -79.51942, 43.76473 ], [ -79.51772, 43.75724 ], [ -79.51344, 43.75806 ], [ -79.50883, 43.75908 ] ] ] } },
{ "type": "Feature", "properties": { "ct": "5350316.06", "nname": "Black Creek", "oldcity": "North York", "name": "0316.06", "ward": "07", "wardname": "Humber River-Black Creek" }, "geometry": { "type": "Polygon", "coordinates": [ [ [ -79.50716, 43.76431 ], [ -79.51153, 43.76522 ], [ -79.5127, 43.7671 ], [ -79.51443, 43.76731 ], [ -79.51968, 43.76591 ], [ -79.51942, 43.76473 ], [ -79.51636, 43.76503 ], [ -79.51562, 43.76412 ], [ -79.5124, 43.76203 ], [ -79.51176, 43.76111 ], [ -79.50883, 43.75908 ], [ -79.50481, 43.75999 ], [ -79.50777, 43.76159 ], [ -79.50875, 43.7625 ], [ -79.50738, 43.76325 ], [ -79.50716, 43.76431 ] ] ] } },
{ "type": "Feature", "properties": { "ct": "5350321.01", "nname": "Newtonbrook East", "oldcity": "North York", "name": "0321.01", "ward": "18", "wardname": "Willowdale" }, "geometry": { "type": "Polygon", "coordinates": [ [ [ -79.41879, 43.79296 ], [ -79.4067, 43.79557 ], [ -79.40448, 43.79447 ], [ -79.39805, 43.79595 ], [ -79.39621, 43.79888 ], [ -79.39517, 43.79915 ], [ -79.39622, 43.80327 ], [ -79.42008, 43.798 ], [ -79.41901, 43.79381 ], [ -79.41879, 43.79296 ] ] ] } },
{ "type": "Feature", "properties": { "ct": "5350321.02", "nname": "Newtonbrook East", "oldcity": "North York", "name": "0321.02", "ward": "18", "wardname": "Willowdale" }, "geometry": { "type": "Polygon", "coordinates": [ [ [ -79.39359, 43.7923 ], [ -79.39517, 43.79915 ], [ -79.39621, 43.79888 ], [ -79.39805, 43.79595 ], [ -79.40448, 43.79447 ], [ -79.4067, 43.79557 ], [ -79.41879, 43.79296 ], [ -79.41734, 43.78707 ], [ -79.41465, 43.78762 ], [ -79.39359, 43.7923 ] ] ] } },
{ "type": "Feature", "properties": { "ct": "5350324.05", "nname": "Hillcrest Village", "oldcity": "North York", "name": "0324.05", "ward": "17", "wardname": "Don Valley North" }, "geometry": { "type": "Polygon", "coordinates": [ [ [ -79.35568, 43.806 ], [ -79.36, 43.80984 ], [ -79.3607, 43.81131 ], [ -79.37175, 43.8087 ], [ -79.37155, 43.8082 ], [ -79.37037, 43.80836 ], [ -79.36672, 43.80727 ], [ -79.36233, 43.80511 ], [ -79.36041, 43.80351 ], [ -79.35877, 43.8034 ], [ -79.35845, 43.8022 ], [ -79.35696, 43.80194 ], [ -79.35379, 43.8005 ], [ -79.35349, 43.80309 ], [ -79.35568, 43.806 ] ] ] } },
{ "type": "Feature", "properties": { "ct": "5350324.06", "nname": "Hillcrest Village", "oldcity": "North York", "name": "0324.06", "ward": "17", "wardname": "Don Valley North" }, "geometry": { "type": "Polygon", "coordinates": [ [ [ -79.35568, 43.806 ], [ -79.35415, 43.80651 ], [ -79.34669, 43.80761 ], [ -79.34642, 43.80938 ], [ -79.34858, 43.81405 ], [ -79.3607, 43.81131 ], [ -79.36, 43.80984 ], [ -79.35568, 43.806 ] ] ] } },
{ "type": "Feature", "properties": { "ct": "5350331.03", "nname": "Scarborough Village", "oldcity": "Scarborough", "name": "0331.03", "ward": "24", "wardname": "Scarborough-Guildwood" }, "geometry": { "type": "Polygon", "coordinates": [ [ [ -79.2189, 43.74318 ], [ -79.21166, 43.74478 ], [ -79.21082, 43.74462 ], [ -79.20939, 43.74611 ], [ -79.2112, 43.75027 ], [ -79.21128, 43.75117 ], [ -79.21805, 43.7492 ], [ -79.22091, 43.74787 ], [ -79.22089, 43.74782 ], [ -79.2189, 43.74318 ] ] ] } },
{ "type": "Feature", "properties": { "ct": "5350331.04", "nname": "Scarborough Village", "oldcity": "Scarborough", "name": "0331.04", "ward": "24", "wardname": "Scarborough-Guildwood" }, "geometry": { "type": "Polygon", "coordinates": [ [ [ -79.20471, 43.735 ], [ -79.20587, 43.7377 ], [ -79.2076, 43.73607 ], [ -79.20826, 43.73758 ], [ -79.20885, 43.74065 ], [ -79.20788, 43.74253 ], [ -79.20939, 43.74611 ], [ -79.21082, 43.74462 ], [ -79.21166, 43.74478 ], [ -79.2189, 43.74318 ], [ -79.21289, 43.72855 ], [ -79.21151, 43.72927 ], [ -79.21016, 43.73105 ], [ -79.20471, 43.735 ] ] ] } },
{ "type": "Feature", "properties": { "ct": "5350351.01", "nname": "Ionview", "oldcity": "Scarborough", "name": "0351.01", "ward": "21", "wardname": "Scarborough Centre" }, "geometry": { "type": "Polygon", "coordinates": [ [ [ -79.27787, 43.73006 ], [ -79.2712, 43.73144 ], [ -79.26796, 43.73229 ], [ -79.2725, 43.74328 ], [ -79.28151, 43.73934 ], [ -79.27787, 43.73006 ] ] ] } },
{ "type": "Feature", "properties": { "ct": "5350351.02", "nname": "Ionview", "oldcity": "Scarborough", "name": "0351.02", "ward": "21", "wardname": "Scarborough Centre" }, "geometry": { "type": "Polygon", "coordinates": [ [ [ -79.26796, 43.73229 ], [ -79.26296, 43.73347 ], [ -79.26663, 43.74207 ], [ -79.26828, 43.74592 ], [ -79.2725, 43.74328 ], [ -79.26796, 43.73229 ] ] ] } },
{ "type": "Feature", "properties": { "ct": "5350353.03", "nname": "Eglinton East", "oldcity": "Scarborough", "name": "0353.03", "ward": "21", "wardname": "Scarborough Centre" }, "geometry": { "type": "Polygon", "coordinates": [ [ [ -79.26296, 43.73347 ], [ -79.25812, 43.7346 ], [ -79.26145, 43.74254 ], [ -79.26172, 43.74313 ], [ -79.26663, 43.74207 ], [ -79.26296, 43.73347 ] ] ] } },
{ "type": "Feature", "properties": { "ct": "5350353.04", "nname": "Eglinton East", "oldcity": "Scarborough", "name": "0353.04", "ward": "21", "wardname": "Scarborough Centre" }, "geometry": { "type": "Polygon", "coordinates": [ [ [ -79.24808, 43.7367 ], [ -79.24884, 43.73788 ], [ -79.25064, 43.74217 ], [ -79.25451, 43.7417 ], [ -79.25598, 43.74234 ], [ -79.2577, 43.74211 ], [ -79.26145, 43.74254 ], [ -79.25812, 43.7346 ], [ -79.24808, 43.7367 ] ] ] } },
{ "type": "Feature", "properties": { "ct": "5350355.04", "nname": "Eglinton East", "oldcity": "Scarborough", "name": "0355.04", "ward": "20", "wardname": "Scarborough Southwest" }, "geometry": { "type": "Polygon", "coordinates": [ [ [ -79.23929, 43.74059 ], [ -79.24207, 43.7407 ], [ -79.24541, 43.74151 ], [ -79.24559, 43.73839 ], [ -79.24616, 43.7371 ], [ -79.24808, 43.7367 ], [ -79.24547, 43.73057 ], [ -79.24299, 43.7326 ], [ -79.23707, 43.73632 ], [ -79.23929, 43.74059 ] ] ] } },
{ "type": "Feature", "properties": { "ct": "5350363.04", "nname": "Morningside", "oldcity": "Scarborough", "name": "0363.04", "ward": "24", "wardname": "Scarborough-Guildwood" }, "geometry": { "type": "Polygon", "coordinates": [ [ [ -79.19684, 43.7845 ], [ -79.19883, 43.78613 ], [ -79.20231, 43.78752 ], [ -79.20465, 43.78897 ], [ -79.19628, 43.79438 ], [ -79.19689, 43.79654 ], [ -79.2134, 43.79415 ], [ -79.21563, 43.7937 ], [ -79.21363, 43.79123 ], [ -79.20955, 43.78892 ], [ -79.20653, 43.78613 ], [ -79.20497, 43.7826 ], [ -79.19684, 43.7845 ] ] ] } },
{ "type": "Feature", "properties": { "ct": "5350363.05", "nname": "Morningside", "oldcity": "Scarborough", "name": "0363.05", "ward": "24", "wardname": "Scarborough-Guildwood" }, "geometry": { "type": "Polygon", "coordinates": [ [ [ -79.19333, 43.78535 ], [ -79.19376, 43.78799 ], [ -79.19587, 43.79281 ], [ -79.19628, 43.79438 ], [ -79.20465, 43.78897 ], [ -79.20231, 43.78752 ], [ -79.19883, 43.78613 ], [ -79.19684, 43.7845 ], [ -79.19333, 43.78535 ] ] ] } },
{ "type": "Feature", "properties": { "ct": "5350376.11", "nname": "L'Amoreaux West", "oldcity": "Scarborough", "name": "0376.11", "ward": "22", "wardname": "Scarborough-Agincourt" }, "geometry": { "type": "Polygon", "coordinates": [ [ [ -79.3314, 43.79311 ], [ -79.32596, 43.79433 ], [ -79.32698, 43.79589 ], [ -79.33048, 43.80356 ], [ -79.33553, 43.80233 ], [ -79.3314, 43.79311 ] ] ] } },
{ "type": "Feature", "properties": { "ct": "5350376.12", "nname": "L'Amoreaux West", "oldcity": "Scarborough", "name": "0376.12", "ward": "22", "wardname": "Scarborough-Agincourt" }, "geometry": { "type": "Polygon", "coordinates": [ [ [ -79.32596, 43.79433 ], [ -79.31576, 43.79677 ], [ -79.31674, 43.79885 ], [ -79.31832, 43.80065 ], [ -79.32069, 43.80575 ], [ -79.33048, 43.80356 ], [ -79.32698, 43.79589 ], [ -79.32596, 43.79433 ] ] ] } },
{ "type": "Feature", "properties": { "ct": "5350376.13", "nname": "Steeles", "oldcity": "Scarborough", "name": "0376.13", "ward": "22", "wardname": "Scarborough-Agincourt" }, "geometry": { "type": "Polygon", "coordinates": [ [ [ -79.31212, 43.81077 ], [ -79.31474, 43.80928 ], [ -79.3172, 43.80871 ], [ -79.31859, 43.80903 ], [ -79.3204, 43.81171 ], [ -79.32156, 43.81233 ], [ -79.32158, 43.81525 ], [ -79.32253, 43.81615 ], [ -79.32224, 43.81901 ], [ -79.32016, 43.81995 ], [ -79.32044, 43.82057 ], [ -79.32443, 43.81963 ], [ -79.32428, 43.81803 ], [ -79.3247, 43.81507 ], [ -79.32445, 43.81397 ], [ -79.32069, 43.80575 ], [ -79.31082, 43.80794 ], [ -79.31212, 43.81077 ] ] ] } },
{ "type": "Feature", "properties": { "ct": "5350376.14", "nname": "Steeles", "oldcity": "Scarborough", "name": "0376.14", "ward": "22", "wardname": "Scarborough-Agincourt" }, "geometry": { "type": "Polygon", "coordinates": [ [ [ -79.32044, 43.82057 ], [ -79.32016, 43.81995 ], [ -79.32224, 43.81901 ], [ -79.32253, 43.81615 ], [ -79.32158, 43.81525 ], [ -79.32156, 43.81233 ], [ -79.3204, 43.81171 ], [ -79.31859, 43.80903 ], [ -79.3172, 43.80871 ], [ -79.31474, 43.80928 ], [ -79.31212, 43.81077 ], [ -79.31692, 43.82139 ], [ -79.32044, 43.82057 ] ] ] } },
{ "type": "Feature", "properties": { "ct": "5350378.16", "nname": "Malvern East", "oldcity": "Scarborough", "name": "0378.16", "ward": "25", "wardname": "Scarborough-Rouge Park" }, "geometry": { "type": "Polygon", "coordinates": [ [ [ -79.22159, 43.80923 ], [ -79.21951, 43.81048 ], [ -79.21393, 43.81055 ], [ -79.21387, 43.81383 ], [ -79.21117, 43.81633 ], [ -79.21539, 43.81895 ], [ -79.21764, 43.81983 ], [ -79.22275, 43.81265 ], [ -79.22446, 43.81067 ], [ -79.22159, 43.80923 ] ] ] } },
{ "type": "Feature", "properties": { "ct": "5350378.17", "nname": "Malvern East", "oldcity": "Scarborough", "name": "0378.17", "ward": "25", "wardname": "Scarborough-Rouge Park" }, "geometry": { "type": "Polygon", "coordinates": [ [ [ -79.20261, 43.80896 ], [ -79.20405, 43.8119 ], [ -79.20639, 43.81334 ], [ -79.21117, 43.81633 ], [ -79.21387, 43.81383 ], [ -79.21393, 43.81055 ], [ -79.21153, 43.81015 ], [ -79.20669, 43.80838 ], [ -79.20523, 43.80831 ], [ -79.20261, 43.80896 ] ] ] } },
{ "type": "Feature", "properties": { "ct": "5350802.01", "nname": "West Rouge", "oldcity": "Scarborough", "name": "0802.01", "ward": "25", "wardname": "Scarborough-Rouge Park" }, "geometry": { "type": "Polygon", "coordinates": [ [ [ -79.13434, 43.80465 ], [ -79.13376, 43.80625 ], [ -79.13545, 43.80793 ], [ -79.13696, 43.80772 ], [ -79.14053, 43.80841 ], [ -79.14152, 43.80943 ], [ -79.14382, 43.81015 ], [ -79.14587, 43.81003 ], [ -79.14623, 43.81121 ], [ -79.14808, 43.81235 ], [ -79.14959, 43.81258 ], [ -79.15191, 43.81405 ], [ -79.1512, 43.81279 ], [ -79.14671, 43.80264 ], [ -79.14549, 43.80153 ], [ -79.1448, 43.79983 ], [ -79.14607, 43.799 ], [ -79.14446, 43.79762 ], [ -79.14336, 43.79597 ], [ -79.14267, 43.79387 ], [ -79.13472, 43.77502 ], [ -79.13273, 43.77668 ], [ -79.12886, 43.78065 ], [ -79.13162, 43.7807 ], [ -79.13956, 43.79976 ], [ -79.13956, 43.80121 ], [ -79.13434, 43.80465 ] ] ] } },
{ "type": "Feature", "properties": { "ct": "5350802.02", "nname": "West Rouge", "oldcity": "Scarborough", "name": "0802.02", "ward": "25", "wardname": "Scarborough-Rouge Park" }, "geometry": { "type": "Polygon", "coordinates": [ [ [ -79.12886, 43.78065 ], [ -79.12823, 43.78077 ], [ -79.1248, 43.78501 ], [ -79.11996, 43.79147 ], [ -79.11645, 43.79421 ], [ -79.11907, 43.79477 ], [ -79.12162, 43.79742 ], [ -79.12438, 43.79769 ], [ -79.12418, 43.79911 ], [ -79.12525, 43.80024 ], [ -79.12708, 43.80013 ], [ -79.13123, 43.8019 ], [ -79.13425, 43.80092 ], [ -79.13362, 43.80294 ], [ -79.13434, 43.80465 ], [ -79.13956, 43.80121 ], [ -79.13956, 43.79976 ], [ -79.13162, 43.7807 ], [ -79.12886, 43.78065 ] ] ] } },
{ "type": "Feature", "properties": { "ct": "5350311.05", "nname": "York University Heights", "oldcity": "North York", "name": "0311.05", "ward": "07", "wardname": "Humber River-Black Creek" }, "geometry": { "type": "Polygon", "coordinates": [ [ [ -79.50481, 43.75999 ], [ -79.5, 43.76106 ], [ -79.49429, 43.76234 ], [ -79.49105, 43.7635 ], [ -79.4915, 43.76576 ], [ -79.49889, 43.76413 ], [ -79.49985, 43.76357 ], [ -79.50777, 43.76159 ], [ -79.50481, 43.75999 ] ] ] } },
{ "type": "Feature", "properties": { "ct": "5350311.06", "nname": "York University Heights", "oldcity": "North York", "name": "0311.06", "ward": "06", "wardname": "York Centre" }, "geometry": { "type": "Polygon", "coordinates": [ [ [ -79.46373, 43.75449 ], [ -79.47016, 43.78241 ], [ -79.47008, 43.78728 ], [ -79.48443, 43.78401 ], [ -79.51703, 43.77643 ], [ -79.52171, 43.77554 ], [ -79.52173, 43.7754 ], [ -79.51897, 43.77395 ], [ -79.51847, 43.77258 ], [ -79.51708, 43.77193 ], [ -79.51688, 43.7709 ], [ -79.51485, 43.76944 ], [ -79.51393, 43.77016 ], [ -79.51223, 43.7698 ], [ -79.509, 43.76581 ], [ -79.50716, 43.76431 ], [ -79.50738, 43.76325 ], [ -79.50875, 43.7625 ], [ -79.50777, 43.76159 ], [ -79.49985, 43.76357 ], [ -79.49889, 43.76413 ], [ -79.4915, 43.76576 ], [ -79.49105, 43.7635 ], [ -79.48816, 43.75202 ], [ -79.48644, 43.74478 ], [ -79.48375, 43.74553 ], [ -79.48263, 43.74786 ], [ -79.4829, 43.7524 ], [ -79.48225, 43.75344 ], [ -79.48029, 43.75441 ], [ -79.47493, 43.75551 ], [ -79.47308, 43.75542 ], [ -79.46965, 43.75403 ], [ -79.46535, 43.7504 ], [ -79.46276, 43.75045 ], [ -79.46373, 43.75449 ] ] ] } },
{ "type": "Feature", "properties": { "ct": "5350378.18", "nname": "Milliken", "oldcity": "Scarborough", "name": "0378.18", "ward": "23", "wardname": "Scarborough North" }, "geometry": { "type": "Polygon", "coordinates": [ [ [ -79.27398, 43.82251 ], [ -79.27209, 43.82375 ], [ -79.27306, 43.82623 ], [ -79.27438, 43.82699 ], [ -79.2759, 43.8269 ], [ -79.27398, 43.82251 ] ] ] } },
{ "type": "Feature", "properties": { "ct": "5350378.19", "nname": "Milliken", "oldcity": "Scarborough", "name": "0378.19", "ward": "23", "wardname": "Scarborough North" }, "geometry": { "type": "Polygon", "coordinates": [ [ [ -79.24296, 43.81306 ], [ -79.25043, 43.83029 ], [ -79.25078, 43.83223 ], [ -79.25103, 43.83664 ], [ -79.27519, 43.83105 ], [ -79.27503, 43.82948 ], [ -79.2759, 43.8269 ], [ -79.27438, 43.82699 ], [ -79.27306, 43.82623 ], [ -79.27209, 43.82375 ], [ -79.27398, 43.82251 ], [ -79.27165, 43.81725 ], [ -79.2618, 43.81936 ], [ -79.25769, 43.80989 ], [ -79.24296, 43.81306 ] ] ] } },
{ "type": "Feature", "properties": { "ct": "5350378.20", "nname": "Milliken", "oldcity": "Scarborough", "name": "0378.20", "ward": "23", "wardname": "Scarborough North" }, "geometry": { "type": "Polygon", "coordinates": [ [ [ -79.27768, 43.82423 ], [ -79.27713, 43.823 ], [ -79.27534, 43.82224 ], [ -79.27398, 43.82251 ], [ -79.2759, 43.8269 ], [ -79.27727, 43.82672 ], [ -79.27822, 43.82547 ], [ -79.27768, 43.82423 ] ] ] } },
{ "type": "Feature", "properties": { "ct": "5350378.21", "nname": "Milliken", "oldcity": "Scarborough", "name": "0378.21", "ward": "23", "wardname": "Scarborough North" }, "geometry": { "type": "Polygon", "coordinates": [ [ [ -79.27398, 43.82251 ], [ -79.27534, 43.82224 ], [ -79.27713, 43.823 ], [ -79.27768, 43.82423 ], [ -79.28512, 43.82294 ], [ -79.28157, 43.81503 ], [ -79.27165, 43.81725 ], [ -79.27398, 43.82251 ] ] ] } },
{ "type": "Feature", "properties": { "ct": "5350378.22", "nname": "Milliken", "oldcity": "Scarborough", "name": "0378.22", "ward": "23", "wardname": "Scarborough North" }, "geometry": { "type": "Polygon", "coordinates": [ [ [ -79.28512, 43.82294 ], [ -79.27768, 43.82423 ], [ -79.27822, 43.82547 ], [ -79.27727, 43.82672 ], [ -79.2759, 43.8269 ], [ -79.27503, 43.82948 ], [ -79.27519, 43.83105 ], [ -79.28719, 43.8283 ], [ -79.28701, 43.82709 ], [ -79.28512, 43.82294 ] ] ] } },
{ "type": "Feature", "properties": { "ct": "5350194.01", "nname": "Thorncliffe Park", "oldcity": "East York", "name": "0194.01", "ward": "15", "wardname": "Don Valley West" }, "geometry": { "type": "Polygon", "coordinates": [ [ [ -79.33543, 43.7043 ], [ -79.3363, 43.70382 ], [ -79.34036, 43.70507 ], [ -79.3416, 43.70452 ], [ -79.34127, 43.70379 ], [ -79.34316, 43.70192 ], [ -79.34401, 43.70181 ], [ -79.34486, 43.70105 ], [ -79.34587, 43.69852 ], [ -79.34503, 43.6983 ], [ -79.34148, 43.69944 ], [ -79.33925, 43.70123 ], [ -79.33537, 43.70319 ], [ -79.33543, 43.7043 ] ] ] } },
{ "type": "Feature", "properties": { "ct": "5350194.02", "nname": "Thorncliffe Park", "oldcity": "East York", "name": "0194.02", "ward": "15", "wardname": "Don Valley West" }, "geometry": { "type": "Polygon", "coordinates": [ [ [ -79.33791, 43.70772 ], [ -79.3382, 43.70951 ], [ -79.34005, 43.71101 ], [ -79.34263, 43.71036 ], [ -79.34523, 43.71012 ], [ -79.34366, 43.70755 ], [ -79.34278, 43.70555 ], [ -79.3416, 43.70452 ], [ -79.34036, 43.70507 ], [ -79.3363, 43.70382 ], [ -79.33543, 43.7043 ], [ -79.33819, 43.70536 ], [ -79.33717, 43.7068 ], [ -79.33791, 43.70772 ] ] ] } },
{ "type": "Feature", "properties": { "ct": "5350194.03", "nname": "Thorncliffe Park", "oldcity": "East York", "name": "0194.03", "ward": "15", "wardname": "Don Valley West" }, "geometry": { "type": "Polygon", "coordinates": [ [ [ -79.34401, 43.70181 ], [ -79.34316, 43.70192 ], [ -79.34127, 43.70379 ], [ -79.3416, 43.70452 ], [ -79.34278, 43.70555 ], [ -79.34366, 43.70755 ], [ -79.34784, 43.70655 ], [ -79.34995, 43.70506 ], [ -79.34401, 43.70181 ] ] ] } },
{ "type": "Feature", "properties": { "ct": "5350194.04", "nname": "Thorncliffe Park", "oldcity": "East York", "name": "0194.04", "ward": "15", "wardname": "Don Valley West" }, "geometry": { "type": "Polygon", "coordinates": [ [ [ -79.34024, 43.71133 ], [ -79.33949, 43.71253 ], [ -79.34286, 43.71338 ], [ -79.34487, 43.71522 ], [ -79.34677, 43.71516 ], [ -79.34708, 43.71613 ], [ -79.34865, 43.71634 ], [ -79.35015, 43.7158 ], [ -79.35254, 43.71626 ], [ -79.35495, 43.71563 ], [ -79.3648, 43.71357 ], [ -79.36409, 43.71182 ], [ -79.36055, 43.70314 ], [ -79.3584, 43.70192 ], [ -79.35397, 43.70206 ], [ -79.35159, 43.70111 ], [ -79.35057, 43.69943 ], [ -79.34826, 43.69993 ], [ -79.34587, 43.69852 ], [ -79.34486, 43.70105 ], [ -79.34401, 43.70181 ], [ -79.34995, 43.70506 ], [ -79.34784, 43.70655 ], [ -79.34366, 43.70755 ], [ -79.34523, 43.71012 ], [ -79.34263, 43.71036 ], [ -79.34005, 43.71101 ], [ -79.34024, 43.71133 ] ] ] } },
{ "type": "Feature", "properties": { "ct": "5350317.04", "nname": "Westminster-Branson", "oldcity": "North York", "name": "0317.04", "ward": "06", "wardname": "York Centre" }, "geometry": { "type": "Polygon", "coordinates": [ [ [ -79.46519, 43.77318 ], [ -79.4624, 43.77322 ], [ -79.44387, 43.77722 ], [ -79.44483, 43.78104 ], [ -79.44554, 43.78393 ], [ -79.4505, 43.78285 ], [ -79.4504, 43.78197 ], [ -79.45174, 43.78073 ], [ -79.45419, 43.77737 ], [ -79.45804, 43.77748 ], [ -79.45868, 43.77664 ], [ -79.461, 43.77614 ], [ -79.46131, 43.77499 ], [ -79.46519, 43.77318 ] ] ] } },
{ "type": "Feature", "properties": { "ct": "5350317.05", "nname": "Westminster-Branson", "oldcity": "North York", "name": "0317.05", "ward": "06", "wardname": "York Centre" }, "geometry": { "type": "Polygon", "coordinates": [ [ [ -79.45607, 43.77125 ], [ -79.4453, 43.77352 ], [ -79.443, 43.77386 ], [ -79.44387, 43.77722 ], [ -79.4624, 43.77322 ], [ -79.46519, 43.77318 ], [ -79.46418, 43.77173 ], [ -79.46046, 43.77216 ], [ -79.45803, 43.77131 ], [ -79.45607, 43.77125 ] ] ] } },
{ "type": "Feature", "properties": { "ct": "5350341.03", "nname": "Clairlea-Birchmount", "oldcity": "Scarborough", "name": "0341.03", "ward": "20", "wardname": "Scarborough Southwest" }, "geometry": { "type": "Polygon", "coordinates": [ [ [ -79.27942, 43.70818 ], [ -79.28094, 43.71213 ], [ -79.28242, 43.71172 ], [ -79.28098, 43.71071 ], [ -79.28128, 43.70803 ], [ -79.28099, 43.70687 ], [ -79.28203, 43.70601 ], [ -79.28304, 43.70281 ], [ -79.28181, 43.69958 ], [ -79.28659, 43.69821 ], [ -79.2887, 43.69859 ], [ -79.29095, 43.69765 ], [ -79.28967, 43.69451 ], [ -79.28901, 43.69287 ], [ -79.288, 43.69308 ], [ -79.28863, 43.69495 ], [ -79.28343, 43.69702 ], [ -79.28125, 43.69916 ], [ -79.27942, 43.70818 ] ] ] } },
{ "type": "Feature", "properties": { "ct": "5350341.04", "nname": "Oakridge", "oldcity": "Scarborough", "name": "0341.04", "ward": "20", "wardname": "Scarborough Southwest" }, "geometry": { "type": "Polygon", "coordinates": [ [ [ -79.27237, 43.70065 ], [ -79.27608, 43.7002 ], [ -79.27942, 43.70818 ], [ -79.28125, 43.69916 ], [ -79.28343, 43.69702 ], [ -79.28863, 43.69495 ], [ -79.288, 43.69308 ], [ -79.27678, 43.69556 ], [ -79.27442, 43.69789 ], [ -79.27237, 43.70065 ] ] ] } },
{ "type": "Feature", "properties": { "ct": "5350250.04", "nname": "Mount Olive-Silverstone-Jamestown", "oldcity": "Etobicoke", "name": "0250.04", "ward": "01", "wardname": "Etobicoke North" }, "geometry": { "type": "Polygon", "coordinates": [ [ [ -79.58322, 43.75389 ], [ -79.58516, 43.75695 ], [ -79.58382, 43.75742 ], [ -79.5838, 43.75875 ], [ -79.58106, 43.75881 ], [ -79.58058, 43.76038 ], [ -79.57848, 43.76163 ], [ -79.58061, 43.76301 ], [ -79.59041, 43.76078 ], [ -79.58709, 43.75362 ], [ -79.58665, 43.75269 ], [ -79.58322, 43.75389 ] ] ] } },
{ "type": "Feature", "properties": { "ct": "5350250.05", "nname": "Mount Olive-Silverstone-Jamestown", "oldcity": "Etobicoke", "name": "0250.05", "ward": "01", "wardname": "Etobicoke North" }, "geometry": { "type": "Polygon", "coordinates": [ [ [ -79.56861, 43.74625 ], [ -79.5732, 43.74717 ], [ -79.57263, 43.74979 ], [ -79.57721, 43.75019 ], [ -79.57996, 43.75157 ], [ -79.58287, 43.75254 ], [ -79.58322, 43.75389 ], [ -79.58665, 43.75269 ], [ -79.5838, 43.74682 ], [ -79.58271, 43.74451 ], [ -79.56861, 43.74625 ] ] ] } },
{ "type": "Feature", "properties": { "ct": "5350269.01", "nname": "Fenside-Parkwoods", "oldcity": "North York", "name": "0269.01", "ward": "16", "wardname": "Don Valley East" }, "geometry": { "type": "Polygon", "coordinates": [ [ [ -79.33659, 43.76229 ], [ -79.33725, 43.76772 ], [ -79.34677, 43.76714 ], [ -79.35965, 43.76649 ], [ -79.35793, 43.76488 ], [ -79.35495, 43.76464 ], [ -79.35423, 43.76369 ], [ -79.34938, 43.76333 ], [ -79.34985, 43.76143 ], [ -79.3465, 43.76196 ], [ -79.34463, 43.76264 ], [ -79.33921, 43.76366 ], [ -79.33831, 43.76202 ], [ -79.33659, 43.76229 ] ] ] } },
{ "type": "Feature", "properties": { "ct": "5350269.02", "nname": "Parkwoods-O'Connor Hills", "oldcity": "North York", "name": "0269.02", "ward": "16", "wardname": "Don Valley East" }, "geometry": { "type": "Polygon", "coordinates": [ [ [ -79.33659, 43.76229 ], [ -79.33831, 43.76202 ], [ -79.33921, 43.76366 ], [ -79.34463, 43.76264 ], [ -79.3465, 43.76196 ], [ -79.34985, 43.76143 ], [ -79.34831, 43.75992 ], [ -79.3465, 43.75955 ], [ -79.34591, 43.75843 ], [ -79.34391, 43.7565 ], [ -79.34369, 43.75514 ], [ -79.34556, 43.75439 ], [ -79.34531, 43.75279 ], [ -79.34636, 43.75149 ], [ -79.3426, 43.75082 ], [ -79.34208, 43.74743 ], [ -79.33919, 43.7466 ], [ -79.34015, 43.74448 ], [ -79.33907, 43.74352 ], [ -79.33641, 43.74344 ], [ -79.33666, 43.74219 ], [ -79.33576, 43.74091 ], [ -79.33328, 43.7409 ], [ -79.33209, 43.74154 ], [ -79.33319, 43.74719 ], [ -79.3337, 43.75198 ], [ -79.33559, 43.75832 ], [ -79.33659, 43.76229 ] ] ] } },
{ "type": "Feature", "properties": { "ct": "5350344.01", "nname": "Kennedy Park", "oldcity": "Scarborough", "name": "0344.01", "ward": "20", "wardname": "Scarborough Southwest" }, "geometry": { "type": "Polygon", "coordinates": [ [ [ -79.24547, 43.73057 ], [ -79.24808, 43.7367 ], [ -79.25812, 43.7346 ], [ -79.26296, 43.73347 ], [ -79.26121, 43.72946 ], [ -79.25955, 43.7278 ], [ -79.25715, 43.7269 ], [ -79.25395, 43.72483 ], [ -79.25094, 43.73055 ], [ -79.24958, 43.72751 ], [ -79.2477, 43.72791 ], [ -79.24547, 43.73057 ] ] ] } },
{ "type": "Feature", "properties": { "ct": "5350344.02", "nname": "Kennedy Park", "oldcity": "Scarborough", "name": "0344.02", "ward": "20", "wardname": "Scarborough Southwest" }, "geometry": { "type": "Polygon", "coordinates": [ [ [ -79.2477, 43.72791 ], [ -79.24958, 43.72751 ], [ -79.25094, 43.73055 ], [ -79.25395, 43.72483 ], [ -79.2522, 43.72104 ], [ -79.2477, 43.72791 ] ] ] } },
{ "type": "Feature", "properties": { "ct": "5350011.01", "nname": "Wellington Place", "oldcity": "Toronto", "name": "0011.01", "ward": "10", "wardname": "Spadina-Fort York" }, "geometry": { "type": "Polygon", "coordinates": [ [ [ -79.40142, 43.64075 ], [ -79.39396, 43.64273 ], [ -79.39508, 43.64546 ], [ -79.39639, 43.64876 ], [ -79.404, 43.64719 ], [ -79.40142, 43.64075 ] ] ] } },
{ "type": "Feature", "properties": { "ct": "5350011.02", "nname": "Wellington Place", "oldcity": "Toronto", "name": "0011.02", "ward": "10", "wardname": "Spadina-Fort York" }, "geometry": { "type": "Polygon", "coordinates": [ [ [ -79.39508, 43.64546 ], [ -79.3861, 43.6474 ], [ -79.38751, 43.65068 ], [ -79.39639, 43.64876 ], [ -79.39508, 43.64546 ] ] ] } },
{ "type": "Feature", "properties": { "ct": "5350011.03", "nname": "Wellington Place", "oldcity": "Toronto", "name": "0011.03", "ward": "10", "wardname": "Spadina-Fort York" }, "geometry": { "type": "Polygon", "coordinates": [ [ [ -79.39396, 43.64273 ], [ -79.38502, 43.64477 ], [ -79.3861, 43.6474 ], [ -79.39508, 43.64546 ], [ -79.39396, 43.64273 ] ] ] } },
{ "type": "Feature", "properties": { "ct": "5350044.01", "nname": "Little Portugal", "oldcity": "Toronto", "name": "0044.01", "ward": "09", "wardname": "Davenport" }, "geometry": { "type": "Polygon", "coordinates": [ [ [ -79.42813, 43.64233 ], [ -79.4224, 43.64349 ], [ -79.42474, 43.64944 ], [ -79.43145, 43.64965 ], [ -79.42888, 43.64303 ], [ -79.42851, 43.64251 ], [ -79.42813, 43.64233 ] ] ] } },
{ "type": "Feature", "properties": { "ct": "5350044.02", "nname": "Little Portugal", "oldcity": "Toronto", "name": "0044.02", "ward": "09", "wardname": "Davenport" }, "geometry": { "type": "Polygon", "coordinates": [ [ [ -79.42813, 43.64233 ], [ -79.42495, 43.64117 ], [ -79.42141, 43.64068 ], [ -79.4224, 43.64349 ], [ -79.42813, 43.64233 ] ] ] } },
{ "type": "Feature", "properties": { "ct": "5350300.01", "nname": "Avondale", "oldcity": "North York", "name": "0300.01", "ward": "18", "wardname": "Willowdale" }, "geometry": { "type": "Polygon", "coordinates": [ [ [ -79.41012, 43.75823 ], [ -79.40613, 43.75907 ], [ -79.40716, 43.76233 ], [ -79.40826, 43.7621 ], [ -79.41093, 43.76151 ], [ -79.41055, 43.75995 ], [ -79.41012, 43.75823 ] ] ] } },
{ "type": "Feature", "properties": { "ct": "5350300.02", "nname": "Avondale", "oldcity": "North York", "name": "0300.02", "ward": "18", "wardname": "Willowdale" }, "geometry": { "type": "Polygon", "coordinates": [ [ [ -79.40247, 43.75735 ], [ -79.40379, 43.75867 ], [ -79.40613, 43.75907 ], [ -79.41012, 43.75823 ], [ -79.40838, 43.75361 ], [ -79.40247, 43.75735 ] ] ] } },
{ "type": "Feature", "properties": { "ct": "5350300.03", "nname": "Avondale", "oldcity": "North York", "name": "0300.03", "ward": "18", "wardname": "Willowdale" }, "geometry": { "type": "Polygon", "coordinates": [ [ [ -79.40247, 43.75735 ], [ -79.39793, 43.76012 ], [ -79.39391, 43.76176 ], [ -79.38705, 43.76333 ], [ -79.38805, 43.76659 ], [ -79.39968, 43.764 ], [ -79.40716, 43.76233 ], [ -79.40613, 43.75907 ], [ -79.40379, 43.75867 ], [ -79.40247, 43.75735 ] ] ] } },
{ "type": "Feature", "properties": { "ct": "5350318.01", "nname": "Newtonbrook West", "oldcity": "North York", "name": "0318.01", "ward": "18", "wardname": "Willowdale" }, "geometry": { "type": "Polygon", "coordinates": [ [ [ -79.443, 43.77386 ], [ -79.44103, 43.77411 ], [ -79.43025, 43.7765 ], [ -79.42706, 43.77721 ], [ -79.42298, 43.77812 ], [ -79.42388, 43.78197 ], [ -79.42327, 43.7835 ], [ -79.42412, 43.78564 ], [ -79.43654, 43.78289 ], [ -79.44483, 43.78104 ], [ -79.44387, 43.77722 ], [ -79.443, 43.77386 ] ] ] } },
{ "type": "Feature", "properties": { "ct": "5350318.02", "nname": "Newtonbrook West", "oldcity": "North York", "name": "0318.02", "ward": "18", "wardname": "Willowdale" }, "geometry": { "type": "Polygon", "coordinates": [ [ [ -79.42298, 43.77812 ], [ -79.4185, 43.77914 ], [ -79.41557, 43.77977 ], [ -79.41734, 43.78707 ], [ -79.42412, 43.78564 ], [ -79.42327, 43.7835 ], [ -79.42388, 43.78197 ], [ -79.42298, 43.77812 ] ] ] } },
{ "type": "Feature", "properties": { "ct": "5350305.05", "nname": "Bayview Village", "oldcity": "North York", "name": "0305.05", "ward": "17", "wardname": "Don Valley North" }, "geometry": { "type": "Polygon", "coordinates": [ [ [ -79.38705, 43.76333 ], [ -79.37954, 43.76491 ], [ -79.37546, 43.76559 ], [ -79.37664, 43.7692 ], [ -79.38656, 43.76708 ], [ -79.38805, 43.76659 ], [ -79.38705, 43.76333 ] ] ] } },
{ "type": "Feature", "properties": { "ct": "5350305.06", "nname": "Bayview Village", "oldcity": "North York", "name": "0305.06", "ward": "17", "wardname": "Don Valley North" }, "geometry": { "type": "Polygon", "coordinates": [ [ [ -79.37546, 43.76559 ], [ -79.37178, 43.76593 ], [ -79.35965, 43.76649 ], [ -79.36082, 43.76822 ], [ -79.36091, 43.76956 ], [ -79.36413, 43.77165 ], [ -79.36627, 43.77144 ], [ -79.37664, 43.7692 ], [ -79.37546, 43.76559 ] ] ] } },
{ "type": "Feature", "properties": { "ct": "5350377.08", "nname": "Agincourt South-Malvern West", "oldcity": "Scarborough", "name": "0377.08", "ward": "22", "wardname": "Scarborough-Agincourt" }, "geometry": { "type": "Polygon", "coordinates": [ [ [ -79.28825, 43.78329 ], [ -79.27847, 43.78537 ], [ -79.28343, 43.79706 ], [ -79.28628, 43.80375 ], [ -79.29157, 43.80247 ], [ -79.29061, 43.80093 ], [ -79.28853, 43.79608 ], [ -79.28684, 43.79216 ], [ -79.2917, 43.7911 ], [ -79.28946, 43.78576 ], [ -79.28825, 43.78329 ] ] ] } },
{ "type": "Feature", "properties": { "ct": "5350377.09", "nname": "Agincourt South-Malvern West", "oldcity": "Scarborough", "name": "0377.09", "ward": "22", "wardname": "Scarborough-Agincourt" }, "geometry": { "type": "Polygon", "coordinates": [ [ [ -79.28453, 43.77503 ], [ -79.27477, 43.7773 ], [ -79.27693, 43.78281 ], [ -79.27847, 43.78537 ], [ -79.28825, 43.78329 ], [ -79.28653, 43.77982 ], [ -79.28453, 43.77503 ] ] ] } },
{ "type": "Feature", "properties": { "ct": "5350308.05", "nname": "Willowdale West", "oldcity": "North York", "name": "0308.05", "ward": "18", "wardname": "Willowdale" }, "geometry": { "type": "Polygon", "coordinates": [ [ [ -79.41664, 43.77116 ], [ -79.4161, 43.77297 ], [ -79.4185, 43.77914 ], [ -79.42298, 43.77812 ], [ -79.42706, 43.77721 ], [ -79.4261, 43.7749 ], [ -79.422, 43.77582 ], [ -79.42165, 43.77496 ], [ -79.42405, 43.77441 ], [ -79.42278, 43.77139 ], [ -79.42035, 43.77192 ], [ -79.41961, 43.77018 ], [ -79.42666, 43.76862 ], [ -79.42556, 43.76598 ], [ -79.41612, 43.76809 ], [ -79.41664, 43.77116 ] ] ] } },
{ "type": "Feature", "properties": { "ct": "5350308.06", "nname": "Willowdale West", "oldcity": "North York", "name": "0308.06", "ward": "18", "wardname": "Willowdale" }, "geometry": { "type": "Polygon", "coordinates": [ [ [ -79.41664, 43.77116 ], [ -79.41357, 43.77199 ], [ -79.41402, 43.77378 ], [ -79.41475, 43.77659 ], [ -79.41557, 43.77977 ], [ -79.4185, 43.77914 ], [ -79.4161, 43.77297 ], [ -79.41664, 43.77116 ] ] ] } },
{ "type": "Feature", "properties": { "ct": "5350308.07", "nname": "Willowdale West", "oldcity": "North York", "name": "0308.07", "ward": "18", "wardname": "Willowdale" }, "geometry": { "type": "Polygon", "coordinates": [ [ [ -79.41537, 43.76634 ], [ -79.41224, 43.76669 ], [ -79.41244, 43.76747 ], [ -79.41357, 43.77199 ], [ -79.41664, 43.77116 ], [ -79.41612, 43.76809 ], [ -79.41537, 43.76634 ] ] ] } },
{ "type": "Feature", "properties": { "ct": "5350210.03", "nname": "Humber Bay Shores", "oldcity": "Etobicoke", "name": "0210.03", "ward": "03", "wardname": "Etobicoke-Lakeshore" }, "geometry": { "type": "Polygon", "coordinates": [ [ [ -79.48188, 43.6221 ], [ -79.48073, 43.62374 ], [ -79.47829, 43.62895 ], [ -79.47498, 43.63187 ], [ -79.47327, 43.6329 ], [ -79.47428, 43.63342 ], [ -79.48224, 43.62749 ], [ -79.49318, 43.62481 ], [ -79.49253, 43.62336 ], [ -79.48664, 43.62457 ], [ -79.48695, 43.62394 ], [ -79.48542, 43.62286 ], [ -79.48188, 43.6221 ] ] ] } },
{ "type": "Feature", "properties": { "ct": "5350210.04", "nname": "Humber Bay Shores", "oldcity": "Etobicoke", "name": "0210.04", "ward": "03", "wardname": "Etobicoke-Lakeshore" }, "geometry": { "type": "Polygon", "coordinates": [ [ [ -79.47443, 43.62091 ], [ -79.47268, 43.62244 ], [ -79.46917, 43.62288 ], [ -79.47056, 43.62531 ], [ -79.47399, 43.62259 ], [ -79.47656, 43.62416 ], [ -79.47664, 43.6248 ], [ -79.47536, 43.6281 ], [ -79.47371, 43.62967 ], [ -79.47256, 43.62971 ], [ -79.47086, 43.63196 ], [ -79.47327, 43.6329 ], [ -79.47498, 43.63187 ], [ -79.47829, 43.62895 ], [ -79.48073, 43.62374 ], [ -79.48188, 43.6221 ], [ -79.48116, 43.6218 ], [ -79.48019, 43.6214 ], [ -79.48, 43.62153 ], [ -79.47763, 43.62165 ], [ -79.47706, 43.621 ], [ -79.47443, 43.62091 ] ] ] } },
{ "type": "Feature", "properties": { "ct": "5350062.03", "nname": "Bay-Cloverhill", "oldcity": "Toronto", "name": "0062.03", "ward": "11", "wardname": "University-Rosedale" }, "geometry": { "type": "Polygon", "coordinates": [ [ [ -79.39063, 43.65983 ], [ -79.38585, 43.66082 ], [ -79.38771, 43.66565 ], [ -79.3895, 43.66967 ], [ -79.39414, 43.66873 ], [ -79.39314, 43.66637 ], [ -79.39389, 43.66501 ], [ -79.39213, 43.66122 ], [ -79.39063, 43.65983 ] ] ] } },
{ "type": "Feature", "properties": { "ct": "5350062.04", "nname": "Bay-Cloverhill", "oldcity": "Toronto", "name": "0062.04", "ward": "13", "wardname": "Toronto Centre" }, "geometry": { "type": "Polygon", "coordinates": [ [ [ -79.38585, 43.66082 ], [ -79.3831, 43.66138 ], [ -79.38504, 43.66607 ], [ -79.38771, 43.66565 ], [ -79.38585, 43.66082 ] ] ] } },
{ "type": "Feature", "properties": { "ct": "5350017.01", "nname": "St Lawrence-East Bayfront-The Islands", "oldcity": "Toronto", "name": "0017.01", "ward": "10", "wardname": "Spadina-Fort York" }, "geometry": { "type": "Polygon", "coordinates": [ [ [ -79.35452, 43.64757 ], [ -79.34729, 43.6506 ], [ -79.34958, 43.65366 ], [ -79.35164, 43.65548 ], [ -79.35298, 43.65666 ], [ -79.35707, 43.65476 ], [ -79.36006, 43.65303 ], [ -79.36125, 43.65192 ], [ -79.36272, 43.65157 ], [ -79.36074, 43.6472 ], [ -79.3594, 43.64561 ], [ -79.35452, 43.64757 ] ] ] } },
{ "type": "Feature", "properties": { "ct": "5350017.02", "nname": "St Lawrence-East Bayfront-The Islands", "oldcity": "Toronto", "name": "0017.02", "ward": "10", "wardname": "Spadina-Fort York" }, "geometry": { "type": "Polygon", "coordinates": [ [ [ -79.3685, 43.64379 ], [ -79.36745, 43.64261 ], [ -79.36021, 43.64531 ], [ -79.36074, 43.6472 ], [ -79.36272, 43.65157 ], [ -79.37145, 43.64945 ], [ -79.36995, 43.64584 ], [ -79.3685, 43.64379 ] ] ] } }
]
}
