ct_id,ctuid,dguid,geo_name,census_year,block1_age_18_34_share,block1_age_65_plus_share,block1_average_household_size,block1_bachelors_or_higher_25_64_share,block1_low_income_lim_at_share,block2_renter_share,block2_same_address_5yr_share,block2_apartment_share,block2_condo_share,block2_population_density_per_km2,block3_citizen_adult_share,block3_immigrant_share,block3_visible_minority_share,block5_tts_no_car_household_share,outcome_mean_participation_citizen_18plus,outcome_municipal_participation_citizen_18plus,outcome_provincial_participation_citizen_18plus,outcome_federal_participation_citizen_18plus,meeting_mean_pls_component_1_score,meeting_mean_pls_component_1_percentile,meeting_mean_pls_component_2_score,meeting_mean_pls_component_2_percentile,meeting_municipal_pls_component_1_score,meeting_municipal_pls_component_1_percentile,meeting_municipal_pls_component_2_score,meeting_municipal_pls_component_2_percentile,meeting_municipal_pls_component_3_score,meeting_municipal_pls_component_3_percentile,meeting_provincial_pls_component_1_score,meeting_provincial_pls_component_1_percentile,meeting_provincial_pls_component_2_score,meeting_provincial_pls_component_2_percentile,meeting_provincial_pls_component_3_score,meeting_provincial_pls_component_3_percentile,meeting_federal_pls_component_1_score,meeting_federal_pls_component_1_percentile,meeting_federal_pls_component_2_score,meeting_federal_pls_component_2_percentile,meeting_federal_pls_component_3_score,meeting_federal_pls_component_3_percentile,meeting_mean_pls_fitted_participation,meeting_mean_pls_residual,meeting_mean_pls_cv_prediction,meeting_mean_pls_cv_residual,meeting_mean_pls_included_flag,meeting_municipal_pls_fitted_participation,meeting_municipal_pls_residual,meeting_municipal_pls_cv_prediction,meeting_municipal_pls_cv_residual,meeting_municipal_pls_included_flag,meeting_provincial_pls_fitted_participation,meeting_provincial_pls_residual,meeting_provincial_pls_cv_prediction,meeting_provincial_pls_cv_residual,meeting_provincial_pls_included_flag,meeting_federal_pls_fitted_participation,meeting_federal_pls_residual,meeting_federal_pls_cv_prediction,meeting_federal_pls_cv_residual,meeting_federal_pls_included_flag
5350001.00,5350001.00,2021S05075350001.00,1,2021,0.2083333333,0.0916666667,2.6,0.5903614458,0.0916666667,0.2244897959,0.5963302752,0.1914893617,0,87.8,0.8958333333,0.2372881356,0.313559322,0.2120821623,0.5223859429,0.4619418743,0.5246544735,0.5805614808,1.457152684,0.7401709402,-1.309395646,0.04786324786,2.042283132,0.8290598291,-1.462412311,0.2547008547,-1.171763466,0.09743589744,1.234859619,0.6974358974,-0.340664735,0.3128205128,-2.872351496,0.008547008547,0.6103710068,0.6188034188,0.8182416813,0.6752136752,-2.223139617,0.003418803419,0.5531920823,-0.03080613938,0.5558112377,-0.03342529476,True,0.4514947054,0.0104471689,0.458955146,0.002986728309,True,0.4902636043,0.03439086924,0.4925129507,0.03214152282,True,0.7038972665,-0.1233357857,0.7118401904,-0.1312787096,True
5350002.00,5350002.00,2021S05075350002.00,2,2021,0.1404958678,0.4132231405,2.1,0.5490196078,0.1196581197,0.1052631579,0.775862069,0.0526315789,0,178,0.963963964,0.2083333333,0.0166666667,0.5628976826,0.7265153157,0.6654994415,0.6203905286,0.8936559769,3.434237769,0.9965811966,1.967354293,0.9623931624,4.091737728,1,0.3215222193,0.6393162393,2.412475964,0.9794871795,3.195355948,0.9897435897,3.463508432,0.9931623932,0.8724766651,0.7504273504,2.206427018,0.8666666667,3.778237395,0.9948717949,-0.2528848308,0.4803418803,0.6782551706,0.04826014507,0.6481434468,0.0783718689,True,0.6056587644,0.05984067708,0.5796563643,0.0858430772,True,0.6167868539,0.003603674692,0.5904060022,0.02998452648,True,0.8050962369,0.08855973996,0.7802175066,0.1134384703,True
5350003.00,5350003.00,2021S05075350003.00,3,2021,0.2826086957,0.097826087,1.7,0.6,0.1318681319,0.3148148148,0.3333333333,1,1,483.3,0.8536585366,0.4134615385,0.5238095238,0.2359299555,0.81411666,0.7260003639,0.5045094525,1.211840164,1.519536363,0.7538461538,-0.04202720795,0.5623931624,0.6616631359,0.6205128205,2.021468285,0.8461538462,-1.045560552,0.1111111111,1.693088647,0.7675213675,-0.9874938918,0.1846153846,0.8340661679,0.7367521368,2.45656577,0.8957264957,-0.2068058931,0.4205128205,1.227681548,0.852991453,0.5763700376,0.2377466224,0.5723137301,0.2418029299,True,0.4229536264,0.3030467374,0.4142356289,0.3117647349,True,0.525686153,-0.02117670052,0.5264744293,-0.02196497674,True,0.7890071915,0.422832972,0.7834958168,0.4283443467,True
5350004.00,5350004.00,2021S05075350004.00,4,2021,0.2797147385,0.1331220285,1.8,0.3470374849,0.2284518828,0.9266055046,0.6069868996,0.9603053435,0.0107033639,18525.3,0.764075067,0.4403048264,0.5055038103,0.430178916,0.5004381774,0.3518318233,0.4718871789,0.67759553,-0.03216664709,0.5008547009,-0.2061243285,0.4803418803,-0.7671459482,0.3982905983,2.33131509,0.8615384615,-0.03064868802,0.5264957265,0.3456842324,0.5606837607,-1.117074421,0.1641025641,1.611132951,0.8735042735,0.7062981398,0.6376068376,-2.180957184,0.1247863248,0.2516211601,0.6632478632,0.5179952779,-0.01755710046,0.5244902259,-0.02405204847,True,0.3755031003,-0.02367127701,0.3774076787,-0.02557585537,True,0.4869907752,-0.0151035963,0.4843080173,-0.01242083842,True,0.7050780255,-0.02748249546,0.7046260935,-0.0270305635,True
5350005.00,5350005.00,2021S05075350005.00,5,2021,0.3611510791,0.1244604317,1.8,0.4892933619,0.1976225854,0.7365591398,0.5183767228,0.8924731183,0.3454301075,18483,0.8142164782,0.3751857355,0.4769687964,0.5947067073,0.5083394415,0.3319241725,0.5199229021,0.6731712498,1.035843182,0.6700854701,-0.864114651,0.1247863248,0.1147854048,0.5487179487,2.78625681,0.8854700855,-0.9647492299,0.1264957265,1.445526582,0.7299145299,-1.804736081,0.09914529915,0.9440434346,0.758974359,1.887714572,0.8358974359,-2.404036357,0.1076923077,-0.5188543542,0.4051282051,0.5454358134,-0.03709637192,0.5447506658,-0.0364112243,True,0.4065423387,-0.07461816621,0.4045730125,-0.07264884003,True,0.5107153993,0.009207502842,0.509645889,0.01027701308,True,0.7288774444,-0.05570619463,0.7262507532,-0.05307950345,True
5350006.00,5350006.00,2021S05075350006.00,6,2021,0,0.875,,,,,,,,9224.8,,,,0.6416853083,,,,,1.898192064,0.8239316239,6.816135338,0.9965811966,2.019030849,0.8239316239,3.004214025,0.894017094,7.517931303,0.9965811966,1.725663581,0.7811965812,6.868162582,0.9965811966,6.85697497,0.9982905983,1.57912349,0.7965811966,5.64831271,0.9982905983,5.384477377,0.9965811966,0.7032673641,-0.1821443558,0.7295684631,-0.2084454548,True,0.6045071071,-0.2302849631,0.6383990104,-0.2641768664,True,0.646034201,-0.1731601636,0.6748858147,-0.2020117773,True,0.8721142223,-0.1763845919,0.9030517854,-0.207322155,True
5350007.01,5350007.01,2021S05075350007.01,7.01,2021,0.2661764706,0.1808823529,1.8,0.4282460137,0.1652892562,0.8662790698,0.6176470588,0.9212121212,0.0145348837,17018.5,0.736497545,0.4025356577,0.5309033281,0.6416863212,0.5555309411,0.3576495065,0.4893097917,0.8196335251,0.5905436305,0.5863247863,-0.05540196838,0.5538461538,-0.1157525386,0.505982906,2.521305395,0.8735042735,0.1192010651,0.6,0.9608044426,0.6547008547,-0.7722755668,0.2205128205,1.752394774,0.8837606838,1.206605863,0.7179487179,-1.811559437,0.1606837607,0.06871654863,0.5931623932,0.5428237621,0.01270717898,0.541576591,0.01395435006,True,0.4081415216,-0.05049201507,0.4088742191,-0.05122471255,True,0.5110103933,-0.02170060161,0.5085409533,-0.01923116166,True,0.721618467,0.09801505815,0.7168855159,0.1027480092,True
5350007.02,5350007.02,2021S05075350007.02,7.02,2021,0.3265536723,0.1265536723,1.8,0.3699324324,0.201622248,0.9696312364,0.585,0.9810126582,0.0043383948,10174.9,0.7774968394,0.4755077658,0.5471923536,0.501446907,0.5242094126,0.3757924985,0.4839745963,0.712861143,-0.1435720455,0.4700854701,-0.8122507481,0.1418803419,-0.8748985979,0.3692307692,1.965596397,0.841025641,-0.8458466632,0.1521367521,0.2427167025,0.5418803419,-1.658745205,0.1179487179,0.8136081183,0.7282051282,0.5963657198,0.611965812,-2.580502168,0.09230769231,-0.3552300896,0.4581196581,0.5039841632,0.02022524941,0.5047243541,0.01948505852,True,0.3567369184,0.01905558009,0.3579361304,0.01785636809,True,0.4726881179,0.01128647833,0.4731186671,0.01085592912,True,0.6905405505,0.02232059247,0.6901317248,0.02272941824,True
5350008.01,5350008.01,2021S05075350008.01,8.01,2021,0.5996462264,0.0224056604,1.6,0.7239010989,0.0897284534,0.5166975881,0.2427781192,0.970749543,1,27425.6,0.8069522036,0.3124253286,0.4169653524,0.3774279925,0.5273062502,0.3979218869,0.4184958211,0.7655010427,2.253426123,0.894017094,-2.889317116,0.003418803419,0.7346492665,0.6307692308,3.319367515,0.9162393162,-4.048958528,0.003418803419,2.75703221,0.9623931624,-4.367308266,0.008547008547,-0.8738641185,0.3162393162,3.775368698,0.9914529915,-3.671717483,0.04273504274,-1.625223825,0.04102564103,0.5556521458,-0.02834589558,0.5639396661,-0.03663341593,True,0.3984094328,-0.0004875459108,0.4001075279,-0.002185641029,True,0.5148233323,-0.09632751125,0.5199489795,-0.1014531584,True,0.7590003997,0.006500642959,0.7668056462,-0.001304603473,True
5350008.02,5350008.02,2021S05075350008.02,8.02,2021,0.4941785252,0.0534713238,1.6,0.6761546724,0.1148180243,0.5477207977,0.3107319264,0.9957264957,0.9045584046,6052.4,0.8049579046,0.4081455806,0.5071459506,0.4100627203,0.5291964115,0.3298058579,0.4894746768,0.7683086998,1.509811418,0.7487179487,-2.011099483,0.01538461538,0.2778667176,0.5777777778,2.541523062,0.8752136752,-3.127881697,0.01196581197,1.898910794,0.8273504274,-3.287333875,0.03418803419,-0.530931091,0.4153846154,2.804121649,0.9316239316,-2.68474793,0.08376068376,-0.7456754633,0.3076923077,0.5434871801,-0.01429076855,0.5368498431,-0.007653431622,True,0.3832152086,-0.05340935069,0.3804401216,-0.05063426375,True,0.500241443,-0.01076676622,0.491262465,-0.001787788172,True,0.7506024683,0.01770623154,0.738693671,0.02961502883,True
5350009.00,5350009.00,2021S05075350009.00,9,2021,0.3173076923,0.1442307692,1.7,0.35,0.2413793103,1,0.5789473684,1,0,5038.8,0.4183673469,0.4642857143,0.5438596491,0.3812403805,0.3041095723,0.1015703984,0.3342155784,0.4765427402,-1.35873795,0.2735042735,0.03148603811,0.5982905983,-2.356034486,0.08888888889,2.617806685,0.8786324786,0.1533719865,0.6153846154,-0.9045624149,0.358974359,-1.519757379,0.1282051282,2.511843781,0.9418803419,-0.1259442903,0.4820512821,-2.979623139,0.06324786325,1.299632659,0.864957265,0.4743337677,-0.1702241954,0.4759703897,-0.1718608174,True,0.3098197467,-0.2082493482,0.3179850426,-0.2164146442,True,0.4496799411,-0.1154643628,0.4654106697,-0.1311950914,True,0.6844373166,-0.2078945764,0.6941096041,-0.2175668639,True
5350010.01,5350010.01,2021S05075350010.01,10.01,2021,0.385026738,0.0739750446,1.7,0.7015765766,0.088367899,0.4178187404,0.4430027804,0.8948194662,0.8341013825,22661.6,0.899900892,0.2767462423,0.3404067197,0.3841512052,0.4760728408,0.3638188024,0.4133816784,0.6510180414,2.824572567,0.9692307692,-1.162528961,0.06837606838,1.90858425,0.811965812,2.585069835,0.8769230769,-1.937632826,0.02905982906,3.105311005,0.9829059829,-1.799055578,0.1008547009,0.07922556643,0.5675213675,3.573321377,0.9863247863,-1.085389193,0.2273504274,-0.623270563,0.3726495726,0.6046714558,-0.128598615,0.6044903096,-0.1284174688,True,0.4717502713,-0.1079314689,0.4689617884,-0.105142986,True,0.5575754899,-0.1441938115,0.5583568726,-0.1449751942,True,0.7914005625,-0.1403825211,0.7919270459,-0.1409090044,True
5350010.02,5350010.02,2021S05075350010.02,10.02,2021,0.3567603748,0.093038822,1.7,0.6576819407,0.1134163209,0.4612676056,0.5192857143,0.8815943728,0.6408450704,13875.9,0.8343108504,0.3137525916,0.3773324119,0.3973972145,0.5389735599,0.3917637754,0.5138489191,0.7113079853,2.133580428,0.8632478632,-0.8118315125,0.1435897436,1.368126838,0.7384615385,2.205045246,0.8547008547,-1.389076427,0.06153846154,2.385911921,0.9111111111,-1.368661011,0.1452991453,0.3575684667,0.6341880342,2.769979747,0.9282051282,-0.9714198627,0.2478632479,-0.3505582406,0.4598290598,0.58567824,-0.0467046801,0.5846824544,-0.04570889448,True,0.4515090962,-0.0597453208,0.4503366678,-0.05857289232,True,0.5407210483,-0.02687212925,0.5380127666,-0.02416384753,True,0.7718679732,-0.06055998795,0.7709509156,-0.05964293032,True
5350011.01,5350011.01,2021S05075350011.01,11.01,2021,0.5677789364,0.0375391032,1.5,0.7591656131,0.1213872832,0.5794831637,0.230227519,0.9796238245,0.9107282694,20802.4,0.8219404631,0.2936842105,0.4036842105,0.5533026391,0.5046770771,0.3095013667,0.4133473914,0.7911824733,2.597255274,0.9452991453,-2.728345643,0.006837606838,1.049013617,0.6854700855,3.765252212,0.9316239316,-3.714268033,0.005128205128,3.122746198,0.9863247863,-4.264059695,0.01538461538,-0.7396339979,0.3538461538,4.093757535,0.9982905983,-3.649598116,0.04444444444,-1.670612809,0.0358974359,0.5706458081,-0.06596873099,0.5788081615,-0.07413108438,True,0.4207765555,-0.1112751888,0.4293135484,-0.1198121817,True,0.5284921827,-0.1151447913,0.5343735411,-0.1210261497,True,0.7681730492,0.02300942414,0.7755288972,0.01565357609,True
5350011.02,5350011.02,2021S05075350011.02,11.02,2021,0.7003591585,0.0266803489,1.5,0.8163134232,0.1445473251,0.6285500747,0.1771103055,0.997716895,0.9895366218,33875.6,0.7248,0.3986795328,0.5576434738,0.5975035189,0.4886016751,0.269061786,0.505647157,0.6910960824,1.734171564,0.7948717949,-3.288607447,0.001709401709,-0.2765548836,0.4786324786,4.728947278,0.9794871795,-4.16529267,0.001709401709,2.436119595,0.9213675214,-5.649813469,0.001709401709,-0.4150093802,0.4495726496,3.87067396,0.9965811966,-5.506505954,0.005128205128,-1.734733101,0.02735042735,0.5304279121,-0.04182623695,0.5396411297,-0.0510394546,True,0.364535677,-0.09547389096,0.3734007088,-0.1043389228,True,0.495575472,0.01007168497,0.502772067,0.002875089972,True,0.7416737685,-0.05057768615,0.7495349295,-0.05843884711,True
5350011.03,5350011.03,2021S05075350011.03,11.03,2021,0.6259780908,0.034428795,1.5,0.7827411168,0.1602209945,0.6533166458,0.1931438127,0.9987864078,0.9949937422,27606.9,0.657873042,0.4093097913,0.5858747994,0.5066829957,0.5028850627,0.3260868072,0.47060412,0.7119642609,1.272061148,0.705982906,-2.610466336,0.01025641026,-0.6579075698,0.4239316239,4.535114463,0.9777777778,-3.447169158,0.006837606838,1.917273871,0.8324786325,-5.037314182,0.005128205128,0.1574293014,0.5914529915,3.402151497,0.9794871795,-4.93050131,0.006837606838,-0.8045098926,0.294017094,0.525055444,-0.02217038134,0.5194454226,-0.01656035988,True,0.3552635569,-0.02917674967,0.3555493382,-0.02946253098,True,0.4890271757,-0.01842305572,0.4853616005,-0.01475748054,True,0.7446148305,-0.03265056954,0.7455828676,-0.03361860667,True
5350012.01,5350012.01,2021S05075350012.01,12.01,2021,0.5702692733,0.0405754334,1.7,0.7008177008,0.1603843311,0.613679544,0.2861538462,0.9917669411,0.9499683344,31484.3,0.673594132,0.4632162662,0.6329020333,0.468113342,0.4892860494,0.2916461563,0.5196130905,0.6565989014,0.6901088728,0.6102564103,-2.114550171,0.01196581197,-1.048416966,0.3299145299,4.031694712,0.9521367521,-2.804023339,0.01538461538,1.288439035,0.7042735043,-4.327714303,0.01196581197,0.6417860805,0.694017094,2.651273248,0.9196581197,-4.512315519,0.01196581197,-0.3919708536,0.4461538462,0.5123731371,-0.02308708772,0.5194594829,-0.03017343353,True,0.3418273069,-0.05018115064,0.3423237342,-0.05067757796,True,0.4792518346,0.04036125591,0.480181555,0.03943153553,True,0.7314221084,-0.07482320703,0.7361714411,-0.07957253965,True
5350012.03,5350012.03,2021S05075350012.03,12.03,2021,0.558347292,0.0429927415,1.7,0.7930555556,0.143575419,0.5759615385,0.2790966995,1,0.9990384615,19204.5,0.6736778846,0.461154273,0.6392896781,0.4133474451,0.4296884562,0.3329844301,0.2634180134,0.6926629252,0.8579907648,0.6358974359,-2.053740168,0.01367521368,-0.7573291906,0.4017094017,3.592315707,0.9230769231,-2.906830393,0.01367521368,1.361131533,0.7128205128,-4.161313796,0.01709401709,0.1370312296,0.5846153846,2.706936832,0.9213675214,-3.886684648,0.02564102564,-0.2635927961,0.4735042735,0.5194002135,-0.0897117573,0.5208971674,-0.09120871117,True,0.3494885394,-0.01650410928,0.3512193247,-0.01823489461,True,0.4795022001,-0.2160841867,0.4875109367,-0.2240929233,True,0.7410284919,-0.04836556674,0.7470926251,-0.05442969988,True
5350012.04,5350012.04,2021S05075350012.04,12.04,2021,0.4516695958,0.1028119508,1.6,0.7352601156,0.1111111111,0.6054913295,0.3559011894,1,0.8699421965,23631.1,0.6923791822,0.4459338695,0.54512958,0.5839831305,0.5062368703,0.2757423186,0.4742474025,0.7687208899,1.508817561,0.747008547,-1.083566587,0.07521367521,0.01705103036,0.5264957265,3.921162892,0.9435897436,-1.76744246,0.03760683761,2.004021334,0.8512820513,-2.825010756,0.04957264957,1.302534924,0.8358974359,3.084425304,0.9572649573,-2.882566325,0.07008547009,0.2448851662,0.6615384615,0.5587766915,-0.05253982119,0.5580416201,-0.05180474984,True,0.4018266677,-0.1260843491,0.4035585328,-0.1278162143,True,0.5213903882,-0.04714298564,0.516257255,-0.04200985248,True,0.7685917542,0.0001291356633,0.7655022016,0.003218688254,True
5350013.01,5350013.01,2021S05075350013.01,13.01,2021,0.4545454545,0.1173020528,1.6,0.7586891758,0.15,0.6581096849,0.4084291188,0.9988207547,0.8004667445,19877.6,0.7858267717,0.4199706314,0.5286343612,0.5761226534,0.6016727316,0.4054426488,0.6241663904,0.7754091558,1.774755614,0.8034188034,-1.027013256,0.0905982906,0.4012697243,0.5897435897,3.82622714,0.9384615385,-1.595440142,0.04615384615,2.23246926,0.8905982906,-2.614969595,0.05811965812,1.001965843,0.7709401709,3.172797559,0.9606837607,-2.591651334,0.08547008547,-0.0003577617784,0.5777777778,0.5692509565,0.03242177506,0.5732693029,0.02840342869,True,0.4203214133,-0.01487876456,0.4198471469,-0.01440449812,True,0.5285291024,0.09563728797,0.5275483204,0.09661806999,True,0.7713243436,0.004084812259,0.7721654387,0.003243717157,True
5350013.02,5350013.02,2021S05075350013.02,13.02,2021,0.4393866794,0.1255390513,1.7,0.8010540184,0.1305182342,0.5530179445,0.3422222222,0.9991902834,1,24707.7,0.7089590886,0.4875120077,0.5850144092,0.4211445683,0.6160503145,0.5215542185,0.4734314416,0.8531652834,1.364217148,0.7230769231,-0.5138113924,0.2871794872,-0.1211564699,0.5025641026,3.969774578,0.947008547,-1.191366563,0.0905982906,1.787005913,0.7965811966,-2.468182257,0.06324786325,1.600203401,0.8717948718,3.022128167,0.9538461538,-2.298796257,0.1145299145,1.069758151,0.8358974359,0.5630032943,0.05304702018,0.5700839344,0.04596638008,True,0.4036755815,0.117878637,0.4055497354,0.1160044831,True,0.5200421826,-0.04661074105,0.5230649368,-0.04963349523,True,0.7824663049,0.07069897858,0.7852516752,0.06791360823,True
5350014.00,5350014.00,2021S05075350014.00,14,2021,0.5042016807,0.0924369748,1.6,0.8255451713,0.2018561485,0.5917602996,0.2517647059,0.9961977186,1,5039.1,0.6591928251,0.4620689655,0.6252873563,0.5388577804,0.4348384071,0.2767930651,0.4376621525,0.5900600038,1.000421381,0.6683760684,-1.290501997,0.0547008547,-0.6295397541,0.4290598291,4.046529217,0.9538461538,-2.004389572,0.02735042735,1.480765225,0.7384615385,-3.557996653,0.02564102564,0.7471659352,0.7162393162,2.870465944,0.9367521368,-3.33235977,0.05299145299,0.4486971091,0.7025641026,0.5371201594,-0.1022817523,0.5457302787,-0.1108918716,True,0.3710834096,-0.09429034452,0.3778816681,-0.101088603,True,0.4935663707,-0.05590421817,0.4991898032,-0.06152765066,True,0.7599970066,-0.1699370028,0.7704894361,-0.1804294324,True
5350015.00,5350015.00,2021S05075350015.00,15,2021,0.3969543147,0.1431472081,1.6,0.756795422,0.1320949432,0.4991708126,0.4106583072,0.9983579639,0.9087893864,17209.8,0.8047722343,0.3684210526,0.4706477733,0.462737302,0.5413125571,0.3796648452,0.4502955439,0.7939772822,2.240186474,0.8905982906,-0.3334979674,0.3965811966,1.025947208,0.6803418803,3.56669138,0.9213675214,-1.020721281,0.1162393162,2.59243274,0.9452991453,-1.648536815,0.1196581197,1.373991459,0.8427350427,3.440292472,0.9846153846,-1.32533791,0.2068376068,0.6335611184,0.7658119658,0.597405732,-0.05609317488,0.5982603101,-0.05694775298,True,0.4533211291,-0.07365628389,0.4527378202,-0.073072975,True,0.5520372971,-0.1017417532,0.5503771596,-0.1000816158,True,0.7997883737,-0.005811091481,0.8007126106,-0.006735328418,True
5350016.00,5350016.00,2021S05075350016.00,16,2021,0.4181247196,0.0816509646,1.6,0.7241784038,0.1184877824,0.4784514244,0.4146457442,0.9590942294,0.869247626,17641.3,0.8319612591,0.3360995851,0.4430613186,0.5161664032,0.565101419,0.4259247019,0.529596263,0.739783292,2.331623069,0.9008547009,-1.161865554,0.07008547009,1.171683345,0.7042735043,3.170359807,0.8991452991,-1.901225989,0.03076923077,2.707081676,0.958974359,-2.247163271,0.07521367521,0.5265045732,0.6683760684,3.41850951,0.9811965812,-1.858386169,0.1521367521,-0.3499602245,0.4615384615,0.5869990865,-0.0218976675,0.5885204988,-0.02341907977,True,0.4446973865,-0.01877268457,0.4444474416,-0.01852273972,True,0.5437858392,-0.0141895762,0.5454575066,-0.01586124363,True,0.7820616954,-0.04227840338,0.7818105141,-0.04202722214,True
5350017.01,5350017.01,2021S05075350017.01,17.01,2021,0.4451410658,0.0637408568,1.6,0.7,0.1327063741,0.4664371773,0.2930077691,0.9983050847,0.934595525,5964.4,0.8264367816,0.3444564047,0.4051724138,0.4573054702,0.5998652601,0.3591189741,0.6001687306,0.8403080757,2.174403435,0.8769230769,-1.582930121,0.03076923077,0.964190889,0.6700854701,2.898806001,0.8923076923,-2.60104372,0.0188034188,2.53886293,0.9367521368,-2.781696826,0.05299145299,-0.1516076912,0.5111111111,3.371963303,0.9743589744,-2.074058252,0.1333333333,-0.4892674268,0.4170940171,0.5744021854,0.02546307466,0.5720156152,0.02784964485,True,0.423852983,-0.06473400896,0.4268244911,-0.06770551704,True,0.5283333586,0.07183537193,0.523380196,0.07678853458,True,0.7768149435,0.06349313221,0.7779360796,0.06237199604,True
5350017.02,5350017.02,2021S05075350017.02,17.02,2021,0.3605051665,0.1515499426,1.7,0.5793044953,0.1912442396,0.7174541948,0.4586024662,0.9182879377,0.5612343298,15331.8,0.8249201278,0.3858356941,0.5201133144,0.4982735808,0.4993484661,0.3724293182,0.4404751309,0.6851409491,1.319993743,0.7162393162,-0.446503202,0.3145299145,0.291670776,0.5794871795,3.094525362,0.8974358974,-0.7598546583,0.1709401709,1.688656463,0.7658119658,-1.637177995,0.1213675214,1.163960187,0.8085470085,2.338495604,0.8803418803,-1.858679659,0.1504273504,0.2165921518,0.6512820513,0.5625289899,-0.06318052381,0.5631209817,-0.06377251559,True,0.4198592157,-0.04742989752,0.4188652993,-0.04643598108,True,0.5217040034,-0.08122887251,0.5221299316,-0.08165480071,True,0.7565798063,-0.07143885723,0.7552841171,-0.07014316796,True
5350018.00,5350018.00,2021S05075350018.00,18,2021,0.3774104683,0.0674931129,1.8,0.6851851852,0.0883977901,0.5103092784,0.3779761905,0.7763819095,0.6365979381,10469.7,0.894984326,0.235042735,0.3219373219,0.3652126295,0.5959054382,0.4654400011,0.558871814,0.7634044994,2.679697623,0.958974359,-1.778850873,0.02051282051,1.976530313,0.8170940171,1.79806126,0.8307692308,-2.545664958,0.02051282051,2.886204358,0.9709401709,-2.21488629,0.08034188034,-1.27124661,0.211965812,3.199792121,0.9641025641,-1.169550024,0.2153846154,-1.413767649,0.08205128205,0.5892912498,0.006614188369,0.5931870605,0.00271837774,True,0.4597434626,0.005696538511,0.4611236583,0.004316342767,True,0.5367416481,0.02213016582,0.539239214,0.01963259998,True,0.7700934642,-0.006688964792,0.7743430699,-0.01093857051,True
5350019.00,5350019.00,2021S05075350019.00,19,2021,0.2201834862,0.1712538226,2.2,0.4892601432,0.1734197731,0.4558303887,0.6782752902,0.6131386861,0.0954063604,13133.8,0.8903107861,0.3082942097,0.428125,0.2661558138,0.5858329774,0.4740116584,0.522881129,0.7606061447,1.104148709,0.6854700855,0.1813847265,0.6769230769,1.107010148,0.694017094,0.6630080771,0.7008547009,0.4290171154,0.7299145299,1.128386599,0.6854700855,0.3494465299,0.5709401709,0.2762445168,0.6188034188,0.9303241106,0.6700854701,0.3379276153,0.5555555556,-0.2702580121,0.4717948718,0.5651603683,0.02067260909,0.565271741,0.02056123635,True,0.4499442377,0.02406742072,0.4488504791,0.02516117935,True,0.5164039528,0.006477176201,0.5170099658,0.005871163165,True,0.731506266,0.02909987873,0.7316992089,0.02890693584,True
5350020.00,5350020.00,2021S05075350020.00,20,2021,0.1328976035,0.2265795207,2.3,0.7372881356,0.0522875817,0.144278607,0.6688311688,0.4949494949,0.4825870647,3153.6,0.9891891892,0.237394958,0.2368972746,0.08226568872,0.6214483919,0.5093376701,0.5666245553,0.7883829502,3.043660301,0.9794871795,1.120393655,0.8957264957,3.457054882,0.9829059829,-0.1655776682,0.5435897436,0.8227478955,0.8547008547,2.749282866,0.9606837607,2.013884113,0.9641025641,-0.2574501876,0.4837606838,2.312818662,0.8786324786,3.504196972,0.9846153846,0.4653853855,0.7076923077,0.6502502724,-0.02880188055,0.6523011983,-0.03085280637,True,0.5522060468,-0.04286837662,0.5545349606,-0.04519729041,True,0.5803655253,-0.01374097005,0.5843522443,-0.01772768902,True,0.8139130513,-0.02553010109,0.8162690191,-0.02788606884,True
5350021.00,5350021.00,2021S05075350021.00,21,2021,0.1780558229,0.198267565,2,0.5647058824,0.1088631985,0.5645472062,0.6400817996,0.7126436782,0.119460501,5693.6,0.9133949192,0.2389813908,0.168627451,0.3151444684,0.5808603893,0.4934184867,0.5201376757,0.7290250055,2.577966505,0.9384615385,0.3821987949,0.7538461538,2.585415302,0.9094017094,0.9298062483,0.7435897436,0.2519350279,0.6803418803,2.568179872,0.9384615385,0.8354697721,0.7333333333,0.2077753061,0.6017094017,2.235695449,0.8683760684,1.379833307,0.7811965812,-0.1700773033,0.5128205128,0.6213478466,-0.04048745725,0.6220386951,-0.04117830576,True,0.5157607249,-0.0223422382,0.5153378103,-0.0219193236,True,0.5666368329,-0.04649915722,0.5691822148,-0.04904453917,True,0.7822730016,-0.05324799607,0.7823534425,-0.05332843698,True
5350022.00,5350022.00,2021S05075350022.00,22,2021,0.1599479844,0.1417425228,2.6,0.7095238095,0.0598958333,0.2440677966,0.6980874317,0.3648648649,0.0372881356,6936.5,0.9372881356,0.1569390402,0.1246753247,0.1466707507,0.6494361535,0.54406907,0.6292003039,0.7750390865,2.757729063,0.9641025641,-0.3247939458,0.4068376068,3.383312149,0.9794871795,-0.8789106503,0.3726495726,-0.2061788736,0.4307692308,2.483624544,0.9282051282,0.8636925391,0.7487179487,-1.898379486,0.08034188034,1.72750278,0.8239316239,2.253432305,0.9042735043,-1.428909841,0.07521367521,0.6161150902,0.0333210633,0.6169358371,0.03250031639,True,0.5290340201,0.01503504984,0.528138456,0.01593061393,True,0.5488733832,0.08032692068,0.5517686984,0.07743160552,True,0.7612868246,0.01375226197,0.7629976244,0.01204146217,True
5350023.00,5350023.00,2021S05075350023.00,23,2021,0.1659259259,0.1925925926,2.4,0.7005649718,0.0668647845,0.2340425532,0.7284144427,0.3936170213,0.1879432624,4916.2,0.9517625232,0.1853512706,0.123880597,0.1470983466,0.572165526,0.4891496413,0.5132265046,0.7141204319,2.92258764,0.9777777778,0.3367554963,0.7401709402,3.460524388,0.9846153846,-0.5014677977,0.4615384615,0.3106486916,0.694017094,2.661039066,0.9538461538,1.467579725,0.905982906,-1.034402882,0.2786324786,1.987326729,0.8495726496,2.744876827,0.9555555556,-0.7068379986,0.3230769231,0.6329594309,-0.06079390495,0.6362057335,-0.06404020745,True,0.5426312751,-0.05348163381,0.5441194755,-0.05496983418,True,0.5666391295,-0.05341262489,0.5647409741,-0.05151446948,True,0.7825910847,-0.06847065279,0.7814959274,-0.06737549542,True
5350024.00,5350024.00,2021S05075350024.00,24,2021,0.1798404641,0.1443074692,2.3,0.6192893401,0.0835777126,0.3928571429,0.6156862745,0.5323129252,0.0816326531,9715.2,0.9138888889,0.206744868,0.1642228739,0.2716650279,0.6006986121,0.5037980112,0.5349722354,0.7633255896,2.571006355,0.935042735,-0.3063932239,0.4170940171,2.791469655,0.9333333333,0.1763159202,0.6085470085,-0.3033037661,0.3777777778,2.474591601,0.9264957265,0.3830300717,0.5777777778,-0.9908637981,0.2888888889,1.99921345,0.852991453,1.295463946,0.7726495726,-1.044348051,0.2051282051,0.609720906,-0.009022293904,0.6095973912,-0.008898779055,True,0.5108892145,-0.007091203299,0.5081626968,-0.004364685621,True,0.5505719956,-0.01559976019,0.5514114727,-0.01643923724,True,0.764056799,-0.0007312094717,0.7637558358,-0.0004302462156,True
5350025.00,5350025.00,2021S05075350025.00,25,2021,0.1887323944,0.1197183099,2.2,0.5248868778,0.1123755334,0.4862385321,0.6837349398,0.5337423313,0.122324159,6724.1,0.9029982363,0.2016925247,0.2514124294,0.2470487095,0.6767700005,0.5409571576,0.6289428588,0.8604099853,1.962088613,0.8324786325,-0.4277596813,0.3401709402,2.167176715,0.8461538462,-0.03992473928,0.5675213675,-0.4636494126,0.2854700855,1.908531992,0.8307692308,0.2489904583,0.5333333333,-0.87505814,0.3145299145,1.4514656,0.7658119658,0.8692671843,0.6905982906,-1.043805983,0.2068376068,0.5858722274,0.09089777309,0.5836934086,0.09307659194,True,0.4790831991,0.06187395845,0.47681687,0.06414028759,True,0.5320177221,0.0969251367,0.531055713,0.09788714577,True,0.7433696334,0.1170403519,0.7409387391,0.1194712461,True
5350026.00,5350026.00,2021S05075350026.00,26,2021,0.2028081123,0.1115444618,2.3,0.4945054945,0.121875,0.3820840951,0.6585774059,0.4616788321,0.0658135283,8246.3,0.9169921875,0.25625,0.35703125,0.2183434817,0.5678262832,0.4621020999,0.5486466247,0.6927301249,1.396325366,0.7316239316,-0.6222836212,0.2205128205,1.678382263,0.7760683761,-0.43072501,0.4820512821,-0.5390756534,0.2632478632,1.318337262,0.7094017094,0.04177484768,0.4786324786,-1.219382667,0.2188034188,0.8688119753,0.6598290598,0.5904216057,0.6256410256,-1.272619595,0.1247863248,0.5623628638,0.005463419415,0.5635362977,0.004289985507,True,0.4528543023,0.009247797638,0.4550048343,0.007097265592,True,0.5086392982,0.04000732642,0.5095822926,0.0390643321,True,0.7204549216,-0.02772479671,0.7219895259,-0.029259401,True
5350027.00,5350027.00,2021S05075350027.00,27,2021,0.2122587968,0.1543700341,2.5,0.4943181818,0.110982659,0.3898305085,0.6886446886,0.5681818182,0.0536723164,9076.9,0.9342657343,0.2837528604,0.4057142857,0.2232563934,0.5905011711,0.474251618,0.5739546248,0.7232972705,1.200020736,0.694017094,-0.353441713,0.3811965812,1.507296821,0.7538461538,-0.486041038,0.464957265,-0.2734267741,0.3965811966,1.115078899,0.6786324786,0.3333062043,0.5658119658,-0.9374599304,0.3008547009,0.6635903675,0.6290598291,0.7455161595,0.6564102564,-1.045447467,0.2034188034,0.5597628669,0.03073830419,0.5573911009,0.0331100702,True,0.4482362291,0.02601538887,0.4471467716,0.02710484639,True,0.5069893018,0.06696532305,0.5044024347,0.06955219014,True,0.7186178664,0.004679404078,0.717021277,0.006275993506,True
5350028.01,5350028.01,2021S05075350028.01,28.01,2021,0.2432432432,0.0849420849,2,0.6871794872,0.0622568093,0.3703703704,0.536,0.5923076923,0.4888888889,6268.2,0.9502262443,0.2631578947,0.3632958801,0.2985821594,0.5662455119,0.4501303402,0.500849301,0.7477568944,2.529478687,0.9282051282,-0.9243056141,0.1042735043,2.420924101,0.8752136752,0.480850944,0.6632478632,-1.408049315,0.05811965812,2.509656401,0.9316239316,-0.6429402116,0.2461538462,-1.354826984,0.1982905983,2.391812836,0.8871794872,0.5596074957,0.6136752137,-1.073820828,0.1931623932,0.5980217464,-0.03177623455,0.5969810049,-0.03073549295,True,0.482639009,-0.03250866878,0.4786601377,-0.02852979743,True,0.5391883038,-0.03833900275,0.5395683078,-0.03871900681,True,0.7678299059,-0.02007301148,0.7684227613,-0.02066586695,True
5350028.02,5350028.02,2021S05075350028.02,28.02,2021,0.2395566922,0.1184995737,2.1,0.6150845254,0.0974137931,0.3696857671,0.5748331745,0.6329113924,0.3992606285,12665.7,0.8803245436,0.2445848375,0.3140794224,0.2984131013,0.5648059084,0.4409811856,0.5478798695,0.70555667,2.208834372,0.8854700855,-0.4219696064,0.3452991453,2.041058764,0.8273504274,0.8970605122,0.735042735,-0.6588324651,0.2153846154,2.240804891,0.8923076923,-0.2563235954,0.3504273504,-0.3494637601,0.4615384615,2.147304238,0.8615384615,0.4352269107,0.5846153846,-0.6051284775,0.3760683761,0.5948192809,-0.03001337254,0.6009518876,-0.03614597923,True,0.4793051423,-0.03832395669,0.4835847913,-0.0426036057,True,0.5416188233,0.006261046216,0.5477231305,0.0001567389631,True,0.764795592,-0.05923892194,0.7711900895,-0.0656334195,True
5350029.00,5350029.00,2021S05075350029.00,29,2021,0.2483271375,0.1449814126,2.3,0.5212121212,0.139412208,0.4785591767,0.6616600791,0.5127334465,0.1457975986,9935,0.8504837291,0.3459787557,0.5041698256,0.2582596118,0.5907180782,0.4821616418,0.5412330165,0.7487595763,0.6659423973,0.6017094017,-0.3951395241,0.358974359,0.7019298431,0.6239316239,0.1330662327,0.5965811966,-0.2773566443,0.3931623932,0.6701009549,0.6034188034,-0.2489911341,0.3555555556,-0.5223766279,0.4188034188,0.522466285,0.5982905983,-0.07901148154,0.4598290598,-0.6803597381,0.3435897436,0.5399151901,0.05080288813,0.5391754757,0.05154260248,True,0.4179119111,0.0642497307,0.4178534247,0.06430821712,True,0.4901805808,0.0510524357,0.4892322582,0.05200075833,True,0.7102384778,0.0385210985,0.7096911643,0.03906841197,True
5350030.00,5350030.00,2021S05075350030.00,30,2021,0.3585858586,0.0930735931,2.1,0.5064794816,0.1824127907,0.6255442671,0.3680805176,0.8606431853,0.5602322206,18192.8,0.8701298701,0.4162087912,0.6710164835,0.4395042937,0.490343939,0.3448499045,0.463301215,0.6628806974,0.5097436509,0.5743589744,-1.267951892,0.05641025641,-0.3902033945,0.4598290598,2.181476049,0.852991453,-1.573218327,0.04957264957,0.8383005164,0.6273504274,-2.418070868,0.06495726496,-0.02403161739,0.5435897436,1.485185211,0.7760683761,-2.496120358,0.09914529915,-0.5040675535,0.411965812,0.5198909071,-0.02954696811,0.5178358977,-0.0274919587,True,0.3706812071,-0.02583130257,0.3713914716,-0.02654156704,True,0.478350635,-0.01504942004,0.4766691882,-0.01336797321,True,0.7161190002,-0.05323830281,0.7151950661,-0.05231436867,True
5350031.00,5350031.00,2021S05075350031.00,31,2021,0.2936170213,0.1038297872,2.1,0.3935389134,0.2819420784,0.808988764,0.5842155919,0.9332161687,0.3108614232,22729.4,0.7679671458,0.5219378428,0.7568555759,0.6450116597,0.5457072141,0.4193430735,0.4782903206,0.739488248,-0.8233630796,0.3726495726,-0.2623401342,0.4512820513,-1.802014955,0.1982905983,2.885875331,0.8888888889,0.1268266074,0.6085470085,-0.3603043333,0.4444444444,-1.723625083,0.1128205128,2.032942352,0.9008547009,0.3044631251,0.5623931624,-3.170904954,0.05641025641,0.472100885,0.7128205128,0.4886842588,0.05702295526,0.4883393955,0.05736781862,True,0.3365119542,0.08283111933,0.3362211761,0.08312189746,True,0.4616477262,0.01664259443,0.4601317394,0.0181585812,True,0.6855294204,0.05395882761,0.6836682423,0.05582000566,True
5350032.00,5350032.00,2021S05075350032.00,32,2021,0.363410596,0.1473509934,1.6,0.4564315353,0.3086190918,0.8303571429,0.4666056725,0.8870481928,0.2723214286,14396,0.7230769231,0.3901785714,0.5383928571,0.7033014827,0.4756985784,0.3652570013,0.4160168678,0.6458218661,0.4481520358,0.5692307692,-0.4251515582,0.3435897436,-0.7566245725,0.4034188034,3.877674247,0.9418803419,-0.1540351583,0.4632478632,0.9717452549,0.6598290598,-2.025021894,0.08888888889,1.957872498,0.8957264957,1.689605518,0.8170940171,-3.204267626,0.0547008547,0.1300807258,0.6273504274,0.5316066317,-0.05590805326,0.5364559942,-0.06075741576,True,0.3882022457,-0.02294524437,0.3944529034,-0.02919590202,True,0.5008209351,-0.08480406734,0.507977451,-0.09196058323,True,0.7223975486,-0.07657568253,0.733058991,-0.08723712493,True
5350033.00,5350033.00,2021S05075350033.00,33,2021,0.3653671804,0.1115140526,1.7,0.4165390505,0.3904761905,0.8314424635,0.5184804928,0.9086538462,0.209076175,17255.9,0.683299389,0.4667988107,0.6303270565,0.6446500643,0.4467362872,0.3129591776,0.3751901237,0.6520595604,-0.6537805604,0.4017094017,-0.2640301937,0.4461538462,-1.913243582,0.1709401709,3.970122685,0.9487179487,0.3489673269,0.7008547009,-0.09146647336,0.4837606838,-2.220817861,0.07863247863,2.442209456,0.9316239316,0.7784962759,0.6495726496,-3.867129633,0.02905982906,0.5462250243,0.7384615385,0.4947396836,-0.04800339639,0.4937900119,-0.04705372466,True,0.3441918609,-0.03123268332,0.3406494483,-0.02769027075,True,0.4684507475,-0.0932606238,0.4574751945,-0.08228507079,True,0.6933562598,-0.04129669935,0.6895893401,-0.03752977962,True
5350034.01,5350034.01,2021S05075350034.01,34.01,2021,0.5018761726,0.1360225141,1.6,0.7904290429,0.2373046875,0.6848874598,0.3958762887,0.957278481,0.6961414791,42867.5,0.638530288,0.4265734266,0.641,0.5474688266,0.5428212944,0.3553837909,0.5611016551,0.7119784371,1.036221774,0.6717948718,-0.5909830307,0.2461538462,-0.7374078027,0.4051282051,5.40691127,0.9931623932,-0.4718591416,0.2837606838,1.64717274,0.758974359,-3.100878435,0.03931623932,2.493448707,0.9384615385,2.982969609,0.9521367521,-3.879495779,0.02735042735,0.7191020647,0.7811965812,0.549962212,-0.007140917641,0.5527863715,-0.009965077147,True,0.3985830396,-0.04319924869,0.399553404,-0.04416961305,True,0.5159917768,0.04510987824,0.5145313122,0.04657034285,True,0.7609066664,-0.04892822927,0.7636351306,-0.05165669347,True
5350034.02,5350034.02,2021S05075350034.02,34.02,2021,0.5319148936,0.0725907384,1.6,0.6626838235,0.2484076433,0.6957403651,0.3232189974,0.993877551,0.7170385396,20070.3,0.6780455154,0.4090322581,0.611863314,0.6400232847,0.5212642884,0.354072332,0.506033929,0.7036866041,0.7106601973,0.6136752137,-1.738907858,0.02222222222,-0.9644154431,0.3435897436,4.374709378,0.9658119658,-2.035450988,0.02564102564,1.330345937,0.7111111111,-3.930051513,0.0188034188,1.000169557,0.7692307692,2.546024505,0.905982906,-4.496234193,0.01538461538,-0.4261378781,0.441025641,0.5193169151,0.001947373268,0.5168453836,0.004418904819,True,0.3587219282,-0.004649596219,0.3589699334,-0.004897601375,True,0.4870213045,0.01901262442,0.4884039384,0.01762999054,True,0.7280508806,-0.02436427649,0.7273745899,-0.02368798581,True
5350035.00,5350035.00,2021S05075350035.00,35,2021,0.5599429115,0.066603235,1.7,0.7958894401,0.251071939,0.6979591837,0.3042394015,1,0.8114285714,15853.3,0.6197916667,0.4422158548,0.7344794651,0.6017748609,0.5666593492,0.3697925541,0.5620045566,0.7681809371,0.3390169942,0.5572649573,-1.816298538,0.0188034188,-1.419429671,0.2666666667,4.434612421,0.9709401709,-2.110008535,0.02393162393,0.9377087636,0.6512820513,-4.361635662,0.01025641026,0.7679095472,0.7196581197,2.372864464,0.8837606838,-4.730957894,0.008547008547,-0.1663763214,0.5145299145,0.504706457,0.06195289215,0.4999855394,0.06667380985,True,0.3380436531,0.03174890093,0.3414495734,0.02834298066,True,0.4686233287,0.09338122786,0.4686034371,0.09340111944,True,0.7235428529,0.04463808418,0.7256206278,0.04256030931,True
5350036.00,5350036.00,2021S05075350036.00,36,2021,0.4423922603,0.1424802111,1.7,0.6617842876,0.2256637168,0.6773722628,0.4537286613,0.9485294118,0.5737226277,14827.9,0.8037735849,0.4082167832,0.5713035871,0.6771924233,0.5407857089,0.3773616387,0.4561364661,0.7888590217,1.240447182,0.7008547009,-0.8977940243,0.1094017094,0.002020965454,0.5213675214,3.68562754,0.9282051282,-1.068066868,0.105982906,1.707594495,0.7743589744,-2.392904554,0.06837606838,1.095772897,0.788034188,2.490103154,0.8974358974,-2.854055361,0.07521367521,-0.2736473932,0.4700854701,0.5522190027,-0.01143329383,0.554928742,-0.01414303306,True,0.4082268612,-0.03086522249,0.3992086702,-0.02184703154,True,0.5145533725,-0.05841690634,0.5046937982,-0.04855733201,True,0.7450756449,0.04378337685,0.7340704253,0.05478859647,True
5350037.00,5350037.00,2021S05075350037.00,37,2021,0.4677083333,0.1645833333,1.9,0.6193078324,0.2152317881,0.7237687366,0.4091954023,0.9279661017,0.3361884368,10647.5,0.6640625,0.3968609865,0.6734006734,0.6485144276,0.5272278527,0.3643475378,0.5311538742,0.6861821459,0.3026129669,0.5521367521,-1.216979786,0.05811965812,-0.8853046236,0.3675213675,3.263794037,0.9076923077,-1.241427252,0.08376068376,0.7709370367,0.6170940171,-2.829331582,0.04615384615,0.7355259678,0.7128205128,1.59553789,0.8017094017,-3.506036139,0.04957264957,-0.5162659031,0.4068376068,0.5133027985,0.01392505415,0.5113718536,0.01585599907,True,0.3627104396,0.001637098261,0.3659391502,-0.001591612364,True,0.4777729655,0.05338090873,0.4808233157,0.0503305585,True,0.7088726069,-0.022690461,0.7113030882,-0.02512094221,True
5350038.00,5350038.00,2021S05075350038.00,38,2021,0.3725761773,0.1842105263,2,0.4866828087,0.2592592593,0.6435045317,0.5337423313,0.8255813953,0.2265861027,9844.3,0.7581602374,0.4087481146,0.5361445783,0.4682845745,0.5033456477,0.360561903,0.4746170349,0.6748580052,0.1856094828,0.5367521368,-0.2886639174,0.4324786325,-0.5693959324,0.4358974359,2.390425228,0.8683760684,-0.1203542871,0.4786324786,0.5053483175,0.5846153846,-1.323751009,0.147008547,1.129576903,0.8017094017,0.9840700619,0.6735042735,-2.051508537,0.1367521368,0.02668445241,0.588034188,0.5244436914,-0.0210980437,0.5284178988,-0.02507225112,True,0.3836500414,-0.02308813845,0.3890691937,-0.02850729069,True,0.4866082759,-0.01199124101,0.4920203232,-0.01740328824,True,0.7120285905,-0.0371705853,0.7195520012,-0.04469399595,True
5350039.00,5350039.00,2021S05075350039.00,39,2021,0.3640399556,0.166481687,2.2,0.4068716094,0.2254791432,0.682464455,0.5280269058,0.8875305623,0.4502369668,14180,0.8072590738,0.4794816415,0.7257019438,0.6610660043,0.5583626871,0.3229231141,0.674543673,0.6776212742,-0.332205205,0.4444444444,-0.5667936457,0.2598290598,-1.216999724,0.3025641026,2.362105355,0.864957265,-0.5832290204,0.2461538462,0.07316439321,0.5111111111,-1.678383551,0.1162393162,1.281919819,0.8290598291,0.6442840911,0.6256410256,-2.728662402,0.08034188034,-0.08408945453,0.5487179487,0.5012729857,0.05708970143,0.5003464121,0.05801627498,True,0.3485202151,-0.02559710102,0.3484573953,-0.02553428113,True,0.470483685,0.204059988,0.4667265567,0.2078171163,True,0.6936398434,-0.01601856921,0.6927919657,-0.01517069145,True
5350040.00,5350040.00,2021S05075350040.00,40,2021,0.3099415205,0.1450292398,2.4,0.4685816876,0.1179245283,0.386167147,0.6236297199,0.5488505747,0.0461095101,11592.1,0.7976031957,0.4112808461,0.4700352526,0.3997376811,0.5264837033,0.3657324821,0.530860567,0.6828580607,0.3075582713,0.5538461538,-0.8958048969,0.1145299145,0.2586870747,0.5743589744,0.1104284018,0.5863247863,-0.7964513254,0.1572649573,0.3926063826,0.5726495726,-0.7495288995,0.2239316239,-0.6045432076,0.3914529915,0.2578924373,0.547008547,-0.9156879535,0.2581196581,-1.246924916,0.1316239316,0.5187868115,0.007696891778,0.5171710678,0.009312635516,True,0.3911839488,-0.0254514667,0.390303911,-0.02457142893,True,0.4758962724,0.05496429462,0.4735061544,0.05735441267,True,0.6870748898,-0.00421682911,0.686168038,-0.003309977331,True
5350041.00,5350041.00,2021S05075350041.00,41,2021,0.3172932331,0.1578947368,2.2,0.5581395349,0.0914634146,0.4054054054,0.5799373041,0.6283783784,0.2027027027,10482.5,0.8539898132,0.374617737,0.3333333333,0.2842516287,0.5801928996,0.4528676124,0.5357606319,0.7519504545,1.339702219,0.7196581197,-0.7086353465,0.1811965812,1.214323394,0.7128205128,0.4362908059,0.6598290598,-0.9492413696,0.1316239316,1.388967453,0.7213675214,-0.5491055057,0.2564102564,-0.6462847311,0.3777777778,1.307937913,0.7367521368,-0.1495735502,0.4427350427,-0.927266651,0.2461538462,0.5589049035,0.02128799612,0.5576196265,0.02257327307,True,0.4345985794,0.01826903294,0.4347468514,0.01812076095,True,0.5093936164,0.02636701555,0.5075460822,0.02821454967,True,0.7299897068,0.02196074771,0.727957611,0.02399284349,True
5350042.00,5350042.00,2021S05075350042.00,42,2021,0.3107344633,0.1604519774,2.2,0.5681003584,0.1,0.5038167939,0.609963548,0.7091836735,0.0229007634,9028.4,0.8619354839,0.328271028,0.2371495327,0.5373430764,0.5912834829,0.4561272092,0.5642937765,0.7534294629,1.852566317,0.811965812,-0.924181507,0.105982906,1.685184001,0.7794871795,0.9021264576,0.7384615385,-0.9850864377,0.1247863248,1.980569382,0.8461538462,-0.6538371845,0.2427350427,-0.592472835,0.3948717949,1.735175158,0.8256410256,-0.522474874,0.3401709402,-1.527401535,0.05982905983,0.5737412586,0.01754222426,0.5752596349,0.01602384796,True,0.4592416888,-0.003114479602,0.4585366698,-0.002409460558,True,0.5277057345,0.036588042,0.5317274527,0.03256632383,True,0.7318000318,0.02162943102,0.734740015,0.01868944782,True
5350043.00,5350043.00,2021S05075350043.00,43,2021,0.2983651226,0.1716621253,2.1,0.5651260504,0.1001410437,0.4698795181,0.6185714286,0.7289156627,0.1837349398,6625.7,0.8732612056,0.3231622746,0.2686980609,0.2690585811,0.5014633078,0.3951884272,0.4485639463,0.66063755,1.750969757,0.7982905983,-0.4149270176,0.3487179487,1.640636775,0.7709401709,0.5976377127,0.6888888889,-0.7030664962,0.1897435897,1.794307705,0.7982905983,-0.1559682146,0.3931623932,-0.3692217329,0.4547008547,1.646883528,0.8085470085,0.2884265322,0.5418803419,-0.7029682582,0.3264957265,0.5785108941,-0.07704758634,0.5816144687,-0.08015116092,True,0.4582343386,-0.06304591139,0.4587855568,-0.06359712966,True,0.5281547298,-0.07959078346,0.5309786155,-0.08241466918,True,0.7472317618,-0.08659421174,0.7508772276,-0.09023967755,True
5350044.01,5350044.01,2021S05075350044.01,44.01,2021,0.3217131474,0.1593625498,2.1,0.5879699248,0.1001011122,0.5429769392,0.5464135021,0.8112033195,0.2788259958,12628.4,0.8655367232,0.3102746694,0.2571138211,0.3663097126,0.5329254358,0.3986703619,0.5020538201,0.6980521255,2.009843986,0.8393162393,-0.6828216127,0.2,1.625107235,0.7658119658,1.365117743,0.7931623932,-1.028820074,0.1128205128,2.155917746,0.8735042735,-0.7564299493,0.2222222222,-0.1837038345,0.5042735043,2.185565213,0.864957265,-0.3796214001,0.3846153846,-0.7727432049,0.3008547009,0.5833710708,-0.05044563505,0.5839535367,-0.05102810091,True,0.4601428239,-0.06147246207,0.4600854707,-0.06141510883,True,0.535305093,-0.0332512729,0.5362201217,-0.03416630167,True,0.7555769331,-0.0575248076,0.7563027402,-0.05825061464,True
5350044.02,5350044.02,2021S05075350044.02,44.02,2021,0.5558166863,0.027027027,1.6,0.6494252874,0.1175088132,0.6345083488,0.2659313725,0.9925925926,0.7884972171,45654.5,0.8345959596,0.2582938389,0.3902728351,0.5517762065,0.5789544892,0.4903561974,0.5836998977,0.6628073725,2.574433104,0.9367521368,-2.737098017,0.005128205128,0.9375366427,0.6632478632,4.272942825,0.9641025641,-3.42411464,0.008547008547,3.197922308,0.9914529915,-4.297743843,0.01367521368,-0.05501028608,0.5401709402,4.109171271,1,-4.220843003,0.02051282051,-1.839922979,0.0188034188,0.5696825087,0.009271980491,0.5931561013,-0.01420161211,True,0.4241738609,0.06618233649,0.4325397398,0.05781645765,True,0.535556604,0.0481432937,0.5455865294,0.03811336835,True,0.7607599154,-0.09795254299,0.7659825714,-0.103175199,True
5350045.00,5350045.00,2021S05075350045.00,45,2021,0.3143297381,0.1463790447,2.2,0.535046729,0.1084529506,0.6317567568,0.6260434057,0.7491408935,0.0236486486,11003,0.8723776224,0.3392282958,0.2825040128,0.4882491783,0.5338675241,0.4449061997,0.4788372922,0.6778590804,1.552774182,0.7606837607,-1.049316273,0.08376068376,1.33872716,0.7333333333,0.8909895194,0.7316239316,-1.138957031,0.1008547009,1.709134219,0.7760683761,-0.8852544651,0.2017094017,-0.6231102054,0.3829059829,1.517899716,0.788034188,-0.8403052754,0.2786324786,-1.494898098,0.07179487179,0.5609194262,-0.02705190209,0.5676482215,-0.0337806974,True,0.4417142452,0.003191954462,0.4465823286,-0.001676128848,True,0.5165757491,-0.03773845696,0.5198437263,-0.04100643416,True,0.7224443813,-0.04458530095,0.7261604918,-0.04830141143,True
5350046.00,5350046.00,2021S05075350046.00,46,2021,0.253968254,0.1555555556,2.4,0.4154228856,0.1095238095,0.4344569288,0.6930533118,0.5757575758,0.0486891386,7454.5,0.8656716418,0.3508500773,0.3353941267,0.3588519088,0.5395637785,0.422305821,0.5285221017,0.6678634129,0.8427735308,0.6307692308,-0.5561275081,0.2700854701,0.995458161,0.6769230769,-0.2748959848,0.5162393162,-0.5814727575,0.2478632479,0.8637439427,0.6307692308,0.04434260444,0.4803418803,-0.5588212639,0.4085470085,0.479831426,0.5948717949,0.03665184127,0.4923076923,-1.153388024,0.1658119658,0.5435986406,-0.004034862054,0.5436241608,-0.004060382254,True,0.4233211891,-0.001015368044,0.4219291511,0.000376669989,True,0.4989284047,0.02959369697,0.4974358096,0.0310862921,True,0.7045821349,-0.03671872206,0.7024663186,-0.03460290574,True
5350047.02,5350047.02,2021S05075350047.02,47.02,2021,0.245014245,0.1951566952,2,0.3844339623,0.24,0.7563739377,0.6528189911,0.8929577465,0.0736543909,12233.4,0.865,0.4625360231,0.5079136691,0.3357153226,0.6013389554,0.4547453456,0.5664292054,0.7828423152,0.1361839431,0.5264957265,0.5668420778,0.7965811966,-0.2879260811,0.4752136752,1.712918124,0.8256410256,0.7747419762,0.8444444444,0.3485973336,0.5623931624,0.002048146543,0.4632478632,1.600027552,0.8700854701,0.5438058,0.6034188034,-0.7598160701,0.2854700855,0.7133642147,0.7777777778,0.5368057728,0.06453318262,0.5361164733,0.06522248212,True,0.4018466898,0.05289865577,0.4002675017,0.05447784387,True,0.4977544604,0.068674745,0.4965272299,0.06990197541,True,0.7203017303,0.06254058495,0.7187487648,0.06409355044,True
5350047.03,5350047.03,2021S05075350047.03,47.03,2021,0.2857142857,0.0886699507,1.9,0.6708860759,0.078817734,0.4159292035,0.4223300971,0.8909090909,0.6991150442,8771.6,1.011299435,0.1944444444,0.2453703704,0.3353947355,0.655577496,0.5522577275,0.6229565354,0.791518225,3.387503595,0.9948717949,-1.004673754,0.09572649573,2.896620416,0.9435897436,1.573546004,0.8170940171,-1.836863144,0.03247863248,3.495508966,0.9948717949,-1.018078144,0.1794871795,-0.853547269,0.3264957265,3.589177858,0.9897435897,0.2542370389,0.535042735,-0.8922136497,0.252991453,0.6274733614,0.02810413456,0.6334070345,0.0221704615,True,0.5079547122,0.04430301538,0.5116075208,0.04065020671,True,0.5707724245,0.05218411094,0.5786641089,0.04429242649,True,0.8024820132,-0.01096378818,0.808281866,-0.01676364097,True
5350047.04,5350047.04,2021S05075350047.04,47.04,2021,0.227027027,0.1189189189,2.4,0.6115942029,0.0786106033,0.3744493392,0.7140115163,0.4711111111,0.0088105727,10127.8,0.8993288591,0.2296564195,0.1938405797,0.3357596746,0.5769609893,0.4465755268,0.5652062852,0.719101156,2.151290866,0.8717948718,-0.8192185583,0.1384615385,2.465257423,0.8871794872,-0.2906164363,0.5094017094,-0.7251709232,0.1811965812,2.073701642,0.8632478632,0.06206496515,0.4905982906,-1.427161246,0.1829059829,1.475477373,0.7692307692,0.7464779239,0.6581196581,-1.759158886,0.02393162393,0.5861915052,-0.009230515907,0.5832416613,-0.00628067203,True,0.4866625796,-0.04008705277,0.4858995664,-0.03932403959,True,0.5314876336,0.03371865166,0.529548376,0.03565790921,True,0.7343881018,-0.0152869458,0.7326017693,-0.01350061336,True
5350048.00,5350048.00,2021S05075350048.00,48,2021,0.2194029851,0.1074626866,2.3,0.5944055944,0.0978915663,0.5257731959,0.6864951768,0.6406779661,0.0137457045,10011.9,0.8788990826,0.2423312883,0.2070552147,0.3624225609,0.6508724505,0.5292125988,0.6165595709,0.8068451819,2.036068861,0.841025641,-0.7510793901,0.158974359,2.135393018,0.8427350427,0.2898717388,0.6307692308,-0.7055081158,0.1863247863,2.043410868,0.8564102564,-0.1974594648,0.3829059829,-0.9447143561,0.2991452991,1.615417082,0.8051282051,0.3069494137,0.5452991453,-1.375024286,0.08888888889,0.5831840334,0.06768841708,0.5794993021,0.07137314838,True,0.4774495343,0.0517630645,0.4762541264,0.05295847237,True,0.5315367886,0.08502278232,0.5263847079,0.09017486306,True,0.7385623619,0.06828282,0.734887527,0.07195765491,True
5350049.00,5350049.00,2021S05075350049.00,49,2021,0.2429210134,0.1669150522,2.3,0.6559405941,0.0765550239,0.5129151292,0.6573770492,0.652014652,0,7203.4,0.8747763864,0.1939586645,0.1507936508,0.1991741721,0.7333884215,0.6038398833,0.6720403712,0.92428501,2.45649558,0.9179487179,-0.4658897464,0.3042735043,2.626941283,0.9162393162,0.1918089169,0.6136752137,-0.5505974252,0.2598290598,2.383794848,0.9094017094,0.1594779767,0.5179487179,-1.089637474,0.2615384615,1.951149587,0.8461538462,1.045680872,0.7333333333,-1.125587119,0.1760683761,0.6029778368,0.1304105847,0.609796233,0.1235921885,True,0.5004653565,0.1033745269,0.5092903789,0.09454950443,True,0.5448006519,0.1272397193,0.5512619585,0.1207784127,True,0.7590985552,0.1651864548,0.7704046454,0.1538803646,True
5350050.01,5350050.01,2021S05075350050.01,50.01,2021,0.2156069364,0.2023121387,2,0.6736736737,0.076433121,0.2659574468,0.6151945645,0.7296340024,0.6643026005,6662,0.8916323731,0.3370786517,0.2471910112,0.1953034069,0.6394925571,0.5670273984,0.6215679966,0.7298822763,2.506690948,0.9247863248,0.9411862266,0.8700854701,2.333624016,0.864957265,1.078698366,0.7675213675,0.377724868,0.7128205128,2.457364227,0.9230769231,1.107462355,0.8239316239,0.9253886486,0.7555555556,2.490737513,0.8991452991,1.982568171,0.864957265,1.005552352,0.8188034188,0.6280268848,0.01146567227,0.6268637576,0.01262879951,True,0.5075469416,0.05948045676,0.5061376274,0.06088977098,True,0.5709277069,0.05064028971,0.5681778659,0.05339013074,True,0.8099267383,-0.08004446208,0.8092517659,-0.07936948969,True
5350050.03,5350050.03,2021S05075350050.03,50.03,2021,0.2073732719,0.1566820276,1.9,0.6737588652,0.0921658986,0.2051282051,0.5242718447,0.592920354,0.7435897436,634.1,0.8548387097,0.3981481481,0.3425925926,0.169249847,0.5939448387,0.6683822362,0.4407085026,0.6727437774,1.959368637,0.8307692308,0.6408964582,0.8153846154,1.75333179,0.7897435897,0.825554336,0.7230769231,0.03576925817,0.5572649573,1.890160456,0.8256410256,0.5674703481,0.6478632479,0.4373993782,0.6512820513,2.089348475,0.8581196581,1.617735022,0.8102564103,1.032514098,0.8239316239,0.6034315276,-0.009486688921,0.6009573707,-0.007012532,True,0.4749839135,0.1933983227,0.4689771877,0.1994050485,True,0.5440422048,-0.1033337022,0.5459218895,-0.1052133868,True,0.7945401727,-0.1217963953,0.7910386295,-0.1182948521,True
5350050.04,5350050.04,2021S05075350050.04,50.04,2021,0.1875637105,0.1630988787,2.3,0.6185383244,0.1100917431,0.5128205128,0.7055785124,0.5524475524,0.0652680653,6485.6,0.944228275,0.2890855457,0.3015717092,0.1696599943,0.5253102481,0.4017279101,0.4756560751,0.6985467591,1.840515747,0.8102564103,-0.008314536651,0.5829059829,2.129336592,0.8393162393,-0.1301835414,0.5521367521,0.03897922029,0.558974359,1.713500725,0.7777777778,0.5888002936,0.6598290598,-0.869191479,0.3196581197,1.290453676,0.7316239316,1.36138565,0.7794871795,-0.6183945153,0.3743589744,0.5884413879,-0.06313113976,0.5859276473,-0.06061739916,True,0.4831881342,-0.08146022406,0.4824658793,-0.08073796916,True,0.5290854832,-0.05342940808,0.5259566779,-0.05030060279,True,0.7486527953,-0.0501060362,0.7464216407,-0.04787488155,True
5350051.00,5350051.00,2021S05075350051.00,51,2021,0.2379518072,0.1425702811,2.3,0.7094594595,0.0785714286,0.5433255269,0.6335470085,0.6962616822,0.0046838407,7203.4,0.8846625767,0.215526047,0.1532175689,0.3607708895,0.7421448,0.5790323398,0.6815595709,0.9658424894,2.65748059,0.9572649573,-0.7020863716,0.1846153846,2.712117717,0.9299145299,0.5918634636,0.6854700855,-0.7323877289,0.1777777778,2.638360364,0.9504273504,-0.219701777,0.3658119658,-1.153597686,0.2393162393,2.248362301,0.8700854701,0.6291098318,0.6427350427,-1.354296046,0.1008547009,0.6062851123,0.1358596877,0.6067577987,0.1353870013,True,0.5054509913,0.07358134849,0.5061828625,0.07284947724,True,0.5488364649,0.1327231059,0.5485009176,0.1330586533,True,0.7609669308,0.2048755587,0.7618843392,0.2039581502,True
5350052.00,5350052.00,2021S05075350052.00,52,2021,0.2395577396,0.1117936118,2.2,0.6698473282,0.0914709518,0.4664879357,0.6222222222,0.6461126005,0.1930294906,8139.9,0.9383458647,0.2342007435,0.2057001239,0.3698135704,0.7081279448,0.5768503038,0.6669082398,0.8806252909,2.61602009,0.9521367521,-0.8051498656,0.147008547,2.620778549,0.9145299145,0.5666472197,0.6752136752,-0.9533095971,0.1299145299,2.612535604,0.9487179487,-0.3367533222,0.3162393162,-1.161009493,0.2358974359,2.274911629,0.8752136752,0.528205052,0.6034188034,-1.368335432,0.09230769231,0.6030949539,0.1050329909,0.6003417666,0.1077861782,True,0.4982636243,0.07858667952,0.4972189746,0.07963132924,True,0.5468318252,0.1200764146,0.5428753349,0.1240329049,True,0.7605539926,0.1200712983,0.7584953071,0.1221299838,True
5350053.00,5350053.00,2021S05075350053.00,53,2021,0.2878006873,0.1340206186,2.2,0.5141388175,0.1100601892,0.4680451128,0.6045045045,0.7731568998,0.25,8514.4,0.8519249753,0.3727351165,0.3151986183,0.3715949473,0.5439607577,0.4796544198,0.4346119143,0.7176159389,1.277142874,0.7076923077,-0.5921959935,0.2444444444,1.053016523,0.6888888889,0.7143928863,0.7076923077,-0.86828222,0.1487179487,1.389015148,0.7230769231,-0.501464243,0.2717948718,-0.1454164543,0.5128205128,1.340364942,0.7435897436,-0.334688675,0.3948717949,-0.6758264921,0.3487179487,0.5585846128,-0.0146238551,0.5603144366,-0.01635367895,True,0.4309779851,0.04867643471,0.4326945138,0.04695990602,True,0.5134983576,-0.07888644328,0.5149882285,-0.08037631417,True,0.7320153498,-0.01439941089,0.7322911428,-0.01467520388,True
5350054.00,5350054.00,2021S05075350054.00,54,2021,0.2923923006,0.1558203483,2.1,0.5405405405,0.1232622799,0.7049808429,0.6312796209,0.8403041825,0.0421455939,7763.4,0.8675078864,0.3431734317,0.323800738,0.6184788328,0.6083587413,0.5096153918,0.5343396751,0.7811211568,1.617245358,0.7760683761,-0.8069909126,0.1452991453,1.282107778,0.7230769231,1.383522499,0.7965811966,-0.867886554,0.1504273504,1.829011383,0.8102564103,-0.7977111032,0.2136752137,-0.1006200855,0.5247863248,1.699454456,0.8205128205,-0.9572825024,0.2512820513,-1.205916997,0.1452991453,0.5672359895,0.0411227518,0.5693939088,0.03896483251,True,0.4471650936,0.06245029822,0.4473261694,0.06228922248,True,0.5250547984,0.009284876642,0.5292730659,0.005066609136,True,0.7300538638,0.05106729303,0.7350488921,0.04607226478,True
5350055.00,5350055.00,2021S05075350055.00,55,2021,0.3643122677,0.1356877323,2.1,0.6191780822,0.1003717472,0.6106870229,0.5703422053,0.8084291188,0.0916030534,9735.9,0.9102296451,0.2369402985,0.1936685289,0.6290863145,0.6044709665,0.496712679,0.5805572107,0.7361430099,2.602268504,0.947008547,-1.609982415,0.02735042735,2.234378744,0.8547008547,1.455645584,0.8068376068,-1.823073741,0.0358974359,2.818194912,0.9658119658,-1.430502581,0.1384615385,-1.088161468,0.2632478632,2.604770233,0.9162393162,-1.135296485,0.2188034188,-2.254752811,0.001709401709,0.5893038032,0.01516716332,0.5970393414,0.007431625093,True,0.4776270487,0.01908563029,0.4816437769,0.01506890214,True,0.5434339621,0.03712324859,0.5459546925,0.03460251821,True,0.7428141328,-0.006671122887,0.7447643603,-0.008621350399,True
5350056.00,5350056.00,2021S05075350056.00,56,2021,0.3427282976,0.1589627959,2.3,0.5926573427,0.0891647856,0.5166240409,0.6085409253,0.5739795918,0,8706.6,0.8993630573,0.314516129,0.2589182969,0.5002676573,0.6063434182,0.4880780458,0.5473456959,0.7836065131,1.85429409,0.8153846154,-1.402582773,0.04273504274,1.810994661,0.7982905983,0.4202439865,0.6547008547,-1.466676206,0.0547008547,1.93494717,0.8341880342,-0.9816080289,0.1897435897,-1.508088989,0.1641025641,1.597500473,0.8034188034,-0.6169153772,0.3196581197,-2.185717981,0.005128205128,0.5658988526,0.04044456563,0.5666064589,0.03973695933,True,0.4542006949,0.03387735089,0.4514288866,0.03664915919,True,0.5164330766,0.03091261924,0.5170741322,0.03027156369,True,0.7189682089,0.06463830414,0.7168772673,0.06672924578,True
5350057.00,5350057.00,2021S05075350057.00,57,2021,0.3771929825,0.1535087719,2.1,0.6315789474,0.1145374449,0.6233183857,0.5055187638,0.7407407407,0.0224215247,8584.8,0.8916256158,0.2698072805,0.2398286938,0.4620265046,0.631909358,0.5250094504,0.5732399854,0.7974786382,2.215485139,0.8871794872,-1.562518395,0.03247863248,1.88158909,0.8068376068,1.259116791,0.7846153846,-1.733927025,0.03931623932,2.376722576,0.9076923077,-1.569746507,0.1247863248,-1.398248586,0.1846153846,2.272569719,0.8717948718,-1.088511207,0.2256410256,-2.03499372,0.008547008547,0.5762131416,0.05569621641,0.5748753641,0.05703399388,True,0.4613466854,0.06366276506,0.4615725554,0.06343689504,True,0.5257156759,0.04752430945,0.5255090359,0.04773094941,True,0.735994697,0.06148394125,0.7320488213,0.06542981698,True
5350058.00,5350058.00,2021S05075350058.00,58,2021,0.3457446809,0.1728723404,2,0.6868475992,0.1342281879,0.6166666667,0.5342465753,0.7786885246,0.0916666667,9781.3,0.8666666667,0.3005319149,0.2616201859,0.4621489578,0.6489305307,0.5039387465,0.609199716,0.8336531295,2.25457513,0.8957264957,-0.8526250615,0.1282051282,1.830159317,0.8034188034,1.800209574,0.8324786325,-0.9218232813,0.1418803419,2.418542456,0.9196581197,-1.092959948,0.1692307692,-0.4926281103,0.4273504274,2.439283009,0.8923076923,-0.7170527611,0.2957264957,-1.164647712,0.1623931624,0.5893446109,0.05958591982,0.5932958578,0.05563467286,True,0.474563559,0.02937518741,0.4748965423,0.0290422042,True,0.5382255181,0.0709741979,0.5346360115,0.07456370452,True,0.755040339,0.07861279055,0.7552891857,0.07836394384,True
5350059.00,5350059.00,2021S05075350059.00,59,2021,0.3424479167,0.2486979167,2.2,0.667539267,0.1011235955,0.534965035,0.5235772358,0.6857142857,0.0174825175,10482.8,0.6856330014,0.2961783439,0.3375796178,0.5159053828,0.6102252839,0.4702360031,0.5765193991,0.7839204494,1.623056142,0.7777777778,-0.3527855505,0.3829059829,1.212407724,0.7111111111,1.811624384,0.8341880342,-0.2494268228,0.4034188034,1.781804618,0.7931623932,-0.6929030811,0.2376068376,0.2523944571,0.611965812,1.868353191,0.8341880342,-0.6955126543,0.3094017094,-0.6605883001,0.3538461538,0.5749490456,0.03527623833,0.5761219521,0.03410333182,True,0.4560160738,0.0142199293,0.4580529566,0.0121830465,True,0.527120824,0.04939857513,0.5271634336,0.04935596553,True,0.7442045842,0.0397158652,0.74492271,0.03899773937,True
5350060.00,5350060.00,2021S05075350060.00,60,2021,0.3980392157,0.1294117647,1.9,0.75,0.1588235294,0.5601503759,0.5195876289,0.8131868132,0.3984962406,9388.8,0.8484848485,0.2954091816,0.3512974052,0.5828373314,0.5445194242,0.4576060278,0.4779047877,0.6980474571,2.262052626,0.8974358974,-1.173054522,0.06495726496,1.535125117,0.7555555556,2.449797425,0.8700854701,-1.364688268,0.06666666667,2.528296436,0.935042735,-1.793294781,0.1025641026,-0.2839678076,0.4752136752,2.805876808,0.9333333333,-1.491781527,0.1863247863,-1.174189616,0.158974359,0.5843185511,-0.03979912692,0.5888095946,-0.04429017036,True,0.461448462,-0.003842434186,0.4652018275,-0.007595799679,True,0.5365274389,-0.05862265125,0.540219093,-0.06231430528,True,0.7578742264,-0.05982676925,0.7628943042,-0.06484684711,True
5350061.00,5350061.00,2021S05075350061.00,61,2021,0.4125,0.1458333333,1.6,0.5769230769,0.2922077922,0.9587628866,0.5612903226,0.9375,0.0206185567,1566.5,0.4279069767,0.5949367089,0.6518987342,0.8049359205,0.7173611839,0.4025041457,0.8900215065,0.8595578994,-1.249098188,0.2974358974,-0.4388249058,0.3264957265,-2.564658358,0.04957264957,3.774127987,0.9333333333,0.01422988966,0.5538461538,-0.66882329,0.4034188034,-2.551841534,0.05982905983,2.378742987,0.9247863248,0.324913976,0.5692307692,-4.274321082,0.0188034188,0.6654309296,0.7709401709,0.4704961067,0.2468650772,0.462154202,0.2552069819,True,0.3090723254,0.09343182032,0.3010408774,0.1014632683,True,0.4463378248,0.4436836817,0.4210228245,0.4689986821,True,0.6770673782,0.1824905213,0.6659081951,0.1936497044,True
5350062.01,5350062.01,2021S05075350062.01,62.01,2021,0.4876033058,0.180785124,1.5,0.7708779443,0.2192982456,0.786389414,0.3917396746,0.9904580153,0.5122873346,45346.4,0.63,0.4110429448,0.5239263804,0.6848600319,0.601311276,0.4467399567,0.5930637823,0.7641300891,1.559188397,0.7658119658,-0.4088671592,0.3504273504,-0.2505326607,0.4803418803,5.883136233,0.9948717949,-0.2017530452,0.4324786325,2.218503509,0.8888888889,-2.826040911,0.04786324786,2.891890907,0.9572649573,3.438099896,0.9829059829,-3.813677107,0.03418803419,0.6080208844,0.758974359,0.5717313415,0.02957993451,0.5741199905,0.02719128553,True,0.4280466036,0.01869335314,0.4294694176,0.01727053905,True,0.5398102318,0.05325355044,0.537063243,0.05600053932,True,0.7738259258,-0.009695836669,0.7757564221,-0.01162633306,True
5350062.03,5350062.03,2021S05075350062.03,62.03,2021,0.5521327014,0.172985782,1.6,0.8207070707,0.2805755396,0.6646706587,0.2831168831,0.9921875,0.7345309381,9107.4,0.6279650437,0.4125159642,0.5734355045,0.5412718153,0.5203357796,0.3971223751,0.475203455,0.6886815087,0.9664322003,0.6615384615,-0.8545670864,0.1264957265,-0.720893083,0.4153846154,4.784726623,0.9829059829,-1.099674428,0.1025641026,1.49474174,0.7401709402,-3.326396008,0.03247863248,1.410953304,0.8495726496,2.873528402,0.9384615385,-3.575984644,0.04786324786,0.5359567992,0.735042735,0.5431036177,-0.02276783811,0.5428656937,-0.02252991407,True,0.3855055429,0.01161683223,0.3859285338,0.01119384129,True,0.5010698007,-0.02586634568,0.5117441579,-0.03654070283,True,0.7586108908,-0.0699293821,0.7663049584,-0.07762344966,True
5350062.04,5350062.04,2021S05075350062.04,62.04,2021,0.6545454545,0.0633431085,1.6,0.7945736434,0.3276570757,0.667587477,0.2322695035,0.9981515712,0.9125230203,70156.4,0.6003717472,0.4254461716,0.7373271889,0.705854234,0.498802502,0.3548832819,0.450066927,0.6914572969,0.7280127233,0.6205128205,-1.676781368,0.02393162393,-1.829369774,0.1931623932,7.467035805,1,-1.282922841,0.07863247863,1.662714517,0.7641025641,-5.340280704,0.003418803419,2.977218919,0.9623931624,3.58575249,0.988034188,-6.77484674,0.001709401709,0.1211707799,0.6205128205,0.5209658786,-0.02216337662,0.5314997675,-0.03269726554,True,0.3578271523,-0.002943870322,0.3650815346,-0.01019825267,True,0.4984963202,-0.04842939319,0.50891538,-0.05884845295,True,0.7420230101,-0.05056571322,0.7508351182,-0.05937782134,True
5350063.03,5350063.03,2021S05075350063.03,63.03,2021,0.4425051335,0.0985626283,1.5,0.7009345794,0.1740473738,0.6959876543,0.4341004184,0.9905808477,0.575617284,52130.6,0.7056277056,0.4456740443,0.5171026157,0.600413338,0.5388155982,0.3986105382,0.421020957,0.7968152994,1.542515957,0.758974359,-0.7288911543,0.1692307692,-0.1097264974,0.5076923077,5.13470841,0.9914529915,-0.6943278083,0.1965811966,2.162559683,0.8786324786,-2.773286962,0.0547008547,2.489105686,0.9367521368,3.230178074,0.9658119658,-3.597031326,0.04615384615,0.3257923568,0.6769230769,0.5658456625,-0.02703006429,0.5602869073,-0.02147130909,True,0.4211409562,-0.02253041807,0.4169550461,-0.01834450788,True,0.535595633,-0.114574676,0.5321727558,-0.1111517988,True,0.7665361859,0.03027911347,0.7648997906,0.0319155088,True
5350063.04,5350063.04,2021S05075350063.04,63.04,2021,0.4884937238,0.0941422594,1.5,0.6237623762,0.2728237792,0.7947122862,0.3299389002,0.9742765273,0.4432348367,33910.6,0.7855579869,0.3963963964,0.5265265265,0.6744976624,0.5319460982,0.4690240721,0.4827999842,0.6440142383,1.311562768,0.7128205128,-1.485346289,0.03931623932,-0.3186942919,0.4717948718,4.906244783,0.9846153846,-1.403084974,0.05982905983,1.951793613,0.8376068376,-3.58039488,0.02393162393,1.281457999,0.8273504274,2.976140618,0.9504273504,-4.347367957,0.01709401709,-0.642149851,0.358974359,0.5450622634,-0.01311616522,0.5480324647,-0.01608636652,True,0.4004995729,0.0685244992,0.3977083795,0.07131569264,True,0.5123091926,-0.02950920834,0.50870285,-0.02590286578,True,0.7398425388,-0.0958283005,0.7393051877,-0.09529094936,True
5350063.05,5350063.05,2021S05075350063.05,63.05,2021,0.5748091603,0.065648855,1.5,0.7376861397,0.2656370656,0.6960667461,0.2408,0.9976470588,0.7556615018,50431.1,0.6128514056,0.4268867925,0.6218553459,0.6957540746,0.502874892,0.3602378197,0.4715233043,0.6768635518,0.9784477492,0.664957265,-1.651286939,0.02564102564,-1.20734185,0.3076923077,6.247041418,0.9982905983,-1.576234729,0.04786324786,1.779533578,0.7914529915,-4.647267912,0.006837606838,2.216276473,0.9145299145,3.372183366,0.9760683761,-5.653719957,0.003418803419,-0.0599203353,0.558974359,0.5303708406,-0.02749594859,0.5201315234,-0.01725663135,True,0.3707147115,-0.01047689171,0.3682353478,-0.007997528027,True,0.5033528682,-0.03182956388,0.5036786731,-0.03215536873,True,0.745061305,-0.06819775313,0.744335222,-0.06747167017,True
5350063.06,5350063.06,2021S05075350063.06,63.06,2021,0.4304102977,0.1279163315,1.5,0.6388557807,0.2461413485,0.8407960199,0.4202037351,0.9865196078,0.328358209,32346.5,0.6889830508,0.3505843072,0.4854045038,0.7495869352,0.498721307,0.3687424766,0.4227698498,0.7046515944,1.440146123,0.7384615385,-0.8848347302,0.1162393162,-0.1007289931,0.5111111111,5.001319196,0.988034188,-0.6534712538,0.2205128205,2.065515123,0.8615384615,-2.817664818,0.05128205128,2.033217916,0.9025641026,2.962397405,0.947008547,-3.808183329,0.0358974359,-0.1971042107,0.4974358974,0.5595968228,-0.06087551577,0.5659312398,-0.06720993281,True,0.4208825502,-0.05214007361,0.4235324416,-0.05478996497,True,0.5287464945,-0.1059766447,0.5345070914,-0.1117372415,True,0.7502263285,-0.04557473412,0.757505462,-0.05285386762,True
5350064.00,5350064.00,2021S05075350064.00,64,2021,0.413897281,0.1017119839,1.6,0.6505235602,0.1422594142,0.6908783784,0.4140875133,0.9607508532,0.5625,25490.5,0.7271762208,0.3794549266,0.4544502618,0.7423050329,0.5603368291,0.4349379035,0.513202197,0.7328703868,1.761308301,0.8017094017,-1.208415133,0.06153846154,0.4113529179,0.5914529915,3.954796161,0.9452991453,-1.523702716,0.05299145299,2.289566898,0.8957264957,-2.632687029,0.05641025641,1.245680319,0.8205128205,3.052356029,0.9555555556,-3.062559903,0.06153846154,-0.4754586501,0.4205128205,0.565771355,-0.005434525938,0.5717216972,-0.0113848681,True,0.4228628762,0.01207502732,0.4265039688,0.008433934723,True,0.5319594233,-0.0187572263,0.536731584,-0.02352938697,True,0.7572931098,-0.02442272306,0.7637240612,-0.03085367448,True
5350065.01,5350065.01,2021S05075350065.01,65.01,2021,0.4150943396,0.0867924528,1.8,0.5811518325,0.1701323251,0.9756097561,0.4716242661,0.9931740614,0.0209059233,30778.2,0.5953878407,0.520754717,0.7024482109,0.7457647412,0.4494636503,0.2911100749,0.4797354832,0.5775453927,-0.2628730912,0.4564102564,-1.555280326,0.0358974359,-1.586622851,0.2393162393,3.660864988,0.9264957265,-1.270143467,0.08034188034,0.3369340662,0.5572649573,-3.39326335,0.02905982906,1.184465223,0.811965812,1.180266523,0.7145299145,-4.66060453,0.01025641026,-0.6499536568,0.3572649573,0.4874278293,-0.037964179,0.4904246783,-0.04096102803,True,0.3346995702,-0.04358949524,0.3366191892,-0.0455091143,True,0.4617382116,0.01799727162,0.4623582759,0.01737720739,True,0.6830552216,-0.1055098289,0.6864946374,-0.1089492447,True
5350065.02,5350065.02,2021S05075350065.02,65.02,2021,0.2684352518,0.115557554,2.2,0.3882783883,0.2637263726,0.9795520935,0.651371807,1,0.0194741967,77545.3,0.6917996698,0.5927092709,0.8150315032,0.7456475449,0.5021942166,0.3563517395,0.4641629225,0.6860679877,-0.9882974642,0.3487179487,0.321160418,0.7264957265,-2.399287653,0.08547008547,4.980593916,0.9863247863,1.57249035,0.9401709402,-0.2876643457,0.4547008547,-1.842906777,0.09572649573,4.32742618,0.988034188,0.5740955435,0.6102564103,-4.508034276,0.01367521368,1.067424561,0.8341880342,0.492408539,0.009785677629,0.4891929863,0.01300123034,True,0.347683076,0.008668663503,0.3428774407,0.01347429883,True,0.479525921,-0.01536299852,0.4761555853,-0.01199266286,True,0.686822024,-0.0007540363466,0.6777165343,0.00835145339,True
5350066.00,5350066.00,2021S05075350066.00,66,2021,0.2781316348,0.1811748054,1.6,0.5494736842,0.1736918605,0.6233766234,0.5909090909,0.9618138425,0.4344746163,21497.7,0.8433005299,0.3876967096,0.4220314735,0.597999642,0.5874236067,0.4585654692,0.5844906964,0.7192146543,1.832085148,0.8085470085,0.4978274103,0.7794871795,0.9575913973,0.6683760684,3.288291643,0.9111111111,0.4117645032,0.7247863248,2.181781825,0.8837606838,-0.2937018638,0.3367521368,2.374572333,0.9213675214,2.563926117,0.9111111111,-0.8714093117,0.2683760684,0.7225099593,0.7829059829,0.5965016922,-0.009078085524,0.5919347664,-0.004511159652,True,0.4665867896,-0.008021320381,0.4674668697,-0.008901400509,True,0.5591981388,0.02529255754,0.5621453559,0.02234534046,True,0.7794119635,-0.0601973092,0.7797317555,-0.06051710113,True
5350067.00,5350067.00,2021S05075350067.00,67,2021,0.1627218935,0.1982248521,2.2,0.72,0.0532544379,0.2272727273,0.6561514196,0.3461538462,0.0519480519,2597.5,0.8951048951,0.2743362832,0.1686390533,0.1757978519,0.635301361,0.5097321037,0.6183536513,0.7778183281,2.644586936,0.9555555556,0.3331735311,0.7367521368,3.129597266,0.9658119658,-0.3987523364,0.4871794872,0.3599819765,0.7042735043,2.388997328,0.9128205128,1.26223527,0.852991453,-1.046931972,0.2752136752,1.819354314,0.8290598291,2.51556533,0.9384615385,-0.5793778661,0.388034188,0.6229276679,0.01237369308,0.6268234916,0.008477869387,True,0.5294810167,-0.01974891293,0.5321434366,-0.02241133289,True,0.5558720177,0.06248163364,0.5557514442,0.06260220709,True,0.7767334662,0.001084861858,0.7774247141,0.0003936139403,True
5350068.00,5350068.00,2021S05075350068.00,68,2021,0.1836734694,0.2102040816,2,0.6619217082,0.1489795918,0.4979079498,0.6756152125,0.5224489796,0.0460251046,5870.7,0.8909952607,0.2682403433,0.2141327623,0.4680802436,0.636336546,0.5127709966,0.5835937968,0.8126448446,2.525757478,0.9264957265,0.4880339125,0.7760683761,2.554701055,0.905982906,1.244444537,0.7829059829,0.7752023179,0.8461538462,2.511597541,0.9333333333,0.8117175827,0.7230769231,0.2541222297,0.6136752137,2.16074723,0.8632478632,1.184994445,0.7572649573,-0.3471772744,0.4632478632,0.6212236392,0.01511290683,0.6211938242,0.01514272184,True,0.5240800265,-0.01130902983,0.5239836666,-0.01121266998,True,0.5649357911,0.01865800575,0.5657001879,0.01789360898,True,0.7759493151,0.03669552946,0.7753087738,0.0373360708,True
5350069.00,5350069.00,2021S05075350069.00,69,2021,0.1795665635,0.1589267286,2.6,0.6734317343,0.078639745,0.2634408602,0.7606741573,0.4657534247,0.0295698925,5619.7,0.9035989717,0.2682403433,0.3504823151,0.1542246185,0.5976287716,0.5463759455,0.5681651229,0.6783452465,1.646556234,0.7811965812,-0.01512088853,0.5760683761,2.200228223,0.8495726496,-0.9006482782,0.3692307692,0.1811758017,0.6341880342,1.415338123,0.7264957265,0.9119816929,0.7675213675,-1.238188233,0.2170940171,0.8259235816,0.6547008547,1.799192079,0.8341880342,-0.874896198,0.2598290598,0.5813711174,0.01625765416,0.5793826212,0.01824615043,True,0.4813061752,0.06506977028,0.4822556248,0.0641203207,True,0.5199656926,0.04819943031,0.5205965208,0.04756860206,True,0.7363006356,-0.05795538906,0.7349117666,-0.05656652003,True
5350070.00,5350070.00,2021S05075350070.00,70,2021,0.1909090909,0.1954545455,2,0.6632390746,0.0892307692,0.6330275229,0.6937799043,0.6946107784,0.006116208,7445.3,0.8998211091,0.2294573643,0.2049689441,0.4722064546,0.6774834317,0.6038678049,0.6282822137,0.8003002765,2.820221515,0.9675213675,0.1035616434,0.6427350427,2.818006832,0.935042735,1.153924086,0.7760683761,0.1554403146,0.6170940171,2.840311132,0.9675213675,0.5692963061,0.6512820513,-0.02101446023,0.5452991453,2.430081511,0.8905982906,1.033772289,0.7264957265,-0.6867353821,0.3367521368,0.6254343565,0.05204907523,0.6215765857,0.05590684602,True,0.5268460613,0.07702174351,0.5245682755,0.07929952931,True,0.5711205548,0.0571616589,0.5667712355,0.06151097823,True,0.7784102565,0.02189002003,0.7732519413,0.02704833522,True
5350071.00,5350071.00,2021S05075350071.00,71,2021,0.1689088191,0.1793721973,2.4,0.7,0.0824587706,0.3687943262,0.7480559876,0.2597864769,0.0354609929,7202.6,0.9509433962,0.2143906021,0.2187958884,0.1236748659,0.6206820319,0.5142897234,0.5649980496,0.7827583228,2.427257374,0.9094017094,0.01723440677,0.5914529915,3.0308621,0.9555555556,-0.7282602693,0.4051282051,0.2151449317,0.664957265,2.159312543,0.8752136752,1.061928066,0.8188034188,-1.555644308,0.1572649573,1.46456577,0.7675213675,2.256497058,0.905982906,-1.078504624,0.1897435897,0.6099114088,0.01077062311,0.6070908954,0.01359113654,True,0.5202377317,-0.005948008257,0.5194751712,-0.00518544778,True,0.5428969571,0.0221010925,0.5387454187,0.02625263087,True,0.7576202375,0.02513808529,0.7566420735,0.02611624924,True
5350072.01,5350072.01,2021S05075350072.01,72.01,2021,0.2239467849,0.1463414634,2.4,0.5059055118,0.189578714,0.5517241379,0.7268518519,0.4813829787,0.0291777188,11103.2,0.9087078652,0.3193370166,0.4640883978,0.5437386772,0.5894709029,0.4906191201,0.5208632486,0.7569303399,0.9300400984,0.6495726496,-0.440177063,0.3230769231,0.9766242359,0.6735042735,0.5721889229,0.6803418803,0.04836817605,0.5623931624,1.001489794,0.6632478632,-0.1978499692,0.3811965812,-0.3495916385,0.4598290598,0.6649029404,0.6307692308,-0.4520221453,0.3675213675,-1.228425221,0.1418803419,0.5486449018,0.04082600109,0.5471361558,0.04233474714,True,0.4383365197,0.05228260043,0.4362494774,0.05436964271,True,0.5025313237,0.01833192481,0.5006570107,0.02020623781,True,0.7041814247,0.05274891527,0.7014525891,0.05547775087,True
5350072.02,5350072.02,2021S05075350072.02,72.02,2021,0.2093802345,0.1306532663,2.4,0.544198895,0.0961214165,0.316872428,0.7378815081,0.4262295082,0,5508.4,0.9259259259,0.2881355932,0.3627118644,0.3573953872,0.5898428007,0.4826969583,0.513298149,0.773533295,1.472475873,0.7435897436,-0.6228479371,0.2188034188,1.892932434,0.8085470085,-0.713575408,0.4136752137,-0.4552165646,0.2923076923,1.368093689,0.7145299145,0.3127225788,0.558974359,-1.345526835,0.2017094017,0.7492640362,0.641025641,0.7756524419,0.664957265,-1.617781727,0.04444444444,0.5650852488,0.02475755186,0.5699740067,0.01986879396,True,0.4609633167,0.02173364152,0.4624585795,0.02023837876,True,0.5119159543,0.001382194642,0.5125019843,0.0007961647229,True,0.7147314841,0.05880181081,0.7130294387,0.06050385627,True
5350073.00,5350073.00,2021S05075350073.00,73,2021,0.2217741935,0.1290322581,2.5,0.4831804281,0.1158536585,0.3894230769,0.6396039604,0.5707070707,0.0144230769,7065.9,0.9432098765,0.3183520599,0.446728972,0.2338061571,0.5459005718,0.4185179602,0.4999502062,0.719233549,0.9483014701,0.6564102564,-0.7154035626,0.1777777778,1.237685838,0.7213675214,-0.6335580511,0.4341880342,-0.6493375119,0.2239316239,0.8732856099,0.6358974359,-0.1077939164,0.4102564103,-1.371036287,0.1914529915,0.464052131,0.5914529915,0.346125398,0.558974359,-1.322475667,0.1128205128,0.5447525526,0.001148019176,0.5484674505,-0.002566878733,True,0.4299909473,-0.01147298713,0.4365898741,-0.01807191387,True,0.4918604578,0.008089748368,0.4962497467,0.003700459504,True,0.7053022595,0.01393128947,0.7116382383,0.007595310675,True
5350074.00,5350074.00,2021S05075350074.00,74,2021,0.2295302013,0.111409396,2.4,0.4798301486,0.1253369272,0.4375,0.6657534247,0.6153846154,0.028125,9516.9,0.9254237288,0.3036175711,0.4503225806,0.2855302075,0.6017017769,0.4545996874,0.554964189,0.7955414542,0.9838127332,0.6666666667,-0.7821760412,0.1538461538,1.159756292,0.7025641026,-0.278566283,0.5145299145,-0.6863206652,0.1982905983,0.9716088275,0.6581196581,-0.2791175043,0.3418803419,-1.081870662,0.2666666667,0.6045053072,0.6170940171,-0.008652728441,0.4803418803,-1.335895746,0.1111111111,0.544923182,0.0567785949,0.5444334438,0.05726833314,True,0.4292193521,0.02538033533,0.4296956242,0.02490406327,True,0.4954648034,0.05949938555,0.4960294006,0.05893478841,True,0.7056767345,0.08986471968,0.706349936,0.08919151819,True
5350075.00,5350075.00,2021S05075350075.00,75,2021,0.1783042394,0.1845386534,2.3,0.567816092,0.1209476309,0.4289940828,0.7433751743,0.5459770115,0.0088757396,7914,0.8676012461,0.2883116883,0.3402597403,0.3648069756,0.681789855,0.5535881628,0.6350805053,0.8567008969,1.577287409,0.7692307692,0.2821494393,0.7179487179,1.804641453,0.7965811966,0.2395807139,0.6188034188,0.5569940871,0.7846153846,1.521671125,0.747008547,0.8529221309,0.7435897436,-0.008840862661,0.5487179487,1.079116598,0.6957264957,1.048962199,0.7367521368,-0.5014418288,0.4136752137,0.583797921,0.09799193401,0.5806316344,0.1011582206,True,0.4788577184,0.07473044435,0.4777973714,0.07579079145,True,0.5317478371,0.1033326683,0.5286566668,0.1064238386,True,0.7405251702,0.1161757268,0.7369260051,0.1197748918,True
5350076.00,5350076.00,2021S05075350076.00,76,2021,0.1759149941,0.1357733176,2.4,0.5971659919,0.122327791,0.3679775281,0.7022397892,0.4664804469,0.0842696629,9049.6,0.9061102832,0.2973977695,0.3477722772,0.4750737953,0.7104585626,0.6310554723,0.6818761042,0.8184441112,1.700892643,0.788034188,-0.2399048122,0.4632478632,1.915047022,0.8136752137,0.184671612,0.6102564103,0.06234925052,0.5675213675,1.655459649,0.7606837607,0.3281306911,0.5641025641,-0.6119770035,0.3897435897,1.199890669,0.7162393162,0.660692873,0.6512820513,-1.071557255,0.1948717949,0.5796063075,0.1308522551,0.5798190271,0.1306395355,True,0.4767845983,0.154270874,0.4744709161,0.1565845562,True,0.5265965094,0.1552795947,0.526651945,0.1552241592,True,0.7334061925,0.08503791871,0.7353553659,0.08308874528,True
5350077.00,5350077.00,2021S05075350077.00,77,2021,0.1624026696,0.1167964405,2.5,0.5876865672,0.0970982143,0.3561643836,0.7315668203,0.4325068871,0.0136986301,7492.1,0.9337260677,0.2302702703,0.2691891892,0.2474594353,0.6244684121,0.5394832603,0.6086403576,0.7252816182,1.868055356,0.8188034188,-0.4338858768,0.3299145299,2.354823514,0.8666666667,-0.7170398388,0.4102564103,-0.2421248655,0.4085470085,1.705729653,0.7726495726,0.5341481386,0.6376068376,-1.430194245,0.1811965812,1.052235591,0.6854700855,1.314916989,0.7760683761,-1.365166278,0.09572649573,0.5823977994,0.04207061268,0.5829959042,0.04147250787,True,0.4842710057,0.05521225463,0.4837516226,0.05573163775,True,0.5242286176,0.08441174005,0.5259153301,0.08272502756,True,0.7322778724,-0.006996254164,0.7337597827,-0.008478164512,True
5350078.00,5350078.00,2021S05075350078.00,78,2021,0.1823248408,0.1608280255,2.1,0.5521557719,0.1366559486,0.4922010399,0.6797900262,0.5716723549,0.0571923744,8241.9,0.9000979432,0.2190082645,0.2332506203,0.3088140352,0.6400532283,0.5215490302,0.5716954823,0.8269151724,2.162562057,0.8752136752,0.06327937811,0.6256410256,2.280849467,0.8598290598,0.5805396091,0.6820512821,0.1952867747,0.6495726496,2.136111417,0.8700854701,0.5766350441,0.6547008547,-0.1955075333,0.5025641026,1.72627363,0.8222222222,1.006050786,0.7162393162,-0.6383023397,0.3658119658,0.6011769044,0.03887632394,0.5986276961,0.0414255322,True,0.4983436773,0.02320535286,0.4949909771,0.02655805311,True,0.5473921802,0.02430330207,0.5437419267,0.02795355555,True,0.7577397828,0.06917538952,0.7541533537,0.07276181868,True
5350079.00,5350079.00,2021S05075350079.00,79,2021,0.1543126685,0.1401617251,2.5,0.6070559611,0.0772913817,0.2564102564,0.7274041938,0.3147826087,0.1008547009,7390.7,0.9130434783,0.2024539877,0.2222222222,0.1152898915,0.672999234,0.5551282305,0.6130193837,0.8508500877,2.064831771,0.8495726496,-0.1260019985,0.5213675214,2.66272451,0.9264957265,-1.000931353,0.3452991453,-0.02225212967,0.5316239316,1.818211557,0.8051282051,0.9798490698,0.7863247863,-1.430568547,0.1794871795,1.139267104,0.705982906,2.043187383,0.8735042735,-1.059469139,0.1982905983,0.594543673,0.07845556101,0.5909452804,0.08205395361,True,0.4983073733,0.05682085721,0.4965972616,0.05853096883,True,0.5321062404,0.08091314339,0.5271629367,0.08585644701,True,0.7459644962,0.1048855914,0.7440449903,0.1068050974,True
5350080.01,5350080.01,2021S05075350080.01,80.01,2021,0.2132253711,0.1430499325,2.3,0.5205183585,0.093495935,0.4233128834,0.633744856,0.5015772871,0.1012269939,7648,0.9270315091,0.2794307891,0.3234152652,0.491940186,0.623112802,0.5015160912,0.5592527327,0.8085695821,1.853613703,0.8136752137,-0.6955568647,0.1914529915,1.992596601,0.8205128205,0.1158003051,0.588034188,-0.6786428126,0.2017094017,1.854639431,0.811965812,-0.05167841902,0.4358974359,-0.9785168729,0.294017094,1.399535273,0.7555555556,0.3280552051,0.5521367521,-1.518115231,0.06666666667,0.577556282,0.04555652004,0.5754394927,0.04767330933,True,0.4698922285,0.03162386268,0.4694342435,0.03208184765,True,0.5266520673,0.03260066536,0.5243576192,0.03489511348,True,0.7306645257,0.07790505639,0.7287853242,0.07978425781,True
5350080.02,5350080.02,2021S05075350080.02,80.02,2021,0.2629310345,0.1206896552,2.2,0.4156928214,0.1818181818,0.7046004843,0.6127562642,0.8199052133,0.1937046005,11478.7,0.8023255814,0.4483133841,0.6104461371,0.4970139472,0.4970284202,0.3374898114,0.4604072342,0.693188215,-0.127617261,0.4752136752,-0.4874703468,0.2957264957,-0.593319353,0.4341880342,1.298903958,0.788034188,-0.4172157689,0.3145299145,0.1228448443,0.5230769231,-1.035465688,0.1760683761,0.6384454531,0.6923076923,0.3447441767,0.5760683761,-1.686588295,0.1726495726,-0.2091206552,0.494017094,0.5099226858,-0.01289426562,0.5150477511,-0.01801933087,True,0.3689136133,-0.03142380192,0.3705429895,-0.03305317812,True,0.4735660505,-0.01315881637,0.4736389323,-0.01323169815,True,0.6939660395,-0.0007778245289,0.6938347207,-0.0006465057253,True
5350081.00,5350081.00,2021S05075350081.00,81,2021,0.2021089631,0.144112478,2.6,0.5653495441,0.0658362989,0.2547169811,0.7518939394,0.3944954128,0,7739.1,0.9060402685,0.2200704225,0.2310405644,0.4911982615,0.6774182897,0.585709914,0.6825113348,0.7640336204,2.049125703,0.8444444444,-0.6959739479,0.1897435897,2.523720092,0.9008547009,-0.6585632969,0.4307692308,-0.4972352452,0.2735042735,1.945910678,0.8358974359,0.4957441373,0.6256410256,-1.363944955,0.1931623932,1.165176883,0.7094017094,0.9712495887,0.7128205128,-2.002825188,0.01025641026,0.5845628947,0.09285539497,0.5869007081,0.09051758156,True,0.4889583419,0.09675157212,0.4964690706,0.08924084337,True,0.5320257644,0.1504855704,0.537926929,0.1445844058,True,0.724588179,0.03944544143,0.7293230945,0.03471052588,True
5350082.00,5350082.00,2021S05075350082.00,82,2021,0.1830188679,0.1433962264,2.6,0.6038961039,0.0625,0.3192488263,0.7248995984,0.3774509804,0.0093896714,8583,0.9292682927,0.2447418738,0.2538167939,0.2845088291,0.6430175714,0.5559161456,0.6166702713,0.7564662972,1.956774883,0.8290598291,-0.5324070097,0.2786324786,2.491716553,0.8923076923,-0.891092253,0.3709401709,-0.3924191377,0.3213675214,1.777139391,0.7897435897,0.5579776371,0.6461538462,-1.635617765,0.1299145299,1.072010793,0.6923076923,1.390968605,0.7846153846,-1.600020793,0.04786324786,0.583952575,0.0590649964,0.5890519693,0.05396560207,True,0.4868278489,0.06908829669,0.4875899424,0.06832620311,True,0.5252469361,0.09142333524,0.5254087097,0.09126156156,True,0.7308802424,0.02558605482,0.7289401803,0.02752611689,True
5350083.00,5350083.00,2021S05075350083.00,83,2021,0.1989664083,0.2235142119,2.1,0.5971896956,0.1582360571,0.4621848739,0.7038043478,0.6166666667,0.0588235294,8667.1,0.8928024502,0.3320363165,0.3480519481,0.3387857543,0.6207348643,0.5059455748,0.5465539531,0.8097050651,1.711567858,0.7914529915,0.7502550532,0.8341880342,1.748659118,0.7863247863,0.9797834802,0.7555555556,1.027196246,0.8854700855,1.693386873,0.7692307692,0.9734381938,0.7846153846,0.6458527728,0.6957264957,1.444544587,0.7623931624,1.103587151,0.7401709402,0.1265437893,0.6222222222,0.596349172,0.02438569234,0.5986574471,0.02207741721,True,0.4891685522,0.0167770226,0.4906371676,0.01530840717,True,0.5431643114,0.003389641629,0.5457860713,0.0007678817165,True,0.7593713506,0.05033371455,0.7617056763,0.04799938885,True
5350084.00,5350084.00,2021S05075350084.00,84,2021,0.1929577465,0.1633802817,2.4,0.7506234414,0.0779036827,0.3366666667,0.7880512091,0.5068493151,0.0133333333,8684.6,0.9679715302,0.2692828146,0.1853856563,0.1823485651,0.6192782344,0.554666888,0.5132216241,0.789946191,2.551383392,0.9316239316,0.04731934715,0.6136752137,3.037505105,0.9572649573,-0.3781721202,0.4905982906,0.2025321168,0.6564102564,2.340116665,0.905982906,1.019463883,0.8068376068,-1.152530253,0.241025641,1.694549619,0.8188034188,2.072552628,0.8786324786,-0.9641567451,0.2358974359,0.6148611977,0.004417036665,0.612263997,0.007014237403,True,0.5235033307,0.03116355728,0.5226648034,0.03200208456,True,0.5512073481,-0.03798572399,0.5476243287,-0.03440270464,True,0.7639240887,0.02602210229,0.7628595063,0.02708668468,True
5350085.00,5350085.00,2021S05075350085.00,85,2021,0.2043269231,0.21875,1.9,0.6294736842,0.1313253012,0.6503496503,0.6822916667,0.7437070938,0.0932400932,8409.1,0.8909090909,0.2747804266,0.2045169385,0.4807920132,0.6255888216,0.5195243825,0.5702819531,0.7869601293,2.609774763,0.9487179487,0.5243453761,0.7863247863,2.428994404,0.8803418803,1.726427981,0.8273504274,0.5841453697,0.7931623932,2.689696362,0.9572649573,0.6925136396,0.6905982906,0.7976352401,0.7264957265,2.456037276,0.894017094,0.8805909443,0.6957264957,-0.06871167129,0.5538461538,0.6248375054,0.0007513162251,0.6207324087,0.004856412891,True,0.5202990344,-0.0007746518119,0.516852932,0.002671450527,True,0.5734442838,-0.00316233068,0.5705132017,-0.0002312486594,True,0.7848934234,0.002066705883,0.7815545904,0.005405538957,True
5350086.00,5350086.00,2021S05075350086.00,86,2021,0.1702970297,0.1861386139,2.8,0.8024193548,0.0555555556,0.1264367816,0.7384937238,0.2,0.0114942529,2219.5,0.941475827,0.218875502,0.2012072435,0.05983040561,0.5364011316,0.4631147067,0.5059409693,0.6401477187,2.403685433,0.9076923077,-0.03918193871,0.5641025641,3.28022273,0.9760683761,-1.556674023,0.2307692308,0.2121560107,0.6632478632,1.991443753,0.8478632479,1.273312125,0.8547008547,-2.323089624,0.02564102564,1.176572189,0.7111111111,2.897683105,0.9641025641,-1.305640754,0.1145299145,0.6081336852,-0.07173255362,0.6079697386,-0.07156860697,True,0.5238686344,-0.0607539277,0.532771659,-0.06965695229,True,0.5339714382,-0.02803046894,0.5382415523,-0.03230058303,True,0.7529628007,-0.112815082,0.7642547596,-0.1241070409,True
5350087.00,5350087.00,2021S05075350087.00,87,2021,0.1401869159,0.3624091381,2,0.7511312217,0.0740354536,0.3106995885,0.6334033613,0.64,0.4156378601,3002.4,0.9391408115,0.2471794872,0.1147540984,0.2681746565,0.5595762732,0.5069295257,0.5242316001,0.6475676938,3.726308821,1,2.250776262,0.9794871795,3.807780862,0.9948717949,1.489710255,0.8136752137,2.01435186,0.9623931624,3.5512772,1,2.759187606,0.9897435897,1.562504796,0.8666666667,3.277176877,0.9692307692,3.770901487,0.9931623932,1.522642434,0.8854700855,0.6934153291,-0.1338390559,0.6788482532,-0.11927198,True,0.5982684983,-0.09133897261,0.582539783,-0.07561025725,True,0.6264294923,-0.1021978922,0.616053351,-0.09182175085,True,0.8578350437,-0.2102673499,0.8508740205,-0.2033063267,True
5350088.00,5350088.00,2021S05075350088.00,88,2021,0.2704,0.2816,1.7,0.7341040462,0.1506410256,0.4822888283,0.5376884422,0.9651474531,0.7302452316,13613.4,0.7848537005,0.4511400651,0.4406504065,0.4906239271,0.6229230498,0.574921469,0.560962499,0.7328851815,2.049664132,0.8461538462,1.71220228,0.9418803419,1.123050414,0.6974358974,3.607859186,0.9247863248,1.418131343,0.9282051282,2.279228531,0.894017094,0.6097961487,0.6666666667,3.187609764,0.9675213675,2.948107619,0.9452991453,0.501728417,0.5931623932,2.318063091,0.9487179487,0.6243713046,-0.001448254833,0.6277237787,-0.004800728895,True,0.4900148581,0.08490661087,0.4914809582,0.08344051076,True,0.5769131249,-0.01595062584,0.5794001864,-0.01843768741,True,0.8237861416,-0.09090096013,0.8274862551,-0.09460107365,True
5350089.00,5350089.00,2021S05075350089.00,89,2021,0.3242990654,0.2635514019,1.6,0.7169811321,0.2060843965,0.4878836834,0.3991507431,0.9550387597,0.8804523425,16223.8,0.7236580517,0.397515528,0.384057971,0.4379152695,0.5023462539,0.3917853358,0.4504661372,0.6647872889,2.065165132,0.8512820513,1.439314881,0.9213675214,0.8041769966,0.6427350427,4.431328996,0.9692307692,1.089678884,0.894017094,2.390810106,0.9145299145,-0.2018715013,0.3777777778,3.350149401,0.9709401709,3.375355648,0.9777777778,-0.3021397817,0.4051282051,2.448125367,0.9572649573,0.6204185818,-0.1180723279,0.6162656121,-0.1139193582,True,0.4788984643,-0.08711312848,0.4800732949,-0.08828795917,True,0.5738682635,-0.1234021263,0.5772947114,-0.1268285743,True,0.8297721267,-0.1649848378,0.833878355,-0.1690910661,True
5350090.00,5350090.00,2021S05075350090.00,90,2021,0.2176616915,0.3097014925,1.7,0.7489361702,0.1368421053,0.4505263158,0.6043256997,0.7750556793,0.5010526316,10231.6,0.8805970149,0.3399014778,0.2389162562,0.4522924529,0.5721151249,0.4637152102,0.5066260246,0.7460041399,3.111346001,0.9846153846,1.821632948,0.9521367521,2.630341057,0.9179487179,2.891121784,0.8905982906,1.685095393,0.947008547,3.18641944,0.988034188,1.488072102,0.9094017094,2.375932683,0.9230769231,3.347611909,0.9726495726,1.811442785,0.8358974359,1.611234264,0.9008547009,0.6642645549,-0.09214942997,0.6697529448,-0.09763781988,True,0.5541340989,-0.09041888867,0.5610705714,-0.09735536112,True,0.6084658857,-0.1018398611,0.6142725007,-0.107646476,True,0.840820931,-0.09481679114,0.8490635391,-0.1030593993,True
5350091.01,5350091.01,2021S05075350091.01,91.01,2021,0.3318815331,0.2709059233,1.7,0.7676609105,0.1584342964,0.6574500768,0.48905804,0.9090909091,0.3394777266,11222.1,0.776119403,0.3397612489,0.303030303,0.5564598581,0.538031697,0.4736138508,0.4206690131,0.719812227,2.549552415,0.9299145299,0.5834178254,0.8017094017,1.678866721,0.7777777778,3.565682605,0.9196581197,0.4899640154,0.7572649573,2.810603292,0.9641025641,-0.3805946345,0.2991452991,1.745708722,0.8803418803,3.266932136,0.9675213675,-0.3373754685,0.3931623932,0.7231772741,0.7846153846,0.6236532039,-0.08562150686,0.6198446753,-0.08181297828,True,0.5021756749,-0.02856182408,0.505012943,-0.0313990922,True,0.5739035669,-0.1532345538,0.5761806426,-0.1555116295,True,0.8058455487,-0.08603332168,0.8083290135,-0.08851678655,True
5350091.02,5350091.02,2021S05075350091.02,91.02,2021,0.3211678832,0.1722627737,1.7,0.6129807692,0.1843317972,0.719160105,0.5207006369,0.908616188,0.157480315,10591.3,0.8507223114,0.3039370079,0.2818897638,0.555112826,0.57202646,0.460449416,0.5477050411,0.7079249227,2.215923946,0.8888888889,-0.4008297358,0.3555555556,1.507023718,0.7521367521,2.780312029,0.8820512821,-0.4451146754,0.3025641026,2.504640971,0.9299145299,-1.007224643,0.1829059829,0.7003978773,0.705982906,2.709731381,0.9230769231,-1.082862456,0.2290598291,-0.468842223,0.4256410256,0.5954228852,-0.02339642522,0.5970466866,-0.02502022657,True,0.4752271167,-0.01477770068,0.4764113911,-0.01596197509,True,0.5504869885,-0.002781947443,0.5520123847,-0.004307343569,True,0.7675332248,-0.05960830206,0.768642846,-0.06071792328,True
5350092.00,5350092.00,2021S05075350092.00,92,2021,0.383431085,0.146627566,1.9,0.7159090909,0.1081893313,0.7331420373,0.5007598784,0.8721264368,0.0573888092,10894.9,0.8619556286,0.2426035503,0.2840236686,0.5837663137,0.5894901815,0.5010355693,0.5630608561,0.7043741191,2.622437358,0.9538461538,-1.560892188,0.03418803419,2.030300124,0.8256410256,2.168077469,0.8512820513,-1.727395721,0.04102564103,2.879041343,0.9692307692,-1.882559934,0.09401709402,-0.9272534686,0.3025641026,2.921701123,0.9435897436,-1.501904191,0.1846153846,-1.883152777,0.01538461538,0.5908384037,-0.001348222201,0.5886955076,0.0007946739281,True,0.4761876034,0.0248479659,0.4759130148,0.02512255443,True,0.5422088467,0.02085200945,0.5373629738,0.02569788226,True,0.7528607329,-0.04848661383,0.7513483722,-0.04697425307,True
5350093.00,5350093.00,2021S05075350093.00,93,2021,0.2751865672,0.1707089552,2.3,0.6992,0.0972762646,0.4570135747,0.6270833333,0.5878378378,0.0407239819,8705.1,0.8368479467,0.2693836978,0.2157057654,0.3798266316,0.6554247376,0.577842118,0.6046812341,0.7837508606,2.175908533,0.8786324786,-0.551209497,0.2735042735,2.171804573,0.8478632479,0.7148303614,0.7094017094,-0.4755025923,0.2803418803,2.175283062,0.8803418803,-0.2496074433,0.3538461538,-0.8208943149,0.335042735,1.898883855,0.8393162393,0.3520699344,0.5606837607,-1.168767066,0.1606837607,0.5915027825,0.06392195506,0.5922513705,0.06317336713,True,0.485893681,0.09194843707,0.4864548882,0.09138722986,True,0.5361558928,0.06852534129,0.5366796564,0.06800157773,True,0.7498984917,0.03385236882,0.7510316815,0.03271917906,True
5350094.00,5350094.00,2021S05075350094.00,94,2021,0.2946808511,0.1446808511,2.4,0.5405405405,0.098185699,0.455,0.6549145299,0.556122449,0.0075,7373.3,0.9059405941,0.3583934089,0.3264675592,0.3550270393,0.598019762,0.5314337085,0.5654932362,0.6971323414,1.237198666,0.6991452991,-1.035254709,0.08888888889,1.37615105,0.7418803419,-0.2271245898,0.5316239316,-1.063040445,0.1076923077,1.237120726,0.6991452991,-0.5010555656,0.2735042735,-1.390238941,0.188034188,0.8671072474,0.6564102564,-0.1364874389,0.4478632479,-1.692424998,0.03076923077,0.549831276,0.04818848601,0.5487169618,0.04930280018,True,0.4343601704,0.09707353816,0.4331472249,0.09828648368,True,0.4995825179,0.06591071824,0.4991380162,0.06635522001,True,0.707977713,-0.01084537158,0.707247672,-0.01011533061,True
5350095.00,5350095.00,2021S05075350095.00,95,2021,0.2915951973,0.1595197256,2.3,0.6093294461,0.0963855422,0.4534412955,0.6863117871,0.6023622047,0,9253.5,0.8251473477,0.3558394161,0.2877959927,0.6909506412,0.5961759582,0.5443623883,0.557791532,0.6863739543,1.653005004,0.7829059829,-0.823723331,0.135042735,1.560649836,0.7606837607,0.8415551471,0.7264957265,-0.6543127528,0.2170940171,1.776871651,0.788034188,-0.4814180435,0.2752136752,-0.4255818668,0.4461538462,1.450732146,0.7641025641,-0.579414097,0.3264957265,-1.625206636,0.04273504274,0.568242316,0.02793364224,0.5670751993,0.02910075887,True,0.4575015409,0.0868608474,0.4554806727,0.08888171553,True,0.5240601309,0.03373140111,0.5234113179,0.03438021413,True,0.7215918254,-0.03521787109,0.7200292459,-0.03365529164,True
5350096.01,5350096.01,2021S05075350096.01,96.01,2021,0.2453416149,0.152173913,2.5,0.4020618557,0.0872274143,0.4135338346,0.6970684039,0.5968992248,0.015037594,8094.5,0.8727272727,0.4230769231,0.358974359,0.4355360646,0.5961639813,0.5435848014,0.5719605168,0.6729466256,0.6001056392,0.5897435897,-0.6204950456,0.2256410256,0.7819467811,0.641025641,-0.4607422263,0.4717948718,-0.6513735718,0.2222222222,0.6267486145,0.5948717949,0.03379959792,0.4717948718,-0.5814285757,0.4,0.2183785357,0.5384615385,-0.08479118947,0.4564102564,-1.232942964,0.1367521368,0.5338300241,0.06233395719,0.5339559041,0.06220807717,True,0.4112435171,0.1323412842,0.411317823,0.1322669784,True,0.4910805899,0.08087992692,0.491441945,0.08051857185,True,0.6946101158,-0.02166349023,0.6951352997,-0.02218867411,True
5350096.02,5350096.02,2021S05075350096.02,96.02,2021,0.2995245642,0.1664025357,2.3,0.5035460993,0.0961538462,0.4680851064,0.6181229773,0.6630434783,0.0460992908,9037.8,0.9005424955,0.3312693498,0.3007751938,0.4376019798,0.5651154083,0.515599997,0.527323862,0.6524223658,1.532194628,0.7555555556,-0.8813428853,0.1196581197,1.506897533,0.7504273504,0.3397197437,0.6444444444,-0.9900485193,0.1230769231,1.604987078,0.7555555556,-0.4436342035,0.2837606838,-0.8164953156,0.3367521368,1.296782334,0.7333333333,-0.2613498747,0.4102564103,-1.518215487,0.06495726496,0.5629565267,0.002158881603,0.5609048097,0.004210598646,True,0.4462100504,0.06938994664,0.4454630503,0.07013694673,True,0.5160789326,0.01124492939,0.5131931839,0.01413067817,True,0.7215409536,-0.06911858777,0.720325146,-0.06790278016,True
5350097.01,5350097.01,2021S05075350097.01,97.01,2021,0.2824427481,0.1730279898,2.5,0.4989858012,0.1127320955,0.5245901639,0.7029972752,0.7425742574,0.006557377,10342.2,0.8136094675,0.4546649146,0.5006570302,0.4618058932,0.515586176,0.427795585,0.4802129769,0.638749966,0.224263924,0.5418803419,-0.4293164684,0.3384615385,0.1550562694,0.5572649573,0.3289905892,0.641025641,-0.306055742,0.3760683761,0.3272367261,0.5555555556,-0.3274182864,0.3196581197,0.006318232113,0.5555555556,0.194581789,0.5299145299,-0.7017041943,0.305982906,-0.737840583,0.3111111111,0.5235063908,-0.007920214839,0.5217974278,-0.006211251752,True,0.3949684191,0.03282716595,0.3944608402,0.03333474479,True,0.4823062465,-0.002093269553,0.4801168469,9.61300294e-05,True,0.6933925962,-0.05464263019,0.6911918107,-0.05244184471,True
5350097.03,5350097.03,2021S05075350097.03,97.03,2021,0.375,0.0889423077,1.7,0.4466019417,0.229468599,0.6446280992,0.3516746411,0.9421487603,0.4669421488,12391.2,0.7663043478,0.4331797235,0.5046082949,0.460836318,0.5434598784,0.4580632556,0.5202849446,0.6520314349,0.4849840153,0.5726495726,-1.000600577,0.09743589744,-0.6177042306,0.4307692308,2.840187689,0.8871794872,-1.314358128,0.07521367521,0.9079823632,0.6427350427,-2.376813106,0.07008547009,0.8607403801,0.7435897436,1.675654991,0.8153846154,-2.790506698,0.07863247863,-0.03621889585,0.5726495726,0.5234200296,0.02003984881,0.5296417128,0.01381816558,True,0.3698604462,0.08820280945,0.3745750747,0.08348818097,True,0.4874160073,0.03286893731,0.4917470726,0.02853787195,True,0.7242777364,-0.07224630157,0.7320587273,-0.08002729243,True
5350097.04,5350097.04,2021S05075350097.04,97.04,2021,0.3349900596,0.1133200795,2.2,0.4024205749,0.0958627649,0.5376106195,0.5862808146,0.8074398249,0.3030973451,15575.9,0.7789115646,0.4139344262,0.356557377,0.4618714727,0.5269529906,0.4288342198,0.5151142853,0.6369104668,0.6460305881,0.5965811966,-1.04357957,0.08717948718,0.1837431303,0.5641025641,0.9797112684,0.7538461538,-1.426957884,0.05641025641,0.9010833957,0.641025641,-1.179769438,0.158974359,0.2052337715,0.6,1.009852588,0.6803418803,-1.516343978,0.1811965812,-0.863010694,0.2666666667,0.5284870521,-0.001534061549,0.5263444683,0.0006085223238,True,0.3873624197,0.04147180011,0.3841115847,0.04472263502,True,0.4939241426,0.02119014277,0.4930005427,0.02211374266,True,0.7078124083,-0.07090194145,0.7072933776,-0.07038291074,True
5350098.00,5350098.00,2021S05075350098.00,98,2021,0.2516129032,0.1326164875,2.3,0.5116537181,0.1211469534,0.4733333333,0.6681818182,0.7433333333,0.1716666667,9734.9,0.8867761452,0.3591397849,0.3450502152,0.4464525631,0.6454673961,0.4991209811,0.6154545639,0.8218266434,1.284729524,0.7094017094,-0.4742837429,0.3025641026,1.184567101,0.705982906,0.5936365801,0.6871794872,-0.5340133544,0.264957265,1.377354257,0.7179487179,-0.2176628719,0.3675213675,-0.1206629984,0.5196581197,1.176903614,0.7128205128,-0.188730311,0.4273504274,-0.8314567724,0.2786324786,0.5608049702,0.08466242588,0.5654963997,0.07997099639,True,0.4401337825,0.05898719857,0.4441219751,0.054999006,True,0.5160319235,0.09942264043,0.5209257246,0.09452883925,True,0.7268148205,0.09501182292,0.7301876535,0.09163898994,True
5350099.00,5350099.00,2021S05075350099.00,99,2021,0.2673031026,0.1264916468,2,0.6179640719,0.128,0.6461038961,0.6203473945,0.786407767,0.0665584416,10808.7,0.8551269991,0.3179282869,0.3107569721,0.4752245756,0.6144305407,0.4986679787,0.6171810248,0.7274426184,1.857964682,0.8170940171,-0.6580144178,0.2085470085,1.549843777,0.758974359,1.436624563,0.8051282051,-0.6464672179,0.2273504274,2.011751835,0.8547008547,-0.7341905218,0.2307692308,-0.1720509066,0.505982906,1.9296359,0.8444444444,-0.573585876,0.3299145299,-0.9185125734,0.2495726496,0.5783326576,0.03609788312,0.5859834842,0.02844705649,True,0.4624538515,0.03621412723,0.4688660051,0.02980197365,True,0.5309913868,0.08618963805,0.5342055347,0.08297549015,True,0.7442427819,-0.01680016352,0.7495334635,-0.02209084507,True
5350100.00,5350100.00,2021S05075350100.00,100,2021,0.2432432432,0.1233108108,2,0.6147757256,0.1054481547,0.3568904594,0.6038461538,0.875,0.5088339223,10360.4,0.864,0.3339449541,0.328440367,0.445017917,0.6648260908,0.5663755779,0.5980059019,0.8300967927,2.073928514,0.852991453,0.007213535585,0.5863247863,1.670706488,0.7743589744,1.552884965,0.8153846154,-0.3472647449,0.358974359,2.205693276,0.8871794872,-0.06834823958,0.4273504274,0.771689408,0.7230769231,2.28492613,0.8769230769,0.2327330953,0.5299145299,0.08638520102,0.6017094017,0.5970710497,0.06775504106,0.5980520946,0.06677399619,True,0.4727970395,0.09357853838,0.4726813757,0.09369420218,True,0.5504616156,0.04754428637,0.551916912,0.04608898996,True,0.7749628251,0.05513396755,0.7753359959,0.05476079683,True
5350101.00,5350101.00,2021S05075350101.00,101,2021,0.2881355932,0.1124807396,2.1,0.5950782998,0.0909090909,0.6185897436,0.5956112853,0.7475083056,0.0352564103,7603.7,0.954379562,0.1928783383,0.1810089021,0.3143911642,0.5548004011,0.4385132486,0.5636249769,0.6622629778,2.594576666,0.9435897436,-1.335858811,0.04444444444,2.55193667,0.9042735043,0.5056708058,0.664957265,-1.597857803,0.04444444444,2.6455682,0.9521367521,-0.8324694706,0.2051282051,-1.61485832,0.1384615385,2.273552132,0.8735042735,-0.02610011138,0.4769230769,-1.933445325,0.01367521368,0.5935570853,-0.03875668424,0.5948221598,-0.04002175872,True,0.4861970229,-0.04768377423,0.4884967609,-0.0499835123,True,0.5398230014,0.0238019755,0.5401615992,0.02346337765,True,0.7481495134,-0.08588653566,0.7493581225,-0.08709514476,True
5350102.02,5350102.02,2021S05075350102.02,102.02,2021,0.3223684211,0.1524122807,1.7,0.5922953451,0.1698113208,0.9547169811,0.5029308324,0.9907063197,0.0698113208,39420.9,0.8002436054,0.4221218962,0.3656884876,0.5013845608,0.6762110691,0.5615947563,0.7273375741,0.7397008769,1.60519481,0.7743589744,-0.3384136565,0.3914529915,0.5348453204,0.6051282051,3.841539168,0.9401709402,-0.1378098062,0.4666666667,2.046837126,0.8598290598,-1.626706059,0.1230769231,1.709703465,0.8786324786,2.574341919,0.9128205128,-2.254507085,0.1179487179,0.09939734949,0.611965812,0.5745457746,0.1016652945,0.5741972429,0.1020138262,True,0.4455285093,0.116066247,0.4450860909,0.1165086654,True,0.5372357148,0.1901018593,0.5390312677,0.1883063064,True,0.7581489994,-0.01844812255,0.7620323973,-0.02233152047,True
5350102.03,5350102.03,2021S05075350102.03,102.03,2021,0.3006993007,0.1272727273,1.8,0.6581027668,0.149859944,0.8813559322,0.5172413793,0.972972973,0.181598063,27318.6,0.8104265403,0.4511691884,0.2902338377,0.501648805,0.6727723882,0.5725047237,0.6713762746,0.7744361662,1.75142849,0.8,-0.4066565489,0.3521367521,0.8355897392,0.6444444444,3.214215467,0.9042735043,-0.4247269764,0.3128205128,2.103627697,0.864957265,-1.465615005,0.1333333333,1.145621952,0.8034188034,2.559452936,0.9076923077,-1.662701705,0.1760683761,0.09044222584,0.6034188034,0.5786639989,0.09410838934,0.5915770648,0.08119532342,True,0.4495196434,0.1229850803,0.4573640824,0.1151406414,True,0.536494532,0.1348817426,0.539510729,0.1318655456,True,0.7636876468,0.01074851944,0.7703973505,0.00403881576,True
5350102.04,5350102.04,2021S05075350102.04,102.04,2021,0.1985815603,0.1489361702,2.4,0.7159090909,0.085106383,0.5087719298,0.5234375,0.6206896552,0,6969.4,0.9363636364,0.1791044776,0.1555555556,0.5013057715,0.5388384865,0.5007534884,0.4280870012,0.6876749698,3.092642468,0.9829059829,-0.8281559695,0.1333333333,3.149348258,0.9692307692,0.8078676039,0.7196581197,-0.7501850534,0.1726495726,3.065074322,0.9794871795,-0.3567837588,0.305982906,-1.508528564,0.1623931624,2.630381332,0.9179487179,0.6440545229,0.6478632479,-1.689188257,0.03418803419,0.6198124713,-0.08097398479,0.6193309628,-0.08049247628,True,0.5265975838,-0.02584409541,0.5260913456,-0.02533785728,True,0.5585876787,-0.1305006774,0.5598099728,-0.1317229716,True,0.7685473954,-0.08087242566,0.7678513092,-0.08017633947,True
5350102.05,5350102.05,2021S05075350102.05,102.05,2021,0.224852071,0.1065088757,2.4,0.724137931,0.0658682635,0.3538461538,0.5957446809,0.4637681159,0,7075.6,0.8244274809,0.2416107383,0.1610738255,0.5016673676,0.4614394016,0.2646813689,0.3933953156,0.7262415204,2.456607786,0.9196581197,-1.078903437,0.07692307692,2.594337777,0.9111111111,0.2824901786,0.6290598291,-0.9399016099,0.1367521368,2.417410456,0.9179487179,-0.5174777217,0.2632478632,-1.606317989,0.1452991453,1.970150465,0.8478632479,0.3283381681,0.5538461538,-1.87375948,0.01709401709,0.5928533423,-0.1314139407,0.5881126344,-0.1266732328,True,0.4947185066,-0.2300371377,0.49253563,-0.2278542611,True,0.5356120109,-0.1422166953,0.5290243307,-0.1356290151,True,0.7434650889,-0.01722356842,0.739677071,-0.01343555054,True
5350103.00,5350103.00,2021S05075350103.00,103,2021,0.1751412429,0.2324455206,2.3,0.7204783259,0.0659983292,0.2918215613,0.6536458333,0.5897920605,0.3624535316,7393.5,0.9322865554,0.2303278689,0.1714520098,0.2525014075,0.6294134423,0.5578549521,0.6382863424,0.6920990325,3.052032367,0.9811965812,0.8027527466,0.8512820513,3.225691111,0.9743589744,0.5981785901,0.6905982906,0.6184747384,0.8034188034,2.899980587,0.9726495726,1.440997444,0.9008547009,0.07316530283,0.5641025641,2.538678227,0.9008547009,2.500364327,0.935042735,0.1378719353,0.6307692308,0.645302377,-0.01588893472,0.6432637922,-0.0138503499,True,0.5460763966,0.01177855545,0.5450108574,0.01284409468,True,0.5820893484,0.05619699392,0.577861603,0.06042473933,True,0.8064512071,-0.1143521746,0.8057645796,-0.1136655471,True
5350104.00,5350104.00,2021S05075350104.00,104,2021,0.1616438356,0.1388127854,2.7,0.7216981132,0.0429616088,0.2589928058,0.7481343284,0.299270073,0.0143884892,7427.1,0.9784172662,0.2093227792,0.1854130053,0.2335578098,0.6340984963,0.5607116069,0.5656194206,0.7759644613,2.582034267,0.9401709402,-0.5247609174,0.2854700855,3.305958109,0.9777777778,-1.214141252,0.3042735043,-0.3548733667,0.3487179487,2.294383948,0.8974358974,0.8120390341,0.7247863248,-2.246143909,0.03418803419,1.438855345,0.7606837607,2.141622461,0.8923076923,-1.8107261,0.02051282051,0.6065085242,0.02758997207,0.6046975916,0.02940090471,True,0.5206397615,0.04007184546,0.5148017325,0.04590987445,True,0.5397917684,0.0258276522,0.5379550689,0.02766435179,True,0.7470407439,0.02892371747,0.7440145429,0.03194991838,True
5350105.00,5350105.00,2021S05075350105.00,105,2021,0.2060185185,0.1388888889,2.4,0.601980198,0.0790697674,0.3626062323,0.6695869837,0.4859550562,0.0226628895,7840.9,0.9193083573,0.2269503546,0.1867612293,0.04999174452,0.6204092692,0.5040313707,0.5989352364,0.7582612003,2.062397729,0.8478632479,-0.4305891079,0.335042735,2.495339166,0.894017094,-0.7128682386,0.4170940171,-0.4764432431,0.2786324786,1.876564894,0.8222222222,0.460868287,0.6102564103,-1.55875304,0.1555555556,1.32729185,0.7418803419,1.54499307,0.7965811966,-1.146538505,0.1675213675,0.5894238169,0.03098545233,0.5903127817,0.03009648753,True,0.4874825897,0.01654878101,0.4870466237,0.016984747,True,0.5280543011,0.07088093532,0.5314861875,0.06744904888,True,0.7454119407,0.01284925967,0.7465244822,0.01173671812,True
5350106.00,5350106.00,2021S05075350106.00,106,2021,0.254076087,0.1304347826,2.8,0.4021505376,0.0817438692,0.3255813953,0.6917613636,0.3358778626,0.1782945736,2669.2,0.855987055,0.4681139756,0.5799457995,0.1586278536,0.4375129714,0.3208916676,0.3590437765,0.63260347,-0.6146414661,0.4102564103,-0.8965892863,0.1111111111,-0.1592481709,0.494017094,-1.899783164,0.1452991453,-1.017232873,0.1179487179,-0.7502711682,0.3897435897,-0.2127233276,0.3709401709,-1.731421468,0.1162393162,-1.083966623,0.3282051282,0.09356580489,0.4974358974,-1.202634186,0.1487179487,0.4856922422,-0.04817927082,0.4849677624,-0.04745479099,True,0.3516940727,-0.03080240503,0.3514094021,-0.03051773443,True,0.436288348,-0.07724457151,0.4362640993,-0.07722032288,True,0.6580239686,-0.02542049852,0.6582673077,-0.02566383763,True
5350107.00,5350107.00,2021S05075350107.00,107,2021,0.2350515464,0.1381443299,2.8,0.2905405405,0.0844490216,0.2708933718,0.7516339869,0.3775216138,0.0345821326,6713.3,0.8444165621,0.4402061856,0.3762886598,0.1017512436,0.5296099179,0.3871440577,0.4866873672,0.7149983287,-0.4408026851,0.4358974359,-0.5923082258,0.2427350427,0.1357949391,0.5555555556,-2.059981939,0.1179487179,-0.6643258611,0.2085470085,-0.5785908644,0.4136752137,0.4405146162,0.5982905983,-1.213756261,0.2222222222,-1.116189591,0.3196581197,0.5134408308,0.5982905983,-1.133654437,0.1726495726,0.496955758,0.03265415992,0.4990390494,0.03057086849,True,0.3680123753,0.01913168242,0.3730390037,0.01410505401,True,0.4518241533,0.03486321389,0.4601454747,0.02654189251,True,0.6621967305,0.05280159819,0.6692469193,0.0457514094,True
5350108.00,5350108.00,2021S05075350108.00,108,2021,0.2403433476,0.1399141631,2.4,0.2998585573,0.1708154506,0.5,0.6939146231,0.5833333333,0.0853658537,7833.6,0.8605619147,0.4206008584,0.4339622642,0.5331654168,0.5404384933,0.4042041191,0.4725379113,0.7445734495,0.06372583994,0.5196581197,-0.4993224517,0.2905982906,0.04825409835,0.5316239316,0.1327799997,0.5948717949,-0.3572652009,0.347008547,0.1987074734,0.535042735,-0.1981765185,0.3794871795,0.09455542783,0.5726495726,-0.0581264442,0.4871794872,-0.8407132283,0.2769230769,-0.9675364719,0.2341880342,0.5165908146,0.02384767869,0.5149931027,0.02544539061,True,0.3877890104,0.01641510872,0.3859380768,0.01826604235,True,0.4800781654,-0.007540254058,0.4781649849,-0.00562707362,True,0.6817302222,0.06284322733,0.6798940999,0.06467934961,True
5350109.00,5350109.00,2021S05075350109.00,109,2021,0.2595978062,0.1325411335,2.5,0.4366812227,0.0776965265,0.397260274,0.6215139442,0.4134831461,0.3127853881,8681.2,0.8510405257,0.3417366947,0.3099906629,0.2487899027,0.5094989726,0.4169441866,0.4682164069,0.6433363243,0.9007770152,0.6427350427,-0.8386538262,0.1316239316,1.043020408,0.6837606838,-0.5955332223,0.4358974359,-1.144465018,0.09914529915,0.8723410802,0.6324786325,-0.2816938642,0.3401709402,-1.117064311,0.252991453,0.5997599565,0.6136752137,0.1740571808,0.5179487179,-1.137600356,0.1709401709,0.541011329,-0.03151235641,0.5412584579,-0.03175948534,True,0.415176123,0.001768063565,0.4160382551,0.0009059315563,True,0.4920081125,-0.02379170555,0.4933715315,-0.02515512461,True,0.7097526104,-0.06641628611,0.7115945559,-0.06825823164,True
5350110.00,5350110.00,2021S05075350110.00,110,2021,0.2320916905,0.1561604585,2.5,0.4829157175,0.1045845272,0.3568904594,0.6838124054,0.5390070922,0.0459363958,6416.1,0.8517887564,0.3744619799,0.2994269341,0.2420405061,0.5359898881,0.4245303634,0.5017083871,0.6817309137,0.8486403097,0.6341880342,-0.3011744902,0.4222222222,1.111005587,0.6957264957,-0.5311297946,0.4495726496,-0.2912229042,0.3811965812,0.7816916393,0.6205128205,0.307342682,0.5555555556,-0.6858635473,0.3692307692,0.4082094635,0.5811965812,0.5944435934,0.6290598291,-0.8113316911,0.2905982906,0.5480215582,-0.01203167007,0.5464395371,-0.01044964898,True,0.4299741247,-0.00544376122,0.4303347032,-0.00580433974,True,0.4979053305,0.003803056604,0.4968949364,0.004813450663,True,0.712219789,-0.03048887524,0.7114088283,-0.02967791457,True
5350111.00,5350111.00,2021S05075350111.00,111,2021,0.2188139059,0.1676891616,2.7,0.3195876289,0.0655737705,0.2430939227,0.7478813559,0.3591160221,0.0110497238,5388.3,0.837037037,0.4457831325,0.2394366197,0.1681193634,0.4904172643,0.4028768854,0.4579300558,0.6104448517,0.1324579004,0.5247863248,-0.278440898,0.4376068376,0.720464975,0.6273504274,-1.82540919,0.1606837607,-0.3864789136,0.3247863248,-0.01720746699,0.4905982906,0.8770724724,0.7521367521,-0.9084995792,0.3076923077,-0.6261985741,0.411965812,1.020719924,0.7179487179,-0.9750968224,0.2290598291,0.5227059212,-0.03228865687,0.5220296369,-0.03161237255,True,0.3997624292,0.003114456202,0.4001200694,0.002756815955,True,0.4761997614,-0.01826970565,0.4757079544,-0.0177778986,True,0.6838738547,-0.07342900302,0.6844970544,-0.07405220272,True
5350112.00,5350112.00,2021S05075350112.00,112,2021,0.237394958,0.156512605,2.6,0.3936731107,0.0853530032,0.3306233062,0.6875699888,0.4119241192,0,9489.7,0.8157894737,0.4021276596,0.2790202343,0.1697033047,0.5291697023,0.4208375938,0.477924047,0.6887474661,0.3632347432,0.5623931624,-0.4480937525,0.3111111111,0.7401547377,0.6324786325,-1.094667868,0.3299145299,-0.455588166,0.2905982906,0.2724080416,0.5452991453,0.3166580635,0.5606837607,-0.8853221803,0.3128205128,-0.1631607043,0.4735042735,0.5114337166,0.5948717949,-0.9726432292,0.2324786325,0.5281813737,0.0009883285817,0.5293114881,-0.0001417857702,True,0.4062762853,0.01456130858,0.4055439478,0.01529364609,True,0.4802500158,-0.002325968789,0.4789092491,-0.0009852020733,True,0.6924512895,-0.003703823387,0.6907136478,-0.001966181685,True
5350113.00,5350113.00,2021S05075350113.00,113,2021,0.2777777778,0.1567460317,2.4,0.4882943144,0.0838323353,0.5497630332,0.6935817805,0.6826923077,0.0142180095,6594.3,0.9004739336,0.2712871287,0.2396039604,0.2423584062,0.6125233258,0.5064496094,0.5796587122,0.7514616556,1.513016812,0.7504273504,-0.822332831,0.1367521368,1.688546162,0.7811965812,-0.3197470111,0.5008547009,-1.027797408,0.1145299145,1.504250594,0.7452991453,-0.1059226154,0.411965812,-1.135203663,0.2495726496,1.05899414,0.6888888889,0.3165134693,0.547008547,-1.440869239,0.0735042735,0.5632435642,0.04927976157,0.5617209526,0.05080237317,True,0.4478865777,0.05856303169,0.44766854,0.05878106945,True,0.513780833,0.06587787917,0.5128163434,0.06684236877,True,0.7213166525,0.03014500312,0.7192664049,0.0321952507,True
5350114.00,5350114.00,2021S05075350114.00,114,2021,0.2120038722,0.2468538238,2.1,0.5884543762,0.1238670695,0.5161290323,0.6837060703,0.6888412017,0.152688172,8267.7,0.8632183908,0.3204081633,0.2349336057,0.4210180942,0.6621230628,0.5668813018,0.5811307825,0.8383571042,2.101096515,0.8581196581,0.7810475934,0.841025641,2.012159956,0.8222222222,1.301004453,0.7897435897,0.8159948626,0.852991453,2.134456068,0.8683760684,1.013774081,0.8051282051,0.9740733356,0.7658119658,1.920133861,0.8427350427,1.126789081,0.7452991453,0.228232221,0.6547008547,0.6108313081,0.05129175467,0.6077650337,0.05435802907,True,0.5009929304,0.06588837142,0.4987469575,0.06813434429,True,0.5600514817,0.02107930084,0.5581341376,0.02299664491,True,0.7749697986,0.0633873056,0.7729032539,0.06545385036,True
5350115.00,5350115.00,2021S05075350115.00,115,2021,0.221563981,0.2369668246,2.4,0.4361493124,0.1021992238,0.5045317221,0.7180500659,0.5401234568,0.0211480363,11170.2,0.8260273973,0.4055415617,0.4213836478,0.3846265727,0.6462134168,0.565219937,0.5899378148,0.7834824987,0.6223784432,0.5931623932,0.3305971839,0.7333333333,0.7451729832,0.6341880342,0.1464642605,0.6017094017,0.4734115666,0.7487179487,0.6341184588,0.5965811966,0.7370176708,0.7076923077,0.434376185,0.6495726496,0.3357854563,0.5709401709,0.45839024,0.5897435897,-0.2545322233,0.4769230769,0.5503434279,0.09586998885,0.5486305226,0.09758289419,True,0.4298078634,0.1354120736,0.4295810486,0.1356388884,True,0.5054655788,0.08447223602,0.5028274116,0.08711040329,True,0.7152280393,0.06825445933,0.7131556362,0.07032686251,True
5350116.00,5350116.00,2021S05075350116.00,116,2021,0.2209695603,0.2446448703,2.2,0.6573875803,0.1102756892,0.4540389972,0.66756393,0.6430517711,0.1922005571,6535.8,0.7700534759,0.2917197452,0.2675159236,0.3115917062,0.6591173361,0.5178111909,0.5541657102,0.9053751072,1.881630218,0.8222222222,0.7988532954,0.8495726496,1.813869784,0.8,1.117942106,0.7709401709,0.8345359501,0.8598290598,1.865461502,0.8153846154,0.914754779,0.7692307692,0.8290032152,0.7316239316,1.748932857,0.8273504274,1.234296491,0.7675213675,0.4591374069,0.705982906,0.6032526983,0.05586463777,0.6066888219,0.05242851422,True,0.4907778153,0.02703337561,0.4948296133,0.02298157757,True,0.5494386231,0.004727087104,0.5514215398,0.002744170404,True,0.7737002366,0.1316748705,0.7779701294,0.1274049777,True
5350117.00,5350117.00,2021S05075350117.00,117,2021,0.2837301587,0.1626984127,2,0.7202572347,0.111332008,0.4509803922,0.5422680412,0.6653543307,0.3019607843,6321.9,0.9325581395,0.2450199203,0.2410358566,0.4229184383,0.5902539889,0.4759867033,0.5662709684,0.728504295,2.884675497,0.9709401709,-0.5485883777,0.2752136752,2.653247092,0.9213675214,1.368308736,0.7948717949,-0.7615407805,0.1675213675,2.93208033,0.9743589744,-0.4388985813,0.2888888889,-0.6991660838,0.3641025641,2.81259696,0.935042735,0.4139991151,0.5760683761,-1.000420775,0.2170940171,0.6169713322,-0.02671734335,0.6175870708,-0.02733308188,True,0.5094046736,-0.03341797022,0.508606624,-0.0326199207,True,0.5594349283,0.006836040045,0.5601667338,0.006104234522,True,0.7797265489,-0.05122225397,0.7815080692,-0.05300377422,True
5350118.00,5350118.00,2021S05075350118.00,118,2021,0.2315394243,0.3216520651,2,0.7481481481,0.0926395939,0.6454767726,0.6259445844,0.797029703,0.1980440098,5732.5,0.9419263456,0.2570036541,0.2070645554,0.2562122439,0.6092749942,0.4592624557,0.5342972808,0.834265246,3.165506775,0.9863247863,1.119789349,0.894017094,3.049207936,0.958974359,1.660009538,0.8239316239,0.913829723,0.8752136752,3.118376396,0.9846153846,1.281614436,0.8581196581,0.6828437357,0.7008547009,2.964706876,0.9487179487,2.093122135,0.8820512821,0.5839413035,0.7487179487,0.6546112253,-0.04533623114,0.6605606178,-0.05128562357,True,0.5516142162,-0.09235176046,0.5577907866,-0.09852833088,True,0.59198261,-0.05768532929,0.5993660635,-0.06506878276,True,0.82020621,0.014059036,0.8270218414,0.007243404619,True
5350119.00,5350119.00,2021S05075350119.00,119,2021,0.2276004119,0.2790937178,2,0.677480916,0.1074035454,0.5502008032,0.6110509209,0.7922606925,0.3192771084,5720.3,0.8860164512,0.3178458289,0.2610993658,0.364748338,0.5667744277,0.4291077436,0.5155587768,0.7556567628,2.553488801,0.9333333333,1.017733225,0.8820512821,2.306253285,0.8615384615,1.752586075,0.8290598291,0.7969097838,0.8495726496,2.579495818,0.9418803419,1.002901312,0.7982905983,1.1075129,0.7931623932,2.559996409,0.9094017094,1.465529164,0.7931623932,0.7356552467,0.788034188,0.6309703886,-0.06419596095,0.6301041247,-0.06332969703,True,0.5178667505,-0.08875900689,0.5179108974,-0.08880315385,True,0.5751560231,-0.05959724632,0.5723532602,-0.0567944834,True,0.8034886212,-0.04783185839,0.8022285135,-0.04657175069,True
5350120.00,5350120.00,2021S05075350120.00,120,2021,0.1590106007,0.2155477032,2.3,0.7832167832,0.073943662,0.243902439,0.7027027027,0.3968253968,0.1544715447,5483.4,0.9288888889,0.2086330935,0.1474820144,0.3426449398,0.6225895444,0.5804837122,0.562725453,0.7245594678,3.223559943,0.988034188,0.5413526547,0.7897435897,3.610146336,0.9914529915,0.2752243544,0.6256410256,0.6973217701,0.8222222222,3.016124432,0.9777777778,1.42780106,0.8991452991,-0.5819224079,0.3982905983,2.421002033,0.8888888889,2.545746941,0.9401709402,-0.5831814421,0.3863247863,0.6471365164,-0.02454697204,0.6441182434,-0.02152869897,True,0.5613168091,0.01916690316,0.5609873071,0.01949640516,True,0.5809102565,-0.01818480346,0.579969284,-0.01724383097,True,0.7949135105,-0.07035404262,0.7909769237,-0.06641745585,True
5350121.00,5350121.00,2021S05075350121.00,121,2021,0.2135007849,0.3218210361,1.8,0.7588424437,0.0991869919,0.4298245614,0.4429065744,0.8579545455,0.5906432749,10702.8,0.8553791887,0.2878535774,0.1983333333,0.3426401777,0.6759830647,0.5637904735,0.5815721693,0.8825865512,3.448168855,0.9982905983,1.732823643,0.9452991453,2.865293213,0.9401709402,3.009596553,0.8957264957,1.324688499,0.9128205128,3.503345729,0.9965811966,1.243964285,0.8495726496,2.140526473,0.9076923077,3.815520915,0.9931623932,1.995597219,0.8666666667,1.831753741,0.9162393162,0.6748798805,0.001103184194,0.6656611196,0.01032194507,True,0.5609147284,0.002875745155,0.5443092017,0.01948127182,True,0.6145465212,-0.03297435191,0.6028577219,-0.02128555263,True,0.8592472396,0.0233393116,0.8514096194,0.03117693182,True
5350122.00,5350122.00,2021S05075350122.00,122,2021,0.2201612903,0.2741935484,1.8,0.7171145686,0.0943548387,0.6054519369,0.5808580858,0.8413391557,0.2869440459,11613,0.9139194139,0.276,0.2248,0.4298645916,0.59505507,0.4524007964,0.5106198028,0.8221446108,3.261954584,0.9897435897,0.9591866722,0.8735042735,2.886379772,0.9418803419,2.38647497,0.8666666667,0.7585368724,0.8393162393,3.33822067,0.9931623932,0.874421681,0.7504273504,1.249624145,0.8222222222,3.319598586,0.9709401709,1.388081456,0.7829059829,0.59507401,0.7521367521,0.6554174913,-0.06036242129,0.6565866736,-0.06153160363,True,0.5488414147,-0.0964406183,0.5492751107,-0.09687431432,True,0.5992292934,-0.08860949059,0.5998163397,-0.0891965369,True,0.8236522375,-0.001507626674,0.8247994604,-0.002654849599,True
5350123.00,5350123.00,2021S05075350123.00,123,2021,0.3578947368,0.1494736842,1.6,0.573964497,0.1415929204,0.9714285714,0.4383561644,0.9892857143,0.0214285714,31693.3,0.7202797203,0.3783185841,0.435840708,0.4286010537,0.5765175883,0.4532696974,0.438808417,0.8374746504,1.318797222,0.7145299145,-0.8005104329,0.1504273504,0.2410977174,0.5692307692,3.466638942,0.9179487179,-0.7909734542,0.158974359,1.755089167,0.7829059829,-2.113246946,0.08547008547,1.119717831,0.7965811966,2.343274429,0.8820512821,-2.581884304,0.0905982906,-0.1937490485,0.5008547009,0.5566369828,0.01988060554,0.5519854684,0.02453211985,True,0.4205345946,0.03273510279,0.4187948106,0.03447488688,True,0.5189337568,-0.08012533976,0.5189284012,-0.08011998414,True,0.7444453297,0.09302932067,0.7416998896,0.09577476075,True
5350124.00,5350124.00,2021S05075350124.00,124,2021,0.1943942134,0.3191681736,1.7,0.6801405975,0.1023255814,0.676056338,0.5596868885,0.8953125,0.2754303599,10027.2,0.8356713427,0.3266666667,0.2245480495,0.4035910141,0.6046259674,0.4406316181,0.4933404758,0.8799058082,2.913993709,0.9760683761,1.648455739,0.9333333333,2.426206128,0.8786324786,2.782863005,0.8837606838,1.439995434,0.935042735,3.014101814,0.9760683761,1.297334669,0.8598290598,2.226178248,0.9162393162,3.159231507,0.958974359,1.567399896,0.8,1.566477178,0.8957264957,0.6543237143,-0.04969774687,0.6510865837,-0.04646061629,True,0.5408691389,-0.1002375208,0.5435988393,-0.1029672212,True,0.6000307046,-0.1066902288,0.603781363,-0.1104408872,True,0.8321738164,0.04773199179,0.8353147972,0.04459101104,True
5350125.00,5350125.00,2021S05075350125.00,125,2021,0.1512309496,0.184056272,2.8,0.8669950739,0.0574443142,0.1812297735,0.7604290822,0.2337662338,0,3812.2,0.9289026275,0.181299886,0.1651480638,0.04444005775,0.6259659563,0.5492922812,0.5715234004,0.7570821873,2.716007567,0.9606837607,0.1286054237,0.6581196581,3.572447686,0.9897435897,-1.282569609,0.2786324786,0.4540114703,0.7384615385,2.296635883,0.8991452991,1.380467311,0.8888888889,-2.168253415,0.04444444444,1.485756105,0.7794871795,3.0982717,0.9692307692,-1.117969452,0.1794871795,0.6221097276,0.003856228686,0.6225078011,0.003458155224,True,0.5424941935,0.006798087654,0.5376399041,0.01165237704,True,0.5458915762,0.02563182421,0.5428156513,0.02870774902,True,0.7664447685,-0.009362581168,0.7634136253,-0.006331437978,True
5350126.00,5350126.00,2021S05075350126.00,126,2021,0.1572629052,0.1632653061,2.5,0.7416481069,0.0587529976,0.3020527859,0.7417380661,0.2694610778,0.0381231672,2873.1,0.9607535322,0.2289017341,0.2395833333,0.1660726304,0.647973782,0.5820062179,0.5727050998,0.7892100284,2.463710052,0.9213675214,-0.1627168031,0.4991452991,3.15661764,0.9709401709,-1.080945248,0.3367521368,-0.01447768277,0.5367521368,2.155375423,0.8717948718,1.01243302,0.8034188034,-1.986065406,0.07008547009,1.402567082,0.758974359,2.391823769,0.9247863248,-1.301398481,0.1179487179,0.6082458133,0.03972796866,0.6076206531,0.0403531289,True,0.519658192,0.06234802588,0.5158593033,0.06614691451,True,0.5391627199,0.03354237989,0.5384878633,0.03421723642,True,0.7545384746,0.03467155382,0.7522597448,0.03695028365,True
5350127.00,5350127.00,2021S05075350127.00,127,2021,0.1663516068,0.145557656,2.5,0.7451669596,0.0566572238,0.3365155131,0.6965944272,0.3176470588,0.0262529833,7147.9,0.8832923833,0.2551119766,0.264849075,0.1664638878,0.6597166755,0.5721549526,0.5900655176,0.8169295562,2.134201676,0.864957265,-0.2651030151,0.4427350427,2.656492312,0.9230769231,-0.7187703373,0.4085470085,-0.08348201651,0.4974358974,1.887025315,0.8239316239,0.5864987621,0.6581196581,-1.713110506,0.1179487179,1.314837495,0.7384615385,1.815121232,0.8393162393,-1.094989092,0.1846153846,0.5947338481,0.06498282741,0.5947443583,0.06497231718,True,0.499753918,0.0724010346,0.5007621018,0.07139285078,True,0.5284723953,0.06159312229,0.5303971465,0.05966837113,True,0.7484274785,0.06850207776,0.7487357631,0.0681937931,True
5350128.02,5350128.02,2021S05075350128.02,128.02,2021,0.3754956384,0.1407613006,1.8,0.7301587302,0.1542553191,0.6736765772,0.3364806867,0.9195652174,0.5250181291,24312.7,0.6723290121,0.4106260297,0.478583196,0.4768059138,0.6312156054,0.4963076156,0.4982709648,0.8990682359,1.38815709,0.7282051282,-0.558805394,0.264957265,0.1314605235,0.5538461538,3.780115975,0.9367521368,-0.7608357011,0.1692307692,1.784425711,0.7948717949,-2.271025987,0.0735042735,1.286388264,0.8324786325,2.718745046,0.9247863248,-2.309007101,0.1128205128,0.5183803143,0.7264957265,0.5631186664,0.06809693898,0.560157948,0.07105765739,True,0.4188618539,0.07744576167,0.4182926993,0.07801491632,True,0.5195696222,-0.02129865748,0.5213021963,-0.02303123157,True,0.7668275537,0.1322406822,0.7626735162,0.1363947197,True
5350128.04,5350128.04,2021S05075350128.04,128.04,2021,0.2631027254,0.2243186583,1.6,0.6661264182,0.1638297872,0.5742904841,0.5426105717,0.9642248722,0.510851419,29456.8,0.8607888631,0.3933747412,0.373319545,0.4312207325,0.6697420672,0.4931575946,0.5721329391,0.9439356679,2.392247928,0.905982906,1.173029045,0.905982906,1.471718921,0.747008547,3.775405472,0.935042735,1.10776993,0.8974358974,2.673816082,0.9555555556,0.1743095966,0.5213675214,2.815536428,0.9538461538,3.188039706,0.9623931624,-0.03051249552,0.4752136752,1.541764632,0.8923076923,0.627752151,0.0419899162,0.6322089117,0.03753315552,True,0.5029492223,-0.009791627699,0.5041258348,-0.01096824026,True,0.5826450285,-0.01051208934,0.5872993937,-0.01516645453,True,0.8163034836,0.1276321844,0.8150021773,0.1289334906,True
5350128.05,5350128.05,2021S05075350128.05,128.05,2021,0.3022222222,0.2755555556,2,0.7575757576,0.0994764398,0.5408163265,0.4693877551,0.7216494845,0.4387755102,6205.9,0.7009803922,0.2475728155,0.2961165049,0.4311882067,0.6281006712,0.5227916943,0.4909561155,0.870554204,2.450983085,0.9162393162,0.4617712553,0.7726495726,1.855377456,0.8051282051,2.501331112,0.8717948718,0.1996355458,0.652991453,2.575918171,0.9401709402,-0.1328346692,0.4017094017,1.01180661,0.7743589744,2.901842157,0.9418803419,0.3552575268,0.5623931624,0.5826002277,0.747008547,0.61810737,0.009993301156,0.6210457975,0.007054873716,True,0.4966824708,0.02610922349,0.5007374521,0.02205424218,True,0.5634340537,-0.07247793824,0.5721123376,-0.08115622215,True,0.8004421862,0.0701120178,0.8012473215,0.06930688249,True
5350128.06,5350128.06,2021S05075350128.06,128.06,2021,0.3757700205,0.1026694045,1.7,0.7050561798,0.1509240246,0.9023090586,0.365532382,0.9930191972,0.1154529307,56759.9,0.6152073733,0.4693446089,0.532769556,0.4312312779,0.6230345194,0.5063465313,0.5057609034,0.8569961236,0.943337475,0.652991453,-0.7489804517,0.1606837607,-0.5527043547,0.4393162393,4.778515819,0.9811965812,-0.3763354795,0.3367521368,1.4955022,0.7418803419,-2.941321521,0.04273504274,2.024323201,0.8991452991,2.539809267,0.9025641026,-3.682114103,0.04102564103,0.435938321,0.6974358974,0.5440197075,0.07901481188,0.5374841323,0.08555038713,True,0.4024227376,0.1039237937,0.3990698933,0.107276638,True,0.5092578721,-0.003496968764,0.516635864,-0.01087496061,True,0.7464033734,0.1105927502,0.7463362496,0.1106598739,True
5350129.00,5350129.00,2021S05075350129.00,129,2021,0.2453498671,0.1612046058,2.2,0.7286585366,0.0808170515,0.5623762376,0.6045454545,0.6432748538,0.1742574257,6083.7,0.8857758621,0.251975417,0.2221246708,0.4006109438,0.5537826306,0.46177664,0.4636846066,0.7358866451,2.611014604,0.9504273504,-0.5262468556,0.2837606838,2.540689754,0.9025641026,0.8967909762,0.7333333333,-0.6602057177,0.2102564103,2.612259007,0.947008547,-0.2588795612,0.3487179487,-0.8856112056,0.3111111111,2.375966081,0.8854700855,0.593598246,0.6273504274,-1.004700233,0.2153846154,0.6075235699,-0.05374093933,0.6103188723,-0.05653624168,True,0.5015053541,-0.0397287141,0.5038813994,-0.04210475939,True,0.5495755675,-0.08589096095,0.550222792,-0.08653818541,True,0.7685225781,-0.032635933,0.76824344,-0.03235679492,True
5350130.00,5350130.00,2021S05075350130.00,130,2021,0.2086438152,0.2011922504,2.7,0.7238372093,0.0736842105,0.310483871,0.6382660688,0.312,0.0201612903,2623.1,0.8780036969,0.2666666667,0.2362318841,0.08617411075,0.5842492378,0.5036794171,0.4750545254,0.7740137709,1.873411948,0.8205128205,-0.178118731,0.4923076923,2.42575258,0.8769230769,-0.9131753838,0.3641025641,-0.05671472978,0.5128205128,1.591385757,0.7538461538,0.6213296341,0.6717948718,-1.882306093,0.08547008547,1.075053516,0.694017094,1.91950952,0.852991453,-0.9960414159,0.2188034188,0.5868158668,-0.002566628955,0.5860354784,-0.001786240633,True,0.4881019996,0.01557741758,0.488592438,0.01508697918,True,0.5181173993,-0.04306287389,0.5170558846,-0.04200135923,True,0.7435280592,0.03048571167,0.743059645,0.03095412585,True
5350131.00,5350131.00,2021S05075350131.00,131,2021,0.1986692015,0.2357414449,2.3,0.7046332046,0.0902184236,0.4295154185,0.6441717791,0.6030042918,0.2577092511,5034.5,0.8617511521,0.2573964497,0.2191510365,0.2470684516,0.5816438944,0.4944908158,0.5164913069,0.7339495606,2.44068056,0.9128205128,0.6602398697,0.8188034188,2.523423612,0.8991452991,0.7191720247,0.7128205128,0.5694012356,0.7897435897,2.335672122,0.9042735043,1.020619977,0.8085470085,0.09443093243,0.5709401709,2.097544605,0.8598290598,1.853164315,0.8444444444,0.1892940426,0.641025641,0.6210169907,-0.0393730963,0.6211053629,-0.03946146851,True,0.5152833681,-0.02079255235,0.5140541565,-0.01956334065,True,0.5601521714,-0.04366086448,0.5622394447,-0.04574813774,True,0.7872650506,-0.05331549001,0.786746395,-0.05279683435,True
5350132.00,5350132.00,2021S05075350132.00,132,2021,0.1990654206,0.1663551402,2.7,0.6612903226,0.0768509841,0.475,0.7256908905,0.5572139303,0.0725,5786.3,0.8386714116,0.3521400778,0.2619279455,0.2250275747,0.5637090157,0.4848293242,0.5114366392,0.6948610837,1.308748277,0.7111111111,-0.08200038808,0.5418803419,1.62531535,0.7675213675,-0.4312155126,0.4786324786,-0.02843165129,0.5282051282,1.172508046,0.6905982906,0.4780387754,0.6170940171,-0.8681021403,0.3213675214,0.7952609989,0.6512820513,1.160547961,0.7521367521,-0.5372689258,0.4017094017,0.5681480852,-0.004439069516,0.5738238755,-0.01011485982,True,0.4571912694,0.02763805487,0.4666232507,0.01820607354,True,0.5107218311,0.0007148081433,0.5182638079,-0.006827168653,True,0.7327986414,-0.03793755773,0.7447738738,-0.04991279011,True
5350133.00,5350133.00,2021S05075350133.00,133,2021,0.196189132,0.2166549047,2.2,0.5648267009,0.132183908,0.7569230769,0.6590909091,0.8117283951,0.1,10609.7,0.8127118644,0.4174825175,0.3410202655,0.3552608205,0.583521149,0.4480825101,0.52850041,0.7739805268,1.144490945,0.6905982906,0.6709634719,0.8222222222,0.9029920593,0.6564102564,1.401734516,0.7982905983,0.7139861891,0.8273504274,1.233889777,0.6957264957,0.4396716204,0.5965811966,1.099240691,0.7914529915,1.265594181,0.7247863248,0.3597731703,0.5641025641,0.6909394707,0.7743589744,0.5746966106,0.008824538353,0.5745750719,0.008946077127,True,0.451227172,-0.003144661843,0.4498778737,-0.001795363568,True,0.5266361202,0.001864289824,0.5272753713,0.001225038659,True,0.7530455945,0.02093493231,0.752282363,0.02169816381,True
5350134.00,5350134.00,2021S05075350134.00,134,2021,0.1749571184,0.1578044597,2.8,0.7826086957,0.054290718,0.2836538462,0.6992481203,0.25,0.0096153846,6980.8,0.8886363636,0.2251308901,0.2160278746,0.07796866237,0.6105289993,0.5449262855,0.5148102994,0.7718504129,2.140553921,0.8666666667,-0.3426909328,0.388034188,2.824838645,0.9367521368,-1.176824471,0.3111111111,-0.1067742608,0.4854700855,1.812928721,0.8034188034,0.6568112991,0.6820512821,-2.239215354,0.0358974359,1.156052572,0.7076923077,2.133913473,0.8888888889,-1.295643849,0.1196581197,0.5936797725,0.01684922678,0.592622244,0.01790675528,True,0.5028325799,0.0420937056,0.5034822002,0.04144408527,True,0.5229481628,-0.008137863388,0.521667155,-0.006856855626,True,0.7446132287,0.02723718423,0.7435763468,0.02827406617,True
5350135.00,5350135.00,2021S05075350135.00,135,2021,0.2706489676,0.1533923304,2,0.6923990499,0.1246312684,0.6757925072,0.5580670304,0.7113702624,0.1195965418,9469.4,0.7911504425,0.3380491437,0.368852459,0.5777729865,0.5832805418,0.4513500378,0.5269780271,0.7715135606,1.822676226,0.8068376068,-0.5630100114,0.2632478632,1.375964692,0.7401709402,1.910049178,0.8376068376,-0.4877033844,0.2752136752,1.999364118,0.8495726496,-0.9629410756,0.1931623932,-0.01008836184,0.547008547,2.084083104,0.8564102564,-0.8035703729,0.2820512821,-0.6915151836,0.3333333333,0.5786364829,0.004644058894,0.5802009511,0.003079590703,True,0.4610446651,-0.009694627265,0.4629014261,-0.01155138827,True,0.529576321,-0.002598293921,0.5312147713,-0.004236744192,True,0.7491519444,0.02236161617,0.749744808,0.02176875262,True
5350136.01,5350136.01,2021S05075350136.01,136.01,2021,0.3468685478,0.1101169993,1.7,0.6501798561,0.1687327824,0.8962472406,0.4082998661,0.9906213365,0.206401766,37849,0.7574827322,0.4359304572,0.4764971024,0.5070710555,0.5170416853,0.3846019799,0.491890492,0.674632584,1.350578806,0.7213675214,-0.7774096984,0.1555555556,0.1141479553,0.547008547,3.987639722,0.9504273504,-0.6663936643,0.2068376068,1.819518095,0.8068376068,-2.416439868,0.06666666667,1.338072974,0.8393162393,2.582068464,0.9145299145,-2.866396269,0.0735042735,0.03517443236,0.5914529915,0.5581587495,-0.04111706423,0.5624614939,-0.04541980863,True,0.4211900642,-0.03658808431,0.4233503886,-0.03874840871,True,0.5196715058,-0.02778101389,0.5223469502,-0.03045645823,True,0.7513277856,-0.07669520158,0.7560527777,-0.08142019367,True
5350136.02,5350136.02,2021S05075350136.02,136.02,2021,0.4244851259,0.1161327231,1.7,0.6712683348,0.1994202899,0.7395301328,0.2664974619,0.9941916747,0.6455566905,41599.2,0.6165079365,0.4618226601,0.5492610837,0.5072612126,0.5930331389,0.4131128876,0.4924842177,0.8735023112,0.8685525291,0.6376068376,-0.6373572277,0.2136752137,-0.869187699,0.3709401709,5.049237177,0.9897435897,-0.7259156434,0.1794871795,1.460014326,0.7333333333,-3.09891951,0.04102564103,2.338071861,0.9179487179,2.802521694,0.9299145299,-3.723560338,0.03931623932,0.9473392684,0.8085470085,0.5431812795,0.04985185941,0.5438759919,0.04915714705,True,0.3861844921,0.02692839547,0.3852865274,0.02782636021,True,0.5088921033,-0.01640788556,0.5102001679,-0.0177159502,True,0.759828469,0.1136738423,0.7550360301,0.1184662812,True
5350137.00,5350137.00,2021S05075350137.00,137,2021,0.2284887925,0.1930585683,2.1,0.6927939317,0.1179450072,0.5940740741,0.5966641395,0.642962963,0.1155555556,7565.1,0.8484065461,0.3357452967,0.3400868307,0.3954289047,0.5959936133,0.474727623,0.5503451146,0.7629081024,1.937976322,0.8273504274,0.04550044058,0.6102564103,1.774540189,0.7914529915,1.271602963,0.7863247863,0.1144159013,0.5965811966,1.968255046,0.8393162393,-0.03164898958,0.4427350427,-0.05515642295,0.5384615385,1.899900401,0.841025641,0.4320130897,0.5811965812,-0.2514794662,0.4820512821,0.5928267003,0.003166912998,0.5931879775,0.002805635774,True,0.4809544463,-0.006226823313,0.4802220639,-0.00549444087,True,0.5371998982,0.01314521641,0.5380637302,0.01228138435,True,0.7615651723,0.001342930027,0.7619671355,0.000940966896,True
5350138.00,5350138.00,2021S05075350138.00,138,2021,0.2093023256,0.2059800664,2.7,0.7892976589,0.0865224626,0.3114035088,0.6421232877,0.3480176211,0.0921052632,3117.6,0.9331941545,0.2336134454,0.2218487395,0.2140796494,0.5659415324,0.5026767637,0.4337789424,0.761368891,2.448705957,0.9145299145,-0.1573648315,0.505982906,2.924587558,0.947008547,-0.4299170945,0.4837606838,0.01142877458,0.5504273504,2.194085926,0.8854700855,0.6094855078,0.664957265,-1.803206339,0.09914529915,1.662588597,0.8136752137,1.947643897,0.8547008547,-1.137760079,0.1692307692,0.6077960069,-0.04185447452,0.607427125,-0.0414855926,True,0.5155099959,-0.01283323216,0.5161598974,-0.01348313369,True,0.5378609924,-0.10408205,0.5390441834,-0.105265241,True,0.7596409242,0.001727966808,0.7589838471,0.002385043971,True
5350139.01,5350139.01,2021S05075350139.01,139.01,2021,0.2094907407,0.1840277778,2.2,0.7379912664,0.0984936269,0.431122449,0.6083333333,0.6259541985,0.2933673469,5579.1,0.8630527817,0.2873563218,0.2827586207,0.1950254867,0.5891941043,0.4757629663,0.5510067622,0.7408125845,2.250668693,0.8923076923,0.3183598012,0.7247863248,2.244274064,0.8564102564,0.7572204649,0.7162393162,0.19192827,0.6444444444,2.162081108,0.8769230769,0.4637271513,0.6136752137,-0.2287408177,0.4957264957,2.055948894,0.8547008547,1.428349805,0.788034188,0.1197417785,0.6188034188,0.6085520762,-0.01935797194,0.6097390284,-0.02054492406,True,0.4982554445,-0.02249247824,0.5009747769,-0.02521181063,True,0.5468964231,0.004110339113,0.5471535696,0.003853192559,True,0.7808367338,-0.0400241493,0.7815469678,-0.04073438329,True
5350139.02,5350139.02,2021S05075350139.02,139.02,2021,0.1926229508,0.1557377049,2.8,0.7658730159,0.0532786885,0.2369942197,0.7181628392,0.2865168539,0.0289017341,4789,0.9385026738,0.2,0.2585170341,0.1951470957,0.6335928368,0.4947537471,0.5682918895,0.8377328737,2.306113853,0.8991452991,-0.5809396402,0.2512820513,3.001450131,0.9521367521,-1.222873872,0.2957264957,-0.3730461273,0.3435897436,2.005023917,0.852991453,0.5784711354,0.6564102564,-2.413998128,0.02222222222,1.255936283,0.7230769231,1.964516315,0.8564102564,-1.765260845,0.02222222222,0.5956823564,0.03791048038,0.601348385,0.03224445178,True,0.5067803297,-0.01202658256,0.5078277047,-0.01307395764,True,0.5270689458,0.04122294372,0.525076587,0.04321530252,True,0.7403084314,0.09742444229,0.7378399318,0.09989294187,True
5350140.00,5350140.00,2021S05075350140.00,140,2021,0.2051282051,0.1752136752,3,0.7826086957,0.0448717949,0.1602564103,0.7556053812,0.1538461538,0.0128205128,4092.7,0.9189189189,0.2075055188,0.1938325991,0.001729513726,0.546509493,0.5440257468,0.3707044972,0.724798235,2.076165899,0.8547008547,-0.452110914,0.3094017094,3.00169981,0.9538461538,-1.961896059,0.1367521368,-0.2415462764,0.4102564103,1.659340634,0.7623931624,0.9211194188,0.7726495726,-2.803454959,0.01025641026,0.8240076226,0.652991453,2.561236771,0.9418803419,-1.689907674,0.03247863248,0.5895621214,-0.04305262844,0.5903953904,-0.04388589743,True,0.5018978788,0.042127868,0.5017674045,0.04225834225,True,0.5164669675,-0.1457624703,0.5186792505,-0.1479747533,True,0.7344739555,-0.009675720488,0.7369687901,-0.01217055502,True
5350141.01,5350141.01,2021S05075350141.01,141.01,2021,0.1590656285,0.1446051168,2.7,0.7862903226,0.0522803115,0.2228739003,0.7440543601,0.2072072072,0.0469208211,8163.2,0.9597014925,0.2607296137,0.3036480687,0.1084397757,0.6180774489,0.5328692047,0.5650998428,0.7562632993,2.161945311,0.8735042735,-0.2816990921,0.4341880342,2.920861415,0.9452991453,-1.346017329,0.2717948718,-0.01177583941,0.5401709402,1.812362785,0.8017094017,0.8488480671,0.7401709402,-2.279720901,0.02905982906,1.084147407,0.6974358974,2.317101826,0.9128205128,-1.373450194,0.0905982906,0.5954548729,0.022622576,0.595465522,0.02261192693,True,0.5068343922,0.02603481246,0.5082140949,0.02465510976,True,0.5244801224,0.04061972039,0.5264382581,0.03866158469,True,0.743439284,0.01282401528,0.7444029887,0.01186031062,True
5350141.02,5350141.02,2021S05075350141.02,141.02,2021,0.1688172043,0.1333333333,2.9,0.8265524625,0.0473627557,0.152866242,0.741745283,0.1388888889,0,6767,0.9050359712,0.218061674,0.2235682819,0.1084769446,0.616829158,0.5212665183,0.5654308942,0.7637900615,2.208320434,0.8837606838,-0.5304004721,0.2803418803,3.056254937,0.9606837607,-1.604078233,0.2068376068,-0.17597904,0.4495726496,1.824486948,0.8085470085,0.7021549889,0.694017094,-2.702687011,0.01367521368,1.025317182,0.6837606838,2.301302502,0.9094017094,-1.721086255,0.02905982906,0.5930092955,0.02381986245,0.5895237887,0.02730536932,True,0.5083895608,0.01287695748,0.5090158495,0.01225066878,True,0.5203802068,0.04505068745,0.5206864185,0.04474447577,True,0.73742671,0.02636335147,0.7354257778,0.02836428364,True
5350142.00,5350142.00,2021S05075350142.00,142,2021,0.1663685152,0.1699463327,2.6,0.7879310345,0.0659439928,0.3363844394,0.6977186312,0.3517241379,0.0480549199,5354,0.9020979021,0.2611872146,0.2812785388,0.1290594538,0.6026421921,0.541796749,0.548557738,0.7175720893,2.150092673,0.8700854701,-0.02825372326,0.5709401709,2.696129182,0.9282051282,-0.7030478266,0.4205128205,0.1701961051,0.6290598291,1.86859558,0.8170940171,0.7723692632,0.7145299145,-1.668028828,0.1230769231,1.325936756,0.7401709402,2.100699796,0.8854700855,-0.8431547747,0.2717948718,0.5992172406,0.003424951489,0.6036875515,-0.001045359352,True,0.5049867155,0.03681003343,0.5069069955,0.03488975347,True,0.5299965551,0.01856118295,0.5299067791,0.01865095894,True,0.7546644669,-0.03709237755,0.7535646307,-0.03599254144,True
5350150.00,5350150.00,2021S05075350150.00,150,2021,0.1686460808,0.1698337292,2.7,0.7208237986,0.0570071259,0.2215189873,0.7939698492,0.2397476341,0.0126582278,3930.9,0.9493087558,0.2134292566,0.1548619448,0.05448146508,0.6359700536,0.5978607564,0.5522226757,0.7578267287,2.337066222,0.9025641026,-0.0916153467,0.5401709402,3.191792596,0.9726495726,-1.581774966,0.2239316239,0.07231572896,0.5760683761,1.971145816,0.8427350427,1.321628029,0.8700854701,-2.091911675,0.0547008547,1.10546018,0.7025641026,2.742164238,0.9538461538,-1.338464516,0.1094017094,0.6048775566,0.03109249701,0.6051687706,0.03080128303,True,0.5178757555,0.07998500087,0.5131759942,0.08468476218,True,0.5354688412,0.01675383448,0.5315629052,0.02065977046,True,0.7488587017,0.008968026956,0.7448649633,0.01296176535,True
5350151.00,5350151.00,2021S05075350151.00,151,2021,0.1914893617,0.1329787234,2.5,0.3941605839,0.189081225,0.6013071895,0.736248237,0.5822368421,0.0098039216,5879.8,0.8616462347,0.3921052632,0.4005270092,0.1365185908,0.6076064897,0.4415873051,0.5604187267,0.8208134373,-0.03620930101,0.4974358974,-0.02510689474,0.5726495726,0.1830303656,0.5623931624,-0.431071774,0.4803418803,0.1868315429,0.6427350427,-0.07076442111,0.4871794872,0.2630331228,0.5384615385,-0.2759275964,0.4769230769,-0.327285913,0.4547008547,0.2090783832,0.5213675214,-0.2299463259,0.4888888889,0.5208411186,0.08676537114,0.5186399598,0.08896652994,True,0.3958732216,0.04571408345,0.395306846,0.04628045907,True,0.4731914597,0.08722726697,0.4718217777,0.088596949,True,0.6932100132,0.1276034241,0.6894046376,0.1314087997,True
5350152.00,5350152.00,2021S05075350152.00,152,2021,0.1537634409,0.1387096774,2.6,0.6003937008,0.0537056928,0.1742857143,0.7283653846,0.2128851541,0.0171428571,5463.2,0.8926080893,0.2164599775,0.1758737317,0.1869487246,0.6692673566,0.5406781275,0.5796924998,0.8874314425,2.039957049,0.8427350427,-0.359241999,0.3777777778,2.772247627,0.9316239316,-1.423245836,0.2615384615,-0.2106188286,0.4273504274,1.762601976,0.7846153846,0.9831960827,0.788034188,-1.838501499,0.08888888889,0.944359165,0.6717948718,2.065329485,0.8769230769,-1.519647012,0.06324786325,0.5897976463,0.0794697103,0.5857862323,0.08348112432,True,0.496923675,0.04375445252,0.4950306641,0.04564746346,True,0.527390219,0.05230228086,0.5219120156,0.05778048425,True,0.7349636291,0.1524678134,0.7331207548,0.1543106877,True
5350153.00,5350153.00,2021S05075350153.00,153,2021,0.2511210762,0.1502242152,2.7,0.2649253731,0.1020179372,0.2492492492,0.718424102,0.2746268657,0.012012012,4790,0.8946666667,0.4464088398,0.4723451327,0.08860757877,0.5080613441,0.3301392919,0.4075030873,0.7865416531,-0.5714901121,0.4170940171,-0.7371439001,0.1658119658,0.05252729063,0.5333333333,-2.232806277,0.09572649573,-0.7671713162,0.1623931624,-0.7290512879,0.3914529915,0.3068575075,0.5538461538,-1.608844846,0.1418803419,-1.28217625,0.294017094,0.4187545079,0.5794871795,-1.413304821,0.08376068376,0.4898746257,0.01818671836,0.489229863,0.01883148112,True,0.3614114628,-0.03127217086,0.3623464469,-0.03220715494,True,0.4428509515,-0.03534786423,0.4429093491,-0.03540626175,True,0.6529835418,0.1335581114,0.6522193301,0.1343223231,True
5350154.00,5350154.00,2021S05075350154.00,154,2021,0.191283293,0.2421307506,2.2,0.2840236686,0.1050080775,0.2823741007,0.6878216123,0.6173285199,0.3902877698,2962,0.8492890995,0.4424489796,0.3001631321,0.1530926448,0.5938944844,0.4883012158,0.5733703534,0.720011884,0.5868121315,0.5846153846,1.16238161,0.9008547009,0.7287468366,0.6290598291,-0.2737391441,0.5196581197,0.7197383318,0.8307692308,0.5362148866,0.5897435897,1.755127962,0.9435897436,1.322752381,0.8376068376,0.3395890329,0.5743589744,1.681308365,0.8239316239,1.018256818,0.8222222222,0.5628107348,0.03108374959,0.5632992692,0.03059521524,True,0.4285463148,0.05975490098,0.4308591481,0.05744206768,True,0.5185803128,0.05479004059,0.5210186107,0.05235174275,True,0.7429258851,-0.02291400111,0.7460140187,-0.02600213469,True
5350155.00,5350155.00,2021S05075350155.00,155,2021,0.2256493506,0.1396103896,2.5,0.1891117479,0.209076175,0.4767932489,0.7881508079,0.5161290323,0,3816.1,0.8028455285,0.4881355932,0.5211505922,0.5160018524,0.3898480551,0.3044642053,0.3238136863,0.5412662738,-1.109479811,0.3264957265,-0.2319245933,0.4666666667,-0.9830535932,0.3367521368,-0.4396368571,0.4769230769,0.1072982463,0.588034188,-0.9859609061,0.3418803419,0.1268620619,0.5111111111,0.475579083,0.6615384615,-1.282635078,0.2905982906,-1.014820482,0.2427350427,-0.6872672176,0.335042735,0.4789230775,-0.08907502236,0.4792318117,-0.08938375655,True,0.3428921897,-0.03842798435,0.3439480986,-0.0394838933,True,0.4480739789,-0.1242602926,0.447535995,-0.1237223087,True,0.6467829482,-0.1055166744,0.6463699055,-0.1051036318,True
5350156.01,5350156.01,2021S05075350156.01,156.01,2021,0.2254385965,0.1807017544,2.5,0.1749174917,0.2440737489,0.7457264957,0.72760181,0.7598253275,0.0170940171,9451.2,0.7466666667,0.5403087479,0.7015437393,0.2722468919,0.4225804299,0.2875624015,0.420946228,0.5592326602,-2.004401093,0.1435897436,0.4262315908,0.7641025641,-2.180514205,0.1196581197,0.3034225075,0.6358974359,0.7574488611,0.8358974359,-1.823310856,0.1675213675,-0.01301183725,0.4495726496,1.497645731,0.8615384615,-1.661355017,0.2,-1.371000978,0.2034188034,0.7644892252,0.7897435897,0.4576944011,-0.03511397118,0.4587964828,-0.03621605288,True,0.3048239326,-0.01726153118,0.3074842129,-0.01992181143,True,0.4273806501,-0.006434422141,0.436602478,-0.01565624999,True,0.6489575594,-0.08972489917,0.6507508341,-0.09151817382,True
5350156.02,5350156.02,2021S05075350156.02,156.02,2021,0.2263814617,0.1639928699,2.6,0.2435897436,0.1298932384,0.4186046512,0.742481203,0.3896713615,0.0325581395,4783.8,0.8518518519,0.4634581105,0.371886121,0.278432181,0.4195981869,0.2853210894,0.4069144455,0.5665590257,-0.4114543876,0.4393162393,-0.3358922239,0.3931623932,-0.02672699714,0.5179487179,-1.27956881,0.2820512821,-0.318001281,0.3726495726,-0.4487911086,0.4324786325,0.449441277,0.6034188034,-0.5219930454,0.4205128205,-0.9048276395,0.3606837607,0.1245649156,0.505982906,-0.8963699839,0.2512820513,0.5022451885,-0.08264700161,0.5030946283,-0.08349644141,True,0.3723193976,-0.08699830821,0.3720010959,-0.08668000652,True,0.4610974239,-0.05418297838,0.4595040222,-0.05258957667,True,0.6672874188,-0.1007283931,0.6653386922,-0.09877966653,True
5350157.00,5350157.00,2021S05075350157.00,157,2021,0.2615101289,0.1178637201,2.6,0.2128378378,0.1546961326,0.5373134328,0.6936758893,0.6231884058,0.184079602,5896.7,0.7379310345,0.4888059701,0.6082089552,0.3398774832,0.4317852805,0.3319619494,0.369300145,0.5940937471,-1.453510715,0.252991453,-0.6307173416,0.2170940171,-1.499012066,0.252991453,-0.5606775596,0.4461538462,-0.6859738283,0.2,-1.317987881,0.2769230769,-0.5820235278,0.252991453,0.1338904065,0.5829059829,-1.32873149,0.2735042735,-1.396776669,0.1982905983,-0.4372048184,0.4358974359,0.4599927754,-0.02820749494,0.4638724982,-0.03208721768,True,0.3084507,0.02351124942,0.3112494572,0.02071249224,True,0.428154572,-0.05885442696,0.4346271227,-0.06532697773,True,0.6444294787,-0.05033573167,0.6466406099,-0.05254686283,True
5350158.00,5350158.00,2021S05075350158.00,158,2021,0.23723229,0.1993410214,2.3,0.2064896755,0.1824212272,0.5925925926,0.6434634975,0.7045454545,0.1925925926,4778.8,0.8140900196,0.5762987013,0.5364667747,0.380426994,0.419461491,0.2628395409,0.3931481205,0.6023968115,-0.9552033131,0.3555555556,0.3444363985,0.7452991453,-1.142367011,0.3145299145,0.3047559099,0.6376068376,0.2481413981,0.6786324786,-0.8002197714,0.3794871795,0.1930796407,0.5247863248,1.215866126,0.8153846154,-0.7073388271,0.3948717949,-0.7145846084,0.2991452991,0.5296471051,0.7333333333,0.4939802863,-0.0745187953,0.4940969146,-0.07463542359,True,0.3443226327,-0.08148309181,0.3444556759,-0.08161613498,True,0.4600404988,-0.06689237834,0.4582813578,-0.06513323732,True,0.6813475333,-0.07895072179,0.6809165159,-0.07851970439,True
5350159.01,5350159.01,2021S05075350159.01,159.01,2021,0.2353780314,0.1626248217,2.8,0.1792207792,0.1084165478,0.3251028807,0.7379844961,0.3937007874,0.0205761317,7118.8,0.7374784111,0.5243722304,0.4097633136,0.1826187393,0.4456949087,0.3070077679,0.3809751422,0.649101816,-1.341233403,0.2803418803,-0.2539416047,0.4547008547,-0.9369523514,0.3521367521,-1.703437027,0.1811965812,-0.2571723442,0.4,-1.384721865,0.2615384615,0.4537136752,0.6051282051,-0.2196140627,0.4991452991,-1.735721025,0.1829059829,-0.0952752677,0.4547008547,-0.5156890714,0.4085470085,0.4702457209,-0.02455081217,0.4693774921,-0.02368258342,True,0.3288397009,-0.02183193302,0.3296731389,-0.02266537101,True,0.4333968985,-0.05242175634,0.4332347656,-0.05225962341,True,0.6447736226,0.004328193433,0.6427523741,0.006349441862,True
5350159.02,5350159.02,2021S05075350159.02,159.02,2021,0.2404933196,0.1551901336,2.7,0.2047377327,0.0996916752,0.3223140496,0.711827957,0.4329608939,0.1074380165,8409.7,0.77125,0.4954314721,0.3543147208,0.1806576675,0.4485678708,0.3073681419,0.3998925141,0.6384429564,-0.8182329519,0.3760683761,-0.3069937615,0.4153846154,-0.4896089875,0.4478632479,-1.440117788,0.2581196581,-0.446295994,0.3008547009,-0.8482823541,0.3709401709,0.3984458577,0.5846153846,-0.2340099853,0.4923076923,-1.178914202,0.3111111111,0.03248683364,0.4905982906,-0.5417071015,0.4,0.4881304997,-0.03956262892,0.4873519536,-0.03878408277,True,0.3486114355,-0.04124329358,0.3481378786,-0.04076973672,True,0.4499230039,-0.05003048985,0.4496759326,-0.04978341847,True,0.6623603638,-0.02391740747,0.6616765486,-0.02323359221,True
5350160.00,5350160.00,2021S05075350160.00,160,2021,0.2206349206,0.1492063492,2.7,0.2291105121,0.0958466454,0.3127753304,0.7149917628,0.3896103896,0,4310.7,0.7681992337,0.5117370892,0.3573667712,0.1967427422,0.5562700821,0.4303489971,0.5069866608,0.7314745883,-0.8603844121,0.3692307692,-0.3593018281,0.3760683761,-0.4181978063,0.452991453,-1.720499948,0.1794871795,-0.4148904495,0.3162393162,-0.9329585246,0.3555555556,0.4454223243,0.6017094017,-0.5656255273,0.4051282051,-1.344975106,0.2683760684,0.1728828971,0.5162393162,-0.6998744001,0.3282051282,0.4857541614,0.0705159207,0.4843965676,0.07187351445,True,0.3496882001,0.08066079698,0.348825283,0.08152371411,True,0.4452516954,0.06173496539,0.4444453168,0.062541344,True,0.6569953051,0.0744792833,0.6556160416,0.07585854679,True
5350161.00,5350161.00,2021S05075350161.00,161,2021,0.2403776325,0.1503267974,2.7,0.2909090909,0.1111111111,0.3941747573,0.7109737249,0.4324853229,0.027184466,8486.4,0.7814977974,0.4893772894,0.4234432234,0.3020501777,0.5045463209,0.3655997446,0.4728740374,0.6751651808,-0.6773905629,0.4,-0.4896978774,0.2923076923,-0.4020197022,0.4564102564,-1.087162739,0.3333333333,-0.4265313225,0.3111111111,-0.6820172112,0.3982905983,0.06136309424,0.4888888889,-0.4477578534,0.441025641,-1.001639229,0.3418803419,-0.3268023437,0.3982905983,-0.8363075638,0.2735042735,0.4901641392,0.01438218172,0.4899191322,0.01462718871,True,0.355927635,0.009672109558,0.3553681503,0.01023159428,True,0.4504481055,0.02242593184,0.4506947842,0.02217925314,True,0.6604699366,0.01469524421,0.6609181561,0.01424702468,True
5350162.00,5350162.00,2021S05075350162.00,162,2021,0.2195876289,0.1896907216,2.5,0.3327171904,0.1111111111,0.4516971279,0.7040261153,0.4528795812,0.0287206266,8417.6,0.8132004981,0.4656964657,0.4386694387,0.4661159898,0.528226729,0.4543081019,0.506327725,0.62404436,-0.04644242196,0.4957264957,-0.1467753454,0.5128205128,0.1236658026,0.5521367521,-0.3709033654,0.494017094,-0.01860930638,0.5333333333,-0.01023348741,0.4957264957,0.3395819977,0.5675213675,0.05291595174,0.5606837607,-0.339268457,0.452991453,-0.1401421475,0.4461538462,-0.6927251748,0.3299145299,0.5184637638,0.009762965204,0.5167884992,0.01143822981,True,0.3910758393,0.06323226254,0.3907633419,0.06354475997,True,0.4782568329,0.02807089203,0.4768595778,0.02946814717,True,0.6838052108,-0.05976085077,0.6813103058,-0.05726594575,True
5350163.00,5350163.00,2021S05075350163.00,163,2021,0.211136891,0.1670533643,2.5,0.4610778443,0.1085180863,0.4712643678,0.701120797,0.5014326648,0.0201149425,9484.8,0.828125,0.3674911661,0.3297997644,0.3587571067,0.6113793672,0.4810255441,0.566901428,0.7862111293,0.7752018784,0.6256410256,-0.2202900362,0.4752136752,0.9690520092,0.6717948718,-0.1887347962,0.5401709402,-0.07988444031,0.5025641026,0.7609111659,0.6153846154,0.2895619906,0.5504273504,-0.3414860569,0.464957265,0.3927781091,0.5794871795,0.3015877305,0.5435897436,-0.7802883966,0.2974358974,0.5467235516,0.06465581558,0.5464428029,0.06493656427,True,0.4295011522,0.05152439191,0.4285511797,0.05247436445,True,0.4995762254,0.06732520263,0.4978638356,0.06903759245,True,0.7091138527,0.07709727665,0.7072342297,0.07897689963,True
5350164.00,5350164.00,2021S05075350164.00,164,2021,0.2173189009,0.1673605329,2.5,0.5273775216,0.0918964077,0.4115226337,0.7125220459,0.479338843,0.0102880658,9554.3,0.82395087,0.3943661972,0.3761391881,0.2145388208,0.6388001998,0.5079746904,0.5797258101,0.828700099,0.6648011319,0.6,-0.1246640447,0.5230769231,0.9512518491,0.6666666667,-0.5170780124,0.452991453,0.002539039667,0.5435897436,0.5763785233,0.5914529915,0.3943458206,0.5829059829,-0.5825104699,0.3965811966,0.2326693282,0.5418803419,0.6632855031,0.652991453,-0.5930717415,0.3811965812,0.5443431815,0.09445701828,0.5435007292,0.0952994706,True,0.4268502785,0.08112441191,0.4242332518,0.08374143859,True,0.4929250073,0.08680080284,0.4923221839,0.0874036262,True,0.7102742205,0.1184258784,0.7090491915,0.1196509074,True
5350165.00,5350165.00,2021S05075350165.00,165,2021,0.2187871581,0.1640903686,2.3,0.6421663443,0.1026252983,0.5,0.6913730255,0.5737704918,0.0243243243,8680.1,0.9037037037,0.3159117305,0.2845528455,0.4686975291,0.6027682403,0.4983939531,0.5436280805,0.7662826873,1.985071044,0.8358974359,-0.3223877362,0.4102564103,2.08583431,0.8341880342,0.5098457667,0.6666666667,-0.1597876922,0.4581196581,1.977110568,0.8444444444,0.144962662,0.5162393162,-0.6132015942,0.3863247863,1.579602762,0.7982905983,0.5351501435,0.6068376068,-1.092732339,0.1863247863,0.5884376727,0.01433056756,0.5849946024,0.01777363793,True,0.4843775177,0.01401643539,0.4826184539,0.01577549923,True,0.5351182117,0.008509868845,0.5314859963,0.01214208424,True,0.7431713294,0.02311135791,0.7392513393,0.02703134801,True
5350166.00,5350166.00,2021S05075350166.00,166,2021,0.1890547264,0.1766169154,2.5,0.67695962,0.0889724311,0.4650455927,0.7324675325,0.4923076923,0.094224924,5119.6,0.9016129032,0.2276621787,0.205630355,0.2290194211,0.6566906315,0.5892608402,0.5976343943,0.7831766598,2.202658967,0.8803418803,-0.03512045172,0.5675213675,2.56945367,0.9076923077,-0.2266355635,0.5333333333,0.03262798902,0.5555555556,2.044369756,0.8581196581,0.7389119956,0.7094017094,-1.017821046,0.2803418803,1.51741489,0.7863247863,1.637208351,0.8136752137,-0.8297798189,0.2803418803,0.6009894694,0.05570116208,0.6012665062,0.05542412532,True,0.5018146976,0.08744614258,0.4991979392,0.09006290105,True,0.540031008,0.0576033863,0.5408568744,0.05677751989,True,0.7557558637,0.02742079616,0.7559253002,0.0272513596,True
5350167.01,5350167.01,2021S05075350167.01,167.01,2021,0.2474437628,0.3844580777,1.5,0.7136929461,0.143776824,0.7993630573,0.5163398693,1,0.2197452229,18240.1,0.847826087,0.3347547974,0.2063829787,0.4702401931,0.6894926012,0.6349410975,0.5629179477,0.8706187584,3.285802163,0.9914529915,2.003328439,0.9675213675,2.472094525,0.8888888889,4.140382817,0.9555555556,1.950292484,0.9572649573,3.505655887,0.9982905983,1.17819376,0.8393162393,3.13515121,0.9658119658,3.851434474,0.9948717949,1.114841936,0.7418803419,1.916159675,0.9196581197,0.6735247974,0.01596780382,0.6748033374,0.01468926376,True,0.5617659788,0.07317511868,0.5606427521,0.07429834545,True,0.6212278726,-0.05830992488,0.6239201215,-0.06100217384,True,0.8522518606,0.01836689781,0.8505823055,0.02003645294,True
5350167.02,5350167.02,2021S05075350167.02,167.02,2021,0.3054830287,0.1470844212,2,0.5471428571,0.1340388007,0.8137082601,0.6300191205,0.84,0.0579964851,9552.7,0.7911200807,0.3937728938,0.4262144821,0.4669256766,0.6156460536,0.5147403644,0.5635103856,0.7686874107,0.9049419683,0.6444444444,-0.6992315594,0.1863247863,0.4548747547,0.5982905983,1.478523361,0.8102564103,-0.7618954688,0.1658119658,1.133231897,0.6871794872,-1.074224845,0.1709401709,0.1581534968,0.5931623932,1.239939158,0.7196581197,-1.313195603,0.2085470085,-0.6296372227,0.3709401709,0.5434643409,0.07218171272,0.5414991626,0.07414689102,True,0.412616521,0.1021238434,0.4105522104,0.104188154,True,0.502022354,0.06148803155,0.5019721495,0.06153823608,True,0.7195043275,0.0491830832,0.7178556741,0.05083173657,True
5350168.00,5350168.00,2021S05075350168.00,168,2021,0.2442680776,0.1948853616,2.2,0.4565217391,0.1665198238,0.62109375,0.6663542643,0.656920078,0.091796875,10033.6,0.8100734523,0.5057880677,0.5618878005,0.4993607183,0.5936436852,0.4634099918,0.5227082189,0.7948128448,0.02305522944,0.5128205128,0.1800575745,0.6752136752,-0.2212167378,0.4854700855,1.039676566,0.7606837607,0.4022996725,0.7196581197,0.1731169342,0.5316239316,-0.1107599777,0.4085470085,0.8835668431,0.7521367521,0.2351374115,0.5435897436,-0.7334812675,0.2923076923,0.08571461193,0.6,0.5263569156,0.06728676959,0.5260701482,0.06757353696,True,0.3938956477,0.06951434404,0.3943565699,0.06905342187,True,0.4858420297,0.03686618925,0.4840807705,0.03862744843,True,0.7039823474,0.09083049735,0.7035326293,0.09128021548,True
5350169.01,5350169.01,2021S05075350169.01,169.01,2021,0.2482566248,0.1589958159,2.5,0.3981042654,0.1087866109,0.5018050542,0.6805970149,0.5915492958,0.0974729242,9486.9,0.7483552632,0.5368271955,0.56718529,0.3093237091,0.530464248,0.3923179526,0.3593998497,0.8396749419,-0.7302333107,0.3931623932,-0.2098866666,0.4786324786,-0.7318709833,0.4085470085,-0.2635789428,0.5213675214,-0.1836459817,0.4444444444,-0.6744394335,0.4017094017,-0.1917716594,0.3846153846,0.1500293476,0.5897435897,-0.688459832,0.3965811966,-0.604817081,0.3213675214,-0.1235062795,0.5333333333,0.4928917189,0.03757252912,0.4917256348,0.03873861319,True,0.3518220142,0.04049593835,0.3511213678,0.04119658473,True,0.4526096362,-0.09320978653,0.4513974761,-0.09199762644,True,0.6753386258,0.1643363161,0.6736399532,0.1660349887,True
5350169.02,5350169.02,2021S05075350169.02,169.02,2021,0.2317314022,0.1599736669,2.3,0.4756871036,0.1226912929,0.5863636364,0.6662087912,0.8648233487,0.3393939394,17350.4,0.792615868,0.5798045603,0.467752443,0.3091740298,0.6240028526,0.4426108929,0.5195169889,0.909880676,0.002518088177,0.5076923077,0.505405958,0.7811965812,-0.3750293745,0.4632478632,1.100794477,0.7692307692,0.3451618577,0.6974358974,0.1509621198,0.5282051282,0.06452619106,0.4923076923,1.510180543,0.864957265,0.4253270223,0.5829059829,-0.3440255194,0.3914529915,1.05376286,0.8290598291,0.5309957661,0.09300708645,0.5296688913,0.09433396132,True,0.3868525381,0.05575835475,0.3847358581,0.05787503481,True,0.4913779676,0.02813902128,0.4913925338,0.02812445507,True,0.7250639696,0.1848167064,0.7220714384,0.1878092377,True
5350170.00,5350170.00,2021S05075350170.00,170,2021,0.2599118943,0.1732745962,2.7,0.2857142857,0.1013215859,0.3665338645,0.7089783282,0.3320158103,0.0199203187,3365.3,0.7817869416,0.528189911,0.4622222222,0.3047556392,0.5212548383,0.3358364125,0.4707752263,0.7571528761,-0.9148399995,0.3641025641,-0.5580893853,0.2683760684,-0.5482015582,0.441025641,-1.486255247,0.2495726496,-0.5474696866,0.2615384615,-0.9577003108,0.3504273504,0.08986767256,0.4957264957,-0.7826611161,0.3435897436,-1.309208289,0.2803418803,-0.2453357868,0.4136752137,-0.9883221049,0.2222222222,0.4805162357,0.0407386026,0.4796912453,0.04156359304,True,0.3442645783,-0.008428165826,0.3451680131,-0.00933160059,True,0.4394646927,0.0313105336,0.4375547414,0.03322048483,True,0.6503577501,0.106795126,0.6499730347,0.1071798414,True
5350171.00,5350171.00,2021S05075350171.00,171,2021,0.2273307791,0.1979565773,2.5,0.1619537275,0.1744340879,0.5709459459,0.7638691323,0.6409395973,0.0912162162,6416.4,0.7183544304,0.5383561644,0.5616438356,0.3372822431,0.5154044739,0.359100862,0.4913829293,0.6957296304,-1.564010862,0.2273504274,0.4422964491,0.7658119658,-1.573011608,0.2444444444,-0.2453762606,0.5247863248,0.5367172018,0.7760683761,-1.436305556,0.252991453,0.5095953499,0.6341880342,1.400932832,0.8478632479,-1.479831797,0.2341880342,-0.7031383152,0.3042735043,0.5099361136,0.7247863248,0.4737577309,0.04164674301,0.4724419444,0.04296252954,True,0.3240297905,0.03507107146,0.3222743782,0.03682648379,True,0.4440784983,0.04730443106,0.4424672046,0.04891572468,True,0.6582314519,0.03749817855,0.6560159855,0.0397136449,True
5350172.00,5350172.00,2021S05075350172.00,172,2021,0.2395209581,0.123752495,2.3,0.1987179487,0.1896207585,0.7899543379,0.6211812627,0.7880184332,0.0136986301,2075.4,0.7625,0.4980842912,0.6724137931,0.3812050447,0.3806318446,0.2923151677,0.3315735293,0.5180068368,-1.415627406,0.2615384615,-0.5891257441,0.2478632479,-1.654182485,0.2290598291,0.139853344,0.5982905983,-0.589107069,0.2427350427,-1.20328193,0.305982906,-0.909789772,0.1982905983,0.3250303564,0.6256410256,-1.082260284,0.3299145299,-1.841449242,0.1538461538,-0.2267785484,0.4923076923,0.4620389416,-0.08140709703,0.4639283369,-0.08329649227,True,0.3090954091,-0.01678024148,0.3089415374,-0.01662636979,True,0.4300666322,-0.09849310281,0.4309975739,-0.09942404456,True,0.649674983,-0.1316681461,0.6542806699,-0.136273833,True
5350173.00,5350173.00,2021S05075350173.00,173,2021,0.2395543175,0.1239554318,2.6,0.2251184834,0.1910739191,0.5379061372,0.7162162162,0.6285714286,0.0252707581,6035,0.8096085409,0.5244755245,0.7426573427,0.1515072427,0.3918244237,0.2417487828,0.3654271215,0.568297367,-1.87470525,0.1675213675,-0.3513736147,0.3846153846,-1.742390625,0.2068376068,-0.9553604249,0.3555555556,-0.1779973149,0.4478632479,-1.830081844,0.1658119658,-0.3174137895,0.3247863248,-0.1091037195,0.5230769231,-1.872562153,0.1555555556,-1.033085096,0.2376068376,-0.2038610569,0.4957264957,0.449498932,-0.0576745083,0.449840377,-0.05801595331,True,0.300758001,-0.05900921825,0.3019428935,-0.06019411073,True,0.41254507,-0.04711794857,0.4121044437,-0.04667732222,True,0.6347286058,-0.06643123886,0.6363614639,-0.06806409696,True
5350174.00,5350174.00,2021S05075350174.00,174,2021,0.2300070771,0.1740976645,2.6,0.213740458,0.1244444444,0.5169172932,0.7270624518,0.7958015267,0.3872180451,6705.9,0.7805724198,0.5705882353,0.7477941176,0.2334779982,0.4591425444,0.3422257644,0.3791342657,0.6560676031,-1.667041568,0.2102564103,0.3490464127,0.7487179487,-1.743320266,0.2051282051,-0.5110725242,0.4564102564,0.04927783066,0.5641025641,-1.571326807,0.2273504274,0.3112386386,0.5572649573,1.162687585,0.8068376068,-1.431495492,0.2547008547,-0.5188504496,0.347008547,0.8547853921,0.8,0.4685210381,-0.009378493711,0.4696623163,-0.01051977189,True,0.3076787278,0.03454703659,0.3096226608,0.03260310364,True,0.4361192363,-0.0569849706,0.441960295,-0.06282602933,True,0.6656318504,-0.009564247254,0.6679634123,-0.01189580915,True
5350175.01,5350175.01,2021S05075350175.01,175.01,2021,0.2323825503,0.1661073826,2.5,0.1815431165,0.209019948,0.5864978903,0.7336492891,0.7872340426,0.2215189873,7542.4,0.7442827443,0.4982238011,0.6918294849,0.1809922142,0.4760432314,0.3277051054,0.5098808647,0.5905437242,-1.77189172,0.188034188,0.4469679087,0.7675213675,-1.905200864,0.1777777778,-0.04519291862,0.5658119658,0.4876056911,0.7555555556,-1.635610922,0.2153846154,0.200823937,0.5282051282,1.448583875,0.8547008547,-1.476578868,0.2358974359,-0.878111054,0.2632478632,0.8983189252,0.8051282051,0.4663777092,0.009665522182,0.4656923106,0.01035092076,True,0.3104044579,0.01730064746,0.3071436712,0.02056143421,True,0.4350827793,0.07479808539,0.4351713059,0.07470955875,True,0.6611071911,-0.07056346688,0.6594885457,-0.06894482146,True
5350175.02,5350175.02,2021S05075350175.02,175.02,2021,0.2647058824,0.1332179931,2.2,0.1886227545,0.2169648009,0.8278061224,0.5942295887,0.9030612245,0.1045918367,11996.1,0.7280638144,0.5354875938,0.7442263279,0.3576526972,0.4399773511,0.2969499371,0.4275473387,0.5954347776,-1.696752871,0.2017094017,-0.2642345092,0.4444444444,-2.24597161,0.1025641026,1.060444095,0.7658119658,-0.2107980344,0.4256410256,-1.378752158,0.264957265,-1.1006237,0.1675213675,1.347765897,0.841025641,-0.9619947209,0.347008547,-2.389422955,0.1111111111,0.4701131068,0.7111111111,0.4573222845,-0.01734493343,0.4560854304,-0.01610807934,True,0.2959864493,0.000963487837,0.2952801626,0.00166977458,True,0.4300635401,-0.002516201375,0.4295124278,-0.001965089146,True,0.655835077,-0.06040029939,0.6523354815,-0.05690070393,True
5350176.00,5350176.00,2021S05075350176.00,176,2021,0.2089201878,0.1690140845,2.6,0.3531827515,0.0895170789,0.2874617737,0.7657004831,0.3272727273,0.0366972477,4257.2,0.8653295129,0.3333333333,0.3899657925,0.05813204067,0.4885379236,0.4086858194,0.4738926245,0.5830353267,0.2461949138,0.5452991453,-0.219219419,0.4769230769,0.8817883749,0.652991453,-1.833061025,0.158974359,-0.2319352252,0.4136752137,0.05552192347,0.5094017094,0.8996729316,0.7606837607,-1.135513936,0.2478632479,-0.5575010578,0.4188034188,1.218485936,0.7641025641,-0.9636711895,0.2376068376,0.527764439,-0.03922651544,0.5265139133,-0.03797598968,True,0.4088967716,-0.0002109521651,0.4089285244,-0.0002427049766,True,0.4770913439,-0.00319871937,0.4764976564,-0.002605031878,True,0.6880883651,-0.1050530384,0.686686741,-0.1036514142,True
5350180.00,5350180.00,2021S05075350180.00,180,2021,0.2407120743,0.1137770898,2.3,0.4052369077,0.1700310559,0.724137931,0.6886326194,0.7005444646,0.0090744102,10527.9,0.8154875717,0.4378881988,0.4968944099,0.4569563955,0.5211781226,0.3766564925,0.4511403559,0.7357375193,-0.0526955063,0.494017094,-0.6102923444,0.2341880342,-0.2361212819,0.4820512821,0.6023266821,0.6923076923,-0.4146460069,0.3179487179,0.1189518143,0.5196581197,-0.7380480377,0.2273504274,0.0755893463,0.5658119658,0.06104953423,0.5042735043,-1.285102011,0.2102564103,-0.6813409205,0.3418803419,0.5105809898,0.01059713283,0.5106285841,0.01054953854,True,0.3785942786,-0.001937786091,0.3776254026,-0.0009689101076,True,0.4722020681,-0.02106171222,0.4729120582,-0.02177170232,True,0.6840816122,0.05165590717,0.6839439836,0.05179353572,True
5350181.01,5350181.01,2021S05075350181.01,181.01,2021,0.1872146119,0.1415525114,2.4,0.5518518519,0.0684931507,0.2136986301,0.6871980676,0.239010989,0.0246575342,7679.6,0.9151343706,0.2890888639,0.3622047244,0.3280625406,0.5991022441,0.4896808105,0.5222516056,0.7853743161,1.601512915,0.7726495726,-0.5672105043,0.2581196581,2.122966819,0.8376068376,-0.9641768,0.3521367521,-0.3865953371,0.3230769231,1.432250649,0.7282051282,0.4712020929,0.6153846154,-1.593538309,0.1504273504,0.7732355008,0.6478632479,1.154098311,0.7504273504,-1.648572909,0.03760683761,0.5706333996,0.0284688445,0.5678460065,0.03125623762,True,0.4698498521,0.01983095841,0.4696349517,0.02004585884,True,0.5136858397,0.008565765972,0.5127042727,0.009547332899,True,0.718975093,0.06639922308,0.717742206,0.06763211013,True
5350181.02,5350181.02,2021S05075350181.02,181.02,2021,0.1901408451,0.1845070423,2.3,0.4348894349,0.1257062147,0.4790996785,0.6828528073,0.4694533762,0.0064308682,5892.3,0.8625429553,0.3587896254,0.3804034582,0.3265348402,0.5935862881,0.479180623,0.5309502381,0.7706280031,0.8479979402,0.6324786325,0.03646340607,0.6,1.072445496,0.6905982906,-0.1658088679,0.5418803419,0.1814372389,0.6358974359,0.809777239,0.6239316239,0.5553545446,0.6427350427,-0.2486627139,0.4871794872,0.4321902737,0.5863247863,0.6104842782,0.6341880342,-0.5749702738,0.3897435897,0.5535771374,0.04000915071,0.5540043104,0.03958197773,True,0.4377342996,0.04144632344,0.4377299822,0.04145064079,True,0.5043686093,0.0265816288,0.50497382,0.02597641809,True,0.7158853445,0.05474265865,0.7172992845,0.05332871865,True
5350182.00,5350182.00,2021S05075350182.00,182,2021,0.1563367253,0.1415356152,2.5,0.5506134969,0.0712303423,0.1911421911,0.7446183953,0.203271028,0,7109.8,0.9422169811,0.2838589981,0.3163265306,0.1432504842,0.6077849394,0.5144051426,0.5680289856,0.7409206899,1.537178343,0.7572649573,-0.2628108994,0.4495726496,2.279764551,0.8581196581,-1.552075531,0.2324786325,-0.0667261009,0.5111111111,1.262942258,0.7025641026,1.005633219,0.8017094017,-1.741564265,0.1128205128,0.4884247883,0.5965811966,1.912513384,0.8495726496,-1.379247572,0.08717948718,0.5733550006,0.03442993879,0.5724751752,0.03530976418,True,0.4757554019,0.03864974072,0.4719138859,0.04249125676,True,0.5123261458,0.05570283975,0.5100684872,0.0579604984,True,0.7214711755,0.01944951438,0.7200504296,0.02087026026,True
5350183.01,5350183.01,2021S05075350183.01,183.01,2021,0.1863117871,0.1673003802,2.6,0.5089605735,0.0629770992,0.2512820513,0.7489711934,0.223880597,0.0102564103,5004.8,0.9002375297,0.2895752896,0.3036750484,0.1780771758,0.6089513331,0.5102091225,0.5629897479,0.7536551287,1.261234114,0.7025641026,-0.3413499311,0.3897435897,1.96109895,0.8153846154,-1.599844053,0.2102564103,-0.2389454145,0.411965812,1.021590967,0.664957265,0.9097892711,0.7641025641,-1.649698323,0.1282051282,0.2764834842,0.5555555556,1.641871638,0.8153846154,-1.414192015,0.08034188034,0.5621585303,0.04679280284,0.5607819973,0.04816933584,True,0.4588950457,0.05131407678,0.458012874,0.0521962485,True,0.5043526798,0.05863706816,0.5046883164,0.0583014315,True,0.7119645974,0.04169053131,0.7112416068,0.04241352191,True
5350183.02,5350183.02,2021S05075350183.02,183.02,2021,0.1672862454,0.1474597274,2.6,0.6074561404,0.0656753408,0.2006369427,0.740397351,0.219047619,0.0095541401,9425.4,0.9015873016,0.2983970407,0.2888888889,0.180547648,0.6332331306,0.5427852984,0.5623713191,0.7945427743,1.55899906,0.7641025641,-0.2361260791,0.464957265,2.226853152,0.852991453,-1.281830358,0.2803418803,0.01201532832,0.5521367521,1.303567058,0.705982906,0.8842962921,0.7572649573,-1.587124539,0.1538461538,0.6015682313,0.6153846154,1.765813599,0.8324786325,-1.274774021,0.1230769231,0.5745786642,0.05865446636,0.5749520269,0.05828110369,True,0.4768561233,0.0659291751,0.4766454019,0.06613989643,True,0.5135842227,0.04878709638,0.5144786329,0.04789268618,True,0.724562736,0.06998003828,0.7262240533,0.06831872103,True
5350184.01,5350184.01,2021S05075350184.01,184.01,2021,0.1788211788,0.2077922078,2.3,0.513464991,0.1568431568,0.5210643016,0.6951476793,0.5784753363,0.0576496674,10563.2,0.9028290283,0.3952333664,0.3640873016,0.3452391738,0.5907229289,0.437998741,0.552884001,0.7812860448,1.13363048,0.6888888889,0.593471379,0.8051282051,1.217566175,0.7145299145,0.6027283083,0.694017094,0.8605045946,0.8700854701,1.11968115,0.6820512821,0.8281521892,0.7299145299,0.4848264855,0.6632478632,0.8673503021,0.6581196581,0.8205275387,0.6769230769,0.07135619269,0.5948717949,0.5730266554,0.01769627348,0.5725899021,0.0181330268,True,0.4599838532,-0.02198511221,0.4593081671,-0.0213094261,True,0.5222424801,0.03064152092,0.5223545685,0.03052943251,True,0.7386227581,0.04266328665,0.7378731821,0.04341286268,True
5350184.02,5350184.02,2021S05075350184.02,184.02,2021,0.2027210884,0.1714285714,2.3,0.4617169374,0.1077762619,0.5046153846,0.7228571429,0.5465838509,0.0061538462,6589.5,0.8660130719,0.3846153846,0.3342503439,0.345822345,0.5241729316,0.4007003763,0.4679604389,0.7038579795,0.9528697174,0.6598290598,-0.05990147986,0.5504273504,1.156004027,0.7008547009,-0.158946039,0.5487179487,0.00457138699,0.5452991453,0.9326643025,0.6478632479,0.5090525406,0.6324786325,-0.2310682944,0.494017094,0.5384514396,0.6,0.5611790145,0.6153846154,-0.6406195702,0.3623931624,0.5557469612,-0.03157402955,0.5548789953,-0.03070606366,True,0.4391908521,-0.03849047579,0.4381033997,-0.03740302332,True,0.5079832673,-0.04002282838,0.5077337668,-0.0397733279,True,0.7177682086,-0.01391022911,0.7171182942,-0.01326031464,True
5350185.01,5350185.01,2021S05075350185.01,185.01,2021,0.2106803219,0.1631309437,2.1,0.4465558195,0.1463057791,0.7254601227,0.6581196581,0.7637195122,0.0383435583,13693.9,0.8305676856,0.4247787611,0.3286661754,0.4139303007,0.5405852032,0.43125382,0.4805197744,0.7099820151,0.8880699878,0.641025641,0.099327028,0.6376068376,0.6389628634,0.6188034188,1.208672515,0.7794871795,0.170699154,0.6307692308,1.041960124,0.6683760684,-0.01147058132,0.4512820513,0.8214743737,0.7299145299,0.9924944185,0.6752136752,-0.3537615362,0.3863247863,0.01601958389,0.5863247863,0.5560532862,-0.01546808296,0.5565825887,-0.01599738546,True,0.4306256243,0.0006281957063,0.4309941262,0.0002596938251,True,0.5141400972,-0.03362032282,0.5153307995,-0.03481102516,True,0.7296174132,-0.01963539811,0.7289991868,-0.01901717171,True
5350185.02,5350185.02,2021S05075350185.02,185.02,2021,0.2073027091,0.1896348645,2.1,0.4666666667,0.145631068,0.6386138614,0.7180124224,0.7067669173,0.1064356436,3553,0.8755186722,0.4167664671,0.3293413174,0.4162659908,0.556595248,0.3919027527,0.5316270557,0.7462559355,1.048086016,0.6769230769,0.3339543174,0.7384615385,0.9932179359,0.6752136752,0.6890054828,0.7042735043,0.3100173817,0.6923076923,1.117400774,0.6803418803,0.5484189829,0.641025641,0.613964734,0.6905982906,0.920313257,0.6666666667,0.3879064945,0.5743589744,0.01139018549,0.5846153846,0.5656700907,-0.009074842707,0.5659138939,-0.009318645938,True,0.4435545843,-0.05165183164,0.4438176787,-0.05191492602,True,0.5204220745,0.01120498115,0.5210563611,0.01057069461,True,0.735042696,0.01121323953,0.7347443283,0.01151160717,True
5350186.00,5350186.00,2021S05075350186.00,186,2021,0.1323529412,0.1890756303,2.6,0.7160493827,0.0607966457,0.3770491803,0.7073170732,0.3114754098,0.0382513661,1275,0.9423076923,0.1978947368,0.2442105263,0.1675367297,0.5792057721,0.5602707043,0.4639978304,0.7133487818,2.427831814,0.9111111111,0.04494205764,0.6085470085,3.097934267,0.9641025641,-0.9638843557,0.3538461538,0.181594008,0.6376068376,2.120607252,0.8666666667,1.144762249,0.8290598291,-1.785644874,0.1025641026,1.402278732,0.7572649573,2.50130623,0.9367521368,-1.024243787,0.2085470085,0.6103898151,-0.031184043,0.6096766202,-0.03047084807,True,0.5206699535,0.03960075077,0.5206091101,0.0396615942,True,0.5407804331,-0.07678260277,0.5417499227,-0.0777520923,True,0.7589235012,-0.04557471934,0.7587762919,-0.04542751009,True
5350187.00,5350187.00,2021S05075350187.00,187,2021,0.1657060519,0.1729106628,2.6,0.4785894207,0.0589928058,0.1849056604,0.7946026987,0.2134831461,0,2907.5,0.9693140794,0.2776978417,0.2676258993,0.174426518,0.6014126079,0.4802161542,0.5617412663,0.7622804031,1.513274824,0.7521367521,-0.2045396941,0.4820512821,2.379702017,0.8717948718,-1.976445043,0.135042735,-0.1313858654,0.4700854701,1.223005321,0.694017094,1.389545532,0.8923076923,-1.753108669,0.1111111111,0.2929405352,0.558974359,2.191368427,0.8974358974,-1.547320656,0.05641025641,0.5734603077,0.02795230018,0.5721582356,0.02925437232,True,0.4755504585,0.004665695748,0.4761920838,0.004024070449,True,0.5146526675,0.04708859881,0.5143035617,0.0474377046,True,0.7165374825,0.0457429206,0.714804619,0.04747578416,True
5350188.00,5350188.00,2021S05075350188.00,188,2021,0.1625615764,0.2192118227,2.6,0.51,0.0792079208,0.264516129,0.7642487047,0.2356687898,0.0129032258,3679.3,0.9049079755,0.2689486553,0.195599022,0.1299729006,0.6116351589,0.4762121353,0.550861385,0.8078319565,1.592907102,0.7709401709,0.3254810107,0.7299145299,2.330471715,0.8632478632,-1.37847778,0.2666666667,0.4497420061,0.7333333333,1.317179708,0.7076923077,1.623305703,0.9230769231,-1.072251482,0.2683760684,0.5398383893,0.6017094017,2.379591699,0.9230769231,-0.8293978306,0.2820512821,0.5850741844,0.02656097452,0.583497746,0.02813741292,True,0.4863433425,-0.01013120718,0.4859708347,-0.00975869938,True,0.5248667853,0.02599459965,0.524198139,0.026663246,True,0.7342888903,0.07354306621,0.7324868212,0.07534513538,True
5350189.00,5350189.00,2021S05075350189.00,189,2021,0.2024756852,0.2272325376,2.4,0.3224137931,0.1466165414,0.5844155844,0.7087857848,0.6799116998,0.0887445887,4612.2,0.8144989339,0.4054562559,0.4412041392,0.2577735995,0.575154647,0.4229809162,0.5212324947,0.78125053,0.02042155805,0.5111111111,0.590247929,0.8034188034,0.09446674023,0.5401709402,0.02257328398,0.5743589744,0.585442333,0.7948717949,0.0474940685,0.505982906,0.8527645144,0.7418803419,0.834010777,0.735042735,-0.1282768007,0.4803418803,0.4400711895,0.5863247863,0.3830788991,0.6871794872,0.5330398099,0.04211483706,0.5367686327,0.03838601431,True,0.4012288475,0.02175206872,0.4046976862,0.01828323,True,0.4907188984,0.03051359625,0.4936965225,0.02753597215,True,0.7087387909,0.07251173901,0.7149613538,0.06628917614,True
5350190.01,5350190.01,2021S05075350190.01,190.01,2021,0.2550960978,0.1170646476,2.6,0.5411167513,0.1840419336,0.6129032258,0.5681104834,0.9386503067,0.4393241167,21550.8,0.6749249249,0.6095571096,0.8474082702,0.258509303,0.5613995256,0.3768887762,0.5621153286,0.7451944722,-1.498717996,0.2393162393,0.2600203901,0.7076923077,-2.185965881,0.1179487179,1.604919667,0.8188034188,0.4084574513,0.7230769231,-1.276289914,0.2991452991,-1.154783336,0.1606837607,1.635858869,0.8752136752,-0.4793531214,0.4324786325,-1.829380448,0.1555555556,1.569042006,0.8974358974,0.4730882927,0.08831123288,0.4757966373,0.08560288835,True,0.311658763,0.0652300132,0.3125637408,0.06432503538,True,0.4349180792,0.1271972494,0.4358041352,0.1263111933,True,0.6889223364,0.05627213573,0.693292068,0.05190240417,True
5350190.02,5350190.02,2021S05075350190.02,190.02,2021,0.2242686891,0.1408450704,2.3,0.2932604736,0.1800433839,0.7052896725,0.6862068966,0.6852791878,0.0226700252,7933.9,0.8010752688,0.3856988082,0.4869848156,0.2568842002,0.5444723303,0.4018237027,0.5077485527,0.7238447354,-0.3261608256,0.4461538462,-0.2442344411,0.4598290598,-0.3882416886,0.4615384615,0.1504163397,0.6051282051,-0.1561385468,0.4615384615,-0.212207332,0.4735042735,-0.222739569,0.3623931624,0.270295782,0.6170940171,-0.3039574844,0.4564102564,-0.740712956,0.2905982906,-0.2505029196,0.4837606838,0.5068192976,0.03765303273,0.5069330263,0.03753930396,True,0.3711737075,0.03064999518,0.3715724334,0.03025126925,True,0.4679752656,0.03977328717,0.4695824068,0.03816614595,True,0.6838923476,0.03995238785,0.6824253099,0.04141942554,True
5350191.00,5350191.00,2021S05075350191.00,191,2021,0.1967963387,0.1601830664,2.5,0.3902439024,0.0949656751,0.3610315186,0.6699147381,0.3774647887,0.0601719198,5312.3,0.8732394366,0.3394706559,0.3774453395,0.1602431522,0.6004501391,0.450416034,0.5381788671,0.8127555164,0.5980847113,0.588034188,-0.3244670366,0.4085470085,1.033422487,0.6820512821,-1.156033275,0.3179487179,-0.3492050572,0.3538461538,0.4677289702,0.5811965812,0.497972856,0.6273504274,-1.066140035,0.2700854701,-0.008561229006,0.4957264957,0.8795700684,0.694017094,-0.9232837373,0.2478632479,0.5386486516,0.06180148753,0.5378811278,0.06256901132,True,0.4201655946,0.03025043938,0.4202413638,0.03017467019,True,0.4869245549,0.0512543122,0.4872829314,0.05089593563,True,0.7014232908,0.1113322256,0.7006427339,0.1121127825,True
5350192.00,5350192.00,2021S05075350192.00,192,2021,0.2071005917,0.2485207101,2,0.375,0.1834319527,0.6395348837,0.7218934911,0.6746987952,0.0813953488,918.2,0.9054054054,0.5,0.5202312139,0.1204891196,0.6104686685,0.5493337023,0.5334508766,0.7486214264,0.03485051668,0.5145299145,1.063290853,0.8871794872,0.100364218,0.5418803419,0.1863040488,0.611965812,1.04582109,0.8871794872,0.01674615257,0.5008547009,1.149369566,0.8307692308,0.9801004822,0.7675213675,-0.05758958753,0.4888888889,0.9081130787,0.7042735043,0.9607809878,0.8136752137,0.5413732651,0.06909540339,0.5377402063,0.07272846215,True,0.4089994481,0.1403342542,0.4058025069,0.1435311954,True,0.49364797,0.03980290667,0.4914001554,0.04205072129,True,0.7224686578,0.02615276866,0.7191115699,0.02950985658,True
5350193.00,5350193.00,2021S05075350193.00,193,2021,0.222392638,0.1518404908,3.2,0.4183976261,0.0949464012,0.3969849246,0.7025723473,0.309178744,0.0150753769,2357.4,0.8167330677,0.4021406728,0.4143730887,0.01564323119,0.6602192549,0.4862147792,0.692495248,0.8019477374,-0.6003740108,0.411965812,-0.7200012282,0.1760683761,0.06354651243,0.5367521368,-2.288635198,0.08547008547,-0.6595467845,0.2136752137,-0.8285797704,0.3726495726,0.1038456913,0.5008547009,-2.037612061,0.06495726496,-1.2958739,0.2871794872,0.6155486929,0.6376068376,-1.129657736,0.1743589744,0.4891217279,0.171097527,0.4849342642,0.1752849907,True,0.3628138989,0.1234008803,0.360274261,0.1259405182,True,0.4345957585,0.2578994895,0.4292776882,0.2632175598,True,0.657943962,0.1440037754,0.6555939527,0.1463537848,True
5350194.01,5350194.01,2021S05075350194.01,194.01,2021,0.2402555911,0.054313099,3.8,0.3511348465,0.2949456174,0.972972973,0.6809421842,1,0.0294840295,28849.1,0.6406406406,0.645659164,0.9247588424,0.2883304107,0.4712958189,0.3422119561,0.3416124491,0.7300630516,-3.906833357,0.001709401709,-0.6346851228,0.2153846154,-4.386128749,0.001709401709,0.6486345827,0.6991452991,0.2620583472,0.6837606838,-3.620795593,0.006837606838,-2.204080007,0.08205128205,0.8367367646,0.7384615385,-2.949891706,0.03418803419,-3.820135599,0.03247863248,0.6553990958,0.7692307692,0.3719204036,0.09937541532,0.3698252719,0.101470547,True,0.2033218931,0.1388900629,0.2008403783,0.1413715777,True,0.3440155136,-0.00240306454,0.3432275991,-0.001615150043,True,0.5841117246,0.145951327,0.578448632,0.1516144197,True
5350194.02,5350194.02,2021S05075350194.02,194.02,2021,0.2351694915,0.1694915254,3,0.410989011,0.228285078,0.99,0.6990521327,0.9966555184,0.01,15399.9,0.6676300578,0.6368653422,0.821192053,0.288169705,0.5086563142,0.313690607,0.3417875385,0.870490797,-2.532917626,0.0735042735,0.3165344465,0.7230769231,-2.967084708,0.02735042735,0.9618263325,0.7504273504,0.8018246872,0.8512820513,-2.311158199,0.09743589744,-0.895585418,0.2,1.48512809,0.8581196581,-1.76843115,0.1743589744,-2.157986716,0.1282051282,1.300990825,0.8666666667,0.436922721,0.07173359316,0.4362999878,0.07235632638,True,0.2763214866,0.03736912044,0.2751825515,0.03850805552,True,0.4032034577,-0.0614159192,0.3991782061,-0.05739066757,True,0.6439989723,0.2264918247,0.6408806915,0.2296101055,True
5350194.03,5350194.03,2021S05075350194.03,194.03,2021,0.2088724584,0.2033271719,2.4,0.4007092199,0.25,0.9957264957,0.697495183,1,0.0085470085,10791.4,0.7670588235,0.7109090909,0.8254545455,0.2883451973,0.421330806,0.2487157584,0.4064804493,0.6087962101,-2.028700039,0.1418803419,1.002794224,0.8786324786,-2.503061512,0.06153846154,1.402095444,0.8,1.404127536,0.9247863248,-1.814706797,0.1709401709,-0.2100302255,0.3726495726,2.116089916,0.905982906,-1.264612387,0.2974358974,-1.446332527,0.1931623932,1.901987045,0.9179487179,0.4663489941,-0.04501818809,0.4676869954,-0.04635618945,True,0.308806282,-0.06009052359,0.3086978416,-0.05998208314,True,0.4302644692,-0.02378401994,0.4248869096,-0.01840646028,True,0.6734061071,-0.06460989695,0.6734242745,-0.06462806432,True
5350194.04,5350194.04,2021S05075350194.04,194.04,2021,0.2296296296,0.1388888889,2.3,0.5588697017,0.1712962963,0.6144067797,0.5905905906,0.9622641509,0.593220339,2384.1,0.7789473684,0.5696913003,0.6635514019,0.2052345345,0.538926848,0.3780595596,0.4844270113,0.7542939732,-0.4596382787,0.4324786325,0.581206316,0.8,-0.9692068292,0.3401709402,1.146636152,0.7743589744,0.2398507461,0.6735042735,-0.3442430257,0.4478632479,-0.3420910439,0.3111111111,1.284412632,0.8307692308,0.2606848742,0.5487179487,-0.385640582,0.3829059829,1.734175408,0.9128205128,0.5156694738,0.02325737417,0.5138814237,0.02504542433,True,0.3594555598,0.01860399982,0.3598789745,0.01818058508,True,0.469985732,0.01444127926,0.4703077653,0.014119246,True,0.7277550985,0.0265388747,0.7297491916,0.02454478158,True
5350195.01,5350195.01,2021S05075350195.01,195.01,2021,0.1728813559,0.1423728814,2.7,0.6616052061,0.06271777,0.2834394904,0.7761377614,0.2310126582,0,4721,0.8954344624,0.2429906542,0.2526315789,0.0985828496,0.6467278714,0.5538419623,0.5991463119,0.7871953398,1.684017421,0.7846153846,-0.383384225,0.3641025641,2.443321765,0.8854700855,-1.582221553,0.2222222222,-0.1881707155,0.4393162393,1.380386737,0.7196581197,0.8321877089,0.7316239316,-2.073639158,0.05641025641,0.6212668302,0.6222222222,1.980245377,0.8632478632,-1.418139117,0.07863247863,0.5766303123,0.07009755906,0.5776157143,0.06911215705,True,0.4811656668,0.07267629549,0.477674185,0.07616777728,True,0.5120001866,0.0871461253,0.5089310124,0.0902152995,True,0.7256648463,0.06153049351,0.7225137319,0.06468160796,True
5350195.02,5350195.02,2021S05075350195.02,195.02,2021,0.1719077568,0.1509433962,2.5,0.7418032787,0.0504201681,0.1451612903,0.7089201878,0.3244680851,0.247311828,6305.2,0.8695652174,0.2505592841,0.2713004484,0.0960152533,0.59629248,0.4903602739,0.5338585301,0.7646586361,2.143482648,0.8683760684,0.1026540914,0.6393162393,2.662512336,0.9247863248,-0.8143184164,0.3811965812,0.1142908047,0.5931623932,1.865406847,0.8136752137,1.003356367,0.8,-1.258161447,0.2153846154,1.359761158,0.7487179487,2.304585033,0.9111111111,-0.5884257685,0.3846153846,0.6011430471,-0.004850567069,0.6049337241,-0.008641244124,True,0.5017613272,-0.01140105332,0.5037155254,-0.01335525148,True,0.5350968018,-0.00123827172,0.5340333795,-0.0001748494191,True,0.7607719055,0.003886730558,0.7607685022,0.003890133862,True
5350196.01,5350196.01,2021S05075350196.01,196.01,2021,0.1748071979,0.2133676093,2.5,0.7524271845,0.0515463918,0.2516129032,0.7637795276,0.3311688312,0.135483871,5145.7,0.9455128205,0.2315521628,0.2569974555,0.1017290359,0.6971920824,0.6327641259,0.65661229,0.8021998314,2.492530838,0.9230769231,0.3803756666,0.7521367521,3.13081836,0.9675213675,-0.8442133058,0.3760683761,0.4531388157,0.7367521368,2.179614884,0.8820512821,1.489623831,0.9111111111,-1.28211636,0.2085470085,1.512157839,0.7846153846,2.792965137,0.958974359,-0.6802313202,0.3452991453,0.618252933,0.07893914937,0.6155466878,0.08164539463,True,0.5267679517,0.1059961742,0.5255773633,0.1071867627,True,0.5496461614,0.1069661286,0.5452397863,0.1113725036,True,0.7692509705,0.03294886086,0.7690184646,0.03318136683,True
5350196.02,5350196.02,2021S05075350196.02,196.02,2021,0.1630824373,0.1926523297,2.5,0.7577854671,0.050678733,0.2946428571,0.7382246377,0.3400447427,0.0669642857,5044.8,0.9544937429,0.1855760774,0.1398416887,0.09668446728,0.5867856612,0.5211645578,0.5135972852,0.7255951407,2.897528486,0.9726495726,0.1440633832,0.6666666667,3.557156238,0.9863247863,-0.8261698467,0.3794871795,0.2104175918,0.6615384615,2.581707826,0.9435897436,1.341448597,0.8769230769,-1.625555453,0.135042735,1.836079515,0.8324786325,2.817636013,0.9623931624,-0.9883788656,0.2205128205,0.6288767408,-0.04209107957,0.6276304927,-0.04084483149,True,0.5427052001,-0.02154064231,0.5434278191,-0.02226326132,True,0.5585867667,-0.04498948152,0.5573601844,-0.04376289917,True,0.7755168969,-0.04992175621,0.7737457054,-0.04815056469,True
5350200.01,5350200.01,2021S05075350200.01,200.01,2021,0.2066189624,0.2236135957,1.9,0.3902798233,0.1612903226,0.6699507389,0.6338155515,0.9733333333,0.4006568144,10028.7,0.8335046249,0.5134899913,0.3972125436,0.2038924557,0.5984219114,0.4175893642,0.5996315041,0.7780448659,0.5315885204,0.5777777778,1.350127288,0.9162393162,0.06920016482,0.5384615385,1.620165905,0.8222222222,0.9816265316,0.8837606838,0.6839892198,0.6051282051,0.8803468641,0.7538461538,2.415449458,0.9282051282,1.0047739,0.6786324786,0.4911525963,0.5914529915,1.952915054,0.9213675214,0.5639317541,0.03449015731,0.5662707037,0.03215120771,True,0.4196138592,-0.00202449501,0.423805353,-0.006215988741,True,0.5228570854,0.07677441876,0.5226723795,0.07695912465,True,0.761508614,0.01653625189,0.7672788367,0.01076602924,True
5350200.02,5350200.02,2021S05075350200.02,200.02,2021,0.2619047619,0.1714285714,1.6,0.3382352941,0.1866028708,0.8625954198,0.58,0.875,0,7126.4,0.8219895288,0.4142857143,0.319047619,0.2195956444,0.5379399276,0.3727259006,0.4687328797,0.7723610024,0.7076959903,0.611965812,0.04726897728,0.611965812,0.265464984,0.5760683761,1.483051929,0.811965812,-0.1577599369,0.4598290598,0.923377153,0.6461538462,-0.3266959639,0.3230769231,0.9706783767,0.7623931624,1.067303742,0.6905982906,-0.6853954297,0.3111111111,0.3220004805,0.6735042735,0.5487226909,-0.01078276328,0.5467989686,-0.008859041024,True,0.4121616558,-0.03943575523,0.4120040724,-0.03927817179,True,0.5084040013,-0.0396711216,0.5060864496,-0.03735356991,True,0.7320408549,0.04032014747,0.7271997647,0.04516123768,True
5350201.00,5350201.00,2021S05075350201.00,201,2021,0.2547425474,0.1707317073,2,0.5640648012,0.1552680222,0.4908088235,0.5407554672,0.7111517367,0.3529411765,7267.9,0.8079748164,0.4092627599,0.3465533522,0.1450943212,0.5211230083,0.3586563087,0.4886718533,0.7160408629,1.089074446,0.6820512821,0.3315500792,0.735042735,0.7683404297,0.6376068376,1.179002544,0.7777777778,0.09812130296,0.5829059829,1.140957234,0.6888888889,-0.05529002255,0.4324786325,0.5955376611,0.6837606838,1.382934231,0.7504273504,0.317759569,0.5487179487,0.7133766555,0.7794871795,0.5671007241,-0.04597771577,0.5681011134,-0.04697810512,True,0.435161349,-0.07650504033,0.4358705858,-0.07721427706,True,0.5152417928,-0.02656993952,0.516852797,-0.0281809437,True,0.756371813,-0.04033095011,0.7562807484,-0.04023988551,True
5350202.00,5350202.00,2021S05075350202.00,202,2021,0.1646341463,0.1524390244,2.5,0.5473684211,0.0642201835,0.3082706767,0.7264150943,0.3178294574,0,4882.4,0.9766536965,0.2934131737,0.2746268657,0.1456327278,0.5022994942,0.3742758719,0.4772557773,0.6553668333,1.709098475,0.7897435897,-0.3251681789,0.4051282051,2.392863033,0.8735042735,-1.441789727,0.2564102564,-0.2889124215,0.3829059829,1.456243937,0.7316239316,0.9156110069,0.7709401709,-1.811951369,0.09572649573,0.7046206649,0.6358974359,1.894411394,0.8478632479,-1.366956298,0.09401709402,0.5784919072,-0.07619241296,0.5777745598,-0.07547506555,True,0.4788572947,-0.1045814228,0.4800810928,-0.1058052209,True,0.5171331339,-0.03987735658,0.5164723277,-0.03921655043,True,0.7278672385,-0.07250040515,0.7270120613,-0.07164522793,True
5350203.00,5350203.00,2021S05075350203.00,203,2021,0.2145985401,0.1445255474,2.2,0.4311111111,0.0837004405,0.4366666667,0.6553323029,0.5230263158,0.0933333333,5740.9,0.8818342152,0.3362068966,0.3381294964,0.1385663817,0.5088005166,0.4062181213,0.4714876288,0.6486957998,1.061012933,0.6803418803,-0.3669644733,0.3726495726,1.314821428,0.7282051282,-0.6392510001,0.4324786325,-0.5808388988,0.2495726496,0.9858454757,0.6615384615,0.3051428916,0.5521367521,-0.8473490783,0.3282051282,0.6151609924,0.6205128205,0.7915394379,0.6717948718,-0.7631193943,0.3042735043,0.5545528798,-0.0457523632,0.5540992072,-0.04529869065,True,0.4342694392,-0.02805131792,0.4341374869,-0.02791936561,True,0.5032401523,-0.0317525235,0.5037912078,-0.03230357902,True,0.7209776879,-0.07228188812,0.7207282246,-0.07203242476,True
5350204.00,5350204.00,2021S05075350204.00,204,2021,0.2013057671,0.1806311208,2.1,0.4784313725,0.1218715996,0.5068807339,0.6670467503,0.5276497696,0.0366972477,6156.7,0.8924302789,0.2702702703,0.2673160173,0.09912587463,0.5664539802,0.4625998784,0.5040222423,0.73273982,1.565425162,0.7675213675,0.09762328457,0.6358974359,1.796565155,0.7948717949,-0.1046417133,0.5572649573,0.05101977314,0.5658119658,1.478674902,0.7367521368,0.6814294546,0.6871794872,-0.4567426711,0.4358974359,1.0969338,0.6991452991,1.213026588,0.7623931624,-0.4271838942,0.4393162393,0.5803235589,-0.01386957869,0.5825288332,-0.01607485302,True,0.4687752066,-0.006175328212,0.4693449109,-0.006745032488,True,0.5254647631,-0.0214425208,0.5271928323,-0.02317058997,True,0.7436187623,-0.01087894224,0.746833928,-0.01409410801,True
5350205.00,5350205.00,2021S05075350205.00,205,2021,0,0.8965517241,,,,,,,,193.3,,,,0.09870416771,,,,,1.411848889,0.7333333333,7.250311781,0.9982905983,1.820434199,0.8017094017,1.824925852,0.8358974359,7.671152083,0.9982905983,1.034178737,0.6666666667,7.426589903,0.9982905983,6.289682321,0.9965811966,0.9292286375,0.6683760684,6.89601045,1,6.210978671,0.9982905983,0.6929946999,-0.1718716916,0.7164481882,-0.1953251799,True,0.5871228065,-0.2129006625,0.612107745,-0.237885601,True,0.6251479046,-0.1522738672,0.6412389128,-0.1683648754,True,0.8753413204,-0.17961169,0.9040648239,-0.2083351935,True
5350206.01,5350206.01,2021S05075350206.01,206.01,2021,0.2428991185,0.1606268364,2.1,0.496194825,0.1062992126,0.4372469636,0.4979123173,0.7344064386,0.4008097166,4478.2,0.8517241379,0.3330058939,0.3398821218,0.1209804273,0.5072391412,0.3906163952,0.4913157287,0.6397852999,1.378251691,0.7264957265,-0.05888851286,0.5521367521,1.188871758,0.7076923077,0.5481726953,0.6717948718,-0.5671869208,0.2547008547,1.389563069,0.7247863248,-0.0666656859,0.4290598291,-0.07402946416,0.5333333333,1.476610742,0.7709401709,0.5858558689,0.6205128205,0.1966156573,0.6461538462,0.5710232124,-0.06378407116,0.569651699,-0.06241255777,True,0.4394826606,-0.0488662654,0.4360694465,-0.04545305127,True,0.5182125453,-0.02689681663,0.52033748,-0.02902175131,True,0.7558266374,-0.1160413376,0.7532665979,-0.113481298,True
5350206.02,5350206.02,2021S05075350206.02,206.02,2021,0.2456279809,0.1351351351,2.2,0.4564369311,0.1161495625,0.5506216696,0.5984911987,0.6120996441,0.0870337478,5777,0.8528846154,0.3298804781,0.3229665072,0.1048076542,0.4929558919,0.3744426627,0.4791142157,0.6253107973,0.9505643735,0.6581196581,-0.5580918182,0.2666666667,1.012556651,0.6786324786,-0.1602858665,0.547008547,-0.7669519941,0.1641025641,0.9339618137,0.6495726496,-0.2616349866,0.347008547,-0.8538947517,0.3247863248,0.7527222701,0.6444444444,0.2201416244,0.5264957265,-0.6739345576,0.3504273504,0.5474329121,-0.05447702024,0.5524711207,-0.05951522878,True,0.4226740265,-0.04823136373,0.426904681,-0.05246201822,True,0.4960876531,-0.01697343739,0.5001471692,-0.0210329535,True,0.7202474468,-0.09493664947,0.7284422715,-0.1031314742,True
5350207.00,5350207.00,2021S05075350207.00,207,2021,0.3140655106,0.1310211946,2.3,0.3738317757,0.119460501,0.400921659,0.5729613734,0.548245614,0.1843317972,3847.4,0.7825112108,0.3783231084,0.4265306122,0.2580786296,0.4768482614,0.360474915,0.4313544775,0.6387153918,0.1509878475,0.5333333333,-1.011710421,0.09401709402,0.1017824119,0.5435897436,-0.2925375757,0.5076923077,-1.264889004,0.08205128205,0.2181076137,0.5384615385,-0.8116225695,0.2102564103,-0.8234644262,0.3333333333,0.1424814776,0.5179487179,-0.7682512808,0.2837606838,-1.077944087,0.1914529915,0.51125519,-0.03440692855,0.5151301565,-0.03828189506,True,0.3744488843,-0.01397396938,0.3769607466,-0.01648583159,True,0.4681237571,-0.0367692796,0.4699705603,-0.03861608283,True,0.6871472003,-0.04843180842,0.688900538,-0.05018514619,True
5350208.00,5350208.00,2021S05075350208.00,208,2021,0.2533013205,0.1536614646,2.1,0.3359528487,0.2214199759,0.7064676617,0.6155747837,0.75,0.171641791,3210.3,0.8579710145,0.4304093567,0.5415204678,0.3807527649,0.5142607543,0.3523174598,0.4758998177,0.7145649852,-0.1037415023,0.4803418803,-0.1721585837,0.494017094,-0.4093422006,0.4547008547,0.9039417562,0.7401709402,-0.1622389191,0.4564102564,0.07774325857,0.5128205128,-0.5055846425,0.2700854701,0.5363381507,0.6700854701,0.1900049939,0.5282051282,-1.042726231,0.2358974359,-0.04975184366,0.5658119658,0.515988908,-0.001728153699,0.5155990882,-0.001338333863,True,0.3769044259,-0.02458696611,0.3765525168,-0.024235057,True,0.476470499,-0.0005706812779,0.4766325787,-0.0007327609775,True,0.6978604428,0.01670454249,0.6965509759,0.01801400931,True
5350209.00,5350209.00,2021S05075350209.00,209,2021,0.2325174825,0.215034965,2.1,0.347826087,0.1845342707,0.5917602996,0.7062146893,0.6125461255,0.0374531835,4202.6,0.878296146,0.4592198582,0.390070922,0.1346207325,0.5550369705,0.3873380765,0.4603363861,0.8174364488,0.1575552669,0.535042735,0.5526499101,0.7931623932,0.2354089093,0.5675213675,0.06971177915,0.5811965812,0.5665431231,0.7863247863,0.1622735201,0.5299145299,0.7517643092,0.7111111111,0.5636672773,0.6786324786,0.01022464779,0.4974358974,0.5186985347,0.6017094017,0.3435208943,0.6837606838,0.5373379255,0.01769904504,0.5317223804,0.02331459013,True,0.4076713132,-0.02033323674,0.4013749068,-0.0140368303,True,0.4914529625,-0.03111657634,0.4855965862,-0.0252602001,True,0.713205191,0.1042312578,0.7102386567,0.1071977921,True
5350210.01,5350210.01,2021S05075350210.01,210.01,2021,0.3040540541,0.0945945946,2.8,0.4928366762,0.0535055351,0.15,0.705078125,0.1269035533,0.155,1253.8,0.6129541864,0.3857404022,0.4285714286,0.1343582169,0.4729924868,0.3404530184,0.4506796798,0.6278447621,-0.631770017,0.4051282051,-1.321633536,0.04615384615,-0.1728873316,0.4905982906,-2.040926595,0.1213675214,-1.362399387,0.06837606838,-0.7763870572,0.3846153846,-0.630907376,0.2478632479,-1.97495206,0.07179487179,-1.090647487,0.3264957265,-0.2218043037,0.4188034188,-1.550822102,0.0547008547,0.4780550041,-0.005062517292,0.4774510521,-0.0044585653,True,0.3452934727,-0.004840454366,0.3463883888,-0.005935370444,True,0.4296628675,0.02101681232,0.4303968918,0.02028278803,True,0.6504761611,-0.02263139903,0.6489459294,-0.02110116726,True
5350210.03,5350210.03,2021S05075350210.03,210.03,2021,0.463362069,0.0423850575,1.7,0.6284482759,0.1194244604,0.375147929,0.266214178,0.9903846154,0.9964497041,15331.6,0.7948113208,0.4276410999,0.4822848879,0.1042979841,0.6034736762,0.3773193934,0.5624966355,0.8706049996,1.212919342,0.6957264957,-1.497037965,0.03760683761,0.03717648443,0.5299145299,2.296280716,0.8598290598,-2.640327845,0.01709401709,1.523280248,0.7487179487,-2.847425539,0.04444444444,-0.109926724,0.5213675214,2.543138881,0.9042735043,-2.062045778,0.135042735,0.1082931513,0.6153846154,0.5413305015,0.06214317472,0.5476377563,0.05583591994,True,0.3767125668,0.0006068266191,0.3848133289,-0.007493935448,True,0.4955146346,0.06698200088,0.4986578164,0.06383881908,True,0.7593045193,0.1113004803,0.7647901536,0.105814846,True
5350210.04,5350210.04,2021S05075350210.04,210.04,2021,0.3293650794,0.2003968254,1.6,0.5778597786,0.131082423,0.4108910891,0.329015544,0.9959481361,1,21216.6,0.8214096449,0.4806435395,0.4263448969,0.1397671265,0.639665841,0.4567931165,0.5737091781,0.8884952285,1.644534872,0.7794871795,0.8309005065,0.8564102564,0.5186103878,0.6034188034,3.185547676,0.9025641026,-0.077656792,0.505982906,1.901847624,0.8290598291,-0.5092622803,0.2683760684,2.389819655,0.9264957265,2.880810202,0.9401709402,-0.1596229652,0.4376068376,2.211139241,0.9418803419,0.5952769958,0.04438884515,0.5955724047,0.04409343626,True,0.439720288,0.01707282851,0.4254091615,0.03138395508,True,0.5482825548,0.02542662328,0.545611026,0.02809815207,True,0.813718846,0.0747763825,0.8097650649,0.0787301636,True
5350211.00,5350211.00,2021S05075350211.00,211,2021,0.1968046478,0.1924473493,2.6,0.3710292249,0.0661337209,0.2566539924,0.6986089645,0.2699619772,0.0380228137,2101.2,0.8940455342,0.3786337209,0.2718023256,0.1262966314,0.5685026009,0.3945939585,0.5524713706,0.7584424735,0.6869042962,0.6085470085,-0.1705260706,0.4957264957,1.347569765,0.735042735,-1.814876962,0.1641025641,-0.2885351784,0.3846153846,0.4689224734,0.5829059829,1.04213669,0.8153846154,-1.313318048,0.2051282051,-0.1869811755,0.4666666667,1.576653489,0.8017094017,-1.020376974,0.2102564103,0.5443783219,0.02412427903,0.5402406928,0.0282619081,True,0.4290320675,-0.03443810893,0.4278520234,-0.03325806492,True,0.4903914095,0.06207996109,0.4921167564,0.06035461417,True,0.7021365596,0.05630591388,0.7051429383,0.05329953515,True
5350212.00,5350212.00,2021S05075350212.00,212,2021,0.1812609457,0.1672504378,2.7,0.4310077519,0.0586690018,0.2018561485,0.7407407407,0.2412993039,0.0556844548,3371.7,0.9375,0.2895888014,0.2399299475,0.05053050633,0.5879560248,0.4215139641,0.5517673867,0.7905867235,1.167783133,0.6923076923,-0.3047578875,0.4205128205,1.985744246,0.8188034188,-2.134906727,0.1111111111,-0.3842849999,0.3282051282,0.8781247147,0.6393162393,1.164257548,0.8341880342,-1.82977427,0.0905982906,0.06722067879,0.5076923077,2.038236637,0.8717948718,-1.347338107,0.1042735043,0.5594108021,0.02854522269,0.5654524819,0.02250354293,True,0.4532912828,-0.03177731874,0.4540804342,-0.03256647009,True,0.5008968774,0.05087050935,0.5001519459,0.05161544084,True,0.7105989954,0.0799877281,0.7095376135,0.08104910996,True
5350213.01,5350213.01,2021S05075350213.01,213.01,2021,0.1958568738,0.2052730697,2.7,0.5088967972,0.0564971751,0.1538461538,0.7898989899,0.0913705584,0,2820.8,0.8818181818,0.3871595331,0.2645914397,0.1762720011,0.5724522793,0.3933853362,0.3298127695,0.9941587323,0.9094241865,0.6478632479,-0.01918718674,0.5743589744,1.74975935,0.788034188,-2.010245355,0.1247863248,0.1215632406,0.6034188034,0.6108383842,0.5931623932,1.368459173,0.8854700855,-1.525363091,0.158974359,-0.1855252344,0.4683760684,2.029199665,0.8683760684,-1.20518222,0.147008547,0.5548611633,0.01759111595,0.5608180634,0.01163421589,True,0.4505511612,-0.05716582497,0.451988332,-0.05860299574,True,0.4965232011,-0.1667104316,0.4974856404,-0.167672871,True,0.7046562787,0.2895024537,0.7047364392,0.2894222931,True
5350213.02,5350213.02,2021S05075350213.02,213.02,2021,0.3238095238,0.1380952381,1.9,0.575147929,0.0970328789,0.3482810164,0.4527027027,0.9561933535,0.9402092676,900,0.7864768683,0.5032258065,0.5302175665,0.2117508306,0.712981938,0.6002039804,0.6134171779,0.9253246555,0.7617467199,0.6239316239,0.07078133087,0.6290598291,0.02753015763,0.5282051282,1.432332328,0.8034188034,-0.9552988281,0.1282051282,0.9187308852,0.6444444444,-0.7087398583,0.2341880342,1.010626634,0.7726495726,1.62420435,0.8068376068,-0.2346364363,0.4153846154,1.306070186,0.8683760684,0.5510501085,0.1619318295,0.5504270406,0.1625548974,True,0.3906588816,0.2095450988,0.3883923322,0.2118116482,True,0.5048758532,0.1085413248,0.5032456768,0.1101715012,True,0.7648609892,0.1604636664,0.7638393211,0.1614853344,True
5350214.00,5350214.00,2021S05075350214.00,214,2021,0.2778603269,0.1307578009,2.1,0.5373626374,0.0736607143,0.2488114105,0.478021978,0.5934065934,0.6212361331,2383.2,0.8602620087,0.3908216136,0.3501110289,0.1560880224,0.5197578242,0.3513414542,0.4625540674,0.7453779511,1.388344598,0.7299145299,-0.440130064,0.3247863248,1.217795516,0.7162393162,0.1456870233,0.6,-1.17534734,0.09572649573,1.370272316,0.7162393162,-0.3464722493,0.3094017094,-0.5948627148,0.3931623932,1.490230385,0.7811965812,0.5670908423,0.6170940171,-0.121811116,0.5367521368,0.5650862061,-0.04532838188,0.5632178534,-0.04346002915,True,0.4291827944,-0.07784134015,0.426797608,-0.07545615378,True,0.5111164713,-0.04856240393,0.5080708061,-0.0455167387,True,0.7522851498,-0.006907198702,0.7518149253,-0.006436974237,True
5350215.00,5350215.00,2021S05075350215.00,215,2021,0.1907756813,0.1844863732,2.5,0.4751243781,0.0756718529,0.25,0.6674225246,0.301559792,0.1145833333,2778.8,0.8866328257,0.3819095477,0.3007896626,0.1054848661,0.5391566824,0.4377636659,0.4982416501,0.6814647312,0.9443450332,0.6547008547,0.009896670847,0.588034188,1.484042928,0.7487179487,-1.3297038,0.2735042735,-0.08064629507,0.5008547009,0.7252785574,0.611965812,0.9430329281,0.7760683761,-1.133995395,0.2512820513,0.222794495,0.5401709402,1.666586701,0.8222222222,-0.6374473077,0.3675213675,0.5565943995,-0.01743771707,0.5552329997,-0.01607631728,True,0.4421754488,-0.004411782892,0.4417428346,-0.003979168684,True,0.4989458885,-0.0007042383819,0.4979348367,0.0003068134554,True,0.7197774012,-0.03831266993,0.7191219137,-0.03765718246,True
5350216.00,5350216.00,2021S05075350216.00,216,2021,0.1494986326,0.2078395624,2.6,0.6389380531,0.0493150685,0.1788235294,0.7860600194,0.1920374707,0.0705882353,2774.7,0.9367816092,0.2627272727,0.186533212,0.07760428442,0.5207404091,0.4587297672,0.422093919,0.6813975411,2.090144873,0.8564102564,0.3689691392,0.7504273504,2.944187357,0.9487179487,-1.601964776,0.2085470085,0.4545113451,0.7401709402,1.725635904,0.7794871795,1.809607378,0.9487179487,-1.485491894,0.1692307692,0.8867768118,0.6615384615,3.021796193,0.9658119658,-0.8518413234,0.2700854701,0.6036298785,-0.08288946941,0.6005228438,-0.07978243472,True,0.511698659,-0.05296889187,0.5159421574,-0.05721239025,True,0.5367162135,-0.1146222945,0.5409776948,-0.1188837758,True,0.7509605764,-0.0695630353,0.7589521758,-0.07755463468,True
5350217.00,5350217.00,2021S05075350217.00,217,2021,0.2245762712,0.1389830508,2.1,0.4016172507,0.1764206955,0.8450704225,0.6615523466,0.8941798942,0.051056338,4824.2,0.7917948718,0.5012765957,0.2261904762,0.2753582867,0.507057165,0.3411273308,0.4039130546,0.7761311095,0.2943538572,0.5504273504,0.105381578,0.6444444444,-0.005403693503,0.5196581197,0.9665939284,0.7521367521,-0.04530304726,0.5179487179,0.4567716991,0.5794871795,-0.1690062339,0.388034188,0.8648862708,0.747008547,0.5473188976,0.6051282051,-0.4938309147,0.358974359,0.4938635749,0.7179487179,0.5348552411,-0.02779807613,0.534091997,-0.02703483199,True,0.3969650146,-0.05583768376,0.3972259174,-0.05609858655,True,0.4942212155,-0.09030816096,0.4908908542,-0.08697779967,True,0.7205546294,0.05557648012,0.7183430557,0.05778805383,True
5350218.00,5350218.00,2021S05075350218.00,218,2021,0.1420560748,0.2,2.6,0.7644927536,0.0374531835,0.1232227488,0.7490636704,0.1527093596,0.1042654028,3953.3,0.9805825243,0.1742286751,0.1654545455,0.02073219528,0.5925294737,0.5684122894,0.5302868346,0.6788892972,2.902392277,0.9743589744,0.2539380696,0.7025641026,3.809586696,0.9965811966,-1.513972281,0.241025641,0.3635184806,0.705982906,2.470154778,0.9247863248,1.751647441,0.9418803419,-2.058279912,0.06153846154,1.58233551,0.8,3.488564597,0.9829059829,-1.10007295,0.1829059829,0.6308666218,-0.03833714806,0.6294402605,-0.03691078683,True,0.5497805164,0.01863177303,0.5570229634,0.01138932609,True,0.5558091443,-0.02552230968,0.5611133909,-0.03082655632,True,0.7735461748,-0.09465687763,0.7845825864,-0.1056932893,True
5350219.00,5350219.00,2021S05075350219.00,219,2021,0.1556291391,0.1975717439,2.8,0.6173361522,0.0529801325,0.1739130435,0.7447795824,0.1094224924,0.0124223602,3345.9,0.9042253521,0.3040614709,0.2456140351,0.05399705594,0.5187856129,0.42515735,0.4771143847,0.6540851041,1.464797488,0.7418803419,0.08375155542,0.6341880342,2.364639626,0.8700854701,-1.955916913,0.1401709402,0.266118328,0.6854700855,1.084446626,0.6735042735,1.426025194,0.8974358974,-1.917030055,0.07692307692,0.290931607,0.5572649573,2.606873506,0.9435897436,-1.0460826,0.2017094017,0.5764845971,-0.05769898419,0.5738023693,-0.05501675641,True,0.4802811071,-0.05512375714,0.4854078789,-0.06025052889,True,0.5093772492,-0.03226286458,0.5123202561,-0.03520587147,True,0.7266609133,-0.07257580914,0.7350955494,-0.08101044523,True
5350220.00,5350220.00,2021S05075350220.00,220,2021,0.1728247914,0.2395709178,2.6,0.4253393665,0.0710723192,0.3936507937,0.7373737374,0.4466019417,0.1428571429,3229.9,0.8992805755,0.4259485924,0.188494492,0.0749593701,0.5158582421,0.4124455536,0.4587565149,0.6763726578,0.9356446742,0.6512820513,0.7014693432,0.8290598291,1.462778934,0.7452991453,-1.179463582,0.3076923077,0.4744967781,0.7504273504,0.727476143,0.6136752137,1.685804637,0.9299145299,-0.2457431048,0.4905982906,0.2181935151,0.5367521368,2.201702343,0.8991452991,0.1334723063,0.6290598291,0.5677088063,-0.0518505642,0.5673320572,-0.05147381512,True,0.449860879,-0.03741532542,0.451820344,-0.03937479038,True,0.512617014,-0.05386049904,0.5162269859,-0.05747047092,True,0.7342333438,-0.05786068593,0.7337932229,-0.05742056502,True
5350221.01,5350221.01,2021S05075350221.01,221.01,2021,0.1571091909,0.3063629222,2.4,0.5471380471,0.052672956,0.190926276,0.7394888706,0.5551401869,0.4801512287,3905.8,0.9189686924,0.3455414013,0.1734287987,0.0624095052,0.5652185694,0.5156796909,0.5067645157,0.6732115015,2.109674923,0.8598290598,1.82465979,0.9538461538,2.496725788,0.8957264957,-0.2905762102,0.5111111111,1.397192085,0.9213675214,1.870591164,0.8188034188,2.757766546,0.988034188,1.039221265,0.7794871795,1.478247736,0.7726495726,3.536849055,0.9863247863,1.286296861,0.8615384615,0.628382121,-0.06316355164,0.6313394058,-0.0661208364,True,0.5159154151,-0.0002357241541,0.5191357107,-0.003456019761,True,0.5688384499,-0.06207393419,0.5693549268,-0.06259041106,True,0.7990769567,-0.1258654553,0.8024761735,-0.1292646721,True
5350221.02,5350221.02,2021S05075350221.02,221.02,2021,0.2687559354,0.1519468186,2.5,0.4267515924,0.1187438665,0.6319612591,0.5552083333,0.786407767,0.2857142857,6545.3,0.7404403244,0.499510284,0.5112634672,0.2352451366,0.4764226753,0.3395737861,0.417437174,0.6722570658,-0.4419766517,0.4341880342,-0.332943962,0.3982905983,-0.7327746884,0.4068376068,0.3488724663,0.6461538462,-0.6392956122,0.2290598291,-0.3298024295,0.4495726496,-0.7394580011,0.2256410256,0.1860633329,0.5965811966,-0.05406518626,0.4905982906,-0.85303408,0.2735042735,0.2903744101,0.6666666667,0.5011989913,-0.02477631598,0.4993362837,-0.02291360837,True,0.3512877067,-0.0117139206,0.3504336339,-0.01085984779,True,0.4586359981,-0.04119882414,0.4578670164,-0.04042984247,True,0.6965541712,-0.02429710535,0.6934245432,-0.02116747739,True
5350222.01,5350222.01,2021S05075350222.01,222.01,2021,0.2441942294,0.1681914145,2.5,0.4951219512,0.0697183099,0.2459893048,0.6218978102,0.6010733453,0.5811051693,5530,0.8897435897,0.4373259053,0.3945720251,0.1108000469,0.5647287583,0.4064570622,0.5175882552,0.7701409575,0.7997506001,0.6273504274,0.1164369601,0.652991453,0.886999152,0.6547008547,-0.5056781071,0.4598290598,-0.4587057006,0.2888888889,0.7087359576,0.6085470085,0.503473535,0.6290598291,-0.2159075586,0.5008547009,0.6573018174,0.6273504274,1.147215947,0.7487179487,0.2347394332,0.6581196581,0.5531677479,0.01156101042,0.5542425463,0.01048621203,True,0.4180416328,-0.01158457064,0.4187396244,-0.01228256223,True,0.5008760735,0.01671218174,0.5028774394,0.01471081582,True,0.7376550438,0.03248591373,0.7389339142,0.03120704331,True
5350222.02,5350222.02,2021S05075350222.02,222.02,2021,0.1945837513,0.1765295888,2.8,0.4734774067,0.1477627471,0.5014409222,0.7263843648,0.5214899713,0.0432276657,4153.5,0.7823834197,0.4589823468,0.445482866,0.09388021584,0.5469464101,0.3781359633,0.4969833311,0.7657199361,-0.4620055963,0.4307692308,0.2789394923,0.7145299145,-0.1476701963,0.4957264957,-0.812846288,0.3829059829,0.4860638675,0.7538461538,-0.5786656967,0.411965812,0.5221144105,0.6358974359,-0.2643304424,0.4786324786,-0.7610511926,0.3811965812,0.603394038,0.6324786325,0.2023757504,0.6495726496,0.5105903482,0.03635606189,0.5098297343,0.03711667577,True,0.3816731057,-0.003537142398,0.3804986359,-0.002362672581,True,0.4595160016,0.03746732943,0.4612897623,0.03569356875,True,0.6894472101,0.07627272597,0.6870849768,0.07863495924,True
5350223.01,5350223.01,2021S05075350223.01,223.01,2021,0.1480263158,0.2203947368,2.9,0.6078431373,0.0394736842,0.0654205607,0.7773972603,0.0666666667,0,1774.3,0.9303278689,0.3741721854,0.1622516556,0.00603890111,0.5945129656,0.5049519082,0.5029611777,0.775625811,1.418654613,0.7367521368,0.3901946362,0.7555555556,2.489915399,0.8905982906,-2.43320954,0.0735042735,0.528054809,0.7675213675,0.9644690963,0.6564102564,1.986033702,0.9623931624,-1.887973767,0.08376068376,0.06376877321,0.505982906,3.245842356,0.9726495726,-0.8656143134,0.2632478632,0.5798925431,0.01462042249,0.5772182692,0.01729469635,True,0.4850151426,0.01993676561,0.4869254316,0.01802647658,True,0.5111303531,-0.00816917542,0.5140926794,-0.01113150176,True,0.7285972708,0.04702854023,0.7271383624,0.04848744859,True
5350223.02,5350223.02,2021S05075350223.02,223.02,2021,0.1926605505,0.1743119266,2.9,0.5446808511,0.0504587156,0.1052631579,0.7639902676,0.0657894737,0.0328947368,2498.6,0.9457142857,0.2678983834,0.2355658199,0.008780545421,0.5917223129,0.4887122473,0.5377258601,0.7487288312,1.337033063,0.7179487179,-0.4462322826,0.3162393162,2.358276149,0.8683760684,-2.596667285,0.05641025641,-0.3739943363,0.3418803419,0.9415301809,0.652991453,1.19312449,0.8444444444,-2.591233451,0.01538461538,0.01357287746,0.4991452991,2.421970904,0.9316239316,-1.743420502,0.02564102564,0.5631447092,0.02857760371,0.5601634912,0.03155882168,True,0.4658584473,0.02285379995,0.4639108275,0.02480141977,True,0.4976604555,0.04006540462,0.4968528894,0.04087297065,True,0.708279352,0.04044947928,0.705990802,0.04273802927,True
5350224.00,5350224.00,2021S05075350224.00,224,2021,0.1727272727,0.1909090909,2.9,0.6666666667,0.0393939394,0.052173913,0.786377709,0.0263157895,0,1589.4,0.9810606061,0.2785923754,0.2609970674,0.0001624912574,0.6038473985,0.5673695095,0.5178005681,0.7263721179,1.713001057,0.7931623932,-0.1841037778,0.4905982906,2.846005193,0.9384615385,-2.62921562,0.05299145299,0.004581792674,0.547008547,1.238680685,0.7008547009,1.521991078,0.9145299145,-2.757770246,0.01196581197,0.2493795115,0.5452991453,3.027715601,0.9675213675,-1.645775296,0.03931623932,0.5809626393,0.02288475922,0.5807486611,0.02309873744,True,0.4922265011,0.07514300836,0.4939922808,0.07337722869,True,0.5091142003,0.008686367758,0.5109273492,0.006873218843,True,0.7226827309,0.003689386938,0.7237529594,0.002619158415,True
5350225.01,5350225.01,2021S05075350225.01,225.01,2021,0.2044145873,0.3013435701,2.1,0.5139146568,0.0922190202,0.4444444444,0.6735700197,0.7898989899,0.4323232323,5669.4,0.8504875406,0.4272030651,0.2837967402,0.2248857499,0.5616168885,0.3475893709,0.6975179685,0.6397433261,1.55899892,0.7623931624,1.669820835,0.9367521368,1.435103071,0.7435897436,1.026137486,0.7572649573,1.254387482,0.9076923077,1.545165791,0.7521367521,1.826651556,0.9504273504,1.937963361,0.894017094,1.546838536,0.7914529915,1.967347844,0.8598290598,1.637720912,0.9042735043,0.6060696698,-0.04445278126,0.60997476,-0.04835787153,True,0.4786201652,-0.1310307943,0.4843787073,-0.1367893364,True,0.5560236787,0.1414942898,0.556452274,0.1410656945,True,0.7891177724,-0.1493744462,0.7936126234,-0.1538692972,True
5350225.02,5350225.02,2021S05075350225.02,225.02,2021,0.3490304709,0.1325023084,2,0.5444915254,0.197461213,0.7403314917,0.4642147117,0.9861878453,0.4650092081,35556.7,0.6926777125,0.536906441,0.587406015,0.2761328367,0.6131948605,0.3994350562,0.5503111276,0.8898383978,-0.09575157167,0.4820512821,-0.009282449226,0.5811965812,-1.261763116,0.2957264957,3.305093882,0.9128205128,-0.02622603426,0.5299145299,0.3107317188,0.5538461538,-1.77511054,0.1042735043,2.198281786,0.9128205128,1.281159645,0.7264957265,-2.481031043,0.1008547009,1.314994192,0.8717948718,0.5189666479,0.09422821256,0.5191560973,0.09403876324,True,0.3622854557,0.03714960052,0.3611732362,0.03826182002,True,0.4838243869,0.06648674068,0.4842888865,0.06602224109,True,0.7316445084,0.1581938894,0.7282663475,0.1615720504,True
5350226.00,5350226.00,2021S05075350226.00,226,2021,0.1456483126,0.190053286,2.8,0.7605633803,0.0355239787,0.0862944162,0.8091603053,0.0348258706,0.0101522843,2964.2,0.9149425287,0.2218181818,0.1290909091,0.01597422227,0.5950630149,0.5754413061,0.5279917909,0.6817559477,2.340399354,0.9042735043,0.1507282664,0.6683760684,3.40035804,0.9811965812,-2.061709331,0.1162393162,0.4075360411,0.7213675214,1.870926824,0.8205128205,1.772164721,0.947008547,-2.277069325,0.03076923077,0.9003382809,0.664957265,3.387595317,0.9794871795,-1.267139284,0.1282051282,0.609001247,-0.01393823214,0.6077616753,-0.01269866044,True,0.5272521085,0.04818919761,0.5221068805,0.05333442555,True,0.5352432369,-0.00725144602,0.5340324753,-0.006040684457,True,0.7502311055,-0.06847515783,0.7458327798,-0.06407683211,True
5350227.00,5350227.00,2021S05075350227.00,227,2021,0.16,0.2,2.7,0.7356321839,0.0427350427,0.1203007519,0.7550432277,0.1603053435,0.0526315789,3562.4,0.9676258993,0.2005649718,0.1101694915,0.05901622297,0.5883891769,0.5181625687,0.4928220021,0.7541829598,2.720137441,0.9623931624,0.1098724953,0.6478632479,3.634731337,0.9931623932,-1.607735771,0.2051282051,0.2394841997,0.6717948718,2.307876385,0.9008547009,1.644177238,0.9282051282,-2.110572254,0.05128205128,1.392347614,0.7538461538,3.246020365,0.9743589744,-1.291111953,0.1213675214,0.6219483617,-0.03355918479,0.6201765726,-0.03178739569,True,0.5395363835,-0.02137381478,0.5462544897,-0.02809192098,True,0.549204451,-0.05638244895,0.5537747681,-0.06095276597,True,0.7631420655,-0.008959105688,0.7731675977,-0.01898463795,True
5350228.00,5350228.00,2021S05075350228.00,228,2021,0.1478537361,0.3147853736,2.2,0.7553191489,0.0525477707,0.3228070175,0.6661237785,0.6083916084,0.4070175439,3830.9,0.9752380952,0.2689873418,0.1695721078,0.1260293791,0.5721388628,0.4903186725,0.5466768664,0.6794210495,3.310597608,0.9931623932,1.729374514,0.9435897436,3.568009089,0.988034188,0.6045997219,0.6957264957,1.418244823,0.9299145299,3.067941446,0.9811965812,2.412924758,0.9829059829,0.6068846284,0.6888888889,2.722037924,0.9264957265,3.68943191,0.9914529915,1.077913099,0.8376068376,0.6698878678,-0.09774900504,0.6684639894,-0.09632512664,True,0.5718540266,-0.08153535415,0.5710974382,-0.08077876576,True,0.6006846321,-0.0540077657,0.5970054172,-0.05032855081,True,0.8352244143,-0.1558033648,0.8352235444,-0.1558024948,True
5350229.00,5350229.00,2021S05075350229.00,229,2021,0.1260162602,0.2073170732,3,0.8333333333,0.0608695652,0.0625,0.7467248908,0.0519480519,0,3827.7,0.9312169312,0.1483050847,0.0970464135,0.05922435743,0.6391172644,0.4974925103,0.5682125489,0.8516467341,2.80600213,0.9658119658,0.2667373776,0.7111111111,3.843175681,0.9982905983,-1.646323479,0.1948717949,0.7097443759,0.8239316239,2.317941078,0.9025641026,1.765799512,0.9452991453,-2.344500747,0.02393162393,1.357037227,0.747008547,3.551172939,0.988034188,-1.271649,0.1264957265,0.6276203429,0.01149692153,0.627852587,0.01126467742,True,0.5546326235,-0.05714011322,0.5573866707,-0.05989416043,True,0.5489922273,0.0192203216,0.5519306616,0.01628188734,True,0.7654590528,0.08618768125,0.7656319433,0.08601479079,True
5350230.01,5350230.01,2021S05075350230.01,230.01,2021,0.1716981132,0.2905660377,2.2,0.5884615385,0.0996015936,0.3811659193,0.6906779661,0.6140350877,0.3004484305,1829.3,0.8380743982,0.3380855397,0.1710794297,0.07312042332,0.6859361366,0.5590429199,0.7151456943,0.7836197955,1.929262741,0.8256410256,1.652305382,0.935042735,2.106432849,0.8358974359,0.4095671633,0.6495726496,1.421631607,0.9333333333,1.770220696,0.7863247863,2.107678237,0.9658119658,1.125333566,0.8,1.56016995,0.7931623932,2.745262253,0.9572649573,1.355905684,0.8786324786,0.6190625592,0.06687357735,0.6191483727,0.06678776391,True,0.5051492835,0.0538936364,0.508334968,0.05070795193,True,0.560008802,0.1551368923,0.5622316051,0.1529140893,True,0.7941942903,-0.01057449478,0.7973694483,-0.01374965275,True
5350230.02,5350230.02,2021S05075350230.02,230.02,2021,0.1859756098,0.2454268293,2.4,0.3527738265,0.0858704137,0.5120147874,0.7055510861,0.7196261682,0.3160813309,6652.5,0.8724954463,0.5185758514,0.3402938902,0.1392681469,0.5280536904,0.439622897,0.4787148254,0.6658233486,0.3488431468,0.5606837607,1.075368736,0.8888888889,0.4543444708,0.5965811966,-0.2176267968,0.535042735,0.6542169817,0.8085470085,0.304461519,0.5504273504,1.470191336,0.9076923077,1.119161587,0.7948717949,0.1813937015,0.5264957265,1.44112771,0.7914529915,1.120668968,0.8427350427,0.5528365223,-0.02478283189,0.5546397878,-0.02658609739,True,0.4159852275,0.02363766956,0.4185009145,0.02112198255,True,0.5069468487,-0.02823202328,0.506213864,-0.02749903859,True,0.736952285,-0.07112893644,0.7403102545,-0.07448690592,True
5350231.00,5350231.00,2021S05075350231.00,231,2021,0.187250996,0.2183266932,2.5,0.6094488189,0.0661881978,0.3724696356,0.7481542248,0.3582995951,0.0141700405,2075.3,0.9289883268,0.2743221691,0.1864541833,0.0970830249,0.6047964432,0.4843037122,0.5178997058,0.8121859117,1.970904406,0.8341880342,0.1917027292,0.6820512821,2.60569689,0.9128205128,-1.084052027,0.335042735,0.1851554752,0.641025641,1.705057281,0.7709401709,1.336660537,0.8735042735,-1.300766057,0.2068376068,1.015388415,0.6820512821,2.356135421,0.9196581197,-0.8165165498,0.2888888889,0.5964235405,0.008372902714,0.5982671003,0.0065293429,True,0.497748547,-0.01344483479,0.4970825035,-0.01277879136,True,0.5328588104,-0.01495910466,0.5346066914,-0.01670698565,True,0.7483592595,0.06382665226,0.7494408147,0.06274509701,True
5350232.00,5350232.00,2021S05075350232.00,232,2021,0.1740837696,0.2382198953,2.9,0.6573033708,0.0445026178,0.0544747082,0.770745429,0.0190114068,0,1865.8,0.928343949,0.2381596752,0.1529093369,0.01729965343,0.5843307288,0.5360317967,0.5138355744,0.7031248153,1.987872642,0.8376068376,0.2077137954,0.6871794872,3.063356089,0.9623931624,-2.23272765,0.09743589744,0.4142814015,0.7264957265,1.528665241,0.7504273504,1.87452029,0.9555555556,-2.189502702,0.04273504274,0.556524508,0.6068376068,3.285143701,0.9760683761,-1.304700012,0.1162393162,0.5972967764,-0.01296604757,0.5993633965,-0.01503266771,True,0.5108209838,0.02521081286,0.507350558,0.02868123863,True,0.5259142307,-0.01207865631,0.5239577838,-0.01012220938,True,0.7384971726,-0.03537235731,0.7359012398,-0.03277642444,True
5350233.00,5350233.00,2021S05075350233.00,233,2021,0.1796669588,0.1910604733,2.8,0.575,0.0596491228,0.2426470588,0.782967033,0.2282878412,0.0098039216,2746,0.9174008811,0.354978355,0.2816291161,0.0145232368,0.5729394652,0.4859036788,0.5218637507,0.7110509662,1.039127518,0.6735042735,0.03141379297,0.5965811966,1.894588961,0.8102564103,-2.058002322,0.1196581197,0.1166659503,0.5982905983,0.6934773884,0.6068376068,1.319681237,0.8666666667,-1.782812444,0.105982906,-0.04606624299,0.4923076923,2.321781408,0.9145299145,-0.9382574444,0.2427350427,0.5603500007,0.01258946445,0.561433293,0.01150617224,True,0.4565003093,0.02940336953,0.4533260125,0.0325776663,True,0.4968245681,0.02503918263,0.4940789921,0.02778475863,True,0.7149651976,-0.00391423141,0.7118192722,-0.0007683060007,True
5350234.00,5350234.00,2021S05075350234.00,234,2021,0.1909492274,0.1909492274,2.8,0.5095137421,0.0640883978,0.1798107256,0.7763615295,0.0849056604,0.0378548896,2157.5,0.9180555556,0.3854625551,0.3204845815,0.08285774084,0.5902519043,0.4484865635,0.5356268488,0.7866423006,0.7136617211,0.6153846154,-0.1472013997,0.5111111111,1.609391552,0.7641025641,-2.314269773,0.08205128205,-0.04112105004,0.5213675214,0.3764231474,0.5675213675,1.221358625,0.8478632479,-1.934762482,0.0735042735,-0.398825741,0.441025641,2.063150791,0.8752136752,-1.231712871,0.1384615385,0.5457235595,0.04452834482,0.5459380111,0.04431389322,True,0.439450334,0.009036229529,0.4374600081,0.01102655539,True,0.4846307966,0.05099605223,0.4835004564,0.0521263924,True,0.6983415869,0.08830071372,0.6971346154,0.08950768516,True
5350235.01,5350235.01,2021S05075350235.01,235.01,2021,0.1965517241,0.1862068966,2.9,0.4352159468,0.0362068966,0.0609137056,0.7746212121,0.0343137255,0.0152284264,2062.4,0.9027484144,0.372972973,0.2648648649,0.04546821598,0.6629640063,0.4691189645,0.6215966366,0.8981764179,0.6042183238,0.5914529915,-0.3348934073,0.3948717949,1.638440813,0.7692307692,-2.908350886,0.0358974359,-0.3256235158,0.3692307692,0.2340503488,0.5401709402,1.342069779,0.8786324786,-2.207652688,0.03931623932,-0.6703261912,0.4034188034,2.20388619,0.9008547009,-1.544470971,0.05811965812,0.5386964099,0.1242675964,0.5360808534,0.1268831529,True,0.4316875033,0.0374314612,0.4330682483,0.0360507162,True,0.4792494412,0.1423471954,0.4812099744,0.1403866622,True,0.6880179908,0.2101584271,0.688396554,0.2097798639,True
5350235.02,5350235.02,2021S05075350235.02,235.02,2021,0.1994191675,0.229428848,2.6,0.3717472119,0.0640155189,0.195,0.7354709419,0.5477386935,0.4225,4792.2,0.9130434783,0.4601167315,0.3443579767,0.09005329312,0.6262131714,0.458545889,0.5933820515,0.8267115735,0.5479156492,0.5811965812,0.8205320466,0.852991453,0.945235459,0.664957265,-1.155747544,0.3196581197,0.3721561093,0.7094017094,0.3833563745,0.5709401709,1.718343174,0.9384615385,0.322101602,0.6222222222,0.03562658894,0.5008547009,2.033594016,0.8700854701,0.4973273326,0.7196581197,0.5557672109,0.07044596051,0.5554921446,0.07072102678,True,0.4257129364,0.03283295267,0.4253284043,0.03321748476,True,0.5060534996,0.08732855191,0.5031719925,0.09021005901,True,0.7313576315,0.09535394201,0.7297085692,0.09700300431,True
5350236.01,5350236.01,2021S05075350236.01,236.01,2021,0.2179856115,0.2086330935,2.5,0.3871829105,0.1041358936,0.2926829268,0.6783216783,0.6772983114,0.5290806754,7042,0.8434782609,0.5051775148,0.425295858,0.1135846108,0.5461345011,0.3486831016,0.5258807704,0.7638396312,0.08432070846,0.5213675214,0.8879381272,0.864957265,0.1221990806,0.5504273504,-0.2596818522,0.5230769231,0.4512819408,0.735042735,0.03792515893,0.5042735043,1.126564288,0.8273504274,1.03589882,0.7777777778,0.06070503956,0.5025641026,1.170185998,0.7555555556,1.127983548,0.8444444444,0.5402506189,0.005883882228,0.5404312988,0.005703202303,True,0.3981734446,-0.049490343,0.3992191212,-0.05053601958,True,0.4945125666,0.03136820374,0.4943248611,0.03155590932,True,0.730657924,0.03318170723,0.7304516332,0.03338799803,True
5350236.02,5350236.02,2021S05075350236.02,236.02,2021,0.1752751905,0.2430143946,2.6,0.4927536232,0.0664961637,0.1626373626,0.8001752848,0.3035714286,0.3032967033,1490.8,0.9604060914,0.4549248748,0.3046744574,0.06787651462,0.5568134593,0.374222144,0.5618789913,0.7343392427,0.9673590288,0.6632478632,0.9192809044,0.8683760684,1.664040329,0.7726495726,-1.626784148,0.1965811966,0.7193691419,0.8290598291,0.6666942677,0.6017094017,2.118689169,0.9692307692,-0.4067276458,0.452991453,0.08260423718,0.5111111111,2.815037225,0.9606837607,0.1464160576,0.6358974359,0.5724452713,-0.01563181198,0.5721672535,-0.01535379418,True,0.458018821,-0.08379667706,0.4592538551,-0.08503171115,True,0.5136594459,0.04821954542,0.5130526548,0.04882633648,True,0.7366576981,-0.002318455433,0.7367953152,-0.002456072453,True
5350237.01,5350237.01,2021S05075350237.01,237.01,2021,0.2281626506,0.1746987952,2.8,0.3568215892,0.1596385542,0.5798319328,0.6865552904,0.6491596639,0.1113445378,5602.8,0.7785365854,0.580256217,0.7221385542,0.1013650879,0.5092713799,0.3539167759,0.4180766431,0.7558207208,-1.751015292,0.1948717949,0.140865306,0.6632478632,-1.645356987,0.2324786325,-0.7758292514,0.3897435897,0.2406891783,0.6752136752,-1.768172273,0.1863247863,-0.03526851709,0.441025641,0.09740839648,0.5743589744,-1.665081406,0.1965811966,-0.4470607728,0.3692307692,0.5237702827,0.7316239316,0.4620690182,0.04720236175,0.4620015722,0.04726980773,True,0.312176173,0.04174060295,0.3121722478,0.0417445281,True,0.418739317,-0.0006626738962,0.4186112103,-0.0005345672312,True,0.6555127436,0.1003079772,0.6552438176,0.1005769032,True
5350237.02,5350237.02,2021S05075350237.02,237.02,2021,0.2079866889,0.1880199667,2.9,0.3945783133,0.0616666667,0.1904761905,0.7351916376,0.1778846154,0.0142857143,3144.5,0.8847736626,0.4299835255,0.3970345964,0.03163225142,0.5907848463,0.4099732459,0.5622039467,0.8001773464,-0.07123716286,0.4871794872,-0.2938143584,0.4290598291,0.7638163089,0.6358974359,-2.537964348,0.06153846154,-0.2838765343,0.3863247863,-0.3651315849,0.4427350427,0.9563173047,0.7794871795,-1.80938972,0.09743589744,-1.032409532,0.3367521368,1.531411378,0.7948717949,-1.123654018,0.1777777778,0.5151448622,0.07563998412,0.5121724029,0.07861244342,True,0.3966547097,0.01331853614,0.3946292137,0.01534403216,True,0.4592731723,0.1029307744,0.4561466838,0.1060572628,True,0.6752804863,0.1248968601,0.6748148107,0.1253625357,True
5350237.03,5350237.03,2021S05075350237.03,237.03,2021,0.1887110362,0.2780117944,2.3,0.3417935702,0.1053074979,0.7180952381,0.6127886323,0.7262357414,0.0666666667,5555.6,0.8746238716,0.4486853265,0.4147582697,0.112897889,0.5683936795,0.3971659322,0.5458225021,0.7621926041,0.3960822902,0.5641025641,0.844313999,0.8581196581,0.4590991093,0.6,0.06643740765,0.5777777778,0.5903189001,0.7965811966,0.3701289582,0.5658119658,1.039853446,0.811965812,0.6675416242,0.6974358974,0.2656139501,0.5521367521,1.042160116,0.7299145299,0.795364349,0.7965811966,0.5507135062,0.0176801733,0.5482814144,0.0201122651,True,0.4179024324,-0.02073650023,0.4169563078,-0.01979037565,True,0.5016263889,0.04419611317,0.4979754133,0.04784708873,True,0.7315209714,0.0306716327,0.7281589786,0.03403362551,True
5350238.01,5350238.01,2021S05075350238.01,238.01,2021,0.1831187411,0.2360515021,2.7,0.4985422741,0.0428571429,0.2918287938,0.7709923664,0.2230769231,0.0194552529,3375.8,0.9131944444,0.3191800878,0.1950146628,0.113030775,0.6503517666,0.5095442941,0.6484302502,0.7930807556,1.417854302,0.735042735,0.185163908,0.6786324786,2.211996438,0.8512820513,-1.759895816,0.1743589744,0.1562234943,0.6188034188,1.123223013,0.6837606838,1.597543883,0.9162393162,-1.347703888,0.2,0.3200795059,0.5675213675,2.408967904,0.9299145299,-0.9619787203,0.2393162393,0.5764762135,0.07387555314,0.5771497176,0.07320204904,True,0.4738059538,0.03573834027,0.4709950968,0.03854919727,True,0.516409349,0.1320209012,0.513521636,0.1349086142,True,0.7264845898,0.06659616582,0.7230201091,0.07006064647,True
5350238.02,5350238.02,2021S05075350238.02,238.02,2021,0.2101790763,0.1771913289,2.7,0.2894736842,0.1131008483,0.460591133,0.7402843602,0.6071428571,0.1674876847,5433.1,0.8950471698,0.4673815907,0.4892857143,0.1035204603,0.4680361095,0.3278480271,0.4674811586,0.6087791427,-0.4799735166,0.4273504274,0.07246150171,0.6307692308,-0.1323635057,0.4991452991,-1.287401916,0.2769230769,-0.1106179169,0.4820512821,-0.5594362391,0.4188034188,0.7055427352,0.6974358974,-0.2587593863,0.4820512821,-0.8653413284,0.3709401709,0.6229308682,0.641025641,-0.1234310265,0.535042735,0.5065342611,-0.03849815162,0.5097553314,-0.04171922187,True,0.3702727541,-0.04242472695,0.3711774485,-0.04332942136,True,0.4619339221,0.005547236509,0.4647631407,0.002718017918,True,0.6827018715,-0.0739227288,0.6824278742,-0.07364873149,True
5350239.00,5350239.00,2021S05075350239.00,239,2021,0.2332339791,0.1460506706,2.8,0.3072378139,0.1535022355,0.5536480687,0.7135802469,0.5645833333,0.1094420601,2659.3,0.8173076923,0.4676539361,0.5588464536,0.02359039002,0.4674196133,0.3423516263,0.4399456137,0.6199616,-1.214955238,0.3042735043,-0.2951582115,0.4273504274,-0.9206193528,0.3538461538,-1.374773762,0.2683760684,-0.3357578416,0.3641025641,-1.282610502,0.2957264957,0.001003674457,0.4598290598,-0.6774267933,0.3726495726,-1.431800771,0.252991453,-0.1046615825,0.452991453,-0.195459819,0.4991452991,0.4740946328,-0.00667501948,0.4768349515,-0.009415338243,True,0.3314785586,0.01087306775,0.3351139609,0.007237665463,True,0.4289823566,0.0109632571,0.4334092386,0.006536375092,True,0.6575017266,-0.03754012656,0.6646893372,-0.04472773718,True
5350240.01,5350240.01,2021S05075350240.01,240.01,2021,0.16,0.2637037037,2.7,0.5325443787,0.0428994083,0.0677290837,0.7469879518,0.0441767068,0.0438247012,2656.5,0.9764492754,0.3988439306,0.1919191919,0.04266990904,0.6116272457,0.4968690818,0.5835626145,0.7544500409,1.50524031,0.7452991453,0.6286651258,0.811965812,2.505376294,0.8974358974,-2.183217195,0.1042735043,0.6715335179,0.8153846154,1.084869046,0.6752136752,2.21761882,0.9726495726,-1.488494563,0.1658119658,0.2092303622,0.535042735,3.309842345,0.9777777778,-0.7121272079,0.3179487179,0.5869387174,0.02468852825,0.5871285994,0.02449864628,True,0.4898248435,0.007044238317,0.4912915245,0.005577557321,True,0.5201145996,0.06344801492,0.5212218206,0.06234079396,True,0.7353962972,0.01905374363,0.7367438091,0.01770623171,True
5350240.02,5350240.02,2021S05075350240.02,240.02,2021,0.1551724138,0.329228243,2.2,0.3961605585,0.0985048373,0.4682080925,0.7151898734,0.7524557957,0.3468208092,5871.2,0.8433619866,0.5030250648,0.2886776145,0.1529673311,0.6051583885,0.4208475832,0.6402030914,0.754424491,0.875047503,0.6393162393,2.2149679,0.9743589744,0.9095290779,0.6581196581,0.5540938111,0.6735042735,1.871194575,0.9521367521,0.8176472583,0.6256410256,2.500013641,0.9863247863,2.419417269,0.9299145299,0.7526737009,0.6427350427,2.368479508,0.9213675214,2.192895295,0.9367521368,0.5905418164,0.01461657215,0.5894870661,0.01567132244,True,0.459112409,-0.03826482582,0.4584934007,-0.03764581758,True,0.5427219749,0.09748111649,0.5407058982,0.09949719312,True,0.7761422966,-0.02171780563,0.7736252609,-0.01920076988,True
5350241.00,5350241.00,2021S05075350241.00,241,2021,0.1895306859,0.2039711191,2.8,0.3933333333,0.0598911071,0.1333333333,0.7348484848,0.1161616162,0.0205128205,2551.8,0.9100877193,0.3988970588,0.2348623853,0.1433866195,0.5476671207,0.4184968883,0.55498564,0.6695188337,0.6750154054,0.6051282051,-0.1158689482,0.5282051282,1.536154107,0.7572649573,-2.286955758,0.08717948718,-0.1041665788,0.4905982906,0.3815667948,0.5692307692,1.351088811,0.8803418803,-1.610253994,0.1401709402,-0.4260858189,0.4376068376,1.964543372,0.8581196581,-1.249858414,0.1299145299,0.54485491,0.00281221067,0.5465016191,0.001165501624,True,0.4356104289,-0.01711354059,0.4351572985,-0.01666041027,True,0.4884035691,0.06658207095,0.4889867699,0.06599887018,True,0.6963016643,-0.02678283061,0.6972059996,-0.02768716587,True
5350242.00,5350242.00,2021S05075350242.00,242,2021,0.2236421725,0.1437699681,2.7,0.3032258065,0.1884984026,0.5092592593,0.7595818815,0.5043478261,0.037037037,2563.9,0.8724279835,0.4782608696,0.5666666667,0.1517383477,0.5544493418,0.4219316599,0.5656897313,0.6757266342,-1.065165636,0.335042735,-0.2284631184,0.4700854701,-0.7230035737,0.4136752137,-1.22087049,0.2974358974,-0.03947992095,0.5230769231,-1.118547076,0.3196581197,0.1703710679,0.5196581197,-0.5767624016,0.4017094017,-1.38968418,0.264957265,-0.1415252459,0.4444444444,-0.4695021696,0.4222222222,0.4805699299,0.07387941189,0.4798052867,0.07464405509,True,0.3455340521,0.07639760775,0.3464832202,0.07544843969,True,0.4365908701,0.1290988612,0.4363063116,0.1293834197,True,0.6551458397,0.02058079456,0.6557770752,0.01994955898,True
5350243.01,5350243.01,2021S05075350243.01,243.01,2021,0.2614641995,0.1697506034,2.9,0.2547770701,0.1884057971,0.3744075829,0.6264855688,0.9691943128,0.9407582938,19708.1,0.7634297521,0.5746031746,0.8419380461,0.2545656161,0.4258955542,0.243603341,0.4107406549,0.6233426667,-1.856309812,0.1692307692,0.8591604981,0.8615384615,-2.463512633,0.07008547009,0.9553606495,0.7487179487,0.5041691787,0.7606837607,-1.629175978,0.2188034188,-0.05436931327,0.4341880342,2.633540135,0.9487179487,-0.9206629336,0.3572649573,-1.120754083,0.2205128205,2.094404684,0.9282051282,0.4701598739,-0.0442643197,0.473070595,-0.04717504084,True,0.2947532003,-0.05114985922,0.2969973529,-0.05339401187,True,0.4414616355,-0.03072098061,0.4438859844,-0.03314532952,True,0.6892648915,-0.06592222479,0.6921210512,-0.06877838455,True
5350243.02,5350243.02,2021S05075350243.02,243.02,2021,0.233201581,0.1897233202,2.9,0.2614213198,0.1122853369,0.4980988593,0.6766381766,0.427480916,0.0456273764,3120.8,0.819218241,0.5148648649,0.5959459459,0.2553918124,0.4046487976,0.2840921056,0.4053489738,0.5245053136,-1.258652612,0.2957264957,-0.4448316838,0.3179487179,-0.9067657413,0.3606837607,-1.515671672,0.2393162393,-0.4365765987,0.305982906,-1.310008195,0.2820512821,0.03663435481,0.4752136752,-0.816389438,0.3384615385,-1.578587522,0.2170940171,-0.2904508646,0.4085470085,-0.707209997,0.3213675214,0.4700541186,-0.06540532101,0.4686890283,-0.0640402307,True,0.3295095857,-0.04541748019,0.3280991078,-0.04400700224,True,0.4274367188,-0.02208774497,0.4266494821,-0.02130050833,True,0.6451868346,-0.120681521,0.6441763014,-0.1196709878,True
5350244.01,5350244.01,2021S05075350244.01,244.01,2021,0.2295081967,0.1707650273,2.9,0.2720588235,0.0846994536,0.3176470588,0.7314285714,0.246031746,0,2573.6,0.8855721393,0.4369863014,0.5267489712,0.09435731931,0.4669056748,0.3585285283,0.4106311656,0.6315573304,-0.7719154306,0.3863247863,-0.6880249328,0.1948717949,-0.0494143367,0.5128205128,-2.545154761,0.05982905983,-0.7027803232,0.1914529915,-0.9697033684,0.3487179487,0.421698539,0.5931623932,-1.812438619,0.09401709402,-1.567245067,0.2205128205,0.5817616351,0.6188034188,-1.39565384,0.08547008547,0.4834964369,-0.0165907621,0.4823003338,-0.01539465904,True,0.3549250833,0.003603445035,0.3550148327,0.003513695669,True,0.4347734081,-0.02414224258,0.4342664423,-0.02363527668,True,0.6463802933,-0.01482296296,0.6454270903,-0.01386975995,True
5350244.02,5350244.02,2021S05075350244.02,244.02,2021,0.2464912281,0.1342105263,3,0.1766666667,0.1502636204,0.5324675325,0.7024029575,0.6865284974,0.4311688312,3940.4,0.8538550058,0.5258545136,0.7966695881,0.08877733015,0.341655974,0.1785205641,0.3136036047,0.5328437533,-2.129389646,0.1196581197,-0.3836980601,0.3623931624,-1.997094713,0.1521367521,-1.505221298,0.2461538462,-0.7041241833,0.188034188,-2.116161577,0.1264957265,-0.2642893411,0.3452991453,-0.2615756289,0.4803418803,-2.061774281,0.1299145299,-0.7434243709,0.2888888889,0.09601248499,0.6068376068,0.4398286855,-0.09817271155,0.4438643291,-0.1022083551,True,0.2776005926,-0.09908002854,0.2810235742,-0.1025030102,True,0.4027933799,-0.0891897752,0.4086643146,-0.09506070993,True,0.635609536,-0.1027657827,0.6415862082,-0.1087424548,True
5350245.00,5350245.00,2021S05075350245.00,245,2021,0.2359630419,0.171286425,2.6,0.244473342,0.1408250356,0.5609756098,0.7509377344,0.5485074627,0.0318949343,4949,0.8264680105,0.4789436117,0.6128571429,0.2969177688,0.4125251408,0.2780554967,0.3620408027,0.5974791229,-1.069630751,0.3333333333,-0.2917801651,0.4307692308,-0.8513928987,0.3726495726,-0.9540895143,0.3572649573,-0.2255945564,0.4170940171,-1.038382409,0.3333333333,0.115958823,0.505982906,-0.1534933066,0.5094017094,-1.294439887,0.2888888889,-0.5160463779,0.3487179487,-0.5613714235,0.3948717949,0.4793635991,-0.06683845829,0.4809211499,-0.06839600914,True,0.3397710779,-0.06171558125,0.3406003854,-0.06254488873,True,0.4417135042,-0.07967270146,0.4417039469,-0.07966314421,True,0.6530462555,-0.05556713259,0.6570289012,-0.05954977836,True
5350246.00,5350246.00,2021S05075350246.00,246,2021,0.2197309417,0.1913303438,2.7,0.3066666667,0.1210762332,0.3647058824,0.7332293292,0.1976284585,0.0078431373,3118.3,0.8630630631,0.4355555556,0.5007407407,0.06044395527,0.4939941923,0.3462087335,0.4098795666,0.7258942768,-0.6278113917,0.4068376068,-0.2255636601,0.4735042735,0.006106673526,0.5230769231,-2.001031286,0.1316239316,-0.1166732706,0.4803418803,-0.8179154573,0.3743589744,0.6537796436,0.6803418803,-1.262351724,0.2136752137,-1.316729203,0.2769230769,0.7717084333,0.6632478632,-0.856994703,0.2683760684,0.4963068259,-0.002312633626,0.4978957714,-0.003901579086,True,0.3699597642,-0.02375103063,0.3686518193,-0.02244308571,True,0.4458627731,-0.03598320657,0.4449286052,-0.03504903862,True,0.6621437834,0.06375049341,0.659984906,0.06590937079,True
5350247.01,5350247.01,2021S05075350247.01,247.01,2021,0.3152354571,0.1457063712,3,0.3809064609,0.1023489933,0.3604651163,0.6698224852,0.7009966777,0.4069767442,523.5,0.7526525199,0.5601566872,0.9127516779,0.08850493608,0.3655622723,0.2101708538,0.3324030868,0.5541128762,-2.171771471,0.1094017094,-0.6092456476,0.2358974359,-2.09247179,0.1316239316,-1.481272687,0.2512820513,-0.9239879859,0.1401709402,-2.193161313,0.1196581197,-0.6994528505,0.2358974359,-0.6467713503,0.3760683761,-1.981702546,0.1401709402,-0.9028739485,0.2598290598,-0.003490152395,0.5760683761,0.4345817332,-0.06901946094,0.4392068678,-0.07364459546,True,0.2706878903,-0.06051703648,0.2724020444,-0.06223119062,True,0.3933457986,-0.06094271172,0.4020291789,-0.06962609205,True,0.6351805013,-0.08106762505,0.64111811,-0.0870052338,True
5350247.02,5350247.02,2021S05075350247.02,247.02,2021,0.2598752599,0.1746361746,3,0.3304347826,0.0741510742,0.2792607803,0.7047272727,0.3744855967,0.1170431211,2234,0.8025104603,0.5232155232,0.6299376299,0.2650744152,0.4540032148,0.3100906472,0.4116528508,0.6402661464,-1.225752621,0.3008547009,-0.6523357825,0.2102564103,-0.7650505932,0.4,-1.97836207,0.1333333333,-0.6974569869,0.1948717949,-1.329852574,0.2717948718,0.03596845294,0.4735042735,-1.192602897,0.2256410256,-1.659592834,0.2017094017,-0.1124821914,0.4512820513,-1.018186185,0.211965812,0.4678058368,-0.01380262196,0.4668460971,-0.0128428823,True,0.3282443219,-0.01815367472,0.3273072305,-0.01721658336,True,0.4240572181,-0.01240436736,0.4238422492,-0.01218939844,True,0.6409393505,-0.0006732041159,0.6405323511,-0.000266204699,True
5350248.02,5350248.02,2021S05075350248.02,248.02,2021,0.2698555957,0.1218411552,3.1,0.2357274401,0.226691042,0.6507042254,0.7719465649,0.3848314607,0.1887323944,4563.7,0.8305084746,0.5365630713,0.8765996344,0.3809775434,0.3368870786,0.1698447661,0.3061858776,0.5346305923,-2.570991542,0.06837606838,-0.9443604985,0.1008547009,-2.402763063,0.08376068376,-1.24390111,0.2923076923,-0.5714485457,0.252991453,-2.499294286,0.07692307692,-0.9824985956,0.188034188,-0.8262338681,0.3316239316,-2.559960324,0.07179487179,-1.941012333,0.1418803419,-0.9815719035,0.2273504274,0.414723776,-0.07783669742,0.4147483567,-0.0778612781,True,0.2636406284,-0.09379586225,0.2642054493,-0.09436068323,True,0.3795265542,-0.07334067668,0.3829877255,-0.0768018479,True,0.5957530154,-0.06112242316,0.5937900269,-0.05915943468,True
5350248.03,5350248.03,2021S05075350248.03,248.03,2021,0.3050847458,0.1506591337,3.4,0.3203883495,0.0608365019,0.1910828025,0.685767098,0.2614379085,0.3121019108,710.2,0.7538802661,0.6007194245,0.9156193896,0.01571585933,0.3713294342,0.2492731827,0.3204430493,0.5442720705,-2.801369894,0.04444444444,-1.052998605,0.08205128205,-2.231321131,0.1076923077,-3.15501401,0.0188034188,-1.239518414,0.08547008547,-2.994712448,0.03247863248,-0.557709148,0.2547008547,-2.027265827,0.06666666667,-3.099650451,0.02735042735,-0.5219601516,0.3418803419,-0.8914202418,0.2547008547,0.4046645555,-0.03333512134,0.4040554002,-0.03272596596,True,0.2453803805,0.003892802236,0.2458837299,0.003389452833,True,0.3590163782,-0.03857332894,0.3584284372,-0.0379853879,True,0.5953431758,-0.05107110531,0.5954530731,-0.05118100256,True
5350248.04,5350248.04,2021S05075350248.04,248.04,2021,0.3346814965,0.1860465116,3,0.3176691729,0.1028331584,0.4952681388,0.6906552095,0.6,0.1703470032,3347.8,0.7213695396,0.5794392523,0.9356178609,0.3624241134,0.3236027733,0.1785298611,0.3152118959,0.477066563,-2.379415764,0.09572649573,-0.8722833717,0.1230769231,-2.338422906,0.0905982906,-1.175652652,0.3128205128,-0.903901096,0.1452991453,-2.301693444,0.09914529915,-0.9415525325,0.1948717949,-0.5459129232,0.411965812,-2.209742714,0.1094017094,-1.741068746,0.1675213675,-0.6918162574,0.3316239316,0.4227869724,-0.09918419905,0.4266678695,-0.1030650962,True,0.2627504311,-0.08422057007,0.2653406772,-0.08681081608,True,0.3882818836,-0.0730699877,0.3925178292,-0.0773059333,True,0.611653644,-0.134587081,0.6143228426,-0.1372562796,True
5350248.05,5350248.05,2021S05075350248.05,248.05,2021,0.3022170362,0.2088681447,3.2,0.297235023,0.0943847073,0.3204633205,0.6976439791,0.3471698113,0.1583011583,3789.7,0.7041499331,0.5759096612,0.8456712673,0.1103819474,0.4042008723,0.2653492661,0.3643369238,0.5829164269,-2.558662743,0.07008547009,-0.4762892056,0.3008547009,-2.168727589,0.1213675214,-2.146895357,0.1094017094,-0.447790503,0.2991452991,-2.658711482,0.06495726496,-0.208331734,0.3760683761,-0.8954464625,0.3094017094,-2.715618179,0.05299145299,-0.6407553108,0.3179487179,-0.4190285148,0.4444444444,0.4228997494,-0.01869887713,0.4205482897,-0.01634741739,True,0.2675840114,-0.002234745328,0.2651971707,0.0001520953429,True,0.381360059,-0.01702313516,0.3818939182,-0.01755699437,True,0.6111251135,-0.02820868661,0.611349006,-0.02843257912,True
5350249.01,5350249.01,2021S05075350249.01,249.01,2021,0.2578890098,0.239390642,3.4,0.2912205567,0.0598476605,0.156133829,0.8055235903,0.2740740741,0.029739777,5541.1,0.821656051,0.651214128,0.8543046358,0.04691914811,0.4055343907,0.2504912092,0.3834371798,0.582674783,-2.557773159,0.07179487179,-0.04402350632,0.5606837607,-1.734877811,0.211965812,-3.188782539,0.01709401709,0.1001610597,0.5863247863,-2.813842434,0.04615384615,0.8479062804,0.7384615385,-1.156940927,0.2376068376,-3.217196262,0.02393162393,0.5340539599,0.6051282051,-0.5008912379,0.4153846154,0.4300737717,-0.02453938098,0.4291005812,-0.02356619048,True,0.2847381575,-0.03424694831,0.2839454518,-0.03345424254,True,0.384641016,-0.001203836174,0.3846555313,-0.001218351472,True,0.6073097901,-0.02463500704,0.6073244576,-0.0246496746,True
5350249.03,5350249.03,2021S05075350249.03,249.03,2021,0.307277628,0.1509433962,3.5,0.2838283828,0.0728417266,0.3647798742,0.7378277154,0.3040752351,0.1383647799,1878.3,0.7659804984,0.589028777,0.881294964,0.1055921062,0.3822485475,0.2108573171,0.3221670944,0.6137212309,-2.900275192,0.0358974359,-1.303017457,0.05128205128,-2.307641,0.09743589744,-3.130289955,0.02051282051,-1.342240393,0.0735042735,-3.045260515,0.02735042735,-0.7351114599,0.2290598291,-2.161831239,0.04615384615,-3.270223494,0.0188034188,-0.9685110582,0.2495726496,-1.343588101,0.1076923077,0.3969856385,-0.01473709099,0.3941089278,-0.01186038032,True,0.2408594934,-0.03000217627,0.2398182931,-0.02896097595,True,0.3547155252,-0.03254843083,0.3522569547,-0.03008986032,True,0.5803401607,0.03338107017,0.5780190673,0.03570216354,True
5350249.04,5350249.04,2021S05075350249.04,249.04,2021,0.2896678967,0.1771217712,3.3,0.3333333333,0.0905730129,0.2160493827,0.6824196597,0.3333333333,0.024691358,3943.8,0.7345132743,0.5585585586,0.8669064748,0.04704493181,0.3328700777,0.1913543601,0.3265719176,0.4806839555,-2.521531209,0.07521367521,-0.7659504643,0.1572649573,-1.963442371,0.158974359,-2.614413478,0.0547008547,-0.6025696842,0.2376068376,-2.690532346,0.06153846154,-0.3335216348,0.3179487179,-1.605040994,0.147008547,-2.866008416,0.04102564103,-0.5216648263,0.3435897436,-0.8649728421,0.264957265,0.4194458218,-0.0865757441,0.418147512,-0.08527743431,True,0.2704951542,-0.07914079414,0.2710480609,-0.07969370083,True,0.3739746259,-0.04740270834,0.3731857995,-0.04661388193,True,0.6026148403,-0.1219308848,0.6042322405,-0.123548285,True
5350249.05,5350249.05,2021S05075350249.05,249.05,2021,0.2774308653,0.0999107939,3.5,0.337860781,0.1944692239,0.762345679,0.6406101049,0.8549382716,0.2067901235,8717.2,0.630952381,0.6529884032,0.9179304193,0.1450855934,0.3460192677,0.1483853342,0.3284919706,0.5611804983,-3.628881807,0.005128205128,-0.7120419848,0.1794871795,-3.84162163,0.005128205128,-0.6968236015,0.4222222222,-0.533722416,0.2666666667,-3.50097935,0.01196581197,-1.683079959,0.1145299145,-0.06300395615,0.5367521368,-2.954285896,0.03247863248,-2.583559227,0.08888888889,0.5402429913,0.7367521368,0.3806130914,-0.03459382374,0.3798579728,-0.0338387051,True,0.2050438463,-0.05665851214,0.2040819694,-0.05569663518,True,0.3463052034,-0.0178132328,0.3432506646,-0.01475869398,True,0.5953432118,-0.03416271352,0.5967629789,-0.03558248067,True
5350250.01,5350250.01,2021S05075350250.01,250.01,2021,0.2666005946,0.1744301288,3.3,0.3160813309,0.1130346232,0.3771043771,0.7384284177,0.3846153846,0.0101010101,3634.6,0.7134220073,0.5583075335,0.7574819401,0.2013455708,0.4188209554,0.250541664,0.3800724767,0.6258487254,-2.387400586,0.09401709402,-0.6184979649,0.2273504274,-1.931952576,0.1641025641,-2.112649936,0.1128205128,-0.3786394166,0.335042735,-2.478483091,0.07863247863,-0.2512605048,0.3521367521,-1.047799333,0.2735042735,-2.67426456,0.05641025641,-0.7524206261,0.2871794872,-0.7398940424,0.3094017094,0.4266937066,-0.0078727512,0.4245313163,-0.005710360916,True,0.2793286101,-0.02878694612,0.2788809611,-0.02833929712,True,0.3856046464,-0.005532169636,0.3822470093,-0.00217453254,True,0.6074250609,0.01842366458,0.6054601304,0.02038859508,True
5350250.02,5350250.02,2021S05075350250.02,250.02,2021,0.2338709677,0.1945564516,2.8,0.2658959538,0.1225937183,0.3789173789,0.729787234,0.4154727794,0.037037037,2557.4,0.8514851485,0.500998004,0.6073926074,0.1321647093,0.4255124599,0.3307036574,0.369673419,0.5761603033,-1.185094316,0.3076923077,-0.1582975555,0.5025641026,-0.7010203825,0.4170940171,-1.798281621,0.1675213675,-0.1210218139,0.4752136752,-1.299716633,0.2854700855,0.5086016038,0.6307692308,-0.737830694,0.3555555556,-1.650860071,0.2034188034,0.2721751372,0.5367521368,-0.5445710749,0.3982905983,0.4774270991,-0.05191463917,0.4756525534,-0.05014009351,True,0.3402698388,-0.009566181358,0.3390846629,-0.008381005446,True,0.4328719018,-0.06319848281,0.4322873462,-0.06261392722,True,0.6507396567,-0.07457935347,0.6492306283,-0.07307032503,True
5350250.04,5350250.04,2021S05075350250.04,250.04,2021,0.2558922559,0.0833333333,3,0.2410575428,0.1305812974,0.5954198473,0.5950864422,1,0.524173028,12245.4,0.6351197263,0.612244898,0.9344680851,0.1307574003,0.3540382768,0.1623672365,0.3685963535,0.5311512403,-2.976731822,0.03076923077,-0.3632666113,0.3743589744,-3.405645356,0.01367521368,-0.2747685808,0.5179487179,-0.7226658296,0.1829059829,-2.782354116,0.04957264957,-1.243462172,0.1538461538,0.9731526123,0.7641025641,-2.125590523,0.1196581197,-2.125989594,0.1299145299,1.182991602,0.8478632479,0.4097699828,-0.05573170598,0.4081419498,-0.054103673,True,0.2257341753,-0.06336693871,0.2250210239,-0.06265378734,True,0.3810605044,-0.01246415089,0.3752290585,-0.006632705027,True,0.6323023549,-0.1011511146,0.6327758775,-0.1016246371,True
5350250.05,5350250.05,2021S05075350250.05,250.05,2021,0.2503556188,0.1201991465,3.2,0.2094508301,0.1770981508,0.5914221219,0.625,0.9954648526,0.5372460497,10511.3,0.6574074074,0.7226534933,0.8836389281,0.1310545849,0.3994988421,0.2015594044,0.3798714563,0.6170656655,-3.481632867,0.006837606838,0.1777007953,0.6735042735,-3.874738459,0.003418803419,-0.2953851697,0.505982906,-0.07406010803,0.5094017094,-3.304701564,0.01709401709,-0.7937223758,0.2153846154,1.492399975,0.8598290598,-2.604180222,0.07008547009,-1.91114746,0.147008547,1.75794506,0.9145299145,0.4005960552,-0.001097213144,0.4063260523,-0.006827210185,True,0.2131990263,-0.01163962192,0.2173795198,-0.01582011542,True,0.3724494146,0.007422041716,0.3767953079,0.003076148402,True,0.6270402499,-0.009974584345,0.6323156047,-0.01524993915,True
5350260.01,5350260.01,2021S05075350260.01,260.01,2021,0.253414264,0.1737481032,2.8,0.4123563218,0.1564160972,0.2207792208,0.6846089151,0.9914893617,0.9978354978,9236.2,0.7668539326,0.6326693227,0.8533864542,0.2323436774,0.5976055802,0.3475663564,0.6488829667,0.7963674175,-1.56597669,0.2256410256,1.201837812,0.9094017094,-2.028368566,0.1401709402,0.5892324452,0.6837606838,0.7294902866,0.8324786325,-1.447553083,0.2495726496,0.458722419,0.6068376068,2.501085017,0.9401709402,-0.7778081246,0.3794871795,-0.2005527271,0.4239316239,2.429747997,0.9555555556,0.4862367349,0.1113688453,0.4813070243,0.1162985559,True,0.3137835127,0.03378284369,0.3132285354,0.03433782106,True,0.4512373036,0.1976456632,0.4410846274,0.2077983393,True,0.7069374719,0.0894299456,0.7033465983,0.09302081917,True
5350260.04,5350260.04,2021S05075350260.04,260.04,2021,0.2448453608,0.1469072165,2.8,0.355721393,0.2580645161,0.9819494585,0.6236702128,1,0.0216606498,20622,0.6149825784,0.6735688185,0.8353658537,0.2322945235,0.402572846,0.2498965299,0.2226429112,0.7351790968,-2.887694509,0.03760683761,0.3391719198,0.7418803419,-3.533644263,0.01025641026,1.462360111,0.8085470085,0.8602412136,0.8683760684,-2.593653615,0.07179487179,-1.260833777,0.1504273504,1.964060427,0.8974358974,-1.826159422,0.1658119658,-2.724941424,0.08205128205,1.671722323,0.9094017094,0.4245700153,-0.02199716932,0.4236400612,-0.02106721516,True,0.2563740812,-0.006477551345,0.258690658,-0.008794128129,True,0.3941427895,-0.1714998783,0.4070735211,-0.1844306098,True,0.6408187794,0.09436031742,0.6432159086,0.09196318816,True
5350260.05,5350260.05,2021S05075350260.05,260.05,2021,0.2765700483,0.0640096618,3.1,0.2756097561,0.3188405797,0.9809885932,0.6754507628,0.7180451128,0.0114068441,16276.1,0.6160714286,0.5452229299,0.7108280255,0.2322945235,0.3526406133,0.2038427968,0.2270691093,0.627009934,-3.15269232,0.02393162393,-0.8035307168,0.1487179487,-3.568645183,0.008547008547,0.5351036667,0.6700854701,-0.1220625786,0.4735042735,-2.881315342,0.03931623932,-2.041288551,0.08717948718,0.467911082,0.6564102564,-2.375733371,0.09401709402,-3.428964353,0.05128205128,0.191918667,0.6444444444,0.3961835757,-0.04354296237,0.3959961818,-0.04335556853,True,0.2336208444,-0.02977804761,0.2335180097,-0.0296752129,True,0.3665525121,-0.1394834028,0.3693051702,-0.1422360609,True,0.5997673201,0.02724261389,0.59545924,0.03155069393,True
5350260.06,5350260.06,2021S05075350260.06,260.06,2021,0.337543054,0.0757749713,2.6,0.456928839,0.170310702,0.6948640483,0.5122249389,0.8090909091,0.4380664653,4731.6,0.6940836941,0.6055363322,0.830449827,0.2322593873,0.3833178599,0.1979229296,0.2213572805,0.7306733696,-1.932175898,0.1572649573,-1.121226166,0.07179487179,-2.486258058,0.06666666667,0.3766068389,0.6478632479,-1.389007089,0.06324786325,-1.729507671,0.1948717949,-2.242518915,0.07692307692,-0.3088380459,0.4700854701,-1.033457027,0.335042735,-2.564672387,0.09572649573,0.1766559193,0.6376068376,0.4347174264,-0.05139956648,0.4367077885,-0.05338992858,True,0.2637126118,-0.06578968221,0.2673962047,-0.0694732751,True,0.395814574,-0.1744572934,0.4006702347,-0.1793129541,True,0.6484449322,0.08222843738,0.6507159599,0.07995740973,True
5350260.07,5350260.07,2021S05075350260.07,260.07,2021,0.1866295265,0.2618384401,2.4,0.459057072,0.1128133705,0.2124183007,0.6875834446,0.9697986577,0.9934640523,10420.8,0.9412724307,0.6379974326,0.7483953787,0.2298885661,0.521921516,0.3619229523,0.3700233216,0.8338182741,-0.03220159326,0.4991452991,2.189780752,0.9709401709,-0.351622173,0.4666666667,0.8998116557,0.7367521368,1.573849677,0.9418803419,-0.01250095118,0.494017094,1.85515877,0.9521367521,2.96482913,0.9606837607,0.4302684521,0.5846153846,1.608460249,0.8085470085,2.929100999,0.9743589744,0.5575803693,-0.03565885331,0.5497097988,-0.0277882828,True,0.4022181346,-0.04029518234,0.3877675746,-0.02584462235,True,0.5139384406,-0.143915119,0.5172085541,-0.1471852325,True,0.767403894,0.06641438009,0.7612538705,0.07256440353,True
5350261.00,5350261.00,2021S05075350261.00,261,2021,0.1990990991,0.272972973,2.4,0.3333333333,0.2246445498,0.4512471655,0.7159647405,0.7505668934,0.4580498866,2899.8,0.8139784946,0.5909090909,0.7793560606,0.2818486911,0.5263724669,0.3928030226,0.4628308296,0.7234835486,-1.244614568,0.2991452991,1.803944528,0.9504273504,-1.439230399,0.2615384615,0.7149153227,0.7111111111,1.885004267,0.9538461538,-1.179046783,0.3128205128,1.321014554,0.8683760684,2.548543579,0.947008547,-0.8619483717,0.3726495726,0.3855727879,0.5726495726,2.200350434,0.9384615385,0.5077131064,0.01865936046,0.5110079363,0.01536453062,True,0.3562750856,0.03652793705,0.3589314026,0.03387162,True,0.468456783,-0.005625953423,0.4698125615,-0.006981731828,True,0.7077568561,0.01572669246,0.7108085378,0.01267501075,True
5350262.01,5350262.01,2021S05075350262.01,262.01,2021,0.2207014542,0.1822070145,2.2,0.3981762918,0.1618150685,0.669793621,0.6143250689,0.8301886792,0.2120075047,8716.6,0.7853403141,0.5198961938,0.5916955017,0.2367678721,0.4708175099,0.3133736676,0.4204409337,0.6786379284,-0.4168799174,0.4376068376,0.4948984152,0.7777777778,-0.7282277688,0.4102564103,0.8626819456,0.7299145299,0.4157568319,0.7282051282,-0.2919170748,0.452991453,-0.002285469547,0.4581196581,1.208792957,0.8136752137,-0.01784716029,0.494017094,-0.4404306368,0.3726495726,1.016566872,0.8205128205,0.5157773007,-0.04495979079,0.5158374446,-0.04501993471,True,0.3699380729,-0.0565644053,0.3726960708,-0.0593224031,True,0.4743738427,-0.05393290904,0.4804306815,-0.05998974777,True,0.7104380171,-0.03180008877,0.712630432,-0.03399250362,True
5350262.02,5350262.02,2021S05075350262.02,262.02,2021,0.209432454,0.1662669864,2.6,0.3580980684,0.1472,0.6237006237,0.7163299663,0.617768595,0,2913.3,0.8403614458,0.4976228209,0.5356576862,0.1666414152,0.4120079274,0.2793783866,0.3533841988,0.6032611968,-0.7368058449,0.3914529915,-0.05200484809,0.5555555556,-0.5124299565,0.4461538462,-0.810805327,0.3846153846,0.007778889595,0.5487179487,-0.7696704537,0.3863247863,0.1936951528,0.5264957265,-0.3094730889,0.4683760684,-0.9483705268,0.3504273504,-0.00509894094,0.4837606838,-0.1095841401,0.5452991453,0.4952645482,-0.08325662082,0.4992829516,-0.0872750242,True,0.3591922182,-0.07981383163,0.361767195,-0.08238880838,True,0.4499216901,-0.09653749131,0.4554204994,-0.1020363006,True,0.6739327018,-0.07067150494,0.6745268851,-0.07126568824,True
5350263.02,5350263.02,2021S05075350263.02,263.02,2021,0.1806451613,0.2748387097,2,0.5808823529,0.1122994652,0.3116531165,0.6036931818,0.6434316354,0.6151761518,1937.1,0.8363095238,0.4692202462,0.4199726402,0.1416156987,0.6387621618,0.4554178541,0.4559780798,1.004890552,1.267530638,0.7042735043,1.827435456,0.9555555556,1.126514935,0.6991452991,0.9512887007,0.747008547,1.418485301,0.9316239316,1.187978528,0.6923076923,1.705390731,0.9316239316,1.782420942,0.8871794872,1.389277102,0.7521367521,2.160402228,0.8957264957,2.12085296,0.9316239316,0.5982181619,0.04054399991,0.6016357045,0.03712645726,True,0.4663791183,-0.01096126418,0.4699768555,-0.01455900139,True,0.5422994542,-0.08632137443,0.5470244149,-0.09104633507,True,0.7921078599,0.2127826916,0.7923697011,0.2125208504,True
5350263.03,5350263.03,2021S05075350263.03,263.03,2021,0.2146709817,0.1812297735,2.2,0.5073260073,0.1003236246,0.6043165468,0.7043956044,0.7146282974,0.175059952,2978.6,0.8504551365,0.5078864353,0.5730809674,0.2192868503,0.5413177772,0.3730134088,0.5315388531,0.7194010698,0.1501168813,0.5316239316,0.2918104973,0.7196581197,0.1667808825,0.558974359,-0.03053398769,0.5692307692,0.1143621695,0.5948717949,0.1400265777,0.5264957265,0.3606977648,0.5743589744,0.213626518,0.6034188034,0.1140919762,0.5162393162,0.4344428523,0.5829059829,0.401353167,0.6905982906,0.5327613724,0.008556404779,0.532349763,0.008968014219,True,0.3977870357,-0.0247736269,0.3976468225,-0.02463341365,True,0.4844365477,0.0471023054,0.4827723126,0.04876654054,True,0.7161130116,0.003288058141,0.7158429427,0.003558127066,True
5350263.04,5350263.04,2021S05075350263.04,263.04,2021,0.1763341067,0.3356535189,1.9,0.5346687211,0.133963751,0.5722627737,0.5869205298,1,0.6204379562,9574.9,0.8203330412,0.5773195876,0.5749405234,0.1311045726,0.7959707074,0.6666472866,0.7101018483,1.011162987,0.6480776899,0.5982905983,2.693297175,0.9863247863,0.1077491922,0.5452991453,2.162581479,0.8495726496,2.267891206,0.9709401709,0.7117048333,0.6102564103,1.864232559,0.9538461538,3.522215292,0.9777777778,1.3066034,0.735042735,1.697003028,0.8273504274,3.563904693,0.9829059829,0.5903030381,0.2056676693,0.5956468859,0.2003238215,True,0.4430669857,0.2235803008,0.4496294239,0.2170178626,True,0.5412513823,0.168850466,0.5403751819,0.1697266664,True,0.8018919106,0.2092710766,0.8088156926,0.2023472946,True
5350264.00,5350264.00,2021S05075350264.00,264,2021,0.1706349206,0.3015873016,2.9,0.747826087,0.1265822785,0.1176470588,0.8445378151,0.1084337349,0.1411764706,367.4,0.9198113208,0.531120332,0.5601659751,0.001181845458,0.3890412496,0.2143246933,0.2974544706,0.6553445849,0.2350123819,0.5435897436,1.562812644,0.9282051282,1.093720831,0.6923076923,-1.58674843,0.2170940171,2.074004982,0.9658119658,-0.2067454552,0.4786324786,2.311365195,0.9760683761,-0.5482058226,0.4102564103,-0.6601546448,0.4068376068,3.105965291,0.9709401709,0.7030398981,0.7760683761,0.5568069209,-0.1677656713,0.5545665142,-0.1655252646,True,0.4507905952,-0.2364659019,0.4523413166,-0.2380166234,True,0.4865375407,-0.18908307,0.4887656059,-0.1913111353,True,0.7240963549,-0.06875177004,0.720218098,-0.06487351311,True
5350265.00,5350265.00,2021S05075350265.00,265,2021,0.1368136814,0.3105310531,2.6,0.8116591928,0.0826180258,0.1349862259,0.6449511401,0.35,0.4462809917,2085.1,0.7697441602,0.286163522,0.2837696335,0.09731474346,0.5658401574,0.4385527253,0.4447139079,0.814253839,2.11707514,0.8615384615,1.914575245,0.958974359,2.440496031,0.8837606838,0.2945699118,0.6341880342,1.991089929,0.9606837607,1.811753052,0.8,2.258328065,0.9743589744,0.707411556,0.7076923077,1.649062357,0.811965812,3.396034248,0.9811965812,1.526483389,0.8871794872,0.6301332135,-0.06429305614,0.6326877163,-0.06684755888,True,0.5264497551,-0.08789702981,0.5296771307,-0.09112440544,True,0.5597429789,-0.115029071,0.5648103285,-0.1200964205,True,0.8055461938,0.008707645149,0.8062957394,0.007958099584,True
5350266.00,5350266.00,2021S05075350266.00,266,2021,0.2084006462,0.2229402262,2.9,0.7083333333,0.0920840065,0.0849056604,0.6777003484,0.0783410138,0.141509434,1135.2,0.83203125,0.4350758853,0.4222972973,0.001383979861,0.5155583483,0.4606388673,0.4056845266,0.6803516509,0.5117797976,0.5760683761,0.342740674,0.7435897436,1.227620803,0.7179487179,-1.653238367,0.1914529915,0.6149037836,0.8017094017,0.1337711608,0.5247863248,1.042036338,0.8136752137,-1.604853757,0.1487179487,-0.2600565873,0.4615384615,2.150200007,0.894017094,-0.2978103845,0.4666666667,0.546576619,-0.03101827066,0.5455596097,-0.0300012614,True,0.4370015443,0.02363732303,0.4352808226,0.02535804479,True,0.4775463243,-0.07186179773,0.4779056743,-0.07222114775,True,0.7143789067,-0.03402725588,0.7140564622,-0.03370481137,True
5350267.00,5350267.00,2021S05075350267.00,267,2021,0.1819685691,0.2133995037,3,0.7479270315,0.1042183623,0.1691176471,0.7365771812,0.1326781327,0.0294117647,2233.5,0.8547888774,0.5122349103,0.6582381729,0.04223114391,0.4957408705,0.4528732833,0.4004588276,0.6338905007,-0.2086274138,0.4615384615,0.4229124254,0.7623931624,0.5495062646,0.611965812,-1.761476672,0.1726495726,0.9602414864,0.8820512821,-0.5906816939,0.4085470085,0.9496753973,0.7777777778,-1.592333911,0.1521367521,-0.9466472889,0.3521367521,1.823349854,0.8427350427,-0.1726310923,0.5111111111,0.5220584498,-0.02631757932,0.5246078917,-0.02886702123,True,0.4104055834,0.04246769985,0.4091074853,0.04376579793,True,0.4535733607,-0.05311453319,0.4552110834,-0.05475225582,True,0.6920489034,-0.05815840265,0.6925056782,-0.05861517749,True
5350268.00,5350268.00,2021S05075350268.00,268,2021,0.1517027864,0.2817337461,2.3,0.5849358974,0.1016419077,0.2765957447,0.7142857143,0.4814159292,0.3386524823,2134.5,0.8643911439,0.4385408406,0.4310618067,0.09511698001,0.5306591029,0.4210603482,0.4525804292,0.7183365312,1.054751543,0.6786324786,1.706663123,0.9401709402,1.354120955,0.7367521368,-0.1202828244,0.5538461538,1.640418136,0.9452991453,0.8453237068,0.6290598291,2.122395658,0.9709401709,0.9493366227,0.7606837607,0.6660033852,0.6324786325,2.630198037,0.9487179487,1.421602399,0.8820512821,0.588589783,-0.05793068008,0.5869551757,-0.05629607278,True,0.4698163526,-0.04875600442,0.4686674519,-0.04760710374,True,0.5292797939,-0.07669936468,0.5279769759,-0.07539654668,True,0.7671608539,-0.04882432276,0.7665389696,-0.04820243848,True
5350269.01,5350269.01,2021S05075350269.01,269.01,2021,0.3254493851,0.1267738884,2.4,0.4548286604,0.1685606061,0.8520179372,0.5393145161,0.995505618,0.2376681614,7074.6,0.7253121453,0.5822906641,0.7680461983,0.2310333532,0.4587677507,0.2885554426,0.4628667189,0.6248810904,-1.412016572,0.2632478632,-0.6601021,0.2068376068,-2.019985099,0.147008547,0.9496373576,0.7452991453,-0.8736079985,0.147008547,-1.173936503,0.3145299145,-1.770202371,0.1076923077,0.3235474872,0.6239316239,-0.5404182442,0.4205128205,-2.247329314,0.1196581197,0.4746356944,0.7145299145,0.4609957643,-0.002228013649,0.4602326592,-0.001464908455,True,0.2963460995,-0.007790656841,0.2962050057,-0.007649563053,True,0.4227287485,0.04013797046,0.4247400529,0.03812666603,True,0.6699027221,-0.04502163172,0.6709206465,-0.04603955604,True
5350269.02,5350269.02,2021S05075350269.02,269.02,2021,0.18359375,0.2109375,2.8,0.6884057971,0.0782778865,0.0994475138,0.6956521739,0.043956044,0.0607734807,1460.7,0.9138755981,0.4715909091,0.5435606061,0.1592550565,0.5213458908,0.3735591314,0.4488166974,0.7416618435,0.5442960113,0.5794871795,0.1210287333,0.6547008547,1.328788058,0.7299145299,-1.788067779,0.1692307692,0.4838687446,0.7521367521,0.1789105748,0.5333333333,0.9840942932,0.7897435897,-1.900177829,0.07863247863,-0.3496484532,0.4478632479,1.96888955,0.8615384615,-0.8079568339,0.2923076923,0.544079821,-0.02273393016,0.5438676051,-0.02252171433,True,0.4385735783,-0.06501444693,0.4382695645,-0.06471043306,True,0.4762842929,-0.02746759547,0.4755030113,-0.02668631391,True,0.7038320047,0.03782983876,0.7001396758,0.04152216766,True
5350270.01,5350270.01,2021S05075350270.01,270.01,2021,0.2237394958,0.1659663866,2.5,0.4395393474,0.1071428571,0.648,0.6411378556,0.5877659574,0.1253333333,4240.2,0.8083441982,0.4365904366,0.5343035343,0.0885364132,0.4773246476,0.330887082,0.4144459643,0.6866408964,-0.2394269364,0.4598290598,-0.229130171,0.4683760684,-0.119313637,0.5042735043,-0.5931854914,0.4376068376,-0.3786495784,0.3333333333,-0.2859353288,0.4581196581,-0.1216016383,0.4051282051,-0.6129653348,0.388034188,-0.3424012626,0.4512820513,0.1090468934,0.5025641026,-0.07271939196,0.5521367521,0.5101802193,-0.03285557166,0.5069272155,-0.02960256786,True,0.3735535901,-0.04266650803,0.3718569762,-0.04096989419,True,0.4601594289,-0.04571346464,0.4557728344,-0.04132687009,True,0.6935845595,-0.006943663138,0.6899600572,-0.00331916076,True
5350270.02,5350270.02,2021S05075350270.02,270.02,2021,0.2100938967,0.1525821596,2.7,0.3883928571,0.1081081081,0.7307692308,0.7080745342,0.5320512821,0.0224358974,5634.4,0.8803030303,0.4066587396,0.4726840855,0.1924556692,0.4480255409,0.2863024756,0.4364398453,0.6213343019,-0.1117580839,0.4769230769,-0.6134580397,0.2290598291,0.1787054868,0.5606837607,-1.000527761,0.347008547,-0.6535923501,0.2188034188,-0.1612114683,0.4820512821,-0.14014397,0.4,-1.163761274,0.2341880342,-0.4874954643,0.4307692308,-0.00645738331,0.4820512821,-0.8754932118,0.2581196581,0.5084099623,-0.0603844214,0.5136029652,-0.06557742429,True,0.3795510034,-0.09324852785,0.3811686532,-0.09486617769,True,0.4599625511,-0.02352270583,0.464238368,-0.02779852271,True,0.678612109,-0.05727780711,0.6779222257,-0.05658792379,True
5350271.01,5350271.01,2021S05075350271.01,271.01,2021,0.1941544885,0.1983298539,2.7,0.4980842912,0.0709812109,0.2429378531,0.8102345416,0.1542857143,0.1412429379,2679.4,0.9107142857,0.377593361,0.4522821577,0.1925298026,0.4475000729,0.3595030618,0.3735229607,0.6094741964,0.5713326659,0.5829059829,-0.009549923864,0.5794871795,1.310739802,0.7264957265,-1.863939967,0.1555555556,0.08774277693,0.5811965812,0.3105097192,0.5521367521,1.181545051,0.841025641,-1.358833023,0.1948717949,-0.364002881,0.4444444444,1.714066827,0.8290598291,-1.006116106,0.2136752137,0.5428922073,-0.09539213438,0.5387071182,-0.09120704527,True,0.4318927424,-0.07238968066,0.4330409806,-0.07353791886,True,0.4863314569,-0.1128084962,0.4891326061,-0.1156096454,True,0.6984472445,-0.08897304815,0.7013341253,-0.09185992894,True
5350271.02,5350271.02,2021S05075350271.02,271.02,2021,0.2158730159,0.1587301587,2.8,0.4166666667,0.1440677966,0.7126099707,0.7062780269,0.5614035088,0.0175953079,6661,0.8257372654,0.4739638682,0.5456475584,0.1925346462,0.4955222686,0.356985784,0.4145860625,0.7149949592,-0.7271763426,0.3948717949,-0.3293596908,0.4,-0.5350026552,0.4427350427,-0.7060086567,0.4188034188,-0.1787454071,0.4461538462,-0.7536962885,0.388034188,-0.2138201082,0.3692307692,-0.664778559,0.3743589744,-0.8966264961,0.3641025641,-0.3258900615,0.4,-0.3574861696,0.4564102564,0.4910273868,0.004494881843,0.4955714999,-4.923129778e-05,True,0.3566791021,0.0003066819373,0.3633021513,-0.006316367221,True,0.4439317095,-0.02934564694,0.4471310184,-0.03254495592,True,0.6692510584,0.04574390085,0.6772435508,0.03775140847,True
5350272.01,5350272.01,2021S05075350272.01,272.01,2021,0.2565180824,0.126156434,2.6,0.3515151515,0.1414141414,0.8698481562,0.6788581624,0.8639308855,0.0065075922,13060.2,0.7221644121,0.5476190476,0.7244897959,0.1468437197,0.4338933153,0.301717171,0.3960130969,0.6039496779,-1.698163944,0.2,-0.4630291265,0.305982906,-1.910492147,0.1743589744,-0.02114449151,0.5709401709,-0.4338379795,0.3076923077,-1.551701375,0.2341880342,-0.9827798369,0.1863247863,0.230977309,0.6085470085,-1.298825994,0.2837606838,-1.641973051,0.1777777778,0.2448664704,0.6598290598,0.4539870815,-0.02009376617,0.4543261912,-0.02043287585,True,0.298291914,0.003425257031,0.298537548,0.003179622994,True,0.4175341875,-0.02152109064,0.416298308,-0.02028521113,True,0.6508388169,-0.04688913901,0.6507225367,-0.0467728588,True
5350272.02,5350272.02,2021S05075350272.02,272.02,2021,0.2186147186,0.2207792208,2.6,0.4971644612,0.0964912281,0.1695402299,0.726042841,0.4434782609,0.3764367816,4628.6,0.8758002561,0.5822510823,0.6302702703,0.146978611,0.4618697363,0.309528852,0.4013640386,0.6747163183,-0.3553974762,0.4427350427,0.7755277256,0.8393162393,-0.03290664168,0.5162393162,-0.9788462772,0.3504273504,0.6842165126,0.8170940171,-0.5203334488,0.4273504274,1.163560602,0.8324786325,0.1891268997,0.5982905983,-0.6342070246,0.4102564103,1.331757772,0.7777777778,0.6415581398,0.7675213675,0.5226195277,-0.06074979138,0.5228736243,-0.06100388803,True,0.387890746,-0.07836189405,0.38711323,-0.07758437799,True,0.4708449479,-0.06948090929,0.472244091,-0.07088005235,True,0.705893924,-0.03117760571,0.7068938442,-0.03217752593,True
5350273.01,5350273.01,2021S05075350273.01,273.01,2021,0.1997300945,0.2145748988,3,0.6811594203,0.118046133,0.1975308642,0.7401685393,0.1044176707,0.0082304527,1160.7,0.8336079077,0.461852861,0.568119891,0.04246626046,0.5539755641,0.4823561371,0.4680264691,0.711544086,-0.176403133,0.4666666667,0.2579514374,0.705982906,0.5822426074,0.6136752137,-1.803658321,0.1658119658,0.7656886674,0.841025641,-0.5317590976,0.4256410256,0.8810227674,0.7555555556,-1.635611747,0.1316239316,-0.9465424283,0.3538461538,1.65296746,0.8188034188,-0.4225519261,0.4427350427,0.5204888471,0.03348671695,0.5171301161,0.03684544799,True,0.4089304647,0.07342567242,0.4092947813,0.07306135575,True,0.4544838852,0.0135425839,0.4530960095,0.01493045959,True,0.6873530374,0.02419104865,0.6844984239,0.02704566214,True
5350273.02,5350273.02,2021S05075350273.02,273.02,2021,0.1960297767,0.2394540943,2.7,0.6829268293,0.1310861423,0.3187919463,0.6849489796,0.2705479452,0.2248322148,3128.5,0.8366111952,0.5435323383,0.5509950249,0.03267105058,0.4564175364,0.4175129953,0.3978731616,0.5538664523,-0.02295893747,0.5025641026,0.9082434996,0.8666666667,0.3738569917,0.588034188,-0.7406009497,0.4,1.156185432,0.9025641026,-0.2866069639,0.4564102564,1.020816309,0.8102564103,-0.41270047,0.4512820513,-0.3584761291,0.4461538462,1.687045369,0.8256410256,0.7716278005,0.7914529915,0.5367377254,-0.08032018902,0.5366546376,-0.08023710116,True,0.4143090345,0.003203960782,0.4139628422,0.003550153038,True,0.4725706692,-0.07469750752,0.472158268,-0.07428510635,True,0.7192920273,-0.1654255749,0.7203687628,-0.1665023104,True
5350274.01,5350274.01,2021S05075350274.01,274.01,2021,0.2271762208,0.1666666667,2.8,0.5842217484,0.1433121019,0.5045592705,0.69327252,0.4940828402,0.0425531915,3090.2,0.7826666667,0.4978118162,0.5700218818,0.146984447,0.5032883411,0.4098499146,0.4278481883,0.6721669203,-0.568459878,0.4188034188,-0.07242137274,0.5452991453,-0.3235337273,0.4683760684,-0.6935205674,0.4256410256,0.2003873058,0.6547008547,-0.6809824418,0.4,-0.0613699442,0.4307692308,-0.7641527041,0.3487179487,-0.75073747,0.3846153846,0.1565644231,0.5128205128,-0.08010778073,0.5504273504,0.5009662067,0.002322134396,0.5007663764,0.002521964668,True,0.371171419,0.0386784956,0.3711734125,0.03867650211,True,0.4469992692,-0.01915108092,0.4474873758,-0.01963918751,True,0.6818277831,-0.009660862758,0.6819778629,-0.009810942558,True
5350274.02,5350274.02,2021S05075350274.02,274.02,2021,0.1888035126,0.2305159166,2.3,0.6882352941,0.124039517,0.3768844221,0.6322722283,0.5038560411,0.4120603015,3423.5,0.8712220762,0.4952076677,0.5079872204,0.04807540665,0.5358213724,0.4589019642,0.4937026655,0.6548594874,0.8184357508,0.6290598291,1.152080912,0.8974358974,0.9121009157,0.6598290598,0.2056538223,0.6153846154,1.064786993,0.8905982906,0.6447499071,0.5982905983,1.056805515,0.8170940171,0.3400849663,0.6273504274,0.7424957153,0.6393162393,1.819905677,0.841025641,1.31086771,0.8700854701,0.5709494596,-0.03512808717,0.5728668455,-0.03704547308,True,0.4455229352,0.01337902902,0.4470105744,0.01189138977,True,0.5081915859,-0.0144889204,0.5110855047,-0.01738283922,True,0.7597979912,-0.1049385038,0.7619636806,-0.1071041932,True
5350275.00,5350275.00,2021S05075350275.00,275,2021,0.1752021563,0.2506738544,2.4,0.6777777778,0.0727762803,0.3653846154,0.7197802198,0.5032679739,0.1666666667,2838.1,0.9333333333,0.2741792369,0.2795031056,0.1067662447,0.615365639,0.4749219968,0.5329192383,0.838255682,2.208016958,0.8820512821,0.7985549948,0.8478632479,2.64656293,0.9196581197,-0.3284193262,0.4974358974,0.7416257688,0.8341880342,1.968359192,0.841025641,1.610214583,0.9213675214,-0.4539866739,0.4393162393,1.490541523,0.7829059829,2.628202977,0.947008547,0.03413203043,0.5897435897,0.6149560777,0.000409561304,0.6157038636,-0.0003382245833,True,0.5136369748,-0.03871497803,0.5146168733,-0.03969487653,True,0.5500736246,-0.01715438633,0.5525532281,-0.01963398983,True,0.775334292,0.06292139,0.7763360829,0.06191959909,True
5350276.01,5350276.01,2021S05075350276.01,276.01,2021,0.1623119557,0.2090261283,2.5,0.6375838926,0.0834014718,0.3524590164,0.7375328084,0.4899598394,0.2028688525,5152.1,0.8620342397,0.3076923077,0.2685950413,0.1561706642,0.5667550969,0.4358968327,0.5105914735,0.7537769844,1.696018437,0.7863247863,0.7014343963,0.8273504274,2.069778814,0.8324786325,-0.3095074852,0.5025641026,0.7136924887,0.8256410256,1.504187318,0.7435897436,1.38670797,0.8905982906,-0.1661632648,0.5076923077,1.097966901,0.7008547009,2.137112548,0.8905982906,0.1462260813,0.6341880342,0.594984736,-0.02822963909,0.5922203878,-0.02546529088,True,0.4877878159,-0.05189098327,0.4865080842,-0.05061125156,True,0.5351714712,-0.02457999769,0.5307604151,-0.02016894155,True,0.759915089,-0.0061381046,0.757790187,-0.004013202613,True
5350276.02,5350276.02,2021S05075350276.02,276.02,2021,0.1660319878,0.1713632902,2.8,0.7291981846,0.068597561,0.2584745763,0.7201283079,0.3036093418,0.1334745763,5120.1,0.906,0.2928134557,0.2475171887,0.07622228301,0.5787576307,0.4936241195,0.5079804069,0.7346683656,1.788702251,0.8051282051,0.06349598191,0.6273504274,2.434040942,0.8820512821,-1.169035326,0.3145299145,0.1948691753,0.6478632479,1.471931372,0.735042735,1.002792212,0.7965811966,-1.651543931,0.1264957265,0.8970419308,0.6632478632,2.29568412,0.9076923077,-0.7233385314,0.3162393162,0.5877691977,-0.009011566956,0.5899486326,-0.01119100187,True,0.4894805967,0.004143522709,0.4983081916,-0.004684072189,True,0.5196400636,-0.01165965665,0.5256828475,-0.01770244059,True,0.7453120888,-0.0106437232,0.7574776067,-0.02280924116,True
5350277.00,5350277.00,2021S05075350277.00,277,2021,0.2012738854,0.1579617834,3.3,0.638121547,0.0641025641,0.2761506276,0.7166212534,0.3041666667,0.0209205021,3818.8,0.8170515098,0.2873563218,0.2040816327,0.2542589434,0.5328658457,0.4954719027,0.3845830089,0.7185426255,1.047379751,0.6752136752,-0.6709743151,0.2034188034,1.716701544,0.7829059829,-1.586093456,0.2188034188,-0.4447306573,0.3042735043,0.7998376084,0.6222222222,0.3549212742,0.5726495726,-2.094051616,0.05299145299,0.1462260406,0.5230769231,1.228398706,0.7658119658,-1.568680607,0.05299145299,0.5490408204,-0.01617497475,0.5469360138,-0.0140701681,True,0.4454482144,0.0500236883,0.4400109796,0.05546092307,True,0.488693558,-0.1041105491,0.488881488,-0.1042984791,True,0.7020116568,0.0165309687,0.6968938006,0.02164882491,True
5350278.00,5350278.00,2021S05075350278.00,278,2021,0.2165481577,0.1809954751,2.8,0.5149359886,0.1077222583,0.5148148148,0.6789056875,0.6247755835,0.1407407407,5798.9,0.8075240595,0.3703457447,0.25415835,0.1286668911,0.6102018997,0.4503647426,0.6204688118,0.7597721446,0.6243094023,0.5948717949,0.03746074793,0.6017094017,0.8374032153,0.6461538462,-0.4489032606,0.4735042735,-0.04212582607,0.5196581197,0.5354263678,0.588034188,0.4161329627,0.5897435897,-0.4274046911,0.4444444444,0.3089147451,0.5641025641,0.8246176317,0.6803418803,-0.1052158924,0.547008547,0.5455693491,0.0646325506,0.5458133333,0.06438856637,True,0.4218114291,0.02855331356,0.4230249476,0.02733979504,True,0.4929530932,0.1275157186,0.4920227028,0.128446109,True,0.7199554305,0.03981671408,0.7216552472,0.03811689739,True
5350279.01,5350279.01,2021S05075350279.01,279.01,2021,0.2224909311,0.1983071342,2.6,0.4200426439,0.0933333333,0.3611111111,0.7290930506,0.4313099042,0.0617283951,3405,0.8210678211,0.492081448,0.3988700565,0.160157499,0.6102404256,0.4153108984,0.5947823722,0.8206280063,-0.1083181168,0.4786324786,0.1385123678,0.6615384615,0.2957765507,0.5829059829,-1.17999892,0.305982906,0.1141893297,0.5897435897,-0.2367380143,0.4717948718,0.784344052,0.7162393162,-0.4370745278,0.4427350427,-0.5796666638,0.4153846154,0.896196878,0.7008547009,-0.2448056901,0.4871794872,0.5209577946,0.08928263097,0.5204896965,0.08975072914,True,0.393226167,0.02208473141,0.392828429,0.02248246945,True,0.4717169085,0.1230654637,0.472032526,0.1227498461,True,0.6925880224,0.1280399838,0.6924609125,0.1281670938,True
5350279.02,5350279.02,2021S05075350279.02,279.02,2021,0.2127139364,0.2673186634,2.6,0.2684563758,0.1085069444,0.4557522124,0.7342342342,0.6216814159,0.314159292,3896.9,0.7682811016,0.5529513889,0.5434027778,0.1840151466,0.5894968541,0.4171336342,0.5263949833,0.824961945,-0.9545150561,0.3572649573,1.090723753,0.8905982906,-0.8317209582,0.3829059829,-0.5732983225,0.4427350427,0.8436477564,0.8632478632,-0.9744631782,0.3452991453,1.338550888,0.8752136752,1.379311517,0.8444444444,-1.004233541,0.3401709402,0.7799915076,0.6683760684,1.215435026,0.8495726496,0.5063355097,0.08316134444,0.5041501839,0.08534667017,True,0.3580889146,0.05904471955,0.3570728179,0.06006081626,True,0.4666601549,0.05973482838,0.4652849348,0.06111004846,True,0.6959660174,0.1289959276,0.6920909341,0.1328710108,True
5350280.00,5350280.00,2021S05075350280.00,280,2021,0.2196812197,0.1586971587,2.5,0.2347826087,0.1281337047,0.6539130435,0.7579102281,0.7443478261,0.1234782609,3378,0.7821953328,0.5456445993,0.6093314763,0.2340089718,0.4214448243,0.3067999775,0.3858289864,0.5717055091,-1.349257126,0.2769230769,0.03955436856,0.6051282051,-1.290212976,0.2888888889,-0.7135543525,0.4153846154,-0.1290996025,0.4717948718,-1.277090366,0.2974358974,0.2071004922,0.5299145299,0.5421846123,0.6735042735,-1.336450423,0.2717948718,-0.4981654833,0.3538461538,0.2815781814,0.664957265,0.4748071775,-0.05336235318,0.4777399168,-0.0562950925,True,0.3236757326,-0.01687575504,0.3251663216,-0.01836634411,True,0.4400157566,-0.05418677026,0.4465648331,-0.0607358467,True,0.6619169958,-0.09021148671,0.666431466,-0.09472595692,True
5350281.01,5350281.01,2021S05075350281.01,281.01,2021,0.23671875,0.1359375,2.9,0.2066473988,0.15078125,0.5033860045,0.7836700337,0.4865470852,0.0180586907,6630.4,0.8262586377,0.5400943396,0.7610062893,0.2168012586,0.4186861786,0.2655388614,0.3577772142,0.6327424602,-2.089075848,0.1247863248,-0.5664174943,0.2615384615,-1.724880513,0.2153846154,-1.73145656,0.1777777778,-0.3741461827,0.3401709402,-2.101504019,0.1316239316,-0.1473407546,0.3982905983,-0.6289127192,0.3811965812,-2.354617292,0.09743589744,-0.8778208575,0.264957265,-0.7319485494,0.3145299145,0.4382558601,-0.0195696815,0.4395309302,-0.02084475158,True,0.2920112114,-0.02647235001,0.2923740251,-0.0268351637,True,0.4017121881,-0.0439349739,0.400643403,-0.04286618881,True,0.6157465052,0.01699595492,0.6141796996,0.01856276059,True
5350281.02,5350281.02,2021S05075350281.02,281.02,2021,0.2461734694,0.1084183673,3,0.1448598131,0.1326530612,0.5977011494,0.7091633466,0.8262548263,0.2643678161,9496.2,0.8177172061,0.5271807838,0.7474747475,0.2175480223,0.4765993238,0.321783596,0.4615749501,0.6464394252,-2.092756769,0.1230769231,-0.6850296536,0.1965811966,-2.067838685,0.135042735,-1.165256844,0.3162393162,-0.9190898392,0.1435897436,-1.982442657,0.1504273504,-0.5870016301,0.2512820513,-0.04137168313,0.5418803419,-1.964770424,0.1418803419,-1.396762132,0.2,-0.248236212,0.4854700855,0.4361640467,0.04043527708,0.4333103861,0.04328893772,True,0.2746782091,0.04710538692,0.2723824898,0.0494011062,True,0.4055737982,0.05600115187,0.4028273175,0.05874763264,True,0.6277189721,0.01872045311,0.6242443683,0.02219505698,True
5350282.00,5350282.00,2021S05075350282.00,282,2021,0.2254901961,0.1732026144,2.8,0.2549019608,0.0557413601,0.1451104101,0.7464953271,0.2358490566,0.119873817,2067.5,0.8550724638,0.4008908686,0.386845039,0.02219321768,0.5359346563,0.4324855382,0.4705553589,0.7047630718,-0.3220364757,0.4495726496,-0.3969541249,0.3572649573,0.450381749,0.5948717949,-2.687210992,0.04957264957,-0.6256533245,0.2324786325,-0.5561844849,0.4205128205,0.9696585318,0.7829059829,-1.454295229,0.1743589744,-1.214817817,0.3076923077,1.288576633,0.7692307692,-1.110768994,0.1811965812,0.5044439371,0.03149071918,0.503491598,0.03244305827,True,0.3768928797,0.0555926585,0.3772291321,0.05525640606,True,0.4558736795,0.0146816794,0.4560887101,0.01446664883,True,0.6675031768,0.03725989505,0.6668931815,0.03786989039,True
5350283.01,5350283.01,2021S05075350283.01,283.01,2021,0.2269641125,0.1774975752,2.7,0.2,0.1656686627,0.7180851064,0.754527163,0.7317073171,0.0345744681,5607.2,0.7861482382,0.5420650096,0.7390057361,0.3121551535,0.45914852,0.30941386,0.4522656904,0.6157660095,-1.883613923,0.1658119658,-0.0386303987,0.5658119658,-1.846658967,0.188034188,-0.5892363948,0.4393162393,0.06556414822,0.5709401709,-1.773669254,0.1846153846,-0.04115154601,0.4393162393,0.558187123,0.6769230769,-1.807679738,0.1675213675,-1.090176579,0.2239316239,0.09556560547,0.6051282051,0.4543466559,0.004801864139,0.4527634959,0.00638502409,True,0.3025964636,0.006817396481,0.3025081833,0.006905676732,True,0.4218606802,0.03040501018,0.4195440372,0.03272165319,True,0.639603253,-0.02383724353,0.637142478,-0.02137646854,True
5350283.02,5350283.02,2021S05075350283.02,283.02,2021,0.2141230068,0.2118451025,2.6,0.1546134663,0.2212086659,0.5152439024,0.7825537295,0.4985074627,0.012195122,3768.6,0.8764534884,0.4795673077,0.512605042,0.2890677259,0.4402925636,0.3207353875,0.4153429857,0.5847993176,-1.091324441,0.3316239316,0.3935931582,0.7572649573,-0.8099772928,0.3863247863,-0.7515702659,0.3965811966,0.6700342811,0.811965812,-1.0712415,0.3247863248,0.8579250043,0.7452991453,0.5641442993,0.6803418803,-1.401646172,0.2632478632,-0.05999720611,0.4666666667,-0.1127537719,0.5435897436,0.4899094739,-0.04961691029,0.4898875403,-0.04959497667,True,0.3551807664,-0.03444537891,0.3558706751,-0.0351352876,True,0.4530135482,-0.03767056252,0.4560129032,-0.04066991751,True,0.6598340718,-0.07503475422,0.6575636004,-0.07276428278,True
5350284.00,5350284.00,2021S05075350284.00,284,2021,0.2181952663,0.198964497,2.7,0.2707482993,0.0928462709,0.5010309278,0.7298804781,0.5124481328,0.0824742268,4786.6,0.7524841915,0.5117691724,0.5155656796,0.2992386177,0.4794390494,0.3674807024,0.4379720324,0.6328644135,-0.9666110324,0.3504273504,0.02122311573,0.5948717949,-0.7268704202,0.411965812,-1.024226687,0.3418803419,-0.03582306002,0.5247863248,-0.9703347853,0.347008547,0.4791848006,0.6188034188,0.1466646451,0.588034188,-1.204341591,0.3094017094,-0.04325158021,0.4683760684,-0.1451961814,0.5282051282,0.488230771,-0.008791721579,0.4889890778,-0.009550028422,True,0.3471713749,0.02030932752,0.3472775707,0.02020313169,True,0.4495646499,-0.01159261743,0.4502950988,-0.01232306634,True,0.6654987175,-0.03263430401,0.6667348894,-0.03387047595,True
5350285.00,5350285.00,2021S05075350285.00,285,2021,0.2317073171,0.2057926829,2.7,0.3229461756,0.0856269113,0.3617021277,0.7387820513,0.3958333333,0.0382978723,2942.8,0.8602540835,0.4938650307,0.3895705521,0.20162117,0.4663165154,0.3574486955,0.432859083,0.6086417678,-0.2713553704,0.4547008547,-0.09940736811,0.5367521368,0.2255013434,0.5658119658,-1.597208318,0.211965812,-0.1880125477,0.441025641,-0.394871233,0.4393162393,0.7944906876,0.7179487179,-0.7103174464,0.358974359,-0.8682484737,0.3675213675,0.7763718425,0.6666666667,-0.6838370528,0.3384615385,0.5111782117,-0.04486169633,0.5101311038,-0.04381458842,True,0.3823979,-0.02494920446,0.3814005389,-0.02395184333,True,0.4647665924,-0.03190750943,0.4644001444,-0.03154106146,True,0.6775869281,-0.06894516034,0.6771550514,-0.06851328364,True
5350286.00,5350286.00,2021S05075350286.00,286,2021,0.3673318551,0.1263858093,2.2,0.4738124239,0.1497405486,0.5237288136,0.4315012305,0.4179104478,0.6559322034,2086.2,0.7171453438,0.4561675718,0.5678820791,0.1431824238,0.58316477,0.3666154729,0.516193691,0.866685146,-0.378639252,0.441025641,-1.045297078,0.08547008547,-0.8436641791,0.3777777778,0.4101140811,0.6512820513,-1.603775129,0.04273504274,-0.2679840599,0.4615384615,-1.768716624,0.1094017094,-0.75435397,0.3521367521,0.2731903858,0.5538461538,-1.399132725,0.1965811966,-0.1550208616,0.5230769231,0.4917012067,0.09146356327,0.4872845022,0.09588026782,True,0.3342471256,0.03236834733,0.3318144507,0.03480102218,True,0.4438809438,0.07231274726,0.4376238398,0.07856985127,True,0.6954301595,0.1712549865,0.689214324,0.177470822,True
5350287.02,5350287.02,2021S05075350287.02,287.02,2021,0.2146718147,0.1644787645,2.8,0.3761755486,0.1079590229,0.6688741722,0.6400336417,0.8333333333,0.1721854305,6116.3,0.6864919355,0.5504731861,0.5788643533,0.3485202098,0.6693890655,0.3883498207,0.6459823442,0.9738350317,-1.163756454,0.3145299145,0.000395167776,0.5846153846,-1.334414478,0.2837606838,0.0338100716,0.5760683761,-0.104563179,0.4888888889,-1.052021101,0.3299145299,-0.3065150179,0.3316239316,0.6841239225,0.7025641026,-0.8668783477,0.3692307692,-0.8709070744,0.2700854701,0.5610328927,0.7401709402,0.4808145422,0.1885745233,0.4773484574,0.1920406081,True,0.3287259355,0.05962388518,0.3268025336,0.06154728709,True,0.4433150319,0.2026673122,0.4383604284,0.2076219158,True,0.6753591646,0.2984758671,0.6698209495,0.3040140822,True
5350287.03,5350287.03,2021S05075350287.03,287.03,2021,0.2222222222,0.1388888889,2.4,0.2857142857,0.2555555556,0.6371681416,0.6881091618,0.8391304348,0.389380531,5574.1,0.8316831683,0.5249537893,0.7504621072,0.2562881605,0.5796575455,0.3127668992,0.526192664,0.9000130734,-1.418739183,0.2598290598,0.4615440836,0.7709401709,-1.735238701,0.2102564103,0.6254630957,0.6974358974,0.5180024915,0.7623931624,-1.254277944,0.3008547009,-0.1501349766,0.3965811966,1.419941219,0.8512820513,-0.9177905179,0.358974359,-1.026019054,0.241025641,1.097705523,0.841025641,0.4792870081,0.1003705374,0.4786917062,0.1009658393,True,0.3243692454,-0.0116023462,0.3273854941,-0.01461859487,True,0.4437023238,0.08249034016,0.4485861308,0.07760653317,True,0.678574619,0.2214384544,0.6790242557,0.2209888177,True
5350287.04,5350287.04,2021S05075350287.04,287.04,2021,0.1835164835,0.1967032967,2.3,0.5581395349,0.1431718062,0.4866828087,0.7075365579,0.7601010101,0.3220338983,7662.9,0.8787446505,0.4264550265,0.3583509514,0.2562745805,0.6532588765,0.4781141077,0.6392400321,0.8424224898,1.109293632,0.6871794872,0.9440835571,0.8717948718,1.051627962,0.6871794872,0.765676853,0.7179487179,0.8805137307,0.8735042735,1.100430431,0.6769230769,0.9984253171,0.7948717949,1.059276419,0.7846153846,1.057946394,0.6871794872,1.138341427,0.747008547,0.9188005813,0.8068376068,0.5779466221,0.07531225443,0.5747363023,0.07852257421,True,0.4543259918,0.02378811591,0.4525473451,0.02556676261,True,0.5274434966,0.1117965355,0.5243731168,0.1148669153,True,0.7575577237,0.08486476614,0.755724096,0.08669839385,True
5350288.00,5350288.00,2021S05075350288.00,288,2021,0.2702947846,0.1206349206,2.4,0.5095785441,0.107419208,0.4989154013,0.5816080886,0.7537960954,0.3947939262,4191.7,0.7667785235,0.4622040073,0.523441056,0.2331375595,0.5582805786,0.4022483667,0.5039493311,0.768644038,0.008004172562,0.5094017094,-0.4467219879,0.3128205128,-0.228752099,0.4837606838,0.2226769778,0.6170940171,-0.8136026175,0.1555555556,0.0778177754,0.5145299145,-0.7094127545,0.2324786325,-0.1210943887,0.5179487179,0.300943001,0.5606837607,-0.5252075761,0.3384615385,0.09830827131,0.6102564103,0.5154610304,0.04281954821,0.5176633505,0.04061722814,True,0.3702858273,0.03196253939,0.3735246162,0.02872375045,True,0.4697296529,0.03421967828,0.472822683,0.03112664818,True,0.7082326053,0.06041143268,0.7105237919,0.05812024612,True
5350289.00,5350289.00,2021S05075350289.00,289,2021,0.2364380757,0.1699078813,2.7,0.3224043716,0.0843621399,0.3846153846,0.6713513514,0.4273972603,0.1153846154,3752.8,0.763546798,0.4876796715,0.430626927,0.02891679183,0.4319962413,0.3415535133,0.3474205623,0.6070146484,-0.7627455501,0.388034188,-0.2282770559,0.4717948718,-0.3908722431,0.4581196581,-1.596682905,0.2136752137,-0.4327161562,0.3094017094,-0.8789577395,0.3658119658,0.324047606,0.5623931624,-0.7205754267,0.3572649573,-1.108731596,0.3213675214,0.4416456856,0.588034188,-0.2542837622,0.4786324786,0.4914215684,-0.05942532707,0.4921707796,-0.06017453829,True,0.3517785528,-0.01022503952,0.3525591348,-0.01100562151,True,0.4446854678,-0.09726490546,0.4492407037,-0.1018201414,True,0.6720473574,-0.06503270901,0.6784263588,-0.07141171037,True
5350290.01,5350290.01,2021S05075350290.01,290.01,2021,0.220293725,0.1535380507,2.6,0.1913875598,0.1255006676,0.7167832168,0.7217391304,0.76816609,0.0454545455,3970.3,0.735725938,0.5972413793,0.703038674,0.2957032342,0.4521853704,0.2705513365,0.382396174,0.7036086007,-1.996774818,0.1452991453,-0.1653541195,0.4974358974,-2.004869336,0.1487179487,-0.7274398543,0.4068376068,-0.2659241194,0.3982905983,-1.877600244,0.1623931624,-0.1910394971,0.3863247863,0.5378498363,0.6717948718,-1.845206923,0.1623931624,-1.155003933,0.2170940171,0.2304739213,0.6564102564,0.4481934989,0.003991871489,0.446889435,0.005295935398,True,0.2899720266,-0.01942069006,0.2874418125,-0.01689047591,True,0.4169477227,-0.03455154864,0.4155157439,-0.03311956985,True,0.6394094787,0.06419912203,0.638613412,0.06499518871,True
5350290.02,5350290.02,2021S05075350290.02,290.02,2021,0.2878787879,0.1121212121,2.2,0.3616071429,0.103030303,0.3096774194,0.5158227848,0.8421052632,0.864516129,4771.8,0.8064516129,0.5060240964,0.5675675676,0.1932996025,0.4066581671,0.2056929473,0.4492747458,0.5650068081,-0.1292475283,0.4735042735,-0.1473475884,0.5094017094,-0.6039291529,0.4324786325,0.4123980723,0.652991453,-1.061272216,0.1094017094,0.007037331669,0.4991452991,-0.5152645065,0.264957265,0.7873768092,0.7247863248,0.4772109831,0.5931623932,-0.4352324339,0.3760683761,0.8652950942,0.8034188034,0.5154838828,-0.1088257157,0.5228461905,-0.1161880234,True,0.3520491537,-0.1463562064,0.3574553155,-0.1517623682,True,0.4759426374,-0.02666789165,0.4831341205,-0.03385937475,True,0.723448771,-0.1584419629,0.7308636507,-0.1658568425,True
5350291.02,5350291.02,2021S05075350291.02,291.02,2021,0.2038934426,0.2079918033,2.5,0.1948998179,0.1435897436,0.5,0.7445482866,0.4611398964,0.0233160622,4257.7,0.8283950617,0.5416666667,0.5510406343,0.3585627255,0.4596725327,0.3277223961,0.4246047745,0.6266904275,-1.035618801,0.3384615385,0.2336993229,0.6923076923,-0.7791912971,0.3948717949,-0.866598051,0.3743589744,0.3355180353,0.6957264957,-1.017737214,0.3367521368,0.7181041846,0.7025641026,0.4173797037,0.6444444444,-1.313291993,0.2786324786,-0.06966918065,0.4615384615,-0.1546102181,0.5247863248,0.4892659283,-0.02959339561,0.4927219455,-0.03304941278,True,0.3511296191,-0.02340722301,0.3533046617,-0.02558226558,True,0.4523138024,-0.02770902792,0.4585590165,-0.03395424201,True,0.6618719272,-0.03518149976,0.6634181991,-0.03672777163,True
5350291.03,5350291.03,2021S05075350291.03,291.03,2021,0.2587155963,0.176146789,2.5,0.3061889251,0.1360294118,0.5357142857,0.6200787402,0.6318181818,0.2276785714,6518.9,0.768558952,0.5634328358,0.4776119403,0.2062436551,0.4106656019,0.3102681107,0.365959643,0.5557690521,-0.8831617154,0.3658119658,-0.01383710566,0.5777777778,-0.9657497865,0.3418803419,-0.2326805797,0.5282051282,-0.230868371,0.4153846154,-0.8170015705,0.3760683761,-0.1046430665,0.4136752137,0.3980299571,0.6393162393,-0.7094428865,0.3931623932,-0.4843130276,0.3606837607,0.3380302422,0.6820512821,0.490645024,-0.07997942207,0.4927426938,-0.08207709192,True,0.3410774865,-0.03080937585,0.3434206262,-0.0331525155,True,0.4506908607,-0.08473121775,0.4559349006,-0.08997525766,True,0.6813945413,-0.1256254892,0.683891128,-0.1281220759,True
5350291.04,5350291.04,2021S05075350291.04,291.04,2021,0.2285714286,0.1714285714,2.4,0.3099415205,0.1337579618,0.5967741935,0.6642857143,0.6615384615,0.2419354839,3063.7,0.7056603774,0.6219931271,0.5965517241,0.2055619666,0.4636207508,0.2182274009,0.5491009479,0.6235339036,-1.461481437,0.2495726496,0.3228550683,0.7282051282,-1.57755296,0.241025641,-0.236602689,0.5264957265,0.1216852419,0.6051282051,-1.388385078,0.2581196581,0.05734428887,0.4871794872,0.8973936446,0.7538461538,-1.168800306,0.3128205128,-0.5118180993,0.3504273504,0.9519389389,0.811965812,0.4754622472,-0.01184149643,0.4756657184,-0.01204496761,True,0.3184597066,-0.1002323057,0.3202295488,-0.1020021479,True,0.4376018676,0.1114990803,0.4384569992,0.1106439487,True,0.6746714586,-0.05113755503,0.6759709007,-0.05243699717,True
5350292.00,5350292.00,2021S05075350292.00,292,2021,0.2389277389,0.1002331002,3.1,0.2288135593,0.1412726211,0.517921147,0.6154328733,0.5537634409,0.0716845878,2297.5,0.7066974596,0.5143023935,0.8131932283,0.2301834408,0.4026929425,0.2521211169,0.3827388846,0.5732188258,-2.49759909,0.08034188034,-1.087154951,0.0735042735,-2.327636728,0.09230769231,-1.583252583,0.2205128205,-0.9995026662,0.1213675214,-2.470408087,0.08034188034,-1.107059913,0.1658119658,-1.046644791,0.2769230769,-2.451603641,0.08888888889,-1.664339442,0.1743589744,-0.7324988137,0.3128205128,0.4149972251,-0.01230428262,0.4136269948,-0.01093405229,True,0.2583246986,-0.006203581702,0.257287289,-0.00516617206,True,0.3776497914,0.005089093189,0.3766840458,0.006054838817,True,0.6047617424,-0.03154291662,0.6033118752,-0.03009304936,True
5350293.00,5350293.00,2021S05075350293.00,293,2021,0.234948605,0.1439060206,2.9,0.3227040816,0.0903747245,0.2145922747,0.6979813665,0.3935483871,0.2360515021,3389.8,0.8662420382,0.5080882353,0.6102941176,0.1092714301,0.3966520164,0.2721954315,0.3689764286,0.5487841891,-1.008945357,0.3435897436,-0.4766004529,0.2991452991,-0.5129998135,0.4444444444,-2.092182322,0.1145299145,-0.6281184241,0.2307692308,-1.16067927,0.3162393162,0.2518270299,0.535042735,-1.198677981,0.2239316239,-1.473208223,0.2393162393,0.3790960607,0.5709401709,-0.7030702942,0.3247863248,0.4784868423,-0.08183482594,0.4760605489,-0.07940853251,True,0.3393445572,-0.06714912574,0.3372437794,-0.06504834789,True,0.4314989498,-0.0625225212,0.4290388567,-0.06006242814,True,0.6552606014,-0.1064764123,0.653784046,-0.1049998569,True
5350294.01,5350294.01,2021S05075350294.01,294.01,2021,0.2215568862,0.1724550898,2.7,0.1763341067,0.1305389222,0.6026490066,0.7884130982,0.5588235294,0.0132450331,4846.8,0.8029850746,0.5023866348,0.6105137395,0.08877333397,0.4873957753,0.3002015898,0.4298173654,0.7321683708,-1.630212885,0.2170940171,-0.0979867549,0.5384615385,-1.277861357,0.2905982906,-1.588849954,0.2153846154,-0.135123863,0.4683760684,-1.658092744,0.211965812,0.4142356081,0.588034188,-0.1410701403,0.5145299145,-1.924875265,0.1521367521,-0.181922281,0.4324786325,-0.1639496921,0.5179487179,0.4624560689,0.02493970643,0.4622936351,0.02510214024,True,0.316306121,-0.01610453113,0.3156386918,-0.01543710193,True,0.424843597,0.004973768376,0.4224467678,0.007370597631,True,0.6423968793,0.08977149147,0.6397963562,0.09237201462,True
5350294.02,5350294.02,2021S05075350294.02,294.02,2021,0.2303370787,0.1853932584,3.2,0.1965065502,0.0742407199,0.176056338,0.7883472057,0.1985559567,0.1690140845,4362.2,0.8367346939,0.5735461802,0.6605922551,0.08916629217,0.5269580125,0.3325220921,0.4685171267,0.7798348187,-1.982519453,0.147008547,-0.3010006317,0.4239316239,-1.209194093,0.305982906,-3.080142645,0.02564102564,-0.3490328013,0.3555555556,-2.194992383,0.1179487179,0.7704528638,0.7128205128,-1.192297883,0.2273504274,-2.682821425,0.0547008547,0.5369006781,0.6085470085,-0.7636584683,0.3025641026,0.4464636548,0.08049435772,0.4448073472,0.08215066528,True,0.303195527,0.02932656514,0.3027545616,0.02976753056,True,0.4034379111,0.06507921562,0.4029289039,0.0655882228,True,0.6201525921,0.1596822266,0.6184764688,0.1613583499,True
5350295.00,5350295.00,2021S05075350295.00,295,2021,0.2208029197,0.1587591241,2.8,0.2784810127,0.101369863,0.5659898477,0.7408477842,0.5435897436,0.076142132,5049.8,0.8049886621,0.5558608059,0.6395242452,0.1098917663,0.4334189722,0.2819863827,0.3812776835,0.6369928504,-1.54937572,0.2307692308,-0.2634456193,0.4478632479,-1.220316234,0.3008547009,-1.612238031,0.2017094017,-0.3546544231,0.3504273504,-1.606991534,0.2222222222,0.1274468415,0.5128205128,-0.5267578863,0.4170940171,-1.787459452,0.1726495726,-0.1773201328,0.4358974359,-0.1835583185,0.505982906,0.4626221057,-0.0292031335,0.4607088425,-0.02728987028,True,0.315774885,-0.03378850236,0.3144657767,-0.03247939403,True,0.4209160797,-0.03963839617,0.4195277734,-0.03825008992,True,0.646304688,-0.009311837544,0.6440807059,-0.007087855529,True
5350296.00,5350296.00,2021S05075350296.00,296,2021,0.3638968481,0.0401146132,2.7,0.5637860082,0.1005747126,0.4285714286,0.1117647059,0.4769230769,0.4661654135,375.3,0.7627737226,0.4673913043,0.7010869565,0.1461280896,0.4947265395,0.2417323429,0.3832673101,0.8591799654,-0.5297410236,0.4222222222,-2.673044703,0.008547008547,-0.9488648915,0.3487179487,-0.2863744961,0.5128205128,-3.247019882,0.01025641026,-0.4825145114,0.4290598291,-3.596277376,0.02222222222,-3.282870861,0.005128205128,0.1443389368,0.5213675214,-2.39849381,0.1094017094,-1.58770099,0.05128205128,0.4593863461,0.03534019335,0.4530566672,0.04166987233,True,0.3017648699,-0.06003252695,0.2994372415,-0.05770489858,True,0.4010568254,-0.01778951525,0.3998112409,-0.01654393074,True,0.6644235482,0.1947564172,0.648663928,0.2105160374,True
5350297.01,5350297.01,2021S05075350297.01,297.01,2021,0.2189226519,0.1995856354,2.4,0.5036585366,0.1297335203,0.5247863248,0.6746900073,0.7811965812,0.3111111111,6385.3,0.7815057283,0.5610098177,0.4403927069,0.160895432,0.5210434253,0.3178522987,0.5511467807,0.6941311963,-0.08696447272,0.4837606838,0.8576031068,0.8598290598,-0.2192529531,0.4871794872,0.4222004582,0.6564102564,0.6704204753,0.8136752137,-0.07494363127,0.4854700855,0.6216757955,0.6735042735,1.153331123,0.8051282051,0.1111946789,0.5128205128,0.5545974162,0.611965812,1.323596941,0.8735042735,0.533604981,-0.01256155565,0.5336957422,-0.01265231688,True,0.3919710511,-0.07411875238,0.3917093467,-0.07385704806,True,0.4869059538,0.06424082694,0.4859158427,0.06523093805,True,0.7281352153,-0.03400401894,0.7290409733,-0.03490977696,True
5350297.02,5350297.02,2021S05075350297.02,297.02,2021,0.2024078254,0.1828442438,2.6,0.5140449438,0.1024868124,0.3772102161,0.6457505957,0.5058823529,0.2711198428,4402.5,0.849198869,0.4626978146,0.3629518072,0.142882507,0.528831713,0.3890135045,0.4915390394,0.7059425951,0.4814254905,0.5709401709,0.2699589585,0.7128205128,0.703513715,0.6256410256,-0.5519769242,0.4478632479,0.1198875833,0.6017094017,0.3588844356,0.5641025641,0.6111139725,0.6683760684,-0.322581042,0.4666666667,0.20518195,0.5333333333,1.093285433,0.7384615385,0.1905167559,0.6427350427,0.5442851981,-0.01545348512,0.543804631,-0.014972918,True,0.4170597895,-0.02804628505,0.4176176178,-0.02860411335,True,0.4899412592,0.001597780148,0.4883693257,0.003169713675,True,0.7231168,-0.01717420489,0.7234170276,-0.0174744325,True
5350298.00,5350298.00,2021S05075350298.00,298,2021,0.1853070175,0.1260964912,3,0.6147540984,0.0788608981,0.4677419355,0.7768786127,0.4673202614,0.0129032258,2016.5,0.8684971098,0.3693495039,0.2723263506,0.07195371318,0.5368438673,0.4260608818,0.4926961331,0.6917745869,0.6682772571,0.6034188034,-0.4619000394,0.3076923077,1.292365806,0.7247863248,-1.659446196,0.1897435897,-0.4033750769,0.3196581197,0.4262920951,0.5777777778,0.4164389678,0.5914529915,-1.861884343,0.08717948718,-0.1175638559,0.4837606838,1.304547754,0.7743589744,-0.9542842483,0.241025641,0.5388958966,-0.002052029321,0.5366885546,0.0001553126639,True,0.4264619802,-0.0004010984362,0.4277093349,-0.001648453099,True,0.4790238507,0.01367228241,0.47934252,0.01335361302,True,0.7021836928,-0.01040910589,0.7013241557,-0.009549568725,True
5350299.01,5350299.01,2021S05075350299.01,299.01,2021,0.2162162162,0.1573926868,2.8,0.6589041096,0.0826645265,0.3624161074,0.6589211618,0.2796420582,0,2181.8,0.7944936087,0.4106012658,0.4577075099,0.2329503814,0.4953518236,0.4235962991,0.4113473109,0.6511118607,0.4007449389,0.5658119658,-0.5553739494,0.2717948718,0.8497626409,0.6495726496,-1.110886288,0.3264957265,-0.3009429199,0.3794871795,0.20688511,0.5367521368,-0.07865713908,0.4256410256,-1.783106644,0.1042735043,-0.1352029577,0.4786324786,0.6347756589,0.6444444444,-1.048580507,0.2,0.527754421,-0.03240259737,0.5237080682,-0.02835624457,True,0.4130352298,0.01056106926,0.412119127,0.01147717202,True,0.4678215851,-0.05647427413,0.4634236282,-0.05207631726,True,0.6936572539,-0.04254539322,0.6906329678,-0.03952110713,True
5350299.02,5350299.02,2021S05075350299.02,299.02,2021,0.3645224172,0.179337232,1.8,0.7083993661,0.1943359375,0.4720720721,0.4288659794,0.9964157706,0.9063063063,32203.4,0.6302702703,0.5731225296,0.6894164194,0.3143127522,0.6688208256,0.4143688745,0.6303742538,0.9617193486,0.2502027005,0.547008547,0.9649259143,0.8752136752,-1.180984386,0.3111111111,4.212803182,0.9572649573,0.7694354813,0.8427350427,0.65024611,0.6,-1.240404574,0.1555555556,3.474912768,0.9726495726,1.989014312,0.8512820513,-1.794281431,0.1623931624,2.685647257,0.9641025641,0.5474732513,0.1213475743,0.5519613732,0.1168594524,True,0.3844501296,0.02991874486,0.3765488587,0.03782001578,True,0.5091149055,0.1212593483,0.5048057849,0.1255684689,True,0.7759443938,0.1857749548,0.7711231813,0.1905961673,True
5350300.01,5350300.01,2021S05075350300.01,300.01,2021,0.474025974,0.0818181818,1.8,0.7578947368,0.2691807542,0.5125858124,0.3267195767,0.9719626168,0.9725400458,31870.9,0.5541310541,0.596692112,0.8513341804,0.2406491532,0.4642929025,0.2593736964,0.4453171744,0.6881878366,-0.7782635384,0.3846153846,-0.2457089514,0.4564102564,-2.526571665,0.0547008547,4.472707249,0.9743589744,-0.3545299985,0.3521367521,-0.2716257172,0.4598290598,-3.206018318,0.0358974359,2.541427545,0.9452991453,1.479483728,0.7743589744,-3.773799897,0.03760683761,2.087640086,0.9264957265,0.4905768808,-0.02628397833,0.4991961616,-0.03490325915,True,0.3121838168,-0.05281012036,0.3149603757,-0.05558667922,True,0.4539444819,-0.008627307547,0.4556273383,-0.01031016393,True,0.7333606596,-0.04517282301,0.7368880089,-0.04870017231,True
5350300.02,5350300.02,2021S05075350300.02,300.02,2021,0.3584277149,0.0872751499,1.9,0.7306273063,0.1746666667,0.4200260078,0.375,0.9447300771,0.9960988296,36379.1,0.675304878,0.5940860215,0.7271505376,0.2406905534,0.5765895299,0.3689781537,0.5245699903,0.8362204457,0.1481967971,0.5282051282,0.1958140778,0.6854700855,-1.252753947,0.2974358974,3.732963592,0.9299145299,-0.1039818951,0.4923076923,0.521583014,0.5863247863,-2.009963733,0.0905982906,2.450972192,0.9333333333,1.889587516,0.8376068376,-2.17892502,0.1264957265,2.132873365,0.9333333333,0.5311063932,0.04548313667,0.5415796233,0.03500990656,True,0.3654980562,0.003480097531,0.3705863053,-0.001608151645,True,0.4901529388,0.03441705144,0.4987748436,0.02579514667,True,0.7625105405,0.07370990519,0.7676008483,0.06861959735,True
5350300.03,5350300.03,2021S05075350300.03,300.03,2021,0.2065439673,0.1676891616,2.5,0.6640926641,0.0918367347,0.2538860104,0.670235546,0.381443299,0.3834196891,3465,0.8265306122,0.4844720497,0.5785123967,0.2245304104,0.3999675736,0.2919630671,0.3045581764,0.6033814774,0.4106606771,0.5675213675,0.2616752944,0.7094017094,0.6148895121,0.6170940171,-0.4486925304,0.4752136752,0.2573857308,0.6820512821,0.2595619155,0.5435897436,0.4331373681,0.5948717949,-0.4554890187,0.4376068376,0.2013579749,0.5316239316,1.029207047,0.7230769231,0.1977896537,0.6478632479,0.5416098206,-0.141642247,0.5437450837,-0.1437775101,True,0.4158478721,-0.123884805,0.4186894431,-0.1267263759,True,0.4840865543,-0.179528378,0.4850684096,-0.1805102332,True,0.7224295443,-0.1190480668,0.7235264498,-0.1201449723,True
5350301.01,5350301.01,2021S05075350301.01,301.01,2021,0.201048951,0.1835664336,2.7,0.568627451,0.0963222417,0.4549763033,0.6925925926,0.3714285714,0.0947867299,3188.9,0.7939262473,0.5176678445,0.6307420495,0.161302901,0.5546073708,0.4422374731,0.4500052388,0.7715794006,-0.4886839995,0.4256410256,0.05564048584,0.6222222222,-0.1434309652,0.4974358974,-1.019375972,0.3435897436,0.2223063679,0.6666666667,-0.6476713233,0.4051282051,0.2641640181,0.5401709402,-0.8278028049,0.3299145299,-0.7884402659,0.3760683761,0.5867920262,0.6222222222,-0.04787541353,0.5675213675,0.5059438691,0.04866350173,0.5039314838,0.05067588701,True,0.3765503532,0.06568711995,0.3754888112,0.06674866189,True,0.4507290684,-0.0007238296504,0.4481681511,0.001837087744,True,0.6855106485,0.0860687521,0.6838142928,0.08776510771,True
5350301.03,5350301.03,2021S05075350301.03,301.03,2021,0.4258258258,0.0732732733,2.4,0.6471680594,0.188214071,0.6771428571,0.3291298865,1,0.6642857143,30424,0.472,0.5837292162,0.889483066,0.2941539008,0.4990833899,0.303767093,0.482607827,0.7108752498,-1.654065075,0.211965812,-0.9264991018,0.1025641026,-3.115718755,0.02051282051,3.226834413,0.905982906,-1.000407503,0.1196581197,-1.183325862,0.3111111111,-3.503700051,0.02735042735,1.568710862,0.8683760684,0.3176683565,0.5658119658,-4.210762994,0.02222222222,1.287253028,0.8632478632,0.4479113348,0.0511720551,0.4470451882,0.05203820175,True,0.2663467315,0.03742036149,0.2641034088,0.03966368415,True,0.414837615,0.06777021205,0.4088177741,0.07379005288,True,0.6848362032,0.02603904662,0.68352669,0.02734855977,True
5350301.04,5350301.04,2021S05075350301.04,301.04,2021,0.4264538198,0.0832383124,2.2,0.6652360515,0.1807159353,0.587863464,0.3034398034,0.9318181818,0.7749683944,6146.4,0.5522788204,0.5681024447,0.8358556461,0.2197070015,0.4862601185,0.3326168701,0.4405065446,0.6856569407,-1.222875287,0.3025641026,-1.018231404,0.09230769231,-2.426749577,0.07863247863,2.238301103,0.8581196581,-1.527341125,0.05128205128,-0.8958687428,0.3606837607,-3.144326479,0.03760683761,0.5026823095,0.664957265,0.446749484,0.588034188,-3.148493711,0.05811965812,1.063689733,0.8307692308,0.461863543,0.02439657551,0.4601605818,0.02609953665,True,0.2812186553,0.05139821486,0.2863471022,0.04626976793,True,0.4197274472,0.0207790974,0.4226934036,0.01781314103,True,0.6969709717,-0.01131403104,0.702412942,-0.01675600136,True
5350302.01,5350302.01,2021S05075350302.01,302.01,2021,0.1978740801,0.2510220769,2.6,0.5274725275,0.093289689,0.1495726496,0.7269653423,0.3653846154,0.3504273504,4974,0.8516746411,0.562193126,0.5711947627,0.06668178038,0.4669064554,0.3690883175,0.4074682591,0.6241627895,-0.1552379879,0.4683760684,1.167326442,0.9042735043,0.2496171218,0.5709401709,-0.9971228649,0.3487179487,1.138480845,0.8991452991,-0.3807747284,0.441025641,1.602023671,0.9196581197,0.3457723182,0.6307692308,-0.525953307,0.4239316239,1.918726292,0.8512820513,0.9780705953,0.8170940171,0.5362732436,-0.06936678818,0.5375040983,-0.07059764292,True,0.4062536039,-0.03716528638,0.4073068715,-0.03821855396,True,0.4806621374,-0.07319387828,0.4828492686,-0.07538100942,True,0.7191222515,-0.09495946199,0.720595409,-0.09643261948,True
5350302.02,5350302.02,2021S05075350302.02,302.02,2021,0.2412617221,0.1926683717,2.9,0.4517184943,0.0981228669,0.4249363868,0.6690843155,0.4974874372,0.1246819338,5412.9,0.7340101523,0.6325088339,0.703180212,0.06396096821,0.4546370518,0.3567349255,0.4012295814,0.6059466485,-1.682217493,0.2068376068,0.1108768892,0.6495726496,-1.435759451,0.264957265,-1.266830596,0.2837606838,0.1467146857,0.6136752137,-1.793704852,0.1777777778,0.08527635752,0.494017094,-0.3551694624,0.4581196581,-1.723657905,0.1863247863,0.01774973749,0.4871794872,0.4430740853,0.7008547009,0.4640414835,-0.009404431668,0.4643598402,-0.009722788427,True,0.3158667407,0.0408681848,0.3170065836,0.03972834187,True,0.4157864886,-0.01455690722,0.4140020151,-0.01277243378,True,0.6575984784,-0.05165182992,0.6602260494,-0.05427940092,True
5350302.03,5350302.03,2021S05075350302.03,302.03,2021,0.2679938744,0.2098009188,2.9,0.5129533679,0.1153846154,0.2599118943,0.6716196137,0.4570135747,0.0220264317,4708.2,0.7028469751,0.6188405797,0.7901591896,0.08762301142,0.4825815001,0.3650746451,0.4401160205,0.6425538346,-1.786370972,0.1846153846,0.1688389595,0.6700854701,-1.496734038,0.2564102564,-1.216595447,0.3008547009,0.4612990611,0.747008547,-1.919704863,0.1572649573,0.1039492272,0.5025641026,-0.3666285193,0.4564102564,-1.858322401,0.158974359,-0.04255570885,0.4700854701,0.2979179444,0.6683760684,0.4612629163,0.02131858379,0.4603974623,0.0221840378,True,0.317733363,0.04734128214,0.3162975465,0.04877709861,True,0.4118514657,0.0282645548,0.4107444522,0.02937156829,True,0.6512571609,-0.008703326324,0.6518447331,-0.009290898492,True
5350303.00,5350303.00,2021S05075350303.00,303,2021,0.3248355263,0.1184210526,2.7,0.4904371585,0.1636513158,0.7288888889,0.5631487889,0.7833698031,0.2422222222,5718,0.6222664016,0.6298433636,0.8268755153,0.1874677888,0.4488773917,0.253544408,0.3873440753,0.7057436919,-2.2354496,0.1025641026,-0.7057244628,0.1829059829,-2.67971321,0.04273504274,0.2799337353,0.6273504274,-0.739509367,0.1760683761,-2.07535322,0.1367521368,-1.824748472,0.09743589744,-0.002186132734,0.5504273504,-1.424300286,0.2581196581,-2.292586813,0.1162393162,0.504001767,0.7213675214,0.4307033683,0.01817402345,0.4324945527,0.01638283901,True,0.2627666983,-0.009222290284,0.2627598403,-0.009215432295,True,0.3909956687,-0.003651593441,0.3908108173,-0.003466742085,True,0.6434652647,0.06227842717,0.647878427,0.05786526486,True
5350304.01,5350304.01,2021S05075350304.01,304.01,2021,0.2602272727,0.1034090909,2.8,0.4589178357,0.1454545455,0.8709677419,0.650617284,0.7579617834,0.1,17665.5,0.7039187228,0.6335260116,0.7505773672,0.1704026593,0.4301260958,0.2610451233,0.4153898549,0.6139433091,-1.955054103,0.1521367521,-0.5951133567,0.241025641,-2.238447303,0.1042735043,0.1295733506,0.5914529915,-0.4494458141,0.2974358974,-1.818217008,0.1692307692,-1.431989794,0.1367521368,0.004179162033,0.5521367521,-1.401859195,0.2615384615,-1.959316335,0.1384615385,0.3446142503,0.6854700855,0.4425894276,-0.01246333181,0.4434699485,-0.01334385274,True,0.2848515222,-0.02380639886,0.2854029384,-0.0243578151,True,0.4030415315,0.01234832336,0.4025161709,0.012873684,True,0.6456825658,-0.03173925671,0.6453459622,-0.03140265311,True
5350304.02,5350304.02,2021S05075350304.02,304.02,2021,0.1664853101,0.281828074,2.4,0.7178423237,0.0925507901,0.1643835616,0.6789413119,0.3250688705,0.4054794521,3790.6,0.8282442748,0.5853658537,0.665559247,0.1703731672,0.5155851894,0.4035809282,0.3913620107,0.7518126292,0.346807345,0.558974359,1.685767204,0.9384615385,0.5993683876,0.6153846154,-0.1110006485,0.5555555556,1.816434933,0.9504273504,0.109780815,0.5179487179,1.713000498,0.935042735,0.7698815725,0.7213675214,0.1505688949,0.5247863248,2.232467528,0.9025641026,1.597243665,0.8991452991,0.5628488025,-0.04726361313,0.5632539194,-0.04766873003,True,0.4386425024,-0.03506157414,0.4408691824,-0.03728825414,True,0.5005090409,-0.1091470302,0.5027572482,-0.1113952375,True,0.7497929325,0.002019696718,0.7471552461,0.004657383148,True
5350304.03,5350304.03,2021S05075350304.03,304.03,2021,0.2016129032,0.2157258065,2.9,0.5353159851,0.0945674044,0.186746988,0.6814345992,0.0411764706,0.3855421687,2523.6,0.8146341463,0.6313645621,0.7469387755,0.1214594111,0.4704432972,0.3257808528,0.3670678144,0.7184812245,-1.185139398,0.305982906,0.421719166,0.7606837607,-0.669079786,0.4222222222,-1.761968465,0.1709401709,0.537987991,0.7777777778,-1.453220841,0.2478632479,0.7205261429,0.7042735043,-0.8649607669,0.3230769231,-1.543755145,0.2239316239,1.11801151,0.7435897436,0.3277360286,0.6786324786,0.487008809,-0.01656551175,0.490708623,-0.02026532578,True,0.350664171,-0.02488331814,0.3526790021,-0.02689814924,True,0.429071612,-0.06200379762,0.4320725444,-0.06500472998,True,0.6729131867,0.04556803784,0.675321008,0.0431602165,True
5350304.04,5350304.04,2021S05075350304.04,304.04,2021,0.2668579627,0.1219512195,2.6,0.5285714286,0.1637931034,0.8464419476,0.5823170732,0.8377358491,0.1123595506,14854.9,0.6773618538,0.618705036,0.6786743516,0.1704340704,0.4202303295,0.2666702888,0.3524798053,0.6415408944,-1.463102783,0.2478632479,-0.2956798733,0.4256410256,-1.910210411,0.1760683761,0.8298579857,0.7247863248,-0.1709924649,0.4512820513,-1.305388041,0.2837606838,-1.388595356,0.1435897436,0.4170720389,0.641025641,-0.7477824189,0.3863247863,-1.785335731,0.1641025641,0.7759733486,0.7948717949,0.465184341,-0.04495401153,0.466277762,-0.04604743247,True,0.3093762012,-0.04270591242,0.3088390612,-0.04216877234,True,0.422870113,-0.07039030772,0.4218992872,-0.06941948188,True,0.6720331103,-0.03049221589,0.6752554221,-0.03371452766,True
5350304.05,5350304.05,2021S05075350304.05,304.05,2021,0.1769087523,0.355679702,2.5,0.6140350877,0.1102803738,0.1441441441,0.7,0.5093457944,0.4954954955,3820.8,0.8174097665,0.6424581006,0.748603352,0.1451672029,0.5900592781,0.4526284243,0.501831039,0.8157183709,-0.2764631902,0.452991453,2.506650399,0.9846153846,-0.1276514925,0.5008547009,0.1318210743,0.5931623932,2.548925746,0.9811965812,-0.4718876365,0.4307692308,2.376312502,0.9794871795,2.052648988,0.9042735043,-0.2816683156,0.4581196581,2.404198239,0.9282051282,2.60628752,0.9606837607,0.5540535746,0.03600570352,0.5567610619,0.03329821618,True,0.4180967317,0.03453169258,0.4194232684,0.03320515588,True,0.4976091366,0.004221902345,0.5013485162,0.0004825227366,True,0.7505851167,0.0651332542,0.7529306816,0.06278768938,True
5350304.06,5350304.06,2021S05075350304.06,304.06,2021,0.2052401747,0.2209606987,2.6,0.6006493506,0.1243432574,0.2165898618,0.6782768103,0.5391705069,0.569124424,7644.5,0.7821989529,0.6760070053,0.7462817148,0.1223274576,0.4956059642,0.3206235718,0.4490490122,0.7171453087,-0.8823875263,0.3675213675,1.383114767,0.9179487179,-0.8876281502,0.3658119658,-0.04626382588,0.5641025641,1.348838303,0.9162393162,-0.9937153124,0.3401709402,0.9905013113,0.7914529915,1.25165092,0.8239316239,-0.6483359479,0.4085470085,1.039721823,0.7282051282,1.96976651,0.9230769231,0.5137539353,-0.01814797114,0.5081705489,-0.01256458472,True,0.366952949,-0.04632937725,0.3600511757,-0.03942760394,True,0.4617713871,-0.01272237495,0.460492244,-0.01144323186,True,0.7181277376,-0.0009824289364,0.7168871396,0.0002581690562,True
5350305.01,5350305.01,2021S05075350305.01,305.01,2021,0.185520362,0.2601809955,2.8,0.7046979866,0.1109852775,0.1261829653,0.7196796339,0.075,0.0757097792,1836.3,0.8911022576,0.5496098105,0.6614699332,0.0836909233,0.464714721,0.360248392,0.4132059487,0.6206898222,-0.05954246989,0.4905982906,0.8210566425,0.8547008547,0.6648321262,0.6222222222,-1.522528518,0.2376068376,1.312295009,0.9094017094,-0.4328800236,0.4341880342,1.362130737,0.8837606838,-1.116722801,0.2547008547,-0.778472185,0.3777777778,2.113665779,0.8871794872,0.1064503643,0.6136752137,0.5339848377,-0.06927011671,0.5223985008,-0.05768377977,True,0.4222950126,-0.06204662062,0.4176380614,-0.0573896694,True,0.4660458931,-0.05283994436,0.4569127561,-0.04370680742,True,0.7033328724,-0.08264305018,0.7008238968,-0.0801340746,True
5350305.03,5350305.03,2021S05075350305.03,305.03,2021,0.222455404,0.2025183631,2.2,0.6605504587,0.1512605042,0.6018518519,0.5332594235,0.8164705882,0.4421296296,6700.4,0.7571606476,0.5673382821,0.6299045599,0.09448022687,0.4971268812,0.3848325898,0.4286474816,0.6779005721,-0.01099928744,0.5042735043,1.000019247,0.8769230769,-0.4488503262,0.4512820513,1.357743521,0.7914529915,0.8344181245,0.8581196581,0.01925216778,0.5025641026,0.007552000746,0.4666666667,1.241074357,0.8170940171,0.6241401572,0.6239316239,0.2740345608,0.5384615385,2.003203376,0.9247863248,0.5386831129,-0.04155623166,0.5407087795,-0.04358189832,True,0.3922916483,-0.007459058499,0.3929552647,-0.008122674857,True,0.4846582725,-0.05601079097,0.4873676891,-0.05872020751,True,0.7485345089,-0.07063393676,0.7499857007,-0.0720851286,True
5350305.05,5350305.05,2021S05075350305.05,305.05,2021,0.287993921,0.1990881459,1.8,0.7208237986,0.1814580032,0.4154929577,0.3972821743,0.9489795918,0.9042253521,17560.7,0.7022900763,0.6079328757,0.7566742944,0.182679977,0.5205424572,0.3236638335,0.4945861572,0.743377381,0.2012105378,0.5401709402,1.399202203,0.9196581197,-0.9149251476,0.3572649573,3.266026067,0.9094017094,1.058614745,0.8888888889,0.4222644243,0.5760683761,-0.5224699726,0.2615384615,2.899169923,0.958974359,1.647477369,0.8102564103,-0.5309553543,0.335042735,3.102035084,0.9794871795,0.5528911106,-0.03234865337,0.5449226294,-0.0243801722,True,0.3915978122,-0.06793397873,0.3941549777,-0.07049114425,True,0.5045279282,-0.009941770969,0.5058915584,-0.01130540117,True,0.783678886,-0.04030150497,0.7874637245,-0.04408634351,True
5350305.06,5350305.06,2021S05075350305.06,305.06,2021,0.5246277205,0.067583047,1.8,0.6890343699,0.2439862543,0.4699570815,0.1977329975,0.9755600815,0.9871244635,6940.1,0.5426065163,0.5800970874,0.8288834951,0.2115981813,0.5932036323,0.3690261924,0.5373248254,0.873259879,-1.036067172,0.3367521368,-1.185828124,0.06324786325,-2.653199922,0.04615384615,3.305807249,0.9145299145,-1.824648054,0.03418803419,-0.5871275415,0.4102564103,-3.868774768,0.02051282051,0.9428671961,0.7572649573,1.117006837,0.7042735043,-3.931194395,0.02393162393,1.244878253,0.8547008547,0.4657956999,0.1274079324,0.4608782784,0.1323253539,True,0.2768072296,0.09221896286,0.2735966162,0.09542957622,True,0.4258488686,0.1114759568,0.4161071054,0.12121772,True,0.7110131815,0.1622466975,0.703134121,0.170125758,True
5350306.01,5350306.01,2021S05075350306.01,306.01,2021,0.241603467,0.1679306609,3.1,0.6229508197,0.1854663774,0.2508250825,0.6435079727,0.1589403974,0.0264026403,3934.8,0.7651821862,0.6026200873,0.7958515284,0.02195315602,0.3837335489,0.2921152051,0.2990928693,0.5599925723,-1.782481584,0.1863247863,-0.1140080429,0.5333333333,-1.32083017,0.2871794872,-1.492942901,0.2478632479,0.5501560361,0.7829059829,-2.025267553,0.1452991453,-0.2841216928,0.3384615385,-1.486305718,0.1675213675,-2.000960051,0.1384615385,0.02626441119,0.4888888889,-0.1160942985,0.5401709402,0.4567290984,-0.07299554948,0.4554261573,-0.07169260845,True,0.324247453,-0.03213224794,0.3216933228,-0.02957811776,True,0.3965966449,-0.09750377561,0.395973251,-0.09688038167,True,0.642837078,-0.08284450568,0.6431425996,-0.0831500273,True
5350306.02,5350306.02,2021S05075350306.02,306.02,2021,0.2292110874,0.1908315565,2.7,0.71875,0.1488222698,0.2046783626,0.6324022346,0.368115942,0.3713450292,4189.5,0.7808041505,0.601487779,0.7832093518,0.0423744838,0.4679330226,0.3798881937,0.4066277372,0.617283137,-0.8076879705,0.3794871795,0.6708023762,0.8205128205,-0.6451566602,0.4273504274,-0.4615901746,0.4700854701,0.9266954784,0.8769230769,-1.004672469,0.3384615385,0.2797299338,0.547008547,-0.2252971947,0.4974358974,-0.7474540454,0.388034188,0.7834203443,0.6700854701,1.033731524,0.8256410256,0.5046644126,-0.03673139001,0.5040256278,-0.03609260524,True,0.3684766303,0.0114115634,0.367751817,0.01213637667,True,0.4438426735,-0.03721493625,0.4417581374,-0.03513040017,True,0.7015049142,-0.08422177722,0.7020034776,-0.08472034059,True
5350307.03,5350307.03,2021S05075350307.03,307.03,2021,0.2885973764,0.1715438951,2.1,0.7128547579,0.2502522704,0.4231578947,0.4969072165,0.9957173448,0.9978947368,45022.7,0.6415981199,0.665004985,0.8424725823,0.2501292947,0.509052168,0.3223239565,0.5593368339,0.6454957136,-0.5893475689,0.4153846154,1.886274415,0.9572649573,-2.027367568,0.1418803419,4.50377993,0.9760683761,2.117032606,0.9692307692,-0.2092742607,0.4769230769,-0.6788441073,0.241025641,4.622273543,0.9914529915,1.289685564,0.7299145299,-1.61799508,0.1794871795,3.864615544,0.988034188,0.5325794669,-0.02352729894,0.5266717835,-0.01761961546,True,0.3670994795,-0.044775523,0.3713907936,-0.0490668371,True,0.4953628636,0.06397397026,0.4966170836,0.06271975033,True,0.7708338996,-0.1253381859,0.7745697124,-0.1290739988,True
5350307.04,5350307.04,2021S05075350307.04,307.04,2021,0.3143063584,0.1791907514,2,0.7211201867,0.1995661605,0.528358209,0.4935459377,0.9940915805,0.723880597,45222.2,0.6554276316,0.6221735959,0.7454412837,0.2597977296,0.5744388481,0.3675089073,0.5182576864,0.8375499506,-0.07238563739,0.4854700855,1.30959702,0.9145299145,-1.396367288,0.2700854701,4.217041771,0.9606837607,1.501597067,0.9367521368,0.2997761625,0.5487179487,-0.9311916847,0.1965811966,3.784345289,0.9811965812,1.573161047,0.7948717949,-1.698214536,0.1709401709,2.932449494,0.9760683761,0.5415960303,0.03284281783,0.5359276303,0.03851121781,True,0.384517692,-0.01700878468,0.3873002474,-0.01979134008,True,0.5031253908,0.0151322956,0.5040877179,0.01416996852,True,0.7674598943,0.07009005632,0.7693096317,0.06824031891,True
5350307.05,5350307.05,2021S05075350307.05,307.05,2021,0.3937592868,0.1158989599,1.8,0.7120879121,0.2291666667,0.4498644986,0.3772070626,0.9545454545,0.9756097561,32170.2,0.5482815057,0.6108527132,0.8699690402,0.2798936998,0.480922699,0.2878739473,0.5764739578,0.578420192,-0.7152588714,0.3965811966,0.4804232242,0.7743589744,-2.31015219,0.09572649573,4.245166141,0.9623931624,0.3739637862,0.7111111111,-0.2629605874,0.464957265,-2.197750058,0.08376068376,3.240088751,0.9692307692,1.351559894,0.7452991453,-2.881513127,0.07179487179,2.66968646,0.9623931624,0.5048345356,-0.02391183658,0.5057609105,-0.0248382115,True,0.329331262,-0.04145731468,0.3295811747,-0.04170722738,True,0.4689931979,0.1074807598,0.4629526149,0.1135213429,True,0.7455919324,-0.1671717403,0.7476691085,-0.1692489165,True
5350307.06,5350307.06,2021S05075350307.06,307.06,2021,0.2739861523,0.1839762611,2.2,0.746388443,0.2312373225,0.3392070485,0.4959016393,1,0.9625550661,48531.7,0.6878612717,0.6581027668,0.8418972332,0.2800098227,0.5908524068,0.4237229846,0.5355100462,0.8133241894,-0.256719935,0.4581196581,1.969487927,0.9658119658,-1.610339639,0.2376068376,4.45285537,0.9726495726,2.274205578,0.9726495726,0.08767347809,0.5162393162,-0.4408617483,0.2854700855,4.533805687,0.9897435897,1.485568802,0.7777777778,-1.284209814,0.211965812,3.721409678,0.9863247863,0.5458865468,0.04496586001,0.5507818455,0.04007056128,True,0.3872529742,0.03647001043,0.3904200951,0.03330288957,True,0.5065052228,0.02900482343,0.5102858357,0.0252242105,True,0.7784116096,0.03491257977,0.7825882238,0.03073596565,True
5350307.07,5350307.07,2021S05075350307.07,307.07,2021,0.2765273312,0.1760450161,2.6,0.7057142857,0.1725806452,0.4054621849,0.605704698,0.5441176471,0.2794117647,5075.9,0.7126546147,0.5959677419,0.7548387097,0.2012078496,0.4278346859,0.3485856723,0.3905717295,0.544346656,-0.9165800606,0.3623931624,0.2506884804,0.6991452991,-1.084160894,0.3213675214,0.4255650301,0.6581196581,0.5392481672,0.7794871795,-0.9414661363,0.3538461538,-0.5434322446,0.2581196581,0.1173234396,0.5811965812,-0.5147675896,0.4273504274,-0.4658833389,0.3641025641,0.8091064204,0.7982905983,0.4938168488,-0.06598216288,0.4950062872,-0.06717160131,True,0.3518137216,-0.00322804936,0.3525649879,-0.003979315659,True,0.4404504636,-0.04987873409,0.4420399575,-0.05146822801,True,0.6929343015,-0.1485876455,0.693646268,-0.149299612,True
5350308.02,5350308.02,2021S05075350308.02,308.02,2021,0.207852194,0.1986143187,2.8,0.6386036961,0.1202312139,0.2610062893,0.648,0.1936507937,0.0157232704,3037.1,0.873772791,0.4666666667,0.4493882091,0.0471944279,0.4416105887,0.3270318059,0.3959804378,0.6018195224,0.2865901137,0.5487179487,0.04420258245,0.6068376068,0.8749057352,0.6512820513,-1.352078243,0.2700854701,0.3636566704,0.7076923077,-0.004820825223,0.4974358974,0.556758421,0.6444444444,-1.635137441,0.1333333333,-0.3489636683,0.4495726496,1.420561278,0.7863247863,-0.5073340496,0.4102564103,0.5335659062,-0.0919553175,0.5332416141,-0.09163102536,True,0.4207150391,-0.09368323324,0.4215280119,-0.09449620601,True,0.4682300301,-0.07224959224,0.4677411193,-0.07176068152,True,0.7017561695,-0.0999366471,0.7022705094,-0.100450987,True
5350308.03,5350308.03,2021S05075350308.03,308.03,2021,0.1883408072,0.1793721973,2.9,0.6776859504,0.067264574,0.2133333333,0.6872037915,0.1298701299,0,2810.7,0.8314606742,0.4520547945,0.5433789954,0.0203221402,0.4015561826,0.3136960885,0.330641157,0.5603313021,0.09499786997,0.5230769231,-0.1378738976,0.5162393162,0.838473488,0.6478632479,-1.958080562,0.1384615385,0.1722665172,0.6324786325,-0.257980998,0.4666666667,0.5677512225,0.6495726496,-2.068440188,0.05982905983,-0.6873299641,0.4,1.584388076,0.8068376068,-0.7093175485,0.3196581197,0.5236846547,-0.1221284721,0.5239472577,-0.1223910751,True,0.4111551644,-0.09745907585,0.4125422996,-0.09884621104,True,0.4570827464,-0.1264415894,0.4591350154,-0.1284938584,True,0.6909850736,-0.1306537715,0.6919948662,-0.1316635641,True
5350308.05,5350308.05,2021S05075350308.05,308.05,2021,0.2405857741,0.1924686192,2.8,0.6993006993,0.1155462185,0.1929824561,0.6275720165,0.1169590643,0.0760233918,3226.5,0.8267326733,0.5288270378,0.5487077535,0.1285326585,0.3979885208,0.3009490653,0.3496385993,0.5433778977,-0.05451683976,0.4923076923,-0.1378438777,0.5179487179,0.4384088013,0.5931623932,-1.219110092,0.2991452991,0.2357023609,0.6683760684,-0.3208656888,0.4512820513,0.1448306553,0.5145299145,-1.691425677,0.1213675214,-0.5248906306,0.4256410256,0.9343144072,0.7076923077,-0.5699822949,0.3914529915,0.5183216844,-0.1203331636,0.5171598456,-0.1191713248,True,0.4008139812,-0.09986491591,0.4003151058,-0.09936604046,True,0.4537520385,-0.1041134392,0.4532733797,-0.1036347804,True,0.6907775331,-0.1473996354,0.6854130498,-0.1420351521,True
5350308.06,5350308.06,2021S05075350308.06,308.06,2021,0.3348254252,0.2435094002,1.9,0.7208931419,0.2453703704,0.4088495575,0.4630350195,0.9789473684,0.9061946903,29225.5,0.6358267717,0.6169201521,0.7699619772,0.2097247346,0.5435967446,0.3640140302,0.4871096625,0.7796665411,-0.2000328426,0.4632478632,1.957502214,0.9606837607,-1.530306038,0.2478632479,4.216116392,0.958974359,1.984412988,0.958974359,0.120119963,0.5213675214,-0.3752219333,0.3025641026,4.215189626,0.9863247863,1.520605361,0.7897435897,-1.045537483,0.2324786325,3.688335201,0.9846153846,0.5477220205,-0.004125275893,0.550919855,-0.007323110428,True,0.3848888569,-0.02087482667,0.3864515927,-0.0224375625,True,0.5058548295,-0.01874516702,0.5092337486,-0.02212408608,True,0.781520003,-0.001853461915,0.7801729822,-0.0005064410662,True
5350308.07,5350308.07,2021S05075350308.07,308.07,2021,0.375,0.2026315789,1.8,0.6714876033,0.2875989446,0.6164383562,0.3931034483,0.9953917051,0.6529680365,24576.1,0.6083213773,0.6376811594,0.7628458498,0.329800464,0.504879126,0.3389233939,0.4841691802,0.6915448038,-0.6258319221,0.4085470085,1.041440366,0.8837606838,-2.094209625,0.1282051282,4.404874202,0.9675213675,1.201678139,0.905982906,-0.1964189105,0.4803418803,-1.547719864,0.1264957265,3.483198409,0.9743589744,1.252049034,0.7213675214,-2.455613868,0.1042735043,2.804764325,0.9709401709,0.5173119102,-0.01243278425,0.5224973081,-0.01761818207,True,0.3512281509,-0.01230475704,0.3521660735,-0.01324267966,True,0.4791362483,0.005032931907,0.4779180483,0.00625113193,True,0.748602368,-0.05705756423,0.7474264384,-0.05588163459,True
5350309.00,5350309.00,2021S05075350309.00,309,2021,0.2303459119,0.1580188679,2.7,0.4275362319,0.1265108783,0.8733624454,0.6402116402,0.9192139738,0.0742358079,8635.6,0.6224976168,0.699751861,0.6774193548,0.1838239985,0.5374677375,0.2709657876,0.504544237,0.8368931878,-2.095536495,0.1213675214,0.1937424473,0.6837606838,-2.42718502,0.07692307692,0.291141965,0.6324786325,0.1568383049,0.6205128205,-1.957527923,0.1538461538,-0.6923283516,0.2393162393,1.012439056,0.7760683761,-1.457290762,0.2444444444,-1.377761133,0.2017094017,1.360445108,0.8803418803,0.4505838443,0.08688389324,0.446677232,0.09079050546,True,0.2858613251,-0.01489553751,0.2833816784,-0.01241589078,True,0.4130290854,0.09151515164,0.4104119581,0.09413227885,True,0.6619900001,0.1749031877,0.6559286295,0.1809645583,True
5350310.01,5350310.01,2021S05075350310.01,310.01,2021,0.20110957,0.213592233,2.9,0.5865921788,0.0765957447,0.2166666667,0.6851265823,0.2551440329,0.025,2554,0.8219178082,0.3925373134,0.2840059791,0.07336421674,0.4582553631,0.3756825409,0.3879620631,0.6111214854,0.6825861601,0.6068376068,0.1279665393,0.6564102564,1.334586602,0.7316239316,-1.526200237,0.2341880342,0.273721865,0.6871794872,0.3940008167,0.5743589744,0.9916465638,0.7931623932,-1.355478722,0.1965811966,-0.1062145019,0.4854700855,1.815117279,0.8376068376,-0.5659487949,0.3931623932,0.5491552641,-0.090899901,0.5494353775,-0.0911800144,True,0.438419094,-0.06273655316,0.4396478646,-0.06396532378,True,0.4872025891,-0.09924052596,0.4875849463,-0.09962288318,True,0.7123517148,-0.1012302293,0.7143933676,-0.1032718821,True
5350310.02,5350310.02,2021S05075350310.02,310.02,2021,0.2260787992,0.1472795497,2.8,0.4532019704,0.1188679245,0.5077319588,0.6967370441,0.6015625,0.0180412371,2532.7,0.830449827,0.5251141553,0.4945255474,0.08007771223,0.4356263433,0.2918617571,0.4198157547,0.5952015179,-0.6927869952,0.3982905983,-0.2804378829,0.4358974359,-0.3720285517,0.464957265,-1.236963562,0.294017094,-0.2788076134,0.3914529915,-0.8005019695,0.3777777778,0.02643599676,0.4700854701,-0.9247242956,0.3042735043,-0.9775891276,0.3452991453,0.2174006985,0.5230769231,-0.2635251901,0.4752136752,0.4930693292,-0.05744298593,0.4973716662,-0.06174532291,True,0.3578583838,-0.06599662667,0.3643953204,-0.0725335633,True,0.4428504228,-0.0230346681,0.4487581563,-0.02894240156,True,0.6735365801,-0.0783350622,0.6834206734,-0.08821915551,True
5350311.02,5350311.02,2021S05075350311.02,311.02,2021,0.2329450915,0.1788685524,2.7,0.2449856734,0.1480865225,0.5518018018,0.7273489933,0.5530474041,0.1193693694,6749,0.7848605578,0.5946601942,0.7178658044,0.3498391788,0.4014598657,0.2499776403,0.3741892049,0.5802127518,-1.769824831,0.1897435897,-0.0450602535,0.558974359,-1.681018537,0.2205128205,-0.7340245337,0.4034188034,0.06331862261,0.5692307692,-1.703566035,0.2017094017,0.01289091885,0.4683760684,0.3702380117,0.6358974359,-1.742726617,0.1811965812,-0.8743053465,0.2666666667,0.004933445085,0.5829059829,0.4583223177,-0.05686245196,0.4570976278,-0.05563776211,True,0.3086368628,-0.05865922245,0.3082021402,-0.05822449989,True,0.4232546399,-0.04906543498,0.4208265509,-0.04663734596,True,0.6426893299,-0.0624765781,0.6419147559,-0.06170200409,True
5350311.03,5350311.03,2021S05075350311.03,311.03,2021,0.2373831776,0.1962616822,3.1,0.3243243243,0.0994371482,0.2931034483,0.7188160677,0.1771428571,0.0114942529,3340,0.7868480726,0.4979919679,0.6084337349,0.05618693326,0.4301556063,0.2872132273,0.4376226095,0.5656309822,-1.494088573,0.241025641,-0.3813316157,0.3658119658,-0.8124913848,0.3846153846,-2.46606375,0.06837606838,-0.2147191591,0.4239316239,-1.709709887,0.2,0.3836692772,0.5811965812,-1.48526003,0.1709401709,-2.11594588,0.1213675214,0.4156265846,0.5777777778,-0.8346303019,0.2752136752,0.4626576223,-0.03250201599,0.4624225156,-0.03226690933,True,0.3281014068,-0.04088817952,0.3276382229,-0.04042499561,True,0.4131150283,0.02450758116,0.4124180373,0.02520457213,True,0.6349474793,-0.06931649709,0.6325141359,-0.06688315366,True
5350311.04,5350311.04,2021S05075350311.04,311.04,2021,0.2409823484,0.1650038373,3,0.2585227273,0.0937019969,0.4976851852,0.7308003234,0.5694444444,0.1180555556,6789.2,0.761095373,0.6167434716,0.7380952381,0.2044411409,0.4383485618,0.296255779,0.4091567447,0.6096331618,-2.154667072,0.1145299145,-0.3255578756,0.4034188034,-1.897686598,0.1794871795,-1.611458662,0.2034188034,-0.378894307,0.3316239316,-2.169928633,0.1213675214,-0.0808233306,0.4222222222,-0.288006554,0.4735042735,-2.247662971,0.105982906,-0.6853169225,0.3128205128,-0.1374765911,0.5299145299,0.4398825424,-0.001533980584,0.437263147,0.001085414762,True,0.2853383023,0.01091747663,0.2834589464,0.01279683254,True,0.4026434252,0.006513319544,0.4003624528,0.008794291867,True,0.6279196556,-0.01828649379,0.6247627997,-0.01512963787,True
5350311.05,5350311.05,2021S05075350311.05,311.05,2021,0.3791044776,0.1052238806,2.7,0.3476005188,0.1360239163,0.5967741935,0.5802752294,0.9222903885,0.4939516129,19375.2,0.6122633003,0.5401882694,0.8269370022,0.2555313779,0.4156811187,0.2643780992,0.4097895713,0.5728756855,-2.056132492,0.1316239316,-0.9129735464,0.1076923077,-2.746813161,0.0358974359,0.7469472824,0.7145299145,-1.198877208,0.08888888889,-1.746307896,0.1897435897,-1.961090726,0.09230769231,0.8611063312,0.7452991453,-1.044614626,0.3333333333,-2.900416147,0.06666666667,0.3337588651,0.6803418803,0.4337116478,-0.01803052908,0.4371553974,-0.02147427874,True,0.2579369119,0.006441187331,0.2587627067,0.005615392516,True,0.4064961032,0.003293468114,0.4062709679,0.003518603392,True,0.6465112294,-0.07363554389,0.6499476195,-0.07707193393,True
5350311.06,5350311.06,2021S05075350311.06,311.06,2021,0.454954955,0.0773273273,2.4,0.4908136483,0.1904388715,0.570610687,0.3838383838,0.7080979284,0.5057251908,650.7,0.5452976704,0.4858069749,0.799675588,0.4303619419,0.5372437619,0.3177403813,0.4608764045,0.8331145,-1.629487217,0.2188034188,-1.920004092,0.01709401709,-2.523766665,0.05641025641,1.230787843,0.7811965812,-2.196799738,0.02222222222,-1.285349611,0.2923076923,-3.386072968,0.03076923077,-0.4988349108,0.4256410256,-0.3956021048,0.4427350427,-3.851875052,0.03076923077,-0.6415598572,0.3606837607,0.4323778164,0.1048659455,0.4326629883,0.1045807736,True,0.2590940977,0.05864628358,0.258886833,0.05885354836,True,0.397655226,0.0632211785,0.3977811889,0.06309521566,True,0.6445506539,0.1885638461,0.6425719193,0.1905425806,True
5350312.02,5350312.02,2021S05075350312.02,312.02,2021,0.2253922967,0.1483594864,3.1,0.1884816754,0.1257142857,0.389380531,0.7119155354,0.4355555556,0.2787610619,6724.9,0.7370304114,0.612625538,0.8263988522,0.2758944153,0.3713723877,0.20167643,0.3503906686,0.5620500645,-2.64459512,0.05982905983,-0.3063247521,0.4188034188,-2.412390735,0.08205128205,-1.662514022,0.188034188,-0.27487006,0.3948717949,-2.64165282,0.06837606838,-0.1532832214,0.3948717949,-0.08426359446,0.5299145299,-2.653482444,0.05982905983,-0.9793063885,0.2444444444,-0.05726001064,0.5623931624,0.4226253783,-0.05125299055,0.4257585156,-0.05438612788,True,0.2633551629,-0.0616787329,0.2671912314,-0.06551480145,True,0.3883387779,-0.03794810931,0.3895470147,-0.03915634613,True,0.6137577296,-0.05170766508,0.6157190331,-0.05366896859,True
5350312.03,5350312.03,2021S05075350312.03,312.03,2021,0.2315541601,0.1671899529,3,0.1676470588,0.1291338583,0.5058548009,0.7450657895,0.5390070922,0.1100702576,4285.6,0.8113948919,0.5743348983,0.7605633803,0.3535935434,0.3691492381,0.2157037834,0.34398378,0.5477601509,-2.144650632,0.1179487179,-0.4296852404,0.3367521368,-1.869237774,0.1846153846,-1.565251853,0.2273504274,-0.3864305766,0.3264957265,-2.116120926,0.1282051282,-0.04890644651,0.4376068376,-0.2548800824,0.4854700855,-2.313016993,0.1008547009,-0.9384855844,0.2547008547,-0.5362761996,0.4034188034,0.4385214126,-0.06937217448,0.438550467,-0.06940122892,True,0.2869185029,-0.07121471946,0.2873322011,-0.07162841763,True,0.4049125792,-0.06092879921,0.4054981078,-0.06151432786,True,0.6186679774,-0.0709078265,0.618754702,-0.07099455112,True
5350312.04,5350312.04,2021S05075350312.04,312.04,2021,0.2349570201,0.1671442216,3.2,0.0825515947,0.1689587426,0.603125,0.7178683386,0.7616099071,0.1125,7214.3,0.7426470588,0.5865479723,0.8803165183,0.1674294571,0.3651600877,0.1637007117,0.3214818118,0.6102977396,-3.210302714,0.01538461538,-0.1581035391,0.5042735043,-3.091836133,0.02222222222,-1.411796405,0.264957265,-0.09475398916,0.4957264957,-3.132633771,0.02051282051,-0.2340132543,0.358974359,0.4172938774,0.6427350427,-3.049966295,0.02905982906,-1.44881125,0.1914529915,0.311747794,0.6717948718,0.4047810183,-0.03962093059,0.4024586686,-0.0372985809,True,0.2377468274,-0.07404611573,0.235963727,-0.07226301534,True,0.3755062344,-0.05402442263,0.3743699465,-0.0528881347,True,0.6014729718,0.008824767824,0.5971767478,0.01312099178,True
5350312.05,5350312.05,2021S05075350312.05,312.05,2021,0.2472826087,0.0951086957,2.9,0.112565445,0.2404891304,0.811023622,0.7846820809,0.6653543307,0.1299212598,10653.4,0.7871939736,0.5662162162,0.9553450609,0.2755017291,0.3777672963,0.2001148435,0.3857493394,0.5474377059,-3.205406423,0.01709401709,-0.6611355328,0.2051282051,-3.260554331,0.01538461538,-0.7890286509,0.388034188,-0.3479132774,0.3572649573,-3.022474407,0.03076923077,-1.029809613,0.1777777778,0.2302824634,0.6068376068,-2.883738884,0.03760683761,-2.466805628,0.1025641026,-0.1918514892,0.5042735043,0.3966453137,-0.0188780174,0.3955141069,-0.01774681057,True,0.2324989132,-0.03238406965,0.2317696723,-0.03165482871,True,0.3700241683,0.01572517104,0.3649545836,0.02079475579,True,0.5900139601,-0.0425762542,0.5934736798,-0.04603597387,True
5350312.06,5350312.06,2021S05075350312.06,312.06,2021,0.2489019034,0.1625183016,3.2,0.1417112299,0.1319648094,0.4258373206,0.7407952872,0.3428571429,0.0526315789,7449.8,0.8613678373,0.5762237762,0.7916083916,0.2764859723,0.3445313103,0.2041588478,0.3463605146,0.4830745685,-2.402782114,0.08717948718,-0.8141356211,0.1401709402,-1.913755486,0.1692307692,-2.283134135,0.08888888889,-0.6479660622,0.2256410256,-2.448623327,0.08376068376,-0.2099378243,0.3743589744,-1.136429738,0.2461538462,-2.784920312,0.04444444444,-0.9548577962,0.252991453,-1.181948774,0.1538461538,0.4229095093,-0.07837819897,0.4206716099,-0.0761402996,True,0.2750763876,-0.07091753976,0.2753163447,-0.07115749686,True,0.3863118179,-0.03995130326,0.3807686382,-0.03440812358,True,0.5968363977,-0.1137618292,0.5963356305,-0.113261062,True
5350312.07,5350312.07,2021S05075350312.07,312.07,2021,0.1951909477,0.3083451202,2.5,0.2,0.1909476662,0.4306049822,0.7342342342,0.4230769231,0.1316725979,5680.5,0.8144499179,0.6180758017,0.6200873362,0.275168542,0.4365147459,0.2872235668,0.4062083144,0.6161123564,-1.401280369,0.264957265,1.504374572,0.9264957265,-1.216321415,0.3042735043,-0.3255435161,0.4991452991,1.75120221,0.9487179487,-1.416615246,0.2547008547,1.639420701,0.9264957265,1.751661483,0.8820512821,-1.495998225,0.2307692308,0.6204891843,0.6393162393,1.26030698,0.8581196581,0.4971434676,-0.06062872173,0.4957314632,-0.05921671729,True,0.3551135881,-0.06789002131,0.3562516436,-0.06902807674,True,0.4581153229,-0.0519070085,0.4554510694,-0.04924275496,True,0.680211725,-0.06409936868,0.6776707717,-0.06155841534,True
5350313.00,5350313.00,2021S05075350313.00,313,2021,0.2232223222,0.1629162916,3,0.254180602,0.0846084608,0.3506849315,0.7123935667,0.4219178082,0.0191780822,1935.2,0.817264574,0.5238523852,0.6921692169,0.2161636053,0.394598849,0.2390612826,0.3639148685,0.5808203958,-1.59319973,0.2239316239,-0.6001389138,0.2393162393,-1.067724814,0.3247863248,-2.216810072,0.09914529915,-0.5881923816,0.2444444444,-1.702474233,0.2034188034,0.1228229145,0.5094017094,-1.173100432,0.2324786325,-2.072154361,0.1247863248,-0.1505889116,0.441025641,-0.9289979122,0.2444444444,0.4554870135,-0.06088816451,0.4546500482,-0.06005119918,True,0.314081353,-0.0750200704,0.3133495219,-0.0742882393,True,0.4131126113,-0.04919774278,0.412475304,-0.04856043552,True,0.6293145582,-0.04849416241,0.6296542312,-0.04883383541,True
5350314.01,5350314.01,2021S05075350314.01,314.01,2021,0.2675159236,0.1003184713,2.8,0.1974431818,0.1800796813,0.8672566372,0.5889361702,0.9207048458,0.1261061947,14657.8,0.6503719447,0.6125984252,0.9150275374,0.3003937579,0.4248419203,0.2713586087,0.3593180243,0.6438491279,-2.989862491,0.02905982906,-0.7413442487,0.1641025641,-3.474334963,0.01196581197,0.2657109123,0.6239316239,-0.6749753041,0.2034188034,-2.699248798,0.05982905983,-1.750143232,0.1111111111,0.7408499732,0.7145299145,-2.153324084,0.1179487179,-3.072408576,0.05982905983,0.399024895,0.6888888889,0.4030521646,0.02178975574,0.4051399448,0.01970197552,True,0.228146121,0.04321248766,0.2303252758,0.04103333287,True,0.3771607803,-0.01784275605,0.3876619467,-0.02834392243,True,0.6124989844,0.03135014341,0.6149814519,0.02886767595,True
5350314.02,5350314.02,2021S05075350314.02,314.02,2021,0.2631578947,0.1705653021,3.2,0.3018867925,0.1268292683,0.2955974843,0.6867845994,0.3753943218,0.2201257862,4705.1,0.7413587604,0.6303270565,0.8047571853,0.3126158337,0.4542170326,0.238506013,0.4368609947,0.6872840901,-2.417161203,0.08547008547,-0.4325197409,0.3333333333,-2.14172365,0.1247863248,-1.646835051,0.1931623932,-0.2833805551,0.388034188,-2.455097197,0.08205128205,-0.2979808864,0.335042735,-0.5340725151,0.4136752137,-2.480621473,0.08547008547,-0.9207935808,0.2564102564,-0.3713435546,0.452991453,0.4286989444,0.02551808824,0.4287678963,0.02544913634,True,0.275421589,-0.03691557604,0.2761358727,-0.0376298597,True,0.3896430914,0.04721790332,0.3897902226,0.04707077206,True,0.6158038632,0.07148022698,0.6163115899,0.07097250029,True
5350315.01,5350315.01,2021S05075350315.01,315.01,2021,0.2251148545,0.2496171516,2.9,0.2782874618,0.0644171779,0.1090909091,0.7954545455,0.1628959276,0.0136363636,2172.8,0.8896925859,0.4881516588,0.3753943218,0.17606287,0.4590441725,0.3252316515,0.4727802887,0.5791205775,-0.3234480159,0.4478632479,0.135983226,0.6598290598,0.539364808,0.6085470085,-2.550490947,0.05811965812,0.1439489134,0.611965812,-0.57610876,0.4153846154,1.598980161,0.9179487179,-1.00342912,0.2820512821,-1.341562544,0.2700854701,1.63347881,0.811965812,-0.9842343455,0.2256410256,0.5131987598,-0.05415458728,0.5163195671,-0.0572753946,True,0.3921748191,-0.06694316762,0.3940451486,-0.06881349718,True,0.4645636938,0.008216594889,0.4657660226,0.007014266126,True,0.6687688211,-0.08964824365,0.6723442579,-0.0932236804,True
5350315.02,5350315.02,2021S05075350315.02,315.02,2021,0.2466567608,0.1708766716,3.2,0.2476780186,0.1634472511,0.3482587065,0.7051926298,0.5283018868,0.3134328358,7864,0.741509434,0.6139240506,0.8199052133,0.1780077479,0.4455235412,0.2682259004,0.4109081088,0.6574366144,-2.659529713,0.05811965812,0.05501443957,0.6205128205,-2.493353011,0.06495726496,-1.327855374,0.2752136752,0.1701130277,0.6273504274,-2.669864835,0.06324786325,-0.02321619007,0.4461538462,0.2673003563,0.6153846154,-2.5531092,0.0735042735,-0.8076426779,0.2803418803,0.4331013104,0.6957264957,0.4280598644,0.01746367682,0.4248158066,0.02070773462,True,0.2685916797,-0.0003657792984,0.2663071328,0.001918767655,True,0.3912445891,0.01966351975,0.3879579427,0.02295016611,True,0.6242931725,0.03314344189,0.6200963937,0.03734022078,True
5350315.03,5350315.03,2021S05075350315.03,315.03,2021,0.256294964,0.184352518,3.2,0.24,0.1303956835,0.3479452055,0.6883928571,0.4700854701,0.1287671233,925.5,0.7919911012,0.5622866894,0.7201365188,0.176363116,0.4041017712,0.2740056801,0.3738208513,0.5644787822,-2.157217975,0.1128205128,-0.4015147267,0.3538461538,-1.752594206,0.2017094017,-2.005689129,0.1282051282,-0.3760230903,0.3384615385,-2.23976258,0.1145299145,-0.00246498557,0.4564102564,-0.7998852982,0.3418803419,-2.40649434,0.0905982906,-0.4468126595,0.3709401709,-0.4613896873,0.4273504274,0.438536038,-0.03443426675,0.4384052365,-0.03430346528,True,0.2882977815,-0.01429210143,0.2891718927,-0.01516621263,True,0.3974364027,-0.02361555146,0.3959622643,-0.022141413,True,0.6218250313,-0.05734624916,0.6208993555,-0.05642057331,True
5350316.01,5350316.01,2021S05075350316.01,316.01,2021,0.2153652393,0.2544080605,3.1,0.1781170483,0.0984251969,0.1625,0.7590847914,0.2016460905,0.0166666667,2237.1,0.8251121076,0.5844155844,0.6727272727,0.2967018414,0.3825494609,0.2175387025,0.350972169,0.5791375111,-1.823075755,0.1777777778,0.1880970676,0.6803418803,-1.111743719,0.3179487179,-2.439480906,0.07179487179,0.3930889561,0.7145299145,-1.988723371,0.147008547,1.177407692,0.8376068376,-0.4701077221,0.4341880342,-2.504851845,0.08205128205,0.5477931655,0.6102564103,-0.5960438545,0.3794871795,0.4602644161,-0.0777149552,0.4648735917,-0.08232413083,True,0.3230071243,-0.1054684218,0.3237754094,-0.1062367069,True,0.4192028795,-0.0682307105,0.4229879681,-0.0720157991,True,0.6275398304,-0.04840231931,0.6286561841,-0.04951867292,True
5350316.03,5350316.03,2021S05075350316.03,316.03,2021,0.2439236111,0.0980902778,3,0.1165354331,0.1987847222,0.9270833333,0.6995260664,0.8010335917,0.0625,14377.3,0.6797687861,0.608428446,0.8673110721,0.2966069604,0.3912238809,0.2146919002,0.3640290927,0.5949506499,-3.328717218,0.01196581197,-0.7289773769,0.1675213675,-3.579004863,0.006837606838,-0.3772351394,0.4923076923,-0.5268865717,0.2683760684,-3.078900106,0.02393162393,-1.394440596,0.1418803419,0.5529351117,0.6752136752,-2.762962011,0.04615384615,-2.899917463,0.06837606838,0.1275545788,0.6256410256,0.3911009303,0.0001229505501,0.3944897922,-0.003265911334,True,0.2196757076,-0.004983807407,0.2216091505,-0.006917250298,True,0.367064412,-0.003035319354,0.3785412549,-0.0145121622,True,0.5929205423,0.002030107603,0.5944763416,0.0004743083011,True
5350316.04,5350316.04,2021S05075350316.04,316.04,2021,0.2350791717,0.1632155907,2.5,0.1435523114,0.2984165652,0.728358209,0.7268106734,0.7781155015,0.3492537313,8904.6,0.8314785374,0.5816203144,0.8644067797,0.3663854124,0.3566109854,0.1981142669,0.375774878,0.4959438112,-2.332518533,0.09914529915,0.5069333676,0.7829059829,-2.697708381,0.04102564103,0.6822525503,0.7025641026,0.7582557531,0.8376068376,-2.085911469,0.135042735,-0.2243489487,0.3606837607,1.887705988,0.8923076923,-1.724396835,0.1846153846,-1.781844495,0.1658119658,1.067129445,0.8324786325,0.4472574037,-0.09064641834,0.4504561814,-0.09384519597,True,0.2852258854,-0.0871116185,0.2908109788,-0.09269671188,True,0.4197882233,-0.04401334527,0.4178528043,-0.0420779263,True,0.6464222338,-0.1504784226,0.6566920428,-0.1607482316,True
5350316.05,5350316.05,2021S05075350316.05,316.05,2021,0.2484774665,0.1266747868,3,0.157079646,0.1619975639,0.7189781022,0.7583120205,0.7555555556,0.1751824818,10140.8,0.7369255151,0.5869565217,0.8888888889,0.3661593414,0.359580553,0.1952508273,0.3150170595,0.5684737721,-2.833391774,0.03931623932,-0.5375930253,0.2769230769,-2.911276324,0.03076923077,-0.7712354739,0.3914529915,-0.4521540738,0.2957264957,-2.654188416,0.06666666667,-0.772478534,0.2188034188,0.4688633341,0.6581196581,-2.524885604,0.07863247863,-2.111862751,0.1316239316,-0.05988637318,0.5606837607,0.4120316401,-0.0524510871,0.4152576094,-0.05567705644,True,0.2468241055,-0.05157327819,0.2484638797,-0.05321305244,True,0.3860150691,-0.0709980096,0.3948077191,-0.0797906596,True,0.6059058827,-0.03743211058,0.606982049,-0.03850827689,True
5350316.06,5350316.06,2021S05075350316.06,316.06,2021,0.2640949555,0.118694362,3.1,0.1640378549,0.2050520059,0.6431924883,0.7408585056,0.6036866359,0.2535211268,8309.5,0.7670682731,0.5562218891,0.9205397301,0.3668558101,0.3457343983,0.195596069,0.2650272719,0.576579854,-2.921704588,0.03247863248,-0.7245781491,0.1709401709,-2.946946648,0.02905982906,-0.9152546619,0.3623931624,-0.5189816438,0.2700854701,-2.771346245,0.05128205128,-0.9750931594,0.1914529915,0.02900594787,0.5572649573,-2.650889516,0.06153846154,-2.223826191,0.1230769231,-0.3679321273,0.4547008547,0.4057741768,-0.06003977848,0.4074818842,-0.06174748592,True,0.2430707277,-0.04747465874,0.243234687,-0.04763861804,True,0.3771189727,-0.1120917008,0.3790917648,-0.1140644929,True,0.5973707264,-0.02079087242,0.6010327933,-0.02445293926,True
5350317.02,5350317.02,2021S05075350317.02,317.02,2021,0.1973775017,0.2615596963,2.3,0.408616188,0.2002762431,0.712962963,0.6627822287,0.9425465839,0.2808641975,16752.3,0.6918744972,0.7017301038,0.4809688581,0.2936195268,0.5373710868,0.3305238891,0.4918897377,0.7896996335,-0.9176025542,0.3606837607,1.969034242,0.9641025641,-1.490627408,0.2581196581,2.019649993,0.8444444444,2.080101112,0.9675213675,-0.7169725205,0.3948717949,0.9214978586,0.7743589744,3.512047173,0.9760683761,-0.1395286724,0.4769230769,-0.18592613,0.4290598291,2.881553849,0.9726495726,0.5221715396,0.01519954717,0.5225132896,0.01485779716,True,0.3682359077,-0.03771201856,0.3659460455,-0.03542215635,True,0.486414179,0.005475558675,0.4860000411,0.005889696552,True,0.7314195125,0.058280121,0.7331185832,0.05658105039,True
5350317.03,5350317.03,2021S05075350317.03,317.03,2021,0.2223796034,0.2223796034,2.9,0.6015831135,0.0849858357,0.2520661157,0.7274052478,0.2571428571,0.1570247934,2978.7,0.8448844884,0.6169014085,0.4626234133,0.2715013485,0.4560655997,0.287179534,0.308315686,0.772701579,-0.1909423403,0.464957265,0.2992068649,0.7213675214,0.2916721604,0.5811965812,-1.256165187,0.2888888889,0.4584476036,0.7435897436,-0.4025085542,0.4376068376,0.8127576862,0.7264957265,-0.7754023733,0.3452991453,-0.6877397168,0.3982905983,1.165916721,0.7538461538,-0.1598022938,0.5196581197,0.5206489323,-0.06458333261,0.5201625721,-0.06409697238,True,0.3968793115,-0.1096997774,0.3964341691,-0.1092546351,True,0.4642240324,-0.1559083464,0.4640238124,-0.1557081263,True,0.6931466511,0.07955492791,0.6940070068,0.07869457227,True
5350317.04,5350317.04,2021S05075350317.04,317.04,2021,0.2249443207,0.1714922049,2.7,0.3905013193,0.1136701337,0.4750499002,0.6134060795,0.858,0.5508982036,9382.5,0.7576576577,0.6740740741,0.5062916358,0.2607655452,0.4581814854,0.3343614813,0.4262043656,0.6139786092,-0.9573884454,0.3521367521,0.6379484179,0.8136752137,-1.266499953,0.294017094,0.3343660234,0.6427350427,0.2078658053,0.6598290598,-0.8610386968,0.3692307692,0.1828448245,0.5230769231,1.482099744,0.8564102564,-0.4605041153,0.4341880342,-0.2043801676,0.4222222222,1.555856666,0.894017094,0.4987514529,-0.04056996749,0.4999870784,-0.04180559298,True,0.3385385835,-0.004177102194,0.3414293285,-0.00706784719,True,0.4599342073,-0.0337298417,0.4571069256,-0.03090255998,True,0.7060435428,-0.09206493364,0.7085043005,-0.09452569132,True
5350317.05,5350317.05,2021S05075350317.05,317.05,2021,0.1986143187,0.2655889145,2.7,0.4565217391,0.1111111111,0.2893081761,0.7373493976,0.6625,0.2641509434,4369.4,0.8477690289,0.6518691589,0.4847775176,0.08493486071,0.4702028211,0.2308902732,0.4246936893,0.7550245006,-0.5383546202,0.4205128205,1.462607851,0.9230769231,-0.2775071598,0.4769230769,-0.6611115233,0.4290598291,1.350110617,0.9179487179,-0.6823805274,0.3965811966,1.714775272,0.9367521368,1.122181592,0.7982905983,-0.7249970134,0.3914529915,1.65049223,0.8170940171,1.536943705,0.8888888889,0.52740868,-0.05720585894,0.5298992514,-0.05969643032,True,0.3885971495,-0.1577068763,0.3921661724,-0.1612758992,True,0.477747356,-0.05305366666,0.4773985738,-0.05270488448,True,0.717025106,0.03799939465,0.7212574889,0.0337670117,True
5350318.01,5350318.01,2021S05075350318.01,318.01,2021,0.2731092437,0.1691176471,2.8,0.527145359,0.1189473684,0.3823529412,0.6248648649,0.35,0.1441176471,3365.4,0.7102689487,0.5894519131,0.698757764,0.1016060034,0.3887552249,0.2565387471,0.3186960359,0.5910308916,-1.447044862,0.2547008547,-0.3220258562,0.411965812,-1.250175713,0.2991452991,-1.091606643,0.3316239316,-0.1908808006,0.4376068376,-1.555100516,0.2324786325,-0.4726444118,0.2786324786,-0.9223661339,0.305982906,-1.444578207,0.2478632479,-0.3440913314,0.3897435897,-0.04603186203,0.5692307692,0.4653250773,-0.07656985236,0.4686822872,-0.07992706233,True,0.3212594132,-0.06472066612,0.3224708606,-0.06593211352,True,0.413931753,-0.09523571711,0.4179041889,-0.09920815294,True,0.6564200352,-0.06538914354,0.659160342,-0.0681294504,True
5350318.02,5350318.02,2021S05075350318.02,318.02,2021,0.3929866989,0.1185006046,2.3,0.6308851224,0.2179176755,0.5817174515,0.4603580563,0.85,0.5817174515,8418.8,0.5573549258,0.6489493201,0.8306551298,0.3360113127,0.4235708805,0.2472552096,0.4010032373,0.6224541947,-1.68695851,0.2034188034,-0.3851434624,0.3606837607,-2.707642398,0.03760683761,2.141326523,0.8478632479,-0.4539002147,0.294017094,-1.372442728,0.2683760684,-2.322710026,0.07179487179,1.243432176,0.8188034188,-0.2270625982,0.4632478632,-2.913981919,0.06495726496,1.278404495,0.8598290598,0.4556759144,-0.0321050339,0.4604467781,-0.03687589761,True,0.2819449699,-0.03468976033,0.2841126156,-0.03685740603,True,0.4177655244,-0.01676228711,0.4204223735,-0.01941913622,True,0.6818514069,-0.05939721223,0.689262247,-0.06680805226,True
5350319.00,5350319.00,2021S05075350319.00,319,2021,0.2414634146,0.1914634146,2.7,0.5239043825,0.1564792176,0.3720930233,0.6199756395,0.3046357616,0.0531561462,3411.3,0.7765205092,0.6378698225,0.6402366864,0.1931015892,0.3955737279,0.2938733137,0.3721613633,0.5206865066,-1.177363148,0.3094017094,0.05970181226,0.6239316239,-0.9527182612,0.347008547,-0.7646527048,0.3948717949,0.3957166946,0.7162393162,-1.289970868,0.2888888889,-0.08084454715,0.4205128205,-0.6135849683,0.3846153846,-1.250735267,0.2991452991,-0.06272797282,0.464957265,0.08224288229,0.5982905983,0.4813063302,-0.08573260231,0.4820552547,-0.08648152683,True,0.3451152885,-0.05124197479,0.3453524597,-0.05147914599,True,0.4284252413,-0.05626387796,0.4287961423,-0.05663477891,True,0.6665982997,-0.1459117931,0.6692473822,-0.1485608755,True
5350320.01,5350320.01,2021S05075350320.01,320.01,2021,0.1971014493,0.2338164251,2.5,0.4542190305,0.1676587302,0.7086419753,0.6285414481,0.7722772277,0.0567901235,7027.7,0.645785877,0.6938369781,0.4895522388,0.1417555497,0.4700326784,0.3002442638,0.4088492418,0.7010045297,-1.339638195,0.2820512821,1.263358144,0.9111111111,-1.572979822,0.2461538462,0.7033036334,0.705982906,1.398221416,0.9230769231,-1.285672816,0.2905982906,0.4901500058,0.6239316239,1.813076611,0.8888888889,-0.8702610119,0.3658119658,-0.07937626457,0.4581196581,2.10008512,0.9299145299,0.4953725322,-0.02533985377,0.49588553,-0.02585285164,True,0.3438343724,-0.04359010853,0.3482102586,-0.04796599479,True,0.451710505,-0.04286126323,0.462790738,-0.05394149624,True,0.7015446406,-0.0005401108556,0.7069452859,-0.005940756225,True
5350320.02,5350320.02,2021S05075350320.02,320.02,2021,0.2267241379,0.1974137931,2.8,0.4855769231,0.1190681622,0.412195122,0.6303751144,0.5888077859,0.4024390244,6803.5,0.6837349398,0.6977973568,0.6593309859,0.0703013236,0.4958583056,0.3148539988,0.4857790353,0.6869418827,-1.67124911,0.2085470085,0.7815631569,0.8427350427,-1.722674333,0.2188034188,-0.3843825198,0.4888888889,0.6683436749,0.8102564103,-1.723130444,0.1965811966,0.2760870466,0.5452991453,0.8530426263,0.7418803419,-1.322332643,0.2752136752,0.1273722168,0.5076923077,1.659914576,0.9076923077,0.4755163616,0.020341944,0.476795745,0.01906256057,True,0.3178560237,-0.003002024859,0.3200800493,-0.005226050452,True,0.4286712913,0.05710774401,0.4259371442,0.05984189105,True,0.6850213751,0.001920507585,0.6889222368,-0.001980354049,True
5350321.01,5350321.01,2021S05075350321.01,321.01,2021,0.217847769,0.2244094488,3,0.5945945946,0.1366622865,0.219123506,0.6508152174,0.1673151751,0.0199203187,3030.2,0.7904468413,0.6171875,0.7395833333,0.05604250988,0.4792910164,0.3282078667,0.4421773048,0.6674878777,-1.337448096,0.2837606838,0.3465419587,0.747008547,-0.7947195943,0.3914529915,-1.564573074,0.2290598291,0.8486752183,0.864957265,-1.6128768,0.2205128205,0.4593937779,0.6085470085,-1.101106849,0.2581196581,-1.709470624,0.1897435897,0.801004371,0.6735042735,0.1392038679,0.6324786325,0.4803029998,-0.001011983417,0.4797530313,-0.0004620149478,True,0.3509218103,-0.02271394359,0.3524037977,-0.02419593095,True,0.4197364315,0.02244087324,0.4189555666,0.02322173817,True,0.6624954014,0.004992476299,0.6578038269,0.009684050753,True
5350321.02,5350321.02,2021S05075350321.02,321.02,2021,0.2371134021,0.199742268,2.7,0.600877193,0.1452658885,0.4163822526,0.6327913279,0.3529411765,0.0853242321,3186.8,0.7459138187,0.5976408912,0.7038007864,0.07440145444,0.4482996381,0.3015085905,0.4117304023,0.6316599214,-1.133248411,0.3196581197,0.2555827258,0.7042735043,-0.9159807848,0.3555555556,-0.7149598597,0.411965812,0.5700196463,0.7914529915,-1.283381956,0.294017094,-0.005678791291,0.4547008547,-0.5698242076,0.4034188034,-1.162912749,0.3145299145,0.2179604817,0.5247863248,0.4578990876,0.7042735043,0.4861252787,-0.03782564064,0.4863872628,-0.03808762469,True,0.3494817204,-0.04797312991,0.349512774,-0.04800418354,True,0.429676655,-0.01794625269,0.4288946695,-0.01716426715,True,0.6765292285,-0.04486930718,0.6785041093,-0.04684418796,True
5350322.01,5350322.01,2021S05075350322.01,322.01,2021,0.3659621802,0.1434927697,2.1,0.678807947,0.2229654404,0.4340909091,0.4610169492,0.9977220957,0.9727272727,21600.2,0.6396508728,0.6644808743,0.8349726776,0.2145397484,0.5704347407,0.3548711272,0.5772530142,0.7791800806,-0.956760574,0.3538461538,0.7676424477,0.8376068376,-2.219617564,0.1111111111,3.179618156,0.9008547009,0.5192795874,0.7641025641,-0.6294495488,0.4068376068,-1.441136654,0.135042735,2.855987108,0.9555555556,0.7615409912,0.6461538462,-1.947373531,0.1401709402,2.762481889,0.9658119658,0.500916846,0.0695178947,0.4945754035,0.07585933725,True,0.3257208308,0.02915029634,0.3253088342,0.02956229295,True,0.4617415081,0.1155115061,0.4541467712,0.123106243,True,0.7387266838,0.04045339677,0.7317787125,0.04740136807,True
5350322.02,5350322.02,2021S05075350322.02,322.02,2021,0.2175622543,0.373525557,2.6,0.6265822785,0.1987480438,0.3975903614,0.6414473684,0.316,0,2712.5,0.6020260492,0.6479099678,0.7491961415,0.1717611166,0.471281003,0.359573236,0.3700357525,0.6842340207,-1.437709498,0.2564102564,2.114044792,0.9692307692,-1.383650899,0.2735042735,0.5720075934,0.6786324786,2.864600804,0.9863247863,-1.562424389,0.2290598291,1.353473112,0.8820512821,1.781681702,0.8854700855,-1.220146384,0.305982906,0.8684512722,0.6888888889,2.261281692,0.9452991453,0.5059099408,-0.03462893778,0.50640862,-0.03512761696,True,0.3703227226,-0.01074948664,0.3722388542,-0.01266561828,True,0.4509220037,-0.08088625127,0.4576181603,-0.08758240784,True,0.7027767075,-0.01854268685,0.7077510679,-0.02351704721,True
5350323.01,5350323.01,2021S05075350323.01,323.01,2021,0.2058479532,0.2561403509,2.4,0.5894495413,0.1194379391,0.5842696629,0.6350364964,0.7182320442,0.2050561798,4130.7,0.8228882834,0.5931198102,0.6532066508,0.02056571751,0.4892076291,0.3141481523,0.4593491948,0.6941255403,-0.3214494715,0.4512820513,1.157180206,0.8991452991,-0.321666706,0.4700854701,0.1481024281,0.6034188034,1.083752055,0.8923076923,-0.4202214862,0.4358974359,0.7963023131,0.7196581197,0.7126514812,0.7094017094,-0.1842758607,0.4700854701,1.042877767,0.7316239316,1.613039326,0.9025641026,0.5301431811,-0.040935552,0.5317958853,-0.0425882562,True,0.3903856182,-0.07623746595,0.3927449879,-0.07859683569,True,0.4743299536,-0.0149807588,0.4773965499,-0.01804735515,True,0.7277723438,-0.03364680351,0.7265078913,-0.03238235102,True
5350323.02,5350323.02,2021S05075350323.02,323.02,2021,0.1585858586,0.404040404,2.5,0.6856435644,0.102310231,0.4070080863,0.7204058625,0.4316939891,0.0458221024,2705.7,0.7849099099,0.5936473165,0.6597374179,0.07970277423,0.5750102503,0.4467241278,0.5228021939,0.7555044292,-0.003031550965,0.505982906,2.489527949,0.9829059829,0.3438456033,0.5846153846,0.01392822794,0.5726495726,2.858672094,0.9846153846,-0.2653984056,0.4632478632,2.471268784,0.9846153846,1.434284542,0.852991453,-0.2812871529,0.4598290598,2.656524182,0.9504273504,2.225445477,0.9435897436,0.5635793451,0.0114309052,0.561063026,0.01394722429,True,0.4420751758,0.004648951971,0.4382385985,0.008485529309,True,0.5006266864,0.02217550748,0.498346036,0.02445615791,True,0.7487021708,0.006802258359,0.747428371,0.00807605814,True
5350324.01,5350324.01,2021S05075350324.01,324.01,2021,0.2381679389,0.213740458,2.9,0.5596590909,0.1422018349,0.2723214286,0.677672956,0.3901345291,0.1071428571,2765.3,0.7888888889,0.5642965204,0.7579425113,0.2263540166,0.4876058916,0.3591133375,0.4039161291,0.6997882082,-1.099095446,0.3299145299,0.2473424206,0.6974358974,-0.7900598187,0.3931623932,-0.9066336607,0.3658119658,0.6327904762,0.8051282051,-1.241582986,0.3025641026,0.2694749756,0.5435897436,-0.4769859424,0.4290598291,-1.282498346,0.2923076923,0.2523987379,0.5333333333,0.08126668055,0.5965811966,0.4872142805,0.0003916110755,0.4896845783,-0.002078686676,True,0.35418893,0.00492440756,0.3550789634,0.00403437414,True,0.4343329883,-0.03041685918,0.4376253742,-0.03370924507,True,0.668882547,0.03090566117,0.6711435045,0.0286447037,True
5350324.02,5350324.02,2021S05075350324.02,324.02,2021,0.2329113924,0.2185654008,2.7,0.5968,0.1656804734,0.2993039443,0.716017316,0.2909930716,0.1044083527,3133.8,0.7908366534,0.6277310924,0.8134453782,0.09903070261,0.4363257893,0.3064863925,0.3929198271,0.6095711482,-1.373366593,0.2683760684,0.6124517222,0.8102564103,-1.034267574,0.3316239316,-0.9197842003,0.3606837607,1.091104614,0.8957264957,-1.559513196,0.2307692308,0.4891141388,0.6222222222,-0.2906348769,0.4717948718,-1.52185548,0.2290598291,0.518618689,0.6,0.5772768985,0.7418803419,0.483408008,-0.04708221868,0.4760119748,-0.03968618549,True,0.3492249288,-0.04273853626,0.3454279962,-0.03894160365,True,0.4276281229,-0.03470829583,0.4195769135,-0.0266570864,True,0.670341552,-0.06077040373,0.6677366702,-0.05816552198,True
5350324.03,5350324.03,2021S05075350324.03,324.03,2021,0.1496598639,0.474829932,2.2,0.638225256,0.1693989071,0.2434017595,0.7479452055,0.6955223881,0.4457478006,1694.2,0.8721804511,0.6711409396,0.688590604,0.05304674748,0.5972701104,0.4892387004,0.4693384187,0.8332332123,0.1942531467,0.5384615385,4.119953736,0.9948717949,0.2541896969,0.5726495726,1.132807693,0.7726495726,4.261021043,0.9948717949,-0.01352244406,0.4923076923,3.778109479,0.9948717949,3.76445167,0.9794871795,0.2652697729,0.5504273504,3.608126031,0.9897435897,4.184279321,0.9914529915,0.5975951526,-0.0003250421959,0.5927114629,0.004558647543,True,0.4665132319,0.02272546852,0.4658668997,0.02337180071,True,0.5381993792,-0.06886096049,0.5389627703,-0.06962435158,True,0.7978578749,0.03537533739,0.7987420858,0.03449112643,True
5350324.05,5350324.05,2021S05075350324.05,324.05,2021,0.1604197901,0.311844078,2.4,0.6380952381,0.1909774436,0.3550724638,0.7096273292,0.4363636364,0.3297101449,5087.7,0.7904929577,0.7066869301,0.8252279635,0.3389254457,0.5257528809,0.3755406554,0.4437613026,0.7579566846,-0.8201999173,0.3743589744,2.260071056,0.9811965812,-0.8466849325,0.3760683761,0.8459705707,0.7282051282,2.775989956,0.9829059829,-0.9074927929,0.3572649573,1.635028497,0.9247863248,2.156145951,0.9094017094,-0.5961248382,0.4136752137,1.200133095,0.758974359,2.421320374,0.9538461538,0.5304742718,-0.004721390897,0.5363224936,-0.01056961268,True,0.3954947629,-0.01995410746,0.4001899197,-0.02464926429,True,0.4773050429,-0.03354374032,0.4812414399,-0.03748013731,True,0.7266558679,0.03130081661,0.7336524774,0.02430420714,True
5350324.06,5350324.06,2021S05075350324.06,324.06,2021,0.1889534884,0.1802325581,2.9,0.6104972376,0.0899854862,0.1754385965,0.6795069337,0.3617021277,0.4912280702,5246.2,0.7363636364,0.6607407407,0.8284023669,0.03540385916,0.6155296367,0.4193032871,0.563742301,0.8635433221,-1.469961001,0.2461538462,0.7919737,0.8461538462,-1.203522282,0.3094017094,-1.17771523,0.3094017094,0.8233575491,0.8564102564,-1.684888595,0.2085470085,0.6260054949,0.6769230769,0.04953733142,0.558974359,-1.462977456,0.2427350427,0.9569852347,0.7094017094,1.351567422,0.8769230769,0.4829090773,0.1326205594,0.4770632693,0.1384663674,True,0.3358734356,0.08342985152,0.3328813352,0.08642195189,True,0.427408118,0.1363341829,0.419602658,0.144139643,True,0.6857321603,0.1778111618,0.6751808449,0.1883624772,True
5350330.00,5350330.00,2021S05075350330.00,330,2021,0.1633372503,0.2702702703,2.5,0.4606205251,0.0576470588,0.2536023055,0.710653753,0.269005848,0.0057636888,1901,0.9353932584,0.2980437284,0.33141542,0.04028141786,0.5012700784,0.4298519304,0.4001465968,0.673811708,1.367765085,0.7247863248,0.6106728415,0.8085470085,2.1301464,0.841025641,-1.565276891,0.2256410256,0.5937035249,0.8,1.058452172,0.6700854701,1.898020889,0.958974359,-0.9728889356,0.2957264957,0.3370180223,0.5726495726,2.694978438,0.9521367521,-0.4863626704,0.4188034188,0.58170986,-0.08043978162,0.5816385513,-0.08036847289,True,0.4776502085,-0.04779827815,0.4785127817,-0.04866085131,True,0.5199519109,-0.1198053141,0.5218164785,-0.1216698817,True,0.735538096,-0.06172638793,0.7356204628,-0.06180875476,True
5350331.01,5350331.01,2021S05075350331.01,331.01,2021,0.1740306583,0.2732191163,2.4,0.4722222222,0.0580110497,0.1894977169,0.744346116,0.391011236,0.3744292237,3522.9,0.9015151515,0.3818011257,0.4155722326,0.1081270828,0.5878620256,0.4527416419,0.5604752474,0.7503691875,1.102100796,0.6837606838,1.188439009,0.9076923077,1.574424076,0.7623931624,-0.9046082838,0.3675213675,0.9358010933,0.8786324786,0.876879651,0.6376068376,2.116051391,0.9675213675,0.3455472128,0.6290598291,0.4612589516,0.5897435897,2.621920939,0.9452991453,0.5823937325,0.7452991453,0.5817259604,0.006136065244,0.5813113423,0.00655068326,True,0.4633419847,-0.0106003428,0.4625025758,-0.009760933903,True,0.5258337538,0.03464149359,0.5238055953,0.03666965208,True,0.7510857262,-0.0007165386622,0.749559894,0.0008092935155,True
5350331.03,5350331.03,2021S05075350331.03,331.03,2021,0.2456718879,0.0824402308,3.3,0.3225806452,0.1848184818,0.7574123989,0.6672629696,0.9164420485,0.1886792453,11899.2,0.6852497096,0.6093489149,0.8956594324,0.2764783836,0.4148585789,0.2193227309,0.3699907277,0.6552622781,-2.99264534,0.02735042735,-0.6891464912,0.1931623932,-3.240442909,0.01709401709,-0.3308544193,0.4957264957,-0.4871675961,0.2769230769,-2.818286266,0.04444444444,-1.496458332,0.1299145299,0.2199302017,0.6051282051,-2.395528406,0.09230769231,-2.503122123,0.09743589744,0.3248805169,0.6752136752,0.4038147743,0.01104380458,0.4033585501,0.01150002881,True,0.2356696308,-0.01634689994,0.2346028754,-0.01528014451,True,0.3719981762,-0.002007448522,0.3699343265,5.640124523e-05,True,0.6102690122,0.04499326588,0.611567429,0.04369484911,True
5350331.04,5350331.04,2021S05075350331.04,331.04,2021,0.2151335312,0.2433234421,2.4,0.4853333333,0.0787037037,0.1048689139,0.63125,0.6268656716,0.6479400749,3050.2,0.7969018933,0.5204236006,0.6096822995,0.1215616813,0.5124091524,0.4065080407,0.4393750623,0.6913443542,0.0438419178,0.5162393162,1.293513949,0.9128205128,0.05868757741,0.535042735,-0.1634762888,0.5452991453,0.8435130747,0.8615384615,-0.05585514361,0.4888888889,1.37176276,0.8871794872,1.287287879,0.8341880342,0.1125480178,0.5145299145,1.580332305,0.8051282051,1.638910814,0.905982906,0.5454996706,-0.03309051817,0.5463447957,-0.03393564327,True,0.4013579908,0.005150049953,0.4043093743,0.002198666406,True,0.4956976525,-0.05632259014,0.4932263422,-0.05385127984,True,0.7424439334,-0.05109957914,0.7437752872,-0.052430933,True
5350332.00,5350332.00,2021S05075350332.00,332,2021,0.2201772324,0.1629175187,2.6,0.2986022872,0.201384083,0.6286231884,0.6817518248,0.7287522604,0.1847826087,4795.4,0.8339100346,0.5176470588,0.7543252595,0.3802575347,0.4700927483,0.328471144,0.4132386491,0.6685684519,-1.310475047,0.2871794872,0.03896231008,0.6034188034,-1.418187604,0.2683760684,0.06811046211,0.5794871795,0.1978601958,0.6512820513,-1.191583119,0.3094017094,-0.2209347001,0.3641025641,0.6000959992,0.6854700855,-1.097377235,0.3247863248,-1.032074038,0.2393162393,0.2215844997,0.652991453,0.4761886053,-0.00609585701,0.4761924828,-0.006099734477,True,0.3292762923,-0.0008051483563,0.3292742416,-0.0008030976258,True,0.4390607194,-0.02582207027,0.4373657464,-0.02412709728,True,0.662836268,0.005732183974,0.6628122429,0.00575620903,True
5350333.00,5350333.00,2021S05075350333.00,333,2021,0.2152704136,0.1802757158,2.9,0.4015748031,0.0710498409,0.2363636364,0.7361419069,0.1376146789,0.0454545455,1927.5,0.9176470588,0.3410770855,0.4789029536,0.007694536505,0.5105327006,0.4518204703,0.470788573,0.6089890585,0.06151882845,0.5179487179,-0.5746541615,0.2547008547,0.9308416344,0.6615384615,-2.650450285,0.05128205128,-0.5535056977,0.2581196581,-0.2445940765,0.4700854701,0.7229638649,0.705982906,-2.295182943,0.02735042735,-0.9556703533,0.3487179487,1.435258308,0.7897435897,-1.507452546,0.07008547009,0.5152669753,-0.004734274711,0.5122568558,-0.001724155156,True,0.3995370026,0.05228346767,0.3976414535,0.05417901676,True,0.4573518086,0.01343676438,0.4544017166,0.0163868564,True,0.6720516958,-0.06306263725,0.6717725836,-0.06278352508,True
5350334.00,5350334.00,2021S05075350334.00,334,2021,0.1828254848,0.1703601108,2.8,0.56167979,0.0835654596,0.1541501976,0.6847507331,0.1284046693,0.0158102767,1474.7,0.9031690141,0.2703081232,0.270687237,0.01687366556,0.562919224,0.4825733974,0.5126422943,0.6935419803,1.221610125,0.6974358974,-0.3264925395,0.4017094017,2.0605677,0.8307692308,-2.007486682,0.1264957265,-0.1698634298,0.4547008547,0.8726121786,0.6341880342,0.9104686162,0.7658119658,-2.265259437,0.03247863248,0.1431144137,0.5196581197,2.078714833,0.8803418803,-1.355082477,0.09914529915,0.5609826,0.001936623983,0.5609484947,0.001970729278,True,0.4605742437,0.02199915364,0.4599249585,0.02264843886,True,0.4951127463,0.01752954802,0.4967797368,0.01586255754,True,0.7131838525,-0.01964187212,0.7141179747,-0.0205759944,True
5350335.00,5350335.00,2021S05075350335.00,335,2021,0.2124681934,0.1908396947,2.6,0.4191980559,0.1418530351,0.527027027,0.6984656438,0.5168918919,0.0337837838,3523.5,0.8582677165,0.4555910543,0.6019169329,0.1479352707,0.4910978922,0.357875057,0.4338163732,0.6816022464,-0.4644016946,0.4290598291,0.05427332389,0.6188034188,-0.1747935226,0.4888888889,-0.8280613401,0.3777777778,0.1933699643,0.6461538462,-0.5519433035,0.4222222222,0.340954837,0.5692307692,-0.5036975595,0.4222222222,-0.7564079165,0.3829059829,0.3420771586,0.5572649573,-0.1756266629,0.5094017094,0.5067923471,-0.01569445489,0.5064991936,-0.01540130137,True,0.3764893564,-0.01861429939,0.3747810696,-0.01690601253,True,0.4568883081,-0.02307193497,0.4558710072,-0.02205463403,True,0.6824411102,-0.0008388637741,0.6805657601,0.001036486372,True
5350336.00,5350336.00,2021S05075350336.00,336,2021,0.2282608696,0.1630434783,2.8,0.3614303959,0.073800738,0.179916318,0.6924882629,0.256147541,0.0167364017,4283.4,0.857267951,0.3699851412,0.4814264487,0.07850272014,0.5227900544,0.401211353,0.4968273982,0.6703314119,-0.1425859165,0.4717948718,-0.621094887,0.2239316239,0.5389183136,0.6068376068,-2.205235151,0.1008547009,-0.5986184738,0.2393162393,-0.3585412614,0.4461538462,0.4612263377,0.611965812,-1.758378562,0.1094017094,-0.9383374492,0.3555555556,0.8682888781,0.6871794872,-1.364526942,0.09743589744,0.5071779111,0.01561214331,0.5058812267,0.01690882772,True,0.3855022374,0.0157091156,0.3866361506,0.01457520233,True,0.4550989931,0.04172840512,0.4563522293,0.04047516897,True,0.6684206947,0.001910717227,0.670074991,0.0002564209417,True
5350337.01,5350337.01,2021S05075350337.01,337.01,2021,0.2978723404,0.1191489362,2.1,0.3076923077,0.1914893617,0.5491803279,0.4242424242,0.8672566372,0.4426229508,5835.4,0.9484536082,0.3183673469,0.3918367347,0.2068751591,0.5062333614,0.3688119088,0.4808613699,0.6690268055,0.9080141359,0.6461538462,-0.7994141417,0.1521367521,0.4702943437,0.6017094017,0.9187034823,0.7418803419,-1.349110184,0.07179487179,1.082987591,0.6717948718,-1.059163193,0.1726495726,-0.2465009237,0.4888888889,1.282306166,0.7282051282,-0.8648437088,0.2717948718,-0.4566722816,0.4307692308,0.5419192804,-0.03568591895,0.5438432189,-0.03760985748,True,0.4005817341,-0.03176982531,0.4041163176,-0.03530440879,True,0.4976143833,-0.01675301341,0.4979266118,-0.01706524188,True,0.7274168777,-0.05839007221,0.731802406,-0.06277560051,True
5350337.02,5350337.02,2021S05075350337.02,337.02,2021,0.1791044776,0.2512437811,2.2,0.3135135135,0.173553719,0.6606060606,0.670846395,0.625,0.0424242424,3105,0.755952381,0.2580645161,0.2719298246,0.2071501048,0.6009970555,0.365547923,0.5555134221,0.8819298214,0.7453735528,0.6222222222,0.885944589,0.8632478632,0.7691780749,0.6393162393,0.5667937925,0.6769230769,0.9395514042,0.8803418803,0.7772015036,0.6188034188,1.123469603,0.8256410256,1.166832777,0.8102564103,0.5712048702,0.6085470085,0.8236418549,0.6786324786,0.5960626626,0.7538461538,0.5639312982,0.03706575732,0.5646085751,0.03638848044,True,0.4407577032,-0.07520978022,0.4419266252,-0.07637870226,True,0.5190868478,0.0364265743,0.5229205596,0.03259286246,True,0.7360227519,0.1459070695,0.7335003949,0.1484294264,True
5350338.00,5350338.00,2021S05075350338.00,338,2021,0.1691297209,0.1830870279,2.2,0.420979021,0.1141666667,0.3469387755,0.69527897,0.3955223881,0.0556586271,3616.5,0.9178356713,0.2391482391,0.2366912367,0.2420608603,0.472066168,0.4053727482,0.4127503186,0.5980754371,1.740489285,0.7965811966,0.1110544137,0.6512820513,2.15559039,0.8444444444,-0.5165196092,0.4547008547,0.1325541827,0.6102564103,1.618886652,0.7572649573,1.104030888,0.8222222222,-0.5612021356,0.4068376068,1.003336388,0.6769230769,1.551366577,0.7982905983,-0.8341303982,0.2769230769,0.5868254623,-0.1147592943,0.5861856445,-0.1141194765,True,0.482123436,-0.07675068783,0.4813858052,-0.07601305704,True,0.533250032,-0.1204997133,0.5341451506,-0.121394832,True,0.739514572,-0.1414391349,0.7386919892,-0.1406165521,True
5350339.00,5350339.00,2021S05075350339.00,339,2021,0.1478010094,0.2155731795,2.2,0.5720108696,0.0742074928,0.3424878837,0.6754518072,0.4765751212,0.1437802908,3817,0.9295272079,0.1997116078,0.1867339582,0.1739041046,0.5748805169,0.4987320802,0.555783945,0.6701255256,2.587186676,0.9418803419,0.5515369067,0.7914529915,2.988946497,0.9504273504,-0.1957632323,0.5384615385,0.4465313239,0.7316239316,2.399128978,0.9162393162,1.516360503,0.9128205128,-0.4255127993,0.4478632479,1.825075775,0.8307692308,2.452303727,0.9333333333,-0.3240915332,0.464957265,0.6244764863,-0.04959596942,0.621454302,-0.04657378506,True,0.5261796729,-0.0274475927,0.5249609564,-0.02622887617,True,0.5631604606,-0.007376515652,0.558624676,-0.002840731029,True,0.7792627127,-0.1091371871,0.777083257,-0.1069577314,True
5350340.00,5350340.00,2021S05075350340.00,340,2021,0.2299927902,0.1240086518,2.8,0.4238993711,0.1581227437,0.4969072165,0.6723735409,0.5193482688,0.0144329897,5466.5,0.7739534884,0.5217706821,0.6751269036,0.1852623678,0.4404264076,0.3490111003,0.3573082781,0.6149598445,-1.350820506,0.2752136752,-0.4843446593,0.2974358974,-1.159159472,0.3128205128,-0.9205037828,0.358974359,-0.207469431,0.4290598291,-1.385780969,0.2598290598,-0.5098282992,0.2666666667,-0.7571640647,0.3504273504,-1.42597948,0.2564102564,-0.7103175253,0.3025641026,-0.3802754355,0.4495726496,0.4660949727,-0.02566856512,0.4639551632,-0.02352875557,True,0.3266221188,0.02238898149,0.3244876277,0.0245234726,True,0.4201938322,-0.06288555406,0.4175248583,-0.06021658014,True,0.6492662092,-0.03430636468,0.6461941331,-0.03123428859,True
5350341.02,5350341.02,2021S05075350341.02,341.02,2021,0.2196721311,0.2153005464,2.4,0.3764940239,0.168,0.4617563739,0.6223862239,0.6100278552,0.1926345609,5688.7,0.7486910995,0.4790697674,0.6593023256,0.3613327965,0.4791185265,0.3444590364,0.4783016639,0.6145948791,-0.6392149987,0.4034188034,0.5308206096,0.788034188,-0.7676403429,0.3965811966,0.4595748975,0.6615384615,0.6931141536,0.8205128205,-0.5639870273,0.4170940171,0.2686349843,0.5418803419,1.047222342,0.7811965812,-0.4415612512,0.4358974359,-0.3274703326,0.3965811966,0.6233235664,0.7623931624,0.5083951102,-0.0292765837,0.5083124867,-0.02919396015,True,0.3682145837,-0.02375554733,0.3698431348,-0.02538409847,True,0.4670964793,0.01120518457,0.4687312725,0.009570391394,True,0.6943476059,-0.07975272679,0.6959548781,-0.08135999894,True
5350341.03,5350341.03,2021S05075350341.03,341.03,2021,0.2087912088,0.0627943485,2.7,0.3529411765,0.3453689168,0.9915611814,0.7199281867,0.9957081545,0.0084388186,7962.5,0.7845804989,0.6062602965,0.90625,0.3589801064,0.5138887365,0.3664705781,0.4161611088,0.7590345225,-2.665334237,0.0547008547,-0.139355009,0.5145299145,-3.119631923,0.0188034188,1.046958842,0.7641025641,0.5667605647,0.788034188,-2.395237012,0.08888888889,-1.423500234,0.1401709402,1.051535494,0.7829059829,-1.894871847,0.1538461538,-2.804525069,0.07692307692,0.7723774158,0.7931623932,0.4246401721,0.08924856439,0.4257089421,0.08817979442,True,0.2672147246,0.09925585349,0.2712255849,0.09524499315,True,0.3922860947,0.02387501408,0.4025083763,0.01365273247,True,0.627351641,0.1316828814,0.6262425359,0.1327919865,True
5350341.04,5350341.04,2021S05075350341.04,341.04,2021,0.2518277823,0.1137286759,2.6,0.3762376238,0.2034174125,0.7161016949,0.6872937294,0.686440678,0.0233050847,9168.4,0.79375,0.5255302435,0.7847604085,0.3618533225,0.4733474373,0.3237891171,0.4403849187,0.6558682762,-1.518300305,0.2376068376,-0.610702928,0.2324786325,-1.65974202,0.2256410256,0.08493828673,0.5846153846,-0.2542679975,0.4017094017,-1.374954153,0.2666666667,-1.04778762,0.1743589744,-0.07379345491,0.535042735,-1.246989924,0.3008547009,-1.817435795,0.158974359,-0.3721773165,0.4512820513,0.4579992991,0.01534813819,0.4607777477,0.01256968961,True,0.3127505675,0.01103854968,0.3150505652,0.008738551934,True,0.4203459322,0.02003898647,0.4269194771,0.01346544159,True,0.6433029354,0.01256534075,0.6429243492,0.01294392695,True
5350342.00,5350342.00,2021S05075350342.00,342,2021,0.2332878581,0.1268758527,3.1,0.3981797497,0.1025641026,0.4032586558,0.720452937,0.44092827,0.0753564155,5925.8,0.852613539,0.5587837838,0.7586206897,0.3574208988,0.4526077894,0.302001284,0.4031300015,0.6526920827,-1.436181854,0.2581196581,-0.8960888862,0.1128205128,-1.051007907,0.3282051282,-1.677988872,0.1863247863,-0.6996568252,0.1931623932,-1.5015301,0.2427350427,-0.4779587959,0.2769230769,-1.395383767,0.1863247863,-1.764387331,0.1777777778,-0.7104854976,0.3008547009,-1.175577592,0.1572649573,0.4562298033,-0.00362201388,0.4548597479,-0.002251958541,True,0.3181881462,-0.01618686223,0.3172197145,-0.01521843048,True,0.4121517085,-0.00902170703,0.4122734002,-0.009143398748,True,0.6298122085,0.02287987418,0.6283771944,0.02431488835,True
5350343.00,5350343.00,2021S05075350343.00,343,2021,0.2406103286,0.1701877934,2.8,0.3046511628,0.1478873239,0.4109589041,0.7046632124,0.4193548387,0,3828.9,0.7985611511,0.4650306748,0.626993865,0.2595627103,0.4606344827,0.3558523294,0.3499830796,0.676068039,-1.175554185,0.3111111111,-0.4179979673,0.347008547,-0.8412956551,0.3794871795,-1.261020554,0.2854700855,-0.1860679706,0.4427350427,-1.217529286,0.3042735043,-0.007332677052,0.452991453,-0.6812314034,0.3709401709,-1.487376467,0.2324786325,-0.4142408454,0.3811965812,-0.7761239524,0.2991452991,0.473478427,-0.01284394426,0.4780614881,-0.01742700539,True,0.3379897422,0.01786258718,0.3400070196,0.01584530978,True,0.4309566646,-0.080973585,0.4353126436,-0.08532956398,True,0.6458169049,0.03025113409,0.6465005434,0.0295674956,True
5350344.01,5350344.01,2021S05075350344.01,344.01,2021,0.2526518804,0.1909353905,2.8,0.3030852995,0.1342995169,0.4808743169,0.7023445464,0.4538043478,0.0109289617,4878.6,0.7863741339,0.5549076774,0.786407767,0.2522333764,0.4383426674,0.2950684791,0.4336116016,0.5863479214,-1.791686794,0.1811965812,-0.3085221217,0.4136752137,-1.529469966,0.2495726496,-1.252259459,0.2905982906,-0.1068277559,0.4837606838,-1.814150299,0.1726495726,-0.1256184178,0.4034188034,-0.4717817234,0.4307692308,-1.934709975,0.147008547,-0.7016058223,0.3076923077,-0.4407797737,0.4341880342,0.4531850253,-0.01484235795,0.4530857914,-0.01474312399,True,0.3085021813,-0.01343370215,0.3075099689,-0.01244148977,True,0.4122575935,0.0213540081,0.4124585827,0.02115301893,True,0.6334947652,-0.04714684383,0.6349387026,-0.04859078125,True
5350344.02,5350344.02,2021S05075350344.02,344.02,2021,0.1694402421,0.208774584,1.9,0.2538461538,0.3196969697,0.547752809,0.6923076923,0.9943661972,0.558988764,14816,0.8818181818,0.6006006006,0.769924812,0.250625684,0.5407246277,0.410162315,0.3618507444,0.8501608237,-1.027083797,0.3401709402,2.235367688,0.9777777778,-1.656978555,0.2273504274,2.234984942,0.8564102564,2.406413771,0.9777777778,-0.7885153576,0.3829059829,1.166010346,0.8358974359,4.013266532,0.9846153846,-0.1830420504,0.4717948718,-0.1998006429,0.4256410256,3.07712814,0.9777777778,0.5226446686,0.01807995912,0.52671276,0.01401186766,True,0.367048689,0.04311362602,0.3690528651,0.04110944995,True,0.4901224682,-0.1282717238,0.4984269403,-0.1365761959,True,0.7322868205,0.1178740033,0.730842527,0.1193182967,True
5350345.00,5350345.00,2021S05075350345.00,345,2021,0.254950495,0.1608910891,2.9,0.4213973799,0.1011235955,0.2352941176,0.7103896104,0.3529411765,0.1029411765,5121,0.8517964072,0.54,0.7153558052,0.1511972612,0.4728524096,0.3352068405,0.4410411181,0.6423092701,-1.162478144,0.3162393162,-0.489592618,0.294017094,-0.6780071719,0.4205128205,-1.86743315,0.1521367521,-0.3659930179,0.3452991453,-1.31702526,0.2786324786,0.04609979666,0.4820512821,-1.313346396,0.2034188034,-1.587396636,0.2136752137,0.1067599547,0.5008547009,-0.8173059914,0.2854700855,0.4727645745,8.783507895e-05,0.4708122987,0.00204011091,True,0.3374590591,-0.002252218595,0.3362758418,-0.001069001309,True,0.4236861002,0.0173550179,0.420333815,0.02070730314,True,0.6477124657,-0.005403195525,0.6473535405,-0.005044270327,True
5350346.01,5350346.01,2021S05075350346.01,346.01,2021,0.2408207343,0.1241900648,2.9,0.312,0.1621621622,0.602484472,0.6715575621,0.6965944272,0.0807453416,3059.5,0.8122392211,0.5501618123,0.7861771058,0.3693927593,0.4805787457,0.3123751146,0.4486562167,0.6807049059,-1.790014422,0.1829059829,-0.7227534692,0.1726495726,-1.743335244,0.2034188034,-0.7891459664,0.3863247863,-0.5892669222,0.241025641,-1.712473453,0.1982905983,-0.8146998398,0.2068376068,-0.5036496753,0.4239316239,-1.703188266,0.1914529915,-1.46146218,0.188034188,-0.5504134794,0.3965811966,0.4464008795,0.03417786623,0.4451391497,0.03543959602,True,0.2968074263,0.01556768835,0.2948734674,0.01750164723,True,0.4086585546,0.03999766204,0.407171145,0.04148507162,True,0.6312797809,0.04942512503,0.6308442663,0.04986063961,True
5350346.02,5350346.02,2021S05075350346.02,346.02,2021,0.2328638498,0.1201877934,2.7,0.375,0.1353383459,0.7091836735,0.6747474747,0.7040816327,0.1326530612,13307.5,0.7118644068,0.6221804511,0.8571428571,0.4249915992,0.4841626037,0.3369015898,0.4475063326,0.6680798888,-1.965961456,0.1487179487,-0.4448022243,0.3196581197,-2.199087122,0.1162393162,0.07667757488,0.5829059829,-0.2483276352,0.4051282051,-1.796840338,0.1760683761,-1.016589375,0.1811965812,0.4261145824,0.6461538462,-1.524146151,0.2273504274,-1.933551831,0.1435897436,0.1271919742,0.6239316239,0.4446816695,0.0394809342,0.4459660893,0.03819651445,True,0.2887676382,0.04813395159,0.2878899449,0.04901164489,True,0.4107871574,0.03671917515,0.4112198916,0.03628644097,True,0.6397431876,0.02833670113,0.6433265074,0.02475338134,True
5350347.00,5350347.00,2021S05075350347.00,347,2021,0.2713864307,0.104719764,2.9,0.5039370079,0.0814696486,0.1809954751,0.5612582781,0.2407407407,0.3257918552,2261.2,0.8014571949,0.5341614907,0.7356143079,0.03176390144,0.5029720991,0.3300692587,0.5249500455,0.6538969933,-1.168208213,0.3128205128,-1.072546595,0.07863247863,-0.7973352417,0.3897435897,-2.001811898,0.1299145299,-1.212237193,0.08717948718,-1.358313454,0.2700854701,-0.8457054402,0.2034188034,-2.208904904,0.03760683761,-1.377081214,0.2666666667,-0.1558034568,0.4393162393,-0.8791989046,0.2564102564,0.4629271647,0.04004493437,0.4609543921,0.04201770701,True,0.319842708,0.01022655061,0.3172500182,0.01281924043,True,0.4072794526,0.1176705929,0.4051101563,0.1198398892,True,0.6505442334,0.003352759833,0.6511677753,0.002729217956,True
5350348.00,5350348.00,2021S05075350348.00,348,2021,0.1998269896,0.2335640138,2.7,0.4438687392,0.065913371,0.2071611253,0.7450199203,0.3717948718,0.26342711,2495.8,0.7716942149,0.4266666667,0.5385347288,0.2541060656,0.595801698,0.430735855,0.5770574477,0.7796117913,-0.06102131832,0.4888888889,0.5576336134,0.7948717949,0.3525112068,0.5863247863,-1.12159078,0.3247863248,0.5272606816,0.7658119658,-0.2108383887,0.4752136752,1.252443304,0.8512820513,0.08629399358,0.5692307692,-0.5344874964,0.4222222222,1.294795094,0.7709401709,0.1094455518,0.6170940171,0.5295793804,0.06622231764,0.5317218295,0.0640798685,True,0.4016935076,0.02904234744,0.4032977449,0.02743811007,True,0.4808517795,0.09620566823,0.4816925661,0.09536488159,True,0.7022097399,0.07740205144,0.7035975839,0.07601420738,True
5350349.00,5350349.00,2021S05075350349.00,349,2021,0.243339254,0.1376554174,2.5,0.2768532526,0.1518650089,0.6833712984,0.7088487155,0.7635135135,0.0683371298,6428.9,0.7577092511,0.5313059034,0.6788908766,0.4020819294,0.4389676393,0.2802264007,0.3798444059,0.6568321114,-1.365591307,0.2700854701,-0.376801001,0.3692307692,-1.498170982,0.2547008547,-0.08278524766,0.558974359,-0.3335126614,0.3658119658,-1.199401753,0.3076923077,-0.5233852311,0.2598290598,0.4740389389,0.6598290598,-1.153753226,0.3162393162,-1.441053167,0.1948717949,-0.1463550949,0.5264957265,0.4673419974,-0.02837435811,0.4678504181,-0.02888277884,True,0.3173940531,-0.03716765234,0.3176099427,-0.03738354201,True,0.434987471,-0.05514306516,0.4351248484,-0.05528044256,True,0.6526130013,0.004219110101,0.6533815431,0.003450568298,True
5350350.00,5350350.00,2021S05075350350.00,350,2021,0.2227533461,0.1950286807,2.7,0.3513513514,0.1233269598,0.3494897959,0.7554455446,0.412371134,0.0331632653,1555.5,0.8803716609,0.4848197343,0.5601895735,0.2069038806,0.5402597025,0.3941656137,0.4990709449,0.727542549,-0.5963247398,0.4136752137,-0.03281325545,0.5692307692,-0.1030624216,0.5094017094,-1.52259136,0.2358974359,0.07394396928,0.5777777778,-0.7235327151,0.3931623932,0.6973803864,0.6923076923,-0.6982722391,0.3658119658,-1.140788902,0.3179487179,0.5878690939,0.6239316239,-0.6018843212,0.3777777778,0.5006210496,0.03963865285,0.5017952662,0.03846443628,True,0.3718914487,0.02227416496,0.371084218,0.02308139571,True,0.4534067535,0.04566419142,0.4527903552,0.04628058973,True,0.6684990132,0.05904353577,0.6670438473,0.0604987017,True
5350351.01,5350351.01,2021S05075350351.01,351.01,2021,0.2369888476,0.1840148699,2.7,0.3168141593,0.1397949674,0.5388601036,0.7088733799,0.6315789474,0.0544041451,5514.4,0.8038990826,0.4933586338,0.6701421801,0.2698836194,0.4361115685,0.3041520247,0.3683316508,0.6358510301,-1.131304941,0.3213675214,-0.1140653104,0.5316239316,-0.9913430331,0.335042735,-0.6950224242,0.4239316239,-0.01442847052,0.5384615385,-1.108241949,0.3213675214,0.04783534774,0.4837606838,0.004424185693,0.5538461538,-1.221272349,0.3042735043,-0.493972861,0.3572649573,-0.193113113,0.5025641026,0.4800874857,-0.04397591718,0.4809070666,-0.04479549811,True,0.3386385902,-0.03448656556,0.3396421875,-0.03549016287,True,0.4399734825,-0.07164183161,0.4398401911,-0.0715085403,True,0.6597933903,-0.02394236015,0.6617387696,-0.02588773947,True
5350351.02,5350351.02,2021S05075350351.02,351.02,2021,0.2388059701,0.1753731343,2.7,0.3115264798,0.1361940299,0.576744186,0.6722846442,0.6881188119,0.1906976744,4732.8,0.8153153153,0.5451263538,0.7315315315,0.2689488564,0.3942094469,0.2874487112,0.3109228991,0.5842567305,-1.35966564,0.2717948718,-0.1238756834,0.5247863248,-1.336854269,0.2820512821,-0.5885591712,0.441025641,-0.1911087328,0.4358974359,-1.311045059,0.2803418803,-0.163607732,0.3897435897,0.1052471585,0.5777777778,-1.266835057,0.2957264957,-0.6819543305,0.3145299145,0.09741759524,0.6085470085,0.4717335248,-0.07752407791,0.4724019731,-0.0781925262,True,0.3219071833,-0.03445847217,0.3209994295,-0.03355071831,True,0.4321878962,-0.1212649971,0.4340320555,-0.1231091564,True,0.6599282035,-0.07567147302,0.661118647,-0.07686191652,True
5350352.00,5350352.00,2021S05075350352.00,352,2021,0.2473933649,0.1848341232,2.8,0.3834196891,0.0985507246,0.3169398907,0.6881287726,0.6136986301,0.4016393443,4684.1,0.7983963345,0.5874396135,0.7895752896,0.1219843982,0.4713096486,0.2742088642,0.430679688,0.7090403935,-1.485545579,0.2427350427,0.2264133314,0.6905982906,-1.34345085,0.2803418803,-1.11067963,0.3282051282,0.001467218809,0.5418803419,-1.547243802,0.2358974359,0.2886327511,0.5487179487,0.1405763968,0.5863247863,-1.444288767,0.2495726496,0.09921413337,0.4991452991,0.5976298731,0.7555555556,0.4730055476,-0.001695898953,0.4747032095,-0.003393560915,True,0.3194645399,-0.04525567568,0.3212316873,-0.04702282311,True,0.4292331754,0.001446512624,0.4302551594,0.0004245286242,True,0.6685769281,0.04046346543,0.6700165801,0.03902381342,True
5350353.02,5350353.02,2021S05075350353.02,353.02,2021,0.2570905764,0.1546203111,3.3,0.3392857143,0.0898258478,0.3695652174,0.7478005865,0.4024390244,0.0217391304,4511.6,0.8034482759,0.5188323917,0.72667295,0.187082526,0.4484565029,0.3310595196,0.401673297,0.6126366921,-1.828442022,0.1760683761,-0.8801125852,0.1213675214,-1.271533591,0.2923076923,-2.368352583,0.07863247863,-0.7410600205,0.1743589744,-1.957329051,0.1555555556,-0.2426372383,0.3572649573,-1.616162189,0.1367521368,-2.302611862,0.1025641026,-0.43996747,0.3743589744,-1.19646175,0.1521367521,0.4424224192,0.006034083677,0.4410306015,0.007425901396,True,0.301653629,0.02940589057,0.3011393598,0.02992015976,True,0.3982235296,0.003449767425,0.3976807126,0.003992584444,True,0.6163226977,-0.003686005613,0.6157924144,-0.003155722321,True
5350353.03,5350353.03,2021S05075350353.03,353.03,2021,0.245,0.18,2.9,0.4584615385,0.0918196995,0.280952381,0.664246824,0.6459330144,0.6,7351.1,0.7434343434,0.6280276817,0.8613518198,0.2268965705,0.5670049861,0.4285772733,0.5403171395,0.7321205456,-1.618225176,0.2205128205,0.4016094413,0.758974359,-1.680290628,0.2222222222,-0.5609487754,0.4444444444,0.1673705079,0.6239316239,-1.631035472,0.2170940171,0.1013124254,0.4991452991,0.6863998241,0.7042735043,-1.298809108,0.2854700855,-0.1775098571,0.4341880342,1.087768253,0.8393162393,0.4711406768,0.09586430929,0.4666929211,0.100312065,True,0.3115849777,0.1169922956,0.306486703,0.1220905703,True,0.4287256631,0.1115914764,0.4245041825,0.115812957,True,0.6758405162,0.05628002938,0.6709967344,0.06112381125,True
5350353.04,5350353.04,2021S05075350353.04,353.04,2021,0.2256169213,0.1504112808,2.8,0.3172866521,0.1750881316,0.4951456311,0.7432762836,0.7091503268,0.2297734628,6758.3,0.8639760837,0.5817757009,0.808411215,0.2270454575,0.4013811949,0.2703759222,0.4028951237,0.5308725388,-1.724222161,0.1982905983,0.0828329465,0.6324786325,-1.630649909,0.2341880342,-0.7488192239,0.3982905983,0.1830255554,0.6393162393,-1.700689149,0.2051282051,0.0372133413,0.4769230769,0.2848968792,0.6205128205,-1.663730255,0.1982905983,-0.5993204096,0.3230769231,0.3038242432,0.6700854701,0.462071315,-0.0606901201,0.4628650587,-0.06148386376,True,0.31231543,-0.04193950775,0.3129136434,-0.04253772113,True,0.4229591925,-0.0200640688,0.4234261615,-0.0205310378,True,0.6513937834,-0.1205212446,0.6533919505,-0.1225194117,True
5350354.00,5350354.00,2021S05075350354.00,354,2021,0.2675276753,0.1937269373,3.1,0.3860232945,0.1044634378,0.2942857143,0.6605593057,0.4052478134,0.0114285714,4098.1,0.7612761276,0.5429362881,0.783010157,0.02686062594,0.4224327552,0.3114655783,0.4129648466,0.5428678406,-1.903905024,0.1623931624,-0.3813287525,0.3675213675,-1.43805552,0.2632478632,-2.013171501,0.1230769231,-0.2205272914,0.4222222222,-2.067139248,0.1418803419,-0.07950196673,0.4239316239,-1.217194234,0.2205128205,-2.196483348,0.1128205128,-0.1245399198,0.4495726496,-0.4410231374,0.4324786325,0.4479565293,-0.02552377414,0.4468682742,-0.02443551904,True,0.3042602516,0.007205326763,0.303378965,0.008086613302,True,0.3991815518,0.01378329478,0.398037776,0.0149270706,True,0.6316333688,-0.0887655282,0.631622977,-0.08875513634,True
5350355.02,5350355.02,2021S05075350355.02,355.02,2021,0.233562316,0.2060843965,2.7,0.3215613383,0.1208251473,0.3693931398,0.7366803279,0.617414248,0.3034300792,4630.3,0.8439716312,0.6015701668,0.8074656189,0.1735744511,0.4779995943,0.3212963474,0.5196590922,0.5930433432,-1.544837365,0.2324786325,0.4555284009,0.7692307692,-1.354877849,0.2769230769,-1.060869843,0.3384615385,0.3489013585,0.6991452991,-1.589567237,0.2239316239,0.6243811391,0.6752136752,0.4443174004,0.6547008547,-1.588565379,0.211965812,0.1594311374,0.5145299145,0.599553155,0.7572649573,0.4746641571,0.003335437207,0.4717128331,0.006286761228,True,0.3239620432,-0.002665695894,0.3218108851,-0.0005145377012,True,0.4333154206,0.0863436716,0.4295512844,0.09010780781,True,0.664923095,-0.07187975186,0.6621904449,-0.06914710168,True
5350355.04,5350355.04,2021S05075350355.04,355.04,2021,0.2330097087,0.1708737864,2.8,0.3118081181,0.1230769231,0.7285714286,0.6440677966,0.8534482759,0.2114285714,8956.9,0.709202454,0.5660377358,0.7926587302,0.3938396813,0.5249653892,0.3615411937,0.5321660448,0.6811889291,-1.759621425,0.1914529915,-0.1148182251,0.5299145299,-2.023463487,0.1452991453,0.1269391109,0.5897435897,-0.1704145905,0.452991453,-1.587017574,0.2256410256,-0.6018136,0.2495726496,0.833045901,0.7333333333,-1.305661954,0.2820512821,-1.508123467,0.1829059829,0.5093009922,0.7230769231,0.4575357632,0.06742962604,0.4582087437,0.06675664549,True,0.2980510251,0.06349016861,0.2964705037,0.06507069005,True,0.4244463668,0.107719678,0.4241917209,0.107974324,True,0.6551295738,0.02605935526,0.6579401565,0.02324877259,True
5350355.05,5350355.05,2021S05075350355.05,355.05,2021,0.2255319149,0.1489361702,2.5,0.2782152231,0.1661931818,0.6981818182,0.5781021898,0.8853046595,0.1963636364,11283.6,0.7344322344,0.5927977839,0.8044382802,0.4669900212,0.4378657165,0.3298612202,0.4265951921,0.5571407372,-1.639574387,0.2136752137,-0.06163010854,0.5487179487,-2.092823269,0.1299145299,0.816620733,0.7213675214,-0.01850826058,0.535042735,-1.389161725,0.2564102564,-0.8137637856,0.2085470085,1.267451616,0.8256410256,-0.9914801264,0.3435897436,-1.91262417,0.1452991453,0.6333426052,0.7641025641,0.4627209511,-0.02485523464,0.4598262359,-0.02196051943,True,0.3031372263,0.02672399394,0.3002850114,0.02957620879,True,0.4319017945,-0.005306602454,0.4285444346,-0.00194924257,True,0.6617860212,-0.1046452839,0.6575960084,-0.1004552712,True
5350355.06,5350355.06,2021S05075350355.06,355.06,2021,0.2625698324,0.0977653631,3.1,0.2748538012,0.1977715877,0.6869565217,0.7564102564,0.6271186441,0,9337.9,0.7723880597,0.5613496933,0.8588957055,0.4674636333,0.4132307687,0.3453764704,0.3886067268,0.5057091091,-2.517492873,0.07692307692,-1.065046094,0.08034188034,-2.494802208,0.06324786325,-0.765095307,0.3931623932,-0.6084372308,0.2358974359,-2.36701658,0.0905982906,-1.270280971,0.1487179487,-0.4713385671,0.4324786325,-2.371583724,0.09572649573,-2.434285169,0.105982906,-0.9744911361,0.2307692308,0.414648879,-0.001418110347,0.4141860647,-0.0009552960382,True,0.2633504306,0.08202603973,0.2615612458,0.08381522458,True,0.3835767741,0.005029952627,0.3847489588,0.003857767968,True,0.5963715154,-0.09066240625,0.5957687329,-0.09005962378,True
5350356.00,5350356.00,2021S05075350356.00,356,2021,0.2298387097,0.2147177419,3.1,0.3058823529,0.064893617,0.2033333333,0.7287761852,0.3300330033,0.01,3218.1,0.7665036675,0.476340694,0.6919032597,0.1300506425,0.4749745257,0.2981880966,0.4539152135,0.6728202671,-1.457474858,0.2512820513,-0.1846751259,0.4888888889,-0.8037405506,0.388034188,-2.384640833,0.07521367521,-0.08111890051,0.4991452991,-1.647727753,0.2136752137,0.6665266787,0.6837606838,-1.002362117,0.2837606838,-2.069856079,0.1264957265,0.5131036318,0.5965811966,-0.6834863946,0.3401709402,0.4672203049,0.007754220819,0.4711864074,0.003788118341,True,0.3309731945,-0.03278509793,0.3326538934,-0.03446579686,True,0.42133009,0.03258512349,0.4228038268,0.03111138669,True,0.6391043848,0.03371588228,0.6399724943,0.03284777276,True
5350357.01,5350357.01,2021S05075350357.01,357.01,2021,0.235645041,0.1819537658,2.9,0.2710280374,0.2423564504,0.7873684211,0.7327652982,0.8531914894,0.0568421053,6465.5,0.7972166998,0.5750543872,0.8527918782,0.2490293151,0.4105598705,0.3291983761,0.2905029163,0.6119783192,-2.399703282,0.08888888889,0.2392367399,0.694017094,-2.509396119,0.05982905983,-0.06314690259,0.5606837607,0.5907257784,0.7982905983,-2.272040134,0.105982906,-0.3091481366,0.3282051282,0.8668791636,0.7487179487,-2.050935902,0.1316239316,-1.454001943,0.1897435897,0.6840507169,0.7726495726,0.440424301,-0.02986443051,0.438626736,-0.02806686553,True,0.2847258977,0.04447247844,0.2838991231,0.04529925301,True,0.4055889071,-0.1150859908,0.4037040997,-0.1132011834,True,0.6355554657,-0.02357714656,0.6321600207,-0.02018170149,True
5350357.02,5350357.02,2021S05075350357.02,357.02,2021,0.2367632368,0.1198801199,2.9,0.2024793388,0.250501002,0.693452381,0.6993318486,0.7272727273,0.0267857143,4579.3,0.7736111111,0.49375,0.7947916667,0.2490044479,0.4040641355,0.2606576244,0.3477657213,0.6037690609,-2.396424297,0.0905982906,-0.4425326212,0.3213675214,-2.414638239,0.08034188034,-0.5288839206,0.4512820513,-0.07856450356,0.5042735043,-2.27278267,0.1042735043,-0.7743828867,0.2170940171,0.1031689051,0.5760683761,-2.178079406,0.1145299145,-1.821447276,0.1572649573,-0.1212523195,0.5384615385,0.4292773912,-0.02521325567,0.4313851325,-0.02732099698,True,0.275985173,-0.01532754861,0.2782728987,-0.01761527434,True,0.3955370758,-0.04777135448,0.3936489998,-0.04588327852,True,0.618496123,-0.01472706209,0.6188391635,-0.01507010258,True
5350358.01,5350358.01,2021S05075350358.01,358.01,2021,0.245363766,0.1883024251,3.1,0.2739361702,0.0771428571,0.1528384279,0.7321688501,0.2321428571,0.0131004367,3125.2,0.9141856392,0.4515235457,0.5975103734,0.009009787921,0.4371067726,0.2912543934,0.3766672973,0.6433986272,-1.02405151,0.3418803419,-0.6217555245,0.2222222222,-0.1593008701,0.4923076923,-3.048107907,0.02735042735,-0.6192600669,0.2341880342,-1.292136692,0.2871794872,0.6289194056,0.6786324786,-2.045207265,0.06324786325,-1.93137258,0.1487179487,0.8838168108,0.6974358974,-1.426946635,0.07692307692,0.475546622,-0.03843984943,0.4751245529,-0.03801778027,True,0.3466291903,-0.05537479689,0.3484394942,-0.05718510077,True,0.4247546478,-0.04808735046,0.4287698273,-0.05210253003,True,0.638276321,0.005122306249,0.6413232807,0.002075346479,True
5350358.02,5350358.02,2021S05075350358.02,358.02,2021,0.240530303,0.1666666667,2.6,0.3138686131,0.1859582543,0.47,0.6585858586,0.6593137255,0.3775,8545.1,0.8451380552,0.5067178503,0.711409396,0.4333734709,0.4430851138,0.2976989301,0.4203807055,0.611175706,-0.9177599743,0.358974359,0.05136704779,0.6170940171,-1.088502663,0.3196581197,0.2582384112,0.6222222222,0.09873420823,0.5846153846,-0.7891990369,0.3811965812,-0.1624218725,0.3914529915,0.7625667753,0.7179487179,-0.6696969269,0.4051282051,-0.8993579347,0.2615384615,0.1824699773,0.6393162393,0.4904812337,-0.04739611988,0.488328768,-0.04524365416,True,0.344340799,-0.04664186897,0.3427263819,-0.0450274518,True,0.4536784986,-0.03329779312,0.4502873478,-0.02990664237,True,0.6764747508,-0.06529904476,0.6742557808,-0.06308007481,True
5350358.03,5350358.03,2021S05075350358.03,358.03,2021,0.236013986,0.1407342657,2.5,0.2967741935,0.208781362,0.5778781038,0.7150997151,0.5452488688,0.1015801354,5233.4,0.8189749182,0.5171790235,0.763800905,0.2728405335,0.4511814778,0.2978274464,0.4288398072,0.6268771797,-1.540287383,0.2341880342,-0.201857762,0.4837606838,-1.499636058,0.2512820513,-0.429202148,0.4854700855,0.06924947771,0.5743589744,-1.474468783,0.2444444444,-0.3271527403,0.3213675214,0.07291165409,0.5623931624,-1.4659027,0.241025641,-1.04315559,0.2341880342,-0.1326088779,0.5316239316,0.4639657125,-0.01278423471,0.4628016948,-0.01162021698,True,0.3195117667,-0.02168432029,0.3190372615,-0.02120981503,True,0.4251531096,0.003686697619,0.423734891,0.00510491621,True,0.6475735541,-0.02069637441,0.6460211885,-0.01914400884,True
5350359.00,5350359.00,2021S05075350359.00,359,2021,0.259765625,0.15625,2.7,0.2570036541,0.1908850727,0.5036231884,0.6509040334,0.6449275362,0.2952898551,3479.3,0.8360522023,0.5240924092,0.7813738441,0.2969733127,0.4320536242,0.2772756307,0.3727036617,0.6461815801,-1.615190807,0.2222222222,-0.2738710312,0.4393162393,-1.661214611,0.2239316239,-0.4808281859,0.4666666667,-0.2822798951,0.3897435897,-1.529628602,0.2376068376,-0.4308135471,0.2923076923,0.1166868431,0.5794871795,-1.419947405,0.2598290598,-1.104716861,0.2222222222,-0.03680366358,0.5709401709,0.4600889002,-0.02803527597,0.4618737117,-0.02982008749,True,0.307249982,-0.02997435128,0.3092615813,-0.03198595058,True,0.4227111832,-0.05000752151,0.4258979185,-0.05319425675,True,0.6494381233,-0.00325654317,0.6495612821,-0.003379701955,True
5350360.00,5350360.00,2021S05075350360.00,360,2021,0.2389735365,0.1740176423,3,0.3668122271,0.0643086817,0.1756097561,0.7271966527,0.1317073171,0.156097561,1377.7,0.8857421875,0.4448913918,0.6254019293,0.06144199424,0.4901928509,0.332207359,0.4601782342,0.6781929594,-0.7828913437,0.3811965812,-0.6712133027,0.2017094017,0.01037785062,0.5247863248,-2.829226694,0.04102564103,-0.7189102838,0.1846153846,-1.054851937,0.3282051282,0.4432930253,0.6,-2.147271666,0.04786324786,-1.608008832,0.2102564103,0.903050563,0.7025641026,-1.350448011,0.1025641026,0.4833804736,0.006812377251,0.4826526634,0.00754018749,True,0.3548282199,-0.02262086094,0.355226578,-0.02301921896,True,0.4298197257,0.03035850853,0.4302368248,0.02994140934,True,0.6490043759,0.0291885835,0.6492505695,0.02894238982,True
5350361.01,5350361.01,2021S05075350361.01,361.01,2021,0.1888980944,0.2328086164,3,0.5298126065,0.0418760469,0.0939086294,0.7663469922,0.0659898477,0.0406091371,2057.3,0.9296636086,0.3400335008,0.4388609715,0.1126505734,0.5489438429,0.4291568583,0.4972849013,0.7203897691,0.7237630915,0.6188034188,-0.04601858945,0.5572649573,1.720201292,0.7846153846,-2.526454694,0.06324786325,0.1235648769,0.6068376068,0.3402309211,0.558974359,1.442439992,0.9042735043,-2.071928848,0.05811965812,-0.4992836579,0.4290598291,2.324630812,0.9162393162,-1.347304803,0.105982906,0.547757714,0.001186128898,0.546984633,0.001959209868,True,0.4446392587,-0.01548240043,0.4448192614,-0.01566240313,True,0.4845984866,0.01268641467,0.4822930791,0.01499182219,True,0.6966773447,0.02371242435,0.6984868422,0.02190292691,True
5350361.02,5350361.02,2021S05075350361.02,361.02,2021,0.1908293999,0.186109238,3,0.4782051282,0.04048583,0.0653061224,0.7887624467,0.0408163265,0.0408163265,3001.7,0.9534686971,0.3906882591,0.5236167341,0.01361349408,0.5417576539,0.45508306,0.4891810742,0.6810088274,0.1498669401,0.5299145299,-0.3498914477,0.3863247863,1.23236888,0.7196581197,-3.121943885,0.02222222222,-0.2247570745,0.4205128205,-0.2554477523,0.4683760684,1.207232855,0.8461538462,-2.481298505,0.02051282051,-1.102580654,0.3230769231,2.095730841,0.8837606838,-1.521540193,0.06153846154,0.5221498851,0.01960776878,0.5255925264,0.01616512753,True,0.4130384208,0.04204463917,0.4113473665,0.04373569343,True,0.4603022817,0.02887879252,0.4587900245,0.03039104974,True,0.6743051583,0.006703669172,0.671724792,0.009284035399,True
5350362.01,5350362.01,2021S05075350362.01,362.01,2021,0.2217806041,0.2011128776,3,0.36,0.0843277645,0.338902148,0.7532467532,0.4196642686,0.1551312649,2523.3,0.9054580897,0.5089355089,0.8097826087,0.06928571072,0.4879989156,0.3268124907,0.4545691209,0.6826151351,-1.301623908,0.2888888889,-0.1225049967,0.5264957265,-0.6949346321,0.4188034188,-2.266844747,0.0905982906,-0.1440769627,0.464957265,-1.505207216,0.241025641,0.5986313525,0.6615384615,-1.190529801,0.2290598291,-1.847903856,0.1606837607,0.6832108315,0.6547008547,-0.4691413839,0.4239316239,0.473838274,0.01416064164,0.4779295983,0.01006931729,True,0.3360410885,-0.009228597845,0.3363987316,-0.009586240931,True,0.4238677962,0.03070132478,0.4248810899,0.02968803103,True,0.6499898937,0.0326252414,0.6488119404,0.03380319468,True
5350362.02,5350362.02,2021S05075350362.02,362.02,2021,0.2560344828,0.2060344828,3.4,0.3784665579,0.0519031142,0.1474926254,0.749551167,0.185840708,0.0088495575,2990.8,0.8572884811,0.5657439446,0.7826839827,0.0602679328,0.5307083608,0.3680871597,0.4871984241,0.7368394985,-1.833301413,0.1743589744,-0.6041751585,0.2376068376,-0.9423679888,0.3504273504,-3.292567618,0.01196581197,-0.4595717126,0.2871794872,-2.134023677,0.1247863248,0.4126188586,0.5863247863,-2.192178041,0.04102564103,-2.64247483,0.06324786325,0.6027797452,0.6307692308,-1.244609722,0.1333333333,0.4468072772,0.08390108357,0.4458326445,0.08487571634,True,0.3117090637,0.05637809605,0.3113970207,0.05669013901,True,0.3946731998,0.09252522432,0.3949715274,0.09222689669,True,0.6163615658,0.1204779327,0.6166489041,0.1201905944,True
5350362.03,5350362.03,2021S05075350362.03,362.03,2021,0.256,0.2443636364,3.3,0.411589896,0.0781021898,0.1288782816,0.7379518072,0.130952381,0.0190930788,2098.8,0.8548523207,0.5788321168,0.7883211679,0.04160483036,0.5054893836,0.3593574557,0.4882714084,0.6688392868,-1.751278979,0.1931623932,-0.1618052299,0.5008547009,-0.8900411763,0.3641025641,-2.967778191,0.03247863248,0.08318672867,0.5794871795,-2.069230976,0.1401709402,0.7111614358,0.7008547009,-1.813236208,0.09230769231,-2.511243991,0.08034188034,0.8944604556,0.6991452991,-0.8220374309,0.2837606838,0.4570586847,0.04843069891,0.4546629736,0.05082641004,True,0.3240682584,0.03528919727,0.3237159348,0.03564152085,True,0.4023722276,0.08589918076,0.3971868586,0.0910845498,True,0.6282511775,0.04058810933,0.6282889474,0.04055033945,True
5350362.04,5350362.04,2021S05075350362.04,362.04,2021,0.2299618321,0.2604961832,2.8,0.2934362934,0.0768472906,0.2841530055,0.7701993704,0.527173913,0.2923497268,3889,0.8301675978,0.5401015228,0.7898477157,0.09798050557,0.5095518977,0.3434047065,0.486066527,0.6991844597,-1.375878008,0.2666666667,0.7171320655,0.8307692308,-0.9709991208,0.3384615385,-1.623653305,0.2,0.5347069245,0.7709401709,-1.506409034,0.2393162393,1.279756358,0.8564102564,0.3800988607,0.6376068376,-1.685004618,0.1948717949,0.9341847414,0.705982906,0.5804659297,0.7435897436,0.4850474984,0.02450439932,0.4860216408,0.02353025691,True,0.3384323816,0.004972324878,0.3409449526,0.002459753908,True,0.4418045545,0.04426197247,0.4411301974,0.04493632954,True,0.6697959643,0.02938849544,0.6717115329,0.02747292681,True
5350363.02,5350363.02,2021S05075350363.02,363.02,2021,0.2217125382,0.2064220183,3,0.3475609756,0.0689127106,0.2523809524,0.747107438,0.2064220183,0.2428571429,2749.1,0.862962963,0.5311004785,0.6831210191,0.1846133501,0.4731186326,0.3344543711,0.4570374026,0.627864124,-1.117073909,0.3230769231,-0.1493773165,0.5076923077,-0.4889670037,0.4495726496,-2.298172935,0.08376068376,-0.1950550454,0.4341880342,-1.320647314,0.2752136752,0.702508977,0.6957264957,-1.149927926,0.2427350427,-1.720820218,0.188034188,0.7646365491,0.6615384615,-0.6331147612,0.3692307692,0.4800145457,-0.006895913108,0.4794976032,-0.006378970573,True,0.3442517021,-0.009797331035,0.3439280855,-0.009473714429,True,0.4310657204,0.0259716822,0.4314177267,0.02561967596,True,0.6526783493,-0.02481422537,0.6530821712,-0.02521804721,True
5350363.04,5350363.04,2021S05075350363.04,363.04,2021,0.2659846547,0.1649616368,3.4,0.3755656109,0.0629011553,0.2255319149,0.6870925684,0.2347826087,0.2425531915,3471.3,0.8346333853,0.5930087391,0.8639200999,0.2129416515,0.4552259588,0.2878396743,0.4387326553,0.6391055469,-2.062828541,0.1299145299,-0.9492473775,0.09914529915,-1.476536094,0.2598290598,-2.707556026,0.04615384615,-0.9430464796,0.135042735,-2.246931449,0.1128205128,-0.3567002461,0.3076923077,-2.007020825,0.06837606838,-2.494752185,0.08376068376,-0.3173330191,0.4017094017,-1.1800201,0.1555555556,0.4328721093,0.02235384947,0.4385532138,0.01667274499,True,0.2868473534,0.0009923208985,0.2892284384,-0.001388764166,True,0.385017907,0.05371474832,0.3878079739,0.05092468145,True,0.6120569047,0.02704864221,0.6138271503,0.02527839661,True
5350363.05,5350363.05,2021S05075350363.05,363.05,2021,0.2872454448,0.100750268,2.8,0.3173652695,0.2368703108,0.7038123167,0.6366742597,0.8849557522,0.3460410557,9244.9,0.71,0.5790598291,0.8985042735,0.3197234078,0.4739284055,0.3250092153,0.3903720319,0.7064039694,-2.513915395,0.07863247863,-0.4367045656,0.3282051282,-2.996617483,0.02564102564,0.5287854346,0.6683760684,-0.3063245906,0.3743589744,-2.266302976,0.1076923077,-1.473018512,0.1316239316,0.8463129619,0.7401709402,-1.697586493,0.1931623932,-2.578514866,0.09401709402,0.5862147371,0.7504273504,0.4251589859,0.04876941961,0.4246762069,0.04925219858,True,0.2565865082,0.06842270717,0.255956284,0.06905293132,True,0.3944415544,-0.004069522482,0.3952548759,-0.004882844041,True,0.6333560557,0.07304791367,0.6297415027,0.07666246668,True
5350363.06,5350363.06,2021S05075350363.06,363.06,2021,0.3091922006,0.151810585,2.2,0.5320584927,0.1673640167,0.3235294118,0.5094614265,0.996941896,0.9582043344,8740.6,0.7232653061,0.6410081744,0.9059945504,0.1767838572,0.5407748179,0.3309155224,0.5108291555,0.7805797759,-1.14798719,0.3179487179,0.758944652,0.8358974359,-1.983801608,0.1538461538,1.619486087,0.8205128205,0.2050533509,0.6581196581,-0.9513495841,0.3521367521,-0.6492814942,0.2444444444,2.184178242,0.9111111111,0.07708934648,0.5094017094,-0.9716534035,0.2461538462,2.41619369,0.9521367521,0.4939133601,0.04686145784,0.4891736747,0.05160114324,True,0.3181109251,0.01280459734,0.310801547,0.02011397542,True,0.4541608233,0.0566683322,0.4524827762,0.05834637926,True,0.7243009137,0.05627886214,0.7171922899,0.06338748595,True
5350363.07,5350363.07,2021S05075350363.07,363.07,2021,0.2826718296,0.1287512101,2.7,0.3457446809,0.254368932,0.8197969543,0.6652542373,0.850129199,0.0507614213,2303.1,0.7,0.5618090452,0.8351758794,0.2275772355,0.406161817,0.2477631624,0.3688572771,0.6018650116,-2.466233369,0.08376068376,-0.3543358696,0.3794871795,-2.76844175,0.03418803419,0.2404470433,0.6205128205,-0.0537435096,0.5145299145,-2.285836296,0.1008547009,-1.256579728,0.1521367521,0.4292939607,0.6478632479,-1.864332651,0.1572649573,-2.236199196,0.1213675214,0.4399509333,0.6991452991,0.4282303962,-0.02206857922,0.4307894916,-0.0246276746,True,0.2674665847,-0.01970342231,0.27178101,-0.02401784758,True,0.3928607122,-0.02400343511,0.4015424898,-0.03268521269,True,0.6301879525,-0.02832294091,0.632100033,-0.03023502136,True
5350364.01,5350364.01,2021S05075350364.01,364.01,2021,0.2444633731,0.1882453152,3,0.3634868421,0.1113967438,0.3324742268,0.7127468582,0.3273195876,0.0979381443,2048.6,0.8190376569,0.5338474722,0.7600685518,0.1933017993,0.5071934734,0.3860454713,0.4431614731,0.6923734758,-1.558686593,0.2290598291,-0.3747205224,0.3709401709,-1.075346153,0.3230769231,-1.915223741,0.1435897436,-0.2255535334,0.4188034188,-1.697032678,0.2068376068,0.1075309501,0.5042735043,-1.138639487,0.2444444444,-1.949396663,0.1435897436,-0.04196523255,0.4717948718,-0.677645578,0.347008547,0.4604495617,0.04674391172,0.4587583949,0.04843507848,True,0.3212027709,0.0648427004,0.321326198,0.0647192733,True,0.4133906108,0.02977086239,0.4123818972,0.03077957598,True,0.6370503324,0.05532314337,0.6372353432,0.05513813262,True
5350364.02,5350364.02,2021S05075350364.02,364.02,2021,0.2363344051,0.1945337621,3.1,0.4053156146,0.0903010033,0.2849462366,0.6876122083,0.2315789474,0,4211.8,0.7279843444,0.5224137931,0.7564766839,0.2491730579,0.4729347322,0.3383357633,0.4388187187,0.6416497145,-1.635544562,0.2153846154,-0.4326389105,0.3316239316,-1.131280441,0.3162393162,-1.881147252,0.1487179487,-0.1055754865,0.4871794872,-1.782541958,0.1829059829,0.002241922419,0.464957265,-1.187332921,0.2307692308,-2.040017958,0.135042735,-0.1832716628,0.4307692308,-0.7943964476,0.2957264957,0.4567355176,0.01619921459,0.4556128875,0.01732184467,True,0.3205948987,0.01774086456,0.319677592,0.01865817126,True,0.4092890731,0.0295296456,0.4093984699,0.02942024879,True,0.6315220943,0.01012762015,0.6272997832,0.01434993128,True
5350365.00,5350365.00,2021S05075350365.00,365,2021,0.3222222222,0.139869281,3.3,0.4030023095,0.1078431373,0.3510638298,0.6179469748,0.4656652361,0.170212766,4880.7,0.7434052758,0.5406976744,0.8365633075,0.1205979791,0.4158864656,0.2933769535,0.3940127993,0.5602696441,-2.204876898,0.105982906,-1.214958252,0.05982905983,-1.946857035,0.1623931624,-1.86556404,0.1538461538,-1.186662054,0.09401709402,-2.275055702,0.1025641026,-1.186000315,0.1572649573,-1.731651549,0.1145299145,-2.231747355,0.1076923077,-1.261548558,0.2136752137,-0.9847311264,0.2239316239,0.4233862715,-0.007499805876,0.4280475972,-0.01216113164,True,0.2702747259,0.02310222757,0.2750286277,0.01834832578,True,0.378155388,0.01585741134,0.3825973538,0.01141544554,True,0.6124777499,-0.05220810579,0.6185481558,-0.05827851172,True
5350366.00,5350366.00,2021S05075350366.00,366,2021,0.2584269663,0.1717495987,3,0.3397913562,0.1286173633,0.3928571429,0.6929530201,0.4375,0.019047619,4329.8,0.8137254902,0.551417004,0.765802269,0.2968189682,0.4482907773,0.3110202208,0.4090563736,0.6247957375,-1.685959594,0.2051282051,-0.6108569217,0.2307692308,-1.346911002,0.2786324786,-1.511663728,0.2427350427,-0.3798471542,0.3299145299,-1.736154439,0.1914529915,-0.3064664242,0.3333333333,-0.9820464684,0.2923076923,-1.929689699,0.1504273504,-0.7325155744,0.294017094,-0.8720575534,0.2615384615,0.4519823971,-0.003691619776,0.4520916082,-0.0038008309,True,0.3107149037,0.0003053171465,0.3103205334,0.0006996874586,True,0.4093015336,-0.0002451599237,0.4097168877,-0.000660514059,True,0.6282418778,-0.003446140336,0.6298255546,-0.00502981711,True
5350367.01,5350367.01,2021S05075350367.01,367.01,2021,0.2913907285,0.1081677704,3.4,0.4762886598,0.1324503311,0.641025641,0.596176822,0.557195572,0.0183150183,6357.3,0.6827195467,0.592760181,0.850678733,0.08207865718,0.4069378736,0.2444082866,0.4308466037,0.5455587305,-2.66815338,0.05299145299,-1.300652969,0.05299145299,-2.541937462,0.05299145299,-1.473801788,0.252991453,-1.077051912,0.1042735043,-2.703480613,0.05641025641,-1.770373511,0.105982906,-1.781837655,0.1076923077,-2.467679094,0.08717948718,-1.86227045,0.1487179487,-0.6389338754,0.3641025641,0.4053514952,0.001586378365,0.4032548524,0.003683021181,True,0.2487564734,-0.004348186781,0.2471007205,-0.002692433889,True,0.358469865,0.07237673877,0.3554865813,0.07536002244,True,0.6033501432,-0.05779141268,0.6032424457,-0.05768371521,True
5350367.02,5350367.02,2021S05075350367.02,367.02,2021,0.2401685393,0.2148876404,3,0.3463541667,0.0744382022,0.1465517241,0.7605633803,0.1709401709,0.0172413793,3454,0.880952381,0.5054495913,0.6784741144,0.08219070373,0.4748558856,0.3873095456,0.3918662183,0.6453918928,-1.11686375,0.3247863248,-0.2594975245,0.452991453,-0.2964328424,0.4735042735,-2.733930349,0.04444444444,-0.1208115246,0.4769230769,-1.383560833,0.2632478632,0.8268789493,0.7282051282,-1.608273096,0.1435897436,-1.948578156,0.1452991453,0.9582002808,0.7111111111,-1.062357948,0.1965811966,0.4782026233,-0.003346737736,0.4767575767,-0.001901691117,True,0.3498858204,0.03742372518,0.3484814722,0.03882807336,True,0.4269117669,-0.03504554858,0.4265027444,-0.03463652602,True,0.642827361,0.002564531804,0.6438628526,0.001529040171,True
5350368.01,5350368.01,2021S05075350368.01,368.01,2021,0.3700906344,0.163897281,1.9,0.5743073048,0.2333836858,0.3888888889,0.4791174153,0.9680232558,0.9985754986,7455.3,0.6697792869,0.5858964741,0.872468117,0.2888815552,0.5006605067,0.3207711353,0.5127339502,0.6684764346,-0.8565805448,0.3709401709,0.7007634633,0.8256410256,-2.001012216,0.1504273504,2.7397805,0.8803418803,0.2775460211,0.6888888889,-0.5401179056,0.4239316239,-1.141158019,0.1623931624,2.648743629,0.9504273504,0.6772881922,0.6341880342,-1.702778456,0.1692307692,2.394339061,0.9504273504,0.5034055459,-0.002745039191,0.5007022366,-4.172988556e-05,True,0.3283311535,-0.007560018152,0.3314615976,-0.01069046228,True,0.465972882,0.04676106819,0.4618607921,0.0508731581,True,0.7343939011,-0.06591746649,0.7320400494,-0.0635636148,True
5350368.02,5350368.02,2021S05075350368.02,368.02,2021,0.2199312715,0.3184421535,2.6,0.3442211055,0.1327649208,0.3511705686,0.7046894804,0.338658147,0.0133779264,2793.2,0.7671052632,0.5541871921,0.709001233,0.08323133527,0.5042572709,0.4301279229,0.4703122945,0.6123315953,-1.289603166,0.2923076923,1.166829154,0.9025641026,-0.8905455142,0.3623931624,-1.047244949,0.3401709402,1.411629669,0.9264957265,-1.443984063,0.2512820513,1.441792433,0.9025641026,0.6006466285,0.6871794872,-1.581563422,0.2153846154,1.047103622,0.735042735,0.8619379501,0.8017094017,0.4955725134,0.008684757543,0.4991378682,0.005119402697,True,0.3586816239,0.07144629901,0.3623130257,0.06781489721,True,0.4469635683,0.02334872615,0.4491625639,0.02114973058,True,0.677355847,-0.0650242517,0.6828582843,-0.07052668901,True
5350369.00,5350369.00,2021S05075350369.00,369,2021,0.2430939227,0.1424186618,3.3,0.3361753959,0.1363065327,0.4306418219,0.7075596817,0.4347826087,0.0289855072,3325.4,0.7740112994,0.5247959824,0.7512562814,0.05559599239,0.4566855754,0.3115192977,0.3704589598,0.6880784688,-2.220879423,0.1042735043,-0.6849801863,0.1982905983,-1.737523501,0.2085470085,-2.195193254,0.1025641026,-0.4749379212,0.2820512821,-2.354407073,0.09230769231,-0.375473032,0.3008547009,-1.440894855,0.1760683761,-2.525722423,0.07692307692,-0.5421588017,0.3333333333,-0.6602522422,0.3555555556,0.4315687843,0.02511679113,0.4289035641,0.02778201126,True,0.2859725662,0.02554673158,0.2835398708,0.02797942699,True,0.3855196876,-0.01506072784,0.3818647899,-0.01140583013,True,0.614949744,0.07312872474,0.6101749393,0.07790352949,True
5350370.01,5350370.01,2021S05075350370.01,370.01,2021,0.2204968944,0.1677018634,2.6,0.353974122,0.1703586498,0.5,0.6545148626,0.6100543478,0.5489130435,5499.2,0.756443299,0.6455696203,0.8829113924,0.185546884,0.5058113601,0.2880204913,0.4767747326,0.7526388565,-2.034931757,0.1401709402,0.5775516787,0.7982905983,-2.217826116,0.1128205128,-0.157629617,0.5504273504,0.4588050869,0.7452991453,-1.98514392,0.1487179487,-0.0283092834,0.4444444444,1.075865415,0.7863247863,-1.540875691,0.2256410256,-0.5948406277,0.3247863248,1.46020346,0.8837606838,0.4590993762,0.04671198386,0.4593592217,0.04645213842,True,0.295115682,-0.007095190703,0.2977419723,-0.009721481017,True,0.4189864114,0.05778832119,0.4202742975,0.05650043505,True,0.6687307162,0.08390814029,0.671066133,0.08157272349,True
5350370.02,5350370.02,2021S05075350370.02,370.02,2021,0.2457399103,0.1784753363,2.9,0.3717105263,0.1166666667,0.3157894737,0.6286836935,0.485013624,0.3767313019,2451.4,0.7334801762,0.5975723623,0.822761194,0.1718445063,0.4601904021,0.3175576941,0.409845981,0.6531675311,-1.924112613,0.158974359,0.02000035992,0.5931623932,-1.802818089,0.1965811966,-1.150412929,0.3213675214,-0.07438198673,0.5076923077,-1.978599013,0.1521367521,-0.09671551461,0.4153846154,-0.09769808894,0.5264957265,-1.800828956,0.1692307692,-0.3534541307,0.388034188,0.4698701389,0.7094017094,0.4538625934,0.006327808664,0.4513623186,0.008828083506,True,0.2976832909,0.01987440322,0.2930863345,0.02447135962,True,0.4099969358,-0.000150954751,0.4099439811,-9.800002163e-05,True,0.6517982144,0.001369316646,0.651390811,0.001776720089,True
5350370.03,5350370.03,2021S05075350370.03,370.03,2021,0.2461899179,0.1500586166,3.1,0.3168103448,0.0964705882,0.3380782918,0.7151515152,0.2826086957,0.0320284698,4972,0.8515850144,0.5011655012,0.6635622817,0.07434131374,0.4192224552,0.2797777589,0.3515661118,0.6263234949,-1.482491833,0.2444444444,-0.8501612168,0.1299145299,-0.8498184781,0.3743589744,-2.518825192,0.06495726496,-0.7691020261,0.1606837607,-1.661811995,0.2102564103,-0.09017123183,0.4170940171,-1.892847609,0.08205128205,-2.064802353,0.1282051282,-0.01490575956,0.4786324786,-1.239874527,0.135042735,0.4553273886,-0.03610493337,0.4539436362,-0.03472118096,True,0.3186932677,-0.03891550875,0.3181915678,-0.03841380886,True,0.4071286431,-0.05556253131,0.4065620883,-0.05499597649,True,0.6272641747,-0.0009406798119,0.6267086872,-0.0003851923172,True
5350371.00,5350371.00,2021S05075350371.00,371,2021,0.2387706856,0.1802600473,2.8,0.3723628692,0.1082725061,0.3027681661,0.6015276894,0.3408304498,0.2093425606,2272.5,0.8004322767,0.5060827251,0.6192214112,0.09166333583,0.4620434446,0.322899614,0.4013171972,0.6619135226,-0.9979935602,0.347008547,-0.2706092157,0.441025641,-0.6570143694,0.4256410256,-1.505793936,0.2444444444,-0.3450695763,0.3606837607,-1.134171029,0.3179487179,0.05000178107,0.4854700855,-0.9972625323,0.2854700855,-1.246408588,0.3025641026,0.2428306384,0.5316239316,-0.2922515818,0.4683760684,0.4822832012,-0.02023975657,0.4826506077,-0.02060716311,True,0.3419064286,-0.01900681459,0.3435905392,-0.02069092524,True,0.4318740723,-0.03055687513,0.4331589401,-0.03184174298,True,0.6654552395,-0.003541716874,0.6673572339,-0.005443711246,True
5350372.00,5350372.00,2021S05075350372.00,372,2021,0.2367205543,0.1974595843,3,0.3823529412,0.0705202312,0.1632653061,0.7300469484,0.1875,0.0340136054,3287.8,0.8813096862,0.5102272727,0.5920454545,0.1619424881,0.4412845436,0.3039361997,0.4016079902,0.6183094409,-0.7823338111,0.3829059829,-0.4263059467,0.3418803419,-0.0332142191,0.5145299145,-2.479114109,0.06666666667,-0.3187637019,0.3709401709,-1.023346268,0.335042735,0.6112396846,0.6700854701,-1.705761407,0.1196581197,-1.574558746,0.2188034188,0.8320495867,0.6820512821,-1.208908821,0.1435897436,0.4874469559,-0.04616241227,0.4912422142,-0.04995767057,True,0.3612767477,-0.05734054807,0.361524966,-0.05758876629,True,0.4356546057,-0.0340466155,0.4364765084,-0.0348685182,True,0.6509386611,-0.03262922023,0.6503600441,-0.03205060324,True
5350373.00,5350373.00,2021S05075350373.00,373,2021,0.2441742655,0.1631205674,2.8,0.3492647059,0.1195542047,0.5287356322,0.6433941998,0.4617563739,0.0172413793,5147.1,0.7911001236,0.5087358684,0.6532921811,0.1578764781,0.4683465262,0.3481979831,0.4217386526,0.6351029428,-1.269934162,0.294017094,-0.5768262209,0.252991453,-1.011481708,0.3333333333,-1.259517805,0.2871794872,-0.5049070429,0.2717948718,-1.321780401,0.2735042735,-0.3842953468,0.2974358974,-0.9955302768,0.2871794872,-1.442769438,0.2512820513,-0.521166099,0.3452991453,-0.5930439285,0.3829059829,0.4674685413,0.0008779849159,0.4662914448,0.002055081415,True,0.3262500253,0.02194795777,0.3263447934,0.02185318966,True,0.4217124016,2.625108478e-05,0.4204782741,0.001260378534,True,0.6482035964,-0.01310065357,0.6484094197,-0.0133064769,True
5350374.01,5350374.01,2021S05075350374.01,374.01,2021,0.2533980583,0.1689320388,2.9,0.4492753623,0.0951456311,0.3083333333,0.6778989098,0.4222222222,0.2833333333,4339.8,0.7744533947,0.5664794007,0.7144194757,0.1190542492,0.5192513592,0.3569321168,0.4412102031,0.7596117578,-1.344474035,0.2786324786,-0.1875685598,0.4871794872,-1.063114934,0.3264957265,-1.433883002,0.2598290598,-0.2434759982,0.4068376068,-1.462282324,0.2461538462,-0.01390046342,0.4478632479,-0.7066903406,0.3606837607,-1.474546117,0.2376068376,0.04996186662,0.494017094,-0.02370451102,0.5743589744,0.47122612,0.04802523919,0.4680259517,0.0512254075,True,0.3258228273,0.03110928956,0.3238101223,0.03312199453,True,0.4228780985,0.0183321046,0.4186843493,0.0225258538,True,0.6598443347,0.09976742318,0.6539685693,0.1056431886,True
5350374.02,5350374.02,2021S05075350374.02,374.02,2021,0.2330708661,0.2236220472,3,0.4046920821,0.0963665087,0.1064814815,0.7131011609,0.1361502347,0.287037037,3952.4,0.8460111317,0.6248037677,0.7425431711,0.07165016863,0.4701420262,0.377128791,0.4237250929,0.6095721946,-1.528402229,0.2358974359,0.2810461481,0.7162393162,-0.9133239773,0.358974359,-2.233702213,0.09401709402,0.356481808,0.7025641026,-1.783731234,0.1811965812,0.8589381617,0.747008547,-0.8702758113,0.3179487179,-2.005826302,0.1367521368,0.9850122152,0.7145299145,-0.0002838359899,0.5794871795,0.4723708432,-0.002228817023,0.4724882721,-0.002346245909,True,0.3331943776,0.04393441338,0.3321476158,0.0449811752,True,0.4197889109,0.00393618203,0.4211988682,0.00252622474,True,0.6539195627,-0.0443473681,0.6560777163,-0.04650552175,True
5350374.03,5350374.03,2021S05075350374.03,374.03,2021,0.2133168927,0.2453760789,2.5,0.3589108911,0.1839506173,0.6175548589,0.7115902965,0.6697819315,0.0501567398,5016.1,0.7333333333,0.6592977893,0.78515625,0.2811525682,0.4534288687,0.2801016264,0.4285589251,0.6516260547,-1.845223106,0.1709401709,1.014724413,0.8803418803,-1.915221775,0.1675213675,0.1603461868,0.6068376068,1.317956796,0.9111111111,-1.786254253,0.1794871795,0.5481910177,0.6393162393,1.509527297,0.8632478632,-1.564714801,0.2222222222,-0.421390121,0.3794871795,1.349041767,0.8752136752,0.4731278868,-0.01969901808,0.4769434693,-0.02351460061,True,0.3226969251,-0.04259529875,0.3256070106,-0.04550538424,True,0.4340440783,-0.005485153265,0.4360665052,-0.007507580129,True,0.6684945672,-0.01686851249,0.6738827539,-0.02225669921,True
5350375.01,5350375.01,2021S05075350375.01,375.01,2021,0.2011173184,0.2777334397,2.3,0.4089456869,0.2300319489,0.6,0.67,0.728440367,0.1925925926,6574.3,0.7775700935,0.6538461538,0.6351242983,0.2006639118,0.4713717809,0.3870729373,0.4406796982,0.5863627071,-1.101532202,0.3282051282,1.784660085,0.9487179487,-1.331995363,0.2854700855,1.042912349,0.7623931624,2.042745546,0.9641025641,-1.043046987,0.3316239316,1.073637457,0.8205128205,2.36375042,0.9196581197,-0.6758692331,0.4017094017,0.2819228854,0.5401709402,2.261395954,0.947008547,0.5125272012,-0.04115542035,0.5010656773,-0.02969389643,True,0.3660522112,0.02102072608,0.3521917805,0.03488115679,True,0.4690861715,-0.02840647331,0.454847034,-0.01416733579,True,0.712950968,-0.1265882609,0.7029380428,-0.1165753357,True
5350375.02,5350375.02,2021S05075350375.02,375.02,2021,0.198938992,0.2334217507,2.8,0.5111111111,0.0505319149,0.2814814815,0.88,0.1407407407,0,3074.3,0.9041533546,0.3753424658,0.5521978022,0.2209361985,0.5831051646,0.3230831067,0.5379553484,0.8882770388,0.3343940706,0.5555555556,0.04973822119,0.6153846154,1.204014879,0.7094017094,-2.14994762,0.1076923077,0.2952896491,0.6905982906,0.04856988472,0.5076923077,1.393237007,0.894017094,-1.436245611,0.1777777778,-0.7455616324,0.3897435897,1.764644119,0.8307692308,-1.198832034,0.1504273504,0.5353722162,0.0477329484,0.533322732,0.04978243256,True,0.4273082746,-0.1042251679,0.4267744341,-0.1036913274,True,0.4794217116,0.05853363678,0.4777504458,0.06020490254,True,0.685334394,0.2029426447,0.6850425158,0.203234523,True
5350375.03,5350375.03,2021S05075350375.03,375.03,2021,0.2471264368,0.1637931034,2.8,0.378330373,0.1610738255,0.6124661247,0.6590229312,0.6216216216,0.1490514905,6436.9,0.7361445783,0.5639810427,0.8312796209,0.05400946635,0.4031023881,0.2648676597,0.4117748581,0.5326646465,-2.070566644,0.1282051282,-0.06672244299,0.547008547,-2.039882379,0.1384615385,-0.7344434254,0.4017094017,0.04360719781,0.5606837607,-2.074506359,0.1384615385,-0.4632192189,0.2803418803,-0.07957383677,0.5316239316,-1.840631141,0.1641025641,-0.8491002381,0.2752136752,0.519162677,0.7282051282,0.4471760437,-0.04407365562,0.4476613593,-0.04455897117,True,0.2924142738,-0.02754661406,0.2927202996,-0.02785263991,True,0.4035396012,0.008235256968,0.40446246,0.00731239814,True,0.6460957833,-0.1134311369,0.6465898412,-0.1139251947,True
5350375.04,5350375.04,2021S05075350375.04,375.04,2021,0.2428694901,0.1797752809,3.1,0.4009287926,0.103030303,0.2058047493,0.6517857143,0.3448275862,0.4617414248,6279.2,0.7415036045,0.6346320346,0.8468858131,0.04299372337,0.433648841,0.3300883983,0.3938965744,0.5769615502,-2.187010387,0.1076923077,0.1411296567,0.664957265,-1.910544241,0.1726495726,-1.687394958,0.1829059829,0.06905868126,0.5726495726,-2.333212273,0.09572649573,0.1204963495,0.5076923077,-0.3461262747,0.4632478632,-2.17078813,0.1162393162,0.06878255965,0.4957264957,0.6156214422,0.7606837607,0.4464331523,-0.01278431127,0.448523849,-0.014875008,True,0.2899650567,0.04012334158,0.2914306215,0.03865777673,True,0.3989306769,-0.005034102484,0.4013217577,-0.007425183297,True,0.6468440444,-0.06988249419,0.648798527,-0.0718369768,True
5350375.05,5350375.05,2021S05075350375.05,375.05,2021,0.2060737527,0.2349963847,2.6,0.4375857339,0.1354091238,0.5268022181,0.7072442121,0.5391791045,0.1109057301,6122.7,0.8179465056,0.5841155235,0.70995671,0.1878817259,0.4490565195,0.3216554241,0.3881354798,0.6373786547,-1.004818938,0.3452991453,0.6968997228,0.8239316239,-0.837830476,0.3811965812,-0.4646933356,0.4683760684,0.8652963835,0.8717948718,-1.0689604,0.3264957265,0.6675280345,0.6854700855,0.439833861,0.652991453,-1.067346258,0.3316239316,0.3721630734,0.5692307692,0.7293723211,0.7863247863,0.4980240256,-0.04896750611,0.4974120084,-0.0483554889,True,0.3590740632,-0.03741863915,0.3589195532,-0.03726412909,True,0.4503526138,-0.06221713406,0.4504596262,-0.06232414641,True,0.6841614205,-0.04678276576,0.6834907049,-0.04611205023,True
5350376.01,5350376.01,2021S05075350376.01,376.01,2021,0.2427860697,0.1781094527,3.1,0.2973484848,0.1758241758,0.334384858,0.6955161627,0.321875,0.0820189274,4804,0.7727272727,0.5924075924,0.8351648352,0.04505468567,0.4230821546,0.2905364819,0.3728592139,0.6058507679,-2.572160583,0.06666666667,-0.1075129239,0.535042735,-2.145544185,0.1230769231,-1.892159451,0.147008547,0.235872792,0.6700854701,-2.700975658,0.05811965812,0.001785924928,0.4615384615,-0.7062578388,0.3623931624,-2.752231333,0.04786324786,-0.4248260101,0.3777777778,-0.05136071605,0.5641025641,0.4285086548,-0.005426500229,0.4321701549,-0.009088000296,True,0.2798687934,0.01066768845,0.2814129655,0.009123516408,True,0.3834035157,-0.01054430172,0.3873781287,-0.01451891475,True,0.6165905791,-0.01073981117,0.6171035242,-0.01125275626,True
5350376.02,5350376.02,2021S05075350376.02,376.02,2021,0.2291220557,0.187366167,3,0.3087121212,0.1405579399,0.371875,0.6968026461,0.6485623003,0.328125,5437.5,0.7154046997,0.6726504752,0.9344608879,0.09668029835,0.4234068556,0.317515542,0.3346578274,0.6180471975,-2.798617809,0.04615384615,0.520060431,0.7846153846,-2.705221097,0.03931623932,-1.146053601,0.3230769231,0.5317975076,0.7692307692,-2.827591561,0.04273504274,0.2219579697,0.5316239316,0.7344297548,0.7111111111,-2.545669546,0.07521367521,-0.4744563669,0.3623931624,1.221545215,0.8512820513,0.4307541498,-0.007347294243,0.4310806477,-0.00767379211,True,0.2655439881,0.0519715539,0.265235025,0.05228051704,True,0.3919539083,-0.05729608091,0.3925127067,-0.05785487934,True,0.6372371029,-0.01918990537,0.6375048883,-0.01945769076,True
5350376.04,5350376.04,2021S05075350376.04,376.04,2021,0.191509434,0.3094339623,2.7,0.4174950298,0.1461988304,0.3213367609,0.657480315,0.5298701299,0.3367609254,4435.1,0.7679558011,0.7019047619,0.8914285714,0.1538785951,0.4617069673,0.3643005263,0.4101379411,0.6106824346,-1.818062446,0.1794871795,1.766537193,0.947008547,-1.730411253,0.2136752137,-0.3049130957,0.5042735043,1.908801245,0.9555555556,-1.916029385,0.158974359,1.394298103,0.8957264957,1.661300643,0.8769230769,-1.624680356,0.2051282051,0.8658883565,0.6854700855,2.152072071,0.935042735,0.4865240352,-0.02481706793,0.4848818477,-0.02317488043,True,0.3345029386,0.02979758772,0.3367190932,0.02758143305,True,0.4391254479,-0.02898750684,0.4438365398,-0.03369859869,True,0.6894176066,-0.07873517205,0.6925407833,-0.08185834875,True
5350376.05,5350376.05,2021S05075350376.05,376.05,2021,0.1953931692,0.2446386021,3.2,0.3328290469,0.1446740859,0.0987341772,0.7316267547,0.3358585859,0.3164556962,4879.9,0.7474081056,0.6756756757,0.9491255962,0.07315826597,0.4455910777,0.3034559358,0.4075572185,0.6257600789,-2.758637134,0.05128205128,1.093089683,0.8923076923,-2.299927819,0.09914529915,-1.825053143,0.1623931624,1.387210285,0.9196581197,-2.952325323,0.0358974359,1.191025153,0.8427350427,0.5884796502,0.6820512821,-2.903016092,0.0358974359,0.6450332473,0.6495726496,1.259142883,0.8564102564,0.4416562332,0.003934844525,0.4374548336,0.008136244147,True,0.2887134184,0.01474251742,0.2855249225,0.01793101327,True,0.3962108733,0.01134634516,0.3916299767,0.01592724179,True,0.6385556626,-0.01279558362,0.6338286823,-0.008068603408,True
5350376.06,5350376.06,2021S05075350376.06,376.06,2021,0,0.9186046512,1.4,0.25,0.4516129032,0.1666666667,0.6071428571,0.9555555556,0.9761904762,195.3,0.5697674419,0.9454545455,0.9642857143,0.2148536252,0.9792530237,0.8268358397,0.9733586464,1.137564585,-1.834204497,0.1726495726,10.74491945,1,-2.889103817,0.03247863248,5.960803033,0.9965811966,11.40975125,1,-1.747964871,0.188034188,8.16150851,1,13.41347924,1,-0.1423247768,0.4752136752,5.190758188,0.9965811966,12.0568573,1,0.6342903129,0.3449627108,0.5505325448,0.4287204789,True,0.4637783397,0.3630575,0.364568441,0.4622673987,True,0.5950515147,0.3783071318,0.5098951021,0.4634635443,True,0.8948124716,0.2427521132,0.8131648938,0.324399691,True
5350376.08,5350376.08,2021S05075350376.08,376.08,2021,0.2237819983,0.2601156069,2.8,0.373553719,0.1296449216,0.1364705882,0.6845289542,0.587962963,0.7105882353,6891.2,0.7671497585,0.6555183946,0.8443514644,0.09670317029,0.5096547362,0.3734798153,0.4698705998,0.6856137935,-1.73190665,0.1965811966,1.570126494,0.9299145299,-1.724185765,0.2170940171,-0.496168482,0.4632478632,1.340831922,0.9145299145,-1.805092813,0.1743589744,1.322070494,0.8717948718,1.836343185,0.8905982906,-1.44823015,0.2461538462,0.8783246165,0.6923076923,2.208394043,0.9401709402,0.4863694629,0.02328527331,0.4869606166,0.02269411964,True,0.3256129919,0.04786682336,0.326154656,0.04732515926,True,0.4432546927,0.02661590706,0.4438612041,0.02600939564,True,0.6954634336,-0.009849640102,0.6963081928,-0.01069439934,True
5350376.09,5350376.09,2021S05075350376.09,376.09,2021,0.1776470588,0.2929411765,2.7,0.3940092166,0.1672555948,0.1656050955,0.6729088639,0.596214511,0.5350318471,5305.9,0.7418918919,0.7118644068,0.8909090909,0.1489200038,0.4904152923,0.31826411,0.4350411643,0.7179406025,-1.950995214,0.1538461538,2.191236739,0.9726495726,-1.95834881,0.1606837607,-0.06208662398,0.5623931624,2.281964785,0.9743589744,-2.02688191,0.1435897436,1.711167178,0.9333333333,2.482294535,0.935042735,-1.617056913,0.2085470085,1.027326411,0.7213675214,2.802766238,0.9692307692,0.4887725035,0.001642788828,0.4855370734,0.004878218937,True,0.3314378058,-0.01317369581,0.3339419796,-0.01567786968,True,0.4445987139,-0.009557549584,0.4489882593,-0.013947095,True,0.6989763785,0.01896422409,0.7028219173,0.01511868529,True
5350376.11,5350376.11,2021S05075350376.11,376.11,2021,0.2488687783,0.1478129713,3.2,0.296735905,0.1575757576,0.4773869347,0.6229508197,0.3512195122,0.2211055276,7042.9,0.7068965517,0.6338028169,0.8390625,0.1948894056,0.4476072971,0.2881504285,0.3784118492,0.6762596137,-2.811470622,0.04102564103,-0.5297455874,0.2820512821,-2.657847185,0.04444444444,-1.413046606,0.2632478632,-0.329868592,0.3675213675,-2.830136907,0.04102564103,-0.8019264165,0.211965812,-0.6398799299,0.3794871795,-2.655563693,0.05811965812,-1.355955748,0.2051282051,-0.06412764737,0.5555555556,0.4129476659,0.03465963121,0.4164273379,0.03117995919,True,0.2539513662,0.03419906229,0.2570619967,0.03108843178,True,0.372033301,0.006378548179,0.3749756169,0.003436232209,True,0.6097404275,0.06651918619,0.6124835065,0.0637761072,True
5350376.12,5350376.12,2021S05075350376.12,376.12,2021,0.1978346457,0.2893700787,2.7,0.4737864078,0.0974409449,0.1428571429,0.7061752988,0.5174262735,0.5264550265,5570.1,0.835016835,0.6325940212,0.7405978785,0.1947911397,0.5012368954,0.3760681935,0.4573314181,0.6703110748,-0.7402185773,0.3897435897,1.622911695,0.9316239316,-0.5544595225,0.4376068376,-0.507587897,0.4581196581,1.512932215,0.9384615385,-0.8802733895,0.3641025641,1.72709832,0.9401709402,1.388088039,0.8461538462,-0.792191025,0.3743589744,1.579883054,0.8034188034,1.718587045,0.9111111111,0.5228159359,-0.02157904051,0.5254786192,-0.02424172376,True,0.3797918214,-0.003723627974,0.382914023,-0.006845829576,True,0.4734701086,-0.01613869054,0.4787568199,-0.02142540181,True,0.7164394783,-0.04612840346,0.7170059415,-0.0466948667,True
5350376.13,5350376.13,2021S05075350376.13,376.13,2021,0.1682758621,0.324137931,2.7,0.423566879,0.1781767956,0.1283018868,0.7551622419,0.5283018868,0.5471698113,7095.9,0.7891373802,0.7413294798,0.9191919192,0.07322652254,0.5443506073,0.440919189,0.4548378327,0.7372948001,-1.96208389,0.1504273504,2.693779039,0.988034188,-1.833417483,0.1914529915,-0.2312125163,0.5299145299,2.893852299,0.988034188,-2.105176992,0.1299145299,2.335209869,0.9777777778,2.733834143,0.9521367521,-1.76719691,0.1760683761,1.661054205,0.8205128205,3.145001066,0.9811965812,0.4966779808,0.04767262647,0.4784789194,0.06587168794,True,0.3435093229,0.09740986614,0.3245705317,0.1163486573,True,0.4499198259,0.004918006783,0.4383840962,0.01645373643,True,0.7050593236,0.03223547652,0.6917054563,0.04558934377,True
5350376.14,5350376.14,2021S05075350376.14,376.14,2021,0.2143884892,0.2244604317,3.3,0.3514211886,0.1023054755,0.0900473934,0.7814285714,0.1047619048,0.0473933649,4716.1,0.7841105354,0.6574965612,0.9159779614,0.07298024637,0.3766707878,0.3045038828,0.3223130764,0.5031954042,-2.662127654,0.05641025641,0.2518405724,0.7008547009,-1.846523176,0.1897435897,-2.904779835,0.03760683761,0.6877659761,0.8188034188,-2.947525709,0.03760683761,0.9031557619,0.7623931624,-0.9719069284,0.2974358974,-3.266391634,0.02051282051,0.6146293909,0.6358974359,-0.1567322454,0.5213675214,0.4312187298,-0.054547942,0.4228069804,-0.04613619258,True,0.2900280594,0.01447582346,0.2875456279,0.01695825488,True,0.3822417367,-0.05992866034,0.3799234625,-0.05761038612,True,0.6107311579,-0.1075357537,0.6087372346,-0.1055418304,True
5350376.15,5350376.15,2021S05075350376.15,376.15,2021,0.1657303371,0.3988764045,2.4,0.5030674847,0.1802816901,0.142384106,0.7142857143,0.7541528239,0.7715231788,3898.8,0.8887171561,0.752433936,0.8857938719,0.2312168721,0.4733917423,0.3058966663,0.3829540424,0.7313245183,-0.8105682694,0.3777777778,3.53111363,0.9931623932,-0.9636941281,0.3452991453,1.032500945,0.758974359,3.477493544,0.9931623932,-0.8925013543,0.3623931624,2.969825712,0.9914529915,3.885244904,0.9829059829,-0.4068403219,0.4393162393,2.350605148,0.9179487179,3.988976654,0.9897435897,0.5518205858,-0.07842884349,0.5526254912,-0.07923374893,True,0.4011678249,-0.09527115862,0.4011177213,-0.09522105507,True,0.5031930465,-0.1202390041,0.5042875979,-0.1213335555,True,0.7626075595,-0.03128304124,0.763858481,-0.03253396272,True
5350376.16,5350376.16,2021S05075350376.16,376.16,2021,0.231884058,0.2619843924,2.3,0.4514563107,0.1933174224,0.7336956522,0.510230179,0.9756097561,0.3695652174,16515.7,0.6280991736,0.6,0.8262967431,0.2530953996,0.5129824734,0.4422358799,0.4273950343,0.669316506,-1.329935667,0.2854700855,1.48584306,0.9247863248,-2.125156967,0.1264957265,2.337182087,0.8632478632,1.579124306,0.9435897436,-1.08944134,0.3230769231,-0.08746882002,0.4188034188,3.058144627,0.9641025641,-0.199329476,0.464957265,-1.063701478,0.2307692308,2.764625467,0.9675213675,0.4993965935,0.01358587994,0.5011988832,0.01178359024,True,0.3362852511,0.1059506288,0.3347302707,0.1075056092,True,0.4615013576,-0.03410632327,0.4618608752,-0.03446584086,True,0.7192312632,-0.04991475724,0.7232137596,-0.05389725365,True
5350377.02,5350377.02,2021S05075350377.02,377.02,2021,0.2275862069,0.2298850575,3.1,0.372246696,0.1173762946,0.1948529412,0.7130952381,0.1841155235,0.0147058824,2285.4,0.7978436658,0.5931034483,0.8218390805,0.0144058058,0.4123829425,0.3539568996,0.3554089483,0.5277829798,-2.083072701,0.1264957265,0.1691605749,0.6717948718,-1.385715074,0.2717948718,-2.453440942,0.07008547009,0.4975585212,0.758974359,-2.345280845,0.09401709402,0.6915412804,0.6888888889,-1.091514947,0.2598290598,-2.606810529,0.06837606838,0.6359563774,0.6461538462,-0.1649829935,0.5162393162,0.4506247977,-0.03824185518,0.4504507815,-0.03806783905,True,0.3120684641,0.04188843546,0.3120115217,0.04194537784,True,0.3986053077,-0.0431963594,0.3986251338,-0.04321618549,True,0.630492693,-0.1027097132,0.6320383338,-0.104255354,True
5350377.03,5350377.03,2021S05075350377.03,377.03,2021,0.2309124767,0.2234636872,3.2,0.4028268551,0.1044776119,0.1686746988,0.7914230019,0.1547619048,0.1084337349,4125.5,0.8191721133,0.6223908918,0.8288973384,5.913413893e-05,0.4576204327,0.350522075,0.4126999229,0.6096393002,-2.144782456,0.1162393162,0.2404390106,0.6957264957,-1.375348989,0.2752136752,-2.706675306,0.04786324786,0.5354162122,0.7726495726,-2.435252989,0.08547008547,0.885256613,0.758974359,-1.08322477,0.264957265,-2.74045553,0.05128205128,0.8552844082,0.6837606838,-0.1154927126,0.5418803419,0.4495888126,0.008031620073,0.4490299615,0.008590471156,True,0.3107581354,0.03976393963,0.3095829051,0.04093916995,True,0.3976482545,0.01505166842,0.3982940819,0.01440584107,True,0.6293528797,-0.0197135795,0.6307294067,-0.02109010651,True
5350377.04,5350377.04,2021S05075350377.04,377.04,2021,0.231261426,0.2065813528,3.3,0.2692307692,0.1108058608,0.1201201201,0.7354596623,0.2145015106,0.0930930931,6188.2,0.7707212056,0.6869328494,0.9328493648,0.03188201776,0.4764617461,0.3560294942,0.4114981957,0.6618575485,-3.072645256,0.02564102564,0.1054454106,0.6461538462,-2.395650854,0.08717948718,-2.813928826,0.04273504274,0.4001419361,0.7179487179,-3.296367513,0.0188034188,0.5730842178,0.652991453,-0.7750467533,0.347008547,-3.473499243,0.01538461538,0.1220608511,0.5042735043,0.0006728645186,0.5811965812,0.4140736232,0.06238812287,0.4127245062,0.06373723993,True,0.2626451776,0.09338431662,0.2616536655,0.09437582876,True,0.3693434079,0.04215478786,0.3687611558,0.04273703993,True,0.6013533241,0.06050422438,0.6009098947,0.06094765375,True
5350377.06,5350377.06,2021S05075350377.06,377.06,2021,0.2302052786,0.2008797654,3.6,0.2441558442,0.137829912,0.1111111111,0.7543035994,0.0989583333,0.0846560847,6660.2,0.6944444444,0.6827067669,0.9759036145,0.06459607512,0.4315087357,0.3447260301,0.3513347026,0.5984654746,-3.77791033,0.003418803419,0.01606944634,0.5897435897,-3.058519952,0.02393162393,-3.021963806,0.02905982906,0.5366481912,0.7743589744,-3.999925109,0.001709401709,0.3831892518,0.5794871795,-0.8061159751,0.3401709402,-4.152359456,0.003418803419,-0.3118620556,0.4034188034,-0.06131015914,0.5572649573,0.387297288,0.04421144767,0.3877140277,0.043794708,True,0.2330927708,0.1116332592,0.2330518975,0.1116741326,True,0.344784667,0.006550035513,0.3451812855,0.006153417053,True,0.5759456135,0.02251986104,0.5790916156,0.01937385895,True
5350377.07,5350377.07,2021S05075350377.07,377.07,2021,0.2052689352,0.2524698134,3.3,0.2790697674,0.132231405,0.1307692308,0.6953405018,0.1411764706,0.0230769231,5958.7,0.6658031088,0.6494252874,0.9298850575,0.0645894528,0.4827438117,0.3519479377,0.4240183457,0.6722651517,-3.161189149,0.02051282051,0.6082826251,0.8068376068,-2.545952779,0.05128205128,-2.322882265,0.08034188034,1.138909806,0.9008547009,-3.377735691,0.01538461538,0.8373994927,0.735042735,-0.1318381238,0.5162393162,-3.468190821,0.01709401709,0.2032167113,0.5196581197,0.5228339016,0.7299145299,0.4192054611,0.06353835059,0.4172887425,0.06545506921,True,0.2700541163,0.08189382142,0.2704786548,0.08146928289,True,0.3739610649,0.05005728083,0.372239746,0.05177859968,True,0.6085020472,0.06376310451,0.6077321522,0.06453299948,True
5350377.08,5350377.08,2021S05075350377.08,377.08,2021,0.2166836216,0.2217700916,2.9,0.3666666667,0.1306122449,0.1988304094,0.7251282051,0.4041916168,0.3099415205,3873.2,0.8110709988,0.6453546454,0.8521478521,0.01071625984,0.3748550648,0.2759809294,0.3261387251,0.5224455398,-2.036572216,0.1367521368,0.7817053227,0.8444444444,-1.628706852,0.2358974359,-1.68540944,0.1846153846,0.8492082497,0.8666666667,-2.218661456,0.1162393162,0.9654155964,0.7811965812,0.1718178876,0.5948717949,-2.207445175,0.1111111111,0.746656811,0.6598290598,0.9487046782,0.8102564103,0.4624136578,-0.08755859295,0.4637897356,-0.0889346708,True,0.3127556458,-0.03677471637,0.3141312655,-0.03815033602,True,0.4144822856,-0.08834356054,0.4169539951,-0.09081527004,True,0.6566522315,-0.1342066918,0.6578315627,-0.135386023,True
5350377.09,5350377.09,2021S05075350377.09,377.09,2021,0.4069028156,0.0917347866,2,0.5146276596,0.1727272727,0.4154411765,0.2992125984,0.9616087751,0.9742647059,7052.6,0.6276150628,0.5838739574,0.9017608897,0.1389656629,0.4648404433,0.3350849986,0.3188044931,0.7406318381,-1.291944992,0.2905982906,-0.5868974267,0.2495726496,-2.466519257,0.06837606838,1.970417433,0.8427350427,-1.376568199,0.06495726496,-0.9768860437,0.3435897436,-2.491704166,0.06153846154,1.098351461,0.7897435897,0.3536323269,0.5777777778,-2.590268073,0.08717948718,1.537175544,0.8905982906,0.4665125563,-0.001672112992,0.47230779,-0.007467346682,True,0.2790292204,0.05605577818,0.2687734168,0.06631158176,True,0.427740751,-0.1089362579,0.4266336978,-0.1078292047,True,0.7055225045,0.0351093336,0.7036974408,0.03693439728,True
5350378.02,5350378.02,2021S05075350378.02,378.02,2021,0.2857142857,0.1966386555,3.3,0.3429487179,0.1077441077,0.3715846995,0.6823529412,0.4555555556,0.0163934426,2806.1,0.7068273092,0.5739837398,0.8617886179,0.05845482673,0.4077893414,0.3310521488,0.3382920066,0.554023869,-2.642852097,0.06153846154,-0.5053086795,0.2888888889,-2.224938855,0.1094017094,-2.150818258,0.105982906,-0.3448250219,0.3623931624,-2.763994366,0.05299145299,-0.3393548957,0.3145299145,-1.10878988,0.2564102564,-2.809041684,0.04273504274,-0.6772386561,0.3162393162,-0.386463446,0.4478632479,0.4194001926,-0.01161085122,0.4236289875,-0.01583964612,True,0.2664002012,0.06465194752,0.2680762772,0.06297587158,True,0.3751803044,-0.03688829778,0.3786430868,-0.04035108025,True,0.6083520057,-0.0543281367,0.610608602,-0.05658473302,True
5350378.03,5350378.03,2021S05075350378.03,378.03,2021,0.2844556325,0.1516677155,3,0.3410087719,0.0962869729,0.2216014898,0.6329612607,0.3500931099,0.5232774674,3616,0.8040693293,0.5978602895,0.8892385148,0.1322219239,0.40618074,0.2746084391,0.3632680746,0.5806657062,-2.05109414,0.1333333333,-0.5733302627,0.2564102564,-1.816766653,0.1948717949,-1.854881021,0.1572649573,-0.8402324932,0.1538461538,-2.142376921,0.1230769231,-0.4465223018,0.2820512821,-0.9834394399,0.2905982906,-2.042025863,0.1333333333,-0.4965120075,0.3555555556,-0.2267952495,0.4905982906,0.4395041427,-0.03332340269,0.4397914677,-0.03361072766,True,0.2807024544,-0.00609401532,0.2809184474,-0.006310008255,True,0.3949499703,-0.03168189571,0.3956961021,-0.03242802748,True,0.6349317534,-0.05426604722,0.6356850073,-0.05501930114,True
5350378.04,5350378.04,2021S05075350378.04,378.04,2021,0.2586062133,0.1511335013,3.4,0.345971564,0.1084945332,0.2997118156,0.6959578207,0.386167147,0.2737752161,4657.2,0.837459634,0.5868661679,0.9144518272,0.1312570043,0.3874373209,0.2610869707,0.3541812757,0.5470437165,-2.393426481,0.09230769231,-0.7201362437,0.1743589744,-1.926224991,0.1658119658,-2.384430427,0.07692307692,-0.6718241546,0.2051282051,-2.537111488,0.0735042735,-0.3976584042,0.294017094,-1.511965601,0.1606837607,-2.641041586,0.06495726496,-0.529838063,0.3367521368,-0.6687930837,0.3521367521,0.4247982241,-0.03736090317,0.4234983891,-0.03606106819,True,0.2733014201,-0.01221444941,0.2714529044,-0.01036593374,True,0.3789441699,-0.0247628942,0.3789881797,-0.02480690406,True,0.6115420926,-0.06449837609,0.6116278673,-0.06458415086,True
5350378.05,5350378.05,2021S05075350378.05,378.05,2021,0.2432778489,0.171574904,3.3,0.2623762376,0.0845070423,0.3670886076,0.8174273859,0.179916318,0.0843881857,5367,0.846031746,0.5976095618,0.828685259,0.2142788206,0.3859766302,0.2346818869,0.3592835216,0.563964482,-2.366948892,0.09743589744,-0.746950827,0.1623931624,-1.649933381,0.2307692308,-2.939729894,0.03418803419,-0.5800405356,0.2512820513,-2.533661756,0.07521367521,0.09433016724,0.4974358974,-1.651880186,0.1247863248,-2.977367757,0.03076923077,-0.2942818904,0.4068376068,-1.230729281,0.1401709402,0.4253049974,-0.03932836716,0.4315469233,-0.04557029306,True,0.281820047,-0.04713816005,0.281940417,-0.04725853014,True,0.3827626709,-0.02347914926,0.3862866398,-0.02700311821,True,0.5973260265,-0.03336154451,0.5962832115,-0.03231872953,True
5350378.06,5350378.06,2021S05075350378.06,378.06,2021,0.2714657415,0.1474414571,3.5,0.2943037975,0.0844212359,0.2256097561,0.6986425339,0.3597560976,0.2652439024,3234.2,0.8247863248,0.6222802437,0.9225413403,0.07777568466,0.4049674086,0.2527314977,0.3824078602,0.5797628677,-2.777578452,0.04957264957,-0.8838272791,0.1179487179,-2.202870902,0.1145299145,-2.985891599,0.03076923077,-0.9465706187,0.1333333333,-2.95338572,0.03418803419,-0.3872052949,0.2957264957,-1.792320325,0.1008547009,-3.104874809,0.02564102564,-0.5082145459,0.3521367521,-0.8170498779,0.2871794872,0.4083131475,-0.003345738889,0.4050126303,-4.522169169e-05,True,0.2520049975,0.0007265001823,0.2503405114,0.002390986285,True,0.3636865565,0.01872130371,0.3605805289,0.02182733134,True,0.5962057772,-0.01644290945,0.5933062651,-0.01354339741,True
5350378.07,5350378.07,2021S05075350378.07,378.07,2021,0.2301943199,0.2286995516,2.9,0.3464235624,0.1140418929,0.2853881279,0.7054963084,0.5795454545,0.3858447489,2386.7,0.7665198238,0.6577287066,0.8967691095,0.1434725748,0.4716308565,0.3444036773,0.4320659845,0.6384229078,-2.168968228,0.1111111111,0.7442303206,0.8324786325,-1.983492764,0.1555555556,-1.21496996,0.3025641026,0.6497489624,0.8068376068,-2.24893738,0.1111111111,0.710177173,0.6991452991,0.682533412,0.6991452991,-2.089706783,0.1230769231,0.222589186,0.5282051282,1.14892289,0.8461538462,0.4570451011,0.01458575536,0.4577872438,0.01384361269,True,0.2985728895,0.04583078779,0.2984067407,0.04599693657,True,0.4147788421,0.01728714247,0.4159062846,0.01615969996,True,0.6571276039,-0.01870469609,0.6581636221,-0.01974071429,True
5350378.08,5350378.08,2021S05075350378.08,378.08,2021,0.2342629482,0.2215139442,3.1,0.2911010558,0.1157222666,0.2807881773,0.7066219614,0.4083129584,0.2044334975,7084.8,0.7814569536,0.6599353796,0.9322033898,0.08564388268,0.4631022025,0.2764422746,0.4267107143,0.6861536186,-2.623355258,0.06324786325,0.3297081817,0.7316239316,-2.232885832,0.105982906,-1.87953104,0.1504273504,0.4581178539,0.7418803419,-2.751469145,0.0547008547,0.4809487455,0.6205128205,-0.08945849115,0.5282051282,-2.74632137,0.04957264957,-0.03889876363,0.4735042735,0.4773125314,0.7162393162,0.4338961602,0.02920604227,0.4286882533,0.03441394915,True,0.2790141065,-0.002571831963,0.2750168356,0.001425438986,True,0.3908807244,0.0358299899,0.3902347502,0.03647596417,True,0.626968989,0.05918462966,0.6254752914,0.06067832719,True
5350378.11,5350378.11,2021S05075350378.11,378.11,2021,0.2670807453,0.1437444543,3.3,0.3572593801,0.1039076377,0.2622478386,0.7000946074,0.2968299712,0.4034582133,5872,0.7940199336,0.6043165468,0.9216921692,0.1249555222,0.4198704972,0.2582380357,0.3657098234,0.6356636324,-2.476442316,0.08205128205,-0.647355799,0.211965812,-2.08060692,0.1333333333,-2.26563194,0.09230769231,-0.6602048788,0.211965812,-2.608226518,0.07008547009,-0.4313985348,0.2905982906,-1.274321701,0.2102564103,-2.615796455,0.06666666667,-0.5754168268,0.3282051282,-0.4368126334,0.4376068376,0.4230227536,-0.003152256402,0.4219393105,-0.002068813336,True,0.2676519646,-0.009413928955,0.265762977,-0.007524941327,True,0.3780745826,-0.0123647592,0.3780636255,-0.01235380209,True,0.6145598034,0.02110382907,0.6148614633,0.02080216916,True
5350378.12,5350378.12,2021S05075350378.12,378.12,2021,0.2518867925,0.1905660377,2.8,0.3180147059,0.1632075472,0.4788359788,0.6702230844,0.5984042553,0.2777777778,6761.1,0.8217237308,0.597976081,0.867525299,0.2138652196,0.4562332992,0.2977916211,0.4401288136,0.6307794629,-1.923368566,0.1606837607,0.1032770311,0.641025641,-1.888856538,0.1811965812,-0.6822005747,0.4273504274,0.1590205897,0.6222222222,-1.903991709,0.1606837607,-0.111600656,0.4068376068,0.2481538502,0.6102564103,-1.745046957,0.1794871795,-0.7149680632,0.2974358974,0.4123021983,0.6923076923,0.4552652232,0.0009680760415,0.4562611754,-2.787620114e-05,True,0.3011135796,-0.003321958546,0.3015462583,-0.00375463726,True,0.4147580371,0.0253707765,0.4155533549,0.02457545867,True,0.6490617988,-0.01828233596,0.6513590119,-0.02057954904,True
5350378.14,5350378.14,2021S05075350378.14,378.14,2021,0.2375168691,0.1808367072,3.3,0.3524590164,0.1214574899,0.4469026549,0.6603773585,0.4342105263,0.2300884956,3989.9,0.7237936772,0.653259362,0.9168975069,0.03198987902,0.472883847,0.3141900684,0.458589419,0.6458720537,-2.915135054,0.03418803419,-0.1286999996,0.5196581197,-2.604617379,0.04786324786,-1.922604757,0.1418803419,-0.05200388972,0.5162393162,-3.037567879,0.02905982906,-0.2693941881,0.3435897436,-0.6882549699,0.3675213675,-2.880411194,0.03931623932,-0.5474622998,0.3316239316,0.4135581448,0.694017094,0.4158552399,0.05702860708,0.4139608979,0.05892294913,True,0.2554012587,0.05878880976,0.2533215671,0.06086850139,True,0.3701610435,0.0884283754,0.3682325065,0.09035691243,True,0.6169934799,0.02887857374,0.6154727246,0.03039932904,True
5350378.16,5350378.16,2021S05075350378.16,378.16,2021,0.2370500439,0.2063213345,3,0.2972536349,0.1152154793,0.1675531915,0.7407071623,0.579787234,0.4627659574,8924.9,0.8464773922,0.6515283843,0.9668122271,0.04430269283,0.4645785213,0.300940808,0.4338892547,0.6589055012,-2.310630826,0.1008547009,0.6512567468,0.8170940171,-2.02669312,0.1435897436,-1.624902236,0.1982905983,0.5415105785,0.7811965812,-2.420073648,0.08717948718,0.8008200503,0.7213675214,0.5167815425,0.6666666667,-2.329902062,0.09914529915,0.3263776582,0.5504273504,0.976317644,0.8153846154,0.4504271537,0.01415136758,0.4552106942,0.009367827051,True,0.2915594231,0.00938138483,0.2961157667,0.004825041283,True,0.4089682166,0.0249210381,0.4173492771,0.01653997766,True,0.6490083769,0.009897124355,0.6538952223,0.005010278921,True
5350378.17,5350378.17,2021S05075350378.17,378.17,2021,0.2664624809,0.1439509954,3.5,0.2781065089,0.1087289433,0.3243243243,0.7770597738,0.1358695652,0.0756756757,6888.2,0.8742746615,0.5448916409,0.8837209302,0.04528256065,0.3997836993,0.2532656233,0.3547461823,0.5913392921,-2.589514314,0.06495726496,-1.171800813,0.06666666667,-1.784451728,0.2,-3.361741267,0.01025641026,-0.9327396613,0.1384615385,-2.812679025,0.04786324786,-0.3640962041,0.3042735043,-2.49565877,0.0188034188,-3.243191663,0.02222222222,-0.4645501412,0.3658119658,-1.612988467,0.04615384615,0.410301435,-0.01051773569,0.407359328,-0.007575628652,True,0.267428909,-0.01416328566,0.2645249125,-0.01125928918,True,0.3632908768,-0.00854469453,0.3574247715,-0.002678589167,True,0.5831529816,0.008186310567,0.5787614296,0.01257786252,True
5350378.18,5350378.18,2021S05075350378.18,378.18,2021,0.164410058,0.2669245648,2.4,0.2480620155,0.2630560928,0.2283105023,0.688,0.9074074074,0.9086757991,28459.8,0.8065268065,0.6873822976,0.9548022599,0.1290666645,0.5122155385,0.2624338885,0.522392025,0.7518207021,-1.897906617,0.1641025641,3.086386788,0.9897435897,-2.510390153,0.05811965812,1.941717627,0.8393162393,3.200855647,0.9897435897,-1.730223671,0.1931623932,1.87783911,0.9572649573,5.051141275,0.9948717949,-0.8972984867,0.3623931624,0.3694895532,0.5675213675,4.272597108,0.9931623932,0.5054670421,0.006748496441,0.5058441808,0.006371357729,True,0.3368931146,-0.07445922612,0.3439855587,-0.08155167017,True,0.4743877895,0.04800423551,0.4659908305,0.05640119454,True,0.7309689717,0.02085173041,0.7377898666,0.01403083549,True
5350378.19,5350378.19,2021S05075350378.19,378.19,2021,0.2255717256,0.2027027027,3.5,0.2533589251,0.1050988554,0.0722021661,0.7874865156,0.1083032491,0.0144404332,1067.9,0.7922403004,0.6424116424,0.9646569647,0.1292721117,0.4283665209,0.3142130541,0.403728372,0.5671581367,-3.1542637,0.02222222222,-0.2413291897,0.4615384615,-2.246444997,0.1008547009,-3.486763775,0.008547008547,0.168496983,0.6256410256,-3.425648537,0.01367521368,0.6026623249,0.6632478632,-1.472286424,0.1726495726,-3.847231444,0.008547008547,0.1451470605,0.5111111111,-0.7588603158,0.305982906,0.4054161819,0.02295033903,0.4030930711,0.02527344985,True,0.2602144989,0.05399855514,0.26084411,0.05336894411,True,0.3604167849,0.04331158712,0.3598886586,0.04383971335,True,0.581508409,-0.0143502723,0.5823538806,-0.01519574395,True
5350378.20,5350378.20,2021S05075350378.20,378.2,2021,0.1770833333,0.3151041667,2.5,0.3081081081,0.2193211488,0.1390728477,0.6890756303,0.9934210526,0.9867549669,17516,0.8023952096,0.7804878049,0.9159891599,0.06447731768,0.5489280304,0.2826263612,0.5528969234,0.8112608065,-1.950808503,0.1555555556,3.479168031,0.9914529915,-2.455101068,0.07179487179,1.428704658,0.8017094017,3.273472284,0.9914529915,-1.87481539,0.1641025641,2.412835274,0.9811965812,5.036968469,0.9931623932,-1.017435518,0.3384615385,1.212899539,0.7606837607,4.799807587,0.9948717949,0.5100590478,0.03886898256,0.5046945736,0.04423345682,True,0.3357100632,-0.05308370203,0.3298990783,-0.0472727171,True,0.4747985022,0.07809842128,0.4718077743,0.08108914916,True,0.7422828637,0.06897794287,0.7329149778,0.07834582878,True
5350378.21,5350378.21,2021S05075350378.21,378.21,2021,0.2309820194,0.2047026279,3.5,0.2903225806,0.1011080332,0.0724637681,0.7157584683,0.0579710145,0.0193236715,5146.8,0.7283333333,0.6690042076,0.9340813464,0.06428430553,0.4871183929,0.373522965,0.43408459,0.6537476236,-3.241173631,0.01367521368,-0.1955369052,0.4854700855,-2.43761877,0.07521367521,-3.205630069,0.01538461538,0.2421061105,0.6769230769,-3.508904548,0.01025641026,0.3666996505,0.5760683761,-1.371826046,0.1897435897,-3.767354884,0.01025641026,0.004172701177,0.4854700855,-0.4596356961,0.4290598291,0.4030551085,0.08406328437,0.3995140249,0.08760436799,True,0.2551962958,0.1183266692,0.2536852142,0.1198377508,True,0.3562175672,0.07786702285,0.3505996459,0.0834849441,True,0.5859642807,0.06778334289,0.5835965656,0.07015105802,True
5350378.22,5350378.22,2021S05075350378.22,378.22,2021,0.2118780096,0.2359550562,3.6,0.2849002849,0.1189710611,0.0685714286,0.7582236842,0.0747126437,0,5852.3,0.7773584906,0.6962025316,0.9651347068,0.06448545847,0.3535173385,0.2998143686,0.2792293879,0.4815082589,-3.333182897,0.01025641026,0.2242894987,0.6888888889,-2.450803088,0.0735042735,-3.234878629,0.01367521368,0.7798061376,0.8478632479,-3.630567525,0.005128205128,0.8399413903,0.7367521368,-1.064999804,0.2717948718,-3.939890445,0.006837606838,0.3658638915,0.5658119658,-0.1760985831,0.5076923077,0.4066910886,-0.05317375007,0.4065305681,-0.05301322962,True,0.2614044962,0.03840987248,0.2601856884,0.03962868029,True,0.3591049151,-0.07987552721,0.3605900045,-0.0813606166,True,0.5878901069,-0.106381848,0.5897913594,-0.1082831005,True
5350378.23,5350378.23,2021S05075350378.23,378.23,2021,0.20703125,0.2682291667,3,0.4081145585,0.0939947781,0.138996139,0.7321899736,0.3671875,0.2857142857,2507.5,0.7868852459,0.6828025478,0.9031847134,0.1236399046,0.3890389017,0.2964821833,0.3470737029,0.5235608189,-2.042688255,0.135042735,1.042071367,0.8854700855,-1.575479227,0.2427350427,-1.739976709,0.1760683761,1.156201872,0.9042735043,-2.250962501,0.1094017094,1.30403009,0.8632478632,0.3508239917,0.6324786325,-2.280711134,0.1042735043,1.021055154,0.7196581197,1.046411329,0.8273504274,0.4664961585,-0.07745725676,0.469398052,-0.08035915035,True,0.318662995,-0.02218081178,0.321652498,-0.02517031476,True,0.4180048299,-0.07093112702,0.4209138522,-0.0738401493,True,0.6584451487,-0.1348843298,0.6611583648,-0.1375975459,True
5350378.24,5350378.24,2021S05075350378.24,378.24,2021,0.1975945017,0.3170103093,2.6,0.3563636364,0.1751563896,0.1705607477,0.742935278,0.5694117647,0.5280373832,2316,0.7952755906,0.7283950617,0.9611650485,0.2268058254,0.4889676523,0.3426319865,0.4212870869,0.7029838836,-2.036192138,0.1384615385,2.23261663,0.9760683761,-1.982568249,0.1572649573,-0.212493767,0.5367521368,2.329001253,0.9760683761,-2.101434038,0.1333333333,1.932780969,0.9606837607,2.535785491,0.9435897436,-1.796854039,0.1709401709,1.033551245,0.7247863248,2.57865902,0.958974359,0.4863999762,0.002567676116,0.4882404327,0.000727219597,True,0.3296307811,0.01300120538,0.3300559032,0.01257608326,True,0.4447319883,-0.02344490138,0.4463763107,-0.02508922378,True,0.6910447971,0.01193908653,0.6926451344,0.01033874921,True
5350378.25,5350378.25,2021S05075350378.25,378.25,2021,0.2508207485,0.1293499672,4.1,0.3014888337,0.0558108995,0.1226158038,0.8082575227,0.0750670241,0.0245231608,1610.7,0.8375420875,0.6117021277,0.9886968085,0.03606808882,0.5130456507,0.3566009509,0.4881060021,0.6944299991,-3.4733387,0.008547008547,-1.470134964,0.04102564103,-2.314901228,0.09401709402,-4.790819339,0.001709401709,-1.18888215,0.09230769231,-3.829241755,0.003418803419,-0.3087117176,0.3299145299,-3.408673023,0.003418803419,-4.412291579,0.001709401709,-0.2567509475,0.411965812,-1.996755874,0.01196581197,0.3736672191,0.1393784316,0.3676701263,0.1453755244,True,0.2276761168,0.1289248341,0.2215565228,0.1350444281,True,0.3246556508,0.1634503513,0.3162829837,0.1718230183,True,0.5459555206,0.1484744785,0.535339729,0.1590902701,True
5350378.26,5350378.26,2021S05075350378.26,378.26,2021,0.2682425488,0.1377183967,4,0.3223443223,0.0483042138,0.1129032258,0.7652631579,0.0205761317,0.0362903226,2991.9,0.8727735369,0.625,0.9717741935,0.02739089611,0.4302222769,0.2312184301,0.4927644315,0.5666839691,-3.198255997,0.0188034188,-1.586703191,0.02905982906,-2.063992084,0.1367521368,-4.699478365,0.003418803419,-1.360053669,0.07008547009,-3.560299241,0.008547008547,-0.4398312287,0.2871794872,-3.655206243,0.001709401709,-4.130213983,0.005128205128,-0.2268337186,0.4170940171,-2.162862824,0.006837606838,0.3816091244,0.04861315252,0.3777404881,0.05248178879,True,0.2374068272,-0.006188397129,0.2354472154,-0.004228785325,True,0.3302056659,0.1625587656,0.3223543958,0.1704100357,True,0.5527040249,0.0139799442,0.5529563867,0.01372758238,True
5350378.27,5350378.27,2021S05075350378.27,378.27,2021,0.254954955,0.1189189189,3.6,0.3285486443,0.0496838302,0.1639344262,0.7729422895,0.1241830065,0.1836065574,278.6,0.8573059361,0.6037906137,0.9494128275,0.01437303104,0.5187937534,0.3155455421,0.4676008505,0.7732348677,-2.806100331,0.04273504274,-1.309123377,0.04957264957,-1.859084102,0.1863247863,-4.148707174,0.005128205128,-1.308344989,0.07692307692,-3.115339301,0.02222222222,-0.3092904679,0.3264957265,-3.001113731,0.006837606838,-3.557351844,0.01196581197,-0.06784459587,0.4632478632,-1.599165422,0.04957264957,0.400263041,0.1185307124,0.3950839972,0.1237097562,True,0.2521316981,0.06341384399,0.2486191961,0.06692634593,True,0.350455733,0.1171451174,0.3468307407,0.1207701098,True,0.5780423083,0.1951925593,0.5732985958,0.1999362719,True
5350378.28,5350378.28,2021S05075350378.28,378.28,2021,0.2496402878,0.1920863309,3.6,0.2606896552,0.0722021661,0.207253886,0.7758224943,0.2357512953,0.0621761658,3117.9,0.8708260105,0.5898916968,0.9451263538,0.03225373646,0.4461518698,0.2828718921,0.398900985,0.6566827324,-2.77974068,0.04786324786,-0.6969983611,0.188034188,-1.873734964,0.1829059829,-3.692727549,0.006837606838,-0.5617560338,0.2564102564,-3.055298818,0.02564102564,0.262707769,0.5367521368,-2.138015784,0.04957264957,-3.512830401,0.01367521368,0.1344175385,0.5094017094,-1.161435146,0.1641025641,0.411322464,0.03482940576,0.4089619502,0.03718991958,True,0.2653621498,0.01750974231,0.2642750369,0.0185968552,True,0.364153685,0.03474729999,0.3629214973,0.03597948762,True,0.5866090001,0.07007373231,0.5851521758,0.07153055657,True
5350802.01,5350802.01,2021S05075350802.01,802.01,2021,0.195516812,0.199252802,3,0.4507389163,0.0494923858,0.0501930502,0.815468114,0.0536398467,0.027027027,1844.8,0.8757668712,0.4402597403,0.5961038961,0.01714059484,0.5568565737,0.4305952132,0.4968636473,0.7431108607,-0.4969904715,0.4239316239,-0.07971008007,0.5435897436,0.5402074425,0.6102564103,-3.090914083,0.02393162393,0.1142514712,0.5914529915,-0.8785234418,0.3675213675,1.316311865,0.864957265,-1.93139213,0.07521367521,-1.621353687,0.2068376068,1.88688312,0.8461538462,-1.080241415,0.188034188,0.5034095652,0.05344700845,0.4986368862,0.05821968751,True,0.386982077,0.04361313616,0.3898761389,0.04071907423,True,0.4454191307,0.05144451656,0.4498406155,0.04702303182,True,0.6619126434,0.08119821726,0.6667875537,0.07632330692,True
5350802.02,5350802.02,2021S05075350802.02,802.02,2021,0.191627907,0.208372093,3,0.548951049,0.04,0.0831024931,0.7669531996,0.05,0.0304709141,2380.6,0.9601366743,0.3388278388,0.4527956004,0.01521556224,0.5566076526,0.5045564302,0.5166784697,0.6485880579,0.7141744593,0.6170940171,-0.2443736756,0.4581196581,1.782500653,0.7931623932,-2.831436201,0.03931623932,-0.09987657871,0.494017094,0.2903401512,0.547008547,1.301047636,0.8615384615,-2.533927358,0.01709401709,-0.5732196586,0.4170940171,2.400043653,0.9264957265,-1.515288922,0.06837606838,0.5441364236,0.01247122898,0.5399819112,0.01662574136,True,0.4417459523,0.06281047788,0.4458676232,0.05868880699,True,0.478281411,0.0383970587,0.4820909892,0.03458748058,True,0.6932711846,-0.04468312666,0.6998603878,-0.05127232987,True
